timestamp,success,tx,ty,tz,qx,qy,qz,qw,track_count,pnp_point_count,pnp_inlier_count,reprojection_error_mean,reprojection_error_median,message
956.635582864,1,0.000000000,0.000000000,0.000000000,0.000000000,0.000000000,0.000000000,1.000000000,0,0,0,nan,nan,initialized
956.642582864,0,0.000000000,0.000000000,0.000000000,0.000000000,0.000000000,0.000000000,1.000000000,9,8,0,nan,nan,not enough PnP correspondences
956.649582864,0,0.000000000,0.000000000,0.000000000,0.000000000,0.000000000,0.000000000,1.000000000,9,7,0,nan,nan,not enough PnP correspondences
956.656582864,0,0.000000000,0.000000000,0.000000000,0.000000000,0.000000000,0.000000000,1.000000000,10,5,0,nan,nan,not enough PnP correspondences
956.663582864,0,0.000000000,0.000000000,0.000000000,0.000000000,0.000000000,0.000000000,1.000000000,9,6,0,nan,nan,not enough PnP correspondences
956.670582864,0,0.000000000,0.000000000,0.000000000,0.000000000,0.000000000,0.000000000,1.000000000,9,6,0,nan,nan,not enough PnP correspondences
956.677582864,0,0.000000000,0.000000000,0.000000000,0.000000000,0.000000000,0.000000000,1.000000000,10,7,0,nan,nan,not enough PnP correspondences
956.684582864,0,0.000000000,0.000000000,0.000000000,0.000000000,0.000000000,0.000000000,1.000000000,9,9,0,nan,nan,not enough PnP correspondences
956.691582864,0,0.000000000,0.000000000,0.000000000,0.000000000,0.000000000,0.000000000,1.000000000,8,5,0,nan,nan,not enough PnP correspondences
956.698582864,0,0.000000000,0.000000000,0.000000000,0.000000000,0.000000000,0.000000000,1.000000000,9,8,0,nan,nan,not enough PnP correspondences
956.705582864,0,0.000000000,0.000000000,0.000000000,0.000000000,0.000000000,0.000000000,1.000000000,10,7,0,nan,nan,not enough PnP correspondences
956.712582864,0,0.000000000,0.000000000,0.000000000,0.000000000,0.000000000,0.000000000,1.000000000,6,5,0,nan,nan,not enough PnP correspondences
956.719582864,0,0.000000000,0.000000000,0.000000000,0.000000000,0.000000000,0.000000000,1.000000000,10,8,0,nan,nan,not enough PnP correspondences
956.726582864,0,0.000000000,0.000000000,0.000000000,0.000000000,0.000000000,0.000000000,1.000000000,11,4,0,nan,nan,not enough PnP correspondences
956.733582864,0,0.000000000,0.000000000,0.000000000,0.000000000,0.000000000,0.000000000,1.000000000,8,6,0,nan,nan,not enough PnP correspondences
956.740582864,0,0.000000000,0.000000000,0.000000000,0.000000000,0.000000000,0.000000000,1.000000000,8,2,0,nan,nan,not enough PnP correspondences
956.747582864,0,0.000000000,0.000000000,0.000000000,0.000000000,0.000000000,0.000000000,1.000000000,7,5,0,nan,nan,not enough PnP correspondences
956.754582864,0,0.000000000,0.000000000,0.000000000,0.000000000,0.000000000,0.000000000,1.000000000,9,6,0,nan,nan,not enough PnP correspondences
956.761582864,0,0.000000000,0.000000000,0.000000000,0.000000000,0.000000000,0.000000000,1.000000000,7,5,0,nan,nan,not enough PnP correspondences
956.768582864,0,0.000000000,0.000000000,0.000000000,0.000000000,0.000000000,0.000000000,1.000000000,9,8,0,nan,nan,not enough PnP correspondences
956.775582864,0,0.000000000,0.000000000,0.000000000,0.000000000,0.000000000,0.000000000,1.000000000,11,7,0,nan,nan,not enough PnP correspondences
956.782582864,0,0.000000000,0.000000000,0.000000000,0.000000000,0.000000000,0.000000000,1.000000000,8,6,0,nan,nan,not enough PnP correspondences
956.789582864,0,0.000000000,0.000000000,0.000000000,0.000000000,0.000000000,0.000000000,1.000000000,8,4,0,nan,nan,not enough PnP correspondences
956.796582864,0,0.000000000,0.000000000,0.000000000,0.000000000,0.000000000,0.000000000,1.000000000,9,4,0,nan,nan,not enough PnP correspondences
956.803582864,0,0.000000000,0.000000000,0.000000000,0.000000000,0.000000000,0.000000000,1.000000000,8,4,0,nan,nan,not enough PnP correspondences
956.810582864,0,0.000000000,0.000000000,0.000000000,0.000000000,0.000000000,0.000000000,1.000000000,7,5,0,nan,nan,not enough PnP correspondences
956.817582864,0,0.000000000,0.000000000,0.000000000,0.000000000,0.000000000,0.000000000,1.000000000,8,5,0,nan,nan,not enough PnP correspondences
956.824582864,0,0.000000000,0.000000000,0.000000000,0.000000000,0.000000000,0.000000000,1.000000000,11,7,0,nan,nan,not enough PnP correspondences
956.831582864,0,0.000000000,0.000000000,0.000000000,0.000000000,0.000000000,0.000000000,1.000000000,12,6,0,nan,nan,not enough PnP correspondences
956.838582864,0,0.000000000,0.000000000,0.000000000,0.000000000,0.000000000,0.000000000,1.000000000,16,9,0,nan,nan,not enough PnP correspondences
956.845582864,0,0.000000000,0.000000000,0.000000000,0.000000000,0.000000000,0.000000000,1.000000000,18,11,0,nan,nan,not enough PnP correspondences
956.852582864,0,0.000000000,0.000000000,0.000000000,0.000000000,0.000000000,0.000000000,1.000000000,9,7,0,nan,nan,not enough PnP correspondences
956.859582864,0,0.000000000,0.000000000,0.000000000,0.000000000,0.000000000,0.000000000,1.000000000,7,6,0,nan,nan,not enough PnP correspondences
956.866582864,0,0.000000000,0.000000000,0.000000000,0.000000000,0.000000000,0.000000000,1.000000000,6,6,0,nan,nan,not enough PnP correspondences
956.873582864,0,0.000000000,0.000000000,0.000000000,0.000000000,0.000000000,0.000000000,1.000000000,7,6,0,nan,nan,not enough PnP correspondences
956.880582864,0,0.000000000,0.000000000,0.000000000,0.000000000,0.000000000,0.000000000,1.000000000,8,4,0,nan,nan,not enough PnP correspondences
956.887582864,0,0.000000000,0.000000000,0.000000000,0.000000000,0.000000000,0.000000000,1.000000000,10,6,0,nan,nan,not enough PnP correspondences
956.894582864,0,0.000000000,0.000000000,0.000000000,0.000000000,0.000000000,0.000000000,1.000000000,9,7,0,nan,nan,not enough PnP correspondences
956.901582864,0,0.000000000,0.000000000,0.000000000,0.000000000,0.000000000,0.000000000,1.000000000,8,6,0,nan,nan,not enough PnP correspondences
956.908582864,0,0.000000000,0.000000000,0.000000000,0.000000000,0.000000000,0.000000000,1.000000000,8,7,0,nan,nan,not enough PnP correspondences
956.915582864,0,0.000000000,0.000000000,0.000000000,0.000000000,0.000000000,0.000000000,1.000000000,8,5,0,nan,nan,not enough PnP correspondences
956.922582864,0,0.000000000,0.000000000,0.000000000,0.000000000,0.000000000,0.000000000,1.000000000,8,7,0,nan,nan,not enough PnP correspondences
956.929582864,0,0.000000000,0.000000000,0.000000000,0.000000000,0.000000000,0.000000000,1.000000000,8,8,0,nan,nan,not enough PnP correspondences
956.936582864,0,0.000000000,0.000000000,0.000000000,0.000000000,0.000000000,0.000000000,1.000000000,8,4,0,nan,nan,not enough PnP correspondences
956.943582864,0,0.000000000,0.000000000,0.000000000,0.000000000,0.000000000,0.000000000,1.000000000,8,6,0,nan,nan,not enough PnP correspondences
956.950582864,0,0.000000000,0.000000000,0.000000000,0.000000000,0.000000000,0.000000000,1.000000000,8,3,0,nan,nan,not enough PnP correspondences
956.957582864,0,0.000000000,0.000000000,0.000000000,0.000000000,0.000000000,0.000000000,1.000000000,7,6,0,nan,nan,not enough PnP correspondences
956.964582864,0,0.000000000,0.000000000,0.000000000,0.000000000,0.000000000,0.000000000,1.000000000,8,6,0,nan,nan,not enough PnP correspondences
956.971582864,0,0.000000000,0.000000000,0.000000000,0.000000000,0.000000000,0.000000000,1.000000000,10,4,0,nan,nan,not enough PnP correspondences
956.978582864,0,0.000000000,0.000000000,0.000000000,0.000000000,0.000000000,0.000000000,1.000000000,21,9,0,nan,nan,not enough PnP correspondences
956.985582864,0,0.000000000,0.000000000,0.000000000,0.000000000,0.000000000,0.000000000,1.000000000,25,6,0,nan,nan,not enough PnP correspondences
956.992582864,0,0.000000000,0.000000000,0.000000000,0.000000000,0.000000000,0.000000000,1.000000000,16,9,0,nan,nan,not enough PnP correspondences
956.999582864,0,0.000000000,0.000000000,0.000000000,0.000000000,0.000000000,0.000000000,1.000000000,12,5,0,nan,nan,not enough PnP correspondences
957.006582864,0,0.000000000,0.000000000,0.000000000,0.000000000,0.000000000,0.000000000,1.000000000,7,7,0,nan,nan,not enough PnP correspondences
957.013582864,0,0.000000000,0.000000000,0.000000000,0.000000000,0.000000000,0.000000000,1.000000000,9,8,0,nan,nan,not enough PnP correspondences
957.020582864,0,0.000000000,0.000000000,0.000000000,0.000000000,0.000000000,0.000000000,1.000000000,9,7,0,nan,nan,not enough PnP correspondences
957.027582864,0,0.000000000,0.000000000,0.000000000,0.000000000,0.000000000,0.000000000,1.000000000,9,7,0,nan,nan,not enough PnP correspondences
957.034582864,0,0.000000000,0.000000000,0.000000000,0.000000000,0.000000000,0.000000000,1.000000000,9,5,0,nan,nan,not enough PnP correspondences
957.041582864,0,0.000000000,0.000000000,0.000000000,0.000000000,0.000000000,0.000000000,1.000000000,9,6,0,nan,nan,not enough PnP correspondences
957.048582864,0,0.000000000,0.000000000,0.000000000,0.000000000,0.000000000,0.000000000,1.000000000,12,8,0,nan,nan,not enough PnP correspondences
957.055582864,0,0.000000000,0.000000000,0.000000000,0.000000000,0.000000000,0.000000000,1.000000000,9,6,0,nan,nan,not enough PnP correspondences
957.062582864,0,0.000000000,0.000000000,0.000000000,0.000000000,0.000000000,0.000000000,1.000000000,11,10,0,nan,nan,not enough PnP correspondences
957.069582864,0,0.000000000,0.000000000,0.000000000,0.000000000,0.000000000,0.000000000,1.000000000,8,7,0,nan,nan,not enough PnP correspondences
957.076582864,0,0.000000000,0.000000000,0.000000000,0.000000000,0.000000000,0.000000000,1.000000000,8,6,0,nan,nan,not enough PnP correspondences
957.083582864,0,0.000000000,0.000000000,0.000000000,0.000000000,0.000000000,0.000000000,1.000000000,9,8,0,nan,nan,not enough PnP correspondences
957.090582864,0,0.000000000,0.000000000,0.000000000,0.000000000,0.000000000,0.000000000,1.000000000,9,7,0,nan,nan,not enough PnP correspondences
957.097582864,0,0.000000000,0.000000000,0.000000000,0.000000000,0.000000000,0.000000000,1.000000000,9,5,0,nan,nan,not enough PnP correspondences
957.104582864,0,0.000000000,0.000000000,0.000000000,0.000000000,0.000000000,0.000000000,1.000000000,9,7,0,nan,nan,not enough PnP correspondences
957.111582864,0,0.000000000,0.000000000,0.000000000,0.000000000,0.000000000,0.000000000,1.000000000,11,5,0,nan,nan,not enough PnP correspondences
957.118582864,0,0.000000000,0.000000000,0.000000000,0.000000000,0.000000000,0.000000000,1.000000000,12,11,0,nan,nan,not enough PnP correspondences
957.125582864,0,0.000000000,0.000000000,0.000000000,0.000000000,0.000000000,0.000000000,1.000000000,8,4,0,nan,nan,not enough PnP correspondences
957.132582864,0,0.000000000,0.000000000,0.000000000,0.000000000,0.000000000,0.000000000,1.000000000,8,7,0,nan,nan,not enough PnP correspondences
957.139582864,0,0.000000000,0.000000000,0.000000000,0.000000000,0.000000000,0.000000000,1.000000000,8,6,0,nan,nan,not enough PnP correspondences
957.146582864,0,0.000000000,0.000000000,0.000000000,0.000000000,0.000000000,0.000000000,1.000000000,12,6,0,nan,nan,not enough PnP correspondences
957.153582864,0,0.000000000,0.000000000,0.000000000,0.000000000,0.000000000,0.000000000,1.000000000,12,7,0,nan,nan,not enough PnP correspondences
957.160582864,0,0.000000000,0.000000000,0.000000000,0.000000000,0.000000000,0.000000000,1.000000000,9,5,0,nan,nan,not enough PnP correspondences
957.167582864,0,0.000000000,0.000000000,0.000000000,0.000000000,0.000000000,0.000000000,1.000000000,30,13,0,nan,nan,not enough PnP correspondences
957.174582864,0,0.000000000,0.000000000,0.000000000,0.000000000,0.000000000,0.000000000,1.000000000,13,6,0,nan,nan,not enough PnP correspondences
957.181582864,0,0.000000000,0.000000000,0.000000000,0.000000000,0.000000000,0.000000000,1.000000000,9,6,0,nan,nan,not enough PnP correspondences
957.188582864,0,0.000000000,0.000000000,0.000000000,0.000000000,0.000000000,0.000000000,1.000000000,8,7,0,nan,nan,not enough PnP correspondences
957.195582864,0,0.000000000,0.000000000,0.000000000,0.000000000,0.000000000,0.000000000,1.000000000,8,3,0,nan,nan,not enough PnP correspondences
957.202582864,0,0.000000000,0.000000000,0.000000000,0.000000000,0.000000000,0.000000000,1.000000000,7,7,0,nan,nan,not enough PnP correspondences
957.209582864,0,0.000000000,0.000000000,0.000000000,0.000000000,0.000000000,0.000000000,1.000000000,7,4,0,nan,nan,not enough PnP correspondences
957.216582864,0,0.000000000,0.000000000,0.000000000,0.000000000,0.000000000,0.000000000,1.000000000,7,5,0,nan,nan,not enough PnP correspondences
957.223582864,0,0.000000000,0.000000000,0.000000000,0.000000000,0.000000000,0.000000000,1.000000000,9,8,0,nan,nan,not enough PnP correspondences
957.230582864,0,0.000000000,0.000000000,0.000000000,0.000000000,0.000000000,0.000000000,1.000000000,7,4,0,nan,nan,not enough PnP correspondences
957.237582864,0,0.000000000,0.000000000,0.000000000,0.000000000,0.000000000,0.000000000,1.000000000,8,7,0,nan,nan,not enough PnP correspondences
957.244582864,0,0.000000000,0.000000000,0.000000000,0.000000000,0.000000000,0.000000000,1.000000000,11,8,0,nan,nan,not enough PnP correspondences
957.251582864,0,0.000000000,0.000000000,0.000000000,0.000000000,0.000000000,0.000000000,1.000000000,8,5,0,nan,nan,not enough PnP correspondences
957.258582864,0,0.000000000,0.000000000,0.000000000,0.000000000,0.000000000,0.000000000,1.000000000,9,9,0,nan,nan,not enough PnP correspondences
957.265582864,0,0.000000000,0.000000000,0.000000000,0.000000000,0.000000000,0.000000000,1.000000000,7,2,0,nan,nan,not enough PnP correspondences
957.272582864,0,0.000000000,0.000000000,0.000000000,0.000000000,0.000000000,0.000000000,1.000000000,7,5,0,nan,nan,not enough PnP correspondences
957.279582864,0,0.000000000,0.000000000,0.000000000,0.000000000,0.000000000,0.000000000,1.000000000,8,4,0,nan,nan,not enough PnP correspondences
957.286582864,0,0.000000000,0.000000000,0.000000000,0.000000000,0.000000000,0.000000000,1.000000000,7,4,0,nan,nan,not enough PnP correspondences
957.293582864,0,0.000000000,0.000000000,0.000000000,0.000000000,0.000000000,0.000000000,1.000000000,8,8,0,nan,nan,not enough PnP correspondences
957.300582864,0,0.000000000,0.000000000,0.000000000,0.000000000,0.000000000,0.000000000,1.000000000,8,6,0,nan,nan,not enough PnP correspondences
957.307582864,0,0.000000000,0.000000000,0.000000000,0.000000000,0.000000000,0.000000000,1.000000000,8,5,0,nan,nan,not enough PnP correspondences
957.314582864,0,0.000000000,0.000000000,0.000000000,0.000000000,0.000000000,0.000000000,1.000000000,8,6,0,nan,nan,not enough PnP correspondences
957.321582864,0,0.000000000,0.000000000,0.000000000,0.000000000,0.000000000,0.000000000,1.000000000,8,4,0,nan,nan,not enough PnP correspondences
957.328582864,0,0.000000000,0.000000000,0.000000000,0.000000000,0.000000000,0.000000000,1.000000000,9,8,0,nan,nan,not enough PnP correspondences
957.335582864,0,0.000000000,0.000000000,0.000000000,0.000000000,0.000000000,0.000000000,1.000000000,9,4,0,nan,nan,not enough PnP correspondences
957.342582864,0,0.000000000,0.000000000,0.000000000,0.000000000,0.000000000,0.000000000,1.000000000,8,8,0,nan,nan,not enough PnP correspondences
957.349582864,0,0.000000000,0.000000000,0.000000000,0.000000000,0.000000000,0.000000000,1.000000000,7,3,0,nan,nan,not enough PnP correspondences
957.356582864,0,0.000000000,0.000000000,0.000000000,0.000000000,0.000000000,0.000000000,1.000000000,7,6,0,nan,nan,not enough PnP correspondences
957.363582864,0,0.000000000,0.000000000,0.000000000,0.000000000,0.000000000,0.000000000,1.000000000,9,7,0,nan,nan,not enough PnP correspondences
957.370582864,0,0.000000000,0.000000000,0.000000000,0.000000000,0.000000000,0.000000000,1.000000000,7,5,0,nan,nan,not enough PnP correspondences
957.377582864,0,0.000000000,0.000000000,0.000000000,0.000000000,0.000000000,0.000000000,1.000000000,6,6,0,nan,nan,not enough PnP correspondences
957.384582864,0,0.000000000,0.000000000,0.000000000,0.000000000,0.000000000,0.000000000,1.000000000,7,6,0,nan,nan,not enough PnP correspondences
957.391582864,0,0.000000000,0.000000000,0.000000000,0.000000000,0.000000000,0.000000000,1.000000000,8,6,0,nan,nan,not enough PnP correspondences
957.398582864,0,0.000000000,0.000000000,0.000000000,0.000000000,0.000000000,0.000000000,1.000000000,8,7,0,nan,nan,not enough PnP correspondences
957.405582864,0,0.000000000,0.000000000,0.000000000,0.000000000,0.000000000,0.000000000,1.000000000,8,4,0,nan,nan,not enough PnP correspondences
957.412582864,0,0.000000000,0.000000000,0.000000000,0.000000000,0.000000000,0.000000000,1.000000000,7,7,0,nan,nan,not enough PnP correspondences
957.419582864,0,0.000000000,0.000000000,0.000000000,0.000000000,0.000000000,0.000000000,1.000000000,10,2,0,nan,nan,not enough PnP correspondences
957.426582864,0,0.000000000,0.000000000,0.000000000,0.000000000,0.000000000,0.000000000,1.000000000,11,6,0,nan,nan,not enough PnP correspondences
957.433582864,0,0.000000000,0.000000000,0.000000000,0.000000000,0.000000000,0.000000000,1.000000000,10,6,0,nan,nan,not enough PnP correspondences
957.440582864,0,0.000000000,0.000000000,0.000000000,0.000000000,0.000000000,0.000000000,1.000000000,10,6,0,nan,nan,not enough PnP correspondences
957.447582864,0,0.000000000,0.000000000,0.000000000,0.000000000,0.000000000,0.000000000,1.000000000,15,8,0,nan,nan,not enough PnP correspondences
957.454582864,0,0.000000000,0.000000000,0.000000000,0.000000000,0.000000000,0.000000000,1.000000000,14,9,0,nan,nan,not enough PnP correspondences
957.461582864,0,0.000000000,0.000000000,0.000000000,0.000000000,0.000000000,0.000000000,1.000000000,9,7,0,nan,nan,not enough PnP correspondences
957.468582864,0,0.000000000,0.000000000,0.000000000,0.000000000,0.000000000,0.000000000,1.000000000,10,7,0,nan,nan,not enough PnP correspondences
957.475582864,0,0.000000000,0.000000000,0.000000000,0.000000000,0.000000000,0.000000000,1.000000000,11,3,0,nan,nan,not enough PnP correspondences
957.482582864,0,0.000000000,0.000000000,0.000000000,0.000000000,0.000000000,0.000000000,1.000000000,13,9,0,nan,nan,not enough PnP correspondences
957.489582864,0,0.000000000,0.000000000,0.000000000,0.000000000,0.000000000,0.000000000,1.000000000,9,6,0,nan,nan,not enough PnP correspondences
957.496582864,0,0.000000000,0.000000000,0.000000000,0.000000000,0.000000000,0.000000000,1.000000000,14,9,0,nan,nan,not enough PnP correspondences
957.503582864,0,0.000000000,0.000000000,0.000000000,0.000000000,0.000000000,0.000000000,1.000000000,11,6,0,nan,nan,not enough PnP correspondences
957.510582864,0,0.000000000,0.000000000,0.000000000,0.000000000,0.000000000,0.000000000,1.000000000,13,5,0,nan,nan,not enough PnP correspondences
957.517582864,0,0.000000000,0.000000000,0.000000000,0.000000000,0.000000000,0.000000000,1.000000000,10,9,0,nan,nan,not enough PnP correspondences
957.524582864,0,0.000000000,0.000000000,0.000000000,0.000000000,0.000000000,0.000000000,1.000000000,9,8,0,nan,nan,not enough PnP correspondences
957.531582864,0,0.000000000,0.000000000,0.000000000,0.000000000,0.000000000,0.000000000,1.000000000,9,6,0,nan,nan,not enough PnP correspondences
957.538582864,0,0.000000000,0.000000000,0.000000000,0.000000000,0.000000000,0.000000000,1.000000000,9,7,0,nan,nan,not enough PnP correspondences
957.545582864,0,0.000000000,0.000000000,0.000000000,0.000000000,0.000000000,0.000000000,1.000000000,10,4,0,nan,nan,not enough PnP correspondences
957.552582864,0,0.000000000,0.000000000,0.000000000,0.000000000,0.000000000,0.000000000,1.000000000,11,7,0,nan,nan,not enough PnP correspondences
957.559582864,0,0.000000000,0.000000000,0.000000000,0.000000000,0.000000000,0.000000000,1.000000000,11,4,0,nan,nan,not enough PnP correspondences
957.566582864,0,0.000000000,0.000000000,0.000000000,0.000000000,0.000000000,0.000000000,1.000000000,10,7,0,nan,nan,not enough PnP correspondences
957.573582864,0,0.000000000,0.000000000,0.000000000,0.000000000,0.000000000,0.000000000,1.000000000,10,7,0,nan,nan,not enough PnP correspondences
957.580582864,0,0.000000000,0.000000000,0.000000000,0.000000000,0.000000000,0.000000000,1.000000000,8,4,0,nan,nan,not enough PnP correspondences
957.587582864,0,0.000000000,0.000000000,0.000000000,0.000000000,0.000000000,0.000000000,1.000000000,7,6,0,nan,nan,not enough PnP correspondences
957.594582864,0,0.000000000,0.000000000,0.000000000,0.000000000,0.000000000,0.000000000,1.000000000,8,5,0,nan,nan,not enough PnP correspondences
957.601582864,0,0.000000000,0.000000000,0.000000000,0.000000000,0.000000000,0.000000000,1.000000000,7,5,0,nan,nan,not enough PnP correspondences
957.608582864,0,0.000000000,0.000000000,0.000000000,0.000000000,0.000000000,0.000000000,1.000000000,7,6,0,nan,nan,not enough PnP correspondences
957.615582864,0,0.000000000,0.000000000,0.000000000,0.000000000,0.000000000,0.000000000,1.000000000,8,4,0,nan,nan,not enough PnP correspondences
957.622582864,0,0.000000000,0.000000000,0.000000000,0.000000000,0.000000000,0.000000000,1.000000000,8,7,0,nan,nan,not enough PnP correspondences
957.629582864,0,0.000000000,0.000000000,0.000000000,0.000000000,0.000000000,0.000000000,1.000000000,10,5,0,nan,nan,not enough PnP correspondences
957.636582864,0,0.000000000,0.000000000,0.000000000,0.000000000,0.000000000,0.000000000,1.000000000,11,6,0,nan,nan,not enough PnP correspondences
957.643582864,0,0.000000000,0.000000000,0.000000000,0.000000000,0.000000000,0.000000000,1.000000000,10,7,0,nan,nan,not enough PnP correspondences
957.650582864,0,0.000000000,0.000000000,0.000000000,0.000000000,0.000000000,0.000000000,1.000000000,9,2,0,nan,nan,not enough PnP correspondences
957.657582864,0,0.000000000,0.000000000,0.000000000,0.000000000,0.000000000,0.000000000,1.000000000,9,9,0,nan,nan,not enough PnP correspondences
957.664582864,0,0.000000000,0.000000000,0.000000000,0.000000000,0.000000000,0.000000000,1.000000000,10,5,0,nan,nan,not enough PnP correspondences
957.671582864,0,0.000000000,0.000000000,0.000000000,0.000000000,0.000000000,0.000000000,1.000000000,9,7,0,nan,nan,not enough PnP correspondences
957.678582864,0,0.000000000,0.000000000,0.000000000,0.000000000,0.000000000,0.000000000,1.000000000,8,7,0,nan,nan,not enough PnP correspondences
957.685582864,0,0.000000000,0.000000000,0.000000000,0.000000000,0.000000000,0.000000000,1.000000000,9,2,0,nan,nan,not enough PnP correspondences
957.692582864,0,0.000000000,0.000000000,0.000000000,0.000000000,0.000000000,0.000000000,1.000000000,10,7,0,nan,nan,not enough PnP correspondences
957.699582864,0,0.000000000,0.000000000,0.000000000,0.000000000,0.000000000,0.000000000,1.000000000,9,2,0,nan,nan,not enough PnP correspondences
957.706582864,0,0.000000000,0.000000000,0.000000000,0.000000000,0.000000000,0.000000000,1.000000000,10,8,0,nan,nan,not enough PnP correspondences
957.713582864,0,0.000000000,0.000000000,0.000000000,0.000000000,0.000000000,0.000000000,1.000000000,9,7,0,nan,nan,not enough PnP correspondences
957.720582864,0,0.000000000,0.000000000,0.000000000,0.000000000,0.000000000,0.000000000,1.000000000,9,8,0,nan,nan,not enough PnP correspondences
957.727582864,0,0.000000000,0.000000000,0.000000000,0.000000000,0.000000000,0.000000000,1.000000000,10,9,0,nan,nan,not enough PnP correspondences
957.734582864,0,0.000000000,0.000000000,0.000000000,0.000000000,0.000000000,0.000000000,1.000000000,10,8,0,nan,nan,not enough PnP correspondences
957.741582864,0,0.000000000,0.000000000,0.000000000,0.000000000,0.000000000,0.000000000,1.000000000,9,7,0,nan,nan,not enough PnP correspondences
957.748582864,0,0.000000000,0.000000000,0.000000000,0.000000000,0.000000000,0.000000000,1.000000000,9,8,0,nan,nan,not enough PnP correspondences
957.755582864,0,0.000000000,0.000000000,0.000000000,0.000000000,0.000000000,0.000000000,1.000000000,10,7,0,nan,nan,not enough PnP correspondences
957.762582864,0,0.000000000,0.000000000,0.000000000,0.000000000,0.000000000,0.000000000,1.000000000,9,5,0,nan,nan,not enough PnP correspondences
957.769582864,0,0.000000000,0.000000000,0.000000000,0.000000000,0.000000000,0.000000000,1.000000000,8,1,0,nan,nan,not enough PnP correspondences
957.776582864,0,0.000000000,0.000000000,0.000000000,0.000000000,0.000000000,0.000000000,1.000000000,8,5,0,nan,nan,not enough PnP correspondences
957.783582864,0,0.000000000,0.000000000,0.000000000,0.000000000,0.000000000,0.000000000,1.000000000,8,6,0,nan,nan,not enough PnP correspondences
957.790582864,0,0.000000000,0.000000000,0.000000000,0.000000000,0.000000000,0.000000000,1.000000000,9,5,0,nan,nan,not enough PnP correspondences
957.797582864,0,0.000000000,0.000000000,0.000000000,0.000000000,0.000000000,0.000000000,1.000000000,8,6,0,nan,nan,not enough PnP correspondences
957.804582864,0,0.000000000,0.000000000,0.000000000,0.000000000,0.000000000,0.000000000,1.000000000,10,6,0,nan,nan,not enough PnP correspondences
957.811582864,0,0.000000000,0.000000000,0.000000000,0.000000000,0.000000000,0.000000000,1.000000000,9,7,0,nan,nan,not enough PnP correspondences
957.818582864,0,0.000000000,0.000000000,0.000000000,0.000000000,0.000000000,0.000000000,1.000000000,9,8,0,nan,nan,not enough PnP correspondences
957.825582864,0,0.000000000,0.000000000,0.000000000,0.000000000,0.000000000,0.000000000,1.000000000,9,2,0,nan,nan,not enough PnP correspondences
957.832582864,0,0.000000000,0.000000000,0.000000000,0.000000000,0.000000000,0.000000000,1.000000000,9,7,0,nan,nan,not enough PnP correspondences
957.839582864,0,0.000000000,0.000000000,0.000000000,0.000000000,0.000000000,0.000000000,1.000000000,9,4,0,nan,nan,not enough PnP correspondences
957.846582864,0,0.000000000,0.000000000,0.000000000,0.000000000,0.000000000,0.000000000,1.000000000,9,7,0,nan,nan,not enough PnP correspondences
957.853582864,0,0.000000000,0.000000000,0.000000000,0.000000000,0.000000000,0.000000000,1.000000000,10,8,0,nan,nan,not enough PnP correspondences
957.860582864,0,0.000000000,0.000000000,0.000000000,0.000000000,0.000000000,0.000000000,1.000000000,10,8,0,nan,nan,not enough PnP correspondences
957.867582864,0,0.000000000,0.000000000,0.000000000,0.000000000,0.000000000,0.000000000,1.000000000,7,6,0,nan,nan,not enough PnP correspondences
957.874582864,0,0.000000000,0.000000000,0.000000000,0.000000000,0.000000000,0.000000000,1.000000000,9,6,0,nan,nan,not enough PnP correspondences
957.881582864,0,0.000000000,0.000000000,0.000000000,0.000000000,0.000000000,0.000000000,1.000000000,7,7,0,nan,nan,not enough PnP correspondences
957.888582864,0,0.000000000,0.000000000,0.000000000,0.000000000,0.000000000,0.000000000,1.000000000,8,8,0,nan,nan,not enough PnP correspondences
957.895582864,0,0.000000000,0.000000000,0.000000000,0.000000000,0.000000000,0.000000000,1.000000000,9,4,0,nan,nan,not enough PnP correspondences
957.902582864,0,0.000000000,0.000000000,0.000000000,0.000000000,0.000000000,0.000000000,1.000000000,8,6,0,nan,nan,not enough PnP correspondences
957.909582864,0,0.000000000,0.000000000,0.000000000,0.000000000,0.000000000,0.000000000,1.000000000,10,5,0,nan,nan,not enough PnP correspondences
957.916582864,0,0.000000000,0.000000000,0.000000000,0.000000000,0.000000000,0.000000000,1.000000000,8,6,0,nan,nan,not enough PnP correspondences
957.923582864,0,0.000000000,0.000000000,0.000000000,0.000000000,0.000000000,0.000000000,1.000000000,11,7,0,nan,nan,not enough PnP correspondences
957.930582864,0,0.000000000,0.000000000,0.000000000,0.000000000,0.000000000,0.000000000,1.000000000,11,6,0,nan,nan,not enough PnP correspondences
957.937582864,0,0.000000000,0.000000000,0.000000000,0.000000000,0.000000000,0.000000000,1.000000000,8,7,0,nan,nan,not enough PnP correspondences
957.944582864,0,0.000000000,0.000000000,0.000000000,0.000000000,0.000000000,0.000000000,1.000000000,11,9,0,nan,nan,not enough PnP correspondences
957.951582864,0,0.000000000,0.000000000,0.000000000,0.000000000,0.000000000,0.000000000,1.000000000,8,7,0,nan,nan,not enough PnP correspondences
957.958582864,0,0.000000000,0.000000000,0.000000000,0.000000000,0.000000000,0.000000000,1.000000000,11,7,0,nan,nan,not enough PnP correspondences
957.965582864,0,0.000000000,0.000000000,0.000000000,0.000000000,0.000000000,0.000000000,1.000000000,12,6,0,nan,nan,not enough PnP correspondences
957.972582864,0,0.000000000,0.000000000,0.000000000,0.000000000,0.000000000,0.000000000,1.000000000,9,5,0,nan,nan,not enough PnP correspondences
957.979582864,0,0.000000000,0.000000000,0.000000000,0.000000000,0.000000000,0.000000000,1.000000000,8,4,0,nan,nan,not enough PnP correspondences
957.986582864,0,0.000000000,0.000000000,0.000000000,0.000000000,0.000000000,0.000000000,1.000000000,9,5,0,nan,nan,not enough PnP correspondences
957.993582864,0,0.000000000,0.000000000,0.000000000,0.000000000,0.000000000,0.000000000,1.000000000,11,8,0,nan,nan,not enough PnP correspondences
958.000582864,0,0.000000000,0.000000000,0.000000000,0.000000000,0.000000000,0.000000000,1.000000000,9,6,0,nan,nan,not enough PnP correspondences
958.007582864,0,0.000000000,0.000000000,0.000000000,0.000000000,0.000000000,0.000000000,1.000000000,10,5,0,nan,nan,not enough PnP correspondences
958.014582864,0,0.000000000,0.000000000,0.000000000,0.000000000,0.000000000,0.000000000,1.000000000,9,7,0,nan,nan,not enough PnP correspondences
958.021582864,0,0.000000000,0.000000000,0.000000000,0.000000000,0.000000000,0.000000000,1.000000000,9,8,0,nan,nan,not enough PnP correspondences
958.028582864,0,0.000000000,0.000000000,0.000000000,0.000000000,0.000000000,0.000000000,1.000000000,9,7,0,nan,nan,not enough PnP correspondences
958.035582864,0,0.000000000,0.000000000,0.000000000,0.000000000,0.000000000,0.000000000,1.000000000,7,3,0,nan,nan,not enough PnP correspondences
958.042582864,0,0.000000000,0.000000000,0.000000000,0.000000000,0.000000000,0.000000000,1.000000000,7,5,0,nan,nan,not enough PnP correspondences
958.049582864,0,0.000000000,0.000000000,0.000000000,0.000000000,0.000000000,0.000000000,1.000000000,8,4,0,nan,nan,not enough PnP correspondences
958.056582864,0,0.000000000,0.000000000,0.000000000,0.000000000,0.000000000,0.000000000,1.000000000,7,6,0,nan,nan,not enough PnP correspondences
958.063582864,0,0.000000000,0.000000000,0.000000000,0.000000000,0.000000000,0.000000000,1.000000000,8,7,0,nan,nan,not enough PnP correspondences
958.070582864,0,0.000000000,0.000000000,0.000000000,0.000000000,0.000000000,0.000000000,1.000000000,7,6,0,nan,nan,not enough PnP correspondences
958.077582864,0,0.000000000,0.000000000,0.000000000,0.000000000,0.000000000,0.000000000,1.000000000,7,6,0,nan,nan,not enough PnP correspondences
958.084582864,0,0.000000000,0.000000000,0.000000000,0.000000000,0.000000000,0.000000000,1.000000000,8,6,0,nan,nan,not enough PnP correspondences
958.091582864,0,0.000000000,0.000000000,0.000000000,0.000000000,0.000000000,0.000000000,1.000000000,9,7,0,nan,nan,not enough PnP correspondences
958.098582864,0,0.000000000,0.000000000,0.000000000,0.000000000,0.000000000,0.000000000,1.000000000,16,7,0,nan,nan,not enough PnP correspondences
958.105582864,0,0.000000000,0.000000000,0.000000000,0.000000000,0.000000000,0.000000000,1.000000000,18,6,0,nan,nan,not enough PnP correspondences
958.112582864,0,0.000000000,0.000000000,0.000000000,0.000000000,0.000000000,0.000000000,1.000000000,11,6,0,nan,nan,not enough PnP correspondences
958.119582864,0,0.000000000,0.000000000,0.000000000,0.000000000,0.000000000,0.000000000,1.000000000,8,4,0,nan,nan,not enough PnP correspondences
958.126582864,0,0.000000000,0.000000000,0.000000000,0.000000000,0.000000000,0.000000000,1.000000000,8,6,0,nan,nan,not enough PnP correspondences
958.133582864,0,0.000000000,0.000000000,0.000000000,0.000000000,0.000000000,0.000000000,1.000000000,7,5,0,nan,nan,not enough PnP correspondences
958.140582864,0,0.000000000,0.000000000,0.000000000,0.000000000,0.000000000,0.000000000,1.000000000,9,4,0,nan,nan,not enough PnP correspondences
958.147582864,0,0.000000000,0.000000000,0.000000000,0.000000000,0.000000000,0.000000000,1.000000000,9,8,0,nan,nan,not enough PnP correspondences
958.154582864,0,0.000000000,0.000000000,0.000000000,0.000000000,0.000000000,0.000000000,1.000000000,9,7,0,nan,nan,not enough PnP correspondences
958.161582864,0,0.000000000,0.000000000,0.000000000,0.000000000,0.000000000,0.000000000,1.000000000,9,8,0,nan,nan,not enough PnP correspondences
958.168582864,0,0.000000000,0.000000000,0.000000000,0.000000000,0.000000000,0.000000000,1.000000000,9,8,0,nan,nan,not enough PnP correspondences
958.175582864,0,0.000000000,0.000000000,0.000000000,0.000000000,0.000000000,0.000000000,1.000000000,8,5,0,nan,nan,not enough PnP correspondences
958.182582864,0,0.000000000,0.000000000,0.000000000,0.000000000,0.000000000,0.000000000,1.000000000,8,6,0,nan,nan,not enough PnP correspondences
958.189582864,0,0.000000000,0.000000000,0.000000000,0.000000000,0.000000000,0.000000000,1.000000000,8,5,0,nan,nan,not enough PnP correspondences
958.196582864,0,0.000000000,0.000000000,0.000000000,0.000000000,0.000000000,0.000000000,1.000000000,7,5,0,nan,nan,not enough PnP correspondences
958.203582864,0,0.000000000,0.000000000,0.000000000,0.000000000,0.000000000,0.000000000,1.000000000,8,5,0,nan,nan,not enough PnP correspondences
958.210582864,0,0.000000000,0.000000000,0.000000000,0.000000000,0.000000000,0.000000000,1.000000000,8,8,0,nan,nan,not enough PnP correspondences
958.217582864,0,0.000000000,0.000000000,0.000000000,0.000000000,0.000000000,0.000000000,1.000000000,15,9,0,nan,nan,not enough PnP correspondences
958.224582864,0,0.000000000,0.000000000,0.000000000,0.000000000,0.000000000,0.000000000,1.000000000,19,12,0,nan,nan,not enough PnP correspondences
958.231582864,0,0.000000000,0.000000000,0.000000000,0.000000000,0.000000000,0.000000000,1.000000000,16,6,0,nan,nan,not enough PnP correspondences
958.238582864,0,0.000000000,0.000000000,0.000000000,0.000000000,0.000000000,0.000000000,1.000000000,23,13,0,nan,nan,not enough PnP correspondences
958.245582864,0,0.000000000,0.000000000,0.000000000,0.000000000,0.000000000,0.000000000,1.000000000,26,12,0,nan,nan,not enough PnP correspondences
958.252582864,0,0.000000000,0.000000000,0.000000000,0.000000000,0.000000000,0.000000000,1.000000000,19,7,0,nan,nan,not enough PnP correspondences
958.259582864,0,0.000000000,0.000000000,0.000000000,0.000000000,0.000000000,0.000000000,1.000000000,10,3,0,nan,nan,not enough PnP correspondences
958.266582864,0,0.000000000,0.000000000,0.000000000,0.000000000,0.000000000,0.000000000,1.000000000,16,8,0,nan,nan,not enough PnP correspondences
958.273582864,0,0.000000000,0.000000000,0.000000000,0.000000000,0.000000000,0.000000000,1.000000000,18,9,0,nan,nan,not enough PnP correspondences
958.280582864,0,0.000000000,0.000000000,0.000000000,0.000000000,0.000000000,0.000000000,1.000000000,15,6,0,nan,nan,not enough PnP correspondences
958.287582864,0,0.000000000,0.000000000,0.000000000,0.000000000,0.000000000,0.000000000,1.000000000,10,5,0,nan,nan,not enough PnP correspondences
958.294582864,0,0.000000000,0.000000000,0.000000000,0.000000000,0.000000000,0.000000000,1.000000000,10,7,0,nan,nan,not enough PnP correspondences
958.301582864,0,0.000000000,0.000000000,0.000000000,0.000000000,0.000000000,0.000000000,1.000000000,10,6,0,nan,nan,not enough PnP correspondences
958.308582864,0,0.000000000,0.000000000,0.000000000,0.000000000,0.000000000,0.000000000,1.000000000,7,5,0,nan,nan,not enough PnP correspondences
958.315582864,0,0.000000000,0.000000000,0.000000000,0.000000000,0.000000000,0.000000000,1.000000000,7,6,0,nan,nan,not enough PnP correspondences
958.322582864,0,0.000000000,0.000000000,0.000000000,0.000000000,0.000000000,0.000000000,1.000000000,6,4,0,nan,nan,not enough PnP correspondences
958.329582864,0,0.000000000,0.000000000,0.000000000,0.000000000,0.000000000,0.000000000,1.000000000,7,3,0,nan,nan,not enough PnP correspondences
958.336582864,0,0.000000000,0.000000000,0.000000000,0.000000000,0.000000000,0.000000000,1.000000000,7,6,0,nan,nan,not enough PnP correspondences
958.343582864,0,0.000000000,0.000000000,0.000000000,0.000000000,0.000000000,0.000000000,1.000000000,8,7,0,nan,nan,not enough PnP correspondences
958.350582864,0,0.000000000,0.000000000,0.000000000,0.000000000,0.000000000,0.000000000,1.000000000,19,9,0,nan,nan,not enough PnP correspondences
958.357582864,0,0.000000000,0.000000000,0.000000000,0.000000000,0.000000000,0.000000000,1.000000000,14,9,0,nan,nan,not enough PnP correspondences
958.364582864,0,0.000000000,0.000000000,0.000000000,0.000000000,0.000000000,0.000000000,1.000000000,15,10,0,nan,nan,not enough PnP correspondences
958.371582864,0,0.000000000,0.000000000,0.000000000,0.000000000,0.000000000,0.000000000,1.000000000,28,17,0,nan,nan,solvePnPRansac cv2 error
958.378582864,0,0.000000000,0.000000000,0.000000000,0.000000000,0.000000000,0.000000000,1.000000000,39,14,0,nan,nan,not enough PnP correspondences
958.385582864,0,0.000000000,0.000000000,0.000000000,0.000000000,0.000000000,0.000000000,1.000000000,68,15,7,nan,nan,too few PnP inliers: 7
958.392582864,0,0.000000000,0.000000000,0.000000000,0.000000000,0.000000000,0.000000000,1.000000000,73,26,8,nan,nan,too few PnP inliers: 8
958.399582864,0,0.000000000,0.000000000,0.000000000,0.000000000,0.000000000,0.000000000,1.000000000,55,16,6,nan,nan,too few PnP inliers: 6
958.406582864,0,0.000000000,0.000000000,0.000000000,0.000000000,0.000000000,0.000000000,1.000000000,54,9,0,nan,nan,not enough PnP correspondences
958.413582864,1,0.122106638,0.063412254,0.217788771,0.004835383,-0.004139792,0.008210893,0.999946030,85,38,10,1.289527917,1.148257101,ok
958.420582864,0,0.122106638,0.063412254,0.217788771,0.004835383,-0.004139792,0.008210893,0.999946030,62,20,0,nan,nan,solvePnPRansac cv2 error
958.427582864,0,0.122106638,0.063412254,0.217788771,0.004835383,-0.004139792,0.008210893,0.999946030,105,39,0,nan,nan,solvePnPRansac failed
958.434582864,1,0.109993931,0.076224639,0.202536475,0.005437757,-0.004228301,0.008364359,0.999941293,105,37,26,1.532283835,1.502401708,ok
958.441582864,0,0.109993931,0.076224639,0.202536475,0.005437757,-0.004228301,0.008364359,0.999941293,62,21,5,nan,nan,too few PnP inliers: 5
958.448582864,0,0.109993931,0.076224639,0.202536475,0.005437757,-0.004228301,0.008364359,0.999941293,61,29,6,nan,nan,too few PnP inliers: 6
958.455582864,0,0.109993931,0.076224639,0.202536475,0.005437757,-0.004228301,0.008364359,0.999941293,59,18,0,nan,nan,solvePnPRansac cv2 error
958.462582864,0,0.109993931,0.076224639,0.202536475,0.005437757,-0.004228301,0.008364359,0.999941293,46,16,0,nan,nan,solvePnPRansac failed
958.469582864,0,0.109993931,0.076224639,0.202536475,0.005437757,-0.004228301,0.008364359,0.999941293,59,22,8,nan,nan,too few PnP inliers: 8
958.476582864,0,0.109993931,0.076224639,0.202536475,0.005437757,-0.004228301,0.008364359,0.999941293,84,34,10,1.341011395,1.468678234,translation step too large: 1.434
958.483582864,1,0.181726022,0.071727444,0.232566948,0.006256004,-0.005205810,0.007811597,0.999936368,86,44,29,1.451387792,1.332742367,ok
958.490582864,0,0.181726022,0.071727444,0.232566948,0.006256004,-0.005205810,0.007811597,0.999936368,73,39,10,1.971063405,2.145717460,translation step too large: 0.581
958.497582864,0,0.181726022,0.071727444,0.232566948,0.006256004,-0.005205810,0.007811597,0.999936368,88,31,6,nan,nan,too few PnP inliers: 6
958.504582864,1,0.178374199,0.126531559,0.244890799,0.008590410,-0.004901598,0.010018471,0.999900900,147,41,18,1.472619221,1.417552484,ok
958.511582864,0,0.178374199,0.126531559,0.244890799,0.008590410,-0.004901598,0.010018471,0.999900900,127,54,0,nan,nan,solvePnPRansac failed
958.518582864,1,0.169790947,0.146247940,0.220764919,0.008926536,-0.004980025,0.008788737,0.999909133,150,73,33,1.155997765,0.757978850,ok
958.525582864,1,0.298786162,0.116940100,0.325621564,0.004272562,-0.016315506,0.018388376,0.999688660,187,86,14,1.462835886,1.339496627,ok
958.532582864,1,0.272350082,0.135428092,0.306529637,0.003361035,-0.014722093,0.016486125,0.999750054,164,75,33,0.895801745,0.665131276,ok
958.539582864,0,0.272350082,0.135428092,0.306529637,0.003361035,-0.014722093,0.016486125,0.999750054,173,76,11,nan,nan,PnP inlier ratio too low: 0.145
958.546582864,0,0.272350082,0.135428092,0.306529637,0.003361035,-0.014722093,0.016486125,0.999750054,179,55,10,1.594386395,1.672029888,translation step too large: 0.612
958.553582864,1,0.302864521,0.147182429,0.307691867,0.004099349,-0.016043332,0.017457588,0.999710478,188,77,33,1.258224179,1.123472987,ok
958.560582864,0,0.302864521,0.147182429,0.307691867,0.004099349,-0.016043332,0.017457588,0.999710478,230,87,5,nan,nan,too few PnP inliers: 5
958.567582864,0,0.302864521,0.147182429,0.307691867,0.004099349,-0.016043332,0.017457588,0.999710478,216,96,13,nan,nan,PnP inlier ratio too low: 0.135
958.574582864,1,0.348882636,0.117762630,0.375704101,0.006250195,-0.017522476,0.020796565,0.999610625,199,69,26,1.187613657,0.945836388,ok
958.581582864,0,0.348882636,0.117762630,0.375704101,0.006250195,-0.017522476,0.020796565,0.999610625,128,41,0,nan,nan,solvePnPRansac cv2 error
958.588582864,0,0.348882636,0.117762630,0.375704101,0.006250195,-0.017522476,0.020796565,0.999610625,122,36,6,nan,nan,too few PnP inliers: 6
958.595582864,0,0.348882636,0.117762630,0.375704101,0.006250195,-0.017522476,0.020796565,0.999610625,146,30,6,nan,nan,too few PnP inliers: 6
958.602582864,1,0.564238845,0.063340643,0.560471321,0.010038658,-0.024819665,0.025205852,0.999323709,155,63,12,1.299303895,1.259873638,ok
958.609582864,1,0.570808248,-0.061126382,0.819265722,0.010172693,-0.032114981,0.021346685,0.999204415,145,80,14,1.723332089,1.810390764,ok
958.616582864,1,0.562786472,-0.053234158,0.826550634,0.011581017,-0.032691761,0.023767444,0.999115728,187,88,28,0.961497356,0.882480493,ok
958.623582864,1,0.548571855,-0.038821489,0.804017419,0.012664076,-0.032630402,0.024515047,0.999086528,196,82,55,1.038530735,0.844785043,ok
958.630582864,1,0.505601299,-0.035259509,0.734965896,0.012271809,-0.032625501,0.026131342,0.999050616,193,88,35,0.999878757,0.863584978,ok
958.637582864,1,0.402451969,0.116628173,0.603996564,0.011681050,-0.027906619,0.017067682,0.999396552,220,113,19,0.890945428,0.763652061,ok
958.644582864,1,0.397282586,0.123227299,0.589351625,0.011821315,-0.027772301,0.017324035,0.999394233,255,83,29,1.189019178,1.064067465,ok
958.651582864,1,0.371121919,0.137335184,0.543170739,0.010058996,-0.026650970,0.015224132,0.999478248,230,94,32,0.723001469,0.562890478,ok
958.658582864,1,0.396226185,0.124414568,0.585694739,0.010302051,-0.026453554,0.015399609,0.999478329,291,150,62,0.863235669,0.649391656,ok
958.665582864,1,0.382957846,0.124273092,0.576831181,0.010624934,-0.026286478,0.016317095,0.999464799,249,102,58,0.907907226,0.799014028,ok
958.672582864,1,0.374642478,0.131659241,0.570750048,0.011457679,-0.026355042,0.017634398,0.999431419,388,206,95,0.731414541,0.538036656,ok
958.679582864,1,0.370592785,0.134360372,0.569927627,0.011918961,-0.026440137,0.018828184,0.999402000,339,158,107,0.836295376,0.675410121,ok
958.686582864,1,0.424848853,0.132614887,0.638369402,0.013644429,-0.027731609,0.019660977,0.999328891,317,192,104,0.925211869,0.774135599,ok
958.693582864,1,0.418002538,0.129581913,0.630554420,0.013923400,-0.028051498,0.022051624,0.999266220,301,169,126,0.851575497,0.759035271,ok
958.700582864,1,0.419218474,0.127472553,0.633734295,0.014126229,-0.028262722,0.023678707,0.999220189,291,189,124,0.681251669,0.577315748,ok
958.707582864,1,0.455595616,0.130511593,0.689083801,0.014988246,-0.028672526,0.023757545,0.999194084,283,199,140,0.950901927,0.779668383,ok
958.714582864,1,0.470764479,0.130979009,0.717559691,0.015426772,-0.028933522,0.024953248,0.999150740,272,186,161,0.809612151,0.580459288,ok
958.721582864,1,0.493005552,0.129649938,0.751600914,0.015887343,-0.029193408,0.026186817,0.999104393,264,196,157,0.728011200,0.579777746,ok
958.728582864,1,0.498313173,0.124815387,0.760234607,0.015711883,-0.029461567,0.028308538,0.999041430,259,204,163,0.580831721,0.495675677,ok
958.735582864,1,0.488038198,0.126740965,0.749923499,0.015675261,-0.029521498,0.031018945,0.998959755,254,204,170,0.684282656,0.577272419,ok
958.742582864,1,0.488736550,0.126349495,0.747862579,0.015521718,-0.030090299,0.033631834,0.998860626,252,191,163,0.602679347,0.456883149,ok
958.749582864,1,0.498932971,0.126383688,0.761959866,0.015446662,-0.030622970,0.035973886,0.998763993,248,189,171,0.688314002,0.511973166,ok
958.756582864,1,0.507696652,0.126854132,0.774753408,0.015204742,-0.031170547,0.038264910,0.998665614,572,445,336,0.697803586,0.583945509,ok
958.763582864,1,0.505398509,0.125987934,0.767179812,0.014825176,-0.031719517,0.041319072,0.998532333,547,440,366,0.737636946,0.576353635,ok
958.770582864,1,0.508706680,0.124066706,0.772036950,0.014534840,-0.032171387,0.044130143,0.998401858,524,414,347,0.762532161,0.589898711,ok
958.777582864,1,0.504536825,0.124089388,0.769803377,0.014227745,-0.032300617,0.046804833,0.998280296,522,428,365,0.724979309,0.566442242,ok
958.784582864,1,0.509571867,0.124933714,0.774170939,0.013883885,-0.032724420,0.049359644,0.998148273,517,395,360,0.659665985,0.518626936,ok
958.791582864,1,0.509406445,0.122656735,0.771767500,0.013300720,-0.033106606,0.052655857,0.997975152,511,393,348,0.682543519,0.564244317,ok
958.798582864,1,0.501905229,0.121016034,0.769358300,0.012737764,-0.033007738,0.056036097,0.997801681,506,431,396,0.702187737,0.536849740,ok
958.805582864,1,0.503360782,0.120467239,0.766096268,0.011911983,-0.033446368,0.059171581,0.997616243,496,405,374,0.661805383,0.495550730,ok
958.812582864,1,0.502276846,0.120359169,0.771174334,0.011172746,-0.033468495,0.062156895,0.997442505,484,410,385,0.646298984,0.501016983,ok
958.819582864,1,0.502158169,0.116182316,0.770759441,0.010070366,-0.033790151,0.065675169,0.997217923,477,405,379,0.695297616,0.581313086,ok
958.826582864,1,0.503302665,0.118458502,0.775297638,0.009463590,-0.033991026,0.068321821,0.997039207,471,387,364,0.606801914,0.517326156,ok
958.833582864,1,0.509430360,0.116495901,0.782190529,0.008338768,-0.034518861,0.070774650,0.996860001,466,387,372,0.681193347,0.523715986,ok
958.840582864,1,0.511109842,0.114813447,0.790951531,0.007187659,-0.034518077,0.072643717,0.996734533,453,389,336,0.623048040,0.523057974,ok
958.847582864,1,0.509556609,0.114612820,0.791331268,0.006150281,-0.034587825,0.074116356,0.996630635,438,371,325,0.663315492,0.559820090,ok
958.854582864,1,0.508766118,0.114904809,0.796969597,0.004972948,-0.034451944,0.074968227,0.996578195,412,353,317,0.730269378,0.606429387,ok
958.861582864,1,0.498329622,0.112220926,0.797512532,0.004044828,-0.033760729,0.076282631,0.996506303,399,345,284,0.863774567,0.719331552,ok
958.868582864,1,0.491353897,0.112085474,0.799366885,0.003358047,-0.033329431,0.077145892,0.996456915,385,331,292,0.845746701,0.708274427,ok
958.875582864,1,0.516534105,0.111395430,0.808046891,0.003161671,-0.034681482,0.077748694,0.996364561,368,315,186,0.826900797,0.702369252,ok
958.882582864,1,0.502749393,0.110855368,0.794155347,0.002039721,-0.034112452,0.077957143,0.996370847,354,297,218,1.104925882,0.866553664,ok
958.889582864,0,0.502749393,0.110855368,0.794155347,0.002039721,-0.034112452,0.077957143,0.996370847,250,226,0,nan,nan,solvePnPRansac failed
958.896582864,0,0.502749393,0.110855368,0.794155347,0.002039721,-0.034112452,0.077957143,0.996370847,166,93,8,nan,nan,too few PnP inliers: 8
958.903582864,1,0.460712749,0.146303731,0.649589445,0.002019210,-0.031758847,0.075776881,0.996616859,234,65,16,0.976291234,0.925986113,ok
958.910582864,1,0.472871826,0.143465754,0.666549298,0.002008422,-0.031527997,0.073967040,0.996760166,256,111,53,0.843936704,0.807977520,ok
958.917582864,1,0.471474774,0.145845743,0.671549550,0.002025111,-0.030924976,0.071990978,0.996923690,225,129,92,0.675317092,0.452034516,ok
958.924582864,1,0.475928402,0.144146812,0.674470716,0.002977176,-0.031071892,0.071009025,0.996987158,398,235,184,0.776765478,0.627019920,ok
958.931582864,1,0.480236131,0.146538205,0.690007885,0.004128454,-0.030689661,0.069058333,0.997131911,381,281,222,0.865232291,0.705568570,ok
958.938582864,1,0.485143560,0.147874022,0.699873908,0.005397227,-0.030328065,0.066471564,0.997312694,353,259,223,0.720267730,0.564418143,ok
958.945582864,1,0.491860755,0.147320203,0.714055117,0.006454289,-0.029940191,0.063775929,0.997494139,338,264,241,0.776947948,0.620833384,ok
958.952582864,1,0.492250182,0.144410615,0.722634720,0.007570466,-0.029393510,0.061310622,0.997657114,335,263,237,0.635323960,0.524287526,ok
958.959582864,1,0.498413944,0.147397546,0.726934208,0.009355709,-0.029580677,0.058757988,0.997790035,331,273,230,0.602155372,0.445731504,ok
958.966582864,1,0.501683091,0.145899308,0.732930253,0.010494784,-0.029157057,0.055899283,0.997955408,327,266,237,0.668503422,0.479560642,ok
958.973582864,1,0.504742356,0.144698755,0.729879328,0.012537829,-0.029210172,0.053254124,0.998074931,326,257,239,0.659213693,0.552328023,ok
958.980582864,1,0.514483025,0.148882581,0.737479055,0.014350963,-0.029458603,0.050071557,0.998207934,314,258,234,0.718153060,0.605513775,ok
958.987582864,1,0.519925893,0.148312646,0.745986194,0.016924642,-0.029320837,0.046992717,0.998321356,312,243,227,0.633526125,0.535998386,ok
958.994582864,1,0.525114264,0.146212979,0.745820974,0.018170535,-0.029494315,0.044475690,0.998409650,309,275,219,0.717040240,0.564264795,ok
959.001582864,1,0.532472424,0.142244617,0.742074074,0.020230987,-0.029856836,0.041512399,0.998486854,307,269,236,0.617239974,0.536420948,ok
959.008582864,1,0.537725786,0.141809186,0.746383538,0.021772423,-0.029860983,0.038564977,0.998572494,300,278,249,0.638808460,0.516755804,ok
959.015582864,1,0.541552847,0.135157421,0.750262866,0.023388840,-0.029486390,0.035061627,0.998676222,297,272,244,0.690018979,0.557914432,ok
959.022582864,1,0.546661905,0.136026643,0.751063708,0.025603160,-0.029468801,0.031983558,0.998725748,296,272,247,0.650075758,0.503159953,ok
959.029582864,1,0.551952788,0.137310555,0.754176600,0.027731220,-0.029534119,0.029022056,0.998757446,293,243,231,0.732544301,0.526844511,ok
959.036582864,1,0.557353000,0.136310375,0.755597924,0.030214857,-0.029229608,0.025277193,0.998796153,293,266,238,0.689995267,0.593466608,ok
959.043582864,1,0.558826283,0.130843538,0.753794865,0.030951478,-0.028937573,0.021938754,0.998861008,293,265,224,0.790525343,0.613937406,ok
959.050582864,1,0.564881204,0.134130386,0.763162375,0.034645299,-0.028624776,0.018804015,0.998812662,293,262,215,0.880872615,0.699023228,ok
959.057582864,1,0.571079947,0.134372922,0.769583737,0.035808894,-0.028466984,0.015688145,0.998829934,289,268,218,0.853043908,0.675733539,ok
959.064582864,1,0.570677576,0.129470194,0.759390779,0.039247626,-0.028364594,0.013942048,0.998729539,287,259,218,0.922927081,0.731841972,ok
959.071582864,1,0.582569740,0.124488517,0.755119367,0.039375843,-0.028926411,0.010910231,0.998746100,281,264,184,0.937810088,0.753329365,ok
959.078582864,1,0.587277463,0.116995499,0.747461991,0.043069273,-0.029345508,0.009878562,0.998592155,274,245,191,0.841800829,0.678436231,ok
959.085582864,1,0.600167517,0.115201935,0.759262528,0.044084673,-0.029498036,0.007109631,0.998566903,269,260,203,0.714898958,0.527414047,ok
959.092582864,1,0.607810088,0.110457035,0.766631774,0.047135511,-0.029307535,0.004353501,0.998448977,269,233,211,0.710862292,0.593919630,ok
959.099582864,1,0.613631418,0.115817258,0.773875959,0.049164411,-0.029146883,0.001736149,0.998363814,267,257,222,0.693183227,0.552310478,ok
959.106582864,1,0.617415730,0.112782640,0.766895397,0.051452849,-0.028957841,-0.001447471,0.998254453,266,249,234,0.675715134,0.552946113,ok
959.113582864,1,0.624731939,0.114962326,0.772882900,0.053623546,-0.028803033,-0.004241642,0.998136719,266,260,240,0.643985712,0.544743761,ok
959.120582864,1,0.628486541,0.112978646,0.773500802,0.055505831,-0.028492614,-0.007362875,0.998024580,266,251,230,0.616794358,0.465806613,ok
959.127582864,1,0.631420162,0.116715832,0.773644585,0.058157685,-0.028108574,-0.009952607,0.997861983,266,253,236,0.722699034,0.581304857,ok
959.134582864,1,0.643409975,0.110986650,0.785280441,0.059267659,-0.028072640,-0.012997525,0.997762665,266,256,211,0.874789875,0.739664150,ok
959.141582864,1,0.649914849,0.121920943,0.790846560,0.063264746,-0.028018354,-0.015248275,0.997486859,266,252,235,0.817254337,0.645669048,ok
959.148582864,1,0.657693641,0.112946621,0.793925372,0.063122611,-0.027869592,-0.018122652,0.997451949,265,253,209,0.869381822,0.735493644,ok
959.155582864,1,0.662590884,0.117468153,0.789496567,0.066807267,-0.027892240,-0.020172455,0.997171943,265,257,223,0.849807764,0.725952981,ok
959.162582864,1,0.670958118,0.112904955,0.806088523,0.066397230,-0.027228642,-0.023590423,0.997142668,263,257,118,1.021575578,0.896077925,ok
959.169582864,1,0.692908324,0.128206305,0.831280154,0.071802065,-0.027985318,-0.025191792,0.996707911,262,234,152,1.029424117,0.866972842,ok
959.176582864,1,0.701521608,0.130380202,0.850011256,0.071976947,-0.027572593,-0.027467283,0.996646687,256,242,133,0.991782544,0.754134858,ok
959.183582864,1,0.719416258,0.128763874,0.866812610,0.075589595,-0.028216086,-0.027962318,0.996347417,255,217,176,1.064941267,0.984346443,ok
959.190582864,1,0.709093482,0.136918035,0.846069061,0.076167707,-0.028289518,-0.028457385,0.996287288,252,238,143,0.855881956,0.616039669,ok
959.197582864,1,0.728580219,0.128352584,0.859269214,0.079384959,-0.029632593,-0.027267971,0.996030319,245,183,146,0.973207338,0.730361400,ok
959.204582864,1,0.722023728,0.138508597,0.834831102,0.079870800,-0.029792620,-0.028581954,0.995949862,711,576,171,0.957084785,0.812042543,ok
959.211582864,1,0.709425638,0.131989309,0.813087220,0.078632127,-0.028738325,-0.032796608,0.995949537,627,474,154,1.339748574,1.240810495,ok
959.218582864,1,0.725874823,0.147674448,0.815629505,0.080718275,-0.029461568,-0.034241832,0.995712847,600,490,154,1.160027535,0.993739383,ok
959.225582864,0,0.725874823,0.147674448,0.815629505,0.080718275,-0.029461568,-0.034241832,0.995712847,540,447,27,nan,nan,PnP inlier ratio too low: 0.060
959.232582864,0,0.725874823,0.147674448,0.815629505,0.080718275,-0.029461568,-0.034241832,0.995712847,481,377,15,nan,nan,PnP inlier ratio too low: 0.040
959.239582864,0,0.725874823,0.147674448,0.815629505,0.080718275,-0.029461568,-0.034241832,0.995712847,402,328,6,nan,nan,too few PnP inliers: 6
959.246582864,0,0.725874823,0.147674448,0.815629505,0.080718275,-0.029461568,-0.034241832,0.995712847,345,284,8,nan,nan,too few PnP inliers: 8
959.253582864,0,0.725874823,0.147674448,0.815629505,0.080718275,-0.029461568,-0.034241832,0.995712847,263,207,7,nan,nan,too few PnP inliers: 7
959.260582864,0,0.725874823,0.147674448,0.815629505,0.080718275,-0.029461568,-0.034241832,0.995712847,207,175,0,nan,nan,solvePnPRansac failed
959.267582864,0,0.725874823,0.147674448,0.815629505,0.080718275,-0.029461568,-0.034241832,0.995712847,469,345,0,nan,nan,solvePnPRansac failed
959.274582864,0,0.725874823,0.147674448,0.815629505,0.080718275,-0.029461568,-0.034241832,0.995712847,350,265,0,nan,nan,solvePnPRansac failed
959.281582864,0,0.725874823,0.147674448,0.815629505,0.080718275,-0.029461568,-0.034241832,0.995712847,222,163,0,nan,nan,solvePnPRansac failed
959.288582864,0,0.725874823,0.147674448,0.815629505,0.080718275,-0.029461568,-0.034241832,0.995712847,428,323,0,nan,nan,solvePnPRansac failed
959.295582864,0,0.725874823,0.147674448,0.815629505,0.080718275,-0.029461568,-0.034241832,0.995712847,280,197,0,nan,nan,solvePnPRansac failed
959.302582864,1,0.735314601,0.135702757,0.829113103,0.080098085,-0.030251011,-0.033020641,0.995780503,220,180,62,1.035692802,0.807699570,ok
959.309582864,0,0.735314601,0.135702757,0.829113103,0.080098085,-0.030251011,-0.033020641,0.995780503,413,290,22,nan,nan,PnP inlier ratio too low: 0.076
959.316582864,1,0.738295870,0.127924186,0.815905849,0.077919357,-0.030889075,-0.031976034,0.995967857,354,282,146,1.192499796,0.913406918,ok
959.323582864,0,0.738295870,0.127924186,0.815905849,0.077919357,-0.030889075,-0.031976034,0.995967857,308,241,0,nan,nan,solvePnPRansac failed
959.330582864,0,0.738295870,0.127924186,0.815905849,0.077919357,-0.030889075,-0.031976034,0.995967857,269,221,27,nan,nan,PnP inlier ratio too low: 0.122
959.337582864,0,0.738295870,0.127924186,0.815905849,0.077919357,-0.030889075,-0.031976034,0.995967857,221,187,0,nan,nan,solvePnPRansac failed
959.344582864,0,0.738295870,0.127924186,0.815905849,0.077919357,-0.030889075,-0.031976034,0.995967857,432,322,8,nan,nan,too few PnP inliers: 8
959.351582864,0,0.738295870,0.127924186,0.815905849,0.077919357,-0.030889075,-0.031976034,0.995967857,319,257,0,nan,nan,solvePnPRansac failed
959.358582864,0,0.738295870,0.127924186,0.815905849,0.077919357,-0.030889075,-0.031976034,0.995967857,274,210,0,nan,nan,solvePnPRansac cv2 error
959.365582864,0,0.738295870,0.127924186,0.815905849,0.077919357,-0.030889075,-0.031976034,0.995967857,193,163,0,nan,nan,solvePnPRansac failed
959.372582864,0,0.738295870,0.127924186,0.815905849,0.077919357,-0.030889075,-0.031976034,0.995967857,434,298,11,nan,nan,PnP inlier ratio too low: 0.037
959.379582864,0,0.738295870,0.127924186,0.815905849,0.077919357,-0.030889075,-0.031976034,0.995967857,238,192,0,nan,nan,solvePnPRansac failed
959.386582864,0,0.738295870,0.127924186,0.815905849,0.077919357,-0.030889075,-0.031976034,0.995967857,406,311,0,nan,nan,solvePnPRansac failed
959.393582864,0,0.738295870,0.127924186,0.815905849,0.077919357,-0.030889075,-0.031976034,0.995967857,278,198,0,nan,nan,solvePnPRansac failed
959.400582864,0,0.738295870,0.127924186,0.815905849,0.077919357,-0.030889075,-0.031976034,0.995967857,221,179,6,nan,nan,too few PnP inliers: 6
959.407582864,0,0.738295870,0.127924186,0.815905849,0.077919357,-0.030889075,-0.031976034,0.995967857,373,251,5,nan,nan,too few PnP inliers: 5
959.414582864,0,0.738295870,0.127924186,0.815905849,0.077919357,-0.030889075,-0.031976034,0.995967857,272,178,0,nan,nan,solvePnPRansac failed
959.421582864,0,0.738295870,0.127924186,0.815905849,0.077919357,-0.030889075,-0.031976034,0.995967857,169,108,6,nan,nan,too few PnP inliers: 6
959.428582864,0,0.738295870,0.127924186,0.815905849,0.077919357,-0.030889075,-0.031976034,0.995967857,398,257,0,nan,nan,solvePnPRansac failed
959.435582864,0,0.738295870,0.127924186,0.815905849,0.077919357,-0.030889075,-0.031976034,0.995967857,273,183,0,nan,nan,solvePnPRansac failed
959.442582864,0,0.738295870,0.127924186,0.815905849,0.077919357,-0.030889075,-0.031976034,0.995967857,200,142,0,nan,nan,solvePnPRansac failed
959.449582864,0,0.738295870,0.127924186,0.815905849,0.077919357,-0.030889075,-0.031976034,0.995967857,355,276,0,nan,nan,solvePnPRansac failed
959.456582864,0,0.738295870,0.127924186,0.815905849,0.077919357,-0.030889075,-0.031976034,0.995967857,235,166,0,nan,nan,solvePnPRansac failed
959.463582864,0,0.738295870,0.127924186,0.815905849,0.077919357,-0.030889075,-0.031976034,0.995967857,454,338,0,nan,nan,solvePnPRansac failed
959.470582864,0,0.738295870,0.127924186,0.815905849,0.077919357,-0.030889075,-0.031976034,0.995967857,322,231,0,nan,nan,solvePnPRansac failed
959.477582864,0,0.738295870,0.127924186,0.815905849,0.077919357,-0.030889075,-0.031976034,0.995967857,245,188,0,nan,nan,solvePnPRansac failed
959.484582864,0,0.738295870,0.127924186,0.815905849,0.077919357,-0.030889075,-0.031976034,0.995967857,481,360,10,nan,nan,PnP inlier ratio too low: 0.028
959.491582864,0,0.738295870,0.127924186,0.815905849,0.077919357,-0.030889075,-0.031976034,0.995967857,345,266,0,nan,nan,solvePnPRansac failed
959.498582864,0,0.738295870,0.127924186,0.815905849,0.077919357,-0.030889075,-0.031976034,0.995967857,230,126,0,nan,nan,solvePnPRansac failed
959.505582864,0,0.738295870,0.127924186,0.815905849,0.077919357,-0.030889075,-0.031976034,0.995967857,419,284,7,nan,nan,too few PnP inliers: 7
959.512582864,0,0.738295870,0.127924186,0.815905849,0.077919357,-0.030889075,-0.031976034,0.995967857,324,197,0,nan,nan,solvePnPRansac failed
959.519582864,0,0.738295870,0.127924186,0.815905849,0.077919357,-0.030889075,-0.031976034,0.995967857,230,170,0,nan,nan,solvePnPRansac failed
959.526582864,0,0.738295870,0.127924186,0.815905849,0.077919357,-0.030889075,-0.031976034,0.995967857,346,249,0,nan,nan,solvePnPRansac failed
959.533582864,0,0.738295870,0.127924186,0.815905849,0.077919357,-0.030889075,-0.031976034,0.995967857,212,161,0,nan,nan,solvePnPRansac failed
959.540582864,0,0.738295870,0.127924186,0.815905849,0.077919357,-0.030889075,-0.031976034,0.995967857,315,240,0,nan,nan,solvePnPRansac failed
959.547582864,0,0.738295870,0.127924186,0.815905849,0.077919357,-0.030889075,-0.031976034,0.995967857,186,148,0,nan,nan,solvePnPRansac failed
959.554582864,0,0.738295870,0.127924186,0.815905849,0.077919357,-0.030889075,-0.031976034,0.995967857,324,246,0,nan,nan,solvePnPRansac failed
959.561582864,0,0.738295870,0.127924186,0.815905849,0.077919357,-0.030889075,-0.031976034,0.995967857,199,156,0,nan,nan,solvePnPRansac failed
959.568582864,0,0.738295870,0.127924186,0.815905849,0.077919357,-0.030889075,-0.031976034,0.995967857,316,247,0,nan,nan,solvePnPRansac cv2 error
959.575582864,0,0.738295870,0.127924186,0.815905849,0.077919357,-0.030889075,-0.031976034,0.995967857,187,156,6,nan,nan,too few PnP inliers: 6
959.582582864,0,0.738295870,0.127924186,0.815905849,0.077919357,-0.030889075,-0.031976034,0.995967857,288,177,0,nan,nan,solvePnPRansac failed
959.589582864,0,0.738295870,0.127924186,0.815905849,0.077919357,-0.030889075,-0.031976034,0.995967857,181,122,0,nan,nan,solvePnPRansac cv2 error
959.596582864,0,0.738295870,0.127924186,0.815905849,0.077919357,-0.030889075,-0.031976034,0.995967857,280,189,0,nan,nan,solvePnPRansac failed
959.603582864,0,0.738295870,0.127924186,0.815905849,0.077919357,-0.030889075,-0.031976034,0.995967857,183,106,0,nan,nan,solvePnPRansac failed
959.610582864,0,0.738295870,0.127924186,0.815905849,0.077919357,-0.030889075,-0.031976034,0.995967857,277,205,0,nan,nan,solvePnPRansac failed
959.617582864,0,0.738295870,0.127924186,0.815905849,0.077919357,-0.030889075,-0.031976034,0.995967857,172,129,0,nan,nan,solvePnPRansac failed
959.624582864,0,0.738295870,0.127924186,0.815905849,0.077919357,-0.030889075,-0.031976034,0.995967857,299,215,0,nan,nan,solvePnPRansac failed
959.631582864,0,0.738295870,0.127924186,0.815905849,0.077919357,-0.030889075,-0.031976034,0.995967857,171,130,0,nan,nan,solvePnPRansac failed
959.638582864,0,0.738295870,0.127924186,0.815905849,0.077919357,-0.030889075,-0.031976034,0.995967857,335,248,0,nan,nan,solvePnPRansac failed
959.645582864,0,0.738295870,0.127924186,0.815905849,0.077919357,-0.030889075,-0.031976034,0.995967857,202,154,0,nan,nan,solvePnPRansac failed
959.652582864,0,0.738295870,0.127924186,0.815905849,0.077919357,-0.030889075,-0.031976034,0.995967857,305,233,0,nan,nan,solvePnPRansac failed
959.659582864,0,0.738295870,0.127924186,0.815905849,0.077919357,-0.030889075,-0.031976034,0.995967857,185,123,0,nan,nan,solvePnPRansac failed
959.666582864,0,0.738295870,0.127924186,0.815905849,0.077919357,-0.030889075,-0.031976034,0.995967857,359,244,0,nan,nan,solvePnPRansac failed
959.673582864,0,0.738295870,0.127924186,0.815905849,0.077919357,-0.030889075,-0.031976034,0.995967857,199,127,7,nan,nan,too few PnP inliers: 7
959.680582864,0,0.738295870,0.127924186,0.815905849,0.077919357,-0.030889075,-0.031976034,0.995967857,344,216,12,nan,nan,PnP inlier ratio too low: 0.056
959.687582864,0,0.738295870,0.127924186,0.815905849,0.077919357,-0.030889075,-0.031976034,0.995967857,224,134,0,nan,nan,solvePnPRansac failed
959.694582864,0,0.738295870,0.127924186,0.815905849,0.077919357,-0.030889075,-0.031976034,0.995967857,339,243,0,nan,nan,solvePnPRansac failed
959.701582864,0,0.738295870,0.127924186,0.815905849,0.077919357,-0.030889075,-0.031976034,0.995967857,219,147,0,nan,nan,solvePnPRansac failed
959.708582864,0,0.738295870,0.127924186,0.815905849,0.077919357,-0.030889075,-0.031976034,0.995967857,358,272,0,nan,nan,solvePnPRansac failed
959.715582864,0,0.738295870,0.127924186,0.815905849,0.077919357,-0.030889075,-0.031976034,0.995967857,180,131,0,nan,nan,solvePnPRansac failed
959.722582864,0,0.738295870,0.127924186,0.815905849,0.077919357,-0.030889075,-0.031976034,0.995967857,332,257,0,nan,nan,solvePnPRansac failed
959.729582864,0,0.738295870,0.127924186,0.815905849,0.077919357,-0.030889075,-0.031976034,0.995967857,192,147,0,nan,nan,solvePnPRansac failed
959.736582864,0,0.738295870,0.127924186,0.815905849,0.077919357,-0.030889075,-0.031976034,0.995967857,361,264,0,nan,nan,solvePnPRansac failed
959.743582864,0,0.738295870,0.127924186,0.815905849,0.077919357,-0.030889075,-0.031976034,0.995967857,231,168,0,nan,nan,solvePnPRansac failed
959.750582864,0,0.738295870,0.127924186,0.815905849,0.077919357,-0.030889075,-0.031976034,0.995967857,360,249,11,nan,nan,PnP inlier ratio too low: 0.044
959.757582864,0,0.738295870,0.127924186,0.815905849,0.077919357,-0.030889075,-0.031976034,0.995967857,223,119,6,nan,nan,too few PnP inliers: 6
959.764582864,0,0.738295870,0.127924186,0.815905849,0.077919357,-0.030889075,-0.031976034,0.995967857,333,203,7,nan,nan,too few PnP inliers: 7
959.771582864,0,0.738295870,0.127924186,0.815905849,0.077919357,-0.030889075,-0.031976034,0.995967857,256,156,7,nan,nan,too few PnP inliers: 7
959.778582864,0,0.738295870,0.127924186,0.815905849,0.077919357,-0.030889075,-0.031976034,0.995967857,180,107,0,nan,nan,solvePnPRansac cv2 error
959.785582864,0,0.738295870,0.127924186,0.815905849,0.077919357,-0.030889075,-0.031976034,0.995967857,307,218,0,nan,nan,solvePnPRansac failed
959.792582864,0,0.738295870,0.127924186,0.815905849,0.077919357,-0.030889075,-0.031976034,0.995967857,204,144,0,nan,nan,solvePnPRansac failed
959.799582864,0,0.738295870,0.127924186,0.815905849,0.077919357,-0.030889075,-0.031976034,0.995967857,349,269,0,nan,nan,solvePnPRansac failed
959.806582864,0,0.738295870,0.127924186,0.815905849,0.077919357,-0.030889075,-0.031976034,0.995967857,172,145,0,nan,nan,solvePnPRansac failed
959.813582864,0,0.738295870,0.127924186,0.815905849,0.077919357,-0.030889075,-0.031976034,0.995967857,305,231,0,nan,nan,solvePnPRansac failed
959.820582864,0,0.738295870,0.127924186,0.815905849,0.077919357,-0.030889075,-0.031976034,0.995967857,162,104,0,nan,nan,solvePnPRansac failed
959.827582864,0,0.738295870,0.127924186,0.815905849,0.077919357,-0.030889075,-0.031976034,0.995967857,333,241,0,nan,nan,solvePnPRansac failed
959.834582864,0,0.738295870,0.127924186,0.815905849,0.077919357,-0.030889075,-0.031976034,0.995967857,206,125,0,nan,nan,solvePnPRansac cv2 error
959.841582864,0,0.738295870,0.127924186,0.815905849,0.077919357,-0.030889075,-0.031976034,0.995967857,342,217,6,nan,nan,too few PnP inliers: 6
959.848582864,0,0.738295870,0.127924186,0.815905849,0.077919357,-0.030889075,-0.031976034,0.995967857,255,156,0,nan,nan,solvePnPRansac failed
959.855582864,0,0.738295870,0.127924186,0.815905849,0.077919357,-0.030889075,-0.031976034,0.995967857,167,105,0,nan,nan,solvePnPRansac failed
959.862582864,0,0.738295870,0.127924186,0.815905849,0.077919357,-0.030889075,-0.031976034,0.995967857,363,236,0,nan,nan,solvePnPRansac failed
959.869582864,0,0.738295870,0.127924186,0.815905849,0.077919357,-0.030889075,-0.031976034,0.995967857,239,140,0,nan,nan,solvePnPRansac failed
959.876582864,0,0.738295870,0.127924186,0.815905849,0.077919357,-0.030889075,-0.031976034,0.995967857,324,233,0,nan,nan,solvePnPRansac failed
959.883582864,0,0.738295870,0.127924186,0.815905849,0.077919357,-0.030889075,-0.031976034,0.995967857,218,160,0,nan,nan,solvePnPRansac failed
959.890582864,0,0.738295870,0.127924186,0.815905849,0.077919357,-0.030889075,-0.031976034,0.995967857,311,229,0,nan,nan,solvePnPRansac failed
959.897582864,0,0.738295870,0.127924186,0.815905849,0.077919357,-0.030889075,-0.031976034,0.995967857,170,128,0,nan,nan,solvePnPRansac failed
959.904582864,0,0.738295870,0.127924186,0.815905849,0.077919357,-0.030889075,-0.031976034,0.995967857,379,254,0,nan,nan,solvePnPRansac failed
959.911582864,0,0.738295870,0.127924186,0.815905849,0.077919357,-0.030889075,-0.031976034,0.995967857,218,150,0,nan,nan,solvePnPRansac failed
959.918582864,0,0.738295870,0.127924186,0.815905849,0.077919357,-0.030889075,-0.031976034,0.995967857,394,222,0,nan,nan,solvePnPRansac failed
959.925582864,0,0.738295870,0.127924186,0.815905849,0.077919357,-0.030889075,-0.031976034,0.995967857,299,144,7,nan,nan,too few PnP inliers: 7
959.932582864,0,0.738295870,0.127924186,0.815905849,0.077919357,-0.030889075,-0.031976034,0.995967857,210,143,6,nan,nan,too few PnP inliers: 6
959.939582864,0,0.738295870,0.127924186,0.815905849,0.077919357,-0.030889075,-0.031976034,0.995967857,362,239,0,nan,nan,solvePnPRansac failed
959.946582864,0,0.738295870,0.127924186,0.815905849,0.077919357,-0.030889075,-0.031976034,0.995967857,246,157,0,nan,nan,solvePnPRansac failed
959.953582864,0,0.738295870,0.127924186,0.815905849,0.077919357,-0.030889075,-0.031976034,0.995967857,356,243,0,nan,nan,solvePnPRansac failed
959.960582864,0,0.738295870,0.127924186,0.815905849,0.077919357,-0.030889075,-0.031976034,0.995967857,233,158,0,nan,nan,solvePnPRansac failed
959.967582864,0,0.738295870,0.127924186,0.815905849,0.077919357,-0.030889075,-0.031976034,0.995967857,369,247,6,nan,nan,too few PnP inliers: 6
959.974582864,0,0.738295870,0.127924186,0.815905849,0.077919357,-0.030889075,-0.031976034,0.995967857,272,184,0,nan,nan,solvePnPRansac failed
959.981582864,0,0.738295870,0.127924186,0.815905849,0.077919357,-0.030889075,-0.031976034,0.995967857,201,127,0,nan,nan,solvePnPRansac failed
959.988582864,0,0.738295870,0.127924186,0.815905849,0.077919357,-0.030889075,-0.031976034,0.995967857,348,256,0,nan,nan,solvePnPRansac failed
959.995582864,0,0.738295870,0.127924186,0.815905849,0.077919357,-0.030889075,-0.031976034,0.995967857,178,91,0,nan,nan,solvePnPRansac failed
960.002582864,0,0.738295870,0.127924186,0.815905849,0.077919357,-0.030889075,-0.031976034,0.995967857,366,247,12,nan,nan,PnP inlier ratio too low: 0.049
960.009582864,0,0.738295870,0.127924186,0.815905849,0.077919357,-0.030889075,-0.031976034,0.995967857,242,162,0,nan,nan,solvePnPRansac failed
960.016582864,0,0.738295870,0.127924186,0.815905849,0.077919357,-0.030889075,-0.031976034,0.995967857,390,229,9,nan,nan,too few PnP inliers: 9
960.023582864,0,0.738295870,0.127924186,0.815905849,0.077919357,-0.030889075,-0.031976034,0.995967857,265,181,0,nan,nan,solvePnPRansac failed
960.030582864,0,0.738295870,0.127924186,0.815905849,0.077919357,-0.030889075,-0.031976034,0.995967857,175,119,0,nan,nan,solvePnPRansac cv2 error
960.037582864,0,0.738295870,0.127924186,0.815905849,0.077919357,-0.030889075,-0.031976034,0.995967857,334,221,5,nan,nan,too few PnP inliers: 5
960.044582864,0,0.738295870,0.127924186,0.815905849,0.077919357,-0.030889075,-0.031976034,0.995967857,207,130,8,nan,nan,too few PnP inliers: 8
960.051582864,0,0.738295870,0.127924186,0.815905849,0.077919357,-0.030889075,-0.031976034,0.995967857,336,240,0,nan,nan,solvePnPRansac failed
960.058582864,0,0.738295870,0.127924186,0.815905849,0.077919357,-0.030889075,-0.031976034,0.995967857,213,93,8,nan,nan,too few PnP inliers: 8
960.065582864,0,0.738295870,0.127924186,0.815905849,0.077919357,-0.030889075,-0.031976034,0.995967857,374,146,11,nan,nan,PnP inlier ratio too low: 0.075
960.072582864,0,0.738295870,0.127924186,0.815905849,0.077919357,-0.030889075,-0.031976034,0.995967857,301,179,0,nan,nan,solvePnPRansac cv2 error
960.079582864,0,0.738295870,0.127924186,0.815905849,0.077919357,-0.030889075,-0.031976034,0.995967857,216,126,0,nan,nan,solvePnPRansac failed
960.086582864,0,0.738295870,0.127924186,0.815905849,0.077919357,-0.030889075,-0.031976034,0.995967857,391,200,0,nan,nan,solvePnPRansac failed
960.093582864,0,0.738295870,0.127924186,0.815905849,0.077919357,-0.030889075,-0.031976034,0.995967857,285,168,0,nan,nan,solvePnPRansac failed
960.100582864,0,0.738295870,0.127924186,0.815905849,0.077919357,-0.030889075,-0.031976034,0.995967857,210,118,6,nan,nan,too few PnP inliers: 6
960.107582864,0,0.738295870,0.127924186,0.815905849,0.077919357,-0.030889075,-0.031976034,0.995967857,353,219,0,nan,nan,solvePnPRansac failed
960.114582864,0,0.738295870,0.127924186,0.815905849,0.077919357,-0.030889075,-0.031976034,0.995967857,267,133,6,nan,nan,too few PnP inliers: 6
960.121582864,0,0.738295870,0.127924186,0.815905849,0.077919357,-0.030889075,-0.031976034,0.995967857,190,124,18,nan,nan,PnP inlier ratio too low: 0.145
960.128582864,0,0.738295870,0.127924186,0.815905849,0.077919357,-0.030889075,-0.031976034,0.995967857,438,177,0,nan,nan,solvePnPRansac cv2 error
960.135582864,0,0.738295870,0.127924186,0.815905849,0.077919357,-0.030889075,-0.031976034,0.995967857,355,211,16,nan,nan,PnP inlier ratio too low: 0.076
960.142582864,0,0.738295870,0.127924186,0.815905849,0.077919357,-0.030889075,-0.031976034,0.995967857,282,185,9,nan,nan,too few PnP inliers: 9
960.149582864,0,0.738295870,0.127924186,0.815905849,0.077919357,-0.030889075,-0.031976034,0.995967857,238,168,16,nan,nan,PnP inlier ratio too low: 0.095
960.156582864,0,0.738295870,0.127924186,0.815905849,0.077919357,-0.030889075,-0.031976034,0.995967857,466,285,0,nan,nan,solvePnPRansac failed
960.163582864,0,0.738295870,0.127924186,0.815905849,0.077919357,-0.030889075,-0.031976034,0.995967857,373,209,8,nan,nan,too few PnP inliers: 8
960.170582864,0,0.738295870,0.127924186,0.815905849,0.077919357,-0.030889075,-0.031976034,0.995967857,249,172,0,nan,nan,solvePnPRansac cv2 error
960.177582864,0,0.738295870,0.127924186,0.815905849,0.077919357,-0.030889075,-0.031976034,0.995967857,381,261,0,nan,nan,solvePnPRansac cv2 error
960.184582864,0,0.738295870,0.127924186,0.815905849,0.077919357,-0.030889075,-0.031976034,0.995967857,273,203,0,nan,nan,solvePnPRansac failed
960.191582864,0,0.738295870,0.127924186,0.815905849,0.077919357,-0.030889075,-0.031976034,0.995967857,175,100,9,nan,nan,too few PnP inliers: 9
960.198582864,0,0.738295870,0.127924186,0.815905849,0.077919357,-0.030889075,-0.031976034,0.995967857,421,239,9,nan,nan,too few PnP inliers: 9
960.205582864,0,0.738295870,0.127924186,0.815905849,0.077919357,-0.030889075,-0.031976034,0.995967857,360,178,0,nan,nan,solvePnPRansac failed
960.212582864,0,0.738295870,0.127924186,0.815905849,0.077919357,-0.030889075,-0.031976034,0.995967857,280,173,6,nan,nan,too few PnP inliers: 6
960.219582864,0,0.738295870,0.127924186,0.815905849,0.077919357,-0.030889075,-0.031976034,0.995967857,198,101,0,nan,nan,solvePnPRansac cv2 error
960.226582864,0,0.738295870,0.127924186,0.815905849,0.077919357,-0.030889075,-0.031976034,0.995967857,476,297,7,nan,nan,too few PnP inliers: 7
960.233582864,0,0.738295870,0.127924186,0.815905849,0.077919357,-0.030889075,-0.031976034,0.995967857,355,245,0,nan,nan,solvePnPRansac failed
960.240582864,0,0.738295870,0.127924186,0.815905849,0.077919357,-0.030889075,-0.031976034,0.995967857,273,171,6,nan,nan,too few PnP inliers: 6
960.247582864,0,0.738295870,0.127924186,0.815905849,0.077919357,-0.030889075,-0.031976034,0.995967857,204,140,0,nan,nan,solvePnPRansac failed
960.254582864,0,0.738295870,0.127924186,0.815905849,0.077919357,-0.030889075,-0.031976034,0.995967857,500,227,20,nan,nan,PnP inlier ratio too low: 0.088
960.261582864,0,0.738295870,0.127924186,0.815905849,0.077919357,-0.030889075,-0.031976034,0.995967857,391,225,11,nan,nan,PnP inlier ratio too low: 0.049
960.268582864,0,0.738295870,0.127924186,0.815905849,0.077919357,-0.030889075,-0.031976034,0.995967857,320,146,0,nan,nan,solvePnPRansac cv2 error
960.275582864,0,0.738295870,0.127924186,0.815905849,0.077919357,-0.030889075,-0.031976034,0.995967857,238,126,0,nan,nan,solvePnPRansac cv2 error
960.282582864,0,0.738295870,0.127924186,0.815905849,0.077919357,-0.030889075,-0.031976034,0.995967857,373,189,0,nan,nan,solvePnPRansac failed
960.289582864,0,0.738295870,0.127924186,0.815905849,0.077919357,-0.030889075,-0.031976034,0.995967857,254,147,6,nan,nan,too few PnP inliers: 6
960.296582864,0,0.738295870,0.127924186,0.815905849,0.077919357,-0.030889075,-0.031976034,0.995967857,204,90,0,nan,nan,solvePnPRansac failed
960.303582864,0,0.738295870,0.127924186,0.815905849,0.077919357,-0.030889075,-0.031976034,0.995967857,336,201,0,nan,nan,solvePnPRansac failed
960.310582864,0,0.738295870,0.127924186,0.815905849,0.077919357,-0.030889075,-0.031976034,0.995967857,196,126,0,nan,nan,solvePnPRansac cv2 error
960.317582864,0,0.738295870,0.127924186,0.815905849,0.077919357,-0.030889075,-0.031976034,0.995967857,321,215,6,nan,nan,too few PnP inliers: 6
960.324582864,0,0.738295870,0.127924186,0.815905849,0.077919357,-0.030889075,-0.031976034,0.995967857,209,118,6,nan,nan,too few PnP inliers: 6
960.331582864,0,0.738295870,0.127924186,0.815905849,0.077919357,-0.030889075,-0.031976034,0.995967857,423,202,10,nan,nan,PnP inlier ratio too low: 0.050
960.338582864,0,0.738295870,0.127924186,0.815905849,0.077919357,-0.030889075,-0.031976034,0.995967857,353,200,6,nan,nan,too few PnP inliers: 6
960.345582864,0,0.738295870,0.127924186,0.815905849,0.077919357,-0.030889075,-0.031976034,0.995967857,280,168,7,nan,nan,too few PnP inliers: 7
960.352582864,0,0.738295870,0.127924186,0.815905849,0.077919357,-0.030889075,-0.031976034,0.995967857,233,145,0,nan,nan,solvePnPRansac failed
960.359582864,0,0.738295870,0.127924186,0.815905849,0.077919357,-0.030889075,-0.031976034,0.995967857,341,199,0,nan,nan,solvePnPRansac cv2 error
960.366582864,0,0.738295870,0.127924186,0.815905849,0.077919357,-0.030889075,-0.031976034,0.995967857,226,136,6,nan,nan,too few PnP inliers: 6
960.373582864,0,0.738295870,0.127924186,0.815905849,0.077919357,-0.030889075,-0.031976034,0.995967857,430,238,7,nan,nan,too few PnP inliers: 7
960.380582864,0,0.738295870,0.127924186,0.815905849,0.077919357,-0.030889075,-0.031976034,0.995967857,261,152,0,nan,nan,solvePnPRansac failed
960.387582864,0,0.738295870,0.127924186,0.815905849,0.077919357,-0.030889075,-0.031976034,0.995967857,191,98,7,nan,nan,too few PnP inliers: 7
960.394582864,0,0.738295870,0.127924186,0.815905849,0.077919357,-0.030889075,-0.031976034,0.995967857,419,278,17,nan,nan,PnP inlier ratio too low: 0.061
960.401582864,0,0.738295870,0.127924186,0.815905849,0.077919357,-0.030889075,-0.031976034,0.995967857,299,187,11,nan,nan,PnP inlier ratio too low: 0.059
960.408582864,0,0.738295870,0.127924186,0.815905849,0.077919357,-0.030889075,-0.031976034,0.995967857,201,121,0,nan,nan,solvePnPRansac cv2 error
960.415582864,0,0.738295870,0.127924186,0.815905849,0.077919357,-0.030889075,-0.031976034,0.995967857,348,225,5,nan,nan,too few PnP inliers: 5
960.422582864,0,0.738295870,0.127924186,0.815905849,0.077919357,-0.030889075,-0.031976034,0.995967857,238,172,6,nan,nan,too few PnP inliers: 6
960.429582864,0,0.738295870,0.127924186,0.815905849,0.077919357,-0.030889075,-0.031976034,0.995967857,347,244,0,nan,nan,solvePnPRansac failed
960.436582864,0,0.738295870,0.127924186,0.815905849,0.077919357,-0.030889075,-0.031976034,0.995967857,218,157,0,nan,nan,solvePnPRansac failed
960.443582864,0,0.738295870,0.127924186,0.815905849,0.077919357,-0.030889075,-0.031976034,0.995967857,368,256,9,nan,nan,too few PnP inliers: 9
960.450582864,0,0.738295870,0.127924186,0.815905849,0.077919357,-0.030889075,-0.031976034,0.995967857,163,115,0,nan,nan,solvePnPRansac failed
960.457582864,0,0.738295870,0.127924186,0.815905849,0.077919357,-0.030889075,-0.031976034,0.995967857,358,210,0,nan,nan,solvePnPRansac failed
960.464582864,0,0.738295870,0.127924186,0.815905849,0.077919357,-0.030889075,-0.031976034,0.995967857,226,135,6,nan,nan,too few PnP inliers: 6
960.471582864,0,0.738295870,0.127924186,0.815905849,0.077919357,-0.030889075,-0.031976034,0.995967857,371,203,14,nan,nan,PnP inlier ratio too low: 0.069
960.478582864,0,0.738295870,0.127924186,0.815905849,0.077919357,-0.030889075,-0.031976034,0.995967857,256,174,6,nan,nan,too few PnP inliers: 6
960.485582864,0,0.738295870,0.127924186,0.815905849,0.077919357,-0.030889075,-0.031976034,0.995967857,190,108,0,nan,nan,solvePnPRansac failed
960.492582864,0,0.738295870,0.127924186,0.815905849,0.077919357,-0.030889075,-0.031976034,0.995967857,383,258,0,nan,nan,solvePnPRansac failed
960.499582864,0,0.738295870,0.127924186,0.815905849,0.077919357,-0.030889075,-0.031976034,0.995967857,262,170,0,nan,nan,solvePnPRansac failed
960.506582864,0,0.738295870,0.127924186,0.815905849,0.077919357,-0.030889075,-0.031976034,0.995967857,188,121,0,nan,nan,solvePnPRansac failed
960.513582864,0,0.738295870,0.127924186,0.815905849,0.077919357,-0.030889075,-0.031976034,0.995967857,340,255,0,nan,nan,solvePnPRansac failed
960.520582864,0,0.738295870,0.127924186,0.815905849,0.077919357,-0.030889075,-0.031976034,0.995967857,207,142,0,nan,nan,solvePnPRansac failed
960.527582864,0,0.738295870,0.127924186,0.815905849,0.077919357,-0.030889075,-0.031976034,0.995967857,327,168,0,nan,nan,solvePnPRansac cv2 error
960.534582864,0,0.738295870,0.127924186,0.815905849,0.077919357,-0.030889075,-0.031976034,0.995967857,225,131,10,nan,nan,PnP inlier ratio too low: 0.076
960.541582864,0,0.738295870,0.127924186,0.815905849,0.077919357,-0.030889075,-0.031976034,0.995967857,335,182,11,nan,nan,PnP inlier ratio too low: 0.060
960.548582864,0,0.738295870,0.127924186,0.815905849,0.077919357,-0.030889075,-0.031976034,0.995967857,243,138,0,nan,nan,solvePnPRansac cv2 error
960.555582864,0,0.738295870,0.127924186,0.815905849,0.077919357,-0.030889075,-0.031976034,0.995967857,346,202,7,nan,nan,too few PnP inliers: 7
960.562582864,0,0.738295870,0.127924186,0.815905849,0.077919357,-0.030889075,-0.031976034,0.995967857,228,147,0,nan,nan,solvePnPRansac failed
960.569582864,0,0.738295870,0.127924186,0.815905849,0.077919357,-0.030889075,-0.031976034,0.995967857,364,243,0,nan,nan,solvePnPRansac failed
960.576582864,0,0.738295870,0.127924186,0.815905849,0.077919357,-0.030889075,-0.031976034,0.995967857,240,150,0,nan,nan,solvePnPRansac failed
960.583582864,0,0.738295870,0.127924186,0.815905849,0.077919357,-0.030889075,-0.031976034,0.995967857,366,265,0,nan,nan,solvePnPRansac cv2 error
960.590582864,0,0.738295870,0.127924186,0.815905849,0.077919357,-0.030889075,-0.031976034,0.995967857,235,167,0,nan,nan,solvePnPRansac failed
960.597582864,0,0.738295870,0.127924186,0.815905849,0.077919357,-0.030889075,-0.031976034,0.995967857,253,166,5,nan,nan,too few PnP inliers: 5
960.604582864,0,0.738295870,0.127924186,0.815905849,0.077919357,-0.030889075,-0.031976034,0.995967857,173,104,0,nan,nan,solvePnPRansac failed
960.611582864,0,0.738295870,0.127924186,0.815905849,0.077919357,-0.030889075,-0.031976034,0.995967857,304,155,16,nan,nan,PnP inlier ratio too low: 0.103
960.618582864,0,0.738295870,0.127924186,0.815905849,0.077919357,-0.030889075,-0.031976034,0.995967857,228,135,0,nan,nan,solvePnPRansac failed
960.625582864,0,0.738295870,0.127924186,0.815905849,0.077919357,-0.030889075,-0.031976034,0.995967857,321,182,0,nan,nan,solvePnPRansac cv2 error
960.632582864,0,0.738295870,0.127924186,0.815905849,0.077919357,-0.030889075,-0.031976034,0.995967857,231,161,0,nan,nan,solvePnPRansac cv2 error
960.639582864,0,0.738295870,0.127924186,0.815905849,0.077919357,-0.030889075,-0.031976034,0.995967857,343,201,5,nan,nan,too few PnP inliers: 5
960.646582864,0,0.738295870,0.127924186,0.815905849,0.077919357,-0.030889075,-0.031976034,0.995967857,244,192,0,nan,nan,solvePnPRansac failed
960.653582864,0,0.738295870,0.127924186,0.815905849,0.077919357,-0.030889075,-0.031976034,0.995967857,441,199,16,nan,nan,PnP inlier ratio too low: 0.080
960.660582864,1,0.785369535,0.138991591,0.809004738,0.079034687,-0.034481996,-0.030563971,0.995806384,349,253,56,1.174739217,0.960888607,ok
960.667582864,1,0.831821089,0.003878303,1.085992164,0.076059801,-0.027660128,-0.033386494,0.996160211,290,137,25,1.681798305,1.825148510,ok
960.674582864,1,0.826024896,-0.004997911,1.103415686,0.074677902,-0.027111294,-0.033660880,0.996270613,263,205,82,1.171424966,0.892134676,ok
960.681582864,0,0.826024896,-0.004997911,1.103415686,0.074677902,-0.027111294,-0.033660880,0.996270613,239,158,21,nan,nan,PnP inlier ratio too low: 0.133
960.688582864,0,0.826024896,-0.004997911,1.103415686,0.074677902,-0.027111294,-0.033660880,0.996270613,463,325,40,nan,nan,PnP inlier ratio too low: 0.123
960.695582864,0,0.826024896,-0.004997911,1.103415686,0.074677902,-0.027111294,-0.033660880,0.996270613,398,250,10,nan,nan,PnP inlier ratio too low: 0.040
960.702582864,1,0.833883545,-0.029352741,1.126714643,0.070453418,-0.029122674,-0.027130088,0.996720695,308,215,50,1.647302266,1.500083887,ok
960.709582864,0,0.833883545,-0.029352741,1.126714643,0.070453418,-0.029122674,-0.027130088,0.996720695,266,223,6,nan,nan,too few PnP inliers: 6
960.716582864,0,0.833883545,-0.029352741,1.126714643,0.070453418,-0.029122674,-0.027130088,0.996720695,193,117,0,nan,nan,solvePnPRansac failed
960.723582864,1,0.849285942,-0.019889148,1.113613686,0.070572977,-0.030624455,-0.026897720,0.996673522,426,314,105,0.832346474,0.623540411,ok
960.730582864,1,0.833232872,-0.018003875,1.139236981,0.071125796,-0.029355682,-0.026072817,0.996694323,358,225,60,0.998731870,0.944992401,ok
960.737582864,1,0.832267905,-0.029656743,1.104732052,0.068445555,-0.029731491,-0.026123818,0.996869495,336,263,118,1.007404655,0.797970772,ok
960.744582864,0,0.832267905,-0.029656743,1.104732052,0.068445555,-0.029731491,-0.026123818,0.996869495,320,185,22,nan,nan,PnP inlier ratio too low: 0.119
960.751582864,1,0.794380587,-0.083619927,1.117445029,0.062704922,-0.025236651,-0.020904303,0.997493967,280,199,60,1.862655979,1.910485728,ok
960.758582864,0,0.794380587,-0.083619927,1.117445029,0.062704922,-0.025236651,-0.020904303,0.997493967,232,154,0,nan,nan,solvePnPRansac failed
960.765582864,0,0.794380587,-0.083619927,1.117445029,0.062704922,-0.025236651,-0.020904303,0.997493967,477,279,13,nan,nan,PnP inlier ratio too low: 0.047
960.772582864,0,0.794380587,-0.083619927,1.117445029,0.062704922,-0.025236651,-0.020904303,0.997493967,359,248,6,nan,nan,too few PnP inliers: 6
960.779582864,0,0.794380587,-0.083619927,1.117445029,0.062704922,-0.025236651,-0.020904303,0.997493967,312,107,0,nan,nan,solvePnPRansac cv2 error
960.786582864,0,0.794380587,-0.083619927,1.117445029,0.062704922,-0.025236651,-0.020904303,0.997493967,234,141,0,nan,nan,solvePnPRansac failed
960.793582864,0,0.794380587,-0.083619927,1.117445029,0.062704922,-0.025236651,-0.020904303,0.997493967,406,176,17,nan,nan,PnP inlier ratio too low: 0.097
960.800582864,0,0.794380587,-0.083619927,1.117445029,0.062704922,-0.025236651,-0.020904303,0.997493967,324,131,0,nan,nan,solvePnPRansac cv2 error
960.807582864,0,0.794380587,-0.083619927,1.117445029,0.062704922,-0.025236651,-0.020904303,0.997493967,223,108,0,nan,nan,solvePnPRansac cv2 error
960.814582864,0,0.794380587,-0.083619927,1.117445029,0.062704922,-0.025236651,-0.020904303,0.997493967,281,148,0,nan,nan,solvePnPRansac failed
960.821582864,0,0.794380587,-0.083619927,1.117445029,0.062704922,-0.025236651,-0.020904303,0.997493967,188,97,0,nan,nan,solvePnPRansac failed
960.828582864,0,0.794380587,-0.083619927,1.117445029,0.062704922,-0.025236651,-0.020904303,0.997493967,269,179,0,nan,nan,solvePnPRansac failed
960.835582864,1,0.788310255,-0.071001296,1.106259630,0.065472301,-0.024184222,-0.024817470,0.997252523,196,92,19,1.347197280,1.093786805,ok
960.842582864,1,0.724174347,-0.046586479,1.139602372,0.069057661,-0.012219176,-0.027094514,0.997169804,281,200,36,1.427593411,1.435523121,ok
960.849582864,1,0.739927635,-0.047083967,1.154416347,0.070039540,-0.014922595,-0.027390051,0.997056450,205,62,28,1.216533490,1.266832883,ok
960.856582864,1,0.736506804,-0.045761230,1.163656202,0.071010592,-0.015013176,-0.027354485,0.996987378,455,312,181,1.124925082,0.892725354,ok
960.863582864,1,0.720888945,-0.044104356,1.184104120,0.071533950,-0.012015750,-0.029111319,0.996940844,390,308,91,1.363661747,1.354585539,ok
960.870582864,1,0.700159037,-0.048983118,1.174149298,0.071889535,-0.010226031,-0.028720651,0.996946562,355,276,144,1.172108682,1.087651837,ok
960.877582864,1,0.704937036,-0.047614118,1.181862503,0.072678078,-0.010380988,-0.028834160,0.996884509,338,264,147,1.167934538,1.069662814,ok
960.884582864,1,0.713374034,-0.047787600,1.189149975,0.074070238,-0.011197194,-0.028020599,0.996796403,334,267,181,1.182245732,1.037868427,ok
960.891582864,1,0.713905570,-0.045978994,1.197885755,0.075150851,-0.011131399,-0.028141909,0.996712835,328,277,187,1.003585220,0.783091356,ok
960.898582864,1,0.709855064,-0.050279747,1.209870413,0.075827720,-0.010402835,-0.028254871,0.996666243,327,266,195,0.977867576,0.793334425,ok
960.905582864,1,0.706214044,-0.050582309,1.220137467,0.076893130,-0.009810768,-0.028244072,0.996590923,313,277,200,1.001314639,0.721465577,ok
960.912582864,1,0.714067857,-0.055958237,1.212913257,0.077548924,-0.010688035,-0.027332075,0.996556515,311,271,200,0.965998844,0.832534635,ok
960.919582864,1,0.706469348,-0.058165717,1.211936532,0.078755366,-0.010068969,-0.026374686,0.996494147,300,264,190,0.896950176,0.789451114,ok
960.926582864,1,0.710058915,-0.062304395,1.210699961,0.079412982,-0.010563501,-0.025910240,0.996449020,278,243,192,0.979915517,0.738646626,ok
960.933582864,1,0.715783077,-0.066084711,1.210516990,0.080275740,-0.011065742,-0.025592990,0.996382634,263,233,187,0.955474410,0.674953154,ok
960.940582864,1,0.720852843,-0.066213583,1.217717759,0.081628068,-0.011481659,-0.024693404,0.996290754,259,235,191,0.902200924,0.719492036,ok
960.947582864,1,0.723319063,-0.067881126,1.219837137,0.082588027,-0.011776828,-0.024640392,0.996209504,255,229,200,0.893273398,0.739202526,ok
960.954582864,1,0.724518692,-0.070979160,1.222440715,0.083485152,-0.011705650,-0.024321224,0.996143406,251,228,181,0.882449908,0.673344605,ok
960.961582864,1,0.717928439,-0.074773441,1.223156607,0.084195741,-0.011155540,-0.023585800,0.996107595,249,223,185,0.939638469,0.748744320,ok
960.968582864,1,0.725358335,-0.072885409,1.227606419,0.085612360,-0.011797901,-0.023415045,0.995983468,657,516,354,1.006965592,0.858690094,ok
960.975582864,1,0.719411276,-0.074408266,1.234695696,0.086483653,-0.011217348,-0.023071192,0.995922923,630,525,327,1.030006021,0.836142495,ok
960.982582864,1,0.711496903,-0.075475877,1.238129485,0.087326690,-0.010317773,-0.022995665,0.995860830,606,480,320,1.036863747,0.847455406,ok
960.989582864,1,0.715762011,-0.079241407,1.237166994,0.087853754,-0.010877844,-0.022657655,0.995816259,564,435,238,1.007744315,0.798174201,ok
960.996582864,1,0.714213069,-0.082102576,1.234427078,0.088343848,-0.010925339,-0.022663740,0.995772241,536,403,305,0.981063524,0.779626595,ok
961.003582864,1,0.711887252,-0.085155837,1.236439073,0.089026432,-0.010836250,-0.022382684,0.995718778,524,419,281,1.002082405,0.768701686,ok
961.010582864,1,0.718998242,-0.084412430,1.242631862,0.090226922,-0.011711235,-0.021837275,0.995612918,497,401,284,1.030383639,0.831021255,ok
961.017582864,1,0.718580740,-0.086140227,1.255503872,0.091191392,-0.011292110,-0.021381715,0.995539773,483,387,321,1.011202026,0.883864234,ok
961.024582864,1,0.730861551,-0.086465487,1.253112501,0.092171987,-0.012928130,-0.020816316,0.995441545,476,408,261,1.038159364,0.913002852,ok
961.031582864,1,0.735336639,-0.090456842,1.239349115,0.092708997,-0.014123464,-0.019991001,0.995392350,463,364,283,1.013112420,0.856726841,ok
961.038582864,1,0.742827063,-0.090744624,1.241298150,0.093658413,-0.014890935,-0.019737811,0.995297333,451,367,249,1.003997460,0.867947203,ok
961.045582864,1,0.732155798,-0.096105885,1.240061099,0.093743757,-0.014049557,-0.019934118,0.995297618,440,354,236,1.094305891,0.999648611,ok
961.052582864,1,0.750343384,-0.097160839,1.236667298,0.094657721,-0.016314459,-0.019304809,0.995188966,437,339,243,1.096849353,1.008065758,ok
961.059582864,1,0.743996788,-0.098572391,1.246422055,0.095147366,-0.015200027,-0.020020728,0.995145772,431,372,236,1.093231927,0.962556916,ok
961.066582864,1,0.749266087,-0.100589407,1.258714641,0.095746845,-0.015395519,-0.020584582,0.995073763,410,356,274,1.019533551,0.856337312,ok
961.073582864,1,0.751367366,-0.103486618,1.258362016,0.096202624,-0.015696122,-0.020773412,0.995021182,404,348,245,1.076500905,0.848384778,ok
961.080582864,1,0.737618210,-0.103540864,1.257356959,0.096686674,-0.014581518,-0.021447427,0.994976921,399,332,232,1.054260786,0.889935379,ok
961.087582864,1,0.736041599,-0.107796358,1.265522196,0.096985890,-0.014166761,-0.021598176,0.994950531,386,349,290,1.101432218,0.875294399,ok
961.094582864,1,0.727620797,-0.112592844,1.269833116,0.096962907,-0.012890067,-0.022438364,0.994951537,384,336,216,1.162904334,1.031347661,ok
961.101582864,1,0.728888082,-0.116587096,1.273196981,0.097528157,-0.013378113,-0.021982719,0.994900017,378,320,239,1.007876965,0.872237577,ok
961.108582864,1,0.722779613,-0.125616757,1.255526701,0.096890000,-0.013661533,-0.022073783,0.994956501,376,331,208,1.133799819,0.962650480,ok
961.115582864,1,0.722098100,-0.131492171,1.251078142,0.097032990,-0.013920294,-0.021872473,0.994943425,364,320,208,1.080194331,0.894207958,ok
961.122582864,1,0.717994562,-0.136049753,1.266175785,0.097250114,-0.013019696,-0.022489067,0.994920673,356,292,242,1.004305172,0.864320100,ok
961.129582864,1,0.709674382,-0.139470228,1.273979914,0.097455649,-0.011773379,-0.023189050,0.994900021,354,285,183,1.134468544,0.938142425,ok
961.136582864,1,0.716904129,-0.141085523,1.272489287,0.098191925,-0.012758480,-0.022103107,0.994840198,342,301,234,1.197004051,1.083053527,ok
961.143582864,1,0.739466102,-0.148118952,1.288154423,0.097957049,-0.014165235,-0.023213954,0.994819016,340,293,201,1.373915637,1.279506930,ok
961.150582864,1,0.756034985,-0.152087235,1.294367544,0.098477665,-0.015672338,-0.022365987,0.994764439,329,266,161,1.236826422,1.095983119,ok
961.157582864,1,0.738981831,-0.155378175,1.299723902,0.098263224,-0.014015477,-0.023474468,0.994784828,324,295,209,1.191848232,1.013374803,ok
961.164582864,1,0.737531859,-0.159453290,1.305319859,0.098347011,-0.013971511,-0.023796709,0.994769510,317,296,148,1.185349567,1.086745475,ok
961.171582864,1,0.737396238,-0.165313048,1.307379251,0.098434903,-0.013772572,-0.023227070,0.994777055,307,258,188,1.261275168,1.229731369,ok
961.178582864,1,0.744939093,-0.174006423,1.324259579,0.097686952,-0.013558233,-0.024392353,0.994825837,303,266,142,1.358002111,1.162202841,ok
961.185582864,1,0.789751306,-0.182589340,1.311584281,0.097056568,-0.019400621,-0.024692498,0.994783353,295,252,126,1.351345437,1.230503528,ok
961.192582864,1,0.820428628,-0.187799636,1.310649200,0.097275184,-0.023623320,-0.024268451,0.994681115,285,225,154,1.224919446,1.160288890,ok
961.199582864,1,0.704215492,-0.138993426,1.409903237,0.104122979,-0.006303020,-0.025856991,0.994208275,283,214,81,1.606048362,1.686445944,ok
961.206582864,1,0.701890172,-0.141673533,1.409960666,0.104385931,-0.005530150,-0.026174752,0.994176985,265,221,159,1.414117833,1.399560794,ok
961.213582864,1,0.671238949,-0.142855131,1.401909973,0.104242457,-0.002788001,-0.027093307,0.994178902,262,207,132,1.335647146,1.255546549,ok
961.220582864,1,0.675726891,-0.145103188,1.398477791,0.104600327,-0.003689853,-0.027014956,0.994140508,257,216,171,1.138794690,1.035729941,ok
961.227582864,1,0.706666119,-0.151789120,1.416113655,0.104394524,-0.006573428,-0.027013963,0.994147282,252,224,134,1.404774102,1.291149581,ok
961.234582864,1,0.736084759,-0.156274746,1.386938797,0.105391931,-0.011471863,-0.024196955,0.994070141,247,213,121,1.164080370,0.958008409,ok
961.241582864,1,0.741103653,-0.158204018,1.391149891,0.105730967,-0.011723184,-0.024361159,0.994027195,393,264,165,1.326353261,1.269379790,ok
961.248582864,1,0.755262006,-0.155722340,1.374051557,0.106564394,-0.013438201,-0.023733064,0.993931681,357,264,112,1.182999500,0.999927568,ok
961.255582864,1,0.763160880,-0.157520612,1.372667128,0.106907984,-0.014785029,-0.023890909,0.993871878,307,226,132,1.212787473,1.114371353,ok
961.262582864,1,0.766636461,-0.158035019,1.367768516,0.107495334,-0.015196894,-0.024159048,0.993795828,276,222,145,1.161056650,0.898502298,ok
961.269582864,1,0.768135571,-0.154183990,1.366215199,0.108487319,-0.015344019,-0.024100330,0.993687193,264,226,119,1.225535739,1.100906912,ok
961.276582864,1,0.773332912,-0.155839582,1.376757670,0.108692529,-0.015239671,-0.024833643,0.993648316,245,201,132,1.209025555,1.178438234,ok
961.283582864,1,0.766827637,-0.162757833,1.366271709,0.108580258,-0.015120636,-0.024277053,0.993676164,485,296,177,1.181575667,0.994827978,ok
961.290582864,1,0.780568967,-0.158586235,1.370599044,0.109803972,-0.016472364,-0.023952968,0.993528059,430,317,167,1.131943075,1.030760842,ok
961.297582864,1,0.784731046,-0.159685581,1.386471961,0.110448339,-0.016748942,-0.023984036,0.993451259,375,289,175,1.265120321,1.185810943,ok
961.304582864,1,0.783378541,-0.163987041,1.405502536,0.110479855,-0.015678949,-0.024877087,0.993443256,351,288,159,1.223915375,1.097840032,ok
961.311582864,1,0.790276236,-0.166033890,1.419694776,0.111029039,-0.015622161,-0.024727129,0.993386667,325,274,214,1.190474808,1.050673526,ok
961.318582864,1,0.786427321,-0.169236297,1.437846293,0.111274823,-0.014731533,-0.025100820,0.993363400,317,241,121,1.401077961,1.337867211,ok
961.325582864,1,0.800284232,-0.168817252,1.441142003,0.112088075,-0.015987081,-0.024921075,0.993257075,298,204,126,1.134662426,0.961880573,ok
961.332582864,1,0.784784293,-0.175833788,1.418950234,0.111972304,-0.015889442,-0.023382714,0.993309105,264,230,130,1.218062951,1.121772028,ok
961.339582864,1,0.818400784,-0.182696359,1.436464586,0.112047830,-0.019175041,-0.021980833,0.993274607,256,172,77,1.178821794,1.105146262,ok
961.346582864,1,0.849808165,-0.183357993,1.470784663,0.113308741,-0.020705968,-0.021217062,0.993117429,231,169,113,1.193596916,1.099520231,ok
961.353582864,1,0.907647607,-0.215669292,1.433742244,0.111212127,-0.028829346,-0.016701974,0.993238026,319,208,45,1.552012268,1.517433256,ok
961.360582864,1,0.840395609,-0.219487411,1.346827234,0.107477122,-0.025997917,-0.022730341,0.993607623,249,174,32,1.343844819,1.202644390,ok
961.367582864,1,0.868155050,-0.231691356,1.356817399,0.106495518,-0.030563818,-0.021670535,0.993607038,286,175,90,1.474870307,1.424036926,ok
961.374582864,1,0.830288654,-0.247509548,1.357893851,0.105273805,-0.026852651,-0.021281189,0.993852842,247,182,45,1.275306669,1.125013492,ok
961.381582864,1,0.814083188,-0.252294559,1.332910229,0.105213545,-0.026054103,-0.020494688,0.993897007,362,242,127,1.428246343,1.347120498,ok
961.388582864,1,0.807475554,-0.250850538,1.293823415,0.105807980,-0.027321424,-0.019811543,0.993813722,321,196,86,1.369353910,1.358567243,ok
961.395582864,1,0.815459594,-0.256348972,1.271982174,0.105790398,-0.029425453,-0.019047518,0.993770460,282,211,103,1.178201029,1.120446995,ok
961.402582864,1,0.825540691,-0.260921716,1.269570914,0.105935556,-0.030590664,-0.018521993,0.993729744,251,206,140,1.300350114,1.267476061,ok
961.409582864,1,0.828057651,-0.262314814,1.297260225,0.106229322,-0.028693636,-0.018282397,0.993759408,213,167,58,1.239170942,1.108585616,ok
961.416582864,1,0.829300858,-0.266529186,1.293917320,0.106359813,-0.029014552,-0.017998010,0.993741323,440,305,197,1.181256978,1.020636016,ok
961.423582864,1,0.832101838,-0.270027439,1.301797225,0.106664761,-0.029127887,-0.018064933,0.993704107,390,280,143,1.073111848,0.968613632,ok
961.430582864,1,0.840259686,-0.269697190,1.294571928,0.107384013,-0.030375789,-0.017291040,0.993603042,348,246,157,1.154061654,1.066107504,ok
961.437582864,1,0.845620539,-0.268661065,1.303657106,0.108142465,-0.030587065,-0.017446264,0.993511584,315,264,187,1.230978962,1.089019773,ok
961.444582864,1,0.833889778,-0.275984019,1.298739795,0.108081446,-0.029791235,-0.016730345,0.993554719,300,258,145,1.166795686,1.043498973,ok
961.451582864,1,0.830471002,-0.277710117,1.301522143,0.108496322,-0.029545906,-0.016704691,0.993517257,289,257,204,1.148434434,0.961772359,ok
961.458582864,1,0.835702450,-0.279638902,1.302837085,0.108871637,-0.030283789,-0.016361807,0.993459687,286,241,139,1.074643035,1.012695025,ok
961.465582864,1,0.842564688,-0.287574926,1.301035379,0.108097037,-0.030824725,-0.017059169,0.993515904,270,215,148,1.116071876,1.006127056,ok
961.472582864,1,0.852043161,-0.290752154,1.313228969,0.108426432,-0.031505556,-0.017307322,0.993454360,251,206,159,1.207202128,0.979341305,ok
961.479582864,1,0.841918723,-0.295811709,1.293891206,0.108065819,-0.031290345,-0.017636506,0.993494664,235,205,107,1.146131257,1.030063519,ok
961.486582864,1,0.842319356,-0.298442000,1.304582282,0.108149767,-0.031011066,-0.017966815,0.993488367,472,328,187,1.280754520,1.145998118,ok
961.493582864,1,0.835686923,-0.297149659,1.291176773,0.108913185,-0.031401386,-0.017809756,0.993395532,412,244,142,1.275755260,1.207284849,ok
961.500582864,1,0.833001162,-0.300581186,1.292088308,0.108845152,-0.031206390,-0.017943241,0.993406731,358,279,178,1.251495956,1.179674442,ok
961.507582864,1,0.841212423,-0.298374669,1.294012750,0.109979842,-0.032201348,-0.017179061,0.993263504,320,245,151,1.456142665,1.439251268,ok
961.514582864,1,0.928780660,-0.314214333,1.299572843,0.108419938,-0.043478173,-0.015923723,0.993026284,295,205,80,1.412785265,1.318534188,ok
961.521582864,1,0.938921772,-0.317892980,1.282132714,0.108337335,-0.044967016,-0.015586689,0.992974342,268,196,127,1.345520098,1.167146294,ok
961.528582864,1,0.935961568,-0.317471267,1.317743530,0.108567941,-0.043593684,-0.017267739,0.992982587,259,190,113,1.122816459,1.033297821,ok
961.535582864,1,0.952526427,-0.323699470,1.309114157,0.108437618,-0.045708169,-0.016589221,0.992913311,248,194,145,1.270955941,1.196282303,ok
961.542582864,1,0.945251099,-0.328910738,1.290687015,0.108200708,-0.045974782,-0.016605564,0.992926574,448,288,137,1.322014830,1.259573200,ok
961.549582864,1,0.970788522,-0.322465210,1.299096759,0.109965497,-0.047921131,-0.015218181,0.992662864,408,280,90,1.419552440,1.374874702,ok
961.556582864,1,0.962739479,-0.335712366,1.286202362,0.109062837,-0.047721105,-0.014575490,0.992781723,327,229,147,1.382987252,1.359966323,ok
961.563582864,1,0.951666867,-0.340018933,1.298721727,0.108575943,-0.046305726,-0.016296076,0.992875361,313,241,105,1.152411554,1.016567969,ok
961.570582864,1,0.949225277,-0.341396840,1.300978564,0.109030713,-0.045891241,-0.016059674,0.992848621,286,203,147,1.120604968,1.028930348,ok
961.577582864,1,0.940750781,-0.345302334,1.297714968,0.108882148,-0.045098069,-0.016847329,0.992888216,266,212,148,1.080517295,0.908450733,ok
961.584582864,1,0.951494833,-0.350703984,1.288208833,0.109246548,-0.046665386,-0.015799425,0.992792985,260,211,116,0.984516069,0.885406620,ok
961.591582864,1,0.948322988,-0.357065623,1.280107269,0.109181404,-0.046804620,-0.015348909,0.992800665,240,183,153,1.176849891,0.973466512,ok
961.598582864,1,0.925716460,-0.386286361,1.235553875,0.106062354,-0.045811239,-0.014219737,0.993201846,430,334,80,1.205906907,1.103858327,ok
961.605582864,1,0.923339315,-0.388524653,1.237247629,0.106371997,-0.046074571,-0.014765199,0.993148590,364,279,131,1.090986307,1.004308933,ok
961.612582864,1,0.915119037,-0.396122100,1.231827592,0.106065832,-0.045514058,-0.014879308,0.993205475,327,262,181,1.260546561,1.226906435,ok
961.619582864,1,0.932718035,-0.400629269,1.213192234,0.105784144,-0.048758685,-0.015032443,0.993079217,308,243,99,1.237718153,1.053980786,ok
961.626582864,1,0.934618909,-0.401933417,1.221321213,0.106089598,-0.048152871,-0.015437302,0.993069981,274,208,137,1.212789389,1.077283528,ok
961.633582864,1,0.943314005,-0.403229350,1.216187175,0.106832070,-0.049850577,-0.015221148,0.992909938,262,204,105,1.238028925,1.098769713,ok
961.640582864,1,0.929733047,-0.403717051,1.207595789,0.106746778,-0.048757998,-0.016211264,0.992957692,250,191,124,1.338125404,1.291033164,ok
961.647582864,1,0.949426359,-0.403766481,1.223698831,0.106882326,-0.050446540,-0.016364666,0.992856240,236,180,114,1.459821134,1.346940828,ok
961.654582864,1,0.950578600,-0.406431156,1.217461382,0.107172386,-0.050645455,-0.016193640,0.992817649,436,295,118,1.222821034,1.131660748,ok
961.661582864,1,0.960732741,-0.405980873,1.223085876,0.107745931,-0.051452691,-0.016278072,0.992712677,342,217,140,1.217819194,1.133959265,ok
961.668582864,1,0.948371817,-0.406657027,1.215903471,0.107999087,-0.050719576,-0.016540568,0.992718556,309,225,78,1.271885508,1.275448557,ok
961.675582864,1,0.979560972,-0.404405931,1.214751835,0.109045385,-0.054164445,-0.015753471,0.992434958,280,201,107,1.097780493,0.962663112,ok
961.682582864,1,0.971622303,-0.410544772,1.217288736,0.108861232,-0.053238027,-0.015548082,0.992508540,257,215,142,1.088292330,0.935754032,ok
961.689582864,1,0.972449452,-0.414452902,1.204222746,0.109349764,-0.053797119,-0.014052704,0.992446986,242,203,112,1.114503264,1.059873244,ok
961.696582864,1,0.990082093,-0.412887403,1.220308080,0.110417060,-0.055002658,-0.013077401,0.992276051,456,309,190,1.317859212,1.224150293,ok
961.703582864,1,0.963065857,-0.417828362,1.227043272,0.110209462,-0.052783723,-0.014209076,0.992404079,383,283,100,1.384363750,1.334146303,ok
961.710582864,1,0.980017298,-0.417099778,1.226445779,0.111041125,-0.054288429,-0.013783144,0.992236192,334,259,163,1.176415736,1.103752960,ok
961.717582864,1,0.982645912,-0.416971751,1.231637581,0.111726730,-0.054054395,-0.013572382,0.992174909,313,261,163,1.034749824,0.933032867,ok
961.724582864,1,0.987150621,-0.417387163,1.241526268,0.112337494,-0.054485244,-0.013826367,0.992078866,299,239,123,1.080905817,0.802049325,ok
961.731582864,1,0.980284000,-0.420122578,1.241870928,0.112632637,-0.053901803,-0.013672837,0.992079401,270,232,165,1.084430955,0.990188600,ok
961.738582864,1,0.991002926,-0.420219945,1.244581640,0.113127453,-0.055084798,-0.013778597,0.991956650,265,199,122,1.181669459,1.034099980,ok
961.745582864,1,1.002653104,-0.424615791,1.247020738,0.113408671,-0.056253131,-0.013198215,0.991866859,254,231,156,1.220939682,1.150252468,ok
961.752582864,1,1.009109659,-0.421904126,1.272969711,0.114266143,-0.055674945,-0.013424886,0.991798025,245,206,121,1.414450448,1.343913149,ok
961.759582864,1,1.013062601,-0.430438441,1.240639126,0.114108570,-0.057181746,-0.012183538,0.991746461,386,264,108,1.209362757,1.084436577,ok
961.766582864,1,1.018450035,-0.431357585,1.261950713,0.114570787,-0.057114741,-0.012105751,0.991697984,299,227,163,1.212649952,1.147655232,ok
961.773582864,1,1.056171205,-0.429873166,1.260212132,0.117891226,-0.061307241,-0.006145540,0.991113169,267,212,82,1.349281020,1.216151513,ok
961.780582864,1,1.049609423,-0.432407196,1.262778528,0.117197123,-0.060283920,-0.007841252,0.991246285,250,193,107,1.550691572,1.497090463,ok
961.787582864,1,1.045867539,-0.428811129,1.253775020,0.117906431,-0.060743230,-0.008568469,0.991128102,232,157,110,1.205342387,1.095095193,ok
961.794582864,1,1.042001657,-0.444587440,1.247195342,0.115693513,-0.061207959,-0.009741396,0.991349435,246,178,58,1.127311932,1.022199731,ok
961.801582864,1,1.034540218,-0.444337657,1.247050000,0.115910290,-0.059965691,-0.010942124,0.991387508,275,170,106,1.431372731,1.349128913,ok
961.808582864,1,1.064327165,-0.429797591,1.276204916,0.118674356,-0.061479947,-0.011134096,0.990965512,240,152,44,1.509635874,1.510947482,ok
961.815582864,1,1.064020322,-0.432028523,1.281310675,0.119103772,-0.061618593,-0.010577374,0.990911479,228,152,75,1.153304632,1.096452458,ok
961.822582864,1,1.077167016,-0.429022336,1.327421883,0.119982555,-0.060854034,-0.011294122,0.990844799,240,160,90,1.196050565,1.108095790,ok
961.829582864,0,1.077167016,-0.429022336,1.327421883,0.119982555,-0.060854034,-0.011294122,0.990844799,292,188,15,nan,nan,PnP inlier ratio too low: 0.080
961.836582864,1,1.071888099,-0.424398277,1.365801946,0.120693825,-0.058557651,-0.012662210,0.990880250,201,131,83,1.272849374,1.157988317,ok
961.843582864,0,1.071888099,-0.424398277,1.365801946,0.120693825,-0.058557651,-0.012662210,0.990880250,279,184,27,nan,nan,PnP inlier ratio too low: 0.147
961.850582864,1,1.073046993,-0.425892976,1.376301098,0.120905917,-0.058208905,-0.013007921,0.990870464,224,145,79,1.128000433,0.876920984,ok
961.857582864,1,1.073891678,-0.428492694,1.355144818,0.121271245,-0.059437652,-0.012348997,0.990761300,310,197,102,1.349781061,1.296443568,ok
961.864582864,1,1.109757336,-0.425734771,1.353593146,0.124577265,-0.063064147,-0.007289012,0.990176898,242,178,50,1.182251606,0.942879609,ok
961.871582864,1,1.110324545,-0.423786802,1.339196933,0.124853627,-0.063450999,-0.008166655,0.990110523,371,243,149,1.246174909,1.138576675,ok
961.878582864,1,1.107618752,-0.426090039,1.343902009,0.125054984,-0.063202656,-0.008483244,0.990098333,315,211,105,1.096509295,1.088267332,ok
961.885582864,1,1.136034659,-0.422734841,1.346106004,0.126228910,-0.065444264,-0.007691064,0.989810163,273,231,121,1.311102943,1.078265699,ok
961.892582864,1,1.133601456,-0.430535604,1.351145769,0.125103052,-0.064455499,-0.009184511,0.990005232,242,191,114,1.379091399,1.249705261,ok
961.899582864,1,1.133942934,-0.431516404,1.334333232,0.125246262,-0.065117857,-0.009487899,0.989940916,295,196,93,1.104899640,0.902038796,ok
961.906582864,1,1.134158810,-0.434076853,1.334082356,0.125424911,-0.065161934,-0.009696617,0.989913375,231,180,125,1.282075626,1.135371169,ok
961.913582864,1,1.118925462,-0.437225274,1.327721777,0.124931219,-0.063317774,-0.011358453,0.990077793,401,297,118,1.320177072,1.159666782,ok
961.920582864,1,1.114566705,-0.438966564,1.321174103,0.124970243,-0.063343212,-0.011862749,0.990065327,348,245,137,1.347776975,1.260499728,ok
961.927582864,1,1.141056971,-0.436041362,1.343268254,0.126061887,-0.065345303,-0.011338931,0.989802920,298,248,145,1.318329264,1.140219102,ok
961.934582864,1,1.135022588,-0.441494863,1.334484999,0.125949825,-0.065101463,-0.011274326,0.989833992,265,196,94,1.292942039,1.313054938,ok
961.941582864,1,1.122609475,-0.447525364,1.294286209,0.125497033,-0.065029624,-0.011799889,0.989890098,228,175,102,1.317703917,1.254252123,ok
961.948582864,1,1.163483928,-0.449680644,1.281959603,0.126036517,-0.069653786,-0.010060086,0.989526119,262,172,54,1.283265482,1.172077296,ok
961.955582864,1,1.159010209,-0.451095839,1.258348359,0.126146378,-0.070389243,-0.011588614,0.989443353,186,119,72,1.544595382,1.602327893,ok
961.962582864,1,1.155239480,-0.457110445,1.269411351,0.126093218,-0.070269842,-0.010539306,0.989470350,184,122,52,1.192462797,1.030694738,ok
961.969582864,1,1.258422529,-0.440200925,1.165832914,0.130492638,-0.087764361,-0.004239642,0.987548031,163,88,22,1.219719030,1.114303465,ok
961.976582864,1,1.266573221,-0.436291313,1.190211731,0.131043285,-0.088612376,-0.004821080,0.987396709,129,77,42,1.389430065,1.387342679,ok
961.983582864,1,1.322283535,-0.413263025,1.228450479,0.135360249,-0.092345856,-0.000449403,0.986483474,130,79,27,1.543838250,1.402103264,ok
961.990582864,1,1.334596937,-0.444693883,1.186669290,0.132216618,-0.095282878,0.001752984,0.986629042,122,73,23,1.622098471,1.494376991,ok
961.997582864,1,1.312269329,-0.434798323,1.160478618,0.132708144,-0.095303163,-0.001915425,0.986560787,99,49,32,1.335972885,1.018285286,ok
962.004582864,1,1.316694405,-0.442345955,1.203846885,0.132005448,-0.096135117,-0.003355242,0.986570496,89,53,21,1.808203549,2.075769400,ok
962.011582864,1,1.324261841,-0.447752911,1.218706693,0.131625294,-0.096120721,-0.002276313,0.986625769,128,59,41,1.286383870,1.291058405,ok
962.018582864,1,1.340056874,-0.434096426,1.243978489,0.134493131,-0.098308942,-0.000598079,0.986025655,136,63,24,1.173287618,1.197857153,ok
962.025582864,1,1.338204440,-0.439250120,1.228226794,0.134352363,-0.097844475,-0.000701528,0.986090974,144,97,42,1.326786945,1.199901813,ok
962.032582864,1,1.311687827,-0.438575471,1.185302804,0.134609442,-0.096225070,-0.002524923,0.986212279,165,109,55,1.450330181,1.406977625,ok
962.039582864,1,1.305179898,-0.442620387,1.152834711,0.133076717,-0.097723156,-0.006273649,0.986256262,183,104,40,1.391020101,1.324809631,ok
962.046582864,1,1.318360333,-0.449784936,1.134788636,0.132712005,-0.100156877,-0.005962036,0.986063171,225,133,80,1.240720365,1.146742902,ok
962.053582864,1,1.285233100,-0.485565870,1.106048662,0.130470241,-0.095891850,-0.000192877,0.986804049,212,129,43,1.302753132,1.165984031,ok
962.060582864,1,1.288852350,-0.492948518,1.062554939,0.129729918,-0.096851001,-0.000096001,0.986807997,201,123,52,1.420277197,1.246422442,ok
962.067582864,1,1.317114477,-0.495399428,1.062602986,0.130153905,-0.100808933,0.001447255,0.986354614,213,112,63,1.386328394,1.291667899,ok
962.074582864,1,1.312318382,-0.500105892,1.056856662,0.130286747,-0.100486531,0.001690460,0.986369587,200,140,72,1.552864782,1.567831391,ok
962.081582864,1,1.341361003,-0.495383617,1.109923637,0.131274388,-0.102733280,0.001977458,0.986006591,212,125,57,1.478306567,1.253841886,ok
962.088582864,1,1.351713297,-0.496343962,1.095900863,0.131799209,-0.103785463,0.003195192,0.985823177,219,160,67,1.262226865,1.166858799,ok
962.095582864,1,1.343944680,-0.512770287,1.089987672,0.129659622,-0.102756644,0.002066303,0.986217615,216,140,82,1.515140249,1.432462941,ok
962.102582864,1,1.352905483,-0.506331113,1.115832664,0.130862201,-0.102213260,0.002263152,0.986114807,218,131,58,1.267174262,1.310400316,ok
962.109582864,1,1.331311052,-0.511916711,1.193862122,0.127402389,-0.097898615,-0.005906547,0.986990175,221,138,43,1.453966364,1.644329492,ok
962.116582864,1,1.325263505,-0.515305315,1.188220608,0.127936396,-0.098052443,-0.005502285,0.986908163,221,146,75,1.455292690,1.186819216,ok
962.123582864,1,1.355500481,-0.513216887,1.283397124,0.131401424,-0.098877116,-0.005636511,0.986369713,206,154,24,1.444755833,1.696262197,ok
962.130582864,1,1.365727177,-0.526313152,1.249369946,0.130748637,-0.101286032,-0.003908891,0.986220388,276,218,93,1.192383176,1.115483172,ok
962.137582864,1,1.368739733,-0.529214699,1.261504752,0.130935611,-0.101100360,-0.004038706,0.986214111,216,142,89,1.378247464,1.350958657,ok
962.144582864,1,1.387619205,-0.527093252,1.273863917,0.131812869,-0.102294562,-0.003160048,0.985977284,260,189,102,1.177073633,1.019316547,ok
962.151582864,1,1.379193896,-0.531578872,1.276011832,0.131526282,-0.101379424,-0.003780093,0.986107885,208,164,112,1.042078553,0.924861454,ok
962.158582864,1,1.366220662,-0.533553126,1.280780252,0.131732994,-0.099959687,-0.004095948,0.986223962,282,180,86,1.432650485,1.380299514,ok
962.165582864,1,1.412185472,-0.532353733,1.288240642,0.132208256,-0.104978712,-0.003219174,0.985641965,225,168,77,1.347574861,1.135681676,ok
962.172582864,1,1.422362912,-0.534509728,1.285869677,0.132939509,-0.105890373,-0.001883195,0.985449527,283,191,97,1.294663112,1.238608076,ok
962.179582864,1,1.443588978,-0.532182072,1.269936948,0.133496650,-0.108664601,-0.001884280,0.985072129,251,157,84,1.289024337,1.249408018,ok
962.186582864,1,1.427116570,-0.538153611,1.274103536,0.133099811,-0.106586012,-0.002742996,0.985350871,215,167,109,1.311150954,1.152071793,ok
962.193582864,1,1.409429302,-0.525663899,1.268309025,0.135097324,-0.104712894,-0.004178545,0.985274816,273,185,76,1.450434996,1.437470393,ok
962.200582864,1,1.408188254,-0.527693078,1.231383519,0.135354879,-0.105464263,-0.004096864,0.985159663,225,149,61,1.394818917,1.373448498,ok
962.207582864,1,1.387737343,-0.531652522,1.236894051,0.135226088,-0.103250707,-0.004003949,0.985412180,272,163,78,1.195126985,1.059722747,ok
962.214582864,1,1.409788285,-0.520000943,1.304628005,0.138581116,-0.103643348,-0.001509861,0.984911697,242,177,56,1.250158877,1.162474438,ok
962.221582864,1,1.403763356,-0.523777796,1.295263755,0.138576190,-0.103345165,-0.000673176,0.984944650,333,201,131,1.415170870,1.337852007,ok
962.228582864,1,1.454475122,-0.511268863,1.418359520,0.139189649,-0.108177962,-0.003291795,0.984333751,297,144,28,1.403617104,1.189997507,ok
962.235582864,1,1.452829309,-0.517628827,1.431928699,0.138970152,-0.108157640,-0.003541991,0.984366129,217,145,89,1.362059354,1.268609037,ok
962.242582864,1,1.462292425,-0.523531980,1.424665955,0.138951994,-0.108766313,-0.002603502,0.984304554,305,191,95,1.422534725,1.301375448,ok
962.249582864,0,1.462292425,-0.523531980,1.424665955,0.138951994,-0.108766313,-0.002603502,0.984304554,257,175,25,nan,nan,PnP inlier ratio too low: 0.143
962.256582864,1,1.472388928,-0.520662911,1.440735291,0.140170614,-0.109300377,-0.001190979,0.984075306,193,142,82,1.352483945,1.092923158,ok
962.263582864,1,1.500571237,-0.522877222,1.442105338,0.140622718,-0.112122555,0.000367627,0.983693879,329,210,92,1.367334122,1.255968399,ok
962.270582864,1,1.513914739,-0.518913369,1.453130768,0.141660054,-0.113463321,0.001128785,0.983390680,261,187,100,1.224289210,1.122361881,ok
962.277582864,1,1.518254798,-0.525216706,1.445859979,0.141392851,-0.113635477,0.002118097,0.983407623,229,155,78,1.137555252,1.041188404,ok
962.284582864,1,1.564375436,-0.515807487,1.466832566,0.143195096,-0.119458392,0.003209232,0.982453336,428,302,59,0.988256690,0.820559646,ok
962.291582864,1,1.560020521,-0.517632038,1.470463546,0.143587712,-0.118916853,0.003449188,0.982460917,346,244,167,1.334394492,1.276084580,ok
962.298582864,1,1.586628571,-0.507154757,1.508731738,0.146029015,-0.119894728,0.006601748,0.981965986,318,252,72,1.164917083,1.035168388,ok
962.305582864,1,1.588985407,-0.507760858,1.514713136,0.146617502,-0.119953904,0.007285858,0.981866226,276,207,113,1.184704920,1.052660601,ok
962.312582864,1,1.589168981,-0.510661331,1.516175284,0.146739065,-0.119873859,0.007411867,0.981856898,249,197,130,1.204051430,1.097111149,ok
962.319582864,1,1.603767576,-0.510576830,1.511819362,0.147547014,-0.121282177,0.008994600,0.981549596,461,328,130,1.133517970,0.914490178,ok
962.326582864,1,1.597201360,-0.517020873,1.510162919,0.147007146,-0.120594318,0.007992212,0.981724011,359,259,178,1.244301533,1.150752563,ok
962.333582864,1,1.580716912,-0.519648664,1.517782065,0.147462279,-0.118410858,0.008318149,0.981918812,304,232,102,1.174442475,0.998211396,ok
962.340582864,1,1.566062704,-0.524424620,1.522874038,0.147320245,-0.116650462,0.008276530,0.982151167,271,215,129,1.249324794,1.161343418,ok
962.347582864,1,1.581983428,-0.529522454,1.517197114,0.147414751,-0.118349829,0.009435621,0.981923204,244,188,120,1.100012925,0.911364145,ok
962.354582864,1,1.534620459,-0.583415971,1.485755178,0.142342447,-0.112798829,0.012076455,0.983295078,482,332,83,1.336608192,1.265240172,ok
962.361582864,1,1.528746286,-0.593731588,1.477958670,0.141775008,-0.112313028,0.012136620,0.983431916,388,271,187,1.238090789,1.069279974,ok
962.368582864,1,1.525068504,-0.599931240,1.440262744,0.142204716,-0.113017171,0.014537575,0.983256628,308,229,78,1.444058419,1.248088377,ok
962.375582864,1,1.522028632,-0.601933500,1.457826327,0.142550501,-0.111948269,0.015561431,0.983313165,275,195,73,1.391993154,1.332875588,ok
962.382582864,1,1.542463965,-0.599959697,1.456782449,0.143902437,-0.113011051,0.019209643,0.982930100,229,179,60,1.253901055,1.058969231,ok
962.389582864,1,1.539032414,-0.590247227,1.516386694,0.145046177,-0.111221593,0.017848591,0.982991756,377,243,41,1.242544052,1.157825111,ok
962.396582864,1,1.578968624,-0.587252247,1.547000285,0.146165274,-0.115033327,0.020090594,0.982343837,250,160,73,1.420801761,1.426866938,ok
962.403582864,1,1.580114711,-0.590107673,1.541523071,0.146196000,-0.115491595,0.020077322,0.982285764,190,120,53,1.273462558,1.260663876,ok
962.410582864,1,1.557744886,-0.646076858,1.440106246,0.139813910,-0.115842999,0.019808921,0.983178558,284,178,43,1.488053278,1.383520062,ok
962.417582864,1,1.556095496,-0.652308794,1.429791020,0.138741430,-0.116877660,0.017884695,0.983244917,178,106,35,1.215719893,1.057881823,ok
962.424582864,1,1.557626251,-0.640267576,1.490816505,0.140204318,-0.116721404,0.017284173,0.983066692,172,106,28,1.029590416,0.981756991,ok
962.431582864,1,1.565125974,-0.641772198,1.500144767,0.140304466,-0.117117864,0.017486618,0.983001669,179,100,53,1.457403703,1.402125073,ok
962.438582864,1,1.553406933,-0.635671337,1.542986084,0.142714841,-0.114759878,0.021828839,0.982845942,140,61,21,1.483932097,1.314211213,ok
962.445582864,1,1.437485825,-0.681959849,1.491627920,0.139155700,-0.102801638,0.021209433,0.984691665,176,92,20,1.648259451,1.538410717,ok
962.452582864,1,1.439550906,-0.682274025,1.489987000,0.139566945,-0.102321405,0.021908449,0.984668177,145,59,37,1.442088044,1.407066954,ok
962.459582864,1,1.444462894,-0.615675762,1.799720580,0.147675400,-0.103015151,0.023507700,0.983375433,140,85,13,1.148596709,1.057512832,ok
962.466582864,1,1.460638054,-0.613856425,1.794694915,0.148436716,-0.104236539,0.022761345,0.983149636,163,96,47,1.466863690,1.426456681,ok
962.473582864,1,1.443173316,-0.610437056,1.821822334,0.149182892,-0.101736703,0.022717772,0.983299553,184,95,22,1.187280567,1.077744985,ok
962.480582864,1,1.429338394,-0.623247822,1.751496699,0.148749902,-0.101844390,0.024379072,0.983314216,200,96,39,1.411259851,1.381379482,ok
962.487582864,1,1.452209075,-0.628790418,1.749435216,0.148340186,-0.105228816,0.025065821,0.983002436,237,119,35,1.362872798,1.080111621,ok
962.494582864,1,1.472402408,-0.630560488,1.781189307,0.152789412,-0.103503876,0.036353186,0.982151103,274,151,35,1.452218817,1.323919188,ok
962.501582864,1,1.459184183,-0.636651103,1.777842463,0.152302374,-0.102434647,0.035298917,0.982377278,197,127,61,1.275883968,1.203643532,ok
962.508582864,1,1.497439710,-0.653536005,1.796142094,0.150385328,-0.107003182,0.038662126,0.982058966,311,155,27,1.267727789,1.300544864,ok
962.515582864,1,1.492257918,-0.652986023,1.809121165,0.150756621,-0.105942625,0.038970965,0.982104814,226,158,65,1.297970774,1.293737891,ok
962.522582864,1,1.489709322,-0.660429883,1.817993756,0.150504658,-0.104879340,0.039851984,0.982222221,316,205,88,1.372708415,1.178220685,ok
962.529582864,1,1.489427734,-0.670462094,1.809120374,0.149577490,-0.105027448,0.039579624,0.982359030,270,177,66,1.206823660,1.172220270,ok
962.536582864,1,1.520519503,-0.672721688,1.821594815,0.150132088,-0.107921199,0.042495595,0.981838834,200,128,81,1.213492433,1.136521734,ok
962.543582864,1,1.522710451,-0.681211622,1.808298710,0.149893947,-0.108083965,0.043416163,0.981817039,343,230,68,1.265583880,1.253269033,ok
962.550582864,1,1.526052702,-0.677711179,1.834378830,0.150633849,-0.107538819,0.043639588,0.981753753,247,176,109,1.143828575,1.033505181,ok
962.557582864,1,1.520865041,-0.701009071,1.780152359,0.148930921,-0.107510409,0.044281284,0.981987913,330,210,77,1.385978220,1.331900255,ok
962.564582864,1,1.504623216,-0.681351289,1.831968714,0.152956220,-0.103041567,0.046287310,0.981755731,268,195,62,1.426912196,1.411557703,ok
962.571582864,1,1.496986858,-0.689286765,1.818704714,0.152668791,-0.102648954,0.045896267,0.981859952,224,149,95,1.249472123,1.057720908,ok
962.578582864,0,1.496986858,-0.689286765,1.818704714,0.152668791,-0.102648954,0.045896267,0.981859952,229,121,14,nan,nan,PnP inlier ratio too low: 0.116
962.585582864,1,1.533390415,-0.692200840,1.789243252,0.153676096,-0.107874269,0.048985887,0.980992957,294,193,69,1.430846041,1.338862118,ok
962.592582864,1,1.515078285,-0.690608295,1.741962766,0.155972863,-0.106266397,0.050835397,0.980711824,185,106,52,1.386999056,1.307515365,ok
962.599582864,1,1.533982980,-0.692086859,1.712102600,0.156282760,-0.109373318,0.050731814,0.980326200,178,84,39,1.303955431,1.210953640,ok
962.606582864,1,1.539210383,-0.671943519,1.781524009,0.157555856,-0.108652606,0.047471357,0.980365867,168,81,46,1.293442300,1.222612609,ok
962.613582864,1,1.521391759,-0.725767828,1.685261668,0.152507280,-0.108860227,0.049617657,0.981034693,170,75,29,1.606986221,1.665827594,ok
962.620582864,1,1.548664846,-0.720659379,1.755449591,0.153089298,-0.109161133,0.051996874,0.980787357,131,71,33,1.419150187,1.227379504,ok
962.627582864,1,1.560168110,-0.728429922,1.857986267,0.152002512,-0.110656223,0.050624124,0.980860660,101,46,21,1.496404767,1.515355821,ok
962.634582864,1,1.555134222,-0.720544334,1.948033611,0.152749691,-0.109779546,0.045484027,0.981094892,103,28,10,1.328376058,1.357295818,ok
962.641582864,1,1.510686366,-0.733811528,1.856831913,0.151220985,-0.108044843,0.040632809,0.981736981,100,49,21,1.030299409,0.943652740,ok
962.648582864,1,1.466905070,-0.734756883,1.783717973,0.151549819,-0.106368624,0.036844168,0.982018775,119,37,18,1.408937235,1.268447335,ok
962.655582864,1,1.572954403,-0.701301961,1.740228095,0.154589471,-0.115226390,0.042197478,0.980328694,93,49,22,1.419520364,1.632639956,ok
962.662582864,1,1.482719257,-0.737481612,1.484230557,0.152262466,-0.109155107,0.037544906,0.981576122,119,58,17,1.714208914,1.816731335,ok
962.669582864,0,1.482719257,-0.737481612,1.484230557,0.152262466,-0.109155107,0.037544906,0.981576122,146,77,19,25.483223335,19.558797076,PnP reprojection error too high: 19.559
962.676582864,1,1.502386166,-0.750958508,1.508810541,0.150732069,-0.112014479,0.036067112,0.981545599,172,101,45,1.432291744,1.482046361,ok
962.683582864,1,1.495974681,-0.746543791,1.491651978,0.152424756,-0.112040731,0.037458277,0.981229049,218,117,26,1.387631160,1.514050794,ok
962.690582864,1,1.495133519,-0.737019671,1.486223197,0.153432988,-0.110203182,0.037214491,0.981289284,263,142,47,1.611013711,1.632498292,ok
962.697582864,1,1.471777821,-0.748117341,1.502053900,0.152973227,-0.107444970,0.037780828,0.981645241,194,108,49,1.254866293,1.135702940,ok
962.704582864,1,1.467792337,-0.746550488,1.489686445,0.153559439,-0.107711823,0.035704841,0.981602173,309,209,44,1.114998873,1.175311886,ok
962.711582864,1,1.454813854,-0.753223835,1.491428181,0.153131904,-0.106164074,0.035380471,0.981849292,229,133,91,1.292487141,1.014552381,ok
962.718582864,1,1.539728299,-0.758670558,1.430759756,0.152848046,-0.117674065,0.036311224,0.980546676,333,190,45,1.405302649,1.345341521,ok
962.725582864,1,1.546353346,-0.773471555,1.436165000,0.151048440,-0.118398392,0.035385476,0.980772174,205,132,64,1.469306432,1.444960197,ok
962.732582864,1,1.533803532,-0.793757038,1.392181388,0.149248498,-0.118218022,0.035243987,0.981074537,373,227,94,1.327972921,1.262367402,ok
962.739582864,1,1.530250059,-0.799601441,1.391055131,0.149427152,-0.117739813,0.036125110,0.981072800,299,209,81,1.145396565,1.007579834,ok
962.746582864,1,1.517458467,-0.807366108,1.401361027,0.148974631,-0.116459759,0.035148210,0.981329856,205,138,94,1.182815820,1.127096790,ok
962.753582864,1,1.517379187,-0.800374006,1.440927703,0.148640557,-0.115234677,0.031315331,0.981654880,326,207,50,1.100518505,0.926512989,ok
962.760582864,1,1.512198546,-0.813698386,1.424229329,0.148370257,-0.115293454,0.032480715,0.981651002,253,186,98,1.351924400,1.226964472,ok
962.767582864,1,1.502715172,-0.818626213,1.418581589,0.148257686,-0.113999690,0.032092030,0.981831875,212,105,62,1.318129552,1.155294174,ok
962.774582864,1,1.487334907,-0.830684982,1.437096003,0.147557510,-0.110257616,0.033626127,0.982313251,257,157,57,1.330473546,1.187854877,ok
962.781582864,1,1.483827136,-0.832416054,1.437547074,0.147283595,-0.110289157,0.032082424,0.982402444,190,121,64,1.299514482,1.165109821,ok
962.788582864,1,1.454035810,-0.839454802,1.481535925,0.146383838,-0.106982408,0.030868231,0.982941346,253,94,23,1.532282256,1.419473504,ok
962.795582864,1,1.438699253,-0.842910044,1.517516676,0.145606343,-0.104721158,0.028565893,0.983369850,165,96,31,1.236820712,1.138672370,ok
962.802582864,1,1.445549566,-0.852852260,1.482711714,0.145382924,-0.106627435,0.029420483,0.983172839,165,73,38,1.214178932,1.137931821,ok
962.809582864,1,1.439631779,-0.859917926,1.494801361,0.145154337,-0.106130390,0.028939757,0.983274656,148,77,35,1.257391096,1.016631660,ok
962.816582864,1,1.418024584,-0.870974382,1.437757262,0.144499275,-0.106456565,0.027107245,0.983388101,162,88,34,1.499102465,1.419667880,ok
962.823582864,1,1.363367213,-0.884118376,1.371718591,0.141338342,-0.103802767,0.019944649,0.984302123,184,92,21,1.090951457,1.065387318,ok
962.830582864,1,1.409414026,-0.898223377,1.380359332,0.139919207,-0.109524048,0.022257126,0.983835209,124,55,31,1.426266935,1.374151136,ok
962.837582864,1,1.388930739,-0.894038097,1.332363646,0.139912352,-0.110313636,0.017991439,0.983835222,115,52,20,1.357621402,1.175496270,ok
962.844582864,1,1.455509380,-0.867631201,1.407915837,0.142077454,-0.114136645,0.020846141,0.983032177,149,91,22,1.315724785,1.333861850,ok
962.851582864,1,1.457923537,-0.888433603,1.373231506,0.140248474,-0.114640431,0.020018435,0.983253375,164,57,27,1.530077656,1.570587585,ok
962.858582864,1,1.512690814,-0.923481889,1.252525940,0.138826878,-0.122923344,0.026822243,0.982291971,200,76,17,1.297022412,1.022648487,ok
962.865582864,1,1.524024254,-0.922126179,1.271847245,0.138833420,-0.124281505,0.026614717,0.982125779,236,133,67,1.294036877,1.045246678,ok
962.872582864,1,1.551610793,-0.911011037,1.293470368,0.140135188,-0.125954733,0.027090766,0.981714635,289,173,44,1.241406894,1.248926366,ok
962.879582864,1,1.544309027,-0.913057984,1.290777020,0.140014412,-0.125982805,0.024945605,0.981785116,207,111,59,1.227549180,1.343101534,ok
962.886582864,1,1.519551355,-0.902110309,1.304190940,0.141559945,-0.123042253,0.024287037,0.981952914,361,176,83,1.381250527,1.122151211,ok
962.893582864,1,1.545719694,-0.910926401,1.328493355,0.140827789,-0.125676453,0.025327054,0.981698275,287,178,48,1.211897019,1.099803557,ok
962.900582864,1,1.555749572,-0.910206258,1.324462279,0.141359009,-0.126149116,0.026072203,0.981541783,215,153,100,1.058168682,0.963848934,ok
962.907582864,1,1.551826657,-0.916558304,1.309672627,0.141227945,-0.125978629,0.025840999,0.981588659,475,279,124,1.194623535,1.091778084,ok
962.914582864,1,1.569255648,-0.904449563,1.299605519,0.142446960,-0.126261040,0.026941620,0.981346607,376,267,56,1.110542589,1.023209080,ok
962.921582864,1,1.569284872,-0.915309534,1.278444482,0.142117034,-0.126135628,0.027617287,0.981391786,313,251,160,1.274863370,1.095602625,ok
962.928582864,1,1.576137810,-0.910464541,1.279683758,0.143035557,-0.126605494,0.027676335,0.981196157,305,208,108,1.024614271,0.846394909,ok
962.935582864,1,1.579441620,-0.907419666,1.284488392,0.144019566,-0.126734225,0.028582952,0.981009590,279,204,153,1.105749651,1.058267783,ok
962.942582864,1,1.583347979,-0.909768106,1.288933147,0.144066514,-0.126945538,0.027635502,0.981002522,249,188,113,1.118997107,1.036588613,ok
962.949582864,1,1.582187771,-0.919575846,1.259097505,0.144076015,-0.127214435,0.028900862,0.980929829,440,295,123,1.135421845,1.040236688,ok
962.956582864,1,1.571348515,-0.923717428,1.258334944,0.143960279,-0.126637106,0.028068212,0.981045696,313,213,114,1.414182293,1.227813644,ok
962.963582864,1,1.564189734,-0.933240363,1.255192126,0.143181020,-0.125978293,0.027149374,0.981270389,277,180,87,1.067414786,0.940771426,ok
962.970582864,1,1.567017780,-0.937260948,1.242139506,0.142771669,-0.126055900,0.026299461,0.981343212,234,169,118,1.294833689,1.131526813,ok
962.977582864,1,1.570087249,-0.939814834,1.224590690,0.143149659,-0.126233032,0.027162032,0.981241877,422,263,113,1.127734717,1.034013110,ok
962.984582864,1,1.593912095,-0.937738480,1.198499464,0.145968435,-0.128788276,0.033020865,0.980314449,340,244,74,1.179978476,1.022631853,ok
962.991582864,1,1.600095385,-0.937585683,1.189197440,0.146328583,-0.129421096,0.033135156,0.980173550,286,202,130,1.221142460,1.068345646,ok
962.998582864,1,1.607561493,-0.936141536,1.174337995,0.146782398,-0.130425357,0.033221096,0.979969649,259,171,91,0.966645720,0.895401045,ok
963.005582864,1,1.615309247,-0.937076027,1.173988642,0.147043662,-0.131204981,0.033640364,0.979812094,235,170,122,1.236361913,1.128853684,ok
963.012582864,1,1.613414180,-0.942625814,1.185105202,0.146711399,-0.130343697,0.034047089,0.979962796,403,229,83,1.211528967,1.069990646,ok
963.019582864,1,1.618230704,-0.950560337,1.151360960,0.145997739,-0.131549986,0.033839547,0.979915377,309,179,52,1.313259048,1.162429369,ok
963.026582864,1,1.629986342,-0.947896252,1.141703951,0.146462109,-0.132774064,0.033626582,0.979688293,242,146,83,1.226343251,1.055010993,ok
963.033582864,0,1.629986342,-0.947896252,1.141703951,0.146462109,-0.132774064,0.033626582,0.979688293,415,262,36,nan,nan,PnP inlier ratio too low: 0.137
963.040582864,1,1.628964419,-0.950934812,1.138565437,0.146497119,-0.132882799,0.033924255,0.979658053,292,186,108,1.301898792,1.238810228,ok
963.047582864,1,1.630108429,-0.959519007,1.126370882,0.146110215,-0.132335846,0.035569162,0.979731526,255,170,94,1.364369073,1.319453292,ok
963.054582864,1,1.649898983,-0.960472966,1.116156746,0.146747656,-0.134038834,0.037030691,0.979350522,219,161,95,1.101150476,0.934792286,ok
963.061582864,1,1.656020998,-0.950295575,1.151977917,0.148224356,-0.133519874,0.037786232,0.979170151,419,266,115,1.502030684,1.510568948,ok
963.068582864,1,1.651402239,-0.953492906,1.153003237,0.148143353,-0.132500120,0.037265772,0.979340864,339,206,82,1.127317015,0.947756161,ok
963.075582864,1,1.654504908,-0.951618722,1.147108549,0.148373428,-0.132524959,0.036545268,0.979329824,214,142,81,1.418902655,1.362440100,ok
963.082582864,1,1.673220496,-0.943690336,1.167813088,0.149699869,-0.133411082,0.038975830,0.978913846,369,221,73,1.424583526,1.292583808,ok
963.089582864,1,1.691584101,-0.942612065,1.156915000,0.150575015,-0.135365259,0.040814734,0.978436288,275,198,76,1.306497244,1.206453078,ok
963.096582864,1,1.684173583,-0.947178961,1.149321498,0.149899944,-0.135088068,0.039196585,0.978644393,235,150,88,1.322353350,1.332828611,ok
963.103582864,1,1.699233534,-0.945545373,1.158762327,0.150329076,-0.136784027,0.038350887,0.978376466,310,148,54,1.494560802,1.393859313,ok
963.110582864,1,1.699423538,-0.944777550,1.155783245,0.150322567,-0.136700105,0.037915601,0.978406160,197,131,62,1.259011934,1.286943723,ok
963.117582864,1,1.709669502,-0.937299748,1.147040787,0.151606407,-0.137411773,0.038031096,0.978103848,266,125,49,1.561124917,1.674386639,ok
963.124582864,1,1.772529557,-0.900345274,1.202666173,0.154467749,-0.143800332,0.036635075,0.976790177,194,110,34,1.606493579,1.557277953,ok
963.131582864,1,1.765440068,-0.899995611,1.184212634,0.155000363,-0.143602672,0.036026660,0.976757513,215,110,63,1.399245149,1.335013519,ok
963.138582864,1,1.768343770,-0.878114402,1.226974992,0.156104469,-0.143214454,0.034140180,0.976706436,192,110,30,1.227577936,1.078687834,ok
963.145582864,1,1.773815140,-0.877873363,1.225992554,0.156494806,-0.143675755,0.034811502,0.976552514,200,91,62,1.429261747,1.339720690,ok
963.152582864,0,1.773815140,-0.877873363,1.225992554,0.156494806,-0.143675755,0.034811502,0.976552514,278,155,18,nan,nan,PnP inlier ratio too low: 0.116
963.159582864,1,1.745442872,-0.849744112,1.361545543,0.159751139,-0.138621848,0.037506935,0.976655920,206,110,34,1.356435838,1.397759767,ok
963.166582864,1,1.751809194,-0.843233946,1.368749647,0.160836576,-0.139316638,0.038474382,0.976341227,270,124,67,1.348561168,1.319560009,ok
963.173582864,1,1.762285340,-0.848814136,1.363264174,0.160500368,-0.140707651,0.038715796,0.976187521,220,145,43,1.091054627,0.930589166,ok
963.180582864,1,1.746866164,-0.861583337,1.358745679,0.159295219,-0.139745185,0.037930888,0.976553923,335,197,82,1.405749000,1.449794843,ok
963.187582864,1,1.783946940,-0.860692799,1.349545641,0.160121915,-0.144359495,0.040545364,0.975642036,262,151,53,1.400846795,1.343274843,ok
963.194582864,1,1.771110894,-0.860988182,1.354814130,0.160267996,-0.143263125,0.040289221,0.975790257,206,150,56,1.355934914,1.330521634,ok
963.201582864,1,1.789464463,-0.864759380,1.350072035,0.160772584,-0.144411437,0.042555612,0.975441712,412,252,134,1.483965168,1.464195074,ok
963.208582864,1,1.805575463,-0.861803899,1.353819269,0.161480244,-0.145363701,0.042322878,0.975193468,350,218,61,1.293886250,1.091582650,ok
963.215582864,1,1.897783007,-0.861314398,1.317227833,0.161823207,-0.155027499,0.043756215,0.973583647,234,156,51,1.359206796,1.189948321,ok
963.222582864,1,1.909110872,-0.848565391,1.372466036,0.163138111,-0.155771360,0.042610861,0.973296232,402,257,87,1.351412802,1.263196223,ok
963.229582864,1,1.900377758,-0.849867000,1.375507777,0.163123868,-0.154953694,0.041613738,0.973472266,317,189,66,1.400457946,1.486842630,ok
963.236582864,1,1.882138682,-0.859033936,1.382312283,0.162469708,-0.152677122,0.040724921,0.973978835,254,158,83,1.558369098,1.590298006,ok
963.243582864,1,1.987695553,-0.844766828,1.446847921,0.163921649,-0.164697548,0.043818442,0.971640033,230,125,34,1.241141403,1.182825470,ok
963.250582864,1,1.969389665,-0.842975305,1.449402805,0.163909129,-0.163863118,0.040594767,0.971923218,310,192,73,1.313285007,1.195129182,ok
963.257582864,1,1.982362023,-0.838603184,1.469015358,0.165132530,-0.164878677,0.042754898,0.971451640,248,133,36,1.365165166,1.255578790,ok
963.264582864,1,1.988382120,-0.830857478,1.495829828,0.166428408,-0.163764146,0.045136588,0.971311267,260,153,45,1.283720354,1.060564232,ok
963.271582864,1,1.988912533,-0.829878393,1.507785414,0.166379853,-0.164578665,0.043184797,0.971270653,192,114,56,1.440978495,1.331134700,ok
963.278582864,1,1.860223704,-0.877294379,1.499311611,0.159560097,-0.153294035,0.029742160,0.974759929,247,129,20,1.560384667,1.468776860,ok
963.285582864,1,1.983515432,-0.857482318,1.554053676,0.160779161,-0.167005026,0.030301793,0.972286575,160,65,16,1.368658596,1.530397495,ok
963.292582864,1,1.951595137,-0.856794353,1.374760566,0.162499365,-0.165937941,0.025507857,0.972320886,159,66,23,1.055772604,0.997511910,ok
963.299582864,1,1.915184402,-0.864215457,1.321935825,0.161418477,-0.165583590,0.018941243,0.972711355,151,68,15,1.339818235,1.332667867,ok
963.306582864,1,1.948330453,-0.865285214,1.337210531,0.161248160,-0.168063788,0.019849166,0.972296048,150,74,34,1.456860148,1.319773488,ok
963.313582864,0,1.948330453,-0.865285214,1.337210531,0.161248160,-0.168063788,0.019849166,0.972296048,190,104,10,nan,nan,PnP inlier ratio too low: 0.096
963.320582864,1,1.935546523,-0.852045844,1.339350147,0.162970030,-0.168433842,0.019867405,0.971944492,182,75,30,1.142965377,0.851225854,ok
963.327582864,1,1.944080709,-0.851947567,1.385298084,0.163247270,-0.166963945,0.022312553,0.972098513,240,113,25,1.354368827,1.278805130,ok
963.334582864,1,1.937233418,-0.877549297,1.398406595,0.160511152,-0.165102636,0.018941678,0.972943216,282,155,26,1.098702179,0.787035319,ok
963.341582864,1,1.988563902,-0.852645938,1.401150068,0.163775247,-0.170601400,0.020249691,0.971423070,205,105,61,1.489621175,1.455052812,ok
963.348582864,0,1.988563902,-0.852645938,1.401150068,0.163775247,-0.170601400,0.020249691,0.971423070,308,184,25,nan,nan,PnP inlier ratio too low: 0.136
963.355582864,1,1.995419716,-0.854494659,1.414327893,0.163816149,-0.171297179,0.020402390,0.971290527,218,144,62,1.317701283,1.289587578,ok
963.362582864,1,2.006453520,-0.869887398,1.390022908,0.162796176,-0.171898323,0.020995828,0.971343166,387,225,82,1.458684781,1.360375906,ok
963.369582864,1,1.999191099,-0.878516002,1.381603368,0.162432361,-0.171395389,0.021171591,0.971489121,278,176,65,1.203766173,1.053791398,ok
963.376582864,1,2.023701012,-0.872072971,1.372545678,0.163368495,-0.173458222,0.022987727,0.970924582,210,150,76,1.652022297,1.657261958,ok
963.383582864,1,2.088295352,-0.866101140,1.456310392,0.166109996,-0.176904160,0.035221261,0.969469881,295,180,37,1.517802368,1.489026024,ok
963.390582864,1,2.081764593,-0.863623788,1.464209377,0.166293447,-0.177395254,0.031950414,0.969462008,211,132,70,1.551558153,1.435610189,ok
963.397582864,1,2.089042155,-0.866828168,1.462376983,0.166197562,-0.177734731,0.031772803,0.969422109,333,182,67,1.345245029,1.206407315,ok
963.404582864,1,2.101596501,-0.872247992,1.465863792,0.165594396,-0.178999323,0.029845688,0.969353895,253,145,54,1.493674217,1.426861876,ok
963.411582864,1,2.118697922,-0.874921500,1.492192354,0.165696505,-0.180297100,0.031377644,0.969047505,175,104,43,1.258704454,1.038693685,ok
963.418582864,0,2.118697922,-0.874921500,1.492192354,0.165696505,-0.180297100,0.031377644,0.969047505,221,118,16,nan,nan,PnP inlier ratio too low: 0.136
963.425582864,1,2.117216548,-0.873712112,1.528756869,0.165980033,-0.180238154,0.030361786,0.969042310,191,93,50,1.729421337,1.649907661,ok
963.432582864,1,2.078147969,-0.875311900,1.543456376,0.166113703,-0.176914693,0.028361522,0.969692247,149,68,26,1.152954864,1.023941855,ok
963.439582864,1,2.096930239,-0.861115150,1.626657963,0.167530161,-0.177684176,0.031389929,0.969214450,101,39,14,1.265861928,1.150046827,ok
963.446582864,1,2.103109376,-0.867818378,1.583331465,0.167242021,-0.177382669,0.030132820,0.969359329,101,45,24,1.347829034,1.322948001,ok
963.453582864,1,2.169367793,-1.022675281,1.328788041,0.155314398,-0.180275924,0.050001869,0.969988578,129,54,14,1.725456125,1.896741070,ok
963.460582864,1,2.194965871,-1.081771719,1.302049076,0.149438001,-0.181237911,0.052925448,0.970577148,95,44,23,1.146819085,0.901690251,ok
963.467582864,1,2.087012605,-1.068129391,1.312721773,0.152804106,-0.170911005,0.049131287,0.972124709,109,40,12,1.542652968,1.391397463,ok
963.474582864,1,2.008238976,-1.082242405,1.325050836,0.151493171,-0.164603998,0.040850941,0.973800053,138,64,14,1.546228587,1.387054719,ok
963.481582864,1,1.970644556,-1.142304082,1.301600597,0.150169095,-0.163766281,0.042116332,0.974092430,184,65,20,1.466999703,1.460184665,ok
963.488582864,0,1.970644556,-1.142304082,1.301600597,0.150169095,-0.163766281,0.042116332,0.974092430,125,40,0,nan,nan,solvePnPRansac failed
963.495582864,1,1.983764066,-1.154489885,1.344183459,0.149341578,-0.163769496,0.041213428,0.974257717,186,83,34,0.836190811,0.770818911,ok
963.502582864,1,1.973795521,-1.157069484,1.335526522,0.147964962,-0.163450133,0.040451485,0.974553283,383,299,118,0.886514183,0.828420738,ok
963.509582864,1,1.969660769,-1.162157643,1.334468353,0.146264019,-0.163351409,0.039808589,0.974853030,347,284,188,0.856559157,0.670010846,ok
963.516582864,1,1.969498363,-1.166032828,1.332251737,0.144479044,-0.163478161,0.039438352,0.975112975,340,270,193,0.766487412,0.599206136,ok
963.523582864,1,1.972342566,-1.167801377,1.327690691,0.142672873,-0.163792720,0.039029381,0.975342557,333,273,184,0.740517914,0.556713656,ok
963.530582864,1,1.977478523,-1.167860925,1.327536482,0.140787781,-0.164232099,0.038763487,0.975553182,321,268,217,0.695691062,0.579370398,ok
963.537582864,1,1.980008728,-1.169406731,1.326789181,0.138719806,-0.164589539,0.038315792,0.975806845,302,260,205,0.674484073,0.576525840,ok
963.544582864,1,1.980338771,-1.169499771,1.326542213,0.136664769,-0.164725795,0.037528353,0.976104388,300,258,220,0.564480242,0.489474932,ok
963.551582864,1,1.984468224,-1.170198741,1.326979492,0.134451719,-0.165019059,0.036688572,0.976394077,297,251,215,0.680352130,0.609015004,ok
963.558582864,1,1.984263964,-1.174229722,1.324698534,0.132092073,-0.165036503,0.036016003,0.976738186,280,244,203,0.687834936,0.555403706,ok
963.565582864,1,1.975577880,-1.176616257,1.325068609,0.129778131,-0.164604515,0.034810729,0.977164880,279,263,247,0.869922984,0.677238485,ok
963.572582864,1,1.975731979,-1.178467875,1.322068302,0.127460620,-0.164683669,0.033855583,0.977490091,279,254,216,0.706041971,0.555671828,ok
963.579582864,1,1.976291237,-1.180278277,1.321377332,0.125328530,-0.164818035,0.033313857,0.977761710,277,253,228,0.644124633,0.569327497,ok
963.586582864,1,1.972888671,-1.178626316,1.324992804,0.123543255,-0.164608145,0.032471697,0.978052561,262,240,209,0.656746909,0.553059258,ok
963.593582864,1,1.969610655,-1.177793744,1.321786048,0.121690851,-0.164484498,0.031532671,0.978336280,262,227,181,0.596442410,0.547883630,ok
963.600582864,1,1.971020690,-1.179020389,1.325967535,0.119832766,-0.164609430,0.030783340,0.978568459,258,234,208,0.715468801,0.565536392,ok
963.607582864,1,1.967800994,-1.181910001,1.320490481,0.118004696,-0.164470016,0.030514843,0.978822430,258,223,176,0.630914708,0.531978269,ok
963.614582864,1,1.972078816,-1.178863516,1.323355779,0.116794568,-0.164812249,0.030140418,0.978921604,254,219,201,0.646506553,0.579710890,ok
963.621582864,1,1.967333882,-1.178391936,1.320111932,0.115437068,-0.164622829,0.029120208,0.979145352,254,235,202,0.814733947,0.608513224,ok
963.628582864,1,1.971200534,-1.178508296,1.319233051,0.114401317,-0.165281174,0.028594753,0.979171493,252,227,133,0.841221832,0.694318904,ok
963.635582864,1,1.972781082,-1.177313633,1.316647530,0.113492955,-0.165505107,0.028316945,0.979247445,241,224,196,0.780379298,0.661631051,ok
963.642582864,1,1.981407262,-1.172964525,1.312484692,0.112802842,-0.166276644,0.027847962,0.979209930,765,631,359,1.084444507,0.941831956,ok
963.649582864,1,1.982240039,-1.170159511,1.319559950,0.112512717,-0.166731986,0.027968370,0.979162450,713,560,268,1.169968692,1.006711876,ok
963.656582864,1,1.964409783,-1.171977769,1.317532847,0.111876571,-0.163946362,0.027333909,0.979723472,638,467,127,1.473115577,1.373503484,ok
963.663582864,1,1.934135608,-1.187853301,1.313328700,0.110599857,-0.163141964,0.027967127,0.979984801,562,327,58,1.626347146,1.544734531,ok
963.670582864,0,1.934135608,-1.187853301,1.313328700,0.110599857,-0.163141964,0.027967127,0.979984801,370,184,21,nan,nan,PnP inlier ratio too low: 0.114
963.677582864,0,1.934135608,-1.187853301,1.313328700,0.110599857,-0.163141964,0.027967127,0.979984801,138,51,0,nan,nan,solvePnPRansac failed
963.684582864,0,1.934135608,-1.187853301,1.313328700,0.110599857,-0.163141964,0.027967127,0.979984801,41,10,0,nan,nan,not enough PnP correspondences
963.691582864,1,1.925647781,-1.162851649,1.225307148,0.112299751,-0.163784706,0.030373483,0.979612570,97,47,19,1.236292691,1.364363430,ok
963.698582864,1,1.926904027,-1.162261873,1.226258639,0.112835654,-0.164138529,0.030037106,0.979502134,241,141,66,0.857532089,0.763273560,ok
963.705582864,1,1.930705508,-1.160231634,1.230212800,0.113770605,-0.164405984,0.030697696,0.979328634,366,294,186,0.998803778,0.790992015,ok
963.712582864,1,1.936807013,-1.157496535,1.233066210,0.114843512,-0.164848504,0.031121528,0.979115616,336,269,126,0.796116305,0.640754998,ok
963.719582864,1,1.940714780,-1.157061055,1.231822658,0.115790552,-0.165130246,0.031682372,0.978938597,293,247,191,0.870077081,0.654847402,ok
963.726582864,1,1.941044998,-1.159939233,1.229044014,0.116521276,-0.164956916,0.032033677,0.978869681,279,244,211,0.795361171,0.673081733,ok
963.733582864,1,1.949767182,-1.155684689,1.227599086,0.117875503,-0.165623655,0.032573343,0.978577104,277,251,183,0.738075307,0.528635245,ok
963.740582864,1,1.948159529,-1.152756188,1.228861065,0.119142240,-0.165264086,0.032889216,0.978473918,275,248,213,0.771405530,0.618675827,ok
963.747582864,1,1.947221683,-1.149571838,1.231580992,0.120382737,-0.165050513,0.032963441,0.978355629,260,228,159,0.726996504,0.531953332,ok
963.754582864,1,1.943198998,-1.148672829,1.232768087,0.121544316,-0.164509414,0.033140440,0.978297165,256,232,197,0.767489968,0.609677931,ok
963.761582864,1,1.936130607,-1.147267128,1.238965626,0.122864155,-0.163655359,0.033713043,0.978255976,255,229,166,0.945359890,0.736017436,ok
963.768582864,1,1.927529395,-1.148488019,1.240159606,0.123758597,-0.162860895,0.033411227,0.978286169,254,214,159,0.747728934,0.588690289,ok
963.775582864,1,1.929717011,-1.146646675,1.242102160,0.125203663,-0.162780007,0.034182040,0.978089107,248,217,186,0.830740107,0.696698810,ok
963.782582864,1,1.930267202,-1.149460017,1.244805485,0.126344549,-0.162718781,0.034545268,0.977939813,747,641,425,0.929900335,0.720360965,ok
963.789582864,1,1.930708289,-1.149415320,1.246396817,0.127452276,-0.162407380,0.034724901,0.977841471,709,615,464,0.910694449,0.736594169,ok
963.796582864,1,1.921458460,-1.150314386,1.260423746,0.128712634,-0.161404580,0.035322342,0.977821022,685,604,498,1.036600866,0.840070528,ok
963.803582864,1,1.923933802,-1.153076515,1.265711749,0.129866130,-0.161309098,0.035804158,0.977666725,675,603,467,0.917224800,0.730612324,ok
963.810582864,1,1.923707614,-1.155056935,1.269295899,0.130952084,-0.161141482,0.035956795,0.977543904,663,553,485,0.845397122,0.684138942,ok
963.817582864,1,1.920316833,-1.154454830,1.272680176,0.132355371,-0.160733258,0.035949834,0.977422368,652,545,383,0.839519515,0.700780747,ok
963.824582864,1,1.921377868,-1.155245809,1.279195079,0.133623266,-0.160561785,0.036340367,0.977263584,634,579,490,0.849390811,0.703894665,ok
963.831582864,1,1.928642851,-1.154927946,1.283254395,0.135035938,-0.160884043,0.036864589,0.976996736,626,545,464,0.936902879,0.767656461,ok
963.838582864,1,1.930691742,-1.152782516,1.289529762,0.136483509,-0.160873165,0.037189937,0.976785025,615,556,386,0.909485047,0.725228823,ok
963.845582864,1,1.935037499,-1.152247763,1.294994837,0.137807428,-0.161080111,0.037470056,0.976554302,607,544,474,0.893214150,0.699501422,ok
963.852582864,1,1.930378416,-1.152733710,1.299404131,0.139090154,-0.160487955,0.037585440,0.976465504,604,543,406,0.872690541,0.738379371,ok
963.859582864,1,1.929863013,-1.150942764,1.304011886,0.140544821,-0.160166738,0.038010161,0.976293499,598,536,465,0.919181496,0.766050518,ok
963.866582864,1,1.929133053,-1.148331854,1.311176073,0.142000673,-0.159838295,0.038174397,0.976130239,594,536,476,0.926337123,0.755743221,ok
963.873582864,1,1.928288017,-1.149833681,1.311135156,0.143187250,-0.159436199,0.038632062,0.976004648,593,540,414,0.846691762,0.703971601,ok
963.880582864,1,1.918340294,-1.148965353,1.321026261,0.144551490,-0.158493601,0.039051667,0.975940373,584,522,460,0.878398063,0.723962762,ok
963.887582864,1,1.924358069,-1.150651179,1.315471134,0.145513236,-0.158715112,0.039449458,0.975745434,576,515,377,0.877551306,0.755847279,ok
963.894582864,1,1.921299367,-1.151218993,1.321009440,0.146589806,-0.158365889,0.039679024,0.975631718,570,509,435,0.881401837,0.728351621,ok
963.901582864,1,1.932455247,-1.150323762,1.325619977,0.147767651,-0.158888819,0.040350357,0.975341434,558,495,403,0.976490621,0.772061586,ok
963.908582864,1,1.932806629,-1.149150193,1.331906106,0.148830318,-0.158828951,0.040769083,0.975172181,557,468,283,0.845529023,0.665607356,ok
963.915582864,1,1.934495473,-1.149852239,1.333111391,0.149685535,-0.158593406,0.041047042,0.975067953,537,448,375,0.937681740,0.754484530,ok
963.922582864,1,1.939797283,-1.151660572,1.327382594,0.150617037,-0.158794099,0.042093092,0.974847226,526,465,268,0.925572581,0.809491988,ok
963.929582864,1,1.941353450,-1.152723984,1.325994496,0.151396770,-0.158663629,0.042481941,0.974730812,509,454,277,1.018006431,0.861046788,ok
963.936582864,1,1.942349848,-1.153667531,1.321213328,0.152018599,-0.158318192,0.042782859,0.974677035,490,401,295,1.120177241,0.971073640,ok
963.943582864,1,1.937833524,-1.136048843,1.368239096,0.154360917,-0.157752454,0.044676176,0.974315611,484,403,191,1.184384346,1.050289262,ok
963.950582864,1,1.934710022,-1.140754344,1.365703489,0.154635269,-0.157597463,0.044877925,0.974287917,451,344,252,1.188062216,1.072465325,ok
963.957582864,1,1.957561494,-1.134774774,1.366260715,0.155703277,-0.159367690,0.046147696,0.973770414,429,344,192,1.131423565,1.031871548,ok
963.964582864,1,1.969106038,-1.138231759,1.363491316,0.156190021,-0.160294862,0.047588156,0.973470905,410,352,198,1.051057135,0.912286539,ok
963.971582864,1,1.963854126,-1.145360804,1.366224396,0.156094720,-0.159727716,0.046835343,0.973615913,401,325,221,1.169284309,1.012482424,ok
963.978582864,1,1.959968473,-1.149908598,1.365952261,0.156351386,-0.159136970,0.047651439,0.973631865,373,300,118,1.133737341,1.016012342,ok
963.985582864,1,1.973726149,-1.144706611,1.368572652,0.157476713,-0.160294797,0.049657437,0.973160214,323,245,156,1.229283079,1.107379548,ok
963.992582864,1,1.988358804,-1.153848063,1.386085470,0.157306974,-0.160600559,0.049572942,0.973141562,311,238,94,1.133718794,0.927071964,ok
963.999582864,1,1.986236018,-1.158096557,1.368584813,0.157422618,-0.160593377,0.050587589,0.973071828,296,207,66,1.196217634,1.213298505,ok
964.006582864,1,1.984476488,-1.162744351,1.362291164,0.157411968,-0.160177819,0.050695666,0.973136418,257,185,113,1.322657328,1.243683875,ok
964.013582864,1,1.966121463,-1.174767115,1.378900958,0.156685751,-0.158855678,0.049050184,0.973554584,241,178,96,1.213075030,1.031343201,ok
964.020582864,1,1.989372833,-1.167184704,1.377368447,0.157674402,-0.160546907,0.050811344,0.973027071,486,298,139,1.234211153,1.028080298,ok
964.027582864,0,1.989372833,-1.167184704,1.377368447,0.157674402,-0.160546907,0.050811344,0.973027071,413,267,7,nan,nan,too few PnP inliers: 7
964.034582864,1,2.026278292,-1.167541618,1.358333209,0.157856380,-0.162945260,0.052854145,0.972489920,309,183,42,1.194017097,1.197976798,ok
964.041582864,1,2.049403419,-1.171793779,1.355908147,0.156933906,-0.163326469,0.052198177,0.972610695,248,152,66,1.614447974,1.519161185,ok
964.048582864,0,2.049403419,-1.171793779,1.355908147,0.156933906,-0.163326469,0.052198177,0.972610695,356,164,14,nan,nan,PnP inlier ratio too low: 0.085
964.055582864,1,2.043129107,-1.137405646,1.272071529,0.157800140,-0.163834217,0.057641546,0.972077629,211,60,24,1.376965342,1.512760848,ok
964.062582864,1,1.872988543,-1.168919319,1.227940256,0.157499115,-0.158324956,0.060694784,0.972853216,274,90,18,1.518342114,1.510078812,ok
964.069582864,0,1.872988543,-1.168919319,1.227940256,0.157499115,-0.158324956,0.060694784,0.972853216,174,78,0,nan,nan,solvePnPRansac cv2 error
964.076582864,0,1.872988543,-1.168919319,1.227940256,0.157499115,-0.158324956,0.060694784,0.972853216,155,39,8,nan,nan,too few PnP inliers: 8
964.083582864,0,1.872988543,-1.168919319,1.227940256,0.157499115,-0.158324956,0.060694784,0.972853216,81,9,0,nan,nan,not enough PnP correspondences
964.090582864,0,1.872988543,-1.168919319,1.227940256,0.157499115,-0.158324956,0.060694784,0.972853216,83,27,6,nan,nan,too few PnP inliers: 6
964.097582864,0,1.872988543,-1.168919319,1.227940256,0.157499115,-0.158324956,0.060694784,0.972853216,60,9,0,nan,nan,not enough PnP correspondences
964.104582864,0,1.872988543,-1.168919319,1.227940256,0.157499115,-0.158324956,0.060694784,0.972853216,47,15,0,nan,nan,solvePnPRansac failed
964.111582864,0,1.872988543,-1.168919319,1.227940256,0.157499115,-0.158324956,0.060694784,0.972853216,69,23,0,nan,nan,solvePnPRansac failed
964.118582864,0,1.872988543,-1.168919319,1.227940256,0.157499115,-0.158324956,0.060694784,0.972853216,33,6,0,nan,nan,not enough PnP correspondences
964.125582864,0,1.872988543,-1.168919319,1.227940256,0.157499115,-0.158324956,0.060694784,0.972853216,46,7,0,nan,nan,not enough PnP correspondences
964.132582864,0,1.872988543,-1.168919319,1.227940256,0.157499115,-0.158324956,0.060694784,0.972853216,74,11,0,nan,nan,not enough PnP correspondences
964.139582864,0,1.872988543,-1.168919319,1.227940256,0.157499115,-0.158324956,0.060694784,0.972853216,84,29,6,nan,nan,too few PnP inliers: 6
964.146582864,0,1.872988543,-1.168919319,1.227940256,0.157499115,-0.158324956,0.060694784,0.972853216,106,22,9,nan,nan,too few PnP inliers: 9
964.153582864,0,1.872988543,-1.168919319,1.227940256,0.157499115,-0.158324956,0.060694784,0.972853216,107,18,7,nan,nan,too few PnP inliers: 7
964.160582864,1,1.836774320,-1.290663154,1.235561199,0.156344486,-0.160595302,0.073220535,0.971804664,102,33,11,1.592750220,1.643514866,ok
964.167582864,1,1.848993166,-1.322367599,1.294351115,0.156583627,-0.158120868,0.085834548,0.971139428,154,45,10,1.241964204,1.203767894,ok
964.174582864,0,1.848993166,-1.322367599,1.294351115,0.156583627,-0.158120868,0.085834548,0.971139428,151,42,8,nan,nan,too few PnP inliers: 8
964.181582864,1,1.961241374,-1.361784249,1.464447591,0.157246545,-0.160275176,0.085628640,0.970697238,173,65,21,1.501065751,1.452692701,ok
964.188582864,0,1.961241374,-1.361784249,1.464447591,0.157246545,-0.160275176,0.085628640,0.970697238,190,70,6,nan,nan,too few PnP inliers: 6
964.195582864,1,2.085561118,-1.440591147,1.692568527,0.156596723,-0.161521604,0.085413864,0.970614604,151,54,18,1.611390737,1.865467729,ok
964.202582864,1,1.983346899,-1.441769804,1.638060851,0.155084548,-0.157127654,0.084273135,0.971677787,129,24,15,1.828487445,1.915184032,ok
964.209582864,0,1.983346899,-1.441769804,1.638060851,0.155084548,-0.157127654,0.084273135,0.971677787,102,29,0,nan,nan,solvePnPRansac cv2 error
964.216582864,0,1.983346899,-1.441769804,1.638060851,0.155084548,-0.157127654,0.084273135,0.971677787,80,19,9,nan,nan,too few PnP inliers: 9
964.223582864,0,1.983346899,-1.441769804,1.638060851,0.155084548,-0.157127654,0.084273135,0.971677787,80,13,0,nan,nan,not enough PnP correspondences
964.230582864,0,1.983346899,-1.441769804,1.638060851,0.155084548,-0.157127654,0.084273135,0.971677787,30,8,0,nan,nan,not enough PnP correspondences
964.237582864,0,1.983346899,-1.441769804,1.638060851,0.155084548,-0.157127654,0.084273135,0.971677787,16,2,0,nan,nan,not enough PnP correspondences
964.244582864,0,1.983346899,-1.441769804,1.638060851,0.155084548,-0.157127654,0.084273135,0.971677787,15,2,0,nan,nan,not enough PnP correspondences
964.251582864,0,1.983346899,-1.441769804,1.638060851,0.155084548,-0.157127654,0.084273135,0.971677787,12,4,0,nan,nan,not enough PnP correspondences
964.258582864,0,1.983346899,-1.441769804,1.638060851,0.155084548,-0.157127654,0.084273135,0.971677787,12,5,0,nan,nan,not enough PnP correspondences
964.265582864,0,1.983346899,-1.441769804,1.638060851,0.155084548,-0.157127654,0.084273135,0.971677787,10,5,0,nan,nan,not enough PnP correspondences
964.272582864,0,1.983346899,-1.441769804,1.638060851,0.155084548,-0.157127654,0.084273135,0.971677787,8,2,0,nan,nan,not enough PnP correspondences
964.279582864,0,1.983346899,-1.441769804,1.638060851,0.155084548,-0.157127654,0.084273135,0.971677787,12,4,0,nan,nan,not enough PnP correspondences
964.286582864,0,1.983346899,-1.441769804,1.638060851,0.155084548,-0.157127654,0.084273135,0.971677787,26,7,0,nan,nan,not enough PnP correspondences
964.293582864,0,1.983346899,-1.441769804,1.638060851,0.155084548,-0.157127654,0.084273135,0.971677787,30,4,0,nan,nan,not enough PnP correspondences
964.300582864,0,1.983346899,-1.441769804,1.638060851,0.155084548,-0.157127654,0.084273135,0.971677787,31,3,0,nan,nan,not enough PnP correspondences
964.307582864,0,1.983346899,-1.441769804,1.638060851,0.155084548,-0.157127654,0.084273135,0.971677787,34,5,0,nan,nan,not enough PnP correspondences
964.314582864,0,1.983346899,-1.441769804,1.638060851,0.155084548,-0.157127654,0.084273135,0.971677787,39,17,7,nan,nan,too few PnP inliers: 7
964.321582864,0,1.983346899,-1.441769804,1.638060851,0.155084548,-0.157127654,0.084273135,0.971677787,43,9,0,nan,nan,not enough PnP correspondences
964.328582864,0,1.983346899,-1.441769804,1.638060851,0.155084548,-0.157127654,0.084273135,0.971677787,116,38,6,nan,nan,too few PnP inliers: 6
964.335582864,1,2.073518986,-1.466284200,1.704065666,0.154319020,-0.158993778,0.082067775,0.971684876,94,35,18,2.047152842,2.017966162,ok
964.342582864,1,2.108591650,-1.436945637,1.689074079,0.152753281,-0.159985483,0.072087677,0.972560768,88,22,12,1.340002334,1.351170092,ok
964.349582864,1,2.102524941,-1.363948387,1.640941249,0.151887023,-0.159077055,0.067385019,0.973182451,55,16,11,1.258718591,1.350200625,ok
964.356582864,0,2.102524941,-1.363948387,1.640941249,0.151887023,-0.159077055,0.067385019,0.973182451,41,4,0,nan,nan,not enough PnP correspondences
964.363582864,0,2.102524941,-1.363948387,1.640941249,0.151887023,-0.159077055,0.067385019,0.973182451,43,13,0,nan,nan,not enough PnP correspondences
964.370582864,0,2.102524941,-1.363948387,1.640941249,0.151887023,-0.159077055,0.067385019,0.973182451,24,8,0,nan,nan,not enough PnP correspondences
964.377582864,0,2.102524941,-1.363948387,1.640941249,0.151887023,-0.159077055,0.067385019,0.973182451,20,7,0,nan,nan,not enough PnP correspondences
964.384582864,0,2.102524941,-1.363948387,1.640941249,0.151887023,-0.159077055,0.067385019,0.973182451,11,2,0,nan,nan,not enough PnP correspondences
964.391582864,0,2.102524941,-1.363948387,1.640941249,0.151887023,-0.159077055,0.067385019,0.973182451,18,6,0,nan,nan,not enough PnP correspondences
964.398582864,0,2.102524941,-1.363948387,1.640941249,0.151887023,-0.159077055,0.067385019,0.973182451,22,3,0,nan,nan,not enough PnP correspondences
964.405582864,0,2.102524941,-1.363948387,1.640941249,0.151887023,-0.159077055,0.067385019,0.973182451,13,0,0,nan,nan,not enough PnP correspondences
964.412582864,0,2.102524941,-1.363948387,1.640941249,0.151887023,-0.159077055,0.067385019,0.973182451,17,8,0,nan,nan,not enough PnP correspondences
964.419582864,0,2.102524941,-1.363948387,1.640941249,0.151887023,-0.159077055,0.067385019,0.973182451,16,5,0,nan,nan,not enough PnP correspondences
964.426582864,0,2.102524941,-1.363948387,1.640941249,0.151887023,-0.159077055,0.067385019,0.973182451,11,2,0,nan,nan,not enough PnP correspondences
964.433582864,0,2.102524941,-1.363948387,1.640941249,0.151887023,-0.159077055,0.067385019,0.973182451,14,7,0,nan,nan,not enough PnP correspondences
964.440582864,0,2.102524941,-1.363948387,1.640941249,0.151887023,-0.159077055,0.067385019,0.973182451,13,6,0,nan,nan,not enough PnP correspondences
964.447582864,0,2.102524941,-1.363948387,1.640941249,0.151887023,-0.159077055,0.067385019,0.973182451,21,6,0,nan,nan,not enough PnP correspondences
964.454582864,0,2.102524941,-1.363948387,1.640941249,0.151887023,-0.159077055,0.067385019,0.973182451,21,7,0,nan,nan,not enough PnP correspondences
964.461582864,0,2.102524941,-1.363948387,1.640941249,0.151887023,-0.159077055,0.067385019,0.973182451,21,8,0,nan,nan,not enough PnP correspondences
964.468582864,0,2.102524941,-1.363948387,1.640941249,0.151887023,-0.159077055,0.067385019,0.973182451,30,12,0,nan,nan,not enough PnP correspondences
964.475582864,0,2.102524941,-1.363948387,1.640941249,0.151887023,-0.159077055,0.067385019,0.973182451,29,4,0,nan,nan,not enough PnP correspondences
964.482582864,0,2.102524941,-1.363948387,1.640941249,0.151887023,-0.159077055,0.067385019,0.973182451,31,7,0,nan,nan,not enough PnP correspondences
964.489582864,0,2.102524941,-1.363948387,1.640941249,0.151887023,-0.159077055,0.067385019,0.973182451,19,5,0,nan,nan,not enough PnP correspondences
964.496582864,0,2.102524941,-1.363948387,1.640941249,0.151887023,-0.159077055,0.067385019,0.973182451,10,1,0,nan,nan,not enough PnP correspondences
964.503582864,0,2.102524941,-1.363948387,1.640941249,0.151887023,-0.159077055,0.067385019,0.973182451,19,4,0,nan,nan,not enough PnP correspondences
964.510582864,0,2.102524941,-1.363948387,1.640941249,0.151887023,-0.159077055,0.067385019,0.973182451,14,2,0,nan,nan,not enough PnP correspondences
964.517582864,0,2.102524941,-1.363948387,1.640941249,0.151887023,-0.159077055,0.067385019,0.973182451,13,3,0,nan,nan,not enough PnP correspondences
964.524582864,0,2.102524941,-1.363948387,1.640941249,0.151887023,-0.159077055,0.067385019,0.973182451,18,5,0,nan,nan,not enough PnP correspondences
964.531582864,0,2.102524941,-1.363948387,1.640941249,0.151887023,-0.159077055,0.067385019,0.973182451,23,7,0,nan,nan,not enough PnP correspondences
964.538582864,0,2.102524941,-1.363948387,1.640941249,0.151887023,-0.159077055,0.067385019,0.973182451,19,4,0,nan,nan,not enough PnP correspondences
964.545582864,0,2.102524941,-1.363948387,1.640941249,0.151887023,-0.159077055,0.067385019,0.973182451,8,1,0,nan,nan,not enough PnP correspondences
964.552582864,0,2.102524941,-1.363948387,1.640941249,0.151887023,-0.159077055,0.067385019,0.973182451,9,3,0,nan,nan,not enough PnP correspondences
964.559582864,0,2.102524941,-1.363948387,1.640941249,0.151887023,-0.159077055,0.067385019,0.973182451,10,3,0,nan,nan,not enough PnP correspondences
964.566582864,0,2.102524941,-1.363948387,1.640941249,0.151887023,-0.159077055,0.067385019,0.973182451,10,2,0,nan,nan,not enough PnP correspondences
964.573582864,0,2.102524941,-1.363948387,1.640941249,0.151887023,-0.159077055,0.067385019,0.973182451,12,4,0,nan,nan,not enough PnP correspondences
964.580582864,0,2.102524941,-1.363948387,1.640941249,0.151887023,-0.159077055,0.067385019,0.973182451,12,6,0,nan,nan,not enough PnP correspondences
964.587582864,0,2.102524941,-1.363948387,1.640941249,0.151887023,-0.159077055,0.067385019,0.973182451,23,4,0,nan,nan,not enough PnP correspondences
964.594582864,0,2.102524941,-1.363948387,1.640941249,0.151887023,-0.159077055,0.067385019,0.973182451,25,9,0,nan,nan,not enough PnP correspondences
964.601582864,0,2.102524941,-1.363948387,1.640941249,0.151887023,-0.159077055,0.067385019,0.973182451,41,5,0,nan,nan,not enough PnP correspondences
964.608582864,0,2.102524941,-1.363948387,1.640941249,0.151887023,-0.159077055,0.067385019,0.973182451,66,6,0,nan,nan,not enough PnP correspondences
964.615582864,0,2.102524941,-1.363948387,1.640941249,0.151887023,-0.159077055,0.067385019,0.973182451,79,23,10,1.040879305,0.969753214,translation step too large: 0.535
964.622582864,0,2.102524941,-1.363948387,1.640941249,0.151887023,-0.159077055,0.067385019,0.973182451,143,27,9,nan,nan,too few PnP inliers: 9
964.629582864,0,2.102524941,-1.363948387,1.640941249,0.151887023,-0.159077055,0.067385019,0.973182451,126,38,0,nan,nan,solvePnPRansac failed
964.636582864,0,2.102524941,-1.363948387,1.640941249,0.151887023,-0.159077055,0.067385019,0.973182451,90,17,8,nan,nan,too few PnP inliers: 8
964.643582864,0,2.102524941,-1.363948387,1.640941249,0.151887023,-0.159077055,0.067385019,0.973182451,125,49,7,nan,nan,too few PnP inliers: 7
964.650582864,1,2.119095322,-1.321265980,1.516427352,0.153832719,-0.164608340,0.073059543,0.971546135,107,38,18,1.304700880,1.104139573,ok
964.657582864,0,2.119095322,-1.321265980,1.516427352,0.153832719,-0.164608340,0.073059543,0.971546135,96,49,8,nan,nan,too few PnP inliers: 8
964.664582864,0,2.119095322,-1.321265980,1.516427352,0.153832719,-0.164608340,0.073059543,0.971546135,83,11,0,nan,nan,not enough PnP correspondences
964.671582864,0,2.119095322,-1.321265980,1.516427352,0.153832719,-0.164608340,0.073059543,0.971546135,25,3,0,nan,nan,not enough PnP correspondences
964.678582864,0,2.119095322,-1.321265980,1.516427352,0.153832719,-0.164608340,0.073059543,0.971546135,17,2,0,nan,nan,not enough PnP correspondences
964.685582864,0,2.119095322,-1.321265980,1.516427352,0.153832719,-0.164608340,0.073059543,0.971546135,12,1,0,nan,nan,not enough PnP correspondences
964.692582864,0,2.119095322,-1.321265980,1.516427352,0.153832719,-0.164608340,0.073059543,0.971546135,13,2,0,nan,nan,not enough PnP correspondences
964.699582864,0,2.119095322,-1.321265980,1.516427352,0.153832719,-0.164608340,0.073059543,0.971546135,12,5,0,nan,nan,not enough PnP correspondences
964.706582864,0,2.119095322,-1.321265980,1.516427352,0.153832719,-0.164608340,0.073059543,0.971546135,33,4,0,nan,nan,not enough PnP correspondences
964.713582864,0,2.119095322,-1.321265980,1.516427352,0.153832719,-0.164608340,0.073059543,0.971546135,53,16,7,nan,nan,too few PnP inliers: 7
964.720582864,0,2.119095322,-1.321265980,1.516427352,0.153832719,-0.164608340,0.073059543,0.971546135,45,10,0,nan,nan,not enough PnP correspondences
964.727582864,0,2.119095322,-1.321265980,1.516427352,0.153832719,-0.164608340,0.073059543,0.971546135,52,13,0,nan,nan,not enough PnP correspondences
964.734582864,0,2.119095322,-1.321265980,1.516427352,0.153832719,-0.164608340,0.073059543,0.971546135,49,17,8,nan,nan,too few PnP inliers: 8
964.741582864,0,2.119095322,-1.321265980,1.516427352,0.153832719,-0.164608340,0.073059543,0.971546135,42,9,0,nan,nan,not enough PnP correspondences
964.748582864,0,2.119095322,-1.321265980,1.516427352,0.153832719,-0.164608340,0.073059543,0.971546135,43,3,0,nan,nan,not enough PnP correspondences
964.755582864,0,2.119095322,-1.321265980,1.516427352,0.153832719,-0.164608340,0.073059543,0.971546135,25,2,0,nan,nan,not enough PnP correspondences
964.762582864,0,2.119095322,-1.321265980,1.516427352,0.153832719,-0.164608340,0.073059543,0.971546135,15,1,0,nan,nan,not enough PnP correspondences
964.769582864,0,2.119095322,-1.321265980,1.516427352,0.153832719,-0.164608340,0.073059543,0.971546135,10,2,0,nan,nan,not enough PnP correspondences
964.776582864,0,2.119095322,-1.321265980,1.516427352,0.153832719,-0.164608340,0.073059543,0.971546135,10,1,0,nan,nan,not enough PnP correspondences
964.783582864,0,2.119095322,-1.321265980,1.516427352,0.153832719,-0.164608340,0.073059543,0.971546135,23,7,0,nan,nan,not enough PnP correspondences
964.790582864,0,2.119095322,-1.321265980,1.516427352,0.153832719,-0.164608340,0.073059543,0.971546135,61,14,0,nan,nan,not enough PnP correspondences
964.797582864,0,2.119095322,-1.321265980,1.516427352,0.153832719,-0.164608340,0.073059543,0.971546135,42,6,0,nan,nan,not enough PnP correspondences
964.804582864,0,2.119095322,-1.321265980,1.516427352,0.153832719,-0.164608340,0.073059543,0.971546135,62,26,0,nan,nan,solvePnPRansac cv2 error
964.811582864,1,2.208815067,-1.436978506,1.604893014,0.143997104,-0.164152250,0.058843952,0.974092533,121,25,11,1.648376366,1.690955695,ok
964.818582864,0,2.208815067,-1.436978506,1.604893014,0.143997104,-0.164152250,0.058843952,0.974092533,139,43,7,nan,nan,too few PnP inliers: 7
964.825582864,1,2.261294746,-1.473577624,1.674721809,0.144270094,-0.166965760,0.059135479,0.973556146,188,62,17,1.506503625,1.697688775,ok
964.832582864,1,2.331884308,-1.476191893,1.733682942,0.146031913,-0.169758288,0.064717115,0.972454883,212,66,17,1.195663091,1.193258193,ok
964.839582864,1,2.369355970,-1.473072489,1.775674790,0.146187117,-0.171201493,0.065477811,0.972127580,175,60,24,1.363683516,1.410096205,ok
964.846582864,0,2.369355970,-1.473072489,1.775674790,0.146187117,-0.171201493,0.065477811,0.972127580,213,81,8,nan,nan,too few PnP inliers: 8
964.853582864,0,2.369355970,-1.473072489,1.775674790,0.146187117,-0.171201493,0.065477811,0.972127580,262,96,5,nan,nan,too few PnP inliers: 5
964.860582864,1,2.345637310,-1.459748647,1.747783333,0.146524636,-0.171032612,0.065957549,0.972074060,154,57,39,1.273844387,1.281530548,ok
964.867582864,1,2.267171940,-1.534161757,1.789943271,0.146943247,-0.170053176,0.073384863,0.971650277,195,90,18,1.794131390,1.740921348,ok
964.874582864,1,2.306081961,-1.538670024,1.875810701,0.147309722,-0.170815493,0.074049870,0.971410588,156,63,26,1.476418722,1.494624468,ok
964.881582864,1,2.444293816,-1.540268884,2.034138511,0.148636684,-0.173823103,0.074510745,0.970639384,100,25,14,1.749613585,1.718901473,ok
964.888582864,1,2.426655679,-1.576377679,2.088928476,0.149006731,-0.173784682,0.075648557,0.970501507,131,65,16,1.356218472,1.484653214,ok
964.895582864,1,2.453217710,-1.547114112,1.998646740,0.150429121,-0.174675631,0.077619166,0.969966375,76,22,14,1.327147295,1.428252920,ok
964.902582864,0,2.453217710,-1.547114112,1.998646740,0.150429121,-0.174675631,0.077619166,0.969966375,45,9,0,nan,nan,not enough PnP correspondences
964.909582864,0,2.453217710,-1.547114112,1.998646740,0.150429121,-0.174675631,0.077619166,0.969966375,30,8,0,nan,nan,not enough PnP correspondences
964.916582864,0,2.453217710,-1.547114112,1.998646740,0.150429121,-0.174675631,0.077619166,0.969966375,15,3,0,nan,nan,not enough PnP correspondences
964.923582864,0,2.453217710,-1.547114112,1.998646740,0.150429121,-0.174675631,0.077619166,0.969966375,14,4,0,nan,nan,not enough PnP correspondences
964.930582864,0,2.453217710,-1.547114112,1.998646740,0.150429121,-0.174675631,0.077619166,0.969966375,19,6,0,nan,nan,not enough PnP correspondences
964.937582864,0,2.453217710,-1.547114112,1.998646740,0.150429121,-0.174675631,0.077619166,0.969966375,17,6,0,nan,nan,not enough PnP correspondences
964.944582864,0,2.453217710,-1.547114112,1.998646740,0.150429121,-0.174675631,0.077619166,0.969966375,16,6,0,nan,nan,not enough PnP correspondences
964.951582864,0,2.453217710,-1.547114112,1.998646740,0.150429121,-0.174675631,0.077619166,0.969966375,21,5,0,nan,nan,not enough PnP correspondences
964.958582864,0,2.453217710,-1.547114112,1.998646740,0.150429121,-0.174675631,0.077619166,0.969966375,41,15,0,nan,nan,solvePnPRansac failed
964.965582864,0,2.453217710,-1.547114112,1.998646740,0.150429121,-0.174675631,0.077619166,0.969966375,95,30,6,nan,nan,too few PnP inliers: 6
964.972582864,0,2.453217710,-1.547114112,1.998646740,0.150429121,-0.174675631,0.077619166,0.969966375,120,28,9,nan,nan,too few PnP inliers: 9
964.979582864,0,2.453217710,-1.547114112,1.998646740,0.150429121,-0.174675631,0.077619166,0.969966375,110,40,15,954.764824373,883.701101127,PnP reprojection error too high: 883.701
964.986582864,1,2.523980949,-1.547856386,1.911167896,0.150227330,-0.178059568,0.079185299,0.969255502,126,38,11,1.475968992,1.247081355,ok
964.993582864,1,2.632377907,-1.526847806,2.066777409,0.150555552,-0.179448087,0.072798416,0.969449225,153,55,15,1.386900236,1.231633646,ok
965.000582864,1,2.691397239,-1.563201479,2.155864012,0.149249097,-0.181244534,0.071779554,0.969393017,168,45,15,1.735996882,1.693875640,ok
965.007582864,1,2.746960361,-1.516962977,2.189495729,0.150981249,-0.184188845,0.071623043,0.968581061,186,58,26,1.504703359,1.462169230,ok
965.014582864,1,2.745872991,-1.460502821,2.143546233,0.148402862,-0.181463541,0.058286818,0.970386635,126,39,14,1.464889516,1.393554020,ok
965.021582864,1,2.735991910,-1.519248113,2.091058763,0.147682791,-0.182469306,0.064016786,0.969946698,110,35,13,1.250057715,1.131243584,ok
965.028582864,1,2.740867344,-1.514975332,2.061605663,0.147578117,-0.181851350,0.064297378,0.970060118,104,53,17,1.234780696,1.090254683,ok
965.035582864,0,2.740867344,-1.514975332,2.061605663,0.147578117,-0.181851350,0.064297378,0.970060118,48,17,7,nan,nan,too few PnP inliers: 7
965.042582864,0,2.740867344,-1.514975332,2.061605663,0.147578117,-0.181851350,0.064297378,0.970060118,65,18,5,nan,nan,too few PnP inliers: 5
965.049582864,0,2.740867344,-1.514975332,2.061605663,0.147578117,-0.181851350,0.064297378,0.970060118,50,14,0,nan,nan,not enough PnP correspondences
965.056582864,0,2.740867344,-1.514975332,2.061605663,0.147578117,-0.181851350,0.064297378,0.970060118,31,4,0,nan,nan,not enough PnP correspondences
965.063582864,0,2.740867344,-1.514975332,2.061605663,0.147578117,-0.181851350,0.064297378,0.970060118,21,6,0,nan,nan,not enough PnP correspondences
965.070582864,0,2.740867344,-1.514975332,2.061605663,0.147578117,-0.181851350,0.064297378,0.970060118,19,6,0,nan,nan,not enough PnP correspondences
965.077582864,0,2.740867344,-1.514975332,2.061605663,0.147578117,-0.181851350,0.064297378,0.970060118,27,7,0,nan,nan,not enough PnP correspondences
965.084582864,0,2.740867344,-1.514975332,2.061605663,0.147578117,-0.181851350,0.064297378,0.970060118,55,15,8,nan,nan,too few PnP inliers: 8
965.091582864,0,2.740867344,-1.514975332,2.061605663,0.147578117,-0.181851350,0.064297378,0.970060118,63,13,0,nan,nan,not enough PnP correspondences
965.098582864,0,2.740867344,-1.514975332,2.061605663,0.147578117,-0.181851350,0.064297378,0.970060118,44,3,0,nan,nan,not enough PnP correspondences
965.105582864,0,2.740867344,-1.514975332,2.061605663,0.147578117,-0.181851350,0.064297378,0.970060118,51,7,0,nan,nan,not enough PnP correspondences
965.112582864,0,2.740867344,-1.514975332,2.061605663,0.147578117,-0.181851350,0.064297378,0.970060118,97,22,6,nan,nan,too few PnP inliers: 6
965.119582864,1,2.809194844,-1.506246709,2.031581614,0.146019551,-0.181506010,0.059935623,0.970639779,155,47,12,1.277571526,1.071267635,ok
965.126582864,1,2.858066428,-1.470526466,2.053981167,0.148752219,-0.184992767,0.061632768,0.969459569,182,47,12,1.443155406,1.433457509,ok
965.133582864,1,2.931875233,-1.408870868,2.048345164,0.153129064,-0.190220511,0.064441710,0.967581993,163,53,22,1.586124068,1.449159088,ok
965.140582864,1,2.923931757,-1.366612619,1.980764154,0.153389058,-0.190870227,0.064661008,0.967398215,154,52,26,1.783269655,1.601354572,ok
965.147582864,1,2.891324767,-1.353399961,2.171018824,0.153526338,-0.188427481,0.057559078,0.968303517,110,26,11,1.115584694,0.991185799,ok
965.154582864,0,2.891324767,-1.353399961,2.171018824,0.153526338,-0.188427481,0.057559078,0.968303517,76,23,9,nan,nan,too few PnP inliers: 9
965.161582864,0,2.891324767,-1.353399961,2.171018824,0.153526338,-0.188427481,0.057559078,0.968303517,72,14,0,nan,nan,not enough PnP correspondences
965.168582864,0,2.891324767,-1.353399961,2.171018824,0.153526338,-0.188427481,0.057559078,0.968303517,35,11,0,nan,nan,not enough PnP correspondences
965.175582864,0,2.891324767,-1.353399961,2.171018824,0.153526338,-0.188427481,0.057559078,0.968303517,16,7,0,nan,nan,not enough PnP correspondences
965.182582864,0,2.891324767,-1.353399961,2.171018824,0.153526338,-0.188427481,0.057559078,0.968303517,16,3,0,nan,nan,not enough PnP correspondences
965.189582864,0,2.891324767,-1.353399961,2.171018824,0.153526338,-0.188427481,0.057559078,0.968303517,20,6,0,nan,nan,not enough PnP correspondences
965.196582864,0,2.891324767,-1.353399961,2.171018824,0.153526338,-0.188427481,0.057559078,0.968303517,23,9,0,nan,nan,not enough PnP correspondences
965.203582864,0,2.891324767,-1.353399961,2.171018824,0.153526338,-0.188427481,0.057559078,0.968303517,25,3,0,nan,nan,not enough PnP correspondences
965.210582864,0,2.891324767,-1.353399961,2.171018824,0.153526338,-0.188427481,0.057559078,0.968303517,22,7,0,nan,nan,not enough PnP correspondences
965.217582864,0,2.891324767,-1.353399961,2.171018824,0.153526338,-0.188427481,0.057559078,0.968303517,19,6,0,nan,nan,not enough PnP correspondences
965.224582864,0,2.891324767,-1.353399961,2.171018824,0.153526338,-0.188427481,0.057559078,0.968303517,20,2,0,nan,nan,not enough PnP correspondences
965.231582864,0,2.891324767,-1.353399961,2.171018824,0.153526338,-0.188427481,0.057559078,0.968303517,30,8,0,nan,nan,not enough PnP correspondences
965.238582864,0,2.891324767,-1.353399961,2.171018824,0.153526338,-0.188427481,0.057559078,0.968303517,24,5,0,nan,nan,not enough PnP correspondences
965.245582864,0,2.891324767,-1.353399961,2.171018824,0.153526338,-0.188427481,0.057559078,0.968303517,13,1,0,nan,nan,not enough PnP correspondences
965.252582864,0,2.891324767,-1.353399961,2.171018824,0.153526338,-0.188427481,0.057559078,0.968303517,15,5,0,nan,nan,not enough PnP correspondences
965.259582864,0,2.891324767,-1.353399961,2.171018824,0.153526338,-0.188427481,0.057559078,0.968303517,14,5,0,nan,nan,not enough PnP correspondences
965.266582864,0,2.891324767,-1.353399961,2.171018824,0.153526338,-0.188427481,0.057559078,0.968303517,17,4,0,nan,nan,not enough PnP correspondences
965.273582864,0,2.891324767,-1.353399961,2.171018824,0.153526338,-0.188427481,0.057559078,0.968303517,13,5,0,nan,nan,not enough PnP correspondences
965.280582864,0,2.891324767,-1.353399961,2.171018824,0.153526338,-0.188427481,0.057559078,0.968303517,10,4,0,nan,nan,not enough PnP correspondences
965.287582864,0,2.891324767,-1.353399961,2.171018824,0.153526338,-0.188427481,0.057559078,0.968303517,14,5,0,nan,nan,not enough PnP correspondences
965.294582864,0,2.891324767,-1.353399961,2.171018824,0.153526338,-0.188427481,0.057559078,0.968303517,22,8,0,nan,nan,not enough PnP correspondences
965.301582864,0,2.891324767,-1.353399961,2.171018824,0.153526338,-0.188427481,0.057559078,0.968303517,24,10,0,nan,nan,not enough PnP correspondences
965.308582864,0,2.891324767,-1.353399961,2.171018824,0.153526338,-0.188427481,0.057559078,0.968303517,34,9,0,nan,nan,not enough PnP correspondences
965.315582864,0,2.891324767,-1.353399961,2.171018824,0.153526338,-0.188427481,0.057559078,0.968303517,36,9,0,nan,nan,not enough PnP correspondences
965.322582864,0,2.891324767,-1.353399961,2.171018824,0.153526338,-0.188427481,0.057559078,0.968303517,52,25,0,nan,nan,solvePnPRansac failed
965.329582864,0,2.891324767,-1.353399961,2.171018824,0.153526338,-0.188427481,0.057559078,0.968303517,56,28,7,nan,nan,too few PnP inliers: 7
965.336582864,0,2.891324767,-1.353399961,2.171018824,0.153526338,-0.188427481,0.057559078,0.968303517,45,12,0,nan,nan,not enough PnP correspondences
965.343582864,0,2.891324767,-1.353399961,2.171018824,0.153526338,-0.188427481,0.057559078,0.968303517,69,26,8,nan,nan,too few PnP inliers: 8
965.350582864,1,2.978119264,-1.375006576,2.172520155,0.152691290,-0.189829476,0.058791365,0.968087659,93,26,16,0.969569263,0.815144564,ok
965.357582864,0,2.978119264,-1.375006576,2.172520155,0.152691290,-0.189829476,0.058791365,0.968087659,63,16,0,nan,nan,solvePnPRansac failed
965.364582864,0,2.978119264,-1.375006576,2.172520155,0.152691290,-0.189829476,0.058791365,0.968087659,33,9,0,nan,nan,not enough PnP correspondences
965.371582864,0,2.978119264,-1.375006576,2.172520155,0.152691290,-0.189829476,0.058791365,0.968087659,47,10,0,nan,nan,not enough PnP correspondences
965.378582864,0,2.978119264,-1.375006576,2.172520155,0.152691290,-0.189829476,0.058791365,0.968087659,23,4,0,nan,nan,not enough PnP correspondences
965.385582864,0,2.978119264,-1.375006576,2.172520155,0.152691290,-0.189829476,0.058791365,0.968087659,20,5,0,nan,nan,not enough PnP correspondences
965.392582864,0,2.978119264,-1.375006576,2.172520155,0.152691290,-0.189829476,0.058791365,0.968087659,18,2,0,nan,nan,not enough PnP correspondences
965.399582864,0,2.978119264,-1.375006576,2.172520155,0.152691290,-0.189829476,0.058791365,0.968087659,25,8,0,nan,nan,not enough PnP correspondences
965.406582864,0,2.978119264,-1.375006576,2.172520155,0.152691290,-0.189829476,0.058791365,0.968087659,27,8,0,nan,nan,not enough PnP correspondences
965.413582864,0,2.978119264,-1.375006576,2.172520155,0.152691290,-0.189829476,0.058791365,0.968087659,33,8,0,nan,nan,not enough PnP correspondences
965.420582864,0,2.978119264,-1.375006576,2.172520155,0.152691290,-0.189829476,0.058791365,0.968087659,41,7,0,nan,nan,not enough PnP correspondences
965.427582864,0,2.978119264,-1.375006576,2.172520155,0.152691290,-0.189829476,0.058791365,0.968087659,32,7,0,nan,nan,not enough PnP correspondences
965.434582864,0,2.978119264,-1.375006576,2.172520155,0.152691290,-0.189829476,0.058791365,0.968087659,24,8,0,nan,nan,not enough PnP correspondences
965.441582864,0,2.978119264,-1.375006576,2.172520155,0.152691290,-0.189829476,0.058791365,0.968087659,17,3,0,nan,nan,not enough PnP correspondences
965.448582864,0,2.978119264,-1.375006576,2.172520155,0.152691290,-0.189829476,0.058791365,0.968087659,17,6,0,nan,nan,not enough PnP correspondences
965.455582864,0,2.978119264,-1.375006576,2.172520155,0.152691290,-0.189829476,0.058791365,0.968087659,16,2,0,nan,nan,not enough PnP correspondences
965.462582864,0,2.978119264,-1.375006576,2.172520155,0.152691290,-0.189829476,0.058791365,0.968087659,20,7,0,nan,nan,not enough PnP correspondences
965.469582864,0,2.978119264,-1.375006576,2.172520155,0.152691290,-0.189829476,0.058791365,0.968087659,23,3,0,nan,nan,not enough PnP correspondences
965.476582864,0,2.978119264,-1.375006576,2.172520155,0.152691290,-0.189829476,0.058791365,0.968087659,18,7,0,nan,nan,not enough PnP correspondences
965.483582864,0,2.978119264,-1.375006576,2.172520155,0.152691290,-0.189829476,0.058791365,0.968087659,21,8,0,nan,nan,not enough PnP correspondences
965.490582864,0,2.978119264,-1.375006576,2.172520155,0.152691290,-0.189829476,0.058791365,0.968087659,20,3,0,nan,nan,not enough PnP correspondences
965.497582864,0,2.978119264,-1.375006576,2.172520155,0.152691290,-0.189829476,0.058791365,0.968087659,23,3,0,nan,nan,not enough PnP correspondences
965.504582864,0,2.978119264,-1.375006576,2.172520155,0.152691290,-0.189829476,0.058791365,0.968087659,22,6,0,nan,nan,not enough PnP correspondences
965.511582864,0,2.978119264,-1.375006576,2.172520155,0.152691290,-0.189829476,0.058791365,0.968087659,23,6,0,nan,nan,not enough PnP correspondences
965.518582864,0,2.978119264,-1.375006576,2.172520155,0.152691290,-0.189829476,0.058791365,0.968087659,24,10,0,nan,nan,not enough PnP correspondences
965.525582864,0,2.978119264,-1.375006576,2.172520155,0.152691290,-0.189829476,0.058791365,0.968087659,18,8,0,nan,nan,not enough PnP correspondences
965.532582864,0,2.978119264,-1.375006576,2.172520155,0.152691290,-0.189829476,0.058791365,0.968087659,30,8,0,nan,nan,not enough PnP correspondences
965.539582864,0,2.978119264,-1.375006576,2.172520155,0.152691290,-0.189829476,0.058791365,0.968087659,23,4,0,nan,nan,not enough PnP correspondences
965.546582864,0,2.978119264,-1.375006576,2.172520155,0.152691290,-0.189829476,0.058791365,0.968087659,28,2,0,nan,nan,not enough PnP correspondences
965.553582864,0,2.978119264,-1.375006576,2.172520155,0.152691290,-0.189829476,0.058791365,0.968087659,47,9,0,nan,nan,not enough PnP correspondences
965.560582864,0,2.978119264,-1.375006576,2.172520155,0.152691290,-0.189829476,0.058791365,0.968087659,38,7,0,nan,nan,not enough PnP correspondences
965.567582864,0,2.978119264,-1.375006576,2.172520155,0.152691290,-0.189829476,0.058791365,0.968087659,22,6,0,nan,nan,not enough PnP correspondences
965.574582864,0,2.978119264,-1.375006576,2.172520155,0.152691290,-0.189829476,0.058791365,0.968087659,35,5,0,nan,nan,not enough PnP correspondences
965.581582864,0,2.978119264,-1.375006576,2.172520155,0.152691290,-0.189829476,0.058791365,0.968087659,38,5,0,nan,nan,not enough PnP correspondences
965.588582864,0,2.978119264,-1.375006576,2.172520155,0.152691290,-0.189829476,0.058791365,0.968087659,33,12,0,nan,nan,not enough PnP correspondences
965.595582864,0,2.978119264,-1.375006576,2.172520155,0.152691290,-0.189829476,0.058791365,0.968087659,18,2,0,nan,nan,not enough PnP correspondences
965.602582864,0,2.978119264,-1.375006576,2.172520155,0.152691290,-0.189829476,0.058791365,0.968087659,15,3,0,nan,nan,not enough PnP correspondences
965.609582864,0,2.978119264,-1.375006576,2.172520155,0.152691290,-0.189829476,0.058791365,0.968087659,17,2,0,nan,nan,not enough PnP correspondences
965.616582864,0,2.978119264,-1.375006576,2.172520155,0.152691290,-0.189829476,0.058791365,0.968087659,14,2,0,nan,nan,not enough PnP correspondences
965.623582864,0,2.978119264,-1.375006576,2.172520155,0.152691290,-0.189829476,0.058791365,0.968087659,16,1,0,nan,nan,not enough PnP correspondences
965.630582864,0,2.978119264,-1.375006576,2.172520155,0.152691290,-0.189829476,0.058791365,0.968087659,14,2,0,nan,nan,not enough PnP correspondences
965.637582864,0,2.978119264,-1.375006576,2.172520155,0.152691290,-0.189829476,0.058791365,0.968087659,17,3,0,nan,nan,not enough PnP correspondences
965.644582864,0,2.978119264,-1.375006576,2.172520155,0.152691290,-0.189829476,0.058791365,0.968087659,33,8,0,nan,nan,not enough PnP correspondences
965.651582864,0,2.978119264,-1.375006576,2.172520155,0.152691290,-0.189829476,0.058791365,0.968087659,56,15,7,nan,nan,too few PnP inliers: 7
965.658582864,0,2.978119264,-1.375006576,2.172520155,0.152691290,-0.189829476,0.058791365,0.968087659,51,3,0,nan,nan,not enough PnP correspondences
965.665582864,0,2.978119264,-1.375006576,2.172520155,0.152691290,-0.189829476,0.058791365,0.968087659,44,5,0,nan,nan,not enough PnP correspondences
965.672582864,0,2.978119264,-1.375006576,2.172520155,0.152691290,-0.189829476,0.058791365,0.968087659,53,10,0,nan,nan,not enough PnP correspondences
965.679582864,0,2.978119264,-1.375006576,2.172520155,0.152691290,-0.189829476,0.058791365,0.968087659,82,25,0,nan,nan,solvePnPRansac failed
965.686582864,0,2.978119264,-1.375006576,2.172520155,0.152691290,-0.189829476,0.058791365,0.968087659,91,26,8,nan,nan,too few PnP inliers: 8
965.693582864,0,2.978119264,-1.375006576,2.172520155,0.152691290,-0.189829476,0.058791365,0.968087659,91,24,0,nan,nan,solvePnPRansac failed
965.700582864,0,2.978119264,-1.375006576,2.172520155,0.152691290,-0.189829476,0.058791365,0.968087659,43,5,0,nan,nan,not enough PnP correspondences
965.707582864,0,2.978119264,-1.375006576,2.172520155,0.152691290,-0.189829476,0.058791365,0.968087659,21,5,0,nan,nan,not enough PnP correspondences
965.714582864,0,2.978119264,-1.375006576,2.172520155,0.152691290,-0.189829476,0.058791365,0.968087659,28,6,0,nan,nan,not enough PnP correspondences
965.721582864,0,2.978119264,-1.375006576,2.172520155,0.152691290,-0.189829476,0.058791365,0.968087659,17,5,0,nan,nan,not enough PnP correspondences
965.728582864,0,2.978119264,-1.375006576,2.172520155,0.152691290,-0.189829476,0.058791365,0.968087659,15,3,0,nan,nan,not enough PnP correspondences
965.735582864,0,2.978119264,-1.375006576,2.172520155,0.152691290,-0.189829476,0.058791365,0.968087659,17,5,0,nan,nan,not enough PnP correspondences
965.742582864,0,2.978119264,-1.375006576,2.172520155,0.152691290,-0.189829476,0.058791365,0.968087659,24,5,0,nan,nan,not enough PnP correspondences
965.749582864,0,2.978119264,-1.375006576,2.172520155,0.152691290,-0.189829476,0.058791365,0.968087659,27,3,0,nan,nan,not enough PnP correspondences
965.756582864,0,2.978119264,-1.375006576,2.172520155,0.152691290,-0.189829476,0.058791365,0.968087659,23,6,0,nan,nan,not enough PnP correspondences
965.763582864,0,2.978119264,-1.375006576,2.172520155,0.152691290,-0.189829476,0.058791365,0.968087659,33,2,0,nan,nan,not enough PnP correspondences
965.770582864,0,2.978119264,-1.375006576,2.172520155,0.152691290,-0.189829476,0.058791365,0.968087659,23,4,0,nan,nan,not enough PnP correspondences
965.777582864,0,2.978119264,-1.375006576,2.172520155,0.152691290,-0.189829476,0.058791365,0.968087659,19,3,0,nan,nan,not enough PnP correspondences
965.784582864,0,2.978119264,-1.375006576,2.172520155,0.152691290,-0.189829476,0.058791365,0.968087659,25,4,0,nan,nan,not enough PnP correspondences
965.791582864,0,2.978119264,-1.375006576,2.172520155,0.152691290,-0.189829476,0.058791365,0.968087659,29,8,0,nan,nan,not enough PnP correspondences
965.798582864,0,2.978119264,-1.375006576,2.172520155,0.152691290,-0.189829476,0.058791365,0.968087659,19,3,0,nan,nan,not enough PnP correspondences
965.805582864,0,2.978119264,-1.375006576,2.172520155,0.152691290,-0.189829476,0.058791365,0.968087659,14,0,0,nan,nan,not enough PnP correspondences
965.812582864,0,2.978119264,-1.375006576,2.172520155,0.152691290,-0.189829476,0.058791365,0.968087659,15,2,0,nan,nan,not enough PnP correspondences
965.819582864,0,2.978119264,-1.375006576,2.172520155,0.152691290,-0.189829476,0.058791365,0.968087659,14,2,0,nan,nan,not enough PnP correspondences
965.826582864,0,2.978119264,-1.375006576,2.172520155,0.152691290,-0.189829476,0.058791365,0.968087659,15,1,0,nan,nan,not enough PnP correspondences
965.833582864,0,2.978119264,-1.375006576,2.172520155,0.152691290,-0.189829476,0.058791365,0.968087659,16,1,0,nan,nan,not enough PnP correspondences
965.840582864,0,2.978119264,-1.375006576,2.172520155,0.152691290,-0.189829476,0.058791365,0.968087659,15,1,0,nan,nan,not enough PnP correspondences
965.847582864,0,2.978119264,-1.375006576,2.172520155,0.152691290,-0.189829476,0.058791365,0.968087659,32,12,0,nan,nan,not enough PnP correspondences
965.854582864,0,2.978119264,-1.375006576,2.172520155,0.152691290,-0.189829476,0.058791365,0.968087659,38,5,0,nan,nan,not enough PnP correspondences
965.861582864,0,2.978119264,-1.375006576,2.172520155,0.152691290,-0.189829476,0.058791365,0.968087659,27,10,0,nan,nan,not enough PnP correspondences
965.868582864,0,2.978119264,-1.375006576,2.172520155,0.152691290,-0.189829476,0.058791365,0.968087659,44,13,0,nan,nan,not enough PnP correspondences
965.875582864,0,2.978119264,-1.375006576,2.172520155,0.152691290,-0.189829476,0.058791365,0.968087659,38,3,0,nan,nan,not enough PnP correspondences
965.882582864,0,2.978119264,-1.375006576,2.172520155,0.152691290,-0.189829476,0.058791365,0.968087659,34,4,0,nan,nan,not enough PnP correspondences
965.889582864,0,2.978119264,-1.375006576,2.172520155,0.152691290,-0.189829476,0.058791365,0.968087659,16,2,0,nan,nan,not enough PnP correspondences
965.896582864,0,2.978119264,-1.375006576,2.172520155,0.152691290,-0.189829476,0.058791365,0.968087659,17,3,0,nan,nan,not enough PnP correspondences
965.903582864,0,2.978119264,-1.375006576,2.172520155,0.152691290,-0.189829476,0.058791365,0.968087659,30,4,0,nan,nan,not enough PnP correspondences
965.910582864,0,2.978119264,-1.375006576,2.172520155,0.152691290,-0.189829476,0.058791365,0.968087659,23,8,0,nan,nan,not enough PnP correspondences
965.917582864,0,2.978119264,-1.375006576,2.172520155,0.152691290,-0.189829476,0.058791365,0.968087659,28,0,0,nan,nan,not enough PnP correspondences
965.924582864,0,2.978119264,-1.375006576,2.172520155,0.152691290,-0.189829476,0.058791365,0.968087659,33,7,0,nan,nan,not enough PnP correspondences
965.931582864,0,2.978119264,-1.375006576,2.172520155,0.152691290,-0.189829476,0.058791365,0.968087659,51,9,0,nan,nan,not enough PnP correspondences
965.938582864,0,2.978119264,-1.375006576,2.172520155,0.152691290,-0.189829476,0.058791365,0.968087659,37,8,0,nan,nan,not enough PnP correspondences
965.945582864,0,2.978119264,-1.375006576,2.172520155,0.152691290,-0.189829476,0.058791365,0.968087659,36,10,0,nan,nan,not enough PnP correspondences
965.952582864,0,2.978119264,-1.375006576,2.172520155,0.152691290,-0.189829476,0.058791365,0.968087659,43,2,0,nan,nan,not enough PnP correspondences
965.959582864,0,2.978119264,-1.375006576,2.172520155,0.152691290,-0.189829476,0.058791365,0.968087659,40,5,0,nan,nan,not enough PnP correspondences
965.966582864,0,2.978119264,-1.375006576,2.172520155,0.152691290,-0.189829476,0.058791365,0.968087659,48,13,0,nan,nan,not enough PnP correspondences
965.973582864,0,2.978119264,-1.375006576,2.172520155,0.152691290,-0.189829476,0.058791365,0.968087659,41,11,0,nan,nan,not enough PnP correspondences
965.980582864,0,2.978119264,-1.375006576,2.172520155,0.152691290,-0.189829476,0.058791365,0.968087659,28,7,0,nan,nan,not enough PnP correspondences
965.987582864,0,2.978119264,-1.375006576,2.172520155,0.152691290,-0.189829476,0.058791365,0.968087659,20,1,0,nan,nan,not enough PnP correspondences
965.994582864,0,2.978119264,-1.375006576,2.172520155,0.152691290,-0.189829476,0.058791365,0.968087659,20,4,0,nan,nan,not enough PnP correspondences
966.001582864,0,2.978119264,-1.375006576,2.172520155,0.152691290,-0.189829476,0.058791365,0.968087659,23,2,0,nan,nan,not enough PnP correspondences
966.008582864,0,2.978119264,-1.375006576,2.172520155,0.152691290,-0.189829476,0.058791365,0.968087659,24,6,0,nan,nan,not enough PnP correspondences
966.015582864,0,2.978119264,-1.375006576,2.172520155,0.152691290,-0.189829476,0.058791365,0.968087659,19,3,0,nan,nan,not enough PnP correspondences
966.022582864,0,2.978119264,-1.375006576,2.172520155,0.152691290,-0.189829476,0.058791365,0.968087659,15,3,0,nan,nan,not enough PnP correspondences
966.029582864,0,2.978119264,-1.375006576,2.172520155,0.152691290,-0.189829476,0.058791365,0.968087659,16,2,0,nan,nan,not enough PnP correspondences
966.036582864,0,2.978119264,-1.375006576,2.172520155,0.152691290,-0.189829476,0.058791365,0.968087659,17,3,0,nan,nan,not enough PnP correspondences
966.043582864,0,2.978119264,-1.375006576,2.172520155,0.152691290,-0.189829476,0.058791365,0.968087659,20,8,0,nan,nan,not enough PnP correspondences
966.050582864,0,2.978119264,-1.375006576,2.172520155,0.152691290,-0.189829476,0.058791365,0.968087659,16,3,0,nan,nan,not enough PnP correspondences
966.057582864,0,2.978119264,-1.375006576,2.172520155,0.152691290,-0.189829476,0.058791365,0.968087659,14,2,0,nan,nan,not enough PnP correspondences
966.064582864,0,2.978119264,-1.375006576,2.172520155,0.152691290,-0.189829476,0.058791365,0.968087659,19,2,0,nan,nan,not enough PnP correspondences
966.071582864,0,2.978119264,-1.375006576,2.172520155,0.152691290,-0.189829476,0.058791365,0.968087659,14,4,0,nan,nan,not enough PnP correspondences
966.078582864,0,2.978119264,-1.375006576,2.172520155,0.152691290,-0.189829476,0.058791365,0.968087659,10,1,0,nan,nan,not enough PnP correspondences
966.085582864,0,2.978119264,-1.375006576,2.172520155,0.152691290,-0.189829476,0.058791365,0.968087659,10,2,0,nan,nan,not enough PnP correspondences
966.092582864,0,2.978119264,-1.375006576,2.172520155,0.152691290,-0.189829476,0.058791365,0.968087659,12,4,0,nan,nan,not enough PnP correspondences
966.099582864,0,2.978119264,-1.375006576,2.172520155,0.152691290,-0.189829476,0.058791365,0.968087659,11,1,0,nan,nan,not enough PnP correspondences
966.106582864,0,2.978119264,-1.375006576,2.172520155,0.152691290,-0.189829476,0.058791365,0.968087659,15,4,0,nan,nan,not enough PnP correspondences
966.113582864,0,2.978119264,-1.375006576,2.172520155,0.152691290,-0.189829476,0.058791365,0.968087659,25,9,0,nan,nan,not enough PnP correspondences
966.120582864,0,2.978119264,-1.375006576,2.172520155,0.152691290,-0.189829476,0.058791365,0.968087659,20,5,0,nan,nan,not enough PnP correspondences
966.127582864,0,2.978119264,-1.375006576,2.172520155,0.152691290,-0.189829476,0.058791365,0.968087659,45,7,0,nan,nan,not enough PnP correspondences
966.134582864,0,2.978119264,-1.375006576,2.172520155,0.152691290,-0.189829476,0.058791365,0.968087659,76,33,7,nan,nan,too few PnP inliers: 7
966.141582864,0,2.978119264,-1.375006576,2.172520155,0.152691290,-0.189829476,0.058791365,0.968087659,55,5,0,nan,nan,not enough PnP correspondences
966.148582864,0,2.978119264,-1.375006576,2.172520155,0.152691290,-0.189829476,0.058791365,0.968087659,63,18,7,nan,nan,too few PnP inliers: 7
966.155582864,1,3.122388287,-1.366481340,2.098442242,0.153672371,-0.195026125,0.062695768,0.966653430,77,21,12,1.177178239,1.184970306,ok
966.162582864,0,3.122388287,-1.366481340,2.098442242,0.153672371,-0.195026125,0.062695768,0.966653430,56,3,0,nan,nan,not enough PnP correspondences
966.169582864,0,3.122388287,-1.366481340,2.098442242,0.153672371,-0.195026125,0.062695768,0.966653430,63,18,0,nan,nan,solvePnPRansac failed
966.176582864,0,3.122388287,-1.366481340,2.098442242,0.153672371,-0.195026125,0.062695768,0.966653430,30,10,0,nan,nan,not enough PnP correspondences
966.183582864,0,3.122388287,-1.366481340,2.098442242,0.153672371,-0.195026125,0.062695768,0.966653430,18,0,0,nan,nan,not enough PnP correspondences
966.190582864,0,3.122388287,-1.366481340,2.098442242,0.153672371,-0.195026125,0.062695768,0.966653430,13,2,0,nan,nan,not enough PnP correspondences
966.197582864,0,3.122388287,-1.366481340,2.098442242,0.153672371,-0.195026125,0.062695768,0.966653430,12,0,0,nan,nan,not enough PnP correspondences
966.204582864,0,3.122388287,-1.366481340,2.098442242,0.153672371,-0.195026125,0.062695768,0.966653430,14,0,0,nan,nan,not enough PnP correspondences
966.211582864,0,3.122388287,-1.366481340,2.098442242,0.153672371,-0.195026125,0.062695768,0.966653430,12,2,0,nan,nan,not enough PnP correspondences
966.218582864,0,3.122388287,-1.366481340,2.098442242,0.153672371,-0.195026125,0.062695768,0.966653430,15,5,0,nan,nan,not enough PnP correspondences
966.225582864,0,3.122388287,-1.366481340,2.098442242,0.153672371,-0.195026125,0.062695768,0.966653430,15,5,0,nan,nan,not enough PnP correspondences
966.232582864,0,3.122388287,-1.366481340,2.098442242,0.153672371,-0.195026125,0.062695768,0.966653430,10,1,0,nan,nan,not enough PnP correspondences
966.239582864,0,3.122388287,-1.366481340,2.098442242,0.153672371,-0.195026125,0.062695768,0.966653430,11,1,0,nan,nan,not enough PnP correspondences
966.246582864,0,3.122388287,-1.366481340,2.098442242,0.153672371,-0.195026125,0.062695768,0.966653430,12,2,0,nan,nan,not enough PnP correspondences
966.253582864,0,3.122388287,-1.366481340,2.098442242,0.153672371,-0.195026125,0.062695768,0.966653430,10,1,0,nan,nan,not enough PnP correspondences
966.260582864,0,3.122388287,-1.366481340,2.098442242,0.153672371,-0.195026125,0.062695768,0.966653430,12,1,0,nan,nan,not enough PnP correspondences
966.267582864,0,3.122388287,-1.366481340,2.098442242,0.153672371,-0.195026125,0.062695768,0.966653430,12,1,0,nan,nan,not enough PnP correspondences
966.274582864,0,3.122388287,-1.366481340,2.098442242,0.153672371,-0.195026125,0.062695768,0.966653430,12,4,0,nan,nan,not enough PnP correspondences
966.281582864,0,3.122388287,-1.366481340,2.098442242,0.153672371,-0.195026125,0.062695768,0.966653430,15,1,0,nan,nan,not enough PnP correspondences
966.288582864,0,3.122388287,-1.366481340,2.098442242,0.153672371,-0.195026125,0.062695768,0.966653430,19,3,0,nan,nan,not enough PnP correspondences
966.295582864,0,3.122388287,-1.366481340,2.098442242,0.153672371,-0.195026125,0.062695768,0.966653430,16,1,0,nan,nan,not enough PnP correspondences
966.302582864,0,3.122388287,-1.366481340,2.098442242,0.153672371,-0.195026125,0.062695768,0.966653430,14,3,0,nan,nan,not enough PnP correspondences
966.309582864,0,3.122388287,-1.366481340,2.098442242,0.153672371,-0.195026125,0.062695768,0.966653430,13,2,0,nan,nan,not enough PnP correspondences
966.316582864,0,3.122388287,-1.366481340,2.098442242,0.153672371,-0.195026125,0.062695768,0.966653430,20,3,0,nan,nan,not enough PnP correspondences
966.323582864,0,3.122388287,-1.366481340,2.098442242,0.153672371,-0.195026125,0.062695768,0.966653430,21,3,0,nan,nan,not enough PnP correspondences
966.330582864,0,3.122388287,-1.366481340,2.098442242,0.153672371,-0.195026125,0.062695768,0.966653430,24,6,0,nan,nan,not enough PnP correspondences
966.337582864,0,3.122388287,-1.366481340,2.098442242,0.153672371,-0.195026125,0.062695768,0.966653430,53,8,0,nan,nan,not enough PnP correspondences
966.344582864,0,3.122388287,-1.366481340,2.098442242,0.153672371,-0.195026125,0.062695768,0.966653430,68,13,0,nan,nan,not enough PnP correspondences
966.351582864,0,3.122388287,-1.366481340,2.098442242,0.153672371,-0.195026125,0.062695768,0.966653430,70,14,0,nan,nan,not enough PnP correspondences
966.358582864,0,3.122388287,-1.366481340,2.098442242,0.153672371,-0.195026125,0.062695768,0.966653430,63,21,6,nan,nan,too few PnP inliers: 6
966.365582864,1,3.172467423,-1.344360061,2.055396017,0.151767770,-0.194944311,0.057195318,0.967311716,79,19,13,1.340797345,1.125304823,ok
966.372582864,0,3.172467423,-1.344360061,2.055396017,0.151767770,-0.194944311,0.057195318,0.967311716,86,25,8,nan,nan,too few PnP inliers: 8
966.379582864,1,3.174891955,-1.266648896,1.741544475,0.150728808,-0.195223862,0.055223148,0.967532363,87,35,20,1.309799305,1.247895335,ok
966.386582864,0,3.174891955,-1.266648896,1.741544475,0.150728808,-0.195223862,0.055223148,0.967532363,55,17,8,nan,nan,too few PnP inliers: 8
966.393582864,0,3.174891955,-1.266648896,1.741544475,0.150728808,-0.195223862,0.055223148,0.967532363,40,11,0,nan,nan,not enough PnP correspondences
966.400582864,0,3.174891955,-1.266648896,1.741544475,0.150728808,-0.195223862,0.055223148,0.967532363,25,3,0,nan,nan,not enough PnP correspondences
966.407582864,0,3.174891955,-1.266648896,1.741544475,0.150728808,-0.195223862,0.055223148,0.967532363,18,5,0,nan,nan,not enough PnP correspondences
966.414582864,0,3.174891955,-1.266648896,1.741544475,0.150728808,-0.195223862,0.055223148,0.967532363,11,0,0,nan,nan,not enough PnP correspondences
966.421582864,0,3.174891955,-1.266648896,1.741544475,0.150728808,-0.195223862,0.055223148,0.967532363,12,3,0,nan,nan,not enough PnP correspondences
966.428582864,0,3.174891955,-1.266648896,1.741544475,0.150728808,-0.195223862,0.055223148,0.967532363,14,2,0,nan,nan,not enough PnP correspondences
966.435582864,0,3.174891955,-1.266648896,1.741544475,0.150728808,-0.195223862,0.055223148,0.967532363,13,5,0,nan,nan,not enough PnP correspondences
966.442582864,0,3.174891955,-1.266648896,1.741544475,0.150728808,-0.195223862,0.055223148,0.967532363,15,3,0,nan,nan,not enough PnP correspondences
966.449582864,0,3.174891955,-1.266648896,1.741544475,0.150728808,-0.195223862,0.055223148,0.967532363,12,1,0,nan,nan,not enough PnP correspondences
966.456582864,0,3.174891955,-1.266648896,1.741544475,0.150728808,-0.195223862,0.055223148,0.967532363,21,6,0,nan,nan,not enough PnP correspondences
966.463582864,0,3.174891955,-1.266648896,1.741544475,0.150728808,-0.195223862,0.055223148,0.967532363,25,4,0,nan,nan,not enough PnP correspondences
966.470582864,0,3.174891955,-1.266648896,1.741544475,0.150728808,-0.195223862,0.055223148,0.967532363,27,1,0,nan,nan,not enough PnP correspondences
966.477582864,0,3.174891955,-1.266648896,1.741544475,0.150728808,-0.195223862,0.055223148,0.967532363,46,9,0,nan,nan,not enough PnP correspondences
966.484582864,0,3.174891955,-1.266648896,1.741544475,0.150728808,-0.195223862,0.055223148,0.967532363,20,3,0,nan,nan,not enough PnP correspondences
966.491582864,0,3.174891955,-1.266648896,1.741544475,0.150728808,-0.195223862,0.055223148,0.967532363,24,4,0,nan,nan,not enough PnP correspondences
966.498582864,0,3.174891955,-1.266648896,1.741544475,0.150728808,-0.195223862,0.055223148,0.967532363,28,10,0,nan,nan,not enough PnP correspondences
966.505582864,0,3.174891955,-1.266648896,1.741544475,0.150728808,-0.195223862,0.055223148,0.967532363,15,4,0,nan,nan,not enough PnP correspondences
966.512582864,0,3.174891955,-1.266648896,1.741544475,0.150728808,-0.195223862,0.055223148,0.967532363,13,4,0,nan,nan,not enough PnP correspondences
966.519582864,0,3.174891955,-1.266648896,1.741544475,0.150728808,-0.195223862,0.055223148,0.967532363,16,3,0,nan,nan,not enough PnP correspondences
966.526582864,0,3.174891955,-1.266648896,1.741544475,0.150728808,-0.195223862,0.055223148,0.967532363,12,3,0,nan,nan,not enough PnP correspondences
966.533582864,0,3.174891955,-1.266648896,1.741544475,0.150728808,-0.195223862,0.055223148,0.967532363,13,4,0,nan,nan,not enough PnP correspondences
966.540582864,0,3.174891955,-1.266648896,1.741544475,0.150728808,-0.195223862,0.055223148,0.967532363,12,1,0,nan,nan,not enough PnP correspondences
966.547582864,0,3.174891955,-1.266648896,1.741544475,0.150728808,-0.195223862,0.055223148,0.967532363,15,4,0,nan,nan,not enough PnP correspondences
966.554582864,0,3.174891955,-1.266648896,1.741544475,0.150728808,-0.195223862,0.055223148,0.967532363,12,3,0,nan,nan,not enough PnP correspondences
966.561582864,0,3.174891955,-1.266648896,1.741544475,0.150728808,-0.195223862,0.055223148,0.967532363,13,2,0,nan,nan,not enough PnP correspondences
966.568582864,0,3.174891955,-1.266648896,1.741544475,0.150728808,-0.195223862,0.055223148,0.967532363,13,1,0,nan,nan,not enough PnP correspondences
966.575582864,0,3.174891955,-1.266648896,1.741544475,0.150728808,-0.195223862,0.055223148,0.967532363,17,5,0,nan,nan,not enough PnP correspondences
966.582582864,0,3.174891955,-1.266648896,1.741544475,0.150728808,-0.195223862,0.055223148,0.967532363,22,5,0,nan,nan,not enough PnP correspondences
966.589582864,0,3.174891955,-1.266648896,1.741544475,0.150728808,-0.195223862,0.055223148,0.967532363,55,16,0,nan,nan,solvePnPRansac cv2 error
966.596582864,0,3.174891955,-1.266648896,1.741544475,0.150728808,-0.195223862,0.055223148,0.967532363,101,19,0,nan,nan,solvePnPRansac failed
966.603582864,0,3.174891955,-1.266648896,1.741544475,0.150728808,-0.195223862,0.055223148,0.967532363,93,24,0,nan,nan,solvePnPRansac failed
966.610582864,1,3.163102826,-1.234480501,1.707502418,0.151864149,-0.194475748,0.054635608,0.967538844,148,37,17,1.375216319,1.135110819,ok
966.617582864,0,3.163102826,-1.234480501,1.707502418,0.151864149,-0.194475748,0.054635608,0.967538844,164,64,7,nan,nan,too few PnP inliers: 7
966.624582864,1,3.145046571,-1.215501618,1.600224910,0.150036609,-0.194421169,0.057438159,0.967672611,212,88,27,1.311282359,1.177667170,ok
966.631582864,0,3.145046571,-1.215501618,1.600224910,0.150036609,-0.194421169,0.057438159,0.967672611,292,113,13,nan,nan,PnP inlier ratio too low: 0.115
966.638582864,1,3.174958061,-1.220208431,1.591616282,0.150516388,-0.197262429,0.060680963,0.966824789,197,87,28,1.552644801,1.536717185,ok
966.645582864,1,3.229691707,-1.346211889,1.850584930,0.149422641,-0.196829634,0.062342541,0.966976927,203,69,30,1.271548345,1.185368973,ok
966.652582864,1,3.207254674,-1.328468383,1.870832417,0.151000350,-0.194531033,0.062305365,0.967199366,225,74,18,0.955231619,0.802757489,ok
966.659582864,1,3.179575897,-1.302305710,1.769001376,0.150042902,-0.194412947,0.063428899,0.967299079,208,88,29,1.697241980,1.851325029,ok
966.666582864,0,3.179575897,-1.302305710,1.769001376,0.150042902,-0.194412947,0.063428899,0.967299079,167,41,8,nan,nan,too few PnP inliers: 8
966.673582864,1,3.207099818,-1.263452600,1.641410406,0.150437401,-0.195539585,0.063716139,0.966991785,118,30,18,1.459683835,1.224978198,ok
966.680582864,0,3.207099818,-1.263452600,1.641410406,0.150437401,-0.195539585,0.063716139,0.966991785,61,4,0,nan,nan,not enough PnP correspondences
966.687582864,0,3.207099818,-1.263452600,1.641410406,0.150437401,-0.195539585,0.063716139,0.966991785,41,6,0,nan,nan,not enough PnP correspondences
966.694582864,0,3.207099818,-1.263452600,1.641410406,0.150437401,-0.195539585,0.063716139,0.966991785,29,5,0,nan,nan,not enough PnP correspondences
966.701582864,0,3.207099818,-1.263452600,1.641410406,0.150437401,-0.195539585,0.063716139,0.966991785,14,2,0,nan,nan,not enough PnP correspondences
966.708582864,0,3.207099818,-1.263452600,1.641410406,0.150437401,-0.195539585,0.063716139,0.966991785,11,5,0,nan,nan,not enough PnP correspondences
966.715582864,0,3.207099818,-1.263452600,1.641410406,0.150437401,-0.195539585,0.063716139,0.966991785,11,2,0,nan,nan,not enough PnP correspondences
966.722582864,0,3.207099818,-1.263452600,1.641410406,0.150437401,-0.195539585,0.063716139,0.966991785,10,2,0,nan,nan,not enough PnP correspondences
966.729582864,0,3.207099818,-1.263452600,1.641410406,0.150437401,-0.195539585,0.063716139,0.966991785,14,2,0,nan,nan,not enough PnP correspondences
966.736582864,0,3.207099818,-1.263452600,1.641410406,0.150437401,-0.195539585,0.063716139,0.966991785,14,2,0,nan,nan,not enough PnP correspondences
966.743582864,0,3.207099818,-1.263452600,1.641410406,0.150437401,-0.195539585,0.063716139,0.966991785,11,1,0,nan,nan,not enough PnP correspondences
966.750582864,0,3.207099818,-1.263452600,1.641410406,0.150437401,-0.195539585,0.063716139,0.966991785,13,0,0,nan,nan,not enough PnP correspondences
966.757582864,0,3.207099818,-1.263452600,1.641410406,0.150437401,-0.195539585,0.063716139,0.966991785,17,1,0,nan,nan,not enough PnP correspondences
966.764582864,0,3.207099818,-1.263452600,1.641410406,0.150437401,-0.195539585,0.063716139,0.966991785,12,3,0,nan,nan,not enough PnP correspondences
966.771582864,0,3.207099818,-1.263452600,1.641410406,0.150437401,-0.195539585,0.063716139,0.966991785,14,2,0,nan,nan,not enough PnP correspondences
966.778582864,0,3.207099818,-1.263452600,1.641410406,0.150437401,-0.195539585,0.063716139,0.966991785,18,2,0,nan,nan,not enough PnP correspondences
966.785582864,0,3.207099818,-1.263452600,1.641410406,0.150437401,-0.195539585,0.063716139,0.966991785,12,5,0,nan,nan,not enough PnP correspondences
966.792582864,0,3.207099818,-1.263452600,1.641410406,0.150437401,-0.195539585,0.063716139,0.966991785,12,3,0,nan,nan,not enough PnP correspondences
966.799582864,0,3.207099818,-1.263452600,1.641410406,0.150437401,-0.195539585,0.063716139,0.966991785,14,1,0,nan,nan,not enough PnP correspondences
966.806582864,0,3.207099818,-1.263452600,1.641410406,0.150437401,-0.195539585,0.063716139,0.966991785,12,3,0,nan,nan,not enough PnP correspondences
966.813582864,0,3.207099818,-1.263452600,1.641410406,0.150437401,-0.195539585,0.063716139,0.966991785,11,2,0,nan,nan,not enough PnP correspondences
966.820582864,0,3.207099818,-1.263452600,1.641410406,0.150437401,-0.195539585,0.063716139,0.966991785,15,0,0,nan,nan,not enough PnP correspondences
966.827582864,0,3.207099818,-1.263452600,1.641410406,0.150437401,-0.195539585,0.063716139,0.966991785,16,3,0,nan,nan,not enough PnP correspondences
966.834582864,0,3.207099818,-1.263452600,1.641410406,0.150437401,-0.195539585,0.063716139,0.966991785,18,6,0,nan,nan,not enough PnP correspondences
966.841582864,0,3.207099818,-1.263452600,1.641410406,0.150437401,-0.195539585,0.063716139,0.966991785,21,2,0,nan,nan,not enough PnP correspondences
966.848582864,0,3.207099818,-1.263452600,1.641410406,0.150437401,-0.195539585,0.063716139,0.966991785,15,2,0,nan,nan,not enough PnP correspondences
966.855582864,0,3.207099818,-1.263452600,1.641410406,0.150437401,-0.195539585,0.063716139,0.966991785,23,4,0,nan,nan,not enough PnP correspondences
966.862582864,0,3.207099818,-1.263452600,1.641410406,0.150437401,-0.195539585,0.063716139,0.966991785,15,4,0,nan,nan,not enough PnP correspondences
966.869582864,0,3.207099818,-1.263452600,1.641410406,0.150437401,-0.195539585,0.063716139,0.966991785,14,0,0,nan,nan,not enough PnP correspondences
966.876582864,0,3.207099818,-1.263452600,1.641410406,0.150437401,-0.195539585,0.063716139,0.966991785,11,1,0,nan,nan,not enough PnP correspondences
966.883582864,0,3.207099818,-1.263452600,1.641410406,0.150437401,-0.195539585,0.063716139,0.966991785,22,3,0,nan,nan,not enough PnP correspondences
966.890582864,0,3.207099818,-1.263452600,1.641410406,0.150437401,-0.195539585,0.063716139,0.966991785,15,3,0,nan,nan,not enough PnP correspondences
966.897582864,0,3.207099818,-1.263452600,1.641410406,0.150437401,-0.195539585,0.063716139,0.966991785,13,1,0,nan,nan,not enough PnP correspondences
966.904582864,0,3.207099818,-1.263452600,1.641410406,0.150437401,-0.195539585,0.063716139,0.966991785,16,4,0,nan,nan,not enough PnP correspondences
966.911582864,0,3.207099818,-1.263452600,1.641410406,0.150437401,-0.195539585,0.063716139,0.966991785,15,3,0,nan,nan,not enough PnP correspondences
966.918582864,0,3.207099818,-1.263452600,1.641410406,0.150437401,-0.195539585,0.063716139,0.966991785,25,6,0,nan,nan,not enough PnP correspondences
966.925582864,0,3.207099818,-1.263452600,1.641410406,0.150437401,-0.195539585,0.063716139,0.966991785,16,1,0,nan,nan,not enough PnP correspondences
966.932582864,0,3.207099818,-1.263452600,1.641410406,0.150437401,-0.195539585,0.063716139,0.966991785,16,4,0,nan,nan,not enough PnP correspondences
966.939582864,0,3.207099818,-1.263452600,1.641410406,0.150437401,-0.195539585,0.063716139,0.966991785,16,4,0,nan,nan,not enough PnP correspondences
966.946582864,0,3.207099818,-1.263452600,1.641410406,0.150437401,-0.195539585,0.063716139,0.966991785,17,6,0,nan,nan,not enough PnP correspondences
966.953582864,0,3.207099818,-1.263452600,1.641410406,0.150437401,-0.195539585,0.063716139,0.966991785,19,3,0,nan,nan,not enough PnP correspondences
966.960582864,0,3.207099818,-1.263452600,1.641410406,0.150437401,-0.195539585,0.063716139,0.966991785,22,3,0,nan,nan,not enough PnP correspondences
966.967582864,0,3.207099818,-1.263452600,1.641410406,0.150437401,-0.195539585,0.063716139,0.966991785,23,3,0,nan,nan,not enough PnP correspondences
966.974582864,0,3.207099818,-1.263452600,1.641410406,0.150437401,-0.195539585,0.063716139,0.966991785,24,5,0,nan,nan,not enough PnP correspondences
966.981582864,0,3.207099818,-1.263452600,1.641410406,0.150437401,-0.195539585,0.063716139,0.966991785,27,4,0,nan,nan,not enough PnP correspondences
966.988582864,0,3.207099818,-1.263452600,1.641410406,0.150437401,-0.195539585,0.063716139,0.966991785,28,8,0,nan,nan,not enough PnP correspondences
966.995582864,0,3.207099818,-1.263452600,1.641410406,0.150437401,-0.195539585,0.063716139,0.966991785,27,9,0,nan,nan,not enough PnP correspondences
967.002582864,0,3.207099818,-1.263452600,1.641410406,0.150437401,-0.195539585,0.063716139,0.966991785,55,4,0,nan,nan,not enough PnP correspondences
967.009582864,0,3.207099818,-1.263452600,1.641410406,0.150437401,-0.195539585,0.063716139,0.966991785,37,9,0,nan,nan,not enough PnP correspondences
967.016582864,0,3.207099818,-1.263452600,1.641410406,0.150437401,-0.195539585,0.063716139,0.966991785,25,5,0,nan,nan,not enough PnP correspondences
967.023582864,0,3.207099818,-1.263452600,1.641410406,0.150437401,-0.195539585,0.063716139,0.966991785,17,4,0,nan,nan,not enough PnP correspondences
967.030582864,0,3.207099818,-1.263452600,1.641410406,0.150437401,-0.195539585,0.063716139,0.966991785,14,2,0,nan,nan,not enough PnP correspondences
967.037582864,0,3.207099818,-1.263452600,1.641410406,0.150437401,-0.195539585,0.063716139,0.966991785,13,2,0,nan,nan,not enough PnP correspondences
967.044582864,0,3.207099818,-1.263452600,1.641410406,0.150437401,-0.195539585,0.063716139,0.966991785,11,3,0,nan,nan,not enough PnP correspondences
967.051582864,0,3.207099818,-1.263452600,1.641410406,0.150437401,-0.195539585,0.063716139,0.966991785,12,3,0,nan,nan,not enough PnP correspondences
967.058582864,0,3.207099818,-1.263452600,1.641410406,0.150437401,-0.195539585,0.063716139,0.966991785,12,4,0,nan,nan,not enough PnP correspondences
967.065582864,0,3.207099818,-1.263452600,1.641410406,0.150437401,-0.195539585,0.063716139,0.966991785,12,2,0,nan,nan,not enough PnP correspondences
967.072582864,0,3.207099818,-1.263452600,1.641410406,0.150437401,-0.195539585,0.063716139,0.966991785,13,4,0,nan,nan,not enough PnP correspondences
967.079582864,0,3.207099818,-1.263452600,1.641410406,0.150437401,-0.195539585,0.063716139,0.966991785,14,4,0,nan,nan,not enough PnP correspondences
967.086582864,0,3.207099818,-1.263452600,1.641410406,0.150437401,-0.195539585,0.063716139,0.966991785,13,1,0,nan,nan,not enough PnP correspondences
967.093582864,0,3.207099818,-1.263452600,1.641410406,0.150437401,-0.195539585,0.063716139,0.966991785,12,3,0,nan,nan,not enough PnP correspondences
967.100582864,0,3.207099818,-1.263452600,1.641410406,0.150437401,-0.195539585,0.063716139,0.966991785,26,2,0,nan,nan,not enough PnP correspondences
967.107582864,0,3.207099818,-1.263452600,1.641410406,0.150437401,-0.195539585,0.063716139,0.966991785,36,7,0,nan,nan,not enough PnP correspondences
967.114582864,0,3.207099818,-1.263452600,1.641410406,0.150437401,-0.195539585,0.063716139,0.966991785,21,1,0,nan,nan,not enough PnP correspondences
967.121582864,0,3.207099818,-1.263452600,1.641410406,0.150437401,-0.195539585,0.063716139,0.966991785,63,21,0,nan,nan,solvePnPRansac cv2 error
967.128582864,0,3.207099818,-1.263452600,1.641410406,0.150437401,-0.195539585,0.063716139,0.966991785,64,21,0,nan,nan,solvePnPRansac failed
967.135582864,0,3.207099818,-1.263452600,1.641410406,0.150437401,-0.195539585,0.063716139,0.966991785,42,4,0,nan,nan,not enough PnP correspondences
967.142582864,0,3.207099818,-1.263452600,1.641410406,0.150437401,-0.195539585,0.063716139,0.966991785,43,8,0,nan,nan,not enough PnP correspondences
967.149582864,0,3.207099818,-1.263452600,1.641410406,0.150437401,-0.195539585,0.063716139,0.966991785,27,3,0,nan,nan,not enough PnP correspondences
967.156582864,0,3.207099818,-1.263452600,1.641410406,0.150437401,-0.195539585,0.063716139,0.966991785,18,3,0,nan,nan,not enough PnP correspondences
967.163582864,0,3.207099818,-1.263452600,1.641410406,0.150437401,-0.195539585,0.063716139,0.966991785,13,3,0,nan,nan,not enough PnP correspondences
967.170582864,0,3.207099818,-1.263452600,1.641410406,0.150437401,-0.195539585,0.063716139,0.966991785,13,3,0,nan,nan,not enough PnP correspondences
967.177582864,0,3.207099818,-1.263452600,1.641410406,0.150437401,-0.195539585,0.063716139,0.966991785,13,2,0,nan,nan,not enough PnP correspondences
967.184582864,0,3.207099818,-1.263452600,1.641410406,0.150437401,-0.195539585,0.063716139,0.966991785,13,4,0,nan,nan,not enough PnP correspondences
967.191582864,0,3.207099818,-1.263452600,1.641410406,0.150437401,-0.195539585,0.063716139,0.966991785,19,3,0,nan,nan,not enough PnP correspondences
967.198582864,0,3.207099818,-1.263452600,1.641410406,0.150437401,-0.195539585,0.063716139,0.966991785,19,6,0,nan,nan,not enough PnP correspondences
967.205582864,0,3.207099818,-1.263452600,1.641410406,0.150437401,-0.195539585,0.063716139,0.966991785,17,3,0,nan,nan,not enough PnP correspondences
967.212582864,0,3.207099818,-1.263452600,1.641410406,0.150437401,-0.195539585,0.063716139,0.966991785,18,6,0,nan,nan,not enough PnP correspondences
967.219582864,0,3.207099818,-1.263452600,1.641410406,0.150437401,-0.195539585,0.063716139,0.966991785,14,2,0,nan,nan,not enough PnP correspondences
967.226582864,0,3.207099818,-1.263452600,1.641410406,0.150437401,-0.195539585,0.063716139,0.966991785,15,5,0,nan,nan,not enough PnP correspondences
967.233582864,0,3.207099818,-1.263452600,1.641410406,0.150437401,-0.195539585,0.063716139,0.966991785,15,2,0,nan,nan,not enough PnP correspondences
967.240582864,0,3.207099818,-1.263452600,1.641410406,0.150437401,-0.195539585,0.063716139,0.966991785,13,2,0,nan,nan,not enough PnP correspondences
967.247582864,0,3.207099818,-1.263452600,1.641410406,0.150437401,-0.195539585,0.063716139,0.966991785,13,1,0,nan,nan,not enough PnP correspondences
967.254582864,0,3.207099818,-1.263452600,1.641410406,0.150437401,-0.195539585,0.063716139,0.966991785,14,1,0,nan,nan,not enough PnP correspondences
967.261582864,0,3.207099818,-1.263452600,1.641410406,0.150437401,-0.195539585,0.063716139,0.966991785,23,3,0,nan,nan,not enough PnP correspondences
967.268582864,0,3.207099818,-1.263452600,1.641410406,0.150437401,-0.195539585,0.063716139,0.966991785,13,3,0,nan,nan,not enough PnP correspondences
967.275582864,0,3.207099818,-1.263452600,1.641410406,0.150437401,-0.195539585,0.063716139,0.966991785,18,7,0,nan,nan,not enough PnP correspondences
967.282582864,0,3.207099818,-1.263452600,1.641410406,0.150437401,-0.195539585,0.063716139,0.966991785,16,5,0,nan,nan,not enough PnP correspondences
967.289582864,0,3.207099818,-1.263452600,1.641410406,0.150437401,-0.195539585,0.063716139,0.966991785,18,3,0,nan,nan,not enough PnP correspondences
967.296582864,0,3.207099818,-1.263452600,1.641410406,0.150437401,-0.195539585,0.063716139,0.966991785,23,1,0,nan,nan,not enough PnP correspondences
967.303582864,0,3.207099818,-1.263452600,1.641410406,0.150437401,-0.195539585,0.063716139,0.966991785,15,4,0,nan,nan,not enough PnP correspondences
967.310582864,0,3.207099818,-1.263452600,1.641410406,0.150437401,-0.195539585,0.063716139,0.966991785,13,2,0,nan,nan,not enough PnP correspondences
967.317582864,0,3.207099818,-1.263452600,1.641410406,0.150437401,-0.195539585,0.063716139,0.966991785,14,2,0,nan,nan,not enough PnP correspondences
967.324582864,0,3.207099818,-1.263452600,1.641410406,0.150437401,-0.195539585,0.063716139,0.966991785,13,3,0,nan,nan,not enough PnP correspondences
967.331582864,0,3.207099818,-1.263452600,1.641410406,0.150437401,-0.195539585,0.063716139,0.966991785,12,2,0,nan,nan,not enough PnP correspondences
967.338582864,0,3.207099818,-1.263452600,1.641410406,0.150437401,-0.195539585,0.063716139,0.966991785,12,2,0,nan,nan,not enough PnP correspondences
967.345582864,0,3.207099818,-1.263452600,1.641410406,0.150437401,-0.195539585,0.063716139,0.966991785,13,3,0,nan,nan,not enough PnP correspondences
967.352582864,0,3.207099818,-1.263452600,1.641410406,0.150437401,-0.195539585,0.063716139,0.966991785,15,5,0,nan,nan,not enough PnP correspondences
967.359582864,0,3.207099818,-1.263452600,1.641410406,0.150437401,-0.195539585,0.063716139,0.966991785,13,1,0,nan,nan,not enough PnP correspondences
967.366582864,0,3.207099818,-1.263452600,1.641410406,0.150437401,-0.195539585,0.063716139,0.966991785,19,2,0,nan,nan,not enough PnP correspondences
967.373582864,0,3.207099818,-1.263452600,1.641410406,0.150437401,-0.195539585,0.063716139,0.966991785,22,3,0,nan,nan,not enough PnP correspondences
967.380582864,0,3.207099818,-1.263452600,1.641410406,0.150437401,-0.195539585,0.063716139,0.966991785,27,4,0,nan,nan,not enough PnP correspondences
967.387582864,0,3.207099818,-1.263452600,1.641410406,0.150437401,-0.195539585,0.063716139,0.966991785,29,8,0,nan,nan,not enough PnP correspondences
967.394582864,0,3.207099818,-1.263452600,1.641410406,0.150437401,-0.195539585,0.063716139,0.966991785,72,17,0,nan,nan,solvePnPRansac cv2 error
967.401582864,0,3.207099818,-1.263452600,1.641410406,0.150437401,-0.195539585,0.063716139,0.966991785,62,9,0,nan,nan,not enough PnP correspondences
967.408582864,1,3.287935773,-1.275947205,1.662448748,0.150085624,-0.196863071,0.063891325,0.966766329,57,23,10,1.260001528,1.215793147,ok
967.415582864,0,3.287935773,-1.275947205,1.662448748,0.150085624,-0.196863071,0.063891325,0.966766329,85,20,0,nan,nan,solvePnPRansac cv2 error
967.422582864,0,3.287935773,-1.275947205,1.662448748,0.150085624,-0.196863071,0.063891325,0.966766329,138,37,0,nan,nan,solvePnPRansac failed
967.429582864,1,3.297929477,-1.265175155,1.666749956,0.151891302,-0.197778487,0.066131875,0.966146613,145,43,25,1.583500902,1.419000420,ok
967.436582864,0,3.297929477,-1.265175155,1.666749956,0.151891302,-0.197778487,0.066131875,0.966146613,155,53,11,16.636371826,13.866553550,PnP reprojection error too high: 13.867
967.443582864,1,3.362677263,-1.257458886,1.740249258,0.153046840,-0.199225646,0.063782586,0.965824823,73,25,16,1.155728388,1.064399708,ok
967.450582864,0,3.362677263,-1.257458886,1.740249258,0.153046840,-0.199225646,0.063782586,0.965824823,65,12,0,nan,nan,not enough PnP correspondences
967.457582864,1,3.368218745,-1.277916128,1.716660264,0.153212290,-0.198153521,0.064772377,0.965953268,61,18,13,0.953826044,0.589392990,ok
967.464582864,0,3.368218745,-1.277916128,1.716660264,0.153212290,-0.198153521,0.064772377,0.965953268,26,1,0,nan,nan,not enough PnP correspondences
967.471582864,0,3.368218745,-1.277916128,1.716660264,0.153212290,-0.198153521,0.064772377,0.965953268,22,4,0,nan,nan,not enough PnP correspondences
967.478582864,0,3.368218745,-1.277916128,1.716660264,0.153212290,-0.198153521,0.064772377,0.965953268,13,3,0,nan,nan,not enough PnP correspondences
967.485582864,0,3.368218745,-1.277916128,1.716660264,0.153212290,-0.198153521,0.064772377,0.965953268,11,2,0,nan,nan,not enough PnP correspondences
967.492582864,0,3.368218745,-1.277916128,1.716660264,0.153212290,-0.198153521,0.064772377,0.965953268,13,4,0,nan,nan,not enough PnP correspondences
967.499582864,0,3.368218745,-1.277916128,1.716660264,0.153212290,-0.198153521,0.064772377,0.965953268,18,5,0,nan,nan,not enough PnP correspondences
967.506582864,0,3.368218745,-1.277916128,1.716660264,0.153212290,-0.198153521,0.064772377,0.965953268,30,12,0,nan,nan,not enough PnP correspondences
967.513582864,0,3.368218745,-1.277916128,1.716660264,0.153212290,-0.198153521,0.064772377,0.965953268,15,3,0,nan,nan,not enough PnP correspondences
967.520582864,0,3.368218745,-1.277916128,1.716660264,0.153212290,-0.198153521,0.064772377,0.965953268,16,3,0,nan,nan,not enough PnP correspondences
967.527582864,0,3.368218745,-1.277916128,1.716660264,0.153212290,-0.198153521,0.064772377,0.965953268,25,7,0,nan,nan,not enough PnP correspondences
967.534582864,0,3.368218745,-1.277916128,1.716660264,0.153212290,-0.198153521,0.064772377,0.965953268,18,0,0,nan,nan,not enough PnP correspondences
967.541582864,0,3.368218745,-1.277916128,1.716660264,0.153212290,-0.198153521,0.064772377,0.965953268,17,3,0,nan,nan,not enough PnP correspondences
967.548582864,0,3.368218745,-1.277916128,1.716660264,0.153212290,-0.198153521,0.064772377,0.965953268,19,6,0,nan,nan,not enough PnP correspondences
967.555582864,0,3.368218745,-1.277916128,1.716660264,0.153212290,-0.198153521,0.064772377,0.965953268,12,1,0,nan,nan,not enough PnP correspondences
967.562582864,0,3.368218745,-1.277916128,1.716660264,0.153212290,-0.198153521,0.064772377,0.965953268,14,3,0,nan,nan,not enough PnP correspondences
967.569582864,0,3.368218745,-1.277916128,1.716660264,0.153212290,-0.198153521,0.064772377,0.965953268,13,2,0,nan,nan,not enough PnP correspondences
967.576582864,0,3.368218745,-1.277916128,1.716660264,0.153212290,-0.198153521,0.064772377,0.965953268,11,4,0,nan,nan,not enough PnP correspondences
967.583582864,0,3.368218745,-1.277916128,1.716660264,0.153212290,-0.198153521,0.064772377,0.965953268,14,3,0,nan,nan,not enough PnP correspondences
967.590582864,0,3.368218745,-1.277916128,1.716660264,0.153212290,-0.198153521,0.064772377,0.965953268,14,4,0,nan,nan,not enough PnP correspondences
967.597582864,0,3.368218745,-1.277916128,1.716660264,0.153212290,-0.198153521,0.064772377,0.965953268,20,4,0,nan,nan,not enough PnP correspondences
967.604582864,0,3.368218745,-1.277916128,1.716660264,0.153212290,-0.198153521,0.064772377,0.965953268,25,6,0,nan,nan,not enough PnP correspondences
967.611582864,0,3.368218745,-1.277916128,1.716660264,0.153212290,-0.198153521,0.064772377,0.965953268,28,5,0,nan,nan,not enough PnP correspondences
967.618582864,0,3.368218745,-1.277916128,1.716660264,0.153212290,-0.198153521,0.064772377,0.965953268,16,2,0,nan,nan,not enough PnP correspondences
967.625582864,0,3.368218745,-1.277916128,1.716660264,0.153212290,-0.198153521,0.064772377,0.965953268,13,4,0,nan,nan,not enough PnP correspondences
967.632582864,0,3.368218745,-1.277916128,1.716660264,0.153212290,-0.198153521,0.064772377,0.965953268,16,4,0,nan,nan,not enough PnP correspondences
967.639582864,0,3.368218745,-1.277916128,1.716660264,0.153212290,-0.198153521,0.064772377,0.965953268,15,1,0,nan,nan,not enough PnP correspondences
967.646582864,0,3.368218745,-1.277916128,1.716660264,0.153212290,-0.198153521,0.064772377,0.965953268,12,2,0,nan,nan,not enough PnP correspondences
967.653582864,0,3.368218745,-1.277916128,1.716660264,0.153212290,-0.198153521,0.064772377,0.965953268,12,3,0,nan,nan,not enough PnP correspondences
967.660582864,0,3.368218745,-1.277916128,1.716660264,0.153212290,-0.198153521,0.064772377,0.965953268,12,5,0,nan,nan,not enough PnP correspondences
967.667582864,0,3.368218745,-1.277916128,1.716660264,0.153212290,-0.198153521,0.064772377,0.965953268,19,5,0,nan,nan,not enough PnP correspondences
967.674582864,0,3.368218745,-1.277916128,1.716660264,0.153212290,-0.198153521,0.064772377,0.965953268,13,2,0,nan,nan,not enough PnP correspondences
967.681582864,0,3.368218745,-1.277916128,1.716660264,0.153212290,-0.198153521,0.064772377,0.965953268,13,1,0,nan,nan,not enough PnP correspondences
967.688582864,0,3.368218745,-1.277916128,1.716660264,0.153212290,-0.198153521,0.064772377,0.965953268,16,2,0,nan,nan,not enough PnP correspondences
967.695582864,0,3.368218745,-1.277916128,1.716660264,0.153212290,-0.198153521,0.064772377,0.965953268,11,3,0,nan,nan,not enough PnP correspondences
967.702582864,0,3.368218745,-1.277916128,1.716660264,0.153212290,-0.198153521,0.064772377,0.965953268,22,8,0,nan,nan,not enough PnP correspondences
967.709582864,0,3.368218745,-1.277916128,1.716660264,0.153212290,-0.198153521,0.064772377,0.965953268,17,3,0,nan,nan,not enough PnP correspondences
967.716582864,0,3.368218745,-1.277916128,1.716660264,0.153212290,-0.198153521,0.064772377,0.965953268,20,4,0,nan,nan,not enough PnP correspondences
967.723582864,0,3.368218745,-1.277916128,1.716660264,0.153212290,-0.198153521,0.064772377,0.965953268,23,5,0,nan,nan,not enough PnP correspondences
967.730582864,0,3.368218745,-1.277916128,1.716660264,0.153212290,-0.198153521,0.064772377,0.965953268,20,6,0,nan,nan,not enough PnP correspondences
967.737582864,0,3.368218745,-1.277916128,1.716660264,0.153212290,-0.198153521,0.064772377,0.965953268,25,8,0,nan,nan,not enough PnP correspondences
967.744582864,0,3.368218745,-1.277916128,1.716660264,0.153212290,-0.198153521,0.064772377,0.965953268,21,4,0,nan,nan,not enough PnP correspondences
967.751582864,0,3.368218745,-1.277916128,1.716660264,0.153212290,-0.198153521,0.064772377,0.965953268,18,4,0,nan,nan,not enough PnP correspondences
967.758582864,0,3.368218745,-1.277916128,1.716660264,0.153212290,-0.198153521,0.064772377,0.965953268,13,2,0,nan,nan,not enough PnP correspondences
967.765582864,0,3.368218745,-1.277916128,1.716660264,0.153212290,-0.198153521,0.064772377,0.965953268,12,5,0,nan,nan,not enough PnP correspondences
967.772582864,0,3.368218745,-1.277916128,1.716660264,0.153212290,-0.198153521,0.064772377,0.965953268,13,4,0,nan,nan,not enough PnP correspondences
967.779582864,0,3.368218745,-1.277916128,1.716660264,0.153212290,-0.198153521,0.064772377,0.965953268,14,2,0,nan,nan,not enough PnP correspondences
967.786582864,0,3.368218745,-1.277916128,1.716660264,0.153212290,-0.198153521,0.064772377,0.965953268,11,1,0,nan,nan,not enough PnP correspondences
967.793582864,0,3.368218745,-1.277916128,1.716660264,0.153212290,-0.198153521,0.064772377,0.965953268,12,2,0,nan,nan,not enough PnP correspondences
967.800582864,0,3.368218745,-1.277916128,1.716660264,0.153212290,-0.198153521,0.064772377,0.965953268,12,3,0,nan,nan,not enough PnP correspondences
967.807582864,0,3.368218745,-1.277916128,1.716660264,0.153212290,-0.198153521,0.064772377,0.965953268,14,2,0,nan,nan,not enough PnP correspondences
967.814582864,0,3.368218745,-1.277916128,1.716660264,0.153212290,-0.198153521,0.064772377,0.965953268,15,4,0,nan,nan,not enough PnP correspondences
967.821582864,0,3.368218745,-1.277916128,1.716660264,0.153212290,-0.198153521,0.064772377,0.965953268,25,5,0,nan,nan,not enough PnP correspondences
967.828582864,0,3.368218745,-1.277916128,1.716660264,0.153212290,-0.198153521,0.064772377,0.965953268,32,7,0,nan,nan,not enough PnP correspondences
967.835582864,0,3.368218745,-1.277916128,1.716660264,0.153212290,-0.198153521,0.064772377,0.965953268,40,9,0,nan,nan,not enough PnP correspondences
967.842582864,0,3.368218745,-1.277916128,1.716660264,0.153212290,-0.198153521,0.064772377,0.965953268,31,9,0,nan,nan,not enough PnP correspondences
967.849582864,0,3.368218745,-1.277916128,1.716660264,0.153212290,-0.198153521,0.064772377,0.965953268,12,1,0,nan,nan,not enough PnP correspondences
967.856582864,0,3.368218745,-1.277916128,1.716660264,0.153212290,-0.198153521,0.064772377,0.965953268,16,5,0,nan,nan,not enough PnP correspondences
967.863582864,0,3.368218745,-1.277916128,1.716660264,0.153212290,-0.198153521,0.064772377,0.965953268,13,3,0,nan,nan,not enough PnP correspondences
967.870582864,0,3.368218745,-1.277916128,1.716660264,0.153212290,-0.198153521,0.064772377,0.965953268,16,2,0,nan,nan,not enough PnP correspondences
967.877582864,0,3.368218745,-1.277916128,1.716660264,0.153212290,-0.198153521,0.064772377,0.965953268,15,2,0,nan,nan,not enough PnP correspondences
967.884582864,0,3.368218745,-1.277916128,1.716660264,0.153212290,-0.198153521,0.064772377,0.965953268,14,4,0,nan,nan,not enough PnP correspondences
967.891582864,0,3.368218745,-1.277916128,1.716660264,0.153212290,-0.198153521,0.064772377,0.965953268,21,7,0,nan,nan,not enough PnP correspondences
967.898582864,0,3.368218745,-1.277916128,1.716660264,0.153212290,-0.198153521,0.064772377,0.965953268,18,6,0,nan,nan,not enough PnP correspondences
967.905582864,0,3.368218745,-1.277916128,1.716660264,0.153212290,-0.198153521,0.064772377,0.965953268,16,6,0,nan,nan,not enough PnP correspondences
967.912582864,0,3.368218745,-1.277916128,1.716660264,0.153212290,-0.198153521,0.064772377,0.965953268,17,6,0,nan,nan,not enough PnP correspondences
967.919582864,0,3.368218745,-1.277916128,1.716660264,0.153212290,-0.198153521,0.064772377,0.965953268,16,4,0,nan,nan,not enough PnP correspondences
967.926582864,0,3.368218745,-1.277916128,1.716660264,0.153212290,-0.198153521,0.064772377,0.965953268,15,6,0,nan,nan,not enough PnP correspondences
967.933582864,0,3.368218745,-1.277916128,1.716660264,0.153212290,-0.198153521,0.064772377,0.965953268,29,6,0,nan,nan,not enough PnP correspondences
967.940582864,0,3.368218745,-1.277916128,1.716660264,0.153212290,-0.198153521,0.064772377,0.965953268,26,3,0,nan,nan,not enough PnP correspondences
967.947582864,0,3.368218745,-1.277916128,1.716660264,0.153212290,-0.198153521,0.064772377,0.965953268,31,6,0,nan,nan,not enough PnP correspondences
967.954582864,0,3.368218745,-1.277916128,1.716660264,0.153212290,-0.198153521,0.064772377,0.965953268,46,6,0,nan,nan,not enough PnP correspondences
967.961582864,0,3.368218745,-1.277916128,1.716660264,0.153212290,-0.198153521,0.064772377,0.965953268,46,12,0,nan,nan,not enough PnP correspondences
967.968582864,0,3.368218745,-1.277916128,1.716660264,0.153212290,-0.198153521,0.064772377,0.965953268,25,8,0,nan,nan,not enough PnP correspondences
967.975582864,0,3.368218745,-1.277916128,1.716660264,0.153212290,-0.198153521,0.064772377,0.965953268,22,4,0,nan,nan,not enough PnP correspondences
967.982582864,0,3.368218745,-1.277916128,1.716660264,0.153212290,-0.198153521,0.064772377,0.965953268,21,3,0,nan,nan,not enough PnP correspondences
967.989582864,0,3.368218745,-1.277916128,1.716660264,0.153212290,-0.198153521,0.064772377,0.965953268,23,2,0,nan,nan,not enough PnP correspondences
967.996582864,0,3.368218745,-1.277916128,1.716660264,0.153212290,-0.198153521,0.064772377,0.965953268,19,2,0,nan,nan,not enough PnP correspondences
968.003582864,0,3.368218745,-1.277916128,1.716660264,0.153212290,-0.198153521,0.064772377,0.965953268,19,3,0,nan,nan,not enough PnP correspondences
968.010582864,0,3.368218745,-1.277916128,1.716660264,0.153212290,-0.198153521,0.064772377,0.965953268,18,2,0,nan,nan,not enough PnP correspondences
968.017582864,0,3.368218745,-1.277916128,1.716660264,0.153212290,-0.198153521,0.064772377,0.965953268,13,4,0,nan,nan,not enough PnP correspondences
968.024582864,0,3.368218745,-1.277916128,1.716660264,0.153212290,-0.198153521,0.064772377,0.965953268,13,1,0,nan,nan,not enough PnP correspondences
968.031582864,0,3.368218745,-1.277916128,1.716660264,0.153212290,-0.198153521,0.064772377,0.965953268,11,2,0,nan,nan,not enough PnP correspondences
968.038582864,0,3.368218745,-1.277916128,1.716660264,0.153212290,-0.198153521,0.064772377,0.965953268,11,1,0,nan,nan,not enough PnP correspondences
968.045582864,0,3.368218745,-1.277916128,1.716660264,0.153212290,-0.198153521,0.064772377,0.965953268,11,1,0,nan,nan,not enough PnP correspondences
968.052582864,0,3.368218745,-1.277916128,1.716660264,0.153212290,-0.198153521,0.064772377,0.965953268,11,2,0,nan,nan,not enough PnP correspondences
968.059582864,0,3.368218745,-1.277916128,1.716660264,0.153212290,-0.198153521,0.064772377,0.965953268,11,1,0,nan,nan,not enough PnP correspondences
968.066582864,0,3.368218745,-1.277916128,1.716660264,0.153212290,-0.198153521,0.064772377,0.965953268,15,5,0,nan,nan,not enough PnP correspondences
968.073582864,0,3.368218745,-1.277916128,1.716660264,0.153212290,-0.198153521,0.064772377,0.965953268,18,2,0,nan,nan,not enough PnP correspondences
968.080582864,0,3.368218745,-1.277916128,1.716660264,0.153212290,-0.198153521,0.064772377,0.965953268,31,3,0,nan,nan,not enough PnP correspondences
968.087582864,0,3.368218745,-1.277916128,1.716660264,0.153212290,-0.198153521,0.064772377,0.965953268,24,3,0,nan,nan,not enough PnP correspondences
968.094582864,0,3.368218745,-1.277916128,1.716660264,0.153212290,-0.198153521,0.064772377,0.965953268,20,2,0,nan,nan,not enough PnP correspondences
968.101582864,0,3.368218745,-1.277916128,1.716660264,0.153212290,-0.198153521,0.064772377,0.965953268,52,15,9,nan,nan,too few PnP inliers: 9
968.108582864,0,3.368218745,-1.277916128,1.716660264,0.153212290,-0.198153521,0.064772377,0.965953268,35,8,0,nan,nan,not enough PnP correspondences
968.115582864,0,3.368218745,-1.277916128,1.716660264,0.153212290,-0.198153521,0.064772377,0.965953268,27,3,0,nan,nan,not enough PnP correspondences
968.122582864,0,3.368218745,-1.277916128,1.716660264,0.153212290,-0.198153521,0.064772377,0.965953268,28,4,0,nan,nan,not enough PnP correspondences
968.129582864,0,3.368218745,-1.277916128,1.716660264,0.153212290,-0.198153521,0.064772377,0.965953268,17,2,0,nan,nan,not enough PnP correspondences
968.136582864,0,3.368218745,-1.277916128,1.716660264,0.153212290,-0.198153521,0.064772377,0.965953268,12,4,0,nan,nan,not enough PnP correspondences
968.143582864,0,3.368218745,-1.277916128,1.716660264,0.153212290,-0.198153521,0.064772377,0.965953268,15,6,0,nan,nan,not enough PnP correspondences
968.150582864,0,3.368218745,-1.277916128,1.716660264,0.153212290,-0.198153521,0.064772377,0.965953268,15,2,0,nan,nan,not enough PnP correspondences
968.157582864,0,3.368218745,-1.277916128,1.716660264,0.153212290,-0.198153521,0.064772377,0.965953268,15,3,0,nan,nan,not enough PnP correspondences
968.164582864,0,3.368218745,-1.277916128,1.716660264,0.153212290,-0.198153521,0.064772377,0.965953268,15,1,0,nan,nan,not enough PnP correspondences
968.171582864,0,3.368218745,-1.277916128,1.716660264,0.153212290,-0.198153521,0.064772377,0.965953268,15,3,0,nan,nan,not enough PnP correspondences
968.178582864,0,3.368218745,-1.277916128,1.716660264,0.153212290,-0.198153521,0.064772377,0.965953268,15,2,0,nan,nan,not enough PnP correspondences
968.185582864,0,3.368218745,-1.277916128,1.716660264,0.153212290,-0.198153521,0.064772377,0.965953268,13,5,0,nan,nan,not enough PnP correspondences
968.192582864,0,3.368218745,-1.277916128,1.716660264,0.153212290,-0.198153521,0.064772377,0.965953268,18,6,0,nan,nan,not enough PnP correspondences
968.199582864,0,3.368218745,-1.277916128,1.716660264,0.153212290,-0.198153521,0.064772377,0.965953268,21,4,0,nan,nan,not enough PnP correspondences
968.206582864,0,3.368218745,-1.277916128,1.716660264,0.153212290,-0.198153521,0.064772377,0.965953268,28,1,0,nan,nan,not enough PnP correspondences
968.213582864,0,3.368218745,-1.277916128,1.716660264,0.153212290,-0.198153521,0.064772377,0.965953268,31,8,0,nan,nan,not enough PnP correspondences
968.220582864,0,3.368218745,-1.277916128,1.716660264,0.153212290,-0.198153521,0.064772377,0.965953268,31,4,0,nan,nan,not enough PnP correspondences
968.227582864,0,3.368218745,-1.277916128,1.716660264,0.153212290,-0.198153521,0.064772377,0.965953268,21,5,0,nan,nan,not enough PnP correspondences
968.234582864,0,3.368218745,-1.277916128,1.716660264,0.153212290,-0.198153521,0.064772377,0.965953268,37,7,0,nan,nan,not enough PnP correspondences
968.241582864,0,3.368218745,-1.277916128,1.716660264,0.153212290,-0.198153521,0.064772377,0.965953268,29,4,0,nan,nan,not enough PnP correspondences
968.248582864,0,3.368218745,-1.277916128,1.716660264,0.153212290,-0.198153521,0.064772377,0.965953268,15,3,0,nan,nan,not enough PnP correspondences
968.255582864,0,3.368218745,-1.277916128,1.716660264,0.153212290,-0.198153521,0.064772377,0.965953268,17,5,0,nan,nan,not enough PnP correspondences
968.262582864,0,3.368218745,-1.277916128,1.716660264,0.153212290,-0.198153521,0.064772377,0.965953268,18,2,0,nan,nan,not enough PnP correspondences
968.269582864,0,3.368218745,-1.277916128,1.716660264,0.153212290,-0.198153521,0.064772377,0.965953268,16,4,0,nan,nan,not enough PnP correspondences
968.276582864,0,3.368218745,-1.277916128,1.716660264,0.153212290,-0.198153521,0.064772377,0.965953268,15,4,0,nan,nan,not enough PnP correspondences
968.283582864,0,3.368218745,-1.277916128,1.716660264,0.153212290,-0.198153521,0.064772377,0.965953268,14,4,0,nan,nan,not enough PnP correspondences
968.290582864,0,3.368218745,-1.277916128,1.716660264,0.153212290,-0.198153521,0.064772377,0.965953268,12,2,0,nan,nan,not enough PnP correspondences
968.297582864,0,3.368218745,-1.277916128,1.716660264,0.153212290,-0.198153521,0.064772377,0.965953268,12,3,0,nan,nan,not enough PnP correspondences
968.304582864,0,3.368218745,-1.277916128,1.716660264,0.153212290,-0.198153521,0.064772377,0.965953268,13,1,0,nan,nan,not enough PnP correspondences
968.311582864,0,3.368218745,-1.277916128,1.716660264,0.153212290,-0.198153521,0.064772377,0.965953268,15,3,0,nan,nan,not enough PnP correspondences
968.318582864,0,3.368218745,-1.277916128,1.716660264,0.153212290,-0.198153521,0.064772377,0.965953268,12,1,0,nan,nan,not enough PnP correspondences
968.325582864,0,3.368218745,-1.277916128,1.716660264,0.153212290,-0.198153521,0.064772377,0.965953268,11,4,0,nan,nan,not enough PnP correspondences
968.332582864,0,3.368218745,-1.277916128,1.716660264,0.153212290,-0.198153521,0.064772377,0.965953268,12,5,0,nan,nan,not enough PnP correspondences
968.339582864,0,3.368218745,-1.277916128,1.716660264,0.153212290,-0.198153521,0.064772377,0.965953268,13,3,0,nan,nan,not enough PnP correspondences
968.346582864,0,3.368218745,-1.277916128,1.716660264,0.153212290,-0.198153521,0.064772377,0.965953268,16,5,0,nan,nan,not enough PnP correspondences
968.353582864,0,3.368218745,-1.277916128,1.716660264,0.153212290,-0.198153521,0.064772377,0.965953268,19,3,0,nan,nan,not enough PnP correspondences
968.360582864,0,3.368218745,-1.277916128,1.716660264,0.153212290,-0.198153521,0.064772377,0.965953268,31,3,0,nan,nan,not enough PnP correspondences
968.367582864,0,3.368218745,-1.277916128,1.716660264,0.153212290,-0.198153521,0.064772377,0.965953268,36,14,0,nan,nan,not enough PnP correspondences
968.374582864,0,3.368218745,-1.277916128,1.716660264,0.153212290,-0.198153521,0.064772377,0.965953268,24,3,0,nan,nan,not enough PnP correspondences
968.381582864,0,3.368218745,-1.277916128,1.716660264,0.153212290,-0.198153521,0.064772377,0.965953268,23,5,0,nan,nan,not enough PnP correspondences
968.388582864,0,3.368218745,-1.277916128,1.716660264,0.153212290,-0.198153521,0.064772377,0.965953268,14,6,0,nan,nan,not enough PnP correspondences
968.395582864,0,3.368218745,-1.277916128,1.716660264,0.153212290,-0.198153521,0.064772377,0.965953268,14,1,0,nan,nan,not enough PnP correspondences
968.402582864,0,3.368218745,-1.277916128,1.716660264,0.153212290,-0.198153521,0.064772377,0.965953268,12,2,0,nan,nan,not enough PnP correspondences
968.409582864,0,3.368218745,-1.277916128,1.716660264,0.153212290,-0.198153521,0.064772377,0.965953268,13,3,0,nan,nan,not enough PnP correspondences
968.416582864,0,3.368218745,-1.277916128,1.716660264,0.153212290,-0.198153521,0.064772377,0.965953268,12,4,0,nan,nan,not enough PnP correspondences
968.423582864,0,3.368218745,-1.277916128,1.716660264,0.153212290,-0.198153521,0.064772377,0.965953268,11,3,0,nan,nan,not enough PnP correspondences
968.430582864,0,3.368218745,-1.277916128,1.716660264,0.153212290,-0.198153521,0.064772377,0.965953268,15,4,0,nan,nan,not enough PnP correspondences
968.437582864,0,3.368218745,-1.277916128,1.716660264,0.153212290,-0.198153521,0.064772377,0.965953268,15,1,0,nan,nan,not enough PnP correspondences
968.444582864,0,3.368218745,-1.277916128,1.716660264,0.153212290,-0.198153521,0.064772377,0.965953268,15,3,0,nan,nan,not enough PnP correspondences
968.451582864,0,3.368218745,-1.277916128,1.716660264,0.153212290,-0.198153521,0.064772377,0.965953268,27,4,0,nan,nan,not enough PnP correspondences
968.458582864,0,3.368218745,-1.277916128,1.716660264,0.153212290,-0.198153521,0.064772377,0.965953268,19,1,0,nan,nan,not enough PnP correspondences
968.465582864,0,3.368218745,-1.277916128,1.716660264,0.153212290,-0.198153521,0.064772377,0.965953268,12,3,0,nan,nan,not enough PnP correspondences
968.472582864,0,3.368218745,-1.277916128,1.716660264,0.153212290,-0.198153521,0.064772377,0.965953268,12,2,0,nan,nan,not enough PnP correspondences
968.479582864,0,3.368218745,-1.277916128,1.716660264,0.153212290,-0.198153521,0.064772377,0.965953268,12,1,0,nan,nan,not enough PnP correspondences
968.486582864,0,3.368218745,-1.277916128,1.716660264,0.153212290,-0.198153521,0.064772377,0.965953268,11,4,0,nan,nan,not enough PnP correspondences
968.493582864,0,3.368218745,-1.277916128,1.716660264,0.153212290,-0.198153521,0.064772377,0.965953268,13,3,0,nan,nan,not enough PnP correspondences
968.500582864,0,3.368218745,-1.277916128,1.716660264,0.153212290,-0.198153521,0.064772377,0.965953268,17,3,0,nan,nan,not enough PnP correspondences
968.507582864,0,3.368218745,-1.277916128,1.716660264,0.153212290,-0.198153521,0.064772377,0.965953268,17,2,0,nan,nan,not enough PnP correspondences
968.514582864,0,3.368218745,-1.277916128,1.716660264,0.153212290,-0.198153521,0.064772377,0.965953268,12,2,0,nan,nan,not enough PnP correspondences
968.521582864,0,3.368218745,-1.277916128,1.716660264,0.153212290,-0.198153521,0.064772377,0.965953268,13,4,0,nan,nan,not enough PnP correspondences
968.528582864,0,3.368218745,-1.277916128,1.716660264,0.153212290,-0.198153521,0.064772377,0.965953268,13,2,0,nan,nan,not enough PnP correspondences
968.535582864,0,3.368218745,-1.277916128,1.716660264,0.153212290,-0.198153521,0.064772377,0.965953268,11,1,0,nan,nan,not enough PnP correspondences
968.542582864,0,3.368218745,-1.277916128,1.716660264,0.153212290,-0.198153521,0.064772377,0.965953268,12,3,0,nan,nan,not enough PnP correspondences
968.549582864,0,3.368218745,-1.277916128,1.716660264,0.153212290,-0.198153521,0.064772377,0.965953268,14,1,0,nan,nan,not enough PnP correspondences
968.556582864,0,3.368218745,-1.277916128,1.716660264,0.153212290,-0.198153521,0.064772377,0.965953268,23,2,0,nan,nan,not enough PnP correspondences
968.563582864,0,3.368218745,-1.277916128,1.716660264,0.153212290,-0.198153521,0.064772377,0.965953268,19,3,0,nan,nan,not enough PnP correspondences
968.570582864,0,3.368218745,-1.277916128,1.716660264,0.153212290,-0.198153521,0.064772377,0.965953268,17,2,0,nan,nan,not enough PnP correspondences
968.577582864,0,3.368218745,-1.277916128,1.716660264,0.153212290,-0.198153521,0.064772377,0.965953268,17,1,0,nan,nan,not enough PnP correspondences
968.584582864,0,3.368218745,-1.277916128,1.716660264,0.153212290,-0.198153521,0.064772377,0.965953268,14,3,0,nan,nan,not enough PnP correspondences
968.591582864,0,3.368218745,-1.277916128,1.716660264,0.153212290,-0.198153521,0.064772377,0.965953268,14,3,0,nan,nan,not enough PnP correspondences
968.598582864,0,3.368218745,-1.277916128,1.716660264,0.153212290,-0.198153521,0.064772377,0.965953268,21,3,0,nan,nan,not enough PnP correspondences
968.605582864,0,3.368218745,-1.277916128,1.716660264,0.153212290,-0.198153521,0.064772377,0.965953268,14,0,0,nan,nan,not enough PnP correspondences
968.612582864,0,3.368218745,-1.277916128,1.716660264,0.153212290,-0.198153521,0.064772377,0.965953268,10,1,0,nan,nan,not enough PnP correspondences
968.619582864,0,3.368218745,-1.277916128,1.716660264,0.153212290,-0.198153521,0.064772377,0.965953268,13,4,0,nan,nan,not enough PnP correspondences
968.626582864,0,3.368218745,-1.277916128,1.716660264,0.153212290,-0.198153521,0.064772377,0.965953268,13,2,0,nan,nan,not enough PnP correspondences
968.633582864,0,3.368218745,-1.277916128,1.716660264,0.153212290,-0.198153521,0.064772377,0.965953268,20,4,0,nan,nan,not enough PnP correspondences
968.640582864,0,3.368218745,-1.277916128,1.716660264,0.153212290,-0.198153521,0.064772377,0.965953268,16,3,0,nan,nan,not enough PnP correspondences
968.647582864,0,3.368218745,-1.277916128,1.716660264,0.153212290,-0.198153521,0.064772377,0.965953268,14,2,0,nan,nan,not enough PnP correspondences
968.654582864,0,3.368218745,-1.277916128,1.716660264,0.153212290,-0.198153521,0.064772377,0.965953268,15,2,0,nan,nan,not enough PnP correspondences
968.661582864,0,3.368218745,-1.277916128,1.716660264,0.153212290,-0.198153521,0.064772377,0.965953268,14,2,0,nan,nan,not enough PnP correspondences
968.668582864,0,3.368218745,-1.277916128,1.716660264,0.153212290,-0.198153521,0.064772377,0.965953268,13,3,0,nan,nan,not enough PnP correspondences
968.675582864,0,3.368218745,-1.277916128,1.716660264,0.153212290,-0.198153521,0.064772377,0.965953268,14,4,0,nan,nan,not enough PnP correspondences
968.682582864,0,3.368218745,-1.277916128,1.716660264,0.153212290,-0.198153521,0.064772377,0.965953268,14,4,0,nan,nan,not enough PnP correspondences
968.689582864,0,3.368218745,-1.277916128,1.716660264,0.153212290,-0.198153521,0.064772377,0.965953268,12,2,0,nan,nan,not enough PnP correspondences
968.696582864,0,3.368218745,-1.277916128,1.716660264,0.153212290,-0.198153521,0.064772377,0.965953268,16,4,0,nan,nan,not enough PnP correspondences
968.703582864,0,3.368218745,-1.277916128,1.716660264,0.153212290,-0.198153521,0.064772377,0.965953268,16,4,0,nan,nan,not enough PnP correspondences
968.710582864,0,3.368218745,-1.277916128,1.716660264,0.153212290,-0.198153521,0.064772377,0.965953268,17,3,0,nan,nan,not enough PnP correspondences
968.717582864,0,3.368218745,-1.277916128,1.716660264,0.153212290,-0.198153521,0.064772377,0.965953268,24,2,0,nan,nan,not enough PnP correspondences
968.724582864,0,3.368218745,-1.277916128,1.716660264,0.153212290,-0.198153521,0.064772377,0.965953268,31,6,0,nan,nan,not enough PnP correspondences
968.731582864,0,3.368218745,-1.277916128,1.716660264,0.153212290,-0.198153521,0.064772377,0.965953268,37,6,0,nan,nan,not enough PnP correspondences
968.738582864,0,3.368218745,-1.277916128,1.716660264,0.153212290,-0.198153521,0.064772377,0.965953268,26,7,0,nan,nan,not enough PnP correspondences
968.745582864,0,3.368218745,-1.277916128,1.716660264,0.153212290,-0.198153521,0.064772377,0.965953268,17,1,0,nan,nan,not enough PnP correspondences
968.752582864,0,3.368218745,-1.277916128,1.716660264,0.153212290,-0.198153521,0.064772377,0.965953268,15,4,0,nan,nan,not enough PnP correspondences
968.759582864,0,3.368218745,-1.277916128,1.716660264,0.153212290,-0.198153521,0.064772377,0.965953268,16,4,0,nan,nan,not enough PnP correspondences
968.766582864,0,3.368218745,-1.277916128,1.716660264,0.153212290,-0.198153521,0.064772377,0.965953268,14,6,0,nan,nan,not enough PnP correspondences
968.773582864,0,3.368218745,-1.277916128,1.716660264,0.153212290,-0.198153521,0.064772377,0.965953268,13,4,0,nan,nan,not enough PnP correspondences
968.780582864,0,3.368218745,-1.277916128,1.716660264,0.153212290,-0.198153521,0.064772377,0.965953268,14,5,0,nan,nan,not enough PnP correspondences
968.787582864,0,3.368218745,-1.277916128,1.716660264,0.153212290,-0.198153521,0.064772377,0.965953268,15,6,0,nan,nan,not enough PnP correspondences
968.794582864,0,3.368218745,-1.277916128,1.716660264,0.153212290,-0.198153521,0.064772377,0.965953268,16,3,0,nan,nan,not enough PnP correspondences
968.801582864,0,3.368218745,-1.277916128,1.716660264,0.153212290,-0.198153521,0.064772377,0.965953268,17,4,0,nan,nan,not enough PnP correspondences
968.808582864,0,3.368218745,-1.277916128,1.716660264,0.153212290,-0.198153521,0.064772377,0.965953268,17,4,0,nan,nan,not enough PnP correspondences
968.815582864,0,3.368218745,-1.277916128,1.716660264,0.153212290,-0.198153521,0.064772377,0.965953268,18,3,0,nan,nan,not enough PnP correspondences
968.822582864,0,3.368218745,-1.277916128,1.716660264,0.153212290,-0.198153521,0.064772377,0.965953268,20,4,0,nan,nan,not enough PnP correspondences
968.829582864,0,3.368218745,-1.277916128,1.716660264,0.153212290,-0.198153521,0.064772377,0.965953268,16,2,0,nan,nan,not enough PnP correspondences
968.836582864,0,3.368218745,-1.277916128,1.716660264,0.153212290,-0.198153521,0.064772377,0.965953268,14,3,0,nan,nan,not enough PnP correspondences
968.843582864,0,3.368218745,-1.277916128,1.716660264,0.153212290,-0.198153521,0.064772377,0.965953268,16,3,0,nan,nan,not enough PnP correspondences
968.850582864,0,3.368218745,-1.277916128,1.716660264,0.153212290,-0.198153521,0.064772377,0.965953268,15,2,0,nan,nan,not enough PnP correspondences
968.857582864,0,3.368218745,-1.277916128,1.716660264,0.153212290,-0.198153521,0.064772377,0.965953268,14,2,0,nan,nan,not enough PnP correspondences
968.864582864,0,3.368218745,-1.277916128,1.716660264,0.153212290,-0.198153521,0.064772377,0.965953268,14,3,0,nan,nan,not enough PnP correspondences
968.871582864,0,3.368218745,-1.277916128,1.716660264,0.153212290,-0.198153521,0.064772377,0.965953268,13,3,0,nan,nan,not enough PnP correspondences
968.878582864,0,3.368218745,-1.277916128,1.716660264,0.153212290,-0.198153521,0.064772377,0.965953268,13,2,0,nan,nan,not enough PnP correspondences
968.885582864,0,3.368218745,-1.277916128,1.716660264,0.153212290,-0.198153521,0.064772377,0.965953268,14,1,0,nan,nan,not enough PnP correspondences
968.892582864,0,3.368218745,-1.277916128,1.716660264,0.153212290,-0.198153521,0.064772377,0.965953268,13,4,0,nan,nan,not enough PnP correspondences
968.899582864,0,3.368218745,-1.277916128,1.716660264,0.153212290,-0.198153521,0.064772377,0.965953268,15,7,0,nan,nan,not enough PnP correspondences
968.906582864,0,3.368218745,-1.277916128,1.716660264,0.153212290,-0.198153521,0.064772377,0.965953268,15,5,0,nan,nan,not enough PnP correspondences
968.913582864,0,3.368218745,-1.277916128,1.716660264,0.153212290,-0.198153521,0.064772377,0.965953268,18,4,0,nan,nan,not enough PnP correspondences
968.920582864,0,3.368218745,-1.277916128,1.716660264,0.153212290,-0.198153521,0.064772377,0.965953268,20,4,0,nan,nan,not enough PnP correspondences
968.927582864,0,3.368218745,-1.277916128,1.716660264,0.153212290,-0.198153521,0.064772377,0.965953268,14,5,0,nan,nan,not enough PnP correspondences
968.934582864,0,3.368218745,-1.277916128,1.716660264,0.153212290,-0.198153521,0.064772377,0.965953268,13,2,0,nan,nan,not enough PnP correspondences
968.941582864,0,3.368218745,-1.277916128,1.716660264,0.153212290,-0.198153521,0.064772377,0.965953268,23,1,0,nan,nan,not enough PnP correspondences
968.948582864,0,3.368218745,-1.277916128,1.716660264,0.153212290,-0.198153521,0.064772377,0.965953268,25,8,0,nan,nan,not enough PnP correspondences
968.955582864,0,3.368218745,-1.277916128,1.716660264,0.153212290,-0.198153521,0.064772377,0.965953268,16,3,0,nan,nan,not enough PnP correspondences
968.962582864,0,3.368218745,-1.277916128,1.716660264,0.153212290,-0.198153521,0.064772377,0.965953268,33,4,0,nan,nan,not enough PnP correspondences
968.969582864,0,3.368218745,-1.277916128,1.716660264,0.153212290,-0.198153521,0.064772377,0.965953268,32,8,0,nan,nan,not enough PnP correspondences
968.976582864,0,3.368218745,-1.277916128,1.716660264,0.153212290,-0.198153521,0.064772377,0.965953268,23,7,0,nan,nan,not enough PnP correspondences
968.983582864,0,3.368218745,-1.277916128,1.716660264,0.153212290,-0.198153521,0.064772377,0.965953268,17,1,0,nan,nan,not enough PnP correspondences
968.990582864,0,3.368218745,-1.277916128,1.716660264,0.153212290,-0.198153521,0.064772377,0.965953268,18,6,0,nan,nan,not enough PnP correspondences
968.997582864,0,3.368218745,-1.277916128,1.716660264,0.153212290,-0.198153521,0.064772377,0.965953268,16,3,0,nan,nan,not enough PnP correspondences
969.004582864,0,3.368218745,-1.277916128,1.716660264,0.153212290,-0.198153521,0.064772377,0.965953268,15,2,0,nan,nan,not enough PnP correspondences
969.011582864,0,3.368218745,-1.277916128,1.716660264,0.153212290,-0.198153521,0.064772377,0.965953268,12,2,0,nan,nan,not enough PnP correspondences
969.018582864,0,3.368218745,-1.277916128,1.716660264,0.153212290,-0.198153521,0.064772377,0.965953268,11,2,0,nan,nan,not enough PnP correspondences
969.025582864,0,3.368218745,-1.277916128,1.716660264,0.153212290,-0.198153521,0.064772377,0.965953268,12,1,0,nan,nan,not enough PnP correspondences
969.032582864,0,3.368218745,-1.277916128,1.716660264,0.153212290,-0.198153521,0.064772377,0.965953268,13,1,0,nan,nan,not enough PnP correspondences
969.039582864,0,3.368218745,-1.277916128,1.716660264,0.153212290,-0.198153521,0.064772377,0.965953268,30,10,0,nan,nan,not enough PnP correspondences
969.046582864,0,3.368218745,-1.277916128,1.716660264,0.153212290,-0.198153521,0.064772377,0.965953268,19,2,0,nan,nan,not enough PnP correspondences
969.053582864,0,3.368218745,-1.277916128,1.716660264,0.153212290,-0.198153521,0.064772377,0.965953268,13,6,0,nan,nan,not enough PnP correspondences
969.060582864,0,3.368218745,-1.277916128,1.716660264,0.153212290,-0.198153521,0.064772377,0.965953268,21,4,0,nan,nan,not enough PnP correspondences
969.067582864,0,3.368218745,-1.277916128,1.716660264,0.153212290,-0.198153521,0.064772377,0.965953268,31,7,0,nan,nan,not enough PnP correspondences
969.074582864,0,3.368218745,-1.277916128,1.716660264,0.153212290,-0.198153521,0.064772377,0.965953268,22,5,0,nan,nan,not enough PnP correspondences
969.081582864,0,3.368218745,-1.277916128,1.716660264,0.153212290,-0.198153521,0.064772377,0.965953268,16,4,0,nan,nan,not enough PnP correspondences
969.088582864,0,3.368218745,-1.277916128,1.716660264,0.153212290,-0.198153521,0.064772377,0.965953268,14,1,0,nan,nan,not enough PnP correspondences
969.095582864,0,3.368218745,-1.277916128,1.716660264,0.153212290,-0.198153521,0.064772377,0.965953268,14,3,0,nan,nan,not enough PnP correspondences
969.102582864,0,3.368218745,-1.277916128,1.716660264,0.153212290,-0.198153521,0.064772377,0.965953268,17,4,0,nan,nan,not enough PnP correspondences
969.109582864,0,3.368218745,-1.277916128,1.716660264,0.153212290,-0.198153521,0.064772377,0.965953268,16,6,0,nan,nan,not enough PnP correspondences
969.116582864,0,3.368218745,-1.277916128,1.716660264,0.153212290,-0.198153521,0.064772377,0.965953268,15,7,0,nan,nan,not enough PnP correspondences
969.123582864,0,3.368218745,-1.277916128,1.716660264,0.153212290,-0.198153521,0.064772377,0.965953268,15,8,0,nan,nan,not enough PnP correspondences
969.130582864,0,3.368218745,-1.277916128,1.716660264,0.153212290,-0.198153521,0.064772377,0.965953268,13,5,0,nan,nan,not enough PnP correspondences
969.137582864,0,3.368218745,-1.277916128,1.716660264,0.153212290,-0.198153521,0.064772377,0.965953268,15,4,0,nan,nan,not enough PnP correspondences
969.144582864,0,3.368218745,-1.277916128,1.716660264,0.153212290,-0.198153521,0.064772377,0.965953268,12,1,0,nan,nan,not enough PnP correspondences
969.151582864,0,3.368218745,-1.277916128,1.716660264,0.153212290,-0.198153521,0.064772377,0.965953268,16,2,0,nan,nan,not enough PnP correspondences
969.158582864,0,3.368218745,-1.277916128,1.716660264,0.153212290,-0.198153521,0.064772377,0.965953268,18,3,0,nan,nan,not enough PnP correspondences
969.165582864,0,3.368218745,-1.277916128,1.716660264,0.153212290,-0.198153521,0.064772377,0.965953268,17,2,0,nan,nan,not enough PnP correspondences
969.172582864,0,3.368218745,-1.277916128,1.716660264,0.153212290,-0.198153521,0.064772377,0.965953268,23,6,0,nan,nan,not enough PnP correspondences
969.179582864,0,3.368218745,-1.277916128,1.716660264,0.153212290,-0.198153521,0.064772377,0.965953268,16,4,0,nan,nan,not enough PnP correspondences
969.186582864,0,3.368218745,-1.277916128,1.716660264,0.153212290,-0.198153521,0.064772377,0.965953268,15,5,0,nan,nan,not enough PnP correspondences
969.193582864,0,3.368218745,-1.277916128,1.716660264,0.153212290,-0.198153521,0.064772377,0.965953268,15,3,0,nan,nan,not enough PnP correspondences
969.200582864,0,3.368218745,-1.277916128,1.716660264,0.153212290,-0.198153521,0.064772377,0.965953268,13,3,0,nan,nan,not enough PnP correspondences
969.207582864,0,3.368218745,-1.277916128,1.716660264,0.153212290,-0.198153521,0.064772377,0.965953268,12,0,0,nan,nan,not enough PnP correspondences
969.214582864,0,3.368218745,-1.277916128,1.716660264,0.153212290,-0.198153521,0.064772377,0.965953268,11,2,0,nan,nan,not enough PnP correspondences
969.221582864,0,3.368218745,-1.277916128,1.716660264,0.153212290,-0.198153521,0.064772377,0.965953268,16,4,0,nan,nan,not enough PnP correspondences
969.228582864,0,3.368218745,-1.277916128,1.716660264,0.153212290,-0.198153521,0.064772377,0.965953268,15,2,0,nan,nan,not enough PnP correspondences
969.235582864,0,3.368218745,-1.277916128,1.716660264,0.153212290,-0.198153521,0.064772377,0.965953268,14,1,0,nan,nan,not enough PnP correspondences
969.242582864,0,3.368218745,-1.277916128,1.716660264,0.153212290,-0.198153521,0.064772377,0.965953268,23,5,0,nan,nan,not enough PnP correspondences
969.249582864,0,3.368218745,-1.277916128,1.716660264,0.153212290,-0.198153521,0.064772377,0.965953268,23,6,0,nan,nan,not enough PnP correspondences
969.256582864,0,3.368218745,-1.277916128,1.716660264,0.153212290,-0.198153521,0.064772377,0.965953268,14,3,0,nan,nan,not enough PnP correspondences
969.263582864,0,3.368218745,-1.277916128,1.716660264,0.153212290,-0.198153521,0.064772377,0.965953268,12,3,0,nan,nan,not enough PnP correspondences
969.270582864,0,3.368218745,-1.277916128,1.716660264,0.153212290,-0.198153521,0.064772377,0.965953268,12,6,0,nan,nan,not enough PnP correspondences
969.277582864,0,3.368218745,-1.277916128,1.716660264,0.153212290,-0.198153521,0.064772377,0.965953268,15,6,0,nan,nan,not enough PnP correspondences
969.284582864,0,3.368218745,-1.277916128,1.716660264,0.153212290,-0.198153521,0.064772377,0.965953268,12,4,0,nan,nan,not enough PnP correspondences
969.291582864,0,3.368218745,-1.277916128,1.716660264,0.153212290,-0.198153521,0.064772377,0.965953268,20,8,0,nan,nan,not enough PnP correspondences
969.298582864,0,3.368218745,-1.277916128,1.716660264,0.153212290,-0.198153521,0.064772377,0.965953268,21,4,0,nan,nan,not enough PnP correspondences
969.305582864,0,3.368218745,-1.277916128,1.716660264,0.153212290,-0.198153521,0.064772377,0.965953268,17,4,0,nan,nan,not enough PnP correspondences
969.312582864,0,3.368218745,-1.277916128,1.716660264,0.153212290,-0.198153521,0.064772377,0.965953268,14,3,0,nan,nan,not enough PnP correspondences
969.319582864,0,3.368218745,-1.277916128,1.716660264,0.153212290,-0.198153521,0.064772377,0.965953268,14,0,0,nan,nan,not enough PnP correspondences
969.326582864,0,3.368218745,-1.277916128,1.716660264,0.153212290,-0.198153521,0.064772377,0.965953268,13,5,0,nan,nan,not enough PnP correspondences
969.333582864,0,3.368218745,-1.277916128,1.716660264,0.153212290,-0.198153521,0.064772377,0.965953268,12,3,0,nan,nan,not enough PnP correspondences
969.340582864,0,3.368218745,-1.277916128,1.716660264,0.153212290,-0.198153521,0.064772377,0.965953268,14,4,0,nan,nan,not enough PnP correspondences
969.347582864,0,3.368218745,-1.277916128,1.716660264,0.153212290,-0.198153521,0.064772377,0.965953268,14,3,0,nan,nan,not enough PnP correspondences
969.354582864,0,3.368218745,-1.277916128,1.716660264,0.153212290,-0.198153521,0.064772377,0.965953268,17,4,0,nan,nan,not enough PnP correspondences
969.361582864,0,3.368218745,-1.277916128,1.716660264,0.153212290,-0.198153521,0.064772377,0.965953268,40,14,0,nan,nan,not enough PnP correspondences
969.368582864,0,3.368218745,-1.277916128,1.716660264,0.153212290,-0.198153521,0.064772377,0.965953268,57,15,6,nan,nan,too few PnP inliers: 6
969.375582864,0,3.368218745,-1.277916128,1.716660264,0.153212290,-0.198153521,0.064772377,0.965953268,69,20,9,nan,nan,too few PnP inliers: 9
969.382582864,0,3.368218745,-1.277916128,1.716660264,0.153212290,-0.198153521,0.064772377,0.965953268,38,6,0,nan,nan,not enough PnP correspondences
969.389582864,0,3.368218745,-1.277916128,1.716660264,0.153212290,-0.198153521,0.064772377,0.965953268,18,1,0,nan,nan,not enough PnP correspondences
969.396582864,0,3.368218745,-1.277916128,1.716660264,0.153212290,-0.198153521,0.064772377,0.965953268,17,6,0,nan,nan,not enough PnP correspondences
969.403582864,0,3.368218745,-1.277916128,1.716660264,0.153212290,-0.198153521,0.064772377,0.965953268,14,2,0,nan,nan,not enough PnP correspondences
969.410582864,0,3.368218745,-1.277916128,1.716660264,0.153212290,-0.198153521,0.064772377,0.965953268,17,4,0,nan,nan,not enough PnP correspondences
969.417582864,0,3.368218745,-1.277916128,1.716660264,0.153212290,-0.198153521,0.064772377,0.965953268,15,4,0,nan,nan,not enough PnP correspondences
969.424582864,0,3.368218745,-1.277916128,1.716660264,0.153212290,-0.198153521,0.064772377,0.965953268,13,3,0,nan,nan,not enough PnP correspondences
969.431582864,0,3.368218745,-1.277916128,1.716660264,0.153212290,-0.198153521,0.064772377,0.965953268,14,3,0,nan,nan,not enough PnP correspondences
969.438582864,0,3.368218745,-1.277916128,1.716660264,0.153212290,-0.198153521,0.064772377,0.965953268,14,0,0,nan,nan,not enough PnP correspondences
969.445582864,0,3.368218745,-1.277916128,1.716660264,0.153212290,-0.198153521,0.064772377,0.965953268,13,3,0,nan,nan,not enough PnP correspondences
969.452582864,0,3.368218745,-1.277916128,1.716660264,0.153212290,-0.198153521,0.064772377,0.965953268,11,3,0,nan,nan,not enough PnP correspondences
969.459582864,0,3.368218745,-1.277916128,1.716660264,0.153212290,-0.198153521,0.064772377,0.965953268,15,4,0,nan,nan,not enough PnP correspondences
969.466582864,0,3.368218745,-1.277916128,1.716660264,0.153212290,-0.198153521,0.064772377,0.965953268,14,6,0,nan,nan,not enough PnP correspondences
969.473582864,0,3.368218745,-1.277916128,1.716660264,0.153212290,-0.198153521,0.064772377,0.965953268,20,3,0,nan,nan,not enough PnP correspondences
969.480582864,0,3.368218745,-1.277916128,1.716660264,0.153212290,-0.198153521,0.064772377,0.965953268,26,7,0,nan,nan,not enough PnP correspondences
969.487582864,0,3.368218745,-1.277916128,1.716660264,0.153212290,-0.198153521,0.064772377,0.965953268,19,3,0,nan,nan,not enough PnP correspondences
969.494582864,1,3.383559995,-1.266358942,1.713204423,0.152254827,-0.199750040,0.064809406,0.965773333,148,82,42,0.867147104,0.743251143,ok
969.501582864,1,3.387943221,-1.270904356,1.716717380,0.150441597,-0.200855454,0.067737357,0.965627290,437,318,186,0.888621275,0.691348900,ok
969.508582864,1,3.389127398,-1.273034518,1.721408066,0.148255554,-0.201892075,0.070046774,0.965584450,387,328,243,0.706873880,0.552870422,ok
969.515582864,1,3.392648141,-1.279926093,1.717090429,0.145159346,-0.202918840,0.072270447,0.965675769,335,307,274,0.738945912,0.603304020,ok
969.522582864,1,3.392955185,-1.282704538,1.714383206,0.141996376,-0.203664169,0.073355989,0.965907260,327,306,287,0.673026366,0.576921915,ok
969.529582864,1,3.394230726,-1.287019892,1.715391627,0.138184996,-0.204261689,0.073630086,0.966312930,320,296,261,0.753202096,0.602436721,ok
969.536582864,1,3.397735034,-1.290838774,1.717360304,0.134315792,-0.204953736,0.073443903,0.966726035,313,284,270,0.786556852,0.640045406,ok
969.543582864,1,3.394365031,-1.288329136,1.722391616,0.130682860,-0.204916373,0.071947164,0.967344238,313,290,280,0.755997208,0.595136862,ok
969.550582864,1,3.391828940,-1.287865320,1.722300174,0.126616809,-0.205001082,0.069818732,0.968022771,309,285,273,0.714904865,0.567245963,ok
969.557582864,1,3.385413142,-1.285092568,1.727509363,0.122870263,-0.204674916,0.066704269,0.968793898,307,285,267,0.668952307,0.569147509,ok
969.564582864,1,3.380559212,-1.276448889,1.734246891,0.119483042,-0.204441108,0.063426820,0.969486810,307,290,275,0.695727956,0.549250990,ok
969.571582864,1,3.378551408,-1.274013800,1.734785564,0.115594010,-0.204282606,0.059514967,0.970239460,304,286,277,0.652961537,0.546447247,ok
969.578582864,1,3.378946238,-1.271390788,1.737111703,0.111940027,-0.204326705,0.055319912,0.970906656,304,289,282,0.647841227,0.542861649,ok
969.585582864,1,3.376690659,-1.272537014,1.740382025,0.108169911,-0.204161769,0.050845492,0.971613081,303,289,279,0.701373045,0.588159009,ok
969.592582864,1,3.377404315,-1.271317911,1.736595642,0.104520238,-0.204143226,0.045884110,0.972263190,300,284,276,0.656553693,0.520153281,ok
969.599582864,1,3.380289462,-1.269242811,1.736121569,0.101235541,-0.204362481,0.040885398,0.972787606,296,282,265,0.664819187,0.528932876,ok
969.606582864,1,3.379215070,-1.266727225,1.742726834,0.098265978,-0.204302335,0.035552387,0.973314123,290,275,262,0.625988222,0.523276904,ok
969.613582864,1,3.376677000,-1.268434795,1.741000145,0.095116404,-0.204012236,0.029797603,0.973880886,287,275,270,0.625453785,0.495079980,ok
969.620582864,1,3.373397377,-1.265035781,1.743861841,0.092633096,-0.203718710,0.023968336,0.974342504,286,271,261,0.707320862,0.602047045,ok
969.627582864,1,3.372472604,-1.265245214,1.744874074,0.090240747,-0.203632960,0.018129616,0.974711004,284,269,260,0.636166811,0.578194858,ok
969.634582864,1,3.370706351,-1.264646374,1.746044085,0.088177848,-0.203547894,0.012214507,0.975009604,280,266,255,0.630844463,0.544203078,ok
969.641582864,1,3.373755337,-1.264877076,1.741020486,0.086403836,-0.203708563,0.006474006,0.975189872,274,259,239,0.637046880,0.564395694,ok
969.648582864,1,3.374660100,-1.264960727,1.740850909,0.085047240,-0.203827167,0.000683056,0.975305586,267,246,233,0.703702871,0.581004542,ok
969.655582864,1,3.377049925,-1.264069510,1.739521777,0.083941424,-0.204136819,-0.004799051,0.975325056,265,242,212,0.685969160,0.551269312,ok
969.662582864,1,3.373532482,-1.265954724,1.734697174,0.083134533,-0.204055929,-0.010930278,0.975361654,262,229,202,0.678383886,0.602539683,ok
969.669582864,1,3.372276702,-1.260104002,1.737168160,0.083166498,-0.204111626,-0.017335547,0.975254457,261,238,206,0.754813754,0.667322611,ok
969.676582864,1,3.373142636,-1.260952268,1.734309810,0.082927439,-0.204428100,-0.023451434,0.975080623,255,233,198,0.742364446,0.653633024,ok
969.683582864,1,3.373894783,-1.267211131,1.724603633,0.082529466,-0.204804756,-0.029436726,0.974873006,248,228,212,0.821151120,0.704445423,ok
969.690582864,1,3.373422026,-1.265389971,1.724593524,0.083041585,-0.205012554,-0.035121408,0.974597576,962,796,604,0.810796634,0.668249988,ok
969.697582864,1,3.372078471,-1.263903449,1.718389837,0.083765144,-0.205308780,-0.040632458,0.974259056,908,725,628,0.861831900,0.702962802,ok
969.704582864,1,3.369396578,-1.263561415,1.721384544,0.084642489,-0.205597256,-0.046324632,0.973868290,888,678,517,0.778763843,0.648756899,ok
969.711582864,1,3.368128402,-1.261223196,1.722480730,0.085821158,-0.206036329,-0.051701506,0.973401620,872,682,572,0.766697981,0.616135630,ok
969.718582864,1,3.368429841,-1.258282509,1.722417555,0.087084459,-0.206671166,-0.056985190,0.972859709,863,672,623,0.793174171,0.632112845,ok
969.725582864,1,3.367689274,-1.254932534,1.723862613,0.088712583,-0.207232123,-0.062109596,0.972279447,844,686,533,0.786634603,0.664251076,ok
969.732582864,1,3.366284836,-1.255410197,1.722682923,0.090189493,-0.207868250,-0.066898561,0.971689883,818,666,614,0.772325514,0.658267048,ok
969.739582864,1,3.363332443,-1.256876309,1.720715517,0.091759314,-0.208407885,-0.071571809,0.971094155,810,670,580,0.753146311,0.641902279,ok
969.746582864,1,3.362069714,-1.261511202,1.713544082,0.093176786,-0.209146361,-0.075831871,0.970476900,801,664,561,0.751563744,0.623019122,ok
969.753582864,1,3.361804969,-1.264981615,1.711995201,0.094865782,-0.210048116,-0.079977151,0.969785506,750,638,602,0.752621919,0.618222518,ok
969.760582864,1,3.360294966,-1.265450613,1.711057285,0.096822530,-0.210804167,-0.084214231,0.969069123,743,625,574,0.694670950,0.603741334,ok
969.767582864,1,3.359130492,-1.265722252,1.710311143,0.098923138,-0.211758850,-0.088027964,0.968309599,737,616,588,0.668582882,0.559266380,ok
969.774582864,1,3.356611638,-1.264421838,1.710927145,0.101182975,-0.212575884,-0.091841523,0.967542575,729,629,583,0.693104742,0.576466745,ok
969.781582864,1,3.351052766,-1.261889654,1.711168522,0.103678652,-0.213254288,-0.095611361,0.966763577,724,617,581,0.693758302,0.591067403,ok
969.788582864,1,3.351230576,-1.260633582,1.713135252,0.106124774,-0.214438160,-0.099015347,0.965893249,706,613,591,0.719999234,0.557539919,ok
969.795582864,1,3.348543018,-1.258140028,1.719162494,0.108631101,-0.215523700,-0.102419582,0.965017641,700,598,558,0.678182871,0.523056505,ok
969.802582864,1,3.344081276,-1.258672952,1.723797145,0.111021174,-0.216526412,-0.105700631,0.964166992,693,601,583,0.648003723,0.553481117,ok
969.809582864,1,3.344655164,-1.258915830,1.725728509,0.113478985,-0.217931903,-0.108467688,0.963256438,691,603,561,0.748315200,0.609983710,ok
969.816582864,1,3.343103178,-1.257171421,1.724540001,0.115841472,-0.219154652,-0.111408550,0.962361744,688,588,557,0.646987479,0.498409714,ok
969.823582864,1,3.339093276,-1.258113804,1.728664964,0.118112775,-0.220320721,-0.114168527,0.961495554,680,591,573,0.684491723,0.561933518,ok
969.830582864,1,3.339085599,-1.257408852,1.730871740,0.120463849,-0.221805206,-0.116614436,0.960568574,677,583,542,0.653053186,0.514485047,ok
969.837582864,1,3.339663964,-1.253312655,1.733506684,0.123079027,-0.223332035,-0.118932435,0.959598578,667,572,562,0.687503438,0.579209923,ok
969.844582864,1,3.338829719,-1.254968067,1.735056753,0.125304585,-0.224749948,-0.121066741,0.958712191,660,577,546,0.649152889,0.517368515,ok
969.851582864,1,3.336611920,-1.256590315,1.736281218,0.127373070,-0.226143986,-0.123182761,0.957841848,651,568,554,0.623461500,0.517311448,ok
969.858582864,1,3.337047805,-1.258202012,1.731969515,0.129298570,-0.227800481,-0.124915883,0.956966479,650,570,555,0.627911738,0.529237354,ok
969.865582864,1,3.335338766,-1.257500777,1.731846135,0.131328911,-0.229220574,-0.127143002,0.956057165,643,549,523,0.649478110,0.558596937,ok
969.872582864,1,3.332617559,-1.260009554,1.733155806,0.133132737,-0.230720287,-0.129138001,0.955179146,637,547,532,0.665845501,0.570838257,ok
969.879582864,1,3.332443666,-1.259671357,1.733268571,0.135065939,-0.232469075,-0.130712183,0.954269169,632,548,520,0.679317655,0.596080777,ok
969.886582864,1,3.332526681,-1.255049924,1.732311418,0.137117296,-0.234112562,-0.132619819,0.953311145,628,530,508,0.686659155,0.582845055,ok
969.893582864,1,3.327502669,-1.254452837,1.736099399,0.139009949,-0.235467343,-0.134602104,0.952425135,622,547,537,0.649016272,0.528254411,ok
969.900582864,1,3.323636276,-1.254079742,1.739475519,0.140853726,-0.236973591,-0.136537953,0.951504668,617,527,496,0.667875534,0.538294216,ok
969.907582864,1,3.323436276,-1.250082927,1.741552579,0.142729588,-0.238746616,-0.138394128,0.950513221,612,510,501,0.664695978,0.535148514,ok
969.914582864,1,3.317198302,-1.246089808,1.745133732,0.144546938,-0.240108087,-0.140487113,0.949588153,611,488,471,0.676718558,0.573034326,ok
969.921582864,1,3.310136236,-1.244485014,1.746507637,0.146012021,-0.241420846,-0.142392234,0.948747025,609,533,513,0.666428762,0.539262869,ok
969.928582864,1,3.306525057,-1.242340537,1.748198267,0.147496323,-0.243003429,-0.144295335,0.947825419,601,506,482,0.625232233,0.490192512,ok
969.935582864,1,3.299746165,-1.231417677,1.756631253,0.149489662,-0.244506314,-0.146060908,0.946855699,598,512,489,0.726658038,0.578235740,ok
969.942582864,1,3.295659411,-1.227380106,1.760843009,0.150950303,-0.246094345,-0.147630298,0.945968749,589,477,460,0.688972076,0.571353436,ok
969.949582864,1,3.289249018,-1.222905766,1.762217046,0.152391187,-0.247540545,-0.149605204,0.945049675,586,471,443,0.748262298,0.612031152,ok
969.956582864,1,3.286196419,-1.219062132,1.764724032,0.153686365,-0.249272794,-0.151263258,0.944120226,583,474,441,0.712136531,0.617328324,ok
969.963582864,1,3.285179376,-1.217054111,1.761017101,0.154645242,-0.251024862,-0.152510871,0.943298363,580,490,473,0.742512248,0.643408400,ok
969.970582864,1,3.281333823,-1.212687772,1.760765733,0.155812341,-0.252703555,-0.153826976,0.942443998,577,447,420,0.725693195,0.565867076,ok
969.977582864,1,3.277519694,-1.206599672,1.761757045,0.157068651,-0.254406942,-0.155480220,0.941505416,574,475,468,0.753660242,0.599594324,ok
969.984582864,1,3.272602595,-1.204017564,1.763443170,0.157991279,-0.256029801,-0.156964588,0.940664454,570,458,432,0.799978595,0.691773176,ok
969.991582864,1,3.264096861,-1.195557187,1.765006867,0.159269105,-0.257386838,-0.158549061,0.939812515,567,438,420,0.734361758,0.569838774,ok
969.998582864,1,3.258427372,-1.191874055,1.763479381,0.160100320,-0.259016429,-0.160045721,0.938969512,565,431,415,0.705743395,0.566138877,ok
970.005582864,1,3.254374185,-1.188996815,1.768883072,0.160831677,-0.260839107,-0.161571847,0.938078179,557,407,387,0.644160520,0.544118606,ok
970.012582864,1,3.247133084,-1.180967659,1.775700295,0.161842673,-0.262475076,-0.162761342,0.937241980,552,448,440,0.579310920,0.487851119,ok
970.019582864,1,3.240389146,-1.180417199,1.771608792,0.162066061,-0.264004748,-0.164671017,0.936439822,542,429,396,0.656926362,0.565067947,ok
970.026582864,1,3.236960555,-1.178072015,1.776428965,0.162615171,-0.265993086,-0.166080072,0.935532679,541,458,449,0.598984160,0.510171638,ok
970.033582864,1,3.229155188,-1.172476445,1.783457472,0.163268069,-0.267732417,-0.167268741,0.934710682,537,466,455,0.636112168,0.550984648,ok
970.040582864,1,3.223510344,-1.173135340,1.776423244,0.163154809,-0.269449720,-0.168629177,0.933992268,534,465,450,0.648063204,0.566803288,ok
970.047582864,1,3.218508298,-1.172308515,1.774178552,0.163382482,-0.271370646,-0.169893013,0.933166920,530,468,461,0.645234529,0.502391009,ok
970.054582864,1,3.212195765,-1.167479110,1.778656974,0.163867099,-0.273246726,-0.171220276,0.932291487,527,467,447,0.649184660,0.559462276,ok
970.061582864,1,3.204286534,-1.168927027,1.774680609,0.163723455,-0.275023035,-0.172534441,0.931551838,525,463,457,0.603890532,0.509340073,ok
970.068582864,1,3.199270381,-1.173081018,1.770696871,0.163416835,-0.277055009,-0.173923344,0.930744933,518,448,427,0.587833653,0.514490391,ok
970.075582864,1,3.193150874,-1.167880956,1.778582608,0.163981123,-0.278929193,-0.175474914,0.929794198,511,460,445,0.640490036,0.560890454,ok
970.082582864,1,3.187646987,-1.169663651,1.777831479,0.163921414,-0.281007077,-0.176596456,0.928966353,510,454,450,0.609331654,0.515487093,ok
970.089582864,1,3.180782365,-1.169940430,1.773384467,0.163786051,-0.283000386,-0.178011250,0.928114705,508,464,428,0.591816886,0.530463926,ok
970.096582864,1,3.175425149,-1.171961394,1.771533141,0.163605046,-0.285031861,-0.179493915,0.927238999,507,460,453,0.594826656,0.532414215,ok
970.103582864,1,3.168434722,-1.171636061,1.771150509,0.163551065,-0.286919458,-0.180870903,0.926398397,507,459,442,0.638114369,0.563604619,ok
970.110582864,1,3.162411305,-1.172407696,1.766445740,0.163354348,-0.288918005,-0.182331467,0.925525245,504,449,441,0.685611348,0.623273330,ok
970.117582864,1,3.156297596,-1.172657825,1.765647443,0.163154116,-0.291013543,-0.183587236,0.924655384,501,431,428,0.612888511,0.548195612,ok
970.124582864,1,3.151147620,-1.168015415,1.768019223,0.163380737,-0.293064199,-0.184784521,0.923728743,496,450,430,0.596614602,0.550139444,ok
970.131582864,1,3.146390009,-1.166734506,1.770286675,0.163328180,-0.295338919,-0.185583576,0.922852949,495,443,439,0.677472310,0.592975678,ok
970.138582864,1,3.140667805,-1.166780141,1.765560105,0.162978405,-0.297461037,-0.186396140,0.922069113,490,425,415,0.590731176,0.491637335,ok
970.145582864,1,3.135110705,-1.162858510,1.768274551,0.163017624,-0.299690201,-0.187295980,0.921157562,482,421,408,0.615451082,0.521811242,ok
970.152582864,1,3.123029225,-1.156500432,1.771898409,0.163195037,-0.301581441,-0.188213565,0.920321503,480,438,421,0.574750698,0.479586363,ok
970.159582864,1,3.113579304,-1.158182306,1.765746893,0.162647706,-0.303593621,-0.189117297,0.919571251,479,424,408,0.546964947,0.452732422,ok
970.166582864,1,3.105200390,-1.156075809,1.770018535,0.162575230,-0.305727361,-0.190292527,0.918634219,470,428,417,0.621383139,0.540614122,ok
970.173582864,1,3.098263820,-1.157474090,1.770785775,0.162192597,-0.307931586,-0.191177569,0.917781476,461,423,405,0.578891171,0.511738604,ok
970.180582864,1,3.086101196,-1.156604578,1.769761496,0.161780959,-0.309878531,-0.192042021,0.917018036,457,418,416,0.591628281,0.503964236,ok
970.187582864,1,3.077588794,-1.158253895,1.769840568,0.161363943,-0.312098657,-0.193063584,0.916123659,453,412,407,0.571673714,0.503403234,ok
970.194582864,1,3.069630418,-1.157411835,1.776386735,0.161297391,-0.314293979,-0.194285137,0.915126075,451,394,360,0.592401267,0.529716164,ok
970.201582864,1,3.055534668,-1.156135344,1.773946035,0.160969506,-0.316235624,-0.195127004,0.914335442,446,407,397,0.654395678,0.530607670,ok
970.208582864,1,3.046515721,-1.159912979,1.772629389,0.160529628,-0.318454175,-0.196240363,0.913404016,441,385,370,0.679553434,0.536948816,ok
970.215582864,1,3.036635971,-1.157764704,1.780965042,0.160582731,-0.320775452,-0.197367589,0.912338934,438,398,386,0.684759972,0.585079657,ok
970.222582864,1,3.028468499,-1.159376229,1.781405318,0.160113059,-0.323054881,-0.198388301,0.911395323,427,393,388,0.634596755,0.524273493,ok
970.229582864,1,3.017393205,-1.154145801,1.790083160,0.160384529,-0.325165201,-0.199701648,0.910309643,418,385,374,0.641501942,0.575039778,ok
970.236582864,1,3.005254235,-1.156545408,1.790280324,0.160051832,-0.327231179,-0.200950471,0.909352558,416,377,368,0.732373021,0.647824118,ok
970.243582864,1,2.998610605,-1.158627124,1.796052931,0.159691750,-0.329554424,-0.202153390,0.908309657,414,367,356,0.668288405,0.597931786,ok
970.250582864,1,2.989074824,-1.153901812,1.802656346,0.159619296,-0.331710794,-0.203229819,0.907296682,410,346,340,0.678113892,0.529126444,ok
970.257582864,1,2.978582028,-1.154030857,1.803766600,0.159140118,-0.333879994,-0.204279042,0.906349075,405,338,331,0.644409998,0.561693928,ok
970.264582864,1,2.968320612,-1.155927868,1.806454281,0.158583331,-0.336293781,-0.204719477,0.905454447,403,342,336,0.641878620,0.533487712,ok
970.271582864,1,2.955559922,-1.152339692,1.815943255,0.158453001,-0.338641075,-0.205207286,0.904491481,400,352,350,0.595326656,0.522949001,ok
970.278582864,1,2.949600236,-1.152436878,1.818820141,0.158145470,-0.341124038,-0.206195050,0.903386962,395,351,345,0.657874268,0.595634271,ok
970.285582864,1,2.939162062,-1.147888518,1.827740050,0.158250307,-0.343510199,-0.206943579,0.902292602,391,356,340,0.704708458,0.617734094,ok
970.292582864,1,2.932398130,-1.146103689,1.826299062,0.157979179,-0.345861846,-0.207565228,0.901298418,385,357,351,0.576751463,0.494786136,ok
970.299582864,1,2.929664554,-1.146320874,1.822961386,0.157625338,-0.348524956,-0.208334875,0.900156202,378,347,336,0.649605354,0.549441995,ok
970.306582864,1,2.930652089,-1.151892444,1.829383127,0.157339683,-0.351790716,-0.208948502,0.898792546,375,332,326,0.677909509,0.563519458,ok
970.313582864,1,2.929207291,-1.154612674,1.836829765,0.157142232,-0.354970610,-0.209211707,0.897514705,369,331,321,0.763779938,0.620123421,ok
970.320582864,1,2.925910008,-1.151530399,1.828149519,0.156952466,-0.357440423,-0.210048063,0.896371619,368,343,330,0.671406113,0.567105509,ok
970.327582864,1,2.919365949,-1.156339421,1.820905461,0.156273253,-0.360027838,-0.210921022,0.895249099,368,324,321,0.723410374,0.597433961,ok
970.334582864,1,2.907533640,-1.156525606,1.826461076,0.156153452,-0.362682342,-0.211350947,0.894096413,368,343,322,0.679102959,0.602334749,ok
970.341582864,1,2.898378727,-1.160575177,1.824368330,0.155630015,-0.365141091,-0.211958159,0.893042564,357,326,317,0.653089765,0.527964372,ok
970.348582864,1,2.883200670,-1.162106207,1.823892273,0.155158663,-0.367369382,-0.212942918,0.891975807,351,315,305,0.642825147,0.552404404,ok
970.355582864,1,2.875071982,-1.167892660,1.826853167,0.154484895,-0.370156172,-0.213699261,0.890758919,347,311,304,0.695300213,0.592964319,ok
970.362582864,1,2.868633861,-1.165968032,1.838216457,0.154383340,-0.372945781,-0.214327974,0.889460931,339,313,308,0.653708282,0.563321394,ok
970.369582864,1,2.852925161,-1.164365672,1.840991259,0.154033606,-0.375352448,-0.214944274,0.888359808,334,291,277,0.627147574,0.503044071,ok
970.376582864,1,2.843879383,-1.162023134,1.848453252,0.153975292,-0.377757927,-0.216251399,0.887032068,327,292,282,0.625929530,0.488299629,ok
970.383582864,1,2.837355240,-1.166399802,1.851579740,0.153393095,-0.380286872,-0.217435723,0.885761909,315,282,267,0.663720547,0.543906112,ok
970.390582864,1,2.828076670,-1.168953022,1.856042089,0.152868852,-0.383054289,-0.218126395,0.884489345,311,290,287,0.691361854,0.582186133,ok
970.397582864,1,2.814531247,-1.170011020,1.864567567,0.152561564,-0.385752308,-0.218889361,0.883180374,308,286,280,0.658844172,0.534825138,ok
970.404582864,1,2.810153581,-1.169805353,1.869298672,0.152291882,-0.388418800,-0.219867010,0.881814332,302,278,258,0.749716040,0.622381772,ok
970.411582864,1,2.800606651,-1.162444048,1.884760785,0.152621806,-0.391195971,-0.220772098,0.880302208,300,277,272,0.755967976,0.586715718,ok
970.418582864,1,2.790734038,-1.154599696,1.887055394,0.152654912,-0.393588041,-0.222020771,0.878915075,297,263,252,0.659075580,0.486223213,ok
970.425582864,1,2.784206390,-1.150920023,1.892528489,0.152764563,-0.396093282,-0.223446392,0.877408006,294,272,263,0.751520198,0.608098115,ok
970.432582864,1,2.775190409,-1.157102495,1.905755398,0.152308738,-0.399089918,-0.224312485,0.875907070,291,267,266,0.765511434,0.663690702,ok
970.439582864,1,2.768054058,-1.166357404,1.912624021,0.151501362,-0.401851306,-0.225679163,0.874432262,291,267,257,0.691795125,0.575795765,ok
970.446582864,1,2.759710536,-1.169601147,1.922334790,0.151107807,-0.404641142,-0.226460042,0.873010783,286,257,255,0.613354244,0.501472975,ok
970.453582864,1,2.747023813,-1.168755246,1.934948856,0.150968122,-0.407303604,-0.227141572,0.871618670,280,254,250,0.722115814,0.647424350,ok
970.460582864,1,2.728168212,-1.160981043,1.951279992,0.151154635,-0.409859643,-0.227393461,0.870321529,274,254,249,0.765836664,0.678687077,ok
970.467582864,1,2.712958270,-1.161290860,1.962316848,0.150829799,-0.412673507,-0.227965448,0.868897407,263,240,237,0.718043905,0.641201136,ok
970.474582864,1,2.700148697,-1.167326078,1.972383723,0.150337679,-0.415549954,-0.228486973,0.867473643,261,242,231,0.728440080,0.589396381,ok
970.481582864,1,2.680225986,-1.167404328,1.974340558,0.149896731,-0.417840465,-0.229286685,0.866237803,255,225,224,0.671627076,0.549888438,ok
970.488582864,1,2.669296003,-1.176060683,1.978113783,0.149129947,-0.420877474,-0.229928819,0.864728367,253,233,228,0.762105883,0.695732925,ok
970.495582864,1,2.654017414,-1.185782054,1.993764142,0.148538859,-0.424296117,-0.229537640,0.863262118,252,236,230,0.791230027,0.693808976,ok
970.502582864,1,2.643170190,-1.183805630,1.994239348,0.148310919,-0.426875475,-0.230248626,0.861839179,250,233,233,0.792048289,0.671176290,ok
970.509582864,1,2.630340253,-1.180108980,1.990082600,0.147873867,-0.429322823,-0.230854702,0.860535496,245,227,214,0.729405423,0.550515281,ok
970.516582864,1,2.612371810,-1.180952781,1.987518196,0.147195643,-0.431781168,-0.231081678,0.859360067,788,624,550,0.896614220,0.791935020,ok
970.523582864,1,2.596486861,-1.183563769,1.987588212,0.146487391,-0.434326493,-0.231338031,0.858128579,759,614,575,0.881496052,0.741358522,ok
970.530582864,1,2.579750215,-1.182519391,1.996367298,0.146151000,-0.437213989,-0.231439490,0.856691062,733,599,530,0.943049165,0.789466913,ok
970.537582864,1,2.560663129,-1.180504591,1.992187420,0.145721013,-0.439531728,-0.231646959,0.855521439,715,583,545,0.894191446,0.759751383,ok
970.544582864,1,2.544285462,-1.178543069,2.004654961,0.145470282,-0.442483235,-0.231783485,0.854004333,701,575,519,0.971734072,0.886176024,ok
970.551582864,1,2.526416060,-1.173465274,2.004721120,0.145260770,-0.444995282,-0.231864087,0.852711882,692,577,536,0.916322323,0.798555962,ok
970.558582864,1,2.502858563,-1.174374697,2.002469459,0.144729513,-0.447378427,-0.232174451,0.851469868,673,578,534,0.884820890,0.777224721,ok
970.565582864,1,2.484526408,-1.170923063,2.005466714,0.144447698,-0.449906801,-0.232426779,0.850115595,662,563,475,0.883396324,0.719633667,ok
970.572582864,1,2.460203596,-1.169475422,2.009572992,0.144151721,-0.452361373,-0.232602951,0.848814077,650,564,530,0.888142166,0.784729281,ok
970.579582864,1,2.446545129,-1.168627376,2.013674135,0.143812647,-0.455310305,-0.232935468,0.847202170,620,526,490,0.948305524,0.810978436,ok
970.586582864,1,2.428098105,-1.165720673,2.009060514,0.143413026,-0.457548319,-0.233429869,0.845927146,616,522,483,0.879873097,0.716178368,ok
970.593582864,1,2.403199979,-1.164968923,2.012647368,0.143009806,-0.459929587,-0.233708580,0.844626113,607,511,480,0.868317866,0.732531571,ok
970.600582864,1,2.379957938,-1.157933555,2.017540029,0.143104239,-0.462427405,-0.233917313,0.843187264,593,513,441,0.993351972,0.817358474,ok
970.607582864,1,2.359203077,-1.160063177,2.010086676,0.142563948,-0.464625235,-0.234454130,0.841920526,585,508,454,0.889399249,0.775097165,ok
970.614582864,1,2.337634153,-1.158863022,2.027645620,0.142354016,-0.467692011,-0.234412099,0.840268103,571,473,431,0.905655471,0.770700207,ok
970.621582864,1,2.324204515,-1.157478229,2.028926319,0.141821439,-0.470225725,-0.234480725,0.838923856,563,484,427,0.931517917,0.834033827,ok
970.628582864,1,2.300541939,-1.155653162,2.028940484,0.141469230,-0.472729035,-0.234656755,0.837526073,558,464,433,0.822841459,0.692098679,ok
970.635582864,1,2.283576624,-1.158912364,2.027739397,0.140829679,-0.475327864,-0.234837624,0.836111065,553,466,414,0.865117800,0.781430904,ok
970.642582864,1,2.266968476,-1.156346026,2.033481680,0.140568486,-0.477978212,-0.235080203,0.834574519,545,460,437,0.899167809,0.766742371,ok
970.649582864,1,2.248837853,-1.154357625,2.024064837,0.140041008,-0.480272359,-0.235356708,0.833267182,530,466,428,0.882625769,0.748376248,ok
970.656582864,1,2.234937540,-1.158980601,2.021313943,0.139433939,-0.482889854,-0.235747500,0.831744361,511,436,390,0.928124143,0.785104259,ok
970.663582864,1,2.215334518,-1.163735396,2.022524381,0.138641755,-0.485560119,-0.235815506,0.830301681,503,434,412,0.879447789,0.753142633,ok
970.670582864,1,2.193669945,-1.160723747,2.012204108,0.138158582,-0.487944192,-0.235789315,0.828990996,484,421,377,0.852933461,0.685757839,ok
970.677582864,1,2.174798639,-1.164656672,2.007256659,0.137527700,-0.490419118,-0.236262650,0.827499354,475,419,397,0.796489842,0.668977985,ok
970.684582864,1,2.153335584,-1.170151781,2.011694691,0.136795639,-0.493221416,-0.236541964,0.825873772,469,409,398,0.798015188,0.692433079,ok
970.691582864,1,2.138419023,-1.173601916,2.017560386,0.136221593,-0.496138324,-0.236681197,0.824179866,455,401,378,0.864362290,0.749907600,ok
970.698582864,1,2.114738377,-1.175462918,2.021798992,0.135752969,-0.499002198,-0.236556685,0.822562382,445,383,360,0.841320768,0.709507868,ok
970.705582864,1,2.097311789,-1.185044604,2.036888582,0.135330736,-0.501963382,-0.237096253,0.820672725,438,400,372,0.987131073,0.794916198,ok
970.712582864,1,2.073088345,-1.189373427,2.034913332,0.134420007,-0.504430096,-0.237094693,0.819309250,437,362,350,0.806487669,0.644546545,ok
970.719582864,1,2.057904167,-1.198242023,2.041977173,0.133649080,-0.507577946,-0.237215160,0.817454292,430,375,346,0.907781567,0.718484136,ok
970.726582864,1,2.040537184,-1.202355474,2.049118370,0.133416473,-0.510129510,-0.237926410,0.815695379,423,360,344,0.778045463,0.652272108,ok
970.733582864,1,2.014592868,-1.204642003,2.051043158,0.132677976,-0.512708152,-0.237875243,0.814212672,417,360,348,0.821801304,0.655063064,ok
970.740582864,1,1.992159668,-1.208535099,2.044812450,0.131839665,-0.515130860,-0.238057426,0.812765133,409,362,345,0.796589799,0.739953244,ok
970.747582864,1,1.967176857,-1.206397708,2.040181673,0.131426155,-0.517377267,-0.238094800,0.811393120,394,333,326,0.875299846,0.749505435,ok
970.754582864,1,1.943094104,-1.209801186,2.037973438,0.130477915,-0.520032076,-0.237565275,0.810003021,386,349,329,0.947842419,0.821166961,ok
970.761582864,1,1.922170622,-1.209430505,2.031720565,0.129889521,-0.522356581,-0.237552029,0.808604569,382,324,313,0.747689500,0.624759989,ok
970.768582864,1,1.889102941,-1.212047391,2.018495432,0.129250127,-0.524204951,-0.237944547,0.807394554,373,312,298,0.764708123,0.644128304,ok
970.775582864,1,1.871356645,-1.213716896,2.011273524,0.128670261,-0.526411783,-0.238216199,0.805970000,366,316,302,0.716459505,0.612329412,ok
970.782582864,1,1.857471595,-1.210649069,2.008230742,0.128198767,-0.528819381,-0.238192115,0.804474769,354,313,304,0.829679819,0.704993466,ok
970.789582864,1,1.838230084,-1.211393461,2.005347657,0.127420284,-0.531637147,-0.237782380,0.802860857,346,306,293,0.853553155,0.703734433,ok
970.796582864,1,1.826612476,-1.217831114,2.007668577,0.126836334,-0.534389514,-0.238210730,0.800996904,340,306,300,0.838398189,0.691858151,ok
970.803582864,1,1.801516196,-1.219828182,2.024471904,0.126686169,-0.537230414,-0.238390460,0.799064507,336,300,283,0.699430644,0.562015112,ok
970.810582864,1,1.787491239,-1.222064875,2.023459950,0.125991856,-0.540172864,-0.238240986,0.797233066,332,316,299,0.862470694,0.661466910,ok
970.817582864,1,1.768943089,-1.225556129,2.028320887,0.125405855,-0.542951597,-0.238209382,0.795445300,326,300,299,0.815178160,0.715864347,ok
970.824582864,1,1.766269493,-1.246510779,2.026381740,0.123643957,-0.546008387,-0.238815798,0.793444407,326,306,287,0.776339315,0.707247897,ok
970.831582864,1,1.749936606,-1.241693990,2.015506071,0.123258709,-0.548136468,-0.239000256,0.791980164,324,298,287,0.820795817,0.682062040,ok
970.838582864,1,1.712652578,-1.249970527,2.024566864,0.122587820,-0.551039706,-0.238796412,0.790128941,320,288,278,0.819688871,0.732809587,ok
970.845582864,1,1.695384565,-1.257398448,2.028948118,0.121870036,-0.553779506,-0.239267642,0.788179515,315,284,278,0.749460379,0.628064170,ok
970.852582864,1,1.677512944,-1.261118244,2.025250341,0.121014997,-0.556220298,-0.239308609,0.786578502,315,270,270,0.707901095,0.592553828,ok
970.859582864,1,1.647560582,-1.260458807,2.022915655,0.120817302,-0.558340550,-0.239711347,0.784982471,315,280,276,0.797308967,0.700368548,ok
970.866582864,1,1.616281330,-1.260973505,2.031887920,0.120740407,-0.560869015,-0.239862263,0.783143536,315,278,266,0.802390197,0.712854281,ok
970.873582864,1,1.608157643,-1.251285454,2.026335705,0.120751896,-0.562836717,-0.240460745,0.781544906,314,272,263,0.820037111,0.736039546,ok
970.880582864,1,1.595053466,-1.245250991,2.011990566,0.120371008,-0.565100421,-0.240331193,0.780008495,313,283,270,0.819082168,0.680175751,ok
970.887582864,1,1.576720005,-1.246171603,2.010534412,0.120003505,-0.567549093,-0.240714201,0.778166987,311,266,259,0.801620010,0.721780019,ok
970.894582864,1,1.585121104,-1.255180164,2.022529606,0.119193584,-0.571024888,-0.241349950,0.775547335,306,267,254,0.864578555,0.717443367,ok
970.901582864,1,1.569253281,-1.251516105,2.017075075,0.119057025,-0.573203138,-0.241877085,0.773795234,304,273,254,0.817426282,0.729029652,ok
970.908582864,1,1.546745825,-1.264944996,2.020930720,0.118113862,-0.576321390,-0.241930121,0.771603906,304,270,265,0.817958202,0.697559078,ok
970.915582864,1,1.524698167,-1.275497415,2.017683888,0.117213210,-0.578616809,-0.242490434,0.769845466,299,270,259,0.768086776,0.680728474,ok
970.922582864,1,1.503512859,-1.288427261,2.032097387,0.116604584,-0.581811924,-0.242917860,0.767391145,294,254,248,0.837510285,0.784231489,ok
970.929582864,1,1.476104802,-1.298049355,2.037856265,0.115840278,-0.584815830,-0.242721260,0.765282866,287,270,263,0.870964180,0.755935687,ok
970.936582864,1,1.439347877,-1.312734289,2.055964084,0.115271703,-0.587726253,-0.243092656,0.763017855,268,249,232,0.815993543,0.716950727,ok
970.943582864,1,1.426872615,-1.313877230,2.051732646,0.114878663,-0.589838434,-0.243772574,0.761228249,268,235,232,0.726223874,0.604574653,ok
970.950582864,1,1.405688498,-1.325774119,2.049056133,0.114033910,-0.592255043,-0.244682783,0.759184146,262,238,234,0.690973765,0.575734039,ok
970.957582864,1,1.363516216,-1.341109918,2.057100565,0.113319841,-0.594887247,-0.245122075,0.757088466,259,235,229,0.819327224,0.677072553,ok
970.964582864,1,1.345439508,-1.348549371,2.054091659,0.112323641,-0.597433003,-0.245227669,0.755195734,253,242,233,0.842907262,0.704789005,ok
970.971582864,1,1.316811239,-1.348943765,2.054348962,0.112025101,-0.599796355,-0.245465120,0.753287185,246,229,222,0.807247017,0.664356773,ok
970.978582864,1,1.294409571,-1.348668617,2.057485563,0.111539179,-0.602364467,-0.245414821,0.751323915,635,494,418,0.963779857,0.843170428,ok
970.985582864,1,1.266679478,-1.348998873,2.041572669,0.110872906,-0.603886927,-0.245584248,0.750144089,615,481,421,0.932362697,0.776253540,ok
970.992582864,1,1.234973508,-1.345804332,2.024095349,0.110198350,-0.605611437,-0.245412012,0.748908577,598,487,434,0.986611414,0.798096790,ok
970.999582864,1,1.213746976,-1.346429905,2.013173323,0.109409110,-0.607688085,-0.245567068,0.747289537,573,479,411,0.939404038,0.795682685,ok
971.006582864,1,1.182245039,-1.341757908,2.003544249,0.109032134,-0.609608259,-0.245514432,0.745796506,558,452,375,0.938840921,0.734981448,ok
971.013582864,1,1.159889328,-1.343211099,1.981327202,0.107880136,-0.611200871,-0.245767576,0.744576168,533,458,393,0.918866384,0.805890001,ok
971.020582864,1,1.131958222,-1.340594177,1.960239339,0.107123922,-0.612813780,-0.246128183,0.743239298,515,447,382,0.968844219,0.769906583,ok
971.027582864,1,1.102926519,-1.336859366,1.946071384,0.106775138,-0.614498389,-0.246403815,0.741805878,511,417,388,0.897416226,0.755763377,ok
971.034582864,1,1.082714771,-1.340827847,1.933557888,0.106040789,-0.616382331,-0.246949905,0.740164791,505,434,380,0.929185945,0.775859327,ok
971.041582864,1,1.058589535,-1.343175167,1.917083922,0.105288142,-0.618140689,-0.247389179,0.738657627,497,439,395,0.957275524,0.818079689,ok
971.048582864,1,1.035710772,-1.345792262,1.906742787,0.104787814,-0.619921910,-0.248182179,0.736968077,493,423,390,0.952579950,0.779386358,ok
971.055582864,1,1.005868520,-1.346774031,1.890248227,0.104094443,-0.621482996,-0.248538858,0.735630117,488,429,393,0.875427575,0.707660205,ok
971.062582864,1,0.978132383,-1.345389601,1.873329173,0.103318023,-0.623309217,-0.248530172,0.734195996,481,420,381,0.844458594,0.713868140,ok
971.069582864,1,0.955150206,-1.346357703,1.859348728,0.102705283,-0.625228226,-0.248846789,0.732541170,473,411,355,0.918878947,0.737644302,ok
971.076582864,1,0.926518424,-1.345903886,1.843228026,0.102232821,-0.626892389,-0.249070240,0.731107652,469,387,321,0.871010993,0.726584273,ok
971.083582864,1,0.886226118,-1.335288557,1.822001370,0.101724921,-0.628460288,-0.248198603,0.730128181,443,382,340,1.001932971,0.869580090,ok
971.090582864,1,0.854370959,-1.331626811,1.806154443,0.101437920,-0.630228290,-0.248099050,0.728676549,431,385,345,0.924746071,0.729783637,ok
971.097582864,1,0.825507397,-1.328373769,1.796204678,0.101236365,-0.632185584,-0.247875749,0.727083351,423,372,323,0.974602269,0.806993526,ok
971.104582864,1,0.793021918,-1.324917357,1.776911739,0.100938520,-0.633700234,-0.247574063,0.725908060,396,357,325,0.999555883,0.820556314,ok
971.111582864,1,0.764118841,-1.322196257,1.756183947,0.100389051,-0.635450836,-0.247314183,0.724541212,387,335,299,0.980691234,0.831876111,ok
971.118582864,1,0.738170954,-1.324056436,1.739921351,0.099923772,-0.637124537,-0.247366316,0.723116498,379,331,303,0.938214107,0.774616012,ok
971.125582864,1,0.710795027,-1.322651530,1.718683988,0.099416820,-0.638529816,-0.247005923,0.722069280,342,307,252,0.948965662,0.803041739,ok
971.132582864,1,0.671472701,-1.315994136,1.699461835,0.099172386,-0.640302514,-0.246527383,0.720695343,335,295,260,1.013833466,0.895121770,ok
971.139582864,1,0.649911051,-1.319299498,1.684899101,0.098530196,-0.642397875,-0.246450987,0.718942752,268,233,191,1.017320238,0.808197973,ok
971.146582864,1,0.617972840,-1.319138518,1.674571697,0.097979224,-0.644430972,-0.246119739,0.717310162,261,235,190,1.035819605,0.847770458,ok
971.153582864,1,0.577661298,-1.309446364,1.650379928,0.098002055,-0.645753709,-0.245699285,0.716260851,256,218,193,1.062524180,0.960707851,ok
971.160582864,1,0.549682728,-1.309689035,1.634977820,0.097463042,-0.647639270,-0.245376894,0.714740870,245,222,192,1.046721691,0.946262268,ok
971.167582864,1,0.516008749,-1.308253899,1.620360276,0.097209899,-0.649338708,-0.245251339,0.713275024,673,521,377,1.103363282,0.958454673,ok
971.174582864,1,0.484641851,-1.307906889,1.604876019,0.096794989,-0.651029541,-0.244966398,0.711886740,622,483,346,1.064112633,0.817363130,ok
971.181582864,1,0.457716179,-1.307462989,1.583698624,0.096082199,-0.652678637,-0.244423168,0.710658935,585,456,338,1.087834111,0.908229834,ok
971.188582864,1,0.418548157,-1.303452762,1.565250052,0.095624099,-0.654592618,-0.243695082,0.709208885,521,416,331,1.083424388,0.920216189,ok
971.195582864,1,0.385616547,-1.302876956,1.544945616,0.095125392,-0.656199312,-0.243171490,0.707969808,495,386,290,1.162318672,1.009513621,ok
971.202582864,1,0.357231240,-1.303177807,1.521729495,0.094505214,-0.657728602,-0.242742743,0.706779889,466,385,322,1.176088355,1.000519705,ok
971.209582864,1,0.331150217,-1.306023091,1.497962152,0.094108676,-0.659179764,-0.242561842,0.705541883,418,331,244,1.096603005,0.923529798,ok
971.216582864,1,0.291020834,-1.300594736,1.484685737,0.094131059,-0.660922714,-0.241893627,0.704136338,394,328,257,0.964526581,0.797415220,ok
971.223582864,1,0.262090562,-1.302268283,1.465028334,0.093842472,-0.662493166,-0.241654481,0.702779843,389,320,273,0.949186513,0.780135739,ok
971.230582864,1,0.224981396,-1.296961542,1.445201208,0.093663468,-0.664330115,-0.241125351,0.701249754,386,324,264,1.054786709,0.914472077,ok
971.237582864,1,0.195627205,-1.294967037,1.422329134,0.093466642,-0.665680727,-0.241191036,0.699971457,376,306,254,1.096908082,0.928903445,ok
971.244582864,1,0.191981831,-1.309250897,1.402681672,0.092772577,-0.666915555,-0.242324983,0.698495164,317,240,187,1.280155018,1.101566258,ok
971.251582864,1,0.150321156,-1.300025055,1.390393216,0.092865818,-0.668847692,-0.241936503,0.696767847,312,265,214,1.040214527,0.883480614,ok
971.258582864,1,0.098132950,-1.284046891,1.372279380,0.093272353,-0.670434207,-0.241142416,0.695462852,305,246,200,1.151650433,0.950193396,ok
971.265582864,1,0.058213159,-1.276660980,1.365166364,0.093183346,-0.672519872,-0.240502730,0.693680274,280,245,191,0.992269341,0.869027127,ok
971.272582864,1,0.021152447,-1.271258941,1.344547624,0.092822980,-0.673980734,-0.240343219,0.692364790,273,228,201,1.009128620,0.877570774,ok
971.279582864,1,-0.017842358,-1.263420248,1.326864898,0.092816096,-0.675522298,-0.240217004,0.690905629,268,230,176,1.073266865,0.883169739,ok
971.286582864,1,-0.052094311,-1.263305205,1.313178071,0.092592857,-0.677021474,-0.240452898,0.689384429,265,224,179,0.938905155,0.812337184,ok
971.293582864,1,-0.089348154,-1.256313725,1.301908433,0.092332903,-0.679120707,-0.239661712,0.687627780,262,225,186,0.963541286,0.857304454,ok
971.300582864,1,-0.129532405,-1.248766897,1.286744213,0.092473683,-0.680872010,-0.239416912,0.685960252,256,207,162,1.070880494,0.880951849,ok
971.307582864,1,-0.164010967,-1.242827303,1.276410754,0.092344730,-0.682796246,-0.239053406,0.684189452,250,206,166,1.037627608,0.944105294,ok
971.314582864,1,-0.190177075,-1.243430792,1.257217373,0.092057003,-0.684230710,-0.239312052,0.682703146,238,199,169,0.889015189,0.799267426,ok
971.321582864,1,-0.222436605,-1.241759119,1.233092124,0.091879796,-0.685394905,-0.239467614,0.681503624,686,504,402,0.995679358,0.851199580,ok
971.328582864,1,-0.258994640,-1.240297196,1.212005946,0.091160018,-0.687230844,-0.238903154,0.679947719,626,470,362,1.132032080,0.960965336,ok
971.335582864,1,-0.295021116,-1.239572448,1.197166478,0.090954065,-0.689007185,-0.238707513,0.678244189,581,430,303,0.981318487,0.817818454,ok
971.342582864,1,-0.316469442,-1.244727279,1.168805643,0.090127759,-0.690127077,-0.238947882,0.677130353,545,422,321,1.016492053,0.902676744,ok
971.349582864,1,-0.360413491,-1.237446986,1.144593740,0.089803990,-0.691751144,-0.237871999,0.675893860,518,424,309,1.063325350,0.909653425,ok
971.356582864,1,-0.409140629,-1.230573733,1.122665394,0.089925265,-0.693168432,-0.237132572,0.674684456,498,373,285,1.024217588,0.851743695,ok
971.363582864,1,-0.443945599,-1.231452849,1.100132348,0.089692622,-0.694583745,-0.237175109,0.673243361,480,379,301,1.005549912,0.875420043,ok
971.370582864,1,-0.462298673,-1.234361645,1.080837787,0.088958952,-0.696285815,-0.236917784,0.671671298,466,366,286,1.009478149,0.873933416,ok
971.377582864,1,-0.507928594,-1.230145623,1.057457400,0.088893558,-0.697615647,-0.236304564,0.670515099,438,344,290,0.897424587,0.770374864,ok
971.384582864,1,-0.536380006,-1.229823833,1.039169696,0.088695428,-0.699290733,-0.235867086,0.668948660,423,342,284,0.919131872,0.793099363,ok
971.391582864,1,-0.571335877,-1.229243191,1.015527886,0.088558938,-0.700837794,-0.235452287,0.667492263,411,326,281,0.923342069,0.766619771,ok
971.398582864,1,-0.610211035,-1.226436891,0.988543199,0.088394641,-0.701962174,-0.234788778,0.666565618,406,336,277,1.013804246,0.845434422,ok
971.405582864,1,-0.634019716,-1.229670594,0.970245923,0.087845833,-0.703661559,-0.234288370,0.665020661,398,335,276,0.935990897,0.713710553,ok
971.412582864,1,-0.668476431,-1.229799931,0.942915488,0.087610837,-0.705015253,-0.233674926,0.663832707,394,321,298,0.942387379,0.830720653,ok
971.419582864,1,-0.694958246,-1.228719075,0.924087135,0.087921079,-0.706485174,-0.233211131,0.662390483,388,343,286,0.939583443,0.789186244,ok
971.426582864,1,-0.730549777,-1.227693299,0.904327959,0.087993328,-0.707948722,-0.232583746,0.661037505,382,326,274,0.884755737,0.706439871,ok
971.433582864,1,-0.763753889,-1.228849666,0.883605266,0.087725045,-0.709727034,-0.231794238,0.659441647,366,324,291,0.910858650,0.819026082,ok
971.440582864,1,-0.795614590,-1.228277980,0.861833253,0.087798075,-0.711353974,-0.231170585,0.657896028,362,318,267,0.889907301,0.761300825,ok
971.447582864,1,-0.828025945,-1.225492735,0.845552362,0.087958053,-0.713142028,-0.230134585,0.656300161,343,295,276,0.843921942,0.725024467,ok
971.454582864,1,-0.860532496,-1.226917120,0.821787800,0.087688346,-0.714731546,-0.229392843,0.654865249,339,290,260,0.975840523,0.801027677,ok
971.461582864,1,-0.898506539,-1.221167037,0.799313299,0.088275243,-0.716190980,-0.228445645,0.653521652,337,304,282,0.885197927,0.779930041,ok
971.468582864,1,-0.929394899,-1.218389860,0.779687238,0.088599510,-0.717826257,-0.227741643,0.651927401,336,288,265,0.844745373,0.735717065,ok
971.475582864,1,-0.970462242,-1.216707641,0.757791191,0.088826566,-0.719419282,-0.226982632,0.650403431,335,294,256,0.872674581,0.774491857,ok
971.482582864,1,-1.008293858,-1.220334917,0.726626428,0.088252726,-0.720800812,-0.226187213,0.649227996,334,288,257,0.949657975,0.865943969,ok
971.489582864,1,-1.036249321,-1.220666294,0.710249347,0.087981340,-0.722840195,-0.225248302,0.647321047,330,290,249,0.872650999,0.753482988,ok
971.496582864,1,-1.071412956,-1.215729612,0.692533900,0.088452102,-0.724403700,-0.224241464,0.645857005,326,271,246,0.946796342,0.757721112,ok
971.503582864,1,-1.104767020,-1.213656114,0.667699415,0.088526024,-0.725822679,-0.223352865,0.644560377,324,280,256,0.845297046,0.685034910,ok
971.510582864,1,-1.143468873,-1.213919228,0.646758903,0.088562756,-0.727541536,-0.222631743,0.642864728,322,284,260,0.899821858,0.762296824,ok
971.517582864,1,-1.181183714,-1.208150717,0.627456038,0.089161035,-0.729151678,-0.221363587,0.641394031,313,275,257,0.796800859,0.711285782,ok
971.524582864,1,-1.219060444,-1.206534709,0.604718924,0.089388071,-0.730711613,-0.220399366,0.639917519,309,276,248,0.910056132,0.769775227,ok
971.531582864,1,-1.246715740,-1.205429599,0.582746129,0.089693023,-0.732249853,-0.219605681,0.638387547,295,261,248,0.911412121,0.737206906,ok
971.538582864,1,-1.278536528,-1.201979209,0.573948519,0.090372612,-0.734436638,-0.218569739,0.636131185,294,261,243,0.891066337,0.758661851,ok
971.545582864,1,-1.313831259,-1.201986182,0.551369317,0.090724010,-0.735966429,-0.217820040,0.634568357,293,256,241,0.954658839,0.785800495,ok
971.552582864,1,-1.349953268,-1.199524886,0.524489253,0.090990296,-0.737459677,-0.216732033,0.633167606,289,244,233,0.936309685,0.798436730,ok
971.559582864,1,-1.377908917,-1.198931558,0.499671352,0.090875914,-0.739199219,-0.215492347,0.631576703,285,243,223,0.933586774,0.810038733,ok
971.566582864,1,-1.419824571,-1.201502105,0.479829132,0.091005846,-0.740810806,-0.214584475,0.629976817,282,245,217,0.868589439,0.703631425,ok
971.573582864,1,-1.463275778,-1.203236060,0.455572873,0.090823073,-0.742458463,-0.213513992,0.628425314,279,226,209,0.845853937,0.684691358,ok
971.580582864,1,-1.493189085,-1.205174175,0.432652483,0.090609867,-0.744085394,-0.212677711,0.626813346,279,238,212,0.921354782,0.752878044,ok
971.587582864,1,-1.528671397,-1.201527472,0.411357877,0.091055522,-0.745504078,-0.211819834,0.625351837,270,221,203,0.810322642,0.667343586,ok
971.594582864,1,-1.563807873,-1.204889185,0.385681077,0.090504657,-0.747043135,-0.211101634,0.623836165,269,231,202,0.890288751,0.744636368,ok
971.601582864,1,-1.601085256,-1.203386663,0.365282498,0.090748475,-0.748780200,-0.210418983,0.621945960,262,227,211,0.825898319,0.737564286,ok
971.608582864,1,-1.635238867,-1.203304625,0.345640776,0.090968177,-0.750209772,-0.210002138,0.620329905,255,210,185,0.865907113,0.720184529,ok
971.615582864,1,-1.672090626,-1.208571174,0.330021215,0.090384797,-0.752249269,-0.209156774,0.618227360,250,211,195,0.901428904,0.745097266,ok
971.622582864,1,-1.713315718,-1.206873078,0.302973579,0.090391883,-0.753704349,-0.208188194,0.616779327,236,198,180,0.871961073,0.720099671,ok
971.629582864,1,-1.757392894,-1.210680283,0.278470780,0.090108909,-0.755153408,-0.207496381,0.615279584,770,594,468,1.019383693,0.857274366,ok
971.636582864,1,-1.796898553,-1.212455783,0.261339128,0.090348572,-0.756658199,-0.206981871,0.613566631,717,566,458,0.959383333,0.808928036,ok
971.643582864,1,-1.837203976,-1.213588101,0.235569153,0.090227773,-0.757981964,-0.206209340,0.612209114,674,527,447,0.925976694,0.764419195,ok
971.650582864,1,-1.872995609,-1.211389316,0.207768066,0.090242600,-0.759135787,-0.205446657,0.611032570,653,520,438,0.950530548,0.793382881,ok
971.657582864,1,-1.911446399,-1.209420599,0.188734191,0.090835993,-0.760471177,-0.204854802,0.609480862,627,500,425,0.943477562,0.788767969,ok
971.664582864,1,-1.946639879,-1.208112146,0.163563144,0.091033758,-0.761724544,-0.204216068,0.608098982,604,487,399,0.889354243,0.712697620,ok
971.671582864,1,-1.985943273,-1.209214023,0.140951969,0.091177282,-0.763124868,-0.203738055,0.606479962,572,470,397,0.850451039,0.684879373,ok
971.678582864,1,-2.027005598,-1.210158399,0.115454884,0.091274608,-0.764539728,-0.203002156,0.604928157,554,451,360,0.977498570,0.791974352,ok
971.685582864,1,-2.070017882,-1.208272815,0.093452166,0.091930130,-0.765776340,-0.202440188,0.603451257,543,428,348,0.822102177,0.687297681,ok
971.692582864,1,-2.103034568,-1.205354355,0.067802309,0.092257661,-0.767006078,-0.201798045,0.602052945,525,392,362,0.899395999,0.697730461,ok
971.699582864,1,-2.146253436,-1.205632227,0.046119201,0.092611348,-0.768373700,-0.201413593,0.600381179,506,418,339,0.839236104,0.668493038,ok
971.706582864,1,-2.190603623,-1.205010522,0.022135163,0.093141667,-0.769623404,-0.200910106,0.598865240,492,398,337,0.974242719,0.793833268,ok
971.713582864,1,-2.226921519,-1.203128399,0.005179303,0.093573055,-0.770985050,-0.200465268,0.597193279,477,368,325,0.901483188,0.752470316,ok
971.720582864,1,-2.281092960,-1.201059685,-0.019505392,0.094085010,-0.772260613,-0.199925223,0.595643737,470,389,315,0.899332643,0.752374540,ok
971.727582864,1,-2.320293256,-1.203429895,-0.043978502,0.094027592,-0.773609988,-0.199269702,0.594119504,442,352,305,0.842112363,0.674462884,ok
971.734582864,1,-2.351459909,-1.207244725,-0.076552680,0.093506104,-0.774690414,-0.198624282,0.593009077,415,343,287,0.961799362,0.752023155,ok
971.741582864,1,-2.385374854,-1.207128497,-0.102490254,0.093461141,-0.775918370,-0.198058606,0.591598248,413,310,279,0.836222802,0.725408717,ok
971.748582864,1,-2.426996449,-1.205382281,-0.124297688,0.093549960,-0.777390320,-0.197319198,0.589896456,412,311,280,0.801250114,0.665278523,ok
971.755582864,1,-2.462097054,-1.211731989,-0.151321993,0.092940480,-0.778600677,-0.196647354,0.588619462,400,314,276,0.819904165,0.687091598,ok
971.762582864,1,-2.497919497,-1.208634617,-0.172999723,0.093424094,-0.779837832,-0.196099886,0.587085794,399,332,294,0.791533545,0.619836676,ok
971.769582864,1,-2.543161170,-1.209711145,-0.203060018,0.093323512,-0.781001536,-0.195651960,0.585702683,396,320,294,0.821994194,0.650982391,ok
971.776582864,1,-2.579155463,-1.213567217,-0.226122139,0.092955041,-0.782226882,-0.195242154,0.584261043,393,315,283,0.775376295,0.628301783,ok
971.783582864,1,-2.614866511,-1.218749222,-0.251087157,0.092817348,-0.783407511,-0.194998620,0.582780533,393,301,271,0.820780151,0.684109068,ok
971.790582864,1,-2.658334375,-1.217727402,-0.276268106,0.093409187,-0.784462857,-0.194725797,0.581355841,391,305,272,0.797540950,0.674651630,ok
971.797582864,1,-2.690275037,-1.217596899,-0.296706274,0.093587748,-0.785693254,-0.194453166,0.579754612,390,300,262,0.797791070,0.657882339,ok
971.804582864,1,-2.722611005,-1.218080773,-0.322683830,0.093857703,-0.786702596,-0.194244603,0.578410574,382,291,254,0.793291957,0.681221736,ok
971.811582864,1,-2.761939876,-1.221202325,-0.351292790,0.094139563,-0.787647310,-0.194287177,0.577063213,378,298,267,0.860036900,0.647593282,ok
971.818582864,1,-2.803067238,-1.222283181,-0.376794621,0.094053986,-0.788838292,-0.193913746,0.575574023,376,286,257,0.857128016,0.764330955,ok
971.825582864,1,-2.829006132,-1.225102430,-0.400010346,0.093777170,-0.789950016,-0.193619960,0.574191716,347,272,246,0.809168907,0.693992645,ok
971.832582864,1,-2.861833154,-1.225446033,-0.424452787,0.093880700,-0.791145382,-0.193320835,0.572627674,346,285,262,0.860462058,0.733195494,ok
971.839582864,1,-2.931952804,-1.228656200,-0.447149849,0.093816925,-0.792662046,-0.192845542,0.570697698,345,292,248,0.949718326,0.807505405,ok
971.846582864,1,-2.966701489,-1.229830239,-0.469766187,0.093685118,-0.793889668,-0.192331698,0.569184339,340,277,255,0.779275470,0.660454179,ok
971.853582864,1,-3.004046610,-1.232584649,-0.496317205,0.093514868,-0.795060778,-0.191898846,0.567721905,339,283,253,0.848885928,0.704583958,ok
971.860582864,1,-3.043779844,-1.232690479,-0.522448665,0.093691096,-0.796260538,-0.191560243,0.566123492,339,274,258,0.807912405,0.710755241,ok
971.867582864,1,-3.091772142,-1.232329081,-0.546404540,0.094209210,-0.797374760,-0.191218671,0.564582622,335,258,238,0.866828296,0.761118191,ok
971.874582864,1,-3.124620743,-1.234613481,-0.570387666,0.094161499,-0.798509378,-0.190890758,0.563095999,330,254,232,0.862467970,0.779218847,ok
971.881582864,1,-3.166120030,-1.230296787,-0.598929006,0.095219659,-0.799393885,-0.190867746,0.561669064,315,240,223,0.884649296,0.718610009,ok
971.888582864,1,-3.229121290,-1.233185950,-0.620404763,0.095685752,-0.800667912,-0.190631697,0.559852380,298,235,219,0.913268707,0.827330698,ok
971.895582864,1,-3.282016335,-1.235294965,-0.647169656,0.096086181,-0.801693905,-0.190590501,0.558327492,297,240,217,0.926112412,0.788959808,ok
971.902582864,1,-3.344637869,-1.235350726,-0.673477115,0.096669564,-0.802924928,-0.190419344,0.556513279,294,224,199,0.880075180,0.724091343,ok
971.909582864,1,-3.378432871,-1.236006113,-0.697703982,0.096934738,-0.804008876,-0.190265633,0.554952585,287,227,182,0.801308098,0.672225856,ok
971.916582864,1,-3.419241352,-1.235597634,-0.719644396,0.097336181,-0.805102289,-0.190026170,0.553376930,276,198,183,0.835400868,0.623950571,ok
971.923582864,1,-3.467276138,-1.235618661,-0.745672972,0.097815566,-0.806189839,-0.189854926,0.551765498,273,209,197,0.824591455,0.669364998,ok
971.930582864,1,-3.507342240,-1.236286989,-0.772716199,0.097686432,-0.807363996,-0.189503405,0.550190148,266,202,178,0.735099224,0.698927836,ok
971.937582864,1,-3.550127144,-1.239516604,-0.798728786,0.097464581,-0.808618291,-0.188915091,0.548587462,264,199,185,0.749358654,0.629505592,ok
971.944582864,1,-3.597329925,-1.240210442,-0.826585389,0.097796621,-0.809642421,-0.188515907,0.547153292,264,203,185,0.736156361,0.649846575,ok
971.951582864,1,-3.639520391,-1.240202873,-0.853532725,0.098219866,-0.810780874,-0.188107542,0.545529820,262,218,207,0.735805188,0.599383133,ok
971.958582864,1,-3.676136492,-1.243106122,-0.880645492,0.098253143,-0.811948498,-0.187527994,0.543984565,260,210,187,0.716850974,0.583307820,ok
971.965582864,1,-3.715802052,-1.243652106,-0.903424869,0.098560665,-0.813158547,-0.186936593,0.542322490,259,210,197,0.709212738,0.576618162,ok
971.972582864,1,-3.754600640,-1.242494110,-0.929854482,0.098980752,-0.814338570,-0.186203229,0.540725311,259,198,185,0.713503579,0.604314264,ok
971.979582864,1,-3.792412193,-1.245039682,-0.956542590,0.099061543,-0.815584886,-0.185412626,0.539101347,253,205,183,0.812290076,0.586539026,ok
971.986582864,1,-3.832571752,-1.245220974,-0.977859589,0.099556603,-0.816843298,-0.184782330,0.537318342,251,187,179,0.688564716,0.568353073,ok
971.993582864,1,-3.857160668,-1.250088680,-1.002407150,0.099591619,-0.817942612,-0.184242840,0.535822702,248,189,177,0.795998003,0.581273191,ok
972.000582864,1,-3.889688437,-1.252022576,-1.029039595,0.099803797,-0.819035219,-0.183761886,0.534277158,867,660,472,0.840470639,0.663011613,ok
972.007582864,1,-3.927601359,-1.253412260,-1.057333501,0.099923024,-0.820145665,-0.183246598,0.532726160,792,609,508,0.954303742,0.753920851,ok
972.014582864,1,-3.974443138,-1.255589177,-1.089552559,0.100211292,-0.821216934,-0.182710273,0.531203727,757,583,467,0.926341073,0.766134245,ok
972.021582864,1,-4.010283841,-1.256820487,-1.116389069,0.100668920,-0.822253150,-0.182312763,0.529648546,740,599,507,0.913270654,0.739266702,ok
972.028582864,1,-4.052369641,-1.258443415,-1.148282133,0.100777962,-0.823360145,-0.181809014,0.528078930,714,572,484,0.905005816,0.670310800,ok
972.035582864,1,-4.094116631,-1.261449848,-1.175248641,0.100881398,-0.824502429,-0.181251818,0.526466017,684,517,435,0.846424065,0.667345449,ok
972.042582864,1,-4.134050298,-1.265324306,-1.204935918,0.100972568,-0.825618386,-0.180828677,0.524842653,667,486,433,0.910826726,0.702502798,ok
972.049582864,1,-4.172653424,-1.268049782,-1.233221114,0.101162111,-0.826675746,-0.180438369,0.523273765,655,472,403,0.884213462,0.726027850,ok
972.056582864,1,-4.213911653,-1.274824036,-1.262129114,0.101053265,-0.827820232,-0.179993194,0.521636226,649,485,416,0.860222750,0.681588701,ok
972.063582864,1,-4.248965595,-1.278287393,-1.289846945,0.101099950,-0.828874179,-0.179472496,0.520130771,644,467,395,0.802349447,0.578873580,ok
972.070582864,1,-4.278863879,-1.283443552,-1.320488560,0.101141948,-0.829872749,-0.179135131,0.518644514,619,450,391,0.894708350,0.674460925,ok
972.077582864,1,-4.321884743,-1.287554019,-1.352959286,0.101115465,-0.830972768,-0.178678089,0.517043579,602,425,385,0.816615796,0.667994257,ok
972.084582864,1,-4.365225077,-1.292400329,-1.383612843,0.101246745,-0.832050451,-0.178198553,0.515447786,592,441,381,0.841724360,0.657653826,ok
972.091582864,1,-4.404432235,-1.292451618,-1.408175048,0.101766970,-0.833199964,-0.177674875,0.513666179,558,440,388,0.822777891,0.645593557,ok
972.098582864,1,-4.448174664,-1.297577019,-1.441333576,0.101867088,-0.834281007,-0.177213688,0.512048442,539,423,380,0.857340370,0.670308503,ok
972.105582864,1,-4.488526518,-1.298357902,-1.465149994,0.102299078,-0.835435015,-0.176672894,0.510264562,526,405,356,0.831007218,0.699256765,ok
972.112582864,1,-4.522651857,-1.300057435,-1.491305179,0.102645882,-0.836497823,-0.176220762,0.508607371,515,374,346,0.863488192,0.641885221,ok
972.119582864,1,-4.559212821,-1.303199192,-1.517727522,0.102950203,-0.837565431,-0.175867265,0.506908384,485,366,342,0.702187700,0.578891118,ok
972.126582864,1,-4.598671539,-1.305824742,-1.542545202,0.103234120,-0.838733297,-0.175367806,0.505089404,472,367,353,0.740128000,0.598376629,ok
972.133582864,1,-4.638894153,-1.308959870,-1.578802994,0.103715595,-0.839650141,-0.175013209,0.503588218,453,349,307,0.718559060,0.609197702,ok
972.140582864,1,-4.683395092,-1.311867307,-1.611737432,0.103951741,-0.840729822,-0.174609003,0.501875580,449,351,312,0.691917451,0.586541110,ok
972.147582864,1,-4.721258172,-1.315235802,-1.639631230,0.104025844,-0.841763379,-0.174281560,0.500238919,445,342,325,0.709521103,0.557875992,ok
972.154582864,1,-4.752008789,-1.317242939,-1.666247939,-0.103934182,0.842825103,0.173897557,-0.498601215,441,337,314,0.761148190,0.634514606,ok
972.161582864,1,-4.793031772,-1.318563604,-1.695889762,-0.104228773,0.843839763,0.173588507,-0.496928413,441,360,351,0.732381974,0.613273627,ok
972.168582864,1,-4.835996049,-1.320520636,-1.722931544,-0.104157932,0.845024342,0.173121303,-0.495089891,440,349,321,0.742295871,0.646549656,ok
972.175582864,1,-4.876449101,-1.320783789,-1.748186862,-0.104194676,0.846164330,0.172543108,-0.493333835,432,330,315,0.728776888,0.547862922,ok
972.182582864,1,-4.918019839,-1.321767962,-1.781482931,-0.104425676,0.847157758,0.172098509,-0.491732767,429,356,336,0.690550697,0.609179508,ok
972.189582864,1,-4.953395628,-1.325012240,-1.807624286,-0.104573957,0.848212247,0.171635652,-0.490042319,428,341,318,0.662946812,0.533313120,ok
972.196582864,1,-4.990772480,-1.331752955,-1.833713169,-0.104555794,0.849299432,0.171266235,-0.488289297,421,344,314,0.718116469,0.587116059,ok
972.203582864,1,-5.028102716,-1.337831407,-1.861258246,-0.104705349,0.850343038,0.170885679,-0.486571262,416,337,321,0.704691404,0.605383374,ok
972.210582864,1,-5.065697515,-1.343377865,-1.888201794,-0.104399969,0.851514346,0.170409639,-0.484752020,406,308,300,0.646699834,0.557562569,ok
972.217582864,1,-5.100540878,-1.346424269,-1.913673510,-0.104416909,0.852570930,0.170070191,-0.483007296,399,314,304,0.582634999,0.506143976,ok
972.224582864,1,-5.140422261,-1.349163805,-1.941255682,-0.104600539,0.853612371,0.169634794,-0.481278178,395,306,298,0.619533518,0.534504329,ok
972.231582864,1,-5.173513806,-1.351273361,-1.966147052,-0.104416474,0.854725032,0.169129266,-0.479518103,395,303,289,0.632144451,0.533639921,ok
972.238582864,1,-5.211367908,-1.352640225,-1.992235010,-0.104461562,0.855772024,0.168743664,-0.477773587,395,324,311,0.668877652,0.554484039,ok
972.245582864,1,-5.245921461,-1.354252478,-2.016024837,-0.104712145,0.856759522,0.168421033,-0.476059706,395,305,291,0.649060995,0.553232989,ok
972.252582864,1,-5.286073492,-1.358077420,-2.044578539,-0.104572633,0.857812621,0.168094661,-0.474306080,395,326,313,0.616015242,0.539379884,ok
972.259582864,1,-5.323575438,-1.361530882,-2.072485397,-0.104860012,0.858809126,0.167790284,-0.472543843,395,318,294,0.652251988,0.469689987,ok
972.266582864,1,-5.356505814,-1.365672939,-2.096283060,-0.105069540,0.859826135,0.167475384,-0.470756205,391,301,294,0.612677341,0.436555640,ok
972.273582864,1,-5.395483598,-1.368892334,-2.125072129,-0.104909133,0.860869247,0.166953426,-0.469067977,389,313,299,0.663352964,0.551843796,ok
972.280582864,1,-5.434232808,-1.371795152,-2.153684961,-0.104562936,0.861905385,0.166510667,-0.467396938,389,315,310,0.621647054,0.496797234,ok
972.287582864,1,-5.477573005,-1.369133256,-2.181607683,-0.104830062,0.862945565,0.165918649,-0.465624969,389,318,288,0.632004814,0.559599693,ok
972.294582864,1,-5.511733896,-1.373983758,-2.205449961,-0.104570524,0.864025886,0.165356142,-0.463876729,389,332,305,0.613054383,0.520540301,ok
972.301582864,1,-5.554748114,-1.376285490,-2.236709938,-0.104585213,0.865032996,0.164858984,-0.462170276,389,333,315,0.656179587,0.547450025,ok
972.308582864,1,-5.588904424,-1.381148428,-2.261743884,-0.104096354,0.866127904,0.164425834,-0.460380873,389,311,296,0.587679410,0.467554846,ok
972.315582864,1,-5.636260700,-1.383797426,-2.287243103,-0.103922185,0.867316465,0.163768717,-0.458412627,384,306,273,0.742349782,0.622733233,ok
972.322582864,1,-5.676569997,-1.386211127,-2.318436511,-0.103581853,0.868377926,0.163240000,-0.456665391,384,318,293,0.668791930,0.559575981,ok
972.329582864,1,-5.710410136,-1.389700363,-2.346365090,-0.103667253,0.869351111,0.162928835,-0.454902123,384,304,291,0.714528010,0.645543458,ok
972.336582864,1,-5.761594265,-1.393223471,-2.373966461,-0.103818227,0.870432297,0.162379684,-0.452992528,384,310,282,0.715966272,0.608285198,ok
972.343582864,1,-5.793487225,-1.393942496,-2.402840656,-0.103514438,0.871447114,0.161858559,-0.451294244,384,293,276,0.693949376,0.580255259,ok
972.350582864,1,-5.833084587,-1.397902709,-2.435474150,-0.103141989,0.872470875,0.161385925,-0.449567443,381,293,263,0.648161130,0.552875972,ok
972.357582864,1,-5.869363807,-1.401346503,-2.459817958,-0.103219177,0.873465064,0.160921932,-0.447781995,381,282,258,0.610425949,0.537832373,ok
972.364582864,1,-5.910075427,-1.403442695,-2.487288901,-0.103193464,0.874471651,0.160327313,-0.446033176,379,286,267,0.732755557,0.637337972,ok
972.371582864,1,-5.951772885,-1.404283664,-2.521217294,-0.103322197,0.875438829,0.159785393,-0.444297207,377,287,271,0.681798662,0.575465546,ok
972.378582864,1,-5.990554077,-1.408574676,-2.554778528,-0.103210594,0.876429369,0.159242896,-0.442561674,353,264,239,0.704428346,0.599693629,ok
972.385582864,1,-6.029892197,-1.409430971,-2.585006457,-0.103301431,0.877382063,0.158598964,-0.440880821,352,272,257,0.686139976,0.596531077,ok
972.392582864,1,-6.075809875,-1.407871596,-2.625402323,-0.103624504,0.878281277,0.157849350,-0.439280711,342,267,247,0.699160435,0.625544593,ok
972.399582864,1,-6.112394172,-1.408172829,-2.659967128,-0.103906126,0.879216859,0.157056059,-0.437623842,335,262,255,0.658311914,0.552974786,ok
972.406582864,1,-6.154791688,-1.409680369,-2.689591610,-0.104031564,0.880254616,0.156272761,-0.435784430,335,261,240,0.622843420,0.542896924,ok
972.413582864,1,-6.188535959,-1.412730703,-2.719904031,-0.104348700,0.881180345,0.155573355,-0.434084645,334,259,249,0.568305588,0.491873534,ok
972.420582864,1,-6.231537568,-1.409636999,-2.755069552,-0.104867665,0.882122472,0.154652749,-0.432371651,334,271,257,0.604698539,0.567291666,ok
972.427582864,1,-6.264528499,-1.414929492,-2.779732441,-0.105320353,0.883084253,0.153981772,-0.430533900,334,268,253,0.551917548,0.516090411,ok
972.434582864,1,-6.297590563,-1.417110278,-2.810991597,-0.106463954,0.883845412,0.153408985,-0.428892058,325,248,238,0.629049319,0.515930555,ok
972.441582864,1,-6.321638356,-1.424407032,-2.839651059,-0.106906434,0.884662359,0.152875368,-0.427285205,323,254,243,0.678047366,0.538390693,ok
972.448582864,1,-6.357066773,-1.429111495,-2.865428388,-0.107594568,0.885550530,0.152356693,-0.425454000,322,252,239,0.561761301,0.465324484,ok
972.455582864,1,-6.395046456,-1.435157884,-2.883297364,-0.108168744,0.886544463,0.151799461,-0.423432830,322,238,230,0.566527501,0.485815184,ok
