timestamp,success,tx,ty,tz,qx,qy,qz,qw,track_count,pnp_point_count,pnp_inlier_count,reprojection_error_mean,reprojection_error_median,pnp_rotation_step_deg,imu_rotation_step_deg,pnp_imu_rotation_error_deg,imu_rotation_consistent,imu_rejected,message,pose_source,map_point_count,map_inlier_count,local_landmark_count,map_descriptor_match_count,map_message,new_feature_count,tracking_state,reference_keyframe_id,is_keyframe,loop_candidate_count,loop_candidate_id,loop_match_count,loop_accepted,relocalized,graph_cost_before,graph_cost_after,loop_pnp_point_count,loop_inlier_count,loop_inlier_ratio,loop_reprojection_error_median,loop_pnp_message
1750921983.146057129,1,0.000000000,0.000000000,0.000000000,0.000000000,0.000000000,0.000000000,1.000000000,0,0,0,nan,nan,nan,nan,nan,0,0,initialized,initialization,0,0,0,0,,1000,TRACKING,0,1,0,-1,0,0,0,nan,nan,0,0,nan,nan,
1750921983.158057213,1,0.003347533,-0.003314747,-0.016349947,0.000732666,0.006277847,-0.000489948,0.999979906,959,480,473,0.780051322,0.686864499,0.726448525,nan,nan,0,0,ok,map,480,473,480,0,ok,41,TRACKING,0,0,0,-1,0,0,0,nan,nan,0,0,nan,nan,
1750921983.170057297,1,0.000532345,-0.005521583,-0.036961048,0.000863757,0.013140335,-0.001086720,0.999912698,967,479,458,1.032655825,0.906930574,0.789533107,0.789533107,0.000001708,1,0,ok,map,479,458,480,0,ok,33,TRACKING,0,0,0,-1,0,0,0,nan,nan,0,0,nan,nan,
1750921983.182057381,1,-0.002671421,-0.006266645,-0.058422711,0.000603781,0.019985518,-0.001882749,0.999798315,974,478,450,1.200699882,1.108334162,0.790358344,0.790358344,0.000002091,1,0,ok,map,478,450,480,0,ok,26,TRACKING,0,0,0,-1,0,0,0,nan,nan,0,0,nan,nan,
1750921983.194057465,1,-0.006069779,-0.008354419,-0.080304687,0.000446487,0.027338897,-0.002348610,0.999623364,991,476,439,1.199847626,1.089218875,0.844756710,0.844756710,0.000001708,1,0,ok,map,476,439,480,0,ok,9,TRACKING,0,0,0,-1,0,0,0,nan,nan,0,0,nan,nan,
1750921983.206057549,1,-0.007541733,-0.011093735,-0.101751584,0.000792885,0.034232457,-0.002536462,0.999410364,985,468,422,1.075316681,0.955071273,0.800469074,0.800469074,0.000002091,1,0,ok,map,468,422,480,0,ok,15,TRACKING,1,1,0,-1,0,0,0,nan,nan,0,0,nan,nan,
1750921983.218057632,1,-0.011344518,-0.011632218,-0.121459661,0.001148306,0.041344160,-0.003014707,0.999139757,962,579,546,0.845268331,0.683864477,0.818385889,0.818385889,0.000001708,1,0,ok,map,579,546,607,0,ok,38,TRACKING,1,0,0,-1,0,0,0,nan,nan,0,0,nan,nan,
1750921983.230057716,1,-0.015132718,-0.013072462,-0.140662004,0.001896550,0.048122604,-0.004116250,0.998831154,965,565,520,1.027177789,0.907722929,0.792390454,0.792390454,0.000001708,1,0,ok,map,565,520,607,0,ok,35,TRACKING,1,0,0,-1,0,0,0,nan,nan,0,0,nan,nan,
1750921983.242057800,1,-0.020702670,-0.016500722,-0.159398185,0.001400011,0.055187795,-0.003369442,0.998469326,973,553,464,1.313801137,1.245184894,0.817161918,0.817161918,0.000002700,1,0,ok,map,553,464,607,0,ok,27,TRACKING,1,0,0,-1,0,0,0,nan,nan,0,0,nan,nan,
1750921983.254057884,1,-0.024142022,-0.015202320,-0.179113761,-0.000664086,0.062815500,-0.003763436,0.998017840,963,530,441,1.301566119,1.219781244,0.908110260,0.908110260,0.000000000,1,0,ok,map,530,441,607,0,ok,37,TRACKING,1,0,0,-1,0,0,0,nan,nan,0,0,nan,nan,
1750921983.266057968,1,-0.028333984,-0.020389918,-0.198989931,0.001097093,0.069395816,-0.003895011,0.997580997,959,510,419,1.216454874,1.105494254,0.760516657,0.760516657,0.000002091,1,0,ok,map,510,419,607,0,ok,41,TRACKING,2,1,0,-1,0,0,0,nan,nan,0,0,nan,nan,
1750921983.278058052,1,-0.032499634,-0.020250065,-0.219508282,0.001008613,0.077044545,-0.004823186,0.997015475,970,613,553,0.999134568,0.821847786,0.885345059,0.885345059,0.000000000,1,0,ok,map,613,553,715,0,ok,30,TRACKING,2,0,0,-1,0,0,0,nan,nan,0,0,nan,nan,
1750921983.290058136,1,-0.038326234,-0.021936723,-0.238950752,0.001151257,0.083981481,-0.005766705,0.996449964,957,601,537,1.120320867,0.982342004,0.805014119,0.805014119,0.000001708,1,0,ok,map,601,537,715,1,ok,43,TRACKING,2,0,0,-1,0,0,0,nan,nan,0,0,nan,nan,
1750921983.302058220,1,-0.042246643,-0.023595156,-0.257557036,0.001276553,0.092018656,-0.005910210,0.995738925,968,590,507,1.223932174,1.158917261,0.924849787,0.924849787,0.000001708,1,0,ok,map,590,507,715,1,ok,32,TRACKING,2,0,0,-1,0,0,0,nan,nan,0,0,nan,nan,
1750921983.314058304,1,-0.049496364,-0.024465380,-0.278578193,0.000788293,0.098318645,-0.007450931,0.995126779,975,583,494,1.281882183,1.169326609,0.748599158,0.748599158,0.000002091,1,0,ok,map,583,494,715,0,ok,25,TRACKING,2,0,0,-1,0,0,0,nan,nan,0,0,nan,nan,
1750921983.326058388,1,-0.053866498,-0.028149520,-0.300281409,0.001440538,0.106764750,-0.006271903,0.994263484,963,571,476,1.272611323,1.144770346,0.960422758,0.960422758,0.000001708,1,0,ok,map,571,476,715,0,ok,37,TRACKING,3,1,0,-1,0,0,0,nan,nan,0,0,nan,nan,
1750921983.338058472,1,-0.060962141,-0.029715693,-0.317215642,0.001499841,0.113388373,-0.007636228,0.993520264,974,639,560,1.106251715,0.977029876,0.779642434,0.779642434,0.000000000,1,0,ok,map,639,560,793,0,ok,26,TRACKING,3,0,0,-1,0,0,0,nan,nan,0,0,nan,nan,
1750921983.350058556,1,-0.067318494,-0.030307314,-0.337050892,0.000803099,0.121534362,-0.006231360,0.992567340,970,626,542,1.215511137,1.068747198,0.956854702,0.956854702,0.000001207,1,0,ok,map,626,542,793,0,ok,30,TRACKING,3,0,0,-1,0,0,0,nan,nan,0,0,nan,nan,
1750921983.362058640,1,-0.074435227,-0.030623653,-0.357100976,0.000134525,0.128665307,-0.007660736,0.991658476,955,609,511,1.332595692,1.240471402,0.843371766,0.843371766,0.000001708,1,0,ok,map,609,511,793,0,ok,45,TRACKING,3,0,0,-1,0,0,0,nan,nan,0,0,nan,nan,
1750921983.374058723,1,-0.081526684,-0.030438601,-0.375485167,0.000430884,0.135917939,-0.007834772,0.990689025,955,581,481,1.382571743,1.255540814,0.839408539,0.839408539,0.000001708,1,0,ok,map,581,481,793,0,ok,45,TRACKING,3,0,0,-1,0,0,0,nan,nan,0,0,nan,nan,
1750921983.386058807,1,-0.087088116,-0.034155177,-0.394391806,0.002989174,0.144274751,-0.007094853,0.989507718,957,568,459,1.336934599,1.222993013,0.955832874,0.955832874,0.000001708,1,0,ok,map,568,459,793,0,ok,43,TRACKING,4,1,0,-1,0,0,0,nan,nan,0,0,nan,nan,
1750921983.398058891,1,-0.094708184,-0.036479349,-0.411766378,0.004540212,0.151405769,-0.007829698,0.988430258,954,641,567,1.209328515,1.084223005,0.849511546,0.849511546,0.000001708,1,0,ok,map,641,567,887,0,ok,46,TRACKING,4,0,0,-1,0,0,0,nan,nan,0,0,nan,nan,
1750921983.410058975,1,-0.102650609,-0.038692041,-0.430992701,0.003528819,0.158797579,-0.009138234,0.987262563,965,627,510,1.384676877,1.341506859,0.878236719,0.878236719,0.000002415,1,0,ok,map,627,510,887,0,ok,35,TRACKING,4,0,0,-1,0,0,0,nan,nan,0,0,nan,nan,
1750921983.422059059,1,-0.111173223,-0.040197504,-0.449389909,0.001200477,0.165898169,-0.009162089,0.986099596,953,593,475,1.444690157,1.379185935,0.866609826,0.866609826,0.000002091,1,0,ok,map,593,475,887,0,ok,47,TRACKING,4,0,0,-1,0,0,0,nan,nan,0,0,nan,nan,
1750921983.434059143,1,-0.118483951,-0.039609688,-0.467561770,-0.000923610,0.173684727,-0.008846489,0.984761140,967,572,448,1.443990085,1.370042314,0.938208074,0.938208074,0.000002415,1,0,ok,map,572,448,887,0,ok,33,TRACKING,4,0,0,-1,0,0,0,nan,nan,0,0,nan,nan,
1750921983.446059227,1,-0.126910495,-0.043797392,-0.488537806,0.000821170,0.181267480,-0.008110291,0.983400046,954,548,424,1.383559401,1.321103743,0.850237029,0.850237029,0.000001207,1,0,ok,map,548,424,887,0,ok,46,TRACKING,5,1,0,-1,0,0,0,nan,nan,0,0,nan,nan,
1750921983.458059311,1,-0.135255027,-0.043302207,-0.505897962,0.001049761,0.189128117,-0.008159250,0.981917960,962,564,469,1.206913026,1.095273487,0.917027413,0.917027413,0.000001207,1,0,ok,map,564,469,857,0,ok,38,TRACKING,5,0,0,-1,0,0,0,nan,nan,0,0,nan,nan,
1750921983.470059395,1,-0.144049836,-0.045105621,-0.521840119,0.001882919,0.196150980,-0.008661215,0.980533646,953,544,453,1.301295576,1.187792225,0.827786416,0.827786416,0.000001207,1,0,ok,map,544,453,857,0,ok,47,TRACKING,5,0,0,-1,0,0,0,nan,nan,0,0,nan,nan,
1750921983.482059479,1,-0.152553602,-0.045094691,-0.540581388,0.001973807,0.203874011,-0.009079166,0.978953043,962,522,430,1.320481154,1.212325258,0.904669623,0.904669623,0.000001708,1,0,ok,map,522,430,857,0,ok,38,TRACKING,5,0,0,-1,0,0,0,nan,nan,0,0,nan,nan,
1750921983.494059563,1,-0.162759033,-0.046850416,-0.558868857,0.001693494,0.210678619,-0.009865649,0.977504128,944,502,401,1.334547627,1.242970287,0.802953851,0.802953851,0.000002091,1,0,ok,map,502,401,857,0,ok,56,TRACKING,5,0,0,-1,0,0,0,nan,nan,0,0,nan,nan,
1750921983.506059647,1,-0.169862127,-0.049967530,-0.576304134,0.002071385,0.218530119,-0.009165042,0.975784965,951,479,386,1.257111707,1.172809649,0.884053403,0.884053403,0.000001207,1,0,ok,map,479,386,857,0,ok,49,TRACKING,6,1,0,-1,0,0,0,nan,nan,0,0,nan,nan,
1750921983.518059731,1,-0.180288463,-0.049889818,-0.593222271,0.001832146,0.225579322,-0.009988869,0.974171872,965,522,452,1.076875300,0.909150718,0.834471177,0.834471177,0.000001708,1,0,ok,map,522,452,826,0,ok,35,TRACKING,6,0,0,-1,0,0,0,nan,nan,0,0,nan,nan,
1750921983.530059814,1,-0.190543250,-0.050558622,-0.610543774,0.002373002,0.232847133,-0.010222686,0.972456723,982,519,437,1.177565491,1.024961581,0.858368577,0.858368577,0.000002415,1,0,ok,map,519,437,826,0,ok,18,TRACKING,6,0,0,-1,0,0,0,nan,nan,0,0,nan,nan,
1750921983.542059898,1,-0.200776410,-0.050458345,-0.628179298,0.002627262,0.239779652,-0.010787974,0.970763841,973,517,424,1.224207697,1.113459624,0.820831486,0.820831486,0.000001708,1,0,ok,map,517,424,826,0,ok,27,TRACKING,6,0,0,-1,0,0,0,nan,nan,0,0,nan,nan,
1750921983.554059982,1,-0.212035720,-0.053045789,-0.645452180,0.003512047,0.246947284,-0.011136056,0.968958561,979,516,416,1.216835462,1.093791505,0.853981988,0.853981988,0.000002091,1,0,ok,map,516,416,826,0,ok,21,TRACKING,6,0,0,-1,0,0,0,nan,nan,0,0,nan,nan,
1750921983.566060066,1,-0.220896998,-0.055221324,-0.663297111,0.004580745,0.254439850,-0.010784133,0.967017622,977,514,414,1.233684973,1.155244425,0.834205633,0.834205633,0.000001708,1,0,ok,map,514,414,826,0,ok,23,TRACKING,7,1,0,-1,0,0,0,nan,nan,0,0,nan,nan,
1750921983.578060150,1,-0.231739953,-0.057008145,-0.678973852,0.004696153,0.261175041,-0.011895461,0.965206735,974,549,459,1.064567552,0.899069097,0.809398465,0.809398465,0.000000000,1,0,ok,map,549,459,772,0,ok,26,TRACKING,7,0,0,-1,0,0,0,nan,nan,0,0,nan,nan,
1750921983.590060234,1,-0.244387876,-0.057754857,-0.695868049,0.004080157,0.268091820,-0.011603274,0.963314846,966,546,443,1.151363727,1.043325378,0.825426109,0.825426109,0.000001708,1,0,ok,map,546,443,772,0,ok,34,TRACKING,7,0,0,-1,0,0,0,nan,nan,0,0,nan,nan,
1750921983.602060318,1,-0.256586496,-0.057677689,-0.712618298,0.003320750,0.274772398,-0.011492989,0.961434872,976,543,429,1.230735429,1.119911705,0.800120614,0.800120614,0.000002415,1,0,ok,map,543,429,772,0,ok,24,TRACKING,7,0,0,-1,0,0,0,nan,nan,0,0,nan,nan,
1750921983.614060402,1,-0.266742190,-0.056821348,-0.726538463,0.003879003,0.281680569,-0.011327389,0.959433531,945,525,394,1.333382156,1.225790822,0.826867609,0.826867609,0.000001708,1,0,ok,map,525,394,772,1,ok,55,TRACKING,7,0,0,-1,0,0,0,nan,nan,0,0,nan,nan,
1750921983.626060486,1,-0.278277474,-0.061568022,-0.744057752,0.006688473,0.288961279,-0.011434585,0.957249128,935,496,374,1.404996125,1.298494365,0.823564774,0.823564774,0.000001708,1,0,ok,map,496,374,772,0,ok,65,TRACKING,8,1,0,-1,0,0,0,nan,nan,0,0,nan,nan,
1750921983.638060570,1,-0.290880863,-0.060587964,-0.760283123,0.006184563,0.295638369,-0.012209845,0.955201877,965,542,441,1.086492905,0.913354856,0.807280484,0.807280484,0.000002415,1,0,ok,map,542,441,743,0,ok,35,TRACKING,8,0,0,-1,0,0,0,nan,nan,0,0,nan,nan,
1750921983.650060654,1,-0.303305257,-0.062010417,-0.776337332,0.006706467,0.302335729,-0.012949980,0.953089937,972,540,431,1.167576001,1.028770025,0.811380322,0.811380322,0.000001207,1,0,ok,map,540,431,743,0,ok,28,TRACKING,8,0,0,-1,0,0,0,nan,nan,0,0,nan,nan,
1750921983.662060738,1,-0.317245058,-0.063848052,-0.791586555,0.006322735,0.308882082,-0.013775892,0.950979551,974,537,407,1.205600187,1.100955073,0.795054358,0.795054358,0.000001207,1,0,ok,map,537,407,743,0,ok,26,TRACKING,8,0,0,-1,0,0,0,nan,nan,0,0,nan,nan,
1750921983.674060822,1,-0.327660875,-0.064788697,-0.804407038,0.004758900,0.315637445,-0.014003363,0.948764598,984,528,396,1.258715858,1.176373229,0.834542174,0.834542174,0.000001207,1,0,ok,map,528,396,743,0,ok,16,TRACKING,8,0,0,-1,0,0,0,nan,nan,0,0,nan,nan,
1750921983.686060905,1,-0.341767317,-0.063263353,-0.822297452,0.004059700,0.321592177,-0.013256503,0.946776772,972,525,378,1.305710206,1.212774592,0.791653319,0.791653319,0.000002091,1,0,ok,map,525,378,743,0,ok,28,TRACKING,9,1,0,-1,0,0,0,nan,nan,0,0,nan,nan,
1750921983.698060989,1,-0.354470765,-0.064405227,-0.835454031,0.005788073,0.328435429,-0.013330926,0.944414609,969,565,447,1.179142182,1.016290926,0.852941344,0.852941344,0.000002091,1,0,ok,map,565,447,659,0,ok,31,TRACKING,9,0,0,-1,0,0,0,nan,nan,0,0,nan,nan,
1750921983.710061073,1,-0.367811391,-0.064741076,-0.849478850,0.006463773,0.335009981,-0.013954433,0.942089065,971,562,434,1.226297453,1.119627008,0.806047308,0.806047308,0.000002091,1,0,ok,map,562,434,659,0,ok,29,TRACKING,9,0,0,-1,0,0,0,nan,nan,0,0,nan,nan,
1750921983.722061157,1,-0.382839310,-0.065088129,-0.864394903,0.006745147,0.341517563,-0.014751588,0.939735414,968,557,427,1.302352886,1.227186737,0.798885868,0.798885868,0.000002415,1,0,ok,map,557,427,659,0,ok,32,TRACKING,9,0,0,-1,0,0,0,nan,nan,0,0,nan,nan,
1750921983.734061241,1,-0.397201022,-0.065475252,-0.878420780,0.006814045,0.347673690,-0.015227604,0.937467170,967,549,417,1.359944270,1.309165275,0.753820191,0.753820191,0.000001708,1,0,ok,map,549,417,659,0,ok,33,TRACKING,9,0,0,-1,0,0,0,nan,nan,0,0,nan,nan,
1750921983.746061325,1,-0.410301143,-0.067569606,-0.891810860,0.007702013,0.353806384,-0.014684329,0.935171691,871,514,397,1.356476139,1.290784079,0.808513805,0.808513805,0.000001207,1,0,ok,map,514,397,659,1,ok,129,TRACKING,10,1,0,-1,0,0,0,nan,nan,0,0,nan,nan,
1750921983.758061409,1,-0.424589264,-0.066977962,-0.904704792,0.007866097,0.360408172,-0.014144792,0.932654276,931,540,442,1.217326793,1.082427330,0.812220817,0.812220817,0.000002415,1,0,ok,map,540,442,643,0,ok,69,TRACKING,10,0,0,-1,0,0,0,nan,nan,0,0,nan,nan,
1750921983.770061493,1,-0.438255177,-0.068945502,-0.917415291,0.008380289,0.366670650,-0.015581069,0.930182582,970,538,434,1.292573900,1.169847594,0.791058445,0.791058445,0.000002091,1,0,ok,map,538,434,643,0,ok,30,TRACKING,10,0,0,-1,0,0,0,nan,nan,0,0,nan,nan,
1750921983.782061577,1,-0.453869101,-0.069279518,-0.930780706,0.007281264,0.372805074,-0.016364023,0.927736805,988,538,419,1.337240117,1.192495929,0.772401745,0.772401745,0.000001708,1,0,ok,map,538,419,643,0,ok,12,TRACKING,10,0,0,-1,0,0,0,nan,nan,0,0,nan,nan,
1750921983.794061661,1,-0.469241853,-0.067270533,-0.942504886,0.006639234,0.379074392,-0.016333435,0.925198219,973,536,397,1.386331686,1.335404910,0.778565774,0.778565774,0.000001708,1,0,ok,map,536,397,643,0,ok,27,TRACKING,10,0,0,-1,0,0,0,nan,nan,0,0,nan,nan,
1750921983.806061745,1,-0.488235233,-0.068486058,-0.962811067,0.009909625,0.386128131,-0.015654291,0.922259079,962,529,387,1.381955181,1.259674599,0.844669132,0.844669132,0.000001708,1,0,ok,map,529,387,643,0,ok,38,TRACKING,11,1,0,-1,0,0,0,nan,nan,0,0,nan,nan,
1750921983.818061829,1,-0.502120437,-0.068402794,-0.973028835,0.010683307,0.392426249,-0.015592575,0.919589244,973,585,472,1.240055516,1.119039278,0.788910194,0.788910194,0.000001207,1,0,ok,map,585,472,689,0,ok,27,TRACKING,11,0,0,-1,0,0,0,nan,nan,0,0,nan,nan,
1750921983.830061913,1,-0.519184574,-0.068882257,-0.985955270,0.010126760,0.398252899,-0.015811111,0.917083467,976,578,460,1.277212284,1.183746263,0.730033731,0.730033731,0.000001708,1,0,ok,map,578,460,689,0,ok,24,TRACKING,11,0,0,-1,0,0,0,nan,nan,0,0,nan,nan,
1750921983.842061996,1,-0.535772002,-0.069571993,-0.998860593,0.009311615,0.404333262,-0.015990090,0.914424531,970,571,454,1.357912797,1.296221943,0.766457477,0.766457477,0.000001708,1,0,ok,map,571,454,689,0,ok,30,TRACKING,11,0,0,-1,0,0,0,nan,nan,0,0,nan,nan,
1750921983.854062080,1,-0.552416268,-0.070187823,-1.010149097,0.008971785,0.410122180,-0.016220398,0.911842203,961,569,438,1.391692877,1.308937297,0.727892306,0.727892306,0.000001708,1,0,ok,map,569,438,689,0,ok,39,TRACKING,11,0,0,-1,0,0,0,nan,nan,0,0,nan,nan,
1750921983.866062164,1,-0.571880593,-0.068742712,-1.030440343,0.009841290,0.417026766,-0.015622533,0.908706642,904,567,424,1.354606144,1.254611489,0.778243758,0.778243758,0.000001708,1,0,ok,map,567,424,689,0,ok,96,TRACKING,12,1,0,-1,0,0,0,nan,nan,0,0,nan,nan,
1750921983.878062248,1,-0.588803493,-0.070323571,-1.041802061,0.010437178,0.422619063,-0.016740292,0.906092686,960,629,502,1.137020493,0.965610448,0.722119137,0.722119137,0.000001708,1,0,ok,map,629,502,689,0,ok,40,TRACKING,12,0,0,-1,0,0,0,nan,nan,0,0,nan,nan,
1750921983.890062332,1,-0.604696956,-0.070566585,-1.052437992,0.010533521,0.428418604,-0.016585777,0.903366735,964,626,490,1.175948802,0.994119848,0.734627342,0.734627342,0.000001708,1,0,ok,map,626,490,689,0,ok,36,TRACKING,12,0,0,-1,0,0,0,nan,nan,0,0,nan,nan,
1750921983.902062416,1,-0.623698919,-0.071949684,-1.063764817,0.010387232,0.434208794,-0.016164441,0.900607317,983,626,471,1.278659181,1.148389650,0.736777925,0.736777925,0.000001708,1,0,ok,map,626,471,689,0,ok,17,TRACKING,12,0,0,-1,0,0,0,nan,nan,0,0,nan,nan,
1750921983.914062500,1,-0.641799996,-0.069630317,-1.075559130,0.009033927,0.439661255,-0.015642921,0.897981998,965,621,462,1.284598021,1.138065171,0.713098146,0.713098146,0.000001708,1,0,ok,map,621,462,689,0,ok,35,TRACKING,12,0,0,-1,0,0,0,nan,nan,0,0,nan,nan,
1750921983.926062584,1,-0.656181169,-0.069204490,-1.085635401,0.009820420,0.445734588,-0.016019514,0.894967939,980,618,435,1.358433547,1.247031179,0.783344550,0.783344550,0.000000000,1,0,ok,map,618,435,689,0,ok,20,TRACKING,12,0,0,-1,0,0,0,nan,nan,0,0,nan,nan,
1750921983.938062668,1,-0.672345727,-0.069084800,-1.093742524,0.011026004,0.450827658,-0.017719517,0.892367003,977,615,436,1.424420839,1.334592404,0.697483206,0.697483206,0.000001708,1,0,ok,map,615,436,689,0,ok,23,TRACKING,12,0,0,-1,0,0,0,nan,nan,0,0,nan,nan,
1750921983.950062752,1,-0.692596867,-0.070643369,-1.106399092,0.012590498,0.456390079,-0.018706733,0.889494032,956,606,407,1.369203049,1.237146573,0.748072073,0.748072073,0.000002091,1,0,ok,map,606,407,689,0,ok,44,TRACKING,12,0,0,-1,0,0,0,nan,nan,0,0,nan,nan,
1750921983.962062836,1,-0.705524324,-0.071543069,-1.113499004,0.012480678,0.461996944,-0.018122989,0.886608490,975,600,402,1.393957091,1.340076756,0.725792933,0.725792933,0.000001708,1,0,ok,map,600,402,689,0,ok,25,TRACKING,12,0,0,-1,0,0,0,nan,nan,0,0,nan,nan,
1750921983.974062920,1,-0.723186745,-0.071591291,-1.122486773,0.012040791,0.467593578,-0.017237111,0.883693469,965,592,386,1.507715890,1.458998946,0.731934986,0.731934986,0.000001708,1,0,ok,map,592,386,689,0,ok,35,TRACKING,12,0,0,-1,0,0,0,nan,nan,0,0,nan,nan,
1750921983.986063004,1,-0.746864558,-0.069860904,-1.143747309,0.010092036,0.474205830,-0.017116177,0.880189762,961,577,357,1.523078972,1.480048669,0.712289702,0.712289702,0.000002091,1,0,ok,map,577,357,689,0,ok,39,TRACKING,13,1,0,-1,0,0,0,nan,nan,0,0,nan,nan,
1750921983.998063087,1,-0.764261973,-0.069236100,-1.151715209,0.009943982,0.479507571,-0.018119201,0.877294307,969,619,442,1.202082204,1.019730991,0.701916193,0.701916193,0.000000000,1,0,ok,map,619,442,714,0,ok,31,TRACKING,13,0,0,-1,0,0,0,nan,nan,0,0,nan,nan,
1750921984.010063171,1,-0.782315165,-0.070638200,-1.161774569,0.011230372,0.484896002,-0.019110112,0.874290884,951,603,431,1.186539706,1.030299597,0.730987930,0.730987930,0.000002091,1,0,ok,map,603,431,714,0,ok,49,TRACKING,13,0,0,-1,0,0,0,nan,nan,0,0,nan,nan,
1750921984.022063255,1,-0.801837659,-0.070947612,-1.170905864,0.011094451,0.490291774,-0.019187459,0.871276495,974,594,418,1.223524682,1.116719778,0.708482456,0.708482456,0.000001708,1,0,ok,map,594,418,714,0,ok,26,TRACKING,13,0,0,-1,0,0,0,nan,nan,0,0,nan,nan,
1750921984.034063339,1,-0.822756333,-0.071835115,-1.180619425,0.010763611,0.495382265,-0.018863972,0.868403539,983,589,409,1.297032088,1.188945076,0.671912847,0.671912847,0.000001207,1,0,ok,map,589,409,714,0,ok,17,TRACKING,13,0,0,-1,0,0,0,nan,nan,0,0,nan,nan,
1750921984.046063423,1,-0.838475197,-0.071375179,-1.187124150,0.009870536,0.500697429,-0.017857038,0.865381871,968,574,391,1.293436566,1.181608781,0.717393215,0.717393215,0.000001207,1,0,ok,map,574,391,714,0,ok,32,TRACKING,13,0,0,-1,0,0,0,nan,nan,0,0,nan,nan,
1750921984.058063507,1,-0.862966830,-0.068380225,-1.207240496,0.008918501,0.507373713,-0.018162688,0.861488533,963,556,376,1.259753688,1.151591237,0.673399979,0.673399979,0.000002415,1,0,ok,map,556,376,714,0,ok,37,TRACKING,14,1,0,-1,0,0,0,nan,nan,0,0,nan,nan,
1750921984.070063591,1,-0.880340132,-0.068318392,-1.214784595,0.008923587,0.512508329,-0.018790177,0.858430260,979,593,457,1.091335522,0.913088399,0.688610425,0.688610425,0.000001708,1,0,ok,map,593,457,694,0,ok,21,TRACKING,14,0,0,-1,0,0,0,nan,nan,0,0,nan,nan,
1750921984.082063675,1,-0.898471032,-0.068120021,-1.222855011,0.009306269,0.517478430,-0.019739229,0.855417927,968,588,451,1.138356049,0.983307858,0.676219336,0.676219336,0.000002091,1,0,ok,map,588,451,694,0,ok,32,TRACKING,14,0,0,-1,0,0,0,nan,nan,0,0,nan,nan,
1750921984.094063759,1,-0.920613809,-0.068606555,-1.231547248,0.009953065,0.522689827,-0.019920321,0.852232047,984,588,436,1.176644787,1.016784498,0.704153181,0.704153181,0.000002700,1,0,ok,map,588,436,694,0,ok,16,TRACKING,14,0,0,-1,0,0,0,nan,nan,0,0,nan,nan,
1750921984.106063843,1,-0.936283233,-0.070612572,-1.237572716,0.009725039,0.527772762,-0.020708903,0.849077427,951,582,430,1.203867596,1.025473102,0.691945417,0.691945417,0.000001708,1,0,ok,map,582,430,694,0,ok,49,TRACKING,14,0,0,-1,0,0,0,nan,nan,0,0,nan,nan,
1750921984.118063927,1,-0.957641313,-0.069608190,-1.245446386,0.008818982,0.533058028,-0.020318574,0.845788697,969,582,418,1.271073038,1.107432362,0.722228779,0.722228779,0.000002415,1,0,ok,map,582,418,694,0,ok,31,TRACKING,14,0,0,-1,0,0,0,nan,nan,0,0,nan,nan,
1750921984.130064011,1,-0.975623528,-0.068675318,-1.251938245,0.008523483,0.537822920,-0.020892846,0.842755804,962,577,400,1.252763444,1.128353968,0.651459087,0.651459087,0.000001708,1,0,ok,map,577,400,694,0,ok,38,TRACKING,14,0,0,-1,0,0,0,nan,nan,0,0,nan,nan,
1750921984.142064095,1,-0.998542553,-0.066756047,-1.267396001,0.008864657,0.545047206,-0.021191377,0.838090620,943,570,389,1.353682981,1.228349689,0.720562701,0.720562701,0.000001708,1,0,ok,map,570,389,694,0,ok,57,TRACKING,15,1,0,-1,0,0,0,nan,nan,0,0,nan,nan,
1750921984.154064178,1,-1.014439902,-0.066340454,-1.272844193,0.009713578,0.549807491,-0.022162148,0.834940841,940,622,463,1.065607774,0.894724388,0.670576879,0.670576879,0.000002091,1,0,ok,map,622,463,731,0,ok,60,TRACKING,15,0,0,-1,0,0,0,nan,nan,0,0,nan,nan,
1750921984.166064262,1,-1.038641135,-0.066777187,-1.280089797,0.009776256,0.555033563,-0.022314287,0.831471131,982,621,457,1.167218390,1.003730235,0.719082960,0.719082960,0.000002091,1,0,ok,map,621,457,731,0,ok,18,TRACKING,15,0,0,-1,0,0,0,nan,nan,0,0,nan,nan,
1750921984.178064346,1,-1.056786169,-0.066607369,-1.286291603,0.009628159,0.560180230,-0.021851522,0.828026521,970,615,452,1.218051056,1.055208252,0.711849995,0.711849995,0.000002091,1,0,ok,map,615,452,731,0,ok,30,TRACKING,15,0,0,-1,0,0,0,nan,nan,0,0,nan,nan,
1750921984.190064430,1,-1.076723243,-0.067846581,-1.292588520,0.009604856,0.564899342,-0.022809852,0.824788573,966,599,435,1.218203183,1.104019014,0.664960501,0.664960501,0.000002091,1,0,ok,map,599,435,731,0,ok,34,TRACKING,15,0,0,-1,0,0,0,nan,nan,0,0,nan,nan,
1750921984.202064514,1,-1.095093873,-0.068146654,-1.297691476,0.008872888,0.569716483,-0.023192155,0.821466083,971,588,420,1.254654989,1.151254665,0.677213966,0.677213966,0.000002415,1,0,ok,map,588,420,731,0,ok,29,TRACKING,15,0,0,-1,0,0,0,nan,nan,0,0,nan,nan,
1750921984.214064598,1,-1.121219767,-0.065626598,-1.313236498,0.007776471,0.577002090,-0.022947778,0.816383191,977,580,397,1.252051926,1.125795422,0.688004319,0.688004319,0.000002091,1,0,ok,map,580,397,731,0,ok,23,TRACKING,16,1,0,-1,0,0,0,nan,nan,0,0,nan,nan,
1750921984.226064682,1,-1.139249756,-0.065597043,-1.317108992,0.008020601,0.581911576,-0.022707102,0.812895427,972,616,449,1.068753256,0.885573901,0.691217814,0.691217814,0.000002091,1,0,ok,map,616,449,726,0,ok,28,TRACKING,16,0,0,-1,0,0,0,nan,nan,0,0,nan,nan,
1750921984.238064766,1,-1.159612038,-0.066428754,-1.322047685,0.008725233,0.586747784,-0.022634246,0.809406325,968,612,446,1.153878050,0.968165594,0.688166534,0.688166534,0.000001708,1,0,ok,map,612,446,726,0,ok,32,TRACKING,16,0,0,-1,0,0,0,nan,nan,0,0,nan,nan,
1750921984.250064850,1,-1.180972100,-0.066388565,-1.326956048,0.008203207,0.591427265,-0.023348363,0.805978506,957,607,437,1.190753718,1.038306013,0.672390481,0.672390481,0.000000000,1,0,ok,map,607,437,726,0,ok,43,TRACKING,16,0,0,-1,0,0,0,nan,nan,0,0,nan,nan,
1750921984.262064934,1,-1.201260534,-0.068010166,-1.331371386,0.007390240,0.596041537,-0.024269428,0.802552718,959,599,426,1.185733027,0.998741112,0.673432870,0.673432870,0.000001708,1,0,ok,map,599,426,726,0,ok,41,TRACKING,16,0,0,-1,0,0,0,nan,nan,0,0,nan,nan,
1750921984.274065018,1,-1.218396622,-0.071108789,-1.328478785,0.007163374,0.601065079,-0.023039840,0.798835792,951,578,409,1.254033608,1.162549697,0.715868796,0.715868796,0.000002091,1,0,ok,map,578,409,726,0,ok,49,TRACKING,17,1,0,-1,0,0,0,nan,nan,0,0,nan,nan,
1750921984.286065102,1,-1.239252839,-0.071387134,-1.332088448,0.007608326,0.605783828,-0.023079067,0.795258086,958,674,542,1.006282843,0.856356957,0.680506023,0.680506023,0.000001708,1,0,ok,map,674,542,780,0,ok,42,TRACKING,17,0,0,-1,0,0,0,nan,nan,0,0,nan,nan,
1750921984.298065186,1,-1.258970953,-0.073230098,-1.335828487,0.007881603,0.610526444,-0.023230302,0.791615875,971,663,526,1.169701920,1.051717950,0.686170681,0.686170681,0.000001207,1,0,ok,map,663,526,780,0,ok,29,TRACKING,17,0,0,-1,0,0,0,nan,nan,0,0,nan,nan,
1750921984.310065269,1,-1.279896539,-0.073891356,-1.339581015,0.006595432,0.615128173,-0.023600831,0.788046211,978,658,510,1.156430970,1.019835125,0.684774883,0.684774883,0.000002091,1,0,ok,map,658,510,780,0,ok,22,TRACKING,17,0,0,-1,0,0,0,nan,nan,0,0,nan,nan,
1750921984.322065353,1,-1.300648923,-0.071240929,-1.342181779,0.005567197,0.620044645,-0.022567349,0.784222136,976,653,480,1.239797631,1.129398396,0.733034414,0.733034414,0.000001708,1,0,ok,map,653,480,780,1,ok,24,TRACKING,17,0,0,-1,0,0,0,nan,nan,0,0,nan,nan,
1750921984.334065437,1,-1.317917701,-0.069065496,-1.344351290,0.006316117,0.624656697,-0.023580376,0.780517830,980,646,456,1.292801912,1.150533784,0.693066946,0.693066946,0.000001207,1,0,ok,map,646,456,780,0,ok,20,TRACKING,17,0,0,-1,0,0,0,nan,nan,0,0,nan,nan,
1750921984.346065521,1,-1.339013858,-0.072217306,-1.347670972,0.009028891,0.629353689,-0.025496986,0.776648129,963,640,440,1.217311949,1.090900192,0.794484507,0.794484507,0.000002700,1,0,ok,map,640,440,780,0,ok,37,TRACKING,17,0,0,-1,0,0,0,nan,nan,0,0,nan,nan,
1750921984.358065605,1,-1.353586489,-0.072186033,-1.350686867,0.009789713,0.634025678,-0.025208143,0.772839020,971,634,425,1.250099364,1.076942077,0.697025573,0.697025573,0.000002091,1,0,ok,map,634,425,780,1,ok,29,TRACKING,17,0,0,-1,0,0,0,nan,nan,0,0,nan,nan,
1750921984.370065689,1,-1.375259498,-0.072865508,-1.353829076,0.008767079,0.638894216,-0.024096424,0.768867141,950,610,399,1.258604976,1.154730010,0.740516210,0.740516210,0.000001708,1,0,ok,map,610,399,780,0,ok,50,TRACKING,17,0,0,-1,0,0,0,nan,nan,0,0,nan,nan,
1750921984.382065773,1,-1.392700569,-0.072835062,-1.356269236,0.007325626,0.643497290,-0.024078846,0.765034498,982,607,388,1.255935409,1.175262581,0.705977561,0.705977561,0.000001207,1,0,ok,map,607,388,780,0,ok,18,TRACKING,17,0,0,-1,0,0,0,nan,nan,0,0,nan,nan,
1750921984.394065857,1,-1.413786196,-0.071514112,-1.357634923,0.005878198,0.647959506,-0.024821813,0.761247530,970,597,383,1.298735045,1.174971228,0.696087444,0.696087444,0.000002415,1,0,ok,map,597,383,780,0,ok,30,TRACKING,17,0,0,-1,0,0,0,nan,nan,0,0,nan,nan,
1750921984.406065941,1,-1.432591173,-0.074936695,-1.351846137,0.006529721,0.652423747,-0.024616354,0.757426334,951,581,372,1.336818087,1.240886460,0.736535275,0.736535275,0.000001207,1,0,ok,map,581,372,780,0,ok,49,TRACKING,18,1,0,-1,0,0,0,nan,nan,0,0,nan,nan,
1750921984.418066025,1,-1.450473707,-0.074536470,-1.351990048,0.008109619,0.657220699,-0.025139262,0.753235159,948,693,513,1.090339146,0.921300512,0.754447379,0.754447379,0.000001708,1,0,ok,map,693,513,859,0,ok,52,TRACKING,18,0,0,-1,0,0,0,nan,nan,0,0,nan,nan,
1750921984.430066109,1,-1.471594986,-0.075174946,-1.352434324,0.009728016,0.662013232,-0.026000067,0.748977865,955,682,486,1.217133150,1.111112416,0.764019723,0.764019723,0.000001207,1,0,ok,map,682,486,859,0,ok,45,TRACKING,18,0,0,-1,0,0,0,nan,nan,0,0,nan,nan,
1750921984.442066193,1,-1.493514717,-0.076617816,-1.354573463,0.009137843,0.666685561,-0.026619519,0.744807534,971,676,479,1.302051306,1.155162842,0.724328147,0.724328147,0.000001708,1,0,ok,map,676,479,859,0,ok,29,TRACKING,18,0,0,-1,0,0,0,nan,nan,0,0,nan,nan,
1750921984.454066277,1,-1.509695580,-0.074450963,-1.355231618,0.007646420,0.671287430,-0.026540705,0.740682327,983,671,472,1.308572534,1.175709963,0.728582639,0.728582639,0.000001708,1,0,ok,map,671,472,859,1,ok,17,TRACKING,18,0,0,-1,0,0,0,nan,nan,0,0,nan,nan,
1750921984.466066360,1,-1.532512351,-0.074933438,-1.354749932,0.007878296,0.676132958,-0.026631564,0.736256012,977,661,461,1.338428025,1.194586980,0.752593418,0.752593418,0.000002415,1,0,ok,map,661,461,859,2,ok,23,TRACKING,18,0,0,-1,0,0,0,nan,nan,0,0,nan,nan,
1750921984.478066444,1,-1.554586344,-0.074543315,-1.355579199,0.008260183,0.680997436,-0.026860749,0.731746378,984,657,449,1.328272363,1.192726709,0.761826761,0.761826761,0.000002091,1,0,ok,map,657,449,859,2,ok,16,TRACKING,18,0,0,-1,0,0,0,nan,nan,0,0,nan,nan,
1750921984.490066528,1,-1.568239074,-0.075980944,-1.355295690,0.007735999,0.685548358,-0.028090268,0.727443840,974,645,443,1.285645122,1.178661561,0.733827686,0.733827686,0.000001708,1,0,ok,map,645,443,859,1,ok,26,TRACKING,18,0,0,-1,0,0,0,nan,nan,0,0,nan,nan,
1750921984.502066612,1,-1.588025728,-0.076097454,-1.354424798,0.007402646,0.690376789,-0.028333278,0.722857051,957,627,426,1.295179341,1.167783840,0.764616201,0.764616201,0.000002700,1,0,ok,map,627,426,859,1,ok,43,TRACKING,18,0,0,-1,0,0,0,nan,nan,0,0,nan,nan,
1750921984.514066696,1,-1.604385784,-0.076440277,-1.354329951,0.006960366,0.695227936,-0.028518304,0.718189652,977,618,419,1.322719949,1.210843657,0.773372131,0.773372131,0.000001708,1,0,ok,map,618,419,859,2,ok,23,TRACKING,18,0,0,-1,0,0,0,nan,nan,0,0,nan,nan,
1750921984.526066780,1,-1.623325719,-0.074845865,-1.353741393,0.007124215,0.700091211,-0.028847730,0.713434896,966,610,404,1.376040908,1.297866909,0.780524959,0.780524959,0.000001708,1,0,ok,map,610,404,859,1,ok,34,TRACKING,18,0,0,-1,0,0,0,nan,nan,0,0,nan,nan,
1750921984.538066864,1,-1.643357508,-0.075052105,-1.350074528,0.007417164,0.704798656,-0.029406918,0.708758826,959,604,401,1.440752649,1.373653987,0.763770909,0.763770909,0.000002091,1,0,ok,map,604,401,859,0,ok,41,TRACKING,18,0,0,-1,0,0,0,nan,nan,0,0,nan,nan,
1750921984.550066948,1,-1.662959028,-0.076540865,-1.348142579,0.008285662,0.709787260,-0.029565565,0.703746595,986,604,399,1.526910324,1.450708343,0.816647203,0.816647203,0.000002415,1,0,ok,map,604,399,859,3,ok,14,TRACKING,18,0,0,-1,0,0,0,nan,nan,0,0,nan,nan,
1750921984.562067032,1,-1.681129620,-0.075264566,-1.346847405,0.008732393,0.714592978,-0.029586180,0.698859985,987,599,386,1.489752651,1.434822578,0.787053507,0.787053507,0.000002091,1,0,ok,map,599,386,859,1,ok,13,TRACKING,18,0,0,-1,0,0,0,nan,nan,0,0,nan,nan,
1750921984.574067116,1,-1.707200877,-0.080323368,-1.343381339,0.010251674,0.719245945,-0.029898257,0.694036215,978,589,367,1.444115608,1.364327225,0.792312463,0.792312463,0.000002415,1,0,ok,map,589,367,859,0,ok,22,TRACKING,19,1,0,-1,0,0,0,nan,nan,0,0,nan,nan,
1750921984.586067200,1,-1.726477333,-0.078693714,-1.339443116,0.009440832,0.723945073,-0.029813570,0.689148426,973,702,523,1.166114294,0.973980035,0.782561413,0.782561413,0.000001708,1,0,ok,map,702,523,954,0,ok,27,TRACKING,19,0,0,-1,0,0,0,nan,nan,0,0,nan,nan,
1750921984.598067284,1,-1.744995551,-0.077115786,-1.336932685,0.010103413,0.728679986,-0.029853511,0.684128765,986,694,487,1.290982417,1.178698670,0.794386467,0.794386467,0.000001708,1,0,ok,map,694,487,954,0,ok,14,TRACKING,19,0,0,-1,0,0,0,nan,nan,0,0,nan,nan,
1750921984.610067368,1,-1.764237895,-0.076834554,-1.332232145,0.010716587,0.733398043,-0.030643229,0.679023900,987,689,476,1.377136074,1.307314574,0.804752159,0.804752159,0.000001708,1,0,ok,map,689,476,954,0,ok,13,TRACKING,19,0,0,-1,0,0,0,nan,nan,0,0,nan,nan,
1750921984.622067451,1,-1.782893718,-0.078432534,-1.330004514,0.012509581,0.738091410,-0.031647663,0.673841974,989,684,451,1.388317104,1.329656178,0.835057288,0.835057288,0.000001708,1,0,ok,map,684,451,954,0,ok,11,TRACKING,19,0,0,-1,0,0,0,nan,nan,0,0,nan,nan,
1750921984.634067535,1,-1.807143208,-0.081895802,-1.327084633,0.011648316,0.742451953,-0.031690171,0.669047941,972,671,431,1.353897498,1.300900656,0.749159085,0.749159085,0.000001207,1,0,ok,map,671,431,954,1,ok,28,TRACKING,19,0,0,-1,0,0,0,nan,nan,0,0,nan,nan,
1750921984.646067619,1,-1.826882326,-0.081661124,-1.322774764,0.009261820,0.746982151,-0.029819663,0.664110436,976,658,422,1.366450039,1.273127120,0.842821211,0.842821211,0.000001708,1,0,ok,map,658,422,954,0,ok,24,TRACKING,19,0,0,-1,0,0,0,nan,nan,0,0,nan,nan,
1750921984.658067703,1,-1.844319216,-0.077257830,-1.319624195,0.007553991,0.751628389,-0.028129360,0.658943428,964,636,410,1.380080167,1.334958105,0.842536642,0.842536642,0.000001207,1,0,ok,map,636,410,954,0,ok,36,TRACKING,19,0,0,-1,0,0,0,nan,nan,0,0,nan,nan,
1750921984.670067787,1,-1.861461605,-0.076087174,-1.314568126,0.008443103,0.756148516,-0.028595371,0.653720461,981,626,379,1.391342963,1.302334195,0.799836164,0.799836164,0.000002415,1,0,ok,map,626,379,954,0,ok,19,TRACKING,19,0,0,-1,0,0,0,nan,nan,0,0,nan,nan,
1750921984.682067871,1,-1.881764838,-0.074410400,-1.308865049,0.010838165,0.760789006,-0.029547107,0.648235753,971,610,367,1.504133318,1.489165811,0.874646456,0.874646456,0.000002091,1,0,ok,map,610,367,954,0,ok,29,TRACKING,19,0,0,-1,0,0,0,nan,nan,0,0,nan,nan,
1750921984.694067955,1,-1.900897671,-0.075969440,-1.304970877,0.012479177,0.765200205,-0.031225502,0.642913590,975,602,356,1.566567718,1.564644716,0.836551782,0.836551782,0.000001708,1,0,ok,map,602,356,954,0,ok,25,TRACKING,19,0,0,-1,0,0,0,nan,nan,0,0,nan,nan,
1750921984.706068039,1,-1.923264831,-0.079183274,-1.298396021,0.011446774,0.769413203,-0.032435785,0.637824596,976,599,342,1.653168894,1.697450189,0.778700345,0.778700345,0.000000000,1,0,ok,map,599,342,954,0,ok,24,TRACKING,19,0,0,-1,0,0,0,nan,nan,0,0,nan,nan,
1750921984.718068123,1,-1.945613852,-0.077694856,-1.290387149,0.010260426,0.773065110,-0.031499871,0.633460983,973,593,327,1.582855902,1.538128813,0.812456775,0.812456775,0.000001708,1,0,ok,map,593,327,954,0,ok,27,TRACKING,20,1,0,-1,0,0,0,nan,nan,0,0,nan,nan,
1750921984.730068207,1,-1.965338188,-0.076042208,-1.284252543,0.009386406,0.777445668,-0.029920846,0.628167869,970,662,429,1.213249355,1.057788364,0.814033963,0.814033963,0.000002091,1,0,ok,map,662,429,946,0,ok,30,TRACKING,20,0,0,-1,0,0,0,nan,nan,0,0,nan,nan,
1750921984.742068291,1,-1.982907222,-0.075572184,-1.278682514,0.009536211,0.781747717,-0.029631514,0.622817422,969,657,415,1.319501677,1.152529515,0.787613777,0.787613777,0.000001708,1,0,ok,map,657,415,946,0,ok,31,TRACKING,20,0,0,-1,0,0,0,nan,nan,0,0,nan,nan,
1750921984.754068375,1,-2.000711941,-0.073861343,-1.272312694,0.009574590,0.786053948,-0.030162928,0.617347322,963,647,397,1.447086807,1.330406503,0.800089526,0.800089526,0.000001708,1,0,ok,map,647,397,946,0,ok,37,TRACKING,20,0,0,-1,0,0,0,nan,nan,0,0,nan,nan,
1750921984.766068459,1,-2.019827844,-0.078124947,-1.264865999,0.009980142,0.790075312,-0.031071939,0.612140452,966,635,371,1.481169042,1.372208614,0.762475781,0.762475781,0.000001207,1,0,ok,map,635,371,946,0,ok,34,TRACKING,20,0,0,-1,0,0,0,nan,nan,0,0,nan,nan,
1750921984.778068542,1,-2.039154535,-0.076082055,-1.257203920,0.008730431,0.794304424,-0.030250048,0.606703549,970,621,370,1.483787904,1.423824515,0.807710233,0.807710233,0.000002415,1,0,ok,map,621,370,946,0,ok,30,TRACKING,20,0,0,-1,0,0,0,nan,nan,0,0,nan,nan,
1750921984.790068626,1,-2.056327224,-0.078932185,-1.246394448,0.008955213,0.797643439,-0.028954080,0.602367338,954,597,345,1.429936297,1.326664272,0.798323835,0.798323835,0.000002415,1,0,ok,map,597,345,946,1,ok,46,TRACKING,21,1,0,-1,0,0,0,nan,nan,0,0,nan,nan,
1750921984.802068710,1,-2.074914769,-0.077426229,-1.239020264,0.008844874,0.801684847,-0.028510007,0.597001133,952,632,415,1.244876424,1.099838123,0.771590788,0.771590788,0.000001207,1,0,ok,map,632,415,981,0,ok,48,TRACKING,21,0,0,-1,0,0,0,nan,nan,0,0,nan,nan,
1750921984.814068794,1,-2.094356855,-0.077771156,-1.231532840,0.009429220,0.805922953,-0.027744749,0.591294777,961,607,372,1.311480145,1.245758954,0.821960614,0.821960614,0.000000000,1,0,ok,map,607,372,981,0,ok,39,TRACKING,21,0,0,-1,0,0,0,nan,nan,0,0,nan,nan,
1750921984.826068878,1,-2.111875776,-0.075098002,-1.223917348,0.008781903,0.809640870,-0.028142511,0.586184731,956,581,346,1.437664187,1.422527276,0.729371794,0.729371794,0.000001708,1,0,ok,map,581,346,981,0,ok,44,TRACKING,21,0,0,-1,0,0,0,nan,nan,0,0,nan,nan,
1750921984.838068962,1,-2.131485188,-0.078094728,-1.213540302,0.009417086,0.813535736,-0.028617742,0.580733975,955,557,330,1.520463039,1.501047885,0.773048957,0.773048957,0.000001708,1,0,ok,map,557,330,981,0,ok,45,TRACKING,21,0,0,-1,0,0,0,nan,nan,0,0,nan,nan,
1750921984.850069046,1,-2.145126440,-0.080115708,-1.206473864,0.009685783,0.817315222,-0.028116972,0.575422845,954,530,318,1.460899450,1.376324308,0.785346800,0.785346800,0.000000000,1,0,ok,map,530,318,981,0,ok,46,TRACKING,22,1,0,-1,0,0,0,nan,nan,0,0,nan,nan,
1750921984.862069130,1,-2.163878359,-0.078934804,-1.196452051,0.008847125,0.821224276,-0.027908523,0.569853956,951,572,384,1.228916622,1.031914453,0.785936178,0.785936178,0.000001207,1,0,ok,map,572,384,966,0,ok,49,TRACKING,22,0,0,-1,0,0,0,nan,nan,0,0,nan,nan,
1750921984.874069214,1,-2.180957758,-0.078049115,-1.187899210,0.008286052,0.824969612,-0.027842366,0.564430052,962,557,364,1.287490516,1.103168199,0.758087061,0.758087061,0.000001207,1,0,ok,map,557,364,966,0,ok,38,TRACKING,22,0,0,-1,0,0,0,nan,nan,0,0,nan,nan,
1750921984.886069298,1,-2.198021053,-0.079144786,-1.179037477,0.008079643,0.828766135,-0.028319616,0.558819660,929,516,331,1.333077295,1.236886680,0.778553696,0.778553696,0.000001708,1,0,ok,map,516,331,966,0,ok,71,TRACKING,22,0,0,-1,0,0,0,nan,nan,0,0,nan,nan,
1750921984.898069382,1,-2.214067817,-0.078483415,-1.170233846,0.008068270,0.832591624,-0.027990730,0.553120791,945,500,320,1.387253665,1.301095399,0.787436268,0.787436268,0.000001708,1,0,ok,map,500,320,966,0,ok,55,TRACKING,22,0,0,-1,0,0,0,nan,nan,0,0,nan,nan,
1750921984.910069466,1,-2.229715830,-0.078834263,-1.159685185,0.009641360,0.836357180,-0.027582347,0.547405632,931,469,301,1.383693650,1.314724840,0.830304305,0.830304305,0.000001708,1,0,ok,map,469,301,966,0,ok,69,TRACKING,23,1,0,-1,0,0,0,nan,nan,0,0,nan,nan,
1750921984.922069550,1,-2.246078200,-0.079850134,-1.149528224,0.009723436,0.839844759,-0.028192898,0.542006823,943,522,385,1.133868235,1.022554955,0.739892505,0.739892505,0.000002415,1,0,ok,map,522,385,890,0,ok,57,TRACKING,23,0,0,-1,0,0,0,nan,nan,0,0,nan,nan,
1750921984.934069633,1,-2.263167974,-0.078515542,-1.140048516,0.009311983,0.843635682,-0.028308113,0.536088400,929,505,365,1.190476331,1.078881070,0.806887267,0.806887267,0.000001708,1,0,ok,map,505,365,890,0,ok,71,TRACKING,23,0,0,-1,0,0,0,nan,nan,0,0,nan,nan,
1750921984.946069717,1,-2.279294391,-0.077565984,-1.127605103,0.008645573,0.847201774,-0.029215602,0.530396886,955,490,342,1.283143438,1.179248819,0.780385832,0.780385832,0.000001708,1,0,ok,map,490,342,890,0,ok,45,TRACKING,23,0,0,-1,0,0,0,nan,nan,0,0,nan,nan,
1750921984.958069801,1,-2.298532114,-0.078265731,-1.116457233,0.010153993,0.851033677,-0.029121666,0.524204641,951,478,323,1.339109626,1.235747679,0.852239196,0.852239196,0.000001708,1,0,ok,map,478,323,890,0,ok,49,TRACKING,23,0,0,-1,0,0,0,nan,nan,0,0,nan,nan,
1750921984.970069885,1,-2.310901072,-0.079389080,-1.106992586,0.010912273,0.854566273,-0.029429007,0.518393037,851,401,272,1.323458259,1.170844588,0.820134061,0.820134061,0.000000000,1,0,ok,map,401,272,890,0,ok,149,TRACKING,24,1,0,-1,0,0,0,nan,nan,0,0,nan,nan,
1750921984.982069969,1,-2.328011181,-0.078220349,-1.095486602,0.010099996,0.858151399,-0.029414479,0.512453856,957,473,351,1.128060522,0.973357715,0.800397203,0.800397203,0.000001708,1,0,ok,map,473,351,798,0,ok,43,TRACKING,24,0,0,-1,0,0,0,nan,nan,0,0,nan,nan,
1750921984.994070053,1,-2.344619328,-0.078845572,-1.083487180,0.009942417,0.861740764,-0.030068012,0.506359475,939,467,338,1.181965437,1.013935562,0.814141929,0.814141929,0.000001708,1,0,ok,map,467,338,798,0,ok,61,TRACKING,24,0,0,-1,0,0,0,nan,nan,0,0,nan,nan,
1750921985.006070137,1,-2.361535884,-0.078134167,-1.071154429,0.008857969,0.865256832,-0.029720650,0.500368699,941,463,331,1.279163627,1.184353165,0.806622181,0.806622181,0.000001708,1,0,ok,map,463,331,798,0,ok,59,TRACKING,24,0,0,-1,0,0,0,nan,nan,0,0,nan,nan,
1750921985.018070221,1,-2.377683113,-0.078379258,-1.057983758,0.008504217,0.868785266,-0.029553413,0.494233180,951,454,317,1.349965774,1.241514117,0.812289773,0.812289773,0.000000000,1,0,ok,map,454,317,798,0,ok,49,TRACKING,24,0,0,-1,0,0,0,nan,nan,0,0,nan,nan,
1750921985.030070305,1,-2.392425112,-0.078095104,-1.046167947,0.009474390,0.872127483,-0.029219254,0.488313551,946,446,305,1.317816379,1.257489701,0.827477532,0.827477532,0.000001708,1,0,ok,map,446,305,798,0,ok,54,TRACKING,25,1,0,-1,0,0,0,nan,nan,0,0,nan,nan,
1750921985.042070389,1,-2.406996761,-0.077518091,-1.033993656,0.009443754,0.875551317,-0.029713944,0.482118022,951,516,384,1.067194432,0.903023481,0.813140575,0.813140575,0.000001207,1,0,ok,map,516,384,729,0,ok,49,TRACKING,25,0,0,-1,0,0,0,nan,nan,0,0,nan,nan,
1750921985.054070473,1,-2.423156132,-0.076400086,-1.021588409,0.010116659,0.878952682,-0.029956380,0.475859698,938,506,372,1.214237324,1.112306580,0.820332343,0.820332343,0.000001708,1,0,ok,map,506,372,729,0,ok,62,TRACKING,25,0,0,-1,0,0,0,nan,nan,0,0,nan,nan,
1750921985.066070557,1,-2.437255028,-0.079169933,-1.010545839,0.009898580,0.882201736,-0.030966938,0.469747980,951,494,344,1.393996253,1.265452870,0.801964361,0.801964361,0.000000000,1,0,ok,map,494,344,729,0,ok,49,TRACKING,25,0,0,-1,0,0,0,nan,nan,0,0,nan,nan,
1750921985.078070641,1,-2.450960154,-0.077186375,-0.995740843,0.008364340,0.885420825,-0.030385285,0.463720535,944,475,328,1.442333118,1.389667782,0.805286420,0.805286420,0.000001708,1,0,ok,map,475,328,729,0,ok,56,TRACKING,25,0,0,-1,0,0,0,nan,nan,0,0,nan,nan,
1750921985.090070724,1,-2.468584832,-0.077069476,-0.984637475,0.009066303,0.888851202,-0.030836418,0.457067235,944,454,315,1.385666902,1.329481068,0.859730066,0.859730066,0.000001708,1,0,ok,map,454,315,729,0,ok,56,TRACKING,26,1,0,-1,0,0,0,nan,nan,0,0,nan,nan,
1750921985.102070808,1,-2.481151726,-0.077650906,-0.972638878,0.008947920,0.892063341,-0.030346986,0.450801499,960,534,399,1.190529637,1.006729289,0.808914539,0.808914539,0.000002091,1,0,ok,map,534,399,746,0,ok,40,TRACKING,26,0,0,-1,0,0,0,nan,nan,0,0,nan,nan,
1750921985.114070892,1,-2.496562202,-0.077085905,-0.957690302,0.007460565,0.895232219,-0.029683251,0.444547543,956,522,375,1.276879841,1.186582709,0.824794579,0.824794579,0.000002091,1,0,ok,map,522,375,746,0,ok,44,TRACKING,26,0,0,-1,0,0,0,nan,nan,0,0,nan,nan,
1750921985.126070976,1,-2.512331995,-0.075518500,-0.944775032,0.007568983,0.898414756,-0.029988415,0.438057453,953,511,359,1.357394388,1.307206761,0.829146712,0.829146712,0.000001207,1,0,ok,map,511,359,746,0,ok,47,TRACKING,26,0,0,-1,0,0,0,nan,nan,0,0,nan,nan,
1750921985.138071060,1,-2.526810281,-0.076513466,-0.928977815,0.007040196,0.901371909,-0.030942236,0.431881575,936,504,360,1.466831277,1.427827713,0.794540209,0.794540209,0.000002091,1,0,ok,map,504,360,746,0,ok,64,TRACKING,26,0,0,-1,0,0,0,nan,nan,0,0,nan,nan,
1750921985.150071144,1,-2.540990669,-0.074852186,-0.919697012,0.007809096,0.904747230,-0.030440017,0.424788033,932,478,330,1.380046859,1.287747026,0.886178392,0.886178392,0.000001708,1,0,ok,map,478,330,746,0,ok,68,TRACKING,27,1,0,-1,0,0,0,nan,nan,0,0,nan,nan,
1750921985.162071228,1,-2.555995306,-0.076694074,-0.904736168,0.007782730,0.907696158,-0.030836358,0.418421119,959,578,458,1.064437552,0.936514774,0.805341103,0.805341103,0.000002415,1,0,ok,map,578,458,756,0,ok,41,TRACKING,27,0,0,-1,0,0,0,nan,nan,0,0,nan,nan,
1750921985.174071312,1,-2.569651560,-0.076472795,-0.889323163,0.006921710,0.910557816,-0.030281125,0.412213060,968,566,436,1.233591030,1.123530665,0.792083162,0.792083162,0.000001708,1,0,ok,map,566,436,756,0,ok,32,TRACKING,27,0,0,-1,0,0,0,nan,nan,0,0,nan,nan,
1750921985.186071396,1,-2.582713866,-0.075907797,-0.875480815,0.006230471,0.913482317,-0.029614854,0.405751400,960,556,431,1.329534664,1.223509069,0.820172149,0.820172149,0.000000000,1,0,ok,map,556,431,756,0,ok,40,TRACKING,27,0,0,-1,0,0,0,nan,nan,0,0,nan,nan,
1750921985.198071480,1,-2.595098662,-0.074101339,-0.861231829,0.005746284,0.916256091,-0.029246386,0.399482671,966,547,419,1.341528457,1.197989784,0.788612921,0.788612921,0.000001708,1,0,ok,map,547,419,756,0,ok,34,TRACKING,27,0,0,-1,0,0,0,nan,nan,0,0,nan,nan,
1750921985.210071564,1,-2.610986448,-0.072656511,-0.848250227,0.005056000,0.919149061,-0.029383683,0.392779887,945,526,389,1.279521768,1.169788194,0.791113122,0.791113122,0.000000000,1,0,ok,map,526,389,756,0,ok,55,TRACKING,28,1,0,-1,0,0,0,nan,nan,0,0,nan,nan,
1750921985.222071648,1,-2.624073584,-0.073169516,-0.833920824,0.005173231,0.921899432,-0.030078004,0.386225309,947,626,521,1.108292454,0.961326184,0.818532506,0.818532506,0.000001207,1,0,ok,map,626,521,767,0,ok,53,TRACKING,28,0,0,-1,0,0,0,nan,nan,0,0,nan,nan,
1750921985.234071732,1,-2.637477503,-0.074479375,-0.817950906,0.004679126,0.924483100,-0.030859011,0.379943186,941,604,496,1.161782970,1.051322719,0.785555880,0.785555880,0.000000000,1,0,ok,map,604,496,767,0,ok,59,TRACKING,28,0,0,-1,0,0,0,nan,nan,0,0,nan,nan,
1750921985.246071815,1,-2.649251696,-0.075137179,-0.803810850,0.003960798,0.927155958,-0.030256876,0.373430935,957,596,479,1.287585137,1.203267132,0.813780515,0.813780515,0.000001708,1,0,ok,map,596,479,767,0,ok,43,TRACKING,28,0,0,-1,0,0,0,nan,nan,0,0,nan,nan,
1750921985.258071899,1,-2.660564829,-0.073459987,-0.788685126,0.002661530,0.929761409,-0.029319611,0.366983649,954,582,455,1.267948918,1.203934896,0.817726556,0.817726556,0.000001708,1,0,ok,map,582,455,767,0,ok,46,TRACKING,28,0,0,-1,0,0,0,nan,nan,0,0,nan,nan,
1750921985.270071983,1,-2.677771348,-0.073460984,-0.773955885,0.001457667,0.932135561,-0.029503927,0.360902603,960,569,435,1.340713319,1.251011152,0.822537994,0.822537994,0.000002091,1,0,ok,map,569,435,767,0,ok,40,TRACKING,29,1,0,-1,0,0,0,nan,nan,0,0,nan,nan,
1750921985.282072067,1,-2.688068880,-0.072141892,-0.760757913,0.001494683,0.934718771,-0.030575974,0.354067360,958,657,548,1.126969844,0.985227567,0.846306853,0.846306853,0.000001708,1,0,ok,map,657,548,824,0,ok,42,TRACKING,29,0,0,-1,0,0,0,nan,nan,0,0,nan,nan,
1750921985.294072151,1,-2.698514536,-0.072609566,-0.745517162,0.002858703,0.937313563,-0.032073801,0.346996229,963,654,524,1.220853901,1.093288876,0.893800787,0.893800787,0.000001207,1,0,ok,map,654,524,824,0,ok,37,TRACKING,29,0,0,-1,0,0,0,nan,nan,0,0,nan,nan,
1750921985.306072235,1,-2.710831419,-0.076384207,-0.726518297,0.002163113,0.939702317,-0.032420543,0.340446450,961,645,446,1.341070757,1.269396425,0.803858146,0.803858146,0.000001708,1,0,ok,map,645,446,824,0,ok,39,TRACKING,29,0,0,-1,0,0,0,nan,nan,0,0,nan,nan,
1750921985.318072319,1,-2.720123006,-0.075771087,-0.712238787,0.001478425,0.942290152,-0.030839417,0.333370685,984,638,436,1.425087979,1.338820857,0.885640718,0.885640718,0.000000000,1,0,ok,map,638,436,824,0,ok,16,TRACKING,29,0,0,-1,0,0,0,nan,nan,0,0,nan,nan,
1750921985.330072403,1,-2.729207321,-0.073339723,-0.697900814,0.000593104,0.944744177,-0.030280137,0.326406497,974,629,415,1.491410609,1.471275666,0.854602587,0.854602587,0.000001708,1,0,ok,map,629,415,824,0,ok,26,TRACKING,29,0,0,-1,0,0,0,nan,nan,0,0,nan,nan,
1750921985.342072487,1,-2.739219774,-0.074301790,-0.685158692,0.000546244,0.947078847,-0.031381281,0.319462945,982,625,404,1.422523201,1.333374126,0.848895066,0.848895066,0.000001708,1,0,ok,map,625,404,824,0,ok,18,TRACKING,29,0,0,-1,0,0,0,nan,nan,0,0,nan,nan,
1750921985.354072571,1,-2.750361047,-0.073429534,-0.666550938,-0.000321911,0.949412306,-0.031535039,0.312444732,968,610,395,1.443658069,1.355199698,0.853518208,0.853518208,0.000001708,1,0,ok,map,610,395,824,0,ok,32,TRACKING,29,0,0,-1,0,0,0,nan,nan,0,0,nan,nan,
1750921985.366072655,1,-2.760050725,-0.074505582,-0.650016107,0.000492094,0.951655762,-0.032265202,0.305466896,980,605,381,1.472369205,1.421011300,0.849209928,0.849209928,0.000001708,1,0,ok,map,605,381,824,0,ok,20,TRACKING,29,0,0,-1,0,0,0,nan,nan,0,0,nan,nan,
1750921985.378072739,1,-2.769665320,-0.075369902,-0.634179556,0.000613515,0.953909327,-0.032177580,0.298364245,982,598,367,1.499806402,1.459580605,0.854063803,0.854063803,0.000001708,1,0,ok,map,598,367,824,1,ok,18,TRACKING,29,0,0,-1,0,0,0,nan,nan,0,0,nan,nan,
1750921985.390072823,1,-2.788079093,-0.075673444,-0.613392368,-0.000335094,0.956055883,-0.031249937,0.291514113,972,584,346,1.531540270,1.471654564,0.837586832,0.837586832,0.000002415,1,0,ok,map,584,346,824,0,ok,28,TRACKING,30,1,0,-1,0,0,0,nan,nan,0,0,nan,nan,
1750921985.402072906,1,-2.797758867,-0.075176924,-0.598876907,-0.001817162,0.958053142,-0.031020787,0.284901010,991,709,513,1.196409309,1.041024435,0.810053102,0.810053102,0.000000000,1,0,ok,map,709,513,926,0,ok,9,TRACKING,30,0,0,-1,0,0,0,nan,nan,0,0,nan,nan,
1750921985.414072990,1,-2.807038701,-0.074882898,-0.581387732,-0.002955289,0.959989725,-0.031011601,0.278297097,971,689,504,1.282298489,1.153468435,0.799333692,0.799333692,0.000002415,1,0,ok,map,689,504,926,0,ok,29,TRACKING,30,0,0,-1,0,0,0,nan,nan,0,0,nan,nan,
1750921985.426073074,1,-2.813270269,-0.073625431,-0.570260302,-0.002812802,0.962003032,-0.030954860,0.271263805,940,639,469,1.339296880,1.269899763,0.838512406,0.838512406,0.000000000,1,0,ok,map,639,469,926,0,ok,60,TRACKING,30,0,0,-1,0,0,0,nan,nan,0,0,nan,nan,
1750921985.438073158,1,-2.823473589,-0.073673573,-0.550100792,-0.002190503,0.963928828,-0.031475936,0.264283335,970,630,453,1.344463045,1.213080845,0.834983776,0.834983776,0.000001708,1,0,ok,map,630,453,926,0,ok,30,TRACKING,30,0,0,-1,0,0,0,nan,nan,0,0,nan,nan,
1750921985.450073242,1,-2.831655530,-0.073093794,-0.533808853,-0.001898095,0.965756175,-0.032187544,0.257440033,973,627,437,1.399851667,1.289194194,0.816436385,0.816436385,0.000002091,1,0,ok,map,627,437,926,0,ok,27,TRACKING,30,0,0,-1,0,0,0,nan,nan,0,0,nan,nan,
1750921985.462073326,1,-2.838273013,-0.074142048,-0.519291889,-0.001708631,0.967510167,-0.033688463,0.250571834,968,619,436,1.420731222,1.314083989,0.830591516,0.830591516,0.000001708,1,0,ok,map,619,436,926,0,ok,32,TRACKING,30,0,0,-1,0,0,0,nan,nan,0,0,nan,nan,
1750921985.474073410,1,-2.846765558,-0.075385768,-0.501238796,-0.003046537,0.969260109,-0.033824935,0.243683059,975,613,413,1.434877310,1.359395642,0.828920547,0.828920547,0.000001708,1,0,ok,map,613,413,926,0,ok,25,TRACKING,30,0,0,-1,0,0,0,nan,nan,0,0,nan,nan,
1750921985.486073494,1,-2.858298899,-0.076156076,-0.478503516,-0.002503389,0.971032535,-0.032801125,0.236672000,970,608,402,1.485453311,1.391494032,0.839259883,0.839259883,0.000002415,1,0,ok,map,608,402,926,0,ok,30,TRACKING,30,0,0,-1,0,0,0,nan,nan,0,0,nan,nan,
1750921985.498073578,1,-2.862133788,-0.075089340,-0.468732373,-0.002658772,0.972672568,-0.032155646,0.229928297,975,599,396,1.459228126,1.379821124,0.798927763,0.798927763,0.000002415,1,0,ok,map,599,396,926,0,ok,25,TRACKING,30,0,0,-1,0,0,0,nan,nan,0,0,nan,nan,
1750921985.510073662,1,-2.874385116,-0.073096029,-0.453425987,-0.003266655,0.974408344,-0.032135483,0.222452283,956,589,377,1.492817419,1.478257718,0.831727971,0.831727971,0.000000000,1,0,ok,map,589,377,926,0,ok,44,TRACKING,31,1,0,-1,0,0,0,nan,nan,0,0,nan,nan,
1750921985.522073746,1,-2.880036216,-0.071180453,-0.443369107,-0.003534309,0.975908569,-0.033158304,0.215616560,974,715,526,1.279345496,1.136466135,0.811060467,0.811060467,0.000002091,1,0,ok,map,715,526,1021,0,ok,26,TRACKING,31,0,0,-1,0,0,0,nan,nan,0,0,nan,nan,
1750921985.534073830,1,-2.887650043,-0.073480127,-0.420375748,-0.003201456,0.977365196,-0.035209454,0.208584083,975,706,513,1.294735823,1.165261071,0.856726288,0.856726288,0.000001708,1,0,ok,map,706,513,1021,0,ok,25,TRACKING,31,0,0,-1,0,0,0,nan,nan,0,0,nan,nan,
1750921985.546073914,1,-2.894290480,-0.072647821,-0.401697046,-0.003038634,0.978854148,-0.034981581,0.201523229,983,700,502,1.424933054,1.332992899,0.827532786,0.827532786,0.000001708,1,0,ok,map,700,502,1021,0,ok,17,TRACKING,31,0,0,-1,0,0,0,nan,nan,0,0,nan,nan,
1750921985.558073997,1,-2.900794740,-0.073940407,-0.384787837,-0.003242864,0.980237419,-0.035141761,0.194651338,980,695,488,1.438152993,1.386787342,0.803807973,0.803807973,0.000001708,1,0,ok,map,695,488,1021,0,ok,20,TRACKING,31,0,0,-1,0,0,0,nan,nan,0,0,nan,nan,
1750921985.570074081,1,-2.905843374,-0.072690238,-0.370262720,-0.004961499,0.981563552,-0.034174826,0.187990579,992,695,481,1.418378277,1.348131697,0.810391899,0.810391899,0.000002091,1,0,ok,map,695,481,1021,0,ok,8,TRACKING,31,0,0,-1,0,0,0,nan,nan,0,0,nan,nan,
1750921985.582074165,1,-2.913101586,-0.073483346,-0.349277999,-0.004388716,0.982911992,-0.033993752,0.180856795,963,682,469,1.393044271,1.310347223,0.834791936,0.834791936,0.000001207,1,0,ok,map,682,469,1021,0,ok,37,TRACKING,31,0,0,-1,0,0,0,nan,nan,0,0,nan,nan,
1750921985.594074249,1,-2.918436668,-0.072257739,-0.332032170,-0.005853677,0.984064452,-0.034213188,0.174391362,964,668,454,1.387810948,1.299382130,0.771469466,0.771469466,0.000001207,1,0,ok,map,668,454,1021,0,ok,36,TRACKING,31,0,0,-1,0,0,0,nan,nan,0,0,nan,nan,
1750921985.606074333,1,-2.924374763,-0.074058231,-0.313962841,-0.006495130,0.985191424,-0.034753340,0.167773292,967,659,446,1.412852284,1.314240573,0.775272026,0.775272026,0.000000000,1,0,ok,map,659,446,1021,0,ok,33,TRACKING,31,0,0,-1,0,0,0,nan,nan,0,0,nan,nan,
1750921985.618074417,1,-2.929274702,-0.073673981,-0.295192825,-0.007340166,0.986342544,-0.034152643,0.160959948,970,650,430,1.469905802,1.420368762,0.800681408,0.800681408,0.000002091,1,0,ok,map,650,430,1021,0,ok,30,TRACKING,31,0,0,-1,0,0,0,nan,nan,0,0,nan,nan,
1750921985.630074501,1,-2.933325683,-0.074104090,-0.281309133,-0.007052245,0.987451074,-0.033592569,0.154149866,973,638,415,1.474600488,1.436704270,0.793937026,0.793937026,0.000002415,1,0,ok,map,638,415,1021,0,ok,27,TRACKING,31,0,0,-1,0,0,0,nan,nan,0,0,nan,nan,
1750921985.642074585,1,-2.937205092,-0.072008149,-0.259416748,-0.007461103,0.988515121,-0.033021261,0.147281307,978,630,411,1.551550640,1.538545060,0.800527282,0.800527282,0.000001708,1,0,ok,map,630,411,1021,0,ok,22,TRACKING,31,0,0,-1,0,0,0,nan,nan,0,0,nan,nan,
1750921985.654074669,1,-2.941331975,-0.071038266,-0.241944735,-0.008105308,0.989482076,-0.033460974,0.140498713,981,627,408,1.559357067,1.532124239,0.790159491,0.790159491,0.000001708,1,0,ok,map,627,408,1021,0,ok,19,TRACKING,31,0,0,-1,0,0,0,nan,nan,0,0,nan,nan,
1750921985.666074753,1,-2.953066160,-0.072650371,-0.227974389,-0.008605346,0.990646174,-0.033813836,0.131919411,953,614,382,1.498016251,1.444217184,0.796722857,0.796722857,0.000002091,1,0,ok,map,614,382,1021,0,ok,47,TRACKING,32,1,0,-1,0,0,0,nan,nan,0,0,nan,nan,
1750921985.678074837,1,-2.956166911,-0.072264270,-0.209212526,-0.007928008,0.991523324,-0.033892064,0.125179763,970,744,551,1.206071502,1.079464839,0.782731127,0.782731127,0.000001708,1,0,ok,map,744,551,1056,0,ok,30,TRACKING,32,0,0,-1,0,0,0,nan,nan,0,0,nan,nan,
1750921985.690074921,1,-2.959200292,-0.073635988,-0.186444569,-0.008383713,0.992373986,-0.033517206,0.118322365,979,733,529,1.305828057,1.241920872,0.794706399,0.794706399,0.000001708,1,0,ok,map,733,529,1056,0,ok,21,TRACKING,32,0,0,-1,0,0,0,nan,nan,0,0,nan,nan,
1750921985.702075005,1,-2.961994214,-0.068717152,-0.177030539,-0.008449017,0.993189248,-0.033141823,0.111379309,985,728,501,1.412924657,1.302279725,0.802272352,0.802272352,0.000002091,1,0,ok,map,728,501,1056,0,ok,15,TRACKING,32,0,0,-1,0,0,0,nan,nan,0,0,nan,nan,
1750921985.714075089,1,-2.964092784,-0.068215988,-0.159298782,-0.008761825,0.993887133,-0.034345427,0.104556151,961,709,487,1.451369022,1.402686491,0.798771730,0.798771730,0.000001708,1,0,ok,map,709,487,1056,0,ok,39,TRACKING,32,0,0,-1,0,0,0,nan,nan,0,0,nan,nan,
1750921985.726075172,1,-2.967066495,-0.071851498,-0.137621878,-0.008423656,0.994553034,-0.035364114,0.097686661,951,685,482,1.377993615,1.304729485,0.800384029,0.800384029,0.000001708,1,0,ok,map,685,482,1056,0,ok,49,TRACKING,32,0,0,-1,0,0,0,nan,nan,0,0,nan,nan,
1750921985.738075256,1,-2.968869586,-0.072165272,-0.114506201,-0.008344727,0.995244731,-0.034758702,0.090609734,954,664,466,1.355518424,1.234957275,0.817820157,0.817820157,0.000001207,1,0,ok,map,664,466,1056,0,ok,46,TRACKING,32,0,0,-1,0,0,0,nan,nan,0,0,nan,nan,
1750921985.750075340,1,-2.970262214,-0.071344181,-0.099985551,-0.009306196,0.995840009,-0.034111563,0.083979005,935,633,450,1.364131494,1.303067840,0.774356735,0.774356735,0.000001708,1,0,ok,map,633,450,1056,0,ok,65,TRACKING,32,0,0,-1,0,0,0,nan,nan,0,0,nan,nan,
1750921985.762075424,1,-2.970298007,-0.069604632,-0.078643214,-0.008633632,0.996445147,-0.033328886,0.076887682,959,618,438,1.330935058,1.272910128,0.824089496,0.824089496,0.000002091,1,0,ok,map,618,438,1056,0,ok,41,TRACKING,32,0,0,-1,0,0,0,nan,nan,0,0,nan,nan,
1750921985.774075508,1,-2.970924704,-0.068767703,-0.061340273,-0.008279419,0.996963675,-0.033219559,0.069938131,978,613,421,1.353494694,1.285149143,0.799704099,0.799704099,0.000001708,1,0,ok,map,613,421,1056,0,ok,22,TRACKING,32,0,0,-1,0,0,0,nan,nan,0,0,nan,nan,
1750921985.786075592,1,-2.972285617,-0.067731811,-0.043574998,-0.008445376,0.997397233,-0.033801519,0.063126010,960,600,417,1.406293347,1.387373653,0.785260480,0.785260480,0.000001708,1,0,ok,map,600,417,1056,0,ok,40,TRACKING,32,0,0,-1,0,0,0,nan,nan,0,0,nan,nan,
1750921985.798075676,1,-2.981870744,-0.070259386,-0.022615943,-0.009103608,0.997913003,-0.034484167,0.053829412,985,597,415,1.483181873,1.456313060,0.773661296,0.773661296,0.000001207,1,0,ok,map,597,415,1056,0,ok,15,TRACKING,33,1,0,-1,0,0,0,nan,nan,0,0,nan,nan,
1750921985.810075760,1,-2.981507166,-0.070522371,-0.002973084,-0.009248557,0.998281203,-0.033840849,0.046945728,981,725,569,1.229749325,1.106753295,0.793547466,0.793547466,0.000001708,1,0,ok,map,725,569,1110,0,ok,19,TRACKING,33,0,0,-1,0,0,0,nan,nan,0,0,nan,nan,
1750921985.822075844,1,-2.981717448,-0.069502467,0.016128971,-0.009610843,0.998604407,-0.032967591,0.040124894,981,715,552,1.311492199,1.241235744,0.789952818,0.789952818,0.000001708,1,0,ok,map,715,552,1110,0,ok,19,TRACKING,33,0,0,-1,0,0,0,nan,nan,0,0,nan,nan,
1750921985.834075928,1,-2.981133324,-0.065381308,0.035997892,-0.009553322,0.998869852,-0.032675531,0.033167175,972,706,518,1.427510970,1.339113137,0.798606363,0.798606363,0.000002415,1,0,ok,map,706,518,1110,0,ok,28,TRACKING,33,0,0,-1,0,0,0,nan,nan,0,0,nan,nan,
1750921985.846076012,1,-2.980255695,-0.065477089,0.054853125,-0.009130405,0.999031290,-0.033909242,0.026519440,971,693,512,1.388199627,1.320470973,0.776517545,0.776517545,0.000001207,1,0,ok,map,693,512,1110,0,ok,29,TRACKING,33,0,0,-1,0,0,0,nan,nan,0,0,nan,nan,
1750921985.858076096,1,-2.978436303,-0.065983604,0.077246263,-0.009018856,0.999163795,-0.034653622,0.019735667,972,682,504,1.406041013,1.331718357,0.782282413,0.782282413,0.000001708,1,0,ok,map,682,504,1110,0,ok,28,TRACKING,33,0,0,-1,0,0,0,nan,nan,0,0,nan,nan,
1750921985.870076180,1,-2.977935804,-0.068083570,0.094198472,-0.009858167,0.999259852,-0.034861790,0.012931341,979,674,505,1.397843845,1.304824885,0.786068465,0.786068465,0.000002091,1,0,ok,map,674,505,1110,0,ok,21,TRACKING,33,0,0,-1,0,0,0,nan,nan,0,0,nan,nan,
1750921985.882076263,1,-2.975944728,-0.067042312,0.116290620,-0.010147219,0.999358185,-0.033815819,0.006061570,971,661,494,1.404772950,1.339936630,0.797060047,0.797060047,0.000002091,1,0,ok,map,661,494,1110,0,ok,29,TRACKING,33,0,0,-1,0,0,0,nan,nan,0,0,nan,nan,
1750921985.894076347,1,-2.973587461,-0.066670003,0.137300012,-0.009531690,0.999396242,-0.033405142,-0.000628491,980,655,473,1.418728442,1.334587414,0.771313288,0.771313288,0.000002415,1,0,ok,map,655,473,1110,0,ok,20,TRACKING,33,0,0,-1,0,0,0,nan,nan,0,0,nan,nan,
1750921985.906076431,1,-2.970967051,-0.064554617,0.157925668,-0.008021450,0.999393607,-0.033069674,-0.007380456,968,641,454,1.430574454,1.326568165,0.793769636,0.793769636,0.000002091,1,0,ok,map,641,454,1110,0,ok,32,TRACKING,33,0,0,-1,0,0,0,nan,nan,0,0,nan,nan,
1750921985.918076515,1,-2.968959150,-0.066315022,0.176408618,-0.008155169,0.999317098,-0.033135189,-0.014173581,967,629,448,1.439610601,1.356428457,0.778672651,0.778672651,0.000000000,1,0,ok,map,629,448,1110,0,ok,33,TRACKING,33,0,0,-1,0,0,0,nan,nan,0,0,nan,nan,
1750921985.930076599,1,-2.966980293,-0.060431915,0.190761767,-0.008547717,0.999204581,-0.032916084,-0.020824829,957,616,409,1.506024917,1.468508579,0.764025993,0.764025993,0.000001207,1,0,ok,map,616,409,1110,0,ok,43,TRACKING,33,0,0,-1,0,0,0,nan,nan,0,0,nan,nan,
1750921985.942076683,1,-2.971697856,-0.059799512,0.210973292,-0.009178335,0.998855252,-0.035268720,-0.030984838,944,598,399,1.516800227,1.483742162,0.789634706,0.789634706,0.000002415,1,0,ok,map,598,399,1110,0,ok,56,TRACKING,34,1,0,-1,0,0,0,nan,nan,0,0,nan,nan,
1750921985.954076767,1,-2.966290632,-0.064953386,0.234404274,-0.008340473,0.998579592,-0.036887505,-0.037530616,967,710,541,1.476812056,1.445804669,0.779271956,0.779271956,0.000001207,1,0,ok,map,710,541,1133,0,ok,33,TRACKING,34,0,0,-1,0,0,0,nan,nan,0,0,nan,nan,
1750921985.966076851,1,-2.962916448,-0.065213884,0.253350198,-0.007906284,0.998340528,-0.035821047,-0.044390700,964,687,510,1.537904466,1.545187165,0.797576534,0.797576534,0.000001708,1,0,ok,map,687,510,1133,0,ok,36,TRACKING,34,0,0,-1,0,0,0,nan,nan,0,0,nan,nan,
1750921985.978076935,1,-2.958936256,-0.063317031,0.270853031,-0.008753632,0.998072427,-0.034446378,-0.050874863,972,675,505,1.570910292,1.540608050,0.766343704,0.766343704,0.000000000,1,0,ok,map,675,505,1133,0,ok,28,TRACKING,34,0,0,-1,0,0,0,nan,nan,0,0,nan,nan,
1750921985.990077019,1,-2.954457793,-0.062417194,0.293109420,-0.008770944,0.997706734,-0.034624149,-0.057493575,962,663,496,1.522854520,1.500912019,0.759882345,0.759882345,0.000000000,1,0,ok,map,663,496,1133,0,ok,38,TRACKING,34,0,0,-1,0,0,0,nan,nan,0,0,nan,nan,
1750921986.002077103,1,-2.949867725,-0.062846882,0.310948127,-0.009244440,0.997289847,-0.034857921,-0.064128199,968,652,481,1.497506800,1.446773128,0.764172384,0.764172384,0.000001207,1,0,ok,map,652,481,1133,0,ok,32,TRACKING,34,0,0,-1,0,0,0,nan,nan,0,0,nan,nan,
1750921986.014077187,1,-2.944427769,-0.060917368,0.331480284,-0.009213125,0.996805475,-0.035173344,-0.071111181,974,643,461,1.433359120,1.344802207,0.802937150,0.802937150,0.000000000,1,0,ok,map,643,461,1133,0,ok,26,TRACKING,34,0,0,-1,0,0,0,nan,nan,0,0,nan,nan,
1750921986.026077271,1,-2.937984527,-0.063701658,0.356269629,-0.010047149,0.996278116,-0.036025602,-0.077660328,960,623,419,1.521627993,1.417907399,0.765206844,0.765206844,0.000002091,1,0,ok,map,623,419,1133,0,ok,40,TRACKING,34,0,0,-1,0,0,0,nan,nan,0,0,nan,nan,
1750921986.038077354,1,-2.932308775,-0.060746335,0.374888025,-0.010168351,0.995739444,-0.035256919,-0.084596176,968,613,417,1.518058840,1.439858654,0.802156602,0.802156602,0.000001708,1,0,ok,map,613,417,1133,0,ok,32,TRACKING,34,0,0,-1,0,0,0,nan,nan,0,0,nan,nan,
1750921986.050077438,1,-2.935366751,-0.061607089,0.391648831,-0.010447067,0.994686257,-0.035907748,-0.095920500,963,598,397,1.614330935,1.598934747,0.803544076,0.803544076,0.000001708,1,0,ok,map,598,397,1133,0,ok,37,TRACKING,35,1,0,-1,0,0,0,nan,nan,0,0,nan,nan,
1750921986.062077522,1,-2.928018968,-0.061874197,0.412257532,-0.010111837,0.993985129,-0.036298638,-0.102828611,950,690,538,1.237436954,1.123309134,0.797864623,0.797864623,0.000001708,1,0,ok,map,690,538,1102,0,ok,50,TRACKING,35,0,0,-1,0,0,0,nan,nan,0,0,nan,nan,
1750921986.074077606,1,-2.921999706,-0.062299434,0.432644619,-0.009995840,0.993234477,-0.036103865,-0.109917547,951,668,519,1.367522624,1.277486512,0.817288466,0.817288466,0.000002415,1,0,ok,map,668,519,1102,0,ok,49,TRACKING,35,0,0,-1,0,0,0,nan,nan,0,0,nan,nan,
1750921986.086077690,1,-2.914260982,-0.061192125,0.451411847,-0.010628575,0.992478723,-0.035671691,-0.116621388,958,654,507,1.398426914,1.342801581,0.778041678,0.778041678,0.000000000,1,0,ok,map,654,507,1102,0,ok,42,TRACKING,35,0,0,-1,0,0,0,nan,nan,0,0,nan,nan,
1750921986.098077774,1,-2.905773310,-0.061697451,0.474044282,-0.010303494,0.991616385,-0.035486057,-0.123820522,962,643,496,1.398182978,1.315849150,0.831965787,0.831965787,0.000002091,1,0,ok,map,643,496,1102,0,ok,38,TRACKING,35,0,0,-1,0,0,0,nan,nan,0,0,nan,nan,
1750921986.110077858,1,-2.898435331,-0.061355615,0.492471734,-0.011107523,0.990732947,-0.034873919,-0.130800076,963,626,465,1.342016498,1.202595977,0.814455182,0.814455182,0.000000000,1,0,ok,map,626,465,1102,0,ok,37,TRACKING,35,0,0,-1,0,0,0,nan,nan,0,0,nan,nan,
1750921986.122077942,1,-2.891536286,-0.058815585,0.511098999,-0.010716462,0.989755217,-0.034641307,-0.138093255,965,614,462,1.371224568,1.256810393,0.844825849,0.844825849,0.000001708,1,0,ok,map,614,462,1102,0,ok,35,TRACKING,35,0,0,-1,0,0,0,nan,nan,0,0,nan,nan,
1750921986.134078026,1,-2.882891178,-0.060004614,0.530904708,-0.011316092,0.988747519,-0.035220049,-0.144947709,956,601,442,1.401234370,1.299980182,0.799629759,0.799629759,0.000002415,1,0,ok,map,601,442,1102,0,ok,44,TRACKING,35,0,0,-1,0,0,0,nan,nan,0,0,nan,nan,
1750921986.146078110,1,-2.861523680,-0.057421159,0.551537310,-0.010012835,0.988041036,-0.035054370,-0.149819373,960,587,424,1.434984546,1.351035927,0.823178948,0.823178948,0.000001708,1,0,ok,map,587,424,1102,0,ok,40,TRACKING,36,1,0,-1,0,0,0,nan,nan,0,0,nan,nan,
1750921986.158078194,1,-2.853280087,-0.056965584,0.570593620,-0.009081997,0.986927257,-0.035186108,-0.157016066,943,666,536,1.207678450,1.064079967,0.841424804,0.841424804,0.000001708,1,0,ok,map,666,536,1020,0,ok,57,TRACKING,36,0,0,-1,0,0,0,nan,nan,0,0,nan,nan,
1750921986.170078278,1,-2.844060605,-0.055008606,0.590734763,-0.008916603,0.985819963,-0.035377433,-0.163792346,954,656,528,1.295498585,1.181728459,0.787338345,0.787338345,0.000002415,1,0,ok,map,656,528,1020,0,ok,46,TRACKING,36,0,0,-1,0,0,0,nan,nan,0,0,nan,nan,
1750921986.182078362,1,-2.834337140,-0.056623728,0.610549683,-0.009040365,0.984658187,-0.035963529,-0.170508509,978,653,510,1.375260480,1.255979596,0.784057281,0.784057281,0.000002091,1,0,ok,map,653,510,1020,0,ok,22,TRACKING,36,0,0,-1,0,0,0,nan,nan,0,0,nan,nan,
1750921986.194078445,1,-2.825246945,-0.055551001,0.629912624,-0.009640218,0.983471565,-0.035285363,-0.177329327,966,648,496,1.336965330,1.279733260,0.800104893,0.800104893,0.000000000,1,0,ok,map,648,496,1020,0,ok,34,TRACKING,36,0,0,-1,0,0,0,nan,nan,0,0,nan,nan,
1750921986.206078529,1,-2.818078786,-0.054606200,0.645136244,-0.009161397,0.982168431,-0.035123826,-0.184465601,977,645,492,1.392607671,1.309188496,0.833295460,0.833295460,0.000001207,1,0,ok,map,645,492,1020,0,ok,23,TRACKING,36,0,0,-1,0,0,0,nan,nan,0,0,nan,nan,
1750921986.218078613,1,-2.807784184,-0.055805673,0.664659808,-0.009513430,0.980902664,-0.035507562,-0.190993902,973,640,478,1.448717447,1.356049808,0.764354185,0.764354185,0.000001207,1,0,ok,map,640,478,1020,0,ok,27,TRACKING,36,0,0,-1,0,0,0,nan,nan,0,0,nan,nan,
1750921986.230078697,1,-2.798655688,-0.055611421,0.684669676,-0.010187062,0.979556766,-0.035200952,-0.197802068,969,634,453,1.454580127,1.389809121,0.799768289,0.799768289,0.000001708,1,0,ok,map,634,453,1020,0,ok,31,TRACKING,36,0,0,-1,0,0,0,nan,nan,0,0,nan,nan,
1750921986.242078781,1,-2.787867059,-0.053690064,0.704059257,-0.010930063,0.978192700,-0.034492613,-0.204523435,978,628,435,1.488633194,1.428519320,0.794669501,0.794669501,0.000000000,1,0,ok,map,628,435,1020,0,ok,22,TRACKING,36,0,0,-1,0,0,0,nan,nan,0,0,nan,nan,
1750921986.254078865,1,-2.778414799,-0.055435316,0.718881500,-0.010450520,0.976717598,-0.034565298,-0.211468109,962,613,414,1.581317325,1.575341758,0.815453045,0.815453045,0.000002700,1,0,ok,map,613,414,1020,0,ok,38,TRACKING,36,0,0,-1,0,0,0,nan,nan,0,0,nan,nan,
1750921986.266078949,1,-2.768693318,-0.054498477,0.736859919,-0.010195496,0.975226088,-0.034233720,-0.218307540,964,607,412,1.596071601,1.564403006,0.803593293,0.803593293,0.000002700,1,0,ok,map,607,412,1020,0,ok,36,TRACKING,36,0,0,-1,0,0,0,nan,nan,0,0,nan,nan,
1750921986.278079033,1,-2.744627141,-0.050847523,0.759289636,-0.009584212,0.974449378,-0.034103175,-0.221796138,950,595,380,1.570558663,1.516511612,0.809759186,0.809759186,0.000002415,1,0,ok,map,595,380,1020,0,ok,50,TRACKING,37,1,0,-1,0,0,0,nan,nan,0,0,nan,nan,
1750921986.290079117,1,-2.733988222,-0.050217688,0.776729244,-0.010218365,0.972851320,-0.035037775,-0.228535006,960,722,543,1.206953474,1.030772704,0.804118950,0.804118950,0.000002091,1,0,ok,map,722,543,998,0,ok,40,TRACKING,37,0,0,-1,0,0,0,nan,nan,0,0,nan,nan,
1750921986.302079201,1,-2.724221301,-0.049725600,0.794842591,-0.010155213,0.971133889,-0.035621114,-0.235641629,959,701,513,1.320285672,1.151637817,0.840497420,0.840497420,0.000002415,1,0,ok,map,701,513,998,0,ok,41,TRACKING,37,0,0,-1,0,0,0,nan,nan,0,0,nan,nan,
1750921986.314079285,1,-2.716150171,-0.049921018,0.807868024,-0.011095025,0.969392930,-0.035904141,-0.242621395,953,679,481,1.417060407,1.346416351,0.831966686,0.831966686,0.000001708,1,0,ok,map,679,481,998,0,ok,47,TRACKING,37,0,0,-1,0,0,0,nan,nan,0,0,nan,nan,
1750921986.326079369,1,-2.702730069,-0.050252242,0.829559668,-0.012075701,0.967705222,-0.036091702,-0.249195043,958,658,462,1.444999451,1.394839583,0.786087267,0.786087267,0.000000000,1,0,ok,map,658,462,998,0,ok,42,TRACKING,37,0,0,-1,0,0,0,nan,nan,0,0,nan,nan,
1750921986.338079453,1,-2.691761069,-0.049149406,0.845414045,-0.012165035,0.965846181,-0.035496646,-0.256384779,954,633,443,1.464612097,1.408120367,0.853769944,0.853769944,0.000001708,1,0,ok,map,633,443,998,0,ok,46,TRACKING,37,0,0,-1,0,0,0,nan,nan,0,0,nan,nan,
1750921986.350079536,1,-2.681001904,-0.048558709,0.861194107,-0.011901022,0.964043252,-0.035284629,-0.263123488,944,603,411,1.449055666,1.371697611,0.800302011,0.800302011,0.000002415,1,0,ok,map,603,411,998,0,ok,56,TRACKING,37,0,0,-1,0,0,0,nan,nan,0,0,nan,nan,
1750921986.362079620,1,-2.664440336,-0.045795002,0.878881300,-0.011949946,0.962366606,-0.034811175,-0.269250620,955,587,396,1.450830575,1.353127485,0.818973887,0.818973887,0.000001708,1,0,ok,map,587,396,998,0,ok,45,TRACKING,38,1,0,-1,0,0,0,nan,nan,0,0,nan,nan,
1750921986.374079704,1,-2.653051993,-0.046025816,0.894965958,-0.012165214,0.960384916,-0.035938992,-0.276081888,957,684,519,1.166747297,0.966200129,0.825630752,0.825630752,0.000001708,1,0,ok,map,684,519,935,0,ok,43,TRACKING,38,0,0,-1,0,0,0,nan,nan,0,0,nan,nan,
1750921986.386079788,1,-2.640599337,-0.046901541,0.913255769,-0.012745866,0.958343791,-0.036442216,-0.282995911,952,661,492,1.273926405,1.107479218,0.830773265,0.830773265,0.000002415,1,0,ok,map,661,492,935,0,ok,48,TRACKING,38,0,0,-1,0,0,0,nan,nan,0,0,nan,nan,
1750921986.398079872,1,-2.628557218,-0.047792896,0.928399076,-0.013265085,0.956312099,-0.036339938,-0.289776839,957,644,458,1.417853937,1.344886575,0.813430665,0.813430665,0.000000000,1,0,ok,map,644,458,935,0,ok,43,TRACKING,38,0,0,-1,0,0,0,nan,nan,0,0,nan,nan,
1750921986.410079956,1,-2.616461104,-0.046851014,0.941456156,-0.013376368,0.954251869,-0.034559288,-0.296698668,975,635,443,1.465233996,1.415400509,0.852453599,0.852453599,0.000002091,1,0,ok,map,635,443,935,0,ok,25,TRACKING,38,0,0,-1,0,0,0,nan,nan,0,0,nan,nan,
1750921986.422080040,1,-2.605705160,-0.045690316,0.954436571,-0.013404484,0.952095715,-0.033710509,-0.303640693,952,607,413,1.444339205,1.386077609,0.838651804,0.838651804,0.000001207,1,0,ok,map,607,413,935,0,ok,48,TRACKING,38,0,0,-1,0,0,0,nan,nan,0,0,nan,nan,
1750921986.434080124,1,-2.586066088,-0.044721720,0.973323481,-0.013873229,0.950205838,-0.033579708,-0.309497660,937,576,389,1.424342728,1.339392331,0.820399762,0.820399762,0.000001207,1,0,ok,map,576,389,935,0,ok,63,TRACKING,39,1,1,7,31,0,0,nan,nan,23,0,0.000000000,nan,solvePnPRansac failed
1750921986.446080208,1,-2.573312497,-0.043403512,0.988670466,-0.014034184,0.947878945,-0.034267570,-0.316471611,964,663,507,1.184708572,1.041232094,0.846347975,0.846347975,0.000001708,1,0,ok,map,663,507,960,0,ok,36,TRACKING,39,0,0,-1,0,0,0,nan,nan,0,0,nan,nan,
1750921986.458080292,1,-2.559230915,-0.044139351,1.004439530,-0.015206342,0.945619535,-0.034973893,-0.323031405,945,643,474,1.286242313,1.169162065,0.810356723,0.810356723,0.000002091,1,0,ok,map,643,474,960,0,ok,55,TRACKING,39,0,0,-1,0,0,0,nan,nan,0,0,nan,nan,
1750921986.470080376,1,-2.545107529,-0.043997651,1.020113619,-0.014898933,0.943120079,-0.035276320,-0.330239488,951,619,449,1.394941815,1.277715336,0.875632301,0.875632301,0.000000000,1,0,ok,map,619,449,960,0,ok,49,TRACKING,39,0,0,-1,0,0,0,nan,nan,0,0,nan,nan,
1750921986.482080460,1,-2.532459791,-0.043415571,1.033531462,-0.014730892,0.940676107,-0.034943468,-0.337180095,961,607,430,1.375702439,1.278110160,0.844286414,0.844286414,0.000000000,1,0,ok,map,607,430,960,0,ok,39,TRACKING,39,0,0,-1,0,0,0,nan,nan,0,0,nan,nan,
1750921986.494080544,1,-2.517465927,-0.043314418,1.048461205,-0.014397850,0.938204277,-0.034097964,-0.344097029,950,597,410,1.383264950,1.274972395,0.848132041,0.848132041,0.000000000,1,0,ok,map,597,410,960,0,ok,50,TRACKING,39,0,0,-1,0,0,0,nan,nan,0,0,nan,nan,
1750921986.506080627,1,-2.497613080,-0.042513337,1.064088575,-0.014655552,0.936162372,-0.032966534,-0.349711933,932,571,396,1.386629741,1.302064876,0.824787545,0.824787545,0.000001708,1,0,ok,map,571,396,960,0,ok,68,TRACKING,40,1,1,10,36,0,0,nan,nan,23,6,0.260869565,nan,too few PnP inliers: 6
1750921986.518080711,1,-2.483346669,-0.041561544,1.077918723,-0.014871734,0.933652080,-0.032953763,-0.356351896,952,672,525,1.159847992,0.978959123,0.813824185,0.813824185,0.000002415,1,0,ok,map,672,525,1005,0,ok,48,TRACKING,40,0,0,-1,0,0,0,nan,nan,0,0,nan,nan,
1750921986.530080795,1,-2.468163331,-0.040918180,1.091695045,-0.014336077,0.931034548,-0.033236655,-0.363131482,942,652,493,1.273780840,1.108453952,0.835665968,0.835665968,0.000001708,1,0,ok,map,652,493,1005,0,ok,58,TRACKING,40,0,0,-1,0,0,0,nan,nan,0,0,nan,nan,
1750921986.542080879,1,-2.451947460,-0.041943254,1.106926278,-0.014118312,0.928422249,-0.033730880,-0.369722909,932,616,452,1.269014794,1.130012265,0.814833114,0.814833114,0.000000000,1,0,ok,map,616,452,1005,0,ok,68,TRACKING,40,0,0,-1,0,0,0,nan,nan,0,0,nan,nan,
1750921986.554080963,1,-2.439549289,-0.042883229,1.116608597,-0.014202257,0.925881923,-0.033254523,-0.376078579,939,599,430,1.383412461,1.280186745,0.786284663,0.786284663,0.000002700,1,0,ok,map,599,430,1005,0,ok,61,TRACKING,40,0,0,-1,0,0,0,nan,nan,0,0,nan,nan,
1750921986.566081047,1,-2.418278628,-0.041701953,1.132984559,-0.013536176,0.923775292,-0.031066635,-0.381432623,969,591,418,1.370272488,1.310025552,0.836655242,0.836655242,0.000001207,1,0,ok,map,591,418,1005,0,ok,31,TRACKING,41,1,0,-1,0,0,0,nan,nan,0,0,nan,nan,
1750921986.578081131,1,-2.403001352,-0.040335820,1.146662011,-0.013553854,0.921100793,-0.030734206,-0.387872443,975,714,547,1.131523687,0.949959074,0.799970965,0.799970965,0.000000000,1,0,ok,map,714,547,1066,0,ok,25,TRACKING,41,0,0,-1,0,0,0,nan,nan,0,0,nan,nan,
1750921986.590081215,1,-2.389668808,-0.040946317,1.157762368,-0.013811662,0.918505059,-0.030682641,-0.393974961,954,687,529,1.193913890,1.063163849,0.760527587,0.760527587,0.000001207,1,0,ok,map,687,529,1066,0,ok,46,TRACKING,41,0,0,-1,0,0,0,nan,nan,0,0,nan,nan,
1750921986.602081299,1,-2.372747794,-0.040671174,1.170687818,-0.013858351,0.915791823,-0.030236730,-0.400273686,956,668,503,1.289971688,1.153089332,0.787576681,0.787576681,0.000001207,1,0,ok,map,668,503,1066,0,ok,44,TRACKING,41,0,0,-1,0,0,0,nan,nan,0,0,nan,nan,
1750921986.614081383,1,-2.357458399,-0.041231615,1.181741958,-0.013487335,0.913069265,-0.029937153,-0.406480473,969,660,499,1.356240910,1.263927893,0.778582827,0.778582827,0.000001708,1,0,ok,map,660,499,1066,0,ok,31,TRACKING,41,0,0,-1,0,0,0,nan,nan,0,0,nan,nan,
1750921986.626081467,1,-2.343337625,-0.039326817,1.193276966,-0.011964052,0.910133929,-0.029345313,-0.413100406,963,649,491,1.339333011,1.270860564,0.850687966,0.850687966,0.000001708,1,0,ok,map,649,491,1066,0,ok,37,TRACKING,41,0,0,-1,0,0,0,nan,nan,0,0,nan,nan,
1750921986.638081551,1,-2.325602832,-0.040152948,1.206190845,-0.012905239,0.907444840,-0.029337031,-0.418947079,930,611,470,1.399557686,1.317668301,0.745293188,0.745293188,0.000001708,1,0,ok,map,611,470,1066,0,ok,70,TRACKING,41,0,0,-1,0,0,0,nan,nan,0,0,nan,nan,
1750921986.650081635,1,-2.306885043,-0.038938443,1.217811251,-0.013284858,0.905108833,-0.028633442,-0.424006649,947,591,450,1.355825876,1.307885189,0.804662749,0.804662749,0.000000000,1,0,ok,map,591,450,1066,0,ok,53,TRACKING,42,1,0,-1,0,0,0,nan,nan,0,0,nan,nan,
1750921986.662081718,1,-2.290647960,-0.038636049,1.229442239,-0.013907728,0.902111139,-0.028430226,-0.430341481,971,707,579,1.110413255,0.907441866,0.806595411,0.806595411,0.000001207,1,0,ok,map,707,579,1048,0,ok,29,TRACKING,42,0,0,-1,0,0,0,nan,nan,0,0,nan,nan,
1750921986.674081802,1,-2.274242792,-0.037976446,1.240766607,-0.013929709,0.899086892,-0.028492272,-0.436619875,974,696,551,1.164867606,1.037471160,0.798603927,0.798603927,0.000001207,1,0,ok,map,696,551,1048,0,ok,26,TRACKING,42,0,0,-1,0,0,0,nan,nan,0,0,nan,nan,
1750921986.686081886,1,-2.255135124,-0.038990964,1.252625524,-0.013739945,0.896023197,-0.028458054,-0.442881229,982,690,550,1.307697785,1.181196101,0.799091567,0.799091567,0.000002415,1,0,ok,map,690,550,1048,0,ok,18,TRACKING,42,0,0,-1,0,0,0,nan,nan,0,0,nan,nan,
1750921986.698081970,1,-2.238540591,-0.038659703,1.262313805,-0.012808466,0.892937540,-0.027163685,-0.449177724,974,680,528,1.319361102,1.226781713,0.824027191,0.824027191,0.000002700,1,0,ok,map,680,528,1048,0,ok,26,TRACKING,42,0,0,-1,0,0,0,nan,nan,0,0,nan,nan,
1750921986.710082054,1,-2.220551282,-0.037093036,1.273221696,-0.012329318,0.889839665,-0.026339109,-0.455345594,980,676,514,1.368557429,1.295126176,0.798442170,0.798442170,0.000001207,1,0,ok,map,676,514,1048,0,ok,20,TRACKING,42,0,0,-1,0,0,0,nan,nan,0,0,nan,nan,
1750921986.722082138,1,-2.204845393,-0.036817387,1.281560015,-0.012860679,0.886583844,-0.026826555,-0.461610254,961,664,484,1.437006656,1.391882122,0.813248950,0.813248950,0.000001708,1,0,ok,map,664,484,1048,0,ok,39,TRACKING,42,0,0,-1,0,0,0,nan,nan,0,0,nan,nan,
1750921986.734082222,1,-2.188114632,-0.036303389,1.292275613,-0.013968275,0.883216106,-0.027835603,-0.467930953,948,643,453,1.401597369,1.346963355,0.838463251,0.838463251,0.000001207,1,0,ok,map,643,453,1048,0,ok,52,TRACKING,42,0,0,-1,0,0,0,nan,nan,0,0,nan,nan,
1750921986.746082306,1,-2.170309070,-0.037507389,1.301906415,-0.013774298,0.879782683,-0.028600240,-0.474315008,953,625,439,1.441824678,1.359832198,0.835553027,0.835553027,0.000001708,1,0,ok,map,625,439,1048,0,ok,47,TRACKING,42,0,0,-1,0,0,0,nan,nan,0,0,nan,nan,
1750921986.758082390,1,-2.153927062,-0.038136893,1.312012229,-0.013610098,0.876360747,-0.027741882,-0.480663078,968,615,422,1.411158911,1.327411706,0.832439721,0.832439721,0.000002958,1,0,ok,map,615,422,1048,0,ok,32,TRACKING,42,0,0,-1,0,0,0,nan,nan,0,0,nan,nan,
1750921986.770082474,1,-2.136939591,-0.037396393,1.319772462,-0.013397025,0.873072924,-0.026434457,-0.486688205,986,613,403,1.438572836,1.325601933,0.801050720,0.801050720,0.000001708,1,0,ok,map,613,403,1048,0,ok,14,TRACKING,42,0,0,-1,0,0,0,nan,nan,0,0,nan,nan,
1750921986.782082558,1,-2.114907596,-0.034119199,1.331916173,-0.012887691,0.869706839,-0.024596393,-0.492786911,990,608,378,1.477783930,1.455055680,0.827624540,0.827624540,0.000001708,1,0,ok,map,608,378,1048,0,ok,10,TRACKING,42,0,0,-1,0,0,0,nan,nan,0,0,nan,nan,
1750921986.794082642,1,-2.093884851,-0.034851030,1.342240969,-0.013281129,0.866081337,-0.026030680,-0.499048227,979,600,358,1.535744014,1.504774735,0.846432005,0.846432005,0.000001207,1,0,ok,map,600,358,1048,0,ok,21,TRACKING,42,0,0,-1,0,0,0,nan,nan,0,0,nan,nan,
1750921986.806082726,1,-2.070965906,-0.034075928,1.353323324,0.013627837,-0.863167270,0.027821851,0.503966756,972,592,337,1.504324291,1.461312751,0.873005018,0.873005018,0.000001708,1,0,ok,map,592,337,1048,0,ok,28,TRACKING,43,1,0,-1,0,0,0,nan,nan,0,0,nan,nan,
1750921986.818082809,1,-2.051396837,-0.034588727,1.362710907,0.014280959,-0.859523483,0.028397511,0.510106869,978,762,537,1.235326359,1.098530046,0.824233977,0.824233977,0.000002415,1,0,ok,map,762,537,1104,0,ok,22,TRACKING,43,0,0,-1,0,0,0,nan,nan,0,0,nan,nan,
1750921986.830082893,1,-2.033543743,-0.036610288,1.370668023,0.014426276,-0.855912364,0.027002040,0.516213907,962,737,493,1.439209947,1.382354707,0.828749551,0.828749551,0.000001708,1,0,ok,map,737,493,1104,0,ok,38,TRACKING,43,0,0,-1,0,0,0,nan,nan,0,0,nan,nan,
1750921986.842082977,1,-2.017413768,-0.035018985,1.376104436,0.013791832,-0.852235435,0.024251923,0.522414006,973,723,470,1.526718249,1.471550584,0.887082163,0.887082163,0.000001708,1,0,ok,map,723,470,1104,0,ok,27,TRACKING,43,0,0,-1,0,0,0,nan,nan,0,0,nan,nan,
1750921986.854083061,1,-1.995531978,-0.031887814,1.385690145,0.014007430,-0.848384191,0.024930943,0.528608082,940,682,379,1.513761490,1.474404018,0.839780695,0.839780695,0.000002415,1,0,ok,map,682,379,1104,0,ok,60,TRACKING,43,0,0,-1,0,0,0,nan,nan,0,0,nan,nan,
1750921986.866083145,1,-1.978403912,-0.032129410,1.390888281,0.014599117,-0.844493890,0.027414613,0.534663796,971,672,370,1.463734801,1.431312113,0.875145793,0.875145793,0.000001708,1,0,ok,map,672,370,1104,0,ok,29,TRACKING,43,0,0,-1,0,0,0,nan,nan,0,0,nan,nan,
1750921986.878083229,1,-1.964846998,-0.032674480,1.396938278,0.014907442,-0.840641815,0.027566340,0.540684015,967,653,352,1.438165563,1.366229260,0.819948997,0.819948997,0.000002415,1,0,ok,map,653,352,1104,0,ok,33,TRACKING,43,0,0,-1,0,0,0,nan,nan,0,0,nan,nan,
1750921986.890083313,1,-1.942045257,-0.033191015,1.406289153,0.015281516,-0.836694263,0.026056823,0.546836563,962,625,325,1.441740557,1.366624800,0.856420266,0.856420266,0.000002091,1,0,ok,map,625,325,1104,0,ok,38,TRACKING,43,0,0,-1,0,0,0,nan,nan,0,0,nan,nan,
1750921986.902083397,1,-1.921812736,-0.033344582,1.414237388,0.014878124,-0.832813273,0.025211988,0.552779386,974,611,312,1.486217206,1.447115526,0.820398108,0.820398108,0.000001207,1,0,ok,map,611,312,1104,0,ok,26,TRACKING,43,0,0,-1,0,0,0,nan,nan,0,0,nan,nan,
1750921986.914083481,1,-1.896978418,-0.033556148,1.423691626,0.013967239,-0.829421530,0.024061077,0.557930019,965,594,298,1.609878646,1.591766073,0.819009510,0.819009510,0.000000000,1,0,ok,map,594,298,1104,0,ok,35,TRACKING,44,1,0,-1,0,0,0,nan,nan,0,0,nan,nan,
1750921986.926083565,1,-1.876152852,-0.032489215,1.430128753,0.014336005,-0.825420249,0.023740126,0.563837120,968,690,436,1.348515651,1.234294629,0.819496327,0.819496327,0.000001708,1,0,ok,map,690,436,1091,0,ok,32,TRACKING,44,0,0,-1,0,0,0,nan,nan,0,0,nan,nan,
1750921986.938083649,1,-1.858251366,-0.033105506,1.434566173,0.014564802,-0.821330182,0.024663946,0.569733524,960,670,411,1.445034756,1.408402760,0.829521453,0.829521453,0.000001708,1,0,ok,map,670,411,1091,0,ok,40,TRACKING,44,0,0,-1,0,0,0,nan,nan,0,0,nan,nan,
1750921986.950083733,1,-1.837234855,-0.035268048,1.441021891,0.014802397,-0.817256454,0.025089403,0.575537400,962,653,380,1.470384573,1.381619382,0.814470466,0.814470466,0.000001207,1,0,ok,map,653,380,1091,0,ok,38,TRACKING,44,0,0,-1,0,0,0,nan,nan,0,0,nan,nan,
1750921986.962083817,1,-1.819142643,-0.035061920,1.445050544,0.013781055,-0.813229931,0.024466697,0.581264606,958,629,361,1.498925426,1.393411626,0.813881509,0.813881509,0.000002091,1,0,ok,map,629,361,1091,0,ok,42,TRACKING,44,0,0,-1,0,0,0,nan,nan,0,0,nan,nan,
1750921986.974083900,1,-1.796659717,-0.032871182,1.451549258,0.012831184,-0.809130680,0.023618681,0.587013681,946,602,333,1.477229876,1.426098752,0.822168096,0.822168096,0.000001207,1,0,ok,map,602,333,1091,0,ok,54,TRACKING,44,0,0,-1,0,0,0,nan,nan,0,0,nan,nan,
1750921986.986083984,1,-1.788048897,-0.033294059,1.455357591,0.013420784,-0.805718201,0.022436851,0.591721768,955,587,329,1.483034553,1.391527438,0.776489553,0.776489553,0.000001207,1,0,ok,map,587,329,1091,0,ok,45,TRACKING,45,1,0,-1,0,0,0,nan,nan,0,0,nan,nan,
1750921986.998084068,1,-1.766165502,-0.033058123,1.459846418,0.013472909,-0.801370170,0.022201603,0.597604735,973,680,458,1.285143029,1.173047721,0.838736367,0.838736367,0.000002415,1,0,ok,map,680,458,1100,0,ok,27,TRACKING,45,0,0,-1,0,0,0,nan,nan,0,0,nan,nan,
1750921987.010084152,1,-1.744630490,-0.034219815,1.464444290,0.013812296,-0.797270521,0.022697316,0.603037121,972,668,445,1.389733154,1.267916830,0.782913114,0.782913114,0.000000000,1,0,ok,map,668,445,1100,0,ok,28,TRACKING,45,0,0,-1,0,0,0,nan,nan,0,0,nan,nan,
1750921987.022084236,1,-1.721795093,-0.036338719,1.470209214,0.013386136,-0.792955385,0.023006442,0.608698014,973,652,416,1.453854395,1.389609566,0.817893964,0.817893964,0.000002091,1,0,ok,map,652,416,1100,0,ok,27,TRACKING,45,0,0,-1,0,0,0,nan,nan,0,0,nan,nan,
1750921987.034084320,1,-1.705612102,-0.034454297,1.471232691,0.012963468,-0.788670622,0.022028034,0.614284433,985,646,397,1.428990498,1.372607807,0.815964393,0.815964393,0.000002415,1,0,ok,map,646,397,1100,0,ok,15,TRACKING,45,0,0,-1,0,0,0,nan,nan,0,0,nan,nan,
1750921987.046084404,1,-1.687587275,-0.034801268,1.473643526,0.012600146,-0.784374595,0.020694484,0.619814060,975,631,373,1.455385920,1.299941296,0.817891559,0.817891559,0.000002091,1,0,ok,map,631,373,1100,0,ok,25,TRACKING,45,0,0,-1,0,0,0,nan,nan,0,0,nan,nan,
1750921987.058084488,1,-1.659395813,-0.033318159,1.480803631,0.013888901,-0.780101411,0.020323111,0.625168664,979,624,350,1.505435915,1.458391557,0.799935294,0.799935294,0.000001708,1,0,ok,map,624,350,1100,0,ok,21,TRACKING,45,0,0,-1,0,0,0,nan,nan,0,0,nan,nan,
1750921987.070084572,1,-1.641258217,-0.034548992,1.483575355,0.015133007,-0.776220395,0.021500867,0.629913171,947,588,327,1.503847841,1.430030770,0.814228052,0.814228052,0.000001708,1,0,ok,map,588,327,1100,0,ok,53,TRACKING,46,1,0,-1,0,0,0,nan,nan,0,0,nan,nan,
1750921987.082084656,1,-1.618452277,-0.035318776,1.486953720,0.014134161,-0.771655384,0.021671250,0.635514398,975,650,394,1.422492683,1.286436205,0.836126138,0.836126138,0.000002415,1,0,ok,map,650,394,1053,0,ok,25,TRACKING,46,0,0,-1,0,0,0,nan,nan,0,0,nan,nan,
1750921987.094084740,1,-1.597785698,-0.036269244,1.489902000,0.013170590,-0.767396731,0.020747529,0.640701439,985,648,370,1.510971065,1.403547318,0.784123110,0.784123110,0.000001708,1,0,ok,map,648,370,1053,0,ok,15,TRACKING,46,0,0,-1,0,0,0,nan,nan,0,0,nan,nan,
1750921987.106084824,1,-1.577801735,-0.036068195,1.490018007,0.012307874,-0.763101351,0.019118697,0.645878719,987,646,364,1.582816948,1.560928884,0.799288139,0.799288139,0.000001708,1,0,ok,map,646,364,1053,0,ok,13,TRACKING,46,0,0,-1,0,0,0,nan,nan,0,0,nan,nan,
1750921987.118084908,1,-1.556055639,-0.034957706,1.493362144,0.011859443,-0.758536397,0.018978200,0.651246279,990,642,352,1.594007172,1.535494256,0.809235005,0.809235005,0.000001708,1,0,ok,map,642,352,1053,0,ok,10,TRACKING,46,0,0,-1,0,0,0,nan,nan,0,0,nan,nan,
1750921987.130084991,1,-1.531945800,-0.031965369,1.495847551,0.012408828,-0.753909748,0.019186195,0.656580538,969,627,325,1.587686007,1.511261064,0.811948135,0.811948135,0.000002415,1,0,ok,map,627,325,1053,0,ok,31,TRACKING,46,0,0,-1,0,0,0,nan,nan,0,0,nan,nan,
1750921987.142085075,1,-1.514324605,-0.032461343,1.493537405,0.013707129,-0.749294734,0.020845043,0.661766576,967,610,305,1.593084094,1.496583845,0.831329481,0.831329481,0.000002091,1,0,ok,map,610,305,1053,0,ok,33,TRACKING,46,0,0,-1,0,0,0,nan,nan,0,0,nan,nan,
1750921987.154085159,1,-1.502274845,-0.037080423,1.496106861,0.014102100,-0.745120543,0.020993940,0.666450119,976,598,287,1.592283906,1.579027305,0.801673061,0.801673061,0.000001708,1,0,ok,map,598,287,1053,0,ok,24,TRACKING,47,1,0,-1,0,0,0,nan,nan,0,0,nan,nan,
1750921987.166085243,1,-1.477317893,-0.037496531,1.497856124,0.013755950,-0.740484410,0.019549540,0.671648292,977,617,340,1.442634029,1.365383410,0.816106396,0.816106396,0.000002415,1,0,ok,map,617,340,989,0,ok,23,TRACKING,47,0,0,-1,0,0,0,nan,nan,0,0,nan,nan,
1750921987.178085327,1,-1.462770471,-0.037257302,1.498335119,0.012697753,-0.735740432,0.018092487,0.676902833,960,594,324,1.436382579,1.317874426,0.837056238,0.837056238,0.000001207,1,0,ok,map,594,324,989,0,ok,40,TRACKING,47,0,0,-1,0,0,0,nan,nan,0,0,nan,nan,
1750921987.190085411,1,-1.433288095,-0.034370461,1.500052479,0.012377196,-0.730968797,0.018015308,0.682060754,962,572,298,1.563318223,1.483171750,0.806072948,0.806072948,0.000001708,1,0,ok,map,572,298,989,0,ok,38,TRACKING,47,0,0,-1,0,0,0,nan,nan,0,0,nan,nan,
1750921987.202085495,1,-1.412575610,-0.034976485,1.498667784,0.013968653,-0.726475925,0.017613628,0.686824117,978,566,293,1.559087270,1.496435350,0.773554803,0.773554803,0.000001207,1,0,ok,map,566,293,989,0,ok,22,TRACKING,47,0,0,-1,0,0,0,nan,nan,0,0,nan,nan,
1750921987.214085579,1,-1.395397152,-0.035209190,1.499112827,0.014243956,-0.721892965,0.018439361,0.691612353,982,560,288,1.530571504,1.460677889,0.841619337,0.841619337,0.000001207,1,0,ok,map,560,288,989,0,ok,18,TRACKING,48,1,0,-1,0,0,0,nan,nan,0,0,nan,nan,
1750921987.226085663,1,-1.370800682,-0.034876915,1.499975479,0.014734967,-0.716850947,0.018882805,0.696814925,977,599,384,1.323133560,1.134194301,0.833661855,0.833661855,0.000002415,1,0,ok,map,599,384,855,0,ok,23,TRACKING,48,0,0,-1,0,0,0,nan,nan,0,0,nan,nan,
1750921987.238085747,1,-1.351999393,-0.036896799,1.498220835,0.014779870,-0.712045380,0.019469194,0.701707833,984,597,363,1.459860464,1.345278114,0.788770260,0.788770260,0.000000000,1,0,ok,map,597,363,855,0,ok,16,TRACKING,48,0,0,-1,0,0,0,nan,nan,0,0,nan,nan,
1750921987.250085831,1,-1.335078737,-0.037037919,1.498324348,0.014187440,-0.707060956,0.018876305,0.706758237,971,581,340,1.517793529,1.510814005,0.818778681,0.818778681,0.000001207,1,0,ok,map,581,340,855,0,ok,29,TRACKING,48,0,0,-1,0,0,0,nan,nan,0,0,nan,nan,
1750921987.262085915,1,-1.309208258,-0.037166216,1.496137463,0.013894432,-0.702144765,0.017740598,0.711677557,975,577,335,1.537745081,1.491503193,0.808211940,0.808211940,0.000002415,1,0,ok,map,577,335,855,0,ok,25,TRACKING,48,0,0,-1,0,0,0,nan,nan,0,0,nan,nan,
1750921987.274085999,1,-1.293149566,-0.035899677,1.495104935,0.013574113,-0.697655530,0.016907780,0.716105182,956,564,325,1.516100448,1.476788264,0.816949874,0.816949874,0.000001708,1,0,ok,map,564,325,855,0,ok,44,TRACKING,49,1,0,-1,0,0,0,nan,nan,0,0,nan,nan,
1750921987.286086082,1,-1.271141065,-0.034348732,1.491634352,0.014102042,-0.692768665,0.015871082,0.720847292,972,615,410,1.257124935,1.091389026,0.791616910,0.791616910,0.000001708,1,0,ok,map,615,410,799,0,ok,28,TRACKING,49,0,0,-1,0,0,0,nan,nan,0,0,nan,nan,
1750921987.298086166,1,-1.243703039,-0.035614584,1.488046769,0.013795950,-0.687566601,0.016472395,0.725803349,972,607,380,1.340298751,1.258472694,0.826962634,0.826962634,0.000001708,1,0,ok,map,607,380,799,0,ok,28,TRACKING,49,0,0,-1,0,0,0,nan,nan,0,0,nan,nan,
1750921987.310086250,1,-1.229587236,-0.034732845,1.488536346,0.014017741,-0.682239211,0.016378487,0.730811130,974,602,361,1.386238009,1.286672211,0.838299834,0.838299834,0.000002091,1,0,ok,map,602,361,799,0,ok,26,TRACKING,49,0,0,-1,0,0,0,nan,nan,0,0,nan,nan,
1750921987.322086334,1,-1.209363755,-0.037223382,1.485325229,0.014856787,-0.677192727,0.017277276,0.735452774,972,597,358,1.436880339,1.355589461,0.798234209,0.798234209,0.000001708,1,0,ok,map,597,358,799,0,ok,28,TRACKING,49,0,0,-1,0,0,0,nan,nan,0,0,nan,nan,
1750921987.334086418,1,-1.187181878,-0.039386265,1.481895763,0.013898000,-0.672007513,0.017640925,0.740203720,971,586,315,1.489387366,1.430911488,0.814403928,0.814403928,0.000002091,1,0,ok,map,586,315,799,0,ok,29,TRACKING,49,0,0,-1,0,0,0,nan,nan,0,0,nan,nan,
1750921987.346086502,1,-1.157103622,-0.044146877,1.479585826,0.013325142,-0.667501230,0.015808199,0.744321603,973,577,304,1.537794311,1.492426324,0.816473283,0.816473283,0.000002415,1,0,ok,map,577,304,799,0,ok,27,TRACKING,50,1,0,-1,0,0,0,nan,nan,0,0,nan,nan,
1750921987.358086586,1,-1.142168004,-0.040448203,1.475023357,0.012843374,-0.662506969,0.012237002,0.748845658,979,641,405,1.227338039,1.082064251,0.875674095,0.875674095,0.000001708,1,0,ok,map,641,405,782,0,ok,21,TRACKING,50,0,0,-1,0,0,0,nan,nan,0,0,nan,nan,
1750921987.370086670,1,-1.109164626,-0.032528883,1.471930600,0.012298558,-0.656966891,0.011865594,0.753725717,943,618,325,1.393470608,1.333623692,0.849389053,0.849389053,0.000002415,1,0,ok,map,618,325,782,0,ok,57,TRACKING,50,0,0,-1,0,0,0,nan,nan,0,0,nan,nan,
1750921987.382086754,1,-1.098879576,-0.034932998,1.467298503,0.013179941,-0.651611882,0.014200951,0.758305069,944,595,312,1.409486811,1.326212762,0.856586842,0.856586842,0.000001708,1,0,ok,map,595,312,782,0,ok,56,TRACKING,50,0,0,-1,0,0,0,nan,nan,0,0,nan,nan,
1750921987.394086838,1,-1.080834591,-0.038830941,1.460159561,0.013692016,-0.646032894,0.015510726,0.763029125,971,592,290,1.482394542,1.412149460,0.853070913,0.853070913,0.000002415,1,0,ok,map,592,290,782,0,ok,29,TRACKING,50,0,0,-1,0,0,0,nan,nan,0,0,nan,nan,
1750921987.406086922,1,-1.057688621,-0.039899282,1.456424781,0.014745247,-0.641041430,0.014660410,0.767224566,950,569,273,1.402863690,1.387045366,0.836534297,0.836534297,0.000001207,1,0,ok,map,569,273,782,0,ok,50,TRACKING,51,1,0,-1,0,0,0,nan,nan,0,0,nan,nan,
1750921987.418087006,1,-1.034476977,-0.039417610,1.449058178,0.014763132,-0.635708763,0.013037555,0.771677680,974,628,371,1.279722016,1.101658439,0.817558817,0.817558817,0.000001708,1,0,ok,map,628,371,732,0,ok,26,TRACKING,51,0,0,-1,0,0,0,nan,nan,0,0,nan,nan,
1750921987.430087090,1,-1.010336211,-0.038340676,1.443599428,0.013549767,-0.629959060,0.012516446,0.776409251,954,615,361,1.402582808,1.359093852,0.866595090,0.866595090,0.000001207,1,0,ok,map,615,361,732,0,ok,46,TRACKING,51,0,0,-1,0,0,0,nan,nan,0,0,nan,nan,
1750921987.442087173,1,-0.991644618,-0.038994572,1.438981078,0.012456629,-0.624118713,0.013005687,0.781121960,953,598,353,1.442788693,1.375448694,0.870849543,0.870849543,0.000001708,1,0,ok,map,598,353,732,0,ok,47,TRACKING,51,0,0,-1,0,0,0,nan,nan,0,0,nan,nan,
1750921987.454087257,1,-0.975708179,-0.037459370,1.436750155,0.012437387,-0.618517931,0.012713861,0.785569372,940,583,319,1.461648773,1.408030064,0.820222532,0.820222532,0.000001708,1,0,ok,map,583,319,732,0,ok,60,TRACKING,51,0,0,-1,0,0,0,nan,nan,0,0,nan,nan,
1750921987.466087341,1,-0.951927892,-0.035414261,1.427867334,0.013580492,-0.613310828,0.013705152,0.789605957,947,561,297,1.472960542,1.415907690,0.831399936,0.831399936,0.000002091,1,0,ok,map,561,297,732,0,ok,53,TRACKING,52,1,0,-1,0,0,0,nan,nan,0,0,nan,nan,
1750921987.478087425,1,-0.937318186,-0.035761859,1.424567329,0.014381637,-0.607672364,0.013828346,0.793937179,936,628,376,1.105309612,0.905229651,0.820022465,0.820022465,0.000002700,1,0,ok,map,628,376,794,0,ok,64,TRACKING,52,0,0,-1,0,0,0,nan,nan,0,0,nan,nan,
1750921987.490087509,1,-0.917375345,-0.038046978,1.416727525,0.014034049,-0.601785393,0.012901185,0.798430301,945,601,361,1.297388409,1.209296754,0.856185944,0.856185944,0.000002415,1,0,ok,map,601,361,794,0,ok,55,TRACKING,52,0,0,-1,0,0,0,nan,nan,0,0,nan,nan,
1750921987.502087593,1,-0.900635237,-0.038803840,1.410547658,0.012638564,-0.596030270,0.012091977,0.802771430,971,598,352,1.357695354,1.268326723,0.846499626,0.846499626,0.000002091,1,0,ok,map,598,352,794,0,ok,29,TRACKING,52,0,0,-1,0,0,0,nan,nan,0,0,nan,nan,
1750921987.514087677,1,-0.879203925,-0.036792539,1.403223382,0.011834054,-0.590126083,0.011644130,0.807140369,970,592,345,1.428374630,1.340846760,0.848249278,0.848249278,0.000002091,1,0,ok,map,592,345,794,0,ok,30,TRACKING,52,0,0,-1,0,0,0,nan,nan,0,0,nan,nan,
1750921987.526087761,1,-0.866866626,-0.033040434,1.397879448,0.012788313,-0.584868735,0.012132439,0.810936389,988,590,328,1.423927162,1.325291341,0.822855367,0.822855367,0.000000000,1,0,ok,map,590,328,794,0,ok,12,TRACKING,53,1,0,-1,0,0,0,nan,nan,0,0,nan,nan,
1750921987.538087845,1,-0.845689962,-0.032170012,1.389378243,0.013536710,-0.578828251,0.012303571,0.815244280,978,659,434,1.219115126,1.016389280,0.854725674,0.854725674,0.000000000,1,0,ok,map,659,434,823,0,ok,22,TRACKING,53,0,0,-1,0,0,0,nan,nan,0,0,nan,nan,
1750921987.550087929,1,-0.828924829,-0.033114906,1.381959280,0.014990570,-0.573033320,0.011734287,0.819310932,976,651,419,1.274088724,1.103976385,0.830744538,0.830744538,0.000001708,1,0,ok,map,651,419,823,0,ok,24,TRACKING,53,0,0,-1,0,0,0,nan,nan,0,0,nan,nan,
1750921987.562088013,1,-0.808418584,-0.036530697,1.370865106,0.015164261,-0.567027797,0.011946182,0.823472411,967,642,399,1.451915832,1.424407409,0.837847893,0.837847893,0.000002415,1,0,ok,map,642,399,823,0,ok,33,TRACKING,53,0,0,-1,0,0,0,nan,nan,0,0,nan,nan,
1750921987.574088097,1,-0.790741590,-0.043837519,1.368650596,0.013251401,-0.560997428,0.010458693,0.827645396,973,628,331,1.454610813,1.333137828,0.885037940,0.885037940,0.000002415,1,0,ok,map,628,331,823,0,ok,27,TRACKING,53,0,0,-1,0,0,0,nan,nan,0,0,nan,nan,
1750921987.586088181,1,-0.785188945,-0.034716399,1.358743565,0.009432988,-0.554872282,0.008416214,0.831839490,960,610,273,1.580113253,1.522419744,0.984822848,0.984822848,0.000001708,1,0,ok,map,610,273,823,0,ok,40,TRACKING,53,0,0,-1,0,0,0,nan,nan,0,0,nan,nan,
1750921987.598088264,1,-0.774445509,-0.022139079,1.348445045,0.010106546,-0.548631808,0.010462525,0.835937517,931,592,141,1.735478625,1.726453381,0.890419326,0.890419326,0.000002091,1,0,ok,map,592,141,823,1,ok,69,TRACKING,53,0,0,-1,0,0,0,nan,nan,0,0,nan,nan,
1750921987.610088348,1,-0.732948764,-0.023401824,1.331666687,0.015703482,-0.543843269,0.013588652,0.838929823,961,587,138,1.685422973,1.638154884,1.008724617,1.008724617,0.000002091,1,0,ok,map,587,138,823,0,ok,39,TRACKING,54,1,0,-1,0,0,0,nan,nan,0,0,nan,nan,
1750921987.622088432,1,-0.708121050,-0.035329075,1.318442622,0.016054905,-0.537636637,0.014383857,0.842901056,959,677,152,1.577021092,1.568358277,0.850212771,0.850212771,0.000001708,1,0,ok,map,677,152,900,1,ok,41,TRACKING,54,0,0,-1,0,0,0,nan,nan,0,0,nan,nan,
1750921987.634088516,1,-0.693628396,-0.030158351,1.304409257,0.014020592,-0.531085442,0.013262181,0.847098454,969,660,152,1.781470589,1.773874695,0.930475354,0.930475354,0.000002415,1,0,ok,map,660,152,900,0,ok,31,TRACKING,54,0,0,-1,0,0,0,nan,nan,0,0,nan,nan,
1750921987.646088600,1,-0.664802037,-0.034616136,1.294113937,0.013298759,-0.525264095,0.012101496,0.850749274,974,650,140,1.605730419,1.657318274,0.802836348,0.802836348,0.000001708,1,0,ok,map,650,140,900,0,ok,26,TRACKING,54,0,0,-1,0,0,0,nan,nan,0,0,nan,nan,
1750921987.658088684,1,-0.635215935,-0.026349869,1.288245587,0.012169870,-0.518786900,0.012305451,0.854728391,955,633,125,1.531231260,1.464503195,0.880967795,0.880967795,0.000002415,1,0,ok,map,633,125,900,0,ok,45,TRACKING,54,0,0,-1,0,0,0,nan,nan,0,0,nan,nan,
1750921987.670088768,1,-0.642311755,-0.035135557,1.278187967,0.014278122,-0.512737743,0.011932964,0.858343606,950,617,117,1.675912554,1.716815225,0.843986791,0.843986791,0.000001708,1,0,ok,map,617,117,900,0,ok,50,TRACKING,54,0,0,-1,0,0,0,nan,nan,0,0,nan,nan,
1750921987.682088852,1,-0.635698904,-0.027315364,1.269890142,0.016084247,-0.506845367,0.011529869,0.861809801,943,598,120,1.752695359,1.753250480,0.811575079,0.811575079,0.000001207,1,0,ok,map,598,120,900,2,ok,57,TRACKING,54,0,0,-1,0,0,0,nan,nan,0,0,nan,nan,
1750921987.694088936,1,-0.595224420,-0.028382692,1.253300966,0.015366082,-0.501030481,0.012022610,0.865209684,949,569,107,1.671668302,1.708541053,0.862728304,0.862728304,0.000002415,1,0,ok,map,569,107,900,0,ok,51,TRACKING,55,1,0,-1,0,0,0,nan,nan,0,0,nan,nan,
1750921987.706089020,1,-0.576431271,-0.028073217,1.240335569,0.014930904,-0.494828425,0.012430831,0.868773487,949,663,223,1.176191511,1.007636371,0.822528267,0.822528267,0.000002415,1,0,ok,map,663,223,941,0,ok,51,TRACKING,55,0,0,-1,0,0,0,nan,nan,0,0,nan,nan,
1750921987.718089104,1,-0.565042359,-0.025187161,1.232241134,0.014265223,-0.488489692,0.011770688,0.872373644,955,645,221,1.360604441,1.190755097,0.842227081,0.842227081,0.000002415,1,0,ok,map,645,221,941,0,ok,45,TRACKING,55,0,0,-1,0,0,0,nan,nan,0,0,nan,nan,
1750921987.730089188,1,-0.532205331,-0.015125748,1.214684525,0.014874314,-0.482441600,0.010941747,0.875733485,970,634,172,1.387408358,1.212714804,0.801537365,0.801537365,0.000002415,1,0,ok,map,634,172,941,0,ok,30,TRACKING,55,0,0,-1,0,0,0,nan,nan,0,0,nan,nan,
1750921987.742089272,1,-0.533305309,-0.022785960,1.206880742,0.016492330,-0.475942867,0.012141117,0.879237729,947,604,178,1.433556311,1.328356899,0.876981172,0.876981172,0.000002091,1,0,ok,map,604,178,941,1,ok,53,TRACKING,55,0,0,-1,0,0,0,nan,nan,0,0,nan,nan,
1750921987.754089355,1,-0.509472971,-0.024119523,1.191151720,0.017469994,-0.470273845,0.012946929,0.882252621,954,586,176,1.439356528,1.392357569,0.846376967,0.846376967,0.000001708,1,0,ok,map,586,176,941,1,ok,46,TRACKING,56,1,0,-1,0,0,0,nan,nan,0,0,nan,nan,
1750921987.766089439,1,-0.494048420,-0.024308070,1.181670265,0.017737303,-0.463665467,0.013726598,0.885726427,951,676,270,1.128835881,0.934244954,0.860716012,0.860716012,0.000001708,1,0,ok,map,676,270,976,0,ok,49,TRACKING,56,0,0,-1,0,0,0,nan,nan,0,0,nan,nan,
1750921987.778089523,1,-0.478218464,-0.023688466,1.168594982,0.017657548,-0.457583259,0.012079857,0.888909359,969,664,260,1.275309124,1.179676776,0.809008596,0.809008596,0.000001708,1,0,ok,map,664,260,976,0,ok,31,TRACKING,56,0,0,-1,0,0,0,nan,nan,0,0,nan,nan,
1750921987.790089607,1,-0.455919512,-0.020150195,1.150593565,0.017933216,-0.451237299,0.011655304,0.892147664,943,635,234,1.378738606,1.369293990,0.818461990,0.818461990,0.000002091,1,0,ok,map,635,234,976,0,ok,57,TRACKING,56,0,0,-1,0,0,0,nan,nan,0,0,nan,nan,
1750921987.802089691,1,-0.443933735,-0.022070799,1.139358430,0.019056725,-0.445041551,0.012742606,0.895216446,945,599,218,1.467516763,1.362165138,0.812303154,0.812303154,0.000001708,1,0,ok,map,599,218,976,0,ok,55,TRACKING,56,0,0,-1,0,0,0,nan,nan,0,0,nan,nan,
1750921987.814089775,1,-0.429002494,-0.019765668,1.127424654,0.018625907,-0.439482427,0.013778355,0.897952354,935,569,211,1.417138918,1.264959761,0.814556650,0.814556650,0.000001708,1,0,ok,map,569,211,976,0,ok,65,TRACKING,57,1,0,-1,0,0,0,nan,nan,0,0,nan,nan,
1750921987.826089859,1,-0.414678764,-0.019679813,1.112115108,0.018372834,-0.433373376,0.014827176,0.900905162,972,673,337,1.132823618,0.947092175,0.787301848,0.787301848,0.000001708,1,0,ok,map,673,337,1044,0,ok,28,TRACKING,57,0,0,-1,0,0,0,nan,nan,0,0,nan,nan,
1750921987.838089943,1,-0.398825885,-0.019950226,1.098486590,0.018399973,-0.427065753,0.014730359,0.903913325,968,663,325,1.163831079,1.044915248,0.800874971,0.800874971,0.000001708,1,0,ok,map,663,325,1044,0,ok,32,TRACKING,57,0,0,-1,0,0,0,nan,nan,0,0,nan,nan,
1750921987.850090027,1,-0.381166873,-0.019698825,1.082538936,0.018581694,-0.420817825,0.015011427,0.906830599,990,662,308,1.305350768,1.194901365,0.791091101,0.791091101,0.000002091,1,0,ok,map,662,308,1044,0,ok,10,TRACKING,57,0,0,-1,0,0,0,nan,nan,0,0,nan,nan,
1750921987.862090111,1,-0.373898375,-0.018570789,1.072950752,0.018996012,-0.414853397,0.014826275,0.909569124,957,640,301,1.401397404,1.360541891,0.753869743,0.753869743,0.000002415,1,0,ok,map,640,301,1044,0,ok,43,TRACKING,57,0,0,-1,0,0,0,nan,nan,0,0,nan,nan,
1750921987.874090195,1,-0.355784881,-0.019984635,1.060041678,0.019915367,-0.408657497,0.014565967,0.912354241,978,636,288,1.406357553,1.333785510,0.786094895,0.786094895,0.000000000,1,0,ok,map,636,288,1044,0,ok,22,TRACKING,57,0,0,-1,0,0,0,nan,nan,0,0,nan,nan,
1750921987.886090279,1,-0.339454150,-0.021841898,1.039346914,0.020402423,-0.402401705,0.014778028,0.915116506,983,631,281,1.436509471,1.336081345,0.785996327,0.785996327,0.000002091,1,0,ok,map,631,281,1044,0,ok,17,TRACKING,57,0,0,-1,0,0,0,nan,nan,0,0,nan,nan,
1750921987.898090363,1,-0.329607563,-0.021156726,1.028986387,0.019747903,-0.395927426,0.014640251,0.917952698,969,622,250,1.450462172,1.418140597,0.813582829,0.813582829,0.000000000,1,0,ok,map,622,250,1044,0,ok,31,TRACKING,57,0,0,-1,0,0,0,nan,nan,0,0,nan,nan,
1750921987.910090446,1,-0.316172767,-0.019831506,1.012405314,0.018910199,-0.390840167,0.014284544,0.920153422,954,590,246,1.468846532,1.332112492,0.740010638,0.740010638,0.000002091,1,0,ok,map,590,246,1044,0,ok,46,TRACKING,58,1,0,-1,0,0,0,nan,nan,0,0,nan,nan,
1750921987.922090530,1,-0.302452938,-0.016071473,1.000650072,0.019073859,-0.384225770,0.014787588,0.922923655,967,636,325,1.208102164,1.099585961,0.823980205,0.823980205,0.000002091,1,0,ok,map,636,325,994,0,ok,33,TRACKING,58,0,0,-1,0,0,0,nan,nan,0,0,nan,nan,
1750921987.934090614,1,-0.287766649,-0.017367153,0.981872977,0.021262747,-0.377763150,0.015782283,0.925523537,966,623,314,1.416824944,1.377972039,0.844453030,0.844453030,0.000001708,1,0,ok,map,623,314,994,0,ok,34,TRACKING,58,0,0,-1,0,0,0,nan,nan,0,0,nan,nan,
1750921987.946090698,1,-0.277475113,-0.019221504,0.967579256,0.023108394,-0.371521690,0.016403805,0.927991676,968,610,290,1.444797336,1.444958868,0.800833885,0.800833885,0.000001708,1,0,ok,map,610,290,994,0,ok,32,TRACKING,58,0,0,-1,0,0,0,nan,nan,0,0,nan,nan,
1750921987.958090782,1,-0.260160210,-0.022017003,0.943555732,0.022431559,-0.365123676,0.016048087,0.930550367,967,598,258,1.627968675,1.572495943,0.794461767,0.794461767,0.000002091,1,0,ok,map,598,258,994,0,ok,33,TRACKING,58,0,0,-1,0,0,0,nan,nan,0,0,nan,nan,
1750921987.970090866,1,-0.249794535,-0.023842425,0.937687672,0.020793656,-0.358866939,0.015756079,0.933024057,975,593,246,1.562047010,1.564704248,0.794195519,0.794195519,0.000002415,1,0,ok,map,593,246,994,0,ok,25,TRACKING,58,0,0,-1,0,0,0,nan,nan,0,0,nan,nan,
1750921987.982090950,1,-0.241929633,-0.017151129,0.921104894,0.018883691,-0.353319000,0.014739045,0.935196156,972,584,245,1.549570592,1.509146319,0.811119532,0.811119532,0.000002415,1,0,ok,map,584,245,994,0,ok,28,TRACKING,59,1,0,-1,0,0,0,nan,nan,0,0,nan,nan,
1750921987.994091034,1,-0.226152071,-0.019275002,0.898692672,0.018642666,-0.347007922,0.013459027,0.937580294,964,651,365,1.305713710,1.214004635,0.787357789,0.787357789,0.000001708,1,0,ok,map,651,365,913,0,ok,36,TRACKING,59,0,0,-1,0,0,0,nan,nan,0,0,nan,nan,
1750921988.006091118,1,-0.218437692,-0.012663291,0.890507396,0.017967005,-0.340522885,0.012871075,0.939976429,975,646,311,1.274067932,1.157325622,0.798856584,0.798856584,0.000001708,1,0,ok,map,646,311,913,0,ok,25,TRACKING,59,0,0,-1,0,0,0,nan,nan,0,0,nan,nan,
1750921988.018091202,1,-0.208599651,-0.015222030,0.879043724,0.020747725,-0.333309800,0.016034879,0.942452647,957,640,289,1.528554924,1.458710998,0.998346985,0.998346985,0.000002091,1,0,ok,map,640,289,913,0,ok,43,TRACKING,59,0,0,-1,0,0,0,nan,nan,0,0,nan,nan,
1750921988.030091286,1,-0.192307032,-0.021274611,0.855241263,0.021807364,-0.327331584,0.016502861,0.944513699,955,619,242,1.560815391,1.479816403,0.736681904,0.736681904,0.000002700,1,0,ok,map,619,242,913,0,ok,45,TRACKING,59,0,0,-1,0,0,0,nan,nan,0,0,nan,nan,
1750921988.042091370,1,-0.177243596,-0.027577857,0.823523374,0.019743612,-0.321079678,0.014574594,0.946734182,973,612,218,1.589788844,1.537525958,0.826286857,0.826286857,0.000001708,1,0,ok,map,612,218,913,0,ok,27,TRACKING,59,0,0,-1,0,0,0,nan,nan,0,0,nan,nan,
1750921988.054091454,1,-0.171391745,-0.021455324,0.817365755,0.016881183,-0.315176280,0.012312362,0.948803111,950,592,213,1.543265956,1.525048987,0.829836005,0.829836005,0.000001708,1,0,ok,map,592,213,913,0,ok,50,TRACKING,59,0,0,-1,0,0,0,nan,nan,0,0,nan,nan,
1750921988.066091537,1,-0.164975800,-0.013592410,0.812211003,0.016089624,-0.309146533,0.013934976,0.950776189,958,568,218,1.610561980,1.537200039,0.861193127,0.861193127,0.000000000,1,0,ok,map,568,218,913,0,ok,42,TRACKING,60,1,0,-1,0,0,0,nan,nan,0,0,nan,nan,
1750921988.078091621,1,-0.154366245,-0.013618242,0.795712255,0.017015981,-0.302327660,0.014724893,0.952938414,932,676,382,1.171767628,0.985375827,0.831516233,0.831516233,0.000002091,1,0,ok,map,676,382,969,0,ok,68,TRACKING,60,0,0,-1,0,0,0,nan,nan,0,0,nan,nan,
1750921988.090091705,1,-0.143667200,-0.013552434,0.776878538,0.017882920,-0.295940874,0.013983574,0.954936469,945,654,385,1.271630861,1.112098963,0.777911898,0.777911898,0.000002415,1,0,ok,map,654,385,969,0,ok,55,TRACKING,60,0,0,-1,0,0,0,nan,nan,0,0,nan,nan,
1750921988.102091789,1,-0.132094860,-0.016798147,0.757426730,0.018975060,-0.289364432,0.013518949,0.956935427,965,638,370,1.378056835,1.279163542,0.799305960,0.799305960,0.000001207,1,0,ok,map,638,370,969,0,ok,35,TRACKING,60,0,0,-1,0,0,0,nan,nan,0,0,nan,nan,
1750921988.114091873,1,-0.120778584,-0.022083402,0.737403410,0.017948515,-0.283079943,0.013114191,0.958838680,982,635,312,1.531054236,1.504713330,0.763002251,0.763002251,0.000001708,1,0,ok,map,635,312,969,0,ok,18,TRACKING,60,0,0,-1,0,0,0,nan,nan,0,0,nan,nan,
1750921988.126091957,1,-0.111161456,-0.020164219,0.720278629,0.014884007,-0.276242587,0.013094159,0.960883470,972,622,293,1.472681187,1.387264325,0.890004824,0.890004824,0.000001708,1,0,ok,map,622,293,969,0,ok,28,TRACKING,60,0,0,-1,0,0,0,nan,nan,0,0,nan,nan,
1750921988.138092041,1,-0.103807917,-0.013469247,0.709093138,0.014192270,-0.269895078,0.012735961,0.962700899,979,615,275,1.506294172,1.467220707,0.761847713,0.761847713,0.000000000,1,0,ok,map,615,275,969,0,ok,21,TRACKING,60,0,0,-1,0,0,0,nan,nan,0,0,nan,nan,
1750921988.150092125,1,-0.092897414,-0.014585291,0.682106540,0.015232850,-0.263402805,0.012567906,0.964483784,962,606,273,1.497106599,1.404001391,0.780901903,0.780901903,0.000002415,1,0,ok,map,606,273,969,0,ok,38,TRACKING,60,0,0,-1,0,0,0,nan,nan,0,0,nan,nan,
1750921988.162092209,1,-0.085539907,-0.013493224,0.666972979,0.015444950,-0.257466828,0.013179320,0.966073802,966,589,264,1.455651357,1.336158612,0.849832335,0.849832335,0.000002091,1,0,ok,map,589,264,969,0,ok,34,TRACKING,61,1,0,-1,0,0,0,nan,nan,0,0,nan,nan,
1750921988.174092293,1,-0.076343509,-0.012047588,0.647142378,0.016222560,-0.250867472,0.013872429,0.967786080,973,712,432,1.158132745,0.946045228,0.790338430,0.790338430,0.000001708,1,0,ok,map,712,432,1000,0,ok,27,TRACKING,61,0,0,-1,0,0,0,nan,nan,0,0,nan,nan,
1750921988.186092377,1,-0.066549150,-0.016968583,0.627698252,0.016647978,-0.243959838,0.014022912,0.969541026,974,699,389,1.362886406,1.247508968,0.818340079,0.818340079,0.000000000,1,0,ok,map,699,389,1000,0,ok,26,TRACKING,61,0,0,-1,0,0,0,nan,nan,0,0,nan,nan,
1750921988.198092461,1,-0.059008662,-0.017257364,0.605497832,0.015438492,-0.237563323,0.013177729,0.971159960,946,664,358,1.404657386,1.345730439,0.774775584,0.774775584,0.000002091,1,0,ok,map,664,358,1000,0,ok,54,TRACKING,61,0,0,-1,0,0,0,nan,nan,0,0,nan,nan,
1750921988.210092545,1,-0.050754231,-0.012974760,0.593388654,0.015191182,-0.231035537,0.011319593,0.972760852,918,619,345,1.482449041,1.304698166,0.799590251,0.799590251,0.000001708,1,0,ok,map,619,345,1000,0,ok,82,TRACKING,61,0,0,-1,0,0,0,nan,nan,0,0,nan,nan,
1750921988.222092628,1,-0.042986970,-0.017332298,0.572915235,0.016308885,-0.224338673,0.011717907,0.974304301,958,611,330,1.511044066,1.430627759,0.799175143,0.799175143,0.000001207,1,0,ok,map,611,330,1000,0,ok,42,TRACKING,61,0,0,-1,0,0,0,nan,nan,0,0,nan,nan,
1750921988.234092712,1,-0.037041234,-0.015622496,0.550795009,0.012976902,-0.218793900,0.011617786,0.975615629,938,585,310,1.447184983,1.373230616,0.819639407,0.819639407,0.000001207,1,0,ok,map,585,310,1000,0,ok,62,TRACKING,62,1,3,1,46,0,0,nan,nan,38,18,0.473684211,nan,too few PnP inliers: 18
1750921988.246092796,1,-0.028706592,-0.010960425,0.527923247,0.013236843,-0.211975052,0.011271274,0.977120423,916,626,342,1.361627339,1.241406351,0.801722716,0.801722716,0.000001708,1,0,ok,map,626,342,981,0,ok,84,TRACKING,62,0,0,-1,0,0,0,nan,nan,0,0,nan,nan,
1750921988.258092880,1,-0.022180387,-0.012755787,0.514428926,0.015100268,-0.205347329,0.011140897,0.978509242,941,597,327,1.370478339,1.211821120,0.804960548,0.804960548,0.000002415,1,0,ok,map,597,327,981,0,ok,59,TRACKING,62,0,0,-1,0,0,0,nan,nan,0,0,nan,nan,
1750921988.270092964,1,-0.015883332,-0.012782148,0.498074391,0.015160493,-0.198423044,0.010992503,0.979937559,945,574,316,1.401250233,1.303621981,0.810379254,0.810379254,0.000000000,1,0,ok,map,574,316,981,0,ok,55,TRACKING,62,0,0,-1,0,0,0,nan,nan,0,0,nan,nan,
1750921988.282093048,1,-0.008876367,-0.014669949,0.477327585,0.015032650,-0.191733187,0.010844586,0.981272031,962,558,313,1.481343771,1.433771885,0.782026710,0.782026710,0.000002091,1,0,ok,map,558,313,981,0,ok,38,TRACKING,62,0,0,-1,0,0,0,nan,nan,0,0,nan,nan,
1750921988.294093132,1,-0.005262034,-0.010572532,0.471329005,0.012658388,-0.186181010,0.010313331,0.982379780,959,536,308,1.539302408,1.507052432,0.798424459,0.798424459,0.000001207,1,0,ok,map,536,308,981,0,ok,41,TRACKING,63,1,2,0,44,1,0,0.001795973,0.000027662,41,23,0.560975610,1.816661502,ok
1750921988.306093216,1,-0.003560211,-0.011411327,0.436327042,0.012590321,-0.179090162,0.010316593,0.983698005,959,610,395,1.464043383,1.360858470,0.826511896,0.826511896,0.000001207,1,0,ok,map,610,395,1012,0,ok,41,TRACKING,63,0,0,-1,0,0,0,nan,nan,0,0,nan,nan,
1750921988.318093300,1,0.002759205,-0.011940349,0.409971318,0.012893845,-0.172468979,0.009301943,0.984886630,940,592,385,1.561122635,1.481451445,0.780356867,0.780356867,0.000002091,1,0,ok,map,592,385,1012,0,ok,60,TRACKING,63,0,0,-1,0,0,0,nan,nan,0,0,nan,nan,
1750921988.330093384,1,0.007944776,-0.013667398,0.395141443,0.013860050,-0.165561882,0.009061044,0.986060373,949,577,365,1.543856144,1.529384601,0.810912003,0.810912003,0.000002091,1,0,ok,map,577,365,1012,0,ok,51,TRACKING,63,0,0,-1,0,0,0,nan,nan,0,0,nan,nan,
1750921988.342093468,1,0.013262410,-0.014188243,0.372271097,0.013437581,-0.158676428,0.009066514,0.987197559,887,527,352,1.547294478,1.475440117,0.801169355,0.801169355,0.000002415,1,0,ok,map,527,352,1012,0,ok,113,TRACKING,63,0,0,-1,0,0,0,nan,nan,0,0,nan,nan,
1750921988.354093552,1,0.014501265,-0.008717252,0.359998272,0.010902434,-0.152723543,0.008569060,0.988171659,885,496,338,1.547702036,1.465806625,0.811261548,0.811261548,0.000002415,1,0,ok,map,496,338,1012,0,ok,115,TRACKING,64,1,0,-1,0,0,0,nan,nan,0,0,nan,nan,
1750921988.366093636,1,0.018765289,-0.009298370,0.337110078,0.010453142,-0.146059063,0.008375295,0.989185188,909,626,518,1.172638135,0.949032485,0.774507780,0.774507780,0.000001708,1,0,ok,map,626,518,1030,0,ok,91,TRACKING,64,0,0,-1,0,0,0,nan,nan,0,0,nan,nan,
1750921988.378093719,1,0.023255076,-0.009050722,0.315701306,0.010316195,-0.139108322,0.007770627,0.990192945,932,624,502,1.283766767,1.139208153,0.807955411,0.807955411,0.000000000,1,0,ok,map,624,502,1030,0,ok,68,TRACKING,64,0,0,-1,0,0,0,nan,nan,0,0,nan,nan,
1750921988.390093803,1,0.027547750,-0.011148220,0.293422460,0.011109570,-0.132272851,0.007427346,0.991123254,940,624,496,1.325866835,1.162413383,0.796692633,0.796692633,0.000000000,1,0,ok,map,624,496,1030,0,ok,60,TRACKING,64,0,0,-1,0,0,0,nan,nan,0,0,nan,nan,
1750921988.402093887,1,0.031214841,-0.012536493,0.272486983,0.010628026,-0.125331496,0.007633803,0.992028622,964,623,489,1.357799485,1.229876591,0.804403414,0.804403414,0.000001708,1,0,ok,map,623,489,1030,0,ok,36,TRACKING,64,0,0,-1,0,0,0,nan,nan,0,0,nan,nan,
1750921988.414093971,1,0.034713784,-0.014125786,0.253746653,0.009734513,-0.118485101,0.007713298,0.992878152,978,618,480,1.415979644,1.386518730,0.797212289,0.797212289,0.000002091,1,0,ok,map,618,480,1030,0,ok,22,TRACKING,64,0,0,-1,0,0,0,nan,nan,0,0,nan,nan,
1750921988.426094055,1,0.037750625,-0.014726802,0.229317161,0.008168358,-0.111921008,0.007029213,0.993658672,977,615,472,1.421700053,1.361540965,0.782397124,0.782397124,0.000001708,1,0,ok,map,615,472,1030,0,ok,23,TRACKING,64,0,0,-1,0,0,0,nan,nan,0,0,nan,nan,
1750921988.438094139,1,0.041946705,-0.014696510,0.209400954,0.007763224,-0.104638173,0.007390295,0.994452597,971,607,446,1.462791259,1.428450296,0.841797653,0.841797653,0.000002091,1,0,ok,map,607,446,1030,0,ok,29,TRACKING,64,0,0,-1,0,0,0,nan,nan,0,0,nan,nan,
1750921988.450094223,1,0.045078441,-0.015762578,0.189429977,0.007631061,-0.098430699,0.005354008,0.995100246,966,603,428,1.417985701,1.311122207,0.752442320,0.752442320,0.000001207,1,0,ok,map,603,428,1030,0,ok,34,TRACKING,64,0,0,-1,0,0,0,nan,nan,0,0,nan,nan,
1750921988.462094307,1,0.047350390,-0.015516483,0.163864260,0.007012149,-0.091530854,0.005645893,0.995761546,995,603,419,1.408597104,1.330442249,0.798150027,0.798150027,0.000001207,1,0,ok,map,603,419,1030,0,ok,5,TRACKING,64,0,0,-1,0,0,0,nan,nan,0,0,nan,nan,
1750921988.474094391,1,0.049804350,-0.017163001,0.142611519,0.006952241,-0.084872353,0.005244808,0.996353774,991,603,413,1.414597648,1.307245667,0.767429766,0.767429766,0.000002091,1,0,ok,map,603,413,1030,0,ok,9,TRACKING,64,0,0,-1,0,0,0,nan,nan,0,0,nan,nan,
1750921988.486094475,1,0.052352569,-0.018571889,0.118952623,0.007078255,-0.078164996,0.005180397,0.996901848,990,603,403,1.433366520,1.418757891,0.771340128,0.771340128,0.000001708,1,0,ok,map,603,403,1030,0,ok,10,TRACKING,64,0,0,-1,0,0,0,nan,nan,0,0,nan,nan,
1750921988.498094559,1,0.054437785,-0.021001875,0.100752705,0.006157812,-0.071368914,0.005888725,0.997413596,996,603,392,1.555659311,1.532495100,0.792239322,0.792239322,0.000001207,1,0,ok,map,603,392,1030,0,ok,4,TRACKING,64,0,0,-1,0,0,0,nan,nan,0,0,nan,nan,
1750921988.510094643,1,0.055932111,-0.025515354,0.084107593,0.006928986,-0.065895551,0.005711294,0.997786123,995,603,370,1.534138212,1.577178327,0.725845548,0.725845548,0.000001207,1,0,ok,map,603,370,1030,0,ok,5,TRACKING,65,1,0,-1,0,0,0,nan,nan,0,0,nan,nan,
1750921988.522094727,1,0.059398163,-0.032201982,0.064644693,0.007265421,-0.059195592,0.006359191,0.998199708,991,686,456,1.489488020,1.431895603,0.773757272,0.773757272,0.000001708,1,0,ok,map,686,456,1016,0,ok,9,TRACKING,65,0,0,-1,0,0,0,nan,nan,0,0,nan,nan,
1750921988.534094810,1,0.059459604,-0.030009137,0.036255351,0.003409656,-0.053879744,0.002852798,0.998537535,993,686,437,1.442031987,1.342220173,0.853951950,0.853951950,0.000001708,1,0,ok,map,686,437,1016,0,ok,7,TRACKING,65,0,0,-1,0,0,0,nan,nan,0,0,nan,nan,
1750921988.546094894,1,0.060388618,-0.016068646,0.021825221,0.002251137,-0.046463885,0.004489589,0.998907345,981,686,210,1.712597247,1.722598683,0.881337019,0.881337019,0.000001207,1,0,ok,map,686,210,1016,0,ok,19,TRACKING,65,0,0,-1,0,0,0,nan,nan,0,0,nan,nan,
1750921988.558094978,1,0.061970801,-0.021521510,0.000349724,0.007444110,-0.039158438,0.004937400,0.999193086,960,681,213,1.760479587,1.745901429,1.028897202,1.028897202,0.000000000,1,0,ok,map,681,213,1016,0,ok,40,TRACKING,65,0,0,-1,0,0,0,nan,nan,0,0,nan,nan,
1750921988.570095062,1,0.062176281,-0.029279148,-0.030220120,0.006878560,-0.033129411,0.003829339,0.999420064,981,676,184,1.645920461,1.619569095,0.705910480,0.705910480,0.000001708,1,0,ok,map,676,184,1016,0,ok,19,TRACKING,65,0,0,-1,0,0,0,nan,nan,0,0,nan,nan,
1750921988.582095146,1,0.063617115,-0.026905796,-0.050146994,0.005959391,-0.025323649,0.003409589,0.999655727,992,675,183,1.768160096,1.831094696,0.902344648,0.902344648,0.000001708,1,0,ok,map,675,183,1016,0,ok,8,TRACKING,65,0,0,-1,0,0,0,nan,nan,0,0,nan,nan,
1750921988.594095230,1,0.062895663,-0.027013416,-0.069080568,0.005031083,-0.019101808,0.000351483,0.999804824,984,670,170,1.720532340,1.805762144,0.801711025,0.801711025,0.000002091,1,0,ok,map,670,170,1016,0,ok,16,TRACKING,65,0,0,-1,0,0,0,nan,nan,0,0,nan,nan,
1750921988.606095314,1,0.061741117,-0.033776176,-0.090715157,0.006861444,-0.011188316,-0.000362968,0.999913802,989,667,154,1.783988091,1.900793235,0.934439626,0.934439626,0.000001708,1,0,ok,map,667,154,1016,0,ok,11,TRACKING,65,0,0,-1,0,0,0,nan,nan,0,0,nan,nan,
1750921988.618095398,1,0.063382077,-0.032406562,-0.109941367,0.008083402,-0.003706299,-0.002101098,0.999958253,995,667,167,1.692853919,1.691018516,0.891292005,0.891292005,0.000001708,1,0,ok,map,667,167,1016,0,ok,5,TRACKING,65,0,0,-1,0,0,0,nan,nan,0,0,nan,nan,
1750921988.630095482,1,0.061424573,-0.038236786,-0.134354991,0.006336238,0.003654368,-0.002459036,0.999970225,998,666,158,1.670412623,1.639955214,0.867879198,0.867879198,0.000001207,1,0,ok,map,666,158,1016,0,ok,2,TRACKING,65,0,0,-1,0,0,0,nan,nan,0,0,nan,nan,
1750921988.642095566,1,0.060646937,-0.036484295,-0.149001200,0.002656932,0.012025730,-0.003570208,0.999917785,996,665,140,1.598509685,1.511737776,1.055580712,1.055580712,0.000001708,1,0,ok,map,665,140,1016,0,ok,4,TRACKING,65,0,0,-1,0,0,0,nan,nan,0,0,nan,nan,
1750921988.654095650,1,0.060066095,-0.033775884,-0.173779118,0.002603261,0.019375615,-0.004894161,0.999796907,988,657,132,1.735243786,1.791237469,0.855926158,0.855926158,0.000001708,1,0,ok,map,657,132,1016,0,ok,12,TRACKING,65,0,0,-1,0,0,0,nan,nan,0,0,nan,nan,
1750921988.666095734,1,0.054928330,-0.038694861,-0.189389764,0.003581090,0.027444390,-0.005164002,0.999603579,981,646,128,1.771825467,1.822881051,0.949165143,0.949165143,0.000002091,1,0,ok,map,646,128,1016,0,ok,19,TRACKING,66,1,0,-1,0,0,0,nan,nan,0,0,nan,nan,
1750921988.678095818,1,0.053885959,-0.037236855,-0.215444876,0.003935867,0.035816981,-0.005329230,0.999336406,958,723,239,1.454723726,1.308831403,0.960966473,0.960966473,0.000001708,1,0,ok,map,723,239,961,1,ok,42,TRACKING,66,0,0,-1,0,0,0,nan,nan,0,0,nan,nan,
1750921988.690095901,1,0.050806636,-0.041308231,-0.232615446,0.004417275,0.043885435,-0.004932341,0.999014629,967,701,221,1.489947928,1.432417110,0.928072245,0.928072245,0.000001207,1,0,ok,map,701,221,961,0,ok,33,TRACKING,66,0,0,-1,0,0,0,nan,nan,0,0,nan,nan,
1750921988.702095985,1,0.049140589,-0.043117926,-0.250834080,0.003091303,0.052681070,-0.004159796,0.998597940,973,686,202,1.532312919,1.424875714,1.024248415,1.024248415,0.000001207,1,0,ok,map,686,202,961,0,ok,27,TRACKING,66,0,0,-1,0,0,0,nan,nan,0,0,nan,nan,
1750921988.714096069,1,0.046133123,-0.038522556,-0.268397860,0.002818551,0.060448371,-0.005260854,0.998153482,941,646,199,1.545853373,1.437232370,0.900951632,0.900951632,0.000001708,1,0,ok,map,646,199,961,0,ok,59,TRACKING,66,0,0,-1,0,0,0,nan,nan,0,0,nan,nan,
1750921988.726096153,1,0.041363836,-0.037175743,-0.294207439,0.004462469,0.068675345,-0.003965016,0.997621202,969,628,196,1.496726643,1.500987561,0.974692221,0.974692221,0.000002091,1,0,ok,map,628,196,961,0,ok,31,TRACKING,66,0,0,-1,0,0,0,nan,nan,0,0,nan,nan,
1750921988.738096237,1,0.040171421,-0.041065756,-0.308158131,0.006718690,0.076464152,-0.004790611,0.997038185,943,590,169,1.598651346,1.565184251,0.938474822,0.938474822,0.000002700,1,0,ok,map,590,169,961,0,ok,57,TRACKING,67,1,0,-1,0,0,0,nan,nan,0,0,nan,nan,
1750921988.750096321,1,0.034847594,-0.042345132,-0.331497904,0.005401040,0.083747574,-0.005412106,0.996457667,983,655,249,1.381825761,1.282145878,0.853748964,0.853748964,0.000001207,1,0,ok,map,655,249,943,0,ok,17,TRACKING,67,0,0,-1,0,0,0,nan,nan,0,0,nan,nan,
1750921988.762096405,1,0.032214820,-0.041528101,-0.349921073,0.003499759,0.091606199,-0.006105074,0.995770447,978,645,241,1.439754289,1.335374044,0.933240518,0.933240518,0.000001207,1,0,ok,map,645,241,943,0,ok,22,TRACKING,67,0,0,-1,0,0,0,nan,nan,0,0,nan,nan,
1750921988.774096489,1,0.026610350,-0.041630860,-0.372214141,0.004078661,0.098874207,-0.007163438,0.995065797,975,636,236,1.532689523,1.482689095,0.848101171,0.848101171,0.000001708,1,0,ok,map,636,236,943,0,ok,25,TRACKING,67,0,0,-1,0,0,0,nan,nan,0,0,nan,nan,
1750921988.786096573,1,0.024021744,-0.043286008,-0.391662565,0.005684227,0.106807780,-0.006557953,0.994241812,980,629,219,1.401333521,1.310284021,0.934925009,0.934925009,0.000001708,1,0,ok,map,629,219,943,0,ok,20,TRACKING,67,0,0,-1,0,0,0,nan,nan,0,0,nan,nan,
1750921988.798096657,1,0.020294498,-0.043870722,-0.413592208,0.005585769,0.114180790,-0.007986993,0.993412177,960,616,220,1.441724080,1.277216898,0.865918632,0.865918632,0.000002091,1,0,ok,map,616,220,943,0,ok,40,TRACKING,67,0,0,-1,0,0,0,nan,nan,0,0,nan,nan,
1750921988.810096741,1,0.015641310,-0.046175144,-0.434990821,0.006454569,0.121684495,-0.008286931,0.992513249,974,601,211,1.502835186,1.380837386,0.872392704,0.872392704,0.000001708,1,0,ok,map,601,211,943,0,ok,26,TRACKING,67,0,0,-1,0,0,0,nan,nan,0,0,nan,nan,
1750921988.822096825,1,0.009645498,-0.045600713,-0.456235999,0.005256411,0.128840680,-0.009009550,0.991610446,971,586,185,1.439231360,1.435747255,0.863377351,0.863377351,0.000002091,1,0,ok,map,586,185,943,0,ok,29,TRACKING,68,1,0,-1,0,0,0,nan,nan,0,0,nan,nan,
1750921988.834096909,1,0.006049992,-0.046401851,-0.471388829,0.005468674,0.136404127,-0.008553375,0.990601256,963,642,282,1.259728216,1.135362087,0.876289335,0.876289335,0.000000000,1,0,ok,map,642,282,944,0,ok,37,TRACKING,68,0,0,-1,0,0,0,nan,nan,0,0,nan,nan,
1750921988.846096992,1,-0.002254655,-0.047337535,-0.496350079,0.005752963,0.144155238,-0.009046180,0.989497012,953,615,275,1.333187830,1.252365185,0.899547848,0.899547848,0.000001708,1,0,ok,map,615,275,944,0,ok,47,TRACKING,68,0,0,-1,0,0,0,nan,nan,0,0,nan,nan,
1750921988.858097076,1,-0.009133402,-0.049683750,-0.516799777,0.005590112,0.151604454,-0.009550585,0.988379293,972,605,268,1.337152785,1.237240340,0.865309164,0.865309164,0.000001207,1,0,ok,map,605,268,944,0,ok,28,TRACKING,68,0,0,-1,0,0,0,nan,nan,0,0,nan,nan,
1750921988.870097160,1,-0.015695354,-0.050139749,-0.538539377,0.004609450,0.159277594,-0.010642631,0.987165708,970,592,257,1.351143074,1.221938421,0.905958124,0.905958124,0.000001708,1,0,ok,map,592,257,944,0,ok,30,TRACKING,68,0,0,-1,0,0,0,nan,nan,0,0,nan,nan,
1750921988.882097244,1,-0.020707801,-0.052790161,-0.556769558,0.005299877,0.166912037,-0.011252711,0.985893331,957,565,241,1.316970121,1.169474497,0.892463273,0.892463273,0.000001207,1,0,ok,map,565,241,944,0,ok,43,TRACKING,69,1,0,-1,0,0,0,nan,nan,0,0,nan,nan,
1750921988.894097328,1,-0.030274490,-0.053962284,-0.579215095,0.004449167,0.174429362,-0.011088327,0.984597203,947,514,289,1.109363441,0.842016897,0.879755306,0.879755306,0.000002091,1,0,ok,map,514,289,853,0,ok,53,TRACKING,69,0,0,-1,0,0,0,nan,nan,0,0,nan,nan,
1750921988.906097412,1,-0.038057861,-0.054836514,-0.599401593,0.003286946,0.182117392,-0.012064940,0.983197279,955,486,276,1.193195309,1.033251672,0.912212628,0.912212628,0.000002091,1,0,ok,map,486,276,853,0,ok,45,TRACKING,69,0,0,-1,0,0,0,nan,nan,0,0,nan,nan,
1750921988.918097496,1,-0.046204823,-0.055591088,-0.617734793,0.003732395,0.189761135,-0.011199337,0.981759317,950,460,253,1.212732449,1.068961525,0.898229298,0.898229298,0.000000000,1,0,ok,map,460,253,853,0,ok,50,TRACKING,69,0,0,-1,0,0,0,nan,nan,0,0,nan,nan,
1750921988.930097580,1,-0.054110645,-0.054854181,-0.637036679,0.003159769,0.197346835,-0.012061151,0.980254442,961,440,242,1.235961209,1.024876171,0.894096403,0.894096403,0.000001708,1,0,ok,map,440,242,853,0,ok,39,TRACKING,69,0,0,-1,0,0,0,nan,nan,0,0,nan,nan,
1750921988.942097664,1,-0.065331825,-0.057298066,-0.662235425,0.004476536,0.204879530,-0.013216129,0.978687730,961,419,230,1.241042056,1.070185559,0.892115093,0.892115093,0.000000000,1,0,ok,map,419,230,853,0,ok,39,TRACKING,70,1,0,-1,0,0,0,nan,nan,0,0,nan,nan,
1750921988.954097748,1,-0.072232305,-0.057964621,-0.678708939,0.005207480,0.212184189,-0.014003311,0.977115479,962,386,294,0.953785987,0.741391705,0.865027543,0.865027543,0.000001708,1,0,ok,map,386,294,747,0,ok,38,TRACKING,70,0,0,-1,0,0,0,nan,nan,0,0,nan,nan,
1750921988.966097832,1,-0.083812515,-0.059726806,-0.700744379,0.005078320,0.219572836,-0.014015516,0.975482212,961,380,283,1.008044845,0.864033590,0.867245118,0.867245118,0.000000000,1,0,ok,map,380,283,747,0,ok,39,TRACKING,70,0,0,-1,0,0,0,nan,nan,0,0,nan,nan,
1750921988.978097916,1,-0.095344157,-0.060509280,-0.721341357,0.004225808,0.226600688,-0.013692015,0.973882333,932,356,280,1.090064344,0.930057189,0.832521569,0.832521569,0.000001708,1,0,ok,map,356,280,747,0,ok,68,TRACKING,70,0,0,-1,0,0,0,nan,nan,0,0,nan,nan,
1750921988.990098000,1,-0.105790463,-0.060955900,-0.741086525,0.003636872,0.233540081,-0.014295524,0.972235281,972,354,274,1.149763902,0.970071161,0.822981580,0.822981580,0.000000000,1,0,ok,map,354,274,747,0,ok,28,TRACKING,70,0,0,-1,0,0,0,nan,nan,0,0,nan,nan,
1750921989.002098083,1,-0.117292764,-0.062839904,-0.762364803,0.004298126,0.240173558,-0.014123455,0.970617698,974,353,266,1.156799762,0.979532791,0.770511111,0.770511111,0.000001207,1,0,ok,map,353,266,747,0,ok,26,TRACKING,71,1,0,-1,0,0,0,nan,nan,0,0,nan,nan,
1750921989.014098167,1,-0.128625987,-0.063285469,-0.782326187,0.004401328,0.247018467,-0.014429693,0.968893332,962,355,294,0.970122337,0.843477338,0.809724270,0.809724270,0.000001708,1,0,ok,map,355,294,598,0,ok,38,TRACKING,71,0,0,-1,0,0,0,nan,nan,0,0,nan,nan,
1750921989.026098251,1,-0.139802030,-0.065578052,-0.801193606,0.004368826,0.253268571,-0.015775269,0.967257507,976,351,289,1.021459015,0.873521044,0.756230602,0.756230602,0.000001708,1,0,ok,map,351,289,598,0,ok,24,TRACKING,71,0,0,-1,0,0,0,nan,nan,0,0,nan,nan,
1750921989.038098335,1,-0.153018982,-0.064613697,-0.821738795,0.003062882,0.259762110,-0.015243357,0.965547464,980,350,282,1.102956995,1.000800369,0.786259350,0.786259350,0.000001708,1,0,ok,map,350,282,598,0,ok,20,TRACKING,71,0,0,-1,0,0,0,nan,nan,0,0,nan,nan,
1750921989.050098419,1,-0.164453550,-0.064192838,-0.838757066,0.003925208,0.266492032,-0.015361503,0.963706705,986,348,276,1.244519477,1.122533107,0.805718056,0.805718056,0.000001708,1,0,ok,map,348,276,598,0,ok,14,TRACKING,71,0,0,-1,0,0,0,nan,nan,0,0,nan,nan,
1750921989.062098503,1,-0.180088102,-0.069435416,-0.860829291,0.006174380,0.272582102,-0.014374397,0.962005328,975,347,231,1.321375539,1.245412543,0.733052169,0.733052169,0.000002091,1,0,ok,map,347,231,598,0,ok,25,TRACKING,72,1,0,-1,0,0,0,nan,nan,0,0,nan,nan,
1750921989.074098587,1,-0.192765621,-0.070547327,-0.879682487,0.004209404,0.279674489,-0.010464011,0.960028628,975,375,265,1.260947376,1.138316733,0.981495121,0.981495121,0.000000000,1,0,ok,map,375,265,557,0,ok,25,TRACKING,72,0,0,-1,0,0,0,nan,nan,0,0,nan,nan,
1750921989.086098671,1,-0.206749612,-0.061873845,-0.898393526,-0.000262544,0.285461932,-0.011559657,0.958320296,979,369,218,1.444864131,1.381939047,0.869778895,0.869778895,0.000001708,1,0,ok,map,369,218,557,0,ok,21,TRACKING,72,0,0,-1,0,0,0,nan,nan,0,0,nan,nan,
1750921989.098098755,1,-0.218261136,-0.062159301,-0.915498829,0.003110199,0.292062554,-0.012696724,0.956309879,958,365,199,1.549463184,1.527800831,0.889680769,0.889680769,0.000001207,1,0,ok,map,365,199,557,0,ok,42,TRACKING,72,0,0,-1,0,0,0,nan,nan,0,0,nan,nan,
1750921989.110098839,1,-0.234443621,-0.066533204,-0.936292330,0.006716750,0.298470887,-0.014317411,0.954287706,921,359,196,1.464954095,1.445306451,0.893447274,0.893447274,0.000002091,1,0,ok,map,359,196,557,0,ok,79,TRACKING,72,0,0,-1,0,0,0,nan,nan,0,0,nan,nan,
1750921989.122098923,1,-0.249367613,-0.068717483,-0.955651200,0.006811938,0.305183265,-0.014556468,0.952158013,966,358,190,1.463492439,1.394253302,0.785950352,0.785950352,0.000001708,1,0,ok,map,358,190,557,1,ok,34,TRACKING,73,1,7,10,85,1,0,0.000190128,0.000037898,73,34,0.465753425,1.576157511,ok
1750921989.134099007,1,-0.264763570,-0.070261994,-0.970662538,0.005561255,0.311868226,-0.014448008,0.949999230,975,399,246,1.379720708,1.315682490,0.817747466,0.817747466,0.000001708,1,0,ok,map,399,246,456,1,ok,25,TRACKING,73,0,0,-1,0,0,0,nan,nan,0,0,nan,nan,
1750921989.146099091,1,-0.281904365,-0.071522907,-0.989776252,0.004779395,0.318260894,-0.013875874,0.947889562,982,398,241,1.454512174,1.359288394,0.779355012,0.779355012,0.000001708,1,0,ok,map,398,241,456,1,ok,18,TRACKING,73,0,0,-1,0,0,0,nan,nan,0,0,nan,nan,
1750921989.158099174,1,-0.296078082,-0.070845701,-1.006462315,0.003001550,0.324580509,-0.014020287,0.945749393,980,395,232,1.511526607,1.475694441,0.791425760,0.791425760,0.000001708,1,0,ok,map,395,232,456,1,ok,20,TRACKING,73,0,0,-1,0,0,0,nan,nan,0,0,nan,nan,
1750921989.170099258,1,-0.307061554,-0.070181796,-1.018632051,0.003765185,0.330989643,-0.014874686,0.943509631,980,391,212,1.475336440,1.445116256,0.788993068,0.788993068,0.000001207,1,0,ok,map,391,212,456,1,ok,20,TRACKING,73,0,0,-1,0,0,0,nan,nan,0,0,nan,nan,
1750921989.182099342,1,-0.313923393,-0.072714892,-1.026035069,0.007463156,0.338037609,-0.014425197,0.940992449,974,390,201,1.477039454,1.420091859,0.943092042,0.943092042,0.000001708,1,0,ok,map,390,201,456,1,ok,26,TRACKING,74,1,0,-1,0,0,0,nan,nan,0,0,nan,nan,
1750921989.194099426,1,-0.333564951,-0.073421534,-1.045692091,0.008757930,0.344259274,-0.014018262,0.938729109,970,415,248,1.384769258,1.388856544,0.774439197,0.774439197,0.000002091,1,0,ok,map,415,248,453,1,ok,30,TRACKING,74,0,0,-1,0,0,0,nan,nan,0,0,nan,nan,
1750921989.206099510,1,-0.348757098,-0.074304588,-1.060943300,0.008834305,0.350745718,-0.013748588,0.936328133,960,411,243,1.514984506,1.461539773,0.793230136,0.793230136,0.000001708,1,0,ok,map,411,243,453,0,ok,40,TRACKING,74,0,0,-1,0,0,0,nan,nan,0,0,nan,nan,
1750921989.218099594,1,-0.364027935,-0.073920345,-1.077313987,0.008121148,0.356927727,-0.014524074,0.933983777,927,390,234,1.564452460,1.567967401,0.767193541,0.767193541,0.000001207,1,0,ok,map,390,234,453,1,ok,73,TRACKING,74,0,0,-1,0,0,0,nan,nan,0,0,nan,nan,
1750921989.230099678,1,-0.379839302,-0.074622938,-1.093151958,0.007152040,0.362878678,-0.014796427,0.931691461,930,382,223,1.515467095,1.523396960,0.739821549,0.739821549,0.000002415,1,0,ok,map,382,223,453,1,ok,70,TRACKING,74,0,0,-1,0,0,0,nan,nan,0,0,nan,nan,
1750921989.242099762,1,-0.388562742,-0.077250120,-1.100427392,0.007471285,0.369103850,-0.014284477,0.929248342,858,368,214,1.450785671,1.436833382,0.770313891,0.770313891,0.000001708,1,0,ok,map,368,214,453,1,ok,142,TRACKING,75,1,0,-1,0,0,0,nan,nan,0,0,nan,nan,
1750921989.254099846,1,-0.403447155,-0.077708856,-1.114215935,0.007978003,0.375370042,-0.014070145,0.926733896,892,334,252,1.174037377,1.026826861,0.776272076,0.776272076,0.000000000,1,0,ok,map,334,252,402,0,ok,108,TRACKING,75,0,0,-1,0,0,0,nan,nan,0,0,nan,nan,
1750921989.266099930,1,-0.422213348,-0.077311379,-1.130492893,0.008604723,0.381483839,-0.014476403,0.924222091,932,334,250,1.311520653,1.243511672,0.762233429,0.762233429,0.000000000,1,0,ok,map,334,250,402,0,ok,68,TRACKING,75,0,0,-1,0,0,0,nan,nan,0,0,nan,nan,
1750921989.278100014,1,-0.438390963,-0.078991389,-1.144284913,0.009369991,0.387537267,-0.015539190,0.921675433,950,331,247,1.471324472,1.404213580,0.767376644,0.767376644,0.000001708,1,0,ok,map,331,247,402,0,ok,50,TRACKING,75,0,0,-1,0,0,0,nan,nan,0,0,nan,nan,
1750921989.290100098,1,-0.455876346,-0.079207611,-1.159555500,0.009561967,0.393650483,-0.015711884,0.919076168,965,330,239,1.470805710,1.403661696,0.761791866,0.761791866,0.000002415,1,0,ok,map,330,239,402,0,ok,35,TRACKING,75,0,0,-1,0,0,0,nan,nan,0,0,nan,nan,
1750921989.302100182,1,-0.470603015,-0.082284023,-1.169712469,0.010271209,0.399742769,-0.014878940,0.916449037,975,330,239,1.510785945,1.465127669,0.775953641,0.775953641,0.000001708,1,0,ok,map,330,239,402,0,ok,25,TRACKING,76,1,0,-1,0,0,0,nan,nan,0,0,nan,nan,
1750921989.314100266,1,-0.487092203,-0.081747512,-1.183672522,0.010104678,0.406157809,-0.014887106,0.913625801,962,376,302,1.282985917,1.067588303,0.803379309,0.803379309,0.000001708,1,0,ok,map,376,302,430,0,ok,38,TRACKING,76,0,0,-1,0,0,0,nan,nan,0,0,nan,nan,
1750921989.326100349,1,-0.505718253,-0.083468258,-1.198226920,0.010098450,0.411954092,-0.016433771,0.911000427,962,374,298,1.342739111,1.205356401,0.750393967,0.750393967,0.000001207,1,0,ok,map,374,298,430,0,ok,38,TRACKING,76,0,0,-1,0,0,0,nan,nan,0,0,nan,nan,
1750921989.338100433,1,-0.521279642,-0.083445549,-1.210145117,0.009408530,0.418002358,-0.016999392,0.908238146,962,372,291,1.336603601,1.236886058,0.768770181,0.768770181,0.000001708,1,0,ok,map,372,291,430,0,ok,38,TRACKING,76,0,0,-1,0,0,0,nan,nan,0,0,nan,nan,
1750921989.350100517,1,-0.543634418,-0.083973095,-1.225484630,0.009112911,0.424543982,-0.016977998,0.905202248,968,370,279,1.327581771,1.208639329,0.827106567,0.827106567,0.000001207,1,0,ok,map,370,279,430,0,ok,32,TRACKING,76,0,0,-1,0,0,0,nan,nan,0,0,nan,nan,
1750921989.362100601,1,-0.553651850,-0.087971103,-1.228523181,0.009716615,0.430223664,-0.016407533,0.902520902,960,368,278,1.345366332,1.201571344,0.781365174,0.781365174,0.000002091,1,0,ok,map,368,278,430,0,ok,40,TRACKING,77,1,0,-1,0,0,0,nan,nan,0,0,nan,nan,
1750921989.374100685,1,-0.570893767,-0.086942076,-1.241442182,0.009005130,0.436538519,-0.016750128,0.899484554,853,403,331,1.158671530,0.955425950,0.808017551,0.808017551,0.000002415,1,0,ok,map,403,331,457,0,ok,147,TRACKING,77,0,0,-1,0,0,0,nan,nan,0,0,nan,nan,
1750921989.386100769,1,-0.591344644,-0.087767991,-1.255329091,0.009719800,0.442701243,-0.017460673,0.896446462,929,403,323,1.264361192,1.111573707,0.795772122,0.795772122,0.000001708,1,0,ok,map,403,323,457,0,ok,71,TRACKING,77,0,0,-1,0,0,0,nan,nan,0,0,nan,nan,
1750921989.398100853,1,-0.612255165,-0.088359424,-1.268326223,0.009933865,0.448818740,-0.017085961,0.893404235,964,403,314,1.311374157,1.156333964,0.784473813,0.784473813,0.000001207,1,0,ok,map,403,314,457,0,ok,36,TRACKING,77,0,0,-1,0,0,0,nan,nan,0,0,nan,nan,
1750921989.410100937,1,-0.627636093,-0.088789891,-1.278968745,0.008782307,0.455302460,-0.016929028,0.890132546,954,403,308,1.376976207,1.233874036,0.842801503,0.842801503,0.000001207,1,0,ok,map,403,308,457,0,ok,46,TRACKING,77,0,0,-1,0,0,0,nan,nan,0,0,nan,nan,
1750921989.422101021,1,-0.640127560,-0.091187624,-1.281091996,0.008827117,0.460564764,-0.016971722,0.887419935,975,401,294,1.333454192,1.269185780,0.770928424,0.770928424,0.000002091,1,0,ok,map,401,294,457,0,ok,25,TRACKING,78,1,0,-1,0,0,0,nan,nan,0,0,nan,nan,
1750921989.434101105,1,-0.660119409,-0.090994971,-1.292966516,0.009101285,0.466628441,-0.017669843,0.884230084,965,437,345,1.127620997,0.939115390,0.789818304,0.789818304,0.000002415,1,0,ok,map,437,345,463,0,ok,35,TRACKING,78,0,0,-1,0,0,0,nan,nan,0,0,nan,nan,
1750921989.446101189,1,-0.676350382,-0.091856622,-1.304515476,0.009021893,0.472922401,-0.018314096,0.880867528,957,435,331,1.134967743,0.997226288,0.821089014,0.821089014,0.000001207,1,0,ok,map,435,331,463,0,ok,43,TRACKING,78,0,0,-1,0,0,0,nan,nan,0,0,nan,nan,
1750921989.458101273,1,-0.697803224,-0.092546132,-1.315858635,0.009372058,0.478856350,-0.018759880,0.877642768,961,435,327,1.203822755,1.064118808,0.776625985,0.776625985,0.000002091,1,0,ok,map,435,327,463,0,ok,39,TRACKING,78,0,0,-1,0,0,0,nan,nan,0,0,nan,nan,
1750921989.470101357,1,-0.715206374,-0.092822651,-1.326507572,0.009368602,0.484794246,-0.018772044,0.874376566,971,433,314,1.191698207,1.048360857,0.776581036,0.776581036,0.000001708,1,0,ok,map,433,314,463,0,ok,29,TRACKING,78,0,0,-1,0,0,0,nan,nan,0,0,nan,nan,
1750921989.482101440,1,-0.733676004,-0.096231842,-1.330112079,0.009786013,0.490140619,-0.018798178,0.871385699,951,429,309,1.247385436,1.098805069,0.823041215,0.823041215,0.000001207,1,0,ok,map,429,309,463,0,ok,49,TRACKING,79,1,0,-1,0,0,0,nan,nan,0,0,nan,nan,
1750921989.494101524,1,-0.751349052,-0.095774774,-1.340404511,0.008591354,0.495889451,-0.019881076,0.868115536,971,450,361,1.067028181,0.877881628,0.780090735,0.780090735,0.000002415,1,0,ok,map,450,361,459,0,ok,29,TRACKING,79,0,0,-1,0,0,0,nan,nan,0,0,nan,nan,
1750921989.506101608,1,-0.768787144,-0.095893077,-1.349032962,0.008045769,0.501718106,-0.020596967,0.864748503,971,449,354,1.154658179,0.992959392,0.778214816,0.778214816,0.000002415,1,0,ok,map,449,354,459,0,ok,29,TRACKING,79,0,0,-1,0,0,0,nan,nan,0,0,nan,nan,
1750921989.518101692,1,-0.789991540,-0.095785435,-1.359110028,0.008976842,0.508001924,-0.020117595,0.861074180,916,443,346,1.190875499,1.037888854,0.842726956,0.842726956,0.000002700,1,0,ok,map,443,346,459,0,ok,84,TRACKING,79,0,0,-1,0,0,0,nan,nan,0,0,nan,nan,
1750921989.530101776,1,-0.808994275,-0.095596620,-1.368818643,0.010332996,0.513985734,-0.020029738,0.857502597,945,430,341,1.298900274,1.145308508,0.813594199,0.813594199,0.000000000,1,0,ok,map,430,341,459,0,ok,55,TRACKING,79,0,0,-1,0,0,0,nan,nan,0,0,nan,nan,
1750921989.542101860,1,-0.821387048,-0.100974175,-1.368313664,0.012932036,0.518593591,-0.020768144,0.854670775,958,421,324,1.296878744,1.181888284,0.798414648,0.798414648,0.000001708,1,0,ok,map,421,324,459,0,ok,42,TRACKING,80,1,0,-1,0,0,0,nan,nan,0,0,nan,nan,
1750921989.554101944,1,-0.840781185,-0.102351893,-1.376989026,0.011195642,0.524078698,-0.021425838,0.851326676,973,464,381,1.110125839,0.904380901,0.766284132,0.766284132,0.000001207,1,0,ok,map,464,381,494,0,ok,27,TRACKING,80,0,0,-1,0,0,0,nan,nan,0,0,nan,nan,
1750921989.566102028,1,-0.862195645,-0.099812482,-1.385584912,0.008493144,0.529691468,-0.020902256,0.847890270,975,462,356,1.116893555,0.932582058,0.817463857,0.817463857,0.000001708,1,0,ok,map,462,356,494,0,ok,25,TRACKING,80,0,0,-1,0,0,0,nan,nan,0,0,nan,nan,
1750921989.578102112,1,-0.883591118,-0.099841648,-1.395340160,0.009762130,0.535822299,-0.020811571,0.844017798,963,456,343,1.170331652,1.065558537,0.843645495,0.843645495,0.000001207,1,0,ok,map,456,343,494,0,ok,37,TRACKING,80,0,0,-1,0,0,0,nan,nan,0,0,nan,nan,
1750921989.590102196,1,-0.902493724,-0.102188778,-1.402770689,0.008741141,0.540933798,-0.022406837,0.840721210,965,449,326,1.153907572,1.030442912,0.729997140,0.729997140,0.000001708,1,0,ok,map,449,326,494,0,ok,35,TRACKING,80,0,0,-1,0,0,0,nan,nan,0,0,nan,nan,
1750921989.602102280,1,-0.911941515,-0.104622312,-1.400730499,0.009955696,0.545827520,-0.022083092,0.837547336,968,437,318,1.294432611,1.225132732,0.853865862,0.853865862,0.000001207,1,0,ok,map,437,318,494,0,ok,32,TRACKING,81,1,0,-1,0,0,0,nan,nan,0,0,nan,nan,
1750921989.614102364,1,-0.933644381,-0.104752582,-1.408977027,0.012552834,0.551583271,-0.022806541,0.833713490,957,444,354,1.085694637,0.954551579,0.850573637,0.850573637,0.000002415,1,0,ok,map,444,354,489,0,ok,43,TRACKING,81,0,0,-1,0,0,0,nan,nan,0,0,nan,nan,
1750921989.626102448,1,-0.955582979,-0.106715129,-1.415821847,0.012229163,0.556766879,-0.023869693,0.830235706,971,442,327,1.258806696,1.150421680,0.726549781,0.726549781,0.000001708,1,0,ok,map,442,327,489,0,ok,29,TRACKING,81,0,0,-1,0,0,0,nan,nan,0,0,nan,nan,
1750921989.638102531,1,-0.976383386,-0.107840699,-1.422988157,0.009545042,0.562659547,-0.023146124,0.826309496,965,434,303,1.347935242,1.304538827,0.871702173,0.871702173,0.000002415,1,0,ok,map,434,303,489,0,ok,35,TRACKING,81,0,0,-1,0,0,0,nan,nan,0,0,nan,nan,
1750921989.650102615,1,-0.991977807,-0.100372468,-1.427759984,0.008625258,0.568517038,-0.021753828,0.822338588,925,430,272,1.394774458,1.292184826,0.833160407,0.833160407,0.000002091,1,0,ok,map,430,272,489,1,ok,75,TRACKING,81,0,0,-1,0,0,0,nan,nan,0,0,nan,nan,
1750921989.662102699,1,-1.008789077,-0.105108933,-1.426713856,0.012828749,0.572633845,-0.023239815,0.819381361,883,424,272,1.377747602,1.270648622,0.892512919,0.892512919,0.000001207,1,0,ok,map,424,272,489,1,ok,117,TRACKING,82,1,0,-1,0,0,0,nan,nan,0,0,nan,nan,
1750921989.674102783,1,-1.029805325,-0.107004122,-1.432355435,0.013498672,0.578060769,-0.024576722,0.815511813,949,484,352,1.213094962,1.056345607,0.782763557,0.782763557,0.000002091,1,0,ok,map,484,352,543,0,ok,51,TRACKING,82,0,0,-1,0,0,0,nan,nan,0,0,nan,nan,
1750921989.686102867,1,-1.050276403,-0.106575068,-1.438944701,0.011713381,0.583713376,-0.024340411,0.811510343,959,483,342,1.278865051,1.118619195,0.820006924,0.820006924,0.000001207,1,0,ok,map,483,342,543,0,ok,41,TRACKING,82,0,0,-1,0,0,0,nan,nan,0,0,nan,nan,
1750921989.698102951,1,-1.068981818,-0.106124815,-1.443633030,0.011879579,0.589475914,-0.024061441,0.807340120,953,484,323,1.374005135,1.282537287,0.815963244,0.815963244,0.000002091,1,0,ok,map,484,323,543,2,ok,47,TRACKING,82,0,0,-1,0,0,0,nan,nan,0,0,nan,nan,
1750921989.710103035,1,-1.091308375,-0.106780877,-1.449458081,0.012208839,0.594862080,-0.024246715,0.803369247,972,483,315,1.392673110,1.284835467,0.768032967,0.768032967,0.000001708,1,0,ok,map,483,315,543,1,ok,28,TRACKING,82,0,0,-1,0,0,0,nan,nan,0,0,nan,nan,
1750921989.722103119,1,-1.112247465,-0.111024095,-1.446533238,0.012743513,0.598542362,-0.024509020,0.800614733,965,484,300,1.415456832,1.354552762,0.801996324,0.801996324,0.000000000,1,0,ok,map,484,300,543,2,ok,35,TRACKING,83,1,4,16,80,1,0,0.018558752,0.001169929,64,39,0.609375000,1.391514628,ok
1750921989.734103203,1,-1.132553592,-0.112647769,-1.449497158,0.012241676,0.603815209,-0.023543114,0.796682532,954,574,335,1.298457894,1.254224870,0.763992372,0.763992372,0.000000000,1,0,ok,map,574,335,632,2,ok,46,TRACKING,83,0,0,-1,0,0,0,nan,nan,0,0,nan,nan,
1750921989.746103287,1,-1.152255215,-0.108942509,-1.454044606,0.010925781,0.609723069,-0.021769767,0.792240168,950,572,322,1.384153369,1.317073150,0.884020444,0.884020444,0.000001708,1,0,ok,map,572,322,632,1,ok,50,TRACKING,83,0,0,-1,0,0,0,nan,nan,0,0,nan,nan,
1750921989.758103371,1,-1.173220262,-0.108378725,-1.458840079,0.011520116,0.614916958,-0.023533318,0.788156459,979,572,311,1.402007659,1.275711330,0.786574840,0.786574840,0.000002415,1,0,ok,map,572,311,632,2,ok,21,TRACKING,83,0,0,-1,0,0,0,nan,nan,0,0,nan,nan,
1750921989.770103455,1,-1.189655398,-0.113159550,-1.462679563,0.012883486,0.620027190,-0.024684398,0.784086080,967,566,293,1.443674464,1.343882584,0.776068251,0.776068251,0.000001708,1,0,ok,map,566,293,632,1,ok,33,TRACKING,83,0,0,-1,0,0,0,nan,nan,0,0,nan,nan,
1750921989.782103539,1,-1.218036903,-0.106715275,-1.473805320,0.011988187,0.625710070,-0.024584595,0.779576032,961,562,290,1.387527014,1.239017395,0.840475436,0.840475436,0.000002091,1,0,ok,map,562,290,632,1,ok,39,TRACKING,84,1,0,-1,0,0,0,nan,nan,0,0,nan,nan,
1750921989.794103622,1,-1.237038406,-0.107940396,-1.477506422,0.012595125,0.630967249,-0.025112661,0.775300618,932,613,385,1.133111720,0.939004123,0.781951966,0.781951966,0.000002415,1,0,ok,map,613,385,664,0,ok,68,TRACKING,84,0,0,-1,0,0,0,nan,nan,0,0,nan,nan,
1750921989.806103706,1,-1.261838850,-0.110178293,-1.481230266,0.012234392,0.635803453,-0.025612985,0.771328895,945,605,370,1.220965219,1.014053555,0.720598168,0.720598168,0.000002091,1,0,ok,map,605,370,664,0,ok,55,TRACKING,84,0,0,-1,0,0,0,nan,nan,0,0,nan,nan,
1750921989.818103790,1,-1.279148638,-0.108472257,-1.484230199,0.010205361,0.641041302,-0.024657343,0.767042317,983,603,349,1.209697129,1.059162231,0.817064711,0.817064711,0.000002091,1,0,ok,map,603,349,664,0,ok,17,TRACKING,84,0,0,-1,0,0,0,nan,nan,0,0,nan,nan,
1750921989.830103874,1,-1.301451238,-0.105752822,-1.486455549,0.009368527,0.646304297,-0.024559050,0.762626933,950,592,329,1.237350383,1.106287357,0.793126582,0.793126582,0.000001708,1,0,ok,map,592,329,664,0,ok,50,TRACKING,84,0,0,-1,0,0,0,nan,nan,0,0,nan,nan,
1750921989.842103958,1,-1.324075556,-0.106638375,-1.488156110,0.010348287,0.651202539,-0.027110141,0.758349001,964,586,320,1.230552306,1.109706119,0.808351257,0.808351257,0.000001708,1,0,ok,map,586,320,664,0,ok,36,TRACKING,84,0,0,-1,0,0,0,nan,nan,0,0,nan,nan,
1750921989.854104042,1,-1.338529375,-0.105501498,-1.492023035,0.012292858,0.656748849,-0.027138804,0.753520617,964,584,302,1.204856667,1.057613672,0.871629184,0.871629184,0.000001207,1,0,ok,map,584,302,664,0,ok,36,TRACKING,84,0,0,-1,0,0,0,nan,nan,0,0,nan,nan,
1750921989.866104126,1,-1.368462443,-0.106260318,-1.491453629,0.013095456,0.661964709,-0.026802724,0.748941151,957,577,304,1.219331756,1.035275529,0.801600632,0.801600632,0.000001708,1,0,ok,map,577,304,664,0,ok,43,TRACKING,84,0,0,-1,0,0,0,nan,nan,0,0,nan,nan,
1750921989.878104210,1,-1.393509887,-0.105356461,-1.500903904,0.012495995,0.667383589,-0.028071125,0.744079974,963,568,298,1.240826021,1.139294613,0.767879045,0.767879045,0.000000000,1,0,ok,map,568,298,664,0,ok,37,TRACKING,85,1,0,-1,0,0,0,nan,nan,0,0,nan,nan,
1750921989.890104294,1,-1.412544045,-0.104192763,-1.501617290,0.009728416,0.672371054,-0.028498163,0.739601500,953,665,413,0.928531387,0.729092365,0.832455694,0.832455694,0.000001207,1,0,ok,map,665,413,743,0,ok,47,TRACKING,85,0,0,-1,0,0,0,nan,nan,0,0,nan,nan,
1750921989.902104378,1,-1.429536820,-0.102290603,-1.502349033,0.009024630,0.677881375,-0.027739654,0.734592342,969,659,399,1.059160734,0.844880032,0.861544215,0.861544215,0.000002091,1,0,ok,map,659,399,743,0,ok,31,TRACKING,85,0,0,-1,0,0,0,nan,nan,0,0,nan,nan,
1750921989.914104462,1,-1.449164284,-0.101203455,-1.502417430,0.010484028,0.683071923,-0.027917190,0.729742053,974,641,384,1.134851739,1.000649835,0.831311714,0.831311714,0.000002091,1,0,ok,map,641,384,743,0,ok,26,TRACKING,85,0,0,-1,0,0,0,nan,nan,0,0,nan,nan,
1750921989.926104546,1,-1.467811652,-0.102861706,-1.503451187,0.011320146,0.688160205,-0.029526623,0.724869344,951,622,374,1.143992465,0.989900729,0.833636915,0.833636915,0.000002415,1,0,ok,map,622,374,743,0,ok,49,TRACKING,85,0,0,-1,0,0,0,nan,nan,0,0,nan,nan,
1750921989.938104630,1,-1.494077090,-0.102258039,-1.502789166,0.011212223,0.693414466,-0.030295994,0.719814433,942,605,367,1.141043210,0.968616879,0.840224209,0.840224209,0.000002091,1,0,ok,map,605,367,743,0,ok,58,TRACKING,85,0,0,-1,0,0,0,nan,nan,0,0,nan,nan,
1750921989.950104713,1,-1.511107126,-0.102610432,-1.502204606,0.010636487,0.698635603,-0.030460852,0.714749813,976,604,363,1.137072283,0.952369527,0.836357765,0.836357765,0.000001708,1,0,ok,map,604,363,743,1,ok,24,TRACKING,85,0,0,-1,0,0,0,nan,nan,0,0,nan,nan,
1750921989.962104797,1,-1.533757376,-0.102728685,-1.501866362,0.011360826,0.703909171,-0.029968125,0.709566573,978,600,354,1.140031082,0.939898169,0.853258560,0.853258560,0.000000000,1,0,ok,map,600,354,743,1,ok,22,TRACKING,85,0,0,-1,0,0,0,nan,nan,0,0,nan,nan,
1750921989.974104881,1,-1.545882821,-0.103141894,-1.500520351,0.011346643,0.709038717,-0.029629199,0.704455437,979,592,347,1.191823383,1.078086164,0.830700004,0.830700004,0.000001708,1,0,ok,map,592,347,743,0,ok,21,TRACKING,85,0,0,-1,0,0,0,nan,nan,0,0,nan,nan,
1750921989.986104965,1,-1.574527572,-0.095482217,-1.506444479,0.010382153,0.715256130,-0.030022985,0.698140029,963,585,336,1.212152293,1.062910603,0.866035328,0.866035328,0.000001708,1,0,ok,map,585,336,743,0,ok,37,TRACKING,86,1,0,-1,0,0,0,nan,nan,0,0,nan,nan,
1750921989.998105049,1,-1.594928766,-0.096133950,-1.503911230,0.011427244,0.720197077,-0.031368825,0.692965790,979,687,461,0.997480556,0.820773163,0.842769745,0.842769745,0.000001708,1,0,ok,map,687,461,821,0,ok,21,TRACKING,86,0,0,-1,0,0,0,nan,nan,0,0,nan,nan,
1750921990.010105133,1,-1.616834408,-0.095929304,-1.500951719,0.011989236,0.725348500,-0.031716125,0.687546289,961,676,438,1.094792148,1.008721177,0.860161097,0.860161097,0.000001708,1,0,ok,map,676,438,821,1,ok,39,TRACKING,86,0,0,-1,0,0,0,nan,nan,0,0,nan,nan,
1750921990.022105217,1,-1.640878067,-0.096291661,-1.498387689,0.013338336,0.730489196,-0.031769363,0.682054493,973,665,432,1.201832909,1.078336959,0.875780765,0.875780765,0.000002700,1,0,ok,map,665,432,821,0,ok,27,TRACKING,86,0,0,-1,0,0,0,nan,nan,0,0,nan,nan,
1750921990.034105301,1,-1.661024295,-0.096698065,-1.495465830,0.012764466,0.735408163,-0.032217845,0.676737699,990,663,432,1.221425113,1.033580817,0.834201603,0.834201603,0.000002415,1,0,ok,map,663,432,821,0,ok,10,TRACKING,86,0,0,-1,0,0,0,nan,nan,0,0,nan,nan,
1750921990.046105385,1,-1.677600967,-0.095082943,-1.492110480,0.012258036,0.740514376,-0.032174524,0.671157954,990,658,422,1.238948268,1.091972674,0.868673413,0.868673413,0.000000000,1,0,ok,map,658,422,821,0,ok,10,TRACKING,86,0,0,-1,0,0,0,nan,nan,0,0,nan,nan,
1750921990.058105469,1,-1.698523748,-0.095230360,-1.488057047,0.012833818,0.745319391,-0.033506339,0.665741409,976,657,407,1.217277866,1.052762763,0.846215372,0.846215372,0.000001708,1,0,ok,map,657,407,821,1,ok,24,TRACKING,86,0,0,-1,0,0,0,nan,nan,0,0,nan,nan,
1750921990.070105553,1,-1.722091881,-0.096056291,-1.483602814,0.013381580,0.750336452,-0.032673816,0.660112539,962,650,402,1.292897070,1.176673312,0.871562741,0.871562741,0.000002091,1,0,ok,map,650,402,821,1,ok,38,TRACKING,86,0,0,-1,0,0,0,nan,nan,0,0,nan,nan,
1750921990.082105637,1,-1.748696157,-0.094825622,-1.480731987,0.013663913,0.755286428,-0.031762208,0.654482139,975,641,371,1.351277246,1.276804055,0.866017087,0.866017087,0.000001207,1,0,ok,map,641,371,821,0,ok,25,TRACKING,86,0,0,-1,0,0,0,nan,nan,0,0,nan,nan,
1750921990.094105721,1,-1.764015886,-0.093102385,-1.475901837,0.012209921,0.759698124,-0.032786042,0.649334085,977,636,369,1.416533462,1.344571036,0.803188299,0.803188299,0.000000000,1,0,ok,map,636,369,821,0,ok,23,TRACKING,86,0,0,-1,0,0,0,nan,nan,0,0,nan,nan,
1750921990.106105804,1,-1.785837211,-0.091291228,-1.470402090,0.013351329,0.764391966,-0.033542444,0.643740296,985,632,357,1.418185255,1.327171161,0.851360834,0.851360834,0.000001207,1,0,ok,map,632,357,821,1,ok,15,TRACKING,86,0,0,-1,0,0,0,nan,nan,0,0,nan,nan,
1750921990.118105888,1,-1.808599123,-0.091618562,-1.465976430,0.015605022,0.769120643,-0.033208581,0.638049458,982,621,340,1.469236284,1.455782149,0.887155716,0.887155716,0.000001207,1,0,ok,map,621,340,821,0,ok,18,TRACKING,86,0,0,-1,0,0,0,nan,nan,0,0,nan,nan,
1750921990.130105972,1,-1.820800029,-0.098219193,-1.465070399,0.015809857,0.773731132,-0.033385319,0.632436246,976,609,318,1.484326066,1.417195522,0.780157682,0.780157682,0.000002415,1,0,ok,map,609,318,821,0,ok,24,TRACKING,87,1,0,-1,0,0,0,nan,nan,0,0,nan,nan,
1750921990.142106056,1,-1.846869808,-0.096122518,-1.457056555,0.012647011,0.778119814,-0.031955228,0.627174993,972,645,387,1.299218576,1.220774300,0.880122490,0.880122490,0.000000000,1,0,ok,map,645,387,824,0,ok,28,TRACKING,87,0,0,-1,0,0,0,nan,nan,0,0,nan,nan,
1750921990.154106140,1,-1.863169160,-0.090074111,-1.451912899,0.010674747,0.782517015,-0.030757369,0.621777417,966,627,354,1.341542042,1.201286343,0.840465906,0.840465906,0.000001207,1,0,ok,map,627,354,824,0,ok,34,TRACKING,87,0,0,-1,0,0,0,nan,nan,0,0,nan,nan,
1750921990.166106224,1,-1.886578284,-0.091161770,-1.447442888,0.012563031,0.787006238,-0.032125090,0.615979975,954,610,335,1.347864728,1.244156792,0.881685205,0.881685205,0.000002091,1,0,ok,map,610,335,824,0,ok,46,TRACKING,87,0,0,-1,0,0,0,nan,nan,0,0,nan,nan,
1750921990.178106308,1,-1.908144028,-0.092669340,-1.438811024,0.012313468,0.790963716,-0.032702533,0.610864407,924,573,327,1.408828175,1.329088714,0.744638362,0.744638362,0.000002091,1,0,ok,map,573,327,824,0,ok,76,TRACKING,87,0,0,-1,0,0,0,nan,nan,0,0,nan,nan,
1750921990.190106392,1,-1.929413335,-0.088716800,-1.435562605,0.011416992,0.795812593,-0.031243486,0.604628658,971,570,324,1.412037726,1.356690113,0.854528799,0.854528799,0.000001207,1,0,ok,map,570,324,824,0,ok,29,TRACKING,88,1,0,-1,0,0,0,nan,nan,0,0,nan,nan,
1750921990.202106476,1,-1.947998083,-0.087665915,-1.428455734,0.011066876,0.799956164,-0.030726282,0.599169054,969,626,400,1.200560827,1.067766396,0.788659013,0.788659013,0.000001207,1,0,ok,map,626,400,845,0,ok,31,TRACKING,88,0,0,-1,0,0,0,nan,nan,0,0,nan,nan,
1750921990.214106560,1,-1.968407344,-0.089307560,-1.420310308,0.010807674,0.803945045,-0.031222843,0.593785056,965,612,395,1.306114869,1.204938505,0.770516802,0.770516802,0.000001708,1,0,ok,map,612,395,845,0,ok,35,TRACKING,88,0,0,-1,0,0,0,nan,nan,0,0,nan,nan,
1750921990.226106644,1,-1.991950008,-0.087607266,-1.411516244,0.010553968,0.808007542,-0.030717827,0.588276160,960,598,377,1.389736829,1.329481676,0.787031402,0.787031402,0.000001207,1,0,ok,map,598,377,845,0,ok,40,TRACKING,88,0,0,-1,0,0,0,nan,nan,0,0,nan,nan,
1750921990.238106728,1,-2.007137115,-0.085485323,-1.405991702,0.010655261,0.812114102,-0.030523399,0.582602328,959,583,353,1.444593624,1.400329989,0.802995439,0.802995439,0.000001708,1,0,ok,map,583,353,845,0,ok,41,TRACKING,88,0,0,-1,0,0,0,nan,nan,0,0,nan,nan,
1750921990.250106812,1,-2.032411779,-0.082450910,-1.399975535,0.010498857,0.816411304,-0.031545808,0.576512983,951,569,339,1.401925094,1.363908480,0.781575157,0.781575157,0.000001708,1,0,ok,map,569,339,845,0,ok,49,TRACKING,89,1,0,-1,0,0,0,nan,nan,0,0,nan,nan,
1750921990.262106895,1,-2.051811238,-0.084173288,-1.390711277,0.010252539,0.820308345,-0.031945251,0.570936604,933,603,414,1.222365994,1.091781895,0.781438365,0.781438365,0.000002415,1,0,ok,map,603,414,862,0,ok,67,TRACKING,89,0,0,-1,0,0,0,nan,nan,0,0,nan,nan,
1750921990.274106979,1,-2.071480928,-0.082642446,-1.382013829,0.009022357,0.824125996,-0.031538098,0.565455823,946,580,403,1.315288834,1.219486058,0.779666602,0.779666602,0.000002091,1,0,ok,map,580,403,862,0,ok,54,TRACKING,89,0,0,-1,0,0,0,nan,nan,0,0,nan,nan,
1750921990.286107063,1,-2.088899708,-0.080526377,-1.372294317,0.009705664,0.827942814,-0.031362128,0.559850797,956,569,387,1.413398248,1.325807886,0.781263000,0.781263000,0.000002091,1,0,ok,map,569,387,862,0,ok,44,TRACKING,89,0,0,-1,0,0,0,nan,nan,0,0,nan,nan,
1750921990.298107147,1,-2.110172326,-0.080756445,-1.363269022,0.011661334,0.831893067,-0.030897227,0.553952435,951,551,366,1.406490673,1.290060896,0.845466690,0.845466690,0.000001708,1,0,ok,map,551,366,862,1,ok,49,TRACKING,89,0,0,-1,0,0,0,nan,nan,0,0,nan,nan,
1750921990.310107231,1,-2.128399136,-0.081421676,-1.355551821,0.010590069,0.835621381,-0.031426770,0.548303853,937,522,352,1.432997629,1.340131955,0.685305562,0.685305562,0.000000000,1,0,ok,map,522,352,862,1,ok,63,TRACKING,90,1,0,-1,0,0,0,nan,nan,0,0,nan,nan,
1750921990.322107315,1,-2.147907901,-0.077712746,-1.344841672,0.008827616,0.839049664,-0.030771185,0.543112206,953,558,410,1.231203186,1.120339046,0.744779019,0.744779019,0.000001708,1,0,ok,map,558,410,828,0,ok,47,TRACKING,90,0,0,-1,0,0,0,nan,nan,0,0,nan,nan,
1750921990.334107399,1,-2.163998988,-0.076663076,-1.337698038,0.010116493,0.842668529,-0.030511552,0.537472280,971,551,389,1.342551601,1.270110070,0.782533234,0.782533234,0.000001708,1,0,ok,map,551,389,828,0,ok,29,TRACKING,90,0,0,-1,0,0,0,nan,nan,0,0,nan,nan,
1750921990.346107483,1,-2.186366103,-0.078905128,-1.326052730,0.010731094,0.845905748,-0.031692371,0.532281789,943,527,368,1.420566594,1.373386948,0.717392419,0.717392419,0.000000000,1,0,ok,map,527,368,828,0,ok,57,TRACKING,90,0,0,-1,0,0,0,nan,nan,0,0,nan,nan,
1750921990.358107567,1,-2.202492333,-0.080471333,-1.317324975,0.010381124,0.849290066,-0.031450563,0.526886590,926,505,337,1.419535249,1.373783458,0.731439515,0.731439515,0.000001708,1,0,ok,map,505,337,828,0,ok,74,TRACKING,90,0,0,-1,0,0,0,nan,nan,0,0,nan,nan,
1750921990.370107651,1,-2.216300553,-0.076374833,-1.309571779,0.007804005,0.852910857,-0.030833344,0.521086819,932,484,323,1.446271139,1.394397705,0.708968008,0.708968008,0.000001708,1,0,ok,map,484,323,828,0,ok,68,TRACKING,91,1,0,-1,0,0,0,nan,nan,0,0,nan,nan,
1750921990.382107735,1,-2.234686945,-0.077283814,-1.297387746,0.008422848,0.856188412,-0.031787654,0.515616140,943,529,383,1.301920837,1.210324050,0.742324466,0.742324466,0.000002415,1,0,ok,map,529,383,738,0,ok,57,TRACKING,91,0,0,-1,0,0,0,nan,nan,0,0,nan,nan,
1750921990.394107819,1,-2.251445894,-0.077436457,-1.287377477,0.008212813,0.859443959,-0.031776466,0.510175349,949,520,360,1.318460830,1.283463567,0.726958274,0.726958274,0.000001207,1,0,ok,map,520,360,738,0,ok,51,TRACKING,91,0,0,-1,0,0,0,nan,nan,0,0,nan,nan,
1750921990.406107903,1,-2.268743239,-0.075618621,-1.278698687,0.007934460,0.862528955,-0.031803977,0.504944902,936,499,304,1.426899205,1.318680287,0.696591584,0.696591584,0.000002091,1,0,ok,map,499,304,738,0,ok,64,TRACKING,91,0,0,-1,0,0,0,nan,nan,0,0,nan,nan,
1750921990.418107986,1,-2.285452798,-0.077584019,-1.267997900,0.008055829,0.865549007,-0.032952651,0.499674036,952,481,288,1.477135636,1.425307517,0.708589610,0.708589610,0.000001708,1,0,ok,map,481,288,738,0,ok,48,TRACKING,91,0,0,-1,0,0,0,nan,nan,0,0,nan,nan,
1750921990.430108070,1,-2.300344266,-0.077627486,-1.257772816,0.006447463,0.869045895,-0.033487161,0.493554730,870,427,256,1.483745994,1.445093757,0.702778165,0.702778165,0.000002091,1,0,ok,map,427,256,738,0,ok,130,TRACKING,92,1,0,-1,0,0,0,nan,nan,0,0,nan,nan,
1750921990.442108154,1,-2.318287589,-0.076980826,-1.243869783,0.005242635,0.872112600,-0.032650500,0.488186513,963,505,351,1.259075207,1.066543063,0.728122590,0.728122590,0.000001708,1,0,ok,map,505,351,715,0,ok,37,TRACKING,92,0,0,-1,0,0,0,nan,nan,0,0,nan,nan,
1750921990.454108238,1,-2.334262685,-0.075299719,-1.234290992,0.005414557,0.875244434,-0.031741270,0.482607870,952,492,331,1.414834888,1.331677968,0.740744231,0.740744231,0.000000000,1,0,ok,map,492,331,715,0,ok,48,TRACKING,92,0,0,-1,0,0,0,nan,nan,0,0,nan,nan,
1750921990.466108322,1,-2.352379690,-0.077842000,-1.221462636,0.005779108,0.878070312,-0.032477413,0.477393283,946,485,326,1.481870548,1.462519959,0.686138531,0.686138531,0.000001708,1,0,ok,map,485,326,715,0,ok,54,TRACKING,92,0,0,-1,0,0,0,nan,nan,0,0,nan,nan,
1750921990.478108406,1,-2.367104627,-0.078608804,-1.207865057,0.004858601,0.881045038,-0.032095932,0.471917245,957,476,315,1.538612842,1.568035846,0.723189728,0.723189728,0.000000000,1,0,ok,map,476,315,715,0,ok,43,TRACKING,92,0,0,-1,0,0,0,nan,nan,0,0,nan,nan,
1750921990.490108490,1,-2.383315190,-0.075037037,-1.196007158,0.002501850,0.884460333,-0.031405909,0.465550566,957,467,299,1.567482105,1.565753600,0.719887012,0.719887012,0.000001207,1,0,ok,map,467,299,715,0,ok,43,TRACKING,93,1,8,25,121,1,0,0.005092714,0.001388197,89,65,0.730337079,1.212741280,ok
1750921990.502108574,1,-2.404613085,-0.073768909,-1.182852270,0.002806212,0.887193136,-0.030637210,0.460371399,949,511,314,1.480468898,1.429614760,0.677696564,0.677696564,0.000000000,1,0,ok,map,511,314,731,0,ok,51,TRACKING,93,0,0,-1,0,0,0,nan,nan,0,0,nan,nan,
1750921990.514108658,1,-2.418768628,-0.073935624,-1.170181415,0.003005927,0.890103359,-0.029150278,0.454815607,957,495,299,1.494453349,1.455008125,0.738979819,0.738979819,0.000002091,1,0,ok,map,495,299,731,0,ok,43,TRACKING,93,0,0,-1,0,0,0,nan,nan,0,0,nan,nan,
1750921990.526108742,1,-2.437035644,-0.073744691,-1.157344013,0.003197189,0.892841298,-0.028540197,0.449454838,949,483,278,1.484064043,1.397708298,0.693662805,0.693662805,0.000001207,1,0,ok,map,483,278,731,0,ok,51,TRACKING,93,0,0,-1,0,0,0,nan,nan,0,0,nan,nan,
1750921990.538108826,1,-2.454870346,-0.073360415,-1.141337631,0.002616654,0.895497500,-0.028574251,0.444140623,932,471,269,1.613664930,1.577629641,0.684050899,0.684050899,0.000002091,1,0,ok,map,471,269,731,0,ok,68,TRACKING,93,0,0,-1,0,0,0,nan,nan,0,0,nan,nan,
1750921990.550108910,1,-2.464453703,-0.071225922,-1.130437563,0.001860568,0.898453306,-0.029140348,0.438097062,939,453,242,1.644790090,1.654822199,0.684101735,0.684101735,0.000002415,1,0,ok,map,453,242,731,0,ok,61,TRACKING,94,1,0,-1,0,0,0,nan,nan,0,0,nan,nan,
1750921990.562108994,1,-2.479041838,-0.073271658,-1.114322569,0.002767244,0.900992833,-0.030661027,0.432740291,960,536,386,1.186754859,0.994039639,0.708976831,0.708976831,0.000001708,1,0,ok,map,536,386,757,0,ok,40,TRACKING,94,0,0,-1,0,0,0,nan,nan,0,0,nan,nan,
1750921990.574109077,1,-2.496302562,-0.076835834,-1.093641723,0.002511390,0.903566401,-0.030179182,0.427376495,967,525,335,1.558052238,1.516790996,0.684595125,0.684595125,0.000002091,1,0,ok,map,525,335,757,0,ok,33,TRACKING,94,0,0,-1,0,0,0,nan,nan,0,0,nan,nan,
1750921990.586109161,1,-2.512900693,-0.073825967,-1.082903394,0.002235437,0.906276252,-0.028473303,0.421719847,956,516,319,1.603062532,1.561665577,0.745526072,0.745526072,0.000000000,1,0,ok,map,516,319,757,0,ok,44,TRACKING,94,0,0,-1,0,0,0,nan,nan,0,0,nan,nan,
1750921990.598109245,1,-2.526092666,-0.074293726,-1.067548399,0.001596224,0.908612786,-0.028476198,0.416664569,954,502,288,1.703944163,1.709287381,0.642366280,0.642366280,0.000001207,1,0,ok,map,502,288,757,0,ok,46,TRACKING,94,0,0,-1,0,0,0,nan,nan,0,0,nan,nan,
1750921990.610109329,1,-2.539268685,-0.071029875,-1.050075707,0.001631057,0.911484839,-0.028768521,0.410323165,966,492,277,1.602233598,1.551811162,0.712515123,0.712515123,0.000000000,1,0,ok,map,492,277,757,0,ok,34,TRACKING,95,1,0,-1,0,0,0,nan,nan,0,0,nan,nan,
1750921990.622109413,1,-2.554171327,-0.072083999,-1.034716103,0.002343180,0.914021803,-0.029441904,0.404588466,959,566,396,1.242374534,1.052367788,0.727305842,0.727305842,0.000001207,1,0,ok,map,566,396,742,0,ok,41,TRACKING,95,0,0,-1,0,0,0,nan,nan,0,0,nan,nan,
1750921990.634109497,1,-2.568181481,-0.072442832,-1.018441401,0.002860769,0.916470760,-0.029903287,0.398972374,946,553,376,1.279993285,1.121163633,0.706564306,0.706564306,0.000002415,1,0,ok,map,553,376,742,0,ok,54,TRACKING,95,0,0,-1,0,0,0,nan,nan,0,0,nan,nan,
1750921990.646109581,1,-2.580774472,-0.073909968,-1.004941989,0.003082550,0.918938363,-0.029652716,0.393272805,957,540,345,1.456949808,1.410503268,0.712739603,0.712739603,0.000000000,1,0,ok,map,540,345,742,0,ok,43,TRACKING,95,0,0,-1,0,0,0,nan,nan,0,0,nan,nan,
1750921990.658109665,1,-2.599152976,-0.073144387,-0.985423076,0.000786067,0.921235441,-0.028674012,0.387946448,950,531,329,1.448348932,1.399983391,0.723638961,0.723638961,0.000002091,1,0,ok,map,531,329,742,0,ok,50,TRACKING,95,0,0,-1,0,0,0,nan,nan,0,0,nan,nan,
1750921990.670109749,1,-2.607678946,-0.071270319,-0.970095141,0.000136400,0.923862922,-0.027077668,0.381764433,963,520,317,1.520667901,1.495861305,0.713648851,0.713648851,0.000001207,1,0,ok,map,520,317,742,0,ok,37,TRACKING,96,1,0,-1,0,0,0,nan,nan,0,0,nan,nan,
1750921990.682109833,1,-2.621120400,-0.071057087,-0.953721883,0.000299829,0.926180006,-0.027228755,0.376097197,963,656,476,1.191895086,1.053573687,0.702064709,0.702064709,0.000002415,1,0,ok,map,656,476,788,0,ok,37,TRACKING,96,0,0,-1,0,0,0,nan,nan,0,0,nan,nan,
1750921990.694109917,1,-2.634421102,-0.070709245,-0.935646882,0.000609252,0.928447697,-0.027895005,0.370413783,965,642,449,1.270761694,1.153208366,0.706235201,0.706235201,0.000001708,1,0,ok,map,642,449,788,0,ok,35,TRACKING,96,0,0,-1,0,0,0,nan,nan,0,0,nan,nan,
1750921990.706110001,1,-2.649126838,-0.071443341,-0.917375454,0.000483313,0.930716337,-0.028541257,0.364626195,950,629,439,1.309117741,1.216273989,0.716325903,0.716325903,0.000001708,1,0,ok,map,629,439,788,0,ok,50,TRACKING,96,0,0,-1,0,0,0,nan,nan,0,0,nan,nan,
1750921990.718110085,1,-2.663333387,-0.072757971,-0.899170904,0.000366058,0.932840439,-0.028940982,0.359125327,951,614,413,1.316256481,1.216631499,0.677399796,0.677399796,0.000001708,1,0,ok,map,614,413,788,0,ok,49,TRACKING,96,0,0,-1,0,0,0,nan,nan,0,0,nan,nan,
1750921990.730110168,1,-2.676544327,-0.072999572,-0.882543492,-0.000711526,0.935005893,-0.028072784,0.353518589,961,604,391,1.387800679,1.276347796,0.706759428,0.706759428,0.000001708,1,0,ok,map,604,391,788,0,ok,39,TRACKING,96,0,0,-1,0,0,0,nan,nan,0,0,nan,nan,
1750921990.742110252,1,-2.681821308,-0.071280638,-0.863420652,-0.000659328,0.937423969,-0.026235915,0.347199574,950,587,363,1.448687852,1.351899190,0.742135073,0.742135073,0.000001708,1,0,ok,map,587,363,788,0,ok,50,TRACKING,97,1,0,-1,0,0,0,nan,nan,0,0,nan,nan,
1750921990.754110336,1,-2.692790827,-0.071369517,-0.847112627,-0.000491333,0.939445823,-0.027373766,0.341602082,945,666,446,1.337231226,1.228123998,0.694606865,0.694606865,0.000001708,1,0,ok,map,666,446,819,0,ok,55,TRACKING,97,0,0,-1,0,0,0,nan,nan,0,0,nan,nan,
1750921990.766110420,1,-2.705167370,-0.071238228,-0.828603280,-0.000295031,0.941477272,-0.028149243,0.335898911,967,652,435,1.363297210,1.265045098,0.699787271,0.699787271,0.000001708,1,0,ok,map,652,435,819,0,ok,33,TRACKING,97,0,0,-1,0,0,0,nan,nan,0,0,nan,nan,
1750921990.778110504,1,-2.717585708,-0.069012625,-0.813182114,0.000712651,0.943592823,-0.028524516,0.329876385,974,648,417,1.455430952,1.337777951,0.741778143,0.741778143,0.000002091,1,0,ok,map,648,417,819,0,ok,26,TRACKING,97,0,0,-1,0,0,0,nan,nan,0,0,nan,nan,
1750921990.790110588,1,-2.731067864,-0.070337898,-0.793417602,0.001064437,0.945416432,-0.029667403,0.324509603,967,641,393,1.525637737,1.445755521,0.663819861,0.663819861,0.000000000,1,0,ok,map,641,393,819,0,ok,33,TRACKING,97,0,0,-1,0,0,0,nan,nan,0,0,nan,nan,
1750921990.802110672,1,-2.741926588,-0.070680462,-0.772641636,0.000275280,0.947284753,-0.029875327,0.318996842,970,634,380,1.404736092,1.309018490,0.673533781,0.673533781,0.000002091,1,0,ok,map,634,380,819,0,ok,30,TRACKING,97,0,0,-1,0,0,0,nan,nan,0,0,nan,nan,
1750921990.814110756,1,-2.754254860,-0.071760717,-0.755153921,0.000651597,0.949172233,-0.029663627,0.313355577,963,624,367,1.395445278,1.308803454,0.683459585,0.683459585,0.000001207,1,0,ok,map,624,367,819,0,ok,37,TRACKING,97,0,0,-1,0,0,0,nan,nan,0,0,nan,nan,
1750921990.826110840,1,-2.765543681,-0.071135525,-0.737630877,-0.001085586,0.950869803,-0.028592108,0.308266005,979,622,366,1.435519136,1.445609842,0.657794785,0.657794785,0.000002415,1,0,ok,map,622,366,819,0,ok,21,TRACKING,97,0,0,-1,0,0,0,nan,nan,0,0,nan,nan,
1750921990.838110924,1,-2.774961558,-0.068920556,-0.719948419,-0.000410215,0.952773417,-0.027984582,0.302389666,975,617,311,1.751413147,1.763524516,0.715444615,0.715444615,0.000002091,1,0,ok,map,617,311,819,0,ok,25,TRACKING,97,0,0,-1,0,0,0,nan,nan,0,0,nan,nan,
1750921990.850111008,1,-2.783343606,-0.069594419,-0.705794017,-0.000250781,0.954345054,-0.029558396,0.297240234,976,604,295,1.737594874,1.733907216,0.643032148,0.643032148,0.000002091,1,0,ok,map,604,295,819,0,ok,24,TRACKING,97,0,0,-1,0,0,0,nan,nan,0,0,nan,nan,
1750921990.862111092,1,-2.789506161,-0.071299090,-0.685292058,-0.000703778,0.955977585,-0.029159186,0.291986479,981,598,290,1.651295171,1.566885349,0.666664224,0.666664224,0.000002091,1,0,ok,map,598,290,819,0,ok,19,TRACKING,98,1,0,-1,0,0,0,nan,nan,0,0,nan,nan,
1750921990.874111176,1,-2.801702619,-0.069806561,-0.663313083,-0.001931078,0.957680405,-0.028972758,0.286365311,973,732,464,1.392418604,1.306269933,0.687914604,0.687914604,0.000000000,1,0,ok,map,732,464,917,0,ok,27,TRACKING,98,0,0,-1,0,0,0,nan,nan,0,0,nan,nan,
1750921990.886111259,1,-2.812866536,-0.070543794,-0.644504691,-0.003154568,0.959222622,-0.029424850,0.281098182,988,727,447,1.353355600,1.239498914,0.646427226,0.646427226,0.000001207,1,0,ok,map,727,447,917,0,ok,12,TRACKING,98,0,0,-1,0,0,0,nan,nan,0,0,nan,nan,
1750921990.898111343,1,-2.825664272,-0.067944872,-0.621432286,-0.002345913,0.960962054,-0.029377184,0.275106175,979,722,428,1.480361591,1.397765155,0.720981219,0.720981219,0.000001708,1,0,ok,map,722,428,917,0,ok,21,TRACKING,98,0,0,-1,0,0,0,nan,nan,0,0,nan,nan,
1750921990.910111427,1,-2.833901618,-0.068793926,-0.606719257,-0.002117177,0.962539535,-0.030064967,0.269461051,972,710,420,1.529026160,1.440479938,0.676782659,0.676782659,0.000002700,1,0,ok,map,710,420,917,0,ok,28,TRACKING,98,0,0,-1,0,0,0,nan,nan,0,0,nan,nan,
1750921990.922111511,1,-2.844205001,-0.069710690,-0.589583936,-0.001924763,0.964063200,-0.030850755,0.263868665,972,700,405,1.476236969,1.369493954,0.670638887,0.670638887,0.000000000,1,0,ok,map,700,405,917,0,ok,28,TRACKING,98,0,0,-1,0,0,0,nan,nan,0,0,nan,nan,
1750921990.934111595,1,-2.853885209,-0.070236456,-0.569809981,-0.002425422,0.965537075,-0.030843316,0.258420129,961,677,389,1.364924419,1.246383253,0.649337379,0.649337379,0.000001207,1,0,ok,map,677,389,917,0,ok,39,TRACKING,98,0,0,-1,0,0,0,nan,nan,0,0,nan,nan,
1750921990.946111679,1,-2.864716365,-0.070934910,-0.544846002,-0.003230218,0.967077213,-0.030013683,0.252686386,957,655,362,1.377973823,1.300231395,0.693103161,0.693103161,0.000002415,1,0,ok,map,655,362,917,0,ok,43,TRACKING,98,0,0,-1,0,0,0,nan,nan,0,0,nan,nan,
1750921990.958111763,1,-2.872192471,-0.060599409,-0.545939643,-0.003771689,0.968616821,-0.028991085,0.246833435,979,646,305,1.649139680,1.627088807,0.706077793,0.706077793,0.000001708,1,0,ok,map,646,305,917,0,ok,21,TRACKING,98,0,0,-1,0,0,0,nan,nan,0,0,nan,nan,
1750921990.970111847,1,-2.881057380,-0.061121398,-0.527202076,-0.002547591,0.969982676,-0.031305662,0.241137042,967,631,285,1.610323510,1.621727340,0.735266084,0.735266084,0.000000000,1,0,ok,map,631,285,917,0,ok,33,TRACKING,98,0,0,-1,0,0,0,nan,nan,0,0,nan,nan,
1750921990.982111931,1,-2.887449958,-0.062120993,-0.505123018,-0.003110808,0.971334508,-0.033249080,0.235359502,965,623,287,1.744917066,1.728486375,0.718386133,0.718386133,0.000002415,1,0,ok,map,623,287,917,0,ok,35,TRACKING,98,0,0,-1,0,0,0,nan,nan,0,0,nan,nan,
1750921990.994112015,1,-2.894690718,-0.061757173,-0.492102679,-0.001988889,0.972773869,-0.034630387,0.229145761,958,614,270,1.680937304,1.679961975,0.758810827,0.758810827,0.000001708,1,0,ok,map,614,270,917,0,ok,42,TRACKING,98,0,0,-1,0,0,0,nan,nan,0,0,nan,nan,
1750921991.006112099,1,-2.910218970,-0.069569842,-0.462452757,-0.002433157,0.974081316,-0.034602804,0.223522516,973,609,271,1.527368869,1.472883870,0.663528898,0.663528898,0.000001207,1,0,ok,map,609,271,917,0,ok,27,TRACKING,98,0,0,-1,0,0,0,nan,nan,0,0,nan,nan,
1750921991.018112183,1,-2.917965664,-0.070855075,-0.443062195,-0.005354358,0.975410187,-0.032405628,0.217936167,984,603,260,1.499829618,1.457003162,0.780017331,0.780017331,0.000001708,1,0,ok,map,603,260,917,0,ok,16,TRACKING,98,0,0,-1,0,0,0,nan,nan,0,0,nan,nan,
1750921991.030112267,1,-2.918913542,-0.060724773,-0.422582728,-0.005569267,0.976555382,-0.030086428,0.213080680,969,592,228,1.640812417,1.627514333,0.760659679,0.760659679,0.000001708,1,0,ok,map,592,228,917,0,ok,31,TRACKING,99,1,0,-1,0,0,0,nan,nan,0,0,nan,nan,
1750921991.042112350,1,-2.926346448,-0.058128867,-0.406659806,-0.005017891,0.977761915,-0.031775140,0.207236096,963,716,386,1.362181064,1.205185605,0.713517864,0.713517864,0.000001708,1,0,ok,map,716,386,1023,0,ok,37,TRACKING,99,0,0,-1,0,0,0,nan,nan,0,0,nan,nan,
1750921991.054112434,1,-2.933744464,-0.060345964,-0.386072097,-0.005583020,0.978843917,-0.033773616,0.201724464,970,707,394,1.382994845,1.257410503,0.686232134,0.686232134,0.000001207,1,0,ok,map,707,394,1023,0,ok,30,TRACKING,99,0,0,-1,0,0,0,nan,nan,0,0,nan,nan,
1750921991.066112518,1,-2.941593563,-0.059352055,-0.362864721,-0.005473460,0.980095128,-0.033555034,0.195595605,968,699,376,1.458854202,1.380395806,0.717350022,0.717350022,0.000001708,1,0,ok,map,699,376,1023,0,ok,32,TRACKING,99,0,0,-1,0,0,0,nan,nan,0,0,nan,nan,
1750921991.078112602,1,-2.948531691,-0.060670658,-0.347333559,-0.005640412,0.981242175,-0.033564354,0.189750925,976,691,366,1.494873879,1.457289694,0.682797141,0.682797141,0.000001708,1,0,ok,map,691,366,1023,0,ok,24,TRACKING,99,0,0,-1,0,0,0,nan,nan,0,0,nan,nan,
1750921991.090112686,1,-2.955046604,-0.061266419,-0.321982575,-0.007224424,0.982407232,-0.032223355,0.183808307,979,682,357,1.483480387,1.458484874,0.733561250,0.733561250,0.000001708,1,0,ok,map,682,357,1023,0,ok,21,TRACKING,99,0,0,-1,0,0,0,nan,nan,0,0,nan,nan,
1750921991.102112770,1,-2.962284605,-0.060217707,-0.305031931,-0.007403530,0.983527220,-0.031999035,0.177751108,975,668,349,1.470540238,1.385208387,0.706636549,0.706636549,0.000002415,1,0,ok,map,668,349,1023,0,ok,25,TRACKING,99,0,0,-1,0,0,0,nan,nan,0,0,nan,nan,
1750921991.114112854,1,-2.968872647,-0.059382613,-0.279601809,-0.007155659,0.984602309,-0.031739997,0.171754656,970,654,341,1.471320966,1.435060225,0.699308193,0.699308193,0.000002091,1,0,ok,map,654,341,1023,0,ok,30,TRACKING,99,0,0,-1,0,0,0,nan,nan,0,0,nan,nan,
1750921991.126112938,1,-2.973706814,-0.056320875,-0.262036089,-0.008054922,0.985633160,-0.031767882,0.165690056,960,641,310,1.524853996,1.491518295,0.712420488,0.712420488,0.000001207,1,0,ok,map,641,310,1023,0,ok,40,TRACKING,99,0,0,-1,0,0,0,nan,nan,0,0,nan,nan,
1750921991.138113022,1,-2.977836904,-0.057876425,-0.248386161,-0.008947647,0.986553142,-0.033407810,0.159739651,962,630,303,1.546966362,1.517505535,0.722382602,0.722382602,0.000001207,1,0,ok,map,630,303,1023,0,ok,38,TRACKING,99,0,0,-1,0,0,0,nan,nan,0,0,nan,nan,
1750921991.150113106,1,-2.985904362,-0.068021985,-0.222227541,-0.009705723,0.987448901,-0.033932028,0.153945070,972,619,267,1.632704530,1.639436125,0.680148380,0.680148380,0.000000000,1,0,ok,map,619,267,1023,0,ok,28,TRACKING,99,0,0,-1,0,0,0,nan,nan,0,0,nan,nan,
1750921991.162113190,1,-2.989423898,-0.065782302,-0.201694324,-0.008454970,0.988503834,-0.031789850,0.147574015,975,606,267,1.698817314,1.715290304,0.792727835,0.792727835,0.000001708,1,0,ok,map,606,267,1023,0,ok,25,TRACKING,99,0,0,-1,0,0,0,nan,nan,0,0,nan,nan,
1750921991.174113274,1,-2.987551485,-0.060548924,-0.172618521,-0.006929415,0.989127160,-0.030120288,0.143778344,977,593,246,1.683112070,1.753290938,0.726072289,0.726072289,0.000002415,1,0,ok,map,593,246,1023,0,ok,23,TRACKING,100,1,0,-1,0,0,0,nan,nan,0,0,nan,nan,
1750921991.186113358,1,-2.991606414,-0.058904999,-0.156151593,-0.006710118,0.989963709,-0.030358237,0.137859375,965,720,417,1.328430439,1.177352772,0.686008485,0.686008485,0.000000000,1,0,ok,map,720,417,1092,0,ok,35,TRACKING,100,0,0,-1,0,0,0,nan,nan,0,0,nan,nan,
1750921991.198113441,1,-2.996290127,-0.057238983,-0.135631602,-0.007820060,0.990773431,-0.031394742,0.131610124,969,712,393,1.432952847,1.343227678,0.742772921,0.742772921,0.000001708,1,0,ok,map,712,393,1092,0,ok,31,TRACKING,100,0,0,-1,0,0,0,nan,nan,0,0,nan,nan,
1750921991.210113525,1,-2.998875593,-0.055872796,-0.117339918,-0.007761572,0.991519089,-0.033579253,0.125307976,956,692,381,1.516931845,1.458028693,0.769119939,0.769119939,0.000001708,1,0,ok,map,692,381,1092,0,ok,44,TRACKING,100,0,0,-1,0,0,0,nan,nan,0,0,nan,nan,
1750921991.222113609,1,-3.002006229,-0.060588756,-0.091164985,-0.006554001,0.992268220,-0.035398746,0.118776065,977,683,391,1.513225213,1.479180499,0.793880725,0.793880725,0.000002091,1,0,ok,map,683,391,1092,0,ok,23,TRACKING,100,0,0,-1,0,0,0,nan,nan,0,0,nan,nan,
1750921991.234113693,1,-3.005178172,-0.066895938,-0.065035398,-0.006418438,0.993017872,-0.034740741,0.112549503,971,667,358,1.558320442,1.519510720,0.722777001,0.722777001,0.000000000,1,0,ok,map,667,358,1092,0,ok,29,TRACKING,100,0,0,-1,0,0,0,nan,nan,0,0,nan,nan,
1750921991.246113777,1,-3.009502018,-0.065907617,-0.049170036,-0.008434702,0.993783742,-0.031288386,0.106507124,975,649,357,1.534638683,1.534997290,0.834878016,0.834878016,0.000001207,1,0,ok,map,649,357,1092,0,ok,25,TRACKING,100,0,0,-1,0,0,0,nan,nan,0,0,nan,nan,
1750921991.258113861,1,-3.010712580,-0.053066977,-0.022267148,-0.008470260,0.994571210,-0.029018770,0.099570451,949,623,309,1.531346400,1.471013803,0.841216082,0.841216082,0.000000000,1,0,ok,map,623,309,1092,0,ok,51,TRACKING,100,0,0,-1,0,0,0,nan,nan,0,0,nan,nan,
1750921991.270113945,1,-3.013275435,-0.051728343,-0.000550859,-0.007788691,0.995144935,-0.031013208,0.093081014,980,617,301,1.608263035,1.599959169,0.784633853,0.784633853,0.000002091,1,0,ok,map,617,301,1092,0,ok,20,TRACKING,100,0,0,-1,0,0,0,nan,nan,0,0,nan,nan,
1750921991.282114029,1,-3.007050305,-0.053357087,0.019523056,-0.007540014,0.995403856,-0.032091933,0.089913400,935,580,297,1.648993543,1.626322856,0.732279382,0.732279382,0.000002091,1,0,ok,map,580,297,1092,0,ok,65,TRACKING,101,1,0,-1,0,0,0,nan,nan,0,0,nan,nan,
1750921991.294114113,1,-3.009097920,-0.052618020,0.040262146,-0.006454543,0.995999590,-0.032637927,0.082933228,969,733,496,1.231567278,1.101824990,0.814763386,0.814763386,0.000002091,1,0,ok,map,733,496,1128,0,ok,31,TRACKING,101,0,0,-1,0,0,0,nan,nan,0,0,nan,nan,
1750921991.306114197,1,-3.009779975,-0.054342906,0.064579095,-0.006597735,0.996511918,-0.032962226,0.076380359,980,729,488,1.313913872,1.213028394,0.754291086,0.754291086,0.000000000,1,0,ok,map,729,488,1128,0,ok,20,TRACKING,101,0,0,-1,0,0,0,nan,nan,0,0,nan,nan,
1750921991.318114281,1,-3.011145994,-0.053981918,0.085791604,-0.006703248,0.997039258,-0.032260661,0.069476868,972,721,479,1.433367950,1.373489680,0.797542467,0.797542467,0.000001708,1,0,ok,map,721,479,1128,0,ok,28,TRACKING,101,0,0,-1,0,0,0,nan,nan,0,0,nan,nan,
1750921991.330114365,1,-3.011619244,-0.052527549,0.107439814,-0.006528777,0.997511275,-0.031564559,0.062708132,977,715,478,1.468297208,1.403018368,0.781861836,0.781861836,0.000001708,1,0,ok,map,715,478,1128,0,ok,23,TRACKING,101,0,0,-1,0,0,0,nan,nan,0,0,nan,nan,
1750921991.342114449,1,-3.011459670,-0.049976724,0.128820826,-0.006517596,0.997916295,-0.031512965,0.055924250,971,703,464,1.490007574,1.408127171,0.778784799,0.778784799,0.000000000,1,0,ok,map,703,464,1128,0,ok,29,TRACKING,101,0,0,-1,0,0,0,nan,nan,0,0,nan,nan,
1750921991.354114532,1,-3.011378027,-0.050831692,0.150253120,-0.006356107,0.998225802,-0.032692078,0.049356623,978,694,447,1.474911821,1.365888994,0.765674650,0.765674650,0.000002091,1,0,ok,map,694,447,1128,0,ok,22,TRACKING,101,0,0,-1,0,0,0,nan,nan,0,0,nan,nan,
1750921991.366114616,1,-3.012157597,-0.051552716,0.170961047,-0.005644684,0.998531112,-0.033078159,0.042539293,983,688,423,1.477126583,1.457932897,0.787474788,0.787474788,0.000002091,1,0,ok,map,688,423,1128,0,ok,17,TRACKING,101,0,0,-1,0,0,0,nan,nan,0,0,nan,nan,
1750921991.378114700,1,-3.010527428,-0.052521105,0.195742378,-0.004740509,0.998823493,-0.032474960,0.035700629,984,679,413,1.468420821,1.403432722,0.794197902,0.794197902,0.000000000,1,0,ok,map,679,413,1128,0,ok,16,TRACKING,101,0,0,-1,0,0,0,nan,nan,0,0,nan,nan,
1750921991.390114784,1,-3.009652561,-0.051818777,0.216175486,-0.006120138,0.999067017,-0.031280648,0.029140349,970,672,399,1.447955706,1.397251783,0.780792539,0.780792539,0.000001708,1,0,ok,map,672,399,1128,0,ok,30,TRACKING,101,0,0,-1,0,0,0,nan,nan,0,0,nan,nan,
1750921991.402114868,1,-3.008583284,-0.048476292,0.237044586,-0.006550421,0.999250048,-0.031162923,0.022029649,972,661,391,1.534613102,1.486662305,0.816699211,0.816699211,0.000001207,1,0,ok,map,661,391,1128,0,ok,28,TRACKING,101,0,0,-1,0,0,0,nan,nan,0,0,nan,nan,
1750921991.414114952,1,-3.007374772,-0.048476929,0.263131580,-0.005648744,0.999355213,-0.032137274,0.014981475,974,658,363,1.517561193,1.500564962,0.821953276,0.821953276,0.000002091,1,0,ok,map,658,363,1128,0,ok,26,TRACKING,101,0,0,-1,0,0,0,nan,nan,0,0,nan,nan,
1750921991.426115036,1,-3.005348302,-0.048874134,0.280135419,-0.005130524,0.999400211,-0.033296114,0.008016570,972,647,358,1.537380515,1.518769088,0.811285530,0.811285530,0.000001207,1,0,ok,map,647,358,1128,0,ok,28,TRACKING,101,0,0,-1,0,0,0,nan,nan,0,0,nan,nan,
1750921991.438115120,1,-2.995060675,-0.052139859,0.303259651,-0.003813876,0.999427906,-0.033193472,0.005244909,955,632,343,1.612578715,1.597676210,0.805338897,0.805338897,0.000002415,1,0,ok,map,632,343,1128,0,ok,45,TRACKING,102,1,0,-1,0,0,0,nan,nan,0,0,nan,nan,
1750921991.450115204,1,-2.992785705,-0.050322849,0.323157861,-0.005209694,0.999480989,-0.031747330,-0.001649129,953,686,434,1.384110104,1.227433239,0.822911224,0.822911224,0.000001708,1,0,ok,map,686,434,1089,0,ok,47,TRACKING,102,0,0,-1,0,0,0,nan,nan,0,0,nan,nan,
1750921991.462115288,1,-2.989859930,-0.047884321,0.344863138,-0.006226634,0.999473693,-0.030657382,-0.008584369,929,656,410,1.555338548,1.487936697,0.812873327,0.812873327,0.000002091,1,0,ok,map,656,410,1089,0,ok,71,TRACKING,102,0,0,-1,0,0,0,nan,nan,0,0,nan,nan,
1750921991.474115372,1,-2.986925778,-0.045597633,0.362802423,-0.005621396,0.999345221,-0.032045020,-0.015831782,968,640,380,1.660006929,1.634854360,0.848547179,0.848547179,0.000001708,1,0,ok,map,640,380,1089,0,ok,32,TRACKING,102,0,0,-1,0,0,0,nan,nan,0,0,nan,nan,
1750921991.486115456,1,-2.983559981,-0.048785884,0.385147790,-0.005953348,0.999155163,-0.033727258,-0.022715427,971,627,369,1.579186125,1.552635573,0.813204713,0.813204713,0.000000000,1,0,ok,map,627,369,1089,0,ok,29,TRACKING,102,0,0,-1,0,0,0,nan,nan,0,0,nan,nan,
1750921991.498115540,1,-2.980512316,-0.047675469,0.407663387,-0.006273820,0.998957607,-0.033826911,-0.030001325,966,610,367,1.559071270,1.519876375,0.836096044,0.836096044,0.000000000,1,0,ok,map,610,367,1089,0,ok,34,TRACKING,102,0,0,-1,0,0,0,nan,nan,0,0,nan,nan,
1750921991.510115623,1,-2.967734397,-0.049808113,0.430628042,-0.006038737,0.998907220,-0.033494292,-0.032031736,969,597,347,1.522672922,1.429090782,0.780006247,0.780006247,0.000002415,1,0,ok,map,597,347,1089,0,ok,31,TRACKING,103,1,2,35,106,1,0,0.015111077,0.002263742,61,24,0.393442623,0.903741902,ok
1750921991.522115707,1,-2.929548610,-0.039943969,0.452709747,-0.006128964,0.998697411,-0.032258545,-0.039055143,968,643,210,1.680027864,1.703661842,0.817606457,0.817606457,0.000002415,1,0,ok,map,643,210,980,0,ok,32,TRACKING,103,0,0,-1,0,0,0,nan,nan,0,0,nan,nan,
1750921991.534115791,1,-2.931474569,-0.039246278,0.458145652,-0.005548411,0.998424978,-0.031149083,-0.046330472,965,626,210,1.730982303,1.710885810,0.846527080,0.846527080,0.000001708,1,0,ok,map,626,210,980,0,ok,35,TRACKING,103,0,0,-1,0,0,0,nan,nan,0,0,nan,nan,
1750921991.546115875,1,-2.923864700,-0.039703333,0.484700144,-0.005501779,0.998056852,-0.031508485,-0.053473970,964,613,203,1.760686473,1.847873620,0.820723974,0.820723974,0.000000000,1,0,ok,map,613,203,980,0,ok,36,TRACKING,103,0,0,-1,0,0,0,nan,nan,0,0,nan,nan,
1750921991.558115959,1,-2.923415555,-0.038738849,0.497309485,-0.005210266,0.997650208,-0.031506829,-0.060615469,958,596,192,1.690985651,1.677040783,0.820363266,0.820363266,0.000001708,1,0,ok,map,596,192,980,0,ok,42,TRACKING,103,0,0,-1,0,0,0,nan,nan,0,0,nan,nan,
1750921991.570116043,1,-2.927730092,-0.041620867,0.518574139,-0.006086971,0.997024824,-0.032363704,-0.069692471,973,586,185,1.706173351,1.668130018,0.831707884,0.831707884,0.000002415,1,0,ok,map,586,185,980,0,ok,27,TRACKING,104,1,0,-1,0,0,0,nan,nan,0,0,nan,nan,
1750921991.582116127,1,-2.925246497,-0.043150325,0.540724145,-0.006412295,0.996509945,-0.032311428,-0.076699305,953,609,318,1.634099885,1.639041883,0.805975447,0.805975447,0.000001708,1,0,ok,map,609,318,915,0,ok,47,TRACKING,104,0,0,-1,0,0,0,nan,nan,0,0,nan,nan,
1750921991.594116211,1,-2.915577012,-0.042189326,0.569875184,-0.006189279,0.995935002,-0.031492816,-0.084162744,969,597,304,1.651345074,1.585796810,0.863275400,0.863275400,0.000002415,1,0,ok,map,597,304,915,0,ok,31,TRACKING,104,0,0,-1,0,0,0,nan,nan,0,0,nan,nan,
1750921991.606116295,1,-2.911406373,-0.042741289,0.588602706,-0.006435522,0.995364848,-0.030034599,-0.091133563,940,577,291,1.634854360,1.627616023,0.819186511,0.819186511,0.000000000,1,0,ok,map,577,291,915,0,ok,60,TRACKING,104,0,0,-1,0,0,0,nan,nan,0,0,nan,nan,
1750921991.618116379,1,-2.909172038,-0.042666895,0.602723624,-0.005989553,0.994719219,-0.028561398,-0.098397398,963,568,285,1.662870660,1.618982836,0.854069320,0.854069320,0.000002091,1,0,ok,map,568,285,915,0,ok,37,TRACKING,104,0,0,-1,0,0,0,nan,nan,0,0,nan,nan,
1750921991.630116463,1,-2.914518303,-0.043793107,0.618200476,-0.006238835,0.993686053,-0.028893269,-0.108232544,962,559,283,1.575684341,1.503138062,0.841746362,0.841746362,0.000001708,1,0,ok,map,559,283,915,0,ok,38,TRACKING,105,1,0,-1,0,0,0,nan,nan,0,0,nan,nan,
1750921991.642116547,1,-2.907806800,-0.042228595,0.637545386,-0.007045216,0.992893927,-0.029277736,-0.115129618,956,591,382,1.401336159,1.283040959,0.802102855,0.802102855,0.000002091,1,0,ok,map,591,382,815,0,ok,44,TRACKING,105,0,0,-1,0,0,0,nan,nan,0,0,nan,nan,
1750921991.654116631,1,-2.899703486,-0.040296939,0.657638350,-0.007130942,0.992014272,-0.029815300,-0.122343296,951,590,364,1.487833867,1.398136770,0.835084862,0.835084862,0.000001207,1,0,ok,map,590,364,815,0,ok,49,TRACKING,105,0,0,-1,0,0,0,nan,nan,0,0,nan,nan,
1750921991.666116714,1,-2.892181172,-0.042143043,0.679669091,-0.006277580,0.991067022,-0.031278062,-0.129492987,965,587,362,1.527541143,1.449006826,0.848933290,0.848933290,0.000002091,1,0,ok,map,587,362,815,0,ok,35,TRACKING,105,0,0,-1,0,0,0,nan,nan,0,0,nan,nan,
1750921991.678116798,1,-2.882914050,-0.043783769,0.702597211,-0.006311838,0.990171306,-0.030944863,-0.136247425,965,587,345,1.619098101,1.554514277,0.781722025,0.781722025,0.000001708,1,0,ok,map,587,345,815,0,ok,35,TRACKING,105,0,0,-1,0,0,0,nan,nan,0,0,nan,nan,
1750921991.690116882,1,-2.876423805,-0.043840677,0.724985091,-0.007269349,0.989265580,-0.029010315,-0.143035555,962,585,333,1.628761988,1.611046597,0.822816667,0.822816667,0.000001207,1,0,ok,map,585,333,815,0,ok,38,TRACKING,105,0,0,-1,0,0,0,nan,nan,0,0,nan,nan,
1750921991.702116966,1,-2.881150577,-0.040940327,0.735571483,-0.008564243,0.987781867,-0.027700748,-0.153121867,955,580,298,1.647921761,1.704270270,0.820066860,0.820066860,0.000001708,1,0,ok,map,580,298,815,0,ok,45,TRACKING,106,1,0,-1,0,0,0,nan,nan,0,0,nan,nan,
1750921991.714117050,1,-2.875705987,-0.039733849,0.751782365,-0.007714906,0.986522329,-0.029587780,-0.160744324,962,593,391,1.448599520,1.371238364,0.916523894,0.916523894,0.000001207,1,0,ok,map,593,391,660,0,ok,38,TRACKING,106,0,0,-1,0,0,0,nan,nan,0,0,nan,nan,
1750921991.726117134,1,-2.866537702,-0.040240493,0.770796932,-0.008205198,0.985357715,-0.030143775,-0.167613246,972,591,381,1.520126008,1.470088430,0.802862004,0.802862004,0.000001708,1,0,ok,map,591,381,660,0,ok,28,TRACKING,106,0,0,-1,0,0,0,nan,nan,0,0,nan,nan,
1750921991.738117218,1,-2.857787910,-0.040377538,0.791058547,-0.008670550,0.984077246,-0.030270253,-0.174930009,971,589,378,1.562388412,1.549869756,0.852975591,0.852975591,0.000002091,1,0,ok,map,589,378,660,0,ok,29,TRACKING,106,0,0,-1,0,0,0,nan,nan,0,0,nan,nan,
1750921991.750117302,1,-2.848367979,-0.040956881,0.810461524,-0.010228791,0.982843403,-0.030082102,-0.181684575,982,589,355,1.474239845,1.447204739,0.807120443,0.807120443,0.000000000,1,0,ok,map,589,355,660,0,ok,18,TRACKING,106,0,0,-1,0,0,0,nan,nan,0,0,nan,nan,
1750921991.762117386,1,-2.838200479,-0.041869955,0.828042116,-0.010388596,0.981546169,-0.029239295,-0.188690910,976,589,346,1.454967536,1.375014888,0.822410090,0.822410090,0.000001708,1,0,ok,map,589,346,660,0,ok,24,TRACKING,106,0,0,-1,0,0,0,nan,nan,0,0,nan,nan,
1750921991.774117470,1,-2.826682821,-0.041200580,0.848762178,-0.009448251,0.980161734,-0.027936509,-0.195993004,972,589,333,1.476388960,1.362477907,0.871340550,0.871340550,0.000002415,1,0,ok,map,589,333,660,0,ok,28,TRACKING,106,0,0,-1,0,0,0,nan,nan,0,0,nan,nan,
1750921991.786117554,1,-2.817071499,-0.036746253,0.865520393,-0.009248931,0.978781805,-0.027305478,-0.202867067,961,589,296,1.560450432,1.502842792,0.806997063,0.806997063,0.000002091,1,0,ok,map,589,296,660,0,ok,39,TRACKING,106,0,0,-1,0,0,0,nan,nan,0,0,nan,nan,
1750921991.798117638,1,-2.822795833,-0.041564058,0.879458313,-0.010182440,0.976300685,-0.029744141,-0.214122805,953,581,274,1.635360054,1.640013147,0.863504113,0.863504113,0.000002415,1,0,ok,map,581,274,660,0,ok,47,TRACKING,107,1,0,-1,0,0,0,nan,nan,0,0,nan,nan,
1750921991.810117722,1,-2.813470817,-0.040980973,0.895247326,-0.011099050,0.974744222,-0.030605899,-0.220938433,955,672,424,1.351089777,1.216815874,0.813990353,0.813990353,0.000001207,1,0,ok,map,672,424,704,0,ok,45,TRACKING,107,0,0,-1,0,0,0,nan,nan,0,0,nan,nan,
1750921991.822117805,1,-2.801564468,-0.041529970,0.914104115,-0.011134576,0.973102142,-0.031218520,-0.227977294,966,669,409,1.378110340,1.309919336,0.831233575,0.831233575,0.000001207,1,0,ok,map,669,409,704,0,ok,34,TRACKING,107,0,0,-1,0,0,0,nan,nan,0,0,nan,nan,
1750921991.834117889,1,-2.790774288,-0.041074849,0.929879437,-0.011230095,0.971529206,-0.030297263,-0.234706120,962,658,395,1.472243999,1.415958955,0.798936244,0.798936244,0.000002091,1,0,ok,map,658,395,704,0,ok,38,TRACKING,107,0,0,-1,0,0,0,nan,nan,0,0,nan,nan,
1750921991.846117973,1,-2.779570508,-0.040272954,0.948699652,-0.011469512,0.969887884,-0.029624971,-0.241471122,928,630,375,1.473035648,1.379938045,0.801884594,0.801884594,0.000002415,1,0,ok,map,630,375,704,0,ok,72,TRACKING,107,0,0,-1,0,0,0,nan,nan,0,0,nan,nan,
1750921991.858118057,1,-2.768572603,-0.038181236,0.965259497,-0.012000119,0.968189835,-0.029970200,-0.248125426,938,601,364,1.456287199,1.316914605,0.790300047,0.790300047,0.000001708,1,0,ok,map,601,364,704,0,ok,62,TRACKING,107,0,0,-1,0,0,0,nan,nan,0,0,nan,nan,
1750921991.870118141,1,-2.755194193,-0.039929522,0.982516934,-0.012038611,0.966365286,-0.030986766,-0.255015735,968,594,354,1.465335800,1.326957253,0.825062861,0.825062861,0.000001708,1,0,ok,map,594,354,704,0,ok,32,TRACKING,107,0,0,-1,0,0,0,nan,nan,0,0,nan,nan,
1750921991.882118225,1,-2.747348764,-0.038299291,0.996519882,-0.012179712,0.964348786,-0.031077826,-0.262520938,965,583,342,1.516963376,1.386329854,0.797922638,0.797922638,0.000000000,1,0,ok,map,583,342,704,0,ok,35,TRACKING,108,1,0,-1,0,0,0,nan,nan,0,0,nan,nan,
1750921991.894118309,1,-2.733488223,-0.039650928,1.015122038,-0.011757086,0.962479978,-0.032413596,-0.269153158,938,681,487,1.274362372,1.083305669,0.805749707,0.805749707,0.000001207,1,0,ok,map,681,487,832,0,ok,62,TRACKING,108,0,0,-1,0,0,0,nan,nan,0,0,nan,nan,
1750921991.906118393,1,-2.721646521,-0.038499560,1.029665055,-0.011412341,0.960563628,-0.032012147,-0.275975539,936,657,458,1.374820090,1.231238022,0.814305877,0.814305877,0.000002091,1,0,ok,map,657,458,832,0,ok,64,TRACKING,108,0,0,-1,0,0,0,nan,nan,0,0,nan,nan,
1750921991.918118477,1,-2.707867258,-0.039441135,1.048063884,-0.011794131,0.958603617,-0.032126881,-0.282679796,964,643,432,1.409748654,1.271064305,0.801713821,0.801713821,0.000001708,1,0,ok,map,643,432,832,0,ok,36,TRACKING,108,0,0,-1,0,0,0,nan,nan,0,0,nan,nan,
1750921991.930118561,1,-2.693869909,-0.038762454,1.063628809,-0.012220778,0.956668773,-0.031289614,-0.289234285,957,627,410,1.396285449,1.255503635,0.790500594,0.790500594,0.000001708,1,0,ok,map,627,410,832,0,ok,43,TRACKING,108,0,0,-1,0,0,0,nan,nan,0,0,nan,nan,
1750921991.942118645,1,-2.682857128,-0.037722797,1.076627447,-0.011839220,0.954601041,-0.030941249,-0.296039396,957,607,390,1.360113053,1.256804110,0.817160760,0.817160760,0.000001708,1,0,ok,map,607,390,832,0,ok,43,TRACKING,108,0,0,-1,0,0,0,nan,nan,0,0,nan,nan,
1750921991.954118729,1,-2.666553622,-0.037019846,1.094551034,-0.011357453,0.952467353,-0.031925791,-0.302750216,949,598,380,1.394113472,1.255661942,0.816655742,0.816655742,0.000001708,1,0,ok,map,598,380,832,0,ok,51,TRACKING,108,0,0,-1,0,0,0,nan,nan,0,0,nan,nan,
1750921991.966118813,1,-2.658280741,-0.037643024,1.106412944,-0.012198895,0.950149032,-0.032519157,-0.309855626,965,592,365,1.455419199,1.320905064,0.755793970,0.755793970,0.000002091,1,0,ok,map,592,365,832,0,ok,35,TRACKING,109,1,0,-1,0,0,0,nan,nan,0,0,nan,nan,
1750921991.978118896,1,-2.643795296,-0.037795705,1.123041808,-0.012617437,0.948005738,-0.032545795,-0.316333199,949,660,460,1.222010490,1.048271530,0.783329771,0.783329771,0.000002091,1,0,ok,map,660,460,891,0,ok,51,TRACKING,109,0,0,-1,0,0,0,nan,nan,0,0,nan,nan,
1750921991.990118980,1,-2.629294274,-0.036718164,1.137667661,-0.012537876,0.945853299,-0.031849740,-0.322784655,930,629,436,1.320404581,1.159356513,0.783468452,0.783468452,0.000002091,1,0,ok,map,629,436,891,0,ok,70,TRACKING,109,0,0,-1,0,0,0,nan,nan,0,0,nan,nan,
1750921992.002119064,1,-2.617024540,-0.037042587,1.149074191,-0.011657024,0.943556370,-0.032040694,-0.329452402,962,624,415,1.384242574,1.262321605,0.814707376,0.814707376,0.000000000,1,0,ok,map,624,415,891,0,ok,38,TRACKING,109,0,0,-1,0,0,0,nan,nan,0,0,nan,nan,
1750921992.014119148,1,-2.600491240,-0.035933797,1.164975707,-0.011301876,0.941312672,-0.031850581,-0.335839637,970,620,405,1.395755927,1.247795026,0.777142030,0.777142030,0.000002091,1,0,ok,map,620,405,891,0,ok,30,TRACKING,109,0,0,-1,0,0,0,nan,nan,0,0,nan,nan,
1750921992.026119232,1,-2.586946367,-0.036836009,1.178263157,-0.012476760,0.939077368,-0.031590605,-0.342023479,952,594,383,1.369033736,1.283825583,0.766004918,0.766004918,0.000002091,1,0,ok,map,594,383,891,0,ok,48,TRACKING,109,0,0,-1,0,0,0,nan,nan,0,0,nan,nan,
1750921992.038119316,1,-2.577030706,-0.036887370,1.190010619,-0.012908937,0.936358246,-0.030161224,-0.349509505,943,576,361,1.351960737,1.262982177,0.815561974,0.815561974,0.000001207,1,0,ok,map,576,361,891,0,ok,57,TRACKING,110,1,0,-1,0,0,0,nan,nan,0,0,nan,nan,
1750921992.050119400,1,-2.561704321,-0.034532138,1.203303173,-0.012552306,0.933924289,-0.029315642,-0.356045580,952,690,496,1.152665221,0.915530380,0.806115677,0.806115677,0.000001708,1,0,ok,map,690,496,991,0,ok,48,TRACKING,110,0,0,-1,0,0,0,nan,nan,0,0,nan,nan,
1750921992.062119484,1,-2.543314565,-0.034162616,1.218353984,-0.011513374,0.931270192,-0.030662650,-0.362854066,947,664,453,1.280078628,1.109260640,0.859771123,0.859771123,0.000001207,1,0,ok,map,664,453,991,0,ok,53,TRACKING,110,0,0,-1,0,0,0,nan,nan,0,0,nan,nan,
1750921992.074119568,1,-2.528981004,-0.033394042,1.230639669,-0.011194569,0.928751261,-0.032111224,-0.369140415,945,653,431,1.318261310,1.213716794,0.794437759,0.794437759,0.000001708,1,0,ok,map,653,431,991,0,ok,55,TRACKING,110,0,0,-1,0,0,0,nan,nan,0,0,nan,nan,
1750921992.086119652,1,-2.512868740,-0.032559579,1.243744294,-0.011593293,0.926160332,-0.032918048,-0.375511701,952,633,411,1.368739329,1.305213111,0.794875069,0.794875069,0.000000000,1,0,ok,map,633,411,991,0,ok,48,TRACKING,110,0,0,-1,0,0,0,nan,nan,0,0,nan,nan,
1750921992.098119736,1,-2.496727881,-0.034607566,1.256707903,-0.012953414,0.923606855,-0.032538922,-0.381737876,959,624,386,1.406874835,1.335915858,0.787931382,0.787931382,0.000001207,1,0,ok,map,624,386,991,0,ok,41,TRACKING,110,0,0,-1,0,0,0,nan,nan,0,0,nan,nan,
1750921992.110119820,1,-2.491765037,-0.035479848,1.262038467,-0.012669037,0.920479226,-0.030965434,-0.389356691,934,586,374,1.304543398,1.192362950,0.841486615,0.841486615,0.000001708,1,0,ok,map,586,374,991,0,ok,66,TRACKING,111,1,0,-1,0,0,0,nan,nan,0,0,nan,nan,
1750921992.122119904,1,-2.475082615,-0.032826512,1.275549556,-0.011955912,0.917696128,-0.029650092,-0.395994627,941,713,504,1.114198786,0.980582459,0.842436950,0.842436950,0.000001708,1,0,ok,map,713,504,1087,0,ok,59,TRACKING,111,0,0,-1,0,0,0,nan,nan,0,0,nan,nan,
1750921992.134119987,1,-2.460384026,-0.032919334,1.286055267,-0.012859579,0.914956365,-0.030143895,-0.402219874,955,700,493,1.298829223,1.153211555,0.788275298,0.788275298,0.000001708,1,0,ok,map,700,493,1087,0,ok,45,TRACKING,111,0,0,-1,0,0,0,nan,nan,0,0,nan,nan,
1750921992.146120071,1,-2.441070278,-0.032063431,1.299950088,-0.012696996,0.912023553,-0.030857367,-0.408778239,968,692,489,1.394148592,1.286243121,0.827516471,0.827516471,0.000001708,1,0,ok,map,692,489,1087,0,ok,32,TRACKING,111,0,0,-1,0,0,0,nan,nan,0,0,nan,nan,
1750921992.158120155,1,-2.424823548,-0.034173830,1.311494343,-0.013025309,0.909236893,-0.031514535,-0.414880039,955,664,478,1.404078440,1.339281950,0.773278816,0.773278816,0.000001708,1,0,ok,map,664,478,1087,0,ok,45,TRACKING,111,0,0,-1,0,0,0,nan,nan,0,0,nan,nan,
1750921992.170120239,1,-2.408439655,-0.032476305,1.322139877,-0.013273734,0.906378686,-0.029878876,-0.421199168,965,654,460,1.369851451,1.288831839,0.817047013,0.817047013,0.000002415,1,0,ok,map,654,460,1087,0,ok,35,TRACKING,111,0,0,-1,0,0,0,nan,nan,0,0,nan,nan,
1750921992.182120323,1,-2.391356704,-0.032010265,1.333404810,-0.012457518,0.903440833,-0.028788940,-0.427563643,967,641,440,1.334043888,1.168008489,0.818282569,0.818282569,0.000000000,1,0,ok,map,641,440,1087,0,ok,33,TRACKING,111,0,0,-1,0,0,0,nan,nan,0,0,nan,nan,
1750921992.194120407,1,-2.377014474,-0.031733882,1.341765546,-0.012176500,0.900377038,-0.028663595,-0.433994609,974,630,413,1.426237965,1.405106596,0.817055090,0.817055090,0.000002415,1,0,ok,map,630,413,1087,0,ok,26,TRACKING,111,0,0,-1,0,0,0,nan,nan,0,0,nan,nan,
1750921992.206120491,1,-2.356654911,-0.033161652,1.356275574,-0.013104394,0.897484137,-0.029111007,-0.439889814,966,614,398,1.418717611,1.377806666,0.761699067,0.761699067,0.000001207,1,0,ok,map,614,398,1087,0,ok,34,TRACKING,111,0,0,-1,0,0,0,nan,nan,0,0,nan,nan,
1750921992.218120575,1,-2.343519244,-0.032766013,1.363926599,-0.012880413,0.893825118,-0.028308940,-0.447335843,934,579,378,1.442447838,1.380592638,0.826670544,0.826670544,0.000000000,1,0,ok,map,579,378,1087,0,ok,66,TRACKING,112,1,0,-1,0,0,0,nan,nan,0,0,nan,nan,
1750921992.230120659,1,-2.325801402,-0.031123089,1.374700264,-0.012683572,0.890706980,-0.028351996,-0.453515564,971,738,561,1.155491452,0.971214999,0.793520947,0.793520947,0.000001207,1,0,ok,map,738,561,1093,0,ok,29,TRACKING,112,0,0,-1,0,0,0,nan,nan,0,0,nan,nan,
1750921992.242120743,1,-2.308175276,-0.032470997,1.385675914,-0.013004841,0.887505501,-0.029118222,-0.459692276,973,730,530,1.187646945,1.008587370,0.802891521,0.802891521,0.000000000,1,0,ok,map,730,530,1093,0,ok,27,TRACKING,112,0,0,-1,0,0,0,nan,nan,0,0,nan,nan,
1750921992.254120827,1,-2.291071448,-0.029890193,1.394469705,-0.012762537,0.884149056,-0.028977509,-0.466130741,970,719,512,1.334451249,1.240043339,0.832650266,0.832650266,0.000001207,1,0,ok,map,719,512,1093,0,ok,30,TRACKING,112,0,0,-1,0,0,0,nan,nan,0,0,nan,nan,
1750921992.266120911,1,-2.275112567,-0.029786046,1.403280129,-0.013454705,0.880937396,-0.029850714,-0.472098730,967,701,483,1.354463500,1.257076560,0.787048183,0.787048183,0.000000000,1,0,ok,map,701,483,1093,0,ok,33,TRACKING,112,0,0,-1,0,0,0,nan,nan,0,0,nan,nan,
1750921992.278120995,1,-2.256704471,-0.029402473,1.412808090,-0.014695268,0.877619532,-0.030318570,-0.478172344,972,691,478,1.313873199,1.224274043,0.807485191,0.807485191,0.000002415,1,0,ok,map,691,478,1093,0,ok,28,TRACKING,112,0,0,-1,0,0,0,nan,nan,0,0,nan,nan,
1750921992.290121078,1,-2.243391448,-0.030283687,1.417991833,-0.014722054,0.874156248,-0.030748994,-0.484446710,965,676,470,1.297422189,1.184825760,0.822733928,0.822733928,0.000001708,1,0,ok,map,676,470,1093,0,ok,35,TRACKING,112,0,0,-1,0,0,0,nan,nan,0,0,nan,nan,
1750921992.302121162,1,-2.218695085,-0.029849414,1.431751050,-0.014035460,0.870626526,-0.030417773,-0.490802625,983,666,463,1.336682376,1.186708231,0.837678802,0.837678802,0.000001207,1,0,ok,map,666,463,1093,0,ok,17,TRACKING,112,0,0,-1,0,0,0,nan,nan,0,0,nan,nan,
1750921992.314121246,1,-2.203825651,-0.028426477,1.438284766,-0.014371680,0.867165776,-0.029708670,-0.496924910,969,644,443,1.349497173,1.271642840,0.810894149,0.810894149,0.000002091,1,0,ok,map,644,443,1093,0,ok,31,TRACKING,112,0,0,-1,0,0,0,nan,nan,0,0,nan,nan,
1750921992.326121330,1,-2.185753514,-0.028684207,1.447722005,0.014347486,-0.863506494,0.029953486,0.503242957,973,631,423,1.446631722,1.342628442,0.837136744,0.837136744,0.000000000,1,0,ok,map,631,423,1093,0,ok,27,TRACKING,112,0,0,-1,0,0,0,nan,nan,0,0,nan,nan,
1750921992.338121414,1,-2.164982330,-0.028699909,1.455748793,0.015735732,-0.859970522,0.029632057,0.509239658,967,615,425,1.469067526,1.340952664,0.814279879,0.814279879,0.000001708,1,0,ok,map,615,425,1093,0,ok,33,TRACKING,112,0,0,-1,0,0,0,nan,nan,0,0,nan,nan,
1750921992.350121498,1,-2.146120920,-0.029117983,1.464389061,0.015522190,-0.856285743,0.030044452,0.515394139,989,610,406,1.432886904,1.371745987,0.823714299,0.823714299,0.000001708,1,0,ok,map,610,406,1093,0,ok,11,TRACKING,112,0,0,-1,0,0,0,nan,nan,0,0,nan,nan,
1750921992.362121582,1,-2.128782777,-0.029291913,1.470948004,0.014067374,-0.852649446,0.029814388,0.521442359,993,608,387,1.481863595,1.438169383,0.826119047,0.826119047,0.000001207,1,0,ok,map,608,387,1093,0,ok,7,TRACKING,112,0,0,-1,0,0,0,nan,nan,0,0,nan,nan,
1750921992.374121666,1,-2.112214778,-0.029820812,1.477782072,0.013861473,-0.848375107,0.028628493,0.528439160,982,605,365,1.602750957,1.591975476,0.828168827,0.828168827,0.000001708,1,0,ok,map,605,365,1093,0,ok,18,TRACKING,113,1,1,43,66,1,0,0.013554887,0.002951257,50,31,0.620000000,1.430864462,ok
1750921992.386121750,1,-2.084139758,-0.026896253,1.499001103,0.014734716,-0.844799309,0.027524377,0.534171718,982,747,280,1.594416574,1.568889522,0.790850807,0.790850807,0.000001708,1,0,ok,map,747,280,1058,0,ok,18,TRACKING,113,0,0,-1,0,0,0,nan,nan,0,0,nan,nan,
1750921992.398121834,1,-2.073623490,-0.028925660,1.493727988,0.015074463,-0.840927179,0.028287502,0.540198165,974,734,265,1.567369111,1.582523514,0.826406731,0.826406731,0.000002415,1,0,ok,map,734,265,1058,0,ok,26,TRACKING,113,0,0,-1,0,0,0,nan,nan,0,0,nan,nan,
1750921992.410121918,1,-2.052513767,-0.029089853,1.504669824,0.015273044,-0.837203365,0.028359402,0.545942309,954,704,258,1.680735710,1.673996902,0.784820630,0.784820630,0.000000000,1,0,ok,map,704,258,1058,0,ok,46,TRACKING,113,0,0,-1,0,0,0,nan,nan,0,0,nan,nan,
1750921992.422122002,1,-2.045621060,-0.032001479,1.513186547,0.015123072,-0.833396245,0.027543400,0.551781979,975,687,210,1.765846493,1.872983242,0.804465815,0.804465815,0.000000000,1,0,ok,map,687,210,1058,0,ok,25,TRACKING,113,0,0,-1,0,0,0,nan,nan,0,0,nan,nan,
1750921992.434122086,1,-2.009595322,-0.030577830,1.517714037,0.014540452,-0.829550176,0.025323516,0.557668182,956,650,221,1.681163101,1.671147828,0.847568789,0.847568789,0.000001708,1,0,ok,map,650,221,1058,0,ok,44,TRACKING,113,0,0,-1,0,0,0,nan,nan,0,0,nan,nan,
1750921992.446122169,1,-1.996529942,-0.029288107,1.523760749,0.014069486,-0.825603554,0.025683711,0.563490167,979,640,181,1.701288108,1.703055680,0.808849985,0.808849985,0.000001207,1,0,ok,map,640,181,1058,0,ok,21,TRACKING,113,0,0,-1,0,0,0,nan,nan,0,0,nan,nan,
1750921992.458122253,1,-1.977698792,-0.030596540,1.539833408,0.014240292,-0.821889990,0.026397754,0.568856061,964,616,171,1.869352748,1.970085289,0.752497177,0.752497177,0.000002091,1,0,ok,map,616,171,1058,0,ok,36,TRACKING,113,0,0,-1,0,0,0,nan,nan,0,0,nan,nan,
1750921992.470122337,1,-1.954398551,-0.028438199,1.542146849,0.014242447,-0.817888785,0.026594096,0.574584930,948,584,168,1.769858477,1.814698948,0.822777414,0.822777414,0.000002415,1,0,ok,map,584,168,1058,0,ok,52,TRACKING,114,1,0,-1,0,0,0,nan,nan,0,0,nan,nan,
1750921992.482122421,1,-1.932895481,-0.027090999,1.548666655,0.014875489,-0.813785542,0.026231867,0.580382374,980,642,260,1.391318327,1.296406149,0.818179932,0.818179932,0.000002091,1,0,ok,map,642,260,1044,0,ok,20,TRACKING,114,0,0,-1,0,0,0,nan,nan,0,0,nan,nan,
1750921992.494122505,1,-1.911045110,-0.030364979,1.551492788,0.014838564,-0.809744860,0.027127955,0.585966853,973,624,234,1.526518015,1.397873978,0.796539463,0.796539463,0.000002091,1,0,ok,map,624,234,1044,0,ok,27,TRACKING,114,0,0,-1,0,0,0,nan,nan,0,0,nan,nan,
1750921992.506122589,1,-1.899462081,-0.033445121,1.555504615,0.014060724,-0.805685465,0.025705722,0.591618495,972,605,209,1.640707474,1.631078704,0.818730400,0.818730400,0.000002415,1,0,ok,map,605,209,1044,0,ok,28,TRACKING,114,0,0,-1,0,0,0,nan,nan,0,0,nan,nan,
1750921992.518122673,1,-1.864080647,-0.032223776,1.564487973,0.013292565,-0.801734660,0.023466451,0.597071327,961,589,217,1.684011231,1.625509879,0.817920925,0.817920925,0.000002091,1,0,ok,map,589,217,1044,0,ok,39,TRACKING,114,0,0,-1,0,0,0,nan,nan,0,0,nan,nan,
1750921992.530122757,1,-1.845560901,-0.029333001,1.565141950,0.011967749,-0.797748712,0.022095777,0.602466217,959,572,202,1.693324580,1.659883119,0.830450412,0.830450412,0.000001708,1,0,ok,map,572,202,1044,0,ok,41,TRACKING,115,1,0,-1,0,0,0,nan,nan,0,0,nan,nan,
1750921992.542122841,1,-1.825991723,-0.030226682,1.568910202,0.012126956,-0.793728656,0.022180103,0.607746494,958,624,316,1.367014096,1.296921338,0.760760226,0.760760226,0.000001708,1,0,ok,map,624,316,1025,0,ok,42,TRACKING,115,0,0,-1,0,0,0,nan,nan,0,0,nan,nan,
1750921992.554122925,1,-1.804918694,-0.028007676,1.571683382,0.012223206,-0.789520476,0.022155683,0.613202362,955,598,297,1.412352472,1.327223443,0.789645737,0.789645737,0.000002700,1,0,ok,map,598,297,1025,0,ok,45,TRACKING,115,0,0,-1,0,0,0,nan,nan,0,0,nan,nan,
1750921992.566123009,1,-1.786567959,-0.029314792,1.573689663,0.012661960,-0.785350563,0.022242553,0.618521978,953,575,281,1.377218993,1.232741768,0.776240180,0.776240180,0.000000000,1,0,ok,map,575,281,1025,0,ok,47,TRACKING,115,0,0,-1,0,0,0,nan,nan,0,0,nan,nan,
1750921992.578123093,1,-1.766829620,-0.031890379,1.574382725,0.012796385,-0.781225969,0.021466551,0.623747885,976,565,264,1.437230730,1.293032276,0.768214839,0.768214839,0.000001708,1,0,ok,map,565,264,1025,0,ok,24,TRACKING,115,0,0,-1,0,0,0,nan,nan,0,0,nan,nan,
1750921992.590123177,1,-1.736691096,-0.030454552,1.575428043,0.012787426,-0.777235903,0.018924507,0.628794638,980,560,256,1.516596358,1.457886070,0.832592140,0.832592140,0.000001207,1,0,ok,map,560,256,1025,0,ok,20,TRACKING,116,1,0,-1,0,0,0,nan,nan,0,0,nan,nan,
1750921992.602123260,1,-1.721012679,-0.025861550,1.578347188,0.011862556,-0.772790694,0.017573945,0.634306692,969,615,295,1.422620533,1.357038297,0.832839124,0.832839124,0.000000000,1,0,ok,map,615,295,969,0,ok,31,TRACKING,116,0,0,-1,0,0,0,nan,nan,0,0,nan,nan,
1750921992.614123344,1,-1.696270740,-0.026682028,1.582380879,0.012232717,-0.768226018,0.018862995,0.639783818,977,604,293,1.572150405,1.627930692,0.831354252,0.831354252,0.000002091,1,0,ok,map,604,293,969,0,ok,23,TRACKING,116,0,0,-1,0,0,0,nan,nan,0,0,nan,nan,
1750921992.626123428,1,-1.684193531,-0.026748472,1.584818335,0.012511759,-0.763713501,0.019312336,0.645145083,975,595,272,1.537928015,1.511095713,0.805293750,0.805293750,0.000001708,1,0,ok,map,595,272,969,0,ok,25,TRACKING,116,0,0,-1,0,0,0,nan,nan,0,0,nan,nan,
1750921992.638123512,1,-1.652503357,-0.026715591,1.583464564,0.012420713,-0.759049109,0.018588888,0.650649391,983,587,255,1.516770819,1.452551002,0.830973379,0.830973379,0.000002091,1,0,ok,map,587,255,969,0,ok,17,TRACKING,116,0,0,-1,0,0,0,nan,nan,0,0,nan,nan,
1750921992.650123596,1,-1.639353689,-0.026577272,1.581062456,0.012673047,-0.754887727,0.017454039,0.655499252,959,561,256,1.522877730,1.447851996,0.801058418,0.801058418,0.000002091,1,0,ok,map,561,256,969,0,ok,41,TRACKING,117,1,0,-1,0,0,0,nan,nan,0,0,nan,nan,
1750921992.662123680,1,-1.612583555,-0.027238563,1.582926950,0.012391225,-0.750156261,0.017236657,0.660919768,972,567,322,1.348016913,1.220540531,0.825502054,0.825502054,0.000002091,1,0,ok,map,567,322,869,0,ok,28,TRACKING,117,0,0,-1,0,0,0,nan,nan,0,0,nan,nan,
1750921992.674123764,1,-1.602828134,-0.024000183,1.585657777,0.012507430,-0.745495129,0.016787116,0.666182234,977,565,310,1.396182355,1.256252127,0.807325736,0.807325736,0.000001207,1,0,ok,map,565,310,869,0,ok,23,TRACKING,117,0,0,-1,0,0,0,nan,nan,0,0,nan,nan,
1750921992.686123848,1,-1.577089468,-0.022863433,1.589253903,0.012629284,-0.740766904,0.017294676,0.671420724,983,562,287,1.469813573,1.441479544,0.810856257,0.810856257,0.000001708,1,0,ok,map,562,287,869,0,ok,17,TRACKING,117,0,0,-1,0,0,0,nan,nan,0,0,nan,nan,
1750921992.698123932,1,-1.550811481,-0.023047378,1.585743901,0.013105943,-0.736008811,0.017754146,0.676612189,982,560,306,1.519784877,1.544067540,0.810521994,0.810521994,0.000001207,1,0,ok,map,560,306,869,0,ok,18,TRACKING,117,0,0,-1,0,0,0,nan,nan,0,0,nan,nan,
1750921992.710124016,1,-1.534599192,-0.025208845,1.584349302,0.012596458,-0.730955318,0.019201657,0.682038817,964,540,286,1.483219298,1.465745333,0.872034553,0.872034553,0.000002958,1,0,ok,map,540,286,869,0,ok,36,TRACKING,118,1,0,-1,0,0,0,nan,nan,0,0,nan,nan,
1750921992.722124100,1,-1.513554917,-0.024471642,1.584565342,0.012930576,-0.726105543,0.020362291,0.687160038,972,560,356,1.265210561,1.066919695,0.819999666,0.819999666,0.000001207,1,0,ok,map,560,356,704,0,ok,28,TRACKING,118,0,0,-1,0,0,0,nan,nan,0,0,nan,nan,
1750921992.734124184,1,-1.492488494,-0.027033870,1.585956163,0.014564454,-0.721612802,0.019558931,0.691867248,975,551,334,1.365501695,1.233846577,0.774300412,0.774300412,0.000002091,1,0,ok,map,551,334,704,0,ok,25,TRACKING,118,0,0,-1,0,0,0,nan,nan,0,0,nan,nan,
1750921992.746124268,1,-1.492387854,-0.029886125,1.584661691,0.014518083,-0.716843537,0.017763571,0.696856530,974,538,315,1.539631360,1.520315272,0.817259573,0.817259573,0.000000000,1,0,ok,map,538,315,704,0,ok,26,TRACKING,118,0,0,-1,0,0,0,nan,nan,0,0,nan,nan,
1750921992.758124352,1,-1.454846859,-0.026874702,1.583012259,0.013313510,-0.711796782,0.016837385,0.702057400,957,518,306,1.469954213,1.430313955,0.848502754,0.848502754,0.000002415,1,0,ok,map,518,306,704,0,ok,43,TRACKING,118,0,0,-1,0,0,0,nan,nan,0,0,nan,nan,
1750921992.770124435,1,-1.440103574,-0.027397317,1.579944548,0.012820093,-0.706986634,0.016979538,0.706906812,973,507,298,1.504853617,1.483414314,0.796538996,0.796538996,0.000000000,1,0,ok,map,507,298,704,0,ok,27,TRACKING,119,1,0,-1,0,0,0,nan,nan,0,0,nan,nan,
1750921992.782124519,1,-1.423678099,-0.026525948,1.578618221,0.013751725,-0.702085823,0.016897852,0.711758983,975,546,389,1.311739242,1.208068121,0.797513797,0.797513797,0.000001708,1,0,ok,map,546,389,717,0,ok,25,TRACKING,119,0,0,-1,0,0,0,nan,nan,0,0,nan,nan,
1750921992.794124603,1,-1.399510947,-0.027263214,1.576498330,0.014606611,-0.696959998,0.017125883,0.716756662,984,542,374,1.383409599,1.329117721,0.826600980,0.826600980,0.000001207,1,0,ok,map,542,374,717,0,ok,16,TRACKING,119,0,0,-1,0,0,0,nan,nan,0,0,nan,nan,
1750921992.806124687,1,-1.381903310,-0.031894525,1.574784967,0.015632653,-0.691986998,0.016982906,0.721540849,978,541,365,1.472123063,1.406039394,0.799620671,0.799620671,0.000001708,1,0,ok,map,541,365,717,0,ok,22,TRACKING,119,0,0,-1,0,0,0,nan,nan,0,0,nan,nan,
1750921992.818124771,1,-1.363192279,-0.030863593,1.572971522,0.015063359,-0.686727423,0.016747625,0.726565936,970,524,348,1.484633233,1.387362927,0.836552263,0.836552263,0.000001207,1,0,ok,map,524,348,717,0,ok,30,TRACKING,119,0,0,-1,0,0,0,nan,nan,0,0,nan,nan,
1750921992.830124855,1,-1.343468128,-0.032357119,1.570619787,0.015027009,-0.681906053,0.015662575,0.731117643,981,523,333,1.472594148,1.414441318,0.791817146,0.791817146,0.000002415,1,0,ok,map,523,333,717,0,ok,19,TRACKING,120,1,0,-1,0,0,0,nan,nan,0,0,nan,nan,
1750921992.842124939,1,-1.323356965,-0.031261216,1.566045870,0.015218524,-0.676761150,0.015300409,0.735886296,960,560,397,1.334837039,1.216915097,0.805229938,0.805229938,0.000002091,1,0,ok,map,560,397,704,0,ok,40,TRACKING,120,0,0,-1,0,0,0,nan,nan,0,0,nan,nan,
1750921992.854125023,1,-1.308493129,-0.031228342,1.561367161,0.015525784,-0.671582561,0.015466764,0.740605558,963,556,387,1.398398305,1.325149833,0.803870258,0.803870258,0.000001708,1,0,ok,map,556,387,704,0,ok,37,TRACKING,120,0,0,-1,0,0,0,nan,nan,0,0,nan,nan,
1750921992.866125107,1,-1.289004764,-0.032187477,1.557837583,0.015198638,-0.666336399,0.016114687,0.745322160,952,546,367,1.470923609,1.445168732,0.812676211,0.812676211,0.000002415,1,0,ok,map,546,367,704,0,ok,48,TRACKING,120,0,0,-1,0,0,0,nan,nan,0,0,nan,nan,
1750921992.878125191,1,-1.271163238,-0.032844503,1.554299511,0.015578070,-0.661262255,0.015621071,0.749830338,972,541,362,1.501072571,1.445170663,0.781060824,0.781060824,0.000001708,1,0,ok,map,541,362,704,0,ok,28,TRACKING,120,0,0,-1,0,0,0,nan,nan,0,0,nan,nan,
1750921992.890125275,1,-1.249484538,-0.033573684,1.549685699,0.015506883,-0.656231161,0.014851440,0.754254357,971,538,355,1.513858237,1.445611053,0.800538429,0.800538429,0.000001708,1,0,ok,map,538,355,704,0,ok,29,TRACKING,121,1,0,-1,0,0,0,nan,nan,0,0,nan,nan,
1750921992.902125359,1,-1.224345595,-0.033818173,1.545487365,0.015338617,-0.651031646,0.014506169,0.758756940,970,589,425,1.339329535,1.269641248,0.789401275,0.789401275,0.000002091,1,0,ok,map,589,425,685,0,ok,30,TRACKING,121,0,0,-1,0,0,0,nan,nan,0,0,nan,nan,
1750921992.914125443,1,-1.207526798,-0.036816104,1.538514220,0.014764053,-0.645925097,0.014805306,0.763114405,976,582,387,1.426821313,1.326872804,0.772827503,0.772827503,0.000001708,1,0,ok,map,582,387,685,0,ok,24,TRACKING,121,0,0,-1,0,0,0,nan,nan,0,0,nan,nan,
1750921992.926125526,1,-1.188767925,-0.033854160,1.531912304,0.013088645,-0.640563435,0.013914791,0.767667605,972,575,376,1.446339399,1.374399421,0.834862949,0.834862949,0.000001708,1,0,ok,map,575,376,685,0,ok,28,TRACKING,121,0,0,-1,0,0,0,nan,nan,0,0,nan,nan,
1750921992.938125610,1,-1.173651146,-0.033443406,1.527392985,0.013014386,-0.635129053,0.014637327,0.772157666,958,556,301,1.569865271,1.502890600,0.812072950,0.812072950,0.000001207,1,0,ok,map,556,301,685,0,ok,42,TRACKING,121,0,0,-1,0,0,0,nan,nan,0,0,nan,nan,
1750921992.950125694,1,-1.154696274,-0.036885713,1.521744204,0.014846341,-0.630238010,0.014973485,0.776115604,968,541,294,1.617762929,1.639292234,0.784071091,0.784071091,0.000002415,1,0,ok,map,541,294,685,0,ok,32,TRACKING,122,1,0,-1,0,0,0,nan,nan,0,0,nan,nan,
1750921992.962125778,1,-1.134308519,-0.037590668,1.514970360,0.015640953,-0.624984123,0.013750917,0.780359608,979,590,345,1.414395387,1.336121661,0.791770203,0.791770203,0.000001207,1,0,ok,map,590,345,686,0,ok,21,TRACKING,122,0,0,-1,0,0,0,nan,nan,0,0,nan,nan,
1750921992.974125862,1,-1.116662003,-0.037182340,1.508814262,0.014048257,-0.619317077,0.012721950,0.784912197,965,571,327,1.488623933,1.364125641,0.860865654,0.860865654,0.000001708,1,0,ok,map,571,327,686,0,ok,35,TRACKING,122,0,0,-1,0,0,0,nan,nan,0,0,nan,nan,
1750921992.986125946,1,-1.091455285,-0.035762707,1.501394241,0.013070037,-0.613813802,0.012525793,0.789243242,959,562,308,1.493749094,1.389932680,0.810605361,0.810605361,0.000001207,1,0,ok,map,562,308,686,0,ok,41,TRACKING,122,0,0,-1,0,0,0,nan,nan,0,0,nan,nan,
1750921992.998126030,1,-1.075321896,-0.039111141,1.495123137,0.012632047,-0.608222827,0.012249526,0.793571278,952,545,293,1.528058864,1.452496779,0.812382799,0.812382799,0.000001207,1,0,ok,map,545,293,686,0,ok,48,TRACKING,122,0,0,-1,0,0,0,nan,nan,0,0,nan,nan,
1750921993.010126114,1,-1.062833103,-0.039321944,1.491935029,0.013045327,-0.602872119,0.011409887,0.797649573,946,529,264,1.454568593,1.303656029,0.821605755,0.821605755,0.000002091,1,0,ok,map,529,264,686,0,ok,54,TRACKING,123,1,4,51,163,1,0,0.003279217,0.002965765,113,88,0.778761062,1.371654493,ok
1750921993.022126198,1,-1.054728431,-0.042681987,1.491304095,0.014233666,-0.597208114,0.012073520,0.801869130,940,582,331,1.244476532,1.091332678,0.824250312,0.824250312,0.000002415,1,0,ok,map,582,331,731,0,ok,60,TRACKING,123,0,0,-1,0,0,0,nan,nan,0,0,nan,nan,
1750921993.034126282,1,-1.038732401,-0.046977645,1.486218247,0.015228596,-0.591488684,0.012371940,0.806074538,950,564,319,1.314039097,1.218653287,0.822161483,0.822161483,0.000001708,1,0,ok,map,564,319,731,0,ok,50,TRACKING,123,0,0,-1,0,0,0,nan,nan,0,0,nan,nan,
1750921993.046126366,1,-1.030941231,-0.049893824,1.483198534,0.014528177,-0.585642256,0.012691884,0.810340050,952,539,305,1.387913607,1.255652231,0.833991193,0.833991193,0.000001207,1,0,ok,map,539,305,731,0,ok,48,TRACKING,123,0,0,-1,0,0,0,nan,nan,0,0,nan,nan,
1750921993.058126450,1,-1.010662337,-0.047502490,1.474742308,0.013557020,-0.579978473,0.011669826,0.814435383,959,530,295,1.342472274,1.230268010,0.817047905,0.817047905,0.000001708,1,0,ok,map,530,295,731,0,ok,41,TRACKING,123,0,0,-1,0,0,0,nan,nan,0,0,nan,nan,
1750921993.070126534,1,-0.988062631,-0.048171737,1.461992437,0.013176034,-0.574648962,0.011369162,0.818214950,969,526,292,1.412067643,1.317767170,0.801948698,0.801948698,0.000002415,1,0,ok,map,526,292,731,0,ok,31,TRACKING,124,1,0,-1,0,0,0,nan,nan,0,0,nan,nan,
1750921993.082126617,1,-0.966652271,-0.048289425,1.452094546,0.013344163,-0.569019532,0.011038931,0.822141623,959,568,367,1.171323946,1.017334337,0.787659598,0.787659598,0.000001708,1,0,ok,map,568,367,716,0,ok,41,TRACKING,124,0,0,-1,0,0,0,nan,nan,0,0,nan,nan,
1750921993.094126701,1,-0.949963880,-0.049390311,1.443076146,0.013278673,-0.563148845,0.010513829,0.826181890,961,557,359,1.319170616,1.188826767,0.818900486,0.818900486,0.000002415,1,0,ok,map,557,359,716,0,ok,39,TRACKING,124,0,0,-1,0,0,0,nan,nan,0,0,nan,nan,
1750921993.106126785,1,-0.930548338,-0.047486968,1.435856351,0.012993384,-0.557428575,0.009948027,0.830063608,956,545,345,1.309967762,1.189949169,0.795491089,0.795491089,0.000001708,1,0,ok,map,545,345,716,0,ok,44,TRACKING,124,0,0,-1,0,0,0,nan,nan,0,0,nan,nan,
1750921993.118126869,1,-0.909714762,-0.048812171,1.423007945,0.012691006,-0.551501857,0.010429405,0.834011911,970,535,327,1.376390959,1.264542527,0.818655946,0.818655946,0.000002091,1,0,ok,map,535,327,716,0,ok,30,TRACKING,124,0,0,-1,0,0,0,nan,nan,0,0,nan,nan,
1750921993.130126953,1,-0.888789763,-0.052333128,1.413709805,0.012442536,-0.546052381,0.009701822,0.837602444,970,519,319,1.422856409,1.336794374,0.798723526,0.798723526,0.000002415,1,0,ok,map,519,319,716,0,ok,30,TRACKING,125,1,0,-1,0,0,0,nan,nan,0,0,nan,nan,
1750921993.142127037,1,-0.871742988,-0.052023418,1.405499681,0.012800456,-0.540143137,0.008337820,0.841434502,945,581,401,1.143469778,0.993065333,0.823088648,0.823088648,0.000001207,1,0,ok,map,581,401,769,0,ok,55,TRACKING,125,0,0,-1,0,0,0,nan,nan,0,0,nan,nan,
1750921993.154127121,1,-0.853768774,-0.052880307,1.394998795,0.013436829,-0.534375176,0.006894380,0.845112472,970,576,387,1.238013115,1.118517652,0.804474620,0.804474620,0.000002091,1,0,ok,map,576,387,769,0,ok,30,TRACKING,125,0,0,-1,0,0,0,nan,nan,0,0,nan,nan,
1750921993.166127205,1,-0.837088367,-0.055524222,1.384792897,0.012758935,-0.528232892,0.006156638,0.848981341,971,564,360,1.324345543,1.211782910,0.839729022,0.839729022,0.000001708,1,0,ok,map,564,360,769,0,ok,29,TRACKING,125,0,0,-1,0,0,0,nan,nan,0,0,nan,nan,
1750921993.178127289,1,-0.823970716,-0.053172296,1.377742764,0.010794700,-0.522008969,0.004447403,0.852860089,962,551,347,1.384312044,1.229021386,0.891769012,0.891769012,0.000000000,1,0,ok,map,551,347,769,0,ok,38,TRACKING,125,0,0,-1,0,0,0,nan,nan,0,0,nan,nan,
1750921993.190127373,1,-0.800710837,-0.046936466,1.363235911,0.009279969,-0.515793052,0.004773825,0.856649649,950,540,183,1.533735121,1.417279191,0.903235374,0.903235374,0.000001708,1,0,ok,map,540,183,769,0,ok,50,TRACKING,126,1,0,-1,0,0,0,nan,nan,0,0,nan,nan,
1750921993.202127457,1,-0.782809866,-0.049632119,1.349936010,0.012778472,-0.509879465,0.007501134,0.860118233,941,628,272,1.345244252,1.237103312,0.935727583,0.935727583,0.000002415,1,0,ok,map,628,272,803,0,ok,59,TRACKING,126,0,0,-1,0,0,0,nan,nan,0,0,nan,nan,
1750921993.214127541,1,-0.775211147,-0.047490776,1.344103779,0.015079687,-0.504089415,0.009649750,0.863465892,969,618,244,1.449879281,1.367207894,0.847078048,0.847078048,0.000001207,1,0,ok,map,618,244,803,0,ok,31,TRACKING,126,0,0,-1,0,0,0,nan,nan,0,0,nan,nan,
1750921993.226127625,1,-0.763696314,-0.054348928,1.334557576,0.014420306,-0.497805715,0.009248883,0.867119359,962,603,170,1.656679271,1.695252982,0.837604106,0.837604106,0.000001207,1,0,ok,map,603,170,803,0,ok,38,TRACKING,126,0,0,-1,0,0,0,nan,nan,0,0,nan,nan,
1750921993.238127708,1,-0.742052437,-0.055799838,1.317223429,0.012367257,-0.491901868,0.005259431,0.870546921,948,576,170,1.643324519,1.621640695,0.936113396,0.936113396,0.000001207,1,0,ok,map,576,170,803,0,ok,52,TRACKING,126,0,0,-1,0,0,0,nan,nan,0,0,nan,nan,
1750921993.250127792,1,-0.702646554,-0.048698414,1.298313432,0.011755328,-0.485374157,0.006167510,0.874205755,956,560,139,1.520782850,1.469392272,0.914962358,0.914962358,0.000001708,1,0,ok,map,560,139,803,0,ok,44,TRACKING,127,1,0,-1,0,0,0,nan,nan,0,0,nan,nan,
1750921993.262127876,1,-0.688842730,-0.051933272,1.286755927,0.013736817,-0.479443368,0.006796610,0.877438979,955,659,256,1.310172521,1.170835941,0.809881613,0.809881613,0.000001708,1,0,ok,map,659,256,858,0,ok,45,TRACKING,127,0,0,-1,0,0,0,nan,nan,0,0,nan,nan,
1750921993.274127960,1,-0.676184258,-0.051167902,1.275487050,0.014124901,-0.473076379,0.006045802,0.880887436,964,646,258,1.422640888,1.351152422,0.835379316,0.835379316,0.000001708,1,0,ok,map,646,258,858,0,ok,36,TRACKING,127,0,0,-1,0,0,0,nan,nan,0,0,nan,nan,
1750921993.286128044,1,-0.648725866,-0.049988310,1.260490404,0.014626616,-0.466705203,0.007539106,0.884259847,937,612,233,1.475608958,1.397196787,0.845550264,0.845550264,0.000002091,1,0,ok,map,612,233,858,0,ok,63,TRACKING,127,0,0,-1,0,0,0,nan,nan,0,0,nan,nan,
1750921993.298128128,1,-0.631980731,-0.054224941,1.245590649,0.016214099,-0.461058657,0.006921989,0.887194513,936,584,195,1.479692860,1.451056953,0.754886498,0.754886498,0.000002415,1,0,ok,map,584,195,858,0,ok,64,TRACKING,127,0,0,-1,0,0,0,nan,nan,0,0,nan,nan,
1750921993.310128212,1,-0.611195179,-0.059218976,1.231507936,0.015532847,-0.455341445,0.005179948,0.890166314,965,573,181,1.501462229,1.481024333,0.841988115,0.841988115,0.000001708,1,0,ok,map,573,181,858,0,ok,35,TRACKING,128,1,0,-1,0,0,0,nan,nan,0,0,nan,nan,
1750921993.322128296,1,-0.600043847,-0.054208136,1.220233957,0.013610990,-0.448756286,0.004344362,0.893539962,962,659,284,1.259250046,1.084514897,0.881222040,0.881222040,0.000001708,1,0,ok,map,659,284,921,0,ok,38,TRACKING,128,0,0,-1,0,0,0,nan,nan,0,0,nan,nan,
1750921993.334128380,1,-0.585477124,-0.056011587,1.209564440,0.014450796,-0.442084631,0.005768245,0.896838381,970,655,240,1.460015610,1.380896190,0.873632308,0.873632308,0.000001708,1,0,ok,map,655,240,921,1,ok,30,TRACKING,128,0,0,-1,0,0,0,nan,nan,0,0,nan,nan,
1750921993.346128464,1,-0.571110799,-0.054946077,1.195419965,0.016232017,-0.435957825,0.005414718,0.899804411,943,625,237,1.494283987,1.492249310,0.807305681,0.807305681,0.000000000,1,0,ok,map,625,237,921,1,ok,57,TRACKING,128,0,0,-1,0,0,0,nan,nan,0,0,nan,nan,
1750921993.358128548,1,-0.562211750,-0.057501934,1.189562916,0.018018134,-0.429273444,0.005076086,0.902980559,958,601,229,1.487556975,1.456774960,0.873260082,0.873260082,0.000002091,1,0,ok,map,601,229,921,1,ok,42,TRACKING,128,0,0,-1,0,0,0,nan,nan,0,0,nan,nan,
1750921993.370128632,1,-0.543791490,-0.057670265,1.172412464,0.018637551,-0.422728337,0.004572923,0.906053245,977,596,225,1.401012089,1.306110994,0.833584967,0.833584967,0.000002415,1,0,ok,map,596,225,921,0,ok,23,TRACKING,128,0,0,-1,0,0,0,nan,nan,0,0,nan,nan,
1750921993.382128716,1,-0.527040209,-0.060644940,1.158202528,0.018917824,-0.416434301,0.004399337,0.908958324,961,595,221,1.437607397,1.396764189,0.850438399,0.850438399,0.000001708,1,0,ok,map,595,221,921,0,ok,39,TRACKING,129,1,0,-1,0,0,0,nan,nan,0,0,nan,nan,
1750921993.394128799,1,-0.513610213,-0.055804874,1.144691487,0.018394546,-0.409858914,0.004201247,0.911953760,970,667,279,1.369862009,1.272208884,0.830465802,0.830465802,0.000000000,1,0,ok,map,667,279,947,0,ok,30,TRACKING,129,0,0,-1,0,0,0,nan,nan,0,0,nan,nan,
1750921993.406128883,1,-0.498153591,-0.057256579,1.131493777,0.020535532,-0.403713388,0.003959428,0.914646443,959,646,272,1.450326086,1.373827901,0.807529342,0.807529342,0.000002091,1,0,ok,map,646,272,947,0,ok,41,TRACKING,129,0,0,-1,0,0,0,nan,nan,0,0,nan,nan,
1750921993.418128967,1,-0.485316287,-0.057109272,1.109203097,0.020998498,-0.397333886,0.005383772,0.917418041,981,645,265,1.567181554,1.604590733,0.815318051,0.815318051,0.000002091,1,0,ok,map,645,265,947,0,ok,19,TRACKING,129,0,0,-1,0,0,0,nan,nan,0,0,nan,nan,
1750921993.430129051,1,-0.471023398,-0.059362725,1.097944673,0.019592968,-0.390733668,0.006330781,0.920273458,984,642,248,1.506131662,1.489548675,0.846651464,0.846651464,0.000001207,1,0,ok,map,642,248,947,0,ok,16,TRACKING,129,0,0,-1,0,0,0,nan,nan,0,0,nan,nan,
1750921993.442129135,1,-0.461625687,-0.058122135,1.091844188,0.018940636,-0.384604083,0.005546221,0.922870625,975,635,240,1.452352596,1.351302795,0.771758015,0.771758015,0.000000000,1,0,ok,map,635,240,947,0,ok,25,TRACKING,129,0,0,-1,0,0,0,nan,nan,0,0,nan,nan,
1750921993.454129219,1,-0.449489250,-0.058426075,1.071889310,0.019673152,-0.378417005,0.005000278,0.925412629,951,604,240,1.533568015,1.476171472,0.773612069,0.773612069,0.000001708,1,0,ok,map,604,240,947,1,ok,49,TRACKING,129,0,0,-1,0,0,0,nan,nan,0,0,nan,nan,
1750921993.466129303,1,-0.437773165,-0.057778719,1.060748085,0.021139224,-0.372313015,0.005655979,0.927849213,975,593,228,1.676678616,1.687451947,0.793963506,0.793963506,0.000001708,1,0,ok,map,593,228,947,0,ok,25,TRACKING,130,1,0,-1,0,0,0,nan,nan,0,0,nan,nan,
1750921993.478129387,1,-0.423491421,-0.057548142,1.043265685,0.021803500,-0.366098985,0.005771558,0.930302547,967,677,341,1.248877613,1.082840525,0.769453230,0.769453230,0.000001708,1,0,ok,map,677,341,965,0,ok,33,TRACKING,130,0,0,-1,0,0,0,nan,nan,0,0,nan,nan,
1750921993.490129471,1,-0.411587691,-0.058895359,1.027464934,0.022254341,-0.359621170,0.006707596,0.932808858,965,668,321,1.363838784,1.287080813,0.804782840,0.804782840,0.000001708,1,0,ok,map,668,321,965,0,ok,35,TRACKING,130,0,0,-1,0,0,0,nan,nan,0,0,nan,nan,
1750921993.502129555,1,-0.401099544,-0.058338756,1.018569072,0.022397355,-0.353346274,0.006492289,0.935201914,970,665,314,1.400210940,1.256499777,0.770137231,0.770137231,0.000002700,1,0,ok,map,665,314,965,0,ok,30,TRACKING,130,0,0,-1,0,0,0,nan,nan,0,0,nan,nan,
1750921993.514129639,1,-0.388230727,-0.058248355,0.997118295,0.022327723,-0.346874241,0.006245864,0.937625044,984,658,304,1.456653314,1.356777437,0.792461197,0.792461197,0.000002091,1,0,ok,map,658,304,965,0,ok,16,TRACKING,130,0,0,-1,0,0,0,nan,nan,0,0,nan,nan,
1750921993.526129723,1,-0.379933685,-0.060197836,0.979297786,0.022371212,-0.340549720,0.005455181,0.939944497,976,649,294,1.514140144,1.461022505,0.777254201,0.777254201,0.000001708,1,0,ok,map,649,294,965,0,ok,24,TRACKING,130,0,0,-1,0,0,0,nan,nan,0,0,nan,nan,
1750921993.538129807,1,-0.367537186,-0.059324402,0.963550415,0.022802660,-0.334186730,0.004916924,0.942218176,979,640,280,1.411002019,1.312541664,0.778323043,0.778323043,0.000001207,1,0,ok,map,640,280,965,0,ok,21,TRACKING,130,0,0,-1,0,0,0,nan,nan,0,0,nan,nan,
1750921993.550129890,1,-0.360650216,-0.060884458,0.949028019,0.023199828,-0.327676261,0.004995753,0.944491968,977,630,272,1.542345159,1.496672545,0.791598652,0.791598652,0.000001708,1,0,ok,map,630,272,965,0,ok,23,TRACKING,130,0,0,-1,0,0,0,nan,nan,0,0,nan,nan,
1750921993.562129974,1,-0.346160306,-0.060074500,0.930960889,0.022908336,-0.320853115,0.005067027,0.946838324,976,621,263,1.501604314,1.391424048,0.827530244,0.827530244,0.000000000,1,0,ok,map,621,263,965,0,ok,24,TRACKING,130,0,0,-1,0,0,0,nan,nan,0,0,nan,nan,
1750921993.574130058,1,-0.338216170,-0.057632044,0.922546441,0.022721885,-0.314277904,0.004736167,0.949047250,974,609,246,1.529890736,1.566365838,0.796037607,0.796037607,0.000001708,1,0,ok,map,609,246,965,0,ok,26,TRACKING,130,0,0,-1,0,0,0,nan,nan,0,0,nan,nan,
1750921993.586130142,1,-0.324194394,-0.065740708,0.911121691,0.024070290,-0.307929325,0.005265695,0.951090124,956,583,236,1.605953174,1.626096428,0.783215329,0.783215329,0.000001708,1,0,ok,map,583,236,965,0,ok,44,TRACKING,131,1,0,-1,0,0,0,nan,nan,0,0,nan,nan,
1750921993.598130226,1,-0.312080831,-0.068003660,0.881410545,0.025332488,-0.301728335,0.004978388,0.953044329,957,631,348,1.303332519,1.115670971,0.759656745,0.759656745,0.000002091,1,0,ok,map,631,348,921,0,ok,43,TRACKING,131,0,0,-1,0,0,0,nan,nan,0,0,nan,nan,
1750921993.610130310,1,-0.301518005,-0.065682945,0.866792549,0.025143660,-0.295036586,0.004731052,0.955143354,942,600,333,1.294642339,1.202553193,0.804449520,0.804449520,0.000001207,1,0,ok,map,600,333,921,0,ok,58,TRACKING,131,0,0,-1,0,0,0,nan,nan,0,0,nan,nan,
1750921993.622130394,1,-0.293646264,-0.068062443,0.850802239,0.025485270,-0.288678751,0.005251349,0.957072360,962,586,319,1.359728472,1.229115402,0.764684670,0.764684670,0.000001708,1,0,ok,map,586,319,921,0,ok,38,TRACKING,131,0,0,-1,0,0,0,nan,nan,0,0,nan,nan,
1750921993.634130478,1,-0.285453858,-0.066560322,0.837879635,0.024724802,-0.282265262,0.004840415,0.959005514,971,572,309,1.384560699,1.294743926,0.773957823,0.773957823,0.000001708,1,0,ok,map,572,309,921,0,ok,29,TRACKING,131,0,0,-1,0,0,0,nan,nan,0,0,nan,nan,
1750921993.646130562,1,-0.270512396,-0.073292681,0.814632934,0.025240687,-0.275473914,0.005478228,0.960961508,964,557,303,1.446703751,1.292050682,0.806182806,0.806182806,0.000002091,1,0,ok,map,557,303,921,0,ok,36,TRACKING,132,1,0,-1,0,0,0,nan,nan,0,0,nan,nan,
1750921993.658130646,1,-0.262061495,-0.071236347,0.799147904,0.024580545,-0.268731560,0.005395335,0.962886305,959,624,392,1.135133731,0.899362839,0.807094333,0.807094333,0.000001708,1,0,ok,map,624,392,851,0,ok,41,TRACKING,132,0,0,-1,0,0,0,nan,nan,0,0,nan,nan,
1750921993.670130730,1,-0.254689993,-0.074231922,0.781641718,0.025415602,-0.262369879,0.004414123,0.964622522,963,615,385,1.233043049,1.099703361,0.769947054,0.769947054,0.000002415,1,0,ok,map,615,385,851,0,ok,37,TRACKING,132,0,0,-1,0,0,0,nan,nan,0,0,nan,nan,
1750921993.682130814,1,-0.246838225,-0.074471867,0.763519407,0.025244674,-0.255725426,0.004176770,0.966410765,946,598,378,1.303159066,1.196237948,0.789204827,0.789204827,0.000001708,1,0,ok,map,598,378,851,0,ok,54,TRACKING,132,0,0,-1,0,0,0,nan,nan,0,0,nan,nan,
1750921993.694130898,1,-0.240305419,-0.074455644,0.746744912,0.024718584,-0.248850157,0.005107432,0.968213047,952,585,365,1.305308460,1.174473248,0.823630982,0.823630982,0.000001708,1,0,ok,map,585,365,851,0,ok,48,TRACKING,132,0,0,-1,0,0,0,nan,nan,0,0,nan,nan,
1750921993.706130981,1,-0.228829137,-0.079702058,0.729327618,0.025685520,-0.241885093,0.005396802,0.969949860,961,566,347,1.283772910,1.133171750,0.794555883,0.794555883,0.000001708,1,0,ok,map,566,347,851,0,ok,39,TRACKING,133,1,5,64,97,1,0,0.010639899,0.003294578,85,52,0.611764706,1.463490315,ok
1750921993.718131065,1,-0.223726351,-0.086050210,0.702495071,0.025253697,-0.235255321,0.004956013,0.971592828,961,636,403,1.428645040,1.373680749,0.785885757,0.785885757,0.000001207,1,0,ok,map,636,403,844,0,ok,39,TRACKING,133,0,0,-1,0,0,0,nan,nan,0,0,nan,nan,
1750921993.730131149,1,-0.216130680,-0.083576246,0.682491582,0.025136717,-0.228725353,0.003970488,0.973158308,930,601,402,1.406089847,1.378621219,0.777842252,0.777842252,0.000001708,1,0,ok,map,601,402,844,0,ok,70,TRACKING,133,0,0,-1,0,0,0,nan,nan,0,0,nan,nan,
1750921993.742131233,1,-0.209366762,-0.083465256,0.666144975,0.025696844,-0.222018283,0.003736973,0.974696665,940,575,374,1.476981073,1.459472557,0.791592994,0.791592994,0.000000000,1,0,ok,map,575,374,844,0,ok,60,TRACKING,133,0,0,-1,0,0,0,nan,nan,0,0,nan,nan,
1750921993.754131317,1,-0.202297154,-0.085132449,0.636828047,0.025973790,-0.215111974,0.004159834,0.976235062,954,557,346,1.428744085,1.336166067,0.812869286,0.812869286,0.000001708,1,0,ok,map,557,346,844,0,ok,46,TRACKING,133,0,0,-1,0,0,0,nan,nan,0,0,nan,nan,
1750921993.766131401,1,-0.195184787,-0.078771991,0.614904750,0.026178009,-0.207560822,0.003742910,0.977864616,920,517,327,1.351929356,1.218654525,0.829896169,0.829896169,0.000001708,1,0,ok,map,517,327,844,0,ok,80,TRACKING,134,1,0,-1,0,0,0,nan,nan,0,0,nan,nan,
1750921993.778131485,1,-0.189168269,-0.077916727,0.599253832,0.027045128,-0.200709431,0.004238162,0.979268259,943,586,428,1.141674720,0.935679403,0.809548188,0.809548188,0.000000000,1,0,ok,map,586,428,898,0,ok,57,TRACKING,134,0,0,-1,0,0,0,nan,nan,0,0,nan,nan,
1750921993.790131569,1,-0.182789513,-0.081477885,0.572554849,0.027825776,-0.194098429,0.003957414,0.980579352,941,567,402,1.233235250,1.183566241,0.778149405,0.778149405,0.000002415,1,0,ok,map,567,402,898,0,ok,59,TRACKING,134,0,0,-1,0,0,0,nan,nan,0,0,nan,nan,
1750921993.802131653,1,-0.177709751,-0.081520371,0.553189635,0.026515547,-0.187018946,0.003996347,0.981990259,929,545,399,1.351855987,1.247308624,0.840731928,0.840731928,0.000000000,1,0,ok,map,545,399,898,0,ok,71,TRACKING,134,0,0,-1,0,0,0,nan,nan,0,0,nan,nan,
1750921993.814131737,1,-0.172860687,-0.079739673,0.541255655,0.025269992,-0.180126337,0.003981037,0.983310776,933,524,369,1.329005470,1.234971457,0.816770816,0.816770816,0.000002091,1,0,ok,map,524,369,898,0,ok,67,TRACKING,134,0,0,-1,0,0,0,nan,nan,0,0,nan,nan,
1750921993.826131821,1,-0.168122938,-0.074580968,0.518874170,0.026013147,-0.173099767,0.003668044,0.984553875,949,504,355,1.276801759,1.169906502,0.759468859,0.759468859,0.000000000,1,0,ok,map,504,355,898,0,ok,51,TRACKING,135,1,0,-1,0,0,0,nan,nan,0,0,nan,nan,
1750921993.838131905,1,-0.163150485,-0.073874038,0.498895809,0.026181851,-0.166096720,0.003890950,0.985754153,970,593,470,1.002311970,0.827584212,0.814823302,0.814823302,0.000002415,1,0,ok,map,593,470,887,0,ok,30,TRACKING,135,0,0,-1,0,0,0,nan,nan,0,0,nan,nan,
1750921993.850131989,1,-0.158056450,-0.074085973,0.476696143,0.026584197,-0.158937964,0.004455448,0.986920540,924,555,441,1.062829466,0.914307908,0.834939518,0.834939518,0.000002415,1,0,ok,map,555,441,887,0,ok,76,TRACKING,135,0,0,-1,0,0,0,nan,nan,0,0,nan,nan,
1750921993.862132072,1,-0.153911227,-0.074883415,0.456494472,0.026622738,-0.152198569,0.003779257,0.987984080,906,520,423,1.160564284,1.030058441,0.785679262,0.785679262,0.000001207,1,0,ok,map,520,423,887,0,ok,94,TRACKING,135,0,0,-1,0,0,0,nan,nan,0,0,nan,nan,
1750921993.874132156,1,-0.149830698,-0.075467223,0.439709790,0.026213857,-0.145039480,0.004036923,0.989070314,918,508,412,1.185431950,1.121099373,0.831608489,0.831608489,0.000002091,1,0,ok,map,508,412,887,0,ok,82,TRACKING,135,0,0,-1,0,0,0,nan,nan,0,0,nan,nan,
1750921993.886132240,1,-0.145858702,-0.069137489,0.420812614,0.025388788,-0.137653266,0.003072085,0.990150266,932,503,410,1.183032214,1.094469219,0.796720549,0.796720549,0.000001708,1,0,ok,map,503,410,887,0,ok,68,TRACKING,136,1,0,-1,0,0,0,nan,nan,0,0,nan,nan,
1750921993.898132324,1,-0.142411052,-0.069571310,0.397980816,0.025296004,-0.130709267,0.002792333,0.991094043,961,566,512,0.989087711,0.838445411,0.803751039,0.803751039,0.000002091,1,0,ok,map,566,512,910,0,ok,39,TRACKING,136,0,0,-1,0,0,0,nan,nan,0,0,nan,nan,
1750921993.910132408,1,-0.140142408,-0.069393494,0.380061589,0.024649018,-0.123726599,0.002762633,0.992006312,971,563,509,1.080124583,0.960758469,0.810362237,0.810362237,0.000000000,1,0,ok,map,563,509,910,0,ok,29,TRACKING,136,0,0,-1,0,0,0,nan,nan,0,0,nan,nan,
1750921993.922132492,1,-0.137503360,-0.067769004,0.362121579,0.024511648,-0.116597275,0.003339238,0.992871142,960,562,503,1.157720940,1.030963030,0.825749285,0.825749285,0.000001207,1,0,ok,map,562,503,910,0,ok,40,TRACKING,136,0,0,-1,0,0,0,nan,nan,0,0,nan,nan,
1750921993.934132576,1,-0.135161442,-0.067557939,0.343132472,0.025311736,-0.109646073,0.003453996,0.993642352,955,559,488,1.199070863,1.103096273,0.806772572,0.806772572,0.000002091,1,0,ok,map,559,488,910,0,ok,45,TRACKING,136,0,0,-1,0,0,0,nan,nan,0,0,nan,nan,
1750921993.946132660,1,-0.132820973,-0.064612663,0.324002672,0.025515116,-0.102129844,0.002648072,0.994440275,962,557,486,1.153661939,1.044392170,0.800713140,0.800713140,0.000002091,1,0,ok,map,557,486,910,0,ok,38,TRACKING,137,1,0,-1,0,0,0,nan,nan,0,0,nan,nan,
1750921993.958132744,1,-0.130921069,-0.063783258,0.304059642,0.024981390,-0.095182535,0.002347058,0.995143561,991,616,560,0.965538363,0.778854853,0.803248257,0.803248257,0.000001708,1,0,ok,map,616,560,889,0,ok,9,TRACKING,137,0,0,-1,0,0,0,nan,nan,0,0,nan,nan,
1750921993.970132828,1,-0.129225902,-0.064733561,0.282873977,0.024894132,-0.088327125,0.002710235,0.995776710,982,615,553,1.068194917,0.946346512,0.790077235,0.790077235,0.000001708,1,0,ok,map,615,553,889,0,ok,18,TRACKING,137,0,0,-1,0,0,0,nan,nan,0,0,nan,nan,
1750921993.982132912,1,-0.128436159,-0.063595427,0.264707891,0.024366549,-0.081565974,0.002447747,0.996367037,978,614,545,1.138261640,1.034774757,0.780645897,0.780645897,0.000001708,1,0,ok,map,614,545,889,0,ok,22,TRACKING,137,0,0,-1,0,0,0,nan,nan,0,0,nan,nan,
1750921993.994132996,1,-0.127490979,-0.063313743,0.244734480,0.024580543,-0.074405976,0.002872007,0.996920909,970,614,535,1.197976584,1.099580771,0.824727792,0.824727792,0.000001708,1,0,ok,map,614,535,889,0,ok,30,TRACKING,137,0,0,-1,0,0,0,nan,nan,0,0,nan,nan,
1750921994.006133080,1,-0.127401443,-0.063966768,0.223986995,0.024858796,-0.067873233,0.002688036,0.997380589,969,613,525,1.251800478,1.140374157,0.751422382,0.751422382,0.000001207,1,0,ok,map,613,525,889,0,ok,31,TRACKING,137,0,0,-1,0,0,0,nan,nan,0,0,nan,nan,
1750921994.018133163,1,-0.126747269,-0.063997503,0.205125918,0.024742446,-0.060998605,0.002842694,0.997827090,975,613,523,1.269592578,1.161254748,0.789747245,0.789747245,0.000002091,1,0,ok,map,613,523,889,0,ok,25,TRACKING,137,0,0,-1,0,0,0,nan,nan,0,0,nan,nan,
1750921994.030133247,1,-0.126958661,-0.064231993,0.182453121,0.024554467,-0.054424975,0.002956460,0.998211530,968,611,520,1.270929794,1.135190769,0.754990877,0.754990877,0.000002091,1,0,ok,map,611,520,889,0,ok,32,TRACKING,137,0,0,-1,0,0,0,nan,nan,0,0,nan,nan,
1750921994.042133331,1,-0.128336360,-0.064542508,0.160565266,0.023754047,-0.047491606,0.003489830,0.998583053,991,611,498,1.275759823,1.182147574,0.803245080,0.803245080,0.000001708,1,0,ok,map,611,498,889,0,ok,9,TRACKING,137,0,0,-1,0,0,0,nan,nan,0,0,nan,nan,
1750921994.054133415,1,-0.128956549,-0.063541053,0.142236602,0.022998522,-0.040734291,0.003350359,0.998899675,991,610,487,1.299815880,1.206123844,0.780165758,0.780165758,0.000002415,1,0,ok,map,610,487,889,0,ok,9,TRACKING,137,0,0,-1,0,0,0,nan,nan,0,0,nan,nan,
1750921994.066133499,1,-0.129551183,-0.064103120,0.120319488,0.022870642,-0.033883204,0.003087095,0.999159313,991,608,468,1.345095787,1.271366750,0.786357410,0.786357410,0.000002091,1,0,ok,map,608,468,889,0,ok,9,TRACKING,137,0,0,-1,0,0,0,nan,nan,0,0,nan,nan,
1750921994.078133583,1,-0.131472517,-0.066396608,0.102483987,0.022685254,-0.027256531,0.002882824,0.999366875,992,608,464,1.382656372,1.343941908,0.760391858,0.760391858,0.000002091,1,0,ok,map,608,464,889,0,ok,8,TRACKING,137,0,0,-1,0,0,0,nan,nan,0,0,nan,nan,
1750921994.090133667,1,-0.133442508,-0.065040638,0.077113069,0.021159198,-0.019951485,0.002712922,0.999573342,997,608,458,1.401219013,1.328428334,0.855718160,0.855718160,0.000000000,1,0,ok,map,608,458,889,0,ok,3,TRACKING,137,0,0,-1,0,0,0,nan,nan,0,0,nan,nan,
1750921994.102133751,1,-0.133923193,-0.060177844,0.058553004,0.020397349,-0.012448049,0.001861549,0.999712723,995,608,438,1.377772636,1.323829017,0.781150284,0.781150284,0.000001708,1,0,ok,map,608,438,889,0,ok,5,TRACKING,138,1,0,-1,0,0,0,nan,nan,0,0,nan,nan,
1750921994.114133835,1,-0.136136409,-0.059077473,0.039151081,0.020297566,-0.005844650,0.000487966,0.999776780,990,767,622,1.175378280,0.986004585,0.773011966,0.773011966,0.000001207,1,0,ok,map,767,622,913,0,ok,10,TRACKING,138,0,0,-1,0,0,0,nan,nan,0,0,nan,nan,
1750921994.126133919,1,-0.138605245,-0.060007566,0.018765067,0.021024792,0.001292270,0.001741183,0.999776603,988,767,597,1.223143020,1.086854052,0.834516737,0.834516737,0.000001207,1,0,ok,map,767,597,913,0,ok,12,TRACKING,138,0,0,-1,0,0,0,nan,nan,0,0,nan,nan,
1750921994.138134003,1,-0.141992543,-0.059826175,-0.002153090,0.021006911,0.008196005,0.002164056,0.999743393,979,764,582,1.302717085,1.216454268,0.792605767,0.792605767,0.000001708,1,0,ok,map,764,582,913,0,ok,21,TRACKING,138,0,0,-1,0,0,0,nan,nan,0,0,nan,nan,
1750921994.150134087,1,-0.145291772,-0.061547465,-0.023218809,0.020863513,0.015296839,0.002645597,0.999661803,975,757,548,1.367621324,1.290841895,0.815785353,0.815785353,0.000001708,1,0,ok,map,757,548,913,0,ok,25,TRACKING,138,0,0,-1,0,0,0,nan,nan,0,0,nan,nan,
1750921994.162134171,1,-0.148595952,-0.061212261,-0.043908438,0.018961555,0.022022570,0.001109015,0.999577029,961,744,548,1.393026032,1.316563018,0.820121744,0.820121744,0.000001708,1,0,ok,map,744,548,913,0,ok,39,TRACKING,138,0,0,-1,0,0,0,nan,nan,0,0,nan,nan,
1750921994.174134254,1,-0.151080009,-0.060565542,-0.060701255,0.018676753,0.029029152,0.000728755,0.999403800,961,719,524,1.362163367,1.243256691,0.804985153,0.804985153,0.000001708,1,0,ok,map,719,524,913,0,ok,39,TRACKING,138,0,0,-1,0,0,0,nan,nan,0,0,nan,nan,
1750921994.186134338,1,-0.155475321,-0.061324216,-0.081704122,0.018881751,0.036058463,0.000638351,0.999171086,959,695,494,1.334061933,1.243648751,0.806351578,0.806351578,0.000001207,1,0,ok,map,695,494,913,0,ok,41,TRACKING,138,0,0,-1,0,0,0,nan,nan,0,0,nan,nan,
1750921994.198134422,1,-0.159390348,-0.060797935,-0.101556824,0.018497961,0.043225096,0.000866921,0.998893721,976,688,479,1.396988277,1.335903990,0.823444767,0.823444767,0.000002415,1,0,ok,map,688,479,913,0,ok,24,TRACKING,138,0,0,-1,0,0,0,nan,nan,0,0,nan,nan,
1750921994.210134506,1,-0.164047456,-0.061022009,-0.122748337,0.018980235,0.050198042,0.001122824,0.998558284,974,677,448,1.442260301,1.403281064,0.802409034,0.802409034,0.000001708,1,0,ok,map,677,448,913,0,ok,26,TRACKING,138,0,0,-1,0,0,0,nan,nan,0,0,nan,nan,
1750921994.222134590,1,-0.167871533,-0.063931586,-0.136025663,0.019417642,0.056783600,0.000231703,0.998197638,949,640,413,1.435421426,1.406593599,0.764294172,0.764294172,0.000002415,1,0,ok,map,640,413,913,0,ok,51,TRACKING,138,0,0,-1,0,0,0,nan,nan,0,0,nan,nan,
1750921994.234134674,1,-0.172956687,-0.063743229,-0.155616356,0.017786649,0.063972732,0.000840243,0.997792773,972,629,414,1.491628685,1.445262862,0.848892589,0.848892589,0.000001708,1,0,ok,map,629,414,913,0,ok,28,TRACKING,138,0,0,-1,0,0,0,nan,nan,0,0,nan,nan,
1750921994.246134758,1,-0.177220761,-0.063558217,-0.172130903,0.016901260,0.070950668,0.000802512,0.997336305,979,626,404,1.547525005,1.468200679,0.807732267,0.807732267,0.000000000,1,0,ok,map,626,404,913,1,ok,21,TRACKING,138,0,0,-1,0,0,0,nan,nan,0,0,nan,nan,
1750921994.258134842,1,-0.187522038,-0.060971549,-0.200276488,0.016377137,0.076987051,0.000878817,0.996897192,974,618,368,1.519464304,1.500464597,0.784311906,0.784311906,0.000002091,1,0,ok,map,618,368,913,0,ok,26,TRACKING,139,1,0,-1,0,0,0,nan,nan,0,0,nan,nan,
1750921994.270134926,1,-0.191945169,-0.061695292,-0.217897456,0.016940584,0.083860116,0.000282490,0.996333487,966,755,540,1.249754948,1.078586469,0.795813865,0.795813865,0.000001207,1,0,ok,map,755,540,960,0,ok,34,TRACKING,139,0,0,-1,0,0,0,nan,nan,0,0,nan,nan,
1750921994.282135010,1,-0.197805659,-0.062467940,-0.237168181,0.017177607,0.090763668,0.000069791,0.995724300,973,744,526,1.331808310,1.193588441,0.795002509,0.795002509,0.000002091,1,0,ok,map,744,526,960,0,ok,27,TRACKING,139,0,0,-1,0,0,0,nan,nan,0,0,nan,nan,
1750921994.294135094,1,-0.203637590,-0.063533648,-0.255151923,0.016863947,0.097749613,-0.000427754,0.995068057,975,731,504,1.370930373,1.309160171,0.806876131,0.806876131,0.000002958,1,0,ok,map,731,504,960,0,ok,25,TRACKING,139,0,0,-1,0,0,0,nan,nan,0,0,nan,nan,
1750921994.306135178,1,-0.210350406,-0.062449072,-0.274584215,0.016222550,0.104634356,-0.000284592,0.994378399,961,709,488,1.337876620,1.246860288,0.796451658,0.796451658,0.000001207,1,0,ok,map,709,488,960,0,ok,39,TRACKING,139,0,0,-1,0,0,0,nan,nan,0,0,nan,nan,
1750921994.318135262,1,-0.216323728,-0.062895859,-0.295367943,0.016697953,0.111630159,-0.000799555,0.993609202,948,679,457,1.327429750,1.236979272,0.810481764,0.810481764,0.000001207,1,0,ok,map,679,457,960,0,ok,52,TRACKING,139,0,0,-1,0,0,0,nan,nan,0,0,nan,nan,
1750921994.330135345,1,-0.222731342,-0.064473358,-0.310536914,0.017156264,0.118139417,-0.001960200,0.992846865,965,663,442,1.342260337,1.249371969,0.764497606,0.764497606,0.000000000,1,0,ok,map,663,442,960,0,ok,35,TRACKING,139,0,0,-1,0,0,0,nan,nan,0,0,nan,nan,
1750921994.342135429,1,-0.229665502,-0.064599781,-0.329835866,0.016800386,0.125476264,-0.001670470,0.991952954,970,647,427,1.381154527,1.246326056,0.848590857,0.848590857,0.000002091,1,0,ok,map,647,427,960,0,ok,30,TRACKING,139,0,0,-1,0,0,0,nan,nan,0,0,nan,nan,
1750921994.354135513,1,-0.237172432,-0.063649880,-0.349279465,0.016709124,0.132175568,-0.001614628,0.991084163,964,629,408,1.380929865,1.282178163,0.774210738,0.774210738,0.000001708,1,0,ok,map,629,408,960,0,ok,36,TRACKING,139,0,0,-1,0,0,0,nan,nan,0,0,nan,nan,
1750921994.366135597,1,-0.244205021,-0.063499055,-0.366615707,0.017259012,0.139011626,-0.002289900,0.990137693,960,607,400,1.456582654,1.388602399,0.797099861,0.797099861,0.000000000,1,0,ok,map,607,400,960,0,ok,40,TRACKING,139,0,0,-1,0,0,0,nan,nan,0,0,nan,nan,
1750921994.378135681,1,-0.256993934,-0.062667565,-0.388271099,0.017156767,0.144986066,-0.002839955,0.989280860,951,579,374,1.461200484,1.387009711,0.817216255,0.817216255,0.000002415,1,0,ok,map,579,374,960,0,ok,49,TRACKING,140,1,0,-1,0,0,0,nan,nan,0,0,nan,nan,
1750921994.390135765,1,-0.263579283,-0.062737767,-0.404098856,0.018101602,0.152030417,-0.003338137,0.988204402,967,658,472,1.192335701,0.963901367,0.825717666,0.825717666,0.000001708,1,0,ok,map,658,472,1013,0,ok,33,TRACKING,140,0,0,-1,0,0,0,nan,nan,0,0,nan,nan,
1750921994.402135849,1,-0.271958867,-0.064368048,-0.422439743,0.018661760,0.158886621,-0.003700520,0.987113512,967,639,452,1.282115006,1.103346468,0.799212378,0.799212378,0.000000000,1,0,ok,map,639,452,1013,0,ok,33,TRACKING,140,0,0,-1,0,0,0,nan,nan,0,0,nan,nan,
1750921994.414135933,1,-0.280857506,-0.067172179,-0.439327137,0.017272985,0.165685799,-0.004550321,0.986016813,970,619,419,1.457643247,1.341134356,0.810953993,0.810953993,0.000001207,1,0,ok,map,619,419,1013,0,ok,30,TRACKING,140,0,0,-1,0,0,0,nan,nan,0,0,nan,nan,
1750921994.426136017,1,-0.287601774,-0.066245454,-0.453669398,0.014639034,0.172826963,-0.004266357,0.984834168,956,596,386,1.406452414,1.324721075,0.883273492,0.883273492,0.000001708,1,0,ok,map,596,386,1013,0,ok,44,TRACKING,140,0,0,-1,0,0,0,nan,nan,0,0,nan,nan,
1750921994.438136101,1,-0.302010985,-0.064178459,-0.477075837,0.014013620,0.178839333,-0.004276769,0.983769191,960,581,369,1.399366900,1.287712761,0.828435667,0.828435667,0.000002415,1,0,ok,map,581,369,1013,0,ok,40,TRACKING,141,1,0,-1,0,0,0,nan,nan,0,0,nan,nan,
1750921994.450136185,1,-0.310692535,-0.063795711,-0.492938594,0.014065047,0.185525994,-0.005354124,0.982524103,946,611,421,1.136726510,0.947149987,0.789145760,0.789145760,0.000001708,1,0,ok,map,611,421,1056,0,ok,54,TRACKING,141,0,0,-1,0,0,0,nan,nan,0,0,nan,nan,
1750921994.462136269,1,-0.319468758,-0.066080246,-0.509227346,0.014850469,0.192596884,-0.005265718,0.981151454,962,602,418,1.222833597,1.031266662,0.830346801,0.830346801,0.000002415,1,0,ok,map,602,418,1056,0,ok,38,TRACKING,141,0,0,-1,0,0,0,nan,nan,0,0,nan,nan,
1750921994.474136353,1,-0.328736225,-0.066696299,-0.525611163,0.014309855,0.199679112,-0.005063200,0.979743765,972,594,405,1.248308131,1.093047529,0.830081658,0.830081658,0.000002091,1,0,ok,map,594,405,1056,0,ok,28,TRACKING,141,0,0,-1,0,0,0,nan,nan,0,0,nan,nan,
1750921994.486136436,1,-0.337029479,-0.066206524,-0.540753208,0.013593083,0.206725091,-0.005345923,0.978290032,978,584,391,1.263880258,1.169562492,0.829132076,0.829132076,0.000002091,1,0,ok,map,584,391,1056,0,ok,22,TRACKING,141,0,0,-1,0,0,0,nan,nan,0,0,nan,nan,
1750921994.498136520,1,-0.351191628,-0.064488666,-0.559932179,0.012082336,0.211951467,-0.006895522,0.977181173,976,579,393,1.281458031,1.131497673,0.775606190,0.775606190,0.000000000,1,0,ok,map,579,393,1056,0,ok,24,TRACKING,142,1,0,-1,0,0,0,nan,nan,0,0,nan,nan,
1750921994.510136604,1,-0.362289121,-0.065842510,-0.576575044,0.012351379,0.218939496,-0.007260886,0.975633240,981,617,455,1.130782311,0.926327630,0.821828037,0.821828037,0.000000000,1,0,ok,map,617,455,1039,0,ok,19,TRACKING,142,0,0,-1,0,0,0,nan,nan,0,0,nan,nan,
1750921994.522136688,1,-0.374692892,-0.064926399,-0.594286830,0.012209318,0.225724929,-0.007368390,0.974086698,976,613,438,1.219357907,1.074773019,0.797756644,0.797756644,0.000002091,1,0,ok,map,613,438,1039,0,ok,24,TRACKING,142,0,0,-1,0,0,0,nan,nan,0,0,nan,nan,
1750921994.534136772,1,-0.382136847,-0.065894824,-0.606766154,0.013081062,0.232742358,-0.006371956,0.972429575,967,607,424,1.245305821,1.118600568,0.840069668,0.840069668,0.000001708,1,0,ok,map,607,424,1039,0,ok,33,TRACKING,142,0,0,-1,0,0,0,nan,nan,0,0,nan,nan,
1750921994.546136856,1,-0.394601986,-0.066102918,-0.625453506,0.012921547,0.239619487,-0.006958664,0.970755949,972,595,411,1.301177214,1.167251554,0.814050386,0.814050386,0.000001207,1,0,ok,map,595,411,1039,0,ok,28,TRACKING,142,0,0,-1,0,0,0,nan,nan,0,0,nan,nan,
1750921994.558136940,1,-0.404612295,-0.064890909,-0.638841793,0.011533659,0.244731572,-0.008892603,0.969481487,917,545,392,1.224024266,1.121746586,0.785646444,0.785646444,0.000001207,1,0,ok,map,545,392,1039,0,ok,83,TRACKING,143,1,10,8,127,1,0,0.005889047,0.003476168,122,75,0.614754098,1.280104622,ok
1750921994.570137024,1,-0.417514796,-0.062082752,-0.650137377,0.011094196,0.251510584,-0.009546432,0.967743877,965,570,439,1.338708095,1.287815688,0.806997254,0.806997254,0.000001708,1,0,ok,map,570,439,863,0,ok,35,TRACKING,143,0,0,-1,0,0,0,nan,nan,0,0,nan,nan,
1750921994.582137108,1,-0.428091280,-0.063230684,-0.664551936,0.011106193,0.258445360,-0.009090544,0.965919257,970,565,426,1.389147907,1.282667480,0.823374942,0.823374942,0.000001708,1,0,ok,map,565,426,863,0,ok,30,TRACKING,143,0,0,-1,0,0,0,nan,nan,0,0,nan,nan,
1750921994.594137192,1,-0.440773906,-0.063097477,-0.679446460,0.010835084,0.265146916,-0.008755888,0.964107384,979,562,415,1.470225928,1.438951391,0.797045230,0.797045230,0.000002091,1,0,ok,map,562,415,863,0,ok,21,TRACKING,143,0,0,-1,0,0,0,nan,nan,0,0,nan,nan,
1750921994.606137276,1,-0.453373118,-0.062502993,-0.694509043,0.011193980,0.271789271,-0.008655362,0.962252759,980,552,397,1.463592800,1.377108042,0.791425636,0.791425636,0.000001708,1,0,ok,map,552,397,863,0,ok,20,TRACKING,143,0,0,-1,0,0,0,nan,nan,0,0,nan,nan,
1750921994.618137360,1,-0.463617810,-0.063965458,-0.707142564,0.011121381,0.278213609,-0.009165397,0.960411109,986,551,399,1.423893519,1.353959997,0.768099929,0.768099929,0.000002415,1,0,ok,map,551,399,863,0,ok,14,TRACKING,143,0,0,-1,0,0,0,nan,nan,0,0,nan,nan,
1750921994.630137444,1,-0.478421766,-0.063771097,-0.725267377,0.010654831,0.284922306,-0.009096037,0.958448234,964,539,381,1.424184013,1.381788020,0.814381683,0.814381683,0.000001708,1,0,ok,map,539,381,863,0,ok,36,TRACKING,144,1,0,-1,0,0,0,nan,nan,0,0,nan,nan,
1750921994.642137527,1,-0.490883834,-0.065020162,-0.739129820,0.010534812,0.291419056,-0.009913977,0.956486103,956,516,417,1.178969960,1.030776965,0.783435367,0.783435367,0.000001708,1,0,ok,map,516,417,619,0,ok,44,TRACKING,144,0,0,-1,0,0,0,nan,nan,0,0,nan,nan,
1750921994.654137611,1,-0.503282053,-0.064606884,-0.752542265,0.009725423,0.298084249,-0.010711710,0.954429911,966,512,404,1.223569115,1.100447666,0.809834265,0.809834265,0.000002091,1,0,ok,map,512,404,619,0,ok,34,TRACKING,144,0,0,-1,0,0,0,nan,nan,0,0,nan,nan,
1750921994.666137695,1,-0.512787578,-0.064430523,-0.762318550,0.010407066,0.305117604,-0.010378459,0.952201254,963,505,396,1.280782490,1.193983785,0.849918199,0.849918199,0.000002415,1,0,ok,map,505,396,619,0,ok,37,TRACKING,144,0,0,-1,0,0,0,nan,nan,0,0,nan,nan,
1750921994.678137779,1,-0.525122586,-0.064522669,-0.774971515,0.011358147,0.311480418,-0.010580390,0.950125780,874,477,386,1.274920470,1.209903874,0.774985565,0.774985565,0.000002091,1,0,ok,map,477,386,619,1,ok,126,TRACKING,144,0,0,-1,0,0,0,nan,nan,0,0,nan,nan,
1750921994.690137863,1,-0.540792689,-0.064814044,-0.790778810,0.011205619,0.317941161,-0.011234484,0.947977657,953,473,377,1.252739692,1.180142096,0.794296983,0.794296983,0.000002091,1,0,ok,map,473,377,619,1,ok,47,TRACKING,145,1,0,-1,0,0,0,nan,nan,0,0,nan,nan,
1750921994.702137947,1,-0.553188552,-0.064913148,-0.802955714,0.011466082,0.324430824,-0.011727544,0.945767220,979,545,473,1.045582608,0.915959395,0.788210842,0.788210842,0.000001708,1,0,ok,map,545,473,639,1,ok,21,TRACKING,145,0,0,-1,0,0,0,nan,nan,0,0,nan,nan,
1750921994.714138031,1,-0.565640240,-0.064992081,-0.814569440,0.011388388,0.330889806,-0.011483216,0.943530803,977,541,461,1.132405140,1.024944661,0.783808987,0.783808987,0.000002415,1,0,ok,map,541,461,639,0,ok,23,TRACKING,145,0,0,-1,0,0,0,nan,nan,0,0,nan,nan,
1750921994.726138115,1,-0.578014402,-0.065451310,-0.826628880,0.011719888,0.337487895,-0.010917007,0.941193595,976,540,458,1.170911048,1.127193303,0.805636527,0.805636527,0.000002091,1,0,ok,map,540,458,639,0,ok,24,TRACKING,145,0,0,-1,0,0,0,nan,nan,0,0,nan,nan,
1750921994.738138199,1,-0.592611564,-0.067114759,-0.839265150,0.011339382,0.343752282,-0.012050413,0.938914573,980,539,451,1.219646569,1.139194128,0.776065406,0.776065406,0.000001708,1,0,ok,map,539,451,639,0,ok,20,TRACKING,145,0,0,-1,0,0,0,nan,nan,0,0,nan,nan,
1750921994.750138283,1,-0.606380249,-0.065666176,-0.851920160,0.010357007,0.350434002,-0.012321859,0.936449099,975,535,449,1.210289462,1.111920536,0.828966050,0.828966050,0.000001708,1,0,ok,map,535,449,639,0,ok,25,TRACKING,146,1,0,-1,0,0,0,nan,nan,0,0,nan,nan,
1750921994.762138367,1,-0.620391015,-0.068352701,-0.863475129,0.011350857,0.356698836,-0.012980681,0.934060276,974,587,534,1.068930713,0.951414401,0.780372596,0.780372596,0.000001708,1,0,ok,map,587,534,674,0,ok,26,TRACKING,146,0,0,-1,0,0,0,nan,nan,0,0,nan,nan,
1750921994.774138451,1,-0.633744027,-0.067318086,-0.874297491,0.010371308,0.363000826,-0.013795230,0.931628965,963,582,519,1.172663935,1.089785552,0.787682970,0.787682970,0.000002415,1,0,ok,map,582,519,674,0,ok,37,TRACKING,146,0,0,-1,0,0,0,nan,nan,0,0,nan,nan,
1750921994.786138535,1,-0.646368008,-0.066878218,-0.884432474,0.010648659,0.369376246,-0.014154536,0.929111104,978,581,510,1.270670792,1.154833375,0.787201513,0.787201513,0.000000000,1,0,ok,map,581,510,674,0,ok,22,TRACKING,146,0,0,-1,0,0,0,nan,nan,0,0,nan,nan,
1750921994.798138618,1,-0.661865023,-0.068113267,-0.896189819,0.011758251,0.375529402,-0.014959630,0.926615142,894,581,489,1.308405112,1.198104507,0.776950258,0.776950258,0.000002091,1,0,ok,map,581,489,674,0,ok,106,TRACKING,146,0,0,-1,0,0,0,nan,nan,0,0,nan,nan,
1750921994.810138702,1,-0.678547250,-0.068181661,-0.910720450,0.011790913,0.382109265,-0.014698465,0.923925018,951,572,492,1.291238089,1.223046838,0.814008198,0.814008198,0.000001708,1,0,ok,map,572,492,674,0,ok,49,TRACKING,147,1,0,-1,0,0,0,nan,nan,0,0,nan,nan,
1750921994.822138786,1,-0.693324519,-0.069035972,-0.921625359,0.011646331,0.388159085,-0.015167186,0.921393968,982,629,565,1.114757603,0.956749861,0.753584824,0.753584824,0.000001708,1,0,ok,map,629,565,691,0,ok,18,TRACKING,147,0,0,-1,0,0,0,nan,nan,0,0,nan,nan,
1750921994.834138870,1,-0.708255592,-0.069501996,-0.931886098,0.010601721,0.394272825,-0.015934683,0.918794117,979,628,543,1.216632939,1.044869772,0.775654310,0.775654310,0.000002091,1,0,ok,map,628,543,691,0,ok,21,TRACKING,147,0,0,-1,0,0,0,nan,nan,0,0,nan,nan,
1750921994.846138954,1,-0.723327521,-0.070051416,-0.942191339,0.010193161,0.400644021,-0.015593027,0.916044391,983,625,528,1.293331192,1.169346848,0.797519163,0.797519163,0.000001207,1,0,ok,map,625,528,691,0,ok,17,TRACKING,147,0,0,-1,0,0,0,nan,nan,0,0,nan,nan,
1750921994.858139038,1,-0.738686740,-0.069807824,-0.951800048,0.009627939,0.406813009,-0.015773243,0.913324522,977,624,512,1.309105291,1.182437399,0.775559155,0.775559155,0.000000000,1,0,ok,map,624,512,691,0,ok,23,TRACKING,147,0,0,-1,0,0,0,nan,nan,0,0,nan,nan,
1750921994.870139122,1,-0.751354180,-0.069134041,-0.960959904,0.010433287,0.413215319,-0.015592340,0.910440073,974,618,492,1.271140731,1.105374321,0.810212837,0.810212837,0.000001708,1,0,ok,map,618,492,691,0,ok,26,TRACKING,147,0,0,-1,0,0,0,nan,nan,0,0,nan,nan,
1750921994.882139206,1,-0.769356525,-0.070242290,-0.971865098,0.010897428,0.419033234,-0.016889889,0.907748383,967,614,482,1.281972979,1.121668998,0.751362021,0.751362021,0.000000000,1,0,ok,map,614,482,691,0,ok,33,TRACKING,147,0,0,-1,0,0,0,nan,nan,0,0,nan,nan,
1750921994.894139290,1,-0.781648800,-0.069429417,-0.979217278,0.010740014,0.425202655,-0.017495822,0.904865322,955,599,450,1.244068588,1.103227785,0.783641291,0.783641291,0.000002091,1,0,ok,map,599,450,691,0,ok,45,TRACKING,147,0,0,-1,0,0,0,nan,nan,0,0,nan,nan,
1750921994.906139374,1,-0.797304144,-0.070940736,-0.988534078,0.010882876,0.431082666,-0.018152594,0.902064178,955,593,440,1.366126121,1.221878638,0.750315281,0.750315281,0.000001708,1,0,ok,map,593,440,691,0,ok,45,TRACKING,147,0,0,-1,0,0,0,nan,nan,0,0,nan,nan,
1750921994.918139458,1,-0.815001949,-0.070007536,-0.999992870,0.010336309,0.437431362,-0.017379757,0.899024421,965,577,425,1.415973693,1.347485786,0.797337418,0.797337418,0.000001708,1,0,ok,map,577,425,691,0,ok,35,TRACKING,148,1,0,-1,0,0,0,nan,nan,0,0,nan,nan,
1750921994.930139542,1,-0.833201828,-0.071008972,-1.010875606,0.010110366,0.443244257,-0.017179339,0.896179212,939,628,507,1.126347911,0.939212599,0.742428925,0.742428925,0.000001708,1,0,ok,map,628,507,713,0,ok,61,TRACKING,148,0,0,-1,0,0,0,nan,nan,0,0,nan,nan,
1750921994.942139626,1,-0.848666690,-0.070267928,-1.018925690,0.009583502,0.449128113,-0.016623100,0.893261310,958,612,493,1.155644214,0.970041616,0.757701169,0.757701169,0.000001207,1,0,ok,map,612,493,713,0,ok,42,TRACKING,148,0,0,-1,0,0,0,nan,nan,0,0,nan,nan,
1750921994.954139709,1,-0.861518158,-0.070422036,-1.025658193,0.009957849,0.454964716,-0.017403808,0.890283694,983,610,482,1.240572411,1.103017901,0.757362009,0.757362009,0.000001708,1,0,ok,map,610,482,713,0,ok,17,TRACKING,148,0,0,-1,0,0,0,nan,nan,0,0,nan,nan,
1750921994.966139793,1,-0.877833802,-0.070355478,-1.033681355,0.010929786,0.460704431,-0.017605946,0.887311669,972,596,468,1.255079590,1.128244527,0.749352934,0.749352934,0.000001708,1,0,ok,map,596,468,713,0,ok,28,TRACKING,148,0,0,-1,0,0,0,nan,nan,0,0,nan,nan,
1750921994.978139877,1,-0.894595151,-0.069903905,-1.042351069,0.011821298,0.466587262,-0.017890302,0.884215201,966,578,444,1.230328397,1.117410406,0.769315109,0.769315109,0.000001708,1,0,ok,map,578,444,713,0,ok,34,TRACKING,148,0,0,-1,0,0,0,nan,nan,0,0,nan,nan,
1750921994.990139961,1,-0.913009445,-0.071602352,-1.052291875,0.012361108,0.472392252,-0.018419397,0.881109238,986,573,435,1.265499869,1.148449882,0.735155440,0.735155440,0.000001708,1,0,ok,map,573,435,713,0,ok,14,TRACKING,149,1,0,-1,0,0,0,nan,nan,0,0,nan,nan,
1750921995.002140045,1,-0.928914358,-0.070991949,-1.061432174,0.011916702,0.478253309,-0.018520015,0.877945769,981,602,496,1.041979982,0.865768949,0.764998932,0.764998932,0.000001207,1,0,ok,map,602,496,731,0,ok,19,TRACKING,149,0,0,-1,0,0,0,nan,nan,0,0,nan,nan,
1750921995.014140129,1,-0.948065192,-0.071428719,-1.070098785,0.011622094,0.483689676,-0.018975077,0.874956668,984,602,497,1.116993067,0.934939244,0.713628622,0.713628622,0.000001708,1,0,ok,map,602,497,731,0,ok,16,TRACKING,149,0,0,-1,0,0,0,nan,nan,0,0,nan,nan,
1750921995.026140213,1,-0.961748392,-0.071477300,-1.076579407,0.011455035,0.489607515,-0.018801192,0.871664946,976,594,481,1.130363119,0.956385067,0.776475846,0.776475846,0.000001708,1,0,ok,map,594,481,731,0,ok,24,TRACKING,149,0,0,-1,0,0,0,nan,nan,0,0,nan,nan,
1750921995.038140297,1,-0.980952647,-0.069975568,-1.084534592,0.011622313,0.495000270,-0.019240403,0.868602015,960,590,478,1.153583381,0.968849405,0.712722311,0.712722311,0.000002091,1,0,ok,map,590,478,731,0,ok,40,TRACKING,149,0,0,-1,0,0,0,nan,nan,0,0,nan,nan,
1750921995.050140381,1,-0.997022819,-0.070100624,-1.091194372,0.013306562,0.500689317,-0.019957022,0.865294667,944,585,459,1.151928933,0.990161604,0.782704989,0.782704989,0.000001708,1,0,ok,map,585,459,731,0,ok,56,TRACKING,149,0,0,-1,0,0,0,nan,nan,0,0,nan,nan,
1750921995.062140465,1,-1.014389013,-0.072997640,-1.098397077,0.013769012,0.506068844,-0.020800617,0.862132283,967,579,445,1.170582026,1.023036525,0.723522365,0.723522365,0.000000000,1,0,ok,map,579,445,731,0,ok,33,TRACKING,149,0,0,-1,0,0,0,nan,nan,0,0,nan,nan,
1750921995.074140549,1,-1.032905872,-0.072432217,-1.108988759,0.012721504,0.512072899,-0.019687538,0.858622100,957,571,429,1.215482950,1.070211930,0.772075840,0.772075840,0.000001708,1,0,ok,map,571,429,731,0,ok,43,TRACKING,150,1,0,-1,0,0,0,nan,nan,0,0,nan,nan,
1750921995.086140633,1,-1.049256155,-0.071374333,-1.115008524,0.010928371,0.517375922,-0.019631597,0.855463223,975,634,506,1.050310287,0.907822103,0.736594231,0.736594231,0.000002415,1,0,ok,map,634,506,771,0,ok,25,TRACKING,150,0,0,-1,0,0,0,nan,nan,0,0,nan,nan,
1750921995.098140717,1,-1.066426114,-0.072290542,-1.122262090,0.011730709,0.522886604,-0.019984413,0.852087210,975,633,494,1.127420289,0.996496308,0.747339624,0.747339624,0.000001708,1,0,ok,map,633,494,771,0,ok,25,TRACKING,150,0,0,-1,0,0,0,nan,nan,0,0,nan,nan,
1750921995.110140800,1,-1.085512949,-0.073564440,-1.128970380,0.011924723,0.528253856,-0.020677742,0.848750903,983,628,486,1.223566567,1.109259434,0.728867317,0.728867317,0.000001708,1,0,ok,map,628,486,771,0,ok,17,TRACKING,150,0,0,-1,0,0,0,nan,nan,0,0,nan,nan,
1750921995.122140884,1,-1.102676693,-0.074161490,-1.134490944,0.011631686,0.533556528,-0.020953453,0.845424798,981,621,473,1.219385571,1.077530664,0.718767009,0.718767009,0.000002091,1,0,ok,map,621,473,771,0,ok,19,TRACKING,150,0,0,-1,0,0,0,nan,nan,0,0,nan,nan,
1750921995.134140968,1,-1.120792203,-0.074314908,-1.140941137,0.011060768,0.538970983,-0.020637845,0.841998823,965,608,454,1.222017928,1.067864804,0.738020517,0.738020517,0.000001708,1,0,ok,map,608,454,771,0,ok,35,TRACKING,150,0,0,-1,0,0,0,nan,nan,0,0,nan,nan,
1750921995.146141052,1,-1.138411378,-0.075026676,-1.146988613,0.010730818,0.544238692,-0.020453276,0.838612401,963,587,433,1.213530768,1.082109305,0.718916376,0.718916376,0.000001708,1,0,ok,map,587,433,771,0,ok,37,TRACKING,150,0,0,-1,0,0,0,nan,nan,0,0,nan,nan,
1750921995.158141136,1,-1.159050645,-0.072850438,-1.156741778,0.010439924,0.550018906,-0.020582437,0.834833262,930,578,425,1.268186910,1.167606088,0.732806968,0.732806968,0.000001207,1,0,ok,map,578,425,771,0,ok,70,TRACKING,151,1,0,-1,0,0,0,nan,nan,0,0,nan,nan,
1750921995.170141220,1,-1.178116850,-0.073810780,-1.163172362,0.011549734,0.555030273,-0.021510906,0.831471756,965,623,488,1.067924301,0.925732682,0.711090096,0.711090096,0.000001708,1,0,ok,map,623,488,763,1,ok,35,TRACKING,151,0,0,-1,0,0,0,nan,nan,0,0,nan,nan,
1750921995.182141304,1,-1.194526386,-0.075121965,-1.167873792,0.011323595,0.560271401,-0.021941518,0.827941002,942,601,477,1.143930580,0.993572410,0.726300321,0.726300321,0.000002091,1,0,ok,map,601,477,763,1,ok,58,TRACKING,151,0,0,-1,0,0,0,nan,nan,0,0,nan,nan,
1750921995.194141388,1,-1.211939201,-0.075419183,-1.172672396,0.010723649,0.565371438,-0.021844029,0.824477397,968,597,467,1.189150757,1.071051171,0.709880521,0.709880521,0.000000000,1,0,ok,map,597,467,763,1,ok,32,TRACKING,151,0,0,-1,0,0,0,nan,nan,0,0,nan,nan,
1750921995.206141472,1,-1.231443138,-0.074862537,-1.178468049,0.010030426,0.570542071,-0.021769437,0.820918526,976,586,460,1.256991232,1.148647633,0.723718659,0.723718659,0.000001708,1,0,ok,map,586,460,763,0,ok,24,TRACKING,151,0,0,-1,0,0,0,nan,nan,0,0,nan,nan,
1750921995.218141556,1,-1.254628338,-0.074056695,-1.187031878,0.009527350,0.576144047,-0.022273583,0.816989078,974,580,449,1.302339066,1.199019049,0.715210830,0.715210830,0.000002415,1,0,ok,map,580,449,763,0,ok,26,TRACKING,152,1,0,-1,0,0,0,nan,nan,0,0,nan,nan,
1750921995.230141640,1,-1.272227520,-0.074154671,-1.191610557,0.009847046,0.581219858,-0.023443000,0.813349210,974,707,597,1.029533408,0.837241977,0.729097466,0.729097466,0.000001708,1,0,ok,map,707,597,827,0,ok,26,TRACKING,152,0,0,-1,0,0,0,nan,nan,0,0,nan,nan,
1750921995.242141724,1,-1.291167440,-0.075363772,-1.196128916,0.010389613,0.586375827,-0.023809150,0.809622486,983,702,585,1.099854630,0.887665331,0.732858215,0.732858215,0.000000000,1,0,ok,map,702,585,827,0,ok,17,TRACKING,152,0,0,-1,0,0,0,nan,nan,0,0,nan,nan,
1750921995.254141808,1,-1.311419943,-0.073699942,-1.200997575,0.009719349,0.591619595,-0.024099927,0.805798351,984,692,573,1.172020563,1.009623172,0.748407164,0.748407164,0.000001708,1,0,ok,map,692,573,827,0,ok,16,TRACKING,152,0,0,-1,0,0,0,nan,nan,0,0,nan,nan,
1750921995.266141891,1,-1.328512210,-0.075374805,-1.204260543,0.010391223,0.596477663,-0.024764357,0.802180246,978,684,553,1.155069994,1.011745286,0.702517412,0.702517412,0.000001708,1,0,ok,map,684,553,827,0,ok,22,TRACKING,152,0,0,-1,0,0,0,nan,nan,0,0,nan,nan,
1750921995.278141975,1,-1.343497443,-0.076530982,-1.207646107,0.010048602,0.601699942,-0.023632758,0.798309275,979,676,511,1.207302880,1.055101023,0.757125774,0.757125774,0.000001207,1,0,ok,map,676,511,827,0,ok,21,TRACKING,152,0,0,-1,0,0,0,nan,nan,0,0,nan,nan,
1750921995.290142059,1,-1.363433606,-0.075521488,-1.212012616,0.009013978,0.606785914,-0.023109041,0.794478178,947,646,497,1.184973248,1.069009948,0.741658720,0.741658720,0.000001708,1,0,ok,map,646,497,827,0,ok,53,TRACKING,152,0,0,-1,0,0,0,nan,nan,0,0,nan,nan,
1750921995.302142143,1,-1.376822358,-0.073518274,-1.214617831,0.008517839,0.611583557,-0.024001387,0.790769835,959,641,466,1.266174100,1.137050557,0.704637882,0.704637882,0.000002091,1,0,ok,map,641,466,827,0,ok,41,TRACKING,152,0,0,-1,0,0,0,nan,nan,0,0,nan,nan,
1750921995.314142227,1,-1.401797648,-0.075679582,-1.217866388,0.009735538,0.616411508,-0.025719932,0.786943808,962,628,454,1.295509057,1.212693242,0.746024782,0.746024782,0.000002091,1,0,ok,map,628,454,827,0,ok,38,TRACKING,152,0,0,-1,0,0,0,nan,nan,0,0,nan,nan,
1750921995.326142311,1,-1.416638220,-0.074112775,-1.221110837,0.009561498,0.621507381,-0.025797038,0.782925070,957,609,443,1.294155784,1.186892979,0.744003381,0.744003381,0.000001708,1,0,ok,map,609,443,827,0,ok,43,TRACKING,152,0,0,-1,0,0,0,nan,nan,0,0,nan,nan,
1750921995.338142395,1,-1.437879015,-0.075878339,-1.223444086,0.010104262,0.626516365,-0.025755366,0.778917075,987,607,438,1.354637633,1.253410040,0.737763349,0.737763349,0.000002091,1,0,ok,map,607,438,827,0,ok,13,TRACKING,152,0,0,-1,0,0,0,nan,nan,0,0,nan,nan,
1750921995.350142479,1,-1.456452490,-0.073167955,-1.226820030,0.010109157,0.631362940,-0.025595523,0.774999040,986,606,421,1.428356527,1.306944164,0.714393561,0.714393561,0.000001708,1,0,ok,map,606,421,827,0,ok,14,TRACKING,152,0,0,-1,0,0,0,nan,nan,0,0,nan,nan,
1750921995.362142563,1,-1.475423617,-0.073714057,-1.229327460,0.010255306,0.636194804,-0.026387797,0.771008874,964,600,414,1.463374561,1.381677732,0.723993053,0.723993053,0.000001708,1,0,ok,map,600,414,827,0,ok,36,TRACKING,152,0,0,-1,0,0,0,nan,nan,0,0,nan,nan,
1750921995.374142647,1,-1.496562981,-0.072564180,-1.235158515,0.010056633,0.641622898,-0.027296187,0.766468420,979,594,398,1.429671037,1.331558992,0.706432779,0.706432779,0.000000000,1,0,ok,map,594,398,827,0,ok,21,TRACKING,153,1,4,18,146,1,0,0.004916320,0.003561225,131,81,0.618320611,1.200955068,ok
1750921995.386142731,1,-1.509545765,-0.070550182,-1.237025372,0.010469170,0.646620569,-0.027571277,0.762241472,962,709,505,1.283146133,1.202776475,0.752211532,0.752211532,0.000001708,1,0,ok,map,709,505,912,0,ok,38,TRACKING,153,0,0,-1,0,0,0,nan,nan,0,0,nan,nan,
1750921995.398142815,1,-1.532202724,-0.070195176,-1.238815130,0.010447725,0.651524502,-0.027438131,0.758059244,978,705,505,1.406050472,1.320273445,0.738719434,0.738719434,0.000000000,1,0,ok,map,705,505,912,0,ok,22,TRACKING,153,0,0,-1,0,0,0,nan,nan,0,0,nan,nan,
1750921995.410142899,1,-1.553887713,-0.071302133,-1.239858229,0.010269781,0.656196932,-0.028150505,0.753994474,986,700,490,1.423970651,1.311649928,0.714643768,0.714643768,0.000001708,1,0,ok,map,700,490,912,0,ok,14,TRACKING,153,0,0,-1,0,0,0,nan,nan,0,0,nan,nan,
1750921995.422142982,1,-1.571540006,-0.070173361,-1.240656770,0.009733222,0.661065768,-0.028380009,0.749727877,956,685,474,1.477890888,1.400794215,0.744846280,0.744846280,0.000001708,1,0,ok,map,685,474,912,0,ok,44,TRACKING,153,0,0,-1,0,0,0,nan,nan,0,0,nan,nan,
1750921995.434143066,1,-1.589967022,-0.071023346,-1.242889253,0.009988258,0.665855533,-0.028519071,0.745468515,983,675,470,1.439064946,1.342234675,0.735250450,0.735250450,0.000001708,1,0,ok,map,675,470,912,0,ok,17,TRACKING,153,0,0,-1,0,0,0,nan,nan,0,0,nan,nan,
1750921995.446143150,1,-1.612150567,-0.071071259,-1.242713706,0.009848751,0.670637265,-0.028078601,0.741188406,986,672,458,1.443291240,1.401456734,0.737295962,0.737295962,0.000001708,1,0,ok,map,672,458,912,0,ok,14,TRACKING,153,0,0,-1,0,0,0,nan,nan,0,0,nan,nan,
1750921995.458143234,1,-1.629382297,-0.069920961,-1.244908034,0.009329814,0.675475687,-0.028174279,0.736784745,976,664,441,1.416559382,1.375668724,0.752136009,0.752136009,0.000002091,1,0,ok,map,664,441,912,0,ok,24,TRACKING,153,0,0,-1,0,0,0,nan,nan,0,0,nan,nan,
1750921995.470143318,1,-1.644568842,-0.070645665,-1.244349525,0.009174730,0.680200674,-0.028264021,0.732423383,984,658,422,1.460116611,1.434748259,0.737129523,0.737129523,0.000001708,1,0,ok,map,658,422,912,0,ok,16,TRACKING,153,0,0,-1,0,0,0,nan,nan,0,0,nan,nan,
1750921995.482143402,1,-1.669547383,-0.069040872,-1.244946809,0.009028181,0.684897636,-0.028642437,0.728020145,992,654,411,1.483756789,1.437960183,0.739224580,0.739224580,0.000000000,1,0,ok,map,654,411,912,0,ok,8,TRACKING,153,0,0,-1,0,0,0,nan,nan,0,0,nan,nan,
1750921995.494143486,1,-1.687653207,-0.071403804,-1.243401901,0.009130620,0.689603074,-0.028949523,0.723551074,990,652,400,1.511765724,1.480147410,0.744569039,0.744569039,0.000001207,1,0,ok,map,652,400,912,0,ok,10,TRACKING,153,0,0,-1,0,0,0,nan,nan,0,0,nan,nan,
1750921995.506143570,1,-1.710990422,-0.065261552,-1.246718110,0.009247501,0.694537661,-0.028725910,0.718823166,981,644,392,1.529988391,1.539632499,0.783651399,0.783651399,0.000001708,1,0,ok,map,644,392,912,0,ok,19,TRACKING,153,0,0,-1,0,0,0,nan,nan,0,0,nan,nan,
1750921995.518143654,1,-1.732000344,-0.067604649,-1.244495045,0.010086228,0.699182755,-0.029042154,0.714281665,966,624,387,1.515434366,1.478560135,0.751477392,0.751477392,0.000002091,1,0,ok,map,624,387,912,0,ok,34,TRACKING,153,0,0,-1,0,0,0,nan,nan,0,0,nan,nan,
1750921995.530143738,1,-1.748313256,-0.069400831,-1.244530534,0.009266881,0.703806484,-0.029461392,0.709720074,981,612,384,1.581320010,1.551714344,0.751726093,0.751726093,0.000002091,1,0,ok,map,612,384,912,0,ok,19,TRACKING,153,0,0,-1,0,0,0,nan,nan,0,0,nan,nan,
1750921995.542143822,1,-1.771142893,-0.067904971,-1.243344328,0.009507285,0.708503866,-0.029362862,0.705031706,986,611,369,1.559716853,1.550270278,0.763091153,0.763091153,0.000002091,1,0,ok,map,611,369,912,0,ok,14,TRACKING,154,1,0,-1,0,0,0,nan,nan,0,0,nan,nan,
1750921995.554143906,1,-1.789823072,-0.067566112,-1.241931740,0.009307977,0.713028440,-0.029644654,0.700446286,985,728,516,1.144870497,1.032870669,0.739245397,0.739245397,0.000001708,1,0,ok,map,728,516,1019,0,ok,15,TRACKING,154,0,0,-1,0,0,0,nan,nan,0,0,nan,nan,
1750921995.566143990,1,-1.810963804,-0.067585199,-1.239962866,0.009085059,0.717544507,-0.029883573,0.695811982,978,719,508,1.305619355,1.192029716,0.742448515,0.742448515,0.000002415,1,0,ok,map,719,508,1019,0,ok,22,TRACKING,154,0,0,-1,0,0,0,nan,nan,0,0,nan,nan,
1750921995.578144073,1,-1.831621062,-0.067656191,-1.237474768,0.009545561,0.722323813,-0.029166657,0.690873721,984,712,497,1.350833095,1.247645832,0.793536547,0.793536547,0.000001207,1,0,ok,map,712,497,1019,0,ok,16,TRACKING,154,0,0,-1,0,0,0,nan,nan,0,0,nan,nan,
1750921995.590144157,1,-1.851989655,-0.069609866,-1.235268846,0.009263622,0.726734507,-0.029585731,0.686218497,977,701,468,1.401034303,1.312675045,0.737141608,0.737141608,0.000001207,1,0,ok,map,701,468,1019,0,ok,23,TRACKING,154,0,0,-1,0,0,0,nan,nan,0,0,nan,nan,
1750921995.602144241,1,-1.868586271,-0.067171783,-1.232036133,0.007896183,0.731495617,-0.028846807,0.681189896,969,686,462,1.317112044,1.209642634,0.813286224,0.813286224,0.000002091,1,0,ok,map,686,462,1019,0,ok,31,TRACKING,154,0,0,-1,0,0,0,nan,nan,0,0,nan,nan,
1750921995.614144325,1,-1.886740861,-0.066947204,-1.229326086,0.008518012,0.736208996,-0.029336524,0.676064439,977,679,447,1.370558008,1.265381865,0.803064804,0.803064804,0.000002091,1,0,ok,map,679,447,1019,0,ok,23,TRACKING,154,0,0,-1,0,0,0,nan,nan,0,0,nan,nan,
1750921995.626144409,1,-1.906543818,-0.067907954,-1.226984335,0.009301844,0.740668210,-0.030452751,0.671116017,976,675,424,1.388622477,1.330494442,0.779155178,0.779155178,0.000001708,1,0,ok,map,675,424,1019,1,ok,24,TRACKING,154,0,0,-1,0,0,0,nan,nan,0,0,nan,nan,
1750921995.638144493,1,-1.930759519,-0.070105907,-1.222657941,0.009472119,0.745286568,-0.030658793,0.665971658,975,666,405,1.435190303,1.392445952,0.792798941,0.792798941,0.000002415,1,0,ok,map,666,405,1019,0,ok,25,TRACKING,154,0,0,-1,0,0,0,nan,nan,0,0,nan,nan,
1750921995.650144577,1,-1.944449156,-0.070133551,-1.219357532,0.007967153,0.749891640,-0.029950485,0.660834337,949,648,385,1.478176502,1.441534317,0.813241548,0.813241548,0.000001708,1,0,ok,map,648,385,1019,0,ok,51,TRACKING,154,0,0,-1,0,0,0,nan,nan,0,0,nan,nan,
1750921995.662144661,1,-1.965002334,-0.070246784,-1.215010667,0.008405027,0.754541603,-0.029583903,0.655531172,959,634,368,1.517449614,1.472485222,0.810868248,0.810868248,0.000001708,1,0,ok,map,634,368,1019,0,ok,41,TRACKING,154,0,0,-1,0,0,0,nan,nan,0,0,nan,nan,
1750921995.674144745,1,-1.987144633,-0.069483595,-1.209066353,0.008881866,0.758979079,-0.029273105,0.650395999,959,627,366,1.560457974,1.504828697,0.780446274,0.780446274,0.000000000,1,0,ok,map,627,366,1019,0,ok,41,TRACKING,154,0,0,-1,0,0,0,nan,nan,0,0,nan,nan,
1750921995.686144829,1,-1.999634469,-0.070684899,-1.207768000,0.008424221,0.763554230,-0.029547070,0.645012357,955,617,349,1.543813502,1.462612840,0.811906212,0.811906212,0.000002091,1,0,ok,map,617,349,1019,0,ok,45,TRACKING,154,0,0,-1,0,0,0,nan,nan,0,0,nan,nan,
1750921995.698144913,1,-2.020978205,-0.073570038,-1.200399652,0.008386016,0.767776376,-0.030369080,0.639942834,966,608,339,1.594421761,1.517360869,0.770662868,0.770662868,0.000001708,1,0,ok,map,608,339,1019,0,ok,34,TRACKING,155,1,0,-1,0,0,0,nan,nan,0,0,nan,nan,
1750921995.710144997,1,-2.042346770,-0.071204579,-1.195556455,0.007852514,0.772361430,-0.029811833,0.634434720,962,657,411,1.366334182,1.297517795,0.825993149,0.825993149,0.000002415,1,0,ok,map,657,411,990,0,ok,38,TRACKING,155,0,0,-1,0,0,0,nan,nan,0,0,nan,nan,
1750921995.722145081,1,-2.065616468,-0.072452125,-1.188678674,0.008225133,0.776727541,-0.029177043,0.629106807,968,634,381,1.445367591,1.352846926,0.793843855,0.793843855,0.000002091,1,0,ok,map,634,381,990,0,ok,32,TRACKING,155,0,0,-1,0,0,0,nan,nan,0,0,nan,nan,
1750921995.734145164,1,-2.093579581,-0.068044190,-1.182981915,0.008383063,0.781079603,-0.028453963,0.623726502,967,620,369,1.548526164,1.517729217,0.797512100,0.797512100,0.000002091,1,0,ok,map,620,369,990,0,ok,33,TRACKING,155,0,0,-1,0,0,0,nan,nan,0,0,nan,nan,
1750921995.746145248,1,-2.107096918,-0.069218245,-1.177109299,0.008203658,0.785351597,-0.028428718,0.618342443,960,605,355,1.506968045,1.480969575,0.787862046,0.787862046,0.000002415,1,0,ok,map,605,355,990,0,ok,40,TRACKING,155,0,0,-1,0,0,0,nan,nan,0,0,nan,nan,
1750921995.758145332,1,-2.123646865,-0.070138808,-1.170073597,0.009102588,0.789521261,-0.028828671,0.612978164,957,582,342,1.545599329,1.470094613,0.792078567,0.792078567,0.000000000,1,0,ok,map,582,342,990,0,ok,43,TRACKING,156,1,0,-1,0,0,0,nan,nan,0,0,nan,nan,
1750921995.770145416,1,-2.143512422,-0.072111167,-1.163224473,0.009834959,0.793786994,-0.029381762,0.607406120,944,586,379,1.285606835,1.154504532,0.810986379,0.810986379,0.000001207,1,0,ok,map,586,379,1002,0,ok,56,TRACKING,156,0,0,-1,0,0,0,nan,nan,0,0,nan,nan,
1750921995.782145500,1,-2.164656613,-0.071202767,-1.155862242,0.009258686,0.797985868,-0.028942716,0.601909586,951,561,361,1.384246700,1.298335611,0.796946850,0.796946850,0.000002091,1,0,ok,map,561,361,1002,0,ok,49,TRACKING,156,0,0,-1,0,0,0,nan,nan,0,0,nan,nan,
1750921995.794145584,1,-2.180514996,-0.071010110,-1.150049934,0.008465682,0.802207129,-0.028843070,0.596288631,955,544,340,1.467912875,1.427329158,0.810715486,0.810715486,0.000001708,1,0,ok,map,544,340,1002,0,ok,45,TRACKING,156,0,0,-1,0,0,0,nan,nan,0,0,nan,nan,
1750921995.806145668,1,-2.204300506,-0.072012257,-1.140359538,0.008151272,0.806231431,-0.029358921,0.590815106,949,518,321,1.534805667,1.490144873,0.781575006,0.781575006,0.000000000,1,0,ok,map,518,321,1002,0,ok,51,TRACKING,156,0,0,-1,0,0,0,nan,nan,0,0,nan,nan,
1750921995.818145752,1,-2.222577254,-0.072047785,-1.131632591,0.007999390,0.810420722,-0.028427965,0.585103507,953,499,303,1.477583082,1.415432150,0.829672877,0.829672877,0.000002091,1,0,ok,map,499,303,1002,0,ok,47,TRACKING,157,1,0,-1,0,0,0,nan,nan,0,0,nan,nan,
1750921995.830145836,1,-2.241387841,-0.072212732,-1.123047277,0.008533408,0.814545969,-0.027635991,0.579377508,944,546,374,1.197408356,0.986511801,0.816076536,0.816076536,0.000001207,1,0,ok,map,546,374,943,0,ok,56,TRACKING,157,0,0,-1,0,0,0,nan,nan,0,0,nan,nan,
1750921995.842145920,1,-2.258089069,-0.072391870,-1.115675936,0.008645871,0.818538599,-0.027193987,0.573742362,920,513,363,1.289179455,1.167501225,0.793120650,0.793120650,0.000002091,1,0,ok,map,513,363,943,0,ok,80,TRACKING,157,0,0,-1,0,0,0,nan,nan,0,0,nan,nan,
1750921995.854146004,1,-2.277188660,-0.071477696,-1.106581103,0.008399632,0.822591019,-0.026971342,0.567931341,935,489,343,1.391961053,1.305200081,0.812715883,0.812715883,0.000000000,1,0,ok,map,489,343,943,0,ok,65,TRACKING,157,0,0,-1,0,0,0,nan,nan,0,0,nan,nan,
1750921995.866146088,1,-2.295758510,-0.070190750,-1.096887341,0.007452652,0.826501420,-0.027309603,0.562222417,924,469,339,1.479018459,1.413741350,0.801276507,0.801276507,0.000001708,1,0,ok,map,469,339,943,0,ok,76,TRACKING,157,0,0,-1,0,0,0,nan,nan,0,0,nan,nan,
1750921995.878146172,1,-2.315537850,-0.070113942,-1.087738675,0.008303541,0.830475999,-0.027813110,0.556297670,933,449,317,1.477833386,1.402789594,0.835298102,0.835298102,0.000001708,1,0,ok,map,449,317,943,0,ok,67,TRACKING,158,1,0,-1,0,0,0,nan,nan,0,0,nan,nan,
1750921995.890146255,1,-2.335003991,-0.071433985,-1.076894422,0.009055357,0.834473242,-0.028388366,0.550242228,927,534,415,1.151698514,0.966568689,0.838499565,0.838499565,0.000002091,1,0,ok,map,534,415,886,0,ok,73,TRACKING,158,0,0,-1,0,0,0,nan,nan,0,0,nan,nan,
1750921995.902146339,1,-2.352973747,-0.070015381,-1.067782228,0.009078827,0.838506207,-0.028490301,0.544070968,947,525,397,1.264663877,1.128115598,0.844878255,0.844878255,0.000001207,1,0,ok,map,525,397,886,0,ok,53,TRACKING,158,0,0,-1,0,0,0,nan,nan,0,0,nan,nan,
1750921995.914146423,1,-2.372673813,-0.072222459,-1.056745824,0.008760090,0.842342109,-0.029273645,0.538076282,938,507,347,1.313352149,1.258100139,0.821277343,0.821277343,0.000001708,1,0,ok,map,507,347,886,0,ok,62,TRACKING,158,0,0,-1,0,0,0,nan,nan,0,0,nan,nan,
1750921995.926146507,1,-2.390974837,-0.071567807,-1.045811242,0.007275845,0.846168994,-0.028718266,0.532090553,848,412,300,1.431379431,1.400250854,0.834126311,0.834126311,0.000001708,1,0,ok,map,412,300,886,1,ok,152,TRACKING,158,0,0,-1,0,0,0,nan,nan,0,0,nan,nan,
1750921995.938146591,1,-2.410313057,-0.071205055,-1.033810110,0.007187784,0.850092906,-0.028242068,0.525825801,952,399,291,1.488573892,1.449364484,0.864969287,0.864969287,0.000001708,1,0,ok,map,399,291,886,1,ok,48,TRACKING,159,1,0,-1,0,0,0,nan,nan,0,0,nan,nan,
1750921995.950146675,1,-2.427480518,-0.071610192,-1.023458144,0.008119067,0.853925435,-0.028697236,0.519540086,947,454,364,1.260643518,1.144200887,0.851941903,0.851941903,0.000001207,1,0,ok,map,454,364,716,0,ok,53,TRACKING,159,0,0,-1,0,0,0,nan,nan,0,0,nan,nan,
1750921995.962146759,1,-2.444124892,-0.071334328,-1.012212787,0.007863362,0.857745331,-0.029378112,0.513174474,944,449,347,1.323958127,1.240201024,0.854778187,0.854778187,0.000000000,1,0,ok,map,449,347,716,0,ok,56,TRACKING,159,0,0,-1,0,0,0,nan,nan,0,0,nan,nan,
1750921995.974146843,1,-2.461702661,-0.071941236,-1.001458133,0.008372498,0.861660577,-0.029398802,0.506563581,946,444,330,1.419455117,1.344001273,0.882377260,0.882377260,0.000001708,1,0,ok,map,444,330,716,0,ok,54,TRACKING,159,0,0,-1,0,0,0,nan,nan,0,0,nan,nan,
1750921995.986146927,1,-2.481780934,-0.072133372,-0.988267738,0.008059235,0.865446267,-0.029365846,0.500075450,944,435,313,1.458118767,1.407331527,0.861548577,0.861548577,0.000001708,1,0,ok,map,435,313,716,0,ok,56,TRACKING,159,0,0,-1,0,0,0,nan,nan,0,0,nan,nan,
1750921995.998147011,1,-2.497019540,-0.071261081,-0.977781673,0.007169852,0.869192640,-0.029534601,0.493538707,946,426,305,1.414526052,1.389137252,0.892481513,0.892481513,0.000000000,1,0,ok,map,426,305,716,0,ok,54,TRACKING,160,1,0,-1,0,0,0,nan,nan,0,0,nan,nan,
1750921996.010147095,1,-2.515510581,-0.071924829,-0.964384813,0.007447116,0.872933776,-0.029871100,0.486866389,945,511,400,1.196133822,1.037593977,0.878001214,0.878001214,0.000002091,1,0,ok,map,511,400,718,0,ok,55,TRACKING,160,0,0,-1,0,0,0,nan,nan,0,0,nan,nan,
1750921996.022147179,1,-2.532513483,-0.071993687,-0.951737779,0.007520571,0.876669836,-0.029783773,0.480110785,955,498,381,1.282569565,1.151010648,0.884730274,0.884730274,0.000002091,1,0,ok,map,498,381,718,0,ok,45,TRACKING,160,0,0,-1,0,0,0,nan,nan,0,0,nan,nan,
1750921996.034147263,1,-2.549256526,-0.072633679,-0.939686058,0.007862618,0.880489980,-0.029400398,0.473086874,955,484,363,1.416047366,1.340791943,0.918114739,0.918114739,0.000001708,1,0,ok,map,484,363,718,0,ok,45,TRACKING,160,0,0,-1,0,0,0,nan,nan,0,0,nan,nan,
1750921996.046147346,1,-2.568003520,-0.071175101,-0.925628050,0.006935810,0.883910844,-0.029321765,0.466683777,962,473,346,1.411627333,1.311684206,0.838692383,0.838692383,0.000002415,1,0,ok,map,473,346,718,0,ok,38,TRACKING,160,0,0,-1,0,0,0,nan,nan,0,0,nan,nan,
1750921996.058147430,1,-2.584158071,-0.073052342,-0.912030281,0.006859765,0.887273109,-0.029509370,0.460248379,949,459,332,1.405668921,1.297754568,0.854229290,0.854229290,0.000001708,1,0,ok,map,459,332,718,0,ok,51,TRACKING,161,1,0,-1,0,0,0,nan,nan,0,0,nan,nan,
1750921996.070147514,1,-2.599704979,-0.072813220,-0.898876234,0.006678752,0.890789491,-0.028593209,0.453466543,946,527,424,1.170126420,0.995927599,0.881913313,0.881913313,0.000001708,1,0,ok,map,527,424,720,0,ok,54,TRACKING,161,0,0,-1,0,0,0,nan,nan,0,0,nan,nan,
1750921996.082147598,1,-2.617138744,-0.070792068,-0.884615006,0.006395862,0.894171956,-0.027972621,0.446803243,915,522,407,1.329362578,1.244971054,0.859864786,0.859864786,0.000001708,1,0,ok,map,522,407,720,0,ok,85,TRACKING,161,0,0,-1,0,0,0,nan,nan,0,0,nan,nan,
1750921996.094147682,1,-2.634009237,-0.071337112,-0.871270485,0.006370895,0.897508233,-0.028740944,0.440014024,944,516,396,1.369302257,1.310805022,0.871313861,0.871313861,0.000001207,1,0,ok,map,516,396,720,0,ok,56,TRACKING,161,0,0,-1,0,0,0,nan,nan,0,0,nan,nan,
1750921996.106147766,1,-2.647667168,-0.070593318,-0.858848111,0.006137678,0.900803515,-0.029348439,0.433190520,932,501,367,1.414416893,1.325162550,0.871519943,0.871519943,0.000002415,1,0,ok,map,501,367,720,0,ok,68,TRACKING,161,0,0,-1,0,0,0,nan,nan,0,0,nan,nan,
1750921996.118147850,1,-2.662620202,-0.069952342,-0.844730016,0.006601894,0.904009522,-0.030306157,0.426385666,955,491,352,1.391602720,1.342460516,0.892528269,0.892528269,0.000001207,1,0,ok,map,491,352,720,0,ok,45,TRACKING,162,1,0,-1,0,0,0,nan,nan,0,0,nan,nan,
1750921996.130147934,1,-2.673356205,-0.074495512,-0.831928012,0.007062744,0.907173381,-0.031307115,0.419531214,962,586,412,1.398801187,1.308119435,0.874267479,0.874267479,0.000001708,1,0,ok,map,586,412,763,0,ok,38,TRACKING,162,0,0,-1,0,0,0,nan,nan,0,0,nan,nan,
1750921996.142148018,1,-2.691040473,-0.073836520,-0.815449734,0.004976028,0.910411847,-0.029621167,0.412611312,962,570,388,1.595383772,1.558597701,0.927907628,0.927907628,0.000002415,1,0,ok,map,570,388,763,0,ok,38,TRACKING,162,0,0,-1,0,0,0,nan,nan,0,0,nan,nan,
1750921996.154148102,1,-2.704140328,-0.071334199,-0.803648741,0.003482890,0.913632834,-0.028609064,0.405517492,952,553,347,1.579007963,1.585734525,0.916382900,0.916382900,0.000000000,1,0,ok,map,553,347,763,0,ok,48,TRACKING,162,0,0,-1,0,0,0,nan,nan,0,0,nan,nan,
1750921996.166148186,1,-2.725293197,-0.069455844,-0.786837731,0.004369083,0.916834310,-0.029607621,0.398144633,955,537,312,1.577814636,1.530718582,0.933702005,0.933702005,0.000001708,1,0,ok,map,537,312,763,0,ok,45,TRACKING,162,0,0,-1,0,0,0,nan,nan,0,0,nan,nan,
1750921996.178148270,1,-2.736513950,-0.070536362,-0.773170314,0.004420891,0.919637224,-0.031243119,0.391499298,944,526,304,1.433354905,1.331135554,0.874094747,0.874094747,0.000001708,1,0,ok,map,526,304,763,0,ok,56,TRACKING,163,1,11,28,151,1,0,0.004027010,0.003587833,127,85,0.669291339,1.521945656,ok
1750921996.190148354,1,-2.748015247,-0.069949832,-0.755745300,0.004653769,0.922778225,-0.031342808,0.384026455,953,628,433,1.313101035,1.216713621,0.929349508,0.929349508,0.000001708,1,0,ok,map,628,433,749,0,ok,47,TRACKING,163,0,0,-1,0,0,0,nan,nan,0,0,nan,nan,
1750921996.202148438,1,-2.763711724,-0.069184337,-0.738656865,0.004198008,0.925835158,-0.030418678,0.376678033,962,620,407,1.409546249,1.295089580,0.919637202,0.919637202,0.000001708,1,0,ok,map,620,407,749,0,ok,38,TRACKING,163,0,0,-1,0,0,0,nan,nan,0,0,nan,nan,
1750921996.214148521,1,-2.778438939,-0.070192734,-0.722427872,0.003957223,0.928684374,-0.030095535,0.369626747,974,602,381,1.406132506,1.346281140,0.872713514,0.872713514,0.000001207,1,0,ok,map,602,381,749,0,ok,26,TRACKING,163,0,0,-1,0,0,0,nan,nan,0,0,nan,nan,
1750921996.226148605,1,-2.790425245,-0.068763904,-0.708233570,0.002785035,0.931502306,-0.029112693,0.362557786,973,585,372,1.425202957,1.315778046,0.889478914,0.889478914,0.000001708,1,0,ok,map,585,372,749,0,ok,27,TRACKING,163,0,0,-1,0,0,0,nan,nan,0,0,nan,nan,
1750921996.238148689,1,-2.800641948,-0.069542483,-0.694246122,0.001840890,0.934545769,-0.029257993,0.354633313,967,583,365,1.388558029,1.283836091,0.888129553,0.888129553,0.000001207,1,0,ok,map,583,365,749,0,ok,33,TRACKING,164,1,0,-1,0,0,0,nan,nan,0,0,nan,nan,
1750921996.250148773,1,-2.812208424,-0.069130918,-0.682560803,0.001671293,0.937289954,-0.029558477,0.347291009,959,645,469,1.113398563,0.974632212,0.899082672,0.899082672,0.000002091,1,0,ok,map,645,469,795,0,ok,41,TRACKING,164,0,0,-1,0,0,0,nan,nan,0,0,nan,nan,
1750921996.262148857,1,-2.825776433,-0.067469893,-0.664483902,0.001569809,0.939931308,-0.029724122,0.340063447,966,638,456,1.274651606,1.140066591,0.882075435,0.882075435,0.000001708,1,0,ok,map,638,456,795,0,ok,34,TRACKING,164,0,0,-1,0,0,0,nan,nan,0,0,nan,nan,
1750921996.274148941,1,-2.837077562,-0.068208291,-0.651701314,0.000956491,0.942553474,-0.030502745,0.332658407,975,632,433,1.337321526,1.224524721,0.907324376,0.907324377,0.000000000,1,0,ok,map,632,433,795,0,ok,25,TRACKING,164,0,0,-1,0,0,0,nan,nan,0,0,nan,nan,
1750921996.286149025,1,-2.850075431,-0.067336428,-0.633309818,0.000375743,0.945200043,-0.030685319,0.325046379,975,622,430,1.407067517,1.370090501,0.926125634,0.926125634,0.000001207,1,0,ok,map,622,430,795,0,ok,25,TRACKING,164,0,0,-1,0,0,0,nan,nan,0,0,nan,nan,
1750921996.298149109,1,-2.862860018,-0.066684813,-0.616469552,0.000779967,0.947756790,-0.031116381,0.317471619,973,615,430,1.366622560,1.306777088,0.918617748,0.918617748,0.000002091,1,0,ok,map,615,430,795,0,ok,27,TRACKING,164,0,0,-1,0,0,0,nan,nan,0,0,nan,nan,
1750921996.310149193,1,-2.874147253,-0.066991266,-0.600825214,0.001096697,0.950201658,-0.031498652,0.310037807,979,608,409,1.282336497,1.199085873,0.898544711,0.898544711,0.000001708,1,0,ok,map,608,409,795,0,ok,21,TRACKING,164,0,0,-1,0,0,0,nan,nan,0,0,nan,nan,
1750921996.322149277,1,-2.881446754,-0.063631059,-0.593059155,0.000773546,0.952708655,-0.031714804,0.302224738,975,606,395,1.287367567,1.127895960,0.941330433,0.941330433,0.000001708,1,0,ok,map,606,395,795,0,ok,25,TRACKING,164,0,0,-1,0,0,0,nan,nan,0,0,nan,nan,
1750921996.334149361,1,-2.895889677,-0.065948155,-0.569694924,0.001124327,0.955089197,-0.033225368,0.294447680,969,595,370,1.361791820,1.204198055,0.948793624,0.948793624,0.000001207,1,0,ok,map,595,370,795,0,ok,31,TRACKING,164,0,0,-1,0,0,0,nan,nan,0,0,nan,nan,
1750921996.346149445,1,-2.901445195,-0.067300140,-0.558021774,0.000855560,0.957408986,-0.034002677,0.286724813,971,587,352,1.431881888,1.328445807,0.861317984,0.861317984,0.000001708,1,0,ok,map,587,352,795,0,ok,29,TRACKING,165,1,0,-1,0,0,0,nan,nan,0,0,nan,nan,
1750921996.358149529,1,-2.912220972,-0.067182212,-0.539259657,0.000564501,0.959770055,-0.032377785,0.278913611,985,706,488,1.239057130,1.116813358,0.954038697,0.954038697,0.000001708,1,0,ok,map,706,488,877,0,ok,15,TRACKING,165,0,0,-1,0,0,0,nan,nan,0,0,nan,nan,
1750921996.370149612,1,-2.919488948,-0.064727386,-0.525436314,-0.000141835,0.961897070,-0.031796305,0.271556628,970,689,475,1.499049081,1.479357012,0.883817528,0.883817528,0.000001708,1,0,ok,map,689,475,877,0,ok,30,TRACKING,165,0,0,-1,0,0,0,nan,nan,0,0,nan,nan,
1750921996.382149696,1,-2.931154431,-0.065277809,-0.508072088,-0.000914255,0.963855835,-0.032595621,0.264421290,931,639,442,1.345663891,1.261127337,0.857414546,0.857414546,0.000001708,1,0,ok,map,639,442,877,0,ok,69,TRACKING,165,0,0,-1,0,0,0,nan,nan,0,0,nan,nan,
1750921996.394149780,1,-2.943358034,-0.065027394,-0.489369643,-0.001788824,0.965899492,-0.032593067,0.256851442,972,634,436,1.370330285,1.255981424,0.904070983,0.904070983,0.000002415,1,0,ok,map,634,436,877,0,ok,28,TRACKING,165,0,0,-1,0,0,0,nan,nan,0,0,nan,nan,
1750921996.406149864,1,-2.952508335,-0.064917123,-0.471725039,-0.001560565,0.967887657,-0.032430660,0.249277556,971,629,412,1.321448281,1.242928224,0.897884214,0.897884214,0.000002700,1,0,ok,map,629,412,877,0,ok,29,TRACKING,165,0,0,-1,0,0,0,nan,nan,0,0,nan,nan,
1750921996.418149948,1,-2.962488445,-0.066569897,-0.453487339,-0.001267775,0.969740351,-0.032396659,0.241976239,979,620,396,1.327952937,1.201732185,0.863847488,0.863847488,0.000001708,1,0,ok,map,620,396,877,0,ok,21,TRACKING,165,0,0,-1,0,0,0,nan,nan,0,0,nan,nan,
1750921996.430150032,1,-2.970940625,-0.065083258,-0.439365087,-0.001588229,0.971560162,-0.031988047,0.234616910,978,618,393,1.418394054,1.391581264,0.870755314,0.870755314,0.000000000,1,0,ok,map,618,393,877,0,ok,22,TRACKING,165,0,0,-1,0,0,0,nan,nan,0,0,nan,nan,
1750921996.442150116,1,-2.978052688,-0.062754215,-0.426095415,-0.003571580,0.973239892,-0.032523846,0.227450117,977,613,378,1.619428122,1.615046610,0.875748427,0.875748427,0.000001708,1,0,ok,map,613,378,877,0,ok,23,TRACKING,165,0,0,-1,0,0,0,nan,nan,0,0,nan,nan,
1750921996.454150200,1,-2.987623808,-0.063718849,-0.406984338,-0.004220258,0.974889969,-0.034509449,0.219956441,957,601,358,1.611633147,1.664900340,0.911285180,0.911285180,0.000002700,1,0,ok,map,601,358,877,0,ok,43,TRACKING,165,0,0,-1,0,0,0,nan,nan,0,0,nan,nan,
1750921996.466150284,1,-2.996927968,-0.063008084,-0.395274877,-0.002601005,0.976608004,-0.034983714,0.212146605,973,600,354,1.527692577,1.464684228,0.936518503,0.936518503,0.000002091,1,0,ok,map,600,354,877,0,ok,27,TRACKING,165,0,0,-1,0,0,0,nan,nan,0,0,nan,nan,
1750921996.478150368,1,-3.000934720,-0.064216710,-0.371382023,-0.002874622,0.978121151,-0.035123044,0.205029566,965,590,346,1.537417378,1.511130382,0.804188451,0.804188451,0.000000000,1,0,ok,map,590,346,877,0,ok,35,TRACKING,166,1,0,-1,0,0,0,nan,nan,0,0,nan,nan,
1750921996.490150452,1,-3.009031347,-0.062583437,-0.353049312,-0.004321166,0.979707984,-0.033869160,0.197500567,976,718,491,1.269615827,1.115396874,0.908595527,0.908595527,0.000002415,1,0,ok,map,718,491,955,0,ok,24,TRACKING,166,0,0,-1,0,0,0,nan,nan,0,0,nan,nan,
1750921996.502150536,1,-3.016469051,-0.058615556,-0.337458095,-0.005501131,0.981117682,-0.033345272,0.190436141,972,705,455,1.541384606,1.496869848,0.838637795,0.838637795,0.000000000,1,0,ok,map,705,455,955,0,ok,28,TRACKING,166,0,0,-1,0,0,0,nan,nan,0,0,nan,nan,
1750921996.514150620,1,-3.023322140,-0.062047443,-0.314577712,-0.005616734,0.982439976,-0.034482614,0.183278739,978,693,445,1.619239785,1.569678156,0.844284141,0.844284141,0.000001708,1,0,ok,map,693,445,955,0,ok,22,TRACKING,166,0,0,-1,0,0,0,nan,nan,0,0,nan,nan,
1750921996.526150703,1,-3.030781462,-0.065820074,-0.299633239,-0.005216491,0.983755023,-0.034181446,0.176154679,978,681,427,1.518219121,1.484934331,0.832132817,0.832132817,0.000002415,1,0,ok,map,681,427,955,0,ok,22,TRACKING,166,0,0,-1,0,0,0,nan,nan,0,0,nan,nan,
1750921996.538150787,1,-3.036854515,-0.064693736,-0.285967522,-0.005094684,0.985082481,-0.032624326,0.168885176,975,671,420,1.470452019,1.416965275,0.865508118,0.865508118,0.000002700,1,0,ok,map,671,420,955,0,ok,25,TRACKING,166,0,0,-1,0,0,0,nan,nan,0,0,nan,nan,
1750921996.550150871,1,-3.044177056,-0.060655007,-0.261106064,-0.006098373,0.986237640,-0.032208904,0.162051575,966,657,386,1.609341557,1.615791003,0.803879672,0.803879672,0.000002415,1,0,ok,map,657,386,955,0,ok,34,TRACKING,166,0,0,-1,0,0,0,nan,nan,0,0,nan,nan,
1750921996.562150955,1,-3.049244014,-0.060534045,-0.248152209,-0.008279559,0.987261614,-0.033767634,0.155260106,960,640,369,1.607019147,1.613558594,0.844875053,0.844875053,0.000001708,1,0,ok,map,640,369,955,0,ok,40,TRACKING,166,0,0,-1,0,0,0,nan,nan,0,0,nan,nan,
1750921996.574151039,1,-3.055132336,-0.061865089,-0.222553395,-0.009145814,0.988251784,-0.034920014,0.148510463,965,628,359,1.619331543,1.538421311,0.798997370,0.798997370,0.000001207,1,0,ok,map,628,359,955,0,ok,35,TRACKING,166,0,0,-1,0,0,0,nan,nan,0,0,nan,nan,
1750921996.586151123,1,-3.062980216,-0.066672588,-0.200111001,-0.007064242,0.989303385,-0.034627643,0.141526802,985,625,345,1.609497216,1.643902593,0.844377626,0.844377626,0.000002415,1,0,ok,map,625,345,955,0,ok,15,TRACKING,166,0,0,-1,0,0,0,nan,nan,0,0,nan,nan,
1750921996.598151207,1,-3.066087743,-0.065826631,-0.191395923,-0.006252786,0.990340092,-0.032041539,0.134761809,976,611,340,1.587209078,1.602050598,0.843525681,0.843525681,0.000002091,1,0,ok,map,611,340,955,0,ok,24,TRACKING,166,0,0,-1,0,0,0,nan,nan,0,0,nan,nan,
1750921996.610151291,1,-3.071200705,-0.059080617,-0.167410731,-0.006877904,0.991262405,-0.030021304,0.128258570,983,603,307,1.687778637,1.715499435,0.790723967,0.790723967,0.000001708,1,0,ok,map,603,307,955,0,ok,17,TRACKING,166,0,0,-1,0,0,0,nan,nan,0,0,nan,nan,
1750921996.622151375,1,-3.071159008,-0.050564786,-0.160421210,-0.007383708,0.992058991,-0.031114592,0.121640134,949,584,264,1.661119819,1.692321932,0.792151842,0.792151842,0.000000000,1,0,ok,map,584,264,955,0,ok,51,TRACKING,167,1,0,-1,0,0,0,nan,nan,0,0,nan,nan,
1750921996.634151459,1,-3.074986216,-0.051230637,-0.141326162,-0.007302243,0.992781758,-0.034241782,0.114710759,966,755,485,1.229582864,1.123484769,0.875144027,0.875144027,0.000001207,1,0,ok,map,755,485,1079,0,ok,34,TRACKING,167,0,0,-1,0,0,0,nan,nan,0,0,nan,nan,
1750921996.646151543,1,-3.078495635,-0.051535656,-0.118104438,-0.005931546,0.993520583,-0.035950123,0.107653411,969,741,469,1.341641202,1.234213567,0.850988089,0.850988089,0.000001708,1,0,ok,map,741,469,1079,0,ok,31,TRACKING,167,0,0,-1,0,0,0,nan,nan,0,0,nan,nan,
1750921996.658151627,1,-3.082985769,-0.060006715,-0.097883550,-0.006076844,0.994226712,-0.036072804,0.100871549,974,730,428,1.585066234,1.558094075,0.781650706,0.781650706,0.000002091,1,0,ok,map,730,428,1079,0,ok,26,TRACKING,167,0,0,-1,0,0,0,nan,nan,0,0,nan,nan,
1750921996.670151711,1,-3.085207566,-0.059647394,-0.085049267,-0.008117955,0.994958459,-0.033569307,0.094153418,979,719,424,1.585791789,1.570392111,0.858310033,0.858310033,0.000001708,1,0,ok,map,719,424,1079,0,ok,21,TRACKING,167,0,0,-1,0,0,0,nan,nan,0,0,nan,nan,
1750921996.682151794,1,-3.088139166,-0.049624998,-0.060804955,-0.007843156,0.995683265,-0.031787226,0.086849825,963,697,374,1.513954590,1.448752854,0.866053134,0.866053134,0.000002091,1,0,ok,map,697,374,1079,0,ok,37,TRACKING,167,0,0,-1,0,0,0,nan,nan,0,0,nan,nan,
1750921996.694151878,1,-3.090367683,-0.048877860,-0.046501746,-0.006595461,0.996228056,-0.033263389,0.079873071,965,681,374,1.529389366,1.498579144,0.831937286,0.831937286,0.000001708,1,0,ok,map,681,374,1079,0,ok,35,TRACKING,167,0,0,-1,0,0,0,nan,nan,0,0,nan,nan,
1750921996.706151962,1,-3.092172100,-0.047842333,-0.024192646,-0.006526427,0.996701519,-0.034562522,0.073136310,957,660,365,1.538026040,1.505632245,0.788110135,0.788110135,0.000001708,1,0,ok,map,660,365,1079,0,ok,43,TRACKING,167,0,0,-1,0,0,0,nan,nan,0,0,nan,nan,
1750921996.718152046,1,-3.093328809,-0.050735152,0.003683599,-0.006369082,0.997183929,-0.035000547,0.066019751,938,628,344,1.602410205,1.614091768,0.819109054,0.819109054,0.000002415,1,0,ok,map,628,344,1079,0,ok,62,TRACKING,167,0,0,-1,0,0,0,nan,nan,0,0,nan,nan,
1750921996.730152130,1,-3.094900874,-0.055979510,0.013935482,-0.006292632,0.997624531,-0.034635040,0.059212429,979,624,325,1.678819776,1.684497614,0.782865666,0.782865666,0.000000000,1,0,ok,map,624,325,1079,0,ok,21,TRACKING,167,0,0,-1,0,0,0,nan,nan,0,0,nan,nan,
1750921996.742152214,1,-3.097037613,-0.053288533,0.029422637,-0.007283560,0.998059317,-0.033142850,0.052212070,987,615,329,1.699721984,1.735571120,0.829526357,0.829526357,0.000001708,1,0,ok,map,615,329,1079,0,ok,13,TRACKING,167,0,0,-1,0,0,0,nan,nan,0,0,nan,nan,
1750921996.754152298,1,-3.096787842,-0.047246754,0.060801779,-0.007292395,0.998431546,-0.032017432,0.045344831,967,607,310,1.664976439,1.692257999,0.798567202,0.798567202,0.000001708,1,0,ok,map,607,310,1079,0,ok,33,TRACKING,167,0,0,-1,0,0,0,nan,nan,0,0,nan,nan,
1750921996.766152382,1,-3.096562776,-0.043019450,0.080058325,-0.006366772,0.998701631,-0.032846095,0.038414202,976,601,303,1.730332991,1.708537509,0.807445621,0.807445621,0.000002091,1,0,ok,map,601,303,1079,0,ok,24,TRACKING,167,0,0,-1,0,0,0,nan,nan,0,0,nan,nan,
1750921996.778152466,1,-3.093584034,-0.048788774,0.102214646,-0.005907145,0.998909910,-0.033174709,0.032303808,972,587,285,1.688886290,1.699526578,0.773725042,0.773725042,0.000002415,1,0,ok,map,587,285,1079,0,ok,28,TRACKING,168,1,0,-1,0,0,0,nan,nan,0,0,nan,nan,
1750921996.790152550,1,-3.093689624,-0.045023034,0.123060206,-0.006268956,0.999118388,-0.032801981,0.025439655,990,720,457,1.302353154,1.187528341,0.789186341,0.789186341,0.000001708,1,0,ok,map,720,457,1151,0,ok,10,TRACKING,168,0,0,-1,0,0,0,nan,nan,0,0,nan,nan,
1750921996.802152634,1,-3.093179065,-0.045126519,0.142353572,-0.005786272,0.999249998,-0.033391865,0.018733514,978,710,445,1.359286576,1.262074287,0.773563237,0.773563237,0.000001708,1,0,ok,map,710,445,1151,0,ok,22,TRACKING,168,0,0,-1,0,0,0,nan,nan,0,0,nan,nan,
1750921996.814152718,1,-3.091953781,-0.048853704,0.166190277,-0.005114362,0.999339378,-0.033868640,0.012147710,994,708,440,1.498597078,1.518993052,0.760630316,0.760630316,0.000002091,1,0,ok,map,708,440,1151,0,ok,6,TRACKING,168,0,0,-1,0,0,0,nan,nan,0,0,nan,nan,
1750921996.826152802,1,-3.091544544,-0.047326252,0.184213906,-0.005525007,0.999455483,-0.032110237,0.005210062,983,704,434,1.575513208,1.586553976,0.821592430,0.821592430,0.000002091,1,0,ok,map,704,434,1151,0,ok,17,TRACKING,168,0,0,-1,0,0,0,nan,nan,0,0,nan,nan,
1750921996.838152885,1,-3.089851315,-0.039542439,0.209678643,-0.006564096,0.999486025,-0.031344056,-0.001465650,970,694,384,1.617106547,1.603713240,0.779163416,0.779163416,0.000001708,1,0,ok,map,694,384,1151,0,ok,30,TRACKING,168,0,0,-1,0,0,0,nan,nan,0,0,nan,nan,
1750921996.850152969,1,-3.089085370,-0.040088090,0.220650515,-0.006343971,0.999398844,-0.033063797,-0.008275833,977,684,372,1.546492272,1.503653803,0.805346001,0.805346001,0.000001708,1,0,ok,map,684,372,1151,0,ok,23,TRACKING,168,0,0,-1,0,0,0,nan,nan,0,0,nan,nan,
1750921996.862153053,1,-3.086345043,-0.040967082,0.248140059,-0.005231386,0.999269295,-0.034661046,-0.015235502,967,672,366,1.629886529,1.669562913,0.828260497,0.828260497,0.000001207,1,0,ok,map,672,366,1151,0,ok,33,TRACKING,168,0,0,-1,0,0,0,nan,nan,0,0,nan,nan,
1750921996.874153137,1,-3.084636499,-0.044227450,0.262935689,-0.004594214,0.999144491,-0.034631134,-0.022132886,967,658,356,1.595883655,1.614835202,0.793885048,0.793885048,0.000001207,1,0,ok,map,658,356,1151,0,ok,33,TRACKING,168,0,0,-1,0,0,0,nan,nan,0,0,nan,nan,
1750921996.886153221,1,-3.081559984,-0.041065863,0.287329451,-0.004740797,0.998998882,-0.033691153,-0.029045897,960,639,341,1.701028312,1.707839318,0.799814407,0.799814407,0.000001207,1,0,ok,map,639,341,1151,0,ok,40,TRACKING,168,0,0,-1,0,0,0,nan,nan,0,0,nan,nan,
1750921996.898153305,1,-3.079373845,-0.041741593,0.304667113,-0.005823372,0.998773996,-0.033887865,-0.035611867,943,620,335,1.683370681,1.717790182,0.763332599,0.763332599,0.000001708,1,0,ok,map,620,335,1151,0,ok,57,TRACKING,168,0,0,-1,0,0,0,nan,nan,0,0,nan,nan,
1750921996.910153389,1,-3.075593905,-0.042313271,0.328193257,-0.006739048,0.998505294,-0.033707592,-0.042491896,957,602,332,1.712808464,1.775108591,0.796210611,0.796210611,0.000001708,1,0,ok,map,602,332,1151,0,ok,43,TRACKING,168,0,0,-1,0,0,0,nan,nan,0,0,nan,nan,
1750921996.922153473,1,-3.069060624,-0.040594863,0.345507051,-0.006207125,0.998228474,-0.033792911,-0.048573899,965,588,316,1.680272363,1.713786433,0.824949323,0.824949323,0.000001207,1,0,ok,map,588,316,1151,0,ok,35,TRACKING,169,1,0,-1,0,0,0,nan,nan,0,0,nan,nan,
1750921996.934153557,1,-3.065160908,-0.039841130,0.367694289,-0.006331469,0.997855193,-0.034545501,-0.055240704,963,654,426,1.316268625,1.184894775,0.770134220,0.770134220,0.000001708,1,0,ok,map,654,426,1159,0,ok,37,TRACKING,169,0,0,-1,0,0,0,nan,nan,0,0,nan,nan,
1750921996.946153641,1,-3.060924746,-0.039942153,0.388373044,-0.007084287,0.997445775,-0.034495134,-0.062143588,969,645,405,1.403669737,1.353941031,0.797106751,0.797106751,0.000001708,1,0,ok,map,645,405,1159,0,ok,31,TRACKING,169,0,0,-1,0,0,0,nan,nan,0,0,nan,nan,
1750921996.958153725,1,-3.055911033,-0.040578252,0.411335896,-0.006981060,0.996988772,-0.034445180,-0.069124403,959,629,401,1.466104873,1.425847760,0.801764169,0.801764169,0.000002091,1,0,ok,map,629,401,1159,0,ok,41,TRACKING,169,0,0,-1,0,0,0,nan,nan,0,0,nan,nan,
1750921996.970153809,1,-3.049693662,-0.040525557,0.436847566,-0.006416663,0.996528331,-0.033772210,-0.075825780,973,619,386,1.549806734,1.559233940,0.776285416,0.776285416,0.000002091,1,0,ok,map,619,386,1159,0,ok,27,TRACKING,169,0,0,-1,0,0,0,nan,nan,0,0,nan,nan,
1750921996.982153893,1,-3.045050506,-0.039477867,0.457482181,-0.006222810,0.996012743,-0.032470906,-0.082858506,967,605,382,1.546481937,1.506805515,0.821999879,0.821999879,0.000002415,1,0,ok,map,605,382,1159,0,ok,33,TRACKING,169,0,0,-1,0,0,0,nan,nan,0,0,nan,nan,
1750921996.994153976,1,-3.038753017,-0.038244226,0.467750867,-0.006457192,0.995578324,-0.031513427,-0.088255367,962,591,350,1.525516240,1.446697628,0.778018086,0.778018086,0.000002091,1,0,ok,map,591,350,1159,0,ok,38,TRACKING,170,1,0,-1,0,0,0,nan,nan,0,0,nan,nan,
1750921997.006154060,1,-3.033704122,-0.036705295,0.488503049,-0.006366890,0.994921979,-0.032216757,-0.095140938,963,655,441,1.244685211,1.103708594,0.796760833,0.796760833,0.000001708,1,0,ok,map,655,441,1038,0,ok,37,TRACKING,170,0,0,-1,0,0,0,nan,nan,0,0,nan,nan,
1750921997.018154144,1,-3.027547211,-0.039768638,0.509068908,-0.006201037,0.994188546,-0.033550335,-0.102103165,958,638,421,1.336270163,1.241976518,0.816875287,0.816875287,0.000001708,1,0,ok,map,638,421,1038,0,ok,42,TRACKING,170,0,0,-1,0,0,0,nan,nan,0,0,nan,nan,
1750921997.030154228,1,-3.020239197,-0.038139262,0.531937925,-0.006652548,0.993473514,-0.033192884,-0.108923609,958,626,403,1.462111978,1.389824296,0.788616053,0.788616053,0.000001207,1,0,ok,map,626,403,1038,0,ok,42,TRACKING,170,0,0,-1,0,0,0,nan,nan,0,0,nan,nan,
1750921997.042154312,1,-3.015447635,-0.039704827,0.550356870,-0.006766546,0.992674653,-0.033228079,-0.115961812,960,608,391,1.500781376,1.405749358,0.811814031,0.811814031,0.000002415,1,0,ok,map,608,391,1038,0,ok,40,TRACKING,170,0,0,-1,0,0,0,nan,nan,0,0,nan,nan,
1750921997.054154396,1,-3.002677218,-0.040523223,0.574294120,-0.006863833,0.992106680,-0.032328111,-0.120963284,956,591,366,1.440824587,1.310969038,0.758161786,0.758161786,0.000002415,1,0,ok,map,591,366,1038,0,ok,44,TRACKING,171,1,0,-1,0,0,0,nan,nan,0,0,nan,nan,
1750921997.066154480,1,-2.997941907,-0.038661581,0.592491041,-0.006180992,0.991292980,-0.030037385,-0.128053809,967,626,461,1.160539554,0.986773762,0.862499371,0.862499371,0.000001708,1,0,ok,map,626,461,969,0,ok,33,TRACKING,171,0,0,-1,0,0,0,nan,nan,0,0,nan,nan,
1750921997.078154564,1,-2.991597009,-0.038346825,0.610933567,-0.006370120,0.990439610,-0.029298173,-0.134649239,974,623,417,1.347946828,1.258323755,0.767081576,0.767081576,0.000001708,1,0,ok,map,623,417,969,0,ok,26,TRACKING,171,0,0,-1,0,0,0,nan,nan,0,0,nan,nan,
1750921997.090154648,1,-2.984894357,-0.039951091,0.629972445,-0.006694785,0.989514175,-0.029783912,-0.141172926,962,613,410,1.404680912,1.356862496,0.758007625,0.758007625,0.000002415,1,0,ok,map,613,410,969,0,ok,38,TRACKING,171,0,0,-1,0,0,0,nan,nan,0,0,nan,nan,
1750921997.102154732,1,-2.976846940,-0.038290441,0.650189333,-0.006724459,0.988517751,-0.029128041,-0.148118179,954,606,399,1.439243103,1.353201816,0.807530373,0.807530373,0.000001708,1,0,ok,map,606,399,969,0,ok,46,TRACKING,171,0,0,-1,0,0,0,nan,nan,0,0,nan,nan,
1750921997.114154816,1,-2.970497619,-0.037932420,0.666908097,-0.006288273,0.987478475,-0.029216228,-0.154897166,951,596,399,1.452230518,1.414561498,0.787544819,0.787544819,0.000001708,1,0,ok,map,596,399,969,0,ok,49,TRACKING,171,0,0,-1,0,0,0,nan,nan,0,0,nan,nan,
1750921997.126154900,1,-2.957503667,-0.038353754,0.688678523,-0.006510047,0.986725043,-0.028817264,-0.159689934,972,595,391,1.422946686,1.348756376,0.762673504,0.762673504,0.000000000,1,0,ok,map,595,391,969,0,ok,28,TRACKING,172,1,0,-1,0,0,0,nan,nan,0,0,nan,nan,
1750921997.138154984,1,-2.949437104,-0.037697518,0.710794384,-0.006557821,0.985608246,-0.028192484,-0.166548985,966,578,451,1.185482696,1.057893383,0.799572017,0.799572017,0.000001207,1,0,ok,map,578,451,727,0,ok,34,TRACKING,172,0,0,-1,0,0,0,nan,nan,0,0,nan,nan,
1750921997.150155067,1,-2.940148262,-0.037500615,0.728837297,-0.007407899,0.984510942,-0.027233366,-0.173036619,948,576,434,1.346582277,1.236502586,0.768158240,0.768158240,0.000000000,1,0,ok,map,576,434,727,0,ok,52,TRACKING,172,0,0,-1,0,0,0,nan,nan,0,0,nan,nan,
1750921997.162155151,1,-2.933267606,-0.036203991,0.746803876,-0.007457564,0.983283501,-0.026960763,-0.179919589,964,575,419,1.384966145,1.284175503,0.801804135,0.801804135,0.000002415,1,0,ok,map,575,419,727,0,ok,36,TRACKING,172,0,0,-1,0,0,0,nan,nan,0,0,nan,nan,
1750921997.174155235,1,-2.925346811,-0.036069440,0.765971015,-0.007524672,0.981983426,-0.027369726,-0.186822988,972,574,405,1.414427561,1.298264482,0.806378411,0.806378411,0.000000000,1,0,ok,map,574,405,727,0,ok,28,TRACKING,172,0,0,-1,0,0,0,nan,nan,0,0,nan,nan,
1750921997.186155319,1,-2.910923129,-0.033782992,0.788435428,-0.008061331,0.981026198,-0.027282438,-0.191776647,981,574,407,1.397787568,1.272546695,0.812355318,0.812355318,0.000002091,1,0,ok,map,574,407,727,0,ok,19,TRACKING,173,1,5,107,124,1,0,0.008581389,0.003867489,71,49,0.690140845,1.468590630,ok
1750921997.198155403,1,-2.893671380,-0.032023410,0.802705571,-0.009596950,0.979661569,-0.028326132,-0.198415573,969,627,446,1.599772399,1.571630835,0.805287502,0.805287502,0.000001207,1,0,ok,map,627,446,650,0,ok,31,TRACKING,173,0,0,-1,0,0,0,nan,nan,0,0,nan,nan,
1750921997.210155487,1,-2.885902493,-0.032438494,0.819487066,-0.010184225,0.978284093,-0.028006424,-0.205114981,978,627,420,1.638108979,1.575555954,0.787493260,0.787493260,0.000000000,1,0,ok,map,627,420,650,0,ok,22,TRACKING,173,0,0,-1,0,0,0,nan,nan,0,0,nan,nan,
1750921997.222155571,1,-2.875290614,-0.032207279,0.840560651,-0.009946676,0.976821204,-0.027343943,-0.212070056,970,624,389,1.661041527,1.633666698,0.818416754,0.818416754,0.000001708,1,0,ok,map,624,389,650,0,ok,30,TRACKING,173,0,0,-1,0,0,0,nan,nan,0,0,nan,nan,
1750921997.234155655,1,-2.865790941,-0.031169952,0.856194402,-0.009191464,0.975377269,-0.026358605,-0.218769113,967,622,372,1.661638179,1.625077858,0.798068740,0.798068740,0.000001207,1,0,ok,map,622,372,650,0,ok,33,TRACKING,173,0,0,-1,0,0,0,nan,nan,0,0,nan,nan,
1750921997.246155739,1,-2.855133078,-0.028896026,0.873176153,-0.008679895,0.973833950,-0.026831765,-0.225504222,947,612,354,1.626315740,1.634437682,0.795807677,0.795807677,0.000001708,1,0,ok,map,612,354,650,0,ok,53,TRACKING,173,0,0,-1,0,0,0,nan,nan,0,0,nan,nan,
1750921997.258155823,1,-2.844411636,-0.030175077,0.891210571,-0.009416555,0.972256168,-0.028023423,-0.232043015,956,605,356,1.618629791,1.625380273,0.787337476,0.787337476,0.000000000,1,0,ok,map,605,356,650,0,ok,44,TRACKING,173,0,0,-1,0,0,0,nan,nan,0,0,nan,nan,
1750921997.270155907,1,-2.832304174,-0.030019269,0.909366306,-0.010415811,0.970598876,-0.028379028,-0.238796909,958,599,346,1.684401725,1.665986486,0.806116171,0.806116171,0.000001708,1,0,ok,map,599,346,650,0,ok,42,TRACKING,173,0,0,-1,0,0,0,nan,nan,0,0,nan,nan,
1750921997.282155991,1,-2.822355289,-0.031458551,0.928521546,-0.010262163,0.968943021,-0.028899270,-0.245375106,966,590,319,1.620691000,1.590504414,0.799150702,0.799150702,0.000001708,1,0,ok,map,590,319,650,0,ok,34,TRACKING,174,1,0,-1,0,0,0,nan,nan,0,0,nan,nan,
1750921997.294156075,1,-2.808747802,-0.030734879,0.949024983,-0.010457832,0.967232409,-0.028498538,-0.252071289,940,662,448,1.337943834,1.274681993,0.793616913,0.793616913,0.000001708,1,0,ok,map,662,448,735,0,ok,60,TRACKING,174,0,0,-1,0,0,0,nan,nan,0,0,nan,nan,
1750921997.306156158,1,-2.797272877,-0.030312885,0.966243119,-0.010555199,0.965491498,-0.028111817,-0.258697662,935,635,432,1.394457757,1.325037270,0.786425455,0.786425455,0.000001207,1,0,ok,map,635,432,735,0,ok,65,TRACKING,174,0,0,-1,0,0,0,nan,nan,0,0,nan,nan,
1750921997.318156242,1,-2.786525043,-0.029053374,0.982216387,-0.010486624,0.963657755,-0.028071393,-0.265453873,959,619,420,1.500513458,1.462321187,0.802268066,0.802268066,0.000001708,1,0,ok,map,619,420,735,0,ok,41,TRACKING,174,0,0,-1,0,0,0,nan,nan,0,0,nan,nan,
1750921997.330156326,1,-2.773245513,-0.027754214,0.999457609,-0.010643813,0.961782530,-0.028619052,-0.272106642,966,613,405,1.465821547,1.400098833,0.794745452,0.794745452,0.000001708,1,0,ok,map,613,405,735,0,ok,34,TRACKING,174,0,0,-1,0,0,0,nan,nan,0,0,nan,nan,
1750921997.342156410,1,-2.760582543,-0.029138703,1.018635697,-0.010163552,0.959815454,-0.030188366,-0.278818326,931,575,384,1.532925817,1.454034847,0.832437343,0.832437343,0.000002415,1,0,ok,map,575,384,735,0,ok,69,TRACKING,175,1,0,-1,0,0,0,nan,nan,0,0,nan,nan,
1750921997.354156494,1,-2.747483528,-0.030405313,1.035760033,-0.010735693,0.957842153,-0.031340114,-0.285378613,944,695,532,1.256696931,1.092789826,0.798739765,0.798739765,0.000002091,1,0,ok,map,695,532,845,0,ok,56,TRACKING,175,0,0,-1,0,0,0,nan,nan,0,0,nan,nan,
1750921997.366156578,1,-2.734724798,-0.031664588,1.052746049,-0.011112158,0.955851507,-0.030984856,-0.292000609,960,678,502,1.362158566,1.242378820,0.794588345,0.794588345,0.000000000,1,0,ok,map,678,502,845,0,ok,40,TRACKING,175,0,0,-1,0,0,0,nan,nan,0,0,nan,nan,
1750921997.378156662,1,-2.720753946,-0.030679663,1.070241010,-0.011729116,0.953881726,-0.029533132,-0.298496023,961,663,477,1.396792255,1.310235269,0.798521321,0.798521321,0.000001207,1,0,ok,map,663,477,845,0,ok,39,TRACKING,175,0,0,-1,0,0,0,nan,nan,0,0,nan,nan,
1750921997.390156746,1,-2.706820433,-0.028895222,1.087539321,-0.011376897,0.951799977,-0.029211900,-0.305113151,949,642,439,1.437681058,1.362374681,0.796782270,0.796782270,0.000000000,1,0,ok,map,642,439,845,0,ok,51,TRACKING,175,0,0,-1,0,0,0,nan,nan,0,0,nan,nan,
1750921997.402156830,1,-2.692683053,-0.029283547,1.103699776,-0.011437089,0.949688912,-0.030055805,-0.311539422,934,626,408,1.399139749,1.313686777,0.781154156,0.781154156,0.000002091,1,0,ok,map,626,408,845,0,ok,66,TRACKING,175,0,0,-1,0,0,0,nan,nan,0,0,nan,nan,
1750921997.414156914,1,-2.677258346,-0.028590489,1.121790618,-0.011223359,0.947471056,-0.029827145,-0.318249862,977,620,394,1.430973282,1.276948286,0.810666044,0.810666044,0.000001708,1,0,ok,map,620,394,845,0,ok,23,TRACKING,175,0,0,-1,0,0,0,nan,nan,0,0,nan,nan,
1750921997.426156998,1,-2.665367266,-0.028771621,1.137389493,-0.011039200,0.945282623,-0.030628453,-0.324624084,945,594,363,1.398165553,1.276491651,0.783528188,0.783528188,0.000001207,1,0,ok,map,594,363,845,0,ok,55,TRACKING,176,1,0,-1,0,0,0,nan,nan,0,0,nan,nan,
1750921997.438157082,1,-2.648555925,-0.029385305,1.154434073,-0.010734471,0.942991804,-0.030934620,-0.331201265,932,676,474,1.201827845,1.058902152,0.799631966,0.799631966,0.000001207,1,0,ok,map,676,474,934,0,ok,68,TRACKING,176,0,0,-1,0,0,0,nan,nan,0,0,nan,nan,
1750921997.450157166,1,-2.634635951,-0.029331853,1.169480782,-0.010159056,0.940635628,-0.030721214,-0.337872189,959,666,457,1.266084487,1.131841017,0.813758658,0.813758658,0.000001207,1,0,ok,map,666,457,934,0,ok,41,TRACKING,176,0,0,-1,0,0,0,nan,nan,0,0,nan,nan,
1750921997.462157249,1,-2.617793661,-0.028916754,1.185129176,-0.010895816,0.938383479,-0.029269435,-0.344181677,958,658,432,1.357275896,1.232292885,0.790037770,0.790037770,0.000001708,1,0,ok,map,658,432,934,0,ok,42,TRACKING,176,0,0,-1,0,0,0,nan,nan,0,0,nan,nan,
1750921997.474157333,1,-2.604482113,-0.028234900,1.200504672,-0.010676382,0.935970680,-0.027918917,-0.350806835,952,629,417,1.402577755,1.272153659,0.823040216,0.823040216,0.000001207,1,0,ok,map,629,417,934,0,ok,48,TRACKING,176,0,0,-1,0,0,0,nan,nan,0,0,nan,nan,
1750921997.486157417,1,-2.590440213,-0.027434381,1.212125619,-0.010143237,0.933423613,-0.028149736,-0.357526316,941,607,388,1.367855927,1.311355294,0.826146417,0.826146417,0.000001708,1,0,ok,map,607,388,934,0,ok,59,TRACKING,176,0,0,-1,0,0,0,nan,nan,0,0,nan,nan,
1750921997.498157501,1,-2.571249466,-0.027420416,1.231081674,-0.009815952,0.930861200,-0.029553460,-0.364043496,959,595,368,1.338668205,1.228829940,0.819288565,0.819288565,0.000002091,1,0,ok,map,595,368,934,0,ok,41,TRACKING,176,0,0,-1,0,0,0,nan,nan,0,0,nan,nan,
1750921997.510157585,1,-2.555634135,-0.029212865,1.247375833,-0.009958968,0.928265855,-0.030090499,-0.370564276,954,571,347,1.306851822,1.186527817,0.807683905,0.807683905,0.000000000,1,0,ok,map,571,347,934,0,ok,46,TRACKING,177,1,0,-1,0,0,0,nan,nan,0,0,nan,nan,
1750921997.522157669,1,-2.537443141,-0.027020570,1.263297734,-0.010850240,0.925653271,-0.028885078,-0.377112645,944,694,486,1.119208174,0.926971843,0.825968809,0.825968809,0.000001207,1,0,ok,map,694,486,1048,0,ok,56,TRACKING,177,0,0,-1,0,0,0,nan,nan,0,0,nan,nan,
1750921997.534157753,1,-2.522664408,-0.028607780,1.275740959,-0.010629089,0.922845437,-0.029359399,-0.383902785,965,683,470,1.259503938,1.154412442,0.844128960,0.844128960,0.000002091,1,0,ok,map,683,470,1048,0,ok,35,TRACKING,177,0,0,-1,0,0,0,nan,nan,0,0,nan,nan,
1750921997.546157837,1,-2.504580695,-0.028005342,1.291281395,-0.010693830,0.920022489,-0.028933648,-0.390649594,957,668,447,1.342110772,1.237054633,0.839528105,0.839528105,0.000001708,1,0,ok,map,668,447,1048,0,ok,43,TRACKING,177,0,0,-1,0,0,0,nan,nan,0,0,nan,nan,
1750921997.558157921,1,-2.491006035,-0.027510917,1.303327115,-0.011903168,0.917262562,-0.028811524,-0.397061208,923,620,418,1.241089638,1.119849530,0.811932850,0.811932850,0.000002415,1,0,ok,map,620,418,1048,0,ok,77,TRACKING,177,0,0,-1,0,0,0,nan,nan,0,0,nan,nan,
1750921997.570158005,1,-2.473421590,-0.028614883,1.317240678,-0.012398775,0.914325814,-0.028695831,-0.403771131,938,599,415,1.252301749,1.145641924,0.841345655,0.841345655,0.000001207,1,0,ok,map,599,415,1048,0,ok,62,TRACKING,177,0,0,-1,0,0,0,nan,nan,0,0,nan,nan,
1750921997.582158089,1,-2.458740082,-0.028234107,1.330095790,-0.012258211,0.911379054,-0.027574927,-0.410460206,953,585,401,1.287909277,1.164286680,0.853311308,0.853311308,0.000002091,1,0,ok,map,585,401,1048,0,ok,47,TRACKING,178,1,0,-1,0,0,0,nan,nan,0,0,nan,nan,
1750921997.594158173,1,-2.439519827,-0.026934243,1.344046392,-0.011062268,0.908262369,-0.028207476,-0.417302569,969,692,517,1.166219449,1.019851916,0.875425057,0.875425057,0.000000000,1,0,ok,map,692,517,1048,0,ok,31,TRACKING,178,0,0,-1,0,0,0,nan,nan,0,0,nan,nan,
1750921997.606158257,1,-2.424829944,-0.028283621,1.355538716,-0.011521103,0.905255491,-0.029364792,-0.423695018,960,671,502,1.248444708,1.122138524,0.821988592,0.821988592,0.000002415,1,0,ok,map,671,502,1048,0,ok,40,TRACKING,178,0,0,-1,0,0,0,nan,nan,0,0,nan,nan,
1750921997.618158340,1,-2.404720961,-0.028833769,1.369412950,-0.011497223,0.902134651,-0.028808925,-0.430338159,959,652,488,1.360376143,1.262756761,0.843480810,0.843480810,0.000002091,1,0,ok,map,652,488,1048,0,ok,41,TRACKING,178,0,0,-1,0,0,0,nan,nan,0,0,nan,nan,
1750921997.630158424,1,-2.388746059,-0.028689743,1.380732400,-0.011602833,0.898992421,-0.027077490,-0.436972322,964,640,471,1.338719764,1.313558513,0.864350247,0.864350247,0.000001207,1,0,ok,map,640,471,1048,0,ok,36,TRACKING,178,0,0,-1,0,0,0,nan,nan,0,0,nan,nan,
1750921997.642158508,1,-2.372840874,-0.027295228,1.391374105,-0.011710343,0.895810266,-0.027015034,-0.443460284,969,635,453,1.294968371,1.189830347,0.828200180,0.828200180,0.000001708,1,0,ok,map,635,453,1048,0,ok,31,TRACKING,178,0,0,-1,0,0,0,nan,nan,0,0,nan,nan,
1750921997.654158592,1,-2.352088427,-0.027877023,1.404305587,-0.011657282,0.892454629,-0.027782175,-0.450129975,943,614,437,1.363114064,1.264858223,0.860098437,0.860098437,0.000002091,1,0,ok,map,614,437,1048,0,ok,57,TRACKING,178,0,0,-1,0,0,0,nan,nan,0,0,nan,nan,
1750921997.666158676,1,-2.333862206,-0.027479988,1.417678649,-0.011732047,0.889065496,-0.028482280,-0.456742447,946,595,422,1.347556628,1.185497979,0.844251811,0.844251811,0.000001708,1,0,ok,map,595,422,1048,0,ok,54,TRACKING,179,1,0,-1,0,0,0,nan,nan,0,0,nan,nan,
1750921997.678158760,1,-2.314288184,-0.027960281,1.430773671,-0.011991998,0.885730477,-0.028820130,-0.463149128,954,730,593,1.090358331,0.881655252,0.829106721,0.829106721,0.000002091,1,0,ok,map,730,593,1097,0,ok,46,TRACKING,179,0,0,-1,0,0,0,nan,nan,0,0,nan,nan,
1750921997.690158844,1,-2.296642613,-0.026803641,1.441693288,-0.011537338,0.882341979,-0.028576224,-0.469598680,973,721,582,1.203765711,1.071870339,0.836950565,0.836950565,0.000002091,1,0,ok,map,721,582,1097,0,ok,27,TRACKING,179,0,0,-1,0,0,0,nan,nan,0,0,nan,nan,
1750921997.702158928,1,-2.277354212,-0.026478858,1.453244624,-0.012238232,0.878963736,-0.028375357,-0.475886348,971,708,563,1.278292614,1.177753332,0.822182377,0.822182377,0.000002415,1,0,ok,map,708,563,1097,0,ok,29,TRACKING,179,0,0,-1,0,0,0,nan,nan,0,0,nan,nan,
1750921997.714159012,1,-2.259421939,-0.025255545,1.464468743,-0.012560153,0.875409356,-0.028347103,-0.482386924,969,696,538,1.265046319,1.179856865,0.849801160,0.849801160,0.000001708,1,0,ok,map,696,538,1097,0,ok,31,TRACKING,179,0,0,-1,0,0,0,nan,nan,0,0,nan,nan,
1750921997.726159096,1,-2.242479085,-0.025171278,1.472814159,-0.013196184,0.871864366,-0.028747704,-0.488724828,974,683,524,1.281974796,1.124034761,0.836606601,0.836606601,0.000001708,1,0,ok,map,683,524,1097,0,ok,26,TRACKING,179,0,0,-1,0,0,0,nan,nan,0,0,nan,nan,
1750921997.738159180,1,-2.223259700,-0.025451022,1.483057468,-0.013467216,0.868170964,-0.029873742,-0.495182160,976,672,504,1.277993372,1.172432534,0.862715716,0.862715716,0.000001708,1,0,ok,map,672,504,1097,0,ok,24,TRACKING,179,0,0,-1,0,0,0,nan,nan,0,0,nan,nan,
1750921997.750159264,1,-2.202569365,-0.025200777,1.494407618,0.013661842,-0.864535134,0.029641467,0.501511456,984,664,495,1.322236573,1.241634503,0.837156354,0.837156354,0.000002415,1,0,ok,map,664,495,1097,0,ok,16,TRACKING,179,0,0,-1,0,0,0,nan,nan,0,0,nan,nan,
1750921997.762159348,1,-2.183766071,-0.025350515,1.503813727,0.013497496,-0.860826387,0.029205013,0.507880711,966,648,480,1.415607174,1.330711689,0.846272234,0.846272234,0.000002091,1,0,ok,map,648,480,1097,0,ok,34,TRACKING,179,0,0,-1,0,0,0,nan,nan,0,0,nan,nan,
1750921997.774159431,1,-2.164758371,-0.024786232,1.514096176,0.013858375,-0.857201554,0.027924807,0.514036620,970,629,453,1.407265096,1.350078696,0.832695282,0.832695282,0.000002415,1,0,ok,map,629,453,1097,0,ok,30,TRACKING,179,0,0,-1,0,0,0,nan,nan,0,0,nan,nan,
1750921997.786159515,1,-2.142791646,-0.024061181,1.524598181,0.014380131,-0.853354264,0.027617922,0.520400772,977,620,434,1.457727337,1.377435077,0.854999974,0.854999974,0.000001708,1,0,ok,map,620,434,1097,0,ok,23,TRACKING,179,0,0,-1,0,0,0,nan,nan,0,0,nan,nan,
1750921997.798159599,1,-2.124892650,-0.025435789,1.533431730,0.014535655,-0.849469921,0.028017009,0.526692145,979,613,419,1.469889058,1.404316131,0.848698960,0.848698960,0.000002091,1,0,ok,map,613,419,1097,0,ok,21,TRACKING,179,0,0,-1,0,0,0,nan,nan,0,0,nan,nan,
1750921997.810159683,1,-2.104050296,-0.026449466,1.542259872,0.013711155,-0.845506658,0.027642633,0.533072585,988,612,392,1.448424655,1.374961574,0.855765242,0.855765242,0.000000000,1,0,ok,map,612,392,1097,0,ok,12,TRACKING,180,1,0,-1,0,0,0,nan,nan,0,0,nan,nan,
1750921997.822159767,1,-2.084433471,-0.026437682,1.549221159,0.012946960,-0.841564804,0.026938237,0.539328646,986,764,565,1.247516178,1.113443667,0.855661636,0.855661636,0.000000000,1,0,ok,map,764,565,1069,0,ok,14,TRACKING,180,0,0,-1,0,0,0,nan,nan,0,0,nan,nan,
1750921997.834159851,1,-2.064094396,-0.025052878,1.556455226,0.013532347,-0.837598915,0.026463461,0.545476506,967,751,546,1.399567235,1.296236314,0.842795753,0.842795753,0.000000000,1,0,ok,map,751,546,1069,0,ok,33,TRACKING,180,0,0,-1,0,0,0,nan,nan,0,0,nan,nan,
1750921997.846159935,1,-2.042544409,-0.026494213,1.564048251,0.013512209,-0.833441666,0.027655061,0.551749587,947,714,513,1.457014699,1.406609794,0.873115904,0.873115904,0.000002091,1,0,ok,map,714,513,1069,0,ok,53,TRACKING,180,0,0,-1,0,0,0,nan,nan,0,0,nan,nan,
1750921997.858160019,1,-2.023385418,-0.026425794,1.572533678,0.013492728,-0.829428013,0.027360180,0.557780009,972,707,495,1.422321357,1.325563344,0.830792508,0.830792508,0.000002091,1,0,ok,map,707,495,1069,0,ok,28,TRACKING,180,0,0,-1,0,0,0,nan,nan,0,0,nan,nan,
1750921997.870160103,1,-2.001255886,-0.026600910,1.580792237,0.014029966,-0.825418517,0.025577878,0.563766977,970,685,459,1.392020322,1.296983953,0.852805526,0.852805526,0.000000000,1,0,ok,map,685,459,1069,0,ok,30,TRACKING,180,0,0,-1,0,0,0,nan,nan,0,0,nan,nan,
1750921997.882160187,1,-1.984327627,-0.025457181,1.584777811,0.013335010,-0.821174371,0.023408769,0.570041103,960,657,438,1.504201076,1.426924505,0.906402178,0.906402178,0.000000000,1,0,ok,map,657,438,1069,0,ok,40,TRACKING,180,0,0,-1,0,0,0,nan,nan,0,0,nan,nan,
1750921997.894160271,1,-1.958359963,-0.026189707,1.594281637,0.012947121,-0.816885872,0.024678537,0.576125693,970,643,401,1.498273539,1.412376749,0.866485785,0.866485785,0.000002091,1,0,ok,map,643,401,1069,0,ok,30,TRACKING,180,0,0,-1,0,0,0,nan,nan,0,0,nan,nan,
1750921997.906160355,1,-1.934716119,-0.024529692,1.600772337,0.012885433,-0.812723942,0.024919700,0.581973167,966,616,371,1.592799796,1.535191028,0.822962103,0.822962103,0.000001708,1,0,ok,map,616,371,1069,0,ok,34,TRACKING,180,0,0,-1,0,0,0,nan,nan,0,0,nan,nan,
1750921997.918160439,1,-1.917697070,-0.025948907,1.605846230,0.012771727,-0.808201362,0.025922506,0.588196791,953,589,356,1.587426226,1.576630837,0.861755398,0.861755398,0.000002091,1,0,ok,map,589,356,1069,0,ok,47,TRACKING,181,1,0,-1,0,0,0,nan,nan,0,0,nan,nan,
1750921997.930160522,1,-1.892228648,-0.025991489,1.612399738,0.012633299,-0.803840398,0.025942325,0.594144772,967,633,415,1.350127021,1.220057255,0.845312070,0.845312070,0.000002091,1,0,ok,map,633,415,1011,0,ok,33,TRACKING,181,0,0,-1,0,0,0,nan,nan,0,0,nan,nan,
1750921997.942160606,1,-1.870542497,-0.026311873,1.618158560,0.012798212,-0.799632498,0.024595842,0.599849247,950,610,395,1.362920613,1.288543491,0.827029568,0.827029568,0.000001708,1,0,ok,map,610,395,1011,0,ok,50,TRACKING,181,0,0,-1,0,0,0,nan,nan,0,0,nan,nan,
1750921997.954160690,1,-1.851592061,-0.025998524,1.622643864,0.011954142,-0.795179958,0.022995334,0.605819402,948,587,378,1.425382858,1.345075357,0.878269538,0.878269538,0.000000000,1,0,ok,map,587,378,1011,0,ok,52,TRACKING,181,0,0,-1,0,0,0,nan,nan,0,0,nan,nan,
1750921997.966160774,1,-1.843830155,-0.025891102,1.624340915,0.011403053,-0.790618128,0.023006725,0.611770903,953,571,355,1.491784202,1.396408329,0.861609320,0.861609320,0.000001708,1,0,ok,map,571,355,1011,0,ok,47,TRACKING,181,0,0,-1,0,0,0,nan,nan,0,0,nan,nan,
1750921997.978160858,1,-1.815620661,-0.026507037,1.631567096,0.012271506,-0.786191637,0.023112857,0.617428470,964,564,350,1.471278943,1.429095889,0.809370222,0.809370222,0.000001207,1,0,ok,map,564,350,1011,0,ok,36,TRACKING,182,1,0,-1,0,0,0,nan,nan,0,0,nan,nan,
1750921997.990160942,1,-1.797646305,-0.027374189,1.634376623,0.011892201,-0.781633006,0.022830101,0.623207193,946,591,399,1.279653368,1.193233215,0.845176448,0.845176448,0.000002415,1,0,ok,map,591,399,987,0,ok,54,TRACKING,182,0,0,-1,0,0,0,nan,nan,0,0,nan,nan,
1750921998.002161026,1,-1.770571448,-0.027131665,1.640304381,0.011386856,-0.777090163,0.021788242,0.628908968,947,572,387,1.337271149,1.243504914,0.845874701,0.845874701,0.000000000,1,0,ok,map,572,387,987,0,ok,53,TRACKING,182,0,0,-1,0,0,0,nan,nan,0,0,nan,nan,
1750921998.014161110,1,-1.750254648,-0.027448284,1.643886260,0.011251033,-0.772802708,0.020702833,0.634208784,948,551,371,1.357480042,1.294162878,0.791155502,0.791155502,0.000001207,1,0,ok,map,551,371,987,0,ok,52,TRACKING,182,0,0,-1,0,0,0,nan,nan,0,0,nan,nan,
1750921998.026161194,1,-1.732262091,-0.028750298,1.646262243,0.011004426,-0.768402472,0.018759281,0.639597243,983,548,370,1.431657204,1.389285324,0.828204646,0.828204646,0.000002415,1,0,ok,map,548,370,987,0,ok,17,TRACKING,182,0,0,-1,0,0,0,nan,nan,0,0,nan,nan,
1750921998.038161278,1,-1.704003324,-0.026541598,1.651241962,0.010614219,-0.763629517,0.019075960,0.645285523,976,543,351,1.383306218,1.308574325,0.828307038,0.828307038,0.000001207,1,0,ok,map,543,351,987,0,ok,24,TRACKING,183,1,5,117,148,1,0,0.004386435,0.003903577,109,80,0.733944954,1.185014557,ok
1750921998.050161362,1,-1.674584894,-0.030460302,1.663155318,0.010559353,-0.758866126,0.019807681,0.650859708,975,624,425,1.501529464,1.454880587,0.844409239,0.844409239,0.000000000,1,0,ok,map,624,425,989,0,ok,25,TRACKING,183,0,0,-1,0,0,0,nan,nan,0,0,nan,nan,
1750921998.062161446,1,-1.660208983,-0.030712050,1.664229519,0.010894733,-0.754124868,0.020249742,0.656328375,980,616,383,1.465861343,1.415926800,0.831827146,0.831827146,0.000001708,1,0,ok,map,616,383,989,0,ok,20,TRACKING,183,0,0,-1,0,0,0,nan,nan,0,0,nan,nan,
1750921998.074161530,1,-1.636838906,-0.032746831,1.665041334,0.011617843,-0.749458604,0.020204428,0.661640845,978,609,342,1.615541723,1.698906860,0.814499510,0.814499510,0.000001708,1,0,ok,map,609,342,989,0,ok,22,TRACKING,183,0,0,-1,0,0,0,nan,nan,0,0,nan,nan,
1750921998.086161613,1,-1.609839977,-0.032956712,1.668466304,0.011386356,-0.744667559,0.018427517,0.667083956,978,601,332,1.657438040,1.682459191,0.855936980,0.855936980,0.000001708,1,0,ok,map,601,332,989,0,ok,22,TRACKING,183,0,0,-1,0,0,0,nan,nan,0,0,nan,nan,
1750921998.098161697,1,-1.598615939,-0.030782613,1.669721547,0.011754916,-0.739748607,0.017542843,0.672551908,958,586,323,1.715663704,1.721965786,0.840570327,0.840570327,0.000000000,1,0,ok,map,586,323,989,0,ok,42,TRACKING,184,1,0,-1,0,0,0,nan,nan,0,0,nan,nan,
1750921998.110161781,1,-1.569822696,-0.032141907,1.669247340,0.012081005,-0.735014396,0.017477732,0.677718538,985,599,374,1.500884536,1.467525976,0.803920039,0.803920039,0.000000000,1,0,ok,map,599,374,877,0,ok,15,TRACKING,184,0,0,-1,0,0,0,nan,nan,0,0,nan,nan,
1750921998.122161865,1,-1.547852533,-0.029808097,1.671302037,0.010616853,-0.729855653,0.016951666,0.683308605,980,595,376,1.528575455,1.494552411,0.889707860,0.889707860,0.000000000,1,0,ok,map,595,376,877,0,ok,20,TRACKING,184,0,0,-1,0,0,0,nan,nan,0,0,nan,nan,
1750921998.134161949,1,-1.531905586,-0.028586352,1.671321246,0.010552232,-0.724674690,0.018866090,0.688751998,981,592,346,1.600714946,1.568875720,0.888675015,0.888675015,0.000001708,1,0,ok,map,592,346,877,0,ok,19,TRACKING,184,0,0,-1,0,0,0,nan,nan,0,0,nan,nan,
1750921998.146162033,1,-1.512246572,-0.031377568,1.670138870,0.012994274,-0.719870395,0.020943101,0.693670779,963,578,333,1.573863806,1.604063370,0.869337580,0.869337580,0.000000000,1,0,ok,map,578,333,877,0,ok,37,TRACKING,184,0,0,-1,0,0,0,nan,nan,0,0,nan,nan,
1750921998.158162117,1,-1.491257577,-0.035189860,1.669364559,0.014132847,-0.714982884,0.019569530,0.698725105,978,575,241,1.699487544,1.733852456,0.827921461,0.827921461,0.000001708,1,0,ok,map,575,241,877,0,ok,22,TRACKING,185,1,0,-1,0,0,0,nan,nan,0,0,nan,nan,
1750921998.170162201,1,-1.463043187,-0.034185932,1.671214679,0.013262410,-0.709789279,0.016547604,0.704094784,986,606,328,1.415797191,1.283978241,0.928807170,0.928807170,0.000001708,1,0,ok,map,606,328,692,0,ok,14,TRACKING,185,0,0,-1,0,0,0,nan,nan,0,0,nan,nan,
1750921998.182162285,1,-1.441327788,-0.032585724,1.669785310,0.011753122,-0.704503551,0.016026765,0.709422127,981,596,301,1.615482682,1.615137888,0.879216832,0.879216832,0.000001708,1,0,ok,map,596,301,692,0,ok,19,TRACKING,185,0,0,-1,0,0,0,nan,nan,0,0,nan,nan,
1750921998.194162369,1,-1.429240870,-0.033995590,1.667120929,0.012393664,-0.699526008,0.015716592,0.714326781,960,586,282,1.606371084,1.551391603,0.804904867,0.804904867,0.000002700,1,0,ok,map,586,282,692,0,ok,40,TRACKING,185,0,0,-1,0,0,0,nan,nan,0,0,nan,nan,
1750921998.206162453,1,-1.409974652,-0.032027691,1.664811083,0.013292497,-0.694147015,0.015210195,0.719549777,954,563,279,1.626300497,1.621650415,0.867253515,0.867253515,0.000002091,1,0,ok,map,563,279,692,0,ok,46,TRACKING,185,0,0,-1,0,0,0,nan,nan,0,0,nan,nan,
1750921998.218162537,1,-1.391493132,-0.035039473,1.665970191,0.014790447,-0.688665760,0.016231914,0.724746327,975,562,270,1.628461888,1.574114974,0.899023103,0.899023103,0.000000000,1,0,ok,map,562,270,692,0,ok,25,TRACKING,186,1,0,-1,0,0,0,nan,nan,0,0,nan,nan,
1750921998.230162621,1,-1.364451212,-0.036635407,1.663883849,0.015373273,-0.683237047,0.017166382,0.729832937,985,630,357,1.369065702,1.289368634,0.861784195,0.861784195,0.000001708,1,0,ok,map,630,357,750,0,ok,15,TRACKING,186,0,0,-1,0,0,0,nan,nan,0,0,nan,nan,
1750921998.242162704,1,-1.351564924,-0.037926489,1.663156471,0.015061251,-0.677861121,0.016210532,0.734856910,978,624,340,1.495497301,1.388932460,0.851008313,0.851008313,0.000000000,1,0,ok,map,624,340,750,0,ok,22,TRACKING,186,0,0,-1,0,0,0,nan,nan,0,0,nan,nan,
1750921998.254162788,1,-1.337907705,-0.035256401,1.661546483,0.014765582,-0.672495248,0.014586502,0.739810349,980,613,319,1.553399712,1.481931471,0.857940472,0.857940472,0.000000000,1,0,ok,map,613,319,750,0,ok,20,TRACKING,186,0,0,-1,0,0,0,nan,nan,0,0,nan,nan,
1750921998.266162872,1,-1.301650483,-0.036378993,1.654608474,0.014646511,-0.666963920,0.014970252,0.744795610,983,613,310,1.529014494,1.456007549,0.854534389,0.854534389,0.000001708,1,0,ok,map,613,310,750,0,ok,17,TRACKING,186,0,0,-1,0,0,0,nan,nan,0,0,nan,nan,
1750921998.278162956,1,-1.279933432,-0.036082534,1.650266945,0.015281025,-0.661492833,0.014699759,0.749651679,953,603,313,1.482243729,1.458125809,0.841996249,0.841996249,0.000002415,1,0,ok,map,603,313,750,0,ok,47,TRACKING,186,0,0,-1,0,0,0,nan,nan,0,0,nan,nan,
1750921998.290163040,1,-1.259787080,-0.036774836,1.648035899,0.015757990,-0.655945821,0.014583317,0.754502546,960,597,302,1.489508024,1.442642092,0.846284482,0.846284482,0.000002091,1,0,ok,map,597,302,750,0,ok,40,TRACKING,186,0,0,-1,0,0,0,nan,nan,0,0,nan,nan,
1750921998.302163124,1,-1.233446587,-0.037919119,1.644136232,0.015891796,-0.650460785,0.015111064,0.759223205,963,587,290,1.539893842,1.472569352,0.831613380,0.831613380,0.000001708,1,0,ok,map,587,290,750,0,ok,37,TRACKING,186,0,0,-1,0,0,0,nan,nan,0,0,nan,nan,
1750921998.314163208,1,-1.216677364,-0.036506161,1.640411010,0.015326613,-0.644969918,0.014360219,0.763919292,985,580,276,1.610497855,1.635788076,0.847710323,0.847710323,0.000000000,1,0,ok,map,580,276,750,0,ok,15,TRACKING,187,1,0,-1,0,0,0,nan,nan,0,0,nan,nan,
1750921998.326163292,1,-1.189170392,-0.040271314,1.635692765,0.014901212,-0.639589287,0.014342162,0.768438547,973,614,330,1.426380116,1.319565707,0.806681882,0.806681882,0.000002415,1,0,ok,map,614,330,752,0,ok,27,TRACKING,187,0,0,-1,0,0,0,nan,nan,0,0,nan,nan,
1750921998.338163376,1,-1.174876385,-0.038725815,1.630459165,0.012846628,-0.633757217,0.013418303,0.773308931,959,605,327,1.536341261,1.379912502,0.908161325,0.908161325,0.000002091,1,0,ok,map,605,327,752,0,ok,41,TRACKING,187,0,0,-1,0,0,0,nan,nan,0,0,nan,nan,
1750921998.350163460,1,-1.152676700,-0.033955360,1.621499553,0.013259317,-0.628109191,0.013883169,0.777888354,970,600,298,1.553816486,1.502542363,0.836266897,0.836266897,0.000002091,1,0,ok,map,600,298,752,0,ok,30,TRACKING,187,0,0,-1,0,0,0,nan,nan,0,0,nan,nan,
1750921998.362163544,1,-1.133151391,-0.044316289,1.617308514,0.015018090,-0.622535551,0.014660893,0.782310043,965,580,262,1.587265580,1.585734407,0.844526367,0.844526367,0.000002091,1,0,ok,map,580,262,752,0,ok,35,TRACKING,187,0,0,-1,0,0,0,nan,nan,0,0,nan,nan,
1750921998.374163628,1,-1.116704204,-0.042844784,1.610922559,0.014926324,-0.617155398,0.012008264,0.786608048,958,551,261,1.540521802,1.467138186,0.858515281,0.858515281,0.000001708,1,0,ok,map,551,261,752,0,ok,42,TRACKING,188,1,0,-1,0,0,0,nan,nan,0,0,nan,nan,
1750921998.386163712,1,-1.090500188,-0.041305639,1.604896128,0.014256052,-0.611355329,0.011611381,0.791142593,979,628,355,1.336174737,1.174596448,0.848364143,0.848364143,0.000001708,1,0,ok,map,628,355,800,0,ok,21,TRACKING,188,0,0,-1,0,0,0,nan,nan,0,0,nan,nan,
1750921998.398163795,1,-1.075448236,-0.043953670,1.598914339,0.013671986,-0.605788156,0.011537720,0.795424834,962,609,345,1.420506674,1.289446823,0.807669407,0.807669407,0.000000000,1,0,ok,map,609,345,800,0,ok,38,TRACKING,188,0,0,-1,0,0,0,nan,nan,0,0,nan,nan,
1750921998.410163879,1,-1.059741659,-0.042922107,1.596767468,0.012605240,-0.600053342,0.010662844,0.799789596,966,595,331,1.415396372,1.310584888,0.840846219,0.840846219,0.000001207,1,0,ok,map,595,331,800,0,ok,34,TRACKING,188,0,0,-1,0,0,0,nan,nan,0,0,nan,nan,
1750921998.422163963,1,-1.035881986,-0.040988328,1.583844871,0.011735838,-0.594066351,0.011168601,0.804252885,957,583,298,1.604077707,1.477407544,0.863452787,0.863452787,0.000001708,1,0,ok,map,583,298,800,0,ok,43,TRACKING,188,0,0,-1,0,0,0,nan,nan,0,0,nan,nan,
1750921998.434164047,1,-1.015022274,-0.038454389,1.579552471,0.012817074,-0.588453496,0.010663237,0.808359141,944,567,289,1.524946233,1.431895870,0.835309662,0.835309662,0.000002415,1,0,ok,map,567,289,800,0,ok,56,TRACKING,189,1,0,-1,0,0,0,nan,nan,0,0,nan,nan,
1750921998.446164131,1,-1.000361678,-0.043619720,1.574446977,0.014879269,-0.582840181,0.010775056,0.812379117,925,600,379,1.271097912,1.085131250,0.825814014,0.825814014,0.000002091,1,0,ok,map,600,379,789,0,ok,75,TRACKING,189,0,0,-1,0,0,0,nan,nan,0,0,nan,nan,
1750921998.458164215,1,-0.977686815,-0.043182951,1.566518604,0.014617792,-0.576972826,0.010450387,0.816565654,939,573,307,1.331051769,1.157841522,0.827339588,0.827339588,0.000002415,1,0,ok,map,573,307,789,0,ok,61,TRACKING,189,0,0,-1,0,0,0,nan,nan,0,0,nan,nan,
1750921998.470164299,1,-0.964298330,-0.042842841,1.560283282,0.012774380,-0.571154296,0.009576754,0.820687438,962,566,296,1.372505885,1.238122783,0.849880466,0.849880466,0.000001708,1,0,ok,map,566,296,789,0,ok,38,TRACKING,189,0,0,-1,0,0,0,nan,nan,0,0,nan,nan,
1750921998.482164383,1,-0.938674177,-0.042026465,1.552981123,0.011752664,-0.565194336,0.009472531,0.824819683,970,558,286,1.381171304,1.259162641,0.839351459,0.839351459,0.000001708,1,0,ok,map,558,286,789,0,ok,30,TRACKING,189,0,0,-1,0,0,0,nan,nan,0,0,nan,nan,
1750921998.494164467,1,-0.918505334,-0.043541009,1.542982749,0.011823273,-0.559633888,0.008476046,0.828612260,957,550,279,1.384093493,1.272421527,0.809647234,0.809647234,0.000002415,1,0,ok,map,550,279,789,0,ok,43,TRACKING,190,1,0,-1,0,0,0,nan,nan,0,0,nan,nan,
1750921998.506164551,1,-0.900925375,-0.040414545,1.532300122,0.012470126,-0.553620573,0.007970144,0.832637517,959,613,368,1.202817668,1.057280510,0.834532162,0.834532162,0.000001207,1,0,ok,map,613,368,827,0,ok,41,TRACKING,190,0,0,-1,0,0,0,nan,nan,0,0,nan,nan,
1750921998.518164635,1,-0.879763661,-0.043221962,1.521619782,0.012944022,-0.547324696,0.009492324,0.836766410,956,604,352,1.335609202,1.164367628,0.881891491,0.881891491,0.000001708,1,0,ok,map,604,352,827,0,ok,44,TRACKING,190,0,0,-1,0,0,0,nan,nan,0,0,nan,nan,
1750921998.530164719,1,-0.859583069,-0.047271595,1.510687771,0.012983636,-0.541384432,0.009681337,0.840619173,968,594,302,1.447420456,1.405564056,0.811645061,0.811645061,0.000000000,1,0,ok,map,594,302,827,0,ok,32,TRACKING,190,0,0,-1,0,0,0,nan,nan,0,0,nan,nan,
1750921998.542164803,1,-0.840150971,-0.046925103,1.502342470,0.012406697,-0.535325930,0.007891001,0.844517587,976,586,292,1.483724709,1.421326914,0.853237786,0.853237786,0.000002091,1,0,ok,map,586,292,827,0,ok,24,TRACKING,190,0,0,-1,0,0,0,nan,nan,0,0,nan,nan,
1750921998.554164886,1,-0.828882034,-0.043613972,1.496801393,0.012774457,-0.529523074,0.006357504,0.848175518,945,559,274,1.367031022,1.300888672,0.839876211,0.839876211,0.000001708,1,0,ok,map,559,274,827,0,ok,55,TRACKING,191,1,0,-1,0,0,0,nan,nan,0,0,nan,nan,
1750921998.566164970,1,-0.809311032,-0.045762969,1.484294281,0.013343359,-0.523387349,0.006813374,0.851963154,972,613,330,1.134751544,0.961713446,0.830492424,0.830492424,0.000002091,1,0,ok,map,613,330,817,0,ok,28,TRACKING,191,0,0,-1,0,0,0,nan,nan,0,0,nan,nan,
1750921998.578165054,1,-0.788220687,-0.044487728,1.472896605,0.011680266,-0.516702230,0.006774849,0.856058689,952,592,325,1.272683039,1.167827099,0.918392057,0.918392057,0.000002415,1,0,ok,map,592,325,817,0,ok,48,TRACKING,191,0,0,-1,0,0,0,nan,nan,0,0,nan,nan,
1750921998.590165138,1,-0.771529345,-0.044582268,1.462414553,0.011818432,-0.510511461,0.006879487,0.859762203,960,580,307,1.416484068,1.326671773,0.826902492,0.826902492,0.000002091,1,0,ok,map,580,307,817,0,ok,40,TRACKING,191,0,0,-1,0,0,0,nan,nan,0,0,nan,nan,
1750921998.602165222,1,-0.756411402,-0.046225903,1.452552910,0.013874964,-0.504409482,0.007186075,0.863323184,953,558,285,1.414015576,1.327504098,0.843928619,0.843928619,0.000002415,1,0,ok,map,558,285,817,0,ok,47,TRACKING,191,0,0,-1,0,0,0,nan,nan,0,0,nan,nan,
1750921998.614165306,1,-0.733836225,-0.047867803,1.434877448,0.013896012,-0.498369845,0.006342173,0.866829958,962,551,287,1.451233724,1.382175106,0.847280391,0.847280391,0.000001207,1,0,ok,map,551,287,817,0,ok,38,TRACKING,192,1,0,-1,0,0,0,nan,nan,0,0,nan,nan,
1750921998.626165390,1,-0.717962881,-0.046985200,1.424565042,0.012841817,-0.491956674,0.006696981,0.870499207,965,628,375,1.208392640,1.065179411,0.856219209,0.856219209,0.000002415,1,0,ok,map,628,375,840,0,ok,35,TRACKING,192,0,0,-1,0,0,0,nan,nan,0,0,nan,nan,
1750921998.638165474,1,-0.695868389,-0.046319990,1.411720931,0.012484953,-0.485633059,0.006795752,0.874047182,958,613,351,1.312982534,1.182626373,0.831981899,0.831981899,0.000000000,1,0,ok,map,613,351,840,0,ok,42,TRACKING,192,0,0,-1,0,0,0,nan,nan,0,0,nan,nan,
1750921998.650165558,1,-0.684264348,-0.046067263,1.403557836,0.011965093,-0.478973122,0.007012493,0.877720006,949,578,325,1.472302993,1.433647677,0.873920547,0.873920547,0.000001207,1,0,ok,map,578,325,840,0,ok,51,TRACKING,192,0,0,-1,0,0,0,nan,nan,0,0,nan,nan,
1750921998.662165642,1,-0.664614333,-0.043315961,1.391347634,0.012488355,-0.472558530,0.006733068,0.881185079,966,565,311,1.496020369,1.466463472,0.838210776,0.838210776,0.000001708,1,0,ok,map,565,311,840,0,ok,34,TRACKING,192,0,0,-1,0,0,0,nan,nan,0,0,nan,nan,
1750921998.674165726,1,-0.647749518,-0.046153568,1.373177743,0.013433610,-0.466607417,0.006964386,0.884335092,955,551,309,1.557609722,1.445885887,0.829535863,0.829535863,0.000000000,1,0,ok,map,551,309,840,0,ok,45,TRACKING,193,1,9,127,175,1,0,0.004151301,0.003918580,133,95,0.714285714,1.352665536,ok
1750921998.686165810,1,-0.629949942,-0.048318584,1.356197261,0.014591230,-0.460205692,0.007167364,0.887663475,948,656,426,1.227285420,1.088793799,0.837708473,0.837708473,0.000001708,1,0,ok,map,656,426,865,0,ok,52,TRACKING,193,0,0,-1,0,0,0,nan,nan,0,0,nan,nan,
1750921998.698165894,1,-0.613040345,-0.048163992,1.342368112,0.014104179,-0.454041992,0.006829232,0.890842468,940,629,397,1.303543179,1.183114281,0.797617664,0.797617664,0.000002091,1,0,ok,map,629,397,865,0,ok,60,TRACKING,193,0,0,-1,0,0,0,nan,nan,0,0,nan,nan,
1750921998.710165977,1,-0.595113899,-0.048615761,1.324861461,0.012991228,-0.447719954,0.005522615,0.894062398,913,589,365,1.393858752,1.285829230,0.836457675,0.836457675,0.000001708,1,0,ok,map,589,365,865,0,ok,87,TRACKING,193,0,0,-1,0,0,0,nan,nan,0,0,nan,nan,
1750921998.722166061,1,-0.585499483,-0.046668261,1.317561888,0.012486307,-0.441155972,0.005729170,0.897325291,950,572,332,1.426199901,1.374559002,0.842307772,0.842307772,0.000001207,1,0,ok,map,572,332,865,0,ok,50,TRACKING,193,0,0,-1,0,0,0,nan,nan,0,0,nan,nan,
1750921998.734166145,1,-0.568363259,-0.047652399,1.298548646,0.013012986,-0.434901436,0.005535770,0.900367013,961,561,327,1.475864246,1.451002621,0.807701188,0.807701188,0.000001708,1,0,ok,map,561,327,865,0,ok,39,TRACKING,194,1,0,-1,0,0,0,nan,nan,0,0,nan,nan,
1750921998.746166229,1,-0.552051299,-0.048528219,1.284420518,0.013629745,-0.428011215,0.005894275,0.903651419,947,619,416,1.264086788,1.108297232,0.878489620,0.878489620,0.000001708,1,0,ok,map,619,416,890,0,ok,53,TRACKING,194,0,0,-1,0,0,0,nan,nan,0,0,nan,nan,
1750921998.758166313,1,-0.534890847,-0.049154464,1.269489970,0.015062284,-0.421616861,0.005585735,0.906631761,951,599,396,1.317913749,1.184031247,0.825678016,0.825678016,0.000001708,1,0,ok,map,599,396,890,0,ok,49,TRACKING,194,0,0,-1,0,0,0,nan,nan,0,0,nan,nan,
1750921998.770166397,1,-0.523338885,-0.048598143,1.256141165,0.015781299,-0.415207726,0.005233351,0.909574685,950,586,377,1.405296469,1.316555224,0.813351361,0.813351361,0.000000000,1,0,ok,map,586,377,890,0,ok,50,TRACKING,194,0,0,-1,0,0,0,nan,nan,0,0,nan,nan,
1750921998.782166481,1,-0.506541015,-0.049420050,1.239863677,0.016021993,-0.408569090,0.005472255,0.912570353,974,584,364,1.459840944,1.400943820,0.835503332,0.835503332,0.000001708,1,0,ok,map,584,364,890,0,ok,26,TRACKING,194,0,0,-1,0,0,0,nan,nan,0,0,nan,nan,
1750921998.794166565,1,-0.494816235,-0.050042458,1.224330227,0.016278122,-0.402473859,0.005314189,0.915271312,961,581,347,1.454535914,1.421289898,0.790075582,0.790075582,0.000001708,1,0,ok,map,581,347,890,0,ok,39,TRACKING,195,1,0,-1,0,0,0,nan,nan,0,0,nan,nan,
1750921998.806166649,1,-0.479099845,-0.048873717,1.207627619,0.016356599,-0.396034149,0.005050390,0.918076200,978,663,452,1.277931964,1.161985650,0.805515999,0.805515999,0.000000000,1,0,ok,map,663,452,911,0,ok,22,TRACKING,195,0,0,-1,0,0,0,nan,nan,0,0,nan,nan,
1750921998.818166733,1,-0.463931200,-0.047129208,1.191263666,0.016473176,-0.389331673,0.005312053,0.920934995,960,654,436,1.380299669,1.287331878,0.835640344,0.835640344,0.000002415,1,0,ok,map,654,436,911,0,ok,40,TRACKING,195,0,0,-1,0,0,0,nan,nan,0,0,nan,nan,
1750921998.830166817,1,-0.447438407,-0.048439098,1.172785993,0.017100169,-0.382692380,0.006026925,0.923697896,964,641,416,1.436588013,1.374516644,0.831229097,0.831229097,0.000002091,1,0,ok,map,641,416,911,0,ok,36,TRACKING,195,0,0,-1,0,0,0,nan,nan,0,0,nan,nan,
1750921998.842166901,1,-0.440656115,-0.046370073,1.163290682,0.017773929,-0.375978761,0.006282012,0.926436503,970,635,400,1.485347563,1.476744850,0.834962096,0.834962096,0.000002091,1,0,ok,map,635,400,911,0,ok,30,TRACKING,195,0,0,-1,0,0,0,nan,nan,0,0,nan,nan,
1750921998.854166985,1,-0.421329314,-0.049634704,1.142510109,0.018775544,-0.369390220,0.006523670,0.929061777,975,627,374,1.405422170,1.323650374,0.821252982,0.821252982,0.000002415,1,0,ok,map,627,374,911,0,ok,25,TRACKING,195,0,0,-1,0,0,0,nan,nan,0,0,nan,nan,
1750921998.866167068,1,-0.411911556,-0.047560024,1.126341299,0.018950400,-0.362508627,0.006573214,0.931764547,977,620,365,1.468349419,1.389609730,0.847470744,0.847470744,0.000002415,1,0,ok,map,620,365,911,0,ok,23,TRACKING,195,0,0,-1,0,0,0,nan,nan,0,0,nan,nan,
1750921998.878167152,1,-0.397617398,-0.050411348,1.115055500,0.019819121,-0.355838047,0.006977247,0.934311407,975,610,343,1.476516660,1.421914875,0.825546691,0.825546691,0.000000000,1,0,ok,map,610,343,911,0,ok,25,TRACKING,195,0,0,-1,0,0,0,nan,nan,0,0,nan,nan,
1750921998.890167236,1,-0.381349042,-0.051572493,1.092772883,0.020199496,-0.349523160,0.006476940,0.936687563,960,598,310,1.539285920,1.494957572,0.776513804,0.776513804,0.000000000,1,0,ok,map,598,310,911,0,ok,40,TRACKING,195,0,0,-1,0,0,0,nan,nan,0,0,nan,nan,
1750921998.902167320,1,-0.370881793,-0.048311361,1.072584317,0.019249092,-0.343358393,0.005827732,0.938989097,955,583,302,1.600441778,1.582391787,0.825366205,0.825366205,0.000001708,1,0,ok,map,583,302,911,0,ok,45,TRACKING,196,1,0,-1,0,0,0,nan,nan,0,0,nan,nan,
1750921998.914167404,1,-0.360204611,-0.047911253,1.059942626,0.019510241,-0.336482204,0.006476228,0.941465419,944,674,456,1.327881921,1.198924057,0.841316990,0.841316990,0.000001207,1,0,ok,map,674,456,971,0,ok,56,TRACKING,196,0,0,-1,0,0,0,nan,nan,0,0,nan,nan,
1750921998.926167488,1,-0.347865160,-0.047009913,1.039867706,0.020474267,-0.330054821,0.006481184,0.943717444,978,666,438,1.448303626,1.346981417,0.788206835,0.788206835,0.000001708,1,0,ok,map,666,438,971,0,ok,22,TRACKING,196,0,0,-1,0,0,0,nan,nan,0,0,nan,nan,
1750921998.938167572,1,-0.334840492,-0.046527639,1.022088111,0.021493263,-0.323306929,0.006951802,0.946024493,982,663,408,1.471033093,1.365499451,0.827257257,0.827257257,0.000002091,1,0,ok,map,663,408,971,0,ok,18,TRACKING,196,0,0,-1,0,0,0,nan,nan,0,0,nan,nan,
1750921998.950167656,1,-0.323193588,-0.047788986,1.002780834,0.022885252,-0.316883412,0.007572373,0.948158124,972,656,388,1.472414755,1.397586519,0.795044825,0.795044825,0.000001207,1,0,ok,map,656,388,971,0,ok,28,TRACKING,196,0,0,-1,0,0,0,nan,nan,0,0,nan,nan,
1750921998.962167740,1,-0.312541980,-0.048654734,0.991477126,0.023745206,-0.310321232,0.007335777,0.950306837,976,651,379,1.537601996,1.460828159,0.797831155,0.797831155,0.000002091,1,0,ok,map,651,379,971,0,ok,24,TRACKING,196,0,0,-1,0,0,0,nan,nan,0,0,nan,nan,
1750921998.974167824,1,-0.301296144,-0.050332394,0.968984897,0.023236777,-0.303837106,0.007299894,0.952412608,978,643,349,1.584381332,1.558363298,0.783408539,0.783408539,0.000001708,1,0,ok,map,643,349,971,0,ok,22,TRACKING,196,0,0,-1,0,0,0,nan,nan,0,0,nan,nan,
1750921998.986167908,1,-0.291883029,-0.050788837,0.954844466,0.021728871,-0.297617069,0.005761636,0.954420631,962,628,336,1.592931674,1.621253834,0.788613232,0.788613232,0.000002415,1,0,ok,map,628,336,971,0,ok,38,TRACKING,196,0,0,-1,0,0,0,nan,nan,0,0,nan,nan,
1750921998.998167992,1,-0.279562862,-0.049357671,0.940628148,0.020019827,-0.290884475,0.005399377,0.956533468,942,592,324,1.535636736,1.546985329,0.833012011,0.833012011,0.000001708,1,0,ok,map,592,324,971,0,ok,58,TRACKING,196,0,0,-1,0,0,0,nan,nan,0,0,nan,nan,
1750921999.010168076,1,-0.272971440,-0.049561074,0.926630760,0.020945380,-0.284722687,0.005884529,0.958363008,930,559,272,1.626894681,1.606234827,0.827750824,0.827750824,0.000001708,1,0,ok,map,559,272,971,0,ok,70,TRACKING,197,1,0,-1,0,0,0,nan,nan,0,0,nan,nan,
1750921999.022168159,1,-0.262932674,-0.049966859,0.903503950,0.023332361,-0.278314181,0.006553769,0.960184287,947,678,440,1.296029858,1.162655203,0.814582337,0.814582337,0.000001708,1,0,ok,map,678,440,1012,0,ok,53,TRACKING,197,0,0,-1,0,0,0,nan,nan,0,0,nan,nan,
1750921999.034168243,1,-0.253287941,-0.051636986,0.888212277,0.024056797,-0.271548592,0.007855991,0.962091948,975,671,395,1.455868151,1.365945413,0.823411744,0.823411744,0.000000000,1,0,ok,map,671,395,1012,0,ok,25,TRACKING,197,0,0,-1,0,0,0,nan,nan,0,0,nan,nan,
1750921999.046168327,1,-0.240650338,-0.052283609,0.865932240,0.023217752,-0.265185177,0.007639473,0.963887647,960,648,374,1.546013459,1.500539443,0.764151479,0.764151479,0.000001207,1,0,ok,map,648,374,1012,0,ok,40,TRACKING,197,0,0,-1,0,0,0,nan,nan,0,0,nan,nan,
1750921999.058168411,1,-0.231359832,-0.053163476,0.839779232,0.022199172,-0.259231735,0.005970409,0.965541536,974,637,359,1.635922624,1.551560697,0.742658041,0.742658041,0.000001207,1,0,ok,map,637,359,1012,0,ok,26,TRACKING,197,0,0,-1,0,0,0,nan,nan,0,0,nan,nan,
1750921999.070168495,1,-0.226532425,-0.051158156,0.830762259,0.019670665,-0.252803193,0.004977436,0.967304934,963,617,340,1.694271714,1.659542713,0.824862625,0.824862625,0.000001207,1,0,ok,map,617,340,1012,0,ok,37,TRACKING,197,0,0,-1,0,0,0,nan,nan,0,0,nan,nan,
1750921999.082168579,1,-0.216255281,-0.050033990,0.807901436,0.020090444,-0.246998833,0.004856790,0.968795315,963,598,271,1.714363076,1.751017718,0.793286652,0.793286652,0.000001708,1,0,ok,map,598,271,1012,0,ok,37,TRACKING,198,1,0,-1,0,0,0,nan,nan,0,0,nan,nan,
1750921999.094168663,1,-0.208682349,-0.048752071,0.791108974,0.022121252,-0.240214785,0.005391277,0.970452699,947,673,392,1.362807516,1.235734442,0.835657133,0.835657133,0.000001708,1,0,ok,map,673,392,946,0,ok,53,TRACKING,198,0,0,-1,0,0,0,nan,nan,0,0,nan,nan,
1750921999.106168747,1,-0.199019956,-0.052373109,0.769509058,0.023288164,-0.233475529,0.005918547,0.972065743,963,659,352,1.458649964,1.396840650,0.807520002,0.807520002,0.000001708,1,0,ok,map,659,352,946,0,ok,37,TRACKING,198,0,0,-1,0,0,0,nan,nan,0,0,nan,nan,
1750921999.118168831,1,-0.189517695,-0.052949417,0.748349311,0.022239697,-0.227007118,0.004748194,0.973627557,978,649,324,1.530108403,1.491933109,0.783497840,0.783497840,0.000002415,1,0,ok,map,649,324,946,0,ok,22,TRACKING,198,0,0,-1,0,0,0,nan,nan,0,0,nan,nan,
1750921999.130168915,1,-0.180702720,-0.052325197,0.732712165,0.021147544,-0.220409444,0.004293661,0.975168715,954,619,304,1.533873233,1.473924742,0.788137233,0.788137233,0.000000000,1,0,ok,map,619,304,946,0,ok,46,TRACKING,198,0,0,-1,0,0,0,nan,nan,0,0,nan,nan,
1750921999.142168999,1,-0.173827592,-0.054888890,0.697954675,0.020789311,-0.214821909,0.004950685,0.976419399,937,590,299,1.491683045,1.486191028,0.788473573,0.788473573,0.000001708,1,0,ok,map,590,299,946,0,ok,63,TRACKING,199,1,0,-1,0,0,0,nan,nan,0,0,nan,nan,
1750921999.154169083,1,-0.167442000,-0.049597776,0.679663252,0.019696616,-0.208227613,0.004580390,0.977871323,956,677,387,1.386402053,1.242775075,0.784965503,0.784965503,0.000001708,1,0,ok,map,677,387,983,0,ok,44,TRACKING,199,0,0,-1,0,0,0,nan,nan,0,0,nan,nan,
1750921999.166169167,1,-0.158473424,-0.049969871,0.656563414,0.020886206,-0.201556054,0.004624663,0.979243349,932,640,349,1.456982526,1.320656190,0.792336087,0.792336087,0.000000000,1,0,ok,map,640,349,983,1,ok,68,TRACKING,199,0,0,-1,0,0,0,nan,nan,0,0,nan,nan,
1750921999.178169250,1,-0.152389003,-0.052046682,0.637804230,0.022580298,-0.194759888,0.004831329,0.980579102,965,629,328,1.523024994,1.415310539,0.817424122,0.817424122,0.000002091,1,0,ok,map,629,328,983,0,ok,35,TRACKING,199,0,0,-1,0,0,0,nan,nan,0,0,nan,nan,
1750921999.190169334,1,-0.144971494,-0.050101685,0.614942597,0.022624286,-0.187965838,0.004790064,0.981903275,924,587,306,1.505413223,1.399884624,0.793221768,0.793221768,0.000001708,1,0,ok,map,587,306,983,0,ok,76,TRACKING,199,0,0,-1,0,0,0,nan,nan,0,0,nan,nan,
1750921999.202169418,1,-0.139336662,-0.053321305,0.586512045,0.023653495,-0.182518424,0.003866831,0.982910263,936,572,297,1.477253863,1.396875826,0.785235936,0.785235936,0.000002091,1,0,ok,map,572,297,983,0,ok,64,TRACKING,200,1,0,-1,0,0,0,nan,nan,0,0,nan,nan,
1750921999.214169502,1,-0.133318569,-0.053806230,0.570746377,0.024117512,-0.175919512,0.003877352,0.984101436,941,649,427,1.244688943,1.096985445,0.770240465,0.770240465,0.000001207,1,0,ok,map,649,427,986,0,ok,59,TRACKING,200,0,0,-1,0,0,0,nan,nan,0,0,nan,nan,
1750921999.226169586,1,-0.127571061,-0.054186935,0.549090953,0.023257415,-0.168851349,0.005154919,0.985353612,966,635,409,1.318972769,1.240134794,0.841285095,0.841285095,0.000001207,1,0,ok,map,635,409,986,0,ok,34,TRACKING,200,0,0,-1,0,0,0,nan,nan,0,0,nan,nan,
1750921999.238169670,1,-0.121588503,-0.053863997,0.523529201,0.022185667,-0.162452525,0.003931185,0.986459081,964,621,379,1.372414405,1.266285469,0.767107745,0.767107745,0.000002091,1,0,ok,map,621,379,986,0,ok,36,TRACKING,200,0,0,-1,0,0,0,nan,nan,0,0,nan,nan,
1750921999.250169754,1,-0.115366495,-0.050406834,0.509132716,0.022020882,-0.155664919,0.003408920,0.987558552,916,590,343,1.401623757,1.306601333,0.790436966,0.790436966,0.000002415,1,0,ok,map,590,343,986,0,ok,84,TRACKING,200,0,0,-1,0,0,0,nan,nan,0,0,nan,nan,
1750921999.262169838,1,-0.111296894,-0.052287762,0.484351723,0.023904207,-0.150260717,0.002439836,0.988354366,903,547,334,1.433432307,1.360053328,0.802685199,0.802685199,0.000002415,1,0,ok,map,547,334,986,0,ok,97,TRACKING,201,1,0,-1,0,0,0,nan,nan,0,0,nan,nan,
1750921999.274169922,1,-0.106959420,-0.052277732,0.465057413,0.023899375,-0.143262103,0.002755376,0.989392338,915,597,443,1.246753540,1.043582569,0.811562169,0.811562169,0.000002091,1,0,ok,map,597,443,943,0,ok,85,TRACKING,201,0,0,-1,0,0,0,nan,nan,0,0,nan,nan,
1750921999.286170006,1,-0.101881460,-0.051442575,0.442508326,0.024157595,-0.135985510,0.004142427,0.990407589,948,592,433,1.299933941,1.156242957,0.857297964,0.857297964,0.000002415,1,0,ok,map,592,433,943,0,ok,52,TRACKING,201,0,0,-1,0,0,0,nan,nan,0,0,nan,nan,
1750921999.298170090,1,-0.097545503,-0.054308299,0.417274685,0.025047202,-0.129170990,0.003670005,0.991299160,958,589,417,1.341002142,1.225760544,0.795956670,0.795956670,0.000001207,1,0,ok,map,589,417,943,0,ok,42,TRACKING,201,0,0,-1,0,0,0,nan,nan,0,0,nan,nan,
1750921999.310170174,1,-0.093856766,-0.054658552,0.398287479,0.024215440,-0.122489016,0.001716440,0.992172922,977,585,390,1.371648235,1.265943535,0.809641682,0.809641682,0.000001708,1,0,ok,map,585,390,943,0,ok,23,TRACKING,201,0,0,-1,0,0,0,nan,nan,0,0,nan,nan,
1750921999.322170258,1,-0.091654951,-0.056365563,0.377430695,0.023889739,-0.116943796,0.001417321,0.992850150,959,577,386,1.367428668,1.274933731,0.818772418,0.818772418,0.000001207,1,0,ok,map,577,386,943,1,ok,41,TRACKING,202,1,0,-1,0,0,0,nan,nan,0,0,nan,nan,
1750921999.334170341,1,-0.088746502,-0.054318678,0.356896141,0.023925799,-0.109847977,0.001872618,0.993658629,974,657,508,1.209276731,1.062843594,0.820055393,0.820055393,0.000002091,1,0,ok,map,657,508,913,0,ok,26,TRACKING,202,0,0,-1,0,0,0,nan,nan,0,0,nan,nan,
1750921999.346170425,1,-0.086156432,-0.055882016,0.335183486,0.024584840,-0.102717592,0.002620298,0.994403246,972,657,506,1.288506223,1.184224246,0.829427868,0.829427868,0.000001708,1,0,ok,map,657,506,913,1,ok,28,TRACKING,202,0,0,-1,0,0,0,nan,nan,0,0,nan,nan,
1750921999.358170509,1,-0.082626957,-0.055680867,0.314380423,0.024684068,-0.095612266,0.002656477,0.995109006,982,656,494,1.365328180,1.252164549,0.818308377,0.818308377,0.000002700,1,0,ok,map,656,494,913,0,ok,18,TRACKING,202,0,0,-1,0,0,0,nan,nan,0,0,nan,nan,
1750921999.370170593,1,-0.080389792,-0.055381598,0.291571963,0.024681139,-0.088863977,0.001711154,0.995736465,982,654,489,1.388834968,1.304871474,0.784152446,0.784152446,0.000001207,1,0,ok,map,654,489,913,0,ok,18,TRACKING,202,0,0,-1,0,0,0,nan,nan,0,0,nan,nan,
1750921999.382170677,1,-0.078598729,-0.055646081,0.270720778,0.024640798,-0.081972647,0.001984427,0.996327947,981,653,478,1.340931699,1.217812891,0.793224991,0.793224991,0.000002091,1,0,ok,map,653,478,913,0,ok,19,TRACKING,202,0,0,-1,0,0,0,nan,nan,0,0,nan,nan,
1750921999.394170761,1,-0.076362957,-0.057389783,0.247958798,0.024418908,-0.075091528,0.002327792,0.996874897,973,652,468,1.329137641,1.200230248,0.792392872,0.792392872,0.000002091,1,0,ok,map,652,468,913,0,ok,27,TRACKING,202,0,0,-1,0,0,0,nan,nan,0,0,nan,nan,
1750921999.406170845,1,-0.074387584,-0.057639255,0.227242563,0.023275697,-0.068308660,0.001673259,0.997391282,972,648,457,1.352474108,1.276639833,0.793991973,0.793991973,0.000001207,1,0,ok,map,648,457,913,0,ok,28,TRACKING,202,0,0,-1,0,0,0,nan,nan,0,0,nan,nan,
1750921999.418170929,1,-0.073469392,-0.055340258,0.203146320,0.022026138,-0.061638499,0.001964810,0.997853538,982,646,430,1.418513766,1.376336367,0.780159903,0.780159903,0.000001708,1,0,ok,map,646,430,913,0,ok,18,TRACKING,202,0,0,-1,0,0,0,nan,nan,0,0,nan,nan,
1750921999.430171013,1,-0.072156020,-0.054440292,0.182969402,0.022420315,-0.054468959,0.001967969,0.998261784,980,643,415,1.508082931,1.439164970,0.824140193,0.824140193,0.000002700,1,0,ok,map,643,415,913,0,ok,20,TRACKING,202,0,0,-1,0,0,0,nan,nan,0,0,nan,nan,
1750921999.442171097,1,-0.072300464,-0.057288158,0.159031563,0.023272566,-0.047868028,0.002557121,0.998579241,991,641,412,1.474310543,1.433553665,0.766536752,0.766536752,0.000001708,1,0,ok,map,641,412,913,0,ok,9,TRACKING,202,0,0,-1,0,0,0,nan,nan,0,0,nan,nan,
1750921999.454171181,1,-0.072053961,-0.057686033,0.136627015,0.022938341,-0.040621670,0.002818986,0.998907286,997,641,409,1.485134509,1.449221014,0.832646523,0.832646523,0.000002415,1,0,ok,map,641,409,913,0,ok,3,TRACKING,202,0,0,-1,0,0,0,nan,nan,0,0,nan,nan,
1750921999.466171265,1,-0.072531824,-0.057334155,0.117179527,0.021659912,-0.034418003,0.001383632,0.999171824,996,641,402,1.477220029,1.400931537,0.744847177,0.744847177,0.000001708,1,0,ok,map,641,402,913,0,ok,4,TRACKING,202,0,0,-1,0,0,0,nan,nan,0,0,nan,nan,
1750921999.478171349,1,-0.074821171,-0.059758002,0.091730953,0.020896659,-0.029192166,0.001161869,0.999354690,990,639,386,1.513510081,1.473757776,0.824173201,0.824173201,0.000002091,1,0,ok,map,639,386,913,0,ok,10,TRACKING,203,1,9,138,108,1,0,0.006031416,0.004074954,97,61,0.628865979,1.665935334,ok
1750921999.490171432,1,-0.091594789,-0.063754764,0.048976437,0.020938127,-0.021901414,0.002661784,0.999537312,994,776,397,1.738320827,1.711672563,0.853227314,0.853227314,0.000002415,1,0,ok,map,776,397,954,0,ok,6,TRACKING,203,0,0,-1,0,0,0,nan,nan,0,0,nan,nan,
1750921999.502171516,1,-0.089018959,-0.065097562,0.031042271,0.021030893,-0.015126740,0.001443889,0.999663343,993,776,386,1.728937143,1.751553131,0.788970602,0.788970602,0.000001708,1,0,ok,map,776,386,954,0,ok,7,TRACKING,203,0,0,-1,0,0,0,nan,nan,0,0,nan,nan,
1750921999.514171600,1,-0.094193357,-0.064602485,0.004748640,0.020372627,-0.007986604,0.000667968,0.999760333,986,772,375,1.761252571,1.768244193,0.826542413,0.826542413,0.000002415,1,0,ok,map,772,375,954,0,ok,14,TRACKING,203,0,0,-1,0,0,0,nan,nan,0,0,nan,nan,
1750921999.526171684,1,-0.094675163,-0.064594803,-0.013340937,0.021549827,-0.000936467,0.001910231,0.999765512,986,771,361,1.788253144,1.807497851,0.831351322,0.831351322,0.000001708,1,0,ok,map,771,361,954,0,ok,14,TRACKING,203,0,0,-1,0,0,0,nan,nan,0,0,nan,nan,
1750921999.538171768,1,-0.092659585,-0.065972375,-0.028396168,0.021761045,0.006315662,0.002826639,0.999739256,982,768,308,1.883962920,1.985753802,0.837998302,0.837998302,0.000000000,1,0,ok,map,768,308,954,0,ok,18,TRACKING,203,0,0,-1,0,0,0,nan,nan,0,0,nan,nan,
1750921999.550171852,1,-0.096168291,-0.064378425,-0.055558925,0.020055276,0.013218296,0.002522511,0.999708307,975,758,287,1.868101543,2.026023271,0.815531884,0.815531884,0.000001708,1,0,ok,map,758,287,954,0,ok,25,TRACKING,203,0,0,-1,0,0,0,nan,nan,0,0,nan,nan,
1750921999.562171936,1,-0.102448854,-0.064711112,-0.087130651,0.018975562,0.020241212,0.001413376,0.999614037,959,748,287,1.876467772,1.978379789,0.824154863,0.824154863,0.000001207,1,0,ok,map,748,287,954,0,ok,41,TRACKING,203,0,0,-1,0,0,0,nan,nan,0,0,nan,nan,
1750921999.574172020,1,-0.104599184,-0.066895838,-0.105478059,0.019134071,0.026764389,0.001575428,0.999457389,973,731,283,1.828897347,1.921467789,0.748168969,0.748168969,0.000001708,1,0,ok,map,731,283,954,0,ok,27,TRACKING,203,0,0,-1,0,0,0,nan,nan,0,0,nan,nan,
1750921999.586172104,1,-0.107245849,-0.067181580,-0.121042317,0.018554854,0.034253551,0.000746859,0.999240639,969,709,277,1.785000171,1.865995982,0.866336504,0.866336504,0.000002415,1,0,ok,map,709,277,954,0,ok,31,TRACKING,203,0,0,-1,0,0,0,nan,nan,0,0,nan,nan,
1750921999.598172188,1,-0.112091477,-0.067148564,-0.149694074,0.018282314,0.040907440,0.001015780,0.998995148,977,692,273,1.806474059,1.850003070,0.764260127,0.764260127,0.000000000,1,0,ok,map,692,273,954,0,ok,23,TRACKING,203,0,0,-1,0,0,0,nan,nan,0,0,nan,nan,
1750921999.610172272,1,-0.111235302,-0.067356422,-0.162251495,0.018421627,0.048252919,0.000476536,0.998665145,965,677,257,1.811776269,1.884170798,0.844994506,0.844994506,0.000001708,1,0,ok,map,677,257,954,0,ok,35,TRACKING,203,0,0,-1,0,0,0,nan,nan,0,0,nan,nan,
1750921999.622172356,1,-0.117097558,-0.067167295,-0.191148381,0.017701912,0.054972396,0.000430370,0.998330853,968,655,236,1.916253214,1.984494037,0.802636310,0.802636310,0.000000000,1,0,ok,map,655,236,954,0,ok,32,TRACKING,204,1,0,-1,0,0,0,nan,nan,0,0,nan,nan,
1750921999.634172440,1,-0.121128543,-0.066900409,-0.212055807,0.016748924,0.061928953,-0.000883625,0.997939626,935,713,380,1.445803012,1.389451914,0.819804057,0.819804057,0.000001708,1,0,ok,map,713,380,958,1,ok,65,TRACKING,204,0,0,-1,0,0,0,nan,nan,0,0,nan,nan,
1750921999.646172523,1,-0.126790480,-0.066259375,-0.235229410,0.015448672,0.069213391,-0.000337309,0.997482196,972,709,374,1.681977256,1.654852292,0.851852813,0.851852813,0.000002091,1,0,ok,map,709,374,958,0,ok,28,TRACKING,204,0,0,-1,0,0,0,nan,nan,0,0,nan,nan,
1750921999.658172607,1,-0.132087252,-0.065047228,-0.257716513,0.016940789,0.076330138,0.000265376,0.996938639,967,701,354,1.627926110,1.586150443,0.838426804,0.838426804,0.000002091,1,0,ok,map,701,354,958,0,ok,33,TRACKING,204,0,0,-1,0,0,0,nan,nan,0,0,nan,nan,
1750921999.670172691,1,-0.134931024,-0.066434326,-0.278137672,0.019288430,0.083574439,-0.000261603,0.996314810,959,690,332,1.583565652,1.546628296,0.877643220,0.877643220,0.000000000,1,0,ok,map,690,332,958,0,ok,41,TRACKING,204,0,0,-1,0,0,0,nan,nan,0,0,nan,nan,
1750921999.682172775,1,-0.140929389,-0.067704999,-0.297936327,0.018415136,0.090207707,-0.000723200,0.995752444,974,680,320,1.654006937,1.599668859,0.771196852,0.771196852,0.000001207,1,0,ok,map,680,320,958,0,ok,26,TRACKING,204,0,0,-1,0,0,0,nan,nan,0,0,nan,nan,
1750921999.694172859,1,-0.144633736,-0.065278702,-0.319756683,0.016985492,0.097708724,-0.001931885,0.995068222,975,667,286,1.630527358,1.634818617,0.889384869,0.889384869,0.000002091,1,0,ok,map,667,286,958,0,ok,25,TRACKING,204,0,0,-1,0,0,0,nan,nan,0,0,nan,nan,
1750921999.706172943,1,-0.153270165,-0.068994377,-0.345088303,0.018491343,0.104531340,-0.001175642,0.994348976,962,651,284,1.642609624,1.678323527,0.809515418,0.809515418,0.000001708,1,0,ok,map,651,284,958,0,ok,38,TRACKING,204,0,0,-1,0,0,0,nan,nan,0,0,nan,nan,
1750921999.718173027,1,-0.159626238,-0.070182527,-0.366589524,0.017266926,0.111568597,-0.001596065,0.993605432,959,624,250,1.610066960,1.555419838,0.824358726,0.824358726,0.000000000,1,0,ok,map,624,250,958,0,ok,41,TRACKING,204,0,0,-1,0,0,0,nan,nan,0,0,nan,nan,
1750921999.730173111,1,-0.164629815,-0.070680940,-0.380896513,0.014611862,0.118388888,-0.001895841,0.992857981,969,606,255,1.709378868,1.711060608,0.843743596,0.843743596,0.000002091,1,0,ok,map,606,255,958,0,ok,31,TRACKING,204,0,0,-1,0,0,0,nan,nan,0,0,nan,nan,
1750921999.742173195,1,-0.168203009,-0.065521486,-0.402356729,0.015120417,0.125291636,-0.002597934,0.992001325,957,589,222,1.779996562,1.839916705,0.811512963,0.811512963,0.000002415,1,0,ok,map,589,222,958,0,ok,43,TRACKING,205,1,0,-1,0,0,0,nan,nan,0,0,nan,nan,
1750921999.754173279,1,-0.175838455,-0.065450914,-0.423363693,0.017026303,0.132252793,-0.003250843,0.991064446,961,723,389,1.309884193,1.191289473,0.837337251,0.837337251,0.000001708,1,0,ok,map,723,389,1038,0,ok,39,TRACKING,205,0,0,-1,0,0,0,nan,nan,0,0,nan,nan,
1750921999.766173363,1,-0.182822388,-0.066584431,-0.444375685,0.018174028,0.139529252,-0.002784849,0.990047240,966,703,376,1.444214896,1.411192038,0.853812811,0.853812811,0.000001708,1,0,ok,map,703,376,1038,0,ok,34,TRACKING,205,0,0,-1,0,0,0,nan,nan,0,0,nan,nan,
1750921999.778173447,1,-0.190550124,-0.068679590,-0.466582692,0.018481706,0.146425518,-0.003409785,0.989043158,956,674,352,1.508813635,1.433399857,0.802567034,0.802567034,0.000001708,1,0,ok,map,674,352,1038,0,ok,44,TRACKING,205,0,0,-1,0,0,0,nan,nan,0,0,nan,nan,
1750921999.790173531,1,-0.198502996,-0.071403443,-0.487826003,0.016753972,0.153001829,-0.004363008,0.988074243,959,647,302,1.577622649,1.517889139,0.794579583,0.794579583,0.000001708,1,0,ok,map,647,302,1038,0,ok,41,TRACKING,205,0,0,-1,0,0,0,nan,nan,0,0,nan,nan,
1750921999.802173615,1,-0.207163641,-0.070723104,-0.507714320,0.012975151,0.160146511,-0.003567825,0.987001525,974,625,292,1.595666029,1.614310106,0.938737600,0.938737600,0.000001708,1,0,ok,map,625,292,1038,0,ok,26,TRACKING,205,0,0,-1,0,0,0,nan,nan,0,0,nan,nan,
1750921999.814173698,1,-0.211159524,-0.062577370,-0.525008488,0.011973582,0.167191312,-0.003143444,0.985846751,956,593,170,1.621397562,1.589708389,0.814512621,0.814512621,0.000000000,1,0,ok,map,593,170,1038,0,ok,44,TRACKING,206,1,0,-1,0,0,0,nan,nan,0,0,nan,nan,
1750921999.826173782,1,-0.222133096,-0.064610557,-0.548010814,0.015728181,0.173887322,-0.005796957,0.984622881,945,633,272,1.354172044,1.288619489,0.941276962,0.941276962,0.000000000,1,0,ok,map,633,272,1089,0,ok,55,TRACKING,206,0,0,-1,0,0,0,nan,nan,0,0,nan,nan,
1750921999.838173866,1,-0.229644278,-0.066834340,-0.565131663,0.017974568,0.181328485,-0.005431645,0.983243303,950,606,239,1.499700021,1.459851933,0.905593638,0.905593638,0.000001708,1,0,ok,map,606,239,1089,0,ok,50,TRACKING,206,0,0,-1,0,0,0,nan,nan,0,0,nan,nan,
1750921999.850173950,1,-0.240647349,-0.068220867,-0.589637271,0.016706003,0.188492336,-0.005896748,0.981914852,959,583,237,1.725586676,1.752219224,0.849148728,0.849148728,0.000001207,1,0,ok,map,583,237,1089,0,ok,41,TRACKING,206,0,0,-1,0,0,0,nan,nan,0,0,nan,nan,
1750921999.862174034,1,-0.248366890,-0.067960890,-0.606746466,0.014781336,0.195411626,-0.006787427,0.980586426,944,541,230,1.690275045,1.696607770,0.843157066,0.843157066,0.000001708,1,0,ok,map,541,230,1089,0,ok,56,TRACKING,206,0,0,-1,0,0,0,nan,nan,0,0,nan,nan,
1750921999.874174118,1,-0.254936947,-0.066972252,-0.627108863,0.012930219,0.202256674,-0.006542242,0.979225330,988,540,234,1.739101446,1.730199338,0.795964305,0.795964305,0.000001708,1,0,ok,map,540,234,1089,0,ok,12,TRACKING,207,1,0,-1,0,0,0,nan,nan,0,0,nan,nan,
1750921999.886174202,1,-0.265934119,-0.065966405,-0.647070803,0.012534293,0.208887010,-0.007157426,0.977833258,979,585,314,1.299829513,1.160322409,0.780860542,0.780860542,0.000001708,1,0,ok,map,585,314,1079,0,ok,21,TRACKING,207,0,0,-1,0,0,0,nan,nan,0,0,nan,nan,
1750921999.898174286,1,-0.275646209,-0.066279230,-0.664710907,0.013361267,0.215703179,-0.007167736,0.976341251,971,576,304,1.407869598,1.270071676,0.805167345,0.805167345,0.000002091,1,0,ok,map,576,304,1079,0,ok,29,TRACKING,207,0,0,-1,0,0,0,nan,nan,0,0,nan,nan,
1750921999.910174370,1,-0.286914254,-0.067150876,-0.685289412,0.014281923,0.222535548,-0.007070045,0.974794322,985,572,290,1.479687153,1.416431765,0.809730388,0.809730388,0.000000000,1,0,ok,map,572,290,1079,0,ok,15,TRACKING,207,0,0,-1,0,0,0,nan,nan,0,0,nan,nan,
1750921999.922174454,1,-0.293541107,-0.068976971,-0.702130121,0.015273083,0.229479243,-0.008002462,0.973160814,978,566,272,1.513617697,1.496574124,0.832153079,0.832153079,0.000001207,1,0,ok,map,566,272,1079,0,ok,22,TRACKING,207,0,0,-1,0,0,0,nan,nan,0,0,nan,nan,
1750921999.934174538,1,-0.305428909,-0.067232395,-0.724029972,0.013099262,0.236026215,-0.009298157,0.971613905,978,561,257,1.450471406,1.456616802,0.776508060,0.776508060,0.000001708,1,0,ok,map,561,257,1079,0,ok,22,TRACKING,208,1,0,-1,0,0,0,nan,nan,0,0,nan,nan,
1750921999.946174622,1,-0.317238723,-0.067860307,-0.743407407,0.011592545,0.242635750,-0.009437165,0.970002292,975,586,336,1.278908530,1.125509603,0.798637958,0.798637958,0.000001708,1,0,ok,map,586,336,942,0,ok,25,TRACKING,208,0,0,-1,0,0,0,nan,nan,0,0,nan,nan,
1750921999.958174706,1,-0.328885412,-0.067427149,-0.761098954,0.011853694,0.249413846,-0.008712116,0.968285249,966,579,328,1.336749459,1.208931415,0.806100282,0.806100282,0.000001207,1,0,ok,map,579,328,942,0,ok,34,TRACKING,208,0,0,-1,0,0,0,nan,nan,0,0,nan,nan,
1750921999.970174789,1,-0.341498497,-0.067191643,-0.781006288,0.012586942,0.256020494,-0.008436552,0.966552585,959,557,303,1.355513475,1.296858941,0.787800859,0.787800859,0.000001708,1,0,ok,map,557,303,942,0,ok,41,TRACKING,208,0,0,-1,0,0,0,nan,nan,0,0,nan,nan,
1750921999.982174873,1,-0.352833032,-0.066386972,-0.798479868,0.013648211,0.262502793,-0.009563248,0.964787310,914,509,293,1.389277250,1.265269830,0.790036551,0.790036551,0.000002415,1,0,ok,map,509,293,942,0,ok,86,TRACKING,208,0,0,-1,0,0,0,nan,nan,0,0,nan,nan,
1750921999.994174957,1,-0.359845342,-0.065087983,-0.814351679,0.013774468,0.269407304,-0.010643770,0.962868983,976,501,287,1.388503029,1.261733175,0.805548950,0.805548950,0.000002415,1,0,ok,map,501,287,942,0,ok,24,TRACKING,209,1,0,-1,0,0,0,nan,nan,0,0,nan,nan,
1750922000.006175041,1,-0.373837109,-0.066508015,-0.833341223,0.013389056,0.275973437,-0.011250660,0.961006149,983,522,346,1.222454859,1.064108552,0.786446308,0.786446308,0.000000000,1,0,ok,map,522,346,777,0,ok,17,TRACKING,209,0,0,-1,0,0,0,nan,nan,0,0,nan,nan,
1750922000.018175125,1,-0.385614168,-0.066513890,-0.850526544,0.011819149,0.282557336,-0.011569377,0.959107819,973,514,329,1.280814585,1.160101952,0.806367819,0.806367819,0.000001708,1,0,ok,map,514,329,777,0,ok,27,TRACKING,209,0,0,-1,0,0,0,nan,nan,0,0,nan,nan,
1750922000.030175209,1,-0.398182872,-0.067407422,-0.868063391,0.011408871,0.289170781,-0.011324190,0.957142549,983,511,320,1.389315371,1.311130564,0.792494629,0.792494629,0.000001708,1,0,ok,map,511,320,777,0,ok,17,TRACKING,209,0,0,-1,0,0,0,nan,nan,0,0,nan,nan,
1750922000.042175293,1,-0.412340007,-0.066982603,-0.885773465,0.011545775,0.295478573,-0.011939121,0.955204986,973,502,310,1.415212606,1.322705105,0.759591137,0.759591137,0.000001708,1,0,ok,map,502,310,777,0,ok,27,TRACKING,209,0,0,-1,0,0,0,nan,nan,0,0,nan,nan,
1750922000.054175377,1,-0.421753322,-0.065528485,-0.900270412,0.011991904,0.302466303,-0.012386225,0.953004151,962,495,298,1.445013067,1.399234318,0.818659023,0.818659023,0.000001708,1,0,ok,map,495,298,777,0,ok,38,TRACKING,210,1,0,-1,0,0,0,nan,nan,0,0,nan,nan,
1750922000.066175461,1,-0.435365337,-0.065015835,-0.916890286,0.011937910,0.309121637,-0.012842372,0.950860859,965,506,348,1.187271127,0.997360273,0.802945617,0.802945617,0.000000000,1,0,ok,map,506,348,616,0,ok,35,TRACKING,210,0,0,-1,0,0,0,nan,nan,0,0,nan,nan,
1750922000.078175545,1,-0.449611309,-0.064350673,-0.934387653,0.012126218,0.315926227,-0.012656361,0.948621837,974,505,334,1.249991281,1.072641897,0.821437972,0.821437972,0.000002091,1,0,ok,map,505,334,616,0,ok,26,TRACKING,210,0,0,-1,0,0,0,nan,nan,0,0,nan,nan,
1750922000.090175629,1,-0.463678266,-0.066005531,-0.950977908,0.013387274,0.322387186,-0.012965005,0.946424425,959,494,323,1.337833231,1.194599742,0.796047149,0.796047149,0.000002415,1,0,ok,map,494,323,616,0,ok,41,TRACKING,210,0,0,-1,0,0,0,nan,nan,0,0,nan,nan,
1750922000.102175713,1,-0.479788183,-0.066724156,-0.969064539,0.012514717,0.328925136,-0.014272539,0.944165203,866,444,307,1.398959217,1.282078233,0.812874152,0.812874152,0.000002091,1,0,ok,map,444,307,616,0,ok,134,TRACKING,210,0,0,-1,0,0,0,nan,nan,0,0,nan,nan,
1750922000.114175797,1,-0.488369144,-0.064108805,-0.980889427,0.010303015,0.335957137,-0.015522516,0.941692997,921,443,300,1.374211002,1.277921560,0.832224079,0.832224079,0.000002415,1,0,ok,map,443,300,616,0,ok,79,TRACKING,211,1,0,-1,0,0,0,nan,nan,0,0,nan,nan,
1750922000.126175880,1,-0.502988015,-0.064247808,-0.996007195,0.010822782,0.342563317,-0.015605831,0.939302773,953,462,361,1.157926407,0.988320968,0.807298060,0.807298060,0.000001207,1,0,ok,map,462,361,592,0,ok,47,TRACKING,211,0,0,-1,0,0,0,nan,nan,0,0,nan,nan,
1750922000.138175964,1,-0.518337694,-0.063646552,-1.011489314,0.011457986,0.349460497,-0.014959285,0.936761600,975,459,357,1.232214558,1.095002101,0.848677242,0.848677242,0.000002091,1,0,ok,map,459,357,592,0,ok,25,TRACKING,211,0,0,-1,0,0,0,nan,nan,0,0,nan,nan,
1750922000.150176048,1,-0.532656740,-0.064524565,-1.026806313,0.012865062,0.356175586,-0.014685106,0.934215066,977,452,346,1.312222733,1.194138992,0.839202474,0.839202474,0.000001708,1,0,ok,map,452,346,592,0,ok,23,TRACKING,211,0,0,-1,0,0,0,nan,nan,0,0,nan,nan,
1750922000.162176132,1,-0.547656730,-0.066098953,-1.040738355,0.012442172,0.362361846,-0.015781885,0.931820807,966,444,328,1.346526389,1.270530219,0.771978296,0.771978296,0.000001207,1,0,ok,map,444,328,592,0,ok,34,TRACKING,211,0,0,-1,0,0,0,nan,nan,0,0,nan,nan,
1750922000.174176216,1,-0.563167671,-0.063983948,-1.056322860,0.010093246,0.369289181,-0.016026675,0.929121506,949,428,325,1.368626096,1.278734609,0.814950077,0.814950077,0.000000000,1,0,ok,map,428,325,592,0,ok,51,TRACKING,212,1,0,-1,0,0,0,nan,nan,0,0,nan,nan,
1750922000.186176300,1,-0.578110732,-0.063444879,-1.070340203,0.009714445,0.375723403,-0.015837327,0.926545592,975,469,393,1.194213140,1.025739326,0.795682081,0.795682081,0.000001708,1,0,ok,map,469,393,593,0,ok,25,TRACKING,212,0,0,-1,0,0,0,nan,nan,0,0,nan,nan,
1750922000.198176384,1,-0.595413665,-0.064149645,-1.085884729,0.010073111,0.382259847,-0.016268435,0.923856742,971,463,382,1.243592446,1.151159668,0.812467204,0.812467204,0.000002091,1,0,ok,map,463,382,593,0,ok,29,TRACKING,212,0,0,-1,0,0,0,nan,nan,0,0,nan,nan,
1750922000.210176468,1,-0.612186450,-0.065293384,-1.100764960,0.010638840,0.388885532,-0.015714936,0.921090603,953,458,371,1.319651872,1.228798418,0.827743596,0.827743596,0.000001207,1,0,ok,map,458,371,593,0,ok,47,TRACKING,212,0,0,-1,0,0,0,nan,nan,0,0,nan,nan,
1750922000.222176552,1,-0.628609465,-0.066478767,-1.114171609,0.010663243,0.395131330,-0.015501085,0.918431948,951,456,353,1.365866129,1.325107311,0.778252485,0.778252485,0.000002091,1,0,ok,map,456,353,593,0,ok,49,TRACKING,212,0,0,-1,0,0,0,nan,nan,0,0,nan,nan,
1750922000.234176636,1,-0.643680350,-0.063840044,-1.127069739,0.008122297,0.401947627,-0.015289374,0.915498972,889,451,343,1.339680457,1.228456940,0.811693162,0.811693162,0.000002958,1,0,ok,map,451,343,593,0,ok,111,TRACKING,213,1,8,12,124,1,0,0.005895272,0.004196812,106,66,0.622641509,1.712969868,ok
1750922000.246176720,1,-0.663825076,-0.061205638,-1.144568973,0.007192157,0.408096464,-0.016024131,0.912769838,960,494,374,1.378154221,1.247236497,0.782766638,0.782766638,0.000001708,1,0,ok,map,494,374,581,0,ok,40,TRACKING,213,0,0,-1,0,0,0,nan,nan,0,0,nan,nan,
1750922000.258176804,1,-0.682945779,-0.061663646,-1.159732281,0.007998812,0.414351789,-0.016811435,0.909926365,964,491,359,1.443123915,1.365797929,0.797915900,0.797915900,0.000002091,1,0,ok,map,491,359,581,0,ok,36,TRACKING,213,0,0,-1,0,0,0,nan,nan,0,0,nan,nan,
1750922000.270176888,1,-0.697053818,-0.062366360,-1.170241901,0.009185447,0.420889373,-0.016490459,0.906915557,971,484,353,1.465847424,1.378043361,0.836725044,0.836725044,0.000001207,1,0,ok,map,484,353,581,0,ok,29,TRACKING,213,0,0,-1,0,0,0,nan,nan,0,0,nan,nan,
1750922000.282176971,1,-0.716398216,-0.061688045,-1.185327510,0.009714203,0.427234527,-0.016157215,0.903944267,975,482,334,1.512436038,1.453745119,0.806063322,0.806063322,0.000001207,1,0,ok,map,482,334,581,0,ok,25,TRACKING,213,0,0,-1,0,0,0,nan,nan,0,0,nan,nan,
1750922000.294177055,1,-0.728460935,-0.063144074,-1.193448928,0.009681196,0.433420312,-0.016747510,0.900984256,957,477,336,1.541857319,1.475366121,0.766525783,0.766525783,0.000002700,1,0,ok,map,477,336,581,0,ok,43,TRACKING,214,1,0,-1,0,0,0,nan,nan,0,0,nan,nan,
1750922000.306177139,1,-0.748031360,-0.062546225,-1.208316543,0.007794192,0.439509065,-0.017986197,0.898024236,962,539,418,1.183953612,1.020598849,0.817785419,0.817785419,0.000001207,1,0,ok,map,539,418,606,0,ok,38,TRACKING,214,0,0,-1,0,0,0,nan,nan,0,0,nan,nan,
1750922000.318177223,1,-0.762989486,-0.061973345,-1.218594946,0.007760194,0.445902020,-0.017823910,0.894870648,960,531,395,1.292105867,1.123483626,0.817084448,0.817084448,0.000001708,1,0,ok,map,531,395,606,0,ok,40,TRACKING,214,0,0,-1,0,0,0,nan,nan,0,0,nan,nan,
1750922000.330177307,1,-0.783052749,-0.062621157,-1.232312348,0.008754790,0.452140640,-0.018525637,0.891711274,966,515,381,1.343972021,1.211498596,0.813389258,0.813389258,0.000001207,1,0,ok,map,515,381,606,0,ok,34,TRACKING,214,0,0,-1,0,0,0,nan,nan,0,0,nan,nan,
1750922000.342177391,1,-0.802150331,-0.063306194,-1.243447405,0.008520811,0.458085019,-0.018856820,0.888667503,967,509,367,1.374980064,1.220358065,0.766691827,0.766691827,0.000001708,1,0,ok,map,509,367,606,0,ok,33,TRACKING,214,0,0,-1,0,0,0,nan,nan,0,0,nan,nan,
1750922000.354177475,1,-0.814477901,-0.060890735,-1.250991339,0.007411704,0.464643777,-0.017982658,0.885284051,965,499,348,1.359460142,1.241072004,0.828017817,0.828017817,0.000001207,1,0,ok,map,499,348,606,0,ok,35,TRACKING,215,1,0,-1,0,0,0,nan,nan,0,0,nan,nan,
1750922000.366177559,1,-0.831517047,-0.061234361,-1.261395024,0.008492470,0.470887610,-0.018420481,0.881959989,904,497,386,1.137503981,0.985520071,0.821508854,0.821508854,0.000001708,1,0,ok,map,497,386,563,0,ok,96,TRACKING,215,0,0,-1,0,0,0,nan,nan,0,0,nan,nan,
1750922000.378177643,1,-0.853197492,-0.062431257,-1.273688309,0.009820538,0.477182401,-0.018258173,0.878559703,947,486,370,1.195874851,0.996799923,0.834055596,0.834055596,0.000001708,1,0,ok,map,486,370,563,0,ok,53,TRACKING,215,0,0,-1,0,0,0,nan,nan,0,0,nan,nan,
1750922000.390177727,1,-0.873405684,-0.062175004,-1.284942372,0.009495932,0.483310428,-0.018852952,0.875194506,973,482,365,1.265327418,1.066750045,0.804891307,0.804891307,0.000001708,1,0,ok,map,482,365,563,0,ok,27,TRACKING,215,0,0,-1,0,0,0,nan,nan,0,0,nan,nan,
1750922000.402177811,1,-0.890524664,-0.063644607,-1.294865614,0.008956679,0.489352458,-0.019838949,0.871814410,979,476,358,1.276031872,1.124910199,0.803730264,0.803730264,0.000001708,1,0,ok,map,476,358,563,0,ok,21,TRACKING,215,0,0,-1,0,0,0,nan,nan,0,0,nan,nan,
1750922000.414177895,1,-0.906733614,-0.062304394,-1.303935914,0.008731918,0.495873252,-0.018825145,0.868146926,970,465,358,1.319759935,1.185553116,0.826196165,0.826196165,0.000001708,1,0,ok,map,465,358,563,0,ok,30,TRACKING,216,1,0,-1,0,0,0,nan,nan,0,0,nan,nan,
1750922000.426177979,1,-0.925110343,-0.062930743,-1.313643540,0.008001120,0.501809007,-0.019358822,0.864724776,971,501,417,1.075406070,0.896770383,0.791954265,0.791954265,0.000002415,1,0,ok,map,501,417,593,1,ok,29,TRACKING,216,0,0,-1,0,0,0,nan,nan,0,0,nan,nan,
1750922000.438178062,1,-0.943246397,-0.063681550,-1.322611717,0.007240225,0.507926753,-0.019596740,0.861146886,967,500,415,1.162369548,1.030418849,0.817254676,0.817254676,0.000002091,1,0,ok,map,500,415,593,0,ok,33,TRACKING,216,0,0,-1,0,0,0,nan,nan,0,0,nan,nan,
1750922000.450178146,1,-0.962567099,-0.061849953,-1.332052735,0.006589912,0.514136148,-0.019737131,0.857456144,971,500,403,1.219476803,1.098763060,0.831251091,0.831251091,0.000000000,1,0,ok,map,500,403,593,0,ok,29,TRACKING,216,0,0,-1,0,0,0,nan,nan,0,0,nan,nan,
1750922000.462178230,1,-0.982733852,-0.062643277,-1.341320189,0.008417152,0.520355635,-0.020501728,0.853662020,970,499,398,1.263845851,1.074989058,0.865155518,0.865155518,0.000001708,1,0,ok,map,499,398,593,0,ok,30,TRACKING,216,0,0,-1,0,0,0,nan,nan,0,0,nan,nan,
1750922000.474178314,1,-0.999058875,-0.062273334,-1.348318547,0.009244707,0.526484176,-0.020543507,0.849886411,974,498,380,1.241025785,1.090791664,0.800960859,0.800960859,0.000002091,1,0,ok,map,498,380,593,0,ok,26,TRACKING,217,1,0,-1,0,0,0,nan,nan,0,0,nan,nan,
1750922000.486178398,1,-1.018492270,-0.063827937,-1.357058477,0.009339842,0.532479606,-0.021231900,0.846124957,961,533,438,1.106434843,0.900739535,0.814945649,0.814945649,0.000001708,1,0,ok,map,533,438,624,0,ok,39,TRACKING,217,0,0,-1,0,0,0,nan,nan,0,0,nan,nan,
1750922000.498178482,1,-1.038444686,-0.065091270,-1.366338152,0.007193128,0.538194188,-0.022452279,0.842491051,894,518,419,1.171590710,0.945965124,0.826010756,0.826010756,0.000002415,1,0,ok,map,518,419,624,0,ok,106,TRACKING,217,0,0,-1,0,0,0,nan,nan,0,0,nan,nan,
1750922000.510178566,1,-1.058235424,-0.063389155,-1.373619611,0.005489104,0.544142030,-0.022241727,0.838680289,947,510,402,1.224789549,1.063439259,0.833034094,0.833034094,0.000002415,1,0,ok,map,510,402,624,0,ok,53,TRACKING,217,0,0,-1,0,0,0,nan,nan,0,0,nan,nan,
1750922000.522178650,1,-1.076282407,-0.065054555,-1.381597509,0.006760443,0.550103354,-0.022100477,0.834776716,948,505,396,1.274902037,1.196818587,0.829596659,0.829596659,0.000002415,1,0,ok,map,505,396,624,0,ok,52,TRACKING,217,0,0,-1,0,0,0,nan,nan,0,0,nan,nan,
1750922000.534178734,1,-1.092395564,-0.064499209,-1.385998973,0.007104656,0.556067489,-0.021704046,0.830823330,919,501,381,1.265404537,1.154546749,0.793668685,0.793668685,0.000002415,1,0,ok,map,501,381,624,0,ok,81,TRACKING,218,1,0,-1,0,0,0,nan,nan,0,0,nan,nan,
1750922000.546178818,1,-1.113454150,-0.065516702,-1.393599388,0.007418895,0.561957643,-0.021656793,0.826849170,950,543,435,1.104634450,0.897622900,0.815043751,0.815043751,0.000001708,1,0,ok,map,543,435,647,0,ok,50,TRACKING,218,0,0,-1,0,0,0,nan,nan,0,0,nan,nan,
1750922000.558178902,1,-1.134963978,-0.064831434,-1.400940099,0.006311464,0.567378734,-0.022132529,0.823135279,959,542,430,1.175733044,0.989208113,0.765572054,0.765572054,0.000002091,1,0,ok,map,542,430,647,0,ok,41,TRACKING,218,0,0,-1,0,0,0,nan,nan,0,0,nan,nan,
1750922000.570178986,1,-1.156942111,-0.065399958,-1.408106433,0.005860493,0.572964574,-0.022015945,0.819263419,969,541,423,1.200681862,1.026986329,0.780654127,0.780654127,0.000002091,1,0,ok,map,541,423,647,0,ok,31,TRACKING,218,0,0,-1,0,0,0,nan,nan,0,0,nan,nan,
1750922000.582179070,1,-1.178001115,-0.065507607,-1.414732346,0.005804865,0.578710414,-0.021670688,0.815224473,932,531,409,1.220636467,1.076294494,0.805817941,0.805817941,0.000001708,1,0,ok,map,531,409,647,0,ok,68,TRACKING,218,0,0,-1,0,0,0,nan,nan,0,0,nan,nan,
1750922000.594179153,1,-1.194416365,-0.064162310,-1.418597388,0.005482945,0.584374569,-0.021059144,0.811192217,960,529,394,1.232017678,1.080893588,0.775497296,0.775497296,0.000000000,1,0,ok,map,529,394,647,0,ok,40,TRACKING,219,1,0,-1,0,0,0,nan,nan,0,0,nan,nan,
1750922000.606179237,1,-1.214330751,-0.065738149,-1.425402674,0.005131458,0.589891666,-0.021435208,0.807181530,963,561,432,1.104144261,0.892080181,0.783835692,0.783835692,0.000001207,1,0,ok,map,561,432,631,0,ok,37,TRACKING,219,0,0,-1,0,0,0,nan,nan,0,0,nan,nan,
1750922000.618179321,1,-1.234389032,-0.065997284,-1.430865345,0.004360274,0.595340439,-0.022011811,0.803160152,949,556,418,1.140084036,0.948785929,0.783826275,0.783826275,0.000000000,1,0,ok,map,556,418,631,0,ok,51,TRACKING,219,0,0,-1,0,0,0,nan,nan,0,0,nan,nan,
1750922000.630179405,1,-1.255290925,-0.064656402,-1.436374215,0.004183504,0.601000801,-0.022025639,0.798933919,954,545,409,1.242786600,1.082463199,0.809736691,0.809736691,0.000000000,1,0,ok,map,545,409,631,0,ok,46,TRACKING,219,0,0,-1,0,0,0,nan,nan,0,0,nan,nan,
1750922000.642179489,1,-1.278210319,-0.065126337,-1.441463727,0.004543391,0.606213947,-0.023755025,0.794933775,945,532,390,1.252352842,1.138940590,0.779715444,0.779715444,0.000002091,1,0,ok,map,532,390,631,0,ok,55,TRACKING,219,0,0,-1,0,0,0,nan,nan,0,0,nan,nan,
1750922000.654179573,1,-1.294232303,-0.063652823,-1.444743325,0.004900491,0.611588103,-0.023719995,0.790805501,925,517,373,1.202658239,1.064483190,0.767427933,0.767427933,0.000002415,1,0,ok,map,517,373,631,1,ok,75,TRACKING,220,1,0,-1,0,0,0,nan,nan,0,0,nan,nan,
1750922000.666179657,1,-1.316013421,-0.064007568,-1.448803536,0.005145290,0.616930547,-0.023460142,0.786651033,978,643,524,1.000592170,0.809995914,0.776597192,0.776597192,0.000002091,1,0,ok,map,643,524,731,0,ok,22,TRACKING,220,0,0,-1,0,0,0,nan,nan,0,0,nan,nan,
1750922000.678179741,1,-1.338526764,-0.065057647,-1.453608920,0.005437115,0.622340580,-0.022969561,0.782390593,974,641,501,1.036395199,0.877515179,0.791808838,0.791808838,0.000002091,1,0,ok,map,641,501,731,0,ok,26,TRACKING,220,0,0,-1,0,0,0,nan,nan,0,0,nan,nan,
1750922000.690179825,1,-1.358176008,-0.064857682,-1.458193646,0.005140140,0.627548720,-0.022737101,0.778228248,972,636,495,1.176406456,1.056833155,0.765212868,0.765212868,0.000001708,1,0,ok,map,636,495,731,0,ok,28,TRACKING,220,0,0,-1,0,0,0,nan,nan,0,0,nan,nan,
1750922000.702179909,1,-1.383313792,-0.064284051,-1.461991775,0.003908973,0.632519258,-0.024667451,0.774141864,936,617,467,1.188501778,1.087332182,0.782644326,0.782644326,0.000002415,1,0,ok,map,617,467,731,0,ok,64,TRACKING,220,0,0,-1,0,0,0,nan,nan,0,0,nan,nan,
1750922000.714179993,1,-1.398433364,-0.064049687,-1.464802103,0.004235464,0.637764862,-0.026305317,0.769770142,962,605,464,1.128595413,0.949421977,0.805552730,0.805552730,0.000001708,1,0,ok,map,605,464,731,0,ok,38,TRACKING,220,0,0,-1,0,0,0,nan,nan,0,0,nan,nan,
1750922000.726180077,1,-1.421122955,-0.064713124,-1.467148621,0.005534122,0.643496502,-0.025927022,0.764989814,960,599,445,1.175188719,1.062752320,0.869183823,0.869183823,0.000001708,1,0,ok,map,599,445,731,1,ok,40,TRACKING,220,0,0,-1,0,0,0,nan,nan,0,0,nan,nan,
1750922000.738180161,1,-1.436095197,-0.063856075,-1.469232604,0.005727502,0.648682387,-0.025235728,0.760619165,942,579,435,1.222302377,1.082404305,0.777974953,0.777974953,0.000001207,1,0,ok,map,579,435,731,1,ok,58,TRACKING,221,1,0,-1,0,0,0,nan,nan,0,0,nan,nan,
1750922000.750180244,1,-1.456173200,-0.065283883,-1.471323500,0.004862724,0.653569994,-0.025978269,0.756404486,968,662,530,0.965505900,0.803555286,0.751004008,0.751004008,0.000001708,1,0,ok,map,662,530,778,0,ok,32,TRACKING,221,0,0,-1,0,0,0,nan,nan,0,0,nan,nan,
1750922000.762180328,1,-1.477708900,-0.063280967,-1.473003369,0.003690267,0.658778613,-0.025579644,0.751892814,963,648,519,1.059614027,0.857625319,0.802293504,0.802293504,0.000001708,1,0,ok,map,648,519,778,0,ok,37,TRACKING,221,0,0,-1,0,0,0,nan,nan,0,0,nan,nan,
1750922000.774180412,1,-1.499099236,-0.063582236,-1.475020200,0.004489209,0.663959062,-0.025653806,0.747315257,951,634,512,1.148831350,1.016824026,0.797503642,0.797503642,0.000001708,1,0,ok,map,634,512,778,0,ok,49,TRACKING,221,0,0,-1,0,0,0,nan,nan,0,0,nan,nan,
1750922000.786180496,1,-1.522367311,-0.063545678,-1.476658851,0.004808462,0.668942928,-0.026123107,0.742839028,974,628,503,1.150851520,1.023248054,0.770391784,0.770391784,0.000002415,1,0,ok,map,628,503,778,0,ok,26,TRACKING,221,0,0,-1,0,0,0,nan,nan,0,0,nan,nan,
1750922000.798180580,1,-1.542357485,-0.064309558,-1.478043716,0.004902180,0.674011827,-0.026957539,0.738212244,959,620,480,1.183685775,1.127386614,0.792308589,0.792308589,0.000001708,1,0,ok,map,620,480,778,0,ok,41,TRACKING,221,0,0,-1,0,0,0,nan,nan,0,0,nan,nan,
1750922000.810180664,1,-1.565343757,-0.064579366,-1.479480648,0.004285299,0.678882190,-0.027624305,0.733714867,972,611,466,1.194608579,1.112029548,0.766754800,0.766754800,0.000001708,1,0,ok,map,611,466,778,0,ok,28,TRACKING,221,0,0,-1,0,0,0,nan,nan,0,0,nan,nan,
1750922000.822180748,1,-1.586350943,-0.064685858,-1.480380907,0.003800575,0.683924281,-0.027832945,0.729011976,976,604,456,1.240878019,1.134753678,0.792411513,0.792411513,0.000001708,1,0,ok,map,604,456,778,1,ok,24,TRACKING,221,0,0,-1,0,0,0,nan,nan,0,0,nan,nan,
1750922000.834180832,1,-1.599074359,-0.063399906,-1.479375404,0.004034613,0.688830359,-0.027249936,0.724398992,948,583,434,1.229136850,1.073963743,0.792627104,0.792627104,0.000002415,1,0,ok,map,583,434,778,0,ok,52,TRACKING,222,1,0,-1,0,0,0,nan,nan,0,0,nan,nan,
1750922000.846180916,1,-1.620076187,-0.063427632,-1.479115408,0.004547524,0.693908958,-0.027355542,0.719528563,963,667,536,1.033851487,0.874351953,0.808562514,0.808562514,0.000001207,1,0,ok,map,667,536,816,0,ok,37,TRACKING,222,0,0,-1,0,0,0,nan,nan,0,0,nan,nan,
1750922000.858181000,1,-1.640012688,-0.061931360,-1.478613402,0.005209356,0.699078585,-0.027349996,0.714502604,975,659,526,1.111453074,0.957663396,0.829690296,0.829690296,0.000002091,1,0,ok,map,659,526,816,0,ok,25,TRACKING,222,0,0,-1,0,0,0,nan,nan,0,0,nan,nan,
1750922000.870181084,1,-1.662355561,-0.062656062,-1.477699929,0.006809383,0.703982179,-0.027796755,0.709640799,971,649,508,1.174779622,1.092563005,0.813860520,0.813860520,0.000000000,1,0,ok,map,649,508,816,0,ok,29,TRACKING,222,0,0,-1,0,0,0,nan,nan,0,0,nan,nan,
1750922000.882181168,1,-1.685862556,-0.064219621,-1.477244654,0.006897009,0.708831559,-0.029234938,0.704737944,947,627,493,1.265470354,1.160437097,0.807286961,0.807286961,0.000001708,1,0,ok,map,627,493,816,0,ok,53,TRACKING,222,0,0,-1,0,0,0,nan,nan,0,0,nan,nan,
1750922000.894181252,1,-1.706887130,-0.064362525,-1.475605547,0.005469294,0.713615439,-0.030024263,0.699872585,971,625,485,1.263321606,1.160685704,0.803930087,0.803930087,0.000001708,1,0,ok,map,625,485,816,0,ok,29,TRACKING,222,0,0,-1,0,0,0,nan,nan,0,0,nan,nan,
1750922000.906181335,1,-1.728044979,-0.061510247,-1.473059327,0.005233469,0.718762208,-0.029460239,0.694611830,984,623,476,1.289204580,1.173281843,0.846262790,0.846262790,0.000001708,1,0,ok,map,623,476,816,2,ok,16,TRACKING,222,0,0,-1,0,0,0,nan,nan,0,0,nan,nan,
1750922000.918181419,1,-1.749434302,-0.063415208,-1.471641303,0.007502020,0.723654372,-0.029463033,0.689492566,992,622,461,1.383164974,1.331679431,0.852045931,0.852045931,0.000002091,1,0,ok,map,622,461,816,1,ok,8,TRACKING,222,0,0,-1,0,0,0,nan,nan,0,0,nan,nan,
1750922000.930181503,1,-1.769372720,-0.065525138,-1.468620723,0.007082309,0.728332411,-0.028945164,0.684575721,978,619,440,1.404234701,1.352282191,0.781443372,0.781443372,0.000001708,1,0,ok,map,619,440,816,0,ok,22,TRACKING,222,0,0,-1,0,0,0,nan,nan,0,0,nan,nan,
1750922000.942181587,1,-1.792650405,-0.064590793,-1.466176680,0.005834790,0.733390216,-0.027303969,0.679234304,980,613,417,1.446756354,1.372921732,0.875424198,0.875424198,0.000002091,1,0,ok,map,613,417,816,0,ok,20,TRACKING,222,0,0,-1,0,0,0,nan,nan,0,0,nan,nan,
1750922000.954181671,1,-1.811127894,-0.060900073,-1.460188446,0.004775101,0.737528288,-0.027201293,0.674751297,964,591,399,1.460859705,1.388700138,0.753976889,0.753976889,0.000001708,1,0,ok,map,591,399,816,0,ok,36,TRACKING,223,1,6,19,112,1,0,0.006525842,0.004346810,96,53,0.552083333,1.116952324,ok
1750922000.966181755,1,-1.814847420,-0.054069001,-1.468270947,0.006046183,0.742264124,-0.027775255,0.669504256,974,656,370,1.578675019,1.552953611,0.825575407,0.825575407,0.000001708,1,0,ok,map,656,370,846,0,ok,26,TRACKING,223,0,0,-1,0,0,0,nan,nan,0,0,nan,nan,
1750922000.978181839,1,-1.829154709,-0.056246269,-1.468420400,0.007959958,0.747067567,-0.028264700,0.664099237,989,652,350,1.627306734,1.670885196,0.858975619,0.858975619,0.000000000,1,0,ok,map,652,350,846,0,ok,11,TRACKING,223,0,0,-1,0,0,0,nan,nan,0,0,nan,nan,
1750922000.990181923,1,-1.849701761,-0.056777571,-1.465765211,0.007631084,0.751615725,-0.029237486,0.658908748,973,644,338,1.678596738,1.696633910,0.799530327,0.799530327,0.000002415,1,0,ok,map,644,338,846,1,ok,27,TRACKING,223,0,0,-1,0,0,0,nan,nan,0,0,nan,nan,
1750922001.002182007,1,-1.886456917,-0.057170501,-1.456067997,0.006568003,0.756064236,-0.030305224,0.653762439,961,622,321,1.751172080,1.857272161,0.798401017,0.798401017,0.000000000,1,0,ok,map,622,321,846,0,ok,39,TRACKING,223,0,0,-1,0,0,0,nan,nan,0,0,nan,nan,
1750922001.014182091,1,-1.897149176,-0.059115548,-1.453559579,0.004791290,0.760710033,-0.029244922,0.648415009,957,610,329,1.745184858,1.790304886,0.845648723,0.845648723,0.000002415,1,0,ok,map,610,329,846,0,ok,43,TRACKING,223,0,0,-1,0,0,0,nan,nan,0,0,nan,nan,
1750922001.026182175,1,-1.918064104,-0.059133837,-1.445409109,0.005144995,0.765488935,-0.028565015,0.642794103,940,584,305,1.637538216,1.670059873,0.843795098,0.843795098,0.000001708,1,0,ok,map,584,305,846,0,ok,60,TRACKING,224,1,0,-1,0,0,0,nan,nan,0,0,nan,nan,
1750922001.038182259,1,-1.936097717,-0.061768205,-1.442250282,0.006101661,0.770155421,-0.028650530,0.637183290,929,625,399,1.479086179,1.450393552,0.843475538,0.843475538,0.000001708,1,0,ok,map,625,399,883,0,ok,71,TRACKING,224,0,0,-1,0,0,0,nan,nan,0,0,nan,nan,
1750922001.050182343,1,-1.956183901,-0.059539161,-1.437261658,0.005628059,0.774727099,-0.028476121,0.631629130,963,618,390,1.522896152,1.497968625,0.826362219,0.826362219,0.000001708,1,0,ok,map,618,390,883,0,ok,37,TRACKING,224,0,0,-1,0,0,0,nan,nan,0,0,nan,nan,
1750922001.062182426,1,-1.981976171,-0.061900946,-1.428925624,0.005296336,0.779254468,-0.028758970,0.626025035,960,613,361,1.556058105,1.499326515,0.827071888,0.827071888,0.000001708,1,0,ok,map,613,361,883,0,ok,40,TRACKING,224,0,0,-1,0,0,0,nan,nan,0,0,nan,nan,
1750922001.074182510,1,-2.001992154,-0.060652537,-1.423254358,0.004846697,0.783776497,-0.028030991,0.620391147,978,612,367,1.672628742,1.683565856,0.833623457,0.833623457,0.000000000,1,0,ok,map,612,367,883,0,ok,22,TRACKING,224,0,0,-1,0,0,0,nan,nan,0,0,nan,nan,
1750922001.086182594,1,-2.020557800,-0.060386961,-1.416748635,0.004522161,0.788468948,-0.027261968,0.614453459,971,605,348,1.604751247,1.599100979,0.872494394,0.872494394,0.000001708,1,0,ok,map,605,348,883,0,ok,29,TRACKING,224,0,0,-1,0,0,0,nan,nan,0,0,nan,nan,
1750922001.098182678,1,-2.040524466,-0.059842706,-1.411860603,0.004604305,0.792849144,-0.027946469,0.608759419,974,601,337,1.622307233,1.616925263,0.826996505,0.826996505,0.000001708,1,0,ok,map,601,337,883,0,ok,26,TRACKING,224,0,0,-1,0,0,0,nan,nan,0,0,nan,nan,
1750922001.110182762,1,-2.058339654,-0.064772988,-1.402459654,0.005235691,0.797075315,-0.028192562,0.603198731,968,586,318,1.617411983,1.568600932,0.813564945,0.813564945,0.000000000,1,0,ok,map,586,318,883,0,ok,32,TRACKING,225,1,0,-1,0,0,0,nan,nan,0,0,nan,nan,
1750922001.122182846,1,-2.080443474,-0.064703007,-1.394289646,0.005196935,0.801507045,-0.027719607,0.597319907,969,656,410,1.444242692,1.384620088,0.845389351,0.845389351,0.000002091,1,0,ok,map,656,410,891,0,ok,31,TRACKING,225,0,0,-1,0,0,0,nan,nan,0,0,nan,nan,
1750922001.134182930,1,-2.099994854,-0.064164763,-1.387867717,0.004126831,0.805620353,-0.027452078,0.591781377,966,639,402,1.516584567,1.446063175,0.800596626,0.800596626,0.000002415,1,0,ok,map,639,402,891,0,ok,34,TRACKING,225,0,0,-1,0,0,0,nan,nan,0,0,nan,nan,
1750922001.146183014,1,-2.119923869,-0.062073647,-1.378894900,0.004009349,0.809820257,-0.026468023,0.586066993,959,623,383,1.531932857,1.500494487,0.820556880,0.820556880,0.000001708,1,0,ok,map,623,383,891,0,ok,41,TRACKING,225,0,0,-1,0,0,0,nan,nan,0,0,nan,nan,
1750922001.158183098,1,-2.141016843,-0.062960168,-1.369797289,0.005103795,0.813933182,-0.027229441,0.580297582,950,591,350,1.547026248,1.515042700,0.826173022,0.826173022,0.000002415,1,0,ok,map,591,350,891,0,ok,50,TRACKING,225,0,0,-1,0,0,0,nan,nan,0,0,nan,nan,
1750922001.170183182,1,-2.162724993,-0.066498326,-1.358714219,0.006216291,0.817698540,-0.027230156,0.574968672,955,567,339,1.584507166,1.550978579,0.774177349,0.774177349,0.000002091,1,0,ok,map,567,339,891,0,ok,45,TRACKING,226,1,0,-1,0,0,0,nan,nan,0,0,nan,nan,
1750922001.182183266,1,-2.180103814,-0.066869373,-1.352196902,0.006186696,0.821802597,-0.026351145,0.569129014,952,583,370,1.456580176,1.374804931,0.824092977,0.824092977,0.000001708,1,0,ok,map,583,370,838,0,ok,48,TRACKING,226,0,0,-1,0,0,0,nan,nan,0,0,nan,nan,
1750922001.194183350,1,-2.197532994,-0.066029222,-1.346165735,0.003961213,0.825570392,-0.026116356,0.563680558,959,570,347,1.496801005,1.454161433,0.801240443,0.801240443,0.000000000,1,0,ok,map,570,347,838,0,ok,41,TRACKING,226,0,0,-1,0,0,0,nan,nan,0,0,nan,nan,
1750922001.206183434,1,-2.218389556,-0.065469358,-1.336553352,0.004212575,0.829496713,-0.026972138,0.557844029,955,550,324,1.562099346,1.494664586,0.812524692,0.812524692,0.000001708,1,0,ok,map,550,324,838,0,ok,45,TRACKING,226,0,0,-1,0,0,0,nan,nan,0,0,nan,nan,
1750922001.218183517,1,-2.233479433,-0.067796618,-1.327331527,0.004364804,0.833312900,-0.027497646,0.552100026,954,534,315,1.629453385,1.578693852,0.792724875,0.792724875,0.000002415,1,0,ok,map,534,315,838,0,ok,46,TRACKING,226,0,0,-1,0,0,0,nan,nan,0,0,nan,nan,
1750922001.230183601,1,-2.253237720,-0.065400575,-1.317321066,0.005398289,0.837017706,-0.027381902,0.546463584,955,514,290,1.593678875,1.584493444,0.808089194,0.808089194,0.000002091,1,0,ok,map,514,290,838,0,ok,45,TRACKING,227,1,0,-1,0,0,0,nan,nan,0,0,nan,nan,
1750922001.242183685,1,-2.271568776,-0.070021792,-1.306593392,0.006036636,0.840766188,-0.028045763,0.540637782,938,525,351,1.482961866,1.405373022,0.800826017,0.800826017,0.000001708,1,0,ok,map,525,351,756,0,ok,62,TRACKING,227,0,0,-1,0,0,0,nan,nan,0,0,nan,nan,
1750922001.254183769,1,-2.290554625,-0.070829927,-1.296051234,0.004727076,0.844312135,-0.028788540,0.535056907,927,502,329,1.525536929,1.466689402,0.777085773,0.777085773,0.000002958,1,0,ok,map,502,329,756,0,ok,73,TRACKING,227,0,0,-1,0,0,0,nan,nan,0,0,nan,nan,
1750922001.266183853,1,-2.309206120,-0.070027411,-1.287881894,0.003579874,0.848054537,-0.028527856,0.529128386,925,479,320,1.572987009,1.492759057,0.814625711,0.814625711,0.000000000,1,0,ok,map,479,320,756,0,ok,75,TRACKING,227,0,0,-1,0,0,0,nan,nan,0,0,nan,nan,
1750922001.278183937,1,-2.325663778,-0.072031450,-1.278213269,0.002981341,0.851618535,-0.029009301,0.523350211,936,465,304,1.657655224,1.675987270,0.782917925,0.782917925,0.000002091,1,0,ok,map,465,304,756,0,ok,64,TRACKING,227,0,0,-1,0,0,0,nan,nan,0,0,nan,nan,
1750922001.290184021,1,-2.346079161,-0.072008863,-1.262761797,0.003364179,0.855188582,-0.028264292,0.517534831,933,452,280,1.545774344,1.563508235,0.831374881,0.831374881,0.000001708,1,0,ok,map,452,280,756,0,ok,67,TRACKING,228,1,0,-1,0,0,0,nan,nan,0,0,nan,nan,
1750922001.302184105,1,-2.364204921,-0.071408766,-1.253330696,0.003430237,0.859003502,-0.028086571,0.511187207,942,518,331,1.243144787,1.096454793,0.848922688,0.848922688,0.000001708,1,0,ok,map,518,331,745,1,ok,58,TRACKING,228,0,0,-1,0,0,0,nan,nan,0,0,nan,nan,
1750922001.314184189,1,-2.381927533,-0.072088220,-1.240620152,0.003288301,0.862511853,-0.029009009,0.505193991,926,492,328,1.405253763,1.306130770,0.802945932,0.802945932,0.000001207,1,0,ok,map,492,328,745,1,ok,74,TRACKING,228,0,0,-1,0,0,0,nan,nan,0,0,nan,nan,
1750922001.326184273,1,-2.402114633,-0.074110002,-1.228475758,0.002953237,0.866157817,-0.029389707,0.498896944,867,429,295,1.458969171,1.414507124,0.835837584,0.835837584,0.000001708,1,0,ok,map,429,295,745,0,ok,133,TRACKING,228,0,0,-1,0,0,0,nan,nan,0,0,nan,nan,
1750922001.338184357,1,-2.419728185,-0.075749497,-1.216213227,0.002899648,0.869756733,-0.028712745,0.492636169,938,421,278,1.484760134,1.478276996,0.831171061,0.831171061,0.000002415,1,0,ok,map,421,278,745,0,ok,62,TRACKING,228,0,0,-1,0,0,0,nan,nan,0,0,nan,nan,
1750922001.350184441,1,-2.433842387,-0.076982269,-1.203981233,0.002064069,0.873122544,-0.026784594,0.486760052,947,412,269,1.525571698,1.437520352,0.880253519,0.880253519,0.000000000,1,0,ok,map,412,269,745,0,ok,53,TRACKING,229,1,0,-1,0,0,0,nan,nan,0,0,nan,nan,
1750922001.362184525,1,-2.456507873,-0.069282273,-1.190683550,0.001739052,0.876767263,-0.025680067,0.480225651,951,487,285,1.374389435,1.264265832,0.867483578,0.867483578,0.000001708,1,0,ok,map,487,285,737,0,ok,49,TRACKING,229,0,0,-1,0,0,0,nan,nan,0,0,nan,nan,
1750922001.374184608,1,-2.471692459,-0.071882891,-1.178015059,0.002409514,0.880177396,-0.027451722,0.473844224,963,485,268,1.488728352,1.349948347,0.857066484,0.857066484,0.000001207,1,0,ok,map,485,268,737,0,ok,37,TRACKING,229,0,0,-1,0,0,0,nan,nan,0,0,nan,nan,
1750922001.386184692,1,-2.493080133,-0.073683653,-1.162404240,0.002294958,0.883498941,-0.028876491,0.467536633,958,476,264,1.581728056,1.564604184,0.833149858,0.833149858,0.000001207,1,0,ok,map,476,264,737,0,ok,42,TRACKING,229,0,0,-1,0,0,0,nan,nan,0,0,nan,nan,
1750922001.398184776,1,-2.508239075,-0.072595129,-1.152127015,0.002429498,0.886941752,-0.028632168,0.460986578,943,465,253,1.635773923,1.577832383,0.848551909,0.848551909,0.000002091,1,0,ok,map,465,253,737,0,ok,57,TRACKING,229,0,0,-1,0,0,0,nan,nan,0,0,nan,nan,
1750922001.410184860,1,-2.524334886,-0.076120031,-1.136098142,0.003081010,0.889982899,-0.028420530,0.455096936,951,456,236,1.552602513,1.522482350,0.829733440,0.829733440,0.000002091,1,0,ok,map,456,236,737,0,ok,49,TRACKING,230,1,0,-1,0,0,0,nan,nan,0,0,nan,nan,
1750922001.422184944,1,-2.539510564,-0.075108203,-1.121988555,0.001837905,0.893207517,-0.027305863,0.448811032,922,494,350,1.247268645,1.072588586,0.831865035,0.831865035,0.000002091,1,0,ok,map,494,350,672,0,ok,78,TRACKING,230,0,0,-1,0,0,0,nan,nan,0,0,nan,nan,
1750922001.434185028,1,-2.557558568,-0.073348575,-1.106679503,0.001635918,0.896571464,-0.026780970,0.442085641,963,486,334,1.392283399,1.272087118,0.864111609,0.864111609,0.000001708,1,0,ok,map,486,334,672,0,ok,37,TRACKING,230,0,0,-1,0,0,0,nan,nan,0,0,nan,nan,
1750922001.446185112,1,-2.572980663,-0.072028083,-1.093626660,0.001179297,0.899580105,-0.027618716,0.435880088,956,477,317,1.477888577,1.457490568,0.797801844,0.797801844,0.000001708,1,0,ok,map,477,317,672,0,ok,44,TRACKING,230,0,0,-1,0,0,0,nan,nan,0,0,nan,nan,
1750922001.458185196,1,-2.587918516,-0.075388185,-1.078913286,0.001770746,0.902667871,-0.028692139,0.429376687,970,470,298,1.416160774,1.347087255,0.836838657,0.836838657,0.000001708,1,0,ok,map,470,298,672,0,ok,30,TRACKING,230,0,0,-1,0,0,0,nan,nan,0,0,nan,nan,
1750922001.470185280,1,-2.601539302,-0.078942547,-1.061981539,0.002405595,0.905495241,-0.028733550,0.423375679,959,461,290,1.498368959,1.433566880,0.841941019,0.841941019,0.000001708,1,0,ok,map,461,290,672,0,ok,41,TRACKING,231,1,0,-1,0,0,0,nan,nan,0,0,nan,nan,
1750922001.482185364,1,-2.617749012,-0.078012809,-1.046505216,0.001461289,0.908454099,-0.027881134,0.417051145,951,539,392,1.151178874,0.957741240,0.813302300,0.813302300,0.000001207,1,0,ok,map,539,392,699,0,ok,49,TRACKING,231,0,0,-1,0,0,0,nan,nan,0,0,nan,nan,
1750922001.494185448,1,-2.634131685,-0.078944899,-1.030672616,0.000572626,0.911395761,-0.027134051,0.410635095,965,533,381,1.264659627,1.138724359,0.819687333,0.819687333,0.000002700,1,0,ok,map,533,381,699,0,ok,35,TRACKING,231,0,0,-1,0,0,0,nan,nan,0,0,nan,nan,
1750922001.506185532,1,-2.647727638,-0.077693800,-1.015818801,-0.000431972,0.914387875,-0.026437468,0.403974859,952,520,358,1.430571023,1.323221372,0.848335035,0.848335035,0.000000000,1,0,ok,map,520,358,699,0,ok,48,TRACKING,231,0,0,-1,0,0,0,nan,nan,0,0,nan,nan,
1750922001.518185616,1,-2.661622296,-0.077205513,-1.001340545,-0.000179542,0.917275940,-0.027390599,0.397309165,967,514,334,1.554634188,1.468501211,0.840080590,0.840080590,0.000002091,1,0,ok,map,514,334,699,0,ok,33,TRACKING,231,0,0,-1,0,0,0,nan,nan,0,0,nan,nan,
1750922001.530185699,1,-2.675088241,-0.081838677,-0.985399089,0.000125328,0.919635321,-0.028900956,0.391708560,946,502,294,1.424583431,1.384639113,0.802797149,0.802797149,0.000000000,1,0,ok,map,502,294,699,0,ok,54,TRACKING,232,1,0,-1,0,0,0,nan,nan,0,0,nan,nan,
1750922001.542185783,1,-2.691227102,-0.082450594,-0.964687404,-0.001182959,0.922485631,-0.027614812,0.385040624,956,575,414,1.214077563,1.050321151,0.857154686,0.857154686,0.000001708,1,0,ok,map,575,414,740,0,ok,44,TRACKING,232,0,0,-1,0,0,0,nan,nan,0,0,nan,nan,
1750922001.554185867,1,-2.704824830,-0.079445358,-0.948274008,-0.000700749,0.925394295,-0.026549222,0.378074127,954,567,349,1.467105003,1.407350189,0.875412751,0.875412751,0.000001207,1,0,ok,map,567,349,740,0,ok,46,TRACKING,232,0,0,-1,0,0,0,nan,nan,0,0,nan,nan,
1750922001.566185951,1,-2.720095034,-0.078949991,-0.932931615,0.000253515,0.927999668,-0.028004179,0.371527008,957,557,341,1.535661194,1.498789581,0.831720739,0.831720739,0.000002091,1,0,ok,map,557,341,740,0,ok,43,TRACKING,232,0,0,-1,0,0,0,nan,nan,0,0,nan,nan,
1750922001.578186035,1,-2.735068616,-0.079707410,-0.914895750,-0.000771337,0.930493746,-0.028398936,0.365204456,943,547,322,1.415821359,1.383801957,0.788947994,0.788947994,0.000001708,1,0,ok,map,547,322,740,0,ok,57,TRACKING,232,0,0,-1,0,0,0,nan,nan,0,0,nan,nan,
1750922001.590186119,1,-2.746131301,-0.080816602,-0.898215987,-0.000818744,0.932796175,-0.028816663,0.359249531,956,536,311,1.404097914,1.370350809,0.844525991,0.844525991,0.000000000,1,0,ok,map,536,311,740,0,ok,44,TRACKING,233,1,14,96,144,1,0,0.005855756,0.004443830,116,81,0.698275862,1.573456491,ok
1750922001.602186203,1,-2.758645883,-0.080817548,-0.877396639,0.000447440,0.935355809,-0.029532100,0.352472929,941,619,419,1.293396617,1.163581563,0.846655423,0.846655423,0.000002415,1,0,ok,map,619,419,736,0,ok,59,TRACKING,233,0,0,-1,0,0,0,nan,nan,0,0,nan,nan,
1750922001.614186287,1,-2.770660673,-0.082129099,-0.861420893,0.001156478,0.937786062,-0.030149392,0.345900243,947,609,399,1.306972449,1.212809941,0.810206291,0.810206291,0.000001207,1,0,ok,map,609,399,736,0,ok,53,TRACKING,233,0,0,-1,0,0,0,nan,nan,0,0,nan,nan,
1750922001.626186371,1,-2.784156652,-0.080821378,-0.843519380,-0.000431225,0.940189448,-0.029667391,0.339357426,967,598,386,1.374175652,1.217518081,0.821055201,0.821055201,0.000000000,1,0,ok,map,598,386,736,0,ok,33,TRACKING,233,0,0,-1,0,0,0,nan,nan,0,0,nan,nan,
1750922001.638186455,1,-2.795079160,-0.080242844,-0.830353743,-0.001082147,0.942589757,-0.028861334,0.332701671,950,581,375,1.396598227,1.261848438,0.819423505,0.819423505,0.000001708,1,0,ok,map,581,375,736,0,ok,50,TRACKING,233,0,0,-1,0,0,0,nan,nan,0,0,nan,nan,
1750922001.650186539,1,-2.806745427,-0.080627103,-0.809922257,-0.000407528,0.945039306,-0.029358015,0.325635764,969,578,367,1.370760614,1.320850728,0.801093853,0.801093853,0.000002091,1,0,ok,map,578,367,736,0,ok,31,TRACKING,234,1,0,-1,0,0,0,nan,nan,0,0,nan,nan,
1750922001.662186623,1,-2.817476122,-0.079626127,-0.794103468,-0.000687094,0.947269275,-0.029532567,0.319074091,973,654,475,1.135241896,0.986938192,0.795046987,0.795046987,0.000001708,1,0,ok,map,654,475,783,0,ok,27,TRACKING,234,0,0,-1,0,0,0,nan,nan,0,0,nan,nan,
1750922001.674186707,1,-2.831033419,-0.078387171,-0.775784634,-0.000189512,0.949596880,-0.030117975,0.312023457,970,652,452,1.353410095,1.230366803,0.855376124,0.855376124,0.000002415,1,0,ok,map,652,452,783,0,ok,30,TRACKING,234,0,0,-1,0,0,0,nan,nan,0,0,nan,nan,
1750922001.686186790,1,-2.842125632,-0.080309215,-0.756470613,-0.000783910,0.951607883,-0.031597263,0.305685191,963,646,435,1.387837051,1.294161002,0.783587794,0.783587794,0.000001708,1,0,ok,map,646,435,783,0,ok,37,TRACKING,234,0,0,-1,0,0,0,nan,nan,0,0,nan,nan,
1750922001.698186874,1,-2.855791735,-0.085507674,-0.740156079,-0.001232398,0.953725370,-0.031349633,0.299037789,975,643,388,1.411864837,1.351004940,0.801603555,0.801603555,0.000001207,1,0,ok,map,643,388,783,0,ok,25,TRACKING,234,0,0,-1,0,0,0,nan,nan,0,0,nan,nan,
1750922001.710186958,1,-2.865637143,-0.083512086,-0.718832794,-0.002442665,0.955888228,-0.028802658,0.292304868,980,635,371,1.485919455,1.432590876,0.872419516,0.872419516,0.000001207,1,0,ok,map,635,371,783,0,ok,20,TRACKING,234,0,0,-1,0,0,0,nan,nan,0,0,nan,nan,
1750922001.722187042,1,-2.881432818,-0.077283697,-0.701800937,-0.002633972,0.957900057,-0.029873432,0.285531297,984,633,296,1.605472662,1.528525703,0.819246296,0.819246296,0.000001708,1,0,ok,map,633,296,783,0,ok,16,TRACKING,234,0,0,-1,0,0,0,nan,nan,0,0,nan,nan,
1750922001.734187126,1,-2.889977559,-0.079889514,-0.681376608,-0.002432906,0.959702615,-0.032562304,0.279114076,993,632,296,1.531576417,1.494259876,0.823949403,0.823949403,0.000002091,1,0,ok,map,632,296,783,0,ok,7,TRACKING,234,0,0,-1,0,0,0,nan,nan,0,0,nan,nan,
1750922001.746187210,1,-2.900245466,-0.081193183,-0.670402009,-0.002657046,0.961708861,-0.032219956,0.272159662,980,631,286,1.444063666,1.439569936,0.830741812,0.830741812,0.000001708,1,0,ok,map,631,286,783,0,ok,20,TRACKING,234,0,0,-1,0,0,0,nan,nan,0,0,nan,nan,
1750922001.758187294,1,-2.915263407,-0.077473072,-0.645556165,-0.002663720,0.963607892,-0.031293971,0.265468307,983,628,274,1.529650417,1.479710480,0.804088646,0.804088646,0.000002415,1,0,ok,map,628,274,783,0,ok,17,TRACKING,234,0,0,-1,0,0,0,nan,nan,0,0,nan,nan,
1750922001.770187378,1,-2.919413970,-0.081392057,-0.632179741,-0.003059886,0.965303496,-0.031802474,0.259168673,965,617,273,1.539694302,1.520311085,0.751218593,0.751218593,0.000001207,1,0,ok,map,617,273,783,0,ok,35,TRACKING,234,0,0,-1,0,0,0,nan,nan,0,0,nan,nan,
1750922001.782187462,1,-2.928325744,-0.076108390,-0.622933450,-0.003630243,0.967148956,-0.030913060,0.252297643,971,611,266,1.482186895,1.520661743,0.824210239,0.824210239,0.000001207,1,0,ok,map,611,266,783,0,ok,29,TRACKING,234,0,0,-1,0,0,0,nan,nan,0,0,nan,nan,
1750922001.794187546,1,-2.942484715,-0.073700872,-0.598097615,-0.002170095,0.968969951,-0.032419579,0.245033663,947,593,230,1.557848918,1.496146346,0.841928518,0.841928518,0.000000000,1,0,ok,map,593,230,783,0,ok,53,TRACKING,235,1,0,-1,0,0,0,nan,nan,0,0,nan,nan,
1750922001.806187630,1,-2.951342958,-0.074356657,-0.580667982,-0.003109098,0.970428298,-0.034666299,0.238867117,935,711,441,1.203955902,1.022203476,0.777896186,0.777896186,0.000001708,1,0,ok,map,711,441,914,0,ok,65,TRACKING,235,0,0,-1,0,0,0,nan,nan,0,0,nan,nan,
1750922001.818187714,1,-2.960883018,-0.079759794,-0.554700805,-0.003208971,0.972145256,-0.034765713,0.231764212,978,710,391,1.520488602,1.484679470,0.837532668,0.837532668,0.000001207,1,0,ok,map,710,391,914,0,ok,22,TRACKING,235,0,0,-1,0,0,0,nan,nan,0,0,nan,nan,
1750922001.830187798,1,-2.970102679,-0.077841109,-0.541194032,-0.005076330,0.973756465,-0.033153020,0.225107651,980,706,385,1.631021415,1.580130614,0.834190577,0.834190577,0.000002415,1,0,ok,map,706,385,914,0,ok,20,TRACKING,235,0,0,-1,0,0,0,nan,nan,0,0,nan,nan,
1750922001.842187881,1,-2.979381602,-0.078273489,-0.518781155,-0.005936607,0.975306086,-0.032221218,0.218413801,981,704,371,1.502393152,1.465531773,0.800645603,0.800645603,0.000002415,1,0,ok,map,704,371,914,0,ok,19,TRACKING,235,0,0,-1,0,0,0,nan,nan,0,0,nan,nan,
1750922001.854187965,1,-2.987525155,-0.077915053,-0.501807722,-0.005587841,0.976829329,-0.032241178,0.211503535,973,704,369,1.550912683,1.524763325,0.811857535,0.811857535,0.000001708,1,0,ok,map,704,369,914,0,ok,27,TRACKING,235,0,0,-1,0,0,0,nan,nan,0,0,nan,nan,
1750922001.866188049,1,-2.994783167,-0.074847650,-0.484540569,-0.005769319,0.978288820,-0.032100033,0.204663841,974,700,358,1.471643666,1.398587770,0.801850939,0.801850939,0.000001207,1,0,ok,map,700,358,914,0,ok,26,TRACKING,235,0,0,-1,0,0,0,nan,nan,0,0,nan,nan,
1750922001.878188133,1,-3.002582825,-0.075419655,-0.466994403,-0.006283378,0.979646914,-0.033845996,0.197754625,971,696,345,1.549686843,1.507880218,0.833408951,0.833408951,0.000001708,1,0,ok,map,696,345,914,0,ok,29,TRACKING,235,0,0,-1,0,0,0,nan,nan,0,0,nan,nan,
1750922001.890188217,1,-3.008316217,-0.076246670,-0.456412321,-0.006910066,0.980877690,-0.036068553,0.191128931,969,684,304,1.459520114,1.425648607,0.816317824,0.816317824,0.000001207,1,0,ok,map,684,304,914,0,ok,31,TRACKING,235,0,0,-1,0,0,0,nan,nan,0,0,nan,nan,
1750922001.902188301,1,-3.016654187,-0.077863899,-0.423750321,-0.006811417,0.982262122,-0.035969411,0.183904675,973,673,301,1.669475581,1.746644055,0.843056952,0.843056952,0.000001207,1,0,ok,map,673,301,914,0,ok,27,TRACKING,235,0,0,-1,0,0,0,nan,nan,0,0,nan,nan,
1750922001.914188385,1,-3.023691668,-0.079252007,-0.401933954,-0.006385958,0.983548028,-0.035208048,0.177067471,967,654,287,1.645954424,1.690836941,0.803464218,0.803464218,0.000001207,1,0,ok,map,654,287,914,0,ok,33,TRACKING,235,0,0,-1,0,0,0,nan,nan,0,0,nan,nan,
1750922001.926188469,1,-3.027038866,-0.079607254,-0.394259526,-0.007670399,0.984736009,-0.034079366,0.170513207,972,638,274,1.608223702,1.590848076,0.788049891,0.788049891,0.000001708,1,0,ok,map,638,274,914,0,ok,28,TRACKING,235,0,0,-1,0,0,0,nan,nan,0,0,nan,nan,
1750922001.938188553,1,-3.033771657,-0.075311671,-0.373797967,-0.008584578,0.985952632,-0.033436653,0.163418798,971,624,255,1.664604208,1.710035943,0.834709966,0.834709966,0.000002091,1,0,ok,map,624,255,914,0,ok,29,TRACKING,235,0,0,-1,0,0,0,nan,nan,0,0,nan,nan,
1750922001.950188637,1,-3.036546202,-0.076237320,-0.353567916,-0.008316114,0.987062887,-0.034918598,0.156263852,974,615,256,1.732017827,1.756239979,0.826514484,0.826514484,0.000001708,1,0,ok,map,615,256,914,0,ok,26,TRACKING,236,1,0,-1,0,0,0,nan,nan,0,0,nan,nan,
1750922001.962188721,1,-3.043171821,-0.075216605,-0.334764713,-0.007253712,0.988166009,-0.036299827,0.148854443,959,752,454,1.255624369,1.079320022,0.881335023,0.881335023,0.000000000,1,0,ok,map,752,454,1033,0,ok,41,TRACKING,236,0,0,-1,0,0,0,nan,nan,0,0,nan,nan,
1750922001.974188805,1,-3.048555498,-0.077404880,-0.312260532,-0.007686389,0.989158210,-0.036807598,0.141958287,964,740,438,1.380100644,1.289665957,0.802031841,0.802031841,0.000000000,1,0,ok,map,740,438,1033,0,ok,36,TRACKING,236,0,0,-1,0,0,0,nan,nan,0,0,nan,nan,
1750922001.986188889,1,-3.052158350,-0.077904715,-0.297500537,-0.008453234,0.990158975,-0.035513453,0.135101965,979,727,404,1.535853246,1.440418006,0.812499807,0.812499807,0.000002091,1,0,ok,map,727,404,1033,0,ok,21,TRACKING,236,0,0,-1,0,0,0,nan,nan,0,0,nan,nan,
1750922001.998188972,1,-3.057018987,-0.075278451,-0.277931884,-0.007923391,0.991174481,-0.034067482,0.127866236,964,711,384,1.510938963,1.450278440,0.855676393,0.855676393,0.000002091,1,0,ok,map,711,384,1033,0,ok,36,TRACKING,236,0,0,-1,0,0,0,nan,nan,0,0,nan,nan,
1750922002.010189056,1,-3.061710019,-0.072973209,-0.255166117,-0.008396230,0.991979712,-0.034457846,0.121319461,964,700,374,1.510922879,1.447040309,0.759118497,0.759118497,0.000001207,1,0,ok,map,700,374,1033,0,ok,36,TRACKING,236,0,0,-1,0,0,0,nan,nan,0,0,nan,nan,
1750922002.022189140,1,-3.065126181,-0.072502787,-0.238260432,-0.008159039,0.992778515,-0.035830610,0.114194649,964,683,364,1.456838588,1.346323624,0.836926564,0.836926564,0.000001207,1,0,ok,map,683,364,1033,0,ok,36,TRACKING,236,0,0,-1,0,0,0,nan,nan,0,0,nan,nan,
1750922002.034189224,1,-3.068367176,-0.073320833,-0.218842404,-0.007746893,0.993511499,-0.037060057,0.107244766,987,674,359,1.507373010,1.380110831,0.814485308,0.814485308,0.000001708,1,0,ok,map,674,359,1033,0,ok,13,TRACKING,236,0,0,-1,0,0,0,nan,nan,0,0,nan,nan,
1750922002.046189308,1,-3.072175855,-0.073936324,-0.195435928,-0.007225722,0.994251851,-0.036972128,0.100220290,968,660,341,1.498504998,1.434826431,0.811668570,0.811668570,0.000001708,1,0,ok,map,660,341,1033,0,ok,32,TRACKING,236,0,0,-1,0,0,0,nan,nan,0,0,nan,nan,
1750922002.058189392,1,-3.075147407,-0.074849775,-0.174031718,-0.008149235,0.994908960,-0.036814132,0.093458388,976,653,332,1.520976583,1.421378559,0.785877082,0.785877082,0.000001207,1,0,ok,map,653,332,1033,0,ok,24,TRACKING,236,0,0,-1,0,0,0,nan,nan,0,0,nan,nan,
1750922002.070189476,1,-3.078986455,-0.069851673,-0.164846259,-0.009163040,0.995540676,-0.035987468,0.086716225,969,645,326,1.613828245,1.577288948,0.790326206,0.790326206,0.000002415,1,0,ok,map,645,326,1033,0,ok,31,TRACKING,236,0,0,-1,0,0,0,nan,nan,0,0,nan,nan,
1750922002.082189560,1,-3.080114006,-0.073132895,-0.136155873,-0.009167749,0.996088995,-0.036638561,0.079876666,970,628,314,1.553414959,1.563234168,0.789803993,0.789803993,0.000001708,1,0,ok,map,628,314,1033,0,ok,30,TRACKING,236,0,0,-1,0,0,0,nan,nan,0,0,nan,nan,
1750922002.094189644,1,-3.083418033,-0.073836285,-0.110455637,-0.009245191,0.996619470,-0.036603572,0.072968057,944,602,300,1.564153793,1.526874002,0.794059923,0.794059923,0.000002415,1,0,ok,map,602,300,1033,0,ok,56,TRACKING,236,0,0,-1,0,0,0,nan,nan,0,0,nan,nan,
1750922002.106189728,1,-3.082483893,-0.073700110,-0.100995138,-0.008639459,0.997128398,-0.035592415,0.066283471,961,591,290,1.590773028,1.572712303,0.789119350,0.789119350,0.000002415,1,0,ok,map,591,290,1033,0,ok,39,TRACKING,237,1,0,-1,0,0,0,nan,nan,0,0,nan,nan,
1750922002.118189812,1,-3.084273114,-0.070666334,-0.082491624,-0.008305262,0.997573589,-0.035643905,0.059223888,946,712,455,1.207270929,1.020316325,0.811502991,0.811502991,0.000001708,1,0,ok,map,712,455,1109,0,ok,54,TRACKING,237,0,0,-1,0,0,0,nan,nan,0,0,nan,nan,
1750922002.130189896,1,-3.083775403,-0.070956816,-0.059089120,-0.008374632,0.997931996,-0.036023358,0.052572942,954,693,449,1.368919320,1.303883171,0.764528372,0.764528372,0.000002415,1,0,ok,map,693,449,1109,0,ok,46,TRACKING,237,0,0,-1,0,0,0,nan,nan,0,0,nan,nan,
1750922002.142189980,1,-3.084597566,-0.072637051,-0.035797551,-0.009216349,0.998270204,-0.035868326,0.045663132,973,688,443,1.406301850,1.367585556,0.798799177,0.798799177,0.000001708,1,0,ok,map,688,443,1109,0,ok,27,TRACKING,237,0,0,-1,0,0,0,nan,nan,0,0,nan,nan,
1750922002.154190063,1,-3.084364917,-0.071937343,-0.015427900,-0.008957515,0.998585994,-0.035407809,0.038627230,980,681,432,1.415386520,1.427443539,0.809335359,0.809335359,0.000001708,1,0,ok,map,681,432,1109,0,ok,20,TRACKING,237,0,0,-1,0,0,0,nan,nan,0,0,nan,nan,
1750922002.166190147,1,-3.084665918,-0.072236383,0.004703537,-0.008254306,0.998849256,-0.035012737,0.031719699,983,676,427,1.430445049,1.358439315,0.797495319,0.797495319,0.000002700,1,0,ok,map,676,427,1109,0,ok,17,TRACKING,237,0,0,-1,0,0,0,nan,nan,0,0,nan,nan,
1750922002.178190231,1,-3.083961568,-0.072033502,0.024504054,-0.008027640,0.999107532,-0.033282471,0.024738087,971,663,417,1.409721627,1.291290240,0.825178831,0.825178831,0.000001708,1,0,ok,map,663,417,1109,0,ok,29,TRACKING,237,0,0,-1,0,0,0,nan,nan,0,0,nan,nan,
1750922002.190190315,1,-3.082815239,-0.062038429,0.043601289,-0.009234020,0.999273914,-0.032169051,0.018207964,974,655,366,1.438148654,1.306669788,0.771818400,0.771818400,0.000001708,1,0,ok,map,655,366,1109,0,ok,26,TRACKING,237,0,0,-1,0,0,0,nan,nan,0,0,nan,nan,
1750922002.202190399,1,-3.081230428,-0.061719461,0.066880519,-0.008475786,0.999316497,-0.034240143,0.011059523,965,641,354,1.481521630,1.404308359,0.857269142,0.857269142,0.000002415,1,0,ok,map,641,354,1109,0,ok,35,TRACKING,237,0,0,-1,0,0,0,nan,nan,0,0,nan,nan,
1750922002.214190483,1,-3.079514167,-0.066073380,0.095522281,-0.007302184,0.999315107,-0.036009442,0.004394872,970,628,343,1.423384448,1.384247931,0.801531089,0.801531089,0.000002091,1,0,ok,map,628,343,1109,0,ok,30,TRACKING,237,0,0,-1,0,0,0,nan,nan,0,0,nan,nan,
1750922002.226190567,1,-3.077217707,-0.064850775,0.119959790,-0.006393047,0.999339090,-0.035702474,-0.002417566,983,624,353,1.507625727,1.446624288,0.788360274,0.788360274,0.000001708,1,0,ok,map,624,353,1109,0,ok,17,TRACKING,237,0,0,-1,0,0,0,nan,nan,0,0,nan,nan,
1750922002.238190651,1,-3.074489324,-0.065082983,0.141325663,-0.007164787,0.999310442,-0.035360956,-0.008769841,982,616,346,1.578185610,1.569706640,0.734321595,0.734321595,0.000000000,1,0,ok,map,616,346,1109,0,ok,18,TRACKING,237,0,0,-1,0,0,0,nan,nan,0,0,nan,nan,
1750922002.250190735,1,-3.073364922,-0.064301390,0.163515076,-0.008343665,0.999263771,-0.034189539,-0.015276601,980,612,333,1.595264068,1.609121532,0.769576333,0.769576333,0.000001708,1,0,ok,map,612,333,1109,0,ok,20,TRACKING,237,0,0,-1,0,0,0,nan,nan,0,0,nan,nan,
1750922002.262190819,1,-3.067491139,-0.061945755,0.182501307,-0.007466771,0.999179780,-0.033198037,-0.021952335,974,605,316,1.534509415,1.508665556,0.821623548,0.821623548,0.000000000,1,0,ok,map,605,316,1109,0,ok,26,TRACKING,238,1,0,-1,0,0,0,nan,nan,0,0,nan,nan,
1750922002.274190903,1,-3.064552163,-0.062040136,0.202129310,-0.006827784,0.998997244,-0.033693028,-0.028682185,966,681,422,1.316762480,1.178598244,0.777009367,0.777009367,0.000002091,1,0,ok,map,681,422,1126,0,ok,34,TRACKING,238,0,0,-1,0,0,0,nan,nan,0,0,nan,nan,
1750922002.286190987,1,-3.061469535,-0.057905612,0.220480053,-0.006085273,0.998770073,-0.034041159,-0.035531827,959,662,397,1.428703696,1.375042513,0.790946702,0.790946702,0.000001708,1,0,ok,map,662,397,1126,0,ok,41,TRACKING,238,0,0,-1,0,0,0,nan,nan,0,0,nan,nan,
1750922002.298191071,1,-3.058722855,-0.058507679,0.237327554,-0.006744066,0.998458278,-0.035560351,-0.042083804,945,639,384,1.502910378,1.422335404,0.775233196,0.775233196,0.000001207,1,0,ok,map,639,384,1126,0,ok,55,TRACKING,238,0,0,-1,0,0,0,nan,nan,0,0,nan,nan,
1750922002.310191154,1,-3.053017456,-0.057967057,0.264094880,-0.007293728,0.998097374,-0.037068381,-0.048727485,957,622,371,1.516426073,1.493611497,0.784305508,0.784305508,0.000001708,1,0,ok,map,622,371,1126,0,ok,43,TRACKING,238,0,0,-1,0,0,0,nan,nan,0,0,nan,nan,
1750922002.322191238,1,-3.050321864,-0.062361585,0.286367041,-0.006233991,0.997733321,-0.037421007,-0.055579001,963,612,365,1.479877683,1.442061352,0.796583542,0.796583542,0.000001708,1,0,ok,map,612,365,1126,0,ok,37,TRACKING,238,0,0,-1,0,0,0,nan,nan,0,0,nan,nan,
1750922002.334191322,1,-3.043371878,-0.061525518,0.304484000,-0.005981042,0.997410487,-0.036451652,-0.061707577,961,593,349,1.399774200,1.346078772,0.773966642,0.773966642,0.000002091,1,0,ok,map,593,349,1126,0,ok,39,TRACKING,239,1,0,-1,0,0,0,nan,nan,0,0,nan,nan,
1750922002.346191406,1,-3.039251709,-0.059426683,0.322528909,-0.005876165,0.996998658,-0.035541359,-0.068527063,965,638,426,1.297232706,1.103645238,0.789891009,0.789891009,0.000001207,1,0,ok,map,638,426,1050,0,ok,35,TRACKING,239,0,0,-1,0,0,0,nan,nan,0,0,nan,nan,
1750922002.358191490,1,-3.034329971,-0.055556451,0.345779135,-0.006113678,0.996478358,-0.036071681,-0.075447591,962,626,388,1.487729675,1.491112152,0.798056517,0.798056517,0.000001708,1,0,ok,map,626,388,1050,0,ok,38,TRACKING,239,0,0,-1,0,0,0,nan,nan,0,0,nan,nan,
1750922002.370191574,1,-3.028803638,-0.056008653,0.369242834,-0.007924850,0.995927865,-0.037117160,-0.081775310,962,607,374,1.492592488,1.457160241,0.766279244,0.766279244,0.000001708,1,0,ok,map,607,374,1050,0,ok,38,TRACKING,239,0,0,-1,0,0,0,nan,nan,0,0,nan,nan,
1750922002.382191658,1,-3.022960604,-0.056496486,0.389541161,-0.008058335,0.995321611,-0.037008175,-0.088883903,964,593,372,1.525553833,1.517632397,0.817781988,0.817781988,0.000002091,1,0,ok,map,593,372,1050,0,ok,36,TRACKING,239,0,0,-1,0,0,0,nan,nan,0,0,nan,nan,
1750922002.394191742,1,-3.016062036,-0.057271360,0.406575538,-0.006264835,0.994750032,-0.036872980,-0.095254965,973,582,367,1.474290988,1.426345976,0.824631476,0.824631476,0.000002415,1,0,ok,map,582,367,1050,0,ok,27,TRACKING,240,1,0,-1,0,0,0,nan,nan,0,0,nan,nan,
1750922002.406191826,1,-3.008932234,-0.057834861,0.430967103,-0.005345094,0.994134712,-0.036306446,-0.101732231,959,614,435,1.199609432,1.020721008,0.755788674,0.755788674,0.000001207,1,0,ok,map,614,435,906,0,ok,41,TRACKING,240,0,0,-1,0,0,0,nan,nan,0,0,nan,nan,
1750922002.418191910,1,-3.000159059,-0.054750549,0.458455181,-0.006062330,0.993541764,-0.034015198,-0.108078570,968,606,427,1.339807798,1.278620113,0.780502587,0.780502587,0.000001207,1,0,ok,map,606,427,906,0,ok,32,TRACKING,240,0,0,-1,0,0,0,nan,nan,0,0,nan,nan,
1750922002.430191994,1,-2.997657031,-0.051369298,0.466551868,-0.006898842,0.992848446,-0.033040416,-0.114510699,960,596,360,1.584065244,1.566855133,0.755809976,0.755809976,0.000001708,1,0,ok,map,596,360,906,0,ok,40,TRACKING,240,0,0,-1,0,0,0,nan,nan,0,0,nan,nan,
1750922002.442192078,1,-2.990624199,-0.051755668,0.486401362,-0.006764492,0.991963541,-0.034507757,-0.121539252,951,576,351,1.632534005,1.636209286,0.829147219,0.829147219,0.000001207,1,0,ok,map,576,351,906,0,ok,49,TRACKING,240,0,0,-1,0,0,0,nan,nan,0,0,nan,nan,
1750922002.454192162,1,-2.981289211,-0.052041790,0.508854910,-0.006185914,0.991157614,-0.035880664,-0.127596617,950,564,349,1.575325644,1.583987766,0.804257877,0.804257877,0.000001708,1,0,ok,map,564,349,906,0,ok,50,TRACKING,241,1,0,-1,0,0,0,nan,nan,0,0,nan,nan,
1750922002.466192245,1,-2.972313333,-0.053652806,0.532561473,-0.006115710,0.990256068,-0.036081390,-0.134363878,955,601,457,1.221010095,1.072164841,0.782703139,0.782703139,0.000002415,1,0,ok,map,601,457,807,0,ok,45,TRACKING,241,0,0,-1,0,0,0,nan,nan,0,0,nan,nan,
1750922002.478192329,1,-2.963797573,-0.054104962,0.553208092,-0.006940486,0.989401852,-0.034928920,-0.140768520,968,597,445,1.292987681,1.163588426,0.758018856,0.758018856,0.000001708,1,0,ok,map,597,445,807,0,ok,32,TRACKING,241,0,0,-1,0,0,0,nan,nan,0,0,nan,nan,
1750922002.490192413,1,-2.955760438,-0.053095664,0.573951841,-0.007033101,0.988500557,-0.032582574,-0.147497665,967,596,430,1.410151890,1.293757270,0.823209877,0.823209877,0.000001708,1,0,ok,map,596,430,807,0,ok,33,TRACKING,241,0,0,-1,0,0,0,nan,nan,0,0,nan,nan,
1750922002.502192497,1,-2.947482492,-0.050765136,0.596077332,-0.006665951,0.987534810,-0.031102272,-0.154153212,969,596,420,1.550733491,1.496953082,0.790226993,0.790226993,0.000001708,1,0,ok,map,596,420,807,0,ok,31,TRACKING,241,0,0,-1,0,0,0,nan,nan,0,0,nan,nan,
1750922002.514192581,1,-2.938232951,-0.050258275,0.616173326,-0.006471482,0.986463434,-0.031583540,-0.160780888,962,595,405,1.472741576,1.442346357,0.771632280,0.771632280,0.000002091,1,0,ok,map,595,405,807,0,ok,38,TRACKING,241,0,0,-1,0,0,0,nan,nan,0,0,nan,nan,
1750922002.526192665,1,-2.929881647,-0.048252605,0.636610283,-0.005692842,0.985257099,-0.032357443,-0.167895906,956,591,400,1.474593398,1.394078085,0.836472618,0.836472618,0.000001708,1,0,ok,map,591,400,807,0,ok,44,TRACKING,241,0,0,-1,0,0,0,nan,nan,0,0,nan,nan,
1750922002.538192749,1,-2.918350322,-0.048293613,0.655301229,-0.004836569,0.984225920,-0.034038431,-0.173543456,948,576,393,1.453172648,1.360801336,0.793299163,0.793299163,0.000001708,1,0,ok,map,576,393,807,0,ok,52,TRACKING,242,1,0,-1,0,0,0,nan,nan,0,0,nan,nan,
1750922002.550192833,1,-2.907811252,-0.051484296,0.677640190,-0.005504262,0.983068810,-0.034084242,-0.179954668,962,622,461,1.383909844,1.277228650,0.750470704,0.750470704,0.000002091,1,0,ok,map,622,461,684,0,ok,38,TRACKING,242,0,0,-1,0,0,0,nan,nan,0,0,nan,nan,
1750922002.562192917,1,-2.897007431,-0.052229329,0.699325717,-0.006777226,0.981917286,-0.032181119,-0.186431994,977,618,428,1.456510745,1.421219054,0.798237592,0.798237592,0.000001207,1,0,ok,map,618,428,684,0,ok,23,TRACKING,242,0,0,-1,0,0,0,nan,nan,0,0,nan,nan,
1750922002.574193001,1,-2.885532217,-0.046537455,0.717093875,-0.007519008,0.980708613,-0.029074393,-0.193154757,982,617,387,1.560861741,1.546483413,0.864074153,0.864074153,0.000002091,1,0,ok,map,617,387,684,0,ok,18,TRACKING,242,0,0,-1,0,0,0,nan,nan,0,0,nan,nan,
1750922002.586193085,1,-2.877358718,-0.044798951,0.736300680,-0.006612010,0.979157621,-0.030617908,-0.200671816,966,614,376,1.503970797,1.485188982,0.903146984,0.903146984,0.000001708,1,0,ok,map,614,376,684,0,ok,34,TRACKING,242,0,0,-1,0,0,0,nan,nan,0,0,nan,nan,
1750922002.598193169,1,-2.868005464,-0.046420914,0.752624111,-0.006995188,0.977746909,-0.031641372,-0.207270047,983,612,377,1.547591734,1.552594173,0.783267027,0.783267027,0.000001708,1,0,ok,map,612,377,684,0,ok,17,TRACKING,242,0,0,-1,0,0,0,nan,nan,0,0,nan,nan,
1750922002.610193253,1,-2.854916421,-0.044379575,0.778044271,-0.007918014,0.976221177,-0.032195420,-0.214226452,977,612,363,1.534191434,1.482832403,0.825363337,0.825363337,0.000001708,1,0,ok,map,612,363,684,0,ok,23,TRACKING,242,0,0,-1,0,0,0,nan,nan,0,0,nan,nan,
1750922002.622193336,1,-2.844894884,-0.045377463,0.797139036,-0.008505544,0.974680031,-0.032912265,-0.221005148,967,612,339,1.557337321,1.489858783,0.803654613,0.803654613,0.000001708,1,0,ok,map,612,339,684,0,ok,33,TRACKING,242,0,0,-1,0,0,0,nan,nan,0,0,nan,nan,
1750922002.634193420,1,-2.832294205,-0.045944317,0.815028602,-0.008873676,0.973152206,-0.032297035,-0.227712415,950,603,324,1.590875559,1.540264755,0.792555429,0.792555429,0.000001708,1,0,ok,map,603,324,684,0,ok,50,TRACKING,242,0,0,-1,0,0,0,nan,nan,0,0,nan,nan,
1750922002.646193504,1,-2.822336164,-0.041445732,0.834381110,-0.009151213,0.971556992,-0.030792879,-0.234616847,951,595,299,1.641380988,1.668024711,0.830734491,0.830734491,0.000001708,1,0,ok,map,595,299,684,0,ok,49,TRACKING,242,0,0,-1,0,0,0,nan,nan,0,0,nan,nan,
1750922002.658193588,1,-2.810915670,-0.043582781,0.844841572,-0.008778090,0.970119437,-0.031747074,-0.240381668,953,588,295,1.666867395,1.639602353,0.828441234,0.828441234,0.000001708,1,0,ok,map,588,295,684,0,ok,47,TRACKING,243,1,12,107,168,1,0,0.004751394,0.004470371,110,80,0.727272727,1.360059664,ok
1750922002.670193672,1,-2.795728209,-0.041399195,0.862648822,-0.008337931,0.968343399,-0.032578312,-0.247346302,958,661,402,1.407230732,1.277082236,0.830653427,0.830653427,0.000001708,1,0,ok,map,661,402,711,0,ok,42,TRACKING,243,0,0,-1,0,0,0,nan,nan,0,0,nan,nan,
1750922002.682193756,1,-2.782679049,-0.040829320,0.882970496,-0.008606609,0.966561649,-0.033384915,-0.254106183,922,628,389,1.450893997,1.409397462,0.806985182,0.806985182,0.000001207,1,0,ok,map,628,389,711,0,ok,78,TRACKING,243,0,0,-1,0,0,0,nan,nan,0,0,nan,nan,
1750922002.694193840,1,-2.771377892,-0.041313475,0.900076492,-0.008779936,0.964758181,-0.034170815,-0.260762192,966,617,377,1.497183638,1.487880554,0.795589198,0.795589198,0.000001708,1,0,ok,map,617,377,711,0,ok,34,TRACKING,243,0,0,-1,0,0,0,nan,nan,0,0,nan,nan,
1750922002.706193924,1,-2.756607094,-0.041867208,0.920501087,-0.009094250,0.962854517,-0.034011159,-0.267715735,972,609,354,1.528786612,1.543834833,0.827127248,0.827127248,0.000000000,1,0,ok,map,609,354,711,0,ok,28,TRACKING,243,0,0,-1,0,0,0,nan,nan,0,0,nan,nan,
1750922002.718194008,1,-2.743993333,-0.042692979,0.937610668,-0.009591033,0.960886645,-0.033361896,-0.274757804,943,574,346,1.548101101,1.547569285,0.802171270,0.802171270,0.000000000,1,0,ok,map,574,346,711,0,ok,57,TRACKING,244,1,0,-1,0,0,0,nan,nan,0,0,nan,nan,
1750922002.730194092,1,-2.728163160,-0.042312256,0.958221506,-0.009719838,0.958982125,-0.031996169,-0.281487218,935,635,433,1.264481740,1.129531111,0.816694934,0.816694934,0.000000000,1,0,ok,map,635,433,796,0,ok,65,TRACKING,244,0,0,-1,0,0,0,nan,nan,0,0,nan,nan,
1750922002.742194176,1,-2.716784105,-0.040119696,0.973459232,-0.009600007,0.956954116,-0.031526705,-0.288362144,961,628,420,1.358119883,1.258136117,0.823245981,0.823245981,0.000001708,1,0,ok,map,628,420,796,0,ok,39,TRACKING,244,0,0,-1,0,0,0,nan,nan,0,0,nan,nan,
1750922002.754194260,1,-2.701678824,-0.040930454,0.992187541,-0.009744680,0.954905100,-0.032158464,-0.295003600,957,608,393,1.415947044,1.319839436,0.799908662,0.799908662,0.000001708,1,0,ok,map,608,393,796,0,ok,43,TRACKING,244,0,0,-1,0,0,0,nan,nan,0,0,nan,nan,
1750922002.766194344,1,-2.685560104,-0.039952345,1.010846422,-0.009576865,0.952782369,-0.032527238,-0.301754902,956,591,370,1.442438508,1.354637490,0.812311348,0.812311348,0.000002091,1,0,ok,map,591,370,796,0,ok,44,TRACKING,244,0,0,-1,0,0,0,nan,nan,0,0,nan,nan,
1750922002.778194427,1,-2.675315353,-0.039810670,1.024755071,-0.009471874,0.950443225,-0.033233538,-0.308971669,947,579,363,1.383861848,1.304588245,0.831020949,0.831020949,0.000001207,1,0,ok,map,579,363,796,0,ok,53,TRACKING,245,1,0,-1,0,0,0,nan,nan,0,0,nan,nan,
1750922002.790194511,1,-2.660264240,-0.040190246,1.042433689,-0.009825573,0.948232060,-0.033111580,-0.315694539,962,641,442,1.167243213,1.018597902,0.812117219,0.812117219,0.000001708,1,0,ok,map,641,442,853,0,ok,38,TRACKING,245,0,0,-1,0,0,0,nan,nan,0,0,nan,nan,
1750922002.802194595,1,-2.645065209,-0.039361729,1.059083775,-0.010446142,0.946021104,-0.032311460,-0.322321140,950,618,426,1.281513755,1.208777108,0.808870923,0.808870923,0.000001207,1,0,ok,map,618,426,853,0,ok,50,TRACKING,245,0,0,-1,0,0,0,nan,nan,0,0,nan,nan,
1750922002.814194679,1,-2.629718142,-0.038501680,1.074687670,-0.010793936,0.943757269,-0.032325424,-0.328878055,927,583,388,1.338495721,1.233775846,0.795891271,0.795891271,0.000001708,1,0,ok,map,583,388,853,0,ok,73,TRACKING,245,0,0,-1,0,0,0,nan,nan,0,0,nan,nan,
1750922002.826194763,1,-2.613017901,-0.038393018,1.094094944,-0.010842370,0.941376073,-0.032579906,-0.335607035,954,577,382,1.425701964,1.315994838,0.818480472,0.818480472,0.000001207,1,0,ok,map,577,382,853,0,ok,46,TRACKING,245,0,0,-1,0,0,0,nan,nan,0,0,nan,nan,
1750922002.838194847,1,-2.600794131,-0.037386887,1.107580538,-0.011313605,0.938808700,-0.032614230,-0.342704740,943,554,360,1.350834479,1.168329853,0.817474677,0.817474677,0.000001708,1,0,ok,map,554,360,853,0,ok,57,TRACKING,246,1,0,-1,0,0,0,nan,nan,0,0,nan,nan,
1750922002.850194931,1,-2.585470320,-0.036575376,1.122341195,-0.011450427,0.936411636,-0.032444182,-0.349212702,945,633,460,1.122695293,0.940204305,0.795130893,0.795130893,0.000001207,1,0,ok,map,633,460,903,0,ok,55,TRACKING,246,0,0,-1,0,0,0,nan,nan,0,0,nan,nan,
1750922002.862195015,1,-2.567813877,-0.035661945,1.138412011,-0.011110294,0.933885950,-0.032787620,-0.355891228,961,626,439,1.275459588,1.124358103,0.820075894,0.820075894,0.000002091,1,0,ok,map,626,439,903,0,ok,39,TRACKING,246,0,0,-1,0,0,0,nan,nan,0,0,nan,nan,
1750922002.874195099,1,-2.549217854,-0.036815014,1.155872353,-0.010233919,0.931293369,-0.033415573,-0.362589751,954,617,412,1.306522541,1.199958847,0.832303018,0.832303018,0.000001207,1,0,ok,map,617,412,903,0,ok,46,TRACKING,246,0,0,-1,0,0,0,nan,nan,0,0,nan,nan,
1750922002.886195183,1,-2.536127994,-0.036239766,1.167709598,-0.009927371,0.928828009,-0.032591525,-0.368941418,933,588,390,1.376398497,1.256672921,0.787227200,0.787227200,0.000001708,1,0,ok,map,588,390,903,0,ok,67,TRACKING,246,0,0,-1,0,0,0,nan,nan,0,0,nan,nan,
1750922002.898195267,1,-2.516857685,-0.034818495,1.184698095,-0.011776668,0.926241389,-0.029563634,-0.375585131,943,572,377,1.343791332,1.247457495,0.858721757,0.858721757,0.000002091,1,0,ok,map,572,377,903,0,ok,57,TRACKING,247,1,0,-1,0,0,0,nan,nan,0,0,nan,nan,
1750922002.910195351,1,-2.502966494,-0.031982879,1.197155758,-0.011277201,0.923459098,-0.028890500,-0.382441445,940,648,445,1.134411157,0.974976531,0.853326490,0.853326490,0.000001207,1,0,ok,map,648,445,915,0,ok,60,TRACKING,247,0,0,-1,0,0,0,nan,nan,0,0,nan,nan,
1750922002.922195435,1,-2.485612948,-0.031849987,1.211670872,-0.010259808,0.920477510,-0.031332147,-0.389402346,935,613,421,1.242482184,1.083922723,0.919172024,0.919172024,0.000002415,1,0,ok,map,613,421,915,0,ok,65,TRACKING,247,0,0,-1,0,0,0,nan,nan,0,0,nan,nan,
1750922002.934195518,1,-2.468071316,-0.033751906,1.225488711,-0.010628981,0.917754138,-0.032373494,-0.395684626,938,596,401,1.284119134,1.142604969,0.794778918,0.794778918,0.000001708,1,0,ok,map,596,401,915,0,ok,62,TRACKING,247,0,0,-1,0,0,0,nan,nan,0,0,nan,nan,
1750922002.946195602,1,-2.449927472,-0.033256840,1.240116302,-0.011234875,0.914902175,-0.031423242,-0.402293882,961,592,391,1.326439385,1.205893984,0.834917907,0.834917907,0.000001708,1,0,ok,map,592,391,915,0,ok,39,TRACKING,247,0,0,-1,0,0,0,nan,nan,0,0,nan,nan,
1750922002.958195686,1,-2.432952852,-0.031314553,1.253811258,-0.012167853,0.912090746,-0.030515587,-0.408670055,968,583,379,1.312279397,1.152033275,0.812341946,0.812341946,0.000000000,1,0,ok,map,583,379,915,0,ok,32,TRACKING,247,0,0,-1,0,0,0,nan,nan,0,0,nan,nan,
1750922002.970195770,1,-2.418411623,-0.031663174,1.264148744,-0.012056926,0.908775888,-0.031534908,-0.415916536,946,562,372,1.351389029,1.243557131,0.869095637,0.869095637,0.000002415,1,0,ok,map,562,372,915,0,ok,54,TRACKING,248,1,0,-1,0,0,0,nan,nan,0,0,nan,nan,
1750922002.982195854,1,-2.400736044,-0.032378634,1.276977349,-0.012249752,0.905907256,-0.031730073,-0.422108030,948,702,539,1.053170577,0.866394870,0.782578047,0.782578047,0.000001708,1,0,ok,map,702,539,954,0,ok,52,TRACKING,248,0,0,-1,0,0,0,nan,nan,0,0,nan,nan,
1750922002.994195938,1,-2.383881757,-0.031815948,1.288645193,-0.012426893,0.902937985,-0.030463266,-0.428509694,961,691,523,1.223569418,1.095238896,0.821824238,0.821824238,0.000001708,1,0,ok,map,691,523,954,0,ok,39,TRACKING,248,0,0,-1,0,0,0,nan,nan,0,0,nan,nan,
1750922003.006196022,1,-2.365113091,-0.030470273,1.302017533,-0.012282015,0.899877551,-0.029226319,-0.434988928,964,681,501,1.279842669,1.173352209,0.833435883,0.833435883,0.000001708,1,0,ok,map,681,501,954,0,ok,36,TRACKING,248,0,0,-1,0,0,0,nan,nan,0,0,nan,nan,
1750922003.018196106,1,-2.349518064,-0.029577673,1.311670267,-0.012623807,0.896659955,-0.030040819,-0.441519098,931,662,493,1.360965869,1.305646389,0.840328293,0.840328293,0.000000000,1,0,ok,map,662,493,954,0,ok,69,TRACKING,248,0,0,-1,0,0,0,nan,nan,0,0,nan,nan,
1750922003.030196190,1,-2.331714660,-0.030294649,1.323848989,-0.012741114,0.893484591,-0.030416154,-0.447881466,952,645,475,1.325597758,1.230491189,0.816077918,0.816077918,0.000001207,1,0,ok,map,645,475,954,0,ok,48,TRACKING,248,0,0,-1,0,0,0,nan,nan,0,0,nan,nan,
1750922003.042196274,1,-2.310418767,-0.031003720,1.338140831,-0.012757965,0.890262383,-0.030305132,-0.454259532,968,636,465,1.307526666,1.213566444,0.818950352,0.818950352,0.000002415,1,0,ok,map,636,465,954,0,ok,32,TRACKING,248,0,0,-1,0,0,0,nan,nan,0,0,nan,nan,
1750922003.054196358,1,-2.294325514,-0.029599104,1.347812782,-0.011172155,0.886979504,-0.030105424,-0.460691009,984,631,437,1.355316847,1.259896475,0.847482775,0.847482775,0.000002091,1,0,ok,map,631,437,954,0,ok,16,TRACKING,248,0,0,-1,0,0,0,nan,nan,0,0,nan,nan,
1750922003.066196442,1,-2.275333705,-0.031026974,1.358856713,-0.010960769,0.883839829,-0.029402549,-0.466736015,970,614,420,1.377822110,1.274875645,0.785086437,0.785086437,0.000002700,1,0,ok,map,614,420,954,0,ok,30,TRACKING,248,0,0,-1,0,0,0,nan,nan,0,0,nan,nan,
1750922003.078196526,1,-2.253911688,-0.030032875,1.370645494,-0.010811708,0.880629947,-0.027039812,-0.472908926,978,608,402,1.421415390,1.377840321,0.842175193,0.842175193,0.000001207,1,0,ok,map,608,402,954,0,ok,22,TRACKING,248,0,0,-1,0,0,0,nan,nan,0,0,nan,nan,
1750922003.090196609,1,-2.236204496,-0.028057446,1.381323483,-0.011156455,0.876772418,-0.027661380,-0.479979697,962,599,373,1.555500027,1.495004367,0.871137628,0.871137628,0.000000000,1,0,ok,map,599,373,954,0,ok,38,TRACKING,249,1,0,-1,0,0,0,nan,nan,0,0,nan,nan,
1750922003.102196693,1,-2.219004198,-0.027823099,1.389889688,-0.012646825,0.873385223,-0.029520291,-0.485970023,966,767,588,1.213035900,1.060520745,0.834507383,0.834507383,0.000001708,1,0,ok,map,767,588,1028,0,ok,34,TRACKING,249,0,0,-1,0,0,0,nan,nan,0,0,nan,nan,
1750922003.114196777,1,-2.198498729,-0.028469933,1.401210725,-0.013224630,0.869907469,-0.029821084,-0.492134948,959,745,545,1.357766524,1.259354168,0.814532521,0.814532521,0.000001708,1,0,ok,map,745,545,1028,0,ok,41,TRACKING,249,0,0,-1,0,0,0,nan,nan,0,0,nan,nan,
1750922003.126196861,1,-2.180488285,-0.027885963,1.410882074,-0.012632379,0.866302998,-0.029111881,-0.498509817,967,730,518,1.446255147,1.401230769,0.845846812,0.845846812,0.000002700,1,0,ok,map,730,518,1028,0,ok,33,TRACKING,249,0,0,-1,0,0,0,nan,nan,0,0,nan,nan,
1750922003.138196945,1,-2.161108292,-0.026984659,1.419901416,0.012971977,-0.862777208,0.028257399,0.504627324,974,714,507,1.436263179,1.357963085,0.815943136,0.815943136,0.000002091,1,0,ok,map,714,507,1028,0,ok,26,TRACKING,249,0,0,-1,0,0,0,nan,nan,0,0,nan,nan,
1750922003.150197029,1,-2.141466427,-0.026996596,1.429881960,0.013920496,-0.859070372,0.028330648,0.510883245,986,710,499,1.420191178,1.363516852,0.840374731,0.840374731,0.000001207,1,0,ok,map,710,499,1028,0,ok,14,TRACKING,249,0,0,-1,0,0,0,nan,nan,0,0,nan,nan,
1750922003.162197113,1,-2.121707635,-0.028169511,1.438197139,0.014922717,-0.855448381,0.028221324,0.516903218,975,706,498,1.476055757,1.445526711,0.813321693,0.813321693,0.000001708,1,0,ok,map,706,498,1028,0,ok,25,TRACKING,249,0,0,-1,0,0,0,nan,nan,0,0,nan,nan,
1750922003.174197197,1,-2.104600388,-0.027221750,1.445262740,0.015083514,-0.851623298,0.027631530,0.523208128,983,700,469,1.516682383,1.463685644,0.847955154,0.847955154,0.000002091,1,0,ok,map,700,469,1028,0,ok,17,TRACKING,249,0,0,-1,0,0,0,nan,nan,0,0,nan,nan,
1750922003.186197281,1,-2.079805664,-0.027299634,1.457073111,0.014132781,-0.847678481,0.027619365,0.529602330,981,689,444,1.558025344,1.574925666,0.867812329,0.867812329,0.000002415,1,0,ok,map,689,444,1028,0,ok,19,TRACKING,249,0,0,-1,0,0,0,nan,nan,0,0,nan,nan,
1750922003.198197365,1,-2.059852340,-0.026901783,1.464560328,0.013446373,-0.843918165,0.027275778,0.535609334,956,661,428,1.537676858,1.511951080,0.816849754,0.816849754,0.000001207,1,0,ok,map,661,428,1028,0,ok,44,TRACKING,249,0,0,-1,0,0,0,nan,nan,0,0,nan,nan,
1750922003.210197449,1,-2.039569875,-0.026081292,1.470566834,0.013829712,-0.840123803,0.026882240,0.541551548,968,652,408,1.565921196,1.573990213,0.810358543,0.810358543,0.000000000,1,0,ok,map,652,408,1028,0,ok,32,TRACKING,249,0,0,-1,0,0,0,nan,nan,0,0,nan,nan,
1750922003.222197533,1,-2.017037495,-0.026613360,1.481924979,0.014482261,-0.836222976,0.027749742,0.547495526,964,631,378,1.597639344,1.579391627,0.824151019,0.824151019,0.000001708,1,0,ok,map,631,378,1028,0,ok,36,TRACKING,249,0,0,-1,0,0,0,nan,nan,0,0,nan,nan,
1750922003.234197617,1,-1.996277470,-0.029280027,1.486491787,0.014460636,-0.832274863,0.026398676,0.553545439,967,611,344,1.658525892,1.710274682,0.842190477,0.842190477,0.000001708,1,0,ok,map,611,344,1028,0,ok,33,TRACKING,249,0,0,-1,0,0,0,nan,nan,0,0,nan,nan,
1750922003.246197701,1,-1.982508104,-0.027869986,1.491717259,0.014220338,-0.827995182,0.024997875,0.559997202,972,594,318,1.624401949,1.639994922,0.851979263,0.851979263,0.000002415,1,0,ok,map,594,318,1028,0,ok,28,TRACKING,250,1,0,-1,0,0,0,nan,nan,0,0,nan,nan,
1750922003.258197784,1,-1.962921114,-0.027733338,1.496836848,0.013594281,-0.823684235,0.025918929,0.566292933,950,683,451,1.449316825,1.345407788,0.883627169,0.883627169,0.000002091,1,0,ok,map,683,451,1059,0,ok,50,TRACKING,250,0,0,-1,0,0,0,nan,nan,0,0,nan,nan,
1750922003.270197868,1,-1.941135730,-0.026436726,1.503674503,0.014182558,-0.819864749,0.025430328,0.571816357,940,651,433,1.420839072,1.311459115,0.774503734,0.774503734,0.000000000,1,0,ok,map,651,433,1059,0,ok,60,TRACKING,250,0,0,-1,0,0,0,nan,nan,0,0,nan,nan,
1750922003.282197952,1,-1.920822094,-0.027775366,1.508683356,0.014180007,-0.815632202,0.024942265,0.577858912,974,634,403,1.468819390,1.382703311,0.847244643,0.847244643,0.000001708,1,0,ok,map,634,403,1059,0,ok,26,TRACKING,250,0,0,-1,0,0,0,nan,nan,0,0,nan,nan,
1750922003.294198036,1,-1.893475333,-0.026605324,1.516395497,0.013700517,-0.811468292,0.025307408,0.583687452,973,614,351,1.519307292,1.470944140,0.823733205,0.823733205,0.000001207,1,0,ok,map,614,351,1059,0,ok,27,TRACKING,250,0,0,-1,0,0,0,nan,nan,0,0,nan,nan,
1750922003.306198120,1,-1.875946102,-0.028990283,1.521939818,0.014123923,-0.806961017,0.026913155,0.589822104,952,593,344,1.492529574,1.420436226,0.843621387,0.843621387,0.000001708,1,0,ok,map,593,344,1059,0,ok,48,TRACKING,251,1,0,-1,0,0,0,nan,nan,0,0,nan,nan,
1750922003.318198204,1,-1.855349605,-0.029218586,1.527239566,0.013873443,-0.802855275,0.025309372,0.595474912,960,662,432,1.263026606,1.115550430,0.821921359,0.821921359,0.000001708,1,0,ok,map,662,432,1063,0,ok,40,TRACKING,251,0,0,-1,0,0,0,nan,nan,0,0,nan,nan,
1750922003.330198288,1,-1.835397506,-0.028253623,1.529775932,0.014296748,-0.798841102,0.022740550,0.600942064,965,643,417,1.399508444,1.253010790,0.832518554,0.832518554,0.000001207,1,0,ok,map,643,417,1063,0,ok,35,TRACKING,251,0,0,-1,0,0,0,nan,nan,0,0,nan,nan,
1750922003.342198372,1,-1.809303647,-0.029127906,1.534322561,0.013403289,-0.794512201,0.022265356,0.606691823,950,622,393,1.471294132,1.423107251,0.832848210,0.832848210,0.000002415,1,0,ok,map,622,393,1063,0,ok,50,TRACKING,251,0,0,-1,0,0,0,nan,nan,0,0,nan,nan,
1750922003.354198456,1,-1.788284045,-0.028342044,1.539053733,0.012411701,-0.790228690,0.022272751,0.612281383,952,601,375,1.471620495,1.407119182,0.814931840,0.814931840,0.000001207,1,0,ok,map,601,375,1063,0,ok,48,TRACKING,251,0,0,-1,0,0,0,nan,nan,0,0,nan,nan,
1750922003.366198540,1,-1.772080361,-0.028903665,1.540449779,0.012534207,-0.785727070,0.021815517,0.618061443,965,586,374,1.433910721,1.325075282,0.796198383,0.796198383,0.000001708,1,0,ok,map,586,374,1063,0,ok,35,TRACKING,252,1,0,-1,0,0,0,nan,nan,0,0,nan,nan,
1750922003.378198624,1,-1.748690478,-0.027799993,1.545167885,0.013148799,-0.781672721,0.020464107,0.623214318,972,663,454,1.216159899,1.088766444,0.770359344,0.770359344,0.000001207,1,0,ok,map,663,454,1082,0,ok,28,TRACKING,252,0,0,-1,0,0,0,nan,nan,0,0,nan,nan,
1750922003.390198708,1,-1.730072055,-0.027190162,1.548099854,0.013388404,-0.777417011,0.019802713,0.628531141,969,652,449,1.275318301,1.154794052,0.784552303,0.784552303,0.000002091,1,0,ok,map,652,449,1082,0,ok,31,TRACKING,252,0,0,-1,0,0,0,nan,nan,0,0,nan,nan,
1750922003.402198792,1,-1.701920340,-0.028494690,1.552831243,0.012378910,-0.772708605,0.020413383,0.634311806,973,639,435,1.406401319,1.272164198,0.864976076,0.864976076,0.000002091,1,0,ok,map,639,435,1082,0,ok,27,TRACKING,252,0,0,-1,0,0,0,nan,nan,0,0,nan,nan,
1750922003.414198875,1,-1.684643095,-0.027549106,1.553408547,0.011381923,-0.768332168,0.019719956,0.639646195,986,634,426,1.503655736,1.441050465,0.802827595,0.802827595,0.000001708,1,0,ok,map,634,426,1082,0,ok,14,TRACKING,252,0,0,-1,0,0,0,nan,nan,0,0,nan,nan,
1750922003.426198959,1,-1.656046777,-0.029147692,1.557769550,0.011306953,-0.763920093,0.019302955,0.644922973,977,621,401,1.405594948,1.345566113,0.789688804,0.789688804,0.000000000,1,0,ok,map,621,401,1082,0,ok,23,TRACKING,252,0,0,-1,0,0,0,nan,nan,0,0,nan,nan,
1750922003.438199043,1,-1.637571767,-0.024472677,1.558993764,0.011983384,-0.759261778,0.017132932,0.650449394,961,595,335,1.550015936,1.496133005,0.829364483,0.829364483,0.000002091,1,0,ok,map,595,335,1082,0,ok,39,TRACKING,253,1,6,117,217,1,0,0.005056452,0.004504895,174,149,0.856321839,1.304689287,ok
1750922003.450199127,1,-1.621870717,-0.028491955,1.569374426,0.013548004,-0.754828624,0.017168004,0.655557366,969,623,346,1.565734217,1.478587104,0.795513873,0.795513873,0.000001708,1,0,ok,map,623,346,1012,0,ok,31,TRACKING,253,0,0,-1,0,0,0,nan,nan,0,0,nan,nan,
1750922003.462199211,1,-1.602091167,-0.027174848,1.570252311,0.013807206,-0.750325359,0.017392111,0.660695642,982,621,260,1.703829734,1.762871218,0.783917332,0.783917332,0.000002415,1,0,ok,map,621,260,1012,0,ok,18,TRACKING,253,0,0,-1,0,0,0,nan,nan,0,0,nan,nan,
1750922003.474199295,1,-1.569197208,-0.027989340,1.577103935,0.012126584,-0.745714018,0.016482764,0.665951850,983,612,247,1.712489013,1.735055364,0.830641211,0.830641211,0.000002415,1,0,ok,map,612,247,1012,0,ok,17,TRACKING,253,0,0,-1,0,0,0,nan,nan,0,0,nan,nan,
1750922003.486199379,1,-1.562552014,-0.025094310,1.575407849,0.012354641,-0.741311563,0.015771064,0.670861985,988,610,242,1.749853261,1.823903524,0.760543860,0.760543860,0.000001708,1,0,ok,map,610,242,1012,0,ok,12,TRACKING,253,0,0,-1,0,0,0,nan,nan,0,0,nan,nan,
1750922003.498199463,1,-1.529496282,-0.024309968,1.573433847,0.013110340,-0.736322225,0.017972873,0.676265240,967,592,237,1.763579860,1.758716934,0.883975601,0.883975601,0.000002091,1,0,ok,map,592,237,1012,0,ok,33,TRACKING,253,0,0,-1,0,0,0,nan,nan,0,0,nan,nan,
1750922003.510199547,1,-1.511389931,-0.024265622,1.574612288,0.014773817,-0.731816507,0.020206969,0.681041858,964,583,221,1.762087445,1.809636252,0.798705608,0.798705608,0.000002700,1,0,ok,map,583,221,1012,0,ok,36,TRACKING,254,1,0,-1,0,0,0,nan,nan,0,0,nan,nan,
1750922003.522199631,1,-1.490835830,-0.025819047,1.576453829,0.015554703,-0.726921505,0.021187553,0.686217360,978,616,337,1.367755346,1.268260226,0.828857641,0.828857641,0.000001207,1,0,ok,map,616,337,824,0,ok,22,TRACKING,254,0,0,-1,0,0,0,nan,nan,0,0,nan,nan,
1750922003.534199715,1,-1.472453166,-0.028159370,1.575069120,0.015413611,-0.722356310,0.019935055,0.691061774,970,596,319,1.499710910,1.374288314,0.776337210,0.776337210,0.000002415,1,0,ok,map,596,319,824,0,ok,30,TRACKING,254,0,0,-1,0,0,0,nan,nan,0,0,nan,nan,
1750922003.546199799,1,-1.457382172,-0.029150748,1.579943993,0.014941082,-0.717667501,0.017097963,0.696015647,958,571,308,1.564846838,1.491480889,0.848274891,0.848274891,0.000000000,1,0,ok,map,571,308,824,0,ok,42,TRACKING,254,0,0,-1,0,0,0,nan,nan,0,0,nan,nan,
1750922003.558199883,1,-1.425765478,-0.027227267,1.579952697,0.014077913,-0.712810532,0.016160379,0.701029101,974,558,290,1.612125647,1.537074419,0.813109281,0.813109281,0.000002415,1,0,ok,map,558,290,824,0,ok,26,TRACKING,254,0,0,-1,0,0,0,nan,nan,0,0,nan,nan,
1750922003.570199966,1,-1.408148681,-0.026448433,1.574754314,0.015054805,-0.708120411,0.016459160,0.705739280,977,551,282,1.584476585,1.521486768,0.779780922,0.779780922,0.000001708,1,0,ok,map,551,282,824,0,ok,23,TRACKING,255,1,0,-1,0,0,0,nan,nan,0,0,nan,nan,
1750922003.582200050,1,-1.387962077,-0.025346545,1.573108351,0.015474475,-0.702846848,0.017795219,0.710950195,985,625,407,1.361905690,1.151284156,0.864582100,0.864582100,0.000001708,1,0,ok,map,625,407,821,0,ok,15,TRACKING,255,0,0,-1,0,0,0,nan,nan,0,0,nan,nan,
1750922003.594200134,1,-1.360669638,-0.026293354,1.571272622,0.016275328,-0.697909436,0.018522975,0.715761436,978,623,397,1.472310233,1.327975989,0.799659195,0.799659195,0.000002415,1,0,ok,map,623,397,821,0,ok,22,TRACKING,255,0,0,-1,0,0,0,nan,nan,0,0,nan,nan,
1750922003.606200218,1,-1.344782237,-0.025812288,1.570041759,0.016808882,-0.692888411,0.018299238,0.720616576,974,608,371,1.452436510,1.335652138,0.803106326,0.803106326,0.000002415,1,0,ok,map,608,371,821,0,ok,26,TRACKING,255,0,0,-1,0,0,0,nan,nan,0,0,nan,nan,
1750922003.618200302,1,-1.329568216,-0.028449299,1.569305672,0.017089706,-0.687742564,0.018238119,0.725524278,986,607,349,1.521876638,1.473320556,0.815519159,0.815519159,0.000002415,1,0,ok,map,607,349,821,0,ok,14,TRACKING,255,0,0,-1,0,0,0,nan,nan,0,0,nan,nan,
1750922003.630200386,1,-1.290544270,-0.028872665,1.562977776,0.016639807,-0.682692188,0.017264711,0.730312551,964,601,336,1.572093602,1.532029004,0.806906783,0.806906783,0.000001708,1,0,ok,map,601,336,821,0,ok,36,TRACKING,255,0,0,-1,0,0,0,nan,nan,0,0,nan,nan,
1750922003.642200470,1,-1.274412904,-0.028869364,1.563540323,0.016440010,-0.677574605,0.016566957,0.735083612,971,595,334,1.559581313,1.536666918,0.806057513,0.806057513,0.000001708,1,0,ok,map,595,334,821,0,ok,29,TRACKING,255,0,0,-1,0,0,0,nan,nan,0,0,nan,nan,
1750922003.654200554,1,-1.255784447,-0.028865429,1.560424164,0.016121892,-0.672313543,0.016127624,0.739915187,963,584,329,1.580356465,1.561457604,0.820889289,0.820889289,0.000002700,1,0,ok,map,584,329,821,0,ok,37,TRACKING,255,0,0,-1,0,0,0,nan,nan,0,0,nan,nan,
1750922003.666200638,1,-1.232744241,-0.023769555,1.553639753,0.016686208,-0.667184541,0.016300333,0.744527137,976,580,305,1.565686935,1.606660635,0.812761984,0.812761984,0.000002091,1,0,ok,map,580,305,821,0,ok,24,TRACKING,256,1,0,-1,0,0,0,nan,nan,0,0,nan,nan,
1750922003.678200722,1,-1.215104619,-0.027368118,1.549473803,0.017929790,-0.661918218,0.016912327,0.749170721,972,638,390,1.419403563,1.275403428,0.820096929,0.820096929,0.000001708,1,0,ok,map,638,390,828,0,ok,28,TRACKING,256,0,0,-1,0,0,0,nan,nan,0,0,nan,nan,
1750922003.690200806,1,-1.197481987,-0.027525114,1.543162043,0.017204305,-0.656751864,0.016527516,0.753729290,962,631,347,1.565771016,1.557810373,0.795123124,0.795123124,0.000002415,1,0,ok,map,631,347,828,0,ok,38,TRACKING,256,0,0,-1,0,0,0,nan,nan,0,0,nan,nan,
1750922003.702200890,1,-1.162490538,-0.028010090,1.537421983,0.015125213,-0.651081884,0.016963170,0.758667159,966,626,320,1.555505331,1.549038959,0.895311011,0.895311011,0.000001207,1,0,ok,map,626,320,828,0,ok,34,TRACKING,256,0,0,-1,0,0,0,nan,nan,0,0,nan,nan,
1750922003.714200974,1,-1.147361118,-0.027501083,1.533825442,0.014948167,-0.645880411,0.016998989,0.763102930,984,621,322,1.583492671,1.533011234,0.783626979,0.783626979,0.000002415,1,0,ok,map,621,322,828,0,ok,16,TRACKING,256,0,0,-1,0,0,0,nan,nan,0,0,nan,nan,
1750922003.726201057,1,-1.125941668,-0.032464357,1.532120050,0.015738522,-0.640773435,0.015614180,0.767409865,973,607,307,1.652810247,1.706538838,0.787048308,0.787048308,0.000000000,1,0,ok,map,607,307,828,0,ok,27,TRACKING,256,0,0,-1,0,0,0,nan,nan,0,0,nan,nan,
1750922003.738201141,1,-1.101147888,-0.024690292,1.524916804,0.015560960,-0.635639041,0.013642340,0.771708982,955,577,292,1.604924507,1.573739558,0.839390519,0.839390519,0.000001708,1,0,ok,map,577,292,828,0,ok,45,TRACKING,257,1,0,-1,0,0,0,nan,nan,0,0,nan,nan,
1750922003.750201225,1,-1.083248660,-0.024994649,1.521853841,0.016050658,-0.630062308,0.015066558,0.776232480,969,625,337,1.423990763,1.287594800,0.840749352,0.840749352,0.000002415,1,0,ok,map,625,337,782,0,ok,31,TRACKING,257,0,0,-1,0,0,0,nan,nan,0,0,nan,nan,
1750922003.762201309,1,-1.076225442,-0.034444475,1.515623977,0.015261878,-0.624784906,0.016571263,0.780471838,960,602,228,1.537410826,1.493242418,0.799760742,0.799760742,0.000001708,1,0,ok,map,602,228,782,0,ok,40,TRACKING,257,0,0,-1,0,0,0,nan,nan,0,0,nan,nan,
1750922003.774201393,1,-1.060329223,-0.032409225,1.513306268,0.013794586,-0.619397939,0.013838994,0.784833985,963,587,214,1.641527544,1.597186287,0.870188824,0.870188824,0.000000000,1,0,ok,map,587,214,782,0,ok,37,TRACKING,257,0,0,-1,0,0,0,nan,nan,0,0,nan,nan,
1750922003.786201477,1,-1.016584750,-0.023796505,1.504117298,0.013257805,-0.614391702,0.011207489,0.788810154,948,568,193,1.540808273,1.476601783,0.794620121,0.794620121,0.000002091,1,0,ok,map,568,193,782,0,ok,52,TRACKING,257,0,0,-1,0,0,0,nan,nan,0,0,nan,nan,
1750922003.798201561,1,-0.999113063,-0.024155638,1.491916588,0.015178909,-0.608546767,0.013801436,0.793252768,936,558,197,1.639259192,1.669765195,0.930334648,0.930334648,0.000001708,1,0,ok,map,558,197,782,0,ok,64,TRACKING,258,1,0,-1,0,0,0,nan,nan,0,0,nan,nan,
1750922003.810201645,1,-0.978412690,-0.027575380,1.486183557,0.016119606,-0.603202254,0.014199165,0.797298929,952,629,295,1.263139222,1.137632385,0.777016241,0.777016241,0.000000000,1,0,ok,map,629,295,788,0,ok,48,TRACKING,258,0,0,-1,0,0,0,nan,nan,0,0,nan,nan,
1750922003.822201729,1,-0.962959662,-0.026752234,1.479268388,0.015281818,-0.597233123,0.013866342,0.801802212,942,604,273,1.404313387,1.291494045,0.863042687,0.863042687,0.000000000,1,0,ok,map,604,273,788,0,ok,58,TRACKING,258,0,0,-1,0,0,0,nan,nan,0,0,nan,nan,
1750922003.834201813,1,-0.948261400,-0.027691994,1.474832310,0.014517836,-0.591571303,0.013064799,0.806016090,950,576,265,1.407715343,1.272982298,0.818662809,0.818662809,0.000001207,1,0,ok,map,576,265,788,0,ok,50,TRACKING,258,0,0,-1,0,0,0,nan,nan,0,0,nan,nan,
1750922003.846201897,1,-0.935916697,-0.027249372,1.466759513,0.014412932,-0.585799689,0.012449596,0.810232065,954,569,262,1.464774811,1.368489359,0.822154903,0.822154903,0.000001708,1,0,ok,map,569,262,788,0,ok,46,TRACKING,258,0,0,-1,0,0,0,nan,nan,0,0,nan,nan,
1750922003.858201981,1,-0.894875896,-0.023698436,1.452757858,0.014625204,-0.580190874,0.012409598,0.814254663,971,566,247,1.424358388,1.266426124,0.822707710,0.822707710,0.000002091,1,0,ok,map,566,247,788,0,ok,29,TRACKING,259,1,0,-1,0,0,0,nan,nan,0,0,nan,nan,
1750922003.870202065,1,-0.879599174,-0.022012105,1.448170880,0.014369426,-0.574299314,0.012437860,0.818424778,965,668,362,1.105524561,0.838319605,0.827655676,0.827655676,0.000002415,1,0,ok,map,668,362,849,0,ok,35,TRACKING,259,0,0,-1,0,0,0,nan,nan,0,0,nan,nan,
1750922003.882202148,1,-0.859902967,-0.023164544,1.438127147,0.014919433,-0.568326204,0.013228181,0.822561700,973,658,354,1.222422048,1.077954305,0.839882758,0.839882758,0.000002091,1,0,ok,map,658,354,849,0,ok,27,TRACKING,259,0,0,-1,0,0,0,nan,nan,0,0,nan,nan,
1750922003.894202232,1,-0.835441651,-0.025947992,1.425525811,0.015099983,-0.562467118,0.013421924,0.826572794,970,645,330,1.355980945,1.256351186,0.814230204,0.814230204,0.000002415,1,0,ok,map,645,330,849,0,ok,30,TRACKING,259,0,0,-1,0,0,0,nan,nan,0,0,nan,nan,
1750922003.906202316,1,-0.825549684,-0.025093988,1.419793424,0.014541817,-0.556528306,0.012046583,0.830614026,972,634,317,1.448850950,1.397795965,0.840545999,0.840545999,0.000000000,1,0,ok,map,634,317,849,0,ok,28,TRACKING,259,0,0,-1,0,0,0,nan,nan,0,0,nan,nan,
1750922003.918202400,1,-0.800984575,-0.022712270,1.408839746,0.014301186,-0.550522762,0.011204580,0.834622443,976,625,288,1.427800657,1.265094109,0.833460174,0.833460174,0.000001708,1,0,ok,map,625,288,849,0,ok,24,TRACKING,259,0,0,-1,0,0,0,nan,nan,0,0,nan,nan,
1750922003.930202484,1,-0.783356344,-0.025789630,1.396537885,0.014468975,-0.544388964,0.011853966,0.838624343,955,605,281,1.457665167,1.383747883,0.842764509,0.842764509,0.000001708,1,0,ok,map,605,281,849,0,ok,45,TRACKING,259,0,0,-1,0,0,0,nan,nan,0,0,nan,nan,
1750922003.942202568,1,-0.756478405,-0.023692637,1.383112422,0.012911227,-0.538413521,0.011515749,0.842503156,958,596,270,1.503054247,1.381256324,0.866526472,0.866526472,0.000000000,1,0,ok,map,596,270,849,0,ok,42,TRACKING,260,1,0,-1,0,0,0,nan,nan,0,0,nan,nan,
1750922003.954202652,1,-0.741655240,-0.024857508,1.374940809,0.012844325,-0.532501122,0.010600660,0.846265446,964,635,362,1.219095894,1.045948702,0.809906700,0.809906700,0.000002415,1,0,ok,map,635,362,842,0,ok,36,TRACKING,260,0,0,-1,0,0,0,nan,nan,0,0,nan,nan,
1750922003.966202736,1,-0.729645987,-0.022317085,1.369973813,0.012833465,-0.526224208,0.010031043,0.850189840,959,628,323,1.374228874,1.219294986,0.850801635,0.850801635,0.000001708,1,0,ok,map,628,323,842,0,ok,41,TRACKING,260,0,0,-1,0,0,0,nan,nan,0,0,nan,nan,
1750922003.978202820,1,-0.699321466,-0.022035669,1.350744887,0.012706005,-0.519813878,0.011208338,0.854111505,960,616,305,1.462380418,1.399703533,0.871757335,0.871757335,0.000001708,1,0,ok,map,616,305,842,0,ok,40,TRACKING,260,0,0,-1,0,0,0,nan,nan,0,0,nan,nan,
1750922003.990202904,1,-0.684302455,-0.021890367,1.343535883,0.013891683,-0.513716153,0.012712767,0.857753532,961,602,287,1.475500798,1.452593435,0.842976479,0.842976479,0.000001207,1,0,ok,map,602,287,842,0,ok,39,TRACKING,260,0,0,-1,0,0,0,nan,nan,0,0,nan,nan,
1750922004.002202988,1,-0.665447315,-0.022707598,1.329412236,0.014564855,-0.507636752,0.012172031,0.861362081,969,585,283,1.492784146,1.450385572,0.816150311,0.816150311,0.000001207,1,0,ok,map,585,283,842,0,ok,31,TRACKING,260,0,0,-1,0,0,0,nan,nan,0,0,nan,nan,
1750922004.014203072,1,-0.652423956,-0.020879533,1.324340878,0.015422407,-0.501684715,0.011335825,0.864838768,958,567,263,1.433796007,1.375032223,0.842239193,0.842239193,0.000001207,1,0,ok,map,567,263,842,0,ok,42,TRACKING,261,1,0,-1,0,0,0,nan,nan,0,0,nan,nan,
1750922004.026203156,1,-0.634325893,-0.020632419,1.310498403,0.014861249,-0.495287591,0.012301969,0.868514828,943,582,325,1.312834721,1.165982571,0.855110972,0.855110972,0.000002415,1,0,ok,map,582,325,832,0,ok,57,TRACKING,261,0,0,-1,0,0,0,nan,nan,0,0,nan,nan,
1750922004.038203239,1,-0.616968977,-0.021077923,1.301211721,0.014771453,-0.488903309,0.012588978,0.872122054,943,564,279,1.483453238,1.363622180,0.840994473,0.840994473,0.000001708,1,0,ok,map,564,279,832,0,ok,57,TRACKING,261,0,0,-1,0,0,0,nan,nan,0,0,nan,nan,
1750922004.050203323,1,-0.596791598,-0.023466439,1.291424629,0.013997621,-0.482807848,0.010583614,0.875550476,946,545,250,1.479022541,1.428489118,0.838394186,0.838394186,0.000001708,1,0,ok,map,545,250,832,0,ok,54,TRACKING,261,0,0,-1,0,0,0,nan,nan,0,0,nan,nan,
1750922004.062203407,1,-0.582286277,-0.018751692,1.276862510,0.014630864,-0.476523115,0.010186052,0.878981173,944,533,241,1.543130624,1.477447208,0.824954345,0.824954345,0.000001207,1,0,ok,map,533,241,832,0,ok,56,TRACKING,261,0,0,-1,0,0,0,nan,nan,0,0,nan,nan,
1750922004.074203491,1,-0.564591712,-0.018730874,1.259047857,0.015803016,-0.470438692,0.011449347,0.882216875,953,517,224,1.569995738,1.549408380,0.849066172,0.849066172,0.000001708,1,0,ok,map,517,224,832,0,ok,47,TRACKING,262,1,0,-1,0,0,0,nan,nan,0,0,nan,nan,
1750922004.086203575,1,-0.545637887,-0.019605764,1.243723719,0.015744479,-0.464162347,0.011487041,0.885535699,950,594,342,1.285722648,1.137854843,0.813617478,0.813617478,0.000001207,1,0,ok,map,594,342,881,0,ok,50,TRACKING,262,0,0,-1,0,0,0,nan,nan,0,0,nan,nan,
1750922004.098203659,1,-0.531742779,-0.017314926,1.231895972,0.015550283,-0.457905096,0.011717201,0.888787837,932,554,325,1.471259202,1.401331433,0.808828852,0.808828852,0.000002415,1,0,ok,map,554,325,881,0,ok,68,TRACKING,262,0,0,-1,0,0,0,nan,nan,0,0,nan,nan,
1750922004.110203743,1,-0.516239041,-0.018733837,1.218680011,0.016300349,-0.451516139,0.011725567,0.892036987,968,547,309,1.564810344,1.520943086,0.825843721,0.825843721,0.000002415,1,0,ok,map,547,309,881,0,ok,32,TRACKING,262,0,0,-1,0,0,0,nan,nan,0,0,nan,nan,
1750922004.122203827,1,-0.496671123,-0.018277085,1.202174685,0.017022864,-0.445226695,0.011014296,0.895188303,952,533,290,1.581087460,1.581666992,0.814455495,0.814455495,0.000001708,1,0,ok,map,533,290,881,0,ok,48,TRACKING,262,0,0,-1,0,0,0,nan,nan,0,0,nan,nan,
1750922004.134203911,1,-0.482629468,-0.017666173,1.189193467,0.016819643,-0.439022271,0.011761095,0.898241739,946,508,277,1.564942484,1.587926173,0.828174172,0.828174172,0.000001207,1,0,ok,map,508,277,881,0,ok,54,TRACKING,263,1,13,57,204,1,0,0.005275896,0.004538487,158,127,0.803797468,1.414855619,ok
1750922004.146203995,1,-0.467425749,-0.019437164,1.172366230,0.016541231,-0.432319306,0.011777293,0.901491930,932,559,360,1.371052506,1.307357227,0.854237713,0.854237713,0.000002091,1,0,ok,map,559,360,904,0,ok,68,TRACKING,263,0,0,-1,0,0,0,nan,nan,0,0,nan,nan,
1750922004.158204079,1,-0.451973910,-0.019928440,1.158663049,0.017335195,-0.426068733,0.011154900,0.904455910,966,557,342,1.431057436,1.357247836,0.801099037,0.801099037,0.000001708,1,0,ok,map,557,342,904,1,ok,34,TRACKING,263,0,0,-1,0,0,0,nan,nan,0,0,nan,nan,
1750922004.170204163,1,-0.432298657,-0.017658697,1.142284645,0.018764880,-0.419757262,0.010590451,0.907380605,949,546,317,1.499206412,1.441321291,0.816349828,0.816349828,0.000001708,1,0,ok,map,546,317,904,0,ok,51,TRACKING,263,0,0,-1,0,0,0,nan,nan,0,0,nan,nan,
1750922004.182204247,1,-0.419528009,-0.020371039,1.131870663,0.019317759,-0.413305003,0.011319667,0.910317342,977,544,303,1.538059828,1.478833132,0.819098968,0.819098968,0.000001708,1,0,ok,map,544,303,904,0,ok,23,TRACKING,263,0,0,-1,0,0,0,nan,nan,0,0,nan,nan,
1750922004.194204330,1,-0.407406580,-0.017904497,1.114800488,0.018400268,-0.406999596,0.012451294,0.913158105,977,542,295,1.640187752,1.632732849,0.840010992,0.840010992,0.000001207,1,0,ok,map,542,295,904,0,ok,23,TRACKING,264,1,0,-1,0,0,0,nan,nan,0,0,nan,nan,
1750922004.206204414,1,-0.392337642,-0.017985326,1.100315668,0.018445399,-0.400635222,0.013406333,0.915953851,980,628,388,1.317510663,1.179034989,0.804068555,0.804068555,0.000002415,1,0,ok,map,628,388,891,0,ok,20,TRACKING,264,0,0,-1,0,0,0,nan,nan,0,0,nan,nan,
1750922004.218204498,1,-0.376377344,-0.016821562,1.086473934,0.018390371,-0.394351425,0.013430387,0.918677513,964,615,368,1.437531650,1.289079358,0.784832813,0.784832813,0.000001708,1,0,ok,map,615,368,891,0,ok,36,TRACKING,264,0,0,-1,0,0,0,nan,nan,0,0,nan,nan,
1750922004.230204582,1,-0.364249011,-0.015425068,1.070471588,0.019124814,-0.387958648,0.013802509,0.921374961,958,597,350,1.473225842,1.371943027,0.800681832,0.800681832,0.000001207,1,0,ok,map,597,350,891,0,ok,42,TRACKING,264,0,0,-1,0,0,0,nan,nan,0,0,nan,nan,
1750922004.242204666,1,-0.347623531,-0.016154771,1.047636816,0.021105378,-0.381571932,0.013361284,0.924001569,962,589,331,1.537847300,1.516542932,0.824794620,0.824794620,0.000001708,1,0,ok,map,589,331,891,0,ok,38,TRACKING,264,0,0,-1,0,0,0,nan,nan,0,0,nan,nan,
1750922004.254204750,1,-0.335210565,-0.020554747,1.037836527,0.021034780,-0.375594738,0.014084236,0.926438214,981,582,309,1.607665950,1.577935895,0.786565972,0.786565972,0.000000000,1,0,ok,map,582,309,891,0,ok,19,TRACKING,265,1,0,-1,0,0,0,nan,nan,0,0,nan,nan,
1750922004.266204834,1,-0.321915778,-0.019992949,1.023919857,0.020156435,-0.369143772,0.013624954,0.929053795,980,642,375,1.351238960,1.218818689,0.805725022,0.805725022,0.000001207,1,0,ok,map,642,375,851,0,ok,20,TRACKING,265,0,0,-1,0,0,0,nan,nan,0,0,nan,nan,
1750922004.278204918,1,-0.308536132,-0.016984011,1.002828548,0.018757778,-0.362799836,0.012671982,0.931592102,949,621,350,1.516894558,1.430688821,0.806655542,0.806655542,0.000002091,1,0,ok,map,621,350,851,0,ok,51,TRACKING,265,0,0,-1,0,0,0,nan,nan,0,0,nan,nan,
1750922004.290205002,1,-0.295671540,-0.014862299,0.990870001,0.019444361,-0.356109527,0.014308637,0.934132316,958,599,315,1.575088199,1.507418624,0.844899696,0.844899696,0.000001207,1,0,ok,map,599,315,851,0,ok,42,TRACKING,265,0,0,-1,0,0,0,nan,nan,0,0,nan,nan,
1750922004.302205086,1,-0.284647121,-0.017093357,0.978357341,0.021129560,-0.349998134,0.014040515,0.936406809,964,582,308,1.620628799,1.588998496,0.772404985,0.772404985,0.000001207,1,0,ok,map,582,308,851,0,ok,36,TRACKING,265,0,0,-1,0,0,0,nan,nan,0,0,nan,nan,
1750922004.314205170,1,-0.271995188,-0.017604038,0.958312302,0.020914811,-0.343854278,0.014222116,0.938682341,983,580,308,1.617476549,1.647077605,0.796753512,0.796753512,0.000001708,1,0,ok,map,580,308,851,0,ok,17,TRACKING,266,1,0,-1,0,0,0,nan,nan,0,0,nan,nan,
1750922004.326205254,1,-0.259226623,-0.017984737,0.939455532,0.020750319,-0.337244538,0.014419921,0.941077899,983,672,414,1.319856456,1.162715195,0.806172188,0.806172188,0.000001207,1,0,ok,map,672,414,865,0,ok,17,TRACKING,266,0,0,-1,0,0,0,nan,nan,0,0,nan,nan,
1750922004.338205338,1,-0.246240311,-0.020171104,0.921802220,0.020280143,-0.330934152,0.013532076,0.943338850,963,658,382,1.373019357,1.284634228,0.776710803,0.776710803,0.000001708,1,0,ok,map,658,382,865,0,ok,37,TRACKING,266,0,0,-1,0,0,0,nan,nan,0,0,nan,nan,
1750922004.350205421,1,-0.236496915,-0.017508983,0.904709888,0.018754220,-0.324634213,0.011733072,0.945580902,960,651,359,1.427846154,1.326274187,0.812559163,0.812559163,0.000001708,1,0,ok,map,651,359,865,0,ok,40,TRACKING,266,0,0,-1,0,0,0,nan,nan,0,0,nan,nan,
1750922004.362205505,1,-0.221673363,-0.014798016,0.883734939,0.018989756,-0.317889713,0.012502065,0.947855062,967,648,278,1.761903730,1.803639127,0.820807880,0.820807880,0.000001207,1,0,ok,map,648,278,865,0,ok,33,TRACKING,266,0,0,-1,0,0,0,nan,nan,0,0,nan,nan,
1750922004.374205589,1,-0.214647357,-0.019693377,0.879753728,0.020809327,-0.311850527,0.013244471,0.949810931,973,641,263,1.823086123,1.862287081,0.761489595,0.761489595,0.000001708,1,0,ok,map,641,263,865,0,ok,27,TRACKING,266,0,0,-1,0,0,0,nan,nan,0,0,nan,nan,
1750922004.386205673,1,-0.201295736,-0.018019845,0.860622690,0.019872983,-0.305375750,0.012800726,0.951938474,965,628,258,1.708339512,1.684047863,0.789959182,0.789959182,0.000001708,1,0,ok,map,628,258,865,0,ok,35,TRACKING,266,0,0,-1,0,0,0,nan,nan,0,0,nan,nan,
1750922004.398205757,1,-0.192075961,-0.013993718,0.847423575,0.018189784,-0.299293431,0.012925355,0.953900157,941,587,250,1.753954922,1.760712420,0.784989673,0.784989673,0.000002091,1,0,ok,map,587,250,865,0,ok,59,TRACKING,267,1,0,-1,0,0,0,nan,nan,0,0,nan,nan,
1750922004.410205841,1,-0.182274240,-0.014578620,0.828767168,0.018569021,-0.293165909,0.012515225,0.955799304,937,659,390,1.368248106,1.253413158,0.737897234,0.737897234,0.000001207,1,0,ok,map,659,390,870,0,ok,63,TRACKING,267,0,0,-1,0,0,0,nan,nan,0,0,nan,nan,
1750922004.422205925,1,-0.171342767,-0.014802620,0.807016024,0.017855034,-0.286388985,0.013018885,0.957858578,961,646,372,1.458409744,1.375767280,0.817793479,0.817793479,0.000001708,1,0,ok,map,646,372,870,0,ok,39,TRACKING,267,0,0,-1,0,0,0,nan,nan,0,0,nan,nan,
1750922004.434206009,1,-0.160279731,-0.015908534,0.786716176,0.018061945,-0.279941986,0.012426752,0.959766548,968,639,355,1.531313647,1.467964163,0.773792158,0.773792158,0.000002415,1,0,ok,map,639,355,870,0,ok,32,TRACKING,267,0,0,-1,0,0,0,nan,nan,0,0,nan,nan,
1750922004.446206093,1,-0.151479306,-0.015139640,0.771411269,0.018318267,-0.273477486,0.011597750,0.961634025,961,627,342,1.537213304,1.469571992,0.777454145,0.777454145,0.000001708,1,0,ok,map,627,342,870,0,ok,39,TRACKING,267,0,0,-1,0,0,0,nan,nan,0,0,nan,nan,
1750922004.458206177,1,-0.143554834,-0.016674898,0.754079827,0.018566854,-0.266758221,0.011861121,0.963511617,970,614,342,1.598516174,1.614912091,0.800545073,0.800545073,0.000002091,1,0,ok,map,614,342,870,0,ok,30,TRACKING,267,0,0,-1,0,0,0,nan,nan,0,0,nan,nan,
1750922004.470206261,1,-0.131299140,-0.020449310,0.732123824,0.017920246,-0.260304314,0.012503609,0.965279332,972,598,306,1.592074444,1.569643110,0.773885971,0.773885971,0.000002091,1,0,ok,map,598,306,870,0,ok,28,TRACKING,267,0,0,-1,0,0,0,nan,nan,0,0,nan,nan,
1750922004.482206345,1,-0.119580000,-0.017828024,0.706251537,0.014850521,-0.254361195,0.012253380,0.966917628,957,569,284,1.543827318,1.535095668,0.792996525,0.792996525,0.000001708,1,0,ok,map,569,284,870,0,ok,43,TRACKING,268,1,0,-1,0,0,0,nan,nan,0,0,nan,nan,
1750922004.494206429,1,-0.111003919,-0.012193703,0.688676424,0.012906546,-0.248185622,0.010495895,0.968569643,969,671,395,1.424682040,1.383606740,0.791717686,0.791717686,0.000001708,1,0,ok,map,671,395,942,0,ok,31,TRACKING,268,0,0,-1,0,0,0,nan,nan,0,0,nan,nan,
1750922004.506206512,1,-0.103535381,-0.011265321,0.676470444,0.014205685,-0.241503546,0.010884168,0.970234905,969,657,350,1.537522431,1.476435362,0.804282199,0.804282199,0.000001708,1,0,ok,map,657,350,942,0,ok,31,TRACKING,268,0,0,-1,0,0,0,nan,nan,0,0,nan,nan,
1750922004.518206596,1,-0.094586610,-0.013453626,0.647035571,0.016008663,-0.234843631,0.011242993,0.971836296,960,634,321,1.622949323,1.624799508,0.812700789,0.812700789,0.000002091,1,0,ok,map,634,321,942,0,ok,40,TRACKING,268,0,0,-1,0,0,0,nan,nan,0,0,nan,nan,
1750922004.530206680,1,-0.086260459,-0.011476922,0.624989887,0.016711677,-0.228016405,0.011412928,0.973446960,946,610,310,1.591025278,1.631134566,0.808082258,0.808082258,0.000001708,1,0,ok,map,610,310,942,0,ok,54,TRACKING,268,0,0,-1,0,0,0,nan,nan,0,0,nan,nan,
1750922004.542206764,1,-0.078175556,-0.009595825,0.605947244,0.016715559,-0.221529587,0.012020639,0.974936273,941,584,296,1.494439879,1.470223388,0.819075202,0.819075202,0.000001207,1,0,ok,map,584,296,942,0,ok,59,TRACKING,269,1,0,-1,0,0,0,nan,nan,0,0,nan,nan,
1750922004.554206848,1,-0.069915695,-0.012439556,0.585294800,0.016976038,-0.214952885,0.010719928,0.976418022,952,667,427,1.200231037,0.972723816,0.787340563,0.787340563,0.000002415,1,0,ok,map,667,427,978,0,ok,48,TRACKING,269,0,0,-1,0,0,0,nan,nan,0,0,nan,nan,
1750922004.566206932,1,-0.063377090,-0.013759241,0.571654157,0.015941461,-0.208224851,0.010646472,0.977893110,925,624,385,1.391225990,1.273172933,0.798188186,0.798188186,0.000002091,1,0,ok,map,624,385,978,0,ok,75,TRACKING,269,0,0,-1,0,0,0,nan,nan,0,0,nan,nan,
1750922004.578207016,1,-0.055269172,-0.013586007,0.543296867,0.014063694,-0.201758425,0.010196295,0.979281260,932,602,366,1.426275020,1.269284852,0.789522382,0.789522382,0.000002091,1,0,ok,map,602,366,978,0,ok,68,TRACKING,269,0,0,-1,0,0,0,nan,nan,0,0,nan,nan,
1750922004.590207100,1,-0.049401579,-0.009158325,0.529034941,0.014080958,-0.195213622,0.008886991,0.980619391,917,569,333,1.449886077,1.386028792,0.780062944,0.780062944,0.000001708,1,0,ok,map,569,333,978,0,ok,83,TRACKING,269,0,0,-1,0,0,0,nan,nan,0,0,nan,nan,
1750922004.602207184,1,-0.042714710,-0.007596114,0.519254042,0.014469002,-0.188505595,0.010055773,0.981914034,945,553,327,1.419112002,1.273670375,0.855724086,0.855724086,0.000002415,1,0,ok,map,553,327,978,2,ok,55,TRACKING,270,1,0,-1,0,0,0,nan,nan,0,0,nan,nan,
1750922004.614207268,1,-0.036209212,-0.008115872,0.497288786,0.015388395,-0.181697993,0.010320467,0.983179803,966,632,442,1.162537103,0.961911950,0.801003771,0.801003771,0.000001708,1,0,ok,map,632,442,1025,0,ok,34,TRACKING,270,0,0,-1,0,0,0,nan,nan,0,0,nan,nan,
1750922004.626207352,1,-0.030604146,-0.010710776,0.476194338,0.015832581,-0.174751298,0.010270850,0.984431726,970,618,423,1.222957563,1.094509002,0.810477992,0.810477992,0.000002091,1,0,ok,map,618,423,1025,0,ok,30,TRACKING,270,0,0,-1,0,0,0,nan,nan,0,0,nan,nan,
1750922004.638207436,1,-0.024001999,-0.010441461,0.454069618,0.015196449,-0.167916570,0.009663672,0.985636701,970,605,406,1.303824329,1.255518154,0.801641384,0.801641384,0.000002415,1,0,ok,map,605,406,1025,0,ok,30,TRACKING,270,0,0,-1,0,0,0,nan,nan,0,0,nan,nan,
1750922004.650207520,1,-0.018335177,-0.011187548,0.434627381,0.014386180,-0.161038261,0.008869672,0.986803448,947,577,388,1.341472942,1.320448173,0.809957417,0.809957417,0.000002415,1,0,ok,map,577,388,1025,0,ok,53,TRACKING,270,0,0,-1,0,0,0,nan,nan,0,0,nan,nan,
1750922004.662207603,1,-0.013768752,-0.010988121,0.411813776,0.012594521,-0.154767913,0.007839552,0.987839467,882,522,374,1.344958404,1.286631679,0.784053201,0.784053201,0.000002415,1,0,ok,map,522,374,1025,0,ok,118,TRACKING,271,1,0,-1,0,0,0,nan,nan,0,0,nan,nan,
1750922004.674207687,1,-0.008809291,-0.007233218,0.392615908,0.011969754,-0.147613620,0.008003105,0.988940289,861,571,474,1.138809087,0.956685308,0.832766320,0.832766320,0.000002091,1,0,ok,map,571,474,974,0,ok,139,TRACKING,271,0,0,-1,0,0,0,nan,nan,0,0,nan,nan,
1750922004.686207771,1,-0.005067363,-0.008914610,0.371314134,0.013334528,-0.140669678,0.008559715,0.989929777,893,570,467,1.209947124,1.041453347,0.821311080,0.821311080,0.000001207,1,0,ok,map,570,467,974,1,ok,107,TRACKING,271,0,0,-1,0,0,0,nan,nan,0,0,nan,nan,
1750922004.698207855,1,-0.000930952,-0.010668331,0.351200767,0.014209857,-0.133816510,0.008287923,0.990869584,954,569,458,1.296143800,1.135382533,0.799594668,0.799594668,0.000002091,1,0,ok,map,569,458,974,0,ok,46,TRACKING,271,0,0,-1,0,0,0,nan,nan,0,0,nan,nan,
1750922004.710207939,1,0.003318240,-0.013134965,0.328588495,0.014028940,-0.126951311,0.007905501,0.991778230,959,564,435,1.296069350,1.196654112,0.795035679,0.795035679,0.000002091,1,0,ok,map,564,435,974,0,ok,41,TRACKING,271,0,0,-1,0,0,0,nan,nan,0,0,nan,nan,
1750922004.722208023,1,0.007209727,-0.012213274,0.306805289,0.011536405,-0.120603085,0.006977924,0.992609246,971,562,424,1.299536013,1.209497873,0.795260166,0.795260166,0.000001207,1,0,ok,map,562,424,974,0,ok,29,TRACKING,272,1,0,-1,0,0,0,nan,nan,0,0,nan,nan,
1750922004.734208107,1,0.010408580,-0.011367567,0.284687380,0.010634070,-0.113506126,0.007295973,0.993453595,983,635,519,1.126659349,0.928952859,0.826294533,0.826294533,0.000001708,1,0,ok,map,635,519,958,0,ok,17,TRACKING,272,0,0,-1,0,0,0,nan,nan,0,0,nan,nan,
1750922004.746208191,1,0.013435835,-0.012248581,0.262924822,0.010876107,-0.106588310,0.007766540,0.994213419,950,627,501,1.198907569,1.002990714,0.799794315,0.799794315,0.000001708,1,0,ok,map,627,501,958,0,ok,50,TRACKING,272,0,0,-1,0,0,0,nan,nan,0,0,nan,nan,
1750922004.758208275,1,0.015701133,-0.011901822,0.239989419,0.011133162,-0.099875021,0.007668621,0.994908149,969,625,490,1.249045667,1.120400288,0.774038114,0.774038114,0.000002415,1,0,ok,map,625,490,958,0,ok,31,TRACKING,272,0,0,-1,0,0,0,nan,nan,0,0,nan,nan,
1750922004.770208359,1,0.018062036,-0.016218287,0.218156295,0.011977895,-0.093114676,0.007797783,0.995552802,965,622,467,1.329778047,1.181933227,0.784331093,0.784331093,0.000001708,1,0,ok,map,622,467,958,0,ok,35,TRACKING,272,0,0,-1,0,0,0,nan,nan,0,0,nan,nan,
1750922004.782208443,1,0.019773712,-0.016293121,0.197908971,0.010346626,-0.086349792,0.006886267,0.996187352,988,620,450,1.364879023,1.278909601,0.807512091,0.807512091,0.000002091,1,0,ok,map,620,450,958,1,ok,12,TRACKING,272,0,0,-1,0,0,0,nan,nan,0,0,nan,nan,
1750922004.794208527,1,0.020834249,-0.015554910,0.176279670,0.008008727,-0.079273809,0.007259471,0.996794273,991,619,430,1.366312091,1.264836705,0.857855453,0.857855453,0.000000000,1,0,ok,map,619,430,958,0,ok,9,TRACKING,272,0,0,-1,0,0,0,nan,nan,0,0,nan,nan,
1750922004.806208611,1,0.021818489,-0.016091640,0.158382076,0.008444996,-0.072367622,0.007549815,0.997313697,989,618,421,1.482518149,1.379174010,0.795896218,0.795896218,0.000001708,1,0,ok,map,618,421,958,0,ok,11,TRACKING,272,0,0,-1,0,0,0,nan,nan,0,0,nan,nan,
1750922004.818208694,1,0.023430182,-0.016422182,0.139319840,0.008900713,-0.065533606,0.006775565,0.997787661,990,618,408,1.478261209,1.441253522,0.791725288,0.791725288,0.000002415,1,0,ok,map,618,408,958,0,ok,10,TRACKING,272,0,0,-1,0,0,0,nan,nan,0,0,nan,nan,
1750922004.830208778,1,0.024023643,-0.018616185,0.111109768,0.009039682,-0.058387116,0.007057241,0.998228142,994,618,392,1.413833515,1.330189969,0.821272361,0.821272361,0.000001708,1,0,ok,map,618,392,958,0,ok,6,TRACKING,272,0,0,-1,0,0,0,nan,nan,0,0,nan,nan,
1750922004.842208862,1,0.023329807,-0.019733439,0.082578450,0.008615404,-0.051648763,0.006029795,0.998609945,995,617,396,1.440940601,1.356601390,0.783818054,0.783818054,0.000001708,1,0,ok,map,617,396,958,0,ok,5,TRACKING,272,0,0,-1,0,0,0,nan,nan,0,0,nan,nan,
1750922004.854208946,1,0.023921561,-0.018725238,0.061201001,0.006925828,-0.044436307,0.006046513,0.998969913,993,616,378,1.440634952,1.355607015,0.849866958,0.849866958,0.000001708,1,0,ok,map,616,378,958,0,ok,7,TRACKING,272,0,0,-1,0,0,0,nan,nan,0,0,nan,nan,
1750922004.866209030,1,0.023621929,-0.020412388,0.042553790,0.005564912,-0.037333192,0.006269826,0.999267709,987,616,359,1.491592503,1.408588271,0.829860605,0.829860605,0.000002091,1,0,ok,map,616,359,958,0,ok,13,TRACKING,272,0,0,-1,0,0,0,nan,nan,0,0,nan,nan,
1750922004.878209114,1,0.023659043,-0.016550366,0.017371597,0.004187670,-0.030566345,0.006151454,0.999505038,976,615,334,1.513100521,1.473640753,0.810935575,0.810935575,0.000001207,1,0,ok,map,615,334,958,0,ok,24,TRACKING,273,1,12,65,91,1,0,0.005480847,0.004623773,82,49,0.597560976,1.524793858,ok
1750922004.890209198,1,0.018699438,-0.010925963,-0.004864969,0.005662631,-0.023903525,0.005533174,0.999682920,966,695,302,1.755571029,1.815081408,0.785456167,0.785456167,0.000002415,1,0,ok,map,695,302,931,0,ok,34,TRACKING,273,0,0,-1,0,0,0,nan,nan,0,0,nan,nan,
1750922004.902209282,1,0.015051205,-0.008223575,-0.032340504,0.005184211,-0.017187370,0.004749002,0.999827568,984,694,290,1.714960618,1.684892980,0.776958234,0.776958234,0.000001708,1,0,ok,map,694,290,931,0,ok,16,TRACKING,273,0,0,-1,0,0,0,nan,nan,0,0,nan,nan,
1750922004.914209366,1,0.015928650,-0.011374265,-0.046234822,0.003743298,-0.010042505,0.004571031,0.999932118,981,691,286,1.765910687,1.790988416,0.835561553,0.835561553,0.000002091,1,0,ok,map,691,286,931,0,ok,19,TRACKING,273,0,0,-1,0,0,0,nan,nan,0,0,nan,nan,
1750922004.926209450,1,0.011565035,-0.010179249,-0.082522287,0.002990984,-0.003014969,0.004797308,0.999979475,988,690,275,1.656064668,1.715287451,0.810332419,0.810332419,0.000002415,1,0,ok,map,690,275,931,0,ok,12,TRACKING,273,0,0,-1,0,0,0,nan,nan,0,0,nan,nan,
1750922004.938209534,1,0.012289432,-0.012735191,-0.091916503,0.002021418,0.003747533,0.003823310,0.999983626,987,688,266,1.770570199,1.821500781,0.790767849,0.790767849,0.000001708,1,0,ok,map,688,266,931,0,ok,13,TRACKING,273,0,0,-1,0,0,0,nan,nan,0,0,nan,nan,
1750922004.950209618,1,0.009930540,-0.013575080,-0.117717823,0.002688098,0.010874715,0.003191257,0.999932163,992,688,252,1.771464588,1.833730795,0.823494413,0.823494413,0.000002091,1,0,ok,map,688,252,931,0,ok,8,TRACKING,273,0,0,-1,0,0,0,nan,nan,0,0,nan,nan,
1750922004.962209702,1,0.003360347,-0.014092250,-0.161502595,0.003777534,0.018034520,0.002889400,0.999826054,982,676,243,1.718850456,1.772936620,0.830708094,0.830708094,0.000001708,1,0,ok,map,676,243,931,0,ok,18,TRACKING,273,0,0,-1,0,0,0,nan,nan,0,0,nan,nan,
1750922004.974209785,1,0.002320434,-0.012479035,-0.162106171,0.003158216,0.025035990,0.002391178,0.999678702,982,666,227,1.764171800,1.773901156,0.807641124,0.807641124,0.000001207,1,0,ok,map,666,227,931,0,ok,18,TRACKING,273,0,0,-1,0,0,0,nan,nan,0,0,nan,nan,
1750922004.986209869,1,-0.000232511,-0.017309127,-0.193561077,0.002065495,0.032303382,0.003140106,0.999471043,959,637,228,1.702725604,1.757784877,0.846840800,0.846840800,0.000002415,1,0,ok,map,637,228,931,0,ok,41,TRACKING,273,0,0,-1,0,0,0,nan,nan,0,0,nan,nan,
1750922004.998209953,1,-0.004092462,-0.017646757,-0.216176187,0.000910335,0.039371688,0.002628475,0.999220763,967,617,221,1.715322202,1.772451059,0.823306423,0.823306423,0.000001708,1,0,ok,map,617,221,931,0,ok,33,TRACKING,273,0,0,-1,0,0,0,nan,nan,0,0,nan,nan,
1750922005.010210037,1,-0.009509633,-0.018884007,-0.244990454,0.002190934,0.045879613,0.002382770,0.998941732,970,600,208,1.709614608,1.749744118,0.818333723,0.818333723,0.000001708,1,0,ok,map,600,208,931,0,ok,30,TRACKING,274,1,0,-1,0,0,0,nan,nan,0,0,nan,nan,
1750922005.022210121,1,-0.012341048,-0.022501725,-0.263767027,0.003151066,0.052773344,0.001123476,0.998600913,955,729,383,1.362865959,1.198566491,0.811479496,0.811479496,0.000000000,1,0,ok,map,729,383,955,1,ok,45,TRACKING,274,0,0,-1,0,0,0,nan,nan,0,0,nan,nan,
1750922005.034210205,1,-0.017159303,-0.021543441,-0.287988485,0.003112249,0.060016115,0.001241443,0.998191785,971,709,365,1.357050879,1.245957424,0.831407153,0.831407153,0.000001708,1,0,ok,map,709,365,955,1,ok,29,TRACKING,274,0,0,-1,0,0,0,nan,nan,0,0,nan,nan,
1750922005.046210289,1,-0.021558423,-0.023551622,-0.311991997,0.003554462,0.067373066,0.000725886,0.997721258,932,662,361,1.468629859,1.435215747,0.848346995,0.848346995,0.000001708,1,0,ok,map,662,361,955,1,ok,68,TRACKING,274,0,0,-1,0,0,0,nan,nan,0,0,nan,nan,
1750922005.058210373,1,-0.026127628,-0.026063908,-0.331893704,0.003701353,0.074172850,-0.000569364,0.997238369,962,648,348,1.484357634,1.442954771,0.795315649,0.795315649,0.000001708,1,0,ok,map,648,348,955,0,ok,38,TRACKING,274,0,0,-1,0,0,0,nan,nan,0,0,nan,nan,
1750922005.070210457,1,-0.028957712,-0.027630392,-0.349360620,0.002714734,0.081058060,-0.002400585,0.996702793,973,640,323,1.558219375,1.510142429,0.826490155,0.826490155,0.000001708,1,0,ok,map,640,323,955,0,ok,27,TRACKING,274,0,0,-1,0,0,0,nan,nan,0,0,nan,nan,
1750922005.082210541,1,-0.037129046,-0.026087869,-0.378158021,0.001637459,0.088674057,-0.001674984,0.996057942,975,630,320,1.441197988,1.384979502,0.888410300,0.888410300,0.000001708,1,0,ok,map,630,320,955,0,ok,25,TRACKING,274,0,0,-1,0,0,0,nan,nan,0,0,nan,nan,
1750922005.094210625,1,-0.043114900,-0.026275731,-0.397057125,0.001911324,0.096144746,-0.001969125,0.995363580,966,611,298,1.624948084,1.625983458,0.861002244,0.861002244,0.000002091,1,0,ok,map,611,298,955,0,ok,34,TRACKING,274,0,0,-1,0,0,0,nan,nan,0,0,nan,nan,
1750922005.106210709,1,-0.047331517,-0.031008800,-0.418360272,0.004264810,0.103049142,-0.001882594,0.994665341,959,597,284,1.637769498,1.687086377,0.864535686,0.864535686,0.000001207,1,0,ok,map,597,284,955,0,ok,41,TRACKING,275,1,0,-1,0,0,0,nan,nan,0,0,nan,nan,
1750922005.118210793,1,-0.052955014,-0.031577601,-0.438305805,0.005711487,0.110785030,-0.002205128,0.993825535,963,704,429,1.279523064,1.129271508,0.907710334,0.907710334,0.000002091,1,0,ok,map,704,429,1001,0,ok,37,TRACKING,275,0,0,-1,0,0,0,nan,nan,0,0,nan,nan,
1750922005.130210876,1,-0.058513178,-0.033719014,-0.458357237,0.005752019,0.118279053,-0.003710635,0.992956802,968,686,409,1.386304535,1.253583857,0.881562579,0.881562579,0.000002091,1,0,ok,map,686,409,1001,0,ok,32,TRACKING,275,0,0,-1,0,0,0,nan,nan,0,0,nan,nan,
1750922005.142210960,1,-0.066116267,-0.036692747,-0.478997017,0.005666653,0.125971587,-0.004261105,0.992008514,953,649,378,1.500868719,1.378708789,0.890465178,0.890465178,0.000001708,1,0,ok,map,649,378,1001,0,ok,47,TRACKING,275,0,0,-1,0,0,0,nan,nan,0,0,nan,nan,
1750922005.154211044,1,-0.072696421,-0.037633892,-0.499348387,0.003747866,0.133651050,-0.004429420,0.991011468,976,635,360,1.490840666,1.402873983,0.914428197,0.914428197,0.000002415,1,0,ok,map,635,360,1001,0,ok,24,TRACKING,275,0,0,-1,0,0,0,nan,nan,0,0,nan,nan,
1750922005.166211128,1,-0.081040931,-0.037229148,-0.521986643,0.002163338,0.141249375,-0.004990162,0.989959106,969,622,343,1.502894331,1.390973867,0.899871974,0.899871974,0.000001708,1,0,ok,map,622,343,1001,0,ok,31,TRACKING,275,0,0,-1,0,0,0,nan,nan,0,0,nan,nan,
1750922005.178211212,1,-0.086371091,-0.043032227,-0.542048805,0.004002675,0.148685058,-0.004024980,0.988868308,950,590,323,1.463813656,1.358834198,0.924057637,0.924057637,0.000001207,1,0,ok,map,590,323,1001,0,ok,50,TRACKING,276,1,0,-1,0,0,0,nan,nan,0,0,nan,nan,
1750922005.190211296,1,-0.092688132,-0.043722270,-0.558929406,0.004328904,0.155941520,-0.005219748,0.987743012,937,601,373,1.230868163,1.104835407,0.853354684,0.853354684,0.000001207,1,0,ok,map,601,373,1003,0,ok,63,TRACKING,276,0,0,-1,0,0,0,nan,nan,0,0,nan,nan,
1750922005.202211380,1,-0.102967468,-0.044230861,-0.583161764,0.004358072,0.163553906,-0.005949926,0.986506830,948,575,363,1.311095149,1.147210868,0.887702745,0.887702745,0.000001708,1,0,ok,map,575,363,1003,0,ok,52,TRACKING,276,0,0,-1,0,0,0,nan,nan,0,0,nan,nan,
1750922005.214211464,1,-0.110123764,-0.046303011,-0.600143616,0.004917622,0.170941884,-0.005569653,0.985253099,958,555,336,1.387625326,1.260972304,0.862197978,0.862197978,0.000002091,1,0,ok,map,555,336,1003,0,ok,42,TRACKING,276,0,0,-1,0,0,0,nan,nan,0,0,nan,nan,
1750922005.226211548,1,-0.120927480,-0.047126481,-0.625291701,0.003909365,0.178713060,-0.005780122,0.983876491,945,524,309,1.425605099,1.318641886,0.912046992,0.912046992,0.000000000,1,0,ok,map,524,309,1003,0,ok,55,TRACKING,276,0,0,-1,0,0,0,nan,nan,0,0,nan,nan,
1750922005.238211632,1,-0.125910031,-0.052644073,-0.640029693,0.005182330,0.185264894,-0.005714700,0.982658336,965,511,301,1.385138278,1.265901077,0.826476571,0.826476571,0.000002415,1,0,ok,map,511,301,1003,0,ok,35,TRACKING,277,1,0,-1,0,0,0,nan,nan,0,0,nan,nan,
1750922005.250211716,1,-0.134364134,-0.052496147,-0.660199657,0.004727076,0.192876187,-0.006151481,0.981192433,966,555,375,1.130946467,0.925972778,0.891158431,0.891158431,0.000001708,1,0,ok,map,555,375,1012,0,ok,34,TRACKING,277,0,0,-1,0,0,0,nan,nan,0,0,nan,nan,
1750922005.262211800,1,-0.143020231,-0.053698086,-0.679021354,0.005068717,0.200168052,-0.006763255,0.979725123,952,535,364,1.201221094,1.004334039,0.856111153,0.856111153,0.000001207,1,0,ok,map,535,364,1012,0,ok,48,TRACKING,277,0,0,-1,0,0,0,nan,nan,0,0,nan,nan,
1750922005.274211884,1,-0.156140620,-0.056088228,-0.702414774,0.005203345,0.207224424,-0.007448895,0.978251234,970,522,349,1.231176239,1.053536552,0.829924497,0.829924497,0.000002091,1,0,ok,map,522,349,1012,0,ok,30,TRACKING,277,0,0,-1,0,0,0,nan,nan,0,0,nan,nan,
1750922005.286211967,1,-0.163603784,-0.054514224,-0.719618609,0.004483368,0.214520462,-0.007690863,0.976678925,960,497,342,1.247606556,1.058309874,0.859677321,0.859677321,0.000000000,1,0,ok,map,497,342,1012,0,ok,40,TRACKING,277,0,0,-1,0,0,0,nan,nan,0,0,nan,nan,
1750922005.298212051,1,-0.173059696,-0.058740603,-0.735355688,0.004990549,0.221350628,-0.007594314,0.975151947,973,491,332,1.270815594,1.118543469,0.828953765,0.828953765,0.000001708,1,0,ok,map,491,332,1012,0,ok,27,TRACKING,278,1,0,-1,0,0,0,nan,nan,0,0,nan,nan,
1750922005.310212135,1,-0.182574585,-0.058360562,-0.752576053,0.004264417,0.228409281,-0.007493070,0.973527025,973,469,381,1.125709825,0.976912702,0.834260440,0.834260440,0.000002415,1,0,ok,map,469,381,830,0,ok,27,TRACKING,278,0,0,-1,0,0,0,nan,nan,0,0,nan,nan,
1750922005.322212219,1,-0.192782458,-0.058095877,-0.771700100,0.004101165,0.235710895,-0.007471639,0.971785845,963,461,363,1.186616317,1.066294914,0.860373117,0.860373117,0.000001708,1,0,ok,map,461,363,830,0,ok,37,TRACKING,278,0,0,-1,0,0,0,nan,nan,0,0,nan,nan,
1750922005.334212303,1,-0.204228450,-0.059049207,-0.790352069,0.005065176,0.242616550,-0.008138598,0.970074903,973,459,356,1.268050674,1.214677393,0.826250200,0.826250200,0.000002415,1,0,ok,map,459,356,830,0,ok,27,TRACKING,278,0,0,-1,0,0,0,nan,nan,0,0,nan,nan,
1750922005.346212387,1,-0.215683935,-0.059666731,-0.809433391,0.005312709,0.249840964,-0.008670600,0.968233489,988,457,344,1.259830520,1.120811952,0.856969602,0.856969602,0.000002415,1,0,ok,map,457,344,830,0,ok,12,TRACKING,278,0,0,-1,0,0,0,nan,nan,0,0,nan,nan,
1750922005.358212471,1,-0.224772169,-0.061699560,-0.822760922,0.005397504,0.256634499,-0.009180221,0.966449856,979,457,340,1.339075106,1.222000033,0.834780427,0.834780427,0.000001708,1,0,ok,map,457,340,830,0,ok,21,TRACKING,279,1,0,-1,0,0,0,nan,nan,0,0,nan,nan,
1750922005.370212555,1,-0.237044462,-0.062558054,-0.840294187,0.005132080,0.263469752,-0.010338335,0.964598606,977,475,365,1.119412955,1.001846608,0.822825773,0.822825773,0.000001708,1,0,ok,map,475,365,679,0,ok,23,TRACKING,279,0,0,-1,0,0,0,nan,nan,0,0,nan,nan,
1750922005.382212639,1,-0.249752159,-0.063110587,-0.859080142,0.005137659,0.270493822,-0.010506263,0.962650672,972,470,350,1.146135657,1.040461370,0.835501053,0.835501053,0.000001708,1,0,ok,map,470,350,679,0,ok,28,TRACKING,279,0,0,-1,0,0,0,nan,nan,0,0,nan,nan,
1750922005.394212723,1,-0.261765902,-0.063675366,-0.876900011,0.005297306,0.277316304,-0.010954816,0.960701618,963,456,334,1.180078857,1.091444771,0.814906111,0.814906111,0.000000000,1,0,ok,map,456,334,679,0,ok,37,TRACKING,279,0,0,-1,0,0,0,nan,nan,0,0,nan,nan,
1750922005.406212807,1,-0.274292110,-0.064603619,-0.894172975,0.005265017,0.284005273,-0.011734103,0.958736458,916,435,317,1.210685677,1.117890303,0.803879961,0.803879961,0.000001708,1,0,ok,map,435,317,679,0,ok,84,TRACKING,279,0,0,-1,0,0,0,nan,nan,0,0,nan,nan,
1750922005.418212891,1,-0.284488849,-0.065293762,-0.905359948,0.005243079,0.290468159,-0.011757757,0.956798053,961,428,308,1.265772143,1.187965855,0.803910492,0.803910492,0.000000000,1,0,ok,map,428,308,679,0,ok,39,TRACKING,280,1,0,-1,0,0,0,nan,nan,0,0,nan,nan,
1750922005.430212975,1,-0.299518561,-0.065269401,-0.923528462,0.005626993,0.297271462,-0.012029548,0.954700636,969,458,367,1.108454001,0.957578023,0.817589325,0.817589325,0.000002091,1,0,ok,map,458,367,537,0,ok,31,TRACKING,280,0,0,-1,0,0,0,nan,nan,0,0,nan,nan,
1750922005.442213058,1,-0.310566051,-0.065922625,-0.938778808,0.006663740,0.304130353,-0.011744667,0.952534716,976,453,359,1.175426401,1.032680365,0.833387382,0.833387382,0.000000000,1,0,ok,map,453,359,537,0,ok,24,TRACKING,280,0,0,-1,0,0,0,nan,nan,0,0,nan,nan,
1750922005.454213142,1,-0.326811159,-0.066821519,-0.956974938,0.006410689,0.310408806,-0.012766634,0.950495812,978,448,347,1.217536614,1.156269392,0.766006048,0.766006048,0.000001708,1,0,ok,map,448,347,537,0,ok,22,TRACKING,280,0,0,-1,0,0,0,nan,nan,0,0,nan,nan,
1750922005.466213226,1,-0.341137832,-0.066873005,-0.973667717,0.006046499,0.316966612,-0.013280436,0.948324437,975,443,335,1.261430539,1.175707790,0.794876474,0.794876474,0.000001708,1,0,ok,map,443,335,537,0,ok,25,TRACKING,280,0,0,-1,0,0,0,nan,nan,0,0,nan,nan,
1750922005.478213310,1,-0.352655741,-0.069365894,-0.985015198,0.006509134,0.323350591,-0.013109716,0.946166033,976,442,328,1.280726362,1.196289834,0.811479946,0.811479946,0.000001708,1,0,ok,map,442,328,537,0,ok,24,TRACKING,281,1,0,-1,0,0,0,nan,nan,0,0,nan,nan,
1750922005.490213394,1,-0.368379741,-0.069709689,-1.000704700,0.006716144,0.329903764,-0.013242889,0.943897784,970,422,320,1.159014085,1.047327164,0.795151582,0.795151582,0.000002091,1,0,ok,map,422,320,478,0,ok,30,TRACKING,281,0,0,-1,0,0,0,nan,nan,0,0,nan,nan,
1750922005.502213478,1,-0.382971883,-0.070233707,-1.016191461,0.007034971,0.336523197,-0.012974381,0.941559511,964,416,311,1.249919547,1.121937398,0.805883944,0.805883944,0.000001708,1,0,ok,map,416,311,478,0,ok,36,TRACKING,281,0,0,-1,0,0,0,nan,nan,0,0,nan,nan,
1750922005.514213562,1,-0.396941449,-0.070051199,-1.030626832,0.007080807,0.342746727,-0.013468185,0.939304611,933,397,292,1.277288372,1.204240776,0.760658396,0.760658396,0.000002091,1,0,ok,map,397,292,478,0,ok,67,TRACKING,281,0,0,-1,0,0,0,nan,nan,0,0,nan,nan,
1750922005.526213646,1,-0.412520522,-0.071612452,-1.046279830,0.007739230,0.349227474,-0.013421686,0.936909886,909,374,289,1.304200119,1.276991812,0.795323785,0.795323785,0.000002091,1,0,ok,map,374,289,478,0,ok,91,TRACKING,281,0,0,-1,0,0,0,nan,nan,0,0,nan,nan,
1750922005.538213730,1,-0.426258150,-0.072460275,-1.057309526,0.007622730,0.355131438,-0.013146063,0.934692857,887,362,283,1.330128987,1.243890615,0.771267052,0.771267052,0.000001708,1,0,ok,map,362,283,478,0,ok,113,TRACKING,282,1,0,-1,0,0,0,nan,nan,0,0,nan,nan,
1750922005.550213814,1,-0.440921585,-0.073515867,-1.070795046,0.007668942,0.361404023,-0.013872367,0.932274572,926,360,300,1.089849834,0.900926758,0.774856409,0.774856409,0.000002091,1,0,ok,map,360,300,468,0,ok,74,TRACKING,282,0,0,-1,0,0,0,nan,nan,0,0,nan,nan,
1750922005.562213898,1,-0.458665019,-0.075508602,-1.086569998,0.007807749,0.367871313,-0.014346322,0.929733251,944,351,295,1.140731692,1.014362037,0.798270210,0.798270210,0.000002091,1,0,ok,map,351,295,468,0,ok,56,TRACKING,282,0,0,-1,0,0,0,nan,nan,0,0,nan,nan,
1750922005.574213982,1,-0.474209186,-0.074343251,-1.100467568,0.007424308,0.374331652,-0.013367877,0.927168805,964,350,292,1.242300395,1.114580137,0.805546452,0.805546452,0.000000000,1,0,ok,map,350,292,468,0,ok,36,TRACKING,282,0,0,-1,0,0,0,nan,nan,0,0,nan,nan,
1750922005.586214066,1,-0.488664147,-0.075307715,-1.113831210,0.008343550,0.380472343,-0.013639239,0.924654072,960,347,283,1.309105622,1.213024654,0.768283011,0.768283011,0.000001708,1,0,ok,map,347,283,468,0,ok,40,TRACKING,282,0,0,-1,0,0,0,nan,nan,0,0,nan,nan,
1750922005.598214149,1,-0.503410711,-0.077209105,-1.123303873,0.008224844,0.385766328,-0.014730376,0.922442252,962,345,276,1.328730310,1.242526864,0.731759160,0.731759160,0.000002415,1,0,ok,map,345,276,468,0,ok,38,TRACKING,283,1,7,76,226,1,0,0.006453705,0.004731197,159,126,0.792452830,1.280908885,ok
1750922005.610214233,1,-0.526585797,-0.074435713,-1.141588139,0.007556351,0.392010906,-0.015061130,0.919806237,972,394,325,1.335167505,1.240541547,0.781408511,0.781408511,0.000001207,1,0,ok,map,394,325,473,0,ok,28,TRACKING,283,0,0,-1,0,0,0,nan,nan,0,0,nan,nan,
1750922005.622214317,1,-0.543921155,-0.075351135,-1.155263009,0.007126070,0.398352217,-0.014986103,0.917082410,966,394,312,1.317203632,1.286550761,0.792443720,0.792443720,0.000001207,1,0,ok,map,394,312,473,0,ok,34,TRACKING,283,0,0,-1,0,0,0,nan,nan,0,0,nan,nan,
1750922005.634214401,1,-0.559714156,-0.075291075,-1.167919641,0.006999248,0.404674909,-0.014421525,0.914320102,964,392,310,1.365891891,1.350868587,0.793432117,0.793432117,0.000002091,1,0,ok,map,392,310,473,0,ok,36,TRACKING,283,0,0,-1,0,0,0,nan,nan,0,0,nan,nan,
1750922005.646214485,1,-0.575817976,-0.076596656,-1.181051646,0.007013808,0.410659096,-0.014962835,0.911639198,958,388,302,1.366595712,1.299462029,0.753966510,0.753966510,0.000002091,1,0,ok,map,388,302,473,0,ok,42,TRACKING,283,0,0,-1,0,0,0,nan,nan,0,0,nan,nan,
1750922005.658214569,1,-0.589507126,-0.078144484,-1.190340442,0.007197459,0.416413979,-0.015921091,0.909007213,943,384,301,1.405036171,1.315941695,0.769937778,0.769937778,0.000001708,1,0,ok,map,384,301,473,0,ok,57,TRACKING,284,1,0,-1,0,0,0,nan,nan,0,0,nan,nan,
1750922005.670214653,1,-0.608200913,-0.079040732,-1.204111082,0.007165095,0.422799319,-0.016757890,0.906040049,897,405,334,1.207939456,1.072482104,0.812535064,0.812535064,0.000001708,1,0,ok,map,405,334,461,0,ok,103,TRACKING,284,0,0,-1,0,0,0,nan,nan,0,0,nan,nan,
1750922005.682214737,1,-0.625786863,-0.080051543,-1.216347099,0.006497880,0.428940706,-0.016886268,0.903151428,951,403,321,1.331304006,1.191026475,0.781600142,0.781600142,0.000002091,1,0,ok,map,403,321,461,0,ok,49,TRACKING,284,0,0,-1,0,0,0,nan,nan,0,0,nan,nan,
1750922005.694214821,1,-0.646181445,-0.079003976,-1.229893369,0.004842641,0.435153717,-0.016349152,0.900194699,968,399,310,1.422200338,1.330718025,0.813295606,0.813295606,0.000002415,1,0,ok,map,399,310,461,0,ok,32,TRACKING,284,0,0,-1,0,0,0,nan,nan,0,0,nan,nan,
1750922005.706214905,1,-0.662256738,-0.078263831,-1.240260360,0.005972766,0.441515767,-0.016798535,0.897076342,967,397,295,1.476319104,1.395860227,0.823778409,0.823778409,0.000001708,1,0,ok,map,397,295,461,0,ok,33,TRACKING,284,0,0,-1,0,0,0,nan,nan,0,0,nan,nan,
1750922005.718214989,1,-0.676339725,-0.079493914,-1.247890425,0.007196707,0.447122422,-0.017839963,0.894265890,963,393,286,1.447423822,1.382309221,0.776753944,0.776753944,0.000001708,1,0,ok,map,393,286,461,0,ok,37,TRACKING,285,1,0,-1,0,0,0,nan,nan,0,0,nan,nan,
1750922005.730215073,1,-0.693445530,-0.080786501,-1.259188154,0.007741151,0.453619765,-0.017929524,0.890981322,955,441,373,1.135980416,0.962846795,0.836663807,0.836663807,0.000001708,1,0,ok,map,441,373,482,0,ok,45,TRACKING,285,0,0,-1,0,0,0,nan,nan,0,0,nan,nan,
1750922005.742215157,1,-0.712314834,-0.081051054,-1.269583901,0.007416326,0.459577004,-0.017773938,0.887929086,963,438,367,1.217647284,1.082867962,0.768145801,0.768145801,0.000001207,1,0,ok,map,438,367,482,0,ok,37,TRACKING,285,0,0,-1,0,0,0,nan,nan,0,0,nan,nan,
1750922005.754215240,1,-0.729400754,-0.081671994,-1.279833957,0.007364704,0.465891561,-0.017742734,0.884633263,971,437,352,1.252396970,1.121643209,0.816258298,0.816258298,0.000001708,1,0,ok,map,437,352,482,0,ok,29,TRACKING,285,0,0,-1,0,0,0,nan,nan,0,0,nan,nan,
1750922005.766215324,1,-0.748102101,-0.083010082,-1.290662143,0.006835367,0.471761936,-0.018607434,0.881503101,947,433,342,1.294795371,1.194393355,0.771153341,0.771153341,0.000001708,1,0,ok,map,433,342,482,0,ok,53,TRACKING,285,0,0,-1,0,0,0,nan,nan,0,0,nan,nan,
1750922005.778215408,1,-0.762707905,-0.084045153,-1.298152131,0.006666992,0.477093367,-0.019781389,0.878604670,967,432,337,1.302752288,1.204373800,0.757073984,0.757073984,0.000002700,1,0,ok,map,432,337,482,0,ok,33,TRACKING,286,1,0,-1,0,0,0,nan,nan,0,0,nan,nan,
1750922005.790215492,1,-0.783814820,-0.084881431,-1.309535099,0.006996381,0.483182974,-0.020070525,0.875261354,960,482,400,1.089454328,0.893851593,0.797654078,0.797654078,0.000001708,1,0,ok,map,482,400,499,1,ok,40,TRACKING,286,0,0,-1,0,0,0,nan,nan,0,0,nan,nan,
1750922005.802215576,1,-0.803132037,-0.085370043,-1.319142745,0.007032114,0.489173094,-0.019148853,0.871948138,952,469,383,1.136498444,0.996132233,0.791510763,0.791510763,0.000001708,1,0,ok,map,469,383,499,0,ok,48,TRACKING,286,0,0,-1,0,0,0,nan,nan,0,0,nan,nan,
1750922005.814215660,1,-0.822016837,-0.083829257,-1.328872198,0.006732287,0.495336054,-0.018500821,0.868478318,939,458,362,1.217598090,1.095254943,0.814582211,0.814582211,0.000001708,1,0,ok,map,458,362,499,0,ok,61,TRACKING,286,0,0,-1,0,0,0,nan,nan,0,0,nan,nan,
1750922005.826215744,1,-0.843109919,-0.085589375,-1.339435046,0.007033124,0.500845221,-0.019738390,0.865283188,961,446,347,1.256466361,1.161119537,0.744245518,0.744245518,0.000001708,1,0,ok,map,446,347,499,1,ok,39,TRACKING,286,0,0,-1,0,0,0,nan,nan,0,0,nan,nan,
1750922005.838215828,1,-0.855371603,-0.084590257,-1.343943858,0.006869020,0.506014143,-0.021253423,0.862235928,953,429,336,1.214380534,1.040047134,0.765178164,0.765178164,0.000001708,1,0,ok,map,429,336,499,0,ok,47,TRACKING,287,1,0,-1,0,0,0,nan,nan,0,0,nan,nan,
1750922005.850215912,1,-0.871678121,-0.083936915,-1.351648936,0.007473714,0.512134901,-0.022094524,0.858588271,961,455,384,1.001859373,0.798233681,0.825078347,0.825078347,0.000001708,1,0,ok,map,455,384,521,0,ok,39,TRACKING,287,0,0,-1,0,0,0,nan,nan,0,0,nan,nan,
1750922005.862215996,1,-0.893037110,-0.086537986,-1.361394531,0.009126200,0.518056714,-0.021999138,0.855014615,969,447,376,1.075576054,0.913524908,0.814961969,0.814961969,0.000002415,1,0,ok,map,447,376,521,0,ok,31,TRACKING,287,0,0,-1,0,0,0,nan,nan,0,0,nan,nan,
1750922005.874216080,1,-0.912542544,-0.087719987,-1.369837951,0.008037627,0.523809610,-0.022616996,0.851497129,969,448,366,1.135913902,0.991034983,0.785896339,0.785896339,0.000001708,1,0,ok,map,448,366,521,1,ok,31,TRACKING,287,0,0,-1,0,0,0,nan,nan,0,0,nan,nan,
1750922005.886216164,1,-0.933021378,-0.086899838,-1.378751072,0.007309483,0.529506107,-0.022468453,0.847977018,979,445,352,1.104668434,0.968108292,0.772058882,0.772058882,0.000001708,1,0,ok,map,445,352,521,0,ok,21,TRACKING,287,0,0,-1,0,0,0,nan,nan,0,0,nan,nan,
1750922005.898216248,1,-0.952795273,-0.090490207,-1.384946848,0.008254749,0.534823285,-0.022185122,0.844632307,978,444,351,1.175419884,1.020011716,0.787099752,0.787099752,0.000001708,1,0,ok,map,444,351,521,0,ok,22,TRACKING,288,1,0,-1,0,0,0,nan,nan,0,0,nan,nan,
1750922005.910216331,1,-0.972766468,-0.090297230,-1.392963265,0.007091407,0.540375030,-0.022776283,0.841086072,954,474,405,0.977790812,0.762323672,0.769562794,0.769562794,0.000001708,1,0,ok,map,474,405,542,0,ok,46,TRACKING,288,0,0,-1,0,0,0,nan,nan,0,0,nan,nan,
1750922005.922216415,1,-0.990877935,-0.088236297,-1.399203503,0.005385769,0.545843810,-0.022848808,0.837558034,956,473,395,1.069704403,0.891663689,0.770999719,0.770999719,0.000001708,1,0,ok,map,473,395,542,0,ok,44,TRACKING,288,0,0,-1,0,0,0,nan,nan,0,0,nan,nan,
1750922005.934216499,1,-1.011389589,-0.088992516,-1.406280855,0.006739976,0.551649799,-0.023848360,0.833707579,966,471,389,1.147647461,1.045721721,0.821300265,0.821300265,0.000001708,1,0,ok,map,471,389,542,0,ok,34,TRACKING,288,0,0,-1,0,0,0,nan,nan,0,0,nan,nan,
1750922005.946216583,1,-1.030370513,-0.090906702,-1.412922142,0.007550038,0.557143663,-0.023992394,0.830035120,866,471,385,1.180210061,1.036144252,0.763102482,0.763102482,0.000002091,1,0,ok,map,471,385,542,0,ok,134,TRACKING,288,0,0,-1,0,0,0,nan,nan,0,0,nan,nan,
1750922005.958216667,1,-1.046996693,-0.092801030,-1.417037957,0.007009404,0.562342490,-0.023856005,0.826530510,918,466,378,1.241315647,1.137260700,0.802178895,0.802178895,0.000001708,1,0,ok,map,466,378,542,0,ok,82,TRACKING,289,1,0,-1,0,0,0,nan,nan,0,0,nan,nan,
1750922005.970216751,1,-1.067642844,-0.091662435,-1.422301211,0.005438597,0.567583944,-0.023733164,0.822955421,937,516,441,1.038642744,0.833698128,0.749123659,0.749123659,0.000002415,1,0,ok,map,516,441,585,0,ok,63,TRACKING,289,0,0,-1,0,0,0,nan,nan,0,0,nan,nan,
1750922005.982216835,1,-1.089240684,-0.091433696,-1.428624652,0.006027042,0.573267983,-0.023712564,0.819002569,944,512,430,1.169572284,0.992350805,0.796227671,0.796227671,0.000001708,1,0,ok,map,512,430,585,0,ok,56,TRACKING,289,0,0,-1,0,0,0,nan,nan,0,0,nan,nan,
1750922005.994216919,1,-1.110198955,-0.092304023,-1.435293514,0.006552567,0.578788588,-0.024748267,0.815075676,962,512,415,1.236254270,1.078683153,0.787658565,0.787658565,0.000001708,1,0,ok,map,512,415,585,0,ok,38,TRACKING,289,0,0,-1,0,0,0,nan,nan,0,0,nan,nan,
1750922006.006217003,1,-1.128663177,-0.093255664,-1.440400539,0.006361789,0.583969513,-0.025485649,0.811350490,956,512,403,1.249245877,1.123120626,0.736416931,0.736416931,0.000000000,1,0,ok,map,512,403,585,0,ok,44,TRACKING,289,0,0,-1,0,0,0,nan,nan,0,0,nan,nan,
1750922006.018217087,1,-1.147921729,-0.094775742,-1.444404388,0.006486907,0.588814188,-0.025992761,0.807824330,958,512,391,1.239476285,1.054202377,0.777268242,0.777268242,0.000001708,1,0,ok,map,512,391,585,0,ok,42,TRACKING,290,1,0,-1,0,0,0,nan,nan,0,0,nan,nan,
1750922006.030217171,1,-1.167294720,-0.094822631,-1.448017701,0.005827004,0.594289253,-0.025667924,0.803820556,947,542,419,1.130656601,0.938239780,0.781811122,0.781811122,0.000002091,1,0,ok,map,542,419,602,0,ok,53,TRACKING,290,0,0,-1,0,0,0,nan,nan,0,0,nan,nan,
1750922006.042217255,1,-1.187938876,-0.094451583,-1.451584027,0.005078551,0.599895326,-0.024614481,0.799683646,961,541,409,1.224423485,1.068695492,0.812002392,0.812002392,0.000000000,1,0,ok,map,541,409,602,0,ok,39,TRACKING,290,0,0,-1,0,0,0,nan,nan,0,0,nan,nan,
1750922006.054217339,1,-1.208846009,-0.094645878,-1.455998721,0.005546013,0.605386509,-0.024337380,0.795540136,957,538,384,1.337237736,1.201401858,0.790742110,0.790742110,0.000001207,1,0,ok,map,538,384,602,0,ok,43,TRACKING,290,0,0,-1,0,0,0,nan,nan,0,0,nan,nan,
1750922006.066217422,1,-1.231703332,-0.093785472,-1.460239781,0.006170079,0.610559553,-0.024623271,0.791563426,961,538,372,1.340506265,1.221123706,0.751828475,0.751828475,0.000000000,1,0,ok,map,538,372,602,0,ok,39,TRACKING,290,0,0,-1,0,0,0,nan,nan,0,0,nan,nan,
1750922006.078217506,1,-1.250944187,-0.095116753,-1.462971754,0.007086749,0.615357880,-0.025473908,0.787804251,931,522,361,1.416173771,1.298216222,0.806729128,0.806729128,0.000002415,1,0,ok,map,522,361,602,0,ok,69,TRACKING,291,1,0,-1,0,0,0,nan,nan,0,0,nan,nan,
1750922006.090217590,1,-1.272031146,-0.095107030,-1.466200462,0.007147473,0.620315846,-0.026991076,0.783854991,945,627,477,1.081180007,0.872443279,0.746902519,0.746902519,0.000000000,1,0,ok,map,627,477,667,0,ok,55,TRACKING,291,0,0,-1,0,0,0,nan,nan,0,0,nan,nan,
1750922006.102217674,1,-1.295121171,-0.097522030,-1.469151177,0.007149029,0.625619610,-0.027271960,0.779618647,965,618,462,1.159620361,0.977243206,0.778511064,0.778511064,0.000001708,1,0,ok,map,618,462,667,0,ok,35,TRACKING,291,0,0,-1,0,0,0,nan,nan,0,0,nan,nan,
1750922006.114217758,1,-1.315951848,-0.097492989,-1.472649434,0.007199529,0.631065442,-0.025739554,0.775269018,979,612,442,1.222395273,1.074210918,0.817764756,0.817764756,0.000001708,1,0,ok,map,612,442,667,0,ok,21,TRACKING,291,0,0,-1,0,0,0,nan,nan,0,0,nan,nan,
1750922006.126217842,1,-1.337587143,-0.094330047,-1.474312148,0.005198423,0.636316060,-0.025178027,0.770999945,978,611,402,1.360802151,1.334862723,0.811207181,0.811207181,0.000002091,1,0,ok,map,611,402,667,1,ok,22,TRACKING,291,0,0,-1,0,0,0,nan,nan,0,0,nan,nan,
1750922006.138217926,1,-1.355729120,-0.093338684,-1.476790908,0.005982656,0.641377635,-0.027599412,0.766705425,940,603,402,1.317221476,1.238292073,0.814654810,0.814654810,0.000001207,1,0,ok,map,603,402,667,0,ok,60,TRACKING,291,0,0,-1,0,0,0,nan,nan,0,0,nan,nan,
1750922006.150218010,1,-1.376203190,-0.092454868,-1.479937045,0.007294926,0.646562823,-0.028821124,0.762281210,950,598,388,1.221082177,1.115681098,0.807644508,0.807644508,0.000001207,1,0,ok,map,598,388,667,0,ok,50,TRACKING,291,0,0,-1,0,0,0,nan,nan,0,0,nan,nan,
1750922006.162218094,1,-1.388800172,-0.093700515,-1.480634107,0.008477081,0.651224869,-0.028552033,0.758300132,948,584,378,1.261759682,1.106996985,0.828363686,0.828363686,0.000002415,1,0,ok,map,584,378,667,0,ok,52,TRACKING,292,1,0,-1,0,0,0,nan,nan,0,0,nan,nan,
1750922006.174218178,1,-1.412270975,-0.095486643,-1.482824952,0.009414583,0.656334091,-0.029109445,0.753849831,946,682,498,1.030089668,0.858404566,0.786428119,0.786428119,0.000002091,1,0,ok,map,682,498,775,0,ok,54,TRACKING,292,0,0,-1,0,0,0,nan,nan,0,0,nan,nan,
1750922006.186218262,1,-1.432069177,-0.094799752,-1.484874144,0.007817545,0.661335805,-0.028945549,0.749490490,978,670,486,1.095190753,0.922883642,0.782238058,0.782238058,0.000002091,1,0,ok,map,670,486,775,0,ok,22,TRACKING,292,0,0,-1,0,0,0,nan,nan,0,0,nan,nan,
1750922006.198218346,1,-1.451596999,-0.092646252,-1.484374341,0.006862060,0.666459801,-0.028769346,0.744954073,959,662,473,1.169820193,1.021680694,0.792080588,0.792080588,0.000001708,1,0,ok,map,662,473,775,0,ok,41,TRACKING,292,0,0,-1,0,0,0,nan,nan,0,0,nan,nan,
1750922006.210218430,1,-1.475286316,-0.093885114,-1.484955606,0.008272216,0.671728364,-0.029884748,0.740148280,972,650,465,1.250780482,1.104255009,0.842745161,0.842745161,0.000001708,1,0,ok,map,650,465,775,0,ok,28,TRACKING,292,0,0,-1,0,0,0,nan,nan,0,0,nan,nan,
1750922006.222218513,1,-1.493724439,-0.094167799,-1.484985987,0.008370842,0.677055313,-0.030571481,0.735249221,938,622,442,1.275624875,1.207229171,0.833126542,0.833126542,0.000000000,1,0,ok,map,622,442,775,1,ok,62,TRACKING,292,0,0,-1,0,0,0,nan,nan,0,0,nan,nan,
1750922006.234218597,1,-1.518581907,-0.092540236,-1.486840069,0.008861300,0.682259355,-0.030843087,0.730405609,981,618,427,1.280066847,1.192593848,0.817200670,0.817200670,0.000001207,1,0,ok,map,618,427,775,0,ok,19,TRACKING,292,0,0,-1,0,0,0,nan,nan,0,0,nan,nan,
1750922006.246218681,1,-1.543471386,-0.094181622,-1.486842048,0.008057135,0.687116703,-0.031501843,0.725819091,975,612,429,1.289061130,1.189200832,0.774750768,0.774750768,0.000000000,1,0,ok,map,612,429,775,1,ok,25,TRACKING,292,0,0,-1,0,0,0,nan,nan,0,0,nan,nan,
1750922006.258218765,1,-1.563384168,-0.095209018,-1.485652131,0.007608177,0.692381399,-0.030765164,0.720835361,978,610,421,1.293417492,1.152501102,0.836589683,0.836589683,0.000002415,1,0,ok,map,610,421,775,0,ok,22,TRACKING,292,0,0,-1,0,0,0,nan,nan,0,0,nan,nan,
1750922006.270218849,1,-1.582653090,-0.093492099,-1.483923415,0.007666688,0.697494964,-0.030059507,0.715917889,980,602,398,1.360958250,1.252310861,0.816995748,0.816995748,0.000002415,1,0,ok,map,602,398,775,0,ok,20,TRACKING,292,0,0,-1,0,0,0,nan,nan,0,0,nan,nan,
1750922006.282218933,1,-1.597913280,-0.092903947,-1.479887524,0.009503973,0.701639914,-0.030545762,0.711813222,961,587,385,1.402686844,1.292271096,0.838593237,0.838593237,0.000001708,1,0,ok,map,587,385,775,0,ok,39,TRACKING,293,1,8,86,202,1,0,0.007258727,0.004905980,170,116,0.682352941,1.489896587,ok
1750922006.294219017,1,-1.629321782,-0.096062623,-1.474386593,0.010777734,0.706678569,-0.031297591,0.706760003,980,700,504,1.444845226,1.349083077,0.835112381,0.835112381,0.000002091,1,0,ok,map,700,504,845,0,ok,20,TRACKING,293,0,0,-1,0,0,0,nan,nan,0,0,nan,nan,
1750922006.306219101,1,-1.647801242,-0.094877907,-1.474593528,0.011439167,0.711771677,-0.032446985,0.701567829,911,667,454,1.389100380,1.348407686,0.847181736,0.847181736,0.000001708,1,0,ok,map,667,454,845,2,ok,89,TRACKING,293,0,0,-1,0,0,0,nan,nan,0,0,nan,nan,
1750922006.318219185,1,-1.672910548,-0.098693387,-1.471588326,0.011504448,0.716551594,-0.033668298,0.696626088,977,656,435,1.506926159,1.428752678,0.800210825,0.800210825,0.000001708,1,0,ok,map,656,435,845,0,ok,23,TRACKING,293,0,0,-1,0,0,0,nan,nan,0,0,nan,nan,
1750922006.330219269,1,-1.694932487,-0.099252587,-1.466039737,0.009239543,0.721316768,-0.033144302,0.691750104,964,645,413,1.482543435,1.408121315,0.825430793,0.825430793,0.000001708,1,0,ok,map,645,413,845,0,ok,36,TRACKING,293,0,0,-1,0,0,0,nan,nan,0,0,nan,nan,
1750922006.342219353,1,-1.713291952,-0.093677773,-1.466188440,0.009782963,0.726609677,-0.031727852,0.686247779,985,642,386,1.410921657,1.357201435,0.891993604,0.891993604,0.000002415,1,0,ok,map,642,386,845,1,ok,15,TRACKING,293,0,0,-1,0,0,0,nan,nan,0,0,nan,nan,
1750922006.354219437,1,-1.736732511,-0.096708068,-1.463824025,0.011309913,0.731341246,-0.032529828,0.681141599,985,636,384,1.463051003,1.437918129,0.821836228,0.821836228,0.000001708,1,0,ok,map,636,384,845,0,ok,15,TRACKING,293,0,0,-1,0,0,0,nan,nan,0,0,nan,nan,
1750922006.366219521,1,-1.758736873,-0.096495536,-1.460618607,0.010933268,0.736223785,-0.032441024,0.675871720,979,627,373,1.452344390,1.460948459,0.824428596,0.824428596,0.000001708,1,0,ok,map,627,373,845,0,ok,21,TRACKING,293,0,0,-1,0,0,0,nan,nan,0,0,nan,nan,
1750922006.378219604,1,-1.776438130,-0.095931400,-1.456473568,0.010704942,0.740795396,-0.032872552,0.670840503,977,619,365,1.501994645,1.452251713,0.781000962,0.781000962,0.000001708,1,0,ok,map,619,365,845,0,ok,23,TRACKING,293,0,0,-1,0,0,0,nan,nan,0,0,nan,nan,
1750922006.390219688,1,-1.794815359,-0.090754270,-1.450962736,0.010626499,0.745529587,-0.033050370,0.665567717,977,605,361,1.528000440,1.560110443,0.812330644,0.812330644,0.000002091,1,0,ok,map,605,361,845,0,ok,23,TRACKING,293,0,0,-1,0,0,0,nan,nan,0,0,nan,nan,
1750922006.402219772,1,-1.822967476,-0.092297926,-1.448282564,0.014001207,0.750745278,-0.033359033,0.659600385,990,602,344,1.555088359,1.506761277,0.987729177,0.987729177,0.000001708,1,0,ok,map,602,344,845,0,ok,10,TRACKING,293,0,0,-1,0,0,0,nan,nan,0,0,nan,nan,
1750922006.414219856,1,-1.844261535,-0.097166984,-1.443969922,0.013875418,0.755073268,-0.034320114,0.654594502,984,595,335,1.649682215,1.627352198,0.766394213,0.766394213,0.000001207,1,0,ok,map,595,335,845,0,ok,16,TRACKING,293,0,0,-1,0,0,0,nan,nan,0,0,nan,nan,
1750922006.426219940,1,-1.860439344,-0.098195509,-1.443611118,0.012051465,0.759648481,-0.034379551,0.649312709,975,585,325,1.555461488,1.496308414,0.816070842,0.816070842,0.000002091,1,0,ok,map,585,325,845,0,ok,25,TRACKING,294,1,0,-1,0,0,0,nan,nan,0,0,nan,nan,
1750922006.438220024,1,-1.882280936,-0.092884297,-1.435536220,0.010192705,0.764162140,-0.032652124,0.644116583,963,629,407,1.287789095,1.170831764,0.840606076,0.840606076,0.000000000,1,0,ok,map,629,407,831,0,ok,37,TRACKING,294,0,0,-1,0,0,0,nan,nan,0,0,nan,nan,
1750922006.450220108,1,-1.903264315,-0.095432069,-1.432210711,0.011602051,0.768956735,-0.032619573,0.638362668,949,612,394,1.361207820,1.329143355,0.873329631,0.873329631,0.000001708,1,0,ok,map,612,394,831,0,ok,51,TRACKING,294,0,0,-1,0,0,0,nan,nan,0,0,nan,nan,
1750922006.462220192,1,-1.926147273,-0.094789355,-1.424876078,0.011884447,0.773171987,-0.032437497,0.633254804,952,604,386,1.443407174,1.431184400,0.759869787,0.759869787,0.000001708,1,0,ok,map,604,386,831,0,ok,48,TRACKING,294,0,0,-1,0,0,0,nan,nan,0,0,nan,nan,
1750922006.474220276,1,-1.941491531,-0.093761485,-1.418191717,0.011233898,0.777706542,-0.032361603,0.627693445,952,593,383,1.549239062,1.537531551,0.825696418,0.825696418,0.000000000,1,0,ok,map,593,383,831,0,ok,48,TRACKING,294,0,0,-1,0,0,0,nan,nan,0,0,nan,nan,
1750922006.486220360,1,-1.968741779,-0.094126845,-1.413651769,0.011605491,0.782209996,-0.032675563,0.622049148,965,591,362,1.514841716,1.417719563,0.804598158,0.804598158,0.000002415,1,0,ok,map,591,362,831,0,ok,35,TRACKING,295,1,0,-1,0,0,0,nan,nan,0,0,nan,nan,
1750922006.498220444,1,-1.989791917,-0.095082634,-1.406524420,0.010772851,0.786450892,-0.032095873,0.616724246,974,652,455,1.286712610,1.166581918,0.788680487,0.788680487,0.000001207,1,0,ok,map,652,455,872,0,ok,26,TRACKING,295,0,0,-1,0,0,0,nan,nan,0,0,nan,nan,
1750922006.510220528,1,-2.008580397,-0.093640887,-1.400271165,0.009892044,0.790749151,-0.031259990,0.611261598,970,646,438,1.305870403,1.223960876,0.808583643,0.808583643,0.000001708,1,0,ok,map,646,438,872,0,ok,30,TRACKING,295,0,0,-1,0,0,0,nan,nan,0,0,nan,nan,
1750922006.522220612,1,-2.027083331,-0.093416475,-1.393024259,0.010025321,0.794991871,-0.030370045,0.605776426,969,631,411,1.448832032,1.377017027,0.801303535,0.801303535,0.000001708,1,0,ok,map,631,411,872,0,ok,31,TRACKING,295,0,0,-1,0,0,0,nan,nan,0,0,nan,nan,
1750922006.534220695,1,-2.046940297,-0.091400619,-1.386941907,0.009847819,0.799150031,-0.030897939,0.600256250,974,619,399,1.492089598,1.412912435,0.794517136,0.794517136,0.000001708,1,0,ok,map,619,399,872,0,ok,26,TRACKING,295,0,0,-1,0,0,0,nan,nan,0,0,nan,nan,
1750922006.546220779,1,-2.069445655,-0.094839295,-1.376544745,0.010262630,0.803221724,-0.032056797,0.594728427,966,608,380,1.564128309,1.526096821,0.799277003,0.799277003,0.000002091,1,0,ok,map,608,380,872,0,ok,34,TRACKING,295,0,0,-1,0,0,0,nan,nan,0,0,nan,nan,
1750922006.558220863,1,-2.089107313,-0.092149754,-1.370929594,0.009897392,0.807465424,-0.031847180,0.588971467,963,587,363,1.517330844,1.534084349,0.781168188,0.781168188,0.000001708,1,0,ok,map,587,363,872,0,ok,37,TRACKING,296,1,0,-1,0,0,0,nan,nan,0,0,nan,nan,
1750922006.570220947,1,-2.109003135,-0.090864701,-1.363520297,0.009817293,0.811614982,-0.031811245,0.583243333,961,639,449,1.291239979,1.174275059,0.810594681,0.810594681,0.000001708,1,0,ok,map,639,449,898,0,ok,39,TRACKING,296,0,0,-1,0,0,0,nan,nan,0,0,nan,nan,
1750922006.582221031,1,-2.130681201,-0.093227638,-1.355115378,0.010411669,0.815719492,-0.032160080,0.577459121,953,618,421,1.407242185,1.274340403,0.816574757,0.816574757,0.000001708,1,0,ok,map,618,421,898,0,ok,47,TRACKING,296,0,0,-1,0,0,0,nan,nan,0,0,nan,nan,
1750922006.594221115,1,-2.149186025,-0.092517133,-1.345951046,0.009768841,0.819535046,-0.031593142,0.572074079,946,593,405,1.499487950,1.435644177,0.762631937,0.762631937,0.000001708,1,0,ok,map,593,405,898,0,ok,54,TRACKING,296,0,0,-1,0,0,0,nan,nan,0,0,nan,nan,
1750922006.606221199,1,-2.167931766,-0.091506957,-1.336977529,0.009760137,0.823632539,-0.030184319,0.566235894,949,574,382,1.574505228,1.504595477,0.833128264,0.833128264,0.000000000,1,0,ok,map,574,382,898,0,ok,51,TRACKING,296,0,0,-1,0,0,0,nan,nan,0,0,nan,nan,
1750922006.618221283,1,-2.185057780,-0.088505368,-1.330602378,0.009465209,0.827748059,-0.029399735,0.560249244,961,555,344,1.523152946,1.461018422,0.786439322,0.786439322,0.000002091,1,0,ok,map,555,344,898,0,ok,39,TRACKING,297,1,0,-1,0,0,0,nan,nan,0,0,nan,nan,
1750922006.630221367,1,-2.205779076,-0.090489069,-1.320675064,0.009791693,0.831705382,-0.029876016,0.554326352,954,579,414,1.351329956,1.246780204,0.818946543,0.818946543,0.000001708,1,0,ok,map,579,414,844,0,ok,46,TRACKING,297,0,0,-1,0,0,0,nan,nan,0,0,nan,nan,
1750922006.642221451,1,-2.226503485,-0.089449352,-1.311215257,0.009170975,0.835488008,-0.030369633,0.548592168,955,561,388,1.424161683,1.325374844,0.792409312,0.792409312,0.000001207,1,0,ok,map,561,388,844,0,ok,45,TRACKING,297,0,0,-1,0,0,0,nan,nan,0,0,nan,nan,
1750922006.654221535,1,-2.244504429,-0.087602623,-1.302192991,0.008446101,0.839218693,-0.031173637,0.542834094,938,535,354,1.474224881,1.394957777,0.795941088,0.795941088,0.000002091,1,0,ok,map,535,354,844,0,ok,62,TRACKING,297,0,0,-1,0,0,0,nan,nan,0,0,nan,nan,
1750922006.666221619,1,-2.261763335,-0.091398962,-1.292234791,0.009002824,0.843051008,-0.031633945,0.536827012,923,500,313,1.554617031,1.569493812,0.820700526,0.820700526,0.000000000,1,0,ok,map,500,313,844,0,ok,77,TRACKING,297,0,0,-1,0,0,0,nan,nan,0,0,nan,nan,
1750922006.678221703,1,-2.283031707,-0.089013690,-1.284353210,0.008410349,0.847042299,-0.031197499,0.530542483,928,475,298,1.601169449,1.632629609,0.794547113,0.794547113,0.000001708,1,0,ok,map,475,298,844,0,ok,72,TRACKING,298,1,0,-1,0,0,0,nan,nan,0,0,nan,nan,
1750922006.690221786,1,-2.298053020,-0.086686584,-1.275047755,0.007298899,0.850733332,-0.031089429,0.524626507,926,524,364,1.367839985,1.272580610,0.809228228,0.809228228,0.000001207,1,0,ok,map,524,364,748,0,ok,74,TRACKING,298,0,0,-1,0,0,0,nan,nan,0,0,nan,nan,
1750922006.702221870,1,-2.315776536,-0.090759131,-1.264705210,0.007634452,0.854357438,-0.032488313,0.518613144,937,515,356,1.402103781,1.339357543,0.821265577,0.821265577,0.000002415,1,0,ok,map,515,356,748,0,ok,63,TRACKING,298,0,0,-1,0,0,0,nan,nan,0,0,nan,nan,
1750922006.714221954,1,-2.332741960,-0.089003941,-1.253296817,0.006371778,0.858017436,-0.032330460,0.512562407,956,492,323,1.475898300,1.399330858,0.823358369,0.823358369,0.000001708,1,0,ok,map,492,323,748,0,ok,44,TRACKING,298,0,0,-1,0,0,0,nan,nan,0,0,nan,nan,
1750922006.726222038,1,-2.346595270,-0.091057295,-1.242589030,0.006402010,0.861799722,-0.032176454,0.506186654,951,476,299,1.505963868,1.489286615,0.849685377,0.849685377,0.000001708,1,0,ok,map,476,299,748,0,ok,49,TRACKING,298,0,0,-1,0,0,0,nan,nan,0,0,nan,nan,
1750922006.738222122,1,-2.364729371,-0.089569239,-1.232605735,0.006827405,0.865735240,-0.032457126,0.499402058,872,404,254,1.543075844,1.520668621,0.830625902,0.830625902,0.000001207,1,0,ok,map,404,254,748,1,ok,128,TRACKING,299,1,0,-1,0,0,0,nan,nan,0,0,nan,nan,
1750922006.750222206,1,-2.381234533,-0.089457214,-1.221188664,0.006621677,0.869363412,-0.033015268,0.493024750,931,467,322,1.225370021,1.095881347,0.843535385,0.843535385,0.000000000,1,0,ok,map,467,322,769,0,ok,69,TRACKING,299,0,0,-1,0,0,0,nan,nan,0,0,nan,nan,
1750922006.762222290,1,-2.398864294,-0.091817267,-1.209150793,0.006228417,0.872895441,-0.033610388,0.486708431,948,466,319,1.286345388,1.200752252,0.833295492,0.833295492,0.000000000,1,0,ok,map,466,319,769,1,ok,52,TRACKING,299,0,0,-1,0,0,0,nan,nan,0,0,nan,nan,
1750922006.774222374,1,-2.418080539,-0.091459273,-1.195289274,0.005538743,0.876384687,-0.032560683,0.480477893,943,458,306,1.398181059,1.369340489,0.830865468,0.830865468,0.000001708,1,0,ok,map,458,306,769,0,ok,57,TRACKING,299,0,0,-1,0,0,0,nan,nan,0,0,nan,nan,
1750922006.786222458,1,-2.433818855,-0.089759996,-1.181694458,0.005522225,0.879893102,-0.030722658,0.474145286,947,449,293,1.479535085,1.398103287,0.855913488,0.855913488,0.000001708,1,0,ok,map,449,293,769,0,ok,53,TRACKING,299,0,0,-1,0,0,0,nan,nan,0,0,nan,nan,
1750922006.798222542,1,-2.453178234,-0.091135916,-1.169158404,0.006231943,0.883836627,-0.029412576,0.466828534,956,442,273,1.499981277,1.432828255,0.887409152,0.887409152,0.000002091,1,0,ok,map,442,273,769,0,ok,44,TRACKING,300,1,0,-1,0,0,0,nan,nan,0,0,nan,nan,
1750922006.810222626,1,-2.468903911,-0.088711985,-1.155956347,0.005446873,0.887198159,-0.029460658,0.460414843,954,516,355,1.319770410,1.228810598,0.834665719,0.834665719,0.000001207,1,0,ok,map,516,355,744,0,ok,46,TRACKING,300,0,0,-1,0,0,0,nan,nan,0,0,nan,nan,
1750922006.822222710,1,-2.481735234,-0.088557988,-1.146308809,0.004953521,0.890336527,-0.031289240,0.454199642,934,501,342,1.371726060,1.292940008,0.826850995,0.826850995,0.000001207,1,0,ok,map,501,342,744,0,ok,66,TRACKING,300,0,0,-1,0,0,0,nan,nan,0,0,nan,nan,
1750922006.834222794,1,-2.496191816,-0.091843508,-1.131137280,0.004850702,0.893568883,-0.032688259,0.447708163,936,488,320,1.516407135,1.521769491,0.846392722,0.846392722,0.000001708,1,0,ok,map,488,320,744,0,ok,64,TRACKING,300,0,0,-1,0,0,0,nan,nan,0,0,nan,nan,
1750922006.846222878,1,-2.517448221,-0.092728913,-1.116248514,0.004948215,0.896826242,-0.031433078,0.441237088,939,475,293,1.571458415,1.545182067,0.842621495,0.842621495,0.000001708,1,0,ok,map,475,293,744,0,ok,61,TRACKING,300,0,0,-1,0,0,0,nan,nan,0,0,nan,nan,
1750922006.858222961,1,-2.526937535,-0.093065798,-1.104497301,0.004371801,0.900368468,-0.029105381,0.434131762,922,444,284,1.645541496,1.654080980,0.862539707,0.862539707,0.000002091,1,0,ok,map,444,284,744,0,ok,78,TRACKING,301,1,0,-1,0,0,0,nan,nan,0,0,nan,nan,
1750922006.870223045,1,-2.548195576,-0.088048161,-1.087645973,0.003855631,0.903432903,-0.028528140,0.427761931,966,525,331,1.380245515,1.255105232,0.814852743,0.814852743,0.000000000,1,0,ok,map,525,331,738,0,ok,34,TRACKING,301,0,0,-1,0,0,0,nan,nan,0,0,nan,nan,
1750922006.882223129,1,-2.563717249,-0.086138179,-1.071309749,0.003649478,0.906354811,-0.030413054,0.421405605,966,523,317,1.465948513,1.350123325,0.830579838,0.830579838,0.000001708,1,0,ok,map,523,317,738,0,ok,34,TRACKING,301,0,0,-1,0,0,0,nan,nan,0,0,nan,nan,
1750922006.894223213,1,-2.575993272,-0.089174910,-1.058874875,0.003783067,0.909393987,-0.031782024,0.414702505,964,522,303,1.573146768,1.533486005,0.857986543,0.857986543,0.000001708,1,0,ok,map,522,303,738,0,ok,36,TRACKING,301,0,0,-1,0,0,0,nan,nan,0,0,nan,nan,
1750922006.906223297,1,-2.591934490,-0.088372851,-1.041779806,0.003855900,0.912276663,-0.031897652,0.408312335,965,512,291,1.524480851,1.484938564,0.803473683,0.803473683,0.000000000,1,0,ok,map,512,291,738,1,ok,35,TRACKING,301,0,0,-1,0,0,0,nan,nan,0,0,nan,nan,
1750922006.918223381,1,-2.603356114,-0.089715678,-1.031562920,0.003627064,0.915546129,-0.031075093,0.400994349,950,501,278,1.476472115,1.423482387,0.827198775,0.827198775,0.000002415,1,0,ok,map,501,278,738,1,ok,50,TRACKING,302,1,0,-1,0,0,0,nan,nan,0,0,nan,nan,
1750922006.930223465,1,-2.619097642,-0.089760267,-1.013895238,0.002953000,0.918453521,-0.030323203,0.394353791,962,609,438,1.095082496,0.911708105,0.838712232,0.838712232,0.000000000,1,0,ok,map,609,438,783,0,ok,38,TRACKING,302,0,0,-1,0,0,0,nan,nan,0,0,nan,nan,
1750922006.942223549,1,-2.634059718,-0.089876275,-0.997954741,0.001478896,0.921218325,-0.029617424,0.387914189,970,598,433,1.207255342,1.064865888,0.824613022,0.824613022,0.000000000,1,0,ok,map,598,433,783,0,ok,30,TRACKING,302,0,0,-1,0,0,0,nan,nan,0,0,nan,nan,
1750922006.954223633,1,-2.648375272,-0.088917289,-0.981723079,0.000558348,0.924013028,-0.028998896,0.381259330,945,578,410,1.328012670,1.214117957,0.836814476,0.836814476,0.000001207,1,0,ok,map,578,410,783,0,ok,55,TRACKING,302,0,0,-1,0,0,0,nan,nan,0,0,nan,nan,
1750922006.966223717,1,-2.662241703,-0.089044962,-0.964725427,0.000917235,0.926734213,-0.029430626,0.374562006,961,566,387,1.381772554,1.324755984,0.830882993,0.830882993,0.000001708,1,0,ok,map,566,387,783,0,ok,39,TRACKING,302,0,0,-1,0,0,0,nan,nan,0,0,nan,nan,
1750922006.978223801,1,-2.676342742,-0.089837332,-0.948280265,0.000552910,0.929755986,-0.029364593,0.367003027,962,555,368,1.371301643,1.265957989,0.831277204,0.831277204,0.000000000,1,0,ok,map,555,368,783,0,ok,38,TRACKING,303,1,15,233,238,1,0,0.005942312,0.004977723,194,166,0.855670103,1.388520885,ok
1750922006.990223885,1,-2.694622010,-0.088287547,-0.937099751,0.000149274,0.932346237,-0.029673328,0.360347007,961,637,414,1.541179063,1.501815090,0.820514439,0.820514439,0.000001708,1,0,ok,map,637,414,752,0,ok,39,TRACKING,303,0,0,-1,0,0,0,nan,nan,0,0,nan,nan,
1750922007.002223969,1,-2.709051052,-0.087805406,-0.918606795,0.000223869,0.934830796,-0.029692015,0.353849850,951,623,380,1.522615953,1.511545650,0.797150485,0.797150485,0.000002091,1,0,ok,map,623,380,752,0,ok,49,TRACKING,303,0,0,-1,0,0,0,nan,nan,0,0,nan,nan,
1750922007.014224052,1,-2.720878095,-0.088675452,-0.898347029,-0.000203740,0.937412789,-0.029368830,0.346979386,948,610,356,1.546237793,1.432211365,0.843299660,0.843299660,0.000001207,1,0,ok,map,610,356,752,0,ok,52,TRACKING,303,0,0,-1,0,0,0,nan,nan,0,0,nan,nan,
1750922007.026224136,1,-2.730777811,-0.084477361,-0.889498472,-0.000469607,0.939884671,-0.029136300,0.340246470,941,596,332,1.588853139,1.597026515,0.822886510,0.822886510,0.000001207,1,0,ok,map,596,332,752,1,ok,59,TRACKING,303,0,0,-1,0,0,0,nan,nan,0,0,nan,nan,
1750922007.038224220,1,-2.748461971,-0.084633930,-0.875683234,-0.000328780,0.942131359,-0.029715382,0.333924228,928,571,318,1.558574508,1.548726838,0.846535439,0.846535439,0.000002091,1,0,ok,map,571,318,752,0,ok,72,TRACKING,304,1,0,-1,0,0,0,nan,nan,0,0,nan,nan,
1750922007.050224304,1,-2.761181376,-0.084721308,-0.855518118,0.000206880,0.944492428,-0.030605880,0.327104403,958,670,470,1.244819827,1.109334552,0.835535251,0.835535251,0.000001708,1,0,ok,map,670,470,818,0,ok,42,TRACKING,304,0,0,-1,0,0,0,nan,nan,0,0,nan,nan,
1750922007.062224388,1,-2.772687507,-0.085688743,-0.837788135,-0.000225325,0.946781451,-0.030992793,0.320381460,975,666,459,1.296100607,1.187275176,0.816534728,0.816534728,0.000002091,1,0,ok,map,666,459,818,0,ok,25,TRACKING,304,0,0,-1,0,0,0,nan,nan,0,0,nan,nan,
1750922007.074224472,1,-2.787624025,-0.086217977,-0.817528690,-0.000740461,0.949061725,-0.030659387,0.313594158,982,664,436,1.327389977,1.242209959,0.823496898,0.823496898,0.000001708,1,0,ok,map,664,436,818,0,ok,18,TRACKING,304,0,0,-1,0,0,0,nan,nan,0,0,nan,nan,
1750922007.086224556,1,-2.799422195,-0.084516855,-0.799352919,-0.001196363,0.951203132,-0.029837478,0.307117072,979,665,426,1.366315455,1.290807073,0.789117743,0.789117743,0.000002415,1,0,ok,map,665,426,818,1,ok,21,TRACKING,304,0,0,-1,0,0,0,nan,nan,0,0,nan,nan,
1750922007.098224640,1,-2.808318086,-0.082891550,-0.784722817,-0.001342903,0.953388775,-0.030186830,0.300227906,974,657,416,1.503908890,1.405170319,0.829356280,0.829356280,0.000001708,1,0,ok,map,657,416,818,1,ok,26,TRACKING,304,0,0,-1,0,0,0,nan,nan,0,0,nan,nan,
1750922007.110224724,1,-2.823269751,-0.083612350,-0.760111752,-0.001531185,0.955403218,-0.031338866,0.293632802,959,651,399,1.386639931,1.335246342,0.801454905,0.801454905,0.000002415,1,0,ok,map,651,399,818,1,ok,41,TRACKING,304,0,0,-1,0,0,0,nan,nan,0,0,nan,nan,
1750922007.122224808,1,-2.830627042,-0.082579729,-0.747096902,-0.001285442,0.957436775,-0.031766431,0.286886848,963,644,398,1.429479232,1.350503307,0.809365751,0.809365751,0.000000000,1,0,ok,map,644,398,818,0,ok,37,TRACKING,304,0,0,-1,0,0,0,nan,nan,0,0,nan,nan,
1750922007.134224892,1,-2.846064608,-0.083603576,-0.725986573,-0.000654898,0.959445819,-0.031857273,0.280086425,984,640,372,1.409313238,1.320419826,0.815840843,0.815840843,0.000002415,1,0,ok,map,640,372,818,0,ok,16,TRACKING,304,0,0,-1,0,0,0,nan,nan,0,0,nan,nan,
1750922007.146224976,1,-2.852606120,-0.082486124,-0.711878584,-0.001143064,0.961317130,-0.031748480,0.273605745,981,636,370,1.492012011,1.433211436,0.775094302,0.775094302,0.000002091,1,0,ok,map,636,370,818,1,ok,19,TRACKING,304,0,0,-1,0,0,0,nan,nan,0,0,nan,nan,
1750922007.158225060,1,-2.863997487,-0.082836968,-0.689665862,-0.001964545,0.963166897,-0.032084809,0.266976092,983,631,356,1.590819309,1.550618457,0.795252894,0.795252894,0.000001708,1,0,ok,map,631,356,818,1,ok,17,TRACKING,304,0,0,-1,0,0,0,nan,nan,0,0,nan,nan,
1750922007.170225143,1,-2.875319895,-0.083696914,-0.675068563,-0.004236104,0.964825493,-0.033194122,0.260752707,981,628,343,1.482789540,1.415795646,0.792856075,0.792856075,0.000001708,1,0,ok,map,628,343,818,1,ok,19,TRACKING,304,0,0,-1,0,0,0,nan,nan,0,0,nan,nan,
1750922007.182225227,1,-2.883780895,-0.085101854,-0.656504501,-0.004120871,0.966607421,-0.032451084,0.254165376,980,620,337,1.477989786,1.441633576,0.786717245,0.786717245,0.000001708,1,0,ok,map,620,337,818,0,ok,20,TRACKING,304,0,0,-1,0,0,0,nan,nan,0,0,nan,nan,
1750922007.194225311,1,-2.896740587,-0.082218001,-0.645585780,-0.001877539,0.968526951,-0.030902627,0.246975804,964,604,308,1.499496071,1.511533928,0.923893428,0.923893428,0.000002091,1,0,ok,map,604,308,818,1,ok,36,TRACKING,305,1,0,-1,0,0,0,nan,nan,0,0,nan,nan,
1750922007.206225395,1,-2.905825826,-0.080043198,-0.627802149,-0.002384941,0.970045612,-0.031736067,0.240829078,944,726,478,1.407746838,1.305723404,0.734108967,0.734108967,0.000001708,1,0,ok,map,726,478,954,0,ok,56,TRACKING,305,0,0,-1,0,0,0,nan,nan,0,0,nan,nan,
1750922007.218225479,1,-2.915303160,-0.081804022,-0.607647748,-0.004806271,0.971484211,-0.032820583,0.234772520,985,724,454,1.375353041,1.260754515,0.775427189,0.775427189,0.000001207,1,0,ok,map,724,454,954,0,ok,15,TRACKING,305,0,0,-1,0,0,0,nan,nan,0,0,nan,nan,
1750922007.230225563,1,-2.926649834,-0.082556350,-0.585274124,-0.006093415,0.973030249,-0.032439643,0.228303906,971,720,449,1.425531761,1.383692379,0.777495363,0.777495363,0.000001708,1,0,ok,map,720,449,954,0,ok,29,TRACKING,305,0,0,-1,0,0,0,nan,nan,0,0,nan,nan,
1750922007.242225647,1,-2.934116734,-0.081615168,-0.567097522,-0.006286451,0.974697337,-0.031200009,0.221251308,977,716,432,1.423053849,1.387822728,0.842793630,0.842793630,0.000000000,1,0,ok,map,716,432,954,0,ok,23,TRACKING,305,0,0,-1,0,0,0,nan,nan,0,0,nan,nan,
1750922007.254225731,1,-2.941429717,-0.072826689,-0.552966135,-0.003847587,0.976353381,-0.031392259,0.213854620,968,708,326,1.573174871,1.531359064,0.912704529,0.912704529,0.000002091,1,0,ok,map,708,326,954,0,ok,32,TRACKING,305,0,0,-1,0,0,0,nan,nan,0,0,nan,nan,
1750922007.266225815,1,-2.948621412,-0.075372733,-0.543779709,-0.003142671,0.977642061,-0.035015355,0.207316303,968,698,312,1.599839185,1.583747579,0.872961276,0.872961276,0.000002415,1,0,ok,map,698,312,954,0,ok,32,TRACKING,305,0,0,-1,0,0,0,nan,nan,0,0,nan,nan,
1750922007.278225899,1,-2.958325879,-0.077795309,-0.520105303,-0.004944126,0.978869464,-0.037251613,0.201003594,968,684,311,1.521636689,1.445913397,0.807062383,0.807062383,0.000001708,1,0,ok,map,684,311,954,0,ok,32,TRACKING,305,0,0,-1,0,0,0,nan,nan,0,0,nan,nan,
1750922007.290225983,1,-2.966606406,-0.084322337,-0.503108136,-0.006953283,0.980259903,-0.036630384,0.194165880,975,673,286,1.480109756,1.425542142,0.835108476,0.835108476,0.000002415,1,0,ok,map,673,286,954,0,ok,25,TRACKING,305,0,0,-1,0,0,0,nan,nan,0,0,nan,nan,
1750922007.302226067,1,-2.971833385,-0.082196976,-0.485204804,-0.007478145,0.981736088,-0.033488305,0.187127936,977,661,270,1.528485113,1.415864432,0.901277356,0.901277356,0.000001708,1,0,ok,map,661,270,954,0,ok,23,TRACKING,305,0,0,-1,0,0,0,nan,nan,0,0,nan,nan,
1750922007.314226151,1,-2.979774709,-0.072220324,-0.459683565,-0.006243173,0.983078203,-0.032545710,0.180163944,978,652,257,1.638387193,1.581738964,0.831972033,0.831972033,0.000001708,1,0,ok,map,652,257,954,0,ok,22,TRACKING,305,0,0,-1,0,0,0,nan,nan,0,0,nan,nan,
1750922007.326226234,1,-2.987749126,-0.072497207,-0.440312080,-0.006957661,0.984162083,-0.034181153,0.173805163,970,643,242,1.668174463,1.710229946,0.766943963,0.766943963,0.000001708,1,0,ok,map,643,242,954,0,ok,30,TRACKING,305,0,0,-1,0,0,0,nan,nan,0,0,nan,nan,
1750922007.338226318,1,-2.992010526,-0.069080819,-0.432554167,-0.007497167,0.985247472,-0.036451054,0.167040510,976,628,241,1.621082891,1.615272778,0.829363833,0.829363833,0.000001708,1,0,ok,map,628,241,954,0,ok,24,TRACKING,305,0,0,-1,0,0,0,nan,nan,0,0,nan,nan,
1750922007.350226402,1,-3.001069992,-0.076508137,-0.417062500,-0.007860607,0.986420878,-0.037238269,0.159766621,975,615,253,1.650253233,1.649446029,0.814595423,0.814595423,0.000001708,1,0,ok,map,615,253,954,0,ok,25,TRACKING,306,1,0,-1,0,0,0,nan,nan,0,0,nan,nan,
1750922007.362226486,1,-3.007230772,-0.077545258,-0.398832169,-0.007252526,0.987543542,-0.036491946,0.152883915,971,747,440,1.304016427,1.170088699,0.806703286,0.806703286,0.000001708,1,0,ok,map,747,440,1067,0,ok,29,TRACKING,306,0,0,-1,0,0,0,nan,nan,0,0,nan,nan,
1750922007.374226570,1,-3.012316895,-0.076112632,-0.375243365,-0.007782322,0.988601513,-0.035339309,0.146142452,979,733,416,1.354375726,1.288602579,0.795368450,0.795368450,0.000001708,1,0,ok,map,733,416,1067,0,ok,21,TRACKING,306,0,0,-1,0,0,0,nan,nan,0,0,nan,nan,
1750922007.386226654,1,-3.016921908,-0.073812546,-0.359996324,-0.008688781,0.989549927,-0.035242759,0.139547104,977,721,399,1.497899147,1.483126583,0.770659206,0.770659206,0.000002091,1,0,ok,map,721,399,1067,0,ok,23,TRACKING,306,0,0,-1,0,0,0,nan,nan,0,0,nan,nan,
1750922007.398226738,1,-3.021632654,-0.075794215,-0.341248646,-0.009549895,0.990439366,-0.035511437,0.132957136,968,709,394,1.496119084,1.428481752,0.768982458,0.768982458,0.000001708,1,0,ok,map,709,394,1067,0,ok,32,TRACKING,306,0,0,-1,0,0,0,nan,nan,0,0,nan,nan,
1750922007.410226822,1,-3.026643984,-0.071610070,-0.314647333,-0.009798829,0.991338729,-0.035766267,0.125985240,961,695,388,1.529032939,1.440720136,0.806575642,0.806575642,0.000001708,1,0,ok,map,695,388,1067,0,ok,39,TRACKING,306,0,0,-1,0,0,0,nan,nan,0,0,nan,nan,
1750922007.422226906,1,-3.029968569,-0.075365694,-0.301367572,-0.010595250,0.992100936,-0.036693825,0.119486558,978,691,382,1.402521841,1.332056344,0.762775662,0.762775662,0.000001708,1,0,ok,map,691,382,1067,0,ok,22,TRACKING,306,0,0,-1,0,0,0,nan,nan,0,0,nan,nan,
1750922007.434226990,1,-3.034607673,-0.079406349,-0.278222770,-0.009983597,0.992923565,-0.035989242,0.112729302,980,681,369,1.435594100,1.391346918,0.787336295,0.787336295,0.000002091,1,0,ok,map,681,369,1067,0,ok,20,TRACKING,306,0,0,-1,0,0,0,nan,nan,0,0,nan,nan,
1750922007.446227074,1,-3.037092612,-0.074616835,-0.254653093,-0.009651439,0.993732963,-0.033545569,0.106190130,978,672,349,1.505297578,1.478846465,0.806206519,0.806206519,0.000002415,1,0,ok,map,672,349,1067,0,ok,22,TRACKING,306,0,0,-1,0,0,0,nan,nan,0,0,nan,nan,
1750922007.458227158,1,-3.040781182,-0.070528137,-0.248578687,-0.009457612,0.994359153,-0.034282206,0.099925770,975,663,315,1.582819091,1.549755736,0.726682665,0.726682665,0.000001708,1,0,ok,map,663,315,1067,0,ok,25,TRACKING,306,0,0,-1,0,0,0,nan,nan,0,0,nan,nan,
1750922007.470227242,1,-3.041894457,-0.073846358,-0.221142083,-0.008767444,0.994934054,-0.035752276,0.093547496,970,649,324,1.600085312,1.622845103,0.757089447,0.757089447,0.000001207,1,0,ok,map,649,324,1067,0,ok,30,TRACKING,306,0,0,-1,0,0,0,nan,nan,0,0,nan,nan,
1750922007.482227325,1,-3.047427960,-0.068696003,-0.197023580,-0.010105208,0.995531170,-0.035448044,0.086942568,973,636,311,1.617332194,1.533363143,0.776047660,0.776047660,0.000001207,1,0,ok,map,636,311,1067,0,ok,27,TRACKING,306,0,0,-1,0,0,0,nan,nan,0,0,nan,nan,
1750922007.494227409,1,-3.049450094,-0.068512041,-0.182271591,-0.010108633,0.996049039,-0.036277555,0.080424286,956,615,292,1.591862389,1.615771995,0.755300494,0.755300494,0.000001207,1,0,ok,map,615,292,1067,0,ok,44,TRACKING,306,0,0,-1,0,0,0,nan,nan,0,0,nan,nan,
1750922007.506227493,1,-3.053183376,-0.073425970,-0.154295770,-0.009857096,0.996580593,-0.036919171,0.073259363,963,597,300,1.562588959,1.527100266,0.729925108,0.729925108,0.000002415,1,0,ok,map,597,300,1067,0,ok,37,TRACKING,307,1,0,-1,0,0,0,nan,nan,0,0,nan,nan,
1750922007.518227577,1,-3.054620861,-0.074906987,-0.133195476,-0.008987005,0.997065362,-0.036301932,0.066798712,947,719,476,1.251275943,1.103482910,0.752415553,0.752415553,0.000002091,1,0,ok,map,719,476,1124,0,ok,53,TRACKING,307,0,0,-1,0,0,0,nan,nan,0,0,nan,nan,
1750922007.530227661,1,-3.056646562,-0.072653777,-0.115949863,-0.010593791,0.997501360,-0.034790072,0.060567815,958,701,461,1.338603530,1.225300043,0.759092908,0.759092908,0.000001708,1,0,ok,map,701,461,1124,0,ok,42,TRACKING,307,0,0,-1,0,0,0,nan,nan,0,0,nan,nan,
1750922007.542227745,1,-3.056625000,-0.067866248,-0.095510091,-0.011060026,0.997900954,-0.034010122,0.053987718,974,695,447,1.494312425,1.375873141,0.762556788,0.762556788,0.000001207,1,0,ok,map,695,447,1124,0,ok,26,TRACKING,307,0,0,-1,0,0,0,nan,nan,0,0,nan,nan,
1750922007.554227829,1,-3.056922514,-0.069757878,-0.071866800,-0.010608371,0.998207814,-0.034703158,0.047584811,972,692,433,1.493739402,1.422289969,0.740653546,0.740653546,0.000002415,1,0,ok,map,692,433,1124,0,ok,28,TRACKING,307,0,0,-1,0,0,0,nan,nan,0,0,nan,nan,
1750922007.566227913,1,-3.057980490,-0.069749293,-0.054957233,-0.010592208,0.998509425,-0.034737090,0.040743933,965,683,432,1.506754793,1.451409811,0.784681707,0.784681707,0.000002415,1,0,ok,map,683,432,1124,0,ok,35,TRACKING,307,0,0,-1,0,0,0,nan,nan,0,0,nan,nan,
1750922007.578227997,1,-3.057153165,-0.070020816,-0.029269132,-0.010489573,0.998751082,-0.035008771,0.034068033,978,678,428,1.474227958,1.398602201,0.766227378,0.766227378,0.000002091,1,0,ok,map,678,428,1124,0,ok,22,TRACKING,307,0,0,-1,0,0,0,nan,nan,0,0,nan,nan,
1750922007.590228081,1,-3.056762413,-0.072067719,-0.009733979,-0.010514429,0.998962867,-0.034809309,0.027403458,981,670,417,1.461497656,1.395946302,0.764438073,0.764438073,0.000001708,1,0,ok,map,670,417,1124,0,ok,19,TRACKING,307,0,0,-1,0,0,0,nan,nan,0,0,nan,nan,
1750922007.602228165,1,-3.054866857,-0.069635530,0.019784892,-0.010737817,0.999168697,-0.033540411,0.020534244,985,667,388,1.416910398,1.307098947,0.801229093,0.801229093,0.000001708,1,0,ok,map,667,388,1124,0,ok,15,TRACKING,307,0,0,-1,0,0,0,nan,nan,0,0,nan,nan,
1750922007.614228249,1,-3.053149364,-0.065600527,0.031871309,-0.010479231,0.999310893,-0.032910719,0.013594435,983,663,350,1.571059220,1.530065462,0.799227784,0.799227784,0.000001708,1,0,ok,map,663,350,1124,0,ok,17,TRACKING,307,0,0,-1,0,0,0,nan,nan,0,0,nan,nan,
1750922007.626228333,1,-3.051165222,-0.061504335,0.057620590,-0.009818462,0.999335886,-0.034414654,0.006856825,972,656,339,1.647370618,1.647039675,0.794695968,0.794695968,0.000001708,1,0,ok,map,656,339,1124,0,ok,28,TRACKING,307,0,0,-1,0,0,0,nan,nan,0,0,nan,nan,
1750922007.638228416,1,-3.048787521,-0.064159421,0.081455299,-0.009278325,0.999345385,-0.034965978,0.000307338,962,641,348,1.667224927,1.625331263,0.755711393,0.755711393,0.000002091,1,0,ok,map,641,348,1124,0,ok,38,TRACKING,307,0,0,-1,0,0,0,nan,nan,0,0,nan,nan,
1750922007.650228500,1,-3.045928914,-0.059641874,0.100379314,-0.009631515,0.999329077,-0.034711598,-0.006613195,973,628,336,1.687350526,1.669916391,0.794605381,0.794605381,0.000001207,1,0,ok,map,628,336,1124,0,ok,27,TRACKING,307,0,0,-1,0,0,0,nan,nan,0,0,nan,nan,
1750922007.662228584,1,-3.043698739,-0.065643317,0.125733495,-0.008522201,0.999235606,-0.035671278,-0.013532736,978,616,330,1.575565687,1.541419732,0.810613300,0.810613300,0.000002700,1,0,ok,map,616,330,1124,0,ok,22,TRACKING,307,0,0,-1,0,0,0,nan,nan,0,0,nan,nan,
1750922007.674228668,1,-3.044571824,-0.064906921,0.149091846,-0.009154510,0.999134378,-0.034245757,-0.021769664,972,605,318,1.614701310,1.568780917,0.786835172,0.786835172,0.000002091,1,0,ok,map,605,318,1124,0,ok,28,TRACKING,308,1,0,-1,0,0,0,nan,nan,0,0,nan,nan,
1750922007.686228752,1,-3.041299178,-0.062552195,0.170210010,-0.009348914,0.998978377,-0.033568395,-0.028774361,976,689,436,1.280148973,1.093233463,0.806930731,0.806930731,0.000001708,1,0,ok,map,689,436,1118,0,ok,24,TRACKING,308,0,0,-1,0,0,0,nan,nan,0,0,nan,nan,
1750922007.698228836,1,-3.037795352,-0.061593669,0.189358161,-0.008607843,0.998752662,-0.033848736,-0.035683173,952,667,427,1.466870823,1.391881945,0.797302011,0.797302011,0.000001708,1,0,ok,map,667,427,1118,0,ok,48,TRACKING,308,0,0,-1,0,0,0,nan,nan,0,0,nan,nan,
1750922007.710228920,1,-3.033674462,-0.061440125,0.211581102,-0.007919013,0.998468263,-0.034140235,-0.042811941,964,655,417,1.528791282,1.481318652,0.822028949,0.822028949,0.000001708,1,0,ok,map,655,417,1118,0,ok,36,TRACKING,308,0,0,-1,0,0,0,nan,nan,0,0,nan,nan,
1750922007.722229004,1,-3.028585607,-0.060746608,0.232239790,-0.009350783,0.998139801,-0.034534919,-0.049364361,964,645,406,1.561192884,1.515865155,0.770818822,0.770818822,0.000002091,1,0,ok,map,645,406,1118,0,ok,36,TRACKING,308,0,0,-1,0,0,0,nan,nan,0,0,nan,nan,
1750922007.734229088,1,-3.023566733,-0.061687706,0.257498450,-0.009661722,0.997768418,-0.034625813,-0.056266233,960,627,401,1.516293389,1.475910035,0.792911570,0.792911570,0.000001207,1,0,ok,map,627,401,1118,0,ok,40,TRACKING,308,0,0,-1,0,0,0,nan,nan,0,0,nan,nan,
1750922007.746229172,1,-3.019592048,-0.060195064,0.274515681,-0.008663221,0.997352675,-0.034169896,-0.063600383,965,610,383,1.397594064,1.292346817,0.851128416,0.851128416,0.000000000,1,0,ok,map,610,383,1118,0,ok,35,TRACKING,308,0,0,-1,0,0,0,nan,nan,0,0,nan,nan,
1750922007.758229256,1,-3.019006093,-0.060824356,0.296160840,-0.008397098,0.996752961,-0.034502272,-0.072267673,958,593,373,1.415943336,1.326684762,0.790235233,0.790235233,0.000001708,1,0,ok,map,593,373,1118,0,ok,42,TRACKING,309,1,0,-1,0,0,0,nan,nan,0,0,nan,nan,
1750922007.770229340,1,-3.013607714,-0.060018787,0.315479774,-0.009297741,0.996223027,-0.034398649,-0.079183114,957,649,432,1.234381709,1.119569385,0.801537002,0.801537002,0.000002091,1,0,ok,map,649,432,1041,0,ok,43,TRACKING,309,0,0,-1,0,0,0,nan,nan,0,0,nan,nan,
1750922007.782229424,1,-3.005717015,-0.058749762,0.340804092,-0.009782531,0.995609413,-0.035213662,-0.086175386,952,631,413,1.351065640,1.224324183,0.811643707,0.811643707,0.000001708,1,0,ok,map,631,413,1041,0,ok,48,TRACKING,309,0,0,-1,0,0,0,nan,nan,0,0,nan,nan,
1750922007.794229507,1,-3.000038718,-0.058408967,0.364018373,-0.009801138,0.994951328,-0.035853572,-0.093221853,962,615,402,1.407138265,1.308746365,0.814292342,0.814292342,0.000000000,1,0,ok,map,615,402,1041,0,ok,38,TRACKING,309,0,0,-1,0,0,0,nan,nan,0,0,nan,nan,
1750922007.806229591,1,-2.994412337,-0.061078004,0.384500325,-0.010313066,0.994258772,-0.035955271,-0.100251452,971,604,396,1.437689725,1.367410135,0.811640860,0.811640860,0.000002091,1,0,ok,map,604,396,1041,0,ok,29,TRACKING,309,0,0,-1,0,0,0,nan,nan,0,0,nan,nan,
1750922007.818229675,1,-2.991673834,-0.060464164,0.402618655,-0.009808171,0.993371112,-0.034662251,-0.109161178,964,594,382,1.371084927,1.259721310,0.807808231,0.807808231,0.000001708,1,0,ok,map,594,382,1041,0,ok,36,TRACKING,310,1,0,-1,0,0,0,nan,nan,0,0,nan,nan,
1750922007.830229759,1,-2.983936515,-0.059141328,0.424890176,-0.010267527,0.992590886,-0.033825244,-0.116248719,951,698,515,1.146363612,0.957544658,0.824372934,0.824372934,0.000002091,1,0,ok,map,698,515,1003,0,ok,49,TRACKING,310,0,0,-1,0,0,0,nan,nan,0,0,nan,nan,
1750922007.842229843,1,-2.977168953,-0.057426091,0.444349554,-0.009500574,0.991722593,-0.034203115,-0.123394423,948,675,482,1.260274264,1.150471390,0.830660390,0.830660390,0.000001708,1,0,ok,map,675,482,1003,0,ok,52,TRACKING,310,0,0,-1,0,0,0,nan,nan,0,0,nan,nan,
1750922007.854229927,1,-2.968988964,-0.057377095,0.467258930,-0.009355539,0.990821183,-0.034353741,-0.130405821,965,655,471,1.327246686,1.257628094,0.810415718,0.810415718,0.000002091,1,0,ok,map,655,471,1003,0,ok,35,TRACKING,310,0,0,-1,0,0,0,nan,nan,0,0,nan,nan,
1750922007.866230011,1,-2.960182796,-0.057982145,0.488549204,-0.009419595,0.989863769,-0.034706254,-0.137391649,965,648,459,1.323757722,1.202694829,0.809044073,0.809044073,0.000002091,1,0,ok,map,648,459,1003,0,ok,35,TRACKING,310,0,0,-1,0,0,0,nan,nan,0,0,nan,nan,
1750922007.878230095,1,-2.952055700,-0.058069170,0.509986485,-0.009445253,0.988880382,-0.034388586,-0.144373830,954,622,440,1.303874371,1.218666934,0.808822271,0.808822271,0.000001708,1,0,ok,map,622,440,1003,0,ok,46,TRACKING,310,0,0,-1,0,0,0,nan,nan,0,0,nan,nan,
1750922007.890230179,1,-2.943407294,-0.057437198,0.530793709,-0.010213297,0.987841670,-0.033283087,-0.151514881,952,603,425,1.288435287,1.183733048,0.841181665,0.841181665,0.000000000,1,0,ok,map,603,425,1003,0,ok,48,TRACKING,310,0,0,-1,0,0,0,nan,nan,0,0,nan,nan,
1750922007.902230263,1,-2.937968835,-0.056073840,0.552725225,-0.010488775,0.986418569,-0.032360898,-0.160689656,973,588,405,1.351675739,1.294071478,0.799700248,0.799700248,0.000001708,1,0,ok,map,588,405,1003,0,ok,27,TRACKING,311,1,0,-1,0,0,0,nan,nan,0,0,nan,nan,
1750922007.914230347,1,-2.929451860,-0.053285717,0.572151256,-0.009807156,0.985229640,-0.032260974,-0.167885692,957,646,499,1.280097797,1.164636698,0.839505916,0.839505916,0.000001708,1,0,ok,map,646,499,940,0,ok,43,TRACKING,311,0,0,-1,0,0,0,nan,nan,0,0,nan,nan,
1750922007.926230431,1,-2.921720155,-0.053068543,0.588340552,-0.009596163,0.983983569,-0.033334176,-0.174851602,945,625,469,1.343317776,1.289832087,0.820535568,0.820535568,0.000001708,1,0,ok,map,625,469,940,0,ok,55,TRACKING,311,0,0,-1,0,0,0,nan,nan,0,0,nan,nan,
1750922007.938230515,1,-2.911451422,-0.052775552,0.608074172,-0.010372836,0.982738894,-0.034435240,-0.181468688,969,619,459,1.410113728,1.340539216,0.786859336,0.786859336,0.000000000,1,0,ok,map,619,459,940,0,ok,31,TRACKING,311,0,0,-1,0,0,0,nan,nan,0,0,nan,nan,
1750922007.950230598,1,-2.902549869,-0.054580048,0.627677596,-0.010690120,0.981385162,-0.034828542,-0.188562608,962,613,428,1.375553492,1.285347487,0.829597505,0.829597505,0.000000000,1,0,ok,map,613,428,940,0,ok,38,TRACKING,311,0,0,-1,0,0,0,nan,nan,0,0,nan,nan,
1750922007.962230682,1,-2.889854194,-0.054282498,0.651342092,-0.010759459,0.980101906,-0.034050704,-0.195256337,975,611,429,1.356257871,1.235846856,0.786124662,0.786124662,0.000002091,1,0,ok,map,611,429,940,0,ok,25,TRACKING,311,0,0,-1,0,0,0,nan,nan,0,0,nan,nan,
1750922007.974230766,1,-2.879627254,-0.052300928,0.672590075,-0.009854499,0.978703091,-0.032774178,-0.202408006,977,609,419,1.323107969,1.229353507,0.854086088,0.854086088,0.000001708,1,0,ok,map,609,419,940,0,ok,23,TRACKING,311,0,0,-1,0,0,0,nan,nan,0,0,nan,nan,
1750922007.986230850,1,-2.869018494,-0.052801589,0.691715665,-0.011016672,0.977291638,-0.032818091,-0.209051811,973,608,403,1.443996492,1.348915734,0.789643990,0.789643990,0.000001708,1,0,ok,map,608,403,940,0,ok,27,TRACKING,311,0,0,-1,0,0,0,nan,nan,0,0,nan,nan,
1750922007.998230934,1,-2.856671400,-0.050208414,0.713419299,-0.012510677,0.975846126,-0.032222525,-0.215707048,971,603,376,1.491825261,1.358172784,0.801884145,0.801884145,0.000002091,1,0,ok,map,603,376,940,0,ok,29,TRACKING,311,0,0,-1,0,0,0,nan,nan,0,0,nan,nan,
1750922008.010231018,1,-2.853456570,-0.049237416,0.727167093,-0.012367573,0.973616413,-0.032656806,-0.225503119,955,589,362,1.501713431,1.403224944,0.842298041,0.842298041,0.000001708,1,0,ok,map,589,362,940,0,ok,45,TRACKING,312,1,0,-1,0,0,0,nan,nan,0,0,nan,nan,
1750922008.022231102,1,-2.840662204,-0.051630762,0.747141025,-0.011711021,0.971894893,-0.033919537,-0.232664210,960,697,523,1.295128543,1.157026014,0.859594568,0.859594568,0.000002415,1,0,ok,map,697,523,849,0,ok,40,TRACKING,312,0,0,-1,0,0,0,nan,nan,0,0,nan,nan,
1750922008.034231186,1,-2.828938506,-0.048788658,0.766489577,-0.011922230,0.970208991,-0.033204506,-0.239686953,964,691,500,1.385369888,1.236644513,0.832011264,0.832011264,0.000001708,1,0,ok,map,691,500,849,0,ok,36,TRACKING,312,0,0,-1,0,0,0,nan,nan,0,0,nan,nan,
1750922008.046231270,1,-2.816874907,-0.049362976,0.785767425,-0.012828428,0.968428402,-0.033630726,-0.246679621,961,684,475,1.369606996,1.237584625,0.834797659,0.834797659,0.000001207,1,0,ok,map,684,475,849,0,ok,39,TRACKING,312,0,0,-1,0,0,0,nan,nan,0,0,nan,nan,
1750922008.058231354,1,-2.803684642,-0.049617429,0.806067591,-0.012927081,0.966638538,-0.033942709,-0.253556148,936,653,450,1.356894195,1.191621029,0.815111904,0.815111904,0.000001708,1,0,ok,map,653,450,849,0,ok,64,TRACKING,312,0,0,-1,0,0,0,nan,nan,0,0,nan,nan,
1750922008.070231438,1,-2.789677920,-0.048710062,0.825231299,-0.013596392,0.964780147,-0.033281559,-0.260589223,948,631,420,1.362610106,1.248004692,0.840535899,0.840535899,0.000001708,1,0,ok,map,631,420,849,0,ok,52,TRACKING,312,0,0,-1,0,0,0,nan,nan,0,0,nan,nan,
1750922008.082231522,1,-2.778124043,-0.047787677,0.840734310,-0.013940964,0.962868613,-0.033340693,-0.267540805,968,622,408,1.414368651,1.321990951,0.827132887,0.827132887,0.000000000,1,0,ok,map,622,408,849,0,ok,32,TRACKING,312,0,0,-1,0,0,0,nan,nan,0,0,nan,nan,
1750922008.094231606,1,-2.769754561,-0.046810242,0.858528219,-0.014249604,0.960089546,-0.033642292,-0.277296248,942,588,376,1.431466279,1.325096427,0.820186390,0.820186390,0.000001708,1,0,ok,map,588,376,849,0,ok,58,TRACKING,313,1,12,37,167,1,0,0.009359674,0.005343512,101,66,0.653465347,1.585989726,ok
1750922008.106231689,1,-2.787400346,-0.045252134,0.874950444,-0.013438479,0.957974618,-0.034160453,-0.284494468,951,683,245,1.788084742,1.816632415,0.866769653,0.866769653,0.000001207,1,0,ok,map,683,245,889,0,ok,49,TRACKING,313,0,0,-1,0,0,0,nan,nan,0,0,nan,nan,
1750922008.118231773,1,-2.766576874,-0.045645253,0.897335309,-0.013826774,0.956051647,-0.034286346,-0.290858239,951,670,244,1.831336034,1.932475544,0.763236398,0.763236398,0.000002415,1,0,ok,map,670,244,889,0,ok,49,TRACKING,313,0,0,-1,0,0,0,nan,nan,0,0,nan,nan,
1750922008.130231857,1,-2.758732345,-0.044122120,0.911289048,-0.014382457,0.953958069,-0.033988405,-0.297660772,954,651,227,1.807595404,1.856396162,0.818790875,0.818790875,0.000001708,1,0,ok,map,651,227,889,0,ok,46,TRACKING,313,0,0,-1,0,0,0,nan,nan,0,0,nan,nan,
1750922008.142231941,1,-2.744128171,-0.045571174,0.934427307,-0.014657797,0.951826499,-0.034335045,-0.304355990,946,629,221,1.810354660,1.876523511,0.806758018,0.806758018,0.000000000,1,0,ok,map,629,221,889,0,ok,54,TRACKING,313,0,0,-1,0,0,0,nan,nan,0,0,nan,nan,
1750922008.154232025,1,-2.732135251,-0.043288103,0.954815973,-0.014923498,0.949693599,-0.034218710,-0.310947642,958,613,213,1.789256090,1.865477698,0.794603591,0.794603591,0.000000000,1,0,ok,map,613,213,889,0,ok,42,TRACKING,313,0,0,-1,0,0,0,nan,nan,0,0,nan,nan,
1750922008.166232109,1,-2.714701119,-0.046225493,0.970999254,-0.014712266,0.947416860,-0.034379903,-0.317809480,969,602,207,1.850435044,1.987197892,0.829022186,0.829022186,0.000001708,1,0,ok,map,602,207,889,0,ok,31,TRACKING,313,0,0,-1,0,0,0,nan,nan,0,0,nan,nan,
1750922008.178232193,1,-2.690490647,-0.044545140,0.989613942,-0.014986961,0.945471070,-0.034262132,-0.323552087,951,577,192,1.815898910,1.957271232,0.767300347,0.767300347,0.000001708,1,0,ok,map,577,192,889,0,ok,49,TRACKING,314,1,0,-1,0,0,0,nan,nan,0,0,nan,nan,
1750922008.190232277,1,-2.676374026,-0.044096981,1.003954688,-0.015276132,0.943104561,-0.033844844,-0.330416333,944,648,358,1.485070239,1.363599784,0.834051985,0.834051985,0.000000000,1,0,ok,map,648,358,963,0,ok,56,TRACKING,314,0,0,-1,0,0,0,nan,nan,0,0,nan,nan,
1750922008.202232361,1,-2.657882229,-0.044051041,1.023066839,-0.015411559,0.940752332,-0.033402977,-0.337093126,957,635,337,1.571203972,1.497078211,0.812924660,0.812924660,0.000001207,1,0,ok,map,635,337,963,0,ok,43,TRACKING,314,0,0,-1,0,0,0,nan,nan,0,0,nan,nan,
1750922008.214232445,1,-2.645670883,-0.042301345,1.039129287,-0.015741438,0.938352809,-0.032381388,-0.343798863,934,601,313,1.620408736,1.564569447,0.825356037,0.825356037,0.000001708,1,0,ok,map,601,313,963,0,ok,66,TRACKING,314,0,0,-1,0,0,0,nan,nan,0,0,nan,nan,
1750922008.226232529,1,-2.628036664,-0.043407225,1.053742747,-0.015582904,0.935816534,-0.032220788,-0.350665666,949,583,304,1.596957455,1.535109653,0.839236316,0.839236316,0.000001708,1,0,ok,map,583,304,963,0,ok,51,TRACKING,314,0,0,-1,0,0,0,nan,nan,0,0,nan,nan,
1750922008.238232613,1,-2.607839476,-0.042495788,1.067592261,-0.014694728,0.933520470,-0.032242199,-0.356768884,953,581,302,1.551658416,1.533087400,0.834248887,0.834248887,0.000002415,1,0,ok,map,581,302,963,0,ok,47,TRACKING,315,1,0,-1,0,0,0,nan,nan,0,0,nan,nan,
1750922008.250232697,1,-2.590759887,-0.042312534,1.084144379,-0.015383596,0.931000904,-0.032603887,-0.363232223,943,680,441,1.247734134,1.073456570,0.799915632,0.799915632,0.000001708,1,0,ok,map,680,441,992,0,ok,57,TRACKING,315,0,0,-1,0,0,0,nan,nan,0,0,nan,nan,
1750922008.262232780,1,-2.575174406,-0.043576600,1.099896082,-0.015881276,0.928501962,-0.032513988,-0.369560189,956,666,418,1.320314564,1.158646659,0.781778320,0.781778320,0.000002415,1,0,ok,map,666,418,992,0,ok,44,TRACKING,315,0,0,-1,0,0,0,nan,nan,0,0,nan,nan,
1750922008.274232864,1,-2.559549137,-0.042152260,1.112991783,-0.015732565,0.925873994,-0.031343278,-0.376201319,954,648,390,1.376956025,1.295966492,0.829533159,0.829533159,0.000001708,1,0,ok,map,648,390,992,0,ok,46,TRACKING,315,0,0,-1,0,0,0,nan,nan,0,0,nan,nan,
1750922008.286232948,1,-2.542310001,-0.043067556,1.128625817,-0.015074854,0.923170334,-0.031241838,-0.382822716,939,614,377,1.398412904,1.312525778,0.823113389,0.823113389,0.000002091,1,0,ok,map,614,377,992,0,ok,61,TRACKING,315,0,0,-1,0,0,0,nan,nan,0,0,nan,nan,
1750922008.298233032,1,-2.522277953,-0.042297797,1.141629943,-0.015379216,0.920931174,-0.029803118,-0.388279573,934,583,359,1.324681488,1.209149031,0.790280881,0.790280881,0.000001708,1,0,ok,map,583,359,992,0,ok,66,TRACKING,316,1,0,-1,0,0,0,nan,nan,0,0,nan,nan,
1750922008.310233116,1,-2.506255473,-0.039683924,1.155260161,-0.015498198,0.918152973,-0.029237394,-0.394841866,938,653,462,1.161487817,0.933778656,0.819281568,0.819281568,0.000001708,1,0,ok,map,653,462,1061,0,ok,62,TRACKING,316,0,0,-1,0,0,0,nan,nan,0,0,nan,nan,
1750922008.322233200,1,-2.492078580,-0.041048623,1.166648650,-0.015876581,0.915288936,-0.030912274,-0.401296061,969,646,443,1.213620288,1.024107704,0.832726476,0.832726476,0.000002415,1,0,ok,map,646,443,1061,0,ok,31,TRACKING,316,0,0,-1,0,0,0,nan,nan,0,0,nan,nan,
1750922008.334233284,1,-2.474487647,-0.041746731,1.180466062,-0.016055371,0.912497149,-0.029877119,-0.407674546,961,624,410,1.291765623,1.187740316,0.806897525,0.806897525,0.000002091,1,0,ok,map,624,410,1061,0,ok,39,TRACKING,316,0,0,-1,0,0,0,nan,nan,0,0,nan,nan,
1750922008.346233368,1,-2.457810203,-0.039227011,1.193179986,-0.014944063,0.909601251,-0.028751454,-0.414216844,968,621,389,1.319090183,1.185542382,0.839654075,0.839654075,0.000001708,1,0,ok,map,621,389,1061,0,ok,32,TRACKING,316,0,0,-1,0,0,0,nan,nan,0,0,nan,nan,
1750922008.358233452,1,-2.442180347,-0.039479252,1.202588375,-0.015505688,0.906702337,-0.029398619,-0.420459472,958,606,385,1.369822056,1.308226496,0.794810709,0.794810709,0.000001708,1,0,ok,map,606,385,1061,0,ok,42,TRACKING,316,0,0,-1,0,0,0,nan,nan,0,0,nan,nan,
1750922008.370233536,1,-2.418543286,-0.038938831,1.219233264,-0.015468099,0.904041323,-0.029227867,-0.426164002,958,589,377,1.344407496,1.224797462,0.832078178,0.832078178,0.000002415,1,0,ok,map,589,377,1061,0,ok,42,TRACKING,317,1,0,-1,0,0,0,nan,nan,0,0,nan,nan,
1750922008.382233620,1,-2.401610653,-0.038742914,1.230708499,-0.015450251,0.900944442,-0.030065291,-0.432615858,958,730,562,1.165204214,0.970306746,0.825687121,0.825687121,0.000002415,1,0,ok,map,730,562,1087,0,ok,42,TRACKING,317,0,0,-1,0,0,0,nan,nan,0,0,nan,nan,
1750922008.394233704,1,-2.386473688,-0.038818081,1.241598627,-0.016127977,0.897929556,-0.029766699,-0.438835213,931,690,534,1.232901064,1.051559908,0.796543973,0.796543973,0.000002091,1,0,ok,map,690,534,1087,0,ok,69,TRACKING,317,0,0,-1,0,0,0,nan,nan,0,0,nan,nan,
1750922008.406233788,1,-2.367611511,-0.040014957,1.254420880,-0.015398502,0.894712882,-0.029510184,-0.445399701,967,683,501,1.307474425,1.152484197,0.842366142,0.842366142,0.000002091,1,0,ok,map,683,501,1087,0,ok,33,TRACKING,317,0,0,-1,0,0,0,nan,nan,0,0,nan,nan,
1750922008.418233871,1,-2.349400071,-0.039394825,1.265765917,-0.014522138,0.891562077,-0.027878390,-0.451806336,976,676,501,1.339866748,1.255172060,0.845213192,0.845213192,0.000000000,1,0,ok,map,676,501,1087,0,ok,24,TRACKING,317,0,0,-1,0,0,0,nan,nan,0,0,nan,nan,
1750922008.430233955,1,-2.329015213,-0.039523476,1.277534478,-0.014270520,0.888400806,-0.026598479,-0.458075192,986,671,491,1.290045821,1.196020754,0.818298468,0.818298468,0.000001708,1,0,ok,map,671,491,1087,0,ok,14,TRACKING,317,0,0,-1,0,0,0,nan,nan,0,0,nan,nan,
1750922008.442234039,1,-2.309657506,-0.038157594,1.288041209,-0.013965601,0.885064537,-0.026187245,-0.464521212,971,660,458,1.413100089,1.286150154,0.833799731,0.833799731,0.000001207,1,0,ok,map,660,458,1087,0,ok,29,TRACKING,317,0,0,-1,0,0,0,nan,nan,0,0,nan,nan,
1750922008.454234123,1,-2.292661919,-0.036592122,1.297379695,-0.014827650,0.881601130,-0.027185073,-0.470978300,974,655,428,1.473879973,1.377456615,0.853135666,0.853135667,0.000000000,1,0,ok,map,655,428,1087,0,ok,26,TRACKING,317,0,0,-1,0,0,0,nan,nan,0,0,nan,nan,
1750922008.466234207,1,-2.278543887,-0.037856871,1.304802941,-0.015423649,0.878177869,-0.028360302,-0.477243580,968,641,411,1.541387734,1.490603560,0.831946217,0.831946217,0.000002091,1,0,ok,map,641,411,1087,0,ok,32,TRACKING,317,0,0,-1,0,0,0,nan,nan,0,0,nan,nan,
1750922008.478234291,1,-2.256791799,-0.038620001,1.315530645,-0.014954383,0.874681581,-0.027992518,-0.483657851,950,614,397,1.519457999,1.531288686,0.839906973,0.839906973,0.000000000,1,0,ok,map,614,397,1087,0,ok,50,TRACKING,317,0,0,-1,0,0,0,nan,nan,0,0,nan,nan,
1750922008.490234375,1,-2.241148123,-0.038371838,1.324978781,-0.014211343,0.871048166,-0.027878894,-0.490199854,971,606,393,1.525626614,1.445111086,0.861838270,0.861838270,0.000001708,1,0,ok,map,606,393,1087,0,ok,29,TRACKING,317,0,0,-1,0,0,0,nan,nan,0,0,nan,nan,
1750922008.502234459,1,-2.213684277,-0.036004582,1.338653998,-0.014352253,0.868254286,-0.027077694,-0.495171997,965,592,367,1.474008368,1.433852663,0.787073645,0.787073645,0.000001708,1,0,ok,map,592,367,1087,0,ok,35,TRACKING,318,1,0,-1,0,0,0,nan,nan,0,0,nan,nan,
1750922008.514234543,1,-2.197618006,-0.036760503,1.347297550,0.015469565,-0.864516823,0.027221511,0.501627695,975,745,560,1.248889730,1.064502216,0.864494402,0.864494402,0.000001708,1,0,ok,map,745,560,1071,0,ok,25,TRACKING,318,0,0,-1,0,0,0,nan,nan,0,0,nan,nan,
1750922008.526234627,1,-2.176738925,-0.037738354,1.357425519,0.016180067,-0.861265099,0.026691126,0.507196430,988,742,528,1.327321562,1.206169500,0.745909080,0.745909080,0.000001708,1,0,ok,map,742,528,1071,0,ok,12,TRACKING,318,0,0,-1,0,0,0,nan,nan,0,0,nan,nan,
1750922008.538234711,1,-2.156150224,-0.037719360,1.366602818,0.014936830,-0.857447334,0.026320220,0.513681035,986,737,519,1.457590156,1.423873382,0.875024331,0.875024331,0.000001207,1,0,ok,map,737,519,1071,0,ok,14,TRACKING,318,0,0,-1,0,0,0,nan,nan,0,0,nan,nan,
1750922008.550234795,1,-2.135396847,-0.038409410,1.375334769,0.014296298,-0.853734006,0.026377851,0.519844276,980,724,507,1.450555281,1.414448665,0.827825292,0.827825292,0.000002091,1,0,ok,map,724,507,1071,0,ok,20,TRACKING,318,0,0,-1,0,0,0,nan,nan,0,0,nan,nan,
1750922008.562234879,1,-2.113575736,-0.035925105,1.384402544,0.014813642,-0.850125367,0.024826377,0.525786143,983,720,490,1.402030459,1.340900297,0.818371445,0.818371445,0.000002091,1,0,ok,map,720,490,1071,0,ok,17,TRACKING,318,0,0,-1,0,0,0,nan,nan,0,0,nan,nan,
1750922008.574234962,1,-2.098412467,-0.034835295,1.390697905,0.015377404,-0.846153528,0.025554135,0.532104058,961,695,463,1.386537875,1.326332338,0.861643781,0.861643781,0.000001207,1,0,ok,map,695,463,1071,0,ok,39,TRACKING,318,0,0,-1,0,0,0,nan,nan,0,0,nan,nan,
1750922008.586235046,1,-2.075763200,-0.036155528,1.399240952,0.016689261,-0.842463033,0.026265722,0.537854644,970,681,441,1.449522121,1.390862443,0.801457266,0.801457266,0.000002091,1,0,ok,map,681,441,1071,0,ok,30,TRACKING,318,0,0,-1,0,0,0,nan,nan,0,0,nan,nan,
1750922008.598235130,1,-2.052491764,-0.036640766,1.409008443,0.016010180,-0.838338934,0.025631422,0.544311065,944,645,403,1.505979308,1.450223762,0.884342178,0.884342178,0.000000000,1,0,ok,map,645,403,1071,0,ok,56,TRACKING,318,0,0,-1,0,0,0,nan,nan,0,0,nan,nan,
1750922008.610235214,1,-2.032802543,-0.036000989,1.418179053,0.015682258,-0.834479945,0.024941295,0.550250143,978,637,394,1.501585290,1.467482110,0.816326875,0.816326875,0.000001708,1,0,ok,map,637,394,1071,0,ok,22,TRACKING,318,0,0,-1,0,0,0,nan,nan,0,0,nan,nan,
1750922008.622235298,1,-2.015575477,-0.036396396,1.423495835,0.015760197,-0.830559060,0.024721002,0.556158373,960,619,382,1.541273926,1.476049848,0.812997349,0.812997349,0.000001708,1,0,ok,map,619,382,1071,0,ok,40,TRACKING,318,0,0,-1,0,0,0,nan,nan,0,0,nan,nan,
1750922008.634235382,1,-1.990869336,-0.036031990,1.430221156,0.016325362,-0.827290997,0.023215076,0.561056280,952,595,371,1.578496261,1.568085185,0.834239307,0.834239307,0.000001708,1,0,ok,map,595,371,1071,0,ok,48,TRACKING,319,1,0,-1,0,0,0,nan,nan,0,0,nan,nan,
1750922008.646235466,1,-1.971193298,-0.034065608,1.435178323,0.016686275,-0.823278134,0.023052950,0.566924373,961,708,507,1.308363623,1.219038585,0.815891407,0.815891407,0.000001708,1,0,ok,map,708,507,1098,0,ok,39,TRACKING,319,0,0,-1,0,0,0,nan,nan,0,0,nan,nan,
1750922008.658235550,1,-1.948308762,-0.034681855,1.441593767,0.016435704,-0.818921216,0.024413959,0.573150826,966,693,485,1.418163611,1.354097110,0.885154879,0.885154879,0.000001207,1,0,ok,map,693,485,1098,0,ok,34,TRACKING,319,0,0,-1,0,0,0,nan,nan,0,0,nan,nan,
1750922008.670235634,1,-1.927379794,-0.035446010,1.446528135,0.016231289,-0.814773867,0.024934091,0.579015010,965,670,454,1.466054208,1.390260299,0.825550101,0.825550101,0.000001708,1,0,ok,map,670,454,1098,0,ok,35,TRACKING,319,0,0,-1,0,0,0,nan,nan,0,0,nan,nan,
1750922008.682235718,1,-1.907816425,-0.035223975,1.452410541,0.016448057,-0.810480670,0.023551736,0.585060561,965,645,435,1.467531773,1.380538165,0.864679685,0.864679685,0.000001708,1,0,ok,map,645,435,1098,0,ok,35,TRACKING,319,0,0,-1,0,0,0,nan,nan,0,0,nan,nan,
1750922008.694235802,1,-1.885427390,-0.035714346,1.459138394,0.016778197,-0.806328919,0.022733729,0.590792132,971,632,414,1.463101008,1.356542191,0.817273910,0.817273910,0.000001708,1,0,ok,map,632,414,1098,0,ok,29,TRACKING,319,0,0,-1,0,0,0,nan,nan,0,0,nan,nan,
1750922008.706235886,1,-1.866606600,-0.034945853,1.461652373,0.016079590,-0.802085170,0.021727948,0.596597623,957,610,395,1.497341006,1.442071330,0.835913921,0.835913921,0.000001708,1,0,ok,map,610,395,1098,0,ok,43,TRACKING,319,0,0,-1,0,0,0,nan,nan,0,0,nan,nan,
1750922008.718235970,1,-1.845139314,-0.034738780,1.466122795,0.014899154,-0.798122025,0.022938642,0.601874627,944,584,365,1.494728408,1.455527762,0.918713888,0.918713888,0.000002415,1,0,ok,map,584,365,1098,0,ok,56,TRACKING,320,1,0,-1,0,0,0,nan,nan,0,0,nan,nan,
1750922008.730236053,1,-1.824938871,-0.035122276,1.469840559,0.015543772,-0.793816479,0.023491872,0.607504667,964,680,495,1.270955377,1.162705028,0.818001500,0.818001500,0.000001207,1,0,ok,map,680,495,1095,0,ok,36,TRACKING,320,0,0,-1,0,0,0,nan,nan,0,0,nan,nan,
1750922008.742236137,1,-1.801218997,-0.037057629,1.474252204,0.016386457,-0.789514647,0.023223981,0.613073204,957,669,420,1.520964244,1.420157835,0.812683238,0.812683238,0.000002415,1,0,ok,map,669,420,1095,0,ok,43,TRACKING,320,0,0,-1,0,0,0,nan,nan,0,0,nan,nan,
1750922008.754236221,1,-1.782459788,-0.036837073,1.477248473,0.015896495,-0.785191604,0.021177418,0.618686482,966,655,405,1.592460380,1.503451436,0.846941839,0.846941839,0.000001708,1,0,ok,map,655,405,1095,0,ok,34,TRACKING,320,0,0,-1,0,0,0,nan,nan,0,0,nan,nan,
1750922008.766236305,1,-1.760853398,-0.035651488,1.479640194,0.014937150,-0.780540972,0.020999890,0.624573196,980,642,385,1.559555406,1.466923711,0.866920756,0.866920756,0.000001708,1,0,ok,map,642,385,1095,0,ok,20,TRACKING,320,0,0,-1,0,0,0,nan,nan,0,0,nan,nan,
1750922008.778236389,1,-1.743223029,-0.036157967,1.481118010,0.014593429,-0.776123451,0.021962553,0.630029418,981,637,373,1.523196083,1.497490889,0.812953578,0.812953578,0.000001207,1,0,ok,map,637,373,1095,0,ok,19,TRACKING,320,0,0,-1,0,0,0,nan,nan,0,0,nan,nan,
1750922008.790236473,1,-1.720719689,-0.036313040,1.485588836,0.014274593,-0.771589973,0.021557775,0.635594534,976,624,362,1.539780668,1.504795194,0.824650548,0.824650548,0.000002091,1,0,ok,map,624,362,1095,0,ok,24,TRACKING,320,0,0,-1,0,0,0,nan,nan,0,0,nan,nan,
1750922008.802236557,1,-1.693166221,-0.038178532,1.487438578,0.014795951,-0.767895915,0.020383505,0.640079258,966,599,345,1.633761191,1.632220715,0.818466689,0.818466689,0.000002091,1,0,ok,map,599,345,1095,0,ok,34,TRACKING,321,1,0,-1,0,0,0,nan,nan,0,0,nan,nan,
1750922008.814236641,1,-1.677477613,-0.036472422,1.489028545,0.016207139,-0.763513447,0.018613271,0.645320146,980,652,432,1.430838043,1.335996199,0.824727692,0.824727692,0.000001708,1,0,ok,map,652,432,1102,0,ok,20,TRACKING,321,0,0,-1,0,0,0,nan,nan,0,0,nan,nan,
1750922008.826236725,1,-1.656451349,-0.037243655,1.490160204,0.015398173,-0.758795600,0.018323516,0.650888917,975,647,404,1.517397985,1.437984497,0.842134268,0.842134268,0.000002415,1,0,ok,map,647,404,1102,0,ok,25,TRACKING,321,0,0,-1,0,0,0,nan,nan,0,0,nan,nan,
1750922008.838236809,1,-1.636000115,-0.038261154,1.491729321,0.014048435,-0.754389133,0.017802139,0.656035640,982,643,387,1.557935012,1.571454879,0.793909653,0.793909653,0.000000000,1,0,ok,map,643,387,1102,0,ok,18,TRACKING,321,0,0,-1,0,0,0,nan,nan,0,0,nan,nan,
1750922008.850236893,1,-1.608934948,-0.034793408,1.494130020,0.013621219,-0.749950209,0.017454653,0.661123650,985,640,374,1.497479770,1.448513915,0.776313018,0.776313018,0.000000000,1,0,ok,map,640,374,1102,0,ok,15,TRACKING,321,0,0,-1,0,0,0,nan,nan,0,0,nan,nan,
1750922008.862236977,1,-1.586592987,-0.038250687,1.493016012,0.014004232,-0.745537135,0.017396027,0.666089814,977,623,365,1.526959895,1.472714531,0.762600562,0.762600562,0.000001708,1,0,ok,map,623,365,1102,0,ok,23,TRACKING,321,0,0,-1,0,0,0,nan,nan,0,0,nan,nan,
1750922008.874237061,1,-1.558230441,-0.034840748,1.494972243,0.013677541,-0.740586685,0.018065863,0.671578671,979,619,331,1.555929888,1.554680556,0.851301767,0.851301767,0.000001708,1,0,ok,map,619,331,1102,0,ok,21,TRACKING,321,0,0,-1,0,0,0,nan,nan,0,0,nan,nan,
1750922008.886237144,1,-1.551626698,-0.037223028,1.495264103,0.015044374,-0.736108013,0.019783194,0.676407632,961,601,316,1.631178334,1.654978311,0.795524735,0.795524735,0.000002415,1,0,ok,map,601,316,1102,0,ok,39,TRACKING,321,0,0,-1,0,0,0,nan,nan,0,0,nan,nan,
1750922008.898237228,1,-1.524307008,-0.040181337,1.494862156,0.015640952,-0.732239865,0.018869042,0.680605686,968,582,294,1.674153100,1.748958533,0.798691072,0.798691072,0.000001708,1,0,ok,map,582,294,1102,0,ok,32,TRACKING,322,1,0,-1,0,0,0,nan,nan,0,0,nan,nan,
1750922008.910237312,1,-1.508023467,-0.040353888,1.494657237,0.015589904,-0.727510671,0.017247457,0.685702344,954,616,384,1.468342890,1.415154827,0.818135302,0.818135302,0.000002415,1,0,ok,map,616,384,1041,0,ok,46,TRACKING,322,0,0,-1,0,0,0,nan,nan,0,0,nan,nan,
1750922008.922237396,1,-1.480665743,-0.039223670,1.495517512,0.014706333,-0.722902614,0.015851972,0.690611504,981,607,376,1.462720504,1.470732713,0.794428808,0.794428808,0.000002091,1,0,ok,map,607,376,1041,0,ok,19,TRACKING,322,0,0,-1,0,0,0,nan,nan,0,0,nan,nan,
1750922008.934237480,1,-1.459325991,-0.038041114,1.494324578,0.013873567,-0.718166391,0.015016071,0.695571043,969,593,338,1.508542120,1.546275129,0.797389745,0.797389745,0.000002091,1,0,ok,map,593,338,1041,0,ok,31,TRACKING,322,0,0,-1,0,0,0,nan,nan,0,0,nan,nan,
1750922008.946237564,1,-1.439174364,-0.036160919,1.492545065,0.014528110,-0.713576546,0.015421857,0.700256819,992,591,322,1.596872410,1.559075393,0.756793925,0.756793925,0.000002091,1,0,ok,map,591,322,1041,0,ok,8,TRACKING,322,0,0,-1,0,0,0,nan,nan,0,0,nan,nan,
1750922008.958237648,1,-1.411550239,-0.037005225,1.491575603,0.015012368,-0.709577576,0.015204337,0.704303288,981,588,318,1.584043705,1.557635085,0.785438010,0.785438010,0.000001207,1,0,ok,map,588,318,1041,0,ok,19,TRACKING,323,1,6,48,264,1,0,0.008186727,0.005508701,197,153,0.776649746,1.690253398,ok
1750922008.970237732,1,-1.393213444,-0.032187992,1.470007303,0.015122988,-0.704642168,0.015765018,0.709226462,987,626,295,1.671518759,1.670168210,0.801507842,0.801507842,0.000001708,1,0,ok,map,626,295,895,0,ok,13,TRACKING,323,0,0,-1,0,0,0,nan,nan,0,0,nan,nan,
1750922008.982237816,1,-1.352840436,-0.029378891,1.465343376,0.015689031,-0.699734960,0.015316460,0.714065996,973,614,276,1.577720652,1.552399276,0.794108679,0.794108679,0.000002091,1,0,ok,map,614,276,895,0,ok,27,TRACKING,323,0,0,-1,0,0,0,nan,nan,0,0,nan,nan,
1750922008.994237900,1,-1.346639928,-0.032976098,1.462281780,0.015561070,-0.694624232,0.015616729,0.719034872,982,612,277,1.749046291,1.774256645,0.817673352,0.817673352,0.000001708,1,0,ok,map,612,277,895,0,ok,18,TRACKING,323,0,0,-1,0,0,0,nan,nan,0,0,nan,nan,
1750922009.006237984,1,-1.318311683,-0.029342677,1.456312131,0.015390117,-0.689516968,0.015147201,0.723947551,968,597,268,1.806372722,1.870322701,0.814071635,0.814071635,0.000001708,1,0,ok,map,597,268,895,0,ok,32,TRACKING,323,0,0,-1,0,0,0,nan,nan,0,0,nan,nan,
1750922009.018238068,1,-1.302479327,-0.035117479,1.461890187,0.015418623,-0.684450863,0.014377475,0.728754122,970,588,258,1.751811169,1.812106318,0.805098802,0.805098802,0.000002091,1,0,ok,map,588,258,895,0,ok,30,TRACKING,323,0,0,-1,0,0,0,nan,nan,0,0,nan,nan,
1750922009.030238152,1,-1.258699288,-0.030502992,1.449522231,0.015596524,-0.679331961,0.013793564,0.733535666,976,581,257,1.711222160,1.714615597,0.805727184,0.805727184,0.000000000,1,0,ok,map,581,257,895,0,ok,24,TRACKING,323,0,0,-1,0,0,0,nan,nan,0,0,nan,nan,
1750922009.042238235,1,-1.246783239,-0.028031956,1.448076329,0.014796745,-0.674817810,0.012676936,0.737727101,961,570,234,1.715452853,1.760118574,0.829481203,0.829481203,0.000002415,1,0,ok,map,570,234,895,0,ok,39,TRACKING,324,1,0,-1,0,0,0,nan,nan,0,0,nan,nan,
1750922009.054238319,1,-1.223386049,-0.026273588,1.441361510,0.014935515,-0.669375116,0.013881802,0.742644720,967,606,331,1.499824460,1.419846023,0.851971881,0.851971881,0.000001708,1,0,ok,map,606,331,820,0,ok,33,TRACKING,324,0,0,-1,0,0,0,nan,nan,0,0,nan,nan,
1750922009.066238403,1,-1.213270068,-0.030634965,1.440852024,0.016272832,-0.664251352,0.013868925,0.747203445,975,596,327,1.568018994,1.515214611,0.800696734,0.800696734,0.000002091,1,0,ok,map,596,327,820,0,ok,25,TRACKING,324,0,0,-1,0,0,0,nan,nan,0,0,nan,nan,
1750922009.078238487,1,-1.181226119,-0.033782679,1.434521840,0.015538888,-0.658842789,0.014353689,0.751983174,980,588,287,1.562204058,1.558218887,0.833233327,0.833233327,0.000001708,1,0,ok,map,588,287,820,0,ok,20,TRACKING,324,0,0,-1,0,0,0,nan,nan,0,0,nan,nan,
1750922009.090238571,1,-1.167940430,-0.035127863,1.434113273,0.014433645,-0.653505426,0.014256901,0.756649899,964,572,285,1.596860479,1.592690628,0.822324484,0.822324484,0.000001708,1,0,ok,map,572,285,820,0,ok,36,TRACKING,324,0,0,-1,0,0,0,nan,nan,0,0,nan,nan,
1750922009.102238655,1,-1.149043911,-0.037320571,1.432394312,0.014367499,-0.648969572,0.012808753,0.760570842,949,542,282,1.623209417,1.637415002,0.811653724,0.811653724,0.000000000,1,0,ok,map,542,282,820,0,ok,51,TRACKING,325,1,0,-1,0,0,0,nan,nan,0,0,nan,nan,
1750922009.114238739,1,-1.130987669,-0.038307761,1.426008070,0.014321598,-0.643608628,0.010610696,0.765147200,976,594,373,1.432654726,1.366440291,0.846090756,0.846090756,0.000002091,1,0,ok,map,594,373,771,0,ok,24,TRACKING,325,0,0,-1,0,0,0,nan,nan,0,0,nan,nan,
1750922009.126238823,1,-1.103358093,-0.031271115,1.416168284,0.014028685,-0.638161835,0.010939417,0.769696692,947,565,320,1.426241111,1.346301895,0.814805591,0.814805591,0.000001708,1,0,ok,map,565,320,771,0,ok,53,TRACKING,325,0,0,-1,0,0,0,nan,nan,0,0,nan,nan,
1750922009.138238907,1,-1.083358743,-0.034897002,1.412446115,0.014273327,-0.632714392,0.013073185,0.774143308,968,560,285,1.473042265,1.352443677,0.842540949,0.842540949,0.000002415,1,0,ok,map,560,285,771,0,ok,32,TRACKING,325,0,0,-1,0,0,0,nan,nan,0,0,nan,nan,
1750922009.150238991,1,-1.055539478,-0.033604773,1.402075413,0.012739051,-0.627187133,0.012142080,0.778669755,942,539,273,1.479078032,1.359999137,0.844101401,0.844101401,0.000001708,1,0,ok,map,539,273,771,0,ok,58,TRACKING,325,0,0,-1,0,0,0,nan,nan,0,0,nan,nan,
1750922009.162239075,1,-1.032520763,-0.034310305,1.399050595,0.013086798,-0.622494840,0.010302610,0.782446654,952,525,267,1.441784673,1.312365003,0.821805591,0.821805591,0.000001207,1,0,ok,map,525,267,771,0,ok,48,TRACKING,326,1,0,-1,0,0,0,nan,nan,0,0,nan,nan,
1750922009.174239159,1,-1.015077526,-0.033469826,1.391587899,0.014667548,-0.617140720,0.009785851,0.786655218,944,587,348,1.235446669,1.053894859,0.803323776,0.803323776,0.000001708,1,0,ok,map,587,348,748,0,ok,56,TRACKING,326,0,0,-1,0,0,0,nan,nan,0,0,nan,nan,
1750922009.186239243,1,-0.996208184,-0.037324350,1.383651730,0.014467528,-0.611438499,0.010287717,0.791092798,945,567,303,1.445307080,1.392016943,0.830291120,0.830291120,0.000002415,1,0,ok,map,567,303,748,0,ok,55,TRACKING,326,0,0,-1,0,0,0,nan,nan,0,0,nan,nan,
1750922009.198239326,1,-0.979971535,-0.038189522,1.380790533,0.012979549,-0.605657135,0.009678202,0.795560996,953,546,280,1.423255433,1.304433515,0.857331904,0.857331904,0.000001708,1,0,ok,map,546,280,748,0,ok,47,TRACKING,326,0,0,-1,0,0,0,nan,nan,0,0,nan,nan,
1750922009.210239410,1,-0.957825652,-0.033381618,1.373707916,0.012207644,-0.600171952,0.008989816,0.799727319,935,520,259,1.446172330,1.266833337,0.798164398,0.798164398,0.000002091,1,0,ok,map,520,259,748,0,ok,65,TRACKING,326,0,0,-1,0,0,0,nan,nan,0,0,nan,nan,
1750922009.222239494,1,-0.940744080,-0.038785655,1.367546989,0.013295205,-0.595440168,0.008497332,0.803244694,956,515,249,1.482497645,1.332484362,0.789229578,0.789229578,0.000002091,1,0,ok,map,515,249,748,0,ok,44,TRACKING,327,1,0,-1,0,0,0,nan,nan,0,0,nan,nan,
1750922009.234239578,1,-0.924787058,-0.038548998,1.361989411,0.013873081,-0.589645202,0.008511101,0.807498380,970,632,396,1.169842671,0.925591321,0.826409607,0.826409607,0.000002415,1,0,ok,map,632,396,825,0,ok,30,TRACKING,327,0,0,-1,0,0,0,nan,nan,0,0,nan,nan,
1750922009.246239662,1,-0.899739330,-0.040979271,1.349871618,0.013646584,-0.583942127,0.008557444,0.811635468,968,628,342,1.295587623,1.183198006,0.807803193,0.807803193,0.000001708,1,0,ok,map,628,342,825,0,ok,32,TRACKING,327,0,0,-1,0,0,0,nan,nan,0,0,nan,nan,
1750922009.258239746,1,-0.884434511,-0.040604033,1.344050638,0.012595993,-0.578314854,0.007109317,0.815685434,981,624,340,1.389789589,1.257055609,0.820506414,0.820506414,0.000001708,1,0,ok,map,624,340,825,0,ok,19,TRACKING,327,0,0,-1,0,0,0,nan,nan,0,0,nan,nan,
1750922009.270239830,1,-0.863900924,-0.041374449,1.334931728,0.011825646,-0.572486614,0.006620852,0.819802046,968,614,328,1.439718616,1.263969751,0.824319821,0.824319821,0.000001708,1,0,ok,map,614,328,825,0,ok,32,TRACKING,327,0,0,-1,0,0,0,nan,nan,0,0,nan,nan,
1750922009.282239914,1,-0.843209245,-0.038801293,1.326991954,0.011636203,-0.566688434,0.006298466,0.823825920,980,607,297,1.348008988,1.234970511,0.809883360,0.809883360,0.000001708,1,0,ok,map,607,297,825,0,ok,20,TRACKING,327,0,0,-1,0,0,0,nan,nan,0,0,nan,nan,
1750922009.294239998,1,-0.824921160,-0.039337034,1.316940543,0.012835308,-0.560839577,0.005957388,0.827803560,973,601,294,1.442147588,1.281810628,0.823028808,0.823028808,0.000001708,1,0,ok,map,601,294,825,0,ok,27,TRACKING,327,0,0,-1,0,0,0,nan,nan,0,0,nan,nan,
1750922009.306240082,1,-0.814657086,-0.042371905,1.312775468,0.014226064,-0.555531935,0.006542023,0.831347755,952,583,269,1.444282691,1.319803937,0.842297554,0.842297554,0.000002091,1,0,ok,map,583,269,825,0,ok,48,TRACKING,328,1,0,-1,0,0,0,nan,nan,0,0,nan,nan,
1750922009.318240166,1,-0.796021207,-0.044344259,1.302417487,0.014908938,-0.549710931,0.006552526,0.835196192,947,670,385,1.255941265,1.112673682,0.803459155,0.803459155,0.000002091,1,0,ok,map,670,385,878,0,ok,53,TRACKING,328,0,0,-1,0,0,0,nan,nan,0,0,nan,nan,
1750922009.330240250,1,-0.774236120,-0.046377726,1.289235296,0.013184494,-0.543514366,0.006914936,0.839267828,968,665,367,1.481837014,1.449557900,0.873312251,0.873312251,0.000001708,1,0,ok,map,665,367,878,0,ok,32,TRACKING,328,0,0,-1,0,0,0,nan,nan,0,0,nan,nan,
1750922009.342240334,1,-0.762961414,-0.042927662,1.283801700,0.012282369,-0.537840179,0.005732201,0.842937855,945,646,346,1.481967817,1.450071055,0.792907115,0.792907115,0.000001207,1,0,ok,map,646,346,878,0,ok,55,TRACKING,328,0,0,-1,0,0,0,nan,nan,0,0,nan,nan,
1750922009.354240417,1,-0.743827873,-0.042390166,1.276636342,0.012469954,-0.531817066,0.005710892,0.846748188,960,637,311,1.443550593,1.425274059,0.817001576,0.817001576,0.000001708,1,0,ok,map,637,311,878,0,ok,40,TRACKING,328,0,0,-1,0,0,0,nan,nan,0,0,nan,nan,
1750922009.366240501,1,-0.724578936,-0.044944430,1.263810607,0.013559356,-0.525941964,0.005666467,0.850393488,966,624,300,1.515473638,1.477704885,0.802091868,0.802091868,0.000002415,1,0,ok,map,624,300,878,0,ok,34,TRACKING,328,0,0,-1,0,0,0,nan,nan,0,0,nan,nan,
1750922009.378240585,1,-0.707081255,-0.042521704,1.253369431,0.014095784,-0.519634732,0.005129281,0.854256838,966,613,279,1.532208996,1.474328604,0.852019069,0.852019069,0.000000000,1,0,ok,map,613,279,878,0,ok,34,TRACKING,328,0,0,-1,0,0,0,nan,nan,0,0,nan,nan,
1750922009.390240669,1,-0.684755778,-0.048364465,1.235377874,0.015213180,-0.514151405,0.006726108,0.857538134,955,587,274,1.709126018,1.765281297,0.844382829,0.844382829,0.000001207,1,0,ok,map,587,274,878,0,ok,45,TRACKING,329,1,0,-1,0,0,0,nan,nan,0,0,nan,nan,
1750922009.402240753,1,-0.665773113,-0.049280713,1.223512468,0.015241223,-0.508064258,0.006438244,0.861160243,955,636,325,1.353204220,1.258071377,0.812363616,0.812363616,0.000002415,1,0,ok,map,636,325,892,0,ok,45,TRACKING,329,0,0,-1,0,0,0,nan,nan,0,0,nan,nan,
1750922009.414240837,1,-0.660730408,-0.046400500,1.222415906,0.014955121,-0.501678892,0.005850870,0.864904851,942,610,295,1.404676329,1.334600474,0.851547935,0.851547935,0.000002091,1,0,ok,map,610,295,892,0,ok,58,TRACKING,329,0,0,-1,0,0,0,nan,nan,0,0,nan,nan,
1750922009.426240921,1,-0.642276338,-0.047147893,1.213420243,0.015236052,-0.495487205,0.006118738,0.868460047,947,595,287,1.474717975,1.443043849,0.819368030,0.819368030,0.000001207,1,0,ok,map,595,287,892,0,ok,53,TRACKING,329,0,0,-1,0,0,0,nan,nan,0,0,nan,nan,
1750922009.438241005,1,-0.613995423,-0.045451303,1.192774908,0.015735690,-0.489505052,0.005678508,0.871839978,956,584,284,1.605643352,1.647020770,0.791044783,0.791044783,0.000001708,1,0,ok,map,584,284,892,0,ok,44,TRACKING,329,0,0,-1,0,0,0,nan,nan,0,0,nan,nan,
1750922009.450241089,1,-0.601671254,-0.051428847,1.181158860,0.017341192,-0.483935435,0.005520059,0.874914457,969,575,271,1.632402735,1.699989483,0.826855033,0.826855033,0.000002091,1,0,ok,map,575,271,892,0,ok,31,TRACKING,330,1,0,-1,0,0,0,nan,nan,0,0,nan,nan,
1750922009.462241173,1,-0.583966196,-0.050385607,1.167229377,0.017343114,-0.477661996,0.005308295,0.878356451,947,637,370,1.361476411,1.219632391,0.820338127,0.820338127,0.000001207,1,0,ok,map,637,370,933,0,ok,53,TRACKING,330,0,0,-1,0,0,0,nan,nan,0,0,nan,nan,
1750922009.474241257,1,-0.568473993,-0.050705074,1.157084516,0.017448664,-0.471230809,0.005794118,0.881818290,942,611,352,1.416739863,1.306833888,0.838884637,0.838884637,0.000002415,1,0,ok,map,611,352,933,0,ok,58,TRACKING,330,0,0,-1,0,0,0,nan,nan,0,0,nan,nan,
1750922009.486241341,1,-0.548972548,-0.050794109,1.150623370,0.018130665,-0.465039358,0.005798503,0.885085336,969,601,334,1.526019087,1.514091200,0.806003182,0.806003182,0.000002091,1,0,ok,map,601,334,933,0,ok,31,TRACKING,330,0,0,-1,0,0,0,nan,nan,0,0,nan,nan,
1750922009.498241425,1,-0.537692122,-0.049633243,1.134131658,0.018893558,-0.458621421,0.005839236,0.888411689,949,581,316,1.505047497,1.447152943,0.832966600,0.832966600,0.000001708,1,0,ok,map,581,316,933,0,ok,51,TRACKING,330,0,0,-1,0,0,0,nan,nan,0,0,nan,nan,
1750922009.510241508,1,-0.520101607,-0.052088737,1.126721695,0.020755214,-0.452908214,0.004918648,0.891301957,955,570,304,1.516763142,1.465441146,0.840181180,0.840181180,0.000002091,1,0,ok,map,570,304,933,0,ok,45,TRACKING,331,1,0,-1,0,0,0,nan,nan,0,0,nan,nan,
1750922009.522241592,1,-0.508444498,-0.057027316,1.112389504,0.021195447,-0.446920329,0.004994602,0.894308686,952,614,365,1.400041156,1.353037250,0.769513907,0.769513907,0.000002700,1,0,ok,map,614,365,929,0,ok,48,TRACKING,331,0,0,-1,0,0,0,nan,nan,0,0,nan,nan,
1750922009.534241676,1,-0.488625831,-0.058448468,1.098238692,0.018359457,-0.440244371,0.006504826,0.897666704,930,581,320,1.509951404,1.491077315,0.932135052,0.932135052,0.000001207,1,0,ok,map,581,320,929,0,ok,70,TRACKING,331,0,0,-1,0,0,0,nan,nan,0,0,nan,nan,
1750922009.546241760,1,-0.474786870,-0.052327040,1.090031464,0.016563134,-0.434056729,0.005366055,0.900717283,949,567,296,1.436858428,1.375624048,0.827258590,0.827258590,0.000001708,1,0,ok,map,567,296,929,0,ok,51,TRACKING,331,0,0,-1,0,0,0,nan,nan,0,0,nan,nan,
1750922009.558241844,1,-0.461850125,-0.050924599,1.076439765,0.018579684,-0.428063358,0.004767999,0.903545142,959,554,253,1.458997312,1.404165317,0.796733820,0.796733820,0.000002091,1,0,ok,map,554,253,929,0,ok,41,TRACKING,331,0,0,-1,0,0,0,nan,nan,0,0,nan,nan,
1750922009.570241928,1,-0.439231605,-0.054534574,1.059474209,0.021815000,-0.422268776,0.005765128,0.906189798,986,553,234,1.496008048,1.437400759,0.869966232,0.869966232,0.000001708,1,0,ok,map,553,234,929,0,ok,14,TRACKING,332,1,0,-1,0,0,0,nan,nan,0,0,nan,nan,
1750922009.582242012,1,-0.425351861,-0.056406645,1.042455567,0.022320490,-0.415883349,0.007285676,0.909114819,982,635,340,1.340399976,1.176653584,0.825514591,0.825514591,0.000001207,1,0,ok,map,635,340,941,0,ok,18,TRACKING,332,0,0,-1,0,0,0,nan,nan,0,0,nan,nan,
1750922009.594242096,1,-0.412465063,-0.059241596,1.032039324,0.021637739,-0.409555195,0.007645113,0.911996657,974,622,316,1.487760144,1.485048483,0.801699415,0.801699415,0.000001207,1,0,ok,map,622,316,941,0,ok,26,TRACKING,332,0,0,-1,0,0,0,nan,nan,0,0,nan,nan,
1750922009.606242180,1,-0.400097694,-0.058663021,1.020972273,0.020659640,-0.403342116,0.006895175,0.914790016,966,610,301,1.601386138,1.647992206,0.793288792,0.793288792,0.000001708,1,0,ok,map,610,301,941,0,ok,34,TRACKING,332,0,0,-1,0,0,0,nan,nan,0,0,nan,nan,
1750922009.618242264,1,-0.384374056,-0.054359919,1.001374838,0.020524609,-0.397175325,0.005699849,0.917495511,952,589,263,1.616453590,1.629160067,0.783895293,0.783895293,0.000002091,1,0,ok,map,589,263,941,0,ok,48,TRACKING,332,0,0,-1,0,0,0,nan,nan,0,0,nan,nan,
1750922009.630242348,1,-0.374886674,-0.055364100,0.996694525,0.022667614,-0.391418024,0.006689486,0.919909431,964,579,253,1.551130782,1.579581143,0.811752557,0.811752557,0.000002091,1,0,ok,map,579,253,941,0,ok,36,TRACKING,333,1,14,130,116,1,0,0.007497468,0.005592221,94,64,0.680851064,1.444168495,ok
1750922009.642242432,1,-0.357454819,-0.058429568,0.953326460,0.025161523,-0.385309593,0.008017473,0.922409419,986,649,301,1.484004090,1.436571318,0.822718102,0.822718102,0.000001708,1,0,ok,map,649,301,869,1,ok,14,TRACKING,333,0,0,-1,0,0,0,nan,nan,0,0,nan,nan,
1750922009.654242516,1,-0.344713324,-0.059112563,0.934585730,0.025407162,-0.378890312,0.009113166,0.925047868,979,638,286,1.556489739,1.559456253,0.805650183,0.805650183,0.000000000,1,0,ok,map,638,286,869,0,ok,21,TRACKING,333,0,0,-1,0,0,0,nan,nan,0,0,nan,nan,
1750922009.666242599,1,-0.330712812,-0.061979743,0.919964825,0.024971147,-0.372702088,0.008335720,0.927577550,968,625,264,1.597747121,1.510249761,0.772861288,0.772861288,0.000002415,1,0,ok,map,625,264,869,0,ok,32,TRACKING,333,0,0,-1,0,0,0,nan,nan,0,0,nan,nan,
1750922009.678242683,1,-0.317751898,-0.061918284,0.898182932,0.024036144,-0.366740661,0.006088342,0.929992733,988,621,255,1.610180248,1.592772534,0.788077088,0.788077088,0.000001207,1,0,ok,map,621,255,869,0,ok,12,TRACKING,333,0,0,-1,0,0,0,nan,nan,0,0,nan,nan,
1750922009.690242767,1,-0.305723233,-0.060972252,0.888668400,0.022898112,-0.359908132,0.006586008,0.932683461,977,613,255,1.621398635,1.642182714,0.853430350,0.853430350,0.000001207,1,0,ok,map,613,255,869,0,ok,23,TRACKING,333,0,0,-1,0,0,0,nan,nan,0,0,nan,nan,
1750922009.702242851,1,-0.295866230,-0.057805905,0.876345044,0.023577167,-0.353518809,0.006351894,0.935108669,963,599,252,1.609072063,1.560474804,0.787446525,0.787446525,0.000002091,1,0,ok,map,599,252,869,0,ok,37,TRACKING,333,0,0,-1,0,0,0,nan,nan,0,0,nan,nan,
1750922009.714242935,1,-0.283443837,-0.056750171,0.862410908,0.024997924,-0.346922883,0.007063433,0.937533853,970,595,243,1.584306951,1.541369787,0.825638505,0.825638505,0.000002091,1,0,ok,map,595,243,869,0,ok,30,TRACKING,333,0,0,-1,0,0,0,nan,nan,0,0,nan,nan,
1750922009.726243019,1,-0.271750007,-0.060041678,0.842348377,0.026300920,-0.340539985,0.008028014,0.939827820,969,595,235,1.620005411,1.632356337,0.799123813,0.799123813,0.000001708,1,0,ok,map,595,235,869,0,ok,31,TRACKING,333,0,0,-1,0,0,0,nan,nan,0,0,nan,nan,
1750922009.738243103,1,-0.258825642,-0.060369335,0.821337098,0.025728872,-0.334073309,0.007374884,0.942167003,975,592,222,1.642581104,1.635615826,0.794274875,0.794274875,0.000001708,1,0,ok,map,592,222,869,0,ok,25,TRACKING,333,0,0,-1,0,0,0,nan,nan,0,0,nan,nan,
1750922009.750243187,1,-0.248480933,-0.053390110,0.809773431,0.025071483,-0.327886322,0.007687587,0.944353155,970,587,208,1.660912787,1.724982633,0.796973288,0.796973288,0.000002700,1,0,ok,map,587,208,869,0,ok,30,TRACKING,334,1,0,-1,0,0,0,nan,nan,0,0,nan,nan,
1750922009.762243271,1,-0.238693120,-0.054006637,0.794763727,0.023980257,-0.321410708,0.007288938,0.946608143,974,708,359,1.264291603,1.090129857,0.796954795,0.796954795,0.000001708,1,0,ok,map,708,359,898,0,ok,26,TRACKING,334,0,0,-1,0,0,0,nan,nan,0,0,nan,nan,
1750922009.774243355,1,-0.227418104,-0.053850800,0.774451623,0.023911827,-0.314843709,0.007378479,0.948813586,951,684,347,1.366514900,1.264031696,0.793933046,0.793933046,0.000001708,1,0,ok,map,684,347,898,0,ok,49,TRACKING,334,0,0,-1,0,0,0,nan,nan,0,0,nan,nan,
1750922009.786243439,1,-0.218065802,-0.054411665,0.761669012,0.024895048,-0.308117102,0.007699419,0.950991486,938,655,336,1.488153370,1.434630744,0.818832127,0.818832127,0.000001708,1,0,ok,map,655,336,898,1,ok,62,TRACKING,334,0,0,-1,0,0,0,nan,nan,0,0,nan,nan,
1750922009.798243523,1,-0.204632448,-0.055397377,0.738139254,0.025903990,-0.301637979,0.007820359,0.953038486,959,637,333,1.460036115,1.401679179,0.787286656,0.787286656,0.000001708,1,0,ok,map,637,333,898,0,ok,41,TRACKING,334,0,0,-1,0,0,0,nan,nan,0,0,nan,nan,
1750922009.810243607,1,-0.196276416,-0.054887176,0.724785243,0.025106053,-0.295133522,0.008115928,0.955091630,967,629,312,1.429559071,1.348650831,0.787666885,0.787666885,0.000001207,1,0,ok,map,629,312,898,0,ok,33,TRACKING,334,0,0,-1,0,0,0,nan,nan,0,0,nan,nan,
1750922009.822243690,1,-0.190625031,-0.056150215,0.709753174,0.023815223,-0.288658832,0.006862637,0.957111184,960,614,310,1.567138472,1.637066681,0.804081564,0.804081564,0.000002091,1,0,ok,map,614,310,898,1,ok,40,TRACKING,334,0,0,-1,0,0,0,nan,nan,0,0,nan,nan,
1750922009.834243774,1,-0.179110642,-0.053402805,0.690098523,0.022257367,-0.281734378,0.007184104,0.959207349,965,602,295,1.487444401,1.438099311,0.848848005,0.848848005,0.000002415,1,0,ok,map,602,295,898,1,ok,35,TRACKING,334,0,0,-1,0,0,0,nan,nan,0,0,nan,nan,
1750922009.846243858,1,-0.170396030,-0.050173133,0.673977998,0.022706319,-0.275339600,0.007426078,0.961050145,968,585,269,1.686181590,1.684002093,0.790304111,0.790304111,0.000002091,1,0,ok,map,585,269,898,0,ok,32,TRACKING,335,1,0,-1,0,0,0,nan,nan,0,0,nan,nan,
1750922009.858243942,1,-0.161056155,-0.050135052,0.655912297,0.024192398,-0.268640378,0.007224068,0.962909595,985,676,390,1.298447686,1.185240420,0.815023838,0.815023838,0.000001708,1,0,ok,map,676,390,890,0,ok,15,TRACKING,335,0,0,-1,0,0,0,nan,nan,0,0,nan,nan,
1750922009.870244026,1,-0.150399099,-0.050087739,0.631280858,0.024905505,-0.261798125,0.007462696,0.964772391,971,659,371,1.294776356,1.180938536,0.817160007,0.817160007,0.000002415,1,0,ok,map,659,371,890,0,ok,29,TRACKING,335,0,0,-1,0,0,0,nan,nan,0,0,nan,nan,
1750922009.882244110,1,-0.143440774,-0.051795428,0.617933369,0.024036129,-0.255010434,0.007861734,0.966607540,964,639,347,1.483858000,1.474910873,0.813162407,0.813162407,0.000001708,1,0,ok,map,639,347,890,0,ok,36,TRACKING,335,0,0,-1,0,0,0,nan,nan,0,0,nan,nan,
1750922009.894244194,1,-0.135727804,-0.050704180,0.596954958,0.022025769,-0.248385580,0.006171718,0.968391129,963,618,317,1.449170886,1.433372797,0.841821629,0.841821629,0.000001708,1,0,ok,map,618,317,890,1,ok,37,TRACKING,335,0,0,-1,0,0,0,nan,nan,0,0,nan,nan,
1750922009.906244278,1,-0.128202256,-0.043966560,0.581252239,0.021387422,-0.241806389,0.005956634,0.970070496,952,587,289,1.538288940,1.426132783,0.805029740,0.805029740,0.000001207,1,0,ok,map,587,289,890,0,ok,48,TRACKING,336,1,0,-1,0,0,0,nan,nan,0,0,nan,nan,
1750922009.918244362,1,-0.121909313,-0.044453266,0.564758061,0.022811775,-0.234945281,0.006176835,0.971721248,928,645,400,1.211521588,1.105496973,0.825355855,0.825355855,0.000001207,1,0,ok,map,645,400,942,0,ok,72,TRACKING,336,0,0,-1,0,0,0,nan,nan,0,0,nan,nan,
1750922009.930244446,1,-0.113723797,-0.046811904,0.542829264,0.023196721,-0.228177199,0.006823078,0.973319333,956,634,392,1.298752189,1.171833493,0.801541698,0.801541698,0.000001708,1,0,ok,map,634,392,942,0,ok,44,TRACKING,336,0,0,-1,0,0,0,nan,nan,0,0,nan,nan,
1750922009.942244530,1,-0.107633968,-0.045412215,0.531103771,0.022965740,-0.221421209,0.007506807,0.974878901,937,597,355,1.279909033,1.173062068,0.798832964,0.798832964,0.000001708,1,0,ok,map,597,355,942,0,ok,63,TRACKING,336,0,0,-1,0,0,0,nan,nan,0,0,nan,nan,
1750922009.954244614,1,-0.100857750,-0.043845201,0.513649302,0.022647974,-0.214941235,0.006771985,0.976340860,938,575,342,1.308826558,1.159544462,0.766723648,0.766723648,0.000001708,1,0,ok,map,575,342,942,0,ok,62,TRACKING,336,0,0,-1,0,0,0,nan,nan,0,0,nan,nan,
1750922009.966244698,1,-0.094223249,-0.041940284,0.498867396,0.022979090,-0.208622776,0.005737395,0.977709354,925,544,325,1.278917142,1.111825724,0.776444183,0.776444183,0.000001708,1,0,ok,map,544,325,942,0,ok,75,TRACKING,337,1,0,-1,0,0,0,nan,nan,0,0,nan,nan,
1750922009.978244781,1,-0.087665941,-0.040819789,0.475765916,0.022670126,-0.201608640,0.006266425,0.979183718,946,563,388,1.163196569,0.979324235,0.824322016,0.824322016,0.000001207,1,0,ok,map,563,388,930,0,ok,54,TRACKING,337,0,0,-1,0,0,0,nan,nan,0,0,nan,nan,
1750922009.990244865,1,-0.082623758,-0.042237704,0.458001713,0.022581167,-0.194881892,0.005788691,0.980549657,958,553,378,1.235483688,1.059054062,0.788530368,0.788530368,0.000002091,1,0,ok,map,553,378,930,0,ok,42,TRACKING,337,0,0,-1,0,0,0,nan,nan,0,0,nan,nan,
1750922010.002244949,1,-0.076867516,-0.037439345,0.446105030,0.022116631,-0.187869744,0.006333728,0.981924487,959,537,350,1.411802451,1.346677154,0.822935390,0.822935390,0.000001708,1,0,ok,map,537,350,930,0,ok,41,TRACKING,337,0,0,-1,0,0,0,nan,nan,0,0,nan,nan,
1750922010.014245033,1,-0.071905202,-0.039721872,0.423034005,0.023861439,-0.181410515,0.006284259,0.983097841,958,522,339,1.365994681,1.301728318,0.778424883,0.778424883,0.000002091,1,0,ok,map,522,339,930,0,ok,42,TRACKING,337,0,0,-1,0,0,0,nan,nan,0,0,nan,nan,
1750922010.026245117,1,-0.066718901,-0.037622939,0.399484130,0.023584208,-0.174569601,0.006029673,0.984343884,980,515,326,1.371787947,1.329192835,0.812619450,0.812619450,0.000001708,1,0,ok,map,515,326,930,1,ok,20,TRACKING,338,1,0,-1,0,0,0,nan,nan,0,0,nan,nan,
1750922010.038245201,1,-0.062288966,-0.036085197,0.377469430,0.022919325,-0.167403788,0.006322624,0.985601695,958,614,460,1.110341359,1.011021154,0.837844488,0.837844488,0.000002091,1,0,ok,map,614,460,939,0,ok,42,TRACKING,338,0,0,-1,0,0,0,nan,nan,0,0,nan,nan,
1750922010.050245285,1,-0.058121214,-0.035757249,0.360220110,0.023039040,-0.160470693,0.006764332,0.986748501,870,560,443,1.182092874,1.060693324,0.806976971,0.806976971,0.000002415,1,0,ok,map,560,443,939,0,ok,130,TRACKING,338,0,0,-1,0,0,0,nan,nan,0,0,nan,nan,
1750922010.062245369,1,-0.054937225,-0.036602391,0.341182648,0.023107493,-0.153620366,0.007009347,0.987834853,881,526,433,1.261987717,1.154395018,0.795335148,0.795335148,0.000002415,1,0,ok,map,526,433,939,2,ok,119,TRACKING,338,0,0,-1,0,0,0,nan,nan,0,0,nan,nan,
1750922010.074245453,1,-0.051094485,-0.034611033,0.324038528,0.022931134,-0.146588453,0.006777089,0.988908519,907,524,434,1.302898389,1.208408146,0.815822821,0.815822821,0.000000000,1,0,ok,map,524,434,939,1,ok,93,TRACKING,338,0,0,-1,0,0,0,nan,nan,0,0,nan,nan,
1750922010.086245537,1,-0.047754073,-0.033237545,0.303789706,0.023197278,-0.139986597,0.006401384,0.989860930,965,524,429,1.316996146,1.193487644,0.783785287,0.783785287,0.000002091,1,0,ok,map,524,429,939,1,ok,35,TRACKING,339,1,0,-1,0,0,0,nan,nan,0,0,nan,nan,
1750922010.098245621,1,-0.044452042,-0.033029847,0.283942691,0.023255428,-0.132943181,0.006989134,0.990826144,968,638,554,1.018058846,0.832074496,0.817467647,0.817467647,0.000000000,1,0,ok,map,638,554,980,0,ok,32,TRACKING,339,0,0,-1,0,0,0,nan,nan,0,0,nan,nan,
1750922010.110245705,1,-0.041971416,-0.033773282,0.262238624,0.023077169,-0.126296585,0.007025494,0.991699178,977,638,545,1.158267713,1.018147306,0.768470245,0.768470245,0.000001708,1,0,ok,map,638,545,980,0,ok,23,TRACKING,339,0,0,-1,0,0,0,nan,nan,0,0,nan,nan,
1750922010.122245789,1,-0.039111219,-0.034189332,0.243300303,0.022641245,-0.119459347,0.006943139,0.992556614,971,628,538,1.242511444,1.148358090,0.791262955,0.791262955,0.000000000,1,0,ok,map,628,538,980,0,ok,29,TRACKING,339,0,0,-1,0,0,0,nan,nan,0,0,nan,nan,
1750922010.134245872,1,-0.036916713,-0.035177373,0.222906011,0.022084397,-0.112862255,0.006160562,0.993346082,977,625,528,1.252565314,1.119853017,0.769280340,0.769280340,0.000001708,1,0,ok,map,625,528,980,0,ok,23,TRACKING,339,0,0,-1,0,0,0,nan,nan,0,0,nan,nan,
1750922010.146245956,1,-0.035471101,-0.034983047,0.202613694,0.021254867,-0.106059298,0.006207215,0.994113236,981,622,529,1.226357699,1.080270185,0.790260130,0.790260130,0.000002091,1,0,ok,map,622,529,980,0,ok,19,TRACKING,339,0,0,-1,0,0,0,nan,nan,0,0,nan,nan,
1750922010.158246040,1,-0.034648278,-0.035591204,0.182369154,0.020661776,-0.099371302,0.007040135,0.994810973,971,619,521,1.255810290,1.099304720,0.779406454,0.779406454,0.000002091,1,0,ok,map,619,521,980,0,ok,29,TRACKING,339,0,0,-1,0,0,0,nan,nan,0,0,nan,nan,
1750922010.170246124,1,-0.033435733,-0.034867819,0.163452298,0.020293592,-0.092576719,0.007518405,0.995470338,975,619,498,1.274708228,1.127550807,0.785312565,0.785312565,0.000001207,1,0,ok,map,619,498,980,1,ok,25,TRACKING,339,0,0,-1,0,0,0,nan,nan,0,0,nan,nan,
1750922010.182246208,1,-0.032487579,-0.035689750,0.143163901,0.019838950,-0.086142324,0.006115589,0.996066522,983,615,492,1.311137876,1.179095992,0.759523659,0.759523659,0.000001708,1,0,ok,map,615,492,980,0,ok,17,TRACKING,339,0,0,-1,0,0,0,nan,nan,0,0,nan,nan,
1750922010.194246292,1,-0.031064528,-0.034103505,0.122582361,0.018994656,-0.079159456,0.005754898,0.996664369,986,613,477,1.384817516,1.281784615,0.809968673,0.809968673,0.000001207,1,0,ok,map,613,477,980,0,ok,14,TRACKING,339,0,0,-1,0,0,0,nan,nan,0,0,nan,nan,
1750922010.206246376,1,-0.031627675,-0.036253526,0.100586494,0.019583613,-0.072429624,0.006479131,0.997160194,993,613,467,1.393016049,1.328581073,0.780637210,0.780637210,0.000001708,1,0,ok,map,613,467,980,0,ok,7,TRACKING,339,0,0,-1,0,0,0,nan,nan,0,0,nan,nan,
1750922010.218246460,1,-0.031773298,-0.036795485,0.080271378,0.019567934,-0.065485330,0.006318057,0.997641644,992,613,464,1.432751183,1.378563873,0.797884825,0.797884825,0.000001708,1,0,ok,map,613,464,980,0,ok,8,TRACKING,339,0,0,-1,0,0,0,nan,nan,0,0,nan,nan,
1750922010.230246544,1,-0.031936524,-0.037680692,0.058184597,0.018788801,-0.058541933,0.005484001,0.998093056,993,613,449,1.414132512,1.301333363,0.807991910,0.807991910,0.000001708,1,0,ok,map,613,449,980,0,ok,7,TRACKING,339,0,0,-1,0,0,0,nan,nan,0,0,nan,nan,
1750922010.242246628,1,-0.031970052,-0.034309116,0.044022747,0.016909847,-0.051830731,0.004545828,0.998502362,990,613,441,1.467351827,1.374097455,0.795363603,0.795363603,0.000001708,1,0,ok,map,613,441,980,0,ok,10,TRACKING,340,1,0,-1,0,0,0,nan,nan,0,0,nan,nan,
1750922010.254246712,1,-0.033727351,-0.034911855,0.023561576,0.016162953,-0.044879248,0.005071566,0.998848783,987,704,531,1.217098016,1.079961827,0.804409742,0.804409742,0.000001708,1,0,ok,map,704,531,968,0,ok,13,TRACKING,340,0,0,-1,0,0,0,nan,nan,0,0,nan,nan,
1750922010.266246796,1,-0.035516000,-0.032579538,0.002789595,0.015317716,-0.037650569,0.006144357,0.999154667,996,704,432,1.452098965,1.344487146,0.843731056,0.843731056,0.000002091,1,0,ok,map,704,432,968,0,ok,4,TRACKING,340,0,0,-1,0,0,0,nan,nan,0,0,nan,nan,
1750922010.278246880,1,-0.036565579,-0.034946695,-0.016743746,0.017091260,-0.031136417,0.006970188,0.999344700,968,704,432,1.540834728,1.488849109,0.779710504,0.779710504,0.000001207,1,0,ok,map,704,432,968,0,ok,32,TRACKING,340,0,0,-1,0,0,0,nan,nan,0,0,nan,nan,
1750922010.290246964,1,-0.037686334,-0.034813316,-0.038240540,0.016485623,-0.024528197,0.005582161,0.999547613,978,703,426,1.535586430,1.451398395,0.777225972,0.777225972,0.000000000,1,0,ok,map,703,426,968,0,ok,22,TRACKING,340,0,0,-1,0,0,0,nan,nan,0,0,nan,nan,
1750922010.302247047,1,-0.039221211,-0.035321847,-0.056986236,0.014881071,-0.017454285,0.004763825,0.999725566,988,701,409,1.542596322,1.459434648,0.836725491,0.836725491,0.000001207,1,0,ok,map,701,409,968,0,ok,12,TRACKING,340,0,0,-1,0,0,0,nan,nan,0,0,nan,nan,
1750922010.314247131,1,-0.042525813,-0.036438472,-0.074720733,0.013804700,-0.010492126,0.004581025,0.999839167,978,691,392,1.523363444,1.463916602,0.807661213,0.807661213,0.000001708,1,0,ok,map,691,392,968,0,ok,22,TRACKING,340,0,0,-1,0,0,0,nan,nan,0,0,nan,nan,
1750922010.326247215,1,-0.045926097,-0.038784552,-0.100914204,0.013578554,-0.003364353,0.005167732,0.999888793,990,686,376,1.493420886,1.402214720,0.819976040,0.819976040,0.000001708,1,0,ok,map,686,376,968,0,ok,10,TRACKING,340,0,0,-1,0,0,0,nan,nan,0,0,nan,nan,
1750922010.338247299,1,-0.047120294,-0.037791634,-0.115942086,0.012391670,0.003542165,0.003954743,0.999909126,992,684,360,1.465475451,1.392180535,0.814976083,0.814976083,0.000002415,1,0,ok,map,684,360,968,0,ok,8,TRACKING,340,0,0,-1,0,0,0,nan,nan,0,0,nan,nan,
1750922010.350247383,1,-0.051094581,-0.036722669,-0.141695039,0.012779461,0.010378126,0.003505290,0.999858336,987,680,339,1.468822513,1.425246928,0.786314499,0.786314499,0.000000000,1,0,ok,map,680,339,968,0,ok,13,TRACKING,340,0,0,-1,0,0,0,nan,nan,0,0,nan,nan,
1750922010.362247467,1,-0.055357253,-0.037091745,-0.156655530,0.014055587,0.017480795,0.003960410,0.999740555,976,660,328,1.543721656,1.562252451,0.828693051,0.828693051,0.000002091,1,0,ok,map,660,328,968,0,ok,24,TRACKING,340,0,0,-1,0,0,0,nan,nan,0,0,nan,nan,
1750922010.374247551,1,-0.058767641,-0.039201270,-0.175255572,0.015405472,0.024460824,0.005036967,0.999569392,957,631,327,1.593148053,1.587959104,0.824195305,0.824195305,0.000002091,1,0,ok,map,631,327,968,0,ok,43,TRACKING,340,0,0,-1,0,0,0,nan,nan,0,0,nan,nan,
1750922010.386247635,1,-0.062919905,-0.040135931,-0.192436452,0.014057150,0.031432573,0.003848724,0.999399608,961,605,307,1.539986487,1.549910541,0.825252011,0.825252011,0.000001708,1,0,ok,map,605,307,968,0,ok,39,TRACKING,340,0,0,-1,0,0,0,nan,nan,0,0,nan,nan,
1750922010.398247719,1,-0.068009308,-0.036108508,-0.212090107,0.009739026,0.038384043,0.002745018,0.999211830,981,597,286,1.599403685,1.555938193,0.885004684,0.885004684,0.000002091,1,0,ok,map,597,286,968,0,ok,19,TRACKING,341,1,0,-1,0,0,0,nan,nan,0,0,nan,nan,
1750922010.410247803,1,-0.072429878,-0.034830122,-0.228594937,0.011188974,0.046167291,0.003922560,0.998863355,972,706,332,1.442551487,1.405296456,0.918089971,0.918089971,0.000001207,1,0,ok,map,706,332,955,0,ok,28,TRACKING,341,0,0,-1,0,0,0,nan,nan,0,0,nan,nan,
1750922010.422247887,1,-0.076514044,-0.037851126,-0.242942158,0.014511650,0.053011489,0.004147022,0.998479843,940,676,318,1.434275055,1.311071359,0.873312180,0.873312180,0.000002091,1,0,ok,map,676,318,955,0,ok,60,TRACKING,341,0,0,-1,0,0,0,nan,nan,0,0,nan,nan,
1750922010.434247971,1,-0.081979377,-0.038498068,-0.263705227,0.013027646,0.060522629,0.002947086,0.998077455,943,629,305,1.484213845,1.369059552,0.889259748,0.889259748,0.000002091,1,0,ok,map,629,305,955,0,ok,57,TRACKING,341,0,0,-1,0,0,0,nan,nan,0,0,nan,nan,
1750922010.446248055,1,-0.087355664,-0.036807907,-0.282125122,0.012001590,0.067303045,0.002305856,0.997657729,984,626,292,1.563146165,1.510730150,0.790717948,0.790717948,0.000002415,1,0,ok,map,626,292,955,0,ok,16,TRACKING,341,0,0,-1,0,0,0,nan,nan,0,0,nan,nan,
1750922010.458248138,1,-0.092723262,-0.039276141,-0.305667290,0.013254541,0.074311644,0.002408063,0.997144071,972,616,271,1.527360730,1.486332340,0.818065476,0.818065476,0.000000000,1,0,ok,map,616,271,955,0,ok,28,TRACKING,341,0,0,-1,0,0,0,nan,nan,0,0,nan,nan,
1750922010.470248222,1,-0.098115762,-0.040205579,-0.321604572,0.012648619,0.081393611,0.002646836,0.996598257,970,605,273,1.481224543,1.404521215,0.817356303,0.817356303,0.000001708,1,0,ok,map,605,273,955,0,ok,30,TRACKING,341,0,0,-1,0,0,0,nan,nan,0,0,nan,nan,
1750922010.482248306,1,-0.103889643,-0.037877267,-0.340358071,0.010001404,0.088176482,0.002137438,0.996052364,973,595,260,1.489090220,1.341058061,0.803166878,0.803166878,0.000002091,1,0,ok,map,595,260,955,0,ok,27,TRACKING,342,1,0,-1,0,0,0,nan,nan,0,0,nan,nan,
1750922010.494248390,1,-0.110957404,-0.037876026,-0.360214133,0.010128963,0.095200824,0.002359402,0.995403758,974,723,407,1.222874071,1.065765173,0.808888240,0.808888240,0.000001207,1,0,ok,map,723,407,1015,0,ok,26,TRACKING,342,0,0,-1,0,0,0,nan,nan,0,0,nan,nan,
1750922010.506248474,1,-0.118122429,-0.037939039,-0.376523920,0.010439611,0.101831633,0.001220083,0.994746121,952,691,397,1.412370517,1.349815036,0.775462706,0.775462706,0.000001207,1,0,ok,map,691,397,1015,0,ok,48,TRACKING,342,0,0,-1,0,0,0,nan,nan,0,0,nan,nan,
1750922010.518248558,1,-0.124465917,-0.038635115,-0.396046185,0.010941838,0.108834337,0.001058502,0.993999116,968,678,373,1.437721217,1.351833290,0.809266529,0.809266529,0.000001708,1,0,ok,map,678,373,1015,0,ok,32,TRACKING,342,0,0,-1,0,0,0,nan,nan,0,0,nan,nan,
1750922010.530248642,1,-0.130018409,-0.039422851,-0.411417492,0.010874407,0.115844069,0.001241502,0.993207107,946,645,360,1.415282649,1.329756647,0.808677618,0.808677618,0.000001708,1,0,ok,map,645,360,1015,0,ok,54,TRACKING,342,0,0,-1,0,0,0,nan,nan,0,0,nan,nan,
1750922010.542248726,1,-0.138232389,-0.042368868,-0.432275520,0.011154988,0.122420169,0.000484770,0.992415555,977,638,352,1.362809137,1.313580628,0.764620182,0.764620182,0.000001708,1,0,ok,map,638,352,1015,0,ok,23,TRACKING,342,0,0,-1,0,0,0,nan,nan,0,0,nan,nan,
1750922010.554248810,1,-0.146268849,-0.042619556,-0.452517950,0.009200069,0.129210306,-0.001023624,0.991574005,986,632,335,1.304433588,1.202880887,0.833541150,0.833541150,0.000000000,1,0,ok,map,632,335,1015,0,ok,14,TRACKING,342,0,0,-1,0,0,0,nan,nan,0,0,nan,nan,
1750922010.566248894,1,-0.152501863,-0.043274614,-0.467029348,0.008042151,0.135949312,-0.000627824,0.990682953,973,611,318,1.358761398,1.231076967,0.791476904,0.791476904,0.000002091,1,0,ok,map,611,318,1015,0,ok,27,TRACKING,342,0,0,-1,0,0,0,nan,nan,0,0,nan,nan,
1750922010.578248978,1,-0.161536845,-0.041120052,-0.484715499,0.005785263,0.142438496,0.000965338,0.989786277,948,578,301,1.406448158,1.349001377,0.785450266,0.785450266,0.000002091,1,0,ok,map,578,301,1015,0,ok,52,TRACKING,343,1,11,277,110,1,0,0.009082034,0.005807329,104,62,0.596153846,1.395796717,ok
1750922010.590249062,1,-0.171093758,-0.035383112,-0.507643278,0.005140246,0.149246979,0.001141646,0.988785929,948,623,277,1.639876937,1.619504711,0.792286471,0.792286471,0.000002091,1,0,ok,map,623,277,1036,0,ok,52,TRACKING,343,0,0,-1,0,0,0,nan,nan,0,0,nan,nan,
1750922010.602249146,1,-0.177343149,-0.035503407,-0.522631943,0.007460191,0.155207689,-0.002385046,0.987850814,950,596,265,1.663481178,1.615409493,0.843820817,0.843820817,0.000000000,1,0,ok,map,596,265,1036,0,ok,50,TRACKING,343,0,0,-1,0,0,0,nan,nan,0,0,nan,nan,
1750922010.614249229,1,-0.186788207,-0.037451272,-0.541737803,0.010387253,0.161753494,-0.003799158,0.986769212,944,565,236,1.631232605,1.582394478,0.846622093,0.846622093,0.000001708,1,0,ok,map,565,236,1036,0,ok,56,TRACKING,343,0,0,-1,0,0,0,nan,nan,0,0,nan,nan,
1750922010.626249313,1,-0.198299271,-0.040555942,-0.562185277,0.009790115,0.168935486,-0.002072027,0.985576309,957,539,218,1.564807641,1.482879101,0.860153393,0.860153393,0.000002091,1,0,ok,map,539,218,1036,0,ok,43,TRACKING,343,0,0,-1,0,0,0,nan,nan,0,0,nan,nan,
1750922010.638249397,1,-0.205084644,-0.041921311,-0.576421961,0.007197542,0.175392905,-0.002226048,0.984469689,971,522,209,1.589932022,1.532472820,0.840385208,0.840385208,0.000001207,1,0,ok,map,522,209,1036,0,ok,29,TRACKING,344,1,0,-1,0,0,0,nan,nan,0,0,nan,nan,
1750922010.650249481,1,-0.215238187,-0.040625164,-0.594994705,0.004242770,0.181738503,-0.003290837,0.983332236,959,564,295,1.273462618,1.060067554,0.821750834,0.821750834,0.000001708,1,0,ok,map,564,295,1016,0,ok,41,TRACKING,344,0,0,-1,0,0,0,nan,nan,0,0,nan,nan,
1750922010.662249565,1,-0.223464409,-0.041075184,-0.610944306,0.005517486,0.188349850,-0.003526401,0.982080168,967,553,283,1.453521850,1.342361596,0.785250452,0.785250452,0.000002091,1,0,ok,map,553,283,1016,0,ok,33,TRACKING,344,0,0,-1,0,0,0,nan,nan,0,0,nan,nan,
1750922010.674249649,1,-0.232999385,-0.041675977,-0.627080906,0.006388343,0.194607958,-0.004135108,0.980851585,961,532,270,1.468110847,1.371084084,0.740889026,0.740889026,0.000001207,1,0,ok,map,532,270,1016,0,ok,39,TRACKING,344,0,0,-1,0,0,0,nan,nan,0,0,nan,nan,
1750922010.686249733,1,-0.244629334,-0.042074668,-0.646956553,0.006579505,0.201267739,-0.003955247,0.979506183,975,524,263,1.452279235,1.399125188,0.779154010,0.779154010,0.000001708,1,0,ok,map,524,263,1016,0,ok,25,TRACKING,344,0,0,-1,0,0,0,nan,nan,0,0,nan,nan,
1750922010.698249817,1,-0.256600927,-0.042838758,-0.668405926,0.006808502,0.207486823,-0.004205766,0.978205078,977,519,260,1.481014255,1.394850319,0.755016692,0.755016692,0.000002415,1,0,ok,map,519,260,1016,0,ok,23,TRACKING,345,1,0,-1,0,0,0,nan,nan,0,0,nan,nan,
1750922010.710249901,1,-0.266632986,-0.044560828,-0.684610891,0.006561487,0.213755815,-0.005231235,0.976851080,970,540,334,1.150410758,0.942720081,0.744812656,0.744812656,0.000001708,1,0,ok,map,540,334,913,0,ok,30,TRACKING,345,0,0,-1,0,0,0,nan,nan,0,0,nan,nan,
1750922010.722249985,1,-0.277974284,-0.044644687,-0.703105573,0.005153954,0.220330774,-0.005745327,0.975394678,988,537,325,1.307074330,1.209961660,0.790572355,0.790572355,0.000001708,1,0,ok,map,537,325,913,0,ok,12,TRACKING,345,0,0,-1,0,0,0,nan,nan,0,0,nan,nan,
1750922010.734250069,1,-0.290292327,-0.045018903,-0.720134994,0.005566689,0.226533464,-0.006533415,0.973965562,977,533,312,1.466636600,1.396595768,0.736488664,0.736488664,0.000001207,1,0,ok,map,533,312,913,0,ok,23,TRACKING,345,0,0,-1,0,0,0,nan,nan,0,0,nan,nan,
1750922010.746250153,1,-0.300432670,-0.046141939,-0.736007532,0.006402702,0.232797878,-0.005979224,0.972485682,966,527,300,1.435727069,1.336741074,0.746510290,0.746510290,0.000001207,1,0,ok,map,527,300,913,0,ok,34,TRACKING,345,0,0,-1,0,0,0,nan,nan,0,0,nan,nan,
1750922010.758250237,1,-0.312929703,-0.045413019,-0.755267261,0.006583679,0.239004270,-0.005894173,0.970978307,980,525,294,1.411985405,1.293620233,0.757832237,0.757832237,0.000001708,1,0,ok,map,525,294,913,0,ok,20,TRACKING,346,1,0,-1,0,0,0,nan,nan,0,0,nan,nan,
1750922010.770250320,1,-0.323854983,-0.046504661,-0.770821057,0.007133864,0.245211543,-0.007064167,0.969417611,982,531,342,1.127974981,0.917581495,0.748255194,0.748255194,0.000001708,1,0,ok,map,531,342,761,0,ok,18,TRACKING,346,0,0,-1,0,0,0,nan,nan,0,0,nan,nan,
1750922010.782250404,1,-0.336525413,-0.047834578,-0.786892440,0.007511749,0.251494710,-0.007801956,0.967798075,971,516,329,1.197188460,1.015042747,0.749575709,0.749575709,0.000001708,1,0,ok,map,516,329,761,0,ok,29,TRACKING,346,0,0,-1,0,0,0,nan,nan,0,0,nan,nan,
1750922010.794250488,1,-0.347832746,-0.048599816,-0.802614571,0.007484269,0.258102103,-0.007756450,0.966057518,920,478,312,1.290285895,1.141238289,0.783006700,0.783006700,0.000001708,1,0,ok,map,478,312,761,0,ok,80,TRACKING,346,0,0,-1,0,0,0,nan,nan,0,0,nan,nan,
1750922010.806250572,1,-0.360629286,-0.049185488,-0.818147472,0.007393951,0.264604863,-0.008016395,0.964295252,974,473,296,1.317849625,1.126857481,0.772684988,0.772684988,0.000001207,1,0,ok,map,473,296,761,0,ok,26,TRACKING,346,0,0,-1,0,0,0,nan,nan,0,0,nan,nan,
1750922010.818250656,1,-0.374954659,-0.050312897,-0.837450913,0.007024908,0.271240510,-0.007930630,0.962453293,981,472,291,1.331065855,1.199134240,0.816388165,0.816388165,0.000000000,1,0,ok,map,472,291,761,0,ok,19,TRACKING,347,1,0,-1,0,0,0,nan,nan,0,0,nan,nan,
1750922010.830250740,1,-0.386866348,-0.050047633,-0.852139293,0.007206994,0.277757264,-0.008448264,0.960587106,975,476,331,1.164218060,0.959304679,0.779323818,0.779323818,0.000001708,1,0,ok,map,476,331,579,0,ok,25,TRACKING,347,0,0,-1,0,0,0,nan,nan,0,0,nan,nan,
1750922010.842250824,1,-0.399295635,-0.050967031,-0.867432089,0.007874920,0.283975048,-0.009972262,0.958747470,977,473,316,1.210496840,1.052155497,0.767112915,0.767112915,0.000001708,1,0,ok,map,473,316,579,0,ok,23,TRACKING,347,0,0,-1,0,0,0,nan,nan,0,0,nan,nan,
1750922010.854250908,1,-0.411113483,-0.052376717,-0.880592921,0.008344387,0.290198246,-0.010352031,0.956874174,977,467,297,1.255075743,1.115249634,0.747943301,0.747943301,0.000002415,1,0,ok,map,467,297,579,0,ok,23,TRACKING,347,0,0,-1,0,0,0,nan,nan,0,0,nan,nan,
1750922010.866250992,1,-0.424570506,-0.051600575,-0.895023849,0.007958875,0.297149988,-0.009876477,0.954746561,973,461,291,1.328712040,1.197072984,0.836035158,0.836035158,0.000000000,1,0,ok,map,461,291,579,0,ok,27,TRACKING,347,0,0,-1,0,0,0,nan,nan,0,0,nan,nan,
1750922010.878251076,1,-0.438246028,-0.051896036,-0.911570669,0.008580061,0.303358883,-0.009591671,0.952789468,969,457,280,1.272757719,1.206911057,0.768899731,0.768899731,0.000002091,1,0,ok,map,457,280,579,0,ok,31,TRACKING,348,1,0,-1,0,0,0,nan,nan,0,0,nan,nan,
1750922010.890251160,1,-0.451669939,-0.052389775,-0.926237432,0.009083642,0.309633475,-0.010597566,0.950753538,969,469,317,1.067005760,0.889902507,0.766831600,0.766831600,0.000002415,1,0,ok,map,469,317,541,0,ok,31,TRACKING,348,0,0,-1,0,0,0,nan,nan,0,0,nan,nan,
1750922010.902251244,1,-0.463288535,-0.053507826,-0.938587295,0.009820232,0.315853620,-0.011548656,0.948686820,960,456,310,1.137175578,0.966894832,0.763637524,0.763637524,0.000000000,1,0,ok,map,456,310,541,0,ok,40,TRACKING,348,0,0,-1,0,0,0,nan,nan,0,0,nan,nan,
1750922010.914251328,1,-0.476250330,-0.054090291,-0.951857720,0.008927298,0.322321177,-0.012491703,0.946505847,840,397,291,1.132199511,0.938427676,0.796166518,0.796166518,0.000001207,1,0,ok,map,397,291,541,1,ok,160,TRACKING,348,0,0,-1,0,0,0,nan,nan,0,0,nan,nan,
1750922010.926251411,1,-0.490118885,-0.055176916,-0.965389506,0.008755144,0.328595933,-0.012434227,0.944348161,932,397,280,1.218158589,1.016815836,0.760643476,0.760643476,0.000002415,1,0,ok,map,397,280,541,1,ok,68,TRACKING,348,0,0,-1,0,0,0,nan,nan,0,0,nan,nan,
1750922010.938251495,1,-0.507864432,-0.055683451,-0.983370845,0.008237350,0.334803580,-0.012422646,0.942170041,967,391,274,1.215581137,1.065412055,0.776300313,0.776300313,0.000001207,1,0,ok,map,391,274,541,0,ok,33,TRACKING,349,1,0,-1,0,0,0,nan,nan,0,0,nan,nan,
1750922010.950251579,1,-0.521559676,-0.054831658,-0.996233795,0.008439234,0.341140535,-0.012299576,0.939893949,974,450,363,1.080139571,0.886399808,0.772058675,0.772058675,0.000002415,1,0,ok,map,450,363,563,0,ok,26,TRACKING,349,0,0,-1,0,0,0,nan,nan,0,0,nan,nan,
1750922010.962251663,1,-0.536189891,-0.054982270,-1.009448101,0.008883683,0.347422620,-0.013202229,0.937573626,976,446,355,1.190519743,1.068895981,0.776022417,0.776022417,0.000001708,1,0,ok,map,446,355,563,0,ok,24,TRACKING,349,0,0,-1,0,0,0,nan,nan,0,0,nan,nan,
1750922010.974251747,1,-0.552183196,-0.056484453,-1.023270799,0.009570323,0.353680960,-0.013207120,0.935223909,966,442,354,1.227183420,1.114867142,0.770066134,0.770066134,0.000001708,1,0,ok,map,442,354,563,0,ok,34,TRACKING,349,0,0,-1,0,0,0,nan,nan,0,0,nan,nan,
1750922010.986251831,1,-0.568041864,-0.057932837,-1.036153536,0.009414070,0.359967741,-0.013215832,0.932823640,969,433,343,1.225439304,1.151083455,0.771342992,0.771342992,0.000001708,1,0,ok,map,433,343,563,0,ok,31,TRACKING,349,0,0,-1,0,0,0,nan,nan,0,0,nan,nan,
1750922010.998251915,1,-0.584491299,-0.058777342,-1.051236902,0.008909509,0.366180990,-0.012831509,0.930412519,962,425,331,1.227828601,1.126862452,0.781333158,0.781333158,0.000001708,1,0,ok,map,425,331,563,0,ok,38,TRACKING,350,1,0,-1,0,0,0,nan,nan,0,0,nan,nan,
1750922011.010251999,1,-0.599367256,-0.057801085,-1.063903256,0.008083871,0.372646002,-0.013225095,0.927844117,974,435,375,1.092042966,0.883852472,0.804020181,0.804020181,0.000000000,1,0,ok,map,435,375,536,0,ok,26,TRACKING,350,0,0,-1,0,0,0,nan,nan,0,0,nan,nan,
1750922011.022252083,1,-0.615342868,-0.058459131,-1.076533583,0.008684206,0.379070429,-0.014252908,0.925217298,957,432,365,1.265448187,1.119405092,0.806959322,0.806959322,0.000000000,1,0,ok,map,432,365,536,0,ok,43,TRACKING,350,0,0,-1,0,0,0,nan,nan,0,0,nan,nan,
1750922011.034252167,1,-0.629850168,-0.059467514,-1.088579026,0.009671327,0.385200000,-0.015213787,0.922657014,964,430,346,1.235356973,1.114963205,0.777405216,0.777405216,0.000001708,1,0,ok,map,430,346,536,0,ok,36,TRACKING,350,0,0,-1,0,0,0,nan,nan,0,0,nan,nan,
1750922011.046252251,1,-0.647129233,-0.060421291,-1.100499322,0.009166308,0.391589348,-0.014837143,0.919974793,858,428,334,1.332850685,1.222181696,0.797339695,0.797339695,0.000001207,1,0,ok,map,428,334,536,0,ok,142,TRACKING,350,0,0,-1,0,0,0,nan,nan,0,0,nan,nan,
1750922011.058252335,1,-0.664570363,-0.061595793,-1.114714525,0.008740489,0.398118636,-0.013184696,0.917197536,957,427,327,1.334218276,1.232915040,0.842187255,0.842187255,0.000001207,1,0,ok,map,427,327,536,0,ok,43,TRACKING,351,1,0,-1,0,0,0,nan,nan,0,0,nan,nan,
1750922011.070252419,1,-0.678543883,-0.060516525,-1.124905405,0.007941560,0.404200036,-0.013118175,0.914542058,969,484,389,1.126682324,0.960864612,0.765947250,0.765947250,0.000002415,1,0,ok,map,484,389,564,0,ok,31,TRACKING,351,0,0,-1,0,0,0,nan,nan,0,0,nan,nan,
1750922011.082252502,1,-0.696449697,-0.061043497,-1.138230854,0.008353382,0.410263663,-0.014426198,0.911814582,972,483,380,1.298450110,1.150119258,0.777935741,0.777935741,0.000001708,1,0,ok,map,483,380,564,0,ok,28,TRACKING,351,0,0,-1,0,0,0,nan,nan,0,0,nan,nan,
1750922011.094252586,1,-0.711913771,-0.062050184,-1.148459875,0.008741026,0.416183069,-0.016064593,0.909096902,977,481,363,1.307971662,1.205379537,0.770920443,0.770920443,0.000002091,1,0,ok,map,481,363,564,0,ok,23,TRACKING,351,0,0,-1,0,0,0,nan,nan,0,0,nan,nan,
1750922011.106252670,1,-0.727552973,-0.063125284,-1.159061925,0.008945654,0.422657008,-0.015984782,0.906104583,971,479,361,1.388038298,1.288016291,0.817659609,0.817659609,0.000001708,1,0,ok,map,479,361,564,0,ok,29,TRACKING,351,0,0,-1,0,0,0,nan,nan,0,0,nan,nan,
1750922011.118252754,1,-0.746455999,-0.063719518,-1.173463352,0.009185388,0.428893751,-0.015538838,0.903174581,957,475,354,1.381019556,1.275353830,0.788213709,0.788213709,0.000001708,1,0,ok,map,475,354,564,0,ok,43,TRACKING,352,1,0,-1,0,0,0,nan,nan,0,0,nan,nan,
1750922011.130252838,1,-0.764352200,-0.063388921,-1.185097292,0.008042534,0.434979496,-0.016328157,0.900256379,962,528,430,1.149761410,0.967289614,0.789614206,0.789614206,0.000001708,1,0,ok,map,528,430,552,0,ok,38,TRACKING,352,0,0,-1,0,0,0,nan,nan,0,0,nan,nan,
1750922011.142252922,1,-0.782526156,-0.063326284,-1.196248080,0.008264698,0.441043410,-0.016840739,0.897289694,970,522,412,1.280941708,1.136360979,0.776221823,0.776221823,0.000001708,1,0,ok,map,522,412,552,0,ok,30,TRACKING,352,0,0,-1,0,0,0,nan,nan,0,0,nan,nan,
1750922011.154253006,1,-0.798897951,-0.063964551,-1.205957368,0.008022333,0.447073226,-0.017668514,0.894286865,966,515,397,1.270920510,1.115352181,0.778209108,0.778209108,0.000001708,1,0,ok,map,515,397,552,0,ok,34,TRACKING,352,0,0,-1,0,0,0,nan,nan,0,0,nan,nan,
1750922011.166253090,1,-0.814181038,-0.065169010,-1.214754828,0.008431337,0.453484427,-0.017017359,0.891061837,958,502,386,1.304081832,1.149027300,0.827092462,0.827092462,0.000002415,1,0,ok,map,502,386,552,0,ok,42,TRACKING,352,0,0,-1,0,0,0,nan,nan,0,0,nan,nan,
1750922011.178253174,1,-0.834967146,-0.064271999,-1.227905369,0.008332428,0.459843227,-0.016986981,0.887798524,956,491,367,1.270096114,1.124272344,0.808556732,0.808556732,0.000002415,1,0,ok,map,491,367,552,0,ok,44,TRACKING,353,1,7,215,214,1,0,0.007320134,0.005889266,118,100,0.847457627,1.189455153,ok
1750922011.190253258,1,-0.850767827,-0.065779461,-1.228443140,0.008363096,0.466015421,-0.017436773,0.884565229,942,506,375,1.540764892,1.529946507,0.800121825,0.800121825,0.000000000,1,0,ok,map,506,375,560,0,ok,58,TRACKING,353,0,0,-1,0,0,0,nan,nan,0,0,nan,nan,
1750922011.202253342,1,-0.866394484,-0.065579158,-1.237190300,0.008592890,0.472229530,-0.018528561,0.881238972,949,505,359,1.562198025,1.505713698,0.817738773,0.817738773,0.000001207,1,0,ok,map,505,359,560,0,ok,51,TRACKING,353,0,0,-1,0,0,0,nan,nan,0,0,nan,nan,
1750922011.214253426,1,-0.889418959,-0.066021250,-1.248376709,0.010343873,0.478591867,-0.018748098,0.877776360,970,495,354,1.523440258,1.507913552,0.854329113,0.854329113,0.000002415,1,0,ok,map,495,354,560,0,ok,30,TRACKING,353,0,0,-1,0,0,0,nan,nan,0,0,nan,nan,
1750922011.226253510,1,-0.904529518,-0.066308261,-1.257064268,0.010248671,0.485033295,-0.018697333,0.874235710,957,478,336,1.500735077,1.502913522,0.842384979,0.842384979,0.000001708,1,0,ok,map,478,336,560,0,ok,43,TRACKING,353,0,0,-1,0,0,0,nan,nan,0,0,nan,nan,
1750922011.238253593,1,-0.926441196,-0.068277240,-1.267653243,0.009815526,0.491132692,-0.019145353,0.870819034,977,466,333,1.549334925,1.511622344,0.800928732,0.800928732,0.000001207,1,0,ok,map,466,333,560,0,ok,23,TRACKING,354,1,0,-1,0,0,0,nan,nan,0,0,nan,nan,
1750922011.250253677,1,-0.942718197,-0.068599148,-1.274697438,0.008351578,0.497275091,-0.019430087,0.867335118,978,500,400,1.201617652,1.077611739,0.827055634,0.827055634,0.000001207,1,0,ok,map,500,400,593,0,ok,22,TRACKING,354,0,0,-1,0,0,0,nan,nan,0,0,nan,nan,
1750922011.262253761,1,-0.962088095,-0.068348986,-1.283676338,0.007660461,0.503659114,-0.019098351,0.863657378,969,500,394,1.249717979,1.084348146,0.848824675,0.848824675,0.000000000,1,0,ok,map,500,394,593,0,ok,31,TRACKING,354,0,0,-1,0,0,0,nan,nan,0,0,nan,nan,
1750922011.274253845,1,-0.982810914,-0.066686424,-1.291511301,0.007492943,0.509724897,-0.019899800,0.860074638,962,496,388,1.290282310,1.128506684,0.812714576,0.812714576,0.000000000,1,0,ok,map,496,388,593,0,ok,38,TRACKING,354,0,0,-1,0,0,0,nan,nan,0,0,nan,nan,
1750922011.286253929,1,-0.999022792,-0.067859395,-1.299015751,0.009432312,0.515841076,-0.020149885,0.856395351,974,494,376,1.273233767,1.105374173,0.848045270,0.848045270,0.000001708,1,0,ok,map,494,376,593,0,ok,26,TRACKING,354,0,0,-1,0,0,0,nan,nan,0,0,nan,nan,
1750922011.298254013,1,-1.019897787,-0.069341318,-1.308524617,0.009931753,0.521958989,-0.020432081,0.852667992,975,494,369,1.336067780,1.129461041,0.814839866,0.814839866,0.000002700,1,0,ok,map,494,369,593,0,ok,25,TRACKING,355,1,0,-1,0,0,0,nan,nan,0,0,nan,nan,
1750922011.310254097,1,-1.038759037,-0.070163606,-1.315268273,0.009778182,0.527878824,-0.021012810,0.849003413,942,544,426,1.125366131,0.947974638,0.800786058,0.800786058,0.000000000,1,0,ok,map,544,426,637,0,ok,58,TRACKING,355,0,0,-1,0,0,0,nan,nan,0,0,nan,nan,
1750922011.322254181,1,-1.056419533,-0.070416499,-1.322517815,0.008443301,0.533720942,-0.021428733,0.845346956,940,528,421,1.241372575,1.063131860,0.805857445,0.805857445,0.000002415,1,0,ok,map,528,421,637,0,ok,60,TRACKING,355,0,0,-1,0,0,0,nan,nan,0,0,nan,nan,
1750922011.334254265,1,-1.075488350,-0.069719045,-1.328981563,0.007511457,0.539503978,-0.021620155,0.841671910,939,513,402,1.252797103,1.117269192,0.792710563,0.792710563,0.000001207,1,0,ok,map,513,402,637,0,ok,61,TRACKING,355,0,0,-1,0,0,0,nan,nan,0,0,nan,nan,
1750922011.346254349,1,-1.094202980,-0.070611406,-1.335040623,0.008110721,0.545510645,-0.021890768,0.837778698,949,507,383,1.250355150,1.107789761,0.823703154,0.823703154,0.000000000,1,0,ok,map,507,383,637,0,ok,51,TRACKING,355,0,0,-1,0,0,0,nan,nan,0,0,nan,nan,
1750922011.358254433,1,-1.113049470,-0.072968716,-1.343417585,0.009047095,0.551534592,-0.022291962,0.833805021,975,504,372,1.187172309,1.013640640,0.821306064,0.821306064,0.000001708,1,0,ok,map,504,372,637,0,ok,25,TRACKING,356,1,0,-1,0,0,0,nan,nan,0,0,nan,nan,
1750922011.370254517,1,-1.133058882,-0.073126270,-1.350153527,0.008183970,0.557312657,-0.022701823,0.829951958,965,541,436,1.036932836,0.827504924,0.803329354,0.803329354,0.000001207,1,0,ok,map,541,436,664,0,ok,35,TRACKING,356,0,0,-1,0,0,0,nan,nan,0,0,nan,nan,
1750922011.382254601,1,-1.152679714,-0.073204214,-1.355728515,0.007254870,0.562905238,-0.022999771,0.826169517,960,539,422,1.071413293,0.874641220,0.781712743,0.781712743,0.000002415,1,0,ok,map,539,422,664,0,ok,40,TRACKING,356,0,0,-1,0,0,0,nan,nan,0,0,nan,nan,
1750922011.394254684,1,-1.172919486,-0.073284086,-1.361285062,0.006795983,0.568634178,-0.022904857,0.822243488,947,532,405,1.105384208,0.970594597,0.797661232,0.797661232,0.000002415,1,0,ok,map,532,405,664,0,ok,53,TRACKING,356,0,0,-1,0,0,0,nan,nan,0,0,nan,nan,
1750922011.406254768,1,-1.194073992,-0.073894365,-1.366622419,0.006778738,0.574493767,-0.022067299,0.818183350,968,532,401,1.201136999,1.065283582,0.822520969,0.822520969,0.000001708,1,0,ok,map,532,401,664,0,ok,32,TRACKING,356,0,0,-1,0,0,0,nan,nan,0,0,nan,nan,
1750922011.418254852,1,-1.213384477,-0.074115627,-1.372991763,0.006736482,0.580314450,-0.021559212,0.814079209,944,530,384,1.246378731,1.105880557,0.796307499,0.796307499,0.000002415,1,0,ok,map,530,384,664,0,ok,56,TRACKING,357,1,0,-1,0,0,0,nan,nan,0,0,nan,nan,
1750922011.430254936,1,-1.233754845,-0.074682449,-1.378227318,0.006868818,0.585778665,-0.022231877,0.810136975,973,559,425,1.051385163,0.861109432,0.776090524,0.776090524,0.000001708,1,0,ok,map,559,425,643,0,ok,27,TRACKING,357,0,0,-1,0,0,0,nan,nan,0,0,nan,nan,
1750922011.442255020,1,-1.252911829,-0.075279677,-1.382127369,0.005995955,0.591205489,-0.022758735,0.806177498,944,549,416,1.079377578,0.877584432,0.778611579,0.778611579,0.000002415,1,0,ok,map,549,416,643,0,ok,56,TRACKING,357,0,0,-1,0,0,0,nan,nan,0,0,nan,nan,
1750922011.454255104,1,-1.272915229,-0.074857460,-1.386405598,0.005961909,0.597043408,-0.022560164,0.801869480,953,537,407,1.146444533,1.019614866,0.831725924,0.831725924,0.000002091,1,0,ok,map,537,407,643,0,ok,47,TRACKING,357,0,0,-1,0,0,0,nan,nan,0,0,nan,nan,
1750922011.466255188,1,-1.293053061,-0.073596212,-1.390448287,0.005531410,0.602369244,-0.023394556,0.797855496,951,520,398,1.219567868,1.096215198,0.771757889,0.771757889,0.000002091,1,0,ok,map,520,398,643,0,ok,49,TRACKING,357,0,0,-1,0,0,0,nan,nan,0,0,nan,nan,
1750922011.478255272,1,-1.313725884,-0.074895505,-1.396479704,0.006670284,0.608000258,-0.024265552,0.793537886,977,515,388,1.232788499,1.054602042,0.802381722,0.802381722,0.000001708,1,0,ok,map,515,388,643,1,ok,23,TRACKING,358,1,0,-1,0,0,0,nan,nan,0,0,nan,nan,
1750922011.490255356,1,-1.333707805,-0.074548715,-1.399773904,0.007150110,0.613451542,-0.024835165,0.789309379,957,634,520,1.010059819,0.795815284,0.795166795,0.795166795,0.000001207,1,0,ok,map,634,520,730,0,ok,43,TRACKING,358,0,0,-1,0,0,0,nan,nan,0,0,nan,nan,
1750922011.502255440,1,-1.353483495,-0.077128187,-1.403258694,0.007757847,0.618942528,-0.024473494,0.785016568,977,630,503,1.081224846,0.918326337,0.802791341,0.802791341,0.000001708,1,0,ok,map,630,503,730,0,ok,23,TRACKING,358,0,0,-1,0,0,0,nan,nan,0,0,nan,nan,
1750922011.514255524,1,-1.371637993,-0.076377791,-1.406152008,0.005964606,0.624341936,-0.023749273,0.780767278,983,623,481,1.145060561,1.016444788,0.817950258,0.817950258,0.000002415,1,0,ok,map,623,481,730,0,ok,17,TRACKING,358,0,0,-1,0,0,0,nan,nan,0,0,nan,nan,
1750922011.526255608,1,-1.393508549,-0.075124210,-1.408487585,0.004990964,0.629615571,-0.023819980,0.776525551,948,615,445,1.181724600,1.064652654,0.783563486,0.783563486,0.000002091,1,0,ok,map,615,445,730,0,ok,52,TRACKING,358,0,0,-1,0,0,0,nan,nan,0,0,nan,nan,
1750922011.538255692,1,-1.410106174,-0.075516889,-1.409869744,0.004639934,0.635051381,-0.025172359,0.772045703,977,606,427,1.187696410,1.088408226,0.822903392,0.822903392,0.000000000,1,0,ok,map,606,427,730,0,ok,23,TRACKING,358,0,0,-1,0,0,0,nan,nan,0,0,nan,nan,
1750922011.550255775,1,-1.432466740,-0.074914394,-1.413688506,0.005928149,0.640882719,-0.026339967,0.767163870,939,589,419,1.150147155,0.985550583,0.856857863,0.856857863,0.000002091,1,0,ok,map,589,419,730,0,ok,61,TRACKING,359,1,0,-1,0,0,0,nan,nan,0,0,nan,nan,
1750922011.562255859,1,-1.450751933,-0.075801434,-1.416582565,0.008168700,0.646366706,-0.026821373,0.762511618,963,688,536,1.046156674,0.849089187,0.864917002,0.864917002,0.000000000,1,0,ok,map,688,536,791,0,ok,37,TRACKING,359,0,0,-1,0,0,0,nan,nan,0,0,nan,nan,
1750922011.574255943,1,-1.470587480,-0.077701488,-1.418027245,0.008973668,0.651417631,-0.027733033,0.758159232,952,670,510,1.146830582,1.006907562,0.776643225,0.776643225,0.000001708,1,0,ok,map,670,510,791,0,ok,48,TRACKING,359,0,0,-1,0,0,0,nan,nan,0,0,nan,nan,
1750922011.586256027,1,-1.491981574,-0.076117993,-1.418933554,0.006754277,0.656584212,-0.027703649,0.753713514,935,654,480,1.237301320,1.125195484,0.821428446,0.821428446,0.000002091,1,0,ok,map,654,480,791,0,ok,65,TRACKING,359,0,0,-1,0,0,0,nan,nan,0,0,nan,nan,
1750922011.598256111,1,-1.508087264,-0.074158163,-1.419488032,0.005549188,0.661825065,-0.027852089,0.749120185,981,652,472,1.219440614,1.102349200,0.810606218,0.810606218,0.000002091,1,0,ok,map,652,472,791,0,ok,19,TRACKING,359,0,0,-1,0,0,0,nan,nan,0,0,nan,nan,
1750922011.610256195,1,-1.528479804,-0.074384049,-1.419293428,0.007269788,0.667313493,-0.027811043,0.744222008,983,650,468,1.270779112,1.138785463,0.865734502,0.865734502,0.000001708,1,0,ok,map,650,468,791,0,ok,17,TRACKING,359,0,0,-1,0,0,0,nan,nan,0,0,nan,nan,
1750922011.622256279,1,-1.544625313,-0.075521729,-1.420290300,0.007595571,0.672526990,-0.028466169,0.739485924,956,640,450,1.224301633,1.100395378,0.811471491,0.811471491,0.000002415,1,0,ok,map,640,450,791,0,ok,44,TRACKING,359,0,0,-1,0,0,0,nan,nan,0,0,nan,nan,
1750922011.634256363,1,-1.564136275,-0.075179601,-1.421515594,0.007580817,0.677807242,-0.028893762,0.734632578,980,632,433,1.209690500,1.060604055,0.823301189,0.823301189,0.000002415,1,0,ok,map,632,433,791,0,ok,20,TRACKING,359,0,0,-1,0,0,0,nan,nan,0,0,nan,nan,
1750922011.646256447,1,-1.590820496,-0.077589263,-1.420693212,0.007162495,0.682847964,-0.030070340,0.729906248,972,620,411,1.232488176,1.081815830,0.804646579,0.804646579,0.000002091,1,0,ok,map,620,411,791,0,ok,28,TRACKING,359,0,0,-1,0,0,0,nan,nan,0,0,nan,nan,
1750922011.658256531,1,-1.606671002,-0.074122702,-1.418662258,0.005744626,0.688065753,-0.028875923,0.725050825,961,608,412,1.311926739,1.199329396,0.843923694,0.843923694,0.000001708,1,0,ok,map,608,412,791,0,ok,39,TRACKING,359,0,0,-1,0,0,0,nan,nan,0,0,nan,nan,
1750922011.670256615,1,-1.631982523,-0.073875069,-1.419535814,0.006745136,0.693697622,-0.028910704,0.719654281,954,593,397,1.341576177,1.335514075,0.842174362,0.842174362,0.000002091,1,0,ok,map,593,397,791,1,ok,46,TRACKING,360,1,0,-1,0,0,0,nan,nan,0,0,nan,nan,
1750922011.682256699,1,-1.650622934,-0.074732768,-1.418431883,0.007685981,0.698633145,-0.029529227,0.714829126,962,685,521,1.128789274,0.995611614,0.801399602,0.801399602,0.000002415,1,0,ok,map,685,521,837,1,ok,38,TRACKING,360,0,0,-1,0,0,0,nan,nan,0,0,nan,nan,
1750922011.694256783,1,-1.670088865,-0.075222546,-1.417865137,0.007641372,0.703770674,-0.029740164,0.709763320,982,680,506,1.210100375,1.088226689,0.827151910,0.827151910,0.000002700,1,0,ok,map,680,506,837,1,ok,18,TRACKING,360,0,0,-1,0,0,0,nan,nan,0,0,nan,nan,
1750922011.706256866,1,-1.691468950,-0.073287994,-1.415314419,0.007701356,0.708731830,-0.029916021,0.704801330,993,678,495,1.295221291,1.172400126,0.804340747,0.804340747,0.000002091,1,0,ok,map,678,495,837,0,ok,7,TRACKING,360,0,0,-1,0,0,0,nan,nan,0,0,nan,nan,
1750922011.718256950,1,-1.710773438,-0.076479097,-1.413330020,0.008179556,0.713533325,-0.030267581,0.699919397,992,674,482,1.306762925,1.221525131,0.787604015,0.787604015,0.000001708,1,0,ok,map,674,482,837,0,ok,8,TRACKING,360,0,0,-1,0,0,0,nan,nan,0,0,nan,nan,
1750922011.730257034,1,-1.728544885,-0.074037744,-1.410302672,0.007313625,0.718540391,-0.029688043,0.694812808,985,671,475,1.331726407,1.246874274,0.828187823,0.828187823,0.000000000,1,0,ok,map,671,475,837,0,ok,15,TRACKING,360,0,0,-1,0,0,0,nan,nan,0,0,nan,nan,
1750922011.742257118,1,-1.746406733,-0.073246399,-1.407550425,0.007791587,0.723557244,-0.030123964,0.689562726,988,665,460,1.368729784,1.238104658,0.835425814,0.835425814,0.000002700,1,0,ok,map,665,460,837,0,ok,12,TRACKING,360,0,0,-1,0,0,0,nan,nan,0,0,nan,nan,
1750922011.754257202,1,-1.766247761,-0.072586876,-1.406323766,0.008711311,0.728416978,-0.030776073,0.684387063,979,650,446,1.386452032,1.268490977,0.823751982,0.823751982,0.000001207,1,0,ok,map,650,446,837,1,ok,21,TRACKING,360,0,0,-1,0,0,0,nan,nan,0,0,nan,nan,
1750922011.766257286,1,-1.788262166,-0.074389547,-1.402566479,0.009708226,0.732944314,-0.032258826,0.679454010,968,631,430,1.475294508,1.425656762,0.794115123,0.794115123,0.000002700,1,0,ok,map,631,430,837,0,ok,32,TRACKING,360,0,0,-1,0,0,0,nan,nan,0,0,nan,nan,
1750922011.778257370,1,-1.796718710,-0.079342391,-1.400850361,0.009341520,0.737611130,-0.031741336,0.674414593,981,624,403,1.411861048,1.299227868,0.790410658,0.790410658,0.000002415,1,0,ok,map,624,403,837,0,ok,19,TRACKING,360,0,0,-1,0,0,0,nan,nan,0,0,nan,nan,
1750922011.790257454,1,-1.817063682,-0.078252611,-1.399237711,0.008046287,0.742422151,-0.030494570,0.669189576,985,619,388,1.422569921,1.400572534,0.839566153,0.839566153,0.000000000,1,0,ok,map,619,388,837,0,ok,15,TRACKING,360,0,0,-1,0,0,0,nan,nan,0,0,nan,nan,
1750922011.802257538,1,-1.843789984,-0.075254893,-1.392102519,0.006687597,0.746997565,-0.029628434,0.664132569,972,608,383,1.432027800,1.376372116,0.802993023,0.802993023,0.000002091,1,0,ok,map,608,383,837,0,ok,28,TRACKING,360,0,0,-1,0,0,0,nan,nan,0,0,nan,nan,
1750922011.814257622,1,-1.863232839,-0.072772318,-1.390149479,0.008229795,0.752476858,-0.028763436,0.657938837,978,593,359,1.492015094,1.423977202,0.882471014,0.882471014,0.000001708,1,0,ok,map,593,359,837,0,ok,22,TRACKING,361,1,0,-1,0,0,0,nan,nan,0,0,nan,nan,
1750922011.826257706,1,-1.881455661,-0.072521766,-1.386626965,0.009760741,0.757193169,-0.030283104,0.652415639,957,663,453,1.176759679,1.000708150,0.868198545,0.868198545,0.000002415,1,0,ok,map,663,453,914,0,ok,43,TRACKING,361,0,0,-1,0,0,0,nan,nan,0,0,nan,nan,
1750922011.838257790,1,-1.904152205,-0.077208017,-1.382969443,0.011222914,0.761657427,-0.031650406,0.647109158,977,652,423,1.309003615,1.164668760,0.827094063,0.827094063,0.000001207,1,0,ok,map,652,423,914,0,ok,23,TRACKING,361,0,0,-1,0,0,0,nan,nan,0,0,nan,nan,
1750922011.850257874,1,-1.911733723,-0.082223117,-1.378189651,0.009242734,0.766148498,-0.031649612,0.641817227,960,634,396,1.467029684,1.409190480,0.827090762,0.827090762,0.000001708,1,0,ok,map,634,396,914,0,ok,40,TRACKING,361,0,0,-1,0,0,0,nan,nan,0,0,nan,nan,
1750922011.862257957,1,-1.931428234,-0.079644052,-1.371788930,0.007371364,0.770412014,-0.030612446,0.636768302,968,621,393,1.465555561,1.406075317,0.795954785,0.795954785,0.000001708,1,0,ok,map,621,393,914,0,ok,32,TRACKING,361,0,0,-1,0,0,0,nan,nan,0,0,nan,nan,
1750922011.874258041,1,-1.949205139,-0.077204647,-1.365188854,0.008054655,0.774960184,-0.030042050,0.631244257,963,610,383,1.474316273,1.408486113,0.826278919,0.826278919,0.000002091,1,0,ok,map,610,383,914,0,ok,37,TRACKING,361,0,0,-1,0,0,0,nan,nan,0,0,nan,nan,
1750922011.886258125,1,-1.970589865,-0.077652787,-1.358428426,0.008198048,0.779267441,-0.030311726,0.625904342,966,606,371,1.448655562,1.425762290,0.786941443,0.786941443,0.000002091,1,0,ok,map,606,371,914,0,ok,34,TRACKING,361,0,0,-1,0,0,0,nan,nan,0,0,nan,nan,
1750922011.898258209,1,-1.989769813,-0.077253662,-1.355412051,0.008439575,0.784311395,-0.030421697,0.619563500,963,593,361,1.517832372,1.510642590,0.826920784,0.826920784,0.000001207,1,0,ok,map,593,361,914,0,ok,37,TRACKING,362,1,0,-1,0,0,0,nan,nan,0,0,nan,nan,
1750922011.910258293,1,-2.009573963,-0.079718969,-1.348971334,0.007792295,0.788396574,-0.031520718,0.614309830,948,644,433,1.299473020,1.217083392,0.776494027,0.776494027,0.000001708,1,0,ok,map,644,433,952,0,ok,52,TRACKING,362,0,0,-1,0,0,0,nan,nan,0,0,nan,nan,
1750922011.922258377,1,-2.026500483,-0.079748241,-1.341330672,0.006541868,0.792642004,-0.031223905,0.608852137,972,635,420,1.395306123,1.305591425,0.805913184,0.805913184,0.000001708,1,0,ok,map,635,420,952,0,ok,28,TRACKING,362,0,0,-1,0,0,0,nan,nan,0,0,nan,nan,
1750922011.934258461,1,-2.048672305,-0.079543203,-1.333702260,0.006795539,0.797158578,-0.030272774,0.602972289,970,622,408,1.471741836,1.375464125,0.857075344,0.857075344,0.000000000,1,0,ok,map,622,408,952,0,ok,30,TRACKING,362,0,0,-1,0,0,0,nan,nan,0,0,nan,nan,
1750922011.946258545,1,-2.065943798,-0.077958435,-1.325529815,0.006295235,0.801457353,-0.029059624,0.597312331,967,606,395,1.490634487,1.419604026,0.828211243,0.828211243,0.000002091,1,0,ok,map,606,395,952,1,ok,33,TRACKING,362,0,0,-1,0,0,0,nan,nan,0,0,nan,nan,
1750922011.958258629,1,-2.090097435,-0.077855521,-1.319669558,0.006857311,0.806296772,-0.029532461,0.590733719,950,590,379,1.473436315,1.394223044,0.822162745,0.822162745,0.000001708,1,0,ok,map,590,379,952,1,ok,50,TRACKING,363,1,15,21,187,1,0,0.006954561,0.005966263,159,110,0.691823899,1.241663088,ok
1750922011.970258713,1,-2.100730171,-0.075672953,-1.317651064,0.006553453,0.810224141,-0.030607744,0.585283743,959,649,395,1.560722626,1.509669372,0.780361067,0.780361067,0.000000000,1,0,ok,map,649,395,955,0,ok,41,TRACKING,363,0,0,-1,0,0,0,nan,nan,0,0,nan,nan,
1750922011.982258797,1,-2.119505225,-0.078558529,-1.310278666,0.007475518,0.814396066,-0.030569857,0.579455476,963,630,353,1.662605541,1.671115088,0.828121398,0.828121398,0.000000000,1,0,ok,map,630,353,955,0,ok,37,TRACKING,363,0,0,-1,0,0,0,nan,nan,0,0,nan,nan,
1750922011.994258881,1,-2.139624529,-0.077998519,-1.295981522,0.007456819,0.818470270,-0.029677935,0.573733417,960,607,334,1.693731871,1.729040386,0.811395533,0.811395533,0.000002415,1,0,ok,map,607,334,955,0,ok,40,TRACKING,363,0,0,-1,0,0,0,nan,nan,0,0,nan,nan,
1750922012.006258965,1,-2.153190093,-0.076679712,-1.291146114,0.007783507,0.822643842,-0.028772754,0.567775180,959,593,320,1.734687679,1.740210321,0.840867959,0.840867959,0.000001207,1,0,ok,map,593,320,955,0,ok,41,TRACKING,363,0,0,-1,0,0,0,nan,nan,0,0,nan,nan,
1750922012.018259048,1,-2.173301198,-0.078585581,-1.280535737,0.007345814,0.826243628,-0.029514898,0.562491224,960,571,308,1.701884142,1.706823958,0.767216345,0.767216345,0.000001207,1,0,ok,map,571,308,955,0,ok,40,TRACKING,364,1,0,-1,0,0,0,nan,nan,0,0,nan,nan,
1750922012.030259132,1,-2.189785983,-0.080158632,-1.270332824,0.007084045,0.830150823,-0.029825421,0.556695493,959,603,357,1.508068931,1.395530810,0.802319431,0.802319431,0.000002415,1,0,ok,map,603,357,895,0,ok,41,TRACKING,364,0,0,-1,0,0,0,nan,nan,0,0,nan,nan,
1750922012.042259216,1,-2.205167180,-0.080673591,-1.262038091,0.006948734,0.834083265,-0.028812204,0.550841791,962,584,341,1.603506703,1.570737624,0.816540753,0.816540753,0.000002091,1,0,ok,map,584,341,895,0,ok,38,TRACKING,364,0,0,-1,0,0,0,nan,nan,0,0,nan,nan,
1750922012.054259300,1,-2.219533663,-0.079702907,-1.253727634,0.007138565,0.837982823,-0.027866095,0.544937895,926,546,314,1.686966511,1.674286677,0.818298576,0.818298576,0.000000000,1,0,ok,map,546,314,895,0,ok,74,TRACKING,364,0,0,-1,0,0,0,nan,nan,0,0,nan,nan,
1750922012.066259384,1,-2.238260904,-0.079583747,-1.242940605,0.007208676,0.841731443,-0.028168101,0.539112949,938,534,287,1.685977995,1.673842562,0.794562307,0.794562307,0.000001708,1,0,ok,map,534,287,895,0,ok,62,TRACKING,364,0,0,-1,0,0,0,nan,nan,0,0,nan,nan,
1750922012.078259468,1,-2.258832489,-0.078741160,-1.232422507,0.005874470,0.845173470,-0.028741165,0.533686464,924,500,288,1.601346008,1.578999377,0.781344334,0.781344334,0.000002415,1,0,ok,map,500,288,895,0,ok,76,TRACKING,365,1,0,-1,0,0,0,nan,nan,0,0,nan,nan,
1750922012.090259552,1,-2.276374136,-0.079803461,-1.222013567,0.006359194,0.848928198,-0.028719834,0.527688968,929,542,364,1.314161888,1.214230439,0.812740585,0.812740585,0.000001708,1,0,ok,map,542,364,814,0,ok,71,TRACKING,365,0,0,-1,0,0,0,nan,nan,0,0,nan,nan,
1750922012.102259636,1,-2.290430096,-0.079609014,-1.210954247,0.006457343,0.852566240,-0.028568550,0.521797803,952,535,358,1.451772512,1.357293235,0.793697675,0.793697675,0.000001207,1,0,ok,map,535,358,814,0,ok,48,TRACKING,365,0,0,-1,0,0,0,nan,nan,0,0,nan,nan,
1750922012.114259720,1,-2.310066702,-0.079549129,-1.199066342,0.007157029,0.856271985,-0.028832087,0.515670220,949,521,288,1.500147223,1.475131735,0.825051761,0.825051761,0.000001207,1,0,ok,map,521,288,814,0,ok,51,TRACKING,365,0,0,-1,0,0,0,nan,nan,0,0,nan,nan,
1750922012.126259804,1,-2.323791829,-0.079866995,-1.192133346,0.006146255,0.859806510,-0.029441775,0.509733431,927,492,275,1.550729477,1.578649907,0.803219922,0.803219922,0.000002091,1,0,ok,map,492,275,814,0,ok,73,TRACKING,365,0,0,-1,0,0,0,nan,nan,0,0,nan,nan,
1750922012.138259888,1,-2.341146464,-0.081841384,-1.178890732,0.005442043,0.863182029,-0.029918004,0.503976271,915,460,266,1.581247411,1.588046625,0.796784191,0.796784191,0.000000000,1,0,ok,map,460,266,814,0,ok,85,TRACKING,366,1,0,-1,0,0,0,nan,nan,0,0,nan,nan,
1750922012.150259972,1,-2.358111363,-0.082942438,-1.167936317,0.005204346,0.866770552,-0.029944973,0.497780095,944,509,335,1.291541359,1.143732605,0.820971048,0.820971048,0.000001207,1,0,ok,map,509,335,783,0,ok,56,TRACKING,366,0,0,-1,0,0,0,nan,nan,0,0,nan,nan,
1750922012.162260056,1,-2.376331005,-0.080371811,-1.152503185,0.004841426,0.870276321,-0.029732653,0.491641795,948,500,321,1.326804080,1.244059466,0.811467952,0.811467952,0.000001708,1,0,ok,map,500,321,783,0,ok,52,TRACKING,366,0,0,-1,0,0,0,nan,nan,0,0,nan,nan,
1750922012.174260139,1,-2.391141614,-0.079049665,-1.142137978,0.004270011,0.873737946,-0.029493450,0.485483167,955,492,310,1.459620288,1.391743855,0.812675575,0.812675575,0.000001708,1,0,ok,map,492,310,783,0,ok,45,TRACKING,366,0,0,-1,0,0,0,nan,nan,0,0,nan,nan,
1750922012.186260223,1,-2.407423942,-0.080430995,-1.129247337,0.005260651,0.877269739,-0.030248118,0.479014803,943,479,298,1.510728188,1.447395693,0.856486185,0.856486185,0.000002091,1,0,ok,map,479,298,783,0,ok,57,TRACKING,366,0,0,-1,0,0,0,nan,nan,0,0,nan,nan,
1750922012.198260307,1,-2.426022222,-0.080830506,-1.114285570,0.005275178,0.880507647,-0.029871808,0.473060388,942,471,278,1.499932064,1.443489831,0.799379991,0.799379991,0.000001708,1,0,ok,map,471,278,783,0,ok,58,TRACKING,367,1,0,-1,0,0,0,nan,nan,0,0,nan,nan,
1750922012.210260391,1,-2.440948505,-0.081864415,-1.102026622,0.004566264,0.883811011,-0.029954736,0.466861820,951,549,385,1.206359287,1.028012825,0.809020487,0.809020487,0.000001708,1,0,ok,map,549,385,767,0,ok,49,TRACKING,367,0,0,-1,0,0,0,nan,nan,0,0,nan,nan,
1750922012.222260475,1,-2.456436503,-0.081695805,-1.088015235,0.004132664,0.887049376,-0.029091980,0.460738518,939,538,378,1.344497248,1.188749152,0.801439980,0.801439980,0.000001708,1,0,ok,map,538,378,767,0,ok,61,TRACKING,367,0,0,-1,0,0,0,nan,nan,0,0,nan,nan,
1750922012.234260559,1,-2.471846904,-0.082558990,-1.075508025,0.004116891,0.890350743,-0.028631118,0.454355438,945,520,356,1.378516218,1.250396063,0.825183346,0.825183346,0.000001708,1,0,ok,map,520,356,767,0,ok,55,TRACKING,367,0,0,-1,0,0,0,nan,nan,0,0,nan,nan,
1750922012.246260643,1,-2.487277120,-0.080991571,-1.060919616,0.002904805,0.893481622,-0.028381620,0.448192634,955,501,342,1.387729460,1.320992406,0.804708213,0.804708213,0.000001207,1,0,ok,map,501,342,767,0,ok,45,TRACKING,367,0,0,-1,0,0,0,nan,nan,0,0,nan,nan,
1750922012.258260727,1,-2.506019033,-0.082146015,-1.044078972,0.002351613,0.896427967,-0.028879181,0.442241294,959,485,329,1.338274456,1.254479263,0.785405902,0.785405902,0.000001708,1,0,ok,map,485,329,767,0,ok,41,TRACKING,368,1,0,-1,0,0,0,nan,nan,0,0,nan,nan,
1750922012.270260811,1,-2.521019458,-0.081543852,-1.030174281,0.002565989,0.899553255,-0.028938032,0.435843948,957,533,421,1.059264467,0.817339064,0.816283642,0.816283642,0.000001708,1,0,ok,map,533,421,718,0,ok,43,TRACKING,368,0,0,-1,0,0,0,nan,nan,0,0,nan,nan,
1750922012.282260895,1,-2.533543831,-0.080707894,-1.017633240,0.002331962,0.902554750,-0.029102064,0.429584166,960,524,399,1.216877852,1.088235194,0.796190477,0.796190477,0.000001708,1,0,ok,map,524,399,718,0,ok,40,TRACKING,368,0,0,-1,0,0,0,nan,nan,0,0,nan,nan,
1750922012.294260979,1,-2.547116985,-0.080713122,-1.003939799,0.002010294,0.905486316,-0.029204114,0.423364631,963,516,387,1.292802837,1.193100263,0.788859220,0.788859220,0.000001207,1,0,ok,map,516,387,718,0,ok,37,TRACKING,368,0,0,-1,0,0,0,nan,nan,0,0,nan,nan,
1750922012.306261063,1,-2.562725615,-0.081695810,-0.987580886,0.002421857,0.908417934,-0.029155793,0.417038285,951,505,376,1.367224100,1.237296074,0.800411636,0.800411636,0.000002415,1,0,ok,map,505,376,718,0,ok,49,TRACKING,368,0,0,-1,0,0,0,nan,nan,0,0,nan,nan,
1750922012.318261147,1,-2.578208102,-0.082108622,-0.972571321,0.002322204,0.911259580,-0.028684651,0.410825725,942,484,361,1.323591530,1.233080558,0.798207057,0.798207057,0.000001708,1,0,ok,map,484,361,718,0,ok,58,TRACKING,369,1,0,-1,0,0,0,nan,nan,0,0,nan,nan,
1750922012.330261230,1,-2.590761055,-0.079276109,-0.958147368,0.002096284,0.914220508,-0.028029682,0.404241024,951,569,448,1.121352976,1.013180433,0.831129611,0.831129611,0.000001207,1,0,ok,map,569,448,742,0,ok,49,TRACKING,369,0,0,-1,0,0,0,nan,nan,0,0,nan,nan,
1750922012.342261314,1,-2.603667670,-0.081198026,-0.943796222,0.001856239,0.916887191,-0.029688054,0.398036497,951,558,432,1.282639534,1.187330096,0.797341298,0.797341298,0.000001708,1,0,ok,map,558,432,742,0,ok,49,TRACKING,369,0,0,-1,0,0,0,nan,nan,0,0,nan,nan,
1750922012.354261398,1,-2.615691984,-0.079358659,-0.930578875,0.000921446,0.919628874,-0.030182434,0.391625978,971,549,419,1.273743082,1.141336468,0.808094290,0.808094290,0.000001708,1,0,ok,map,549,419,742,0,ok,29,TRACKING,369,0,0,-1,0,0,0,nan,nan,0,0,nan,nan,
1750922012.366261482,1,-2.628641665,-0.081178681,-0.914706322,0.001112913,0.922386674,-0.030628934,0.385049936,957,533,415,1.344386763,1.248071269,0.819037300,0.819037300,0.000001708,1,0,ok,map,533,415,742,0,ok,43,TRACKING,369,0,0,-1,0,0,0,nan,nan,0,0,nan,nan,
1750922012.378261566,1,-2.644500662,-0.080879463,-0.899020693,0.001023632,0.925059816,-0.030457125,0.378596952,952,517,386,1.272344458,1.196170772,0.809241284,0.809241284,0.000001708,1,0,ok,map,517,386,742,0,ok,48,TRACKING,370,1,0,-1,0,0,0,nan,nan,0,0,nan,nan,
1750922012.390261650,1,-2.658081851,-0.082177566,-0.881817579,0.000609340,0.927661255,-0.030403729,0.372182534,942,612,506,1.057118230,0.897669284,0.794632135,0.794632135,0.000001708,1,0,ok,map,612,506,745,0,ok,58,TRACKING,370,0,0,-1,0,0,0,nan,nan,0,0,nan,nan,
1750922012.402261734,1,-2.670750380,-0.080973291,-0.865187999,-0.000318225,0.930208277,-0.029783251,0.365821567,952,603,489,1.129718122,0.985244704,0.795522856,0.795522856,0.000002700,1,0,ok,map,603,489,745,0,ok,48,TRACKING,370,0,0,-1,0,0,0,nan,nan,0,0,nan,nan,
1750922012.414261818,1,-2.683939934,-0.082834808,-0.849127306,-0.000257940,0.932826661,-0.029673926,0.359101394,944,588,476,1.216891914,1.089962469,0.826589413,0.826589413,0.000001708,1,0,ok,map,588,476,745,0,ok,56,TRACKING,370,0,0,-1,0,0,0,nan,nan,0,0,nan,nan,
1750922012.426261902,1,-2.693428670,-0.080374280,-0.834805045,-0.000783283,0.935327233,-0.028531256,0.352630573,944,571,458,1.273732737,1.192230405,0.807901137,0.807901137,0.000001708,1,0,ok,map,571,458,745,0,ok,56,TRACKING,370,0,0,-1,0,0,0,nan,nan,0,0,nan,nan,
1750922012.438261986,1,-2.707573971,-0.079354390,-0.818436980,-0.000612938,0.937810738,-0.029133519,0.345921787,940,545,398,1.373614884,1.288890407,0.825010843,0.825010843,0.000000000,1,0,ok,map,545,398,745,0,ok,60,TRACKING,371,1,0,-1,0,0,0,nan,nan,0,0,nan,nan,
1750922012.450262070,1,-2.717795248,-0.080456770,-0.802824333,-0.000215039,0.940112994,-0.030874354,0.339461759,952,662,544,1.184195947,1.044545975,0.812076526,0.812076526,0.000001708,1,0,ok,map,662,544,841,0,ok,48,TRACKING,371,0,0,-1,0,0,0,nan,nan,0,0,nan,nan,
1750922012.462262154,1,-2.729336551,-0.082242858,-0.783594226,-0.001020550,0.942405459,-0.031140781,0.333018260,977,654,508,1.338319063,1.292109480,0.789718695,0.789718695,0.000001708,1,0,ok,map,654,508,841,0,ok,23,TRACKING,371,0,0,-1,0,0,0,nan,nan,0,0,nan,nan,
1750922012.474262238,1,-2.739995248,-0.081751955,-0.767315840,-0.001302933,0.944694009,-0.030227292,0.326554500,978,648,487,1.374493911,1.295496012,0.793351478,0.793351478,0.000002091,1,0,ok,map,648,487,841,0,ok,22,TRACKING,371,0,0,-1,0,0,0,nan,nan,0,0,nan,nan,
1750922012.486262321,1,-2.749966993,-0.081874342,-0.752486020,-0.001689725,0.946896204,-0.029574908,0.320171903,980,644,468,1.426128963,1.363952669,0.778570157,0.778570157,0.000002415,1,0,ok,map,644,468,841,0,ok,20,TRACKING,371,0,0,-1,0,0,0,nan,nan,0,0,nan,nan,
1750922012.498262405,1,-2.759622808,-0.080132839,-0.736358924,-0.002048648,0.949069091,-0.029184862,0.313706723,982,643,456,1.527779375,1.507484225,0.783936374,0.783936374,0.000002091,1,0,ok,map,643,456,841,0,ok,18,TRACKING,371,0,0,-1,0,0,0,nan,nan,0,0,nan,nan,
1750922012.510262489,1,-2.768626850,-0.080176032,-0.722119285,-0.002928478,0.951174148,-0.030131419,0.307166505,973,637,442,1.477801107,1.420540855,0.801125227,0.801125227,0.000001708,1,0,ok,map,637,442,841,0,ok,27,TRACKING,371,0,0,-1,0,0,0,nan,nan,0,0,nan,nan,
1750922012.522262573,1,-2.778808859,-0.080659286,-0.707745575,-0.002714744,0.953289547,-0.031082274,0.300442276,972,630,412,1.421377020,1.382161069,0.815455528,0.815455528,0.000001708,1,0,ok,map,630,412,841,0,ok,28,TRACKING,371,0,0,-1,0,0,0,nan,nan,0,0,nan,nan,
1750922012.534262657,1,-2.789206622,-0.080741297,-0.691720522,-0.003233831,0.955321315,-0.031484867,0.293869750,969,618,400,1.413823109,1.327749768,0.791908993,0.791908993,0.000000000,1,0,ok,map,618,400,841,0,ok,31,TRACKING,371,0,0,-1,0,0,0,nan,nan,0,0,nan,nan,
1750922012.546262741,1,-2.802063799,-0.082958704,-0.665401786,-0.002645312,0.957370643,-0.031495363,0.287128015,981,614,394,1.488950512,1.469464699,0.810263623,0.810263623,0.000000000,1,0,ok,map,614,394,841,0,ok,19,TRACKING,371,0,0,-1,0,0,0,nan,nan,0,0,nan,nan,
1750922012.558262825,1,-2.811163693,-0.080209006,-0.650737246,-0.003588886,0.959350051,-0.030513867,0.280541447,984,608,378,1.495472889,1.430557582,0.803406928,0.803406928,0.000002415,1,0,ok,map,608,378,841,0,ok,16,TRACKING,371,0,0,-1,0,0,0,nan,nan,0,0,nan,nan,
1750922012.570262909,1,-2.820036137,-0.080793036,-0.636634648,-0.004429971,0.961195191,-0.030975183,0.274088887,976,599,370,1.538173931,1.480554295,0.776863956,0.776863956,0.000001207,1,0,ok,map,599,370,841,0,ok,24,TRACKING,371,0,0,-1,0,0,0,nan,nan,0,0,nan,nan,
1750922012.582262993,1,-2.829950466,-0.079815890,-0.622369317,-0.004781819,0.963097226,-0.031211353,0.267295191,977,583,349,1.503584789,1.462163350,0.791915648,0.791915648,0.000001207,1,0,ok,map,583,349,841,0,ok,23,TRACKING,372,1,0,-1,0,0,0,nan,nan,0,0,nan,nan,
1750922012.594263077,1,-2.838902267,-0.080506290,-0.604583178,-0.004490823,0.964921178,-0.031818546,0.260565792,945,696,517,1.142258307,1.008960148,0.802674139,0.802674139,0.000001708,1,0,ok,map,696,517,941,0,ok,55,TRACKING,372,0,0,-1,0,0,0,nan,nan,0,0,nan,nan,
1750922012.606263161,1,-2.846667307,-0.080018653,-0.587816018,-0.004381674,0.966760387,-0.032061858,0.253628060,964,677,504,1.230357886,1.133045791,0.823036726,0.823036726,0.000002091,1,0,ok,map,677,504,941,0,ok,36,TRACKING,372,0,0,-1,0,0,0,nan,nan,0,0,nan,nan,
1750922012.618263245,1,-2.855200263,-0.079234163,-0.569069677,-0.004870122,0.968521884,-0.032458727,0.246755087,977,674,493,1.350137048,1.289885881,0.816233989,0.816233989,0.000002415,1,0,ok,map,674,493,941,0,ok,23,TRACKING,372,0,0,-1,0,0,0,nan,nan,0,0,nan,nan,
1750922012.630263329,1,-2.863645188,-0.080656993,-0.551482169,-0.005580657,0.970098654,-0.033333614,0.240346268,981,671,491,1.358083530,1.244352456,0.767246964,0.767246964,0.000001708,1,0,ok,map,671,491,941,0,ok,19,TRACKING,372,0,0,-1,0,0,0,nan,nan,0,0,nan,nan,
1750922012.642263412,1,-2.871488398,-0.080502162,-0.531981985,-0.005227247,0.971834106,-0.032246851,0.233390844,966,660,451,1.311969035,1.228373900,0.831842338,0.831842338,0.000002415,1,0,ok,map,660,451,941,0,ok,34,TRACKING,372,0,0,-1,0,0,0,nan,nan,0,0,nan,nan,
1750922012.654263496,1,-2.876810294,-0.076723513,-0.523603386,-0.005315683,0.973531557,-0.031751360,0.226273953,973,652,414,1.453169390,1.428990472,0.840395002,0.840395002,0.000001708,1,0,ok,map,652,414,941,0,ok,27,TRACKING,372,0,0,-1,0,0,0,nan,nan,0,0,nan,nan,
1750922012.666263580,1,-2.884162183,-0.077905524,-0.500503287,-0.005702055,0.974989770,-0.033585018,0.219623498,959,638,401,1.549563244,1.513306624,0.809204085,0.809204085,0.000000000,1,0,ok,map,638,401,941,0,ok,41,TRACKING,372,0,0,-1,0,0,0,nan,nan,0,0,nan,nan,
1750922012.678263664,1,-2.889988113,-0.080091995,-0.486523798,-0.006140854,0.976489331,-0.034075188,0.212766911,973,631,389,1.578623689,1.495644967,0.807805285,0.807805285,0.000002415,1,0,ok,map,631,389,941,0,ok,27,TRACKING,372,0,0,-1,0,0,0,nan,nan,0,0,nan,nan,
1750922012.690263748,1,-2.900732175,-0.079085428,-0.463256891,-0.006582683,0.977981510,-0.033681166,0.205850465,972,622,372,1.478585795,1.390070769,0.813636378,0.813636378,0.000001207,1,0,ok,map,622,372,941,0,ok,28,TRACKING,372,0,0,-1,0,0,0,nan,nan,0,0,nan,nan,
1750922012.702263832,1,-2.901662171,-0.074915082,-0.452686713,-0.006449428,0.979439097,-0.033421314,0.198847870,973,615,349,1.649359975,1.602361943,0.820321902,0.820321902,0.000001708,1,0,ok,map,615,349,941,0,ok,27,TRACKING,372,0,0,-1,0,0,0,nan,nan,0,0,nan,nan,
1750922012.714263916,1,-2.913501382,-0.073751028,-0.429937143,-0.005210171,0.980891383,-0.034570336,0.191389239,979,607,328,1.571652710,1.463826862,0.892024650,0.892024650,0.000002091,1,0,ok,map,607,328,941,0,ok,21,TRACKING,372,0,0,-1,0,0,0,nan,nan,0,0,nan,nan,
1750922012.726264000,1,-2.917971286,-0.074042348,-0.416404038,-0.006069035,0.982196166,-0.035701589,0.184334625,977,598,320,1.599608676,1.594571932,0.794810186,0.794810186,0.000001708,1,0,ok,map,598,320,941,0,ok,23,TRACKING,373,1,9,31,180,1,0,0.007662489,0.006062738,157,111,0.707006369,1.343784630,ok
1750922012.738264084,1,-2.923634332,-0.071597138,-0.394760832,-0.006803015,0.983486049,-0.036308644,0.177173906,983,733,475,1.234837929,1.071859450,0.840880119,0.840880119,0.000002415,1,0,ok,map,733,475,1052,0,ok,17,TRACKING,373,0,0,-1,0,0,0,nan,nan,0,0,nan,nan,
1750922012.750264168,1,-2.927172213,-0.072616395,-0.377959507,-0.007563415,0.984616004,-0.037016501,0.170598646,982,723,463,1.382950304,1.286667032,0.773728869,0.773728869,0.000002415,1,0,ok,map,723,463,1052,0,ok,18,TRACKING,373,0,0,-1,0,0,0,nan,nan,0,0,nan,nan,
1750922012.762264252,1,-2.933897260,-0.071926833,-0.361019973,-0.006552237,0.985866800,-0.037271188,0.163201037,970,703,453,1.385541333,1.296900413,0.868001538,0.868001538,0.000001708,1,0,ok,map,703,453,1052,0,ok,30,TRACKING,373,0,0,-1,0,0,0,nan,nan,0,0,nan,nan,
1750922012.774264336,1,-2.938401536,-0.071447494,-0.343725719,-0.007275347,0.986952251,-0.037371890,0.156447005,971,690,444,1.401011694,1.296756252,0.788339760,0.788339760,0.000000000,1,0,ok,map,690,444,1052,0,ok,29,TRACKING,373,0,0,-1,0,0,0,nan,nan,0,0,nan,nan,
1750922012.786264420,1,-2.945094381,-0.074634004,-0.318988798,-0.008399581,0.987993569,-0.037106789,0.149737240,977,676,432,1.404761866,1.303421213,0.789265992,0.789265992,0.000001708,1,0,ok,map,676,432,1052,0,ok,23,TRACKING,373,0,0,-1,0,0,0,nan,nan,0,0,nan,nan,
1750922012.798264503,1,-2.948434657,-0.074306837,-0.306272988,-0.009075010,0.989060247,-0.035692428,0.142840899,973,661,422,1.353625136,1.230396005,0.819583252,0.819583252,0.000002415,1,0,ok,map,661,422,1052,0,ok,27,TRACKING,373,0,0,-1,0,0,0,nan,nan,0,0,nan,nan,
1750922012.810264587,1,-2.952563931,-0.072050768,-0.288277992,-0.009427022,0.990067344,-0.034489250,0.135971601,976,651,413,1.380052609,1.294864238,0.808445365,0.808445365,0.000002415,1,0,ok,map,651,413,1052,0,ok,24,TRACKING,373,0,0,-1,0,0,0,nan,nan,0,0,nan,nan,
1750922012.822264671,1,-2.956710039,-0.072748105,-0.262486917,-0.010153456,0.990933540,-0.034583077,0.129428116,981,645,403,1.421317594,1.397780289,0.761013640,0.761013640,0.000001708,1,0,ok,map,645,403,1052,0,ok,19,TRACKING,373,0,0,-1,0,0,0,nan,nan,0,0,nan,nan,
1750922012.834264755,1,-2.959864600,-0.071980660,-0.247726605,-0.010303358,0.991798355,-0.034435960,0.122654100,962,633,388,1.482643557,1.455758261,0.782916911,0.782916911,0.000000000,1,0,ok,map,633,388,1052,0,ok,38,TRACKING,373,0,0,-1,0,0,0,nan,nan,0,0,nan,nan,
1750922012.846264839,1,-2.962499897,-0.071332260,-0.230357697,-0.009876431,0.992614476,-0.034634350,0.115842222,975,626,371,1.502050432,1.376823801,0.788016367,0.788016367,0.000001708,1,0,ok,map,626,371,1052,0,ok,25,TRACKING,373,0,0,-1,0,0,0,nan,nan,0,0,nan,nan,
1750922012.858264923,1,-2.964964495,-0.072007448,-0.220580341,-0.008992284,0.993400438,-0.034838193,0.108908259,965,608,368,1.522086923,1.481857386,0.806394437,0.806394437,0.000001708,1,0,ok,map,608,368,1052,0,ok,35,TRACKING,373,0,0,-1,0,0,0,nan,nan,0,0,nan,nan,
1750922012.870265007,1,-2.968366873,-0.073577259,-0.194893285,-0.009647849,0.994086983,-0.034785778,0.102410634,974,601,362,1.505713393,1.430213150,0.752502315,0.752502315,0.000002415,1,0,ok,map,601,362,1052,0,ok,26,TRACKING,373,0,0,-1,0,0,0,nan,nan,0,0,nan,nan,
1750922012.882265091,1,-2.970279351,-0.069035572,-0.179266964,-0.011010589,0.994765228,-0.033877063,0.095777104,953,581,350,1.516475061,1.427735622,0.786825632,0.786825632,0.000002700,1,0,ok,map,581,350,1052,0,ok,47,TRACKING,374,1,0,-1,0,0,0,nan,nan,0,0,nan,nan,
1750922012.894265175,1,-2.970824625,-0.068628344,-0.163286786,-0.010742571,0.995380856,-0.034784876,0.088834459,975,722,503,1.254107899,1.102457039,0.806023300,0.806023300,0.000002091,1,0,ok,map,722,503,1131,0,ok,25,TRACKING,374,0,0,-1,0,0,0,nan,nan,0,0,nan,nan,
1750922012.906265259,1,-2.972644834,-0.071691461,-0.139321358,-0.010252649,0.995943236,-0.035576883,0.082013652,949,697,483,1.344709886,1.291976664,0.791488274,0.791488274,0.000001708,1,0,ok,map,697,483,1131,0,ok,51,TRACKING,374,0,0,-1,0,0,0,nan,nan,0,0,nan,nan,
1750922012.918265343,1,-2.973380462,-0.072229986,-0.117709978,-0.010383082,0.996512207,-0.034804875,0.075128112,952,668,475,1.461617230,1.437860695,0.796783006,0.796783006,0.000002091,1,0,ok,map,668,475,1131,0,ok,48,TRACKING,374,0,0,-1,0,0,0,nan,nan,0,0,nan,nan,
1750922012.930265427,1,-2.975856387,-0.067145973,-0.103770860,-0.011143641,0.997028620,-0.033571859,0.068430113,968,660,458,1.439736137,1.377303819,0.787510341,0.787510341,0.000002415,1,0,ok,map,660,458,1131,0,ok,32,TRACKING,374,0,0,-1,0,0,0,nan,nan,0,0,nan,nan,
1750922012.942265511,1,-2.975718201,-0.068231200,-0.086993979,-0.011213321,0.997445044,-0.034405354,0.061594777,970,655,457,1.393351805,1.330933641,0.790557051,0.790557051,0.000002415,1,0,ok,map,655,457,1131,0,ok,30,TRACKING,374,0,0,-1,0,0,0,nan,nan,0,0,nan,nan,
1750922012.954265594,1,-2.975575828,-0.068959553,-0.064102729,-0.011188046,0.997847568,-0.034415724,0.054686525,978,651,446,1.337767129,1.251245890,0.792977779,0.792977779,0.000002415,1,0,ok,map,651,446,1131,0,ok,22,TRACKING,374,0,0,-1,0,0,0,nan,nan,0,0,nan,nan,
1750922012.966265678,1,-2.975268570,-0.066166652,-0.047684953,-0.010212304,0.998213471,-0.034659562,0.047584554,972,641,444,1.352980646,1.232967059,0.823016572,0.823016572,0.000002091,1,0,ok,map,641,444,1131,0,ok,28,TRACKING,374,0,0,-1,0,0,0,nan,nan,0,0,nan,nan,
1750922012.978265762,1,-2.974827638,-0.069624020,-0.023027425,-0.011007561,0.998490029,-0.034989451,0.040892949,982,637,436,1.428473226,1.348840784,0.773772989,0.773772989,0.000001708,1,0,ok,map,637,436,1131,0,ok,18,TRACKING,374,0,0,-1,0,0,0,nan,nan,0,0,nan,nan,
1750922012.990265846,1,-2.974275981,-0.068831248,-0.006449109,-0.010721707,0.998780687,-0.034149219,0.034000231,988,635,418,1.460438162,1.431941048,0.797066067,0.797066067,0.000001708,1,0,ok,map,635,418,1131,0,ok,12,TRACKING,374,0,0,-1,0,0,0,nan,nan,0,0,nan,nan,
1750922013.002265930,1,-2.973696159,-0.068108564,0.014221465,-0.011222028,0.999013375,-0.033388010,0.027047795,981,626,415,1.528849475,1.493164909,0.803943482,0.803943482,0.000000000,1,0,ok,map,626,415,1131,0,ok,19,TRACKING,374,0,0,-1,0,0,0,nan,nan,0,0,nan,nan,
1750922013.014266014,1,-2.971563619,-0.066060706,0.035420143,-0.011231344,0.999182317,-0.033185360,0.020181333,970,619,412,1.593947942,1.545414045,0.787421455,0.787421455,0.000001708,1,0,ok,map,619,412,1131,0,ok,30,TRACKING,374,0,0,-1,0,0,0,nan,nan,0,0,nan,nan,
1750922013.026266098,1,-2.970414869,-0.064067480,0.051118510,-0.011164363,0.999284857,-0.033651731,0.013141227,962,607,402,1.510124720,1.475626758,0.808628436,0.808628436,0.000001708,1,0,ok,map,607,402,1131,0,ok,38,TRACKING,374,0,0,-1,0,0,0,nan,nan,0,0,nan,nan,
1750922013.038266182,1,-2.967443135,-0.065759090,0.071310168,-0.011319021,0.999322883,-0.034446034,0.006255052,980,602,385,1.508716190,1.438848784,0.794540790,0.794540790,0.000001207,1,0,ok,map,602,385,1131,0,ok,20,TRACKING,375,1,0,-1,0,0,0,nan,nan,0,0,nan,nan,
1750922013.050266266,1,-2.965995856,-0.064058356,0.091265296,-0.011020929,0.999347392,-0.034385819,-0.000972294,966,710,529,1.193840484,1.039053133,0.828932299,0.828932299,0.000001207,1,0,ok,map,710,529,1141,0,ok,34,TRACKING,375,0,0,-1,0,0,0,nan,nan,0,0,nan,nan,
1750922013.062266350,1,-2.962604792,-0.065209525,0.114134085,-0.010973886,0.999304180,-0.034798924,-0.007730791,976,700,516,1.311740020,1.210454922,0.775948124,0.775948124,0.000002091,1,0,ok,map,700,516,1141,0,ok,24,TRACKING,375,0,0,-1,0,0,0,nan,nan,0,0,nan,nan,
1750922013.074266434,1,-2.959958159,-0.065311563,0.134784830,-0.011051451,0.999242803,-0.034318570,-0.014626086,970,680,502,1.384010671,1.286658522,0.792140249,0.792140249,0.000000000,1,0,ok,map,680,502,1141,0,ok,30,TRACKING,375,0,0,-1,0,0,0,nan,nan,0,0,nan,nan,
1750922013.086266518,1,-2.956677611,-0.064445330,0.153209547,-0.010424772,0.999149501,-0.033593174,-0.021519697,961,667,496,1.413225648,1.350538148,0.797623946,0.797623946,0.000001708,1,0,ok,map,667,496,1141,0,ok,39,TRACKING,375,0,0,-1,0,0,0,nan,nan,0,0,nan,nan,
1750922013.098266602,1,-2.952546582,-0.063253430,0.172448717,-0.010438595,0.998987086,-0.033286465,-0.028422683,967,652,485,1.357602688,1.282854030,0.792026240,0.792026240,0.000001708,1,0,ok,map,652,485,1141,0,ok,33,TRACKING,375,0,0,-1,0,0,0,nan,nan,0,0,nan,nan,
1750922013.110266685,1,-2.949320651,-0.061972435,0.191044449,-0.009581212,0.998773959,-0.033325448,-0.035329786,961,634,467,1.321307633,1.201580905,0.797958170,0.797958170,0.000000000,1,0,ok,map,634,467,1141,0,ok,39,TRACKING,375,0,0,-1,0,0,0,nan,nan,0,0,nan,nan,
1750922013.122266769,1,-2.945974276,-0.056967183,0.203810256,-0.009695913,0.998488913,-0.034015774,-0.042057189,946,617,439,1.421617947,1.381565261,0.775752528,0.775752528,0.000002415,1,0,ok,map,617,439,1141,0,ok,54,TRACKING,375,0,0,-1,0,0,0,nan,nan,0,0,nan,nan,
1750922013.134266853,1,-2.941316151,-0.057947434,0.225413162,-0.009931783,0.998088525,-0.036518066,-0.048857827,960,604,423,1.500131108,1.493359563,0.832082476,0.832082476,0.000001708,1,0,ok,map,604,423,1141,0,ok,40,TRACKING,375,0,0,-1,0,0,0,nan,nan,0,0,nan,nan,
1750922013.146266937,1,-2.935687290,-0.062505838,0.252423611,-0.010451468,0.997723426,-0.036808738,-0.055532415,975,595,390,1.631249186,1.599746969,0.769029315,0.769029315,0.000001708,1,0,ok,map,595,390,1141,0,ok,25,TRACKING,376,1,0,-1,0,0,0,nan,nan,0,0,nan,nan,
1750922013.158267021,1,-2.931819815,-0.060849525,0.270453318,-0.009736976,0.997361400,-0.036058906,-0.062250971,974,678,507,1.317909187,1.195321831,0.780089874,0.780089874,0.000001708,1,0,ok,map,678,507,1083,0,ok,26,TRACKING,376,0,0,-1,0,0,0,nan,nan,0,0,nan,nan,
1750922013.170267105,1,-2.927085569,-0.058722224,0.291001215,-0.009078082,0.996946295,-0.035616231,-0.068899620,966,666,483,1.382896449,1.248340445,0.768764333,0.768764333,0.000001708,1,0,ok,map,666,483,1083,0,ok,34,TRACKING,376,0,0,-1,0,0,0,nan,nan,0,0,nan,nan,
1750922013.182267189,1,-2.920698177,-0.060786339,0.310375958,-0.009727303,0.996454126,-0.035899135,-0.075470566,963,651,456,1.404651966,1.361978632,0.759433802,0.759433802,0.000001708,1,0,ok,map,651,456,1083,0,ok,37,TRACKING,376,0,0,-1,0,0,0,nan,nan,0,0,nan,nan,
1750922013.194267273,1,-2.917835635,-0.059976418,0.324445832,-0.010183471,0.995946414,-0.035093122,-0.082191908,971,643,445,1.404244973,1.359861185,0.779661732,0.779661732,0.000001708,1,0,ok,map,643,445,1083,0,ok,29,TRACKING,376,0,0,-1,0,0,0,nan,nan,0,0,nan,nan,
1750922013.206267357,1,-2.911538884,-0.058015766,0.342139784,-0.010750925,0.995417211,-0.034360450,-0.088590937,961,630,434,1.346616693,1.296908936,0.743403318,0.743403318,0.000001708,1,0,ok,map,630,434,1083,0,ok,39,TRACKING,376,0,0,-1,0,0,0,nan,nan,0,0,nan,nan,
1750922013.218267441,1,-2.905984153,-0.059984555,0.359878959,-0.009962847,0.994806553,-0.034563961,-0.095215522,969,621,423,1.326341204,1.217406014,0.768025776,0.768025776,0.000002415,1,0,ok,map,621,423,1083,0,ok,31,TRACKING,376,0,0,-1,0,0,0,nan,nan,0,0,nan,nan,
1750922013.230267525,1,-2.900463573,-0.057434570,0.375303422,-0.009971055,0.994168246,-0.034109293,-0.101816659,957,604,412,1.398801573,1.323718008,0.761748596,0.761748596,0.000002091,1,0,ok,map,604,412,1083,0,ok,43,TRACKING,376,0,0,-1,0,0,0,nan,nan,0,0,nan,nan,
1750922013.242267609,1,-2.893255453,-0.055827796,0.392206275,-0.010194086,0.993455402,-0.034824253,-0.108303810,945,585,400,1.452726776,1.403038876,0.752757046,0.752757046,0.000001708,1,0,ok,map,585,400,1083,0,ok,55,TRACKING,377,1,0,-1,0,0,0,nan,nan,0,0,nan,nan,
1750922013.254267693,1,-2.886503495,-0.056660858,0.411571359,-0.010340745,0.992663075,-0.035594337,-0.115091845,959,710,551,1.166983656,1.020340923,0.788269346,0.788269346,0.000002415,1,0,ok,map,710,551,1061,0,ok,41,TRACKING,377,0,0,-1,0,0,0,nan,nan,0,0,nan,nan,
1750922013.266267776,1,-2.880096705,-0.057195792,0.427744327,-0.010827021,0.991893334,-0.035512373,-0.121528850,974,705,532,1.333459146,1.234337389,0.745029060,0.745029060,0.000001207,1,0,ok,map,705,532,1061,0,ok,26,TRACKING,377,0,0,-1,0,0,0,nan,nan,0,0,nan,nan,
1750922013.278267860,1,-2.873252887,-0.057516482,0.445828241,-0.009976477,0.991126686,-0.034871637,-0.127876234,973,693,518,1.385737409,1.307481246,0.742736687,0.742736687,0.000001708,1,0,ok,map,693,518,1061,0,ok,27,TRACKING,377,0,0,-1,0,0,0,nan,nan,0,0,nan,nan,
1750922013.290267944,1,-2.865937184,-0.056811677,0.462052720,-0.009513634,0.990354708,-0.033740247,-0.134047155,972,681,507,1.385385476,1.314358394,0.726284708,0.726284708,0.000001708,1,0,ok,map,681,507,1061,0,ok,28,TRACKING,377,0,0,-1,0,0,0,nan,nan,0,0,nan,nan,
1750922013.302268028,1,-2.861368290,-0.054265267,0.472105601,-0.009912382,0.989485913,-0.032989406,-0.140467332,962,670,484,1.414494189,1.340030106,0.748769659,0.748769659,0.000001207,1,0,ok,map,670,484,1061,0,ok,38,TRACKING,377,0,0,-1,0,0,0,nan,nan,0,0,nan,nan,
1750922013.314268112,1,-2.853577999,-0.055412876,0.489024966,-0.010733889,0.988503900,-0.033683458,-0.147004244,966,662,468,1.363685452,1.253908763,0.767441078,0.767441078,0.000002091,1,0,ok,map,662,468,1061,0,ok,34,TRACKING,377,0,0,-1,0,0,0,nan,nan,0,0,nan,nan,
1750922013.326268196,1,-2.847258698,-0.056166738,0.504299940,-0.011049759,0.987572762,-0.033769241,-0.153093372,950,640,448,1.368556503,1.275548877,0.706870689,0.706870689,0.000001207,1,0,ok,map,640,448,1061,0,ok,50,TRACKING,377,0,0,-1,0,0,0,nan,nan,0,0,nan,nan,
1750922013.338268280,1,-2.840658914,-0.054656081,0.518134266,-0.010244655,0.986580520,-0.033297563,-0.159515504,960,623,430,1.379495399,1.284053198,0.752292973,0.752292973,0.000002415,1,0,ok,map,623,430,1061,0,ok,40,TRACKING,377,0,0,-1,0,0,0,nan,nan,0,0,nan,nan,
1750922013.350268364,1,-2.832857408,-0.055591598,0.531633212,-0.010182528,0.985570603,-0.033532048,-0.165597414,979,618,415,1.496266385,1.454784434,0.707026426,0.707026426,0.000000000,1,0,ok,map,618,415,1061,0,ok,21,TRACKING,377,0,0,-1,0,0,0,nan,nan,0,0,nan,nan,
1750922013.362268448,1,-2.824379729,-0.055559748,0.548481021,-0.010267473,0.984509675,-0.033178358,-0.171855973,977,611,399,1.527947185,1.416926107,0.728603872,0.728603872,0.000001708,1,0,ok,map,611,399,1061,0,ok,23,TRACKING,377,0,0,-1,0,0,0,nan,nan,0,0,nan,nan,
1750922013.374268532,1,-2.819953030,-0.054318853,0.555837398,-0.010125930,0.983443088,-0.032335067,-0.178021352,985,608,399,1.568285794,1.552016437,0.723660150,0.723660150,0.000001708,1,0,ok,map,608,399,1061,0,ok,15,TRACKING,377,0,0,-1,0,0,0,nan,nan,0,0,nan,nan,
1750922013.386268616,1,-2.814149969,-0.052696815,0.565654011,-0.009887745,0.982221406,-0.032732451,-0.184585830,984,604,400,1.620489514,1.652021930,0.766990722,0.766990722,0.000001708,1,0,ok,map,604,400,1061,0,ok,16,TRACKING,377,0,0,-1,0,0,0,nan,nan,0,0,nan,nan,
1750922013.398268700,1,-2.804501924,-0.053189946,0.583622776,-0.010183046,0.980942890,-0.033422875,-0.191128917,985,597,374,1.545384751,1.530845557,0.768794506,0.768794506,0.000001708,1,0,ok,map,597,374,1061,0,ok,15,TRACKING,378,1,0,-1,0,0,0,nan,nan,0,0,nan,nan,
1750922013.410268784,1,-2.799454024,-0.052686025,0.592530295,-0.010509946,0.979679474,-0.033469111,-0.197477815,977,723,535,1.242405231,1.107128821,0.742760797,0.742760797,0.000000000,1,0,ok,map,723,535,1064,0,ok,23,TRACKING,378,0,0,-1,0,0,0,nan,nan,0,0,nan,nan,
1750922013.422268867,1,-2.792745671,-0.053422098,0.602909112,-0.010406926,0.978342702,-0.033583337,-0.203983854,973,713,516,1.346222277,1.226555467,0.761316910,0.761316910,0.000000000,1,0,ok,map,713,516,1064,0,ok,27,TRACKING,378,0,0,-1,0,0,0,nan,nan,0,0,nan,nan,
1750922013.434268951,1,-2.785855924,-0.052049300,0.613397578,-0.010309511,0.977014576,-0.033045245,-0.210343159,970,701,512,1.454075574,1.401458202,0.747079550,0.747079550,0.000000000,1,0,ok,map,701,512,1064,0,ok,30,TRACKING,378,0,0,-1,0,0,0,nan,nan,0,0,nan,nan,
1750922013.446269035,1,-2.778956873,-0.051352580,0.624834173,-0.010252088,0.975590709,-0.033183444,-0.216832937,974,690,500,1.481341786,1.414561468,0.761557081,0.761557081,0.000002415,1,0,ok,map,690,500,1064,0,ok,26,TRACKING,378,0,0,-1,0,0,0,nan,nan,0,0,nan,nan,
1750922013.458269119,1,-2.772772357,-0.051936490,0.636151416,-0.010704632,0.974099528,-0.033516901,-0.223365480,983,682,484,1.450053709,1.337661354,0.770528280,0.770528280,0.000002415,1,0,ok,map,682,484,1064,0,ok,17,TRACKING,378,0,0,-1,0,0,0,nan,nan,0,0,nan,nan,
1750922013.470269203,1,-2.767047846,-0.051792723,0.642946777,-0.011170713,0.972602276,-0.033146860,-0.229828877,973,672,487,1.442855696,1.357475282,0.763317319,0.763317319,0.000001207,1,0,ok,map,672,487,1064,0,ok,27,TRACKING,378,0,0,-1,0,0,0,nan,nan,0,0,nan,nan,
1750922013.482269287,1,-2.761343490,-0.050728636,0.652149008,-0.011164979,0.971048589,-0.032967244,-0.236332692,975,659,463,1.380801516,1.312320956,0.766531148,0.766531148,0.000002415,1,0,ok,map,659,463,1064,0,ok,25,TRACKING,378,0,0,-1,0,0,0,nan,nan,0,0,nan,nan,
1750922013.494269371,1,-2.754867816,-0.050637754,0.660268149,-0.011192273,0.969453273,-0.033300178,-0.242747158,960,636,439,1.401958991,1.348615051,0.758403539,0.758403539,0.000002415,1,0,ok,map,636,439,1064,0,ok,40,TRACKING,378,0,0,-1,0,0,0,nan,nan,0,0,nan,nan,
1750922013.506269455,1,-2.750330551,-0.051781061,0.668411062,-0.011106176,0.967881633,-0.033136129,-0.248965447,970,620,422,1.417057395,1.327556959,0.735278192,0.735278192,0.000002091,1,0,ok,map,620,422,1064,0,ok,30,TRACKING,378,0,0,-1,0,0,0,nan,nan,0,0,nan,nan,
1750922013.518269539,1,-2.745263459,-0.050220249,0.673947683,-0.011385031,0.966298816,-0.032582134,-0.255098774,981,613,411,1.468715543,1.418208143,0.729326626,0.729326626,0.000000000,1,0,ok,map,613,411,1064,0,ok,19,TRACKING,378,0,0,-1,0,0,0,nan,nan,0,0,nan,nan,
1750922013.530269623,1,-2.737724970,-0.050630913,0.686401043,-0.011735244,0.964753713,-0.032452258,-0.260881981,968,592,392,1.476474093,1.417094089,0.687286196,0.687286196,0.000002091,1,0,ok,map,592,392,1064,0,ok,32,TRACKING,379,1,0,-1,0,0,0,nan,nan,0,0,nan,nan,
1750922013.542269707,1,-2.733194674,-0.050084816,0.690067924,-0.011592263,0.963160440,-0.032608439,-0.266691350,968,685,523,1.231384506,1.127113217,0.690714701,0.690714701,0.000001708,1,0,ok,map,685,523,978,0,ok,32,TRACKING,379,0,0,-1,0,0,0,nan,nan,0,0,nan,nan,
1750922013.554269791,1,-2.727791843,-0.050126861,0.696762346,-0.011321922,0.961582863,-0.032852187,-0.272306714,964,670,509,1.276853029,1.156187729,0.669686039,0.669686039,0.000000000,1,0,ok,map,670,509,978,0,ok,36,TRACKING,379,0,0,-1,0,0,0,nan,nan,0,0,nan,nan,
1750922013.566269875,1,-2.722143683,-0.049411896,0.703461862,-0.011475301,0.960068303,-0.032975202,-0.277578469,977,662,493,1.353542723,1.291512067,0.628939833,0.628939833,0.000001207,1,0,ok,map,662,493,978,0,ok,23,TRACKING,379,0,0,-1,0,0,0,nan,nan,0,0,nan,nan,
1750922013.578269958,1,-2.718780468,-0.050262920,0.706888579,-0.011870656,0.958552230,-0.033184569,-0.282728659,988,660,484,1.379367986,1.310175251,0.617340705,0.617340705,0.000001207,1,0,ok,map,660,484,978,0,ok,12,TRACKING,379,0,0,-1,0,0,0,nan,nan,0,0,nan,nan,
1750922013.590270042,1,-2.715183310,-0.049136612,0.711066594,-0.011925255,0.957122167,-0.032676809,-0.287588548,980,653,473,1.365972277,1.248940309,0.583455111,0.583455111,0.000002091,1,0,ok,map,653,473,978,0,ok,20,TRACKING,379,0,0,-1,0,0,0,nan,nan,0,0,nan,nan,
1750922013.602270126,1,-2.710735267,-0.048235023,0.717194698,-0.011558849,0.955636645,-0.033123694,-0.292451392,973,640,457,1.355999747,1.250088182,0.586413754,0.586413754,0.000001207,1,0,ok,map,640,457,978,0,ok,27,TRACKING,379,0,0,-1,0,0,0,nan,nan,0,0,nan,nan,
1750922013.614270210,1,-2.707116560,-0.049616982,0.720454771,-0.011909930,0.954267664,-0.033322088,-0.296851846,974,625,446,1.350060304,1.237696744,0.530111512,0.530111512,0.000001708,1,0,ok,map,625,446,978,0,ok,26,TRACKING,379,0,0,-1,0,0,0,nan,nan,0,0,nan,nan,
1750922013.626270294,1,-2.703262800,-0.048087626,0.724676026,-0.011995545,0.952921723,-0.033154693,-0.301159532,979,617,435,1.342326812,1.229516703,0.517607716,0.517607716,0.000001207,1,0,ok,map,617,435,978,0,ok,21,TRACKING,379,0,0,-1,0,0,0,nan,nan,0,0,nan,nan,
1750922013.638270378,1,-2.701528707,-0.049063556,0.726282803,-0.012308062,0.951578425,-0.033585895,-0.305317868,991,616,436,1.359308615,1.237889890,0.504461191,0.504461191,0.000001708,1,0,ok,map,616,436,978,0,ok,9,TRACKING,379,0,0,-1,0,0,0,nan,nan,0,0,nan,nan,
1750922013.650270462,1,-2.697574966,-0.049054644,0.729325239,-0.012665977,0.950351001,-0.033341381,-0.309129262,995,612,429,1.397329187,1.252056931,0.461523888,0.461523888,0.000001708,1,0,ok,map,612,429,978,0,ok,5,TRACKING,379,0,0,-1,0,0,0,nan,nan,0,0,nan,nan,
1750922013.662270546,1,-2.693695343,-0.047506653,0.730857965,-0.012321234,0.949130638,-0.033142452,-0.312891029,994,610,416,1.454690032,1.418369657,0.455472519,0.455472519,0.000001207,1,0,ok,map,610,416,978,0,ok,6,TRACKING,379,0,0,-1,0,0,0,nan,nan,0,0,nan,nan,
1750922013.674270630,1,-2.688835541,-0.047601961,0.734602418,-0.012515007,0.947961280,-0.033958043,-0.316322046,987,601,405,1.519270909,1.497779477,0.426336485,0.426336485,0.000001708,1,0,ok,map,601,405,978,0,ok,13,TRACKING,379,0,0,-1,0,0,0,nan,nan,0,0,nan,nan,
1750922013.686270714,1,-2.688614068,-0.049183519,0.734704777,-0.013019386,0.946874845,-0.034054100,-0.319529095,976,584,381,1.499627317,1.406210055,0.392451271,0.392451271,0.000001708,1,0,ok,map,584,381,978,0,ok,24,TRACKING,380,1,0,-1,0,0,0,nan,nan,0,0,nan,nan,
1750922013.698270798,1,-2.684923958,-0.047322996,0.737132573,-0.013105752,0.945832243,-0.033398985,-0.322667189,969,679,536,1.126165885,0.940101957,0.386418299,0.386418299,0.000000000,1,0,ok,map,679,536,942,0,ok,31,TRACKING,380,0,0,-1,0,0,0,nan,nan,0,0,nan,nan,
1750922013.710270882,1,-2.681337464,-0.047377986,0.740074367,-0.013042465,0.944793559,-0.033889232,-0.325647884,989,679,524,1.192353111,1.061609982,0.366115315,0.366115315,0.000001708,1,0,ok,map,679,524,942,0,ok,11,TRACKING,380,0,0,-1,0,0,0,nan,nan,0,0,nan,nan,
1750922013.722270966,1,-2.677442038,-0.048398670,0.742882708,-0.013225959,0.943799871,-0.034291157,-0.328467646,990,679,522,1.216734165,1.071624833,0.346318586,0.346318586,0.000002415,1,0,ok,map,679,522,942,0,ok,10,TRACKING,380,0,0,-1,0,0,0,nan,nan,0,0,nan,nan,
1750922013.734271049,1,-2.675246677,-0.047937212,0.744223285,-0.013472477,0.942865376,-0.033848719,-0.331176147,997,679,520,1.263977606,1.122864138,0.333415902,0.333415902,0.000001207,1,0,ok,map,679,520,942,0,ok,3,TRACKING,380,0,0,-1,0,0,0,nan,nan,0,0,nan,nan,
1750922013.746271133,1,-2.673472580,-0.047104266,0.744560489,-0.013501806,0.941971548,-0.033652207,-0.333728681,994,677,507,1.270131917,1.144810859,0.310748981,0.310748981,0.000002415,1,0,ok,map,677,507,942,0,ok,6,TRACKING,380,0,0,-1,0,0,0,nan,nan,0,0,nan,nan,
1750922013.758271217,1,-2.671302864,-0.047016856,0.743817611,-0.013371291,0.941068009,-0.034197090,-0.336218338,998,677,500,1.320479073,1.190397676,0.310217614,0.310217614,0.000001708,1,0,ok,map,677,500,942,0,ok,2,TRACKING,380,0,0,-1,0,0,0,nan,nan,0,0,nan,nan,
1750922013.770271301,1,-2.668563089,-0.047981018,0.744830572,-0.013448149,0.940190543,-0.034761542,-0.338603789,988,672,496,1.328304431,1.215531796,0.298484996,0.298484997,0.000002415,1,0,ok,map,672,496,942,0,ok,12,TRACKING,380,0,0,-1,0,0,0,nan,nan,0,0,nan,nan,
1750922013.782271385,1,-2.666863897,-0.047871698,0.744908868,-0.013696621,0.939378061,-0.034510349,-0.340866978,991,665,490,1.343575513,1.179408805,0.278506675,0.278506675,0.000001708,1,0,ok,map,665,490,942,0,ok,9,TRACKING,380,0,0,-1,0,0,0,nan,nan,0,0,nan,nan,
1750922013.794271469,1,-2.664714250,-0.047979745,0.743768694,-0.013657028,0.938542818,-0.034279258,-0.343184786,981,649,489,1.392444709,1.259681573,0.283595982,0.283595982,0.000001207,1,0,ok,map,649,489,942,0,ok,19,TRACKING,380,0,0,-1,0,0,0,nan,nan,0,0,nan,nan,
1750922013.806271553,1,-2.662959782,-0.046833006,0.744176164,-0.013714005,0.937735362,-0.034004396,-0.345409926,984,636,472,1.329005562,1.177152661,0.273151994,0.273151994,0.000002415,1,0,ok,map,636,472,942,0,ok,16,TRACKING,380,0,0,-1,0,0,0,nan,nan,0,0,nan,nan,
1750922013.818271637,1,-2.661212518,-0.046835847,0.742603010,-0.013692159,0.936866308,-0.034292422,-0.347732764,994,635,464,1.340575245,1.213935170,0.286118150,0.286118150,0.000001708,1,0,ok,map,635,464,942,0,ok,6,TRACKING,380,0,0,-1,0,0,0,nan,nan,0,0,nan,nan,
1750922013.830271721,1,-2.660082801,-0.047154987,0.741825204,-0.013990833,0.935995177,-0.034860846,-0.350002867,996,635,457,1.302810340,1.175287457,0.288182448,0.288182448,0.000001207,1,0,ok,map,635,457,942,0,ok,4,TRACKING,380,0,0,-1,0,0,0,nan,nan,0,0,nan,nan,
1750922013.842271805,1,-2.657763149,-0.047081155,0.740253522,-0.014269092,0.935132217,-0.034878174,-0.352289146,998,635,456,1.342804894,1.241527496,0.281846444,0.281846444,0.000002415,1,0,ok,map,635,456,942,0,ok,2,TRACKING,380,0,0,-1,0,0,0,nan,nan,0,0,nan,nan,
1750922013.854271889,1,-2.657412553,-0.046513198,0.738950781,-0.014281471,0.934202255,-0.034826617,-0.354752440,995,634,450,1.346977622,1.220036159,0.301779927,0.301779927,0.000001708,1,0,ok,map,634,450,942,0,ok,5,TRACKING,380,0,0,-1,0,0,0,nan,nan,0,0,nan,nan,
1750922013.866271973,1,-2.655517044,-0.047170732,0.738173726,-0.014482172,0.933270055,-0.034886375,-0.357183724,997,633,451,1.366192596,1.284363575,0.299344910,0.299344910,0.000001207,1,0,ok,map,633,451,942,0,ok,3,TRACKING,380,0,0,-1,0,0,0,nan,nan,0,0,nan,nan,
1750922013.878272057,1,-2.653704716,-0.046956076,0.736810798,-0.014513977,0.932278878,-0.034520370,-0.359796861,996,632,445,1.384421158,1.257446953,0.323016014,0.323016014,0.000001708,1,0,ok,map,632,445,942,0,ok,4,TRACKING,380,0,0,-1,0,0,0,nan,nan,0,0,nan,nan,
1750922013.890272141,1,-2.651132674,-0.046293108,0.735975714,-0.014556139,0.931240789,-0.034304077,-0.362494058,995,631,435,1.459846168,1.416040744,0.332138910,0.332138910,0.000002415,1,0,ok,map,631,435,942,0,ok,5,TRACKING,380,0,0,-1,0,0,0,nan,nan,0,0,nan,nan,
1750922013.902272224,1,-2.650792884,-0.047141549,0.733723937,-0.014710378,0.930185216,-0.034728147,-0.365147948,991,627,430,1.486155133,1.423923133,0.331345984,0.331345984,0.000002091,1,0,ok,map,627,430,942,0,ok,9,TRACKING,380,0,0,-1,0,0,0,nan,nan,0,0,nan,nan,
1750922013.914272308,1,-2.652758036,-0.046969627,0.729483510,-0.014706879,0.929131744,-0.035088457,-0.367786229,984,618,415,1.432228619,1.414975880,0.328143686,0.328143686,0.000000000,1,0,ok,map,618,415,942,0,ok,16,TRACKING,380,0,0,-1,0,0,0,nan,nan,0,0,nan,nan,
1750922013.926272392,1,-2.651662208,-0.046653464,0.727610042,-0.014777604,0.928068165,-0.035068035,-0.370460979,970,595,407,1.413895138,1.375919527,0.329954335,0.329954335,0.000002091,1,0,ok,map,595,407,942,0,ok,30,TRACKING,381,1,0,-1,0,0,0,nan,nan,0,0,nan,nan,
1750922013.938272476,1,-2.650557757,-0.047084968,0.723940553,-0.014787300,0.926986860,-0.035018963,-0.373162657,990,679,522,1.196603592,1.061387689,0.333514423,0.333514423,0.000001708,1,0,ok,map,679,522,1013,0,ok,10,TRACKING,381,0,0,-1,0,0,0,nan,nan,0,0,nan,nan,
1750922013.950272560,1,-2.647814523,-0.046782234,0.722797323,-0.014726342,0.925878264,-0.034793755,-0.375928145,994,679,512,1.228686852,1.054792839,0.342461053,0.342461053,0.000001708,1,0,ok,map,679,512,1013,0,ok,6,TRACKING,381,0,0,-1,0,0,0,nan,nan,0,0,nan,nan,
1750922013.962272644,1,-2.648672740,-0.046908370,0.718840491,-0.014755921,0.924767973,-0.034772454,-0.378651998,994,677,509,1.284251676,1.191605066,0.337091207,0.337091207,0.000001708,1,0,ok,map,677,509,1013,0,ok,6,TRACKING,381,0,0,-1,0,0,0,nan,nan,0,0,nan,nan,
1750922013.974272728,1,-2.646569420,-0.047125751,0.717544954,-0.015049715,0.923692861,-0.034942723,-0.381240096,995,677,508,1.293927554,1.184927182,0.323493951,0.323493951,0.000000000,1,0,ok,map,677,508,1013,0,ok,5,TRACKING,381,0,0,-1,0,0,0,nan,nan,0,0,nan,nan,
1750922013.986272812,1,-2.647522699,-0.046764050,0.714469114,-0.015012831,0.922603075,-0.035027010,-0.383863634,993,675,501,1.261934636,1.191096395,0.325711454,0.325711454,0.000001708,1,0,ok,map,675,501,1013,0,ok,7,TRACKING,381,0,0,-1,0,0,0,nan,nan,0,0,nan,nan,
1750922013.998272896,1,-2.646908131,-0.046020669,0.711201100,-0.014902441,0.921544635,-0.034944970,-0.386409435,992,673,505,1.311869955,1.210543784,0.316329109,0.316329109,0.000001207,1,0,ok,map,673,505,1013,0,ok,8,TRACKING,381,0,0,-1,0,0,0,nan,nan,0,0,nan,nan,
1750922014.010272980,1,-2.645917928,-0.046422124,0.707590065,-0.014769173,0.920452339,-0.035061866,-0.388998752,978,657,504,1.377058494,1.262781344,0.322674536,0.322674536,0.000001708,1,0,ok,map,657,504,1013,0,ok,22,TRACKING,381,0,0,-1,0,0,0,nan,nan,0,0,nan,nan,
1750922014.022273064,1,-2.645938641,-0.046131123,0.704795468,-0.014852000,0.919389816,-0.035026559,-0.391503417,989,652,501,1.370985092,1.353195977,0.311941962,0.311941962,0.000002091,1,0,ok,map,652,501,1013,0,ok,11,TRACKING,381,0,0,-1,0,0,0,nan,nan,0,0,nan,nan,
1750922014.034273148,1,-2.647202720,-0.046465236,0.701612141,-0.015108403,0.918352304,-0.035184907,-0.393907102,982,640,476,1.307326416,1.236312881,0.301986334,0.301986334,0.000001207,1,0,ok,map,640,476,1013,0,ok,18,TRACKING,381,0,0,-1,0,0,0,nan,nan,0,0,nan,nan,
1750922014.046273232,1,-2.645914283,-0.047095830,0.699969119,-0.015067474,0.917305595,-0.035387400,-0.396322027,980,622,473,1.304823379,1.240546230,0.302533590,0.302533590,0.000002415,1,0,ok,map,622,473,1013,0,ok,20,TRACKING,381,0,0,-1,0,0,0,nan,nan,0,0,nan,nan,
1750922014.058273315,1,-2.648197160,-0.046238116,0.695491677,-0.014900951,0.916240757,-0.035194403,-0.398800942,990,616,463,1.292286251,1.212246956,0.310538502,0.310538502,0.000001708,1,0,ok,map,616,463,1013,0,ok,10,TRACKING,381,0,0,-1,0,0,0,nan,nan,0,0,nan,nan,
1750922014.070273399,1,-2.648353482,-0.045493007,0.692456842,-0.014892363,0.915212162,-0.035133949,-0.401161465,995,615,462,1.323943120,1.198176748,0.295144100,0.295144100,0.000002091,1,0,ok,map,615,462,1013,0,ok,5,TRACKING,381,0,0,-1,0,0,0,nan,nan,0,0,nan,nan,
1750922014.082273483,1,-2.648492210,-0.045658141,0.689270036,-0.015158015,0.914204151,-0.035146475,-0.403442351,997,614,458,1.334417926,1.209403614,0.287377200,0.287377200,0.000001708,1,0,ok,map,614,458,1013,0,ok,3,TRACKING,381,0,0,-1,0,0,0,nan,nan,0,0,nan,nan,
1750922014.094273567,1,-2.649744366,-0.046786362,0.686324597,-0.015235696,0.913204139,-0.035142470,-0.405698264,997,614,446,1.325808981,1.211712314,0.282909418,0.282909418,0.000002091,1,0,ok,map,614,446,1013,0,ok,3,TRACKING,381,0,0,-1,0,0,0,nan,nan,0,0,nan,nan,
1750922014.106273651,1,-2.650745693,-0.045879427,0.683759233,-0.015211729,0.912195244,-0.035095978,-0.407966559,995,612,443,1.316852515,1.190403355,0.284541904,0.284541904,0.000002091,1,0,ok,map,612,443,1013,0,ok,5,TRACKING,381,0,0,-1,0,0,0,nan,nan,0,0,nan,nan,
1750922014.118273735,1,-2.648649816,-0.046416807,0.682078456,-0.015269336,0.911213788,-0.034968033,-0.410162793,994,608,431,1.333400348,1.197381430,0.276125025,0.276125025,0.000001708,1,0,ok,map,608,431,1013,0,ok,6,TRACKING,381,0,0,-1,0,0,0,nan,nan,0,0,nan,nan,
1750922014.130273819,1,-2.651679525,-0.045817267,0.676441579,-0.015114527,0.910173844,-0.034830115,-0.412482712,998,608,433,1.390324656,1.269794552,0.292298263,0.292298263,0.000000000,1,0,ok,map,608,433,1013,0,ok,2,TRACKING,381,0,0,-1,0,0,0,nan,nan,0,0,nan,nan,
1750922014.142273903,1,-2.649201606,-0.045403437,0.676300356,-0.015132206,0.909157404,-0.034729306,-0.414726061,999,607,427,1.405525204,1.279073212,0.282468688,0.282468688,0.000002415,1,0,ok,map,607,427,1013,0,ok,1,TRACKING,381,0,0,-1,0,0,0,nan,nan,0,0,nan,nan,
1750922014.154273987,1,-2.649937504,-0.046168971,0.672897697,-0.015213717,0.908180945,-0.034950729,-0.416838529,993,603,427,1.447730622,1.388594906,0.268047958,0.268047958,0.000001708,1,0,ok,map,603,427,1013,0,ok,7,TRACKING,381,0,0,-1,0,0,0,nan,nan,0,0,nan,nan,
1750922014.166274071,1,-2.649445211,-0.046449422,0.670959314,-0.015359954,0.907217421,-0.035030265,-0.418919448,996,600,422,1.461344123,1.406948431,0.263468765,0.263468765,0.000001207,1,0,ok,map,600,422,1013,0,ok,4,TRACKING,381,0,0,-1,0,0,0,nan,nan,0,0,nan,nan,
1750922014.178274155,1,-2.649674423,-0.046764440,0.668660752,-0.015424670,0.906271207,-0.034967444,-0.420965386,993,597,409,1.455311914,1.387723193,0.258513125,0.258513125,0.000000000,1,0,ok,map,597,409,1013,0,ok,7,TRACKING,381,0,0,-1,0,0,0,nan,nan,0,0,nan,nan,
1750922014.190274239,1,-2.650270701,-0.045589480,0.666506766,-0.015311501,0.905345701,-0.034799155,-0.422970138,986,584,395,1.413650644,1.368453294,0.254091647,0.254091647,0.000001207,1,0,ok,map,584,395,1013,0,ok,14,TRACKING,382,1,0,-1,0,0,0,nan,nan,0,0,nan,nan,
1750922014.202274323,1,-2.650931378,-0.045886421,0.663124100,-0.015326884,0.904419638,-0.034561084,-0.424965572,985,650,530,1.112784370,0.984149788,0.253562564,0.253562564,0.000001708,1,0,ok,map,650,530,1008,0,ok,15,TRACKING,382,0,0,-1,0,0,0,nan,nan,0,0,nan,nan,
1750922014.214274406,1,-2.651846102,-0.045668966,0.660034938,-0.015331838,0.903489650,-0.034456227,-0.426947486,997,647,524,1.129579752,0.970070492,0.251159001,0.251159001,0.000000000,1,0,ok,map,647,524,1008,0,ok,3,TRACKING,382,0,0,-1,0,0,0,nan,nan,0,0,nan,nan,
1750922014.226274490,1,-2.653476664,-0.045490811,0.657060097,-0.015455209,0.902621567,-0.034411919,-0.428778804,1000,647,520,1.133829729,0.990307489,0.232721937,0.232721937,0.000002091,1,0,ok,map,647,520,1008,0,ok,0,TRACKING,382,0,0,-1,0,0,0,nan,nan,0,0,nan,nan,
1750922014.238274574,1,-2.653198782,-0.046323850,0.655437044,-0.015407435,0.901716506,-0.034568780,-0.430668031,996,646,515,1.152178174,0.999087456,0.240784190,0.240784190,0.000002415,1,0,ok,map,646,515,1008,0,ok,4,TRACKING,382,0,0,-1,0,0,0,nan,nan,0,0,nan,nan,
1750922014.250274658,1,-2.652893122,-0.046445186,0.653750711,-0.015215192,0.900778360,-0.034502271,-0.432638924,999,646,512,1.204339748,1.031308197,0.251212240,0.251212240,0.000002091,1,0,ok,map,646,512,1008,0,ok,1,TRACKING,382,0,0,-1,0,0,0,nan,nan,0,0,nan,nan,
1750922014.262274742,1,-2.654564791,-0.045953943,0.649893495,-0.015169108,0.899836422,-0.034331895,-0.434609749,996,645,508,1.237650958,1.075933798,0.251124244,0.251124244,0.000002091,1,0,ok,map,645,508,1008,0,ok,4,TRACKING,382,0,0,-1,0,0,0,nan,nan,0,0,nan,nan,
1750922014.274274826,1,-2.655253987,-0.045476271,0.647284756,-0.015182122,0.898902147,-0.034344481,-0.436537386,997,645,506,1.273064388,1.147529399,0.245477020,0.245477020,0.000001708,1,0,ok,map,645,506,1008,0,ok,3,TRACKING,382,0,0,-1,0,0,0,nan,nan,0,0,nan,nan,
1750922014.286274910,1,-2.656207433,-0.046227775,0.644917782,-0.015393805,0.898029861,-0.034633167,-0.438298920,995,644,498,1.254072950,1.120594065,0.228954934,0.228954934,0.000000000,1,0,ok,map,644,498,1008,0,ok,5,TRACKING,382,0,0,-1,0,0,0,nan,nan,0,0,nan,nan,
1750922014.298274994,1,-2.657428707,-0.046378716,0.642436835,-0.015548121,0.897199467,-0.034616966,-0.439992089,997,644,495,1.260675330,1.177046563,0.216831108,0.216831108,0.000002415,1,0,ok,map,644,495,1008,0,ok,3,TRACKING,382,0,0,-1,0,0,0,nan,nan,0,0,nan,nan,
1750922014.310275078,1,-2.657534160,-0.045672339,0.639453623,-0.015411734,0.896372248,-0.034376268,-0.441698475,995,641,491,1.297744988,1.215360653,0.219603040,0.219603040,0.000001708,1,0,ok,map,641,491,1008,0,ok,5,TRACKING,382,0,0,-1,0,0,0,nan,nan,0,0,nan,nan,
1750922014.322275162,1,-2.656927730,-0.046061089,0.638044822,-0.015402615,0.895595308,-0.034206611,-0.443285136,999,641,489,1.321530209,1.256766172,0.203379696,0.203379696,0.000001708,1,0,ok,map,641,489,1008,0,ok,1,TRACKING,382,0,0,-1,0,0,0,nan,nan,0,0,nan,nan,
1750922014.334275246,1,-2.659907876,-0.045643103,0.635523133,-0.015326139,0.894803624,-0.033989867,-0.444900296,998,641,474,1.291858368,1.217461523,0.207797590,0.207797590,0.000001708,1,0,ok,map,641,474,1008,0,ok,2,TRACKING,382,0,0,-1,0,0,0,nan,nan,0,0,nan,nan,
1750922014.346275330,1,-2.659554050,-0.045353947,0.634769865,-0.015186763,0.894021069,-0.033922672,-0.446480618,1000,641,464,1.273268459,1.226346518,0.202854594,0.202854594,0.000001708,1,0,ok,map,641,464,1008,0,ok,0,TRACKING,382,0,0,-1,0,0,0,nan,nan,0,0,nan,nan,
1750922014.358275414,1,-2.661146010,-0.045922170,0.629837158,-0.015165064,0.893295798,-0.034202479,-0.447909398,988,630,473,1.362857449,1.338616456,0.186407576,0.186407576,0.000001708,1,0,ok,map,630,473,1008,0,ok,12,TRACKING,382,0,0,-1,0,0,0,nan,nan,0,0,nan,nan,
1750922014.370275497,1,-2.655878514,-0.046733471,0.632242157,-0.014919428,0.892651582,-0.034601633,-0.449169557,995,626,459,1.383049806,1.323033862,0.170840422,0.170840422,0.000001708,1,0,ok,map,626,459,1008,0,ok,5,TRACKING,382,0,0,-1,0,0,0,nan,nan,0,0,nan,nan,
1750922014.382275581,1,-2.659907616,-0.046799418,0.629985578,-0.014909117,0.892354379,-0.034972034,-0.449731405,977,609,425,1.411646265,1.390984901,0.084309030,0.084309030,0.000001708,1,0,ok,map,609,425,1008,0,ok,23,TRACKING,382,0,0,-1,0,0,0,nan,nan,0,0,nan,nan,
1750922014.394275665,1,-2.659020380,-0.049237332,0.628560180,-0.015115166,0.892218111,-0.035135972,-0.449982042,946,587,271,1.639453329,1.614853463,0.044487424,0.044487424,0.000001207,1,0,ok,map,587,271,1008,0,ok,54,TRACKING,383,1,0,-1,0,0,0,nan,nan,0,0,nan,nan,
1750922014.406275749,1,-2.660041129,-0.070049742,0.627348407,-0.014928657,0.892101283,-0.034720662,-0.450252053,944,198,59,1.401733189,1.268554267,0.062114803,0.062114803,0.000002091,1,0,ok,vo_fallback,581,77,919,0,PnP inlier ratio too low: 0.133,56,TRACKING,383,0,0,-1,0,0,0,nan,nan,0,0,nan,nan,
1750922014.418275833,1,-2.661622013,-0.069555696,0.629938471,-0.014753325,0.892113132,-0.034429905,-0.450256683,894,254,65,1.491872279,1.466009050,0.038934663,0.038934663,0.000003415,1,0,ok,vo_fallback,498,20,919,0,PnP inlier ratio too low: 0.040,106,TRACKING,383,0,0,-1,0,0,0,nan,nan,0,0,nan,nan,
1750922014.430275917,0,-2.661622013,-0.069555696,0.629938471,-0.014753325,0.892113132,-0.034429905,-0.450256683,848,37,4,nan,nan,nan,nan,nan,0,0,too few PnP inliers: 4,none,447,7,919,0,too few PnP inliers: 7,60,LOST,383,0,0,-1,0,0,0,nan,nan,0,0,nan,nan,
1750922014.442276001,1,-2.808750522,-0.124815868,0.697605410,-0.014958975,0.892171996,-0.034413858,-0.450134474,368,34,13,1.075234718,1.035141437,0.028290292,0.028290292,0.000002415,1,0,ok,vo_fallback,219,6,919,0,too few PnP inliers: 6,52,TRACKING,383,0,0,-1,0,0,0,nan,nan,0,0,nan,nan,
1750922014.454276085,1,-2.832757772,-0.148327245,0.696256603,-0.014965604,0.892224764,-0.034288930,-0.450039187,323,27,18,0.876242018,0.901448318,0.019008032,0.019008032,0.000003195,1,0,ok,vo_fallback,160,3,919,0,too few PnP inliers: 3,125,TRACKING,384,1,0,-1,0,0,0,nan,nan,0,0,nan,nan,
1750922014.466276169,0,-2.832757772,-0.148327245,0.696256603,-0.014965604,0.892224764,-0.034288930,-0.450039187,389,20,7,nan,nan,nan,nan,nan,0,0,too few PnP inliers: 7,none,135,4,808,0,too few PnP inliers: 4,196,LOST,384,0,0,-1,0,0,0,nan,nan,0,0,nan,nan,
1750922014.478276253,1,-2.747960122,-0.102433703,0.699443847,-0.014927107,0.892291374,-0.034214897,-0.449914021,563,24,15,1.234277962,1.086871282,0.018852421,0.018852421,0.000000000,1,0,ok,vo_fallback,131,4,808,0,too few PnP inliers: 4,143,TRACKING,384,0,0,-1,0,0,0,nan,nan,0,0,nan,nan,
1750922014.490276337,1,-2.857779964,-0.143303145,0.697727810,-0.014940535,0.892369517,-0.034302445,-0.449751895,623,19,12,1.294721903,1.499609504,0.022985853,0.022985853,0.000002091,1,0,ok,vo_fallback,124,4,808,0,too few PnP inliers: 4,31,TRACKING,384,0,0,-1,0,0,0,nan,nan,0,0,nan,nan,
1750922014.502276421,0,-2.857779964,-0.143303145,0.697727810,-0.014940535,0.892369517,-0.034302445,-0.449751895,274,12,0,nan,nan,nan,nan,nan,0,0,not enough PnP correspondences,none,76,5,808,0,too few PnP inliers: 5,34,LOST,384,0,0,-1,0,0,0,nan,nan,0,0,nan,nan,
1750922014.514276505,0,-2.857779964,-0.143303145,0.697727810,-0.014940535,0.892369517,-0.034302445,-0.449751895,207,2,0,nan,nan,nan,nan,nan,0,0,not enough PnP correspondences,none,60,5,808,1,too few PnP inliers: 5,37,LOST,384,0,0,-1,0,0,0,nan,nan,0,0,nan,nan,
1750922014.526276588,0,-2.857779964,-0.143303145,0.697727810,-0.014940535,0.892369517,-0.034302445,-0.449751895,188,4,0,nan,nan,nan,nan,nan,0,0,not enough PnP correspondences,none,56,0,808,1,fixed-rotation RANSAC failed,11,LOST,384,0,0,-1,0,0,0,nan,nan,0,0,nan,nan,
1750922014.538276672,0,-2.857779964,-0.143303145,0.697727810,-0.014940535,0.892369517,-0.034302445,-0.449751895,95,0,0,nan,nan,nan,nan,nan,0,0,not enough PnP correspondences,none,25,4,808,1,too few PnP inliers: 4,0,LOST,384,0,0,-1,0,0,0,nan,nan,0,0,nan,nan,
1750922014.550276756,0,-2.857779964,-0.143303145,0.697727810,-0.014940535,0.892369517,-0.034302445,-0.449751895,0,0,0,nan,nan,nan,nan,nan,0,0,not enough PnP correspondences,none,0,0,808,0,not enough map correspondences,0,LOST,384,0,0,-1,0,0,0,nan,nan,0,0,nan,nan,
1750922014.562276840,0,-2.857779964,-0.143303145,0.697727810,-0.014940535,0.892369517,-0.034302445,-0.449751895,0,0,0,nan,nan,nan,nan,nan,0,0,not enough PnP correspondences,none,0,0,808,0,not enough map correspondences,0,LOST,384,0,0,-1,0,0,0,nan,nan,0,0,nan,nan,
1750922014.574276924,0,-2.857779964,-0.143303145,0.697727810,-0.014940535,0.892369517,-0.034302445,-0.449751895,0,0,0,nan,nan,nan,nan,nan,0,0,not enough PnP correspondences,none,0,0,808,0,not enough map correspondences,1,LOST,384,0,0,-1,0,0,0,nan,nan,0,0,nan,nan,
1750922014.586277008,0,-2.857779964,-0.143303145,0.697727810,-0.014940535,0.892369517,-0.034302445,-0.449751895,1,0,0,nan,nan,nan,nan,nan,0,0,not enough PnP correspondences,none,0,0,808,0,not enough map correspondences,0,LOST,384,0,0,-1,0,0,0,nan,nan,0,0,nan,nan,
1750922014.598277092,0,-2.857779964,-0.143303145,0.697727810,-0.014940535,0.892369517,-0.034302445,-0.449751895,0,0,0,nan,nan,nan,nan,nan,0,0,not enough PnP correspondences,none,0,0,808,0,not enough map correspondences,0,LOST,384,0,0,-1,0,0,0,nan,nan,0,0,nan,nan,
1750922014.610277176,0,-2.857779964,-0.143303145,0.697727810,-0.014940535,0.892369517,-0.034302445,-0.449751895,0,0,0,nan,nan,nan,nan,nan,0,0,not enough PnP correspondences,none,0,0,808,0,not enough map correspondences,0,LOST,384,0,0,-1,0,0,0,nan,nan,0,0,nan,nan,
1750922014.622277260,0,-2.857779964,-0.143303145,0.697727810,-0.014940535,0.892369517,-0.034302445,-0.449751895,0,0,0,nan,nan,nan,nan,nan,0,0,not enough PnP correspondences,none,0,0,808,0,not enough map correspondences,0,LOST,384,0,0,-1,0,0,0,nan,nan,0,0,nan,nan,
1750922014.634277344,0,-2.857779964,-0.143303145,0.697727810,-0.014940535,0.892369517,-0.034302445,-0.449751895,0,0,0,nan,nan,nan,nan,nan,0,0,not enough PnP correspondences,none,0,0,808,0,not enough map correspondences,0,LOST,384,0,0,-1,0,0,0,nan,nan,0,0,nan,nan,
1750922014.646277428,0,-2.857779964,-0.143303145,0.697727810,-0.014940535,0.892369517,-0.034302445,-0.449751895,0,0,0,nan,nan,nan,nan,nan,0,0,not enough PnP correspondences,none,0,0,808,0,not enough map correspondences,0,LOST,384,0,0,-1,0,0,0,nan,nan,0,0,nan,nan,
1750922014.658277512,0,-2.857779964,-0.143303145,0.697727810,-0.014940535,0.892369517,-0.034302445,-0.449751895,0,0,0,nan,nan,nan,nan,nan,0,0,not enough PnP correspondences,none,0,0,808,0,not enough map correspondences,0,LOST,384,0,0,-1,0,0,0,nan,nan,0,0,nan,nan,
1750922014.670277596,0,-2.857779964,-0.143303145,0.697727810,-0.014940535,0.892369517,-0.034302445,-0.449751895,0,0,0,nan,nan,nan,nan,nan,0,0,not enough PnP correspondences,none,0,0,808,0,not enough map correspondences,0,LOST,384,0,0,-1,0,0,0,nan,nan,0,0,nan,nan,
1750922014.682277679,0,-2.857779964,-0.143303145,0.697727810,-0.014940535,0.892369517,-0.034302445,-0.449751895,0,0,0,nan,nan,nan,nan,nan,0,0,not enough PnP correspondences,none,0,0,808,0,not enough map correspondences,0,LOST,384,0,0,-1,0,0,0,nan,nan,0,0,nan,nan,
1750922014.694277763,0,-2.857779964,-0.143303145,0.697727810,-0.014940535,0.892369517,-0.034302445,-0.449751895,0,0,0,nan,nan,nan,nan,nan,0,0,not enough PnP correspondences,none,0,0,808,0,not enough map correspondences,0,LOST,384,0,0,-1,0,0,0,nan,nan,0,0,nan,nan,
1750922014.706277847,0,-2.857779964,-0.143303145,0.697727810,-0.014940535,0.892369517,-0.034302445,-0.449751895,0,0,0,nan,nan,nan,nan,nan,0,0,not enough PnP correspondences,none,0,0,808,0,not enough map correspondences,0,LOST,384,0,0,-1,0,0,0,nan,nan,0,0,nan,nan,
1750922014.718277931,0,-2.857779964,-0.143303145,0.697727810,-0.014940535,0.892369517,-0.034302445,-0.449751895,0,0,0,nan,nan,nan,nan,nan,0,0,not enough PnP correspondences,none,0,0,808,0,not enough map correspondences,0,LOST,384,0,0,-1,0,0,0,nan,nan,0,0,nan,nan,
1750922014.730278015,0,-2.857779964,-0.143303145,0.697727810,-0.014940535,0.892369517,-0.034302445,-0.449751895,0,0,0,nan,nan,nan,nan,nan,0,0,not enough PnP correspondences,none,0,0,808,0,not enough map correspondences,0,LOST,384,0,0,-1,0,0,0,nan,nan,0,0,nan,nan,
1750922014.742278099,0,-2.857779964,-0.143303145,0.697727810,-0.014940535,0.892369517,-0.034302445,-0.449751895,0,0,0,nan,nan,nan,nan,nan,0,0,not enough PnP correspondences,none,0,0,808,0,not enough map correspondences,0,LOST,384,0,0,-1,0,0,0,nan,nan,0,0,nan,nan,
1750922014.754278183,0,-2.857779964,-0.143303145,0.697727810,-0.014940535,0.892369517,-0.034302445,-0.449751895,0,0,0,nan,nan,nan,nan,nan,0,0,not enough PnP correspondences,none,0,0,808,0,not enough map correspondences,0,LOST,384,0,0,-1,0,0,0,nan,nan,0,0,nan,nan,
1750922014.766278267,0,-2.857779964,-0.143303145,0.697727810,-0.014940535,0.892369517,-0.034302445,-0.449751895,0,0,0,nan,nan,nan,nan,nan,0,0,not enough PnP correspondences,none,0,0,808,0,not enough map correspondences,0,LOST,384,0,0,-1,0,0,0,nan,nan,0,0,nan,nan,
1750922014.778278351,0,-2.857779964,-0.143303145,0.697727810,-0.014940535,0.892369517,-0.034302445,-0.449751895,0,0,0,nan,nan,nan,nan,nan,0,0,not enough PnP correspondences,none,0,0,808,0,not enough map correspondences,0,LOST,384,0,0,-1,0,0,0,nan,nan,0,0,nan,nan,
1750922014.790278435,0,-2.857779964,-0.143303145,0.697727810,-0.014940535,0.892369517,-0.034302445,-0.449751895,0,0,0,nan,nan,nan,nan,nan,0,0,not enough PnP correspondences,none,0,0,808,0,not enough map correspondences,0,LOST,384,0,0,-1,0,0,0,nan,nan,0,0,nan,nan,
1750922014.802278519,0,-2.857779964,-0.143303145,0.697727810,-0.014940535,0.892369517,-0.034302445,-0.449751895,0,0,0,nan,nan,nan,nan,nan,0,0,not enough PnP correspondences,none,0,0,808,0,not enough map correspondences,0,LOST,384,0,0,-1,0,0,0,nan,nan,0,0,nan,nan,
1750922014.814278603,0,-2.857779964,-0.143303145,0.697727810,-0.014940535,0.892369517,-0.034302445,-0.449751895,0,0,0,nan,nan,nan,nan,nan,0,0,not enough PnP correspondences,none,0,0,808,0,not enough map correspondences,0,LOST,384,0,0,-1,0,0,0,nan,nan,0,0,nan,nan,
1750922014.826278687,0,-2.857779964,-0.143303145,0.697727810,-0.014940535,0.892369517,-0.034302445,-0.449751895,0,0,0,nan,nan,nan,nan,nan,0,0,not enough PnP correspondences,none,0,0,808,0,not enough map correspondences,0,LOST,384,0,0,-1,0,0,0,nan,nan,0,0,nan,nan,
1750922014.838278770,0,-2.857779964,-0.143303145,0.697727810,-0.014940535,0.892369517,-0.034302445,-0.449751895,0,0,0,nan,nan,nan,nan,nan,0,0,not enough PnP correspondences,none,0,0,808,0,not enough map correspondences,0,LOST,384,0,0,-1,0,0,0,nan,nan,0,0,nan,nan,
1750922014.850278854,0,-2.857779964,-0.143303145,0.697727810,-0.014940535,0.892369517,-0.034302445,-0.449751895,0,0,0,nan,nan,nan,nan,nan,0,0,not enough PnP correspondences,none,0,0,808,0,not enough map correspondences,0,LOST,384,0,0,-1,0,0,0,nan,nan,0,0,nan,nan,
1750922014.862278938,0,-2.857779964,-0.143303145,0.697727810,-0.014940535,0.892369517,-0.034302445,-0.449751895,0,0,0,nan,nan,nan,nan,nan,0,0,not enough PnP correspondences,none,0,0,808,0,not enough map correspondences,0,LOST,384,0,0,-1,0,0,0,nan,nan,0,0,nan,nan,
1750922014.874279022,0,-2.857779964,-0.143303145,0.697727810,-0.014940535,0.892369517,-0.034302445,-0.449751895,0,0,0,nan,nan,nan,nan,nan,0,0,not enough PnP correspondences,none,0,0,808,0,not enough map correspondences,0,LOST,384,0,0,-1,0,0,0,nan,nan,0,0,nan,nan,
1750922014.886279106,0,-2.857779964,-0.143303145,0.697727810,-0.014940535,0.892369517,-0.034302445,-0.449751895,0,0,0,nan,nan,nan,nan,nan,0,0,not enough PnP correspondences,none,0,0,808,0,not enough map correspondences,0,LOST,384,0,0,-1,0,0,0,nan,nan,0,0,nan,nan,
1750922014.898279190,0,-2.857779964,-0.143303145,0.697727810,-0.014940535,0.892369517,-0.034302445,-0.449751895,0,0,0,nan,nan,nan,nan,nan,0,0,not enough PnP correspondences,none,0,0,808,0,not enough map correspondences,0,LOST,384,0,0,-1,0,0,0,nan,nan,0,0,nan,nan,
1750922014.910279274,0,-2.857779964,-0.143303145,0.697727810,-0.014940535,0.892369517,-0.034302445,-0.449751895,0,0,0,nan,nan,nan,nan,nan,0,0,not enough PnP correspondences,none,0,0,808,0,not enough map correspondences,0,LOST,384,0,0,-1,0,0,0,nan,nan,0,0,nan,nan,
1750922014.922279358,0,-2.857779964,-0.143303145,0.697727810,-0.014940535,0.892369517,-0.034302445,-0.449751895,0,0,0,nan,nan,nan,nan,nan,0,0,not enough PnP correspondences,none,0,0,808,0,not enough map correspondences,0,LOST,384,0,0,-1,0,0,0,nan,nan,0,0,nan,nan,
1750922014.934279442,0,-2.857779964,-0.143303145,0.697727810,-0.014940535,0.892369517,-0.034302445,-0.449751895,0,0,0,nan,nan,nan,nan,nan,0,0,not enough PnP correspondences,none,0,0,808,0,not enough map correspondences,0,LOST,384,0,0,-1,0,0,0,nan,nan,0,0,nan,nan,
1750922014.946279526,0,-2.857779964,-0.143303145,0.697727810,-0.014940535,0.892369517,-0.034302445,-0.449751895,0,0,0,nan,nan,nan,nan,nan,0,0,not enough PnP correspondences,none,0,0,808,0,not enough map correspondences,0,LOST,384,0,0,-1,0,0,0,nan,nan,0,0,nan,nan,
1750922014.958279610,0,-2.857779964,-0.143303145,0.697727810,-0.014940535,0.892369517,-0.034302445,-0.449751895,0,0,0,nan,nan,nan,nan,nan,0,0,not enough PnP correspondences,none,0,0,808,0,not enough map correspondences,0,LOST,384,0,0,-1,0,0,0,nan,nan,0,0,nan,nan,
1750922014.970279694,0,-2.857779964,-0.143303145,0.697727810,-0.014940535,0.892369517,-0.034302445,-0.449751895,0,0,0,nan,nan,nan,nan,nan,0,0,not enough PnP correspondences,none,0,0,808,0,not enough map correspondences,0,LOST,384,0,0,-1,0,0,0,nan,nan,0,0,nan,nan,
1750922014.982279778,0,-2.857779964,-0.143303145,0.697727810,-0.014940535,0.892369517,-0.034302445,-0.449751895,0,0,0,nan,nan,nan,nan,nan,0,0,not enough PnP correspondences,none,0,0,808,0,not enough map correspondences,0,LOST,384,0,0,-1,0,0,0,nan,nan,0,0,nan,nan,
1750922014.994279861,0,-2.857779964,-0.143303145,0.697727810,-0.014940535,0.892369517,-0.034302445,-0.449751895,0,0,0,nan,nan,nan,nan,nan,0,0,not enough PnP correspondences,none,0,0,808,0,not enough map correspondences,0,LOST,384,0,0,-1,0,0,0,nan,nan,0,0,nan,nan,
1750922015.006279945,0,-2.857779964,-0.143303145,0.697727810,-0.014940535,0.892369517,-0.034302445,-0.449751895,0,0,0,nan,nan,nan,nan,nan,0,0,not enough PnP correspondences,none,0,0,808,0,not enough map correspondences,0,LOST,384,0,0,-1,0,0,0,nan,nan,0,0,nan,nan,
1750922015.018280029,0,-2.857779964,-0.143303145,0.697727810,-0.014940535,0.892369517,-0.034302445,-0.449751895,0,0,0,nan,nan,nan,nan,nan,0,0,not enough PnP correspondences,none,0,0,808,0,not enough map correspondences,0,LOST,384,0,0,-1,0,0,0,nan,nan,0,0,nan,nan,
1750922015.030280113,0,-2.857779964,-0.143303145,0.697727810,-0.014940535,0.892369517,-0.034302445,-0.449751895,0,0,0,nan,nan,nan,nan,nan,0,0,not enough PnP correspondences,none,0,0,808,0,not enough map correspondences,0,LOST,384,0,0,-1,0,0,0,nan,nan,0,0,nan,nan,
1750922015.042280197,0,-2.857779964,-0.143303145,0.697727810,-0.014940535,0.892369517,-0.034302445,-0.449751895,0,0,0,nan,nan,nan,nan,nan,0,0,not enough PnP correspondences,none,0,0,808,0,not enough map correspondences,0,LOST,384,0,0,-1,0,0,0,nan,nan,0,0,nan,nan,
1750922015.054280281,0,-2.857779964,-0.143303145,0.697727810,-0.014940535,0.892369517,-0.034302445,-0.449751895,0,0,0,nan,nan,nan,nan,nan,0,0,not enough PnP correspondences,none,0,0,808,0,not enough map correspondences,0,LOST,384,0,0,-1,0,0,0,nan,nan,0,0,nan,nan,
1750922015.066280365,0,-2.857779964,-0.143303145,0.697727810,-0.014940535,0.892369517,-0.034302445,-0.449751895,0,0,0,nan,nan,nan,nan,nan,0,0,not enough PnP correspondences,none,0,0,808,0,not enough map correspondences,0,LOST,384,0,0,-1,0,0,0,nan,nan,0,0,nan,nan,
1750922015.078280449,0,-2.857779964,-0.143303145,0.697727810,-0.014940535,0.892369517,-0.034302445,-0.449751895,0,0,0,nan,nan,nan,nan,nan,0,0,not enough PnP correspondences,none,0,0,808,0,not enough map correspondences,0,LOST,384,0,0,-1,0,0,0,nan,nan,0,0,nan,nan,
1750922015.090280533,0,-2.857779964,-0.143303145,0.697727810,-0.014940535,0.892369517,-0.034302445,-0.449751895,0,0,0,nan,nan,nan,nan,nan,0,0,not enough PnP correspondences,none,0,0,808,0,not enough map correspondences,0,LOST,384,0,0,-1,0,0,0,nan,nan,0,0,nan,nan,
1750922015.102280617,0,-2.857779964,-0.143303145,0.697727810,-0.014940535,0.892369517,-0.034302445,-0.449751895,0,0,0,nan,nan,nan,nan,nan,0,0,not enough PnP correspondences,none,0,0,808,0,not enough map correspondences,0,LOST,384,0,0,-1,0,0,0,nan,nan,0,0,nan,nan,
1750922015.114280701,0,-2.857779964,-0.143303145,0.697727810,-0.014940535,0.892369517,-0.034302445,-0.449751895,0,0,0,nan,nan,nan,nan,nan,0,0,not enough PnP correspondences,none,0,0,808,0,not enough map correspondences,0,LOST,384,0,0,-1,0,0,0,nan,nan,0,0,nan,nan,
1750922015.126280785,0,-2.857779964,-0.143303145,0.697727810,-0.014940535,0.892369517,-0.034302445,-0.449751895,0,0,0,nan,nan,nan,nan,nan,0,0,not enough PnP correspondences,none,0,0,808,0,not enough map correspondences,0,LOST,384,0,0,-1,0,0,0,nan,nan,0,0,nan,nan,
1750922015.138280869,0,-2.857779964,-0.143303145,0.697727810,-0.014940535,0.892369517,-0.034302445,-0.449751895,0,0,0,nan,nan,nan,nan,nan,0,0,not enough PnP correspondences,none,0,0,808,0,not enough map correspondences,0,LOST,384,0,0,-1,0,0,0,nan,nan,0,0,nan,nan,
1750922015.150280952,0,-2.857779964,-0.143303145,0.697727810,-0.014940535,0.892369517,-0.034302445,-0.449751895,0,0,0,nan,nan,nan,nan,nan,0,0,not enough PnP correspondences,none,0,0,808,0,not enough map correspondences,0,LOST,384,0,0,-1,0,0,0,nan,nan,0,0,nan,nan,
1750922015.162281036,0,-2.857779964,-0.143303145,0.697727810,-0.014940535,0.892369517,-0.034302445,-0.449751895,0,0,0,nan,nan,nan,nan,nan,0,0,not enough PnP correspondences,none,0,0,808,0,not enough map correspondences,0,LOST,384,0,0,-1,0,0,0,nan,nan,0,0,nan,nan,
1750922015.174281120,0,-2.857779964,-0.143303145,0.697727810,-0.014940535,0.892369517,-0.034302445,-0.449751895,0,0,0,nan,nan,nan,nan,nan,0,0,not enough PnP correspondences,none,0,0,808,0,not enough map correspondences,0,LOST,384,0,0,-1,0,0,0,nan,nan,0,0,nan,nan,
1750922015.186281204,0,-2.857779964,-0.143303145,0.697727810,-0.014940535,0.892369517,-0.034302445,-0.449751895,0,0,0,nan,nan,nan,nan,nan,0,0,not enough PnP correspondences,none,0,0,808,0,not enough map correspondences,0,LOST,384,0,0,-1,0,0,0,nan,nan,0,0,nan,nan,
1750922015.198281288,0,-2.857779964,-0.143303145,0.697727810,-0.014940535,0.892369517,-0.034302445,-0.449751895,0,0,0,nan,nan,nan,nan,nan,0,0,not enough PnP correspondences,none,0,0,808,0,not enough map correspondences,0,LOST,384,0,0,-1,0,0,0,nan,nan,0,0,nan,nan,
1750922015.210281372,0,-2.857779964,-0.143303145,0.697727810,-0.014940535,0.892369517,-0.034302445,-0.449751895,0,0,0,nan,nan,nan,nan,nan,0,0,not enough PnP correspondences,none,0,0,808,0,not enough map correspondences,0,LOST,384,0,0,-1,0,0,0,nan,nan,0,0,nan,nan,
1750922015.222281456,0,-2.857779964,-0.143303145,0.697727810,-0.014940535,0.892369517,-0.034302445,-0.449751895,0,0,0,nan,nan,nan,nan,nan,0,0,not enough PnP correspondences,none,0,0,808,0,not enough map correspondences,0,LOST,384,0,0,-1,0,0,0,nan,nan,0,0,nan,nan,
1750922015.234281540,0,-2.857779964,-0.143303145,0.697727810,-0.014940535,0.892369517,-0.034302445,-0.449751895,0,0,0,nan,nan,nan,nan,nan,0,0,not enough PnP correspondences,none,0,0,808,0,not enough map correspondences,0,LOST,384,0,0,-1,0,0,0,nan,nan,0,0,nan,nan,
1750922015.246281624,0,-2.857779964,-0.143303145,0.697727810,-0.014940535,0.892369517,-0.034302445,-0.449751895,0,0,0,nan,nan,nan,nan,nan,0,0,not enough PnP correspondences,none,0,0,808,0,not enough map correspondences,0,LOST,384,0,0,-1,0,0,0,nan,nan,0,0,nan,nan,
1750922015.258281708,0,-2.857779964,-0.143303145,0.697727810,-0.014940535,0.892369517,-0.034302445,-0.449751895,0,0,0,nan,nan,nan,nan,nan,0,0,not enough PnP correspondences,none,0,0,808,0,not enough map correspondences,0,LOST,384,0,0,-1,0,0,0,nan,nan,0,0,nan,nan,
1750922015.270281792,0,-2.857779964,-0.143303145,0.697727810,-0.014940535,0.892369517,-0.034302445,-0.449751895,0,0,0,nan,nan,nan,nan,nan,0,0,not enough PnP correspondences,none,0,0,808,0,not enough map correspondences,0,LOST,384,0,0,-1,0,0,0,nan,nan,0,0,nan,nan,
1750922015.282281876,0,-2.857779964,-0.143303145,0.697727810,-0.014940535,0.892369517,-0.034302445,-0.449751895,0,0,0,nan,nan,nan,nan,nan,0,0,not enough PnP correspondences,none,0,0,808,0,not enough map correspondences,0,LOST,384,0,0,-1,0,0,0,nan,nan,0,0,nan,nan,
1750922015.294281960,0,-2.857779964,-0.143303145,0.697727810,-0.014940535,0.892369517,-0.034302445,-0.449751895,0,0,0,nan,nan,nan,nan,nan,0,0,not enough PnP correspondences,none,0,0,808,0,not enough map correspondences,0,LOST,384,0,0,-1,0,0,0,nan,nan,0,0,nan,nan,
1750922015.306282043,0,-2.857779964,-0.143303145,0.697727810,-0.014940535,0.892369517,-0.034302445,-0.449751895,0,0,0,nan,nan,nan,nan,nan,0,0,not enough PnP correspondences,none,0,0,808,0,not enough map correspondences,0,LOST,384,0,0,-1,0,0,0,nan,nan,0,0,nan,nan,
1750922015.318282127,0,-2.857779964,-0.143303145,0.697727810,-0.014940535,0.892369517,-0.034302445,-0.449751895,0,0,0,nan,nan,nan,nan,nan,0,0,not enough PnP correspondences,none,0,0,808,0,not enough map correspondences,0,LOST,384,0,0,-1,0,0,0,nan,nan,0,0,nan,nan,
1750922015.330282211,0,-2.857779964,-0.143303145,0.697727810,-0.014940535,0.892369517,-0.034302445,-0.449751895,0,0,0,nan,nan,nan,nan,nan,0,0,not enough PnP correspondences,none,0,0,808,0,not enough map correspondences,0,LOST,384,0,0,-1,0,0,0,nan,nan,0,0,nan,nan,
1750922015.342282295,0,-2.857779964,-0.143303145,0.697727810,-0.014940535,0.892369517,-0.034302445,-0.449751895,0,0,0,nan,nan,nan,nan,nan,0,0,not enough PnP correspondences,none,0,0,808,0,not enough map correspondences,0,LOST,384,0,0,-1,0,0,0,nan,nan,0,0,nan,nan,
1750922015.354282379,0,-2.857779964,-0.143303145,0.697727810,-0.014940535,0.892369517,-0.034302445,-0.449751895,0,0,0,nan,nan,nan,nan,nan,0,0,not enough PnP correspondences,none,0,0,808,0,not enough map correspondences,0,LOST,384,0,0,-1,0,0,0,nan,nan,0,0,nan,nan,
1750922015.366282463,0,-2.857779964,-0.143303145,0.697727810,-0.014940535,0.892369517,-0.034302445,-0.449751895,0,0,0,nan,nan,nan,nan,nan,0,0,not enough PnP correspondences,none,0,0,808,0,not enough map correspondences,0,LOST,384,0,0,-1,0,0,0,nan,nan,0,0,nan,nan,
1750922015.378282547,0,-2.857779964,-0.143303145,0.697727810,-0.014940535,0.892369517,-0.034302445,-0.449751895,0,0,0,nan,nan,nan,nan,nan,0,0,not enough PnP correspondences,none,0,0,808,0,not enough map correspondences,0,LOST,384,0,0,-1,0,0,0,nan,nan,0,0,nan,nan,
1750922015.390282631,0,-2.857779964,-0.143303145,0.697727810,-0.014940535,0.892369517,-0.034302445,-0.449751895,0,0,0,nan,nan,nan,nan,nan,0,0,not enough PnP correspondences,none,0,0,808,0,not enough map correspondences,0,LOST,384,0,0,-1,0,0,0,nan,nan,0,0,nan,nan,
1750922015.402282715,0,-2.857779964,-0.143303145,0.697727810,-0.014940535,0.892369517,-0.034302445,-0.449751895,0,0,0,nan,nan,nan,nan,nan,0,0,not enough PnP correspondences,none,0,0,808,0,not enough map correspondences,0,LOST,384,0,0,-1,0,0,0,nan,nan,0,0,nan,nan,
1750922015.414282799,0,-2.857779964,-0.143303145,0.697727810,-0.014940535,0.892369517,-0.034302445,-0.449751895,0,0,0,nan,nan,nan,nan,nan,0,0,not enough PnP correspondences,none,0,0,808,0,not enough map correspondences,0,LOST,384,0,0,-1,0,0,0,nan,nan,0,0,nan,nan,
1750922015.426282883,0,-2.857779964,-0.143303145,0.697727810,-0.014940535,0.892369517,-0.034302445,-0.449751895,0,0,0,nan,nan,nan,nan,nan,0,0,not enough PnP correspondences,none,0,0,808,0,not enough map correspondences,0,LOST,384,0,0,-1,0,0,0,nan,nan,0,0,nan,nan,
1750922015.438282967,0,-2.857779964,-0.143303145,0.697727810,-0.014940535,0.892369517,-0.034302445,-0.449751895,0,0,0,nan,nan,nan,nan,nan,0,0,not enough PnP correspondences,none,0,0,808,0,not enough map correspondences,0,LOST,384,0,0,-1,0,0,0,nan,nan,0,0,nan,nan,
1750922015.450283051,0,-2.857779964,-0.143303145,0.697727810,-0.014940535,0.892369517,-0.034302445,-0.449751895,0,0,0,nan,nan,nan,nan,nan,0,0,not enough PnP correspondences,none,0,0,808,0,not enough map correspondences,0,LOST,384,0,0,-1,0,0,0,nan,nan,0,0,nan,nan,
1750922015.462283134,0,-2.857779964,-0.143303145,0.697727810,-0.014940535,0.892369517,-0.034302445,-0.449751895,0,0,0,nan,nan,nan,nan,nan,0,0,not enough PnP correspondences,none,0,0,808,0,not enough map correspondences,0,LOST,384,0,0,-1,0,0,0,nan,nan,0,0,nan,nan,
1750922015.474283218,0,-2.857779964,-0.143303145,0.697727810,-0.014940535,0.892369517,-0.034302445,-0.449751895,0,0,0,nan,nan,nan,nan,nan,0,0,not enough PnP correspondences,none,0,0,808,0,not enough map correspondences,0,LOST,384,0,0,-1,0,0,0,nan,nan,0,0,nan,nan,
1750922015.486283302,0,-2.857779964,-0.143303145,0.697727810,-0.014940535,0.892369517,-0.034302445,-0.449751895,0,0,0,nan,nan,nan,nan,nan,0,0,not enough PnP correspondences,none,0,0,808,0,not enough map correspondences,0,LOST,384,0,0,-1,0,0,0,nan,nan,0,0,nan,nan,
1750922015.498283386,0,-2.857779964,-0.143303145,0.697727810,-0.014940535,0.892369517,-0.034302445,-0.449751895,0,0,0,nan,nan,nan,nan,nan,0,0,not enough PnP correspondences,none,0,0,808,0,not enough map correspondences,0,LOST,384,0,0,-1,0,0,0,nan,nan,0,0,nan,nan,
1750922015.510283470,0,-2.857779964,-0.143303145,0.697727810,-0.014940535,0.892369517,-0.034302445,-0.449751895,0,0,0,nan,nan,nan,nan,nan,0,0,not enough PnP correspondences,none,0,0,808,0,not enough map correspondences,0,LOST,384,0,0,-1,0,0,0,nan,nan,0,0,nan,nan,
1750922015.522283554,0,-2.857779964,-0.143303145,0.697727810,-0.014940535,0.892369517,-0.034302445,-0.449751895,0,0,0,nan,nan,nan,nan,nan,0,0,not enough PnP correspondences,none,0,0,808,0,not enough map correspondences,0,LOST,384,0,0,-1,0,0,0,nan,nan,0,0,nan,nan,
1750922015.534283638,0,-2.857779964,-0.143303145,0.697727810,-0.014940535,0.892369517,-0.034302445,-0.449751895,0,0,0,nan,nan,nan,nan,nan,0,0,not enough PnP correspondences,none,0,0,808,0,not enough map correspondences,0,LOST,384,0,0,-1,0,0,0,nan,nan,0,0,nan,nan,
1750922015.546283722,0,-2.857779964,-0.143303145,0.697727810,-0.014940535,0.892369517,-0.034302445,-0.449751895,0,0,0,nan,nan,nan,nan,nan,0,0,not enough PnP correspondences,none,0,0,808,0,not enough map correspondences,0,LOST,384,0,0,-1,0,0,0,nan,nan,0,0,nan,nan,
1750922015.558283806,0,-2.857779964,-0.143303145,0.697727810,-0.014940535,0.892369517,-0.034302445,-0.449751895,0,0,0,nan,nan,nan,nan,nan,0,0,not enough PnP correspondences,none,0,0,808,0,not enough map correspondences,0,LOST,384,0,0,-1,0,0,0,nan,nan,0,0,nan,nan,
1750922015.570283890,0,-2.857779964,-0.143303145,0.697727810,-0.014940535,0.892369517,-0.034302445,-0.449751895,0,0,0,nan,nan,nan,nan,nan,0,0,not enough PnP correspondences,none,0,0,808,0,not enough map correspondences,0,LOST,384,0,0,-1,0,0,0,nan,nan,0,0,nan,nan,
1750922015.582283974,0,-2.857779964,-0.143303145,0.697727810,-0.014940535,0.892369517,-0.034302445,-0.449751895,0,0,0,nan,nan,nan,nan,nan,0,0,not enough PnP correspondences,none,0,0,808,0,not enough map correspondences,0,LOST,384,0,0,-1,0,0,0,nan,nan,0,0,nan,nan,
1750922015.594284058,0,-2.857779964,-0.143303145,0.697727810,-0.014940535,0.892369517,-0.034302445,-0.449751895,0,0,0,nan,nan,nan,nan,nan,0,0,not enough PnP correspondences,none,0,0,808,0,not enough map correspondences,0,LOST,384,0,0,-1,0,0,0,nan,nan,0,0,nan,nan,
