0.030223000 0.000000000 0.000000000 0.000000000 -0.000000000 -0.000000000 -0.000000000 1.000000000
0.130276000 0.000000000 0.000000000 0.000000000 -0.000000000 -0.000000000 -0.000000000 1.000000000
0.230376000 0.041991107 -0.027470513 0.130470455 -0.000018362 -0.000492598 -0.000089905 0.999999874
0.330564000 0.058825409 -0.037876427 0.178942923 -0.000008984 -0.000718828 -0.000107263 0.999999736
0.430791000 0.055379700 -0.035733334 0.128973348 -0.000007970 -0.000962216 -0.000174677 0.999999522
0.530922000 0.055379700 -0.035733334 0.128973348 -0.000007970 -0.000962216 -0.000174677 0.999999522
0.630978000 0.058339224 -0.035581910 0.131430915 -0.000019545 -0.001637728 -0.000387587 0.999998584
0.730982000 0.058339224 -0.035581910 0.131430915 -0.000019545 -0.001637728 -0.000387587 0.999998584
0.830917000 0.057522679 -0.033994854 0.140260409 -0.000027629 -0.002273181 -0.000566205 0.999997256
0.930828000 0.057713328 -0.036846841 0.142768282 -0.000031636 -0.002833114 -0.000708754 0.999995735
1.030754000 0.057713328 -0.036846841 0.142768282 -0.000031636 -0.002833114 -0.000708754 0.999995735
1.130878000 0.057713328 -0.036846841 0.142768282 -0.000031636 -0.002833114 -0.000708754 0.999995735
1.230942000 0.057713328 -0.036846841 0.142768282 -0.000031636 -0.002833114 -0.000708754 0.999995735
1.330936000 0.057657549 -0.028703105 0.136590237 -0.000059303 -0.003115057 -0.000784431 0.999994839
1.430882000 0.057654958 -0.028324946 0.136303356 -0.000060588 -0.003128149 -0.000787945 0.999994795
1.530790000 0.066797995 -0.025860711 0.128563313 -0.000066801 -0.002834789 -0.000709368 0.999995728
1.630644000 0.066797995 -0.025860711 0.128563313 -0.000066801 -0.002834789 -0.000709368 0.999995728
1.730501000 0.066797995 -0.025860711 0.128563313 -0.000066801 -0.002834789 -0.000709368 0.999995728
1.830460000 0.066797995 -0.025860711 0.128563313 -0.000066801 -0.002834789 -0.000709368 0.999995728
1.930550000 0.066797995 -0.025860711 0.128563313 -0.000066801 -0.002834789 -0.000709368 0.999995728
2.030679000 0.066797995 -0.025860711 0.128563313 -0.000066801 -0.002834789 -0.000709368 0.999995728
2.130821000 0.066797995 -0.025860711 0.128563313 -0.000066801 -0.002834789 -0.000709368 0.999995728
2.230762000 0.066797995 -0.025860711 0.128563313 -0.000066801 -0.002834789 -0.000709368 0.999995728
2.330689000 0.066797995 -0.025860711 0.128563313 -0.000066801 -0.002834789 -0.000709368 0.999995728
2.430605000 0.066797995 -0.025860711 0.128563313 -0.000066801 -0.002834789 -0.000709368 0.999995728
2.530493000 0.066797995 -0.025860711 0.128563313 -0.000066801 -0.002834789 -0.000709368 0.999995728
2.630426000 0.066797995 -0.025860711 0.128563313 -0.000066801 -0.002834789 -0.000709368 0.999995728
2.730416000 0.066797995 -0.025860711 0.128563313 -0.000066801 -0.002834789 -0.000709368 0.999995728
2.830437000 0.124571553 0.026733305 -0.012491728 -0.000068999 -0.002899189 -0.000728156 0.999995530
2.930731000 0.124571553 0.026733305 -0.012491728 -0.000068999 -0.002899189 -0.000728156 0.999995530
3.031136000 0.124571553 0.026733305 -0.012491728 -0.000068999 -0.002899189 -0.000728156 0.999995530
3.131636000 0.079234828 0.031867142 -0.070547609 -0.000084798 -0.002833042 -0.000712249 0.999995730
3.231961000 0.078534684 0.031946425 -0.071444178 -0.000085042 -0.002832020 -0.000712003 0.999995733
3.332064000 0.078534684 0.031946425 -0.071444178 -0.000085042 -0.002832020 -0.000712003 0.999995733
3.431964000 0.078534684 0.031946425 -0.071444178 -0.000085042 -0.002832020 -0.000712003 0.999995733
3.531722000 0.078534684 0.031946425 -0.071444178 -0.000085042 -0.002832020 -0.000712003 0.999995733
3.631463000 0.078534684 0.031946425 -0.071444178 -0.000085042 -0.002832020 -0.000712003 0.999995733
3.731275000 0.078534684 0.031946425 -0.071444178 -0.000085042 -0.002832020 -0.000712003 0.999995733
3.831188000 0.078534684 0.031946425 -0.071444178 -0.000085042 -0.002832020 -0.000712003 0.999995733
3.931194000 0.078534684 0.031946425 -0.071444178 -0.000085042 -0.002832020 -0.000712003 0.999995733
4.031262000 0.078534684 0.031946425 -0.071444178 -0.000085042 -0.002832020 -0.000712003 0.999995733
4.131469000 0.078534684 0.031946425 -0.071444178 -0.000085042 -0.002832020 -0.000712003 0.999995733
4.231566000 0.063835719 0.040613064 -0.096669918 -0.000079418 -0.002817705 -0.000707281 0.999995777
4.331606000 0.063835719 0.040613064 -0.096669918 -0.000079418 -0.002817705 -0.000707281 0.999995777
4.431541000 0.113567289 0.022654743 -0.013515270 -0.000078436 -0.002808695 -0.000711971 0.999995799
4.531379000 0.168163238 0.023325495 -0.032671929 -0.000075946 -0.002783271 -0.000705907 0.999995875
4.631215000 0.168163238 0.023325495 -0.032671929 -0.000075946 -0.002783271 -0.000705907 0.999995875
4.731091000 0.168163238 0.023325495 -0.032671929 -0.000075946 -0.002783271 -0.000705907 0.999995875
4.830996000 0.168163238 0.023325495 -0.032671929 -0.000075946 -0.002783271 -0.000705907 0.999995875
4.930918000 0.168163238 0.023325495 -0.032671929 -0.000075946 -0.002783271 -0.000705907 0.999995875
5.030843000 0.168163238 0.023325495 -0.032671929 -0.000075946 -0.002783271 -0.000705907 0.999995875
5.130893000 0.168163238 0.023325495 -0.032671929 -0.000075946 -0.002783271 -0.000705907 0.999995875
5.230848000 0.168163238 0.023325495 -0.032671929 -0.000075946 -0.002783271 -0.000705907 0.999995875
5.330834000 0.168163238 0.023325495 -0.032671929 -0.000075946 -0.002783271 -0.000705907 0.999995875
5.430837000 0.168163238 0.023325495 -0.032671929 -0.000075946 -0.002783271 -0.000705907 0.999995875
5.530791000 0.168163238 0.023325495 -0.032671929 -0.000075946 -0.002783271 -0.000705907 0.999995875
5.630687000 0.168163238 0.023325495 -0.032671929 -0.000075946 -0.002783271 -0.000705907 0.999995875
5.730592000 0.168163238 0.023325495 -0.032671929 -0.000075946 -0.002783271 -0.000705907 0.999995875
5.830505000 0.168163238 0.023325495 -0.032671929 -0.000075946 -0.002783271 -0.000705907 0.999995875
5.930546000 0.168163238 0.023325495 -0.032671929 -0.000075946 -0.002783271 -0.000705907 0.999995875
6.030778000 0.168163238 0.023325495 -0.032671929 -0.000075946 -0.002783271 -0.000705907 0.999995875
6.131146000 0.168163238 0.023325495 -0.032671929 -0.000075946 -0.002783271 -0.000705907 0.999995875
6.231416000 0.168163238 0.023325495 -0.032671929 -0.000075946 -0.002783271 -0.000705907 0.999995875
6.331618000 0.168163238 0.023325495 -0.032671929 -0.000075946 -0.002783271 -0.000705907 0.999995875
6.431744000 0.168163238 0.023325495 -0.032671929 -0.000075946 -0.002783271 -0.000705907 0.999995875
6.531738000 0.168163238 0.023325495 -0.032671929 -0.000075946 -0.002783271 -0.000705907 0.999995875
6.631632000 0.168163238 0.023325495 -0.032671929 -0.000075946 -0.002783271 -0.000705907 0.999995875
6.731465000 0.168163238 0.023325495 -0.032671929 -0.000075946 -0.002783271 -0.000705907 0.999995875
6.831249000 0.168163238 0.023325495 -0.032671929 -0.000075946 -0.002783271 -0.000705907 0.999995875
6.931055000 0.168163238 0.023325495 -0.032671929 -0.000075946 -0.002783271 -0.000705907 0.999995875
7.030908000 0.168163238 0.023325495 -0.032671929 -0.000075946 -0.002783271 -0.000705907 0.999995875
7.130963000 0.168163238 0.023325495 -0.032671929 -0.000075946 -0.002783271 -0.000705907 0.999995875
7.230963000 0.168163238 0.023325495 -0.032671929 -0.000075946 -0.002783271 -0.000705907 0.999995875
7.330965000 0.168163238 0.023325495 -0.032671929 -0.000075946 -0.002783271 -0.000705907 0.999995875
7.430947000 0.168163238 0.023325495 -0.032671929 -0.000075946 -0.002783271 -0.000705907 0.999995875
7.530873000 0.168163238 0.023325495 -0.032671929 -0.000075946 -0.002783271 -0.000705907 0.999995875
7.630765000 0.168163238 0.023325495 -0.032671929 -0.000075946 -0.002783271 -0.000705907 0.999995875
7.730723000 0.168163238 0.023325495 -0.032671929 -0.000075946 -0.002783271 -0.000705907 0.999995875
7.830754000 0.168163238 0.023325495 -0.032671929 -0.000075946 -0.002783271 -0.000705907 0.999995875
7.930908000 0.187081191 0.062394498 -0.055799293 -0.000115493 -0.007654925 -0.002564119 0.999967407
8.031118000 0.157620206 0.067797873 0.032790520 0.003157705 -0.017066911 -0.005385572 0.999834859
8.131458000 0.144700276 0.049567017 0.063137822 0.004028357 -0.024710745 -0.007355633 0.999659465
8.231680000 0.149034730 0.022951125 0.104294157 0.007065818 -0.034008932 -0.011943145 0.999325186
8.331777000 0.133223480 -0.004326226 0.156000582 0.008990025 -0.046611054 -0.017931081 0.998711703
8.431952000 0.105481184 -0.072986759 0.232898099 0.005360148 -0.056307986 -0.055915279 0.996832063
8.532281000 0.097426158 -0.099533660 0.273273633 -0.004181430 -0.065137206 -0.080717038 0.994597617
8.632975000 0.109270452 -0.109033543 0.295203084 -0.002948234 -0.070435423 -0.086160689 0.993783928
8.733508000 0.131784014 -0.134073588 0.322140452 -0.002823564 -0.091706603 -0.055892455 0.994212231
8.833945000 0.150798295 -0.156527022 0.349568549 -0.004359173 -0.097453247 -0.052313539 0.993854696
8.934482000 0.162137683 -0.177257253 0.365851205 -0.005764684 -0.100471364 -0.052985471 0.993511355
9.034887000 0.174509262 -0.208223262 0.381763251 -0.006582426 -0.103319667 -0.057479948 0.992964135
9.135177000 0.193974406 -0.256281865 0.397185360 -0.006516245 -0.107811827 -0.066942070 0.991893597
9.235113000 0.216086527 -0.309115204 0.419298308 -0.006682499 -0.112292912 -0.082779884 0.990198534
9.334962000 0.236793338 -0.374034614 0.452486639 -0.011269970 -0.111783150 -0.123736521 0.985934475
9.434947000 0.287811686 -0.424634213 0.462632360 -0.017663324 -0.111516389 -0.160453105 0.980564584
9.534834000 0.365663505 -0.475051533 0.477308599 -0.017544761 -0.128962876 -0.139126513 0.981684558
9.634628000 0.460197427 -0.524047600 0.501107623 -0.018614206 -0.142795647 -0.138739021 0.979803245
9.734316000 0.554865958 -0.570869829 0.503020614 -0.014107977 -0.169785423 -0.109840202 0.979238993
9.833932000 0.637409229 -0.592063470 0.509169163 -0.016148903 -0.183860724 -0.108167651 0.976849122
9.933561000 0.739813393 -0.630626690 0.534583253 -0.015158762 -0.208505873 -0.099971388 0.972780157
10.033395000 0.852239161 -0.694262731 0.545087847 -0.012444653 -0.231922016 -0.091965033 0.968297342
10.133611000 0.942238075 -0.742373844 0.578117263 -0.012315398 -0.243902328 -0.095081879 0.965048922
10.233998000 1.045228473 -0.795484394 0.555843632 -0.015888889 -0.248283004 -0.116804131 0.961488371
10.334614000 1.165098293 -0.848439438 0.558414659 -0.020020275 -0.252850164 -0.134030745 0.957967506
10.435115000 1.293233360 -0.901113565 0.559241373 -0.021719947 -0.259565423 -0.141356669 0.955077132
10.535477000 1.433410445 -0.948268058 0.558265822 -0.020306464 -0.270944305 -0.137476373 0.952510933
10.635604000 1.513270367 -0.978368708 0.531157310 -0.015512140 -0.281760527 -0.124692875 0.951221355
10.735496000 1.576626631 -0.997030186 0.531027741 -0.013960140 -0.287835552 -0.121747689 0.949806986
10.835223000 1.677889414 -1.026747246 0.559071052 -0.013763278 -0.299779852 -0.119916243 0.946341749
10.934761000 1.712132740 -1.037937597 0.562686297 -0.014187582 -0.301945233 -0.121986090 0.945382030
11.034212000 1.712132740 -1.037937597 0.562686297 -0.014187582 -0.301945233 -0.121986090 0.945382030
11.133727000 1.712132740 -1.037937597 0.562686297 -0.014187582 -0.301945233 -0.121986090 0.945382030
11.233283000 1.712132740 -1.037937597 0.562686297 -0.014187582 -0.301945233 -0.121986090 0.945382030
11.333031000 1.712132740 -1.037937597 0.562686297 -0.014187582 -0.301945233 -0.121986090 0.945382030
11.432971000 1.712132740 -1.037937597 0.562686297 -0.014187582 -0.301945233 -0.121986090 0.945382030
11.533101000 1.712132740 -1.037937597 0.562686297 -0.014187582 -0.301945233 -0.121986090 0.945382030
11.633369000 1.712132740 -1.037937597 0.562686297 -0.014187582 -0.301945233 -0.121986090 0.945382030
11.733727000 1.804253604 -1.089758379 0.586142945 -0.018624751 -0.304288957 -0.142254239 0.941713906
11.833986000 1.991462630 -1.176444730 0.634991379 -0.025326249 -0.315622190 -0.150047787 0.936603905
11.934174000 2.183688867 -1.273437923 0.680002949 -0.020427070 -0.332610948 -0.135148975 0.933106343
12.034438000 2.336464316 -1.343486004 0.725403179 -0.030853957 -0.342344001 -0.136524401 0.929090795
12.134703000 2.548970758 -1.435897980 0.780303127 -0.042446281 -0.354249309 -0.137467944 0.924017481
12.234678000 2.770131528 -1.537372233 0.827898282 -0.042504259 -0.370344622 -0.121495292 0.919933228
12.334486000 2.990506209 -1.636731392 0.880397669 -0.043928058 -0.389308020 -0.106864864 0.913832311
12.434324000 3.210415402 -1.737808032 0.942488978 -0.045980571 -0.401871547 -0.106387147 0.908331890
12.534121000 3.424949863 -1.839410393 0.999431635 -0.051902537 -0.407190123 -0.121271851 0.903767375
12.633931000 3.643118768 -1.936776432 1.053832872 -0.054586266 -0.414563709 -0.126471341 0.899534474
12.733925000 3.857332161 -2.035145751 1.103126965 -0.048236483 -0.425659175 -0.118892892 0.895741028
12.833942000 4.069973781 -2.142830368 1.158721913 -0.039619806 -0.431934995 -0.124163258 0.892438186
12.934210000 4.281954801 -2.260027419 1.217300679 -0.048066352 -0.433307169 -0.140469127 0.888933602
13.034735000 4.490179625 -2.375255952 1.276297653 -0.068603895 -0.425811604 -0.173375386 0.885391980
13.135361000 4.704719225 -2.466400284 1.304349379 -0.085550783 -0.417608589 -0.202792505 0.881566407
13.235719000 4.950547135 -2.547078251 1.346565715 -0.091009762 -0.415663756 -0.213054513 0.879516140
13.335717000 5.189614234 -2.611488939 1.349017017 -0.089666326 -0.417606360 -0.208550841 0.879813290
13.435516000 5.463099747 -2.661597843 1.388477414 -0.081989135 -0.424181311 -0.191860073 0.881213771
13.535154000 5.729251169 -2.701696479 1.375975329 -0.073159470 -0.430762234 -0.175667672 0.882174846
13.634771000 5.990283121 -2.725139801 1.380260656 -0.051806948 -0.439502943 -0.153965768 0.883429536
13.734457000 6.249697747 -2.749160363 1.364159419 -0.029570445 -0.444655030 -0.141746682 0.883920455
13.834282000 6.515041143 -2.775722475 1.362081625 -0.021076583 -0.446084406 -0.137081746 0.884179323
13.934303000 6.793115460 -2.782730786 1.379536283 -0.017417596 -0.443719659 -0.148213825 0.883652733
14.034718000 7.078328669 -2.792838735 1.396706930 -0.011871078 -0.445107789 -0.143862500 0.883765645
14.135364000 7.359920067 -2.790725744 1.426415483 -0.004527067 -0.446725662 -0.142943658 0.883166349
14.235921000 7.660841409 -2.803682147 1.470696540 0.004011268 -0.448610441 -0.147289290 0.881497843
14.336305000 7.984381114 -2.820397684 1.518355679 -0.003262948 -0.453247640 -0.145597501 0.879407356
14.436339000 8.309577635 -2.831787064 1.578949230 -0.019174432 -0.461897922 -0.135756527 0.876272113
14.536055000 8.629924606 -2.852924678 1.640803225 -0.027067892 -0.472250378 -0.133189553 0.870923333
14.635765000 8.955073647 -2.885488499 1.708169378 -0.030977541 -0.486071110 -0.135361609 0.862816610
14.735700000 9.269011889 -2.926419624 1.774060961 -0.036346416 -0.502109138 -0.136822988 0.853138220
14.835972000 9.582065713 -2.990404858 1.847813098 -0.040628928 -0.517895125 -0.141533733 0.842675579
14.936393000 9.894034679 -3.058820626 1.925140567 -0.051835329 -0.529066592 -0.160787662 0.831594232
15.036778000 10.193196210 -3.130452856 1.985450125 -0.056356373 -0.540966599 -0.170339784 0.821683306
15.137004000 10.486305088 -3.199974144 2.044446564 -0.053316987 -0.555272957 -0.169076728 0.812552953
15.236960000 10.774835100 -3.277613722 2.104768174 -0.050886958 -0.566212369 -0.168157701 0.805317986
15.336588000 11.060004303 -3.360241068 2.166017922 -0.060557867 -0.568843117 -0.184611222 0.799167660
15.436112000 11.339208769 -3.430439537 2.218239714 -0.074971608 -0.568000445 -0.205317738 0.793472985
15.535622000 11.611400926 -3.505030996 2.252632148 -0.063285085 -0.578556636 -0.193446043 0.789839126
15.635182000 11.866086288 -3.573838607 2.292186500 -0.051075794 -0.590035209 -0.177777728 0.785903808
15.734794000 12.143541587 -3.639860566 2.334720154 -0.050451516 -0.594050800 -0.181066498 0.782159328
15.834550000 12.381899886 -3.705163675 2.375282268 -0.053908093 -0.594888206 -0.186924613 0.779910975
15.934466000 12.638813287 -3.768440133 2.417198608 -0.056196281 -0.596888436 -0.190382759 0.777380588
16.034529000 12.911969405 -3.818297243 2.451148321 -0.065178989 -0.596951000 -0.201773470 0.773749746
16.134723000 13.176698368 -3.854890959 2.490946699 -0.072437606 -0.601042374 -0.209792862 0.767781097
16.234855000 13.451571450 -3.882469084 2.524377234 -0.079069187 -0.606671843 -0.218511238 0.760230345
16.334885000 13.708165227 -3.908374968 2.534182055 -0.087768466 -0.612562784 -0.230906369 0.750830061
16.434784000 13.990737560 -3.908208458 2.549588195 -0.091238179 -0.624038524 -0.236891988 0.739008593
16.534597000 14.256699039 -3.901751224 2.551342200 -0.087273118 -0.639958831 -0.235805472 0.726107346
16.634399000 14.512042413 -3.898210234 2.552292729 -0.085554093 -0.655322034 -0.237346322 0.711969278
16.734188000 14.752266070 -3.891422356 2.528228615 -0.093336345 -0.665131049 -0.249312412 0.697662050
16.834069000 15.017011078 -3.862724769 2.502635869 -0.089728361 -0.681629484 -0.248700276 0.682259658
16.934168000 15.263278548 -3.844609499 2.465030281 -0.089116466 -0.698467487 -0.251870428 0.663899625
17.034561000 15.511383604 -3.822033553 2.413432858 -0.095210372 -0.712126301 -0.259643094 0.645287982
17.134937000 15.757022164 -3.795044743 2.351848784 -0.096750722 -0.723973663 -0.264922201 0.629537656
17.235027000 15.980746347 -3.765219736 2.267948504 -0.094096288 -0.735997239 -0.265721324 0.615504778
17.334959000 16.181126323 -3.744299796 2.176256380 -0.064219755 -0.754164325 -0.249485340 0.604043922
17.434761000 16.422394969 -3.709206010 2.085062082 -0.049293185 -0.767912453 -0.242943790 0.590642837
17.534516000 16.655773977 -3.671184643 2.003884197 -0.043641562 -0.779424507 -0.241848566 0.576283023
17.634380000 16.880080436 -3.637292394 1.922177699 -0.037962240 -0.786589892 -0.246120136 0.565031051
17.734332000 17.082914789 -3.618038439 1.846044151 -0.024880709 -0.788342322 -0.265436565 0.554473411
17.834384000 17.302837765 -3.591171751 1.768556660 -0.016285397 -0.791497713 -0.280544448 0.542734714
17.934511000 17.544203508 -3.566892179 1.685423097 -0.007757772 -0.793767982 -0.298142662 0.530078448
18.034686000 17.789919642 -3.556617981 1.594803483 -0.003596411 -0.799011257 -0.308938032 0.515873404
18.134941000 18.046676682 -3.547929831 1.499372416 -0.006565419 -0.808629844 -0.309351070 0.500376444
18.235069000 18.318397265 -3.523684140 1.404961803 -0.011799854 -0.817601686 -0.308533128 0.485999543
18.335130000 18.580953051 -3.514360725 1.302674163 -0.012920903 -0.825377713 -0.309079803 0.472286307
18.435074000 18.855269024 -3.498421355 1.207513475 -0.016782838 -0.832632528 -0.303612171 0.462883419
18.534841000 19.150209544 -3.486207815 1.102671006 -0.017813524 -0.835883211 -0.300543266 0.458972418
18.634440000 19.451993016 -3.475548955 0.987595594 -0.018320216 -0.837256349 -0.302656941 0.455043901
18.734131000 19.740596605 -3.449919758 0.886973913 -0.018303309 -0.841072037 -0.301975614 0.448412250
18.834190000 20.043842013 -3.439282149 0.773544515 -0.016267123 -0.840966082 -0.307366890 0.445013511
18.934245000 20.352137512 -3.421451972 0.664578245 -0.016881269 -0.841898681 -0.306157657 0.444059819
19.034195000 20.664827685 -3.415647141 0.546817480 -0.014314066 -0.840214877 -0.310754348 0.444146150
19.134247000 20.989750892 -3.396137239 0.426606097 -0.014138778 -0.839445078 -0.311970467 0.444754408
19.234173000 21.247725377 -3.370544170 0.335253127 -0.010464249 -0.836221849 -0.319532468 0.445558662
19.333985000 21.490500623 -3.351630115 0.236182283 -0.007853112 -0.834351769 -0.325317738 0.444931256
19.433759000 21.839395957 -3.333562334 0.093308055 -0.008405656 -0.836630436 -0.325649894 0.440375981
19.533647000 22.204878713 -3.278741052 -0.043209543 -0.017078131 -0.844671252 -0.311711446 0.434827307
19.633706000 22.385901407 -3.244671348 -0.110576497 -0.017642640 -0.845233075 -0.315382837 0.431049246
19.733950000 22.747320372 -3.203329075 -0.257621798 -0.022555805 -0.852379832 -0.313390460 0.418002724
19.834351000 23.032901888 -3.179117820 -0.377356986 -0.020618768 -0.854976504 -0.321843732 0.406210113
19.934686000 23.210436203 -3.163650858 -0.459783750 -0.016426138 -0.857885449 -0.321448760 0.400541424
20.034830000 23.411219272 -3.131892430 -0.537142445 -0.015949223 -0.863196710 -0.312842650 0.395937544
20.134939000 23.648260384 -3.088973012 -0.627636510 -0.021951030 -0.866740699 -0.307240379 0.392278042
20.234886000 24.039888374 -3.031166429 -0.785793870 -0.012892910 -0.872528701 -0.294882866 0.389321890
20.334739000 24.434228764 -2.984888720 -0.933685550 -0.018850573 -0.875294847 -0.296340316 0.381688359
20.434606000 24.832317475 -2.956172210 -1.089159447 -0.024543529 -0.876137603 -0.299827349 0.376675028
20.534431000 25.221144190 -2.939067397 -1.243304790 -0.026037881 -0.876348113 -0.301084352 0.375078960
20.634226000 25.599303793 -2.945472999 -1.399572559 -0.026428195 -0.876402704 -0.301089994 0.374919546
20.734107000 25.973029838 -2.953771953 -1.549710342 -0.035925196 -0.871651538 -0.302979971 0.383583255
20.833642000 26.353057595 -2.953220533 -1.704662274 -0.032316758 -0.866641259 -0.300884312 0.396682727
20.933344000 26.727033568 -2.958955594 -1.862040780 -0.029180480 -0.862142923 -0.297965140 0.408747913
21.033510000 27.100855350 -2.956415125 -2.022248966 -0.029409403 -0.858221292 -0.295763206 0.418467952
21.134082000 27.470756626 -2.971895114 -2.176686701 -0.029465545 -0.853531655 -0.294950142 0.428508937
21.234493000 27.843924815 -2.988379954 -2.332837882 -0.028773238 -0.850730740 -0.293658724 0.434964209
21.334830000 28.223897411 -3.007865294 -2.494278064 -0.032002316 -0.849428571 -0.293473454 0.437401745
21.435108000 28.592499440 -3.022587243 -2.648591153 -0.024626344 -0.843871930 -0.305215180 0.440587565
21.535304000 28.967326209 -3.044765519 -2.813471154 -0.020344676 -0.842284591 -0.308495223 0.441557991
21.635417000 29.338159894 -3.055812207 -2.977224617 -0.023338953 -0.845624333 -0.300834286 0.440310701
21.735309000 29.715659251 -3.063044953 -3.133075077 -0.025106661 -0.847808969 -0.298333715 0.437706067
21.834960000 30.077241250 -3.089531136 -3.282345310 -0.023417849 -0.846708574 -0.304668018 0.435561239
21.934563000 30.454498094 -3.106065671 -3.438741435 -0.024404601 -0.848076805 -0.303458528 0.433685450
22.034086000 30.813017177 -3.129158627 -3.581211747 -0.024344232 -0.848499376 -0.304017686 0.432468975
22.133706000 31.182507272 -3.136811656 -3.732898775 -0.021601696 -0.846635846 -0.309559706 0.432335401
22.233351000 31.562940955 -3.141042324 -3.884029066 -0.024908315 -0.849327981 -0.302293967 0.432018420
22.333175000 31.932252761 -3.123099563 -4.030503639 -0.025831001 -0.849655132 -0.300579355 0.432517015
22.433131000 32.307057266 -3.123399699 -4.178360280 -0.021570532 -0.846425073 -0.308173253 0.433737886
22.533192000 32.698884657 -3.118187503 -4.338155375 -0.019697328 -0.846571055 -0.306793771 0.434519327
22.633437000 33.071770670 -3.129234367 -4.484164926 -0.019089919 -0.845848681 -0.310936681 0.433005732
22.733776000 33.448700863 -3.119563839 -4.627567508 -0.016585708 -0.843495258 -0.317878551 0.432659093
22.834133000 33.804757686 -3.119220799 -4.783027165 -0.009947790 -0.839794479 -0.326459806 0.433670693
22.934435000 34.197377286 -3.104677919 -4.935278976 -0.015934089 -0.842484439 -0.321227528 0.432179304
23.034675000 34.573819230 -3.089047343 -5.072973646 -0.017705673 -0.844100126 -0.318144374 0.431237340
23.134907000 34.968449126 -3.076340622 -5.242760899 -0.017680316 -0.844061169 -0.316904401 0.432226503
23.234947000 35.424238351 -3.062993874 -5.388996110 -0.018745307 -0.846543095 -0.312586651 0.430468336
23.334888000 35.817694322 -3.029938580 -5.536369154 -0.022188839 -0.847566633 -0.310283619 0.429956431
23.434722000 36.213532571 -2.978430847 -5.671919397 -0.017457415 -0.844125811 -0.320742390 0.429268183
23.534467000 36.603974455 -2.954156051 -5.831732723 -0.010864188 -0.838646288 -0.334717931 0.429555911
23.634174000 37.026119375 -2.875424974 -5.980817630 -0.009117592 -0.837906322 -0.336905084 0.429330676
23.734130000 37.421432959 -2.817533597 -6.127161532 -0.002248861 -0.831957114 -0.351793010 0.429050091
23.834420000 37.835906095 -2.778695152 -6.291428517 0.014715984 -0.827309760 -0.362646032 0.428753841
23.934808000 38.274060958 -2.722731577 -6.453525247 0.018832635 -0.827596805 -0.364789638 0.426212834
24.035080000 38.714487507 -2.675038144 -6.628410660 0.007617772 -0.830795481 -0.359069088 0.425194341
24.135011000 39.175017457 -2.624109528 -6.818541803 0.001059315 -0.833450893 -0.353354526 0.424851816
24.234668000 39.640596412 -2.571811310 -7.001325679 -0.009434589 -0.840780885 -0.336692916 0.423835313
24.334396000 40.130628364 -2.470827452 -7.193847472 -0.023164687 -0.849748368 -0.317171362 0.420468115
24.434275000 40.602124623 -2.409784288 -7.389003552 -0.026741155 -0.854536084 -0.308988782 0.416628041
24.534289000 41.089587993 -2.342597222 -7.597325050 -0.025212673 -0.857784956 -0.302763191 0.414612761
24.634383000 41.579029198 -2.284389532 -7.814873275 -0.028010746 -0.857825183 -0.304381811 0.413162276
24.734582000 42.030728493 -2.214336667 -8.004621359 -0.023190965 -0.854411527 -0.315470956 0.412214990
24.834952000 42.433615095 -2.169643884 -8.171927775 -0.013240425 -0.858276759 -0.308581503 0.409833077
24.935469000 42.908702286 -2.116912217 -8.383530145 -0.020757010 -0.859324611 -0.311360987 0.405197108
25.035911000 43.379189112 -2.093220046 -8.597723005 -0.026546732 -0.863107509 -0.309583016 0.398119398
25.136321000 43.842432987 -2.093022882 -8.809037967 -0.027857962 -0.866573484 -0.309350957 0.390610185
25.236296000 44.304832689 -2.083486321 -9.026512174 -0.028190197 -0.868816699 -0.308670091 0.386116085
25.335693000 44.772774545 -2.057622398 -9.236622726 -0.027642566 -0.869256074 -0.310522705 0.383673579
25.434876000 45.239262462 -2.034290783 -9.465992544 -0.020365025 -0.868034666 -0.315600722 0.382749617
25.534329000 45.700894353 -2.033842151 -9.677407773 -0.018404585 -0.869082957 -0.313736674 0.382001811
25.634183000 46.171090738 -2.034124006 -9.906238709 -0.023870045 -0.868637230 -0.314862739 0.381786641
25.734190000 46.628450372 -2.042148928 -10.121940570 -0.025256920 -0.869737282 -0.311305679 0.382109831
25.834301000 47.085509198 -2.039699196 -10.333955985 -0.018918860 -0.870633688 -0.307995728 0.383115766
25.934464000 47.541651547 -2.019808243 -10.535594838 -0.019710933 -0.868630848 -0.313068040 0.383510537
26.034681000 48.043153970 -2.009047766 -10.741626407 -0.023230298 -0.867940017 -0.312254632 0.385535374
26.134889000 48.502731454 -1.953086267 -10.950283891 -0.023613789 -0.865125095 -0.317529761 0.387525236
26.234972000 48.949822148 -1.922777079 -11.159006730 -0.018290080 -0.860458016 -0.327724754 0.389710100
26.335124000 49.404264305 -1.888692613 -11.346008119 -0.020293477 -0.861667268 -0.324335082 0.389774868
26.435283000 49.854197207 -1.833715012 -11.569962780 -0.006573247 -0.865899256 -0.311439399 0.391383152
26.535376000 50.345243703 -1.687966990 -11.736450411 0.014245987 -0.867947492 -0.303488612 0.392885309
26.635361000 50.842445882 -1.606149038 -11.921451017 -0.006588387 -0.865348657 -0.309810272 0.393885630
26.735188000 51.310627868 -1.534444656 -12.096054071 -0.018981385 -0.862158915 -0.317526101 0.394333472
26.835116000 51.800721749 -1.450603452 -12.293438981 -0.023908145 -0.861198791 -0.318894161 0.395058928
26.935162000 52.274923966 -1.382648057 -12.463033347 -0.030286468 -0.862082791 -0.315458174 0.395451808
27.035172000 52.748231575 -1.313529327 -12.650258725 -0.031973024 -0.862348418 -0.313173537 0.396554242
27.135221000 53.239524875 -1.172658778 -12.857442161 -0.028250672 -0.862814925 -0.311288586 0.397305576
27.235114000 53.754335201 -1.058500811 -13.099144804 -0.027793525 -0.860835152 -0.316431808 0.397569205
27.335003000 54.214822326 -1.001564458 -13.281467022 -0.026809662 -0.860788240 -0.317051338 0.397244632
27.434910000 54.674468978 -0.944760266 -13.467699583 -0.025479608 -0.860725925 -0.318499435 0.396307686
27.535018000 55.137987148 -0.876063198 -13.654169970 -0.027956185 -0.862055145 -0.315848513 0.395372097
27.635154000 55.571316283 -0.830705528 -13.831230079 -0.029889492 -0.863041660 -0.313865453 0.394657052
27.735031000 56.023772690 -0.762412564 -14.020559773 -0.025903616 -0.863982971 -0.313196034 0.393409040
27.834818000 56.499835171 -0.683768980 -14.226955513 -0.020946560 -0.859563489 -0.326959581 0.392185266
27.934776000 56.929819884 -0.578092884 -14.409379183 -0.020296489 -0.859645802 -0.328441158 0.390798610
28.034971000 57.380283527 -0.537630271 -14.600204502 -0.015107859 -0.860683540 -0.326273485 0.390565243
28.135272000 57.821782703 -0.492839628 -14.784223352 -0.020367082 -0.863857985 -0.318792638 0.389494311
28.235723000 58.237547505 -0.452261001 -14.962454547 -0.023126933 -0.863777172 -0.320237859 0.388332146
28.336109000 58.675512232 -0.399667509 -15.160559286 -0.019802517 -0.865957714 -0.316638923 0.386606894
28.436219000 59.084630439 -0.368301945 -15.325666059 -0.018558136 -0.864313084 -0.323177201 0.384935041
28.535869000 59.482237243 -0.305068524 -15.482051664 -0.014699558 -0.860291676 -0.334512377 0.384426358
28.635294000 59.912799709 -0.220270962 -15.663773521 0.012058565 -0.848044657 -0.363470141 0.385440407
28.734931000 60.363698864 -0.169583054 -15.875482000 0.024338114 -0.841613286 -0.376793022 0.386162857
28.834990000 60.833911491 -0.120640805 -16.051305892 0.011328007 -0.846897726 -0.365701193 0.385873756
28.935167000 61.309224003 -0.037128648 -16.245766544 -0.001966096 -0.851917693 -0.352004607 0.387717856
29.035455000 61.764492473 0.058208862 -16.422560111 0.003552832 -0.854272430 -0.343930869 0.389766019
29.135870000 62.244093093 0.100736987 -16.643697526 -0.000607546 -0.849146067 -0.351712406 0.394016461
29.236011000 62.730586590 0.164515096 -16.881014196 -0.009237688 -0.850246021 -0.339983042 0.401756021
29.335952000 63.208247159 0.240951058 -17.140378617 -0.018034963 -0.852256497 -0.323276301 0.410884457
29.435621000 63.675642466 0.337713142 -17.350122406 -0.018116781 -0.850835881 -0.313055914 0.421599432
29.535138000 64.177534489 0.428485039 -17.616602125 -0.002867038 -0.848433946 -0.310546314 0.428617086
29.635287000 64.690321494 0.539575906 -17.841097053 0.047515534 -0.856088781 -0.276137632 0.434283641
29.735885000 65.199901313 0.615301854 -18.030250051 0.040978613 -0.853081744 -0.268956222 0.445235715
29.836001000 65.713198313 0.696360774 -18.239123173 0.019082406 -0.848093662 -0.276760020 0.451416541
29.936158000 66.259152450 0.760352121 -18.424890824 0.008043833 -0.844954325 -0.281576351 0.454645184
30.036431000 66.787645642 0.835820160 -18.605770268 -0.017268657 -0.839906995 -0.294137931 0.455786037
30.136755000 67.290384567 0.904031461 -18.801093184 -0.027401071 -0.836730418 -0.298642528 0.458196497
30.236918000 67.818445096 0.964415899 -18.996201723 -0.029629244 -0.835319957 -0.299193823 0.460267025
30.336961000 68.337610824 1.023698238 -19.174623753 -0.030416579 -0.834495707 -0.299723520 0.461364886
30.436829000 68.853424409 1.067562218 -19.365357876 -0.026865461 -0.833778742 -0.299809273 0.462823570
30.536560000 69.375040327 1.123988328 -19.548299797 -0.024313958 -0.833816384 -0.300330562 0.462558777
30.636253000 69.869306955 1.154155729 -19.730376350 -0.030696606 -0.834087415 -0.301012498 0.461245464
30.735943000 70.405424393 1.209022877 -19.933927848 -0.030379242 -0.834966797 -0.301639377 0.459261620
30.835656000 70.904217872 1.245932298 -20.121201129 -0.031823009 -0.836296935 -0.303200583 0.455701810
30.935376000 71.404512711 1.280805911 -20.321395910 -0.033186039 -0.836924096 -0.305004064 0.453243054
31.035100000 71.899874756 1.303116062 -20.525312732 -0.032725443 -0.837246310 -0.306800490 0.451465525
31.134947000 72.360842006 1.320626358 -20.713488510 -0.030460881 -0.836304975 -0.310702035 0.450699866
31.234773000 72.840388955 1.331219662 -20.925752316 -0.029810878 -0.836666441 -0.309702031 0.450760723
31.334827000 73.359108088 1.373630254 -21.148986681 -0.029707380 -0.838091561 -0.306897369 0.450037790
31.434994000 73.857760579 1.422395066 -21.371554932 -0.018865583 -0.840927597 -0.299663948 0.450207047
31.535243000 74.327479128 1.446434192 -21.576415175 -0.016605335 -0.838288291 -0.308534829 0.449225182
31.635580000 74.832187240 1.461054432 -21.778278230 -0.021846730 -0.837735630 -0.311227350 0.448173261
31.735921000 75.314414444 1.505348102 -21.983856664 -0.022205928 -0.837839387 -0.311413402 0.447832281
31.836272000 75.818435023 1.555894512 -22.198500404 -0.025875426 -0.839195069 -0.307911175 0.447518499
31.936620000 76.312287083 1.597063702 -22.410824110 -0.028964262 -0.839609767 -0.306751597 0.447347704
32.037011000 76.786461905 1.623503709 -22.619251167 -0.027823606 -0.840134680 -0.305553104 0.447254811
32.137435000 77.230142657 1.690671630 -22.778843056 -0.020218038 -0.836864918 -0.315422212 0.446942018
32.237544000 77.674712620 1.708640342 -22.976471377 -0.007661547 -0.825060889 -0.346971692 0.445899625
32.337501000 78.163069873 1.784383702 -23.178213674 -0.007962272 -0.826719741 -0.345192911 0.444199196
32.437339000 78.636704236 1.846830452 -23.388354487 -0.003320970 -0.825121435 -0.350617371 0.442979738
32.536878000 79.123089427 1.925132327 -23.595302024 -0.013779952 -0.833067534 -0.332831865 0.441623760
32.636322000 79.605485330 1.992923216 -23.808739104 -0.022233255 -0.839257870 -0.317751109 0.440665569
32.735698000 80.116598963 2.069435058 -24.030486454 -0.025996234 -0.842262163 -0.309789904 0.440396253
32.835284000 80.603726419 2.140921273 -24.256342170 -0.029246859 -0.842567943 -0.307166443 0.441443835
32.935217000 81.081409424 2.204342675 -24.474330923 -0.031309666 -0.842144088 -0.306139232 0.442822549
33.035457000 81.554604816 2.300887818 -24.693658903 -0.018820213 -0.839453253 -0.311447327 0.444932127
33.135826000 82.017378522 2.392805446 -24.912814347 0.017142031 -0.839680156 -0.306154228 0.448233170
33.236047000 82.534735109 2.457089837 -25.138774766 0.062340281 -0.843347592 -0.285445319 0.450998336
33.336064000 83.030446109 2.538790374 -25.335101410 0.084570411 -0.849704880 -0.260137809 0.450752463
33.436056000 83.534600122 2.613383804 -25.495756174 0.098305449 -0.851312935 -0.254236677 0.448292358
33.536068000 84.088265499 2.655079887 -25.639959912 0.082800165 -0.851362028 -0.264538412 0.445360818
33.636210000 84.612567991 2.719393258 -25.779580129 0.078657381 -0.855514553 -0.254842840 0.443805130
33.736338000 85.208464045 2.759873212 -25.864365910 0.075244729 -0.857565899 -0.254749152 0.440479091
33.836526000 85.829811541 2.799771302 -25.959856603 0.012913563 -0.852909526 -0.286146861 0.436461402
33.936459000 86.394798290 2.834474166 -26.047564979 -0.015026171 -0.850084470 -0.299660962 0.432820882
34.036345000 86.975472186 2.851136265 -26.121187303 -0.033329252 -0.847868399 -0.310526874 0.428464000
34.136269000 87.127277377 2.858495321 -26.144760137 -0.043949262 -0.846505341 -0.314220335 0.427507603
34.236087000 87.670434566 2.883386804 -26.231016198 -0.066664135 -0.842467774 -0.322760456 0.426180280
34.335903000 88.182569213 2.941215466 -26.383534922 -0.093440075 -0.838900319 -0.327420275 0.424630629
34.435698000 88.677716163 3.025728624 -26.519380835 -0.030144989 -0.851787146 -0.302503403 0.426663368
34.535840000 89.166109251 3.097852275 -26.657968576 0.003922952 -0.857520779 -0.293436260 0.422537436
34.636266000 89.648306531 3.174066546 -26.811482592 0.017475048 -0.862376796 -0.292527305 0.412830062
34.736458000 90.126363368 3.220595514 -26.963281031 0.022200527 -0.867226484 -0.292986469 0.401975486
34.836388000 90.598149162 3.250572630 -27.122883457 0.025302217 -0.870121108 -0.294138649 0.394628319
34.935994000 91.068715082 3.268836505 -27.284749391 0.026573702 -0.872627965 -0.294109986 0.388990474
35.035695000 91.511532640 3.270822744 -27.446080813 0.026226057 -0.874722792 -0.294477057 0.383999342
35.135696000 91.962780122 3.272665827 -27.602569121 0.025198012 -0.877526974 -0.295333413 0.376947802
35.235515000 92.423093502 3.251904410 -27.769346145 0.025346803 -0.881494582 -0.295905460 0.367103257
35.335481000 92.879105233 3.253574135 -27.937831322 0.023514371 -0.884312373 -0.297173998 0.359341503
35.435483000 93.351166801 3.223102932 -28.123106880 0.024609631 -0.884679212 -0.301920512 0.354374185
35.535420000 93.790146011 3.205129019 -28.305600711 0.023605516 -0.885368963 -0.301567488 0.353017889
35.635223000 94.243748259 3.191354134 -28.490433157 0.023816389 -0.886914188 -0.298089288 0.352077802
35.735028000 94.680084287 3.167137196 -28.668251443 0.023158215 -0.887603479 -0.296690567 0.351565739
35.834915000 95.138232159 3.141866594 -28.864603512 0.024927046 -0.888000262 -0.295626389 0.351339174
35.934961000 95.557881597 3.127726984 -29.061384998 0.025112021 -0.888216376 -0.294893098 0.351395955
36.035134000 96.015884711 3.106759094 -29.264201866 0.026161766 -0.889079835 -0.294096293 0.349799914
36.135517000 96.459765502 3.060556675 -29.431675563 0.027301737 -0.889331833 -0.295139362 0.348189981
36.235712000 96.889207423 3.017271356 -29.636037107 0.027261163 -0.889540907 -0.295050993 0.347733685
36.335740000 97.371694977 3.010012575 -29.834427356 0.027799400 -0.890284531 -0.294348733 0.346380528
36.435496000 97.825986802 2.964114315 -29.995183103 0.023712592 -0.892465202 -0.295654400 0.339900062
36.535285000 98.278259297 2.884036580 -30.180101084 -0.017588610 -0.892572042 -0.310992365 0.326020765
36.635175000 98.658713151 2.843327622 -30.364959525 -0.036463396 -0.899629326 -0.309211526 0.306146581
36.735054000 99.097321000 2.822282567 -30.581920098 -0.022161079 -0.906838071 -0.310121108 0.284567212
36.835293000 99.482832222 2.813720913 -30.799037072 0.002854771 -0.913746068 -0.305613533 0.267694495
36.935668000 99.869391023 2.784119219 -31.001627382 0.022700279 -0.918124839 -0.304320947 0.252824520
37.035841000 100.309325942 2.757512675 -31.193350350 0.030873702 -0.922676974 -0.303155379 0.236243162
37.135794000 100.648844164 2.747499667 -31.403206711 0.033079343 -0.926671233 -0.302058006 0.221240015
37.235575000 100.983627003 2.768670234 -31.599257089 0.032752859 -0.930004554 -0.302808928 0.205731703
37.335320000 101.355297360 2.612930462 -31.706139483 0.031493136 -0.932334724 -0.304157130 0.192998925
37.434923000 101.731022428 2.430777492 -31.746669371 0.032368638 -0.934331350 -0.304581678 0.182228431
37.534561000 102.086749193 2.421239281 -31.909086951 0.033017333 -0.935518682 -0.303245374 0.178204644
37.634233000 102.437410404 2.433310526 -32.069987669 0.031913627 -0.936037876 -0.303213185 0.175716761
37.734269000 102.851387125 2.499054539 -32.272039452 0.033079153 -0.936424253 -0.304744646 0.170722257
37.834550000 103.209378394 2.638440456 -32.523723632 0.033740576 -0.936638678 -0.305028634 0.168899652
37.934710000 103.646867707 2.652706964 -32.662824613 0.017565334 -0.936755621 -0.308066839 0.165152016
38.034627000 104.037352334 2.743597375 -32.828016889 -0.042242807 -0.933408232 -0.316771462 0.163157773
38.134443000 104.455776851 2.893820831 -33.032682530 -0.087636734 -0.928096297 -0.323907939 0.161371351
38.234064000 104.809499770 3.004382382 -33.242912799 -0.105888747 -0.924993785 -0.326097283 0.163812799
38.333714000 105.125979871 3.175124771 -33.470075039 -0.090383569 -0.926430980 -0.323702648 0.169626197
38.433658000 105.385001801 3.356181035 -33.716182978 -0.073099215 -0.928408090 -0.320895535 0.172455732
38.533874000 105.596947790 3.534233039 -33.953464468 -0.032221867 -0.932338700 -0.314843338 0.174871304
38.634055000 105.845313433 3.830681984 -34.147598571 0.012486687 -0.930307935 -0.322294483 0.174635319
38.734305000 106.092343382 4.038999912 -34.366384101 0.033758498 -0.924602595 -0.338197727 0.172025297
38.834532000 106.340921557 4.236260715 -34.578639286 0.041117338 -0.924750921 -0.338423307 0.169158989
38.934718000 106.556962610 4.448733475 -34.765676160 0.042176422 -0.928091794 -0.329903543 0.167422887
39.034715000 106.778094675 4.676210259 -35.060938366 0.042590820 -0.929568910 -0.326354810 0.166072882
39.134702000 107.009122086 4.897474915 -35.271074194 0.041520554 -0.931301627 -0.321558895 0.165991568
39.234548000 107.236527541 5.138267743 -35.460391417 0.042440569 -0.927661874 -0.332252083 0.165078158
39.334511000 107.467678450 5.326640651 -35.663862571 0.041933731 -0.922112058 -0.350161121 0.159179473
39.434784000 107.761329021 5.510166522 -35.900890832 0.019482361 -0.921269798 -0.356780348 0.153590951
39.534750000 107.974362348 5.738219984 -36.142634081 -0.023176275 -0.924902542 -0.348548896 0.150106013
39.634591000 108.146939111 5.976834821 -36.416698397 -0.003407765 -0.925336851 -0.345777730 0.155492320
39.734346000 108.391523797 6.184749084 -36.707309775 0.013651647 -0.932168340 -0.325595698 0.157680882
39.833992000 108.679695442 6.358478916 -36.909256299 -0.000032434 -0.937240944 -0.312537597 0.154595158
39.933569000 108.890983473 6.560210665 -37.171924020 -0.033228553 -0.938003518 -0.309951274 0.151576617
40.033191000 109.096661646 6.750569397 -37.446871858 -0.050292173 -0.938929162 -0.308154324 0.144650057
40.133205000 109.245619086 6.903506069 -37.703688733 -0.063725584 -0.939993574 -0.305095511 0.138808718
40.233134000 109.413957510 7.063991407 -37.982798514 -0.032074786 -0.942896480 -0.302490820 0.135708290
40.333185000 109.558006749 7.212110848 -38.264837342 0.004282543 -0.943277853 -0.304236560 0.132848290
40.433237000 109.731483786 7.350340757 -38.548672804 0.022072530 -0.945211004 -0.300184688 0.126404569
40.533130000 109.878651621 7.486028975 -38.817140570 0.027746167 -0.946178029 -0.298730384 0.121397881
40.632976000 109.998691579 7.594997805 -39.087627858 0.022951145 -0.946710715 -0.298531771 0.118704878
40.732882000 110.190105884 7.722273573 -39.312237198 0.020774727 -0.946653254 -0.299962061 0.115925788
40.832950000 110.304156465 7.913516113 -39.634070598 0.026766446 -0.942921071 -0.311085226 0.115798938
40.933150000 110.421240134 8.105053253 -39.979752816 0.019305342 -0.942007836 -0.313456615 0.118294089
41.033403000 110.534354910 8.219322694 -40.234316366 -0.002747862 -0.943192413 -0.309838363 0.119919602
41.133579000 110.638897681 8.410542280 -40.540034228 0.009553489 -0.942367765 -0.311219572 0.122450414
41.233713000 110.774472077 8.547094499 -40.808373572 0.021530829 -0.943776770 -0.305053563 0.125555387
41.333851000 110.947609764 8.656068368 -41.063596844 0.014763279 -0.945226982 -0.301414814 0.124407023
41.434033000 111.133592578 8.748748920 -41.311590912 -0.022253595 -0.945632747 -0.303190246 0.115581831
41.534156000 111.258529641 8.848030059 -41.576391107 -0.078732440 -0.942278045 -0.306833493 0.108473486
41.634245000 111.335136110 8.940619143 -41.825687885 -0.117378336 -0.939090226 -0.305256953 0.105593876
41.734176000 111.403177375 9.013819133 -42.074613561 -0.111683955 -0.939266652 -0.307028939 0.105062271
41.834057000 111.466007981 9.136647134 -42.335063074 -0.074361418 -0.943483574 -0.306173486 0.102795532
41.933965000 111.489896585 9.287252610 -42.591393893 -0.063504062 -0.945360427 -0.304436872 0.097872813
42.033842000 111.495429098 9.393581178 -42.858997180 -0.009154628 -0.949804059 -0.297905454 0.095083034
42.133998000 111.481301990 9.542463358 -43.139111804 0.015504382 -0.951633376 -0.292839173 0.091644696
42.234316000 111.493114007 9.686159591 -43.389294085 0.026107080 -0.951280157 -0.294634036 0.087036020
42.334629000 111.487650320 9.841220793 -43.617174680 0.034038245 -0.940594675 -0.327710143 0.082031194
42.434867000 111.489452488 9.956338866 -43.902245733 0.033248954 -0.941736727 -0.324925089 0.080312708
42.535128000 111.513642055 10.096626136 -44.136413735 0.052698040 -0.943271805 -0.317669992 0.080913506
42.635421000 111.540973858 10.262218817 -44.376914990 0.067757921 -0.948702118 -0.297407325 0.083198785
42.735763000 111.579948759 10.417104036 -44.594348260 0.059441733 -0.950539237 -0.292984796 0.084271872
42.836087000 111.619724113 10.561441332 -44.828933325 0.054892516 -0.948621083 -0.300134362 0.083810606
42.936376000 111.659886618 10.698217739 -45.067326733 0.043049996 -0.949994323 -0.297584788 0.084266115
43.036487000 111.713980775 10.847212698 -45.292204563 0.032240013 -0.952045070 -0.291900323 0.085819391
43.136341000 111.817816505 10.965143261 -45.479344948 0.029295036 -0.945342388 -0.313384671 0.085203395
43.235901000 111.899696421 11.036358206 -45.661817543 0.028363285 -0.942114764 -0.322698195 0.086493758
43.335375000 111.953589453 11.140753751 -45.839137852 0.025843675 -0.945732331 -0.311191635 0.089901218
43.434817000 112.022047583 11.227233762 -46.050602157 0.026834159 -0.945781513 -0.310232617 0.092374137
43.534332000 112.062971421 11.385819772 -46.229416196 0.029660120 -0.934415010 -0.342598063 0.092819357
43.633905000 112.110090739 11.469251983 -46.400822422 0.028424296 -0.933114834 -0.346179168 0.092998656
43.733590000 112.216473882 11.557683377 -46.621887810 0.029980831 -0.931135740 -0.351268531 0.093262007
43.833480000 112.272062156 11.647396033 -46.799034770 0.029507064 -0.931770870 -0.349016422 0.095498250
43.933771000 112.340826572 11.754792875 -47.104114157 0.031091621 -0.922717194 -0.371287452 0.098853015
44.034226000 112.441550473 11.866274449 -47.380488934 0.029959905 -0.926809110 -0.360511443 0.100790765
44.134649000 112.559980022 11.973282959 -47.707464121 0.029344842 -0.927972007 -0.357161432 0.102188776
44.234605000 112.665689231 12.113531984 -48.015635688 0.026345401 -0.933173567 -0.342752157 0.104947480
44.334415000 112.801497663 12.194746181 -48.373836082 0.025814412 -0.939169357 -0.325010141 0.107995107
44.434097000 112.927520794 12.306639136 -48.714847490 0.022190240 -0.947356408 -0.299530080 0.110928632
44.533793000 113.090991568 12.438118844 -49.019062249 0.005636455 -0.953676270 -0.279754529 0.110486225
44.633678000 113.232188919 12.524600342 -49.337950785 -0.012220616 -0.952229306 -0.284882182 0.109325877
44.733707000 113.312104422 12.638703726 -49.661919759 -0.038177507 -0.951464155 -0.285520288 0.108335612
44.833787000 113.423178761 12.739934034 -49.971470793 -0.005447147 -0.952427694 -0.285173077 0.107369140
44.933890000 113.535959724 12.820581425 -50.293782136 0.012610959 -0.953063359 -0.283914253 0.104421711
45.034015000 113.638521241 12.887334333 -50.608136814 0.021135653 -0.953152109 -0.284485838 0.100608892
45.134339000 113.720956640 12.952176304 -50.919174695 0.022543305 -0.952988216 -0.286005257 0.097500011
45.234503000 113.763530678 12.999526929 -51.209778696 0.024546235 -0.950630806 -0.293686796 0.097193713
45.334713000 113.869871349 13.064542803 -51.515740064 0.023834396 -0.951888993 -0.290193660 0.095534842
45.434748000 114.009817497 13.152427039 -51.801429803 0.025533607 -0.951120809 -0.293385557 0.092963199
45.534582000 114.048669282 13.208203568 -52.016418479 0.024140531 -0.951618704 -0.290824787 0.096228997
45.634333000 114.142568710 13.274915785 -52.310669970 0.024472250 -0.950859789 -0.292305199 0.099118319
45.734132000 114.258061033 13.361197462 -52.559015206 0.025168176 -0.946563568 -0.305414414 0.100528655
45.833970000 114.339707153 13.428924475 -52.813078315 0.024900332 -0.940259184 -0.323231480 0.103990624
45.934065000 114.448382690 13.502807334 -53.087571430 0.027182058 -0.936538434 -0.332292052 0.108346160
46.034169000 114.589279210 13.577791305 -53.377720247 0.029953042 -0.931976022 -0.343470434 0.112033792
46.134502000 114.723642306 13.639695524 -53.671340808 0.030825211 -0.928960793 -0.350970377 0.113584528
46.234844000 114.861543189 13.709369485 -53.978063011 0.023570066 -0.926025946 -0.358914905 0.114457371
46.335030000 114.980825745 13.752095327 -54.319809265 0.009122752 -0.932117364 -0.343164255 0.115378894
46.435040000 115.138938547 13.856462802 -54.661300627 0.008280223 -0.944492581 -0.307519505 0.115312428
46.535062000 115.251122034 13.943750721 -54.997156709 0.012907251 -0.949002882 -0.292726306 0.116353952
46.634888000 115.353670514 14.009817683 -55.350867007 0.015590881 -0.950796154 -0.286031050 0.118024728
46.734527000 115.486762958 14.072741601 -55.685613879 0.016073474 -0.951913047 -0.281749542 0.119249276
46.834115000 115.622392914 14.187644416 -56.025764636 0.016355680 -0.952406649 -0.279616253 0.120286396
46.933856000 115.755894792 14.276324874 -56.363422043 0.016065258 -0.942035614 -0.312998149 0.119762127
47.033881000 115.873857870 14.341244012 -56.718294227 0.018859003 -0.930399320 -0.345117760 0.122045793
47.134109000 116.015398549 14.393641606 -57.085391795 0.024790281 -0.927263809 -0.351612138 0.126238565
47.234293000 116.179233005 14.440949215 -57.419966564 0.026284376 -0.927155046 -0.350568926 0.129591976
47.334488000 116.289397777 14.501523597 -57.788554366 0.025042546 -0.927451820 -0.347643754 0.135461479
47.434426000 116.402352642 14.597349029 -58.124934204 0.024924374 -0.926990801 -0.346865153 0.140539660
47.534350000 116.516103726 14.661453824 -58.420712292 0.026335768 -0.922530049 -0.358128880 0.141380487
47.634381000 116.641177950 14.791886193 -58.851828397 0.027739378 -0.919045338 -0.366060451 0.143478009
47.734575000 116.825957243 14.871213994 -59.265249725 0.027115690 -0.917764759 -0.369228683 0.143675909
47.834980000 116.986431101 14.968594523 -59.671668518 0.028696078 -0.918681897 -0.364285915 0.149986264
47.935351000 117.163885832 15.077848004 -60.155545107 0.028522473 -0.920834877 -0.356231467 0.156040827
48.035599000 117.413658466 15.255861757 -60.612947509 0.022801560 -0.934709182 -0.317808396 0.157469542
48.136029000 117.622854468 15.426217460 -61.071250974 0.016091781 -0.944120013 -0.288304651 0.158930438
48.236130000 117.808800640 15.557386278 -61.467371393 0.013895626 -0.948837466 -0.273104971 0.157886191
48.336167000 118.014265004 15.686850636 -61.876495915 0.012494833 -0.950343579 -0.269300939 0.155460491
48.436247000 118.217760925 15.822844884 -62.284667831 0.014520610 -0.951224159 -0.267517800 0.152957442
48.536351000 118.414661365 15.965979244 -62.689278132 0.011900987 -0.951879311 -0.266880101 0.150197052
48.636353000 118.629248625 16.113418479 -63.066299379 0.012710151 -0.952517161 -0.266559875 0.146612903
48.736251000 118.842586092 16.269372955 -63.469298091 0.019787684 -0.953181342 -0.265897486 0.142661500
48.836072000 119.042117239 16.407285804 -63.826248851 0.014732562 -0.952584686 -0.269401137 0.140671228
48.935879000 119.241385418 16.511399703 -64.159032554 0.013012715 -0.951672971 -0.272509227 0.141024630
49.035744000 119.435236712 16.627877398 -64.490562429 0.010716567 -0.950703684 -0.274256324 0.144329929
49.135606000 119.652732559 16.776479388 -64.841864477 0.011626410 -0.949645577 -0.274129385 0.151298333
49.235286000 119.867266834 16.917862585 -65.200479348 0.013743036 -0.946941104 -0.274775169 0.166169435
49.334894000 120.094427599 17.034036584 -65.485683106 0.014279568 -0.943401317 -0.273179226 0.187518426
49.434450000 120.284276099 17.154181366 -65.772092683 0.013861389 -0.938852020 -0.273132618 0.209196842
49.534154000 120.492588637 17.301314811 -66.061150726 0.012659772 -0.934606424 -0.271963551 0.228880730
49.634480000 120.693510662 17.457451043 -66.361452352 0.013413154 -0.930328767 -0.271091356 0.246612953
49.735334000 120.902933851 17.610260069 -66.609111292 0.014256304 -0.927163260 -0.270054525 0.259298284
49.836340000 121.120124337 17.765767315 -66.877332796 0.013013322 -0.925079143 -0.267799021 0.268966385
49.936987000 121.360039866 17.932899872 -67.137076662 0.011215139 -0.924203356 -0.266500974 0.273312290
50.037160000 121.569814392 18.083314847 -67.404042419 0.010594283 -0.923267856 -0.266767256 0.276223566
50.137073000 121.798318971 18.263045702 -67.700723664 0.012557766 -0.922572121 -0.267129278 0.278109571
50.236609000 121.993057261 18.405041824 -67.963741513 0.011224636 -0.922329094 -0.263193976 0.282687071
50.335836000 122.211043800 18.526255880 -68.232891673 0.012026447 -0.920156525 -0.267694743 0.285494060
50.435087000 122.452854746 18.649981520 -68.497687536 0.011468471 -0.919075735 -0.270107202 0.286723504
50.534290000 122.679772514 18.778375998 -68.765866871 0.012831958 -0.918771684 -0.269046392 0.288631206
50.633573000 122.918833218 18.923835443 -69.050741069 0.012722739 -0.917971360 -0.269988339 0.290298141
50.733109000 123.149643236 19.031814548 -69.279958421 0.013243000 -0.917657269 -0.270635828 0.290664768
50.832800000 123.368832306 19.130577498 -69.491054970 0.011898073 -0.917090662 -0.269620286 0.293441741
50.932707000 123.585077957 19.197448121 -69.711070350 0.011229476 -0.915619391 -0.269945399 0.297732280
51.032939000 123.820181690 19.278842828 -69.927492140 0.011116691 -0.914648787 -0.269485898 0.301116866
51.133514000 124.057421089 19.360221125 -70.148279063 0.011626631 -0.912328596 -0.268133193 0.309234451
51.233829000 124.279566505 19.448786290 -70.361520102 0.011271276 -0.908342075 -0.268021201 0.320861759
51.334005000 124.494381723 19.555762024 -70.591862225 0.027210263 -0.906280806 -0.261409595 0.331028287
51.434093000 124.711858794 19.607742258 -70.714905204 0.031318139 -0.904466585 -0.260141284 0.336579683
51.534109000 124.932652351 19.673845819 -70.892185171 0.021271093 -0.902637866 -0.263045949 0.339998902
51.633761000 125.164144023 19.733192667 -71.083768445 0.008377642 -0.907851553 -0.241822767 0.342428273
51.733159000 125.381056308 19.811622359 -71.256236495 0.003045852 -0.909813872 -0.235153864 0.341953362
51.832641000 125.596893330 19.904437794 -71.421978815 0.003310520 -0.909451374 -0.239843381 0.339650395
51.932205000 125.815572286 19.961070726 -71.599130640 0.006258091 -0.907163751 -0.253623583 0.335693079
52.031845000 126.039516901 20.003271030 -71.776053782 0.007391447 -0.906626750 -0.261118055 0.331346744
52.131776000 126.265386353 20.044310849 -71.947264262 0.003933866 -0.911098953 -0.250718571 0.327144344
52.231622000 126.477039039 20.082195418 -72.107271079 0.006237002 -0.911247296 -0.253443352 0.324585785
52.331485000 126.698695690 20.109769879 -72.273199824 0.009080505 -0.909468212 -0.260602594 0.323838545
52.431365000 126.894803443 20.118940976 -72.429078295 0.011584964 -0.905851862 -0.264135574 0.330954062
52.531000000 127.095539312 20.145783097 -72.595126879 0.012935414 -0.901447775 -0.264058030 0.342779725
52.630457000 127.277737750 20.120994433 -72.705228855 0.013754153 -0.896095422 -0.262389141 0.357736993
52.729843000 127.461236153 20.121353436 -72.851490155 0.013436701 -0.890564066 -0.261136497 0.372186552
52.829442000 127.658839791 20.106731652 -72.976107740 0.017350720 -0.886165662 -0.259177461 0.383713976
52.929337000 127.847812938 20.126380991 -73.158725781 0.024987266 -0.879996299 -0.254996562 0.399948627
53.029625000 128.039278148 20.121768731 -73.287138766 0.055994850 -0.876069098 -0.239263848 0.414873864
53.130363000 128.254980516 20.127299290 -73.392588908 0.083884080 -0.870907599 -0.222122507 0.430284798
53.230914000 128.511315783 20.137758821 -73.468476243 0.080070506 -0.864975893 -0.219992855 0.443856465
53.331283000 128.757389748 20.147306899 -73.552292143 0.044643443 -0.860622418 -0.225299739 0.454506374
53.431397000 129.004708820 20.211356049 -73.610514364 0.017028717 -0.856615575 -0.224615336 0.464185018
53.531255000 129.223868713 20.236197235 -73.672058975 0.009905200 -0.850650842 -0.232686648 0.471329986
53.631072000 129.399588693 20.197308553 -73.716530310 0.010577560 -0.846150581 -0.241236542 0.475102347
53.731066000 129.567527018 20.209886344 -73.748862746 0.004117851 -0.846677859 -0.233219591 0.478255443
53.831039000 129.773400426 20.231068232 -73.778562146 0.008846127 -0.844372600 -0.240796283 0.478512078
53.931173000 129.961724237 20.238383855 -73.813133440 0.010853961 -0.843635156 -0.244078784 0.478108213
54.031587000 130.167106840 20.242111275 -73.857195478 0.007612142 -0.846404044 -0.237550261 0.476562821
54.132189000 130.378134933 20.240743457 -73.893386050 -0.001866641 -0.852423484 -0.220199241 0.474218318
54.232617000 130.555105250 20.247518486 -73.895881981 -0.006269262 -0.855599238 -0.213456592 0.471536769
54.332925000 130.721386026 20.262374363 -73.905001894 -0.004705644 -0.854470969 -0.217824285 0.471603435
54.432997000 130.871574579 20.254615446 -73.937996244 0.002347874 -0.850261896 -0.221465982 0.477495565
54.532685000 131.034406403 20.260421727 -73.951242199 0.023868623 -0.846179705 -0.207850413 0.490110601
54.632050000 131.212996312 20.262133269 -73.965703183 0.019308583 -0.840416698 -0.199213722 0.503627685
54.731665000 131.344060556 20.284846089 -73.936117318 -0.004747476 -0.836712441 -0.184657588 0.515549539
54.831600000 131.510182910 20.313961850 -73.930332993 -0.006487379 -0.828660790 -0.197823352 0.523588704
54.931640000 131.642662527 20.336499092 -73.910414702 -0.001022155 -0.822502367 -0.211155426 0.528111917
55.031715000 131.788211153 20.379574713 -73.900321930 0.004744202 -0.818128850 -0.222924605 0.530044618
55.131868000 131.869139208 20.403725229 -73.864253995 0.000576023 -0.819359052 -0.218241202 0.530114317
55.231799000 131.966384227 20.448264397 -73.801322787 -0.010762674 -0.824351807 -0.200766546 0.529170160
55.331722000 132.041165626 20.500133426 -73.716210592 -0.014723484 -0.827963015 -0.190964933 0.527060585
55.431773000 132.122429566 20.544349126 -73.633893004 -0.012599665 -0.830197301 -0.188969868 0.524312959
55.531874000 132.196100113 20.612319620 -73.546191868 -0.010126859 -0.831715982 -0.189165473 0.521883508
55.631805000 132.239596092 20.657062350 -73.475470235 -0.007209846 -0.831524974 -0.195616211 0.519854339
55.731613000 132.262658068 20.706221586 -73.375321937 0.001534781 -0.836221550 -0.181093153 0.517625766
55.831420000 132.261231705 20.794891255 -73.220803224 0.004266335 -0.833465786 -0.198554638 0.515647785
55.931328000 132.277123077 20.838782015 -73.083893925 0.007562390 -0.827664112 -0.225305739 0.513957442
56.031388000 132.284990928 20.870561517 -72.937252948 0.010474008 -0.825664615 -0.236456468 0.512109928
56.131610000 132.316602808 20.906182382 -72.805470811 0.013042364 -0.825417511 -0.240769920 0.510436749
56.231848000 132.364631919 20.928520347 -72.713574557 0.012363113 -0.825886895 -0.243024628 0.508622670
56.332119000 132.418886449 20.955150764 -72.588298215 0.012195583 -0.827789785 -0.244319218 0.504899455
56.432579000 132.479845109 20.954241791 -72.492362934 0.012209969 -0.827908957 -0.244743990 0.504497825
56.532944000 132.542245612 20.945397042 -72.368997732 0.011519672 -0.827504194 -0.243124053 0.505959288
56.633213000 132.629332002 20.920069932 -72.295330735 0.012519068 -0.825857917 -0.242488805 0.508921559
56.733266000 132.699757360 20.884715852 -72.208945135 0.011392284 -0.823653576 -0.240979055 0.513219347
56.833210000 132.785912254 20.854409940 -72.129924976 0.010735537 -0.820201625 -0.238890543 0.519697365
56.933104000 132.866190888 20.816400570 -72.035093378 0.012453794 -0.816571981 -0.237117043 0.526146949
57.033014000 132.935444133 20.769765103 -71.941754032 0.013618707 -0.813301589 -0.235832216 0.531731343
57.132813000 133.036800592 20.737035289 -71.858748803 0.013514593 -0.809975248 -0.234834044 0.537224745
57.232484000 133.134023824 20.704508630 -71.769887675 0.012293547 -0.806084737 -0.233690866 0.543566781
57.332344000 133.231385699 20.666344044 -71.679660614 0.010520616 -0.801361465 -0.230376175 0.551938346
57.432174000 133.322496073 20.622616551 -71.589827995 0.010455870 -0.798085861 -0.229733463 0.556931027
57.532117000 133.402905419 20.554570626 -71.497140480 0.009460976 -0.796252719 -0.229847336 0.559519704
57.631948000 133.491439352 20.488582832 -71.408296272 0.009851753 -0.795397358 -0.230142947 0.560607002
57.731580000 133.588356812 20.425317495 -71.320876324 0.009690600 -0.795142067 -0.230163201 0.560963534
57.831107000 133.691063187 20.362138892 -71.236659339 0.009990248 -0.794923350 -0.230476780 0.561139481
57.930559000 133.779238042 20.284906601 -71.151316397 0.011116217 -0.794694623 -0.231155766 0.561162987
58.029978000 133.892746477 20.214532839 -71.059280732 0.007148490 -0.795118411 -0.233518445 0.559646985
58.129543000 134.004577950 20.133356382 -70.968996826 -0.025779811 -0.793278503 -0.254158232 0.552673694
58.229213000 134.084268945 20.043525922 -70.901595804 -0.059844980 -0.792359412 -0.274029828 0.541749752
58.329179000 134.153592583 19.990366321 -70.851255499 -0.070266239 -0.796284150 -0.280749146 0.531200645
58.429478000 134.231762454 19.932239624 -70.797381017 -0.053513442 -0.805287192 -0.273248470 0.523434928
58.529999000 134.301319900 19.886361377 -70.766143402 -0.019636128 -0.815120153 -0.255262474 0.519648562
58.630392000 134.385860621 19.840167475 -70.734453277 0.001967024 -0.823513121 -0.245110131 0.511608535
58.730682000 134.465205204 19.783979477 -70.700204192 0.010994845 -0.830044575 -0.242028108 0.502322120
58.830783000 134.593668701 19.726138647 -70.662974488 0.014417178 -0.833939433 -0.242054867 0.495728362
58.930605000 134.741064371 19.680676726 -70.633834274 0.016110929 -0.836093779 -0.241469656 0.492321070
59.030143000 134.815626229 19.662681479 -70.629491997 0.017503479 -0.835789730 -0.243265300 0.491905630
59.129827000 134.898364006 19.632822228 -70.599009251 0.018709432 -0.834821744 -0.247137713 0.491574575
59.229538000 134.992963472 19.583498581 -70.564461362 0.016409505 -0.836189415 -0.243063974 0.491363302
59.329387000 135.101041108 19.524807924 -70.517199989 0.011682014 -0.838697533 -0.242724655 0.487375339
59.429461000 135.203346119 19.462938684 -70.461205953 -0.007235415 -0.840478517 -0.252210884 0.479513483
59.529644000 135.299092462 19.417528542 -70.409808576 -0.025145718 -0.843521769 -0.258018788 0.470388163
59.629799000 135.429753526 19.402077911 -70.355672622 -0.041295318 -0.848832805 -0.260383588 0.458233513
59.730012000 135.526765656 19.405792149 -70.277466245 -0.071361792 -0.851609010 -0.269846589 0.443680525
59.830184000 135.594845179 19.405893052 -70.229555797 -0.104475305 -0.849459704 -0.286410326 0.430664889
59.930218000 135.663694456 19.392345142 -70.225980604 -0.113081019 -0.850023528 -0.294222720 0.422025681
60.030393000 135.691488304 19.374269999 -70.253961268 -0.116075519 -0.850231105 -0.299865318 0.416790515
60.131054000 135.698081085 19.351776881 -70.314146599 -0.112694374 -0.852062239 -0.300572864 0.413456010
60.231923000 135.684158812 19.345339978 -70.411222882 -0.099994028 -0.855643088 -0.296884623 0.411989830
60.333017000 135.651629759 19.352894752 -70.509935073 -0.086773840 -0.860469828 -0.291953755 0.408442139
60.433953000 135.599971693 19.387382097 -70.638043662 -0.083029704 -0.864277202 -0.290199163 0.402387167
60.534406000 135.552715975 19.463126443 -70.787832972 -0.077104623 -0.869185790 -0.287360146 0.394962132
60.634320000 135.478343287 19.555033810 -70.956295569 -0.070022465 -0.874232564 -0.284845578 0.386881475
60.733846000 135.392926184 19.662522748 -71.129858892 -0.043147864 -0.883501570 -0.274260646 0.377285482
60.833166000 135.320645130 19.775290375 -71.285640979 -0.035163478 -0.889554660 -0.271844954 0.365453632
60.932542000 135.241937765 19.909343922 -71.448969731 -0.050020260 -0.892324517 -0.277025361 0.352862409
61.031960000 135.154422904 20.063097761 -71.631521025 -0.057948536 -0.895474056 -0.279873318 0.341231750
61.131780000 135.048568132 20.238032299 -71.822438358 -0.025356233 -0.904342531 -0.268863682 0.330505625
61.231818000 134.952121025 20.381936257 -71.962384392 0.000663661 -0.911201721 -0.261024209 0.318712010
61.331958000 134.860031041 20.494491946 -72.109721972 0.011556360 -0.915524249 -0.259116115 0.307474615
61.432062000 134.755604260 20.630158331 -72.239102327 0.023095372 -0.921509688 -0.252610712 0.294065173
61.532096000 134.689250743 20.727383027 -72.364644185 0.050538120 -0.928248496 -0.241890747 0.278009880
61.632243000 134.610342964 20.850895456 -72.455193146 0.073444885 -0.936500374 -0.224652780 0.259044450
61.732414000 134.572125956 20.964147669 -72.560377578 0.087190245 -0.944678458 -0.207917008 0.238224661
61.832577000 134.535664080 21.074275484 -72.628286408 0.092557387 -0.952430539 -0.192676186 0.217221282
61.932813000 134.530463571 21.159743471 -72.674607357 0.098836066 -0.958216250 -0.183835403 0.195595488
62.032987000 134.544907585 21.243614766 -72.685040979 0.098932730 -0.962970962 -0.181423154 0.173161428
62.133068000 134.585254639 21.320316455 -72.664151178 0.086267603 -0.965775395 -0.190920318 0.152922266
62.232883000 134.633355453 21.381300812 -72.615550095 0.084118722 -0.965595648 -0.205690823 0.135056918
62.332706000 134.705404442 21.426233084 -72.542424868 0.070007791 -0.965639506 -0.218942014 0.121258599
62.432526000 134.769343697 21.428984981 -72.421896782 0.035421951 -0.960840302 -0.250278583 0.113542199
62.532284000 134.881473319 21.457149042 -72.347208810 0.018228783 -0.957923544 -0.263229278 0.112962567
62.632031000 134.992771836 21.465982005 -72.258675398 0.002272311 -0.955537644 -0.269427492 0.119797641
62.731680000 135.106788235 21.468646340 -72.158708160 -0.009267135 -0.951743427 -0.274484775 0.136955018
62.831420000 135.202315508 21.471473426 -72.047433845 -0.017696076 -0.946319842 -0.277815824 0.164267991
62.931303000 135.293035985 21.488296396 -71.950834679 -0.017069752 -0.940833170 -0.277602190 0.193593890
63.031438000 135.377719208 21.494952791 -71.843785085 -0.006718382 -0.936492775 -0.272310940 0.220868510
63.131971000 135.463022126 21.492554970 -71.743026745 -0.009176421 -0.929943239 -0.272777132 0.246402112
63.232469000 135.551580662 21.477674321 -71.632739028 -0.020915127 -0.923158339 -0.275538134 0.267245161
63.332982000 135.621823975 21.463166473 -71.539505127 -0.027015061 -0.919203525 -0.275762298 0.279803898
63.433644000 135.683549577 21.457502705 -71.470583418 -0.019327303 -0.918578650 -0.271701336 0.286388027
63.534166000 135.751930555 21.439218423 -71.409579186 -0.005976541 -0.919296256 -0.267688369 0.288446896
63.634332000 135.827703067 21.422989546 -71.368895664 0.008102440 -0.920619841 -0.264420689 0.287184884
63.734304000 135.881089949 21.367863855 -71.325725723 0.012185885 -0.921875709 -0.262209680 0.285031167
63.834110000 135.947336781 21.307630226 -71.279475669 0.014975028 -0.922989891 -0.260915404 0.282468692
63.933889000 136.022695037 21.219535199 -71.224370806 0.015001286 -0.924085449 -0.259471118 0.280206679
64.033608000 136.105901396 21.120059290 -71.184018738 0.018376641 -0.924264285 -0.258180953 0.280607245
64.133383000 136.187594454 21.026008688 -71.132624391 0.033877306 -0.924788598 -0.252201882 0.282864963
64.233067000 136.279664093 20.921622583 -71.066090865 0.038885428 -0.924419371 -0.251287767 0.284237941
64.332879000 136.378110222 20.802824797 -70.988975559 0.027512299 -0.923437873 -0.254829013 0.285600670
64.432654000 136.479676455 20.697527296 -70.933028611 0.020183876 -0.922814382 -0.256977371 0.286302041
64.532558000 136.597655257 20.572349526 -70.873850603 0.018641374 -0.923362076 -0.258911296 0.282877917
64.632741000 136.702496230 20.468257953 -70.791863768 0.017945390 -0.924591788 -0.259097523 0.278704972
64.732995000 136.838546717 20.362036019 -70.707677147 0.016610394 -0.925708273 -0.260076876 0.274131913
64.833110000 136.974431743 20.306709769 -70.602728742 0.007520026 -0.926307941 -0.262652429 0.270019905
64.933047000 137.105147227 20.252321340 -70.491967008 -0.036504666 -0.925505670 -0.265865668 0.267249155
65.032861000 137.236194719 20.208001498 -70.376279223 -0.055437464 -0.922122648 -0.270890286 0.270619590
65.132463000 137.332816718 20.170130080 -70.285826927 -0.043539307 -0.918158488 -0.274830885 0.282059044
65.231803000 137.424834389 20.148569809 -70.180623559 -0.018928308 -0.915976320 -0.269761715 0.296408026
65.331288000 137.517788945 20.144588540 -70.072687625 -0.001126558 -0.912826445 -0.263228053 0.312182005
65.430920000 137.619041030 20.132935596 -69.962665559 0.002297779 -0.907578733 -0.260457833 0.329328532
65.530726000 137.712092441 20.137741268 -69.856278574 0.007395410 -0.902202559 -0.257243045 0.346124061
65.630980000 137.817760371 20.147211820 -69.758337948 0.012638213 -0.897849871 -0.254632001 0.358982492
65.731605000 137.947661819 20.128120710 -69.643583703 0.012720225 -0.896274946 -0.244756533 0.369626375
65.832157000 138.046953853 20.157122924 -69.530715629 0.006029886 -0.897551401 -0.225241953 0.378987052
65.932505000 138.151542226 20.182339019 -69.408584648 -0.001761410 -0.899286308 -0.209724431 0.383792518
66.032607000 138.263822337 20.204085930 -69.281077176 -0.006019980 -0.900953127 -0.200665306 0.384682542
66.132564000 138.398010691 20.280487856 -69.109241176 -0.030714417 -0.897435411 -0.216093011 0.383366819
66.232220000 138.470862007 20.320985076 -68.972490037 -0.066889821 -0.886960008 -0.251410741 0.381602325
66.331989000 138.526878338 20.320028244 -68.862621703 -0.087454435 -0.882969598 -0.271077357 0.373140022
66.432160000 138.561085275 20.302814914 -68.768381440 -0.088643243 -0.888876084 -0.273992261 0.356328392
66.532533000 138.594967605 20.303823202 -68.651527063 -0.091938792 -0.895668410 -0.277114287 0.335459431
66.632743000 138.591849641 20.301891773 -68.570239499 -0.092942587 -0.899633079 -0.282206237 0.319971309
66.732509000 138.551527127 20.328108385 -68.503724012 -0.075984668 -0.906411118 -0.280138854 0.306867134
66.832165000 138.510158224 20.325034212 -68.449966169 -0.065295006 -0.910939246 -0.280665778 0.295216825
66.931902000 138.439737216 20.290683388 -68.417495667 -0.063718678 -0.911850322 -0.285168342 0.288353839
67.031565000 138.362612511 20.296798224 -68.385925775 -0.071016429 -0.912107068 -0.286352959 0.284638977
67.131322000 138.251226345 20.268491814 -68.394732735 -0.075545362 -0.911612930 -0.287248453 0.284153288
67.231175000 138.123875862 20.248056931 -68.399685405 -0.069126021 -0.912243859 -0.286523394 0.284494430
67.331412000 137.974726276 20.260098400 -68.411932045 -0.058725121 -0.914805729 -0.282986413 0.282135656
67.431833000 137.784319713 20.257866466 -68.450585385 -0.045822603 -0.919550078 -0.278319552 0.273616832
67.532233000 137.605838511 20.242924392 -68.501147238 -0.033507710 -0.924639806 -0.276491661 0.259751464
67.632435000 137.457130524 20.204089502 -68.543704758 -0.023385638 -0.930427556 -0.274174412 0.242045587
67.732546000 137.293129100 20.221039077 -68.573192248 -0.019482617 -0.935185916 -0.273399469 0.224277640
67.832464000 137.095226869 20.258456732 -68.610430311 -0.032680010 -0.937235431 -0.277949597 0.208004292
67.932232000 136.919664002 20.301485640 -68.637413656 -0.055891926 -0.938286358 -0.284288740 0.188877516
68.031968000 136.757430149 20.305634415 -68.693894934 -0.060484148 -0.939581228 -0.287451065 0.175785861
68.131650000 136.573303034 20.341858705 -68.750039138 -0.051907415 -0.942789247 -0.282401072 0.169421633
68.231168000 136.417128283 20.350952347 -68.795862317 -0.047869461 -0.944503014 -0.279910865 0.165143815
68.330841000 136.254126368 20.335467385 -68.847884534 -0.043658365 -0.945399073 -0.279227204 0.162316695
68.430864000 136.029710344 20.372664693 -68.926337476 -0.043829915 -0.945475981 -0.278476019 0.163111049
68.531314000 135.834725353 20.380732768 -69.003720002 -0.037504413 -0.945230187 -0.279258313 0.164766828
68.631987000 135.608426092 20.414006304 -69.075238608 -0.033933929 -0.945361735 -0.277571013 0.167612685
68.732866000 135.378621029 20.418545436 -69.142689034 -0.027988586 -0.945605150 -0.276305360 0.169419267
68.833637000 135.152768119 20.430148053 -69.220840319 -0.019708874 -0.945864690 -0.275790548 0.169973886
68.934202000 134.928935438 20.435417563 -69.272230466 -0.009020953 -0.947097902 -0.272994681 0.168517328
69.034452000 134.730486058 20.441977016 -69.306206344 -0.006490876 -0.946553613 -0.276907057 0.165277366
69.134367000 134.507469422 20.456310489 -69.344891730 -0.011624889 -0.940248313 -0.299252449 0.162006000
69.233905000 134.316446381 20.437166865 -69.402639248 -0.009947190 -0.939392411 -0.303107522 0.159902412
69.333379000 134.118376276 20.377310933 -69.449957822 -0.001635999 -0.941369475 -0.298329430 0.157544868
69.433062000 133.933301141 20.357392117 -69.516554639 0.009620706 -0.945416613 -0.288422482 0.151351713
69.533072000 133.743343267 20.330756393 -69.596589399 0.012039879 -0.948512293 -0.283939329 0.139849666
69.633241000 133.578590857 20.321618936 -69.675812988 -0.004245601 -0.952588938 -0.277116064 0.125550698
69.733390000 133.402630193 20.307600421 -69.726955368 -0.025747297 -0.954940971 -0.274908398 0.108858581
69.833872000 133.218535121 20.301776097 -69.779961927 -0.031501333 -0.957025824 -0.273177494 0.092104800
69.934236000 133.046799940 20.318760572 -69.865775567 -0.025438885 -0.958880167 -0.272435895 0.075368242
70.034341000 132.855239075 20.300421096 -69.916505718 -0.031680079 -0.960152163 -0.271641670 0.057576026
70.134252000 132.655220770 20.268002344 -69.941468488 -0.042345214 -0.960855421 -0.270823850 0.040226680
70.233784000 132.466040199 20.264414415 -70.012890208 -0.042403689 -0.961673176 -0.269732565 0.025119198
70.333188000 132.266461803 20.232459689 -70.079682824 -0.031584994 -0.962492557 -0.269180997 0.012331125
70.432823000 132.069664280 20.205439388 -70.154563015 -0.029218631 -0.962585890 -0.269396819 -0.000173086
70.532789000 131.869061560 20.175050822 -70.230223474 -0.029042882 -0.962675518 -0.268767841 -0.013274233
70.632916000 131.664955883 20.140037518 -70.284794072 -0.032211888 -0.962358039 -0.268384022 -0.028273952
70.733087000 131.460530905 20.119855833 -70.357615648 -0.035695865 -0.961951297 -0.267578295 -0.042158781
70.833186000 131.244061273 20.072301877 -70.381853224 -0.030391386 -0.961391170 -0.267383164 -0.057529340
70.933261000 131.003487601 20.000593607 -70.397977988 -0.030912058 -0.960414800 -0.266076786 -0.076491833
71.033489000 130.814540670 20.004987026 -70.524110933 -0.027451407 -0.959173963 -0.263927158 -0.097847759
71.133793000 130.523851764 19.936394710 -70.498019000 -0.018629888 -0.957004878 -0.262827642 -0.121310434
71.233998000 130.225809327 19.877936752 -70.467092506 -0.014134405 -0.953978371 -0.260902335 -0.147157932
71.333980000 129.923651352 19.828813532 -70.437937800 -0.003772976 -0.949838649 -0.259895505 -0.173915586
71.433606000 129.632825840 19.789688731 -70.404736338 0.007733138 -0.944051853 -0.259776248 -0.203033491
71.533005000 129.343424474 19.779092805 -70.350369792 0.011452598 -0.936983042 -0.258529176 -0.234721714
71.632226000 129.072188286 19.780816361 -70.301706135 0.013509203 -0.928125751 -0.258445574 -0.267592931
71.731833000 128.822166325 19.788941976 -70.241517007 0.014532185 -0.918641558 -0.253562645 -0.302642510
71.832127000 128.580110952 19.856236976 -70.134987885 0.014167599 -0.907855389 -0.245630811 -0.339504603
71.932870000 128.297650132 20.050628037 -70.039522174 0.007240177 -0.889850243 -0.256478490 -0.377270340
72.034068000 128.059818234 20.172717411 -69.996784646 -0.000157913 -0.870009802 -0.265619605 -0.415366278
72.135058000 127.753387877 20.322790009 -69.849862742 0.002408631 -0.857042429 -0.250574049 -0.450205641
72.235103000 127.317415372 20.634915898 -69.769083656 0.008051661 -0.840600199 -0.236474474 -0.487243573
72.334597000 126.954511596 20.972692069 -69.719887334 -0.006135144 0.821717091 0.225043488 0.523544468
72.433871000 126.590186574 21.219423737 -69.656718060 0.003905201 0.798138168 0.231715573 0.556118789
72.533465000 126.245518341 21.442887731 -69.559066710 0.004920829 0.779318629 0.223434442 0.585418919
72.633491000 125.941057422 21.741033058 -69.483173390 0.013154175 0.757282479 0.227667253 0.611978625
72.733811000 125.736741029 21.857779579 -69.476880271 0.026408026 0.732917944 0.238060307 0.636758349
72.834095000 125.534870739 21.970415248 -69.466073153 0.022754958 0.717692447 0.224670038 0.658728425
72.934220000 125.353549735 22.121420732 -69.482963799 0.027931530 0.700658868 0.223619545 0.676972141
73.034050000 125.135540471 22.183255593 -69.458051295 0.041000779 0.687381455 0.228233819 0.688284095
73.133902000 124.883757328 22.250508319 -69.441562666 0.024370844 0.684431551 0.210280356 0.697668751
73.233641000 124.654107178 22.346561940 -69.448760991 0.008310692 0.681415546 0.194245316 0.705600838
73.333078000 124.437657977 22.431818649 -69.425543058 0.000993068 0.677619125 0.188666797 0.710799673
73.432542000 124.213735552 22.468909386 -69.386640886 0.002800021 0.672016751 0.191203450 0.715420776
73.532319000 124.040632309 22.474933009 -69.352584079 0.005148247 0.664558777 0.191228507 0.722334262
73.632408000 123.854901846 22.470899236 -69.313416785 0.015550018 0.654585162 0.193644939 0.730601191
73.732560000 123.636093644 22.493443602 -69.294384967 0.016369720 0.643732198 0.194344039 0.739980597
73.832612000 123.464388977 22.465941346 -69.268443881 0.025731018 0.629410502 0.200421927 0.750340847
73.932518000 123.219365647 22.446376085 -69.242402550 0.028932329 0.616093204 0.198785404 0.761627499
74.032246000 123.028155649 22.420293818 -69.214186737 0.024123336 0.603931571 0.190170103 0.773640778
74.132075000 122.776341066 22.383999464 -69.179937095 0.024554457 0.589372457 0.186106719 0.785748990
74.231765000 122.534796410 22.383254838 -69.134512242 0.011381218 0.577081514 0.168787337 0.798973234
74.331463000 122.285903228 22.368288847 -69.084668640 0.007100102 0.562523369 0.154267815 0.812230564
74.431321000 122.032421578 22.364074641 -69.037349411 0.007268923 0.545743159 0.149051098 0.824557662
74.531428000 121.788761875 22.349037269 -68.977767659 0.010983195 0.528734688 0.141372804 0.836858847
74.631637000 121.536897963 22.347018725 -68.910742976 0.019444018 0.509526786 0.139514915 0.848846260
74.731848000 121.322507289 22.295669758 -68.853302971 0.023260143 0.490281581 0.129898830 0.861515659
74.832196000 121.108704163 22.259044234 -68.781502691 0.018752559 0.473066093 0.110926020 0.873814758
74.932402000 120.877575527 22.237656787 -68.698977848 0.015835076 0.455229837 0.097182290 0.884912791
75.032489000 120.617366391 22.237581634 -68.607810978 0.018933002 0.439380991 0.081142721 0.894428167
75.132481000 120.351193093 22.246017630 -68.500121894 0.026994147 0.426598181 0.057666934 0.902197225
75.232230000 120.145235671 22.247909727 -68.332306031 0.025709993 0.414153837 0.056640024 0.908079018
75.331930000 119.906702636 22.271270532 -68.172697907 0.022209843 0.402421736 0.057173666 0.913397308
75.431641000 119.689144445 22.297330869 -67.999593688 0.017759243 0.389700601 0.064497446 0.918508645
75.531570000 119.475909147 22.343266183 -67.816095940 0.013303578 0.378112820 0.067757181 0.923180738
75.631595000 119.288189099 22.389719827 -67.621229577 0.008651251 0.365780243 0.070193895 0.928010122
75.731643000 119.103760140 22.452609385 -67.412799280 0.005678509 0.351775890 0.072405756 0.933262495
75.831768000 118.926412813 22.541241600 -67.192923594 0.005298057 0.338701463 0.069932419 0.938276455
75.931881000 118.748045981 22.625558666 -66.978269001 0.002159324 0.324721030 0.074671525 0.942855107
76.031930000 118.588344691 22.732978650 -66.747727372 0.000071411 0.312246185 0.075017022 0.947034720
76.132142000 118.425557178 22.846567359 -66.511567291 -0.002071795 0.297254327 0.075147406 0.951834250
76.232434000 118.276561686 22.958144986 -66.283401512 -0.001397841 0.281448367 0.074612964 0.956670146
76.332763000 118.128887789 23.045107763 -66.061420439 -0.001034252 0.265683651 0.072319374 0.961343350
76.432971000 117.987738759 23.129386018 -65.846977694 -0.000882140 0.250660102 0.068136923 0.965673907
76.532975000 117.872543215 23.208096004 -65.644229817 0.006081303 0.237418629 0.066316545 0.969122040
76.632745000 117.769283448 23.212208048 -65.488398011 0.008324976 0.223776568 0.069723189 0.972107720
76.732326000 117.653045843 23.229850740 -65.325042749 0.001215101 0.210415919 0.073699398 0.974829248
76.831858000 117.544754689 23.231737913 -65.160043834 0.001000123 0.201092887 0.062615239 0.977568403
76.931553000 117.441378856 23.229651742 -64.996618020 0.001586658 0.191927617 0.055762655 0.979822330
77.031331000 117.344977127 23.217970513 -64.838727173 0.003177007 0.181848090 0.055756155 0.981739492
77.131292000 117.251220434 23.204135972 -64.676888683 -0.003724354 0.167123088 0.076322815 0.982970412
77.231380000 117.148621812 23.190393254 -64.520910216 -0.007302271 0.153773647 0.086321832 0.984301216
77.331745000 117.047349724 23.216237987 -64.346014333 -0.000273936 0.143841935 0.081758374 0.986217517
77.432096000 116.889871387 23.233980946 -64.209578546 0.021077287 0.133336801 0.070697125 0.988321285
77.532283000 116.761320010 23.212998326 -64.065663726 0.044273092 0.127069331 0.054078373 0.989428526
77.632224000 116.663873302 23.176945749 -63.946404976 0.045475853 0.121827634 0.046007453 0.990440957
77.732008000 116.542743035 23.126155671 -63.804479461 0.021637348 0.113714022 0.036236007 0.992616692
77.831948000 116.410955827 23.088054688 -63.651979793 0.006995526 0.104760499 0.029614805 0.994031822
77.931927000 116.271649534 23.047486930 -63.463523432 0.000912643 0.097412686 0.026389632 0.994893724
78.031857000 116.144318537 22.999278740 -63.295179175 -0.001982791 0.094872186 0.025198755 0.995168508
78.131756000 115.979061324 22.932682723 -63.129492996 0.000211110 0.101993557 -0.007337019 0.994757980
78.231571000 115.911171199 22.908507911 -62.998657961 0.000281781 0.102662609 -0.009627252 0.994669606
78.331401000 115.784059547 22.873893035 -62.761154995 -0.002347307 0.097551846 0.014280599 0.995125214
78.431270000 115.682588401 22.825874161 -62.588679022 -0.004369270 0.095400432 0.027233590 0.995056782
78.531332000 115.587879547 22.798017359 -62.405426976 -0.005287539 0.095995052 0.031393338 0.994872580
78.631631000 115.511653781 22.789935058 -62.255533502 -0.005463149 0.096122268 0.034282218 0.994763989
78.731960000 115.432182194 22.753488529 -62.080657055 0.017632732 0.093345396 0.050635129 0.994189020
78.832085000 115.354581727 22.706999045 -61.952165654 0.024409991 0.092019977 0.058993807 0.993708311
78.932095000 115.251441697 22.675489081 -61.778101821 0.012306199 0.093643317 0.055701652 0.993970227
79.032069000 115.139200910 22.712104006 -61.573545806 0.020330630 0.093121308 0.051083679 0.994135577
79.132151000 115.060737363 22.666232830 -61.439902532 0.037448924 0.090262708 0.057850438 0.993530849
79.232130000 114.937438421 22.681384393 -61.186076661 0.040727218 0.088498500 0.060022651 0.993431724
79.332105000 114.828868652 22.749709355 -60.898826239 0.053273771 0.086305399 0.061465315 0.992942747
79.432050000 114.697524257 22.686507120 -60.678765981 0.053664554 0.087522483 0.052012880 0.993355219
79.531881000 114.569881549 22.637545513 -60.469506865 0.031876459 0.091319391 0.041565798 0.994443032
79.631657000 114.452107585 22.627109917 -60.235644458 0.016874974 0.093895610 0.035786506 0.994795545
79.731451000 114.343157892 22.628719488 -60.008049748 0.033825436 0.094827874 0.034634583 0.994315825
79.831418000 114.217709252 22.553169455 -59.731925499 0.042650971 0.094515367 0.034770501 0.994001385
79.931659000 114.093993529 22.491829227 -59.457619826 0.032567323 0.094922053 0.033961628 0.994372054
80.032097000 113.975858994 22.481980289 -59.245593342 0.025182863 0.096464901 0.035024938 0.994401126
80.132584000 113.868282020 22.420459211 -59.004250427 0.036371697 0.101168220 0.039940136 0.993401669
80.232833000 113.759024132 22.369905784 -58.721121861 0.038035420 0.108150229 0.045166278 0.992379384
80.333103000 113.648152917 22.310248159 -58.451317447 0.046705250 0.115552547 0.050147248 0.990934651
80.433423000 113.542261774 22.237634187 -58.154055491 0.051823252 0.123974451 0.053525918 0.989484544
80.533490000 113.434390853 22.176005035 -57.878455032 0.047432269 0.132425924 0.055139905 0.988520685
80.633348000 113.328476474 22.077420313 -57.530106227 0.044058234 0.135663181 0.060704731 0.987911590
80.733135000 113.207837637 21.998525214 -57.196319618 0.018920401 0.132303301 0.072382001 0.988381860
80.833020000 113.102098241 21.919836397 -56.909739495 0.005079319 0.132568204 0.062264445 0.989203220
80.932863000 112.991435333 21.820255377 -56.620011696 0.010070671 0.125607855 0.068725020 0.989645452
81.032791000 112.876339307 21.774995760 -56.341898346 0.014831441 0.122591845 0.055535308 0.990791147
81.132893000 112.769616367 21.676218166 -56.061005310 0.059813486 0.118793505 0.052234169 0.989738370
81.232821000 112.660414416 21.540327084 -55.768714712 0.076365982 0.113010269 0.057509118 0.988984134
81.332788000 112.533500651 21.448687542 -55.490505953 0.068919214 0.108883281 0.061317215 0.989765009
81.432670000 112.443934446 21.318654830 -55.300249366 0.082195140 0.106725596 0.060535711 0.989034395
81.532511000 112.380006545 21.283716737 -55.151975688 0.066082186 0.107052189 0.056413992 0.990449613
81.632477000 112.232527017 21.199234787 -54.767330104 0.042189278 0.107688434 0.051003902 0.991978764
81.732401000 112.078230614 21.088171562 -54.386070664 0.032555037 0.108207981 0.048585146 0.992406512
81.832417000 111.928021064 20.970582003 -54.012592835 0.029349463 0.106958716 0.047770177 0.992681446
81.932611000 111.796036381 20.876883933 -53.664445076 0.027533299 0.105948812 0.046651284 0.992894972
82.032929000 111.655265145 20.762735805 -53.300403196 0.027427931 0.104096568 0.046670796 0.993092871
82.133423000 111.504506265 20.656364901 -52.901625422 0.027365259 0.100174891 0.044927435 0.993578210
82.233938000 111.356697311 20.548708249 -52.538002421 0.027306228 0.097822943 0.044498670 0.993833442
82.334120000 111.224358574 20.451337087 -52.167900752 0.026921900 0.096984155 0.042917907 0.993995643
82.434176000 111.092573097 20.376656891 -51.802457246 0.027013139 0.096584827 0.042419484 0.994053444
82.534053000 110.969683889 20.308644872 -51.422432083 0.028650210 0.101330159 0.044048254 0.993464199
82.633864000 110.853438148 20.250906852 -51.006904903 0.029820424 0.108034542 0.045867047 0.992640667
82.733622000 110.735868090 20.193891733 -50.654933848 0.030328297 0.114829289 0.047005719 0.991808898
82.833446000 110.613014882 20.141956975 -50.293069097 0.028537505 0.120061114 0.049652077 0.991113319
82.933513000 110.497510001 20.075015438 -49.940409343 0.028078007 0.125826814 0.051736637 0.990304276
83.033695000 110.385167778 20.018075921 -49.589192110 0.027863954 0.128637405 0.053334033 0.989864384
83.133937000 110.275493113 19.961559685 -49.240250878 0.027928671 0.125844450 0.052358341 0.990273582
83.233962000 110.170293059 19.911118097 -48.861508594 0.028415060 0.123487917 0.051307844 0.990611338
83.333694000 110.058125316 19.842184415 -48.519843467 0.028068548 0.122339765 0.051458237 0.990755867
83.433223000 109.962586305 19.772055924 -48.199870719 0.028192705 0.117753816 0.049942991 0.991385348
83.532948000 109.849612405 19.672960964 -47.862544757 0.028326560 0.111827957 0.049005412 0.992114199
83.632615000 109.746682155 19.591314575 -47.540929994 0.027773827 0.108764622 0.048167850 0.992511325
83.732226000 109.650749655 19.495882462 -47.231805912 0.028914368 0.106878315 0.047618829 0.992710145
83.831900000 109.551074836 19.399038955 -46.923143196 0.028774647 0.105351386 0.047579982 0.992879273
83.931781000 109.451576525 19.306746062 -46.612830720 0.028613093 0.104329268 0.047932566 0.992974906
84.031799000 109.348167471 19.201071480 -46.316704243 0.028141909 0.104416928 0.048288994 0.992961888
84.131941000 109.256223278 19.103314083 -46.020319483 0.025822830 0.103023005 0.048241086 0.993172814
84.232131000 109.161255283 18.998436792 -45.703762956 0.026168001 0.099237613 0.046970770 0.993610023
84.332466000 109.046104659 18.898195287 -45.394460559 0.028593026 0.094687210 0.043713145 0.994135771
84.432812000 108.961242790 18.815145514 -45.052884350 0.040332940 0.087927717 0.053172075 0.993888676
84.533051000 108.882983521 18.693940249 -44.821602050 0.052346740 0.082394108 0.066797874 0.992979896
84.633075000 108.732230298 18.591234853 -44.483453355 0.040247597 0.084393416 0.051590120 0.994281822
84.732750000 108.597598641 18.462724962 -44.147922971 0.040692257 0.089019671 0.045872270 0.994140520
84.832133000 108.437314962 18.327986056 -43.801495750 0.033533871 0.094668358 0.048565220 0.993757919
84.931427000 108.290154629 18.212706382 -43.432956257 0.026109031 0.102933108 0.054346689 0.992859271
85.030809000 108.184907461 18.082723373 -43.065169675 0.026085409 0.115122816 0.050449370 0.991726348
85.130466000 107.949479455 17.991688893 -42.689991275 0.026276526 0.123654137 0.050429897 0.990694718
85.230289000 107.787004170 17.893670542 -42.345991833 0.026257236 0.131912116 0.051295903 0.989585005
85.330374000 107.698081497 17.853725601 -41.995808314 0.026341537 0.139443496 0.052937478 0.988463079
85.430558000 107.558093894 17.822653403 -41.670723772 0.036652536 0.145126526 0.056116054 0.987140249
85.530680000 107.446735163 17.845713600 -41.295100082 0.034068537 0.150082870 0.057249623 0.986426352
85.630868000 107.278515817 17.951953949 -40.880456923 0.033664046 0.153046960 0.056774290 0.986012191
85.731178000 107.123080988 18.044454708 -40.466249234 0.036301995 0.154179059 0.057475965 0.985701525
85.831829000 107.028770736 18.138572612 -40.061272428 0.032266581 0.157755130 0.055859338 0.985368926
85.932506000 106.873082508 18.215389837 -39.683902654 0.030706666 0.157310967 0.056110936 0.985475481
86.032889000 106.765822020 18.307614828 -39.305057906 0.034861086 0.156514930 0.056113349 0.985463887
86.133025000 106.654288437 18.352390804 -39.015600786 0.042252242 0.153287641 0.055623306 0.985709742
86.232803000 106.550405245 18.394685100 -38.626551979 0.032618295 0.149748433 0.052929242 0.986767424
86.332613000 106.439953787 18.394371833 -38.298566642 0.027585857 0.143145322 0.051017368 0.988000843
86.432505000 106.337774320 18.384119059 -37.995144451 0.025639837 0.136102914 0.050101220 0.989094770
86.532323000 106.231151506 18.364807601 -37.702002990 0.024171297 0.130857525 0.049127309 0.989888157
86.632093000 106.125570415 18.318077056 -37.388715739 0.015200230 0.128755010 0.046614031 0.990463645
86.731896000 105.995431907 18.328385147 -37.023533741 -0.004462631 0.127136888 0.043627589 0.990915198
86.831593000 105.886666809 18.316958160 -36.720656177 -0.009413879 0.125760404 0.043315161 0.991069875
86.931157000 105.769860969 18.305719987 -36.457181894 0.002786418 0.125526567 0.044300126 0.991096774
87.030609000 105.700892020 18.236532972 -36.227342585 0.014649050 0.133341376 0.049107792 0.989744365
87.130088000 105.655397152 18.163481502 -36.007873744 0.011132550 0.146315232 0.062952091 0.987170174
87.229648000 105.591778120 18.126699905 -35.744657540 -0.000086968 0.162472151 0.074656885 0.983884720
87.329583000 105.512089920 18.105605763 -35.497341284 0.003461084 0.181769971 0.068622613 0.980937631
87.429784000 105.400836613 18.031828283 -35.307341245 0.014367945 0.200877597 0.067268231 0.977198413
87.529952000 105.295933623 17.954171077 -35.094589103 0.019924482 0.223474013 0.070733049 0.971935809
87.629964000 105.174298444 17.876127291 -34.890293238 0.024141848 0.245943483 0.076367159 0.965969478
87.729944000 105.056549653 17.782785449 -34.679141566 0.026420184 0.269900561 0.084207014 0.958835147
87.829989000 104.954125692 17.685311925 -34.517798663 0.025311687 0.294077625 0.090495828 0.951150973
87.930237000 104.833874034 17.595612704 -34.284719157 0.027589372 0.316665902 0.097970117 0.943060650
88.030521000 104.709649567 17.507658944 -34.073909798 0.034047368 0.336931557 0.107013048 0.934808061
88.130883000 104.646279899 17.410241806 -33.838360616 0.040851006 0.352906457 0.114753995 0.927695935
88.231232000 104.542623883 17.318750331 -33.631812118 0.040013510 0.362107250 0.118997458 0.923643255
88.331420000 104.508542211 17.226399129 -33.415869181 0.038525661 0.370372714 0.119614077 0.920343576
88.431333000 104.389919408 17.183688900 -33.197039246 0.031296035 0.374695553 0.117187440 0.919179474
88.531060000 104.259982228 17.144154098 -32.967880423 0.027446148 0.376607056 0.115097883 0.918785237
88.630574000 104.119175536 17.128188680 -32.745880450 0.020897050 0.374969735 0.120665608 0.918912848
88.730199000 103.967124881 17.123755944 -32.520897288 0.017785208 0.373660171 0.124129302 0.919050423
88.829941000 103.832336537 17.116660065 -32.348675960 0.017128440 0.376094270 0.127035219 0.917671929
88.929723000 103.688006282 17.122109265 -32.136941153 0.010787321 0.382148910 0.139089959 0.913509621
89.029637000 103.545354842 17.127772922 -31.946444855 0.004980323 0.390623314 0.151963983 0.907907248
89.129779000 103.387086902 17.161187532 -31.750886940 0.001183473 0.402796813 0.159399543 0.901301899
89.229916000 103.228358138 17.205941815 -31.581588136 0.007529049 0.419203469 0.147231364 0.895843006
89.330169000 103.062583680 17.235489746 -31.411463156 0.016286156 0.436433282 0.135379409 0.889344234
89.430420000 102.917906089 17.239002566 -31.259483646 0.020668548 0.448590138 0.130699234 0.883887668
89.530841000 102.764199197 17.252838126 -31.112943769 0.029459597 0.455874286 0.133328452 0.879507983
89.631258000 102.579363832 17.252372881 -30.917990012 0.029765466 0.463288972 0.135471540 0.875285558
89.731503000 102.420629371 17.290049897 -30.779810569 0.033665187 0.469688769 0.138209080 0.871296371
89.831582000 102.264213333 17.304154092 -30.640980214 0.039642906 0.475135053 0.142852375 0.867334031
89.931560000 102.109949260 17.313450115 -30.504769757 0.040979727 0.479093091 0.149207488 0.864018285
90.031389000 101.933428442 17.362578754 -30.346728053 0.036252308 0.481120086 0.158468222 0.861450553
90.131199000 101.766124687 17.391122394 -30.199117195 0.042954862 0.483537967 0.156093425 0.860221342
90.230862000 101.576684150 17.418573842 -30.057467786 0.050414810 0.485142687 0.156365607 0.858862456
90.330609000 101.378817802 17.436512671 -29.886934758 0.053664072 0.487493002 0.155772279 0.857441390
90.430597000 101.173146058 17.469628564 -29.727982403 0.058514043 0.488397747 0.159296930 0.855960417
90.530782000 100.964682176 17.492616437 -29.566335656 0.069822299 0.485845790 0.172452743 0.854013329
90.631055000 100.749062511 17.527853782 -29.404971312 0.073730756 0.485441140 0.172172419 0.853971506
90.731342000 100.494120160 17.562285126 -29.254099378 0.079027813 0.483193290 0.173491196 0.854505503
90.831612000 100.259603788 17.584592004 -29.079441833 0.082568953 0.482563695 0.173113562 0.854603032
90.931747000 99.995590447 17.620040963 -28.911513286 0.092520399 0.477641599 0.179244123 0.855084805
91.031628000 99.706452938 17.610065504 -28.720031813 0.106644594 0.472567454 0.189306223 0.854090209
91.131553000 99.409391430 17.625827224 -28.531271692 0.089099878 0.475155437 0.176312398 0.857439479
91.231462000 99.105200424 17.625351326 -28.338015927 0.089116874 0.473786473 0.174480264 0.858569274
91.331431000 98.785522527 17.644901366 -28.139509780 0.090957162 0.472635580 0.174780377 0.858949488
91.431387000 98.472779453 17.628341458 -27.943808026 0.110714647 0.468052297 0.184531808 0.857098201
91.531446000 98.099527945 17.572431627 -27.725706406 0.107051127 0.468268131 0.186808757 0.856952450
91.631572000 97.699085099 17.567073368 -27.485836275 0.081447852 0.474492530 0.170541930 0.859731666
91.731752000 97.290692954 17.525238220 -27.253549719 0.062585422 0.479048307 0.160236380 0.860767151
91.831926000 96.882254796 17.522139310 -27.015204157 0.037071171 0.485262685 0.144415506 0.861562544
91.932083000 96.480587283 17.479680217 -26.782533273 0.025854379 0.488572931 0.138384394 0.861091053
92.032146000 96.083354699 17.424485856 -26.572800455 0.020954151 0.489499508 0.135968534 0.861082872
92.132088000 95.724260279 17.350203589 -26.357121889 0.020423233 0.490714918 0.136441020 0.860328780
92.231751000 95.363024527 17.266532077 -26.149264091 0.020240995 0.491570365 0.137924017 0.859607960
92.331582000 95.008364861 17.189263647 -25.947294247 0.019648522 0.491559253 0.139433839 0.859384455
92.431761000 94.663544242 17.114376465 -25.750358084 0.020292977 0.491481401 0.140042067 0.859315103
92.531941000 94.298227052 17.044130308 -25.562978092 0.021592238 0.490244945 0.141424336 0.859763239
92.632104000 93.969229961 16.979944931 -25.342521122 0.021527407 0.491479001 0.141509883 0.859045933
92.732407000 93.626065530 16.938404848 -25.129349212 0.020992197 0.491920483 0.141120818 0.858870468
92.832664000 93.279011063 16.916705679 -24.956475109 0.020887710 0.491847870 0.141090498 0.858919582
92.932618000 92.922726640 16.881401046 -24.764513042 0.020815210 0.495086474 0.142190403 0.856876887
93.032436000 92.583402178 16.855323105 -24.578841866 0.019489218 0.498777378 0.143968135 0.854467363
93.132350000 92.263870440 16.840666553 -24.401913414 0.020333012 0.501877930 0.144047536 0.852616807
93.232239000 91.939301086 16.826308212 -24.224101042 0.022339751 0.504356125 0.146005098 0.850769267
93.332206000 91.617615158 16.810180248 -24.047277800 0.022951201 0.505916444 0.147408310 0.849583771
93.432354000 91.333118648 16.829761621 -23.889200648 0.027980287 0.505604270 0.151427398 0.848911756
93.532570000 91.030214158 16.832574695 -23.730234936 0.033787794 0.505206727 0.153896750 0.848492981
93.632638000 90.730343417 16.860568624 -23.558107877 0.026312809 0.506300183 0.150252680 0.848759031
93.732454000 90.434073626 16.909405953 -23.405576075 0.024244557 0.507308905 0.147977447 0.848618025
93.832291000 90.098377150 16.948484885 -23.216130496 0.023875494 0.510296211 0.149286318 0.846605772
93.932015000 89.808143945 16.986311643 -23.030524407 0.017530723 0.513021992 0.158065647 0.843514292
94.031860000 89.473518235 17.047367675 -22.894642196 0.006674666 0.510162535 0.169027196 0.843278983
94.132077000 89.164102519 17.093562143 -22.755717710 0.015302864 0.513715323 0.157713452 0.843201551
94.232085000 88.849461100 17.125266632 -22.613122673 0.021328260 0.516227482 0.150848403 0.842792413
94.332160000 88.549371156 17.138035676 -22.478539890 0.025075293 0.516223008 0.150397040 0.842772666
94.432203000 88.239534749 17.141584047 -22.352353173 0.026842043 0.512712346 0.149314578 0.845050716
94.532248000 87.928314017 17.138780299 -22.230925784 0.027241484 0.510807074 0.149120123 0.846225279
94.632071000 87.625232481 17.117346087 -22.111809454 0.027295568 0.509530491 0.150557670 0.846738459
94.731716000 87.314404345 17.081689592 -22.015106504 0.027328110 0.508236496 0.151361282 0.847371584
94.831288000 87.022025731 17.047233044 -21.906482403 0.028148839 0.508894621 0.152161291 0.846806264
94.930804000 86.712960245 17.002957747 -21.810485617 0.027874178 0.509876702 0.153460738 0.845989705
95.030379000 86.423935073 16.961907651 -21.712191767 0.027454371 0.511682997 0.153258608 0.844948854
95.130205000 86.124698893 16.910267503 -21.613550834 0.026839309 0.513168929 0.153685416 0.843989392
95.230076000 85.828124767 16.857913536 -21.520042810 0.026466016 0.514629850 0.154001494 0.843053502
95.330044000 85.537656415 16.806804195 -21.430938279 0.025445030 0.515889865 0.154260134 0.842267184
95.430114000 85.236109112 16.748248699 -21.333562420 0.025595913 0.515797679 0.154577981 0.842260797
95.530202000 84.932562097 16.692094204 -21.254923135 0.025248401 0.515666390 0.154943778 0.842284464
95.630156000 84.639034571 16.630082087 -21.167024479 0.025338806 0.515531747 0.154220808 0.842496828
95.730076000 84.337605563 16.568317729 -21.088618295 0.025208154 0.515845582 0.154655314 0.842228958
95.830047000 84.068766349 16.536424881 -21.010263735 0.026085978 0.515626851 0.153999222 0.842456356
95.930077000 83.768456295 16.529026751 -20.924391115 0.048527144 0.511527531 0.169202214 0.841044180
96.030038000 83.447200463 16.495158785 -20.834293775 0.061394124 0.509825579 0.176536061 0.839728325
96.130200000 83.124908224 16.465242203 -20.745435670 0.073225417 0.507716437 0.183730592 0.838513642
96.230441000 82.758757120 16.415008080 -20.637546766 0.071507140 0.508630986 0.182294334 0.838421150
96.330696000 82.427620252 16.333724592 -20.556892170 0.053207005 0.512827785 0.171124747 0.839579060
96.430791000 82.100720364 16.286171464 -20.466634285 0.036957836 0.517383630 0.160976155 0.839663608
96.530670000 81.769288610 16.226212887 -20.386178970 0.028964508 0.520287629 0.157904749 0.838765718
96.630683000 81.441194117 16.175227735 -20.300646810 0.025920844 0.522929789 0.155898532 0.837596677
96.730930000 81.104738019 16.134512464 -20.210420302 0.024847726 0.525186541 0.155861267 0.836223029
96.831320000 80.768697708 16.076589554 -20.114530511 0.025295109 0.526885477 0.157214374 0.834886515
96.931696000 80.409975786 16.017499733 -20.007644410 0.023838991 0.528780919 0.157042619 0.833762591
97.031932000 80.073927082 15.972355127 -19.905475563 0.022959603 0.530668290 0.157449752 0.832510419
97.132136000 79.757021735 15.924236352 -19.816989080 0.021414172 0.531836822 0.158052607 0.831691290
97.232232000 79.428942689 15.887194192 -19.716281796 0.021072690 0.532099059 0.159656548 0.831225794
97.332448000 79.117282200 15.842506553 -19.628606159 0.020507671 0.532518716 0.160874230 0.830736261
97.432706000 78.810379588 15.809697525 -19.533300962 0.020905385 0.532387665 0.159830915 0.831011683
97.533003000 78.526516394 15.783188446 -19.421920502 0.021449124 0.533474253 0.159328048 0.830397332
97.633219000 78.223795315 15.774958507 -19.324071852 0.021103674 0.532826193 0.159198706 0.830846951
97.733375000 77.935050672 15.779440216 -19.269659460 0.020979677 0.532112149 0.158817533 0.831380482
97.833522000 77.648762625 15.785899310 -19.188984000 0.019986590 0.532771596 0.158398935 0.831062417
97.933728000 77.346751336 15.809342152 -19.081485600 0.019382831 0.532332340 0.159898978 0.831070937
98.033990000 77.084417622 15.813979104 -19.136508630 0.032004878 0.529831294 0.168031380 0.830674390
98.134253000 76.780315417 15.894969330 -19.054093227 0.036480925 0.529960300 0.171739468 0.829648587
98.234326000 76.440506166 15.995296153 -18.931889677 0.048354235 0.527805579 0.180953163 0.828455848
98.334267000 76.061039753 16.057886278 -18.750438133 0.059692335 0.526790133 0.186393892 0.827155547
98.433975000 75.699059018 16.108485982 -18.616672874 0.059508857 0.526131484 0.185607299 0.827764633
98.533596000 75.325392745 16.168079325 -18.519815754 0.045811448 0.526949015 0.176418502 0.830122015
98.633219000 75.020659063 16.220800021 -18.437932020 0.040773111 0.526857807 0.173323318 0.831094117
98.732848000 74.659713113 16.286675258 -18.285841253 0.046056373 0.525866470 0.174910002 0.831113565
98.832610000 74.313642170 16.319226970 -18.201414751 0.047390992 0.524407816 0.178636637 0.831167545
98.932445000 73.972178425 16.326618080 -18.119222226 0.046055430 0.525579990 0.170481529 0.832214287
99.032312000 73.628160802 16.344696319 -18.018210427 0.038670212 0.526451713 0.163589539 0.833421665
99.132332000 73.276055983 16.363783784 -17.930370806 0.054985195 0.526992021 0.154957607 0.833813035
99.232095000 72.923825895 16.336377697 -17.836593041 0.082702820 0.526876259 0.146720756 0.833087433
99.331871000 72.571156241 16.259869008 -17.710840131 0.092369395 0.526539664 0.143670924 0.832816032
99.431727000 72.171404168 16.237281959 -17.591931127 0.075984952 0.526677778 0.141756146 0.834710729
99.531741000 71.830566482 16.157964344 -17.453345516 0.066839052 0.531151880 0.114988256 0.836772324
99.631714000 71.495360533 16.111269752 -17.325927662 0.038483909 0.524949715 0.142699666 0.838202596
99.731636000 71.160024335 16.066163275 -17.186199927 0.024307203 0.520706134 0.154758827 0.839240125
99.831624000 70.808224388 15.989616438 -17.045114026 0.019766604 0.517788771 0.160127715 0.840156643
99.931617000 70.462264962 15.927440486 -16.913376138 0.017944132 0.515770591 0.161301601 0.841213706
100.031622000 70.157012752 15.878807576 -16.818268700 0.024102704 0.512336476 0.164989548 0.842442190
100.131811000 69.828387236 15.827942979 -16.712479694 0.022828245 0.511343572 0.164609283 0.843155031
100.232105000 69.461579130 15.766674548 -16.580667642 0.022623999 0.511359437 0.165592481 0.842958369
100.332387000 69.064548186 15.713063922 -16.380141960 0.025343120 0.511512573 0.166598438 0.842589802
100.432615000 68.722955336 15.672285997 -16.246072463 0.020140867 0.513396738 0.163615667 0.842168658
100.532771000 68.378416969 15.625581473 -16.124601035 0.018693171 0.515667419 0.162774132 0.840976968
100.633042000 68.037657677 15.586279541 -15.998961332 0.017803537 0.517393599 0.164150550 0.839667490
100.733187000 67.705464254 15.552097694 -15.883830593 0.014616768 0.519609390 0.162408788 0.838698883
100.833235000 67.366659390 15.533043657 -15.755080799 0.015250350 0.520539238 0.164427092 0.837717172
100.933322000 67.047901519 15.524765016 -15.668627120 0.014635116 0.521357205 0.164130341 0.837277558
101.033436000 66.672339595 15.555884148 -15.531685717 0.013391400 0.520905487 0.164150644 0.837575495
101.133526000 66.266828106 15.577672394 -15.380797518 0.013990638 0.520264289 0.164111409 0.837971823
101.233407000 65.850646100 15.617494326 -15.238202392 0.013898490 0.519069398 0.163620254 0.838809993
101.333368000 65.456685057 15.695476158 -15.100986689 0.014712748 0.518082351 0.162809466 0.839563750
101.433267000 65.076661644 15.727625607 -14.982595530 0.015830625 0.517218443 0.164232937 0.839798795
101.533065000 64.687497375 15.776397059 -14.831684216 0.022084604 0.516251971 0.167839199 0.839539264
101.632848000 64.462849790 15.869464945 -14.758985035 0.026819863 0.516030043 0.169264501 0.839251582
101.732961000 64.142760423 15.869125503 -14.697529427 0.034170925 0.514921116 0.173926976 0.838712107
101.833072000 63.797549209 15.881845304 -14.580218650 0.031730328 0.516399699 0.171950853 0.838306293
101.933100000 63.456065742 15.901200737 -14.505795580 0.031468478 0.519507243 0.164552384 0.837880941
102.033146000 63.139880651 15.930254277 -14.428455328 0.029203002 0.521545359 0.162483129 0.837100267
102.133238000 62.825034559 15.929704262 -14.364120358 0.034492231 0.524730025 0.153443742 0.836614430
102.233144000 62.544873633 15.965047283 -14.376767670 0.039061882 0.521742893 0.168677635 0.835348059
102.333001000 62.229719011 16.037864119 -14.315594372 0.037813012 0.521438548 0.171471717 0.835026627
102.433044000 61.881226860 16.066070376 -14.254942081 0.063843254 0.521579979 0.165063767 0.834645024
102.533158000 61.515613239 16.068346133 -14.149617498 0.080349942 0.520310670 0.165318611 0.833960700
102.633440000 61.113811181 16.054770226 -13.998290003 0.066643545 0.521852357 0.158390932 0.835548364
102.733691000 60.768097253 16.117565638 -13.911159893 0.048337718 0.525919538 0.140228874 0.837501025
102.833527000 60.412368942 16.190190514 -13.802637683 0.062930100 0.532153570 0.108536513 0.837300547
102.933096000 60.057283323 16.240794230 -13.601996984 0.098302922 0.535644418 0.091827637 0.833660169
103.032751000 59.704037451 16.289299861 -13.387616631 0.102069245 0.532965297 0.107868592 0.833003139
103.132852000 59.352325532 16.330424904 -13.161432056 0.100056156 0.529663795 0.119374451 0.833783408
103.232940000 58.959624649 16.412227196 -12.903805781 0.086690201 0.519345279 0.160504761 0.834867362
103.333081000 58.527038814 16.366911544 -12.661883605 0.067940595 0.512920971 0.179675226 0.836667775
103.433341000 58.119647887 16.448200683 -12.392115345 0.032874319 0.512668053 0.171099583 0.840723307
103.533587000 57.789358442 16.628558084 -12.175557454 0.040549700 0.509382559 0.179519017 0.840629557
103.633654000 57.517976623 16.506634001 -12.038757335 0.061332205 0.503651877 0.192258518 0.840005839
103.733808000 57.142320862 16.610707145 -11.805691744 0.034929482 0.509471110 0.176424195 0.841482990
103.834086000 56.701562457 16.696894646 -11.577213547 0.018100113 0.514087731 0.165491513 0.841426616
103.934240000 56.231169527 16.766513229 -11.325551220 0.011999025 0.517304235 0.162021882 0.840238812
104.034423000 55.750484732 16.861933391 -11.073538182 0.008517399 0.521268687 0.161018218 0.838021207
104.134512000 55.455210301 16.915030088 -10.913684581 0.007693864 0.524281056 0.158343854 0.836658474
104.234503000 55.117345429 16.999465813 -10.761205627 0.007187111 0.528008278 0.159533902 0.834089047
104.334572000 54.699743902 17.088475145 -10.589618361 0.005278507 0.531661343 0.159213694 0.831840942
104.435012000 54.392035620 17.144969703 -10.459907352 0.006691139 0.533453668 0.160289719 0.830475538
104.535460000 53.971282694 17.213059141 -10.270582629 0.008310089 0.534016199 0.161886760 0.829789321
104.635775000 53.572762273 17.245097455 -10.108242768 0.010911397 0.534140813 0.163709471 0.829321254
104.735779000 53.193014916 17.282277899 -9.976003938 0.012613502 0.533687370 0.162933227 0.829741800
104.835383000 52.816688928 17.323096459 -9.836873688 0.018429067 0.535629795 0.153597070 0.830162051
104.934689000 52.361538397 17.430362954 -9.716317766 0.037131163 0.531729550 0.167257290 0.829403377
105.033853000 51.994012603 17.388792327 -9.586864523 0.068361896 0.538018775 0.135334062 0.829184624
105.133157000 51.539850974 17.440129303 -9.465036177 0.084306445 0.548577321 0.079429274 0.828037642
105.232515000 51.259108051 17.481171568 -9.313476741 0.074520835 0.548046376 0.087360963 0.828528742
105.332227000 50.906240259 17.496915260 -9.140214468 0.040071662 0.539384138 0.130855235 0.830864563
105.432350000 50.550377799 17.491529592 -8.970733729 0.022120947 0.533163373 0.153043905 0.831760208
105.532463000 50.240802179 17.478316959 -8.812354748 0.013530029 0.529567711 0.161220916 0.832696099
105.632527000 49.913736422 17.474329297 -8.657651428 0.010605556 0.526506745 0.165178706 0.833902971
105.732518000 49.597079426 17.460573976 -8.510388211 0.009733369 0.524858913 0.165575101 0.834873205
105.832486000 49.249517016 17.470140116 -8.358772231 0.008939858 0.523402825 0.165146268 0.835880537
105.932417000 49.012638182 17.515775297 -8.237461848 0.021447551 0.519959634 0.172115806 0.836395918
106.032410000 48.684959782 17.532108989 -8.093290772 0.068672983 0.507849020 0.207234183 0.833323099
106.132656000 48.424412115 17.502979962 -7.995734155 0.068172466 0.509049844 0.205989135 0.832940122
106.233086000 48.092647707 17.518756181 -7.854278958 0.052920800 0.514375260 0.194422118 0.833557149
106.333315000 47.720877017 17.580845872 -7.724073891 0.073478156 0.509590056 0.211448968 0.830787740
106.433297000 47.417218353 17.546703514 -7.617848359 0.085475939 0.508680026 0.214878330 0.829316465
106.533229000 47.263890686 17.592848818 -7.560147217 0.073390884 0.512266272 0.206922291 0.830289233
106.633228000 46.833708762 17.662577334 -7.404159698 0.052714615 0.518928960 0.194858086 0.830640855
106.733235000 46.399789562 17.720808351 -7.244886338 0.043721983 0.522864537 0.189727414 0.829882264
106.833269000 45.985186121 17.749012332 -7.108868334 0.040456479 0.525478536 0.187028811 0.829008929
106.933338000 45.592326002 17.779127214 -6.975329361 0.037671416 0.527125378 0.186075927 0.828308789
107.033188000 45.211385437 17.800986836 -6.844800876 0.038087630 0.528590439 0.186066839 0.827357608
107.132989000 44.835070385 17.827725750 -6.726243092 0.037472076 0.529575618 0.187655839 0.826396270
107.232999000 44.453626043 17.857563631 -6.595279607 0.036860593 0.530790305 0.186446204 0.825918132
107.333204000 44.086744357 17.906355271 -6.464324731 0.036204884 0.532675973 0.186333159 0.824757824
107.433488000 43.695437729 17.936503896 -6.352421107 0.036832173 0.533939980 0.186032227 0.823980278
107.533671000 43.307039674 17.969834965 -6.256524425 0.037002910 0.535035482 0.187559791 0.822915027
107.633616000 42.917943408 18.009771357 -6.137901355 0.039388783 0.535026861 0.188869616 0.822510213
107.733302000 42.520638312 18.031788242 -6.029723621 0.040904658 0.535336367 0.188491360 0.822321586
107.832973000 42.209192639 18.140074334 -5.966630259 0.050099394 0.536034560 0.183400282 0.822509172
107.932697000 41.911850995 18.141854899 -5.883681427 0.090765806 0.529244931 0.199245384 0.819733279
108.032504000 41.499962463 18.146389965 -5.798501321 0.088511585 0.533746107 0.179707984 0.821575214
108.132529000 41.066914005 18.211932444 -5.695014998 0.082059684 0.542925687 0.138267558 0.824245103
108.232353000 40.669487356 18.265439530 -5.574034982 0.093426474 0.550294209 0.098318811 0.823881781
108.332097000 40.348117923 18.315851807 -5.446140883 0.118361743 0.550049471 0.089661737 0.821825316
108.431935000 40.027204272 18.314562837 -5.298457664 0.074599905 0.541006645 0.128925823 0.827722657
108.532218000 39.649293278 18.350189994 -5.100269093 0.040127517 0.530907653 0.159115465 0.831389869
108.632787000 39.278677012 18.381363317 -4.912758851 0.026797730 0.523060965 0.171134582 0.834507078
108.733420000 38.917805273 18.429229945 -4.736128284 0.026502005 0.516438010 0.178370041 0.837122186
108.833857000 38.596446138 18.423937255 -4.581906637 0.037274996 0.509980936 0.187760489 0.838615537
108.934158000 38.249006038 18.438198669 -4.404209400 0.032912652 0.511373984 0.184709191 0.838627403
109.034411000 37.854628367 18.439025037 -4.199247865 0.035174328 0.512709446 0.187212499 0.837163825
109.134547000 37.542524480 18.465465361 -4.090056349 0.028111769 0.518633879 0.182822653 0.834748169
109.234212000 37.195440626 18.536854854 -3.917163828 0.060992219 0.517200960 0.208182789 0.827914876
109.334018000 36.855198075 18.543566285 -3.855165399 0.076740802 0.515239701 0.230970879 0.821761129
109.434047000 36.460152078 18.555722853 -3.697818132 0.060779538 0.525370743 0.221484340 0.819290008
109.534162000 36.089649776 18.605823077 -3.560635549 0.038421238 0.537013690 0.199936842 0.818636283
109.634197000 35.740357468 18.652051758 -3.452191850 0.026349897 0.543965196 0.189590465 0.816984090
109.733942000 35.489380257 18.717479181 -3.564273674 0.022807222 0.544747283 0.185905659 0.817416243
109.833754000 35.157286791 18.747738670 -3.512938659 0.021440081 0.546913670 0.183882488 0.816463711
109.933733000 34.797332135 18.786996999 -3.392407486 0.020510580 0.549270346 0.181965007 0.815334373
110.033824000 34.420546855 18.816209971 -3.281325273 0.020846532 0.549675084 0.182959626 0.814830350
110.133981000 34.038512443 18.846060706 -3.161013358 0.018764311 0.550077576 0.182211140 0.814777063
110.233888000 33.678371760 18.852577192 -3.087374795 0.020459164 0.549425596 0.183206324 0.814952992
110.333585000 33.433947214 18.924021404 -3.050105120 0.020448778 0.550727641 0.184425997 0.813798479
110.433238000 33.106538581 18.993943075 -3.003083865 0.028226271 0.548258021 0.187515876 0.814526989
110.532773000 32.761692571 18.981067257 -2.990092249 0.045617455 0.554163928 0.158506457 0.815902624
110.632245000 32.355174236 19.016526402 -2.848358244 0.066379100 0.556992636 0.140212079 0.815900479
110.731792000 32.016275338 18.974929050 -2.770765907 0.093048287 0.556225720 0.139437056 0.813948569
110.831759000 31.625845983 18.898712916 -2.658368475 0.067424904 0.552584181 0.162499759 0.814676889
110.931981000 31.281066624 18.917972661 -2.543577762 0.041750482 0.549176741 0.176134487 0.815866685
111.032194000 31.015188858 18.967415465 -2.439115072 0.052320355 0.543024073 0.192157285 0.815759164
111.132417000 30.678058373 18.956966328 -2.338682951 0.088052697 0.530950556 0.220784217 0.813383403
111.232536000 30.312413420 18.942900789 -2.260888255 0.067919351 0.534616479 0.208666894 0.816106801
111.332637000 29.966345224 19.027568893 -2.142001237 0.050216674 0.538117796 0.196518989 0.818100123
111.432571000 29.803338103 19.015571543 -2.104872453 0.071772312 0.532241986 0.209121932 0.817211858
111.532394000 29.381260959 18.938968930 -2.005138927 0.098572407 0.523299628 0.232228496 0.813947729
111.632476000 29.157626721 18.863635487 -1.994863442 0.088965235 0.525453806 0.228373084 0.814757153
111.732583000 28.791584725 18.901679961 -1.900748975 0.084849939 0.526666688 0.225121858 0.815317629
111.832516000 28.374748129 18.858484312 -1.826518144 0.117946248 0.516926015 0.246904060 0.811119327
111.932375000 27.898217717 18.765259756 -1.757189229 0.115640963 0.517800772 0.247705011 0.810648972
112.032361000 27.360233039 18.767730482 -1.642462479 0.097842423 0.523770598 0.232619705 0.813621100
112.132408000 27.032044834 18.709397204 -1.590395786 0.085144699 0.527136607 0.226724388 0.814538784
112.232191000 26.600764126 18.755969608 -1.474087082 0.067303947 0.531821010 0.215457863 0.816219641
112.331901000 26.010816448 18.786911238 -1.329687153 0.053977683 0.535862909 0.206913524 0.816776680
112.431847000 25.441131814 18.795070129 -1.174936568 0.047969598 0.538690854 0.203192029 0.816225508
112.531967000 24.857988687 18.807802401 -1.066160674 0.046875434 0.538675514 0.200268719 0.817021312
112.632078000 24.288751204 18.790065302 -0.945162902 0.046556885 0.538741808 0.199572807 0.817166088
112.732218000 23.760909242 18.767342514 -0.854990660 0.055004582 0.540855236 0.189821041 0.817568396
112.832305000 23.221932739 18.749907635 -0.736024874 0.084463554 0.549858079 0.146597080 0.817943334
112.932334000 22.706398651 18.695689575 -0.599207061 0.108386831 0.556604817 0.111230606 0.816131806
113.032487000 22.211290871 18.627839473 -0.444849581 0.120959582 0.560163932 0.094340451 0.814054684
113.132832000 21.736431138 18.595313813 -0.212536771 0.110058229 0.557306905 0.115623797 0.814817365
113.233127000 21.199981429 18.492522833 0.072925851 0.081962175 0.548630736 0.158451796 0.816810594
113.333300000 20.670995815 18.424755616 0.326425512 0.060780012 0.540183209 0.186208741 0.818433990
113.433255000 20.165484345 18.341730477 0.591546822 0.053305083 0.534050730 0.196927386 0.820468154
113.532966000 19.701411518 18.285846784 0.832384406 0.048201030 0.529808733 0.200362520 0.822699354
113.632632000 19.217886091 18.188527314 1.065247902 0.044928159 0.527176791 0.200776387 0.824472518
113.732077000 18.766435345 18.119247422 1.294723697 0.047227878 0.525713394 0.201540019 0.825091859
113.831690000 18.290703778 18.055328646 1.522138684 0.048274047 0.524789453 0.201663438 0.825589186
113.931762000 17.827492261 18.033293755 1.749534778 0.047197204 0.524928944 0.199500337 0.826088157
114.032021000 17.341014330 18.018444157 1.946019779 0.047154558 0.525361718 0.199110198 0.825909584
114.132331000 16.912111428 17.990124284 2.124469032 0.046306581 0.526281861 0.199956599 0.825166929
114.232501000 16.482139725 17.957531412 2.363388625 0.047165463 0.528651210 0.199598964 0.823689001
114.332467000 15.978909172 17.971041428 2.448082030 0.046397679 0.527227752 0.200043596 0.824536665
114.432245000 15.505706715 17.967176398 2.650207281 0.046292344 0.528736809 0.200424795 0.823483034
114.531868000 15.054353971 17.972247828 2.828411488 0.047929234 0.529601442 0.198741708 0.823241663
114.631624000 14.624591269 18.006377133 2.970694388 0.047979511 0.529950742 0.198294097 0.823121880
114.731483000 14.215100807 18.012342927 3.108738829 0.048509785 0.531279005 0.197820433 0.822348160
114.831611000 13.802060808 18.030789954 3.285877273 0.047528914 0.532137470 0.198638315 0.821652929
114.931687000 13.400333748 18.091983999 3.430389485 0.049250575 0.532437755 0.200428588 0.820921920
115.031658000 12.955088098 18.097090644 3.550883400 0.052658297 0.534334359 0.195642412 0.820632648
115.131674000 12.525573460 18.139365390 3.685001355 0.055446618 0.535708415 0.191282981 0.820580884
115.231755000 12.096726580 18.189240893 3.820555272 0.053859536 0.534264593 0.196987754 0.820278197
115.331935000 11.637169638 18.257711089 3.945852052 0.050705318 0.533368230 0.197026900 0.821052801
115.432069000 11.231231467 18.330905131 4.050155317 0.064695712 0.535623298 0.177224625 0.823112131
115.532039000 10.876542667 18.410104757 4.216324668 0.067424865 0.536346851 0.171632455 0.823606850
115.631996000 10.557949511 18.462590248 4.301959437 0.067954595 0.531736359 0.190432101 0.822419742
115.731987000 10.123681899 18.519884658 4.422984594 0.058487498 0.532834555 0.189266572 0.822705728
115.831896000 9.806528777 18.566863032 4.521368691 0.056849044 0.533949726 0.185880480 0.822869567
115.931707000 9.529500881 18.638735653 4.620000685 0.071756181 0.529152887 0.201655742 0.821086618
116.031632000 9.120090023 18.705733265 4.739875567 0.057430464 0.531777194 0.194839452 0.822163211
116.131848000 8.696750494 18.742030235 4.861393260 0.051920511 0.533446126 0.192990591 0.821884495
116.231899000 8.441465034 18.828300214 4.932984243 0.061470532 0.532358796 0.196881825 0.821007328
116.332042000 8.093798479 18.897746981 5.048230544 0.092992554 0.524909396 0.219307511 0.817145475
116.432213000 7.794847561 18.911972892 5.127071538 0.083237382 0.528145489 0.213479677 0.817655372
116.532484000 7.377244898 18.976488689 5.234749241 0.062045984 0.534008238 0.200187173 0.819091322
116.632673000 7.080275397 19.049588604 5.303312689 0.066093951 0.533334324 0.200973354 0.819021245
116.732677000 6.759163108 19.039320065 5.404199188 0.068219629 0.533433902 0.198552656 0.819372441
116.832560000 6.335138710 19.104432971 5.532570434 0.054019308 0.536203037 0.190689416 0.820491172
116.932268000 5.916131396 19.146183193 5.639554720 0.048381301 0.536896267 0.187622992 0.821096377
117.031824000 5.492707816 19.184060556 5.755964824 0.044718493 0.537396404 0.187371307 0.821034320
117.131392000 5.076202867 19.227176979 5.864016798 0.043189141 0.537736070 0.186597186 0.821070099
117.230898000 4.693162361 19.252922064 5.945804422 0.044048142 0.537775084 0.186481149 0.821025275
117.330679000 4.292366081 19.268043346 6.046921496 0.044264113 0.538125950 0.185786909 0.820941152
117.430609000 3.896119508 19.304717440 6.127521178 0.042710152 0.537885376 0.186557897 0.821006283
117.530585000 3.520557577 19.304612776 6.202987828 0.044122833 0.537563106 0.186803468 0.821086808
117.630506000 3.160478464 19.319333405 6.246469588 0.044219972 0.538085029 0.186238093 0.820868119
117.730436000 2.803385196 19.330988586 6.295638039 0.043705094 0.538105804 0.186814494 0.820751091
117.830416000 2.419296172 19.353109693 6.381405208 0.044218616 0.538551292 0.187363981 0.820306015
117.930435000 2.042022406 19.378891061 6.471188015 0.044249057 0.539488529 0.187395265 0.819681135
118.030565000 1.672702137 19.395490155 6.544565390 0.043899373 0.540131377 0.187100007 0.819343962
118.130818000 1.281674964 19.408909544 6.623095259 0.043534487 0.540674325 0.188584272 0.818664764
118.231290000 0.793983069 19.496723162 6.746525115 0.043335009 0.540622873 0.188832746 0.818652050
118.331996000 0.344156132 19.579745773 6.836458955 0.044018911 0.540350755 0.187941102 0.819000329
118.432455000 -0.105446734 19.663049239 6.938777279 0.043654636 0.539312154 0.188132578 0.819660178
118.532760000 -0.361387663 19.652107784 6.976256119 0.043910225 0.538603705 0.187330893 0.820295725
118.632893000 -0.877702287 19.742884740 7.117647489 0.044155727 0.538158779 0.186611267 0.820738470
118.732675000 -1.322285299 19.847450876 7.221737652 0.043963615 0.538412835 0.186638456 0.820575961
118.832261000 -1.711093654 19.895502078 7.276768092 0.044705881 0.538880511 0.186185674 0.820331685
118.931630000 -2.099628031 19.990677148 7.379470016 0.044888458 0.539292254 0.186728155 0.819927733
119.031061000 -2.569395733 20.013941180 7.388481551 0.044931551 0.538796134 0.187652786 0.820040434
119.130788000 -2.978818784 20.096761557 7.431895593 0.044859442 0.538263077 0.187132920 0.820513108
119.230774000 -3.349166847 20.137157591 7.508767416 0.045876561 0.538369253 0.186482385 0.820535318
119.330859000 -3.422661325 20.164018638 7.505067468 0.045683871 0.537730791 0.186379912 0.820987886
119.430925000 -3.882894321 20.245853948 7.514919820 0.046656158 0.535789764 0.186118800 0.822260497
119.530875000 -4.249471767 20.306904566 7.532901996 0.046325907 0.534890000 0.185637904 0.822973370
119.630726000 -4.413771380 20.306727916 7.543728321 0.045376361 0.534693038 0.185157042 0.823262541
119.730561000 -4.759741353 20.252747765 7.546206436 0.046218319 0.534555911 0.185013282 0.823337070
119.830456000 -4.864291211 20.257538825 7.559763851 0.045675345 0.534582830 0.185312487 0.823282602
119.930481000 -4.864291211 20.257538825 7.559763851 0.045675345 0.534582830 0.185312487 0.823282602
120.030601000 -4.864291211 20.257538825 7.559763851 0.045675345 0.534582830 0.185312487 0.823282602
120.130920000 -4.979579969 20.261879029 7.570596123 0.045742869 0.534915559 0.185249435 0.823076899
120.231119000 -5.127358614 20.239941422 7.584489068 0.045533054 0.535536006 0.185342174 0.822664091
120.331141000 -5.326681216 20.280899977 7.583988801 0.045374687 0.536201815 0.185509908 0.822201207
120.430938000 -5.586724007 20.344730967 7.617145504 0.045378666 0.536708117 0.185646193 0.821839805
120.530611000 -5.622723119 20.341644806 7.633108485 0.045364512 0.536941681 0.185800645 0.821653098
120.630225000 -5.802662046 20.395709018 7.682769050 0.045234307 0.537471762 0.185473194 0.821387641
120.729809000 -5.802662046 20.395709018 7.682769050 0.045234307 0.537471762 0.185473194 0.821387641
120.829515000 -5.913486569 20.374580199 7.700896492 0.044814993 0.537155637 0.185713707 0.821563058
120.929425000 -5.913486569 20.374580199 7.700896492 0.044814993 0.537155637 0.185713707 0.821563058
121.029290000 -5.913486569 20.374580199 7.700896492 0.044814993 0.537155637 0.185713707 0.821563058
121.129425000 -5.913486569 20.374580199 7.700896492 0.044814993 0.537155637 0.185713707 0.821563058
121.229551000 -5.913486569 20.374580199 7.700896492 0.044814993 0.537155637 0.185713707 0.821563058
121.330017000 -5.913486569 20.374580199 7.700896492 0.044814993 0.537155637 0.185713707 0.821563058
121.430720000 -5.913486569 20.374580199 7.700896492 0.044814993 0.537155637 0.185713707 0.821563058
121.531321000 -5.913486569 20.374580199 7.700896492 0.044814993 0.537155637 0.185713707 0.821563058
121.631790000 -5.989092148 20.438573746 7.739821406 0.044894300 0.542267411 0.186681748 0.817973399
121.731985000 -5.989092148 20.438573746 7.739821406 0.044894300 0.542267411 0.186681748 0.817973399
121.832117000 -5.989092148 20.438573746 7.739821406 0.044894300 0.542267411 0.186681748 0.817973399
121.932300000 -6.180598266 20.687017511 7.897275530 0.044061841 0.553474283 0.188157578 0.810136715
122.032674000 -6.543925600 21.027809653 8.084428275 0.040281796 0.564372958 0.185662263 0.803361727
122.133213000 -6.853473607 21.312248880 8.199513983 0.033966510 0.572202777 0.182824118 0.798752528
122.233353000 -7.139382214 21.551118435 8.291083861 0.035048294 0.576823979 0.185468593 0.794762301
122.332992000 -7.470706548 21.842301656 8.421379127 0.037188573 0.582486171 0.187724064 0.789991485
122.432309000 -7.886138137 22.201163690 8.534576249 0.039166499 0.588448844 0.197890591 0.782964403
122.531483000 -8.178519292 22.451736046 8.581079293 0.040294321 0.596489569 0.209705583 0.773692530
122.630728000 -8.437761313 22.648253446 8.639536623 0.042814292 0.609046606 0.209021084 0.763897477
122.730131000 -8.758184784 22.936511587 8.702268433 0.023743291 0.619579081 0.224137788 0.751877829
122.829691000 -9.116267672 23.234471523 8.759330516 0.016059786 0.631289925 0.235773498 0.738664993
122.929440000 -9.359902619 23.459231857 8.733406785 0.021684754 0.646874168 0.234093525 0.725454206
123.029612000 -9.637335975 23.729664954 8.730373119 0.034869721 0.664566060 0.222436593 0.712501240
123.130063000 -9.876092010 23.934994010 8.696788277 0.044528371 0.677672103 0.219890589 0.700304130
123.230489000 -10.111572301 24.136981970 8.646716384 0.049278535 0.689583550 0.221298211 0.687803210
123.330758000 -10.324676082 24.295452565 8.572253104 0.050745995 0.701942972 0.223043340 0.674501724
123.430906000 -10.577159105 24.501596313 8.502330698 0.051579567 0.714624229 0.224875993 0.660365465
123.530908000 -10.823057889 24.686463491 8.408680112 0.051848243 0.728017525 0.228040662 0.644437506
123.630865000 -11.059897166 24.873037171 8.317197358 0.051497348 0.742138627 0.231066604 0.627045857
123.730867000 -11.312285472 25.064952009 8.214839001 0.046902481 0.754898840 0.236617310 0.609868959
123.830807000 -11.552697478 25.234975772 8.109818156 0.046332902 0.765183505 0.238232005 0.596316173
123.930820000 -11.795512236 25.417078024 7.990332842 0.047993496 0.775574713 0.238114936 0.582650639
124.030730000 -12.015049853 25.556287452 7.873058017 0.051310089 0.785614305 0.238530800 0.568577608
124.130761000 -12.224975319 25.694576148 7.751199755 0.050731099 0.795403529 0.240006020 0.554217189
124.230725000 -12.426355904 25.830915243 7.635519572 0.044926121 0.804380139 0.245385740 0.539203185
124.330684000 -12.629943495 25.966269101 7.498926711 0.040465464 0.814059570 0.249265880 0.523006772
124.430643000 -12.826281765 26.094430061 7.352673913 0.038569967 0.823782786 0.252459079 0.506121223
124.530575000 -13.009114392 26.232288300 7.200256095 -0.042449743 -0.834940306 -0.250985020 -0.487933628
124.630642000 -13.188585379 26.350040292 7.042819570 -0.046542237 -0.846121843 -0.249398295 -0.468734612
124.730835000 -13.386474256 26.482131313 6.883485925 -0.042595485 -0.856034177 -0.252878923 -0.448824424
124.831094000 -13.601318840 26.646947239 6.678948232 -0.035257581 -0.864835787 -0.257564009 -0.429507563
124.931393000 -13.801665239 26.815130166 6.479765608 -0.039756430 -0.874141784 -0.255560224 -0.411077292
125.031629000 -13.962632797 26.915168864 6.321715895 -0.046892915 -0.882123065 -0.255633769 -0.392824807
125.131809000 -14.149917819 27.059483304 6.125208935 -0.047333198 -0.889735100 -0.254144615 -0.376220062
125.231717000 -14.297981298 27.163223235 5.941076387 -0.047144761 -0.896679756 -0.254993509 -0.358777226
125.331508000 -14.470990920 27.285150086 5.753064307 -0.046342837 -0.902621086 -0.255290616 -0.343444635
125.431419000 -14.609281040 27.392808925 5.557093854 -0.046380841 -0.907419478 -0.256496908 -0.329618030
125.531257000 -14.740282951 27.478491272 5.364975477 -0.046848453 -0.912885015 -0.256732762 -0.313901993
125.631179000 -14.857449814 27.579014749 5.201539071 -0.044588810 -0.918864765 -0.255986543 -0.296934793
125.731347000 -14.976035430 27.664653236 5.035359159 -0.045235629 -0.924160329 -0.257468959 -0.278551897
125.831684000 -15.100997664 27.741033758 4.874910569 -0.045243651 -0.928647884 -0.257428140 -0.263242991
125.932242000 -15.217541633 27.865229926 4.662489860 -0.045364757 -0.932021583 -0.257736233 -0.250698707
126.032921000 -15.377237009 28.064746934 4.417005017 -0.045148485 -0.934262275 -0.258054714 -0.241916062
126.133368000 -15.489748100 28.201875735 4.149612138 -0.044702809 -0.935010751 -0.258605635 -0.238494610
126.233407000 -15.612761322 28.378377785 3.802835920 -0.046396686 -0.933379780 -0.264845703 -0.237710510
126.333060000 -15.687146183 28.449457253 3.658919863 -0.045390079 -0.933555359 -0.263183778 -0.239057380
126.432466000 -15.730951394 28.505635059 3.599399378 -0.045160054 -0.933737664 -0.262413896 -0.239235222
126.531872000 -15.793975283 28.598076939 3.455126545 -0.045913338 -0.933156307 -0.263175178 -0.240520471
126.631299000 -15.948467207 28.702686553 3.170987132 -0.048077621 -0.931763741 -0.265794979 -0.242606478
126.731100000 -16.011183934 28.873940277 2.884291993 -0.048491420 -0.930962128 -0.267390828 -0.243844710
126.831480000 -16.011183934 28.873940277 2.884291993 -0.048491420 -0.930962128 -0.267390828 -0.243844710
126.932267000 -16.049453903 28.909101730 2.735908666 -0.048697110 -0.931165915 -0.266013759 -0.244530796
127.033044000 -16.128986272 29.036683176 2.455216289 -0.046429917 -0.933106237 -0.258284146 -0.245858320
127.133581000 -16.202231430 29.151080872 2.184095447 -0.046215921 -0.933427782 -0.255880469 -0.247187884
127.233723000 -16.298625172 29.236347893 1.997852055 -0.047056636 -0.932025626 -0.259262670 -0.248790621
127.333641000 -16.375273264 29.350113903 1.687442225 -0.049208802 -0.929191204 -0.267672470 -0.250067288
127.433255000 -16.443366482 29.417747002 1.461196433 -0.050934185 -0.927050464 -0.273121304 -0.251769537
127.532678000 -16.526795630 29.599521383 1.036009482 -0.050756721 -0.926320379 -0.271457602 -0.256251987
127.632030000 -16.600563520 29.614462771 0.769076773 -0.049685868 -0.926219641 -0.270269675 -0.258075172
127.731349000 -16.672514727 29.665718932 0.390238930 -0.047963995 -0.927806398 -0.264183919 -0.259001157
127.830727000 -16.758738630 29.737258554 0.026903688 -0.047957885 -0.929968642 -0.256376144 -0.259093882
127.930224000 -16.821795232 29.794790675 -0.362325036 -0.046530479 -0.930895316 -0.253578402 -0.258779479
128.029842000 -16.891350661 29.828796356 -0.696883297 -0.045568312 -0.931133074 -0.253387739 -0.258281593
128.129891000 -16.956252659 29.846398730 -1.049687023 -0.041056910 -0.933648844 -0.244835798 -0.258204568
128.230272000 -17.026006174 30.059042821 -1.482062028 -0.036402267 -0.937423131 -0.230047798 -0.258825732
128.330819000 -17.087617409 30.270299605 -1.827447125 -0.035880016 -0.937170290 -0.230839784 -0.259108986
128.431293000 -17.135668603 30.450378318 -2.194263277 -0.040165772 -0.933427219 -0.244373423 -0.259580369
128.531699000 -17.192231801 30.700716467 -2.504146193 -0.048851188 -0.924300999 -0.268070435 -0.267244207
128.632112000 -17.244764176 30.851077274 -2.836297991 -0.066431201 -0.914470819 -0.281074755 -0.283420180
128.732307000 -17.295275812 31.157775145 -3.225080923 -0.067244468 -0.902270333 -0.297513394 -0.304749419
128.832211000 -17.353474106 31.376660598 -3.566370555 -0.072429112 -0.888863862 -0.310262995 -0.329259673
128.931774000 -17.414435875 31.627349659 -3.969206067 -0.067280576 -0.883262063 -0.294363141 -0.358708508
129.031131000 -17.500149389 31.916359963 -4.422221596 -0.064407511 -0.877193049 -0.270313086 -0.391554418
129.130623000 -17.611694192 32.283047951 -4.960855110 -0.095085951 -0.868804714 -0.233156815 -0.426350714
129.230118000 -17.724395962 32.581419595 -5.291097283 -0.126215095 -0.858607126 -0.203118081 -0.453438637
129.329859000 -17.908030447 32.911064727 -5.653862354 -0.144176845 -0.843378896 -0.170299168 -0.488797779
129.429819000 -18.118909924 33.284291972 -5.969895931 0.137810661 0.828254983 0.146448415 0.523024633
129.529988000 -18.310141742 33.524735632 -6.222487013 0.131328221 0.811589695 0.133239867 0.553463823
129.630293000 -18.505047963 33.730851563 -6.432075946 0.125758113 0.793527604 0.124999557 0.582128808
129.730712000 -18.728277339 33.930933489 -6.619266256 0.118098240 0.774885181 0.117998252 0.609657424
129.830989000 -18.891961363 34.056617420 -6.718596100 0.111658343 0.754800106 0.124815783 0.634216237
129.931136000 -19.060594853 34.132929895 -6.787447284 0.106422546 0.735199531 0.129639930 0.656771939
130.031277000 -19.198423872 34.192536299 -6.807564064 0.094459626 0.719652265 0.127080098 0.676038938
130.131355000 -19.339129927 34.322251795 -6.811536840 0.092003982 0.706346246 0.141988380 0.687349655
130.231190000 -19.472006971 34.327422780 -6.788431632 0.092869176 0.695097587 0.154125021 0.696031708
130.331075000 -19.592958166 34.326992851 -6.727687229 0.097097029 0.685839262 0.151845780 0.705081225
130.430939000 -19.718080099 34.328779341 -6.630828668 0.103122384 0.676984014 0.142878174 0.714593763
130.530681000 -19.827863259 34.351275503 -6.490212896 0.109704559 0.667195961 0.131475495 0.724933551
130.630352000 -19.920106361 34.375564133 -6.326309450 0.109510847 0.657455698 0.125528409 0.734848282
130.729910000 -20.011972372 34.417894617 -6.094821135 0.100646768 0.646638960 0.128006191 0.745213190
130.829520000 -20.119119501 34.427087327 -5.857728793 0.100445882 0.635621838 0.122291223 0.755605956
130.929278000 -20.192893282 34.454306955 -5.586206786 0.099880448 0.623298969 0.115483691 0.766932728
131.029167000 -20.292249521 34.500714447 -5.281621979 0.099103667 0.609520551 0.108061391 0.779092996
131.129287000 -20.355200221 34.535258588 -4.958983986 0.095187455 0.592999340 0.101686750 0.793064270
131.229463000 -20.462041781 34.628342805 -4.571236887 0.090169477 0.573612962 0.097393430 0.808302019
131.329716000 -20.538360800 34.710419103 -4.152916385 0.082211989 0.551593616 0.097086393 0.824354235
131.429921000 -20.640053017 34.813082973 -3.710778852 0.072020979 0.526720823 0.101763069 0.840846259
131.530042000 -20.685822253 34.920366169 -3.283178571 0.067437938 0.503049583 0.097069133 0.856137153
131.630069000 -20.730151427 35.032958620 -2.826337933 0.063441465 0.479063377 0.089618785 0.870885718
131.730076000 -20.716021277 35.122744695 -2.400496587 0.061412487 0.454981027 0.082864310 0.884507930
131.830175000 -20.717229209 35.246733095 -1.942015224 0.059872421 0.430486196 0.074462663 0.897525621
131.930370000 -20.684313137 35.352431895 -1.493292109 0.059561912 0.407120401 0.063670779 0.909203712
132.030659000 -20.592496500 35.456649391 -1.046548118 0.057178917 0.383808444 0.053525897 0.920085120
132.131048000 -20.518376701 35.553051718 -0.644692741 0.054977914 0.365731889 0.047031709 0.927903892
132.231399000 -20.492867082 35.724819972 -0.062596934 0.052163766 0.342914298 0.044716064 0.936850682
132.331510000 -20.498203390 35.930460845 0.619703062 0.056783982 0.321737119 0.041568709 0.944210172
132.431289000 -20.440047493 36.088766683 1.265110314 0.064749406 0.299488441 0.047973018 0.950690685
132.530926000 -20.331422847 36.218875365 1.859572774 0.069379667 0.278822180 0.047700032 0.956644846
132.630755000 -20.209848969 36.296671252 2.379420825 0.065943239 0.257793837 0.051276526 0.962582228
132.730719000 -20.061125158 36.366888316 2.893907756 0.046472398 0.237245453 0.063956308 0.968227505
132.830733000 -19.942277940 36.494847089 3.415989812 0.032049361 0.221181837 0.079963045 0.971420272
132.930914000 -19.820488031 36.587543135 3.930256009 0.027423590 0.209004080 0.086005403 0.973739345
133.031355000 -19.713838734 36.719654072 4.472505518 0.031501679 0.195390946 0.086061025 0.976434085
133.132166000 -19.607747120 36.820752832 4.962438413 0.048530012 0.178857490 0.087634362 0.978762001
133.232963000 -19.461248866 36.836257658 5.279699383 0.055878430 0.165590616 0.086037521 0.980843970
133.333663000 -19.318692210 36.836868682 5.556492919 0.067215940 0.151438380 0.082919282 0.982686536
133.434338000 -19.193161201 36.833932215 5.841503865 0.082639355 0.137297206 0.081661248 0.983692866
133.534672000 -19.070228033 36.820686885 6.135535672 0.071305553 0.125727908 0.073536191 0.986762606
133.634783000 -18.947885100 36.804471079 6.417103636 0.047893901 0.116395388 0.065659257 0.989872290
133.734565000 -18.836660285 36.805395552 6.709761434 0.032615744 0.108764623 0.060402261 0.991694528
133.833992000 -18.701272613 36.788039939 6.969106641 0.025059692 0.100912367 0.058083154 0.992882195
133.933209000 -18.567430293 36.786582032 7.194163357 0.022585320 0.084670002 0.082600995 0.992722504
134.032523000 -18.482729492 36.784578291 7.449957897 0.056482906 0.066653705 0.100103302 0.991133843
134.132164000 -18.400806579 36.769100441 7.718857437 0.086585844 0.049193371 0.105661420 0.989403137
134.232182000 -18.345115007 36.727331462 7.978305171 0.103524882 0.031184052 0.109183478 0.988124042
134.332218000 -18.310505941 36.679545310 8.241990614 0.120075242 0.013059936 0.099291006 0.987700699
134.432205000 -18.283399163 36.614394405 8.524869112 0.139390737 -0.004743080 0.088234927 0.986287140
134.531962000 -18.276075122 36.525400627 8.832068678 0.156738408 -0.021272853 0.079619316 0.984195764
134.631533000 -18.290371102 36.408634678 9.162800505 0.151095308 -0.034024514 0.070508029 0.985414206
134.731091000 -18.299015423 36.313302463 9.510023407 0.139112979 -0.044340634 0.063123812 0.987267376
134.830889000 -18.316335830 36.168565624 9.890933329 0.135033990 -0.053881432 0.062071895 0.987425791
134.930955000 -18.324048886 36.123032509 10.034092722 0.129010212 -0.057476971 0.064980638 0.987841222
135.031153000 -18.359640490 36.027431088 10.343284154 0.112684573 -0.062910624 0.066277712 0.989419883
135.131403000 -18.410464971 35.916362563 10.679700670 0.087592776 -0.067639065 0.059306972 0.992086259
135.231383000 -18.489436874 35.768600344 11.116194334 0.066912041 -0.074987133 0.030443740 0.994471160
135.331264000 -18.557647429 35.603582718 11.575062657 0.056615914 -0.088275285 0.004291905 0.994476592
135.431321000 -18.639240172 35.411549101 12.013401755 0.049345689 -0.104704003 -0.025195759 0.992958835
135.531589000 -18.692432236 35.164069545 12.419571294 0.044930434 -0.126280358 -0.056735420 0.989351110
135.631830000 -18.782608981 34.887879270 12.746298453 0.036263389 -0.156835969 -0.081911025 0.983553776
135.732050000 -18.890324271 34.516054842 13.001131400 0.023518351 -0.192237134 -0.109200488 0.974970269
135.832244000 -18.849468705 34.259518378 13.352301226 0.020149431 -0.233287876 -0.118104999 0.964998433
135.932314000 -18.771393164 33.937580789 13.659245677 0.024396317 -0.277978942 -0.106562883 0.954346310
136.032168000 -18.699660778 33.746017481 13.974976030 0.017072487 -0.319625008 -0.073619825 0.944525545
136.131739000 -18.723572565 33.488070452 14.299867941 0.035417471 -0.344354498 -0.067648956 0.935729235
136.230977000 -18.718780316 33.352575671 14.572676449 0.044380675 -0.354280358 -0.065517540 0.931784973
136.330216000 -18.598887051 33.218154338 14.983274919 0.048345369 -0.350812480 -0.062603579 0.933099202
136.429471000 -18.537248124 33.032331520 15.405285118 0.051065939 -0.330816667 -0.056520793 0.940615757
136.528724000 -18.474238317 32.884481156 15.770529818 0.052758230 -0.307543951 -0.049998241 0.948753637
136.628637000 -18.392787517 32.728512394 16.124188372 0.053735481 -0.286024618 -0.044119568 0.955696542
136.729064000 -18.302909702 32.606393200 16.529695101 0.053069177 -0.268586952 -0.038681440 0.961014286
136.829891000 -18.185579637 32.493189084 16.858671708 0.054528878 -0.255156521 -0.031022074 0.964862364
136.930717000 -18.153506123 32.406908173 17.213178550 0.054764956 -0.244501989 -0.021360478 0.967865335
137.031138000 -18.017759789 32.399769504 17.612233320 0.055964311 -0.232231407 -0.004161993 0.971040291
137.131057000 -17.942188941 32.322374999 18.006550538 0.060308905 -0.225064662 0.016519626 0.972335249
137.230752000 -17.893325223 32.306627447 18.299838974 0.061980252 -0.218597995 0.027114627 0.973467083
137.330337000 -17.842386862 32.331385415 18.502175741 0.064397645 -0.217885972 0.036576151 0.973160229
137.429904000 -17.776855364 32.346584001 18.886293256 0.069556037 -0.220712948 0.061990739 0.970878417
137.529536000 -17.893161204 32.333261617 19.175152067 0.071181584 -0.221984705 0.070357595 0.969899882
137.629189000 -18.165114203 32.341435254 19.122463988 0.073118669 -0.223261912 0.076367767 0.969007607
137.729055000 -18.286662902 32.348872596 19.434962756 0.073615090 -0.222387154 0.075490359 0.969239897
137.829106000 -18.448528351 32.375277529 19.832067900 0.063878245 -0.206995655 0.047897240 0.975078573
137.928877000 -18.570008529 32.409552147 20.263074199 0.059056386 -0.185249956 0.035111366 0.980286687
138.028550000 -18.719429673 32.439025275 20.628466688 0.056858471 -0.159828931 0.027242406 0.985129270
138.128403000 -18.854276708 32.447934073 20.839062356 0.054901420 -0.136446582 0.013143987 0.989037613
138.228314000 -18.873968513 32.503422697 21.380564376 0.054255272 -0.106547490 0.007566022 0.992797438
138.328382000 -18.925197340 32.511592198 21.586168660 0.054670019 -0.091684289 0.013335444 0.994196835
138.428653000 -19.030560244 32.546263861 22.005301384 0.054089916 -0.062854814 0.021731611 0.996318870
138.529124000 -19.051800046 32.595560797 22.439145922 0.054154735 -0.035951564 0.024903572 0.997574339
138.629410000 -19.098835842 32.605975565 22.864664744 0.055403139 -0.012158701 0.027233130 0.998018544
138.729415000 -19.082304229 32.618772381 23.185839501 0.055525613 0.011150174 0.033147806 0.997844579
138.829350000 -19.110498180 32.598220116 23.259334617 0.055867585 0.018855393 0.036539218 0.997591185
138.929223000 -19.116574341 32.665833943 23.622223834 0.057077387 0.049577907 0.039505376 0.996355122
139.029018000 -19.100808903 32.714158677 23.751109456 0.056791623 0.055353988 0.040326120 0.996034363
139.128875000 -19.100808903 32.714158677 23.751109456 0.056791623 0.055353988 0.040326120 0.996034363
139.228919000 -19.100808903 32.714158677 23.751109456 0.056791623 0.055353988 0.040326120 0.996034363
139.329413000 -19.100808903 32.714158677 23.751109456 0.056791623 0.055353988 0.040326120 0.996034363
139.430247000 -19.100808903 32.714158677 23.751109456 0.056791623 0.055353988 0.040326120 0.996034363
139.530893000 -19.100808903 32.714158677 23.751109456 0.056791623 0.055353988 0.040326120 0.996034363
139.631151000 -19.100808903 32.714158677 23.751109456 0.056791623 0.055353988 0.040326120 0.996034363
139.730927000 -19.074026877 32.715308616 23.769203924 0.057015301 0.059103137 0.041141390 0.995772796
139.830414000 -18.954698435 32.680874066 23.908040582 0.058760364 0.078076555 0.044750768 0.994207544
139.929722000 -18.786085224 32.580324602 24.006125756 0.056951655 0.102170652 0.051353928 0.991806655
140.029059000 -18.522959236 32.525158692 24.055401299 0.057105090 0.123457905 0.060244868 0.988871938
140.128735000 -18.376416226 32.458098789 24.236631387 0.059663203 0.146996071 0.063232283 0.985309157
140.228445000 -18.278273984 32.454506036 24.457051952 0.059964513 0.173655100 0.068210994 0.980609720
140.328268000 -18.248436280 32.473704692 24.753166081 0.059822475 0.203460566 0.071831626 0.974610326
140.428410000 -18.175793278 32.495923378 25.007170506 0.061639648 0.234816477 0.077458276 0.966986035
140.528780000 -18.110587775 32.478984889 25.258681426 0.063955190 0.266428765 0.085369725 0.957933952
140.629174000 -18.070081765 32.479733629 25.554475804 0.062610662 0.297062616 0.091554263 0.948394182
140.729599000 -17.987629820 32.510061603 25.788341004 0.059510997 0.324925688 0.097091059 0.938858384
140.830165000 -17.897850660 32.510532461 25.973208057 0.058887166 0.350668202 0.102706808 0.928986235
140.930605000 -17.794344541 32.490141370 26.139453876 0.059480317 0.377513426 0.109116246 0.917627021
141.030632000 -17.684346401 32.495893681 26.323716488 0.059809131 0.404677272 0.115106916 0.905212445
141.130395000 -17.576545930 32.498091976 26.502509884 0.049612332 0.425260292 0.138387336 0.893051648
141.229894000 -17.562730530 32.595542183 26.735870668 0.040776591 0.443844408 0.161791140 0.880433438
141.329596000 -17.489125633 32.626084174 26.898637222 0.050245383 0.456822022 0.189127464 0.867767160
141.429574000 -17.439194005 32.650132741 27.018703077 0.049483659 0.472035806 0.198274779 0.857566719
141.529583000 -17.393061464 32.714283850 27.093499655 0.048565581 0.488123454 0.198826197 0.848436811
141.629536000 -17.339813920 32.779776434 27.162570587 0.044760913 0.506279800 0.191617763 0.839618877
141.729396000 -17.294459636 32.913991484 27.240066702 0.038941111 0.524840993 0.184406487 0.830072147
141.829325000 -17.265954222 33.042792609 27.289092905 0.043368034 0.539788292 0.185928166 0.819864946
141.929437000 -17.226016663 33.129672310 27.320776780 0.049084810 0.551969581 0.192355246 0.809888710
142.029505000 -17.263227069 33.232081809 27.329191390 0.039637297 0.560423554 0.210358677 0.800064717
142.129453000 -17.297755488 33.372712714 27.325767489 0.026057196 0.568881195 0.223857093 0.790938184
142.229333000 -17.361273477 33.517582444 27.284402695 0.009738672 0.575679245 0.239830785 0.781651943
142.329298000 -17.460152886 33.687664167 27.215848554 0.000879088 0.584336267 0.250402977 0.771912368
142.429215000 -17.575324640 33.882107361 27.130459235 0.001984844 0.594630272 0.260747999 0.760540190
142.529197000 -17.677842471 34.073566398 26.993493806 0.005489835 0.604613906 0.274748254 0.747613057
142.629217000 -17.774199139 34.227626622 26.776631507 0.011704385 0.615460388 0.285892349 0.734395726
142.729315000 -17.890442577 34.370619906 26.460011823 0.017053227 0.634297470 0.279588720 0.720559543
142.829345000 -18.016327926 34.592691998 26.192896684 0.016564122 0.657327350 0.269695715 0.703498832
142.929270000 -18.184642246 34.844138887 25.907744410 0.024819963 0.672730489 0.262682324 0.691242111
143.029448000 -18.405002697 35.050437297 25.536950612 0.029143719 0.684374849 0.260957096 0.680208133
143.129708000 -18.651848351 35.323876690 25.159142137 0.026639425 0.702227770 0.251865944 0.665379626
143.229654000 -18.927848965 35.646850344 24.809813032 0.032102004 0.718619098 0.242425482 0.650988433
143.329534000 -19.263330727 35.986048834 24.431220535 0.039759617 0.732718659 0.238852018 0.635997054
143.429516000 -19.618021009 36.322169834 24.016178115 0.047145079 0.748727183 0.231440972 0.619370668
143.529547000 -19.976123479 36.637565872 23.594109147 0.054531200 0.766273556 0.217879730 0.601979741
143.629581000 -20.357267970 37.035363550 23.164411108 0.047256024 0.785372737 0.196162504 0.585215178
143.729709000 -20.720677661 37.436420958 22.709156020 0.042795076 0.801024874 0.188675096 0.566506347
143.829805000 -21.048818770 37.824340771 22.269542073 0.040018211 0.814497189 0.186788373 0.547816553
143.929896000 -21.394180033 38.207725696 21.815265863 0.038653344 0.827211434 0.187562673 0.528249379
144.029899000 -21.662999546 38.531888462 21.413143076 0.037703407 0.838460627 0.189094741 0.509711104
144.130003000 -21.906062951 38.808260978 21.060265355 -0.025070726 -0.845276358 -0.196309734 -0.496328344
144.230235000 -22.146138909 39.056317059 20.696214123 -0.001947603 -0.845453689 -0.213174366 -0.489653914
144.330613000 -22.396223198 39.335462670 20.259484405 -0.014163409 -0.849542174 -0.208356226 -0.484422518
144.430990000 -22.558348457 39.530296905 19.938107093 -0.012799921 -0.850477052 -0.210517759 -0.481878843
144.531274000 -22.716207616 39.758913890 19.573792200 -0.023028713 -0.852090777 -0.203937419 -0.481477430
144.631468000 -22.888312240 40.015154937 19.193997861 -0.036561329 -0.853122107 -0.196395334 -0.481948973
144.731414000 -23.037511252 40.232654752 18.817786312 -0.041795627 -0.852895528 -0.194179155 -0.482821705
144.831128000 -23.179196440 40.454050014 18.441597081 -0.044332265 -0.852746291 -0.193405208 -0.483169575
144.930723000 -23.307755784 40.682173746 18.081770076 -0.046171705 -0.851961450 -0.193341926 -0.484405575
145.030417000 -23.402004246 40.835864610 17.749656716 -0.047173187 -0.850675014 -0.194217174 -0.486216413
145.130333000 -23.502867106 41.049114807 17.404512526 -0.047782700 -0.849573807 -0.194130515 -0.488113207
145.230105000 -23.589044102 41.250458754 17.092586431 -0.048878442 -0.848448353 -0.194716920 -0.489726058
145.329827000 -23.673167488 41.431565930 16.775339977 -0.049688796 -0.847382260 -0.194552503 -0.491552288
145.429536000 -23.770790157 41.652983676 16.472403379 -0.050085632 -0.846430783 -0.195241719 -0.492876282
145.529268000 -23.859022732 41.872834945 16.179222892 -0.048984598 -0.845595024 -0.194679883 -0.494640585
145.629046000 -23.975393354 42.112418230 15.875764854 -0.051084944 -0.843611193 -0.198942257 -0.496117387
145.728868000 -24.113719285 42.353875105 15.549562266 -0.056602963 -0.840249280 -0.209114883 -0.497039453
145.828844000 -24.196939207 42.537285397 15.274249627 -0.064269897 -0.836181543 -0.221716838 -0.497505228
145.928854000 -24.194288093 42.611866530 15.032209067 -0.074981889 -0.830373725 -0.241190279 -0.496673375
146.029033000 -24.245681123 42.728265017 14.768676123 -0.081876550 -0.826707730 -0.251837164 -0.496415756
146.129324000 -24.268949647 42.855068435 14.511640773 -0.093728337 -0.819979097 -0.271506235 -0.495109729
146.229509000 -24.339383277 42.943065253 14.236665552 -0.107813415 -0.812240329 -0.293280549 -0.492573278
146.329658000 -24.395621872 43.008913224 13.958526844 -0.111462395 -0.809901249 -0.299161430 -0.492075746
146.429809000 -24.536142983 43.113682719 13.644402178 -0.103428840 -0.814186367 -0.286210951 -0.494455587
146.529918000 -24.657511807 43.208605733 13.389257341 -0.086486636 -0.823671341 -0.254294198 -0.499419708
146.629895000 -24.853496154 43.406003941 13.062814931 0.069252520 0.830438394 0.223188965 0.505730014
146.729808000 -25.036782759 43.552867495 12.749117262 0.063950158 0.831148483 0.209119694 0.511245078
146.829619000 -25.225646914 43.687511237 12.417945103 0.060739173 0.829565947 0.203640663 0.516392848
146.929532000 -25.370117452 43.805245608 12.058917733 0.117214323 0.831507912 0.163025941 0.517955537
147.029651000 -25.531935523 43.861577207 11.800893158 0.181214538 0.828306688 0.120299533 0.516330655
147.129986000 -25.677852315 43.873027944 11.576777614 0.199994062 0.823682494 0.105671514 0.519983707
147.230379000 -25.853373684 43.894429244 11.375875777 0.158028016 0.820937146 0.133978500 0.532108176
147.330825000 -26.021808404 43.906301859 11.185303930 0.129735486 0.814402469 0.155791343 0.543733740
147.431079000 -26.205709916 43.897547859 11.039891824 0.097350764 0.806940185 0.178066267 0.554673572
147.530973000 -26.402202705 43.872213431 10.882688295 0.072654461 0.799950546 0.197101429 0.562095615
147.630618000 -26.594266159 43.849765591 10.735385221 0.063154932 0.795238128 0.203075012 0.567774879
147.730190000 -26.791240551 43.827225572 10.592177278 0.060604565 0.789020462 0.205157596 0.575920271
147.829895000 -27.016889870 43.823091691 10.434179563 0.059758435 0.781840984 0.204519819 0.585939628
147.929741000 -27.187910537 43.781998909 10.277212731 0.061287286 0.774105060 0.203013786 0.596481876
148.029720000 -27.354556761 43.752144357 10.124809731 0.061375619 0.766636736 0.202155129 0.606328667
148.129884000 -27.511017671 43.694613847 9.961364816 0.061694147 0.759785853 0.200455444 0.615416042
148.229906000 -27.630297508 43.619994145 9.801382083 0.066191470 0.752642220 0.196227891 0.625014395
148.329991000 -27.756702500 43.578692698 9.629894538 0.113389608 0.749211760 0.157099307 0.633359568
148.430067000 -27.975555861 43.585108865 9.494669613 0.125598916 0.744281680 0.148695709 0.638873445
148.529962000 -28.154913882 43.562480575 9.344546566 0.132866794 0.740546795 0.141207678 0.643426182
148.629969000 -28.312177852 43.543480020 9.238603344 0.148302193 0.738226287 0.127241884 0.645629857
148.729886000 -28.497301004 43.527332313 9.169641083 0.145875110 0.736591408 0.127333203 0.648027627
148.829717000 -28.676044791 43.498473500 9.130444695 0.122393299 0.734139880 0.147667425 0.651346949
148.929525000 -28.853226437 43.476353571 9.081949241 0.088382059 0.729521288 0.174915511 0.655279991
149.029393000 -29.069610947 43.500243142 9.048166107 0.073304040 0.725473389 0.185899712 0.658601683
149.129322000 -29.205593790 43.475317546 9.020519908 0.072360566 0.722200441 0.184564847 0.662666047
149.229202000 -29.453893345 43.558573306 8.961032426 0.089309181 0.715961561 0.170824936 0.671000563
149.329329000 -29.679051722 43.619253498 8.944261310 0.097183571 0.706159054 0.159605605 0.682950067
149.429466000 -29.901468713 43.675298886 8.943286779 0.093487323 0.690318649 0.159336811 0.699522740
149.529620000 -30.137106032 43.757048610 8.953287339 0.085440267 0.667526303 0.162151824 0.721675399
149.629700000 -30.345602531 43.829680163 8.973301246 0.082945409 0.639607649 0.160099691 0.747255113
149.729675000 -30.580521259 43.928177186 8.999709378 0.086800697 0.609262812 0.148946318 0.774002234
149.829461000 -30.806600267 44.037326715 9.044505218 0.093491537 0.576861312 0.131713869 0.800713317
149.929063000 -31.099578770 44.200989787 9.104623367 0.097709286 0.543509696 0.115850901 0.825608063
150.028557000 -31.393544441 44.372937689 9.148051645 0.102675921 0.515683271 0.099852776 0.844723530
150.127930000 -31.619776337 44.530841232 9.199124033 0.105913639 0.494113395 0.091520085 0.858054968
150.227309000 -31.904669776 44.743416231 9.322005651 0.104401414 0.474311735 0.106187281 0.867671012
150.326904000 -32.098020885 44.858359090 9.385181729 0.098016068 0.457864829 0.122667950 0.875045840
150.426712000 -32.303612598 45.111719497 9.510149362 0.100627470 0.442066541 0.138214224 0.880538536
150.526885000 -32.480139082 45.220499464 9.591896490 0.118290855 0.425465534 0.152602110 0.884137404
150.627552000 -32.678434847 45.292341346 9.676764349 0.115839881 0.413169849 0.152306082 0.890322781
150.728542000 -32.902598880 45.398503117 9.798982739 0.105102729 0.403562878 0.140272529 0.898005589
150.829579000 -33.105275113 45.490571412 9.909502471 0.090854192 0.392473693 0.133497770 0.905476814
150.930321000 -33.304312430 45.600770625 10.026450583 0.078983142 0.379059253 0.128316893 0.913022738
151.030782000 -33.521124774 45.698468874 10.140053863 0.073661319 0.362614942 0.124175726 0.920687136
151.131035000 -33.731204198 45.778788505 10.246082607 0.072615821 0.344628889 0.119080901 0.928319778
151.230903000 -33.935903645 45.856519109 10.346927952 0.071585546 0.325655830 0.114879517 0.935749158
151.330639000 -34.181769298 45.936732272 10.440968473 0.077340560 0.307752270 0.093077118 0.943739174
151.430301000 -34.347870548 46.021167382 10.542677891 0.081035953 0.290313959 0.076794227 0.950396563
151.530117000 -34.535629819 46.101429256 10.644129441 0.079621817 0.269708018 0.073157752 0.956852076
151.630078000 -34.705783746 46.170909039 10.764547388 0.074855425 0.245823990 0.081951754 0.962938804
151.730112000 -34.882804308 46.228435431 10.865520655 0.072039984 0.224204498 0.085437421 0.968113129
151.830016000 -35.065133995 46.298066870 10.968754878 0.069506608 0.206736765 0.086670046 0.972068436
151.929730000 -35.240181358 46.387335082 11.087078486 0.068994047 0.194820729 0.084478591 0.974755391
152.029402000 -35.416147706 46.495883562 11.215697798 0.067555569 0.180788049 0.082392430 0.977733815
152.129603000 -35.587145142 46.610752623 11.353138939 0.069207148 0.164368136 0.074179138 0.981168152
152.230015000 -35.744474464 46.740691406 11.481374070 0.072825459 0.146971979 0.052722845 0.985046187
152.330476000 -35.900255957 46.877980814 11.635739621 0.072278956 0.125995277 0.039472916 0.988606510
152.430756000 -36.050865485 47.016565828 11.792440729 0.071574566 0.102840231 0.028850787 0.991699854
152.530761000 -36.188588347 47.167493880 11.969874599 0.070570996 0.077414264 0.019293582 0.994311080
152.630547000 -36.301722690 47.309362806 12.141036182 0.068666597 0.052487374 0.012640410 0.996177792
152.730088000 -36.409979228 47.469921162 12.337843670 0.066733651 0.027165634 0.004439854 0.997391065
152.829538000 -36.476292712 47.600363403 12.490456880 0.063166236 -0.000817635 0.019201276 0.997817954
152.929169000 -36.542723046 47.712454850 12.604847383 0.062111479 -0.027179927 0.029319059 0.997268173
153.029123000 -36.591255955 47.832041191 12.727667156 0.059783405 -0.048555059 0.016701105 0.996889875
153.129340000 -36.656385496 47.925301367 12.837197179 0.057907529 -0.069977115 0.008054173 0.995833847
153.229394000 -36.694955468 48.092542949 13.016428616 0.053966852 -0.086568195 -0.028388885 0.994377995
153.329555000 -36.692295189 48.209148401 13.120137777 0.054240897 -0.114841949 -0.004222870 0.991892847
153.429746000 -36.712383330 48.272973511 13.185106260 0.054506703 -0.141158492 0.004598795 0.988474659
153.529939000 -36.724318843 48.342463701 13.259363077 0.054520894 -0.165305297 0.004745103 0.984722862
153.630019000 -36.738380916 48.407655757 13.332004158 0.054040449 -0.187341175 0.001884656 0.980805466
153.729985000 -36.762107269 48.469633077 13.401622376 0.052258809 -0.206362113 -0.011247951 0.977014421
153.830051000 -36.776912348 48.530471820 13.463272089 0.049001268 -0.223082441 -0.031866365 0.973045546
153.930185000 -36.785062051 48.593268514 13.528609113 0.045469610 -0.239904469 -0.045485793 0.968663720
154.030444000 -36.787555209 48.652591471 13.586636486 0.041866343 -0.256732008 -0.057586158 0.963856691
154.130848000 -36.767167548 48.720464220 13.637687331 0.040896680 -0.276080626 -0.057591228 0.958535445
154.231029000 -36.743672815 48.779631973 13.686414644 0.047989299 -0.299354279 -0.043568599 0.951937929
154.331033000 -36.721644316 48.845625240 13.736636036 0.046954650 -0.321096678 -0.036429246 0.945179927
154.431110000 -36.693246113 48.917580009 13.788018376 0.045457011 -0.338042838 -0.036346785 0.939329341
154.531079000 -36.667546890 48.985079807 13.840038373 0.045680804 -0.350337927 -0.037356548 0.934762585
154.630688000 -36.646160048 49.059371107 13.871922931 0.043432856 -0.355516394 -0.037201371 0.932918935
154.730021000 -36.616021259 49.151805171 13.934285513 0.042894808 -0.355732738 -0.038057493 0.932826823
154.829415000 -36.601600912 49.238863942 13.977849778 0.037479355 -0.349880024 -0.053852018 0.934494102
154.929102000 -36.584312681 49.329959896 14.020662930 0.038300474 -0.346073940 -0.048620417 0.936163424
155.028979000 -36.557136002 49.437313226 14.072054439 0.043962022 -0.342469944 -0.045692613 0.937386720
155.129093000 -36.532108768 49.515782615 14.118619888 0.052524483 -0.339166591 -0.045421352 0.938159956
155.229230000 -36.508685726 49.583939697 14.161642886 0.043640625 -0.335393073 -0.052014235 0.939628385
155.329469000 -36.477494423 49.675227382 14.213259089 0.034129337 -0.330157847 -0.066269669 0.940977851
155.429695000 -36.443199595 49.752485685 14.246057470 0.024878104 -0.324425044 -0.087277106 0.941547756
155.529860000 -36.377495642 49.839288537 14.272965132 0.023688901 -0.323278871 -0.089739669 0.941741153
155.629880000 -36.316792440 49.909854842 14.290384878 0.033294538 -0.331400899 -0.060458214 0.940962126
155.730021000 -36.262638823 49.971873143 14.308031200 0.039730694 -0.338092236 -0.042175970 0.939327578
155.830485000 -36.202326683 50.030117018 14.323044438 0.044115051 -0.342116821 -0.035025771 0.937967557
155.930980000 -36.147657626 50.084064131 14.337850182 0.045041908 -0.344320612 -0.033094561 0.937186904
156.031378000 -36.100070291 50.147879667 14.346403989 0.044635707 -0.345673187 -0.032667645 0.936723292
156.131493000 -36.049338524 50.210720500 14.359144978 0.054021080 -0.345971840 -0.035833329 0.936002768
156.231217000 -35.998010633 50.274611448 14.379083336 0.063985057 -0.345377611 -0.039979917 0.935426012
156.330850000 -35.942816313 50.339767793 14.404830949 0.074015388 -0.344812793 -0.041018163 0.934849384
156.430617000 -35.882906103 50.397864260 14.442349234 0.085346419 -0.344232519 -0.039255902 0.934172862
156.530500000 -35.822198518 50.449777220 14.488435237 0.078688039 -0.344486008 -0.025742548 0.935133629
156.630477000 -35.769174343 50.506058294 14.539731269 0.064488954 -0.340474793 -0.018862449 0.937849827
156.730476000 -35.716629333 50.565512433 14.595672715 0.054956459 -0.333025327 -0.018233331 0.941138388
156.830434000 -35.669041171 50.627017476 14.653164257 0.050330358 -0.324538241 -0.014233108 0.944425330
156.930332000 -35.624936278 50.693861939 14.716354609 0.047260380 -0.312729444 -0.019518955 0.948464950
157.030317000 -35.583602811 50.766846868 14.774113902 0.045889455 -0.301080149 -0.020842748 0.952265972
157.130618000 -35.545639338 50.836603104 14.829023162 0.046692844 -0.289395344 -0.020932151 0.955840969
157.230862000 -35.506728243 50.909160333 14.885259503 0.047916050 -0.279904509 -0.018007229 0.958662223
157.331049000 -35.468330407 50.984687434 14.946187716 0.048147260 -0.271223993 -0.016621919 0.961167571
157.431054000 -35.436025168 51.059334834 15.000845443 0.048803376 -0.263480493 -0.014755225 0.963316430
157.530834000 -35.403152690 51.137651738 15.058738613 0.049665260 -0.256371976 -0.012438572 0.965221246
157.630436000 -35.369131539 51.218041648 15.119578201 0.050472955 -0.249815813 -0.010938513 0.966915141
157.729943000 -35.338425453 51.297964314 15.177987785 0.050700435 -0.244192078 -0.008850892 0.968360138
157.829371000 -35.307700419 51.379545384 15.233394389 0.051134511 -0.238966191 -0.003762548 0.969673277
157.928922000 -35.272210859 51.466696533 15.292729460 0.054441383 -0.237035025 0.011817099 0.969902515
158.028749000 -35.252855458 51.545777889 15.355842756 0.057322220 -0.234772349 0.020289143 0.970146617
158.128951000 -35.235751284 51.623825463 15.421769331 0.057156853 -0.229056376 0.016218162 0.971598293
158.229287000 -35.228801784 51.697908769 15.484431685 0.055680132 -0.223792307 0.010526224 0.972988142
158.329676000 -35.223726568 51.768786725 15.550151079 0.054126915 -0.218222168 0.000864351 0.974396539
158.429858000 -35.217631836 51.837638291 15.616735475 0.055488151 -0.216327470 0.007410884 0.974714609
158.529820000 -35.218323788 51.904543886 15.684201452 0.055815801 -0.216343609 0.007462511 0.974691926
158.629872000 -35.219836511 51.961232116 15.750090123 0.055410980 -0.215385495 0.001551827 0.974954514
158.729879000 -35.230606297 52.015713256 15.811652161 0.055236640 -0.215548411 -0.000308588 0.974929588
158.829729000 -35.237271164 52.063400384 15.876539276 0.055951929 -0.220520261 -0.002173553 0.973773830
158.929588000 -35.246552965 52.108695784 15.941443950 0.055002881 -0.228404873 -0.004154774 0.972002384
159.029432000 -35.259063372 52.145370546 16.005565385 0.054991892 -0.238065462 -0.005831414 0.969673513
159.129387000 -35.270298211 52.173265804 16.079123188 0.054705781 -0.247012295 -0.008435444 0.967430125
159.229212000 -35.272384872 52.204026323 16.179838520 0.053985396 -0.254969626 -0.009079100 0.965398175
159.329133000 -35.285332475 52.246414786 16.267116893 0.052880471 -0.260181400 -0.010715117 0.964051078
159.428906000 -35.295031043 52.297051785 16.354809196 0.049082757 -0.264330312 -0.022445005 0.962920864
159.528579000 -35.319027885 52.342637327 16.422951808 0.037337595 -0.264592124 -0.056215308 0.961996232
159.628146000 -35.343372270 52.459392047 16.576870054 0.038982943 -0.271586932 -0.047045543 0.960472584
159.727779000 -35.346362925 52.495575981 16.637374840 0.046576609 -0.281160395 -0.027614915 0.958131968
159.827617000 -35.350467047 52.531525093 16.696917957 0.055414068 -0.287287109 -0.018174705 0.956067507
159.927488000 -35.353788358 52.537990888 16.711094341 0.056103313 -0.288399546 -0.018030502 0.955695046
160.027466000 -35.375007429 52.553134615 16.751034533 0.047655504 -0.284415095 -0.044760105 0.956469309
160.127695000 -35.386423126 52.555509830 16.779062263 0.036589893 -0.277341992 -0.081103573 0.956642467
160.228095000 -35.504253844 52.498843177 16.709381896 0.038375453 -0.282727761 -0.080007773 0.955086956
160.329156000 -35.492518307 52.506762107 16.731418956 0.038116678 -0.281549140 -0.076622047 0.955722901
160.430243000 -35.490940070 52.507827072 16.734382579 0.038081838 -0.281390348 -0.076166644 0.955807453
160.531373000 -35.490940070 52.507827072 16.734382579 0.038081838 -0.281390348 -0.076166644 0.955807453
160.632679000 -35.490940070 52.507827072 16.734382579 0.038081838 -0.281390348 -0.076166644 0.955807453
160.734152000 -35.491046569 52.511733834 16.727189550 0.038360390 -0.281545924 -0.076187146 0.955748864
160.834915000 -35.491080887 52.512992753 16.724871659 0.038450150 -0.281596050 -0.076193751 0.955729963
160.934703000 -35.492452361 52.515081446 16.723432276 0.038790861 -0.283197414 -0.076254924 0.955238023
161.033686000 -35.494699939 52.521360426 16.717987019 0.039224837 -0.283754523 -0.076205003 0.955058941
161.132191000 -35.494699939 52.521360426 16.717987019 0.039224837 -0.283754523 -0.076205003 0.955058941
161.230442000 -35.494699939 52.521360426 16.717987019 0.039224837 -0.283754523 -0.076205003 0.955058941
161.328864000 -35.495123267 52.523357670 16.715231562 0.039513772 -0.284196038 -0.076392951 0.954900723
161.427670000 -35.495711755 52.524872693 16.716981085 0.039468636 -0.284162854 -0.076269332 0.954922347
161.526895000 -35.496081699 52.525372933 16.716199696 0.039615404 -0.284236180 -0.076252035 0.954895827
161.626532000 -35.461082949 52.524704431 16.746504606 0.039345686 -0.283762227 -0.076187857 0.955053049
161.726491000 -35.461082949 52.524704431 16.746504606 0.039345686 -0.283762227 -0.076187857 0.955053049
161.826642000 -35.461082949 52.524704431 16.746504606 0.039345686 -0.283762227 -0.076187857 0.955053049
161.926877000 -35.461082949 52.524704431 16.746504606 0.039345686 -0.283762227 -0.076187857 0.955053049
162.027062000 -35.460558095 52.525621901 16.747623431 0.039519963 -0.284359048 -0.076307606 0.954858761
162.127301000 -35.466401367 52.527904582 16.732313082 0.039682553 -0.284177772 -0.076298006 0.954906751
162.227374000 -35.466401367 52.527904582 16.732313082 0.039682553 -0.284177772 -0.076298006 0.954906751
162.327334000 -35.466401367 52.527904582 16.732313082 0.039682553 -0.284177772 -0.076298006 0.954906751
162.427241000 -35.354498648 52.521238665 16.649497264 0.039605643 -0.283977543 -0.076261178 0.954972450
162.527147000 -35.354498648 52.521238665 16.649497264 0.039605643 -0.283977543 -0.076261178 0.954972450
162.627096000 -35.354498648 52.521238665 16.649497264 0.039605643 -0.283977543 -0.076261178 0.954972450
162.727061000 -35.405703154 52.528049844 16.614073685 0.039545436 -0.283811485 -0.076192407 0.955029799
162.827021000 -35.405703154 52.528049844 16.614073685 0.039545436 -0.283811485 -0.076192407 0.955029799
162.926956000 -35.380433370 52.524075781 16.654794265 0.039607523 -0.283938871 -0.076240670 0.954985509
163.026915000 -35.380433370 52.524075781 16.654794265 0.039607523 -0.283938871 -0.076240670 0.954985509
