0.030223000 0.008600000 -0.011967000 0.003833000 -0.000194000 0.000154000 -0.000031000 0.999999969
0.130276000 0.008600000 -0.011967000 0.003833000 -0.000194000 0.000154000 -0.000031000 0.999999969
0.230376000 0.050552626 -0.039485534 0.134305714 -0.000212333 -0.000338581 -0.000121003 0.999999913
0.330564000 0.067372644 -0.049909212 0.182779324 -0.000202945 -0.000564807 -0.000138404 0.999999810
0.430791000 0.063942193 -0.047746944 0.132809526 -0.000201913 -0.000808182 -0.000205865 0.999999632
0.530922000 0.063942193 -0.047746944 0.132809526 -0.000201913 -0.000808182 -0.000205865 0.999999632
0.630978000 0.066900950 -0.047596290 0.135268063 -0.000213434 -0.001483654 -0.000418908 0.999998789
0.730982000 0.066900950 -0.047596290 0.135268063 -0.000213434 -0.001483654 -0.000418908 0.999998789
0.830917000 0.066081587 -0.046012711 0.144097920 -0.000221471 -0.002119072 -0.000597650 0.999997552
0.930828000 0.066271641 -0.048865659 0.146604745 -0.000225438 -0.002678978 -0.000740308 0.999996112
1.030754000 0.066271641 -0.048865659 0.146604745 -0.000225438 -0.002678978 -0.000740308 0.999996112
1.130878000 0.066271641 -0.048865659 0.146604745 -0.000225438 -0.002678978 -0.000740308 0.999996112
1.230942000 0.066271641 -0.048865659 0.146604745 -0.000225438 -0.002678978 -0.000740308 0.999996112
1.330936000 0.066217259 -0.040719530 0.140429843 -0.000253085 -0.002960907 -0.000816044 0.999995252
1.430882000 0.066214733 -0.040341260 0.140143108 -0.000254369 -0.002973999 -0.000819561 0.999995209
1.530790000 0.075360001 -0.037873455 0.132406838 -0.000260603 -0.002680654 -0.000740928 0.999996099
1.630644000 0.075360001 -0.037873455 0.132406838 -0.000260603 -0.002680654 -0.000740928 0.999996099
1.730501000 0.075360001 -0.037873455 0.132406838 -0.000260603 -0.002680654 -0.000740928 0.999996099
1.830460000 0.075360001 -0.037873455 0.132406838 -0.000260603 -0.002680654 -0.000740928 0.999996099
1.930550000 0.075360001 -0.037873455 0.132406838 -0.000260603 -0.002680654 -0.000740928 0.999996099
2.030679000 0.075360001 -0.037873455 0.132406838 -0.000260603 -0.002680654 -0.000740928 0.999996099
2.130821000 0.075360001 -0.037873455 0.132406838 -0.000260603 -0.002680654 -0.000740928 0.999996099
2.230762000 0.075360001 -0.037873455 0.132406838 -0.000260603 -0.002680654 -0.000740928 0.999996099
2.330689000 0.075360001 -0.037873455 0.132406838 -0.000260603 -0.002680654 -0.000740928 0.999996099
2.430605000 0.075360001 -0.037873455 0.132406838 -0.000260603 -0.002680654 -0.000740928 0.999996099
2.530493000 0.075360001 -0.037873455 0.132406838 -0.000260603 -0.002680654 -0.000740928 0.999996099
2.630426000 0.075360001 -0.037873455 0.132406838 -0.000260603 -0.002680654 -0.000740928 0.999996099
2.730416000 0.075360001 -0.037873455 0.132406838 -0.000260603 -0.002680654 -0.000740928 0.999996099
2.830437000 0.133173735 0.014778866 -0.008609985 -0.000262796 -0.002745050 -0.000759729 0.999995909
2.930731000 0.133173735 0.014778866 -0.008609985 -0.000262796 -0.002745050 -0.000759729 0.999995909
3.031136000 0.133173735 0.014778866 -0.008609985 -0.000262796 -0.002745050 -0.000759729 0.999995909
3.131636000 0.087854574 0.019932421 -0.066677831 -0.000278600 -0.002678907 -0.000743812 0.999996096
3.231961000 0.087154701 0.020012008 -0.067574585 -0.000278844 -0.002677885 -0.000743565 0.999996099
3.332064000 0.087154701 0.020012008 -0.067574585 -0.000278844 -0.002677885 -0.000743565 0.999996099
3.431964000 0.087154701 0.020012008 -0.067574585 -0.000278844 -0.002677885 -0.000743565 0.999996099
3.531722000 0.087154701 0.020012008 -0.067574585 -0.000278844 -0.002677885 -0.000743565 0.999996099
3.631463000 0.087154701 0.020012008 -0.067574585 -0.000278844 -0.002677885 -0.000743565 0.999996099
3.731275000 0.087154701 0.020012008 -0.067574585 -0.000278844 -0.002677885 -0.000743565 0.999996099
3.831188000 0.087154701 0.020012008 -0.067574585 -0.000278844 -0.002677885 -0.000743565 0.999996099
3.931194000 0.087154701 0.020012008 -0.067574585 -0.000278844 -0.002677885 -0.000743565 0.999996099
4.031262000 0.087154701 0.020012008 -0.067574585 -0.000278844 -0.002677885 -0.000743565 0.999996099
4.131469000 0.087154701 0.020012008 -0.067574585 -0.000278844 -0.002677885 -0.000743565 0.999996099
4.231566000 0.072462969 0.028687524 -0.092801486 -0.000273221 -0.002663571 -0.000738840 0.999996142
4.331606000 0.072462969 0.028687524 -0.092801486 -0.000273221 -0.002663571 -0.000738840 0.999996142
4.431541000 0.122170040 0.010700020 -0.009638498 -0.000272238 -0.002654560 -0.000743528 0.999996163
4.531379000 0.176771845 0.011381586 -0.028778079 -0.000269750 -0.002629137 -0.000737458 0.999996236
4.631215000 0.176771845 0.011381586 -0.028778079 -0.000269750 -0.002629137 -0.000737458 0.999996236
4.731091000 0.176771845 0.011381586 -0.028778079 -0.000269750 -0.002629137 -0.000737458 0.999996236
4.830996000 0.176771845 0.011381586 -0.028778079 -0.000269750 -0.002629137 -0.000737458 0.999996236
4.930918000 0.176771845 0.011381586 -0.028778079 -0.000269750 -0.002629137 -0.000737458 0.999996236
5.030843000 0.176771845 0.011381586 -0.028778079 -0.000269750 -0.002629137 -0.000737458 0.999996236
5.130893000 0.176771845 0.011381586 -0.028778079 -0.000269750 -0.002629137 -0.000737458 0.999996236
5.230848000 0.176771845 0.011381586 -0.028778079 -0.000269750 -0.002629137 -0.000737458 0.999996236
5.330834000 0.176771845 0.011381586 -0.028778079 -0.000269750 -0.002629137 -0.000737458 0.999996236
5.430837000 0.176771845 0.011381586 -0.028778079 -0.000269750 -0.002629137 -0.000737458 0.999996236
5.530791000 0.176771845 0.011381586 -0.028778079 -0.000269750 -0.002629137 -0.000737458 0.999996236
5.630687000 0.176771845 0.011381586 -0.028778079 -0.000269750 -0.002629137 -0.000737458 0.999996236
5.730592000 0.176771845 0.011381586 -0.028778079 -0.000269750 -0.002629137 -0.000737458 0.999996236
5.830505000 0.176771845 0.011381586 -0.028778079 -0.000269750 -0.002629137 -0.000737458 0.999996236
5.930546000 0.176771845 0.011381586 -0.028778079 -0.000269750 -0.002629137 -0.000737458 0.999996236
6.030778000 0.176771845 0.011381586 -0.028778079 -0.000269750 -0.002629137 -0.000737458 0.999996236
6.131146000 0.176771845 0.011381586 -0.028778079 -0.000269750 -0.002629137 -0.000737458 0.999996236
6.231416000 0.176771845 0.011381586 -0.028778079 -0.000269750 -0.002629137 -0.000737458 0.999996236
6.331618000 0.176771845 0.011381586 -0.028778079 -0.000269750 -0.002629137 -0.000737458 0.999996236
6.431744000 0.176771845 0.011381586 -0.028778079 -0.000269750 -0.002629137 -0.000737458 0.999996236
6.531738000 0.176771845 0.011381586 -0.028778079 -0.000269750 -0.002629137 -0.000737458 0.999996236
6.631632000 0.176771845 0.011381586 -0.028778079 -0.000269750 -0.002629137 -0.000737458 0.999996236
6.731465000 0.176771845 0.011381586 -0.028778079 -0.000269750 -0.002629137 -0.000737458 0.999996236
6.831249000 0.176771845 0.011381586 -0.028778079 -0.000269750 -0.002629137 -0.000737458 0.999996236
6.931055000 0.176771845 0.011381586 -0.028778079 -0.000269750 -0.002629137 -0.000737458 0.999996236
7.030908000 0.176771845 0.011381586 -0.028778079 -0.000269750 -0.002629137 -0.000737458 0.999996236
7.130963000 0.176771845 0.011381586 -0.028778079 -0.000269750 -0.002629137 -0.000737458 0.999996236
7.230963000 0.176771845 0.011381586 -0.028778079 -0.000269750 -0.002629137 -0.000737458 0.999996236
7.330965000 0.176771845 0.011381586 -0.028778079 -0.000269750 -0.002629137 -0.000737458 0.999996236
7.430947000 0.176771845 0.011381586 -0.028778079 -0.000269750 -0.002629137 -0.000737458 0.999996236
7.530873000 0.176771845 0.011381586 -0.028778079 -0.000269750 -0.002629137 -0.000737458 0.999996236
7.630765000 0.176771845 0.011381586 -0.028778079 -0.000269750 -0.002629137 -0.000737458 0.999996236
7.730723000 0.176771845 0.011381586 -0.028778079 -0.000269750 -0.002629137 -0.000737458 0.999996236
7.830754000 0.176771845 0.011381586 -0.028778079 -0.000269750 -0.002629137 -0.000737458 0.999996236
7.930908000 0.195694495 0.050460732 -0.051884454 -0.000308854 -0.007500436 -0.002596621 0.999968452
8.031118000 0.166205892 0.055827908 0.036698370 0.002965095 -0.016911793 -0.005419391 0.999837902
8.131458000 0.153277747 0.037584478 0.067034615 0.003836322 -0.024555245 -0.007390796 0.999663793
8.231680000 0.157601177 0.010952887 0.108181954 0.006874842 -0.033852499 -0.011979633 0.999331393
8.331777000 0.141775696 -0.016345503 0.159872919 0.008800481 -0.046453494 -0.017969699 0.998720038
8.431952000 0.114013979 -0.085037587 0.236735242 0.005177119 -0.056143458 -0.055956277 0.996840010
8.532281000 0.105948165 -0.111600650 0.277097990 -0.004359932 -0.064968506 -0.080761149 0.994604304
8.632975000 0.117786294 -0.121108308 0.299027400 -0.003125576 -0.070265754 -0.086205612 0.993791501
8.733508000 0.140293113 -0.146157408 0.325961984 -0.003004991 -0.091542736 -0.055941500 0.994224042
8.833945000 0.159300339 -0.168620305 0.353387223 -0.004540903 -0.097290177 -0.052363924 0.993867205
8.934482000 0.170635998 -0.189356150 0.369665326 -0.005946151 -0.100308260 -0.053036647 0.993524036
9.034887000 0.183004597 -0.220327565 0.385569166 -0.006763006 -0.103155800 -0.057531786 0.992976957
9.135177000 0.202467973 -0.268390942 0.400978623 -0.006695021 -0.107646287 -0.066994736 0.991906830
9.235113000 0.224576561 -0.321231487 0.423077880 -0.006858368 -0.112124566 -0.082833392 0.990211934
9.334962000 0.245277178 -0.386162487 0.456247397 -0.011438720 -0.111607657 -0.123790503 0.985945636
9.434947000 0.296295539 -0.436762859 0.466389199 -0.017825386 -0.111334798 -0.160507852 0.980573326
9.534834000 0.374145963 -0.487181047 0.481069854 -0.017709784 -0.128785246 -0.139184662 0.981696671
9.634628000 0.468675591 -0.536180489 0.504878982 -0.018778495 -0.142618415 -0.138799959 0.979817293
9.734316000 0.563346434 -0.582997593 0.506802966 -0.014275770 -0.169613743 -0.109905666 0.979258967
9.833932000 0.645889123 -0.604188505 0.512968715 -0.016316054 -0.183689800 -0.108236086 0.976870920
9.933561000 0.748287848 -0.642755240 0.538399382 -0.015325622 -0.208337134 -0.100044326 0.972806197
10.033395000 0.860714324 -0.706388389 0.548913913 -0.012611150 -0.231755435 -0.092041957 0.968327762
10.133611000 0.950706047 -0.754506739 0.581952379 -0.012480414 -0.243735639 -0.095161006 0.965081116
10.233998000 1.053706596 -0.807602264 0.559689866 -0.016049733 -0.248112760 -0.116884547 0.961519874
10.334614000 1.173578904 -0.860550876 0.562277268 -0.020177641 -0.252677248 -0.134112574 0.957998376
10.435115000 1.301716979 -0.913217383 0.563123012 -0.021875416 -0.259391583 -0.141439972 0.955108479
10.535477000 1.441897284 -0.960362811 0.562172342 -0.020461680 -0.270771569 -0.137561587 0.952544428
10.635604000 1.521767420 -0.990447994 0.535076753 -0.015668739 -0.281590321 -0.124779409 0.951257841
10.735496000 1.585124878 -1.009105496 0.534959458 -0.014116730 -0.287666086 -0.121835119 0.949844800
10.835223000 1.686380864 -1.038827163 0.563022425 -0.013919108 -0.299611269 -0.120005853 0.946381499
10.934761000 1.720623769 -1.050016795 0.566643876 -0.014342840 -0.301776409 -0.122076155 0.945421966
11.034212000 1.720623769 -1.050016795 0.566643876 -0.014342840 -0.301776409 -0.122076155 0.945421966
11.133727000 1.720623769 -1.050016795 0.566643876 -0.014342840 -0.301776409 -0.122076155 0.945421966
11.233283000 1.720623769 -1.050016795 0.566643876 -0.014342840 -0.301776409 -0.122076155 0.945421966
11.333031000 1.720623769 -1.050016795 0.566643876 -0.014342840 -0.301776409 -0.122076155 0.945421966
11.432971000 1.720623769 -1.050016795 0.566643876 -0.014342840 -0.301776409 -0.122076155 0.945421966
11.533101000 1.720623769 -1.050016795 0.566643876 -0.014342840 -0.301776409 -0.122076155 0.945421966
11.633369000 1.720623769 -1.050016795 0.566643876 -0.014342840 -0.301776409 -0.122076155 0.945421966
11.733727000 1.812740620 -1.101840968 0.590108789 -0.018776103 -0.304116904 -0.142345328 0.941752714
11.833986000 1.999939972 -1.188534670 0.638981246 -0.025475058 -0.315449619 -0.150141948 0.936642917
11.934174000 2.192158356 -1.285533414 0.684014386 -0.020576968 -0.332441653 -0.135245569 0.933149383
12.034438000 2.344924162 -1.355589642 0.729434489 -0.031002562 -0.342175381 -0.136624365 0.929133270
12.134703000 2.557419420 -1.448009750 0.784364030 -0.042593387 -0.354081646 -0.137571845 0.924059510
12.234678000 2.778571818 -1.549488764 0.831987928 -0.042652534 -0.370180688 -0.121602199 0.919978220
12.334486000 2.998936485 -1.648854636 0.884516637 -0.044076814 -0.389147908 -0.106975480 0.913880401
12.434324000 3.218832816 -1.749941739 0.946636456 -0.046127944 -0.401712438 -0.106500346 0.908381531
12.534121000 3.433356034 -1.851552898 1.003605764 -0.052046568 -0.407029012 -0.121386852 0.903816226
12.633931000 3.651514216 -1.948926524 1.058036416 -0.054728446 -0.414402325 -0.126588054 0.899583779
12.733925000 3.865718521 -2.047301694 1.107358317 -0.048378750 -0.425499648 -0.119010663 0.895793508
12.833942000 4.078349691 -2.154994703 1.162976974 -0.039760427 -0.431774687 -0.124280817 0.892493141
12.934210000 4.290319932 -2.272201343 1.221575554 -0.048203739 -0.433144498 -0.140588143 0.888986624
13.034735000 4.498533727 -2.387439861 1.280591949 -0.068735759 -0.425643732 -0.173496000 0.885438844
13.135361000 4.713070333 -2.478581782 1.308674389 -0.085677628 -0.417436125 -0.202914018 0.881607808
13.235719000 4.958890236 -2.559260897 1.350935136 -0.091134689 -0.415489786 -0.213176426 0.879555864
13.335717000 5.197960565 -2.623657723 1.353435082 -0.089791944 -0.417433176 -0.208672933 0.879853713
13.435516000 5.471437021 -2.673764994 1.392960269 -0.082117392 -0.424010912 -0.191982302 0.881257214
13.535154000 5.737594769 -2.713842291 1.380524606 -0.073290203 -0.430594554 -0.175789848 0.882221517
13.634771000 5.998626843 -2.737271105 1.384881238 -0.051940996 -0.439338618 -0.154086391 0.883482369
13.734457000 6.258047906 -2.761269350 1.368850586 -0.029706311 -0.444492310 -0.141864896 0.883978774
13.834282000 6.523393577 -2.787814218 1.366844215 -0.021213174 -0.445922288 -0.137198937 0.884239654
13.934303000 6.801462940 -2.794812077 1.384381802 -0.017552444 -0.443555349 -0.148329978 0.883713065
14.034718000 7.086671474 -2.804909022 1.401636374 -0.012006575 -0.444944134 -0.143978071 0.883827401
14.135364000 7.368253577 -2.802790116 1.431432477 -0.004662539 -0.446562050 -0.143058394 0.883229807
14.235921000 7.669162070 -2.815745060 1.475801189 0.003876847 -0.448445978 -0.147403025 0.881563114
14.336305000 7.992688118 -2.832459048 1.523553491 -0.003397080 -0.453084052 -0.145713191 0.879471982
14.436339000 8.317866668 -2.843851795 1.584242780 -0.019309203 -0.461737219 -0.135876248 0.876335290
14.536055000 8.638195884 -2.864993565 1.646187237 -0.027201699 -0.472091242 -0.133312333 0.870986653
14.635765000 8.963326182 -2.897563383 1.713640897 -0.031109013 -0.485912921 -0.135487420 0.862881232
14.735700000 9.277246655 -2.938500626 1.779613287 -0.036475288 -0.501952322 -0.136952437 0.853204225
14.835972000 9.590281720 -3.002495081 1.853437014 -0.040754555 -0.517739139 -0.141666580 0.842743039
14.936393000 9.902231100 -3.070921524 1.930834019 -0.051955494 -0.528908924 -0.160924058 0.831660642
15.036778000 10.201378487 -3.142558619 1.991207922 -0.056472776 -0.540808744 -0.170478877 0.821750376
15.137004000 10.494473495 -3.212084637 2.050267662 -0.053431369 -0.555116659 -0.169217846 0.812622855
15.236960000 10.782989733 -3.289729743 2.110648012 -0.050999739 -0.566057287 -0.168300342 0.805390073
15.336588000 11.068145185 -3.372363185 2.171953529 -0.060666839 -0.568686090 -0.184755672 0.799237766
15.436112000 11.347337910 -3.442564617 2.224234077 -0.075076313 -0.567840725 -0.205464067 0.793539523
15.535622000 11.619524091 -3.517152555 2.258681404 -0.063390586 -0.578399416 -0.193592508 0.789909925
15.635182000 11.874201528 -3.585959733 2.298287501 -0.051182589 -0.589881256 -0.177924418 0.785979229
15.734794000 12.151647811 -3.651981005 2.340880993 -0.050556954 -0.593896766 -0.181213755 0.782235387
15.834550000 12.389997658 -3.717285083 2.381491182 -0.054012166 -0.594733489 -0.187072495 0.779986311
15.934466000 12.646902064 -3.780561887 2.423462099 -0.056299269 -0.596733508 -0.190531302 0.777455680
16.034529000 12.920050806 -3.830415247 2.457476599 -0.065279516 -0.596794701 -0.201923296 0.773822753
16.134723000 13.184769770 -3.867008005 2.497342314 -0.072535613 -0.600885663 -0.209944414 0.767853077
16.234855000 13.459634253 -3.894582073 2.530846809 -0.079164212 -0.606514809 -0.218664669 0.760301635
16.334885000 13.716226606 -3.920475866 2.540720611 -0.087859575 -0.612405062 -0.231061991 0.750900187
16.434784000 13.998794169 -3.920297831 2.556213850 -0.091325717 -0.623881569 -0.237050004 0.739079628
16.534597000 14.264754694 -3.913824804 2.558052279 -0.087357827 -0.639803949 -0.235965566 0.726181636
16.634399000 14.520097543 -3.910268368 2.559082831 -0.085635346 -0.655168977 -0.237508693 0.712046220
16.734188000 14.760328179 -3.903456273 2.535095345 -0.093412675 -0.664978115 -0.249477441 0.697738622
16.834069000 15.025079275 -3.874732360 2.509595281 -0.089801286 -0.681478928 -0.248867473 0.682339491
16.934168000 15.271357191 -3.856587246 2.472072580 -0.089184819 -0.698319125 -0.252040228 0.663982072
17.034561000 15.519476725 -3.833975914 2.420560342 -0.095273494 -0.711979485 -0.259815905 0.645371110
17.134937000 15.765132565 -3.806947996 2.359062406 -0.096809608 -0.723828296 -0.265097059 0.629622146
17.235027000 15.988880726 -3.777076580 2.275242618 -0.094151956 -0.735853795 -0.265897671 0.615591610
17.334959000 16.189287634 -3.756108652 2.183620342 -0.064275138 -0.754024869 -0.249660255 0.604139852
17.434761000 16.430582177 -3.720964540 2.092513985 -0.049346550 -0.767775867 -0.243118659 0.590743983
17.534516000 16.663983816 -3.682897223 2.011422745 -0.043691953 -0.779290170 -0.242024352 0.576387073
17.634380000 16.888313325 -3.648959380 1.929798496 -0.038009568 -0.786456282 -0.246296089 0.565137174
17.734332000 17.091169921 -3.629663323 1.853734903 -0.024922960 -0.788206185 -0.265610515 0.554581743
17.834384000 17.311115084 -3.602752949 1.776325585 -0.016322947 -0.791360186 -0.280717322 0.542844731
17.934511000 17.552504913 -3.578426172 1.693275796 -0.007790086 -0.793628726 -0.298314271 0.530189924
18.034686000 17.798248307 -3.568101593 1.602735862 -0.003624145 -0.798871965 -0.309109577 0.515986161
18.134941000 18.055034186 -3.559360512 1.507387262 -0.006589784 -0.808492950 -0.309524457 0.500490094
18.235069000 18.326782329 -3.535061361 1.413069761 -0.011821278 -0.817467327 -0.308708616 0.486113585
18.335130000 18.589369026 -3.525681995 1.310866622 -0.012939341 -0.825245395 -0.309256547 0.472401312
18.435074000 18.863713305 -3.509688712 1.215796622 -0.016800069 -0.832502837 -0.303790626 0.462998962
18.534841000 19.158685343 -3.497416224 1.111049750 -0.017830368 -0.835754750 -0.300722390 0.459088357
18.634440000 19.460503580 -3.486694022 0.996071441 -0.018335930 -0.837128099 -0.302836287 0.455159888
18.734131000 19.749136555 -3.461007909 0.895548609 -0.018317723 -0.840944939 -0.302155492 0.448528849
18.834190000 20.052416222 -3.450307506 0.782216756 -0.016280051 -0.840838399 -0.307546328 0.445130322
18.934245000 20.360744160 -3.432415954 0.673352376 -0.016894169 -0.841771398 -0.306337341 0.444176692
19.034195000 20.673470226 -3.426546063 0.555690190 -0.014326327 -0.840086610 -0.310933313 0.444263119
19.134247000 20.998429230 -3.406969394 0.435586471 -0.014150994 -0.839316476 -0.312149274 0.444871255
19.234173000 21.256430250 -3.381324902 0.344322902 -0.010475556 -0.836091542 -0.319710109 0.445675491
19.333985000 21.499234822 -3.362357370 0.245334186 -0.007863465 -0.834220356 -0.325494595 0.445048124
19.433759000 21.848173021 -3.344212544 0.102574449 -0.008415003 -0.836499677 -0.325827136 0.440493083
19.533647000 22.213694403 -3.289315658 -0.033809289 -0.017088299 -0.844544320 -0.311891412 0.434944397
19.633706000 22.394735722 -3.255208605 -0.101107258 -0.017651492 -0.845106030 -0.315562882 0.431166199
19.733950000 22.756197392 -3.213786893 -0.248025180 -0.022562211 -0.852255334 -0.313572244 0.418119887
19.834351000 23.041814268 -3.189511493 -0.367662997 -0.020621504 -0.854852123 -0.322025355 0.406327790
19.934686000 23.219373001 -3.174001553 -0.450029067 -0.016427745 -0.857761887 -0.321630126 0.400660374
20.034830000 23.420177914 -3.142200675 -0.527313587 -0.015951098 -0.863075512 -0.313024831 0.396057672
20.134939000 23.657244222 -3.099231466 -0.617717977 -0.021952947 -0.866621337 -0.307424058 0.392397725
20.234886000 24.048917316 -3.041339263 -0.775732263 -0.012895978 -0.872411911 -0.295066182 0.389444605
20.334739000 24.443300363 -2.994979749 -0.923484508 -0.018851849 -0.875179134 -0.296524849 0.381810299
20.434606000 24.841435157 -2.966178258 -1.078824628 -0.024543270 -0.876022162 -0.300012767 0.376795885
20.534431000 25.230308266 -2.948989552 -1.232843552 -0.026037112 -0.876232720 -0.301269991 0.375199521
20.634226000 25.608516376 -2.955311097 -1.388997310 -0.026427392 -0.876287347 -0.301275699 0.375040040
20.734107000 25.982289159 -2.963528647 -1.539023182 -0.035925930 -0.871534775 -0.303166486 0.383701116
20.833642000 26.362364586 -2.962893565 -1.693857828 -0.032320511 -0.866522773 -0.301069705 0.396800581
20.933344000 26.736389367 -2.968544397 -1.851123351 -0.029187163 -0.862023048 -0.298149551 0.408865772
21.033510000 27.110260315 -2.965918611 -2.011215390 -0.029418432 -0.858100355 -0.295947193 0.418585231
21.134082000 27.480210099 -2.981315764 -2.165545178 -0.029476793 -0.853409331 -0.295133539 0.428625508
21.234493000 27.853427385 -2.997716900 -2.321587795 -0.028786024 -0.850607651 -0.293841672 0.435080522
21.334830000 28.233450893 -3.017116063 -2.482918482 -0.032015644 -0.849305243 -0.293656722 0.437517237
21.435108000 28.602101344 -3.031755305 -2.637123730 -0.024638654 -0.843745605 -0.305396332 0.440703268
21.535304000 28.976980252 -3.053846387 -2.801896864 -0.020356719 -0.842157347 -0.308675438 0.441674179
21.635417000 29.347865038 -3.064806567 -2.965540372 -0.023351830 -0.845498860 -0.301015572 0.440427060
21.735309000 29.725412826 -3.071955458 -3.121277345 -0.025119350 -0.847684438 -0.298515616 0.437822497
21.834960000 30.087042424 -3.098361325 -3.270446464 -0.023429180 -0.846583092 -0.304849379 0.435677631
21.934563000 30.464348444 -3.114811808 -3.426732786 -0.024415712 -0.847951877 -0.303640248 0.433801899
22.034086000 30.822912821 -3.137827275 -3.569101612 -0.024355008 -0.848374524 -0.304199441 0.432585483
22.133706000 31.192450091 -3.145398561 -3.720677783 -0.021611650 -0.846509855 -0.309740673 0.432451982
22.233351000 31.572930564 -3.149547025 -3.871692519 -0.024919243 -0.849203550 -0.302475955 0.432134999
22.333175000 31.942286350 -3.131524557 -4.018046360 -0.025842280 -0.849530986 -0.300761565 0.432633519
22.433131000 32.317136394 -3.131744107 -4.165787655 -0.021580979 -0.846299134 -0.308354218 0.433854484
22.533192000 32.709012657 -3.126445640 -4.325460020 -0.019708134 -0.846445206 -0.306974500 0.434636354
22.633437000 33.081944306 -3.137412753 -4.471358986 -0.019099816 -0.845722242 -0.311117129 0.433122637
22.733776000 33.458918047 -3.127663237 -4.614641700 -0.016594542 -0.843367448 -0.318058146 0.432775906
22.834133000 33.815022710 -3.127237823 -4.769991535 -0.009955613 -0.839664643 -0.326637692 0.433787958
22.934435000 34.207688280 -3.112611550 -4.922116753 -0.015942345 -0.842356033 -0.321406811 0.432295984
23.034675000 34.584171644 -3.096904232 -5.059689393 -0.017714171 -0.843972518 -0.318324215 0.431354021
23.134907000 34.978853024 -3.084107189 -5.229350144 -0.017689198 -0.843933649 -0.317084261 0.432343221
23.234947000 35.434686437 -3.070675470 -5.375439770 -0.018754436 -0.846416715 -0.312767102 0.430585363
23.334888000 35.828185726 -3.037538625 -5.522678782 -0.022198192 -0.847440887 -0.310464783 0.430073020
23.434722000 36.224062507 -2.985953783 -5.658087101 -0.017465130 -0.843997995 -0.320922136 0.429384835
23.534467000 36.614552086 -2.961592796 -5.817770728 -0.010869977 -0.838515511 -0.334895607 0.429672565
23.634174000 37.036738016 -2.882777731 -5.966695044 -0.009123023 -0.837775102 -0.337082341 0.429447487
23.734130000 37.432093059 -2.824805090 -6.112894706 -0.002252130 -0.831822836 -0.351968046 0.429166857
23.834420000 37.846614357 -2.785877238 -6.277018939 0.014714299 -0.827172897 -0.362817544 0.428872846
23.934808000 38.284815649 -2.729823633 -6.438958979 0.018831782 -0.827459790 -0.364960493 0.426332616
24.035080000 38.725293079 -2.682035066 -6.613690209 0.007616335 -0.830660080 -0.359242259 0.425312617
24.135011000 39.185878404 -2.631004156 -6.803659720 0.001057147 -0.833316856 -0.353529212 0.424969406
24.234668000 39.651510386 -2.578606182 -6.986279878 -0.009438898 -0.840650562 -0.336870609 0.423952512
24.334396000 40.141595341 -2.477517279 -7.178611531 -0.023171071 -0.849622776 -0.317352805 0.420584637
24.434275000 40.613147894 -2.416369193 -7.373598677 -0.026747905 -0.854412782 -0.309171586 0.416744860
24.534289000 41.100671231 -2.349071108 -7.581743937 -0.025219890 -0.857663124 -0.302946327 0.414730570
24.634383000 41.590175801 -2.290748695 -7.799118797 -0.028017431 -0.857703348 -0.304565341 0.413279498
24.734582000 42.041929167 -2.220594233 -7.988700549 -0.023195865 -0.854287537 -0.315653052 0.412332278
24.834952000 42.444864504 -2.175811582 -8.155865510 -0.013245804 -0.858154164 -0.308762743 0.409953104
24.935469000 42.920013570 -2.122968389 -8.367301062 -0.020761029 -0.859202423 -0.311543444 0.405315752
25.035911000 43.390564871 -2.099163968 -8.581339788 -0.026549534 -0.862986936 -0.309766879 0.398237557
25.136321000 43.853873793 -2.098856119 -8.792511963 -0.027859236 -0.866454152 -0.309535462 0.390728631
25.236296000 44.316339860 -2.089206535 -9.009840019 -0.028190634 -0.868698202 -0.308854943 0.386234833
25.335693000 44.784344799 -2.063232105 -9.219796378 -0.027642230 -0.869137577 -0.310707482 0.383792444
25.434876000 45.250901889 -2.039782600 -9.449013432 -0.020363766 -0.867915100 -0.315784112 0.382869548
25.534329000 45.712598842 -2.039223343 -9.660286273 -0.018403436 -0.868963808 -0.313919943 0.382122342
25.634183000 46.182865699 -2.039387285 -9.888972464 -0.023868694 -0.868518064 -0.315046756 0.381906008
25.734190000 46.640292242 -2.047300183 -10.104536540 -0.025256146 -0.869618799 -0.311490133 0.382229208
25.834301000 47.097416191 -2.044739877 -10.316410198 -0.018918763 -0.870515496 -0.308179411 0.383236613
25.934464000 47.553619386 -2.024742434 -10.517900812 -0.019710193 -0.868511636 -0.313251469 0.383630765
26.034681000 48.055184571 -2.013870953 -10.723773712 -0.023230098 -0.867820760 -0.312438532 0.385654838
26.134889000 48.514822824 -1.957800031 -10.932267902 -0.023613250 -0.865004521 -0.317713235 0.387644029
26.234972000 48.961975899 -1.927382166 -11.140841247 -0.018288539 -0.860334962 -0.327906570 0.389828890
26.335124000 49.416473512 -1.893196996 -11.327689415 -0.020292433 -0.861544924 -0.324517444 0.389893561
26.435283000 49.866471956 -1.838104634 -11.551484133 -0.006574371 -0.865778741 -0.311620519 0.391505558
26.535376000 50.357560658 -1.692261608 -11.717763946 0.014243410 -0.867827642 -0.303666970 0.393012316
26.635361000 50.854814713 -1.610341084 -11.902579641 -0.006590264 -0.865228073 -0.309991365 0.394007999
26.735188000 51.323046002 -1.538539961 -12.077010647 -0.018982259 -0.862037149 -0.317708497 0.394452707
26.835116000 51.813195448 -1.454591819 -12.274212048 -0.023908979 -0.861076801 -0.319077152 0.395177016
26.935162000 52.287445657 -1.386541253 -12.443633968 -0.030287880 -0.861961604 -0.315642331 0.395568902
27.035172000 52.760806616 -1.317320566 -12.630686721 -0.031974993 -0.862227558 -0.313358040 0.396671120
27.135221000 53.252154960 -1.176339208 -12.837664151 -0.028253063 -0.862694199 -0.311472630 0.397423307
27.235114000 53.767032617 -1.062055580 -13.079163904 -0.027795236 -0.860713373 -0.316615405 0.397686560
27.335003000 54.227572339 -1.005019966 -13.261322173 -0.026811216 -0.860666360 -0.317234764 0.397362151
27.434910000 54.687272800 -0.948115047 -13.447391095 -0.025480759 -0.860603868 -0.318682615 0.396425409
27.535018000 55.150844115 -0.879316922 -13.633692037 -0.027957522 -0.861933823 -0.316032304 0.395489626
27.635154000 55.584224946 -0.833863714 -13.810601055 -0.029890965 -0.862920893 -0.314049711 0.394774420
27.735031000 56.036735404 -0.765469268 -13.999764867 -0.025904921 -0.863862402 -0.313379822 0.393527347
27.834818000 56.512856548 -0.686716119 -14.205983435 -0.020945645 -0.859440285 -0.327141710 0.392303427
27.934776000 56.942890866 -0.580942616 -14.388233641 -0.020295074 -0.859522504 -0.328623159 0.390916864
28.034971000 57.393410747 -0.540378062 -14.578904490 -0.015106701 -0.860560538 -0.326454882 0.390684731
28.135272000 57.834963797 -0.495488675 -14.762769952 -0.020366770 -0.863736761 -0.318975427 0.389613499
28.235723000 58.250780954 -0.454815143 -14.940857320 -0.023126175 -0.863655933 -0.320421022 0.388450742
28.336109000 58.688803409 -0.402117661 -15.138806731 -0.019801911 -0.865837335 -0.316821943 0.386726582
28.436219000 59.097970500 -0.370662696 -15.303775300 -0.018556250 -0.864191656 -0.323359659 0.385054514
28.535869000 59.495621525 -0.307343973 -15.460013885 -0.014695952 -0.860168008 -0.334693444 0.384545609
28.635294000 59.926234676 -0.222449238 -15.641570200 0.012066053 -0.847914386 -0.363644742 0.385562066
28.734931000 60.377195866 -0.171651260 -15.853120104 0.024347314 -0.841479938 -0.376964506 0.386285494
28.834990000 60.847459584 -0.122611669 -16.028780155 0.011335719 -0.846766978 -0.365875697 0.385995027
28.935167000 61.322826782 -0.038994625 -16.223061979 -0.001960695 -0.851789730 -0.352182190 0.387837746
29.035455000 61.778143763 0.056439675 -16.399678306 0.003556665 -0.854145547 -0.344108123 0.389887592
29.135870000 62.257809828 0.099083307 -16.620651471 -0.000603498 -0.849017149 -0.351889437 0.394136196
29.236011000 62.744372433 0.162983625 -16.857793520 -0.009236913 -0.850118454 -0.340161856 0.401874615
29.335952000 63.222108116 0.239549804 -17.116981128 -0.018038470 -0.852131038 -0.323457143 0.411002171
29.435621000 63.689561994 0.336422214 -17.326543385 -0.018123984 -0.850710757 -0.313236826 0.421717228
29.535138000 64.191530431 0.427328587 -17.592833264 -0.002876064 -0.848307755 -0.310724629 0.428737548
29.635287000 64.704379658 0.538538314 -17.817127118 0.047500345 -0.855966831 -0.276309850 0.434416123
29.735885000 65.214013009 0.614369213 -18.006093755 0.040960101 -0.852959703 -0.269129203 0.445366688
29.836001000 65.727369284 0.695540965 -18.214777299 0.019063743 -0.847969834 -0.276935597 0.451542256
29.936158000 66.273376637 0.759638203 -18.400351939 0.008025188 -0.844829408 -0.281753119 0.454768125
30.036431000 66.801920828 0.835209155 -18.581039298 -0.017285745 -0.839780250 -0.294317652 0.455902900
30.136755000 67.304715652 0.903527377 -18.776180875 -0.027418031 -0.836602742 -0.298823268 0.458310765
30.236918000 67.832832499 0.964020223 -18.971103312 -0.029646564 -0.835191924 -0.299374697 0.460380627
30.336961000 68.352049474 1.023403944 -19.149342410 -0.030434056 -0.834367427 -0.299904389 0.461478192
30.436829000 68.867919055 1.067373877 -19.339900614 -0.026883230 -0.833650111 -0.299989501 0.462937451
30.536560000 69.389587789 1.123903275 -19.522659956 -0.024331594 -0.833687614 -0.300510397 0.462673143
30.636253000 69.883908598 1.154171936 -19.704572542 -0.030713874 -0.833958913 -0.301193328 0.461358613
30.735943000 70.420085296 1.209151267 -19.907937597 -0.030396001 -0.834838469 -0.301820267 0.459374946
30.835656000 70.918934138 1.246164244 -20.095042900 -0.031838796 -0.836168896 -0.303381843 0.455815013
30.935376000 71.419288446 1.281146520 -20.295070029 -0.033201052 -0.836796128 -0.305185579 0.453356033
31.035100000 71.914711885 1.303566474 -20.498825592 -0.032739824 -0.837118254 -0.306981941 0.451578588
31.134947000 72.375735982 1.321178335 -20.686852570 -0.030474542 -0.836176209 -0.310882931 0.450813102
31.234773000 72.855347624 1.331883702 -20.898964533 -0.029824694 -0.836537840 -0.309882899 0.450874172
31.334827000 73.374132853 1.374413037 -21.122022644 -0.029721443 -0.837963612 -0.307078475 0.450151565
31.434994000 73.872850842 1.423295091 -21.344418357 -0.018880706 -0.840800689 -0.299843940 0.450323586
31.535243000 74.342630970 1.447442797 -21.549124569 -0.016618983 -0.838159743 -0.308713930 0.449341478
31.635580000 74.847400321 1.462172623 -21.750826470 -0.021859776 -0.837606884 -0.311407119 0.448288372
31.735921000 75.329688068 1.506575925 -21.956239162 -0.022218876 -0.837710669 -0.311593236 0.447947332
31.836272000 75.833771593 1.557236834 -22.170708020 -0.025888810 -0.839067192 -0.308091827 0.447633156
31.936620000 76.327686467 1.598518994 -22.382863614 -0.028977779 -0.839482237 -0.306932800 0.447461862
32.037011000 76.801923818 1.625069241 -22.591134335 -0.027837273 -0.840007362 -0.305734231 0.447369308
32.137435000 77.245649532 1.692326561 -22.750563485 -0.020230226 -0.836735498 -0.315601523 0.447057181
32.237544000 77.690279225 1.710399490 -22.948047877 -0.007669041 -0.824925120 -0.347146746 0.446014428
32.337501000 78.178693888 1.786251372 -23.149610342 -0.007969658 -0.826584588 -0.345368280 0.444314251
32.437339000 78.652389073 1.848808990 -23.359581015 -0.003327334 -0.824985273 -0.350791677 0.443095279
32.536878000 79.138833117 1.927221284 -23.566348334 -0.013788545 -0.832935356 -0.333009282 0.441739048
32.636322000 79.621290526 1.995124863 -23.779610502 -0.022243793 -0.839129026 -0.317931000 0.440780637
32.735698000 80.132467681 2.071754398 -24.001170710 -0.026007852 -0.842135023 -0.309970949 0.440511301
32.835284000 80.619660237 2.143358414 -24.226848621 -0.029259075 -0.842441251 -0.307348080 0.441558381
32.935217000 81.097406420 2.206893981 -24.444665608 -0.031322321 -0.842017447 -0.306321148 0.442936661
33.035457000 81.570663348 2.303553527 -24.663810353 -0.018832543 -0.839324870 -0.311626863 0.445048083
33.135826000 82.033498824 2.395584847 -24.882787567 0.017128251 -0.839551177 -0.306328372 0.448356302
33.236047000 82.550920989 2.459988953 -25.108563664 0.062322888 -0.843220803 -0.285613300 0.451131443
33.336064000 83.046687360 2.541796365 -25.304705900 0.084549364 -0.849582349 -0.260303593 0.450891646
33.436056000 83.550886199 2.616483352 -25.465176418 0.098284020 -0.851191502 -0.254400582 0.448434636
33.536068000 84.104593374 2.658269678 -25.609193425 0.082780894 -0.851239529 -0.264704623 0.445499776
33.636210000 84.628934850 2.722669694 -25.748627180 0.078637047 -0.855394302 -0.255010447 0.443944225
33.736338000 85.224854476 2.763219452 -25.833213702 0.075225090 -0.857446284 -0.254917579 0.440617843
33.836526000 85.846228875 2.803193077 -25.928497520 0.012899396 -0.852786371 -0.286323858 0.436586371
33.936459000 86.411240456 2.837964965 -26.016018399 -0.015037637 -0.849960121 -0.299841601 0.432939577
34.036345000 86.991935964 2.854691596 -26.089455394 -0.033338268 -0.847743180 -0.310709766 0.428578466
34.136269000 87.143747951 2.862069201 -26.112978612 -0.043957566 -0.846379882 -0.314404568 0.427619685
34.236087000 87.686930134 2.887027794 -26.199057706 -0.066670990 -0.842341567 -0.322947363 0.426287068
34.335903000 88.199108141 2.944947352 -26.351396231 -0.093446022 -0.838774277 -0.327610565 0.424731529
34.435698000 88.694291660 3.029543882 -26.487056826 -0.030154770 -0.851663662 -0.302686509 0.426779304
34.535840000 89.182722932 3.101751552 -26.625466136 0.003912752 -0.857398634 -0.293615104 0.422661146
34.636266000 89.664962738 3.178055250 -26.778802040 0.017466741 -0.862255901 -0.292704704 0.412957177
34.736458000 90.143063416 3.224672724 -26.930435160 0.022194547 -0.867107025 -0.293163744 0.402104251
34.836388000 90.614896482 3.254740988 -27.089880620 0.025297929 -0.870002461 -0.294315780 0.394758096
34.935994000 91.085511098 3.273096814 -27.251594508 0.026570581 -0.872510152 -0.294287233 0.389120885
35.035695000 91.528378199 3.275173079 -27.412788746 0.026224026 -0.874605687 -0.294654609 0.384129996
35.135696000 91.979673741 3.277104831 -27.569137330 0.025197568 -0.877410821 -0.295511449 0.377078662
35.235515000 92.440039752 3.256436639 -27.735780607 0.025348480 -0.881379829 -0.296083937 0.367234740
35.335481000 92.896103249 3.258199983 -27.904124659 0.023517837 -0.884198626 -0.297353064 0.359473025
35.435483000 93.368223747 3.227829911 -28.089266616 0.024614802 -0.884565275 -0.302099326 0.354505829
35.535420000 93.807260257 3.209953999 -28.271632187 0.023610918 -0.885255334 -0.301746548 0.353149456
35.635223000 94.260920263 3.196278928 -28.456330240 0.023821485 -0.886801373 -0.298268587 0.352209756
35.735028000 94.697312538 3.172158014 -28.634023503 0.023163217 -0.887491034 -0.296870085 0.351697714
35.834915000 95.155522430 3.146991978 -28.830244238 0.024931940 -0.887888004 -0.295805705 0.351471587
35.934961000 95.575233331 3.132954715 -29.026901929 0.025116798 -0.888104245 -0.295072429 0.351528459
36.035134000 96.033300189 3.112093891 -29.229585837 0.026166756 -0.888968072 -0.294275580 0.349932780
36.135517000 96.477235405 3.065983951 -29.396940719 0.027307208 -0.889220081 -0.295318473 0.348323074
36.235712000 96.906742932 3.022804529 -29.601186759 0.027266715 -0.889429243 -0.295230136 0.347866805
36.335740000 97.389292015 3.015652611 -29.799431188 0.027805130 -0.890173195 -0.294527896 0.346513889
36.435496000 97.843636177 2.969844868 -29.960064796 0.023719848 -0.892354737 -0.295834414 0.340032926
36.535285000 98.295970572 2.889866903 -30.144874518 -0.017576295 -0.892462020 -0.311178330 0.326145158
36.635175000 98.676483867 2.849253241 -30.329631547 -0.036447280 -0.899523295 -0.309401150 0.306268455
36.735054000 99.115159822 2.828319538 -30.546465162 -0.022140414 -0.906734743 -0.310309259 0.284692943
36.835293000 99.500738426 2.819866006 -30.763466689 0.002878229 -0.913645437 -0.305798649 0.267826283
36.935668000 99.887361440 2.790366865 -30.965949395 0.022726558 -0.918026134 -0.304503396 0.252960873
37.035841000 100.327357037 2.763861963 -31.157547157 0.030903159 -0.922580795 -0.303336938 0.236381839
37.135794000 100.666940497 2.753951412 -31.367302801 0.033111665 -0.926577508 -0.302239535 0.221379769
37.235575000 101.001782387 2.775218783 -31.563241824 0.032788409 -0.929913082 -0.302990673 0.205871884
37.335320000 101.373495309 2.619543516 -31.670070152 0.031531436 -0.932244990 -0.304339126 0.193139179
37.434923000 101.749244145 2.437429559 -31.710554981 0.032409155 -0.934243165 -0.304763593 0.182369150
37.534561000 102.105021507 2.427976402 -31.872866673 0.033058461 -0.935431356 -0.303427295 0.178345713
37.634233000 102.455731508 2.440131797 -32.033654680 0.031955249 -0.935950974 -0.303395299 0.175857697
37.734269000 102.869766358 2.505979845 -32.235553420 0.033121992 -0.936337787 -0.304926501 0.170863431
37.834550000 103.227826474 2.645485581 -32.487073224 0.033783819 -0.936552417 -0.305210372 0.169040979
37.934710000 103.665357722 2.659833159 -32.626033900 0.017609776 -0.936669849 -0.308250975 0.165290129
38.034627000 104.055887566 2.750811845 -32.791070617 -0.042196740 -0.933322932 -0.316964097 0.163283498
38.134443000 104.474365774 2.901140619 -32.995549068 -0.087589385 -0.928011296 -0.324106478 0.161487230
38.234064000 104.828146563 3.011805643 -33.205627464 -0.105841630 -0.924908549 -0.326298107 0.163924591
38.333714000 105.144686015 3.182655763 -33.432625950 -0.090337904 -0.926344832 -0.323901543 0.169741293
38.433658000 105.403772494 3.363823549 -33.678583829 -0.073054471 -0.928321515 -0.321092239 0.172574572
38.533874000 105.615780503 3.541980734 -33.915730925 -0.032178403 -0.932251660 -0.315034585 0.174998867
38.634055000 105.864187527 3.838520366 -34.109673485 0.012531280 -0.930218100 -0.322478443 0.174771012
38.734305000 106.111271919 4.046938470 -34.328302075 0.033805869 -0.924509417 -0.338377223 0.172163745
38.834532000 106.359903212 4.244297012 -34.540404134 0.041165304 -0.924657913 -0.338601610 0.169298881
38.934718000 106.575988673 4.456855709 -34.727292004 0.042223517 -0.928000673 -0.330082278 0.167563763
39.034715000 106.797197547 4.684460737 -35.022397804 0.042637676 -0.929478672 -0.326533725 0.166214176
39.134702000 107.028275935 4.905821221 -35.232376598 0.041566741 -0.931212366 -0.321738309 0.166133070
39.234548000 107.255724742 5.146701573 -35.421530329 0.042488467 -0.927570651 -0.332430621 0.165218946
39.334511000 107.486926616 5.335167732 -35.624857174 0.041985359 -0.922018284 -0.350338476 0.159318753
39.434784000 107.780638785 5.518803747 -35.861723752 0.019536067 -0.921176297 -0.356960824 0.153725541
39.534750000 107.993732402 5.746964186 -36.103312871 -0.023123046 -0.924812497 -0.348736539 0.150233142
39.634591000 108.166378757 5.985696033 -36.377231418 -0.003355995 -0.925245901 -0.345962579 0.155623437
39.734346000 108.411040033 6.193738190 -36.667686756 0.013700095 -0.932080439 -0.325779314 0.157816986
39.833992000 108.699263079 6.367564215 -36.869477090 0.000014760 -0.937156476 -0.312724209 0.154729793
39.933569000 108.910619479 6.569410953 -37.132001429 -0.033181147 -0.937921046 -0.310143053 0.151705010
40.033191000 109.116370508 6.759889093 -37.406812025 -0.050243671 -0.938848634 -0.308348696 0.144775338
40.133205000 109.265397546 6.912934627 -37.663523650 -0.063676386 -0.939914955 -0.305291977 0.138931652
40.233134000 109.433811965 7.073538677 -37.942519279 -0.032025299 -0.942817863 -0.302682879 0.135837892
40.333185000 109.577938869 7.221776462 -38.224456235 0.004332864 -0.943198210 -0.304423005 0.132984950
40.433237000 109.751494737 7.360127237 -38.508184597 0.022123537 -0.945132588 -0.300368569 0.126545104
40.533130000 109.898736829 7.495928728 -38.776554355 0.027797951 -0.946100490 -0.298913424 0.121539711
40.632976000 110.018853325 7.605009936 -39.046962357 0.023003437 -0.946633779 -0.298715569 0.118845866
40.732882000 110.210328899 7.732384701 -39.271463330 0.020827777 -0.946576536 -0.300146097 0.116066301
40.832950000 110.324466726 7.923759165 -39.593187361 0.026821118 -0.942842028 -0.311267611 0.115939693
40.933150000 110.441644969 8.115437671 -39.938759159 0.019359867 -0.941928180 -0.313640049 0.118433183
41.033403000 110.554831050 8.229812882 -40.193243502 -0.002694172 -0.943113892 -0.310025473 0.120054712
41.133579000 110.659456107 8.421157550 -40.498854935 0.009606875 -0.942288206 -0.311404706 0.122587740
41.233713000 110.795104667 8.557822275 -40.767099506 0.021582706 -0.943697557 -0.305237223 0.125695445
41.333851000 110.968314188 8.666905888 -41.022227138 0.014814863 -0.945148862 -0.301599762 0.124546104
41.434033000 111.154367620 8.759694177 -41.270127931 -0.022200011 -0.945556789 -0.303380699 0.115713739
41.534156000 111.279380071 8.859085792 -41.534851091 -0.078677018 -0.942204225 -0.307031773 0.108593807
41.634245000 111.356057571 8.951776344 -41.784088319 -0.117322696 -0.939018354 -0.305460477 0.105706258
41.734176000 111.424170956 9.025077128 -42.032964606 -0.111627934 -0.939194342 -0.307231603 0.105175730
41.834057000 111.487074151 9.148010068 -42.293347079 -0.074304959 -0.943410622 -0.306371151 0.102916908
41.933965000 111.511032354 9.298716471 -42.549612075 -0.063446858 -0.945288233 -0.304633076 0.097996638
42.033842000 111.516640687 9.405149206 -42.817172370 -0.009097752 -0.949731876 -0.298094064 0.095218290
42.133998000 111.502590612 9.554139187 -43.097233546 0.015561200 -0.951561942 -0.293024234 0.091785175
42.234316000 111.514470764 9.697933213 -43.347356406 0.026165058 -0.951208755 -0.294817253 0.087178446
42.334629000 111.509067638 9.853082485 -43.575178493 0.034101956 -0.940517382 -0.327889909 0.082172487
42.434867000 111.510950460 9.968311271 -43.860204292 0.033312605 -0.941660263 -0.325105145 0.080454111
42.535128000 111.535203441 10.108690888 -44.094310384 0.052760504 -0.943196053 -0.317847370 0.081059143
42.635421000 111.562599037 10.274378566 -44.334738943 0.067816989 -0.948629479 -0.297583508 0.083348808
42.735763000 111.601631291 10.429350553 -44.552100087 0.059499969 -0.950467548 -0.293162650 0.084420702
42.836087000 111.641469935 10.573781323 -44.786616871 0.054951883 -0.948548219 -0.300312530 0.083958036
42.936376000 111.681697372 10.710652706 -45.024944811 0.043108925 -0.949922250 -0.297765060 0.084411538
43.036487000 111.735851540 10.859738259 -45.249748143 0.032297829 -0.951974196 -0.292082706 0.085963209
43.136341000 111.839737583 10.977747856 -45.436810767 0.029356072 -0.945267532 -0.313566187 0.085344943
43.235901000 111.921669274 11.049038669 -45.619230488 0.028425405 -0.942037932 -0.322879269 0.086634340
43.335375000 111.975610437 11.153506346 -45.796493672 0.025903475 -0.945657284 -0.311373904 0.090042225
43.434817000 112.044128326 11.240072641 -46.007903311 0.026893333 -0.945706241 -0.310414820 0.092515373
43.534332000 112.085097392 11.398730555 -46.186643193 0.029723839 -0.934333303 -0.342777639 0.092958388
43.633905000 112.132264321 11.482232185 -46.358002514 0.028488492 -0.933032443 -0.346358687 0.093137136
43.733590000 112.238710057 11.570755937 -46.579000797 0.030045698 -0.931052273 -0.351447435 0.093400326
43.833480000 112.294347319 11.660540764 -46.756095806 0.029571170 -0.931687511 -0.349195591 0.095636645
43.933771000 112.363199028 11.768060231 -47.061112306 0.031158225 -0.922628948 -0.371464724 0.098989632
44.034226000 112.464001125 11.879655271 -47.337412771 0.030024600 -0.926722691 -0.360689743 0.100928127
44.134649000 112.582524732 11.986797978 -47.664309922 0.029408786 -0.927886042 -0.357340096 0.102326301
44.234605000 112.688320145 12.127173113 -47.972394477 0.026406753 -0.933090065 -0.342932378 0.105085671
44.334415000 112.824233852 12.208534701 -48.330521486 0.025872626 -0.939088844 -0.325191702 0.108134668
44.434097000 112.950355060 12.320567769 -48.671450622 0.022244215 -0.947280498 -0.299713879 0.111069541
44.533793000 113.113911361 12.452175630 -48.975563980 0.005687667 -0.953604778 -0.279942091 0.110625509
44.633678000 113.255201551 12.538789599 -49.294375432 -0.012168434 -0.952157552 -0.285072177 0.109461315
44.733707000 113.335209748 12.653023628 -49.618275480 -0.038125057 -0.951393234 -0.285714101 0.108465877
44.833787000 113.446373137 12.754380917 -49.927752988 -0.005394535 -0.952355975 -0.285362006 0.107505913
44.933890000 113.559248357 12.835160347 -50.249998263 0.012663969 -0.952991778 -0.284100434 0.104562125
45.034015000 113.661902544 12.902041575 -50.564295413 0.021189493 -0.953080740 -0.284670605 0.100750956
45.134339000 113.744429711 12.967009333 -50.875282706 0.022597977 -0.952916988 -0.286189679 0.097642275
45.234503000 113.787090311 13.014475348 -51.165855187 0.024602076 -0.950558073 -0.293870442 0.097335765
45.334713000 113.893521174 13.079616520 -51.471758537 0.023890060 -0.951817215 -0.290377609 0.095677058
45.434748000 114.033549850 13.167620268 -51.757371038 0.025590237 -0.951048755 -0.293569015 0.093105527
45.534582000 114.072464386 13.223482617 -51.972326080 0.024196149 -0.951546687 -0.291008657 0.096371211
45.634333000 114.166450295 13.290314817 -52.266522729 0.024527512 -0.950787029 -0.292488961 0.099260434
45.734132000 114.282013745 13.376700001 -52.514798885 0.025225050 -0.946488026 -0.305597278 0.100669837
45.833970000 114.363733906 13.444530645 -52.768810538 0.024959083 -0.940179662 -0.323413269 0.104130231
45.934065000 114.472489393 13.518526736 -53.043241480 0.027241244 -0.936456412 -0.332472903 0.108485356
46.034169000 114.613470615 13.593632009 -53.333317770 0.030013092 -0.931891178 -0.343650087 0.112172476
46.134502000 114.747920294 13.655658473 -53.626872891 0.030886022 -0.928874229 -0.351149359 0.113722684
46.234844000 114.885911313 13.725459981 -53.933525549 0.023631840 -0.925937931 -0.359094461 0.114593422
46.335030000 115.005296466 13.768325809 -54.275218443 0.009182111 -0.932032710 -0.343347247 0.115513568
46.435040000 115.163507958 13.872835572 -54.616620569 0.008334489 -0.944414878 -0.307705027 0.115449950
46.535062000 115.275789462 13.960260748 -54.952408189 0.012959177 -0.948927745 -0.292912023 0.116493524
46.634888000 115.378442775 14.026471300 -55.306061224 0.015641507 -0.950721975 -0.286216753 0.118165305
46.734527000 115.511634406 14.089533341 -55.640742647 0.016123238 -0.951839495 -0.281935426 0.119390251
46.834115000 115.647361986 14.204576530 -55.980807006 0.016404929 -0.952333343 -0.279802221 0.120427568
46.933856000 115.780962349 14.293396265 -56.318388844 0.016119428 -0.941955922 -0.313182133 0.119900611
47.033881000 115.899030688 14.358460398 -56.673199462 0.018917316 -0.930312958 -0.345299126 0.122182031
47.134109000 116.040681170 14.411009193 -57.040233059 0.024848683 -0.927175358 -0.351792112 0.126375269
47.234293000 116.204615727 14.458456764 -57.374738969 0.026341964 -0.927066235 -0.350748753 0.129728985
47.334488000 116.314890255 14.519180981 -57.743269292 0.025098554 -0.927362711 -0.347824012 0.135598384
47.434426000 116.427942769 14.615143920 -58.079577118 0.024979262 -0.926901065 -0.347045497 0.140676495
47.534350000 116.541780965 14.679370521 -58.375295261 0.026392090 -0.922437954 -0.358308167 0.141516559
47.634381000 116.666979867 14.809977904 -58.806322182 0.027796406 -0.918951338 -0.366238910 0.143613571
47.734575000 116.851881556 14.889477556 -59.219655766 0.027173128 -0.917670133 -0.369406996 0.143811055
47.834980000 117.012474535 14.987025711 -59.625987299 0.028751559 -0.918587209 -0.364464358 0.150122011
47.935351000 117.190071505 15.096477924 -60.109766781 0.028575606 -0.920740825 -0.356410543 0.156177121
48.035599000 117.439973954 15.274684611 -60.567023126 0.022848929 -0.934622541 -0.317991090 0.157608054
48.136029000 117.649300525 15.445231085 -61.025196004 0.016134615 -0.944039078 -0.288490250 0.159070012
48.236130000 117.835360548 15.576565108 -61.421208208 0.013936468 -0.948759709 -0.273291792 0.158026537
48.336167000 118.040942873 15.706200927 -61.830219164 0.012535606 -0.950266977 -0.269488192 0.155600915
48.436247000 118.244556056 15.842366144 -62.238275586 0.014561621 -0.951148225 -0.267704834 0.153098450
48.536351000 118.441572219 15.985669682 -62.642769655 0.011942456 -0.951804008 -0.267067581 0.150337672
48.636353000 118.656266436 16.133268485 -63.019667555 0.012752286 -0.952442446 -0.266747243 0.146753788
48.736251000 118.869718333 16.289392530 -63.422539998 0.019830504 -0.953107145 -0.266083770 0.142803881
48.836072000 119.069350847 16.427456228 -63.779375748 0.014776289 -0.952510273 -0.269588022 0.140812428
48.935879000 119.268715049 16.531711585 -64.112057638 0.013056824 -0.951597954 -0.272696211 0.141165260
49.035744000 119.462661212 16.648329915 -64.443482571 0.010760274 -0.950627890 -0.274443576 0.144469910
49.135606000 119.680256023 16.797081673 -64.794659929 0.011668713 -0.949568706 -0.274316507 0.151438331
49.235286000 119.894891962 16.938617294 -65.153153821 0.013782469 -0.946861752 -0.274961902 0.166309407
49.334894000 120.122133345 17.054916016 -65.438242502 0.014314504 -0.943318970 -0.273365851 0.187658006
49.434450000 120.312062590 17.175183678 -65.724546953 0.013891971 -0.938766357 -0.273319097 0.209335641
49.534154000 120.520455014 17.322442171 -66.013483711 0.012686224 -0.934517994 -0.272150002 0.229018677
49.634480000 120.721459828 17.478707356 -66.313662835 0.013435899 -0.930237752 -0.271277411 0.246750414
49.735334000 120.930949799 17.631625436 -66.561197951 0.014276330 -0.927070467 -0.270240229 0.259435453
49.836340000 121.148213233 17.787250196 -66.829292189 0.013031061 -0.924985337 -0.267984812 0.269103062
49.936987000 121.388198376 17.954498383 -67.088897281 0.011231808 -0.924109188 -0.266687007 0.273448523
50.037160000 121.598045779 18.105029925 -67.355740032 0.010610399 -0.923173208 -0.266953293 0.276359526
50.137073000 121.826630567 18.284890035 -67.652281125 0.012573550 -0.922477051 -0.267314936 0.278245794
50.236609000 122.021441042 18.427000262 -67.915183867 0.011238918 -0.922234124 -0.263379934 0.282823120
50.335836000 122.239502942 18.548332244 -68.184219822 0.012040811 -0.920060225 -0.267880243 0.285629790
50.435087000 122.481387752 18.672175595 -68.448893167 0.011482934 -0.918978794 -0.270292616 0.286858884
50.534290000 122.708380137 18.800688175 -68.716952760 0.012845878 -0.918674613 -0.269231597 0.288766837
50.633573000 122.947519539 18.946272950 -69.001696852 0.012736456 -0.917873853 -0.270173457 0.290433598
50.733109000 123.178393441 19.054355282 -69.230801189 0.013256736 -0.917559565 -0.270820816 0.290800258
50.832800000 123.397641386 19.153213708 -69.441791880 0.011911096 -0.916992768 -0.269805458 0.293576914
50.932707000 123.613950639 19.220183088 -69.661714682 0.011241671 -0.915520795 -0.270130521 0.297867086
51.032939000 123.849115964 19.301676325 -69.878032450 0.011128129 -0.914549761 -0.269670954 0.301251515
51.133514000 124.086418301 19.383154978 -70.098714700 0.011636214 -0.912228567 -0.268317972 0.309368883
51.233829000 124.308623885 19.471816635 -70.311852927 0.011278462 -0.908240289 -0.268205622 0.320995512
51.334005000 124.523503396 19.578895042 -70.542087350 0.027214394 -0.906178242 -0.261591477 0.331165019
51.434093000 124.741015126 19.630936484 -70.665043161 0.031320942 -0.904363285 -0.260322353 0.336716972
51.534109000 124.961859170 19.697122502 -70.842229451 0.021273623 -0.902533787 -0.263228317 0.340133870
51.633761000 125.193406153 19.756558021 -71.033718373 0.008376595 -0.907751617 -0.242008208 0.342562200
51.733159000 125.410366678 19.835068061 -71.206089161 0.003043931 -0.909715468 -0.235340492 0.342086764
51.832641000 125.626248976 19.927961168 -71.371728968 0.003309757 -0.909352408 -0.240029826 0.339783647
51.932205000 125.844978967 19.984676377 -71.548791443 0.006260146 -0.907062629 -0.253809008 0.335826123
52.031845000 126.068975442 20.026959197 -71.725629212 0.007395483 -0.906524808 -0.261303066 0.331479693
52.131776000 126.294895067 20.068079434 -71.896754178 0.003937255 -0.910999783 -0.250904852 0.327277634
52.231622000 126.506594672 20.106039194 -72.056681085 0.006241311 -0.911147920 -0.253629228 0.324719460
52.331485000 126.728300705 20.133691765 -72.222530838 0.009086006 -0.909367474 -0.260787663 0.323972276
52.431365000 126.924455887 20.142935490 -72.378345328 0.011589517 -0.905749265 -0.264319777 0.331087612
52.531000000 127.125241222 20.169854471 -72.544321648 0.012937524 -0.901343331 -0.264241537 0.342912861
52.630457000 127.307475099 20.145119815 -72.654377109 0.013752938 -0.895988973 -0.262571947 0.357869515
52.729843000 127.491018517 20.145546935 -72.800581732 0.013432319 -0.890455644 -0.261318727 0.372318199
52.829442000 127.688661434 20.130985744 -72.925144110 0.017343663 -0.886055724 -0.259358592 0.383845765
52.929337000 127.877689596 20.150717644 -73.107696299 0.024976225 -0.879884435 -0.255175824 0.400081076
53.029625000 128.069194633 20.146167070 -73.236052084 0.055978368 -0.875957027 -0.239438036 0.415012212
53.130363000 128.284929124 20.151751905 -73.341433629 0.083861807 -0.870795616 -0.222291877 0.430428292
53.230914000 128.541287102 20.162256757 -73.417237942 0.080045089 -0.864862352 -0.220162082 0.443998372
53.331283000 128.787386276 20.171852598 -73.500974333 0.044616643 -0.860507305 -0.225473907 0.454640572
53.431397000 129.034719293 20.235939653 -73.559095520 0.016999810 -0.856499960 -0.224793280 0.464313263
53.531255000 129.253896589 20.260818291 -73.620562981 0.009875966 -0.850532782 -0.232864753 0.471455680
53.631072000 129.429632670 20.221957752 -73.664995275 0.010548771 -0.846030261 -0.241413787 0.475227213
53.731066000 129.597580164 20.234558489 -73.697271100 0.004087232 -0.846558809 -0.233398031 0.478379386
53.831039000 129.803461394 20.255764651 -73.726898867 0.008816554 -0.844251894 -0.240973555 0.478636348
53.931173000 129.991795390 20.263105352 -73.761409312 0.010824948 -0.843513813 -0.244255591 0.478232657
54.031587000 130.197191322 20.266862590 -73.805406638 0.007582510 -0.846284307 -0.237728057 0.476687265
54.132189000 130.408230636 20.265521886 -73.841532737 -0.001898303 -0.852307767 -0.220379593 0.474342388
54.232617000 130.585201292 20.272308844 -73.843971530 -0.006301344 -0.855485378 -0.213638155 0.471660683
54.332925000 130.751483947 20.287178558 -73.853034462 -0.004737101 -0.854356204 -0.218005390 0.471727344
54.432997000 130.901683136 20.279441746 -73.885985558 0.002315704 -0.850145298 -0.221645367 0.477620080
54.532685000 131.064518671 20.285263252 -73.899179104 0.023831781 -0.846063139 -0.208026083 0.490239085
54.632050000 131.243112919 20.286991467 -73.913584415 0.019267610 -0.840299867 -0.199389396 0.503754664
54.731665000 131.374166635 20.309700924 -73.883949372 -0.004793117 -0.836597344 -0.184836618 0.515671731
54.831600000 131.540285392 20.338824728 -73.878102583 -0.006532802 -0.828541955 -0.198001336 0.523708910
54.931640000 131.672757469 20.361362446 -73.858134745 -0.001066593 -0.822380080 -0.211331514 0.528231822
55.031715000 131.818300306 20.404443163 -73.847980431 0.004701066 -0.818003804 -0.223099016 0.530164603
55.131868000 131.899215750 20.428584695 -73.811878203 0.000532190 -0.819235033 -0.218416496 0.530233828
55.231799000 131.996438618 20.473105465 -73.748899769 -0.010808860 -0.824231674 -0.200944526 0.529288782
55.331722000 132.071190581 20.524946097 -73.663744427 -0.014770658 -0.827845231 -0.191144158 0.527179298
55.431773000 132.152426420 20.569134887 -73.581384663 -0.012646544 -0.830080261 -0.189149114 0.524432491
55.531874000 132.226065734 20.637075910 -73.493634475 -0.010173189 -0.831599202 -0.189344558 0.522003747
55.631805000 132.269537153 20.681793890 -73.422882093 -0.007254795 -0.831407164 -0.195794747 0.519974915
55.731613000 132.292565233 20.730915693 -73.322707631 0.001488173 -0.836106630 -0.181271184 0.517749212
55.831420000 132.291085777 20.819525312 -73.168154973 0.004222714 -0.833347698 -0.198731652 0.515770795
55.931328000 132.306932258 20.863363931 -73.031223767 0.007523037 -0.827540993 -0.225481067 0.514079369
56.031388000 132.314752973 20.895087019 -72.884568054 0.010436668 -0.825539527 -0.236630902 0.512231766
56.131610000 132.346322053 20.930658707 -72.752762376 0.013006005 -0.825291764 -0.240943859 0.510558914
56.231848000 132.394321473 20.952963988 -72.660842673 0.012327468 -0.825761011 -0.243198706 0.508744705
56.332119000 132.448535764 20.979549156 -72.535539303 0.012160919 -0.827664229 -0.244493575 0.505021711
56.432579000 132.509464930 20.978606735 -72.439585610 0.012175452 -0.827783379 -0.244918356 0.504620089
56.532944000 132.571827984 20.969717985 -72.316204635 0.011484609 -0.827378727 -0.243298492 0.506081406
56.633213000 132.658893253 20.944367687 -72.242520650 0.012483282 -0.825732086 -0.242662863 0.509043637
56.733266000 132.729294196 20.908984454 -72.156127086 0.011355363 -0.823527411 -0.241152992 0.513340913
56.833210000 132.815426629 20.878653220 -72.077092158 0.010696931 -0.820074888 -0.239064112 0.519818337
56.933104000 132.895678411 20.840612030 -71.982250592 0.012413551 -0.816444542 -0.237289843 0.526267750
57.033014000 132.964905799 20.793944639 -71.888908021 0.013577081 -0.813173504 -0.236004376 0.531851906
57.132813000 133.066238720 20.761188899 -71.805884282 0.013471645 -0.809846513 -0.235005744 0.537344806
57.232484000 133.163436597 20.728633786 -71.717005839 0.012249072 -0.805955285 -0.233862196 0.543686041
57.332344000 133.260773047 20.690440224 -71.626763608 0.010473860 -0.801231422 -0.230547122 0.552056638
57.432174000 133.351858463 20.646683522 -71.536919903 0.010407945 -0.797955176 -0.229903939 0.557048822
57.532117000 133.432243481 20.578606619 -71.444234033 0.009412509 -0.796121645 -0.230017690 0.559637020
57.631948000 133.520754142 20.512589842 -71.355388170 0.009803094 -0.795266046 -0.230313108 0.560724252
57.731580000 133.617648600 20.449296593 -71.267962927 0.009641867 -0.795010702 -0.230333349 0.561080713
57.831107000 133.720332952 20.386091680 -71.183738830 0.009941523 -0.794791887 -0.230646845 0.561256675
57.930559000 133.808486312 20.308831742 -71.098398705 0.011067585 -0.794562990 -0.231325614 0.561280343
58.029978000 133.921970762 20.238429306 -71.006355394 0.007100529 -0.794986676 -0.233688939 0.559763563
58.129543000 134.033779461 20.157224751 -70.916068549 -0.025823297 -0.793144859 -0.254333223 0.552782961
58.229213000 134.113455269 20.067373082 -70.848677843 -0.059883314 -0.792224651 -0.274209548 0.541851654
58.329179000 134.182766698 20.014198246 -70.798336817 -0.070301370 -0.796150033 -0.280930905 0.531300921
58.429478000 134.260923580 19.956055492 -70.744460817 -0.053547943 -0.805155207 -0.273429155 0.523540074
58.529999000 134.330474249 19.910169436 -70.713219582 -0.019672360 -0.814991190 -0.255439732 0.519762352
58.630392000 134.415008072 19.863968478 -70.681521344 0.001931048 -0.823386696 -0.245285442 0.511728124
58.730682000 134.494345590 19.807772110 -70.647269624 0.010960398 -0.829919897 -0.242203008 0.502444561
58.830783000 134.622801204 19.749924796 -70.610022798 0.014384135 -0.833815659 -0.242229791 0.495852066
58.930605000 134.770190713 19.704460702 -70.580854827 0.016078523 -0.835970591 -0.241644632 0.492445453
59.030143000 134.844752347 19.686468390 -70.576496566 0.017471421 -0.835666215 -0.243439989 0.492030181
59.129827000 134.927482585 19.656602438 -70.545999925 0.018678005 -0.834697491 -0.247312018 0.491699091
59.229538000 135.022074467 19.607271249 -70.511442040 0.016377534 -0.836066056 -0.243238892 0.491487708
59.329387000 135.130141184 19.548568953 -70.464170155 0.011650842 -0.838575000 -0.242900664 0.487499225
59.429461000 135.232432784 19.486684329 -70.408168619 -0.007263545 -0.840355941 -0.252389908 0.479633680
59.529644000 135.328166110 19.441260178 -70.356759376 -0.025171088 -0.843400026 -0.258200878 0.470505174
59.629799000 135.458811454 19.425796636 -70.302589178 -0.041317801 -0.848712977 -0.260568818 0.458348136
59.730012000 135.555799262 19.429486538 -70.224351489 -0.071379908 -0.851490518 -0.270036536 0.443789449
59.830184000 135.623864019 19.429573068 -70.176420038 -0.104488410 -0.849341030 -0.286604552 0.430766546
59.930218000 135.692713032 19.416028037 -70.172828896 -0.113091227 -0.849904936 -0.294418113 0.422125513
60.030393000 135.720516618 19.397965473 -70.200808008 -0.116083836 -0.850112317 -0.300061050 0.416889623
60.131054000 135.727129331 19.375496118 -70.261000028 -0.112701879 -0.851943723 -0.300768327 0.413556034
60.231923000 135.713237357 19.369096020 -70.358083085 -0.100001706 -0.855525120 -0.297078779 0.412092984
60.333017000 135.680738239 19.376687079 -70.456802352 -0.086781440 -0.860352952 -0.292146702 0.408548754
60.433953000 135.629117491 19.411220929 -70.584913456 -0.083036281 -0.864161483 -0.290392084 0.402495149
60.534406000 135.581903208 19.487020462 -70.734687915 -0.077110045 -0.869071581 -0.287552877 0.395072108
60.634320000 135.507576704 19.578988581 -70.903137740 -0.070026550 -0.874119867 -0.285037947 0.386993680
60.733846000 135.422206390 19.686539564 -71.076685646 -0.043151431 -0.883391572 -0.274450377 0.377404657
60.833166000 135.349966320 19.799363150 -71.232446225 -0.035164935 -0.889446705 -0.272034263 0.365575363
60.932542000 135.271300943 19.933475184 -71.395747188 -0.050018390 -0.892217956 -0.277217105 0.352981524
61.031960000 135.183832768 20.087294423 -71.578265760 -0.057943873 -0.895368980 -0.280066534 0.341349724
61.131780000 135.078025945 20.262296468 -71.769147802 -0.025350911 -0.904240232 -0.269053267 0.330631630
61.231818000 134.981613014 20.406248741 -71.909067692 0.000670276 -0.911101952 -0.261210752 0.318844362
61.331958000 134.889561428 20.518855886 -72.056389948 0.011564995 -0.915426243 -0.259301471 0.307609806
61.432062000 134.785166080 20.654565993 -72.185749815 0.023105791 -0.921414651 -0.252795036 0.294203726
61.532096000 134.718845198 20.751835283 -72.311274373 0.050550211 -0.928157161 -0.242071655 0.278155128
61.632243000 134.639957646 20.875377949 -72.401799705 0.073458256 -0.936414592 -0.224831174 0.259195947
61.732414000 134.601766007 20.988668599 -72.506951955 0.087205331 -0.944598704 -0.208094227 0.238380604
61.832577000 134.565318213 21.098820496 -72.574829279 0.092574441 -0.952356809 -0.192853432 0.217379933
61.932813000 134.560126667 21.184306127 -72.621118663 0.098856133 -0.958147370 -0.184012134 0.195756522
62.032987000 134.574568688 21.268182359 -72.631515294 0.098956925 -0.962906002 -0.181600097 0.173323289
62.133068000 134.614904546 21.344878435 -72.610583308 0.086297274 -0.965712102 -0.191099128 0.153081808
62.232883000 134.662986605 21.405846909 -72.561943754 0.084154128 -0.965532307 -0.205869375 0.135215558
62.332706000 134.735010280 21.450755267 -72.488778911 0.070047917 -0.965576157 -0.219122319 0.121414098
62.432526000 134.798912240 21.453464359 -72.368230078 0.035468252 -0.960773134 -0.250463043 0.113689278
62.532284000 134.911017106 21.481606383 -72.293496651 0.018277101 -0.957854487 -0.263415802 0.113105460
62.632031000 135.022287802 21.490411887 -72.204925541 0.002320184 -0.955466826 -0.269616222 0.119936879
62.731680000 135.136273241 21.493044496 -72.104922163 -0.009221929 -0.951669344 -0.274675078 0.137091275
62.831420000 135.231766063 21.495834323 -71.993617342 -0.017655824 -0.946241168 -0.278007219 0.164401674
62.931303000 135.322455740 21.512625430 -71.896983717 -0.017035392 -0.940750001 -0.277793333 0.193726855
63.031438000 135.407105576 21.519245534 -71.789905470 -0.006690263 -0.936406112 -0.272500493 0.221002978
63.131971000 135.492377606 21.516813901 -71.689121799 -0.009153387 -0.929852630 -0.272966584 0.246535079
63.232469000 135.580903094 21.501895946 -71.578812592 -0.020895921 -0.923064348 -0.275728724 0.267374720
63.332982000 135.651118589 21.487356274 -71.485562695 -0.026998379 -0.919107746 -0.275953449 0.279931657
63.433644000 135.712823312 21.481669588 -71.416624180 -0.019312544 -0.918482407 -0.271891386 0.286517307
63.534166000 135.781186633 21.463365873 -71.355605987 -0.005962777 -0.919200060 -0.267876566 0.288579001
63.634332000 135.856947618 21.447125905 -71.314905428 0.008115986 -0.920524037 -0.264606936 0.287320025
63.734304000 135.910324623 21.391986774 -71.271740437 0.012199547 -0.921780539 -0.262395475 0.285167362
63.834110000 135.976560945 21.331739308 -71.225493354 0.014989022 -0.922895280 -0.261100906 0.282605640
63.933889000 136.051907693 21.243627574 -71.170399466 0.015015531 -0.923991466 -0.259656759 0.280343846
64.033608000 136.135107793 21.144141170 -71.130060370 0.018390615 -0.924170386 -0.258366121 0.280745134
64.133383000 136.216790855 21.050075693 -71.078677358 0.033889937 -0.924695031 -0.252384835 0.283006126
64.233067000 136.308846476 20.945669484 -71.012155983 0.038897640 -0.924325615 -0.251469920 0.284380047
64.332879000 136.407276222 20.826847883 -70.935056456 0.027524762 -0.923343572 -0.255012769 0.285740308
64.432654000 136.508831754 20.721534973 -70.879119085 0.020196515 -0.922719783 -0.257162156 0.286440095
64.532558000 136.626800093 20.596341559 -70.819953314 0.018654992 -0.923267678 -0.259096319 0.283015696
64.632741000 136.731622269 20.492224676 -70.737974583 0.017959884 -0.924498018 -0.259282762 0.278842800
64.732995000 136.867653413 20.385978512 -70.653787280 0.016625961 -0.925615058 -0.260262396 0.274269624
64.833110000 137.003509543 20.330619962 -70.548818500 0.007536806 -0.926215141 -0.262839337 0.270155865
64.933047000 137.134194283 20.276196657 -70.438037620 -0.036486877 -0.925414038 -0.266059114 0.267376351
65.032861000 137.265208889 20.231840048 -70.322326680 -0.055419660 -0.922030110 -0.271086096 0.270742436
65.132463000 137.361805375 20.193939521 -70.231859328 -0.043523238 -0.918063055 -0.275024448 0.282183465
65.231803000 137.453791978 20.172344132 -70.126635996 -0.018915872 -0.915878897 -0.269951510 0.296537042
65.331288000 137.546713533 20.168326741 -70.018672989 -0.001118287 -0.912727309 -0.263414984 0.312314192
65.430920000 137.647932451 20.156637379 -69.908624271 0.002302135 -0.907477388 -0.260643750 0.329460660
65.530726000 137.740950793 20.161407535 -69.802206773 0.007395845 -0.902099094 -0.257427655 0.346256450
65.630980000 137.846587966 20.170846630 -69.704229938 0.012635617 -0.897744769 -0.254815358 0.359115308
65.731605000 137.976455249 20.151719042 -69.589443103 0.012713994 -0.896170118 -0.244939902 0.369759270
65.832157000 138.075710717 20.180683610 -69.476533207 0.006018874 -0.897449125 -0.225426891 0.379119450
65.932505000 138.180259905 20.205858793 -69.354360243 -0.001775690 -0.899186544 -0.209911055 0.383924153
66.032607000 138.292499390 20.227563183 -69.226809765 -0.006035776 -0.900855115 -0.200852937 0.384813888
66.132564000 138.426630072 20.303906741 -69.054902812 -0.030727690 -0.897335375 -0.216283721 0.383492355
66.232220000 138.499436754 20.344355409 -68.918113538 -0.066897637 -0.886854514 -0.251604934 0.381718135
66.331989000 138.555419303 20.343359417 -68.808228335 -0.087457704 -0.882862230 -0.271273680 0.373250618
66.432160000 138.589598282 20.326111641 -68.713984226 -0.088642618 -0.888770776 -0.274189392 0.356439577
66.532533000 138.623444558 20.327076687 -68.597119036 -0.091933427 -0.895565811 -0.277312596 0.335570927
66.632743000 138.620301678 20.325113525 -68.515833191 -0.092933310 -0.899531909 -0.282404989 0.320083063
66.732509000 138.579957053 20.351301829 -68.449319961 -0.075972958 -0.906311841 -0.280335904 0.306983286
66.832165000 138.538571786 20.348204235 -68.395576059 -0.065280814 -0.910841329 -0.280861699 0.295335733
66.931902000 138.468142913 20.313836453 -68.363140579 -0.063702433 -0.911752540 -0.285363984 0.288473053
67.031565000 138.391008109 20.319934262 -68.331592074 -0.070999273 -0.912009854 -0.286549659 0.284756778
67.131322000 138.279626418 20.291624372 -68.340444324 -0.075527989 -0.911515757 -0.287445740 0.284270107
67.231175000 138.152278735 20.271183524 -68.345444147 -0.069108807 -0.912146575 -0.286719825 0.284612614
67.331412000 138.003132181 20.283220505 -68.357732054 -0.058707915 -0.914709173 -0.283181666 0.282256362
67.431833000 137.812737670 20.280991776 -68.396444902 -0.045804316 -0.919455339 -0.278513475 0.273740917
67.532233000 137.634272977 20.266058266 -68.447067521 -0.033486857 -0.924547175 -0.276684245 0.259878779
67.632435000 137.485580515 20.227230681 -68.489685907 -0.023361528 -0.930337787 -0.274366011 0.242175829
67.732546000 137.321587129 20.244181538 -68.519217332 -0.019455032 -0.935098913 -0.273590840 0.224409397
67.832464000 137.123694054 20.281601380 -68.556501829 -0.032648503 -0.937150460 -0.278142893 0.208133663
67.932232000 136.948136836 20.324629880 -68.583522551 -0.055855699 -0.938203822 -0.284485221 0.189002350
68.031968000 136.785920129 20.328790522 -68.640052182 -0.060444854 -0.939500237 -0.287648099 0.175909906
68.131650000 136.601808067 20.365025188 -68.696239038 -0.051867565 -0.942709950 -0.282597210 0.169547993
68.231168000 136.445646872 20.374126936 -68.742106787 -0.047829112 -0.944424733 -0.280106581 0.165271299
68.330841000 136.282661948 20.358652064 -68.794185212 -0.043617545 -0.945321230 -0.279422358 0.162445156
68.430864000 136.058267790 20.395865909 -68.872692835 -0.043789362 -0.945398167 -0.278671239 0.163239511
68.531314000 135.863306140 20.403951931 -68.950132279 -0.037464069 -0.945151770 -0.279452562 0.164896455
68.631987000 135.637026852 20.437239198 -69.021707669 -0.033894393 -0.945283096 -0.277764826 0.167743078
68.732866000 135.407242293 20.441790266 -69.089227109 -0.027949588 -0.945526294 -0.276498361 0.169550890
68.833637000 135.181412744 20.453409217 -69.167443448 -0.019670055 -0.945785592 -0.275982342 0.170107171
68.934202000 134.957595574 20.458684802 -69.218900487 -0.008982244 -0.947019240 -0.273185023 0.168652963
69.034452000 134.759156261 20.465245145 -69.252934941 -0.006450953 -0.946474612 -0.277096803 0.165413287
69.134367000 134.536150661 20.479579814 -69.291683453 -0.011581085 -0.940165640 -0.299441660 0.162139261
69.233905000 134.345146603 20.460446766 -69.349497228 -0.009902411 -0.939309262 -0.303296244 0.160035747
69.333379000 134.147094796 20.400596930 -69.396900028 -0.001591437 -0.941287359 -0.298517182 0.157680268
69.433062000 133.962041418 20.380692492 -69.463561571 0.009665068 -0.945337024 -0.288609094 0.151490228
69.533072000 133.772109856 20.354076058 -69.543665165 0.012085878 -0.948435269 -0.284125813 0.139989266
69.633241000 133.607382421 20.344959137 -69.622943035 -0.004197752 -0.952515944 -0.277305403 0.125687978
69.733390000 133.431438387 20.330949568 -69.674145046 -0.025696476 -0.954871643 -0.275100988 0.108992121
69.833872000 133.247360011 20.325134408 -69.727210561 -0.031447463 -0.956959591 -0.273370855 0.092237599
69.934236000 133.075650214 20.342141541 -69.813070497 -0.025381825 -0.958816466 -0.272628163 0.075502527
70.034341000 132.884106121 20.323809885 -69.863866761 -0.031619650 -0.960091550 -0.271834595 0.057709321
70.134252000 132.684097526 20.291388432 -69.888903714 -0.042281523 -0.960797969 -0.271018016 0.040358040
70.233784000 132.494939184 20.287816498 -69.960385087 -0.042337210 -0.961618264 -0.269926430 0.025250707
70.333188000 132.295383352 20.255875328 -70.027251566 -0.031516094 -0.962439386 -0.269372959 0.012464876
70.432823000 132.098610578 20.228871894 -70.102202847 -0.029147269 -0.962534529 -0.269588047 -0.000038867
70.532789000 131.898033056 20.198500262 -70.177936875 -0.028969073 -0.962626292 -0.268958653 -0.013139947
70.632916000 131.693946369 20.163495492 -70.232583918 -0.032135238 -0.962311295 -0.268574795 -0.028140317
70.733087000 131.489545082 20.143329402 -70.305476281 -0.035616658 -0.961906956 -0.267769096 -0.042025859
70.833186000 131.273085876 20.095771446 -70.329798980 -0.030309244 -0.961349070 -0.267572562 -0.057395469
70.933261000 131.032521633 20.024054537 -70.346025664 -0.030826469 -0.960375889 -0.266265487 -0.076358172
71.033489000 130.843613286 20.028485193 -70.472215086 -0.027362045 -0.959138651 -0.264114424 -0.097713550
71.133793000 130.552920615 19.959864753 -70.446239306 -0.018536211 -0.956973119 -0.263012401 -0.121174813
71.233998000 130.254872296 19.901376339 -70.415427297 -0.014036104 -0.953950827 -0.261085014 -0.147021845
71.333980000 129.952708405 19.852223095 -70.386384722 -0.003669767 -0.949815100 -0.260074955 -0.173778094
71.433606000 129.661875110 19.813067400 -70.353288022 0.007841797 -0.944032454 -0.259951901 -0.202894654
71.533005000 129.372457671 19.802432455 -70.299014733 0.011566994 -0.936968650 -0.258701902 -0.234583204
71.632226000 129.101206402 19.804120328 -70.250433957 0.013629688 -0.928116374 -0.258615247 -0.267455382
71.731833000 128.851165411 19.812207102 -70.190318694 0.014658424 -0.918638495 -0.253729234 -0.302506071
71.832127000 128.609073064 19.879445770 -70.083838031 0.014299433 -0.907859553 -0.245794221 -0.339369649
71.932870000 128.326570792 20.073782279 -69.988383911 0.007380450 -0.889858333 -0.256638303 -0.377139837
72.034068000 128.088718166 20.195840329 -69.945672274 -0.000009456 -0.870022216 -0.265775527 -0.415240548
72.135058000 127.782233261 20.345836928 -69.798786546 0.002561128 -0.857063048 -0.250725980 -0.450080943
72.235103000 127.346216528 20.657904446 -69.718020652 0.008208662 -0.840629083 -0.236621199 -0.487119874
72.334597000 126.983276656 20.995639024 -69.668805061 -0.006296841 0.821753843 0.225185720 0.523423694
72.433871000 126.618916884 21.242323596 -69.605652282 0.003736887 0.798178954 0.231853766 0.556003799
72.533465000 126.274204725 21.465728334 -69.508020404 0.004748690 0.779365565 0.223568233 0.585306767
72.633491000 125.969701944 21.763825333 -69.432105193 0.012976914 0.757332940 0.227797213 0.611871594
72.733811000 125.765376377 21.880556747 -69.425829710 0.026225112 0.732970616 0.238186813 0.636657962
72.834095000 125.563495779 21.993175711 -69.415041071 0.022570316 0.717750988 0.224792347 0.658629259
72.934220000 125.382170614 22.144176506 -69.431928975 0.027744039 0.700720583 0.223738781 0.676876569
73.034050000 125.164149851 22.205988192 -69.407059632 0.040810794 0.687444423 0.228352141 0.688193246
73.133902000 124.912357468 22.273218919 -69.390622464 0.024181895 0.684498932 0.210395255 0.697574573
73.233641000 124.682703586 22.369261101 -69.397854255 0.008122768 0.681486762 0.194356911 0.705503512
73.333078000 124.466241953 22.454495388 -69.374669915 0.000805112 0.677691996 0.188776367 0.710701339
73.432542000 124.242305256 22.491557158 -69.335822328 0.002610951 0.672089898 0.191312068 0.715323734
73.532319000 124.069191159 22.497556844 -69.301816506 0.004958063 0.664633057 0.191335826 0.722238824
73.632408000 123.883448892 22.493496370 -69.262707989 0.015358167 0.654660569 0.193751669 0.730509382
73.732560000 123.664633440 22.516019797 -69.243734822 0.016176279 0.643808940 0.194448499 0.739890640
73.832612000 123.492922499 22.488496842 -69.217857297 0.025535074 0.629487950 0.200524728 0.750255099
73.932518000 123.247892375 22.468906302 -69.191899030 0.028734861 0.616172808 0.198885765 0.761544372
74.032246000 123.056675315 22.442801245 -69.163752235 0.023925241 0.604014548 0.190266992 0.773558324
74.132075000 122.804852448 22.406478007 -69.129594241 0.024355090 0.589458100 0.186200475 0.785668735
74.231765000 122.563293860 22.405700795 -69.084244082 0.011182334 0.577172146 0.168876270 0.798891779
74.331463000 122.314386268 22.390700048 -69.034482954 0.006901334 0.562618727 0.154352854 0.812150070
74.431321000 122.060890318 22.386451782 -68.987243442 0.007069087 0.545841433 0.149132526 0.824479622
74.531428000 121.817213210 22.371376200 -68.927742581 0.010782682 0.528836462 0.141451123 0.836783909
74.631637000 121.565328793 22.369316050 -68.860796267 0.019242061 0.509631029 0.139590439 0.848775863
74.731848000 121.350923625 22.317931520 -68.803442227 0.023057805 0.490389760 0.129970816 0.861448668
74.832196000 121.137100669 22.281264897 -68.731722020 0.018551291 0.473179707 0.110993591 0.873748955
74.932402000 120.905947955 22.259831115 -68.649276676 0.015634324 0.455347737 0.097245608 0.884848743
75.032489000 120.645710759 22.259704471 -68.558189993 0.018733366 0.439503564 0.081203147 0.894366662
75.132481000 120.379503783 22.268082195 -68.450579634 0.026797015 0.426726755 0.057725881 0.902138525
75.232230000 120.173494569 22.269896420 -68.282826495 0.025512264 0.414283477 0.056696177 0.908021954
75.331930000 119.934910938 22.293180519 -68.123282798 0.022011363 0.402551983 0.057226839 0.913341387
75.431641000 119.717297827 22.319160213 -67.950235499 0.017559038 0.389830077 0.064547307 0.918454047
75.531570000 119.504003173 22.365011116 -67.766785631 0.013102324 0.378242245 0.067803963 0.923127161
75.631595000 119.316220235 22.411377519 -67.571959088 0.008449068 0.365909796 0.070237418 0.927957617
75.731643000 119.131723189 22.474174776 -67.363561222 0.005475400 0.351905731 0.072445942 0.933211638
75.831768000 118.954302651 22.562710685 -67.143705800 0.005094762 0.338832544 0.069969854 0.938227462
75.931881000 118.775864484 22.646933409 -66.929073458 0.001954844 0.324851800 0.074705623 0.942807805
76.031930000 118.616085531 22.754254040 -66.698539369 -0.000133546 0.312377468 0.075048248 0.946988944
76.132142000 118.453218242 22.867741025 -66.462385387 -0.002277238 0.297386257 0.075175245 0.951790371
76.232434000 118.304145561 22.979220884 -66.234222237 -0.001603650 0.281581167 0.074637691 0.956628815
76.332763000 118.156397907 23.066088376 -66.012252936 -0.001240126 0.265817628 0.072340953 0.961304446
76.432971000 118.015177608 23.150274676 -65.797820994 -0.001087744 0.250795562 0.068155477 0.965637216
76.532975000 117.899914741 23.228898853 -65.595078084 0.005875720 0.237555189 0.066333496 0.969088683
76.632745000 117.796606729 23.232944036 -65.439276507 0.008118712 0.223912997 0.069737746 0.972077005
76.732326000 117.680317724 23.250516144 -65.275950223 0.001008111 0.210551776 0.073710184 0.974799334
76.831858000 117.571975640 23.252332588 -65.110983951 0.000794598 0.201231310 0.062624098 0.977539539
76.931553000 117.468549609 23.250176603 -64.947590807 0.001382035 0.192067735 0.055769757 0.979794779
77.031331000 117.372099981 23.238428141 -64.789734205 0.002972326 0.181988554 0.055761487 0.981713801
77.131292000 117.278294307 23.224524999 -64.627929980 -0.003931985 0.167259538 0.076324189 0.982946288
77.231380000 117.175648503 23.210715406 -64.471988466 -0.007511286 0.153908252 0.086320024 0.984278763
77.331745000 117.074320951 23.236486003 -64.297113770 -0.000482312 0.143977938 0.081755662 0.986197816
77.432096000 116.916799500 23.254166268 -64.160719621 0.020870531 0.133475936 0.070695598 0.988307001
77.532283000 116.788205107 23.233119846 -64.016852555 0.044068874 0.127212580 0.054079169 0.989419192
77.632224000 116.690723911 23.197014963 -63.897637822 0.045272844 0.121972642 0.046007386 0.990432413
77.732008000 116.569553091 23.146162317 -63.755769341 0.021435674 0.113860522 0.036230627 0.992604471
77.831948000 116.437721286 23.107994003 -63.603325066 0.006794875 0.104908048 0.029605390 0.994017933
77.931927000 116.298359475 23.067344497 -63.414927376 0.000712550 0.097560805 0.026377828 0.994879687
78.031857000 116.170979628 23.019063104 -63.246641064 -0.002182675 0.095020489 0.025186004 0.995154263
78.131756000 116.005675527 22.952392569 -63.081031645 0.000016095 0.102148176 -0.007348037 0.994742055
78.231571000 115.937746610 22.928162788 -62.950226916 0.000087115 0.102817661 -0.009638127 0.994653521
78.331401000 115.810563964 22.893447888 -62.712776562 -0.002545585 0.097702249 0.014268313 0.995110148
78.431270000 115.709042683 22.845355810 -62.540350495 -0.004569462 0.095548249 0.027220577 0.995042056
78.531332000 115.614279123 22.817422041 -62.357138451 -0.005488355 0.096142005 0.031380305 0.994857713
78.631631000 115.538007697 22.809276859 -62.207271610 -0.005664392 0.096268639 0.034269186 0.994749158
78.731960000 115.458484516 22.772757556 -62.032433803 0.017429167 0.093489222 0.050625132 0.994179604
78.832085000 115.380847364 22.726213413 -61.903984358 0.024205273 0.092162317 0.058984611 0.993700673
78.932095000 115.277655685 22.694629525 -61.729964540 0.012101887 0.093785961 0.055690899 0.993959889
79.032069000 115.165349630 22.731158125 -61.525428915 0.020127013 0.093265122 0.051074056 0.994126733
79.132151000 115.086847773 22.685230238 -61.391827623 0.037244471 0.090405647 0.057842915 0.993525976
79.232130000 114.963469722 22.700275676 -61.138033882 0.040522504 0.088641104 0.060015293 0.993427826
79.332105000 114.854807248 22.768482452 -60.850790427 0.053068997 0.086448037 0.061459479 0.992941665
79.432050000 114.723399006 22.705186700 -60.630795173 0.053461118 0.087667030 0.052007328 0.993353733
79.531881000 114.595694894 22.656135997 -60.421594395 0.031674304 0.091465457 0.041557594 0.994436411
79.631657000 114.477849556 22.645602366 -60.187772341 0.016673561 0.094042386 0.035776481 0.994785437
79.731451000 114.368829672 22.647116879 -59.960210592 0.033624264 0.094975325 0.034627364 0.994308826
79.831418000 114.243300684 22.571451943 -59.684154330 0.042449849 0.094663017 0.034764590 0.993996150
79.931659000 114.119504291 22.509997623 -59.409910596 0.032366241 0.095069604 0.033954232 0.994364776
80.032097000 114.001305072 22.500059101 -59.197924346 0.024981564 0.096612022 0.035016703 0.994392211
80.132584000 113.893657590 22.438437721 -58.956638465 0.036169689 0.101314580 0.039934567 0.993394353
80.232833000 113.784315645 22.387767673 -58.673563201 0.037832589 0.108295469 0.045162351 0.992371477
80.333103000 113.673365041 22.327998499 -58.403816116 0.046501702 0.115696867 0.050146137 0.990927440
80.433423000 113.567386857 22.255262633 -58.106614986 0.051619204 0.124118050 0.053527274 0.989477134
80.533490000 113.459434884 22.193519869 -57.831071698 0.047227898 0.132568925 0.055142254 0.988511172
80.633348000 113.353419341 22.094793431 -57.482793808 0.043853024 0.135804904 0.060707207 0.987901096
80.733135000 113.232682604 22.015761354 -57.149075009 0.018713406 0.132442052 0.072379939 0.988367369
80.833020000 113.126859834 21.936954797 -56.862558021 0.004873715 0.132708615 0.062260278 0.989185689
80.932863000 113.016113878 21.837254513 -56.572902979 0.009864202 0.125747236 0.068720258 0.989630161
81.032791000 112.900935011 21.791879860 -56.294842675 0.014626874 0.122734109 0.055530659 0.990776836
81.132893000 112.794131695 21.692986674 -56.014020870 0.059609748 0.118937642 0.052235743 0.989733268
81.232821000 112.684848161 21.556975427 -55.721816668 0.076161757 0.113153780 0.057512142 0.988983297
81.332788000 112.557854404 21.465220084 -55.443682589 0.068714379 0.109025942 0.061318267 0.989763481
81.432670000 112.468237677 21.335108013 -55.253504064 0.081990634 0.106868708 0.060538412 0.989035751
81.532511000 112.404266281 21.300108431 -55.105263651 0.065878030 0.107195819 0.056414231 0.990447664
81.632477000 112.256673537 21.215468106 -54.720696318 0.041985640 0.107832608 0.051000538 0.991971915
81.732401000 112.102266610 21.104247400 -54.339527541 0.032351673 0.108352392 0.048580386 0.992397639
81.832417000 111.951949339 20.986503634 -53.966141648 0.029146210 0.107103228 0.047764672 0.992672118
81.932611000 111.819863252 20.892662311 -53.618070938 0.027330208 0.106093518 0.046645297 0.992885412
82.032929000 111.678986986 20.778364221 -53.254116751 0.027224856 0.104241297 0.046664427 0.993083577
82.133423000 111.528111896 20.671829257 -52.855426732 0.027162480 0.100320031 0.044920281 0.993569454
82.233938000 111.380197639 20.564022369 -52.491891072 0.027103538 0.097968204 0.044491043 0.993825023
82.334120000 111.247750965 20.466499415 -52.121867990 0.026719448 0.097129736 0.042910053 0.993987230
82.434176000 111.115857577 20.391669266 -51.756494095 0.026810765 0.096730516 0.042411564 0.994045094
82.534053000 110.992855552 20.323502187 -51.376533218 0.028447552 0.101475492 0.044041525 0.993455487
82.633864000 110.876485423 20.265595743 -50.961064296 0.029617438 0.108179432 0.045861825 0.992631206
82.733622000 110.758810506 20.208436778 -50.609151619 0.030125087 0.114973845 0.047001919 0.991798525
82.833446000 110.635849077 20.156354007 -50.247344902 0.028333860 0.120204994 0.049649038 0.991101874
82.933513000 110.520239742 20.089268486 -49.894746741 0.027874019 0.125970150 0.051734670 0.990291919
83.033695000 110.407792887 20.032185739 -49.543586246 0.027659718 0.128780357 0.053332592 0.989851602
83.133937000 110.298014265 19.975527321 -49.194700766 0.027724593 0.125987657 0.052356356 0.990261213
83.233962000 110.192700699 19.924932266 -48.816010502 0.028211151 0.123631394 0.051305466 0.990599394
83.333694000 110.080432010 19.855859072 -48.474406712 0.027864623 0.122483225 0.051455578 0.990744036
83.433223000 109.984798809 19.785600516 -48.154490639 0.027989034 0.117897671 0.049939442 0.991374200
83.532948000 109.871727172 19.686367680 -47.817237964 0.028123075 0.111972110 0.049000712 0.992103961
83.632615000 109.768702940 19.604590133 -47.495686622 0.027570489 0.108908982 0.048162458 0.992501425
83.732226000 109.672681161 19.509032142 -47.186629153 0.028711135 0.107022847 0.047613241 0.992700741
83.831900000 109.572917293 19.412062704 -46.878034750 0.028571434 0.105495948 0.047574071 0.992870075
83.931781000 109.473329142 19.319643251 -46.567788768 0.028409839 0.104473771 0.047926429 0.992965845
84.031799000 109.369835447 19.213847372 -46.271735179 0.027938600 0.104561345 0.048282801 0.992952733
84.131941000 109.277806043 19.115969288 -45.975416704 0.025619531 0.103167392 0.048234259 0.993163423
84.232131000 109.182747066 19.010963296 -45.658930159 0.025964930 0.099382325 0.046963249 0.993601243
84.332466000 109.067507407 18.910594654 -45.349702160 0.028390496 0.094832710 0.043705098 0.994128061
84.432812000 108.982545495 18.827407096 -45.008184354 0.040129210 0.088071708 0.053164532 0.993884577
84.533051000 108.904222519 18.706107253 -44.776973214 0.052141259 0.082535688 0.066791135 0.992979402
84.633075000 108.753371532 18.603261322 -44.438910843 0.040044144 0.084537772 0.051581866 0.994278202
84.732750000 108.618644518 18.474612913 -44.103471829 0.040489569 0.089165128 0.045864987 0.994136096
84.832133000 108.458262513 18.339729672 -43.757146297 0.033330667 0.094813012 0.048557942 0.993751320
84.931427000 108.310995836 18.224297895 -43.388696904 0.025904855 0.103076271 0.054339898 0.992850138
85.030809000 108.205643466 18.094165673 -43.020993216 0.025881675 0.115266560 0.050444976 0.991715213
85.130466000 107.970105571 18.002971044 -42.645922698 0.026072731 0.123797731 0.050427219 0.990682305
85.230289000 107.807530429 17.904809162 -42.302011372 0.026053267 0.132055371 0.051294859 0.989571343
85.330374000 107.718502387 17.864722842 -41.951870784 0.026137299 0.139586262 0.052937943 0.988448325
85.430558000 107.578416597 17.833515839 -41.626841455 0.036447889 0.145268791 0.056119250 0.987126719
85.530680000 107.466940753 17.856423392 -41.251243164 0.033863700 0.150224725 0.057253405 0.986411592
85.630868000 107.298587117 17.962492427 -40.836610649 0.033459271 0.153188830 0.056778597 0.985996881
85.731178000 107.143018984 18.054822835 -40.422414998 0.036097137 0.154320827 0.057480908 0.985686575
85.831829000 107.048578168 18.148777755 -40.017430773 0.032061926 0.157897036 0.055864363 0.985352593
85.932506000 106.892768955 18.225438908 -39.640079195 0.030501965 0.157452792 0.056115632 0.985458921
86.032889000 106.785386069 18.317510253 -39.261231748 0.034656412 0.156656881 0.056118530 0.985448256
86.133025000 106.673760563 18.362167005 -38.971791645 0.042047695 0.153429954 0.055628992 0.985696026
86.232803000 106.569754929 18.404303908 -38.582758473 0.032414068 0.149891133 0.052932725 0.986752301
86.332613000 106.459202481 18.403856538 -38.254807318 0.027381890 0.143288427 0.051018757 0.987985701
86.432505000 106.356930205 18.393479705 -37.951420615 0.025436017 0.136246305 0.050100909 0.989080306
86.532323000 106.250218310 18.374047903 -37.658319524 0.023967636 0.131001182 0.049125730 0.989874187
86.632093000 106.144543636 18.327189263 -37.345082963 0.014996910 0.128898965 0.046610644 0.990448180
86.731896000 106.014292023 18.337347599 -36.979937094 -0.004665528 0.127280883 0.043620847 0.990896075
86.831593000 105.905434357 18.325796356 -36.677097502 -0.009616715 0.125904330 0.043307384 0.991049993
86.931157000 105.788548073 18.314448719 -36.413663589 0.002583432 0.125670684 0.044294182 0.991079326
87.030609000 105.719512634 18.245168257 -36.183872395 0.014445343 0.133484720 0.049105233 0.989728164
87.130088000 105.673954708 18.172028819 -35.964445938 0.010926808 0.146455384 0.062951586 0.987151722
87.229648000 105.610256894 18.135141154 -35.701263632 -0.000294375 0.162609178 0.074657888 0.983861966
87.329583000 105.530493837 18.113946116 -35.453980136 0.003254579 0.181907824 0.068627998 0.980912406
87.429784000 105.419186596 18.040088029 -35.264043012 0.014161782 0.201015475 0.067279119 0.977172320
87.529952000 105.314222906 17.962341782 -35.051353338 0.019718105 0.223610580 0.070749339 0.971907422
87.629964000 105.192529655 17.884211199 -34.847125244 0.023935064 0.246078168 0.076388642 0.965938623
87.729944000 105.074721631 17.790780142 -34.636046081 0.026212834 0.270032696 0.084233717 0.958801289
87.829989000 104.972254032 17.693237679 -34.474772565 0.025104110 0.294207322 0.090527289 0.951113372
87.930237000 104.851936161 17.603440579 -34.241764929 0.027381513 0.316792972 0.098006561 0.943020243
88.030521000 104.727652232 17.515397335 -34.031027983 0.033839089 0.337055802 0.107054674 0.934766067
88.130883000 104.664216066 17.417884884 -33.795536146 0.040642420 0.353028315 0.114799988 0.927653041
88.231232000 104.560502119 17.326306853 -33.589055098 0.039804771 0.362227635 0.119045232 0.923598914
88.331420000 104.526359672 17.233869759 -33.373158517 0.038317211 0.370492425 0.119663328 0.920297692
88.431333000 104.407672129 17.191067278 -33.154381717 0.031088051 0.374815331 0.117236452 0.919131446
88.531060000 104.277666830 17.151435515 -32.925278283 0.027238503 0.376727059 0.115146686 0.918736103
88.630574000 104.136792763 17.135375238 -32.703327902 0.020688574 0.375088475 0.120713080 0.918862869
88.730199000 103.984673098 17.130845789 -32.478393321 0.017576212 0.373778163 0.124176037 0.919000149
88.829941000 103.849832159 17.123674738 -32.306216284 0.016919189 0.376211466 0.127082367 0.917621243
88.929723000 103.705436362 17.129032843 -32.094523844 0.010576833 0.382262930 0.139137434 0.913457146
89.029637000 103.562725906 17.134613749 -31.904069310 0.004768677 0.390733793 0.152012381 0.907852741
89.129779000 103.404395671 17.167942675 -31.708547203 0.000971586 0.402904714 0.159449922 0.901245011
89.229916000 103.245611996 17.212621433 -31.539279946 0.007319586 0.419313086 0.147286073 0.895784445
89.330169000 103.079783316 17.242093084 -31.369194583 0.016079245 0.436544469 0.135439011 0.889284352
89.430420000 102.935058706 17.245537973 -31.217258291 0.020463039 0.448701528 0.130762039 0.883826619
89.530841000 102.781305830 17.259307152 -31.070760408 0.029254307 0.455984763 0.133394159 0.879447599
89.631258000 102.596410460 17.258754815 -30.875863787 0.029560435 0.463398393 0.135538864 0.875224158
89.731503000 102.437631111 17.296368381 -30.737718635 0.033460310 0.469797165 0.138278370 0.871234827
89.831582000 102.281171447 17.310409019 -30.598931002 0.039437913 0.475242123 0.142923764 0.867272952
89.931560000 102.126864854 17.319642635 -30.462764470 0.040774276 0.479198459 0.149279954 0.863957054
90.031389000 101.950292321 17.368699015 -30.304758095 0.036045867 0.481223115 0.158540432 0.861388379
90.131199000 101.782941340 17.397175015 -30.157187712 0.042748950 0.483641475 0.156167175 0.860160022
90.230862000 101.593455482 17.424559766 -30.015586019 0.050209069 0.485246164 0.156440859 0.858802345
90.330609000 101.395535509 17.442420169 -29.845106997 0.053458625 0.487596477 0.155848531 0.857381529
90.430597000 101.189812764 17.475461645 -29.686205163 0.058308313 0.488500460 0.159374151 0.855901467
90.530782000 100.981297681 17.498373884 -29.524613726 0.069614999 0.485946002 0.172531270 0.853957374
90.631055000 100.765626141 17.533535259 -29.363302143 0.073523520 0.485541521 0.172251471 0.853916363
90.731342000 100.510635199 17.567892270 -29.212495394 0.078820340 0.483293661 0.173570611 0.854451774
90.831612000 100.276063662 17.590116851 -29.037901449 0.082361539 0.482664265 0.173193397 0.854550076
90.931747000 100.011996414 17.625484297 -28.870040489 0.092312099 0.477741362 0.179324520 0.855034727
91.031628000 99.722800565 17.615416633 -28.678651967 0.106435094 0.472665550 0.189387842 0.854043965
91.131553000 99.425679957 17.631086711 -28.489977253 0.088891650 0.475256026 0.176391713 0.857389030
91.231462000 99.121429475 17.630516986 -28.296815390 0.088908751 0.473887591 0.174559281 0.858518982
91.331431000 98.801689243 17.649970201 -28.098400147 0.090748955 0.472736756 0.174859443 0.858899739
91.431387000 98.488886939 17.633314989 -27.902801171 0.110505439 0.468151908 0.184613084 0.857053293
91.531446000 98.115571746 17.577297417 -27.684836236 0.106841590 0.468367165 0.186889516 0.856906869
91.631572000 97.715055375 17.571821283 -27.445091555 0.081240089 0.474594353 0.170619867 0.859679655
91.731752000 97.306594305 17.529870713 -27.212947048 0.062378904 0.479151704 0.160312265 0.860710459
91.831926000 96.898082952 17.526654024 -26.974728522 0.036866744 0.485368483 0.144488643 0.861499455
91.932083000 96.496346434 17.484079777 -26.742197859 0.025650870 0.488679479 0.138456461 0.861025092
92.032146000 96.099052700 17.428779437 -26.532608834 0.020750987 0.489606371 0.136040026 0.861015743
92.132088000 95.739896481 17.354391248 -26.317069720 0.020220104 0.490821557 0.136512689 0.860261375
92.231751000 95.378601922 17.270616717 -26.109355676 0.020037751 0.491676599 0.137995847 0.859540433
92.331582000 95.023884865 17.193247959 -25.907525076 0.019445090 0.491665142 0.139505582 0.859316862
92.431761000 94.679008256 17.118263011 -25.710724202 0.020089467 0.491587181 0.140113896 0.859247667
92.531941000 94.313637733 17.047921526 -25.523484010 0.021388466 0.490350566 0.141496112 0.859696287
92.632104000 93.984576743 16.983630237 -25.303153305 0.021323723 0.491584493 0.141581910 0.858978782
92.732407000 93.641349253 16.941986189 -25.090103237 0.020788593 0.492026007 0.141192854 0.858803133
92.832664000 93.294242906 16.920198448 -24.917344471 0.020684104 0.491953404 0.141162502 0.858852236
92.932618000 92.937901570 16.884797266 -24.725505866 0.020611730 0.495191478 0.142263088 0.856809063
93.032436000 92.598521559 16.858626267 -24.539949346 0.019285818 0.498881625 0.144041406 0.854398768
93.132350000 92.278936254 16.843881274 -24.363125022 0.020129862 0.501981902 0.144121596 0.852547901
93.232239000 91.954313043 16.829433838 -24.185418214 0.022136581 0.504459495 0.146080005 0.850700430
93.332206000 91.632573673 16.813217341 -24.008700335 0.022747997 0.506019378 0.147483651 0.849514856
93.432354000 91.348027276 16.832719755 -23.850703233 0.027776604 0.505706477 0.151503473 0.848843989
93.532570000 91.045073666 16.835452386 -23.691829747 0.033583824 0.505308571 0.153973655 0.848426478
93.632638000 90.745148190 16.863360952 -23.519784212 0.026109315 0.506402543 0.150328638 0.848690797
93.732454000 90.448828405 16.912120743 -23.367324735 0.024041409 0.507411620 0.148053287 0.848549163
93.832291000 90.113071173 16.951105372 -23.177967415 0.023672442 0.510398351 0.149362743 0.846536420
93.932015000 89.822778470 16.988842133 -22.992436068 0.017326835 0.513121756 0.158141719 0.843443561
94.031860000 89.488107138 17.049824710 -22.856633253 0.006469224 0.510259800 0.169101049 0.843206927
94.132077000 89.178645783 17.095946105 -22.717786165 0.015099069 0.513815038 0.157789325 0.843130271
94.232085000 88.863958495 17.127575774 -22.575275758 0.021125524 0.516328653 0.150925704 0.842721702
94.332160000 88.563826323 17.140274010 -22.440780468 0.024872630 0.516324379 0.150474918 0.842702668
94.432203000 88.253950847 17.143754228 -22.314687823 0.026639214 0.512814333 0.149391977 0.844981568
94.532248000 87.942692906 17.140884088 -22.193357397 0.027038516 0.510909292 0.149197177 0.846156496
94.632071000 87.639576029 17.119384887 -22.074342750 0.027092319 0.509632511 0.150634469 0.846669928
94.731716000 87.328720338 17.083671620 -21.977749386 0.027124654 0.508338458 0.151437815 0.847303283
94.831288000 87.036310422 17.049154817 -21.869228723 0.027945349 0.508996367 0.152238096 0.846738046
94.930804000 86.727218133 17.004823133 -21.773344323 0.027670616 0.509978061 0.153537716 0.845921322
95.030379000 86.438165249 16.963716998 -21.675155435 0.027250986 0.511784222 0.153335904 0.844880106
95.130205000 86.138901909 16.912020046 -21.576626718 0.026635998 0.513269905 0.153762936 0.843920309
95.230076000 85.842302247 16.859611431 -21.483230367 0.026262793 0.514730608 0.154079269 0.842984131
95.330044000 85.551809638 16.808449529 -21.394235145 0.025241881 0.515990420 0.154338020 0.842197429
95.430114000 85.250235993 16.749837577 -21.296974897 0.025392719 0.515898177 0.154655873 0.842191096
95.530202000 84.946668258 16.693633772 -21.218450905 0.025045150 0.515766809 0.155021590 0.842214727
95.630156000 84.653117524 16.631569373 -21.130666730 0.025135629 0.515632342 0.154298601 0.842427106
95.730076000 84.351668215 16.569755927 -21.052377363 0.025004953 0.515946048 0.154733156 0.842159177
95.830047000 84.082806862 16.537816027 -20.974117993 0.025882840 0.515727506 0.154077150 0.842386758
95.930077000 83.782470834 16.530365977 -20.888340753 0.048322065 0.511625715 0.169282846 0.840980038
96.030038000 83.461189371 16.496443156 -20.798355515 0.061188224 0.509922536 0.176618385 0.839667169
96.130200000 83.138871637 16.466472136 -20.709608298 0.073018709 0.507812178 0.183814366 0.838455329
96.230441000 82.772690440 16.416173475 -20.601851677 0.071300643 0.508726939 0.182378024 0.838362318
96.330696000 82.441533792 16.334838188 -20.521330622 0.053001874 0.512925516 0.171206397 0.839515686
96.430791000 82.114609073 16.287229794 -20.431191887 0.036754111 0.517482839 0.161056184 0.839596065
96.530670000 81.783156277 16.227219476 -20.350861930 0.028761340 0.520387047 0.157984139 0.838696082
96.630683000 81.455038622 16.176180818 -20.265450620 0.025718130 0.523029322 0.155978002 0.837525981
96.730930000 81.118557278 16.135409701 -20.175343552 0.024645215 0.525285836 0.155941052 0.836151776
96.831320000 80.782491046 16.077428775 -20.079579751 0.025092596 0.526984317 0.157294599 0.834815129
96.931696000 80.423739889 16.018275267 -19.972827080 0.023636664 0.528879575 0.157123022 0.833690626
97.031932000 80.087662536 15.973070207 -19.870779268 0.022757397 0.530766647 0.157530425 0.832438005
97.132136000 79.770732938 15.924897473 -19.782409077 0.021211996 0.531934887 0.158133294 0.831618415
97.232232000 79.442625191 15.887795919 -19.681817229 0.020870349 0.532196731 0.159737247 0.831152862
97.332448000 79.130940488 15.843054960 -19.594254937 0.020305225 0.532616059 0.160954939 0.830663193
97.432706000 78.824010574 15.810189946 -19.499057011 0.020703050 0.532485265 0.159911651 0.830938680
97.533003000 78.540114735 15.783620069 -19.387774283 0.021246952 0.533571873 0.159409098 0.830324252
97.633219000 78.237364046 15.775333414 -19.290022080 0.020901455 0.532923896 0.159279563 0.830773899
97.733375000 77.948602380 15.779776125 -19.235696892 0.020777435 0.532210005 0.158898216 0.831307504
97.833522000 77.662289100 15.786186183 -19.155107116 0.019784454 0.532869453 0.158479603 0.830989132
97.933728000 77.360243263 15.809568606 -19.047692657 0.019180476 0.532429889 0.159979467 0.830997649
98.033990000 77.097926220 15.814210659 -19.102794683 0.031801425 0.529927596 0.168113340 0.830604188
98.134253000 76.793793621 15.895150064 -19.020441534 0.036277095 0.530055863 0.171822174 0.829579348
98.234326000 76.453940523 15.995408415 -18.898303738 0.048149284 0.527899539 0.181037316 0.828389530
98.334267000 76.074414360 16.057904626 -18.716944812 0.059486830 0.526883188 0.186479634 0.827091754
98.433975000 75.712389304 16.108430003 -18.583271432 0.059303375 0.526224780 0.185692866 0.827700882
98.533596000 75.338689521 16.167962615 -18.486506296 0.045606899 0.527044032 0.176502046 0.830055195
98.633219000 75.033927363 16.220632660 -18.404695979 0.040568853 0.526953419 0.173406038 0.831026238
98.732848000 74.672930500 16.286426522 -18.252690847 0.045851898 0.525961940 0.174993343 0.831046913
98.832610000 74.326831552 16.318924038 -18.168358320 0.047185977 0.524502613 0.178719899 0.831101492
98.932445000 73.985342051 16.326262105 -18.086268112 0.045851432 0.525676489 0.170564780 0.832147542
99.032312000 73.641292212 16.344279841 -17.985355273 0.038467014 0.526549506 0.163671785 0.833353139
99.132332000 73.289159172 16.363311412 -17.897616709 0.054783233 0.527092055 0.155042458 0.833747323
99.232095000 72.936901920 16.335847123 -17.803958080 0.082502270 0.526978638 0.146809876 0.833026861
99.331871000 72.584198301 16.259267803 -17.678343497 0.092169378 0.526642892 0.143761476 0.832757292
99.431727000 72.184411027 16.236609857 -17.559566399 0.075784858 0.526781162 0.141844143 0.834648730
99.531741000 71.843535598 16.157217364 -17.421116562 0.066642542 0.531260491 0.115075649 0.836707032
99.631714000 71.508293320 16.110452573 -17.293820088 0.038283047 0.525052291 0.142781444 0.838133617
99.731636000 71.172916903 16.065271113 -17.154213159 0.024104415 0.520806091 0.154837566 0.839169423
99.831624000 70.821078272 15.988647749 -17.013265333 0.019562902 0.517887687 0.160205160 0.840085676
99.931617000 70.475082148 15.926399257 -16.881658144 0.017740107 0.515869386 0.161378341 0.841142733
100.031622000 70.169803679 15.877710541 -16.786663609 0.023897979 0.512434935 0.165066532 0.842373055
100.131811000 69.841148754 15.826784546 -16.680995571 0.022623471 0.511442175 0.164685856 0.843085789
100.232105000 69.474303872 15.765442255 -16.549320288 0.022419111 0.511457813 0.165669032 0.842889115
100.332387000 69.077214515 15.711729235 -16.348937721 0.025138144 0.511610781 0.166675449 0.842521084
100.432615000 68.735582921 15.670878135 -16.214989277 0.019936374 0.513495299 0.163692255 0.842098548
100.532771000 68.391010057 15.624105141 -16.093642107 0.018488968 0.515765915 0.162850975 0.840906201
100.633042000 68.050214526 15.584733356 -15.968122626 0.017599323 0.517491599 0.164227631 0.839596328
100.733187000 67.717987782 15.550486264 -15.853107483 0.014412941 0.519707480 0.162485839 0.838626708
100.833235000 67.379144463 15.531361287 -15.724469453 0.015046374 0.520636804 0.164504451 0.837645039
100.933322000 67.060360495 15.523029358 -15.638117178 0.014431246 0.521454742 0.164207777 0.837205170
101.033436000 66.684754482 15.554072090 -15.501279396 0.013187483 0.521003027 0.164227792 0.837502936
101.133526000 66.279195189 15.575776671 -15.350507664 0.013786670 0.520361917 0.164188513 0.837899478
101.233407000 65.862966815 15.615517493 -15.208025294 0.013694472 0.519167247 0.163697086 0.838737799
101.333368000 65.468958691 15.693421676 -15.070900696 0.014508739 0.518180499 0.162886208 0.839491841
101.433267000 65.088896839 15.725501647 -14.952614130 0.015626378 0.517316385 0.164309676 0.839727279
101.533065000 64.699683083 15.774190435 -14.801803779 0.021879882 0.516349368 0.167916722 0.839469223
101.632848000 64.475007343 15.867216191 -14.729137692 0.026614984 0.516127266 0.169342719 0.839182538
101.732961000 64.154899085 15.866833078 -14.667780814 0.033965466 0.515017579 0.174006128 0.838644804
101.833072000 63.809650969 15.879485977 -14.550571446 0.031525207 0.516496407 0.172029928 0.838238228
101.933100000 63.468143396 15.898791381 -14.476246056 0.031264482 0.519605313 0.164632035 0.837812117
102.033146000 63.151932698 15.927795325 -14.398991930 0.028999413 0.521643639 0.162562851 0.837030625
102.133238000 62.837066841 15.927200846 -14.334754158 0.034290030 0.524830149 0.153524912 0.836545044
102.233144000 62.556907631 15.962531418 -14.347474048 0.038857673 0.521840007 0.168758967 0.835280491
102.333001000 62.241729665 16.035304992 -14.286369577 0.037608444 0.521535032 0.171552808 0.834958950
102.433044000 61.893217100 16.063466127 -14.225813689 0.063639742 0.521678455 0.165148906 0.834582178
102.533158000 61.527570917 16.065678371 -14.120600850 0.080146562 0.520409503 0.165406067 0.833901259
102.633440000 61.125723114 16.052018861 -13.969402400 0.066440877 0.521952353 0.158476527 0.835485811
102.733691000 60.779978471 16.114759047 -13.882354421 0.048137343 0.526022791 0.140312380 0.837433732
102.833527000 60.424212247 16.187319776 -13.773913615 0.062734450 0.532263392 0.108623482 0.837234142
102.933096000 60.069061711 16.237823643 -13.573362678 0.098110442 0.535758018 0.091920844 0.833599572
103.032751000 59.715746819 16.286224209 -13.359072335 0.101874505 0.533075800 0.107961879 0.832944181
103.132852000 59.363962703 16.327239702 -13.132980163 0.099859596 0.529772124 0.119466763 0.833724925
103.232940000 58.971177417 16.408917702 -12.875443138 0.086487417 0.519445382 0.160592978 0.834809150
103.333081000 58.538519907 16.363481391 -12.633671816 0.067734709 0.513017051 0.179759253 0.836607510
103.433341000 58.131040870 16.444640617 -12.363997531 0.032668976 0.512765334 0.171178036 0.840656012
103.533587000 57.800673551 16.624893520 -12.147471422 0.040343180 0.509478431 0.179598017 0.840564518
103.633654000 57.529257179 16.502899557 -12.010802214 0.061124021 0.503745825 0.192339625 0.839946109
103.733808000 57.153523196 16.606858993 -11.777811979 0.034723270 0.509567539 0.176502320 0.841416751
103.834086000 56.712689096 16.692930535 -11.549436129 0.017895453 0.514185750 0.165567944 0.841356062
103.934240000 56.242214360 16.762422329 -11.297891708 0.011795031 0.517402555 0.162098034 0.840166472
104.034423000 55.761446050 16.857714926 -11.045989736 0.008313866 0.521366753 0.161094672 0.837947549
104.134512000 55.466119105 16.910731305 -10.886206501 0.007490914 0.524379405 0.158420808 0.836584110
104.234503000 55.128202048 16.995086933 -10.733798872 0.006984361 0.528105984 0.159611581 0.834014047
104.334572000 54.710542171 17.084003814 -10.562305719 0.005076129 0.531758706 0.159291857 0.831765000
104.435012000 54.402790448 17.140428979 -10.432667584 0.006488805 0.533550656 0.160368490 0.830399627
104.535460000 53.981975008 17.208418891 -10.243446063 0.008107625 0.534112822 0.161965910 0.829713688
104.635775000 53.583402620 17.240369528 -10.081216541 0.010708739 0.534237090 0.163789061 0.829246162
104.735779000 53.203612246 17.277475138 -9.949080268 0.012410896 0.533783915 0.163012978 0.829667084
104.835383000 52.827240893 17.318216401 -9.810050111 0.018227757 0.535728397 0.153678081 0.830087875
104.934689000 52.372046598 17.425407919 -9.689592777 0.036928016 0.531825965 0.167340447 0.829333853
105.033853000 52.004483532 17.383764301 -9.560268881 0.068163512 0.538122317 0.135423256 0.829119201
105.133157000 51.550281217 17.435025872 -9.438560519 0.084116565 0.548692026 0.079523010 0.827971953
105.232515000 51.269489083 17.475991938 -9.287071650 0.074329655 0.548159315 0.087453073 0.828461483
105.332227000 50.916566968 17.491646545 -9.113911977 0.039873600 0.539487930 0.130940286 0.830793302
105.432350000 50.560652662 17.486173075 -8.944542959 0.021919488 0.533262443 0.153124956 0.831687111
105.532463000 50.251029099 17.472879815 -8.786264477 0.013327241 0.529665072 0.161299917 0.832622143
105.632527000 49.923915958 17.468811868 -8.631663463 0.010402019 0.526603434 0.165256625 0.833829041
105.732518000 49.607214476 17.454979795 -8.484503135 0.009529634 0.524955647 0.165652536 0.834799372
105.832486000 49.259604794 17.464465578 -8.332990516 0.008736039 0.523499773 0.165223267 0.835806761
105.932417000 49.022685777 17.510039013 -8.211735403 0.021242665 0.520055697 0.172194047 0.836325314
106.032410000 48.694961977 17.526296468 -8.067658936 0.068463659 0.507939261 0.207317442 0.833264611
106.132656000 48.434386084 17.497113452 -7.970193885 0.067963371 0.509140253 0.206072562 0.832881314
106.233086000 48.102577147 17.512814234 -7.828834772 0.052713202 0.514467534 0.194504210 0.833494203
106.333315000 47.730762521 17.574830372 -7.698720140 0.073268620 0.509679238 0.211533383 0.830730047
106.433297000 47.427073274 17.540627991 -7.592601399 0.085266189 0.508768688 0.214964462 0.829261346
106.533229000 47.273724980 17.586741406 -7.534929586 0.073182059 0.512356253 0.207007227 0.830230970
106.633228000 46.843490707 17.656382746 -7.379047534 0.052507374 0.519020694 0.194941120 0.830577181
106.733235000 46.409518861 17.714525082 -7.219885253 0.043515558 0.522956871 0.189809851 0.829816081
106.833269000 45.994871798 17.742650604 -7.083984025 0.040250558 0.525571158 0.187111279 0.828941626
106.933338000 45.601968701 17.772689336 -6.950554390 0.037465726 0.527217990 0.186158307 0.828240662
107.033188000 45.220986597 17.794474714 -6.820134774 0.037882081 0.528682919 0.186149597 0.827289336
107.132989000 44.844633390 17.821144315 -6.701682540 0.037266438 0.529667623 0.187738723 0.826327776
107.232999000 44.463146880 17.850907752 -6.570824983 0.036655197 0.530882452 0.186529245 0.825849296
107.333204000 44.096221851 17.899625852 -6.439964197 0.035999672 0.532767943 0.186416500 0.824688566
107.433488000 43.704878907 17.929706817 -6.328169416 0.036627119 0.534031908 0.186115934 0.823910938
107.533671000 43.316449267 17.962976618 -6.232379445 0.036797793 0.535126955 0.187643770 0.822845599
107.633616000 42.927314008 18.002842879 -6.113860741 0.039183543 0.535118091 0.188953973 0.822441289
107.733302000 42.529974247 18.024793179 -6.005796853 0.040699503 0.535427688 0.188576017 0.822252897
107.832973000 42.218502438 18.133035491 -5.942757413 0.049894965 0.536127183 0.183486484 0.822442002
107.932697000 41.921135151 18.134765453 -5.859899486 0.090559685 0.529335313 0.199336617 0.819675535
108.032504000 41.509220123 18.139241956 -5.774844497 0.088307976 0.533840494 0.179799687 0.821515734
108.132529000 41.076135746 18.204717453 -5.671466141 0.081861654 0.543028324 0.138359967 0.824181672
108.232353000 40.678668536 18.258152977 -5.550587792 0.093234438 0.550404892 0.098414412 0.823818183
108.332097000 40.357256600 18.308495720 -5.422773135 0.118171446 0.550162290 0.089761195 0.821766325
108.431935000 40.036297560 18.307129570 -5.275189279 0.074402699 0.541111398 0.129016603 0.827657785
108.532218000 39.658323334 18.342656417 -5.077103311 0.039925264 0.531006046 0.159198863 0.831320801
108.632787000 39.287647401 18.373734026 -4.889695151 0.026593265 0.523157093 0.171214308 0.834437005
108.733420000 38.926718309 18.421509764 -4.713157187 0.026296124 0.516533128 0.178448355 0.837053299
108.833857000 38.605312020 18.416137329 -4.559036595 0.037067579 0.510074797 0.187839163 0.838550026
108.934158000 38.257816324 18.430308274 -4.381440862 0.032705659 0.511468303 0.184787463 0.838560736
109.034411000 37.863375495 18.431030687 -4.176600504 0.034967192 0.512803125 0.187291424 0.837097469
109.134547000 37.551236353 18.457409310 -4.067494875 0.027905595 0.518727818 0.182901714 0.834679395
109.234212000 37.204094837 18.528710215 -3.894681583 0.060783508 0.517289946 0.208266847 0.827853488
109.334018000 36.863832791 18.535376514 -3.832785356 0.076529836 0.515323807 0.231057172 0.821703804
109.434047000 36.468737598 18.547447560 -3.675555071 0.060570199 0.525455814 0.221570217 0.819227733
109.534162000 36.098189955 18.597471603 -3.538467185 0.038214984 0.537102147 0.200021556 0.818567209
109.634197000 35.748861396 18.643636568 -3.430113150 0.026145341 0.544055031 0.189674720 0.816911283
109.733942000 35.497914657 18.709091929 -3.542246879 0.022603126 0.544837789 0.185989507 0.817342514
109.833754000 35.165803519 18.739310927 -3.491002418 0.021236414 0.547004380 0.183966575 0.816389320
109.933733000 34.805809322 18.778500190 -3.370566899 0.020307355 0.549361225 0.182049443 0.815259380
110.033824000 34.428988036 18.807646721 -3.259589419 0.020643239 0.549765703 0.183044208 0.814755391
110.133981000 34.046914735 18.837427108 -3.139383608 0.018561131 0.550168267 0.182295481 0.814701614
110.233888000 33.686750986 18.843892714 -3.065853454 0.020255817 0.549516174 0.183290794 0.814878004
110.333585000 33.442310540 18.915307320 -3.028631349 0.020245426 0.550817804 0.184510754 0.813723326
110.433238000 33.114883101 18.985190461 -2.981683817 0.028022378 0.548347938 0.187601329 0.814453821
110.532773000 32.770033906 18.972288243 -2.968803415 0.045417579 0.554260224 0.158595692 0.815831021
110.632245000 32.363469738 19.007667212 -2.827180882 0.066181954 0.557093124 0.140305061 0.815831901
110.731792000 32.024549541 18.966018765 -2.749709079 0.092851662 0.556326884 0.139534056 0.813885258
110.831759000 31.634090318 18.889734842 -2.637461489 0.067224700 0.552680189 0.162592084 0.814609884
110.931981000 31.289274427 18.908928690 -2.522769513 0.041548053 0.549269491 0.176222159 0.815795646
111.032194000 31.023361432 18.958314489 -2.418369546 0.052115670 0.543114027 0.192245395 0.815691620
111.132417000 30.686200681 18.947805502 -2.318045332 0.087844438 0.531035698 0.220875560 0.813325537
111.232536000 30.320532659 18.933687131 -2.240368726 0.067712316 0.534703767 0.208755763 0.816044089
111.332637000 29.974422609 19.018287664 -2.121555465 0.050011015 0.538207198 0.196605750 0.818033061
111.432571000 29.811404806 19.006265812 -2.084481549 0.071565066 0.532329475 0.209210900 0.817150274
111.532394000 29.389301720 18.929598364 -1.984907761 0.098362513 0.523382963 0.232319957 0.813893438
111.632476000 29.165669003 18.854247087 -1.974730388 0.088755711 0.525537716 0.228463458 0.814700547
111.732583000 28.799595678 18.892232368 -1.880713917 0.084640769 0.526751187 0.225211816 0.815259937
111.832516000 28.382738921 18.848982102 -1.806628245 0.117734839 0.517006668 0.246997355 0.811070231
111.932375000 27.906192966 18.755701136 -1.737482286 0.115429495 0.517881126 0.247798135 0.810599319
112.032361000 27.368172827 18.758094024 -1.622920297 0.097632517 0.523853784 0.232711155 0.813566606
112.132408000 27.039972222 18.699720220 -1.570977329 0.084935419 0.527220684 0.226814507 0.814481126
112.232191000 26.608652823 18.746220778 -1.454783410 0.067095931 0.531906979 0.215546091 0.816157451
112.331901000 26.018658781 18.777069835 -1.310553204 0.053770750 0.535950208 0.207000468 0.816711018
112.431847000 25.448926007 18.785133395 -1.155974942 0.047763258 0.538778604 0.203278613 0.816158130
112.531967000 24.865748617 18.797787340 -1.047373737 0.046669390 0.538763920 0.200355107 0.816953633
112.632078000 24.296474997 18.779968035 -0.926558193 0.046350918 0.538830361 0.199659154 0.817098315
112.732218000 23.768606700 18.757177566 -0.836557360 0.054799973 0.540946005 0.189909087 0.817501634
112.832305000 23.229594665 18.739663144 -0.717764365 0.084265249 0.549958204 0.146691399 0.817879561
112.932334000 22.714021829 18.685360070 -0.581126395 0.108194114 0.556712265 0.111329975 0.816070539
113.032487000 22.218870744 18.617419414 -0.426947759 0.120769758 0.560274727 0.094442512 0.813994784
113.132832000 21.743941503 18.584774204 -0.194793859 0.109865068 0.557413350 0.115723601 0.814756450
113.233127000 21.207410281 18.481839242 0.090463613 0.081762302 0.548728309 0.158545526 0.816746892
113.333300000 20.678350824 18.413940904 0.343774016 0.060575812 0.540274991 0.186297519 0.818368340
113.433255000 20.172762877 18.330781590 0.608707377 0.053099028 0.534140514 0.197013760 0.820402330
113.532966000 19.708619366 18.274775710 0.849380309 0.047994145 0.529898036 0.200447216 0.822633300
113.632632000 19.225028284 18.177335944 1.082057085 0.044720948 0.527266186 0.200860013 0.824406248
113.732077000 18.773511184 18.107939056 1.311366920 0.047020474 0.525802807 0.201623696 0.825026283
113.831690000 18.297713566 18.043902579 1.538610548 0.048066557 0.524878951 0.201747082 0.825523959
113.931762000 17.834433404 18.021750766 1.765855390 0.046989946 0.525018905 0.199583827 0.826022633
114.032021000 17.347895903 18.006794799 1.962184765 0.046947381 0.525451726 0.199193771 0.825843973
114.132331000 16.918939820 17.978379121 2.140490901 0.046099389 0.526371565 0.200040243 0.825101038
114.232501000 16.488896576 17.945666916 2.379265382 0.046958539 0.528740782 0.199683245 0.823622901
114.332467000 15.985639125 17.959112899 2.463809018 0.046190567 0.527317344 0.200127457 0.824470649
114.432245000 15.512374679 17.955140133 2.665786992 0.046085331 0.528826162 0.200508965 0.823416777
114.531868000 15.060966758 17.960114460 2.843854123 0.047722500 0.529691134 0.198826305 0.823175538
114.631624000 14.631158138 17.994161936 2.986017875 0.047772858 0.530040504 0.198378773 0.823055697
114.731483000 14.221624810 18.000048803 3.123938486 0.048303314 0.531368757 0.197905473 0.822281861
114.831611000 13.808529130 18.018401513 3.300956844 0.047322425 0.532226925 0.198723392 0.821586332
114.931687000 13.406753784 18.079514599 3.445369044 0.049043943 0.532526804 0.200514011 0.820855667
115.031658000 12.961470728 18.084546912 3.565727785 0.052452399 0.534424398 0.195728737 0.820566616
115.131674000 12.531912181 18.126743011 3.699729830 0.055241359 0.535799378 0.191370003 0.820515046
115.231755000 12.103020478 18.176539351 3.835170992 0.053653502 0.534354353 0.197074261 0.820212450
115.331935000 11.643420720 18.244932461 3.960352773 0.050499156 0.533458004 0.197112723 0.820986582
115.432069000 11.237445902 18.318060882 4.064559390 0.064492129 0.535717664 0.177312977 0.823047664
115.532039000 10.882701027 18.397174057 4.230650201 0.067222025 0.536442463 0.171721353 0.823542628
115.631996000 10.564078255 18.449606584 4.316207193 0.067749233 0.531828158 0.190520222 0.822356916
115.731987000 10.129769834 18.506827132 4.437120805 0.058282226 0.532926330 0.189353439 0.822640859
115.831896000 9.812583511 18.553747683 4.535425430 0.056644227 0.534042133 0.185967306 0.822804104
115.931707000 9.535520791 18.625564870 4.633999970 0.071549429 0.529242421 0.201743988 0.821025275
116.031632000 9.126068875 18.692490605 4.753774728 0.057224472 0.531867772 0.194925968 0.822098473
116.131848000 8.702689689 18.728714200 4.875176095 0.051714806 0.533536849 0.193076591 0.821818374
116.231899000 8.447376838 18.814940582 4.946721911 0.061264432 0.532448925 0.196969112 0.820943348
116.332042000 8.099670496 18.884321093 5.061888057 0.092783979 0.524995557 0.219398326 0.817089452
116.432213000 7.800694428 18.898497894 5.140642480 0.083029506 0.528232557 0.213569602 0.817596778
116.532484000 7.383054618 18.962946040 5.248216575 0.061839695 0.534097448 0.200274928 0.819027302
116.632673000 7.086059478 19.036000952 5.316716906 0.065887576 0.533423497 0.201061603 0.818958138
116.732677000 6.764916771 19.025673379 5.417500502 0.068013555 0.533523664 0.198641241 0.819309656
116.832560000 6.340848816 19.090710206 5.545766391 0.053814143 0.536294057 0.190776317 0.820424963
116.932268000 5.921805982 19.132392961 5.652637803 0.048176469 0.536987800 0.187709141 0.821028872
117.031824000 5.498344219 19.170198926 5.768932170 0.044513696 0.537487863 0.187456991 0.820966019
117.131392000 5.081803336 19.213247622 5.876872571 0.042984446 0.537827637 0.186682699 0.821001425
117.230898000 4.698736062 19.238937245 5.958552192 0.043843473 0.537866693 0.186566803 0.820956758
117.330679000 4.297907720 19.253994466 6.059551671 0.044059556 0.538217688 0.185872667 0.820872602
117.430609000 3.901634067 19.290612740 6.140043523 0.042505471 0.537976926 0.186643367 0.820937492
117.530585000 3.526048918 19.290455532 6.215394446 0.043918109 0.537654665 0.186889091 0.821018349
117.630506000 3.165955518 19.305136985 6.258771003 0.044015361 0.538176666 0.186323839 0.820799580
117.730436000 2.808846401 19.316750969 6.307833981 0.043500416 0.538197296 0.186900168 0.820682467
117.830416000 2.424729608 19.338815005 6.393491419 0.044013926 0.538642625 0.187449834 0.820237439
117.930435000 2.047426608 19.364538166 6.483168013 0.044044454 0.539579760 0.187481324 0.819612422
118.030565000 1.678082728 19.381085912 6.556438064 0.043694861 0.540222603 0.187186147 0.819275073
118.130818000 1.287030555 19.394450609 6.634852689 0.043329862 0.540765147 0.188670483 0.818595766
118.231290000 0.799295220 19.482186120 6.758166385 0.043130350 0.540713639 0.188918916 0.818583030
118.331996000 0.349435454 19.565145967 6.847993874 0.043814330 0.540441768 0.188027314 0.818931455
118.432455000 -0.100204072 19.648381878 6.950206024 0.043449929 0.539403220 0.188218512 0.819591399
118.532760000 -0.356155853 19.637410029 6.987601781 0.043705541 0.538695033 0.187416709 0.820227081
118.632893000 -0.872519632 19.728100136 7.128869323 0.043951081 0.538250322 0.186697021 0.820669919
118.732675000 -1.317141170 19.832598338 7.232863107 0.043758989 0.538504342 0.186724235 0.820507334
118.832261000 -1.705969436 19.880604101 7.287792426 0.044501357 0.538972091 0.186271665 0.820263117
118.931630000 -2.094541332 19.975715249 7.390411591 0.044683916 0.539383672 0.186814267 0.819859153
119.031061000 -2.564313230 19.998946685 7.399287457 0.044726861 0.538887392 0.187738805 0.819971968
119.130788000 -2.973754771 20.081724851 7.442607520 0.044654756 0.538354506 0.187218810 0.820444694
119.230774000 -3.344128999 20.122068115 7.519380935 0.045671968 0.538460843 0.186568451 0.820467065
119.330859000 -3.417624000 20.148926043 7.515668773 0.045479226 0.537822465 0.186465811 0.820919690
119.430925000 -3.877865087 20.230729017 7.525411117 0.046451366 0.535881714 0.186204432 0.822192780
119.530875000 -4.244451842 20.291749947 7.543304068 0.046121079 0.534982143 0.185723289 0.822905713
119.630726000 -4.408754770 20.291558920 7.554079717 0.045171557 0.534785290 0.185242233 0.823194715
119.730561000 -4.754722139 20.237556382 7.556430325 0.046013527 0.534648228 0.185098574 0.823269424
119.830456000 -4.859276465 20.242335705 7.569957394 0.045470517 0.534675064 0.185397703 0.823214856
119.930481000 -4.859276465 20.242335705 7.569957394 0.045470517 0.534675064 0.185397703 0.823214856
120.030601000 -4.859276465 20.242335705 7.569957394 0.045470517 0.534675064 0.185397703 0.823214856
120.130920000 -4.974568823 20.246664565 7.580755839 0.045538080 0.535007776 0.185334732 0.823009113
120.231119000 -5.122350378 20.224712416 7.594594753 0.045328311 0.535628135 0.185427572 0.822596172
120.331141000 -5.321675358 20.265658816 7.594048984 0.045169988 0.536293835 0.185595425 0.822133160
120.430938000 -5.581732309 20.329460828 7.627150352 0.045174000 0.536800055 0.185731820 0.821771685
120.530611000 -5.617736144 20.326366244 7.643101046 0.045159851 0.537033560 0.185886321 0.821584944
120.630225000 -5.797693712 20.380400038 7.692727158 0.045029732 0.537563659 0.185558961 0.821319370
120.729809000 -5.797693712 20.380400038 7.692727158 0.045029732 0.537563659 0.185558961 0.821319370
120.829515000 -5.908522502 20.359257322 7.710812264 0.044610357 0.537247501 0.185799342 0.821494761
120.929425000 -5.908522502 20.359257322 7.710812264 0.044610357 0.537247501 0.185799342 0.821494761
121.029290000 -5.908522502 20.359257322 7.710812264 0.044610357 0.537247501 0.185799342 0.821494761
121.129425000 -5.908522502 20.359257322 7.710812264 0.044610357 0.537247501 0.185799342 0.821494761
121.229551000 -5.908522502 20.359257322 7.710812264 0.044610357 0.537247501 0.185799342 0.821494761
121.330017000 -5.908522502 20.359257322 7.710812264 0.044610357 0.537247501 0.185799342 0.821494761
121.430720000 -5.908522502 20.359257322 7.710812264 0.044610357 0.537247501 0.185799342 0.821494761
121.531321000 -5.908522502 20.359257322 7.710812264 0.044610357 0.537247501 0.185799342 0.821494761
121.631790000 -5.984144037 20.423231078 7.749738715 0.044690052 0.542358538 0.186768499 0.817904361
121.731985000 -5.984144037 20.423231078 7.749738715 0.044690052 0.542358538 0.186768499 0.817904361
121.832117000 -5.984144037 20.423231078 7.749738715 0.044690052 0.542358538 0.186768499 0.817904361
121.932300000 -6.175714058 20.671601868 7.907230227 0.043858539 0.553563890 0.188246618 0.810065836
122.032674000 -6.539120164 21.012298862 8.094403264 0.040079855 0.564461889 0.185753045 0.803288359
122.133213000 -6.848721253 21.296674239 8.209503973 0.033765658 0.572291352 0.182915589 0.798676641
122.233353000 -7.134672873 21.535490537 8.301078456 0.034847665 0.576911460 0.185561251 0.794685994
122.332992000 -7.466055390 21.826602657 8.431384630 0.036988347 0.582572546 0.187818298 0.789914792
122.432309000 -7.881544093 22.185395010 8.544593016 0.038965886 0.588532226 0.197986504 0.782887491
122.531483000 -8.173955106 22.435931193 8.591103217 0.040093438 0.596569265 0.209803516 0.773614964
122.630728000 -8.433227315 22.632409838 8.649556937 0.042615025 0.609125004 0.209122145 0.763818445
122.730131000 -8.753687980 22.920623769 8.712301886 0.023543702 0.619652104 0.224238328 0.751793945
122.829691000 -9.111806916 23.218539362 8.769369274 0.015860605 0.631358417 0.235875535 0.738578176
122.929440000 -9.355447815 23.443294646 8.743457708 0.021487912 0.646941125 0.234199862 0.725366028
123.029612000 -9.632897006 23.713711715 8.740443515 0.034676638 0.664633693 0.222548794 0.712412535
123.130063000 -9.871655428 23.919038998 8.706864803 0.044337640 0.677738650 0.220007198 0.700215202
123.230489000 -10.107132821 24.121031785 8.656798755 0.049089643 0.689648046 0.221418250 0.687713413
123.330758000 -10.320223493 24.279518061 8.582331331 0.050559031 0.702005126 0.223166415 0.674410363
123.430906000 -10.572697761 24.485673285 8.512411148 0.051394670 0.714683876 0.225002095 0.660272370
123.530908000 -10.818579163 24.670561555 8.418756560 0.051665534 0.728074113 0.228169897 0.644342499
123.630865000 -11.055401831 24.857156046 8.327273257 0.051317109 0.742191938 0.231199064 0.626948701
123.730867000 -11.307770510 25.049094953 8.224911635 0.046724324 0.754948287 0.236752070 0.609769120
123.830807000 -11.548160710 25.219144560 8.119882720 0.046156807 0.765230533 0.238369093 0.596214690
123.930820000 -11.790949958 25.401278120 8.000393285 0.047819748 0.775619710 0.238254719 0.582547874
124.030730000 -12.010460084 25.540519443 7.883104866 0.051138696 0.785657157 0.238673478 0.568473954
124.130761000 -12.220356591 25.678842407 7.761235614 0.050561961 0.795443865 0.240150953 0.554111961
124.230725000 -12.421709999 25.815213903 7.645546316 0.044758789 0.804416939 0.245531985 0.539095616
124.330684000 -12.625263911 25.950608140 7.508943280 0.040300377 0.814092985 0.249413818 0.522896968
124.430643000 -12.821565081 26.078813676 7.362679751 0.038407362 0.823812922 0.252609135 0.506009654
124.530575000 -13.004359311 26.216719719 7.210259125 -0.042290548 -0.834968046 -0.251138402 -0.487821048
124.630642000 -13.183789109 26.334521673 7.052813027 -0.046386664 -0.846147062 -0.249555072 -0.468621055
124.730835000 -13.381637100 26.466662249 6.893469699 -0.042442931 -0.856055531 -0.253037632 -0.448708683
124.831094000 -13.596428907 26.631544217 6.688929803 -0.035107781 -0.864853029 -0.257723894 -0.429389189
124.931393000 -13.796724388 26.799792007 6.489750748 -0.039610225 -0.874156716 -0.255723179 -0.410958296
125.031629000 -13.957649469 26.899882051 6.331690289 -0.046749992 -0.882135393 -0.255799937 -0.392705970
125.131809000 -14.144882916 27.044261126 6.135181659 -0.047193490 -0.889745173 -0.254312842 -0.376100092
125.231717000 -14.292896115 27.148063323 5.951043779 -0.047008091 -0.896686972 -0.255163595 -0.358656177
125.331508000 -14.465855390 27.270052399 5.763025739 -0.046208911 -0.902625859 -0.255462207 -0.343322525
125.431419000 -14.604091828 27.377778703 5.567054486 -0.046249263 -0.907421888 -0.256669864 -0.329495226
125.531257000 -14.735039880 27.463527473 5.374929026 -0.046719718 -0.912884973 -0.256907337 -0.313778446
125.631179000 -14.852162639 27.564107099 5.211495554 -0.044463297 -0.918862185 -0.256162457 -0.296809864
125.731347000 -14.970702382 27.649802714 5.045312363 -0.045113289 -0.924154651 -0.257646569 -0.278426325
125.831684000 -15.095619934 27.726237745 4.884854938 -0.045124148 -0.928639856 -0.257607097 -0.263116729
125.932242000 -15.212106182 27.850509106 4.672446545 -0.045247536 -0.932011567 -0.257916252 -0.250571958
126.032921000 -15.371738326 28.050111458 4.426989955 -0.045032849 -0.934250838 -0.258235406 -0.241788936
126.133368000 -15.484175567 28.187337030 4.159615658 -0.044587729 -0.934998667 -0.258786510 -0.238367300
126.233407000 -15.607092934 28.363966000 3.812870074 -0.046280848 -0.933366417 -0.265026547 -0.237583973
126.333060000 -15.681437878 28.435096695 3.668958702 -0.045274230 -0.933542494 -0.263364459 -0.238930569
126.432466000 -15.725228242 28.491294878 3.609446528 -0.045044283 -0.933724969 -0.262594571 -0.239108315
126.531872000 -15.788213430 28.583788827 3.465190167 -0.045797219 -0.933143686 -0.263355817 -0.240393823
126.631299000 -15.942624327 28.688499112 3.181043791 -0.047960737 -0.931750999 -0.265975616 -0.242480545
126.731100000 -16.005263380 28.859860179 2.894395815 -0.048374075 -0.930949281 -0.267571335 -0.243719031
126.831480000 -16.005263380 28.859860179 2.894395815 -0.048374075 -0.930949281 -0.267571335 -0.243719031
126.932267000 -16.043489829 28.895076833 2.746014361 -0.048579837 -0.931153447 -0.266194316 -0.244405083
127.033044000 -16.122943662 29.022762254 2.465347021 -0.046313517 -0.933095402 -0.258464689 -0.245731628
127.133581000 -16.196112414 29.137260602 2.194248037 -0.046099623 -0.933417612 -0.256061000 -0.247061027
127.233723000 -16.292454082 29.222593910 2.008008061 -0.046939550 -0.932015073 -0.259443009 -0.248664247
127.333641000 -16.369013628 29.336475605 1.697618800 -0.049090261 -0.929179283 -0.267852551 -0.249942029
127.433255000 -16.437041359 29.404192267 1.471378304 -0.050814541 -0.927037801 -0.273301182 -0.251645111
127.532678000 -16.520350832 29.586126443 1.046236234 -0.050636486 -0.926308724 -0.271637172 -0.256127588
127.632030000 -16.594037433 29.601166833 0.779286634 -0.049565466 -0.926208463 -0.270449004 -0.257950543
127.731349000 -16.665875140 29.652565526 0.400446562 -0.047844301 -0.927796491 -0.264363263 -0.258875762
127.830727000 -16.751991576 29.724240779 0.037112564 -0.047839308 -0.929960263 -0.256555903 -0.258967910
127.930224000 -16.814931867 29.781920014 -0.352113213 -0.046412366 -0.930887387 -0.253758131 -0.258653001
128.029842000 -16.884386363 29.816051196 -0.686679663 -0.045450317 -0.931125076 -0.253567382 -0.258154886
128.129891000 -16.949180791 29.833786440 -1.039496507 -0.040940169 -0.933642353 -0.245015237 -0.258076333
128.230272000 -17.018814333 30.046593960 -1.471810440 -0.036287566 -0.937419460 -0.230227233 -0.258695554
128.330819000 -17.080332301 30.257980924 -1.817132506 -0.035765146 -0.937166493 -0.231019081 -0.258978770
128.431293000 -17.128281693 30.438198975 -2.183893544 -0.040048842 -0.933421002 -0.244552639 -0.259451981
128.531699000 -17.184764984 30.688653839 -2.493696715 -0.048729405 -0.924291635 -0.268248980 -0.267119644
128.632112000 -17.237204389 30.839140258 -2.825806315 -0.066304581 -0.914461968 -0.281253598 -0.283300944
128.732307000 -17.287615316 31.145985828 -3.214485761 -0.067111557 -0.902261603 -0.297689334 -0.304632728
128.832211000 -17.345722078 31.365000083 -3.555708352 -0.072289898 -0.888856595 -0.310436372 -0.329146447
128.931774000 -17.406575333 31.615841653 -3.958465326 -0.067138271 -0.883262256 -0.294533726 -0.358594652
129.031131000 -17.492167256 31.905022400 -4.411395067 -0.064262726 -0.877202877 -0.270481034 -0.391440193
129.130623000 -17.603568917 32.271912445 -4.949920601 -0.094940397 -0.868828060 -0.233326782 -0.426242579
129.230118000 -17.716187488 32.570405223 -5.280081682 -0.126069227 -0.858641437 -0.203290025 -0.453337180
129.329859000 -17.899730694 32.900179711 -5.642775371 -0.144029643 -0.843425576 -0.170469829 -0.488701133
129.429819000 -18.110535989 33.273516489 -5.958729054 0.137660961 0.828311364 0.146614101 0.522928341
129.529988000 -18.301704924 33.514046294 -6.211285716 0.131175167 0.811653126 0.133400378 0.553368429
129.630293000 -18.496559376 33.720231459 -6.420854686 0.125601327 0.793596876 0.125154818 0.582034859
129.730712000 -18.719743506 33.920372174 -6.608036101 0.117937770 0.774959813 0.118147864 0.609564642
129.830989000 -18.883404729 34.046084498 -6.707367585 0.111492681 0.754876999 0.124959745 0.634125509
129.931136000 -19.052021741 34.122413236 -6.776241093 0.106252373 0.735278800 0.129778584 0.656683363
130.031277000 -19.189848257 34.182018904 -6.796377197 0.094286592 0.719734627 0.127213296 0.675950355
130.131355000 -19.330561132 34.311727216 -6.800342983 0.091826870 0.706427382 0.142118268 0.687263107
130.231190000 -19.463445606 34.316881005 -6.777276700 0.092688860 0.695177733 0.154252590 0.695947436
130.331075000 -19.584415477 34.316420015 -6.716569725 0.096915595 0.685921375 0.151971923 0.704999127
130.430939000 -19.709567346 34.318161173 -6.619749022 0.102940760 0.677069519 0.143003233 0.714513920
130.530681000 -19.819395205 34.340595973 -6.479158354 0.109522988 0.667285475 0.131599348 0.724856139
130.630352000 -19.911690290 34.364815291 -6.315273916 0.109328571 0.657547887 0.125650036 0.734772148
130.729910000 -20.003630219 34.407050262 -6.083797501 0.100462435 0.646731990 0.128124033 0.745137078
130.829520000 -20.110850935 34.416144341 -5.846734624 0.100260754 0.635717571 0.122406575 0.755531324
130.929278000 -20.184710027 34.443254044 -5.575224813 0.099694553 0.623397749 0.115596214 0.766859673
131.029167000 -20.284162949 34.489537196 -5.270652641 0.098916983 0.609622621 0.108170745 0.779021682
131.129287000 -20.347215159 34.523952249 -4.948020674 0.094999555 0.593104677 0.101791863 0.792994542
131.229463000 -20.454181911 34.616879391 -4.560270415 0.089979883 0.573721324 0.097493537 0.808234170
131.329716000 -20.530634858 34.698788644 -4.141941627 0.082020011 0.551704263 0.097180505 0.824288222
131.429921000 -20.632469614 34.801274653 -3.699795638 0.071825853 0.526832787 0.101850275 0.840782244
131.530042000 -20.678377202 34.908389093 -3.272167882 0.067241302 0.503164672 0.097150567 0.856075749
131.630069000 -20.722854062 35.020801531 -2.815297269 0.063243859 0.479182059 0.089694493 0.870827001
131.730076000 -20.708860639 35.110423244 -2.389416787 0.061214025 0.455103055 0.082934611 0.884452318
131.830175000 -20.710217473 35.234233664 -1.930887746 0.059673487 0.430611812 0.074527572 0.897473222
131.930370000 -20.677446163 35.339760386 -1.482113537 0.059363099 0.407249900 0.063730746 0.909154516
132.030659000 -20.585773590 35.443810220 -1.035300885 0.056980278 0.383941514 0.053580637 0.920038737
132.131048000 -20.511783544 35.540061207 -0.633385325 0.054779318 0.365867355 0.047082361 0.927859664
132.231399000 -20.486463865 35.711605169 -0.051215087 0.051964499 0.343051504 0.044761579 0.936809350
132.331510000 -20.492023075 35.916980957 0.631162968 0.056584428 0.321876213 0.041610599 0.944172899
132.431289000 -20.434075783 36.075039961 1.276649475 0.064548298 0.299627538 0.048011617 0.950658582
132.530926000 -20.325642304 36.204924704 1.871195800 0.069178086 0.278962391 0.047735150 0.956616816
132.630755000 -20.204233367 36.282526409 2.391111418 0.065740608 0.257934163 0.051306852 0.962556880
132.730719000 -20.055672377 36.352553054 2.905671338 0.046267357 0.237383586 0.063979473 0.968201938
132.830733000 -19.936993900 36.480316606 3.427839583 0.031841734 0.221316910 0.079980773 0.971394876
132.930914000 -19.815368138 36.572820648 3.942179195 0.027214960 0.209138194 0.086019984 0.973715114
133.031355000 -19.708894051 36.704727783 4.484512744 0.031292939 0.195525591 0.086073510 0.976412744
133.132166000 -19.602959610 36.805643008 4.974517482 0.048321090 0.178992717 0.087646190 0.978746558
133.232963000 -19.456560038 36.821033806 5.291829552 0.055669761 0.165726702 0.086047842 0.980831946
133.333663000 -19.314088676 36.821546262 5.568667200 0.067007833 0.151575706 0.082928546 0.982678794
133.434338000 -19.188645271 36.818506983 5.853715637 0.082431684 0.137435410 0.081670113 0.983690255
133.534672000 -19.065801845 36.805155182 6.147780134 0.071098897 0.125867810 0.073540971 0.986759326
133.634783000 -18.943544632 36.788837704 6.429379455 0.047688144 0.116536571 0.065658525 0.989865661
133.734565000 -18.832410015 36.789655512 6.722071834 0.032410681 0.108906634 0.060397640 0.991685947
133.833992000 -18.697101147 36.772207658 6.981451977 0.024854999 0.101054776 0.058075809 0.992873286
133.933209000 -18.563328058 36.770670717 7.206549324 0.022377386 0.084807554 0.082590122 0.992716376
134.032523000 -18.478705919 36.768572972 7.462369144 0.056273142 0.066788668 0.100094203 0.991137608
134.132164000 -18.396864867 36.752995862 7.731287879 0.086376100 0.049327923 0.105653623 0.989415604
134.232182000 -18.341250612 36.711129668 7.990736529 0.103315402 0.031318250 0.109174835 0.988142677
134.332218000 -18.306719794 36.663243350 8.254414059 0.119867929 0.013196501 0.099281409 0.987725029
134.432205000 -18.279696098 36.597984370 8.537275594 0.139185952 -0.004603988 0.088224895 0.986317617
134.531962000 -18.272461148 36.508871856 8.844442849 0.156535867 -0.021131873 0.079608814 0.984231885
134.631533000 -18.286851742 36.391976704 9.175124928 0.150894330 -0.033881754 0.070494147 0.985450914
134.731091000 -18.295597087 36.296509235 9.522308137 0.138913098 -0.044196527 0.063106026 0.987303118
134.830889000 -18.313025826 36.151623537 9.903156521 0.134834536 -0.053737223 0.062051625 0.987462179
134.930955000 -18.320780148 36.106034401 10.046295855 0.128810342 -0.057333449 0.064958730 0.987877085
135.031153000 -18.356461044 36.010310814 10.355439193 0.112484366 -0.062767616 0.066252187 0.989453456
135.131403000 -18.407382242 35.899108616 10.691796920 0.087393272 -0.067495072 0.059276583 0.992115476
135.231383000 -18.486479406 35.751172153 11.128208876 0.066716748 -0.074837814 0.030408667 0.994496601
135.331264000 -18.554821042 35.585972270 11.586992108 0.056425059 -0.088121210 0.004252670 0.994501272
135.431321000 -18.636536867 35.393763534 12.025231513 0.049160179 -0.104544666 -0.025239253 0.992983721
135.531589000 -18.689838665 35.146123105 12.431288599 0.044751150 -0.126115595 -0.056783667 0.989377484
135.631830000 -18.780098893 34.869800492 12.757880783 0.036090055 -0.156667482 -0.081966354 0.983582394
135.732050000 -18.887869588 34.497870543 13.012536257 0.023351982 -0.192065069 -0.109264381 0.975001020
135.832244000 -18.847106260 34.241200373 13.363619090 0.019987641 -0.233115722 -0.118177065 0.965034577
135.932314000 -18.769105278 33.919148547 13.670462643 0.024236201 -0.277810535 -0.106642635 0.954390518
136.032168000 -18.697458249 33.727467191 13.986140727 0.016910494 -0.319464730 -0.073708481 0.944575768
136.131739000 -18.721454089 33.469392639 14.310925152 0.035257031 -0.344196163 -0.067739312 0.935787010
136.230977000 -18.716737453 33.333792313 14.583682532 0.044220980 -0.354122766 -0.065608319 0.931846082
136.330216000 -18.596962312 33.199219101 14.994265726 0.048184862 -0.350655128 -0.062693116 0.933160636
136.429471000 -18.535441830 33.013236371 15.416222761 0.050902417 -0.330659254 -0.056606265 0.940674828
136.528724000 -18.472535341 32.865248203 15.781429460 0.052591404 -0.307386498 -0.050079190 0.948809654
136.628637000 -18.391183788 32.709147275 16.135052544 0.053565735 -0.285867207 -0.044196407 0.955749617
136.729064000 -18.301423290 32.586876317 16.540539525 0.052897022 -0.268429798 -0.038755163 0.961064715
136.829891000 -18.184187526 32.473551831 16.869508309 0.054354380 -0.255000216 -0.031093087 0.964911245
136.930717000 -18.152217843 32.387135362 17.223991510 0.054588058 -0.244347089 -0.021429481 0.967912920
137.031138000 -18.016593977 32.379850264 17.623085273 0.055783768 -0.232079317 -0.004228530 0.971086753
137.131057000 -17.941139775 32.302307447 18.017395691 0.060124703 -0.224916251 0.016455108 0.972382090
137.230752000 -17.892365411 32.286449124 18.310693032 0.061793998 -0.218451413 0.027051586 0.973513582
137.330337000 -17.841490906 32.311131737 18.513055069 0.064209972 -0.217741198 0.036513629 0.973207380
137.429904000 -17.776078658 32.326185340 18.897198619 0.069364980 -0.220573296 0.061928533 0.970927792
137.529536000 -17.892472631 32.312743673 19.186016402 0.070989468 -0.221846776 0.070295423 0.969950028
137.629189000 -18.164409896 32.320920908 19.133247736 0.072925840 -0.223125227 0.076305673 0.969058512
137.729055000 -18.286055297 32.328229468 19.445711912 0.073422324 -0.222250247 0.075428504 0.969290736
137.829106000 -18.448044680 32.354470292 19.842777396 0.063688118 -0.206852798 0.047836691 0.975124297
137.928877000 -18.569659724 32.388570149 20.273759523 0.058866544 -0.185103967 0.035054132 0.980327731
138.028550000 -18.719195226 32.417892243 20.639117379 0.056668114 -0.159680739 0.027189616 0.985165728
138.128403000 -18.854107668 32.426710975 20.849674943 0.054711751 -0.136295114 0.013095311 0.989069653
138.228314000 -18.873969692 32.481988267 21.391192360 0.054064805 -0.106394382 0.007522930 0.992824576
138.328382000 -18.925262347 32.490074818 21.596784010 0.054477932 -0.091532072 0.013295256 0.994221942
138.428653000 -19.030756485 32.524577325 22.015897682 0.053895230 -0.062703918 0.021696860 0.996339686
138.529124000 -19.052132965 32.573704605 22.449754751 0.053958483 -0.035801089 0.024874012 0.997591122
138.629410000 -19.099300459 32.583951354 22.875263074 0.055205705 -0.012008572 0.027208364 0.998031978
138.729415000 -19.082868559 32.596624574 23.196447849 0.055326579 0.011299132 0.033127586 0.997854630
138.829350000 -19.111083869 32.576042047 23.269926297 0.055667839 0.019003665 0.036520553 0.997600221
138.929223000 -19.117275991 32.643514688 23.632839832 0.056876472 0.049725449 0.039492896 0.996359753
139.029018000 -19.101553248 32.691790386 23.761749044 0.056590464 0.055501313 0.040314726 0.996038075
139.128875000 -19.101553248 32.691790386 23.761749044 0.056590464 0.055501313 0.040314726 0.996038075
139.228919000 -19.101553248 32.691790386 23.761749044 0.056590464 0.055501313 0.040314726 0.996038075
139.329413000 -19.101553248 32.691790386 23.761749044 0.056590464 0.055501313 0.040314726 0.996038075
139.430247000 -19.101553248 32.691790386 23.761749044 0.056590464 0.055501313 0.040314726 0.996038075
139.530893000 -19.101553248 32.691790386 23.761749044 0.056590464 0.055501313 0.040314726 0.996038075
139.631151000 -19.101553248 32.691790386 23.761749044 0.056590464 0.055501313 0.040314726 0.996038075
139.730927000 -19.074776868 32.692934963 23.779852205 0.056813951 0.059250270 0.041130766 0.995775999
139.830414000 -18.955489055 32.658453937 23.918712240 0.058558174 0.078222800 0.044744142 0.994208276
139.929722000 -18.786899821 32.557876867 24.016810325 0.056748167 0.102315190 0.051351772 0.991803530
140.029059000 -18.523785599 32.502708140 24.066145504 0.056900142 0.123600270 0.060246956 0.988865841
140.128735000 -18.377294251 32.435587000 24.247394688 0.059457757 0.147137387 0.063239442 0.985300024
140.228445000 -18.279219678 32.431914801 24.467844061 0.059758385 0.173794735 0.068223517 0.980596695
140.328268000 -18.249474366 32.451000408 24.763974793 0.059616029 0.203598569 0.071850095 0.974592795
140.428410000 -18.176910977 32.473125036 25.018010182 0.061432843 0.234952269 0.077483344 0.966964202
140.528780000 -18.111781888 32.456092999 25.269534583 0.063747943 0.266561699 0.085401563 0.957907946
140.629174000 -18.071367028 32.456729476 25.565341692 0.062403363 0.297192839 0.091592132 0.948363389
140.729599000 -17.988988997 32.486971813 25.799244026 0.059303832 0.325053271 0.097134152 0.938822871
140.830165000 -17.899266807 32.487376502 25.984138892 0.058680253 0.350793155 0.102755105 0.928946811
140.930605000 -17.795810630 32.466927319 26.150408661 0.059273789 0.377635404 0.109170194 0.917583777
141.030632000 -17.685869603 32.472614947 26.334707363 0.059603246 0.404796186 0.115166569 0.905165268
141.130395000 -17.578124340 32.474750546 26.513534793 0.049404584 0.425372499 0.138449788 0.893000045
141.229894000 -17.564386860 32.572111055 26.746937614 0.040567111 0.443949857 0.161856227 0.880377984
141.329596000 -17.490833993 32.602594447 26.909738669 0.050033748 0.456920511 0.189196919 0.867712393
141.429574000 -17.440940838 32.626599519 27.029829219 0.049272122 0.472130925 0.198347384 0.857509745
141.529583000 -17.394835317 32.690724458 27.104664888 0.048355232 0.488217031 0.198902064 0.848377199
141.629536000 -17.341613113 32.756193535 27.173777623 0.044552822 0.506373299 0.191696840 0.839555507
141.729396000 -17.296291029 32.890381315 27.251339772 0.038735407 0.524934240 0.184488565 0.830004567
141.829325000 -17.267808709 33.019165173 27.300424723 0.043163612 0.539879809 0.186014142 0.819795971
141.929437000 -17.227886302 33.106035047 27.332154603 0.048880956 0.552058491 0.192444775 0.809819167
142.029505000 -17.265105653 33.208438969 27.340597485 0.039432315 0.560507166 0.210448695 0.799992598
142.129453000 -17.299641744 33.349069053 27.337217513 0.025851644 0.568960361 0.223946943 0.790862546
142.229333000 -17.363155980 33.493950887 27.295889368 0.009532251 0.575753376 0.239919728 0.781572588
142.329298000 -17.462024826 33.664053072 27.227370769 0.000672660 0.584406572 0.250492536 0.771830289
142.429215000 -17.577182342 33.858522249 27.142021428 0.001778710 0.594696853 0.260840078 0.760457062
142.529197000 -17.679669866 34.050028065 27.005098724 0.005283744 0.604675889 0.274843210 0.747529506
142.629217000 -17.775969300 34.204166454 26.788266546 0.011498805 0.615518366 0.285990776 0.734312056
142.729315000 -17.892124091 34.347275378 26.471666577 0.016850718 0.634354705 0.279692054 0.720473814
142.829345000 -18.017940947 34.569443299 26.204598858 0.016365732 0.657383861 0.269803970 0.703409155
142.929270000 -18.186183040 34.820990384 25.919492335 0.024624554 0.672786728 0.262795219 0.691151447
143.029448000 -18.406442083 35.027419001 25.548710751 0.028950355 0.684429857 0.261073258 0.680116461
143.129708000 -18.653188334 35.300989676 25.170932383 0.026449784 0.702282180 0.251985644 0.665284438
143.229654000 -18.929101389 35.624081753 24.821643620 0.031916101 0.718673292 0.242549650 0.650891488
143.329534000 -19.264487583 35.963406334 24.443079442 0.039576735 0.732771475 0.238980565 0.635899313
143.429516000 -19.619070879 36.299666379 24.028058236 0.046966067 0.748779104 0.231574278 0.619271665
143.529547000 -19.977062913 36.615203979 23.606001391 0.054357106 0.766325659 0.218018117 0.601879050
143.629581000 -20.358099730 37.013144745 23.176340349 0.047087935 0.785426245 0.196303996 0.585109461
143.729709000 -20.721394080 37.414356255 22.721128989 0.042631285 0.801076815 0.188819518 0.566397123
143.829805000 -21.049423851 37.802426288 22.281564534 0.039857919 0.814546531 0.186935560 0.547704657
143.929896000 -21.394668978 38.185966055 21.827330754 0.038496334 0.827257570 0.187712723 0.528135285
144.029899000 -21.663384746 38.510268173 21.425250988 0.037549409 0.838503581 0.189247402 0.509595141
144.130003000 -21.906356609 38.786762532 21.072405674 -0.024918002 -0.845315460 -0.196462186 -0.496209105
144.230235000 -22.146335826 39.034944979 20.708376784 -0.001793572 -0.845487774 -0.213323498 -0.489530685
144.330613000 -22.396302919 39.314244533 20.271678396 -0.014011008 -0.849576766 -0.208508195 -0.484300880
144.430990000 -22.558341281 39.509193408 19.950326781 -0.012647652 -0.850510791 -0.210669778 -0.481756864
144.531274000 -22.716102415 39.737941956 19.586052011 -0.022877484 -0.852126048 -0.204091339 -0.481356983
144.631468000 -22.888105961 39.994319686 19.206304128 -0.036411138 -0.853159333 -0.196551524 -0.481830758
144.731414000 -23.037202595 40.211956217 18.830131058 -0.041645615 -0.852933481 -0.194336080 -0.482704472
144.831128000 -23.178785654 40.433488651 18.453984131 -0.044182309 -0.852784527 -0.193562484 -0.483052833
144.930723000 -23.307248326 40.661744018 18.094206083 -0.046021543 -0.851999945 -0.193499294 -0.484289309
145.030417000 -23.401404035 40.815557896 17.762123364 -0.047022579 -0.850713649 -0.194374391 -0.486100566
145.130333000 -23.502173824 41.028935748 17.417030889 -0.047631772 -0.849612770 -0.194287553 -0.487997645
145.230105000 -23.588267242 41.230395372 17.105156408 -0.048727145 -0.848487484 -0.194873859 -0.489610900
145.329827000 -23.672304155 41.411620418 16.787954350 -0.049537203 -0.847421730 -0.194709303 -0.491437447
145.429536000 -23.769847259 41.633149643 16.485073628 -0.049933706 -0.846470336 -0.195398355 -0.492761686
145.529268000 -23.858003178 41.853109186 16.191951300 -0.048832442 -0.845634923 -0.194836132 -0.494525886
145.629046000 -23.974295201 42.092802989 15.888550412 -0.050931907 -0.843650558 -0.199098399 -0.496003533
145.728868000 -24.112535644 42.334377848 15.562398941 -0.056448284 -0.840286984 -0.209271193 -0.496927503
145.828844000 -24.195682151 42.517889795 15.287131864 -0.064113313 -0.836217112 -0.221873525 -0.497395782
145.928854000 -24.192961120 42.592565000 15.045121088 -0.074822647 -0.830405721 -0.241347514 -0.496567506
146.029033000 -24.244280206 42.709062548 14.781617508 -0.081715832 -0.826737834 -0.251994758 -0.496312118
146.129324000 -24.267477435 42.835964247 14.524624221 -0.093565051 -0.820005552 -0.271664388 -0.495010037
146.229509000 -24.337831833 42.924063389 14.249661481 -0.107647508 -0.812262606 -0.293439448 -0.492478185
146.329658000 -24.393988848 42.990015792 13.971531033 -0.111295751 -0.809922422 -0.299320452 -0.491981904
146.429809000 -24.534419708 43.094898458 13.657403773 -0.103263596 -0.814210169 -0.286369494 -0.494359124
146.529918000 -24.655715835 43.189912946 13.402258414 -0.086325051 -0.823701574 -0.254451819 -0.499317509
146.629895000 -24.851611883 43.387425662 13.075832267 0.069094292 0.830475099 0.223345050 0.505622465
146.729808000 -25.034810978 43.534399570 12.762135164 0.063793004 0.831188602 0.209274930 0.511135954
146.829619000 -25.223581482 43.669160101 12.430957113 0.060581914 0.829607822 0.203794938 0.516283175
146.929532000 -25.367948744 43.787024820 12.071930968 0.117062953 0.831559657 0.163189243 0.517855262
147.029651000 -25.529690834 43.843446508 11.813878439 0.181070160 0.828368456 0.120472121 0.516241964
147.129986000 -25.675539305 43.854975165 11.589722421 0.199851371 0.823748245 0.105845985 0.519898918
147.230379000 -25.851000118 43.876443543 11.388774850 0.157878700 0.820997972 0.134145599 0.532016546
147.330825000 -26.019376873 43.888379668 11.198155753 0.129580759 0.814459977 0.155952456 0.543638303
147.431079000 -26.203233047 43.879670699 11.052683624 0.097190717 0.806994052 0.178220605 0.554573692
147.530973000 -26.399675837 43.854385099 10.895409763 0.072490260 0.800001098 0.197250377 0.561992610
147.630618000 -26.591692521 43.831982519 10.748038840 0.062988856 0.795288102 0.203221407 0.567670942
147.730190000 -26.788621398 43.809485867 10.604761498 0.060436781 0.789071207 0.205302139 0.575816861
147.829895000 -27.014221788 43.805399314 10.446692696 0.059589028 0.781893370 0.204662529 0.585837140
147.929741000 -27.185191553 43.764356847 10.289657263 0.061116305 0.774159409 0.203154903 0.596380828
148.029720000 -27.351788977 43.734551109 10.137191370 0.061203092 0.766692771 0.202294506 0.606228760
148.129884000 -27.508195970 43.677074330 9.973675962 0.061520331 0.759843628 0.200593259 0.615317199
148.229906000 -27.627421898 43.602509321 9.813627557 0.066016664 0.752702432 0.196364715 0.624917392
148.329991000 -27.753771504 43.561266586 9.642085074 0.113219314 0.749282312 0.157242477 0.633271038
148.430067000 -27.972583605 43.567721665 9.506795246 0.125428999 0.744355090 0.148839632 0.638787782
148.529962000 -28.151893977 43.545140517 9.356608193 0.132697262 0.740622584 0.141351855 0.643342271
148.629969000 -28.309124131 43.526171329 9.250609173 0.148134456 0.738305603 0.127387920 0.645548865
148.729886000 -28.494225032 43.510038915 9.181583635 0.145706944 0.736671001 0.127478474 0.647946419
148.829717000 -28.672954947 43.481184241 9.142321000 0.122221435 0.734215311 0.147808500 0.651262193
148.929525000 -28.850120275 43.459072156 9.093762395 0.088205380 0.729590984 0.175050330 0.655190193
149.029393000 -29.066495853 43.482961431 9.059921885 0.073125151 0.725540999 0.186031320 0.658509923
149.129322000 -29.202468627 43.458038141 9.032224135 0.072181195 0.722268906 0.184695549 0.662574567
149.229202000 -29.450755015 43.541301596 8.972692483 0.089130502 0.716034501 0.170956780 0.670912905
149.329329000 -29.675911982 43.601974345 8.955875561 0.097004606 0.706236256 0.159736390 0.682865099
149.429466000 -29.898332140 43.658006330 8.954854268 0.093305675 0.690398341 0.159463440 0.699439485
149.529620000 -30.133977601 43.739737572 8.964813966 0.085254595 0.667608611 0.162272105 0.721594180
149.629700000 -30.342484761 43.812348439 8.984791831 0.082755956 0.639694218 0.160213379 0.747177644
149.729675000 -30.577417723 43.910820657 9.011165818 0.086608713 0.609355785 0.149053884 0.773929840
149.829461000 -30.803517291 44.019938793 9.055934367 0.093298029 0.576961950 0.131815352 0.800646676
149.929063000 -31.096524452 44.183560379 9.116025767 0.097514425 0.543617377 0.115945792 0.825546884
150.028557000 -31.390514155 44.355473209 9.159430209 0.102480678 0.515797154 0.099942441 0.844667103
150.127930000 -31.616771569 44.513342910 9.210494174 0.105717761 0.494231048 0.091605651 0.858002232
150.227309000 -31.901716032 44.725852567 9.333370503 0.104202026 0.474427977 0.106268474 0.867621486
150.326904000 -32.095093722 44.840758928 9.396531615 0.097813221 0.457978813 0.122744740 0.874998120
150.426712000 -32.300739637 45.094058092 9.521534210 0.100421653 0.442178436 0.138288181 0.880494237
150.526885000 -32.477298040 45.202795398 9.603269161 0.118082639 0.425575740 0.152675454 0.884099534
150.627552000 -32.675624392 45.274592063 9.688103806 0.115630891 0.413280990 0.152376472 0.890286320
150.728542000 -32.899832644 45.380692519 9.810294326 0.104894400 0.403677204 0.140339163 0.897968151
150.829579000 -33.102548620 45.472705370 9.920787339 0.090645801 0.392590042 0.133559828 0.905438109
150.930321000 -33.301628785 45.582846869 10.037716887 0.078774502 0.379177402 0.128374286 0.912983635
151.030782000 -33.518482169 45.680487602 10.151291278 0.073452339 0.362734910 0.124228872 0.920649405
151.131035000 -33.728599223 45.760753074 10.257286466 0.072406703 0.344750989 0.119130160 0.928284455
151.230903000 -33.933334543 45.838431864 10.358098907 0.071376222 0.325779858 0.114924707 0.935716427
151.330639000 -34.179234126 45.918593304 10.452094809 0.077133598 0.307881937 0.093119474 0.943709640
151.430301000 -34.345371933 46.002978655 10.553785813 0.080830747 0.290447925 0.076833563 0.950369926
151.530117000 -34.533167421 46.083189528 10.655210659 0.079416558 0.269843640 0.073192672 0.956828225
151.630078000 -34.703362739 46.152612043 10.775603140 0.074648371 0.245958697 0.081981118 0.962917980
151.730112000 -34.880417961 46.210088288 10.876544190 0.071832060 0.224339239 0.085461997 0.968095196
151.830016000 -35.062783755 46.279668372 10.979749257 0.069298269 0.206871798 0.086690720 0.972052739
151.929730000 -35.237873092 46.368879824 11.098053569 0.068785893 0.194956585 0.084496791 0.974741362
152.029402000 -35.413885781 46.477367490 11.226660781 0.067347594 0.180924725 0.082407594 0.977721604
152.129603000 -35.584932667 46.592172622 11.364093804 0.069000280 0.164506985 0.074191265 0.981158534
152.230015000 -35.742309540 46.722051894 11.492330875 0.072621682 0.147115701 0.052732035 0.985039286
152.330476000 -35.898147088 46.859271747 11.646701691 0.072077179 0.126142101 0.039477842 0.988602322
152.430756000 -36.048813472 46.997786620 11.803410160 0.071374543 0.102989571 0.028851017 0.991698766
152.530761000 -36.186600341 47.148637284 11.980860147 0.070372726 0.077565830 0.019288644 0.994313416
152.630547000 -36.299796198 47.290432779 12.152041906 0.068469763 0.052640460 0.012630285 0.996183391
152.730088000 -36.408123310 47.450908054 12.348878320 0.066538629 0.027320439 0.004424482 0.997399934
152.829538000 -36.474491889 47.581286962 12.501521697 0.062969726 -0.000665738 0.019179912 0.997830898
152.929169000 -36.540964407 47.693329901 12.615935215 0.061914334 -0.027030109 0.029292435 0.997285286
153.029123000 -36.589542562 47.812865571 12.738786422 0.059588940 -0.048402923 0.016669988 0.996909438
153.129340000 -36.654711621 47.906079207 12.848332555 0.057715264 -0.069823522 0.008018644 0.995856077
153.229394000 -36.693347171 48.073248844 13.027616978 0.053780997 -0.086407878 -0.028428193 0.994400885
153.329555000 -36.690726070 48.189814211 13.131372188 0.054052679 -0.114686693 -0.004267545 0.991920893
153.429746000 -36.710838181 48.253612864 13.196359239 0.054318605 -0.141005465 0.004549161 0.988507083
153.529939000 -36.722800876 48.323073497 13.270639332 0.054334250 -0.165152875 0.004690903 0.984759012
153.630019000 -36.736889366 48.388236491 13.343301367 0.053855688 -0.187188815 0.001826229 0.980844828
153.729985000 -36.760641006 48.450185324 13.412936315 0.052077396 -0.206207844 -0.011310224 0.977055960
153.830051000 -36.775468847 48.510999225 13.474605065 0.048824319 -0.222924884 -0.031932260 0.973088389
153.930185000 -36.783642570 48.573770058 13.539963935 0.045296130 -0.239745054 -0.045555359 0.968708046
154.030444000 -36.786157281 48.633070341 13.598013550 0.041696180 -0.256571096 -0.057659394 0.963902534
154.130848000 -36.765789557 48.700924539 13.649097002 0.040728150 -0.275920563 -0.057668202 0.958584080
154.231029000 -36.742313504 48.760074836 13.697854502 0.047820611 -0.299197731 -0.043648792 0.951991959
154.331033000 -36.720304569 48.826049976 13.748108278 0.046786848 -0.320942587 -0.036513607 0.945237326
154.431110000 -36.691926658 48.897986562 13.799527277 0.045290856 -0.337889710 -0.036434483 0.939389062
154.531079000 -36.666247647 48.965467762 13.851581372 0.045516072 -0.350185299 -0.037446455 0.934824211
154.630688000 -36.644875237 49.039748010 13.883501338 0.043268618 -0.355364150 -0.037292572 0.932980928
154.730021000 -36.614761393 49.132159736 13.945909059 0.042730727 -0.355580359 -0.038148816 0.932888719
154.829415000 -36.600359866 49.219202490 13.989511538 0.037317201 -0.349724492 -0.053943091 0.934553556
154.929102000 -36.583090476 49.310282896 14.032365354 0.038137073 -0.345919140 -0.048710677 0.936222613
155.028979000 -36.555936288 49.417617961 14.083806880 0.043797821 -0.342315349 -0.045781340 0.937446543
155.129093000 -36.530928267 49.496070826 14.130410477 0.052359987 -0.339011664 -0.045508143 0.938220940
155.229230000 -36.507522706 49.564212660 14.173467129 0.043476743 -0.335236916 -0.052101707 0.939686860
155.329469000 -36.476352967 49.655482243 14.225128351 0.033967227 -0.329999012 -0.066357632 0.941033232
155.429695000 -36.442073037 49.732729938 14.257967267 0.024718941 -0.324262333 -0.087365399 0.941599809
155.529860000 -36.376382762 49.819526412 14.284928842 0.023530044 -0.323115689 -0.089827928 0.941792722
155.629880000 -36.315689307 49.890089713 14.302394662 0.033131574 -0.331243219 -0.060546546 0.941017717
155.730021000 -36.261544976 49.952104516 14.320081725 0.039565439 -0.337938155 -0.042264559 0.939386016
155.830485000 -36.201241078 50.010346297 14.335136136 0.043949084 -0.341964201 -0.035114424 0.938027686
155.930980000 -36.146579931 50.064291048 14.349979648 0.044875863 -0.344168458 -0.033183474 0.937247612
156.031378000 -36.098999194 50.128106207 14.358572871 0.044469728 -0.345521200 -0.032756869 0.936784143
156.131493000 -36.048275253 50.190945234 14.371353866 0.053855737 -0.345819058 -0.035921143 0.936065388
156.231217000 -35.996957471 50.254831620 14.391332820 0.063820446 -0.345223805 -0.040066064 0.935490345
156.330850000 -35.941775127 50.319981389 14.417122710 0.073851031 -0.344658563 -0.041102637 0.934915543
156.430617000 -35.881880080 50.378067005 14.454681985 0.085181903 -0.344078384 -0.039338498 0.934241185
156.530500000 -35.821189914 50.429965839 14.500806823 0.078521264 -0.344334553 -0.025826249 0.935201118
156.630477000 -35.768185033 50.486230290 14.552141017 0.064320469 -0.340324695 -0.018947643 0.937914157
156.730476000 -35.715660945 50.545665973 14.608121708 0.054787008 -0.332875140 -0.018318649 0.941199741
156.830434000 -35.668094309 50.607151651 14.665651764 0.050159391 -0.324388468 -0.014317594 0.944484602
156.930332000 -35.624013028 50.673974323 14.728881628 0.047089077 -0.312578119 -0.019601748 0.948521644
157.030317000 -35.582701882 50.746939395 14.786681963 0.045717257 -0.300928025 -0.020923610 0.952320565
157.130618000 -35.544759651 50.816676672 14.841629974 0.046519604 -0.289242627 -0.021010733 0.955893916
157.230862000 -35.505870381 50.889214485 14.897906445 0.047741518 -0.279751887 -0.018083869 0.958714036
157.331049000 -35.467495999 50.964720318 14.958875781 0.047971760 -0.271071247 -0.016696917 0.961218134
157.431054000 -35.435212228 51.039348506 15.013572414 0.048626931 -0.263327759 -0.014828687 0.963365986
157.530834000 -35.402362443 51.117644977 15.071506088 0.049487869 -0.256219371 -0.012510581 0.965269947
157.630436000 -35.368365020 51.198013381 15.132387338 0.050294801 -0.249663213 -0.011009178 0.966963035
157.729943000 -35.337681885 51.277915280 15.190837382 0.050521505 -0.244039654 -0.008920476 0.968407275
157.829371000 -35.306978980 51.359476748 15.246285096 0.050954380 -0.238814539 -0.003831092 0.969719851
157.928922000 -35.271513105 51.446607066 15.305664905 0.054258748 -0.236886258 0.011749431 0.969949916
158.028749000 -35.252182051 51.525665126 15.368814837 0.057138163 -0.234625098 0.020222350 0.970194491
158.128951000 -35.235103026 51.603688174 15.434776954 0.056972964 -0.228908117 0.016152407 0.971645128
158.229287000 -35.228177423 51.677747591 15.497470185 0.055496687 -0.223642776 0.010461220 0.973033704
158.329676000 -35.223126847 51.748600356 15.563218634 0.053944512 -0.218070594 0.000800145 0.974440642
158.429858000 -35.217056895 51.817426459 15.629831613 0.055304620 -0.216177075 0.007347245 0.974758888
158.529820000 -35.217773778 51.884305828 15.697323327 0.055632266 -0.216193217 0.007398920 0.974736272
158.629872000 -35.219310312 51.940968395 15.763233518 0.055228275 -0.215233929 0.001488352 0.974998450
158.729879000 -35.230102439 51.995424977 15.824813370 0.055054231 -0.215396493 -0.000372121 0.974973458
158.829729000 -35.236790249 52.043086511 15.889716926 0.055770186 -0.220368137 -0.002237904 0.973818547
158.929588000 -35.246094851 52.088356149 15.954636308 0.054822031 -0.228252666 -0.004220746 0.972048070
159.029432000 -35.258627282 52.125005254 16.018768111 0.054812052 -0.237913289 -0.005899190 0.969720633
159.129387000 -35.269886506 52.152871273 16.092333267 0.054527054 -0.246859971 -0.008504930 0.967478486
159.229212000 -35.272006095 52.183592582 16.193059879 0.053807409 -0.254817512 -0.009150177 0.965447602
159.329133000 -35.284983209 52.225946375 16.280350700 0.052703159 -0.260029210 -0.010787334 0.964101043
159.428906000 -35.294711927 52.276548743 16.368059651 0.048907600 -0.264176138 -0.022518576 0.962970367
159.528579000 -35.318732584 52.322106356 16.436212550 0.037167826 -0.264431905 -0.056290709 0.962042450
159.628146000 -35.343131619 52.438799837 16.590168579 0.038812274 -0.271428676 -0.047122001 0.960520483
159.727779000 -35.346143154 52.474960106 16.650686475 0.046403699 -0.281006033 -0.027691989 0.958183417
159.827617000 -35.350267845 52.510885858 16.710242269 0.055240294 -0.287134622 -0.018251542 0.956121906
159.927488000 -35.353593923 52.517345946 16.724420137 0.055929624 -0.288247123 -0.018107438 0.955749755
160.027466000 -35.374826234 52.532472861 16.764359664 0.047485657 -0.284257629 -0.044837592 0.956520937
160.127695000 -35.386250710 52.534836493 16.792384796 0.036425391 -0.277177792 -0.081181396 0.956689732
160.228095000 -35.504056445 52.478189583 16.722646158 0.038211251 -0.282563958 -0.080086318 0.955135431
160.329156000 -35.492328187 52.486100689 16.744689902 0.037951794 -0.281385903 -0.076700423 0.955771249
160.430243000 -35.490750929 52.487164601 16.747654424 0.037916863 -0.281227188 -0.076244997 0.955855784
160.531373000 -35.490750929 52.487164601 16.747654424 0.037916863 -0.281227188 -0.076244997 0.955855784
160.632679000 -35.490750929 52.487164601 16.747654424 0.037916863 -0.281227188 -0.076244997 0.955855784
160.734152000 -35.490855455 52.491074147 16.740462879 0.038195434 -0.281382761 -0.076265484 0.955797273
160.834915000 -35.490889137 52.492333964 16.738145466 0.038285201 -0.281432885 -0.076272085 0.955778397
160.934703000 -35.492260298 52.494423130 16.736706471 0.038626066 -0.283034303 -0.076333500 0.955286767
161.033686000 -35.494506588 52.500704083 16.731262959 0.039060086 -0.283591435 -0.076283615 0.955107856
161.132191000 -35.494506588 52.500704083 16.731262959 0.039060086 -0.283591435 -0.076283615 0.955107856
161.230442000 -35.494506588 52.500704083 16.731262959 0.039060086 -0.283591435 -0.076283615 0.955107856
161.328864000 -35.494929191 52.502702370 16.728508147 0.039349095 -0.284032929 -0.076471599 0.954949757
161.427670000 -35.495518312 52.504216677 16.730258076 0.039303934 -0.283999767 -0.076347982 0.954971371
161.526895000 -35.495888047 52.504717198 16.729476767 0.039450707 -0.284073096 -0.076330675 0.954944891
161.626532000 -35.460898590 52.504039105 16.759792194 0.039180934 -0.283599140 -0.076266452 0.955101990
161.726491000 -35.460898590 52.504039105 16.759792194 0.039180934 -0.283599140 -0.076266452 0.955101990
161.826642000 -35.460898590 52.504039105 16.759792194 0.039180934 -0.283599140 -0.076266452 0.955101990
161.926877000 -35.460898590 52.504039105 16.759792194 0.039180934 -0.283599140 -0.076266452 0.955101990
162.027062000 -35.460374138 52.504956173 16.760911537 0.039355286 -0.284195962 -0.076386284 0.954907824
162.127301000 -35.466212836 52.507244433 16.745600276 0.039517859 -0.284014676 -0.076376625 0.954955818
162.227374000 -35.466212836 52.507244433 16.745600276 0.039517859 -0.284014676 -0.076376625 0.954955818
162.327334000 -35.466212836 52.507244433 16.745600276 0.039517859 -0.284014676 -0.076376625 0.954955818
162.427241000 -35.354284203 52.500617581 16.662816349 0.039440925 -0.283814446 -0.076339772 0.955021472
162.527147000 -35.354284203 52.500617581 16.662816349 0.039440925 -0.283814446 -0.076339772 0.955021472
162.627096000 -35.354284203 52.500617581 16.662816349 0.039440925 -0.283814446 -0.076339772 0.955021472
162.727061000 -35.405478219 52.507439332 16.627379645 0.039380691 -0.283648394 -0.076270980 0.955078786
162.827021000 -35.405478219 52.507439332 16.627379645 0.039380691 -0.283648394 -0.076270980 0.955078786
162.926956000 -35.380220731 52.503451035 16.668106462 0.039442798 -0.283775776 -0.076319257 0.955034526
163.026915000 -35.380220731 52.503451035 16.668106462 0.039442798 -0.283775776 -0.076319257 0.955034526
