0.030223000 19.694076566 -15.758117620 -8.825055569 0.099508589 -0.170748154 -0.213601502 0.956722273
0.130276000 19.694076566 -15.758117620 -8.825055569 0.099508589 -0.170748154 -0.213601502 0.956722273
0.230376000 19.751850067 -15.740656984 -8.751607338 0.099580877 -0.171232281 -0.213635336 0.956620666
0.330564000 19.774087883 -15.733976526 -8.724613615 0.099635195 -0.171448421 -0.213631003 0.956577264
0.430791000 19.761791716 -15.742508338 -8.755247773 0.099676621 -0.171687731 -0.213671407 0.956521000
0.530922000 19.761791716 -15.742508338 -8.755247773 0.099676621 -0.171687731 -0.213671407 0.956521000
0.630978000 19.763932785 -15.741222442 -8.754462245 0.099773390 -0.172357507 -0.213805707 0.956360434
0.730982000 19.763932785 -15.741222442 -8.754462245 0.099773390 -0.172357507 -0.213805707 0.956360434
0.830917000 19.764689290 -15.738889775 -8.748848378 0.099870759 -0.172984733 -0.213911698 0.956213313
0.930828000 19.766142904 -15.740116190 -8.747096132 0.099962036 -0.173535214 -0.213991350 0.956086200
1.030754000 19.766142904 -15.740116190 -8.747096132 0.099962036 -0.173535214 -0.213991350 0.956086200
1.130878000 19.766142904 -15.740116190 -8.747096132 0.099962036 -0.173535214 -0.213991350 0.956086200
1.230942000 19.766142904 -15.740116190 -8.747096132 0.099962036 -0.173535214 -0.213991350 0.956086200
1.330936000 19.762464769 -15.736313623 -8.751605949 0.099982779 -0.173818242 -0.214030781 0.956023790
1.430882000 19.762293972 -15.736137049 -8.751815365 0.099983742 -0.173831385 -0.214032611 0.956020890
1.530790000 19.765344018 -15.733703469 -8.759160607 0.099928645 -0.173544388 -0.213985765 0.956089276
1.630644000 19.765344018 -15.733703469 -8.759160607 0.099928645 -0.173544388 -0.213985765 0.956089276
1.730501000 19.765344018 -15.733703469 -8.759160607 0.099928645 -0.173544388 -0.213985765 0.956089276
1.830460000 19.765344018 -15.733703469 -8.759160607 0.099928645 -0.173544388 -0.213985765 0.956089276
1.930550000 19.765344018 -15.733703469 -8.759160607 0.099928645 -0.173544388 -0.213985765 0.956089276
2.030679000 19.765344018 -15.733703469 -8.759160607 0.099928645 -0.173544388 -0.213985765 0.956089276
2.130821000 19.765344018 -15.733703469 -8.759160607 0.099928645 -0.173544388 -0.213985765 0.956089276
2.230762000 19.765344018 -15.733703469 -8.759160607 0.099928645 -0.173544388 -0.213985765 0.956089276
2.330689000 19.765344018 -15.733703469 -8.759160607 0.099928645 -0.173544388 -0.213985765 0.956089276
2.430605000 19.765344018 -15.733703469 -8.759160607 0.099928645 -0.173544388 -0.213985765 0.956089276
2.530493000 19.765344018 -15.733703469 -8.759160607 0.099928645 -0.173544388 -0.213985765 0.956089276
2.630426000 19.765344018 -15.733703469 -8.759160607 0.099928645 -0.173544388 -0.213985765 0.956089276
2.730416000 19.765344018 -15.733703469 -8.759160607 0.099928645 -0.173544388 -0.213985765 0.956089276
2.830437000 19.755660467 -15.712447115 -8.866302560 0.099937071 -0.173608306 -0.213996914 0.956074296
2.930731000 19.755660467 -15.712447115 -8.866302560 0.099937071 -0.173608306 -0.213996914 0.956074296
3.031136000 19.755660467 -15.712447115 -8.866302560 0.099937071 -0.173608306 -0.213996914 0.956074296
3.131636000 19.716673047 -15.731294772 -8.891726468 0.099910562 -0.173546848 -0.213985623 0.956090751
3.231961000 19.716070957 -15.731585840 -8.892119095 0.099910153 -0.173545898 -0.213985448 0.956091005
3.332064000 19.716070957 -15.731585840 -8.892119095 0.099910153 -0.173545898 -0.213985448 0.956091005
3.431964000 19.716070957 -15.731585840 -8.892119095 0.099910153 -0.173545898 -0.213985448 0.956091005
3.531722000 19.716070957 -15.731585840 -8.892119095 0.099910153 -0.173545898 -0.213985448 0.956091005
3.631463000 19.716070957 -15.731585840 -8.892119095 0.099910153 -0.173545898 -0.213985448 0.956091005
3.731275000 19.716070957 -15.731585840 -8.892119095 0.099910153 -0.173545898 -0.213985448 0.956091005
3.831188000 19.716070957 -15.731585840 -8.892119095 0.099910153 -0.173545898 -0.213985448 0.956091005
3.931194000 19.716070957 -15.731585840 -8.892119095 0.099910153 -0.173545898 -0.213985448 0.956091005
4.031262000 19.716070957 -15.731585840 -8.892119095 0.099910153 -0.173545898 -0.213985448 0.956091005
4.131469000 19.716070957 -15.731585840 -8.892119095 0.099910153 -0.173545898 -0.213985448 0.956091005
4.231566000 19.700084882 -15.734610221 -8.904935643 0.099913286 -0.173530539 -0.213983325 0.956093941
4.331606000 19.700084882 -15.734610221 -8.904935643 0.099913286 -0.173530539 -0.213983325 0.956093941
4.431541000 19.750326159 -15.717900459 -8.863855298 0.099911503 -0.173522180 -0.213988881 0.956094401
4.531379000 19.777997527 -15.707012382 -8.889628081 0.099909497 -0.173496733 -0.213986050 0.956099862
4.631215000 19.777997527 -15.707012382 -8.889628081 0.099909497 -0.173496733 -0.213986050 0.956099862
4.731091000 19.777997527 -15.707012382 -8.889628081 0.099909497 -0.173496733 -0.213986050 0.956099862
4.830996000 19.777997527 -15.707012382 -8.889628081 0.099909497 -0.173496733 -0.213986050 0.956099862
4.930918000 19.777997527 -15.707012382 -8.889628081 0.099909497 -0.173496733 -0.213986050 0.956099862
5.030843000 19.777997527 -15.707012382 -8.889628081 0.099909497 -0.173496733 -0.213986050 0.956099862
5.130893000 19.777997527 -15.707012382 -8.889628081 0.099909497 -0.173496733 -0.213986050 0.956099862
5.230848000 19.777997527 -15.707012382 -8.889628081 0.099909497 -0.173496733 -0.213986050 0.956099862
5.330834000 19.777997527 -15.707012382 -8.889628081 0.099909497 -0.173496733 -0.213986050 0.956099862
5.430837000 19.777997527 -15.707012382 -8.889628081 0.099909497 -0.173496733 -0.213986050 0.956099862
5.530791000 19.777997527 -15.707012382 -8.889628081 0.099909497 -0.173496733 -0.213986050 0.956099862
5.630687000 19.777997527 -15.707012382 -8.889628081 0.099909497 -0.173496733 -0.213986050 0.956099862
5.730592000 19.777997527 -15.707012382 -8.889628081 0.099909497 -0.173496733 -0.213986050 0.956099862
5.830505000 19.777997527 -15.707012382 -8.889628081 0.099909497 -0.173496733 -0.213986050 0.956099862
5.930546000 19.777997527 -15.707012382 -8.889628081 0.099909497 -0.173496733 -0.213986050 0.956099862
6.030778000 19.777997527 -15.707012382 -8.889628081 0.099909497 -0.173496733 -0.213986050 0.956099862
6.131146000 19.777997527 -15.707012382 -8.889628081 0.099909497 -0.173496733 -0.213986050 0.956099862
6.231416000 19.777997527 -15.707012382 -8.889628081 0.099909497 -0.173496733 -0.213986050 0.956099862
6.331618000 19.777997527 -15.707012382 -8.889628081 0.099909497 -0.173496733 -0.213986050 0.956099862
6.431744000 19.777997527 -15.707012382 -8.889628081 0.099909497 -0.173496733 -0.213986050 0.956099862
6.531738000 19.777997527 -15.707012382 -8.889628081 0.099909497 -0.173496733 -0.213986050 0.956099862
6.631632000 19.777997527 -15.707012382 -8.889628081 0.099909497 -0.173496733 -0.213986050 0.956099862
6.731465000 19.777997527 -15.707012382 -8.889628081 0.099909497 -0.173496733 -0.213986050 0.956099862
6.831249000 19.777997527 -15.707012382 -8.889628081 0.099909497 -0.173496733 -0.213986050 0.956099862
6.931055000 19.777997527 -15.707012382 -8.889628081 0.099909497 -0.173496733 -0.213986050 0.956099862
7.030908000 19.777997527 -15.707012382 -8.889628081 0.099909497 -0.173496733 -0.213986050 0.956099862
7.130963000 19.777997527 -15.707012382 -8.889628081 0.099909497 -0.173496733 -0.213986050 0.956099862
7.230963000 19.777997527 -15.707012382 -8.889628081 0.099909497 -0.173496733 -0.213986050 0.956099862
7.330965000 19.777997527 -15.707012382 -8.889628081 0.099909497 -0.173496733 -0.213986050 0.956099862
7.430947000 19.777997527 -15.707012382 -8.889628081 0.099909497 -0.173496733 -0.213986050 0.956099862
7.530873000 19.777997527 -15.707012382 -8.889628081 0.099909497 -0.173496733 -0.213986050 0.956099862
7.630765000 19.777997527 -15.707012382 -8.889628081 0.099909497 -0.173496733 -0.213986050 0.956099862
7.730723000 19.777997527 -15.707012382 -8.889628081 0.099909497 -0.173496733 -0.213986050 0.956099862
7.830754000 19.777997527 -15.707012382 -8.889628081 0.099909497 -0.173496733 -0.213986050 0.956099862
7.930908000 19.772706533 -15.682714363 -8.911998826 0.100592135 -0.178346048 -0.215266238 0.954847818
8.031118000 19.771163459 -15.671089773 -8.849491852 0.105239144 -0.186909671 -0.217559592 0.952185550
8.131458000 19.775045308 -15.679968628 -8.825765271 0.107351013 -0.194202814 -0.218794964 0.950205131
8.231680000 19.793519934 -15.687583585 -8.798924788 0.111426553 -0.202849210 -0.222705928 0.947015518
8.331777000 19.802581429 -15.698842962 -8.760358558 0.114875841 -0.214986027 -0.227378214 0.942806288
8.431952000 19.822070431 -15.733649207 -8.699697290 0.106801564 -0.228497454 -0.261732325 0.931599983
8.532281000 19.833207841 -15.744519674 -8.670240842 0.095101658 -0.241069122 -0.282475650 0.923606443
8.632975000 19.847156652 -15.743316867 -8.658707519 0.096402728 -0.246277385 -0.287193254 0.920637821
8.733508000 19.872922607 -15.747892867 -8.645472198 0.106276424 -0.263662550 -0.256231069 0.923868508
8.833945000 19.895980845 -15.751709032 -8.631257168 0.106610280 -0.269071319 -0.251896627 0.923462486
8.934482000 19.911927278 -15.758435435 -8.622240206 0.105761374 -0.272267277 -0.251925825 0.922615001
9.034887000 19.931480673 -15.771153130 -8.612897136 0.104765547 -0.275520785 -0.255685845 0.920726466
9.135177000 19.960187939 -15.792484026 -8.604277053 0.104066228 -0.280563168 -0.264074092 0.916907522
9.235113000 19.993156804 -15.814828594 -8.591745426 0.101991385 -0.286172404 -0.278390119 0.911154243
9.334962000 20.031092224 -15.842854302 -8.570951823 0.090075983 -0.290012050 -0.315930860 0.898869857
9.434947000 20.077793662 -15.858625175 -8.573359770 0.077098699 -0.293859181 -0.348846308 0.886571388
9.534834000 20.140835183 -15.866636119 -8.579679769 0.084691650 -0.308594353 -0.326966080 0.889207531
9.634628000 20.214860265 -15.867902683 -8.584582684 0.086502145 -0.321697118 -0.324634421 0.885234904
9.734316000 20.284078605 -15.871740437 -8.603414390 0.101456684 -0.343584275 -0.294949468 0.885811040
9.833932000 20.339387039 -15.862416092 -8.618593216 0.102558362 -0.356911875 -0.291089724 0.881681614
9.933561000 20.415135133 -15.855080622 -8.625293174 0.109764493 -0.378768575 -0.280095700 0.875232838
10.033395000 20.501346091 -15.863019014 -8.641854153 0.118283856 -0.399029449 -0.269611628 0.868385858
10.133611000 20.574265945 -15.863253189 -8.639902071 0.120111089 -0.410219163 -0.270729642 0.862553781
10.233998000 20.645515685 -15.873103423 -8.675484765 0.113564629 -0.416727150 -0.289705184 0.854115018
10.334614000 20.731282899 -15.874108485 -8.699742062 0.107295824 -0.423092138 -0.304274309 0.846698172
10.435115000 20.821408655 -15.873149771 -8.727190788 0.105565594 -0.430115295 -0.309707353 0.841390572
10.535477000 20.916488883 -15.866108146 -8.759234097 0.109755646 -0.439875506 -0.304555897 0.837680693
10.635604000 20.966499042 -15.868808468 -8.793877989 0.118707278 -0.447707291 -0.291792499 0.836853572
10.735496000 21.008734776 -15.863967389 -8.808377269 0.121851889 -0.452653321 -0.288333146 0.834937773
10.835223000 21.081667664 -15.851104030 -8.813848887 0.124559447 -0.463264722 -0.284685835 0.829954648
10.934761000 21.105540264 -15.848494908 -8.819286923 0.124167111 -0.465469119 -0.286173183 0.828266827
11.034212000 21.105540264 -15.848494908 -8.819286923 0.124167111 -0.465469119 -0.286173183 0.828266827
11.133727000 21.105540264 -15.848494908 -8.819286923 0.124167111 -0.465469119 -0.286173183 0.828266827
11.233283000 21.105540264 -15.848494908 -8.819286923 0.124167111 -0.465469119 -0.286173183 0.828266827
11.333031000 21.105540264 -15.848494908 -8.819286923 0.124167111 -0.465469119 -0.286173183 0.828266827
11.432971000 21.105540264 -15.848494908 -8.819286923 0.124167111 -0.465469119 -0.286173183 0.828266827
11.533101000 21.105540264 -15.848494908 -8.819286923 0.124167111 -0.465469119 -0.286173183 0.828266827
11.633369000 21.105540264 -15.848494908 -8.819286923 0.124167111 -0.465469119 -0.286173183 0.828266827
11.733727000 21.178953983 -15.852145404 -8.823572931 0.116596837 -0.470049727 -0.303789797 0.820469494
11.833986000 21.322767002 -15.848093472 -8.833031205 0.110766937 -0.482226936 -0.307882532 0.812647657
11.934174000 21.471843182 -15.849681025 -8.845331484 0.121278822 -0.495354225 -0.292027420 0.809095560
12.034438000 21.590065683 -15.844963283 -8.849634408 0.112747749 -0.506344472 -0.289736700 0.804335668
12.134703000 21.751403032 -15.836842055 -8.861193522 0.103534159 -0.519438314 -0.286391692 0.798401099
12.234678000 21.919062116 -15.833302110 -8.878781538 0.109237556 -0.532562648 -0.268626376 0.795162909
12.334486000 22.086577673 -15.827805507 -8.893266437 0.113817011 -0.548511905 -0.251195823 0.789354823
12.434324000 22.256195009 -15.821747960 -8.901483651 0.114071145 -0.559983407 -0.247963241 0.782253532
12.534121000 22.421866979 -15.818300047 -8.911537197 0.106545780 -0.567038522 -0.259688373 0.774388314
12.633931000 22.587874346 -15.811820035 -8.924435084 0.104244192 -0.574460878 -0.262566710 0.768236012
12.733925000 22.750908960 -15.807869249 -8.939461499 0.113605705 -0.582317990 -0.254486072 0.763699117
12.833942000 22.917056855 -15.808822067 -8.949398838 0.121961430 -0.586442164 -0.259669641 0.757484439
12.934210000 23.086263248 -15.815159521 -8.956539749 0.111040596 -0.590583321 -0.272942469 0.751254774
13.034735000 23.252785404 -15.821189267 -8.962632534 0.083819703 -0.590468727 -0.300907250 0.744161116
13.135361000 23.409727780 -15.816591930 -8.991635797 0.060450465 -0.588514647 -0.326156735 0.737304575
13.235719000 23.584352634 -15.795156792 -9.020451173 0.052856081 -0.588491107 -0.334798103 0.734026350
13.335717000 23.742484066 -15.772732043 -9.073798851 0.055354882 -0.589665263 -0.330588895 0.734807252
13.435516000 23.923368966 -15.726261805 -9.113728748 0.067093519 -0.592894060 -0.315576213 0.737825689
13.535154000 24.086955119 -15.684915183 -9.185194312 0.079807209 -0.595856965 -0.301142660 0.740201584
13.634771000 24.245810756 -15.631797839 -9.246180031 0.105933083 -0.597713176 -0.283424097 0.742420314
13.734457000 24.399964476 -15.583092752 -9.319494788 0.130442971 -0.596760461 -0.275122851 0.742407570
13.834282000 24.561022753 -15.531901706 -9.385303306 0.139696844 -0.595893675 -0.272023173 0.742562397
13.934303000 24.727332329 -15.462146997 -9.443624752 0.140739183 -0.593867527 -0.283421079 0.739720443
14.034718000 24.898649023 -15.392497715 -9.503669230 0.147096383 -0.593597123 -0.280091114 0.739968971
14.135364000 25.066615063 -15.314137874 -9.555919911 0.154565397 -0.593382525 -0.280177011 0.738584836
14.235921000 25.253114114 -15.237352154 -9.602684420 0.162228765 -0.593509467 -0.285248532 0.734888846
14.336305000 25.454479289 -15.156469847 -9.652710239 0.156340722 -0.598974468 -0.281479929 0.733182253
14.436339000 25.657699142 -15.069628936 -9.695468374 0.144333908 -0.609134504 -0.267817523 0.732391052
14.536055000 25.861292686 -14.989691388 -9.735439864 0.138899416 -0.619556254 -0.261841182 0.726839869
14.635765000 26.072168940 -14.914450496 -9.772248596 0.136933534 -0.632445893 -0.260144782 0.716649212
14.735700000 26.278795446 -14.847389087 -9.806498387 0.134010147 -0.647429483 -0.256962950 0.704873313
14.835972000 26.493370483 -14.793082479 -9.833756384 0.131439410 -0.662129323 -0.256932916 0.691587968
14.936393000 26.709342999 -14.741090465 -9.858146522 0.118713977 -0.675234830 -0.269961458 0.676081154
15.036778000 26.915587395 -14.697354652 -9.889733080 0.114313223 -0.686843780 -0.275027084 0.662976781
15.137004000 27.117441875 -14.654120337 -9.920791695 0.119584047 -0.698197098 -0.270963797 0.651766131
15.236960000 27.319348391 -14.616723441 -9.949221254 0.123682565 -0.706817210 -0.267865501 0.642930889
15.336588000 27.520992187 -14.583032120 -9.975826596 0.111570704 -0.711986937 -0.280380160 0.634045381
15.436112000 27.713699436 -14.544963946 -10.007587055 0.093498493 -0.715347651 -0.296596888 0.625752392
15.535622000 27.900227587 -14.514531709 -10.048413840 0.108599538 -0.721148925 -0.285407796 0.621846250
15.635182000 28.075886963 -14.484139913 -10.082070452 0.125016017 -0.727291728 -0.270519477 0.618253145
15.734794000 28.264452654 -14.445727719 -10.119799251 0.125536854 -0.730688085 -0.272573099 0.613220456
15.834550000 28.429808875 -14.417197666 -10.149004272 0.121184748 -0.732426610 -0.277023903 0.610019077
15.934466000 28.605548147 -14.382471230 -10.182181340 0.118580573 -0.734741091 -0.279202150 0.606745693
16.034529000 28.785101629 -14.336919650 -10.225503537 0.107693737 -0.737233182 -0.287784337 0.601722087
16.134723000 28.956918518 -14.284449922 -10.264102375 0.099659952 -0.742476804 -0.292535233 0.594322494
16.234855000 29.130657278 -14.225085166 -10.309960860 0.092277822 -0.748857435 -0.297570935 0.584934940
16.334885000 29.288754264 -14.173599075 -10.366175023 0.082161487 -0.755979949 -0.305350133 0.573153647
16.434784000 29.455109281 -14.098727467 -10.427483359 0.079094800 -0.766277308 -0.306817243 0.558951053
16.534597000 29.607324717 -14.026731043 -10.493682361 0.085190599 -0.778350695 -0.302114843 0.543727303
16.634399000 29.754121785 -13.959347470 -10.557485944 0.088446876 -0.790421106 -0.299333845 0.527077674
16.734188000 29.886361926 -13.898334170 -10.633435143 0.079629762 -0.800215706 -0.305421138 0.509933185
16.834069000 30.025892470 -13.818100169 -10.718250180 0.085177542 -0.812538612 -0.300519841 0.492152024
16.934168000 30.155600527 -13.751123953 -10.805111582 0.086991300 -0.825697719 -0.298060019 0.470973476
17.034561000 30.282324076 -13.683488634 -10.901562836 0.080899481 -0.837662622 -0.299121135 0.449781228
17.134937000 30.404362340 -13.615602677 -11.004008340 0.079487718 -0.847162255 -0.299365554 0.431715278
17.235027000 30.508559140 -13.555583573 -11.115168744 0.083062687 -0.855781918 -0.296389440 0.415801875
17.334959000 30.600429659 -13.508292566 -11.224641139 0.117158559 -0.863208562 -0.281701638 0.402230081
17.434761000 30.711777383 -13.441923483 -11.345200777 0.134159196 -0.870234214 -0.273761327 0.386973460
17.534516000 30.819616669 -13.374001291 -11.457733445 0.140783305 -0.877479961 -0.269465680 0.370941001
17.634380000 30.923349747 -13.310982081 -11.567989572 0.145898345 -0.881625937 -0.271405664 0.357474957
17.734332000 31.020148498 -13.261286292 -11.668190807 0.154439238 -0.880627744 -0.289690260 0.341647261
17.834384000 31.124276951 -13.202875836 -11.774139949 0.159588817 -0.881309608 -0.302790550 0.325795437
17.934511000 31.240494576 -13.141576029 -11.888806481 0.163968048 -0.881250252 -0.318153921 0.308691684
18.034686000 31.361997881 -13.088975113 -12.008139978 0.165812473 -0.884026484 -0.325636667 0.291486124
18.134941000 31.489434307 -13.035381030 -12.133135667 0.163413896 -0.891258008 -0.321257571 0.275224698
18.235069000 31.621038414 -12.968385625 -12.262491677 0.159031431 -0.898423431 -0.315617554 0.260633656
18.335130000 31.750312088 -12.914157699 -12.393292869 0.158161941 -0.903815276 -0.312246204 0.246180939
18.435074000 31.885773011 -12.851656736 -12.523107322 0.156014701 -0.909431432 -0.303625393 0.237498430
18.534841000 32.032412687 -12.787886116 -12.663872916 0.155857803 -0.911788411 -0.299354449 0.233959725
18.634440000 32.181500261 -12.725144150 -12.812648079 0.154914517 -0.912749894 -0.300314356 0.229565700
18.734131000 32.321251761 -12.654122197 -12.950247922 0.155202158 -0.915196696 -0.297869178 0.222713381
18.834190000 32.471509395 -12.590725720 -13.098356518 0.155868836 -0.914616544 -0.302659375 0.218125620
18.934245000 32.623384992 -12.520894720 -13.245509603 0.155592047 -0.915356795 -0.301101099 0.217373369
19.034195000 32.779722871 -12.458788650 -13.398319260 0.156912199 -0.913669655 -0.306123194 0.216506152
19.134247000 32.938536048 -12.385718658 -13.556831805 0.156768347 -0.913120602 -0.307523138 0.216942320
19.234173000 33.062375348 -12.320864204 -13.680926829 0.158384197 -0.910141791 -0.315877821 0.216281226
19.333985000 33.177943174 -12.265303162 -13.805510486 0.159432622 -0.908263457 -0.321910639 0.214504713
19.433759000 33.346674676 -12.191054643 -13.984135589 0.158880713 -0.909816780 -0.320934313 0.209741535
19.533647000 33.515163083 -12.089221419 -14.165876429 0.154128917 -0.917027641 -0.304132945 0.206900300
19.633706000 33.596580849 -12.034557390 -14.256288082 0.152706012 -0.917405967 -0.306686152 0.202461773
19.733950000 33.764742184 -11.943793892 -14.442532084 0.148573989 -0.922866960 -0.300443167 0.189674056
19.834351000 33.899478483 -11.877822431 -14.591242940 0.148365002 -0.923765107 -0.306084035 0.175950042
19.934686000 33.981568574 -11.837990679 -14.688734335 0.152500897 -0.924645386 -0.304921735 0.169697148
20.034830000 34.073179514 -11.781477575 -14.790187459 0.155103018 -0.927982431 -0.295257598 0.166176447
20.134939000 34.179861545 -11.711329515 -14.909871675 0.150710382 -0.931472713 -0.287738651 0.163864075
20.234886000 34.358389913 -11.604904168 -15.111982989 0.162428673 -0.933340959 -0.276255206 0.161785790
20.334739000 34.543942088 -11.502918751 -15.307418432 0.156311238 -0.936101576 -0.274726532 0.154291832
20.434606000 34.735483676 -11.411952529 -15.507145910 0.149950401 -0.937614856 -0.275935876 0.149173230
20.534431000 34.925421173 -11.330128501 -15.702787220 0.148192233 -0.937988008 -0.276521451 0.147490495
20.634226000 35.115857189 -11.265616086 -15.895202636 0.147813645 -0.938096950 -0.276420720 0.147366293
20.734107000 35.305483852 -11.202280301 -16.082510378 0.138252200 -0.937247359 -0.278930671 0.157007641
20.833642000 35.495160144 -11.132850322 -16.275125662 0.142295609 -0.933711320 -0.280838474 0.170484259
20.933344000 35.682759973 -11.069197636 -16.467240503 0.146034338 -0.930507373 -0.281605915 0.183106826
21.033510000 35.867232244 -11.001088113 -16.661751738 0.146320859 -0.928244927 -0.281926639 0.193568932
21.134082000 36.055977681 -10.943838387 -16.850221289 0.146403427 -0.925403812 -0.283750605 0.204155371
21.234493000 36.246583908 -10.886670454 -17.040505130 0.147330355 -0.923549955 -0.284290857 0.211016483
21.334830000 36.441006589 -10.830529623 -17.235573787 0.144237069 -0.923391646 -0.284212485 0.213931765
21.435108000 36.628796473 -10.773130412 -17.423699505 0.148419058 -0.918212340 -0.297938919 0.214686474
21.535304000 36.820388931 -10.720545011 -17.619417510 0.151712871 -0.916271218 -0.302173334 0.214759252
21.635417000 37.006538385 -10.662045945 -17.814315775 0.150745528 -0.919130704 -0.293733922 0.214930031
21.735309000 37.196922223 -10.598127096 -18.006237700 0.149688749 -0.920904815 -0.290265993 0.212775125
21.834960000 37.385168495 -10.548725730 -18.188499360 0.149774427 -0.919755402 -0.296265884 0.209389943
21.934563000 37.578107039 -10.490589739 -18.379959458 0.149142497 -0.920834548 -0.294403430 0.207718250
22.034086000 37.764874564 -10.438699757 -18.557459896 0.149073990 -0.921073866 -0.294646806 0.206356824
22.133706000 37.951557437 -10.376330449 -18.744726881 0.150340201 -0.919233847 -0.300574169 0.205090535
22.233351000 38.143646858 -10.309003564 -18.934666136 0.148960798 -0.921738643 -0.292722677 0.206208605
22.333175000 38.323528117 -10.230272417 -19.120665042 0.148490306 -0.922163239 -0.290998669 0.207087821
22.433131000 38.511811260 -10.161417625 -19.307452386 0.150701289 -0.919127047 -0.299573586 0.206761361
22.533192000 38.705972667 -10.087030329 -19.506439259 0.152837911 -0.918862751 -0.298726041 0.207592316
22.633437000 38.896738692 -10.024830506 -19.690728389 0.152406722 -0.918195708 -0.302541946 0.205322196
22.733776000 39.084110315 -9.948608603 -19.876053508 0.153080057 -0.916040820 -0.309771120 0.203660417
22.834133000 39.259887473 -9.885504372 -20.062951366 0.157275639 -0.912108970 -0.319698749 0.202766639
22.934435000 39.453155895 -9.803923427 -20.258153279 0.152867988 -0.915185889 -0.313084525 0.202593799
23.034675000 39.639554007 -9.723200590 -20.440253343 0.151950897 -0.916642427 -0.309470329 0.202251580
23.134907000 39.831148649 -9.645357875 -20.646807128 0.152276989 -0.916645249 -0.308503512 0.203466923
23.234947000 40.062474612 -9.547324119 -20.854003291 0.152350526 -0.918517389 -0.303568259 0.202389314
23.334888000 40.251596308 -9.453464722 -21.047835284 0.149616951 -0.919915597 -0.300565726 0.202559389
23.434722000 40.438825561 -9.345725526 -21.236327213 0.151554343 -0.916536267 -0.311575127 0.199783614
23.534467000 40.626443073 -9.260170425 -21.436500351 0.154334129 -0.911325377 -0.326678339 0.197353229
23.634174000 40.818075015 -9.131693448 -21.642257993 0.155451213 -0.910423542 -0.329094587 0.196623109
23.734130000 41.000992744 -9.022161861 -21.837895142 0.158181915 -0.904698198 -0.345043085 0.193506902
23.834420000 41.197263492 -8.922475824 -22.048058077 0.171537266 -0.897657639 -0.358722301 0.190010631
23.934808000 41.402494425 -8.806013091 -22.264174825 0.174918202 -0.896832374 -0.360904721 0.186663061
24.035080000 41.609057246 -8.696261474 -22.488219170 0.165747359 -0.901544981 -0.352980979 0.187480371
24.135011000 41.823326304 -8.582161255 -22.727128140 0.160981604 -0.904859235 -0.346056485 0.188572525
24.234668000 42.041523227 -8.464630488 -22.962807985 0.155251338 -0.912281976 -0.327377613 0.190951610
24.334396000 42.257323073 -8.313179484 -23.214622159 0.147029119 -0.921276631 -0.304744939 0.191735051
24.434275000 42.473918222 -8.191069831 -23.460243084 0.145645136 -0.925151162 -0.295009142 0.189347374
24.534289000 42.695353732 -8.063534665 -23.718618121 0.148663903 -0.926969338 -0.288560209 0.188042270
24.634383000 42.918853158 -7.942576335 -23.982557165 0.145574805 -0.927518897 -0.289317184 0.186580383
24.734582000 43.122331375 -7.819096521 -24.220536263 0.147469121 -0.924165181 -0.300886731 0.183408701
24.834952000 43.309550990 -7.719368388 -24.430163027 0.158753984 -0.924645418 -0.295101071 0.180951324
24.935469000 43.527546529 -7.604313708 -24.686332628 0.150850612 -0.926738474 -0.295382301 0.176491333
25.035911000 43.751123465 -7.508450964 -24.940651474 0.145718781 -0.930208921 -0.290804452 0.170029912
25.136321000 43.978141126 -7.428122362 -25.189470534 0.144497028 -0.932499701 -0.288409673 0.162433918
25.236296000 44.200668345 -7.343465915 -25.442685170 0.144327380 -0.933881689 -0.286518379 0.157929782
25.335693000 44.422908574 -7.246207704 -25.693979073 0.144385782 -0.933952372 -0.287818879 0.155067745
25.434876000 44.641347865 -7.154300141 -25.956780114 0.150128468 -0.931576871 -0.293843938 0.152583473
25.534329000 44.867338139 -7.074248277 -26.205277354 0.152471851 -0.931847867 -0.292131257 0.151892119
25.634183000 45.095135557 -6.995574477 -26.466785478 0.146934031 -0.932664173 -0.292273764 0.152065700
25.734190000 45.320377503 -6.922501711 -26.716220565 0.146481671 -0.933714082 -0.288593409 0.153084870
25.834301000 45.543004454 -6.842513003 -26.964105643 0.153402175 -0.933060267 -0.286634586 0.153970530
25.934464000 45.761856018 -6.750355502 -27.206648277 0.151389767 -0.931885439 -0.291635758 0.153685562
26.034681000 46.008841691 -6.652944747 -27.462605456 0.148215526 -0.932241044 -0.290757879 0.156264679
26.134889000 46.217463898 -6.539362633 -27.713292293 0.146544650 -0.930494546 -0.296444379 0.157560452
26.234972000 46.426574638 -6.444482325 -27.958835546 0.149117702 -0.926279845 -0.308038274 0.157740235
26.335124000 46.642998863 -6.341556028 -28.192908165 0.148044531 -0.927538450 -0.304346727 0.158519117
26.435283000 46.843382646 -6.233766228 -28.450685145 0.164436892 -0.927648005 -0.294274256 0.160724450
26.535376000 47.051324278 -6.050332239 -28.690007876 0.186299683 -0.924625897 -0.290339453 0.161438472
26.635361000 47.278494921 -5.907293553 -28.937376133 0.164831987 -0.927389651 -0.293302371 0.163562131
26.735188000 47.493936021 -5.775902422 -29.170130851 0.151021097 -0.927829376 -0.298981262 0.164120331
26.835116000 47.713992771 -5.635670062 -29.423640114 0.145941067 -0.928223171 -0.299699379 0.165176365
26.935162000 47.935012471 -5.504114106 -29.654466866 0.140653390 -0.930156506 -0.295318961 0.166769931
27.035172000 48.151756811 -5.375240470 -29.896215588 0.139596362 -0.930731786 -0.293054271 0.168435128
27.135221000 48.353443934 -5.201980629 -30.160724713 0.143653882 -0.930323724 -0.292000546 0.169106513
27.235114000 48.570102592 -5.045058728 -30.450646784 0.142816400 -0.928888792 -0.297252553 0.168552685
27.335003000 48.784047479 -4.925938950 -30.685129136 0.143609582 -0.928639984 -0.297948603 0.168019933
27.434910000 48.996790272 -4.807813581 -30.921841458 0.144528269 -0.928280381 -0.299367202 0.166692509
27.535018000 49.208145702 -4.681554420 -31.160625034 0.142802337 -0.929657536 -0.296076023 0.166383130
27.635154000 49.410886578 -4.575413080 -31.384064053 0.141430871 -0.930694890 -0.293597775 0.166146550
27.735031000 49.615413383 -4.452729325 -31.621830372 0.145435427 -0.930464366 -0.293277663 0.164538182
27.834818000 49.827178189 -4.320828755 -31.877050460 0.146762069 -0.926337948 -0.307470339 0.160688805
27.934776000 50.008788446 -4.180035234 -32.107830638 0.147010628 -0.926188503 -0.308694413 0.158966951
28.034971000 50.220252356 -4.074951820 -32.343811139 0.152543272 -0.925817482 -0.307353389 0.158513196
28.135272000 50.426544152 -3.968317462 -32.573619107 0.149360496 -0.929050654 -0.298753656 0.159067839
28.235723000 50.620339036 -3.869751153 -32.793000180 0.146340409 -0.929508221 -0.299424893 0.157935696
28.336109000 50.819514989 -3.761823079 -33.031375027 0.150429554 -0.930231585 -0.295963850 0.156350716
28.436219000 51.014776179 -3.668169790 -33.240122901 0.149986022 -0.928757478 -0.302238186 0.153511622
28.535869000 51.195471052 -3.556622711 -33.443058201 0.150832553 -0.925127001 -0.314033156 0.150906429
28.635294000 51.383836870 -3.428178230 -33.671875661 0.168973085 -0.910749123 -0.347741880 0.145119663
28.734931000 51.588437902 -3.320542263 -33.921874919 0.177144485 -0.903422255 -0.363379180 0.142841284
28.834990000 51.811670323 -3.202612965 -34.154086672 0.167691332 -0.910103879 -0.349958329 0.145326235
28.935167000 52.023842441 -3.065822748 -34.402024703 0.158567010 -0.916698182 -0.334478929 0.150481865
29.035455000 52.224276473 -2.923827616 -34.634798006 0.165932453 -0.917318474 -0.327900125 0.153214703
29.135870000 52.446111364 -2.815498871 -34.897263810 0.159951400 -0.914802716 -0.336052536 0.156908358
29.236011000 52.662408072 -2.695464613 -35.173301385 0.154702623 -0.917852821 -0.324900938 0.167489335
29.335952000 52.865523996 -2.573977793 -35.461954865 0.150476517 -0.921551599 -0.309164897 0.180323418
29.435621000 53.066174157 -2.433932207 -35.718544991 0.152906139 -0.921022486 -0.301802953 0.193008472
29.535138000 53.277613220 -2.298877779 -36.018889050 0.168109677 -0.916415658 -0.303743823 0.199151118
29.635287000 53.497350975 -2.141243891 -36.297269770 0.224385980 -0.910521011 -0.279875664 0.205601636
29.735885000 53.732711808 -1.999477390 -36.549862737 0.219805692 -0.910195842 -0.274527488 0.218777615
29.836001000 53.964805430 -1.857071349 -36.816178525 0.197074203 -0.911932605 -0.280071409 0.226054612
29.936158000 54.225390755 -1.712522852 -37.074845277 0.185341685 -0.912317539 -0.283796518 0.229749220
30.036431000 54.473367013 -1.564610563 -37.326979720 0.158015203 -0.914340215 -0.292238341 0.231538160
30.136755000 54.705841239 -1.430235347 -37.581122864 0.147113485 -0.914325240 -0.295648873 0.234432769
30.236918000 54.955358189 -1.294100358 -37.840864638 0.144792368 -0.913860159 -0.296378473 0.236758487
30.336961000 55.203287744 -1.157909955 -38.087823366 0.143881848 -0.913479924 -0.297067335 0.237914777
30.436829000 55.451540794 -1.034099913 -38.340427749 0.147256646 -0.912293063 -0.298138645 0.239061069
30.536560000 55.700873735 -0.899821295 -38.590607286 0.149590408 -0.911790732 -0.299012732 0.238436064
30.636253000 55.942461845 -0.788232003 -38.831279318 0.143294754 -0.913256989 -0.298267835 0.237622776
30.735943000 56.196667759 -0.654891289 -39.097896726 0.143481773 -0.913754166 -0.298410515 0.235409153
30.835656000 56.437839802 -0.539003224 -39.343502071 0.141763803 -0.914882652 -0.298764894 0.231586476
30.935376000 56.677995607 -0.426277453 -39.597422857 0.140041116 -0.915533450 -0.299669988 0.228877450
31.035100000 56.918361506 -0.323070521 -39.851434956 0.140066989 -0.915618586 -0.301055569 0.226692278
31.134947000 57.143322452 -0.228711468 -40.086558343 0.141290104 -0.914491777 -0.305105058 0.225061767
31.234773000 57.376455805 -0.138113151 -40.340896425 0.142165990 -0.914609641 -0.304236349 0.225207192
31.334827000 57.620545216 -0.020261905 -40.614490162 0.142976370 -0.915548450 -0.301274507 0.224860990
31.434994000 57.851244683 0.096436179 -40.883135133 0.155206676 -0.915255037 -0.295959293 0.225004892
31.535243000 58.076076633 0.193984304 -41.131437742 0.155192955 -0.912962239 -0.304885101 0.222396429
31.635580000 58.324559991 0.295291960 -41.385894760 0.149495928 -0.913641381 -0.306396440 0.221430836
31.735921000 58.550389680 0.408143952 -41.639406505 0.149108740 -0.913777665 -0.306429949 0.221082899
31.836272000 58.785189088 0.528706350 -41.904573483 0.146454400 -0.915456408 -0.302250804 0.221664444
31.936620000 59.017379026 0.641423939 -42.164983556 0.143768822 -0.916368388 -0.300536249 0.221985285
32.037011000 59.243376077 0.740920355 -42.416833114 0.145167632 -0.916491817 -0.299512314 0.221949279
32.137435000 59.448913857 0.866013436 -42.633662026 0.150029365 -0.912667654 -0.310511502 0.219343453
32.237544000 59.662426333 0.954777976 -42.870630903 0.154030338 -0.901653848 -0.343791536 0.212373194
32.337501000 59.883074464 1.088891888 -43.125789080 0.154231478 -0.902837795 -0.341510104 0.210872985
32.437339000 60.097587383 1.209711265 -43.381453608 0.157282951 -0.900648831 -0.347390866 0.208358687
32.536878000 60.315318616 1.343937111 -43.639584376 0.151875820 -0.908483754 -0.327508881 0.210544381
32.636322000 60.532652797 1.469629728 -43.899942398 0.147590284 -0.914547550 -0.310816737 0.212633118
32.735698000 60.762364285 1.606424742 -44.173418154 0.145964442 -0.917387409 -0.302201074 0.213937454
32.835284000 60.978922189 1.733333037 -44.443045256 0.143472006 -0.918292109 -0.299329449 0.215771328
32.935217000 61.193966383 1.854367879 -44.704724481 0.141720525 -0.918460414 -0.298331146 0.217587428
33.035457000 61.396183941 1.994043952 -44.968762440 0.152398270 -0.914106673 -0.306260440 0.217688538
33.135826000 61.593800576 2.128297494 -45.229705696 0.188084886 -0.906679105 -0.308019430 0.218360038
33.236047000 61.829989654 2.258536930 -45.506413681 0.235921594 -0.898944841 -0.296149975 0.220305166
33.336064000 62.054144117 2.399096182 -45.760498928 0.262844325 -0.897718314 -0.275048347 0.222178072
33.436056000 62.292215998 2.543899178 -45.993772180 0.277091230 -0.895315680 -0.271062338 0.219443598
33.536068000 62.572006927 2.684378271 -46.226535965 0.260216750 -0.899199157 -0.277639672 0.215972989
33.636210000 62.828892310 2.831868420 -46.450859807 0.258640939 -0.902826451 -0.266910820 0.216258823
33.736338000 63.144958039 2.993015975 -46.656878758 0.255499177 -0.904940729 -0.265323909 0.213086064
33.836526000 63.473849900 3.158380716 -46.875953473 0.189110058 -0.916238232 -0.284325030 0.209533207
33.936459000 63.773213434 3.307635310 -47.075581933 0.159106286 -0.920226565 -0.291987110 0.206426225
34.036345000 64.089803695 3.452503996 -47.268877140 0.138833083 -0.922353288 -0.298547434 0.202136628
34.136269000 64.170829464 3.491417692 -47.322362105 0.127655710 -0.923521899 -0.300199052 0.201722214
34.236087000 64.460802291 3.629437861 -47.514814907 0.103471165 -0.925134176 -0.304609308 0.201577884
34.335903000 64.710109614 3.767596773 -47.743652059 0.076142154 -0.927639586 -0.304519502 0.202373527
34.435698000 64.944780786 3.920544409 -47.959902246 0.143907403 -0.924316418 -0.290640341 0.201141768
34.535840000 65.178745911 4.063789831 -48.175185833 0.178863306 -0.920918196 -0.286330791 0.194762092
34.636266000 65.405011166 4.205256028 -48.398598371 0.192055386 -0.920921342 -0.285218444 0.183491280
34.736458000 65.638150521 4.328028274 -48.617524387 0.196453732 -0.922744069 -0.283663463 0.171710086
34.836388000 65.871137786 4.437798428 -48.838446242 0.199111645 -0.923711032 -0.283437982 0.163631884
34.935994000 66.106508470 4.539771166 -49.059545220 0.200307452 -0.924872303 -0.282173957 0.157689590
35.035695000 66.330834633 4.624927609 -49.272041211 0.199862973 -0.926135027 -0.281191216 0.152512961
35.135696000 66.561015469 4.713013197 -49.483606151 0.198630487 -0.927918620 -0.280049714 0.145207167
35.235515000 66.801256414 4.787901130 -49.702092331 0.198543033 -0.930058722 -0.278124789 0.134974214
35.335481000 67.031926121 4.874947479 -49.922361105 0.196402827 -0.931946902 -0.277087227 0.126978620
35.435483000 67.278309572 4.943646393 -50.154619193 0.196224295 -0.931688074 -0.280717806 0.121040788
35.535420000 67.502334810 5.011967815 -50.377824613 0.195336283 -0.932295741 -0.279850266 0.119800741
35.635223000 67.733101190 5.086135485 -50.606503479 0.196368442 -0.933222421 -0.276204034 0.119359459
35.735028000 67.958380963 5.150846498 -50.825615188 0.196073860 -0.933795849 -0.274575496 0.119116125
35.834915000 68.193010764 5.217159835 -51.061739344 0.198010054 -0.933653055 -0.273771520 0.118882911
35.934961000 68.401940624 5.280314343 -51.289354926 0.198364045 -0.933757031 -0.273092172 0.119038559
36.035134000 68.633941797 5.348034152 -51.529839512 0.199530028 -0.934007084 -0.272082254 0.117429897
36.135517000 68.872203560 5.403229397 -51.742604002 0.200336187 -0.933833578 -0.272905870 0.115510373
36.235712000 69.094106602 5.449902080 -51.975102572 0.200311711 -0.933955565 -0.272696127 0.115061038
36.335740000 69.336996765 5.532942123 -52.220055042 0.200970752 -0.934251109 -0.271753129 0.113735915
36.435496000 69.582486686 5.592177581 -52.431246250 0.196658804 -0.936233751 -0.270703242 0.107291343
36.535285000 69.832428839 5.625908141 -52.654348516 0.153167807 -0.944314361 -0.275350040 0.094828080
36.635175000 70.028993240 5.665146945 -52.862524622 0.134943749 -0.951527216 -0.265476021 0.076867580
36.735054000 70.247066580 5.725344281 -53.107000225 0.147864251 -0.951774860 -0.263461615 0.053373746
36.835293000 70.430642632 5.779529013 -53.339238518 0.172363710 -0.949710943 -0.259129085 0.034525247
36.935668000 70.623966660 5.823862758 -53.560951740 0.191026678 -0.946993537 -0.257669049 0.017852444
37.035841000 70.849359802 5.885556052 -53.789493720 0.198367748 -0.946655591 -0.253954742 0.000647062
37.135794000 71.008175800 5.928442688 -54.005515240 0.200025546 -0.947334901 -0.249679312 -0.014373875
37.235575000 71.157533238 5.991446926 -54.214183082 0.198753765 -0.948020408 -0.246697696 -0.029908091
37.335320000 71.398720442 5.972871356 -54.362078196 0.196549064 -0.948478872 -0.244820843 -0.042650321
37.434923000 71.663029369 5.951244577 -54.467282156 0.196668911 -0.948405284 -0.242877233 -0.053473416
37.534561000 71.840245695 6.007044928 -54.657670050 0.197370918 -0.948582641 -0.240731888 -0.057304912
37.634233000 72.008319684 6.074889858 -54.847561177 0.196183809 -0.948887114 -0.239929556 -0.059657073
37.734269000 72.188899999 6.183947898 -55.083437696 0.196622934 -0.948307403 -0.240488469 -0.064944501
37.834550000 72.305336941 6.314369181 -55.342255648 0.197071678 -0.948088320 -0.240462456 -0.066851318
37.934710000 72.527181035 6.409573056 -55.540457408 0.180729753 -0.951317683 -0.239795144 -0.069496122
38.034627000 72.693728087 6.534447699 -55.749334894 0.121110223 -0.961415942 -0.237818041 -0.066740395
38.134443000 72.850941920 6.695242544 -55.994715284 0.075149900 -0.966435219 -0.237041739 -0.064549779
38.234064000 72.981600410 6.814574677 -56.224169612 0.056894210 -0.968000365 -0.236850059 -0.060335658
38.333714000 73.069328417 6.957765179 -56.459694989 0.073022709 -0.966817772 -0.238305276 -0.056050650
38.433658000 73.117058183 7.089154930 -56.693494429 0.090742221 -0.965221159 -0.238978574 -0.054801497
38.533874000 73.140171736 7.208312239 -56.909699430 0.131963846 -0.960060407 -0.240292874 -0.055936498
38.634055000 73.157043331 7.416054358 -57.117455992 0.173007989 -0.949268874 -0.255207126 -0.061855982
38.734305000 73.194910837 7.565762170 -57.333292280 0.189165366 -0.940403611 -0.274064462 -0.068892556
38.834532000 73.238264851 7.710349582 -57.544539907 0.195913676 -0.938506689 -0.274909780 -0.072440596
38.934718000 73.263095246 7.860357858 -57.733022116 0.198922517 -0.940332529 -0.266236289 -0.072957564
39.034715000 73.265435114 8.001351538 -57.991832558 0.200106098 -0.941073561 -0.262476546 -0.073784581
39.134702000 73.291821478 8.156357171 -58.199261919 0.200263063 -0.942468782 -0.257515652 -0.073027318
39.234548000 73.314257657 8.325973889 -58.394289609 0.198449071 -0.939698134 -0.268070236 -0.075655347
39.334511000 73.351906103 8.462320132 -58.594944176 0.193133814 -0.935271676 -0.284409956 -0.084126093
39.434784000 73.420674967 8.605653881 -58.831943673 0.169787854 -0.938965954 -0.285799283 -0.088508714
39.534750000 73.428501401 8.754517237 -59.055213138 0.130810070 -0.950139283 -0.269534309 -0.086459965
39.634591000 73.403502874 8.893666762 -59.289431159 0.150824968 -0.946976159 -0.271365815 -0.082756134
39.734346000 73.426195185 9.029643752 -59.549652064 0.172269129 -0.948233488 -0.254757767 -0.079215398
39.833992000 73.501525103 9.171942060 -59.762498963 0.162183371 -0.954183227 -0.238764376 -0.078882803
39.933569000 73.512222365 9.300700573 -59.996346083 0.130728030 -0.961230768 -0.229901160 -0.078045175
40.033191000 73.520725633 9.418954669 -60.235575042 0.114218178 -0.964399657 -0.223696763 -0.082748214
40.133205000 73.511194886 9.503377764 -60.446205017 0.101534517 -0.966985625 -0.217122962 -0.086528392
40.233134000 73.506291852 9.593310932 -60.676280976 0.132571833 -0.962213660 -0.219084191 -0.092583467
40.333185000 73.490497815 9.669053862 -60.901106480 0.166854485 -0.954497924 -0.226313476 -0.099375570
40.433237000 73.494353650 9.745995869 -61.133657704 0.184338130 -0.951043996 -0.223905813 -0.106775274
40.533130000 73.486728874 9.817448852 -61.349764959 0.189722894 -0.949757674 -0.222317548 -0.111984336
40.632976000 73.471068425 9.865473767 -61.558192175 0.185015108 -0.950811942 -0.220680553 -0.114132177
40.732882000 73.500043500 9.950971811 -61.757240886 0.182399844 -0.950889656 -0.221089424 -0.116870123
40.832950000 73.446225268 10.038012534 -62.002927456 0.185423172 -0.947124343 -0.233098568 -0.119326372
40.933150000 73.389463051 10.121733122 -62.264351069 0.177933278 -0.948506350 -0.234717201 -0.116547361
41.033403000 73.371279298 10.174049501 -62.461479480 0.157867077 -0.954267765 -0.227719332 -0.112227113
41.133579000 73.315083885 10.261539549 -62.694673250 0.169475906 -0.951420793 -0.231763843 -0.111184140
41.233713000 73.300518674 10.330583342 -62.907857899 0.182597665 -0.950127039 -0.228432812 -0.108328908
41.333851000 73.318516333 10.394876631 -63.120048642 0.176939805 -0.952401880 -0.223406393 -0.108224523
41.434033000 73.350245636 10.453888123 -63.329630956 0.140430275 -0.959366730 -0.216858974 -0.113432802
41.534156000 73.341433270 10.498322938 -63.534948478 0.084349717 -0.967369975 -0.209516359 -0.114818778
41.634245000 73.309679840 10.529171951 -63.717875841 0.046678050 -0.971926372 -0.201111459 -0.112847101
41.734176000 73.278881748 10.546183099 -63.896871007 0.051808214 -0.970964392 -0.203647955 -0.114330962
41.834057000 73.227901526 10.589804743 -64.085746916 0.088336764 -0.966554499 -0.208298480 -0.120750821
41.933965000 73.146832231 10.641032572 -64.264481190 0.098931808 -0.965017625 -0.207252633 -0.126490422
42.033842000 73.066298001 10.658796339 -64.442136600 0.152715909 -0.956533544 -0.209245865 -0.133931322
42.133998000 72.959163976 10.695034742 -64.626098622 0.177221392 -0.951925263 -0.207692854 -0.138904827
42.234316000 72.874378622 10.740109165 -64.797393757 0.186524708 -0.948714259 -0.210271159 -0.144692184
42.334629000 72.780490647 10.791645708 -64.951276875 0.185684488 -0.939233904 -0.243264298 -0.155510211
42.434867000 72.691776582 10.810644068 -65.139649040 0.185477839 -0.939924559 -0.239984290 -0.156675895
42.535128000 72.618271413 10.859680041 -65.303739788 0.205711686 -0.936619489 -0.236339650 -0.156748861
42.635421000 72.537740947 10.923680745 -65.474611571 0.224966951 -0.936971875 -0.219473129 -0.152660151
42.735763000 72.471626543 10.988306854 -65.633089249 0.218265000 -0.940248986 -0.213868427 -0.150174999
42.836087000 72.405835585 11.043688487 -65.801678580 0.212236267 -0.940018247 -0.220024151 -0.151363253
42.936376000 72.341808771 11.093915848 -65.972148777 0.201680253 -0.943685710 -0.215523477 -0.149438910
43.036487000 72.284773141 11.157500809 -66.138619709 0.192901320 -0.947656300 -0.208366953 -0.146013121
43.136341000 72.273152104 11.221740918 -66.291439980 0.184922382 -0.943905443 -0.228954054 -0.149754026
43.235901000 72.263799349 11.252980110 -66.432089023 0.181879665 -0.942163629 -0.238302215 -0.149865062
43.335375000 72.229266570 11.298068860 -66.565130859 0.182545611 -0.945599645 -0.227231274 -0.144514221
43.434817000 72.201951973 11.329923719 -66.721805292 0.183913562 -0.945761945 -0.227006208 -0.142050436
43.534332000 72.143314895 11.404200289 -66.856855831 0.178707283 -0.937580390 -0.259679644 -0.146878190
43.633905000 72.112318866 11.435948749 -66.982814415 0.176653598 -0.936987421 -0.263062429 -0.147126602
43.733590000 72.104495248 11.476928750 -67.155187040 0.176877238 -0.935312902 -0.268450500 -0.147778706
43.833480000 72.075396910 11.513604133 -67.287372989 0.177166708 -0.936179473 -0.266629427 -0.145219492
43.933771000 72.023868248 11.541416201 -67.504486707 0.173279901 -0.929968134 -0.289824679 -0.145378817
44.034226000 71.995141809 11.584983183 -67.711955519 0.175104009 -0.933383259 -0.279328518 -0.141809229
44.134649000 71.968222177 11.621295914 -67.955236585 0.175475084 -0.934532560 -0.276201366 -0.139893512
44.234605000 71.927572510 11.677829889 -68.186190016 0.176451384 -0.939186890 -0.261975206 -0.134766042
44.334415000 71.912434588 11.697385484 -68.451350937 0.180556767 -0.943791510 -0.244964704 -0.129031520
44.434097000 71.885723303 11.736072435 -68.705728863 0.183480791 -0.950363781 -0.219780465 -0.121819660
44.533793000 71.881885287 11.802733799 -68.948005007 0.172325964 -0.957902671 -0.197310847 -0.117450694
44.633678000 71.875876477 11.833887580 -69.190293461 0.153941631 -0.960644743 -0.199063658 -0.117632101
44.733707000 71.825127041 11.865212800 -69.422585674 0.128737163 -0.965351548 -0.195106674 -0.116002228
44.833787000 71.799060823 11.899278504 -69.652634292 0.160219954 -0.959082560 -0.200060818 -0.120274183
44.933890000 71.777712098 11.919050573 -69.889467278 0.177553972 -0.955204944 -0.201247032 -0.124730643
45.034015000 71.756173879 11.929243467 -70.117635868 0.185251689 -0.952874812 -0.202426201 -0.129363977
45.134339000 71.724211980 11.933746123 -70.338518698 0.185994615 -0.952037695 -0.203472464 -0.132774952
45.234503000 71.678411482 11.921175693 -70.535184206 0.186065228 -0.950066559 -0.211332717 -0.134505568
45.334713000 71.661204176 11.932784766 -70.758900840 0.186084321 -0.950791498 -0.207389673 -0.135490506
45.434748000 71.660466071 11.970413430 -70.980173344 0.186744998 -0.949572123 -0.210260703 -0.138670569
45.534582000 71.624590973 11.975530531 -71.129170601 0.186280784 -0.950648843 -0.208220927 -0.134945514
45.634333000 71.601940774 11.987091721 -71.342557297 0.186470776 -0.950492577 -0.210386592 -0.132400879
45.734132000 71.594760062 12.024207868 -71.534148483 0.184120871 -0.947778927 -0.223776059 -0.133187406
45.833970000 71.572485174 12.040457392 -71.719343527 0.179820257 -0.944168671 -0.242143131 -0.132577901
45.934065000 71.560040906 12.063657761 -71.924625878 0.180094815 -0.941766870 -0.252501778 -0.129937954
46.034169000 71.562874404 12.092931261 -72.147902134 0.180229602 -0.938552024 -0.264911209 -0.128294347
46.134502000 71.565196076 12.112010718 -72.370669621 0.179293678 -0.936492086 -0.272866773 -0.127984666
46.234844000 71.564692379 12.134342465 -72.603160110 0.170455974 -0.936173547 -0.279707160 -0.127623492
46.335030000 71.554764311 12.129365535 -72.850781064 0.160716136 -0.943677333 -0.261762001 -0.122979954
46.435040000 71.548785168 12.171594905 -73.112916462 0.168633096 -0.952138637 -0.226270377 -0.117458978
46.535062000 71.522473742 12.192803403 -73.358621680 0.176652836 -0.954171190 -0.212681108 -0.114533234
46.634888000 71.493527848 12.195529908 -73.611406019 0.180912829 -0.954932672 -0.206912266 -0.112077891
46.734527000 71.486858748 12.207536495 -73.859719841 0.182466020 -0.955681189 -0.203048879 -0.110230532
46.834115000 71.464963817 12.250645412 -74.116210888 0.183308904 -0.956057955 -0.201228513 -0.108894986
46.933856000 71.450214611 12.277806010 -74.368509718 0.175063716 -0.949430057 -0.234036150 -0.114727254
47.033881000 71.430304843 12.283558832 -74.625801408 0.169993904 -0.941286715 -0.266888429 -0.117694343
47.134109000 71.425438187 12.285560947 -74.895677842 0.174307054 -0.938382127 -0.275322093 -0.115125064
47.234293000 71.441283685 12.295992038 -75.150355633 0.176225075 -0.938427710 -0.275306259 -0.111824053
47.334488000 71.415520814 12.294674525 -75.413941048 0.176183914 -0.939688025 -0.273519845 -0.105510849
47.434426000 71.386983953 12.321147094 -75.660850309 0.176610649 -0.940061812 -0.273885345 -0.100395652
47.534350000 71.376305021 12.335917650 -75.879970560 0.175168547 -0.936757042 -0.285526081 -0.101375944
47.634381000 71.326047963 12.369433374 -76.192081863 0.174621493 -0.934270736 -0.294148848 -0.100608057
47.734575000 71.329127470 12.390438702 -76.504009165 0.173229986 -0.933527855 -0.297243173 -0.100814742
47.834980000 71.314068208 12.417417706 -76.806885240 0.176409783 -0.934653362 -0.294040803 -0.094035564
47.935351000 71.290284391 12.442029606 -77.163535418 0.178681335 -0.936982567 -0.287384314 -0.086872929
48.035599000 71.292741792 12.531381185 -77.527239365 0.182874420 -0.947898944 -0.248571834 -0.079098551
48.136029000 71.273862850 12.605601069 -77.880707716 0.183648274 -0.955649284 -0.218574853 -0.072338037
48.236130000 71.265353702 12.661342384 -78.186222402 0.185046225 -0.958940876 -0.202965512 -0.070677377
48.336167000 71.266132740 12.718698403 -78.504654806 0.184435916 -0.959888302 -0.198418922 -0.072303326
48.436247000 71.263991524 12.779670982 -78.822517316 0.186617508 -0.959693234 -0.196436571 -0.074669107
48.536351000 71.256574532 12.843917113 -79.137061123 0.184085402 -0.960344801 -0.194724358 -0.077025011
48.636353000 71.263423188 12.920214154 -79.439093138 0.184693817 -0.960138355 -0.193727102 -0.080575076
48.736251000 71.261964469 12.996688095 -79.757777981 0.191326823 -0.958521412 -0.193391738 -0.085031667
48.836072000 71.266852599 13.066983589 -80.042685341 0.185566738 -0.959039168 -0.195514854 -0.087079284
48.935879000 71.286435280 13.121107348 -80.309675363 0.183231044 -0.958903896 -0.198360983 -0.087078256
49.035744000 71.299405123 13.181549645 -80.575506755 0.180857819 -0.959205243 -0.200442876 -0.083895195
49.135606000 71.312556919 13.263897028 -80.862237470 0.182217364 -0.959175795 -0.202070536 -0.077111121
49.235286000 71.324755766 13.339815917 -81.152232632 0.185034243 -0.958739726 -0.206495390 -0.062770385
49.334894000 71.366035685 13.416860089 -81.397359829 0.187188364 -0.958725019 -0.209972544 -0.041453412
49.434450000 71.384307306 13.486580016 -81.634191097 0.187981693 -0.958158841 -0.214939786 -0.019884836
49.534154000 71.404620517 13.576846864 -81.879475000 0.188083545 -0.957598307 -0.218243121 0.000041391
49.634480000 71.415775811 13.668659191 -82.130671406 0.189804043 -0.956285808 -0.221750604 0.017847940
49.735334000 71.443024277 13.770054573 -82.350732596 0.191373883 -0.955140022 -0.223927212 0.030662351
49.836340000 71.469978341 13.871377945 -82.585851287 0.191086706 -0.954837972 -0.223829593 0.040873364
49.936987000 71.508214173 13.987038951 -82.822289856 0.189833369 -0.954997070 -0.223296126 0.045636927
50.037160000 71.532654980 14.083618814 -83.054352343 0.189283787 -0.954758264 -0.224159817 0.048586847
50.137073000 71.553359077 14.197372732 -83.312089699 0.191139544 -0.954031292 -0.225313518 0.050237313
50.236609000 71.572401245 14.285738197 -83.537228964 0.190939645 -0.954473545 -0.222322841 0.055631450
50.335836000 71.609960653 14.366366420 -83.770390394 0.190753513 -0.953150885 -0.227581499 0.057646764
50.435087000 71.661384505 14.455364335 -84.007004847 0.189699244 -0.952686039 -0.230164438 0.058547761
50.534290000 71.702135221 14.542783367 -84.242373830 0.191309740 -0.952324080 -0.229820094 0.060515731
50.633573000 71.741544458 14.640623492 -84.492621827 0.191039336 -0.951960080 -0.231138326 0.062056845
50.733109000 71.798223174 14.723670358 -84.702910330 0.191395916 -0.951675486 -0.231956194 0.062271161
50.832800000 71.854457878 14.801429477 -84.898183871 0.190437901 -0.951793786 -0.231404506 0.065375453
50.932707000 71.916868027 14.857560892 -85.095762355 0.189855407 -0.951293955 -0.232664257 0.069728610
51.032939000 71.986506759 14.927922194 -85.296983310 0.189955435 -0.950921635 -0.233024920 0.073241821
51.133514000 72.056541915 14.998036065 -85.501475918 0.190986451 -0.949844389 -0.233782636 0.081642460
51.233829000 72.117142136 15.069999526 -85.698021668 0.190971087 -0.948080498 -0.236495118 0.093506539
51.334005000 72.164654844 15.148162196 -85.904918900 0.207920557 -0.943781848 -0.235267899 0.103411223
51.434093000 72.251002959 15.212972796 -86.040820759 0.212232107 -0.941990377 -0.236122207 0.108894286
51.534109000 72.324534247 15.277453180 -86.212687186 0.202073532 -0.943259729 -0.238097974 0.112857106
51.633761000 72.403522515 15.338013543 -86.395667565 0.194717295 -0.949304762 -0.215591861 0.120107425
51.733159000 72.472028142 15.409818272 -86.564527220 0.191126852 -0.951576331 -0.208004470 0.121273051
51.832641000 72.536880809 15.491250318 -86.730049357 0.190272744 -0.951246408 -0.212080382 0.118103623
51.932205000 72.612065134 15.549489358 -86.900547949 0.189857380 -0.949123726 -0.225149850 0.111471397
52.031845000 72.694684223 15.600386133 -87.071072486 0.189114818 -0.948371514 -0.231638549 0.105691244
52.131776000 72.779870077 15.652094985 -87.238406122 0.188119660 -0.951636325 -0.219756094 0.103472499
52.231622000 72.859948949 15.700279816 -87.394893806 0.189634958 -0.951120565 -0.222194935 0.100188140
52.331485000 72.947773086 15.743720607 -87.556782627 0.190678602 -0.949395916 -0.229547287 0.097964836
52.431365000 73.028303958 15.771324752 -87.704485081 0.192407021 -0.946967640 -0.235234742 0.104386030
52.531000000 73.104225750 15.808969820 -87.861137332 0.193948302 -0.944477188 -0.238355365 0.116334077
52.630457000 73.195783808 15.820697460 -87.973935076 0.195361674 -0.941569446 -0.240626000 0.131832939
52.729843000 73.273533792 15.841483287 -88.111737969 0.195528196 -0.938687869 -0.243010228 0.146900778
52.829442000 73.368135090 15.860683492 -88.238316584 0.199814899 -0.935417123 -0.244704240 0.158709315
52.929337000 73.436216781 15.888015057 -88.401828794 0.208132536 -0.930239579 -0.246089857 0.175427919
53.029625000 73.523520803 15.911022372 -88.530045127 0.241130847 -0.920841989 -0.239911351 0.190652799
53.130363000 73.626227157 15.950450666 -88.650761178 0.271170963 -0.910872364 -0.232079295 0.207164297
53.230914000 73.756663759 16.008508317 -88.763539610 0.267969543 -0.908117373 -0.232879833 0.221995821
53.331283000 73.879907648 16.061979963 -88.878639400 0.233299390 -0.913866113 -0.234615986 0.235319913
53.431397000 73.992410105 16.153300840 -88.982359592 0.207103868 -0.917515730 -0.231712127 0.248157940
53.531255000 74.099788468 16.213147612 -89.077960014 0.198347389 -0.915353886 -0.240337521 0.254996964
53.631072000 74.204529754 16.226454294 -89.146857885 0.196944892 -0.912399681 -0.249885796 0.257481301
53.731066000 74.291621995 16.271065569 -89.210302543 0.192560011 -0.914024573 -0.241733855 0.262763136
53.831039000 74.398572757 16.331017469 -89.282309224 0.195323083 -0.911606879 -0.250074200 0.261313386
53.931173000 74.498606590 16.377241684 -89.351855967 0.196485834 -0.910730151 -0.253544591 0.260151973
54.031587000 74.607752389 16.423944260 -89.431349717 0.194936706 -0.913158149 -0.246139447 0.259917771
54.132189000 74.723218678 16.470415003 -89.506919058 0.189883261 -0.918814869 -0.226821080 0.261296349
54.232617000 74.823048423 16.519163566 -89.553462265 0.187233979 -0.921664768 -0.218729700 0.260066935
54.332925000 74.912982675 16.568886865 -89.602119709 0.187749785 -0.920697344 -0.223301867 0.259234827
54.432997000 74.995803934 16.596561765 -89.659897876 0.193563483 -0.916532238 -0.229667741 0.264110893
54.532685000 75.085670486 16.639196300 -89.709553202 0.216861039 -0.908828979 -0.223416855 0.277643812
54.632050000 75.185648760 16.683153634 -89.763600045 0.214087125 -0.905738005 -0.217836060 0.293858503
54.731665000 75.260330922 16.735584079 -89.779775846 0.193952682 -0.907919645 -0.202717486 0.311399898
54.831600000 75.348761107 16.796556986 -89.820188462 0.189120170 -0.903270875 -0.217534767 0.317826859
54.931640000 75.422446171 16.847510574 -89.842766676 0.191207094 -0.898310582 -0.232802017 0.319814269
55.031715000 75.495607343 16.912451348 -89.876427199 0.193972462 -0.894395778 -0.245894478 0.319322381
55.131868000 75.542112947 16.954134952 -89.876064758 0.191054063 -0.896008931 -0.240594525 0.320594161
55.231799000 75.597109416 17.017113716 -89.864586364 0.184162352 -0.901307481 -0.221241575 0.323699271
55.331722000 75.641194296 17.082771479 -89.834146615 0.182608003 -0.904272888 -0.210377898 0.323552160
55.431773000 75.690792391 17.144954012 -89.806475341 0.185184396 -0.905289151 -0.208022586 0.320756756
55.531874000 75.729887628 17.220526372 -89.775419730 0.187599427 -0.905818552 -0.207961896 0.317885287
55.631805000 75.755242456 17.271325815 -89.745577059 0.189046027 -0.905308159 -0.214217109 0.314308395
55.731613000 75.773137085 17.324857908 -89.692507303 0.200673426 -0.906107919 -0.200872329 0.313606320
55.831420000 75.775482286 17.405772503 -89.602357388 0.199519786 -0.904287785 -0.217896250 0.308182870
55.931328000 75.797921060 17.460875893 -89.524019113 0.196698045 -0.900406493 -0.244268677 0.301514245
56.031388000 75.821246578 17.508355657 -89.436597449 0.196968749 -0.898665737 -0.255238316 0.297416554
56.131610000 75.854276192 17.561547567 -89.364760434 0.198470161 -0.898024256 -0.259470829 0.294681046
56.231848000 75.893090672 17.603749873 -89.320990994 0.197355064 -0.898533028 -0.261077780 0.292451312
56.332119000 75.940665060 17.656111856 -89.258200155 0.197009703 -0.899882440 -0.261303099 0.288304459
56.432579000 75.994736894 17.688278776 -89.213288089 0.196936428 -0.899967073 -0.261614297 0.287807699
56.532944000 76.057333452 17.720928178 -89.150907097 0.196611576 -0.899815620 -0.260299049 0.289689737
56.633213000 76.129563822 17.741003645 -89.124566150 0.197619312 -0.898469707 -0.260658502 0.292841148
56.733266000 76.197635186 17.753049254 -89.085266793 0.196755896 -0.897185054 -0.260159059 0.297763934
56.833210000 76.271860414 17.770836159 -89.054938097 0.196391458 -0.894921063 -0.259776008 0.305062474
56.933104000 76.348062334 17.785300211 -89.012605611 0.198204666 -0.892006255 -0.260111472 0.312060530
57.033014000 76.420196234 17.791472412 -88.967751154 0.199395681 -0.889454245 -0.260599423 0.318120180
57.132813000 76.504713363 17.812381693 -88.938547524 0.199302638 -0.887132760 -0.261131070 0.324167377
57.232484000 76.587910679 17.833409223 -88.904650943 0.198129699 -0.884640574 -0.261570683 0.331264931
57.332344000 76.673149562 17.851308349 -88.869482447 0.196823619 -0.881600004 -0.260354905 0.340965129
57.432174000 76.756371403 17.864180661 -88.832547126 0.196668558 -0.879268527 -0.261121347 0.346444769
57.532117000 76.841277427 17.860135646 -88.789192340 0.195563311 -0.878180573 -0.261795775 0.349309096
57.631948000 76.929519893 17.858717044 -88.750451584 0.195812189 -0.877493829 -0.262462681 0.350393361
57.731580000 77.021516111 17.860825696 -88.714926334 0.195635500 -0.877346902 -0.262556101 0.350789763
57.831107000 77.116215202 17.863888417 -88.682869690 0.195839427 -0.877134892 -0.262966620 0.350898643
57.930559000 77.206958578 17.854953468 -88.645335651 0.196754213 -0.876747133 -0.263836260 0.350703110
58.029978000 77.311582502 17.857819528 -88.610514763 0.192494444 -0.877976346 -0.265053214 0.349070507
58.129543000 77.418150262 17.853413803 -88.575508119 0.156380090 -0.884112758 -0.277870893 0.341581125
58.229213000 77.504311984 17.831487360 -88.546086034 0.119112801 -0.890621967 -0.288824014 0.330432053
58.329179000 77.570139926 17.826032482 -88.527686139 0.107783842 -0.895470237 -0.290829274 0.319271094
58.429478000 77.643262639 17.820462141 -88.508895021 0.126242650 -0.898432861 -0.283959070 0.310239316
58.529999000 77.703341490 17.816047546 -88.503111815 0.163448466 -0.898167753 -0.270748719 0.305408607
58.630392000 77.772268503 17.815341561 -88.500781992 0.186842876 -0.899199962 -0.262171910 0.296302307
58.730682000 77.841693752 17.807727810 -88.494744756 0.196477293 -0.901628067 -0.258131226 0.286062532
58.830783000 77.940600929 17.812166311 -88.499040553 0.199922758 -0.903500140 -0.256945176 0.278742830
58.930605000 78.045167270 17.827464354 -88.514150717 0.201764248 -0.904559441 -0.255732317 0.275071606
59.030143000 78.094547569 17.836364757 -88.528713336 0.202683644 -0.904078846 -0.257629542 0.274203939
59.129827000 78.157280707 17.844858064 -88.527992579 0.202936492 -0.903223970 -0.261565889 0.273105337
59.229538000 78.233519858 17.845335232 -88.526146836 0.201702797 -0.904582273 -0.257094521 0.273768699
59.329387000 78.322831518 17.845861386 -88.518966557 0.197376741 -0.907276941 -0.254861262 0.270067974
59.429461000 78.411449349 17.844558808 -88.504607965 0.177256358 -0.912623204 -0.258850306 0.262098436
59.529644000 78.490430256 17.850711786 -88.492799112 0.158871478 -0.918380223 -0.259096694 0.253390061
59.629799000 78.581113900 17.884364833 -88.490433588 0.142941964 -0.925070923 -0.255476891 0.241956487
59.730012000 78.651218960 17.925339530 -88.466058895 0.111705763 -0.932605977 -0.256011763 0.228529848
59.830184000 78.699822919 17.951330678 -88.453124482 0.075442838 -0.937048623 -0.263638303 0.216201529
59.930218000 78.744412118 17.961326491 -88.467088850 0.065136366 -0.938728511 -0.267741732 0.207027538
60.030393000 78.760520530 17.952471192 -88.490166363 0.060831393 -0.939234326 -0.271489930 0.201076205
60.131054000 78.759472752 17.929774394 -88.527757943 0.064004718 -0.939765041 -0.271849711 0.197085762
60.231923000 78.734595745 17.904949159 -88.584609385 0.077404160 -0.939860748 -0.269820146 0.194595632
60.333017000 78.694428820 17.883547688 -88.638931960 0.091572118 -0.940558319 -0.266121903 0.190115038
60.433953000 78.629408362 17.868288461 -88.709032570 0.095664549 -0.942192694 -0.263410333 0.183674219
60.534406000 78.550322601 17.875209866 -88.797126873 0.102127589 -0.944072925 -0.259631433 0.175749213
60.634320000 78.447078306 17.881647632 -88.891410354 0.109606509 -0.945758548 -0.256206717 0.166988921
60.733846000 78.331769493 17.893777013 -88.987363129 0.138150386 -0.946194168 -0.247696602 0.155812259
60.833166000 78.225905529 17.915629752 -89.075888169 0.146317279 -0.948019169 -0.243619139 0.143180391
60.932542000 78.108457834 17.947361468 -89.169231245 0.130557631 -0.952208150 -0.243073453 0.131032974
61.031960000 77.976269898 17.985315664 -89.273987915 0.122001585 -0.955212359 -0.241646686 0.119548489
61.131780000 77.825481236 18.029902375 -89.381076418 0.155890220 -0.953808242 -0.233504992 0.106880751
61.231818000 77.699327461 18.067255945 -89.456092226 0.182414175 -0.952018861 -0.227245960 0.093511663
61.331958000 77.583702840 18.085444744 -89.534332076 0.192966348 -0.951718986 -0.224449899 0.081346188
61.432062000 77.457456137 18.117677036 -89.600062065 0.205060907 -0.952043658 -0.216736421 0.067736407
61.532096000 77.365544639 18.137059868 -89.669874960 0.232988190 -0.948820874 -0.207066186 0.050784323
61.632243000 77.265221450 18.175402428 -89.716696742 0.257722343 -0.946869071 -0.189613350 0.032633316
61.732414000 77.188692254 18.215290900 -89.782092009 0.273405541 -0.946536904 -0.170687931 0.013525172
61.832577000 77.121323415 18.260413688 -89.824308651 0.280708587 -0.947704182 -0.151765375 -0.005171496
61.932813000 77.083631461 18.302461592 -89.858870750 0.287308971 -0.947326066 -0.139184244 -0.025585652
62.032987000 77.064718041 18.354977741 -89.875738653 0.286596570 -0.947783744 -0.131627813 -0.047355034
62.133068000 77.068998499 18.415370642 -89.878900020 0.271442999 -0.950661347 -0.133949234 -0.067965463
62.232883000 77.087851342 18.473200685 -89.865379387 0.265048930 -0.949367700 -0.143915409 -0.087968117
62.332706000 77.130127481 18.531821741 -89.841214588 0.247922389 -0.951386346 -0.151231997 -0.102603081
62.432526000 77.189574300 18.571365840 -89.781925042 0.207689719 -0.955983125 -0.174136249 -0.112418027
62.532284000 77.260381666 18.630343972 -89.765505266 0.188348622 -0.958054819 -0.183757198 -0.113529963
62.632031000 77.339204292 18.679903471 -89.738652284 0.172194893 -0.960964353 -0.188660029 -0.106319449
62.731680000 77.423665900 18.728474143 -89.704820625 0.161188183 -0.963232018 -0.195570504 -0.089188718
62.831420000 77.499570639 18.774456404 -89.659270435 0.154114646 -0.964838695 -0.203691952 -0.062004487
62.931303000 77.565645277 18.825046554 -89.622831776 0.156496559 -0.964441775 -0.210404534 -0.033027599
63.031438000 77.633308874 18.869823633 -89.577513205 0.169090360 -0.962208720 -0.213367561 -0.006092079
63.131971000 77.702840798 18.908158246 -89.535571252 0.167800920 -0.960873880 -0.219499623 0.019599824
63.232469000 77.779855591 18.941482790 -89.487475248 0.156723600 -0.960723675 -0.225264035 0.041277691
63.332982000 77.842869266 18.967310941 -89.445501884 0.151254330 -0.960409659 -0.227513048 0.054527305
63.433644000 77.893594982 18.991960846 -89.417338609 0.159824484 -0.958889839 -0.226409066 0.061035614
63.534166000 77.950439164 19.009259213 -89.394802183 0.173640819 -0.956676868 -0.225217759 0.062411510
63.634332000 78.007011894 19.026044515 -89.387025929 0.187825583 -0.954395232 -0.224094181 0.060275117
63.734304000 78.062828746 19.014055494 -89.368962691 0.192163773 -0.954136760 -0.222091093 0.058066108
63.834110000 78.128216368 19.002807416 -89.351789496 0.195036207 -0.954040629 -0.220670852 0.055423202
63.933889000 78.208973148 18.978623768 -89.329127106 0.195316861 -0.954553212 -0.218701368 0.053377909
64.033608000 78.294843877 18.946917783 -89.316775453 0.198844491 -0.953943341 -0.218111140 0.053670307
64.133383000 78.380340267 18.920083586 -89.297554284 0.215031894 -0.950924530 -0.215467618 0.055475480
64.233067000 78.477875760 18.892356888 -89.270621629 0.220037115 -0.949645011 -0.215778203 0.056548989
64.332879000 78.585483212 18.859437861 -89.237504697 0.208477481 -0.951720375 -0.217612999 0.058395640
64.432654000 78.686739334 18.831684333 -89.219521035 0.201036002 -0.953022767 -0.218628923 0.059443465
64.532558000 78.804097490 18.796673637 -89.202044816 0.199006300 -0.953484019 -0.219429875 0.055814415
64.632741000 78.911917503 18.775147297 -89.168654190 0.198156063 -0.954115183 -0.218475490 0.051641572
64.732995000 79.038854279 18.760680581 -89.141550945 0.196495044 -0.954785119 -0.218096599 0.046999440
64.833110000 79.154385356 18.780658645 -89.105455240 0.187077226 -0.956854723 -0.218070521 0.043317425
64.933047000 79.267767852 18.800927372 -89.064491740 0.143962088 -0.965337557 -0.213115560 0.044498056
65.032861000 79.379263189 18.828249831 -89.021327530 0.124603483 -0.967220507 -0.215746553 0.049110981
65.132463000 79.464029432 18.846177975 -88.985855460 0.135605438 -0.963231831 -0.224386153 0.058706548
65.231803000 79.544073125 18.875435360 -88.941282079 0.160978613 -0.957832792 -0.227020756 0.071440916
65.331288000 79.619894425 18.916048153 -88.896635006 0.180022383 -0.953059979 -0.227492257 0.086694241
65.430920000 79.703227520 18.954511277 -88.852150730 0.184356840 -0.949960009 -0.229611342 0.104245715
65.530726000 79.776160027 19.000183426 -88.809200990 0.190305716 -0.946275549 -0.231528619 0.121411769
65.630980000 79.853352439 19.050378237 -88.775087294 0.196117237 -0.942927097 -0.233105484 0.134492949
65.731605000 79.956409066 19.092493290 -88.734235882 0.198604669 -0.942237542 -0.226101675 0.147046358
65.832157000 80.026918842 19.155544397 -88.690722713 0.196740072 -0.944544272 -0.208161715 0.160618064
65.932505000 80.103421984 19.219315309 -88.642429680 0.192784318 -0.947144726 -0.192839224 0.169009195
66.032607000 80.186457302 19.283912043 -88.592420155 0.190701478 -0.948899555 -0.183469262 0.171934901
66.132564000 80.274276564 19.395072256 -88.524486114 0.163559193 -0.952119379 -0.194081764 0.170438691
66.232220000 80.330649575 19.462611666 -88.460278545 0.120505797 -0.953037582 -0.222359633 0.166595059
66.331989000 80.384570370 19.495985467 -88.405386379 0.095778705 -0.954124575 -0.236253272 0.157025878
66.432160000 80.427751217 19.511174627 -88.353517240 0.093732364 -0.957448876 -0.234660304 0.139428964
66.532533000 80.469629311 19.541346879 -88.288844341 0.089420569 -0.961398511 -0.231950970 0.117964453
66.632743000 80.484118751 19.553942826 -88.236944292 0.086896433 -0.963268135 -0.232948351 0.101481900
66.732509000 80.465761213 19.571428522 -88.187211960 0.103617275 -0.963687363 -0.230392429 0.086541643
66.832165000 80.453151084 19.568655192 -88.142875452 0.113562250 -0.963799360 -0.229782678 0.073446099
66.931902000 80.429040338 19.535757591 -88.102091560 0.113813235 -0.963610503 -0.232802932 0.065605950
67.031565000 80.388695659 19.525453524 -88.063421434 0.106314223 -0.964898521 -0.231871155 0.062481173
67.131322000 80.331094606 19.478377741 -88.038712739 0.101674510 -0.965399334 -0.231900015 0.062360266
67.231175000 80.262635618 19.432682510 -88.008207763 0.108108553 -0.964617877 -0.232312511 0.062095008
67.331412000 80.170381758 19.399758948 -87.979396195 0.118975759 -0.964092511 -0.229945771 0.059121407
67.431833000 80.053459991 19.342963121 -87.955640392 0.132282447 -0.963956572 -0.225392225 0.049874107
67.532233000 79.944960214 19.279389822 -87.941329733 0.144083939 -0.963646172 -0.222278051 0.034904741
67.632435000 79.862420293 19.210393343 -87.927568265 0.153638002 -0.963767520 -0.217431480 0.016464622
67.732546000 79.756766821 19.173564299 -87.906228535 0.156752759 -0.964375300 -0.213087751 -0.001569705
67.832464000 79.623846384 19.139081591 -87.882870511 0.142168035 -0.966829232 -0.211507573 -0.017147391
67.932232000 79.504138742 19.115520738 -87.859140982 0.117199482 -0.970157714 -0.209418896 -0.034670113
68.031968000 79.398144054 19.066569072 -87.854146175 0.111239894 -0.970456754 -0.208735002 -0.047634799
68.131650000 79.269895642 19.031489435 -87.846004866 0.120359665 -0.970104736 -0.203689388 -0.054046134
68.231168000 79.167976549 18.988980086 -87.836244454 0.124588447 -0.969903595 -0.200912142 -0.058301339
68.330841000 79.068310498 18.928761844 -87.826692842 0.128644107 -0.969310623 -0.200284062 -0.061432117
68.430864000 78.912155978 18.880007686 -87.822499079 0.128703717 -0.969481731 -0.199698117 -0.060507748
68.531314000 78.781999718 18.821335680 -87.822697483 0.134734153 -0.968256004 -0.201904759 -0.059678200
68.631987000 78.627277588 18.770971406 -87.813369958 0.138749504 -0.967937222 -0.201494924 -0.056972850
68.732866000 78.479965036 18.703071112 -87.798316274 0.144885418 -0.967082695 -0.201660869 -0.055607283
68.833637000 78.330743418 18.638531711 -87.791528063 0.153005334 -0.965605917 -0.202674723 -0.055834921
68.934202000 78.189769269 18.575471297 -87.767963472 0.163826571 -0.963975885 -0.201390959 -0.057905349
69.034452000 78.066453181 18.522778287 -87.739957870 0.165140456 -0.962750820 -0.204928123 -0.061999611
69.134367000 77.925677742 18.467680745 -87.709357036 0.154740846 -0.959480011 -0.225358497 -0.068314912
69.233905000 77.809800404 18.397084306 -87.696066519 0.155295545 -0.958327221 -0.228969035 -0.071171713
69.333379000 77.704120054 18.301947402 -87.671215978 0.164250605 -0.957565432 -0.225116539 -0.073571235
69.433062000 77.590205715 18.230813249 -87.664905081 0.176959941 -0.956989673 -0.215834811 -0.079191405
69.533072000 77.472892347 18.151967439 -87.665256431 0.179556597 -0.957024574 -0.209193846 -0.090007372
69.633241000 77.365045406 18.090268811 -87.672826082 0.164588883 -0.961282899 -0.196425219 -0.101305588
69.733390000 77.257613144 18.027792217 -87.659586062 0.143236075 -0.965056106 -0.186842212 -0.115065749
69.833872000 77.142649016 17.967862494 -87.646126792 0.136804792 -0.965246885 -0.180417633 -0.130508149
69.934236000 77.021625459 17.918995934 -87.658161312 0.141462157 -0.962794496 -0.176983804 -0.147281872
70.034341000 76.906551284 17.850005349 -87.640400479 0.134127902 -0.962227552 -0.171231260 -0.163730572
70.134252000 76.795804770 17.774962714 -87.603236587 0.122487779 -0.962134713 -0.164851955 -0.179213198
70.233784000 76.673666835 17.711790923 -87.600224290 0.121289519 -0.960241401 -0.160489559 -0.193567573
70.333188000 76.554950177 17.629649416 -87.589432945 0.130636683 -0.956476007 -0.158996047 -0.206900853
70.432823000 76.434793112 17.549751227 -87.584804508 0.131639443 -0.953946247 -0.156926375 -0.219161420
70.532789000 76.313298540 17.466707304 -87.579440713 0.130630451 -0.951694871 -0.153547283 -0.231594021
70.632916000 76.195246598 17.383751906 -87.559605712 0.126103714 -0.949468668 -0.149466602 -0.245493049
70.733087000 76.069017178 17.306412830 -87.552317659 0.121439552 -0.947372726 -0.145175517 -0.258188734
70.833186000 75.953452763 17.218157677 -87.509359173 0.124898636 -0.943059884 -0.142667124 -0.273284610
70.933261000 75.832787655 17.110610406 -87.453332416 0.122528075 -0.938869178 -0.137375119 -0.290928881
71.033489000 75.697807375 17.042524733 -87.485317280 0.123815859 -0.933082450 -0.131471238 -0.311033901
71.133793000 75.555379351 16.931650422 -87.390487951 0.129645285 -0.925007329 -0.127129744 -0.333753756
71.233998000 75.406581704 16.825894608 -87.291590688 0.131056442 -0.916546564 -0.120835455 -0.358001953
71.333980000 75.252251009 16.724415905 -87.193516495 0.137594499 -0.905703774 -0.116337856 -0.383710738
71.433606000 75.102246510 16.632594435 -87.096549468 0.144489468 -0.892725998 -0.112544615 -0.411699885
71.533005000 74.948567454 16.562173380 -86.988949606 0.143597734 -0.879633827 -0.105921360 -0.440913469
71.632226000 74.800583139 16.502807904 -86.890470504 0.140416710 -0.865099547 -0.100052573 -0.471036521
71.731833000 74.665168417 16.454783211 -86.790603853 -0.136715599 0.849336753 0.089012754 0.502008620
71.832127000 74.525504060 16.452858427 -86.668411472 -0.131749100 0.832011842 0.074561458 0.533703156
71.932870000 74.322068630 16.515490180 -86.553161980 -0.115665319 0.810896632 0.077481678 0.568387874
72.034068000 74.156020722 16.536342530 -86.476400962 -0.098997752 0.787899892 0.078800921 0.602663770
72.135058000 73.962010486 16.575288920 -86.319332320 -0.097785556 0.767499581 0.058693360 0.630822850
72.235103000 73.631506325 16.667344631 -86.184148545 -0.098394168 0.742836386 0.039892304 0.661000223
72.334597000 73.329435235 16.787871837 -86.089161934 -0.090866702 0.717844075 0.022753889 0.689873457
72.433871000 73.056653036 16.855499029 -85.977785466 -0.071843716 0.692532151 0.022811233 0.717438044
72.533465000 72.808909203 16.920244882 -85.847867803 -0.065350534 0.668917032 0.010329228 0.740386804
72.633491000 72.557730297 17.036488633 -85.747652881 -0.049400890 0.645479392 0.009492617 0.762119280
72.733811000 72.405630856 17.056125216 -85.701729452 -0.027275944 0.621803447 0.014304307 0.782567494
72.834095000 72.257056227 17.074708420 -85.653261831 -0.027618879 0.601372778 -0.001060481 0.798490360
72.934220000 72.103461229 17.116764154 -85.630384121 -0.017391903 0.582962483 -0.005151299 0.812296577
73.034050000 71.963573087 17.103049378 -85.564962696 -0.000138670 0.571578962 -0.004063304 0.820536995
73.133902000 71.800892326 17.082494201 -85.496774749 -0.017550462 0.561815608 -0.020111287 0.826831749
73.233641000 71.637763206 17.080748644 -85.451295450 -0.034219987 0.552549643 -0.034104313 0.832078591
73.333078000 71.491398343 17.081287462 -85.389199115 -0.040845193 0.545911664 -0.038924638 0.835940786
73.432542000 71.358243764 17.053612347 -85.311545561 -0.037026797 0.540401090 -0.037235890 0.839767329
73.532319000 71.262897439 17.019239003 -85.247208803 -0.032494933 0.532589493 -0.038347471 0.844879863
73.632408000 71.164263753 16.976482825 -85.175693965 -0.019177716 0.524098241 -0.038585068 0.850567130
73.732560000 71.034605860 16.937758458 -85.110620238 -0.015022578 0.512358108 -0.038979678 0.857755254
73.832612000 70.948593226 16.882020220 -85.049044700 -0.000938558 0.499491618 -0.035551085 0.865588449
73.932518000 70.817806127 16.812413386 -84.969630031 0.005812488 0.485344444 -0.038749061 0.873444615
74.032246000 70.720524616 16.752970172 -84.901844010 0.003533738 0.469773390 -0.047526252 0.881499705
74.132075000 70.592432776 16.672989243 -84.814241564 0.007567106 0.453464652 -0.052624971 0.889687114
74.231765000 70.461737826 16.619118293 -84.725051391 -0.004051988 0.434910367 -0.068547167 0.897851792
74.331463000 70.331928401 16.555568569 -84.630109677 -0.006198149 0.416359331 -0.083090449 0.905374214
74.431321000 70.195740325 16.496897314 -84.536457304 -0.002116449 0.397717453 -0.089073536 0.913171535
74.531428000 70.070861393 16.436382207 -84.436718727 0.004983132 0.379373984 -0.097988799 0.920026491
74.631637000 69.938756580 16.382979737 -84.331293721 0.018056246 0.360572896 -0.101860131 0.926976630
74.731848000 69.841323715 16.307588169 -84.237346749 0.025436808 0.339855550 -0.112502789 0.933377896
74.832196000 69.742573521 16.243819135 -84.135720325 0.022785849 0.318434277 -0.130798855 0.938601127
74.932402000 69.631288224 16.186767586 -84.024236987 0.022562113 0.297484167 -0.144045328 0.943527988
75.032489000 69.498438013 16.136736988 -83.901735909 0.027119440 0.279762137 -0.160375108 0.946191052
75.132481000 69.362769407 16.093290857 -83.768058587 0.034326785 0.265591816 -0.184598825 0.945624626
75.232230000 69.275518451 16.072002684 -83.611282530 0.036166282 0.252305246 -0.185380067 0.949035454
75.331930000 69.161377350 16.053921612 -83.453187485 0.035943939 0.239478260 -0.184240425 0.952582627
75.431641000 69.061162972 16.045234908 -83.292113548 0.036162348 0.226213039 -0.176299597 0.957307891
75.531570000 68.959473993 16.051526568 -83.127196544 0.035396189 0.213701635 -0.172265022 0.960938855
75.631595000 68.874583191 16.066670040 -82.961600319 0.034476091 0.200326905 -0.168943754 0.964436902
75.731643000 68.789269190 16.095017668 -82.789639557 0.035523681 0.185616913 -0.166048388 0.967839017
75.831768000 68.702512880 16.142782353 -82.614337703 0.038029025 0.171924810 -0.168119695 0.969913100
75.931881000 68.615456936 16.186743461 -82.441708494 0.039277180 0.157568765 -0.162636588 0.973231076
76.031930000 68.535311520 16.252273352 -82.265651376 0.040419173 0.144508541 -0.161600953 0.975381312
76.132142000 68.452609922 16.321752232 -82.085789610 0.042070861 0.128901168 -0.160643631 0.977654415
76.232434000 68.376945351 16.392098400 -81.914242359 0.046481782 0.113044309 -0.160730146 0.979400964
76.332763000 68.308260388 16.446792989 -81.744938178 0.050270401 0.097013345 -0.162416036 0.980654031
76.432971000 68.242700328 16.500177416 -81.581784065 0.053341764 0.081516848 -0.165873494 0.981323414
76.532975000 68.191566646 16.554715181 -81.432034110 0.062864536 0.069565932 -0.168222971 0.981279605
76.632745000 68.160726889 16.558794634 -81.308736085 0.068803852 0.056822711 -0.164627106 0.982311114
76.732326000 68.119761866 16.569094034 -81.178543374 0.065805277 0.042452572 -0.158860803 0.984190373
76.831858000 68.088453820 16.572188020 -81.048056971 0.065970986 0.031916425 -0.169085924 0.982872892
76.931553000 68.060880760 16.573850855 -80.919473657 0.067544071 0.022206347 -0.175311512 0.981942234
77.031331000 68.039160142 16.570499090 -80.795345200 0.071408260 0.012574741 -0.174995789 0.981895723
77.131292000 68.020380581 16.567226628 -80.669233946 0.071585063 -0.001150755 -0.152938475 0.985638918
77.231380000 67.995326966 16.560706867 -80.544583734 0.072853191 -0.013918955 -0.141717148 0.987124574
77.331745000 67.962778576 16.581845484 -80.411568709 0.081110271 -0.022700891 -0.146704219 0.985587980
77.432096000 67.892728541 16.576874422 -80.287905505 0.102102029 -0.029650637 -0.160336461 0.981319639
77.532283000 67.852513002 16.557203399 -80.163723479 0.122905272 -0.032534974 -0.179809473 0.975450831
77.632224000 67.830058533 16.531933000 -80.061606031 0.123898265 -0.038268907 -0.187431134 0.973680790
77.732008000 67.802724487 16.495777041 -79.938153585 0.101372564 -0.052467167 -0.192366680 0.974661921
77.831948000 67.767450479 16.466470104 -79.806409385 0.088287153 -0.065061214 -0.195612589 0.974529698
77.931927000 67.735520123 16.440195358 -79.650037223 0.083572101 -0.073858444 -0.197112476 0.974016071
78.031857000 67.708928745 16.408751501 -79.508670916 0.081168633 -0.077072887 -0.197563317 0.973878924
78.131756000 67.665424658 16.356050109 -79.357978982 0.076150177 -0.072958585 -0.229686569 0.967534121
78.231571000 67.658725922 16.347565889 -79.256974293 0.075675032 -0.072516200 -0.231937453 0.967067582
78.331401000 67.641535937 16.336781629 -79.073390191 0.078378950 -0.075666116 -0.208204121 0.971999189
78.431270000 67.630642344 16.312782411 -78.935942050 0.079108928 -0.076855698 -0.195237758 0.974534349
78.531332000 67.619672497 16.304625294 -78.795046474 0.078795327 -0.076037572 -0.191121066 0.975439553
78.631631000 67.606991534 16.307158665 -78.681285595 0.079082609 -0.075647362 -0.188316689 0.975991927
78.731960000 67.605801473 16.296191787 -78.548780980 0.104507112 -0.071645313 -0.176215937 0.976162464
78.832085000 67.599751858 16.271323040 -78.445024844 0.112653572 -0.070551897 -0.169141637 0.976587277
78.932095000 67.583229725 16.257163238 -78.307480890 0.100190790 -0.071956519 -0.170442097 0.977616262
79.032069000 67.546827714 16.287329565 -78.153976683 0.107207387 -0.071229668 -0.176213746 0.975900418
79.132151000 67.541088535 16.263537334 -78.046823276 0.125290678 -0.069531454 -0.172249128 0.974575734
79.232130000 67.514275680 16.286734009 -77.857938361 0.129164970 -0.070285983 -0.170533959 0.974317433
79.332105000 67.486433250 16.351816077 -77.656044110 0.141834661 -0.069477160 -0.170973352 0.972534815
79.432050000 67.472030522 16.319546950 -77.480049208 0.140375619 -0.069240304 -0.180292648 0.971079310
79.531881000 67.453393709 16.294895817 -77.312893074 0.117043865 -0.071487004 -0.187177510 0.972704951
79.631657000 67.433621086 16.300456614 -77.135867554 0.101189601 -0.072861898 -0.190476865 0.973740403
79.731451000 67.414114253 16.314425529 -76.965949486 0.116962927 -0.068382051 -0.194463495 0.971507858
79.831418000 67.417674885 16.286234889 -76.755299606 0.125465183 -0.066728670 -0.195742141 0.970304481
79.931659000 67.417608210 16.266750611 -76.547360099 0.115629835 -0.068637248 -0.194913888 0.971559183
80.032097000 67.393229983 16.268663480 -76.383980829 0.108419854 -0.068637658 -0.192795449 0.972812378
80.132584000 67.396180663 16.247279274 -76.200745153 0.118859631 -0.061088177 -0.190257977 0.972595766
80.232833000 67.402933541 16.239580701 -75.991766193 0.119750613 -0.053358360 -0.186018497 0.973760646
80.333103000 67.408918994 16.223580819 -75.790008389 0.127170814 -0.043682174 -0.183161446 0.973843589
80.433423000 67.426992376 16.205934911 -75.571251743 0.130700993 -0.033947728 -0.181331194 0.974106668
80.533490000 67.436426881 16.190545804 -75.366456023 0.124874467 -0.026474754 -0.179672417 0.975409287
80.633348000 67.472179733 16.166342928 -75.113590325 0.121844543 -0.023440547 -0.173964345 0.976903708
80.733135000 67.490674195 16.147682824 -74.867729842 0.100552962 -0.030942807 -0.158266315 0.981775645
80.833020000 67.508599673 16.124490024 -74.655222960 0.085608485 -0.034792874 -0.165784471 0.981822872
80.932863000 67.530575872 16.087975999 -74.437837479 0.093017701 -0.039818462 -0.159857606 0.981940804
81.032791000 67.531389113 16.081091749 -74.230959703 0.096078548 -0.043195153 -0.173233993 0.979230859
81.132893000 67.553694553 16.044485246 -74.020166638 0.139256779 -0.037369609 -0.183470026 0.972393856
81.232821000 67.587942681 15.986851533 -73.798640792 0.157153864 -0.038713235 -0.180513085 0.970164406
81.332788000 67.595902808 15.948934043 -73.585030904 0.151638835 -0.044006651 -0.175354397 0.971761243
81.432670000 67.620022529 15.881572262 -73.432873290 0.164594951 -0.043188214 -0.177998151 0.969205829
81.532511000 67.622226339 15.870714094 -73.321070663 0.148546619 -0.046969299 -0.179525025 0.971338536
81.632477000 67.636709336 15.850944891 -73.036138418 0.124780240 -0.052263600 -0.181011250 0.974132093
81.732401000 67.654597933 15.812762490 -72.749494051 0.115081537 -0.054138151 -0.181823366 0.975072081
81.832417000 67.675310999 15.770282505 -72.468233206 0.112169742 -0.056146107 -0.181990133 0.975266710
81.932611000 67.694475878 15.742353959 -72.209337657 0.110478093 -0.057648038 -0.182695611 0.975240282
82.032929000 67.717787782 15.702669833 -71.936637497 0.110795951 -0.059474478 -0.182516910 0.975128003
82.133423000 67.739695581 15.671363097 -71.640273193 0.111324288 -0.063496170 -0.183887549 0.974556570
82.233938000 67.756901870 15.633734809 -71.366587023 0.111722378 -0.065845187 -0.184108158 0.974313455
82.334120000 67.781211063 15.607427323 -71.093545263 0.111280077 -0.066914762 -0.185506066 0.974026005
82.434176000 67.798108485 15.594144239 -70.825375413 0.111373311 -0.067336786 -0.185971107 0.973897577
82.534053000 67.820961913 15.589771010 -70.550830173 0.112145398 -0.062184451 -0.185038691 0.974329096
82.633864000 67.851426330 15.599660123 -70.256515983 0.112061509 -0.055198657 -0.183989659 0.974958016
82.733622000 67.868623061 15.598266201 -70.001773209 0.111207692 -0.048334158 -0.183485453 0.975515119
82.833446000 67.883146991 15.600369105 -69.739906855 0.108759520 -0.043329166 -0.181019884 0.976486432
82.933513000 67.904659724 15.593623878 -69.484457940 0.107363774 -0.037565568 -0.179348004 0.977187874
83.033695000 67.924711546 15.593472936 -69.231506518 0.106787618 -0.034688270 -0.177968907 0.977609430
83.133937000 67.945738827 15.593850077 -68.980685659 0.107320235 -0.037513488 -0.178722906 0.977309177
83.233962000 67.973285115 15.604377139 -68.712789995 0.108143172 -0.039826347 -0.179648640 0.976957155
83.333694000 67.995202626 15.595308944 -68.464912928 0.108096964 -0.041008537 -0.179362210 0.976965989
83.433223000 68.022904479 15.585871174 -68.234715821 0.108999227 -0.045627759 -0.180511195 0.976449171
83.532948000 68.052597533 15.557586630 -67.986947440 0.110305499 -0.051486316 -0.180997064 0.975921062
83.632615000 68.079809606 15.539596263 -67.752944883 0.110327525 -0.054686295 -0.181483998 0.975654040
83.732226000 68.112805054 15.512818153 -67.527429216 0.111747664 -0.056335926 -0.182058769 0.975291407
83.831900000 68.143971855 15.484150461 -67.301150362 0.111950341 -0.057859361 -0.181956261 0.975198100
83.931781000 68.174189581 15.458574254 -67.074245027 0.112083824 -0.058852997 -0.181510069 0.975206458
84.031799000 68.203432377 15.421370978 -66.854182608 0.111673871 -0.058832086 -0.181094554 0.975331992
84.131941000 68.236972290 15.391921985 -66.637469515 0.109765709 -0.060701824 -0.180650757 0.975516315
84.232131000 68.274805706 15.361010770 -66.406781812 0.110731110 -0.064450724 -0.181641744 0.974982565
84.332466000 68.298168631 15.326459494 -66.175944507 0.113519241 -0.068700139 -0.184831951 0.973771443
84.432812000 68.340111317 15.315800324 -65.933852080 0.127785423 -0.071675997 -0.177061543 0.973233090
84.533051000 68.376042295 15.264004102 -65.759517906 0.142697428 -0.072892902 -0.165332014 0.973133801
84.633075000 68.385131434 15.224056418 -65.501458933 0.128227711 -0.075300118 -0.178292746 0.972676330
84.732750000 68.410807308 15.172148367 -65.247028336 0.126674579 -0.071323945 -0.184269235 0.972065479
84.832133000 68.425628645 15.111888917 -64.978827224 0.119041167 -0.067115462 -0.180950917 0.973951478
84.931427000 68.446455341 15.070698000 -64.701612619 0.111070047 -0.060065601 -0.174782340 0.976476678
85.030809000 68.495803891 15.031164753 -64.434219918 0.107665511 -0.048602853 -0.179477946 0.976644033
85.130466000 68.459564256 14.983325624 -64.132615817 0.105920073 -0.040225715 -0.180157791 0.977090579
85.230289000 68.461593601 14.944272003 -63.868319745 0.104175144 -0.032053586 -0.179910673 0.977625826
85.330374000 68.489874020 14.960178203 -63.623254588 0.102815737 -0.024475223 -0.178864328 0.978180678
85.430558000 68.481098334 14.963939684 -63.381811485 0.111877699 -0.016293530 -0.177866849 0.977538380
85.530680000 68.482351239 15.016773699 -63.120195948 0.108469363 -0.011868935 -0.176681835 0.978200928
85.630868000 68.433217618 15.112391286 -62.826484155 0.107326869 -0.009096106 -0.177274017 0.978249522
85.731178000 68.395530324 15.202882765 -62.535158037 0.109697731 -0.007326664 -0.177099429 0.978032985
85.831829000 68.390923798 15.308275892 -62.265096721 0.104763974 -0.004871405 -0.178241859 0.978381633
85.932506000 68.350691663 15.382623951 -61.995549514 0.103420005 -0.005622704 -0.177713359 0.978616702
86.032889000 68.334114375 15.478892331 -61.738468557 0.107563925 -0.005494680 -0.178338721 0.978056804
86.133025000 68.312074059 15.529377928 -61.532565503 0.115265353 -0.007094280 -0.179800954 0.976900807
86.232803000 68.314454605 15.598149240 -61.265946695 0.106449563 -0.012986824 -0.180607188 0.977691606
86.332613000 68.314061601 15.628552431 -61.032558518 0.102841639 -0.020779956 -0.181183434 0.977836568
86.432505000 68.316697617 15.650655700 -60.815853206 0.102436532 -0.028211208 -0.181260539 0.977678629
86.532323000 68.317503977 15.664309023 -60.603754010 0.102064625 -0.033775653 -0.181589058 0.977480144
86.632093000 68.331061489 15.665259815 -60.377095826 0.093559034 -0.038051765 -0.182375481 0.978027584
86.731896000 68.323274021 15.703728676 -60.116292412 0.074627774 -0.044174154 -0.181810714 0.979502018
86.831593000 68.322349443 15.723346236 -59.898181104 0.070146869 -0.046606161 -0.181160272 0.979840925
86.931157000 68.309101747 15.733971891 -59.702769546 0.082039971 -0.044130457 -0.182283589 0.978823089
87.030609000 68.334466135 15.715732076 -59.535828104 0.092406284 -0.033410653 -0.180198275 0.978710064
87.130088000 68.372565947 15.699280959 -59.380974017 0.088378469 -0.019932241 -0.167093849 0.981769626
87.229648000 68.397719483 15.707972625 -59.197039026 0.075865005 -0.005145350 -0.154885874 0.985001722
87.329583000 68.405783255 15.719205305 -59.020290592 0.073813861 0.013977922 -0.162555616 0.983835252
87.429784000 68.400374117 15.680279452 -58.867341907 0.079563938 0.035092027 -0.166816380 0.982145827
87.529952000 68.404203292 15.644701258 -58.701413548 0.080121309 0.059140765 -0.165574717 0.981156440
87.629964000 68.396837260 15.603110792 -58.536554482 0.079724957 0.083118025 -0.161866034 0.980068728
87.729944000 68.397649722 15.554490256 -58.367151051 0.077416138 0.108523258 -0.155614523 0.978781673
87.829989000 68.398942260 15.498356891 -58.232493006 0.071500519 0.133355067 -0.150173075 0.977011847
87.930237000 68.401448721 15.455227795 -58.049004532 0.069325905 0.157577455 -0.143930789 0.974498431
88.030521000 68.396827618 15.408152993 -57.878620076 0.071898500 0.180654460 -0.136635748 0.971352276
88.130883000 68.435033051 15.375296410 -57.707249790 0.075609464 0.199375943 -0.130461999 0.968252090
88.231232000 68.442549377 15.330561552 -57.544418798 0.073164197 0.209113905 -0.126309082 0.966935567
88.331420000 68.492379042 15.304720031 -57.393099432 0.069752163 0.217328625 -0.125582770 0.965469768
88.431333000 68.478926731 15.287860873 -57.222707181 0.061381872 0.219877419 -0.126851448 0.965295238
88.531060000 68.459971041 15.271887847 -57.043251902 0.056894282 0.220743241 -0.128299214 0.965181213
88.630574000 68.426249356 15.266111385 -56.867438238 0.051941725 0.218310130 -0.121718531 0.966864698
88.730199000 68.383129175 15.264975742 -56.687852163 0.049849391 0.216713723 -0.117772470 0.967822218
88.829941000 68.340596733 15.257179942 -56.545466692 0.049060127 0.219426732 -0.114827938 0.967605063
88.929723000 68.296405962 15.261613138 -56.376914576 0.043344296 0.225775125 -0.101925579 0.967862615
89.029637000 68.249016602 15.262800113 -56.222116521 0.037619198 0.234880064 -0.088263780 0.967277446
89.129779000 68.185218849 15.277690470 -56.062440579 0.031998708 0.247583462 -0.080302164 0.965002629
89.229916000 68.112665256 15.294615838 -55.920017770 0.031944275 0.264356757 -0.093493803 0.959350810
89.330169000 68.040774504 15.300700728 -55.774093125 0.033971698 0.282641716 -0.106654459 0.952672247
89.430420000 67.985416326 15.293172926 -55.642762408 0.034225600 0.295674517 -0.111924553 0.948091811
89.530841000 67.920676823 15.288610392 -55.513399376 0.041093406 0.305530658 -0.110699505 0.944832244
89.631258000 67.851596857 15.276140182 -55.344724785 0.039748010 0.313624014 -0.108537300 0.942485930
89.731503000 67.775155930 15.283212275 -55.221245339 0.042182425 0.321533384 -0.106368843 0.939958826
89.831582000 67.707278604 15.276740999 -55.096056948 0.047136655 0.329159425 -0.102642774 0.937494890
89.931560000 67.641587073 15.267442182 -54.972667366 0.048325357 0.334430261 -0.096476566 0.936222907
90.031389000 67.555250605 15.280461756 -54.833183987 0.044695303 0.336719707 -0.086462650 0.936560932
90.131199000 67.478426204 15.281517618 -54.700910233 0.050063513 0.340438195 -0.089857158 0.934623545
90.230862000 67.387975450 15.275204119 -54.566728195 0.056769095 0.343826035 -0.090739951 0.932913281
90.330609000 67.301098102 15.266165472 -54.411562117 0.059132987 0.346952284 -0.091792741 0.931504962
90.430597000 67.202898882 15.262238817 -54.262908910 0.064034266 0.349457441 -0.089022445 0.930512823
90.530782000 67.106654762 15.251960333 -54.111056326 0.077450807 0.351072966 -0.077697007 0.929899092
90.631055000 67.002529598 15.247212996 -53.958562477 0.081224522 0.351499927 -0.078583361 0.929341183
90.731342000 66.873876601 15.230078121 -53.802708493 0.087050795 0.350520868 -0.078116503 0.929222843
90.831612000 66.765284611 15.215078797 -53.636102681 0.090518389 0.350620683 -0.079040619 0.928775612
90.931747000 66.634375686 15.199302179 -53.467358700 0.102185249 0.348565029 -0.074487682 0.928715339
91.031628000 66.507163988 15.153880022 -53.273911116 0.118401140 0.347898522 -0.066555359 0.927641187
91.131553000 66.367094886 15.121510331 -53.082235862 0.099177532 0.344762047 -0.076964049 0.930257751
91.231462000 66.228659869 15.078312543 -52.884654797 0.099285796 0.343080735 -0.078824896 0.930711865
91.331431000 66.076253625 15.044214870 -52.681492964 0.101381351 0.342337681 -0.078818688 0.930760092
91.431387000 65.938187537 14.989552231 -52.478946173 0.122743593 0.343459436 -0.072011317 0.928323218
91.531446000 65.781302296 14.899692382 -52.244018939 0.119566801 0.343134858 -0.069197715 0.929071539
91.631572000 65.597678954 14.837362205 -51.992654404 0.091241062 0.341527746 -0.081601864 0.931866408
91.731752000 65.418974197 14.749596180 -51.741134485 0.070565220 0.340655018 -0.088915208 0.933310663
91.831926000 65.229751841 14.686321279 -51.488898629 0.042205531 0.339440445 -0.100483161 0.934292252
91.932083000 65.055198447 14.599960614 -51.238776469 0.029690384 0.339691867 -0.104566700 0.934234297
92.032146000 64.882610680 14.502923062 -51.003131525 0.024390991 0.339292646 -0.106131757 0.934356265
92.132088000 64.738976223 14.405130177 -50.771810649 0.023629073 0.340517827 -0.105548935 0.933996092
92.231751000 64.595418476 14.299714729 -50.544105257 0.023453489 0.341567975 -0.104030158 0.933787438
92.331582000 64.452598291 14.198791590 -50.322254027 0.023124589 0.341619194 -0.102435667 0.933953165
92.431761000 64.313778764 14.100913932 -50.106219437 0.023854735 0.341754734 -0.101941241 0.933939311
92.531941000 64.159860659 13.998907090 -49.891400086 0.025642489 0.340910342 -0.100813324 0.934322897
92.632104000 64.031516940 13.915744110 -49.665447392 0.025260097 0.342208134 -0.100689991 0.933872072
92.732407000 63.886753724 13.841356007 -49.442313540 0.024569856 0.342507433 -0.100977284 0.933749735
92.832664000 63.725978550 13.770754111 -49.245052324 0.024485111 0.342404241 -0.100991716 0.933788246
92.932618000 63.567650603 13.692993485 -49.032419546 0.023708519 0.345945436 -0.099812979 0.932629096
93.032436000 63.415137830 13.624006265 -48.828726490 0.021715307 0.349781693 -0.097738371 0.931465739
93.132350000 63.268943943 13.565402040 -48.636396939 0.021689712 0.353252176 -0.097719733 0.930157680
93.232239000 63.119917584 13.505852596 -48.442272096 0.023230662 0.356562022 -0.096041501 0.929031695
93.332206000 62.972900462 13.445791014 -48.249350052 0.023603992 0.358527473 -0.094705462 0.928402810
93.432354000 62.833018046 13.413437421 -48.080371522 0.029101492 0.359817708 -0.091544411 0.928064621
93.532570000 62.687709326 13.366414651 -47.904874210 0.035122545 0.360995089 -0.090044538 0.927545650
93.632638000 62.539117978 13.337745045 -47.723898695 0.027141752 0.360036511 -0.092420198 0.927952339
93.732454000 62.382546703 13.319084440 -47.557777517 0.024545022 0.360357467 -0.094314071 0.927709488
93.832291000 62.213245351 13.291087884 -47.357833885 0.023577089 0.363610490 -0.092866271 0.926610699
93.932015000 62.069872849 13.273232733 -47.171613195 0.018116099 0.366264536 -0.082994427 0.926625071
94.031860000 61.884221555 13.249202238 -47.007275275 0.010188901 0.362340906 -0.070318815 0.929333373
94.132077000 61.718212903 13.223156755 -46.846173086 0.015745304 0.366470340 -0.082953168 0.926590712
94.232085000 61.554253782 13.187677099 -46.680300018 0.019760426 0.369547541 -0.090712527 0.924562263
94.332160000 61.402862763 13.143023554 -46.521591488 0.023267217 0.370302089 -0.091779492 0.924073333
94.432203000 61.246988035 13.088808203 -46.364962941 0.025749246 0.366824054 -0.093254031 0.925246332
94.532248000 61.091305183 13.029547566 -46.210463216 0.026622045 0.364866655 -0.093569571 0.925963458
94.632071000 60.945491960 12.960684341 -46.057967932 0.027242993 0.363712296 -0.092186058 0.926538135
94.731716000 60.795148199 12.877234847 -45.916443352 0.027750743 0.362453114 -0.091429254 0.927091327
94.831288000 60.657417691 12.801347532 -45.772173387 0.028475722 0.363434201 -0.090748741 0.926752060
94.930804000 60.510551691 12.713010334 -45.630845657 0.028143797 0.364583844 -0.089381941 0.926443423
95.030379000 60.374749114 12.632141447 -45.493367543 0.027218244 0.366379905 -0.089461056 0.925754639
95.130205000 60.236296302 12.542330370 -45.352261904 0.026289805 0.367876449 -0.088890619 0.925242791
95.230076000 60.098605922 12.451846890 -45.214985738 0.025581453 0.369385662 -0.088469948 0.924701514
95.330044000 59.963221036 12.362883216 -45.082102900 0.024301429 0.370533062 -0.088005593 0.924321214
95.430114000 59.825269018 12.268075972 -44.940657667 0.024519109 0.370509813 -0.087716728 0.924352242
95.530202000 59.681816198 12.170855000 -44.810648906 0.024279495 0.370342336 -0.087299415 0.924465182
95.630156000 59.547711378 12.074304554 -44.676883006 0.024292433 0.370124628 -0.088038496 0.924481942
95.730076000 59.407127391 11.974190194 -44.547104096 0.024147936 0.370485949 -0.087574498 0.924385064
95.830047000 59.276388711 11.900430499 -44.427927001 0.024945092 0.370360074 -0.088378890 0.924337779
95.930077000 59.121527297 11.834805209 -44.298090832 0.049746036 0.372985585 -0.076956076 0.923301060
96.030038000 58.963337422 11.748596495 -44.158232084 0.063541004 0.375060156 -0.071686207 0.922037693
96.130200000 58.803118997 11.664290499 -44.019205667 0.076418363 0.376492797 -0.066353874 0.920874894
96.230441000 58.627329670 11.559932838 -43.855612051 0.074324657 0.376873613 -0.067505831 0.920806759
96.330696000 58.475875032 11.440850145 -43.715404671 0.054128104 0.375670667 -0.075732258 0.922066333
96.430791000 58.318572017 11.344958564 -43.572934868 0.035884586 0.375534190 -0.083138532 0.922374302
96.530670000 58.160488158 11.238656853 -43.434481831 0.027003108 0.376452806 -0.084809350 0.922150471
96.630683000 58.002614106 11.139539677 -43.294400680 0.023067910 0.378330463 -0.086222252 0.921357507
96.730930000 57.837719503 11.045340915 -43.150097200 0.021416136 0.380491168 -0.086005824 0.920527467
96.831320000 57.679340565 10.941859622 -43.000972997 0.021579308 0.382574993 -0.084671243 0.919783392
96.931696000 57.510320258 10.833861996 -42.839166149 0.019640171 0.384252192 -0.084535477 0.919139962
97.031932000 57.349303000 10.739228142 -42.687123955 0.018340611 0.386124363 -0.083916153 0.918438717
97.132136000 57.197608308 10.645224401 -42.548229166 0.016633889 0.387112071 -0.083016821 0.918137117
97.232232000 57.038478507 10.557258082 -42.399751701 0.016478720 0.387529107 -0.081350652 0.918113127
97.332448000 56.888627501 10.466520011 -42.262956332 0.016007719 0.388014670 -0.080026387 0.918032759
97.432706000 56.739426665 10.385541998 -42.123521223 0.016265476 0.387823396 -0.081138248 0.918011456
97.533003000 56.604761158 10.317123019 -41.980296241 0.016406590 0.389033962 -0.081689093 0.917447705
97.633219000 56.451070466 10.252525274 -41.842279905 0.016237173 0.388250518 -0.081785404 0.917773958
97.733375000 56.293240764 10.191394867 -41.736020616 0.016259069 0.387411860 -0.082171818 0.918093397
97.833522000 56.141312652 10.136789499 -41.614070630 0.015064977 0.387843298 -0.082400414 0.917911104
97.933728000 55.980362053 10.093248411 -41.472712705 0.014838150 0.387441901 -0.080820309 0.918224744
98.033990000 55.816608871 10.019343211 -41.441707603 0.028797304 0.388622136 -0.074861471 0.917899401
98.134253000 55.632275515 10.005566892 -41.320147244 0.033583155 0.390245790 -0.071871862 0.917286668
98.234326000 55.429159472 10.001506503 -41.166220491 0.046857400 0.391840977 -0.064615076 0.916564196
98.334267000 55.225920056 9.975137287 -40.962176154 0.058721317 0.394054735 -0.060966978 0.915180693
98.433975000 55.027186670 9.937435102 -40.791461348 0.058612768 0.393203127 -0.061752761 0.915501196
98.533596000 54.811853624 9.895581919 -40.641670105 0.043999135 0.389742607 -0.068789972 0.917296417
98.633219000 54.635563216 9.864459311 -40.518026316 0.038766564 0.388105168 -0.071089483 0.918051097
98.732848000 54.436371349 9.839537550 -40.337302478 0.044305788 0.388439815 -0.070379082 0.917713622
98.832610000 54.242736894 9.786142783 -40.200073623 0.046535906 0.387690980 -0.066907992 0.918179413
98.932445000 54.058910200 9.718311376 -40.063392367 0.043719456 0.387536914 -0.074822348 0.917771957
99.032312000 53.874026335 9.659660388 -39.915124877 0.035411002 0.385901448 -0.080499698 0.918338681
99.132332000 53.681615433 9.597199483 -39.773165544 0.049469557 0.388977500 -0.091681175 0.915338096
99.232095000 53.504277321 9.507662801 -39.623737924 0.074533723 0.394091532 -0.104127778 0.910106584
99.331871000 53.347648143 9.394056051 -39.450230912 0.083306088 0.395577156 -0.108604705 0.908176100
99.431727000 53.146231924 9.299822876 -39.273499574 0.067462819 0.391695498 -0.108057456 0.911233774
99.531741000 52.999771805 9.189831582 -39.094693787 0.053391636 0.391006745 -0.132990818 0.909162527
99.631714000 52.844588728 9.098997429 -38.926909651 0.032462427 0.381529601 -0.101325446 0.918212671
99.731636000 52.691231449 9.011294801 -38.751502050 0.021968015 0.375464341 -0.087166877 0.922467273
99.831624000 52.538080314 8.900632687 -38.568597429 0.019255005 0.372081113 -0.081160510 0.924444624
99.931617000 52.382173747 8.798472628 -38.394168011 0.018248117 0.369697312 -0.079751207 0.925543434
100.031622000 52.238653204 8.708313578 -38.254007277 0.025625647 0.367884519 -0.077195113 0.926307304
100.131811000 52.084350976 8.612761848 -38.101102485 0.024624434 0.366502804 -0.077394771 0.926865352
100.232105000 51.916127560 8.505850552 -37.921463965 0.024573948 0.366605771 -0.076378821 0.926910247
100.332387000 51.741400054 8.408172873 -37.691768532 0.027277771 0.367496122 -0.075817196 0.926528077
100.432615000 51.582027409 8.320479211 -37.518683060 0.021346990 0.367962633 -0.077880138 0.926327421
100.532771000 51.420300536 8.226195773 -37.352282847 0.019214652 0.369945553 -0.078409467 0.925539324
100.633042000 51.259336308 8.138097107 -37.184809604 0.018099521 0.371767558 -0.076832777 0.924963791
100.733187000 51.099753559 8.053394611 -37.026484788 0.014183584 0.373198823 -0.077968619 0.924360513
100.833235000 50.934424900 7.978591740 -36.859169862 0.014838063 0.374592227 -0.076028679 0.923948124
100.933322000 50.769271474 7.907836897 -36.724266823 0.013980320 0.375288914 -0.076195029 0.923665036
101.033436000 50.569162100 7.855465622 -36.546594393 0.012920031 0.374542233 -0.075981933 0.924001047
101.133526000 50.357236036 7.792318766 -36.351912399 0.013663035 0.373985207 -0.076142640 0.924202729
101.233407000 50.132106441 7.735869485 -36.161190888 0.013829647 0.372630355 -0.076656937 0.924704858
101.333368000 49.907300186 7.707188944 -35.982469902 0.014756065 0.371650569 -0.077634453 0.925003246
101.433267000 49.700714903 7.650981307 -35.815389481 0.016276539 0.371164343 -0.076427702 0.925273425
101.533065000 49.490124160 7.608317080 -35.626953218 0.023056237 0.371978725 -0.073893758 0.925008081
101.632848000 49.346229779 7.620350612 -35.532400204 0.027848710 0.372968811 -0.073255143 0.924528203
101.732961000 49.173084447 7.549579009 -35.413469436 0.035860930 0.374034145 -0.069824050 0.924087146
101.833072000 48.992273757 7.490303498 -35.254255634 0.032832327 0.374800074 -0.071358372 0.923772118
101.933100000 48.803331955 7.428308543 -35.123396167 0.030612432 0.377053616 -0.078610313 0.922341514
102.033146000 48.626665710 7.379146092 -34.997834896 0.027578651 0.378447007 -0.080239247 0.921726068
102.133238000 48.457172777 7.310099084 -34.878398690 0.030366921 0.381807095 -0.090003682 0.919347883
102.233144000 48.282055010 7.257803131 -34.818802754 0.037852008 0.381657457 -0.075641593 0.920425532
102.333001000 48.089684460 7.232464660 -34.707131873 0.037167294 0.381432442 -0.072656247 0.920787139
102.433044000 47.891362867 7.171568014 -34.583853062 0.060908678 0.386555363 -0.083164053 0.916487220
102.533158000 47.699579951 7.098632541 -34.426196628 0.076947539 0.389009046 -0.085466245 0.914027658
102.633440000 47.500531025 7.015130541 -34.229345741 0.062480114 0.386595851 -0.090246307 0.915693992
102.733691000 47.298520328 6.980594570 -34.092927409 0.041190935 0.384436168 -0.105318477 0.916198755
102.833527000 47.091893119 6.953280039 -33.941367981 0.048388832 0.390397929 -0.138708404 0.908849799
102.933096000 46.910072034 6.929314494 -33.730457624 0.078269889 0.400252300 -0.160303781 0.898874084
103.032751000 46.732602235 6.907010114 -33.511227620 0.085119062 0.400202017 -0.145193196 0.900839623
103.132852000 46.560523151 6.882748844 -33.284392624 0.085940548 0.397625100 -0.133679692 0.903680387
103.232940000 46.358568456 6.878263975 -33.030802420 0.082487879 0.388805894 -0.091251950 0.913071086
103.333081000 46.168781354 6.783953914 -32.766888441 0.069374433 0.380254880 -0.069454976 0.919657230
103.433341000 45.960831875 6.777589721 -32.501956220 0.034819055 0.370976874 -0.072513083 0.925151688
103.533587000 45.757364170 6.841235668 -32.297657797 0.044292323 0.370326855 -0.065421620 0.925535641
103.633654000 45.663556437 6.722867561 -32.134008327 0.067512672 0.370657547 -0.056078550 0.924613551
103.733808000 45.460007864 6.731791529 -31.901875363 0.038452910 0.368757403 -0.067613969 0.926265460
103.834086000 45.223304842 6.712490281 -31.654842468 0.019493415 0.368501179 -0.075647278 0.926339235
103.934240000 44.978931833 6.679772395 -31.384509635 0.012258689 0.370132836 -0.077991354 0.925618041
104.034423000 44.720906329 6.660092661 -31.113433691 0.007688882 0.373460813 -0.078277914 0.924305399
104.134512000 44.565043543 6.645571983 -30.943312322 0.005665295 0.376133467 -0.080704595 0.923026699
104.234503000 44.373687901 6.637822422 -30.769623391 0.004331851 0.380148285 -0.079301580 0.921509509
104.334572000 44.138532378 6.615939613 -30.564298086 0.001447166 0.383587570 -0.079165352 0.920103977
104.435012000 43.968629469 6.594906020 -30.410223756 0.002463680 0.385944281 -0.078263799 0.919192972
104.535460000 43.741377828 6.562749810 -30.191315625 0.004096815 0.387104367 -0.076921707 0.918812536
104.635775000 43.532622544 6.509632120 -29.992028306 0.006823574 0.388040528 -0.075534467 0.918516484
104.735779000 43.327358746 6.459016330 -29.816737352 0.008458178 0.387821231 -0.076612456 0.918506224
104.835383000 43.124310386 6.412706069 -29.638275576 0.012054841 0.389921021 -0.086820617 0.916667038
104.934689000 42.852078267 6.383151925 -29.456973976 0.033037613 0.391673217 -0.076394767 0.916332062
105.033853000 42.677053568 6.287543446 -29.280207566 0.056100763 0.401221906 -0.112848126 0.907270074
105.133157000 42.422477664 6.224657413 -29.093888845 0.059440173 0.409362120 -0.169861653 0.894447617
105.232515000 42.277045320 6.205067137 -28.931653403 0.051594663 0.407469349 -0.160654421 0.897494778
105.332227000 42.101710316 6.155689083 -28.735680067 0.028145640 0.395752814 -0.112797317 0.910968879
105.432350000 41.930273714 6.092097002 -28.539637754 0.016178354 0.388022004 -0.088076162 0.917289363
105.532463000 41.785818059 6.033580829 -28.361553025 0.010216609 0.383400802 -0.078628259 0.920172290
105.632527000 41.627759141 5.975526004 -28.182117862 0.008868407 0.380035399 -0.074295602 0.921940676
105.732518000 41.477222858 5.912886334 -28.009180625 0.008550176 0.378146360 -0.073810708 0.922759017
105.832486000 41.302632298 5.857248993 -27.827617040 0.008129045 0.376369120 -0.074155766 0.923461492
105.932417000 41.175339727 5.846196374 -27.695727243 0.022072225 0.376352133 -0.069390978 0.923610730
106.032410000 41.008772793 5.798384280 -27.524364671 0.075531319 0.378872321 -0.041994631 0.921405033
106.132656000 40.885708865 5.731847469 -27.395451721 0.074545266 0.379855764 -0.043138022 0.921027531
106.233086000 40.716421672 5.682170666 -27.224721329 0.056902493 0.380436556 -0.052261973 0.921574099
106.333315000 40.507878875 5.648282150 -27.054698143 0.080224024 0.382416716 -0.038414418 0.919698806
106.433297000 40.363066294 5.569280556 -26.909124629 0.092336106 0.384701283 -0.036777248 0.917674452
106.533229000 40.271648091 5.568436742 -26.838134763 0.078746357 0.384593146 -0.042890114 0.918720611
106.633228000 40.032006253 5.528897986 -26.637890542 0.055516799 0.385290475 -0.051639875 0.919675192
106.733235000 39.794299505 5.482044556 -26.433729421 0.045121163 0.386753872 -0.055242615 0.919420348
106.833269000 39.572309400 5.417796086 -26.246599731 0.040890943 0.388437812 -0.057340420 0.918779665
106.933338000 39.361840230 5.359800005 -26.066636645 0.037642270 0.389443216 -0.057790844 0.918464620
107.033188000 39.160168299 5.299311728 -25.890894530 0.037631330 0.391095285 -0.057813219 0.917761403
107.132989000 38.957388890 5.240808085 -25.724208614 0.037007637 0.392228610 -0.056080573 0.917410552
107.232999000 38.753107710 5.185092528 -25.548704589 0.035909037 0.393221387 -0.057152189 0.916962981
107.333204000 38.551540980 5.144544990 -25.378376682 0.034744161 0.395072258 -0.057088178 0.916215965
107.433488000 38.337778445 5.083090429 -25.212370549 0.034945553 0.396518371 -0.057442889 0.915561196
107.533671000 38.121646163 5.021434266 -25.057384450 0.035029727 0.397936828 -0.055892060 0.915038402
107.633616000 37.907513998 4.967663543 -24.888502469 0.037497554 0.398637665 -0.054958978 0.914692001
107.733302000 37.692010243 4.899097039 -24.722676482 0.038798358 0.399252138 -0.055570204 0.914332746
107.832973000 37.491477394 4.896490327 -24.613566455 0.046595406 0.401345488 -0.062120481 0.912629012
107.932697000 37.335004298 4.836646797 -24.487041910 0.089381439 0.405586808 -0.052636273 0.908151817
108.032504000 37.111884285 4.749676534 -24.330575815 0.083110631 0.407153032 -0.071784580 0.906733701
108.132529000 36.861697408 4.697473936 -24.162192795 0.068166983 0.409977648 -0.111813648 0.902645722
108.232353000 36.639117223 4.650206450 -23.990825420 0.070610588 0.415542034 -0.152629987 0.893892080
108.332097000 36.462793284 4.621689000 -23.833974025 0.092836176 0.420123783 -0.164706436 0.887552388
108.431935000 36.306123152 4.565576212 -23.660700446 0.060190919 0.405024869 -0.120029200 0.904392006
108.532218000 36.115135822 4.526300628 -23.444399654 0.034887322 0.390377544 -0.085038386 0.916054977
108.632787000 35.927644423 4.484279095 -23.236269516 0.026172913 0.380686928 -0.071148420 0.921591202
108.733420000 35.738660263 4.452884220 -23.038740661 0.028800327 0.374560897 -0.064075151 0.924537209
108.833857000 35.584201604 4.395408480 -22.860936165 0.042238331 0.371363841 -0.056607016 0.925797206
108.934158000 35.413309188 4.347311818 -22.663426836 0.037247399 0.371459141 -0.058922554 0.925828748
109.034411000 35.224584582 4.284014240 -22.435965074 0.039407735 0.373718909 -0.056734028 0.924966193
109.134547000 35.057221678 4.240016451 -22.291250850 0.030395423 0.377854014 -0.059801516 0.923431774
109.234212000 34.868407459 4.225686446 -22.101406704 0.065809180 0.387196746 -0.039550996 0.918794618
109.334018000 34.681588563 4.154138702 -21.977638387 0.084573802 0.392002638 -0.018928553 0.915872761
109.434047000 34.479863436 4.088992933 -21.780765408 0.065273593 0.397763829 -0.025759470 0.914800385
109.534162000 34.277012425 4.049429148 -21.605728465 0.037651711 0.402094591 -0.043575739 0.913785228
109.634197000 34.082039277 4.007783102 -21.453725788 0.022686906 0.405419350 -0.051752013 0.912382696
109.733942000 33.895524083 3.963303551 -21.466201028 0.018544324 0.404970410 -0.054842577 0.912495132
109.833754000 33.704267775 3.906158599 -21.353045357 0.016333369 0.406712338 -0.056556864 0.911657620
109.933733000 33.507562777 3.859746246 -21.190230387 0.014500920 0.408770506 -0.058225932 0.910662472
110.033824000 33.302321682 3.801279607 -21.028310800 0.014855555 0.409414522 -0.057264336 0.910428392
110.133981000 33.095636628 3.743513806 -20.859337586 0.012644369 0.409289447 -0.057653563 0.910493457
110.233888000 32.899618020 3.668861982 -20.723259555 0.014592569 0.409096697 -0.056963542 0.910594369
110.333585000 32.743947803 3.656437805 -20.644225593 0.014397887 0.410658672 -0.055677839 0.909973700
110.433238000 32.542626394 3.623691669 -20.538119020 0.022966386 0.410140294 -0.053959538 0.910135074
110.532773000 32.349570037 3.530352571 -20.442354715 0.033526992 0.416383816 -0.085564534 0.904532569
110.632245000 32.131176526 3.473574302 -20.254251123 0.049661959 0.421704741 -0.106893208 0.899039845
110.731792000 31.962692746 3.375957038 -20.117184727 0.075014213 0.426923757 -0.111695159 0.894222100
110.831759000 31.781555588 3.250512433 -19.942592786 0.055287978 0.420137201 -0.085048618 0.901773089
110.931981000 31.598538648 3.194849323 -19.785589780 0.033899020 0.412546749 -0.067535182 0.907796803
111.032194000 31.450071710 3.175691047 -19.657285094 0.048050836 0.410530860 -0.053375391 0.909014080
111.132417000 31.277647579 3.101445366 -19.508831599 0.089467272 0.409866622 -0.030379714 0.907238686
111.232536000 31.085445338 3.013692439 -19.367121671 0.067624196 0.407402586 -0.039481408 0.909885333
111.332637000 30.882782647 2.997976658 -19.212451751 0.048063884 0.405421879 -0.048855068 0.911556990
111.432571000 30.799294686 2.955831972 -19.147284636 0.072005265 0.405810448 -0.039703709 0.910250920
111.532394000 30.597522512 2.819820444 -18.972654645 0.103176208 0.405836281 -0.020586147 0.907869921
111.632476000 30.492848475 2.719126653 -18.904040285 0.092946917 0.405323270 -0.023021552 0.909144612
111.732583000 30.287882457 2.665698061 -18.756161648 0.088251279 0.405185403 -0.025669803 0.909602969
111.832516000 30.074154407 2.546650596 -18.601504923 0.125297381 0.405820074 -0.008615375 0.905282502
111.932375000 29.840016512 2.381268013 -18.430935981 0.122994971 0.406324575 -0.007442042 0.905382346
112.032361000 29.550300284 2.266206603 -18.224118150 0.102411512 0.406225642 -0.020064322 0.907794047
112.132408000 29.388116085 2.156629801 -18.104407507 0.088629035 0.405990398 -0.024067356 0.909251040
112.232191000 29.147141105 2.095705901 -17.926914095 0.068803316 0.405253140 -0.032625187 0.911027768
112.331901000 28.824535431 1.989928235 -17.690719191 0.053786927 0.405328256 -0.039045500 0.911751841
112.431847000 28.522508641 1.877395086 -17.451303135 0.046744520 0.406474269 -0.041743741 0.911510328
112.531967000 28.202435188 1.755963105 -17.237696590 0.045281025 0.405799101 -0.044522169 0.911753527
112.632078000 27.901939611 1.621843725 -17.017485384 0.044857682 0.405700514 -0.045171093 0.911786408
112.732218000 27.620928444 1.489738982 -16.826596239 0.050863288 0.408487841 -0.056239491 0.909608558
112.832305000 27.337450762 1.363150209 -16.615281643 0.069781220 0.419028367 -0.103598830 0.899340365
112.932334000 27.082055660 1.223495785 -16.395722919 0.085009015 0.427383216 -0.141803992 0.888824325
113.032487000 26.845968415 1.083946986 -16.169207888 0.093186760 0.432147809 -0.160020440 0.882585950
113.132832000 26.626024046 0.984874799 -15.901725165 0.087077443 0.429073531 -0.137675414 0.888458724
113.233127000 26.401885854 0.837147247 -15.579842347 0.069561710 0.418692901 -0.091465967 0.900828174
113.333300000 26.165342390 0.706770841 -15.282670511 0.056001657 0.408571285 -0.060799623 0.908975646
113.433255000 25.949215178 0.575233982 -14.982888075 0.052192738 0.401826817 -0.049092792 0.912908005
113.532966000 25.744189403 0.466316581 -14.710903516 0.049024240 0.396639023 -0.044989288 0.915559978
113.632632000 25.538846671 0.325963988 -14.435723808 0.046702310 0.393160314 -0.044151345 0.917221086
113.732077000 25.342958057 0.210129833 -14.172961770 0.049407105 0.392221709 -0.043800106 0.917498021
113.831690000 25.131014131 0.090979808 -13.905823088 0.050675915 0.391488581 -0.043874949 0.917738324
113.931762000 24.913697888 0.000337657 -13.645185751 0.049296186 0.391091575 -0.045881029 0.917884632
114.032021000 24.674787649 -0.097425990 -13.398659750 0.049078560 0.391488179 -0.046251923 0.917708592
114.132331000 24.469745745 -0.191890466 -13.176822232 0.048141358 0.392398402 -0.045230292 0.917420364
114.232501000 24.277059837 -0.278380613 -12.916463422 0.048248841 0.395065435 -0.045639185 0.916249101
114.332467000 23.998315502 -0.383290242 -12.738083430 0.047978608 0.393439089 -0.045122113 0.916988403
114.432245000 23.764866308 -0.470019937 -12.492232226 0.047515738 0.395078176 -0.044664533 0.916329945
114.531868000 23.536740131 -0.550063029 -12.267578514 0.048585698 0.396128764 -0.046588757 0.915724260
114.631624000 23.305409553 -0.613470620 -12.073187911 0.048470840 0.396449598 -0.047034754 0.915568690
114.731483000 23.093463350 -0.689497091 -11.884295220 0.048536577 0.397918621 -0.047545368 0.914901311
114.831611000 22.883262689 -0.751881172 -11.670998456 0.047485257 0.398730514 -0.046532322 0.914655055
114.931687000 22.660429370 -0.791383003 -11.484411892 0.049301211 0.399688519 -0.044987235 0.914218041
115.031658000 22.424670428 -0.880184059 -11.297475670 0.051310321 0.401804064 -0.050275078 0.912903698
115.131674000 22.189452904 -0.940066463 -11.108916993 0.052934954 0.403289281 -0.055047617 0.911880149
115.231755000 21.952610814 -0.994926537 -10.920232875 0.052668919 0.402188298 -0.049110415 0.912720507
115.331935000 21.690426686 -1.048208588 -10.731753490 0.049926437 0.400528616 -0.048610647 0.913630770
115.432069000 21.453773502 -1.088730292 -10.570276891 0.059653392 0.403352335 -0.070609033 0.910364065
115.532039000 21.256910115 -1.101480894 -10.383362084 0.061204257 0.403986584 -0.076602857 0.909494849
115.631996000 21.073399806 -1.135605903 -10.253867704 0.065787747 0.401762198 -0.057994916 0.911534804
115.731987000 20.828380922 -1.189964393 -10.073523805 0.056325235 0.400625868 -0.057663881 0.912689026
115.831896000 20.649825646 -1.224768369 -9.935957975 0.053957621 0.400977881 -0.060769633 0.912475954
115.931707000 20.487030204 -1.234252648 -9.810300733 0.071760402 0.401447034 -0.047364287 0.911837347
116.031632000 20.253243770 -1.276616558 -9.637694618 0.056437374 0.400035667 -0.051930597 0.913285005
116.131848000 20.020961973 -1.340795735 -9.458108673 0.050465969 0.400319050 -0.052865168 0.913456687
116.231899000 19.861180398 -1.340878173 -9.356014254 0.060412078 0.401855662 -0.050477423 0.912312686
116.332042000 19.661472200 -1.366855269 -9.202009624 0.095605958 0.404352758 -0.032838420 0.908999442
116.432213000 19.499527568 -1.420320860 -9.078650524 0.084637381 0.404698098 -0.037179295 0.909765719
116.532484000 19.259393068 -1.468457213 -8.911436161 0.060984025 0.404212702 -0.047168252 0.911410005
116.632673000 19.078883138 -1.487666650 -8.799720954 0.065128020 0.404522802 -0.047025250 0.910993013
116.732677000 18.915756680 -1.557639639 -8.655019180 0.066762051 0.404771273 -0.049789066 0.910617425
116.832560000 18.675728008 -1.603345449 -8.473266302 0.051353486 0.403413875 -0.055401839 0.911894019
116.932268000 18.441500982 -1.665726721 -8.304315435 0.045348041 0.402464344 -0.057571131 0.912497437
117.031824000 18.207707580 -1.729886646 -8.128036806 0.041687771 0.402146006 -0.057223019 0.912834183
117.131392000 17.974722862 -1.790613061 -7.959154033 0.040023433 0.402061159 -0.057743946 0.912913241
117.230898000 17.761246019 -1.858016797 -7.813752844 0.040812651 0.402278075 -0.057995941 0.912766755
117.330679000 17.544434448 -1.932906222 -7.650926042 0.040817419 0.402605169 -0.058713958 0.912576401
117.430609000 17.319799862 -1.997281141 -7.503826605 0.039520223 0.402108677 -0.057700974 0.912916952
117.530585000 17.117209000 -2.079538342 -7.362201290 0.040990547 0.402112792 -0.057692375 0.912850846
117.630506000 16.912927330 -2.154615643 -7.245700734 0.040853701 0.402613958 -0.058255092 0.912600307
117.730436000 16.712394559 -2.229766759 -7.126139810 0.040443442 0.402601194 -0.057592791 0.912666246
117.830416000 16.500171512 -2.298915838 -6.977690895 0.040889118 0.403267766 -0.057104029 0.912382770
117.930435000 16.291564283 -2.363396126 -6.828728090 0.040661207 0.404280754 -0.057039084 0.911948618
118.030565000 16.087150616 -2.434338720 -6.691314225 0.040105377 0.404849279 -0.057253805 0.911707531
118.130818000 15.872135794 -2.511812665 -6.544965433 0.039826157 0.405554458 -0.055680422 0.911503785
118.231290000 15.587495204 -2.560905162 -6.352136995 0.039687464 0.405489520 -0.055400805 0.911555761
118.331996000 15.319722337 -2.609243340 -6.189433894 0.040282303 0.405227067 -0.056417951 0.911583992
118.432455000 15.054388179 -2.655136631 -6.019045100 0.040253995 0.404061990 -0.056210157 0.912115093
118.532760000 14.916901145 -2.720263889 -5.930407210 0.040576204 0.403250503 -0.057086045 0.912405495
118.632893000 14.618285869 -2.771642432 -5.719367441 0.040827300 0.402730064 -0.057866744 0.912574965
118.732675000 14.349796019 -2.803084923 -5.550826764 0.040577707 0.402962543 -0.057798497 0.912487793
118.832261000 14.121096119 -2.863265626 -5.422534387 0.041086334 0.403565183 -0.058352784 0.912163367
118.931630000 13.887581333 -2.886350401 -5.268187692 0.041225492 0.404121061 -0.057819643 0.911944908
119.031061000 13.610626083 -2.990389734 -5.146437755 0.041541785 0.403728382 -0.056917090 0.912161235
119.130788000 13.357290597 -3.036884943 -5.023029267 0.041544928 0.403070552 -0.057450065 0.912418566
119.230774000 13.145793513 -3.093077357 -4.885067414 0.042386481 0.403320865 -0.058261427 0.912217777
119.330859000 13.094485519 -3.096230952 -4.871078316 0.042366044 0.402581403 -0.058359701 0.912539028
119.430925000 12.805573558 -3.162280993 -4.755874115 0.043792910 0.400688783 -0.058854212 0.913272611
119.530875000 12.578656706 -3.215572733 -4.657429547 0.043657968 0.399587841 -0.059320642 0.913731142
119.630726000 12.485778706 -3.255611314 -4.609372334 0.042738256 0.399099354 -0.059660728 0.913965943
119.730561000 12.302415269 -3.375969088 -4.516633744 0.043555936 0.399120974 -0.059944304 0.913899343
119.830456000 12.243126176 -3.397288502 -4.482264259 0.043076380 0.399069821 -0.059556380 0.913969770
119.930481000 12.243126176 -3.397288502 -4.482264259 0.043076380 0.399069821 -0.059556380 0.913969770
120.030601000 12.243126176 -3.397288502 -4.482264259 0.043076380 0.399069821 -0.059556380 0.913969770
120.130920000 12.177235195 -3.422105278 -4.446870740 0.043038675 0.399431423 -0.059617404 0.913809595
120.231119000 12.101056347 -3.470539809 -4.399301053 0.042680169 0.400059916 -0.059466416 0.913561280
120.331141000 11.973349070 -3.496664320 -4.352836641 0.042369017 0.400758811 -0.059246282 0.913283702
120.430938000 11.810143055 -3.518407839 -4.271851399 0.042251985 0.401319321 -0.059089759 0.913053105
120.530611000 11.793337200 -3.526588818 -4.252557593 0.042196347 0.401587003 -0.058922936 0.912948758
120.630225000 11.682590034 -3.530867050 -4.180559216 0.041876224 0.402079073 -0.059210029 0.912728313
120.729809000 11.682590034 -3.530867050 -4.180559216 0.041876224 0.402079073 -0.059210029 0.912728313
120.829515000 11.628358776 -3.568636732 -4.139678508 0.041601104 0.401681044 -0.058914340 0.912935259
120.929425000 11.628358776 -3.568636732 -4.139678508 0.041601104 0.401681044 -0.058914340 0.912935259
121.029290000 11.628358776 -3.568636732 -4.139678508 0.041601104 0.401681044 -0.058914340 0.912935259
121.129425000 11.628358776 -3.568636732 -4.139678508 0.041601104 0.401681044 -0.058914340 0.912935259
121.229551000 11.628358776 -3.568636732 -4.139678508 0.041601104 0.401681044 -0.058914340 0.912935259
121.330017000 11.628358776 -3.568636732 -4.139678508 0.041601104 0.401681044 -0.058914340 0.912935259
121.430720000 11.628358776 -3.568636732 -4.139678508 0.041601104 0.401681044 -0.058914340 0.912935259
121.531321000 11.628358776 -3.568636732 -4.139678508 0.041601104 0.401681044 -0.058914340 0.912935259
121.631790000 11.572889098 -3.542246255 -4.101402036 0.040393186 0.407297789 -0.057743644 0.910572662
121.731985000 11.572889098 -3.542246255 -4.101402036 0.040393186 0.407297789 -0.057743644 0.910572662
121.832117000 11.572889098 -3.542246255 -4.101402036 0.040393186 0.407297789 -0.057743644 0.910572662
121.932300000 11.417765690 -3.412656296 -3.974445684 0.036675127 0.419326796 -0.055630796 0.905386762
122.032674000 11.141205834 -3.265706483 -3.793102524 0.029630460 0.429854889 -0.057010048 0.900609052
122.133213000 10.898786287 -3.152025920 -3.665943904 0.020972762 0.436501488 -0.058441643 0.897558448
122.233353000 10.679212966 -3.064081383 -3.555824125 0.021075110 0.442098238 -0.055703859 0.894987189
122.332992000 10.425108276 -2.949149396 -3.414200631 0.021823690 0.449011597 -0.053455831 0.891658447
122.432309000 10.098679282 -2.817799063 -3.267583664 0.023479041 0.457350225 -0.043159358 0.887928362
122.531483000 9.863128723 -2.732500400 -3.185027892 0.023935300 0.468042718 -0.030867900 0.882842165
122.630728000 9.665328890 -2.669294024 -3.098980714 0.022572441 0.482198959 -0.031110351 0.875218142
122.730131000 9.405350761 -2.565452613 -3.002219348 0.003462128 0.491758592 -0.011872182 0.870643757
122.829691000 9.119575374 -2.466358737 -2.900331308 -0.005718320 0.504735330 0.002228857 0.863252327
122.929440000 8.905989908 -2.397213133 -2.873361428 -0.005267045 0.522935169 0.000932214 0.852355676
123.029612000 8.663530705 -2.304970212 -2.827202337 0.000288961 0.543729456 -0.011465263 0.839182187
123.130063000 8.457136300 -2.247700352 -2.804708461 0.005081693 0.560160686 -0.014249121 0.828245824
123.230489000 8.250455709 -2.194568269 -2.793106711 0.006078378 0.574845854 -0.012228576 0.818147761
123.330758000 8.065103841 -2.166410151 -2.798939558 0.003816704 0.589428700 -0.009198189 0.807759020
123.430906000 7.843501754 -2.118653877 -2.795845577 0.000811708 0.604335298 -0.005829548 0.796708357
123.530908000 7.627527123 -2.086331839 -2.807581575 -0.002836679 0.620240933 -0.000778227 0.784405847
123.630865000 7.416697347 -2.050281143 -2.820369618 -0.007402621 0.636946653 0.004486385 0.770859283
123.730867000 7.193164631 -2.016911823 -2.836498367 -0.015285709 0.651658430 0.012980695 0.758247413
123.830807000 6.982634482 -1.994201348 -2.855554918 -0.019100370 0.663851124 0.016494247 0.747438828
123.930820000 6.764282602 -1.967391745 -2.884041408 -0.021111048 0.676469044 0.017983665 0.735948737
124.030730000 6.572733912 -1.960184771 -2.913560613 -0.021411841 0.689226901 0.019822225 0.723957796
124.130761000 6.386135782 -1.951905691 -2.948293442 -0.025233861 0.701067609 0.023425757 0.712263079
124.230725000 6.206260688 -1.941521158 -2.981142836 -0.033280475 0.711514721 0.031877608 0.701158348
124.330684000 6.021363778 -1.936040034 -3.026470452 -0.040564781 0.722974061 0.038847865 0.688588302
124.430643000 5.840958006 -1.934789925 -3.079100047 -0.045590163 0.735072524 0.044865758 0.674964433
124.530575000 5.664252234 -1.925339689 -3.139760661 -0.046323073 0.749534714 0.045567656 0.658768149
124.630642000 5.494573931 -1.928086672 -3.202805733 -0.046977483 0.764226807 0.046339095 0.641563085
124.730835000 5.309559893 -1.927198545 -3.263560881 -0.054257642 0.776613105 0.053609474 0.625343280
124.831094000 5.096150107 -1.918943674 -3.351013006 -0.064280239 0.787230939 0.062595008 0.610096193
124.931393000 4.891146781 -1.903999470 -3.439017246 -0.064139978 0.800042695 0.062920479 0.593176839
125.031629000 4.737384362 -1.912849232 -3.505678007 -0.060820879 0.812326825 0.064876852 0.576382637
125.131809000 4.547638248 -1.908526744 -3.593377827 -0.063932177 0.822390520 0.066166303 0.561434351
125.231717000 4.395183389 -1.916521727 -3.679926964 -0.067186613 0.832057180 0.070045397 0.546132264
125.331508000 4.222075519 -1.920574110 -3.764097171 -0.070697903 0.840217668 0.073150424 0.532620965
125.431419000 4.071805273 -1.925829372 -3.860835159 -0.072856381 0.847297417 0.076773924 0.520465944
125.531257000 3.933111058 -1.941823123 -3.955232674 -0.075100062 0.855333255 0.079732828 0.506367140
125.631179000 3.803493952 -1.940182212 -4.036307664 0.080354994 -0.863394415 -0.082433917 -0.491220733
125.731347000 3.677007366 -1.948392823 -4.117557409 0.082443445 -0.871885319 -0.087141394 -0.474789897
125.831684000 3.550727809 -1.962798861 -4.192873229 0.084924656 -0.878790282 -0.089924427 -0.460900250
125.932242000 3.404876291 -1.955460883 -4.306706093 0.086725076 -0.884216415 -0.092542274 -0.449528665
126.032921000 3.205000896 -1.919506709 -4.436449738 0.088230172 -0.887845250 -0.094536918 -0.441598256
126.133368000 3.046963260 -1.913167871 -4.586792861 0.089062831 -0.889105165 -0.095796442 -0.438614704
126.233407000 2.855654597 -1.899919757 -4.787413070 0.086106427 -0.888661418 -0.101807008 -0.438750386
126.333060000 2.763418135 -1.901680294 -4.864640410 0.087256720 -0.888219034 -0.100083719 -0.439814122
126.432466000 2.709665917 -1.889541691 -4.895444541 0.087629490 -0.888237339 -0.099330303 -0.439873837
126.531872000 2.617499741 -1.875556360 -4.977454745 0.086526747 -0.887698345 -0.099713336 -0.441091851
126.631299000 2.441735807 -1.902574531 -5.125157992 0.083503773 -0.886732850 -0.101543209 -0.443194030
126.731100000 2.298492537 -1.866372867 -5.302831852 0.082540954 -0.886001693 -0.102814617 -0.444541500
126.831480000 2.298492537 -1.866372867 -5.302831852 0.082540954 -0.886001693 -0.102814617 -0.444541500
126.932267000 2.237093520 -1.881443792 -5.389059207 0.082554555 -0.885986418 -0.101295195 -0.444918078
127.033044000 2.098433166 -1.874854189 -5.555258685 0.086325802 -0.886362656 -0.093810582 -0.445094004
127.133581000 1.969228192 -1.872918259 -5.715982924 0.086877340 -0.886158368 -0.091231476 -0.445928797
127.233723000 1.851810381 -1.879291239 -5.815354071 0.085036516 -0.885059366 -0.094120932 -0.447861540
127.333641000 1.713233706 -1.885640857 -5.999805416 0.080809056 -0.883426176 -0.101808648 -0.450181171
127.433255000 1.609760951 -1.902626305 -6.129953517 0.077601312 -0.881998177 -0.106576482 -0.452436411
127.532678000 1.424603457 -1.890146034 -6.390093664 0.077453180 -0.880330859 -0.104130275 -0.456262500
127.632030000 1.325848315 -1.947718843 -6.540116266 0.078477585 -0.879576230 -0.102797194 -0.457842397
127.731349000 1.195581796 -2.002916463 -6.763654273 0.081410861 -0.879962827 -0.096913135 -0.457870658
127.830727000 1.053950304 -2.046712736 -6.975509387 0.083202502 -0.881237415 -0.089209338 -0.456661425
127.930224000 0.924930223 -2.097710488 -7.208296668 0.085275067 -0.881594373 -0.086751347 -0.456063294
128.029842000 0.809801160 -2.154795974 -7.403297401 0.086328478 -0.881682361 -0.086815914 -0.455682570
128.129891000 0.698775396 -2.223879731 -7.609595207 0.092649902 -0.882287772 -0.079170507 -0.454660657
128.230272000 0.510844237 -2.190539591 -7.880141715 0.100372509 -0.883326883 -0.065309015 -0.453203829
128.330819000 0.344853281 -2.140383698 -8.098084025 0.100654734 -0.883003875 -0.066120555 -0.453652790
128.431293000 0.191949250 -2.109458780 -8.330376825 0.093397180 -0.881604465 -0.078608484 -0.455928986
128.531699000 0.023973738 -2.028031815 -8.530450627 0.078329436 -0.875777895 -0.099068054 -0.465900310
128.632112000 -0.115875110 -2.010006442 -8.737511665 0.055580393 -0.868660284 -0.106030797 -0.480726118
128.732307000 -0.312568310 -1.907095984 -8.993073054 -0.047266970 0.855155380 0.118277241 0.502479456
128.832211000 -0.478090514 -1.850724991 -9.209914106 -0.034827112 0.840520173 0.125688432 0.525847250
128.931774000 -0.666681479 -1.786854150 -9.467187638 -0.038340737 0.827450565 0.105622902 0.550181200
129.031131000 -0.890823688 -1.715111279 -9.752767264 -0.040631164 0.813028948 0.076692233 0.575718108
129.130623000 -1.169839740 -1.618325592 -10.091743397 -0.012370491 0.801917830 0.029307884 0.596586802
129.230118000 -1.388679513 -1.525813121 -10.294321909 0.017156097 0.791196478 -0.009517359 0.611247267
129.329859000 -1.664244990 -1.438295923 -10.501977459 0.035508046 0.771160676 -0.050020306 0.633678436
129.429819000 -1.959656507 -1.323005325 -10.676975089 0.031981260 0.747113938 -0.077557787 0.659380582
129.529988000 -2.191466216 -1.271618792 -10.806524417 0.030112722 0.723273427 -0.093931352 0.683480559
129.630293000 -2.406754759 -1.234219782 -10.905448987 0.030087160 0.699088764 -0.105189505 0.706615051
129.730712000 -2.632278351 -1.203675091 -10.982736912 0.028284712 0.674219832 -0.114604973 0.729035865
129.830989000 -2.783983332 -1.187197069 -11.013949993 0.030021615 0.650113453 -0.110230050 0.751199399
129.931136000 -2.917796008 -1.196368981 -11.020867985 0.032267324 0.626871472 -0.107588185 0.770983632
130.031277000 -3.019343758 -1.199062027 -11.003632679 0.025623196 0.605897228 -0.110562960 0.787405761
130.131355000 -3.140542445 -1.157213015 -10.981153915 0.029787088 0.592194753 -0.096972501 0.799383787
130.231190000 -3.214483726 -1.183811795 -10.933715888 0.035953817 0.581342972 -0.086243998 0.808275723
130.331075000 -3.272566489 -1.204016359 -10.865227322 0.042487618 0.571616410 -0.090158204 0.814445198
130.430939000 -3.326748566 -1.217476034 -10.773226937 0.049559081 0.561914820 -0.100917250 0.819518970
130.530681000 -3.369836911 -1.206670152 -10.659299047 0.057029048 0.551056170 -0.114184940 0.824649371
130.630352000 -3.398819462 -1.186139972 -10.535318550 0.058895402 0.539411358 -0.120990135 0.831220853
130.729910000 -3.419952872 -1.142502529 -10.370501933 0.054179885 0.525646135 -0.118243663 0.840701563
130.829520000 -3.438864487 -1.121788934 -10.195687740 0.056399316 0.512719665 -0.124800611 0.847562664
130.929278000 -3.437247108 -1.075506136 -10.009108080 0.058455274 0.498197891 -0.132410166 0.854897298
131.029167000 -3.449811896 -1.018221610 -9.796908850 0.060597908 0.482034924 -0.140604992 0.862670541
131.129287000 -3.434260374 -0.955598034 -9.581585031 0.060681940 0.462372304 -0.147375350 0.872244267
131.229463000 -3.449133409 -0.857109090 -9.319096616 0.060805298 0.439724037 -0.151951749 0.883094645
131.329716000 -3.437130237 -0.752020892 -9.044225235 0.059440465 0.414186468 -0.152124435 0.895418649
131.429921000 -3.441396626 -0.636687322 -8.749695230 0.057442997 0.385862684 -0.146957724 0.908962991
131.530042000 -3.417520084 -0.506913095 -8.478690527 0.058834606 0.359158959 -0.151576637 0.919003729
131.630069000 -3.388757525 -0.368325412 -8.190139429 0.060330057 0.332097505 -0.158785643 0.927824688
131.730076000 -3.325310024 -0.234178976 -7.933880518 0.063735127 0.305625895 -0.165414680 0.935504479
131.830175000 -3.274721814 -0.077418931 -7.656038826 0.067354651 0.278803402 -0.173532911 0.942134992
131.930370000 -3.200777517 0.075232907 -7.391422562 0.071367925 0.253314603 -0.183974089 0.947043751
132.030659000 -3.092704273 0.241645221 -7.142718688 0.073418103 0.227635040 -0.193277576 0.951543929
132.131048000 -3.001189307 0.390783690 -6.917089560 0.074842698 0.207889391 -0.198986223 0.954769634
132.231399000 -2.925641428 0.605376196 -6.572273854 0.077519102 0.183700113 -0.200361643 0.959218572
132.331510000 -2.858763842 0.850531298 -6.159595984 0.086657770 0.162856511 -0.203626367 0.961511565
132.431289000 -2.748044916 1.076643640 -5.782209556 0.100769211 0.142802880 -0.198029617 0.964488038
132.530926000 -2.609494543 1.289447296 -5.447182999 0.110159307 0.122976212 -0.198296744 0.966136729
132.630755000 -2.462126887 1.460562613 -5.158008345 0.112564786 0.101465996 -0.193464002 0.969332503
132.730719000 -2.297811388 1.633055048 -4.878406758 0.101052567 0.077945725 -0.177169461 0.975870803
132.830733000 -2.166691144 1.834201204 -4.591153893 0.093735768 0.060544172 -0.158476264 0.981036841
132.930914000 -2.024763301 2.013379679 -4.306723237 0.093173866 0.048110659 -0.151189130 0.982927181
133.031355000 -1.898049902 2.217539315 -4.004095269 0.100260897 0.035503169 -0.151053218 0.982786957
133.132166000 -1.772434153 2.393439013 -3.731649637 0.120584146 0.023081594 -0.151307554 0.980832671
133.232963000 -1.631053764 2.496966264 -3.570768618 0.130382881 0.011444122 -0.153214560 0.979486924
133.333663000 -1.495290581 2.583237580 -3.433078998 0.143903586 -0.000298835 -0.157119013 0.977039039
133.434338000 -1.366718006 2.664497101 -3.285679001 0.161565418 -0.010830561 -0.159763907 0.973783759
133.534672000 -1.234800733 2.740478018 -3.131147621 0.152111464 -0.025652748 -0.165106561 0.974137497
133.634783000 -1.104739534 2.812280529 -2.984044896 0.130670923 -0.040896937 -0.168380670 0.976166226
133.734565000 -0.984125440 2.893597820 -2.828566875 0.116967619 -0.052295158 -0.170431344 0.977004068
133.833992000 -0.850471794 2.964055661 -2.698581081 0.111138030 -0.061855133 -0.170832224 0.977056105
133.933209000 -0.729125407 3.037589635 -2.590974175 0.116410622 -0.075456092 -0.145302600 0.979613240
134.032523000 -0.630094987 3.103775203 -2.451713314 0.155519907 -0.083439219 -0.132213587 0.975382501
134.132164000 -0.526081679 3.163454204 -2.302462488 0.188826430 -0.092865281 -0.129928898 0.968937098
134.232182000 -0.431150970 3.198861430 -2.150450586 0.209353306 -0.105908115 -0.127386277 0.963705038
134.332218000 -0.345782843 3.226017224 -1.990007405 0.227327495 -0.120624780 -0.137782637 0.956445407
134.432205000 -0.255816184 3.244200745 -1.814260298 0.247581344 -0.134390316 -0.149584828 0.947769540
134.531962000 -0.165411998 3.247284496 -1.616393188 0.266029822 -0.146999458 -0.158698082 0.939379695
134.631533000 -0.074602382 3.232283557 -1.396125395 0.261920226 -0.161519328 -0.165442866 0.936983436
134.731091000 0.016210381 3.234633982 -1.168649876 0.251583569 -0.174999652 -0.169830848 0.936610011
134.830889000 0.123390234 3.210939317 -0.913929400 0.249555189 -0.185130548 -0.169225207 0.935313700
134.930955000 0.160307533 3.207086064 -0.818602343 0.245098120 -0.189638657 -0.165144748 0.936317950
135.031153000 0.228265500 3.195595162 -0.608182511 0.231018218 -0.198464819 -0.160912745 0.938802102
135.131403000 0.297332081 3.175747598 -0.375633547 0.207097425 -0.209497196 -0.163396451 0.941553600
135.231383000 0.380509462 3.144467217 -0.070342768 0.184190238 -0.224224049 -0.187257573 0.938473299
135.331264000 0.479430281 3.109504850 0.247651899 0.172713236 -0.241739648 -0.209198446 0.931648051
135.431321000 0.574777074 3.051123117 0.558294190 0.164080855 -0.261685421 -0.234209580 0.921815646
135.531589000 0.697024602 2.960698277 0.846065595 0.158721085 -0.285793561 -0.260712731 0.908382370
135.631830000 0.791170952 2.829263554 1.095611263 0.152080282 -0.318393393 -0.279040046 0.893103515
135.732050000 0.890070035 2.622668431 1.312126459 0.141934804 -0.356234753 -0.297616122 0.874285969
135.832244000 1.058806957 2.540885594 1.542524197 0.144967472 -0.395411922 -0.299345128 0.856169573
135.932314000 1.260212305 2.421129724 1.741073419 0.159487458 -0.434294348 -0.282305222 0.840390344
136.032168000 1.420396236 2.380147684 1.936309282 0.166023965 -0.470747454 -0.243295463 0.831649082
136.131739000 1.547020238 2.276300312 2.166607951 0.189001482 -0.488392085 -0.236375670 0.818460844
136.230977000 1.643312807 2.244467748 2.347264024 0.199668405 -0.495088253 -0.234036739 0.812555816
136.330216000 1.832483608 2.267294354 2.585319264 0.203349103 -0.490858030 -0.232551657 0.814633208
136.429471000 2.005643428 2.246244588 2.849262672 0.203467383 -0.471824621 -0.230791955 0.826267284
136.528724000 2.157192352 2.238333758 3.074239728 0.202038851 -0.449938097 -0.228894738 0.839251577
136.628637000 2.319611523 2.228139562 3.287970882 0.200071899 -0.429741840 -0.227061718 0.850726844
136.729064000 2.486734846 2.249842184 3.529388046 0.197167431 -0.413568015 -0.224616245 0.860019793
136.829891000 2.652259609 2.270224248 3.715219624 0.197385938 -0.400301907 -0.219695999 0.867485356
136.930717000 2.765304604 2.289727774 3.936314511 0.197284496 -0.389609393 -0.212194501 0.874217846
137.031138000 2.923092781 2.391474840 4.152984341 0.199063476 -0.376444390 -0.197844319 0.882904853
137.131057000 3.066313898 2.434565429 4.387406128 0.205349426 -0.366822907 -0.179789342 0.889352776
137.230752000 3.156002297 2.490024377 4.560270154 0.207488856 -0.359418065 -0.170823499 0.893636594
137.330337000 3.217116714 2.554210393 4.672355915 0.211234543 -0.357226601 -0.162189521 0.895245041
137.429904000 3.324683703 2.648892292 4.895507516 0.220885972 -0.355910806 -0.137986898 0.897494569
137.529536000 3.317258983 2.662931609 5.106874719 0.224044071 -0.355780648 -0.129924132 0.897966650
137.629189000 3.147328960 2.589131249 5.141476594 0.227107573 -0.355838398 -0.124187136 0.897985935
137.729055000 3.135191130 2.618618391 5.367322930 0.227268960 -0.355022434 -0.125247999 0.898120721
137.829106000 3.110378118 2.664450335 5.654821204 0.210535380 -0.346119544 -0.152763138 0.901409750
137.928877000 3.113105311 2.731403292 5.952804276 0.199612374 -0.328506486 -0.167448690 0.907854242
138.028550000 3.088436399 2.776581876 6.217050603 0.191217879 -0.306264995 -0.178165802 0.915365732
138.128403000 3.048468575 2.785319273 6.382230952 0.182332655 -0.286382866 -0.194481484 0.920280723
138.228314000 3.125035535 2.910826331 6.722235155 0.174749687 -0.259112795 -0.203486039 0.927855882
138.328382000 3.132686657 2.939532437 6.863348725 0.173096053 -0.244469087 -0.199815051 0.932923666
138.428653000 3.142320916 3.008706316 7.149808956 0.168027827 -0.216538040 -0.195005250 0.941727604
138.529124000 3.199048650 3.110794852 7.423201121 0.163009803 -0.190683987 -0.194926906 0.948193505
138.629410000 3.250953924 3.181312414 7.700956824 0.159563957 -0.167498201 -0.195373806 0.953054443
138.729415000 3.318739045 3.250782312 7.897142480 0.155694929 -0.144553655 -0.192018290 0.958119150
138.829350000 3.322825565 3.244335122 7.951941113 0.154930117 -0.136728113 -0.189544652 0.959882757
138.929223000 3.369094499 3.348653640 8.175577428 0.149908654 -0.106570571 -0.189706563 0.964459190
139.029018000 3.388574715 3.404968466 8.248562729 0.148509700 -0.100969065 -0.189378800 0.965342316
139.128875000 3.388574715 3.404968466 8.248562729 0.148509700 -0.100969065 -0.189378800 0.965342316
139.228919000 3.388574715 3.404968466 8.248562729 0.148509700 -0.100969065 -0.189378800 0.965342316
139.329413000 3.388574715 3.404968466 8.248562729 0.148509700 -0.100969065 -0.189378800 0.965342316
139.430247000 3.388574715 3.404968466 8.248562729 0.148509700 -0.100969065 -0.189378800 0.965342316
139.530893000 3.388574715 3.404968466 8.248562729 0.148509700 -0.100969065 -0.189378800 0.965342316
139.631151000 3.388574715 3.404968466 8.248562729 0.148509700 -0.100969065 -0.189378800 0.965342316
139.730927000 3.407215356 3.415729508 8.253090151 0.148036051 -0.097208604 -0.188954207 0.965884114
139.830414000 3.513431018 3.450187363 8.312920440 0.146113380 -0.078057136 -0.187352679 0.968223599
139.929722000 3.660179182 3.449937462 8.340107703 0.140124981 -0.054325102 -0.182611191 0.971631065
140.029059000 3.838492137 3.492468304 8.309336596 0.136950868 -0.032540516 -0.175622634 0.974341965
140.128735000 3.978463615 3.521730638 8.391517809 0.134526053 -0.008569000 -0.174782535 0.975336034
140.228445000 4.078909292 3.584045755 8.505352917 0.129502386 0.018298492 -0.171719735 0.976425435
140.328268000 4.147618996 3.656288588 8.681974393 0.123021227 0.048168375 -0.169915964 0.976562415
140.428410000 4.232037230 3.733724195 8.821205754 0.118264145 0.080417158 -0.166334724 0.975643087
140.528780000 4.323460795 3.785145640 8.963869283 0.114177149 0.113488825 -0.160373194 0.973839979
140.629174000 4.403833377 3.848896194 9.139085279 0.106454082 0.144754032 -0.155237355 0.971398560
140.729599000 4.487590755 3.930127132 9.262579650 0.097533473 0.172928339 -0.150146671 0.968524129
140.830165000 4.575104408 3.986400152 9.355900018 0.091414516 0.199667991 -0.145120337 0.964736320
140.930605000 4.673238796 4.030224495 9.435765527 0.086211877 0.228055471 -0.139334549 0.959762522
141.030632000 4.770739341 4.094734807 9.523208076 0.080511761 0.256829852 -0.133710550 0.953770293
141.130395000 4.866981746 4.155556995 9.608057459 0.069124677 0.278737069 -0.109147192 0.951637702
141.229894000 4.890737199 4.259784266 9.743108430 0.059442268 0.299112995 -0.084401575 0.948617102
141.329596000 4.955571461 4.326156581 9.824232245 0.069136458 0.318434458 -0.058450932 0.943611750
141.429574000 5.000415891 4.374922890 9.885048114 0.065704868 0.335479062 -0.048904502 0.938480164
141.529583000 5.022240039 4.438857242 9.915233156 0.060575826 0.352288156 -0.047870885 0.932701454
141.629536000 5.046668671 4.504390354 9.939934798 0.050949306 0.369634398 -0.054040903 0.926204168
141.729396000 5.047470772 4.610966497 9.966410959 0.039235379 0.387061689 -0.059754173 0.919278670
141.829325000 5.034655501 4.704877051 9.979701261 0.039522069 0.404201982 -0.058361349 0.911949953
141.929437000 5.037721173 4.773251801 9.982596983 0.042494185 0.419420178 -0.052269751 0.905289364
142.029505000 4.986994906 4.827186902 9.989035453 0.033746239 0.428959204 -0.032175146 0.902119700
142.129453000 4.924024563 4.902791751 9.984325223 0.020343950 0.437051634 -0.015834300 0.899066887
142.229333000 4.835678557 4.966776329 9.962768807 0.005082999 0.443244947 0.003541536 0.896379126
142.329298000 4.714035488 5.032121532 9.931031450 -0.004406305 0.452349930 0.016387885 0.891679069
142.429215000 4.572381387 5.105027195 9.890884350 -0.004912454 0.465405822 0.027501164 0.884656416
142.529197000 4.428975558 5.170116571 9.815462838 -0.002587513 0.479306489 0.042064847 0.876635126
142.629217000 4.284950040 5.199857791 9.691390750 0.001628856 0.494376765 0.053409451 0.867603822
142.729315000 4.113473645 5.199974535 9.510653851 0.000269431 0.515276379 0.047546302 0.855704114
142.829345000 3.922181271 5.254306625 9.357057789 -0.008504623 0.539133750 0.039517480 0.841249570
142.929270000 3.694019943 5.312353925 9.200460855 -0.006313382 0.557028656 0.032483253 0.829833752
143.029448000 3.432797196 5.314505463 9.006846649 -0.006056557 0.570804992 0.031292576 0.820466790
143.129708000 3.134687066 5.349240720 8.810121776 -0.015293742 0.588977651 0.024413344 0.807635696
143.229654000 2.810306510 5.411592105 8.634615874 -0.016612772 0.607344277 0.015891621 0.794106039
143.329534000 2.440983933 5.463352782 8.454403078 -0.014400184 0.624673479 0.012964439 0.780645632
143.429516000 2.054433475 5.501829825 8.256407266 -0.013673684 0.643668197 0.006571508 0.765154296
143.529547000 1.670790998 5.525649748 8.056518519 -0.014401252 0.663652899 -0.005695288 0.747880336
143.629581000 1.247539345 5.592046551 7.851050300 -0.030817583 0.681072990 -0.023550016 0.731187566
143.729709000 0.828623673 5.660356471 7.624845619 -0.041568942 0.697544310 -0.027512975 0.714805565
143.829805000 0.437084173 5.732513374 7.400640586 -0.049285287 0.712843934 -0.026192343 0.699098311
143.929896000 0.034116660 5.794914362 7.171929345 -0.055121759 0.728134506 -0.022304103 0.682850101
144.029899000 -0.296672616 5.850359605 6.961426539 -0.060016549 0.742011781 -0.017835728 0.667456678
144.130003000 -0.588659703 5.892296910 6.779147861 -0.073658120 0.748837219 -0.006595622 0.658615061
144.230235000 -0.872553548 5.915875932 6.591375796 -0.093602963 0.746885564 0.014895400 0.658163024
144.330613000 -1.185642988 5.942683014 6.358067939 -0.084132393 0.753820228 0.008910546 0.651611393
144.430990000 -1.400182395 5.961595072 6.181728084 -0.085520604 0.755072822 0.011661650 0.649934816
144.531274000 -1.630724204 5.994327544 5.974698912 -0.077242709 0.758215334 0.003544708 0.647402893
144.631468000 -1.880813431 6.037357290 5.759335376 -0.065756922 0.761261601 -0.006184990 0.645072514
144.731414000 -2.105298999 6.063445313 5.543561141 -0.060992320 0.761793335 -0.009362875 0.644874552
144.831128000 -2.326607364 6.093807149 5.325603006 -0.058631118 0.762055974 -0.010595909 0.644764151
144.930723000 -2.539187526 6.134512060 5.114069719 -0.056591454 0.761480664 -0.011156446 0.645616092
145.030417000 -2.704158259 6.143926395 4.917241671 -0.055028889 0.760241718 -0.010748864 0.647216203
145.130333000 -2.893404216 6.185327507 4.709147233 -0.054036584 0.758985864 -0.011231425 0.648763717
145.230105000 -3.064151584 6.229222565 4.519142184 -0.052487245 0.757926130 -0.011090009 0.650130819
145.329827000 -3.228646998 6.260454131 4.326902429 -0.051330590 0.756751082 -0.011669677 0.651580224
145.429536000 -3.410320043 6.315177775 4.143803796 -0.050498260 0.755768061 -0.011266175 0.652792185
145.529268000 -3.584205001 6.373094690 3.964588990 -0.051293494 0.754376130 -0.011909389 0.654326981
145.629046000 -3.782290808 6.433928994 3.784419971 -0.047985550 0.753098774 -0.008308150 0.656102583
145.728868000 -3.998034736 6.486227362 3.595354675 -0.040159518 0.751915836 0.000619621 0.658034501
145.828844000 -4.154596047 6.526591626 3.428994288 -0.029757407 0.750836283 0.011672362 0.659714430
145.928854000 -4.222297993 6.529006552 3.270624836 -0.015026170 0.749647724 0.029229597 0.661020525
146.029033000 -4.338000432 6.539079876 3.109010904 -0.005854531 0.748716539 0.038658284 0.661736206
146.129324000 -4.439313581 6.563774465 2.943577398 0.010150080 0.746990908 0.056400977 0.662359788
146.229509000 -4.559689121 6.549776135 2.781839623 0.028744126 0.745195476 0.076139811 0.661861168
146.329658000 -4.665798101 6.525438831 2.616323414 0.033689458 0.744407205 0.081482157 0.661878835
146.429809000 -4.839325609 6.496707489 2.446300219 0.023113814 0.745095855 0.069529116 0.662920523
146.529918000 -4.987412244 6.477467343 2.309231552 -0.000076929 0.746527856 0.039882317 0.664157779
146.629895000 -5.223285164 6.488393524 2.138013355 -0.022693876 0.745148103 0.011044671 0.666421269
146.729808000 -5.434136819 6.474287798 1.975633761 -0.029771946 0.742353168 -0.002759031 0.669341313
146.829619000 -5.647912811 6.448243680 1.804675269 -0.032929221 0.738729066 -0.008394768 0.673145275
146.929532000 -5.836306536 6.418301838 1.606456595 0.013907618 0.748341824 -0.057421840 0.660676794
147.029651000 -5.996725366 6.364907546 1.480821999 0.068364690 0.754975484 -0.108561438 0.643080634
147.129986000 -6.127881666 6.294506121 1.376038818 0.085185017 0.752483384 -0.126083109 0.640792727
147.230379000 -6.274668966 6.226733148 1.292448201 0.051661431 0.741639396 -0.094152179 0.662146110
147.330825000 -6.412492339 6.156855711 1.214315624 0.030870500 0.729529720 -0.070285431 0.679627368
147.431079000 -6.544322634 6.078654858 1.170027106 0.006373280 0.715821551 -0.045039086 0.696800093
147.530973000 -6.680722453 5.985109837 1.122832137 -0.011772450 0.704486102 -0.023500705 0.709230892
147.630618000 -6.813516027 5.896211789 1.080501422 -0.018269168 0.697573213 -0.016907791 0.716080985
147.730190000 -6.948330614 5.806739910 1.041978628 -0.018214924 0.689896295 -0.015601023 0.723510834
147.829895000 -7.108129505 5.718438934 0.999913428 -0.016602775 0.681072543 -0.017492454 0.731818661
147.929741000 -7.225007350 5.621901114 0.947729602 -0.012695793 0.672048044 -0.020676407 0.740109944
148.029720000 -7.341856534 5.534089444 0.896410907 -0.010182811 0.663155035 -0.022873112 0.748063186
148.129884000 -7.446616935 5.430164587 0.837822786 -0.007800656 0.654947895 -0.025812982 0.755192753
148.229906000 -7.524059329 5.326004004 0.773434202 -0.001738804 0.647014478 -0.031964856 0.761805414
148.329991000 -7.617877163 5.238109480 0.700960369 0.038298740 0.648495521 -0.078900220 0.756149139
148.430067000 -7.772520284 5.161996853 0.670623250 0.050146509 0.644609016 -0.089712033 0.757572634
148.529962000 -7.898456309 5.075722573 0.623348651 0.057072095 0.641065703 -0.098717794 0.758967942
148.629969000 -8.004167212 5.005184318 0.597934782 0.070169800 0.640376656 -0.114954544 0.756160956
148.729886000 -8.119701858 4.935894087 0.602473493 0.068451160 0.637893774 -0.114802240 0.758436825
148.829717000 -8.221966963 4.865876100 0.625087291 0.050311570 0.631989255 -0.091803625 0.767873963
148.929525000 -8.327154749 4.798664745 0.640940523 0.023802729 0.622345551 -0.060307932 0.780052817
149.029393000 -8.466023944 4.751912397 0.672186127 0.012447959 0.615777998 -0.047531276 0.786386217
149.129322000 -8.542509723 4.697238144 0.690989810 0.012420937 0.611618355 -0.049189742 0.789524589
149.229202000 -8.722678314 4.673638338 0.709391838 0.028451980 0.606479387 -0.066388409 0.791811731
149.329329000 -8.874410166 4.649938293 0.750567296 0.037352812 0.595626317 -0.080043729 0.798390293
149.429466000 -9.020107987 4.626964020 0.801328217 0.038803291 0.576825424 -0.081633454 0.811851412
149.529620000 -9.179069243 4.618125582 0.860236257 0.038658011 0.549798208 -0.080030055 0.830555645
149.629700000 -9.317652910 4.612484825 0.919335430 0.044429594 0.517983010 -0.084253104 0.850071189
149.729675000 -9.478069313 4.616892484 0.987011891 0.055356887 0.484098046 -0.098275721 0.867713420
149.829461000 -9.633026317 4.633285927 1.063145856 0.068394745 0.448252338 -0.118386137 0.883389338
149.929063000 -9.840125607 4.668330369 1.161329928 0.079322584 0.411415789 -0.136281548 0.897703914
150.028557000 -10.053515908 4.705142704 1.248636445 0.089188543 0.380998627 -0.153749478 0.907329349
150.127930000 -10.222026266 4.752095170 1.324849342 0.096797299 0.357948335 -0.162975611 0.914298760
150.227309000 -10.427044195 4.830009998 1.456445386 0.103041459 0.338498222 -0.148768534 0.923400961
150.326904000 -10.561264448 4.861538061 1.535422009 0.103993443 0.321779911 -0.131849491 0.931804037
150.426712000 -10.732293553 4.984692557 1.645155257 0.113067435 0.307832257 -0.117023099 0.937422344
150.526885000 -10.851338348 5.020108514 1.732042547 0.136327212 0.296539847 -0.105390660 0.939346485
150.627552000 -10.971249653 5.028204959 1.829303269 0.137173640 0.283167161 -0.105353056 0.943345369
150.728542000 -11.109235394 5.057146162 1.953734741 0.127663029 0.269173219 -0.115717559 0.947553363
150.829579000 -11.232811616 5.080948119 2.066562014 0.115986477 0.253570595 -0.120258606 0.952778546
150.930321000 -11.358499331 5.117789637 2.181057485 0.107360782 0.236397033 -0.123465275 0.957782037
151.030782000 -11.491350247 5.141944890 2.298917821 0.105837382 0.217806882 -0.126519307 0.961951909
151.131035000 -11.616539072 5.155953308 2.411726922 0.108568560 0.198565666 -0.131055700 0.965198916
151.230903000 -11.738838739 5.168839282 2.520142219 0.111657455 0.178507023 -0.134598285 0.968272254
151.330639000 -11.887009779 5.171516412 2.634429779 0.118059989 0.159073761 -0.156364905 0.967629782
151.430301000 -11.988837416 5.198446807 2.733159243 0.123202497 0.140422458 -0.172260857 0.967175721
151.530117000 -12.101984535 5.217288708 2.837498724 0.126272479 0.118942106 -0.174826932 0.969197390
151.630078000 -12.198037576 5.237495766 2.950169680 0.128921271 0.094909397 -0.164523130 0.973295254
151.730112000 -12.298221512 5.245244130 3.053328944 0.131955693 0.073087513 -0.159661502 0.975578862
151.830016000 -12.404683404 5.259362441 3.158271863 0.133867145 0.055281906 -0.157156323 0.976895792
151.929730000 -12.509928964 5.289910305 3.269277808 0.135815238 0.043095224 -0.158553608 0.977014727
152.029402000 -12.619520659 5.333723626 3.385429229 0.137376586 0.028646434 -0.159543691 0.977165731
152.129603000 -12.726436367 5.384204247 3.505358867 0.141403348 0.011886217 -0.166783191 0.975729050
152.230015000 -12.831763320 5.445629646 3.614881001 0.145303188 -0.006781449 -0.187026012 0.971525742
152.330476000 -12.933357597 5.516573086 3.739809642 0.147352873 -0.028893462 -0.198282328 0.968574425
152.430756000 -13.031899280 5.590036105 3.864800376 0.150119025 -0.052782044 -0.206681099 0.965381405
152.530761000 -13.122696694 5.677958233 3.998567604 0.153217876 -0.078718883 -0.213680992 0.961596617
152.630547000 -13.197758121 5.765546627 4.122951932 0.155770054 -0.103954562 -0.217639350 0.957894698
152.730088000 -13.270668309 5.870269706 4.260697094 0.158050024 -0.129616505 -0.222894384 0.953172516
152.829538000 -13.318795471 5.959560268 4.362608676 0.163177232 -0.155754729 -0.205469281 0.952310889
152.929169000 -13.368853138 6.030881726 4.442051934 0.169472032 -0.180100738 -0.192868567 0.949549720
153.029123000 -13.409186950 6.112804852 4.521687145 0.169618336 -0.202239084 -0.202335116 0.943074479
153.129340000 -13.453762318 6.172203013 4.599260777 0.170817895 -0.223814862 -0.207930278 0.936746045
153.229394000 -13.491778024 6.295577795 4.707954579 0.164224187 -0.243907465 -0.240161373 0.925128142
153.329555000 -13.505300200 6.385322500 4.762992004 0.174404697 -0.268069998 -0.213743688 0.923057481
153.429746000 -13.523576619 6.430423686 4.803669406 0.181446396 -0.291729364 -0.202000338 0.917151594
153.529939000 -13.537048215 6.482690793 4.847670431 0.186269413 -0.314172947 -0.198658581 0.909468984
153.630019000 -13.550767999 6.531528184 4.891535795 0.189638427 -0.334973537 -0.198283679 0.901395351
153.729985000 -13.569693597 6.575417869 4.936189483 0.189377183 -0.354211347 -0.207841205 0.891892728
153.830051000 -13.584656888 6.619465650 4.973698177 0.185916615 -0.372277904 -0.224499508 0.881160681
153.930185000 -13.595647787 6.667053554 5.011691046 0.183369488 -0.389733342 -0.234316593 0.871538460
154.030444000 -13.603734181 6.712673851 5.043958293 0.180972094 -0.406985585 -0.242576757 0.861840096
154.130848000 -13.602509765 6.768044438 5.065423308 0.183646914 -0.424795872 -0.239354060 0.853540809
154.231029000 -13.597316690 6.818528167 5.085346773 0.197141696 -0.443025414 -0.223424182 0.845544362
154.331033000 -13.594737759 6.873032132 5.106029886 0.201342586 -0.462183511 -0.212810065 0.836994290
154.431110000 -13.590045274 6.932971280 5.125365210 0.202961383 -0.477708995 -0.209539472 0.828670020
154.531079000 -13.585449284 6.989643590 5.146133890 0.205174894 -0.488744893 -0.208344814 0.821963583
154.630688000 -13.589283836 7.045716520 5.154819080 0.203973397 -0.493849171 -0.206903411 0.819572344
154.730021000 -13.587627983 7.120446358 5.178965451 0.203349499 -0.494240544 -0.207589408 0.819317950
154.829415000 -13.597078019 7.184554177 5.195702587 0.194387289 -0.491654247 -0.222714232 0.819077563
154.929102000 -13.606230020 7.251698988 5.210926198 0.195419284 -0.487601934 -0.218584555 0.822360292
155.028979000 -13.612899457 7.332728426 5.227746329 0.200687640 -0.482862129 -0.217370085 0.824208033
155.129093000 -13.613048916 7.394884190 5.244387783 0.208297197 -0.477977819 -0.219066464 0.824717750
155.229230000 -13.611706193 7.449762471 5.260034881 0.198012182 -0.477171996 -0.224546276 0.826242720
155.329469000 -13.611173538 7.522142882 5.277271149 0.185494463 -0.475843921 -0.237369930 0.826329162
155.429695000 -13.608259309 7.583462672 5.283051058 0.171888796 -0.474523029 -0.256580778 0.824286626
155.529860000 -13.591191494 7.657501973 5.276488560 0.170105002 -0.473958543 -0.258889076 0.824259688
155.629880000 -13.573961483 7.718751940 5.266530335 0.185952040 -0.476630516 -0.231540388 0.827426274
155.730021000 -13.557902180 7.773205732 5.259041581 0.196497942 -0.479559158 -0.214133333 0.827984594
155.830485000 -13.537653637 7.826475610 5.248657128 0.202637761 -0.481529336 -0.207350215 0.827087253
155.930980000 -13.519415311 7.875672646 5.239902793 0.204247307 -0.483114307 -0.205274798 0.826284371
156.031378000 -13.509452139 7.927911146 5.228218758 0.204174359 -0.484373468 -0.204563379 0.825741484
156.131493000 -13.496567621 7.981111637 5.218448150 0.212605114 -0.482846450 -0.209010971 0.823391028
156.231217000 -13.482263375 8.036387896 5.212956327 0.221245531 -0.480463759 -0.214615370 0.821063478
156.330850000 -13.464981109 8.094454884 5.210034648 0.230486468 -0.477785747 -0.217254379 0.819388371
156.430617000 -13.440570873 8.151563753 5.213872325 0.241436753 -0.474519386 -0.217416373 0.818089095
156.530500000 -13.412181873 8.206672067 5.223375214 0.237523663 -0.475003499 -0.203530937 0.822514038
156.630477000 -13.388544708 8.263396112 5.237724880 0.224527330 -0.473977983 -0.195503460 0.828680123
156.730476000 -13.365242100 8.322748268 5.254853816 0.214250823 -0.469385981 -0.194717640 0.834181291
156.830434000 -13.345124165 8.382354675 5.274035414 0.209022185 -0.462417522 -0.191647274 0.840089926
156.930332000 -13.327526841 8.445321928 5.297237983 0.203062120 -0.452991280 -0.198218114 0.845147475
157.030317000 -13.314430773 8.510322400 5.317240975 0.199414418 -0.442919718 -0.201221642 0.850626748
157.130618000 -13.302862574 8.572001743 5.336561268 0.198027623 -0.432188320 -0.203370716 0.855943145
157.230862000 -13.291333091 8.635853574 5.356251875 0.197950799 -0.423037617 -0.202328282 0.860765893
157.331049000 -13.280087730 8.702210308 5.378775672 0.196803674 -0.414973320 -0.202441336 0.864917894
157.431054000 -13.273313173 8.765359554 5.398968338 0.196309937 -0.407605956 -0.201997003 0.868629383
157.530834000 -13.266689959 8.831451181 5.420753894 0.196201240 -0.400715697 -0.201042004 0.872074605
157.630436000 -13.259457025 8.899616449 5.443932667 0.195998263 -0.394410705 -0.200758990 0.875054687
157.729943000 -13.254470380 8.966219223 5.466457697 0.195514907 -0.389020757 -0.199668822 0.877820673
157.829371000 -13.250552478 9.033291584 5.486962790 0.195813434 -0.383646197 -0.195675317 0.881012977
157.928922000 -13.244796637 9.105649074 5.508289503 0.201247699 -0.379581088 -0.181575697 0.884560810
158.028749000 -13.245212310 9.169692999 5.536680861 0.204991425 -0.375999623 -0.174239497 0.886703669
158.128951000 -13.246075010 9.233042091 5.567483852 0.203061616 -0.371219316 -0.178984928 0.888215399
158.229287000 -13.252248140 9.290822154 5.599106861 0.199690805 -0.367302205 -0.184999078 0.889375069
158.329676000 -13.257949394 9.346734295 5.633373144 0.195505419 -0.363506819 -0.194832711 0.889764373
158.429858000 -13.262283746 9.401836132 5.668087606 0.197552492 -0.360806231 -0.189058405 0.891655088
158.529820000 -13.269786965 9.454189888 5.705214350 0.197875967 -0.360742674 -0.189058506 0.891609054
158.629872000 -13.274993667 9.499875154 5.742374477 0.196300903 -0.360545495 -0.194795697 0.890801626
158.729879000 -13.285726025 9.541092159 5.779322793 0.195848764 -0.360919471 -0.196524293 0.890369923
158.829729000 -13.291396178 9.579843508 5.817867716 0.197161645 -0.365511601 -0.197689068 0.887945712
158.929588000 -13.297856394 9.616485191 5.857271813 0.197423271 -0.373152380 -0.198259528 0.884575895
159.029432000 -13.303739919 9.646952266 5.897684187 0.198958248 -0.382166418 -0.198402968 0.880341245
159.129387000 -13.304418661 9.674126828 5.944393665 0.199927706 -0.390663235 -0.199475971 0.876139536
159.229212000 -13.295420121 9.710228689 6.005603441 0.200626096 -0.398147164 -0.198742916 0.872771023
159.329133000 -13.298800918 9.748185808 6.060187310 0.200268838 -0.403302181 -0.199313108 0.870352818
159.428906000 -13.302705945 9.792031650 6.113555959 0.195406371 -0.409056978 -0.209232633 0.866435482
159.528579000 -13.317138219 9.825678598 6.158661832 0.178367211 -0.415018799 -0.239312414 0.859461519
159.628146000 -13.336619242 9.917623753 6.251946540 0.182849558 -0.420186809 -0.229798938 0.858604410
159.727779000 -13.337548214 9.949572428 6.287740274 0.195244326 -0.425390765 -0.211053227 0.858125216
159.827617000 -13.339236342 9.980923152 6.323229444 0.206414462 -0.428072749 -0.202479915 0.856241015
159.927488000 -13.340363849 9.986524502 6.332434747 0.207299055 -0.428911872 -0.202269385 0.855656942
160.027466000 -13.349475619 9.997425063 6.361593467 0.193878779 -0.429696353 -0.226961615 0.852209181
160.127695000 -13.351375852 10.000971381 6.381842061 0.175592888 -0.428939043 -0.260583609 0.846920668
160.228095000 -13.415931520 9.924206159 6.372270132 0.178483900 -0.433335687 -0.258971924 0.844569252
160.329156000 -13.407268981 9.935930940 6.382506800 0.178625958 -0.432035027 -0.255941660 0.846127868
160.430243000 -13.406104011 9.937507730 6.383883464 0.178644880 -0.431859670 -0.255533879 0.846336617
160.531373000 -13.406104011 9.937507730 6.383883464 0.178644880 -0.431859670 -0.255533879 0.846336617
160.632679000 -13.406104011 9.937507730 6.383883464 0.178644880 -0.431859670 -0.255533879 0.846336617
160.734152000 -13.408732057 9.938554161 6.379088496 0.178935278 -0.431941050 -0.255573060 0.846221902
160.834915000 -13.409578922 9.938891363 6.377543359 0.179028851 -0.431967263 -0.255585681 0.846184917
160.934703000 -13.411279155 9.939546770 6.376818475 0.179637473 -0.433348637 -0.255437953 0.845393866
161.033686000 -13.415521887 9.941794685 6.373467394 0.180162371 -0.433753392 -0.255370604 0.845094888
161.132191000 -13.415521887 9.941794685 6.373467394 0.180162371 -0.433753392 -0.255370604 0.845094888
161.230442000 -13.415521887 9.941794685 6.373467394 0.180162371 -0.433753392 -0.255370604 0.845094888
161.328864000 -13.416900593 9.942400734 6.371686629 0.180485274 -0.434105769 -0.255522023 0.844799232
161.427670000 -13.417358920 9.943479988 6.372810232 0.180458263 -0.434075053 -0.255403968 0.844856483
161.526895000 -13.417874510 9.943548184 6.372373278 0.180614656 -0.434107607 -0.255399519 0.844807681
161.626532000 -13.391574176 9.957490707 6.382638018 0.180281977 -0.433732237 -0.255372810 0.845079572
161.726491000 -13.391574176 9.957490707 6.382638018 0.180281977 -0.433732237 -0.255372810 0.845079572
161.826642000 -13.391574176 9.957490707 6.382638018 0.180281977 -0.433732237 -0.255372810 0.845079572
161.926877000 -13.391574176 9.957490707 6.382638018 0.180281977 -0.433732237 -0.255372810 0.845079572
162.027062000 -13.391330594 9.958379488 6.383134381 0.180536413 -0.434244745 -0.255416245 0.844748866
162.127301000 -13.398356501 9.955528343 6.374820533 0.180659660 -0.434043823 -0.255463111 0.844811603
162.227374000 -13.398356501 9.955528343 6.374820533 0.180659660 -0.434043823 -0.255463111 0.844811603
162.327334000 -13.398356501 9.955528343 6.374820533 0.180659660 -0.434043823 -0.255463111 0.844811603
162.427241000 -13.347636640 9.965184343 6.295333292 0.180556136 -0.433876241 -0.255448703 0.844924168
162.527147000 -13.347636640 9.965184343 6.295333292 0.180556136 -0.433876241 -0.255448703 0.844924168
162.627096000 -13.347636640 9.965184343 6.295333292 0.180556136 -0.433876241 -0.255448703 0.844924168
162.727061000 -13.386148344 9.949908670 6.285438006 0.180480513 -0.433733179 -0.255401402 0.845028069
162.827021000 -13.386148344 9.949908670 6.285438006 0.180480513 -0.433733179 -0.255401402 0.845028069
162.926956000 -13.362466495 9.961238864 6.304939792 0.180554475 -0.433839030 -0.255436041 0.844947458
163.026915000 -13.362466495 9.961238864 6.304939792 0.180554475 -0.433839030 -0.255436041 0.844947458
