0.079333000 0.001335041 0.000824684 0.031073048 -0.000016323 -0.000000157 -0.000007008 1.000000000
0.179357000 -0.001803824 0.005598055 0.030535268 -0.000043377 0.000002352 -0.000027300 0.999999999
0.279349000 -0.011564725 0.027659429 -0.035189488 -0.000069206 -0.000008917 -0.000031111 0.999999997
0.379325000 -0.016461818 0.039754119 -0.044999166 -0.000103134 -0.000007746 -0.000027170 0.999999994
0.479262000 -0.024142752 0.047313228 -0.069912100 -0.000135153 -0.000005433 -0.000041812 0.999999990
0.579185000 -0.023901939 0.040318604 -0.051216170 -0.000155583 0.000002126 -0.000044269 0.999999987
0.679119000 -0.021150950 0.031259606 0.003683989 -0.000163819 -0.000003698 -0.000051408 0.999999985
0.779074000 -0.023162276 0.042411382 -0.030155116 -0.000184799 -0.000008468 -0.000061701 0.999999981
0.879052000 -0.032132889 0.065094297 -0.069163580 -0.000204463 -0.000002040 -0.000071540 0.999999977
0.979057000 -0.038555312 0.075529144 -0.111223702 -0.000224701 -0.000002545 -0.000076022 0.999999972
1.079176000 -0.049181258 0.082539754 -0.112966571 -0.000264887 -0.000005956 -0.000077429 0.999999962
1.179194000 -0.060525064 0.092658647 -0.169059244 -0.000279608 -0.000002012 -0.000091125 0.999999957
1.279205000 -0.076167199 0.107527835 -0.222057943 -0.000300965 -0.000005377 -0.000109127 0.999999949
1.379214000 -0.092935647 0.127233839 -0.342627684 -0.000327167 -0.000014208 -0.000101591 0.999999941
1.479230000 -0.079429110 0.104195920 -0.276296123 -0.000359205 -0.000029047 -0.000101057 0.999999930
1.579229000 -0.076119528 0.095382012 -0.255259371 -0.000379349 -0.000033293 -0.000118314 0.999999920
1.679206000 -0.073178614 0.078835112 -0.236196386 -0.000400283 -0.000032374 -0.000128911 0.999999911
1.779180000 -0.068570128 0.073067244 -0.226006269 -0.000423632 -0.000039572 -0.000145526 0.999999899
1.879162000 -0.057113110 0.056678251 -0.170928391 -0.000443102 -0.000038177 -0.000156932 0.999999889
1.979181000 -0.061899828 0.075070245 -0.249813547 -0.000470680 -0.000048464 -0.000175380 0.999999873
2.079292000 -0.061776981 0.063316685 -0.231292521 -0.000496222 -0.000036075 -0.000177375 0.999999861
2.179311000 -0.061830972 0.062059138 -0.212812285 -0.000516377 -0.000043857 -0.000185770 0.999999848
2.279294000 -0.065909799 0.066462725 -0.228255885 -0.000550923 -0.000048314 -0.000206126 0.999999826
2.379251000 -0.072825794 0.062525473 -0.230664303 -0.000574828 -0.000030724 -0.000220557 0.999999810
2.479193000 -0.083831741 0.068136218 -0.256570522 -0.000607587 -0.000039703 -0.000234789 0.999999787
2.579126000 -0.092392777 0.076093844 -0.284044698 -0.000637426 -0.000048178 -0.000244077 0.999999766
2.679068000 -0.098685855 0.089671333 -0.332219309 -0.000655478 -0.000059762 -0.000254979 0.999999751
2.779036000 -0.089721314 0.082607034 -0.309235721 -0.000690512 -0.000046610 -0.000256956 0.999999727
2.879022000 -0.085220456 0.072758503 -0.268849974 -0.000721831 -0.000053269 -0.000261266 0.999999704
2.978998000 -0.077041578 0.068300815 -0.246847529 -0.000751460 -0.000050190 -0.000277740 0.999999678
3.079051000 -0.055514497 0.027817398 -0.127526355 -0.000783719 -0.000051174 -0.000281203 0.999999652
3.178984000 -0.040841316 -0.009500697 -0.030820360 -0.000807000 -0.000057200 -0.000298912 0.999999628
3.278924000 -0.045638867 0.010777626 -0.079750980 -0.000828386 -0.000061475 -0.000295591 0.999999611
3.378889000 -0.038429612 0.001466467 -0.062771291 -0.000855823 -0.000074977 -0.000305153 0.999999584
3.478865000 -0.009028323 -0.019298337 0.029914569 -0.000885748 -0.000072690 -0.000320902 0.999999554
3.578861000 0.000744386 -0.029590994 0.111363084 -0.000905426 -0.000066959 -0.000323679 0.999999535
3.678856000 0.009311515 -0.005549392 0.064881462 -0.000930910 -0.000070749 -0.000334870 0.999999508
3.778847000 0.000125813 0.014318327 0.001708026 -0.000961302 -0.000074683 -0.000358086 0.999999471
3.878816000 0.004590740 0.021901687 0.005796164 -0.000983259 -0.000078351 -0.000382217 0.999999440
3.978761000 -0.007205336 0.042723064 -0.100275942 -0.001014518 -0.000086904 -0.000394211 0.999999404
4.078817000 -0.006994622 0.046077954 -0.119416928 -0.001025957 -0.000106335 -0.000393143 0.999999391
4.178812000 -0.003181748 0.042122899 -0.125668373 -0.001049968 -0.000108420 -0.000395991 0.999999365
4.278827000 -0.018003560 0.068213595 -0.211438389 -0.001074629 -0.000101457 -0.000398658 0.999999338
4.378840000 -0.017389677 0.053627314 -0.150556869 -0.001105273 -0.000111063 -0.000402878 0.999999302
4.478851000 -0.022129941 0.056669501 -0.167774546 -0.001123335 -0.000123695 -0.000421979 0.999999272
4.578839000 -0.035658888 0.054065453 -0.177761244 -0.001146898 -0.000133640 -0.000420482 0.999999245
4.678825000 -0.042025465 0.050923321 -0.183335917 -0.001179130 -0.000138817 -0.000408810 0.999999212
4.778776000 -0.041441155 0.049287165 -0.176402195 -0.001204796 -0.000119538 -0.000403767 0.999999186
4.878731000 -0.035787294 0.044954658 -0.146281717 -0.001231282 -0.000130859 -0.000419444 0.999999145
4.978696000 -0.024855251 0.027734793 -0.095309430 -0.001258713 -0.000132125 -0.000436898 0.999999104
5.078764000 -0.022784664 0.035618872 -0.152567914 -0.001399881 -0.000095005 -0.000411811 0.999998931
5.178763000 -0.017699714 0.021214009 -0.098295346 -0.001387217 0.000146966 -0.000783688 0.999998720
5.278768000 -0.009057528 0.013718206 -0.082213263 -0.001504668 -0.000103132 -0.001267360 0.999998060
5.378798000 -0.007022460 0.003176286 -0.096651054 -0.001259057 -0.000051051 -0.002085323 0.999997032
5.478827000 -0.003039264 0.028784531 -0.122805127 -0.000763124 0.000474477 -0.002093871 0.999997404
5.578895000 -0.000764118 0.033963822 -0.074893568 -0.002974310 0.000985369 -0.002323185 0.999992393
5.679000000 -0.006579684 0.028439831 -0.021914537 -0.004659861 0.000471746 0.000347249 0.999988971
5.779177000 -0.018709294 0.029929860 -0.002015927 0.002551640 -0.000138239 0.001481418 0.999995638
5.879750000 -0.013304265 0.026032537 0.072934890 -0.004307861 -0.000724497 -0.000358639 0.999990394
5.980693000 -0.010302173 0.044678785 0.146832580 -0.004797187 0.000293491 0.004690170 0.999977451
6.081575000 -0.006878217 0.039870020 0.166330796 -0.001421834 0.000623407 0.003084686 0.999994037
6.182450000 -0.011626176 0.041724932 0.244277496 -0.008912353 0.002796712 0.004571575 0.999945923
6.282803000 -0.004896068 0.034294368 0.304447274 -0.008536220 0.000618065 0.002730285 0.999959647
6.382823000 0.003743787 0.021893132 0.425426744 -0.000057353 -0.007718161 0.002943589 0.999965880
6.483132000 0.042018583 0.018254227 0.533601023 -0.004657579 -0.027337394 -0.010937303 0.999555576
6.583671000 0.040121525 0.069678067 0.704562516 -0.006296325 -0.046446669 -0.022555987 0.998646229
6.683454000 0.073731858 0.055395172 0.752496107 -0.003964364 -0.070372265 -0.025920691 0.997176086
6.783426000 0.122141170 0.047610617 0.850702508 -0.013181026 -0.089974648 -0.024186146 0.995563084
6.883226000 0.180186899 0.044996175 0.989802329 -0.018257593 -0.116451895 -0.027167543 0.992656809
6.983005000 0.214448449 0.059349292 1.109365445 -0.013413072 -0.133445650 -0.024063624 0.990673150
7.082901000 0.240435875 0.055745039 1.186564911 -0.016742219 -0.141864469 -0.020148691 0.989539388
7.182895000 0.264243936 0.076758825 1.316663205 -0.020566457 -0.142377118 -0.001419840 0.989597777
7.282432000 0.308881189 0.078295734 1.421135362 -0.013056654 -0.137604845 0.008398622 0.990365535
7.382011000 0.342801650 0.051848907 1.481231472 -0.016926283 -0.137631130 0.005100998 0.990325781
7.481914000 0.384624072 0.041886485 1.637178411 -0.017106931 -0.139563211 0.007903630 0.990033836
7.581828000 0.400026149 0.059075611 1.740008730 -0.009217415 -0.140619094 0.005251529 0.990006935
7.682187000 0.407296638 0.061894764 1.781322841 -0.011091367 -0.141930675 0.002587663 0.989811077
7.782946000 0.405314459 0.057895423 1.848495191 -0.010262815 -0.141515717 0.001105299 0.989882192
7.883314000 0.433713492 0.054126727 1.955250146 -0.001117598 -0.138123642 0.004264782 0.990405181
7.983558000 0.454222561 0.034296642 2.046381205 -0.005399239 -0.138490378 0.006945669 0.990324705
8.083737000 0.500756185 0.013315612 2.158839478 -0.009276718 -0.139663164 0.007512425 0.990127116
8.183533000 0.517440222 0.008533971 2.207973081 -0.004084328 -0.141489826 0.005403995 0.989916534
8.283333000 0.541339050 0.000942061 2.290236181 -0.007952135 -0.141351726 -0.000110235 0.989927493
8.383233000 0.574995564 -0.004597408 2.389408109 -0.013135854 -0.140325886 -0.001551315 0.990017014
8.482987000 0.623008364 -0.005769736 2.507586080 -0.010741607 -0.143019867 -0.004294157 0.989652210
8.582997000 0.656789194 -0.022566961 2.617941043 -0.015244212 -0.152216350 -0.012240248 0.988153821
8.683040000 0.702397698 -0.026215373 2.761606617 -0.019791641 -0.152837776 -0.004105530 0.988044559
8.782459000 0.738001922 -0.017548966 2.884056134 -0.009520779 -0.153495529 0.001119859 0.988102840
8.882111000 0.761489674 -0.019624565 2.958392522 -0.012806335 -0.153790312 -0.002184583 0.988018100
8.982302000 0.785407855 -0.025145980 3.085628184 -0.018080437 -0.154134703 -0.003081749 0.987879595
9.082580000 0.813145201 -0.014823978 3.189795476 -0.012860532 -0.150613164 0.005590696 0.988493311
9.182658000 0.840305405 -0.020897429 3.268165170 -0.017036943 -0.150516370 0.008291657 0.988425927
9.282719000 0.893088641 -0.025978263 3.377116169 -0.020062510 -0.159136161 0.003084258 0.987047955
9.382488000 0.938289358 0.014267740 3.485048169 -0.016299453 -0.166998485 -0.006449854 0.985801315
9.482107000 0.964385102 0.012155752 3.559385883 -0.012240709 -0.165143583 -0.001552783 0.986192350
9.581771000 1.006301627 0.008072359 3.673015712 -0.020129743 -0.165342295 -0.001145966 0.986030124
9.681507000 1.040079631 0.014080661 3.782614976 -0.017616238 -0.162571578 0.002734663 0.986535692
9.781287000 1.078621011 -0.003529425 3.878489537 -0.018935237 -0.163882890 0.001162234 0.986297371
9.881520000 1.140156751 -0.000677111 4.002892677 -0.022871204 -0.163701282 0.009248774 0.986201429
9.981524000 1.196198692 0.025185136 4.131627596 -0.012575105 -0.173915547 0.004133039 0.984671604
10.081831000 1.263932018 0.004454864 4.241601627 -0.015829563 -0.187463673 -0.006686020 0.982121221
10.182292000 1.332954366 0.000042161 4.365608188 -0.029398612 -0.213412631 -0.034842832 0.975897919
10.282863000 1.375450455 -0.003353130 4.475132275 -0.015544968 -0.224629496 -0.022784624 0.974053800
10.382916000 1.418293463 -0.027875291 4.582570024 -0.018726043 -0.233082944 -0.014903562 0.972162312
10.483325000 1.477525508 -0.029821414 4.671321453 -0.021422168 -0.231741437 0.001963466 0.972539532
10.583271000 1.554812786 -0.018993235 4.785407135 -0.016106675 -0.234628421 -0.000650824 0.971951468
10.683135000 1.598354995 -0.020780839 4.849922963 -0.014224473 -0.234010796 0.001314979 0.972129046
10.783099000 1.653170878 -0.022665345 4.948394747 -0.022371285 -0.236671672 -0.002193227 0.971329622
10.882961000 1.709554367 -0.015679829 5.075138917 -0.020018924 -0.231083462 0.001800259 0.972726290
10.982313000 1.765237120 -0.032392198 5.162914104 -0.019842478 -0.232402036 -0.001172936 0.972416677
11.082304000 1.855105609 -0.037637456 5.286085308 -0.024983892 -0.231432135 0.003461317 0.972524031
11.182015000 1.918777633 -0.004098586 5.409763057 -0.018863732 -0.235829008 0.004011898 0.971603182
11.281732000 1.987888860 -0.017487536 5.525540830 -0.013241601 -0.233181520 0.001723959 0.972341538
11.381501000 2.032670453 -0.016447667 5.624399734 -0.020780923 -0.235404901 -0.003821788 0.971667680
11.481503000 2.088160141 -0.020707388 5.733483491 -0.012840065 -0.231355353 0.002609129 0.972781078
11.581217000 2.126719032 -0.038820323 5.833085060 -0.012048865 -0.232489457 -0.006221874 0.972504378
11.681676000 2.218659990 -0.045826764 5.961001345 -0.016546249 -0.231504410 0.001836831 0.972691398
11.781970000 2.283899913 0.007425880 6.094829653 -0.014688246 -0.236040264 -0.001724628 0.971630730
11.882098000 2.334631145 -0.006141502 6.191330334 -0.008775660 -0.233931588 -0.001079764 0.972212854
11.982152000 2.384255414 -0.006079135 6.300877194 -0.015221004 -0.235654376 -0.006834614 0.971693688
12.082436000 2.434112162 -0.004211268 6.398760610 -0.009489022 -0.231402648 -0.005379711 0.972796912
12.182253000 2.488403689 -0.028408687 6.542047249 -0.008506550 -0.233561020 -0.006831595 0.972280936
12.282728000 2.547509369 -0.028718132 6.621510271 -0.012974391 -0.232214183 0.001282254 0.972577295
12.382784000 2.625615341 -0.033610515 6.812744191 -0.007273750 -0.237237969 0.004067873 0.971415818
12.482675000 2.629223643 -0.035008363 6.813987532 -0.005247057 -0.235873479 0.003286171 0.971764051
12.582438000 2.682571692 -0.034946082 6.920214960 -0.014270100 -0.238013698 -0.002356828 0.971154102
12.682286000 2.722158586 -0.038858868 7.001740801 -0.007612513 -0.234156462 0.004113969 0.972160417
12.781730000 2.757336008 -0.045151626 7.035165178 -0.007444207 -0.235166246 -0.002630938 0.971923093
12.881767000 2.799710040 -0.049912282 7.116304849 -0.010834033 -0.234598431 0.002838506 0.972027851
12.981636000 2.883821224 -0.053956742 7.271217765 -0.005051444 -0.239058708 0.002158591 0.970989577
13.081634000 2.915236251 -0.060396488 7.332836282 -0.000702886 -0.237254760 0.003349117 0.971441438
13.181832000 2.963843406 -0.062514388 7.435822361 -0.008938582 -0.239602536 -0.002487868 0.970826729
13.282165000 2.986299406 -0.045109686 7.453699222 -0.001733656 -0.235771212 0.006270114 0.971786816
13.381943000 3.011937515 -0.051599103 7.452428888 -0.000926756 -0.236790814 0.002110003 0.971557924
13.482173000 3.119443142 -0.046518593 7.592388465 -0.005195781 -0.235963337 0.008543749 0.971710508
13.582066000 3.195891487 0.021036712 7.747723383 -0.003525279 -0.240249357 0.004364148 0.970694995
13.681745000 3.244917094 0.016276216 7.837439020 0.003118152 -0.238233318 0.005669696 0.971186397
13.781424000 3.291544302 0.018106084 7.934783576 -0.003698049 -0.240130343 0.000167656 0.970733596
13.881400000 3.336503599 0.017528275 8.034701091 0.001781091 -0.236251110 0.007557336 0.971661015
13.981132000 3.362615611 0.001759917 8.072574700 0.003444561 -0.236602915 0.002077425 0.971598106
14.081617000 3.409672360 -0.011584099 8.190710817 0.000126428 -0.235951049 0.007477817 0.971736162
14.181766000 3.466915333 -0.043965626 8.316853570 -0.000976879 -0.238941321 -0.002398622 0.971030554
14.281837000 3.512350792 -0.042160232 8.411765390 0.009484858 -0.238006871 0.001058977 0.971216580
14.382003000 3.553316163 -0.064743294 8.516759015 0.009495689 -0.231965378 0.004930909 0.972665195
14.481911000 3.577667620 -0.039441193 8.655674902 0.008567463 -0.210963406 0.023629376 0.977170759
14.580987000 3.597579534 -0.040241627 8.774744668 0.016198374 -0.183677238 0.037902731 0.982122023
14.680456000 3.604453585 -0.049248059 8.912666253 0.012785021 -0.149563266 0.052753736 0.987261068
14.780099000 3.635204149 -0.042708020 8.997320366 0.012660235 -0.130040416 0.062132980 0.989479005
14.880265000 3.650170753 -0.050439436 9.123397790 0.017746463 -0.111229201 0.050997774 0.992326738
14.980842000 3.685474743 -0.067953888 9.182112515 0.009735532 -0.103059035 0.030502358 0.994159776
15.081879000 3.694056364 -0.078670615 9.287967664 0.011460250 -0.101027668 0.031613258 0.994315179
15.182380000 3.695197447 -0.081889965 9.309450474 0.016335245 -0.100820341 0.026496158 0.994417605
15.282964000 3.671717304 -0.117708099 9.466120553 0.013615082 -0.093751842 0.023681426 0.995220785
15.382869000 3.697093624 -0.115011054 9.623306374 0.010156201 -0.077295974 0.047112160 0.995842673
15.482399000 3.689957944 -0.103388054 9.769372159 0.018622456 -0.050079614 0.055911223 0.997005101
15.582047000 3.686997210 -0.102786679 9.882616004 0.015790835 -0.024326748 0.062333713 0.997633884
15.682174000 3.681356798 -0.082653475 10.064018339 0.011100400 -0.003673459 0.059019734 0.998188338
15.782217000 3.674229936 -0.075619980 10.174516358 0.017015066 0.006279600 0.042133349 0.998947363
15.882487000 3.636339099 -0.082051173 10.264486894 0.013831722 0.023212658 0.036989140 0.998950279
15.982159000 3.616553531 -0.066180542 10.414117277 0.008729991 0.045434324 0.047805213 0.997784632
16.081565000 3.580725826 -0.059824564 10.562026480 0.016222530 0.069123714 0.058050150 0.995785580
16.181241000 3.561752219 -0.060225132 10.689221659 0.014153116 0.082226122 0.049101062 0.995302788
16.281665000 3.512587525 -0.046677727 10.856881084 0.012957943 0.091274343 0.039460669 0.994959266
16.381901000 3.487361888 -0.039745410 10.990879253 0.019293246 0.092822651 0.028657888 0.995083138
16.482318000 3.471469851 -0.032427714 11.050747762 0.017913828 0.093763940 0.026647424 0.995076546
16.582343000 3.460237830 -0.028537691 11.203387152 0.013638861 0.090170058 0.020888142 0.995613895
16.681990000 3.437142429 -0.023814194 11.341999932 0.020870002 0.089219593 0.019824114 0.995595958
16.781719000 3.436695404 -0.020541981 11.433250090 0.017525492 0.087959071 0.015931135 0.995842487
16.881735000 3.407226240 -0.026156231 11.538883564 0.011214488 0.088999718 0.013388245 0.995878527
16.981555000 3.406553558 -0.019576949 11.681672176 0.015122813 0.084374331 0.010697270 0.996261934
17.081855000 3.395597780 -0.041196214 11.809214708 0.009175153 0.077575205 0.003249361 0.996938988
17.181811000 3.383188260 -0.037269049 11.919997849 0.003348630 0.076073825 0.005850530 0.997079401
17.281217000 3.359469300 -0.042377464 12.065617993 0.012468279 0.076660749 0.013845735 0.996883126
17.380812000 3.339024276 -0.035533021 12.142378609 0.007938724 0.074843375 0.007036658 0.997138873
17.480849000 3.292014719 -0.033132794 12.254812418 0.004509915 0.075907539 0.009166409 0.997062527
17.580573000 3.297891390 -0.030137465 12.304528437 0.007487512 0.078086286 0.007572498 0.996889726
17.680767000 3.302907694 -0.091763600 12.462312722 0.003806009 0.079022943 0.006347584 0.996845322
17.780958000 3.291699545 -0.086674813 12.561633730 -0.000320687 0.077233567 0.010506359 0.996957617
17.880970000 3.271182940 -0.091598152 12.706118732 0.010001488 0.077197188 0.010537559 0.996909988
17.981153000 3.263661439 -0.094815586 12.790224647 0.004487107 0.075074269 -0.001934543 0.997165973
18.081681000 3.230610282 -0.094379724 12.913314531 0.001871057 0.077247690 0.006307477 0.996990225
18.181662000 3.225606417 -0.088018834 12.958795339 0.009155675 0.080150773 0.005506132 0.996725494
18.281681000 3.216866992 -0.083052951 13.051955522 0.004269013 0.080864697 0.004496766 0.996705802
18.381601000 3.209297530 -0.088726726 13.173180478 0.001704597 0.079044471 0.003451532 0.996863658
18.481232000 3.191674097 -0.079848698 13.306938508 0.010721543 0.077387596 0.003867076 0.996935933
18.581326000 3.181596353 -0.079434085 13.394619227 0.007285750 0.076001402 0.000375432 0.997081022
18.681962000 3.152859675 -0.074815595 13.497598886 0.005425941 0.077713767 0.008480708 0.996924875
18.782238000 3.129593843 -0.071472324 13.634928073 0.008815029 0.080814186 0.008356323 0.996655173
18.882432000 3.120030980 -0.066221671 13.723029727 0.005280258 0.081036709 0.007110603 0.996671766
18.982539000 3.110266253 -0.065371856 13.804888537 0.002334326 0.081316527 0.010654017 0.996628650
19.082351000 3.098170853 -0.068492289 13.868638675 0.010573928 0.080187895 0.012718753 0.996642527
19.182032000 3.080212313 -0.066409258 13.955090939 0.012596086 0.080501040 0.014735096 0.996566003
19.282007000 3.056113503 -0.059824825 14.125766330 0.007868797 0.079144963 0.008378800 0.996796846
19.381915000 3.046413634 -0.007421369 14.275310803 0.013203900 0.082698293 0.023013470 0.996221376
19.481629000 3.040683042 -0.004102136 14.316216569 0.013634579 0.082078397 0.018502829 0.996360818
19.581778000 3.036331381 0.001994653 14.404877640 0.008756815 0.083523331 0.021457584 0.996236289
19.681649000 3.038633952 0.004745669 14.560993715 0.014301358 0.079655897 0.013186370 0.996632595
19.781429000 3.044649504 0.020002257 14.681475603 0.012900880 0.080595822 0.011289978 0.996599427
19.881386000 3.036476152 0.021352140 14.746620504 0.008690069 0.079794344 0.005586898 0.996757810
19.981495000 3.021488565 0.031773572 14.839867584 0.017522990 0.083080637 0.014166539 0.996288042
20.081456000 3.020406775 0.032091059 14.846890508 0.016687034 0.083194872 0.014442049 0.996288906
20.181760000 3.007956678 0.040188072 14.972104809 0.009547063 0.084859091 0.018766769 0.996170466
20.281789000 2.993064833 0.063307579 15.065890811 0.017079148 0.081029006 0.014671847 0.996457395
20.381725000 2.988918579 0.062540041 15.153978307 0.019184775 0.082103675 0.019464597 0.996248995
20.481625000 2.984309477 0.065345045 15.219465833 0.013368960 0.082135941 0.014566430 0.996424998
20.581647000 2.962357567 0.110333339 15.385682322 0.018268380 0.085299615 0.028372140 0.995783743
20.681522000 2.962866383 0.101922124 15.436591571 0.019563359 0.086526426 0.024442698 0.995757504
20.781699000 2.958953166 0.103572192 15.542928810 0.010738598 0.089680534 0.027423426 0.995535052
20.881717000 2.957148062 0.095383407 15.684514561 0.011773402 0.086447934 0.018206313 0.996020417
20.981725000 2.940125810 0.096927135 15.824008916 0.020226596 0.084915151 0.027261644 0.995809773
21.082126000 2.938608299 0.103959227 15.893017302 0.014706363 0.082571930 0.024127049 0.996184463
21.182463000 2.907217000 0.096901685 15.995872728 0.012049563 0.084338398 0.028405289 0.995959328
21.282312000 2.893274786 0.098731339 16.039771589 0.016557569 0.086211425 0.026679958 0.995781912
21.382255000 2.875468587 0.100072171 16.104269916 0.013028125 0.087208167 0.021660336 0.995869386
21.481958000 2.865969533 0.129057332 16.112552502 0.004365800 0.086758099 0.037395920 0.995517713
21.581542000 2.855069509 0.143195595 16.199773261 0.016340486 0.088031807 0.038758470 0.995229205
21.681607000 2.845485160 0.133077078 16.262632327 0.022867408 0.088728998 0.022258402 0.995544479
21.782143000 2.802251670 0.140406097 16.308389794 0.017859983 0.086072292 0.023935349 0.995841192
21.882589000 2.803629213 0.140341178 16.371827751 0.025028283 0.087689343 0.022759080 0.995573296
21.982750000 2.793793634 0.146280992 16.416686498 0.023274745 0.087674049 0.021439811 0.995646464
22.082949000 2.780303249 0.153725952 16.498479001 0.017657528 0.087359588 0.020217921 0.995815118
22.182655000 2.756582530 0.161998928 16.589288989 0.023921134 0.086387206 0.019249351 0.995788377
22.282203000 2.741257504 0.167275597 16.651337072 0.023303965 0.086793607 0.019118807 0.995770187
22.381829000 2.716275080 0.186457959 16.724630200 0.022934105 0.085792114 0.014775243 0.995939472
22.481477000 2.682539853 0.190732489 16.725057671 0.021496084 0.086198543 0.016719407 0.995905714
22.581287000 2.658144739 0.214661350 16.691450895 0.024378832 0.085871694 0.015804092 0.995882501
22.681590000 2.652651762 0.221557618 16.755682475 0.021304199 0.086459968 0.018368014 0.995858133
22.781746000 2.643905913 0.234914760 16.921080504 0.020651709 0.085138003 0.014764258 0.996045704
22.881873000 2.631069005 0.225236144 17.067876342 0.024120298 0.084511657 0.010675981 0.996073298
22.982070000 2.626996824 0.223020477 17.132567018 0.018826539 0.083544931 0.008042315 0.996293695
23.082332000 2.602519812 0.235336017 17.239293937 0.016286395 0.084506814 0.007302588 0.996263029
23.182099000 2.587150127 0.233797008 17.288094135 0.019200346 0.086160128 0.008281460 0.996061844
23.282073000 2.591091902 0.238616977 17.373718266 0.011606121 0.088003143 0.012285728 0.995976810
23.381936000 2.592033445 0.239755194 17.484226568 0.008073889 0.086400050 0.011656607 0.996159609
23.481582000 2.581952881 0.238198758 17.597547899 0.015444336 0.085240898 0.011293998 0.996176645
23.581429000 2.576103966 0.214210283 17.687395223 0.013414814 0.083912737 0.011157269 0.996320335
23.681725000 2.546474456 0.225583159 17.756793678 0.014527064 0.085614312 0.002011085 0.996220412
23.781823000 2.544857441 0.226556880 17.767273041 0.013933627 0.085622615 0.003805744 0.996222936
23.882181000 2.526161183 0.224920813 17.858186315 0.009454725 0.086461148 0.025758904 0.995877280
23.982380000 2.534202736 0.228973128 17.927705438 0.007238062 0.089478325 0.026405216 0.995612377
24.082124000 2.542880945 0.251935510 18.063471541 0.015706261 0.080919705 0.021180497 0.996371769
24.181736000 2.525513415 0.249349586 18.066544243 0.019331378 0.082989748 0.017675045 0.996206099
24.281103000 2.513271191 0.251104975 18.117434571 0.022616567 0.084047770 0.010683683 0.996147741
24.380764000 2.502811592 0.264722444 18.154435838 0.020175245 0.084088640 0.018043563 0.996090603
24.480841000 2.499721249 0.264678541 18.182437525 0.016381725 0.085453723 0.022723301 0.995948268
24.581106000 2.496266824 0.268488759 18.195727489 0.018661621 0.083692503 0.018054823 0.996153267
24.681364000 2.482606025 0.272170982 18.166504226 0.018693661 0.083166527 0.023956880 0.996072258
24.781512000 2.485587852 0.283903221 18.169928100 0.019397866 0.084255359 0.024208524 0.995961196
24.881775000 2.489547166 0.286774037 18.172790519 0.018149645 0.082615089 0.023796898 0.996132042
24.981912000 2.478192080 0.297033025 18.120258609 0.017416880 0.083639716 0.023303507 0.996071281
25.081676000 2.457020597 0.327343898 18.015791726 0.016974214 0.083086189 0.022954155 0.996133359
25.181089000 2.453044170 0.330132607 18.015891569 0.016697718 0.083413243 0.022636502 0.996117968
25.280272000 2.449871325 0.328804720 18.035973268 0.017669127 0.083272382 0.022663225 0.996112388
25.379474000 2.448683657 0.324500273 18.050086953 0.018680373 0.083303854 0.022713321 0.996090165
25.478838000 2.443947064 0.318724745 18.051573364 0.017807541 0.083329064 0.022876007 0.996100320
25.578384000 2.441825109 0.310520527 18.052065401 0.017276978 0.083423355 0.023739408 0.996081568
25.678130000 2.435631981 0.305422436 18.047546202 0.015627456 0.084208415 0.022872092 0.996063047
25.778115000 2.433874735 0.305106556 18.107270099 0.012017712 0.083807468 0.020615514 0.996196207
25.878279000 2.420692498 0.300229071 18.143658383 0.014095900 0.083263259 0.023091243 0.996160293
25.978565000 2.410979327 0.302307980 18.193021323 0.019398456 0.083039846 0.025384081 0.996034002
26.079211000 2.398059328 0.303374900 18.279764806 0.010266001 0.083109782 0.023229123 0.996216734
26.179740000 2.378257786 0.303164148 18.363151713 0.010130387 0.084739718 0.017594099 0.996196267
26.280020000 2.360378412 0.316942974 18.342797523 0.012916639 0.082710289 0.023448364 0.996214004
26.380772000 2.362809854 0.318424443 18.418144238 0.007289910 0.084150148 0.021317854 0.996198353
26.481265000 2.353919530 0.345914166 18.496782367 0.009970533 0.081225014 0.013985008 0.996547794
26.581559000 2.343033440 0.344086616 18.536757880 0.017633149 0.082759619 0.018528800 0.996241236
26.681783000 2.337072918 0.348222227 18.649605592 0.010414323 0.081267230 0.016425231 0.996502579
26.781939000 2.325682611 0.342975115 18.743559426 0.006511688 0.082744694 0.020786211 0.996332699
26.881630000 2.321237937 0.339404771 18.849999699 0.010277998 0.082732454 0.016684184 0.996379116
26.981497000 2.316816623 0.336516455 18.960550229 0.004048941 0.083703465 0.017897063 0.996321751
27.081260000 2.307052790 0.340449102 19.066599845 0.005272838 0.080743721 0.017077128 0.996574644
27.180908000 2.284500105 0.343425769 19.195045797 0.013870757 0.081808729 0.022639776 0.996294321
27.281014000 2.262994026 0.348664252 19.275663631 0.014113540 0.082615409 0.019644402 0.996287910
27.381302000 2.261816962 0.365589716 19.322934888 0.012304815 0.081906793 0.010131628 0.996512528
27.481375000 2.247382713 0.368966142 19.402940442 0.011117356 0.083155212 0.023324156 0.996201585
27.581775000 2.230898174 0.370695547 19.420004289 0.008912605 0.084919525 0.025305984 0.996026529
27.682259000 2.225026750 0.379327103 19.495215001 0.008016469 0.084135230 0.014729520 0.996313224
27.782799000 2.215455307 0.393696250 19.577604659 0.015104568 0.081216838 0.007131033 0.996556484
27.883100000 2.218651679 0.399375523 19.673873657 0.012164476 0.079706178 0.006012371 0.996726042
27.983208000 2.212682543 0.400263207 19.865590690 0.009094271 0.081922980 0.011403779 0.996531923
28.082888000 2.207198410 0.409359990 19.945277550 0.006011679 0.083771743 -0.007959730 0.996435044
28.182487000 2.209807819 0.400706279 19.980730514 0.003867022 0.082194548 0.002074849 0.996606641
28.282448000 2.216803855 0.393245350 19.982880330 0.005062392 0.088070616 -0.001883078 0.996099590
28.382090000 2.230966406 0.395351729 20.044047612 0.002530340 0.091110274 -0.014777635 0.995727943
28.482409000 2.230912492 0.408748033 20.089490889 0.002499757 0.082108735 -0.012840900 0.996537515
28.583213000 2.227605743 0.417426428 20.131323322 0.002601833 0.083771629 -0.002745662 0.996477800
28.683219000 2.239569008 0.418001992 20.206389372 0.003941099 0.089628022 -0.009679339 0.995920477
28.782974000 2.250223526 0.397159342 20.295754167 0.005874571 0.084777317 -0.011281467 0.996318736
28.883008000 2.234803791 0.394556078 20.335641645 0.001315967 0.087194963 -0.006609283 0.996168472
28.982440000 2.226388539 0.395930262 20.369647666 0.000870917 0.088613977 -0.014079725 0.995966147
29.081826000 2.209077953 0.437993614 20.403738922 -0.003803683 0.087607771 0.019954535 0.995947904
29.181775000 2.197851059 0.419637672 20.446241033 0.008284973 0.090254447 0.013688114 0.995790204
29.282529000 2.194899039 0.413262113 20.481319632 0.006099785 0.089515836 0.013366824 0.995877018
29.383176000 2.192256205 0.420326542 20.549968153 0.006488071 0.088249502 0.010270294 0.996024323
29.483352000 2.190404803 0.421702410 20.591966237 0.008346545 0.088117875 0.014046359 0.995976041
29.583581000 2.186916658 0.419537567 20.695526749 -0.000306872 0.088709145 0.019255899 0.995871379
29.683499000 2.184803421 0.423265345 20.792988006 -0.000233051 0.087545992 0.011175527 0.996097763
29.783032000 2.173075889 0.431011649 20.888401967 0.006772339 0.087274895 0.017525086 0.996007078
29.882656000 2.166525339 0.425870911 20.972258586 0.000366542 0.085544054 0.016393363 0.996199447
29.982510000 2.132997062 0.428624682 21.075472802 -0.002625409 0.087449622 0.020948049 0.995945204
30.082131000 2.117939216 0.430592931 21.188312198 0.001803300 0.088117982 0.020650567 0.995894333
30.182124000 2.108171259 0.428435445 21.241116325 -0.001427044 0.090475216 0.019902422 0.995698796
30.282198000 2.064259557 0.425086638 21.287966232 -0.005659171 0.087590288 0.025368606 0.995817428
30.382194000 2.038645548 0.421978543 21.377384239 0.004452076 0.087063975 0.031927102 0.995681025
30.482473000 2.033687128 0.421143732 21.404174323 0.005478417 0.086151281 0.029427445 0.995832300
30.582909000 1.982914300 0.420172381 21.507556732 0.003651000 0.089359031 0.030982728 0.995510776
30.682737000 1.953554167 0.369922367 21.410444114 0.009411195 0.091063419 0.030160448 0.995343775
30.782718000 1.937589793 0.417229100 21.771288337 0.004275971 0.090310813 0.027757879 0.995517540
30.882381000 1.925884169 0.414944484 21.866118996 0.000008158 0.089290525 0.030381345 0.995542152
30.981790000 1.896719736 0.419088576 22.057845251 0.007596555 0.087585105 0.033351757 0.995569587
31.081684000 1.877864169 0.434285070 22.082743324 0.007376780 0.087960576 0.023951998 0.995808627
31.182143000 1.837578711 0.462431947 22.074398155 0.012830882 0.087667173 0.021500703 0.995835104
31.282397000 1.818556120 0.430809757 22.124144377 0.013973932 0.085902348 0.009962645 0.996155742
31.383211000 1.791672135 0.438962415 22.174541569 0.007004814 0.087194311 0.031125619 0.995680310
31.483898000 1.787290696 0.437655537 22.183460830 0.007456595 0.088881399 0.030557944 0.995545433
31.583838000 1.788086428 0.440044354 22.197335024 0.008907204 0.087702665 0.036510336 0.995437542
31.683460000 1.794637720 0.430966309 22.196064484 0.009730290 0.087871623 0.030961507 0.995602975
31.782998000 1.802671633 0.430661638 22.205420838 0.007331130 0.087201324 0.028164075 0.995765519
31.882386000 1.811033903 0.426833694 22.229731143 0.002401388 0.086911240 0.037287219 0.995515109
31.981669000 1.828867953 0.430879694 22.303260785 0.002114502 0.085443117 0.039262201 0.995566915
32.081260000 1.836082471 0.428395625 22.319991214 0.005672356 0.085664678 0.032695825 0.995771244
32.180914000 1.835612835 0.431494691 22.340298769 0.004403935 0.086378795 0.031330479 0.995759866
32.280826000 1.841901537 0.433617479 22.369942467 0.005042860 0.085887350 0.038947691 0.995530517
32.381064000 1.856253662 0.430200944 22.434797326 0.007798697 0.088007148 0.033091869 0.995539477
32.481543000 1.882983707 0.438826988 22.681647846 0.001590542 0.085809096 0.035316387 0.995684198
32.582263000 1.887957193 0.444573112 22.713231492 -0.000741031 0.085819389 0.030523986 0.995842743
32.682557000 1.869262175 0.409989587 22.725637098 0.002576979 0.088120424 0.030723311 0.995632577
32.782503000 1.865841183 0.403937239 22.722566719 0.005278056 0.087955548 0.024352237 0.995812699
32.882516000 1.863992642 0.408812366 22.753786246 0.002922104 0.087569470 0.028863840 0.995735873
32.982262000 1.837049886 0.406194543 22.781467269 0.001879594 0.088037706 0.029109511 0.995689945
33.081914000 1.819324212 0.408533664 22.843400837 0.010514576 0.088070288 0.036565244 0.995387387
33.181719000 1.797851060 0.413866881 22.942463352 0.005540751 0.086885027 0.036881687 0.995519981
33.281859000 1.769943897 0.473477282 23.074133297 0.003555864 0.089616048 0.043999518 0.994997669
33.381787000 1.756768055 0.416496777 23.163702048 0.009543859 0.091723753 0.040862106 0.994899973
33.481982000 1.738667223 0.415526738 23.260845377 0.004694825 0.094182610 0.042693570 0.994627998
33.581910000 1.740942887 0.413968451 23.378857827 0.001619518 0.093992205 0.038293779 0.994834875
33.681737000 1.720158482 0.416605309 23.522589266 0.007769039 0.092750564 0.037149647 0.994965768
33.781798000 1.706774716 0.415668327 23.600095506 0.003779388 0.090750635 0.036257281 0.995206234
33.881986000 1.664799541 0.427444491 23.747206426 -0.000144926 0.094316448 0.034085714 0.994958567
33.981646000 1.663734024 0.437592407 23.807774872 0.005302929 0.096484957 0.031823432 0.994811440
34.081645000 1.651578867 0.435140493 23.895855537 0.000891695 0.098543170 0.032514029 0.994601069
34.181409000 1.633759966 0.436621535 24.005628499 -0.002890823 0.096160673 0.032922772 0.994816998
34.281169000 1.613527720 0.437725411 24.133587689 0.005868580 0.096234429 0.035160364 0.994720183
34.381088000 1.598929561 0.438834487 24.228075674 0.001127586 0.094362143 0.027925160 0.995145567
34.481123000 1.557544085 0.446584689 24.391543660 -0.001572061 0.097266156 0.035036399 0.994640274
34.580783000 1.555114886 0.448912462 24.459694736 0.004747574 0.098808586 0.032944482 0.994549639
34.680802000 1.542490108 0.446495703 24.543274746 0.000631992 0.100130723 0.033145698 0.994421843
34.780791000 1.536927415 0.451696215 24.703630237 -0.004392976 0.097398856 0.033098825 0.994685193
34.880663000 1.502539507 0.440604645 24.874427422 0.005007148 0.097311970 0.038963690 0.994478326
34.980727000 1.495833842 0.435487793 24.924633139 0.004066590 0.096157429 0.035353206 0.994729794
35.081153000 1.464009334 0.436452242 25.058191566 0.002029470 0.098723947 0.044009500 0.994139139
35.181123000 1.459597406 0.435874436 25.147809882 0.007691558 0.100524409 0.042154718 0.994011400
35.281379000 1.446881920 0.436437110 25.226055153 0.003132636 0.102325725 0.043110220 0.993811421
35.381469000 1.433243099 0.434187357 25.328750731 0.003068284 0.099230336 0.039503271 0.994275323
35.481396000 1.416178874 0.438222322 25.426365369 0.009947130 0.096028756 0.040708483 0.994496029
35.581579000 1.419623994 0.425290836 25.561568119 0.008231625 0.085553885 0.033520348 0.995735487
35.681871000 1.403625881 0.428991637 25.655801181 0.004975585 0.072512693 0.020866881 0.997136764
35.781772000 1.388822638 0.427921409 25.737799383 0.008843189 0.068085356 0.022598011 0.997384335
35.881469000 1.371019747 0.429047308 25.794727692 0.002580955 0.071288580 0.030204383 0.996994971
35.981108000 1.360957993 0.315128551 25.926352547 -0.000222626 0.070740915 0.039370315 0.996717438
36.080760000 1.362963508 0.381083393 25.958159235 0.001968020 0.069804898 0.033196526 0.997006216
36.180859000 1.353295721 0.384513912 26.054742666 -0.000938670 0.067246653 0.025091749 0.997420378
36.281619000 1.311514626 0.415200698 26.173075772 -0.005515511 0.068949642 0.025051190 0.997290311
36.382116000 1.340761206 0.448786442 26.334521403 -0.000001168 0.073927194 0.032596291 0.996730782
36.482496000 1.328056479 0.442326139 26.467566651 -0.004603304 0.073774664 0.030376159 0.996801584
36.582805000 1.314694475 0.443453080 26.625634452 -0.008312947 0.071186930 0.035813061 0.996785203
36.682555000 1.292129246 0.438730209 26.636544065 0.000480365 0.070233168 0.041533780 0.996665449
36.782171000 1.273029911 0.447826337 26.680665107 0.000098656 0.070021446 0.032280761 0.997023039
36.882099000 1.230544736 0.454924692 26.766705608 -0.002004375 0.070275099 0.030534699 0.997058185
36.982022000 1.239652347 0.462909757 26.867223305 0.007366279 0.074296867 0.039312697 0.996433754
37.082038000 1.230908241 0.463593952 26.948381330 0.004175168 0.074422101 0.037270103 0.996521379
37.182232000 1.235095361 0.486669293 27.073225660 -0.000678616 0.073599711 0.044024583 0.996315441
37.281998000 1.186979222 0.638142061 27.095086801 0.007799557 0.070400433 0.046527052 0.996402619
37.381752000 1.174946364 0.632026406 27.158751041 0.005237404 0.069894426 0.035874898 0.996895346
37.481621000 1.129304134 0.636781086 27.323885360 0.005005198 0.070465614 0.040979765 0.996659523
37.581283000 1.132803819 0.657845202 27.397551450 0.007323465 0.073235625 0.050732143 0.995996566
37.681001000 1.126011972 0.655575658 27.472109865 0.003712638 0.073523221 0.047589426 0.996150490
37.781058000 1.115266705 0.656131761 27.586186651 -0.000939077 0.073666734 0.051649856 0.995944086
37.880872000 1.015820743 0.675484838 27.970682202 0.006410948 0.066928577 0.034442375 0.997142511
37.980610000 1.004711468 0.673002159 28.060484090 0.009719146 0.067968844 0.040782928 0.996806163
38.080746000 0.983599323 0.678276004 28.178437734 0.005500115 0.066437570 0.035946226 0.997127708
38.180901000 0.975653348 0.690058491 28.265667331 0.010352317 0.070981747 0.043277801 0.996484547
38.280771000 0.970489396 0.687927405 28.309917030 0.010986451 0.070541880 0.040072023 0.996643052
38.381135000 0.954943583 0.690520510 28.431326332 0.004556772 0.072118962 0.042108414 0.996496349
38.481193000 0.938704579 0.689878314 28.522886588 0.006264739 0.069410837 0.047646336 0.996429985
38.581163000 0.889262912 0.684090779 28.457766171 0.008710704 0.071748021 0.042590951 0.996474965
38.681266000 0.876597652 0.685575676 28.550766417 0.002488984 0.070478024 0.034302763 0.996920244
38.781559000 0.867414010 0.701652686 28.724211812 0.004216262 0.075512203 0.042150355 0.996244688
38.881456000 0.865230041 0.697020352 28.765233723 0.003943137 0.075037405 0.041291467 0.996317647
38.981604000 0.853554401 0.698354454 28.898188472 -0.002658590 0.075592193 0.048173263 0.995970928
39.081387000 0.825619895 0.687969093 29.014543248 0.000743812 0.073197276 0.038730843 0.996564864
39.180936000 0.813326766 0.684715693 29.108848955 0.002856098 0.073886250 0.046611889 0.996172674
39.281097000 0.804389250 0.688726994 29.200745662 -0.000996811 0.072653165 0.042336324 0.996457806
39.381422000 0.776513887 0.713838944 29.323808032 -0.000996327 0.077079847 0.045987401 0.995963284
39.481253000 0.773396513 0.712109452 29.348931347 0.002451906 0.076452578 0.043106312 0.996137961
39.581403000 0.763783015 0.713312259 29.461728637 -0.004213062 0.078344748 0.046095749 0.995851160
39.681172000 0.735429066 0.726777054 29.565565431 -0.002513381 0.073775093 0.045985259 0.996210959
39.780957000 0.724407000 0.695646648 29.704622799 0.005566123 0.075777497 0.051107776 0.995798566
39.881063000 0.707005602 0.694166011 29.794181628 0.002258373 0.073576078 0.043142770 0.996353432
39.981521000 0.694381773 0.708873573 29.987494788 0.002829200 0.079144264 0.054837074 0.995349726
40.081649000 0.691987659 0.703817699 30.027831312 0.007220320 0.078968048 0.050179598 0.995587225
40.182039000 0.681209059 0.701563883 30.137458598 0.001938567 0.080323046 0.054739625 0.995262791
40.281891000 0.649967504 0.691737768 30.226098688 0.000933334 0.078092742 0.049152338 0.995733248
40.381371000 0.608613031 0.680557558 30.329763028 0.010313433 0.077481609 0.058505393 0.995222263
40.481423000 0.603895092 0.669067827 30.362431367 0.010141513 0.075931250 0.057920553 0.995377720
40.581730000 0.572924297 0.698760000 30.512343414 0.009441948 0.081638785 0.062020011 0.994685617
40.681405000 0.556855255 0.723828450 30.571733472 0.012810460 0.080900666 0.061944042 0.994712979
40.781348000 0.542973455 0.720380489 30.673743452 0.004930390 0.083116459 0.063032440 0.994532180
40.880849000 0.525501476 0.728584363 30.800034970 0.004130407 0.079640148 0.063584638 0.994785093
40.980265000 0.508043709 0.731237678 30.932312392 0.013689869 0.081038096 0.064357762 0.994536823
41.080068000 0.509383976 0.722185690 31.024325963 0.009674496 0.078975569 0.057287025 0.995182124
41.180147000 0.475710900 0.761798323 31.187572123 0.007336545 0.082397165 0.068096060 0.994243335
41.279863000 0.448401229 0.775622547 31.234439148 0.013088837 0.083217613 0.060786394 0.994589627
41.379951000 0.419032649 0.780750243 31.314340454 0.010207227 0.084440180 0.061891773 0.994452149
41.480029000 0.409445886 0.806060129 31.385543850 0.007460732 0.081978475 0.061712041 0.994693667
41.580036000 0.393893685 0.801258871 31.496088217 0.017203490 0.082445118 0.065484060 0.994293056
41.680196000 0.404657301 0.794650306 31.557168726 0.014799459 0.080543901 0.062225398 0.994696766
41.780514000 0.376089844 0.847265445 31.657604148 0.016567717 0.082406823 0.070350798 0.993974543
41.880286000 0.369330494 0.845549110 31.733127280 0.024636757 0.083470479 0.071701872 0.993621936
41.980153000 0.360894719 0.843626023 31.811946682 0.017157974 0.085590078 0.069506105 0.993754921
42.080074000 0.372950349 0.886741745 32.072685956 0.011475068 0.083449434 0.071479546 0.993878861
42.179649000 0.345560214 0.979865124 32.169929167 0.021264994 0.080712687 0.074369257 0.993731591
42.279316000 0.335131707 0.979759416 32.247571694 0.019446281 0.080289980 0.071732957 0.993996853
42.379324000 0.312791385 0.989287043 32.336658627 0.016224525 0.082578069 0.075063681 0.993621191
42.479096000 0.308118146 0.992588438 32.493205260 0.020016719 0.085253684 0.075739706 0.993274704
42.579109000 0.297538745 0.987956162 32.568164919 0.017178677 0.085983296 0.073548162 0.993429632
42.679472000 0.273467792 0.981365833 32.678766379 0.011060546 0.086002661 0.080163927 0.993002997
42.779550000 0.253252720 0.982270420 32.725458978 0.020558882 0.083599997 0.088044473 0.992389311
42.879681000 0.234643359 0.985471961 32.790187759 0.020042255 0.084763703 0.069456535 0.993775232
42.979998000 0.204034248 1.000365029 32.931152630 0.016707588 0.084455662 0.066291078 0.994079268
43.080359000 0.190396564 1.016227359 32.993726706 0.023186290 0.088207808 0.074272532 0.993058593
43.180502000 0.182383903 1.018638261 33.071150218 0.019819273 0.088457205 0.074297904 0.993107416
43.280862000 0.179514320 1.028506452 33.213294612 0.014560024 0.088105289 0.079424571 0.992832917
43.380912000 0.174968389 1.055878925 33.374172971 0.021819698 0.084314503 0.082230061 0.992800676
43.480870000 0.160339748 1.055284281 33.451028834 0.020525623 0.085814704 0.069852344 0.993647415
43.581035000 0.130000363 1.075359023 33.555062634 0.019431716 0.086502512 0.076027039 0.993156389
43.681241000 0.138148559 1.125965502 33.617938677 0.024059505 0.090242948 0.087792298 0.991750908
43.781291000 0.131131575 1.125773884 33.695544994 0.021158537 0.090602761 0.085955161 0.991945143
43.881268000 0.109544000 1.126392068 33.834413375 0.017082746 0.089665223 0.091854526 0.991580089
43.980589000 0.103242702 1.144716803 33.989665231 0.024681642 0.086771109 0.093018778 0.991569008
44.079981000 0.081728026 1.147248775 34.051289839 0.025046520 0.087222251 0.087320147 0.992038378
44.179724000 0.056718414 1.158291919 34.157609618 0.021862455 0.087689085 0.082825256 0.992457875
44.279603000 0.039352851 1.191067572 34.273738459 0.028781058 0.089877797 0.096436461 0.990855005
44.379474000 0.034387473 1.193359095 34.305472430 0.025696538 0.090480990 0.097916118 0.990739780
44.479658000 0.022152213 1.200556523 34.438585668 0.017552930 0.091475964 0.101382637 0.990477462
44.579725000 0.011300185 1.237308165 34.562810043 0.024010445 0.086649452 0.098915996 0.991025225
44.679689000 0.010336069 1.220662471 34.685198497 0.023969481 0.088518969 0.095415277 0.991204208
44.779692000 -0.000002583 1.264549811 34.790622630 0.019573574 0.086735359 0.092551690 0.991729821
44.879925000 -0.016258159 1.285942314 34.920052103 0.024766066 0.092329968 0.104088778 0.989963305
44.980087000 -0.021378566 1.281240172 34.964649210 0.024429731 0.091684683 0.101012019 0.990350281
45.080804000 -0.045957671 1.289712938 35.104681218 0.018847870 0.092594462 0.104254047 0.990051573
45.181002000 -0.070805270 1.313387804 35.207499365 0.027694578 0.088729913 0.105041445 0.990114290
45.280904000 -0.092000463 1.314010049 35.312048670 0.028450319 0.090812728 0.105338971 0.989872380
45.380732000 -0.106174233 1.326403879 35.428423618 0.024139194 0.089355807 0.100034459 0.990669443
45.480487000 -0.145841961 1.340770580 35.575153069 0.029514097 0.092882621 0.108455072 0.989312506
45.580040000 -0.156640744 1.341833013 35.669939133 0.027946829 0.092278904 0.106458539 0.989631324
45.680375000 -0.169908421 1.344772836 35.795735368 0.020512864 0.094365761 0.109085702 0.989330397
45.780557000 -0.190611796 1.344962492 35.902629728 0.022774399 0.090529921 0.109453314 0.989598723
45.880566000 -0.212004259 1.352641886 36.008727708 0.029992720 0.091727632 0.117730225 0.988345118
45.980566000 -0.230571060 1.361547195 36.129214595 0.027389714 0.090195776 0.110186175 0.989430913
46.080771000 -0.253700741 1.385789059 36.305781529 0.033096354 0.093152212 0.120527586 0.987775479
46.180519000 -0.271760440 1.377563982 36.412626635 0.033499274 0.093407690 0.114919613 0.988405931
46.280451000 -0.283496744 1.384070044 36.523798285 0.024898892 0.096461459 0.117104994 0.988110142
46.380131000 -0.301896679 1.408980166 36.679745840 0.024187553 0.091220906 0.110927289 0.989337579
46.479969000 -0.329407980 1.407053108 36.802093979 0.033301579 0.091648342 0.117862652 0.988230733
46.579927000 -0.347582887 1.400254003 36.869642051 0.031117594 0.090232240 0.115019773 0.988767056
46.680243000 -0.366400747 1.454255512 37.020337022 0.028145723 0.095676567 0.127742439 0.986780463
46.780220000 -0.370957495 1.456912154 37.066321380 0.031217713 0.095526591 0.126892946 0.986812193
46.880385000 -0.385904022 1.463462758 37.179751365 0.024847261 0.097322202 0.130325144 0.986370295
46.980304000 -0.399728163 1.478229057 37.324250582 0.019865149 0.093657355 0.128013069 0.987140481
47.080268000 -0.419378985 1.479051692 37.441747792 0.029596388 0.093967439 0.132523641 0.986271595
47.180303000 -0.434434969 1.486188318 37.521679320 0.027446363 0.091963027 0.126314335 0.987336917
47.280601000 -0.439123112 1.553152487 37.621688413 0.027561063 0.096250426 0.135519063 0.985703214
47.380475000 -0.445897321 1.553050727 37.662335725 0.030428574 0.095728035 0.135940398 0.985611715
47.480642000 -0.456899517 1.558375495 37.768119580 0.025848988 0.098278135 0.136980622 0.985347425
47.580405000 -0.468382998 1.574580794 37.917565094 0.025040337 0.094073217 0.128666967 0.986898183
47.680036000 -0.485437676 1.580969478 38.009580428 0.033231245 0.093758212 0.138256750 0.985388326
47.779790000 -0.502389753 1.587523998 38.096405161 0.029811729 0.092367084 0.131879911 0.986502545
47.879796000 -0.515930320 1.636024222 38.220301107 0.027129441 0.097600291 0.139458907 0.985032685
47.979408000 -0.521648905 1.636085849 38.259854153 0.029755938 0.097465417 0.139322167 0.984989548
48.079622000 -0.537737039 1.640928708 38.370859426 0.023414710 0.099704576 0.141222529 0.984665906
48.179621000 -0.553263745 1.663844457 38.522611056 0.019326891 0.096129160 0.135051203 0.985975065
48.279662000 -0.575278973 1.667877489 38.626492009 0.029648728 0.095559377 0.142310620 0.984752276
48.379996000 -0.592360981 1.675885366 38.722118026 0.026141675 0.093721570 0.136216301 0.985889446
48.480554000 -0.633355387 1.700519774 38.868883395 0.027944172 0.097388042 0.145264092 0.984191565
48.580624000 -0.642002776 1.698561668 38.914732818 0.033191048 0.097729181 0.142555390 0.984390838
48.680756000 -0.658665688 1.699572936 39.037203914 0.024399654 0.099729388 0.139569047 0.984875214
48.780568000 -0.655028348 1.752246695 39.155551110 0.019274523 0.096085566 0.141863230 0.985023289
48.880302000 -0.677080926 1.762785115 39.264279644 0.029614102 0.095331770 0.143874543 0.984548107
48.980111000 -0.688909615 1.741388396 39.353220594 0.025529239 0.094334264 0.135467551 0.985950226
49.080299000 -0.727840339 1.763344005 39.495395404 0.021187009 0.097932622 0.143830583 0.984516671
49.179986000 -0.732300961 1.766306451 39.547658235 0.026600227 0.098617271 0.143109612 0.984422013
49.280007000 -0.742451674 1.770054926 39.635193024 0.021445568 0.100813761 0.144366473 0.984141755
49.379983000 -0.745395084 1.810193208 39.787004048 0.016142326 0.097669385 0.146390361 0.984261133
49.479981000 -0.774907724 1.821366206 39.921427982 0.027015292 0.096845139 0.147578197 0.983926760
49.580359000 -0.790391041 1.826268992 39.999610782 0.025587849 0.095397105 0.141669710 0.984974288
49.680962000 -0.832169179 1.859120845 40.164669864 0.023771620 0.098906268 0.149904249 0.983453698
49.780921000 -0.838431819 1.862309936 40.223776484 0.030379706 0.099540874 0.148766092 0.983380566
49.881062000 -0.852259404 1.862054674 40.298736455 0.024878826 0.102571569 0.144674639 0.983834013
49.981003000 -0.864283712 1.868345882 40.412919240 0.021776313 0.099959006 0.152582196 0.982981517
50.081053000 -0.898963114 1.860032134 40.509107123 0.030622057 0.097251218 0.159651093 0.981894097
50.181167000 -0.915195362 1.854127616 40.569155714 0.030285438 0.097602969 0.162400843 0.981418575
50.281432000 -0.940614743 1.889341838 40.699739852 0.027987723 0.100253537 0.170233357 0.979891075
50.381245000 -0.945309435 1.917874344 40.780522106 0.030459649 0.102097442 0.175103443 0.978768158
50.480877000 -0.963568257 1.920849900 40.862218629 0.025795642 0.103161157 0.167733173 0.980080580
50.580400000 -0.982048489 1.928765767 40.998487943 0.020597483 0.101745815 0.171384761 0.979719754
50.679891000 -0.999057182 1.950060719 41.132874740 0.030562858 0.098479597 0.172155198 0.979658241
50.779677000 -1.007313983 1.951821032 41.177629189 0.028620818 0.099581945 0.168532140 0.980235279
50.879856000 -1.044455832 1.971225221 41.297737825 0.024595088 0.102102837 0.173477394 0.979221980
50.980016000 -1.061925157 1.984461965 41.374005060 0.030759340 0.104286928 0.178184399 0.977971584
51.080355000 -1.078948333 1.986567011 41.479719353 0.027219334 0.105230219 0.172404681 0.979010896
51.180528000 -1.100900065 1.993020408 41.631038843 0.023590973 0.103972495 0.173953899 0.978965386
51.280463000 -1.124116443 2.010687702 41.765133394 0.027978299 0.101603102 0.171175227 0.979588213
51.380598000 -1.140240888 2.016067969 41.832917999 0.029157767 0.100592808 0.174635539 0.979047159
51.481294000 -1.161615624 2.033735256 41.921111882 0.034200828 0.102567266 0.165446745 0.980274265
51.581647000 -1.178237127 2.037519824 41.957007361 0.034437979 0.106589933 0.159652960 0.980797402
51.681732000 -1.186936791 2.045656843 42.006722888 0.033371455 0.105067908 0.171262581 0.979038410
51.782013000 -1.202590923 2.030023560 42.049839884 0.034568156 0.105658996 0.178399219 0.977657884
51.881698000 -1.203370191 2.055497097 42.239062333 0.042134534 0.103222065 0.158034608 0.981119233
51.981474000 -1.202788943 2.062324291 42.292317377 0.039543106 0.101186537 0.153663037 0.982133035
52.081551000 -1.214860450 2.075528415 42.382598375 0.033738910 0.103211424 0.157747853 0.981491061
52.181212000 -1.229718112 2.080985844 42.450732253 0.034786722 0.103759795 0.160037247 0.981025927
52.280773000 -1.243766738 2.081705139 42.554725548 0.036825831 0.103304770 0.152567189 0.982189002
52.380575000 -1.236984942 2.096182273 42.648879541 0.032906952 0.104327763 0.155995847 0.981681285
52.480189000 -1.255073280 2.111746509 42.781281937 0.035163523 0.101124558 0.157051254 0.981769960
52.579682000 -1.263172195 2.109204088 42.811747975 0.036040633 0.101515888 0.156525968 0.981781655
52.679302000 -1.291450471 2.126011841 42.935868830 0.030266377 0.100691275 0.151745390 0.982811554
52.779192000 -1.338618099 2.128851851 43.050600039 0.032183554 0.105353380 0.156478057 0.981518977
52.878983000 -1.345214817 2.127348957 43.095367761 0.029158869 0.105443746 0.155572460 0.981747720
52.979610000 -1.383458689 2.153944734 43.239022226 0.032835786 0.101781853 0.153733487 0.982307630
53.080402000 -1.396400765 2.149440823 43.281317206 0.027920484 0.100928401 0.166028905 0.980544903
53.180677000 -1.410363617 2.153926343 43.358395367 0.033849150 0.101100782 0.153560021 0.982370697
53.280781000 -1.419721461 2.145967334 43.355268108 0.037395629 0.108953041 0.138865205 0.983588967
53.380562000 -1.446595364 2.149438386 43.409367611 0.035171942 0.099372841 0.143332331 0.984044621
53.480647000 -1.477688049 2.172705647 43.551283875 0.034966504 0.101194651 0.166294153 0.980246520
53.580045000 -1.513033532 2.180448310 43.632804381 0.036934746 0.102931308 0.158909457 0.981217996
53.679875000 -1.544318011 2.198031195 43.721522287 0.033576509 0.104177063 0.152043509 0.982294522
53.779869000 -1.569858938 2.208736415 43.788962218 0.032600592 0.103355744 0.155655262 0.981848375
53.879824000 -1.584133217 2.222695439 43.859594815 0.038770701 0.102167001 0.156834807 0.981560788
53.979997000 -1.603763848 2.231461441 43.935339704 0.036270002 0.101111616 0.150673557 0.982730079
54.080292000 -1.635154627 2.240901761 44.019239602 0.037097637 0.103524616 0.151858613 0.982265433
54.180103000 -1.649718495 2.245479165 44.073795221 0.043057682 0.102940844 0.145996384 0.982972164
54.280539000 -1.666219562 2.245359330 44.192902416 0.035316707 0.105531663 0.146197298 0.982976169
54.380939000 -1.670449902 2.247927498 44.316702136 0.032049653 0.101811219 0.138728275 0.984561710
54.481309000 -1.669717902 2.244052573 44.375940764 0.037840227 0.100975783 0.138200293 0.984516474
54.581579000 -1.680659549 2.248239780 44.454535309 0.031329567 0.099988257 0.137364072 0.984962902
54.681810000 -1.707245457 2.264272095 44.559728067 0.025794538 0.102876782 0.139336211 0.984548846
54.781486000 -1.714117270 2.254601912 44.598100598 0.029805767 0.102713005 0.139482491 0.984431963
54.881237000 -1.724990302 2.262254973 44.703248422 0.023110762 0.106089612 0.140806551 0.984065243
54.980752000 -1.728153726 2.276669334 44.833914398 0.019970984 0.101979653 0.139642856 0.984734067
55.080449000 -1.747643133 2.288277475 44.953872286 0.030293939 0.100988904 0.144659761 0.983848094
55.180263000 -1.763337442 2.313190625 45.035699112 0.027707456 0.099589798 0.136582470 0.985220482
55.280490000 -1.798266342 2.336435295 45.151706539 0.024052314 0.102466521 0.141690550 0.984299693
55.380518000 -1.804298034 2.330417917 45.191277085 0.029977635 0.102184658 0.138953987 0.984556462
55.480827000 -1.809442847 2.345450660 45.297915641 0.025258080 0.104644488 0.142285370 0.983954488
55.580904000 -1.821072923 2.357893957 45.420298054 0.022358356 0.101002228 0.147254284 0.983674148
55.680928000 -1.844120089 2.375787967 45.558430067 0.033278622 0.101128018 0.147781173 0.983273300
55.780968000 -1.873244164 2.392393692 45.646884051 0.031056981 0.106492431 0.142359949 0.983579418
55.880904000 -1.933327381 2.448092672 45.838746042 0.029000108 0.128824117 0.166948260 0.977083220
55.980194000 -1.976332181 2.465708760 45.966702895 0.038252524 0.154794976 0.171315232 0.972227520
56.079770000 -2.031764715 2.462649036 46.048617045 0.034354576 0.184989691 0.176909033 0.966075448
56.179480000 -2.077637654 2.488155073 46.165233986 0.033308153 0.206430245 0.185076796 0.960220652
56.279684000 -2.141941024 2.507457081 46.252737687 0.044826820 0.221741641 0.171175397 0.958916151
56.380431000 -2.148617336 2.501672391 46.277498983 0.044950673 0.233450885 0.145453582 0.960376685
56.481274000 -2.172279333 2.509655678 46.327664554 0.042582745 0.232845146 0.141161445 0.961271707
56.581972000 -2.236219531 2.526221079 46.378441866 0.054687267 0.233613353 0.164521001 0.956748109
56.682051000 -2.266420195 2.527391718 46.406180133 0.044683369 0.232176072 0.163560054 0.957781696
56.782185000 -2.302326771 2.536007411 46.460704066 0.040739439 0.236138305 0.155628522 0.958310368
56.881736000 -2.327922482 2.553603277 46.517912500 0.046703277 0.234928074 0.151307360 0.959027469
56.981378000 -2.372153147 2.573014884 46.613832585 0.051842922 0.233055190 0.155051658 0.958622227
57.081358000 -2.414359932 2.594605619 46.721245929 0.046747851 0.232782686 0.145781099 0.960403421
57.181026000 -2.476989458 2.606680400 46.848756363 0.048374388 0.235612173 0.143799828 0.959931472
57.280392000 -2.485343917 2.598539813 46.871014474 0.046042894 0.235044053 0.143260535 0.960265986
57.380500000 -2.527706734 2.617254105 46.988242114 0.036550165 0.237982997 0.146640458 0.959439813
57.480464000 -2.567136744 2.642055607 47.115670847 0.046681139 0.233067900 0.130997902 0.962465467
57.580350000 -2.591051869 2.636733427 47.152139475 0.050205673 0.233388680 0.140520332 0.960865834
57.680245000 -2.657128105 2.659343035 47.256834619 0.045085556 0.240987663 0.137126516 0.959733587
57.779983000 -2.744506119 2.713491360 47.394268283 0.038173446 0.262697899 0.166246295 0.949681405
57.879491000 -2.822698060 2.737983019 47.498252568 0.047423712 0.290766807 0.169340353 0.940494285
57.979277000 -2.910711842 2.753817837 47.572537439 0.039688052 0.330783839 0.176366702 0.926229829
58.079041000 -2.970255813 2.769731484 47.639458529 0.040282907 0.356995262 0.176491036 0.916396521
58.178850000 -3.036133716 2.792691250 47.687690646 0.052156117 0.386969229 0.176427521 0.903552924
58.279461000 -3.099882479 2.805751134 47.751466181 0.056190500 0.404598738 0.151611234 0.900086953
58.380661000 -3.282426729 2.809794759 47.780836508 0.054826564 0.422104467 0.154913387 0.891528861
58.480991000 -3.362665569 2.806480074 47.798021566 0.062679662 0.456173513 0.143245730 0.876046601
58.581148000 -3.466620856 2.822442324 47.849797890 0.058584644 0.486276968 0.123550893 0.863039818
58.681457000 -3.581219517 2.859560896 47.901488392 0.061657486 0.499382806 0.111712480 0.856933772
58.781721000 -3.702943899 2.901456327 47.969083554 0.072762025 0.506023720 0.107957981 0.852637530
58.881851000 -3.788788252 2.917681276 48.013671987 0.075478102 0.509163989 0.091732428 0.852431962
58.981881000 -3.924916346 2.971626938 48.089154345 0.078763563 0.507933307 0.083790810 0.853685631
59.081576000 -3.986716740 2.990652079 48.125621201 0.084650637 0.508664764 0.084698011 0.852596431
59.181255000 -4.038044843 3.001245189 48.160086054 0.077803858 0.511325742 0.084709849 0.851655322
59.280883000 -4.119775672 3.023696870 48.227395995 0.074145725 0.510745920 0.087464795 0.852051012
59.380473000 -4.209061106 3.052083670 48.294853033 0.081662770 0.508404680 0.088765627 0.852629191
59.480277000 -4.276308818 3.071104261 48.338483767 0.082132969 0.507345547 0.084860922 0.853611911
59.580299000 -4.364095065 3.104628187 48.388835022 0.079510138 0.508036627 0.081863659 0.853741919
59.680078000 -4.443815463 3.125890246 48.439268672 0.085335067 0.508584720 0.085079860 0.852537932
59.780076000 -4.535272678 3.148548243 48.498759403 0.087313642 0.509188181 0.079300761 0.852534523
59.880270000 -4.617895100 3.171334810 48.559400110 0.085026413 0.508699538 0.082791681 0.852725528
59.980258000 -4.723854735 3.217419463 48.631834969 0.098253069 0.503330468 0.084595053 0.854311683
60.080387000 -4.795615374 3.235239113 48.673569696 0.097179102 0.504595300 0.082984141 0.853846261
60.180498000 -4.916424193 3.274679505 48.735602632 0.092879326 0.504987825 0.080716171 0.854310030
60.280397000 -5.043840487 3.317764041 48.805763574 0.096841679 0.507104270 0.089318759 0.851756484
60.380018000 -5.151646145 3.331201290 48.867807374 0.093380452 0.506815050 0.084504832 0.852805681
60.479754000 -5.246417116 3.361301138 48.926699239 0.088399538 0.508874230 0.082518288 0.852304682
60.579341000 -5.281706403 3.383152013 48.941382726 0.095727432 0.506680736 0.083918725 0.852683141
60.679158000 -5.398071554 3.415237988 48.997799400 0.093579537 0.507927564 0.097126774 0.850775440
60.779679000 -5.493086849 3.443957620 49.032207447 0.098423711 0.507190852 0.088646188 0.851593839
60.880371000 -5.561998748 3.470888171 49.043572792 0.103082946 0.509352140 0.086591393 0.849962490
60.980826000 -5.634704884 3.514256997 49.070039731 0.091037502 0.508557499 0.099652920 0.850382701
61.082054000 -5.698048938 3.532270716 49.094991656 0.084726090 0.512044669 0.104283533 0.848384754
61.182624000 -5.727613884 3.553752686 49.143087435 0.085959477 0.511912872 0.112985488 0.847225152
61.282832000 -5.724284463 3.552484081 49.187512688 0.089000865 0.506521571 0.110590479 0.850461339
61.382814000 -5.724516118 3.630931340 49.229057001 0.095918228 0.508587148 0.097643670 0.850061480
61.482741000 -5.695729295 3.551994289 49.240108843 0.098838952 0.508527523 0.096314049 0.849914245
61.582499000 -5.681773843 3.567224911 49.249067621 0.099737060 0.507825583 0.095081324 0.850367707
61.681935000 -5.687205247 3.571764877 49.250634035 0.100734331 0.507827204 0.096946170 0.850038567
61.781240000 -5.680894955 3.572604305 49.248789975 0.102019423 0.508142097 0.094421729 0.849981284
61.880569000 -5.668358634 3.578794299 49.248611619 0.102641691 0.509148693 0.097574404 0.848947305
61.979936000 -5.676626815 3.585692219 49.253865417 0.114148520 0.509254143 0.099140810 0.847231629
62.079775000 -5.726095436 3.611180087 49.275404556 0.116163923 0.513569693 0.102733755 0.843918177
62.180400000 -5.731868801 3.618534760 49.267011741 0.108743987 0.509915686 0.101540229 0.847260480
62.281386000 -5.748635699 3.620627893 49.250100245 0.108880347 0.509378098 0.098876752 0.847881130
62.381512000 -5.762681582 3.628842717 49.220293445 0.111823072 0.511401775 0.098059731 0.846373507
62.480992000 -5.782848105 3.640573140 49.213342591 0.104818080 0.512227501 0.106917480 0.845697824
62.580613000 -5.805157681 3.627909577 49.218878039 0.102870363 0.511701779 0.107297429 0.846206972
62.680099000 -5.796251977 3.616381640 49.228410617 0.104773145 0.511775477 0.106489015 0.846031051
62.779419000 -5.794169624 3.613520398 49.229797485 0.107019607 0.511217764 0.107518976 0.845956779
62.878935000 -5.853271755 3.608857217 49.238085927 0.107667459 0.510149975 0.106411649 0.846658894
62.978874000 -5.852070920 3.608952472 49.237884797 0.109110778 0.510699618 0.107092074 0.846056751
63.078768000 -5.835225434 3.578033631 49.244949421 0.110035723 0.508626439 0.106920862 0.847206713
63.178569000 -5.836091984 3.570002089 49.247305709 0.110878496 0.507190849 0.105806056 0.848096976
63.278474000 -5.794265152 3.565337982 49.249900956 0.110999116 0.508893261 0.104703053 0.847197802
63.378312000 -5.785906939 3.570129972 49.250290393 0.111218966 0.508047163 0.104557617 0.847694595
63.478113000 -5.788760145 3.575450783 49.250824861 0.112255590 0.508500728 0.105140282 0.847213794
63.577781000 -5.787518895 3.578725762 49.251571074 0.113255499 0.508182226 0.106052674 0.847158101
63.677453000 -5.792591397 3.581054745 49.252212828 0.113703214 0.508326340 0.106771400 0.846921354
63.777133000 -5.786895796 3.578684493 49.254560869 0.113964997 0.508422281 0.107159671 0.846779527
63.876897000 -5.768453675 3.577067058 49.251894706 0.113941617 0.508316718 0.107348839 0.846822088
63.976762000 -5.770679056 3.577888416 49.259174299 0.114036826 0.508559673 0.107520559 0.846641595
64.076834000 -5.664697931 3.562757851 49.265288261 0.114019701 0.508400882 0.107618991 0.846726759
64.176927000 -5.671570981 3.561194021 49.265425914 0.113974350 0.508464426 0.107622030 0.846694321
64.277092000 -5.694806510 3.570272853 49.284668233 0.113976225 0.508466368 0.107593127 0.846696576
64.377299000 -5.767706212 3.592596458 49.314129066 0.113946525 0.508477710 0.107561611 0.846697767
64.477487000 -5.732095120 3.578437424 49.329134304 0.113965028 0.508462458 0.107579606 0.846702149
64.577639000 -5.628412564 3.549860090 49.315738724 0.113965044 0.508545829 0.107588717 0.846650918
64.677722000 -5.468675243 3.545214719 49.292615573 0.113976770 0.508525842 0.107591586 0.846660980
64.777760000 -5.503827355 3.583483928 49.313062460 0.113975280 0.508568986 0.107557412 0.846639607
64.877779000 -5.466847445 3.584625701 49.350277028 0.114091200 0.508583314 0.107542815 0.846617242
64.977778000 -5.469789992 3.586464254 49.350185839 0.114463232 0.509032243 0.107783443 0.846266550
65.077847000 -5.471047653 3.589327675 49.350080193 0.115076320 0.508805731 0.108312376 0.846252089
65.177847000 -5.471983458 3.587609082 49.350377958 0.114720084 0.509069241 0.107097938 0.846296545
65.277840000 -5.491670105 3.596485407 49.333846073 0.113528446 0.518036566 0.103797883 0.841412745
65.377552000 -5.501127299 3.595482145 49.308811706 0.115116961 0.544542430 0.097452304 0.825060407
65.476966000 -5.490350103 3.591481785 49.302771987 0.113177986 0.558229564 0.099047321 0.815941251
65.577273000 -5.486526333 3.580891711 49.299112675 0.110860134 0.566465903 0.094686820 0.811086196
65.677795000 -5.488510798 3.593227630 49.294351804 0.110730975 0.569775167 0.091829534 0.809112011
65.778625000 -5.466380460 3.585172151 49.298520299 0.109743765 0.569276838 0.090550231 0.809741220
65.879436000 -5.458909184 3.579053491 49.308337071 0.111075875 0.569364805 0.089921359 0.809567797
65.979724000 -5.489430691 3.579130406 49.307518295 0.112536172 0.576959154 0.085692902 0.804431769
66.079590000 -5.501601791 3.583190603 49.288036200 0.113248303 0.592878993 0.088062500 0.792410447
66.179277000 -5.511952630 3.571357537 49.260233725 0.113509156 0.615886102 0.089311466 0.774482694
66.278809000 -5.498735840 3.575123958 49.226858764 0.115610174 0.645045009 0.079841519 0.751116873
66.378407000 -5.486512279 3.556811160 49.185616157 0.120222167 0.675539094 0.074010035 0.723682304
66.478454000 -5.543105788 3.569267701 49.142656278 0.121372103 0.710964717 0.064418889 0.689672524
66.578599000 -5.587231063 3.589941618 49.110232283 0.123165981 0.749385493 0.053948467 0.648337170
66.678896000 -5.619087462 3.602315743 49.091960276 0.122799453 0.776618630 0.048620495 0.615970653
66.779429000 -5.643166751 3.621713652 49.073246202 0.125853383 0.797106235 0.046168436 0.588770797
66.879929000 -5.643407331 3.627558285 49.063296773 0.129725167 0.812181670 0.041118963 0.567310802
66.980323000 -5.654618319 3.632724312 49.063405427 0.130010902 0.820490817 0.039840813 0.555251919
67.080600000 -5.663469816 3.639154964 49.064829905 0.131845098 0.822592844 0.039582258 0.551716528
67.180423000 -5.671533960 3.639203577 49.065595570 0.131962178 0.823023677 0.039177755 0.551074509
67.280021000 -5.709943061 3.642512563 49.066492411 0.131342936 0.822876740 0.039962046 0.551385473
67.379388000 -5.729115223 3.655259632 49.056758092 0.129127579 0.823304153 0.039627920 0.551294810
67.478714000 -5.747052253 3.662109505 49.051119961 0.142733821 0.820815613 0.032211136 0.552133343
67.578294000 -5.774588830 3.669971320 49.035828085 0.134591978 0.822463683 0.034617331 0.551579667
67.678227000 -5.810851920 3.684106695 49.029355957 0.133150680 0.822871799 0.033166126 0.551409926
67.778371000 -5.871998545 3.702375308 49.034607874 0.135761145 0.821166136 0.034566261 0.553227135
67.878705000 -5.966795472 3.720810819 49.047788812 0.151590568 0.810299284 0.030014970 0.565273802
67.979213000 -6.073251596 3.746538976 49.068676175 0.158623396 0.794190035 0.019971436 0.586260990
68.079699000 -6.206128763 3.803623875 49.097348597 0.174391906 0.770787255 0.013363202 0.612613986
68.179871000 -6.322429617 3.825617348 49.123658504 0.173631168 0.747219084 0.022501114 0.641100271
68.280186000 -6.416131199 3.851542972 49.135516431 0.168074906 0.730567021 0.024344510 0.661384910
68.380119000 -6.533573706 3.888366551 49.141984420 0.145885393 0.725325085 0.039241557 0.671625695
68.479735000 -6.575234787 3.921153958 49.145744698 0.139438003 0.722844745 0.046892930 0.675169290
68.579710000 -6.661583410 3.940816596 49.157643869 0.133739530 0.722262891 0.044087470 0.677130969
68.679785000 -6.672674537 3.959563974 49.154975050 0.114764729 0.727242531 0.062830527 0.673794986
68.779789000 -6.904533550 4.004591301 49.207012658 0.131776077 0.721234125 0.052959766 0.677976154
68.880252000 -6.944023016 4.026593743 49.220978072 0.136526430 0.719978270 0.051416497 0.678489623
68.980633000 -6.961458243 4.032508261 49.214417346 0.138633408 0.718987547 0.053444615 0.678956080
69.080900000 -6.973372711 4.020638858 49.201630741 0.139455396 0.720322788 0.055875191 0.677174451
69.180908000 -7.049179952 4.054676166 49.216236719 0.136579302 0.720371773 0.058579148 0.677479952
69.281101000 -7.056168092 4.058851695 49.201465372 0.133504478 0.720209675 0.061646004 0.677992882
69.381014000 -7.114467739 4.076807172 49.169694916 0.136686917 0.720192524 0.057979992 0.677700328
69.480510000 -7.148150961 4.092601221 49.120151480 0.130717528 0.723355360 0.071977238 0.674158162
69.579865000 -7.175728234 4.102318349 49.092367394 0.133359089 0.722605661 0.079296827 0.673623356
69.679560000 -7.171418488 4.086065482 49.080476011 0.139107311 0.721951413 0.073193468 0.673853121
69.779358000 -7.213896530 4.093960260 49.053795325 0.137593435 0.721905878 0.070724484 0.674476091
69.879420000 -7.221004492 4.099448107 49.040285488 0.127651480 0.722890538 0.076802974 0.674711548
69.979837000 -7.227653303 4.102073803 49.025465917 0.129794429 0.723074471 0.074978277 0.674310740
70.080260000 -7.253971102 4.099292002 48.998099477 0.143336067 0.720168160 0.055630973 0.676548438
70.180377000 -7.276894479 4.099641398 48.971387097 0.138622865 0.721658391 0.071385318 0.674460528
70.280431000 -7.299774603 4.094280847 48.961841718 0.134791491 0.722189884 0.075721838 0.674195245
70.380609000 -7.370336741 4.111033803 48.960853350 0.134671195 0.722049603 0.069127129 0.675077389
70.480495000 -7.435797901 4.134281201 48.973121220 0.147010108 0.716974232 0.065521767 0.678264606
70.580400000 -7.522155144 4.153771115 49.001612415 0.157249203 0.703878024 0.058853349 0.690191784
70.680543000 -7.614883287 4.179272710 49.026508696 0.157521667 0.691313097 0.050145727 0.703390739
70.780284000 -7.758008208 4.234955948 49.039146866 0.155538268 0.685345750 0.060850409 0.708806234
70.879823000 -7.777906812 4.233571075 49.039227836 0.152360891 0.685600378 0.064838769 0.708896477
70.979550000 -7.886776698 4.263751790 49.037545221 0.143051316 0.686758466 0.062104087 0.709959304
71.079528000 -7.978026857 4.292786018 49.033215675 0.132862891 0.690075272 0.072199556 0.707764647
71.179443000 -8.032949246 4.310271840 49.031621690 0.136408513 0.689404788 0.069581016 0.708005818
71.279809000 -8.107195734 4.323905895 49.022295392 0.137596121 0.689501823 0.064360978 0.708175266
71.379960000 -8.190140841 4.340970397 49.017647664 0.120388212 0.690079504 0.074683337 0.709731890
71.480411000 -8.338691011 4.414685696 49.020791836 0.141828631 0.691515292 0.073358656 0.704492547
71.581111000 -8.384629997 4.427410309 49.014073529 0.144800238 0.694167381 0.069838486 0.701631758
71.681753000 -8.503299214 4.447869138 48.975529170 0.130778480 0.704497232 0.086087145 0.692220804
71.781881000 -8.612171149 4.498828394 48.937065410 0.127209605 0.721794052 0.091251131 0.674169336
71.881528000 -8.739014968 4.538572267 48.933783337 0.132833736 0.732921236 0.084744022 0.661815768
71.981464000 -8.803363470 4.561499487 48.931151165 0.138971735 0.737814721 0.083189346 0.655283013
72.081323000 -8.835931298 4.580633628 48.933402164 0.144719047 0.738782590 0.076900021 0.653714822
72.180850000 -8.842819627 4.582245128 48.934729095 0.146281451 0.738575584 0.076743195 0.653619404
72.280504000 -8.855661622 4.592045771 48.935297751 0.144328928 0.738525832 0.076905452 0.654090442
72.380101000 -8.865221072 4.599054904 48.937041151 0.143756940 0.738874408 0.076794530 0.653835722
72.479683000 -8.874488048 4.594754099 48.929303515 0.143971442 0.737487037 0.079019834 0.655088514
72.579457000 -8.883159566 4.598219553 48.926456119 0.142807039 0.738618767 0.079141986 0.654052760
72.679152000 -8.878485052 4.604739793 48.925206229 0.143070837 0.737705873 0.078842058 0.655060845
72.778810000 -8.873838146 4.606698658 48.925987985 0.144925011 0.737803540 0.078629943 0.654568568
72.878259000 -8.871393902 4.610650359 48.927956321 0.146965138 0.737265992 0.078180937 0.654773125
72.977696000 -8.867495383 4.613796347 48.929633783 0.149113852 0.737021024 0.077766817 0.654612398
73.077278000 -8.863301415 4.616280357 48.930833420 0.150843700 0.736872473 0.077512823 0.654413400
73.176898000 -8.864680502 4.617202643 48.932911238 0.151899945 0.736759580 0.077237939 0.654328686
73.276708000 -8.877962149 4.620036271 48.933115153 0.152476459 0.736865041 0.076669753 0.654142637
73.376663000 -8.874165171 4.607755973 48.930902925 0.152125656 0.737248486 0.077208483 0.653728770
73.476689000 -8.843830320 4.601842850 48.921873170 0.151491066 0.737622865 0.077971936 0.653363102
73.576752000 -8.854991401 4.613511606 48.912347739 0.150709518 0.737889178 0.078576544 0.653170674
73.676842000 -8.902799878 4.546114030 48.904220055 0.150543409 0.738147416 0.078713748 0.652900620
73.776930000 -8.884294934 4.538336496 48.898574329 0.150236059 0.738223532 0.078923289 0.652860060
73.877002000 -8.859743991 4.539118182 48.895654961 0.148989379 0.738729873 0.080093501 0.652430357
73.977038000 -8.870710421 4.552938352 48.914845238 0.149015161 0.738893525 0.080103759 0.652237862
74.077139000 -8.864088617 4.547528089 48.912310804 0.147857833 0.739239494 0.080997370 0.651998818
74.177102000 -8.865000677 4.545395309 48.912568397 0.146574657 0.739581002 0.080699977 0.651938130
74.277029000 -8.870750599 4.542451320 48.911995596 0.144488830 0.739997013 0.080977661 0.651897244
74.376948000 -8.879715203 4.540146495 48.911829687 0.143014161 0.740127328 0.079018496 0.652314775
74.476886000 -8.882955991 4.538320223 48.912260802 0.142345315 0.740216701 0.078712413 0.652396660
74.576866000 -8.894683681 4.537200123 48.910477725 0.141295620 0.740425262 0.078301749 0.652437595
74.676843000 -8.915165785 4.537491782 48.906689337 0.139785686 0.740938850 0.076670276 0.652373552
74.776844000 -8.968038845 4.547632152 48.908938352 0.138166783 0.740455453 0.081028950 0.652740355
74.877073000 -9.028618974 4.562566410 48.899896762 0.136791247 0.740623230 0.078630780 0.653132901
74.977381000 -9.118931858 4.601243040 48.880318803 0.133295446 0.745006498 0.080711176 0.648601070
75.077672000 -9.197263324 4.620568639 48.856447408 0.132410619 0.755795858 0.087278251 0.635312959
75.178071000 -9.283248677 4.621593260 48.828772461 0.117437159 0.773261281 0.084942218 0.617300838
75.278591000 -9.351065958 4.649642717 48.811704637 0.113867649 0.782896036 0.085796099 0.605596387
75.379380000 -9.463213322 4.681922010 48.784794926 0.128403094 0.786163510 0.082683422 0.598851429
75.480701000 -9.557517415 4.706283644 48.764222599 0.138251124 0.785435180 0.070270062 0.599199735
75.581990000 -9.683867791 4.751513030 48.714468301 0.147030302 0.784257350 0.061267928 0.599640509
75.682407000 -9.728566320 4.769827943 48.693965835 0.148254606 0.785192029 0.062794251 0.597955626
75.782521000 -9.819452965 4.792167506 48.676250540 0.143824078 0.787055291 0.059311853 0.596942801
75.882330000 -9.948738254 4.825124672 48.647388388 0.136177436 0.785998221 0.061018983 0.599949320
75.981908000 -10.068223089 4.860744337 48.623429555 0.142655201 0.784600203 0.064006447 0.599962657
76.081709000 -10.162267388 4.882786341 48.604320641 0.143219168 0.783619510 0.057573235 0.601759134
76.181611000 -10.301371802 4.925374333 48.555068964 0.137997835 0.785480875 0.051731881 0.601082527
76.281155000 -10.365121416 4.948198363 48.535652664 0.141374652 0.786446442 0.053176306 0.598905236
76.381006000 -10.452488552 4.964946149 48.514376225 0.135198046 0.788096548 0.048690989 0.598543655
76.480831000 -10.556666313 4.994425521 48.492589699 0.132185398 0.786955207 0.047472377 0.600811864
76.580596000 -10.695710223 5.032962852 48.457865989 0.139084638 0.786060948 0.053358608 0.599930420
76.680556000 -10.796295057 5.058793512 48.432851609 0.142144626 0.784577188 0.045698316 0.601785016
76.780679000 -10.898378399 5.077640264 48.380383692 0.135650707 0.790688895 0.046161388 0.595213477
76.880238000 -11.017434146 5.107744277 48.325123766 0.135553063 0.802731979 0.051890912 0.578406492
76.979891000 -11.048718663 5.009612068 48.331977586 0.127525975 0.815779922 0.051015009 0.561816441
77.079953000 -11.152727675 5.036215664 48.290426637 0.132090858 0.817737181 0.045229927 0.558401434
77.180237000 -11.232428846 5.057907354 48.256562991 0.148720312 0.815533191 0.039391947 0.557885434
77.280747000 -11.290757978 5.071440370 48.234136876 0.153540707 0.814397367 0.034537620 0.558560053
77.381356000 -11.393638154 5.084285165 48.174061272 0.160130074 0.813005955 0.027087831 0.559147500
77.481321000 -11.445744665 5.106527924 48.148485223 0.171048979 0.813197940 0.027527786 0.555601996
77.581167000 -11.523980244 5.128835595 48.119425862 0.165833036 0.814591905 0.027673803 0.555133852
77.680883000 -11.673509304 5.165894004 48.075977688 0.160037561 0.813757906 0.028347347 0.558016557
77.780445000 -11.783283430 5.203360008 48.043509207 0.166075256 0.811876017 0.029831488 0.558915401
77.880069000 -11.878353723 5.228476773 48.014095715 0.168481531 0.810191499 0.021647504 0.561012561
77.979988000 -12.000754501 5.246644347 47.950652736 0.164988174 0.811521479 0.016610101 0.560299827
78.079828000 -12.084005698 5.264980332 47.916184310 0.164800213 0.812694814 0.017274436 0.558631920
78.179971000 -12.201192741 5.276126136 47.873008893 0.160792659 0.813370077 0.010786837 0.558979860
78.280187000 -12.358912453 5.313839401 47.825896368 0.156630763 0.812727680 0.009527416 0.561114740
78.380148000 -12.478176219 5.346850282 47.786628110 0.162200394 0.810471564 0.015235615 0.562667532
78.480603000 -12.582802536 5.364371375 47.754537233 0.159781736 0.811448798 0.015531496 0.561942539
78.581877000 -12.715824446 5.397126123 47.701162287 0.155677719 0.810565166 0.010274409 0.564484718
78.682957000 -12.810225000 5.422557062 47.679077235 0.161890766 0.806095475 0.012148825 0.569081603
78.783555000 -12.945437570 5.450062323 47.664055810 0.170720464 0.793270497 0.004218864 0.584430186
78.883619000 -13.074309377 5.479808225 47.631899849 0.171758038 0.783199373 -0.001457004 0.597574930
78.982714000 -13.190312950 5.519490656 47.597201511 0.167095525 0.780932692 0.014430648 0.601676801
79.081661000 -13.265358968 5.540908546 47.575837472 0.163670859 0.780651320 0.012656591 0.603021706
79.180906000 -13.401461521 5.583487717 47.526735202 0.154264629 0.782456445 0.014966126 0.603108905
79.280459000 -13.536055071 5.630509887 47.479245642 0.150120556 0.785730868 0.025104163 0.599550333
79.380390000 -13.585645008 5.649980893 47.470674270 0.152803503 0.785573863 0.021687750 0.599211513
79.480731000 -13.677378328 5.671744108 47.453591469 0.152114417 0.785879465 0.021517068 0.598992225
79.580796000 -13.826554427 5.761543205 47.385216556 0.157093358 0.784145516 0.032383402 0.599490451
79.680794000 -13.923662322 5.789804342 47.368965831 0.160955457 0.783709883 0.029119103 0.599203002
79.780924000 -14.023540068 5.819769238 47.337149481 0.163164870 0.782837692 0.022578812 0.600027142
79.880947000 -14.091479864 5.833996432 47.320393228 0.168345990 0.783580874 0.024163278 0.597559015
79.980998000 -14.145002345 5.841003345 47.306849484 0.164389648 0.784150363 0.021530461 0.598013956
80.081424000 -14.269465278 5.875148280 47.279005777 0.156583905 0.784799357 0.020803666 0.599281785
80.181262000 -14.355764478 5.893301343 47.255205040 0.155785432 0.784890461 0.032617821 0.598843837
80.280776000 -14.445502332 5.916690796 47.234288021 0.159042858 0.784579471 0.029928562 0.598535466
80.380333000 -14.578664600 5.951318378 47.184854922 0.158701564 0.783868323 0.024184665 0.599816111
80.479882000 -14.652203397 5.971962337 47.162468802 0.155352488 0.786009399 0.030226040 0.597612931
80.579670000 -14.705975906 5.983774941 47.154537239 0.156386284 0.783558031 0.028465103 0.600641224
80.680483000 -14.844987569 6.018829652 47.145620592 0.157249324 0.772379343 0.021355133 0.615017690
80.781278000 -15.010733954 6.076999076 47.144770618 0.173181570 0.751778351 0.016353560 0.636058186
80.881977000 -15.142141606 6.105908316 47.137870130 0.182019604 0.732655506 0.011588366 0.655706095
80.982354000 -15.261692205 6.146155727 47.122150455 0.174914533 0.724227703 0.012987093 0.666881155
81.082082000 -15.359008251 6.182920693 47.095769818 0.160416348 0.726459273 0.033177905 0.667399990
81.181317000 -15.431751543 6.193311005 47.084099482 0.155632897 0.726962112 0.035308611 0.667875581
81.280948000 -15.570654677 6.247493606 47.071015936 0.142220967 0.730533189 0.041221710 0.666629752
81.380506000 -15.738362581 6.311519488 47.032078673 0.145544705 0.727976462 0.051764940 0.667972604
81.480266000 -15.798371507 6.320945996 47.044784916 0.145881878 0.728903246 0.055099464 0.666620271
81.580244000 -15.900662620 6.355309455 47.031167584 0.154039376 0.726145121 0.042320777 0.668725717
81.680373000 -16.018217390 6.395441884 46.989616156 0.146690743 0.730728368 0.057883059 0.664204358
81.780471000 -16.076360748 6.410892025 46.982910676 0.144579729 0.731018540 0.054762907 0.664612383
81.880891000 -16.176356668 6.441090643 46.985518305 0.138419429 0.732809133 0.055078047 0.663925632
81.980870000 -16.295455566 6.491724177 46.977225616 0.144514105 0.729201542 0.061118551 0.666067044
82.080860000 -16.395024603 6.526557805 46.975202766 0.149228064 0.730023720 0.059452406 0.664275368
82.180615000 -16.518556451 6.563988618 46.957536489 0.150404092 0.727924356 0.050370795 0.667058861
82.280430000 -16.621395859 6.594173241 46.937310225 0.153893409 0.730993992 0.049999815 0.662921278
82.380130000 -16.699081148 6.606259166 46.930216739 0.150269107 0.730524015 0.051733051 0.664136695
82.480681000 -16.821534027 6.642675124 46.924587975 0.139039701 0.733136860 0.052246703 0.663663008
82.580958000 -16.866328884 6.657447387 46.916456387 0.143395822 0.731858407 0.058035976 0.663666133
82.681019000 -16.931771821 6.659530903 46.911505946 0.144867655 0.732704698 0.061406316 0.662107584
82.781033000 -17.035421158 6.691761924 46.894821645 0.145200293 0.731320404 0.055023534 0.664123296
82.880888000 -17.147272963 6.733158385 46.865581968 0.137380629 0.735841163 0.063318857 0.660041716
82.980243000 -17.208389649 6.749035818 46.861864772 0.138771000 0.735034922 0.062421379 0.660734323
83.080277000 -17.328598849 6.787686507 46.848649522 0.133704245 0.736449408 0.059665292 0.660458551
83.180002000 -17.434218045 6.822022789 46.832609536 0.133116642 0.734278013 0.064341503 0.662552587
83.279785000 -17.506078589 6.841013592 46.818251958 0.135594948 0.735411274 0.070403423 0.660172422
83.379820000 -17.590227308 6.874271742 46.804855483 0.137382127 0.733591137 0.064417145 0.662435376
83.480008000 -17.694884928 6.907938780 46.778373992 0.141141166 0.736386928 0.066397509 0.658334895
83.579819000 -17.770406004 6.948957359 46.755777160 0.132167616 0.736845917 0.071005958 0.659202526
83.680161000 -17.808615731 6.969512604 46.772105024 0.134242117 0.735407714 0.078617200 0.659525499
83.780504000 -17.866569504 7.002438286 46.783181733 0.147692139 0.738329664 0.073292676 0.653975934
83.880552000 -17.920343997 7.032589054 46.783360857 0.150029998 0.735434143 0.068522373 0.657215570
83.980927000 -17.961438376 7.048242704 46.776807642 0.149517607 0.735269157 0.065857074 0.657789174
84.080692000 -18.030822918 7.072137760 46.766888192 0.145452305 0.737161165 0.071847890 0.655953447
84.179994000 -18.090607303 7.089538662 46.768319516 0.151089988 0.736124383 0.066152202 0.656442377
84.279538000 -18.178505623 7.115882090 46.765991959 0.148175577 0.737290644 0.061919489 0.656210699
84.379197000 -18.272344031 7.147241645 46.755256654 0.143317760 0.737031830 0.065811776 0.657200815
84.479004000 -18.406786313 7.195729412 46.748968312 0.146294479 0.737316217 0.070974318 0.655686943
84.579124000 -18.500002588 7.217933298 46.735051500 0.143660600 0.735899198 0.065573403 0.658417901
84.679472000 -18.654688706 7.255086035 46.686478072 0.132587391 0.739697852 0.072598355 0.655741680
84.779437000 -18.694307975 7.254984359 46.676870898 0.138580046 0.739402318 0.073971971 0.654681549
84.879866000 -18.823910423 7.300226140 46.649038263 0.139211179 0.739929554 0.066122918 0.654791770
84.980207000 -18.977699045 7.354799004 46.622867781 0.137905483 0.737899256 0.063651855 0.657598059
85.080458000 -19.098099962 7.398715487 46.611007531 0.142194493 0.737537473 0.073168246 0.656098781
85.180517000 -19.142786713 7.420913923 46.624781205 0.143700023 0.735649265 0.067537485 0.658490053
85.280632000 -19.253306896 7.452985909 46.605593487 0.140746264 0.738806082 0.069934776 0.655335936
85.380168000 -19.338753091 7.468232172 46.595837282 0.142140212 0.739436025 0.071405797 0.654164916
85.479866000 -19.460782761 7.488126623 46.557346842 0.137018667 0.744972164 0.063201226 0.649806098
85.579184000 -19.615200499 7.543949507 46.533995125 0.121299131 0.757759397 0.070411658 0.637282838
85.678284000 -19.740868402 7.595257302 46.484528474 0.118754676 0.773830046 0.079625791 0.617044666
85.777747000 -19.872978645 7.617797726 46.433944124 0.116745775 0.793715113 0.073289964 0.592465463
85.877725000 -20.003047876 7.666844947 46.355900286 0.105304935 0.813948450 0.074718462 0.566406164
85.978121000 -20.131243258 7.718063158 46.292688308 0.110947410 0.825801809 0.070418970 0.548437065
86.079158000 -20.244297976 7.738935984 46.244239193 0.129870995 0.829291467 0.056518710 0.540568981
86.180237000 -20.382076660 7.786823671 46.190362051 0.138017443 0.828925196 0.044751212 0.540214341
86.281049000 -20.482031191 7.830557064 46.159604107 0.150899419 0.825170298 0.042020761 0.542731610
86.381398000 -20.567051590 7.851926233 46.130851597 0.155296423 0.824381877 0.035682406 0.543142991
86.481204000 -20.685289877 7.874771976 46.062785388 0.155007344 0.824145389 0.028574452 0.544004229
86.580627000 -20.602706906 7.838968623 46.046890297 0.162594589 0.824536027 0.030243488 0.541099501
86.680013000 -20.693881902 7.847565075 46.012676625 0.162736347 0.823784853 0.024125236 0.542506562
86.779662000 -20.793221559 7.871818320 45.983827522 0.156282886 0.824501339 0.024051376 0.543318261
86.879098000 -20.916267995 7.922832352 45.930836944 0.167551272 0.816791633 0.029559864 0.551275080
86.979141000 -20.986722517 7.945204557 45.912915367 0.181386733 0.811683089 0.017573209 0.554941978
87.079676000 -21.092543128 7.956273202 45.842116549 0.178927312 0.812357073 0.015611116 0.554812847
87.180031000 -21.152330935 7.962896341 45.813886571 0.169806522 0.816114379 0.025727102 0.551780012
87.280407000 -21.200235117 7.974396776 45.791588701 0.174632125 0.815179698 0.023282689 0.551764078
87.381013000 -21.332424619 8.011512551 45.745632739 0.168653899 0.816108789 0.025732167 0.552141433
87.481046000 -21.426228001 8.033074681 45.701301762 0.174606824 0.813500706 0.028520253 0.553999687
87.580911000 -21.486496588 8.031336600 45.680866852 0.174906296 0.814324752 0.029445245 0.552644519
87.681365000 -21.569532056 8.060886287 45.646764975 0.178556012 0.812545624 0.023658068 0.554371406
87.781749000 -21.646944238 8.080979361 45.613574650 0.179359151 0.814565196 0.028442553 0.550912750
87.881561000 -21.713015695 8.089551718 45.590182896 0.186888242 0.809877919 0.024870218 0.555474583
87.981719000 -21.818995613 8.129056856 45.552349278 0.188410765 0.807051599 0.019807244 0.559264493
88.081402000 -21.924869806 8.162949364 45.512356369 0.191520848 0.805724494 0.024065903 0.559954139
88.180801000 -22.131951456 8.228603829 45.474958557 0.188455340 0.810157915 0.033830413 0.554061586
88.280339000 -22.240934007 8.270189000 45.435991563 0.191505200 0.806001158 0.028303071 0.559362876
88.380396000 -22.379950078 8.313955857 45.353249860 0.177911571 0.810855562 0.046897929 0.555572961
88.480308000 -22.456881981 8.323786217 45.328525226 0.187756899 0.808938568 0.038482516 0.555774087
88.580642000 -22.564646717 8.369778048 45.296378173 0.187015069 0.807209992 0.032433248 0.558914552
88.680766000 -22.607110393 8.381518227 45.277931866 0.184868175 0.806801098 0.032353624 0.560222268
88.780430000 -22.701215920 8.407095596 45.228910247 0.190019871 0.808045344 0.041635728 0.556077006
88.880359000 -22.800979919 8.461013668 45.181436416 0.193863658 0.804810755 0.036559341 0.559785624
88.980616000 -22.916467495 8.496139383 45.094564524 0.183084878 0.808562157 0.041129033 0.557687698
89.080349000 -22.940676142 8.493090710 45.123250059 0.188724678 0.806796107 0.044983820 0.558067643
89.180215000 -23.048159467 8.530307994 45.106570263 0.192840909 0.797537421 0.037500136 0.570385997
89.280206000 -23.196536781 8.581798949 45.085305312 0.206367899 0.777877518 0.020020297 0.593226808
89.380107000 -23.330332792 8.630303830 45.069212025 0.220293059 0.758292482 0.022796330 0.613142566
89.480089000 -23.416546055 8.665339723 45.053044923 0.220559829 0.749527227 0.020935471 0.623798048
89.579811000 -23.576370091 8.737225831 44.990882449 0.196855002 0.751831398 0.039684448 0.628030892
89.679057000 -23.619107731 8.775132217 44.986502392 0.195622206 0.752390902 0.044274026 0.627438995
89.778493000 -23.753554215 8.779855521 44.966998490 0.189075817 0.753919303 0.043415148 0.627671207
89.878111000 -23.878061197 8.832515464 44.947632851 0.176337824 0.755611874 0.050170807 0.628839056
89.977868000 -23.970424386 8.864462030 44.923049817 0.182330741 0.757742813 0.058613904 0.623815470
90.078090000 -24.032935840 8.940698116 44.898576135 0.189393006 0.754307834 0.051383005 0.626506000
90.178694000 -24.163106918 8.998015709 44.853104692 0.181734052 0.756992389 0.057698657 0.624984897
90.278950000 -24.229700640 9.037330273 44.839351917 0.188052499 0.758538362 0.062137892 0.620801654
90.379395000 -24.276680933 9.055059311 44.826979192 0.186133891 0.759199802 0.062017062 0.620583370
90.479841000 -24.405786221 9.139752937 44.793943722 0.186641128 0.756272124 0.058292207 0.624355333
90.580132000 -24.488902534 9.207181404 44.766942550 0.191336748 0.754589658 0.065510446 0.624254017
90.680161000 -24.565500029 9.240836382 44.751933294 0.195071165 0.753795951 0.058558992 0.624747748
90.780255000 -24.624869013 9.339767496 44.690920523 0.190803272 0.755712341 0.056297516 0.623957979
90.880097000 -24.737690776 9.385355915 44.667735232 0.195347297 0.756379868 0.059459987 0.621444638
90.980107000 -24.802377750 9.392577075 44.646825271 0.193152276 0.756707551 0.055048085 0.622137918
91.080205000 -24.933053612 9.421939509 44.626240473 0.192778481 0.754647364 0.052509907 0.624969217
91.179961000 -25.018183729 9.441358824 44.608821458 0.192765658 0.755307219 0.062010435 0.623303386
91.280045000 -25.070922652 9.459314589 44.598839791 0.193935589 0.754692120 0.057194337 0.624145495
91.380607000 -25.169807710 9.497588324 44.561722712 0.190059419 0.756645511 0.056984234 0.622991000
91.480753000 -25.237440281 9.526449999 44.544490094 0.191141202 0.758904055 0.059267883 0.619691047
91.580752000 -25.341180218 9.550061495 44.523674019 0.189702177 0.758419228 0.052146254 0.621364729
91.680681000 -25.428765888 9.579594896 44.505761754 0.184181305 0.759289142 0.051621761 0.622006784
91.780242000 -25.447386956 9.593387036 44.502496590 0.184806755 0.758814881 0.063013407 0.621349942
91.879859000 -25.479098848 9.608201982 44.495120900 0.184807471 0.758492919 0.061852492 0.621859276
91.979833000 -25.537434218 9.605752584 44.485833908 0.185537789 0.757038024 0.057970570 0.623785678
92.080022000 -25.631071192 9.632301514 44.443143107 0.189132158 0.759453136 0.060222767 0.619542718
92.180152000 -25.737261162 9.645456387 44.416164573 0.182549097 0.759634361 0.056411674 0.621650374
92.280566000 -25.866478221 9.690252998 44.390799548 0.172067319 0.761247071 0.056010507 0.622702624
92.380605000 -25.993002291 9.845838014 44.334912770 0.176205031 0.758794002 0.063010582 0.623869471
92.480503000 -26.084103234 9.873842852 44.317524455 0.180687823 0.757820578 0.055810507 0.624455818
92.580395000 -26.162301783 9.890652612 44.275849604 0.182145610 0.756868093 0.046333822 0.625960736
92.679958000 -26.276452619 9.929248718 44.244368596 0.184796584 0.758858794 0.051421289 0.622365974
92.779537000 -26.361928791 9.942894941 44.224644452 0.177484687 0.760246282 0.050097468 0.622908518
92.879459000 -26.514795942 9.993432040 44.192802741 0.169175786 0.761379667 0.047538393 0.624035782
92.979090000 -26.619229527 10.032291710 44.172379109 0.179731963 0.758215041 0.049593971 0.624777410
93.078763000 -26.724689156 10.054200815 44.149534830 0.172656523 0.759886588 0.052152073 0.624533633
93.178806000 -26.811871035 10.081446698 44.128310108 0.171506440 0.759978597 0.047106374 0.625139235
93.278958000 -26.908467228 10.160183623 44.093854962 0.165970503 0.763847225 0.050308079 0.621659316
93.378906000 -26.985862214 10.187962720 44.079724260 0.166979121 0.763052879 0.047277981 0.622601854
93.479164000 -27.145950592 10.245572638 44.070488686 0.162284710 0.764333191 0.045995136 0.622368776
93.579075000 -27.259960646 10.307059412 44.040998985 0.169141511 0.760554280 0.047182435 0.625077719
93.679002000 -27.365683453 10.339050790 44.020936126 0.166176698 0.762354197 0.052849041 0.623224167
93.779297000 -27.427374225 10.355615905 44.000233980 0.167983522 0.761298127 0.049863875 0.624275815
93.879815000 -27.505352035 10.383132436 43.967392480 0.169282667 0.764500419 0.053135505 0.619725024
93.979878000 -27.620476819 10.422227613 43.926080905 0.167876241 0.763691375 0.056517311 0.620804998
94.080434000 -27.723366088 10.451681506 43.900100991 0.162466912 0.765482785 0.054801489 0.620191426
94.180391000 -27.873980865 10.502171002 43.868787636 0.169206504 0.761700647 0.054486842 0.623066985
94.280088000 -27.912276125 10.517796617 43.856598118 0.169565293 0.761893281 0.055502290 0.622644148
94.379687000 -28.029055988 10.554917144 43.819229898 0.171581930 0.759899305 0.047311472 0.625199418
94.479422000 -28.136527535 10.600242846 43.769346847 0.165298115 0.764003541 0.049462130 0.621714260
94.578920000 -28.213920354 10.633277097 43.745085234 0.166465011 0.763420331 0.047899900 0.622241430
94.679060000 -28.346155067 10.674799746 43.724072834 0.160144075 0.765037304 0.045032480 0.622128504
94.779011000 -28.376376400 10.685677520 43.716916797 0.162096018 0.763946638 0.045908381 0.622898736
94.879014000 -28.490804707 10.715610818 43.690941903 0.161402718 0.764922545 0.058716959 0.620801886
94.979604000 -28.523732174 10.728861076 43.684831788 0.161707464 0.764516494 0.054641970 0.621594307
95.080493000 -28.639607954 10.768220313 43.656859567 0.156087394 0.766917300 0.054044200 0.620124024
95.180714000 -28.760049656 10.816959030 43.631564718 0.165685187 0.765652642 0.054670591 0.619141000
95.281152000 -28.734211359 10.897133376 43.637155020 0.168800826 0.765834323 0.049092780 0.618541810
95.381175000 -28.870393752 10.915128278 43.616748775 0.168836223 0.762669563 0.047313921 0.622567957
95.481130000 -28.946618640 10.949394579 43.597840551 0.166601680 0.763658508 0.061022503 0.620762288
95.581072000 -29.058241022 11.023386262 43.555662728 0.169905887 0.761796477 0.056504363 0.622579613
95.681121000 -29.185718335 11.046098617 43.511374762 0.160660925 0.765522890 0.061504261 0.619983870
95.780705000 -29.267218203 11.065139808 43.496547773 0.166016891 0.765026601 0.059518443 0.619378920
95.880741000 -29.318088524 11.085792878 43.509017578 0.163572754 0.765615553 0.055541015 0.619670860
95.980720000 -29.440677885 11.125495118 43.485599160 0.159934436 0.765105749 0.055310485 0.621268797
96.080612000 -29.519725806 11.152963847 43.460663016 0.163720931 0.765254847 0.068365552 0.618794495
96.180475000 -29.547901895 11.163565346 43.458859409 0.164000824 0.765090913 0.062138319 0.619579255
96.280746000 -29.721371244 11.199774982 43.397564104 0.159331540 0.768591986 0.064935986 0.616168108
96.380734000 -29.716617134 11.197864347 43.429531101 0.164509488 0.768271705 0.066357403 0.615054396
96.481044000 -29.827696846 11.220055303 43.396147425 0.157909533 0.769237546 0.061966039 0.616034404
96.581268000 -29.941755381 11.302844013 43.372044625 0.153296249 0.768189375 0.057722739 0.618913103
96.681289000 -29.990044979 11.347828240 43.349311921 0.158778563 0.766014888 0.067562472 0.619230064
96.781174000 -30.048047877 11.369029925 43.340121354 0.164880347 0.764486783 0.059078913 0.620390290
96.881416000 -30.119624835 11.386397254 43.312933153 0.156446669 0.767374781 0.066284792 0.618277212
96.981429000 -30.247931906 11.418246241 43.283251983 0.160065337 0.768804956 0.068396701 0.615337240
97.081496000 -30.352567338 11.443906316 43.263363257 0.158249173 0.768932730 0.062719495 0.616251508
97.181416000 -30.479610409 11.525820407 43.239528101 0.156220052 0.767804763 0.060293387 0.618413978
97.281048000 -30.567831100 11.582126454 43.210116335 0.163722700 0.765769039 0.064445493 0.618578560
97.380723000 -30.630890641 11.603221211 43.203187987 0.165500861 0.765228571 0.059133341 0.619304406
97.480733000 -30.689176601 11.621415707 43.177522910 0.161504637 0.766265914 0.064839657 0.618505150
97.580636000 -30.766193535 11.643872634 43.162698702 0.164759705 0.767572241 0.066245152 0.615872287
97.680600000 -30.841385324 11.654583005 43.146104594 0.168518464 0.767077250 0.057982605 0.616305150
97.780575000 -30.933396577 11.682555271 43.128478293 0.163307180 0.766558430 0.058981282 0.618255730
97.880579000 -31.032115193 11.728266092 43.113963121 0.167186185 0.765664154 0.068405432 0.617355554
97.980647000 -31.068545761 11.741594159 43.110675074 0.172472115 0.764568589 0.058889784 0.618239626
98.081097000 -31.116520273 11.754342890 43.088888157 0.165420611 0.766399711 0.069961756 0.616743754
98.181198000 -31.219480035 11.791814320 43.065069915 0.166503289 0.768515953 0.072336753 0.613536697
98.281330000 -31.286491987 11.811847537 43.054948108 0.168247705 0.767847978 0.064379599 0.614782449
98.381384000 -31.356838117 11.837054084 43.045633159 0.163138958 0.768370336 0.065130410 0.615427280
98.480875000 -31.572042665 11.898136241 42.917750951 0.174001977 0.761813913 0.067588138 0.620318239
98.580282000 -31.620559675 11.918924836 42.906739912 0.173034913 0.762129275 0.067188629 0.620244770
98.680188000 -31.661845112 11.995557594 42.879116754 0.170072428 0.762378591 0.064675967 0.621024373
98.780114000 -31.786055706 12.053302013 42.839443543 0.167584654 0.765909920 0.070529888 0.616703261
98.879880000 -31.905958526 12.087113406 42.808795056 0.171562416 0.764130311 0.065284384 0.618392395
98.979855000 -32.034519828 12.115861938 42.786154032 0.164646890 0.764883518 0.066255216 0.619237315
99.079749000 -32.115670379 12.140824539 42.764619356 0.160715205 0.765283171 0.081109211 0.618007756
99.179701000 -32.190808742 12.162207168 42.750851102 0.164524132 0.764645423 0.070728169 0.619069231
99.279725000 -32.288959260 12.220462106 42.716662796 0.163758618 0.763861794 0.072275569 0.620060092
99.379668000 -32.420518756 12.248426609 42.679213719 0.165742166 0.765971023 0.075444122 0.616543681
99.479592000 -32.523831999 12.264359902 42.661912680 0.167467115 0.764959347 0.068686283 0.618121475
99.579920000 -32.650470366 12.307067427 42.638490750 0.156942796 0.766737647 0.068064641 0.618748369
99.680092000 -32.748225214 12.414357550 42.604151537 0.155512263 0.765134399 0.077948717 0.619926838
99.780249000 -32.776282222 12.421968812 42.601131088 0.154472115 0.764928497 0.077298119 0.620522168
99.880554000 -32.859186915 12.445449996 42.580164239 0.158131380 0.763162936 0.069010058 0.622747470
99.980758000 -32.934033176 12.476551558 42.561844009 0.159354128 0.765862693 0.074281075 0.618500541
100.080785000 -33.065622764 12.479816436 42.531464751 0.160363557 0.764474530 0.070386091 0.620409559
100.180952000 -33.152003956 12.508118083 42.524256317 0.152424595 0.766076050 0.072578250 0.620182737
100.280685000 -33.269070610 12.562348079 42.501116810 0.156519843 0.763595778 0.081815104 0.621071104
100.380366000 -33.350020277 12.582914047 42.483712865 0.161598761 0.763579169 0.075896159 0.620542074
100.480364000 -33.392987186 12.598389773 42.469101707 0.162093439 0.763088479 0.078161341 0.620735447
100.580392000 -33.523631371 12.659828290 42.420300726 0.165320542 0.767417441 0.080374366 0.614230861
100.680186000 -33.630358087 12.690187371 42.402030480 0.163888970 0.764790460 0.080027717 0.617925175
100.780607000 -33.715699595 12.713748467 42.391706264 0.157015232 0.765907918 0.081009539 0.618197972
100.880600000 -33.799005833 12.756531469 42.371630608 0.158022243 0.764076114 0.087579583 0.619311294
100.980507000 -33.875801959 12.780821354 42.356785156 0.159518411 0.764408319 0.084198151 0.618986647
101.080586000 -34.003575643 12.855355141 42.316577341 0.160276201 0.762712920 0.078276458 0.621653711
101.180777000 -34.099418567 12.902137271 42.290104843 0.156425993 0.766887805 0.077830443 0.617540627
101.280806000 -34.209949729 12.924939855 42.269187892 0.151347088 0.766302846 0.073694102 0.620034827
101.381169000 -34.337153075 12.962641900 42.251197912 0.140139106 0.764696270 0.070922654 0.624956497
101.481090000 -34.478408537 13.023878399 42.240505423 0.164371151 0.749078960 0.057207708 0.639210540
101.581056000 -34.605898670 13.041333207 42.232213120 0.160022518 0.735719946 0.062009986 0.655182201
101.681449000 -34.732483413 13.079996015 42.225178178 0.157603960 0.722018800 0.050317052 0.671802083
101.781559000 -34.830705136 13.113808149 42.207068845 0.145605859 0.722595364 0.064370546 0.672689606
101.880919000 -34.921515557 13.132697614 42.205805388 0.142318916 0.720183061 0.062837388 0.676116223
101.980556000 -35.040945193 13.155079946 42.217376507 0.128677946 0.713997429 0.054541479 0.686057493
102.080406000 -35.191595270 13.209534759 42.212211063 0.126748883 0.706555467 0.049792506 0.694431277
102.179958000 -35.283890221 13.279735024 42.201887477 0.127339589 0.705251885 0.060717879 0.694778919
102.279646000 -35.352226654 13.332951429 42.203378598 0.128701764 0.702811116 0.056054270 0.697388206
102.379809000 -35.515120306 13.377526799 42.179309990 0.117298161 0.706842265 0.064086346 0.694628026
102.479778000 -35.589849858 13.403181849 42.177440672 0.121691925 0.707767990 0.068109524 0.692543602
102.580028000 -35.694863973 13.440624322 42.189177809 0.122295541 0.704839285 0.064487394 0.695763436
102.680318000 -35.829881717 13.500887198 42.215689546 0.131308134 0.690136030 0.052335434 0.709740401
102.780490000 -35.960117477 13.542147420 42.217896060 0.137177204 0.682485186 0.059145667 0.715470597
102.880557000 -36.040534090 13.564392398 42.222788726 0.132579124 0.682552843 0.057987869 0.716367085
102.980619000 -36.158079875 13.610012266 42.230599440 0.118786409 0.685955018 0.065904707 0.714851083
103.080559000 -36.214526543 13.630091827 42.244217451 0.122049395 0.686213219 0.068793330 0.713780668
103.180575000 -36.342357252 13.661688704 42.273973907 0.124066532 0.676399567 0.060398854 0.723493676
103.280782000 -36.462095763 13.698588731 42.270033374 0.117477338 0.675286485 0.061534225 0.725534822
103.380568000 -36.608496532 13.733565418 42.275013124 0.121042724 0.675656272 0.076571830 0.723169424
103.480644000 -36.664969545 13.744457902 42.280147213 0.122010123 0.675290915 0.073291960 0.723687777
103.580953000 -36.745686075 13.785574811 42.238928901 0.118093549 0.673456686 0.080845461 0.725240662
103.681136000 -36.856310797 13.824776079 42.270682036 0.126810682 0.663042918 0.082247547 0.733163339
103.781567000 -37.024587772 13.858023058 42.271021353 0.129262329 0.655885632 0.074404737 0.739979205
103.881458000 -37.211740654 13.862653241 42.301664669 0.123895525 0.653605455 0.077677049 0.742573959
103.980862000 -37.300274177 13.917986296 42.300296952 0.125333719 0.653922087 0.094018548 0.740160709
104.080396000 -37.368257187 13.973388906 42.345819839 0.127802807 0.647106027 0.086094937 0.746664512
104.180399000 -37.511874650 14.036602566 42.358374828 0.129486446 0.634973687 0.085278867 0.756815164
104.280338000 -37.614395698 14.106596066 42.449477849 0.138709077 0.616354774 0.079558976 0.771062224
104.380470000 -37.747321651 14.131236091 42.475914260 0.139825551 0.599791458 0.070058963 0.784723368
104.480425000 -37.895452975 14.205943232 42.533411156 0.127198240 0.594707403 0.077504011 0.790023317
104.580006000 -37.895000410 14.194580599 42.492570278 0.126339068 0.590204219 0.092108650 0.791968065
104.679701000 -38.011180438 14.234897861 42.549372461 0.120559299 0.591418881 0.087136242 0.792525355
104.779651000 -38.086169327 14.256167478 42.568402081 0.111644834 0.593938028 0.095385697 0.790995966
104.879549000 -38.148600432 14.271380073 42.592537404 0.114528972 0.595349587 0.099964865 0.788954377
104.979618000 -38.226428924 14.309248307 42.611589248 0.121283267 0.594007833 0.094991074 0.789570617
105.080139000 -38.317341275 14.409985547 42.680936163 0.119787481 0.594496239 0.096290256 0.789273950
105.180259000 -38.440385383 14.463524981 42.663515755 0.124406746 0.591793845 0.106018843 0.789343405
105.280253000 -38.564550835 14.514138379 42.720241473 0.126945303 0.592044014 0.102643920 0.789197695
105.380200000 -38.703850679 14.551794047 42.751075977 0.127880836 0.590525509 0.093892641 0.791271311
105.480007000 -38.888592499 14.583476504 42.816924916 0.136338243 0.590950322 0.091331256 0.789840618
105.579805000 -38.911122783 14.569233281 42.804634938 0.131089396 0.591674709 0.094643831 0.789796907
105.680210000 -38.973350842 14.594385600 42.833543160 0.123099458 0.593217753 0.096823394 0.789660972
105.780234000 -39.057424554 14.607407810 42.860512593 0.126563080 0.590724592 0.104447645 0.790010717
105.879974000 -39.171880963 14.623467873 42.900244129 0.127011393 0.591263275 0.102299549 0.789816845
105.979674000 -39.289914347 14.681863062 42.916503405 0.126769274 0.590309255 0.095373731 0.791434385
106.079424000 -39.412200944 14.689285787 42.953367346 0.125100447 0.592912909 0.100542480 0.789110493
106.179061000 -39.509330612 14.666817931 42.986649573 0.125593866 0.592520706 0.099575987 0.789449185
106.279246000 -39.548716603 14.685814198 43.008749815 0.118641052 0.593885516 0.101112018 0.789303905
106.379229000 -39.628382233 14.727180762 43.011952541 0.122652209 0.589805098 0.105459733 0.791179263
106.479277000 -39.619065473 14.705774104 43.014765819 0.125688016 0.590764569 0.101139941 0.790550732
106.579643000 -39.746808208 14.741489015 43.044983774 0.124539418 0.589115353 0.093459508 0.792905010
106.680000000 -39.916714745 14.764551780 43.089383710 0.131742727 0.590889068 0.099651817 0.789660356
106.780031000 -40.025310031 14.773761773 43.116664763 0.126500939 0.590860770 0.097037768 0.790863285
106.880165000 -40.162310592 14.831459965 43.187469745 0.116302779 0.593407562 0.096334343 0.790607882
106.979768000 -40.261433733 14.866122195 43.187899465 0.123182404 0.589844519 0.095032913 0.792387711
107.079430000 -40.275767798 14.866044648 43.188445635 0.123444354 0.590381580 0.097351273 0.791665214
107.179597000 -40.393197191 14.909156892 43.220398751 0.120736586 0.589254608 0.090237985 0.793762427
107.279955000 -40.542770691 14.948344559 43.245632226 0.122777764 0.590975399 0.088959991 0.792312955
107.379826000 -40.627660167 14.962703748 43.280489574 0.124290530 0.590672552 0.087413989 0.792474981
107.480223000 -40.708860004 15.004895325 43.330294158 0.117643579 0.592526312 0.088685273 0.791964318
107.580288000 -40.816865314 15.017845865 43.353941054 0.117945988 0.588829323 0.094437711 0.794009000
107.680244000 -40.896264430 15.056398742 43.381859461 0.124106758 0.590146104 0.092589267 0.792308220
107.780264000 -41.002174468 15.104231861 43.418451104 0.124209475 0.588024728 0.082047637 0.795026485
107.880393000 -41.059854412 15.100152429 43.397938928 0.127602852 0.591244681 0.078659132 0.792439260
107.980231000 -41.179269417 15.092742379 43.417809788 0.122411291 0.591156841 0.083346243 0.792844543
108.080703000 -41.265301949 15.122021775 43.459273515 0.112043751 0.593783960 0.085934945 0.792137609
108.180608000 -41.350721198 15.152090767 43.498844778 0.123358098 0.589176402 0.076146598 0.794893479
108.280330000 -41.317448211 15.143731866 43.480409246 0.124155481 0.589322767 0.078571730 0.794424683
108.380407000 -41.409184801 15.176566135 43.508935416 0.121163335 0.588310166 0.071948270 0.796262545
108.480509000 -41.532402189 15.211445039 43.532460489 0.122283865 0.590334321 0.071734726 0.794610706
108.580138000 -41.548421409 15.217155116 43.522328499 0.126922552 0.589244427 0.071232023 0.794737485
108.680088000 -41.595913718 15.251152603 43.567925416 0.121145903 0.591371729 0.072506813 0.793943266
108.779733000 -41.697741729 15.266070845 43.584308558 0.124535261 0.588216291 0.075122184 0.795518209
108.879447000 -41.784393899 15.287949553 43.628377005 0.128571185 0.589541968 0.076322852 0.793778647
108.979273000 -41.856000782 15.320467961 43.701484884 0.126534725 0.587344852 0.067803244 0.796503426
109.079425000 -42.174271670 15.401230336 43.768667711 0.127179622 0.591064761 0.070874934 0.793375407
109.179113000 -42.163036550 15.390909394 43.769470828 0.128955472 0.590705578 0.070591181 0.793381555
109.279545000 -42.291991354 15.453209668 43.845186758 0.122256318 0.592644959 0.070630614 0.792992220
109.379762000 -42.401334211 15.507231198 43.870993194 0.126761872 0.588965248 0.071292708 0.794964599
109.479902000 -42.478796673 15.517081174 43.902999946 0.131034759 0.590129686 0.073979490 0.793160690
109.580060000 -42.528138235 15.536987737 43.926827236 0.128602002 0.588464163 0.065603402 0.795529790
109.680239000 -42.706114253 15.586709107 43.951395606 0.126484514 0.592192971 0.072010420 0.792542524
109.779860000 -42.756422954 15.576748717 43.967865380 0.131088510 0.591408417 0.071281073 0.792446147
109.880026000 -42.880029881 15.612114082 44.025239122 0.122359501 0.593666003 0.069664368 0.792297738
109.979943000 -42.962318295 15.663108572 44.035621811 0.126462558 0.589680927 0.068181739 0.794754601
110.079900000 -43.095215919 15.688337140 44.106134351 0.130531428 0.590931183 0.070619308 0.792953212
110.179850000 -43.207545521 15.727432337 44.157493315 0.127310129 0.589753796 0.065366019 0.794801784
110.279919000 -43.416511512 15.777232485 44.213644258 0.124355290 0.593384094 0.068730281 0.792279766
110.379636000 -43.458257868 15.783687774 44.219929875 0.128318446 0.592737973 0.069112363 0.792098196
110.479835000 -43.622795799 15.845060339 44.325065450 0.122006750 0.594840944 0.070011922 0.791439786
110.579732000 -43.688371070 15.887630796 44.329926200 0.124197885 0.591218441 0.072403740 0.793595198
110.679590000 -43.774289479 15.911610984 44.370213941 0.131004007 0.592367999 0.071969158 0.791680835
110.779412000 -43.837940761 15.934901140 44.424174961 0.131935742 0.581358264 0.058019439 0.800780415
110.879684000 -43.897123726 16.018124381 44.427483220 0.138851658 0.566312827 0.046105468 0.811100663
110.979735000 -43.922052109 16.010497500 44.491821929 0.143955860 0.539742625 0.039614812 0.828483721
111.080342000 -43.874904075 16.011038237 44.559846961 0.136029798 0.506749600 0.028457721 0.850817780
111.180548000 -43.947915561 16.056416361 44.667469749 0.139582388 0.459699017 0.007380929 0.877005754
111.280449000 -43.991292028 16.074988806 44.739511699 0.135340315 0.426733628 0.023067976 0.893895563
111.380079000 -44.012867456 16.077876983 44.811003067 0.121311255 0.401329166 0.036817804 0.907117924
111.479486000 -44.124403237 16.121866870 44.907793547 0.105896091 0.387801756 0.055966830 0.913927530
111.578570000 -44.206305417 16.148752486 45.003951164 0.105378026 0.377859644 0.067192231 0.917389102
111.678253000 -44.295397307 16.206318190 45.080063177 0.093553299 0.376610960 0.081075604 0.918062477
111.778100000 -44.400911675 16.253774829 45.197149098 0.095081002 0.375768797 0.090878925 0.917332238
111.878155000 -44.517556170 16.283419641 45.280728319 0.103178662 0.378336488 0.095559860 0.914922936
111.978539000 -44.518638927 16.298705924 45.312586122 0.102759701 0.374566181 0.085643186 0.917499790
112.079042000 -44.609196017 16.291390800 45.374954324 0.102223926 0.378813561 0.103047796 0.914019533
112.178754000 -44.699406125 16.321662531 45.485079686 0.111267445 0.377980893 0.097340658 0.913933694
112.278870000 -44.752402959 16.340650817 45.536969353 0.108328110 0.380162261 0.095064119 0.913621634
112.378909000 -44.820878503 16.347534821 45.618369365 0.106093717 0.377466258 0.093501082 0.915161677
112.478843000 -44.917154988 16.381874481 45.691690406 0.114861410 0.376628505 0.102886880 0.913439716
112.579067000 -44.959279733 16.402460399 45.724518144 0.115668991 0.375488242 0.102889267 0.913806907
112.679524000 -45.118088361 16.437186439 45.880201579 0.115179699 0.378743793 0.104952219 0.912289322
112.779392000 -45.205324814 16.484755693 45.953377273 0.122335173 0.377666095 0.104492787 0.911857271
112.879457000 -45.220206144 16.519987768 46.006594507 0.116929680 0.379357182 0.102836717 0.912052733
112.979295000 -45.278527802 16.573787083 46.117968469 0.117645322 0.376400774 0.093863966 0.914150749
113.079163000 -45.339722438 16.604604459 46.192826616 0.125682892 0.375347009 0.102897073 0.912540753
113.179239000 -45.396697997 16.619826569 46.253883518 0.122403497 0.374803737 0.097007248 0.913854002
113.279616000 -45.484671769 16.662201129 46.297642600 0.121330312 0.378116943 0.102702848 0.912008036
113.379526000 -45.575145964 16.676876439 46.438674997 0.123538001 0.379386469 0.105821485 0.910827142
113.479469000 -45.637207136 16.710777911 46.502898491 0.115382107 0.381809466 0.105544030 0.910916549
113.579202000 -45.726543701 16.741172857 46.619072664 0.107956054 0.380338431 0.107183380 0.912249906
113.678849000 -45.798687117 16.744502014 46.664000224 0.114713528 0.379724287 0.113178015 0.910956096
113.778686000 -45.875529073 16.782301292 46.731256146 0.113730178 0.378635714 0.109181061 0.912019703
113.878838000 -46.052502748 16.839472223 46.836306094 0.109350448 0.380689845 0.109154336 0.911703380
113.978717000 -46.090460854 16.842455135 46.869442984 0.114118147 0.382800754 0.112053038 0.909881722
114.078904000 -46.160082160 16.869773595 46.936726186 0.108772570 0.384374499 0.111407908 0.909952224
114.179142000 -46.247946316 16.860036519 47.044192950 0.102352189 0.383134194 0.114471780 0.910839410
114.279149000 -46.311445190 16.920872070 47.099962042 0.111475546 0.380960499 0.117231917 0.910329050
114.379312000 -46.367399552 16.947383600 47.160951327 0.112309339 0.379647009 0.105366456 0.912224025
114.479834000 -46.477467321 17.000170599 47.219216110 0.110531556 0.381904028 0.106132928 0.911409837
114.579992000 -46.571665487 17.027546986 47.288226567 0.114255712 0.384665836 0.115925339 0.908591846
114.680061000 -46.626418101 17.055465414 47.357016141 0.109591193 0.385488284 0.111527963 0.909367949
114.780088000 -46.674833712 17.086220675 47.429578667 0.104476072 0.386645188 0.112949236 0.909303425
114.879779000 -46.736321166 17.122378947 47.516931136 0.113176763 0.381923188 0.118095513 0.909603841
114.979425000 -46.807691809 17.136794875 47.582158684 0.113837310 0.382190033 0.111587389 0.910230795
115.079284000 -46.974345368 17.170357715 47.682713433 0.110656780 0.382234281 0.106418463 0.911222883
115.178809000 -47.053160598 17.261761809 47.731410070 0.112154478 0.386302043 0.113664893 0.908445043
115.278211000 -47.110862242 17.281939143 47.765124598 0.109130701 0.386963106 0.112046950 0.908732923
115.378118000 -47.177295717 17.287542288 47.841529598 0.101558820 0.387582570 0.117467120 0.908662222
115.477960000 -47.275126419 17.336980184 47.963638441 0.105805454 0.384343889 0.124736917 0.908584439
115.577987000 -47.348752955 17.371854086 48.058733086 0.108748247 0.384864172 0.116348097 0.909129533
115.678312000 -47.454330698 17.395921271 48.107394104 0.108076335 0.383482502 0.107590991 0.910870383
115.778554000 -47.589064213 17.357027264 48.190632053 0.113841448 0.394287638 0.116701847 0.904410340
115.878694000 -47.702782743 17.385371470 48.245132530 0.105356607 0.410263956 0.123139205 0.897452065
115.979121000 -47.805406867 17.457627407 48.367069982 0.092053879 0.435490325 0.138437446 0.884708615
116.079010000 -47.899448237 17.498686192 48.438955107 0.097611720 0.448528574 0.139531373 0.877396755
116.179006000 -47.966473969 17.507493338 48.533710254 0.106398142 0.461252761 0.124830249 0.871976338
116.279384000 -48.137085337 17.539443536 48.569837561 0.108632861 0.473435750 0.115868304 0.866390229
116.379649000 -48.230382908 17.616066789 48.644208640 0.105114135 0.486965686 0.131346347 0.857066845
116.479864000 -48.328051772 17.628830122 48.704468750 0.115138874 0.491214959 0.116323278 0.855523114
116.580533000 -48.402966732 17.646058268 48.744841779 0.115815220 0.490468932 0.110799242 0.856592429
116.680945000 -48.477634841 17.680595041 48.761653698 0.122670448 0.486022685 0.107924569 0.858537244
116.780708000 -48.551165780 17.699129050 48.802413563 0.125261300 0.485799160 0.110184688 0.858002399
116.880007000 -48.647813621 17.743276972 48.869013822 0.121671527 0.485576347 0.103338409 0.859495680
116.979054000 -48.782010578 17.785928805 48.933760515 0.124137310 0.488093805 0.104577622 0.857565092
117.078088000 -48.785802883 17.765924772 48.969103813 0.122217370 0.487083252 0.106285668 0.858205207
117.177945000 -48.897900724 17.811164981 49.067775743 0.110558829 0.489960260 0.109997681 0.857680709
117.277740000 -49.046432838 17.865266966 49.173847994 0.114023744 0.485808692 0.108987074 0.859715254
117.377583000 -49.174961143 17.869080367 49.273498881 0.114394102 0.495090624 0.110132227 0.854207326
117.477418000 -49.320997215 17.927854312 49.326676169 0.108459703 0.511996516 0.113889009 0.844467497
117.577435000 -49.458872708 17.978842563 49.373966811 0.097263244 0.537635137 0.136873719 0.826289239
117.677583000 -49.517019191 18.036522957 49.425882957 0.099605790 0.550780745 0.133076992 0.817930175
117.778464000 -49.595788449 18.079871558 49.474237205 0.099231600 0.558278342 0.124850716 0.814180988
117.879379000 -49.688522227 18.094645402 49.503413426 0.115176870 0.555151673 0.115834333 0.815550928
117.980017000 -49.790419298 18.117119848 49.544276113 0.120412303 0.555759866 0.103653065 0.816019541
118.080272000 -49.915955547 18.159861694 49.587208745 0.118673337 0.554085647 0.094389215 0.818533085
118.180072000 -50.066249068 18.170063961 49.669946167 0.120467285 0.556962996 0.101460472 0.815466509
118.279465000 -50.103721293 18.169847865 49.707619626 0.118032051 0.555076818 0.098653447 0.817450707
118.379537000 -50.306395331 18.230174016 49.794227535 0.107414183 0.558399185 0.099657743 0.816529778
118.479329000 -50.468030503 18.308715451 49.868789678 0.107109110 0.552721015 0.107719615 0.819404419
118.579066000 -50.588634993 18.329242997 49.951496659 0.117081879 0.555856381 0.104624079 0.816314473
118.678499000 -50.656073813 18.347256974 49.970556282 0.116595141 0.555818135 0.098487927 0.817173116
118.778297000 -50.846927076 18.351186165 49.947084486 0.097305178 0.566094642 0.116764568 0.810206513
118.877814000 -50.959546804 18.326547901 49.983042094 0.105831303 0.580626403 0.111956433 0.799461364
118.978072000 -50.998040794 18.342613185 50.012240231 0.104135946 0.592855207 0.103915687 0.791757500
119.079231000 -51.117629522 18.417985401 50.056703736 0.106193684 0.595053465 0.094948756 0.790960814
119.180094000 -51.305039169 18.486806288 50.101081599 0.116920434 0.593077226 0.095744826 0.790836231
119.280587000 -51.377725571 18.513374439 50.122885384 0.119774446 0.591452524 0.087237775 0.792608078
119.380757000 -51.493288769 18.545626264 50.138282059 0.120887609 0.593031525 0.084926545 0.791509494
119.480252000 -51.550630864 18.558872009 50.154214884 0.121314269 0.598272654 0.089438069 0.786990159
119.579666000 -51.665527224 18.576262042 50.199421774 0.106778883 0.606545678 0.094721356 0.782130728
119.679179000 -51.743824977 18.603028279 50.241086138 0.107584506 0.602816354 0.092637883 0.785147272
119.778998000 -51.846670890 18.632940857 50.278882958 0.117430688 0.600417953 0.091884895 0.785662447
119.878947000 -51.839132900 18.624077340 50.322780612 0.117478424 0.599216237 0.080957516 0.787771922
119.978974000 -51.978340811 18.659287948 50.345844881 0.114067522 0.601220148 0.077856645 0.787058624
120.078746000 -52.021525202 18.666849193 50.366547716 0.118424421 0.602140512 0.079841844 0.785511133
120.178705000 -52.216167825 18.719964234 50.431737194 0.118459209 0.602874074 0.072366236 0.785667483
120.278736000 -52.294776767 18.745329197 50.490785395 0.115120606 0.601838813 0.073721406 0.786830632
120.378705000 -52.418111156 18.787132596 50.514917316 0.123275205 0.600303061 0.079174861 0.786238386
120.478963000 -52.477987242 18.813789750 50.542636482 0.122638666 0.599369309 0.075670868 0.787394507
120.579480000 -52.628605274 18.847367739 50.556600757 0.120561960 0.599962718 0.071707643 0.787634156
120.679470000 -52.666811486 18.854230580 50.576580821 0.127088924 0.600770459 0.072785477 0.785891555
120.779469000 -52.745499063 18.868407870 50.598595617 0.126923450 0.601480990 0.069817338 0.785644065
120.879445000 -52.854813982 18.881595036 50.610365361 0.118191744 0.606933199 0.076220258 0.782210506
120.979225000 -52.986668469 18.945447366 50.639834741 0.122712172 0.610032190 0.086655228 0.778005990
121.079437000 -53.052232606 18.967142852 50.664193632 0.127605124 0.606353826 0.075719230 0.781228883
121.179826000 -53.135579263 18.992928729 50.675756045 0.129100754 0.607010283 0.071758699 0.780847104
121.279686000 -53.182465045 19.014389182 50.675290221 0.131654496 0.609504921 0.072987781 0.778359575
121.379841000 -53.259739004 19.037699319 50.692107937 0.126725850 0.611344243 0.072797111 0.777752760
121.480011000 -53.390580055 19.075777650 50.713919592 0.119796836 0.616656217 0.073908247 0.774545931
121.579571000 -53.484888252 19.127476423 50.732132983 0.121985154 0.621661187 0.083059035 0.769258206
121.679115000 -53.501493389 19.147945285 50.726995127 0.123832225 0.618774818 0.077057154 0.771910293
121.779068000 -53.722178227 19.220971775 50.779141447 0.127308682 0.618162185 0.069564929 0.772546913
121.878763000 -53.779805066 19.262661303 50.800486670 0.128967271 0.621797200 0.075629573 0.768775555
121.978639000 -53.867576600 19.290247655 50.813759628 0.127337132 0.622856253 0.073303241 0.768415238
122.078961000 -54.007192427 19.312290997 50.829975174 0.119994461 0.627044994 0.074164636 0.766104113
122.178988000 -54.139715864 19.361918491 50.829671970 0.121930249 0.636667125 0.084576940 0.756726323
122.278917000 -54.264062108 19.350939196 50.847497782 0.118728119 0.653772601 0.085882978 0.742367250
122.379022000 -54.382623409 19.382681761 50.853312066 0.112359727 0.668855316 0.085554092 0.729855023
122.479093000 -54.485316394 19.412106959 50.881040751 0.120886804 0.676245995 0.082314507 0.722012505
122.579310000 -54.631681991 19.476453012 50.911939282 0.125730911 0.676895660 0.075802532 0.721289110
122.679546000 -54.658371666 19.493584499 50.911628003 0.125568321 0.676430185 0.074720075 0.721866824
122.779369000 -54.803166796 19.512995715 50.914474796 0.125959198 0.680950272 0.087814521 0.716051407
122.878990000 -54.923940109 19.527676903 50.955686612 0.120193506 0.685419749 0.092028605 0.712238741
122.978978000 -55.062784774 19.574189852 50.958163841 0.115331963 0.686048174 0.084736298 0.713341574
123.079037000 -55.103637451 19.587376474 50.953143085 0.124205663 0.685268311 0.082292974 0.712887201
123.179092000 -55.094047335 19.578233122 50.943379286 0.125429626 0.685381903 0.080472637 0.712771499
123.279193000 -55.131784192 19.586337900 50.947411126 0.124085927 0.685123318 0.080205790 0.713285184
123.378963000 -55.185980932 19.621221630 50.933181231 0.130157854 0.682390734 0.084758235 0.714295360
123.478707000 -55.057890672 19.594351406 50.920455303 0.132362550 0.681187705 0.077367354 0.715875519
123.578723000 -55.188713298 19.628860194 50.925655040 0.126844015 0.682689622 0.078527233 0.715317376
123.678589000 -55.264896999 19.646094129 50.923619665 0.129791383 0.683551573 0.080777395 0.713713147
123.778627000 -55.303326699 19.667313800 50.923072781 0.131935222 0.683706271 0.074289217 0.713876701
123.878997000 -55.424091757 19.702081575 50.931812048 0.123060425 0.684073308 0.076190547 0.714908974
123.979207000 -55.575044342 19.746981009 50.906295658 0.126998564 0.687468637 0.085952691 0.709838272
124.079207000 -55.720678019 19.777182278 50.898087120 0.123940620 0.701603824 0.083720115 0.696693433
124.178981000 -55.862181340 19.812940371 50.872627217 0.104720684 0.720774783 0.097884846 0.678185703
124.278850000 -55.998884685 19.895447185 50.868078389 0.110029366 0.733425738 0.097372470 0.663700857
124.379123000 -56.110139893 19.909605762 50.873810517 0.124157110 0.737894851 0.084748725 0.657961894
124.479775000 -56.186250699 19.924970252 50.880257524 0.128279687 0.737908620 0.077719911 0.658023408
124.580143000 -56.330927594 19.945185592 50.832058992 0.136743730 0.738176820 0.081945524 0.655500622
124.680031000 -56.442704026 19.966327902 50.794957347 0.136836276 0.750123762 0.076807490 0.642410138
124.779601000 -56.588189600 19.992014105 50.748200341 0.115969232 0.767487828 0.088306398 0.624272017
124.879244000 -56.718789956 20.058623971 50.716608659 0.116643984 0.779799811 0.089010277 0.608591493
124.979185000 -56.833616947 20.056711713 50.666458101 0.128582267 0.790830942 0.076247778 0.593497513
125.079119000 -56.956211156 20.076548008 50.590923979 0.110761210 0.812336990 0.076519720 0.567437486
125.178270000 -57.036484142 20.099495266 50.510251480 0.100144053 0.834220100 0.090523006 0.534652764
125.277678000 -57.127482848 20.063672215 50.514922934 0.108925974 0.854056982 0.076708314 0.502829632
125.377911000 -57.262541572 20.108721960 50.406499091 -0.116448605 -0.860021222 -0.064799585 -0.492548712
125.479012000 -57.306006420 20.118918801 50.359693562 -0.131213110 -0.866307579 -0.064668472 -0.477611020
125.579950000 -57.376055558 20.133518455 50.307963646 -0.137906680 -0.867189829 -0.060066032 -0.474716358
125.681197000 -57.487654345 20.162145727 50.233179758 -0.143413879 -0.865511227 -0.052305673 -0.477060680
125.781813000 -57.614166661 20.198854270 50.155085415 -0.156018166 -0.861967339 -0.048714186 -0.479893286
125.881789000 -57.665806616 20.221739873 50.135218037 -0.154858089 -0.862202347 -0.048880085 -0.479829993
125.981576000 -57.775292583 20.247772378 50.071533136 -0.151702318 -0.862176617 -0.037968709 -0.481867476
126.081147000 -57.922132471 20.287600474 49.969904470 -0.147514669 -0.862793304 -0.034359294 -0.482334506
126.180359000 -58.017451424 20.285661853 49.936505722 -0.144647152 -0.862724186 -0.025636378 -0.483866671
126.279914000 -58.120964410 20.303189041 49.892959448 -0.131604016 -0.864493923 -0.014440301 -0.484893925
126.379587000 -58.236544091 20.336757580 49.844111796 -0.146174379 -0.859763036 -0.010784143 -0.489207804
126.479583000 -58.344308024 20.355355997 49.812608247 -0.141437311 -0.861517400 -0.017292747 -0.487323525
126.579998000 -58.492839581 20.384827996 49.759783019 -0.139473731 -0.860987680 -0.012103531 -0.488979343
126.680476000 -58.603662304 20.404616867 49.692133257 -0.142281469 -0.862180065 -0.013626223 -0.486020416
126.780361000 -58.675904207 20.417418099 49.660582197 -0.148979612 -0.861643702 -0.017940414 -0.484823007
126.880324000 -58.753427657 20.365949063 49.659129148 -0.136987847 -0.863063911 -0.017894610 -0.485834125
126.979960000 -58.825259909 20.441876273 49.653002078 -0.145645486 -0.863543421 -0.019211473 -0.482401359
127.079665000 -58.886822097 20.463109766 49.648398988 -0.142657683 -0.863911958 -0.026994088 -0.482261582
127.179600000 -58.946151323 20.479498166 49.649823790 -0.129810050 -0.864826394 -0.027878801 -0.484197719
127.279338000 -59.018477216 20.502934065 49.639486799 -0.134739051 -0.861644317 -0.025629441 -0.488628274
127.379103000 -59.157629233 20.515274133 49.582393180 -0.147824745 -0.859517843 -0.023684553 -0.488688003
127.479248000 -59.215486365 20.532309751 49.565230817 -0.138321411 -0.861025244 -0.021749074 -0.488906631
127.579497000 -59.277510997 20.548305033 49.541259562 -0.139927761 -0.860889572 -0.021608452 -0.488694631
127.679647000 -59.369384620 20.586733099 49.497801528 -0.139994183 -0.861545005 -0.032373789 -0.486922756
127.779973000 -59.415857376 20.588911863 49.475713512 -0.139947477 -0.860608780 -0.025839199 -0.488978084
127.880340000 -59.462982453 20.595183586 49.427298147 -0.131325158 -0.861948081 -0.032225307 -0.488631495
127.980230000 -59.507020034 20.603217727 49.394143324 -0.136462075 -0.861974306 -0.031425356 -0.487227713
128.080284000 -59.554875912 20.601669215 49.374722272 -0.140726444 -0.861780068 -0.023364537 -0.486811341
128.180159000 -59.605076818 20.617129912 49.336236559 -0.139086899 -0.860814819 -0.023543923 -0.488976856
128.279962000 -59.665709587 20.640201775 49.292951994 -0.142264187 -0.859963108 -0.027154096 -0.489374100
128.379915000 -59.755267781 20.656704042 49.237419281 -0.143360634 -0.858824703 -0.021018959 -0.491351262
128.480039000 -59.849071507 20.657552148 49.172145502 -0.145977580 -0.858282160 -0.014117516 -0.491775330
128.579907000 -59.888367950 20.662455850 49.148228913 -0.147886467 -0.858739710 -0.015081823 -0.490375613
128.679857000 -59.944076049 20.657110027 49.124488857 -0.140739343 -0.860027139 -0.008925868 -0.490373416
128.779748000 -60.032010700 20.669668058 49.083344779 -0.147270012 -0.857718197 -0.002721119 -0.492568405
128.879663000 -60.098906161 20.694804255 49.054007958 -0.154134680 -0.856026985 -0.005349055 -0.493387969
128.979924000 -60.189405509 20.686577440 49.009705252 -0.151119830 -0.855621747 -0.000830498 -0.495049021
129.080485000 -60.300284606 20.707206945 48.931758826 -0.144643079 -0.857613085 0.003150593 -0.493526342
129.180393000 -60.312038119 20.705512716 48.924456186 -0.145785159 -0.857827521 0.001096524 -0.492825962
129.280261000 -60.407818028 20.721353926 48.869799088 -0.144335669 -0.858237465 0.004182762 -0.492522256
129.379895000 -60.529523104 20.748068333 48.802888571 -0.139937855 -0.857362904 0.005013110 -0.495299017
129.479304000 -60.598382572 20.768352810 48.764580736 -0.139471533 -0.857521859 -0.005537018 -0.495149769
129.578954000 -60.678087525 20.779313404 48.719436569 -0.139163363 -0.856172913 -0.002933388 -0.497587075
129.678976000 -60.781534593 20.799329998 48.661470199 0.148262372 0.850715418 -0.005625610 0.504251821
129.778869000 -60.839050128 20.817895421 48.668605896 0.160947257 0.840013395 -0.004990524 0.518120229
129.878982000 -60.972374856 20.838381078 48.638299660 0.167852051 0.824777622 -0.012663477 0.539821451
129.979036000 -61.189730532 20.870326281 48.566412320 0.168358555 0.808813727 -0.016245066 0.563215633
130.078681000 -61.323349559 20.913402782 48.526180339 0.160991469 0.802499547 -0.000711289 0.574522166
130.178038000 -61.463678072 20.941245971 48.499696485 0.157097131 0.791160670 0.002904250 0.591081087
130.278118000 -61.601988684 20.983955046 48.472529131 0.156645598 0.775252805 0.001182263 0.611918170
130.378268000 -61.769083909 21.037903297 48.451676370 0.164528038 0.757514585 0.007077309 0.631705698
130.478693000 -61.891774759 21.059313567 48.448303247 0.158544818 0.744373051 0.005464315 0.648646624
130.578977000 -62.028962909 21.100552318 48.449616004 0.145733464 0.737700879 0.014216835 0.659057701
130.678866000 -62.148748793 21.141943475 48.429590247 0.140649335 0.735990996 0.029995782 0.661540075
130.778683000 -62.215255179 21.143496670 48.431361922 0.134957627 0.737120579 0.034478970 0.661249493
130.878673000 -62.269534832 21.122168291 48.395429454 0.140675274 0.737334492 0.031224995 0.659979783
130.978532000 -62.336689782 21.120778267 48.376064656 0.140877442 0.739051338 0.036463367 0.657743938
131.078561000 -62.382170044 21.139888101 48.359353130 0.142734417 0.738038446 0.041192370 0.658201586
131.178917000 -62.432726440 21.155960482 48.347736212 0.143997776 0.738420809 0.039245719 0.657616243
131.278901000 -62.550117263 21.220918032 48.302281804 0.149733134 0.737336450 0.039466402 0.657538859
131.378658000 -62.592472948 21.254600400 48.291701780 0.152490531 0.737397928 0.050675111 0.656066282
131.478512000 -62.620448175 21.257602976 48.289901307 0.153670807 0.736548079 0.047252730 0.657000297
131.578549000 -62.742890463 21.244794151 48.270984777 0.150036261 0.737839135 0.049956051 0.656191225
131.678443000 -62.746626903 21.225737259 48.252784540 0.153849235 0.738592518 0.052875535 0.654229075
131.778710000 -62.882776520 21.249482370 48.251398353 0.152985081 0.739543407 0.049548069 0.653617704
131.878996000 -63.085543970 21.310571782 48.253156240 0.150085769 0.737824211 0.048445483 0.656309935
131.979077000 -63.219048800 21.355710939 48.260348077 0.154205962 0.736983887 0.054820678 0.655797198
132.079237000 -63.296755526 21.372741423 48.249981715 0.154755098 0.736059713 0.052148133 0.656922774
132.179424000 -63.435935955 21.401077175 48.221792166 0.150422246 0.738737822 0.050752559 0.655029584
132.279210000 -63.501535351 21.443312000 48.165640163 0.155184679 0.739520848 0.051959213 0.652937111
132.379341000 -63.587090119 21.462112710 48.160069300 0.150282349 0.740853313 0.046753543 0.652966837
132.479326000 -63.647177500 21.476477069 48.155658225 0.145872463 0.741314972 0.048156802 0.653340845
132.578936000 -63.732089378 21.492026417 48.143987243 0.149828999 0.740607793 0.060040933 0.652262565
132.678983000 -63.818042200 21.515617147 48.134534371 0.148610853 0.739050326 0.054591965 0.654781755
132.779595000 -63.993693715 21.573219569 48.092783269 0.141727200 0.741807529 0.055819911 0.653084319
132.879698000 -64.012626767 21.572194586 48.087771500 0.146003140 0.741540776 0.057226509 0.652323146
132.979691000 -64.107418640 21.597918481 48.076391172 0.145275598 0.741865695 0.053740387 0.652412647
133.079613000 -64.195584736 21.602752578 48.083173974 0.138802299 0.741840527 0.055598851 0.653693599
133.179112000 -64.303545512 21.630527561 48.059198053 0.142237419 0.741165114 0.065091144 0.652844494
133.278826000 -64.377860322 21.652424654 48.048078533 0.143355244 0.741316886 0.060550866 0.652864565
133.378982000 -64.504779532 21.674945084 48.002102781 0.141791930 0.742761502 0.058756956 0.651726952
133.479032000 -64.599866821 21.701871190 47.977335095 0.140389509 0.745648736 0.065393905 0.648091340
133.579230000 -64.651345133 21.711291404 47.971576706 0.136171024 0.746664628 0.061067084 0.648243934
133.679607000 -64.743793920 21.737089614 47.969248924 0.130316365 0.746976301 0.062015268 0.648997809
133.779475000 -64.873838054 21.787083983 47.957904595 0.135408160 0.745160155 0.071951928 0.649017638
133.879507000 -64.921524471 21.786605962 47.955606230 0.138299695 0.744153538 0.066274663 0.650166422
133.979936000 -64.896370086 21.784412040 47.891303810 0.132916741 0.746043328 0.071911100 0.648522387
134.080099000 -64.951366444 21.798061566 47.881429226 0.135840017 0.746771344 0.072233759 0.647041215
134.180005000 -65.012977771 21.814269178 47.872524778 0.132203644 0.747392210 0.067942199 0.647542229
134.279912000 -65.096842886 21.833686982 47.869562146 0.128054961 0.747765392 0.068465883 0.647889858
134.379495000 -65.179913164 21.890800352 47.860327567 0.135773031 0.745055723 0.069480096 0.649330556
134.479046000 -65.255027116 21.916199881 47.859837142 0.138712415 0.744312208 0.062242309 0.650295393
134.578774000 -65.372449068 21.942641994 47.833487285 0.138695496 0.743697151 0.055500663 0.651611681
134.678491000 -65.394364048 21.942028379 47.801765407 0.140850939 0.746020389 0.064129927 0.647689698
134.778346000 -65.506388279 21.967286067 47.778276049 0.141068004 0.745600903 0.057817959 0.648718888
134.878589000 -65.638423316 22.009623963 47.769471738 0.133144364 0.746434622 0.059377452 0.649293656
134.978601000 -65.723140332 22.072151241 47.769679887 0.138035874 0.744035897 0.068237406 0.650154088
135.078828000 -65.812943223 22.095199596 47.763021365 0.141637306 0.743181301 0.061505598 0.651028025
135.179139000 -65.872630696 22.107204464 47.744661609 0.138662907 0.744184949 0.061011658 0.650568165
135.279102000 -65.890363458 22.082578475 47.741843314 0.136206067 0.747209916 0.068054542 0.646910989
135.378900000 -65.964615467 22.093765660 47.725963099 0.137725416 0.747002965 0.065278009 0.647114412
135.478837000 -66.026641387 22.088416661 47.747393046 0.130929872 0.747771887 0.065953479 0.647568307
135.578469000 -66.100397218 22.137726282 47.731516394 0.133283021 0.746818128 0.075598424 0.647134606
135.678346000 -66.150564421 22.150338898 47.739438279 0.138794445 0.745878702 0.066339132 0.648074211
135.778526000 -66.312380605 22.195524738 47.728124266 0.138430447 0.745145206 0.058663535 0.649733963
135.878617000 -66.493773301 22.230723748 47.718741621 0.140811787 0.747948808 0.066194805 0.645261861
135.978754000 -66.567149859 22.301464129 47.704977819 0.138511718 0.748217832 0.064249367 0.645644328
136.079335000 -66.692158523 22.335380539 47.697436823 0.129356862 0.749182364 0.064081479 0.646441143
136.179426000 -66.901601520 22.416276008 47.695264602 0.135608343 0.746049556 0.070761673 0.648084271
136.279394000 -66.941318892 22.424254278 47.708169215 0.141580850 0.744676116 0.060024312 0.649468573
136.379395000 -67.029083648 22.433842144 47.693393653 0.138435177 0.745093331 0.061854158 0.649496491
136.479226000 -67.130767473 22.459237099 47.672953972 0.134458474 0.749053377 0.072228740 0.644688271
136.578904000 -67.191900811 22.482349011 47.647211447 0.136605192 0.748532456 0.069384192 0.645154259
136.678858000 -67.303290942 22.514656538 47.626013983 0.130132446 0.748905394 0.071229889 0.645858003
136.778655000 -67.437798642 22.579919478 47.599883378 0.136247683 0.746449206 0.077757103 0.646686929
136.878475000 -67.514778357 22.599051615 47.603908618 0.136244353 0.747397124 0.077188989 0.645660030
136.978479000 -67.590569883 22.635628197 47.561791429 0.137938648 0.746549195 0.069537422 0.647148959
137.078678000 -67.640285387 22.640660316 47.538268064 0.134451645 0.750490897 0.079137435 0.642202020
137.178805000 -67.708543708 22.654547024 47.522396212 0.132719031 0.750456989 0.077121704 0.642846957
137.279278000 -67.827835560 22.683228114 47.515030796 0.124181549 0.751482519 0.077340523 0.643328385
137.379318000 -67.933506468 22.711646408 47.478130463 0.123604453 0.750733317 0.089547763 0.642730600
137.479201000 -67.993592538 22.718816451 47.490729946 0.127183835 0.750521494 0.082919529 0.643168805
137.579112000 -68.154332913 22.782132703 47.442740628 0.126350332 0.750067325 0.077546125 0.644531769
137.678939000 -68.225039163 22.783996854 47.420723576 0.125942830 0.751602440 0.082400130 0.642216781
137.778688000 -68.299156955 22.806401584 47.395757073 0.125051182 0.751628025 0.080913746 0.642549983
137.878765000 -68.380534450 22.834709931 47.394085301 0.117492840 0.752596429 0.080517015 0.642892727
137.978487000 -68.462006011 22.862220282 47.376843321 0.117598324 0.751104834 0.092587858 0.642992731
138.078323000 -68.636332474 22.908613186 47.412764350 0.119986045 0.751735689 0.089704782 0.642222590
138.178316000 -68.745809776 22.941269825 47.393799001 0.120913646 0.751333037 0.082236595 0.643518221
138.278304000 -68.817165306 22.941742184 47.369916410 0.120431177 0.752972747 0.086671893 0.641105574
138.378217000 -68.882808224 22.959993504 47.356187004 0.118880599 0.753090108 0.085604740 0.641400437
138.478536000 -69.004865266 22.994140990 47.354223374 0.110519151 0.754143746 0.086853695 0.641489800
138.578515000 -69.138675619 23.045130945 47.326645424 0.114337058 0.751465220 0.095247453 0.642771330
138.678452000 -69.181058777 23.046450736 47.341285135 0.118286560 0.751360150 0.089230002 0.643042939
138.778542000 -69.427357963 23.094835095 47.365302552 0.118286043 0.750921442 0.083512917 0.644322119
138.878647000 -69.486720259 23.094967503 47.347587484 0.117983535 0.752361818 0.089668773 0.641865322
138.978764000 -69.539109811 23.108624432 47.334399466 0.117805077 0.752382520 0.086797284 0.642268432
139.079387000 -69.657066743 23.145195989 47.340551980 0.110016676 0.753558254 0.085302782 0.642471575
139.179519000 -69.818876911 23.214906389 47.329379358 0.114498285 0.750377938 0.091725969 0.644522645
139.279440000 -69.905570166 23.255375072 47.323216395 0.117529264 0.750799262 0.089220844 0.643837698
139.379325000 -70.040128638 23.291742755 47.299506054 0.118614318 0.750527811 0.081868290 0.644931184
139.479104000 -70.064648667 23.282930736 47.280137898 0.119257263 0.751741379 0.085984309 0.642860252
139.578788000 -70.136854299 23.303744814 47.265627190 0.117898911 0.751742102 0.084229495 0.643342095
139.678983000 -70.282666196 23.354013079 47.260494803 0.108929643 0.752914933 0.085173456 0.643427478
139.778851000 -70.444051006 23.409139566 47.248274621 0.112348481 0.750043896 0.093581145 0.645022900
139.878734000 -70.519652244 23.438589795 47.234624738 0.117916857 0.750447550 0.088022298 0.644341653
139.978944000 -70.666071653 23.481191792 47.228515215 0.120022794 0.749639969 0.079028414 0.646056465
140.079299000 -70.760860586 23.508861815 47.195005544 0.116125953 0.753320608 0.090687464 0.640935729
140.179417000 -70.767641751 23.507202436 47.192928818 0.113464620 0.753702375 0.088639345 0.641250010
140.280010000 -70.870427596 23.541599203 47.183345671 0.107569307 0.754816826 0.088719991 0.640943965
140.380094000 -70.965191990 23.574757986 47.173238853 0.116223421 0.751381420 0.094283766 0.642673051
140.479835000 -71.018091180 23.559172946 47.190161634 0.115609371 0.752405299 0.095275798 0.641438432
140.579503000 -71.167501764 23.608054312 47.156743322 0.116364878 0.751721018 0.086806121 0.643303524
140.679168000 -71.281529018 23.625111647 47.125031760 0.119700240 0.753212593 0.089812600 0.640528172
140.778729000 -71.305026364 23.629290053 47.126092377 0.118557277 0.753142571 0.087916251 0.641085932
140.878907000 -71.410135168 23.660782426 47.131173120 0.112188574 0.754184294 0.087970088 0.641000030
140.978741000 -71.523604854 23.707114946 47.127172246 0.114367595 0.751825444 0.095078465 0.642369551
141.078788000 -71.643062096 23.738728562 47.104862645 0.118509054 0.752360717 0.093822999 0.641175639
141.179187000 -71.722619878 23.771628617 47.097562534 0.120157916 0.751105545 0.086378764 0.643382658
141.279708000 -71.797376758 23.780764716 47.065182218 0.124750627 0.752540061 0.087360648 0.640694041
141.379948000 -71.818722632 23.780798444 47.069807424 0.123027588 0.752641662 0.085518993 0.641156176
141.480477000 -71.944589306 23.804894281 47.060048352 0.114632310 0.753901147 0.085993489 0.641168943
141.580315000 -72.066633566 23.836534287 47.047224012 0.116743049 0.751609194 0.093490085 0.642428427
141.679945000 -72.165896243 23.859373376 47.025387594 0.120298746 0.752331368 0.090192433 0.641397731
141.779812000 -72.236986061 23.883633591 47.014433380 0.119071706 0.752807987 0.086657579 0.641554773
141.879849000 -72.328885598 23.901848692 46.988846874 0.123047503 0.754273877 0.088829272 0.638779768
141.979697000 -72.363667074 23.909153079 46.983662170 0.121298441 0.754313777 0.086574626 0.639376452
142.080025000 -72.492898585 23.953333488 46.967499232 0.112852767 0.755320223 0.087832682 0.639563158
142.179794000 -72.627094486 24.013597750 46.953741678 0.115625379 0.752556304 0.095181640 0.641272357
142.279403000 -72.693169388 24.026138416 46.954904900 0.119569290 0.752768144 0.091773577 0.640797095
142.379311000 -72.880991244 24.086772152 46.970239347 0.118994367 0.752818138 0.090570709 0.641016489
142.479263000 -72.966111412 24.109509827 46.947068680 0.122653591 0.754210831 0.093200759 0.638306931
142.579030000 -72.994066822 24.114759743 46.943289432 0.122069646 0.754163237 0.091506597 0.638720092
142.679181000 -73.071888766 24.136147296 46.932472279 0.117406720 0.755140287 0.090901015 0.638526283
142.779036000 -73.137873415 24.165601016 46.921597596 0.122192311 0.752590296 0.093508566 0.640260129
142.878860000 -73.182591665 24.174366553 46.910104069 0.123594666 0.752872081 0.090434590 0.640101221
142.978886000 -73.237638241 24.185781381 46.892181182 0.120307718 0.756622583 0.089799693 0.636383796
143.078905000 -73.331841013 24.223275101 46.865866294 0.108577017 0.771240410 0.106146628 0.618168387
143.178556000 -73.501027669 24.238228052 46.807867319 0.104661377 0.786024776 0.104390726 0.600261297
143.278667000 -73.602490860 24.263861832 46.760193663 0.084978593 0.804495424 0.108747244 0.577702163
143.378676000 -73.723132459 24.261832522 46.720091633 0.114083967 0.809246366 0.098321222 0.567836337
143.479090000 -73.823371951 24.280946350 46.684832269 0.115068807 0.817039409 0.095664872 0.556824933
143.580032000 -73.940489905 24.324468161 46.636498893 0.125907197 0.815123245 0.078047619 0.560026823
143.681030000 -74.042156844 24.373710965 46.569733480 0.143628440 0.815433586 0.070043258 0.556356791
143.781146000 -74.120205252 24.369411537 46.524727163 0.136630754 0.820284790 0.071385906 0.550789391
143.881157000 -74.200550071 24.392948239 46.509605712 0.118912757 0.826102020 0.078377199 0.545226763
143.980781000 -74.253080444 24.391817656 46.510364584 0.134585847 0.820189715 0.071955995 0.551359969
144.080402000 -74.284076820 24.396463252 46.512223801 0.139870912 0.819262964 0.064984912 0.552287321
144.180082000 -74.294088049 24.401965602 46.509787059 0.139721200 0.819827537 0.062911022 0.551727287
144.279909000 -74.308148976 24.407632374 46.496323956 0.139164175 0.821030445 0.062951492 0.550072224
144.379678000 -74.315824802 24.418332304 46.499751724 0.134595573 0.821578744 0.063083835 0.550375171
144.479794000 -74.250096326 24.411045263 46.475252696 0.133929718 0.821028292 0.062575904 0.551416023
144.579762000 -74.387467853 24.454928064 46.461204438 0.133363148 0.822195099 0.063329193 0.549726207
144.679325000 -74.383581007 24.441399686 46.453223156 0.129094621 0.823559289 0.069117045 0.548003203
144.779295000 -74.473102584 24.478188049 46.463089407 0.125855064 0.823269768 0.068150329 0.549311319
144.879634000 -74.501511414 24.489366111 46.468775735 0.125996207 0.823133272 0.067896606 0.549514898
144.979774000 -74.495818635 24.478132581 46.464670006 0.135733242 0.820215592 0.064134076 0.552005153
145.080004000 -74.485031310 24.480976638 46.451872099 0.127413094 0.821792682 0.062990200 0.551774344
145.180255000 -74.453639022 24.477017135 46.446616176 0.125263275 0.823152723 0.058989739 0.550680413
145.280280000 -74.436954402 24.468398582 46.428600484 0.131109465 0.822245612 0.051757433 0.551401514
145.379992000 -74.421192354 24.460939443 46.406634371 0.123901978 0.823776601 0.059142404 0.550038714
145.479518000 -74.402889215 24.447763813 46.374884391 0.125933245 0.823790930 0.067527760 0.548588482
145.579220000 -74.389722412 24.443225595 46.336179977 0.134625570 0.821240624 0.061807296 0.551016925
145.678981000 -74.362341535 24.424808650 46.299715121 0.135253667 0.819835624 0.057096255 0.553458230
145.778683000 -74.338817428 24.415973022 46.254188238 0.121422152 0.822719550 0.061922828 0.551864807
145.878544000 -74.311874622 24.409238779 46.218103179 0.121944892 0.822556973 0.057617539 0.552457862
145.978683000 -74.298289706 24.407592878 46.180239150 0.128046696 0.821763804 0.055641319 0.552460259
146.078801000 -74.282776045 24.406293348 46.148166921 0.121980393 0.822197679 0.059048112 0.552833683
146.178756000 -74.277525636 24.411692713 46.112694978 0.113395468 0.817052593 0.074512826 0.560369848
146.279258000 -74.274709327 24.412762033 46.079198589 0.123258296 0.803473897 0.070464942 0.578162418
146.379931000 -74.253585302 24.407952497 46.025337984 0.128726752 0.796359918 0.065444645 0.587330659
146.479946000 -74.234873412 24.380758698 45.978203684 0.121384053 0.798584341 0.073452438 0.584921962
146.579517000 -74.206329720 24.372253203 45.938206739 0.112397980 0.800471769 0.073791463 0.584094565
146.679422000 -74.205535089 24.382636920 45.907345209 0.119280310 0.798329941 0.068371519 0.586316339
146.779338000 -74.179376735 24.397456786 45.880837049 0.120469691 0.793314673 0.070830040 0.592555474
146.879209000 -74.162216858 24.387020091 45.889660353 0.113674899 0.784998051 0.076079694 0.604208538
146.979455000 -74.150215446 24.380393213 45.873097558 0.107174568 0.773862844 0.081367415 0.618893573
147.080065000 -74.147381455 24.382656929 45.861093023 0.108017125 0.769528793 0.080539281 0.624236463
147.179924000 -74.144614756 24.392047800 45.855624707 0.108196299 0.769235186 0.080531626 0.624568208
147.279390000 -74.143284696 24.389643632 45.856258872 0.109467278 0.769275278 0.082053366 0.624099116
147.378850000 -74.138530024 24.389487100 45.857935143 0.109753130 0.769044543 0.082015709 0.624338182
147.478358000 -74.137497441 24.394893007 45.858267312 0.112449575 0.769124557 0.080388897 0.623971260
147.577672000 -74.133130709 24.392550663 45.856475260 0.109998249 0.767495126 0.085018581 0.625798257
147.677256000 -74.137522959 24.387845120 45.857527416 0.112589036 0.767878988 0.083382868 0.625086287
147.777199000 -74.155941796 24.398104394 45.853300687 0.112933991 0.768425250 0.084671972 0.624178825
147.877457000 -74.162770631 24.398827185 45.848164668 0.112680902 0.768100045 0.085421917 0.624522562
147.977596000 -74.150368359 24.409323492 45.845279368 0.110180327 0.766983952 0.087796855 0.626009285
148.077811000 -74.151077476 24.404930114 45.843002025 0.109422370 0.768200993 0.086955137 0.624766183
148.177810000 -74.150903797 24.404108892 45.848847224 0.110523617 0.767422590 0.085404559 0.625742087
148.277630000 -74.144541229 24.402465916 45.858649394 0.112327760 0.767262039 0.082740394 0.625975610
148.377153000 -74.152878864 24.410950217 45.863542582 0.114477937 0.766759929 0.080615409 0.626478387
148.476567000 -74.152477720 24.416663059 45.872980778 0.115974827 0.765941537 0.079512536 0.627344529
148.576042000 -74.152471198 24.424137686 45.878360696 0.116254433 0.765618103 0.079320138 0.627711831
148.675702000 -74.145580595 24.426212369 45.883204418 0.115958821 0.765387052 0.079413116 0.628036439
148.775604000 -74.134418753 24.426762650 45.891342038 0.113853253 0.765427326 0.081147038 0.628150940
148.875731000 -74.120495360 24.425938926 45.899158573 0.111802977 0.765720739 0.082982536 0.627921765
148.976030000 -74.124427402 24.425043670 45.905069874 0.110848392 0.765509277 0.083911801 0.628225270
149.076548000 -74.116270106 24.427240956 45.910287749 0.109295209 0.765142269 0.084810097 0.628823595
149.177025000 -74.232943337 24.469200928 45.928690263 0.108029226 0.765355340 0.085881473 0.628637624
149.277413000 -74.241262988 24.476366578 45.927286187 0.108135921 0.765493702 0.085532974 0.628498310
149.377713000 -74.281978040 24.486061755 45.934932324 0.107487342 0.765667605 0.086109970 0.628318918
149.477878000 -74.321989197 24.498439815 45.942666844 0.105123324 0.765654924 0.089867917 0.628208072
149.578017000 -74.370480895 24.523174622 45.934379292 0.105338791 0.765727250 0.087288230 0.628447518
149.678062000 -74.440276149 24.539015171 45.918307666 0.110049213 0.764557075 0.087313466 0.629061212
149.778153000 -74.443471361 24.531665150 45.898512407 0.111408568 0.764950675 0.088760267 0.628140279
149.878578000 -74.524562952 24.544959225 45.893694515 0.103354851 0.766348059 0.084341258 0.628422612
149.978961000 -74.610273907 24.576319079 45.890255513 0.110958520 0.763833895 0.081466444 0.630562611
150.079298000 -74.643251251 24.589515961 45.883892284 0.114214264 0.763106196 0.086740484 0.630158808
150.179741000 -74.809119585 24.638309777 45.916384512 0.112089539 0.761801633 0.081016465 0.632874821
150.280361000 -74.895950180 24.653781972 45.892382333 0.107964698 0.764347863 0.082318528 0.630348815
150.380390000 -75.013426116 24.682471261 45.867486048 0.113001567 0.763652373 0.086840655 0.629701833
150.480776000 -75.112381241 24.702414430 45.850960181 0.114112143 0.764386876 0.082540146 0.629188563
150.580850000 -75.184621615 24.725456733 45.839189804 0.110765304 0.763903412 0.083815675 0.630204378
150.680663000 -75.281092368 24.747736990 45.819492075 0.112727244 0.764040024 0.092259452 0.628509032
150.780620000 -75.359337556 24.767907945 45.800486355 0.113169296 0.763065225 0.092525041 0.629573895
150.880737000 -75.502185256 24.813735069 45.747461475 0.113405968 0.763222259 0.091099374 0.629548866
150.980366000 -75.611143263 24.854623388 45.714237485 0.112028844 0.764903807 0.105011508 0.625575166
151.080034000 -75.729821461 24.873636310 45.694396341 0.108279755 0.765485871 0.095284934 0.627078669
151.179988000 -75.776308505 24.884327308 45.676966658 0.101474969 0.766864087 0.092493286 0.626950792
151.279789000 -75.871634386 24.932654225 45.671148540 0.112752102 0.761731338 0.088783846 0.631798829
151.379592000 -75.943042771 24.943052664 45.662452994 0.113869931 0.762594855 0.080727757 0.631637360
151.479481000 -76.039693654 24.981173405 45.643158053 0.114443911 0.762122546 0.070046024 0.633376169
151.579672000 -76.159078396 25.015042391 45.611662830 0.114580398 0.765781423 0.073530617 0.628524776
151.679886000 -76.220055816 25.029147348 45.595894595 0.112492804 0.766194261 0.070048699 0.628796392
151.780528000 -76.335719933 25.060541485 45.581059322 0.104465657 0.767451063 0.070407938 0.628608396
151.880631000 -76.465080660 25.094661819 45.563035845 0.118856071 0.763228616 0.069905654 0.631243625
151.980463000 -76.560203201 25.107170211 45.545718335 0.113756838 0.764377421 0.074101331 0.630313837
152.080631000 -76.627897602 25.129230243 45.531898466 0.113954273 0.763204599 0.065520303 0.632645441
152.180665000 -76.713431911 25.146903516 45.500918374 0.110293200 0.766406470 0.083224782 0.627319830
152.280416000 -76.817573918 25.164767102 45.485569144 0.116562756 0.765709384 0.073529242 0.628248131
152.380926000 -76.938373009 25.197963547 45.451010062 0.108103146 0.772153602 0.071983873 0.622021580
152.481074000 -77.070178675 25.259425381 45.401704622 0.101181887 0.780815026 0.084528882 0.610692221
152.580861000 -77.161089691 25.279904883 45.369254005 0.100322593 0.790464519 0.093653535 0.596934031
152.680721000 -77.279073815 25.313576265 45.321438963 0.107793045 0.790136863 0.081265968 0.597879786
152.780968000 -77.367740171 25.340115804 45.280542578 0.122557429 0.791434273 0.077885650 0.593755248
152.880751000 -77.479907174 25.357739508 45.245715750 0.121596905 0.789237660 0.079240885 0.596690030
152.981090000 -77.600612688 25.385397067 45.213107942 0.112958195 0.792014480 0.074547238 0.595311867
153.081019000 -77.736099987 25.431288515 45.183969341 0.118253524 0.787838573 0.072051166 0.600112587
153.180769000 -77.850269309 25.457444121 45.157283170 0.120753663 0.788832305 0.075195900 0.597919496
153.280419000 -77.973056262 25.488496096 45.123812373 0.118708769 0.787812316 0.068703278 0.600449701
153.380251000 -78.105177669 25.529076868 45.080141845 0.111973728 0.790907812 0.071003938 0.597398660
153.479851000 -78.196847890 25.539041272 45.056914029 0.119657958 0.789724968 0.068494781 0.597766603
153.579903000 -78.317084955 25.564016226 45.018597734 0.108128314 0.795084330 0.067719422 0.592927698
153.679682000 -78.429483661 25.606509850 44.989883479 0.115298166 0.790588469 0.067868883 0.597553362
153.779837000 -78.504350237 25.620163026 44.968615587 0.117897586 0.791109095 0.071457341 0.595936580
153.880025000 -78.621620487 25.647590616 44.934042509 0.118534821 0.789576470 0.060018645 0.599096200
153.980296000 -78.701186713 25.679370534 44.904259302 0.111547683 0.793016048 0.064669280 0.595399485
154.080058000 -78.798818324 25.697161696 44.883882611 0.117149562 0.791221209 0.059688186 0.597228850
154.179973000 -78.900834007 25.716757027 44.860568773 0.109815173 0.792386118 0.059387078 0.597108066
154.279729000 -78.982627218 25.731457395 44.841186277 0.109730925 0.795024605 0.053036460 0.594207149
154.379332000 -79.067087070 25.754717987 44.803851449 0.111747403 0.803630498 0.061362038 0.581313377
154.479181000 -79.149525435 25.767599831 44.762471260 0.110173038 0.814677389 0.059421257 0.566243559
154.579269000 -79.242555842 25.817547071 44.683528382 0.085378156 0.836196678 0.071796409 0.536964582
154.678893000 -79.331677031 25.815433977 44.626588243 0.087954756 0.852147900 0.063916813 0.511881391
154.778908000 -79.424377957 25.816237124 44.549430788 -0.078989524 -0.866720883 -0.042174207 -0.490690231
154.879012000 -79.521990916 25.830568959 44.456835167 -0.073163941 -0.878102633 -0.033356332 -0.471667424
154.979062000 -79.612140015 25.805465481 44.375513857 -0.071578403 -0.887560743 -0.014152309 -0.454875996
155.079502000 -79.685177965 25.804426887 44.299989125 -0.068440632 -0.889486621 0.005046075 -0.451778671
155.179919000 -79.756480346 25.795473895 44.243646194 -0.090510651 -0.889620369 0.018913855 -0.447242313
155.280599000 -79.848401753 25.784952305 44.157023703 -0.082586428 -0.893614576 0.027941946 -0.440285951
155.381579000 -79.935352260 25.801111936 44.081333789 -0.076067338 -0.900751394 0.023930240 -0.426952022
155.482022000 -79.957858248 25.810267872 43.976662729 -0.071944158 -0.912029557 -0.000365132 -0.403764773
155.581874000 -79.977337788 25.807493290 43.852229497 -0.065575121 -0.938847525 -0.015050851 -0.337696166
155.680648000 -79.993768113 25.810877179 43.743552865 -0.076970220 -0.953172255 -0.009177593 -0.292325176
155.780383000 -79.988256145 25.818723837 43.651921128 -0.082389644 -0.963422220 -0.015078263 -0.254562800
155.880314000 -79.938295765 25.795335957 43.623341596 -0.108782821 -0.973158708 -0.007789369 -0.202651800
155.979507000 -79.939896464 25.787934828 43.620476941 -0.111743848 -0.974430887 -0.006915144 -0.194807442
156.079017000 -79.937122167 25.784374898 43.610289369 -0.116477305 -0.977007569 -0.006779378 -0.178446877
156.179104000 -79.922810964 25.787462284 43.555498022 -0.117467543 -0.982771041 -0.007397096 -0.142505227
156.279186000 -79.912541822 25.796614979 43.506305266 -0.103662305 -0.988361789 -0.008561784 -0.111003585
156.379362000 -79.927171362 25.805984976 43.339891215 -0.083651697 -0.992923097 -0.014577701 -0.083027751
156.480342000 -79.939050609 25.809058302 43.116308247 -0.099416366 -0.992700156 -0.005886567 -0.068030403
156.582099000 -79.921616947 25.780650072 42.914710671 -0.100626217 -0.993010305 0.000312975 -0.061683061
156.683080000 -79.915297311 25.781272808 42.906071747 -0.099605010 -0.993216112 -0.004399634 -0.059843459
156.783447000 -79.910277968 25.789023280 42.770607503 -0.114267904 -0.991453024 0.003469347 -0.062862636
156.883129000 -79.883986227 25.786548006 42.722592232 -0.110275906 -0.992058476 -0.001256144 -0.060478322
156.981994000 -79.878798705 25.784272159 42.712915560 -0.110240845 -0.992121231 -0.003680374 -0.059404330
157.081092000 -79.882524790 25.779101918 42.559662421 -0.104815915 -0.993100089 0.003791042 -0.052454407
157.179796000 -79.902119564 25.790836580 42.425652110 -0.111564694 -0.992165228 0.004534696 -0.056043867
157.278962000 -79.907952107 25.783129950 42.343242276 -0.110260495 -0.992301612 0.000073451 -0.056392634
157.378642000 -79.923786756 25.751813445 42.001389952 -0.112259364 -0.991968385 0.005671514 -0.058003377
157.478704000 -79.945498177 25.752049659 41.935422327 -0.115513536 -0.991606681 0.011099027 -0.057005480
157.578578000 -79.951141299 25.798686242 42.168115515 -0.117902626 -0.991444564 0.007289917 -0.055529318
157.678671000 -79.971516958 25.764601086 41.891141856 -0.116245559 -0.991606809 0.015013547 -0.054566479
157.778737000 -79.990088792 25.766590615 41.922783772 -0.114567069 -0.991788717 0.015838176 -0.054577281
157.878821000 -79.957803388 25.787957877 42.175079344 -0.106818322 -0.993160494 0.007222878 -0.046582280
157.979199000 -79.948463846 25.764367785 42.151393214 -0.079958220 -0.996426851 0.006866240 -0.026326207
158.079531000 -79.949766506 25.801803212 42.126185920 -0.090603215 -0.995690737 0.009661133 -0.017253295
158.179584000 -79.912465394 25.797329845 42.402912164 -0.119852024 -0.992712860 0.003280282 -0.012079267
158.280347000 -79.910356826 25.794914037 42.644764497 -0.109806668 -0.993872981 0.009855881 -0.007864832
158.381025000 -79.990828106 25.891498854 42.848676456 -0.118184126 -0.992885640 0.011801299 -0.008446732
158.481367000 -80.005826877 25.889578250 42.805600257 -0.134351236 -0.990827671 0.009110434 -0.011281515
158.581475000 -80.024059723 25.862969748 42.811879066 -0.130755643 -0.991251792 0.013635159 -0.011701669
158.681551000 -80.015090292 25.870659866 42.819450466 -0.132352294 -0.990977687 0.017411900 -0.011954879
158.781162000 -80.000534760 25.749550339 42.736068871 -0.128167891 -0.991641341 0.012716997 -0.007662983
158.880549000 -80.051862168 25.857627894 42.192285015 -0.131540147 -0.991044529 0.021934584 -0.006841462
158.980131000 -80.054583656 25.858550217 42.108210956 -0.124375181 -0.991835848 0.027018708 -0.007902818
159.079587000 -80.062932745 25.816262873 42.090625145 -0.127000048 -0.991685536 0.018940005 -0.008488959
159.179063000 -80.117896896 25.784473584 42.050141765 -0.121576984 -0.992377904 0.018388286 -0.008185537
159.278988000 -80.079032061 25.764376672 42.097689419 -0.134328918 -0.990583878 0.024472254 -0.010021553
159.379081000 -80.095740496 25.729626645 42.034060549 -0.099198129 -0.994971990 0.013197704 0.004036266
159.479148000 -80.049299832 25.653279452 41.822190976 -0.104727590 -0.994056727 0.021695537 0.020314018
159.579957000 -80.042947200 25.631297136 41.672928321 -0.090433152 -0.994702754 0.033748980 0.035345188
159.680540000 -79.975565620 25.625911577 41.663429106 -0.100257892 -0.993757654 0.028703159 0.039625859
159.780995000 -79.946905078 25.572042336 41.430138637 -0.106000009 -0.992931075 0.027803532 0.045594329
159.880928000 -79.873481941 25.578345046 41.315533541 -0.128983962 -0.990202324 0.031859117 0.042982459
159.980537000 -79.802830783 25.595147386 41.301310832 -0.128738858 -0.990223032 0.024377583 0.047857985
160.080106000 -79.782321354 25.641751387 41.159615985 -0.126318043 -0.990516930 0.026754813 0.046948298
160.180330000 -79.783249688 25.637236696 40.995822196 -0.119872397 -0.991086871 0.033836477 0.047249510
160.280354000 -79.775444978 25.626435274 40.894409613 -0.112690512 -0.992243073 0.028039223 0.044365909
160.380367000 -79.796529577 25.569083713 40.758551688 -0.118675024 -0.991785242 0.027627086 0.038923208
160.480516000 -79.786996579 25.559750143 40.620600127 -0.135527920 -0.989778328 0.032179063 0.030586801
160.580431000 -79.770000489 25.569771597 40.543177790 -0.117122415 -0.992018386 0.029437826 0.036266722
160.679926000 -79.758550333 25.561125046 40.447753045 -0.116139470 -0.992103079 0.031294543 0.035549346
160.780183000 -79.752460882 25.552455351 40.299844472 -0.107392245 -0.992910493 0.037019168 0.035003415
160.880250000 -79.731980370 25.529710461 40.098431001 -0.109203441 -0.992868452 0.035725366 0.031789064
160.980107000 -79.727946541 25.502444291 39.992728775 -0.106143791 -0.993308714 0.030613406 0.033676594
161.080030000 -79.708066011 25.500367723 39.837908127 -0.112054416 -0.992561742 0.036360522 0.030706820
161.179924000 -79.698353788 25.509048108 39.641969853 -0.104518352 -0.993273614 0.034193625 0.036252414
161.279441000 -79.676144928 25.496015556 39.406251885 -0.108222317 -0.992937588 0.033176240 0.035527639
161.379406000 -79.665268767 25.472404413 39.249942487 -0.103716464 -0.993198926 0.038960573 0.035789131
161.479108000 -79.692614200 25.455275095 39.181844061 -0.105040129 -0.993374612 0.036437597 0.029081830
161.579009000 -79.686934920 25.453038556 39.159872951 -0.105388103 -0.993475197 0.033059109 0.028416127
161.678961000 -79.655348404 25.422924156 39.028417667 -0.107274377 -0.993218112 0.035605809 0.027243651
161.778907000 -79.613014470 25.431763532 39.013717927 -0.095955183 -0.994236308 0.034333744 0.033286039
161.878556000 -79.605838330 25.432635160 38.938160556 -0.095010771 -0.994317205 0.035749927 0.032065442
161.978959000 -79.605321571 25.421121283 38.820911977 -0.089542815 -0.994594975 0.042180506 0.031364390
162.079298000 -79.599257176 25.406215666 38.753804932 -0.090601943 -0.994775013 0.037112224 0.028924809
162.179536000 -79.588769834 25.408396070 38.725680659 -0.085930735 -0.995301152 0.032599430 0.030476258
162.280202000 -79.590682274 25.392929031 38.679777376 -0.085529029 -0.995271048 0.035372430 0.029480811
162.380959000 -79.571672816 25.410944719 38.589133471 -0.073967047 -0.996219305 0.028582374 0.035482677
162.481126000 -79.522711716 25.390921687 38.416970618 -0.075013148 -0.996062520 0.032029102 0.034736429
162.581564000 -79.526948517 25.386759505 38.331155833 -0.072433312 -0.996007862 0.038839537 0.034831651
162.681363000 -79.524434905 25.382012233 38.236890520 -0.074599267 -0.996100680 0.033727100 0.032876534
162.780770000 -79.551530725 25.343808355 38.240916225 -0.065775044 -0.996861936 0.027861033 0.034112858
162.880063000 -79.480877840 25.324413394 37.993760139 -0.073655718 -0.996200930 0.033404586 0.032290490
162.979538000 -79.466707992 25.325767378 37.839026789 -0.064643417 -0.996585875 0.035819838 0.036807074
163.078767000 -79.464308741 25.283854740 37.500827111 -0.073174119 -0.996124222 0.032054633 0.036804668
163.178398000 -79.532618676 25.257851707 37.499372248 -0.067496661 -0.996352237 0.037706185 0.036120140
163.278019000 -79.561155405 25.235130813 37.389052454 -0.088017650 -0.994962268 0.040063307 0.026417991
163.378025000 -79.563558768 25.232125945 37.375192752 -0.080461530 -0.995861447 0.033994809 0.025105254
163.478645000 -79.560273958 25.224457861 37.300169535 -0.080589400 -0.995723656 0.037745140 0.024800278
163.579499000 -79.548136690 25.210609138 37.201327406 -0.078124797 -0.995712027 0.042410043 0.025602010
163.679843000 -79.529695898 25.202756230 37.079935689 -0.079184568 -0.995737215 0.037932135 0.028255179
163.780086000 -79.533049697 25.196335509 36.954641501 -0.077892349 -0.995639797 0.043347094 0.027481026
163.879959000 -79.540253526 25.183470816 36.788199825 -0.090701814 -0.994902376 0.038878028 0.020759144
163.979661000 -79.537148610 25.183142117 36.696138717 -0.089784084 -0.995356480 0.031728387 0.014057189
164.079646000 -79.510661895 25.170998919 36.589674009 -0.089039447 -0.995330877 0.035467005 0.011424283
164.179406000 -79.476977151 25.162379660 36.481884709 -0.083822132 -0.995571805 0.040262939 0.013766917
164.278644000 -79.474056911 25.158204462 36.360847676 -0.077955625 -0.996212937 0.034979039 0.016098828
164.378224000 -79.474258544 25.144228545 36.252296462 -0.077954519 -0.995992632 0.040727648 0.016218170
164.477984000 -79.451504199 25.146693344 36.169550712 -0.073970833 -0.996120644 0.045526123 0.014119143
164.577766000 -79.447292638 25.139838852 36.078755066 -0.068570757 -0.996850757 0.036971825 0.014822426
164.678079000 -79.473983631 25.141292055 36.050324639 -0.073202234 -0.996424269 0.039116333 0.015812055
164.778755000 -79.469920800 25.133671496 35.956319442 -0.070891772 -0.996691537 0.036298472 0.016209781
164.879182000 -79.465787980 25.123310530 35.859111793 -0.069557484 -0.996916234 0.030352974 0.019961866
164.979612000 -79.466117300 25.098690831 35.738938952 -0.069895390 -0.996512126 0.041447743 0.018981599
165.079864000 -79.468845164 25.095765454 35.620088318 -0.065525701 -0.996624314 0.046354571 0.017251465
165.179591000 -79.464356482 25.099272890 35.518132054 -0.063491831 -0.997120977 0.037284298 0.018122524
165.279492000 -79.462461129 25.083720023 35.405478678 -0.068185170 -0.996764538 0.037862562 0.019433588
165.379707000 -79.437505959 25.071250571 35.258291075 -0.068136797 -0.996650753 0.040773107 0.019550106
165.479772000 -79.445408686 25.072396012 35.161872446 -0.066897546 -0.996810212 0.036999085 0.022916980
165.579663000 -79.446422325 25.062272045 35.079758699 -0.068444568 -0.996554144 0.040259562 0.023965531
165.679539000 -79.464519883 25.075155988 34.893144208 -0.062465161 -0.996837663 0.043663549 0.022500478
165.779025000 -79.465529601 25.055099731 34.863585255 -0.066433755 -0.996870214 0.037583054 0.020587551
165.878612000 -79.461703908 25.050690857 34.811584547 -0.067170566 -0.996782702 0.038403757 0.020916773
165.978715000 -79.460612131 25.042786025 34.638339649 -0.075503801 -0.995901377 0.045457932 0.020327328
166.079129000 -79.450813513 25.023642802 34.403618963 -0.072540093 -0.996227114 0.041237305 0.023852798
166.179385000 -79.428924521 25.002000303 34.286582089 -0.073386470 -0.996057522 0.043815371 0.023749777
166.279781000 -79.419853964 24.983882859 34.140605005 -0.067312947 -0.996224404 0.049649549 0.023255671
166.379712000 -79.418245543 24.978745061 34.062992177 -0.065719989 -0.996631183 0.044313299 0.021059451
166.479538000 -79.422766150 24.971134935 33.986732563 -0.070907971 -0.996167158 0.046754003 0.020907312
166.579521000 -79.416177891 24.955684839 33.857328270 -0.077308552 -0.995133555 0.059649191 0.013212499
166.679676000 -79.431352399 24.967542999 33.781609291 -0.078344345 -0.994597940 0.068005397 0.003516706
166.780114000 -79.449606686 24.971171757 33.623835533 -0.080703927 -0.991985844 0.093889989 -0.025211751
166.880850000 -79.463315819 24.976648586 33.517570303 -0.088200416 -0.990000517 0.104598630 -0.034333519
166.980739000 -79.493860472 24.980504689 33.222921610 -0.071921970 -0.990108281 0.111715120 -0.045083858
167.080676000 -79.505719323 24.956024835 33.019421937 -0.060927199 -0.989794983 0.115769070 -0.056491501
167.180680000 -79.490526002 24.953456980 33.002193628 -0.055982353 -0.989812886 0.117482249 -0.057743817
167.280040000 -79.502719227 24.946305055 32.751183216 -0.024320818 -0.993933046 0.094876313 -0.050040806
167.379409000 -79.533991542 24.977654692 32.748995634 -0.049728673 -0.994226115 0.080540694 -0.050543919
167.479744000 -79.518730100 24.970241222 32.746512825 -0.050777041 -0.994480699 0.075154813 -0.052740735
167.580141000 -79.470957019 25.032089747 32.836933329 -0.041869522 -0.996234840 0.062203402 -0.043518085
167.680068000 -79.429579697 25.020216199 32.899607663 -0.037026127 -0.998137099 0.042222019 -0.023847383
167.779661000 -79.367339555 25.015116936 32.948552957 -0.033928821 -0.998544714 0.041806797 -0.003079205
167.879166000 -79.323780713 25.067384922 32.743784856 -0.002289831 -0.998747542 0.040317811 0.029539429
167.978440000 -79.350311681 24.995151371 32.665619525 -0.018873102 -0.997728016 0.041482297 0.049616837
168.078794000 -79.330597207 25.022909062 32.528221411 -0.018331539 -0.997299308 0.044075569 0.055815667
168.179352000 -79.323210735 25.030353990 32.501052701 -0.031340593 -0.997196488 0.023644587 0.063701373
168.279598000 -79.314595382 25.034742923 32.522113496 -0.041754791 -0.996743104 0.023755700 0.064771820
168.379853000 -79.272528727 25.034640971 32.422935157 -0.062812679 -0.995718473 0.024848400 0.063101876
168.479927000 -79.261010172 25.035696843 32.390720151 -0.063295610 -0.995631914 0.020650081 0.065454813
168.580089000 -79.233579594 25.021777148 32.308573333 -0.047633167 -0.996494340 0.027339529 0.063108336
168.680679000 -79.213720276 25.037840986 32.345253343 -0.039830847 -0.996283660 0.031602756 0.069524369
168.780703000 -79.223476066 25.028409096 32.210752247 -0.053779732 -0.996282431 0.031181721 0.059638573
168.881200000 -79.271586651 25.002164318 31.996747541 -0.073901354 -0.995681395 0.047847094 0.029458538
168.982068000 -79.237600348 24.985777301 31.951222175 -0.078731913 -0.995165897 0.054891182 0.020810602
169.081572000 -79.238312712 25.003196116 31.955784245 -0.072352180 -0.996141238 0.045233849 0.020535224
169.180794000 -79.239950331 24.983999289 31.860673272 -0.064991209 -0.996166881 0.055654632 0.018172775
169.280162000 -79.202265494 24.960640126 31.866177835 -0.058796557 -0.996935601 0.047449607 0.020270840
169.379341000 -79.201365902 24.959734388 31.933610248 -0.057841406 -0.997264691 0.041915461 0.018989509
169.479603000 -79.207930879 24.935718007 31.738415073 -0.042568518 -0.997629367 0.052775357 0.011761371
169.580575000 -79.214364043 24.923045551 31.738869927 -0.045709993 -0.997436208 0.052876965 0.015350385
169.680800000 -79.220016920 24.918089169 31.619795207 -0.057743343 -0.997471264 0.040712343 0.007699988
169.781230000 -79.248141300 24.881759577 31.363693664 -0.067074736 -0.996805779 0.041366323 -0.012963294
169.881890000 -79.265514901 24.865234938 31.225419531 -0.080850262 -0.994848384 0.056232331 -0.024038559
169.981440000 -79.282043312 24.857197022 31.085676841 -0.053215100 -0.995930571 0.062038545 -0.037969339
170.081058000 -79.305076673 24.791498632 30.919556240 -0.066541846 -0.994893753 0.071431501 -0.025615284
170.179918000 -79.428888725 24.737527198 30.764143275 -0.063575696 -0.992743442 0.088855559 -0.050232253
170.280036000 -79.430412965 24.735163948 30.516031645 -0.070986859 -0.989903510 0.097520463 -0.074442364
170.379754000 -79.447872696 24.758853640 30.291604484 -0.082554655 -0.989338858 0.085315014 -0.084348687
170.479302000 -79.485256949 24.727525051 30.153592151 -0.086846134 -0.988481461 0.076381394 -0.097611641
170.578958000 -79.563565358 24.790053213 30.205092051 -0.070309354 -0.990715926 0.071364602 -0.091900176
170.678095000 -79.614846016 24.788629772 29.928015129 -0.073493757 -0.991815505 0.057073600 -0.087425827
170.778298000 -79.647671445 24.785475176 29.706100675 -0.075145633 -0.991827263 0.047450336 -0.091543869
170.879124000 -79.576802899 24.774379417 29.518506535 -0.063383309 -0.993441579 0.045098047 -0.083800668
170.979216000 -79.597104493 24.716156432 29.504218634 -0.042251669 -0.996610648 0.034598470 -0.061522016
171.079462000 -79.626191800 24.685213097 29.288074505 -0.047060104 -0.997208288 0.036091406 -0.045369455
171.180305000 -79.630545543 24.634166709 29.049981657 -0.051555741 -0.997123888 0.037850310 -0.040660943
171.281090000 -79.639841810 24.625647787 28.932066185 -0.048382834 -0.997523855 0.029532292 -0.041630556
171.381595000 -79.645170953 24.615053772 28.736713645 -0.059516540 -0.996819586 0.032441509 -0.041905167
171.481649000 -79.644376335 24.615246463 28.657278709 -0.064291270 -0.996477949 0.033421988 -0.042205445
171.581088000 -79.649715776 24.564779656 28.618763158 -0.063545314 -0.996925877 0.024471091 -0.038755050
171.680482000 -79.657785525 24.549101403 28.403350707 -0.063642618 -0.996826654 0.028735127 -0.038216895
171.780260000 -79.724758371 24.555870032 28.175346901 -0.057816214 -0.997017935 0.032660332 -0.039316974
171.879907000 -79.733431406 24.551853742 28.080438866 -0.059380255 -0.996993465 0.028104072 -0.041087439
171.979599000 -79.776540163 24.541847814 28.040128586 -0.062423003 -0.996712433 0.030285433 -0.041838822
172.079578000 -79.769784475 24.554448864 27.954154287 -0.061465082 -0.996774113 0.034227602 -0.038624900
172.179051000 -79.854093850 24.577330019 28.129894422 -0.040900800 -0.998481962 0.029714629 -0.021861754
172.278530000 -79.977448880 24.528734114 28.426053071 -0.045693886 -0.998244743 0.034525646 -0.015082506
172.378595000 -80.068271291 24.537573971 28.574035050 -0.046173299 -0.998065917 0.038688355 -0.015351291
172.478592000 -80.044230393 24.567006028 28.709859604 -0.041957167 -0.998612329 0.029143984 -0.012792196
172.578289000 -80.074983165 24.545830336 28.942031388 -0.031322211 -0.999166699 0.025510576 -0.005834223
172.678217000 -80.084082524 24.580542562 29.133726231 -0.038164520 -0.998720236 0.032279932 -0.007704928
172.778368000 -80.120769943 24.594209813 29.176199929 -0.039927248 -0.998904064 0.023744639 -0.005716392
172.878560000 -80.163388876 24.495962747 29.108974815 -0.050455331 -0.998399035 0.024573019 -0.007056467
172.979338000 -80.220165154 24.517823804 29.158495816 -0.042542974 -0.998577723 0.031614322 -0.005758626
173.079769000 -80.206046331 24.519926469 28.860180645 -0.044589218 -0.998589948 0.027617585 -0.008196671
173.179835000 -80.222732472 24.504709248 28.892621141 -0.044685446 -0.998606289 0.026955589 -0.007879568
173.279753000 -80.260615309 24.503890195 28.819565946 -0.050142070 -0.998033998 0.036078564 -0.010594780
173.379618000 -80.238685328 24.515153135 28.773410885 -0.045630781 -0.998294177 0.036126452 -0.004631163
173.479171000 -80.222710196 24.501121555 28.664683745 -0.044547298 -0.998269002 0.038398119 0.000348878
173.579251000 -80.214574167 24.496737363 28.511320802 -0.012533147 -0.998735539 0.045255840 0.017948583
173.678849000 -80.234246515 24.493047550 28.323837011 -0.020307625 -0.997933922 0.047715753 0.037930128
173.778488000 -80.197795964 24.477686568 28.189413832 -0.014282686 -0.996875331 0.040448079 0.066328973
173.878451000 -80.190833703 24.479191315 28.073256654 -0.018481454 -0.996632815 0.042944041 0.067359312
173.979425000 -80.159055060 24.497549259 28.053638047 -0.031428410 -0.996539162 0.043390126 0.063555095
174.080166000 -80.130859151 24.421700680 28.037519150 -0.036003735 -0.996847323 0.034437870 0.061750939
174.180765000 -80.130562977 24.390173536 27.873233347 -0.027353545 -0.996534231 0.039543208 0.067879634
174.280738000 -80.117125564 24.410143830 27.779610560 -0.033798262 -0.996122248 0.040994546 0.070125543
174.380693000 -80.100692377 24.359534423 27.687697214 -0.034123617 -0.996409877 0.036505395 0.068339537
174.480747000 -80.045941457 24.355527480 27.492162796 -0.037248470 -0.996279399 0.041877550 0.065468934
174.580663000 -80.029034972 24.313540684 27.337610660 -0.034240059 -0.995918798 0.044969185 0.070364324
174.679969000 -79.992713991 24.313087301 27.220463590 -0.036716639 -0.995876239 0.041986291 0.071551074
174.779716000 -79.963859524 24.294111308 27.050577294 -0.035065018 -0.995535247 0.050202574 0.071831177
174.879373000 -79.952018354 24.268887771 26.852087341 -0.036493345 -0.995635079 0.053053725 0.067559805
174.979102000 -79.936504543 24.241806880 26.705683366 -0.032994111 -0.996055319 0.043992414 0.069640914
175.079183000 -79.933229879 24.228253192 26.629448519 -0.032796725 -0.995795193 0.047363931 0.071224762
175.179252000 -79.915958978 24.205479893 26.454747694 -0.033286955 -0.995583992 0.049010990 0.072817696
175.279123000 -79.943234696 24.188440619 26.416086898 -0.031202678 -0.995832474 0.045266041 0.072767175
175.379289000 -79.948138904 24.180927955 26.242068774 -0.030894152 -0.995408230 0.051271156 0.074694548
175.479224000 -79.930779720 24.179141011 26.055131970 -0.037439480 -0.995534134 0.051736629 0.069522623
175.579099000 -79.931556376 24.155628724 25.981248891 -0.036450384 -0.996062240 0.044879601 0.067210158
175.679014000 -79.924873763 24.171432108 25.796000050 -0.058694763 -0.995803706 0.047940375 0.051299367
175.779481000 -79.911939276 24.172980114 25.611801637 -0.075241562 -0.995527844 0.047492252 0.031741238
175.879625000 -79.918570032 24.134307304 25.346344810 -0.079733574 -0.995837499 0.043070778 0.009753988
175.980098000 -79.922911721 24.107369065 25.244011882 -0.068707842 -0.996187528 0.053737015 -0.001405099
176.080182000 -79.942895222 24.105978585 25.117775838 -0.043563289 -0.997336986 0.058483631 0.000917526
176.179804000 -79.936112827 24.093570100 25.089032742 -0.037217159 -0.997922069 0.052558216 0.002015440
176.279718000 -79.949317627 24.086855730 24.979722489 -0.043760976 -0.997331808 0.058273883 -0.004289002
176.379971000 -79.923949642 24.072265090 24.880643297 -0.030233356 -0.997666630 0.061210665 -0.000703473
176.479642000 -79.934223518 24.039305972 24.753368846 -0.029970136 -0.998059755 0.053786635 0.009247390
176.579469000 -79.934568131 24.033537263 24.633992280 -0.019206201 -0.998225340 0.053378730 0.018110844
176.679533000 -79.941993369 24.048826899 24.432819368 -0.030780082 -0.998112734 0.051462280 0.013235964
176.779815000 -79.933102521 24.027176275 24.346398181 -0.029376745 -0.998627798 0.041348592 0.013031557
176.879970000 -79.922865621 24.021391981 24.256099516 -0.036658980 -0.998336058 0.042708414 0.012538937
176.980091000 -79.891920271 23.995101147 24.082739783 -0.027481728 -0.998593322 0.042895039 0.014701964
177.079717000 -79.895461698 23.992109355 24.045969477 -0.028999000 -0.998787538 0.036441023 0.015955044
177.179269000 -79.891694129 23.985891053 23.967993929 -0.026726035 -0.998679991 0.040321327 0.017268058
177.278768000 -79.891037213 23.993825234 23.815716068 -0.025424619 -0.998721556 0.041711901 0.012998419
177.378354000 -79.873126056 23.978173964 23.683968975 -0.022868177 -0.999131491 0.031822322 0.014165118
177.478258000 -79.870599202 23.985204686 23.615446726 -0.029427540 -0.998903250 0.033956256 0.013163985
177.578447000 -79.850724689 23.959865993 23.463338754 -0.017584568 -0.999078137 0.036305074 0.014683379
177.678197000 -79.846649934 23.952910661 23.419215745 -0.017434503 -0.999250990 0.030426669 0.016362006
177.778173000 -79.821000412 23.962149526 23.337827093 -0.026488955 -0.998884918 0.034979532 0.017426628
177.878114000 -79.815231374 23.968879147 23.287422743 -0.010976083 -0.999258895 0.034203675 0.013830927
177.978136000 -79.814374841 23.978311714 23.281937499 -0.013834819 -0.999406727 0.028330944 0.013861785
178.078349000 -79.814675455 23.968637112 23.223038525 -0.030042087 -0.999021294 0.028084129 0.016285206
178.178624000 -79.800981815 23.946984645 23.141801104 -0.014693701 -0.999442641 0.026732424 0.013560273
178.278781000 -79.793535908 23.948959866 23.088142068 -0.008408847 -0.999528648 0.024371845 0.016666942
178.378935000 -79.779582488 23.918658800 23.045828249 -0.020931591 -0.999203505 0.023162824 0.024853720
178.479034000 -79.743485409 23.936136064 23.032282498 -0.017844877 -0.998699001 0.023570986 0.041548467
178.578418000 -79.718049163 23.933805112 23.012244804 -0.016406839 -0.997337980 0.022846186 0.067274226
178.677545000 -79.691422416 23.940786935 22.998110022 -0.014496305 -0.994441895 0.022071760 0.101921596
178.776961000 -79.676478948 23.940883081 22.959394605 -0.013935316 -0.990275344 0.020126095 0.136950683
178.876636000 -79.653447360 23.947027539 22.869335671 -0.014664750 -0.985252452 0.019112775 0.169402635
178.976485000 -79.619664642 23.930547720 22.808806590 -0.013861534 -0.978692798 0.019803149 0.203902184
179.076711000 -79.612725625 23.922442002 22.707479134 -0.009104270 -0.970788177 0.022410887 0.238715688
179.177041000 -79.609838548 23.910772559 22.649259769 -0.010354575 -0.963837234 0.022114565 0.265370526
179.277440000 -79.596703088 23.895991750 22.575169243 -0.007736780 -0.957442378 0.022849074 0.287614594
179.377722000 -79.591524075 23.898933400 22.497459061 -0.006288657 -0.952812676 0.022301158 0.302673281
179.478146000 -79.592936179 23.899327365 22.447129055 -0.006197907 -0.950565037 0.023504579 0.309572660
179.578642000 -79.581305325 23.869093106 22.382154922 -0.006422623 -0.950585566 0.014606681 0.310052377
179.679071000 -79.587235274 23.852980471 22.426928604 -0.012682727 -0.951010165 0.011709333 0.308677350
179.779932000 -79.575557964 23.845395253 22.386278274 -0.009659373 -0.950501531 0.022331084 0.309765813
179.880377000 -79.575372221 23.821929287 22.340645570 0.003541109 -0.948738710 0.021162252 0.315332332
179.979979000 -79.477604843 23.827495543 22.238284914 0.014767539 -0.942684145 0.008016420 0.333263050
180.079596000 -79.398314176 23.822491429 22.085209541 0.037670114 -0.933326433 0.005492691 0.357004990
180.179234000 -79.311590495 23.879012736 21.975927088 0.048618646 -0.923549041 0.004019447 0.380364615
180.278926000 -79.266822057 23.853449956 21.901045181 0.048212428 -0.917813269 -0.012184776 0.393885638
180.379111000 -79.185875392 23.828659442 21.860075156 0.032608983 -0.909112503 -0.018852925 0.414844162
180.478991000 -79.123687254 23.905466971 21.850507810 0.049524084 -0.894926293 -0.010132419 0.443341436
180.578474000 -79.035661821 23.833521940 21.830764099 0.073006629 -0.872176347 -0.004999861 0.483687352
180.677982000 -79.096329231 23.856869032 21.786391025 0.058238827 -0.859221675 0.006453571 0.508236858
180.778416000 -78.930252563 23.889667121 21.722703484 0.053869252 -0.851613798 0.013651265 0.521215584
180.878748000 -78.865436487 23.834476689 21.684553643 0.043144172 -0.842121585 0.019278659 0.537213319
180.979040000 -78.842172021 23.868096219 21.588425433 0.024763874 -0.837990840 0.027199634 0.544443094
181.079391000 -78.695885020 23.915227013 21.492717104 -0.006531085 -0.841618982 0.021975274 0.539584953
181.179423000 -78.545001328 23.941737586 21.440184861 0.003108118 -0.835783940 0.027249380 0.548373063
181.278797000 -78.446100487 23.907920148 21.389032537 0.017185044 -0.824743690 0.046327364 0.563343851
181.378080000 -78.497463578 23.910414811 21.309093381 0.014320216 -0.819825273 0.060690588 0.569208315
181.477831000 -78.400484061 23.883347285 21.241808393 0.002333400 -0.816314809 0.047041939 0.575683719
181.577894000 -78.290918524 23.860793977 21.168260136 -0.010536002 -0.816115621 0.046719614 0.575900654
181.678176000 -78.243240066 23.857545499 21.140891633 -0.016595932 -0.817332235 0.044185173 0.574230148
181.778453000 -78.230348148 23.843945791 21.138837909 -0.019607987 -0.816361326 0.040352644 0.575796298
181.878969000 -78.276544613 23.877039414 21.151919119 -0.026058128 -0.816756893 0.044277994 0.574690013
181.979430000 -78.088436864 23.880778744 21.115373436 -0.015768444 -0.815263707 0.051108189 0.576614600
182.079295000 -78.034047156 23.857948638 21.088300294 -0.015066756 -0.815104077 0.044665851 0.577393538
182.179176000 -77.906935395 23.856920226 21.014366702 -0.015946400 -0.813901033 0.051348451 0.578510291
182.278810000 -77.793852889 23.858403164 20.967104530 -0.019464072 -0.815004015 0.049056984 0.577046807
182.378426000 -77.704734283 23.848301451 20.965928026 -0.006424470 -0.809701751 0.047358816 0.584892249
182.478122000 -77.576184639 23.836760102 20.938992544 0.002821322 -0.798959455 0.056189133 0.598747536
182.578010000 -77.455209994 23.817115156 20.921006308 0.014963649 -0.785405235 0.068710838 0.614974411
182.677595000 -77.309815220 23.813719546 20.879285562 0.020339292 -0.766071936 0.062346292 0.639400533
182.777381000 -77.174865567 23.789917809 20.832005667 0.021960321 -0.748565959 0.065666119 0.659435145
182.877334000 -77.064493404 23.770823687 20.803773994 0.012744807 -0.742294240 0.055465744 0.667652890
182.977498000 -76.913230318 23.754183947 20.783362459 0.009057263 -0.737313725 0.040622309 0.674267206
183.078135000 -76.818887435 23.755744222 20.772051942 0.002205574 -0.734529613 0.040327097 0.677373684
183.178784000 -76.729832846 23.750414575 20.760028672 -0.000388258 -0.733017653 0.041543319 0.678939704
183.279183000 -76.711479120 23.745242319 20.761563250 0.000024237 -0.732556314 0.032428812 0.679933540
183.379555000 -76.645523141 23.778275219 20.738138657 -0.000340679 -0.731090308 0.034445349 0.681410568
183.479552000 -76.526284957 23.780243996 20.705709291 -0.005037516 -0.733655529 0.029756092 0.678851062
183.579242000 -76.447606929 23.775753692 20.690201537 0.001874829 -0.734779119 0.026053505 0.677803324
183.678941000 -76.354099911 23.778183185 20.677530876 -0.005056327 -0.735951776 0.026996724 0.676476603
183.778964000 -76.221860191 23.760191777 20.679431486 -0.010855886 -0.734941240 0.031119659 0.677329380
183.878695000 -76.219818556 23.764314536 20.691598086 -0.008852800 -0.733538554 0.026056836 0.679090465
183.978660000 -76.095885761 23.756145254 20.659887608 -0.012221580 -0.732385766 0.031432880 0.680054186
184.078603000 -75.846331811 23.748430315 20.584560228 -0.008940756 -0.735436381 0.039043980 0.676408870
184.178319000 -75.829836425 23.747043729 20.636421611 -0.004564506 -0.734756720 0.032786415 0.677522530
184.278222000 -75.747350767 23.747453263 20.613798709 -0.012316572 -0.736122131 0.032681133 0.675947079
184.378512000 -75.651122088 23.739079578 20.622220523 -0.016152978 -0.735293621 0.034929015 0.676655256
184.478301000 -75.702126682 23.745018354 20.648917177 -0.015904414 -0.734217255 0.027167572 0.678184337
184.578292000 -75.602826453 23.742470118 20.629848461 -0.016949389 -0.733146458 0.032734954 0.679070992
184.678242000 -75.506885617 23.737636084 20.610887236 -0.017152129 -0.735242635 0.031371775 0.676860314
184.778181000 -75.394745422 23.737323306 20.603697002 -0.012009336 -0.735229005 0.025161924 0.677245129
184.878305000 -75.246112973 23.733100900 20.528053670 -0.018368583 -0.736293645 0.027094559 0.675869919
184.978621000 -75.044067156 23.717317519 20.525340374 -0.020131994 -0.733586078 0.029923179 0.678638911
185.078514000 -75.001216196 23.712551178 20.530145248 -0.016850580 -0.733242106 0.026593657 0.679238433
185.178646000 -74.874344237 23.706627511 20.502060044 -0.019012463 -0.731967208 0.033358300 0.680257125
185.278541000 -74.754174325 23.690414369 20.490382504 -0.017254054 -0.734933748 0.038835199 0.676806110
185.378317000 -74.648015872 23.690331812 20.487554710 -0.012631331 -0.734537861 0.032630946 0.677664963
185.478260000 -74.444980066 23.671715295 20.413903625 -0.020330801 -0.735594071 0.033471682 0.676289633
185.578539000 -74.327971299 23.666547516 20.441227996 -0.022712460 -0.733013602 0.036231182 0.678868548
185.678363000 -74.271843133 23.659797732 20.443618322 -0.019877087 -0.732635398 0.032931519 0.679533509
185.778729000 -74.162479616 23.652056475 20.418154754 -0.022224889 -0.731511090 0.039147406 0.680341870
185.879020000 -74.033373968 23.645142960 20.405992170 -0.021079060 -0.733750305 0.038720016 0.677987407
185.979064000 -73.901728750 23.637655104 20.391840689 -0.015591809 -0.733653759 0.033431115 0.678521494
186.079035000 -73.776850852 23.624912909 20.351258317 -0.022118998 -0.734496626 0.036642209 0.677261253
186.178929000 -73.686641774 23.607790027 20.371294437 -0.028687842 -0.733565487 0.037778987 0.677961232
186.278322000 -73.655934719 23.612565583 20.366692671 -0.026531453 -0.732890922 0.035402857 0.678906191
186.378312000 -73.542778812 23.598668048 20.337611546 -0.029738804 -0.731599426 0.039823432 0.679920567
186.478395000 -73.423775474 23.591860935 20.314905648 -0.030116964 -0.733567369 0.039177079 0.677817852
186.578376000 -73.292288864 23.586550367 20.298849184 -0.022428827 -0.733771238 0.033427929 0.678202987
186.678524000 -73.233609612 23.588985362 20.285669418 -0.029417740 -0.734529638 0.033224612 0.677124016
186.778857000 -73.113123766 23.570656063 20.286274351 -0.033898040 -0.733955071 0.034751195 0.677460870
186.878758000 -73.049246008 23.561887321 20.281636253 -0.032160143 -0.732723739 0.027721964 0.679200369
186.978703000 -72.968714085 23.557054906 20.272142770 -0.033161715 -0.731909566 0.028450014 0.679999473
187.078524000 -72.803889755 23.537574940 20.241250362 -0.033509625 -0.733723886 0.031324459 0.677897590
187.178102000 -72.687334290 23.531421094 20.230392768 -0.025376971 -0.733527827 0.028318789 0.678594859
187.277865000 -72.599852462 23.528860059 20.211979432 -0.031236579 -0.734257983 0.027547392 0.677591789
187.377954000 -72.492785851 23.512446492 20.220923226 -0.038525480 -0.733544636 0.028247206 0.677960286
187.477737000 -72.422202010 23.501712481 20.202555566 -0.036404891 -0.732165614 0.023283931 0.679754408
187.577870000 -72.325599096 23.490532233 20.184246159 -0.040682101 -0.731193358 0.029179054 0.680330672
187.678057000 -72.208469720 23.484495628 20.161834043 -0.041493265 -0.732455164 0.034470247 0.678674844
187.778130000 -72.091648181 23.478587425 20.162531841 -0.035565714 -0.732549914 0.028003210 0.679206540
187.878320000 -72.015976780 23.475480525 20.148867904 -0.041026208 -0.733423155 0.027631389 0.677970377
187.978774000 -71.901937909 23.456371975 20.157143146 -0.047086252 -0.732800145 0.028676889 0.678206804
188.078924000 -71.891323212 23.456150196 20.174473034 -0.045217793 -0.731501341 0.023152085 0.679944940
188.179383000 -71.802093977 23.443500315 20.158552671 -0.047929545 -0.730375583 0.028425417 0.680768875
188.279677000 -71.663832525 23.439895183 20.123128909 -0.048706973 -0.732265078 0.028490350 0.678677969
188.379605000 -71.552009386 23.427421396 20.116378384 -0.039661753 -0.733392210 0.022956345 0.678259403
188.479453000 -71.516829726 23.423483942 20.138872110 -0.041808802 -0.732326128 0.021172366 0.679339530
188.579358000 -71.486995091 23.432335022 20.139692213 -0.041806049 -0.731537148 0.017615186 0.680290645
188.679285000 -71.415168290 23.424792995 20.153474906 -0.035402922 -0.730179751 0.025485205 0.681861180
188.779113000 -71.381002306 23.424315672 20.153413638 -0.035346025 -0.729940383 0.026080619 0.682097865
188.879263000 -71.289514406 23.416247493 20.124979802 -0.038836690 -0.729533991 0.029117300 0.682219942
188.979298000 -71.201527427 23.409617882 20.106340403 -0.037958908 -0.731714231 0.023165223 0.680159377
189.079364000 -71.153611370 23.400041945 20.077550474 -0.036455951 -0.731810796 0.023974960 0.680109641
189.179226000 -71.045134046 23.391645006 20.057430773 -0.044779924 -0.732613404 0.026550141 0.678651199
189.278999000 -70.948101853 23.385077634 20.052713217 -0.041778518 -0.730669434 0.026195235 0.680948268
189.378567000 -70.931206180 23.376437764 20.045314540 -0.041926055 -0.730870238 0.028984703 0.680610599
189.478781000 -70.810230281 23.363603427 20.022871359 -0.044098483 -0.729688470 0.037722633 0.681312750
189.578787000 -70.637285987 23.336418352 20.007486589 -0.041118944 -0.733160516 0.033611540 0.677978728
189.678759000 -70.550889173 23.313788629 20.000204476 -0.039250567 -0.731229345 0.029543318 0.680360369
189.778665000 -70.455776356 23.309345878 19.989833860 -0.049480785 -0.732298077 0.031485005 0.678454032
189.878597000 -70.316654801 23.305253001 19.991479969 -0.043551774 -0.729730392 0.034864226 0.681455269
189.978059000 -70.286274604 23.304504185 19.987437502 -0.044127258 -0.729841256 0.036039671 0.681238334
190.078131000 -70.133077817 23.288846649 19.947843574 -0.044618992 -0.728997693 0.043829702 0.681652746
190.178038000 -69.995381352 23.269357181 19.924081582 -0.041848232 -0.732495274 0.039150831 0.678355814
190.278134000 -69.853811723 23.236581266 19.896654307 -0.038186377 -0.730885181 0.037027370 0.680424593
190.378337000 -69.729087915 23.226536297 19.879597064 -0.048497399 -0.731656340 0.038444621 0.678858611
190.478598000 -69.597976263 23.221021308 19.886978100 -0.041000239 -0.728355176 0.040831240 0.682752172
190.578497000 -69.571259244 23.217273815 19.880647090 -0.041209447 -0.728923840 0.039658714 0.682201586
190.679091000 -69.461480409 23.207126392 19.866448173 -0.041162010 -0.728414511 0.045610608 0.682376481
190.779246000 -69.312203724 23.195004422 19.848646712 -0.035661860 -0.731625358 0.044586168 0.679311888
190.879190000 -69.223317901 23.184218703 19.849947519 -0.033126515 -0.730241628 0.039150706 0.681261346
190.979165000 -69.107139152 23.175108153 19.840274269 -0.044147501 -0.731132522 0.039164036 0.679678168
191.079413000 -68.943663058 23.164993061 19.844107424 -0.041131185 -0.727943732 0.037194142 0.683390623
191.179205000 -68.887642654 23.156608149 19.848889348 -0.040203381 -0.728376388 0.038095224 0.682935048
191.279913000 -68.758255516 23.141963843 19.835777765 -0.039648834 -0.727675331 0.047791088 0.683105112
191.380313000 -68.621691125 23.128521326 19.817971512 -0.032664163 -0.731724085 0.049158104 0.679040792
191.480452000 -68.516946171 23.117409270 19.811894639 -0.034025953 -0.729742507 0.040904061 0.681648712
191.580402000 -68.406083254 23.107248376 19.796125284 -0.046392625 -0.730545101 0.040971719 0.680053600
191.680348000 -68.240468608 23.088128627 19.795061708 -0.041304097 -0.727908351 0.041213984 0.683187245
191.779852000 -68.180846157 23.075842162 19.794332205 -0.040274547 -0.728653223 0.043103511 0.682337548
191.880126000 -68.044982499 23.061998037 19.778033189 -0.040684743 -0.727769785 0.051124483 0.682702116
191.979955000 -67.886208315 23.047010951 19.746428558 -0.037351779 -0.730528868 0.048190088 0.680154493
192.079651000 -67.777486923 23.027221341 19.742512897 -0.033873641 -0.729348227 0.043850723 0.681895047
192.179314000 -67.657387941 23.011377820 19.722950439 -0.043788986 -0.734084000 0.044644555 0.676173106
192.279319000 -67.477943742 22.999833976 19.697911130 -0.049520054 -0.742437351 0.037352576 0.667037727
192.379202000 -67.346646581 22.968735877 19.665345743 -0.055941669 -0.756026522 0.029288758 0.651487986
192.479705000 -67.204598458 22.949053954 19.610114798 -0.065421242 -0.770068836 0.031953745 0.633792559
192.579960000 -67.087125484 22.949093297 19.570977028 -0.078807535 -0.786184659 0.023950414 0.612478108
192.680014000 -66.991586840 22.933112548 19.534834176 -0.074215932 -0.798282616 0.022132381 0.597283030
192.780033000 -66.872101027 22.912978148 19.477986579 -0.080612743 -0.812135490 0.027474832 0.577219772
192.879975000 -66.727594797 22.902603384 19.419570575 -0.073202190 -0.825442319 0.035719195 0.558579052
192.979691000 -66.608599419 22.879352891 19.339392726 -0.078665362 -0.840096657 0.025258389 0.536107622
193.080180000 -66.502367036 22.860118983 19.257183132 -0.087109409 -0.854290402 0.026788900 0.511744287
193.180331000 -66.413616223 22.848062880 19.185994271 -0.092350292 -0.866007496 0.019696213 0.491034113
193.280294000 -66.317954041 22.829613741 19.095177026 -0.082208896 -0.882264139 0.021258469 0.463033222
193.380929000 -66.236764261 22.810621367 19.005273092 -0.083342863 -0.895843305 0.031210478 0.435367255
193.481312000 -66.159767416 22.807467357 18.924290767 -0.074890522 -0.903158157 0.030699236 0.421609191
193.580949000 -66.088685730 22.794522663 18.818281212 -0.076424393 -0.913330274 0.023455067 0.399295607
193.681070000 -66.017895492 22.785349002 18.712133620 -0.077540745 -0.922553234 0.028854750 0.376895697
193.780807000 -65.922218443 22.787144956 18.579265684 -0.079338249 -0.931355874 0.026732479 0.354354418
193.880038000 -65.837785699 22.778153387 18.477857216 -0.067296672 -0.938200717 0.019805237 0.338907547
193.979312000 -65.764049242 22.764180808 18.383052840 -0.064870689 -0.942805766 0.025007197 0.326011843
194.078872000 -65.671855535 22.752914396 18.273979343 -0.049087765 -0.945982740 0.034681090 0.318597345
194.178077000 -65.595883119 22.738105935 18.172397746 -0.047828119 -0.948247992 0.026230222 0.312810154
194.278131000 -65.524870022 22.730785831 18.076173080 -0.053525650 -0.950106699 0.026686027 0.306137421
194.378602000 -65.430668033 22.728565333 17.956615097 -0.049755849 -0.952862836 0.029857018 0.297800822
194.478888000 -65.348865283 22.724925910 17.858433353 -0.042256947 -0.955588932 0.021472874 0.290866051
194.579288000 -65.302243330 22.717642326 17.782153305 -0.050687100 -0.958607948 0.023860845 0.279163538
194.679792000 -65.209535033 22.704027360 17.629966871 -0.070918598 -0.963123990 0.020433195 0.258737738
194.779867000 -65.156536639 22.691760389 17.503887762 -0.077609811 -0.969540288 0.014862625 0.231834962
194.880000000 -65.122419611 22.672652668 17.385463197 -0.081213966 -0.975021184 0.023013510 0.205446735
194.979713000 -65.099499009 22.679166070 17.253320951 -0.086894068 -0.980831475 0.026884902 0.172325970
195.079252000 -65.097617620 22.679897465 17.175616059 -0.086616381 -0.985742321 0.021805764 0.142597992
195.178890000 -65.109396618 22.660531972 17.078641391 -0.092494134 -0.989809284 0.028099016 0.104560325
195.278981000 -65.077454910 22.653124845 16.894680820 -0.100170932 -0.992143510 0.032263093 0.067647123
195.378806000 -65.129595877 22.659012468 16.828821686 -0.101675346 -0.993866625 0.028094823 0.033195422
195.479155000 -65.169750482 22.644097077 16.746933022 -0.094327376 -0.994902339 0.035618316 0.001736996
195.579313000 -65.171487168 22.644038940 16.576477293 -0.090074780 -0.994834658 0.040098313 -0.024138413
195.679000000 -65.165724401 22.645220902 16.417196040 -0.076248793 -0.995731052 0.033538676 -0.039761168
195.778716000 -65.166876559 22.619358680 16.305593699 -0.065570457 -0.995906211 0.036885844 -0.050107566
195.878581000 -65.129662019 22.619898276 16.146697791 -0.048177182 -0.996888346 0.040219264 -0.047696913
195.977997000 -65.144495885 22.601314750 16.048390173 -0.038089537 -0.997760059 0.032699516 -0.044213056
196.078170000 -65.141915673 22.599181635 15.975183668 -0.041819809 -0.997533751 0.034686877 -0.044433535
196.178629000 -65.158856812 22.593487708 15.903282232 -0.041322933 -0.997509911 0.034779440 -0.045351764
196.278793000 -65.160393858 22.638348800 15.779490457 -0.042972054 -0.997667693 0.026544646 -0.045912520
196.378942000 -65.193393118 22.651389762 15.776798249 -0.049190950 -0.997363457 0.027329031 -0.045820399
196.479203000 -65.190131075 22.647779008 15.668277575 -0.054713032 -0.996968874 0.029306712 -0.046911254
196.579300000 -65.215718712 22.606427760 15.547235150 -0.050733418 -0.997545819 0.019870396 -0.043973024
196.679292000 -65.213819258 22.596884904 15.491707960 -0.048380030 -0.997602411 0.024556946 -0.042962285
196.779283000 -65.301374703 22.602888445 15.287781354 -0.048044809 -0.997482784 0.027025077 -0.044603103
196.879005000 -65.331181664 22.619322295 15.144486783 -0.053517337 -0.997231491 0.020414927 -0.047418136
196.978783000 -65.344091957 22.615077354 15.051531785 -0.056693566 -0.996990749 0.023293480 -0.047462621
197.078880000 -65.360704211 22.582972942 14.855020583 -0.061310775 -0.996557282 0.029478772 -0.047387498
197.178879000 -65.377642809 22.569112119 14.748907913 -0.060594207 -0.996879060 0.023141211 -0.044999621
197.279217000 -65.384652161 22.554303273 14.660834744 -0.057936451 -0.996923826 0.029032624 -0.044083543
197.379788000 -65.404535318 22.547896245 14.514509166 -0.051767471 -0.996957254 0.035220007 -0.046431818
197.480047000 -65.414152680 22.527535931 14.370772599 -0.045945066 -0.997471834 0.026871285 -0.047084240
197.579760000 -65.435641881 22.520042991 14.302486010 -0.052571159 -0.997056969 0.029721463 -0.047226137
197.679286000 -65.411351608 22.488477030 14.153977907 -0.055449540 -0.996739968 0.034978214 -0.047024558
197.778565000 -65.436713889 22.460442301 14.061509433 -0.049473121 -0.997417196 0.028478830 -0.043592464
197.877938000 -65.466199832 22.437163998 14.041836120 -0.050750448 -0.997232036 0.031809663 -0.044054560
197.977855000 -65.533424715 22.419452624 13.948593878 -0.049776907 -0.997113526 0.035979645 -0.044635638
198.077677000 -65.542259618 22.410731225 13.875801716 -0.061914167 -0.996545780 0.029907226 -0.046569330
198.177579000 -65.558998956 22.398883385 13.809215672 -0.052837591 -0.997131096 0.026865860 -0.047074326
198.278193000 -65.584465305 22.392944305 13.719930449 -0.058059593 -0.996600311 0.033541887 -0.047873215
198.378845000 -65.592517785 22.373456604 13.565316026 -0.049995569 -0.997327894 0.029568805 -0.044308021
198.479215000 -65.593405911 22.361513877 13.460674655 -0.058182218 -0.996882857 0.028927243 -0.044750573
198.579823000 -65.657332925 22.360636136 13.339518633 -0.052372885 -0.997109276 0.032246226 -0.044613386
198.679952000 -65.656139119 22.374187859 13.192949219 -0.051171831 -0.997202847 0.025436984 -0.048175562
198.779845000 -65.687739827 22.355406293 13.055406107 -0.052831625 -0.997176595 0.025010334 -0.047139592
198.879631000 -65.695504736 22.344279094 12.907477199 -0.059919971 -0.996563562 0.030834700 -0.048165191
198.979237000 -65.689541418 22.312473450 12.768269928 -0.062828789 -0.996676926 0.028319885 -0.043423864
199.078814000 -65.693022991 22.298256452 12.669135297 -0.058708479 -0.996824479 0.028295993 -0.045755969
199.178969000 -65.706826869 22.294615514 12.528303053 -0.052553248 -0.997116572 0.033192542 -0.043531058
199.278884000 -65.696311915 22.300009323 12.386054297 -0.040089848 -0.998185297 0.028390892 -0.034826335
199.378672000 -65.705503185 22.278569696 12.249065196 -0.036648751 -0.998836971 0.027029780 -0.015841890
199.478667000 -65.711742451 22.276084276 12.122624676 -0.028780019 -0.999118052 0.030261072 -0.004369947
199.578906000 -65.703901976 22.248116398 11.993084418 -0.029888742 -0.999200264 0.026152791 0.004639757
199.679159000 -65.709336454 22.247040309 11.893258684 -0.041917526 -0.998819511 0.023974932 0.005263917
199.779857000 -65.726292424 22.242141805 11.772282085 -0.047224986 -0.998438917 0.029374250 0.005165483
199.879850000 -65.710183817 22.231311479 11.671197731 -0.047398987 -0.998567260 0.024689923 0.002677771
199.979400000 -65.711585194 22.228188887 11.586236360 -0.047718534 -0.998642054 0.020395209 0.004585188
200.078988000 -65.711145665 22.224430981 11.473721431 -0.052501548 -0.998222650 0.028030279 0.003071187
200.178590000 -65.724263092 22.210220214 11.381438566 -0.048152594 -0.998519763 0.024304923 0.006991466
200.278084000 -65.744941840 22.194306595 11.355107689 -0.050300730 -0.998439063 0.023442039 0.006304364
200.378538000 -65.737491415 22.185375768 11.233216230 -0.040765481 -0.998538402 0.031999180 0.015339080
200.478523000 -65.702895595 22.181808145 11.113117556 -0.024863102 -0.998923048 0.028326897 0.027058416
200.578239000 -65.705246991 22.170692367 11.021838754 -0.020691000 -0.998542907 0.023655259 0.043867686
200.678137000 -65.685042982 22.165524769 10.887136181 -0.032154049 -0.997906858 0.028831413 0.048132833
200.778525000 -65.670308283 22.146879500 10.847755151 -0.030774818 -0.997899763 0.022236822 0.052483305
200.878731000 -65.644210795 22.138129881 10.734227643 -0.038690013 -0.997717467 0.020555740 0.051384831
200.979364000 -65.658758621 22.133600032 10.640887077 -0.037602254 -0.997568482 0.025220395 0.052982309
201.079565000 -65.653058307 22.138909060 10.493526660 -0.043166696 -0.997629332 0.022354469 0.048709651
201.179358000 -65.652322648 22.126463040 10.352284507 -0.043108364 -0.997649580 0.018118605 0.050086940
201.279054000 -65.643705088 22.117564010 10.228369235 -0.047861338 -0.997323503 0.026556060 0.048475757
201.378871000 -65.617802748 22.097827882 10.160037024 -0.043275407 -0.997310877 0.027394420 0.052419455
201.478447000 -65.606123516 22.103138124 10.074807169 -0.041743627 -0.997388495 0.028969038 0.051326933
201.578636000 -65.607364638 22.096408046 9.955704634 -0.037578368 -0.997257779 0.036627718 0.052184274
201.678530000 -65.597213659 22.079522949 9.806998180 -0.032140798 -0.997865998 0.031431489 0.047354848
201.778478000 -65.583285119 22.074942115 9.733467020 -0.036173831 -0.997725885 0.026502595 0.050320222
201.878538000 -65.576041629 22.071864333 9.611193057 -0.045503409 -0.997215415 0.034269857 0.048129343
201.978702000 -65.549064640 22.062604282 9.499898932 -0.035773103 -0.997429065 0.033944532 0.051993401
202.078537000 -65.578448504 22.087615271 9.499165788 -0.037047878 -0.997372991 0.035372160 0.051218962
202.178890000 -65.592066267 22.090203492 9.378058205 -0.031917415 -0.997281809 0.041651442 0.051724562
202.279008000 -65.592760646 22.096239318 9.317546316 -0.035284350 -0.997499262 0.038365138 0.047732098
202.378908000 -65.582244353 22.088591865 9.214298836 -0.034663353 -0.997605317 0.033337782 0.049705899
202.478692000 -65.549937870 22.072601410 9.053666444 -0.041137166 -0.997221849 0.039968664 0.047527080
202.578580000 -65.519541998 22.055208517 8.942226141 -0.037007550 -0.997120272 0.040437623 0.052406137
202.678164000 -65.513481192 22.062654741 8.875473672 -0.035550683 -0.997206391 0.041237548 0.051137340
202.778741000 -65.527602088 22.055512332 8.787513679 -0.030890242 -0.996980836 0.049245369 0.051477179
202.879289000 -65.512286130 22.036254582 8.662327564 -0.029513176 -0.997251640 0.047645717 0.048456425
202.979682000 -65.494645809 22.029954462 8.547124695 -0.025854974 -0.997509278 0.042736833 0.049802853
203.079927000 -65.491902585 22.024834437 8.446473268 -0.028824608 -0.997311075 0.047115781 0.048164967
203.179935000 -65.509529938 22.036644891 8.436141949 -0.020739006 -0.997272958 0.046874067 0.053097681
203.279383000 -65.486318201 22.030312884 8.338912019 -0.022636658 -0.997265242 0.047276345 0.052101507
203.379159000 -65.488008849 22.013439796 8.234075034 -0.018446871 -0.997039428 0.052579433 0.052985798
203.478699000 -65.476125661 22.010547792 8.084623384 -0.019003260 -0.997426902 0.049006324 0.048752755
203.578280000 -65.473777945 21.982088653 7.869356149 -0.019994288 -0.997565653 0.043428373 0.050763900
203.678197000 -65.486147509 21.974842797 7.791972334 -0.025575814 -0.997217851 0.050048082 0.048965544
203.778446000 -65.485977848 21.976641315 7.722899064 -0.019232742 -0.997240285 0.048995200 0.052358240
203.878276000 -65.480917763 21.972087292 7.684740122 -0.021404239 -0.997164701 0.050111889 0.051896213
203.978595000 -65.494703786 21.960433301 7.577843076 -0.016148402 -0.996811993 0.057857305 0.052512965
204.078786000 -65.482110652 21.941601639 7.458696672 -0.016369974 -0.996929418 0.058437098 0.049486005
204.178780000 -65.479735899 21.919398034 7.335958607 -0.010426580 -0.997308254 0.051704644 0.050932932
204.278961000 -65.462517456 21.925843333 7.266776652 -0.015397157 -0.997126187 0.055448828 0.049271928
204.379292000 -65.422273411 21.899197763 7.211862198 -0.012116551 -0.996958305 0.055087467 0.053783810
204.479135000 -65.376517135 21.916774248 7.241346523 -0.017065858 -0.997101111 0.051981992 0.052877250
204.579395000 -65.384600492 21.893504524 7.041773672 -0.013263140 -0.996711589 0.059200920 0.053715435
204.679276000 -65.374079137 21.897972582 6.914286983 -0.011694871 -0.997242353 0.053721185 0.049849313
204.779018000 -65.375534168 21.888040110 6.811311917 -0.010449126 -0.997404308 0.049571450 0.051167704
204.878639000 -65.364185046 21.882111323 6.720728981 -0.017991730 -0.997095504 0.055411303 0.049055487
204.978324000 -65.300839787 21.853716640 6.690532332 0.009828629 -0.996831474 0.051900705 0.059470383
205.077653000 -65.312087987 21.817718820 6.558126450 -0.000074094 -0.996678292 0.048595840 0.065351519
205.177983000 -65.313590264 21.827552751 6.463014055 -0.007174265 -0.996438538 0.054989349 0.063521181
205.278714000 -65.307138633 21.823216522 6.362498818 -0.006530088 -0.996647292 0.054184503 0.060955503
205.378984000 -65.291874371 21.781714400 6.316476364 -0.001226150 -0.997016002 0.047450787 0.060877024
205.478947000 -65.258111723 21.787921933 6.241342864 -0.003764639 -0.996398633 0.051150692 0.067521836
205.578429000 -65.204114492 21.791297258 6.096400897 0.011615676 -0.994784430 0.051502507 0.087272596
205.677426000 -65.179447661 21.765581709 5.933211650 0.019351754 -0.992741127 0.047099436 0.108959660
205.777408000 -65.167797223 21.746585261 5.732412307 0.026691610 -0.990306038 0.053405477 0.125416761
205.877849000 -65.091685932 21.682657882 5.608748967 0.008973365 -0.990431731 0.048814038 0.128769775
205.978670000 -65.081926063 21.683312219 5.583228257 0.003284410 -0.990347322 0.047892759 0.130029524
206.079730000 -65.005076283 21.688481924 5.513921040 -0.005420965 -0.989443090 0.053959878 0.134392397
206.180360000 -64.942993188 21.702839466 5.446544392 0.017010923 -0.986569419 0.054074317 0.153190657
206.280053000 -64.896268756 21.610567491 5.299541304 0.020521806 -0.983349700 0.051159616 0.173161535
206.379840000 -64.871075069 21.561727192 5.123123409 0.024873885 -0.980219106 0.057657654 0.187689606
206.479524000 -64.808172320 21.527508077 4.942401397 0.002522987 -0.979965300 0.053302653 0.191886613
206.579293000 -64.732285140 21.483859488 4.879805235 0.005567175 -0.980477004 0.046367354 0.191007644
206.679569000 -64.691884012 21.484748595 4.790649305 -0.004455774 -0.980546199 0.049198998 0.189970410
206.779962000 -64.746927362 21.516639908 4.826736615 -0.003489559 -0.979869977 0.050499833 0.193112451
206.879806000 -64.765063699 21.522328491 4.864920405 -0.003934122 -0.979856210 0.048722104 0.193629769
206.979597000 -64.680159408 21.504166520 4.691983435 -0.000989825 -0.979163130 0.056378332 0.195089899
207.079184000 -64.670114678 21.496646820 4.613619874 -0.003144155 -0.979519134 0.055884753 0.193414772
207.178549000 -64.596449662 21.470461537 4.526610244 0.009328948 -0.977574412 0.049019716 0.204593029
207.277830000 -64.548675573 21.417568036 4.413022143 0.021758079 -0.973286860 0.054144233 0.222053316
207.377208000 -64.544086239 21.381339941 4.302194227 0.031541837 -0.969734682 0.064219545 0.233442947
207.477020000 -64.535217252 21.361612357 4.193733162 0.021099998 -0.968389593 0.056471515 0.242048246
207.577289000 -64.533134422 21.381017477 4.138769293 0.014670479 -0.968109750 0.057832486 0.243318089
207.677716000 -64.542546588 21.417563834 4.094522107 0.003797310 -0.968612645 0.058348554 0.241600023
207.777855000 -64.487819922 21.392930533 4.030645272 0.011446189 -0.966411150 0.054775699 0.250834802
207.877692000 -64.429418864 21.339664505 3.954344019 0.023269766 -0.961020663 0.059850286 0.268915871
207.977489000 -64.591414611 21.324920290 3.882422376 0.037573494 -0.957074218 0.066226449 0.279662709
208.077674000 -64.562704933 21.302424126 3.794143578 0.029361597 -0.955517122 0.057934967 0.287695093
208.178050000 -64.638098905 21.372856288 3.874936031 0.023479878 -0.954552871 0.059065110 0.291185206
208.278264000 -64.609608833 21.355995913 3.801099370 0.014369300 -0.955345528 0.059432431 0.289095539
208.378157000 -64.532649879 21.337712073 3.683499298 0.013517065 -0.955825481 0.049120458 0.289485957
208.478169000 -64.496763327 21.339056351 3.630582814 0.009082560 -0.956179668 0.052530790 0.287886201
208.578355000 -64.406949000 21.324565663 3.561514771 0.014855088 -0.955605502 0.055239229 0.289043386
208.678191000 -64.432907278 21.342859610 3.606874045 0.017244308 -0.954980995 0.049937175 0.291925011
208.778221000 -64.363659676 21.329333837 3.517643346 0.021618397 -0.951615440 0.057700513 0.301050410
208.877968000 -64.338681155 21.327278333 3.424908805 0.031509208 -0.949384990 0.062467040 0.306224066
208.977787000 -64.246201150 21.295246514 3.307087258 0.027165519 -0.949925589 0.052258754 0.306875271
209.078108000 -64.212048143 21.312040751 3.262951019 0.016489310 -0.950583523 0.054426420 0.305216045
209.178597000 -64.108685704 21.277709809 3.173986079 0.016313989 -0.950490852 0.055485405 0.305323377
209.278712000 -64.092090132 21.248336809 3.133465139 0.015898329 -0.950399092 0.048471543 0.306821313
209.378915000 -64.071156470 21.255119061 3.097012353 0.013713249 -0.949728666 0.052815524 0.308282222
209.479238000 -64.061153455 21.246229986 3.017357650 0.013378055 -0.950080756 0.054714490 0.306877677
209.579298000 -64.036547303 21.180534168 3.049500076 0.009349624 -0.951148617 0.048746134 0.304717422
209.679333000 -64.034235594 21.199927739 3.049661110 0.004184204 -0.951035519 0.049467962 0.305068607
209.779530000 -63.893280674 21.152482837 2.953041016 0.011127779 -0.946967585 0.055668654 0.316274511
209.879193000 -63.889547463 21.166887616 2.851464438 0.026097768 -0.942510562 0.055029301 0.328579552
209.979125000 -63.803140854 21.130583482 2.744569132 0.022242377 -0.942206948 0.054727151 0.329782173
210.079586000 -63.760461907 21.100343885 2.686238056 0.016415340 -0.942698552 0.057156534 0.328303378
210.179534000 -63.766565286 21.139258010 2.703257872 0.014232207 -0.943657721 0.047299589 0.327215982
210.279246000 -63.758071645 21.128805985 2.632125632 0.012028278 -0.943300293 0.051200898 0.327747382
210.378955000 -63.671469205 21.120042362 2.544006944 0.007241150 -0.943325406 0.054746771 0.327242319
210.478614000 -63.604451820 21.072647176 2.455863276 0.008716495 -0.942347786 0.049902103 0.330778556
210.578393000 -63.541358719 21.056659977 2.413267969 0.010596895 -0.941882880 0.056526360 0.330982048
210.678590000 -63.603164579 21.118023164 2.386998019 0.015691949 -0.941314760 0.065075920 0.330825348
210.778531000 -63.577557049 21.133565855 2.358903703 0.015126588 -0.943061001 0.056550864 0.327428060
210.878487000 -63.533718752 21.131244676 2.304550310 0.007433460 -0.942873231 0.057916595 0.327994638
210.978621000 -63.448364595 21.118328662 2.203160507 0.001930675 -0.942833523 0.062257066 0.327391629
211.078825000 -63.375845620 21.103086090 2.088880650 0.006591914 -0.941900838 0.059773109 0.330464120
211.179060000 -63.321291292 21.090485899 2.046940512 0.007891993 -0.941422147 0.065569408 0.330700333
211.279556000 -63.262691037 21.079351747 1.936928667 0.012749645 -0.940865140 0.072910983 0.330596767
211.379432000 -63.139348477 21.069425569 1.816046685 0.015565281 -0.942475167 0.063260581 0.327866407
211.479121000 -63.112326086 21.077291119 1.760464501 0.007472344 -0.942178583 0.061332963 0.329365982
211.578969000 -63.032931728 21.060100260 1.686340409 0.002600299 -0.942324962 0.064119684 0.328489834
211.678765000 -62.976221954 21.080811987 1.521027047 0.008546862 -0.941240619 0.058840584 0.332461778
211.778673000 -62.955919455 21.069087761 1.498548960 0.008573054 -0.941527293 0.058397744 0.331726638
211.879144000 -62.942742205 21.060525764 1.448093403 0.012504757 -0.941060807 0.061491942 0.332365657
211.979195000 -62.881725864 21.075855358 1.411752119 0.015107879 -0.942590423 0.053704772 0.329258019
212.079216000 -62.871114266 21.098601636 1.378155881 0.011064669 -0.942305754 0.052735832 0.330388212
212.179274000 -62.763712628 21.078251393 1.284912138 0.002680995 -0.942304851 0.056617333 0.329922504
212.279458000 -62.653580764 21.039544652 1.151760436 0.006828978 -0.941090250 0.055738342 0.333460259
212.379651000 -62.640211826 21.034580842 1.135010664 0.004218612 -0.940796744 0.059128960 0.333747593
212.480024000 -62.597556866 21.026190986 1.051473538 0.008577937 -0.940198098 0.066691678 0.333925403
212.579778000 -62.580033610 21.031286637 1.070252862 0.011796010 -0.941198051 0.059474690 0.332370041
212.679408000 -62.540405310 21.029863068 1.031635321 0.019966675 -0.940902755 0.058825984 0.332930685
212.779437000 -62.462303141 21.019553001 0.943728899 0.013526733 -0.941066928 0.062863299 0.332051608
212.879378000 -62.371841679 20.995868502 0.796771574 0.017336510 -0.940051637 0.060372666 0.335197713
212.978911000 -62.335330914 20.987138949 0.760840693 0.018143631 -0.940207369 0.060755590 0.334648578
213.078979000 -62.299010398 20.967881603 0.682756972 0.021968126 -0.939575451 0.065831611 0.335233608
213.178594000 -62.221505685 20.939232764 0.617662791 0.027489024 -0.940997030 0.057525087 0.332354943
213.278414000 -62.199128182 20.929573139 0.535756775 0.021586641 -0.940303202 0.056967140 0.334841230
213.378298000 -62.128408087 20.933725939 0.450488275 0.011225732 -0.940692607 0.061819339 0.333391319
213.478225000 -62.096535765 20.902281019 0.399655893 0.019191680 -0.940370821 0.058098869 0.334602631
213.578147000 -62.141944061 20.919667425 0.419358631 0.018084903 -0.940543151 0.057598850 0.334266197
213.678936000 -62.126907466 20.928750874 0.333085050 0.022561727 -0.939910589 0.061777093 0.335026332
213.779586000 -62.027681429 20.919728967 0.176336777 0.019267335 -0.941819883 0.053331716 0.331300173
213.879784000 -62.016745532 20.906329579 0.176789806 0.023623319 -0.941576433 0.052013736 0.331919163
213.979617000 -61.944682710 20.907324648 0.078233300 0.014953674 -0.941756788 0.058341988 0.330857602
214.079448000 -61.866246884 20.865509551 0.000974065 0.015709329 -0.941062966 0.056722805 0.333070914
214.178845000 -61.815697601 20.830919534 -0.048468195 0.013505475 -0.941237332 0.056195224 0.332764157
214.278769000 -61.758985785 20.821296332 -0.145328008 0.015729394 -0.940334337 0.063843403 0.333838195
214.378483000 -61.673640397 20.766381181 -0.289903297 0.000840866 -0.941584846 0.056131715 0.332064002
214.478194000 -61.624024776 20.759901785 -0.350611782 0.011303457 -0.941804839 0.054586797 0.331505896
214.578882000 -61.579137797 20.775039918 -0.376226342 0.010049388 -0.941895894 0.058998128 0.330530415
214.679927000 -61.502425433 20.759021988 -0.453294184 0.014431131 -0.940739902 0.059457434 0.333564076
214.780340000 -61.440041768 20.742721862 -0.534664983 0.014424763 -0.941300916 0.056060590 0.332568371
214.880825000 -61.375512144 20.736741575 -0.623878073 0.013152677 -0.940465450 0.061410111 0.334036739
214.980692000 -61.309512242 20.785803527 -0.656699142 0.012481167 -0.941974568 0.060149203 0.330015464
215.080478000 -61.288541360 20.754709783 -0.719926708 0.021501362 -0.941808114 0.056381157 0.330690690
215.180326000 -61.294780267 20.741943543 -0.836499536 0.014090999 -0.942091654 0.059446643 0.329743620
215.280328000 -61.209174241 20.725551718 -0.917729359 0.014814373 -0.940833887 0.058479817 0.333455007
215.379787000 -61.131325440 20.689275156 -1.008266177 0.018794542 -0.941139928 0.058443582 0.332395471
215.479743000 -61.067386033 20.674261816 -1.089360437 0.021914510 -0.939818129 0.067220816 0.334279824
215.579555000 -60.997549556 20.639649670 -1.210570290 0.006575307 -0.940916955 0.061688885 0.332906188
215.679313000 -60.961467805 20.597481248 -1.218374565 0.010407848 -0.941628145 0.057353257 0.331570080
215.779763000 -61.007820003 20.629402833 -1.200526821 0.005397260 -0.941773983 0.062297531 0.330381072
215.880413000 -60.884027495 20.622982605 -1.298722942 0.008595673 -0.940335608 0.067596913 0.333355241
215.980430000 -60.847058781 20.594951656 -1.359895556 0.007271881 -0.940222664 0.061997423 0.334790653
216.080476000 -60.781570739 20.587028546 -1.443220352 0.007154722 -0.939393256 0.066782864 0.336198111
216.180041000 -60.730358860 20.588216425 -1.517755793 0.007068874 -0.940338383 0.068109436 0.333278954
216.279573000 -60.563058638 20.516735078 -1.702522042 0.012703530 -0.940346381 0.060614974 0.334534197
216.379216000 -60.538132765 20.519715546 -1.765022446 0.004072718 -0.940823872 0.064819174 0.332614386
216.479161000 -60.474965977 20.503848770 -1.844545548 0.005930046 -0.940463352 0.062995481 0.333953721
216.578761000 -60.423767045 20.499975877 -1.902089239 0.009738353 -0.940443712 0.061747876 0.334152643
216.678795000 -60.353520275 20.490830943 -2.021781326 0.008862737 -0.939668321 0.069884171 0.334755284
216.778930000 -60.233338842 20.437738502 -2.232981248 0.013482746 -0.939280456 0.076259893 0.334297575
216.878801000 -60.202915345 20.438577266 -2.271168125 0.012919653 -0.941335150 0.063302651 0.331231026
216.978848000 -60.154187166 20.404293572 -2.309740391 0.007436380 -0.941018256 0.064729522 0.332023239
217.079191000 -60.036558585 20.404756450 -2.421903003 0.002195786 -0.940938879 0.068655785 0.331535199
217.179371000 -60.025289973 20.438075799 -2.460249776 0.015548786 -0.939688996 0.067310426 0.334980795
217.279475000 -59.995742692 20.418902900 -2.498290280 0.008196948 -0.939560614 0.067652086 0.335532201
217.379775000 -59.885555273 20.407484141 -2.611163040 0.019025871 -0.936147584 0.075017111 0.342984185
217.479354000 -59.746581070 20.389191347 -2.710871910 0.039882259 -0.930801195 0.071451778 0.356248768
217.578595000 -59.649052419 20.358490466 -2.788429001 0.045402341 -0.919868851 0.073466144 0.382599856
217.678035000 -59.466029439 20.348942610 -2.879279833 0.058931574 -0.903995686 0.082776635 0.415291341
217.777475000 -59.273356043 20.308483437 -3.043753462 0.081577726 -0.884150070 0.088441766 0.451444109
217.877347000 -59.122734193 20.250792785 -3.203784800 0.073185872 -0.868004533 0.081372396 0.484345426
217.978146000 -58.983180963 20.231365851 -3.327827634 0.058268284 -0.856181538 0.081274142 0.506904819
218.079324000 -58.843073336 20.237694967 -3.408675320 0.044097336 -0.852102871 0.063584951 0.517622524
218.180365000 -58.808318881 20.188987773 -3.463301116 0.030997937 -0.848310577 0.060487611 0.525118598
218.281160000 -58.683134448 20.190312491 -3.506552378 0.014525469 -0.849317250 0.065193371 0.523640186
218.381542000 -58.633721108 20.197584003 -3.520333015 0.012908223 -0.848557776 0.070843795 0.524179583
218.481384000 -58.540535223 20.158380084 -3.563533699 0.009403918 -0.846824344 0.080272896 0.525696070
218.581248000 -58.493448140 20.134002280 -3.608622651 -0.001532875 -0.847158854 0.085343583 0.524438747
218.680899000 -58.445741205 20.166438937 -3.646763606 0.011916285 -0.846020969 0.100715669 0.523414632
218.780604000 -58.392988321 20.143781958 -3.697151606 -0.013644510 -0.842441827 0.097376941 0.529738924
218.880815000 -58.326622512 20.118416829 -3.741591965 -0.023401027 -0.843574754 0.110562157 0.524985748
218.980971000 -58.220243292 20.112647799 -3.789902150 -0.020589113 -0.842029008 0.119315650 0.525668159
219.080340000 -58.119662165 20.103164535 -3.873834557 -0.019441342 -0.841595676 0.111850866 0.528041795
219.179598000 -58.061419995 20.082178661 -3.898941243 -0.023407036 -0.841962954 0.103550749 0.528987464
219.278830000 -57.975265532 20.060474692 -3.938532568 -0.014438766 -0.843053541 0.104782055 0.527326246
219.378140000 -57.848788556 20.066932348 -4.004945335 -0.009399629 -0.845962354 0.084546346 0.526413581
219.477918000 -57.743638344 20.040709006 -4.030963886 0.004189895 -0.844831199 0.074077077 0.529863451
219.577938000 -57.561693167 20.015690061 -4.031753570 -0.007821830 -0.843301783 0.069477682 0.532873131
219.678311000 -57.445920311 20.031111849 -4.091676369 0.028513737 -0.834925833 0.066619408 0.545570962
219.778812000 -57.300555357 19.973687421 -4.105206354 0.032484935 -0.822223312 0.070511234 0.563845475
219.879469000 -57.121358628 19.996112500 -4.149112662 0.044981892 -0.801474558 0.077694896 0.591251778
219.979411000 -57.019967088 19.993001106 -4.111482604 0.066779320 -0.773176783 0.077338802 0.625904861
220.079455000 -56.956064952 19.985489392 -4.090567372 0.072164349 -0.743750387 0.084817242 0.659115850
220.179797000 -56.868455107 20.000350946 -4.059012317 0.067327295 -0.719645700 0.081561163 0.686239666
220.279862000 -56.727821400 20.004632077 -4.046487251 0.060495361 -0.702999467 0.071003605 0.705046487
220.380216000 -56.610846340 19.987556153 -4.036302267 0.050485946 -0.693234199 0.061547875 0.716302571
220.480484000 -56.457580402 19.983973734 -4.029279659 0.030703719 -0.690474914 0.048877360 0.721049706
220.580363000 -56.322046801 19.989246938 -4.038199380 0.019762253 -0.692452185 0.034301128 0.720376886
220.680460000 -56.259533012 19.985808103 -4.033682047 0.018494901 -0.692986459 0.035273598 0.719849623
220.780998000 -56.132691522 19.981662416 -4.024234628 0.010807753 -0.693207612 0.035339682 0.719789905
220.881283000 -56.036373542 19.985234418 -4.018029061 0.015137914 -0.690115104 0.037573412 0.722565032
220.981365000 -55.980372272 19.974698711 -4.021329958 0.010300261 -0.690072209 0.042343414 0.722427357
221.081438000 -55.881186228 19.970146753 -4.032709886 0.008543041 -0.691075940 0.048825588 0.721080525
221.180955000 -55.777847996 19.961113697 -4.032404348 0.014893645 -0.691616587 0.042265226 0.720873309
221.280252000 -55.686072113 19.956516942 -4.035155051 0.016726132 -0.690552915 0.038952078 0.722038533
221.379734000 -55.574619572 19.957439495 -4.028967844 0.011492503 -0.691253281 0.034596066 0.721692411
221.479173000 -55.472254148 19.955113372 -4.019116978 0.035574197 -0.690327482 0.045872871 0.721164422
221.579044000 -55.348322025 19.942505864 -4.022176714 0.022727537 -0.690625697 0.039362092 0.721782676
221.679781000 -55.223828998 19.936421800 -4.022457249 0.018860549 -0.689518863 0.043882915 0.722691017
221.780465000 -55.122518039 19.945504920 -4.024207741 0.022784276 -0.692777604 0.042286057 0.719549830
221.880954000 -55.061340041 19.949614309 -4.014294771 0.027004275 -0.691489040 0.043889455 0.720546593
221.980843000 -55.024870075 19.945861018 -4.009621458 0.015248652 -0.688316249 0.047159493 0.723715553
222.080486000 -55.000276792 19.945201769 -4.019666926 0.015714129 -0.691471850 0.049113943 0.720560592
222.180140000 -54.963933469 19.951997518 -4.011503755 0.011447092 -0.690435948 0.057993195 0.720974310
222.280549000 -54.935899879 19.959136347 -4.001231856 0.005973718 -0.687927048 0.065549627 0.722789000
222.380961000 -54.926673232 19.963555615 -3.994017565 0.001939990 -0.687380073 0.061996362 0.723644473
222.481089000 -54.925239802 19.961581007 -3.982359062 0.000821329 -0.684820800 0.063381037 0.725949476
222.581492000 -54.915922739 19.971507802 -3.986539058 0.004019487 -0.687566328 0.054876210 0.724033832
222.682542000 -54.908995421 19.978857413 -3.996642097 0.005467167 -0.688038972 0.045617622 0.724217865
222.782858000 -54.903585616 19.982489726 -4.007157963 0.004796710 -0.688015556 0.039595279 0.724599062
222.882319000 -54.897078025 19.985679151 -4.014436733 0.005893291 -0.687807367 0.037572820 0.724896254
222.981243000 -54.895056521 19.988310511 -4.017873948 0.010282102 -0.687312508 0.038785779 0.725252685
223.079934000 -54.894416722 19.990497152 -4.019100812 0.013785275 -0.686196094 0.039528262 0.726210991
223.178586000 -54.892267465 19.991822749 -4.019373163 0.016078100 -0.685400914 0.039244354 0.726929820
223.277501000 -54.892427792 19.993401066 -4.020684526 0.017948055 -0.684778389 0.038929622 0.727489456
223.376830000 -54.893331186 19.994742319 -4.021741032 0.019247365 -0.684141396 0.039118130 0.728045233
223.476570000 -54.892583043 19.994325169 -4.022063837 0.020471811 -0.683406598 0.039358065 0.728688733
223.576691000 -54.894010578 19.994827839 -4.021404231 0.020322588 -0.682704904 0.038079998 0.729418206
223.677017000 -54.908865797 20.003941117 -4.019444709 0.019988408 -0.682363961 0.037450737 0.729778960
223.777401000 -54.945805415 20.019073648 -4.022054427 0.020035429 -0.682124572 0.037318239 0.730008218
223.877752000 -54.945485205 20.019705706 -4.022802612 0.020220714 -0.682514304 0.036883426 0.729660853
223.978021000 -54.944307321 20.023734502 -4.022540942 0.020935847 -0.682492480 0.035640461 0.729722867
224.078244000 -54.942859856 20.028419841 -4.021313516 0.021701666 -0.682578484 0.034257271 0.729686296
224.178208000 -54.942684510 20.032103487 -4.020058814 0.022450938 -0.682366811 0.033366298 0.729902857
224.278050000 -54.957537090 20.038478368 -4.014863381 0.022119791 -0.682211534 0.033287758 0.730061684
224.377844000 -54.952354501 20.034970194 -4.023005755 0.021754950 -0.682180958 0.033357626 0.730098029
224.477628000 -54.945714538 20.030500054 -4.021279142 0.021083504 -0.681917880 0.033972048 0.730335122
224.577419000 -54.947900837 20.027461583 -4.022108226 0.019920842 -0.681719652 0.035276762 0.730490949
224.677239000 -54.951055446 20.022415349 -4.023271047 0.018183639 -0.681639259 0.037513719 0.730499827
224.777116000 -54.954440386 20.015962387 -4.024117185 0.016617617 -0.681089696 0.039622037 0.730938284
224.876990000 -54.960937704 20.012206295 -4.025002111 0.016604114 -0.680886653 0.040186757 0.731096912
224.976943000 -54.961453169 20.002941645 -4.023492596 0.017271174 -0.680501427 0.040033856 0.731448429
225.077023000 -54.961544907 20.000388003 -4.020709089 0.017397541 -0.680200912 0.039907530 0.731731805
225.176987000 -54.894238615 19.957496054 -4.012245455 0.017248391 -0.679963351 0.039948922 0.731953836
225.276933000 -54.783852182 19.883387516 -3.967706701 0.017219115 -0.679931914 0.039945196 0.731983931
225.376839000 -54.906542817 19.941215049 -3.964604338 0.017233296 -0.679880617 0.039911906 0.732033059
225.476720000 -54.990133614 19.965810835 -3.965394491 0.017188484 -0.679839564 0.039820014 0.732077243
225.576583000 -55.044365055 19.950745882 -3.937312542 0.017159189 -0.679793761 0.039756257 0.732123928
225.676448000 -54.973312974 19.908578383 -3.907764642 0.017153968 -0.679745505 0.039719014 0.732170875
225.776296000 -54.825110379 19.845483678 -3.900888157 0.017132095 -0.679699769 0.039653214 0.732217412
225.876167000 -54.702439839 19.784408117 -3.905767171 0.017079631 -0.679695251 0.039583406 0.732226608
225.976074000 -54.625603276 19.746360422 -3.878097529 0.017038276 -0.679662131 0.039532063 0.732261088
226.076112000 -54.560621404 19.716161952 -3.874755606 0.017005645 -0.679636736 0.039455813 0.732289529
226.176092000 -54.669330449 19.733097812 -3.857579368 0.016976140 -0.679630960 0.039392377 0.732298989
226.276069000 -54.570365106 19.688669997 -3.863763032 0.016929730 -0.679630251 0.039325355 0.732304324
226.376053000 -54.731915372 19.758312404 -3.865346870 0.016903687 -0.679626686 0.039282350 0.732310542
226.476006000 -54.558423012 19.724250550 -3.867330866 0.016876879 -0.679631298 0.039241375 0.732309077
226.575954000 -54.599185898 19.722292507 -3.864585435 0.016843737 -0.679644901 0.039179849 0.732300510
226.675902000 -54.365715103 19.674133883 -3.931724873 0.016829622 -0.679645771 0.039156531 0.732301274
226.775849000 -54.485120440 19.707615027 -3.925476350 0.016791795 -0.679657068 0.039122016 0.732293502
226.875800000 -54.382047523 19.661263434 -3.962912752 0.016769468 -0.679665265 0.039088842 0.732288178
226.975738000 -54.247666161 19.615605726 -3.993184793 0.016747683 -0.679677247 0.039048860 0.732279688
227.075779000 -54.307235763 19.643842512 -3.995312224 0.016718616 -0.679679352 0.039015577 0.732280173
227.175728000 -54.652529839 19.750903262 -3.945291758 0.016692523 -0.679684871 0.038968700 0.732278141
227.275674000 -54.805622436 19.790993466 -3.928324899 0.016663039 -0.679685914 0.038933801 0.732279701
227.375603000 -54.983508600 19.864246236 -3.935556842 0.016629777 -0.679696241 0.038907062 0.732272293
227.475537000 -55.069546409 19.907645071 -3.941238463 0.016624304 -0.679696504 0.038889195 0.732273122
227.575463000 -55.073022752 19.895536703 -3.934225181 0.016602948 -0.679698916 0.038854232 0.732273224
227.675393000 -55.117763699 19.912216377 -3.953349566 0.016596304 -0.679704422 0.038845049 0.732268751
227.775368000 -55.392465610 20.016394352 -3.934441562 0.016572951 -0.679713922 0.038815821 0.732262012
227.875334000 -55.386734194 20.017201301 -3.916352515 0.016564625 -0.679725088 0.038793988 0.732252992
227.975304000 -55.455848455 20.034382731 -3.900576880 0.016543414 -0.679736190 0.038761570 0.732244883
228.075352000 -55.761642570 20.135782546 -3.871844076 0.016527129 -0.679734738 0.038739145 0.732247785
228.175290000 -55.612155418 20.062167312 -3.897346549 0.016503961 -0.679740087 0.038713903 0.732244677
228.275185000 -55.562012077 20.030992441 -3.912842722 0.016481056 -0.679739550 0.038698114 0.732246526
228.375090000 -55.550304386 20.000275416 -3.863159677 0.016452988 -0.679749700 0.038677026 0.732238849
228.475001000 -55.644635798 20.020181450 -3.860794932 0.016429670 -0.679761927 0.038653187 0.732229281
228.574960000 -55.558947311 19.983348081 -3.868434504 0.016408240 -0.679772378 0.038619441 0.732221840
228.674927000 -55.445965185 19.935813794 -3.868164048 0.016376459 -0.679785787 0.038589746 0.732211668
228.774924000 -55.416389569 19.903840751 -3.844447370 0.016339853 -0.679789062 0.038552245 0.732211421
228.874919000 -55.343608870 19.877912462 -3.856586409 0.016006457 -0.679764281 0.038005781 0.732270357
228.974919000 -55.342713714 19.880538327 -3.859801987 0.016333695 -0.680121287 0.035488539 0.732057927
229.075030000 -55.329049117 19.891947951 -3.884269526 0.021877952 -0.687455053 0.029715046 0.725288854
229.175401000 -55.318165417 19.892626216 -3.923221423 0.037370681 -0.719266608 0.026746971 0.693212506
229.276820000 -55.302491372 19.880203008 -3.962710535 0.035942916 -0.751744590 0.019288502 0.658191561
229.377830000 -55.287887989 19.870491302 -4.007454766 0.033204210 -0.786133414 0.014471234 0.616994586
229.478340000 -55.290705755 19.857100922 -4.041138172 0.031746799 -0.816025088 0.010068342 0.577056172
229.578411000 -55.305406784 19.855045218 -4.072639052 0.035119954 -0.842316194 0.014109324 0.537653182
229.678348000 -55.321625241 19.857604675 -4.105219346 0.038234771 -0.863081159 0.009432292 0.503527603
229.777938000 -55.351128022 19.932511801 -4.061608711 0.028657878 -0.874243093 0.003063811 0.484632184
229.877211000 -55.322188072 19.963145782 -4.073480600 0.033623218 -0.883730017 0.003074377 0.466777553
229.977223000 -55.308732345 19.984220420 -4.107476291 0.038397964 -0.887278674 -0.000094124 0.459632617
230.077673000 -55.292787288 19.979978246 -4.131599255 0.034663476 -0.889629541 -0.002906711 0.455356206
230.178101000 -55.317816779 19.996224520 -4.145737914 0.026505640 -0.894457938 -0.015199884 0.446106951
230.278687000 -55.283592880 19.984490213 -4.228140093 0.014742500 -0.902063431 -0.009511100 0.431246756
230.379282000 -55.247479259 20.008245377 -4.310753318 -0.003691103 -0.913791166 -0.012966582 0.405960525
230.479555000 -55.195604346 19.986105880 -4.384844824 -0.014529394 -0.922265430 -0.017271328 0.385897751
230.579632000 -55.129011310 19.981270913 -4.454424125 -0.021054052 -0.931494844 -0.002266848 0.363137638
230.679903000 -55.083713259 19.895202696 -4.469591888 0.015566425 -0.936530699 0.018835626 0.349732976
230.779669000 -55.043565683 19.872099576 -4.492317322 0.009803148 -0.937019826 0.032362440 0.347635464
230.879468000 -55.004610949 19.811565176 -4.472466282 0.009704320 -0.937432995 0.045372772 0.345060166
230.979472000 -54.964673002 19.808190995 -4.495734613 0.012083948 -0.938069015 0.053175596 0.342129884
231.079585000 -54.950797906 19.788189392 -4.499968918 0.012408846 -0.937864647 0.054067299 0.342538541
231.179521000 -54.921714122 19.790551084 -4.539811622 0.009683054 -0.937871643 0.056879669 0.342151608
231.279250000 -54.868744555 19.793686579 -4.637775777 0.010483349 -0.937912764 0.056663272 0.342051195
231.378683000 -54.845662378 19.780219153 -4.671107658 0.007538629 -0.938499649 0.051190892 0.341381121
231.478360000 -54.791407916 19.763537654 -4.753196711 0.004640452 -0.937726349 0.055513577 0.342878993
231.578116000 -54.745875207 19.733430157 -4.814420862 0.007663216 -0.937191350 0.060422954 0.343457006
231.677698000 -54.703500417 19.742129609 -4.845982248 0.006587227 -0.938744072 0.053849032 0.340318170
231.777429000 -54.676480041 19.729466275 -4.888782609 0.007374614 -0.938893601 0.053893096 0.339882268
231.877462000 -54.613631354 19.718293298 -4.953840080 0.004159419 -0.939145494 0.057654368 0.338621343
231.977582000 -54.548853922 19.704134413 -5.003559952 0.016028494 -0.937934199 0.057004223 0.341720711
232.077839000 -54.495820770 19.678742391 -5.076281389 0.010192930 -0.937797724 0.056235359 0.342445789
232.178863000 -54.452819916 19.669156442 -5.126170771 0.009807537 -0.937894626 0.058750656 0.341768699
232.279631000 -54.391119543 19.661757976 -5.173301334 0.018001818 -0.939069913 0.054498723 0.338900461
232.379883000 -54.340211464 19.623384312 -5.260170669 0.017074314 -0.938902682 0.054880888 0.339349834
232.479795000 -54.245064679 19.621155984 -5.344798552 0.009277865 -0.939169935 0.059621258 0.338111017
232.579411000 -54.128765849 19.588329577 -5.463370754 0.012957658 -0.937675236 0.056862406 0.342584176
232.678762000 -54.024444077 19.552761503 -5.536745731 0.010557941 -0.938495887 0.057588702 0.340290378
232.778818000 -53.935609130 19.531252091 -5.653266610 0.013041774 -0.937810906 0.064367150 0.340877524
232.878661000 -53.836583857 19.529500001 -5.718367056 0.008230412 -0.939001049 0.059125407 0.338693779
232.978512000 -53.812011861 19.521526911 -5.736892897 0.010974918 -0.939022124 0.056729927 0.338967134
233.078691000 -53.720714374 19.508282049 -5.830882676 0.003865903 -0.939648098 0.060507307 0.336727444
233.178957000 -53.581974261 19.499533053 -5.935029248 0.012525004 -0.937651041 0.060548136 0.342034463
233.278690000 -53.489218763 19.459465144 -6.009566403 0.014356089 -0.934242786 0.059319306 0.351376635
233.379022000 -53.395511472 19.450390966 -6.072119204 0.027805564 -0.926086869 0.070886755 0.369547061
233.479051000 -53.279065152 19.412427907 -6.178481896 0.033639526 -0.924392331 0.071161576 0.373233481
233.579358000 -53.166626399 19.355230490 -6.265169992 0.029798092 -0.916615054 0.062436529 0.393739249
233.679419000 -53.053043808 19.352500165 -6.329092014 0.028143767 -0.905970499 0.068117822 0.416875696
233.779325000 -52.894074231 19.339004393 -6.458113818 0.038578884 -0.896303740 0.075451905 0.435268062
233.879100000 -52.765139890 19.283237677 -6.612310171 0.031604874 -0.891032031 0.064495338 0.448222493
233.979083000 -52.701600302 19.257570292 -6.681484921 0.022537710 -0.888883747 0.062555567 0.453281962
234.079109000 -52.616586354 19.306896458 -6.695277553 0.009176380 -0.891289435 0.055568868 0.449923370
234.178801000 -52.499842985 19.227709070 -6.761281592 0.013512536 -0.891136374 0.049705261 0.450802352
234.278406000 -52.428803073 19.232848756 -6.816656991 0.007308818 -0.891548145 0.052148674 0.449854423
234.378205000 -52.256100132 19.206018032 -6.971397201 0.011271031 -0.889680738 0.052239758 0.453444767
234.477722000 -52.221895195 19.192561121 -7.005979239 0.009765599 -0.890079211 0.046807322 0.453290972
234.577932000 -52.126211275 19.181878975 -7.095756731 0.012340666 -0.888825807 0.055958697 0.454648235
234.678068000 -52.015239861 19.160209198 -7.209333414 0.013159041 -0.890972981 0.055287231 0.450485636
234.778210000 -51.938746937 19.142218436 -7.268124799 0.013504937 -0.890120599 0.049904961 0.452782984
234.878390000 -51.835585697 19.131551421 -7.360105218 0.004938987 -0.890890869 0.055204888 0.450823121
234.978691000 -51.664868359 19.087133110 -7.459254124 0.007229148 -0.889406600 0.053399242 0.453929686
235.078629000 -51.617578521 19.040204215 -7.491930242 0.004750670 -0.889630314 0.050610245 0.453843518
235.179055000 -51.502895037 19.026236735 -7.582178951 0.006563383 -0.888308850 0.060786937 0.455158498
235.279191000 -51.432662075 19.017384287 -7.617402071 0.008887459 -0.890237637 0.057580551 0.451754848
235.379191000 -51.350366110 19.004865250 -7.671755814 0.007590324 -0.890176709 0.052019948 0.452572358
235.478988000 -51.243662779 18.989981476 -7.753682099 -0.001656020 -0.890986689 0.057429935 0.450379596
235.578864000 -51.152426855 18.989359788 -7.806466114 0.007660630 -0.889273104 0.058674074 0.453532814
235.678219000 -51.079291555 18.947167794 -7.851248878 0.006695211 -0.889765021 0.055026335 0.453040267
235.778229000 -50.988143780 18.903170104 -7.916276484 0.003494109 -0.889046558 0.060036718 0.453849757
235.878174000 -50.863045281 18.901397035 -8.052065951 0.003866632 -0.890784892 0.059432672 0.450505365
235.978072000 -50.786572062 18.882259627 -8.098104460 0.010472052 -0.890655950 0.055248520 0.451187229
236.078430000 -50.724104304 18.880096715 -8.167671745 0.002316073 -0.891502614 0.058205397 0.449254779
236.178945000 -50.590841929 18.921327336 -8.267104561 0.010679762 -0.889614079 0.061812347 0.452384755
236.278734000 -50.556051097 18.909617330 -8.302721938 0.010686898 -0.889717163 0.057693678 0.452725743
236.378698000 -50.461186088 18.897916562 -8.361189144 0.017855791 -0.884259863 0.066629682 0.461872440
236.478202000 -50.308206372 18.908881100 -8.475904519 0.033278835 -0.876688297 0.076178457 0.473821687
236.577718000 -50.188480535 18.896899168 -8.521665749 0.050409993 -0.863991517 0.072870713 0.495648414
236.677441000 -50.110186788 18.905899687 -8.547103795 0.043897654 -0.858146514 0.073304715 0.506244976
236.777852000 -49.967102081 18.909720880 -8.640426765 0.032813534 -0.852824580 0.065908910 0.516981164
236.877887000 -49.843436949 18.876863356 -8.731703640 0.026225273 -0.853929227 0.054671156 0.516844439
236.978727000 -49.751384881 18.855700332 -8.832191770 0.023783002 -0.853401555 0.054345200 0.517867507
237.079158000 -49.613329243 18.863714757 -8.913581694 0.026634526 -0.850605998 0.058153041 0.521898709
237.178824000 -49.494737204 18.849976315 -8.955509316 0.040503316 -0.842790030 0.056903908 0.533691289
237.278308000 -49.412869203 18.831230106 -9.011225179 0.040944423 -0.840805664 0.062896836 0.536109482
237.378212000 -49.180765863 18.810891833 -9.160414900 0.033231880 -0.838839239 0.059087196 0.540141719
237.477821000 -49.126147988 18.799976792 -9.181921257 0.029389162 -0.839060304 0.051366522 0.540810100
237.578068000 -49.067224065 18.784354686 -9.216023658 0.022547120 -0.837286963 0.056705677 0.543347619
237.678125000 -48.992528408 18.773118292 -9.267090035 0.023134257 -0.839244797 0.057430335 0.540217303
237.778293000 -48.853730129 18.759491321 -9.318872074 0.028904865 -0.834654248 0.052641827 0.547490304
237.878305000 -48.726596059 18.725765740 -9.373930931 0.034378919 -0.825048150 0.059595955 0.560858238
237.978111000 -48.538350400 18.692483432 -9.490800369 0.049877918 -0.813964588 0.077037597 0.573619257
238.077970000 -48.388527510 18.675032501 -9.583348406 0.047876127 -0.808060921 0.066193547 0.583407095
238.178283000 -48.207152706 18.593207920 -9.684675652 0.035517367 -0.805657657 0.060538840 0.588208555
238.278844000 -48.119096136 18.593673472 -9.718157877 0.024069915 -0.807461202 0.053818468 0.586967306
238.379302000 -48.013459487 18.585814960 -9.725740906 0.027614934 -0.808058488 0.047453654 0.586538188
238.479640000 -47.958203397 18.590793863 -9.753737520 0.021168165 -0.808423764 0.050758406 0.586026032
238.579802000 -47.731139534 18.586097776 -9.831346445 0.024960077 -0.806845950 0.055738427 0.587596660
238.679525000 -47.672141941 18.571345839 -9.860835860 0.025515278 -0.806620065 0.048575812 0.588517996
238.779300000 -47.606214438 18.565794837 -9.880370046 0.025964765 -0.805535131 0.054498147 0.589464958
238.878701000 -47.496413311 18.557821246 -9.925362790 0.024174285 -0.807556034 0.054901799 0.586732178
238.977872000 -47.329516538 18.542101001 -10.008967028 0.029429012 -0.807619108 0.049065269 0.586922405
239.077331000 -47.255521749 18.536753706 -10.048878298 0.022428703 -0.808522182 0.052107572 0.585724880
239.177220000 -47.111105970 18.531982316 -10.079554449 0.023414261 -0.806629140 0.058214335 0.587717869
239.277112000 -47.075955897 18.528431730 -10.104215888 0.026228736 -0.805551541 0.052239592 0.589635305
239.377455000 -46.996819745 18.526340251 -10.138344190 0.026514807 -0.804544330 0.056252101 0.590627706
239.477746000 -46.845266140 18.529245940 -10.173627382 0.025191401 -0.806688540 0.057881655 0.587595701
239.577897000 -46.726668028 18.506129238 -10.196581962 0.029750025 -0.807133693 0.051632876 0.587353542
239.678262000 -46.643966803 18.498129823 -10.227515265 0.022834529 -0.807885369 0.055330068 0.586292077
239.778777000 -46.519757441 18.485837089 -10.244993921 0.016741607 -0.805818222 0.057557413 0.589121258
239.878831000 -46.426023286 18.475970649 -10.281688637 0.020090100 -0.805795799 0.054359718 0.589350947
239.979365000 -46.328731919 18.469203021 -10.322670347 0.021070648 -0.804218777 0.061515822 0.590765596
240.079797000 -46.250861443 18.453698476 -10.335401694 0.022132164 -0.805786205 0.064862993 0.588227466
240.179990000 -46.144693129 18.443943828 -10.364381120 0.023978110 -0.805600609 0.057812113 0.589143844
240.280100000 -46.061170993 18.434667571 -10.401008326 0.014544395 -0.806431903 0.060096537 0.588085412
240.379997000 -45.913154373 18.434139848 -10.437353236 0.017771653 -0.804912400 0.064909588 0.589565045
240.479326000 -45.862792720 18.436992245 -10.455871776 0.020319117 -0.804424598 0.057465157 0.590919584
240.578816000 -45.777794992 18.431313522 -10.488680505 0.020305006 -0.803531055 0.062333061 0.591641901
240.678237000 -45.651202538 18.436333530 -10.547926366 0.017693176 -0.804935739 0.061375321 0.589913958
240.777475000 -45.551529661 18.431705344 -10.577299210 0.024208156 -0.805645512 0.055154424 0.589327806
240.877125000 -45.459682327 18.412676903 -10.605460886 0.022275472 -0.806469993 0.056054295 0.588190335
240.977429000 -45.368290673 18.389538728 -10.612324486 0.021046557 -0.805197269 0.055676219 0.590012338
241.077705000 -45.275927390 18.401182121 -10.655078692 0.024507890 -0.804224471 0.050162186 0.591697658
241.178082000 -45.178163180 18.410965815 -10.678826131 0.025716139 -0.805249935 0.051879067 0.590101503
241.278464000 -45.116507182 18.401215660 -10.702693899 0.026202888 -0.805078303 0.053863261 0.590136495
241.378501000 -45.012222016 18.400643412 -10.723713982 0.025264331 -0.806042191 0.044637912 0.589631373
241.478405000 -44.920207564 18.397424893 -10.765303871 0.021070981 -0.806471573 0.045914455 0.589110752
241.578305000 -44.784193156 18.389680631 -10.777212650 0.011404558 -0.805384410 0.047478569 0.590738245
241.677908000 -44.725923285 18.394042071 -10.806162525 0.022032301 -0.804523623 0.044148044 0.591867610
241.777786000 -44.622527849 18.367825721 -10.818806622 0.020188166 -0.805206032 0.048505571 0.590663096
241.877829000 -44.493895754 18.367286394 -10.869373953 0.019753387 -0.803556938 0.055723411 0.592284519
241.977385000 -44.443137699 18.373001081 -10.865520307 0.025389428 -0.807019234 0.051120630 0.587760167
242.077193000 -44.328935712 18.362583509 -10.925721206 0.022177063 -0.805885626 0.051063469 0.589448095
242.177058000 -44.205241788 18.362522533 -10.961055415 0.012358151 -0.805577517 0.055087677 0.589794446
242.277014000 -44.059182554 18.447704249 -11.017539154 0.017738479 -0.804567305 0.050350667 0.591457190
242.377095000 -43.923497609 18.444290953 -11.034821748 0.017475394 -0.805254959 0.048088262 0.590717005
242.477615000 -43.821019634 18.440550972 -11.084902748 0.020045143 -0.804370894 0.053141817 0.591406462
242.577638000 -43.742309897 18.424557314 -11.097367653 0.022962902 -0.806753614 0.044102780 0.588792201
242.677420000 -43.674177487 18.403998784 -11.122677992 0.020782896 -0.805898850 0.045033123 0.589972146
242.777255000 -43.495349453 18.395718483 -11.142846995 0.010526477 -0.804310980 0.047162832 0.592240414
242.877039000 -43.287738142 18.363491602 -11.200489744 0.035562099 -0.792141925 0.053158877 0.606976640
242.976656000 -43.133041918 18.298099920 -11.199824460 0.040912190 -0.778954056 0.056934684 0.623149430
243.077218000 -42.980411211 18.298435821 -11.292011249 0.054132179 -0.764028996 0.072876409 0.638763204
243.177834000 -42.854569728 18.253223219 -11.297253842 0.056242000 -0.761201528 0.062691696 0.643023190
243.278767000 -42.776918154 18.221783536 -11.310136845 0.043684345 -0.757412430 0.052933903 0.649319714
243.379417000 -42.655651671 18.237448400 -11.326247360 0.019885938 -0.760319912 0.043102804 0.647811955
243.479743000 -42.579544730 18.204859487 -11.327581978 0.028642907 -0.757951392 0.034754758 0.650754469
243.579440000 -42.533285155 18.188174467 -11.338688948 0.027831390 -0.757533547 0.038433350 0.651069286
243.679538000 -42.422548950 18.200812677 -11.390698747 0.033013915 -0.755870888 0.052184411 0.651802171
243.779173000 -42.257800622 18.191206704 -11.413264175 0.037737384 -0.759117717 0.047259100 0.648137916
243.878628000 -42.182196603 18.162140918 -11.416225734 0.034155615 -0.757667447 0.043132353 0.650317641
243.978203000 -42.046554854 18.158032658 -11.432476204 0.022677696 -0.758912286 0.045580434 0.649199729
244.077911000 -41.908796422 18.119747706 -11.452336557 0.026673924 -0.757373102 0.044853002 0.650893766
244.177266000 -41.914740992 18.106189269 -11.472840888 0.025991141 -0.757545641 0.043408012 0.650818566
244.277264000 -41.847607419 18.106572539 -11.511813255 0.025843769 -0.756400278 0.048916900 0.651765184
244.377016000 -41.703839838 18.102040535 -11.536722288 0.027648077 -0.759414004 0.043851780 0.648539109
244.476815000 -41.596366206 18.078272268 -11.537707610 0.029055541 -0.758131770 0.040253633 0.650208921
244.576837000 -41.474364795 18.085996857 -11.568404022 0.019244503 -0.758991405 0.043507354 0.649360305
244.677093000 -41.286636207 18.047653813 -11.593326864 0.016753699 -0.756212079 0.038563420 0.652974324
244.777058000 -41.251017871 18.085740042 -11.645699332 0.020484514 -0.757517717 0.039454478 0.651299192
244.877743000 -41.211794490 18.101369702 -11.700364097 0.022399943 -0.756020132 0.047047409 0.652470953
244.978018000 -41.105943473 18.093606396 -11.709914173 0.027866753 -0.759060282 0.040051237 0.649189364
245.078135000 -41.074024462 18.093600744 -11.686676495 0.026228379 -0.757852666 0.036406645 0.650880914
245.177989000 -40.946613281 18.092803986 -11.706828363 0.014562369 -0.759122963 0.039252255 0.649599511
245.277871000 -40.801409957 18.071961969 -11.696263893 0.015312957 -0.755822150 0.036376202 0.653586386
245.377342000 -40.817695319 18.022590311 -11.708694340 0.015599222 -0.756166741 0.033373446 0.653341210
245.477562000 -40.712001550 18.023703008 -11.729592754 0.015651260 -0.754713169 0.042341148 0.654500037
245.577574000 -40.533158827 18.031868736 -11.759191047 0.017305739 -0.758399159 0.037727098 0.650467442
245.677497000 -40.427745528 17.934980731 -11.767445065 0.019351655 -0.756177401 0.034859452 0.653150879
245.777342000 -40.285574360 17.928190225 -11.762984312 0.014900943 -0.750235363 0.042377540 0.659643090
245.877017000 -40.137917683 17.946549901 -11.759017770 0.026635145 -0.735833293 0.052763431 0.674578353
245.976304000 -40.012601647 17.911320827 -11.788295454 0.030227658 -0.726243145 0.053120372 0.684715568
246.076439000 -39.897983144 17.900605454 -11.806164132 0.023225207 -0.721333424 0.058197349 0.689747598
246.176593000 -39.846289885 17.897211954 -11.790294207 0.015851359 -0.723351472 0.044705300 0.688848909
246.276822000 -39.817267527 17.874880796 -11.797973953 0.015255665 -0.723054878 0.044214572 0.689205325
246.377247000 -39.660381316 17.872901983 -11.847376765 0.004892357 -0.723195740 0.047314106 0.689003166
246.477529000 -39.568175006 17.878625796 -11.842525596 0.010005663 -0.721348456 0.048080034 0.690828924
246.577398000 -39.462041083 17.855532062 -11.832707503 0.007444210 -0.722590338 0.048694368 0.689519141
246.677508000 -39.324035254 17.832774758 -11.839053114 0.003283639 -0.720883883 0.060561971 0.690396910
246.777209000 -39.158706768 17.810331025 -11.857673307 0.004689664 -0.724815284 0.056747611 0.686586134
246.876950000 -38.989516586 17.781361553 -11.900474656 0.006954381 -0.723041637 0.055630225 0.688525748
246.977076000 -38.881119091 17.762298271 -11.941150010 -0.002966350 -0.723948009 0.058735029 0.687343202
247.077465000 -38.758903565 17.747860495 -11.941549158 0.000993203 -0.721611134 0.060060035 0.689687739
247.177350000 -38.642495612 17.733363499 -11.957296331 0.002314186 -0.722305101 0.060898784 0.688884115
247.277743000 -38.516315851 17.717630832 -11.967871412 -0.001534212 -0.721135026 0.066005102 0.689641390
247.377860000 -38.360246735 17.726600743 -11.979410754 -0.002078618 -0.724306578 0.063304621 0.686562587
247.477842000 -38.211831417 17.693348188 -12.013124065 0.003616236 -0.723304320 0.061801965 0.687748719
247.577828000 -38.106861714 17.683886273 -12.019694122 -0.003394006 -0.724216718 0.065035983 0.686490310
247.677878000 -37.931296865 17.688281798 -12.043206020 0.000185252 -0.721131784 0.068126559 0.689440127
247.777449000 -37.850641699 17.690995940 -12.050833932 0.002066936 -0.721869302 0.067364075 0.688739806
247.877238000 -37.735194074 17.682460421 -12.067024057 -0.001268948 -0.720822036 0.070050184 0.689570123
247.976765000 -37.735194074 17.682460421 -12.067024057 -0.001268948 -0.720822036 0.070050184 0.689570123
248.076460000 -37.632743725 17.665415987 -12.068624744 0.005481734 -0.720121488 0.065576441 0.690720438
248.176286000 -37.598605245 17.654096664 -12.069673262 0.004495723 -0.720675981 0.059717926 0.690680598
248.276314000 -37.561776735 17.649643281 -12.067412488 0.001436768 -0.719979347 0.058623106 0.691513563
248.376097000 -37.511113529 17.659493888 -12.074892343 0.004156613 -0.719688585 0.060825795 0.691614984
248.476065000 -37.531418613 17.657273361 -12.050119749 0.005037733 -0.720199356 0.060844824 0.691075550
248.575932000 -37.541097976 17.665047015 -12.061582827 0.007102458 -0.718592982 0.057734373 0.692993812
248.675661000 -37.510842316 17.671020921 -12.062329738 0.006414013 -0.719875124 0.057284315 0.691705988
248.776203000 -37.516913716 17.677152131 -12.063338228 0.005640340 -0.720150951 0.059509845 0.691237566
248.876780000 -37.524267847 17.682339673 -12.071687671 0.005123192 -0.720019851 0.059846596 0.691349081
248.977044000 -37.545112300 17.702149440 -12.070810720 0.006796571 -0.720284517 0.059294567 0.691106486
249.077232000 -37.541694795 17.702865090 -12.066856185 0.006036337 -0.720274363 0.057687534 0.691260120
249.177312000 -37.529164869 17.701676638 -12.068291741 0.006693029 -0.720367268 0.061364015 0.690840546
249.277130000 -37.537146357 17.691395598 -12.069182412 0.029479242 -0.717084793 0.075127896 0.692297749
249.376539000 -37.491374763 17.673706091 -12.066308260 0.033419377 -0.716296170 0.072423051 0.693222795
249.477453000 -37.428353241 17.668305830 -12.044910038 0.006890199 -0.719924365 0.060561934 0.691370874
249.579401000 -37.362331420 17.650514851 -11.999530417 0.021208060 -0.718850627 0.068068851 0.691498826
249.680425000 -37.342317548 17.635094286 -12.002010670 0.025386662 -0.717409190 0.065021642 0.693146275
249.781006000 -37.271196159 17.629573523 -12.001320857 0.015423375 -0.717182906 0.063236460 0.693838562
249.881072000 -37.166318012 17.629008188 -12.015970877 0.013305732 -0.718824398 0.065579617 0.691963696
249.980500000 -37.139802398 17.621709240 -12.012618786 0.014593169 -0.719329326 0.062637575 0.691685546
250.079668000 -37.058393999 17.607905555 -12.015741920 0.012713059 -0.719621457 0.063545701 0.691335867
250.178690000 -36.933785568 17.580092667 -11.990983991 0.007254379 -0.718281434 0.063665701 0.692795666
250.277447000 -36.866672792 17.558305018 -12.009023592 0.010248813 -0.717679888 0.058251866 0.693856801
250.376693000 -36.785247756 17.553998990 -12.015001541 0.009559007 -0.717170913 0.061255994 0.694134144
250.476201000 -36.681808062 17.542551351 -12.027851353 0.009782616 -0.718398823 0.063088988 0.692695612
250.575778000 -36.483118357 17.518515512 -12.043212445 0.016317700 -0.718848432 0.058623992 0.692498297
250.675735000 -36.326056306 17.473963240 -12.085038273 0.014829878 -0.718641322 0.058013112 0.692798097
250.776169000 -36.262991502 17.473978931 -12.079851755 0.011992364 -0.719188290 0.057944799 0.692290970
250.876477000 -36.225509531 17.461636265 -12.086153340 0.018052678 -0.718616518 0.052754367 0.693167640
250.977208000 -36.130086818 17.455365123 -12.078539945 0.015561302 -0.718515364 0.048624620 0.693634748
251.078333000 -36.007035143 17.459785100 -12.114019083 0.020406449 -0.720336687 0.044669759 0.691883839
251.179096000 -35.906002116 17.458105773 -12.110236594 0.027351044 -0.720634171 0.038555855 0.691702073
251.279568000 -35.814541427 17.460290310 -12.112745106 0.032755997 -0.720094770 0.032877101 0.692321936
251.379838000 -35.684482690 17.484652156 -12.066995112 0.025840977 -0.721152465 0.029021521 0.691685708
251.479564000 -35.592564840 17.495554577 -12.053960607 0.035254926 -0.718476877 0.023754818 0.694250514
251.579040000 -35.521531755 17.479495168 -12.054033300 0.031073596 -0.718705858 0.025644125 0.694146022
251.678739000 -35.368262124 17.472759938 -12.069909602 0.030092442 -0.717965437 0.032255147 0.694679554
251.778206000 -35.288366535 17.485841566 -12.081322457 0.029326233 -0.718955597 0.025256517 0.693977615
251.877764000 -35.191383955 17.457433282 -12.079726143 0.036337341 -0.718396736 0.026505362 0.694178070
251.977750000 -35.065303130 17.459570181 -12.081365674 0.027557308 -0.720133050 0.029195508 0.692673521
252.078056000 -34.903539141 17.577867028 -12.092633351 0.031873614 -0.715201536 0.031368149 0.697486111
252.177956000 -34.829068091 17.599352036 -12.104315630 0.028159924 -0.716338265 0.028710700 0.696593285
252.278190000 -34.708352479 17.603775685 -12.120965459 0.028723643 -0.715105631 0.037835319 0.697400443
252.377740000 -34.624078131 17.587291911 -12.115878569 0.021786474 -0.717662563 0.025134384 0.695596189
252.476926000 -34.504669677 17.497240336 -12.101497750 0.031899851 -0.716772548 0.026788112 0.696061715
252.576858000 -34.435602945 17.495838407 -12.102924954 0.023833281 -0.717985497 0.025389663 0.695186425
252.677555000 -34.259700333 17.487204262 -12.097804288 0.031700967 -0.714632590 0.027032889 0.698258214
252.777923000 -34.237836743 17.481106534 -12.101537572 0.031466614 -0.714688035 0.024548656 0.698303822
252.878621000 -34.139707317 17.477439589 -12.111543375 0.029284322 -0.713155730 0.032081224 0.699658580
252.978845000 -33.983327996 17.490741827 -12.127278651 0.022418865 -0.719502733 0.020101058 0.693836551
253.078918000 -33.920787935 17.440507181 -12.119799213 0.029828905 -0.721512445 0.020885322 0.691443296
253.178394000 -33.847574291 17.432444929 -12.137404787 0.024583138 -0.722085018 0.024342935 0.690938722
253.277548000 -33.750771387 17.430658553 -12.147376784 0.025051841 -0.725471884 0.024478631 0.687359983
253.376699000 -33.612488586 17.392870168 -12.202599599 0.015115069 -0.739435634 0.013995337 0.672912036
253.476442000 -33.481911262 17.375451981 -12.226496639 0.001949591 -0.748871283 0.016028108 0.662518755
253.575738000 -33.376462638 17.384032182 -12.218070105 0.007267118 -0.754049144 0.025030800 0.656300645
253.674888000 -33.366233012 17.398554230 -12.204472748 0.014994532 -0.752744182 0.027011307 0.657587826
253.774719000 -33.243590335 17.405207625 -12.224789236 0.007401856 -0.754771190 0.030429769 0.655240179
253.875326000 -33.056618864 17.518343714 -12.243941567 0.014880716 -0.751041579 0.039331960 0.658914340
253.975652000 -33.022900198 17.504187760 -12.246042247 0.015333696 -0.750878616 0.032308275 0.659471271
254.076466000 -32.953216268 17.520562678 -12.266124890 0.015488284 -0.750183431 0.035551176 0.660091696
254.176853000 -32.840387454 17.537248730 -12.298662833 0.011555917 -0.752393217 0.028983992 0.657974799
254.276919000 -32.740557920 17.506817136 -12.296775561 0.018582136 -0.751719237 0.025175939 0.658740514
254.377179000 -32.677117226 17.516473847 -12.323402254 0.012877905 -0.752670458 0.026216839 0.657749207
254.477486000 -32.515675395 17.627479918 -12.365891874 0.019943637 -0.750294923 0.031046111 0.660072662
254.577218000 -32.477497546 17.601196726 -12.383695883 0.020649486 -0.750080122 0.027151487 0.660466657
254.677291000 -32.347044220 17.594909777 -12.414568009 0.016654128 -0.748887041 0.033142241 0.661658848
254.777143000 -32.284580415 17.613452544 -12.416341501 0.012904834 -0.750844904 0.034495349 0.659450883
254.876928000 -32.168601676 17.582676187 -12.433157319 0.022300328 -0.750304889 0.030645913 0.660004618
254.976921000 -32.106822437 17.602097960 -12.458278471 0.016775380 -0.751658079 0.030137194 0.658650491
255.077217000 -31.926319372 17.692365245 -12.483955121 0.022112175 -0.748776150 0.033755463 0.661593454
255.176985000 -31.862330065 17.666029006 -12.507403218 0.021274014 -0.748934399 0.026887699 0.661756552
255.277193000 -31.734554401 17.666350666 -12.553130497 0.020938702 -0.747892541 0.033236473 0.662656513
255.377183000 -31.516822257 17.664314528 -12.596850476 0.016470146 -0.750332278 0.032415606 0.660060176
255.476984000 -31.386827317 17.615982612 -12.602419564 0.028582190 -0.750028068 0.029923497 0.660110248
255.576828000 -31.292003058 17.682998825 -12.606062213 0.018557383 -0.751775000 0.028816948 0.658528326
255.676891000 -31.131373149 17.821169486 -12.643371614 0.021703072 -0.748094603 0.029811904 0.662566745
255.776420000 -31.113242422 17.799403311 -12.633774115 0.022224916 -0.748236584 0.024388560 0.662610945
255.876517000 -31.011080000 17.802264020 -12.664392406 0.021529678 -0.747138282 0.029435314 0.663667404
255.976408000 -30.894758558 17.828370051 -12.680424527 0.018209430 -0.748941112 0.026380439 0.661860786
256.076200000 -30.758799482 17.794663375 -12.697990311 0.028824443 -0.748958622 0.022348116 0.661612194
256.176069000 -30.710373029 17.790621620 -12.723315591 0.019670541 -0.750537789 0.022717671 0.660143927
256.276317000 -30.526286191 17.788286017 -12.738999767 0.028879803 -0.748646714 0.028318405 0.661734178
256.376286000 -30.455497512 17.778364677 -12.761456650 0.031928259 -0.747501561 0.027292455 0.662930708
256.476445000 -30.365702493 17.778380060 -12.784694098 0.024027024 -0.746201796 0.031131047 0.664557326
256.576522000 -30.286436767 17.777664847 -12.818599027 0.022132500 -0.747963985 0.031729652 0.662610941
256.676613000 -30.163415356 17.768189983 -12.841506650 0.029605710 -0.748598007 0.025132796 0.661885842
256.776764000 -30.059156221 17.755512343 -12.869918191 0.023504407 -0.749580895 0.025983416 0.660984786
256.877099000 -29.884852488 17.830264293 -12.894179942 0.024843004 -0.747619938 0.033040101 0.662839049
256.977058000 -29.819231704 17.851600506 -12.919057622 0.028043953 -0.746267512 0.028110443 0.664460790
257.077188000 -29.768345369 17.847301960 -12.926737250 0.025963022 -0.745920088 0.029117183 0.664891971
257.177032000 -29.644667213 17.830064599 -12.923788403 0.028424681 -0.747421154 0.036612427 0.662731609
257.276658000 -29.505365057 17.818077433 -12.963375115 0.038142849 -0.747525191 0.031148032 0.662405474
257.376456000 -29.408800304 17.844553190 -12.974803870 0.027128008 -0.748686651 0.028233160 0.661766771
257.476414000 -29.260203235 17.876517480 -12.968391774 0.036365959 -0.747233921 0.035762714 0.662600945
257.576023000 -29.180658786 17.895333913 -12.980553102 0.041464216 -0.745449680 0.031947158 0.664503479
257.676205000 -29.117961440 17.897293686 -12.984076656 0.037713946 -0.745330376 0.031586897 0.664877851
257.777010000 -29.004882232 17.892952075 -13.018701356 0.038803728 -0.746139326 0.035865134 0.663689739
257.877553000 -28.926919780 17.971364699 -13.043708166 0.046656777 -0.746779021 0.030157280 0.662747898
257.977733000 -28.811613781 17.973567302 -13.091841971 0.038933387 -0.747918750 0.029099814 0.662008260
258.077844000 -28.660095520 17.955819518 -13.083982520 0.038089731 -0.746317321 0.033605631 0.663649222
258.177272000 -28.604487545 17.955267447 -13.090383996 0.042563229 -0.744631266 0.029214667 0.665476635
258.277036000 -28.503447226 17.956717421 -13.112121331 0.039621627 -0.744161415 0.031862683 0.666062073
258.376798000 -28.440419769 17.944188313 -13.126512014 0.039496433 -0.744254071 0.035137196 0.665801237
258.476125000 -28.312484940 17.925564827 -13.155231787 0.040935879 -0.745806285 0.028085800 0.664310489
258.575744000 -28.232691620 17.947351075 -13.167731889 0.042476036 -0.746033748 0.029346506 0.663903770
258.675908000 -28.113481245 17.950814290 -13.174623915 0.036511433 -0.746356694 0.030246157 0.663855233
258.775884000 -28.037185327 17.945421110 -13.186024580 0.050320917 -0.744372685 0.027808202 0.665284762
258.875588000 -27.880643222 17.883923665 -13.185875088 0.039827449 -0.745168321 0.028328101 0.665083052
258.975314000 -27.743481539 17.884091919 -13.219119739 0.038167179 -0.744670977 0.036830811 0.665320895
259.074832000 -27.615719135 17.884745253 -13.262830694 0.043864280 -0.747025979 0.032506856 0.662549180
259.174498000 -27.448788547 17.808080810 -13.449617929 0.041956173 -0.745992871 0.030443151 0.663933378
259.274943000 -27.267260993 17.803708072 -13.474028542 0.032543857 -0.747409443 0.029630719 0.662904248
259.375680000 -27.128601014 17.799861857 -13.486099032 0.045063131 -0.743628363 0.030203646 0.666388709
259.476207000 -27.079377947 17.787815966 -13.485420781 0.042747791 -0.744280458 0.034479400 0.665605286
259.577131000 -26.937487310 17.794755822 -13.519628153 0.043695025 -0.743668947 0.042799500 0.665744278
259.677307000 -26.767441099 17.825483195 -13.557074617 0.049467954 -0.746449436 0.037410009 0.662545585
259.777002000 -26.707597169 17.851017386 -13.579896081 0.046242569 -0.745319853 0.034151530 0.664224070
259.876760000 -26.627342636 17.880881450 -13.582363148 0.036794424 -0.745986820 0.032425381 0.664152414
259.976703000 -26.495442014 17.951902954 -13.632062641 0.049355941 -0.742561427 0.035344315 0.667021212
260.076647000 -26.428437135 17.905761775 -13.626524699 0.046912901 -0.743017620 0.037807072 0.666554290
260.177114000 -26.282558998 17.905759584 -13.665136465 0.047991084 -0.742511969 0.045387361 0.666567941
260.277230000 -26.134560458 17.902594443 -13.693619331 0.054995124 -0.745046587 0.040308075 0.663518182
260.377122000 -26.014524600 17.812315084 -13.694571967 0.050233429 -0.744154934 0.036321888 0.665124617
260.476932000 -25.858027490 17.815970706 -13.710263050 0.040678282 -0.745372853 0.037858400 0.664327727
260.576452000 -25.752014982 17.833673823 -13.715239511 0.052388795 -0.741679900 0.041096556 0.667440943
260.675645000 -25.750136685 17.818126889 -13.693628023 0.049339333 -0.741928514 0.043762531 0.667227511
260.775593000 -25.620168511 17.818337436 -13.719692175 0.049917421 -0.741071044 0.051709428 0.667568794
260.875265000 -25.555484500 17.790053183 -13.698592311 0.049988026 -0.743395498 0.046794279 0.665337979
260.974884000 -25.476173493 17.752188168 -13.709606244 0.051546679 -0.742884590 0.046068940 0.665840130
261.075204000 -25.360714096 17.752780377 -13.732064899 0.044205118 -0.743845257 0.046920471 0.665235756
261.175629000 -25.229074314 17.849517167 -13.756576236 0.050490707 -0.740693790 0.046768744 0.668308373
261.275632000 -25.242096691 17.850132863 -13.746202448 0.049662061 -0.741367347 0.042941584 0.667880346
261.375977000 -25.128751303 17.849989221 -13.780525111 0.049759437 -0.740133183 0.049481589 0.668788787
261.475790000 -25.025215569 17.851956884 -13.786561364 0.053120724 -0.742442310 0.046087401 0.666208343
261.575427000 -24.920653361 17.854357101 -13.819131759 0.053356889 -0.741613148 0.042389586 0.667357553
261.675260000 -24.800278560 17.858095863 -13.844809972 0.042340551 -0.743078567 0.042002335 0.666541315
261.775476000 -24.554895900 17.833693985 -13.904753079 0.054968358 -0.740187426 0.041095508 0.668888790
261.875496000 -24.530782044 17.818831955 -13.894677483 0.053746992 -0.740521974 0.041732451 0.668578244
261.975981000 -24.401118917 17.822308227 -13.924943213 0.051195336 -0.738992552 0.051718326 0.669771798
262.076284000 -24.292920059 17.832771684 -13.937063221 0.053546869 -0.742088482 0.046996712 0.666504859
262.176356000 -24.164469119 17.716998527 -13.951729698 0.057866528 -0.740451263 0.044250952 0.668150616
262.276393000 -24.035338371 17.719537146 -13.967868261 0.048367137 -0.741746014 0.045099695 0.667412532
262.376512000 -23.908228736 17.813700573 -13.996514833 0.057717775 -0.738199113 0.050551667 0.670205384
262.476058000 -23.877616716 17.817124941 -14.004077119 0.058065860 -0.738570303 0.049039120 0.669878666
262.576003000 -23.743088919 17.812453752 -14.027712059 0.057427190 -0.737301837 0.056535543 0.670739779
262.675760000 -23.575895312 17.790851399 -14.047115123 0.063136724 -0.740493375 0.060226449 0.666375337
262.775510000 -23.444736154 17.752719272 -14.046678131 0.064289556 -0.738901915 0.052143106 0.668709137
262.875384000 -23.332279020 17.755253806 -14.061130284 0.053436012 -0.740919961 0.052069321 0.667436132
262.975497000 -23.203212091 17.758235542 -14.054706883 0.059095895 -0.737454628 0.053757510 0.670655259
263.075333000 -23.215861230 17.748347262 -14.039880071 0.059477228 -0.737529016 0.054367017 0.670490594
263.175956000 -23.083783237 17.744099983 -14.044960459 0.062557996 -0.728774973 0.066694029 0.678620249
263.276152000 -22.953228429 17.764792908 -14.042262488 0.071913365 -0.718589089 0.076236734 0.687492654
263.376175000 -22.856410325 17.752753731 -14.038968162 0.081939171 -0.709725014 0.071335686 0.696051433
263.476520000 -22.667526137 17.755283311 -14.084942707 0.068113786 -0.710284944 0.063275188 0.697747849
263.577079000 -22.490939483 17.736969050 -14.034471468 0.069793601 -0.707365070 0.059251020 0.700894305
263.677002000 -22.422940596 17.753021537 -14.032375109 0.067454519 -0.708658722 0.052355826 0.700365312
263.777387000 -22.322874886 17.757508139 -14.043196164 0.067449278 -0.706531639 0.055661102 0.702257417
263.877362000 -22.242682950 17.807410275 -14.035070280 0.062739680 -0.708952678 0.055647675 0.700252218
263.977091000 -22.078054894 17.770794198 -14.035487711 0.068376884 -0.710251970 0.051272821 0.698740180
264.076718000 -21.950300084 17.745640350 -14.042807576 0.064414344 -0.711715011 0.053539300 0.697456865
264.176222000 -21.841886510 17.877737664 -14.019532035 0.061700029 -0.708178344 0.056643237 0.701047847
264.275237000 -21.698538149 17.825624653 -14.025733589 0.066043147 -0.708373424 0.054398637 0.700632702
264.374985000 -21.554929571 17.728433256 -14.013395399 0.059857302 -0.707774552 0.058133359 0.701493265
264.474810000 -21.436472419 17.735203140 -14.029015559 0.056100120 -0.709890993 0.057008161 0.699755403
264.574701000 -21.326505411 17.725484026 -14.028125969 0.064908311 -0.709739323 0.054348740 0.699359149
264.675034000 -21.253694820 17.726871530 -14.056270563 0.058469062 -0.711188306 0.055231973 0.698385275
264.775830000 -21.149399178 17.739348163 -14.050968998 0.065026434 -0.708632715 0.059339410 0.700064334
264.876303000 -21.117252030 17.737259353 -14.040725490 0.065608684 -0.708827776 0.052629222 0.700349091
264.977235000 -20.993885199 17.736861264 -14.060476935 0.062976408 -0.707201692 0.058925291 0.701731821
265.077876000 -20.858311344 17.750223375 -14.078213090 0.064140808 -0.708876683 0.058122632 0.700001117
265.177976000 -20.722923062 17.688020470 -14.070559014 0.071174002 -0.709817872 0.052477760 0.698812517
265.277788000 -20.609183319 17.655738740 -14.109422185 0.065063753 -0.711550813 0.054723877 0.697472183
265.377409000 -20.485849978 17.644292240 -14.086361088 0.067930176 -0.708410011 0.054008360 0.700445461
265.476502000 -20.426330931 17.647442112 -14.086428809 0.069367622 -0.707634533 0.056315893 0.700906571
265.576409000 -20.349897935 17.674595140 -14.089959600 0.060550246 -0.706545932 0.054788313 0.702940079
265.676439000 -20.204286068 17.680576359 -14.121505033 0.059897251 -0.707136061 0.058497387 0.702103245
265.776487000 -20.027098740 17.641685105 -14.133225104 0.065916122 -0.709204953 0.052681327 0.699934338
265.876722000 -19.930794299 17.624166396 -14.129816462 0.057468212 -0.709501787 0.050171312 0.700562245
265.977232000 -19.807534276 17.622421632 -14.123831569 0.056105612 -0.708791030 0.051805592 0.701272855
266.077756000 -19.731182178 17.666765714 -14.137532318 0.068559249 -0.706827818 0.049698230 0.702299189
266.178043000 -19.691175864 17.664450911 -14.146000097 0.063531730 -0.706417422 0.053204713 0.702927737
266.278178000 -19.535880154 17.656050730 -14.169568743 0.063401043 -0.706618225 0.059564033 0.702227255
266.377652000 -19.418671595 17.672969271 -14.168245557 0.069443851 -0.709270445 0.052936473 0.699507482
266.476909000 -19.318941192 17.662206809 -14.192637836 0.065860517 -0.709274526 0.052281893 0.699899023
266.576373000 -19.227622604 17.670136232 -14.171967176 0.061038012 -0.709235090 0.053490575 0.700284733
266.675798000 -19.147897447 17.703901378 -14.183382052 0.065902027 -0.705883670 0.051901100 0.703343048
266.775353000 -19.086562505 17.698412820 -14.181476969 0.064366529 -0.706167970 0.051977560 0.703194199
266.875562000 -18.918856156 17.701705434 -14.214369624 0.067764026 -0.705547001 0.061940284 0.702691161
266.975633000 -18.787969538 17.760675554 -14.243091467 0.073842921 -0.707507247 0.058396066 0.700407466
267.076021000 -18.685990290 17.736209551 -14.252631147 0.066601190 -0.707620472 0.055002287 0.701293304
267.176689000 -18.550611196 17.740125901 -14.241230609 0.057933794 -0.708095579 0.054484302 0.701623680
267.277225000 -18.436220625 17.768836613 -14.252087414 0.063930890 -0.704809600 0.050740855 0.704685486
267.377429000 -18.423078104 17.828018022 -14.246050111 0.061397282 -0.705499287 0.055634499 0.703850788
267.477716000 -18.286009769 17.816010991 -14.255091112 0.063245704 -0.704746702 0.065142048 0.703625312
267.577366000 -18.172448342 17.824573302 -14.253304613 0.068939564 -0.706222345 0.059830959 0.702080901
267.676958000 -18.026808776 17.851895484 -14.294776361 0.056464438 -0.706604744 0.054028476 0.703279764
267.776848000 -17.923402051 17.890155739 -14.281847821 0.047128776 -0.707067207 0.050709957 0.703749490
267.876852000 -17.740220020 17.935658084 -14.332664562 0.055120083 -0.703139400 0.048466798 0.707253653
267.976825000 -17.674499857 17.952352071 -14.331314874 0.053961691 -0.703243165 0.050077998 0.707127556
268.077085000 -17.519107884 17.915177825 -14.333087254 0.055356528 -0.703008476 0.056414244 0.706775899
268.176691000 -17.355690983 17.913152216 -14.338576937 0.061846397 -0.705052026 0.049867871 0.704691321
268.276302000 -17.300007911 17.852864746 -14.320924901 0.062578388 -0.704704294 0.047517035 0.705136820
268.376293000 -17.185391175 17.850701644 -14.296101733 0.052653468 -0.705064681 0.048523850 0.705518848
268.476139000 -17.055003927 17.835225146 -14.316461053 0.059115776 -0.703787688 0.045808986 0.706462845
268.576028000 -16.936410176 17.809654098 -14.318089846 0.054786395 -0.704088361 0.044682766 0.706584376
268.676656000 -16.863486931 17.813194124 -14.326597477 0.054076283 -0.702571266 0.048217283 0.707915578
268.776890000 -16.663804503 17.869462052 -14.336877534 0.069263245 -0.695875872 0.052379206 0.712892553
268.876861000 -16.537412168 17.862699317 -14.327543848 0.072171851 -0.681753029 0.053581978 0.726039257
268.976711000 -16.396551601 17.875749707 -14.248552465 0.082293207 -0.658520529 0.063369585 0.745360877
269.076120000 -16.007727941 17.854657190 -14.241049846 0.099840015 -0.625492362 0.074968704 0.770175934
269.175329000 -15.787231413 17.837302905 -14.228594951 0.101460688 -0.595559995 0.072398909 0.793582018
269.275261000 -15.557651694 17.775572530 -14.177841366 0.101402035 -0.568838380 0.078481354 0.812392271
269.375282000 -15.418068016 17.746012965 -14.111137722 0.104222688 -0.554388825 0.065448437 0.823108234
269.475626000 -15.403743414 17.708391680 -14.189513289 0.092585314 -0.533605206 0.050198069 0.839150521
269.576548000 -15.295832870 17.739547632 -14.166799528 0.072686110 -0.531797776 0.029368662 0.843235042
269.678278000 -15.239849348 17.735751258 -14.153465614 0.075832665 -0.529040094 0.016822114 0.845034320
269.779459000 -15.240597419 17.745762142 -14.133596701 0.075483991 -0.529391649 0.022608942 0.844710296
269.880048000 -15.160495190 17.753325251 -14.121907289 0.073552827 -0.527732960 0.027665161 0.845767429
269.979312000 -15.069349380 17.820311169 -14.077975762 0.072214210 -0.533477231 0.018445374 0.842524136
270.078072000 -15.061571428 17.812889575 -14.104257204 0.071264152 -0.533001245 0.018752740 0.842899418
270.176600000 -14.947171971 17.830640701 -14.059751027 0.061980014 -0.533951095 0.020901095 0.842981524
270.275415000 -14.797625947 17.811110032 -14.014558015 0.062607721 -0.532529914 0.019319044 0.843871399
270.374427000 -14.691714289 17.781383047 -14.022836614 0.057777114 -0.541313460 0.015075655 0.838697960
270.474614000 -14.596916237 17.773021738 -14.096318946 0.044030065 -0.558595577 0.013294872 0.828163982
270.575072000 -14.483348217 17.804633137 -14.043453622 0.025033609 -0.573280709 -0.009061269 0.818926395
270.675188000 -14.376407658 17.772884862 -13.980599441 0.043387141 -0.580266496 0.010477245 0.813202666
270.775313000 -14.284394798 17.786334043 -13.957711264 0.044638167 -0.580258063 0.026213420 0.812785870
270.875112000 -14.214315568 17.774158897 -13.938314374 0.045821617 -0.577581501 0.024969427 0.814663438
270.974798000 -14.149707176 17.771076205 -13.924390233 0.050630218 -0.578743223 0.026941601 0.813490635
271.075187000 -14.047443094 17.771627222 -13.906517029 0.051298347 -0.577917477 0.034402101 0.813754487
271.175148000 -13.980303055 17.757725361 -13.905870223 0.060316987 -0.580179227 0.026789937 0.811810461
271.275005000 -13.898714115 17.734280684 -13.891510308 0.061835963 -0.578736960 0.024521001 0.812796755
271.375020000 -13.791966353 17.748878986 -13.850364437 0.053427226 -0.580982248 0.022068101 0.811860923
271.475049000 -13.665809805 17.704130149 -13.777228059 0.068596342 -0.576975511 0.031307577 0.813273409
271.574911000 -13.629728404 17.700948285 -13.768904580 0.067453270 -0.577438010 0.027026769 0.813194291
271.675627000 -13.553742987 17.703230399 -13.751513175 0.066491357 -0.576334325 0.031446905 0.813897253
271.776126000 -13.416297590 17.720244225 -13.702713878 0.067157169 -0.581043456 0.027142725 0.810642763
271.876268000 -13.279208591 17.707509435 -13.689173135 0.070884431 -0.586735862 0.025166722 0.806277286
271.976354000 -13.185853239 17.729484028 -13.674325860 0.054079565 -0.596704505 0.013981139 0.800514624
272.076294000 -13.067489406 17.722888100 -13.657682294 0.062822472 -0.592307253 0.013902473 0.803138952
272.175508000 -13.167412111 17.778679503 -13.738249136 0.067486096 -0.592681094 0.019957352 0.802356811
272.275774000 -13.011873336 17.792632414 -13.732267485 0.069525668 -0.590503472 0.035226141 0.803262690
272.375847000 -12.879240373 17.778965670 -13.704066741 0.075043257 -0.593321294 0.036582476 0.800624802
272.475836000 -12.808049347 17.732652270 -13.715410118 0.075435937 -0.597164676 0.033950401 0.797841550
272.575999000 -12.734407048 17.755970564 -13.680677471 0.060234261 -0.605656905 0.022802430 0.793115122
272.676164000 -12.580373694 17.761074522 -13.618774777 0.073175357 -0.599232890 0.033565704 0.796516575
272.775706000 -12.558865868 17.762899349 -13.596003186 0.073868763 -0.599718374 0.033142143 0.796104815
272.875848000 -12.340367399 17.771799584 -13.595476392 0.075007567 -0.598689383 0.042485735 0.796328983
272.975780000 -12.105676116 17.768037143 -13.619007395 0.071809833 -0.602319684 0.036698966 0.794170971
273.075686000 -12.075996837 17.764295138 -13.601593391 0.076574003 -0.602158246 0.036217185 0.793870383
273.175666000 -11.990874889 17.770470186 -13.594759277 0.071814497 -0.602325033 0.037342038 0.794136515
273.275717000 -11.833392476 17.787452667 -13.529935796 0.074525028 -0.596346319 0.042343280 0.798137917
273.375210000 -11.752689276 17.780566143 -13.510138103 0.073555863 -0.598245608 0.039577727 0.796947508
273.475270000 -11.638808101 17.810274554 -13.499783444 0.071445516 -0.597060397 0.042099203 0.797898539
273.575009000 -11.420989370 17.794677854 -13.451798918 0.072913856 -0.599642755 0.041516339 0.795857104
273.674582000 -11.331537588 17.760367682 -13.416172899 0.080294084 -0.598663684 0.038704219 0.796025526
273.774603000 -11.265051147 17.770026379 -13.409817586 0.071664715 -0.600863179 0.038334733 0.795209442
273.874976000 -11.073247015 17.791360226 -13.349275263 0.075957707 -0.596400259 0.045037003 0.797815033
273.975055000 -11.149678164 17.764760203 -13.329023899 0.074399222 -0.596923858 0.038694066 0.797903147
274.075852000 -10.847651315 17.782780801 -13.302571071 0.071826478 -0.595878283 0.044219544 0.798632995
274.176341000 -10.697318086 17.830397725 -13.249687895 0.069986005 -0.600111252 0.041541167 0.795765528
274.276803000 -10.580171212 17.792790875 -13.237610405 0.078200364 -0.598738767 0.040068428 0.796109988
274.377130000 -10.565383192 17.799535335 -13.257567967 0.069792490 -0.600895804 0.038757565 0.795330806
274.477254000 -10.407947055 17.786741292 -13.206970248 0.072159854 -0.596648839 0.040007557 0.798249657
274.576696000 -10.328370958 17.904021616 -13.199515583 0.072102855 -0.598329949 0.039914029 0.797000201
274.676643000 -10.382525742 17.909126099 -13.240956346 0.068637280 -0.597085311 0.043812720 0.798034148
274.776267000 -10.183554299 17.983866648 -13.239281947 0.065941697 -0.600819920 0.038415724 0.795733215
274.875938000 -10.195214582 17.970586005 -13.246422482 0.067930473 -0.600169456 0.035144008 0.796207871
274.975667000 -10.107411298 17.998268499 -13.249124253 0.060569828 -0.601985652 0.032722023 0.795533683
275.075857000 -9.990514031 17.984082037 -13.178994297 0.062542505 -0.597133054 0.036088425 0.798885584
275.175683000 -10.053263627 17.967502873 -13.186235821 0.063758734 -0.598560309 0.029075269 0.798006898
275.276052000 -9.986875002 17.975021449 -13.170135569 0.062613774 -0.597359116 0.033074062 0.798841479
275.376102000 -9.721546755 18.034812902 -13.129153380 0.055343997 -0.607263828 0.024162265 0.792201912
275.476254000 -9.581648069 17.938703575 -13.117202664 0.060052832 -0.620337823 0.019450664 0.781790454
275.576636000 -9.424482637 17.934343819 -13.106123934 0.043023209 -0.636397646 0.010731243 0.770085632
275.676823000 -9.319430000 17.903337335 -13.086116558 0.049987978 -0.636829987 0.013906673 0.769256378
275.776123000 -9.310540672 17.863884135 -13.137586297 0.058712103 -0.638494306 0.020369200 0.767113425
275.875909000 -9.185665962 17.882584588 -13.149026375 0.063151909 -0.635001934 0.035855719 0.769089558
275.975540000 -9.115576959 17.872676785 -13.164129767 0.061616649 -0.638959677 0.034872309 0.765975092
276.075351000 -8.989130279 17.832117596 -13.144563808 0.068495953 -0.638333383 0.031337854 0.766065752
276.175127000 -9.031733997 17.863947589 -13.191556772 0.060571640 -0.640412864 0.028570323 0.765105337
276.275015000 -8.937540882 17.878898932 -13.226348056 0.063211543 -0.636010989 0.035839557 0.768251163
276.374410000 -8.908019892 17.906495424 -13.211190007 0.064940623 -0.636353402 0.031328555 0.768020563
276.474429000 -8.664883595 17.926483822 -13.184976180 0.060886252 -0.635887754 0.033331048 0.768653804
276.574561000 -8.552470135 17.894709151 -13.182036911 0.058487450 -0.638626667 0.034511726 0.766514278
276.674597000 -8.462809479 17.865638023 -13.168739857 0.068271452 -0.638009005 0.031096002 0.766365812
276.774906000 -8.381781089 17.883897960 -13.153440615 0.061206042 -0.639950007 0.028838136 0.765432016
276.875338000 -8.162224988 17.899055032 -13.018614677 0.068531918 -0.636506226 0.033551148 0.767487798
276.975115000 -8.136596200 17.813765144 -12.979263061 0.070301223 -0.636574761 0.030506229 0.767397994
277.075558000 -8.063149413 17.823802658 -12.975667447 0.065295930 -0.635143992 0.034183674 0.768869318
277.175634000 -7.898077661 17.823230777 -12.939969444 0.062910573 -0.637263369 0.035849854 0.767236890
277.275428000 -7.798566067 17.815804165 -12.931732874 0.073026284 -0.636975482 0.031697470 0.766762458
277.375475000 -7.723731647 17.830534942 -12.919445321 0.065560129 -0.639126339 0.029799578 0.765722781
277.475872000 -7.605123638 17.841874139 -12.884061880 0.069800665 -0.637564418 0.034865126 0.766435844
277.575877000 -7.452544053 17.839004981 -12.867365988 0.072477261 -0.636058447 0.029958479 0.767645223
277.676080000 -7.287989095 17.842502164 -12.855472100 0.061455830 -0.635921840 0.028424615 0.768777364
277.776146000 -7.091311853 17.837696788 -12.871398291 0.062766126 -0.637298203 0.036484122 0.767189887
277.876041000 -7.004475612 17.808294550 -12.853715379 0.071814537 -0.636731304 0.032871610 0.767030231
277.976051000 -6.799073044 17.821287734 -12.876245400 0.063059089 -0.638528102 0.030340102 0.766410395
278.076382000 -6.762593237 17.788501196 -12.871465848 0.064158276 -0.636202534 0.036956700 0.767961102
278.176154000 -6.616664445 17.795735849 -12.861596747 0.066885804 -0.634796019 0.030469404 0.769176130
278.276060000 -6.545709778 17.786447820 -12.852759637 0.064919674 -0.634048053 0.032386224 0.769882871
278.375711000 -6.424563631 17.739479159 -12.823008171 0.065699271 -0.635679176 0.037015575 0.768261309
278.474956000 -6.392479911 17.696707927 -12.834863345 0.075012891 -0.636165137 0.034000901 0.767144656
278.574493000 -6.287818058 17.734399411 -12.829524346 0.067646149 -0.637485974 0.030746169 0.766870462
278.674597000 -6.168107660 17.757826098 -12.792926415 0.066188849 -0.635178476 0.036148355 0.768674597
278.774562000 -6.021364059 17.750704032 -12.766931626 0.066981089 -0.633818666 0.029080880 0.770027100
278.874935000 -5.912823928 17.762169873 -12.756390338 0.066607694 -0.633026656 0.032799773 0.770561382
278.975084000 -5.714535317 17.736950493 -12.744441550 0.066730640 -0.634227109 0.038051952 0.769321158
279.074825000 -5.607241886 17.730374051 -12.730768725 0.075109138 -0.635091298 0.034607434 0.767997387
279.174694000 -5.558684679 17.766258847 -12.725463819 0.071391616 -0.635889490 0.033659612 0.767733563
279.274994000 -5.599595399 17.803325271 -12.748765033 0.069801525 -0.634213064 0.037186475 0.769102531
279.375000000 -5.533231976 17.881445448 -12.784536498 0.073577146 -0.632590030 0.032558928 0.770296159
279.475039000 -5.511167899 17.903623318 -12.725857932 0.072799682 -0.631976981 0.034855866 0.770772580
279.574914000 -5.377633818 17.886655266 -12.698727827 0.073860144 -0.633014444 0.039454459 0.769597777
279.674432000 -5.260351803 17.870198331 -12.671707900 0.080699461 -0.633645918 0.034949025 0.768608492
279.774346000 -5.183202884 17.877380084 -12.669740648 0.077986613 -0.634482744 0.033495450 0.768262840
279.874873000 -5.095458613 17.936022859 -12.592554447 0.074655171 -0.625329461 0.034386879 0.776020111
279.974910000 -4.972358265 17.928738133 -12.609326506 0.087134956 -0.610410960 0.038309371 0.786344932
280.075155000 -4.871048746 17.909996664 -12.528294657 0.096141310 -0.588101465 0.053476235 0.801270121
280.175027000 -4.608983484 17.878891648 -12.488497713 0.114556325 -0.555053055 0.073194824 0.820631143
280.274479000 -4.379916385 17.819007680 -12.439983118 0.112006740 -0.519267205 0.059153724 0.845172703
280.374353000 -4.187621282 17.831709724 -12.381753051 0.107944747 -0.473483396 0.059248709 0.872153081
280.474682000 -4.022310683 17.827803611 -12.416097918 0.109774900 -0.420562790 0.057253597 0.898776077
280.574964000 -3.714851691 17.914996086 -12.163114811 0.111010172 -0.374138337 0.047351229 0.919486328
280.675627000 -3.595383670 17.905015006 -12.105822521 0.112295202 -0.318062798 0.046099194 0.940266297
280.776186000 -3.544399440 17.872493727 -12.271022013 0.109483620 -0.260810643 0.050296870 0.957842038
280.876303000 -3.531864053 17.897737525 -12.381408890 0.106720896 -0.210894976 0.020184474 0.971455890
280.976402000 -3.513453433 17.915458772 -12.372322969 0.101980775 -0.155932615 0.012574882 0.982408679
281.076561000 -3.463909784 17.904591548 -12.456563518 0.105872042 -0.103461027 0.006885440 0.988958805
281.176519000 -3.455486787 17.926278647 -12.426607344 0.102570505 -0.071648172 -0.009489202 0.992096662
281.276922000 -3.441828354 17.921480368 -12.303178814 0.101727326 -0.036301107 -0.014022865 0.994050874
281.376668000 -3.386551688 17.934639894 -12.306789920 0.102182740 -0.013810640 -0.009881095 0.994620690
281.476054000 -3.325896388 17.948594671 -12.315322570 0.098429198 -0.007325829 -0.036157008 0.994460002
281.575457000 -3.307952731 17.953693766 -12.305417243 0.097134958 0.007759647 -0.034974341 0.994626253
281.674719000 -3.281322551 17.956869338 -12.379447891 0.098037250 0.030822767 -0.045386785 0.993669308
281.773832000 -3.232745915 17.950009490 -12.392764474 0.103368933 0.035277285 -0.037397637 0.993313542
281.874103000 -3.209009724 17.949814673 -12.426778545 0.098015567 0.047398804 -0.044695166 0.993050172
281.974709000 -3.193599713 17.951175537 -12.442238976 0.093599793 0.048804911 -0.037386515 0.993709921
282.075661000 -3.184848149 17.939149090 -12.504237348 0.096479702 0.048764620 -0.040513616 0.993313810
282.175902000 -3.168121784 17.924899784 -12.540753196 0.098077998 0.050964056 -0.043420211 0.992923993
282.275934000 -3.148000915 17.917300641 -12.538460101 0.093514807 0.049429691 -0.036896423 0.993705359
282.376414000 -3.123141609 17.930358367 -12.538450735 0.089891744 0.048125181 -0.035460321 0.994155927
282.476768000 -3.085188926 17.917486706 -12.545536384 0.086808564 0.047375966 -0.026945234 0.994733002
282.576772000 -3.050367757 17.929825636 -12.509274744 0.094458463 0.043915990 -0.051119048 0.993245099
282.676549000 -3.033943363 17.932635354 -12.506434225 0.094090086 0.044807381 -0.049525685 0.993320976
282.776160000 -3.023819246 17.936065434 -12.496486996 0.090299644 0.045298115 -0.045620591 0.993837420
282.875602000 -2.996184285 17.944761441 -12.485488111 0.092382278 0.047900013 -0.031196604 0.994081423
282.975119000 -2.936255780 17.942368739 -12.511727885 0.089119358 0.044267894 -0.057201640 0.993391195
283.075008000 -2.909454190 17.938563514 -12.545160664 0.088067695 0.042348443 -0.061479723 0.993313110
283.174779000 -2.903771744 17.960845370 -12.562268661 0.088714068 0.041667041 -0.059890606 0.993381491
283.274386000 -2.908444343 17.985091771 -12.532355287 0.081245142 0.042629619 -0.050676136 0.994491766
283.374457000 -2.887020723 17.974789669 -12.619278183 0.084098919 0.045752215 -0.052219508 0.994035829
283.474796000 -2.873149354 17.963455973 -12.647081554 0.082325652 0.043657860 -0.055225563 0.994115997
283.574976000 -2.844465114 17.964919001 -12.687440718 0.083409726 0.043175753 -0.067336453 0.993299791
283.675056000 -2.822452559 17.955702878 -12.751604330 0.085817185 0.044392878 -0.057576713 0.993654671
283.775129000 -2.796176850 17.963253628 -12.769027957 0.082832038 0.044236147 -0.053308058 0.994153040
283.874997000 -2.777589998 17.961922123 -12.772357975 0.084581408 0.042593426 -0.061416208 0.993609498
283.974669000 -2.766389943 17.958810159 -12.767326130 0.086422491 0.041788469 -0.067207774 0.993110262
284.074313000 -2.774691211 17.936050609 -12.786351276 0.090684841 0.046148063 -0.064703597 0.992703410
284.173637000 -2.782229422 17.935239311 -12.765889115 0.090710197 0.045148860 -0.061865625 0.992927935
284.274319000 -2.793766849 17.930135940 -12.728405964 0.088102213 0.042811320 -0.060299555 0.993362549
284.375524000 -2.795849708 17.921143076 -12.718292217 0.088255182 0.043446298 -0.058039617 0.993456011
284.476321000 -2.794749946 17.920476878 -12.716382377 0.088649544 0.043441883 -0.058114036 0.993416740
284.576624000 -2.790835706 17.909217483 -12.712400640 0.089352291 0.043118562 -0.058035175 0.993372476
284.676509000 -2.805401052 17.892537902 -12.658688718 0.090940760 0.044255461 -0.060152072 0.993052345
284.775999000 -2.837891508 17.881898459 -12.645289814 0.088700535 0.053704763 -0.061763027 0.992689953
284.875138000 -2.835572404 17.881828171 -12.637039653 0.087564233 0.077285760 -0.064019674 0.991090762
284.974538000 -2.827733545 17.882156404 -12.618819909 0.086412462 0.087689817 -0.064481264 0.990295688
285.074919000 -2.832057649 17.874354526 -12.596192585 0.086075169 0.092715488 -0.063422733 0.989935584
285.175155000 -2.817367921 17.892352383 -12.481414170 0.086229428 0.093848754 -0.064602042 0.989739093
285.275217000 -2.817367921 17.892352383 -12.481414170 0.086229428 0.093848754 -0.064602042 0.989739093
285.375274000 -2.812735249 17.898812273 -12.470786730 0.084523787 0.093487906 -0.064565888 0.989922718
285.475207000 -2.810153180 17.901273409 -12.472252292 0.084475053 0.095067927 -0.065579116 0.989709773
285.574827000 -2.806274870 17.886047547 -12.494655923 0.085439036 0.092266282 -0.064488994 0.989963774
285.674662000 -2.806452816 17.880851099 -12.481464250 0.085147752 0.095754160 -0.063073824 0.989748803
285.774652000 -2.805421053 17.895523775 -12.447226032 0.086661868 0.096804104 -0.058128684 0.989818035
285.874890000 -2.800562985 17.887040463 -12.592911591 0.090263398 0.094797816 -0.059899151 0.989584754
285.974995000 -2.807011196 17.893384454 -12.610730133 0.083649683 0.094096251 -0.061915496 0.990108629
286.075354000 -2.823397029 17.890577552 -12.645962814 0.079231656 0.094619646 -0.067039428 0.990088472
286.175718000 -2.838616632 17.894337673 -12.645748222 0.080740971 0.094844400 -0.071064360 0.989664232
286.275708000 -2.872489509 17.909701158 -12.659666845 0.078496510 0.097422104 -0.067519325 0.989842600
286.375161000 -2.913656912 17.904674019 -12.665454587 0.088512213 0.099084676 -0.051743637 0.989783012
286.474763000 -2.963565046 17.899491369 -12.666434781 0.090442248 0.097444930 -0.059523540 0.989333934
286.574232000 -3.015608744 17.896944981 -12.649433686 0.087621990 0.094041655 -0.064562482 0.989601051
286.673575000 -3.046411000 17.895067111 -12.653965952 0.085161315 0.095747038 -0.056201246 0.990162348
286.772880000 -3.094314962 17.892532667 -12.669869491 0.082117892 0.096298725 -0.045779992 0.990902316
286.872748000 -3.138709529 17.895254441 -12.653452472 0.082992993 0.095126985 -0.054984086 0.990474518
286.972794000 -3.175954057 17.885148119 -12.656130172 0.085603920 0.098809714 -0.052841732 0.990008263
287.072901000 -3.200409290 17.875282115 -12.665413882 0.084537216 0.100510039 -0.044786939 0.990325866
287.173410000 -3.220996251 17.872695863 -12.670271213 0.083571237 0.099076863 -0.046692165 0.990464267
287.274058000 -3.227594106 17.870729235 -12.667867350 0.082860068 0.098980492 -0.047443464 0.990497950
287.374295000 -3.232464179 17.885948651 -12.656645154 0.083823741 0.098522259 -0.050236635 0.990324808
287.474148000 -3.227915472 17.887395638 -12.638668445 0.082971599 0.097993500 -0.049621956 0.990480009
287.574094000 -3.229447111 17.891613623 -12.639580951 0.083815820 0.097789263 -0.050558150 0.990381766
287.673977000 -3.227307115 17.880647160 -12.630697063 0.084494246 0.097615577 -0.052068547 0.990262989
287.773657000 -3.228566972 17.885302728 -12.622952337 0.086453730 0.097433348 -0.053316515 0.990045375
287.873314000 -3.239756469 17.886708347 -12.613465878 0.087433149 0.097281959 -0.054041420 0.989934942
287.973176000 -3.244349659 17.889792087 -12.596285336 0.089202049 0.097257034 -0.053153617 0.989827640
288.073155000 -3.240169157 17.889352914 -12.593405359 0.088076795 0.097066217 -0.053511693 0.989927839
288.173051000 -3.236850796 17.890140648 -12.605516772 0.084548849 0.097499269 -0.051392557 0.990305099
288.273243000 -3.253125178 17.899076573 -12.604030781 0.080432364 0.096960095 -0.056258956 0.990436421
288.373814000 -3.267343597 17.883545586 -12.598489004 0.081338176 0.098055441 -0.059339618 0.990074766
288.474165000 -3.294320895 17.863042691 -12.606799351 0.081033545 0.098655582 -0.059456550 0.990033110
288.574274000 -3.321634441 17.844554029 -12.645459022 0.084410319 0.098626790 -0.050067259 0.990273156
288.674481000 -3.332231497 17.848436195 -12.635489742 0.084548272 0.098571212 -0.051700758 0.990182982
288.774578000 -3.338824376 17.846886512 -12.633401832 0.084386417 0.098042301 -0.053080731 0.990176285
288.874444000 -3.347623259 17.856042080 -12.622700688 0.085264701 0.097517653 -0.054757972 0.990061515
288.974246000 -3.352180848 17.853513010 -12.612820114 0.084512041 0.097020258 -0.054321912 0.990198927
289.074460000 -3.355865667 17.855586437 -12.611358562 0.084769272 0.097039733 -0.055098594 0.990132115
289.174403000 -3.358372856 17.855661642 -12.609738752 0.084746130 0.097352822 -0.055830653 0.990062351
289.274151000 -3.354703279 17.859112531 -12.607325774 0.086561986 0.097251967 -0.056233571 0.989892349
289.374124000 -3.352070155 17.851822678 -12.606259878 0.086459037 0.097545773 -0.056775490 0.989841503
289.474231000 -3.350511033 17.857167608 -12.611774131 0.086896377 0.097325002 -0.055761447 0.989882581
289.574153000 -3.343042987 17.864604135 -12.636288190 0.089052711 0.095353271 -0.053846384 0.989988856
289.673975000 -3.339144697 17.868051259 -12.650379492 0.087085506 0.096218955 -0.053059195 0.990122593
289.773836000 -3.334134347 17.861935726 -12.642565434 0.086973277 0.096516809 -0.053764217 0.990065434
289.873669000 -3.342294595 17.861025984 -12.629142180 0.086328152 0.096228671 -0.055638346 0.990046397
289.973360000 -3.335783188 17.862446011 -12.606478591 0.085762560 0.096476013 -0.057284809 0.989977582
290.073085000 -3.337074960 17.872159359 -12.615598057 0.085523170 0.096335876 -0.058742975 0.989926487
290.172807000 -3.338462811 17.871081595 -12.702526809 0.085716826 0.096420933 -0.059686445 0.989845017
290.272642000 -3.340074273 17.881203972 -12.714358164 0.085989364 0.096356157 -0.059985988 0.989809579
290.372661000 -3.339631329 17.883960759 -12.737507152 0.085990195 0.096527076 -0.060362066 0.989769989
290.472763000 -3.341847875 17.886725800 -12.726570445 0.085980422 0.096657224 -0.060977211 0.989720429
290.572980000 -3.344284165 17.878606087 -12.714361128 0.085864882 0.096654590 -0.059121086 0.989843326
290.673196000 -3.343774318 17.876324762 -12.719484926 0.085643618 0.096896795 -0.056874231 0.989970456
290.773316000 -3.343537108 17.882273592 -12.792926044 0.085584506 0.096959189 -0.056107936 0.990013186
290.873323000 -3.350375764 17.882202179 -12.804402097 0.085556874 0.097052199 -0.055803716 0.990023655
290.973214000 -3.354425764 17.884117766 -12.837030148 0.085411958 0.097385719 -0.054772802 0.990060988
291.073148000 -3.356153775 17.890527029 -12.979494044 0.085457295 0.097359192 -0.054659884 0.990065925
291.172954000 -3.358325589 17.898074088 -12.971950648 0.085483656 0.097213089 -0.054764299 0.990072235
291.272785000 -3.360319625 17.898900566 -12.991853536 0.085423976 0.097399080 -0.054659665 0.990064889
291.372611000 -3.367143492 17.898155261 -13.010435950 0.085436260 0.097473524 -0.054580178 0.990060888
291.472490000 -3.367129765 17.903563712 -13.091261734 0.085441143 0.097427787 -0.054656388 0.990060764
291.572438000 -3.373972670 17.902936934 -13.120777838 0.085430706 0.097426120 -0.054685990 0.990060194
291.672429000 -3.382176986 17.904617057 -13.165634757 0.085435318 0.097492523 -0.054604189 0.990057775
291.772435000 -3.383999219 17.897729367 -13.214163401 0.085435226 0.097494612 -0.054612561 0.990057115
291.872426000 -3.383842985 17.897251298 -13.295574226 0.085451482 0.097422208 -0.054704410 0.990057769
291.972431000 -3.380300818 17.897767485 -13.355949182 0.085448615 0.097414647 -0.054722222 0.990057776
292.072513000 -3.379936594 17.898700064 -13.382917256 0.085445328 0.097455983 -0.054688434 0.990055858
292.172510000 -3.374682308 17.901475177 -13.365381936 0.085452253 0.097414635 -0.054728693 0.990057105
292.272498000 -3.369273275 17.909400985 -13.376491469 0.085454857 0.097354517 -0.054795658 0.990059090
292.372487000 -3.368136662 17.915421736 -13.386783517 0.085452857 0.097344442 -0.054807589 0.990059593
292.472473000 -3.370121511 17.922902285 -13.409781787 0.085455098 0.097357911 -0.054805496 0.990058191
292.572437000 -3.373035593 17.931975073 -13.395809487 0.085457399 0.097303102 -0.054865353 0.990060065
292.672396000 -3.374093858 17.941582997 -13.381158516 0.085466898 0.097256376 -0.054928037 0.990060361
292.772370000 -3.377668881 17.951578796 -13.397484671 0.085462952 0.097255459 -0.054923789 0.990061027
292.872326000 -3.381688696 17.965721255 -13.430058989 0.085469429 0.097252529 -0.054938980 0.990059913
292.972271000 -3.378932330 17.976541648 -13.351039728 0.085478615 0.097196639 -0.055000503 0.990061192
293.072373000 -3.388047784 17.955593190 -13.521532873 0.085476802 0.097159314 -0.055058377 0.990061796
293.172380000 -3.386610394 17.951795161 -13.453449349 0.085466669 0.097167084 -0.055066698 0.990061445
293.272375000 -3.386721141 17.957004491 -13.413776561 0.085466080 0.097152783 -0.055083274 0.990061977
293.372368000 -3.389489864 17.966272769 -13.352036963 0.085480833 0.097100760 -0.055148138 0.990062196
293.472329000 -3.389395647 17.971780518 -13.402743884 0.085492229 0.097059446 -0.055186867 0.990063105
293.572289000 -3.388678839 17.974187246 -13.435875413 0.085495258 0.097064257 -0.055197955 0.990061754
293.672252000 -3.391070287 17.970881936 -13.346921398 0.085483590 0.097034924 -0.055229316 0.990063888
293.772223000 -3.387248598 17.967935003 -13.329795819 0.085494529 0.096966382 -0.055302224 0.990065589
293.872168000 -3.391530959 17.987917541 -13.369575784 0.085503452 0.096939840 -0.055343083 0.990065134
293.972140000 -3.388586663 17.983878729 -13.285115694 0.085497774 0.096937512 -0.055352870 0.990065306
294.072202000 -3.388116778 17.991919556 -13.295679811 0.085500581 0.096890377 -0.055400945 0.990066988
294.172169000 -3.405765967 17.999601449 -13.402222785 0.085496758 0.096839766 -0.055461158 0.990068899
294.272118000 -3.423266223 17.991258490 -13.428286167 0.085490926 0.096821837 -0.055479984 0.990070101
294.372074000 -3.431424774 17.980057195 -13.392791347 0.085482551 0.096816338 -0.055505006 0.990069959
294.472072000 -3.439435022 17.987124442 -13.535782698 0.085480928 0.096760542 -0.055537091 0.990073755
294.572093000 -3.455608870 17.992832693 -13.646645635 0.085484112 0.096721642 -0.055591841 0.990074208
294.672144000 -3.455502839 17.987941856 -13.635935841 0.085485185 0.096707330 -0.055606369 0.990074698
294.772259000 -3.451563711 17.994442124 -13.663127686 0.085487615 0.096698514 -0.055631414 0.990073942
294.872322000 -3.446272347 17.998590098 -13.692435708 0.085500491 0.096649949 -0.055687190 0.990074437
294.972336000 -3.437845445 17.992894590 -13.552845789 0.085500402 0.096622207 -0.055712888 0.990075706
295.072393000 -3.436190767 18.004825436 -13.491261985 0.085513064 0.096608555 -0.055725711 0.990075223
295.172294000 -3.437311371 18.025668856 -13.471767575 0.085526210 0.096582548 -0.055758295 0.990074791
295.272172000 -3.440564030 18.028472777 -13.521686393 0.085531543 0.096548481 -0.055802240 0.990075177
295.372087000 -3.439410104 18.028791625 -13.539287266 0.085539948 0.096526050 -0.055848073 0.990074054
295.472051000 -3.443830811 18.040389954 -13.581490318 0.085534480 0.096512686 -0.055874829 0.990074319
295.572027000 -3.436187686 18.042989876 -13.625126148 0.085538798 0.096487229 -0.055918158 0.990073981
295.672031000 -3.439263747 18.055155798 -13.670268966 0.085533843 0.096443841 -0.055958753 0.990076343
295.772014000 -3.433908523 18.086455063 -13.637201908 0.085539654 0.096423410 -0.055985696 0.990076308
295.871983000 -3.426666241 18.090558083 -13.571977317 0.085528812 0.096407263 -0.056022227 0.990076751
295.971955000 -3.408506237 18.111379284 -13.443047925 0.085525703 0.096368143 -0.056065426 0.990078382
