id,anchor_keyframe_id,x_anchor,y_anchor,z_anchor,x_world,y_world,z_world,observation_count,last_seen_keyframe_id
19,1,-0.990392701,-0.371895712,4.565841129,-0.992634698,-0.373573763,4.565337065,2,3
46,1,0.269200262,-0.706712131,2.611766311,0.268269196,-0.705879104,2.611679113,2,4
80,2,-1.924549690,-1.324176661,4.649425199,-1.926439534,-1.329266815,4.648821648,2,3
113,2,1.802423578,-2.005785235,6.513321722,1.799825170,-2.005302036,6.516161459,2,7
117,3,-1.190520359,-0.983340049,3.227544009,-1.193521189,-0.979357423,3.224950829,2,5
123,3,-1.207083406,-0.550412823,5.810296394,-1.215432661,-0.553725829,5.808875718,3,8
134,3,-1.551229073,-0.745382616,7.625364712,-1.562089554,-0.754647563,7.622816708,2,6
137,3,0.317902371,-0.645842242,8.557383396,0.305244925,-0.653068222,8.558211303,2,5
200,4,-1.207250858,-2.189149729,7.261537232,-1.201094444,-2.204254173,7.283319108,2,7
207,5,2.153282521,-0.614239759,5.829449389,2.150206646,-0.607045333,5.851893099,2,6
243,5,-2.064929800,-1.353149817,5.093470806,-2.066050284,-1.370111788,5.129484054,2,6
264,6,-1.873411381,-0.415324728,7.456768186,-1.874726337,-0.443734869,7.492066961,2,11
287,6,2.949310969,-0.382224212,8.117613834,2.950123996,-0.380041468,8.134893449,2,8
318,7,-0.658568007,-0.208324941,3.114799903,-0.687742986,-0.202841895,3.140064010,2,12
352,8,0.008409010,-0.487984476,8.537746231,0.002016151,-0.524396856,8.565469892,2,12
356,8,-1.151607349,-0.880374594,3.264842497,-1.170787365,-0.879527283,3.292753701,2,9
360,8,1.723964294,0.126745394,5.602571192,1.703066471,0.131720745,5.630812714,2,13
373,8,-1.118414638,-0.963975486,3.195180502,-1.137079966,-0.962204147,3.222241247,2,9
378,8,1.901090484,-2.091918659,6.705631085,1.902989163,-2.095131238,6.713284956,2,9
383,8,1.962429771,-2.016063788,6.671765977,1.963558025,-2.018439841,6.679920938,2,9
384,8,1.863416324,-2.337996752,7.070228337,1.868593304,-2.344798175,7.075760158,2,9
385,8,-1.038825110,-0.827114297,3.056675466,-1.059117953,-0.823410428,3.084737243,2,9
387,8,1.999584564,-2.462040936,8.289388584,2.009601801,-2.478598563,8.293337473,2,10
388,8,1.883264410,-2.194101667,6.712322176,1.886078028,-2.197522707,6.719107970,2,9
407,9,-1.008091943,-0.543167397,7.261851019,-1.010928355,-0.572308720,7.295495174,3,25
411,9,-0.200402089,-1.049174310,8.910247343,-0.192969409,-1.085154336,8.936698657,2,10
432,9,-2.436327397,-2.332759636,8.080956905,-2.423386065,-2.377902217,8.106806881,2,10
434,9,-0.389557073,-0.301691892,4.071699233,-0.407245817,-0.302434584,4.104774320,2,10
438,9,-0.415735930,-0.232142967,4.039597126,-0.434036315,-0.232828061,4.073307958,2,10
580,12,-1.279218513,-0.908650266,3.254660980,-1.297020054,-0.896435059,3.292411948,2,16
632,13,-0.531435511,-0.198004987,2.445894969,-0.550707686,-0.170727766,2.493438782,2,17
637,13,2.431224947,-0.603901468,7.258770848,2.417534822,-0.623166388,7.298719094,2,15
641,13,0.713826892,-1.085812230,6.772992715,0.703685728,-1.111356657,6.806717061,4,21
644,13,-1.433994280,-1.083093630,3.472089313,-1.445815038,-1.077582594,3.507078866,2,14
658,13,-2.686744643,-1.944628093,6.074318290,-2.690463614,-1.986429511,6.097072680,2,14
676,14,-1.372664107,-0.950951413,3.204889390,-1.381080131,-0.946712862,3.250671288,2,18
684,14,-0.670913860,-0.054519438,8.119102220,-0.676523154,-0.108807585,8.174800211,4,22
686,14,-2.365199872,-1.147539202,4.275370059,-2.369960418,-1.164826317,4.320365247,2,15
688,14,0.574266383,0.783348985,2.684564647,0.551447822,0.809142333,2.749290908,4,23
702,14,-0.175718227,-0.227882485,3.853589727,-0.188440655,-0.222933881,3.906472557,2,18
706,14,0.145939488,-0.092355638,1.154356853,0.126833077,-0.049885856,1.208631537,2,18
711,14,-0.127154116,0.010013037,0.512577295,-0.148305889,0.058703778,0.568750842,3,21
721,14,-3.082348645,-1.823050073,6.312053065,-3.077876788,-1.872237031,6.349433866,2,16
729,14,-0.723951215,-0.064205832,3.780124165,-0.738058035,-0.062543868,3.836170187,2,17
733,14,2.317623545,-0.715274841,6.925953872,2.314635020,-0.730974148,6.967556222,2,15
741,15,0.582367150,-0.740234717,7.304146841,0.577711952,-0.779860468,7.343586020,2,19
746,15,0.375459005,0.064998036,2.663195194,0.375888741,0.088718564,2.713847279,2,18
750,15,0.262328102,-0.418140368,4.695878788,0.260681957,-0.422384550,4.739563181,3,20
769,16,-0.078392734,0.065373555,2.832640831,-0.081494833,0.086071920,2.882808250,2,19
771,16,-1.780504377,-1.674181635,5.346789227,-1.782583880,-1.689961099,5.372021224,9,39
774,16,-2.212690746,-1.430047058,4.398787365,-2.213270875,-1.436882978,4.425683835,4,23
778,16,-2.451367257,-1.552064174,4.903129323,-2.452774172,-1.565771566,4.927920199,5,23
784,16,-1.076630708,-1.076696049,3.305128366,-1.075829695,-1.065849355,3.339340903,31,64
785,16,-1.698805954,-1.567383447,10.053683470,-1.714289861,-1.636975885,10.080042294,4,24
787,16,-1.166938508,-0.458333265,5.496296295,-1.174957814,-0.473159866,5.537212080,2,20
790,16,2.139971631,0.620152390,9.248180464,2.116711431,0.576972118,9.310480848,3,23
794,16,-3.420092851,-2.369113853,8.475135946,-3.427579686,-2.428238056,8.487574190,11,34
798,16,-0.339688686,-0.135743306,1.638860609,-0.338597499,-0.102468116,1.686068656,4,28
809,17,-0.495664477,-0.728114903,6.656743763,-0.503425331,-0.749167696,6.691524749,3,23
811,17,1.212197878,-0.290966568,3.304402593,1.211510779,-0.265335286,3.349222526,2,21
812,17,-0.344020032,-0.312873524,2.589147883,-0.342479583,-0.288502256,2.629180413,2,19
814,17,-1.280519888,-0.897840158,2.695225719,-1.275826782,-0.880061616,2.726087488,2,19
819,17,0.198904518,-0.522306657,5.395649682,0.193560425,-0.525496262,5.434813426,5,25
820,17,-0.238601485,-0.155944131,1.395868412,-0.234540114,-0.117893606,1.438005548,3,22
822,17,2.029101387,1.006432015,8.032892858,2.007115592,0.984928502,8.094014203,4,26
823,17,-1.199778613,-0.943954169,3.272198387,-1.196482222,-0.932021996,3.302756955,6,33
826,17,-1.741319006,0.133411316,3.706867673,-1.745599737,0.137331363,3.747586275,2,20
828,18,0.552944812,0.832703572,2.861577030,0.553242010,0.859723463,2.905863408,2,23
829,18,0.012226806,-0.025071123,0.932838105,0.017086464,0.019864486,0.967987932,2,19
833,18,0.054600550,-0.022641513,1.235734746,0.059395955,0.019280114,1.270902735,4,30
834,18,-1.332261968,1.056659098,4.524817221,-1.333329552,1.056684033,4.570970880,2,21
836,18,-0.343116087,-0.167857983,2.112042670,-0.337750139,-0.137208080,2.145527427,2,19
846,18,-0.291173492,0.199373109,4.478234540,-0.288021926,0.205079801,4.515503542,4,35
847,18,0.090172048,0.180256256,1.794808585,0.093871793,0.216391169,1.832111290,2,19
849,18,-1.664080453,-1.132074514,6.741223314,-1.654738941,-1.157113556,6.763893710,3,21
852,18,-0.015133949,0.299978653,1.547093045,-0.011980458,0.338222150,1.585659861,8,38
853,18,-1.288407783,-0.883118618,2.706804265,-1.279607916,-0.863402657,2.732435329,2,19
856,18,-0.815114606,-0.161150849,2.962595669,-0.809921336,-0.141874936,2.995998221,5,31
863,18,0.532113069,0.784232685,2.685806922,0.532679376,0.813023321,2.729582967,2,21
865,18,-0.411628727,0.216983792,8.502032923,-0.409250173,0.179287073,8.539234580,3,26
867,18,-3.029968626,-2.082797926,6.510427551,-3.015886864,-2.112043062,6.522692216,2,19
868,18,1.027654259,0.024933445,3.151891771,1.031875947,0.051258099,3.187674688,2,22
873,18,-0.551711163,-0.047623438,2.002656596,-0.546916379,-0.016845354,2.037380014,2,19
875,18,-0.023283266,-0.046199162,4.846070865,-0.018987890,-0.043069654,4.880766477,4,36
876,18,0.056586926,-0.022832533,1.242393158,0.061382110,0.019028051,1.277559182,3,30
879,18,-2.565586007,0.063401618,5.539286441,-2.561918216,0.046627940,5.574541002,2,19
880,18,-0.287903750,-0.029937552,7.615572569,-0.284158615,-0.057576966,7.650225296,2,19
881,18,-1.085367258,-0.975719841,3.228694071,-1.076202809,-0.960549921,3.253355844,3,20
884,18,-0.995191769,0.151138624,2.394676567,-0.991437895,0.175548274,2.431393182,3,23
885,18,-3.173222066,1.575964091,9.527690611,-3.177680930,1.513661508,9.578674294,2,19
886,18,-1.155228556,-1.127145101,3.567743702,-1.145375134,-1.115915965,3.590759821,10,33
887,18,0.220302209,0.285458316,2.146725019,0.223421897,0.318482857,2.185156000,3,38
888,18,-1.683002117,-1.281060734,4.261028244,-1.672502430,-1.279796065,4.282249907,12,34
889,18,-3.213449510,-1.960177952,6.795501404,-3.200018388,-1.993368024,6.809013385,10,29
894,18,0.180129087,0.860085979,4.381803448,0.180036080,0.869094304,4.426211805,2,20
896,18,1.340496819,0.169786014,7.287659009,1.343294173,0.153641228,7.324818602,3,26
901,18,-1.440440871,-0.977785281,3.727534157,-1.431347188,-0.969671051,3.752066424,2,19
903,18,-1.049262113,-1.265589361,3.280462690,-1.038678767,-1.250772470,3.302045971,32,71
905,18,0.578711714,-0.626472554,6.465993352,0.585581915,-0.637572673,6.494558761,2,22
908,18,0.171678933,0.080703497,2.141376922,0.175808951,0.113559543,2.177619171,3,36
910,18,-3.444418423,-2.339117086,8.351136222,-3.429383338,-2.389968927,8.360477414,14,34
912,18,-1.564731531,0.463034905,4.341093606,-1.562840108,0.463910373,4.380890792,3,26
913,18,-0.701389416,0.087011632,3.127417834,-0.697448392,0.105077041,3.163476398,2,21
920,19,0.163732603,-0.925877104,3.485158984,0.165685903,-0.904539058,3.529563929,50,81
922,19,0.091593595,-0.145242013,1.494250598,0.092678004,-0.106946152,1.545420087,2,21
923,19,-2.446889529,0.374554782,8.020359702,-2.470905341,0.331785811,8.067669699,2,23
924,19,-0.256650004,-0.032929673,7.784953174,-0.276312781,-0.053662440,7.835716837,2,23
927,19,1.969083991,-0.798726208,4.759827282,1.965794031,-0.772301987,4.811111564,3,25
928,19,-0.307475803,-0.048825700,1.335686617,-0.306754600,-0.012758032,1.386431978,2,21
929,19,1.416643697,-0.205370523,6.978164362,1.401007306,-0.203712884,7.032823300,2,22
930,19,0.671192634,-0.116583488,2.173617092,0.669856990,-0.079052257,2.226875543,6,34
931,19,0.151343330,0.100022816,2.053148404,0.148434434,0.133879806,2.106655958,5,37
936,19,-0.446191658,-0.281378698,8.419697537,-0.465571489,-0.309450395,8.467624289,2,23
937,19,2.110649952,-0.345246777,4.864656486,2.102888758,-0.318502836,4.920404949,4,29
943,19,-0.821673311,-0.394846473,4.030949042,-0.826229749,-0.387356325,4.076857722,2,24
944,19,-0.397878839,-0.394206490,4.214519020,-0.403036833,-0.384493213,4.261789224,2,22
951,19,-0.214853107,-0.129293580,1.320899660,-0.213355950,-0.092246019,1.371231664,3,21
955,19,0.515303911,-0.026166055,1.220820089,0.516140621,0.018400188,1.274419226,4,24
959,19,-0.469916628,-0.456042869,3.375208419,-0.471873721,-0.439527545,3.421736743,2,22
960,19,1.994566866,-0.149925835,7.379512561,1.977138584,-0.146581779,7.436504445,5,27
961,19,0.165985608,0.369688615,1.558140468,0.162169936,0.408051992,1.614103581,2,23
966,19,0.181380814,-0.586528830,3.178633525,0.181200273,-0.562336178,3.226112020,2,21
969,19,-0.021467995,-1.176149238,9.848362791,-0.037190205,-1.212971909,9.889674663,3,35
971,19,-0.244583102,-0.194844262,1.563098559,-0.243246719,-0.160212124,1.612744027,2,21
975,19,0.175156986,-1.568970905,9.875250148,0.162923781,-1.604212909,9.913717288,2,21
980,19,0.193571927,-0.506957677,5.138088874,0.186516713,-0.500058071,5.186223913,3,33
984,19,-2.471653239,1.008098127,7.395795038,-2.499486017,0.970598188,7.448659745,3,25
986,19,1.445139465,-0.011842393,2.305775478,1.442397901,0.031543541,2.362445984,6,30
991,19,-0.609091496,-0.541619204,4.179100760,-0.612784133,-0.533499855,4.224388168,4,25
993,19,-0.322285248,-0.124856272,1.521597680,-0.321453316,-0.090567761,1.571614279,2,21
997,19,1.123012448,0.222114163,6.749449728,1.104208737,0.223098345,6.806956889,2,24
998,19,1.160018358,-0.236951176,5.754077846,1.148522881,-0.226755845,5.807685618,2,21
1000,19,0.031123132,-0.155775549,2.243294056,0.029956055,-0.124679171,2.294142486,3,34
1001,19,0.017738252,-0.249984410,3.523268226,0.013414649,-0.230366652,3.573183095,5,37
1005,19,-1.255927499,-1.067457477,3.480727306,-1.252603056,-1.058975897,3.519310257,12,34
1008,19,-0.937719821,-0.640687596,2.592098176,-0.935513943,-0.621457509,2.635521513,2,21
1012,19,-0.237696286,0.136234316,3.831072251,-0.246496143,0.150765624,3.883569296,2,23
1013,19,-1.257262450,-1.038112007,3.431035487,-1.254049650,-1.029203733,3.469876046,29,60
1014,19,-3.029880107,-1.977941128,6.333468592,-3.027120974,-2.010843123,6.358157931,2,20
1015,19,-0.228107598,-0.248058215,1.901649031,-0.227348983,-0.216277884,1.950861583,2,21
1017,19,-0.381862167,-0.370603928,6.640350523,-0.394847987,-0.382285221,6.687773594,5,30
1020,19,0.231315574,-0.068428913,4.619673857,0.221885933,-0.056618698,4.671834245,2,23
1025,19,-0.458644198,-0.529849601,8.115466578,-0.474802783,-0.555313268,8.161167827,4,26
1032,19,-1.192518898,-0.998108706,3.188667964,-1.188913432,-0.986463114,3.228081669,5,31
1033,19,-1.166439122,-1.045053202,3.494926608,-1.163367722,-1.035885893,3.533995224,7,36
1034,19,-3.588059639,-2.449178316,8.980147591,-3.589281685,-2.510616237,8.998752707,10,34
1037,19,-1.015369561,-0.700206365,2.812821539,-1.013309853,-0.683637189,2.855458443,2,21
1038,19,-1.158144833,-1.033408060,3.378521291,-1.154814763,-1.023132751,3.417724821,4,25
1039,19,-2.546772240,-1.455690728,5.327109496,-2.545640704,-1.475307398,5.358020162,7,29
1040,19,-1.308446859,-0.349258642,3.243697557,-1.310926161,-0.339208030,3.288477885,6,32
1045,19,-1.171893567,-0.934609557,3.242017033,-1.169035570,-0.923255243,3.282056710,5,33
1049,19,1.355006716,-0.377208427,3.419633470,1.352106380,-0.344502093,3.472731083,3,28
1052,19,-1.219020831,-1.014376187,3.486218510,-1.216199434,-1.005612101,3.525389761,28,71
1055,19,0.331383256,-0.764275763,2.609065871,0.334603984,-0.733647934,2.655479388,2,21
1057,19,-1.138939394,-0.767717238,2.892887984,-1.136509476,-0.752976968,2.934526167,2,20
1059,19,-2.473339135,-1.513524610,5.196532497,-2.471273845,-1.531309615,5.227173483,7,29
1063,19,-1.192639884,-0.130693379,4.390382329,-1.200715970,-0.129788619,4.437418798,2,22
1068,20,2.145720331,0.959433755,8.560635104,2.130900199,0.956404429,8.617608118,3,26
1070,20,-0.270848709,-1.059620405,9.987541552,-0.272321109,-1.091670020,10.025573328,2,23
1082,20,0.138397575,0.314406849,1.357612669,0.137472406,0.352637585,1.407154056,2,23
1085,20,0.007848043,0.458912500,5.437809012,0.000736442,0.464337791,5.488177653,2,25
1088,20,0.461961289,0.515825611,2.222396197,0.458440422,0.549710814,2.273903858,2,23
1089,20,-0.524687750,-0.061587110,1.878125935,-0.523440382,-0.032335665,1.923852758,2,25
1090,20,0.200650133,-0.159339925,1.689466397,0.202842534,-0.123206063,1.735388502,3,25
1093,20,-3.175809584,-2.064063732,6.901194941,-3.165836915,-2.093630312,6.927689964,12,31
1094,20,1.621881827,0.740593086,6.923433588,1.610760851,0.746442455,6.978066156,4,26
1096,20,0.146734682,0.074163069,2.256028725,0.146476403,0.105462566,2.303681483,2,21
1102,20,-1.037268574,0.629738177,4.262295659,-1.044152226,0.636533891,4.312661607,2,24
1104,21,-0.205500176,0.005013965,0.737117410,-0.205745026,0.045155408,0.784902909,2,22
1105,21,0.667563940,-0.067225028,2.014815514,0.667638192,-0.030268892,2.062198802,6,36
1107,21,-0.805860760,-0.157855552,2.932731981,-0.805131312,-0.141801732,2.978864113,3,31
1108,21,-0.324751356,-0.130543783,1.647632734,-0.323994324,-0.099236643,1.694189960,3,25
1112,21,-0.986909650,0.331167726,3.562064302,-0.990649465,0.340197174,3.612300539,2,23
1115,21,1.976629514,-0.466229453,5.783690086,1.979342930,-0.449877071,5.827916848,2,24
1118,21,-0.194493761,-0.294351288,1.712589781,-0.192304334,-0.262432905,1.757783077,2,22
1123,21,0.381423407,-0.325377318,6.361504928,0.382821163,-0.328115171,6.406435757,2,23
1126,21,0.278650295,0.310519842,8.953392266,0.273832962,0.284654266,9.003634762,4,24
1127,21,-1.569610633,-0.648148671,6.858403822,-1.565386490,-0.672403017,6.899970456,2,26
1128,21,0.130035482,0.283357018,1.221278979,0.127201278,0.322309936,1.271527594,2,23
1129,21,-0.836676159,-0.269502506,3.759403106,-0.835141438,-0.260783916,3.804541055,2,26
1135,21,-0.131904974,-0.034646608,2.542878183,-0.132206680,-0.009294773,2.590280563,3,34
1136,21,-0.787209145,-0.149662552,2.802713018,-0.786523858,-0.132331989,2.848925568,3,31
1138,21,2.412071146,-0.176319004,4.629862920,2.412456601,-0.146260734,4.676741675,5,27
1140,21,0.049677801,-0.128876545,2.518638773,0.050209719,-0.101700971,2.565290847,2,25
1145,21,-0.122328886,0.275560609,2.690583372,-0.125414035,0.299710445,2.740635733,4,37
1153,21,1.241649336,-0.003301469,2.238435389,1.241084132,0.036824982,2.286529534,4,27
1154,21,0.889139595,-0.223271442,1.972586994,0.890597924,-0.183978581,2.018704068,3,27
1160,21,-0.786474809,0.077888014,1.744798805,-0.787569130,0.104256269,1.792996032,2,23
1161,21,-0.847244897,-0.282991661,3.774267840,-0.845593521,-0.274492853,3.819286727,2,26
1164,21,-1.179620341,-1.085395367,3.420826219,-1.170763453,-1.076758336,3.458897031,11,33
1165,21,-0.905659914,0.342721873,3.324368549,-0.909451965,0.354503552,3.374736691,2,23
1170,21,0.047744201,0.033618730,0.911443614,0.047196671,0.074511340,0.959543396,2,23
1174,21,-1.370606208,-0.930702763,3.330791886,-1.363092894,-0.922999997,3.370131366,10,34
1175,21,-3.896740761,-2.649182782,9.271880581,-3.875228578,-2.714552136,9.295549450,11,34
1176,21,-0.073867981,0.236646037,1.879545896,-0.076427924,0.268165191,1.929309751,3,32
1177,21,0.482657419,0.563067741,4.770744987,0.476532652,0.574765607,4.823361344,2,25
1179,21,0.292054563,0.012731074,1.505464978,0.291549183,0.050709736,1.553437798,2,24
1180,21,0.105738588,0.051928990,1.654146998,0.104859665,0.086981769,1.702393581,2,23
1182,21,0.055131823,0.011166513,0.905561278,0.054784356,0.052176611,0.953471511,2,23
1184,21,-0.107126835,0.473278002,4.621631644,-0.112398965,0.481031122,4.673308525,2,25
1186,21,-1.723068492,-2.203661245,5.472128156,-1.704737831,-2.217300663,5.500398603,34,82
1187,21,-1.144460558,-0.930627829,3.244642415,-1.136937452,-0.920184018,3.284053619,10,34
1188,21,0.151189307,0.100511165,2.059632658,0.149786865,0.132494905,2.108293468,5,37
1189,21,2.880119084,-0.392292079,6.323920259,2.882020218,-0.372558812,6.369030863,6,30
1191,21,2.194299272,-0.534200330,5.781707520,2.197607116,-0.515896747,5.825418536,3,26
1193,21,0.461548584,-0.606717548,7.033865792,0.465286187,-0.614474723,7.076390403,2,22
1194,21,-1.590610633,-0.649361442,7.780748331,-1.586582056,-0.681690711,7.822264526,2,26
1195,22,0.420988367,0.590268705,5.506102584,0.429980667,0.592708032,5.558401607,3,27
1205,22,2.036015051,-0.330772134,4.738110400,2.049466042,-0.308864564,4.776817709,7,30
1211,22,-1.505297631,1.176999451,3.800929037,-1.506478426,1.179863904,3.864937199,2,24
1213,22,-0.386672205,-0.082042000,3.996925080,-0.377538655,-0.072206010,4.045875283,4,26
1215,22,0.018887636,0.220723100,2.326842724,0.020070435,0.248715876,2.377272058,2,25
1216,22,-1.492510879,-0.524426462,6.422703841,-1.471790519,-0.544958024,6.471180248,2,26
1217,22,0.711199863,0.229209150,1.381957089,0.709121840,0.271064396,1.430231509,6,29
1218,22,1.016128604,-0.010839335,2.223695345,1.018713345,0.025808587,2.268760454,4,36
1220,22,-4.296296654,-2.700878427,10.392445479,-4.245393729,-2.778689082,10.430293443,11,34
1222,22,-0.762709620,-0.588331503,10.019474703,-0.729452088,-0.635613080,10.064809288,2,25
1223,22,-1.628633904,-0.659726964,7.058695582,-1.604732381,-0.687029851,7.106367822,2,26
1224,22,-0.272928421,0.203927556,6.457638359,-0.257743010,0.192458730,6.508684177,2,23
1225,22,-3.139639473,-2.256513411,7.649286579,-3.101405533,-2.300705078,7.687473880,7,32
1227,22,-1.418108390,-0.944533495,3.376764650,-1.404377539,-0.937024992,3.421342517,5,34
1231,22,0.191301391,-0.055555186,3.705532630,0.199232654,-0.038628075,3.752836089,2,24
1232,22,-1.691181132,-0.699408919,7.395041839,-1.665843026,-0.730222093,7.442545658,2,26
1233,22,-1.352026226,-0.904079968,3.306155334,-1.338846211,-0.895427438,3.350884698,11,34
1234,22,3.092958836,-0.192600540,5.896718344,3.109196747,-0.172967134,5.933146659,4,28
1236,22,-0.108429067,0.426798522,3.836363032,-0.103762833,0.440195995,3.889002480,4,33
1239,22,1.988224288,-0.501777879,5.229739365,2.004643813,-0.484655916,5.267036363,3,24
1240,22,-0.135862426,0.429450170,3.828422052,-0.131242295,0.442706892,3.881175975,3,32
1241,22,1.801845964,-0.316878720,4.307442396,1.813752898,-0.292903418,4.347064670,3,28
1242,22,-1.759942730,0.449447834,4.131061563,-1.754403637,0.447421303,4.189319523,2,25
1244,22,1.674163242,0.311069042,7.876764515,1.693217432,0.301863530,7.922313632,2,23
1246,22,-1.162492982,-1.051364332,3.494147639,-1.147554494,-1.042929402,3.536915047,10,34
1247,22,-1.773591040,-1.657051314,4.369182937,-1.751029887,-1.661179752,4.408447196,17,65
1248,22,2.221823009,-2.042924466,6.578256629,2.254628506,-2.036034259,6.600802784,2,23
1251,22,5.062698973,2.395975395,9.571983863,5.071266607,2.397550987,9.625151083,2,27
1252,22,-1.140353136,-0.920983577,3.210208290,-1.127372412,-0.909829181,3.254093756,9,34
1254,22,0.565012295,-1.919942434,5.302840410,0.592648849,-1.914381981,5.332001304,18,47
1255,22,-1.746613687,-2.478247133,8.769656777,-1.702961331,-2.521744913,8.801211403,2,23
1256,22,2.786929394,-0.258276580,4.811374495,2.800041464,-0.231228627,4.848265449,3,26
1257,22,-1.170652739,-1.093680134,3.559707238,-1.155168065,-1.085895812,3.602116205,9,39
1261,22,1.955544071,-2.097416994,6.749702980,1.989353993,-2.094125821,6.772624096,2,23
1262,22,-1.122545758,-0.999102889,3.261917849,-1.108790517,-0.988271075,3.305036770,2,23
1263,23,-0.115117404,0.723025370,4.186851403,-0.083543922,0.746746784,4.235713914,3,37
1273,23,-2.652306069,1.209085938,8.316305243,-2.598869499,1.177535599,8.384632863,2,26
1276,23,-0.286037982,0.008061039,4.608666137,-0.247317753,0.026758837,4.651780008,3,34
1277,23,0.642097003,-0.068510160,2.021177472,0.665677551,-0.019486432,2.058192486,8,36
1278,23,0.756247113,-0.064425101,2.346858377,0.781759992,-0.017719743,2.383210536,6,36
1280,23,-0.585804284,-0.266226533,9.265754968,-0.517238094,-0.293192004,9.307780906,3,28
1282,23,-1.770439714,0.516143335,5.457644946,-1.729811887,0.517205612,5.514354203,2,24
1294,23,2.376324004,-0.213235295,4.762925656,2.417293679,-0.178701025,4.788057577,4,29
1295,23,-1.576522401,0.411964601,4.331285178,-1.542021285,0.424869695,4.385925106,3,26
1300,23,1.209232183,-0.381545895,3.369877160,1.242932956,-0.341488931,3.400472307,3,28
1308,23,-0.500818239,0.325309058,8.913349605,-0.438183376,0.302165936,8.960468657,2,26
1310,23,0.911631765,0.192391014,1.835118120,0.932402632,0.244893578,1.872996819,2,27
1313,23,2.207456905,0.890851135,9.193229901,2.268036786,0.882611315,9.229505217,2,26
1319,23,-0.016122092,0.535179077,2.495999653,0.006463936,0.575434365,2.542605358,3,38
1322,23,-1.074668528,-0.870091094,3.412056257,-1.037483185,-0.845214114,3.451669065,11,38
1327,23,0.105732108,-0.926748912,3.141318857,0.141604080,-0.891668369,3.173371146,47,81
1333,23,0.360607507,-0.992314587,2.945869352,0.395713137,-0.953740850,2.975794756,2,25
1335,24,0.346217993,0.084218269,5.858747147,0.399985858,0.072258329,5.922423583,2,25
1338,24,0.622492731,-0.064968388,1.953761239,0.646991837,-0.024059126,2.013816372,5,36
1339,24,1.706544956,-0.354578340,4.200722845,1.748465230,-0.341888084,4.248457446,4,28
1340,24,1.069079619,-0.122182904,3.222360874,1.103244758,-0.097503953,3.278133387,3,33
1342,24,2.839248013,-0.520368331,6.883706881,2.901679107,-0.541671488,6.920365046,3,28
1343,24,1.397702409,-0.392758029,3.886454333,1.437320067,-0.376387983,3.936040178,2,25
1344,24,-0.611767074,0.297209272,9.655832066,-0.529630181,0.232632450,9.729134578,2,26
1350,24,-0.570188080,1.013904489,4.076035713,-0.531390172,1.024170887,4.159307652,3,28
1352,24,-0.443757581,-0.347904835,2.634522467,-0.413618008,-0.317959781,2.698730802,3,28
1357,24,1.186105088,-0.050631095,3.094672544,1.219184377,-0.024042021,3.150539184,2,25
1361,24,-0.716909269,-0.642715302,5.069891362,-0.667875826,-0.645882881,5.131911049,3,29
1364,24,0.142436827,-0.915308179,3.772679203,0.182090849,-0.899553772,3.824719515,45,81
1371,24,0.120334783,-0.542721803,2.288560071,0.148163511,-0.507135012,2.345944631,14,47
1373,25,0.126835673,0.105614837,2.082608733,0.143422312,0.141131245,2.161251678,5,37
1376,25,1.509897373,-0.430125880,3.923796260,1.556500826,-0.412288765,3.974200849,2,28
1378,25,0.027416121,0.126655899,1.145556406,0.030114654,0.174843268,1.226147987,4,41
1380,25,1.259858092,-0.328061468,3.594008072,1.301049789,-0.307072331,3.649591384,4,33
1381,25,-1.184739026,-0.763282118,6.473826505,-1.098365181,-0.797766839,6.558345926,2,28
1383,25,-0.690196299,-0.278543662,3.160254615,-0.655426685,-0.263170498,3.245142825,2,27
1386,25,-0.361259198,-0.141700149,1.629558717,-0.349833857,-0.102679280,1.711907263,3,28
1392,25,1.148312146,0.490017946,1.756374755,1.157737328,0.536266623,1.825630425,2,26
1393,25,1.765406733,-0.420796697,4.363508418,1.818389327,-0.407648829,4.410218890,3,28
1395,25,-1.132972407,-1.028857849,3.336951983,-1.091183138,-1.018567407,3.417583671,8,34
1397,25,-0.254623713,-0.194267975,1.487719356,-0.244991362,-0.152589076,1.567789357,2,29
1399,25,-0.242323663,-0.161394726,1.359556241,-0.234768611,-0.117830241,1.439941617,3,29
1401,25,-1.293507962,-1.225296761,3.314307193,-1.250888473,-1.215629923,3.394491065,31,72
1402,25,-2.151260564,0.586149289,4.857327984,-2.096386859,0.568575574,4.975545367,2,26
1404,25,-2.997584197,-2.647410379,7.671496603,-2.882409513,-2.709562931,7.755418234,27,65
1407,25,-1.217238604,-1.068117796,3.409218129,-1.174147763,-1.059354217,3.490507183,2,27
1412,25,-0.406810217,-1.481904085,4.434450319,-0.346338160,-1.482728341,4.497780691,47,82
1413,25,1.739722257,-2.653373203,7.731612202,1.855223216,-2.687822496,7.746179315,6,31
1414,25,2.046838632,-2.290216661,6.971238856,2.149007656,-2.312087677,6.986649977,10,34
1415,25,1.977268083,-2.268263933,7.014439969,2.079953274,-2.291168800,7.031172024,9,33
1422,26,-0.560643113,-0.229675515,6.267464527,-0.419263278,-0.276701622,6.382767885,2,27
1426,26,4.873478800,-0.191942061,8.235506206,5.061650082,-0.241381398,8.216516519,4,29
1431,26,1.065728277,-0.318748374,3.301837077,1.133619994,-0.305400336,3.376824777,3,32
1438,26,-0.868182119,-0.154640120,2.882945960,-0.810921856,-0.145299507,3.008673410,2,31
1442,26,-0.164029632,-0.640999706,2.628061859,-0.110703749,-0.623129333,2.728110516,44,79
1444,26,0.042186794,-0.737133959,2.886177312,0.102353297,-0.722491056,2.979356489,40,81
1445,26,-2.398121319,-1.324376820,4.848434228,-2.285432811,-1.357460536,4.990749372,5,30
1446,26,-0.686744453,-0.097465310,2.451497817,-0.640533214,-0.079671718,2.573935800,2,31
1456,26,-0.456698921,0.123270889,2.002841574,-0.422854115,0.150067230,2.123631829,2,31
1461,26,-0.862017173,-0.154376145,2.863261094,-0.805247792,-0.144661694,2.988849981,2,31
1469,26,-1.832573796,-0.294026949,6.056872649,-1.695656366,-0.344775818,6.202533875,2,31
1471,26,-0.890127183,-0.136681478,2.878832042,-0.833057899,-0.127399972,3.005413774,2,31
1472,26,1.758344390,-2.202452207,6.989183708,1.927414488,-2.248151366,7.012782851,9,34
1473,26,0.033345037,-0.877950831,3.284564504,0.104134203,-0.870181438,3.375341720,46,81
1478,27,1.730224966,-0.422195539,4.297583823,1.866117051,-0.455724776,4.362367900,2,28
1479,27,2.275596517,-0.530594351,6.140901161,2.476885164,-0.604636896,6.182199412,2,28
1481,27,2.792516282,-0.365856131,8.901203856,3.091994116,-0.500819997,8.925277741,2,31
1484,27,2.420254384,-0.323148679,6.169541604,2.622516722,-0.397793208,6.210253255,3,29
1487,27,2.508722481,-0.439152676,7.434721766,2.756043625,-0.541759325,7.468588940,3,33
1488,27,0.084419142,-0.639850430,2.674252536,0.163395009,-0.638299605,2.794356737,12,45
1491,27,-2.411704692,-0.655868318,9.395592464,-2.091335721,-0.804733840,9.598457719,3,29
1492,27,-1.281183108,-0.969604327,3.247850965,-1.180942495,-0.981477059,3.408855075,7,34
1493,27,-1.228115081,-0.901654546,3.098797713,-1.133211855,-0.910209567,3.259546700,6,34
1494,27,-1.193178221,-0.989856617,3.142663242,-1.096750869,-0.999341966,3.300171646,7,34
1496,27,-2.227781747,-2.979622994,9.345012295,-1.909826781,-3.126689638,9.489841097,4,31
1497,27,0.348400952,-0.867451507,3.170954263,0.444882089,-0.876700860,3.276156609,39,81
1498,27,-2.279380930,-2.590673353,8.938835523,-1.975802484,-2.728862864,9.094486910,9,35
1499,27,2.322772366,-1.256922317,7.079274525,2.557356845,-1.351557413,7.101958345,6,33
1500,27,1.656061218,-2.753972703,8.381502749,1.937214577,-2.877489092,8.393630919,3,30
1506,28,0.031542945,-0.017007463,1.536343368,0.088123890,-0.004970704,1.698894143,2,29
1507,28,-1.293282502,-1.059540058,3.356115635,-1.153771666,-1.084234281,3.555367505,9,37
1508,28,0.007715115,-0.826484300,2.979320739,0.128969862,-0.847193562,3.122620407,51,81
1509,28,0.854542105,-2.200664776,5.264980256,1.076812939,-2.276333956,5.333701272,32,71
1514,29,-1.695415329,-0.827786667,3.288538535,-1.528871726,-0.866183064,3.541178043,2,31
1518,29,-1.331052417,-1.035617229,3.332233123,-1.163181741,-1.075436625,3.559802568,6,37
1519,29,-1.375644868,-1.100363671,3.243904264,-1.212800428,-1.138120105,3.472674255,30,70
1521,29,-1.365847926,-0.985834967,3.181495838,-1.206201448,-1.022230405,3.412394519,4,33
1523,29,-1.418267001,-0.988964196,3.173200396,-1.259009613,-1.025101351,3.406970385,3,32
1524,29,-2.598189534,-2.401910636,8.269626699,-2.156491047,-2.550690669,8.528425275,4,35
1525,29,0.002753324,-0.817937935,2.958319960,0.148252976,-0.851210232,3.116976875,45,81
1526,29,1.468128943,-2.569635304,7.833836717,1.878736600,-2.714077926,7.862667910,4,32
1535,30,-1.124047318,0.414288311,8.844237037,-0.591889839,0.245467162,9.101280392,6,45
1536,30,-1.366774871,-1.090322000,3.494759633,-1.165361595,-1.140081449,3.744876510,3,33
1538,30,-1.217667637,-1.188834821,2.979999876,-1.048434070,-1.226831139,3.219788140,28,67
1539,30,-1.391382969,-0.979017853,3.186049107,-1.209126728,-1.021975437,3.440850289,3,32
1544,30,1.130826044,-0.812047132,5.765625869,1.468192517,-0.907845634,5.862124714,2,32
1553,31,0.545010204,-1.327592794,7.273564958,1.043554527,-1.460847449,7.391775259,4,39
1555,31,-1.445326939,-0.831762229,2.924373292,-1.248510888,-0.876101246,3.205217478,4,34
1558,31,-1.371864811,-0.916625647,3.156100212,-1.158809804,-0.965783906,3.429285738,3,33
1559,31,-2.676615056,1.484079014,10.360101962,-1.956890801,1.273310603,10.758195602,30,64
1560,31,-0.056527264,-0.810595530,2.940531888,0.137953546,-0.851202928,3.124161230,47,81
1562,31,0.333468851,-0.611796022,2.656650178,0.506733068,-0.645109163,2.818001039,36,81
1563,31,-1.606213345,-1.117470469,10.142421457,-0.900807262,-1.319706814,10.408692281,17,62
1565,31,1.737537572,-0.582546845,4.147095178,2.012133587,-0.644253284,4.206330730,2,36
1572,32,-0.041622926,0.026368714,2.163194081,0.111056370,-0.004807207,2.374340593,2,33
1575,32,-1.335928105,-0.931527231,3.006574576,-1.111603426,-0.984998390,3.295432045,3,39
1578,32,0.062452890,-1.473932085,7.644548152,0.644117476,-1.617649742,7.798505185,2,35
1580,32,-0.044690373,-0.643784287,3.375989416,0.203764260,-0.699888536,3.569436476,8,43
1582,32,1.232028726,-2.213061489,7.589642149,1.807594023,-2.350892912,7.637535122,4,35
1583,32,-0.054958010,-0.713584969,2.785774415,0.147835438,-0.757516201,2.980469308,48,81
1586,32,-0.217872598,-2.239713940,4.807438506,0.145993621,-2.325727851,4.976326348,34,71
1587,32,-0.077191993,-0.837692364,3.080803833,0.148875411,-0.887780662,3.273674768,43,81
1589,32,0.150683732,-0.566536535,2.493488026,0.329808617,-0.603653004,2.676240808,30,79
1590,32,0.290680528,-0.635383888,2.720320178,0.487163024,-0.676623843,2.890032140,42,81
1591,32,-0.048111921,-0.813648562,1.548849800,0.058796155,-0.831967539,1.744924448,39,78
1593,32,0.053913679,-0.721436884,2.810542235,0.258320079,-0.765451174,2.996541719,12,44
1594,32,-2.742583671,-2.549771450,8.895097382,-2.052799235,-2.730099334,9.240250647,4,35
1595,32,1.317640807,-2.572004216,8.788741633,1.986931574,-2.734201914,8.818602916,4,35
1598,33,0.503508204,0.005500949,1.794538062,0.630886608,-0.019865032,1.976464349,2,36
1599,33,-0.033559588,0.087249834,2.182021635,0.130570987,0.053289726,2.411896174,2,38
1602,33,-0.083601012,-0.796009339,2.902263113,0.148631852,-0.841148977,3.119746376,42,79
1603,33,0.015543636,-0.775567190,5.040516485,0.439662247,-0.853021985,5.240485720,6,45
1604,33,-0.074974106,-0.846451711,2.859752440,0.153576738,-0.890890309,3.075844649,33,81
1606,33,0.287466326,-0.670067379,2.649387324,0.495000491,-0.709520553,2.836548150,19,71
1608,33,-0.188274972,0.144707947,1.516969427,-0.083547120,0.120181543,1.764430618,2,34
1610,33,-0.564789005,0.954601162,5.523178988,-0.100975217,0.866665729,5.800500799,2,34
1611,33,-0.095510676,-0.559563368,2.590261522,0.107871216,-0.600006261,2.813834149,17,58
1613,33,1.213221836,-2.726157526,8.930174582,1.989253186,-2.857138164,8.975584395,2,34
1614,33,0.977373751,-1.095995623,5.972603024,1.482564700,-1.182979194,6.077181354,4,38
1615,33,0.102053818,-0.672335692,2.773651911,0.321527923,-0.714606040,2.976926342,43,81
1616,33,0.044628633,-0.676383766,2.763865465,0.263469767,-0.718785716,2.972279383,45,81
1617,33,1.296137119,-2.287750023,7.010867969,1.897627024,-2.388938744,7.063724592,3,35
1618,33,-0.105436028,-0.845852593,3.029305695,0.138489661,-0.893041858,3.247438195,38,81
1620,33,-0.962809482,-0.102177525,8.829371793,-0.196234498,-0.242647585,9.112065686,17,58
1621,33,-0.032583939,-0.754159103,2.876640285,0.196989555,-0.798660378,3.090302109,44,81
1622,33,-2.748289736,-2.548510406,8.732625646,-1.974567188,-2.695954734,9.137775513,3,35
1623,33,-2.575105100,-2.321664485,7.725723224,-1.893465674,-2.452841624,8.123072090,3,35
1633,34,-0.533220516,0.089763016,3.215929331,-0.256050278,0.034101236,3.513578075,2,35
1635,34,0.011616569,0.170835591,1.845226769,0.150735034,0.139774651,2.097384386,2,37
1636,34,0.019116615,0.190326344,1.856706686,0.159163067,0.159174936,2.108362812,2,37
1639,34,-1.208938466,-0.153380957,9.507117072,-0.308127396,-0.304041254,9.836370541,2,35
1640,34,0.125847251,-0.593661585,2.635229350,0.348471481,-0.634587657,2.860844912,2,35
1643,34,0.442183283,-1.421524271,7.912937820,1.188915537,-1.533374905,8.069056416,7,43
1644,34,-0.095977811,-0.567923497,2.457417564,0.110036536,-0.608534689,2.706068109,32,80
1645,34,-0.113971289,-0.862697427,3.075920472,0.155393498,-0.912132392,3.318875145,39,81
1646,34,-1.365443123,-0.939702332,2.939625822,-1.102723678,-0.999508123,3.304932804,2,36
1647,34,-0.107796626,-0.846893456,2.924566672,0.146530134,-0.894143469,3.167899306,38,81
1648,34,1.325550602,-1.468180491,3.671600332,1.651524372,-1.511751105,3.761274646,48,84
1649,35,-0.784410685,0.490726293,2.107467459,-0.606357329,0.443011540,2.477960555,2,37
1655,35,3.631660759,-1.219796560,9.633063498,4.612729556,-1.276868612,9.468333615,3,45
1661,35,0.000293917,0.143439419,1.864514633,0.152353509,0.109449650,2.148582517,2,37
1665,36,-0.064024784,-0.781079080,2.507860382,0.166762895,-0.837280459,2.828683561,41,81
1670,36,-1.594180013,-0.860237578,3.426756311,-1.251375761,-0.949429996,3.909570260,4,39
1677,36,-0.251904712,-0.116393371,3.039679627,0.027746266,-0.179769290,3.383923246,2,37
1679,36,0.046450039,-0.775997157,3.003264682,0.331030593,-0.833846563,3.308954594,29,75
1680,36,0.014043632,-0.529666087,2.472343270,0.236319226,-0.584309021,2.787066206,3,39
1681,36,0.618155072,0.170270431,2.151040256,0.789830502,0.128238067,2.407593804,2,38
1683,36,-0.061643499,0.118547009,1.037176499,-0.007573368,0.072780403,1.374847273,2,37
1684,36,1.036252262,-2.801946828,8.528267154,1.956350905,-2.881993896,8.673025735,2,37
1685,36,-0.167458989,-0.885099972,3.647901345,0.191236670,-0.951247379,3.972197860,39,81
1687,36,-1.044498708,1.030806698,5.852849244,-0.468856927,0.933367053,6.277452110,2,37
1688,36,1.561392880,-0.483997594,9.328627979,2.528439070,-0.561126895,9.431662847,2,37
1689,36,0.860017301,-0.714069388,2.827594757,1.119177121,-0.756626036,3.045423380,39,79
1690,36,0.266810747,-0.681019345,2.751824346,0.520773270,-0.733277752,3.035668115,43,81
1691,36,0.120395434,-0.552671263,2.375753178,0.331747922,-0.604781448,2.679159609,40,79
1692,36,-0.124847348,-0.857256646,2.789198099,0.138551422,-0.916512945,3.114305063,30,71
1693,36,-1.467922703,-1.088423995,2.936265376,-1.176190797,-1.171878328,3.406126849,28,65
1694,36,-3.240458863,-2.916655427,8.914074929,-2.249395814,-3.073272256,9.525886140,8,47
1695,36,-0.130669933,-0.840033910,2.858423914,0.140107585,-0.899890359,3.183903961,39,81
1696,36,-2.408573354,-2.284988784,6.761925819,-1.670055990,-2.411916715,7.301081373,2,39
1697,36,-0.064838358,-0.639232528,2.595269813,0.173259945,-0.696099820,2.916929413,32,81
1698,36,-0.209665603,-0.856634186,3.418456005,0.123555882,-0.921869045,3.749054212,29,80
1700,36,-0.149504581,-0.863193451,3.033891557,0.141094833,-0.924629791,3.360162260,35,80
1707,37,1.323696143,-2.935977009,6.620299828,2.035682607,-2.995951075,6.766668858,44,84
1710,37,0.023009716,-0.232154278,2.023403354,0.197779583,-0.285897185,2.360806839,2,41
1711,37,0.468739015,-1.957916068,5.481145480,1.046888923,-2.023728584,5.735990440,27,66
1713,37,0.992513678,0.509120977,3.519240641,1.317404808,0.460710033,3.744993656,2,42
1714,37,0.028020807,-0.651182562,2.650986417,0.277867633,-0.708151605,2.981095018,41,81
1715,37,-0.057969124,-0.673654333,2.647867045,0.192364620,-0.731790738,2.987372391,42,81
1717,37,0.127485123,-0.799705792,2.935884204,0.410258623,-0.856802984,3.252193601,39,81
1718,37,-0.129999311,-0.861711974,2.889862486,0.150094298,-0.922109958,3.234571970,37,77
1725,38,-1.486639754,-0.888510550,3.044358260,-1.173539369,-0.998460984,3.529734349,26,71
1726,38,1.307347156,-1.386568445,3.643557006,1.679111262,-1.445264373,3.805804573,38,84
1727,38,-0.326441813,-0.816960996,5.736060990,0.279082748,-0.935998946,6.075795949,29,80
1731,38,0.858711967,-0.858117749,3.373125372,1.192838071,-0.923016567,3.594943120,37,79
1734,38,0.144256461,0.586483750,2.203208858,0.323967986,0.520693731,2.533439393,2,40
1737,38,-0.145251072,-0.764471203,2.782564105,0.127445202,-0.843109424,3.121628266,35,81
1739,38,0.085939033,0.458447620,2.679950517,0.321886082,0.385562828,3.011782459,2,40
1743,39,-1.340123073,-1.097626357,2.738083517,-1.049971825,-1.227494623,3.207582308,22,67
1744,39,-0.212691635,-0.764023777,2.997963059,0.090744753,-0.866691323,3.343657197,31,81
1745,39,-0.106297081,-0.696463965,2.635345919,0.153414787,-0.791119670,2.972528228,35,81
1747,39,-0.130932339,-0.760981085,2.788382495,0.148021091,-0.858443090,3.126242291,33,81
1749,39,0.268253157,-0.701969055,2.723707053,0.535603282,-0.787561186,3.017751768,21,71
1750,39,-0.154702808,-1.890575113,4.397105952,0.336530786,-2.010848500,4.707686167,20,68
1751,39,-0.429596618,-2.013016077,4.509090542,0.079407170,-2.142375976,4.847996233,30,71
1752,39,-0.629196491,-1.462625441,4.118848170,-0.177398856,-1.592235655,4.492390604,39,81
1757,39,0.106900079,0.507333141,2.754519598,0.347731439,0.416287398,3.087385000,2,40
1760,39,-0.534559948,0.006902332,4.391576581,-0.090201286,-0.124654324,4.777785694,2,44
1765,40,0.276162428,-2.474691421,6.600018664,1.019148728,-2.638529408,6.842803648,25,72
1777,40,-3.163761385,-3.001625221,8.962094921,-2.123492159,-3.279557442,9.563654734,8,47
1780,40,-1.443207101,-1.252080159,2.828723441,-1.135416281,-1.387986609,3.311844874,17,65
1785,41,3.729658007,2.005216116,7.491204061,4.434200456,1.891804368,7.444231013,2,46
1788,41,-1.420512328,0.214418322,8.428628194,-0.531032996,-0.068027081,8.898704349,2,45
1791,41,-3.107764407,-3.045542740,8.047040266,-2.161898300,-3.367511456,8.627676175,7,47
1792,41,-2.647330274,1.393082991,5.484864581,-2.106527138,1.134377209,6.136075344,2,45
1795,42,-1.348372105,-0.872167403,3.175716464,-1.016606047,-1.122980527,3.647385338,26,81
1803,42,0.276865746,0.556809235,2.661128722,0.474883171,0.408151345,3.031537993,2,44
1806,42,0.697721701,0.611857717,2.302974350,0.855203280,0.497374435,2.636796965,3,44
1811,42,1.649069910,0.966346008,6.668197840,2.210651886,0.765421518,6.900224145,2,43
1812,42,0.253131818,0.454240411,1.888848465,0.380813121,0.328851262,2.261886915,2,44
1817,42,-1.490400597,-0.852710795,2.908012174,-1.185015504,-1.102875590,3.395491936,20,64
1819,42,-0.591660950,-1.356329754,4.242585025,-0.135075445,-1.598501661,4.617960903,32,80
1820,42,1.269638083,-2.916512119,6.387287584,2.005157892,-3.121568487,6.514805882,48,91
1822,42,-0.009554486,0.807060600,3.493986700,0.259071011,0.615988855,3.896722012,2,43
1826,43,0.454003206,-2.018214617,4.998462471,1.008759843,-2.249409161,5.238434428,23,71
1827,43,1.069508876,0.856730617,3.367370422,1.291451007,0.712378094,3.672381883,2,44
1829,43,-0.125337634,-2.673087087,7.127090992,0.675578260,-3.011408323,7.384104591,10,72
1834,43,0.700669397,0.496278403,2.615289797,0.874987240,0.354745233,2.944199013,2,44
1835,43,0.722792421,0.536929130,2.744864105,0.906873259,0.392324624,3.072661000,2,44
1837,43,1.741100282,1.362724774,5.050883278,2.088773482,1.203022249,5.304811307,2,44
1845,43,-1.102042017,0.661739306,8.298643137,-0.384262372,0.212874634,8.772733484,2,45
1847,43,1.192753746,0.664945354,4.173212404,1.502313428,0.501736230,4.455017961,2,44
1856,43,-2.676526630,-2.372948362,8.240700496,-1.771233603,-2.912347487,8.741334614,5,47
1874,44,-3.117102438,0.802678006,6.329285833,-2.634251165,0.234435708,6.987479238,2,46
1880,44,-3.192981963,0.795149812,6.561240614,-2.688526419,0.213915940,7.224651185,3,46
1884,44,-0.082592217,-1.633520524,3.703707769,0.323997512,-1.882114029,4.019995842,16,70
1890,45,-2.020184663,1.019257181,6.177813869,-1.565332491,0.455239782,6.789377084,2,47
1894,45,0.132533037,0.571075192,3.312751614,0.349616321,0.290067189,3.731709447,2,47
1900,45,1.622443783,-3.086692358,6.502792745,2.358569954,-3.391512256,6.592747370,29,84
1901,45,1.349439269,-1.170975000,3.461918911,1.688901255,-1.365898160,3.687605463,35,84
1902,45,2.178952044,-3.072016222,7.593916716,3.007538163,-3.386124093,7.631631187,30,84
1904,45,1.458442896,-1.200404531,3.598690605,1.811345565,-1.393588530,3.812885224,35,84
1905,45,1.259171217,-1.057871073,3.593890868,1.603337262,-1.265524923,3.832386101,33,83
1906,45,0.675023635,-2.223419237,5.499671117,1.270125080,-2.553814997,5.719449323,23,68
1912,45,-1.190676851,0.360788059,4.567383447,-0.839880570,-0.069790413,5.082563168,2,46
1919,46,-3.126831305,1.157858357,9.049414606,-2.380118827,0.356008821,9.785958545,2,47
1923,46,1.334237307,-0.861083864,3.668057290,1.670068014,-1.114205775,3.923303600,34,83
1924,46,-2.426666816,1.591038126,7.249581873,-1.871305302,0.923654799,7.959442810,3,48
1934,46,2.183258822,1.105094055,7.232838421,2.736924279,0.705869751,7.507086578,2,47
1940,47,0.475166168,1.145685190,5.369682279,0.884774486,0.685351040,5.833648620,2,49
1943,47,2.978247153,0.972419646,6.131170755,3.452596832,0.586564137,6.355021434,2,52
1948,47,1.374270464,-1.124668634,3.402280028,1.695452226,-1.406098099,3.642254375,35,84
1949,47,1.959618447,0.329657784,9.568457525,2.784295653,-0.326369784,9.817045810,32,85
1953,47,1.406906280,1.443203539,7.974866046,2.039340381,0.859318586,8.359584517,3,50
1958,47,1.092545439,-2.941323868,8.641974083,1.977217984,-3.569306009,8.748636520,19,70
1960,47,-1.308839449,-0.565478185,2.804637090,-1.052973887,-0.942108509,3.326315451,16,66
1964,48,0.321255758,0.907977652,4.532473400,0.673643290,0.464677505,5.018189985,2,49
1973,48,1.296158316,-1.133408225,3.569649032,1.636347891,-1.451298848,3.815294925,31,84
1974,48,2.163186948,-1.304408083,5.079067147,2.647469007,-1.691366602,5.222179499,23,80
1975,48,1.379795085,-1.066073801,3.491726993,1.709484836,-1.374486746,3.735596956,34,84
1977,48,1.600514647,-0.765589963,3.654885866,1.932099321,-1.076629495,3.900982351,31,83
1984,49,0.795339353,1.780796980,6.288314251,1.287625942,1.196605000,6.796873456,3,51
1985,49,0.990163971,1.615964017,6.793018517,1.534599919,1.004206661,7.267872041,2,50
1986,49,0.548365320,1.036976044,4.357688146,0.890626666,0.585549495,4.844801310,4,52
1990,49,1.382133937,-0.745220960,3.667581539,1.723458892,-1.102408227,3.947676677,27,83
1991,49,2.711854587,-1.254799176,5.029314477,3.192278337,-1.650185335,5.141265066,28,79
1998,49,1.349915924,-0.736694384,3.710804519,1.695097400,-1.098511197,3.994145674,34,83
1999,49,0.441326717,-1.780973761,4.832765162,0.934839900,-2.261541687,5.109590904,16,73
2004,49,1.283451280,-0.740457995,3.669390715,1.625262100,-1.102205410,3.958702757,32,83
2005,49,1.471788063,-1.096307546,3.526142487,1.812794707,-1.437862729,3.772194345,29,84
2007,49,1.829773698,-0.886647431,4.581747632,2.259135925,-1.290106141,4.804357515,29,84
2009,49,1.468121952,-1.078969656,3.549140519,1.810628481,-1.422432861,3.796692895,32,83
2011,49,1.389110361,-0.731472644,3.673708049,1.730449497,-1.088846299,3.954190230,31,83
2012,49,0.362392285,-1.711785893,4.880359650,0.858109875,-2.199613632,5.169258820,19,74
2019,50,0.560957254,1.042012945,4.849193479,0.949988921,0.517968761,5.325921702,3,52
2020,50,1.978599030,-0.987899959,4.839465479,2.432447436,-1.442945158,5.030147144,27,84
2021,50,1.876468722,-0.953436782,4.417532927,2.291323164,-1.380787918,4.622880884,23,85
2025,50,3.135585864,0.769528637,7.394814739,3.752864793,0.162211276,7.606375874,2,51
2026,50,0.306733454,1.777909687,9.706274437,1.111026422,0.869718778,10.229772030,2,55
2030,50,1.316439847,-0.867564811,3.511155412,1.648727067,-1.250004612,3.778788166,28,83
2032,50,0.551608876,1.013075591,4.054466434,0.869672460,0.549362598,4.535301988,2,52
2035,50,0.546921188,1.163848259,4.633460984,0.912114590,0.655194356,5.122658239,3,52
2036,50,1.612302857,-0.723685311,3.607723568,1.946802189,-1.101417505,3.860242038,31,83
2038,50,1.347608597,-0.947911169,3.508637447,1.682386642,-1.328521511,3.767147812,31,84
2039,50,1.120024114,-0.670672870,3.633431192,1.457303930,-1.071573764,3.933114308,27,82
2048,51,-0.514292154,1.684874216,9.096110833,0.258436661,0.761408608,9.696483343,2,54
2050,51,-1.428747636,-0.564405822,2.919750147,-1.145920506,-1.047137823,3.467529851,10,60
2052,51,1.470887231,-0.934547469,3.554873258,1.810878003,-1.345212855,3.809235012,27,84
2055,51,1.359903997,-0.903328240,3.519629101,1.696117786,-1.315983956,3.786655528,31,83
2056,51,2.493820688,0.860784088,5.918395199,2.986297460,0.305583077,6.206964378,2,53
2057,51,1.470906594,-0.934547131,3.554962893,1.810905543,-1.345218542,3.809322297,26,84
2061,51,1.321934688,-0.930422085,3.443952979,1.652260113,-1.338777821,3.712766662,31,84
2062,51,1.444913433,-0.954009665,3.526982246,1.783113789,-1.363546430,3.782321219,28,84
2066,52,0.212494671,2.065151145,8.800706891,0.939042704,1.108831718,9.401715405,3,55
2072,52,-1.480296988,-0.466410007,2.892349353,-1.198445345,-0.982653523,3.465397642,16,71
2074,52,-1.360071536,-0.659298138,2.645490799,-1.094645427,-1.148507527,3.192785898,14,66
2076,52,1.011680043,0.482011913,4.771517760,1.420424688,-0.090437840,5.193459703,2,56
2078,52,3.289466155,0.923654840,5.714955759,3.758157116,0.367506068,5.967234719,2,53
2081,53,1.675200901,0.810905619,3.350951462,1.940219656,0.362168916,3.761085050,2,55
2084,53,4.161833904,2.340204595,9.032223292,4.880260011,1.512203381,9.313789985,2,54
2087,53,1.383524263,-0.819874902,3.517099344,1.723404485,-1.287960443,3.807879997,25,83
2089,53,1.387295657,-0.505519529,3.278532215,1.694092705,-0.954688517,3.598551447,27,81
2090,53,1.594434387,-0.605604375,3.620457252,1.935102887,-1.074227572,3.910738359,29,83
2092,53,2.321642593,-2.817191058,7.314438223,3.075918588,-3.556581562,7.316894704,28,84
2109,54,1.811780940,1.346105848,6.709592923,2.362541446,0.590504241,7.127700280,2,55
2110,54,1.482849379,-0.929497234,3.526454991,1.825185432,-1.420779145,3.798297915,23,83
2112,54,1.557478387,-1.233738760,3.816505137,1.937576365,-1.744751034,4.052604767,27,85
2114,54,3.515855164,0.985091498,6.596737484,4.061084475,0.317335225,6.832290503,2,55
2115,54,1.588824452,-0.581817283,3.602069865,1.924721941,-1.076308145,3.894536612,21,83
2116,54,3.672139973,1.843662082,7.587494008,4.276393886,1.095371943,7.877023772,2,55
2117,54,-1.434544341,-0.521463026,2.851019909,-1.155319559,-1.088852997,3.423724004,8,61
2118,54,-5.301256782,-1.909801708,9.562222508,-4.330220762,-3.211268475,10.303734513,10,65
2119,54,0.139065943,-1.084999544,2.806463589,0.427247950,-1.575250078,3.189830958,15,74
2120,54,2.819353561,-1.482480949,4.681768304,3.282463322,-2.008618318,4.776852729,6,60
2121,54,-1.468996330,-0.528059925,2.822338286,-1.192008961,-1.094548623,3.397752062,8,63
2127,55,0.006802664,-1.246767856,3.591682573,0.374588806,-1.876451857,3.954633786,10,71
2128,55,2.670394227,-1.411865494,4.582187457,3.121875951,-2.016564034,4.686657753,5,59
2129,55,0.438566683,-2.799875911,9.377448658,1.389824258,-3.959051612,9.495908841,8,70
2131,55,1.100624051,-0.957038494,3.474672822,1.441953652,-1.528004517,3.771887106,27,85
2132,55,1.353300443,-0.684172155,3.520056070,1.687725608,-1.249720993,3.822041505,27,83
2133,55,0.406232945,-2.605766205,9.457233532,1.357955496,-3.775183169,9.597232344,6,64
2134,55,1.439450963,-0.900943477,3.466593729,1.776376179,-1.456244871,3.739828947,27,84
2136,55,1.291445344,-0.924177499,3.482198734,1.631354098,-1.487492628,3.765928236,20,84
2137,55,1.269720453,-0.521400037,3.652134931,1.610775146,-1.104352469,3.976546588,25,83
2139,55,-0.301005479,-1.759714498,7.195190014,0.416603843,-2.747632010,7.501802498,9,68
2140,55,-0.927611131,-0.888233594,4.430914249,-0.491394136,-1.642769298,4.904081926,25,82
2141,55,-1.499327693,-0.366490358,2.965354315,-1.213288664,-1.008377430,3.553764556,10,71
2142,55,1.296237291,-0.710065691,3.513892753,1.631308175,-1.277434248,3.818338295,24,83
2143,55,-1.484479001,-0.558244952,2.708618730,-1.215102122,-1.173633068,3.278826828,8,62
2144,55,-1.365859773,-0.542852264,2.649013441,-1.103068877,-1.147259801,3.210905923,6,60
2145,55,1.644169067,-0.534587416,3.602484001,1.979337994,-1.095877150,3.893237030,26,83
2146,55,1.634507313,-0.530737116,3.609080489,1.970188160,-1.093118028,3.901005926,23,83
2147,55,-1.507140697,-0.598794644,2.871998409,-1.221237758,-1.230717372,3.438684533,9,65
2148,55,-1.424960660,-0.441329381,2.985612438,-1.134731121,-1.081407872,3.559846780,14,71
2149,55,-1.569832578,-0.695928847,2.939039775,-1.273988630,-1.336576006,3.500903221,5,59
2150,55,2.454182076,-1.222909475,4.420214563,2.885077165,-1.822768923,4.563950463,6,62
2151,55,0.316014335,-2.901384335,9.198523691,1.255146460,-4.048237942,9.319146652,25,95
2153,55,-1.489640617,-0.353789617,2.919142979,-1.208336194,-0.990859856,3.508385668,12,71
2155,55,-1.376833244,-0.743559083,2.573848116,-1.113636686,-1.340076510,3.117292311,6,60
2157,55,-1.420083754,-0.611253756,2.707094143,-1.149248544,-1.223304923,3.266376186,10,65
2158,55,2.496162524,-1.870820338,6.007141456,3.095460837,-2.618081769,6.068312119,13,69
2159,55,-1.402499437,-0.729481073,2.602267966,-1.137084304,-1.329969274,3.149115018,5,59
2160,55,-1.561603152,-0.389499285,2.849730252,-1.285016521,-1.022905790,3.442316770,10,68
2161,55,-1.407027140,-0.709937332,2.584138688,-1.143953780,-1.308992059,3.133497868,5,59
2162,55,1.297561411,-0.532725331,3.605273849,1.634599772,-1.109847522,3.926531253,26,83
2163,55,-0.352891563,-0.933414416,4.483505272,0.086979874,-1.666974244,4.901374656,21,80
2164,55,2.296035929,-1.661798156,6.299061347,2.915493383,-2.447361502,6.396068821,13,79
2165,56,2.629665554,-1.279272939,4.613810487,3.076619311,-2.091892283,4.678361922,5,60
2166,56,1.407339520,1.639108024,7.156394694,2.000855693,0.404024723,7.693141145,2,58
2168,56,2.593748786,-1.337252515,4.587440999,3.040293107,-2.147350065,4.647510070,5,60
2170,56,0.300037150,-2.256522566,9.626178681,1.249402321,-3.831543450,9.692433335,9,68
2171,56,2.449787900,-1.288718249,4.267892248,2.866124308,-2.062925501,4.351318513,5,60
2172,56,1.773454544,-2.056178924,6.770529288,2.447218872,-3.186877473,6.774305316,9,64
2173,56,1.162622951,-2.109558291,6.968028339,1.859112819,-3.292955392,7.014823951,9,64
2174,56,2.989088254,1.741151241,10.810442810,3.907460317,0.086297496,11.175714580,26,84
2175,56,1.140285940,-2.222827838,7.066981808,1.849568520,-3.419302507,7.098883657,7,63
2176,56,2.320102351,-2.273382926,7.127557317,3.030970163,-3.425609229,7.049463444,8,63
2177,56,0.498290220,-1.294655069,5.334922782,1.022047545,-2.297127363,5.572573188,11,71
2178,56,3.382341806,1.795889231,10.611877575,4.278877094,0.184302845,10.953189781,27,84
2179,56,1.476249514,-0.697506811,3.540772382,1.811629872,-1.423209889,3.799216462,22,84
2181,56,1.228320523,-2.173678293,6.913529351,1.921531709,-3.346269041,6.946565456,7,63
2182,56,1.660407689,-2.179642520,6.750996840,2.336836338,-3.311470818,6.747912852,8,63
2183,56,1.632156110,-0.348611890,3.608510041,1.961933275,-1.079984453,3.900350579,22,83
2184,56,-1.443783306,-0.273484710,2.888906668,-1.167921958,-1.044603842,3.467186830,5,60
2185,56,1.987897713,-0.567209048,4.819043730,2.434111589,-1.442529716,5.034077702,16,84
2187,56,0.428082848,-2.661921534,10.121432408,1.435207348,-4.293461884,10.114485618,12,70
2188,56,-0.623813392,-0.793613045,4.129960295,-0.221328488,-1.689362859,4.549473697,25,81
2190,56,1.291109997,-0.352076955,3.637980338,1.625318057,-1.102338114,3.958518140,23,83
2191,56,-0.854168236,-0.085785234,2.401925740,-0.631785870,-0.767792696,2.961260815,10,81
2192,56,2.663398308,-1.242358669,4.596337331,3.107414716,-2.051528058,4.663254126,4,60
2193,56,1.350379409,-0.656703275,3.416241785,1.673622199,-1.371702761,3.692835169,26,84
2194,56,2.568476530,-2.707128780,8.258731960,3.395837378,-3.995277789,8.084707821,8,63
2195,56,2.475699408,-2.367837505,8.075653729,3.275904554,-3.638973236,7.958584923,10,65
2196,56,2.432875131,-2.352446876,7.411773360,3.171823635,-3.536909145,7.309309929,7,63
2197,56,2.552118243,-2.612743057,8.124252068,3.364206851,-3.884579922,7.966358374,7,63
2198,56,-0.350503876,-1.349276438,4.338931743,0.087535515,-2.255415829,4.655850506,9,67
2199,56,-1.422899681,-0.616079145,2.611194010,-1.161756088,-1.345766459,3.144395175,5,60
2200,56,0.027226171,-3.075283517,10.848377092,1.116144795,-4.817462276,10.809917465,16,84
2201,56,-0.919032119,-0.723460805,4.447890059,-0.488180530,-1.675361653,4.898398793,26,82
2202,56,-1.395896910,-0.590459253,2.717229142,-1.125957016,-1.333383290,3.250197165,8,65
2203,56,-0.731669829,-0.961348967,3.943546256,-0.340464693,-1.835261486,4.351891563,24,81
2204,56,2.279675770,-2.135226171,7.015950250,2.976095052,-3.275689318,6.961768079,8,64
2205,56,-1.482788683,-0.584934056,2.713743186,-1.212933219,-1.331265162,3.255046231,4,59
2206,56,-1.340318674,-0.238558519,2.528163775,-1.099187209,-0.957276057,3.107034645,5,60
2207,56,-1.582478394,-0.720402994,3.277132653,-1.256105227,-1.545048000,3.801059636,6,63
2210,56,1.362879273,-2.046427171,6.602386229,2.022834958,-3.172795530,6.645312172,9,64
2211,56,1.351689433,-2.110704772,6.693605604,2.022118042,-3.249114547,6.727486928,7,63
2212,56,-1.435897335,-0.486259780,2.855200699,-1.156407863,-1.250413192,3.404088112,10,65
2213,56,0.775812046,-2.380595897,9.916632464,1.753542779,-3.972288824,9.920802513,12,71
2214,56,0.357792026,-1.380141269,5.206485243,0.873135100,-2.370775096,5.446299955,11,66
2215,56,-0.060204193,-1.110288859,4.557400273,0.388931238,-2.035240706,4.879011885,13,69
2217,56,0.109278030,-3.327914386,11.309589661,1.248193123,-5.125603749,11.223298608,26,88
2218,56,1.208151478,-2.103935957,6.806476735,1.889410413,-3.263801848,6.852233961,8,63
2219,56,-1.540525310,-0.750158040,2.820864530,-1.255308582,-1.511697003,3.343115206,3,59
2220,56,0.394341052,-2.526788554,9.857260005,1.373069972,-4.125856083,9.875249894,10,70
2221,56,1.302793833,-0.364184980,3.608280791,1.634603741,-1.109843913,3.926539734,24,83
2222,56,0.458562676,-1.545238843,5.281461603,0.985560568,-2.539821908,5.488927138,12,74
2224,56,-1.342398545,-0.419623523,2.532549813,-1.095101039,-1.137218370,3.086732768,4,59
2225,56,-1.386249384,-0.600106154,2.612247216,-1.125690086,-1.328482627,3.144446258,5,60
2226,56,0.029958778,-3.173113186,10.586394494,1.097912735,-4.879192971,10.537759595,23,90
2227,56,2.553696487,-1.769059963,5.504453621,3.098368961,-2.699156176,5.496692746,3,58
2228,56,1.373029621,-2.138732213,6.736466868,2.048184148,-3.281652825,6.764090858,8,63
2229,56,1.452175442,-0.626136288,3.482336849,1.780035255,-1.345798526,3.753420338,23,84
2230,56,1.099232965,-0.811008054,3.497057144,1.435989596,-1.546307157,3.773207267,25,85
2231,56,2.746927487,-1.319336349,5.146463504,3.243517710,-2.197578464,5.188312929,3,60
2232,56,0.127830247,-1.475015363,3.872592579,0.524772688,-2.296574621,4.136990568,17,76
2233,56,-0.106512889,-0.235604001,2.640695109,0.139019566,-0.915175301,3.111535033,17,81
2234,56,-1.604261825,-0.204133091,2.938261834,-1.325311812,-0.989587842,3.539302072,9,69
2235,56,-1.448331832,-0.281184704,2.925534870,-1.168840378,-1.057321424,3.502669556,5,60
2236,56,1.346564458,-0.653906122,3.410462995,1.669205705,-1.368328877,3.687846801,27,84
2237,56,2.283363687,0.900967940,8.835330797,3.050380288,-0.512625754,9.172784882,29,84
2238,56,-1.459872236,-0.402937643,2.679795223,-1.199025981,-1.145535080,3.244498849,4,59
2239,56,-1.369112198,-0.364768617,2.569880617,-1.120002844,-1.089070767,3.133401572,5,60
2240,56,0.574197659,-2.567910003,9.532552600,1.523561018,-4.115278378,9.533614374,29,93
2241,56,0.208741305,-1.376690271,5.295750826,0.732878306,-2.385835265,5.547777018,13,72
2242,56,0.337592094,-1.251905961,5.539919164,0.879578404,-2.289255923,5.794644065,12,71
2243,56,-1.376675297,-0.551313492,2.559321117,-1.122572411,-1.272682364,3.098076334,5,60
2245,56,-1.323293055,1.057719276,4.664658553,-0.927217576,0.041382431,5.391404055,2,57
2246,56,2.543361759,-1.261686886,5.114325401,3.036132145,-2.145152299,5.182144568,8,71
2247,56,0.265651633,-1.074460876,3.997756860,0.660709007,-1.910671244,4.303437645,11,71
2248,56,2.607265686,-2.586341531,8.320958751,3.436319753,-3.882301835,8.159299660,11,67
2249,56,-1.341850890,-0.241357771,3.115476939,-1.046684805,-1.038591974,3.686325726,10,81
2250,56,1.308463550,-2.256726980,6.871453363,2.000070063,-3.419348439,6.886719765,20,79
2252,56,-1.384397117,-0.235427934,2.708817051,-1.126565425,-0.980252366,3.289547216,5,60
2253,56,-0.542405640,-2.686320085,8.908311909,0.358675586,-4.198162150,8.998196289,9,65
2259,57,-0.301187347,-1.075668609,4.048869288,0.099416393,-2.108454184,4.351195972,9,67
2260,57,0.519239434,-2.140598868,10.162461851,1.506950182,-4.150664142,10.098492528,5,63
2262,57,1.306470227,-1.744022435,6.883416253,1.978846128,-3.171667401,6.881657933,6,65
2263,57,0.681636793,-2.922534593,9.644012224,1.644755341,-4.825824947,9.441412608,3,61
2265,57,-2.234481673,-2.595908560,9.575261541,-1.273948590,-4.624667367,9.677762187,4,60
2266,57,2.506863930,-1.271293340,4.515462315,2.942975364,-2.252593892,4.537008195,4,60
2267,57,2.212641043,-2.275858811,7.649531085,2.966859742,-3.783475177,7.465136944,5,62
2268,57,1.206018084,-2.104283236,7.135526132,1.912756929,-3.573451281,7.075667727,7,63
2269,57,2.347625253,-1.987655348,7.254341978,3.056412389,-3.426954515,7.115380251,6,64
2270,57,0.600256025,-1.603920950,5.020264027,1.101381030,-2.751558282,5.137161881,6,62
2272,57,1.206404428,-2.125775433,6.658930255,1.870223589,-3.514239397,6.604190727,4,62
2273,57,1.367716374,-2.156751693,7.248621887,2.085622980,-3.636860684,7.163908884,7,63
2275,57,1.015221092,-2.014476159,6.949178567,1.703106688,-3.462243644,6.924426674,6,63
2276,57,0.454237911,-1.435359813,5.059404247,0.954541297,-2.598796792,5.216962401,6,63
2277,57,2.415068010,-1.699289971,6.884104048,3.081013015,-3.077539655,6.795875468,9,66
2278,57,-0.760894802,-2.983305507,9.673104445,0.213410106,-4.955886698,9.582024214,3,60
2279,57,1.265246053,-2.154144727,7.162532375,1.975680450,-3.624418554,7.088568320,7,63
2281,57,-1.456878667,-0.261788581,2.659459827,-1.202429737,-1.125141874,3.225684829,3,59
2282,57,1.337169671,-2.276260546,7.374526738,2.070326684,-3.777145634,7.269519748,6,62
2283,57,1.244937043,-0.406592464,3.512899744,1.569217433,-1.289276006,3.808924008,22,83
2284,57,1.326792393,-0.382544023,3.456664730,1.644828026,-1.252408885,3.750916628,22,83
2285,57,2.566124951,-1.493356022,4.673239134,3.023072310,-2.495164970,4.648636949,3,59
2286,57,-1.329863463,-0.177332883,2.639819418,-1.080343380,-1.032920332,3.210145152,4,60
2287,57,2.640992780,-1.139346843,4.702496551,3.089603836,-2.148135168,4.731868909,2,58
2288,57,-1.492246769,-0.259133950,2.777799488,-1.226896275,-1.144082186,3.345287831,4,60
2289,57,1.985331476,-2.125491590,7.759720743,2.746148526,-3.664288444,7.618443117,7,63
2290,57,-1.294588251,-0.062537637,2.263912469,-1.083051046,-0.854910843,2.857961090,6,65
2291,57,2.291576985,-1.176218651,6.711580753,2.926569560,-2.539004566,6.726990760,19,86
2292,57,-1.562729266,-0.372109152,2.830720355,-1.288811183,-1.267436670,3.383784744,10,68
2293,57,-1.460540104,-0.675436996,2.686739147,-1.191121049,-1.537203140,3.181637065,3,59
2294,57,0.538774664,-1.510962251,4.543977836,0.993848111,-2.582506753,4.690924204,2,58
2295,57,1.402229473,-0.204549276,3.638134515,1.731141523,-1.104328488,3.953219228,23,82
2296,57,2.733818275,-1.075591151,4.676968929,3.177744561,-2.076851266,4.709895330,3,59
2297,57,0.526092674,-1.097859867,5.298017113,1.037708041,-2.303457537,5.503080276,16,79
2299,57,-1.489676436,-0.324068012,2.869945314,-1.213959010,-1.223438936,3.424338610,9,65
2300,57,2.449872622,-2.311575170,7.995354556,3.235677307,-3.866208632,7.778251374,6,63
2301,57,2.212481826,-2.457019890,7.476376664,2.956330125,-3.932666652,7.264057741,5,62
2302,57,-1.473125509,-0.146542662,2.737586561,-1.214930986,-1.025574022,3.323558880,4,60
2303,57,1.374106556,-1.479509771,6.642019143,2.016135138,-2.867453413,6.684483982,22,79
2304,57,0.117267016,-0.978112198,3.167880140,0.432459149,-1.844908659,3.467799422,2,59
2305,57,1.495937022,-0.503119026,3.554749153,1.825785118,-1.380010761,3.812081022,21,84
2306,57,-1.410400411,-0.509430968,2.734113959,-1.141883906,-1.379463730,3.252420859,4,60
2307,57,-1.549270378,-0.093297484,2.938173433,-1.273990686,-1.010414413,3.536044931,9,68
2309,57,-2.213262265,-2.084274512,8.519281971,-1.364764942,-3.941886000,8.727565097,13,71
2311,57,2.491461945,-1.954577437,8.551334597,3.317142102,-3.606551210,8.381768043,13,69
2312,57,1.405122255,-0.200019564,3.638104770,1.733881718,-1.099732336,3.953723296,15,82
2313,57,0.546686034,-1.536958651,4.960385789,1.040569323,-2.677954231,5.094459695,2,58
2314,57,1.657544987,-1.943990818,6.859320908,2.332111847,-3.348605331,6.793807334,7,63
2315,57,-1.401424313,-0.421931909,2.640902529,-1.144105430,-1.277186015,3.175223967,4,60
2316,57,-0.926217296,-0.533622806,4.408804579,-0.506137630,-1.663721363,4.850742315,24,82
2317,57,-1.458614172,-1.969364416,6.853350312,-0.769362845,-3.513684795,7.048229979,5,63
2318,57,-1.405999975,-0.525106053,2.695560420,-1.140555896,-1.388198512,3.211513800,4,60
2319,57,2.219335494,-1.531403760,6.164401759,2.815344791,-2.799749058,6.135026650,9,65
2321,57,2.004522509,-2.097046002,7.717717982,2.760554217,-3.628328825,7.580481808,7,63
2322,57,-1.412939037,-0.838368163,2.779239980,-1.130377862,-1.711072886,3.240360207,4,63
2323,57,-1.385693478,-0.089525642,2.890417551,-1.115652089,-0.991241713,3.475932123,4,60
2324,57,1.280903451,-1.590179945,7.126895126,1.971020349,-3.062396945,7.149243168,16,79
2325,57,1.391334575,-0.194817095,3.645447894,1.720672569,-1.096472167,3.962995672,23,82
2326,57,0.404060946,-0.898446235,5.434995139,0.922757310,-2.135727189,5.682170696,11,71
2327,57,-2.496693488,-2.315332564,8.831940768,-1.611340788,-4.234945593,9.018757528,3,59
2329,57,-0.080360827,0.017329093,2.481871531,0.143057439,-0.758038451,2.982487419,24,81
2330,57,-2.488289884,-2.387693535,8.791325231,-1.604509239,-4.298966808,8.965738980,2,58
2331,57,2.612138702,-1.155563039,4.579164846,3.050098501,-2.144614504,4.610488657,3,60
2332,57,1.509980510,-0.552136553,3.552253585,1.841011757,-1.427218863,3.800009981,25,83
2333,57,-1.374010676,-0.148372592,2.756440243,-1.114497748,-1.026066679,3.333330371,4,60
2334,57,0.522767544,-1.090095763,5.032793870,1.009920632,-2.251245219,5.244398155,12,71
2335,57,1.404718816,-0.202397485,3.638496418,1.733587578,-1.102158041,3.953733026,25,83
2336,57,0.568887155,-1.653547771,4.820074026,1.053353385,-2.768090324,4.934818360,3,59
2337,57,4.807828199,1.265160750,11.397630362,5.785950858,-0.811271643,11.532174631,21,85
2338,57,0.979149668,-1.968164955,6.736266475,1.646345642,-3.382378900,6.726494260,5,62
2339,57,1.478938547,-0.512086919,3.494740320,1.803650316,-1.379492840,3.753087687,22,84
2341,57,1.630846956,-0.771598409,3.640733479,1.976015423,-1.652755693,3.838843523,18,80
2342,57,-1.093353047,0.064963246,2.765223775,-0.840766014,-0.804779573,3.354801031,10,79
2343,57,-1.300251226,-0.590622172,2.435989270,-1.057051838,-1.404155075,2.936514160,3,59
2344,57,1.877836641,-1.994543875,7.073277660,2.572461188,-3.424481281,6.976390330,8,65
2345,57,-1.593906777,-0.064184338,2.933554341,-1.319719020,-0.982990726,3.540308759,10,69
2346,57,1.373406755,-1.920932606,6.791736098,2.042420238,-3.327372082,6.755573268,7,63
2347,57,0.482808990,-0.843662249,5.150973497,0.973527434,-2.030331224,5.406154542,9,66
2348,57,-1.423017060,-0.155935602,2.841024038,-1.155317088,-1.049993859,3.419205366,4,60
2349,57,-2.574000116,-2.194316190,8.839835396,-1.691212045,-4.120619242,9.053881176,10,66
2350,57,-1.372701900,-0.283857964,2.579124250,-1.125322397,-1.129515752,3.135896645,4,60
2351,57,-1.477385509,-0.141796735,3.057903625,-1.190034229,-1.075100990,3.639107488,10,71
2352,57,1.708310273,-1.852526863,6.981142985,2.391022134,-3.276787124,6.924784854,7,63
2353,57,0.602403074,-2.249241711,9.532842763,1.535447206,-4.147715808,9.454816460,26,93
2355,57,0.521397428,-2.123919291,10.187067223,1.510844908,-4.138291590,10.125326101,7,70
2356,57,-0.100947909,-1.183442771,3.819954711,0.281047643,-2.166910078,4.090992238,2,59
2357,57,0.447930717,-1.202614505,5.023452585,0.937966524,-2.363849700,5.222237041,12,76
2358,57,-2.224114889,-1.113806169,6.421385604,-1.596565841,-2.633096313,6.836418977,7,68
2359,57,-2.102735189,-1.897083835,7.751042786,-1.330613496,-3.623036140,7.996390374,10,66
2360,57,-0.904737236,-2.143033885,8.488908096,-0.063320953,-3.935370748,8.576521776,6,67
2361,57,2.441158205,-0.980025878,4.557480853,2.872642246,-1.975859160,4.633913690,3,60
2362,57,1.286621487,-2.538607435,7.528638730,2.042002592,-4.063736618,7.379950127,3,61
2364,57,1.301032613,-0.551277403,3.561136419,1.633819941,-1.437331928,3.826620949,24,83
2365,57,1.211518960,-2.099707823,7.155290862,1.919901130,-3.572029484,7.095385168,7,63
2366,57,-0.340666346,-0.984621434,5.013873451,0.145588505,-2.183297555,5.317295253,13,74
2367,57,0.520878550,-1.541251099,5.002809435,1.018888849,-2.690502190,5.137549402,7,63
2368,57,0.261923930,-1.291298186,6.058285359,0.850087737,-2.634072171,6.238405986,7,69
2369,57,-1.348358376,-0.320181832,2.648315403,-1.093673057,-1.175845489,3.195489605,4,60
2370,57,1.323718346,-0.367482574,3.502682261,1.645521009,-1.245476724,3.798930949,24,83
2371,58,-0.301073701,-0.712279739,4.754929659,0.152470984,-2.006795781,5.074922601,11,71
2373,58,-1.440282223,-0.209198367,2.636611564,-1.191007932,-1.162117883,3.198825021,2,59
2375,58,-0.029887237,-0.944886977,5.599063883,0.506920117,-2.383749973,5.831548110,12,71
2377,58,-0.194632404,0.158105006,3.569464882,0.122684120,-0.920847294,4.077899674,11,81
2382,58,0.481087035,-1.117135931,5.730138290,1.032884379,-2.552989064,5.883168218,8,74
2383,58,-1.393441236,-0.064923290,2.852532414,-1.129139691,-1.059893672,3.434098736,3,60
2384,58,1.720302146,-1.466690435,6.831957871,2.378066367,-3.047134819,6.787687000,9,66
2385,58,1.375388658,-0.394462222,3.438991618,1.690692911,-1.361311330,3.710939439,20,83
2386,58,0.679947565,-1.377555528,5.122114694,1.183314284,-2.681851614,5.221487135,3,61
2387,58,0.079279246,-1.633807965,6.682985557,0.736332548,-3.261878891,6.746794079,15,80
2388,58,1.190367114,-1.842327363,7.108147445,1.887646768,-3.494054866,7.028448310,6,63
2389,58,-1.380428751,-0.510982721,2.634860020,-1.122152530,-1.454686642,3.133084944,3,62
2390,58,-2.131977758,-1.163160189,4.521796885,-1.677077191,-2.492724342,4.912193835,4,62
2391,58,-1.333859171,-0.233071228,2.638529901,-1.084161299,-1.180727656,3.187123191,2,59
2392,58,1.674464462,-1.608879929,6.862859772,2.339720884,-3.194663672,6.793910688,7,64
2393,58,-1.495601595,-0.116160206,2.954447733,-1.219890487,-1.134638463,3.532211947,8,68
2394,58,2.000915630,-1.995845548,7.950506451,2.776291954,-3.767001636,7.753662223,6,63
2396,58,1.361808303,-1.913780389,7.080352345,2.057976086,-3.550444821,6.972966063,5,63
2397,58,1.418917210,-1.695728319,6.723358388,2.075321993,-3.265390117,6.662006655,6,63
2398,58,1.343416054,-0.326006516,3.515556554,1.663735512,-1.310464259,3.801815699,24,83
2399,58,2.467700772,-1.949703025,8.302339238,3.271644763,-3.766709674,8.067396696,9,66
2400,58,-1.354494074,-0.338146691,2.614691695,-1.103593325,-1.280144247,3.145008467,2,59
2401,58,1.379044917,-0.282094354,3.536704163,1.699758758,-1.269755924,3.828084927,23,83
2402,58,1.355956028,-0.275022147,3.539616729,1.676823393,-1.264502284,3.834246440,23,83
2403,58,-1.359969164,-0.414895122,2.674707201,-1.101148612,-1.367162587,3.189099180,5,63
2404,58,1.407117007,-1.341362241,6.722437890,2.052404726,-2.918438852,6.731397053,11,69
2405,58,2.248674839,-1.243157205,5.943008121,2.815609985,-2.631712433,5.918574642,9,69
2409,59,-0.767510150,-2.061594260,8.194878468,0.047582097,-4.124682077,8.172311586,2,62
2411,59,2.619923382,-1.161772220,4.618063600,3.061478909,-2.321465364,4.602602113,2,60
2415,59,1.312563187,-0.045473956,3.613661723,1.625217232,-1.102167863,3.958706451,23,83
2416,59,1.364640584,-0.086093216,3.541885960,1.672251493,-1.124256065,3.876161740,20,83
2417,59,-1.368837672,-0.447194505,2.635106939,-1.114646343,-1.451635400,3.134158420,3,62
2420,59,1.643553387,-0.064137031,3.582158773,1.952533242,-1.094783960,3.897838019,18,83
2422,59,-0.303541480,-0.882408774,4.024043449,0.087626958,-2.097456306,4.313508382,9,67
2423,59,0.518401484,-0.955658501,5.133189744,1.007988762,-2.346756211,5.314480394,7,71
2424,59,1.738233087,-1.804589242,7.292082082,2.449827260,-3.544467177,7.146440781,5,63
2425,59,1.503347130,-0.065876269,3.601371937,1.814799980,-1.108531478,3.927342582,20,83
2426,59,2.305307649,-1.564900193,7.728592631,3.043582687,-3.365984925,7.576748156,18,85
2427,59,0.891472716,-0.887758982,5.853561410,1.441086151,-2.405144219,6.001317578,21,79
2428,59,-2.700616652,-0.646855543,8.436924397,-1.911723587,-2.903374820,8.855321424,15,73
2429,59,1.230474884,-1.622887107,7.145100246,1.923998012,-3.366484177,7.081146276,6,64
2430,59,-1.466167648,-0.668352064,2.758945353,-1.191448007,-1.698618413,3.216745580,2,60
2438,60,-2.285976445,-2.515410728,9.347309213,-1.344353935,-4.821478284,9.363477660,3,63
2441,60,-2.226374653,-2.541973354,9.216045244,-1.295229070,-4.818561692,9.225396462,2,61
2447,60,-0.019883943,-3.244406555,11.315775036,1.118214771,-5.763828261,10.972576703,11,80
2449,60,2.503321980,1.559152990,8.118751623,3.113555306,-0.284556182,8.593941638,22,83
2451,60,1.378172123,-0.248346508,3.493817612,1.678257783,-1.245289048,3.804375415,19,83
2452,60,2.279383667,-1.450024851,7.432200784,2.978275664,-3.115425769,7.351151027,7,66
2453,60,1.236087867,-1.602030231,6.957998254,1.906221720,-3.241660369,6.937381809,5,64
2454,60,1.679359114,-1.617003227,6.921742095,2.344822931,-3.220568745,6.865186107,5,64
2455,60,1.679147497,-0.085880428,3.576857986,1.977011194,-1.082432513,3.894382386,21,83
2456,60,1.461718136,-1.493627005,6.795832070,2.111217270,-3.089851404,6.782821104,7,68
2457,60,1.614541648,0.096263345,4.562232849,1.989971011,-1.096326019,4.898350963,23,84
2458,60,1.981825097,-1.861088892,7.629819567,2.719657131,-3.575123781,7.486657939,7,66
2459,60,1.338368235,-1.812405638,7.031632455,2.024742921,-3.455115444,6.960419539,4,63
2460,60,1.728475644,-1.462550242,6.808104157,2.376179785,-3.044402201,6.780546663,7,66
2461,60,1.154906713,-1.769202107,7.145700433,1.850062575,-3.446508076,7.094392928,4,63
2462,60,1.196422435,-1.572150925,7.044417658,1.872848383,-3.231471390,7.030745816,6,65
2463,60,1.306831205,-0.073674537,3.628396482,1.610479556,-1.104535687,3.975565074,19,83
2464,60,1.271368168,-1.574274080,6.987296825,1.942525283,-3.217772004,6.968765039,7,68
2465,60,1.624308370,-1.113988574,6.849745690,2.259085559,-2.717726989,6.897389819,20,84
2468,60,2.559532596,-1.470358531,7.609546437,3.273519210,-3.150969500,7.499192421,10,70
2469,60,2.373025085,-2.553350521,8.220144825,3.194459154,-4.340397391,7.898564295,19,83
2470,60,2.550261863,-1.578190402,7.571299297,3.266238500,-3.249888253,7.441412024,7,66
2471,60,-0.764661958,-2.232142516,8.969725312,0.122382869,-4.372988627,8.933653944,2,63
2473,60,1.497098414,-0.414418812,3.536378101,1.808450962,-1.408336897,3.804428284,16,84
2474,60,1.386368820,-0.263993394,3.511191946,1.688699910,-1.263397722,3.817676401,22,83
2475,60,1.386717388,-0.386420872,3.423736187,1.687402434,-1.366593307,3.708195324,18,84
2476,60,2.273176279,-1.680706206,7.074826100,2.952159242,-3.273554413,6.957092214,5,64
2477,60,1.844729569,-1.539160023,6.902800242,2.503886155,-3.129951263,6.849276739,9,68
2478,60,1.673664251,-0.081845541,3.582704095,1.971868958,-1.079953157,3.901305787,19,83
2479,60,1.305274281,-1.555611344,7.035757948,1.979583315,-3.206537446,7.017209745,7,66
2480,60,2.060429189,-2.406061201,9.045441768,2.948388772,-4.374005527,8.758125371,3,63
2481,60,1.776407104,-1.729376166,7.610152633,2.507095152,-3.455726166,7.508865975,6,65
2482,60,0.570834152,-1.239393691,4.818587141,1.039441970,-2.521372072,4.967350004,4,63
2483,60,-2.605584833,-1.918154193,9.256485692,-1.699583915,-4.239947444,9.415892779,2,61
2484,60,-0.093781650,-3.223211886,10.746475811,0.993864017,-5.639206255,10.425751376,20,85
2485,60,-0.401186858,-1.720467727,6.236271904,0.219889448,-3.326408741,6.333489375,3,63
2486,60,1.653786388,-0.095984293,3.580494450,1.952591388,-1.094672758,3.897896256,22,83
2487,60,2.264938468,-1.471876020,7.501170415,2.971006330,-3.150932901,7.415411028,7,66
2488,60,1.310733252,-1.807688559,7.005578564,1.994737415,-3.447319758,6.937977496,4,63
2489,60,-0.640545022,-1.948201064,8.944927651,0.229781294,-4.082073159,8.955481786,6,66
2491,60,2.108907428,-1.522835350,6.559481641,2.735908546,-3.031242325,6.496649098,5,64
2492,60,2.402479992,-1.800332919,7.865109050,3.155789262,-3.533164040,7.696493863,6,65
2493,60,2.884585576,-1.182065280,4.717989810,3.329925556,-2.295501819,4.703684320,4,64
2494,60,1.410454616,-1.262271554,6.662481987,2.037204740,-2.841129708,6.701610259,8,70
2495,60,0.026854497,-0.621422100,2.610993801,0.274840911,-1.530090499,2.971349711,7,68
2496,60,2.315143839,-1.712887117,7.143592025,3.001507156,-3.315470336,7.014828495,4,64
2497,60,-1.142360238,-0.300440304,3.184423896,-0.854075775,-1.401223315,3.683989064,9,70
2498,60,2.651931057,-2.267802069,8.501897760,3.482596111,-4.096353982,8.208614429,4,63
2499,60,-2.146330299,-1.785892750,8.134785221,-1.347223999,-3.866412708,8.310029293,7,67
2500,60,2.367775329,-1.798445857,7.297205274,3.071502935,-3.425169690,7.144265913,5,64
2501,60,1.617997822,-1.815672672,6.780457393,2.281158041,-3.392179230,6.692870272,3,63
2502,60,2.328942961,-0.978727019,6.413833960,2.915415139,-2.456197048,6.443894280,12,84
2503,60,2.468073775,-1.604295565,7.342109664,3.165701795,-3.237055064,7.218495158,7,68
2504,60,1.999221790,-1.942101088,7.684348231,2.745707610,-3.663748485,7.522796981,4,63
2505,60,1.377878690,-1.669639571,6.718159338,2.029639359,-3.252875286,6.678846167,4,64
2507,60,0.503204971,-0.780110171,5.088214553,0.973209614,-2.127391747,5.325967877,9,71
2508,60,1.373914874,-0.091884333,3.595576384,1.675248031,-1.111742509,3.934796454,22,83
2509,60,-0.033717164,-0.812331073,3.906486077,0.337229308,-1.968306244,4.205241946,8,70
2510,60,-1.311043335,-0.300787710,2.781672882,-1.057112989,-1.335658280,3.303017145,5,65
2511,60,-1.348291283,-0.320609637,2.675982941,-1.102443914,-1.337321549,3.198647500,4,64
2512,60,0.437890725,-1.084064174,5.197559843,0.932692796,-2.450222075,5.378402086,8,70
2514,60,0.676318873,-1.636562366,8.999511092,1.529500105,-3.701589898,8.969340006,6,70
2515,60,2.563599933,-2.203765138,8.291961757,3.373210514,-3.999305536,8.022623484,4,63
2516,60,0.445544658,-1.592778891,9.738147972,1.362336483,-3.814712526,9.717683353,4,64
2517,60,-1.710646917,-1.056069701,6.681681899,-1.076602537,-2.845867384,6.998838145,10,71
2519,60,2.564108633,-2.129074822,8.239944481,3.365504851,-3.916187403,7.986337149,4,63
2520,60,2.188463257,-1.692817117,7.010529119,2.862844147,-3.278654104,6.898322502,5,64
2521,60,2.680486152,-0.947431508,4.971623889,3.137528819,-2.127380706,5.013133210,4,64
2522,60,1.372045716,-0.158842682,3.573370332,1.674729978,-1.173207991,3.900130199,20,83
2523,60,-1.432062851,-0.137987416,2.828214564,-1.181436275,-1.192959561,3.389599959,6,65
2524,60,2.640390951,-0.939176569,4.794694197,3.081758082,-2.088130657,4.844821167,3,63
2525,60,-1.542858112,-0.025747263,3.018098640,-1.280571857,-1.126478846,3.605659800,4,64
2526,60,2.221404212,-2.253695134,8.513024390,3.054519940,-4.112667983,8.255099025,3,63
2527,60,1.277076892,-1.845114987,7.102536312,1.971565138,-3.504674383,7.028020739,4,63
2528,60,-0.646010924,-1.964847697,8.917947176,0.222799805,-4.093583216,8.926263472,6,66
2529,60,2.316205365,-1.014761124,6.690166903,2.928674553,-2.545066964,6.707990710,21,84
2530,60,2.453462259,-1.556463170,7.074945456,3.125454313,-3.140158572,6.967757528,7,66
2531,60,0.616934880,-1.316364661,5.023564329,1.107010601,-2.632889494,5.149184544,3,63
2532,60,0.578745911,-1.171920610,5.328487405,1.088596492,-2.552102337,5.478479123,7,68
2536,61,0.023079323,0.193796691,2.391131339,0.216474207,-0.682210233,2.921998642,16,81
2537,61,1.438553378,-1.571488533,6.841572369,2.095321857,-3.137583254,6.842113299,6,66
2538,61,0.678508865,-1.331962624,6.463246163,1.294738234,-2.881531514,6.574392529,7,70
2539,61,1.507396657,-0.401828567,3.530709431,1.820819096,-1.380892764,3.813360423,22,84
2540,61,0.772272770,-1.816765829,9.431386149,1.668480352,-3.893399216,9.383328516,6,70
2541,61,1.393121787,-0.296676309,3.451136598,1.695164371,-1.270415164,3.763830943,21,83
2543,61,-0.922797980,-0.117534396,1.733082541,-0.766822769,-0.927286346,2.291360954,4,64
2544,61,2.799083381,-0.523672144,5.298530934,3.265171623,-1.741658201,5.423387563,18,80
2545,61,1.385049658,-0.407985021,3.412607990,1.689136612,-1.373097945,3.705872727,21,84
2546,61,1.445605861,-0.458115715,3.538175042,1.762680833,-1.441389225,3.814844161,22,84
2547,61,1.633184378,-0.088298309,3.580659655,1.935266375,-1.074444665,3.911391954,19,83
2548,61,0.287727013,-0.861027050,4.129560983,0.681075481,-2.017935198,4.406860126,6,67
2549,61,1.226893951,-1.818397314,7.011766858,1.911301259,-3.424305846,6.978701723,3,63
2550,61,1.985024735,-1.754884780,7.166798921,2.676087619,-3.342369736,7.084623225,7,67
2551,61,-2.269813096,-1.742016753,7.937428070,-1.491674600,-3.739543073,8.166145888,5,65
2552,61,-0.010758971,-1.423446168,6.561886236,0.621797709,-3.032890457,6.706418182,3,64
2553,61,1.704674323,-1.288048391,6.616704822,2.327045583,-2.801588364,6.654668285,9,70
2554,61,1.922921361,-1.485624490,6.910757197,2.579180733,-3.035347570,6.889017135,5,68
2555,61,1.226586710,-1.686701844,6.808249689,1.887040716,-3.257940538,6.804067707,5,65
2556,61,1.248692342,-0.494729557,3.473399790,1.562880837,-1.477932546,3.759564076,20,84
2557,61,2.689511045,-0.529529700,5.009735049,3.131397166,-1.701584731,5.147811834,14,79
2558,61,-0.074617705,-1.405733503,7.416690118,0.631465508,-3.175681074,7.551757597,3,65
2559,61,1.062498913,-2.306837218,10.267559087,2.053251563,-4.508605738,10.088352213,21,87
2560,61,1.383060239,-0.278443938,3.504648002,1.688913520,-1.262936774,3.820418265,22,83
2561,61,1.380215248,-0.348834043,3.409105793,1.681183242,-1.314728430,3.713886384,22,83
2562,61,1.847817611,-1.854740279,6.905947820,2.521747465,-3.401373182,6.820922784,3,63
2563,61,1.385897022,-0.374178778,3.446753192,1.691315524,-1.346112310,3.745577925,17,83
2564,61,1.041438012,-0.009824396,3.255702057,1.314507907,-0.975513873,3.652952446,18,82
2565,61,2.287646049,-1.790770334,7.039705273,2.967931521,-3.335229344,6.930362473,3,63
2566,61,1.494154251,-1.330802296,6.706634249,2.127404742,-2.873273395,6.750786387,9,70
2567,61,1.438594132,-1.643717625,6.605071004,2.078338290,-3.165250324,6.596968381,15,86
2568,61,-1.508281761,-1.463049971,6.132118881,-0.903696114,-3.087941099,6.392282906,6,66
2569,61,2.295155073,-1.673908852,7.182799007,2.982192238,-3.246233105,7.091809398,6,66
2570,61,1.595874816,-1.616262518,7.037921862,2.271031130,-3.207428709,7.014031104,6,66
2571,61,1.509104100,-0.415770084,3.455352425,1.816658193,-1.380699329,3.736818872,20,84
2572,61,1.516942941,-0.426372806,3.536457541,1.831994610,-1.405420424,3.813666557,21,84
2573,61,0.504554288,-1.372326053,5.099570461,1.005423706,-2.683055654,5.244578536,3,63
2574,61,1.382691797,-0.264990319,3.504091802,1.687852915,-1.249658566,3.822420588,22,83
2575,61,0.475808896,-1.096619254,4.927638776,0.948688863,-2.382962092,5.130009550,6,66
2576,61,2.081100862,-2.011229401,7.496073740,2.812525361,-3.647947772,7.351778422,3,63
2577,61,1.635784103,-1.670557048,7.001236201,2.310171784,-3.251475123,6.964894484,4,64
2578,61,-1.400587172,-0.151346055,2.771847135,-1.150637767,-1.180404043,3.338774482,5,65
2579,61,-1.707690528,-1.403568431,6.819870756,-1.045390579,-3.167809288,7.092174543,7,67
2580,61,-1.863245327,-1.631176318,7.633386668,-1.118769649,-3.549551072,7.858137667,6,67
2581,61,0.510202139,-1.339089658,6.461960518,1.127489889,-2.898931698,6.584630998,7,70
2582,61,-1.408773517,-0.146635808,2.803157210,-1.156297152,-1.182019097,3.370944134,5,65
2584,61,1.428195204,-0.090720659,4.710862123,1.829325601,-1.296216568,5.033433765,18,83
2586,62,0.106396954,-0.415849671,2.418024502,0.335462901,-1.273923203,2.852114066,5,69
2587,62,2.586691215,-0.461003623,4.945996286,3.030401935,-1.610437147,5.125569983,13,79
2588,62,1.665358562,-0.147422031,3.532245398,1.974051802,-1.111335060,3.868231386,20,83
2589,62,1.339077778,-0.292085707,3.413704254,1.645197364,-1.252231731,3.752293392,20,83
2591,62,-0.297347637,-0.939131627,3.985335468,0.096160589,-2.083918044,4.328576095,4,67
2592,62,0.576271998,-1.099664100,5.044342186,1.066742600,-2.373861629,5.268991135,5,70
2593,62,-0.308537814,-0.968396261,3.826518934,0.072183341,-2.085809489,4.168495352,4,65
2594,62,0.021461458,-0.642762599,2.581753606,0.275491757,-1.530394874,2.979143505,5,68
2595,62,0.453059117,-1.699851077,9.565264922,1.372739856,-3.755062986,9.606363230,7,76
2596,62,1.360119571,-0.416504867,3.411439842,1.671405298,-1.372913507,3.726272917,20,84
2597,62,1.502521286,-0.446133197,3.510476595,1.823217867,-1.410818616,3.806774542,17,84
2599,62,3.438514906,1.372924760,8.636984168,4.125743530,-0.397308259,9.003821336,16,83
2600,62,-2.456386669,-3.193030113,9.988065593,-1.419064085,-5.467809061,9.987873990,21,91
2601,62,1.484151479,-0.419597660,3.448989206,1.798301533,-1.375153213,3.752650252,17,84
2602,62,1.371767152,-0.421030629,3.368684958,1.679390678,-1.369262651,3.682603320,22,84
2603,62,-1.479579995,-0.358297865,2.760145528,-1.214778511,-1.370159222,3.324524992,2,64
2604,62,1.373880906,-1.866647501,6.766291100,2.047337734,-3.379430220,6.757888903,2,63
2605,62,-1.393226821,-0.365685304,2.693244732,-1.134478647,-1.360731019,3.250699506,3,64
2607,62,1.202637630,-1.623969901,6.988753485,1.886059366,-3.189525529,7.032901058,4,65
2608,62,0.191617465,-1.333940524,5.819375658,0.763241077,-2.761237242,6.018223005,5,69
2609,62,-1.350220797,-0.254790396,2.660021168,-1.099517420,-1.243415755,3.234394754,2,65
2610,62,1.407981341,-0.101448838,3.606926352,1.722567485,-1.094260946,3.970201610,21,83
2611,62,-1.377339932,-0.689693513,2.624230358,-1.110561486,-1.666355943,3.124136983,2,63
2612,62,-0.135463999,-0.324696412,2.475837341,0.095930724,-1.208593656,2.944333087,9,71
2613,62,0.487669462,-1.119277448,5.100611467,0.984446027,-2.408123101,5.327768259,4,69
2614,62,-1.316536152,-0.028339255,2.702080551,-1.072215655,-1.026101823,3.313217562,2,63
2615,62,1.480016164,-0.409604983,3.429477011,1.792011273,-1.362190017,3.735618858,21,84
2616,62,-1.408183963,-0.152733335,2.779823883,-1.151024161,-1.167274828,3.374671900,4,65
2617,62,-0.889863206,-2.257568388,8.479251782,-0.035644891,-4.194203592,8.549234368,2,63
2618,62,0.597444395,-1.372522661,5.714666698,1.159445767,-2.757087582,5.876262909,4,66
2619,62,1.360959735,-0.284975499,3.484097492,1.672921217,-1.256157635,3.820854010,20,83
2620,62,1.333564014,-1.823828731,6.839598893,2.011858761,-3.352423474,6.840622266,2,63
2621,62,1.462073223,-0.385871579,3.445019395,1.774495949,-1.342610713,3.756515115,22,84
2622,62,1.378694383,-0.445999120,3.349679003,1.685690848,-1.390104960,3.658969776,21,84
2623,62,1.669788802,-0.128630835,3.553237285,1.979501370,-1.096240399,3.891807832,21,83
2624,62,1.908231954,-1.562781022,6.923248272,2.579651871,-3.076418874,6.923198359,8,69
2625,62,1.323188629,-0.120500162,3.559369124,1.634800193,-1.109742387,3.926938759,20,83
2626,62,2.314591666,-1.056914881,6.893842694,2.959143421,-2.550055147,6.951848785,19,86
2627,62,2.435581306,-1.763541301,8.635755774,3.265581351,-3.539635657,8.525076924,5,66
2628,62,2.850185720,1.747896597,9.392588874,3.591051940,-0.194377725,9.858571406,17,84
2629,62,0.376288824,-1.552763124,4.894692026,0.874358440,-2.805137663,5.057623013,17,83
2630,62,1.228993485,-1.618798112,6.898181459,1.903999854,-3.167182875,6.942880977,4,65
2631,62,1.513644877,-0.410506554,3.440267589,1.826473615,-1.362964967,3.743357472,21,84
2632,62,0.128713674,-1.174385796,5.155259558,0.634547528,-2.492935325,5.400228795,3,65
2633,62,1.432476854,-0.490221476,3.518173802,1.756142837,-1.459624954,3.812078091,22,84
2634,62,1.931083178,-1.840082243,7.231175608,2.641979955,-3.401075778,7.174097731,3,64
2635,62,-1.395978257,-0.118021010,2.783459823,-1.140081748,-1.133060535,3.383434924,5,68
2636,62,0.567361645,-1.389844485,4.889709944,1.056880245,-2.632847006,5.066446105,2,63
2637,62,5.093693453,1.413013287,11.716549623,6.044964515,-0.794304840,11.899323198,15,84
2638,62,1.406490475,-0.104931351,3.599809769,1.720603993,-1.096538469,3.962721374,20,82
2639,62,1.738940962,-2.415926367,9.297526745,2.659944463,-4.336800642,9.113793161,2,63
2640,62,2.550979793,-2.004176560,8.308339372,3.361863471,-3.712626146,8.151944664,4,65
2642,62,1.479741662,-1.412232068,6.776194233,2.133573509,-2.928177177,6.839937908,9,70
2643,62,1.113390838,-1.767607990,7.447487918,1.844381519,-3.415537208,7.464428402,3,65
2644,62,1.363080596,-0.421856444,3.376720183,1.671498182,-1.371979829,3.691031161,21,83
2645,62,2.820582362,-0.980946288,4.834075783,3.276046409,-2.088391692,4.904685652,2,63
2646,62,1.342408950,-0.375716103,3.379997429,1.649191073,-1.328406715,3.704098870,21,83
2647,62,1.361366718,-0.150257761,3.501273740,1.668929927,-1.126672697,3.861618925,21,83
2648,62,1.294972741,-0.106173137,3.602272333,1.609910471,-1.104760165,3.973819080,19,83
2649,62,1.373251349,-0.292193799,3.484640475,1.685517892,-1.262623415,3.819121979,20,83
2650,62,-1.503004056,-1.355100438,5.946317890,-0.910790712,-2.903947475,6.274261147,6,67
2651,62,2.403004233,-2.203292495,7.922059775,3.189009040,-3.850118777,7.749486007,2,63
2653,62,0.242105283,-1.855044217,9.166922180,1.134213288,-3.850996562,9.204909378,4,65
2654,62,-1.426479806,-0.358235184,2.730405620,-1.164589051,-1.361810640,3.291127157,3,64
2655,62,2.033799436,-1.664313998,6.583083447,2.678801431,-3.109849803,6.561480260,3,64
2656,62,1.377234943,-0.397312457,3.371983327,1.684081887,-1.346195227,3.689618602,18,84
2657,62,-1.352943839,-0.518304722,2.674740432,-1.089329167,-1.505185930,3.202200868,2,63
2658,62,0.458255380,-1.150379234,5.596347403,1.000648483,-2.526390580,5.810817854,9,74
2659,62,-1.301761132,-0.035773886,2.955897086,-1.034605609,-1.076550068,3.559666070,9,81
2660,62,0.579454081,-1.426918566,4.962692540,1.077036323,-2.681235962,5.130472781,2,63
2661,62,1.235950408,-1.599770936,6.887228610,1.909111262,-3.146168243,6.934965430,4,65
2662,62,-1.341687297,0.013484460,3.093535483,-1.064255740,-1.054344186,3.706610209,9,81
2663,62,2.738648923,-2.069866670,8.725103979,3.588572790,-3.838406814,8.534056871,5,66
2664,62,1.374687781,-0.292062445,3.486649706,1.687120210,-1.262757994,3.821001358,19,83
2665,62,1.709631020,-1.653501569,7.302444160,2.419756394,-3.243062868,7.294850463,5,66
2666,62,2.840507082,1.569372617,8.799238056,3.536483881,-0.267569172,9.245631751,21,84
2667,62,2.274448651,-1.715034254,7.604967427,3.011405972,-3.322714903,7.535540899,7,68
2668,62,1.276436059,-0.109714996,3.598333335,1.591270618,-1.108651848,3.970805822,19,83
2669,62,1.859836817,-2.438655641,7.787292330,2.646883675,-4.090152704,7.618823388,20,84
2670,62,1.471014560,-1.375526283,6.701160041,2.116599827,-2.879596167,6.773564822,9,70
2671,62,1.623410323,-1.767411064,6.849763177,2.298697459,-3.281636143,6.837481585,2,63
2672,62,1.295798373,-0.105094829,3.605578060,1.610978704,-1.104224618,3.977187213,20,83
2673,62,1.422002163,-0.479449232,3.506299958,1.744189766,-1.447593525,3.803183294,21,84
2674,62,1.487882375,-0.513593706,3.508277537,1.811422232,-1.477619795,3.793793042,20,84
2677,63,0.076632676,-1.529135054,6.171848280,0.679159694,-2.934843308,6.365962063,5,69
2678,63,0.200406421,0.134924135,2.567370108,0.414184420,-0.722825740,3.077582188,14,81
2682,63,1.492485503,-0.517328040,3.482402735,1.808226685,-1.437719809,3.768783024,20,84
2683,63,1.869037703,-0.269519554,3.801410575,2.200794804,-1.222437322,4.092063597,11,77
2684,63,1.317931479,-0.510115310,3.515140354,1.637100169,-1.445395400,3.816213853,17,83
2686,63,1.629560201,-0.157662114,3.580751936,1.938284731,-1.090851347,3.912270971,20,83
2687,63,-0.068317666,-1.479273093,7.901933749,0.685701644,-3.164505226,8.087561655,3,67
2688,63,1.370076526,-0.342296828,3.490449050,1.679790812,-1.273154338,3.814685729,20,83
2689,63,1.495037166,-0.459342026,3.516874228,1.811385785,-1.385793093,3.811804052,17,84
2690,63,1.625022131,-0.145640746,3.565581860,1.931924802,-1.076873527,3.899645186,18,83
2691,63,1.532607155,-0.076099931,3.278520530,1.811675532,-0.968481124,3.635880405,17,81
2692,63,1.877855818,0.654749902,5.744880961,2.342633884,-0.614715598,6.151671548,18,83
2693,63,1.412280282,-0.154341408,3.598423327,1.723468537,-1.102372094,3.947698972,20,83
2694,63,1.320323284,-0.532781918,3.475768474,1.636949817,-1.461452188,3.773648636,19,84
2695,63,1.353176443,-0.147832947,3.621499036,1.666414692,-1.102838135,3.976207811,18,83
2696,63,1.298423540,-0.303714834,3.519225872,1.609409579,-1.243579152,3.854967444,18,82
2697,63,1.328283284,-0.159639633,3.580112869,1.638477663,-1.109381019,3.935604917,16,83
2698,63,1.349434578,-0.169578258,3.562531034,1.658389835,-1.115258650,3.915007993,17,83
2699,63,1.355014490,-0.614960338,3.502397421,1.677266833,-1.544737586,3.783844408,20,84
2700,63,-1.505355351,-0.191838634,2.955619274,-1.235421454,-1.200261438,3.544476353,7,71
2701,63,1.174860249,-0.139018367,3.595677952,1.486302282,-1.099976314,3.966594287,19,83
2703,63,1.419308305,-0.524698046,3.321699839,1.721507521,-1.423884330,3.615410908,16,84
2704,63,1.350626298,-0.167491806,3.567727576,1.659947743,-1.113948584,3.920359084,19,83
2705,63,1.420801817,-0.154297513,3.602286024,1.732288743,-1.102461650,3.950819045,18,83
2706,63,1.373773605,-0.290782030,3.574848280,1.688772656,-1.235360699,3.905689246,19,83
2707,63,1.458089169,-0.530977097,3.444967938,1.771258287,-1.447224118,3.732537001,18,84
2708,63,1.664569600,-0.150004437,3.571414063,1.971980765,-1.079900085,3.901494094,18,83
2709,63,1.512440565,-0.501340493,3.510429910,1.829893815,-1.425236424,3.797314222,19,83
2710,63,1.543543090,-0.103746031,3.273558731,1.823277497,-0.994361405,3.625676170,18,81
2712,63,0.259583027,-0.940056360,3.660176258,0.614630903,-1.950664804,3.975102470,4,69
2713,63,0.542899225,-2.129369720,9.845818426,1.492971541,-4.076012540,9.846074970,6,69
2714,63,1.208610136,-1.554499961,7.372672818,1.912889260,-3.085149091,7.451924977,16,78
2715,63,1.329643775,-1.723568061,6.775238609,1.987623778,-3.151654614,6.827303039,3,65
2716,63,1.684204877,-0.729190956,3.758141564,2.032259679,-1.679188881,3.990539692,14,85
2717,63,-0.243075903,-2.428859896,9.125772971,0.659666027,-4.302152700,9.152980985,19,85
2718,63,1.608497454,-0.172203018,3.564287772,1.916476486,-1.103779428,3.895436153,18,83
2720,63,0.699678732,-2.120438716,8.955878555,1.569983838,-3.919225127,8.959429966,4,66
2721,63,1.360241445,-0.167253034,3.571413117,1.669832511,-1.113757691,3.923248062,20,83
2722,63,2.836329965,-1.176726417,4.778830210,3.287788466,-2.216493999,4.829846665,2,64
2723,63,-1.429322895,-0.167616782,3.135177354,-1.144899708,-1.200272254,3.718874031,5,73
2724,63,1.532734294,-0.084770475,3.279626871,1.812262660,-0.977197461,3.635565381,16,81
2725,63,1.359489805,-1.892418050,6.481193739,1.998408417,-3.270482428,6.508512932,24,93
2726,63,1.687412383,-1.809230759,7.052679425,2.371779736,-3.259748451,7.057628468,3,65
2728,63,1.588621777,-1.894171279,6.632303358,2.239869134,-3.283178757,6.638413574,4,67
2729,63,1.932038200,-1.881140885,6.855178707,2.600789862,-3.286202856,6.832075998,5,67
2730,63,2.292399029,-0.897817349,6.179388019,2.858556980,-2.190796327,6.296241315,16,84
2731,63,1.625159248,-0.145668947,3.565802098,1.932081904,-1.076928219,3.899846256,20,83
2732,63,1.672792102,-1.719880847,6.912859951,2.341134944,-3.150562414,6.935620474,4,66
2733,63,0.271630659,-1.384331619,6.383792911,0.885892954,-2.814429238,6.582005082,6,72
2734,63,0.384783981,-2.147685540,9.171652623,1.276805630,-3.997302036,9.192689643,3,68
2735,63,-2.250235031,-1.923821713,7.800919699,-1.476084632,-3.707870021,8.092610889,3,65
2738,64,2.647284597,0.974318576,8.120485526,3.295969617,-0.294434877,8.454009704,19,84
2739,64,-0.233375962,-1.080792089,3.903007632,0.144138339,-2.010650093,4.279160028,2,65
2740,64,1.867918775,-1.967470518,6.796139465,2.514050861,-3.108343025,6.877319931,5,68
2741,64,-0.126763526,-4.045948760,10.674936693,0.932227921,-5.681604701,10.648269117,17,83
2742,64,1.773991366,-0.610376875,3.575730660,2.098147924,-1.417199274,3.846046940,18,83
2743,64,1.321633675,-0.277354865,3.587119622,1.636629957,-1.108190147,3.930754522,16,83
2744,64,1.394612789,-0.647201432,3.454722943,1.711452677,-1.457895349,3.752571619,18,83
2745,64,-0.798707314,0.105418696,2.292506601,-0.598373178,-0.684357085,2.861403829,4,79
2746,64,1.499986947,-0.579834699,3.517851475,1.819295228,-1.393032605,3.814134675,19,84
2747,64,-0.940607392,0.060600680,2.646498273,-0.708009881,-0.773508272,3.218455996,9,79
2748,64,0.569011729,-2.245141563,7.779265617,1.314151532,-3.549076784,7.924598838,3,66
2749,64,-0.798006928,0.079488767,2.304393369,-0.595728527,-0.711360138,2.870234911,7,81
2750,64,1.370154750,-0.516229144,3.452189445,1.682142735,-1.328658217,3.766608897,20,84
2751,64,1.389844430,-0.265389750,3.661577308,1.710434392,-1.101254669,4.000357846,18,83
2753,64,1.324107547,-1.800737274,6.533290394,1.944220146,-2.939018931,6.679222558,2,65
2755,64,1.253338258,-1.970806591,6.855573521,1.907254614,-3.145914785,6.985206109,3,66
2756,64,1.510512649,-0.277000860,3.620487877,1.827522002,-1.102883682,3.948668233,19,83
2757,64,-0.900269789,-0.649009355,4.387217305,-0.494457711,-1.664318760,4.860445161,17,82
2758,64,1.390069974,-2.106846940,6.724056940,2.037168930,-3.260628251,6.828802013,2,65
2759,64,2.350735341,-2.038116011,7.892026969,3.090351189,-3.274928322,7.916165113,3,66
2760,64,1.271383372,-0.342627846,3.564183266,1.587010690,-1.172814887,3.904806446,18,83
2761,64,1.350468726,-0.312293417,3.496141003,1.658887381,-1.131761144,3.834430657,18,83
2762,64,1.402760479,-0.288747358,3.609359507,1.719710282,-1.118229705,3.944996244,18,83
2765,64,-1.592944818,-0.151854881,2.929108474,-1.325895561,-1.044563539,3.527157046,2,65
2766,64,1.204350405,-2.554739978,9.565662441,2.109562891,-4.020601258,9.608554142,9,86
2768,64,1.296130975,-2.015522421,6.805782076,1.947258826,-3.183009572,6.927469206,2,66
2769,64,0.351530760,-1.743907064,6.703065470,0.988138436,-2.944967825,6.931870991,8,72
2772,64,-1.259852455,-0.255526371,2.490617558,-1.027676151,-1.085097535,3.054510494,2,66
2773,64,1.633477246,-2.278463084,6.679254914,2.281949443,-3.415200750,6.745758256,18,85
2774,64,1.411392594,-0.271244777,3.620862455,1.728648007,-1.101698130,3.957645184,17,82
2775,64,2.330141274,-2.012339537,7.449766181,3.031386373,-3.202520859,7.482617589,3,66
2776,64,1.587887597,-0.658457797,3.517413527,1.909630086,-1.467085561,3.797884105,14,84
2777,64,-1.506904367,-0.311006936,2.779884618,-1.247122160,-1.182614829,3.354713756,6,72
2778,64,1.637884336,-0.278418040,3.581641903,1.951105830,-1.094327346,3.899797063,16,83
2779,64,-1.373077946,-0.349075927,2.811496235,-1.109806050,-1.217771617,3.371033675,2,65
2785,65,1.360750794,-0.314884015,3.603374578,1.673680468,-1.112522775,3.930540503,16,83
2786,65,1.495220145,-0.611121693,3.525190985,1.811439235,-1.393952445,3.813189299,18,84
2787,65,1.480330243,-0.568035868,3.459948612,1.789523300,-1.345608202,3.753883392,18,84
2788,65,2.258735327,-2.013654033,7.218770809,2.936227183,-3.103227024,7.278130395,12,79
2789,65,-1.014811890,-1.440173502,4.283435407,-0.593815179,-2.399170928,4.688865796,13,84
2791,65,-0.282711151,-1.196419610,3.951202479,0.098192055,-2.093593398,4.323469392,2,67
2792,65,1.338426929,-1.803890420,6.791027759,1.975951019,-2.894416451,6.949192300,15,85
2793,65,1.511360837,-0.600243590,3.526154995,1.827206654,-1.382520900,3.813891206,13,84
2803,66,2.370476790,0.848236240,8.004926045,2.996386138,-0.295190187,8.295319187,16,83
2806,66,0.367249110,-1.407766186,5.276130994,0.862605372,-2.393441547,5.539759101,3,70
2807,66,0.437564580,-2.765423910,9.239629201,1.326363383,-4.094825482,9.340774493,2,68
2808,66,0.484640574,-1.363104003,5.077133692,0.960668891,-2.325492630,5.336924480,5,71
2811,66,1.343517808,-0.716113412,3.490466340,1.653792410,-1.498109617,3.753006126,18,84
2812,66,1.364928345,-0.468771188,3.504925632,1.666141829,-1.252299981,3.788654025,16,83
2813,66,1.389851562,-0.680343657,3.532205321,1.702000539,-1.463992771,3.793999441,18,84
2814,66,1.501162641,-0.603733780,3.491427369,1.806177982,-1.378699508,3.751641555,16,84
2815,66,-0.892475555,-0.708618866,4.451799304,-0.490538128,-1.685794761,4.889009815,15,82
2816,66,1.393956489,-0.502937076,3.482128537,1.694505293,-1.282832814,3.760495394,17,83
2818,66,1.369690239,-0.471366803,3.544870933,1.674393650,-1.258219431,3.827665658,16,83
2819,66,1.516693469,-0.602002852,3.554923609,1.826979108,-1.381893631,3.813553476,14,84
2820,66,2.988542735,0.772251931,9.083230753,3.706706294,-0.436956570,9.308170479,16,84
2821,66,1.590144508,-0.716300442,3.484913651,1.898845872,-1.485752007,3.727477962,16,84
2822,66,-0.772357950,-0.662963845,4.173712449,-0.396541989,-1.609656701,4.607562412,15,82
2823,66,1.522904002,-0.435382733,3.552397600,1.826077183,-1.215610841,3.826060901,7,73
2824,66,0.144705489,-3.620130204,11.193570397,1.236579887,-5.134018298,11.223908240,13,89
2827,67,1.658910546,-0.295894240,3.631865369,1.963583043,-1.090222658,3.895684631,14,83
2828,67,1.398300952,-0.282492434,3.710892407,1.710487213,-1.095805491,3.996944564,16,83
2829,67,1.688333754,-0.495475358,4.223087478,2.051799628,-1.339360587,4.461714714,14,83
2830,67,-0.275107351,-2.216384786,8.900369980,0.568825891,-3.552604507,9.108858147,2,68
2831,67,1.365732494,-0.304345893,3.640793392,1.672824379,-1.112896246,3.928085526,16,83
2832,67,1.693348372,-1.818573074,6.392033783,2.295627087,-2.846086047,6.492790131,3,69
2834,67,1.386479219,-0.544427734,3.490051389,1.689611644,-1.337612074,3.754840461,16,83
2835,67,1.395904703,-0.486996896,3.490032716,1.696790657,-1.280028840,3.759287286,16,83
2836,67,2.606593816,-2.476921720,8.100401259,3.378158321,-3.609149297,8.052219583,2,68
2837,67,1.507384658,-0.305420272,3.652313628,1.814878544,-1.108463508,3.927672359,16,83
2838,67,1.638062301,-0.756679544,3.484727387,1.947738942,-1.536784683,3.709301550,13,85
2839,67,2.483936936,-1.978195067,7.414901250,3.177480370,-3.058349856,7.427694498,4,70
2840,67,1.282175787,-0.448351535,3.569242418,1.588961470,-1.253755008,3.850853980,15,83
2841,67,2.340145209,-2.278608626,7.701329919,3.070696784,-3.389036384,7.696412633,2,68
2842,67,1.667428243,-0.292564252,3.636042624,1.972296923,-1.086884064,3.899427827,16,83
2843,67,1.469193344,-1.868798454,6.673145441,2.098786873,-2.931043870,6.785754170,13,84
2844,67,1.378485175,-0.534150888,3.500313069,1.682149440,-1.328654026,3.766625589,15,84
2845,67,1.392371304,-0.679507778,3.534399370,1.704503263,-1.475648926,3.786019711,17,84
2846,67,2.033741662,-0.695856878,4.864401261,2.458951906,-1.579163019,5.051175961,16,85
2847,67,1.353055353,-0.338364287,3.529800162,1.651883288,-1.137588199,3.815883760,15,83
2852,68,-1.347588548,-0.562723679,2.777173675,-1.087034807,-1.440405055,3.320581337,3,71
2855,68,0.457849840,-1.692345559,5.743788940,1.038865885,-2.729246285,5.995631623,2,69
2858,68,2.785124136,-1.319695364,4.796209812,3.247477981,-2.159579190,4.877377613,3,70
2859,68,0.271889193,-4.706473749,11.695407892,1.548004093,-6.250803710,11.641933938,8,83
2861,68,2.633671318,-0.977369476,4.517547364,3.055886849,-1.802564474,4.645836989,8,79
2863,68,2.769478346,-1.058153320,4.726146689,3.214236131,-1.894091214,4.833004341,5,79
2864,68,1.332332084,-0.431054701,3.561132626,1.647485116,-1.242045554,3.865519178,14,83
2866,68,4.077341503,1.778141249,8.950508730,4.798305920,0.629675245,9.159854619,2,72
2867,68,2.910436231,-1.092348734,4.664693825,3.350008070,-1.915720057,4.756107788,6,79
2868,68,0.540036237,-2.827974759,9.356430120,1.512722094,-4.166531419,9.467987641,13,93
2869,68,2.821493565,-1.165946727,4.726807943,3.270566175,-1.998783962,4.819155382,4,79
2870,68,1.499879447,-0.299535435,3.627236780,1.814888366,-1.108446425,3.927701327,15,83
2871,68,-0.534051146,-1.749565606,7.336562392,0.206586518,-2.973447355,7.660487731,3,74
2872,68,2.760293051,-1.244198346,4.825280331,3.222376740,-2.088216052,4.915307915,3,70
2875,68,1.510058306,-0.649194872,3.523002835,1.829786916,-1.446859509,3.791743010,15,84
2876,68,-1.404729035,-0.103808359,2.924740729,-1.149105491,-0.999382630,3.513689578,2,69
2877,68,-1.990307575,-0.393578932,3.939563189,-1.622578055,-1.404684406,4.547269781,2,71
2878,68,1.647944538,-0.791812937,3.433758114,1.964416274,-1.574127792,3.677747986,11,85
2880,68,1.457086854,-0.656622857,3.466344774,1.772015849,-1.452032730,3.739713912,15,83
2881,68,2.308719688,-2.204293110,7.832411694,3.100278781,-3.325514723,7.851755357,2,69
2882,68,2.208863638,-2.022796868,7.411900978,2.953249380,-3.113698408,7.460274090,3,70
2883,68,1.504170939,-0.611619914,3.534350233,1.823432392,-1.410747073,3.806935576,15,84
2884,68,1.384461781,-0.589707919,3.378530121,1.688600798,-1.381537888,3.665310753,14,84
2885,68,1.522588997,-0.600896555,3.551880221,1.842969962,-1.400661287,3.823611187,13,84
2887,68,0.322913415,-1.377700373,6.179859241,0.932990970,-2.460563955,6.468883191,3,71
2889,68,1.520532382,-0.625694187,3.530310966,1.839911892,-1.423578945,3.800163070,14,84
2890,68,2.220543374,0.667951919,7.584315845,2.868099305,-0.450671517,7.873831316,16,84
2891,68,1.602560198,-1.843040941,6.408422517,2.247036117,-2.878852854,6.536696552,2,69
2892,68,-0.979256284,-4.546729162,9.702721549,0.107013147,-5.983052520,9.794358070,14,83
2893,68,1.378291320,-0.458935913,3.518350676,1.690289406,-1.263784824,3.816375456,14,83
2895,68,0.268462475,-1.671067168,6.112425077,0.884750811,-2.749392638,6.380411578,5,74
2896,68,-0.169112932,-0.020100463,2.704904853,0.055310646,-0.834924221,3.190553106,10,81
2897,68,1.292540783,-0.520397320,3.478830300,1.603824328,-1.325849506,3.779439230,14,84
2898,68,2.478771135,-1.140648627,4.945003638,2.949442098,-2.009680948,5.069092579,10,79
2899,68,1.274540395,-0.649132823,3.504602397,1.593794302,-1.457070074,3.794982903,16,84
2900,68,1.702923652,-1.726095736,6.692697065,2.369029267,-2.781947632,6.820048050,16,84
2901,68,0.433367793,-1.462777479,5.205368189,0.953539227,-2.455637358,5.484695916,4,71
2902,68,-0.921551641,-0.642430967,4.451231330,-0.500399413,-1.642593479,4.934678140,14,82
2903,68,0.090765563,-1.429885519,3.772679640,0.474860201,-2.316639217,4.098117194,8,75
2905,68,0.494428255,-1.259245704,4.626607846,0.950539889,-2.200149500,4.923595162,3,70
2906,68,1.928152173,-0.962065167,3.629022220,2.268873182,-1.746255342,3.830418576,10,79
2907,68,1.455977354,-0.643236356,3.541774619,1.777538857,-1.445272267,3.815831475,16,84
2908,68,2.569413578,-1.136393273,4.774218429,3.023133722,-1.986158387,4.891841396,11,79
2909,68,1.186694549,-0.764537089,3.424701029,1.503665761,-1.569432076,3.713307372,16,85
2910,68,1.622636310,-0.275686495,3.600316476,1.933407899,-1.076214669,3.891966799,13,83
2911,68,1.369186448,-1.903981365,6.765877643,2.051567274,-2.982057998,6.906955703,11,79
2923,69,0.115055117,-0.946989316,3.074442645,0.406787861,-1.737608692,3.451686943,2,70
2924,69,0.419591885,2.953216844,8.754200605,0.989402719,1.770074959,9.361062252,2,72
2933,69,0.481432286,-2.913573863,10.020113210,1.520215319,-4.153219993,10.172485105,3,71
2938,69,-1.209387453,-0.050449724,2.970629805,-0.973345264,-0.926556753,3.530018135,7,81
2939,69,0.433080608,-2.929282605,9.814420063,1.454431202,-4.157793027,9.971125085,2,70
2940,69,0.415582348,-2.864694261,9.752809957,1.427543138,-4.090393694,9.916279754,2,70
2943,69,2.850473671,-1.315645760,4.703264608,3.296010505,-2.034906457,4.806489430,7,79
2945,69,1.551861638,-0.823156296,3.489598459,1.865228606,-1.547168146,3.749654956,10,85
2946,69,1.511335929,-0.677026215,3.534711187,1.820210763,-1.407562666,3.808944041,14,84
2947,69,1.410596770,-0.631473107,3.485752151,1.712876354,-1.365552804,3.772407112,15,84
2948,70,1.077042645,-0.671838466,3.418767044,1.365211328,-1.385559955,3.734811172,13,84
2949,70,0.090556633,-0.814324883,3.243930366,0.380146284,-1.593529268,3.632730231,2,72
2950,70,0.891862993,-1.448667446,5.709325095,1.435378988,-2.304331067,5.978769080,9,79
2951,70,1.474111087,-0.765017844,3.472160277,1.771090568,-1.450711700,3.749435602,13,84
2952,71,1.522748338,1.609527036,6.332136850,1.835707140,0.845106256,6.699526635,2,73
2975,72,-1.313592238,-0.174533933,2.914185488,-1.109561562,-1.045409204,3.438025992,5,81
2978,72,1.259370811,-2.312742086,6.763751140,1.963560996,-3.060678636,6.974385071,8,80
2984,72,-1.755527883,-0.321067106,3.386568621,-1.495056095,-1.251420213,3.936903070,2,73
2985,72,-0.267372511,-5.215485979,10.704585644,1.049068702,-6.239697354,10.891601902,10,88
2987,72,-1.315796457,-0.156719374,2.927813871,-1.112299751,-1.028401323,3.452558171,6,81
2988,72,2.229876817,-1.938111098,6.051100550,2.832031953,-2.567508107,6.204552507,9,84
2991,73,3.171482104,1.509812831,6.306434874,3.461319438,0.921766654,6.541810106,3,77
2992,73,3.360010986,1.531965106,6.667523371,3.675591791,0.948282165,6.887935881,2,75
2996,73,3.966454710,1.733951218,7.501355542,4.325936406,1.176214070,7.680997920,2,75
2997,73,1.595229520,-1.116717948,3.820047092,1.943170580,-1.748290548,4.065647970,8,81
2998,73,1.448851846,-0.706684864,3.549769478,1.737350064,-1.344393791,3.826673356,11,84
2999,73,1.521194380,-0.739770744,3.490872331,1.807471366,-1.367963606,3.760912741,11,84
3000,73,1.035918312,-1.944710799,7.315836776,1.749868389,-2.761080940,7.552170104,7,80
3002,73,1.533938834,-0.776858361,3.544123728,1.827933240,-1.405655013,3.811254507,12,84
3003,73,1.308586432,-0.790956150,3.527283050,1.604293124,-1.441026693,3.811194075,10,84
3004,73,-0.269046005,-4.604079345,10.377126578,0.954084510,-5.651177511,10.578841214,11,85
3005,73,1.414871758,-0.718527433,3.396312090,1.692300011,-1.353572453,3.675907618,12,84
3006,73,1.406916263,-0.749285167,3.404549623,1.687973959,-1.385254534,3.683304652,12,84
3007,73,1.331348915,-0.791368901,3.545926550,1.628430346,-1.439933605,3.827989334,9,82
3008,73,2.504604085,0.415414401,8.423891092,3.074572826,-0.313323166,8.651557780,11,84
3010,73,1.358101057,-0.680454477,3.453752923,1.637041385,-1.323466702,3.739248282,10,83
3011,73,-0.881648839,-0.754593058,4.460263604,-0.496671153,-1.654662946,4.910836830,9,82
3012,73,-1.580565705,-0.388916098,3.215913068,-1.325587005,-1.311269781,3.742251222,2,77
3013,73,-1.273875358,-0.185787262,3.257329958,-1.037065458,-1.080917749,3.769249569,6,81
3014,73,1.471150487,-0.671404241,3.553805997,1.756477358,-1.307286674,3.830604470,11,83
3015,73,-1.278703765,-0.293331831,3.125125432,-1.042444622,-1.183243006,3.632985887,5,81
3016,73,-1.397013622,-0.150882919,2.998164243,-1.183564221,-1.048237017,3.522230754,5,81
3018,73,-1.420201422,-0.368762477,2.740890221,-1.206906569,-1.257258619,3.257723281,3,78
3019,73,-1.254702700,-0.191303693,3.048568540,-1.034458641,-1.076483926,3.559600107,6,81
3020,73,-1.288754093,-0.337560473,3.000189869,-1.058383858,-1.223392136,3.507287579,6,81
3021,73,1.313806334,-0.828351726,3.520940576,1.612482996,-1.477461569,3.802748407,11,84
3022,73,-1.266190695,-0.708828782,2.907304619,-1.008534143,-1.586825856,3.395896955,5,81
3023,73,-1.462117895,-0.347595660,3.005305380,-1.229040655,-1.250494481,3.525276509,2,77
3024,73,1.430207778,-0.686995093,3.536644686,1.715929883,-1.326127021,3.815947244,11,84
3025,73,1.477862098,-0.819148523,3.479716949,1.771052970,-1.450703344,3.749476080,12,84
3026,73,1.415301856,-0.826159242,3.478180601,1.709514669,-1.463723820,3.752442423,12,84
3027,73,1.654633950,-2.978434311,7.595596802,2.483920654,-3.739474343,7.735398476,10,84
3028,73,1.321078418,-0.795777130,3.502581168,1.615138483,-1.443649176,3.785406959,12,84
3029,73,3.468440711,0.409882795,10.443005457,4.195259926,-0.302564468,10.587992424,13,85
3030,73,1.291317928,-0.683949317,3.448151683,1.570651774,-1.333246291,3.738653869,10,83
3031,73,1.097479420,-2.045510211,7.743961146,1.855187397,-2.871817996,7.969166482,8,80
3032,73,1.340216249,-0.820651756,3.489548389,1.635415155,-1.466015551,3.769803797,11,84
3033,73,2.594562055,0.698905897,9.067184822,3.189300158,-0.047414805,9.298409440,11,84
3034,73,1.422542443,-0.727680154,3.484984398,1.707967972,-1.365344139,3.763207861,12,84
3035,73,1.485733157,-0.556629455,4.379448847,1.827112714,-1.223551599,4.657085629,11,83
3037,73,2.911221133,0.776068815,9.972172386,3.569649322,0.025348857,10.178903359,11,84
3038,73,1.428198136,-0.737684737,3.464667010,1.712874463,-1.373958038,3.742074902,11,84
3039,73,-0.442999203,-1.919767168,7.073854024,0.260449826,-2.871332081,7.426265846,2,74
3040,73,2.669257118,0.345626276,8.505235351,3.251125528,-0.369786721,8.716664632,13,85
3041,73,1.516122959,-0.793569090,3.530303355,1.810709657,-1.423479991,3.798091115,11,83
3042,73,1.366576216,-3.599724133,9.828288433,2.437804995,-4.471527537,9.952572733,11,87
3043,73,1.250905279,-0.795268874,3.498695697,1.545147035,-1.449844891,3.786967408,11,83
3044,73,1.168683599,-2.642518565,7.054841590,1.926206500,-3.432010541,7.249781070,7,79
3045,73,1.339342905,-0.795290564,3.483058029,1.631631367,-1.440629511,3.764577952,12,84
3046,73,1.372646455,-0.719357747,3.386874597,1.649715149,-1.358156781,3.669723339,10,82
3051,74,3.024743358,1.820606330,7.889523027,3.471392636,1.072425547,8.132343168,2,77
3053,74,1.535870592,-0.789320791,3.548848620,1.839122794,-1.464495456,3.799948566,10,84
3054,74,3.318913894,1.080336841,11.225208391,4.108683495,0.215403293,11.391285526,10,83
3056,74,1.511694972,-0.786298434,3.545237654,1.814560737,-1.463422734,3.798469056,11,84
3057,74,1.477674086,-0.669989679,3.478119149,1.765453673,-1.347675796,3.740321113,9,84
3058,74,2.555686702,-1.354657220,4.707283984,2.997090277,-1.989474958,4.841634939,6,79
3060,74,1.334945671,-0.763801279,3.542760389,1.636990023,-1.456226365,3.811485509,10,84
3063,74,2.309472540,-1.765595031,6.834191522,2.967674670,-2.512701830,6.957904141,7,86
3064,74,1.339658724,-0.772861490,3.495007055,1.638352447,-1.462749830,3.763109179,9,84
3065,74,1.310287427,-0.781245439,3.535676406,1.613344356,-1.475413772,3.805549487,10,84
3066,74,1.200142051,-0.753274352,3.380276258,1.488433753,-1.450322642,3.661218729,10,84
3067,74,2.820480782,0.576627457,9.351264070,3.495836516,-0.247227747,9.540821495,11,84
3068,74,1.834298089,-0.320311921,5.653081496,2.275853091,-1.063777458,5.894110935,10,83
3069,74,1.960972124,-1.098403047,3.640484646,2.294565806,-1.739318512,3.840988359,5,79
3070,74,1.390070963,-0.759502313,3.548423761,1.691852840,-1.447422301,3.812868406,10,84
3071,74,1.363214565,-2.278163686,6.305713705,2.025461114,-3.081696450,6.482616519,8,85
3072,74,-0.932735026,0.076384476,2.523859267,-0.770858678,-0.771828356,3.023887047,7,81
3073,74,-1.285697254,-0.309766496,2.980441051,-1.050539882,-1.206663436,3.487415591,6,81
3075,74,1.004204272,-3.117012749,9.120733420,1.977998876,-4.070642092,9.271276769,7,87
3077,74,1.212438992,-0.758817650,3.308880650,1.495022786,-1.451656404,3.588871776,8,81
3080,74,1.408636791,-0.716242344,3.385758079,1.692862070,-1.395653149,3.651638212,11,84
3081,74,-0.881310918,0.022912912,2.674508527,-0.702551709,-0.827176332,3.166959077,6,81
3082,74,2.141278436,0.065957870,6.645796318,2.633270764,-0.696114158,6.876964080,10,84
3083,74,2.378390763,-2.494507934,7.305989084,3.136514431,-3.252821553,7.384955207,8,84
3084,74,1.397613556,-0.690962471,3.402039013,1.681213892,-1.372158011,3.670021653,10,84
3085,74,1.509851586,-0.730705108,3.548201504,1.808388590,-1.408380503,3.804390004,11,84
3086,74,1.449489183,-2.399758008,6.410315173,2.130081118,-3.199817263,6.573567519,12,86
3087,74,1.140357509,-3.813438058,10.030491541,2.248204993,-4.791737351,10.130471763,8,83
3088,74,1.445852376,-0.637040933,3.517237333,1.734464732,-1.319346252,3.783513658,9,84
3089,74,0.636531949,-3.878199073,8.800358468,1.648548269,-4.846079066,8.943576505,9,84
3090,75,3.672179806,1.885674079,7.468716475,4.157309919,1.151065203,7.643576652,2,78
3092,75,2.319642559,-2.449888681,7.448593469,3.107843824,-3.266276710,7.531426165,6,80
3095,75,2.232028955,-3.004744068,7.609530471,3.073612281,-3.832391394,7.672080806,7,84
3096,75,2.360342786,-2.911493295,7.615217656,3.195234797,-3.730416330,7.670839860,5,79
3097,75,1.917191573,-2.526282170,6.671484852,2.641214467,-3.338352944,6.790641024,5,79
3099,75,2.354810959,-2.538683849,7.740454150,3.175906870,-3.364681086,7.814247761,5,79
3100,75,2.277807215,-2.484497821,7.450667403,3.068841494,-3.303883269,7.535531612,5,79
3101,75,2.136258015,-2.607996784,7.070125290,2.901371811,-3.420939359,7.163574295,5,79
3102,75,0.073272106,-3.094793822,9.129804139,1.076354868,-4.143516961,9.373179224,17,96
3103,75,1.214277064,-0.714051462,3.426483339,1.518329580,-1.444809239,3.714616719,10,84
3104,75,1.383645852,-0.617369463,3.475931842,1.684558217,-1.338310278,3.753402813,8,83
3105,75,1.419863393,-0.649243619,3.511146473,1.725976373,-1.368951911,3.783624811,10,84
3106,75,1.314473133,-0.735772473,3.526914661,1.628655905,-1.463484667,3.804487935,9,84
3107,75,-1.324033702,-0.159557648,2.925637530,-1.087393909,-1.054808952,3.470821026,7,81
3108,75,1.293633616,-0.726459475,3.530380312,1.607640733,-1.455862855,3.810258434,8,84
3109,75,1.527342364,-0.622262017,3.472742850,1.827337035,-1.332636675,3.737129715,10,84
3110,75,1.283877139,-0.715307068,3.517331506,1.595977745,-1.444899327,3.798699361,9,84
3111,75,1.275150754,-0.719110001,3.510908958,1.586973358,-1.449046651,3.792904369,8,83
3112,75,1.428043866,-0.591458623,3.528800957,1.731795397,-1.311533419,3.803296172,8,84
3113,75,1.920786792,0.138606112,6.345784560,2.432678008,-0.668732061,6.597353563,7,81
3114,75,3.467210829,0.397044108,9.107064385,4.207259000,-0.417153368,9.218508698,11,85
3115,75,1.321884416,-0.743016282,3.511435443,1.635076776,-1.469504275,3.788070176,9,84
3116,75,1.316614595,-0.715365558,3.554035982,1.631905439,-1.444153913,3.832279238,7,83
3117,75,1.242043325,-0.589295669,3.439342424,1.538588030,-1.319033193,3.731057847,7,81
3118,75,-0.233166447,-3.474905826,6.983618405,0.598860650,-4.452771886,7.246946972,8,89
3124,76,-1.418494460,-0.083136048,2.725427984,-1.189721089,-0.993585804,3.291333496,3,79
3125,76,2.880269121,-1.391322725,4.896379994,3.370034397,-2.127892539,4.972324714,4,79
3126,76,1.382143826,-2.006191511,6.770921814,2.101757262,-2.916752509,6.948564354,3,79
3127,76,2.918456400,-1.295710622,4.792582628,3.392257455,-2.025597125,4.870267771,4,79
3129,76,1.242465931,-0.528424549,3.493847020,1.555166514,-1.306821091,3.778093774,2,79
3130,76,2.191172671,-2.550084086,7.154443508,2.974499476,-3.425947662,7.225109140,4,79
3131,76,-1.373002669,-0.081611104,2.949153350,-1.122554643,-0.999154255,3.509467696,6,81
3132,76,0.074290502,-2.264420011,5.824319981,0.723907146,-3.213309257,6.119830103,6,84
3133,76,-0.963016984,0.045080517,2.660725839,-0.750944969,-0.834670099,3.189810581,6,81
3134,76,1.412368755,-0.543863711,3.565374442,1.731898208,-1.314860986,3.832156499,9,84
3135,76,1.454895417,-0.693723839,3.477143495,1.774038476,-1.457745978,3.732862232,9,84
3136,76,1.384817772,-0.567829159,3.493697744,1.698833590,-1.337289326,3.762337812,8,84
3137,76,1.362151988,-0.582388143,3.424280483,1.670305859,-1.350136017,3.694768670,7,82
3138,76,-0.983577280,0.070538005,2.693430715,-0.769605780,-0.812007834,3.225568297,6,81
3139,76,1.571616141,-2.780379244,7.176297225,2.374341656,-3.694909399,7.294635491,8,84
3140,76,1.325526505,-2.150749366,6.260851255,2.003503918,-3.041812037,6.439662728,8,84
3141,76,2.540910902,0.596579285,8.562620942,3.280421641,-0.329109008,8.749173725,10,85
3142,76,-0.166102504,0.090151108,2.567934831,0.029036958,-0.736271210,3.023497412,6,81
3143,76,-0.234315228,-2.594636510,8.584308153,0.708373983,-3.683885572,8.876663757,14,99
3144,76,-1.370137165,-0.471195594,2.850049853,-1.107146920,-1.383042618,3.391154062,6,81
3145,76,0.475901741,-3.069164239,8.300948289,1.413219553,-4.100508031,8.503172163,11,92
3146,76,-0.343434854,-2.969494982,8.680372909,0.630926371,-4.068667232,8.963837983,19,99
3147,76,-1.392126977,-0.414904817,2.755892933,-1.141503728,-1.324107866,3.302474676,5,81
3148,76,-0.086943989,0.034188183,2.658290863,0.119795884,-0.791170482,3.102939335,6,81
3149,76,-1.334667829,-0.114260266,2.903575140,-1.087092304,-1.027316593,3.458849456,6,81
3150,76,-1.439146313,-0.400122422,2.740648257,-1.190566734,-1.311605127,3.292563055,3,78
3154,77,-1.267138624,-0.288183295,2.894157030,-0.999917548,-1.214324530,3.432573933,5,81
3155,77,-1.325057011,-0.284632423,2.948895527,-1.052219211,-1.216670902,3.492760990,5,81
3156,77,2.835386809,-1.282701361,4.829989058,3.321716833,-2.057139546,4.909180134,3,79
3157,77,2.843165651,-1.305344204,4.844069495,3.332050733,-2.079917631,4.921256425,3,79
3158,77,1.599522204,-2.146628760,6.602524375,2.315799685,-3.072191995,6.745865337,3,79
3159,77,1.925652015,-2.199167199,7.023818266,2.684494574,-3.125074723,7.130413096,3,79
3160,77,1.422179902,-0.528475022,3.585879071,1.753769737,-1.329684291,3.847967834,7,84
3161,77,1.920854974,-2.657201781,7.239716226,2.725569672,-3.592082614,7.321847382,3,79
3162,77,0.197283111,1.095372072,6.402047481,0.729893787,0.088700479,6.849287333,2,78
3163,77,1.254516817,-2.332653008,6.401540517,1.962938845,-3.268470468,6.569819213,7,93
3164,77,-1.461442317,-0.236045814,2.926239539,-1.192573835,-1.175093169,3.485921706,4,80
3165,77,1.264394386,-0.690034934,3.521754909,1.599226189,-1.497005011,3.791136057,7,84
3166,77,-0.377402252,0.607352418,4.073640073,-0.046401242,-0.323977229,4.565218454,3,79
3167,77,1.268881673,-0.525788702,3.491088239,1.591890180,-1.331536244,3.768693346,6,83
3168,77,2.359140469,-2.852692316,7.721036800,3.219282236,-3.783779057,7.747852777,3,79
3169,77,1.626947758,-2.099003102,6.688497442,2.349052828,-3.027069348,6.831129091,3,79
3170,77,-1.443254474,-0.267652511,3.048813320,-1.160643814,-1.211208952,3.604371006,4,81
3171,77,-1.452110921,-0.589559322,2.731334001,-1.183830326,-1.518103858,3.273050235,3,79
3172,77,-1.454160566,-0.248706667,2.913431413,-1.185936236,-1.186705694,3.471834096,3,79
3173,77,-1.308562068,-0.434654560,2.902245712,-1.032471691,-1.363170995,3.437059209,5,81
3174,77,-1.329097828,-0.113206501,2.935491262,-1.066696855,-1.045333459,3.488671013,5,81
3175,77,-1.404292449,-0.278996277,2.923686460,-1.133753873,-1.214488981,3.475647954,4,81
3176,78,-1.859525336,1.265277860,6.218528718,-1.318291007,0.118174245,6.874473044,2,79
3179,78,-1.327109612,-0.243992667,2.935506518,-1.046700045,-1.199692892,3.479025600,4,81
3180,78,-1.586060726,-0.087787395,2.956488871,-1.309535524,-1.058884805,3.533675568,2,79
3181,78,-1.575717786,-0.072148323,2.961683747,-1.299497928,-1.042979880,3.538657910,2,79
3184,78,-1.389001725,-0.374582938,2.823321038,-1.113138677,-1.327856237,3.366641881,4,81
3185,78,-1.386576605,-0.367687014,2.799261118,-1.113493248,-1.319684461,3.342863507,4,81
3186,78,-1.345240983,-0.714661401,2.669245151,-1.068579350,-1.657231441,3.191045231,3,81
3187,78,-1.398183469,-0.237782606,2.897836320,-1.121429930,-1.195513053,3.448907910,3,81
3188,78,-1.386489094,-0.413307914,2.813495234,-1.109740775,-1.365868876,3.354559788,4,81
3190,78,-1.431662839,-0.393673367,2.853300725,-1.151573303,-1.350647689,3.399604375,4,81
3191,78,-1.422866908,-0.409770962,2.824834475,-1.144918114,-1.364852247,3.369591588,4,81
3192,78,-1.400942716,-0.049180943,2.934889713,-1.129650166,-1.009347110,3.496086549,4,81
3193,78,-1.351471328,-0.718984823,2.663232331,-1.075165777,-1.661589002,3.185451144,3,81
3196,78,2.423203397,-1.187884893,4.706124826,2.904738168,-2.024343076,4.819532037,2,79
3197,78,-0.293441357,-4.330176727,10.296641219,0.922805199,-5.575221504,10.473843165,6,85
3198,78,1.867346677,-2.427830631,6.709808587,2.615131715,-3.387886530,6.798943085,2,79
3199,78,-1.444326986,-0.399563828,2.839527877,-1.165259310,-1.356540185,3.386847369,4,81
3200,78,0.965691440,-2.975836603,8.887671593,1.965665260,-4.088387139,9.022425084,4,86
3201,78,-1.353750858,-0.575035774,2.839470560,-1.066684823,-1.526661005,3.368505637,4,81
3202,78,-1.396167830,-0.229282582,2.847141114,-1.124957030,-1.184475870,3.398787483,3,81
3203,78,1.103952464,-3.423010542,8.573636024,2.093224447,-4.511744539,8.672859431,4,83
3204,78,-1.004390084,-3.868641599,12.893312036,0.455761868,-5.278789914,13.148756422,14,99
3206,78,-1.610272965,-2.757141167,10.193234689,-0.473030762,-4.072373534,10.584609640,21,100
3207,78,1.902922051,-1.061122018,5.503276321,2.461966381,-1.964522769,5.669583027,6,83
3208,78,-1.445117449,-0.199300728,2.838085296,-1.175976917,-1.156776223,3.396201912,3,80
3209,78,-1.342138574,-0.243280890,2.840098303,-1.071294811,-1.195181638,3.385731173,3,81
3210,78,0.033928745,-4.948564537,9.992950483,1.247692124,-6.159639100,10.106818247,4,88
3211,78,-1.385612271,-0.440350660,2.789116926,-1.110007469,-1.391614742,3.328802069,3,81
3212,78,-1.341701330,-0.275930191,2.920576022,-1.061145384,-1.231612052,3.463914581,4,81
3213,78,-1.397402974,-0.237222227,2.965714794,-1.113833467,-1.198193451,3.516313545,4,81
3214,78,1.305648425,-0.590162878,3.544457592,1.647816846,-1.432334345,3.806938369,5,84
3215,78,-1.426618517,-0.245141613,2.846597484,-1.154495613,-1.201909995,3.400391264,3,81
3216,78,-1.351973126,-0.097268707,3.009447327,-1.071117134,-1.058270537,3.562792426,4,81
3217,78,-0.116385306,-4.894095844,10.022352179,1.098630087,-6.114845476,10.153718703,6,86
3218,78,0.957125787,-3.820384084,11.278233864,2.239609779,-5.046743472,11.353654230,7,90
3219,78,-1.416761410,-0.254248321,2.852927685,-1.143616951,-1.210766926,3.405226099,4,81
3220,78,1.468747611,-0.609420990,3.545053848,1.810889234,-1.442770232,3.790474369,7,84
3221,78,-1.358805669,-0.065438987,3.034939065,-1.076890217,-1.028125458,3.590497824,4,81
3222,78,-1.334709046,-0.274664997,2.879008737,-1.058452734,-1.227963427,3.421988824,4,81
3223,78,1.401212504,-2.177925128,6.204885732,2.088781444,-3.139379935,6.356358877,9,91
3224,78,2.640012126,-1.146378024,4.967286864,3.144500580,-1.983872025,5.059970252,3,80
3225,78,-1.340533177,-0.047445273,2.954380863,-1.067739764,-1.005298697,3.509612166,4,81
3226,78,1.463428761,-0.543345016,3.503010885,1.798133145,-1.375122413,3.752751830,7,84
3227,78,-1.316075633,-0.117064957,2.929456528,-1.042548786,-1.072210867,3.478717660,4,81
3228,78,0.510221518,-1.340401329,4.269669573,0.967233705,-2.258579360,4.565634539,3,80
3229,78,2.467285901,-2.887771224,7.900022117,3.353846856,-3.871785202,7.898134917,2,79
3230,78,-0.603323084,-0.633314768,3.928437006,-0.208273208,-1.596938964,4.373780084,5,82
3236,79,-1.356960992,-0.146115721,3.190472638,-1.047920283,-1.163711118,3.743262147,2,80
3237,79,0.449755315,-2.900826782,9.304606543,1.504889339,-4.158828779,9.465824815,8,93
3241,79,0.041713079,-4.668012112,12.364853706,1.496731906,-6.114022522,12.437643457,4,83
3242,79,0.567028671,-1.809378826,4.556956433,1.081761967,-2.797877699,4.805999858,3,83
3243,79,-1.375645722,-0.367797235,2.819734672,-1.094365028,-1.364900466,3.363388243,3,81
3244,79,-1.340474356,-0.067204439,2.920486797,-1.063010271,-1.069008820,3.478318907,3,81
3245,79,0.082991155,-3.231874542,9.992964841,1.226746273,-4.546784664,10.165876514,12,95
3246,79,-0.636147237,-0.622338064,4.023730146,-0.223781088,-1.647508357,4.469494262,4,82
3249,79,-1.340574387,-0.217041267,2.899251862,-1.058334226,-1.217215627,3.448071850,3,81
3250,79,-1.432951491,-0.321984164,2.821148707,-1.153286995,-1.322307732,3.373330530,3,81
3251,79,1.284334202,-0.541384564,3.564007911,1.633297729,-1.440257566,3.825714533,6,84
3253,79,-0.955915402,0.150712825,2.628104784,-0.721150190,-0.815149656,3.162806664,3,81
3254,79,-1.035372905,0.187437869,2.730042100,-0.791307423,-0.788424222,3.274238948,2,80
3255,79,0.961509390,-2.636627561,9.645751700,2.036223104,-3.887725813,9.769569925,10,93
3256,79,-1.313994268,-0.252373857,2.796344389,-1.040880417,-1.245271506,3.341052811,2,80
3257,79,-0.158305782,0.050375743,3.036626052,0.118086016,-0.896296287,3.482550431,3,81
3258,79,-1.350073433,-0.026188784,2.924113053,-1.074080267,-1.028821467,3.485390524,3,81
3259,79,1.085185560,-3.618553494,10.717798031,2.315137704,-4.920457672,10.761753991,9,89
3260,79,-1.351175209,-0.374944603,2.824821160,-1.069195261,-1.371028907,3.365553469,3,81
3261,79,-1.423257295,-0.006926175,2.931753103,-1.146903784,-1.013883055,3.501480127,2,81
3263,79,-1.351152838,-0.165574803,2.841133916,-1.077221631,-1.163192807,3.394563000,3,81
3264,79,-1.327559251,-0.064508529,2.981230995,-1.044047414,-1.069054288,3.537516318,3,81
3265,79,1.746538552,-2.863034158,7.841141030,2.640898904,-3.970962490,7.885003864,4,84
3267,79,-0.103796281,-2.295348113,6.478374063,0.635689650,-3.425480062,6.751546757,5,84
3268,79,2.166041715,-2.299014965,7.555976950,3.002140837,-3.370597078,7.594341271,5,84
3269,79,3.373340270,0.767263994,9.099109050,4.218150432,-0.336709589,9.193635023,6,84
3271,80,-0.330560837,-3.230897407,8.352862682,0.688204874,-4.607790717,8.611333271,4,84
3273,80,-0.217303663,0.190567055,3.124528174,0.088364695,-0.908904223,3.610017600,2,81
3274,80,-1.165624679,-3.518588953,10.030845942,0.047883819,-5.030426958,10.345430564,5,84
3275,80,-0.524785052,-3.033483567,10.048403917,0.662685031,-4.512765965,10.326522586,16,99
3276,80,-1.786875163,-2.649751572,8.887060766,-0.730924309,-4.136459894,9.323982633,17,100
3277,80,1.781350507,-2.198999577,6.736895184,2.567134921,-3.376883869,6.853259377,2,81
3278,80,0.171816760,-2.692257469,9.250468997,1.254739495,-4.091647195,9.483599123,11,95
3279,80,-2.275219611,-3.368795158,11.337182060,-0.925230570,-5.011828649,11.764182000,10,90
3280,80,-0.789304936,-0.779521231,3.845183759,-0.357385198,-1.946090008,4.326365207,6,90
3281,80,2.197296304,-1.387871670,6.584795873,2.924961812,-2.537286210,6.707969061,3,84
3282,80,1.634399054,-1.923767731,6.298495556,2.361998480,-3.086881953,6.449081865,6,88
3284,80,-0.324140070,-1.955337320,6.265489169,0.414585751,-3.223320723,6.613184539,14,99
3286,80,1.336469203,-3.182087905,10.187595352,2.533313936,-4.566986918,10.267087809,3,87
3287,80,1.313786334,-2.081557337,6.435360496,2.065487070,-3.269044810,6.608203721,6,86
3288,80,-1.460113485,-0.222308469,2.786202284,-1.161403658,-1.370095909,3.375735390,2,81
3289,80,-0.116594083,-2.812505400,8.726853419,0.919433216,-4.199088155,8.985764018,3,83
3290,80,1.283875555,-0.355988228,3.548627596,1.650425204,-1.394859817,3.846525880,4,84
3291,80,-1.393507775,-0.216036021,2.739013848,-1.100473079,-1.357673104,3.322485497,2,81
3292,80,-0.303394806,-2.597394625,8.700434436,0.720649990,-3.993368077,8.991204336,16,99
3293,80,-1.429457727,0.119861561,2.867641186,-1.139100129,-1.031641656,3.473733713,2,81
3294,80,-1.370058448,-0.207473345,2.895169631,-1.061293511,-1.356259192,3.475687263,2,81
3295,80,0.135464370,0.335931496,2.505153889,0.367047020,-0.711417404,2.967728158,2,81
3296,80,-1.620942889,-1.357880661,4.988509630,-1.035978138,-2.629587904,5.511969530,4,84
3297,80,0.145652192,0.397021546,2.383441584,0.361487263,-0.643403107,2.849436924,2,81
3298,80,1.419797168,-2.999085746,11.262852235,2.719441171,-4.437832449,11.337268391,4,85
3300,80,-1.409838406,-0.030610655,2.794194338,-1.119957167,-1.176651126,3.389906237,2,81
3301,80,0.214161361,-2.618694359,8.944105342,1.261237527,-3.999509260,9.179408948,12,95
3302,80,-1.635768437,-2.495948167,9.431101383,-0.531508695,-4.004143809,9.858018951,19,100
3303,80,-0.199665570,0.233892023,3.182990723,0.109880735,-0.867890668,3.668847636,2,81
3304,80,1.254087763,-0.416154403,3.516657702,1.620425745,-1.454752634,3.814242167,3,84
3305,80,-3.128733255,-1.945351999,7.928927849,-2.198159342,-3.455708424,8.550303514,3,83
3306,80,-0.855277469,-1.137254491,3.887258626,-0.401117999,-2.308631853,4.353689324,3,83
3307,80,1.465232459,-0.348674728,3.530882848,1.828366513,-1.376729378,3.810932797,5,84
3308,80,-0.256940907,-4.469648869,9.935685423,0.986864597,-5.924051974,10.102477658,3,85
3309,80,-2.167702451,-2.294993211,7.765783568,-1.243543662,-3.743170394,8.270089735,2,81
3310,80,-3.258196903,-1.981185003,7.598371101,-2.359528406,-3.480707005,8.233053297,3,83
3311,80,1.817160418,0.473958461,6.313546419,2.428437278,-0.687046736,6.587269976,5,84
3312,80,-0.919956122,-1.134737200,3.899268202,-0.464234820,-2.310292998,4.372328059,3,83
3314,80,-2.304768274,-3.176562022,10.740333704,-1.026249183,-4.789658466,11.185830626,19,100
3315,80,-2.856874317,-3.679483314,10.182075363,-1.608490738,-5.291156146,10.657722556,21,103
3316,80,-0.882688138,-1.120422042,3.797301810,-0.438557000,-2.288502777,4.268132054,3,83
3318,80,-0.145436748,0.228528250,2.568795298,0.099886313,-0.837238033,3.053083003,2,81
3320,80,1.364186972,-0.310605429,3.487822157,1.721645444,-1.341961945,3.780675168,4,84
3321,80,-0.077713252,-4.279371804,9.862090910,1.147956677,-5.720606465,10.022456829,4,87
3322,80,-0.097955750,-3.077831205,9.848865295,1.067999119,-4.522986070,10.082429023,9,96
3323,80,1.382476785,-0.419636426,3.526300471,1.749136371,-1.451746210,3.810583705,5,84
3324,80,0.416548947,-2.786548181,9.264452568,1.503890998,-4.173075781,9.467075321,11,93
3325,80,-1.927341208,-2.393975795,6.783235120,-1.102545755,-3.775899355,7.264097221,17,100
3326,80,1.245665990,-0.272338799,3.448291006,1.597924087,-1.308140051,3.755707687,3,83
3327,80,1.171612092,-0.241482043,3.576451340,1.536241763,-1.288305098,3.892320483,3,82
3328,80,-0.172523168,-3.321781972,8.730009295,0.888988143,-4.710086979,8.964457938,4,85
3330,80,-0.427072950,-1.870353575,5.525324628,0.230927794,-3.104373538,5.893613636,5,84
3331,80,0.048126350,0.369921795,2.385410303,0.266134814,-0.675844222,2.859686165,2,81
3332,81,0.472726912,-2.164296563,9.868140276,1.578069150,-4.021236282,10.145311197,10,94
3333,81,1.413371870,-1.566331160,6.049411449,2.100916813,-3.087467485,6.313892195,5,91
3334,81,-0.777242934,-3.430644889,10.461713998,0.455255561,-5.395275361,10.753339743,2,83
3335,81,-1.594068047,-2.944786167,9.952280723,-0.430648800,-4.918099725,10.365704477,9,89
3336,81,-1.451332836,-1.650616605,7.944825148,-0.551622337,-3.470956822,8.464055482,21,103
3340,81,0.190827518,-2.286439471,7.809921998,1.096842448,-4.003760387,8.120770733,2,84
3343,81,1.196658611,-2.749934662,10.418453095,2.380472632,-4.605927156,10.574471448,4,86
3345,81,-1.610440361,-1.340891167,5.574038230,-0.962613671,-2.993272931,6.152177482,20,105
3346,81,0.193651951,-2.520292030,9.550252778,1.285579079,-4.367134098,9.828337496,11,93
3347,81,-1.237210461,-1.692785946,8.893610162,-0.241487197,-3.572439867,9.381299743,18,100
3348,81,-0.123689274,-1.768630413,5.764903622,0.554317429,-3.351888395,6.163763655,10,97
3349,81,-1.637591173,-2.799509493,10.267934191,-0.449039775,-4.799545665,10.694708115,3,85
3350,81,-1.273803809,-1.739496770,6.869198583,-0.479087961,-3.468933650,7.372669475,21,102
3351,81,0.159149446,-1.525518344,5.143784810,0.761513363,-3.047663418,5.539738971,2,83
3352,81,0.110226992,-2.709921890,9.968700159,1.253672352,-4.591944026,10.236332441,8,93
3353,81,-2.826170152,-3.856096699,10.460660313,-1.561026148,-5.931261857,10.915942459,21,101
3355,81,1.283372368,-0.117986177,3.397429344,1.636846675,-1.453386320,3.811487392,2,84
3357,81,0.629734371,-1.572934697,5.552891717,1.272539386,-3.099767337,5.896396409,5,87
3358,81,-0.274647025,-2.891165888,7.122219759,0.593682949,-4.579770433,7.434958875,3,98
3359,81,-0.342756405,-2.213629033,9.321843399,0.715057584,-4.074089718,9.678080461,14,99
3363,81,1.202983333,-1.809301607,6.687930047,1.967464995,-3.388881559,6.948198228,5,86
3364,81,1.363502971,0.006488103,3.416211592,1.712493500,-1.326464040,3.832363831,3,83
3365,81,1.277857635,-1.421538199,6.509170570,2.005607887,-2.985265703,6.794702514,3,84
3366,81,-0.042103387,-3.071339214,10.399739834,1.162660923,-4.992524260,10.649702280,4,87
3367,81,-1.060699978,-4.075840893,9.541953253,0.111578388,-5.984162846,9.816492297,4,89
3369,81,1.090174705,-2.777864204,8.592808138,2.092501448,-4.502483483,8.771288042,3,83
3370,81,1.290576634,-1.606468559,6.521867679,2.028253894,-3.169649727,6.791250289,4,84
3371,81,1.347695765,-0.013330781,3.330876699,1.689144043,-1.340656388,3.747640280,4,84
3372,81,-0.056188927,-2.390308451,9.195073939,0.995454090,-4.224754779,9.510495046,12,97
3373,81,2.999596336,2.141776888,11.372233523,4.037197054,0.291910182,11.738763955,3,83
3374,81,1.269247334,-1.561554062,6.305420786,1.983184927,-3.109846575,6.582171643,8,91
3376,81,1.232773106,0.050376223,3.386460538,1.577510382,-1.287707328,3.818982314,4,84
3377,81,1.287701172,-1.722854361,6.248830606,2.003451986,-3.265185092,6.511319894,9,93
3378,81,1.717252047,-1.314781527,6.702976414,2.456722273,-2.869408902,6.953126482,3,84
3380,81,1.396302616,-1.321002146,6.630598849,2.130777394,-2.887783129,6.911797692,4,85
3382,81,1.079186078,-2.391847557,8.610829557,2.065169779,-4.120096770,8.821165435,4,85
3383,81,1.299508651,-1.263744251,6.397438131,2.008448045,-2.818576952,6.694409803,5,86
3385,81,1.156931830,-2.872046433,10.708742412,2.375927750,-4.751489250,10.856514724,3,83
3387,81,0.853036392,-2.513749718,9.796263780,1.965300249,-4.342903077,10.009290656,5,87
3388,81,0.245219476,-2.223947976,8.904946283,1.257990178,-4.020785186,9.206903055,8,95
3390,81,0.731635119,-2.801228650,9.115116954,1.789769760,-4.584648326,9.322201370,5,87
3391,81,2.271010915,-2.487381407,8.010272177,3.193783995,-4.104702659,8.102670272,2,82
3393,81,1.165597010,-0.118809910,3.153311102,1.495306259,-1.442338710,3.580598479,2,83
3394,81,-0.033325437,-4.365095269,10.803474051,1.273028999,-6.310508117,10.945709949,4,88
3395,81,1.347484191,-0.020319137,3.325692521,1.688742691,-1.347236755,3.741957387,2,84
3396,81,1.364178124,-1.579999638,6.338876529,2.081761578,-3.125514130,6.604722755,5,86
3397,81,1.294246281,-1.630535495,6.240408046,2.004752289,-3.172274725,6.509731208,4,86
3399,81,-0.995844817,-3.931948265,9.518713000,0.166904610,-5.835589142,9.798708796,4,85
3400,81,1.088853430,-3.208656071,10.265213592,2.279588564,-5.057069412,10.396082257,3,83
3401,81,1.328488988,-1.740906249,6.395849517,2.059614099,-3.291960396,6.651794009,5,86
3403,81,1.355329435,-0.152968523,3.341702120,1.704410024,-1.480082710,3.746451985,2,84
3404,81,1.316387873,-1.339464176,6.458373581,2.034920854,-2.897618112,6.747166126,4,86
3405,81,1.584741480,-2.021462359,6.773965679,2.365523907,-3.585630037,6.979705939,4,84
3406,81,1.397904524,-1.568969369,6.019888141,2.082702757,-3.088726153,6.285883473,8,90
3407,81,1.355963327,-0.127447544,3.115919813,1.681145792,-1.437682477,3.524437643,4,84
3409,81,1.466934665,-1.621334881,6.434469888,2.195440486,-3.168208810,6.686330778,4,85
3410,81,1.353337119,-1.732455547,6.351890830,2.079492157,-3.278881431,6.606461750,6,86
3412,81,1.385249528,-1.819302137,6.301070858,2.110199837,-3.359783637,6.546002896,4,85
3413,81,-2.605421761,-2.639279278,10.011126977,-1.444257543,-4.673845925,10.546179054,4,85
3415,81,1.178914484,-2.867560093,9.606708323,2.286816294,-4.663058655,9.761424922,3,83
3416,81,0.971222801,-3.182071127,11.280044297,2.263413372,-5.113264669,11.416379047,7,89
3417,81,-0.228197065,-2.077985318,8.616503938,0.751624057,-3.879778899,8.978128310,15,99
3418,81,0.502656832,-2.367941591,9.307842080,1.561121234,-4.180280160,9.570229482,8,93
3419,81,-0.090430871,-1.759144175,6.190581337,0.629699924,-3.372584079,6.583628866,3,83
3420,81,1.115332564,-2.409205606,7.967391720,2.037251346,-4.087076707,8.177931141,2,82
3421,81,1.842090546,-2.430398965,7.572802469,2.720863105,-4.038657402,7.714619653,3,84
3422,81,2.108793379,-1.764144252,7.382188127,2.935310942,-3.346338560,7.553168990,2,84
3425,81,1.335341831,-1.647715652,6.309626723,2.053360727,-3.192322785,6.573059893,5,86
3426,81,1.315824877,-1.708516736,6.370323955,2.042934199,-3.258489548,6.630288246,5,86
3427,81,1.304392274,-1.461047091,6.510914154,2.034018715,-3.023277856,6.790704915,3,84
3429,81,0.949507532,-2.040379717,7.542197061,1.812312074,-3.697021365,7.801659789,2,83
3430,81,1.420629198,-1.610981192,6.140217665,2.119362351,-3.138344703,6.399702066,8,91
3431,81,1.311062493,-1.534492696,6.177869270,2.010646118,-3.071028973,6.453761009,5,85
3432,81,-0.887130315,-3.692123660,10.682017285,0.380529621,-5.678195530,10.961551497,3,84
3434,81,1.424116708,-0.124403278,3.356966321,1.772957519,-1.449012082,3.757246184,4,84
3435,81,1.752318339,-1.125136020,6.722035253,2.484534778,-2.680092120,6.983849815,4,85
3436,81,1.059961889,-2.806759430,9.095118238,2.114317949,-4.570632647,9.270229838,3,83
3437,81,2.228341060,-1.055130631,6.674206058,2.949503299,-2.580671315,6.896067155,3,86
3438,81,0.470607256,-2.162125188,9.859075571,1.574949162,-4.018509947,10.136696706,10,94
3439,81,1.511574721,-0.985371951,6.624119419,2.228842176,-2.546794540,6.921143808,3,84
3440,81,1.283622185,-0.118090480,3.397497580,1.637106728,-1.453481583,3.811522619,3,84
3442,81,1.255270779,0.018607323,3.313056260,1.593992021,-1.312591397,3.741440486,3,84
3443,81,0.337225342,-2.240506685,9.340849333,1.394013949,-4.064956338,9.629155566,11,94
3445,81,1.303199461,-1.576661467,6.425206334,2.029677865,-3.132020259,6.696523262,8,91
3446,81,0.074296802,-2.672123368,9.881053472,1.207372163,-4.549699630,10.155875296,10,95
3447,81,1.399521809,-1.499467103,5.988976694,2.077922796,-3.017115140,6.260630496,9,91
3449,81,1.281390590,-1.777166571,6.416932064,2.016637215,-3.332231773,6.674349438,4,84
3450,81,1.180071825,-1.423708515,6.560325398,1.913669793,-2.996635190,6.854716789,8,91
3452,81,1.484215692,-1.691050819,6.138916446,2.186204653,-3.214479456,6.385856969,5,85
3454,81,0.998451059,-1.895863273,6.648054051,1.764276192,-3.483299513,6.921439522,3,83
3455,81,1.289018863,-1.706801171,6.349308239,2.014101007,-3.256674533,6.612163162,6,86
3457,81,1.069859723,-4.217559321,10.398731869,2.321755409,-6.072667823,10.449518958,7,89
3458,81,-0.201311524,-2.898245595,8.015308080,0.756648126,-4.649860716,8.313346415,6,90
3462,81,-1.470811777,-1.645284219,7.989949255,-0.566697918,-3.470105274,8.511130424,19,103
3463,81,0.920374769,0.337317168,3.231790492,1.237955175,-1.007541842,3.718681706,2,82
3466,81,1.237550476,-1.316241394,6.434068977,1.953032210,-2.876997957,6.732523524,5,86
3468,81,1.398329526,-1.572032997,6.031378183,2.084424416,-3.092616016,6.296996184,5,91
3469,81,1.201613786,-1.817547823,6.732605376,1.970982726,-3.400522084,6.991991886,5,86
3471,81,1.031443237,-0.364985663,3.672594480,1.425786903,-1.733805982,4.088996798,4,84
3472,81,1.292211510,-1.639776475,6.224656402,2.001583396,-3.180404456,6.493559756,5,86
3474,81,1.394980136,-1.520712744,6.154308388,2.091026743,-3.050933520,6.423391599,7,91
3475,81,-0.934967109,-3.872747960,9.568213326,0.229585791,-5.777021350,9.846687303,4,85
3483,81,1.291456319,-1.635015383,6.219033014,2.000043016,-3.175283167,6.488435262,5,86
3484,81,1.717723115,-1.315293076,6.706618211,2.457580550,-2.870165858,6.956653045,2,84
3485,81,1.170367533,-0.110086678,3.254755134,1.509829893,-1.441009390,3.681479801,3,84
3486,81,1.153197470,-2.685332447,7.835273730,2.074639877,-4.350006802,8.021071939,3,83
3487,81,1.391685445,-0.122785325,3.404406284,1.745417764,-1.452743679,3.807571046,4,84
3490,81,1.362978563,0.003093283,3.364445658,1.706930487,-1.325985567,3.780785388,4,84
3491,81,0.240382276,-2.209866242,8.809294231,1.242905817,-3.999847014,9.113602124,8,95
3495,81,0.386040965,-0.983619750,4.681188647,0.914934088,-2.460922225,5.102330797,3,86
3496,81,0.261430637,-2.195125359,8.892421523,1.271481886,-3.990257204,9.195222695,10,95
3500,81,1.287719525,-0.131678564,3.352825950,1.637330991,-1.463431258,3.765719427,2,84
3506,81,-1.057484260,-4.083419488,9.572097378,0.118161238,-5.993795757,9.845480523,2,83
3511,81,-1.150971395,-3.226666764,10.126023560,0.040474458,-5.187485509,10.472718785,4,89
3512,81,-0.032423471,-3.376339045,11.362966650,1.283475873,-5.368003971,11.579940545,4,88
3514,81,-2.089685785,-2.275799899,8.556273787,-1.095070496,-4.174383358,9.082176250,4,85
3515,81,0.536169211,-3.408852100,9.183267794,1.631044018,-5.205483762,9.359979869,2,84
3516,81,1.261560070,-0.137168214,3.400660357,1.616399422,-1.473925029,3.815260663,3,84
3517,81,1.188162482,0.067259514,3.453384801,1.539103993,-1.278371419,3.891036463,2,82
3519,81,1.278365185,-0.185103961,3.363657429,1.631644928,-1.517951856,3.773086294,4,85
3520,81,1.180753849,-3.072338564,10.681515510,2.406321213,-4.947560952,10.811151130,3,83
3524,81,1.290414235,-1.712602404,6.355982012,2.016432267,-3.262875196,6.618184593,5,86
3525,81,1.421289817,-1.613481016,6.137565222,2.119870340,-3.140598245,6.396806468,10,91
3527,81,-0.939572369,-2.937636352,10.792347657,0.303883459,-4.938142741,11.136540908,10,97
3528,81,-0.948904655,-2.794512151,9.586104536,0.166633992,-4.705568516,9.952198936,2,82
3529,81,1.333912005,-0.049630290,3.287785794,1.672828707,-1.374319162,3.703310832,4,84
3530,81,-1.813405084,-2.703852991,10.189479630,-0.636166286,-4.708062116,10.641508065,17,100
3531,81,-1.564222496,-2.671972835,10.078260191,-0.401205967,-4.654291417,10.509673203,13,100
3536,81,-1.833445540,-2.250446022,8.882336209,-0.808844432,-4.159560919,9.382964416,16,101
3537,81,1.201635771,-0.116358945,3.358960882,1.551672814,-1.453363585,3.781341835,3,84
3538,81,-2.304849291,-2.163215636,7.459031510,-1.424483158,-3.991699418,8.023391550,5,87
3540,81,-0.404407981,-3.044692256,10.229571437,0.784237777,-4.973099642,10.517980720,3,84
3541,81,-0.928144502,-3.875677345,9.580159853,0.237705038,-5.780460691,9.857646206,2,85
3542,81,-1.003068669,-3.935510428,9.521181866,0.160141677,-5.839717752,9.801569852,4,85
3543,81,-3.039234111,-3.893625246,8.781630360,-1.939731571,-5.854235414,9.267732716,9,90
3544,81,2.616220259,1.407365221,9.034446569,3.455928728,-0.284803832,9.397586124,2,84
3546,81,0.100282435,-2.671458775,9.860367178,1.231086941,-4.546058224,10.132897763,9,95
3548,81,0.670100846,-1.600783305,5.844536104,1.343279030,-3.147180654,6.179608920,4,87
3551,81,-2.315002778,-3.083871737,7.151729779,-1.421995685,-4.885844708,7.645710316,6,89
3553,81,-1.473295019,-2.916232284,9.586398758,-0.348738844,-4.855564958,9.993345481,2,84
3554,81,-2.168442678,-2.691084917,10.507981046,-0.957604439,-4.738753972,10.992782021,19,100
3565,82,-2.162996753,-2.248068352,10.136243334,-0.962419424,-4.745770458,11.015869560,17,100
3566,82,-0.223441657,-3.386007773,9.688662203,0.973929704,-5.762200233,10.327007072,4,87
3567,82,-1.052773163,-3.625727293,9.128730750,0.114193463,-5.978413781,9.804623379,3,85
3568,82,-0.313943348,-3.215277948,9.863379121,0.891038883,-5.612427544,10.523380400,3,85
3569,82,-0.138145764,-1.804273694,7.525105663,0.854557811,-3.979293693,8.327724799,2,85
3570,82,-0.274365800,-1.746624220,8.882522423,0.814726251,-4.056494372,9.690410795,14,99
3571,82,1.340407634,-1.418520466,5.843620230,2.195638931,-3.379712425,6.594426586,2,84
3572,82,1.150302189,-2.487394569,10.269969479,2.357694418,-4.872154506,10.897629376,2,83
3573,82,0.088964496,-0.903884421,3.776520922,0.783375334,-2.717685038,4.678417450,2,83
3574,82,-0.123035540,-3.944858414,10.382718805,1.141180951,-6.380516598,10.954559371,7,88
3575,82,2.278122057,-1.524713420,6.595102494,3.187850315,-3.521784272,7.265726098,2,85
3576,82,0.184983641,-0.964120679,3.946312443,0.893177214,-2.790187856,4.834507591,2,84
3578,82,1.399085879,-1.291634352,5.931902757,2.256593929,-3.259708474,6.690450370,2,84
3579,82,-0.219368008,-3.250928790,8.711697584,0.903491609,-5.534525070,9.369967215,4,88
3580,82,0.395979661,-1.754598988,8.383322316,1.447313744,-3.991652768,9.147957100,2,87
3581,82,0.078596034,-2.201866924,9.408958075,1.218503734,-4.546280608,10.144322305,9,95
3582,82,-0.483340771,-3.386322754,8.433853183,0.624484136,-5.652627162,9.099010793,3,84
3583,82,-2.087626871,-2.167633419,9.358513394,-0.945754463,-4.588771261,10.246397152,14,98
3584,82,0.202608584,-1.760324977,8.385890129,1.254897116,-4.004855626,9.163230598,11,95
3585,82,-2.654557641,-3.313370637,10.115202287,-1.421243055,-5.821918564,10.924601161,14,100
3586,82,-0.103980069,-3.679789160,9.420968410,1.082778783,-6.024423595,10.024303706,4,88
3587,82,1.374028354,-1.419573038,5.867811389,2.230930715,-3.381803454,6.616031920,3,85
3588,82,-1.049866346,-3.630110929,9.152197039,0.118915809,-5.984902701,9.827293313,4,89
3590,82,-1.066475398,-0.320924665,3.257349473,-0.423819481,-2.131684390,4.299331259,2,83
3592,82,1.817381135,-2.009022438,7.042646423,2.775635419,-4.063520518,7.694367801,2,83
3593,82,0.378572048,-2.981946315,9.448922986,1.544413468,-5.314797810,10.087131267,2,86
3595,82,0.258828668,-0.779789734,4.112017824,0.973061712,-2.619854253,5.011973615,2,85
3596,82,1.162039385,-1.116259671,5.925256306,2.014406091,-3.093525819,6.717280784,8,93
3597,82,1.555251875,-1.410841108,5.924844912,2.415436341,-3.371749727,6.661061133,3,84
3599,82,1.176698572,-2.597718312,10.341514560,2.392552407,-4.987727949,10.956063066,2,83
3600,82,1.675626034,-1.429504088,6.084499789,2.547510767,-3.401016945,6.809478454,3,84
3601,82,0.199247984,-1.762785743,8.384672302,1.251534775,-4.007313524,9.162011786,9,95
3602,82,1.150936364,-2.435693483,9.532406897,2.303628543,-4.750374611,10.170361540,2,83
3603,82,0.387961509,-2.131942400,9.498397296,1.531210553,-4.473633922,10.218704524,3,87
3604,82,1.272639353,-1.240926879,5.790062314,2.118763592,-3.200492150,6.563269755,3,86
3605,82,1.070309380,0.317736566,2.695644592,1.646330131,-1.362578371,3.657298359,3,84
3606,82,1.039714902,0.208262612,2.807829469,1.627272387,-1.483321863,3.760078838,2,84
3607,82,0.147056853,-3.419445073,9.469833814,1.328561727,-5.760681717,10.081025599,4,88
3609,82,-2.559830676,-2.137497861,9.377822282,-1.416044732,-4.578369394,10.300952466,2,85
3610,82,-2.298792719,-3.262342649,9.097344016,-1.141430572,-5.660744640,9.894583717,17,100
3611,82,1.230846814,-1.212245523,5.813049837,2.077873018,-3.175723225,6.591767544,4,86
3613,82,1.217533531,0.308506085,2.786077238,1.799897789,-1.374853985,3.736067005,3,84
3615,82,1.065782234,0.191442915,2.798341598,1.653093496,-1.498169355,3.747223876,3,84
3616,82,-0.043231330,-3.033385969,10.586870483,1.207425043,-5.490311953,11.240873968,5,90
3617,82,-2.018227552,-2.297757698,10.234233510,-0.809511436,-4.799104737,11.098354886,12,100
3618,82,-1.660674293,-1.276065766,8.335360911,-0.621189160,-3.588304778,9.288406251,18,104
3619,82,1.418039301,0.479857459,3.769134964,2.065307539,-1.290610010,4.715059838,3,84
3620,82,-1.383252840,-2.635902956,6.155270936,-0.459802610,-4.722690372,6.971935692,21,103
3621,82,-1.219768516,-1.138239008,5.640979039,-0.379884956,-3.177733658,6.596512600,22,104
3622,82,-2.319836576,-2.510356239,8.833497101,-1.204521727,-4.888349705,9.707588610,9,99
3624,82,1.259221650,-1.199426946,5.575738926,2.088678929,-3.139278713,6.355460655,8,91
3626,82,0.990221890,-2.755388281,6.774319263,1.954634508,-4.811436043,7.411819178,5,89
3627,82,-1.319504005,-1.269746480,5.911058292,-0.455824896,-3.338046655,6.858651980,19,104
3628,82,0.082372620,-2.744036752,10.009582613,1.282181670,-5.142724142,10.687380729,6,90
3629,82,0.513733952,-1.142422696,5.005554065,1.302670626,-3.056204252,5.846145674,3,87
3630,82,1.259890918,-1.155002299,5.499917100,2.082521058,-3.087833151,6.284479099,6,91
3631,82,0.307517051,0.124988964,4.512782219,1.022648543,-1.756223872,5.494975541,3,85
3632,82,1.366089479,-1.411789539,5.921548507,2.226646372,-3.379482963,6.670690370,3,84
3633,82,1.297713809,-1.133000323,5.526693394,2.121479647,-3.067079694,6.310616243,6,89
3635,82,1.259158271,0.301555429,2.886293674,1.848824593,-1.389760523,3.832026516,3,84
3637,82,0.780115663,-2.252605929,8.985597484,1.888945029,-4.530038683,9.670842530,5,87
3638,82,1.097721953,-1.369892539,6.245224242,1.981121469,-3.378748007,7.014579089,3,86
3639,82,-1.439200646,-2.267506215,9.633621145,-0.276439431,-4.689997926,10.465225780,8,91
3640,82,1.123030521,0.322847657,2.801190566,1.706332301,-1.365578109,3.758966131,3,84
3641,82,0.951792241,0.372143261,2.745806767,1.530116501,-1.317692116,3.720561784,2,83
3642,82,1.005496187,-1.138625156,5.717967402,1.844104773,-3.101887462,6.520044324,4,91
3643,82,-2.877024191,-3.301546053,10.249784338,-1.633699459,-5.831343616,11.074657686,17,100
3644,82,-1.730367803,-1.931555441,8.518454320,-0.657337552,-4.260418814,9.410893437,16,100
3645,82,-0.243928092,-2.712853793,7.776362338,0.795118618,-4.911020404,8.495623376,3,86
3646,82,1.016738619,-1.896132910,7.437423973,2.002407063,-4.018936344,8.152354657,3,84
3647,82,-1.342646430,-1.421219408,8.549941701,-0.284224870,-3.741210909,9.465411899,15,100
3648,82,0.910803521,0.235147647,2.657832644,1.487129667,-1.447117405,3.622640661,3,84
3649,82,1.233791595,0.278798294,2.861567509,1.822454817,-1.410992843,3.806995293,2,83
3651,82,-0.032483957,-2.282966045,9.375179609,1.107825139,-4.627903620,10.110488163,11,95
3652,82,1.196031092,-1.360057121,6.967910066,2.130864327,-3.434180996,7.726295663,7,91
3653,82,-1.615144590,-2.621327016,6.569677518,-0.661590776,-4.756414022,7.400728542,9,90
3655,82,1.123886532,0.230104122,2.803442714,1.710198450,-1.458015949,3.752076512,3,84
3656,82,-0.239586767,-3.002297576,8.198100484,0.838710776,-5.238990313,8.885745251,4,88
3657,82,0.192796779,-1.763851017,8.341328519,1.242015099,-4.004482604,9.119317548,8,95
3658,82,1.331515919,-1.125868528,5.491423585,2.152419156,-3.055352983,6.273974249,8,91
3659,82,0.949628885,-1.587592576,6.500691903,1.858569505,-3.625222641,7.257107148,2,83
3660,82,1.144693468,-1.314136610,5.793756169,1.993726618,-3.278473735,6.568569393,5,86
3661,82,1.107005155,0.323840638,2.800610614,1.690283845,-1.365136900,3.759588292,3,84
3662,82,1.056146816,-2.347995834,8.189226375,2.109717263,-4.538625203,8.851888767,2,83
3663,82,0.936785660,-1.525986220,6.517202821,1.845061035,-3.565997305,7.280404847,2,83
3664,82,-0.407693476,-3.323493115,9.958232125,0.807732654,-5.732638118,10.613414789,3,85
3666,82,-0.083594643,-1.986716750,8.543822557,0.987902944,-4.255862983,9.317560092,15,98
3667,82,1.344923747,-1.305197161,5.657951665,2.183288770,-3.249112507,6.420856664,4,85
3668,82,1.331400828,-1.125780728,5.490425640,2.152229861,-3.055174812,6.272999944,6,90
3669,82,-3.298813566,-3.929947534,10.927791979,-1.986058704,-6.536925737,11.715349416,7,90
3670,82,1.053875598,-1.291151362,6.020176645,1.918784686,-3.280609604,6.801853735,2,83
3671,82,0.001690182,-2.677888514,10.324024001,1.222355430,-5.109936496,11.011578851,4,88
3672,82,-0.043607017,-2.812371252,10.896139557,1.222526585,-5.299964040,11.569560173,4,88
3673,82,-0.983340503,-1.786586792,6.857303823,-0.036672027,-3.929766279,7.724497909,3,85
3674,82,-2.663148454,-3.404918872,9.187916480,-1.493763872,-5.824889972,9.995598605,15,103
3675,82,0.811592282,-2.093971989,9.162924569,1.928217835,-4.387966104,9.860245351,3,87
3676,82,1.045334543,0.237637616,2.854954170,1.635365164,-1.458383848,3.809351659,3,84
3677,82,1.259240960,-1.199446140,5.576312482,2.088740069,-3.139351769,6.356026900,7,91
3679,82,1.264011426,-1.089660107,5.429425595,2.079544721,-3.015958813,6.220597539,7,89
3681,82,-2.392541018,-2.972997146,9.006022689,-1.250360222,-5.367735744,9.838643876,17,100
3682,82,-3.023447442,-2.009241148,9.400253140,-1.880565404,-4.470338168,10.367610045,2,83
3683,82,0.085320587,-2.200497535,9.430880677,1.226744117,-4.546756221,10.165759777,9,95
3684,82,1.048025237,0.229426791,2.819372637,1.635737882,-1.463057664,3.773037482,3,84
3685,82,2.691621077,1.702009488,7.985120167,3.600992201,-0.429060047,8.932831956,3,84
3688,82,-1.707621724,-1.811910907,9.465062488,-0.570177169,-4.230809826,10.360854277,15,100
3689,82,-1.497584424,-1.555483081,8.735956528,-0.421166306,-3.898323149,9.647611842,12,100
3690,82,1.338164269,-1.294840530,5.635952217,2.174647621,-3.236966594,6.400491659,3,85
3691,82,-2.631011159,-3.179496258,9.367692295,-1.455708934,-5.616589034,10.193916646,7,90
3692,82,1.157675357,0.403414470,2.823229717,1.739981419,-1.286235820,3.786343826,3,84
3693,82,-0.172033779,-1.907600241,7.755362004,0.840529555,-4.105304046,8.548558117,14,97
3694,82,-0.343589715,-2.792114054,9.585992645,0.828503491,-5.166155952,10.291387218,3,85
3697,82,1.344865371,-1.294803109,5.651294187,2.182431719,-3.238140576,6.415267037,2,84
3699,82,1.115051334,-1.769325387,8.863886696,2.199234419,-4.025118653,9.574241505,3,86
3700,82,-0.149760523,-3.751469146,9.647448651,1.055649990,-6.119040579,10.245298785,2,84
3703,82,1.235614181,-1.361660088,5.862627937,2.090788133,-3.328899399,6.626055844,5,86
3704,82,1.236488996,-0.942048669,6.010913262,2.089440393,-2.925603491,6.814240966,3,84
3705,82,0.531729598,-1.169807857,5.243081788,1.338556198,-3.105417857,6.078058280,3,86
3707,82,1.541644969,-1.853117292,7.169168355,2.505064025,-3.930855621,7.854167030,3,85
3708,82,0.203254699,-1.745767717,8.351125346,1.252590534,-3.987035893,9.130093637,12,95
3709,82,1.104503828,0.346082229,2.783705292,1.685889284,-1.341494413,3.745150302,3,84
3710,82,0.961508704,0.246092174,2.830246049,1.549757632,-1.450765995,3.791405605,3,84
3711,82,1.118708524,0.271502618,2.688541360,1.695490300,-1.406073940,3.642401234,3,84
3713,82,0.282008311,-0.054389337,4.268414772,0.985135588,-1.912315114,5.236574647,3,88
3714,82,1.087012966,-2.248508232,8.402712833,2.152803111,-4.458858311,9.071451565,2,83
3715,82,1.193647847,-0.924562569,5.955882188,2.042230714,-2.904571123,6.764256644,4,86
3716,82,1.426524429,-1.319825704,5.451176876,2.250199560,-3.240883321,6.208527425,2,83
3717,82,1.536922916,-1.628451567,6.146996237,2.419848441,-3.610085142,6.861605984,3,84
3719,82,1.529363034,-1.556009717,6.147879979,2.410148803,-3.538392878,6.870084818,3,84
3721,82,0.247447960,-0.704956702,4.256944111,0.969851420,-2.559661465,5.163959318,2,85
3722,82,1.227269312,-1.158542491,5.815913306,2.072862050,-3.122710326,6.600106396,4,85
3723,82,-0.396861087,-1.980986484,9.643347413,0.754594440,-4.366768402,10.431288398,13,99
3724,82,0.819258106,-1.963319205,8.952512582,1.916693395,-4.237650352,9.663587066,9,93
3726,82,-0.128647706,-1.359224051,6.249454297,0.758492844,-3.414596110,7.104068815,9,99
3727,82,1.150886256,-1.100070881,6.033126795,2.010556945,-3.088126665,6.826727324,3,85
3728,82,1.527242454,-0.807997833,6.018445992,2.375723551,-2.782057250,6.814851188,2,83
3729,82,1.351155579,-1.291493059,5.629369435,2.187022165,-3.232521177,6.393390838,3,85
3730,82,-0.970287383,-1.428039586,9.506238644,0.156060053,-3.825194698,10.388611514,9,93
3731,82,0.838229791,-2.654534578,6.312218149,1.766734980,-4.672759769,6.973329536,8,89
3732,82,-2.743731526,-1.717467701,7.195283445,-1.769447385,-3.959350321,8.187745760,2,83
3733,82,-0.202790770,-2.454690430,8.583946269,0.886345639,-4.729675114,9.319834468,2,83
3734,82,0.456209400,-1.865286967,8.752104300,1.537315301,-4.134659678,9.499138457,10,93
3735,82,-2.632370100,-1.689979947,8.061161381,-1.596924168,-4.010387212,9.042457710,2,83
3736,82,-2.663694309,-3.023294808,9.657339341,-1.472236469,-5.490055499,10.499004498,2,83
3738,82,1.951797716,-2.067209354,7.098776835,2.915469591,-4.121705063,7.735173689,3,84
3739,82,1.100169813,-2.376772406,9.374295245,2.239821800,-4.678594244,10.022630335,2,83
3740,82,-0.268763852,-1.598903952,10.357332760,0.921965959,-4.049965835,11.168712257,13,99
3741,82,-0.923871640,0.056614577,3.321969744,-0.288604566,-1.756938901,4.390601380,2,84
3742,82,0.397365162,-0.916700162,3.772597965,1.090940793,-2.718477067,4.652083730,2,83
3743,82,1.262376590,-1.192100397,5.551930913,2.089884672,-3.129602138,6.332322732,7,91
3744,82,-0.441593769,-2.052124982,9.563627397,0.706445275,-4.431610953,10.348257795,12,99
3745,82,0.429042562,-1.847353705,8.763876952,1.510528351,-4.118963633,9.514446228,10,93
3746,82,0.478099895,0.098202426,4.531508052,1.194879475,-1.778248558,5.499230105,2,85
3747,82,0.425933225,-1.892153935,8.716778799,1.505414200,-4.159153917,9.463519308,9,93
3748,82,-3.404420004,-2.915555725,9.849796315,-2.200141929,-5.429053007,10.751500619,2,83
3749,82,1.309988053,-1.126416517,5.802400804,2.153366468,-3.086358512,6.584148942,3,84
3750,82,1.095136880,-1.447906292,5.757476829,1.945821400,-3.409940989,6.522876669,5,86
3751,82,1.135180717,-1.134845491,5.808010355,1.979758703,-3.101842982,6.600902878,7,91
3753,82,0.415405626,-1.903633474,8.694363960,1.493657749,-4.168831115,9.440865988,9,93
3754,82,0.770655573,0.035233108,2.910972326,1.371784145,-1.675379822,3.864050372,4,85
3755,82,1.059852112,-1.087191684,5.895931216,1.909527454,-3.065652410,6.698027417,3,85
3756,82,1.224007201,-1.273799992,5.905978771,2.079637808,-3.246071327,6.678482881,4,86
3757,82,-2.171413343,-2.511127775,8.064811652,-1.111880405,-4.810248264,8.934138469,10,100
3758,82,1.314860296,-2.284464839,10.002849440,2.496275825,-4.638642996,10.640957349,5,87
3759,82,1.173677240,-1.335323204,5.668846621,2.014278374,-3.286550051,6.440492368,8,93
3760,82,1.223520217,-2.250585938,9.928335540,2.398809347,-4.601267838,10.576564069,4,87
3761,82,1.076399403,0.376778663,2.832091528,1.660411734,-1.316628741,3.798121524,3,84
3762,82,1.154510103,-1.198223607,5.769025542,1.998169623,-3.160444254,6.554673500,8,91
3763,82,2.687989482,1.734492524,8.667465004,3.645506332,-0.461946559,9.613713577,4,85
3764,82,1.223172536,-1.275352191,5.906066264,2.078859714,-3.247655043,6.678475339,5,86
3765,82,1.153542328,-2.968540459,10.904407044,2.421396646,-5.411139638,11.480261287,5,90
3766,82,1.523810602,-0.813237748,5.994612646,2.370747143,-2.785125934,6.790912073,3,85
3767,82,1.096257902,-1.704013302,6.996702367,2.044042566,-3.782818675,7.728109769,6,93
3768,82,1.491115360,-0.740459869,6.111432078,2.344327045,-2.725097947,6.916255590,3,85
3769,82,1.767813362,-2.899015329,11.042209527,3.041567839,-5.332050800,11.581675379,5,89
3770,82,0.209251307,0.119588763,4.584870835,0.930041229,-1.772159781,5.572770268,3,85
3771,82,-0.051204111,-2.653545300,9.709608918,1.124633643,-5.029122945,10.407578922,5,90
3772,82,0.278517509,0.185147685,4.528199781,0.992999115,-1.698941058,5.518156072,3,85
3773,82,1.555589537,-1.278333347,5.957961054,2.414084728,-3.243084585,6.706871108,2,84
3774,82,-2.170500101,-1.960262364,9.720726605,-1.008665580,-4.420141689,10.631981638,20,105
3775,82,-1.053083155,-3.621773022,9.120288366,0.113154979,-5.973686983,9.796649350,3,84
3776,82,1.113154800,-1.571979259,8.547046378,2.168463575,-3.798671785,9.279094338,6,93
3777,82,0.465154038,-1.871794478,8.784142121,1.548739419,-4.143851838,9.529696106,10,93
3778,82,1.278919789,-1.225782132,5.617758243,2.112152313,-3.168761939,6.393249213,6,91
3779,82,-0.018221497,-2.904423828,10.717829649,1.237824142,-5.373576597,11.381784507,4,88
3780,82,1.232945873,0.318603501,2.806524827,1.816424816,-1.366180606,3.756296485,3,84
3781,82,0.105000900,-2.654141478,9.711543241,1.280516789,-5.024034046,10.398710405,4,88
3782,82,1.287698336,-1.193104875,5.560246331,2.115758327,-3.130443235,6.338740869,10,91
3783,82,-0.105934327,-2.499763725,8.905740000,1.007461278,-4.801556891,9.628262724,5,88
3784,83,-1.550542453,-3.559149591,8.803704425,0.125249170,-5.996829228,9.831169643,2,84
3785,83,-2.929077647,-2.510207294,8.317232500,-1.329275186,-4.969937216,9.572044473,16,103
3787,83,1.293274247,1.109843752,4.914435913,2.424200639,-0.872547029,6.161053036,2,84
3789,83,-0.464081716,-2.744890619,10.246482377,1.312345344,-5.269900059,11.240921211,3,88
3790,83,0.696675631,0.324730351,2.552392444,1.637376997,-1.465270524,3.798603094,2,84
3792,83,0.727126648,0.468193658,2.540638884,1.661463075,-1.320128122,3.797781393,2,84
3793,83,0.698057464,0.345776395,2.563742295,1.639064966,-1.445302992,3.811722277,2,84
3794,83,1.162053848,-1.594425785,6.204759654,2.510817448,-3.686064592,7.196352185,2,84
3795,83,-0.752074014,-3.511902263,9.394593731,0.973351233,-5.968264316,10.349668694,2,88
3796,83,-0.552663069,-3.883537629,10.108723830,1.251874542,-6.394106210,11.004605956,5,88
3798,83,0.660552153,0.325683208,2.454659667,1.592248996,-1.457033847,3.705044931,2,84
3799,83,-0.470704408,-3.867113593,10.208771329,1.342204776,-6.383240454,11.097980778,5,88
3800,83,0.784187302,-1.103762364,5.496650156,2.051059865,-3.150235501,6.574690758,4,86
3802,83,-0.356878970,-3.346179741,10.030074310,1.420164251,-5.843700814,10.959849572,2,84
3803,83,-0.268536175,-1.667953705,8.107054056,1.268189471,-3.995350036,9.204071384,9,95
3804,83,0.701950822,0.446849528,2.504366214,1.633777526,-1.339177750,3.762064131,2,84
3805,83,-0.279894021,-1.645795332,7.713224081,1.219218479,-3.938004988,8.816727312,9,95
3806,83,2.287131239,1.975485023,8.351915727,3.704125809,-0.279922327,9.561632622,2,84
3807,83,0.709067483,0.395864558,2.587468627,1.650457034,-1.397141812,3.838993232,2,84
3808,83,-2.596808615,-1.835179034,9.050145440,-0.954091833,-4.350313456,10.332656784,19,105
3809,83,0.776485144,0.431994942,2.496742948,1.707752098,-1.349970403,3.746398263,2,84
3810,83,0.845694050,-0.064401309,2.850175123,1.827395113,-1.872896483,4.043630961,2,84
3811,83,-0.064910586,-1.823098611,8.407937890,1.504494369,-4.168056925,9.469395206,8,93
3812,83,-0.313052757,-1.989109846,8.770188256,1.297438755,-4.377111802,9.835159646,8,95
3813,83,-1.199170754,-2.146487625,8.994855580,0.442425910,-4.593255312,10.122706677,2,85
3814,83,-0.633812104,-3.590459709,9.462121630,1.100140489,-6.047333534,10.398553378,4,88
3816,83,0.738602644,0.248005861,2.545424183,1.681173860,-1.539116346,3.780666876,2,84
3817,83,-0.441576885,-2.104759432,9.171189148,1.211233928,-4.534301025,10.233349638,8,93
3821,83,-0.578986537,-2.121896155,8.985183879,1.057707467,-4.540511420,10.059671497,11,99
3822,83,0.777864211,0.328031424,2.517957904,1.714814740,-1.455269182,3.757474160,2,84
3823,83,-2.090492173,-1.998967934,6.635305571,-0.670629933,-4.271369015,7.877447656,3,88
3826,83,-1.558778184,-3.435472416,8.785442470,0.110938587,-5.872489116,9.825502749,4,89
3827,83,0.778039386,0.333826916,2.315914934,1.695861901,-1.431128496,3.557691785,2,84
3828,83,0.831221884,-1.079872101,5.376800660,2.085783136,-3.113494473,6.453896348,3,89
3829,83,0.932082526,-1.281033420,5.275873570,2.183851317,-3.299994725,6.325735078,5,91
3831,83,0.887503719,0.311453226,2.851504314,1.855728673,-1.497240441,4.076739791,3,85
3832,83,0.066586581,-1.062231489,4.744585968,1.265162272,-3.072252255,5.897520368,3,87
3833,83,-0.537905139,-1.048075480,5.321464499,0.717230890,-3.137316924,6.525164582,11,99
3834,83,-0.710532046,-1.321796464,7.736280930,0.781363891,-3.636786532,8.908959601,13,99
3836,83,-0.697494894,-2.117090314,8.562347108,0.900026967,-4.502526923,9.651563301,10,96
3837,83,-1.598100790,-1.099872605,5.224091293,-0.344903085,-3.226835285,6.519066734,17,104
3838,83,-0.688165147,-3.426443909,8.899541952,0.987533986,-5.835416464,9.861187339,3,88
3839,83,-1.789968569,-1.204988134,5.978076697,-0.461452255,-3.408431642,7.273914774,15,104
3840,83,0.803235347,0.479854736,2.601319797,1.742455917,-1.310680678,3.852201916,2,84
3841,83,-0.659998728,-1.435568177,6.254921566,0.696971700,-3.613077069,7.424965328,2,84
3843,83,0.817432974,0.357901877,2.422814203,1.744210328,-1.415154353,3.662411261,2,84
3844,83,-1.504730789,-2.565209611,9.369694150,0.188423283,-5.057407817,10.482212042,5,89
3846,83,0.372359187,-2.496376560,9.253653034,2.042748398,-4.895450314,10.204870298,6,89
3847,83,0.699925863,-1.099770545,5.521967666,1.969451129,-3.152288253,6.607746793,9,91
3848,83,1.657841368,-1.229245181,6.691457385,3.036677830,-3.345094954,7.668842804,2,84
3849,83,-0.798170945,-1.376067097,7.804201848,0.702460019,-3.700825534,8.979047506,12,99
3851,83,-1.970459841,-1.420903094,7.847426247,-0.458284626,-3.801151899,9.123083471,16,100
3853,83,-3.444179389,-3.003432509,9.739519916,-1.691020677,-5.612689263,10.981836096,16,100
3854,83,1.315262860,-0.793743907,5.909584170,2.607088186,-2.855880887,6.965657584,2,84
3855,83,2.090079707,1.969196759,8.152230076,3.489589982,-0.276731096,9.380780741,2,84
3856,83,0.870802215,0.389523043,2.574646251,1.810403046,-1.395139925,3.811136147,2,84
3857,83,-1.558659698,-3.554658794,8.816649349,0.118225032,-5.993896825,9.845158584,2,88
3858,83,0.689119659,-1.375160039,5.520796922,1.968400692,-3.426638441,6.581509629,4,86
3859,83,0.853732672,-1.861692528,9.887748292,2.558469244,-4.300393663,10.850285390,8,91
3860,83,-0.464309351,-1.412223355,7.662857640,1.022693262,-3.709197769,8.805468706,3,86
3861,83,0.497581003,-2.676106385,6.302141119,1.897343718,-4.800414270,7.250343006,5,88
3862,83,0.294052992,-2.818849941,10.520478771,2.094958765,-5.334895193,11.437400487,3,89
3863,83,-0.697259232,-2.261710356,9.308298303,0.975269561,-4.714208181,10.377433671,2,85
3864,83,0.102241880,-1.115809012,5.367439606,1.360875104,-3.180601985,6.506772282,3,86
3866,84,-0.419083506,-1.987426590,8.602186811,0.825308841,-4.537392163,10.158067659,10,99
3867,84,0.293083255,-1.078930730,4.637464582,1.407385352,-3.237761555,6.282023826,3,87
3868,84,-0.372894724,-1.593368514,8.102440421,0.849379370,-4.096396814,9.697518707,12,99
3870,84,1.067800664,-1.083342124,4.801876263,2.186328407,-3.239936777,6.425134658,2,85
3876,84,-0.028640248,-2.569362238,9.913581929,1.264189655,-5.232845729,11.396849383,5,89
3877,84,-1.573932585,-1.044528317,5.726655830,-0.428721867,-3.350879276,7.417446174,20,104
3878,84,1.068576686,-1.273944734,5.029386293,2.197391032,-3.451348548,6.633157380,2,85
3881,84,0.973726563,-0.944755365,4.661205051,2.085524199,-3.090750707,6.300930617,7,91
3882,84,1.844830730,-0.348154487,5.245305097,2.960188430,-2.532722521,6.916962245,2,86
3883,84,-0.624159525,-2.429567067,6.077632846,0.558776809,-4.740770401,7.608849138,4,88
3889,84,0.959228360,-0.936147954,4.931713261,2.078430070,-3.108383139,6.571296569,3,86
3893,84,2.346025728,1.997182905,7.293955628,3.470212785,-0.383023483,9.168060224,2,85
3894,84,-0.112744501,-2.406741051,9.391346847,1.162174139,-5.023030825,10.895033483,2,85
3899,84,0.919784547,-2.219113229,8.139930911,2.155192366,-4.692767175,9.641158289,6,89
3900,84,-1.103622694,-3.375760609,8.249349527,0.159847266,-5.901105161,9.691155301,2,85
3901,84,-1.483433051,-1.191366709,7.809784865,-0.276945616,-3.694072308,9.473744005,14,100
3903,84,-0.440416454,-1.248851648,7.294389167,0.752196149,-3.677858537,8.928376967,9,99
3904,84,0.015584449,-0.389446672,3.243821753,1.076867515,-2.424803219,4.968825101,4,87
3905,84,0.320156686,-1.648271853,7.927891132,1.538255251,-4.118302506,9.500612005,8,93
3906,84,-0.016933048,0.337602393,3.479919673,1.036031917,-1.724605729,5.274530656,2,85
3907,84,-1.132095905,-3.383163052,8.233120487,0.131089117,-5.907579208,9.675032112,2,89
3908,84,0.032564858,-3.172050004,8.113617770,1.287361941,-5.659104410,9.546277535,3,90
3910,84,0.849393619,-1.098178447,4.918748918,1.971629725,-3.270930825,6.545653605,8,93
3911,84,1.000864679,-1.147968543,4.681530510,2.117392588,-3.294293337,6.300903753,5,91
3912,84,-0.069681736,-0.012399706,3.396658775,0.988179731,-2.066171038,5.159380416,2,85
3913,84,-1.145280902,-3.443092849,8.391896502,0.123588702,-5.982703660,9.827594586,2,85
3915,84,1.195626827,-1.027545229,4.734785048,2.311052303,-3.175037101,6.360435089,6,91
3917,84,0.911577722,-1.050381969,4.996601077,2.034973006,-3.229369895,6.626106339,3,86
3919,84,0.891999609,-1.110896083,4.970474920,2.015919417,-3.287545876,6.594795757,3,86
3920,84,0.947975495,-1.049439283,5.023982993,2.072095937,-3.230207124,6.652500333,3,86
3923,84,-1.696396363,-1.260128131,9.178261125,-0.450059374,-3.898265988,10.834312029,12,100
3924,84,-2.258603176,-1.796673342,8.984175238,-1.006329655,-4.426667305,10.604133798,18,105
3925,84,-0.006778087,-2.073848851,8.482181508,1.235782913,-4.602377597,10.019670517,6,95
3928,84,0.958593454,-1.091041996,4.983432930,2.082427654,-3.267485399,6.607875002,3,86
3931,84,0.794116212,-0.712751976,6.741142809,1.959475915,-3.062886934,8.397490173,2,85
3933,84,-0.109233788,0.360566854,3.594398372,0.946519334,-1.714834254,5.393038805,2,85
3934,84,-0.278520196,-3.216767615,8.381156855,0.984873039,-5.736384961,9.816238492,3,88
3937,84,0.803969321,-0.636741278,4.989438738,1.918725358,-2.819541601,6.661556907,3,86
3940,84,-0.311561161,-3.412269400,8.295233086,0.953465910,-5.923488494,9.712790883,3,88
3941,84,1.060976645,-1.111144893,4.778001518,2.179411757,-3.265480076,6.398880811,2,85
3944,84,0.960988557,-0.937304141,4.977304239,2.081489193,-3.113851790,6.616503958,2,85
3946,84,0.948639197,0.284439841,2.098184876,1.963435943,-1.623055172,3.869555096,2,85
3948,84,0.744583549,-1.897512189,8.400984819,1.980793182,-4.401740171,9.936386963,3,87
3950,84,1.173898947,-0.465026231,5.207822466,2.291014838,-2.660975015,6.885794768,2,85
3952,84,0.963133435,-1.039414123,4.950302729,2.084976118,-3.212835350,6.579758525,2,86
3953,84,0.912955453,-1.026409637,4.919086046,2.033687218,-3.198070956,6.551247311,3,86
3957,84,1.056301341,-0.999954072,4.733132139,2.171197381,-3.150646935,6.365051947,2,85
3958,84,-2.179874536,-2.048182059,9.252964274,-0.914953811,-4.700831848,10.845352864,16,100
3960,84,0.958763616,-0.895160222,4.659989413,2.069516666,-3.041626251,6.304879361,8,91
3961,84,-0.025333876,-0.542690572,3.209313312,1.038158294,-2.574951835,4.920806105,2,85
3962,84,-0.315739373,1.048317287,7.246613480,0.828235173,-1.384377170,9.098592391,2,85
3963,84,-0.167451095,-1.297058653,7.184102726,1.022900648,-3.708968791,8.806934273,2,86
3964,84,1.248367504,1.336154333,7.360110654,2.388658143,-1.072580261,9.198717018,2,85
3966,84,-2.346736044,-2.150104110,9.333867824,-1.077354610,-4.813857144,10.920369626,14,98
3968,84,-0.115086940,0.346152525,3.600601395,0.941139684,-1.729907218,5.397975898,2,85
3969,84,-0.961206956,-2.158203453,9.333121588,0.307484208,-4.789772689,10.882974508,2,85
3972,84,1.323302345,-1.463564586,6.175711737,2.487950090,-3.743748931,7.748944242,2,85
3973,84,1.063234138,-1.100101727,4.767611181,2.181150006,-3.253444823,6.389546034,2,85
3974,84,0.054254453,-1.557358292,7.604347846,1.261587545,-4.003052157,9.194308448,9,95
3978,84,-0.293178637,-1.474299187,10.535058594,0.994695295,-4.208635028,12.127425948,10,99
3982,84,-0.117934726,-2.399960631,9.152498195,1.150161613,-4.993567830,10.658159630,3,88
3983,84,-1.546812275,-1.246004364,7.640059145,-0.343914453,-3.733685142,9.301247577,12,98
3984,84,0.809260076,-0.918806485,5.059703712,1.931778562,-3.106834130,6.704201439,6,91
3985,84,0.253040528,-1.731279960,8.255026360,1.482043502,-4.233738095,9.819872472,9,93
3987,84,0.971993458,-0.977546606,4.883147346,2.090679049,-3.144642269,6.518659299,3,86
3990,84,0.170363287,-0.953917452,4.234550693,1.270890698,-3.077674005,5.896317592,4,87
3991,84,-1.140824816,-2.644498701,8.595380600,0.117320596,-5.207334083,10.106773702,8,91
3992,84,-0.345731140,-2.020567812,7.311841311,0.863177904,-4.445308552,8.869053709,2,85
3993,84,0.300645088,-2.282735455,9.361487427,1.571929162,-4.887202468,10.866548321,2,85
3995,84,-2.018216536,-1.900350411,8.112276651,-0.788363509,-4.440917278,9.720375056,15,100
3998,84,-0.119618142,0.350238713,3.599587151,0.936498820,-1.725848771,5.397477100,2,85
4000,84,-0.527763444,-1.166605905,4.286997158,0.579025743,-3.310505874,5.946118664,8,97
4003,85,-0.253529417,-1.905045769,8.327525496,1.144571257,-4.645541122,10.136273021,10,95
4004,85,-3.252446766,-2.196108551,10.304767195,-1.768532243,-5.138214273,12.199961154,15,103
4006,85,-0.107765563,-1.315344956,7.128188216,1.243477679,-3.929484148,9.002745786,10,95
4008,85,0.832687959,-0.761172368,4.719803388,2.083764091,-3.120358458,6.629749384,2,86
4011,85,0.573516652,-1.400331219,8.254232587,1.972009363,-4.139075147,10.081938653,8,93
4015,85,-0.354230344,-1.605785609,7.388149733,1.005972844,-4.245510290,9.240231751,8,97
4016,85,0.809510521,-0.754432133,4.638881729,2.057171568,-3.104767868,6.551131888,3,91
4017,85,0.848488445,-0.768354153,4.388069987,2.085156231,-3.091483720,6.298822512,5,91
4018,85,-0.219912307,-0.588998990,3.007384108,0.959696770,-2.758884307,4.993962149,2,86
4019,85,1.468428376,-1.353509299,6.557834148,2.793172050,-3.911537182,8.363001404,6,90
4020,85,0.846472932,-0.770754317,4.374228131,2.082523964,-3.092356503,6.284903838,6,91
4021,85,-0.137960387,-2.097897619,8.386436816,1.260906595,-4.844104480,10.168788590,4,90
4022,85,0.903732292,-0.625574228,4.493324638,2.146127243,-2.961213139,6.416417761,7,91
4023,85,0.910734741,-0.737067602,4.356610270,2.146253376,-3.057204261,6.268241130,6,90
4024,85,-1.755171949,-1.041738063,5.325197006,-0.477854467,-3.455012116,7.314113864,14,103
4027,85,0.778857351,-0.770053274,4.790976734,2.032983709,-3.136716898,6.701832699,5,91
4028,85,0.663044661,-1.191491423,5.365011230,1.938440155,-3.617626498,7.231290694,2,86
4029,85,-0.432590978,-1.409252367,8.148594945,0.962237942,-4.132535945,10.020210392,9,95
4030,85,-0.103401989,-1.429514474,7.484258936,1.262232783,-4.081714760,9.343794410,8,95
4031,85,0.218420408,-1.211185482,7.983916900,1.607214642,-3.920272919,9.849580268,6,93
4035,85,0.143334800,-1.466029459,7.698663140,1.517676777,-4.142290196,9.541937118,8,93
4036,85,-0.172695702,-3.303123645,9.036845351,1.243888242,-6.112768974,10.685517101,3,88
4037,85,0.146900380,-1.484715157,8.595550934,1.559823151,-4.258413806,10.430480068,7,94
4038,85,-0.152051663,0.304340786,3.143491788,1.041090884,-1.885915296,5.223061314,2,88
4039,85,-0.437877641,-1.812362733,7.840923339,0.940181605,-4.499773171,9.671157285,11,96
4041,85,-1.095795231,-2.292502843,8.890878542,0.324112111,-5.088679825,10.690688227,4,89
4042,85,0.760883355,-0.922597889,4.616044161,2.006151884,-3.269262023,6.512343458,8,93
4043,85,-0.155942298,-1.895446821,8.097163763,1.232194901,-4.611327906,9.904252620,7,95
4044,85,0.761142306,-0.715302998,4.635010902,2.009021216,-3.065261722,6.553654722,6,90
4046,85,2.185139087,1.522775001,11.267059651,3.737480707,-1.567245278,13.320426854,2,88
4047,85,0.702726485,-1.014117232,4.685280248,1.950251660,-3.367540639,6.573728522,2,86
4048,85,-0.177075872,-1.810092618,8.326272004,1.221716923,-4.551313355,10.141973085,8,95
4049,85,1.746717614,1.951521453,11.052814999,3.293934364,-1.116038179,13.173401435,2,87
4050,85,-1.258045711,-0.951394643,8.039994631,0.136849534,-3.662371329,9.998245701,9,99
4051,85,-0.278869759,-0.254622174,3.144765972,0.909620883,-2.441203484,5.169258791,2,86
4052,85,-2.347527320,-1.343865509,7.057335341,-0.997416725,-3.941404837,9.027574185,12,100
4054,85,-1.601636234,-0.916117725,4.542432868,-0.357197879,-3.245611642,6.543616096,17,104
4055,85,0.696802035,-2.944120025,8.193899901,2.079228555,-5.667615660,9.849148741,5,90
4056,85,-0.642428410,-1.092629441,7.014675644,0.706354707,-3.693664023,8.937634755,9,99
4057,85,-0.669584813,-1.702775909,8.258841670,0.727700512,-4.435382343,10.108260046,10,99
4058,85,-1.863519605,-0.932005767,6.379104411,-0.539619713,-3.460119950,8.377438919,18,104
4059,85,-0.684334896,-2.333239400,11.348653579,0.840997280,-5.398056137,13.109103664,11,98
4060,85,-0.737706360,-1.773162917,8.554976450,0.671829960,-4.537290132,10.397714651,11,99
4061,85,-1.944164192,-1.487058333,6.486105099,-0.620359841,-4.023198414,8.427034508,14,101
4062,85,0.752034911,-0.868882912,4.846856406,2.007747322,-3.240931980,6.747785064,4,91
4063,85,-0.095703797,-1.358112996,7.330231411,1.263886472,-3.994017052,9.198232435,9,95
4064,85,-1.654474534,-1.072994705,7.504322588,-0.283386280,-3.723451536,9.470459766,14,100
4065,85,-2.428276344,-1.887875664,9.268079997,-0.987283633,-4.722284542,11.167663807,11,99
4066,85,0.137121743,-1.479919804,7.639067365,1.508775175,-4.149592916,9.481516658,6,93
4067,85,-1.619126621,-3.371245183,8.050377336,-0.244342540,-6.067574491,9.761910750,5,90
4068,85,-0.740677000,-1.755035874,8.474544982,0.665544190,-4.510512378,10.319932413,11,99
4069,85,-1.871732518,-1.074598069,7.514624539,-0.500002129,-3.725319332,9.490051032,15,100
4070,85,-2.245114337,-1.811944172,8.151671167,-0.851872401,-4.526109982,10.059123359,12,100
4071,85,-2.435517689,-2.633118675,7.468052488,-1.078719229,-5.267324007,9.299480163,14,102
4072,85,-2.728010508,-2.340153743,5.725782486,-1.443662897,-4.785490513,7.613793993,5,89
4073,85,-0.146882612,0.319379911,3.244590772,1.050752366,-1.881979954,5.324870291,2,88
4074,85,-0.191254959,-1.811105384,8.320857850,1.207308960,-4.551676090,10.137108492,9,95
4075,85,0.220455518,-1.208678692,8.045554795,1.611932207,-3.924491957,9.910977337,5,93
4076,85,-0.710323667,-2.236435916,5.178727954,0.549328286,-4.630757613,6.993205470,4,88
4077,85,-0.942879301,-2.076989760,10.259514844,0.537867196,-5.023879047,12.066589430,10,99
4078,85,0.338511473,-2.603893789,11.698663236,1.875632251,-5.709150909,13.382463816,5,91
4079,85,-0.569354653,-1.077700882,7.041209636,0.780632788,-3.681994311,8.962399107,13,99
4081,85,-1.628700909,-1.908649900,8.392718702,-0.226479819,-4.650856282,10.260974554,5,89
4082,85,0.101964483,-1.537540653,6.626650745,1.429417551,-4.096636092,8.471347587,7,93
4083,85,0.875898325,-0.805434258,4.494634085,2.116822672,-3.140039072,6.399429456,4,91
4084,85,-1.582512060,0.188548685,2.204622178,-0.429540552,-1.893346753,4.340854502,7,91
4085,85,-0.238409131,0.219763554,3.098183474,0.952129090,-1.964726661,5.172679453,3,88
4086,85,0.699924636,-1.297998473,7.568854473,2.069570422,-3.963308855,9.406822235,2,86
4088,85,-0.991408520,-1.540283993,7.364574276,0.368960872,-4.175351617,9.251885021,12,99
4090,85,0.111190746,-0.812821428,4.596652133,1.357200939,-3.155497611,6.533503280,2,86
4096,85,-0.326759860,0.043420158,3.198971368,0.866694392,-2.150639198,5.257523340,2,88
4097,85,-0.319904360,-1.120284122,6.900028411,1.023373857,-3.709943242,8.806621863,2,86
4098,85,-0.177225798,-1.098331581,6.866844737,1.164670042,-3.685068224,8.769786228,2,86
4099,85,1.023431269,-0.784500764,11.174502087,2.552964818,-3.846228617,13.029204494,2,86
4101,85,0.390818448,-1.454582449,7.803643315,1.769554213,-4.143291688,9.636577391,6,93
4102,85,0.715543760,-1.011593210,4.775149615,1.966960675,-3.374854674,6.662691830,2,86
4103,85,1.328087587,0.375183215,8.619031154,2.756949508,-2.416715039,10.603715829,2,87
4104,85,-0.562215193,-1.413379495,7.866184877,0.820503754,-4.105421991,9.744981088,13,99
4105,85,-0.267659793,-0.278507565,3.152475938,0.920946640,-2.465829152,5.173832907,2,86
4106,85,0.100694993,-0.808538519,4.565477397,1.345405632,-3.147809049,6.503467882,2,86
4108,85,0.695109224,-0.995321357,5.023419089,1.957411875,-3.385598715,6.911917553,2,86
4109,85,-0.139945856,-0.744804336,4.040654864,1.082876733,-3.026442347,5.999724439,2,86
4110,85,-1.597929838,-2.531418170,9.159239789,-0.168006202,-5.353404066,10.953325045,4,88
4111,85,-0.183746594,-2.928025618,8.428796829,1.209821546,-5.673731130,10.122819234,4,88
4112,85,-0.870469416,-2.589322635,6.971121721,0.463720430,-5.175844600,8.742034388,6,90
4113,85,-1.638397698,-1.118369316,7.265604533,-0.278029807,-3.742659156,9.227754172,12,100
4114,85,0.354682886,-1.478396227,8.010515439,1.742184873,-4.189320262,9.841030906,7,93
4115,85,1.110696605,-1.456780536,9.059071600,2.542949161,-4.284806766,10.851552003,2,86
4122,85,0.708654873,-0.908697231,4.889949497,1.965926992,-3.285027173,6.788166942,2,86
4125,85,-1.714873850,-1.530043171,6.914573110,-0.373153664,-4.113416384,8.837834238,13,99
4128,85,-0.703446552,-1.042351065,4.218035146,0.525014876,-3.339316734,6.168338261,10,95
4130,85,0.917879018,-1.488845564,8.149798414,2.310760935,-4.217048355,9.953508608,2,86
4131,85,-0.656342759,-1.365308532,7.577915145,0.714429661,-4.025920968,9.468036819,11,99
4132,85,0.057632836,-0.815608367,3.951767483,1.275811810,-3.087929275,5.895096858,3,87
4134,85,-0.643368246,-1.043387772,7.328211880,0.719386112,-3.678807623,9.254399757,11,99
4137,85,-0.181664227,0.159518285,3.100487568,1.008397848,-2.025085802,5.165942493,2,88
4140,85,0.592304003,-0.120579467,5.053415749,1.863561105,-2.518912903,7.041106659,3,87
4142,85,-1.476323376,-0.034018740,2.094446052,-0.330137837,-2.103024718,4.202632486,6,91
4146,85,-0.177032389,-1.810190169,8.326336408,1.221762304,-4.551417500,10.142024556,10,95
4147,85,0.716035773,-0.914440441,4.672212954,1.963844838,-3.267086563,6.570979319,5,93
4149,85,-2.166967407,-1.526532886,7.444184996,-0.801898602,-4.165760104,9.384027948,13,101
4151,85,0.843262537,-0.761256921,4.367918473,2.079126176,-3.082216834,6.279808634,4,91
4152,85,-0.009211092,-0.113229760,3.057750878,1.176480453,-2.292238464,5.086345399,2,87
4153,85,-0.119393090,0.112184167,3.036600435,1.067439567,-2.065433809,5.094627048,2,87
4154,85,-0.085234366,-0.786718959,4.283229074,1.147652163,-3.094700727,6.233684622,2,86
4156,85,-0.300719891,-0.221709076,3.100177272,0.886150133,-2.403551769,5.129505492,2,86
4158,85,0.805457073,-0.000814115,4.841508683,2.068387703,-2.377644605,6.834292954,2,86
4160,85,-2.791160149,-3.128265087,8.387148870,-1.398589880,-5.858094748,10.174158611,13,102
4161,85,0.851120697,-0.700150368,4.320110843,2.085439438,-3.016304768,6.238613086,6,91
4162,85,0.398746122,0.475757224,5.321533875,1.686926944,-1.954520786,7.380564082,2,88
4163,85,0.863303412,-0.669107547,4.407899207,2.101671044,-2.995040579,6.328631092,7,91
4165,85,-0.238631350,0.253250466,3.306006024,0.961174426,-1.954038080,5.382716524,3,88
4166,85,0.121661807,-1.483870649,7.787982291,1.499729263,-4.169654311,9.629658434,6,93
4167,85,-0.359133076,0.190983717,3.232347509,0.837069582,-2.007455399,5.308097703,2,87
4168,85,-0.178627934,-0.045006927,3.052054734,1.007571553,-2.223141322,5.095523397,2,86
4169,85,-0.310004849,-1.121656637,7.748007018,1.069884732,-3.803562366,9.648191706,9,97
4170,85,-2.114522446,-1.793712093,7.692296912,-0.741094814,-4.458538765,9.599151822,14,100
4172,85,0.753334664,-0.730663748,4.663072404,2.002300682,-3.083552479,6.580199824,7,91
4174,85,1.268928280,0.042955670,8.578359919,2.693219809,-2.742316322,10.529881932,2,86
4176,85,-0.217401384,-0.597037813,3.002553539,0.961927108,-2.766359859,4.988182571,2,86
4177,85,0.759507444,-2.501439602,5.768310686,2.040912437,-4.964029695,7.485490636,5,89
4178,85,-0.341649010,-1.941866138,8.116371671,1.047097167,-4.658836945,9.926442701,3,88
4179,85,0.713031134,-1.151587167,7.629677338,2.086556916,-3.824432424,9.482533976,2,87
4182,85,0.719838157,-0.921931264,4.824081598,1.974139555,-3.291063166,6.720825229,2,86
4183,85,-2.730549468,-3.495865166,8.557073278,-1.333873768,-6.242227005,10.300380681,2,89
4185,85,0.456968322,-1.582037646,7.841525484,1.836175018,-4.274367334,9.657470815,3,87
4187,85,0.718953026,-0.880985169,4.793582733,1.972291548,-3.247040075,6.695016331,2,86
4189,85,-1.861840011,-1.116199376,7.739297627,-0.480772791,-3.791144942,9.708233864,12,100
4190,85,-1.838914573,-1.206244236,7.152022723,-0.484018089,-3.816879277,9.114219826,11,100
4191,85,-0.385211703,0.423591982,3.506534569,0.824871210,-1.805944206,5.606777602,2,87
4192,85,1.261794093,0.833623496,8.595138287,2.693649655,-1.958140553,10.632625305,2,87
4193,85,-0.876415945,-0.923980886,4.826093599,0.379504519,-3.287100938,6.792650073,10,99
4194,85,-0.873508647,-0.913561108,4.894323558,0.385446580,-3.284174250,6.861414002,9,99
4196,85,0.686938016,-0.986805701,4.911125506,1.944471081,-3.364890063,6.801677717,2,86
4198,85,-0.200776084,-1.783065410,8.393268082,1.201167512,-4.531640022,10.212480717,8,93
4200,85,-0.112920165,-1.373586712,7.256533143,1.243369331,-4.001317252,9.124117471,8,95
4201,85,-0.853660052,-0.902484341,4.776135748,0.400265883,-3.260387867,6.744368643,11,99
4202,85,-0.513566642,-1.221888778,9.360364908,0.935308628,-4.077747395,11.247533350,11,99
4204,85,-2.074797417,-1.283144289,6.601209791,-0.744131633,-3.832503806,8.569200526,19,105
4205,85,0.729062290,-0.959366336,7.791752041,2.111235173,-3.651040853,9.663642789,2,86
4207,85,0.109156702,-0.820773027,4.593531187,1.354965334,-3.163054670,6.529630489,2,86
4208,85,-2.528754294,-2.309803191,7.734755946,-1.157549851,-4.974568787,9.603514398,13,100
4209,85,0.847845580,-0.769695687,4.386359507,2.084428504,-3.092628772,6.297006472,7,91
4210,85,-1.773008114,-1.890511488,8.513284737,-0.365281699,-4.645374755,10.389012561,12,100
4211,85,0.689840597,-0.979711704,4.948987317,1.949067782,-3.361966906,6.839921566,2,86
4212,85,0.873728946,-0.818617764,4.490145000,2.114347549,-3.152647659,6.393636336,5,91
4213,85,-1.737921373,-1.443054308,6.836231741,-0.398811487,-4.018334815,8.770478525,12,100
4215,85,-0.172341637,-1.911499319,8.075775939,1.214748814,-4.624895304,9.881990100,7,95
4219,85,0.647101586,-0.934285442,4.927940454,1.905853575,-3.314355093,6.825822408,2,86
4220,85,-0.183674248,-3.452617004,8.541977171,1.210250163,-6.207515775,10.178314151,4,89
4222,85,-0.312043376,1.014191624,7.825466727,1.089650637,-1.688813104,9.956893542,3,87
4223,85,-0.655913715,-1.582739797,8.450672985,0.750682735,-4.336973622,10.311194424,12,99
4224,85,-0.589640685,-1.076597562,6.920886919,0.755178022,-3.667733629,8.843912887,14,99
4226,85,0.748156343,-0.879003965,4.564667617,1.991594454,-3.220290283,6.466607190,7,91
4228,85,-0.697876082,-1.658053679,8.475920156,0.709200996,-4.414422380,10.329939975,12,99
4230,85,-0.242717187,-0.078368356,3.115520291,0.945997970,-2.262956738,5.157746549,3,87
4231,85,-0.133836122,-1.613343731,8.164321020,1.259618513,-4.338289385,10.000579382,9,95
4234,85,0.705831810,-0.924181631,5.074050823,1.970926080,-3.320429322,6.969447750,2,86
4235,86,1.559903016,-0.123510537,3.686972802,2.180732494,-3.024708259,6.336147275,5,91
4236,86,0.725663701,-0.320433025,3.598302435,1.351217187,-3.140131923,6.133223970,2,87
4237,86,1.261826853,-0.686558603,7.018953024,1.499645657,-4.169923443,9.455853611,5,93
4238,86,1.527420153,-0.336740639,3.688641608,2.136733651,-3.231612221,6.293959008,3,90
4239,86,1.456361374,0.038976949,3.806285092,2.074052423,-2.879896035,6.474014093,6,91
4240,86,2.012349556,-0.591234677,7.084423200,2.242999525,-4.143647288,9.608797762,2,87
4241,86,-0.461896626,-1.055573992,8.771707912,-0.418288664,-4.728781269,10.935296262,11,99
4244,86,1.394299554,-0.163053917,3.978761094,1.983116762,-3.105194199,6.598060673,3,90
4246,86,0.288309992,-0.168212838,2.411971412,1.051505481,-2.739803177,4.962010779,2,87
4247,86,1.448952171,-0.129257692,3.660578903,2.073073113,-3.017327821,6.298800996,5,90
4248,86,1.694309911,-0.123540830,3.726196949,2.310001048,-3.041840819,6.387136140,5,91
4249,86,0.527452021,-0.867926791,7.739392506,0.684017882,-4.426833419,10.055838992,10,98
4250,86,-0.500664130,-1.871762261,5.693616601,-0.173497066,-4.957473973,7.768264679,5,90
4251,86,-0.530548919,-0.250223584,6.696237637,-0.221874142,-3.551209953,9.054970117,13,100
4252,86,0.167980081,-1.044310547,7.223236352,0.372478112,-4.478020044,9.483937444,11,98
4253,86,1.668421863,-0.847447431,7.280725754,1.866740509,-4.405769176,9.719193390,3,88
4254,86,-1.657940327,-1.195453268,10.436364072,-1.790512101,-5.085514103,12.422209643,16,105
4255,86,1.485761897,-0.196416657,3.686544858,2.103211548,-3.090642808,6.314804146,6,91
4256,86,0.849090221,-0.424769289,8.763445298,0.918420734,-4.205201089,11.171391876,9,99
4257,86,-1.097535752,-1.124393711,7.960015650,-0.966729978,-4.599717378,10.069171434,14,100
4258,86,-0.570152867,-0.278721316,7.266662350,-0.323445846,-3.681564756,9.603108568,12,100
4259,86,-1.443529412,-1.532798712,7.563188265,-1.290177705,-4.901322390,9.570779806,17,102
4260,86,-1.046090096,-1.136498934,8.990251573,-1.025947870,-4.805591332,11.078274207,12,98
4261,86,-1.298460676,-1.976246481,7.300644317,-1.142271490,-5.298091399,9.243185099,15,102
4262,86,1.816475181,-0.853710077,7.546658117,1.985093155,-4.471873255,9.991777193,3,88
4263,86,-0.920804764,-0.458969895,4.702682893,-0.408507983,-3.359049654,7.030525158,18,104
4264,86,1.612412536,-0.830477895,7.025722949,1.839190639,-4.337942153,9.468012299,8,93
4265,86,-1.614664880,-2.358677882,8.982590177,-1.655957793,-5.960277533,10.783580067,5,91
4266,86,0.716979052,-0.999480051,7.333884442,0.908203394,-4.494789142,9.652370999,10,96
4267,86,1.564537742,-0.126036984,3.691296885,2.184736763,-3.028322789,6.340326068,4,89
4268,86,1.267143002,-2.555478694,8.912544579,1.201989282,-6.351628340,10.949220267,3,89
4269,86,-1.353670059,-1.029247294,8.442868749,-1.267252540,-4.576838332,10.534969113,12,99
4270,86,0.393389407,-0.360203421,6.588806659,0.700912954,-3.706939210,9.016093600,10,99
4273,86,1.715788445,-0.653330563,5.586353614,2.104617723,-3.906126640,8.105318034,8,93
4276,86,-1.629201025,-2.342847797,8.661158395,-1.635323881,-5.884343389,10.471188439,12,99
4277,86,-0.946960914,-0.463878215,4.955929065,-0.461693784,-3.408703953,7.274548888,17,103
4278,86,1.398881883,-0.413438125,4.038132317,1.967760799,-3.361885494,6.608642019,6,93
4279,86,1.454038597,-0.174874429,3.613457009,2.080662451,-3.053706999,6.244522190,4,89
4280,86,-0.536413210,-0.601523393,7.181353491,-0.298386106,-3.984653427,9.461240976,13,100
4281,86,2.045319508,-0.631597843,7.661113788,2.212171346,-4.292111949,10.167632357,4,91
4282,86,-0.549607914,-0.629144897,6.893404505,-0.282341527,-3.957585642,9.173384115,13,100
4283,86,-1.804695045,-0.908093295,6.122927494,-1.461584022,-3.996629037,8.248963491,3,89
4284,86,1.075471834,-0.939211054,7.790421697,1.218814698,-4.546321558,10.143737176,7,95
4285,86,1.091890675,-1.596973948,7.583788555,1.221412316,-5.154019099,9.817676123,3,88
4286,86,-1.043361084,-1.124650043,9.268145836,-1.052169075,-4.845492865,11.352305922,11,98
4287,86,-1.686835723,-1.773623981,6.217512499,-1.401602674,-4.871014340,8.187051532,4,89
4288,86,-0.950623268,-0.482157941,5.044169432,-0.475712455,-3.442644391,7.356922713,14,103
4289,86,0.857968008,-2.140499465,7.576742971,0.960419939,-5.668246418,9.684850355,2,87
4290,86,-1.530136959,-2.047347688,8.059806066,-1.456937549,-5.490960769,9.949472944,5,91
4291,86,-0.395695983,-0.599391836,6.152584157,-0.049078644,-3.802922063,8.469781586,9,98
4292,86,1.021364756,-2.241886340,6.490397176,1.232754387,-5.579001642,8.619489242,5,90
4293,86,1.305547474,-0.314370830,7.257363914,1.537878253,-3.852386905,9.764048027,7,94
4295,86,-1.328868336,-2.550878528,9.162181472,-1.401749761,-6.202774038,10.949252959,14,102
4296,86,2.085437566,-0.250855356,7.780404992,2.259968181,-3.943931180,10.360739338,2,87
4298,86,1.418059854,0.276791182,4.390492289,1.986758566,-2.751889099,7.086643403,2,87
4301,86,1.339337147,-0.272636120,4.356295265,1.882424024,-3.278272330,6.940793964,2,87
4303,86,1.351719626,-0.248974557,4.405391779,1.890776959,-3.265056716,6.994452506,2,87
4306,86,-1.279633901,-2.486947079,7.472112270,-1.169540533,-5.831652870,9.314874447,17,102
4307,86,-1.499038729,-1.174199376,8.591802143,-1.435295708,-4.735737186,10.639069834,7,100
4309,86,-1.910260248,-1.028365665,8.421254760,-1.817509161,-4.531152030,10.461545725,12,100
4310,86,-0.355824404,-1.784479944,5.714793887,-0.027211790,-4.886467698,7.819293626,4,89
4313,86,-0.491931152,-1.050413748,8.258807931,-0.393245005,-4.626812120,10.432334833,11,100
4314,86,-1.512731670,-1.182898866,8.547095181,-1.444604939,-4.735003448,10.592436261,13,100
4315,86,2.091754049,-0.283683274,7.759807451,2.266650021,-3.972764556,10.334935883,2,87
4317,86,1.334542711,0.353620239,4.337601553,1.913637270,-2.660698651,7.041778880,2,87
4318,86,-1.097474780,-1.207494394,8.540965308,-1.033003901,-4.788439722,10.620895891,13,100
4320,86,1.719793575,-0.797327084,6.267230264,2.028320902,-4.173271838,8.743406029,2,87
4323,86,-0.150127135,-0.372606811,4.389093889,0.394709912,-3.273039856,6.813306413,10,99
4324,86,-0.943987977,-0.474232857,4.769888677,-0.439505513,-3.384717340,7.091083888,11,104
4325,86,2.013574500,-0.697435523,7.275245185,2.218145302,-4.283056406,9.775052132,2,87
4327,86,1.464714387,-0.667704893,5.976541023,1.813037537,-3.973844954,8.460122548,3,88
4328,86,1.415178342,-0.312234833,7.392882134,1.632418079,-3.883359791,9.907196828,8,93
4329,86,2.442922885,-0.906993372,8.445979260,2.508457401,-4.736112332,10.919312599,2,87
4331,86,2.130549146,-0.791063571,7.498673964,2.305424170,-4.424655679,9.986480001,2,87
4334,87,2.403218705,-1.678156396,10.798734059,0.174166413,-5.297616967,13.234131272,11,99
4335,87,0.453549648,-1.941252879,8.890713445,-1.265265171,-5.072814864,10.912822895,13,100
4336,87,2.811728556,-1.815276678,8.141569496,1.205184615,-5.166518840,10.750983969,4,93
4337,87,1.862870928,-1.441482642,8.338873288,0.278243499,-4.698550764,10.778689796,10,98
4338,87,1.813147326,-2.582691300,7.619006398,0.294635319,-5.728652779,9.905958952,3,89
4340,87,2.817350624,-1.765539897,10.782376424,0.569083481,-5.435688317,13.300354426,10,97
4341,87,1.812991334,-1.420341375,8.174968568,0.272320455,-4.651537289,10.612694811,11,99
4342,87,1.403252240,-0.546589658,4.876630298,0.770060493,-3.341769409,7.474681668,10,99
4344,87,2.423135613,-0.896193935,6.535096272,1.313642055,-4.018234051,9.252266914,5,95
4345,87,2.349917428,-0.326484399,3.600880921,2.017068613,-3.095360033,6.496719018,5,91
4347,87,2.614623159,-2.630007108,6.763809377,1.272442210,-5.777020871,9.259802275,3,90
4348,87,0.873793375,-0.637084849,6.634873792,-0.179903275,-3.573053812,9.031605756,11,100
4349,87,-0.563314224,-1.904375874,6.287493335,-1.605333499,-4.590966441,8.180735302,2,89
4350,87,-0.348063682,-1.359611467,6.433532316,-1.380054634,-4.100482435,8.451111541,2,88
4351,87,3.429413974,-1.503665192,8.003705624,1.865298673,-4.923882360,10.805942237,2,88
4352,87,0.101858675,-1.662076499,7.925512088,-1.340894089,-4.636172621,9.944905817,2,89
4353,87,2.427668767,-2.469160335,7.349875535,0.964414415,-5.664765823,9.804609444,2,88
4355,87,2.322945891,-1.329166460,7.568622371,0.921583069,-4.555478894,10.159646170,6,95
4356,87,-0.637522438,-0.438321660,4.108938946,-0.999978047,-2.876654731,6.284528250,16,105
4357,87,0.806359606,-1.218222800,7.086313666,-0.412407755,-4.190430563,9.364553507,11,100
4359,87,2.866344735,-2.993651913,7.764306909,1.234721047,-6.287988827,10.226283246,3,90
4361,87,0.385885315,-2.527416966,7.610479117,-1.074617140,-5.486987762,9.578926020,4,90
4362,87,2.379626937,-0.937508172,6.568341117,1.259486373,-4.057211064,9.268174315,7,95
4364,87,2.359496860,-0.333422958,3.365940880,2.083136067,-3.075202427,6.271851291,4,91
4365,87,-0.354519085,-1.215963897,5.662041405,-1.183362574,-3.865549842,7.728620411,2,89
4367,87,3.488460242,-0.673899988,6.805758665,2.296805022,-3.971009035,9.789621241,3,90
4368,87,0.094751770,-0.691384465,4.220259197,-0.345666565,-3.234636519,6.521981446,11,103
4371,87,1.532759965,-1.227674143,7.368202216,0.218363189,-4.328398147,9.800788451,11,99
4372,87,1.885214316,-0.885352346,6.677129145,0.761052305,-3.954441526,9.267276276,12,99
4373,87,1.935988428,-0.627194631,7.140820475,0.721832169,-3.762732563,9.763202198,11,99
4374,87,0.912089812,0.530724641,2.654946926,0.945672999,-1.950440004,5.383967347,2,88
4375,87,0.315631699,-1.871758225,4.453043627,-0.305268838,-4.453087109,6.622006092,4,90
4376,87,2.615072152,-1.312513136,7.483838452,1.225757184,-4.567019401,10.147467409,8,95
4377,87,2.354984759,-1.074162400,5.773534899,1.416870193,-4.092958895,8.477635913,6,92
4378,87,0.302094027,-2.577989803,7.844558159,-1.217696258,-5.553957196,9.777458261,13,100
4381,87,2.367744370,-0.886901581,6.511270201,1.266953596,-3.998997597,9.218027084,8,95
4382,87,1.763940291,-0.964730522,6.343961973,0.717840338,-3.976694167,8.907212123,11,99
4383,87,0.943220575,-0.652285297,4.517674944,0.403811048,-3.342618451,7.008301705,10,99
4384,87,0.497877406,-1.245497334,7.103945926,-0.716963081,-4.179137939,9.306807557,11,100
4387,87,0.971131710,-2.584204320,8.101296470,-0.635784818,-5.678231408,10.176832269,4,90
4388,87,2.809376147,-2.895214046,7.213014384,1.324357763,-6.117421806,9.697387195,2,90
4395,87,1.905908762,-1.603692276,9.103351855,0.116736561,-4.955681842,11.500070984,3,89
4406,87,0.355305019,-2.317480192,6.295490249,-0.761665621,-5.118349419,8.337809005,4,90
4407,87,0.913501296,-0.580893605,7.165842563,-0.266060181,-3.586749468,9.559858941,11,98
4408,87,-2.355268713,-0.955568167,5.127195419,-2.956876880,-3.283927653,6.794153784,2,90
4409,87,0.906890004,0.443228905,2.630971158,0.937950484,-2.032987878,5.346770700,2,88
4412,87,0.528232098,-1.651193310,8.568597001,-1.085951609,-4.758388033,10.662916032,11,100
4416,87,-0.161133915,-2.206163390,9.200344461,-1.959950501,-5.290526562,11.030715793,10,100
4420,87,0.390117983,-2.597459573,6.730328344,-0.861961662,-5.450691324,8.722742931,12,102
4424,87,2.086593152,-1.273622774,7.498861741,0.716113176,-4.461590556,10.046591460,9,98
4428,87,1.411308942,-2.060691355,5.105623973,0.573385605,-4.860427682,7.472949971,2,88
4430,87,0.497207971,-1.551574475,7.984150821,-0.963057628,-4.586059702,10.108241568,13,100
4433,87,0.996548563,0.545450410,2.479378816,1.071560730,-1.925868240,5.236580789,2,88
4434,87,2.196455334,-1.344406829,7.126580914,0.906274729,-4.500845370,9.703122773,10,96
4438,87,2.419597487,-0.310992747,3.789686438,2.039586756,-3.111898087,6.696624624,5,91
4440,87,2.596961674,-1.378067355,7.355499347,1.233276665,-4.613746239,10.010149052,6,95
4441,87,0.475350300,-2.002106084,8.084359353,-1.052826180,-5.038636427,10.133023682,12,100
4442,87,2.638152283,-1.284201966,7.536124097,1.237997215,-4.548452924,10.207245925,7,95
4444,87,2.715037047,-0.838310667,4.784711957,2.029334609,-3.788990112,7.643654606,5,93
4445,87,0.692559377,-1.105536803,7.200357442,-0.539051731,-4.078388510,9.464865473,11,100
4449,87,0.455701072,-1.245802244,7.262331135,-0.796445313,-4.192969875,9.449482231,10,100
4453,87,2.200765988,-0.888143436,6.136889493,1.197400563,-3.933436132,8.819394037,9,95
4454,87,0.242480700,-1.678784699,7.190773278,-1.027041242,-4.582661363,9.267759029,10,97
4459,87,-0.576100190,-2.127148484,5.287515677,-1.394732870,-4.688355381,7.182782795,2,89
4460,87,0.837148688,-0.757486875,3.512559595,0.537207301,-3.311510938,6.001418770,6,95
4461,87,0.714322352,-1.549354406,7.636995702,-0.668434161,-4.570483354,9.824314376,8,98
4466,87,0.946155639,-0.655241692,4.654232184,0.372926941,-3.362322994,7.139919095,7,99
4469,87,-1.596795000,-0.504017626,3.225532628,-1.715510426,-2.709962100,5.205105482,2,90
4470,87,-1.388749046,-0.452428368,2.921024143,-1.435234643,-2.649741766,4.967431368,3,90
4471,87,2.992910457,-1.956435698,8.620887566,1.248796195,-5.386687703,11.232774654,3,89
4473,87,-0.376603211,0.316160309,1.761669409,-0.099797176,-1.886082190,4.197559969,3,89
4474,87,4.585988135,-0.593380284,8.568719823,2.931861801,-4.246862662,11.749134091,5,91
4479,87,2.153284513,-0.858874102,6.119390103,1.158751291,-3.896332076,8.796007377,8,95
4480,87,2.321765344,-0.922696264,6.493559668,1.223428457,-4.026096211,9.185160375,7,95
4489,87,0.403327520,-0.929608151,4.190103054,-0.063976594,-3.505723148,6.528439851,12,100
4492,87,-0.551681695,-0.013195351,1.984622946,-0.355533097,-2.214163358,4.323249237,3,89
4498,87,-0.286573341,0.435598796,1.848813775,-0.022577706,-1.790759534,4.319690288,2,88
4500,87,-2.253567197,-0.970892494,5.176879184,-2.872437335,-3.318251094,6.862989636,3,90
4501,87,-0.280143661,0.468235488,1.895794226,-0.024676428,-1.765125837,4.371189474,2,88
4503,87,2.518297495,-0.794510611,8.726920281,0.878902504,-4.194004211,11.397865698,11,99
4505,87,2.573622627,-1.157190238,7.138214244,1.285596926,-4.367212832,9.828412712,7,93
4508,87,-1.441861337,-0.498480384,2.981934250,-1.505890166,-2.695453171,5.007054711,3,90
4509,87,0.257179611,-2.298393905,8.556831401,-1.407963974,-5.358539417,10.493792282,3,89
4510,87,1.733843367,-0.683681027,6.391675663,0.704674650,-3.701909699,8.987781353,7,99
4515,87,0.104140233,-1.590634979,6.639699756,-1.016958921,-4.411627452,8.718909110,12,100
4516,87,0.004415628,-2.823871578,8.894062333,-1.785830113,-5.883228996,10.682628572,14,102
4517,88,4.335411315,-0.399379260,7.296066173,2.352220458,-3.986550899,10.254386715,4,91
4519,88,3.137583820,-0.105859197,4.511135158,1.968531342,-3.217942587,7.332262587,3,93
4520,88,3.341324545,-1.112566518,7.618409935,1.211492613,-4.533337428,10.231703090,6,93
4521,88,3.098571385,-0.763787312,6.751625299,1.255673300,-4.065942666,9.388209261,6,95
4522,88,3.297820220,-1.216687382,7.410845442,1.207248704,-4.607718899,10.007501873,6,95
4523,88,0.862844731,-0.653536447,5.052137922,-0.425015137,-3.389464996,7.239593285,17,104
4525,88,1.642245654,-0.522822185,5.015007897,0.348335504,-3.400394523,7.406146541,6,99
4526,88,2.991114832,-0.267407740,3.729364076,2.004510979,-3.275580200,6.523497793,4,93
4527,88,2.988074213,-1.098255187,7.082073091,1.014160156,-4.404243545,9.634172762,7,95
4528,88,3.086666462,-0.850973102,5.755885272,1.486358169,-4.055208611,8.415629926,5,93
4529,88,3.651327192,-0.483930400,7.563926941,1.617725647,-3.969607628,10.338646260,5,93
4531,88,1.546053263,-0.476900095,4.583607623,0.374242774,-3.297209147,6.974695962,8,99
4532,88,3.078035713,-0.755437582,6.669915700,1.258316447,-4.046316459,9.305894522,5,95
4541,88,0.003492443,0.199440449,1.944012431,-0.316983645,-2.104693794,4.163200565,2,89
4542,88,-1.215569210,-1.012485410,6.262086178,-2.773853820,-3.475218554,7.862671786,2,90
4543,88,1.507400137,-0.698327059,7.136882159,-0.351551808,-3.747585084,9.391329687,11,99
4545,88,3.621463920,-0.913519009,6.360747642,1.831963595,-4.271126752,9.115426356,5,93
4547,88,4.815956372,-2.491643093,8.573635730,2.162164818,-6.242365216,11.310727612,2,89
4548,88,3.045846600,-0.134571608,3.568196464,2.118457714,-3.140381145,6.399589115,4,91
4549,88,3.153997961,-0.584319569,7.200624990,1.220920811,-3.942764529,9.857784504,7,95
4550,88,3.333687815,-1.111134290,7.587940100,1.212240485,-4.527668109,10.200782525,6,95
4551,88,3.407571109,-0.794823356,6.931153383,1.499737934,-4.169680113,9.629757175,6,93
4553,88,3.670082551,-0.537422102,7.648523522,1.605718848,-4.033358954,10.417140287,5,93
4555,88,-0.901804785,0.503978495,3.548869984,-1.545854532,-1.792625308,5.534464166,3,90
4556,88,3.053202797,-0.745334706,6.584115741,1.258176899,-4.023804007,9.218868406,7,95
4557,88,3.329649539,-1.106852756,7.599487151,1.206081566,-4.523829144,10.211520480,7,95
4558,88,2.961375650,-0.220472667,3.668052731,1.999057367,-3.218434825,6.463906977,3,90
4559,88,-0.776805539,-0.465043037,3.192088611,-1.483684938,-2.730147054,5.088248515,3,90
4560,88,-0.593604625,0.617269061,3.633477591,-1.256066972,-1.746022204,5.704263633,2,89
4561,88,3.658314110,-1.739618453,7.872593030,1.352611251,-5.228862579,10.465403438,2,90
4562,88,1.093162503,-2.372579905,8.341187276,-1.312581582,-5.423978750,10.222709429,2,89
4563,88,0.052178065,0.103231573,1.945400863,-0.285636603,-2.207871465,4.162889888,3,90
4564,88,1.478485494,-0.601353087,3.616008734,0.538874188,-3.315433320,6.010919049,5,95
4565,88,3.555537986,-0.508479158,7.104435923,1.640413996,-3.932813468,9.870627416,4,93
4566,88,2.952495758,-0.090780817,3.755154889,1.988133621,-3.098102812,6.563337822,4,91
4567,88,3.014277213,-0.074537265,3.474892896,2.121473175,-3.067065520,6.310583325,4,91
4568,88,-0.054624639,0.228467644,2.039156563,-0.392397533,-2.074642327,4.244945497,4,91
4569,88,-1.966946000,0.088718986,4.742925426,-2.932295098,-2.117057607,6.374262300,2,89
4570,88,-0.754520862,0.020453457,3.209794193,-1.392491926,-2.260756640,5.176980772,2,90
4571,88,1.130572960,-0.929014801,5.334308876,-0.284158807,-3.734565029,7.536666738,8,100
4572,88,-1.523089737,-0.554230762,5.365354964,-2.767006461,-2.886032961,6.990028378,2,90
4573,88,3.392356194,-0.798167045,6.774228422,1.524958633,-4.155377731,9.474749190,6,93
4574,88,1.627782542,-0.513160373,5.088538112,0.317154108,-3.395230234,7.474777988,6,99
4575,88,2.810799466,-0.303389015,6.721487596,1.059404213,-3.559973380,9.354134675,5,97
4576,88,1.457938220,-1.611077340,9.009852149,-1.019194841,-4.808405896,11.056408702,11,100
4577,88,3.973280203,-1.816177083,8.902772838,1.377185047,-5.458444444,11.520402773,3,90
4578,88,-3.345995800,2.008036579,10.664338482,-5.472825379,-0.545149138,12.006624203,3,90
4579,88,-1.546299614,-1.356950019,6.004516323,-3.076233989,-3.727636714,7.489533739,3,90
4580,88,2.962612611,-0.215752376,3.714582919,1.989026290,-3.218428370,6.509604319,3,91
4582,88,3.162790393,-0.710330208,8.370951243,0.909780892,-4.178035225,10.968396577,8,99
4583,88,-1.689459568,0.067170747,3.280077316,-2.295559680,-2.050901836,5.029799931,3,90
4584,88,4.092003322,-1.635292449,10.773456401,1.038375050,-5.479484630,13.372708503,7,95
4585,88,0.155428790,0.202345197,1.929661625,-0.167865212,-2.128248385,4.185737443,4,91
4586,88,2.434287321,-1.872119930,7.672909953,0.215428569,-5.116145450,9.965621536,2,89
4587,88,3.557976273,-0.494161867,7.149586227,1.633355342,-3.923504244,9.916594729,5,93
4589,88,3.333620878,-1.114167815,7.629337842,1.201092309,-4.534527842,10.240173414,6,93
4590,88,2.396488427,-0.545387701,6.510902493,0.680928415,-3.701277921,9.020439929,7,99
4591,88,3.023647481,-0.739681291,6.523892305,1.246287639,-4.007194983,9.154719159,7,95
4592,88,-0.966804042,-0.510159403,3.359420100,-1.714841802,-2.755374766,5.198088450,2,90
4593,88,3.064202579,-0.716860356,6.586189587,1.272509524,-3.998142240,9.227361591,7,95
4594,88,3.371107575,-0.811976082,6.769008199,1.503902161,-4.164518770,9.462811417,6,93
4595,88,0.200236592,0.482534980,1.953933165,-0.088354064,-1.864513696,4.258022658,2,89
4596,88,-1.182177397,-0.427146397,5.561840606,-2.472584130,-2.842453776,7.277072995,4,91
4597,88,2.931925998,-0.106900502,3.333188803,2.074270664,-3.070336060,6.150363544,4,91
4598,88,3.168258892,-0.791037708,6.958406074,1.264954085,-4.124835692,9.599875743,6,95
4600,88,-0.835731259,-0.386260546,3.139910652,-1.514448903,-2.637364656,5.034896235,3,90
4602,88,1.470533096,-0.603511516,3.575341510,0.541385810,-3.312258867,5.969623321,5,95
4603,88,3.253675519,-1.513260365,9.189721160,0.663329375,-5.057618719,11.667635912,7,97
4604,88,2.432918141,-0.633221959,6.952838458,0.588858778,-3.835558558,9.442152237,8,98
4605,88,3.025416292,-0.210096386,3.579800429,2.084400192,-3.211655882,6.395584302,4,92
4606,88,0.217581534,-2.121363164,5.220097840,-1.309013465,-4.723932278,7.047670318,2,89
4607,88,2.982270578,-0.056778318,3.458014341,2.097983004,-3.042248520,6.289205325,3,91
4608,88,-2.014943776,-0.432251142,4.843663260,-3.083849204,-2.627635340,6.388527751,3,90
4609,88,-2.320529916,0.221576006,5.085497575,-3.337212853,-1.954756717,6.638323435,3,90
4611,88,3.321802844,-1.156106335,7.454411344,1.228252303,-4.556919338,10.063371998,5,95
4612,88,3.281679552,-1.076867004,7.453366117,1.202385295,-4.471945096,10.063716540,6,93
4613,88,1.537089703,-1.211392011,7.516572337,-0.499311394,-4.290916787,9.693388474,12,100
4614,88,3.337845209,-1.029251021,7.267518408,1.310959490,-4.418081451,9.904746148,7,95
4616,88,0.841615110,-2.064741321,9.717692306,-1.858502507,-5.206553894,11.529424225,15,105
4617,88,2.113114807,-1.934642463,8.868604247,-0.407363447,-5.231409111,11.031262230,3,90
4619,88,3.158098037,-1.142046860,7.483978105,1.066602330,-4.516047947,10.055008888,7,96
4620,88,3.054356891,-0.695419234,6.465502351,1.297360298,-3.963981617,9.111873241,7,95
4621,88,1.731201234,-0.868357434,8.503455257,-0.514602146,-4.083709040,10.735559788,13,100
4622,88,3.981722898,-0.409315530,7.220169251,2.032642550,-3.924519666,10.096346672,5,93
4623,88,3.136968509,-0.796847120,6.869676385,1.256963004,-4.116440109,9.506326549,5,95
4624,88,3.028406631,-0.693441089,8.013029031,0.875941184,-4.103215356,10.594619359,10,99
4625,88,3.474503014,-0.769531709,6.931469072,1.567408976,-4.157183033,9.649355644,6,93
4627,88,3.358732097,-1.751594192,7.268452850,1.219854330,-5.128903844,9.811750618,2,90
4629,88,3.383224211,-0.756035553,6.809031398,1.513779087,-4.115759355,9.511831595,5,93
4630,88,1.623165972,-0.289156562,3.660464104,0.713425112,-3.040519580,6.130626197,7,99
4633,88,2.157119869,-0.135344872,4.476514168,1.037239790,-3.064457745,7.062974590,5,93
4634,88,3.360204418,-1.122629495,7.615437714,1.228728421,-4.546353610,10.231933589,5,93
4635,88,2.399455738,-0.544856629,6.419207669,0.707362334,-3.692654661,8.933010443,8,99
4636,88,3.447170321,-0.804471879,6.861005746,1.554040893,-4.179741302,9.570327859,5,93
4637,88,3.162887021,-0.746596688,6.966628376,1.264535285,-4.081137693,9.612594907,7,95
4638,88,3.216500729,-1.436574820,9.572656914,0.541388846,-5.011886101,12.037691940,9,99
4639,88,3.031629326,-0.098590283,3.915404035,2.021346587,-3.135308035,6.735138778,4,91
4640,88,0.747727579,-0.628905026,4.405945916,-0.365336778,-3.283407426,6.594137585,12,104
4641,88,1.560769587,-0.596524185,3.658641120,0.607202283,-3.329755906,6.072055336,6,97
4642,88,3.473905979,-1.660388191,8.094333056,1.131905912,-5.138549752,10.645917091,2,90
4643,88,1.402643664,-1.164631035,6.597848501,-0.384776527,-4.133976062,8.784231070,10,100
4644,88,-0.025559421,0.222010798,2.003422194,-0.356484926,-2.082900683,4.216564040,3,91
4646,88,1.863934034,-1.501300358,8.206669671,-0.408892177,-4.699397492,10.394869961,10,100
4647,88,4.205032148,-1.186797016,8.179560085,1.880394998,-4.816642974,10.965663611,2,89
4648,88,3.177236214,-1.191608093,7.767283698,1.004592585,-4.594758027,10.325275719,9,96
4649,88,3.100490405,-0.573446595,6.938667964,1.238721702,-3.897652091,9.594629113,5,95
4650,88,-0.524953078,-0.521514856,3.054051880,-1.216597992,-2.818397751,5.007321106,3,90
4651,88,3.276812474,-1.252515398,7.301278028,1.209810936,-4.628614326,9.892233462,4,91
4652,88,1.523543617,-0.608492705,3.722738764,0.553400222,-3.340713217,6.123268634,5,97
4653,88,0.931277859,-1.724938817,8.783722632,-1.481242934,-4.802323632,10.698715124,10,99
4654,88,-2.286482343,0.145119826,4.981746763,-3.289835571,-2.026016789,6.536115750,3,90
4655,88,3.247825619,-0.548198846,7.585333250,1.217318191,-3.960824617,10.254986765,8,95
4656,88,-2.209555184,-0.305782603,5.591732598,-3.442055265,-2.538854534,7.079383750,3,90
4657,88,0.184927418,0.476685189,1.920052749,-0.095170059,-1.864248006,4.221009889,2,89
4660,88,-1.424681459,-0.975978502,5.404332885,-2.747784848,-3.320424188,6.993096884,3,90
4661,88,2.580569617,-0.805294961,6.899692590,0.717000351,-4.025914281,9.402415657,11,99
4662,88,-1.000945160,-0.535012570,3.494769754,-1.785953302,-2.786223069,5.316808126,3,90
4663,88,1.552255855,-0.473709970,4.690098932,0.353334937,-3.305260596,7.079037154,7,99
4664,88,0.059629159,0.107728390,1.944517713,-0.277609789,-2.204748302,4.164418365,3,90
4665,88,-1.729950376,-0.589163110,5.955607825,-3.121176844,-2.938089680,7.504094007,3,90
4666,88,3.473794719,-0.821706159,7.160874555,1.499885056,-4.229743678,9.862721582,5,93
4667,88,1.140448140,-1.150856651,7.284858206,-0.809100872,-4.137382190,9.384943820,13,101
4668,88,1.688026255,-0.397527478,3.783522655,0.727132237,-3.170025548,6.249516221,9,98
4669,88,4.169737472,-0.910773577,6.682885568,2.272966038,-4.398952206,9.555382907,6,93
4670,88,2.476672880,-0.503110178,6.432418364,0.784064730,-3.667148485,8.969697678,9,99
4671,88,2.786595919,-0.985202168,7.616801602,0.702067693,-4.307222656,10.116349400,10,99
4672,88,4.174579068,-1.410388270,8.576036822,1.715337131,-5.067279927,11.309249496,2,89
4673,88,-0.860768833,-0.553475219,3.180890720,-1.574502403,-2.800299736,5.045513665,3,90
4674,88,-0.964151861,-0.429907981,3.414425643,-1.714110917,-2.682507537,5.262607962,3,90
4675,88,3.393098063,-0.813741627,6.781221667,1.521483816,-4.171414619,9.479520703,6,93
4677,89,2.983471127,-1.757288960,8.536706110,1.006928581,-5.219409541,10.727235492,2,90
4678,89,3.143706862,-1.691982999,8.587755576,1.152520426,-5.165558146,10.819156376,2,90
4679,89,0.992237459,-1.138007634,7.978945889,-0.837305526,-4.486457862,9.878000696,10,100
4680,89,3.268324637,-1.882051877,8.776338794,1.238710090,-5.384389448,10.997772168,2,90
4681,89,0.950019909,-0.357871063,6.120724842,-0.510996005,-3.431332684,8.191698883,15,104
4683,89,2.833516953,-0.793698310,6.791869249,1.202204226,-3.998361619,9.156771147,6,95
4684,89,2.855588942,-1.374672770,10.303064514,0.517041585,-5.108500419,12.468063143,9,99
4685,89,-1.498386705,-0.362905496,5.410874449,-2.763378329,-3.283833964,7.006951709,2,90
4686,89,-0.584183740,-0.277740836,3.360873227,-1.452309648,-2.903431422,5.223158583,2,90
4687,89,2.840906148,-0.749015284,6.623275491,1.243146993,-3.928621928,9.002061439,6,95
4688,89,3.334925876,-0.884138894,7.349063291,1.580889126,-4.181780853,9.783676833,5,93
4689,89,-0.872642685,-0.110947180,3.391990522,-1.743296445,-2.738159825,5.220165888,2,90
4690,89,-0.674333636,-0.135706611,3.268402666,-1.523667440,-2.747349331,5.137147096,2,90
4691,89,-0.850213025,-0.129846188,3.385319612,-1.719724620,-2.756221520,5.215379715,2,90
4692,89,-1.270456874,-0.017870995,4.515635433,-2.362704996,-2.810431701,6.240267361,2,90
4693,89,-0.643648703,-0.136092765,3.080384647,-1.455354752,-2.719600857,4.961488654,2,90
4694,89,-1.688463628,0.059932484,5.744351425,-3.023059993,-2.913460110,7.355544206,2,90
4695,89,-1.512382385,-0.294909286,5.492434841,-2.794601001,-3.228835070,7.093390864,2,90
4696,89,-1.427535985,0.131181510,5.085932579,-2.634574314,-2.747317744,6.782699876,2,90
4697,89,-0.523906609,0.048976719,3.120550644,-1.348812385,-2.545016522,5.052983048,2,90
4698,89,-0.691600375,-0.063440053,3.137761700,-1.514960472,-2.655698652,5.018353159,2,90
4700,89,-1.699319431,0.200963023,5.842142350,-3.055501594,-2.788826587,7.469493993,2,90
4701,89,-1.698365722,0.067487444,5.764438674,-3.036944633,-2.908880632,7.374114926,2,90
4702,89,-1.899228722,-0.038782692,4.830415160,-3.042041121,-2.867771731,6.413738283,2,90
4703,89,-0.846491894,-0.121259259,3.386368894,-1.716411612,-2.747963742,5.218464557,2,90
4704,89,-2.769563550,0.433173634,8.377167469,-4.622347795,-2.926800021,9.739219287,2,90
4705,89,0.431929061,-0.864990350,7.588045468,-1.309970854,-4.146935858,9.427890294,7,100
4706,89,-0.563205293,-0.003439618,2.825729075,-1.326569111,-2.551124032,4.751852592,2,90
4707,89,-1.316280123,0.104866027,4.974470487,-2.502615068,-2.758323906,6.693482213,2,90
4708,89,-1.262534561,-0.003314356,4.510744347,-2.354150950,-2.795444630,6.239374328,2,90
4709,89,-2.070841547,0.338323918,5.513358484,-3.354155001,-2.596233608,7.097056594,2,90
4710,89,-0.846583752,-0.121128375,3.387977719,-1.716830759,-2.748078195,5.220021831,2,90
4711,89,-1.096060481,-0.458553462,4.650889061,-2.213534132,-3.269664079,6.339072013,2,90
4712,89,-1.878184841,0.630086987,5.367787685,-3.139873014,-2.289202151,7.040064783,2,90
4714,89,-0.986483045,-0.563579073,5.474049278,-2.272377354,-3.501000274,7.141350878,2,90
4715,89,-1.360391995,0.172424388,5.978181605,-2.751002002,-2.843896096,7.665555940,3,91
4716,89,2.947386912,-1.411801199,8.120910897,1.051550568,-4.813938645,10.370652047,3,91
4717,89,-1.910480371,0.775669335,5.475366380,-3.195357347,-2.161177194,7.159820768,2,90
4718,89,-1.447930606,-0.388993441,6.480232853,-2.931278376,-3.473662309,8.047398040,3,91
4719,89,-1.798027917,0.509500102,4.725687805,-2.929080011,-2.311846267,6.416917819,2,90
4721,89,-0.880389913,-0.120897656,3.402330747,-1.752850558,-2.749429881,5.227069259,2,90
4722,89,-0.735735385,0.645445159,3.623501597,-1.666634015,-2.028535437,5.587625351,2,90
4723,89,-2.076472854,0.301130273,5.492296187,-3.354877214,-2.629670910,7.069851366,2,90
4724,89,-0.576654802,-0.116238638,3.248361759,-1.424227101,-2.726817584,5.140591047,2,90
4725,89,-1.791887624,0.236909319,6.227139322,-3.224969659,-2.810371187,7.828520566,2,90
4726,89,-0.473080449,-0.198118622,3.182252481,-1.308265906,-2.799509027,5.085171101,2,90
4727,89,-0.627998664,-0.130726182,3.089440187,-1.441949552,-2.715961870,4.974247381,2,90
4729,89,-1.912202319,-0.007163064,4.960692933,-3.081685976,-2.856168310,6.541933678,2,90
4730,89,-1.898006229,0.471998118,4.726761797,-3.026666810,-2.347262902,6.391903946,2,90
4731,89,-2.152712573,0.124889527,6.998759672,-3.733740093,-3.032267626,8.484306856,2,90
4732,89,-0.891130501,-0.139226417,3.392979619,-1.761213777,-2.765920675,5.213038665,2,90
4733,89,-1.460810509,-0.346434871,5.402678390,-2.725147146,-3.266986507,7.009180445,2,90
4734,89,-1.993597380,0.122711991,6.634576351,-3.503817898,-2.981731201,8.164097968,2,90
4735,89,-1.541130044,0.011435059,5.359457729,-2.799829000,-2.905321611,7.005824274,2,90
4736,89,0.818493756,-0.521661330,5.315660439,-0.473681601,-3.467986066,7.361325931,13,102
4737,89,-1.837623139,0.031480614,4.881310223,-2.993041415,-2.807218570,6.486228494,2,90
4738,89,-1.453305376,-0.386196033,5.374381192,-2.711501804,-3.302094141,6.977254483,2,90
4739,89,2.952855302,-1.458078201,10.857650965,0.500516619,-5.277277737,13.011408783,9,99
4740,89,-0.596862706,-0.133171510,3.202397486,-1.434425544,-2.736172584,5.089441544,2,90
4741,89,-1.481200042,0.151996278,5.228450587,-2.716399006,-2.747524045,6.912811925,2,90
4742,89,-1.374182663,0.166967564,5.969256675,-2.762612285,-2.847677730,7.653287509,3,91
4743,89,-1.296815471,-0.538816970,5.862754004,-2.655634206,-3.530232557,7.458005894,3,91
4744,89,-0.578895785,-0.018429475,3.036663079,-1.384658470,-2.597832590,4.950367020,2,90
4745,89,-0.792047325,-0.149490100,3.332162941,-1.651696689,-2.768572314,5.172783682,2,90
4746,89,-1.563400645,0.050832268,5.511195872,-2.853048616,-2.889139132,7.154075357,2,90
4747,89,-0.681513330,-0.077919175,3.098983595,-1.496996785,-2.664271990,4.980684357,2,90
4748,89,-1.849051652,0.048691951,6.153290743,-3.263351564,-2.984056655,7.716684507,2,90
4749,89,-1.244347543,0.002860664,4.471266794,-2.328395025,-2.783648447,6.205835425,2,90
4750,89,-0.653506377,0.959897912,3.411248289,-1.547193274,-1.686918062,5.447179315,2,90
4751,89,-1.702124941,0.062430701,4.646700364,-2.813060768,-2.743289128,6.291602061,2,90
4752,89,2.919807710,-0.819142819,6.932556856,1.258390931,-4.046524227,9.306470638,6,95
4753,89,-1.132823149,-0.571872363,5.866871826,-2.495480219,-3.566482905,7.490250427,3,91
4754,89,-1.524445313,-0.001548370,5.342162841,-2.779799130,-2.915813506,6.990501504,2,90
4756,89,-1.993001149,0.678430645,5.428950583,-3.265378752,-2.248691484,7.083285026,2,90
4757,89,-1.891982738,-0.062281981,4.823709706,-3.033264382,-2.890099852,6.405129693,2,90
4758,89,-0.662975932,0.060044781,3.338684169,-1.529504806,-2.564848541,5.237379233,2,90
4759,89,-0.842630565,-0.074608906,3.362807610,-1.708467940,-2.698342345,5.203601368,2,90
4760,89,-0.853481301,-0.104156573,3.424859401,-1.731319796,-2.736810002,5.256886074,2,90
4761,89,-1.359501620,-0.287512774,5.324633072,-2.610881782,-3.198685408,6.963302752,2,90
4762,89,1.252317825,-0.936107767,6.798895438,-0.345250425,-4.111620936,8.820502008,10,100
4763,89,-1.876774420,-0.048467314,4.887386753,-3.031523283,-2.886438062,6.471916399,2,90
4764,89,4.376724590,-1.896913240,11.226168676,1.825387935,-5.792816858,13.589959262,3,91
4765,89,3.096414951,-0.338769225,3.689417095,2.084860389,-3.080271281,6.279391536,3,91
4767,89,-0.849085940,-0.129545551,3.389554591,-1.719487259,-2.756590870,5.219750412,2,90
4768,89,2.504452118,-1.062931934,7.949100049,0.648171745,-4.435006926,10.167880647,10,99
4769,89,-0.573449982,-0.087098425,3.144828908,-1.400412159,-2.682286294,5.045573749,2,90
4770,89,-1.779428502,0.071622122,5.989500965,-3.162166427,-2.937667462,7.575936939,2,90
4771,89,-1.856179497,-0.068786121,4.802493044,-2.993807541,-2.893936050,6.390890171,2,90
4772,89,-1.907122333,-0.059979837,5.015288743,-3.087109316,-2.916778847,6.587683764,2,90
4773,89,1.772284868,-0.147433751,3.960723076,0.730759342,-2.908704049,6.302012633,5,98
4774,89,-1.957095959,0.046141817,5.071418217,-3.148893940,-2.819578173,6.648052429,2,90
4775,89,-1.746283244,0.090300996,5.884574067,-3.108615110,-2.903800912,7.484053994,2,90
4776,89,-2.063174157,0.346727408,5.497183952,-3.343470623,-2.585600662,7.084257864,2,90
4777,89,-1.900883020,-0.087694031,4.855194749,-3.048041503,-2.919852963,6.429882153,2,90
4778,89,-1.301329162,0.177231290,5.906319719,-2.678619911,-2.829248864,7.608793745,3,91
4779,89,-1.278559289,-0.015893213,4.540128956,-2.375649062,-2.812067887,6.262611655,2,90
4780,89,3.093629407,-0.332472398,3.729215008,2.073947963,-3.080070443,6.318278060,2,91
4781,89,-2.069800960,0.315194357,5.436326305,-3.337144454,-2.607355484,7.019230114,2,90
4782,89,2.462290125,-0.903402978,7.498202416,0.696507288,-4.207822611,9.747658373,10,99
4783,89,-1.380244975,0.157274285,6.030012055,-2.780781491,-2.866415302,7.709329555,3,91
4784,89,-1.879290261,-0.050265568,4.890716647,-3.034639608,-2.888677577,6.474350421,2,90
4785,89,-1.619023300,-0.288932310,4.937291095,-2.786091181,-3.136312931,6.535753146,2,90
4786,89,-2.023620737,-0.267989746,5.143382603,-3.224411702,-3.139759286,6.656063703,2,90
4787,89,-1.720734741,0.672508489,4.525036427,-2.814781158,-2.121556479,6.263514711,2,90
4788,89,-1.651569539,0.073909477,5.696835655,-2.977459976,-2.893065825,7.319226303,2,90
4789,89,0.970374857,-0.935487222,8.458565324,-0.959069802,-4.359116913,10.368393433,17,105
4790,89,-0.627554713,-0.099037970,3.114691173,-1.447083581,-2.688510067,5.003607089,2,90
4791,89,-1.878397167,-0.048693883,4.895538982,-3.034768082,-2.887876351,6.479436112,2,90
4792,89,-0.849674156,-0.128057155,3.430672810,-1.728452145,-2.761382459,5.259624474,2,90
4793,89,-0.496827264,-0.157024251,2.746397992,-1.243359769,-2.691980691,4.665115575,2,90
4794,89,-0.648190635,-0.140432289,3.055188587,-1.454614198,-2.719963043,4.935534416,2,90
4795,89,-1.535550730,0.594514303,4.360443355,-2.598934216,-2.176856305,6.130026444,2,90
4796,89,-1.439905840,-0.308773448,5.474902537,-2.719892112,-3.241167748,7.089039644,2,90
4797,89,-1.316891157,0.157058261,5.901022735,-2.692503330,-2.848093529,7.597422109,3,91
4798,89,-0.788254328,-0.205495385,3.386124669,-1.658207710,-2.832213558,5.217171130,2,90
4799,89,-0.593440325,0.035477494,3.139937675,-1.420647140,-2.560058476,5.055538685,2,90
4801,89,-1.017453750,0.193533184,4.047904513,-2.022686921,-2.534745920,5.871676015,2,90
4802,89,-0.288885514,-0.117337053,2.211213386,-0.931400496,-2.574869834,4.195856727,2,90
4803,89,-1.479648771,0.137565063,5.235447815,-2.716109019,-2.762879435,6.917685888,2,90
4804,89,-1.771593273,0.074448107,5.922567557,-3.140911127,-2.924805148,7.513229434,2,90
4806,89,-1.249690596,-0.040521640,4.482170104,-2.335257236,-2.828082772,6.208655994,2,90
4807,89,0.297488931,0.362910261,2.032764369,-0.327540374,-2.083679999,4.215907201,3,91
4808,89,-0.617279185,-0.108785803,3.090150604,-1.431897261,-2.694583734,4.980469836,2,90
4809,89,1.605830759,-0.579811818,3.850611324,0.596073449,-3.316147644,6.095537968,4,95
4810,89,0.828815355,-0.477444808,5.202114100,-0.441065677,-3.407158202,7.260377529,14,104
4811,89,-0.369082611,0.278307519,6.568241444,-1.902065737,-2.847175890,8.453827852,2,90
4812,89,-0.846362653,-0.121425443,3.386228922,-1.716254348,-2.748108932,5.218330018,2,90
4813,89,-0.825641255,-0.018600014,3.377884635,-1.695663215,-2.645604982,5.230205105,2,90
4814,89,2.622528804,-0.950147578,8.049385656,0.741826660,-4.340991375,10.306117585,10,99
4815,89,-1.658747443,-0.396911237,5.320626820,-2.901538475,-3.300774416,6.881886179,2,90
4816,89,-0.660449500,0.333699968,3.185279080,-1.499515697,-2.271084068,5.131408700,2,90
4817,89,2.690275206,-1.213358777,7.503489288,0.922821631,-4.519019530,9.751663482,8,96
4818,89,-1.788054421,0.544211978,4.753742348,-2.925496432,-2.282006352,6.451387802,2,90
4819,89,-0.504223522,0.050706601,3.214850894,-1.348759698,-2.558048639,5.148445683,2,90
4820,89,3.312408544,-0.527095699,7.108442378,1.602982631,-3.791860808,9.601030913,4,93
4821,89,3.209187569,-0.890854910,7.091778868,1.510251118,-4.146897386,9.508279090,5,93
4822,89,-0.897536016,-0.108298013,3.443341221,-1.778153781,-2.742926904,5.265175124,2,90
4823,89,-0.593389909,0.317993462,3.065522853,-1.409279068,-2.269544356,5.026813208,2,90
4824,89,-0.866345300,-0.151049069,3.440750528,-1.746512451,-2.785338075,5.262465141,2,90
4825,89,-0.462282889,-0.222171099,2.932444580,-1.246525636,-2.785360530,4.842092811,2,90
4826,89,-1.474753673,0.142014644,5.205945020,-2.705372355,-2.754070101,6.890828946,2,90
4827,89,-1.604649286,0.044099865,5.539128441,-2.899023959,-2.899308666,7.171677983,2,90
4828,89,-1.445724744,0.293070974,6.231842062,-2.887802950,-2.761839890,7.911996975,3,91
4830,89,-1.915876041,0.059013372,4.903566670,-3.074551887,-2.781996024,6.496066438,2,90
4831,89,-1.849089343,0.381352523,4.538081890,-2.939148095,-2.408930468,6.205497995,2,90
4832,89,-1.477842709,-0.181318689,5.407652771,-2.745070417,-3.104281851,7.035797208,2,90
4833,89,-1.332509942,-0.323398898,5.285087290,-2.575922654,-3.228599557,6.925050478,2,90
4834,89,-1.076814195,0.048145355,5.682305236,-2.411482692,-2.926678428,7.418011607,3,91
4835,89,-0.644578055,0.433946065,3.272577576,-1.503103972,-2.185632431,5.234400700,2,90
4837,89,-0.106682660,-0.271095348,2.706058965,-0.851662583,-2.805583553,4.687918395,2,90
4838,89,0.293866144,-0.727309079,7.359547949,-1.400489466,-3.973538436,9.199924655,10,100
4839,89,-0.914810396,-0.083435832,3.488093566,-1.804510289,-2.724875487,5.308750181,2,90
4840,89,-0.857127722,-0.015893628,3.413060293,-1.733683701,-2.647728913,5.258240451,2,90
4841,89,2.313382089,-0.520283732,6.722820987,0.703355163,-3.708273195,9.026150362,6,99
4843,89,2.621044301,-1.013706327,6.844101774,0.986548235,-4.219892672,9.130448579,9,98
4844,89,-0.847612560,-0.109018904,3.405516622,-1.721571705,-2.738769609,5.238627866,2,90
4845,89,-2.070761130,0.338846735,5.512325026,-3.353873016,-2.595560785,7.096153471,2,90
4846,89,-0.878213500,-0.083077021,3.426904175,-1.756233719,-2.715846343,5.257064105,2,90
4847,89,-0.464575753,-0.204211344,3.160849868,-1.295501373,-2.802417739,5.065268110,2,90
4848,89,3.055038834,-1.154038537,7.876317692,1.203229849,-4.523863448,10.195420377,4,93
4849,89,1.717908786,-0.304252136,3.820871345,0.708115176,-3.041344218,6.131715546,5,99
4850,89,2.544649391,-1.453386743,10.049889359,0.265235217,-5.142045352,12.147992457,8,97
4851,89,-0.848670438,-0.097482336,3.379490879,-1.717466548,-2.723380449,5.215008547,2,90
4852,89,-1.986822677,0.325493023,5.216084774,-3.211224130,-2.565076650,6.824668138,2,90
4853,89,3.075728308,-0.492707501,3.622323844,2.080349632,-3.221773349,6.186745694,3,92
4854,89,1.589006301,-0.428954362,8.221722110,-0.312101883,-3.833627077,10.342546695,3,91
4855,89,1.089286073,-1.113788582,7.930072641,-0.732678211,-4.456821444,9.854159595,8,100
4856,89,0.599687912,-1.388003377,7.771013111,-1.175894021,-4.694680914,9.558892483,12,100
4857,89,3.107712097,-0.345840495,3.705865780,2.092667965,-3.089971847,6.296512528,3,91
4858,89,3.131486445,-0.377467241,3.807144950,2.095757321,-3.137103155,6.394451472,3,91
4860,89,-0.513744720,-0.105283321,3.074820633,-1.327466959,-2.690652317,4.987216446,2,90
4861,89,-1.006410631,0.258007707,4.084590290,-2.020216119,-2.476832718,5.919265057,2,90
4862,89,-1.831530567,0.066456148,6.190513736,-3.254015580,-2.972498160,7.758961534,2,90
4863,89,2.906907878,-0.813039982,6.867747613,1.258870409,-4.030373869,9.242105863,6,95
4864,89,-1.130217907,-0.616049735,5.898813913,-2.498832546,-3.615055922,7.514911089,2,90
4865,89,-0.575581735,-0.116007837,3.246086594,-1.422716653,-2.726261790,5.138644060,2,90
4866,89,-0.844397160,-0.208488426,3.468405569,-1.729876368,-2.846710657,5.284880508,2,90
4867,89,-0.492452472,-0.196402975,3.252603147,-1.341572478,-2.808196777,5.149534368,2,90
4868,89,-1.549451128,0.176541204,5.421251754,-2.822788792,-2.751452374,7.089160262,2,90
4869,89,1.048325939,-0.583359459,7.014645278,-0.593643776,-3.792293419,9.041686843,13,104
4870,89,-1.250389318,0.263504553,6.879434860,-2.827979891,-2.893375771,8.573454492,3,91
4872,89,3.085265055,-0.500910040,3.982005813,2.016590179,-3.284923118,6.535280039,5,93
4873,89,-0.795779385,0.492997321,3.529082767,-1.704133184,-2.163685837,5.460784023,2,90
4874,89,-0.743639211,-0.022340271,3.225745250,-1.584369394,-2.627570365,5.099158719,2,90
4875,89,-0.646264431,-0.095612458,3.128036525,-1.468162530,-2.686823559,5.013236198,2,90
4876,89,-0.568348804,-0.086109756,3.074746267,-1.381167566,-2.670709711,4.978983927,2,90
4877,89,1.016055424,-0.859602742,6.195270311,-0.454724632,-3.939672767,8.200433092,11,100
4878,89,-0.620862661,-0.039823708,3.134418880,-1.445349595,-2.633129076,5.033106817,2,90
4879,89,3.048618391,-1.361626080,8.087000657,1.156875738,-4.761012475,10.366103584,3,91
4880,89,3.100020854,-0.346669528,3.709006794,2.084510366,-3.091131444,6.297860644,2,90
4881,89,1.826944002,-0.360640377,4.103565993,0.758084325,-3.142158026,6.418637550,6,97
4882,89,3.144445745,-0.306241150,3.707005242,2.127860925,-3.051679224,6.311137780,3,91
4883,89,3.147918785,-1.486069896,11.265386784,0.608870699,-5.370660476,13.441084071,8,96
4884,89,3.353050035,-0.741213285,11.465763061,0.758815837,-4.668916060,13.790529464,8,99
4885,89,-1.923994485,-0.074361124,4.924771076,-3.085008664,-2.916875746,6.494514473,2,90
4886,89,3.073395473,-0.295609557,3.936851749,2.011379370,-3.074956800,6.520615202,2,91
4888,89,0.258190817,0.442990560,2.079547014,-0.376618797,-2.010978256,4.265420603,3,91
4889,89,0.435519826,0.314670683,1.981372734,-0.181298319,-2.125997400,4.186869567,2,91
4890,89,-0.575435143,0.301346255,7.256925865,-2.244561047,-2.925751754,9.081459256,2,90
4891,89,-0.992079328,0.121651757,6.965933075,-2.590784538,-3.051401782,8.687885046,2,90
4892,89,-1.898680493,0.794876501,4.862457064,-3.059319080,-2.048906466,6.572407067,2,90
4895,89,2.645523960,-1.216381001,7.376761903,0.904845321,-4.501865045,9.619549086,7,97
4896,89,-0.855494468,-0.103029460,3.413492241,-1.730992322,-2.733925786,5.245656220,2,90
4897,89,-1.408936031,-0.307153934,5.436226698,-2.681723623,-3.234225960,7.058176228,2,90
4898,89,2.974357537,-1.413174092,10.399858842,0.614133829,-5.163454603,12.579913967,6,96
4899,89,3.494133634,-0.917206514,5.600183754,2.093150416,-3.950522443,8.119607084,5,93
4900,89,1.603614599,-1.672325480,8.383933740,-0.313972752,-5.087249371,10.312126366,3,91
4901,89,3.052940348,-0.346387260,4.238474646,1.930652259,-3.170777771,6.800391245,3,91
4902,89,-1.901230859,-0.023036709,4.964768101,-3.071559591,-2.872673204,6.545674984,2,90
4903,89,-1.890906069,-0.136255737,4.299312583,-2.924476660,-2.883213751,5.886879336,2,90
4905,89,0.262141227,0.504602884,2.059228855,-0.369450676,-1.947068864,4.256001502,2,90
4906,89,3.143481985,-0.411728805,3.781369554,2.113210890,-3.167242222,6.366718308,3,91
4907,89,1.059048732,-1.252137269,9.214837054,-1.021896373,-4.788983910,11.069353080,8,100
4908,89,-1.261134171,-0.001637265,4.518882681,-2.354459134,-2.795054287,6.247786158,2,90
4909,89,2.317379441,-0.520498264,6.762985475,0.699096615,-3.714684741,9.065773182,7,99
4910,89,2.504832803,-1.904801257,5.420583322,1.174582885,-4.881143374,7.593779925,2,90
4911,89,2.911025797,-0.757563683,6.906206864,1.254322552,-3.981497677,9.288626029,7,95
4912,89,3.081432586,-0.050519457,3.783378086,2.047164208,-2.809507314,6.411326899,3,92
4913,89,-2.109727703,0.381338390,5.417347117,-3.373264864,-2.538380715,7.002884325,2,90
4914,89,-0.915712671,-0.152952853,3.485402380,-1.803904144,-2.793140477,5.295326451,2,90
4915,89,1.206782410,-0.695724856,7.706163863,-0.577742950,-4.011681222,9.725462057,16,104
4916,89,1.057877782,-0.802687386,6.067385216,-0.388523895,-3.864677719,8.093961170,7,99
4917,89,-1.215777956,0.370023283,4.543452654,-2.320092004,-2.432372232,6.337636368,2,90
4918,89,-1.419477284,-0.396218960,5.328680300,-2.668947592,-3.305636442,6.938396259,2,90
4919,89,-0.379670124,-0.214470911,2.903706455,-1.159905021,-2.774858190,4.832263690,2,90
4920,89,-1.296073859,-0.390957891,6.170889562,-2.719626604,-3.431150663,7.778783279,3,91
4921,89,-1.973980797,0.215673744,6.661706922,-3.491395003,-2.894365895,8.208547272,2,90
4922,89,0.296582707,0.355909832,2.026066140,-0.326969408,-2.089559107,4.208173922,3,91
4923,89,-0.869227226,-0.128066187,3.447947942,-1.751110023,-2.763674030,5.272357190,2,90
4924,89,3.093178983,-0.345270081,3.695748889,2.080491800,-3.087602547,6.283862797,2,91
4925,89,2.655856311,-1.494752533,11.139726053,0.152847652,-5.351190530,13.218249181,9,98
4926,89,-0.625001404,0.259649412,3.141950110,-1.454990958,-2.338285059,5.085375815,2,90
4927,89,3.069460424,-1.154292953,7.903419097,1.211835661,-4.528509618,10.224521687,6,95
4928,89,3.084556204,-1.708672549,11.115247063,0.580414056,-5.566572361,13.248944938,6,95
4929,89,-1.907998777,-0.012745757,4.957826138,-3.076911705,-2.861323230,6.539160978,2,90
4930,89,-1.454506557,-0.481180863,5.391898685,-2.714956395,-3.398602241,6.979416855,2,90
4931,89,2.546475880,-0.759184393,7.480881482,0.780494719,-4.064192559,9.770081039,10,99
4932,89,-2.021950885,-0.065744243,5.176409253,-3.232238645,-2.944983120,6.719291668,2,90
4933,89,0.391118402,-1.563980066,9.463042727,-1.722076627,-5.122938585,11.125964015,10,100
4934,89,3.089937402,-0.491690306,3.619530219,2.094814785,-3.220598430,6.187086650,2,90
4935,89,0.563116591,-2.104922905,8.224818160,-1.294348574,-5.471662280,9.880635501,10,99
4938,89,3.269482849,-0.593081151,7.259604395,1.531087023,-3.879349469,9.728402049,6,94
4939,89,2.590899850,-0.780816534,7.338819005,0.853191957,-4.064696692,9.638407035,11,99
4940,89,1.038050605,-1.076393558,7.942604329,-0.785893601,-4.420857617,9.861591263,12,100
4941,89,3.037942137,-0.362335016,4.083111607,1.947806782,-3.162563652,6.644650430,3,91
4942,89,-0.613863557,-0.126742035,3.160194028,-1.442566286,-2.723074168,5.046155765,2,90
4943,89,-0.618633849,0.538533277,3.343614029,-1.493580231,-2.093592053,5.324376427,2,90
4945,89,3.259751536,-1.062733020,7.219557997,1.536073146,-4.337141426,9.615827839,5,93
4947,89,1.235766512,-1.351965702,9.603875057,-0.926723535,-4.950167119,11.466225302,12,100
4948,90,2.083744130,-1.634967018,7.724204954,1.262466958,-4.101355145,9.375910483,5,95
4958,90,-1.916598165,-1.138316815,5.874947530,-2.522142466,-3.337308665,7.193682860,2,91
4959,90,-2.025316124,-1.228439896,6.171348742,-2.661877184,-3.430213689,7.475885461,2,91
4961,90,-1.918028839,-0.662660361,6.113895960,-2.521346389,-2.869522717,7.447696904,2,91
4965,90,2.129004900,-2.133752461,8.344294855,1.225676258,-4.619949046,9.980107264,3,95
4975,90,2.604084777,-0.868273149,4.436441706,2.118825144,-3.266746858,6.176216635,2,91
4978,90,2.056578235,-1.563710934,7.577757441,1.252417750,-4.024453948,9.230145231,5,95
4980,90,2.555083611,-0.618290463,4.475861777,2.079122661,-3.015777572,6.219627810,2,91
4981,90,2.045539733,-1.569850369,7.567386284,1.242076040,-4.029685871,9.218622293,4,95
4982,90,-1.825473337,-1.023872921,5.822100083,-2.420908831,-3.226384368,7.153166893,2,91
4989,90,2.521177409,-0.564877587,4.538796830,2.042355045,-2.962512604,6.281063730,2,91
4992,90,2.490684476,-0.858424866,4.812166537,1.972243396,-3.261960505,6.540382322,3,93
4993,90,0.674561716,-0.848661562,7.724463895,-0.099322399,-3.241249871,9.276814183,2,92
4994,90,1.512949781,-1.218066097,6.845988991,0.796018168,-3.628794306,8.464873918,8,99
4995,90,1.189813212,0.201098844,4.670574951,0.744926458,-2.130741053,6.319157555,2,91
4996,90,2.616638139,-0.734378303,4.654970288,2.118126373,-3.140228836,6.399449383,2,91
4997,90,1.512166972,-1.207375790,11.475840564,0.373145511,-3.754874059,13.073661512,3,94
4998,90,2.458395474,-0.700755996,4.968959210,1.933783650,-3.107493438,6.698959646,2,91
4999,90,0.981867940,-0.498980706,4.842916148,0.487014334,-2.823499225,6.448082158,3,99
5000,90,2.615725041,-0.741961251,4.653264633,2.116990851,-3.147698473,6.397409968,2,91
5002,90,2.606772811,-0.739824469,4.577891250,2.115075864,-3.142860523,6.321655219,2,91
5003,90,2.616372193,-0.734192869,4.654873513,2.117880082,-3.140026682,6.399335573,2,91
5006,90,1.582753656,0.811708028,10.704459662,0.615770933,-1.720535155,12.381340367,2,91
5007,90,2.082217684,-1.560232277,7.666018423,1.270036150,-4.024959079,9.320416047,4,95
5008,90,2.526981939,-0.718828613,4.744523314,2.021570272,-3.122564910,6.481086854,2,91
5009,90,1.667660459,0.364032295,4.827928912,1.214033590,-1.998285588,6.524193205,2,91
5010,90,2.643045450,-0.640292433,4.488159474,2.164370260,-3.042800483,6.238998258,2,91
5012,90,3.613735479,-0.585844790,5.464603331,3.043379185,-3.069155070,7.299797499,2,91
5013,90,2.615564527,-0.745156309,4.641841810,2.117712519,-3.150541504,6.385915995,2,91
5015,90,2.602104221,-0.743249131,4.579891918,2.110077102,-3.146088529,6.323110918,2,91
5017,90,2.609917874,-0.752969219,4.646866721,2.111243260,-3.158186682,6.390143987,2,91
5019,90,1.341625945,0.426853648,3.580280624,1.006843410,-1.881303140,5.255233547,2,91
5021,90,2.603247853,-0.742757970,4.590335000,2.110286014,-3.145967919,6.333625143,2,91
5024,90,2.615767230,-0.734131043,4.655017897,2.117268364,-3.139936922,6.399427192,2,91
5027,90,3.403925700,-1.363376329,6.409762105,2.709153322,-3.861954588,8.195153598,2,91
5028,90,2.026610870,-2.242822473,9.156116535,1.044223754,-4.747331901,10.775270041,5,95
5029,90,2.557024912,-0.617785975,4.581181491,2.071464785,-3.018489461,6.324652892,2,91
5032,90,2.562391525,-0.626966470,4.549984882,2.079186060,-3.027017778,6.293766646,2,91
5040,90,2.569385109,-0.689744591,4.557323196,2.082299907,-3.090269214,6.299547071,2,91
5041,90,3.131663140,-1.420209904,9.221115906,2.178871946,-3.987202069,10.967189291,2,91
5042,90,2.555415279,-0.606597818,4.459080673,2.081575115,-3.003628640,6.203354447,2,91
5043,90,2.581569962,-0.643762713,4.543480804,2.098004967,-3.044614980,6.288435931,2,91
5044,90,2.582536292,-0.724629627,4.655080838,2.084693074,-3.128679999,6.396837154,2,91
5045,90,2.959249229,-0.242946105,4.767067339,2.473463184,-2.671326225,6.558571365,2,91
5046,90,2.583468147,-0.736483852,4.614379193,2.088736375,-3.139359337,6.356000671,2,91
5047,90,2.587639507,-0.608187267,4.595488390,2.101091248,-3.010966690,6.341966373,2,91
5048,90,1.802435111,-1.785855544,7.560865109,0.989980386,-4.232109709,9.182943314,6,97
5049,90,3.524061159,-1.518668825,7.128007671,2.755222628,-4.044595745,8.915531837,2,91
5052,90,1.120083142,-1.722184634,7.820323217,0.290884678,-4.139774424,9.382232275,5,99
5053,90,0.203146949,-1.175986775,7.652915744,-0.578170358,-3.540669317,9.152132816,11,104
5054,90,1.650899538,-1.940232991,8.455757641,0.749782408,-4.404544909,10.054837288,8,99
5055,90,2.605969781,-0.762818712,4.590457198,2.111968417,-3.166140257,6.333303429,2,91
5056,90,2.605401888,-0.749797461,4.646043427,2.106987319,-3.154755285,6.389028427,2,91
5057,90,2.705137350,-0.212204530,4.685919267,2.229698848,-2.624670595,6.456076966,2,91
5058,90,3.500804884,-1.358477471,6.427253444,2.804154591,-3.862756622,8.221414551,2,91
5059,90,2.576135681,-0.676137878,4.552815581,2.090112554,-3.076915289,6.296131422,2,91
5061,90,2.345805324,-1.644508963,7.853678108,1.510796943,-4.128703099,9.527945754,4,93
5065,90,2.617811410,-0.733542068,4.651663018,2.119637393,-3.139359117,6.396291172,2,91
5066,90,2.562604745,-0.635533219,4.586618360,2.075621232,-3.036662300,6.329956722,2,91
5069,90,2.432096699,-0.922318448,5.204132457,1.874966859,-3.334186254,6.923100125,3,93
5070,90,2.563832716,-0.673957336,4.551780030,2.078081430,-3.074051034,6.294072743,2,91
5072,90,-0.143035565,0.276711640,2.749697203,-0.401481466,-1.927319352,4.290280287,2,91
5073,90,2.511802707,-0.754326135,4.820276367,1.997765378,-3.159423581,6.553913865,2,91
5077,90,2.146256748,-2.052985838,8.563754316,1.226881196,-4.546738651,10.202867483,5,95
5082,90,1.448148404,0.425666839,3.512860159,1.118879005,-1.886185830,5.197630190,2,91
5083,90,2.556620885,-0.650935299,4.551350555,2.072111289,-3.050674009,6.293787659,2,91
5084,90,0.388390971,-1.899567686,8.235811936,-0.483703748,-4.290017997,9.724151408,8,100
5091,90,2.497654563,-0.674390084,4.824167510,1.987377801,-3.078995821,6.559257725,2,91
5094,90,2.348324549,-1.630886355,7.838789270,1.515349787,-4.114800564,9.513818101,4,93
5096,90,0.016701320,0.106488587,2.646070682,-0.241756912,-2.102695861,4.195615810,2,91
5098,90,1.494371105,0.478210280,3.514798126,1.167327151,-1.836266698,5.205501936,2,91
5100,90,1.638807608,-1.953594418,7.965727164,0.781813664,-4.402757243,9.565526126,7,97
5101,90,2.368428641,-1.629402984,7.820779048,1.537063158,-4.113861730,9.497743554,4,93
5102,90,2.572230285,-0.686674001,4.546419332,2.086280043,-3.087034169,6.289053701,2,91
5103,90,0.087322020,-1.819201781,7.923454018,-0.750555847,-4.184491049,9.389005647,10,100
5104,90,1.715941688,-2.778005415,11.875752863,0.459950445,-5.345275278,13.436180843,7,98
5105,90,2.570511296,-0.671857775,4.537814961,2.086104432,-3.071899529,6.280842580,2,91
5107,90,2.109223288,-1.672965040,10.012595527,1.076992461,-4.208255286,11.654725092,7,97
5112,91,0.840617765,-1.407891199,8.497867934,0.897307629,-4.717443187,10.558914690,5,98
5114,91,1.047383045,-0.880780829,7.131405822,1.238606154,-4.050410873,9.283611145,4,95
5116,91,-1.627729271,-1.301559989,9.258864526,-1.624881127,-4.604322733,11.114726592,13,105
5125,91,1.623017639,0.168070203,4.148803448,2.104568727,-2.700074458,6.498999684,2,92
5127,91,1.550170296,-0.399442409,4.244487593,2.008018553,-3.271588430,6.523136779,3,93
5129,91,0.636131975,-1.219303782,7.548004719,0.782967446,-4.417436821,9.622676323,6,99
5130,91,1.660509416,-0.515055638,4.235322967,2.115527473,-3.389497454,6.510313970,2,92
5131,91,1.069157008,-0.873654945,7.149219904,1.258904345,-4.046114103,9.303902680,4,95
5132,91,-0.802225738,-0.986555110,6.772312550,-0.574145440,-4.046992604,8.759102994,6,100
5134,91,0.598410591,-1.060112455,8.070035474,0.703548687,-4.315698549,10.154299192,8,99
5136,91,1.573429477,0.101578853,4.299032179,2.040071639,-2.780892418,6.635957123,2,93
5138,91,1.575824277,-0.331089050,4.075197797,2.050423121,-3.185922528,6.365489866,2,92
5139,91,-0.558848346,-0.605012237,7.432802858,-0.379843967,-3.750190310,9.476884509,9,100
5140,91,-1.013743575,-1.463507631,9.123556897,-1.005993864,-4.773006728,11.014537302,7,99
5143,91,0.508593979,-0.554497380,6.227385704,0.791114218,-3.606299675,8.379994450,5,99
5150,91,-1.530631141,-2.640420755,9.207350497,-1.560312273,-5.931938421,10.920054188,11,101
5154,91,0.389181283,-0.145946333,5.288868776,0.766501351,-3.092250370,7.487170338,2,93
5156,91,0.886970877,-0.610897564,7.409935162,1.061615978,-3.807232877,9.576333835,5,97
5157,91,-0.817337760,-0.951189821,6.160736969,-0.534075435,-3.943632191,8.156429959,6,99
5158,91,-1.226290258,-2.461954319,8.278053774,-1.170113914,-5.663168137,10.046227079,7,99
5160,91,0.640067418,-0.907668415,7.493211862,0.800273177,-4.102014917,9.604132277,7,99
5162,91,-0.021586644,0.506291783,4.260199435,0.466444010,-2.315376879,6.508018341,2,95
5163,91,0.927687056,-0.679568298,9.046287889,0.955394904,-4.058021621,11.191835557,6,99
5166,91,-0.557069437,-1.019795907,7.504799628,-0.395808464,-4.170171447,9.501239624,8,100
5169,91,0.887352136,-0.724687376,9.305700276,0.891029620,-4.130039248,11.440085421,5,99
5172,91,-1.344183244,-1.696701970,7.372813013,-1.186389542,-4.798594792,9.226947648,9,100
5173,91,-0.797344935,-0.437058939,4.476338619,-0.350951257,-3.247368024,6.549068823,12,104
5177,91,-0.278863467,-0.045850184,6.851659299,-0.034294395,-3.140947588,8.988826757,2,92
5178,91,0.559402256,-0.611992775,7.519705009,0.725708288,-3.808294691,9.657060018,6,99
5180,91,0.749363458,-0.787167076,8.359813449,0.835671372,-4.082294723,10.484940195,4,97
5182,91,0.958366752,-0.844105668,11.277012669,0.783929566,-4.469420281,13.383980081,7,99
5188,91,0.100811007,-0.598552714,8.498924234,0.182759821,-3.886262627,10.588985349,3,93
5190,91,1.123319366,-1.273697059,8.068370188,1.220495477,-4.547144821,10.172981202,4,95
5191,91,1.130662312,-1.274180885,8.077503452,1.226984917,-4.548908873,10.182590819,4,95
5194,91,-0.044064834,-0.450146791,5.395031968,0.317388054,-3.390019122,7.520960226,5,99
5195,91,0.726610556,-0.901671758,7.776340897,0.861540120,-4.130605578,9.892431879,8,98
5196,91,1.452777905,-0.676821972,7.641345878,1.602693196,-3.919339794,9.845966964,2,93
5198,91,0.749482656,-0.654758720,9.053015821,0.778041358,-4.027503908,11.186180713,7,99
5199,91,0.979151649,-0.611360352,7.531803270,1.142597248,-3.824603621,9.704745812,4,95
5206,91,-0.631520963,-0.656309907,7.365841934,-0.447680228,-3.791026994,9.398608508,8,100
5212,91,-1.286553479,-1.780622263,7.115269244,-1.108503778,-4.855583846,8.967373663,9,102
5217,91,1.225366732,-0.956613075,7.539523485,1.377612366,-4.177499947,9.694116186,3,93
5222,91,0.960157880,-0.927183325,11.632943138,0.751923691,-4.591382863,13.727043276,8,99
5226,91,1.548431419,-0.460574620,4.282720183,2.001227628,-3.336468818,6.553899103,3,93
5244,91,0.554791138,-0.567882538,6.892411844,0.777865152,-3.694900070,9.040711892,7,99
5246,91,0.795130694,-1.240437930,8.346184045,0.870032944,-4.532659414,10.423900906,7,98
5255,91,1.070725458,-0.855447109,7.126185794,1.263004188,-4.025540134,9.283300286,4,95
5264,91,0.109998187,-1.107706569,7.595077800,0.257987046,-4.292259899,9.637267161,8,99
5266,91,1.476567497,-0.665306622,7.787965141,1.613714285,-3.925011706,9.994432856,3,93
5267,91,0.435468607,-0.557046994,6.313003012,0.710653266,-3.615588636,8.458249766,8,99
5269,91,0.482180120,-0.590315829,6.983655612,0.696873550,-3.724578500,9.122324325,6,99
5274,91,0.660890768,-0.521830844,8.228525781,0.766471300,-3.800956756,10.377574077,7,99
5278,91,1.489259123,-0.157965503,4.474177294,1.933647266,-3.054915680,6.772737374,2,93
5280,91,0.900455017,-0.791376004,9.202084890,0.911423462,-4.185293083,11.331061057,7,99
5281,91,0.418896382,-0.402393290,5.652327079,0.756884046,-3.388267729,7.820383781,7,99
5287,91,1.556267414,-0.420806909,4.138719266,2.022868864,-3.281329408,6.416529382,3,93
5289,91,1.143318648,-1.674973384,8.382088333,1.201641135,-4.981136281,10.439697646,2,95
5294,91,0.835990952,-0.475407780,7.485255521,1.007897842,-3.679109638,9.661939842,3,97
5296,91,0.518636426,-0.663421488,7.701278420,0.667632911,-3.877949353,9.827503991,8,99
5301,91,1.319504244,-0.975601792,7.259369104,1.495629193,-4.168855951,9.422627274,3,93
5302,91,0.860281078,-0.952983179,7.443682594,1.022683113,-4.149722456,9.568657733,5,97
5305,91,0.664894540,-0.929161277,7.744749717,0.802133822,-4.152117951,9.852800420,8,99
5306,91,0.558271075,-0.740161669,7.002220656,0.766888895,-3.878281907,9.130159127,6,99
5309,91,0.478905835,-0.586813659,6.907739244,0.700430847,-3.712577894,9.047293583,7,99
5311,91,0.645940301,-0.598302189,7.916192420,0.777144263,-3.841787769,10.058446473,8,99
5313,91,1.587590490,0.001433975,4.139804890,2.065526492,-2.863259240,6.468175665,2,92
5317,91,0.414918970,-0.551573828,6.435522987,0.679494189,-3.622946976,8.578409468,8,99
5319,91,1.488569927,-0.671608439,7.712824515,1.632145323,-3.923401602,9.920354592,2,93
5320,91,0.888902839,-0.741154396,6.936247007,1.101911682,-3.884253955,9.092810255,6,96
5321,91,0.979055831,-0.757325925,8.993620130,1.009075903,-4.131328506,11.135237470,7,99
5329,91,-0.971255690,-1.435112850,9.118003778,-0.962419424,-4.745770458,11.015869560,9,100
5330,91,0.875067918,-0.702293069,9.226325042,0.886439475,-4.098558093,11.363009470,5,99
5332,91,0.202237523,-0.017356135,4.195383387,0.680700498,-2.836590092,6.403440787,2,93
5333,91,0.568033564,-0.613442293,7.624683681,0.724968035,-3.821671707,9.761547480,8,99
5335,91,-0.794634873,-0.419921976,4.443858343,-0.344907693,-3.226854743,6.519091015,13,104
5336,91,0.567099838,-0.037221021,2.620272384,1.182907132,-2.695580215,4.872951159,2,94
5337,91,-0.017750762,0.060476724,4.160881789,0.466845671,-2.747296507,6.359441596,3,99
5338,91,0.420639089,-0.400021611,5.712557435,0.753351477,-3.392641954,7.880423307,6,99
5339,91,-0.949976206,-1.332656545,8.105570081,-0.848785284,-4.532772140,10.027086925,7,100
5340,91,0.934162923,-0.790041916,7.454390546,1.099761980,-3.991825547,9.604019530,6,97
5342,91,-0.691312572,-0.781371511,7.150666813,-0.491588629,-3.889201019,9.166337787,5,99
5345,91,1.484986349,-0.671643894,7.720161346,1.627926602,-3.924115519,9.927309093,3,93
5348,91,1.958553175,-0.390227586,7.475724258,2.128805630,-3.635172491,9.757478905,2,93
5352,91,0.892221162,-0.385556669,7.164529184,1.094743923,-3.556471628,9.359420225,3,97
5355,91,0.465417654,-0.589126749,7.034656734,0.675700210,-3.728418288,9.171522438,4,99
5357,91,0.689492020,-0.842492075,7.595202238,0.842240155,-4.050406791,9.716685186,8,99
5358,91,1.368217353,-0.896512050,7.342018922,1.538981235,-4.101262926,9.517553194,3,93
5360,92,1.215222165,-0.448665186,6.709244695,0.762696724,-3.724404994,9.702565967,6,99
5361,92,-0.184637724,-1.255209828,7.211382663,-0.771398449,-4.436934627,9.736002919,6,99
5363,92,0.839800598,-1.156187094,7.726999187,0.090941540,-4.496533456,10.496238078,5,99
5367,92,1.868360057,-0.586691311,9.054756184,0.781588657,-4.178650349,12.098472624,6,99
5368,92,0.279774332,-0.058931077,3.421207094,0.730640280,-2.891527769,6.364387646,3,98
5369,92,1.067518903,-0.483881503,6.299606568,0.722869321,-3.700403618,9.268172654,7,99
5370,92,0.964831223,-0.612118188,5.946765096,0.705451911,-3.779017133,8.887379981,6,99
5371,92,1.527082130,-0.716452241,5.945992268,1.240509205,-3.938122617,9.011522683,3,95
5372,92,1.901295859,-0.836660901,7.120438563,1.291917535,-4.220813158,10.216202464,4,95
5373,92,-0.270966032,-2.045425897,8.232513650,-1.171018049,-5.320011441,10.593372163,5,99
5374,92,1.943955274,-0.566005233,8.600773633,0.972277499,-4.116808041,11.683676287,4,99
5375,92,0.995847100,-0.525489102,6.141380797,0.691454149,-3.717379227,9.093163084,7,99
5376,92,1.778467549,-0.684208997,8.172303057,0.914394749,-4.171096722,11.216078513,5,99
5377,92,0.657278743,-0.392971894,4.664499371,0.752790874,-3.393481504,7.608341155,5,98
5378,92,0.429064475,-0.318683513,3.741762559,0.774442868,-3.197868037,6.675436924,6,99
5379,92,0.848658012,-0.502012366,5.515783079,0.711540274,-3.612105868,8.459047671,6,99
5380,92,1.599732770,-0.787680810,6.135481999,1.257053486,-4.036227967,9.202204642,3,95
5381,92,2.113677254,-0.512618319,6.697842166,1.627408142,-3.875897193,9.904471497,2,93
5382,92,1.924020845,-0.755827368,4.333121946,2.033933137,-3.842842252,7.554861591,2,93
5383,92,-0.610863207,-0.530650001,4.480756689,-0.432253008,-3.383606658,7.101908411,11,104
5384,92,1.916625019,-0.542598596,6.444138316,1.500391692,-3.858601369,9.608394278,3,94
5386,92,1.908153428,-0.872846428,6.327827886,1.499210352,-4.171902938,9.451855958,2,93
5388,92,-0.588890090,-2.156838048,7.403710647,-1.272772937,-5.309276496,9.704590134,8,99
5390,92,1.477434617,-0.400235764,6.815751284,0.991543618,-3.714081875,9.875675657,4,99
5391,92,0.997062844,-0.653972793,6.096526837,0.695242519,-3.839761916,9.033753147,5,99
5392,92,2.341266635,-0.787554378,7.689368328,1.573649316,-4.277336036,10.877337232,3,94
5393,92,2.108235733,-0.617519366,8.068174982,1.263630509,-4.126746033,11.205850213,4,95
5395,92,2.218330511,-0.561685195,6.694209319,1.725844725,-3.934462223,9.920391184,2,93
5396,92,0.751781013,-0.587281526,5.039100336,0.734441533,-3.635453981,7.966287264,8,99
5397,92,-0.404427365,-0.694035497,5.842903540,-0.593702088,-3.712522037,8.440005376,8,101
5398,92,1.067207533,-0.655526324,6.112690351,0.758618855,-3.850024235,9.066342638,6,99
5399,92,1.208894778,-0.652861726,6.968213645,0.676094888,-3.953660882,9.923344227,4,98
5400,92,1.105620137,-0.565006171,6.348257493,0.741523582,-3.789685506,9.313786155,7,99
5401,92,0.982652588,-0.607226582,6.031832670,0.701165056,-3.785117159,8.974111944,4,98
5402,92,-0.436669414,-1.392756997,7.663846571,-1.139880570,-4.596642366,10.090794617,8,100
5403,92,2.113176538,-0.499700423,6.760002438,1.611883836,-3.869765650,9.965728515,2,93
5405,92,2.028202747,-0.666426180,9.676229705,0.770870175,-4.340388845,12.724461798,5,99
5406,92,1.633575632,-0.561016205,8.191251975,0.778361674,-4.036851113,11.214558025,5,99
5407,92,-0.687474833,-1.970084072,9.275961490,-1.834854019,-5.316422347,11.502904070,7,100
5408,92,0.056248086,-0.354815502,3.423354012,0.494132015,-3.162185942,6.273150711,4,99
5409,92,2.255055325,-0.283767132,7.218242403,1.646129601,-3.719660996,10.468755813,2,93
5410,92,0.735898579,-0.371259652,4.957609994,0.754952143,-3.411408832,7.912052000,6,99
5411,92,-0.807562538,-1.524100213,8.361606189,-1.685409951,-4.764803658,10.652756100,8,99
5412,92,0.033617941,-0.852786666,7.192225034,-0.528246104,-4.058532955,9.823387492,8,100
5414,92,-0.173508193,-1.116143072,6.927955864,-0.678399467,-4.269947256,9.484486345,7,100
5415,92,2.223183197,-0.347120408,7.048175315,1.654617920,-3.760834236,10.289354038,2,93
5418,93,-1.147383368,-1.126000092,4.647271617,-1.371116515,-3.785179252,7.102770362,11,104
5420,93,1.918400129,-0.396275081,6.840520128,0.858153722,-4.112781747,10.211612089,5,98
5422,93,0.557091211,-0.724326524,7.089421311,-0.544098225,-4.103295114,9.974270565,7,100
5424,93,0.456542508,-1.194230773,7.386010363,-0.834427303,-4.560527113,10.134061167,5,100
5426,93,2.409899178,-0.176804694,6.705661692,1.400687767,-4.014352722,10.274013218,2,94
5427,93,1.159555919,-0.750232156,6.269087369,0.279757352,-4.195020566,9.383143648,4,99
5429,93,1.396459514,-0.876689255,6.651167817,0.342261981,-4.418848474,9.788229341,5,98
5430,93,1.206136773,-0.763251185,6.186414154,0.347631652,-4.210609126,9.317384940,6,99
5431,93,0.638883863,-1.250482407,8.372219798,-1.010678823,-4.768143142,11.100938952,7,100
5432,93,0.344990479,-0.664522632,6.338280391,-0.473544375,-3.909985618,9.219002732,4,100
5435,93,-0.085645311,-1.686764914,9.154394598,-2.030342984,-5.084522065,11.533688007,7,100
5438,93,-0.819945602,-1.274962741,5.791015259,-1.486534452,-4.136270682,8.243370374,10,105
5446,93,1.299604987,-0.513909218,5.555817493,0.697787774,-3.927216629,8.801982908,5,99
5449,93,-0.069319557,-2.146242039,5.684093873,-0.943386815,-5.154924282,8.206836237,9,103
5450,93,-0.132931982,-0.908085507,5.063825491,-0.534324602,-3.882783820,7.837867738,5,101
5451,93,1.625122118,-0.069663148,5.604987611,1.072948958,-3.590034759,9.028469434,3,97
5452,93,1.776976287,0.036799151,5.906333828,1.133202686,-3.559573016,9.375809359,3,97
5453,94,0.660451807,-0.299349263,2.867053831,0.487011199,-3.147749707,6.261077792,2,99
5455,94,0.561321703,0.357038246,2.937914475,0.449752528,-2.491100961,6.375606330,2,96
5456,94,0.654602828,-0.636568961,5.033558173,-0.540110733,-3.635420987,8.135828352,8,104
5458,94,0.677064467,0.264601021,1.450922132,1.212765370,-2.494046800,5.090736695,2,95
5464,94,1.103722210,-1.015457342,6.279723620,-0.754528538,-4.177385971,9.384224085,4,100
5465,94,-0.133134092,-1.267258059,6.000849319,-1.752225729,-4.185719622,8.562324545,11,106
5470,94,1.100637013,-1.025206971,5.921120030,-0.596319995,-4.160308256,9.062697232,5,99
5471,94,2.759541946,-1.033730110,6.282054437,0.704316932,-4.488042262,10.103488216,5,98
5473,94,0.998798552,-1.899258508,7.026421327,-1.295672178,-5.080715298,9.874969058,5,103
5474,94,2.471407668,-0.898385157,5.899815407,0.639694351,-4.276460661,9.657950963,5,99
5475,94,0.916685949,-1.602712333,7.512238687,-1.550671093,-4.810488302,10.313892224,7,100
5476,94,0.945491196,0.424603754,1.956716300,1.241156354,-2.421234641,5.680121005,2,95
5478,94,2.569379740,-0.188636411,5.306863212,1.083348680,-3.553939372,9.275762612,2,95
5479,94,1.833768868,-1.426909080,8.231148594,-1.043863048,-4.852284088,11.376990543,5,100
5480,94,-2.472989400,-0.720139508,4.235096859,-2.951395531,-3.106748303,6.054346076,13,117
5484,94,2.845401058,-0.494363713,6.457743103,0.768337014,-3.986572612,10.374751968,4,99
5485,94,1.274598655,-1.276094453,8.243367262,-1.524255428,-4.606343587,11.166509891,8,105
5486,94,2.236743266,-0.669015699,5.352555445,0.708701406,-3.970022403,9.102518866,5,99
5488,94,0.255964849,-0.524685630,4.045732499,-0.431419236,-3.383264485,7.100534704,7,100
5489,94,-1.860165975,-0.787959610,5.219672999,-2.863952411,-3.353259321,7.186215464,20,117
5490,94,-0.524606063,0.163057511,0.889920482,0.392558258,-2.340572720,4.054999277,6,101
5491,94,1.174969636,-2.186814621,8.262563557,-1.735133294,-5.484076836,11.008964551,5,99
5492,94,1.113135379,-2.269179031,7.396033489,-1.408233339,-5.490924298,10.199908767,6,100
5493,94,0.762705351,-0.818279091,4.780066951,-0.352813579,-3.814430829,7.931285496,6,99
5494,94,0.328010184,-0.570630668,4.283186767,-0.480934630,-3.458376074,7.336315282,9,104
5495,94,1.197166145,-2.545095166,8.742934177,-1.977683693,-5.874643035,11.393985218,8,101
5500,94,1.992003827,-0.855096249,5.524887892,0.391317447,-4.121977456,9.122491846,5,99
5501,94,1.295638275,-1.371182585,7.811332247,-1.322241301,-4.671949188,10.777890706,5,99
5503,94,0.967509205,-1.126203353,7.662605087,-1.514022780,-4.362684465,10.538352664,8,104
5505,94,0.816249087,-0.125918862,2.778895939,0.686204602,-2.998624409,6.275442465,5,99
5508,95,0.869370558,0.545742245,2.805511962,0.695166650,-2.417883813,6.428363831,3,97
5509,95,0.817832601,0.519531000,2.703657466,0.694489504,-2.425347413,6.311481989,3,97
5510,95,0.800412072,0.436107031,2.794983787,0.626297785,-2.511718545,6.370587381,2,97
5512,95,0.797419787,0.435219590,2.738665904,0.649914603,-2.507191268,6.319565867,2,97
5513,95,0.802410813,0.432231129,2.726194267,0.659751154,-2.509958094,6.310347955,3,97
5514,95,0.802583059,0.484431439,2.763490450,0.648851567,-2.462079855,6.351636942,2,96
5516,95,0.835684919,-0.225204214,2.671402114,0.633949395,-3.155171121,6.171189786,3,99
5519,95,-1.745806429,-0.973091354,6.315231666,-3.421821255,-3.728611936,8.100649977,18,117
5520,95,0.671995855,-0.634824025,4.155296819,-0.253666248,-3.654096826,7.337267660,3,99
5521,95,1.183006075,-1.195160880,6.456238230,-0.951384158,-4.494502159,9.499754378,5,100
5522,95,2.676839331,-0.214662281,5.348733460,0.994397237,-3.712462407,9.352002200,2,97
5523,95,1.882231009,-1.798985657,8.810465678,-1.514611679,-5.416546080,11.786349339,6,100
5524,95,0.932545891,-0.254759492,2.665706685,0.717775177,-3.201360314,6.204772473,4,99
5525,95,1.245244229,-0.441701371,5.664270893,-0.434111349,-3.699841210,8.952278443,5,100
5526,95,0.863697433,-0.407599776,2.792380069,0.579527565,-3.349338475,6.260776675,3,99
5530,95,2.747189256,-0.199456740,5.301002821,1.080165911,-3.706343465,9.343950651,2,97
5531,95,0.892807679,-0.108989279,2.740504030,0.665864620,-3.057768275,6.276252146,3,99
5533,95,0.899684817,-0.071317667,2.647631601,0.719944694,-3.014139568,6.203701370,3,99
5534,95,3.707037289,-0.264736047,7.425469972,0.918532028,-4.128921267,11.631795227,3,99
5535,95,0.756231953,0.428998434,2.777017307,0.595160064,-2.509043848,6.333865484,2,97
5536,95,0.811141362,0.569807409,2.794174439,0.652450573,-2.382678391,6.396204448,2,96
5538,95,0.794192679,0.231192514,2.684321834,0.647511158,-2.701729004,6.237468163,3,97
5539,95,0.826378405,0.436144351,2.867941817,0.614902105,-2.522717543,6.446391646,2,97
5542,95,0.780546751,0.442863281,2.796056778,0.609235474,-2.501557010,6.363728084,2,97
5545,95,0.865961706,0.593891073,2.823452394,0.689690415,-2.371651191,6.450371659,3,97
5546,95,0.636346245,0.174353062,2.381490731,0.644042593,-2.702419635,5.891288457,3,97
5548,95,0.834130460,0.589660782,2.794887925,0.674672026,-2.367506445,6.410317676,3,97
5549,95,0.798185453,0.111901350,2.746656471,0.607229622,-2.824650402,6.274880178,3,99
5550,95,0.791055400,0.252144635,2.681935940,0.648448501,-2.680430388,6.237338795,3,97
5551,95,0.692660802,0.243626909,2.633379626,0.583993323,-2.666575330,6.149217676,2,96
5552,95,0.803082694,0.245378376,2.766585212,0.618549220,-2.696546478,6.316093109,2,97
5553,95,0.739898543,-0.074520558,2.535926711,0.631944251,-2.978402074,6.033411478,3,99
5556,95,0.855135595,-0.177759567,2.521126930,0.727084907,-3.099331905,6.055346302,4,99
5559,95,0.699466499,0.169164865,2.392256714,0.693620264,-2.719984888,5.928173506,3,97
5560,95,0.816252854,0.231286680,2.691992898,0.663243696,-2.706336480,6.254104384,3,97
5562,95,0.791517471,0.065771293,2.619138092,0.655391951,-2.857627228,6.152298369,5,99
5563,95,0.831845139,0.419973090,2.719875370,0.686969087,-2.526808113,6.315989633,3,97
5564,95,-2.605139012,-0.790803615,4.669527225,-3.381826655,-3.251067664,6.297769971,11,117
5565,95,0.924492984,-0.206664824,2.654653561,0.721790117,-3.151834306,6.199189222,4,99
5566,95,0.875538996,0.578187388,2.815149932,0.700033031,-2.388068938,6.444826484,3,97
5567,95,-2.250546996,-0.913187952,4.344168979,-2.934248009,-3.407837147,6.150569097,14,113
5568,95,-0.927934698,-1.479640289,6.330617285,-2.775199082,-4.375763214,8.398672962,7,105
5571,95,0.930435741,0.123866043,2.778441437,0.709586682,-2.839885003,6.363956077,3,99
5573,95,0.801827356,0.101654377,2.642465338,0.657900977,-2.826382355,6.183209734,3,99
5574,95,-2.438883164,-0.207208920,4.258590901,-2.972561622,-2.674607514,6.104668274,32,157
5575,95,-2.437679569,0.749773630,4.122908789,-2.790775529,-1.725957681,6.139938621,51,179
5576,95,1.495209238,-1.089977898,6.711604857,-0.784679203,-4.470644804,9.881050424,5,100
5578,95,0.436804381,-0.471147919,4.243951631,-0.480946598,-3.458374166,7.336342485,9,104
5579,95,1.430733016,-2.522697398,8.282911899,-1.751707396,-5.997200930,11.003695087,4,98
5580,95,0.829673048,0.573008596,2.789638779,0.671185452,-2.382546142,6.401024202,2,96
5581,95,-2.287386485,-0.007518566,2.869796509,-2.165828044,-2.387224101,4.982986923,29,155
5582,95,1.421569995,-1.606466151,7.920007874,-1.477697403,-5.066999607,10.827891186,6,100
5583,95,0.810340682,0.246354945,2.673570954,0.668532629,-2.688911372,6.237679792,3,97
5584,95,-1.640919012,-0.944754592,5.817961656,-3.093924379,-3.677255969,7.714738060,6,100
5586,95,0.747647288,-0.073777015,2.527696160,0.642668026,-2.978384152,6.029759325,3,99
5587,95,1.238979256,-1.554626656,8.865362313,-2.073391929,-5.064185956,11.586087626,6,100
5588,95,0.807824400,0.417049145,2.732142053,0.659847110,-2.526329364,6.315558336,3,97
5589,95,0.804862372,0.198405183,2.642464390,0.672413199,-2.732188293,6.200145020,5,99
5590,95,0.907425252,0.408170961,2.824891733,0.702553504,-2.561246052,6.440292628,3,97
5591,95,-2.402852545,-0.323366894,4.365291858,-3.005170250,-2.804146295,6.195950016,30,157
5592,95,-2.283353568,-0.155667330,4.017631134,-2.717392327,-2.631865420,5.970618491,22,157
5593,95,-0.248870176,-0.456401694,4.142710864,-1.031956138,-3.309667942,6.942779674,6,105
5594,95,0.787874097,0.059224654,2.639175170,0.642027633,-2.865096363,6.167239056,3,99
5595,95,0.907387786,-0.262327875,2.657037351,0.698882136,-3.203419283,6.184668203,5,99
5596,95,2.047222017,-1.075094163,6.977017085,-0.423831176,-4.579993728,10.363973604,5,100
5597,95,0.793246891,-0.388344408,2.538862487,0.638813181,-3.295756067,6.009342084,3,98
5598,95,0.889797494,0.244761530,2.763824429,0.695667130,-2.712790628,6.352375536,2,97
5599,95,2.222277446,-0.273396400,4.997502405,0.753620343,-3.656512225,8.830144439,4,99
5600,95,0.788860288,0.391262290,2.699898195,0.655171175,-2.545334573,6.274555854,2,97
5601,95,2.730361356,-0.053857016,5.272852723,1.096445400,-3.558250482,9.335100090,2,97
5602,95,0.772197374,0.280018204,2.728692694,0.613485228,-2.653705707,6.274515616,3,97
5603,95,2.633115583,-0.167433410,5.042375012,1.105222907,-3.631829704,9.070552615,2,97
5604,95,1.230113312,-1.634060212,8.167069799,-1.764234047,-5.080236463,10.955084840,4,99
5605,95,0.798823109,0.454874263,2.799545040,0.625072878,-2.493441216,6.376910173,2,97
5606,95,1.367811060,-1.597704817,7.468017068,-1.312244357,-5.009663697,10.407652735,7,102
5607,95,0.793804584,0.589577420,2.808914781,0.632802736,-2.361411879,6.404594497,2,96
5608,95,1.211253556,-1.316651394,7.263976121,-1.319394203,-4.688191077,10.203353394,6,100
5609,95,-1.892515625,-0.533049416,5.179908050,-2.965228264,-3.173067325,7.107164580,18,117
5611,95,0.910628691,-0.100421617,2.742546585,0.681557817,-3.052816745,6.287404334,4,99
5612,95,3.538985306,-1.142826455,8.251544109,0.277413533,-5.029196824,12.141847881,4,99
5613,95,1.233292050,-2.044317416,6.892268944,-1.215387714,-5.372841374,9.769088059,3,98
5614,95,1.226871951,-2.169386732,6.826426578,-1.205532296,-5.488479892,9.688159866,4,99
5615,95,0.436852172,-1.617775578,4.599427753,-0.787691806,-4.611898092,7.464436962,6,100
5616,95,1.186178009,-2.129676076,6.948148460,-1.293225900,-5.452618557,9.783411879,2,100
5617,96,0.906404532,0.324694053,2.730974034,0.504344380,-2.797025720,6.278940023,2,99
5618,96,1.009969201,0.588098007,2.624207840,0.674864527,-2.547188680,6.282201383,2,97
5619,96,1.037356929,0.593434658,2.633096540,0.694945416,-2.547991522,6.303501379,2,97
5620,96,1.864012457,-0.035123488,6.130426033,-0.346005245,-3.695212491,9.606539990,5,100
5621,96,1.276405965,-0.679625848,5.649595738,-0.694972401,-4.164108339,8.800177130,6,101
5622,96,1.028420930,0.585678663,2.647007552,0.679609016,-2.555435718,6.310051384,2,97
5623,96,0.966738055,0.655385622,2.709582216,0.603466691,-2.482790917,6.348839332,2,97
5624,96,1.061684730,-0.061498461,2.641509456,0.639957729,-3.193141054,6.201724930,4,99
5625,96,-0.365629274,-0.105011564,3.237750267,-0.892660452,-3.037515130,6.055151255,9,105
5626,96,1.260920896,-1.303091010,8.777309142,-2.288244142,-5.110889027,11.395679243,5,100
5627,96,1.323011369,-1.703876202,7.002764185,-1.420992188,-5.320569570,9.809046986,6,103
5628,96,-1.823562198,-0.661305466,4.792983682,-2.971648560,-3.481577798,6.633423755,15,113
5629,96,0.962706365,0.441037023,2.651843096,0.604280964,-2.685139039,6.257461236,2,97
5630,96,1.637639883,-0.715930055,6.711821784,-0.898444381,-4.381830509,9.882456356,5,100
5632,96,-2.056561576,0.750646491,1.392731685,-1.375776322,-1.689111908,3.831662075,31,165
5633,96,1.058006437,0.773794132,2.740303487,0.680924181,-2.387294612,6.439255494,2,97
5634,96,1.007506039,0.276528180,2.570276955,0.664505206,-2.845207938,6.176998861,4,99
5635,96,1.020565274,0.649246111,2.655808234,0.675526930,-2.492852567,6.325757098,2,97
5636,96,-2.092396756,-0.172187639,4.201676298,-2.865638596,-2.889854998,6.085903248,20,117
5637,96,0.955743640,0.426230519,2.519741481,0.660432366,-2.683932477,6.136779369,3,99
5638,96,1.083094777,0.123984198,2.652124296,0.673831527,-3.017060543,6.254857793,4,99
5639,96,-0.048474340,0.214095206,4.313895223,-1.102042895,-2.901457737,7.194515870,6,105
5640,96,2.295560878,-2.342842368,9.011627623,-1.617178398,-6.342745164,11.884217015,3,98
5641,96,0.961747671,0.285992436,2.539659373,0.640595044,-2.824195105,6.131090239,4,99
5642,96,1.241142634,2.859966106,8.813122031,-1.864721575,-1.044600670,12.182219720,4,99
5643,96,1.015424383,0.261865796,2.569211365,0.670284717,-2.860873756,6.177022843,4,99
5644,96,1.707018844,-0.013788582,4.714825912,0.203961039,-3.491271284,8.308475682,3,99
5645,96,0.655105420,-0.235556394,4.190453873,-0.480749874,-3.456916119,7.328343273,5,100
5646,96,1.046915110,0.609151431,2.636894352,0.703141605,-2.534814357,6.314083626,2,97
5647,96,-2.106070853,0.441233747,1.916378745,-1.705832560,-2.039254285,4.206971086,24,152
5648,96,0.905037628,-1.415676418,5.173701563,-0.868575266,-4.762821753,8.080757613,4,100
5649,96,1.088589819,-0.074591499,2.577598462,0.692766759,-3.203929119,6.156175499,4,99
5650,96,-2.085581499,0.533972995,1.743124040,-1.594120778,-1.933573077,4.082916524,31,157
5651,96,-2.367475288,0.154739754,3.836369197,-2.892093179,-2.480024254,5.702057036,27,155
5652,96,1.801252290,-0.612578233,7.154806465,-0.959001476,-4.359272870,10.361528414,8,105
5653,96,1.006582042,0.464823521,2.603592071,0.668321255,-2.664735808,6.240095087,2,97
5654,96,1.169216576,-0.016215615,2.653856492,0.732374328,-3.170071535,6.270230791,3,98
5655,96,1.008124917,0.504979119,2.633357676,0.659697187,-2.629037137,6.274037306,2,97
5656,96,1.210794577,-2.047088562,7.350403253,-1.724191223,-5.673002396,9.996401471,5,100
5657,96,0.839740625,1.467890329,7.237505688,-1.605227637,-2.158829757,10.373153155,8,104
5658,96,0.987849724,0.273386099,2.575195635,0.644709776,-2.845190049,6.171653080,3,99
5660,96,2.315347739,-1.240082750,8.629514416,-1.294042732,-5.227584088,11.763884495,4,99
5661,96,1.056979695,0.450938198,2.667171633,0.679848264,-2.694511988,6.315960714,2,97
5662,96,0.359172295,-0.144922710,3.397719064,-0.344792674,-3.227508341,6.520192874,8,104
5664,96,2.517204954,-0.789247461,8.238435857,-0.880154261,-4.781813971,11.599791322,5,100
5665,96,1.522593418,-0.980247194,7.365477567,-1.343280790,-4.690002390,10.348842228,5,100
5666,96,2.146273680,-0.832450909,7.784869953,-0.987941237,-4.706255031,11.027208234,5,100
5667,96,1.566925316,-0.114018399,5.282388203,-0.202980383,-3.625167589,8.718682491,4,99
5668,96,1.406801736,-1.729276768,6.863036898,-1.283495048,-5.345607410,9.721540575,3,98
5669,96,3.150848950,-0.334978187,5.456296557,1.064453958,-4.151872342,9.557773499,2,97
5670,96,-1.311752824,-0.033404277,2.640266801,-1.417882226,-2.728121905,5.114044572,8,112
5671,96,1.029280905,0.412258940,2.620544230,0.674063315,-2.722111494,6.255609871,3,99
5672,96,1.145031134,-0.046365230,5.284694311,-0.563102431,-3.481575983,8.539042486,5,100
5673,96,1.716305655,-0.862415992,7.541439958,-1.247082411,-4.629768602,10.612450173,4,99
5674,96,1.102922458,0.797305738,2.761759098,0.712157415,-2.374943041,6.482873284,2,97
5675,97,1.165859894,0.190513613,2.622761805,0.726063761,-3.004911998,6.261906037,3,99
5676,97,0.417888560,-1.088552176,5.684934423,-1.544334159,-4.469196623,8.329159136,4,104
5677,97,1.123654346,0.081847315,2.531886113,0.721814812,-3.092621293,6.143006541,3,99
5678,97,1.255699439,-0.497125803,4.503707524,-0.181171541,-3.910371836,7.803315294,4,100
5679,97,1.941148809,-0.751138695,6.912465740,-0.780637151,-4.564039942,10.159124820,4,100
5680,97,1.966566271,0.234182259,4.051673347,0.733406936,-3.275968458,7.877857868,2,99
5681,97,1.250157237,0.132851521,2.704279204,0.753560887,-3.086226337,6.360434873,3,99
5683,97,1.924526998,-0.556624549,7.391337278,-1.006282592,-4.426587252,10.603670521,5,105
5684,97,1.050676933,0.412814907,2.777182534,0.575063486,-2.784531012,6.385039619,3,99
5685,97,2.407805228,-0.763496435,7.014179507,-0.426130361,-4.674264382,10.459860794,4,100
5687,97,3.229663152,0.198384130,6.263570705,0.754210207,-3.800829006,10.370501803,3,99
5688,97,-2.097337498,-0.401478366,4.326794980,-2.996088684,-3.175829343,6.124032118,8,117
5689,97,-2.579227430,-0.208985387,4.125891149,-3.296443574,-2.875511578,5.764546398,10,117
5691,97,1.882414582,-0.107519628,6.201998055,-0.418339752,-3.842817794,9.638510995,4,100
5692,97,1.284040430,0.095639505,2.811777682,0.726892882,-3.141259453,6.462164423,2,99
5693,97,0.852096865,-0.589132470,6.754525158,-1.632181328,-4.186048932,9.551489491,4,100
5694,97,1.332335060,-1.452485769,6.290962622,-1.083162972,-5.063800317,9.206483376,5,102
5695,97,0.471109510,-0.148606156,3.737241677,-0.453511959,-3.336273496,6.843753420,7,104
5696,97,0.756585731,-0.145760989,4.280275125,-0.468532329,-3.449218730,7.446586611,5,101
5697,97,1.013684843,-0.144238096,2.446256395,0.643609117,-3.282979327,5.975113595,2,98
5700,97,2.147739581,-0.404253284,6.839738004,-0.528861086,-4.255348293,10.257190301,4,100
5702,97,2.695405497,0.069116475,5.297234177,0.744838772,-3.716189787,9.262036182,3,99
5703,97,2.203133662,-0.937777182,9.424410335,-1.790512101,-5.085514103,12.422209643,7,105
5704,97,2.650324491,-0.912783742,7.731199858,-0.579065646,-4.947863728,11.164825100,4,100
5705,97,1.953491265,0.203655052,4.069343353,0.710220821,-3.305384494,7.881350179,2,99
5706,97,1.092433550,-0.150472960,2.547657089,0.662166048,-3.315382293,6.098109617,3,99
5707,97,1.037227044,0.295325976,2.576972991,0.647816841,-2.873514372,6.182907681,3,99
5708,97,2.718161232,0.075894273,5.413205185,0.709119924,-3.727215558,9.374355517,3,99
5710,97,2.292263640,-1.149828653,8.324417886,-1.202799029,-5.181588660,11.469184779,4,100
5712,97,-0.632244407,1.229271180,3.358692236,-1.080236184,-1.743558730,6.269547954,4,104
5715,97,1.815809632,0.028665087,6.150957287,-0.436829933,-3.691679414,9.589491008,4,100
5716,97,-0.748203813,-0.127143966,3.329638721,-1.312217404,-3.042414541,5.932930909,7,109
5719,97,0.998747700,-0.011337096,2.741465434,0.501826334,-3.184700032,6.249472836,2,99
5720,97,1.073847051,0.020065252,2.604059427,0.636977056,-3.152048646,6.170894213,3,99
5721,97,-1.790966735,-0.598473311,4.775732952,-2.968790781,-3.476766151,6.616888301,15,113
5722,97,1.144957562,0.057220466,2.577047511,0.715783676,-3.125826522,6.187288578,2,99
5723,97,0.996250266,0.387354325,2.627638597,0.597554696,-2.781987089,6.225472811,3,99
5724,97,2.863715547,0.093813265,5.670699913,0.712617992,-3.766487640,9.668049492,3,99
5725,97,3.018613763,-0.154325787,5.655203909,0.828003077,-4.035520193,9.678742490,3,99
5726,97,1.757556874,-1.566727971,8.065779534,-1.586347411,-5.459497006,10.919395952,7,103
5727,97,-0.162819355,-0.147408230,3.817601452,-1.042665033,-3.227054843,6.621728927,8,105
5728,97,1.661281820,0.138252302,3.504706506,0.723159557,-3.249739628,7.244785268,3,99
5729,97,0.593710711,-0.145210460,3.933683956,-0.441910602,-3.378400502,7.071180064,8,104
5731,97,3.119027283,-0.218094712,5.766648246,0.854333868,-4.129242491,9.809478910,3,99
5732,97,0.757162584,-0.142914234,4.280686994,-0.467925998,-3.446595139,7.447750889,6,103
5733,97,3.247201400,-0.420234052,6.187694203,0.739897561,-4.398982105,10.195112788,3,99
5734,97,-2.330018313,-0.470923309,4.641575298,-3.358076806,-3.236970565,6.276596733,11,117
5735,97,0.520202256,2.215837975,7.496303340,-1.979123654,-1.473203740,10.575379174,7,103
5736,97,3.351139405,-0.161064253,6.165697745,0.868569858,-4.162760152,10.273206110,2,98
5737,97,0.838151868,-0.170078203,4.425236710,-0.470577657,-3.504832907,7.605209127,6,104
5738,97,1.173571190,-1.788058217,5.629598442,-0.936459095,-5.285310536,8.496111214,5,103
5739,97,1.038304589,-0.157985145,2.547181733,0.614599719,-3.312637740,6.071341815,2,98
5742,97,1.621277141,-0.856506746,7.024647221,-1.123988559,-4.620639113,10.089043874,4,100
5743,97,-0.002896658,0.297159019,4.424862239,-1.150460969,-2.893130032,7.306458967,8,104
5744,97,4.446536986,-0.834957564,9.513319664,0.125009070,-5.410771952,13.551953504,2,98
5745,97,3.330938737,-0.514337304,6.430055443,0.685056223,-4.534377600,10.425908848,3,99
5746,97,-2.009575792,-0.229250083,5.003100914,-3.229181806,-3.102307935,6.783590011,15,117
5747,97,0.200708819,-0.739588216,5.511839104,-1.611588130,-4.068406670,8.145449604,8,111
5748,97,2.441435832,-0.423515802,5.531601724,0.357976902,-4.177055842,9.254574853,3,99
5749,97,3.286641496,-0.518309271,6.269230833,0.724111220,-4.511432627,10.265313665,2,98
5750,97,3.276324649,-0.502819008,6.313486952,0.695368261,-4.499530355,10.301880971,3,99
5751,97,1.103545529,0.137254350,2.552343619,0.700382674,-3.037197224,6.162023625,3,99
5753,97,2.652216439,-0.674016508,5.838496426,0.365389378,-4.496065404,9.570076645,2,98
5754,97,2.299010206,0.295135161,4.620071361,0.753097674,-3.343839552,8.535365525,2,99
5755,97,-1.841515757,0.055903514,4.169318187,-2.648659271,-2.758608618,6.192307715,18,154
5756,97,2.358501023,-0.776915883,6.951923505,-0.440201915,-4.671024586,10.380625126,4,100
5757,97,2.732957448,0.082552353,5.310906198,0.772253688,-3.711612765,9.293739009,3,99
5758,97,1.867330626,-0.440094895,5.810729179,-0.277470835,-4.119273799,9.229056244,4,100
5759,97,2.849994197,0.369093968,5.215815866,0.950653343,-3.442641294,9.319696292,3,99
5760,97,2.562210226,-0.176063722,4.724294596,0.880577466,-3.864460172,8.657300725,2,98
5761,97,1.102362636,-0.002799227,2.582329087,0.669812446,-3.177124279,6.160835366,3,99
5762,97,2.635789014,-0.796201279,8.351939182,-0.880003510,-4.903274390,11.718511160,4,100
5763,97,1.820092353,-0.692950087,6.804247350,-0.827050349,-4.472315370,10.020617717,3,99
5764,97,3.158460678,-0.404578719,6.144946058,0.685252433,-4.362327195,10.120161225,3,99
5765,97,1.583467564,-1.695649202,7.005845901,-1.237647548,-5.430357719,9.895703428,4,100
5766,97,1.136243718,-0.439858542,4.768903492,-0.407253473,-3.863077676,7.989133303,4,100
5767,97,3.016301889,-0.198298580,5.576482338,0.859431792,-4.068889387,9.601058709,3,99
5768,97,1.451481288,-1.951671459,6.409978341,-1.090910336,-5.586777701,9.269582910,7,103
5770,97,1.004284988,-0.159534205,2.643251004,0.538343979,-3.318974831,6.138676362,2,99
5771,97,1.844679409,-0.765525970,6.953054660,-0.885597884,-4.564920999,10.147155384,3,99
5772,97,0.611944732,-0.144463410,3.931676578,-0.425028068,-3.380814569,7.077978554,6,104
5774,97,0.672234007,-0.177716638,4.140249656,-0.477329156,-3.448575456,7.280256485,5,103
5776,97,1.140301041,-0.038356320,2.610434748,0.685316724,-3.222100788,6.195910838,3,99
5777,97,-0.186961858,0.457486662,0.971358132,0.380526270,-2.302740061,4.257886624,6,102
5778,97,1.120910929,0.013627040,5.111352862,-0.537909852,-3.457345539,8.365253206,8,104
5779,97,1.719318360,-0.744760736,6.802121481,-0.919059483,-4.503974303,9.962511852,3,99
5780,97,0.699562215,-0.181329773,4.192068118,-0.479103403,-3.463160138,7.337082340,7,103
5781,97,2.540784470,-0.512905189,5.917668981,0.247552511,-4.327379888,9.618054806,3,99
5784,98,1.269352657,0.781464467,2.830451707,0.553876316,-2.797301562,6.271392554,2,99
5785,98,1.261136141,0.793474932,2.824853087,0.550377690,-2.783206775,6.265717736,2,99
5786,98,1.274999935,0.778301211,2.789452374,0.578998230,-2.794004546,6.238516083,2,99
5788,98,1.213203177,0.725405194,3.052909660,0.390604396,-2.881451600,6.419864768,2,99
5789,98,1.233400421,0.777291241,2.875114284,0.500248797,-2.802927669,6.291321454,2,99
5790,98,1.277277796,0.768076991,2.848479939,0.550829291,-2.814909842,6.287131474,2,99
5791,98,1.408720578,0.140600392,4.886111003,-0.394390306,-3.811572283,7.923031329,3,100
5792,98,-1.022300685,-0.177609637,7.359057834,-3.750071237,-4.128535944,8.797975645,8,113
5793,98,0.118498083,1.797685656,4.548486904,-1.229331717,-1.917017604,7.435044547,3,103
5794,98,-2.083106211,0.091822842,4.100147590,-3.022618553,-3.092342480,5.601803889,6,112
5795,98,2.414750815,0.606259694,5.766060093,0.067150277,-3.699395041,9.256313888,2,99
5796,98,2.474633327,-0.040227708,7.772367223,-0.925550505,-4.696005327,10.827336890,3,100
5797,98,1.245922913,0.584104084,2.844476652,0.513365034,-2.986531953,6.223985089,2,99
5798,98,1.237359392,0.602670545,2.987758501,0.435728880,-2.992788390,6.345973696,2,99
5799,98,1.268681080,0.775369350,2.864299502,0.535999104,-2.809159767,6.298282385,2,99
5800,98,1.657143651,-0.814108773,7.208967044,-1.402838916,-5.196964538,9.775749197,5,102
5801,98,1.273894357,0.766475578,2.775662571,0.584127774,-2.802767300,6.223412161,2,99
5802,98,1.319424337,0.779043953,2.788090271,0.618112182,-2.800994961,6.258445141,2,99
5803,98,1.314053819,0.761293314,2.803598063,0.604541301,-2.819990322,6.264724209,2,99
5804,98,1.325122446,0.713089690,2.747610142,0.638797131,-2.858537493,6.210674186,2,99
5805,98,1.444559355,0.760339756,2.823889145,0.707115636,-2.847924551,6.343098420,2,99
5806,98,1.261460254,0.795870511,2.852509261,0.537020764,-2.785917598,6.289903512,2,99
5807,98,1.325554845,0.766566504,2.773678228,0.629760609,-2.811571921,6.246058902,2,99
5808,98,1.292205417,0.567833897,2.741589606,0.603592754,-2.992066712,6.154552689,2,99
5809,98,1.280586293,0.780922309,2.840322412,0.558621539,-2.801611068,6.284914032,2,99
5810,98,1.254538660,0.360179762,2.730992121,0.562372481,-3.184280359,6.077053439,2,99
5811,98,-1.767646208,0.231350436,4.484553982,-2.932452894,-3.082938616,6.110265253,13,117
5813,98,2.454742525,0.629493624,5.821052336,0.075830481,-3.693963611,9.327436689,2,99
5814,98,2.507399750,0.663004605,5.959026322,0.054744458,-3.695771314,9.477385686,2,99
5815,98,1.274939297,0.752668232,2.859181031,0.542433783,-2.831318972,6.291334771,2,99
5816,98,1.285718291,0.567981833,2.735770760,0.600900670,-2.989716486,6.146603300,2,99
5817,98,1.287434981,0.753801904,2.772187943,0.596708815,-2.816826291,6.223737377,2,99
5818,98,1.291097531,0.570096659,2.733464335,0.606841446,-2.988219440,6.147696156,2,99
5820,98,1.281384356,0.377381240,2.705517220,0.599434569,-3.167869900,6.072294100,2,99
5821,98,2.419267643,0.570647576,5.822127191,0.040685918,-3.744726650,9.297262967,2,99
5822,98,1.432778027,0.582548828,2.793659934,0.700063833,-3.012358307,6.268438987,2,99
5824,98,1.844590833,-0.701941401,7.154748581,-1.206285060,-5.112282765,9.845414007,3,100
5827,98,1.279101543,0.766506154,2.773435597,0.589740113,-2.803269804,6.223981618,2,99
5828,98,0.079484310,0.980907492,4.534425484,-1.310943022,-2.697567446,7.204983889,3,103
5830,98,-2.030729227,0.157021977,4.900666650,-3.372368925,-3.182512524,6.321087616,8,113
5831,98,-1.959323850,0.851147591,4.097318755,-2.863200019,-2.379508245,5.843376312,2,99
5832,98,-1.149691066,0.075178413,5.322685669,-2.827171030,-3.495257924,7.073401535,11,112
5833,98,0.079484310,0.980907492,4.534425484,-1.310943022,-2.697567446,7.204983889,3,103
5834,98,-2.021776386,0.171808633,4.939162517,-3.382845228,-3.176730417,6.361554203,9,117
5836,98,1.258515601,0.157236686,4.343903158,-0.252539865,-3.671149116,7.396735371,2,99
5837,98,1.975298942,0.341818339,6.068296984,-0.481123763,-3.930822365,9.241105729,2,99
5838,98,2.130977220,0.358385657,6.574349177,-0.597974010,-4.033610489,9.747445186,2,99
5839,98,1.270592041,0.569371058,2.632656060,0.639369733,-2.967134072,6.052403828,2,99
5840,98,1.291712718,0.591917452,2.882993383,0.534238056,-2.994093994,6.280095925,2,99
5841,98,2.767254416,-0.045430874,8.039082927,-0.806132263,-4.801359248,11.189871408,3,100
5842,98,1.715294765,0.095340446,5.666276862,-0.521776626,-4.050441598,8.717643901,3,100
5843,98,1.964643774,-0.119126039,6.847262427,-0.909959057,-4.514767534,9.783764687,3,100
5844,98,1.218006790,0.596028237,2.840084731,0.492237326,-2.969210536,6.210043324,2,99
5845,98,2.776281289,0.199752980,7.267017195,-0.396653221,-4.427065575,10.599521290,2,99
5846,98,1.313034009,0.437088365,2.771724670,0.597763816,-3.127680208,6.157921578,2,99
5847,98,1.436119347,0.603994895,2.790358439,0.706039985,-2.991618651,6.272457736,2,99
5848,98,1.292692852,0.406707475,2.730822457,0.598552221,-3.146075095,6.106242194,2,99
5849,98,2.490847028,0.461107618,4.561781037,0.723972211,-3.637005648,8.235608096,2,99
5850,98,2.871704770,0.307533305,5.248821857,0.699948501,-3.977210724,8.959725590,2,99
5851,98,1.406998893,0.531652879,2.728424843,0.706914256,-3.045250818,6.188553238,2,99
5852,98,2.813548512,0.423190587,5.186907250,0.688365627,-3.843797874,8.908159862,2,99
5853,98,2.167635141,0.169293593,7.337044848,-0.959533316,-4.360142540,10.365066419,8,105
5854,98,1.700876312,0.134524831,5.754484864,-0.575608299,-4.025809089,8.795228369,2,99
5855,98,1.262108538,0.795343032,2.837087296,0.545239670,-2.783772452,6.277004542,2,99
5856,98,-1.840005136,1.173095873,1.410532394,-1.397982753,-1.606618257,3.700367206,28,155
5857,98,2.658145870,0.773723678,6.624480478,-0.139564758,-3.735249993,10.139577277,2,99
5859,98,2.305360948,0.307194126,6.247776887,-0.287810121,-4.055661410,9.540100458,3,100
5861,98,1.341998189,0.729482082,2.759317961,0.648639417,-2.847806662,6.232550039,2,99
5862,98,-0.701027516,0.002661875,5.776057781,-2.670577281,-3.727204418,7.651141203,7,113
5863,98,2.585454097,-0.122407768,8.313266954,-1.105184755,-4.892542019,11.317961176,2,99
5865,98,2.181388843,0.666341593,6.110498501,-0.302289044,-3.661395896,9.453230406,3,100
5866,98,1.241400564,0.518398535,2.935816589,0.459468990,-3.065693083,6.283225167,2,99
5867,98,1.277914018,0.585945068,2.640595467,0.642849510,-2.953839870,6.066634031,2,99
5868,98,1.433074396,0.143622874,5.973934002,-0.915874211,-4.008498614,8.857502130,2,99
5869,98,-1.228455224,0.228637030,5.448576761,-2.947717151,-3.355340663,7.180610209,15,117
5870,98,0.715576609,2.073762065,5.981542313,-1.409840801,-2.014401548,8.998470782,5,103
5871,98,1.945239066,-0.233320448,7.306316361,-1.163431817,-4.704247849,10.135895615,3,100
5872,98,1.858756340,0.100659665,6.317462396,-0.722347881,-4.188004167,9.338530225,2,99
5873,98,-1.752299982,1.356874020,0.084556209,-0.648297757,-1.206266381,2.662402744,22,168
5874,98,2.190028244,0.533343213,7.126027558,-0.810427955,-3.974088689,10.285744993,3,100
5875,98,2.019292057,0.473558131,6.163817718,-0.481910851,-3.828433918,9.375012278,3,100
5877,98,0.708931355,-0.279004154,5.771119849,-1.468791654,-4.251205643,8.241461605,3,100
5878,98,1.422262759,0.495288580,2.725814832,0.718960003,-3.082689425,6.184627602,2,99
5879,98,1.338416825,0.423110290,4.417897766,-0.202542561,-3.441574815,7.562095861,3,100
5880,98,2.462126007,0.675462788,5.840515192,0.075590622,-3.654317615,9.358655596,2,99
5881,98,1.291786007,0.735354909,2.700869915,0.634809504,-2.822632522,6.160807977,2,99
5882,98,1.430178558,0.594634568,2.794357131,0.698282550,-3.000327775,6.270763155,2,99
5883,98,-1.514288601,0.931410471,3.070084742,-1.960774245,-2.196947384,5.201498229,4,103
5884,98,1.217675042,0.433433369,2.837417181,0.482349252,-3.125948226,6.167855177,2,99
5885,98,-1.970957786,0.271224627,4.362915631,-3.044754103,-2.986108965,5.921231144,9,117
5886,98,1.814504152,0.112196628,5.194187560,-0.199390622,-3.967061113,8.368201628,3,100
5887,98,1.847951025,-1.000073651,7.223197812,-1.257577345,-5.413565668,9.832104596,3,100
5889,98,1.413400012,0.095207006,4.884723724,-0.392707049,-3.856069362,7.912953745,2,99
5891,98,2.419630847,0.407841714,7.383749218,-0.749061366,-4.182907059,10.581578502,3,100
5892,98,1.263868697,0.564944075,2.621831849,0.638663190,-2.968267329,6.038980654,2,99
5893,98,1.298101910,0.127912737,4.463160908,-0.279806692,-3.728032816,7.509297112,3,100
5895,98,1.936764234,0.532313789,5.631481064,-0.283677587,-3.661159776,8.899230483,3,100
5898,98,1.860547720,-1.061338652,6.977354730,-1.128158066,-5.430902212,9.614616683,2,99
5899,98,2.272267753,0.775841069,6.227138870,-0.274597186,-3.592709968,9.621662860,2,99
5900,98,0.994644218,0.332932099,4.368446477,-0.480967038,-3.458368317,7.336363871,7,104
5901,98,1.495229780,0.033951720,4.483806045,-0.126098162,-3.857923806,7.596568586,3,100
5902,98,1.290076892,0.558595823,2.711783363,0.616003232,-2.995265128,6.126021390,2,99
5903,98,2.481729782,0.097241417,6.432857100,-0.241876004,-4.323583584,9.728643707,3,100
5904,98,1.281022791,0.797714002,2.831273237,0.564642462,-2.783820570,6.281554606,2,99
5907,98,1.616740815,0.476282571,3.058281321,0.719846758,-3.195639298,6.553353040,2,99
5911,98,0.679301660,0.420436812,3.614642263,-0.371468733,-3.181803552,6.570308489,3,104
5912,98,4.304384113,0.704524917,7.382024449,0.900248487,-4.233060106,11.539482700,2,99
5913,98,2.889031828,0.144739031,7.561572949,-0.449889138,-4.553400445,10.888844204,2,99
5914,98,2.757604548,-0.010267178,7.097426865,-0.342300745,-4.596395613,10.395581804,3,100
5915,98,3.253225957,0.413246667,5.835616450,0.743945842,-4.048713115,9.662586364,2,99
5917,98,3.333758629,0.142221711,7.367119561,0.031218619,-4.600513587,10.932617057,2,99
5918,98,1.798264329,0.920751173,3.445368866,0.713451489,-2.867771056,7.075656982,2,99
5921,98,-2.086320287,0.094884639,4.042987235,-2.996671693,-3.078533261,5.552579128,8,112
5923,98,0.411946874,0.509597071,4.579522703,-1.077871088,-3.221089135,7.284363635,2,103
5924,98,1.017304851,0.331122295,4.406447464,-0.480468251,-3.471005083,7.378801096,4,101
5926,98,1.110694726,0.506154853,6.355554019,-1.360443078,-3.668686679,9.118036767,4,103
5927,98,2.195124009,0.041150395,8.561613612,-1.555351869,-4.709079681,11.384864486,5,105
5930,98,2.654017307,-0.190577608,9.434453841,-1.609902419,-5.172242883,12.284105876,4,101
5931,98,-0.057183000,0.521341939,3.506958897,-0.947311411,-2.932989007,6.157169603,3,104
5933,98,1.936301704,0.517265137,5.922489870,-0.430277327,-3.727929781,9.142053636,3,100
5934,98,2.594690846,-0.016309686,8.137966342,-1.002610299,-4.760065290,11.199636104,3,100
5935,98,0.805028822,0.334929120,3.982789726,-0.452258537,-3.353182998,6.920670490,6,104
5938,98,-0.661432826,0.528252312,2.351612547,-0.892524430,-2.610497055,4.895033271,4,105
5939,98,3.017098052,0.104270461,6.649693041,0.112993556,-4.451602538,10.166096745,2,99
5940,98,1.524716891,0.226826498,5.951365971,-0.819837649,-3.940368362,8.901838951,7,105
5942,98,1.162262790,0.146632311,6.912258754,-1.617806878,-4.125725913,9.526344125,3,100
5945,98,2.800656597,-0.190004922,7.382136111,-0.459232347,-4.829126475,10.613255497,3,100
5946,98,2.228636957,0.613311349,6.142187838,-0.280840615,-3.726845541,9.489356768,2,99
5947,98,1.306875085,0.578223649,2.723121150,0.626180664,-2.981324310,6.148338419,2,99
5949,98,2.261358735,0.173259433,7.598407508,-1.008683182,-4.420055244,10.631721698,6,105
5951,98,1.019527249,0.331141105,4.413315777,-0.481973442,-3.472619066,7.385674420,4,102
5952,98,2.538016964,-0.005025538,8.039417999,-1.001652952,-4.721293628,11.092179701,3,100
5954,98,0.684858850,0.366237642,3.570913716,-0.348494492,-3.227366500,6.522592451,5,103
5957,98,2.751519210,0.024557896,7.217088847,-0.404918203,-4.583124274,10.502687978,3,100
5958,98,2.495145384,0.037959151,6.767839782,-0.401397771,-4.443527474,10.004458919,2,99
5962,98,2.741879846,0.187861111,5.746872723,0.331243894,-4.159228303,9.291624858,2,99
5965,98,1.287400858,0.644237811,3.038793008,0.456299709,-2.970711349,6.422953901,2,99
5967,98,0.249578488,0.791503827,4.437049817,-1.128127705,-2.893729952,7.156130748,4,104
5972,98,1.986804372,0.233502590,7.005542323,-0.946069920,-4.206084859,10.014636034,3,100
5974,98,1.011063067,0.330773390,4.398036402,-0.481688465,-3.468713532,7.368647897,6,103
5977,98,2.733541448,-0.080895289,7.198558277,-0.418296848,-4.678579358,10.452725041,3,100
5978,98,1.739881778,0.131350207,5.712315351,-0.521080536,-4.028285153,8.777052434,3,100
5979,98,1.984075099,0.059759053,6.445066358,-0.680480892,-4.272935076,9.495674485,3,100
5981,98,1.265558553,0.714832425,2.681088286,0.620637411,-2.834233120,6.126676723,2,99
5983,98,2.389018521,0.100743084,8.914452094,-1.559848483,-4.749558303,11.789812170,4,105
5984,98,1.271122233,0.737451695,2.876509476,0.529467183,-2.848468432,6.300508173,2,99
5985,98,2.090602740,-0.865325727,8.213589874,-1.532976844,-5.504649736,10.818903513,5,102
5986,98,-0.463568901,0.456163557,3.649880967,-1.374133055,-2.948961184,6.071189288,4,105
5987,98,-1.557637307,0.071149353,4.288189400,-2.663799272,-3.240210955,6.003411063,3,103
5988,98,0.192705660,0.825000838,4.239139346,-1.076275613,-2.815580285,6.969773261,3,103
5989,98,1.330135785,0.768989328,2.933369779,0.554209323,-2.838746240,6.384195813,2,99
5990,98,1.377177473,0.424368115,2.680815200,0.697687021,-3.135131388,6.107916045,2,99
5991,98,1.267233256,0.696465433,2.692422484,0.615194702,-2.854336009,6.132581455,2,99
5992,98,1.286011958,0.524813498,2.742187690,0.595050428,-3.032678550,6.141622932,2,99
5993,98,1.281238662,0.527153479,2.638968342,0.642580989,-3.011011242,6.052438476,2,99
5994,98,0.121020264,0.721958024,1.076537264,0.432722613,-2.334075651,4.229538566,6,103
5997,99,-1.558472433,-0.710900829,5.211078892,-3.044610253,-2.999398698,6.283200127,14,120
5998,99,0.071685138,-1.087925122,5.621397882,-1.896796339,-3.675141877,7.375819491,5,105
6003,99,0.618978393,0.485909511,5.799457983,-1.260812892,-2.231412415,7.940939880,3,103
6004,99,0.268686457,-0.114819934,4.561971732,-1.062461641,-2.747282005,6.633466028,3,103
6005,99,-1.569162955,0.692477132,2.072295048,-1.320016276,-1.594247830,3.661583324,20,165
6006,99,-1.525554573,-0.767075405,4.946515372,-2.897799706,-3.058663903,6.061463068,13,117
6007,99,-1.719574241,-0.534912958,4.901925400,-3.006713237,-2.794230815,5.953092023,27,155
6008,99,2.428877732,-2.768634566,9.619149831,-2.056222702,-5.794278834,11.830817089,4,105
6009,99,-0.622349769,0.011259008,2.572553074,-0.852850889,-2.442959048,4.481471854,7,105
6010,99,-1.731570553,-0.661327367,4.700021102,-2.939936146,-2.914675393,5.758351725,9,117
6011,99,-1.334630716,-1.036132099,5.323608892,-2.957474466,-3.361334941,6.456269492,13,113
6012,99,0.126961242,0.286055075,4.470371200,-1.076875171,-2.326393651,6.524733741,3,103
6013,99,-1.555924003,-0.936514944,5.908577432,-3.414003820,-3.226935340,6.874121362,13,117
6015,99,-1.570177765,-0.035206621,5.268844872,-2.975206185,-2.333704455,6.393067484,30,161
6016,99,-0.105394767,0.223752282,1.842054853,-0.021840399,-2.324337436,4.105474521,5,104
6017,99,-1.276626060,-1.110629036,5.407962618,-2.959910618,-3.445937602,6.550430735,11,113
6018,99,-1.481522647,-0.502104169,5.083463165,-2.883689996,-2.807504059,6.227664492,16,121
6019,99,-1.349079250,-0.559313417,4.878159312,-2.679778599,-2.886686135,6.104724814,13,120
6020,99,-1.014686634,-0.847065515,5.954819493,-2.955509199,-3.239697254,7.178583567,15,117
6022,99,0.147878248,-0.330475654,4.073075643,-0.965500443,-2.933046498,6.127292661,3,105
6023,99,-1.320006681,-1.473677589,7.254643881,-3.943914598,-3.808851734,8.113743664,13,121
6024,99,-1.341328814,-1.034674389,5.235416923,-2.920562864,-3.357982841,6.375950690,14,113
6028,99,-1.609188064,-0.973713505,6.051425821,-3.534589434,-3.254716181,6.970629341,14,119
6029,99,-1.820047066,-0.013496553,4.556924931,-2.844442896,-2.260588579,5.653276279,3,103
6030,99,0.129499173,0.285736310,4.476897590,-1.077879759,-2.327227422,6.531620838,3,101
6031,99,-1.833820819,-0.895355763,4.703550608,-3.066939704,-3.125720714,5.690773373,5,112
6032,99,-0.624644990,-1.145284015,5.837168824,-2.610013839,-3.604119500,7.230907761,9,113
6033,99,0.674197459,-0.051497189,6.191968979,-1.487502193,-2.772746386,8.259514017,2,100
6034,99,0.872784182,-1.415950430,6.188924707,-1.531531623,-4.150302325,8.219769260,5,111
6036,99,0.324760422,0.109035325,4.926299019,-1.153957027,-2.540505351,7.000701441,4,103
6037,99,-1.804457439,-1.018445420,5.425618876,-3.408764930,-3.257670345,6.325706964,7,117
6040,99,-0.495525075,-1.145388885,6.198139905,-2.672492865,-3.630927984,7.608200434,5,113
6041,99,-1.579796034,-0.648758408,5.346125259,-3.118131709,-2.935421632,6.397460480,16,117
6042,99,-0.891159931,-1.312638746,6.989777643,-3.421171293,-3.728044909,8.099360976,16,117
6043,99,-1.408439584,-0.995819430,5.757679693,-3.223649754,-3.311382231,6.805763073,13,117
6044,99,-1.311711012,0.106726597,4.502603263,-2.361013039,-2.236239875,5.857022954,3,103
6046,99,-1.780629873,-0.555464599,5.324754247,-3.266148870,-2.806363265,6.292916021,15,124
6048,99,-1.347634945,-0.997911930,5.229213853,-2.917174799,-3.320641915,6.371061927,11,113
6051,99,-1.847733525,-0.848843931,4.561511409,-3.003171436,-3.076345063,5.564172815,7,112
6054,99,-1.229879717,-0.771850629,4.790188646,-2.568431815,-3.116949014,6.063489705,12,113
6056,99,0.809425228,-1.542004145,6.404459403,-1.709919257,-4.264084768,8.366706352,7,110
6061,99,0.126092086,0.191696421,4.449924558,-1.082766109,-2.418796608,6.497359185,2,103
6062,99,-0.157122179,-0.248732979,3.572254404,-0.974346074,-2.792346461,5.552267189,2,103
6063,99,-1.764073867,-0.629467041,5.154781321,-3.181807531,-2.880842354,6.144657253,9,116
6064,99,-0.952532323,-1.174021607,6.845026371,-3.382381521,-3.579345984,7.956819066,13,117
6066,99,-1.525696228,-0.801517002,4.987693620,-2.923213622,-3.092798349,6.094187130,12,117
6070,99,0.226663324,-0.144195331,4.774834984,-1.205818979,-2.769997187,6.797393804,4,104
6071,99,-1.629961151,-0.852642500,5.013204177,-3.033489742,-3.123910286,6.062453803,7,117
6072,99,1.146732545,-1.580930039,6.732092709,-1.583056165,-4.367366024,8.809282642,5,109
6078,99,-1.292874659,0.105774143,3.882956824,-2.046641377,-2.235900261,5.322712401,5,104
6079,99,-1.567384051,-0.786208761,4.948029756,-2.937624381,-3.069724953,6.041221221,8,117
6080,99,-1.059255708,-0.831265329,5.907385507,-2.968585104,-3.215546721,7.117495076,14,117
6081,99,1.479639828,0.847449341,8.488082071,-1.755756112,-2.056327114,10.738175121,5,104
6083,99,0.676214282,-0.051942004,6.197674571,-1.488580879,-2.773601133,8.265423760,4,103
6084,99,-1.565421427,-0.786831648,5.447017692,-3.176234686,-3.074538982,6.479439373,15,121
6086,99,-1.837129003,-0.977565898,4.937698635,-3.195560861,-3.207692303,5.886558984,6,111
6088,99,1.631226579,-1.632914202,7.839936758,-1.706969330,-4.516757384,10.003888438,4,105
6089,99,-1.576841644,-0.827174676,4.941170844,-2.948980603,-3.108174549,6.026821161,10,117
6091,99,-1.573409407,-0.976478854,6.034593231,-3.496084271,-3.263934660,6.972491505,18,121
6092,99,-1.782686727,-0.699632391,5.609184196,-3.427735119,-2.949836069,6.527424907,15,124
6093,99,-1.784292518,-0.930390555,5.395421921,-3.362863127,-3.174648178,6.317193227,9,117
6095,99,-1.801666611,-0.934047410,5.402212518,-3.381689279,-3.175074001,6.314597353,7,117
6096,99,-1.854457648,-0.938562550,4.885106801,-3.178987754,-3.165749827,5.836025777,7,112
6098,99,-0.956266899,-1.192011826,6.782341568,-3.358282373,-3.595849756,7.898391023,16,117
6099,99,-0.013534240,-0.303613145,3.860712409,-0.998145601,-2.875103239,5.867580126,2,104
6100,99,0.334788099,-0.127770513,4.676467742,-1.062654374,-2.773138693,6.763765205,5,104
6101,99,-0.900414857,-1.105845653,5.815268394,-2.830923812,-3.514090652,7.085382425,12,113
6102,99,-0.847599925,0.317459166,1.982111678,-0.714165594,-2.095786556,3.887035262,5,104
6103,99,-1.389248513,-1.046396194,5.138190452,-2.916928432,-3.359872775,6.267001601,13,113
6104,99,-1.230674511,-0.777873001,4.793025033,-2.571438679,-3.122741407,6.065023555,11,113
6105,99,-1.677348560,-0.055700411,4.955241581,-2.919879934,-2.331569217,6.065673157,29,165
6106,99,-1.688735500,-0.468320504,4.984611659,-3.009358615,-2.735145036,6.046496911,35,157
6107,99,-0.837126181,-1.652604058,8.037402421,-3.932887423,-4.080183058,9.010491625,15,117
6119,99,0.396532861,-0.209595428,5.221083795,-1.284591649,-2.869175655,7.262398462,4,105
6121,99,-1.714086575,-0.260949153,4.735801573,-2.878508036,-2.524760087,5.836334327,2,103
6124,99,-1.940483432,-1.105368768,4.935673067,-3.303973286,-3.314108003,5.823771573,12,113
6125,99,1.670471391,1.483352562,9.518942283,-1.986511716,-1.474753118,11.792682544,2,101
6127,99,0.850837062,0.544748697,6.430553604,-1.355402806,-2.221417277,8.609112778,4,104
6129,99,-0.770826984,-1.691503693,7.763648954,-3.750134801,-4.128588708,8.798104953,8,113
6130,99,-1.570389903,-0.778653625,4.957653463,-2.943648340,-3.061817890,6.048962103,8,117
6133,99,-1.792298376,-1.019526760,5.414151275,-3.392935180,-3.260898060,6.321288949,9,117
6136,99,-1.827878702,-0.030243924,4.632804575,-2.890380328,-2.276177634,5.714483002,2,103
6137,99,-0.750030362,-1.954244885,8.887173187,-4.314774733,-4.399266989,9.767479572,13,117
6138,99,-1.818867748,-1.009177586,5.420979570,-3.417481681,-3.245857089,6.315730084,7,117
6139,99,-1.506972812,-0.628084565,4.975190333,-2.873513670,-2.925749070,6.108684086,14,120
6140,99,0.123956664,-0.313918462,4.000967162,-0.948780046,-2.911788743,6.054391686,4,105
6141,99,-1.422918231,-0.913122220,4.925461667,-2.822384225,-3.221035344,6.077437103,11,113
6142,99,-0.343845783,-1.575592456,6.692770464,-2.848167187,-4.085580816,8.072065118,7,112
6143,99,1.564986676,-0.855968334,5.015231988,-0.280929522,-3.719289888,7.571308387,2,100
6145,99,-1.308663018,0.107302248,4.470850679,-2.343009153,-2.235994833,5.830685751,3,103
6146,99,-1.780190443,-0.931520289,5.444559410,-3.383160359,-3.176896483,6.362088257,10,117
6147,99,0.075179624,-1.061565589,5.631808573,-1.894609631,-3.649967430,7.389119283,3,105
6148,99,-0.889120019,-1.092227315,5.904659112,-2.862055944,-3.503489409,7.170365582,11,113
6149,99,-1.260227671,-0.790450694,4.820859546,-2.612310045,-3.129838085,6.074271065,13,113
6150,99,0.265560916,-1.208085479,6.017882235,-1.939615869,-3.832196493,7.803284702,3,105
6151,99,0.640329227,-0.377689619,5.988795831,-1.470693172,-3.085439246,8.034195311,2,103
6154,99,1.831346075,-0.758105751,7.916765777,-1.432527816,-3.694806551,10.249487746,3,103
6155,99,-1.414047290,-0.522424966,4.760708763,-2.673385055,-2.837494310,5.974665126,15,117
6156,99,-0.907382938,-1.097761839,5.819993896,-2.837921380,-3.504892118,7.087011402,13,113
6157,99,0.226681829,-0.144203472,4.774909295,-1.205840092,-2.770009187,6.797466887,3,104
6158,99,-0.904707113,-1.107286144,5.826662892,-2.840337607,-3.514798342,7.093206279,13,113
6159,99,-1.291368495,0.092932758,4.322953879,-2.259188400,-2.252182416,5.707839954,2,104
6160,99,-1.631775242,-0.874874166,5.131243709,-3.095405889,-3.146327952,6.162926227,8,117
6161,99,0.762963290,-0.317133566,5.775326967,-1.252605642,-3.047018831,7.910757855,3,103
6163,99,-1.707911510,-0.441784486,4.970562604,-3.014911537,-2.705407669,6.027679112,30,157
6165,99,-0.076811502,-0.179392521,3.917619206,-1.060358345,-2.741749161,5.899508535,3,103
6167,99,1.502685647,0.592038879,3.737734301,0.510275782,-2.275036675,6.560994835,2,100
6169,99,0.418815240,0.086576983,5.076848712,-1.148919352,-2.581162499,7.174878115,2,101
6170,99,0.420240949,-0.128983293,4.899710431,-1.096650819,-2.791883959,6.999633421,4,103
6175,99,-0.496653590,-1.141212801,6.206191990,-2.676678600,-3.626677162,7.615125708,7,113
6178,99,-0.097492681,-0.980144808,5.355319643,-1.897427985,-3.535832658,7.073118479,4,103
6179,99,-0.928369899,-0.936540150,5.896545563,-2.867260447,-3.343167486,7.159657160,16,117
6181,99,-1.307411077,0.107116843,4.454902402,-2.334282222,-2.236286359,5.817280343,2,103
6182,99,-1.838002236,-0.950722849,4.571003571,-3.015530922,-3.178332583,5.567319560,8,113
6185,99,0.658277614,0.361739509,5.779071016,-1.236841271,-2.360553989,7.929712156,2,100
6186,99,-1.085828314,0.584833731,1.398803246,-0.596266866,-1.784415650,3.289006250,6,104
6187,99,0.415302017,-0.159146249,4.886091789,-1.099142394,-2.820503466,6.982475908,3,105
6188,99,0.988745308,0.260109951,4.728844562,-0.462556284,-2.513584773,7.155388317,4,103
6189,99,-2.028705847,0.551364274,2.458024364,-1.924236716,-1.650715428,3.769326927,3,101
6190,99,0.240178813,-1.165814437,5.992751172,-1.942685061,-3.785761768,7.773333760,4,103
6191,99,-1.563392903,-0.807915130,4.969005898,-2.947728511,-3.091955665,6.059409028,10,117
6192,99,-0.178796109,-0.248846072,3.552304547,-0.983443617,-2.788287469,5.524544849,2,103
6193,99,-1.220486875,0.594531355,0.999161954,-0.518423744,-1.746856981,2.876126209,3,103
6194,99,2.327069567,-2.084725414,8.439499456,-1.467514873,-5.094295859,10.814392687,2,100
6196,99,-1.537088621,-0.823743771,5.958998509,-3.404131058,-3.119999474,6.938009102,12,116
6197,99,-0.914941677,-1.164822394,6.835147529,-3.343761818,-3.577196806,7.966777642,15,117
6198,99,-1.611925008,-0.909759465,6.014296118,-3.508919145,-3.191079074,6.942924109,12,121
6199,100,0.063158401,-0.780010983,6.306664318,-2.880597368,-3.349657007,7.130806012,15,117
6200,100,-0.794707879,-0.513324301,4.848391382,-2.686862318,-2.844832016,5.505618405,8,117
6201,100,0.163499565,-0.904214450,6.329331747,-2.831075046,-3.492908711,7.185898224,9,113
6202,100,0.141317698,-0.961612946,7.320486085,-3.430734855,-3.589108302,7.971600009,13,117
6203,100,-0.647290410,-0.719940984,5.455169209,-2.949456038,-3.104761080,6.049753605,8,117
6204,100,2.438069577,-0.565235888,7.029196479,-1.361424549,-3.666397222,9.080209444,3,103
6205,100,-0.633446979,-0.286056714,5.289673917,-2.780027457,-2.676229294,5.990674370,29,157
6206,100,2.023523091,0.542338808,6.703434803,-1.346006128,-2.483272721,8.756682239,3,104
6207,100,-0.795222515,-0.342829212,5.459071457,-3.016098740,-2.705696087,6.029301102,33,157
6208,100,-0.784007046,-0.411136820,5.901699216,-3.273091043,-2.794746893,6.385301044,17,124
6209,100,-0.518650827,-0.657273466,6.454071488,-3.415227634,-3.115366616,6.944865590,13,120
6210,100,-1.433791489,0.608608695,3.011512355,-1.975127457,-1.532778242,3.828348467,3,102
6212,100,-1.506335377,-0.417514619,4.015746987,-2.762424142,-2.565620873,4.444853857,5,113
6213,100,-0.628450019,-0.308519413,5.557357257,-2.934162583,-2.711297056,6.207921989,23,157
6214,100,-0.834611658,-0.897915698,5.871096470,-3.366170778,-3.258465113,6.255869185,7,117
6217,100,-1.151961385,0.294756189,3.348542324,-1.989183237,-1.913270575,4.211165424,4,103
6218,100,-1.115663858,-0.568294897,5.676066184,-3.431392706,-2.869135948,5.991585386,24,134
6221,100,1.867823250,0.083823397,4.786157031,-0.427553945,-2.812370609,7.036631936,5,104
6222,100,2.911594623,-1.997883169,6.937346895,-1.134688696,-5.160566965,9.045739463,2,102
6223,100,2.795868130,0.077352660,8.061019874,-1.578705969,-3.159520900,10.221026933,2,103
6224,100,-0.621761722,-0.718162165,5.468886845,-2.936646124,-3.108952111,6.075471167,12,117
6225,100,0.057324754,-0.784584929,6.380483597,-2.928658545,-3.356244154,7.186939523,16,117
6226,100,-0.970334209,-0.771657784,5.081085487,-2.999736345,-3.071216907,5.556481637,7,111
6227,100,2.442138927,1.042653390,7.631598095,-1.474990253,-2.123382413,9.824803513,3,104
6228,100,-0.901355590,0.213732929,4.102537877,-2.236038172,-2.078591213,4.952521650,3,104
6229,100,-1.348149063,0.587974067,2.799009712,-1.786381586,-1.561163765,3.699946581,2,101
6232,100,-0.618848676,-0.513653000,5.911237409,-3.160815826,-2.929697842,6.469326924,10,117
6233,100,-0.659252202,-0.686823665,5.433376364,-2.941672404,-3.068931012,6.030508069,12,117
6234,100,0.729056284,0.373457774,4.299944288,-1.018520703,-2.270564232,6.049573048,2,103
6235,100,0.780699756,-0.224215337,4.127843205,-0.963626273,-2.857517828,5.844704659,3,103
6236,100,-0.546376721,-0.229591819,5.730625510,-2.957175142,-2.659068863,6.407246140,34,165
6237,100,-4.536713520,1.472755972,10.148553044,-8.471478232,-0.365106970,8.040971861,2,103
6238,100,-3.643813444,1.519403661,8.512401368,-6.801182810,-0.431414813,7.215044907,3,102
6240,100,-1.426575045,0.665488241,3.161426475,-2.047890839,-1.485468557,3.963362864,2,102
6241,100,-0.336456514,-0.715063435,5.215205273,-2.560379492,-3.153820000,6.028852524,13,113
6244,100,2.201634773,0.754612069,7.161851987,-1.437722382,-2.333599030,9.262761223,3,103
6246,100,0.320305961,0.715867648,1.811116690,0.143016727,-1.738659942,3.848097909,3,102
6247,100,-0.823807564,-0.880614756,5.926592680,-3.387120020,-3.246312375,6.309807302,7,117
6248,100,-0.464632452,0.182120255,4.873328807,-2.336093596,-2.235104202,5.819319040,2,103
6251,100,-1.065221981,0.478644141,3.430768051,-1.940634017,-1.755348881,4.355398862,2,101
6252,100,3.963709573,-2.592177546,9.077741914,-1.614468579,-6.056680958,11.283643278,2,101
6253,100,0.576834532,-1.121935834,6.437898309,-2.593502892,-3.796515492,7.471235721,4,109
6254,100,3.451094444,-1.700646155,9.101284686,-1.911054812,-5.080014895,11.155906206,4,108
6257,100,-2.107704847,0.850778844,7.108243915,-4.851945185,-1.340864438,6.825531132,3,102
6258,100,-0.957076155,-0.796626626,5.129377868,-3.020640132,-3.100550738,5.599306059,7,112
6259,100,-0.749260694,-0.373041158,5.458106719,-2.983001932,-2.744732399,6.049474080,34,157
6260,100,-0.841032953,-0.041930485,5.314364093,-2.925754168,-2.395632719,5.932981700,2,103
6261,100,-0.579932454,-0.697552571,6.356945554,-3.414017929,-3.137592851,6.825216845,13,117
6262,100,-1.215300892,0.291566342,2.288777015,-1.427200144,-1.855386046,3.312305611,2,103
6264,100,1.414766356,0.441141484,5.960941611,-1.419562572,-2.422020313,7.795974482,2,104
6265,100,-0.761094822,-0.377945585,5.808715310,-3.196105145,-2.762885666,6.327589099,18,124
6266,100,1.109802602,-0.005616193,4.806070730,-1.060434111,-2.742989593,6.615158013,3,105
6267,100,2.008040006,1.059955715,7.031274440,-1.473540516,-1.989090799,9.096041964,2,103
6271,100,0.816937427,0.333000504,4.451983006,-1.041795115,-2.335235372,6.216161172,2,103
6272,100,2.066382516,0.975274064,6.933554768,-1.382365513,-2.079557457,9.035818487,3,102
6273,100,-0.162784362,-0.310607526,3.451447149,-1.341984701,-2.715158417,4.753047105,3,102
6276,100,1.191237397,0.096967676,5.351347216,-1.295830086,-2.684302851,7.120752834,4,103
6277,100,-1.204130578,0.279641721,2.274617949,-1.411758821,-1.868721896,3.305152127,2,101
6278,100,-0.952271662,-0.830280104,5.275697402,-3.106309740,-3.141035756,5.715868177,7,113
6280,100,0.889965884,0.235744818,1.981427116,0.432514657,-2.333958082,4.229997208,4,103
6281,100,-0.959596053,-0.878690004,5.110070663,-3.023319225,-3.179338308,5.569325109,6,113
6282,100,-0.271433419,0.249559373,2.355248639,-0.714079835,-2.095756808,3.887414462,3,104
6283,100,-1.220367456,0.292518542,2.215398947,-1.388665973,-1.850090303,3.249871723,4,103
6284,100,3.043772880,-2.101261736,7.107629544,-1.142033660,-5.296754901,9.242089401,2,102
6285,100,-1.237172747,0.363254906,3.461934159,-2.113328119,-1.833734542,4.266598505,3,102
6286,100,-0.894270851,-0.951560660,5.860540975,-3.415683694,-3.297995287,6.205527788,7,117
6287,100,0.852818336,0.521076136,4.592996833,-1.067487008,-2.165296343,6.380494478,2,104
6288,100,-0.479238985,0.166539334,4.526168338,-2.149162699,-2.231622791,5.526025285,4,104
6292,100,-0.390084691,-0.899726529,4.748015230,-2.359683436,-3.302013089,5.589531596,2,103
6293,100,0.596796238,-0.337271382,4.553954481,-1.374133055,-2.948961184,6.071189288,3,105
6294,100,0.985256324,-0.252353797,4.399975677,-0.960967714,-2.939840919,6.176227034,2,104
6295,100,-0.422129602,-0.947944553,5.734786215,-2.963400305,-3.386993212,6.367588890,14,113
6296,100,1.097728965,-0.024266627,5.034776097,-1.205165743,-2.769022668,6.791721854,3,105
6298,100,1.696308706,0.460516605,6.049662187,-1.242118064,-2.465654463,8.028616563,5,104
6299,100,-0.479004770,0.167387845,4.525769488,-2.148621568,-2.230824440,5.525964290,3,104
6300,100,-0.779049937,-0.285688187,5.451370905,-2.990423822,-2.652880761,6.041018076,30,157
6301,100,-0.780624568,-0.617330226,5.171115405,-2.877310297,-2.963948511,5.759994495,8,117
6302,100,4.219493870,-1.265042016,9.914580768,-1.702121971,-4.850924164,12.315864681,3,104
6303,100,1.387535000,-0.120935371,5.264849477,-1.119616481,-2.934139763,7.125913136,2,103
6304,100,2.645510720,-0.698105144,7.766273332,-1.640610522,-3.872634022,9.775543845,3,105
6305,100,-0.780038354,-0.334360041,5.433982236,-2.988170460,-2.699447051,6.018684351,27,157
6306,100,-0.271795822,0.249391628,2.354949561,-0.714221840,-2.095831831,3.886942098,2,104
6308,100,-0.870142919,0.014920821,1.483254790,-0.723864965,-2.161133614,2.805974814,2,102
6309,100,1.686803756,0.096167534,5.961319089,-1.251144520,-2.815691181,7.894311267,2,102
6310,100,-1.052321911,0.452141767,3.430060405,-1.933689931,-1.783895305,4.357882753,3,103
6311,100,-0.576602825,-0.714329408,5.530531638,-2.935518377,-3.117382314,6.151509028,13,117
6313,100,3.745287735,-1.007844770,8.122597173,-1.008672551,-4.420113173,10.631894112,3,105
6314,100,-0.561810535,-0.667176303,5.493302237,-2.895302847,-3.072706331,6.136845357,13,117
6316,100,1.275534429,0.318895032,5.281206408,-1.155583556,-2.481829138,7.145507224,4,104
6317,100,-0.884616455,-0.955567762,5.631624886,-3.276038127,-3.293587872,6.023892080,6,111
6319,100,-0.862724675,-0.032311876,5.223005173,-2.888910245,-2.377599609,5.847970917,2,103
6320,100,-1.045229483,0.757616613,2.228210833,-1.188453001,-1.432656432,3.431027452,23,165
6321,100,-0.774298503,-0.158478163,5.644346562,-3.079947414,-2.538282714,6.220732807,29,157
6322,100,-0.816685289,-0.906721184,5.913368671,-3.377513485,-3.272705277,6.298931824,8,117
6323,100,-0.757962395,-0.257492295,5.336436276,-2.902919806,-2.624530259,5.963629718,31,157
6324,100,2.110401611,-0.457552058,4.997778375,-0.433340654,-3.401348533,7.259761397,5,104
6325,100,-0.755939705,-0.281149538,5.448681366,-2.969662550,-2.653131709,6.052455838,31,156
6326,100,1.110338510,0.006310622,4.805610044,-1.058018088,-2.731426739,6.616950110,4,104
6327,100,-0.359486166,0.164237124,5.801834620,-2.791596254,-2.316351101,6.631362673,4,104
6329,100,-0.820455553,-0.811299796,5.904517648,-3.361662799,-3.178286642,6.304559800,6,113
6331,100,0.474544265,0.153671665,2.128838936,0.001917620,-2.334394669,4.104987731,5,104
6332,100,3.472514972,-2.091290982,8.740340974,-1.741294100,-5.449875120,10.812792088,2,102
6333,100,1.081207347,-0.034361555,4.997389211,-1.198247066,-2.773762509,6.750462715,2,102
6334,100,0.964941120,0.386941474,4.728796818,-1.075408902,-2.325807888,6.532739510,2,105
6335,100,-0.150670062,-1.187548642,8.125059412,-4.163288258,-3.785442858,8.428174520,11,116
6336,100,-1.223784461,0.427331596,3.355178811,-2.031565425,-1.769093052,4.197185881,3,102
6337,100,0.070004801,-0.818610133,6.528728405,-3.009174183,-3.398817399,7.309413080,15,117
6338,100,-1.215801932,0.282956561,3.137113458,-1.919775222,-1.901979213,4.001470300,3,103
6339,100,-1.088956503,0.697886861,3.691419946,-2.078920977,-1.547955954,4.588711955,3,103
6341,100,-0.248497841,-0.809852807,6.145770349,-3.041956383,-3.306728837,6.820923038,12,117
6342,100,-0.028022087,-0.643676431,6.330548676,-2.947957207,-3.198558474,7.120640411,12,117
6346,100,2.127843492,-0.508768982,5.089945415,-0.480059982,-3.459179298,7.336540709,3,103
6347,100,-0.481487254,0.165737085,4.563700105,-2.172802640,-2.233632799,5.555204814,3,104
6349,100,-0.817853910,-0.900743252,5.893992654,-3.366376929,-3.265746816,6.283437041,8,117
6350,100,-2.125240477,-0.101173501,3.763865065,-3.067854953,-2.116427294,3.943359214,3,103
6353,100,-0.828826003,-0.560141300,5.160167888,-2.901422496,-2.897549915,5.733094165,10,117
6354,100,1.911509343,-0.738904890,7.246105670,-1.934654217,-3.736350194,8.935328360,3,105
6356,100,-1.157569419,-0.894462985,5.668369542,-3.507593408,-3.178766659,5.910818985,7,113
6358,100,0.602207350,-1.039238038,6.634036220,-2.674720125,-3.729841755,7.658081003,4,113
6359,100,-0.358048004,0.165488493,3.528040159,-1.474417960,-2.212812656,4.780831393,3,102
6360,100,-0.588505222,-0.291314471,5.303849124,-2.752913784,-2.691354280,6.026513254,25,157
6361,100,1.425700201,-1.243833294,6.947845535,-2.224795841,-4.115199379,8.341852618,4,105
6362,100,-0.292327979,-0.422543504,5.989703913,-2.930992648,-2.912134123,6.729992457,17,149
6363,100,1.113710141,-0.004248384,4.814473248,-1.061962891,-2.742845101,6.624398360,3,104
6365,100,-1.790557310,-0.722427891,3.411015552,-2.684564710,-2.777137655,3.745816749,4,103
6367,100,-2.044745847,-0.160871915,3.535139199,-2.879483896,-2.181178627,3.792752383,4,103
6369,100,-0.478024706,0.167530173,4.538952975,-2.155443629,-2.231484191,5.537269567,3,104
6370,100,-1.993225463,-0.037386576,3.572290246,-2.841827343,-2.072915698,3.871137979,3,103
6371,100,-0.555901924,-0.822722587,6.431049105,-3.455655557,-3.268237458,6.879389071,12,120
6372,100,2.783032258,-2.005281724,6.603649874,-1.045841981,-5.125995210,8.700996404,4,103
6373,100,0.026134216,0.186390335,3.181322962,-0.962376741,-2.256653356,4.716508281,2,103
6374,100,2.126591061,-1.336477501,7.066962460,-1.744478096,-4.356883297,8.816092574,6,110
6375,100,1.280322219,-1.618744897,8.631962628,-3.370131865,-4.527284713,9.573248136,10,113
6376,100,0.071229401,-0.669232184,6.344281428,-2.879919006,-3.244792936,7.183295982,14,117
6378,100,-0.567528578,-0.797519551,6.357243616,-3.418644064,-3.237862743,6.816738065,14,120
6380,100,-1.754197906,0.274661839,2.899589934,-2.215686794,-1.787377056,3.505830170,3,102
6381,100,0.972247895,0.363959039,4.723682190,-1.069896838,-2.349552725,6.529059759,2,103
6382,100,-2.018561838,0.007228030,3.547699249,-2.841502866,-2.022943562,3.843938853,4,103
6383,100,-1.945587257,-0.032466002,3.376047463,-2.689313258,-2.069160410,3.738736346,3,103
6385,100,-0.961974042,0.546148062,2.668830172,-1.407093178,-1.676481724,3.803239110,23,153
6386,100,-1.849311876,0.082123740,3.053032949,-2.408586560,-1.962644346,3.547464331,3,103
6388,100,2.026471076,-1.207841216,6.608779007,-1.541151024,-4.189691791,8.407181234,7,111
6389,100,-1.972747929,-0.117952120,3.548664092,-2.823331104,-2.154828358,3.850728749,4,103
6390,100,2.381745692,-1.370592256,7.187515428,-1.614346971,-4.448729567,9.051530194,4,109
6391,100,-0.930267060,-0.649839442,6.106034729,-3.543151829,-3.006779181,6.432560072,11,121
6393,100,-1.944102141,-0.198654728,3.611539593,-2.848356419,-2.242477722,3.905301119,3,103
6394,100,1.956629621,-0.410837964,4.752138137,-0.407887779,-3.312634318,6.981105522,4,104
6395,100,-0.271708018,0.249458562,2.354990831,-0.714165594,-2.095786556,3.887035262,2,104
6396,100,-0.861746282,-0.259633445,5.240564534,-2.931054890,-2.600708443,5.827218542,33,157
6397,100,-1.989787838,-0.191040557,3.521185952,-2.831643160,-2.221457690,3.807383990,3,103
6398,100,-0.493213434,0.413509208,2.838322901,-1.148024133,-1.911233709,4.182491128,4,104
6399,100,-0.559255600,-0.828235582,5.678355329,-3.023558814,-3.238957971,6.263739270,13,117
6400,100,-0.769904641,0.157432921,5.316743205,-2.841298001,-2.215739596,6.005894558,2,103
6402,100,0.261230816,-1.097818114,7.476232109,-3.444244669,-3.754163470,8.144116978,16,117
6403,100,-0.820257910,-0.872044089,5.907293181,-3.371866642,-3.237805452,6.297418044,6,117
6404,100,0.227522341,-1.043833004,7.317487402,-3.371655049,-3.687239852,8.004465582,13,117
6405,100,0.336420378,0.328135107,3.656140690,-0.967654169,-2.204124841,5.298774423,2,103
6407,100,0.838258289,0.253545999,1.904027515,0.438366099,-2.302316497,4.140857842,4,103
6408,100,-0.715489339,0.046878760,5.247185779,-2.773302366,-2.331940016,5.962356768,16,161
6410,100,-1.167162329,0.481231569,3.783834609,-2.226407994,-1.747550593,4.586325138,2,101
6414,100,2.153939304,-0.514335291,5.128192381,-0.482048746,-3.471772111,7.381399058,2,101
6416,100,-0.838094102,-0.913459443,5.874837046,-3.373371436,-3.273097153,6.254534556,6,117
6417,100,-1.868522952,-0.150728345,3.478703119,-2.703908004,-2.205375300,3.846882402,2,101
6418,100,0.134112262,-0.952510454,7.285561271,-3.414995567,-3.577139498,7.940559088,16,117
6419,100,-1.162889036,-0.666905215,6.651024585,-4.047722894,-2.999663088,6.743647791,6,118
6420,101,2.498751461,0.301971275,6.248283004,-1.230414781,-2.369822620,7.932703351,2,103
6422,101,3.563650407,1.132830154,8.403958544,-1.666958690,-1.817014064,10.377106221,2,103
6423,101,1.706112519,-1.370430826,7.131465343,-2.688274504,-3.810320030,7.863215446,5,112
6424,101,2.057109478,0.202810959,5.540513801,-1.124596601,-2.360913722,7.099312206,2,103
6425,101,0.071316915,-1.118394716,6.363701486,-3.371789813,-3.179125435,6.294795728,11,116
6427,101,0.084463671,-1.197452098,6.319526305,-3.347874925,-3.258972951,6.257022646,7,117
6428,101,1.610089206,-1.353226199,7.041501105,-2.699250819,-3.770827889,7.737001615,10,113
6430,101,3.307431013,-1.689036990,7.250433560,-1.626120174,-4.497115858,8.902457437,4,105
6431,101,2.970169262,-0.716563567,5.339331041,-0.479123327,-3.468993579,7.373037384,2,102
6432,101,0.060212974,-0.927186882,5.666227313,-2.898972940,-2.989366714,5.781385767,10,117
6433,101,2.481780290,0.222700463,6.193192806,-1.222033204,-2.442767910,7.867776112,2,103
6434,101,1.168604021,-0.914534973,6.360409415,-2.513815252,-3.239267240,7.006041986,6,117
6435,101,-0.624567771,-0.046854166,2.733874791,-1.373821921,-1.967079122,3.237482443,2,102
6436,101,0.370561816,-0.881196534,6.363929794,-3.105917283,-3.019028884,6.517262430,16,121
6437,101,1.975261339,0.671837515,5.725918047,-1.220238486,-1.886148844,7.262133285,2,103
6438,101,2.226767183,-0.294823394,5.569716351,-1.105999017,-2.884554228,7.151573325,4,104
6439,101,2.190347420,-0.713313854,5.275898243,-1.020137973,-3.282161475,6.839602006,3,105
6440,101,0.197767521,-0.991046400,5.879820632,-2.944558062,-3.084210623,6.021277465,7,117
6441,101,-0.450596209,-0.077593370,1.652618761,-0.556848903,-2.035873418,2.510744500,2,102
6443,101,2.492986007,-0.603395312,4.624536749,-0.357210527,-3.245343306,6.544448453,4,104
6444,101,-0.521636389,0.059756816,3.908696121,-2.030362111,-1.889898097,4.219910047,2,102
6445,101,0.285849715,-0.934515816,5.916310438,-2.892015943,-3.050069788,6.112707301,15,117
6446,101,2.965604519,-0.716221508,5.325274950,-0.473466344,-3.467560284,7.359455345,2,103
6447,101,3.531247928,-1.732931115,6.589906739,-1.043793714,-4.591218193,8.527814899,2,102
6449,101,-0.610739720,0.039644346,2.947015874,-1.484492338,-1.886666216,3.422922871,2,102
6450,101,-1.904798699,0.910213796,9.570861573,-6.537252714,-0.748402420,7.836739787,2,103
6451,101,1.229567328,0.133147917,2.118303387,0.437143696,-2.227405330,3.945846522,4,104
6452,101,0.988141934,0.675294048,2.401652058,0.172750608,-1.644198049,4.095715399,2,102
6453,101,1.914973252,-0.231902949,5.161960563,-1.066301589,-2.749245871,6.654024349,2,105
6456,101,-1.377117059,-0.076445840,3.984426609,-2.742049898,-1.821052737,3.725042128,3,103
6457,101,0.752934257,0.414137601,2.193430797,0.083617722,-1.842262147,3.749727861,3,103
6459,101,0.842249857,0.570157002,2.237065141,0.150370711,-1.711731711,3.862551305,3,103
6460,101,0.104103382,-1.107969759,6.422380532,-3.383025736,-3.176820886,6.361842768,9,117
6461,101,3.006780159,-0.585728287,5.339473789,-0.428384626,-3.350452311,7.415836926,4,104
6462,101,2.661347053,-0.044990042,5.034075675,-0.393560772,-2.743026321,7.048670950,3,104
6463,101,-0.618751519,0.049558338,2.862723305,-1.434699802,-1.874986669,3.354717264,2,102
6464,101,0.165920614,-0.621906510,5.987622094,-2.971097178,-2.718149310,6.140417841,26,157
6465,101,-1.342811068,-0.242709830,4.379913171,-2.999624879,-1.991462656,4.024785059,2,103
6466,101,1.035948554,0.534614849,2.185234833,0.321807329,-1.791770673,3.937864394,3,103
6467,101,4.191628649,-2.259883089,8.144514924,-1.641181939,-5.261723756,10.052327047,2,102
6473,101,1.593888058,-1.318266979,7.009032695,-2.684271090,-3.732976563,7.707308067,7,113
6475,101,4.862333946,-2.786197085,8.975668722,-1.767335617,-5.932680797,11.027811826,2,102
6476,101,4.685079429,-1.202750902,7.942083515,-0.953251263,-4.350063664,10.364781633,3,105
6478,101,0.996398575,0.589574913,2.233521571,0.271218146,-1.729136305,3.958699197,3,103
6479,101,0.149927506,-0.031468813,4.371882239,-1.842037415,-2.137503112,4.979572555,23,155
6480,101,3.085898126,0.839957450,7.585747604,-1.552144643,-1.987667480,9.406958834,2,103
6481,101,1.904935271,-0.255358761,5.361624259,-1.205903733,-2.770054845,6.797533080,4,104
6482,101,4.602996802,-2.710817871,8.364565168,-1.555980361,-5.797229134,10.408645340,2,102
6483,101,1.261086756,0.520208559,2.172448509,0.495503160,-1.858741217,4.065938381,2,102
6485,101,0.422066147,-0.961055522,6.853973045,-3.395703468,-3.109687374,6.913466351,13,120
6486,101,-1.206439572,-1.132202060,4.030388999,-2.833655400,-2.887404275,3.705875188,3,103
6487,101,2.543437368,-0.500765616,4.699493764,-0.349126053,-3.157613363,6.649018271,3,103
6489,101,2.482277515,-0.587115298,4.597351165,-0.344868265,-3.226949113,6.519386752,4,104
6491,101,0.312817706,-0.597993430,6.128859306,-2.947596574,-2.729750056,6.343916454,23,157
6492,101,4.069211472,-0.799400437,6.760562934,-0.583808270,-3.810864693,9.135655047,3,104
6493,101,0.947977436,0.693256522,2.482311678,0.094321923,-1.617437848,4.135397190,2,102
6495,101,3.356510849,-0.755453054,5.870801369,-0.538092283,-3.598725588,8.015629939,4,104
6497,101,2.569049602,0.875711624,6.523308430,-1.251063681,-1.829266767,8.274948575,3,104
6498,101,0.924072244,0.635560484,2.280829628,0.195172729,-1.667507521,3.957022724,2,102
6499,101,1.080554592,-1.191658655,6.695773837,-2.844140191,-3.488508920,7.166614560,5,113
6500,101,3.602224773,-0.560352021,6.215138931,-0.540167432,-3.467589443,8.462627823,3,103
6501,101,1.024862758,0.526170143,2.164926963,0.325022218,-1.797330581,3.914086895,3,103
6505,101,2.995299780,-0.584440107,7.192617138,-1.623762757,-3.349978339,8.831938841,3,103
6509,101,-1.451980549,-0.021010000,3.937594417,-2.757990613,-1.749465226,3.650933757,2,103
6511,102,0.422912942,-0.247464313,6.188271221,-2.975648698,-2.333174525,6.393955786,30,161
6512,102,2.252083426,-1.311704436,6.346364129,-1.863608010,-3.688549163,7.589694121,3,105
6513,102,0.395428783,-0.151363012,4.776774492,-2.050773205,-2.238242728,5.327228486,2,103
6514,102,1.361083345,-1.368089172,7.660998288,-3.398573959,-3.590625629,7.989211169,14,117
6515,102,2.605719641,-0.945398416,6.155316696,-1.428996700,-3.387323643,7.716635010,2,103
6516,102,3.699651013,-0.271293460,8.070572342,-1.799738383,-2.900194253,9.940272366,2,103
6517,102,0.628337996,-1.257374072,6.203016306,-2.962623537,-3.363179711,6.429371235,11,113
6518,102,1.103314455,0.425259485,2.443900263,0.088299900,-1.795779250,4.100651902,2,103
6519,102,0.728406003,-0.172666308,6.709405660,-3.084619599,-2.309027812,6.992323679,2,103
6520,102,0.428235369,-0.382944915,5.585367700,-2.590555005,-2.469515445,5.930285669,15,124
6521,102,0.048380304,-0.659092505,5.853813249,-3.084181294,-2.677221008,5.854115724,11,116
6522,102,0.464321847,-0.638654346,6.122298178,-2.951444505,-2.725974023,6.328998162,33,157
6523,102,0.513327021,-0.253933494,5.357566427,-2.360573813,-2.357311450,5.828812171,2,103
6524,102,2.789345052,0.020826932,6.263781063,-1.241351327,-2.465231633,8.022592151,2,103
6525,102,0.561115782,-1.090205371,6.896241989,-3.449135516,-3.184937950,6.923903354,10,121
6527,102,0.479127206,-0.143594387,5.123133785,-2.216809409,-2.243534206,5.642560878,3,104
6528,102,2.410655141,-0.463251428,5.547547147,-1.109892107,-2.881199820,7.185682436,3,104
6529,102,0.335054059,-1.025242808,5.890847443,-2.943491352,-3.086137180,6.029082357,5,117
6530,102,3.372307646,-1.814372703,7.079181517,-1.583860098,-4.369635975,8.815443228,6,109
6531,102,-1.219194394,-0.159158624,4.438314183,-3.022029869,-1.976259503,4.019692851,2,103
6532,102,-0.179096294,0.201920428,3.200536296,-1.388647587,-1.798562962,3.808121357,32,156
6535,102,0.241878626,-1.134353967,6.429191743,-3.382155132,-3.176395572,6.360486947,7,117
6536,102,-1.089716058,-0.409329759,4.144762537,-2.764254321,-2.245516175,3.856673167,2,103
6537,102,3.687235410,-1.224299750,6.320935361,-0.774377135,-3.843097084,8.515781838,3,105
6538,102,0.543341994,-1.123894629,6.860770890,-3.443142227,-3.215280920,6.882040993,11,117
6539,102,0.828960291,-1.403728012,6.273575015,-2.879618683,-3.540878965,6.597241665,10,112
6540,102,-0.795076616,0.040886821,2.873137444,-1.648345635,-1.855057653,3.143351575,2,103
6541,102,2.070254038,-0.377515681,5.109735963,-1.061279007,-2.740972443,6.644502973,3,105
6542,102,2.986029873,-1.669138992,6.600512820,-1.534559195,-4.163188860,8.220148276,5,111
6543,102,2.190152911,-0.297561700,5.256452033,-1.059364359,-2.681795399,6.841450671,3,104
6545,102,0.150913541,-0.824706028,5.366642295,-2.707548383,-2.859205511,5.537404920,7,117
6546,102,2.915873663,-0.873322510,4.997460526,-0.425161419,-3.371895863,7.057773813,2,103
6547,102,2.060912043,-0.446150889,3.838321023,-0.236637666,-2.811047723,5.676851110,3,104
6548,102,0.337414126,-1.112516158,6.093383880,-3.086769459,-3.171936493,6.173141642,9,117
6550,102,1.060331575,-1.017074818,6.707574394,-2.945933335,-3.197138106,7.115733144,14,117
6552,102,0.347686033,-1.042478187,5.911217819,-2.949817804,-3.105182757,6.050734591,5,117
6553,102,0.652079928,-1.014354515,5.671687764,-2.562818037,-3.129245327,6.072492445,9,113
6554,102,0.348402175,-1.043020534,5.912735163,-2.950360458,-3.105832752,6.052281317,8,117
6555,102,3.539556023,-0.159004159,7.380988362,-1.447993445,-2.764809557,9.330590611,4,105
6556,102,-0.143649162,0.062427253,3.793986166,-1.772505390,-1.940167099,4.261441386,21,155
6558,102,0.214428667,-1.224168925,6.335007288,-3.351687841,-3.260630679,6.262165384,6,117
6560,102,1.171440555,-1.327208852,6.641607451,-2.859827847,-3.521716287,7.105018094,12,113
6561,102,0.337984288,-1.058565522,5.920538028,-2.965209044,-3.119386382,6.049657894,7,117
6562,102,-0.659865488,0.446183778,3.884843840,-2.165211795,-1.475005926,4.034703111,2,103
6563,102,1.394567461,-0.002280466,2.545841742,0.181626675,-2.265780365,4.320651569,2,103
6564,102,0.223357841,-1.204344935,6.371327742,-3.366555716,-3.242470961,6.297394165,9,117
6565,102,0.452726619,-0.891206869,6.315454813,-3.119976421,-2.972401233,6.438986049,13,121
6566,102,0.224476309,-0.660828699,5.950713016,-3.018230748,-2.708155814,6.041454842,25,157
6568,103,-0.850068168,0.852468569,2.991478797,-1.294817998,-1.448901081,3.555281667,23,165
6570,103,0.932272037,-1.041761292,6.621038398,-1.917720183,-3.771590774,7.317681397,3,105
6571,103,-0.905906093,-0.834244976,6.525377766,-3.393252732,-3.260732536,6.321217462,6,117
6572,103,-0.904860468,-0.836530048,6.511307442,-3.385253622,-3.262523142,6.309508625,6,117
6573,103,1.531774184,0.144006321,6.594706170,-1.260065358,-2.700493974,7.749402163,2,104
6574,103,-0.903362016,-0.844515242,6.508142459,-3.383260762,-3.270495467,6.306593776,6,117
6575,103,-0.021454875,-0.753450181,6.976436009,-2.874773917,-3.346752230,7.167394527,13,117
6576,103,-0.030715468,-1.127652458,7.323211556,-3.108224802,-3.729559463,7.410963180,11,113
6577,103,-0.273546780,-0.730842037,6.181609865,-2.667578694,-3.247296169,6.365528773,8,113
6578,103,-0.773728403,-0.198941272,5.954786208,-2.908239693,-2.630773510,5.982734904,25,157
6579,103,1.504601157,1.054723753,6.734421564,-1.250050337,-1.804911294,7.967338776,2,104
6580,103,-0.909870393,-0.826464638,6.499450882,-3.382081428,-3.251248293,6.298115434,6,117
6582,103,-0.040119884,-0.954381567,7.952415609,-3.426142832,-3.585578287,7.962512391,12,117
6583,103,-0.707890320,-0.636064896,6.035155122,-2.945899611,-3.075940260,6.030475600,7,117
6584,103,-0.646387659,-0.720726867,7.120938204,-3.473731138,-3.218310072,6.974403481,12,117
6585,103,-0.777419444,0.605380533,3.320127066,-1.434860345,-1.719097660,3.841152213,18,156
6586,103,0.845654721,-0.455675175,5.152203555,-1.151542905,-3.113771292,6.097549765,3,109
6587,103,-0.547323958,-0.758452969,6.069710864,-2.842923785,-3.224479545,6.126842381,10,113
6589,103,-0.112438096,-0.643492670,6.975941477,-2.938402864,-3.223428640,7.134055441,12,117
6590,103,-0.662351979,-0.476291560,6.442854478,-3.102820322,-2.944324859,6.420184853,13,121
6591,103,0.055420728,-0.973601149,6.873503174,-2.781618074,-3.571687586,7.091912410,10,112
6592,103,-0.751397141,0.747623957,5.916612013,-2.758945140,-1.700000838,6.079249441,49,179
6593,103,-1.320504029,-0.645754512,7.267294362,-4.110203721,-3.040237511,6.763058567,6,117
6594,103,0.957325479,-0.911980623,6.603681804,-1.872345670,-3.647044051,7.331866445,2,104
6595,103,-0.016498905,-0.922566743,7.027004879,-2.916863370,-3.516485141,7.191917997,10,113
6597,103,-0.489095290,-0.868425446,6.316264613,-2.936045673,-3.353503032,6.352573479,10,113
6598,103,-0.316422301,-0.097132083,6.038340886,-2.554612411,-2.609361655,6.300484245,15,154
6602,103,-0.676476383,0.157178678,4.741753015,-2.148096925,-2.241279632,5.045608237,17,156
6603,103,-0.366832942,-0.633704653,5.868899315,-2.570795822,-3.122183261,6.064023047,9,113
6604,103,-0.459974931,0.209640572,6.647200987,-2.959392276,-2.310870618,6.782649990,2,104
6609,103,-0.665879384,-0.729420009,7.153442494,-3.508238752,-3.225135028,6.990976696,12,120
6610,103,-0.847261714,-0.445095749,6.589849675,-3.332238329,-2.889810286,6.454359636,15,124
6615,103,-0.617166592,-0.252977911,6.254448258,-2.939792639,-2.723227204,6.310889790,27,157
6623,103,-0.604582605,-0.282399623,5.516257852,-2.545215941,-2.721082719,5.686186902,11,117
6628,103,-0.974682313,-0.735891268,5.826747196,-3.073132483,-3.121090104,5.704361474,6,113
6629,103,-0.914271356,-0.836698635,6.492071794,-3.383113749,-3.260277521,6.288319441,6,117
6630,103,-0.084107796,0.324102187,2.998020192,-0.714038079,-2.095708886,3.887310977,2,104
6634,103,-0.667940876,-0.052300445,5.531561428,-2.579826039,-2.484624365,5.695335103,27,157
6635,103,1.240537880,0.069022627,5.738027823,-1.064802411,-2.687988005,6.862804783,2,104
6638,103,-0.623820970,-0.597189308,6.080351313,-2.894195950,-3.053481376,6.116754177,10,117
6641,103,-0.902072194,-0.846943642,6.498617845,-3.377458032,-3.272671902,6.298856173,7,117
6646,103,-0.117758932,-1.029420034,6.998333493,-2.999664912,-3.603846110,7.102446029,9,113
6650,103,0.023395018,-0.918204650,6.905024112,-2.818701202,-3.513255988,7.109191812,10,113
6651,103,-0.614857506,-0.625655157,6.115454370,-2.908380867,-3.084582959,6.147646775,11,117
6654,103,-0.649933989,-0.612601303,6.071090310,-2.913152266,-3.063960239,6.093601702,10,117
6659,103,-0.669462893,-0.721005366,7.011220653,-3.435641386,-3.209857356,6.869293027,12,121
6660,103,-0.707158023,-0.678410406,6.061570294,-2.964084934,-3.118975131,6.048046419,7,117
6661,103,-0.669421732,-0.721934703,7.012222750,-3.436240996,-3.210824944,6.870050524,11,117
6665,103,-0.700392176,-0.659102600,6.065956309,-2.958429205,-3.101258762,6.057635382,9,117
6666,103,1.453215880,0.155019126,6.372709937,-1.208518154,-2.666747029,7.521852067,2,104
6668,103,-0.912570824,-0.833951745,6.474603469,-3.372192115,-3.257064517,6.274682208,7,117
6672,103,-0.302154770,-0.800626718,6.064592651,-2.638432275,-3.306095819,6.242750785,11,113
6673,103,-0.457209378,-0.919369476,6.392232738,-2.954970665,-3.412359171,6.427145331,10,113
6675,103,2.101827041,-0.563179522,5.868829965,-0.480967038,-3.458368317,7.336363871,2,104
6678,103,-0.701638872,-0.412605664,6.349276816,-3.079407883,-2.870904849,6.328437962,11,117
6683,103,-0.695739145,-0.663327270,6.057310773,-2.950461529,-3.105797431,6.052143530,8,117
6688,103,2.114908262,-0.476708837,5.887642701,-0.469721700,-3.376157810,7.369788288,2,104
6689,103,2.667100093,-0.426516271,6.920188863,-0.540134718,-3.463886598,8.536378343,2,104
6691,103,3.231078905,-0.725037770,7.752334248,-0.536122558,-3.888153761,9.495354049,2,104
6692,103,-0.844362517,-0.463627163,6.623638842,-3.349688086,-2.910067028,6.482264776,14,124
6693,103,-0.873856245,-0.368817714,6.494912574,-3.295941247,-2.806006873,6.369517602,16,124
6694,103,-0.039241038,-0.956232760,7.958984675,-3.429065173,-3.587842315,7.968316357,13,117
6696,103,1.347829149,-0.101149774,4.298559884,-0.238762877,-2.808556164,5.672989665,2,104
6699,103,3.129639208,-0.475574054,7.765126546,-0.599265693,-3.626243010,9.485279134,2,104
6700,103,2.077897131,-0.519519808,5.803474626,-0.461752936,-3.408474787,7.273981297,2,104
6701,103,1.899384032,-0.499129246,5.506206020,-0.453890628,-3.345675563,6.932446866,2,104
6702,103,-0.376516555,-0.641379264,5.908174955,-2.600468016,-3.129920952,6.091499163,8,113
6703,103,2.598088236,-0.815594728,7.123105962,-0.750207019,-3.845062616,8.625229355,3,105
6704,103,0.247845735,0.310024442,4.155555731,-1.043247058,-2.216197924,5.039432366,2,104
6705,103,2.411773230,-0.785575437,6.819697107,-0.744577540,-3.771217146,8.275677459,2,105
6707,103,3.191890313,-0.773727520,7.898284486,-0.651440544,-3.936256510,9.593312187,2,104
6710,103,3.906283877,-1.676040361,11.077051842,-1.822535538,-5.085756606,12.549031149,2,105
6711,103,1.704183820,-0.411218304,5.076637215,-0.382791099,-3.207650048,6.478294216,2,104
6713,103,3.060285640,-0.746996480,7.493795619,-0.547016892,-3.870095321,9.185434779,2,104
6719,103,-0.332204991,-0.934595713,6.882658627,-3.108716735,-3.469964596,6.906122626,11,117
6720,103,2.617300497,-0.690883723,6.885437265,-0.594730594,-3.714641843,8.448520956,2,104
6725,103,3.067902318,-0.756702562,7.713948763,-0.657262108,-3.890813701,9.375267258,2,104
6729,103,1.334332464,-0.482167454,6.336230967,-1.363953775,-3.273439910,7.350871848,2,105
6730,103,2.590548684,-0.681475230,6.811574322,-0.577427093,-3.697652336,8.373209209,2,104
6732,104,0.258307700,-0.904953341,6.337805707,-2.835495437,-3.095232369,6.574423788,14,117
6733,104,-0.309004829,-1.146129910,6.390808781,-3.359510234,-3.239702397,6.278863518,6,117
6734,104,-0.036733350,-0.581761622,5.847510899,-2.765551949,-2.709306794,6.047109398,22,157
6736,104,-0.080177662,-0.949963339,6.446581474,-3.179484748,-3.086854543,6.474266045,12,121
6740,104,0.050724752,-0.835280335,5.673700230,-2.626800615,-2.967313733,5.919393724,11,117
6741,104,-0.246119757,-0.575823218,5.960338649,-2.999760578,-2.672523124,6.027076610,16,124
6742,104,-0.128436956,-0.984054856,5.941139085,-2.940907900,-3.093714563,6.024825029,6,117
6743,104,-0.006823578,-0.961069105,7.018178546,-3.439768657,-3.131166595,6.986629297,11,120
6746,104,3.988583412,-2.244064967,9.643039819,-1.777641446,-5.161556990,11.183544839,3,108
6748,104,1.312744215,-0.548885680,4.651748704,-0.985974107,-2.859002725,5.796686581,2,105
6750,104,-0.159242291,-0.019732039,5.143176884,-2.406066132,-2.109111040,5.466155784,23,161
6752,104,-0.025094584,-0.897154917,6.925968421,-3.395686272,-3.061738219,6.908156344,11,121
6753,104,-0.015143136,-1.036149823,6.812466547,-3.340643790,-3.196153804,6.802307081,8,116
6754,104,0.470708855,-0.960684118,6.845897212,-2.951457608,-3.204470396,7.104515267,12,117
6756,104,1.849009209,-0.239102641,6.155627685,-1.348690345,-2.699147849,7.374051794,2,105
6757,104,4.082548659,-1.458367694,8.483655305,-0.959753317,-4.360514085,10.371318643,2,105
6758,104,0.201592608,-0.963236304,5.767838787,-2.570702666,-3.122128500,6.063897412,9,113
6760,104,-0.230492348,-0.700853885,5.877804617,-2.955692418,-2.795274825,5.951719014,12,117
6761,104,-0.078410726,-1.001685263,5.958873816,-2.911833130,-3.120121884,6.064640688,10,117
6764,104,3.201666069,-1.492674576,9.187719461,-2.080205862,-4.272635035,10.469811287,3,106
6767,104,-0.221253638,-0.438615312,6.088484811,-3.034607243,-2.546243528,6.163842635,17,155
6769,104,-0.307917489,-1.167373242,6.364848176,-3.346643854,-3.259855566,6.255311013,8,117
6770,104,0.820612259,-0.355388314,3.781277161,-0.880952231,-2.553796124,4.830676676,2,105
6773,104,-0.142721663,-1.063387510,6.205359032,-3.109603495,-3.179218827,6.226172291,7,117
6777,104,-0.315108014,-1.157582093,6.419188165,-3.381728796,-3.251008219,6.297633300,5,117
6780,104,4.042686633,-1.451289692,8.438353962,-0.966342842,-4.345189695,10.312897481,2,105
6783,104,-0.308864846,-0.805068658,6.558597019,-3.412581452,-2.909911228,6.460238600,12,124
6784,104,1.827622075,-2.143611125,9.597982123,-3.514727141,-4.698749265,9.979295127,5,113
6787,104,0.199472599,-0.969289136,5.736348521,-2.555577450,-3.126575066,6.035893413,9,113
6789,104,-0.181093810,-0.565035180,6.009530505,-2.972561622,-2.674607514,6.104668274,28,157
6790,104,0.051324780,-1.104414485,6.935185479,-3.362709234,-3.279071002,6.931828657,11,117
6792,104,1.553893716,0.056683789,5.296424323,-1.076058252,-2.326605625,6.537572735,2,105
6795,104,1.289319238,-0.538884568,4.602125274,-0.976307876,-2.843394112,5.744016174,2,105
6797,104,0.356368956,-1.357475731,6.904345604,-3.125099808,-3.578367062,7.041403613,11,117
6798,104,4.084029130,-1.459306896,8.486978377,-0.960505044,-4.361810017,10.374764244,2,105
6801,104,3.195707412,-1.138399228,6.865184742,-0.746076056,-3.836977068,8.585663245,2,105
6808,104,0.654428821,-1.330389009,6.831308544,-2.836386313,-3.598944657,7.146897052,9,113
6810,104,2.302307172,-0.819355740,6.285360411,-1.117891355,-3.351550383,7.657081903,2,105
6812,104,3.635199486,-1.371493218,7.643520727,-0.847569021,-4.168972941,9.441683639,2,105
6815,104,1.140847459,0.179342931,4.524232992,-0.969401131,-2.108065240,5.687398466,2,105
6816,104,1.923122443,-0.455446703,5.797564120,-1.113589953,-2.911500970,7.090959938,2,105
6818,104,1.708277870,-0.346573121,5.420984442,-1.066760243,-2.754348281,6.675106704,2,105
6826,104,2.383012327,0.010711482,6.994633510,-1.349109992,-2.573477033,8.391747166,2,105
6827,104,4.076642704,-1.899007207,9.816362988,-1.761145851,-4.842768196,11.417984209,2,105
6833,104,1.784322354,-0.253627301,5.987401946,-1.309584182,-2.696412300,7.197534149,2,105
6836,104,4.137622524,-2.393021241,9.931179692,-1.833872864,-5.343907498,11.485226021,3,108
6838,104,1.776977614,-0.802772905,5.818818066,-1.286699147,-3.229963980,6.985793165,2,105
6839,104,0.821964784,-0.366161123,4.056179872,-1.034631671,-2.574772391,5.057903456,2,105
6845,104,-1.244851686,-0.409314116,4.237112022,-2.837676681,-2.277552998,4.074532585,14,117
6846,104,-1.255460079,-0.399762432,4.235353581,-2.844269866,-2.266300181,4.068468857,14,117
6847,104,-1.229341562,-0.408627666,4.233512701,-2.822851207,-2.279343549,4.080099408,14,117
6848,104,-1.245263964,-0.384611240,4.481356671,-2.971471430,-2.262153616,4.279782859,14,117
6849,104,2.603417838,-1.133957381,8.576868248,-2.187659228,-3.796447384,9.681511045,3,106
6850,104,-1.398190413,-0.163780330,4.363706892,-3.005099196,-2.014629760,4.126175000,18,122
6852,104,-1.412897024,-0.239369280,4.438678369,-3.068016965,-2.089396919,4.170917848,17,122
6854,104,-1.174558955,-0.434736085,4.645432231,-3.010997843,-2.329435210,4.448137656,15,120
6856,104,-1.531723514,-0.242976696,4.525612592,-3.214549117,-2.076240749,4.177667001,17,122
6858,104,0.181668350,-0.999744113,5.987443622,-2.714028038,-3.162852921,6.230497048,9,113
6859,105,0.806075390,-1.146185694,6.058144714,-2.920425148,-3.358357617,6.324262570,9,113
6861,105,0.408296973,-1.110197744,6.314980170,-3.385273735,-3.262522665,6.309473822,5,117
6862,105,3.161893007,-1.630311869,7.159291852,-1.736884726,-4.291058205,8.498217837,2,109
6863,105,0.806812561,-1.177874438,6.070291823,-2.930791320,-3.390114292,6.330289860,9,113
6864,105,0.615321175,-0.544332404,5.762472587,-2.827086845,-2.721627365,6.056122479,25,157
6865,105,0.257535724,-0.980518234,5.493920881,-3.009202013,-3.077537215,5.575965452,4,113
6866,105,0.434962151,-0.814668605,5.514705547,-2.859139810,-2.946446192,5.716374561,5,117
6867,105,0.405412091,-0.788871878,5.646092916,-2.956685453,-2.920803563,5.809264932,6,117
6869,105,0.582006580,-0.545335328,5.423137945,-2.655044618,-2.703988252,5.762270133,15,157
6871,105,0.893482805,-0.898016787,5.678352962,-2.597770773,-3.115375178,6.099933957,8,113
6872,105,3.357012341,-1.621537487,7.102114044,-1.545986104,-4.314658981,8.564690124,2,109
6873,105,2.480783720,-1.565538900,6.254558675,-1.744553342,-4.073322278,7.385033315,3,110
6874,105,0.569301930,-0.917048335,5.815186633,-2.939994895,-3.082116750,6.022762589,6,117
6875,105,1.357581150,-1.316512261,6.821683828,-2.946637970,-3.651775700,7.234965835,8,113
6876,105,0.677471844,-1.037491262,6.947839875,-3.531670546,-3.262224683,6.985358897,12,120
6877,105,4.913210023,-2.103428446,9.698547301,-1.879087061,-5.160471671,11.491989294,3,109
6881,105,0.988260438,-0.996222017,5.825889626,-2.620189488,-3.234219410,6.260456802,8,113
6882,105,0.227038478,0.373165211,3.100813491,-1.467270032,-1.650676255,3.802024783,20,164
6883,105,1.335066852,-1.377059942,7.032525719,-3.095566883,-3.715290902,7.384676277,6,113
6884,105,0.331041526,-1.164544775,6.317470896,-3.455213015,-3.302461227,6.260061112,4,117
6885,105,0.888130344,-0.910311887,5.614177418,-2.565940589,-3.124113617,6.043287706,8,113
6887,105,0.457571073,-0.728670425,6.009994538,-3.120855650,-2.884456818,6.141674657,11,120
6889,105,0.407866500,-1.110101017,6.248863337,-3.346861451,-3.259866365,6.255723745,6,117
6890,105,0.578709472,-0.941149804,5.850205504,-2.955898568,-3.108797808,6.053273215,8,117
6891,105,0.741277760,-1.058955536,5.879971585,-2.857362550,-3.254439849,6.154622647,9,113
6892,105,0.407917756,-1.086117156,6.297115902,-3.372191993,-3.238097810,6.298008871,5,117
6893,105,0.493592274,-0.475883530,5.746614136,-2.907031117,-2.632253347,5.982802207,28,157
6894,105,0.413675319,-1.024218681,6.345893772,-3.388665975,-3.180060312,6.349039333,8,117
6895,105,2.968513498,-1.386995546,6.574222894,-1.519487832,-3.995656796,7.946510712,3,111
6897,105,0.810310757,-1.174672850,6.138442475,-2.967538087,-3.390143249,6.387880425,9,113
6900,105,0.465760274,-0.759210835,6.077026650,-3.157275632,-2.918460136,6.196542161,15,157
6902,105,0.364645056,-1.072203087,6.312139973,-3.413980833,-3.217351350,6.287279109,6,117
6903,105,2.976427228,-1.370928702,6.552168575,-1.498277075,-3.980418295,7.935327891,3,111
6905,105,0.213052083,0.484989792,2.669126254,-1.211955533,-1.521990201,3.459521304,25,164
6907,105,0.698133746,-0.809287502,6.071976321,-2.974205169,-3.008472692,6.318663227,13,121
6909,105,0.520679073,-0.276165461,4.547879568,-2.158661282,-2.395516402,5.054640704,24,156
6911,105,1.817144474,-1.403547592,6.804654138,-2.579000662,-3.817723641,7.472384660,2,109
6916,105,2.038469008,-0.961901584,5.237501748,-1.429805727,-3.363394598,6.389361816,2,109
6919,105,1.712000593,-1.169994117,6.615906185,-2.524342413,-3.562370358,7.290628154,2,106
6922,105,0.260412925,-1.084486920,5.504196317,-3.025511912,-3.180697744,5.572061246,5,113
6926,105,1.306015626,-1.367939200,6.985205579,-3.090007501,-3.699421720,7.330976933,9,113
6928,105,1.392966203,-1.237405894,6.595929011,-2.776409887,-3.571712825,7.083020147,6,113
6929,105,1.223807064,-0.113171839,4.647315129,-1.633845883,-2.362821972,5.558965197,3,111
6930,105,2.597909408,-0.875315246,6.054607974,-1.449933087,-3.407515675,7.382227144,2,109
6931,105,2.630008423,-1.325832962,6.907438201,-1.978557266,-3.888374482,8.030800378,4,112
6935,105,2.620867698,-1.296239368,6.878342137,-1.965245424,-3.856560824,8.005968935,4,112
6936,105,1.743800983,-0.986551924,6.916536389,-2.652817888,-3.398834011,7.576618954,2,106
6937,105,1.161060622,-1.201561295,6.485073145,-2.892906604,-3.491425015,6.865450758,7,113
6938,105,1.372079322,-1.155922390,6.715370052,-2.853268661,-3.492372128,7.178622281,9,113
6939,105,4.791534980,-2.087339584,9.674095478,-1.960294610,-5.122287295,11.404760592,3,109
6946,105,-0.758574485,-0.104510587,4.222490132,-2.972118171,-1.989029336,4.082586434,17,122
6949,105,1.011300628,-1.027391381,5.917359353,-2.659107917,-3.272376798,6.343513772,9,113
6951,105,-0.841795285,-0.196414621,4.387630770,-3.146701378,-2.070973127,4.156406501,16,122
6954,105,4.779782030,-2.049242981,9.597675137,-1.920312977,-5.079870588,11.341263793,4,109
6955,105,2.947619005,-0.838048041,6.701420235,-1.544274940,-3.456792062,8.110734659,2,109
6958,105,-1.363660204,-0.053298094,3.226061563,-2.866784717,-1.794580863,2.936848247,3,113
6960,105,-0.697825137,-0.056105855,4.058571563,-2.821524134,-1.945959380,3.991103028,16,122
6961,105,-0.583359701,-0.459979402,4.376740011,-2.965186919,-2.375352918,4.260230383,12,117
6964,105,-0.604629375,-0.318557106,4.525521863,-3.052286266,-2.238089748,4.387357211,15,122
6965,105,-0.621257067,-0.457632725,4.466349799,-3.047778558,-2.369735360,4.311403577,11,117
6967,105,2.177344601,-0.768773343,5.378269598,-1.377638026,-3.203188657,6.608480785,2,109
6968,105,0.713061212,-0.902371251,6.782708420,-3.390020138,-3.129379599,6.890071104,10,117
6969,106,0.901938862,-0.752398119,5.344485886,-3.006987255,-2.809689603,6.193358937,27,157
6970,106,2.157532220,-1.598875790,6.312606475,-2.640122120,-3.843418749,7.617125289,3,110
6971,106,1.397267764,-1.255674939,6.093099844,-3.093139754,-3.408345325,7.025975422,12,117
6972,106,0.628579883,-0.029931629,2.878903478,-1.690725967,-1.910367506,4.160022871,25,156
6973,106,1.000132485,-0.869369157,4.942577007,-2.690279345,-2.911223271,5.920885136,10,117
6974,106,1.540490121,-1.030031804,6.065830423,-2.952482291,-3.197953788,7.116097386,11,117
6975,106,1.063902430,-0.525845886,5.626495988,-3.039476678,-2.619617239,6.539631580,24,153
6976,106,1.033850594,-1.138477193,6.312008592,-3.508776048,-3.267007996,6.994374441,10,117
6979,106,0.600716661,-0.065761795,2.401087295,-1.423973244,-1.913255245,3.761020226,21,156
6980,106,0.906396386,-0.547571114,4.894012985,-2.719974041,-2.578889352,5.862822305,25,157
6981,106,0.681266721,0.092519291,1.521728239,-0.818068293,-1.710072568,3.131409591,3,109
6982,106,0.661150686,0.064336818,1.536559329,-0.844348371,-1.736823588,3.127858792,3,109
6985,106,0.830447641,-0.217370674,3.935896826,-2.182167506,-2.183559450,5.096489795,20,155
6991,106,2.581488720,0.163749998,5.155657168,-1.518146222,-2.067363873,7.156777988,4,109
6992,106,-0.547769161,0.731351482,2.263884964,-2.213462362,-0.991563362,3.053613168,7,115
6993,106,1.927213084,-1.690636472,7.208850518,-3.371878075,-3.965712426,8.177747971,4,114
6994,106,4.729402302,-0.823275365,9.732919812,-2.645020773,-3.559839105,11.956960960,2,109
6995,106,1.092663148,0.285581536,5.778141228,-3.070885852,-1.826854831,6.769368707,28,179
6997,106,0.700739498,-0.881727514,5.107760043,-3.028574516,-2.901922942,5.870445013,14,121
6998,106,0.632748858,0.108991643,1.551027628,-0.873564004,-1.690388364,3.127343428,5,117
6999,106,1.535638922,-1.494818532,6.066622721,-2.978573683,-3.658734741,7.060861367,8,113
7000,106,-0.516067534,-0.255747170,3.797210801,-3.166827187,-2.069846687,4.173817367,16,122
7001,106,1.229338174,-1.078153873,5.021454306,-2.566356292,-3.147693515,6.097160018,8,113
7002,106,0.860066494,0.117299830,2.055394928,-0.999670556,-1.737671711,3.663990546,3,109
7003,106,0.821622203,-0.837360961,5.287348516,-3.039881351,-2.881913071,6.090228541,13,120
7004,106,0.649637816,0.178475755,1.515398239,-0.835262071,-1.621013992,3.117199934,2,109
7005,106,0.796299481,-0.297766813,5.133058421,-2.940874218,-2.334142647,6.014375597,29,164
7006,106,-0.355356318,-0.191440636,3.496894221,-2.853850417,-2.004446856,4.039944751,16,122
7008,106,-0.314623412,-0.407198747,3.885202911,-3.067763696,-2.247035174,4.347168428,14,120
7010,106,-0.269748904,-0.453787181,3.520297123,-2.812516128,-2.275353338,4.079984599,12,117
7011,106,0.567867875,0.486912161,2.233004225,-1.321932249,-1.350846828,3.671221172,29,172
7013,106,0.952257054,-0.164244978,5.005088985,-2.733211342,-2.210264323,6.021946054,14,149
7014,106,-0.441913958,-0.261861048,3.720692002,-3.061819222,-2.079041396,4.157082862,16,122
7015,106,0.926619942,-0.783580447,5.468494593,-3.064284051,-2.850968719,6.302779066,12,120
7016,106,0.976295170,-0.480183609,5.001366860,-2.726691452,-2.526121732,5.997441120,22,157
7017,106,1.070295341,0.126567218,2.303459207,-0.983442971,-1.766251182,3.987622773,2,107
7018,106,0.802841470,-0.564811966,5.175828801,-2.974198945,-2.602509072,6.021733693,36,157
7019,106,-0.280410354,-0.399530849,3.836922458,-3.010934322,-2.240061827,4.330371796,15,120
7020,106,1.745132309,-1.332858951,7.016312051,-3.382368858,-3.579328121,7.956781148,11,117
7021,106,0.765258260,-0.836925879,5.276312072,-3.077822176,-2.874801978,6.047698405,16,136
7022,106,1.615305382,-1.510128439,6.347069056,-3.086662938,-3.699834958,7.328926229,7,113
7023,106,1.019742998,-1.017805801,6.115057984,-3.394559766,-3.133510563,6.843764922,10,119
7024,106,1.184484654,-1.069773436,4.986127259,-2.580033683,-3.132411268,6.043220680,7,113
7025,106,1.643535298,-1.348840578,6.046333770,-2.873888592,-3.524079549,7.126220709,7,113
7026,106,0.619004112,-0.029795946,1.600445375,-0.921002661,-1.829730065,3.142393041,2,110
7027,106,1.681890870,-1.268666355,6.057533438,-2.846544849,-3.449290474,7.167249997,9,114
7028,106,1.632612860,-1.328053031,6.139201583,-2.938035669,-3.508062711,7.195534963,8,113
7029,106,0.849539991,-0.231602325,4.020076132,-2.218883512,-2.204946431,5.172960346,22,155
7030,106,0.978035570,-0.879689416,5.677002884,-3.154808661,-2.964776285,6.487736739,13,121
7032,106,0.815173059,-0.377615664,5.371956628,-3.074905851,-2.430243133,6.205698943,16,164
7034,106,0.690261343,0.461571374,1.627964982,-0.858250011,-1.351392074,3.262940280,4,109
7035,106,0.702518444,0.486316203,1.623569158,-0.844704199,-1.327865666,3.269639940,4,109
7036,106,0.993796812,-0.651911705,5.072998103,-2.764414098,-2.702856591,6.045082205,19,157
7037,106,0.676755725,-0.739606764,4.943378726,-2.940983425,-2.748114255,5.742127301,9,133
7040,106,0.676755797,0.341328252,0.975574009,-0.477928948,-1.428722934,2.724766871,17,155
7041,106,1.139539567,0.601744881,2.452834654,-0.997132563,-1.311341577,4.201565394,2,109
7042,106,1.008154794,0.669940913,2.208519030,-0.949523839,-1.214505079,3.937067977,3,109
7045,106,3.668777105,1.507256279,9.920192651,-3.490351287,-1.145920909,11.733824370,3,109
7046,106,0.657097869,0.251548759,1.605975249,-0.880998840,-1.554922017,3.201695555,5,117
7047,106,-0.263549818,-0.453488503,3.527087591,-2.811717664,-2.276138260,4.089115572,11,117
7048,107,0.942887519,-0.456838800,4.051704783,-2.212654625,-2.404315587,5.215971963,8,156
7049,107,0.803237544,-0.150867399,3.177645333,-1.778790061,-2.032489356,4.473942766,20,157
7050,107,0.857892886,-0.120315683,5.259539352,-3.000216975,-2.136122863,6.157860730,23,164
7052,107,1.524239769,-0.848665378,5.993599561,-2.949415809,-2.971758074,7.059242376,19,154
7053,107,1.075181523,-1.066501561,6.203561800,-3.442341501,-3.155818072,6.931429106,10,117
7054,107,0.936090284,-0.304840110,5.161747124,-2.886616374,-2.321194256,6.107156684,13,165
7055,107,1.010817817,-0.667108665,5.008161263,-2.749404415,-2.678974045,5.990632750,18,157
7056,107,0.544884063,0.390875722,1.311572169,-0.825714518,-1.353375521,2.901393056,19,165
7059,107,0.748544382,0.447009251,1.586548429,-0.829103467,-1.335106191,3.247651902,2,109
7060,107,0.873315326,-0.525911235,5.394024789,-3.087044258,-2.548732297,6.228898848,17,157
7061,107,1.238791970,0.488837253,2.485350467,-0.985288611,-1.398389121,4.258363955,3,109
7062,107,1.053304511,-0.470036969,4.263986400,-2.254783053,-2.441636979,5.448913797,12,153
7063,107,1.581046510,-0.898970941,6.345286444,-3.120396773,-3.049132487,7.366195189,12,154
7064,107,-0.393855538,-0.278497532,3.709667655,-3.056694070,-2.071540325,4.161204194,14,122
7065,107,0.737926135,0.251594679,1.544005506,-0.819969049,-1.525459425,3.186075030,3,109
7066,107,0.928471067,-1.074209571,5.215046809,-2.957825618,-3.087703135,6.060022213,6,117
7067,107,1.064171100,-1.114070372,6.182010986,-3.439989129,-3.200615774,6.902513867,17,157
7068,107,1.189712344,-0.719769130,5.748221267,-3.059886463,-2.794943607,6.678104309,23,153
7069,107,-0.392137982,-0.299844934,3.731126127,-3.069290895,-2.094235449,4.176868770,15,122
7070,107,-0.224171699,-0.489039692,3.526514051,-2.819769617,-2.286390276,4.095081947,11,117
7071,107,1.506269840,-1.414316056,5.853148269,-2.902331619,-3.522975398,6.874979751,6,113
7072,107,0.755477621,-1.121844858,6.040800959,-3.599147520,-3.168544691,6.604298457,12,120
7073,107,1.738718868,-1.346091333,6.048459750,-2.833938828,-3.490681800,7.176829528,7,113
7074,107,-0.246699844,-0.446347213,3.806579339,-3.006124817,-2.259010689,4.307893667,13,120
7075,107,1.121502335,-0.835027002,6.141435733,-3.357987382,-2.926792556,6.935604395,24,157
7076,107,-0.300870947,-0.363528547,3.786078281,-3.033072864,-2.170052727,4.268219785,12,122
7077,107,0.703998351,0.606489682,2.471696062,-1.395905871,-1.226877378,3.938974004,2,109
7078,107,-0.376720765,-0.168725589,3.529686736,-2.928986733,-1.953155149,4.041152549,15,122
7079,107,0.518128919,0.513548115,0.976738138,-0.638079268,-1.208205927,2.633816928,27,168
7080,107,0.926916147,-0.321652622,5.037276142,-2.818910524,-2.329284719,6.001277919,20,164
7081,107,0.821384908,-0.524932542,5.298325664,-3.069970665,-2.536627023,6.122043790,14,155
7082,107,1.271713709,-0.551518892,6.074111529,-3.185902896,-2.656235833,7.003860109,13,165
7083,107,0.720363797,0.324641020,1.562957770,-0.842306026,-1.452325549,3.198560528,3,109
7084,107,-0.265645321,-0.416518268,3.869991540,-3.058435449,-2.231396139,4.349975001,12,122
7085,107,0.569117205,0.157631659,2.505902485,-1.542738267,-1.661126951,3.835513466,24,164
7086,107,-0.365203066,-0.163967834,3.544971756,-2.928949317,-1.950533418,4.060698663,15,122
7087,107,-0.222291991,-0.554831211,3.760301356,-2.963252736,-2.366337254,4.273994318,10,117
7088,107,1.027230044,-0.640774500,5.010508881,-2.736700915,-2.654621266,6.005258891,15,157
7089,107,-0.224383780,-0.374124414,3.629912472,-2.877924330,-2.178638087,4.189444518,13,120
7090,108,1.167193868,0.087061986,2.279307336,-0.952571505,-1.783137223,3.997354288,2,109
7091,108,0.694444126,0.131488475,1.576271243,-0.898464136,-1.642346390,3.162503336,3,116
7092,108,-0.587710912,0.289279013,2.830383231,-2.671561691,-1.442523699,3.402945066,7,116
7096,108,-0.591442436,0.164033135,2.758413998,-2.635618596,-1.561454130,3.329163826,3,110
7097,108,-0.919334787,-0.018645785,4.565590734,-4.001217111,-1.834700546,4.540464709,4,114
7098,108,0.986053169,-0.547164316,5.211138227,-2.902852226,-2.597338308,6.133745880,23,157
7099,108,1.562999860,-1.223108067,5.280207882,-2.513388919,-3.331502661,6.456017647,6,113
7100,108,-0.225191850,-0.348953935,3.865903794,-3.038155368,-2.184471764,4.365330825,14,122
7101,108,-0.251824648,-0.482566614,3.505765624,-2.845538049,-2.289411845,4.048870237,10,117
7102,108,-0.689761579,0.306199473,2.915744217,-2.803731364,-1.421288958,3.411154933,3,115
7103,108,-0.227448187,-0.550859369,3.729527652,-2.964857507,-2.375167130,4.232545101,9,117
7104,108,0.662681106,0.159426724,2.393934217,-1.419585279,-1.668057879,3.793481820,18,153
7105,108,0.588902987,0.195779850,2.407496649,-1.484937912,-1.625431917,3.764143094,20,165
7106,108,5.424159815,-2.597315530,9.065034576,-1.804758270,-5.349466827,11.608451895,2,109
7108,108,0.554750469,0.337728059,1.955973734,-1.232081134,-1.449804087,3.403024075,24,161
7109,108,1.722853860,-1.189696488,5.999643942,-2.822617465,-3.364423997,7.125010750,10,117
7110,108,1.257910154,-1.097797249,4.969013191,-2.561357483,-3.154611165,6.041248939,5,113
7111,108,-0.580469385,0.038440485,2.918593361,-2.729136108,-1.698308433,3.447809199,4,116
7112,108,0.803159412,0.042996855,3.219690238,-1.814601118,-1.855085882,4.517461162,23,155
7113,108,0.997584253,-1.112984692,5.273392510,-2.953427894,-3.164353846,6.123910150,7,117
7114,108,0.766913174,-0.836772986,5.787474196,-3.438175996,-2.902448030,6.424254377,12,124
7115,108,1.704884752,-1.343236383,5.995585163,-2.840339376,-3.514694896,7.093097542,6,113
7116,108,1.345451753,-1.407151493,5.770291460,-2.990940095,-3.526031905,6.691568751,6,113
7117,108,0.780074132,-0.650965950,5.045567874,-2.969590930,-2.667973250,5.866964443,15,133
7118,108,1.684540407,-1.193292352,5.995690604,-2.850740524,-3.363829948,7.098454763,10,117
7119,108,1.147516237,-1.330170856,5.815669384,-3.172531653,-3.432689544,6.617573126,7,117
7120,108,-0.387526826,-0.257594372,3.700902424,-3.063078197,-2.065894116,4.147976597,13,122
7121,108,-0.641052184,0.062933588,3.073906688,-2.870644077,-1.678614820,3.537140457,4,113
7122,108,1.359885733,-1.422332697,5.829636398,-3.016151672,-3.546675473,6.745409720,6,113
7123,108,-0.320954524,-0.206612668,3.548381999,-2.915598873,-2.011486522,4.073256128,14,122
7124,108,1.047633202,-1.047794311,6.322567964,-3.548945083,-3.177442439,6.991499789,10,120
7125,109,0.738120359,-1.185612562,5.671515303,-3.412593910,-3.245311094,6.267623632,4,117
7129,109,1.209045776,-0.414087148,3.431297012,-1.654923095,-2.356136443,4.869209549,3,117
7131,109,0.742215559,0.053907754,1.550643453,-0.868085383,-1.709631905,3.155521776,3,117
7132,109,2.419912365,-0.326544193,4.753894664,-1.496903936,-2.477370729,6.653434424,2,112
7137,109,0.752852513,0.051771052,1.615421587,-0.899121842,-1.717518325,3.212866866,3,117
7139,109,0.810816651,0.060802257,3.105640912,-1.759629131,-1.824158472,4.426271221,11,155
7152,109,0.825524185,0.158952803,1.465449048,-0.747301421,-1.606590547,3.150365268,9,134
7153,109,1.715716906,-1.147644688,6.616061534,-3.210915735,-3.366548548,7.607000929,5,128
7160,109,1.226697545,-0.455045960,3.517842119,-1.694702140,-2.404826991,4.943547445,4,117
7167,109,-0.567912474,0.036017627,2.997088748,-2.787754775,-1.715199527,3.507371085,3,116
7169,109,3.292951994,-1.629628957,5.866879524,-1.517324316,-3.933345020,7.909891852,2,111
7171,109,0.873261637,-0.607714921,5.211970524,-3.009990986,-2.649688163,6.051858803,19,157
7172,109,3.246183718,-1.628526321,6.562730256,-1.977778680,-3.979510310,8.431665053,3,112
7175,109,1.033920263,0.047278037,2.154543402,-1.004354254,-1.787486864,3.807595496,4,117
7186,109,1.975164003,-0.314095761,4.086009450,-1.442925780,-2.375065125,5.859301785,2,110
7189,109,0.873259825,-0.607709794,5.211959847,-3.009985785,-2.649682116,6.051849861,23,157
7192,109,-0.212242969,-0.259158847,3.585777705,-2.871930231,-2.084305364,4.153018055,9,122
7193,110,1.122223676,-0.996994209,5.038796730,-2.777512709,-2.912325287,6.014156384,8,117
7194,110,3.548943744,-2.073940014,7.247759622,-2.224499168,-4.331637880,9.113838207,3,112
7195,110,3.267038141,-1.957006314,6.654054844,-2.085913801,-4.157209830,8.484554031,3,112
7196,110,0.854612576,0.212986113,1.193854346,-0.618375092,-1.482326212,2.913756827,15,154
7197,110,1.931369071,-1.576432807,6.948696186,-3.310357893,-3.666114914,7.959936047,4,113
7198,110,1.815057635,-1.400871927,6.084486670,-2.874152077,-3.435130058,7.219950546,5,114
7199,110,3.093103068,-1.678385949,8.161725409,-3.120695053,-3.942605443,9.608887597,4,114
7200,110,2.903509143,-1.656517541,5.923526058,-1.921586358,-3.785317366,7.715911312,2,111
7202,110,3.104921784,-1.723728116,6.244180766,-1.957457899,-3.888276023,8.084715464,3,112
7203,110,-0.832475204,-0.122798878,2.532174382,-2.784234429,-1.724264635,2.938983626,3,113
7205,110,3.241707981,-1.573745354,5.989144138,-1.687984805,-3.738956773,7.978240173,2,111
7206,110,2.410827072,-0.153073841,4.786154081,-1.560579003,-2.183958949,6.666140619,2,112
7209,110,0.902929453,0.217328794,1.308127324,-0.648570805,-1.488640253,3.034006754,23,153
7211,110,1.974259810,-1.641830320,7.156186663,-3.404215977,-3.746116773,8.144216027,4,113
7212,110,1.764176694,-1.673413324,6.365225886,-3.096219074,-3.715868621,7.385945423,4,113
7213,110,1.169535919,-0.630445381,5.325323170,-2.895983153,-2.567541872,6.307043807,18,165
7214,110,1.119170753,-0.856282908,4.735291854,-2.590641459,-2.756253108,5.784711814,4,117
7216,110,0.981046639,-0.496798427,4.378851921,-2.469582532,-2.366975830,5.454310956,21,157
7217,110,0.721221247,0.231527965,3.217653460,-1.943718930,-1.557192226,4.447301313,24,172
7218,110,1.816046710,-1.555307718,5.967786710,-2.809993499,-3.582615400,7.112237857,4,113
7220,110,1.496145048,-1.058721022,6.103485395,-3.124205616,-3.065406406,7.078843918,12,155
7221,110,1.163403796,-0.465872272,5.596690532,-3.057012394,-2.417595220,6.535840094,24,165
7222,110,1.078448060,-1.030749123,5.254897409,-2.944172348,-2.953004038,6.156722179,9,121
7223,110,1.171973932,-0.894766777,5.242227171,-2.855888880,-2.826154171,6.216000865,14,157
7224,110,0.979541236,-0.607054197,5.217618104,-2.981357871,-2.520400616,6.110233321,14,155
7225,110,1.314503230,-1.222678194,4.943687569,-2.577199918,-3.150131203,6.030696420,4,113
7226,110,-0.157761638,-0.579798426,3.486653117,-2.842727097,-2.293350338,4.056049743,8,117
7227,110,1.383105614,-1.505943138,5.661288289,-2.967902136,-3.475906016,6.614750063,4,113
7228,110,-0.122292243,-0.543625451,3.489929177,-2.814812495,-2.260972088,4.083430734,7,117
7229,110,1.056888626,-0.642890136,4.084448436,-2.238300272,-2.504037936,5.250618293,12,145
7230,110,-0.303514426,-0.266653675,3.587379220,-3.005411563,-1.973370715,4.080464153,12,122
7231,110,-0.152003126,0.198104119,3.208192660,-2.635156634,-1.506070788,3.915297587,19,131
7232,110,-0.552332129,-0.011359072,3.070958940,-2.880805109,-1.668641357,3.546246277,2,111
7233,110,-0.914674841,-0.211844814,2.592586714,-2.890153736,-1.808050447,2.929152711,2,113
7234,110,-0.276647033,-0.368426427,3.695710504,-3.053905155,-2.082792097,4.172608332,11,122
7235,110,-0.393521743,0.199169793,2.886942879,-2.633862931,-1.464977747,3.515493275,6,117
7236,110,-0.800475052,-0.099868980,2.633488108,-2.818777349,-1.709856830,3.041030002,2,113
7240,110,-0.971357976,-0.035328083,2.565027139,-2.910724631,-1.625705525,2.890971146,2,113
7242,110,-0.210549710,-0.256142967,3.373700332,-2.802076284,-1.960646848,3.966866406,11,122
7244,110,-0.125729228,-0.574980590,3.511648503,-2.832058624,-2.292947707,4.095547562,8,117
7245,110,-0.142949827,-0.550608481,3.502107364,-2.838925019,-2.266568108,4.080102452,8,117
7247,111,2.328569708,-0.804390094,6.447744065,-2.678766045,-3.658363711,7.637601232,3,113
7248,111,0.926975913,-0.684117993,5.718902656,-3.356697160,-3.270321395,6.259206184,3,117
7250,111,3.393806611,-1.091948699,6.918438312,-2.109003010,-4.131203581,8.581404826,2,112
7252,111,3.416454617,-1.069572207,6.900588576,-2.080656599,-4.108572097,8.585472942,2,112
7253,111,3.379350866,-1.097104726,6.879254668,-2.096712724,-4.128044668,8.541281501,2,112
7259,111,3.265568574,-1.052024074,6.663789442,-2.058006580,-4.035171679,8.314829782,2,112
7261,111,0.931370074,0.235819880,1.617970811,-0.893477363,-1.667083405,3.254855476,3,117
7263,111,3.222142847,-0.544665763,5.601811922,-1.461373643,-3.351694098,7.563842406,2,112
7264,111,1.174489561,0.044259067,4.136428278,-2.218444473,-2.311329401,5.320730568,13,153
7265,111,1.209580454,-0.142588324,4.487958613,-2.399039040,-2.558240752,5.577902266,9,153
7270,111,0.851200137,0.393759282,2.206973026,-1.316800228,-1.604908467,3.696701277,11,151
7271,111,2.039725596,-0.683404168,7.196604982,-3.364103817,-3.638129884,8.072070930,3,113
7272,111,1.874292061,-0.535480364,6.065154019,-2.814924246,-3.282253972,7.122763223,6,116
7273,111,1.128696559,-0.545260588,5.279265237,-2.933246515,-3.079899815,6.065085522,4,117
7274,111,1.444244871,-0.623433211,5.083747899,-2.562111024,-3.155730920,6.085501611,3,113
7281,111,0.967662804,0.256706385,1.405844870,-0.736775941,-1.614052363,3.115631928,5,132
7282,111,1.205288401,0.040405034,4.951001453,-2.686326130,-2.457815659,5.971976613,19,161
7283,111,-0.134139709,0.106670862,3.457859825,-2.851509749,-1.998228431,4.025332143,11,122
7284,111,1.301179016,-0.126359801,4.425301904,-2.288569431,-2.541110004,5.586986747,11,152
7287,111,2.357280106,0.096584943,4.114020030,-1.264225269,-2.378904676,6.018679631,2,112
7288,111,-0.194100675,0.118085844,3.624768453,-3.000409890,-2.009412680,4.121705220,11,122
7289,111,2.060133459,-0.787358405,5.738896486,-2.464305206,-3.492426955,6.929586733,3,113
7290,111,-0.318260580,0.049891953,3.796734747,-3.201782438,-2.092801115,4.167900033,10,122
7293,111,0.909350763,0.373626700,1.148393697,-0.630054627,-1.449356837,2.903882772,11,153
7294,111,1.429331047,-0.629479759,5.043668732,-2.549624996,-3.153243600,6.044231344,3,113
7295,111,1.232644848,-0.146072672,5.410689002,-2.938478522,-2.722087190,6.308747576,22,157
7296,111,0.974363115,-0.036082779,2.273478631,-1.249743345,-2.050210802,3.736267885,5,117
7297,111,2.448837083,-0.934377669,9.182168730,-4.233443971,-4.266530883,9.810513677,7,117
7298,111,-0.171255813,0.030021595,3.773247288,-3.070105022,-2.123493644,4.233290554,11,122
7299,111,1.819298687,-0.452979602,6.052168828,-2.852627046,-3.193496011,7.096309768,7,117
7301,111,0.253969446,0.804418265,2.823694905,-2.173997121,-1.246249867,3.902246090,24,139
7302,111,1.857625129,-0.682805771,6.208263036,-2.911565771,-3.449378073,7.194823638,4,114
7303,111,0.325796696,0.622426804,2.801363311,-2.099409095,-1.428180831,3.891452723,30,153
7306,111,0.278742608,0.798457854,2.815626200,-2.149265767,-1.253277086,3.909548033,20,135
7307,111,1.873023038,-0.687925481,6.193572988,-2.890314168,-3.453475143,7.191554399,4,114
7310,112,1.704506457,-1.801680192,6.887265979,-2.679695229,-3.659711089,7.638538785,2,113
7312,112,1.708747249,-1.921850053,6.713374061,-2.590724160,-3.771141925,7.482447477,2,113
7313,112,1.710881045,-1.818321175,6.911793049,-2.687269390,-3.677923167,7.661562407,2,113
7315,112,0.550468801,-0.923933585,5.580373971,-2.975716647,-2.645692489,5.997092369,16,157
7321,112,1.556206855,-1.012800465,4.207244338,-1.412328951,-2.731113049,5.323732446,2,113
7328,112,0.552176352,-1.010497669,5.645297752,-3.010071054,-2.735296217,6.047115368,27,157
7330,112,0.842606016,-0.829900330,4.639394128,-2.240667437,-2.524198707,5.345500941,12,149
7331,112,0.854885299,-0.593033115,4.486273315,-2.144654583,-2.281322735,5.238283238,10,149
7332,112,-0.334578230,-0.582804025,4.054773670,-2.945047849,-2.173028959,4.264238505,8,120
7335,112,-0.474210145,-0.481105218,4.007862869,-3.037891500,-2.060336638,4.160697017,10,122
7336,112,0.766679766,-0.914188415,6.152967273,-3.082658763,-2.678291393,6.598927841,15,156
7337,112,0.707205281,-0.048802192,2.808995196,-1.397073240,-1.646278104,3.765497094,19,161
7338,112,0.633987942,-1.073657443,5.773392429,-3.007246282,-2.809869451,6.193817083,25,157
7340,112,0.012339504,-1.055036649,5.194637373,-3.244459021,-2.722541897,5.382734508,2,113
7342,112,0.781717461,-0.684311661,4.253116343,-2.090969415,-2.356029034,4.994184178,13,157
7343,112,1.289474585,-1.357366572,6.427851615,-2.787693109,-3.167340103,7.067018990,6,117
7344,112,0.730182207,-0.007106519,2.780401180,-1.361458249,-1.604786086,3.755798080,13,155
7345,112,0.313023741,0.393012937,3.050279436,-1.845675437,-1.192454262,3.805469187,47,164
7346,112,0.856447481,0.039667168,2.066165472,-0.886261531,-1.530929011,3.210824176,2,117
7348,112,0.662443616,-0.877307718,5.669951636,-2.923976993,-2.610881256,6.134379204,12,157
7350,112,0.715984726,0.177183816,2.320314477,-1.132742277,-1.397398177,3.367824459,19,155
7351,112,0.416027738,-1.150998102,5.264156401,-2.936253828,-2.847667946,5.640336365,8,124
7352,112,0.781852545,0.235926109,1.601572008,-0.706744556,-1.307493145,2.789185548,13,155
7356,112,0.623354034,-0.282801980,5.792906510,-3.002517151,-2.021914732,6.264889146,17,172
7357,112,1.386118842,-1.541738345,6.839283728,-2.920723212,-3.377716828,7.455160810,5,117
7358,112,0.538231485,-0.983574591,5.629417561,-3.013110949,-2.706776170,6.028437631,23,157
7359,112,0.512499533,-1.197370806,5.829302810,-3.143902260,-2.928106524,6.170675372,6,117
7360,112,-0.423996404,-0.615778195,4.011913607,-3.000903644,-2.198003014,4.179525357,9,122
7361,112,-0.449798396,-0.329618904,3.938789807,-2.977027810,-1.907504941,4.125296334,8,122
7362,112,0.789805393,-0.725919712,4.198256451,-2.057215557,-2.395303217,4.948092227,10,155
7363,112,-0.493177528,-0.500280636,4.009357712,-3.055522170,-2.078299157,4.150888845,7,122
7364,112,-0.341796759,-0.786881099,4.081984466,-2.971318569,-2.377312362,4.268496092,6,117
7365,112,0.623974876,-1.365215124,5.625555879,-2.949010820,-3.092491699,6.039885006,3,117
7366,112,0.822902327,-1.126948725,5.388425422,-2.649700973,-2.856098533,5.955589405,5,116
7368,112,0.965592872,-0.068263189,1.997293365,-0.760558159,-1.642130012,3.199074914,5,133
7369,112,0.798333137,-0.593210734,4.747910295,-2.327060281,-2.290813341,5.433961999,17,157
7370,112,0.388109981,-1.039897222,5.518381409,-3.086923887,-2.747728481,5.852618718,5,116
7372,112,0.351805817,-0.878945461,4.559470985,-2.622728048,-2.537464583,5.023737557,9,124
7373,112,0.651942434,0.124200173,2.405950713,-1.233140966,-1.450317811,3.404727875,26,161
7375,112,0.622023158,-1.367782803,5.591956452,-2.933576856,-3.093260494,6.009876251,3,117
7376,112,0.688623797,-1.193468970,6.010071726,-3.085011273,-2.944533077,6.415572089,8,121
7377,112,1.605499339,-1.808226679,6.710868625,-2.674679229,-3.651111177,7.436394842,2,113
7378,112,-0.030284140,-1.297575550,7.036729672,-4.230673317,-3.052783799,6.922951238,4,117
7379,112,0.893022148,0.450766201,1.491463185,-0.548477790,-1.095080699,2.767471909,25,173
7380,112,0.843663881,0.484998881,1.395248966,-0.540614028,-1.053011357,2.662430857,37,174
7381,112,0.837125193,0.193280912,2.494864878,-1.117518947,-1.397815261,3.580356923,19,168
7382,112,0.641623342,-0.321502318,3.988824922,-2.065139514,-1.972292506,4.723655011,14,165
7383,112,1.011739824,0.365124846,1.579677987,-0.494238311,-1.192465925,2.897026439,34,171
7384,113,0.082051975,0.060614520,3.847876666,-1.990641133,-1.382602163,4.441834164,36,173
7385,113,-1.341977446,0.118710597,3.885916449,-3.304208523,-1.430568561,3.889636818,2,114
7386,113,0.076300360,0.315901629,3.282791093,-1.787664629,-1.095130584,3.931259073,35,168
7389,113,-0.281997968,-0.986653667,5.509617942,-2.906424277,-2.550897680,5.778663959,21,157
7390,113,-0.187051681,-1.139241157,6.357827029,-3.153694184,-2.746542264,6.586337894,14,156
7392,113,0.199521831,-0.498943608,3.500058920,-1.690744887,-1.910373920,4.160052576,15,156
7394,113,1.021295975,-1.390065114,6.910134957,-2.260144980,-2.941373057,7.582164961,2,114
7395,113,0.501187223,-0.158488263,1.663357032,-0.695738025,-1.439847444,2.620912602,12,153
7396,113,0.023894809,-0.843263898,4.948237796,-2.411893149,-2.352390336,5.397465216,15,161
7403,113,-1.188090535,0.087466013,3.578483492,-3.035786635,-1.432132950,3.672566158,3,115
7406,113,-0.627053795,0.111953701,3.071352498,-2.321051324,-1.336688760,3.443246384,13,126
7407,113,0.700476581,-0.001277888,1.891175649,-0.622395166,-1.282445392,2.914473654,21,168
7409,113,0.539736035,-1.621159406,5.971586475,-2.291988309,-3.150424281,6.523174220,2,114
7411,113,0.120451214,-1.004117266,5.148240595,-2.391524144,-2.517450104,5.615498335,6,145
7415,113,0.767555683,0.177839191,1.631318236,-0.471368337,-1.083732571,2.709992553,29,174
7416,114,0.040248227,-0.547326632,2.230507640,-0.886006624,-1.670323811,3.152921957,2,117
7417,114,-0.139694150,-1.170181292,4.225346000,-1.694674578,-2.404821550,4.943529809,2,117
7418,114,0.033493581,-0.560924074,2.232343990,-0.892772816,-1.683985927,3.151716503,2,117
7421,114,-0.072956695,-0.829026973,3.190154363,-1.300505759,-2.005691488,4.006626390,2,117
7422,114,-0.878348240,-1.235704302,5.561516118,-2.826428860,-2.544087309,5.960874888,12,156
7423,114,-0.348559313,-0.901251238,3.573449219,-1.684549145,-2.098818154,4.274816986,14,156
7424,114,-0.144910762,-1.177853157,4.257176177,-1.709831873,-2.414272388,4.971461311,2,117
7425,114,-2.590352645,-0.568031738,4.868624664,-4.230650824,-1.833758416,4.785954532,2,115
7426,114,-0.527060481,0.097777089,3.140695870,-1.728638673,-1.076398643,3.862615355,42,168
7428,114,-1.253502256,-0.255167696,3.104590057,-2.398138773,-1.424841591,3.572876801,15,128
7431,114,-0.131455770,-1.163459842,4.217915660,-1.684576869,-2.397710992,4.939563076,2,117
7432,114,0.209926842,-0.172226418,1.877484098,-0.616807931,-1.276251095,2.895326573,26,168
7434,114,0.214013686,0.137014776,1.486292535,-0.490722477,-0.945337165,2.544219628,39,188
7435,114,0.239034040,-0.076674689,1.736991001,-0.545142733,-1.172962519,2.777380646,31,172
7436,114,0.168211268,-0.514026380,2.185372659,-0.750871523,-1.634850061,3.153776769,2,115
7437,114,-1.276963721,-1.540720821,7.803217741,-3.927201650,-2.974689817,7.930655660,17,153
7438,114,0.218688207,0.021871897,1.730832933,-0.563956075,-1.074172831,2.770312422,29,173
7439,114,0.229656069,-0.036789304,1.615556703,-0.515171943,-1.126231350,2.661868618,27,168
7440,114,-0.270296814,-0.855652725,4.039762170,-1.762869349,-2.079937871,4.742963856,4,153
7441,114,-1.634581290,-1.085427380,4.191251051,-3.098436773,-2.314391059,4.429421572,7,120
7442,114,0.093298953,-0.077496372,1.882037130,-0.730081639,-1.181629253,2.866824811,18,168
7443,114,-0.170169828,-0.191526440,2.195834743,-1.079390251,-1.312585073,3.071083627,19,161
7444,114,0.240686500,0.063631658,1.611965223,-0.505181841,-1.025797278,2.667537277,18,174
7445,114,-0.537433291,-0.881618780,4.522164044,-2.171866177,-2.132522600,5.109984486,18,161
7446,114,0.243651199,-0.074817672,1.770930504,-0.551839934,-1.173044970,2.811022841,23,172
7447,114,-1.669558327,-0.992725950,3.949255125,-3.054323689,-2.208026291,4.194646044,8,122
7448,114,0.213725301,-0.056047684,1.957776624,-0.641177671,-1.164822405,2.978684710,30,168
7449,114,0.260445838,0.055091450,1.588364875,-0.478689603,-1.033036778,2.651224892,30,174
7450,114,0.219372825,0.065362787,1.624689526,-0.529499161,-1.024735134,2.672706151,30,175
7451,114,0.204709860,-0.451398982,1.985798505,-0.652484061,-1.561101813,2.980671933,11,154
7452,114,-0.862186481,-0.967322398,5.623514621,-2.835597407,-2.279695601,6.039276582,14,165
7453,114,0.031174852,-0.753671450,5.958142160,-2.103082218,-2.087682370,6.657555812,22,173
7454,114,0.316161785,-0.140810213,1.829683955,-0.501321259,-1.242450836,2.886491097,27,169
7455,114,-0.664780487,-0.935337189,5.689882355,-2.671027408,-2.252037606,6.167917971,10,153
7456,114,-1.091004694,-0.223205342,2.901128580,-2.178858566,-1.381815546,3.435441098,16,129
7457,114,-0.768732134,-0.398208670,5.901226503,-2.846620487,-1.727489260,6.362842166,19,179
7458,114,0.154524947,-0.524402523,2.191913029,-0.765772720,-1.645544815,3.154931219,2,115
7459,114,4.877371400,-1.761724358,8.792231399,1.574048976,-3.267390928,10.855275115,4,117
7460,114,-0.590026996,0.076185151,3.332860582,-1.850300939,-1.108688755,4.022346103,29,168
7461,114,0.024779750,0.212680427,1.908044123,-0.807968731,-0.893217158,2.884877072,43,177
7462,114,0.201626672,-0.210570921,1.862071278,-0.619031962,-1.313638271,2.875987453,23,155
7463,114,-0.756657201,-0.971016221,5.064664899,-2.554081373,-2.251968622,5.545877127,15,165
7465,114,0.171219270,-0.065571236,1.850472827,-0.646333915,-1.168135776,2.863038697,31,172
7466,114,-1.207382962,-1.486257658,6.087487103,-3.304522651,-2.823207101,6.336647131,8,124
7468,114,1.418303104,-1.235315884,4.576729628,-0.334698527,-2.493819535,5.778762061,4,118
7469,114,0.177189465,0.007609124,1.648676606,-0.576259096,-1.083646347,2.678474943,56,188
7470,114,-1.650467489,-0.959030389,3.939490108,-3.033637200,-2.173880897,4.193476551,5,122
7471,114,-1.632771450,-1.056615920,4.076481647,-3.059876776,-2.279122921,4.323239290,3,117
7472,114,0.210597001,-0.007322079,1.795846798,-0.592274501,-1.106985251,2.827461090,35,173
7473,114,0.911012886,-1.316528493,5.186659547,-1.011345805,-2.608169722,6.184995807,4,118
7474,114,1.429401026,-1.643083520,5.747861926,-0.698396305,-2.967365845,6.865696413,3,118
7475,114,0.097600060,-0.513275214,2.109352353,-0.792936846,-1.629606220,3.059074051,4,130
7476,114,0.990444052,-0.447806030,5.425286697,-1.027717906,-1.754585069,6.483418562,64,197
7477,114,0.116449833,-0.464146246,2.243293721,-0.819442130,-1.588200332,3.194323014,2,117
7478,114,-1.704933887,-0.831161697,3.905455701,-3.076120337,-2.044147133,4.150585231,8,122
7479,114,-1.096564853,-1.817098510,8.238570678,-3.893728967,-3.275776160,8.385284247,12,156
7480,114,-1.722727197,-0.809660167,3.866948079,-3.080770665,-2.020450571,4.109614486,8,122
7481,114,-1.624413640,-0.999304684,4.093275110,-3.058350636,-2.222878029,4.344933396,5,122
7482,114,1.003091649,-1.896601040,7.063906286,-1.525261803,-3.293992487,7.955463389,7,120
7483,114,-1.662055677,-0.765662247,3.813597305,-3.006763399,-1.973655884,4.081395040,8,122
7484,114,1.383824691,-1.577722317,5.121626943,-0.538957361,-2.866482008,6.263266983,2,117
7486,114,1.948283004,-2.368107734,7.705124147,-0.832440709,-3.803551481,8.842714294,4,117
7487,114,-1.579979004,-1.086481397,3.862823389,-2.940023776,-2.296962092,4.137105299,4,117
7488,114,-0.752041582,-0.450615331,6.008770412,-2.864960906,-1.785952862,6.466940012,20,179
7489,114,2.512246761,-1.206835679,4.225115231,0.813527920,-2.448286768,5.804439324,5,155
7490,114,-1.164342357,-0.134306975,2.869638305,-2.239388748,-1.291084557,3.386687080,14,127
7491,114,4.327638557,-1.707756072,7.992984836,1.313208949,-3.166762755,9.924818081,2,115
7492,114,-0.885450438,-1.271651102,5.579879924,-2.838538806,-2.580999011,5.973940818,17,157
7493,114,1.551727546,-2.932253025,9.532587451,-1.792455503,-4.469381542,10.408019438,2,115
7495,114,0.233260282,-0.036229007,1.728473852,-0.548480645,-1.132084111,2.769664084,35,173
7496,115,-1.157118210,-0.982106473,5.479540074,-3.024617544,-2.278841431,5.832561752,22,164
7497,115,-0.573462011,-1.329860433,5.875512160,-2.593019581,-2.650314050,6.374883208,6,154
7498,115,-0.004101447,-0.678196017,2.764971944,-1.067398470,-1.819979899,3.653243293,2,117
7501,115,-0.256632794,-0.492196750,2.927502235,-1.361763312,-1.643206535,3.736215709,12,153
7502,115,0.218278998,0.197629532,1.546195753,-0.480616156,-0.875199155,2.621247791,43,188
7503,115,-0.189282572,-0.273105272,2.815673387,-1.265769376,-1.418125332,3.664337785,13,168
7504,115,0.106613750,-0.588882490,2.216567590,-0.788211197,-1.699144983,3.175294043,2,117
7505,115,1.052385442,-0.872615572,3.236900378,-0.214898621,-2.043824123,4.427722298,3,118
7508,115,-0.924711247,1.003078884,5.715945644,-2.913317495,-0.311286141,6.241462676,4,137
7509,115,-0.615683279,-1.940851120,6.359972066,-2.778162243,-3.288368329,6.785252050,3,117
7510,115,0.261317477,-0.090197326,1.622867321,-0.459649896,-1.167092661,2.691488355,24,171
7511,116,-0.040348979,-0.563857760,2.260719796,-0.911877801,-1.661759625,3.183119230,2,117
7513,116,-1.446256922,-2.355021705,8.291086244,-4.124924525,-3.792867825,8.348859593,2,117
7514,116,-0.244035638,-0.468868493,2.670378416,-1.236473611,-1.590117987,3.511503816,12,156
7517,116,-0.643526150,-1.284455955,4.938084185,-2.319762438,-2.533427296,5.487337285,5,149
7518,116,-0.143489732,-0.857377634,3.144730631,-1.284719844,-2.005156684,3.971366879,2,117
7519,116,-1.137376783,-1.362652123,5.534474409,-2.975705233,-2.645080185,5.891016700,14,157
7520,116,-0.009149732,-0.849301043,3.296899789,-1.205675386,-2.005900264,4.158501431,2,117
7521,116,-0.737441439,-1.028231767,4.891243273,-2.398401226,-2.274861775,5.427130982,15,161
7525,116,-0.982736808,-1.032144416,5.913798399,-2.954942088,-2.336900422,6.317197040,19,165
7526,116,0.047526393,-0.149728187,1.634643950,-0.637316870,-1.212655725,2.640792455,7,168
7527,116,-0.481654645,-2.421276213,7.735188266,-3.032896845,-3.828171317,8.125031574,2,117
7528,116,0.125461581,-0.508580057,2.098787420,-0.704282144,-1.597482222,3.085429316,6,133
7529,116,0.110769547,-0.513910112,2.171103873,-0.741035973,-1.606917214,3.148943657,8,134
7530,116,-0.587534158,0.080270781,3.119399891,-1.713958860,-1.067185312,3.857501957,28,168
7531,116,-0.210758940,-1.350073240,4.921825876,-1.903077321,-2.598405358,5.605695995,2,117
7533,116,1.063107565,-1.116203664,3.536076265,-0.260010181,-2.286997599,4.710660570,2,117
7534,116,4.628315305,-2.647998195,8.966793835,1.426679779,-4.129481766,10.900177765,2,117
7616,117,-0.452880585,-0.899219067,4.562337962,-1.927905942,-2.274803767,5.221975222,2,119
7647,117,-0.000139401,-0.083212373,1.591766208,-0.606172748,-1.180931527,2.623590544,22,168
7655,117,0.119706056,0.044980451,1.566078673,-0.488499952,-1.050470184,2.647862638,22,174
7658,117,-0.723385170,-0.166298514,3.635114117,-1.922363407,-1.458722395,4.325275829,39,173
7660,117,0.938451715,-0.811930708,3.739778214,-0.354101935,-2.105528012,4.883573049,4,121
7661,117,-0.899823506,-0.102687577,5.792373666,-2.758800274,-1.599291274,6.317651134,23,180
7665,117,0.139177201,0.181716871,1.705931157,-0.517667728,-0.927453268,2.798364368,35,187
7666,117,0.178686951,-0.024442435,1.626300959,-0.448787091,-1.125052219,2.717039337,25,173
7669,117,-0.386201441,-0.210249753,2.860010868,-1.360909119,-1.428260248,3.692622081,11,168
7671,117,0.052715144,0.139358531,1.665218191,-0.585887322,-0.966088881,2.729220761,31,189
7677,117,-0.107129628,0.374717238,1.355174766,-0.649675926,-0.703122436,2.406962075,38,196
7678,117,-0.789054990,-0.056233708,5.551227296,-2.580507717,-1.529933671,6.127965908,22,180
7680,117,0.135220622,0.147107512,1.766989450,-0.539169434,-0.967675799,2.851856443,46,187
7683,117,-0.089398488,-0.378274278,1.743778694,-0.728373526,-1.489315094,2.713607510,13,156
7684,117,0.227273584,0.076856164,1.801345043,-0.460001178,-1.040529507,2.906756636,22,176
7686,117,-0.502636132,-0.341506310,4.504665390,-1.975551338,-1.714315539,5.201284114,36,186
7687,117,-0.251736830,-0.257169271,2.442858905,-1.102659364,-1.435192043,3.335470926,15,153
7690,117,-0.578620976,2.758236196,7.111016880,-2.954237863,1.125752255,7.918531434,10,162
7697,117,-0.951425903,-0.169085162,5.740207275,-2.789563095,-1.660657836,6.246372995,24,179
7701,117,0.113898798,-0.307463452,3.902035682,-1.204417078,-1.621482009,4.825557232,33,187
7702,117,-0.017991515,0.081950397,1.716595490,-0.667099803,-1.028329820,2.750792749,51,187
7706,117,0.062779186,0.124957054,1.287210507,-0.459036039,-0.944771200,2.373337627,35,187
7710,117,-1.806672469,-0.966056628,4.156768075,-3.087164241,-2.307861485,4.411583934,3,120
7715,117,1.051380878,-0.374933200,5.298628083,-0.742738255,-1.816973607,6.432582699,61,186
7716,117,-0.825188792,-1.127707124,5.420552937,-2.539551205,-2.584445792,5.898262902,5,130
7719,117,0.106885840,0.172157219,1.584619640,-0.510559873,-0.925652041,2.672678899,26,188
7722,117,-1.843890848,-0.887757916,3.934442226,-3.056386190,-2.209091984,4.196544457,4,122
7723,117,1.935300928,-0.692851875,3.943575650,0.526536155,-2.002697133,5.396723984,16,169
7724,117,1.270618747,-0.565794405,2.521038565,0.330227601,-1.744484413,3.855183552,37,166
7736,118,0.958624342,-0.804316983,2.766869730,0.282829448,-1.722759370,3.929154721,31,167
7740,118,-0.888695981,-1.135665562,4.175752049,-1.905041746,-2.124697275,4.676817216,13,155
7741,118,-2.139413600,-0.948066416,3.947758678,-3.025657266,-1.934982850,4.077068710,3,122
7742,118,-0.586957585,-0.614978897,3.261443646,-1.343200345,-1.563799869,3.923259747,9,148
7746,118,-1.452708644,-1.606032585,5.841198303,-2.951163774,-2.668836264,6.063398662,16,157
7747,118,0.665625719,-1.050174603,3.711622085,-0.285398432,-2.010325028,4.724940020,3,121
7748,118,-0.958620493,-0.112265564,3.300268316,-1.717881513,-1.065405298,3.863441341,36,168
7749,118,-2.106758108,-1.207515193,4.049152460,-3.021339215,-2.198312799,4.173502318,4,122
7750,118,0.651285026,-2.490123824,7.420803100,-1.428167178,-3.606852860,8.185700297,24,158
7751,118,-0.197478524,-0.117775756,1.937598872,-0.569886040,-1.008418823,2.807461034,48,186
7752,118,0.760808662,-1.418551170,6.047486651,-0.916242317,-2.477186760,6.957673877,5,122
7753,118,3.443719180,-2.620977237,8.978398535,0.741444611,-3.787310445,10.531150020,3,120
7754,118,1.306956264,-0.667514435,3.459204657,0.395304582,-1.613477056,4.700377410,48,176
7755,118,1.081445286,-0.873447688,3.154275431,0.280035302,-1.807582179,4.332570759,30,157
7756,118,0.998278083,0.187980888,1.030385300,0.843100859,-0.657256419,2.331529901,59,198
7757,118,-0.296440282,-0.145954513,1.897970460,-0.651009420,-1.035471910,2.737854923,48,187
7763,119,-1.318565322,-0.935549726,6.093562835,-2.897809616,-1.994742663,6.361540496,21,172
7765,119,-2.171767783,-1.104113225,4.069848135,-3.074513471,-2.083996752,4.167776896,3,122
7770,119,-1.087894651,0.749376329,3.798171077,-1.995224563,-0.214090435,4.318105653,4,150
7774,119,-2.516778730,1.037649245,7.605521365,-4.544642117,-0.093839188,7.497215115,2,123
7776,119,-0.589132102,0.246206477,2.802414922,-1.201560515,-0.672159329,3.509560931,4,177
7778,119,-1.819628185,0.556284834,7.544189394,-3.854118793,-0.567887039,7.638453786,2,121
7782,120,-1.423109930,-1.760044814,6.639408126,-3.145376580,-2.829795214,6.810463121,17,157
7784,120,2.108756993,-1.649472288,5.737852386,0.489084714,-2.669894868,7.063911323,2,121
7792,121,-1.375773991,-0.989952921,6.473981714,-3.039771178,-2.045066731,6.687723660,12,173
7793,121,-0.231123588,-0.328958594,2.153987967,-0.618995699,-1.197424579,2.968740885,14,168
7794,121,0.792504755,-2.420904520,7.393645456,-1.242592448,-3.507916909,8.179385339,2,122
7795,121,-1.438521621,1.000946654,4.356547068,-2.472500099,0.034075079,4.736692979,2,124
7801,121,-0.184750377,-0.172140031,1.796885774,-0.466359264,-1.025403618,2.650345815,24,175
7804,122,-3.034697288,0.904998893,9.505990413,-5.556634699,-0.237787963,9.090871226,4,155
7806,122,-1.416075716,-1.237535590,5.768369481,-2.838458715,-2.233839843,5.959178991,12,165
7809,122,-0.269921920,-0.207720468,1.869454989,-0.539033929,-1.050350961,2.659524214,30,174
7810,122,0.709272679,0.218656241,2.468412161,0.201499860,-0.656178702,3.551492146,13,221
7811,122,-0.106978705,-0.281020198,1.968141114,-0.414576955,-1.128839634,2.800988991,16,173
7813,122,-1.363677196,0.636951344,3.128535292,-1.976554077,-0.251300892,3.548405025,4,144
7814,122,-1.683523472,0.924427074,5.439906313,-3.003801786,-0.058243245,5.654318323,6,152
7815,122,-0.748793398,0.529925415,2.428089375,-1.173066314,-0.333316130,3.071077011,8,153
7820,122,-3.146204275,1.707507506,7.211226949,-4.951318507,0.660485782,6.911630573,3,128
7824,123,-1.589829099,-1.727781750,5.915329508,-2.987279413,-2.709882659,6.018754706,14,157
7825,123,-1.625888292,-1.801489660,5.441734453,-2.877742972,-2.765220944,5.554034533,4,130
7826,123,-0.968817377,-1.032561146,3.842711818,-1.771678734,-1.939695414,4.259818116,10,156
7827,123,-0.297214921,-0.388402025,1.847015969,-0.530867613,-1.223773957,2.587503258,8,167
7828,123,-1.276371791,-1.417853991,5.236268936,-2.484667325,-2.376113373,5.478927777,14,157
7829,123,-1.288975129,-1.529925833,5.503484374,-2.576968259,-2.498237568,5.725279661,10,157
7830,123,-1.408711720,-1.788446510,5.888596130,-2.806220885,-2.770564920,6.045844637,12,155
7831,123,-1.449748508,-1.560497313,5.785988143,-2.815584431,-2.538619408,5.944420493,7,156
7832,123,-1.373137948,-1.705397180,5.736430964,-2.726711315,-2.681975733,5.914897677,16,157
7833,123,-1.205366601,-1.111880072,5.222779088,-2.414710767,-2.070278107,5.499290044,9,165
7834,123,-0.858660804,-0.782037880,3.378532604,-1.527556672,-1.672280543,3.860753677,10,155
7835,123,-0.327592741,-0.767001878,2.490094099,-0.752403035,-1.626483935,3.176194070,5,133
7836,123,-0.743244229,-1.042352000,3.388245180,-1.418978432,-1.933462120,3.895013134,5,155
7837,123,-1.430679899,-1.806117928,6.178022840,-2.914729544,-2.799152074,6.314119395,6,156
7838,123,-1.232160553,-1.451313857,5.227828524,-2.439780852,-2.409490381,5.483004120,17,157
7839,123,-1.444724563,-1.547311137,5.782891454,-2.809936016,-2.525354843,5.943497738,8,156
7842,123,-1.499717217,-1.816036264,6.720985379,-3.144944740,-2.829399028,6.809860183,16,157
7843,123,-1.593518688,-1.665953332,5.904810258,-2.987972154,-2.647676426,6.009983985,16,157
7844,123,-1.405795471,-1.391925421,5.711213181,-2.752035936,-2.367579324,5.892976097,10,161
7845,123,-1.613146588,-1.544489050,6.119365588,-3.072386882,-2.534384798,6.212991316,14,157
7846,123,-1.850041015,-1.915844638,6.478901360,-3.404879521,-2.917783683,6.469396956,2,124
7847,123,-0.427346811,-0.405008387,1.884808449,-0.666233525,-1.241032913,2.583435092,12,161
7848,123,-0.335946491,-0.161440744,2.048792783,-0.630236731,-1.004461559,2.776588663,46,187
7849,123,-0.251707037,-0.275403391,2.086312163,-0.560653443,-1.120277149,2.833477936,33,172
7850,123,-0.288615567,-0.709340763,2.253897250,-0.644044920,-1.560073053,2.965288666,4,133
7852,123,-0.330893648,-0.128257938,1.749647485,-0.534995322,-0.959901939,2.494528291,63,197
7853,123,-1.450793418,-1.354553044,6.206011133,-2.945028927,-2.348874285,6.351942709,16,165
7855,123,-3.028652006,1.149980331,8.401377766,-5.128480525,0.079336408,8.060243548,2,125
7860,123,0.593767365,0.427291171,3.226685736,-0.104506591,-0.466750791,4.202379629,3,180
7863,123,-0.692472227,-0.559080973,2.751607533,-1.180573415,-1.426527549,3.322635145,11,154
7864,123,-0.259433013,-0.165954796,2.137072920,-0.584036327,-1.012804037,2.883658721,51,187
7865,123,-0.176378801,-0.300649604,1.948769036,-0.447051430,-1.140699289,2.724357155,19,172
7867,124,-1.525557185,-2.055896926,6.310236720,-2.991141182,-3.035895319,6.386190165,7,157
7868,124,-1.173291299,-1.169965350,4.659879719,-2.170288614,-2.091241726,4.948666288,15,161
7869,124,-1.620094906,-1.870951561,6.160409258,-3.037935085,-2.844812162,6.222214570,14,157
7870,124,-1.385954288,-1.654938388,6.147127630,-2.811304999,-2.630091758,6.286974691,7,157
7871,124,-1.657340045,-1.772524424,5.993331268,-3.024515542,-2.739937880,6.055446897,14,157
7872,124,-1.385691829,-1.250798835,5.833949361,-2.720183820,-2.214515776,6.003420447,11,164
7873,124,-0.873345442,-0.701489540,3.360730768,-1.501476374,-1.576532099,3.815092610,14,165
7875,124,-0.738571638,-0.591448455,2.882102048,-1.231615979,-1.449581559,3.402276188,13,161
7876,124,-0.428455687,-0.504308540,2.079355160,-0.698269465,-1.334597218,2.731092211,8,165
7877,124,-1.492612730,-1.289308653,5.935736700,-2.852261596,-2.256064706,6.067489900,10,165
7878,124,-0.760447743,-0.556023962,3.215639384,-1.351350395,-1.426524596,3.715505592,7,168
7880,124,-1.152233874,-0.474158927,4.139658321,-1.999337211,-1.376599862,4.484680383,27,174
7881,124,-0.414414016,-0.417427795,1.989762763,-0.658733756,-1.244521367,2.653018536,6,165
7882,124,-0.180799462,-0.245918506,2.017553562,-0.444561159,-1.075807441,2.755142161,20,173
7883,124,-1.202777669,-1.795062317,6.082206293,-2.616503490,-2.768959837,6.273890418,3,152
7885,124,-0.197349278,-0.243972249,1.992460533,-0.452954395,-1.072807149,2.726368974,27,174
7886,124,-0.272721141,0.345907613,0.772669388,-0.166669155,-0.437136093,1.562112697,6,161
7888,124,-1.522228462,-1.080116576,6.210933042,-2.962896617,-2.057126889,6.329320151,9,170
7889,124,-1.729898527,0.870552548,5.458420795,-2.947253728,-0.078236298,5.623445589,2,125
7898,124,-1.397143729,0.694175657,4.156650958,-2.243474463,-0.208041760,4.472669955,5,159
7900,124,-0.213414522,1.391695437,4.891521210,-1.333257808,0.453184977,5.550662444,7,179
7901,124,-0.870973681,0.417630341,2.868576640,-1.358550039,-0.439805255,3.388390413,3,160
7903,124,0.717784631,0.185264457,3.012171326,0.117607378,-0.688465078,3.986632739,5,221
7904,124,-0.646235231,0.558582762,2.454017401,-1.021846068,-0.284993509,3.064510686,11,165
7907,125,-1.523652633,-1.291564610,5.729648270,-2.788955368,-2.222109145,5.838381947,12,165
7908,125,-1.624385096,-1.739722549,5.958455098,-2.953544802,-2.676900494,6.009905354,17,157
7910,125,-1.436592445,-0.778918536,6.242372414,-2.854345478,-1.729970638,6.373914714,13,179
7911,125,-1.208286235,-1.086682663,4.759069618,-2.202672811,-1.986171014,5.011301867,6,164
7912,125,-0.308011310,-0.363269903,2.189459321,-0.587490562,-1.181609863,2.847835737,17,172
7913,125,-1.144557808,-1.635920470,6.032287952,-2.516060583,-2.582739911,6.224851233,10,155
7914,125,-0.259796310,-0.671534553,2.148540390,-0.530292853,-1.488816394,2.810704766,4,155
7916,125,-0.294551625,-0.281169286,2.105594128,-0.549832761,-1.096679234,2.774871887,32,173
7919,125,-0.359011483,-0.703197793,2.436150494,-0.709452363,-1.529622895,3.055250228,12,165
7920,125,-0.372543106,0.153580982,1.555097153,-0.461995971,-0.640898875,2.243189324,15,203
7925,125,-0.640026468,-0.123518244,2.245552176,-0.920691508,-0.939373418,2.813777460,42,190
7926,125,-0.148258077,-0.279345484,2.070688481,-0.399725355,-1.095659053,2.784372350,15,172
7927,125,-0.627329822,-1.104047057,6.260778605,-2.086864654,-2.067065785,6.615354942,20,173
7928,125,-0.290326934,-0.260052611,2.144247800,-0.557048917,-1.077061587,2.813871160,15,174
7931,125,-0.268948227,0.344088773,0.740417189,-0.123887663,-0.422039702,1.502573367,8,160
7935,125,-0.625637342,-0.522088418,2.773367080,-1.062599502,-1.357260079,3.306612790,8,168
7942,125,-0.484834285,0.003196606,2.267393781,-0.778330610,-0.815774502,2.885016534,26,182
7945,125,-1.492720906,0.712466728,4.553854905,-2.409405491,-0.176815069,4.802861572,6,164
7946,125,-0.287768067,-0.300443103,2.167020614,-0.561384999,-1.118295072,2.834788589,21,172
7948,125,-0.508070452,-0.054658918,2.191713710,-0.778558349,-0.870468773,2.803633862,20,180
7949,125,-0.703665782,-0.612344238,3.218931688,-1.267911594,-1.462727879,3.705969596,7,168
7951,125,-1.439381996,-0.718921009,6.171595199,-2.836119929,-1.667375707,6.307834437,21,179
7952,125,-0.430003582,-0.730495661,2.438437831,-0.778081613,-1.555971094,3.035601256,6,133
7953,125,-1.417951964,-0.829492733,6.356687448,-2.870133810,-1.784977702,6.486600540,14,179
7954,125,-0.373220799,-0.382664548,2.392892924,-0.709455694,-1.207544954,3.022379536,16,168
7956,126,-1.422597542,-1.961307162,6.639807346,-2.899267925,-2.909709936,6.678522911,8,153
7958,126,-0.691922952,-0.914554907,3.281755045,-1.235550949,-1.747040611,3.714347350,3,152
7959,126,-0.349722742,-0.771234347,2.420873748,-0.661273953,-1.576554921,2.993307173,5,134
7962,126,-0.310570195,-0.027978044,1.696483186,-0.413083235,-0.806717256,2.341804390,20,189
7967,126,0.222856205,0.296455500,1.540845276,0.144351247,-0.485746752,2.358197774,3,214
7971,126,-1.164948987,-1.180236850,4.547965729,-2.051482619,-2.053149839,4.781203793,6,161
7972,126,-1.559311670,-2.238335790,7.319206955,-3.225575064,-3.210323855,7.278668197,7,149
7975,126,-1.051401569,-0.996687359,4.505736705,-1.929600714,-1.870088825,4.780769302,7,165
7977,127,-0.457849708,-0.418171584,2.086737682,-0.647735910,-1.206011860,2.661704623,24,168
7983,127,-0.886731313,0.457243782,2.618984563,-1.195643343,-0.343399381,3.096762541,8,160
7987,127,-2.906327883,1.057422210,8.907540349,-4.880412286,0.034919071,8.598059780,2,131
7988,127,-0.743830173,-0.542137535,2.590022809,-1.064464714,-1.344087626,3.058845012,9,165
7989,128,-1.774556217,-1.574782572,6.183852220,-3.034444133,-2.546148618,6.163645680,6,155
7990,128,-0.401729448,-0.407182291,2.038957788,-0.555229774,-1.206240110,2.630058982,20,168
7991,128,-0.359266542,-0.291075774,2.146772980,-0.541409951,-1.097894179,2.752444067,11,173
7992,128,-0.379572059,-0.357432369,2.144164024,-0.561643253,-1.163193755,2.740241718,21,172
7993,128,-0.879994677,-0.577758473,3.288129985,-1.360572449,-1.426708456,3.688870544,6,168
7994,128,-0.435682441,-0.389599216,2.328841560,-0.666818059,-1.203272917,2.900306686,13,168
7995,128,-0.266952956,-0.683956789,2.297621648,-0.502330359,-1.501647698,2.897662844,5,136
7996,128,-0.369754075,-0.681957261,2.564042393,-0.674037144,-1.510343859,3.125683103,5,154
8013,129,-0.499724661,-0.369888233,2.048335309,-0.623345058,-1.182843166,2.607218161,8,168
8015,129,-1.400536434,-0.264601858,3.900191437,-1.980931718,-1.165852957,4.159180785,27,167
8016,129,-0.632736262,0.957237270,4.774507074,-1.438716740,-0.049000357,5.301756375,5,155
8021,129,-0.114675165,0.528422211,0.696702554,0.132956459,-0.210328849,1.482780617,6,215
8024,130,-1.800572034,-1.586838330,6.025198536,-2.923375330,-2.670033763,5.982644704,7,156
8036,131,-0.487716383,-0.719431682,2.553847682,-0.703839305,-1.588279067,3.051698189,2,132
8041,131,-1.124330016,0.559377795,2.908665856,-1.375120739,-0.314039394,3.355377334,7,160
8045,131,1.055368714,-0.164201904,1.685862584,1.023066022,-1.038953092,2.653164853,11,195
8050,132,-0.464085482,-0.406319062,2.049459899,-0.537386217,-1.222776530,2.602649398,19,167
8051,132,-0.514218761,-0.322935965,2.380593582,-0.665617109,-1.166442475,2.918083883,26,173
8053,132,-0.906429266,-0.556827251,2.932264040,-1.186600680,-1.429755587,3.332953541,6,161
8056,132,-1.695404021,-0.481213019,6.242525633,-2.764113929,-1.607980372,6.343886679,31,179
8057,132,-1.712431811,-1.588474460,6.026654632,-2.751942220,-2.690299144,6.025522018,9,157
8058,132,0.890845728,-0.219312938,1.914255952,0.812935178,-1.085637794,2.819248291,25,200
8060,132,-0.826747578,-0.529985171,3.025217828,-1.131673402,-1.414727643,3.444610294,23,168
8061,132,-2.232272463,1.072429187,6.377797971,-3.283311533,-0.049561246,6.492527559,8,171
8062,132,0.701867747,0.267602350,1.086626801,0.844255494,-0.520377003,2.020957328,12,228
8065,132,-0.454375102,-0.186869317,2.034098069,-0.519349430,-1.003480494,2.611157677,34,198
8066,132,-0.594329355,-0.171941654,2.281144337,-0.715433638,-1.003905956,2.817052527,32,187
8067,132,-0.651690366,-0.031063768,2.387050437,-0.793968534,-0.870376785,2.918813016,16,182
8068,132,-0.424755547,-0.054791152,2.028348256,-0.486316130,-0.872866118,2.625430233,31,188
8070,132,-0.389421178,-0.098742749,2.067455258,-0.462672617,-0.921602791,2.667565008,33,186
8072,132,-0.464905378,-0.223577852,2.159542903,-0.561236605,-1.050486126,2.726182653,31,187
8074,133,-1.799925491,-0.724161743,6.367655836,-2.849564842,-1.802103508,6.431212309,13,178
8075,133,-0.548496642,-0.149215318,2.161127865,-0.619262754,-0.941578148,2.706059450,37,189
8077,133,-0.580912134,-0.281148806,2.401181868,-0.709798322,-1.090661950,2.919742544,10,173
8078,133,-0.545593355,-0.207479229,1.852920199,-0.543172463,-0.975840433,2.403683126,19,197
8079,133,-0.485211162,-0.334009271,2.242837205,-0.579511852,-1.134006160,2.784936563,23,173
8081,133,-2.107481758,0.835679462,5.794339370,-2.993015730,-0.193807822,5.932018921,5,155
8082,133,-3.100130821,1.124215325,7.521090213,-4.367557621,-0.009610571,7.390435714,3,135
8083,133,0.504531560,0.221837509,1.653077962,0.529002046,-0.564795131,2.495855251,18,228
8084,133,-0.899068476,0.358178106,2.317764723,-0.991428294,-0.437320104,2.816061446,7,160
8085,133,-0.979530918,0.545929998,2.563806232,-1.126436839,-0.266819370,3.050504603,4,155
8086,133,-0.612660034,0.411717542,1.545805404,-0.527628854,-0.332935581,2.141664376,6,160
8088,133,-0.414303835,0.270657461,1.241369888,-0.263642859,-0.456003531,1.882647415,4,136
8089,133,-0.876961029,0.476158763,2.559990704,-1.026739542,-0.339203474,3.065476447,5,149
8090,133,-1.281373384,0.545436698,3.269043249,-1.588616152,-0.312696843,3.661040358,5,161
8091,133,-1.311789996,0.510999878,3.112198649,-1.580909196,-0.333922784,3.499172030,5,159
8092,133,-0.489101177,0.238204039,1.427006320,-0.381145613,-0.500433726,2.041794557,3,171
8093,133,-2.198516430,1.027107631,5.942536203,-3.114776004,-0.011735214,6.069562942,5,162
8097,133,-0.929156601,0.436016009,2.387885150,-1.036578034,-0.364263495,2.883181797,9,161
8098,133,-0.893483044,0.483343773,2.495869504,-1.027316558,-0.326566048,3.000084612,5,153
8099,133,-2.001576797,0.756702979,5.307022320,-2.774208655,-0.237993279,5.479136859,6,159
8103,133,-1.815897705,-0.702481660,6.410832424,-2.875181918,-1.783354602,6.470981635,25,179
8106,133,-1.777988398,-0.615511006,6.312435834,-2.813799167,-1.690225202,6.391975486,27,180
8108,133,-3.309716411,1.287556761,8.892159088,-4.898043403,0.053335595,8.680807373,5,161
8114,134,-0.590423385,-0.450619634,2.172539526,-0.641702348,-1.213208055,2.673031833,18,168
8115,134,-1.951938292,-1.338032083,6.321029605,-2.952231705,-2.336911746,6.313078227,16,165
8116,134,-0.374555132,-0.295117662,2.102004050,-0.415540339,-1.056506350,2.665922665,26,174
8117,134,-0.946803296,-0.705566693,3.458297073,-1.294148754,-1.542293740,3.818105374,14,165
8122,134,-0.438781193,-0.283577680,2.097890359,-0.476950955,-1.043889675,2.647358281,22,174
8123,134,-0.517638065,-0.419812734,2.102166103,-0.554284861,-1.179078584,2.624118147,24,168
8128,134,-1.186876765,0.472958985,3.073149124,-1.437652765,-0.339188370,3.461957857,6,159
8131,134,-3.156691074,1.097620121,6.231164394,-4.105450232,0.115298885,6.092495522,2,135
8134,134,2.505172982,-0.684537306,5.629918684,1.539745722,-1.700772058,6.746662972,35,197
8135,134,0.056891196,0.232973659,1.088997285,0.244177709,-0.472639870,1.820297975,8,215
8138,135,-3.356708235,1.030474864,8.062097019,-4.689654618,-0.048505010,7.821332109,2,137
8140,135,-2.678571666,0.978210130,6.593343996,-3.689993143,-0.016693594,6.548735858,2,137
8152,136,-0.594315067,0.398318184,4.521489718,-1.143275041,-0.455653295,4.984417874,6,188
8153,136,-0.486984718,0.168957665,1.381478988,-0.331846317,-0.515436302,1.941096850,7,173
8159,136,-0.360731082,0.795296465,4.538013672,-0.925765380,-0.059160554,5.073352279,3,180
8164,137,-1.006579814,-0.602003242,4.022454664,-1.387484042,-1.414181654,4.353455503,18,175
8169,137,-0.422174186,0.216305024,0.985934660,-0.168768833,-0.440450197,1.560931130,5,161
8173,138,-0.549025747,-0.382299723,2.286907577,-0.546749672,-1.095407424,2.772857160,14,173
8174,138,-0.519075289,-0.321696859,2.149580491,-0.490037506,-1.027539911,2.647932397,16,173
8175,138,-0.604404760,-0.319626308,2.271125400,-0.599116510,-1.032855686,2.748590651,12,175
8177,138,-0.904514270,0.354335986,2.407319706,-0.938129244,-0.371152771,2.848887206,4,160
8188,139,-1.112147469,-0.808929263,3.291060350,-1.281445341,-1.581612026,3.631643981,7,165
8189,139,-1.454129620,-1.307574321,4.518648232,-1.854333980,-2.147299686,4.738155062,5,156
8196,139,-1.146636628,1.743724437,7.144422315,-2.181490689,0.774214291,7.505354035,5,215
8199,139,0.268650937,-0.144224727,3.334736099,0.041160698,-0.894139940,3.990028307,3,157
8203,139,-1.406534245,-1.460121975,4.743440124,-1.849671914,-2.309969511,4.960830374,8,154
8205,140,-1.503553113,-1.307551879,4.550553624,-1.870106151,-2.140543625,4.737945633,2,145
8212,140,-0.307280378,1.283997149,8.092246447,-1.480666091,0.295647327,8.559475818,5,188
8213,140,-0.566441986,-0.425493880,2.195543722,-0.505142995,-1.126792801,2.661540068,11,168
8230,143,-0.758139796,-0.550419827,2.276359115,-0.628727219,-1.239218175,2.637883038,5,165
8231,143,-1.582723063,0.584014200,4.721585075,-1.937462305,-0.234261657,4.923333319,2,148
8239,143,-2.430678528,0.350565813,5.325042820,-2.873202380,-0.519334526,5.348553075,2,145
8242,143,-1.035359049,0.288822262,2.381236045,-0.953008418,-0.414256815,2.718241141,4,161
8244,143,-0.464408583,1.257431890,8.398050872,-1.550007510,0.320441781,8.765559536,4,224
8256,143,-0.687329362,-0.612208204,2.199851654,-0.542568206,-1.295496505,2.573893298,7,166
8260,144,-0.684468808,-0.457827757,2.452270555,-0.554532523,-1.137426732,2.780891221,9,173
8261,144,-0.685540625,-0.425370550,2.445575269,-0.555628975,-1.104778630,2.775203945,12,173
8263,145,-2.052563994,-1.700533023,5.578481422,-2.364710199,-2.518484809,5.544532549,4,156
8264,145,-1.923163655,-1.509910300,5.167312055,-2.173131007,-2.308666730,5.168480021,3,156
8274,146,-1.952261776,-1.272802002,5.656739712,-2.260654508,-2.087894519,5.651741418,6,168
8276,146,-1.116327613,0.302901246,2.557223584,-0.974905622,-0.370925819,2.790361477,6,161
8279,146,-1.856726442,0.544037609,4.234430020,-1.997589717,-0.217326866,4.323294353,3,160
8280,146,-0.483094884,0.743386334,2.521153631,-0.362639751,0.091708918,2.876451222,5,216
8287,146,-2.027358119,0.555944679,4.465003217,-2.205138988,-0.219750082,4.521633395,4,164
8288,147,-2.458840240,-0.882442125,6.616130804,-2.891772653,-1.747039377,6.518134610,18,180
8297,147,-0.229620993,0.476454715,5.109553465,-0.501214762,-0.258216697,5.443688544,4,163
8298,148,-2.093073081,-1.381454808,5.221462784,-2.237638231,-2.150956467,5.168363383,4,165
8299,148,-1.415269566,-0.876052556,3.888196658,-1.378160249,-1.576699173,3.975059665,5,154
8300,148,-2.804253304,-1.292458235,7.222439028,-3.258502246,-2.155958978,7.032609951,8,172
8301,148,-2.494712578,-0.975337679,6.221453005,-2.807491859,-1.793804216,6.103208269,12,174
8302,148,-2.519499619,0.981692906,5.875002107,-2.853398960,0.172174948,5.814366101,2,152
8303,148,-1.508247757,-1.035241445,3.914129812,-1.467803534,-1.739746635,3.981238763,5,165
8304,148,-1.084879463,-0.068267022,2.863865729,-0.921975743,-0.722939391,3.040223384,7,179
8305,148,-0.190630640,0.191359852,1.096359138,0.229134721,-0.371692681,1.445627176,5,196
8308,148,-0.979716311,-0.067843968,2.626452500,-0.780772265,-0.710674347,2.822655796,8,179
8309,148,-2.595614576,-1.519830083,6.382208227,-2.911239377,-2.346675465,6.229957101,4,165
8310,148,-2.143797267,0.535988941,4.467140136,-2.243252628,-0.211151894,4.471733761,3,159
8311,148,-0.608187098,-0.018209720,2.015391329,-0.319709485,-0.627210937,2.280117096,5,177
8312,149,-0.749345654,-0.274925802,2.423707306,-0.493213181,-0.892121913,2.639190278,26,188
8313,149,-2.159599985,-1.203616440,5.463029868,-2.317274824,-1.975609055,5.393753756,4,161
8314,149,-1.471548116,0.017125310,5.403421372,-1.674664809,-0.731833101,5.478916622,19,186
8315,149,-0.891152876,-0.560779370,2.419441901,-0.621825214,-1.182082447,2.604239206,4,168
8316,149,-1.087501282,0.285776064,2.441170475,-0.850903048,-0.343685467,2.621408346,4,161
8317,149,-1.358267104,-0.696475072,4.191105127,-1.349880948,-1.396977834,4.277306578,15,175
8319,149,-0.900218341,0.289195792,2.070092376,-0.609148362,-0.320746260,2.284045019,3,160
8320,149,2.979610396,-1.537692183,6.356167360,2.632851642,-2.174955294,7.060275153,34,187
8322,150,-0.573907570,0.143704977,1.263252268,-0.148371370,-0.429965622,1.526883708,5,161
8323,150,-0.575131580,0.144053460,1.265998927,-0.150006338,-0.429764090,1.529423400,6,161
8325,150,-1.549444090,0.347863988,3.359806185,-1.434683957,-0.339282786,3.457186088,4,159
8326,150,-0.588767069,0.136023550,1.347290739,-0.175361817,-0.441359252,1.607406838,4,160
8329,150,-1.555203562,0.348845465,3.373105249,-1.442407716,-0.339006291,3.469485154,4,159
8331,150,2.611264620,-1.234689483,5.842404666,2.364963218,-1.874970368,6.487633690,31,187
8332,150,3.468087224,-2.315814927,6.622978680,3.136504377,-2.955788010,7.352983593,9,165
8333,151,-2.111870867,-1.623326806,5.149379439,-2.148049478,-2.392343288,5.039201484,6,156
8334,151,-2.702214258,-1.489901525,6.482633625,-2.930238376,-2.331431715,6.275463857,10,165
8335,151,-0.973833790,-0.098971230,2.335430145,-0.666602604,-0.720378985,2.480500745,22,194
8336,151,-2.665154891,0.574543997,5.660546233,-2.845755064,-0.234495014,5.544125746,4,161
8337,151,-0.836365769,0.243210319,2.015618778,-0.496062692,-0.361401891,2.197098974,7,167
8338,151,-0.704328734,0.201108332,1.548528845,-0.296135805,-0.380272811,1.753193028,4,160
8342,151,-1.019199309,-0.110585164,2.479034253,-0.731934116,-0.739242054,2.615374878,12,194
8348,151,-0.706846330,0.155921957,1.654317844,-0.312437016,-0.429856983,1.855736382,3,171
8351,151,2.408870735,-1.514771594,6.056611198,2.186225171,-2.190493570,6.602940046,26,186
8352,152,-0.968090668,-0.571039230,2.561296869,-0.666827653,-1.205547614,2.680466059,6,168
8356,152,-0.555535743,0.174408420,1.334983914,-0.108368949,-0.395290003,1.557370468,5,167
8358,152,-1.317634165,-0.761515111,3.291591747,-1.111138667,-1.438047874,3.344034954,2,153
8360,152,-1.373615277,0.005161228,3.806626288,-1.268186869,-0.696625391,3.874898060,6,180
8362,152,-0.822273997,-0.407148041,2.516450394,-0.521998889,-1.035606503,2.663772433,9,174
8363,152,-2.862911848,-1.789031991,6.615543089,-3.082537641,-2.655263088,6.364680546,2,153
8364,152,-1.652261756,-0.627858770,4.392541916,-1.605769653,-1.362638247,4.388824164,4,174
8366,152,1.852230376,-0.488250620,2.499536226,2.128096367,-1.036671953,3.033679669,21,187
8367,152,1.843346486,-0.531787652,2.541003013,2.114875857,-1.082224898,3.071680174,23,187
8368,153,-2.410592208,-1.846702803,6.477003085,-2.589776783,-2.738706176,6.250036380,2,154
8369,153,-2.802409115,-2.222755521,7.970858847,-3.176408357,-3.202306995,7.652704855,2,154
8370,153,-1.472674651,-0.663725934,3.620856371,-1.296177920,-1.384465746,3.617673847,5,168
8384,153,-3.837354030,0.982229854,8.121375954,-4.323948514,-0.036188628,7.809369158,3,161
8406,153,1.189799363,-0.921891143,4.807582676,1.178915844,-1.638836803,5.158109726,9,176
8408,153,-1.072581663,-0.166499790,2.586655331,-0.770128151,-0.823848900,2.676472263,29,194
8410,153,3.406267290,-2.191712715,6.766885549,3.135883824,-2.954770695,7.349602131,7,165
8411,153,1.272636562,-1.091098938,4.666621789,1.286182673,-1.798305919,5.022364820,4,162
8414,154,0.569242638,-1.748678187,6.084338541,0.424941351,-2.579445638,6.290118525,2,155
8416,154,0.910123896,-2.859822991,9.852249732,0.252912509,-3.898993210,10.001883311,2,155
8418,155,-0.700149403,0.167851764,1.664277072,-0.256627706,-0.434524564,1.838816745,2,156
8420,155,-2.625228969,0.487563331,7.271078422,-2.964201238,-0.521690150,7.121412312,2,156
8422,155,0.427476474,-0.027128073,1.886447720,0.835197118,-0.607914870,2.208642931,9,228
8425,155,1.762945118,-1.251575308,6.548735897,1.547050838,-2.076367132,6.936918601,16,191
8426,155,0.437715043,-0.562247461,2.554420396,0.772209578,-1.182731130,2.839724479,4,173
8430,155,2.999370172,-2.054857808,6.685953680,2.782443519,-2.847990512,7.203828123,8,167
8431,155,3.924254617,-2.195184801,6.974205861,3.662240432,-2.977210934,7.613036748,5,167
8432,155,1.998001474,-0.588268575,2.958701838,2.259696499,-1.185450042,3.461005087,16,187
8434,156,-1.412653206,0.952646165,4.159677333,-1.325343721,0.179321783,4.235235506,4,163
8435,156,-1.255329199,-0.300092779,2.758127469,-0.929489167,-0.978127276,2.799248538,6,189
8437,156,-1.362938500,1.265078107,5.737379228,-1.508279469,0.392985445,5.819568455,4,191
8438,156,-0.267184606,0.013625749,0.349645496,0.375105057,-0.487596432,0.578201967,2,158
8439,156,-0.960357756,-0.325648457,2.360333965,-0.580939409,-0.970847817,2.446599998,18,197
8440,156,-0.681566803,0.136869236,1.424666824,-0.189974672,-0.443186942,1.588788488,2,160
8441,156,-1.612643170,0.293353650,3.211566478,-1.367312700,-0.423975313,3.231319166,2,159
8442,156,-0.974941261,0.288109098,2.135971321,-0.585286824,-0.344773883,2.258817836,2,160
8444,156,-1.520390860,0.457424241,3.269774580,-1.289906511,-0.261535072,3.311564296,3,161
8445,156,-0.748730908,0.622764039,2.260567969,-0.390580459,-0.012817291,2.433699597,2,160
8447,156,-0.983159822,0.296240331,2.140827440,-0.594383371,-0.337182670,2.262925136,2,160
8448,156,-1.183087962,0.485096161,3.910053524,-1.046895353,-0.265407325,3.993786174,3,160
8449,156,-2.222241638,-0.268105541,5.357222045,-2.251846645,-1.135203340,5.231928803,5,171
8457,157,-1.922644500,0.590529029,8.009599945,-2.327688791,-0.437448572,7.921044156,2,160
8459,157,-0.810682354,-0.117986445,2.436676244,-0.420865150,-0.751846512,2.530208404,7,187
8460,157,-1.139961207,0.258173714,5.360738699,-1.170032594,-0.575651159,5.395128230,4,183
8462,157,-1.682259096,0.757982978,4.791638468,-1.644754217,-0.054654165,4.786052794,3,179
8464,157,-0.393791690,0.407526415,1.365489087,0.122968996,-0.146755810,1.562989100,4,183
8468,157,-1.575114951,0.683106331,7.425174649,-1.905210189,-0.297743506,7.398651013,5,196
8469,157,-1.619019812,0.069861790,5.426312809,-1.646497496,-0.780646055,5.380404737,4,186
8470,157,-1.683428012,0.758554389,4.794625340,-1.646349985,-0.054309872,4.788872238,3,179
8471,157,-1.024344908,-0.373114702,2.697252720,-0.659667380,-1.029036341,2.741824821,5,187
8472,157,-0.619740855,1.063035769,4.198288359,-0.521169234,0.316810834,4.369354929,4,231
8474,157,-0.695341539,0.324514775,2.949264839,-0.394439846,-0.340678088,3.079844768,6,187
8477,157,-1.352521046,1.217057997,5.773560174,-1.472569656,0.348289013,5.830866922,5,180
8481,158,-1.004992002,1.087018675,5.397513440,-1.023042294,0.291124698,5.464944443,2,160
8486,158,1.958251681,-0.827001652,2.976359698,2.285287885,-1.438264610,3.374385562,8,169
8489,159,-1.543302999,0.307833382,3.170074359,-1.198525265,-0.347157691,3.100676731,3,161
8490,159,-3.314583829,0.753925181,6.802208764,-3.445344905,-0.087984682,6.479058719,3,164
8498,159,-4.059345194,0.908759646,8.343275121,-4.391510375,-0.012376987,7.911742599,2,161
8502,159,-1.289152316,0.222325984,2.814060717,-0.897981897,-0.413826263,2.778374413,2,161
8504,159,-1.378752185,0.283734759,2.806967273,-0.986572101,-0.352667091,2.762224411,2,164
8505,159,-0.880126915,0.195714206,1.870909928,-0.366105731,-0.392303235,1.898494944,2,160
8507,159,-0.731090303,0.142157740,1.559670912,-0.176107184,-0.429840208,1.607906818,2,160
8511,159,-1.381201516,0.276432193,2.841768844,-0.993567704,-0.361662498,2.795997480,3,161
8513,159,-1.384208033,0.284439210,2.817629347,-0.993414144,-0.352512103,2.772078587,2,164
8517,159,-1.970825886,0.414150954,4.035403376,-1.739292060,-0.285404279,3.904810638,2,160
8520,160,-2.749823714,-1.037576883,6.690571999,-2.800038073,-1.799908562,6.347406823,6,178
8521,160,-0.726509829,0.119757189,1.496564636,-0.133771562,-0.432989653,1.506591880,2,161
8522,160,-0.672309271,0.097147001,1.398929033,-0.067445583,-0.451645038,1.415847882,2,161
8523,160,-0.737734169,0.108344141,1.519317524,-0.147768414,-0.445312177,1.527236032,2,161
8527,160,-1.174904424,-0.305330925,2.769313049,-0.739556661,-0.909380927,2.693066452,6,189
8528,160,-0.524755845,0.332722767,2.525887846,-0.066102252,-0.262767867,2.561111053,8,196
8529,160,-2.647030864,0.523687562,7.574899639,-2.817211222,-0.276433800,7.300757831,5,204
8530,160,-1.027089529,-0.199716722,2.796775847,-0.596876983,-0.805189035,2.743508174,10,203
8535,160,-1.535518551,-0.039115555,3.640962877,-1.209683779,-0.678697649,3.521590629,3,177
8540,160,-1.482264254,0.125976323,7.058833730,-1.594489005,-0.654223756,6.922069784,2,163
8541,160,-0.279196182,0.154457962,2.527368569,0.177942762,-0.441283241,2.586691777,2,163
8542,160,-0.721451275,0.323666837,2.609882313,-0.271885675,-0.274993944,2.618816152,5,178
8549,160,-0.811499707,0.639429362,3.444213463,-0.469090619,0.006352598,3.446993364,6,200
8550,160,-0.980379423,0.282031679,2.184222296,-0.474103875,-0.298749067,2.162190248,2,163
8551,160,-1.015181252,-0.508890228,2.892891642,-0.596155341,-1.118066166,2.827625296,8,173
8553,160,-1.038051370,-0.014662707,3.391787063,-0.684540236,-0.644719013,3.339300104,3,172
8557,160,-1.014497562,-0.529694395,2.864695646,-0.591791622,-1.137695420,2.798920848,6,173
8560,160,-1.012723497,1.010990111,7.637090307,-1.206170805,0.205636724,7.591358606,4,226
8561,160,0.555474413,-0.107640240,2.113610373,1.059673983,-0.687319949,2.272713582,9,225
8566,161,-1.581374586,-0.110465469,3.676374919,-1.195526550,-0.691979168,3.502102702,3,177
8568,161,-3.961380708,-0.700170415,9.410779872,-4.258620036,-1.409022615,8.887164282,5,177
8569,161,-1.792919155,-0.092541233,4.061453258,-1.451543204,-0.681533216,3.859459759,5,177
8571,161,-1.340433580,-0.217468380,8.618828763,-1.553290171,-0.958402765,8.431440979,11,220
8572,161,0.287590803,0.084510855,2.276863108,0.831479498,-0.493710327,2.343820936,12,228
8574,161,-0.955605209,-0.526721828,2.779788256,-0.473806705,-1.093424068,2.673437045,11,173
8575,161,-1.047113611,-0.473498272,2.800106068,-0.566142630,-1.038901889,2.684425986,5,173
8576,161,-1.230010853,-0.436932016,2.877119014,-0.756307719,-1.000826401,2.740166297,20,197
8579,162,-1.002925624,0.464525207,3.000567395,-0.449817213,-0.095538933,2.884258710,6,224
8584,162,3.137061729,-1.871416886,6.859894970,3.114262486,-2.815312193,7.054474458,3,164
8585,162,2.207342149,-2.002939909,6.621434857,2.210463209,-2.883591558,6.712385548,5,166
8586,162,0.239299395,-1.016468922,3.882122589,0.608360385,-1.679007108,3.825797278,3,165
8604,163,-0.606103435,0.081389034,6.875533509,-0.414026608,-0.647219288,6.731514076,7,189
8606,163,4.760768455,-1.429167671,9.041766757,4.582921383,-2.648010231,9.340155160,18,187
8610,163,-1.037192847,-0.720898077,2.799685917,-0.487036296,-1.252826962,2.599935054,3,167
8611,163,1.772208639,-0.706051002,3.266073988,2.254427472,-1.471263687,3.339622006,7,169
8612,163,1.984417786,-0.684235414,3.376771552,2.455357891,-1.470122269,3.471486544,8,170
8615,164,-3.027861261,-1.372884413,6.867357912,-2.856961221,-1.801525407,6.435275278,7,178
8621,164,-1.143308861,-0.461115808,2.972316590,-0.553989835,-0.957703991,2.755805908,4,188
8627,164,-3.198835552,-0.547400528,7.812720575,-3.043997634,-0.988561086,7.388413680,4,178
8636,164,-1.287209358,0.394117085,6.667674684,-0.963433190,-0.187098427,6.449899207,6,212
8638,164,1.740502589,-0.738860383,3.359952295,2.248767857,-1.493394034,3.389333702,6,171
8643,164,0.467388055,-0.371445808,2.701528968,1.076559121,-1.000758086,2.632648914,21,187
8644,164,4.362450487,-1.387790086,8.602076153,4.316154156,-2.499072362,8.819813246,18,187
8650,165,-1.570015853,0.722472716,7.942870526,-1.279168391,0.164753271,7.723472147,5,226
8654,165,-2.591402176,-0.032196970,5.696531669,-2.166634647,-0.442993075,5.377871448,5,197
8655,165,1.736444232,-0.483055709,3.446396196,2.282481336,-1.216466855,3.479518723,16,187
8658,165,1.645311101,-0.695964772,3.364709077,2.180805132,-1.418538864,3.383930256,6,170
8665,166,1.644513675,-0.464278778,2.990150787,2.261070618,-1.158094822,2.991307687,11,185
8666,166,-1.102958240,-0.627690735,2.881233373,-0.473458652,-1.078470069,2.670094408,6,172
8667,166,-1.158012057,-0.506842997,3.046152243,-0.530705520,-0.957254871,2.833993781,18,187
8668,166,-1.280913325,-0.491978960,2.713581330,-0.625598391,-0.923778793,2.493694252,27,199
8669,167,-0.029568079,-0.709606564,3.492015798,0.566721691,-1.200393008,3.361071210,16,198
8675,168,-1.836407646,-0.362169369,3.782919706,-1.208877206,-0.689274311,3.530388073,4,177
8678,168,-1.058425371,0.518388024,5.164031819,-0.485659673,0.159022590,4.960582877,3,192
8679,168,-1.133669106,-0.634790579,2.656217331,-0.443859631,-1.003562631,2.456333614,14,187
8680,168,-1.437871644,-1.300941940,6.515937726,-1.050367839,-1.630921801,6.286778315,14,197
8684,169,0.656872851,0.086223761,7.779734215,1.059127176,-0.269301494,7.673946713,20,215
8686,169,0.809258848,-0.698350710,5.101940593,1.350675665,-1.093649529,5.019741169,17,220
8688,169,1.755258217,-0.751204982,3.487759727,2.396725655,-1.208616709,3.471887747,12,186
8691,170,-0.038056383,-0.139090328,2.065685544,0.745306523,-0.505459308,1.917483560,8,193
8696,170,0.280191130,-0.597876414,2.643395152,1.010193502,-0.964457090,2.521363074,12,187
8697,170,-1.500944140,0.167776790,7.024619215,-0.996616322,-0.042896518,6.773095945,5,226
8698,170,0.327761769,-0.318877061,2.367376344,1.085118707,-0.693099701,2.243799805,7,215
8700,171,-1.844779463,-0.656580385,9.657828479,-1.463837951,-0.806700215,9.404270627,6,221
8701,171,-1.206631021,-0.778771421,2.667796881,-0.459672263,-1.068783606,2.461240352,11,195
8702,171,-1.322000749,-0.420015476,2.816343087,-0.569657470,-0.703713799,2.598022176,5,186
8703,171,-1.684860757,-0.293492917,3.290930136,-0.952405080,-0.556435763,3.050483951,3,177
8711,171,-0.182573576,-0.038492341,4.237518283,0.505686179,-0.339100647,4.072568346,3,192
8717,172,-2.380703560,0.031951748,6.775633844,-1.769757759,-0.039126158,6.443574131,3,177
8719,172,-0.691318934,0.087766425,1.622355646,0.168998218,-0.242855479,1.382632370,4,179
8720,172,-1.148681674,-0.338042656,2.620315899,-0.353826382,-0.612540813,2.370764906,3,177
8721,172,-2.055234091,-0.802797303,8.905715947,-1.583588221,-0.806566968,8.615292719,4,221
8722,172,0.140714002,-0.364960812,2.288424919,0.947907711,-0.703629891,2.105042210,37,227
8723,172,-0.606907565,-0.144432728,1.244913852,0.261826489,-0.492127564,1.018283123,7,185
8724,172,-0.745679965,-0.218088468,1.576175412,0.104142094,-0.547780080,1.344558463,8,185
8728,172,-0.154726544,-0.717683805,3.791515258,0.565185851,-0.988083902,3.602903715,12,198
8734,172,0.635945726,-0.865288909,4.396313049,1.318620374,-1.144806758,4.251367006,15,195
8736,172,-1.203622512,-0.048814579,6.702807167,-0.594962891,-0.169837180,6.432694621,5,206
8740,173,-1.723112228,0.439395347,4.197010900,-0.947151407,0.274273770,3.908259572,3,178
8744,173,-1.984902187,-0.220777274,7.939604548,-1.403561114,-0.242726808,7.654693834,7,228
8747,173,-3.231992590,0.670148056,8.647413140,-2.630834108,0.735065981,8.277347574,6,216
8748,173,-2.491764402,-0.235094795,5.987160033,-1.826412133,-0.297874576,5.683067697,5,196
8749,173,-2.222053233,0.911168952,5.532621703,-1.477109558,0.816689175,5.204522881,5,219
8751,173,-0.789365562,-0.176647461,1.586853145,0.063523536,-0.478279692,1.363359863,5,187
8755,173,-1.287595663,-0.672337675,2.938997559,-0.517713529,-0.900940596,2.707144732,14,198
8757,173,-1.376676466,-0.339153747,3.192648148,-0.599786761,-0.555100922,2.945775085,2,177
8759,173,-0.680050604,-0.129837155,2.981709134,0.115346117,-0.389337254,2.759485881,5,208
8761,174,-2.772877843,-0.924543553,6.740314236,-2.128527345,-0.872519242,6.456408770,4,186
8762,174,-0.745294412,0.911967253,2.188856677,0.180061906,0.659098780,1.926045172,7,230
8765,174,-0.221194375,-1.177616316,4.573936390,0.472061650,-1.377865320,4.394882750,9,196
8766,174,0.237667953,-0.459901968,2.966858618,1.035854587,-0.750101075,2.783542604,31,221
8769,175,-3.631190646,1.102752773,8.971596832,-2.826298528,1.349633677,8.596343379,5,204
8771,175,-1.451306287,0.113489059,7.272186396,-0.687939650,0.132385855,6.995011621,4,224
8772,175,-1.073346218,-0.608459772,3.644119756,-0.274342786,-0.748563658,3.406168206,13,202
8773,175,-0.639853669,-0.860728899,4.147371882,0.124756995,-1.015301043,3.929989489,15,198
8774,175,0.050985212,-0.303996879,2.444799066,0.901129992,-0.576471789,2.229802161,11,228
8775,175,-0.201399539,-1.011298583,4.087880276,0.551371830,-1.201614675,3.888281955,10,195
8778,175,-0.709541555,-0.218627822,2.373933882,0.151785387,-0.434796549,2.134295603,5,212
8780,175,-2.275738989,0.274734016,8.059381333,-1.517183381,0.385908912,7.752273782,8,215
8785,175,0.177732452,-0.674970685,2.714653601,0.991222763,-0.946102801,2.515746396,10,187
8789,175,1.498363914,-0.836610657,3.659262325,2.270131420,-1.175520047,3.502782848,8,187
8791,176,-1.220144756,-0.530342629,2.963362201,-0.378932988,-0.663715003,2.723134356,3,182
8792,176,0.094610983,-0.258735608,2.793641117,0.956005414,-0.501336949,2.572365978,5,228
8793,176,-0.022139251,-1.065553212,3.490112398,0.763378762,-1.264639630,3.300323049,21,200
8794,176,-0.602005095,-1.369242739,4.355004328,0.144719916,-1.483803112,4.163884499,3,183
8796,176,0.009357626,-0.653711436,2.771416372,0.840894827,-0.889239270,2.565343111,12,200
8798,176,-0.071004632,-0.398073882,2.418833426,0.787563281,-0.644366572,2.200217799,6,227
8800,176,-0.233521895,-1.252601164,4.622265262,0.515755978,-1.383738072,4.434315193,7,186
8801,176,0.205988932,-0.395947266,2.578715610,1.060667173,-0.656212923,2.366248514,8,221
8802,176,-2.350777350,-2.793725003,8.135682121,-1.783645130,-2.598498937,7.961217795,11,195
8803,176,0.032517457,-0.319048411,3.105654240,0.883258343,-0.542595387,2.885177477,4,183
8804,176,0.154361915,-0.655331253,2.678125794,0.987159186,-0.906144046,2.475604794,5,187
8805,176,-0.039594445,-0.205787473,2.122672515,0.839625377,-0.468594974,1.896794281,3,183
8806,176,0.184534278,-0.400352564,2.537018763,1.039766557,-0.660841033,2.324295197,21,221
8807,176,0.250950133,-0.396464106,2.401616676,1.108954667,-0.668150689,2.190431515,27,221
8814,176,0.028402811,-0.205617434,1.993107794,0.909986342,-0.479466036,1.768959124,6,228
8815,176,3.476013672,-2.038594700,7.937950954,4.086883592,-2.300682149,7.866293151,9,187
8819,176,1.465786138,-0.865990651,3.624620875,2.259327460,-1.173540579,3.460567123,10,187
8821,176,1.640622143,-0.866132000,3.488266936,2.436296098,-1.193195020,3.328446537,6,186
8824,177,-2.587683177,0.917758851,8.771230304,-1.756548698,1.158671866,8.411837548,3,231
8826,177,-1.903720467,-0.577609540,4.896214608,-1.086976804,-0.565072591,4.630295960,2,179
8827,177,-0.031874836,-0.378323876,2.460750983,0.838523971,-0.593817300,2.228916270,10,228
8829,177,-2.482820426,0.120492621,7.403053935,-1.671961110,0.289236657,7.086898465,2,182
8830,177,-1.517364917,-0.321297815,4.614963335,-0.681355997,-0.345348217,4.345231843,2,182
8831,177,-1.409822168,-0.562245655,2.748458094,-0.552851910,-0.685159625,2.495508072,3,183
8832,177,-0.639115161,-0.827143460,4.115806126,0.175638194,-0.924244082,3.890478169,4,221
8833,177,-0.784254875,-0.746310350,4.125414334,0.035218417,-0.834981356,3.892987760,9,220
8835,177,-0.175700999,-0.429525120,2.904409579,0.683710144,-0.614546475,2.671345318,5,228
8837,177,-1.377464330,-0.548615634,2.838033283,-0.521449846,-0.668905074,2.584985565,2,182
8839,177,-1.689266932,-2.091379066,7.046549959,-1.000018619,-1.978912124,6.856262416,15,202
8840,177,0.131568122,-0.619799612,2.761908020,0.982177971,-0.828731223,2.544983778,14,198
8841,177,-0.859610768,-0.776220876,4.491661367,-0.048578335,-0.842215995,4.258550072,4,221
8845,177,-0.779138939,-0.275241599,3.023760876,0.087982795,-0.420721128,2.769966538,2,180
8848,177,0.142476778,-0.303617584,2.822551792,1.010062706,-0.511026224,2.590301716,5,227
8849,177,-0.017077417,-0.540815087,2.544735058,0.842402226,-0.752473279,2.321051614,11,200
8850,177,-0.196056552,-1.298984431,4.090282550,0.591309007,-1.420986317,3.897634580,9,186
8854,177,-1.556138345,0.068894688,7.144169163,-0.745075047,0.172601364,6.850886209,3,189
8856,177,-0.238279107,0.233379476,7.482594780,0.573474900,0.279309603,7.209187069,4,219
8861,178,-1.059944230,-0.190091995,3.399757120,-0.185112288,-0.289149964,3.131206396,2,183
8862,178,-1.095479107,0.048747003,2.279962927,-0.191098746,-0.103344218,2.000858565,5,200
8864,178,-2.475946738,-0.108497818,6.057535757,-1.640409456,-0.016996400,5.754858542,2,182
8865,178,-1.586309102,0.200924482,4.322699335,-0.708800201,0.168790352,4.024412885,2,179
8866,178,-1.528293914,-0.095054149,5.714212625,-0.687482724,-0.061898489,5.429263970,6,226
8867,178,-1.607022567,-0.717669169,2.882642633,-0.746572824,-0.816483146,2.629487794,10,198
8868,178,0.137397664,-0.757693636,2.574901598,0.999208352,-0.948109547,2.357034093,18,205
8871,178,-2.393540811,-2.475320927,8.546151353,-1.706104243,-2.262183940,8.354217511,11,197
8872,178,-0.042607002,-0.711558801,2.814330113,0.817465281,-0.882581381,2.590554182,9,198
8873,178,0.293954617,-0.530333432,2.452673404,1.167843171,-0.734034007,2.227124759,16,198
8874,178,1.153755033,-0.678965584,3.486988107,2.002631751,-0.870254759,3.283404603,12,222
8877,178,0.139686748,-0.244149811,2.062535475,1.033145499,-0.460512666,1.820984565,6,228
8884,179,-0.182970023,-0.383607201,2.648981692,0.714664333,-0.526692126,2.396076314,2,183
8885,179,-2.982574329,-2.376146575,8.980090429,-2.228045472,-2.069216603,8.787634224,2,184
8886,179,-1.225158960,0.457979293,9.532582887,-0.368955176,0.721921212,9.211142309,3,217
8891,179,-0.750006868,-0.803637469,5.042054041,0.105963085,-0.795933204,4.800601946,3,221
8894,179,-4.369432567,-0.915120873,8.326318229,-3.550476537,-0.593934820,8.039229453,2,182
8895,179,-1.381261431,-0.579290103,9.655405606,-0.566184415,-0.300609593,9.386962047,6,226
8899,179,-1.224667218,0.004350622,3.425838806,-0.319694190,-0.058454337,3.137700958,2,180
8902,179,-1.806637779,-2.093152990,7.316911028,-1.024121032,-1.920595167,7.127045331,11,198
8903,179,-0.021880770,-0.638471338,2.742947292,0.864797194,-0.782060943,2.505538185,15,200
8905,179,-0.378003895,-1.377924906,4.334375156,0.463241748,-1.421037833,4.129336098,4,186
8910,179,0.146934242,-0.284322486,2.150153878,1.053535567,-0.466877454,1.896965145,7,228
8911,179,0.118779074,-0.770670162,2.737769550,1.000313001,-0.919576310,2.509215142,7,189
8912,179,-1.070551932,-0.333589102,5.748704733,-0.203899335,-0.276845526,5.477050810,3,207
8913,179,-0.059199073,-0.716647772,3.000507734,0.821706850,-0.844834598,2.766391175,26,225
8914,179,-0.962982491,-0.666610119,5.354572624,-0.104957955,-0.634369653,5.102616033,8,221
8922,179,1.951518144,-0.294279444,7.926851282,2.793644874,-0.235121220,7.688783835,4,215
8926,180,-1.720729506,0.228434318,4.767961922,-0.786698105,0.318031425,4.426576128,2,184
8927,180,-2.882165708,-2.508891497,8.089724686,-2.046623767,-2.152546526,7.917253203,10,197
8928,180,-1.832934670,-0.106013716,6.361155543,-0.916242064,0.095315576,6.037888454,3,183
8932,180,-1.138874066,-0.554497398,9.311144987,-0.249466058,-0.174172720,9.015820836,3,207
8937,180,-0.060066629,-0.658550470,2.689345871,0.855124615,-0.757150583,2.423181583,13,200
8939,180,-0.820046911,-0.347596901,2.587508717,0.105536208,-0.430804454,2.295712443,5,212
8940,180,-1.219530892,-0.646324765,5.421182013,-0.315575958,-0.525536054,5.140395309,2,184
8942,180,0.006100652,-0.602393500,2.347391231,0.924512076,-0.726212114,2.078663250,24,227
8945,180,-1.333656480,-0.370397339,4.218053479,-0.415792597,-0.328002266,3.920716707,3,204
8946,180,-2.524566709,-2.380670215,7.296962803,-1.681718710,-2.088993867,7.120011393,11,197
8947,180,-2.004688197,-2.247373873,6.977447096,-1.156565277,-1.993410953,6.795651028,12,197
8948,180,-1.900208273,-2.464469141,7.014427025,-1.058982403,-2.210595749,6.847826425,11,200
8954,180,0.360041883,-1.519307329,5.675927536,1.235229088,-1.426985925,5.463560634,10,196
8955,180,-2.236202626,-0.503070913,9.465618889,-1.345369415,-0.079105842,9.159330270,4,214
8957,180,-1.189923075,-0.470512658,5.030594375,-0.278830834,-0.377436990,4.739070395,3,188
8961,180,-0.319218891,-1.189557423,4.188683867,0.573073203,-1.177745972,3.953112701,14,197
8963,180,-0.613942612,-0.795779463,3.729149027,0.292659424,-0.807063748,3.466226447,5,187
8964,180,-0.046856910,-0.669086605,2.626744032,0.868282626,-0.772279819,2.361517411,12,197
8974,180,-2.503049607,-0.522648131,7.262428822,-1.602872181,-0.239042226,6.960751245,2,182
8978,181,-0.690276154,-0.345580008,1.523886068,0.248280355,-0.493797573,1.213085673,3,216
8980,181,-1.402629506,-1.128212380,8.894837238,-0.478204465,-0.685277602,8.621623794,5,186
8981,181,-0.415318361,-1.538993339,4.616339737,0.495062280,-1.450942513,4.388944472,3,184
8989,181,0.031984570,-0.788875769,2.728783913,0.959915903,-0.860785062,2.449550607,7,187
8990,181,-2.449367500,-2.436933482,7.854183087,-1.558765816,-2.043503782,7.684083809,5,186
8992,181,1.547102727,-2.289062843,7.465589739,2.439879501,-2.028040343,7.290077083,9,189
8994,182,-1.424718795,-0.787909767,2.904043324,-0.473110975,-0.812824402,2.609116595,5,188
8995,182,-0.019601070,-0.920964651,3.427306430,0.930268722,-0.990309423,3.123789494,14,200
8996,182,-0.312680046,-1.350785970,4.194247448,0.625686601,-1.356604678,3.918709424,12,198
8997,182,0.164731892,-0.609839122,2.161169533,1.112704529,-0.766465603,1.839074935,14,225
8998,182,0.755544688,-2.264343804,6.911698885,1.682557857,-2.161591638,6.674658163,2,185
8999,182,-0.075211737,-0.418591687,2.382624791,0.886575137,-0.549471905,2.051136699,6,196
9001,182,0.380901297,-1.384416243,5.604952349,1.336767768,-1.342882157,5.321010981,13,198
9003,182,-1.280556189,-0.904353787,7.940118846,-0.262689328,-0.633487208,7.641010834,6,187
9004,182,0.329030991,-1.583212431,5.549893454,1.273531127,-1.541519025,5.278744484,16,198
9005,182,0.832968668,-2.521160170,8.017498443,1.762070248,-2.355187393,7.793112563,11,192
9006,182,-0.468113305,-1.488375856,4.375564947,0.465739154,-1.474375004,4.109794418,8,196
9008,182,-0.121016049,-0.437592593,4.063444962,0.864094114,-0.464714517,3.730400318,5,188
9010,182,-1.713721940,0.225082080,5.091504508,-0.675807617,0.344249998,4.733911794,9,231
9011,182,0.656272057,-2.091625174,6.985448048,1.593757125,-1.979605603,6.738854988,4,191
9012,182,1.812609064,-0.954220972,7.987063968,2.823716128,-0.848493021,7.656364236,6,220
9013,182,-0.171002309,-0.527821195,2.526819507,0.787161943,-0.644452449,2.202776891,5,227
9014,182,-1.009161823,-1.160108869,4.029766721,-0.061880924,-1.138602286,3.750708269,14,199
9015,182,-0.116221582,-0.380114932,2.553180907,0.850152810,-0.498623280,2.219480062,4,228
9018,182,0.870444451,-2.452872411,8.535835601,1.810631750,-2.257951427,8.305877625,14,196
9020,182,0.198974088,-1.122621525,4.212822004,1.149045329,-1.155884784,3.917638918,6,196
9022,182,-0.466768934,-1.493437189,4.702660964,0.471533485,-1.459797542,4.436556031,14,196
9023,182,0.018761756,-1.810269093,5.703954002,0.953799183,-1.741686356,5.449802668,3,184
9024,182,0.073994084,-2.610812694,8.135775953,1.001169525,-2.396168498,7.925098174,9,192
9025,182,0.070778407,-0.526372890,2.659009570,1.030556530,-0.648191496,2.331925332,5,221
9028,182,2.834599597,-0.482729131,6.974333018,3.854770202,-0.495084270,6.605448952,5,224
9029,182,0.001991918,-0.456445557,2.301406322,0.960458903,-0.596287798,1.971517473,6,187
9041,182,1.461959090,-1.063876551,3.697137428,2.405785434,-1.197033741,3.385263351,4,186
9043,182,1.246445023,-1.088781761,3.809943259,2.190897935,-1.203350273,3.501776024,4,186
9044,182,1.270741969,-1.013625217,3.757692283,2.218429730,-1.132908216,3.444776645,4,187
9045,182,1.078327349,-0.924194685,3.172897120,2.022658795,-1.068525497,2.857805441,4,185
9046,182,1.017961763,-0.845660574,3.891784480,1.976974574,-0.943683176,3.571204343,8,191
9047,182,1.181147074,-2.028917059,6.987656222,2.121215125,-1.945500868,6.731378890,8,189
9048,182,0.067000477,-0.730395849,2.553938919,1.014335961,-0.857663301,2.239524369,6,187
9049,182,2.119211786,-1.549462367,5.455617496,3.061400611,-1.610862395,5.162604461,6,187
9050,183,-4.219615797,-0.824059722,7.092539420,-3.139518011,-0.511725575,6.854634715,3,186
9052,183,-3.081563437,-0.912418891,7.383362139,-2.003029197,-0.665239859,7.123660576,2,186
9059,183,0.065049075,-1.823838183,6.701297745,1.057053360,-1.817113085,6.412218327,12,196
9060,183,-2.156654870,-0.991567459,5.320597378,-1.137682986,-0.893930882,5.046259516,3,186
9061,183,-0.736822924,0.043600063,7.252387154,0.396638952,0.122196051,6.899000335,4,206
9063,183,-0.097353104,-0.417696757,2.581290403,0.886021434,-0.577543294,2.239415493,27,228
9064,183,0.327155396,-1.065238499,4.662088285,1.318215084,-1.164531182,4.336530528,9,194
9068,183,-2.206036750,0.494860798,4.614932086,-1.104754607,0.561432692,4.277687055,4,201
9069,183,-0.631026557,-0.326712993,5.347511256,0.429381437,-0.334192217,5.010213821,4,192
9070,183,0.168776993,-0.613142012,3.173832044,1.153222827,-0.765620722,2.833856381,26,221
9071,183,0.051731546,-0.603374875,3.121157758,1.035811602,-0.750111342,2.783421496,25,221
9072,183,-0.215965617,-0.498617174,2.976073699,0.772199641,-0.633519759,2.639892868,9,196
9073,183,1.125065011,-0.747598116,4.236536419,2.124721833,-0.920244090,3.879890367,7,208
9076,183,0.364616123,-1.663133309,5.537847479,1.337402648,-1.726258019,5.236491901,6,194
9077,183,-3.883136256,0.689250642,9.480725545,-2.642138787,1.074112577,9.166450230,2,186
9078,183,0.037869635,-0.511406250,2.831834778,1.020894501,-0.669650540,2.490741283,4,221
9086,184,-0.017525643,-0.565777988,2.609730484,0.964743005,-0.698925444,2.266231694,5,227
9087,184,-2.015384538,-2.284637938,6.904926697,-1.005137476,-2.115972716,6.682811606,4,187
9088,184,-0.900810778,-0.314366350,3.158864940,0.106555855,-0.381634493,2.821020266,3,190
9089,184,-2.880765458,-2.285001341,7.255796963,-1.861193269,-2.060309925,7.051680614,6,197
9090,184,-2.319318736,-2.193826424,7.368701399,-1.293774781,-1.989198926,7.147920856,11,197
9091,184,-0.551731484,-1.351108377,4.867485995,0.449802466,-1.349145352,4.570929062,7,195
9092,184,-0.187500162,-0.534035910,2.771145575,0.800178502,-0.651771169,2.429476072,10,198
9093,184,-0.192840814,-0.905368015,3.423792854,0.793868896,-0.990456461,3.099637984,7,197
9094,184,-0.032106634,-0.795110965,2.780290148,0.944102476,-0.918841882,2.448186488,8,195
9095,184,-2.939165894,-3.459272427,9.178764296,-1.925924293,-3.136289568,9.031126058,5,193
9096,184,-0.810270931,-0.399332298,7.540680547,0.296425759,-0.258392673,7.198746338,3,190
9097,184,-0.185599152,-0.616957479,2.732381766,0.797514560,-0.736473169,2.394824839,11,197
9099,184,0.153798152,-0.650292708,3.202794384,1.146098744,-0.762276257,2.858950970,8,225
9100,184,-0.042077468,-0.347533413,2.617120121,0.950001788,-0.479693836,2.263352154,4,188
9101,184,-0.977399158,-0.791050635,4.234997843,0.034422500,-0.801727522,3.920781303,11,220
9102,184,2.425401891,-1.046479641,4.727639865,3.433339389,-1.186265320,4.352625927,9,193
9103,184,-0.531029575,-0.850068765,4.204064938,0.476909526,-0.882251355,3.883272198,21,211
9104,184,0.828119147,-2.441031726,9.722734595,1.894291173,-2.263907959,9.443507577,8,197
9105,184,-0.530301406,-1.455785050,4.486097702,0.457617601,-1.473020905,4.194807731,3,186
9106,184,-0.047708411,-0.509928829,2.641831197,0.937811959,-0.640283139,2.296171346,7,192
9107,184,0.011368451,-1.730888342,6.022813996,1.022690043,-1.697572096,5.731315109,10,195
9108,184,1.070508835,-1.259790814,4.669999405,2.069389292,-1.340773910,4.334556615,4,187
9110,184,0.666929479,-0.858810578,6.807790320,1.734302683,-0.818983293,6.458059137,22,225
9111,184,0.953950307,-0.792524348,4.070406613,1.959423541,-0.898296941,3.715236809,7,193
9112,184,2.127227717,-1.002153171,4.592677296,3.134309875,-1.135117038,4.222039667,9,195
9113,184,0.049582449,-0.316547537,2.198222759,1.033047105,-0.473188204,1.841572808,3,228
9115,184,0.412351961,-0.781736382,5.206947750,1.445738417,-0.808083296,4.861168742,7,225
9118,184,1.268344900,-1.048503756,3.835897816,2.256637109,-1.179250706,3.486998181,4,187
9120,185,-0.871254512,-0.367385600,3.061958533,0.126679067,-0.428309904,2.688679970,2,187
9121,185,-0.204039939,-0.603930366,2.669763147,0.781370182,-0.702545721,2.299938160,4,196
9124,185,-1.671953028,0.256817659,4.044137450,-0.642271619,0.268814455,3.646884393,3,188
9125,185,-0.393017494,-1.129100005,4.019953577,0.602865565,-1.147363463,3.680084218,5,196
9126,185,0.990173472,-2.145849160,7.214074449,2.015403774,-2.019471060,6.903989983,7,197
9127,185,0.066446389,-0.573430708,3.031196820,1.058578628,-0.658750396,2.654853402,5,221
9128,185,0.168583224,-1.285511336,4.558032006,1.169623170,-1.287520476,4.217234193,7,195
9129,185,0.329613198,-0.413255963,0.777133609,1.287300711,-0.630115248,0.391541688,11,213
9130,185,0.320232436,-1.003072303,5.304712500,1.340532755,-0.967999780,4.944556329,3,217
9133,185,-0.189545480,-0.291919183,4.328706311,0.831315732,-0.299635615,3.938480921,5,224
9134,185,-0.217953323,-0.564179803,2.739878480,0.769590866,-0.658644696,2.367936669,7,227
9136,185,-2.857138753,-0.281670940,9.784122034,-1.742620622,0.078203698,9.425721457,5,221
9138,185,-0.112877981,-0.471324297,2.615919102,0.874725501,-0.575406558,2.237372428,10,228
9140,185,-0.168143710,-0.176583771,4.312236418,0.855163334,-0.185950234,3.915275825,5,227
9141,185,1.274922807,-2.234414376,6.877913909,2.292246892,-2.133487250,6.568895838,3,187
9142,185,1.363138668,-1.081172224,3.774254356,2.355256787,-1.156332116,3.404776732,3,187
9144,186,-1.631454681,-0.773425500,2.909453532,-0.648967360,-0.800272819,2.545992870,6,198
9146,186,-0.681663093,-0.325138958,1.724980986,0.295515784,-0.447037263,1.325658354,3,227
9154,186,0.299097360,-1.352424273,5.077821224,1.295692274,-1.295758866,4.722430716,6,196
9156,186,0.269580139,-0.733547864,3.488528758,1.259947521,-0.772477360,3.099276811,7,225
9160,186,1.556869016,-1.009760126,3.784199947,2.544091225,-1.062004110,3.395885188,7,198
9162,186,-2.407010551,-1.989805624,8.739579373,-1.376293181,-1.646501960,8.447376455,18,209
9163,186,0.550940582,-2.331517833,7.346232957,1.554069571,-2.143351896,7.042466971,3,189
9165,187,-0.426238606,-1.031652184,4.010612243,0.563080506,-0.994936437,3.645837920,9,198
9167,187,0.070201331,-0.700510660,2.813183470,1.049676433,-0.756091672,2.422677845,7,198
9168,187,0.138049670,-0.169035540,4.021971711,1.146692161,-0.146894776,3.592167180,3,227
9169,187,-0.529789957,-1.335175402,4.347361683,0.457562568,-1.272819168,4.003464211,5,197
9170,187,0.875562251,-0.121823859,2.751795006,1.866863878,-0.201751501,2.312383585,4,230
9172,187,0.554177845,-2.106229797,7.055793763,1.562520249,-1.886582920,6.743441947,2,190
9177,188,-0.736132845,-0.437503123,2.664949603,0.218025570,-0.494105637,2.285169878,2,190
9179,188,-0.973381261,-0.331216651,3.017294739,-0.015407229,-0.363033592,2.631666584,3,211
9182,188,-2.644599552,0.073137716,6.598435224,-1.655679635,0.285795144,6.191100234,3,204
9183,188,-0.440450245,-0.212243643,3.160742799,0.519888707,-0.241633690,2.763832064,2,192
9184,188,1.155514966,-2.153026127,7.084789128,2.122054213,-1.950514465,6.791818333,2,189
9187,188,0.404549380,-0.961258406,5.096575921,1.370336594,-0.877361198,4.737429359,8,226
9190,188,0.227215358,-0.733702648,2.889847905,1.179523002,-0.787033494,2.521959072,6,225
9193,189,-2.239638893,-0.199438161,7.905352006,-1.322839127,0.001548840,7.480849271,2,190
9197,189,-1.452394825,-1.016769664,6.362451507,-0.522572697,-0.891991083,5.987702928,5,225
9202,189,-2.393871862,-0.050710313,9.573259686,-1.484949046,0.239835804,9.137582052,2,192
9205,189,-0.188054083,-0.782217973,2.692474032,0.754295637,-0.847328518,2.314840394,9,200
9215,189,0.136781782,-0.481692218,2.750591541,1.076338156,-0.541266866,2.357579075,4,214
9223,189,0.157871520,-0.323452737,1.956881485,1.099236644,-0.426450958,1.556484118,3,214
9228,190,-2.361967886,-0.919906865,5.174033562,-1.471155512,-0.916217715,4.752339682,9,206
9237,190,-1.507212528,-0.580091329,6.388887549,-0.638854658,-0.514869175,5.964010498,5,228
9243,190,-0.158622479,0.232488336,9.709711685,0.649931695,0.453570487,9.266737876,3,228
9246,191,-2.176657895,-2.240143962,7.547818153,-1.314062118,-2.122257416,7.187865091,5,196
9247,191,-0.014723603,-0.699679576,2.759261123,0.916783619,-0.763145457,2.376065965,8,198
9248,191,-0.150314028,-0.869444356,3.150522636,0.776169562,-0.917431851,2.771936918,8,198
9256,192,-1.934649347,0.538357802,5.896993783,-1.157868274,0.486611738,5.410405709,2,195
9262,192,-1.978947065,0.148711480,8.382328957,-1.259508724,0.191462054,7.907050128,3,226
9279,192,-0.804971770,0.242716884,7.874021958,-0.076251291,0.321337446,7.429069746,2,197
9282,193,0.470487964,-0.423270373,7.472185557,1.060599239,-0.289971960,7.121457953,5,215
9286,193,0.041061656,-0.597390057,2.543452863,0.949519100,-0.687389176,2.188218516,8,228
9292,194,-0.177046476,-0.361212617,9.286298349,0.253706197,-0.248866178,8.872120059,3,207
9303,195,-2.354590496,1.037526909,4.624867249,-1.688608016,0.818702590,4.029399544,2,196
9306,196,-2.112836784,-0.215992277,9.798786827,-1.567797201,-0.099896300,9.262959534,3,223
9316,197,-0.042398272,-0.637636877,3.079725495,0.858546423,-0.690456567,2.639604579,13,220
9318,197,0.114107142,-0.865469200,3.598638017,0.999886440,-0.889178333,3.174585305,18,221
9325,198,1.278898127,-0.672711187,8.201383038,2.012093158,-0.434483649,7.744607587,2,199
9326,198,-0.963853487,-0.756515534,6.690439369,-0.171835728,-0.648517459,6.162029661,2,199
9327,198,-0.084687128,-0.543538938,2.756486387,0.843451299,-0.598562726,2.255499825,9,228
9331,198,0.507848540,-1.007890908,5.357622541,1.352820285,-0.923782083,4.895084294,3,221
9334,198,3.271370359,0.368251283,6.215109163,4.048849298,0.563526727,5.781336825,4,208
9338,198,-1.597780503,0.542813424,3.174476044,-0.710029285,0.466155024,2.567593648,2,201
9349,199,-0.232532347,-0.570952054,2.916220337,0.711349861,-0.621723545,2.413561473,8,228
9359,200,0.129778544,-0.432321776,2.267650829,1.107744609,-0.502074293,1.732965648,6,228
9367,201,-0.568967293,-0.096260916,1.628666972,0.415152247,-0.204977800,1.052412185,3,215
9371,201,-0.066505749,-0.523326453,2.783016640,0.900911536,-0.576570230,2.232807335,4,228
9383,202,0.042503787,-0.456844253,7.388449250,0.972637638,-0.286651261,6.827418573,4,219
9407,204,0.967633192,0.195409090,7.796079166,1.949653837,0.359558894,7.239715521,2,205
9412,204,-1.247314543,-0.477671015,8.834795042,-0.272597581,-0.238500043,8.308305767,3,211
9413,204,0.524711831,-0.452699958,5.536788257,1.499588143,-0.391078305,5.013821375,2,205
9414,204,0.261600351,-0.938629312,5.370037934,1.231119781,-0.881500752,4.870394670,5,221
9416,204,1.360555315,0.273469053,6.823658670,2.343412506,0.386613659,6.264879677,2,205
9419,204,-0.961747354,-0.893756617,4.825433231,0.008341579,-0.849254499,4.323621318,4,221
9420,204,1.248570707,-0.920190799,3.425536538,2.218228703,-0.967111142,2.927761669,5,210
9421,204,1.301644018,-1.041591102,3.742288163,2.269957352,-1.073780849,3.249991590,4,207
9423,204,1.420661597,-1.072398752,3.756851491,2.388627077,-1.105168182,3.266076287,3,206
9424,204,1.244313095,-1.042007762,3.668039933,2.212625136,-1.077119790,3.175818303,4,207
9427,205,0.589796208,-0.941380584,5.548444089,1.567224759,-0.842818806,5.052391155,4,215
9429,205,1.918741564,-0.740578018,4.873184894,2.897740017,-0.693473829,4.366958710,3,213
9436,205,-2.480028970,-0.052002091,9.109061715,-1.492360416,0.276825630,8.556410776,3,215
9439,205,-2.248791328,-0.126715568,8.331714288,-1.262191511,0.155860033,7.784587239,3,215
9444,205,-0.062872285,-0.654320143,3.000170006,0.916224131,-0.694710080,2.491855538,16,221
9445,205,0.115640912,-0.742363076,3.684782326,1.094184263,-0.745434935,3.180382756,12,221
9446,205,1.244445286,-1.066679431,3.771204833,2.219861483,-1.075149204,3.285209082,4,208
9448,205,1.197142370,-1.850635925,7.322980504,2.166593674,-1.655603126,6.875776106,2,206
9449,205,1.404553589,-1.075680344,3.806785396,2.379891605,-1.083652446,3.321260665,3,207
9450,205,1.220374568,-2.065419484,7.317843702,2.187760949,-1.870544977,6.882850459,2,206
9451,206,-2.016141116,-0.169965147,6.934392091,-1.020875720,0.039581049,6.399378813,3,213
9457,206,-0.067957426,-0.507387766,2.736226227,0.911806711,-0.560353045,2.223413292,5,228
9458,206,-0.235825332,-0.593337104,2.871760776,0.744838519,-0.638028009,2.364922158,8,227
9459,206,-1.219701390,0.952379468,3.651962159,-0.242234201,0.950991323,3.048055399,2,207
9461,206,1.555841261,-2.128876872,7.262141918,2.560404873,-1.880399117,6.837464051,2,207
9462,206,1.414699027,-1.096143365,3.758472726,2.400959536,-1.076276118,3.275144466,2,207
9463,206,-0.872139871,-0.758807809,4.834291485,0.117092639,-0.679053564,4.336737450,5,221
9464,206,1.400060498,-1.138780184,3.792102415,2.386631283,-1.116711676,3.311514890,2,207
9466,207,-0.808446551,-0.744822627,4.082245474,0.196787614,-0.673904333,3.586432286,3,221
9469,207,0.187525608,-0.782956435,3.306883522,1.186422019,-0.771348148,2.808146134,13,226
9476,207,0.633322144,0.214757787,1.597796883,1.615612804,0.089034765,1.021898146,2,208
9478,208,-0.812134161,-0.319504491,2.620979564,0.192538151,-0.344437577,2.079113549,4,215
9480,208,1.213529899,-1.537245874,7.532692738,2.296149785,-1.087155198,7.052474977,8,220
9481,208,0.538784619,-1.481389343,6.536251442,1.604192579,-1.124257755,6.067023290,2,213
9486,208,-1.043652608,0.020045779,7.861842101,0.057053474,0.516070529,7.263388330,2,209
9489,209,-2.490728636,-0.780032927,8.567679306,-1.340235770,-0.060575778,8.021959866,4,224
9490,209,0.852255479,-0.753696114,3.023757838,1.871443681,-0.740715027,2.442190393,5,222
9495,210,-1.314749389,-0.687900371,4.546614540,-0.242847723,-0.372069560,3.989900858,3,228
9496,210,-1.344557437,-0.167050244,3.278081188,-0.294860723,-0.035425220,2.661249107,3,215
9497,210,-1.154720107,-0.603751881,3.492079786,-0.113208248,-0.444260484,2.930317938,2,211
9498,210,-2.064752714,-0.120450416,4.360973429,-0.978786415,0.191269108,3.744929741,4,222
9501,210,1.042714862,-0.918326859,3.999372882,2.087219642,-0.766542547,3.419475905,4,220
9505,211,-1.338945872,-0.593938584,4.110503488,-0.270903554,-0.275419102,3.550420402,3,215
9506,211,0.137035989,-0.829801607,5.244741987,1.232736544,-0.387958306,4.667135304,2,212
9513,212,0.145036575,-0.947745402,3.323879048,1.150094458,-0.752921366,2.773669418,7,221
9514,212,0.269476050,-2.143376605,7.032677938,1.329188299,-1.112706264,6.651644223,9,221
9516,212,-0.138429227,-1.265756349,6.408767517,0.940186343,-0.375024275,5.857685155,2,214
9526,212,-0.578422396,-0.095675650,1.963343146,0.424299625,-0.186777116,1.272611047,8,225
9527,212,-0.151552742,-0.565896239,2.558919369,0.848086745,-0.534437979,1.949052133,6,228
9542,213,0.172527838,-1.347472100,4.252917152,1.164802890,-0.908868079,3.762633804,7,221
9545,213,1.306482052,-3.012257548,9.414813205,2.326493661,-1.341569236,9.163168766,3,221
9546,213,-1.315800386,-0.228427347,3.467189013,-0.287655954,0.059573890,2.744186834,2,215
9547,213,1.192689063,-2.278968592,7.290502682,2.203009563,-1.133724977,6.926003332,2,214
9548,213,1.290687165,-2.260549330,7.398760539,2.303874589,-1.094643326,7.025810806,9,221
9549,213,0.613566347,-0.649390876,2.807928502,1.607501136,-0.599122737,2.188498917,7,220
9551,213,1.029887779,-1.198107159,3.839656433,2.019528940,-0.904141904,3.318132491,2,215
9552,213,1.605565329,-2.065924429,6.944591134,2.617961422,-1.029784725,6.535464211,6,220
9555,213,1.549410580,-1.102464654,5.869240188,2.583257373,-0.350315945,5.260746377,2,217
9557,213,1.157134053,-2.490630227,8.927196859,2.190791624,-0.945337102,8.565879354,8,222
9563,214,-2.623434160,-1.160885661,8.366883020,-1.521457095,0.388470086,7.766637645,2,215
9566,214,2.137849287,-2.250851886,7.778133131,3.175419457,-1.030562758,7.405847795,4,220
9568,214,-0.520866116,-1.906810368,7.138205391,0.520492049,-0.726939736,6.730708405,5,227
9570,214,-0.282193926,-0.870792160,3.116086765,0.715910622,-0.697372012,2.575149031,4,227
9572,214,-0.125532919,-0.660407819,2.788031838,0.874231971,-0.579251624,2.204465606,8,228
9573,214,1.633898555,-2.080914535,6.966147663,2.661698903,-1.037000874,6.582309582,7,220
9574,214,1.072164369,-2.383300355,8.531294148,2.121606237,-0.929034597,8.180217337,8,222
9575,214,-0.031027488,-0.735839707,2.807905256,0.965857560,-0.652023068,2.240869825,5,221
9577,214,1.424809563,-0.868827350,4.633516442,2.453868105,-0.410975533,4.029087971,5,220
9578,214,1.069684811,-1.080904031,3.905632667,2.074405733,-0.774616940,3.377414638,3,220
9579,214,0.031055230,-0.607019158,2.934905102,1.036084359,-0.499541625,2.332497139,4,228
9580,214,1.393546608,-1.959852907,6.775689463,2.422641199,-0.954098776,6.370937969,6,220
9581,214,-0.052954522,-0.732703366,3.399929121,0.956888903,-0.506066950,2.814977187,7,228
9583,214,0.048269894,-0.758786357,2.904669172,1.046182938,-0.654762448,2.339450799,3,221
9586,214,1.662767872,-2.125185376,7.393206650,2.697889637,-0.978913599,7.007149343,7,220
9587,214,1.363913943,-1.865330256,6.534526209,2.391840575,-0.918863556,6.114457673,6,220
9588,214,1.631209448,-2.134519261,7.345433970,2.664937899,-0.997950909,6.963365234,5,220
9590,214,1.234615814,-2.588380371,9.122585472,2.287951695,-0.993725783,8.801681700,5,221
9591,214,1.337441733,-1.857450887,6.467026643,2.364273488,-0.926172633,6.047333260,6,220
9594,214,1.660674741,-2.165464846,7.646782606,2.699571591,-0.957099683,7.262979182,6,220
9596,214,1.664160024,-2.111750505,7.426156000,2.700562952,-0.958052487,7.035885399,7,220
9597,214,0.017884037,-0.152794475,1.460986827,1.010342745,-0.411720748,0.792836952,2,215
9598,214,-0.724520214,-0.978981266,3.685423584,0.281803564,-0.645303049,3.158537175,4,220
9599,214,2.117005747,-1.653612230,7.802705481,3.180484796,-0.444537644,7.286338928,6,224
9600,214,-0.067277725,-1.619018804,7.927379191,1.002845666,-0.279753270,7.422605040,4,218
9601,214,1.284228192,-1.662754576,8.184681168,2.356523539,-0.323208068,7.668274059,2,217
9603,214,1.317765460,-2.379999893,7.213326487,2.338572371,-1.253123011,6.897539693,8,221
9604,214,0.063258963,-1.121177407,4.039253640,1.070302028,-0.734944808,3.527652346,3,221
9607,214,-0.036863210,-0.750293986,2.655156305,0.956112220,-0.702380309,2.096148020,4,222
9610,214,1.212655324,-2.569736236,8.773256670,2.259254670,-1.058354443,8.458374118,7,222
9612,214,-0.007846224,-1.579781014,7.749813891,1.060036206,-0.287019624,7.240183590,2,215
9613,214,0.167204056,-1.652595405,7.722728199,1.231210988,-0.372245467,7.229510257,2,218
9614,214,0.460205017,-1.498459781,5.360012689,1.479337580,-0.802668960,4.896014865,4,225
9616,214,-0.227171049,-1.773943478,8.508379705,0.849119052,-0.283315706,8.025501850,3,217
9617,214,0.144054639,-1.053022775,3.363236214,1.139282867,-0.834630422,2.854245354,7,221
9618,214,-1.352640071,-1.048591040,9.760430229,-0.217208509,0.772406775,9.078517886,4,224
9619,214,1.674637679,-2.211905508,7.616789375,2.710898690,-1.009971881,7.244881663,7,220
9621,214,1.630811272,-1.990982859,7.027335699,2.663755856,-0.934981448,6.620111950,7,220
9623,214,0.919799249,-2.062231747,9.109493469,1.995545507,-0.472027069,8.665879202,2,215
9624,214,-0.128104276,-1.553389706,7.651847818,0.938916906,-0.279327281,7.140049704,4,219
9625,214,2.640416511,-2.711477009,9.693585023,3.699276237,-1.041472018,9.370322363,5,220
9627,214,0.260332406,-1.584645107,5.485145337,1.278738724,-0.846979961,5.040347067,3,219
9628,214,0.323706589,-1.610499258,5.301095635,1.336963994,-0.919105845,4.867238166,6,220
9629,214,1.988717584,-2.352592542,7.616345621,3.018639949,-1.161082384,7.274884297,3,219
9632,215,-0.692045618,-0.946165980,3.701198554,0.312529716,-0.680273979,3.228873409,5,220
9635,215,-0.892613353,-1.128147365,4.349754315,0.121024556,-0.705344405,3.904644423,3,221
9639,215,-2.152027501,0.011712873,4.919832960,-1.114784982,0.554328599,4.215117821,2,218
9644,215,0.168572650,-1.211948257,4.360038327,1.181162737,-0.800973281,3.919005440,3,221
9649,215,1.217186042,-1.262350544,4.574961771,2.232652874,-0.816916658,4.125007443,4,220
9653,215,0.037753055,-0.722422024,2.835646075,1.029905940,-0.672586322,2.324903936,5,228
9658,215,-0.069740964,-0.673948170,2.547255386,0.918040639,-0.689967735,2.034631806,6,227
9662,215,-0.169194582,-0.834854939,3.140803228,0.826929380,-0.708726319,2.650609002,3,222
9664,215,1.094556341,-1.173408322,4.258798185,2.105656172,-0.801058615,3.798620348,4,220
9668,215,-0.103020109,-0.852594978,3.076437735,0.891770118,-0.741794671,2.591120773,3,221
9670,215,-2.427658782,-2.414755959,8.839980507,-1.351560874,-0.902607640,8.591480964,6,220
9675,215,-3.925509281,-1.124529796,10.053367980,-2.812888279,0.654803172,9.496766889,2,216
9681,215,-1.065116895,-0.888107043,4.135966002,-0.052280703,-0.518164397,3.643854846,2,218
9682,215,-0.072131930,-0.867572539,3.117225331,0.923176869,-0.747483177,2.633820794,4,221
9683,215,-2.429599771,-0.605335550,7.616430898,-1.353143900,0.577326745,6.984971910,2,216
9686,215,0.027159420,-0.790975697,2.848738921,1.018727916,-0.736129427,2.353549693,4,221
9687,215,1.570370803,-2.115554498,7.024694503,2.617861162,-1.090190503,6.700045869,6,220
9689,215,1.162729713,-2.419628672,8.771317214,2.236801649,-0.978734259,8.475347086,4,221
9690,215,1.514155252,-2.131295125,6.811485352,2.557797658,-1.153594160,6.496973347,5,219
9691,215,-2.784064845,-2.588196459,9.446541554,-1.699492678,-0.926595041,9.226611862,5,220
9696,216,0.095485029,-0.901676375,3.206183125,1.074055364,-0.778932803,2.794862866,2,221
9698,216,-0.269864800,-0.674915794,2.768446829,0.701636409,-0.656770701,2.322745861,4,227
9709,216,0.188001198,-0.652283965,2.616914307,1.157607793,-0.663995689,2.164147394,2,221
9716,216,0.003714802,-0.725313327,2.705717659,0.975085983,-0.717354214,2.269120989,2,221
9717,216,0.073998515,-0.680889265,2.796262444,1.045817751,-0.653564006,2.346835093,2,221
9721,216,0.199848730,-1.241690622,4.251458633,1.193150574,-0.880643555,3.887828379,3,221
9722,216,1.539087107,-2.090861969,6.764518602,2.568031791,-1.146814700,6.508701588,4,219
9723,217,-1.828414294,-0.593119754,6.541571816,-0.863686619,0.238071129,6.055580384,2,218
9724,217,1.135132516,-2.272859737,8.276432243,2.120714148,-1.002842684,8.096992094,4,220
9725,217,1.101954272,-2.130473446,7.770571058,2.084254834,-0.974214512,7.572471993,2,221
9726,217,1.307703904,-2.281367383,7.028383124,2.288115623,-1.281582024,6.879716039,2,221
9730,217,1.186134724,-0.537392559,7.943082646,2.156156265,0.618773245,7.393660637,3,224
9733,217,-0.084917872,-0.695272509,2.551727586,0.863843735,-0.717772816,2.173432374,4,227
9734,217,1.337775868,-2.289677371,7.437025899,2.319967238,-1.200534541,7.280189604,3,219
9735,217,0.254384773,-1.765100191,5.963666102,1.226164844,-1.016881651,5.734364739,2,219
9738,218,0.897916056,-1.653391026,6.634345504,1.808526603,-0.752059848,6.406654102,2,221
9739,218,-0.951069009,0.220389446,6.720981522,-0.043038535,1.091300919,6.073438777,6,231
9742,218,-2.175852370,-1.256867695,8.782190847,-1.275176553,0.098557888,8.403087678,2,223
9743,218,0.182389920,-0.393324030,2.888850304,1.108080376,-0.344104387,2.473280460,2,220
9746,218,-0.142365530,-0.420608911,6.058844845,0.769342668,0.322606401,5.570994043,3,228
9749,218,1.658263019,-2.190728211,7.042519612,2.567696196,-1.185382403,6.925651163,2,219
9751,219,-1.403158072,-1.590617088,6.485231644,-0.608947811,-0.665904987,6.169430098,2,221
9753,219,-1.773122386,-0.327372137,8.334555096,-0.984579336,0.987670259,7.678485595,2,220
9757,220,0.606961558,-1.621495200,8.137459269,1.180454319,-0.244181467,7.745977998,2,222
9761,220,0.750079294,-1.655133343,5.217248669,1.431816982,-0.986410696,4.929036972,2,221
9766,221,-2.137734305,-2.220897250,7.599501261,-1.537911772,-0.888922677,7.253311563,2,223
9769,221,0.019903234,-0.591706010,2.699792081,0.848035352,-0.545143707,2.202976304,4,228
9774,221,-2.014094113,-1.616897312,8.650324170,-1.426862384,-0.054813151,8.134368280,2,223
9775,221,0.350028075,-0.722497080,2.864954778,1.166964265,-0.642316938,2.408424943,5,228
9786,221,0.043263354,-0.628931960,2.739724591,0.868546140,-0.572400917,2.251581078,4,228
9787,221,0.330002007,-1.043473107,3.528645228,1.111736550,-0.794291837,3.127983972,2,222
9788,221,0.070493653,-0.626407436,2.715924665,0.896652815,-0.576457944,2.229045456,4,228
9789,221,1.629010886,-2.253557932,7.318574108,2.232104451,-1.099653451,7.148782439,2,222
9795,221,0.050304115,-0.559959773,2.653876322,0.881204382,-0.526232204,2.152158348,4,228
9798,221,1.584239952,-2.329811436,7.611350121,2.174400199,-1.102219126,7.449116360,2,222
9800,221,-0.100911631,-0.714341365,2.850539840,0.717443013,-0.624473738,2.373308144,4,228
9801,221,0.144917386,-0.630139319,3.042047505,0.959668202,-0.504196386,2.549539223,4,228
9802,221,0.347790330,-0.715798938,2.846668030,1.165616551,-0.640129138,2.388991081,6,228
9803,221,0.085774471,-0.852530725,2.812153250,0.899805104,-0.773311310,2.376910262,2,222
9806,221,0.123633469,-0.674331380,2.850261803,0.943254876,-0.592375103,2.373065951,5,228
9807,221,-2.137759525,-1.690439864,9.298895476,-1.575427535,0.032789619,8.775929292,3,226
9808,221,0.081395426,-0.425023768,2.170325139,0.934064787,-0.511993856,1.652159160,5,228
9809,221,2.268192947,-2.011414175,7.026706303,2.889854765,-0.953518631,6.835121380,2,222
9810,221,1.247014353,-1.156308366,3.957670972,2.008431070,-0.828270658,3.610157078,2,222
9813,221,0.523612402,-1.692786849,8.565678051,1.107366509,-0.224027518,8.178288170,2,224
9819,221,0.075204146,-0.784490852,3.012101552,0.885057262,-0.659089644,2.554269761,4,227
9820,221,1.605778563,-2.380875548,7.892678769,2.184289912,-1.085048288,7.735166389,2,222
9825,221,1.237206107,-1.122384107,3.903601833,2.001809087,-0.808004770,3.549198306,2,222
9827,221,0.354049406,-0.728200320,2.887617164,1.169982173,-0.642544389,2.431943495,6,228
9829,221,-2.017871978,-2.271147629,7.551399152,-1.418523109,-0.952763141,7.223703569,2,223
9831,221,0.026082846,-0.585942385,2.673226883,0.855340594,-0.546094880,2.176090518,4,228
9832,221,0.040448324,-0.648781655,2.756896702,0.864373392,-0.587468676,2.272849997,3,227
9839,221,2.218985778,-1.727938163,6.038290272,2.885595571,-0.913638390,5.806463190,2,222
9842,221,1.108070156,-1.019912610,3.519476818,1.889989303,-0.796709509,3.146585238,2,222
9844,221,1.537140356,-1.155722794,3.792061647,2.303857819,-0.875966769,3.461671369,2,222
9848,221,0.070398216,-1.017314887,8.895435207,0.669805104,0.523896437,8.318127450,3,228
9850,221,1.728834301,-1.156157305,4.066382606,2.485887153,-0.816389050,3.736106358,3,225
9852,221,0.036415030,-0.762994288,2.434525155,0.866927837,-0.775380326,1.987075797,2,222
9860,222,0.275759766,-0.741028632,2.878770645,1.098752920,-0.647415617,2.411506577,3,227
9863,222,0.023018745,-0.639175321,2.767179499,0.853289786,-0.569800360,2.268578530,3,228
9865,222,-0.134018311,-0.785269382,3.128897830,0.679669800,-0.620080632,2.648278750,3,228
9867,222,1.818159218,-2.016325937,8.312351014,2.417600505,-0.602247461,8.049571474,2,224
9868,222,0.202491992,-0.634658756,3.013994766,1.024511559,-0.509740204,2.513985750,2,224
9871,222,-0.035922895,-0.674529145,6.352432668,0.674089890,0.266968951,5.750886502,2,227
9876,222,0.123959792,-0.839270939,2.987336717,0.940328076,-0.712816612,2.534411635,3,225
9880,222,0.669248988,-1.531862904,5.269464718,1.386755051,-0.843681247,4.936225440,4,225
9881,222,0.006633979,-0.510749315,2.515179781,0.849455722,-0.505991510,1.992572573,4,228
9882,222,2.011358760,-2.081186695,6.737663594,2.660837138,-1.051638617,6.546222885,2,223
9883,222,1.243987971,-1.230009956,3.971339787,2.013795245,-0.879236820,3.627743558,2,223
9886,222,-0.078140355,-0.538779633,2.595828325,0.761184667,-0.511634271,2.074138216,4,228
9887,222,1.237991412,-1.222291302,3.948667218,2.008808605,-0.877110571,3.603656337,2,223
9890,222,0.191505162,-0.640653127,3.347585306,1.002253663,-0.434377688,2.838430458,3,228
9892,222,0.491909765,-1.406886698,4.743436648,1.231137179,-0.845931483,4.388912186,2,224
9897,222,-1.849649455,-1.631917787,5.734582285,-1.148130260,-0.769079791,5.310372177,3,224
9901,222,1.763304797,-2.139010322,7.037090502,2.401225629,-1.029294513,6.840558440,2,223
9905,223,-1.744050898,-1.461150131,8.171889834,-1.145244730,-0.004877046,7.591285322,2,224
9906,223,0.194781444,-0.529607371,2.461374574,1.033835845,-0.538625154,1.916468312,2,224
9907,223,0.297465042,-0.710443640,3.395616554,1.095792829,-0.488146157,2.870232936,3,228
9908,223,0.188880358,-0.820804236,5.400541669,0.909129097,-0.103300353,4.835110837,2,224
9909,223,0.213590610,-0.691024151,3.267912464,1.017399675,-0.498641530,2.738078737,4,228
9910,223,0.069801351,-1.183860482,7.026418426,0.717979914,-0.055742651,6.493623765,4,226
9911,223,0.249161840,-0.449633430,3.790939968,1.041206575,-0.137719267,3.187813008,2,224
9912,223,0.005433050,-1.362175078,8.475805090,0.593984009,0.126627778,7.938624497,2,225
9913,223,0.039210933,-0.457983500,2.382206752,0.883703342,-0.485076448,1.815510526,2,228
9914,223,0.255365871,-0.665268020,3.105132428,1.066013984,-0.514331634,2.575917211,2,224
9915,223,0.138731203,-0.614058494,2.626967542,0.968973060,-0.578837472,2.094991255,3,228
9917,223,-1.690614312,-1.388838839,8.201767671,-1.090661941,0.071341746,7.605014551,2,226
9919,223,0.141716337,-0.716092651,3.345767211,0.941907539,-0.502351865,2.816455220,4,228
9920,223,0.235231067,-0.690305489,3.261197394,1.039287103,-0.500062064,2.732348065,2,228
9922,223,0.172028075,-0.694399011,3.339090540,0.973128302,-0.483619449,2.806045899,4,228
9934,223,0.056929186,-0.514882128,2.522224700,0.894357519,-0.506449553,1.965797236,4,228
9935,223,-1.818304778,-1.673334913,6.030005757,-1.146462051,-0.731824347,5.564033597,2,224
9941,224,-1.789215508,-1.562531834,8.337025942,-1.191452167,-0.038369405,7.770398994,2,226
9942,224,-1.999003527,-1.519052981,8.765763396,-1.415206847,0.114608659,8.165682161,2,226
9947,224,0.181406192,-0.631235888,3.330715811,0.994192052,-0.418186245,2.781160407,4,228
9948,224,0.097236495,-0.708843672,2.932595820,0.922030902,-0.589198059,2.410816296,4,228
9954,224,-1.951577402,-1.652224792,9.223216224,-1.389441627,0.096929859,8.643458962,2,226
9957,224,0.249909868,-0.478230716,2.323541656,1.105160525,-0.519516457,1.771248875,2,228
9965,224,0.134292669,-0.657088415,3.689276356,0.933011023,-0.353803408,3.132679160,2,228
9967,224,-3.600504459,-1.972356258,6.929305493,-2.963117430,-0.735632261,6.426737098,3,227
9972,224,-4.332172758,-2.206338624,8.811881659,-3.771511452,-0.480434418,8.274858424,3,227
9973,224,-2.613588008,-1.781238180,6.331785503,-1.948674680,-0.722665734,5.845103094,2,226
9976,224,-0.013906868,-1.274180835,8.780102699,0.575482096,0.304747493,8.207889775,2,228
9977,224,0.209363117,-0.542838923,3.007419570,1.037172654,-0.412802563,2.447634162,3,228
9980,224,1.928349119,-2.177627383,6.722234293,2.558775137,-1.126546726,6.522261723,2,225
9981,224,0.481584413,-0.756824793,7.538567989,1.134500039,0.487880097,6.900778951,2,227
9983,225,0.019289607,-0.421619476,2.008967279,0.876168777,-0.529200124,1.447974701,3,228
9984,225,0.031301902,-0.621006932,2.699071472,0.855222630,-0.549762037,2.165806099,3,228
9986,225,0.129702484,-1.392162524,5.009774949,0.839286168,-0.720399957,4.597748309,2,227
9987,225,0.099174295,-0.715117628,2.800314447,0.915724796,-0.617351165,2.290244125,2,227
9988,225,0.231330991,-0.731986920,2.854856655,1.045052487,-0.623629156,2.353170694,3,228
9991,225,-0.084633904,-0.562742607,2.585476566,0.745828737,-0.518645487,2.036174383,2,228
9992,225,-0.113922589,-0.698370738,3.209837166,0.688463434,-0.492831133,2.672666187,2,228
9994,225,0.029470225,-0.619670130,2.706451589,0.853171886,-0.546571141,2.172530744,2,228
9995,225,0.106497067,-0.794788732,2.742624560,0.922162249,-0.709094898,2.254594755,3,228
9996,225,0.020716517,-0.745353210,2.711569477,0.839507458,-0.666685702,2.208375305,2,227
9997,225,-0.104970223,-2.272709736,8.145415192,0.456218708,-0.781344964,7.840003610,2,227
9998,225,0.014229756,-1.262554075,7.274985282,0.645380391,-0.024846165,6.751794646,2,226
9999,225,0.098110247,-0.728323495,2.824218980,0.913283872,-0.624119400,2.316610520,3,228
10002,225,0.015911285,-0.500936271,3.289778485,0.822608028,-0.285288452,2.706711471,2,227
10003,225,0.052178760,-0.661184491,2.743484112,0.872920398,-0.578098306,2.219717201,3,228
10004,225,0.036476523,-0.676202475,2.884424909,0.851480442,-0.556927468,2.359103471,3,228
10005,225,0.127235340,-0.307087906,2.061498246,0.986342923,-0.408153471,1.475152438,2,227
10006,225,0.220499450,-0.618897622,2.930113211,1.035722599,-0.495051245,2.397337818,2,228
10024,227,0.027797147,-0.489087622,2.036403189,0.895964936,-0.578357269,1.435777149,2,228
10025,227,0.067311153,-0.699843196,2.871379163,0.894497247,-0.568616377,2.297790552,2,228
10027,227,0.020712308,-0.566209859,2.606061490,0.863829436,-0.506245023,2.005229297,2,228
10030,227,-0.107118240,-0.777969189,2.951405604,0.713954618,-0.618008020,2.386663159,2,228
10032,227,0.025486468,-0.619864536,2.757465014,0.860515757,-0.519315913,2.165363039,2,228
10035,227,-2.117007490,-1.927119871,8.585360061,-1.557028711,-0.216805539,8.024332553,2,228
10039,227,0.062589312,-0.487092941,2.372743023,0.917936385,-0.491101958,1.761726108,2,228
10041,227,-0.088228922,-0.666430158,2.637064480,0.749594414,-0.591642394,2.055539674,2,228
10050,227,0.238420632,-0.780899969,2.871827617,1.061839093,-0.652196298,2.327115601,2,228
10051,228,-2.089477060,-2.344316060,9.348052687,-1.603175758,-0.379688282,8.881507120,1,228
10052,228,-1.384507305,-1.663610327,6.604878191,-0.756208360,-0.463986996,6.095669917,1,228
10053,228,-0.805662480,-0.837747001,3.766852437,-0.024426630,-0.428610360,3.174241202,1,228
10054,228,0.060008420,-0.709401148,2.837862804,0.883297444,-0.577663473,2.289537478,1,228
10055,228,-0.145548621,-0.840651154,3.205994021,0.657016979,-0.600958964,2.668028331,1,228
10056,228,0.958037616,-0.490009711,2.079224936,1.820703926,-0.595537813,1.547196552,1,228
10057,228,-0.109387642,-0.806007852,3.106376137,0.698782297,-0.594816729,2.564832262,1,228
10058,228,0.211859121,-0.509363234,2.439768661,1.060436034,-0.493954830,1.861556717,1,228
10059,228,0.157161538,-0.555669664,2.900673168,0.984967882,-0.416361395,2.315266859,1,228
10060,228,0.087820981,-0.762312095,2.513417459,0.921717688,-0.714396660,1.991769433,1,228
10061,228,1.458802123,-1.451294358,5.995022036,2.116342513,-0.517902253,5.598723516,1,228
10062,228,0.016629761,-0.541340479,2.568691098,0.858847808,-0.484307503,1.984142028,1,228
10063,228,0.022267687,-0.731248706,2.807991415,0.845810518,-0.605218613,2.264449171,1,228
10064,228,0.076363081,-0.562946759,2.411660716,0.923814402,-0.548243892,1.841366253,1,228
10065,228,-2.447237410,-1.443161856,5.672069079,-1.768649629,-0.457714275,5.084211083,1,228
10066,228,0.064636267,-0.635843605,2.831316008,0.891652142,-0.508575926,2.264395891,1,228
10067,228,0.015582635,-0.597333279,2.473379737,0.859026399,-0.563173034,1.906677573,1,228
10068,228,0.073935606,-0.691899295,2.788107046,0.900041190,-0.574259310,2.237730380,1,228
10069,228,0.802832706,-1.216302899,8.326691116,1.378169984,0.340578893,7.752861162,1,228
10070,228,-0.005362295,-0.638580524,2.735914306,0.825529046,-0.533677957,2.169493845,1,228
10071,228,0.244822338,-0.487192412,2.318273260,1.099308593,-0.505445165,1.740329048,1,228
10072,228,2.045749184,-1.404410414,5.337277282,2.731039171,-0.664960245,4.982399669,1,228
10073,228,0.166730982,-0.538522563,3.900547698,0.954778089,-0.139070372,3.275648521,1,228
10074,228,0.026406298,-0.617484607,2.735704437,0.858239878,-0.514493676,2.165457745,1,228
10075,228,0.234179809,-0.639894676,3.292463844,1.041974399,-0.398002504,2.718923655,1,228
10076,228,0.209214618,-0.517758041,2.524625798,1.053959241,-0.479802875,1.945437426,1,228
10077,228,0.095392603,-0.712081117,3.087246804,0.908372940,-0.516368379,2.532571906,1,228
10078,228,0.015961141,-0.619071210,2.765030023,0.846550809,-0.508001339,2.193614873,1,228
10079,228,-0.483715791,-0.980347647,5.247529001,0.230120292,-0.190807919,4.655809144,1,228
10080,228,0.301160808,-0.591165777,3.490108955,1.103109140,-0.301730159,2.900358846,1,228
10081,228,1.370429913,-1.527144883,5.912703810,2.027901395,-0.609475775,5.534445227,1,228
10082,228,0.027481273,-0.621608496,2.737775972,0.859034202,-0.517968579,2.168579825,1,228
10083,228,0.225119120,-0.546807647,2.340852162,1.075915321,-0.556369205,1.776543643,1,228
10084,228,1.867846931,-0.044518214,8.429571059,2.492231581,1.460566771,7.603151976,1,228
10085,228,-1.375105236,-1.599904900,6.353801420,-0.733636639,-0.468421567,5.837489405,1,228
10086,228,-1.308149746,-1.621204077,6.460403172,-0.672138915,-0.463475500,5.949266828,1,228
10087,228,-0.333745426,-1.555639139,6.969660229,0.282818315,-0.301345145,6.473552750,1,228
10088,228,0.095539815,-0.468648104,2.320068724,0.951117319,-0.481863791,1.729574889,1,228
10089,228,0.196486618,-0.446340630,2.251844446,1.055687823,-0.481691021,1.663186542,1,228
10090,228,0.265375408,-0.581652291,2.392146241,1.112369501,-0.577997670,1.837116761,1,228
10091,228,0.061176939,-0.917929671,7.556933528,0.683244931,0.453364759,6.894977065,1,228
10092,228,1.190570102,-0.447161347,2.233766741,2.048540073,-0.521985884,1.697100896,1,228
10093,228,-0.072918630,-0.637543400,2.664156450,0.761062627,-0.549050908,2.096542648,1,228
10094,228,0.123336984,-0.838682882,3.595959470,0.909659627,-0.506641750,3.057453997,1,228
10095,228,0.216373285,-0.581924100,3.023994224,1.037825036,-0.411558880,2.444055315,1,228
10096,228,0.234817419,-0.636916217,4.816199868,0.980956548,0.002722227,4.187758996,1,228
10097,228,1.927711134,-2.521951865,9.203993236,2.403692451,-0.729225547,8.995258780,1,228
10098,228,0.324581138,-1.041849686,3.401632608,1.108809783,-0.760414812,2.933046048,1,228
10099,228,1.611273212,-2.235003601,7.167506426,2.183994437,-0.973104186,6.940506536,1,228
10100,228,1.923173081,0.814930603,8.805946096,2.572734010,2.385995788,7.746232074,2,232
10101,228,1.661154661,-2.182680659,7.175552278,2.235921464,-0.922274100,6.937270641,1,228
10102,228,-2.207602181,-2.616154702,9.229639391,-1.729094693,-0.668710196,8.831684886,1,228
10103,228,0.064581238,-0.845255075,3.101718450,0.870751458,-0.639980786,2.579461870,1,228
10104,228,0.168539530,-0.777982988,2.851382067,0.987834479,-0.644089868,2.325935054,1,228
10105,228,2.168509448,-2.075850804,7.228087293,2.745202944,-0.823252671,6.986347691,1,228
10106,229,-0.609645237,0.264568974,3.047089216,0.251831387,0.439636694,2.198302203,1,229
10107,229,-0.883593346,-1.004777809,9.222616926,-0.346990713,0.837038535,8.467824927,3,232
10108,229,0.521540083,0.248305522,3.481888357,1.361256768,0.498178295,2.682702061,1,229
10109,229,-0.886740711,-0.877954716,8.796819293,-0.325824103,0.848318240,8.024178254,1,229
10110,229,-0.883333855,-0.898186928,9.268166619,-0.343618320,0.951749276,8.484150686,1,229
10111,229,1.496688676,0.813041028,9.579330725,2.099531628,2.601118924,8.468999267,1,229
10112,229,-1.413882623,-0.510271756,5.805776813,-0.706012522,0.440377883,5.016114773,2,231
10113,229,-1.731422479,1.181341109,4.974702030,-0.906787927,1.866295266,3.759325294,1,229
10114,229,0.054282697,1.668674496,6.954235510,0.813454170,2.791239242,5.638164131,1,229
10115,229,-0.933620629,0.405372548,4.701952182,-0.135816033,1.018800960,3.740266978,1,229
10116,229,-0.857650190,-1.462873585,9.995792600,-0.376071765,0.596091554,9.333517860,1,229
10117,229,-0.785292259,-0.646842875,7.887063430,-0.174544078,0.830210867,7.092434363,1,229
10118,229,-1.226372260,1.901510104,8.777487990,-0.531759478,3.536383587,7.267182022,1,229
10119,229,-1.752903489,-1.495447713,5.333911781,-1.070929833,-0.621434848,4.798049411,1,229
10120,229,-0.430665418,-0.993565012,9.693517576,0.085327303,0.955072617,8.943415030,1,229
10121,229,0.331722840,-0.066171949,2.960238930,1.179266546,0.065198615,2.250900086,1,229
10122,229,1.652287641,-2.204500596,7.165842562,2.214917140,-0.945424099,6.931659883,1,229
10123,229,2.097012965,-2.093043680,6.810307839,2.679289904,-0.946180226,6.583858845,1,229
10124,229,-2.189336595,-2.610481202,9.215775023,-1.726112625,-0.668392473,8.806935324,1,229
10125,229,2.130756494,-2.066783549,7.117734207,2.701016952,-0.841751598,6.875340900,1,229
10126,229,1.746124258,-2.161060179,7.209930077,2.308734297,-0.895266162,6.967972581,1,229
10127,229,1.932597455,-2.135368958,7.001904267,2.504975406,-0.931274462,6.770742109,1,229
10128,229,1.979715495,-2.183171812,6.980834653,2.550627940,-0.984527211,6.765343772,1,229
10129,229,2.064871345,-2.128906097,7.111097767,2.632597942,-0.901124554,6.881488858,1,229
10130,230,-1.103928132,0.953118771,7.065557882,-0.373985624,2.151398220,5.860354198,1,230
10131,230,-3.682852036,-1.129006888,10.041319461,-3.169865244,1.008878283,9.134336190,1,230
10132,230,-0.355891966,-0.136592626,1.901509630,0.524817636,-0.264994509,1.194775750,1,230
10133,230,-2.522963729,1.601109988,6.780910182,-1.746620561,2.756548632,5.346306276,1,230
10134,230,1.898473350,-2.317718498,7.653591783,2.436565152,-0.966359595,7.422072964,1,230
10135,230,1.655839369,-2.181579018,7.167934445,2.220583173,-0.951520456,6.905933601,1,230
10136,230,1.712535466,-2.142165299,7.219519813,2.277058099,-0.902260692,6.948512906,1,230
10137,230,1.690009618,-2.244413454,7.209408467,2.249909784,-1.002719873,6.963851097,1,230
10138,230,1.774006642,-2.246302530,7.284230898,2.330652780,-0.988338610,7.040865464,1,230
10139,231,-0.843407658,-0.184741298,3.181814035,-0.023428154,0.044085294,2.404932840,1,231
10140,231,0.916135251,1.338054841,6.391188757,1.687799420,2.270524820,5.203084491,1,231
10141,231,0.305442478,0.832958733,7.037875063,1.027081708,1.974395827,5.925601371,1,231
10142,231,-0.616516670,-0.163843255,2.852309939,0.216803598,-0.029885515,2.092993387,2,232
10143,231,-1.324949696,-0.526199077,5.776912702,-0.622009022,0.403130903,4.973161886,1,231
10144,231,-1.118837116,-0.363780691,4.529599999,-0.359677951,0.229941752,3.737913315,1,231
10145,231,-1.357245775,-0.505478376,5.591347223,-0.645988145,0.376588115,4.787077461,1,231
10146,231,0.292365858,0.822608354,7.018991531,1.014222630,1.960063659,5.909354859,1,231
10147,231,-4.832556087,-1.212887618,9.538135971,-4.303323879,0.852000374,8.601946993,1,231
10148,231,-1.587574762,0.183829044,7.079794784,-0.897403002,1.435136931,6.036051952,1,231
10149,231,-1.422575537,-0.523785853,5.678395231,-0.715497417,0.384004232,4.872482143,1,231
10150,231,-1.112903565,-0.373801444,4.552734835,-0.355172997,0.225994139,3.763111824,1,231
10151,231,-1.879609914,-0.704484253,7.501064807,-1.251401800,0.698060763,6.655129529,1,231
10152,231,-1.416506325,-0.517119188,5.603531458,-0.706201327,0.370889402,4.798810926,1,231
10153,231,-1.419275622,-0.571163067,5.616027438,-0.712264637,0.322053337,4.824556499,1,231
10154,231,-1.457398621,-0.280301921,5.740269529,-0.739945594,0.636411126,4.868175441,1,231
10155,231,-1.396713379,-0.505556950,5.464052144,-0.680458988,0.345283164,4.662203540,1,231
10156,231,-0.533047225,-0.157730447,2.831798263,0.301208222,-0.032649610,2.075862631,2,232
10157,231,-1.225759987,-0.507386495,5.047131399,-0.493854567,0.229092987,4.268846260,1,231
10158,231,-1.233287200,-0.458452138,5.129725301,-0.502005950,0.297933662,4.335685615,1,231
10159,231,-0.738242574,-1.273405517,9.802008582,-0.230985704,0.696041044,9.079893430,1,231
10160,231,-1.362357172,-0.460925161,5.421650643,-0.642210620,0.376044313,4.611596753,1,231
10161,231,-0.608433947,-0.432445221,5.748653681,0.098975757,0.457369998,4.958253948,1,231
10162,231,-0.967098890,-0.178123626,3.695470162,-0.166357518,0.187931128,2.892852407,1,231
10163,231,-1.114041099,-0.373682866,4.570347832,-0.356982382,0.230696430,3.780027506,1,231
10164,231,-1.006224598,-0.185139434,3.894069372,-0.213438835,0.233953147,3.084390947,1,231
10165,231,-0.545554997,-0.087065462,2.053009565,0.322496677,-0.164752771,1.305306093,1,231
10166,231,0.436976330,0.550182482,6.503026479,1.164260798,1.558182844,5.488251146,1,231
10167,231,-1.401258885,-0.559511506,5.538621921,-0.690688159,0.312611975,4.747762672,1,231
10168,231,0.271466370,0.940994643,9.428995338,0.906434267,2.696652755,8.204651926,1,231
10169,231,-1.234278984,-0.419787776,4.929857949,-0.493258891,0.283758484,4.132792964,1,231
10170,231,-1.438394069,-0.538062343,5.695530716,-0.732688781,0.375281081,4.891873703,1,231
10171,231,-0.720200716,-1.319924463,9.704156373,-0.211626461,0.625172189,8.998239276,1,231
10172,231,-2.965593986,-1.518163792,5.965750802,-2.318198995,-0.439399205,5.325936744,1,231
10173,231,-1.225901670,-0.515061784,5.069567460,-0.495262791,0.227475034,4.292462062,1,231
10174,231,-1.427828856,-0.584790441,5.646907842,-0.722703172,0.317207342,4.857420093,1,231
10175,231,-1.396349653,-0.519213737,5.515446538,-0.682793386,0.345338043,4.715331419,1,231
10176,231,-1.172523812,0.836889095,4.348025092,-0.343650587,1.344337476,3.252810299,1,231
10177,231,-1.936104471,0.997929863,3.669565816,-1.071017511,1.355723913,2.517892448,1,231
10178,232,1.812521851,0.800618560,9.823912765,2.414311666,2.608675239,8.693156554,1,232
10179,232,-0.634153330,-0.166164481,2.878076765,0.213376996,-0.030535726,2.108630854,1,232
10180,232,-0.622469216,-1.114097752,9.500702542,-0.102763595,0.775187225,8.742540096,1,232
10181,232,-0.242940299,0.059297023,1.465537070,0.674844932,-0.195750497,0.709023645,1,232
10182,232,-0.768545505,-0.956363642,9.292158691,-0.231426763,0.879055005,8.492807954,1,232
10183,232,-2.382466218,-0.397773571,6.730751950,-1.704745305,0.817306369,5.790385520,1,232
10184,232,1.991694557,0.911846020,9.209462872,2.624719569,2.549135631,8.081432248,1,232
10185,232,-2.415794193,-0.362271799,6.670061361,-1.733576328,0.837128891,5.720885038,1,232
10186,232,-0.646756826,-0.255848002,2.799219441,0.199369523,-0.137047208,2.054969373,1,232
10187,232,-0.101865055,-0.023943547,0.651909154,0.845317431,-0.493138333,-0.046834281,1,232
10188,232,-0.993371310,-0.291386086,3.870126754,-0.193239307,0.120849607,3.078490045,1,232
10189,232,-0.567568808,0.126303714,3.053377548,0.287914679,0.294515983,2.206032231,1,232
10190,232,1.743522035,-2.130798518,7.106167001,2.304518623,-0.922993207,6.822495556,1,232
10191,232,1.656456306,-2.230625717,7.194319193,2.208679357,-0.992904873,6.928532877,1,232
10192,232,2.080545914,-2.096503325,7.080555266,2.643661048,-0.910101825,6.807216652,1,232
10193,232,1.736244973,-2.215098200,7.244264619,2.287012477,-0.968152306,6.977041777,1,232
10194,232,-3.542676309,-1.965738792,6.619979697,-2.940527463,-0.677655699,6.024487540,1,232
10195,232,1.739636746,-2.227628994,7.189991843,2.292010124,-0.994480364,6.928093682,1,232
10196,232,-0.413260801,-1.032526270,9.249877547,0.120796665,0.780309753,8.490885938,1,232
10197,232,1.751092772,-2.059285083,6.829516938,2.327451945,-0.926182758,6.537590950,1,232
10198,232,-0.502892881,0.423664722,7.821071690,0.168235656,1.817619080,6.732548316,1,232
10199,232,-2.154209392,-2.548358398,9.075710147,-1.688987685,-0.657490045,8.618931518,1,232
10200,232,-1.805767257,-2.549427824,8.544648179,-1.319127037,-0.810510376,8.125750255,1,232
10201,232,1.624133820,-1.996343310,7.086801987,2.193319783,-0.793502856,6.762714128,1,232
10202,232,-3.622905697,-1.971612209,6.505538880,-3.016085664,-0.709834127,5.911246825,1,232
10203,232,-1.268224677,-1.044893974,4.803777409,-0.546436534,-0.352510539,4.158399276,1,232
10204,232,1.758591789,-2.217740244,7.096666429,2.315357941,-1.009950184,6.836538901,1,232
10205,232,2.031679994,-2.122100440,6.850245490,2.603211242,-0.992676825,6.588971684,1,232
10206,232,-2.121060400,-2.219341885,7.738169701,-1.582440569,-0.688918007,7.245605205,1,232
10207,232,1.971497840,-2.156216628,7.076432830,2.531878673,-0.964403575,6.812709939,1,232
10208,232,1.724593590,-2.263104138,7.264142673,2.272017194,-1.008836113,7.007951827,1,232
10209,232,1.672282638,-2.224092718,7.194759584,2.224796409,-0.987123236,6.928132732,1,232
10210,232,2.121587395,-2.058624761,7.083470056,2.686488524,-0.874447723,6.802496798,1,232
10211,232,2.037107418,-2.142243075,7.050611331,2.599159990,-0.960267274,6.787755137,1,232
10212,232,-2.145933953,-2.294380601,7.832764045,-1.615189513,-0.735738470,7.354843218,1,232
10213,232,1.772963615,-2.237329073,7.219136962,2.323526334,-0.997605468,6.960515465,1,232
10214,232,-3.493042494,-1.998772827,6.543769594,-2.889556735,-0.731323792,5.962162075,1,232
10215,232,1.777020534,-2.209778407,7.196768979,2.329967891,-0.976999060,6.932060118,1,232
10216,232,1.632379583,-2.259062148,7.353300530,2.176488240,-0.978064819,7.087928264,1,232
10217,232,1.712470841,-2.158445175,7.198923191,2.268187653,-0.924318373,6.917419365,1,232
10218,232,-3.637522641,-2.005535016,6.603587375,-3.036573410,-0.716499886,6.013783351,1,232
