id,anchor_keyframe_id,x_anchor,y_anchor,z_anchor,x_world,y_world,z_world,observation_count,last_seen_keyframe_id
17,1,-0.360133145,1.154952410,3.769624585,-0.357707502,1.149579120,3.783775173,2,5
31,1,0.282506869,-0.713958252,2.586647574,0.285229779,-0.719365629,2.601013557,2,4
35,1,-1.799785331,-1.272555995,4.432742496,-1.797836531,-1.277813773,4.446280237,2,2
49,2,-1.606154366,-2.252666169,8.088620518,-1.607862629,-2.257488475,8.097495888,2,3
98,2,1.827588474,-2.035488370,6.616340085,1.826860196,-2.040831756,6.627426249,2,7
99,2,-1.579194324,-2.251420895,7.913785160,-1.580790138,-2.256242882,7.922677909,2,3
130,3,1.990753808,-2.202979783,7.917956404,1.992261999,-2.204371847,7.937815169,2,4
184,4,-1.224002616,-2.207287835,7.354175017,-1.218396777,-2.217736123,7.374452390,2,7
191,5,2.468896488,-0.849293224,7.457847127,2.468635439,-0.848145620,7.477877422,2,10
214,6,2.016794481,-0.549144806,5.180356624,2.013645309,-0.544213073,5.180313894,2,8
230,6,-0.740177872,-0.335321155,3.652195472,-0.744960159,-0.337683272,3.654098007,2,8
384,10,-1.186535194,-0.645329419,6.323457312,-1.186109247,-0.651883506,6.346738126,2,11
389,10,2.068360868,-2.535212162,8.532076347,2.071863464,-2.536726129,8.555127880,3,13
392,10,-1.196288185,-2.119589616,7.289160643,-1.193820324,-2.125477499,7.313476174,2,12
417,11,-1.149906387,-0.892058021,3.224440665,-1.147812141,-0.904631319,3.251446214,2,12
431,11,-1.191564255,-0.857851893,3.107854171,-1.189661549,-0.870561882,3.134888295,2,16
434,11,-1.132159215,-0.955506643,3.197798435,-1.130021393,-0.968077694,3.224827707,2,12
439,11,1.900367420,-2.085839091,6.694299038,1.908374962,-2.092125623,6.718257189,2,12
444,11,1.961340329,-2.012962711,6.670513975,1.969227878,-2.019192073,6.694340427,2,12
445,11,1.943248321,-2.326186420,8.048517661,1.953288921,-2.331425723,8.072595362,2,12
446,11,-1.103038227,-0.894638157,3.133945191,-1.101057059,-0.907220478,3.160892523,2,12
448,11,1.826574591,-2.022390759,7.042881946,1.834951919,-2.028511800,7.066888017,2,12
451,11,-0.600249751,0.032861048,9.217870036,-0.591596842,0.025361455,9.243485208,2,13
467,12,-0.801726169,-0.414546426,5.058714146,-0.795203069,-0.421678900,5.083430936,3,32
471,12,0.184072803,-0.851367087,7.154383824,0.195557198,-0.855634622,7.177355440,2,13
476,12,1.249846237,-0.462073641,4.983167765,1.256266345,-0.466600847,5.003614333,2,16
492,12,-1.976019732,-1.892384124,6.546070337,-1.964452414,-1.899913797,6.574362066,2,13
494,12,-0.400516409,-0.309731456,4.168154328,-0.395999120,-0.317017009,4.191952202,2,13
497,12,-0.444796634,-0.252779586,4.351934287,-0.439967636,-0.259983655,4.375781724,2,13
544,13,1.845291004,-2.060471317,6.837546350,1.858289234,-2.062675578,6.865525250,2,15
553,14,-1.493662049,-1.491117356,6.926173887,-1.475543908,-1.464570115,7.004551114,2,17
558,14,-0.403807479,-0.753447333,6.229463877,-0.387000462,-0.744986383,6.287182795,2,17
582,15,0.445845700,-0.247808406,4.430938717,0.448664060,-0.266597246,4.475440918,2,20
585,15,-0.354619416,-0.234667908,2.352937511,-0.374867509,-0.270245813,2.406434266,2,17
593,15,-1.506238473,-0.957964496,5.091494171,-1.502193931,-0.951258979,5.165860509,3,21
597,15,-2.234069100,-1.511996741,5.233495044,-2.233329898,-1.496962405,5.322389635,2,17
622,16,0.603571941,-0.378253275,4.207117393,0.593713465,-0.379523994,4.207189641,3,33
631,16,-1.262358683,-0.953380675,3.434372717,-1.269679748,-0.960389147,3.432615975,2,17
632,16,-1.478761925,-0.237855542,4.389802687,-1.489220997,-0.244887977,4.387347729,2,20
635,16,-0.471458176,-0.289746292,2.722755277,-0.479819350,-0.294965592,2.721514272,2,17
636,16,-1.914155324,-2.561514005,8.949850817,-1.923410654,-2.566951600,8.948322940,2,17
637,16,-1.192921262,-0.771222306,2.961116602,-1.200200989,-0.778327643,2.959328654,2,17
644,16,-1.120367499,-0.865050558,3.024994808,-1.127457923,-0.871911435,3.023350017,2,17
646,16,-1.129434283,-0.928905134,3.224578902,-1.136578799,-0.935668187,3.222962917,2,17
649,16,-1.806837032,-2.352834458,8.213467367,-1.815817216,-2.358424510,8.211936453,2,17
684,17,-0.666744935,-0.782781369,4.379882776,-0.682978285,-0.788124481,4.375683309,2,18
730,17,-1.386884223,-2.119852276,7.325321487,-1.416124893,-2.125093086,7.317957838,2,18
758,17,-1.437049143,-1.718470672,6.358724845,-1.461966923,-1.724131813,6.350972138,2,18
762,18,1.709439655,-0.118742104,5.105222671,1.712437228,-0.133124003,5.143648587,2,19
811,19,2.790250533,-0.658458279,7.707171644,2.826477796,-0.666665160,7.736519235,2,20
819,19,-0.781201554,-0.405457892,3.680442249,-0.789133637,-0.428106017,3.748503147,3,24
823,19,-0.715706778,-1.150001353,5.906793769,-0.699240651,-1.164158680,5.976825688,2,20
824,19,2.209814078,-0.513960437,6.256953445,2.230106240,-0.527554247,6.292251929,2,22
828,19,1.090392128,-0.440864771,3.722149228,1.082798452,-0.463845386,3.769692333,4,28
831,19,-1.522111919,-1.040854830,3.799212765,-1.528828566,-1.062849926,3.877868726,2,21
862,20,-0.977516333,-0.440814714,4.099967609,-0.981449204,-0.459518585,4.149633266,3,30
863,20,-0.407513539,-0.266220021,2.523820234,-0.430059769,-0.291015548,2.566218140,2,21
866,20,-1.942470578,-1.204910995,4.442127081,-1.942353300,-1.222192404,4.506066834,4,25
868,20,-1.139634242,-0.667488868,8.408452208,-1.092766621,-0.669699918,8.460565319,2,21
872,20,-0.811945163,-0.372073657,8.108574868,-0.768616452,-0.375470312,8.155717314,3,31
873,20,0.609738361,-0.076601664,2.612926010,0.588184921,-0.101172456,2.642597071,2,23
874,20,-1.384420508,-2.322160983,8.385739744,-1.337915424,-2.324419199,8.447069143,2,21
883,20,0.202402663,0.050003699,3.688778808,0.193572269,0.029591231,3.722686069,5,42
884,20,-0.093212157,-0.072465847,3.378992258,-0.105683190,-0.094028554,3.416877408,3,38
898,20,-3.055585529,-1.880137306,6.431478151,-3.031978547,-1.889682404,6.510972583,2,21
900,21,1.944108630,-0.499272673,5.455627262,1.963346919,-0.513022833,5.458293963,2,22
910,21,0.555353296,-0.380474933,8.789467086,0.619637574,-0.379708101,8.809997206,4,34
917,21,-1.209427804,-0.359370219,4.979212136,-1.196285087,-0.374201241,5.023793951,3,26
918,21,2.177095685,-0.535539557,5.096706589,2.191471129,-0.550877184,5.096425620,5,35
920,21,-1.300823264,-1.300271234,5.284263093,-1.283790304,-1.313775961,5.334029537,2,26
923,21,0.116192763,-0.363954490,6.709705916,0.152515979,-0.371857108,6.736286233,4,38
928,21,-0.948835270,-1.069975420,5.335353172,-0.931091046,-1.083370543,5.379400026,2,24
949,21,0.211588124,-0.313993529,3.604173369,0.206097379,-0.335064722,3.629567043,2,26
952,21,-0.081148186,-0.221364856,2.395119391,-0.102870581,-0.247465605,2.424182732,2,26
956,21,-1.080323369,-0.294774909,4.472390957,-1.074001426,-0.311789248,4.515011418,3,26
958,21,0.377390101,-0.250232130,3.191202954,0.366338794,-0.273100434,3.214135350,2,25
962,21,-0.466820741,-0.144963003,6.359509176,-0.435107668,-0.154176234,6.393046870,5,33
963,21,-0.628433903,0.044611898,6.862047229,-0.589893817,0.037571225,6.896908074,8,43
967,21,0.274197929,-0.190717626,3.060195310,0.261406184,-0.214110137,3.084278138,2,23
972,21,-0.219311355,-0.228251498,4.319992786,-0.215103647,-0.246166845,4.350753813,2,26
974,21,1.275654627,-0.316408012,7.399898558,1.321177826,-0.321734982,7.410597455,3,31
976,21,-0.207192042,0.007364936,5.087082335,-0.192599737,-0.007310498,5.116606004,2,25
985,21,-1.038836305,-0.984634210,5.278314928,-1.021831491,-0.998244717,5.323217868,2,24
987,21,1.303636989,0.154650174,4.908303463,1.315720270,0.138768481,4.916879003,2,22
998,22,1.109733578,-0.526740966,5.362810099,1.129943948,-0.539476952,5.370070876,2,26
1001,22,0.195768127,0.015310311,2.372806344,0.176432102,-0.009165516,2.390329306,2,25
1005,22,0.748454025,-0.357209621,3.619413603,0.745578027,-0.376813623,3.630962306,3,27
1018,23,0.934166127,0.164876792,5.141506568,0.952735496,0.155779292,5.139789540,2,26
1021,23,1.556891789,-0.458185767,4.100444512,1.562317755,-0.471504100,4.093496357,4,32
1024,23,1.087211904,0.728456402,4.570025311,1.098671232,0.717062940,4.564203541,2,27
1028,23,-0.401498330,-0.412186382,4.925455163,-0.385586366,-0.421937717,4.942768450,2,26
1031,23,-1.994600201,-1.239874665,4.621970164,-1.982444949,-1.250586540,4.662539255,3,26
1033,23,-1.868159661,-1.187843334,4.239660392,-1.860795111,-1.200092188,4.278473026,3,26
1035,23,-1.610054552,-1.071378898,3.729041361,-1.609090859,-1.085694250,3.764204528,2,24
1038,23,-2.290096154,-1.349273706,4.711691359,-2.276805450,-1.359584450,4.756386218,4,30
1039,23,-1.617665644,-1.109282223,3.992965043,-1.613401179,-1.122548411,4.028351254,2,24
1041,23,-1.783163646,-1.122405105,3.952686911,-1.779391742,-1.135806392,3.990200427,5,30
1048,23,-1.176496047,-1.099232974,3.436825094,-1.179227230,-1.114772846,3.466696763,29,71
1051,23,-1.425987636,-1.011666596,3.629195837,-1.426282348,-1.026406254,3.661826311,2,24
1058,23,-1.543748748,-1.135219421,3.962898856,-1.539869043,-1.148615791,3.997465369,11,41
1065,23,-0.845406932,-1.031601552,4.055589672,-0.840411285,-1.044734974,4.080994791,2,26
1071,24,1.366481367,-0.720416211,5.681333160,1.388598073,-0.723689025,5.663521521,3,30
1073,24,2.181365434,-0.784654456,5.259386129,2.198106289,-0.789859679,5.231642156,2,28
1074,24,-1.128655598,-0.926134777,3.235363564,-1.137116155,-0.939567360,3.250026120,8,47
1077,24,0.623289092,-0.583660309,4.992469458,0.636815073,-0.589790392,4.983474750,5,32
1078,24,-0.319394392,-0.418038290,3.386118093,-0.325977356,-0.430944043,3.388405445,3,29
1080,24,1.458448715,0.228201913,6.884674425,1.495774934,0.230083715,6.861517856,4,33
1081,24,-1.168608723,-0.933681256,3.213291434,-1.177344342,-0.947202946,3.228490770,6,40
1084,24,-0.381611824,0.075387516,3.072202891,-0.392092435,0.061135743,3.073176846,2,27
1086,25,0.486083049,0.607771182,2.927435636,0.485169573,0.595136472,2.878338010,2,30
1087,25,-0.015407853,0.000070354,1.579264512,-0.033298293,-0.018677409,1.539389770,2,26
1090,25,0.287560819,-0.236867076,2.743602906,0.284022817,-0.250264533,2.700978326,4,37
1091,25,-0.507626487,0.467258327,4.781445614,-0.485472590,0.463846456,4.745199609,2,28
1097,25,-0.201560624,-0.109318981,5.231240782,-0.174080408,-0.110748938,5.193873699,3,29
1104,25,0.113442564,-0.037606579,1.441082218,0.093808432,-0.057067400,1.399796014,3,46
1106,25,-0.580758449,-0.342729796,4.009232993,-0.568539105,-0.349740356,3.977789789,3,28
1109,25,-0.641377331,-0.278636938,2.861331625,-0.643397358,-0.291034240,2.830440703,5,38
1115,25,1.051079321,0.336075125,5.226767495,1.078593908,0.334019907,5.171726820,3,32
1116,25,1.120294577,0.858882557,4.299439971,1.136494459,0.852413856,4.241151762,2,28
1118,25,-0.473404572,0.114225913,7.828344729,-0.413521760,0.125174836,7.793071300,3,33
1120,25,-1.132434640,-0.838947696,3.016163090,-1.132726900,-0.850373433,2.994008660,2,26
1121,25,-0.108926392,0.026935162,2.743851612,-0.112319925,0.013725556,2.704909473,2,29
1126,25,-0.313771757,-0.183584545,1.980984026,-0.326721916,-0.200292494,1.945649843,2,26
1128,25,-0.119432568,0.100917183,5.949089229,-0.082946038,0.102831899,5.909644897,4,43
1129,25,-0.511893210,-0.023229369,4.188221355,-0.497319900,-0.029432114,4.154397357,3,37
1132,25,-1.448213197,-0.000333023,3.374024101,-1.443680111,-0.009929002,3.351802497,2,26
1133,25,0.373527449,-0.487350866,4.541296978,0.392227005,-0.492306330,4.498627900,2,26
1134,25,-1.186663634,-0.846973756,3.040026847,-1.186658388,-0.858260892,3.018582286,3,27
1137,25,-0.184658904,-0.242234657,3.151434018,-0.183092377,-0.253482317,3.114668468,3,30
1138,25,-2.307966076,0.814829029,6.351490425,-2.266007898,0.819680775,6.335842464,2,26
1139,25,-1.171695895,-0.923490950,3.282074171,-1.168714731,-0.933642570,3.260783543,10,40
1140,25,0.785944047,-0.027341368,2.445329262,0.778747206,-0.042386615,2.395546532,3,45
1141,25,-1.226604205,-0.881739723,3.188737629,-1.224761652,-0.892305847,3.167940582,12,41
1142,25,-2.212002427,-1.323408518,4.766076428,-2.190659155,-1.326057540,4.759474479,10,36
1147,25,-0.148343142,-0.064617073,1.861760314,-0.162738393,-0.081967902,1.823818507,2,27
1149,25,0.776375904,-0.025191149,3.964596788,0.788068567,-0.033064974,3.914788517,3,33
1154,25,-1.179965665,-0.891208742,3.088072877,-1.179382180,-0.902271936,3.066749729,2,26
1156,25,-1.143310331,-1.107842203,3.431318234,-1.138553289,-1.117301296,3.410532248,30,78
1158,25,-0.005077655,-0.061175982,0.975429194,-0.030501607,-0.082776482,0.935768692,2,29
1161,25,-0.043202699,-0.133128666,2.615727010,-0.048261358,-0.146972314,2.576735212,4,45
1163,25,-1.525752731,-1.065240911,3.824907327,-1.516055037,-1.072660870,3.808639138,14,41
1165,25,-0.461804281,0.164895903,3.364735125,-0.457393661,0.154782437,3.329472824,3,33
1166,25,-0.328373852,0.058720861,2.081972351,-0.339965694,0.042493567,2.045666361,2,28
1173,26,0.198938459,-0.873175142,2.958199262,0.194568780,-0.887816127,2.936395530,48,85
1174,26,0.495317274,-0.051367324,1.505399024,0.472867327,-0.073063234,1.476065202,2,28
1175,26,-0.986218438,-0.152496502,3.441665406,-0.984419027,-0.164661808,3.431117340,2,30
1176,26,-0.131661772,-0.537053166,8.449701994,-0.067515521,-0.525168392,8.429907629,2,30
1179,26,-0.311448869,-0.103616219,1.653694771,-0.331990742,-0.124492665,1.634658040,2,28
1180,26,1.103772750,-0.075938721,3.867728831,1.110727033,-0.086318212,3.830716607,2,29
1181,26,1.537007500,-0.418939586,4.223382293,1.548338938,-0.427655279,4.182591803,6,41
1182,26,0.505970213,-0.306429654,4.018776027,0.514838468,-0.316001164,3.990315353,5,44
1186,26,-0.072737924,-0.224075712,5.071374322,-0.050695417,-0.228496871,5.049637247,2,30
1187,26,2.083229536,-0.411151230,4.944901241,2.103514847,-0.416457031,4.897198739,4,36
1192,26,0.522106720,0.539920450,2.477981354,0.511821063,0.522905284,2.445373938,3,30
1194,26,-0.248774203,-0.282309470,2.330162480,-0.260899036,-0.299929069,2.311146022,2,31
1195,26,0.145065895,-0.345284214,6.824120073,0.188936193,-0.341277888,6.800095703,2,29
1204,26,1.973973884,-0.500269493,4.702680398,1.991241629,-0.506728536,4.656791628,4,31
1208,26,-0.180589271,-0.320939959,2.632758487,-0.188949315,-0.337108348,2.613051276,2,29
1209,26,2.006557109,-0.464419079,5.106660831,2.028861541,-0.468934200,5.060156772,5,34
1210,26,0.320787907,1.020989214,4.883424864,0.340541464,1.015596498,4.850791484,2,30
1213,26,-0.249872650,-0.093372898,1.268653667,-0.275219249,-0.116114543,1.248834230,2,28
1215,26,0.127905661,-0.556320435,2.788986745,0.121453407,-0.571772153,2.766555050,2,28
1218,26,0.428980161,-0.539951709,6.248117744,0.465633588,-0.538757807,6.221544357,3,42
1219,26,-0.787684302,-0.674602166,4.674418232,-0.770566161,-0.680840934,4.663803724,3,31
1221,26,-0.196729107,-0.241034991,1.552176460,-0.218554991,-0.262414220,1.532381527,2,28
1225,26,0.300357123,-1.260975627,7.077113727,0.347307150,-1.255758312,7.055548460,2,28
1230,26,-0.101660931,-0.295335525,3.231345430,-0.102562264,-0.308627174,3.210477169,3,40
1234,26,-1.175910870,0.342186988,5.077623747,-1.153666054,0.337931013,5.066907842,3,32
1236,26,2.226476208,-0.406002455,5.297435908,2.251146089,-0.409626323,5.247891152,6,37
1241,26,-0.509821843,-0.470157948,3.542033244,-0.506829767,-0.481896615,3.527069358,4,32
1243,26,-0.200673888,-0.227315854,1.661715828,-0.221132807,-0.248166395,1.641894099,2,28
1247,26,0.596137844,0.101532568,4.438349516,0.610258115,0.093968467,4.406758965,2,31
1248,26,1.149367989,-0.104260584,5.591747759,1.177811624,-0.106330119,5.554149664,2,28
1250,26,0.015951315,-0.593555329,5.580589448,0.044310539,-0.595527471,5.559483714,3,41
1251,26,0.151491852,-0.475314209,5.244454015,0.175657719,-0.478926416,5.221118023,5,44
1255,26,-1.215460188,-0.979599864,3.395848295,-1.214270643,-0.991947101,3.392152760,12,41
1258,26,-1.098979492,-0.843549586,2.963912557,-1.103175031,-0.857996721,2.958147030,2,28
1262,26,-0.109102291,-0.170186852,4.306409501,-0.096590755,-0.178293634,4.284934163,2,30
1263,26,-1.209736382,-1.011994322,3.370043580,-1.208871222,-1.024466381,3.366435278,27,69
1264,26,-1.769641369,-1.196247547,4.265295044,-1.757583391,-1.204327500,4.269476231,2,27
1265,26,-0.268722998,-0.325631617,2.302727014,-0.281191298,-0.343380480,2.284170727,2,28
1267,26,-0.189435936,-0.394149252,5.600648236,-0.160797050,-0.396000597,5.581139311,5,37
1270,26,0.236424552,-0.058893926,4.500242899,0.251333513,-0.066111446,4.473905486,2,30
1275,26,-0.228969334,-0.294928583,5.125999627,-0.206238457,-0.299065385,5.106547300,4,33
1282,26,-1.781634861,-1.279562669,4.461157276,-1.767139653,-1.286695407,4.465872446,5,38
1283,26,-1.159527007,-0.896741092,3.206280075,-1.160699665,-0.910010821,3.201504384,7,43
1284,26,-1.335388901,-0.932957649,3.416296827,-1.333931902,-0.945191402,3.413869635,10,41
1287,26,-1.052120120,-0.895612729,3.129542767,-1.054257800,-0.909266389,3.123429406,2,28
1288,26,-1.209700345,-0.994798272,3.400668777,-1.208452183,-1.007122821,3.396974326,4,32
1289,26,-2.077727994,-1.228194190,4.466105117,-2.063144576,-1.235265647,4.474263523,7,36
1290,26,-1.503739529,-1.017964913,3.656779753,-1.499276936,-1.029016138,3.656840084,6,39
1295,26,-1.576956495,-1.185916052,4.165145173,-1.566161443,-1.194503917,4.166883188,5,40
1299,26,2.178752600,-0.863301400,5.444374066,2.205226988,-0.866205089,5.397617423,3,35
1302,26,-1.215379657,-0.929854142,3.295314501,-1.215440165,-0.942686874,3.291386945,26,77
1305,26,0.332264161,-0.784820490,2.693304238,0.324587473,-0.800757292,2.669435684,2,28
1307,26,-1.168190207,-0.833076792,3.010801807,-1.171795044,-0.847289002,3.005844440,2,27
1309,26,-1.885481764,-1.203014806,4.162754237,-1.874693708,-1.211574394,4.168421463,7,36
1313,26,-0.440760511,-0.216945326,3.753681670,-0.435117721,-0.227674961,3.736616222,2,29
1318,27,1.597598307,0.745311243,6.618767204,1.640701459,0.751484548,6.555612151,3,33
1320,27,0.002222320,-0.661837927,6.585190857,0.045650110,-0.656420322,6.549631468,2,30
1333,27,0.186566229,0.271697921,1.208785926,0.161864135,0.248491579,1.166432550,2,30
1336,27,0.120937666,0.201934967,3.254109423,0.122027683,0.189615518,3.212763132,2,32
1339,27,0.465311531,0.632884616,2.680922758,0.458966122,0.617630240,2.632996112,2,30
1340,27,-0.107944534,-0.020549729,1.476702207,-0.129120528,-0.042432892,1.439590545,2,32
1341,27,0.524013626,-0.363452119,3.548874003,0.529032957,-0.374040351,3.505436521,3,32
1344,27,-2.864581434,-1.762699708,6.224335522,-2.824984519,-1.760263544,6.230783594,12,38
1345,27,0.773289239,0.344376297,3.535707407,0.777810701,0.333800946,3.485359404,4,33
1347,27,0.089380018,0.047128887,1.431141976,0.067584775,0.025075527,1.391188625,2,28
1353,27,-0.633206860,0.242840473,2.847699491,-0.637192814,0.228070443,2.815671560,2,31
1355,28,-0.224286136,-0.009437314,0.803445424,-0.254159008,-0.035546055,0.767117937,2,29
1356,28,1.113836073,-0.280637521,3.245938437,1.114713359,-0.292919440,3.194017214,6,43
1358,28,-1.072920291,-0.378639855,4.624119165,-1.054483809,-0.384246564,4.600122822,3,38
1359,28,-0.325537444,-0.159012588,1.683909621,-0.344255927,-0.180359635,1.649587973,3,32
1363,28,-0.485403211,0.069477961,1.912728556,-0.501332899,0.049313306,1.879153355,2,30
1366,28,1.466607223,-0.484655043,3.972166767,1.476686725,-0.492841237,3.916848300,2,31
1369,28,-0.250838778,-0.377712202,2.095665128,-0.264283384,-0.396783482,2.061555350,2,29
1374,28,1.142634088,0.194373384,6.556960697,1.184957299,0.200139263,6.501779599,2,30
1377,28,-0.260255947,0.185574206,7.157041479,-0.210266750,0.194073575,7.119507601,4,31
1378,28,-0.952856989,-0.619565774,5.644691921,-0.921479457,-0.619561192,5.620400291,2,33
1379,28,0.177607816,0.280406521,1.194161353,0.152488671,0.256576513,1.151161170,2,30
1380,28,-0.520805362,-0.198505319,2.495857439,-0.529273817,-0.215501682,2.464131962,2,33
1387,28,-0.178597797,-0.584370655,7.098492140,-0.129004374,-0.576147620,7.064127957,3,41
1388,28,-1.246512320,-0.458526804,5.398344893,-1.218283957,-0.459979504,5.376895394,3,38
1390,28,2.334090958,-0.544472768,5.874190910,2.368061830,-0.541960758,5.808101780,5,34
1392,28,0.390412415,-0.381015271,3.396497829,0.393286827,-0.392752041,3.354213419,2,32
1397,28,-0.335191480,0.123990714,5.854622031,-0.301556880,0.125364614,5.818488973,4,44
1405,28,2.409792586,-0.584450542,5.846495924,2.443427011,-0.582059894,5.779674327,4,34
1406,28,1.898807131,-0.452291626,4.285027357,1.912774489,-0.458607931,4.224063928,3,34
1412,28,-0.465647508,0.037733793,1.140416052,-0.491282436,0.013368350,1.106837660,2,30
1413,28,-0.598549679,-0.232720131,2.868254902,-0.602310660,-0.247716305,2.837659124,2,33
1416,28,-1.107275190,-0.913690775,3.195130813,-1.106575492,-0.927090113,3.174614213,11,40
1417,28,0.361728473,0.435386855,5.479800065,0.390450936,0.434980165,5.433235969,2,30
1422,28,-0.300131721,0.195962565,5.079237488,-0.276289030,0.193123244,5.042344253,2,30
1426,28,-1.677286137,-1.175048967,4.137424918,-1.664566447,-1.183527380,4.125416395,10,41
1427,28,-1.269977834,-0.894222734,3.209065924,-1.269098679,-0.907608686,3.190489677,11,41
1428,28,-0.295839479,-0.027927965,7.410778170,-0.242558356,-0.018056255,7.374830653,3,39
1429,28,-0.056916915,0.151026870,1.744351693,-0.075036050,0.130107380,1.704955728,2,32
1431,28,2.218108358,-0.069097902,7.673976999,2.274520603,-0.056829192,7.606590199,2,31
1432,28,-0.496638111,0.132565651,4.332305975,-0.482149865,0.125581571,4.298301207,2,30
1434,28,-0.164429756,-0.084842325,4.955947793,-0.142022466,-0.088297409,4.918887116,2,30
1436,28,0.043280027,0.116081853,3.807006233,0.051123072,0.106441945,3.766345588,2,32
1438,28,-1.361010156,-1.402163783,4.246398769,-1.346841839,-1.409923905,4.231636086,31,91
1439,28,-1.106213414,-0.906350587,3.194597752,-1.105523820,-0.919752534,3.174027876,10,41
1440,28,0.340003399,-0.479849722,3.828318991,0.348360005,-0.489251039,3.787166485,5,44
1441,28,2.284995445,-0.425509615,5.463764628,2.313752140,-0.425254843,5.397684284,6,37
1443,28,1.447293387,-0.232174043,3.481400873,1.451085192,-0.243045892,3.424997012,3,33
1445,28,0.448838057,-0.560578189,5.869726887,0.482909471,-0.558811723,5.827452254,2,29
1446,28,-0.901298555,-0.369785575,4.524463147,-0.884133642,-0.375869828,4.498268064,2,33
1447,29,0.070224627,0.269464287,5.300151964,0.108837473,0.267936991,5.255366969,3,34
1457,29,2.135817527,-0.360934199,5.110908180,2.171619465,-0.363266745,5.039956230,7,37
1463,29,-1.084005702,0.827845199,2.705177744,-1.083107038,0.810393521,2.674100362,2,31
1465,29,-0.499258149,-0.482182171,7.168998747,-0.433249817,-0.472458597,7.136809786,4,33
1467,29,-0.370370450,0.123808044,5.355433209,-0.330871905,0.122548068,5.317924970,2,32
1468,29,-1.631966598,-0.554982091,7.764503978,-1.557169660,-0.541828604,7.749138722,2,33
1469,29,2.179544479,-0.467425761,5.311395807,2.218280718,-0.468534092,5.240428923,6,36
1470,29,1.881835033,-0.414654863,4.552095011,1.909559138,-0.420414305,4.485227723,4,43
1472,29,-1.283592541,-0.879808384,3.191191712,-1.275189023,-0.894314583,3.173299757,11,41
1474,29,-0.669018458,-0.498668293,7.602052473,-0.596697084,-0.486346582,7.572376083,2,32
1475,29,-1.117643951,-0.459409841,5.006509127,-1.082990798,-0.462893598,4.983434272,2,33
1476,29,-0.634218102,0.259134711,9.122934821,-0.539994205,0.280666959,9.087973188,2,30
1477,29,-1.435127805,-0.937591486,3.472381921,-1.422609074,-0.950416404,3.457006774,7,39
1479,29,-1.599395701,-1.071928339,3.837675493,-1.581519650,-1.082562807,3.825455525,5,41
1483,29,0.342251895,0.077055595,5.462454945,0.383241531,0.076559139,5.414863449,2,31
1484,29,-1.181645263,-0.494546447,5.259754615,-1.143297708,-0.496504731,5.237791097,2,33
1485,29,-1.278556620,-0.872560361,3.199299851,-1.270037643,-0.887016740,3.181289815,11,41
1486,29,1.822526574,-0.325639987,4.508040552,1.849594884,-0.331677587,4.441501074,4,35
1488,29,-0.623355770,-0.117168031,8.875997805,-0.532627011,-0.097123949,8.843188818,4,40
1491,29,1.915053735,-0.498310795,5.430074612,1.955549614,-0.498741471,5.363122767,3,31
1492,29,-0.487023864,-0.372292194,6.219299496,-0.434840491,-0.368325332,6.186384678,3,39
1493,29,2.265145351,-0.408406681,5.469266077,2.306151326,-0.408545472,5.396678419,4,45
1494,29,-0.612456681,0.133911910,1.559646948,-0.628077036,0.109604693,1.526064906,2,32
1496,29,1.668500033,0.178673090,7.473136072,1.738533945,0.190574666,7.405411557,2,30
1498,29,-1.086768319,-0.916527926,3.175153117,-1.078609468,-0.931099198,3.154626079,10,41
1499,29,-1.227013301,-1.253088835,3.825769546,-1.209304600,-1.263732600,3.809238515,18,74
1500,29,2.199461837,-2.027317695,6.527642942,2.256251329,-2.021021822,6.465686743,2,30
1503,29,1.119794208,0.388930345,2.285290562,1.114469309,0.369293937,2.224906757,2,34
1504,29,-1.121663366,-0.915095459,3.221273439,-1.112831190,-0.929392777,3.201238978,9,41
1506,29,0.191283176,-0.935444746,3.301172184,0.201142510,-0.949047450,3.262176120,16,51
1507,29,-1.741195424,-2.489910217,8.698207865,-1.652343163,-2.471078930,8.696036775,2,30
1508,29,1.676712759,-0.360917193,4.081201834,1.697604457,-0.369564763,4.017047410,3,33
1509,29,-1.112904638,-0.939682873,3.227891078,-1.103971156,-0.953938225,3.207877511,9,47
1513,29,2.059319280,-2.207347867,7.129666176,2.124913882,-2.197421897,7.070762161,2,30
1514,29,-1.044161354,-0.903160486,2.989669779,-1.038704859,-0.918849508,2.968465724,2,30
1515,30,-0.593627590,0.275454446,7.621419494,-0.486635022,0.300647140,7.591074873,3,44
1524,30,-1.859227352,0.854461902,5.836910324,-1.784742147,0.867596481,5.826152294,2,33
1527,30,-0.563661467,-0.176776895,7.598560861,-0.456859748,-0.151710995,7.570599953,3,41
1528,30,0.873419239,-0.270449169,2.776562924,0.892420314,-0.276038221,2.723990251,8,43
1529,30,1.032024205,-0.281550148,3.198524511,1.058671320,-0.284345426,3.143062966,6,43
1531,30,-0.374829189,0.109563484,7.036529099,-0.278415468,0.131058434,7.003389911,4,45
1533,30,-1.308246021,0.348978186,3.709308279,-1.272251752,0.348564307,3.692201996,2,31
1545,30,2.264249058,-0.413122611,5.579701920,2.334022913,-0.400019438,5.502256281,4,36
1546,30,-1.360726219,0.341850104,3.731844313,-1.324310206,0.341561817,3.715733591,3,33
1551,30,1.706108771,-0.466346016,4.574959273,1.757746686,-0.459963828,4.508187129,3,35
1559,30,-0.612339032,0.334952310,8.893022393,-0.482269835,0.368368657,8.862396542,2,33
1561,30,1.803138234,0.340236981,3.586270862,1.836387479,0.340239377,3.512704293,2,34
1564,30,2.040711743,0.816182152,8.523074731,2.163376960,0.848227374,8.441195288,2,33
1570,30,-0.545854404,-0.065497400,9.120530390,-0.411459452,-0.030573862,9.091243262,2,35
1573,30,-1.313746138,-1.071190530,3.865715850,-1.274188734,-1.070564121,3.857862837,11,47
1576,30,1.817304511,-2.285864418,7.079211521,1.915346807,-2.263188412,7.021717381,30,78
1578,30,0.181623445,-0.855991195,2.908090754,0.203425578,-0.860986056,2.871850794,43,85
1584,30,0.392789847,-0.889969753,2.866755527,0.413823314,-0.895149199,2.826905663,2,32
1586,31,0.299573048,0.097347723,4.817348700,0.359642766,0.104733261,4.788341670,2,32
1589,31,1.351973640,-0.311588729,4.076923948,1.397508489,-0.308278927,4.029882366,5,43
1590,31,1.888615268,-0.402198897,4.611704127,1.944881228,-0.394457817,4.554420794,4,35
1591,31,2.456885710,-0.562023178,6.888638407,2.558898330,-0.537376728,6.820576568,3,40
1592,31,2.043629299,-0.453040171,5.136639444,2.110455012,-0.441373933,5.076489248,3,35
1593,31,2.273585911,-0.648991126,6.515928231,2.368273574,-0.627211811,6.452246586,2,32
1598,31,-0.894006163,-0.676203129,5.354874729,-0.821925254,-0.666320187,5.355192691,3,35
1600,31,-0.607860287,-0.503292978,3.699332603,-0.569255325,-0.504906506,3.693055318,3,35
1605,31,1.050935720,-0.062816329,2.515054261,1.064894176,-0.071005312,2.472635627,2,32
1609,31,-0.754108919,-0.560184203,4.440053990,-0.700548748,-0.556675285,4.436947433,3,36
1612,31,0.177432691,-0.908869385,3.048614034,0.203351160,-0.914222706,3.029616243,46,86
1619,31,0.151841839,-0.901136144,3.123308510,0.179253311,-0.905985622,3.104752144,10,51
1621,32,0.073543397,-0.099650700,2.200980257,0.089278465,-0.119148204,2.193333724,6,45
1624,32,1.982602774,-0.559541257,5.156089167,2.067294857,-0.553282554,5.106691619,2,35
1626,32,-0.490646083,-1.375887739,7.670196431,-0.345484597,-1.353607655,7.683917232,3,34
1627,32,1.487540579,-0.373238473,4.246041612,1.550899156,-0.374779189,4.206995068,4,40
1628,32,-0.739926863,-0.520685312,4.210757369,-0.676544355,-0.525705742,4.224696426,2,35
1630,32,-0.505580887,-0.214073867,2.323675383,-0.486649195,-0.233447747,2.330354290,2,34
1633,32,-0.400965013,-0.174485293,1.804719451,-0.394195876,-0.197747149,1.808813451,3,35
1639,32,1.469570716,0.498068980,2.836366079,1.498734894,0.485507782,2.791413943,2,33
1640,32,2.268604664,-0.500348737,5.534359722,2.361920865,-0.490736798,5.477734733,3,35
1642,32,-1.139333243,-0.942146250,3.194943471,-1.098784599,-0.955632098,3.221746199,8,41
1644,32,-0.806914290,-0.561468215,4.581210413,-0.734831410,-0.563701764,4.596912680,2,36
1646,32,-1.000607750,-0.675862780,5.639482238,-0.903673343,-0.670138482,5.660259357,3,36
1648,32,-1.121118990,-1.029171669,3.368568544,-1.076395988,-1.041277738,3.395569164,32,78
1649,32,-1.673118432,0.451361716,3.769441133,-1.621322727,0.441532660,3.797700352,2,33
1651,32,-1.324800678,-1.304561123,4.041710663,-1.263919738,-1.311715016,4.075381207,24,68
1654,32,-1.098400587,-0.902539881,3.142472399,-1.059147673,-0.916376210,3.168031680,2,34
1659,32,-0.244488644,-1.285003069,4.387489483,-0.175890919,-1.287910659,4.395765730,46,91
1660,32,1.775989560,-2.273890294,7.594725152,1.920235832,-2.248903007,7.562678595,6,38
1661,32,2.060707978,-2.099973796,6.759261251,2.185163542,-2.081081600,6.719493717,10,41
1662,32,2.124410899,-2.089747445,6.666870646,2.246683736,-2.071482573,6.625569339,9,40
1671,33,1.861130171,-0.309942456,4.542167625,1.977016042,-0.312133455,4.492520693,4,36
1676,33,1.564614450,-0.449926639,4.207245268,1.670243936,-0.455731568,4.168544481,3,39
1683,33,-1.436450644,-0.415372156,5.414947880,-1.289904145,-0.422133789,5.473353217,2,38
1687,33,0.108402646,-0.843314745,2.918737125,0.174208226,-0.864113813,2.931345486,42,86
1689,33,0.121629226,-0.782803143,2.831905839,0.184369682,-0.804232616,2.843668490,40,88
1690,33,-2.490103970,-1.384791521,5.043259217,-2.351542760,-1.398027672,5.143707527,5,37
1691,33,-1.827777562,-0.438646108,6.560866566,-1.643526129,-0.437862054,6.631589887,2,38
1701,33,-0.945590219,-0.224692391,3.491174670,-0.862813064,-0.244698744,3.533168662,2,38
1706,33,-1.314414937,-0.371866070,4.928634009,-1.183970352,-0.381982741,4.982993554,2,38
1714,33,-1.976793381,-0.495723168,7.230929371,-1.770376998,-0.490250687,7.306580224,2,38
1716,33,-1.201661956,-0.317276434,4.482365307,-1.086047951,-0.330469767,4.532875087,2,38
1717,33,1.791579256,-2.126575593,6.895401444,1.991030198,-2.110681396,6.860585641,9,41
1718,33,0.187362293,-0.859253752,3.025402864,0.256666138,-0.878952923,3.035493224,47,88
1720,34,-0.477631122,-0.167595100,1.940070076,-0.426609428,-0.216397861,1.995218307,2,35
1724,34,2.128746920,-0.491422246,5.718851206,2.338793221,-0.494669518,5.662965630,2,35
1726,34,2.111789049,-0.402826032,6.673751699,2.361813365,-0.397566200,6.616911555,2,38
1729,34,1.874473220,-0.280686550,5.078376917,2.056646245,-0.290831458,5.032002007,3,36
1732,34,2.128541548,-0.450240847,6.462863477,2.369858988,-0.446800708,6.405928418,3,40
1733,34,0.105730168,-0.838463935,3.033869269,0.205714823,-0.874809994,3.069197621,11,51
1736,34,-0.485848364,-0.198491810,2.018819313,-0.431339745,-0.246621323,2.074513569,3,36
1737,34,-1.212271190,-0.909319878,3.109911013,-1.107534565,-0.950823891,3.201592568,7,41
1738,34,-1.229100917,-0.904362277,3.138055006,-1.123182499,-0.945688099,3.230379157,6,41
1739,34,-1.196515757,-0.923305628,3.094574426,-1.092374805,-0.964876975,3.185726305,7,41
1741,34,-2.171400296,-2.699795492,9.309519883,-1.794957664,-2.689714398,9.451759845,4,38
1742,34,0.345274362,-0.955880671,3.204647431,0.452830145,-0.989622764,3.230707177,39,88
1743,34,-2.069865179,-2.427751022,8.212892778,-1.741207005,-2.427094510,8.349466671,9,42
1744,34,1.889391424,-1.835458526,6.219557763,2.127299708,-1.835197263,6.185160505,6,40
1745,34,1.698908253,-2.503625800,8.463043093,2.035095652,-2.484001618,8.440489548,3,37
1751,35,0.026105157,-0.018168535,1.456544092,0.070252132,-0.083120564,1.512268846,2,36
1752,35,-1.249562405,-0.914402818,3.139471207,-1.107642868,-0.969595952,3.269975319,9,44
1753,35,0.061342392,-0.860532299,3.040862493,0.195739448,-0.908253761,3.101070693,49,88
1758,36,-1.585652934,-0.772139451,3.074403556,-1.423543735,-0.852091049,3.263304142,2,38
1762,36,-1.442913613,-1.055162469,3.603344438,-1.244885906,-1.127964636,3.785060929,7,47
1763,36,-1.328880408,-1.090653733,3.307904555,-1.149055749,-1.165299318,3.483447553,28,71
1765,36,-1.286791857,-0.905979188,3.037122172,-1.126048104,-0.983024869,3.208773371,4,40
1767,36,-1.347554583,-0.926576874,3.053608867,-1.185423712,-1.004114409,3.229217276,3,39
1768,36,-2.634148389,-2.480535621,8.436100655,-2.116416228,-2.515550190,8.696405224,4,42
1769,36,0.142132951,-0.812986303,2.985476401,0.295716277,-0.874894342,3.067228665,42,88
1770,36,1.442577108,-2.248023724,7.509325814,1.891754298,-2.248024271,7.515023372,4,39
1779,37,-1.264222200,-1.592096068,6.940713098,-0.800328276,-1.635839201,7.136172266,3,39
1780,37,-1.296090145,-0.879777024,3.007234008,-1.116105728,-0.964984324,3.207952559,3,40
1782,37,-1.284226252,-1.063617181,3.155829509,-1.091560432,-1.147111137,3.357103255,24,71
1783,37,-1.300819040,-0.910878324,3.016458981,-1.119784747,-0.996042024,3.217782998,3,39
1788,37,1.121907869,-0.811296208,5.493102242,1.468703911,-0.841742243,5.517609548,2,39
1795,38,0.713591054,-1.246321373,6.008403585,1.160873729,-1.276553329,6.064699660,4,46
1797,38,-1.462064425,-0.852244533,2.986682298,-1.252016010,-0.948319240,3.220442579,4,41
1800,38,-1.295288503,-0.844991229,3.006340398,-1.084345802,-0.938344756,3.226804216,3,40
1801,38,0.037089395,-0.892116779,3.243102227,0.263120998,-0.962840290,3.358109342,33,86
1802,38,0.016387246,-0.804070001,2.790982068,0.205476499,-0.880067368,2.908199120,42,86
1804,38,0.173038459,-0.706668049,2.784064068,0.359532450,-0.780402852,2.887991459,36,88
1805,38,-0.273574764,-0.923577260,3.269523905,-0.043958808,-0.998676756,3.409274048,18,70
1807,38,2.181135764,-0.858882759,5.343130793,2.565128687,-0.874398380,5.281933122,2,43
1814,39,-0.277281622,-0.091754454,4.611027557,0.085918520,-0.158830734,4.755998598,2,40
1817,39,-1.371885461,-0.900469521,2.974203703,-1.133774892,-1.003867103,3.229685568,3,47
1820,39,0.021167125,-1.015360842,5.081094866,0.441483108,-1.072042369,5.206223010,2,42
1822,39,0.078406172,-0.803009182,2.990799409,0.310307043,-0.881005768,3.117203506,7,49
1824,39,1.241500787,-2.240505741,7.640519027,1.904917732,-2.248425759,7.658839475,5,45
1825,39,0.037144300,-0.787666167,2.986984754,0.268595997,-0.866424810,3.116910022,48,88
1828,39,-0.460118168,-1.250126262,4.254375764,-0.106447538,-1.323943133,4.427420839,29,77
1829,39,0.060424731,-0.847946532,3.025215972,0.296254553,-0.925880127,3.153480453,39,85
1831,39,0.027197374,-0.655804376,2.567334549,0.219278700,-0.739234004,2.698600243,32,86
1832,39,0.134260910,-0.786892862,3.005280547,0.366917096,-0.863766307,3.126546617,43,88
1833,39,-0.076812857,-0.824649597,2.878524635,0.146214866,-0.906539520,3.019281779,38,88
1835,39,-0.003546742,-0.822680261,2.905072500,0.221488079,-0.903012483,3.039234085,9,47
1836,39,-2.583931732,-2.416863500,8.319058897,-1.841924465,-2.484105947,8.674260946,4,42
1837,39,1.263484534,-2.486408940,8.458631108,2.003439825,-2.485180034,8.474008081,4,42
1838,40,-0.539702070,0.267613501,4.860378409,-0.117778648,0.203891842,5.043491434,2,45
1840,40,0.549649447,-0.058503715,2.140509295,0.706221213,-0.135147372,2.233366206,2,43
1841,40,-0.259799010,-0.519629102,4.736100522,0.163821906,-0.579547517,4.900433649,2,45
1844,40,-0.037028459,-0.836774726,3.038249641,0.225432915,-0.913093176,3.192260047,42,88
1845,40,0.014844590,-0.730902648,2.714750468,0.243328993,-0.810213472,2.864164143,5,45
1848,40,0.174808162,-0.782137114,2.701454656,0.402185806,-0.858671549,2.835766587,22,77
1850,40,-0.449917609,0.258282105,3.407802690,-0.170447609,0.178623355,3.589286488,2,41
1852,40,-0.901859315,0.476727475,6.218779423,-0.349213861,0.422774600,6.428651324,2,41
1853,40,-0.013021619,-0.683212073,2.564331681,0.199953630,-0.764864484,2.716723392,17,64
1855,40,1.170845704,-2.606821349,8.571016210,2.003166077,-2.593662574,8.597709358,2,41
1856,40,1.006725917,-1.462681338,6.756919670,1.640114135,-1.474755367,6.796826830,3,44
1857,40,0.124985071,-0.776545673,2.811652958,0.363289827,-0.852658714,2.950257717,42,88
1858,40,0.060238668,-0.864348547,3.050387931,0.323937213,-0.938734887,3.195080292,46,88
1859,40,1.291732640,-2.106516835,6.954156664,1.955484807,-2.110837364,6.971745224,3,42
1860,40,-0.029130939,-0.856125101,2.906389364,0.220758881,-0.933890445,3.060466392,36,85
1862,40,-0.059072099,-0.715288611,2.727985882,0.170774131,-0.795794590,2.884425908,16,64
1863,40,-0.044246396,-0.809761288,2.888610035,0.203079833,-0.888029362,3.043781156,45,88
1864,40,-2.694583689,-2.493801277,8.563943664,-1.845853573,-2.551436099,8.968698048,3,42
1865,40,-2.673368887,-2.394869740,8.010820416,-1.880805071,-2.458835092,8.415176331,3,42
1875,41,-0.438086365,0.056815363,2.834556710,-0.191642123,-0.036324777,3.052433777,2,42
1877,41,-0.086355451,-0.005665871,1.991538055,0.069970968,-0.103350771,2.177582304,2,44
1878,41,-0.046589692,0.069668577,2.001039140,0.108650793,-0.026979586,2.181845917,3,45
1881,41,-0.912706041,-0.793305780,6.954416974,-0.204776273,-0.834937884,7.209748174,3,48
1882,41,0.075771839,-0.545823247,2.477061468,0.296035048,-0.632212677,2.649798727,2,42
1885,41,0.062209798,-0.782701587,3.006497135,0.344642703,-0.861323038,3.180593547,3,44
1886,41,0.007121561,-0.660334951,2.643207018,0.248269676,-0.745764578,2.823737135,33,87
1887,41,0.027778786,-0.798451136,2.880577062,0.297428022,-0.879765761,3.059267343,35,78
1888,41,-1.407233794,-0.857946870,2.986295354,-1.116325608,-0.970920722,3.318050365,2,43
1889,41,-0.000796321,-0.884495879,3.113399355,0.295880248,-0.962925781,3.294869700,38,80
1890,41,1.265840055,-1.306591569,4.438236685,1.706119961,-1.335488368,4.482366016,54,99
1891,42,-0.929636794,0.388697254,2.438664774,-0.716085769,0.273979405,2.758098123,2,44
1893,42,-0.076612491,-0.006408597,2.062668508,0.098320444,-0.107985192,2.293363949,2,45
1903,42,-0.029947704,0.087890529,1.927828541,0.126667286,-0.015409062,2.152375080,3,45
1907,43,-0.095427408,-0.732408230,2.617284121,0.159322873,-0.847563404,2.931103017,38,88
1912,43,-1.432348134,-0.772172118,3.063431118,-1.113513436,-0.911519089,3.534247061,4,47
1915,43,3.166553197,-0.573962014,7.114416439,3.926318807,-0.502140607,7.002987898,2,46
1919,43,-0.321047062,-0.169825832,3.708937807,0.049064005,-0.266113797,4.030589392,3,45
1921,43,-0.211784250,-0.799029242,2.816888407,0.069417803,-0.912568481,3.144435066,29,86
1922,43,-0.054103156,-0.677870065,2.664841713,0.204440453,-0.790903471,2.972308427,5,50
1923,43,1.107540316,-0.202273453,4.944379151,1.614558040,-0.233434593,5.087183237,2,46
1925,43,-0.361283802,0.253479111,3.993602389,0.030941330,0.162425659,4.309633292,2,44
1926,43,1.010351922,-2.541142954,8.459395134,2.001585746,-2.492876429,8.634044615,3,45
1927,43,-0.063955029,-0.798025358,2.714647072,0.203975797,-0.910099907,3.025288815,34,87
1929,43,-1.154306754,0.928020295,6.095457246,-0.525720529,0.864298677,6.477394093,3,45
1930,43,1.272674435,-0.713813320,8.681097589,2.236546752,-0.654795872,8.786857779,2,44
1931,43,0.164374424,-0.748161309,2.910484783,0.452436263,-0.849896591,3.191469827,39,88
1932,43,0.048833705,-0.749338376,2.744249727,0.318057702,-0.857858210,3.040260860,44,89
1933,43,0.065769242,-0.708420833,2.706872744,0.329271251,-0.817385175,3.000332344,36,86
1934,43,0.062054392,-0.880051880,3.059231988,0.372272869,-0.980936155,3.353928147,31,83
1935,43,-1.444946817,-0.981793615,2.928867191,-1.136059832,-1.124423820,3.406299474,24,71
1936,43,-2.764542421,-2.430308268,7.662216724,-1.842865451,-2.497612347,8.290857197,10,55
1937,43,-0.054994744,-0.795619326,2.654567236,0.205668528,-0.908841125,2.964533466,37,86
1938,43,-2.510111599,-2.214843496,7.271052225,-1.642872764,-2.284684588,7.867968948,2,47
1939,43,0.103896391,-0.712737893,2.585307554,0.352803771,-0.823503006,2.875195601,38,87
1940,43,-0.147084783,-0.797242565,2.730755498,0.123357645,-0.911089846,3.051180585,31,87
1942,43,-0.117866060,-0.759677203,2.742841896,0.152729564,-0.872517221,3.058953242,32,87
1946,44,-0.021892017,0.118497833,2.366442838,0.184255667,-0.005957963,2.680582941,2,45
1949,44,1.513829827,-2.251338902,6.894056311,2.313762964,-2.226196592,7.040581862,51,98
1951,44,0.004897992,0.158983009,1.788588394,0.139835766,0.020260807,2.102991424,2,45
1952,44,-0.135219314,-1.810081743,9.134159546,0.938260604,-1.762440489,9.454097346,2,46
1953,44,0.490533814,-1.608216888,5.143076107,1.070674115,-1.649803877,5.412953563,26,75
1955,44,1.543165450,-0.390020985,6.972439508,2.307746526,-0.363276061,7.072201314,4,49
1956,44,-0.014673316,-0.729401308,2.556477713,0.234779938,-0.848370036,2.887675946,41,87
1957,44,-0.013800846,-0.751187273,2.616080440,0.243391714,-0.868598404,2.947211859,40,88
1959,44,0.115998794,-0.822326183,2.795578088,0.395657085,-0.932370521,3.111152307,41,87
1960,44,0.055000055,-0.704359111,2.518415841,0.298706153,-0.822852497,2.840851907,31,85
1961,44,0.450594142,-0.310525379,3.110460766,0.753580807,-0.405749520,3.371164116,3,51
1966,45,1.511645609,-1.627318094,4.905549347,2.072673777,-1.670979029,5.036891887,42,97
1970,45,-0.443841738,-0.306337984,6.770874307,0.328601054,-0.356897923,7.105649390,2,47
1981,46,-0.732275626,1.150831689,4.825087376,-0.238556788,1.029632037,5.181010878,2,47
1984,46,-1.417514509,-1.023832878,2.873560103,-1.095453070,-1.202980359,3.367630704,23,77
1985,46,-0.321815600,-1.022115753,3.608704670,0.083485392,-1.154574262,3.958187675,24,88
1986,46,-0.499407732,-1.025474769,3.623427026,-0.090646387,-1.162796553,3.995302548,37,88
1987,46,-0.205681386,-0.777500545,2.721655699,0.079279079,-0.924640870,3.059693059,27,87
1989,46,-0.096250709,-0.767688683,2.656078736,0.179220400,-0.912977676,2.980652652,32,84
1991,46,-0.541770772,-1.066800238,3.719961845,-0.119200342,-1.203379115,4.097082311,33,88
1992,46,-1.472567784,-0.876589345,2.908831844,-1.150221345,-1.056717503,3.407168404,2,47
1993,46,-0.321948202,-0.804455783,3.150602737,0.018846591,-0.946301014,3.500282291,19,83
1994,46,0.089139454,-0.767830961,2.774384448,0.377942716,-0.905342706,3.074551121,36,86
1995,46,-0.392052789,-1.473094816,4.746213919,0.171210944,-1.584352634,5.102668977,18,76
1996,46,0.005761026,0.260944061,2.764529061,0.261740425,0.120165160,3.058495541,2,48
1998,46,-0.737056066,-1.335358322,4.469668754,-0.210016212,-1.462313449,4.869756711,29,77
1999,46,-0.720576598,-1.269075312,4.087058394,-0.243927877,-1.403315674,4.487101567,38,90
2000,46,-0.120962984,-0.767813300,2.658429566,0.155016926,-0.913773141,2.986111369,36,88
2001,46,-2.883176522,-2.381740804,7.847440473,-1.879883651,-2.502249080,8.508460838,2,47
2004,46,0.027374780,0.250482710,2.815573340,0.289926380,0.111368966,3.106561033,2,48
2005,46,0.838811259,-0.808638696,8.544646226,1.849046979,-0.807862826,8.703578035,2,47
2008,46,0.563255885,0.099681238,2.585513760,0.797045021,-0.028403782,2.813079660,2,47
2012,47,-1.443977927,-1.070305287,3.076407172,-1.090704872,-1.270504990,3.583563032,16,71
2016,47,0.437397846,-1.559041824,5.039394283,1.039776648,-1.663542164,5.297717889,23,74
2023,47,0.024592716,0.290261014,4.142913211,0.455079264,0.154932541,4.434418353,2,48
2025,47,0.075052708,0.391508216,2.806356520,0.332147524,0.232792506,3.100999211,2,48
2034,47,-2.603580694,-0.280629201,5.188497343,-1.998666817,-0.478255144,5.814512847,2,48
2035,48,1.018544026,1.152901850,4.931003913,1.530661958,1.063667574,5.047763565,2,49
2048,48,-2.675611149,-2.340807992,7.596653885,-1.685127272,-2.473512139,8.226684765,7,55
2052,48,-2.145943521,-1.543237755,4.908778182,-1.528489316,-1.718189085,5.479632981,15,73
2055,48,-2.745745790,-2.305443000,7.684388477,-1.744462637,-2.438255293,8.322095344,8,55
2057,49,0.279281047,-1.710647501,4.935133466,0.891292128,-1.853299700,5.198608624,24,78
2063,49,0.066703210,-0.273776385,4.375136412,0.542191898,-0.437806932,4.652812055,2,50
2068,49,0.920085037,0.587253284,3.241993219,1.206269312,0.441805268,3.412276003,2,50
2069,49,-1.036059448,0.750312465,4.558990577,-0.577223017,0.537263087,4.960699233,3,55
2071,49,-1.431548214,-0.880139830,2.954626292,-1.089607895,-1.137539990,3.437128691,19,71
2073,49,-2.857825898,-2.465074401,8.590030759,-1.729001850,-2.687915355,9.224319782,6,55
2075,49,-0.612074092,-1.680215084,5.005453490,0.015088547,-1.862883441,5.379053790,33,92
2077,49,1.106061378,-2.636283345,7.903292483,2.122897472,-2.687668708,8.051206039,69,128
2081,50,-1.791403686,-1.267267396,4.056766223,-1.294821516,-1.592808454,4.583384227,29,89
2085,50,1.468934239,0.878475955,4.445713347,1.839205219,0.765775816,4.567432825,2,51
2090,50,1.526776671,0.913965857,4.752100937,1.930374950,0.809411018,4.864523189,2,51
2098,50,0.214359207,0.329405337,1.698064523,0.307838416,0.096337269,1.992208784,2,51
2102,50,0.961171777,0.533814467,2.954862527,1.182760346,0.367150895,3.149889624,2,51
2103,50,0.295219612,0.530507419,2.496312265,0.468972302,0.313879422,2.773804070,2,51
2123,51,-0.876153341,0.426851547,7.730405533,-0.113433816,0.180761510,8.119969703,3,53
2129,51,-2.822921637,0.325199611,5.140238807,-2.326591656,-0.108455713,5.768908379,2,52
2152,52,-1.246095722,0.951707665,6.044168698,-0.745224067,0.576706488,6.492473534,2,55
2153,52,0.187172727,-1.851168547,5.713108740,0.873684871,-2.100115346,6.009014202,15,72
2154,52,1.406082665,-1.156706313,3.713128817,1.806152990,-1.325914169,3.887916687,38,97
2155,52,1.224482332,-1.137103394,3.698173667,1.623001030,-1.321651422,3.892795211,35,90
2156,52,1.078789648,-2.199042590,7.307756010,1.958855979,-2.357072383,7.497393772,20,71
2168,53,1.954137577,-2.387498913,7.245526094,2.811727699,-2.567073563,7.355484790,40,99
2169,53,1.347903965,-1.092169859,3.706711679,1.738565588,-1.336098470,3.905611254,35,97
2170,53,1.413803297,-1.233719640,3.817906655,1.825147303,-1.472471024,4.008807757,36,97
2171,53,1.743634694,-2.170754871,6.865043911,2.547290729,-2.366562341,7.000626404,37,100
2172,53,3.454191211,0.233343638,7.907186836,4.206419930,0.147434993,7.848484186,2,54
2173,53,-2.578502175,1.083791943,8.329953616,-1.784701246,0.618817163,8.934600878,2,54
2190,54,1.394533709,-1.043931333,3.658375487,1.772335127,-1.312883070,3.869943850,29,93
2194,54,1.392511865,1.044784901,7.629618822,2.108199355,0.818490384,7.804147154,4,57
2198,54,1.565813035,1.048046851,9.199025243,2.454394857,0.848070708,9.344391981,2,55
2199,54,0.183341840,0.533733348,3.175398571,0.438464135,0.198591406,3.515668002,2,55
2200,54,-3.402324414,0.793730140,9.589974927,-2.420871883,0.357684515,10.288427968,2,55
2206,55,1.467198894,-1.911233271,6.055735813,2.142195739,-2.204816414,6.258507157,30,99
2213,55,0.611721510,0.631953181,4.611621132,1.037265860,0.291285847,4.904361830,4,60
2215,55,1.071379300,-2.088111615,6.948769109,1.855430155,-2.386944471,7.191278531,18,76
2216,55,-1.098772856,-0.520516095,2.732542794,-0.828626353,-0.940882950,3.235494517,15,75
2218,55,1.656357939,-1.109938711,3.933321853,2.063304601,-1.418443871,4.123585718,24,93
2219,55,1.501275235,-1.037814412,3.636279604,1.873448782,-1.354934107,3.845362903,33,97
2220,55,1.503837394,1.983842437,9.313454884,2.398420029,1.721371191,9.468661467,2,57
2226,56,1.171831136,1.993627942,7.544826587,1.899703087,1.675735458,7.752089599,2,57
2228,56,1.343370764,-1.048548530,3.701756196,1.727680140,-1.405614570,3.940378215,32,97
2229,56,1.313929699,-1.011784360,3.647373396,1.691269006,-1.370332403,3.889336395,32,92
2231,56,1.401781906,-0.932062099,3.625584007,1.773765981,-1.288448134,3.857123943,31,93
2232,56,1.226056728,1.388551857,8.061120505,2.029069531,1.078549163,8.264192855,2,57
2234,56,1.634654850,-1.045845849,3.901156734,2.039284302,-1.392416043,4.105735232,32,96
2235,56,1.671617101,-1.160924413,4.045665351,2.095551696,-1.504702279,4.246155337,31,99
2236,56,1.556221262,1.920540368,9.182417295,2.467266003,1.632760313,9.336648326,2,57
2237,57,-0.111708917,-0.748952127,2.623424842,0.158537119,-1.189950094,3.036264885,3,70
2241,57,0.824431785,1.375801596,6.406183551,1.456038716,0.999297270,6.672731141,2,58
2247,57,1.342724689,-0.941154992,3.595315730,1.717393629,-1.334238737,3.840029853,30,93
2248,57,1.673671900,-1.111144361,4.087803537,2.105896735,-1.490309512,4.293542732,25,86
2252,57,0.346702667,-1.581629131,4.916405584,0.893238147,-1.985502146,5.269774273,18,78
2256,57,1.296986519,-0.881318528,3.606524548,1.671622668,-1.275473094,3.855829809,28,93
2259,57,1.488384798,-1.001274353,3.605792415,1.864859979,-1.390493504,3.834548727,35,96
2261,57,1.314488564,-0.908115051,3.591105606,1.687993008,-1.301980055,3.838756085,29,93
2262,57,1.082071196,-2.087528263,7.143940340,1.887001219,-2.448032483,7.404513728,20,80
2269,57,1.629265077,2.045957214,7.929158651,2.408445053,1.706439197,8.090190418,3,59
2273,58,1.714589357,-1.344110896,4.565875238,2.210203409,-1.759862906,4.769057994,24,96
2274,58,1.881169033,-1.077631203,4.210838299,2.329610552,-1.492806703,4.395916783,27,99
2283,58,1.416291748,-0.913426247,3.603301584,1.795523639,-1.343701695,3.843925947,32,93
2285,58,1.465324537,-0.902173718,3.612268239,1.844991630,-1.331320964,3.847222927,28,93
2286,58,3.616549895,1.921736688,7.916723762,4.405044154,1.573885203,7.864247457,3,61
2288,58,1.333951961,-0.887953460,3.658534621,1.719401765,-1.319552655,3.907970275,31,97
2289,58,1.953967427,0.652231998,4.019501960,2.341641486,0.236578276,4.187545129,2,60
2290,58,1.242538816,-0.781000674,3.669803565,1.627479031,-1.214505344,3.928887352,28,93
2296,58,-1.437700324,-0.533051983,2.815536831,-1.136975820,-1.031475069,3.381876069,10,68
2299,59,-0.505404077,1.152116573,4.390037003,-0.066254511,0.655496047,4.840863015,2,62
2307,59,1.593685522,-0.912816599,3.730096552,1.989237769,-1.369840171,3.958472947,31,97
2308,59,1.427841073,-1.025010660,3.788873301,1.833559328,-1.485044570,4.036182434,29,92
2309,59,1.708041633,-0.956035964,3.956152226,2.129286157,-1.408953895,4.170376149,31,97
2312,59,1.377777638,-0.917069247,3.671979763,1.768293677,-1.379057155,3.925147043,35,96
2313,59,3.116415142,1.729167143,6.694645848,3.779146739,1.325672735,6.718504137,2,60
2314,59,-1.456524312,-0.581653360,2.870249296,-1.144987095,-1.109198192,3.447115258,15,75
2320,60,1.139541426,0.848955813,5.212059855,1.668856235,0.375096873,5.482531685,3,62
2324,60,1.465582630,-0.877987730,3.734310974,1.867729163,-1.356783723,3.988069313,34,97
2325,60,-1.427337453,-0.646907536,2.777157866,-1.119444997,-1.201703563,3.362555586,14,77
2329,60,3.841066247,2.367382699,8.245468966,4.657885821,1.982889897,8.181815133,2,61
2332,60,2.896186465,1.542980780,6.666324974,3.561073413,1.122737147,6.724670025,2,61
2338,61,-0.809182214,2.134566850,8.112712740,0.033310112,1.612135417,8.589181997,2,62
2340,61,1.468748152,-0.902965657,3.716608799,1.872391318,-1.410508214,3.982371155,30,96
2342,61,1.369810750,-0.685081662,3.481167506,1.742409992,-1.196988389,3.758297982,26,90
2343,61,1.513881461,-0.752205214,3.586703567,1.899008956,-1.259886373,3.847294664,28,93
2345,61,2.086345048,-2.050087593,7.141827884,2.899193402,-2.513519137,7.322802987,35,99
2348,61,1.487266903,-1.088242052,3.775087431,1.901766760,-1.594799834,4.039500126,28,96
2350,61,1.767727513,-1.307183416,4.781777679,2.299037270,-1.798551313,5.009386823,27,99
2359,62,1.553752481,-0.764614265,3.661113042,1.946061005,-1.304813009,3.927297814,25,93
2360,62,-1.402563946,-0.457514276,2.862886049,-1.087398235,-1.072697785,3.463044528,5,66
2361,62,-1.442765732,-0.613578841,2.755879182,-1.135494230,-1.230329639,3.361744106,9,71
2363,62,0.371532165,-2.961974589,9.473312737,1.472975260,-3.493489443,9.842835652,11,76
2364,62,-1.447022221,-0.450992223,2.757835686,-1.143439993,-1.067880252,3.363592194,11,77
2366,62,1.263854957,-1.530032638,6.283106078,1.969010462,-2.060621852,6.567937823,31,99
2368,62,1.342662366,-0.749678967,3.636779154,1.733274643,-1.295027466,3.926630854,29,95
2371,62,0.311910810,-1.859554859,6.438829999,1.048629365,-2.411604795,6.830124975,11,78
2372,62,1.423369646,-0.869155174,3.562537056,1.808066353,-1.413018161,3.844262693,30,97
2373,63,3.256956326,1.818825592,7.563004970,4.012890683,1.132993945,7.661319326,2,64
2378,63,0.179655050,-1.251783374,4.774366284,0.711438994,-1.960020985,5.169612347,7,77
2380,63,2.844508130,-1.447003477,4.909954130,3.378441203,-2.095224363,5.006039266,5,67
2384,63,2.644795090,-1.400047925,4.537705210,3.137720083,-2.046520067,4.659137819,5,67
2385,63,0.256569999,-1.344343674,5.093059969,0.825179941,-2.056254649,5.475963555,14,80
2386,63,2.474516737,-1.279333378,4.665467560,2.980128187,-1.932044926,4.807293729,3,65
2390,63,0.349113972,-1.408234716,4.901180831,0.897212734,-2.114638439,5.273808502,10,78
2391,63,1.418407349,-0.648248957,3.621947232,1.801591824,-1.307867031,3.899536463,21,93
2393,63,-0.599247443,-0.965081459,4.103918447,-0.142947995,-1.680051822,4.595132125,28,92
2394,63,-0.698301951,-2.311073222,7.431238905,0.156341032,-3.085316890,7.885758695,9,74
2395,63,-1.380325800,-0.420630048,2.785393212,-1.076866577,-1.131288104,3.382006412,9,77
2396,63,1.348459501,-0.608051035,3.612285392,1.730163208,-1.269153754,3.898459087,24,93
2397,63,-1.403801250,-0.534181288,2.683642896,-1.109056638,-1.243580784,3.281247980,5,70
2398,63,-1.408235090,-0.508043660,2.693839957,-1.112888237,-1.217734124,3.292387261,4,66
2399,63,1.531971965,-0.625895912,3.608274000,1.912437025,-1.282632992,3.873843616,27,93
2400,63,2.139864588,-2.299440346,7.379170604,2.970326961,-3.006459868,7.520655291,8,71
2401,63,-1.473516518,-0.516984599,2.758095877,-1.170435016,-1.229307875,3.363273402,7,71
2402,63,-1.414035372,-0.408130928,2.853655305,-1.103056113,-1.120762278,3.453808862,12,78
2403,63,-1.491269224,-0.527660530,2.767956611,-1.186752991,-1.240564666,3.374822277,5,68
2404,63,2.415055283,-1.242523158,4.553171989,2.907808262,-1.894698377,4.703005591,4,71
2405,63,-0.124267753,-2.443694941,8.579722928,0.856904258,-3.224323752,8.960936629,49,139
2408,63,-1.381470419,-0.396622947,2.778012215,-1.079334125,-1.107190286,3.375273168,11,77
2410,63,-1.395104088,-0.690616418,2.670875729,-1.098497098,-1.399525807,3.264507703,4,66
2412,63,1.671217634,-1.049207738,4.533111783,2.162384702,-1.718501548,4.769082101,29,95
2414,63,-1.379657880,-0.552097289,2.734401067,-1.079056456,-1.261802551,3.328663522,7,71
2415,63,2.288062131,-1.486318720,5.090934601,2.846465145,-2.150656342,5.246581442,6,76
2416,63,-1.437151777,-0.695407472,2.668594684,-1.140426652,-1.405258066,3.266792276,4,66
2417,63,-1.432110984,-0.329250384,2.789514708,-1.129810858,-1.041228554,3.393630339,9,77
2418,63,-1.450610136,-0.678623455,2.664041004,-1.154661649,-1.388716939,3.264086243,4,66
2420,63,1.416138450,-0.542548472,3.755517294,1.811898597,-1.204573584,4.034602877,20,93
2421,63,-0.675404507,-0.952573813,3.992123081,-0.231283295,-1.667396406,4.492705280,21,90
2423,63,0.416068114,-1.521496671,5.231147053,1.002748004,-2.231992691,5.592052311,13,78
2424,63,2.471152389,-1.226493273,5.215273352,3.036636616,-1.888811567,5.355041371,13,93
2425,63,1.423005076,-0.684697709,3.561160937,1.800195306,-1.343141972,3.837905687,25,96
2426,63,1.695068849,-2.183493871,6.815596056,2.463401389,-2.891213569,7.012080950,8,70
2427,63,1.493754885,-0.565571521,3.623670145,1.874886341,-1.223493430,3.894557792,25,93
2428,63,-1.451969027,-0.446704375,2.708555960,-1.156017545,-1.157697269,3.313055225,5,68
2429,63,1.837361587,-1.013988495,4.241121516,2.294331292,-1.674366030,4.461275866,18,96
2430,63,0.881951982,-1.703941895,7.285549780,1.697387539,-2.438992261,7.578388560,13,78
2431,63,-0.660133308,-0.976460885,4.125485928,-0.200809816,-1.693222248,4.623065718,27,90
2432,63,1.465939055,-0.572732310,3.751256404,1.861551312,-1.233507142,4.024269600,24,93
2433,63,-1.045725936,-0.146129038,2.913870177,-0.736008636,-0.851304690,3.478127978,12,88
2434,63,2.640961202,-1.306617605,4.546992893,3.132949580,-1.953379411,4.670637601,5,67
2435,63,1.394927655,-0.705643855,3.589524788,1.775889683,-1.365225837,3.868778494,27,97
2436,63,-0.700983628,-2.291385655,7.265900404,0.134919702,-3.062841719,7.722150612,10,74
2438,63,-1.469921135,-0.717975117,2.683469917,-1.170855622,-1.428839187,3.284748071,4,66
2439,63,0.421411135,-1.927493671,6.684919538,1.177943336,-2.662828027,7.028020296,18,96
2440,63,-0.632539834,-1.017435336,4.098203381,-0.175545449,-1.733062816,4.592096642,26,92
2441,63,-1.378467565,-0.698162205,2.684714800,-1.080271343,-1.406918873,3.276271931,7,71
2443,63,-0.736522030,-1.028546310,4.327706436,-0.253172060,-1.750567151,4.831418831,28,95
2444,63,-1.434560196,-0.325352788,2.747280866,-1.137011502,-1.036659649,3.352011075,6,69
2445,63,-1.364086692,-0.697023643,2.774670109,-1.056030053,-1.406999977,3.364092298,4,66
2448,63,-1.373559595,-0.520758806,2.701110985,-1.077357190,-1.229759230,3.295529594,9,78
2449,63,0.501748292,-1.161790680,5.170410410,1.073477734,-1.869386255,5.529344174,9,76
2450,63,0.448798807,-1.440332973,5.129079298,1.022219465,-2.148333683,5.488617774,11,73
2451,64,2.660759982,-1.145736657,4.581639391,3.148641126,-2.004397301,4.664727162,4,67
2453,64,1.507931488,-0.863414341,4.476326616,1.986427035,-1.744487422,4.703656194,24,97
2454,64,2.630670862,-1.216016123,4.530483385,3.114318960,-2.072276272,4.612997772,4,67
2455,64,1.569170683,-0.424158298,3.608178059,1.943338913,-1.253875710,3.862334859,24,93
2456,64,0.312713276,-2.054240099,8.013861619,1.211689650,-3.168749713,8.271852568,6,75
2457,64,1.196632428,-1.938405961,6.879148683,1.962284369,-2.965345690,7.056312181,8,71
2458,64,1.163280666,-2.011526287,6.967814527,1.940258893,-3.044312602,7.143488205,8,71
2459,64,2.398633297,-2.187724938,7.604208135,3.241427509,-3.227352385,7.628870097,8,71
2461,64,1.642070061,-0.780084659,4.518071049,2.122868416,-1.660506857,4.735446201,30,97
2462,64,1.199273280,-2.016216028,6.944634073,1.973539558,-3.046763616,7.116263487,8,71
2464,64,2.429120737,-2.325697687,7.673789375,3.281871930,-3.368375360,7.686178751,7,70
2465,64,2.393628620,-2.122142420,7.596598053,3.234450819,-3.161578104,7.625854042,9,72
2466,64,2.456747003,-2.259146272,7.710640398,3.312228158,-3.303440564,7.723758946,8,71
2467,64,2.374667992,-2.278268184,7.638522275,3.223016885,-3.320302051,7.660035525,7,70
2468,64,2.391475341,-2.188108335,7.506228455,3.223468031,-3.222181308,7.532422608,7,71
2469,64,-1.459618734,-0.518948293,2.680659531,-1.167399692,-1.367825824,3.268060682,3,66
2470,64,1.291487830,-1.877992542,6.692371167,2.034782049,-2.891830975,6.864289157,8,71
2471,64,1.244674705,-2.009066841,6.832851841,2.006145462,-3.031991532,7.000823857,8,71
2472,64,-1.701256511,-2.087106501,7.100890221,-0.890119120,-3.197100622,7.584635427,5,71
2473,64,0.206936715,-1.033542436,5.035915275,0.758641889,-1.978587475,5.390977978,8,76
2474,64,2.709644661,-1.418624897,4.687597662,3.213783848,-2.281744789,4.747911629,4,67
2475,64,1.886166491,-2.213633741,6.920793428,2.656950020,-3.225706956,7.005385927,6,69
2476,64,0.545025129,-1.627691890,6.417592232,1.258163280,-2.644101386,6.688636707,23,107
2477,64,1.221290251,-1.986339147,6.871372041,1.986773387,-3.012129199,7.042983044,8,71
2478,64,1.238880566,-2.249761165,7.221315932,2.047678727,-3.295052202,7.372234346,7,70
2479,64,-1.399315376,-0.704314769,2.738985808,-1.097735566,-1.554765308,3.308057162,4,69
2480,64,0.387571665,-1.848592379,7.363296460,1.210371251,-2.923666199,7.630711303,9,76
2481,64,1.428459734,-0.369416757,3.748665825,1.818109576,-1.210874315,4.020453527,21,93
2482,64,2.409364241,-2.194816427,7.500747567,3.240755599,-3.228121027,7.524618051,6,71
2483,64,0.705043802,-1.421749541,6.058329663,1.373730852,-2.413683872,6.327195529,14,80
2484,64,-1.557362876,-0.377680592,2.921387085,-1.240360825,-1.243287825,3.526183126,4,69
2485,64,-1.411077320,-0.551217977,2.673970246,-1.119334579,-1.398460672,3.254146703,3,66
2486,64,0.587909009,-1.464265106,6.611985347,1.319417804,-2.491324303,6.886735345,22,114
2487,64,2.480278382,-1.287989004,4.989036243,3.016944637,-2.174563374,5.080035573,5,70
2488,64,1.266551278,-1.994190593,6.759681792,2.019515435,-3.012336451,6.926738332,8,71
2489,64,0.573820773,-1.670893961,5.255069583,1.158765778,-2.618560074,5.529489480,5,70
2490,64,1.550409093,-0.554158560,3.796278355,1.947832759,-1.395066695,4.043107362,25,96
2492,64,1.347044946,-1.146928577,5.844696782,1.983151578,-2.111331466,6.061638679,26,99
2493,64,2.558638735,-1.172590971,4.820538179,3.074103188,-2.047643547,4.911296406,4,68
2494,64,1.413317564,-2.334035480,7.186727940,2.218674700,-3.372898481,7.313692996,7,70
2495,64,1.339801136,-2.248943610,7.136392353,2.138540610,-3.286820549,7.276976788,5,70
2496,64,0.726264952,-1.587627686,7.223993598,1.526877508,-2.646854777,7.471274082,15,89
2497,64,-0.049093334,-0.100087819,2.434002414,0.199487250,-0.901124689,2.894328329,16,83
2498,64,1.171734341,-2.300200770,7.291167696,1.989586624,-3.351104947,7.445823990,7,70
2499,64,-1.466631599,-0.274272746,2.852440933,-1.159669595,-1.133853126,3.454128347,9,75
2500,64,-1.384490917,-0.234304095,2.880526135,-1.075643616,-1.093611191,3.475425881,5,69
2501,64,1.521664565,-0.482176536,3.670757672,1.904091514,-1.316589719,3.926098092,29,97
2502,64,1.608075806,-0.941813313,5.839092152,2.238284098,-1.899959460,6.039957677,32,99
2503,64,0.530437354,-1.535670764,4.991689755,1.084087814,-2.469265549,5.281153590,7,71
2504,64,-1.418532352,-0.360272716,2.643328885,-1.133515939,-1.206288263,3.236168447,4,69
2505,64,0.277820359,-1.763981446,7.957472205,1.165633856,-2.876624422,8.237370031,53,137
2506,64,0.640326319,-1.268468875,6.002493965,1.300524172,-2.259018656,6.288203306,14,80
2507,64,0.479086986,-1.052960527,5.092132947,1.035645429,-1.994642335,5.415767885,10,77
2508,64,-1.421223263,-0.534477971,2.684666937,-1.128527827,-1.382625981,3.266887735,3,66
2509,64,2.603557017,-0.565471951,4.649949954,3.089097243,-1.430679067,4.774032034,3,68
2510,64,2.371646851,-1.998126382,7.081990587,3.153408554,-3.008262461,7.125243929,9,72
2512,64,2.433880869,-1.182349321,5.012500920,2.971569723,-2.071634236,5.114817364,7,77
2513,64,0.492529153,-1.176429631,5.292081503,1.073336650,-2.129225635,5.605165466,12,78
2514,64,1.300158851,-2.323672982,7.238856957,2.111821319,-3.368352708,7.378434027,7,70
2515,64,2.324601018,-1.628064660,6.094261921,2.990697181,-2.582346296,6.172937605,9,73
2516,64,-1.238273161,-0.150882207,2.893364861,-0.930402894,-1.007555465,3.477220549,18,89
2517,64,0.866510146,-1.494871347,6.811137361,1.618862733,-2.526743656,7.051947525,16,85
2518,64,1.342955045,-2.225111328,7.048510111,2.131517887,-3.257822146,7.190889697,6,69
2519,64,-1.429685355,-0.177282252,2.786452874,-1.131982672,-1.032302278,3.390508661,5,68
2522,64,-0.732012535,-1.925389580,7.140265252,0.074506945,-3.014466635,7.527381403,7,72
2523,64,1.336165182,-0.472656075,3.604393858,1.712243179,-1.307714760,3.881150707,26,93
2524,64,-1.416075022,-0.209562675,2.842176009,-1.111714369,-1.067444754,3.442340475,5,68
2525,64,2.625473111,-1.171682207,4.577599094,3.113588582,-2.030911758,4.663006234,4,67
2526,64,-1.445261447,-0.322533695,2.705137035,-1.153897527,-1.172887291,3.302710851,4,68
2527,64,1.681765614,-1.928557679,6.744274157,2.429240760,-2.935848847,6.869968417,8,71
2528,64,-1.029856115,-0.052056842,2.422107912,-0.777252721,-0.876317666,2.992856126,9,79
2529,64,1.990245860,-1.186916905,6.541756047,2.700215632,-2.176363918,6.680337334,26,103
2530,64,2.531226705,0.752481927,7.043621594,3.259053490,-0.257051655,7.236878272,4,78
2531,64,-1.400847656,-0.377850731,2.751897023,-1.103605387,-1.229747999,3.340876495,8,75
2532,64,-1.456607479,-0.740334798,2.658991747,-1.162889775,-1.587428541,3.232778216,3,66
2533,64,1.382126014,-0.435493796,3.611218044,1.758012188,-1.269909536,3.885146366,25,93
2534,64,2.649466292,-1.092118103,4.528789442,3.130615495,-1.948071175,4.616789097,4,67
2535,64,0.698102177,-1.345448520,6.062504330,1.365945184,-2.337948532,6.336735000,14,86
2536,64,-1.755106958,-0.941612582,3.566302996,-1.355437724,-1.848591713,4.153401631,4,69
2537,64,-1.395628498,-0.395693454,2.742376683,-1.099158004,-1.246871633,3.329775092,5,71
2538,64,2.378544197,-2.398794297,7.606459073,3.225449840,-3.438617971,7.620474918,6,70
2539,64,1.986637533,-2.332316942,7.194077942,2.789159742,-3.357686983,7.258301762,5,69
2540,64,-1.478829973,-0.222184406,2.875287274,-1.170182027,-1.083501079,3.481296544,3,66
2541,64,-1.500117799,-0.377535654,2.725776978,-1.205147922,-1.230317953,3.325852979,3,66
2542,64,1.485963204,-1.199845369,6.907276368,2.239834438,-2.222882712,7.097420546,22,86
2543,64,1.818296627,-0.568818538,4.063549947,2.243895306,-1.418814052,4.278045186,19,96
2544,64,-1.403531687,-0.571165991,2.702045378,-1.108373590,-1.419826574,3.279961967,4,68
2545,64,-1.483487399,-0.328342798,2.832442214,-1.177677443,-1.187055106,3.432846804,7,75
2546,64,-0.740241814,-0.786466472,4.195809000,-0.279991675,-1.705904344,4.676235730,14,80
2548,64,2.190163271,-1.482310206,6.348561348,2.882698040,-2.455015206,6.448816285,12,75
2549,64,1.665778897,-0.481919957,3.906537171,2.073409647,-1.326615989,4.144253592,19,93
2550,64,1.578604564,-1.975558231,6.627554219,2.314633212,-2.978437871,6.762608819,7,70
2551,64,-1.426102592,-0.493290520,2.684042795,-1.134174389,-1.341603170,3.269306184,3,66
2552,64,-0.618305845,-0.736428235,4.013391218,-0.179917806,-1.642341065,4.484941760,27,92
2553,64,-1.425035599,-0.597830109,2.727888348,-1.126407200,-1.448470244,3.306335848,3,66
2554,64,2.302912584,-1.810841238,6.852738765,3.056398870,-2.809621195,6.916707863,8,71
2555,64,1.718851561,-1.918049623,6.864358558,2.479208757,-2.931480782,6.985684315,8,71
2556,64,-1.371652633,-0.152426742,2.876015190,-1.064835037,-1.011322513,3.474520840,4,68
2557,64,1.071864723,-1.478454269,7.551498713,1.904642548,-2.548650509,7.764986753,13,86
2558,64,1.488780104,-0.402212463,3.664333761,1.869287897,-1.237209273,3.928186242,20,92
2559,64,0.584357338,-1.107999078,5.692867694,1.207770445,-2.082130455,5.996897933,12,77
2560,65,1.108111488,-1.705299412,7.143418385,1.897412095,-2.987355697,7.284839419,8,72
2562,65,-0.443969061,-1.007046886,6.620918859,0.285477076,-2.286940274,7.000937838,8,78
2563,65,0.361391861,-1.869228246,6.907257665,1.131932262,-3.149427197,7.117482900,2,68
2564,65,-0.494322261,-1.922327733,6.660571113,0.255127791,-3.203122790,6.961755020,3,67
2565,65,-1.513919221,1.149436943,5.902542975,-0.893471172,-0.104274483,6.604288329,2,68
2566,65,-1.482181552,-0.221710935,2.701434618,-1.194421263,-1.182784368,3.306653727,2,66
2567,65,1.291204840,-0.352628259,3.607000160,1.664152595,-1.319919903,3.888555543,23,90
2568,65,2.826090304,-1.412157118,4.855655268,3.345650660,-2.445335952,4.859955225,2,66
2569,65,0.644921638,-1.693282053,5.585451731,1.263986522,-2.848652278,5.794375479,4,68
2571,65,-0.475638963,-1.459533100,5.029091712,0.084840575,-2.596170808,5.387313998,2,66
2572,65,0.548784477,-1.480615711,4.992743821,1.099104392,-2.586556966,5.237696107,2,66
2573,65,-1.089867974,-1.399640337,4.939034442,-0.536503432,-2.544901816,5.370645194,4,70
2574,65,-1.835601410,-0.993629934,3.540301782,-1.439587352,-2.035683814,4.104725640,5,71
2575,65,-1.555232942,-1.694257639,6.617873759,-0.807624387,-3.000566647,7.056091233,4,71
2576,65,-0.014628925,0.042661560,2.701123655,0.259404508,-0.880340870,3.170557497,23,88
2577,65,-1.984396132,-2.127155547,8.188494532,-1.052477683,-3.583280711,8.617796211,4,71
2578,65,2.572953454,-1.018964369,4.435541106,3.040908063,-2.023103595,4.507781266,3,67
2579,65,1.528284572,-0.480511038,3.909058715,1.935403043,-1.467884819,4.149955148,24,96
2580,65,-1.387343047,-0.121702442,2.740280470,-1.097539661,-1.084146790,3.343931397,4,68
2581,65,1.488892046,-0.299186722,3.638040669,1.863143732,-1.264202902,3.902622722,22,93
2582,65,0.591204978,-1.709013581,5.694343400,1.222961147,-2.875472737,5.906571459,3,68
2583,65,1.727774736,-0.378686677,3.849154354,2.125281264,-1.355827074,4.078244747,19,99
2584,65,1.183265576,-2.025226291,7.295462738,1.994312986,-3.317458847,7.397803829,6,70
2585,65,1.435299973,-0.416077174,3.588281063,1.806318070,-1.377572921,3.848497039,28,96
2586,65,-1.388732968,-0.771630560,2.651159831,-1.097962286,-1.723325861,3.196280067,2,66
2587,65,-0.453567211,-0.906525143,6.034968537,0.209209681,-2.134793653,6.431228074,12,80
2588,65,1.952197423,-0.748886907,4.260978480,2.400186948,-1.755193646,4.427452522,21,99
2589,65,-0.907080023,0.096686417,2.313973602,-0.671287526,-0.815817696,2.889627065,9,86
2590,65,-1.394243784,-0.605774821,2.627317598,-1.108854670,-1.556210319,3.188489141,2,66
2591,65,2.374164180,-1.747605641,7.881341544,3.238090498,-3.061553545,7.873300056,7,72
2592,65,-1.433910262,-0.069147249,2.778429212,-1.140454830,-1.036470254,3.391587629,6,75
2593,65,1.370370727,-1.731807065,6.606035313,2.098796434,-2.958761617,6.721909710,6,70
2594,65,0.414516783,-0.650901612,4.821957227,0.932870396,-1.748790637,5.159368612,11,77
2595,65,-1.372431378,-0.072642632,2.752147027,-1.082224060,-1.035961809,3.358549122,4,68
2596,65,-2.092481761,-1.638798043,7.731553476,-1.218763608,-3.059135686,8.222079561,7,71
2597,65,-1.377619115,-0.264370751,2.625007662,-1.098292344,-1.215641907,3.215692990,3,69
2598,65,-1.440029942,-0.110045290,2.827137314,-1.140445395,-1.081702813,3.436716279,9,78
2600,65,1.645432608,-1.739214466,6.859387658,2.400369903,-2.981412203,6.942004490,7,71
2601,65,-0.043829164,0.001408212,2.807338275,0.242869526,-0.931678281,3.275090280,11,87
2602,65,-0.525500334,-1.591599433,5.679134593,0.109666553,-2.787035449,6.024053961,2,66
2603,65,0.479244917,-1.757632444,8.945760411,1.473488604,-3.217184783,9.132572125,51,137
2604,65,0.404167965,-1.731613357,8.709173262,1.372186235,-3.172159466,8.908970757,5,76
2605,65,-1.415464928,-0.777218393,2.657687304,-1.123707271,-1.730186134,3.205143583,2,66
2606,65,-2.073503593,-1.070939996,5.239789296,-1.486019817,-2.270756008,5.805730400,12,81
2607,65,-2.075793403,-1.759874993,7.626551184,-1.211816211,-3.169864459,8.105227163,8,73
2609,65,-0.618415455,-1.079573714,4.766672908,-0.092511263,-2.198247235,5.177979228,9,74
2610,65,2.424424856,-0.895030699,4.561993245,2.905287545,-1.914966816,4.660503086,2,68
2611,65,1.418154834,-2.131995709,7.334735835,2.233860174,-3.420997032,7.401273331,4,69
2612,65,0.593968580,-1.488295088,4.990101956,1.143837778,-2.592760302,5.229449998,2,66
2613,65,1.156577441,-0.474290443,3.808027150,1.554725573,-1.462597493,4.091057164,20,95
2614,65,1.263852866,-2.053350280,7.249892487,2.069801276,-3.339239282,7.341332168,6,70
2615,65,-0.501380874,-0.662796554,3.981586297,-0.070335196,-1.710059057,4.426353120,9,74
2616,65,0.532889165,-1.407529091,5.002225656,1.083141822,-2.515059580,5.255515765,5,70
2617,65,0.413369148,-1.047528721,5.314159655,0.992996574,-2.187670238,5.610308907,4,72
2618,65,-1.414415142,-0.326003322,2.839673271,-1.109994720,-1.297156148,3.426530197,3,67
2620,65,1.458956013,-0.441983836,3.826352250,1.856687488,-1.423992105,4.079184781,24,93
2621,65,0.734637652,-1.277370944,6.314715528,1.427152301,-2.497270300,6.544551682,8,80
2622,65,-1.397095097,-0.119997220,2.884927377,-1.091200031,-1.095624766,3.488322543,3,68
2623,65,1.705361819,-1.582407969,6.870978720,2.458588698,-2.824722604,6.961319818,8,72
2624,65,1.450147618,-0.385304012,3.600940003,1.821963375,-1.347667458,3.862229358,21,97
2626,65,1.069706770,-1.946571101,7.664603983,1.921140259,-3.275138929,7.782774317,5,70
2627,65,0.468599102,-1.249536633,6.511553239,1.184183510,-2.494237591,6.770943627,12,87
2628,65,1.202263601,-1.890031048,6.922361191,1.969512180,-3.149030902,7.038832535,6,70
2629,65,-1.443006386,-0.611609996,2.665071900,-1.153020129,-1.566693429,3.230640589,2,66
2630,65,-1.910095357,-1.147843313,4.341620089,-1.422074019,-2.262764151,4.891853296,4,70
2632,65,-1.432732437,-0.274541601,2.706457566,-1.143844951,-1.234512953,3.301389285,2,66
2633,65,1.667065726,-1.715812278,6.894321835,2.425353830,-2.960653340,6.976369064,7,71
2634,65,-1.393827927,-0.115072257,2.824860845,-1.094704258,-1.085270722,3.428964038,6,77
2635,65,1.768728775,-1.904478065,7.282964707,2.572671128,-3.180484281,7.332663054,7,71
2636,65,1.399190565,-2.050602644,7.242925807,2.203464064,-3.332267100,7.319930651,6,70
2637,65,1.350233087,-1.774594609,6.696759144,2.089572609,-3.010001360,6.809980828,7,71
2638,65,1.480278280,-0.456127467,3.913981686,1.887839628,-1.445329041,4.162298431,29,97
2639,65,2.368039423,-1.600860066,6.947803897,3.125914018,-2.832255902,6.963408115,8,72
2640,65,-1.403941994,-0.373528660,2.634704806,-1.121549518,-1.325893574,3.218152983,3,68
2641,66,2.588702981,-0.904021393,4.463820002,3.054425183,-2.007232211,4.529858411,2,67
2642,66,-0.455830334,-0.838713947,6.936752445,0.299859666,-2.313376655,7.306094608,7,76
2643,66,0.431513026,-1.619560391,6.167765579,1.112680822,-2.975595728,6.363105809,3,69
2647,66,0.409890134,-0.800405839,5.039585803,0.950577267,-2.038150955,5.343698592,11,78
2648,66,-2.314653706,-2.601864805,9.482397014,-1.231716263,-4.405600201,9.820275858,4,70
2649,66,0.777094911,-1.026585539,6.264986151,1.454884506,-2.386111388,6.489211737,10,78
2654,66,1.447466054,-0.258813031,3.617995005,1.814305069,-1.309871147,3.889604454,25,95
2655,66,1.327215708,-0.236702420,3.625424470,1.695183257,-1.292609153,3.912325346,26,95
2656,66,-1.364337415,-0.374231295,2.725365070,-1.075769856,-1.416878752,3.296001367,3,71
2657,66,1.353556343,-0.248605972,3.666953936,1.726168246,-1.308163151,3.949179432,23,93
2658,66,-1.422957252,-0.509558749,2.742120893,-1.129459812,-1.555050430,3.303520607,3,70
2659,66,1.578377294,-1.139072455,6.861790354,2.319078877,-2.537795001,6.980172215,10,76
2660,66,2.329525018,-1.392030534,6.757703451,3.059135577,-2.753344602,6.768277837,8,75
2662,66,1.561925447,-0.207208836,3.573857826,1.922151894,-1.250045523,3.839584527,21,93
2664,66,-0.589946374,-1.404177466,6.683222137,0.150038619,-2.851466066,7.006049344,6,74
2665,66,0.444509412,-0.927099533,4.510919352,0.929339511,-2.104586812,4.803445654,6,78
2666,66,1.666363706,-1.725398723,6.920383298,2.424736679,-3.123857978,6.962287848,5,70
2667,66,1.393885711,-0.202306351,3.633907666,1.761677594,-1.257223689,3.917455211,22,93
2668,66,1.276365733,-1.201676277,6.722145499,2.004851479,-2.594336098,6.867499443,19,96
2674,67,-2.303532309,-2.453176795,9.363171722,-1.238387440,-4.307822443,9.710396851,3,70
2684,67,2.138608621,-1.204705062,7.354985978,2.924442584,-2.661724983,7.411415111,23,99
2685,67,1.449165709,-0.828808578,7.090633740,2.200257070,-2.286324920,7.266012449,20,86
2686,67,-2.572512549,-0.763870744,7.824381792,-1.718991172,-2.467031534,8.416376514,10,78
2687,67,1.183513928,-1.518158958,6.997316356,1.945471408,-2.970767527,7.120735016,5,71
2688,67,2.538138962,1.355506874,6.678843782,3.176913558,-0.027331376,7.001895088,2,68
2689,67,1.319299345,-0.225197138,3.696148969,1.688016003,-1.307168804,3.997587554,22,96
2691,67,0.189304747,-0.461242810,3.912542584,0.595017722,-1.611545390,4.301135242,4,70
2692,67,1.414855648,-0.228198473,3.606939802,1.773434013,-1.296178796,3.899194090,25,95
2693,67,2.248825553,-1.378787373,7.571431505,3.062198242,-2.854663106,7.593347377,5,72
2694,67,1.178406732,-1.519623334,6.949528837,1.935280208,-2.967004535,7.073896419,5,71
2695,67,1.652472198,-1.539839865,6.840974645,2.395242109,-2.955670430,6.915033665,5,71
2696,67,1.668442130,-1.472517263,6.813795254,2.406296618,-2.885110616,6.894413254,7,73
2697,67,1.294388012,-0.338146416,3.631329341,1.659424252,-1.412944466,3.922930209,24,95
2698,67,1.666428012,-1.388158515,6.829339678,2.403613054,-2.803210403,6.919854121,6,72
2699,67,1.294913258,-1.642973505,6.637428150,2.020831449,-3.049353463,6.739089738,4,70
2700,67,1.891282651,-1.461817199,7.301854268,2.680115803,-2.920895571,7.354539846,6,72
2701,67,1.187549513,-1.714866756,7.040895033,1.959686132,-3.170826694,7.140321147,5,71
2702,67,1.167213968,-1.489826820,7.001398827,1.928921172,-2.943760963,7.129779378,5,71
2703,67,1.326129471,-1.360355357,6.683625840,2.048933841,-2.772776339,6.814568520,6,72
2704,67,1.216171133,-1.476713445,6.929413431,1.969438417,-2.920603922,7.055128417,6,72
2705,67,1.598702475,-0.843949046,6.748152531,2.312327792,-2.256474277,6.910438337,26,101
2707,67,1.384631249,-0.210914270,3.723332126,1.755474582,-1.293443938,4.019316571,21,96
2709,67,2.437784081,-1.519793426,7.231094126,3.217196663,-2.948418564,7.221053182,8,76
2710,67,2.315548950,-1.274490352,7.647510040,3.133798398,-2.757070900,7.673765055,21,98
2711,67,2.422909781,-1.438352439,7.468451057,3.225750665,-2.895101182,7.466565458,6,72
2713,68,-0.101780508,-0.352693727,3.269976476,0.226586572,-1.421634637,3.718107040,3,71
2714,68,-0.021031377,1.481587103,8.229022633,0.775255169,-0.099474633,8.808696502,2,71
2717,68,1.713416024,-0.211554575,3.745001922,2.076425033,-1.249588162,4.016445035,21,93
2721,68,0.351536054,-1.541780406,7.599120271,1.178613861,-3.023699051,7.827601252,6,74
2722,68,2.482388456,-1.794606496,7.572022533,3.301612417,-3.178191476,7.555210904,4,71
2723,68,2.421088361,-1.466300329,7.613864424,3.234264513,-2.858869608,7.637619578,6,74
2724,68,1.193544532,-1.565608058,6.939512980,1.945731882,-2.943140603,7.086205210,5,72
2725,68,1.684517836,-1.978998931,7.323293334,2.488314283,-3.371353598,7.371638436,3,70
2726,68,1.405846810,-1.475708135,6.661445515,2.124039345,-2.816145775,6.798882167,4,71
2727,68,-2.177990520,-2.115781316,9.112691292,-1.154452208,-3.859713681,9.523703026,4,71
2728,68,0.838918244,-1.148119829,6.743276895,1.558523928,-2.523914309,6.972696880,22,99
2729,68,0.431698069,-1.522261126,7.874507309,1.287019572,-3.028772269,8.093810636,6,76
2730,68,1.566148783,-0.232067652,3.566624396,1.911722146,-1.258330148,3.852971781,23,93
2731,68,1.254223620,-1.743589493,6.624913275,1.978359299,-3.085350124,6.749984716,3,70
2732,68,-2.022230552,-1.954875257,8.482398564,-1.072285234,-3.628821033,8.901322094,3,71
2734,68,2.377692246,-1.766446905,7.479401592,3.186751496,-3.145404648,7.477333498,4,71
2735,68,2.323931191,-1.726550923,7.505698730,3.134809901,-3.110801332,7.513084878,5,72
2736,68,2.488316539,-0.864897345,4.732988845,2.973611677,-1.965198979,4.844939470,3,71
2737,68,1.571346171,-1.150707313,6.746524293,2.286794247,-2.494499415,6.900412617,6,76
2738,68,0.742722626,-1.295005456,5.934220136,1.381450650,-2.591851094,6.166823770,6,76
2739,68,0.481265513,-1.255126980,5.489329752,1.072822027,-2.518505632,5.757866088,6,75
2740,68,2.430070616,-1.802956121,7.463708611,3.238338504,-3.177781614,7.452570646,4,71
2741,68,-2.354995464,-0.760680869,6.569981868,-1.646731528,-2.262162420,7.170303308,10,77
2742,68,0.174199440,-1.484811456,7.057413115,0.942677301,-2.919809783,7.316053270,6,75
2743,68,-2.133698254,-1.434890160,7.548630395,-1.299982857,-3.021987814,8.044210794,4,71
2744,68,2.462463751,-1.861043195,7.625491867,3.289725093,-3.250536018,7.603114529,4,71
2745,68,1.902143976,-2.165504322,8.044041089,2.787698083,-3.620412978,8.042430125,3,70
2746,68,1.865397102,-0.681769649,4.226011365,2.294403885,-1.759121316,4.426849388,19,99
2747,68,2.337781481,-1.363808161,6.581968323,3.037935934,-2.655732650,6.636397969,6,74
2748,68,1.785724720,-1.748498870,6.879166138,2.533830662,-3.092637576,6.946352985,4,71
2749,68,1.307733926,-1.617104799,6.661435117,2.031233857,-2.960998722,6.793991368,4,71
2751,68,0.816030785,-0.905131381,6.414322600,1.492602331,-2.249976300,6.675391549,8,78
2752,68,0.156190291,-1.315064736,6.701921043,0.881202122,-2.715747634,6.984251623,5,77
2753,68,-1.335762688,-0.295601173,2.752168077,-1.056826791,-1.366675306,3.338730271,3,71
2754,68,-1.350833869,-0.334173340,2.678230916,-1.078414962,-1.398154649,3.263068800,3,71
2755,68,0.908104480,-1.039405430,6.580228797,1.606264544,-2.396234078,6.815824861,6,78
2756,68,2.335390678,-2.082372517,7.650710399,3.173487120,-3.478672655,7.617695936,3,70
2757,68,0.259654138,-0.880013399,5.201282037,0.809402296,-2.126185778,5.535406060,5,78
2758,68,-2.239342259,-1.102121414,8.148479133,-1.351984882,-2.756941353,8.683554493,10,78
2760,68,2.313469205,-1.960280582,7.492730322,3.130787880,-3.342232737,7.476608658,3,70
2761,68,2.343122514,-1.928617577,7.435004814,3.153042852,-3.303585379,7.419817842,4,71
2762,68,2.383056572,-0.834424458,4.431346216,2.835803379,-1.908878759,4.560627249,3,71
2763,68,2.375785362,-0.827240771,4.379553376,2.822811060,-1.896792423,4.510907089,2,69
2764,68,1.930506244,-1.999019230,7.445592245,2.746479484,-3.392835610,7.465219340,3,70
2765,68,1.254924890,-1.810090646,6.848238732,2.005100773,-3.174124418,6.963763042,3,70
2766,68,2.138686355,-1.044345639,6.907452824,2.864225305,-2.380128595,7.012565957,25,103
2767,68,2.400619300,-1.525564077,6.928097786,3.142694252,-2.848923038,6.955180562,5,72
2768,68,0.406992086,-1.546030911,7.313806304,1.203409867,-2.996457697,7.539260196,6,75
2769,68,1.733845454,-0.381898360,4.081768691,2.138326461,-1.452232387,4.329414290,22,93
2770,68,2.615581544,-0.421450508,4.957003326,3.109269637,-1.541654699,5.100343321,2,71
2771,68,2.352588710,-1.228157178,5.872054172,2.972373295,-2.448060451,5.947070512,3,74
2772,68,1.785340659,-0.547254415,4.003980130,2.186684984,-1.606385226,4.229695701,18,93
2773,68,0.499108066,-1.059172149,5.534981223,1.088920784,-2.327614672,5.821914356,8,78
2774,68,1.198217151,-1.787691411,6.995103325,1.963680781,-3.169302708,7.117216088,3,70
2775,68,2.403662169,-1.596858174,7.627384525,3.222724468,-2.990766601,7.638971187,6,74
2776,68,-2.115164139,-1.589085533,7.585751827,-1.272484178,-3.178190401,8.062712196,4,71
2777,68,0.476045318,-1.215671590,5.308734487,1.047048622,-2.461155773,5.583954176,2,69
2778,68,1.848482537,-1.287194128,7.106351804,2.605131394,-2.654514248,7.213407456,10,77
2779,68,2.236397179,-1.414409746,7.514556485,3.038408452,-2.805347555,7.563854240,5,75
2781,68,1.171482524,-1.557285177,7.038474101,1.934094680,-2.945907629,7.187231074,4,71
2782,68,1.295785909,-0.836844613,5.025261854,1.818819783,-2.019663456,5.259462177,22,95
2790,69,0.183834328,0.148117158,2.462512733,0.415235480,-0.821188804,2.954477608,17,88
2796,69,-0.605053033,-1.650784009,7.723716564,0.244977441,-3.125271666,8.073156031,6,74
2797,69,1.384620217,-0.276868208,3.594514881,1.741863545,-1.300025967,3.910877696,24,95
2798,69,-0.447192097,-1.923149067,6.783777607,0.310038345,-3.303729792,7.100269697,2,70
2799,69,2.279038501,-1.534289414,7.397969937,3.073233460,-2.864462140,7.464376835,3,71
2800,69,-0.584850745,-1.708260741,7.882546730,0.283680829,-3.196228071,8.222842253,4,72
2801,69,-0.519373149,-1.552603704,7.243314699,0.276070181,-2.980087377,7.598054852,4,72
2802,69,-1.312282653,-0.150168430,2.566062902,-1.051738108,-1.187140463,3.182799359,4,72
2803,69,2.230052749,-1.992404534,7.093005394,3.005852898,-3.294249769,7.123767245,2,70
2804,69,1.459985343,-0.233913319,3.642711226,1.820605220,-1.258703546,3.954924473,19,93
2805,69,1.305045914,-0.400839872,3.731239315,1.681046148,-1.439094172,4.042619461,25,96
2806,69,0.310155039,-1.300161841,6.531336273,1.017180891,-2.630504153,6.831697446,5,77
2807,69,2.097109918,-0.421455308,4.394338246,2.539427181,-1.488864204,4.615502974,15,87
2808,69,-1.413299670,-0.168125187,2.749900571,-1.132036607,-1.225903685,3.373515733,3,71
2809,69,-1.496711599,0.016272683,3.006003031,-1.193223843,-1.069256257,3.653276881,7,77
2810,69,-0.680196582,-1.754931962,8.096613702,0.213097159,-3.266109265,8.440162902,4,72
2811,69,1.545238575,-0.286841399,3.836034919,1.927494340,-1.325705056,4.132488712,24,97
2812,69,1.957801883,-0.563387299,4.210467836,2.385670282,-1.618768058,4.434275078,12,85
2813,69,0.262232254,-1.495867192,6.976272457,1.022768054,-2.867964321,7.258484089,5,77
2814,69,1.442196917,-1.413941096,7.556473810,2.254773348,-2.792632453,7.719081708,28,108
2815,69,1.394388677,-0.308004860,3.569681816,1.749864648,-1.328338267,3.882312139,24,96
2816,69,-1.779186403,-1.626907487,8.634545570,-0.825763782,-3.231910633,9.098295095,45,129
2817,69,2.014827075,-2.046036556,7.480642757,2.834800996,-3.391763513,7.524633216,2,70
2818,69,1.255059426,-0.101271877,3.385411249,1.585576891,-1.111290631,3.733965701,18,92
2820,69,1.336966735,-1.778488276,6.517815481,2.050619532,-3.064243465,6.666785249,2,70
2821,69,2.037824999,-1.367487180,7.259668259,2.813775801,-2.695425725,7.368237836,7,76
2822,69,-1.367267826,-0.344696056,2.621722038,-1.094624260,-1.387991828,3.225010888,2,71
2823,69,1.903233870,-1.348085974,7.149465945,2.667701790,-2.671377252,7.274858060,30,104
2825,69,1.155497469,-1.658753353,7.263041153,1.945959702,-3.020724955,7.434757454,3,71
2826,69,-2.054557330,-1.583984242,7.384683204,-1.233719982,-3.085501097,7.893320625,3,71
2827,69,2.441727082,-1.747909080,7.502579738,3.252468241,-3.080121018,7.530786833,4,72
2828,69,1.408279455,-1.515425507,6.569706308,2.119118922,-2.804418103,6.735914094,4,72
2829,69,1.718113961,-0.524380783,4.087674475,2.133215455,-1.578248321,4.341136852,20,93
2830,69,0.509818136,-1.327781911,4.772331446,1.029292129,-2.488623844,5.066917149,2,70
2831,69,1.441268804,-0.262230491,3.685682583,1.807425643,-1.291567902,3.996696969,23,95
2832,69,0.323854921,-1.856760501,8.962957596,1.306229476,-3.406880420,9.184666384,5,75
2833,69,2.016248363,-2.005670239,7.272788219,2.812886137,-3.332471088,7.322546315,2,70
2834,69,-1.420008947,-0.688137762,2.677344441,-1.130813505,-1.736917269,3.252742782,3,71
2836,69,-0.379957606,-0.661521031,5.084156815,0.158146937,-1.889799689,5.530980915,6,79
2837,69,0.623550321,-1.369074884,6.302625929,1.306389282,-2.665588432,6.566364389,5,76
2838,69,1.434497480,-1.582051883,6.575568646,2.147800160,-2.870202594,6.732656309,3,71
2839,69,-1.475628226,-0.168476586,2.855098159,-1.182779585,-1.238391363,3.484063066,3,71
2840,69,-1.385667676,-0.010517371,2.784921435,-1.105579301,-1.071198126,3.420381636,3,71
2841,69,-1.998460988,-1.467069652,7.354564390,-1.184681993,-2.964172535,7.868874367,5,74
2842,69,-2.097223085,-1.595207246,7.737708353,-1.238225599,-3.130761470,8.246172260,4,74
2843,69,0.530312150,-1.235056185,6.058423009,1.183716246,-2.513553089,6.346987967,6,75
2844,69,-1.454743541,-0.164318962,2.853262533,-1.162343044,-1.233253341,3.480488998,3,71
2845,69,-1.453717927,-0.136923577,2.831445867,-1.164467429,-1.203952691,3.461397511,3,71
2848,69,0.631357926,-1.392633579,5.895574596,1.271546244,-2.651368060,6.160297274,2,71
2849,69,1.484804118,-0.905473620,5.223717915,2.033650855,-2.070972025,5.453598165,20,97
2850,69,1.560110166,-0.410700250,3.921765480,1.955114794,-1.456215748,4.204014780,23,95
2851,69,1.291103784,-1.734703944,6.596963590,2.012144588,-3.029770046,6.754055881,3,71
2852,69,1.528243895,-0.324461463,3.616839414,1.888410938,-1.343701507,3.913629458,24,97
2853,69,1.555952415,-0.161499430,3.455998764,1.893944007,-1.165694018,3.767079739,16,89
2854,69,2.258598315,-1.535932798,7.841217176,3.100129164,-2.907583101,7.905178174,6,75
2855,69,1.524605733,-0.572670836,4.102490675,1.943919540,-1.635372176,4.371150268,23,97
2856,69,2.180756689,-1.139221118,7.000973439,2.921453634,-2.438868320,7.119156214,24,99
2857,69,1.400816810,-0.236356947,3.586202324,1.755860224,-1.258309356,3.904843810,21,92
2858,69,0.629031721,-1.515486431,8.009406493,1.497832972,-2.967654653,8.241676776,19,96
2859,69,1.225196476,-1.591136180,6.895033272,1.974045712,-2.916900584,7.069666355,3,71
2860,69,-2.283868572,-2.279918675,9.460104342,-1.219909436,-3.977521097,9.905381973,2,71
2861,69,1.408565044,-0.192081394,3.562517402,1.759711713,-1.211773726,3.884820412,21,93
2862,69,1.492239804,-0.386854244,3.576136374,1.850169845,-1.403482236,3.871088013,25,97
2863,69,0.217809641,-1.518899206,6.970047853,0.978646889,-2.892081088,7.254703587,4,75
2864,69,2.343564671,-1.753258363,7.254092449,3.128629230,-3.066557654,7.294375451,3,71
2865,69,-1.420705364,-0.151633661,2.800825122,-1.134473649,-1.214462869,3.426272659,5,77
2866,69,0.517501045,-1.357651020,4.893494426,1.050716310,-2.529154181,5.183235483,2,70
2867,69,1.824217600,-0.647381041,4.115385664,2.245309715,-1.698942988,4.345893966,19,99
2868,69,1.429189871,-0.221090373,3.631274983,1.788396754,-1.246123634,3.948000801,23,92
2869,69,1.263447995,-1.732188535,6.644500274,1.989640686,-3.032731888,6.804212716,3,71
2870,69,2.295540451,-1.776508057,7.491161182,3.106821345,-3.113358327,7.531825597,4,72
2872,69,1.589362704,-1.220775055,7.006903786,2.336764094,-2.544140487,7.178223723,7,76
2873,69,1.492930512,-0.175960720,3.701931649,1.857909679,-1.205161791,4.015691274,21,93
2876,69,1.444792769,-0.236746887,3.789018151,1.821157815,-1.275553319,4.101076241,27,99
2877,69,-1.966533422,-1.501738838,7.127978679,-1.176017934,-2.976603924,7.637935412,4,74
2878,69,2.257617176,-2.073896208,7.487456605,3.077664193,-3.410426757,7.503686309,2,70
2880,69,0.570028890,-1.660598721,8.261047853,1.470322704,-3.137481428,8.483056842,4,72
2881,69,-1.421340154,-0.342243854,2.701324851,-1.139969056,-1.395012253,3.309633586,2,71
2882,69,2.330577751,-1.891610949,7.613181971,3.158082295,-3.237682690,7.638038255,3,71
2883,69,1.425697948,-0.351149348,3.592160375,1.784668936,-1.372080301,3.897221827,21,95
2884,69,-1.383755352,-0.166896633,2.883245823,-1.088522412,-1.235738409,3.502609209,5,78
2885,69,-1.292436025,-0.049469721,2.924315318,-0.996918333,-1.119027468,3.545062143,10,89
2887,69,0.656005106,-1.559001979,5.480669470,1.256891175,-2.777848719,5.731088626,2,70
2888,70,1.449170750,-0.174053163,3.689220682,1.811925401,-1.175184091,4.006298858,19,93
2889,70,0.087621708,0.180494410,2.358976616,0.306722785,-0.765642307,2.859254979,18,88
2891,70,2.168587829,-0.367537615,4.383194812,2.606457171,-1.397005630,4.603049836,13,86
2892,70,1.363804611,-0.275559122,3.535225382,1.713299542,-1.267248287,3.854303748,20,93
2893,70,1.470162592,-0.405135492,3.583881306,1.827684420,-1.396410268,3.880812937,16,96
2895,70,1.769326372,-0.388356925,4.124807503,2.182514821,-1.411563296,4.387021797,21,97
2896,70,1.401626428,-0.295153364,3.598148323,1.758154449,-1.290370628,3.911111452,23,95
2897,70,1.629692363,-0.263722225,3.611407244,1.985405852,-1.252054406,3.902959550,20,93
2898,70,1.426095858,-0.297059227,3.552566238,1.777642472,-1.287832308,3.863216925,19,93
2899,70,1.593672533,-0.223289093,3.596550664,1.946933542,-1.211875992,3.895307053,20,93
2900,70,1.482832332,-0.406615517,3.601183829,1.842169735,-1.398794901,3.896515779,20,95
2901,70,1.496431107,-0.256407771,3.581644917,1.849575551,-1.247131734,3.888001052,6,77
2903,70,1.450216035,-0.276787940,3.537844859,1.799496137,-1.265631256,3.847758672,21,92
2904,70,1.491989197,-0.339671023,3.718672490,1.862065858,-1.340988473,4.017476766,23,97
2906,70,1.417736845,-0.501979383,3.556987456,1.775288067,-1.492635067,3.851728790,22,97
2907,70,1.520624134,-0.258397503,3.575251779,1.872989043,-1.247759770,3.878970672,20,93
2908,70,1.698975198,-0.329731741,4.006548567,2.098358058,-1.346362225,4.281960693,20,99
2909,70,1.441794230,-0.312497169,3.583100183,1.796928517,-1.305053947,3.890576647,22,95
2911,70,1.635857258,-0.399823500,3.583777839,1.992212952,-1.385267742,3.863808335,18,97
2912,70,2.558926469,-2.059296371,7.657064482,3.390348411,-3.325461958,7.668862171,2,71
2914,70,1.366458749,-0.415068458,3.635959517,1.730458854,-1.414046640,3.942468745,21,97
2915,70,0.315294343,-1.280664028,5.709974117,0.931037844,-2.476135612,6.037374930,5,76
2916,70,1.534466204,-0.395376887,3.565318762,1.889345513,-1.382964965,3.856484219,23,96
2917,70,1.425140294,-0.255300284,3.563601320,1.776758131,-1.247127019,3.877666592,21,93
2918,70,1.532437357,-0.342368395,3.552475214,1.884535727,-1.329217152,3.848298147,23,96
2919,70,1.403299336,-0.300876431,3.620760312,1.762392382,-1.297786668,3.932880615,24,95
2920,70,1.564290309,-0.375499441,3.596119698,1.921755139,-1.364524877,3.885516391,25,96
2921,70,1.623374375,-0.241671474,3.618395468,1.979285398,-1.230856060,3.912348801,20,93
2922,70,1.422761987,-0.215639220,3.658189425,1.783466088,-1.215113924,3.974907175,16,93
2923,70,1.427384095,-0.246049826,3.568974153,1.779316382,-1.238253020,3.883512998,20,93
2924,70,1.429720258,-0.194894615,3.727611342,1.797263585,-1.199644609,4.044681727,18,93
2925,70,1.420341279,-0.167368919,3.783251327,1.793166047,-1.176914608,4.103059757,18,93
2926,70,2.265214679,-1.688642436,7.973798302,3.122449066,-2.991373384,8.043810210,3,72
2927,70,1.395118477,-0.496269991,4.183273700,1.819743402,-1.536855350,4.475304717,19,98
2928,70,1.518236048,-0.370779570,3.579550885,1.874081361,-1.360147008,3.874298422,23,96
2929,70,1.450219528,-0.343068309,3.637631683,1.811961270,-1.339490980,3.941245886,24,97
2930,70,1.412878670,-0.286047436,3.624564583,1.771924114,-1.282973151,3.936860692,25,96
2931,70,1.448263057,-0.206268022,3.763430977,1.819834181,-1.213130960,4.077314880,20,93
2932,70,1.394544051,-0.214777890,3.691460557,1.758961653,-1.217859695,4.010906557,20,93
2933,70,1.408889789,-0.287564119,3.572114801,1.762381732,-1.280511940,3.885168559,21,95
2935,70,1.363303244,-0.140525987,3.711375864,1.728059562,-1.146545924,4.039981621,20,92
2936,70,1.246831504,-1.652603180,6.904987636,1.994836634,-2.907561725,7.093954868,2,71
2938,70,-1.097471820,0.013063066,2.759780913,-0.823713749,-1.005667474,3.366822876,11,88
2939,70,2.486406524,-1.956428971,7.909902391,3.342605110,-3.245359008,7.935455395,3,72
2940,70,1.423710022,-0.274752838,3.585211259,1.778171663,-1.268252541,3.897645362,22,95
2941,70,1.664539705,-1.652468180,7.027303829,2.423090078,-2.902291183,7.171495957,3,72
2942,70,1.416173096,-0.349254689,3.574635534,1.771540240,-1.341914942,3.881863983,23,96
2943,70,2.319269191,-1.541712386,7.542581248,3.126051765,-2.809267103,7.622760569,6,75
2944,70,1.317224482,-0.256170331,3.638398098,1.677537613,-1.257664045,3.963021132,19,93
2945,70,2.066464730,-1.094560712,6.585654803,2.760328844,-2.297646014,6.737292590,22,99
2946,70,1.461047959,-0.170467367,3.797241776,1.835205381,-1.179663419,4.112414177,18,93
2947,70,1.555594617,-1.282949259,6.930615329,2.294572177,-2.530399834,7.117256625,7,76
2948,70,1.410377644,-0.251134898,3.604510193,1.766356525,-1.246705484,3.920098314,18,93
2949,70,1.602205079,-1.793366123,6.735047734,2.333597764,-3.021947546,6.876835234,2,71
2950,70,1.369864366,-0.204473024,3.626311306,1.727178461,-1.203354385,3.949758158,17,93
2951,70,1.455441390,-0.261694894,3.790774529,1.831379888,-1.270243672,4.099136225,27,98
2952,70,1.500206203,-0.421972170,3.612728757,1.861084748,-1.414387427,3.904885898,19,96
2953,70,1.401901837,-0.285758093,3.550593370,1.753082818,-1.277271354,3.864716322,20,92
2955,70,1.411487823,-0.298883545,3.526102447,1.760337715,-1.288089730,3.838366689,22,94
2956,70,1.568002970,-0.238855861,3.580158987,1.920081309,-1.227004804,3.880474167,20,93
2957,70,1.426920022,-0.402374312,3.596417830,1.785975300,-1.396167034,3.897988459,24,97
2958,70,1.520622308,-0.124014076,3.369124894,1.847313179,-1.097710319,3.685649409,17,91
2960,70,0.415785589,-2.010944272,9.115543355,1.415249925,-3.467220649,9.342612995,5,75
2961,70,0.956419874,-1.028728611,6.236225268,1.617878883,-2.243794864,6.512475801,15,86
2962,70,1.282554600,-1.676044567,6.804737121,2.020229307,-2.921795504,6.988938604,3,72
2963,70,1.895339205,-0.658311281,4.085808439,2.310798680,-1.673016872,4.313124604,18,99
2964,70,1.248270271,-1.182470954,7.452905768,2.042387767,-2.482085378,7.675289045,20,99
2965,70,1.507782110,-0.262726079,3.621401426,1.865284858,-1.256143988,3.925701758,20,93
2966,70,0.465335900,-1.417908467,6.224372603,1.138934869,-2.647918874,6.520307270,2,72
2967,70,1.414051982,-0.253473101,3.608119161,1.770457521,-1.249188481,3.923099841,18,93
2970,71,1.754520190,-0.529468536,4.037108934,2.150605157,-1.417083877,4.283103540,14,97
2971,71,0.388300738,-1.473968173,6.690058775,1.095425643,-2.490620133,7.027350998,4,78
2972,71,-1.344295935,-0.586272543,2.791039044,-1.060835200,-1.512360753,3.368690397,4,78
2973,71,1.471292243,-0.474470701,3.618832450,1.823417481,-1.354922920,3.899329792,22,97
2974,71,-1.885786127,-0.619270881,3.937442510,-1.476737316,-1.600184147,4.563618808,2,73
2975,71,1.775420906,-0.826574612,4.292025782,2.205187062,-1.722336371,4.522964312,19,97
2976,71,1.601729065,-0.339280259,3.624056914,1.950564037,-1.216576764,3.895922538,21,93
2978,71,0.921465579,-1.513381713,6.791971694,1.637151873,-2.519398114,7.071042384,7,80
2980,71,0.671590939,-1.606021522,5.855604117,1.291505495,-2.585565280,6.163323155,3,75
2983,71,1.631405988,-0.303120604,3.593073471,1.975955885,-1.178569419,3.863381643,14,91
2984,71,0.532438687,-1.942485595,8.077190480,1.396549631,-3.003778784,8.372866227,43,135
2986,71,1.687636350,-1.774736004,6.624742693,2.386997698,-2.754202684,6.814357151,4,74
2987,71,2.349376071,-2.087929243,8.010352538,3.198973211,-3.098357120,8.109794373,4,74
2988,71,2.064740607,-1.046301603,5.071754184,2.580528748,-1.961654831,5.259040064,22,99
2989,71,1.523977851,-0.317255199,3.600154604,1.870234919,-1.195799657,3.881184169,20,93
2990,71,1.738588752,-1.979323627,7.083898303,2.491020787,-2.973432392,7.257520382,2,72
2991,71,0.313811053,-1.426823163,6.561726022,1.006686869,-2.440976658,6.909445883,6,80
2992,71,0.451041513,-2.027584756,7.414125503,1.247213327,-3.067569634,7.719297618,2,75
2994,71,-0.478719213,-1.711377825,6.488468457,0.217534653,-2.743765341,6.909238727,2,74
2996,71,1.970250642,-1.885667271,7.190111700,2.730454687,-2.877447949,7.342245965,4,74
2997,71,1.020720939,-1.356797257,6.719385209,1.724558390,-2.357763821,6.994403147,20,99
2998,71,1.683281237,-0.327515170,3.758792478,2.045663299,-1.207405582,4.021679709,15,96
2999,71,1.449685323,-0.301147189,3.742584070,1.811127385,-1.186709673,4.031146405,16,93
3000,71,1.390750073,-0.532792141,3.871248417,1.771460008,-1.424236176,4.156425777,21,98
3001,71,-0.859524236,0.116494198,2.523341415,-0.623312003,-0.787932505,3.078304655,6,88
3002,71,1.429222108,-0.466892105,3.586785176,1.778023034,-1.347341022,3.872196451,20,96
3003,71,-0.862812462,0.050071534,2.544169078,-0.622860365,-0.855112568,3.096830568,7,86
3004,71,0.592106030,-2.279013708,8.342726787,1.491692515,-3.347757503,8.617707738,2,72
3005,71,-0.884946118,0.084717088,2.458651943,-0.654725051,-0.818073133,3.015491060,7,86
3006,71,1.416439746,-0.417066261,3.646055652,1.770472011,-1.299995084,3.934328063,18,97
3007,71,1.450635013,-0.356086932,3.649428933,1.803436547,-1.238284091,3.936393635,16,92
3008,71,1.330640262,-1.744289072,6.613181396,2.030190642,-2.732880556,6.841578065,2,72
3010,71,1.357835467,-0.409585884,3.584088038,1.705468571,-1.291895890,3.879197685,19,94
3011,71,1.271979005,-1.879166634,6.830654572,1.998018192,-2.876859958,7.058747463,2,72
3012,71,1.475496126,-0.328004753,3.608725427,1.823193358,-1.208131614,3.894394163,21,93
3013,71,-0.576527812,-0.691048396,3.992961907,-0.167687256,-1.638998867,4.478336277,19,92
3014,71,1.362736385,-1.880319409,6.776364962,2.082505403,-2.873680473,6.995206966,2,72
3015,71,2.340855230,-1.943118603,7.939152563,3.179654834,-2.951402962,8.045424828,2,72
3016,71,1.385033565,-0.346552166,3.594141831,1.732139381,-1.228554452,3.888715826,14,90
3017,71,1.471877026,-0.285968481,3.720098591,1.830457024,-1.170161819,4.007042562,16,93
3018,71,1.446646927,-0.383919068,3.648190071,1.799973489,-1.266151488,3.934527403,20,92
3020,71,-1.506465430,-0.186931700,2.878932833,-1.221802377,-1.120827648,3.488226033,3,77
3021,71,0.379244162,-1.578924239,5.903734167,1.005375753,-2.567974438,6.242933050,15,103
3025,71,0.565708190,-1.251598663,5.115575883,1.099666836,-2.208200185,5.452505302,7,78
3026,71,-2.102123199,-0.166421623,4.302857323,-1.663322441,-1.166427306,4.966661185,4,78
3028,71,-1.417306075,-0.199184754,2.802140477,-1.141038996,-1.127986274,3.402071380,3,78
3029,71,1.663431832,-1.535802303,6.896365846,2.386323333,-2.525729171,7.095877504,23,98
3030,71,1.459362618,-0.316075508,3.706977288,1.817308931,-1.200109655,3.994179167,21,93
3031,71,2.274413119,-1.913151807,7.504309254,3.066784216,-2.907893488,7.621433772,2,72
3032,71,0.428416932,-2.314579351,8.734014358,1.371296709,-3.401449664,9.022413806,4,76
3033,71,2.048956758,-0.555265809,4.359724310,2.478121021,-1.446399664,4.571743481,14,97
3041,72,-1.429015755,-0.306797158,2.821997914,-1.148656336,-1.186766511,3.398906565,2,73
3042,72,1.466417598,-0.423724397,3.661641122,1.820673831,-1.236278780,3.930727864,13,93
3043,72,0.535167458,-1.496149706,5.407346228,1.102871823,-2.336855509,5.757829482,2,73
3044,72,-0.523316096,-2.118070948,7.015358944,0.233462841,-2.989683964,7.463942429,3,74
3045,72,1.091265052,-1.584313041,6.612551967,1.783914026,-2.415573943,6.897795757,24,102
3047,72,0.330621603,-1.480764084,5.625375748,0.921945007,-2.327170340,5.996124006,6,78
3049,72,1.408956574,-0.461751875,3.651946891,1.763434018,-1.275655554,3.926866520,19,95
3056,73,1.494811700,-0.641586179,3.596420225,1.853586452,-1.466927282,3.865694665,23,97
3057,73,1.618871909,-0.374147222,3.596858088,1.970619360,-1.196604809,3.853703773,20,93
3058,73,1.584361580,-0.528702661,3.659214668,1.946637887,-1.351973590,3.918912056,19,97
3059,73,1.516423150,-0.580385763,3.615905687,1.875702233,-1.405239295,3.882949035,21,96
3060,73,2.008996937,-1.870460703,7.317600312,2.791448105,-2.685212197,7.506834277,12,86
3061,73,0.591788040,-1.575354030,5.652788370,1.197851441,-2.423095044,6.003866520,5,78
3062,73,1.560111654,-0.578163983,3.675689473,1.925464799,-1.402008378,3.937730155,15,95
3063,73,1.395872261,-0.497266015,3.632902173,1.755725197,-1.325028680,3.912983313,24,97
3064,73,1.532727641,-0.457133009,3.837516079,1.912675827,-1.281753427,4.101929485,23,98
3065,73,1.539282064,-0.544573089,3.661880820,1.902489733,-1.368916494,3.926329611,22,97
3066,73,-0.769260815,-0.837253257,4.524069879,-0.293112786,-1.717062246,5.029291982,15,92
3067,73,1.389374875,-0.483993244,3.649897176,1.750769038,-1.311923973,3.930616115,23,95
3068,73,1.610678795,-0.366332638,3.671345448,1.970251087,-1.189028527,3.928663935,19,93
3069,73,1.397212078,-0.436866700,3.611490613,1.753339406,-1.264602932,3.891737982,21,95
3070,73,1.989834266,-0.572773982,4.423216833,2.432366729,-1.386774694,4.635086661,20,98
3071,73,2.054999965,-1.153726126,5.292528437,2.603792618,-1.966480418,5.490661944,21,97
3073,73,-0.594533346,-0.725380804,4.148039801,-0.162269240,-1.600847918,4.637095666,16,92
3074,73,1.419177305,-0.547396618,3.526987395,1.768757280,-1.374531248,3.805030530,6,79
3075,73,1.418928504,-0.396370097,3.659257352,1.779071913,-1.223625770,3.937036433,17,93
3076,73,1.984720448,-2.071504805,7.226246458,2.762311902,-2.886728455,7.417975485,3,75
3077,73,2.052940552,-2.027242610,7.082862865,2.813751132,-2.840773067,7.268262135,2,74
3078,73,1.483002703,-0.478855325,3.626887572,1.841253640,-1.304541130,3.897752140,20,97
3080,73,1.394441051,-0.454281895,3.622989677,1.752226057,-1.282085547,3.903413370,21,95
3081,73,2.533575040,-2.224938439,8.047732810,3.399292435,-3.027471139,8.175649801,2,74
3082,73,1.516904684,-0.411748691,3.614899190,1.872082698,-1.236638215,3.882418216,17,93
3083,73,1.713003515,-0.597009591,3.828993567,2.094267687,-1.417284364,4.073764902,19,99
3084,73,2.685592571,-2.086794599,8.047345138,3.547086078,-2.885739479,8.159451761,4,76
3085,73,1.397002652,-0.450095441,3.560421204,1.747986446,-1.277805066,3.840942535,17,90
3086,73,2.299035218,-2.112131347,7.603550354,3.116022245,-2.920049909,7.759415371,3,75
3087,73,1.328409847,-2.078626923,6.759311403,2.060211647,-2.909252811,7.023804760,2,74
3088,73,1.364805452,-0.441376531,3.616789135,1.721800481,-1.269887548,3.900454138,18,92
3089,73,1.632392275,-0.349515099,3.696115942,1.994083375,-1.171711222,3.951024956,20,93
3090,73,1.678292028,-1.623560963,6.954006943,2.418030135,-2.446074816,7.181415025,23,100
3091,73,1.455227005,-0.502643761,3.570817427,1.808215496,-1.328954925,3.844896790,17,97
3099,74,0.593102641,-1.768012522,5.876590990,1.223771059,-2.635923945,6.224102383,2,75
3101,74,1.219295307,-0.772329217,4.543971208,1.680555794,-1.623533928,4.836373252,14,95
3102,74,0.141574620,-2.628565319,9.357183514,1.165000754,-3.511300776,9.729699970,37,137
3103,74,-0.312283855,-1.080923696,4.550417797,0.166322643,-1.970003123,5.003896087,2,76
3105,74,-1.351938607,-0.308169228,2.804857816,-1.071156235,-1.221301493,3.381212195,4,77
3106,75,-1.376876885,-0.678445078,2.818918294,-1.091320260,-1.591684563,3.392126464,2,76
3108,75,-0.694441678,-1.532999420,5.726029668,-0.080587849,-2.382286849,6.220667695,12,95
3110,75,1.445033059,-0.423705003,3.703789161,1.793274388,-1.212491297,3.980676266,14,92
3112,75,1.601703654,-0.605040431,3.632248966,1.949182374,-1.388223762,3.894903236,17,96
3113,75,2.807887107,-1.401257859,4.814125423,3.301743169,-2.120581207,4.953158661,2,76
3114,75,2.677415395,-1.122961234,4.740323611,3.153008628,-1.848700127,4.890890684,9,86
3115,75,2.737402973,-1.175687032,4.733367074,3.214101353,-1.899044750,4.878241158,7,86
3117,75,1.450149478,-0.547623170,3.626988679,1.795638665,-1.337035132,3.904758895,22,97
3118,75,2.812720511,-1.280790654,4.820221592,3.302185134,-1.999951365,4.957754131,7,86
3119,75,2.078960901,-1.023147419,4.837658329,2.564019708,-1.771919993,5.048312062,17,100
3121,75,1.483919946,-0.414087210,3.773539372,1.838654417,-1.200457799,4.045988070,16,93
3122,75,2.798504600,-1.285598384,4.772822476,3.283410824,-2.005909743,4.912104315,4,86
3123,75,1.563967559,-0.421878258,3.648486014,1.905756399,-1.206547354,3.913447870,17,93
3124,75,0.409800288,-2.781802193,9.510348651,1.455341188,-3.539011183,9.881656586,2,76
3125,75,0.420895074,-2.747414509,9.595766363,1.473674733,-3.503158615,9.965204579,2,76
3126,75,2.800677839,-1.333062418,4.873654570,3.297839563,-2.052006863,5.012560952,2,76
3127,75,0.159595226,-1.128997232,4.884316661,0.665504430,-1.954522214,5.292529067,3,78
3129,75,-1.351614048,-0.428310590,2.811238083,-1.077346990,-1.340847709,3.379875789,2,78
3130,75,-1.345086702,-0.117182310,2.825877670,-1.082237928,-1.029553175,3.391256559,3,77
3131,75,2.075462342,-1.032054259,4.692433313,2.546069585,-1.782741716,4.904289285,16,99
3132,75,1.419781771,-0.692587985,3.554138796,1.764009809,-1.483989710,3.836582155,19,97
3133,75,2.208285828,-2.203619938,7.449094587,3.008283741,-2.914088233,7.642135653,2,76
3134,75,2.251660190,-2.151361266,7.502531588,3.054692241,-2.859470901,7.690416244,2,76
3135,75,1.524363001,-0.659680364,3.611841966,1.872488751,-1.446185064,3.882981819,18,96
3136,75,1.535882375,-0.643113891,3.610660443,1.883131620,-1.429183174,3.880490816,22,97
3137,75,1.397898266,-0.697734139,3.607413686,1.747917171,-1.489360375,3.891861153,17,96
3138,75,1.438712524,-0.683817726,3.571709353,1.784257875,-1.474248101,3.852046055,18,96
3139,75,1.369438268,-0.526536741,3.876002155,1.739995234,-1.316167986,4.160561590,17,95
3141,75,1.296959621,-1.701854695,6.647723118,1.999853257,-2.459359686,6.934484640,16,99
3142,75,1.420261643,-0.486756253,3.653297179,1.766102987,-1.277105116,3.933503258,20,95
3143,75,-0.169904130,0.007464109,2.945980253,0.092895923,-0.856142305,3.389125979,11,88
3144,75,1.332823949,-0.534482800,3.689636138,1.684887033,-1.327870265,3.979006685,15,96
3145,75,2.505367458,-1.213445843,4.827501159,2.994663143,-1.944974423,4.995989920,11,93
3146,75,1.324181192,-0.611245734,3.877164817,1.698638189,-1.402612873,4.167045775,19,95
3147,75,1.422810201,-1.637473034,6.980599205,2.156291129,-2.385875126,7.252159109,22,98
3148,75,-0.594027167,-0.787368919,4.067570631,-0.181128428,-1.653615743,4.554695214,17,92
3149,75,0.555448209,-1.270423829,5.597912539,1.137723139,-2.071101345,5.962856554,7,82
3150,75,0.558825141,-1.410943081,4.974929372,1.083227629,-2.219002481,5.343969987,3,77
3151,75,2.534415350,-1.243726577,4.813472460,3.023353282,-1.974228677,4.979299449,8,86
3152,75,1.457946269,-0.706189140,3.590833104,1.806254470,-1.495589199,3.869275168,21,96
3153,75,2.449608925,-1.251123064,4.730321404,2.930872242,-1.986059448,4.905351995,8,85
3154,75,1.488511459,-1.299915822,5.586813184,2.065183769,-2.063067532,5.856309652,18,99
3155,75,1.623038625,-0.401353656,3.664636006,1.965268475,-1.183460193,3.923284952,18,93
3156,75,1.384183369,-1.561097560,6.975248295,2.114192509,-2.311191248,7.250183776,12,86
3158,75,2.004716943,-0.787730931,4.319716492,2.427555028,-1.546061845,4.538839470,15,99
3164,76,1.393366600,1.958781846,6.810950492,1.906568200,1.291367781,7.025598387,2,78
3165,76,1.530399176,-0.486079199,4.103985016,1.908899402,-1.210175389,4.367391872,18,99
3166,76,-0.004183512,-2.581016133,8.464132518,0.928252710,-3.272302528,8.899560752,24,109
3167,76,0.081434184,-2.196512285,7.429348286,0.890317664,-2.909947350,7.853993124,2,80
3170,76,1.490815074,-0.663753343,3.610445165,1.830565578,-1.402007128,3.883882840,17,96
3171,76,2.619064242,-1.312662280,4.712294065,3.095654221,-1.963234702,4.880213272,7,86
3173,76,0.323314823,-1.453915325,5.910720624,0.940422604,-2.194083852,6.304407562,2,78
3174,76,0.274671769,-1.740579301,6.379024214,0.953893801,-2.471051757,6.780808592,4,80
3175,76,0.676425315,-1.460507842,5.587205776,1.259734263,-2.190341676,5.947450425,3,78
3177,76,1.546779265,-0.699395556,3.612001594,1.888268288,-1.434627147,3.880549363,17,96
3178,76,1.496862984,-0.672107475,3.648468042,1.840780333,-1.409076885,3.921269806,19,97
3179,76,1.243280809,-1.727409549,7.624463560,2.038459207,-2.376047642,7.922819177,11,86
3180,76,1.440277610,-0.751836059,3.572228059,1.781378196,-1.493540879,3.852652707,19,96
3181,77,-1.421757137,-0.175908357,3.081565633,-1.157364136,-1.075829299,3.622910626,2,78
3194,78,1.207210193,1.459765089,6.426819029,1.608735866,0.921844168,6.618826955,2,79
3200,78,3.490817491,1.602697480,6.449479306,3.865752875,1.241380301,6.419888943,3,82
3205,78,2.259227880,-1.529269287,5.862955851,2.844943595,-2.001370172,6.084394761,16,99
3206,78,1.524453417,-0.705222829,3.606980769,1.843950594,-1.348909096,3.875169285,16,97
3207,78,1.199413995,-1.923873346,7.511970721,1.974722386,-2.394560177,7.841177202,9,87
3208,78,1.555149241,-0.794805187,3.618115604,1.882715980,-1.435197944,3.887114851,16,97
3210,79,1.562597194,-0.796413977,3.592631345,1.891535114,-1.450185401,3.863248367,14,96
3211,79,1.109270354,-1.874938166,7.263614361,1.860008271,-2.378733082,7.602451653,7,87
3212,79,0.501235016,-1.730696050,5.619449815,1.097052704,-2.363714814,6.017692029,14,99
3213,79,1.490428413,-0.758085260,3.616644255,1.818897868,-1.416488709,3.892272610,18,97
3215,79,1.557344037,-0.798294814,3.586347653,1.885912346,-1.452779041,3.857567214,14,96
3216,79,1.559091977,-0.675313462,4.408763471,1.951310668,-1.289672897,4.670349283,15,98
3217,79,-1.258684648,-0.329874389,3.026687313,-0.997983170,-1.234426298,3.544320227,9,90
3218,79,1.593878630,-0.771115496,3.643893897,1.925097020,-1.420020754,3.910259889,17,96
3219,79,1.330846789,-0.647737309,3.593043877,1.649285790,-1.320271414,3.879084807,13,96
3220,79,-1.305527458,-0.140641645,2.974690165,-1.064752711,-1.052234216,3.489049459,8,89
3221,79,2.343237666,-1.871670461,6.368887230,3.004206642,-2.322940343,6.597006528,15,99
3224,79,1.319662146,-0.817555727,3.610566653,1.653765220,-1.489374160,3.904670644,16,97
3226,79,-1.237677218,-0.255296822,3.115135780,-0.975346357,-1.154166380,3.627218824,9,89
3229,79,-1.233458207,-0.300902130,3.088742910,-0.969765527,-1.200546010,3.602479945,9,89
3231,79,-1.349802284,-0.215512294,3.006114529,-1.099701211,-1.128702357,3.527579846,7,89
3235,79,-1.305679579,-0.673434726,3.099073686,-1.009791512,-1.576627047,3.635101423,6,89
3237,79,1.499242645,-0.675306919,3.674698343,1.826028186,-1.330515220,3.945732309,14,97
3238,79,-1.442237636,-0.097673299,3.029149049,-1.199100395,-1.017471341,3.554195171,5,89
3239,79,1.564114618,-0.800062156,3.840691708,1.915604414,-1.441478751,4.110016312,19,98
3244,80,1.319084196,-0.793533694,3.622722222,1.663048611,-1.498514056,3.909105886,14,96
3245,80,2.644454861,-1.183325117,4.600637132,3.098381047,-1.746975159,4.771051477,4,86
3246,80,1.624458667,-0.675776511,3.971895529,1.989454858,-1.343245559,4.222782433,15,97
3247,80,1.303577478,-0.776577731,3.621132484,1.646224088,-1.482803143,3.908335845,12,95
3248,80,1.586838401,-0.727168451,3.641467964,1.925605377,-1.412354735,3.899694276,16,96
3249,80,1.329902644,-0.679914277,3.696458784,1.671980291,-1.381138195,3.976978000,11,90
3250,80,2.411619995,-1.454328422,4.694209667,2.896293555,-2.029359300,4.896870901,5,85
3251,80,-0.562281181,-0.809276312,4.034658021,-0.165873265,-1.629949375,4.498380140,12,92
3252,80,2.422327262,-1.555867662,5.339052001,2.973892785,-2.100080352,5.541249199,8,99
3253,80,1.534010309,-0.688689541,3.666493536,1.872544899,-1.376646185,3.928105511,15,97
3254,80,1.326495926,-0.800773443,3.614781911,1.670224881,-1.505562327,3.900786077,14,97
3255,80,-1.256603554,-0.349843194,3.004087699,-0.984750801,-1.269338058,3.521325077,9,90
3256,80,1.329519896,-0.826391614,3.586771239,1.672588599,-1.532160359,3.873638511,13,97
3257,80,1.448773733,-0.734396158,4.063489735,1.827872638,-1.410015844,4.332890892,13,98
3258,80,1.467793983,-0.822522239,3.583150629,1.809254095,-1.518570821,3.856736717,15,96
3259,80,1.607452017,-2.004968945,6.827613432,2.335633433,-2.537378777,7.116978824,25,105
3260,80,1.272668960,-0.744432926,3.645331048,1.615330155,-1.451874266,3.934087832,13,96
3261,80,1.474213258,-0.839191965,3.624505777,1.820690477,-1.532816769,3.897914347,18,99
3262,80,1.066602528,-1.881905838,7.044073445,1.809228756,-2.443524944,7.378908604,6,87
3263,80,1.360217852,-0.808844198,3.613362756,1.704186708,-1.511254517,3.896483429,14,97
3264,80,1.256581645,-0.762213681,3.636181367,1.599860177,-1.471163560,3.927212043,14,97
3265,80,1.441654187,-0.603520538,3.964560213,1.801813069,-1.284678886,4.230042889,11,93
3266,80,1.533204517,-0.699514454,3.672341665,1.873100931,-1.387220308,3.934422740,16,97
3267,80,1.322221894,-0.661052644,3.690341312,1.662365709,-1.363176583,3.970885472,12,96
3268,80,1.292526874,-0.649317684,3.706296141,1.633461658,-1.352876051,3.989120466,12,94
3269,80,1.527654939,-0.676549204,3.671301820,1.865759005,-1.364783645,3.933017730,15,97
3270,80,1.276518759,-0.778132428,3.623486081,1.619691707,-1.486181349,3.913310902,16,97
3271,80,1.413974376,-0.639235160,4.024869229,1.782575389,-1.319469737,4.294061573,18,99
3272,80,1.452334549,-0.823016911,3.593433739,1.794887484,-1.519697298,3.868454766,15,96
3273,80,1.366622871,-2.367480172,7.577122524,2.192838304,-2.881317470,7.899597935,21,108
3274,80,1.248866431,-0.780337740,3.610784009,1.591234792,-1.490943347,3.903391996,15,95
3275,80,1.255647250,-0.707844802,3.628341341,1.594101215,-1.417419808,3.917375501,15,95
3276,80,2.564191485,-1.419798744,4.777891850,3.052864119,-1.980178335,4.964250103,5,86
3277,80,1.404781265,-0.782012773,3.857337523,1.768837650,-1.470099102,4.133877611,16,97
3278,80,2.018946927,-2.388256704,7.264815241,2.813379063,-2.869686024,7.527726917,19,104
3279,80,1.530530268,-1.876127186,6.709080504,2.238619247,-2.419968731,7.001348645,6,86
3280,80,1.365153662,-0.708330683,4.013295504,1.738261314,-1.392342949,4.289894782,14,96
3281,80,1.513104396,-0.641526207,3.771342455,1.857862631,-1.326324623,4.032541637,14,97
3282,80,0.191061205,-2.878420646,8.809730847,1.177597943,-3.417838815,9.257449375,16,107
3283,80,1.281789708,-0.723216992,3.689706087,1.626862281,-1.428039617,3.976530354,13,96
3287,81,-1.247741229,-0.351019143,2.987528415,-0.954933986,-1.277118792,3.516935882,7,89
3290,81,-1.329622328,-0.183430542,2.913373424,-1.053575187,-1.117700475,3.445206324,6,89
3292,81,-1.265317506,-0.229521384,3.054674767,-0.973138544,-1.154048515,3.580979340,7,89
3293,81,1.357119419,-0.600623157,3.717592090,1.718998205,-1.348833691,3.991844027,11,92
3294,81,-1.246766318,-0.296316698,3.105174891,-0.945770926,-1.217485399,3.631800577,5,89
3298,81,1.508980429,-0.727305956,3.618802656,1.867826981,-1.470889173,3.883114525,13,97
3299,81,1.291001433,-0.589414907,3.634363315,1.644521475,-1.344909197,3.915279955,9,90
3302,81,1.494234108,-1.876214522,6.578869406,2.210999043,-2.491660437,6.870163650,18,102
3303,81,1.295785301,-2.036572502,7.277102731,2.091616922,-2.633008091,7.590160272,10,93
3304,81,1.475108132,-0.616442260,3.682916066,1.833776342,-1.359470160,3.946161955,13,97
3305,81,1.090363087,-1.849319731,6.789482534,1.828723238,-2.478521826,7.118931827,10,96
3306,81,1.240111864,-0.664206101,3.647775142,1.599766851,-1.421798691,3.936454877,14,95
3307,81,1.468634816,-0.629643419,3.693515127,1.829172584,-1.372550191,3.957833832,13,97
3308,81,1.471989882,-0.684296470,3.660729152,1.832588328,-1.428275974,3.926912929,15,97
3309,81,-2.377854411,-0.379664326,4.801534546,-1.898882507,-1.291822990,5.434574944,2,86
3310,81,1.304096928,-0.736696657,3.617758163,1.664754654,-1.491797580,3.902888091,14,97
3311,81,-1.330255131,-0.159082296,2.982301186,-1.048940258,-1.090511663,3.512908317,7,89
3312,81,1.349870930,-0.751990348,3.638728961,1.713191841,-1.503591336,3.919730800,11,96
3313,81,1.652757656,-0.583401329,4.135693767,2.052451950,-1.297252956,4.377402839,14,96
3314,81,1.389469604,-0.677747295,4.033180397,1.786560307,-1.410505698,4.305248833,11,95
3317,82,3.218590670,1.808014604,6.698849059,3.778229730,1.212236204,6.684203075,2,83
3318,82,2.932262582,1.669499623,6.105448156,3.440037728,1.037122970,6.128994708,2,84
3322,82,-1.267304010,-0.307219287,3.020926867,-0.950811912,-1.248494306,3.568830280,8,90
3324,82,2.334269175,-2.139306360,7.275580227,3.149888999,-2.743949413,7.490285842,6,87
3325,82,0.177712993,-2.498195731,7.508649235,1.048245933,-3.188931689,7.958200903,17,115
3326,82,2.132512053,-2.057734419,7.369398520,2.955011344,-2.667719500,7.601522030,11,96
3328,82,-0.985222033,0.084438125,2.592865384,-0.733124416,-0.862334810,3.100113520,5,87
3329,82,2.353068719,-2.269298412,7.784842606,3.226727839,-2.852202823,7.999183198,5,86
3330,82,1.764719751,-2.074575153,6.781532595,2.530531936,-2.724789409,7.055901840,5,86
3331,82,1.658818725,-2.074215375,6.759365097,2.423032335,-2.730053927,7.044825954,4,86
3332,82,2.298699470,-2.365526385,7.905837332,3.189695541,-2.945771671,8.128523993,5,86
3333,82,-0.909857844,0.033751003,2.704018670,-0.644463882,-0.905057661,3.204603069,7,88
3334,82,2.336433382,-1.691348341,6.282044933,3.029140047,-2.337022987,6.486486048,12,99
3335,82,1.459331883,-0.600319403,3.680470929,1.839801751,-1.392666060,3.952417602,11,97
3336,82,2.306749492,-2.386466269,7.891348900,3.197235609,-2.966902212,8.114038004,5,86
3337,82,1.591078102,-0.666118413,3.871127381,1.993312469,-1.444732265,4.130631036,14,97
3338,82,2.633201982,-2.389559909,7.814276200,3.513908129,-2.958554588,8.003721042,4,86
3339,82,2.838739295,-1.447503750,4.848316460,3.370432845,-2.129388415,5.000634151,5,86
3340,82,1.442343875,-0.609971320,4.158531073,1.872062846,-1.383660835,4.429703032,12,98
3341,82,1.451446981,-0.595787345,3.691514424,1.832871518,-1.388045898,3.964049283,12,97
3342,82,1.432304718,-0.580225888,3.667877915,1.810689517,-1.374325743,3.941981525,13,97
3344,82,1.296950367,-0.599371654,3.566551574,1.666812124,-1.403586095,3.855972714,10,92
3346,82,2.536831246,1.770704937,6.309543760,3.062996223,1.128785347,6.369205417,2,83
3347,82,1.529982066,-0.698277830,3.656394879,1.912305169,-1.488271442,3.924671917,16,99
3348,82,1.319048859,-0.577617693,3.541887146,1.685202438,-1.381886685,3.828389310,8,95
3349,82,1.276744550,-0.732967503,3.592128091,1.655824542,-1.536802420,3.888267729,12,97
3350,82,1.554426115,-0.542904190,4.566244108,2.021684106,-1.295172773,4.820949358,12,98
3352,82,1.264611968,-0.571850163,3.650047675,1.641844968,-1.374169414,3.941331388,10,95
3355,82,-1.335928450,-0.091608214,2.926976651,-1.039030331,-1.040148962,3.474841877,6,89
3356,82,-0.370489180,-2.130570977,6.785618464,0.412082994,-2.875768108,7.283165819,12,99
3357,82,-0.972937514,0.027905700,2.734162838,-0.703788225,-0.912483172,3.241309571,7,88
3358,82,1.418199791,-0.553484732,3.621900357,1.790695415,-1.350128015,3.896785506,8,91
3359,82,1.442799441,-0.739691804,3.584117092,1.820330574,-1.536431909,3.863342895,14,96
3360,82,1.419185045,-0.573465655,3.648541608,1.795356733,-1.368947650,3.923879006,12,97
3361,82,1.473643369,-0.554855930,3.659838368,1.849714283,-1.347484066,3.928800284,12,97
3362,82,-0.973518978,0.040807917,2.702254488,-0.708240952,-0.900925062,3.209192107,7,88
3365,83,-1.225739097,-0.056501495,3.082996628,-0.896034868,-1.019173372,3.623633979,6,88
3366,83,2.833293437,-1.304422796,4.824416472,3.369877969,-2.055941430,4.962549745,4,86
3367,83,2.843660133,-1.328496404,4.843123562,3.383102558,-2.078939224,4.980802796,4,86
3368,83,2.871049700,-1.372451018,4.894957900,3.417512377,-2.119990902,5.030799987,4,86
3369,83,-1.293386762,-0.328460278,2.994225334,-0.961731019,-1.296405887,3.551216602,8,90
3370,83,3.054282687,2.209060002,7.972799077,3.779888678,1.573480260,7.956694041,2,85
3371,83,2.065760267,0.888273751,5.654794363,2.606948864,0.135718125,5.799879032,2,85
3372,83,2.320361308,-2.432070565,7.897599786,3.227742611,-3.090951663,8.107020431,4,86
3373,83,1.564496658,-2.173377722,6.667442069,2.337213266,-2.903976252,6.956568760,20,104
3374,83,1.654067666,-1.875400232,6.734047444,2.421330035,-2.600754981,7.003802818,19,101
3375,83,1.644589221,-1.796748612,6.656224329,2.400606717,-2.525329707,6.924974350,18,104
3376,83,1.448218002,-0.552183222,4.379139314,1.916831085,-1.370856450,4.643357935,15,99
3377,83,-0.170564287,0.095351425,2.603341046,0.096062668,-0.846356303,3.030001597,6,88
3378,83,-0.716596149,-2.617711792,8.737175016,0.305524010,-3.356582852,9.270007254,35,146
3379,83,-0.061719552,-2.676169205,8.313358960,0.914100893,-3.406336967,8.781070264,35,137
3380,83,-0.042464018,-2.790500782,9.057106463,1.015865080,-3.493250586,9.521808346,39,137
3381,83,-1.016721367,-2.623146070,8.823316196,0.016555872,-3.369825561,9.387680644,51,146
3382,83,-0.087576112,0.023679141,2.551323000,0.175922945,-0.916781931,2.971757302,6,88
3383,83,1.285626496,-0.606367763,3.579587755,1.673497792,-1.459436219,3.867730969,9,99
3384,83,-0.225217578,0.213413975,2.247577363,-0.000296866,-0.743140397,2.678497879,4,86
3385,83,1.327453956,-0.515398477,3.616619247,1.715321316,-1.365743902,3.897206744,7,96
3389,84,1.787912861,-2.071675005,6.786643135,2.578091915,-2.836193303,7.042741061,3,86
3390,84,1.830397695,-2.078759016,6.721488768,2.613585731,-2.844162703,6.973625842,3,86
3391,84,-1.354080622,-0.393935878,2.800020449,-1.028063943,-1.392781373,3.369555251,7,90
3392,84,-1.367196000,-0.459991168,2.853434239,-1.033109473,-1.457362065,3.426055024,6,89
3393,84,-1.448941239,-0.391826024,2.859746718,-1.116011016,-1.391588019,3.439082969,3,89
3394,84,-1.365164831,-0.081987231,2.944868347,-1.034339243,-1.076593644,3.505208014,6,89
3395,84,2.330934595,-2.338112134,7.734720567,3.228223552,-3.053371563,7.934298475,3,86
3396,84,2.394574404,-2.330640192,7.941713978,3.313334503,-3.036916095,8.132887174,3,86
3397,84,-1.346851959,-0.278795916,2.876411501,-1.016680560,-1.274948483,3.441185453,5,89
3399,84,-1.394370405,-0.065147995,2.954441201,-1.062916645,-1.060352613,3.517362273,6,89
3400,84,-1.363412976,-0.105251050,3.008390743,-1.025005218,-1.097624529,3.568847208,6,89
3403,84,2.468386593,-1.206763013,4.849331385,3.017324185,-2.016802749,5.017903240,5,93
3404,84,2.353614391,-2.332338110,8.003159905,3.279261937,-3.037797856,8.198419534,3,86
3407,84,-1.336946323,-0.600164767,2.836374601,-1.000045586,-1.597028784,3.410095729,6,89
3408,84,1.225355921,-1.718625796,7.036141922,2.033607335,-2.492489172,7.340680171,5,89
3410,85,-0.062709401,-2.948833716,9.542201162,1.077945688,-3.757660792,9.993286127,40,140
3412,85,-1.446666082,-0.195753632,2.879899663,-1.108292445,-1.232889947,3.456701215,3,87
3413,85,-1.350397466,-0.348010433,2.768037878,-1.020121989,-1.385473285,3.338772701,5,89
3414,85,-1.362328248,-0.223202354,2.838593055,-1.028149385,-1.259114147,3.407083479,4,89
3415,85,1.603639375,-2.119091972,6.786152636,2.407562850,-2.959355939,7.051208521,2,86
3416,85,-1.437866993,-0.206624642,2.861157513,-1.101255976,-1.244032720,3.437382889,2,86
3417,85,-1.386981286,-0.384704071,2.797412788,-1.052133888,-1.422337601,3.372889337,5,89
3418,85,-1.324574210,-0.414213678,2.952532290,-0.972311787,-1.445712519,3.520908137,5,89
3419,85,-1.361792319,-0.254958472,2.843553246,-1.026093761,-1.290690720,3.412743534,4,89
3420,85,0.143226616,-2.616822108,9.048648153,1.218499478,-3.434016025,9.472004418,15,105
3421,85,-1.390280133,-0.207582666,2.841420504,-1.056096555,-1.244210895,3.412572176,4,89
3422,85,1.103835400,-2.684915708,8.114457879,2.073231780,-3.501394302,8.440011055,9,109
3423,85,-0.645330915,-3.042924981,9.398373129,0.486312706,-3.872055828,9.916659183,37,143
3424,85,-2.192127134,-3.093074567,9.882031190,-0.996270258,-3.951929736,10.568262251,60,152
3425,85,-1.460502628,-0.188554089,2.870615301,-1.123274433,-1.226345056,3.448815328,3,87
3426,85,-1.337475747,-0.216553212,2.846159749,-1.002838045,-1.251560746,3.411708945,5,90
3427,85,0.464796587,-2.816199195,8.533034568,1.487981620,-3.638719445,8.929333502,15,123
3428,85,-1.302368257,-0.273643358,2.861470449,-0.964521573,-1.307191114,3.424489720,6,90
3429,85,-1.340709921,-0.234949603,2.880484051,-1.001741790,-1.269068123,3.446627919,6,90
3430,85,1.285562407,-0.565850733,3.639929637,1.700622637,-1.504726414,3.921234248,7,95
3431,85,-1.339450104,-0.095729097,3.000986775,-0.991666591,-1.126533640,3.562762558,5,89
3432,85,0.817450286,-2.602394828,8.809465655,1.861872753,-3.407424096,9.159982513,17,121
3433,85,-1.396851858,-0.239100758,2.823490310,-1.063604600,-1.276392552,3.396261450,3,89
3434,85,1.456383527,-0.603083691,3.611836950,1.868434997,-1.537931033,3.875497913,10,96
3435,85,-1.327211444,-0.068437504,2.989961503,-0.981552632,-1.099230486,3.549784961,5,89
3437,85,-1.313099737,-0.251978361,2.838694391,-0.978336296,-1.286484504,3.402497101,6,90
3439,85,2.614404013,-1.117358461,4.920957677,3.177571580,-1.982523896,5.061999348,3,87
3440,85,-1.363951446,-0.028532298,3.023324448,-1.015655311,-1.059448603,3.585975406,5,89
3441,85,1.486051729,-0.549089901,3.628070956,1.898010552,-1.482691595,3.887028986,11,97
3442,85,-1.347610667,-0.110451973,3.002878696,-0.999112892,-1.141420485,3.565904483,5,89
3443,85,0.529800421,-1.381371213,4.462735653,1.064622401,-2.317654595,4.842055101,3,87
3444,85,2.386861864,-2.408366124,7.940748118,3.320512929,-3.193978125,8.119703870,2,86
3446,85,-0.655613623,-0.730080570,3.977204652,-0.186223196,-1.713763120,4.473508375,7,91
3447,85,-1.385237960,-0.406531473,2.872293938,-1.041566463,-1.441993309,3.447646570,5,89
3448,85,-1.373068635,-0.104596745,3.010911020,-1.023712873,-1.136057718,3.576534239,5,89
3449,85,0.151231199,-2.471322940,8.371017163,1.148107849,-3.307461704,8.794179322,40,136
3450,85,-0.658445698,-0.788572904,4.012196058,-0.183414052,-1.771304788,4.510043802,12,98
3451,85,1.383678019,-1.877583742,6.789168781,2.181873068,-2.724119913,7.072338001,18,104
3452,85,-1.303491683,-0.251001838,2.858146975,-0.966700525,-1.284692399,3.420747266,6,90
3453,85,1.594336358,-0.380815814,4.805205613,2.128665518,-1.278414286,5.040613311,10,98
3454,85,-0.961976090,0.117494744,2.683158069,-0.657854378,-0.911832697,3.200217342,4,88
3455,85,-1.006239532,0.124049763,2.630101039,-0.707817442,-0.908015686,3.152192435,3,87
3456,85,-0.137613050,-2.633124209,8.582127391,0.889134460,-3.471296767,9.039676847,31,135
3457,85,-1.327066620,-0.272766026,2.806179640,-0.995113230,-1.308561625,3.372239126,5,90
3460,86,-0.041618655,-2.985613600,9.262895707,1.087210044,-3.932580221,9.688437208,9,99
3463,86,0.043950583,-3.039187727,9.835014480,1.237275011,-3.974219565,10.248132521,2,87
3466,86,0.190670760,-2.940998203,9.637572060,1.358294785,-3.875446872,10.034240793,33,137
3467,86,-1.401462103,-0.360371259,2.829910503,-1.053075704,-1.453251697,3.411775901,4,89
3469,86,-1.411085464,-0.358503311,2.808590642,-1.065056365,-1.452001555,3.391637985,4,89
3471,86,1.265204766,-2.231007360,6.828211593,2.093482301,-3.184070484,7.113159731,9,95
3472,86,-1.428241060,-0.345083792,2.818028563,-1.081434712,-1.438891902,3.402744697,4,89
3473,86,1.331413250,-2.496747411,7.756340280,2.269914524,-3.432312705,8.031675746,16,108
3474,86,1.321273992,-0.958070011,4.730324340,1.879820122,-1.945487362,5.004865516,7,96
3475,86,0.092030026,-2.494128383,7.836275666,1.047507002,-3.461698631,8.249215674,7,96
3476,86,-1.424765501,-0.385466658,2.845237960,-1.073805565,-1.478704112,3.429947467,3,89
3477,86,-1.445643686,-0.170544831,2.867353290,-1.098238495,-1.264080817,3.451307509,3,90
3478,86,2.133297466,-1.762336898,7.094569465,2.972018487,-2.687807647,7.274655304,10,98
3480,86,-1.446851535,-0.304391955,2.873272455,-1.094952247,-1.397793732,3.459156396,4,89
3482,86,-1.500431755,-0.326948783,2.896953427,-1.144904283,-1.421383202,3.488968639,2,90
3483,86,-1.388355949,0.000047635,3.009461599,-1.030429052,-1.089646902,3.583795753,4,89
3484,86,0.760783458,-2.677578985,8.870885657,1.831979526,-3.609693506,9.205250969,18,117
3485,86,-1.350877595,-0.369026972,2.843208292,-1.001100656,-1.460318811,3.419469749,4,89
3486,86,-1.446373527,0.011825020,2.990149195,-1.090545300,-1.079760656,3.570911114,3,89
3487,86,1.103835687,-2.737350897,9.101796635,2.200119071,-3.656328624,9.397281783,35,129
3488,86,-1.610397985,-2.576169645,8.983806384,-0.513924513,-3.570236130,9.580369266,72,176
3489,86,-1.350721397,-0.133925216,2.850954295,-1.006810772,-1.225201061,3.423930508,5,90
3490,86,-1.322699577,-0.056759219,3.002556351,-0.964347453,-1.144774628,3.570393651,4,89
3491,86,1.726710433,-2.298907554,7.303899638,2.606706345,-3.231533111,7.535327250,14,100
3492,86,0.330878462,-1.840786161,5.660722930,1.024518885,-2.838785246,6.051857077,8,112
3494,86,1.981132847,-1.687800608,7.107999955,2.820216611,-2.617177360,7.303941149,13,99
3495,86,1.423267421,-0.533492042,3.601407560,1.843641295,-1.537332763,3.865908482,9,99
3496,86,-1.391377875,-0.519705511,2.734038364,-1.049145583,-1.613844130,3.317567689,3,89
3497,86,1.208837937,-2.474798958,8.285158743,2.206239359,-3.404794596,8.570511190,15,109
3498,86,1.469732645,-1.801493277,6.769680652,2.277875129,-2.750252317,7.026321061,18,105
3499,86,-1.608082915,-0.391582489,3.150974877,-1.221790152,-1.484615868,3.754267297,4,89
3501,86,-1.408678028,-0.149276836,2.903342444,-1.058128848,-1.241224716,3.482657495,2,88
3503,86,1.406679151,-2.165090305,6.865254008,2.236251070,-3.113758282,7.133296100,14,100
3505,86,-0.241563687,-2.055578351,7.501724112,0.666419986,-3.037961514,7.947959670,8,99
3507,86,0.577822984,-1.887223270,6.199776867,1.331019090,-2.869504489,6.560611538,6,96
3508,86,-1.428798970,-0.327209971,2.844531748,-1.079557355,-1.420597107,3.428897700,3,89
3509,87,-0.763306271,-2.110275053,6.918610589,0.118021780,-3.235939634,7.470207215,7,95
3511,87,-0.532160995,-2.387527498,7.533669238,0.425086058,-3.493696781,8.060009709,5,95
3512,87,-1.598351350,-2.798645101,9.559246824,-0.394268582,-3.893729158,10.199490063,44,145
3513,87,-0.014794231,-2.515728832,8.160727369,1.013152712,-3.593979585,8.626954872,10,99
3514,87,-1.521370283,-2.508150569,9.324327845,-0.353130622,-3.606021526,9.952443363,45,153
3515,87,0.102460372,-2.932837484,9.735578478,1.318930196,-3.975068088,10.185529853,27,128
3516,87,-0.353823559,-2.668631765,9.269689457,0.805363995,-3.733788752,9.769493429,28,139
3517,87,-1.378106651,-2.675140091,9.053712114,-0.235965713,-3.774328733,9.670330069,27,123
3519,87,-0.292882800,-1.942080424,6.695650750,0.555069479,-3.058840722,7.192855365,20,119
3520,87,2.311675429,-1.418319465,6.841658772,3.142084960,-2.457149745,7.035736547,7,103
3521,87,0.572105556,-2.967160922,10.195979088,1.838021350,-3.986336453,10.590660469,16,126
3523,87,-1.130953887,-2.520142754,8.610767179,-0.044904153,-3.621391802,9.199782885,40,147
3524,87,0.218199463,-2.088882683,6.735659454,1.071723521,-3.189960664,7.177596245,7,115
3525,87,1.237729564,-0.402836270,3.565536146,1.676999477,-1.540674713,3.884364886,4,95
3526,87,-1.398235878,-0.212131087,2.774800404,-1.035581060,-1.442508227,3.392210986,3,89
3527,87,-0.657821690,-2.812205784,9.780346985,0.565071478,-3.875560312,10.313515307,41,145
3528,87,-1.447002888,0.120845409,2.925874855,-1.077426894,-1.108045041,3.542072124,3,89
3529,87,-1.352861578,-0.223240879,2.897061629,-0.976476696,-1.449786969,3.508760357,3,89
3530,87,0.132517914,0.332730101,2.480231050,0.434907975,-0.859813422,2.917889625,2,88
3531,87,-1.000980302,-1.252640646,4.558639924,-0.408955509,-2.434219413,5.137606331,8,95
3533,87,0.054131656,-2.088997988,7.586396295,1.004050846,-3.177330412,8.041269979,12,103
3534,87,0.260295953,0.421088812,2.284804298,0.537192097,-0.771834989,2.707832827,2,88
3536,87,-0.267198337,-2.387995641,8.166563889,0.759150146,-3.473499940,8.658970760,40,139
3537,87,-1.753164393,-2.659459327,9.417099886,-0.568270289,-3.762025931,10.073302995,52,151
3538,87,-0.179165908,0.189617989,2.868553318,0.173266347,-1.003859944,3.341229114,2,88
3539,87,1.280387215,-0.396699612,3.635643870,1.727029575,-1.531868320,3.949109488,6,96
3540,87,-1.260135212,-1.436628017,5.284839306,-0.579314989,-2.610652884,5.891414689,9,96
3541,87,-1.012232550,-1.240763853,4.571110834,-0.419103236,-2.422418892,5.151058700,8,96
3542,87,1.459058621,-0.379390960,3.661422434,1.906840544,-1.508878013,3.954311069,7,96
3543,87,-0.710652885,-2.652557449,8.172763974,0.327601584,-3.750581484,8.719592408,9,115
3544,87,-1.434991186,-1.674760236,5.601947930,-0.710084006,-2.847169872,6.230234144,3,89
3545,87,-0.826515583,-1.148739245,4.113040282,-0.288801770,-2.334501158,4.673481532,8,95
3546,87,1.199128986,-0.326683030,3.576766829,1.637555932,-1.465453886,3.898559341,10,96
3547,87,-1.008728679,-1.233183943,4.523723966,-0.421165421,-2.415716503,5.103455415,8,95
3548,87,-0.513458655,0.554722887,3.540022202,-0.094884663,-0.634842503,4.039688028,2,88
3549,87,-1.973928078,-2.670830432,9.669861159,-0.758876923,-3.774573517,10.349465696,56,152
3550,87,-2.317488711,-2.677491732,9.461275492,-1.123263984,-3.795445071,10.181023688,50,156
3551,87,-0.942301114,-1.206021602,4.418090702,-0.367861140,-2.388823034,4.990565222,8,95
3554,87,-0.172280373,0.421988902,2.274165109,0.106327320,-0.783653375,2.745939917,2,88
3555,87,1.409205531,-0.265074545,3.654304473,1.852981895,-1.396220292,3.950887253,5,97
3556,87,-0.250778292,-2.249324414,7.240037200,0.667389171,-3.353485466,7.734239728,11,115
3557,87,-0.292109023,-2.425078752,8.473730307,0.769960269,-3.504965965,8.967580446,40,143
3558,87,1.379886391,-0.412217524,3.526841317,1.814150399,-1.546737807,3.830081140,8,96
3559,87,0.036430125,-2.796922182,9.481071270,1.220627167,-3.846377385,9.937775743,40,137
3560,87,-1.927427998,-2.887481940,9.623453857,-0.711168732,-3.990699027,10.301847799,53,156
3561,87,1.267474854,-0.276318051,3.746607097,1.722897934,-1.409654810,4.058736465,5,93
3562,87,1.202416925,-0.248455854,3.626587946,1.643974749,-1.386156869,3.946342469,6,95
3563,87,-0.214325566,-2.442898872,7.805241460,0.772900810,-3.534267578,8.294989984,9,104
3565,87,-1.380840157,-2.403667105,8.246664795,-0.337488732,-3.519693657,8.864175937,12,99
3566,87,0.047607448,0.369006981,2.373729368,0.337519654,-0.828201888,2.821015307,2,88
3568,88,-0.476172280,-2.552442986,9.210301041,0.689818899,-3.968815385,9.781826542,16,115
3569,88,-0.047095279,-2.527633202,9.642933637,1.164277305,-3.931308288,10.163108590,23,129
3570,88,-1.355890716,-0.299125295,2.556809040,-0.996602919,-1.760816365,3.270219772,2,89
3571,88,-0.252170814,-2.366899560,8.372426282,0.812573663,-3.780111736,8.923945821,10,112
3572,88,-1.397092072,-0.308491341,2.610148815,-1.031241260,-1.771095240,3.327882031,2,89
3573,88,-2.314345825,-2.631584208,9.974685480,-1.047311954,-4.093976024,10.749369874,54,152
3574,88,2.289156559,-1.087717313,6.436677517,3.083672387,-2.440535142,6.712742426,7,103
3576,88,-0.013451854,-2.487528233,8.972070090,1.120724902,-3.892478888,9.492740293,12,106
3578,88,-2.191009394,-2.483537387,9.586810594,-0.972630231,-3.943970046,10.349998480,78,179
3579,88,-0.006712535,-2.481791394,9.351656852,1.170212833,-3.885350326,9.869123832,37,139
3580,88,-0.619979906,-2.044988626,7.653298496,0.357339342,-3.470321912,8.251006798,36,146
3581,88,-2.074945519,-2.390866387,9.326323915,-0.889287329,-3.849104130,10.078030713,67,175
3582,88,-0.019205450,-2.256794706,9.103883728,1.123791883,-3.661556410,9.624312717,26,136
3583,88,-2.303424114,-2.468849533,9.632201198,-1.079537984,-3.932107781,10.407818272,54,156
3584,88,-2.000474562,-2.476942968,9.577561543,-0.784608258,-3.932380763,10.319241703,52,150
3586,88,1.297517895,-0.161899824,3.512447935,1.743299697,-1.550574073,3.919361989,6,97
3588,88,0.448617731,-2.172958953,8.757828615,1.547063915,-3.566516370,9.227513924,12,108
3589,88,-0.296134222,-2.381789437,8.861934030,0.824687170,-3.794588164,9.415286864,14,143
3590,88,-0.564416712,-2.270732914,9.198069593,0.593301933,-3.689572123,9.779606319,36,145
3595,88,1.470687300,-1.807259113,6.816817286,2.332881147,-3.180198487,7.183220078,18,106
3596,88,1.399442214,-0.001850951,3.484957131,1.837169580,-1.387980758,3.880479968,6,95
3597,88,1.690086955,-1.255583765,6.777032885,2.531631628,-2.623057090,7.118749879,11,100
3598,88,0.012718859,-2.349894328,9.982204168,1.257347905,-3.750967336,10.493393824,6,111
3600,88,0.712910673,-1.538837899,6.584117866,1.546778322,-2.932609685,7.037732902,2,93
3601,88,1.400811144,-1.249851143,6.668244952,2.231855399,-2.625306852,7.043401867,13,102
3603,88,1.389899372,-0.036984712,3.489095832,1.829093366,-1.423340617,3.885679098,6,97
3604,88,-0.066141326,-2.313033828,9.103392347,1.078613069,-3.719015536,9.629148036,33,141
3605,88,1.195738398,-0.042844117,3.511562817,1.638945777,-1.434248471,3.929979152,7,95
3606,88,0.839940913,-2.503494147,10.228981094,2.110966838,-3.881898049,10.644985212,26,128
3608,88,1.198506899,0.009141337,3.607668621,1.651187451,-1.381900478,4.025143782,7,96
3610,88,1.152087126,-1.993068196,8.790964272,2.244734507,-3.368023595,9.180778414,30,135
3611,88,1.626576542,-1.200261644,6.769234364,2.466199039,-2.569455067,7.118179078,10,100
3613,88,1.507512570,-1.209864045,6.707824294,2.341249114,-2.582392022,7.070641899,13,106
3615,88,1.214787121,-1.831240748,6.961299451,2.095699232,-3.210460160,7.355742793,11,99
3616,88,1.452759436,-1.120403392,6.694242167,2.282952841,-2.494451011,7.063326743,15,106
3618,88,1.185725869,-1.930435531,7.362227025,2.114832344,-3.309102310,7.757402762,7,95
3619,88,-1.395087875,-0.004451681,2.696787943,-1.027528299,-1.466832560,3.413677754,2,89
3620,88,1.102781341,-1.997837126,8.328145188,2.143525870,-3.375574229,8.726515157,16,113
3621,88,1.901871982,-1.731783856,6.993250100,2.779099836,-3.092808904,7.309700210,5,96
3622,88,2.208379258,-1.652713010,7.199374311,3.104749751,-3.005019214,7.479791958,8,99
3623,88,1.193042217,-0.074229611,3.319314404,1.615350823,-1.466309849,3.739277508,3,90
3624,88,1.382349400,-0.055895127,3.517420676,1.825301809,-1.442352807,3.914680191,8,97
3625,88,1.278325667,-1.708053544,6.653183680,2.120672961,-3.086627151,7.042391136,13,104
3626,88,1.566841540,-1.206116634,6.700668408,2.399266827,-2.577103599,7.056816055,12,100
3629,88,1.184146896,-2.112165867,7.543494416,2.138602420,-3.490229453,7.937719754,5,95
3630,88,1.488926366,-1.799685256,6.691842820,2.336655626,-3.172546446,7.056982827,17,105
3632,88,-1.433501711,0.394891590,2.815661142,-1.062845252,-1.068263012,3.536056414,2,89
3633,88,1.568232771,-0.002808287,4.205345831,2.086347105,-1.382176953,4.577134777,7,98
3634,88,1.534553228,-1.223309784,6.706314597,2.368293052,-2.595124442,7.066083925,12,106
3635,88,0.969769796,-2.137321354,8.666792540,2.053437398,-3.517433587,9.078068765,33,132
3636,88,1.437332568,-0.080656397,3.567900616,1.886281772,-1.465493022,3.958617286,8,96
3637,88,2.410815630,-1.738741209,7.561821729,3.349108154,-3.084515167,7.817014185,8,98
3638,88,1.591809560,-1.361853183,6.666255400,2.424310948,-2.732236653,7.019828793,9,98
3640,88,1.331999677,-1.829413733,6.527166807,2.162950836,-3.206932085,6.911132797,14,102
3641,88,-2.141923884,-2.329589883,8.719618807,-1.026083370,-3.791559825,9.482793370,10,99
3642,88,0.561119104,-1.967760192,7.407554183,1.500578516,-3.362747395,7.873142688,2,89
3643,88,0.805596474,-2.291108540,9.048957069,1.937701997,-3.674273582,9.476389789,18,114
3644,88,0.053989794,-1.803109093,7.639198117,1.018718427,-3.210791852,8.160665560,9,99
3645,88,1.184365064,-1.547811933,7.238763642,2.089343521,-2.927045259,7.634811549,9,99
3646,88,1.597132688,-1.497334779,6.830572170,2.451789452,-2.867003593,7.182513774,11,99
3648,88,2.215261202,-1.620603446,7.463320823,3.140594838,-2.971893916,7.741257043,9,98
3652,88,1.364735695,-0.169380797,3.498392688,1.808670585,-1.556324042,3.897790425,8,97
3653,88,1.506880609,-1.836684516,6.760110473,2.363195339,-3.208840272,7.122786888,18,105
3655,88,1.079362078,-2.357726965,8.901366623,2.194684359,-3.734118587,9.298774473,31,131
3656,88,1.379137411,-1.779089951,6.511031181,2.206606153,-3.155434146,6.889755635,16,104
3657,88,-1.727588766,-2.335760871,8.721381133,-0.614192609,-3.786791714,9.437648672,14,106
3658,88,1.353438969,-0.181367221,3.429331608,1.789955336,-1.568825497,3.830454133,8,97
3659,88,1.929042957,-1.467261966,7.026596805,2.802829700,-2.827556783,7.339705224,10,100
3660,88,2.048079495,-1.834325635,7.343814077,2.966704775,-3.190334139,7.641482925,12,101
3661,88,1.237697552,-1.939974845,6.946002520,2.119613391,-3.318600413,7.337972410,9,96
3662,88,2.193121558,-0.774755128,6.451350099,2.981631039,-2.130170160,6.738128978,6,99
3664,88,1.362735885,-0.990056344,6.811687468,2.203363121,-2.366148849,7.190181081,9,96
3665,88,1.278237581,-0.164473627,3.442082906,1.716257283,-1.553881038,3.851631907,5,97
3666,88,1.211994467,0.013464458,3.358512023,1.636278959,-1.378021181,3.776060860,3,90
3667,88,1.970509826,-1.608941789,6.809369064,2.823203495,-2.968788410,7.119207829,9,100
3668,88,0.570273482,-2.445523615,9.693485301,1.780999791,-3.832777922,10.143441782,31,137
3669,88,-1.420528594,0.074009840,2.703615190,-1.054109350,-1.389048078,3.423325228,2,89
3671,88,1.056085118,-1.976703635,8.592535724,2.126497798,-3.354833241,8.994487867,25,132
3673,88,2.417909547,-1.618336636,7.023093775,3.292002062,-2.965691698,7.280921590,8,99
3674,88,1.385272553,-1.773255249,6.487191080,2.209847371,-3.149516011,6.865373176,10,97
3675,88,2.499252507,-1.960006666,7.388867365,3.423257836,-3.303923300,7.635204967,9,99
3676,88,0.204245172,-2.374031676,8.984360144,1.335320956,-3.773239618,9.480288803,27,130
3677,88,1.351205992,-1.681656374,6.639958225,2.190861550,-3.058358892,7.020996450,12,99
3679,88,1.157547782,-1.912800220,7.039701180,2.049885710,-3.293249804,7.440135426,7,96
3681,88,1.403630576,-1.789694099,6.526317912,2.232944705,-3.165339384,6.902173935,17,106
3682,88,2.327776732,-1.849132563,7.353102249,3.245951016,-3.197726919,7.619056526,7,99
3683,88,1.238384053,-2.368945757,8.837629912,2.345715646,-3.741342160,9.217450500,23,123
3684,88,0.826511976,-2.442559220,8.683653667,1.921169964,-3.826289152,9.111096345,21,118
3685,88,1.592776030,-1.633426374,6.552795898,2.419651225,-3.004051871,6.907042426,8,96
3688,88,-2.161936398,-2.424666977,9.518743091,-0.953019983,-3.884571449,10.279066159,75,175
3689,88,0.911049624,0.292362401,3.286576787,1.321822750,-1.107391916,3.738595767,5,92
3691,88,-1.454313692,0.220649314,2.755302684,-1.085714590,-1.243186169,3.478475725,3,90
3693,88,1.505209269,-1.123676402,6.767716711,2.343447197,-2.496103732,7.130393185,11,101
3696,88,1.486406772,-1.447543839,6.758441015,2.332329666,-2.820382548,7.123368973,18,106
3697,88,-1.357068186,-0.134024460,2.684641984,-0.987696964,-1.595395418,3.397332037,2,89
3698,88,1.087342285,-0.497897040,4.106696569,1.610711466,-1.890094024,4.533646874,7,97
3699,88,1.502273870,-1.362862810,6.625397560,2.330786141,-2.735738998,6.989367894,17,104
3700,88,1.705355337,-1.150276251,6.767984233,2.542974150,-2.517412938,7.108010498,10,97
3702,88,0.149197350,-2.193256571,8.860454128,1.261823113,-3.594377589,9.363374116,25,128
3704,88,0.043431118,-2.147568998,7.993926657,1.057519835,-3.554272337,8.514377386,9,101
3706,88,2.243492741,-1.659031704,7.449023725,3.168038739,-3.009609575,7.723863966,9,98
3709,88,1.213423002,-0.005211659,3.311862416,1.632916171,-1.396802448,3.729553015,3,90
3712,88,-1.364347395,0.134119984,2.780317215,-0.991228208,-1.327231252,3.493163606,3,90
3713,88,1.285364859,-1.675247278,6.661097734,2.127688005,-3.053621408,7.049451142,16,104
3714,88,1.809143187,-1.972097714,7.208600400,2.717750834,-3.334794472,7.534209487,11,100
3716,88,1.434969636,0.069459372,4.535185043,1.989384729,-1.312394072,4.919923678,5,95
3717,88,1.204825358,-1.917846050,7.046288136,2.097722259,-3.297025442,7.441329889,9,96
3718,88,-1.380391663,0.170683151,2.740151286,-1.012679848,-1.291232956,3.455064585,3,90
3723,88,1.413418778,-0.016734101,3.475386438,1.850364126,-1.402520569,3.869391754,7,97
3724,88,0.379247467,-2.332666579,9.496466671,1.565978169,-3.725631647,9.969288497,30,139
3726,88,-1.347113801,0.161678705,2.921049853,-0.958921189,-1.298776781,3.631035847,2,89
3728,88,0.601707943,-0.939116472,5.242250831,1.268571249,-2.340332378,5.716957602,10,106
3729,88,0.043896436,-1.637391454,7.513638798,0.990083522,-3.045801246,8.037022943,38,139
3730,88,-1.381037333,-0.027409382,2.669839857,-1.016011781,-1.489497786,3.385317033,2,89
3731,88,-1.466882681,0.081314474,2.738505476,-1.096395930,-1.382857204,3.463236496,2,89
3732,88,1.246765602,-0.168681192,3.420280325,1.682643633,-1.558987272,3.833532447,5,97
3736,88,-1.390691039,0.335012479,2.791938794,-1.021417321,-1.127067504,3.507652721,2,89
3739,88,-1.430798406,-0.304780212,2.642093238,-1.061203591,-1.768172356,3.363435526,2,89
3740,88,0.043777630,-2.543103201,8.786604098,1.158059748,-3.947118469,9.301999500,6,113
3743,88,0.044780571,-2.707051719,8.851618088,1.170768676,-4.110774356,9.366514424,10,115
3744,88,-1.414280476,0.236716785,2.775428417,-1.044102623,-1.226003719,3.493937768,2,89
3745,88,0.230779124,-2.262064865,8.762225599,1.333567026,-3.661323892,9.256556446,10,107
3750,88,0.214667337,-2.464689631,8.642177013,1.309366929,-3.864686717,9.139142796,13,109
3752,88,-2.173770174,-2.318959130,8.894573482,-1.038201864,-3.781212578,9.660226213,10,98
3753,88,0.554715651,-1.463771274,4.792941226,1.185005241,-2.867480940,5.275957404,3,97
3754,88,1.457473012,0.010314115,4.220001825,1.977647365,-1.371934379,4.604230457,8,98
3755,88,1.201151119,0.019375418,3.562430151,1.648423458,-1.371745166,3.979894721,6,94
3756,88,-0.516627382,-0.375328414,4.111023097,0.014843278,-1.809871863,4.719468316,3,90
3757,88,1.290099504,-0.130760649,3.461489924,1.729338602,-1.519804850,3.869564977,7,99
3758,88,1.168412482,-1.958079183,7.324867254,2.094144018,-3.337312649,7.722248142,7,95
3763,89,0.885340987,-2.362228049,10.182387154,2.098562205,-4.021329686,10.718000735,20,131
3764,89,-0.444854366,-1.906545715,9.034892968,0.631755127,-3.673550443,9.707389254,14,106
3765,89,-1.729641085,-2.026721343,9.173844548,-0.618414382,-3.913536368,9.960192713,23,114
3766,89,0.365423820,-2.026079092,8.843417429,1.428200729,-3.715171114,9.440099202,10,107
3767,89,-0.110626802,-2.204965624,8.178364770,0.910518180,-3.927507352,8.817333014,8,113
3768,89,0.139795291,-1.914359399,8.398073788,1.152986496,-3.618279713,9.019873472,9,99
3769,89,-1.348882220,0.301927737,2.501015811,-1.071531122,-1.463498413,3.335524688,2,90
3770,89,-2.109093593,-2.116399437,9.864013869,-0.922411106,-4.047747511,10.679868626,52,151
3771,89,0.211041203,-1.348779268,7.009990393,1.043500909,-3.028534802,7.644393112,6,99
3772,89,-0.249923768,-1.303242930,7.443003321,0.622558222,-3.031909927,8.118585394,7,99
3773,89,0.106154887,-1.637129633,8.003148006,1.057869409,-3.339646341,8.636114985,7,99
3774,89,-0.055240166,-1.863693867,7.458706358,0.867706306,-3.572217395,8.103625433,6,109
3775,89,-0.092947791,-1.843918260,8.656724226,0.939882622,-3.573319348,9.300224412,36,145
3777,89,-0.262540601,-1.932612586,8.605464823,0.774971773,-3.676505390,9.262634733,36,139
3779,89,0.052915869,-1.964739766,8.433745722,1.074708690,-3.676957687,9.062160381,7,115
3780,89,1.171333011,-1.803272696,7.204436176,2.054834918,-3.395419933,7.739957844,3,93
3781,89,-0.234574996,-1.832730629,8.964496792,0.827046239,-3.579673068,9.619810021,35,145
3782,89,0.132147468,-1.726911512,8.178969435,1.108098385,-3.429185086,8.806729867,33,137
3783,89,1.608808534,-1.125657575,6.491204503,2.361089754,-2.670155033,7.005488440,16,104
3784,89,1.801123579,-0.907943423,6.648332520,2.546711845,-2.437948834,7.149358043,9,98
3786,89,-0.205704805,-2.120919760,9.823677020,0.961575089,-3.876368715,10.465948787,16,110
3787,89,-0.056329643,-1.780294773,8.467905839,0.952891919,-3.503870935,9.110358944,36,137
3788,89,-1.357389760,0.506370474,2.617145019,-1.087648367,-1.262408299,3.456595759,2,90
3789,89,-0.091150239,-2.081076560,9.135646819,1.007611620,-3.816202658,9.771429909,36,139
3790,89,0.393109190,-1.964313431,8.172637542,1.387723366,-3.641427828,8.771181686,8,107
3791,89,-0.323369438,-2.066944138,7.301117918,0.605559860,-3.796998306,7.966545608,5,111
3792,89,1.301522490,-1.986306009,8.530662406,2.323735962,-3.584838176,9.044235217,29,132
3793,89,-0.317409056,-2.099178490,9.136261930,0.784955143,-3.855072397,9.792270904,32,145
3794,89,0.316972741,-2.238329672,9.339523394,1.445451374,-3.938131326,9.933566632,13,107
3795,89,1.157975093,-2.128675317,8.473549678,2.188957279,-3.738982132,8.997213025,3,95
3796,89,-0.041552022,-1.950996951,8.668189879,1.001587056,-3.675364077,9.304498569,29,139
3797,89,1.324194416,-1.595467494,6.536275680,2.125523202,-3.164782627,7.065570968,16,106
3798,89,1.176003026,-2.175143443,8.809941101,2.242299159,-3.788450488,9.329404247,33,131
3800,89,-0.466491206,-2.148467731,9.461280212,0.671794948,-3.922575502,10.128321349,34,140
3801,89,1.532389208,0.072658773,3.313839558,1.881695456,-1.438162869,3.876618614,7,97
3802,89,-2.060161321,-2.135084314,9.766369379,-0.881279026,-4.060432945,10.577764904,45,152
3803,89,-1.962746929,-2.119130259,9.611365792,-0.800535643,-4.033336049,10.414926112,49,147
3806,89,-0.489598751,0.021323965,3.973972103,-0.057232984,-1.685036013,4.717127806,2,90
3807,89,-2.168417648,-2.142002590,9.923270167,-0.973413073,-4.079559346,10.743688532,47,153
3808,89,1.861226832,0.238839246,5.030512423,2.352301067,-1.267237567,5.559482470,6,96
3809,89,-2.130186043,-2.023503431,9.285308273,-1.005509832,-3.948832775,10.107780169,11,109
3810,89,0.176628511,-2.257460128,9.106878582,1.286396489,-3.966740609,9.714319878,8,98
3811,89,0.069112669,-2.049644383,7.732239041,1.033238270,-3.749859817,8.360342572,8,113
3812,89,1.505417596,0.056332978,3.958905274,1.916384098,-1.466226714,4.520911169,6,97
3813,89,-0.543926439,-0.049824129,3.761405113,-0.124430180,-1.757804786,4.508831102,2,90
3815,89,0.473692697,-2.028625845,8.752175890,1.527305441,-3.706416545,9.339325854,10,108
3816,89,-0.482640314,-2.035502525,9.135448012,0.615288172,-3.806879265,9.807993518,39,139
3817,89,-1.320196978,0.155153223,2.631338347,-1.017710812,-1.608875873,3.459291941,2,90
3818,89,-2.254768718,-2.126940856,9.672576459,-1.083697960,-4.068891819,10.502329576,14,113
3819,89,-1.388210783,-2.189998230,9.443880433,-0.240010803,-4.048561178,10.194142288,15,109
3820,89,-2.316190816,-2.120431819,9.892377160,-1.124760021,-4.071245380,10.726908643,57,151
3821,89,-1.633225768,-2.213622520,9.733670194,-0.453888036,-4.098836956,10.504460562,45,151
3822,89,2.227685946,-1.539766575,7.117278828,3.070359716,-3.034514505,7.562841894,6,96
3823,89,1.703431491,-1.208076283,6.684429569,2.480322183,-2.746293613,7.187336779,11,100
3824,89,0.242036385,-2.074809685,8.829275847,1.308943851,-3.774848666,9.436162096,8,112
3825,89,0.024950420,-2.000804585,9.126104024,1.114591423,-3.725449790,9.753174592,19,134
3827,89,-1.255242004,-0.424396562,4.882039466,-0.691733018,-2.212456014,5.680818921,6,94
3828,89,-1.239660445,-0.486832457,2.462071669,-0.895570778,-2.238201663,3.268730097,2,90
3829,89,-0.096987435,-1.863214353,9.083970049,0.977332313,-3.599079761,9.725502643,44,145
3830,89,1.293281184,0.028648661,3.213466198,1.639252880,-1.502551435,3.797498079,2,90
3831,89,1.506924184,0.021878946,3.752142120,1.901773438,-1.497402958,4.314138534,9,97
3832,89,2.256425845,-1.718769384,7.091181276,3.112607814,-3.209713648,7.530139786,7,99
3833,89,1.899457680,-1.687638548,6.671549307,2.716834891,-3.205527819,7.145649654,11,100
3834,89,2.216872401,-0.888381885,6.396286435,2.933757498,-2.376539674,6.860945937,7,99
3835,89,2.290054702,-1.882377666,7.113023980,3.162768346,-3.369828077,7.545071765,9,98
3836,89,0.508646234,-1.780668522,6.732686130,1.351849514,-3.427125963,7.331278180,7,107
3837,89,-0.074455026,-2.138620133,9.219705594,1.037179204,-3.873173220,9.852275341,32,137
3838,89,2.331266720,-0.731000189,6.152076457,3.010265232,-2.205777663,6.610984991,7,99
3839,89,1.431309308,-1.320289629,6.518786063,2.205240844,-2.880685346,7.044686130,10,99
3840,89,1.087685316,-2.364019786,9.413784823,2.227921232,-3.993367320,9.934304155,21,128
3841,89,1.406244895,-1.692241672,6.541513047,2.216113544,-3.253654476,7.061083544,9,98
3842,89,0.403303731,-1.417063920,6.329124201,1.177027016,-3.068972609,6.947441171,4,99
3843,89,-0.595580646,0.017056457,3.856813746,-0.172824476,-1.697351892,4.610060629,4,92
3844,89,1.213449822,-1.859606043,7.286820423,2.109344567,-3.448820080,7.816844505,6,95
3845,89,1.402415270,-1.546283770,6.485022467,2.193875405,-3.107868268,7.008534447,9,99
3846,89,2.200855141,-1.802343040,6.918192696,3.048979702,-3.295540500,7.361074938,4,99
3847,89,0.342644555,-2.086520284,7.449478403,1.281512485,-3.757296052,8.053035365,6,115
3848,89,0.545436169,-1.371711148,6.246600045,1.306191123,-3.009534399,6.853353591,7,107
3849,89,1.366352425,0.069629406,3.451675481,1.730145064,-1.458463098,4.028922624,3,96
3850,89,-0.502014822,0.024851093,3.844850926,-0.081864527,-1.680801137,4.589792694,2,90
3851,89,0.340515021,-2.070497713,9.571048033,1.475147724,-3.772209033,10.165759187,31,139
3852,89,1.222788866,-1.803675372,7.253950363,2.110495173,-3.391797711,7.784548622,6,95
3853,89,0.360912252,-1.196157231,6.490549129,1.130034049,-2.855265649,7.117075503,11,104
3854,89,1.324810903,-1.613011845,6.552813888,2.129257150,-3.182432875,7.081577935,12,102
3855,89,2.294830331,-1.716887558,7.178555897,3.158639421,-3.205566178,7.613666188,6,96
3856,89,1.501973908,0.050522448,3.294066520,1.851699414,-1.462718108,3.859201436,8,97
3857,89,1.366130429,-0.023114904,3.294609649,1.723707327,-1.548553400,3.870450150,5,97
3859,89,2.244740214,-1.622643199,7.139632464,3.096837321,-3.115782710,7.581643042,7,99
3860,89,1.870744883,-2.153070353,7.702112743,2.826213689,-3.686475019,8.163607538,3,91
3861,89,-2.160640230,-2.233793777,9.609675438,-0.986554015,-4.165701155,10.428673185,7,99
3862,89,0.287873461,-2.149934499,8.252049925,1.307531381,-3.837080421,8.855593622,8,115
3863,89,-1.992640326,-2.028583730,9.663631656,-0.833501458,-3.946692493,10.471760600,49,150
3864,89,2.176849004,-1.531127821,6.715613126,2.981837230,-3.024788774,7.167793114,8,99
3865,89,1.365225552,-0.008218270,3.295159371,1.721514976,-1.533812923,3.871421040,5,96
3866,89,-1.815340359,-1.944320003,9.418391039,-0.688107056,-3.842921712,10.213360315,72,175
3867,89,0.104547671,-1.765978110,8.062796696,1.073463953,-3.468944005,8.692695934,10,115
3868,89,-1.794156411,-2.131814609,9.579554035,-0.635178332,-4.029978611,10.367583415,50,149
3869,89,1.334766125,-1.552960855,6.542322819,2.132726457,-3.121574895,7.071599930,15,104
3870,89,1.519760048,0.060060982,3.381829448,1.876630822,-1.452851775,3.945170862,8,97
3872,89,1.416632456,-0.065757428,3.311290358,1.779187211,-1.586600275,3.881473003,9,97
3873,89,-2.168839761,-2.135721190,10.030200582,-0.964460349,-4.074889975,10.850327143,80,180
3874,89,0.143109678,-2.056376631,8.462935976,1.175135751,-3.760310885,9.080894285,15,115
3875,89,-0.456860085,0.038804734,3.529072030,-0.067702701,-1.658184714,4.271613647,2,90
3876,89,-2.249988632,-2.140629707,9.777885124,-1.067932969,-4.083603179,10.606421793,45,152
3877,89,-2.236437517,-2.121587632,9.985072339,-1.036959482,-4.066391135,10.811889951,54,153
3878,89,1.822136033,-1.600768733,6.589687577,2.624706481,-3.124973999,7.073194268,15,104
3879,89,-0.020753440,-1.970708100,8.939398654,1.049199616,-3.696994525,9.572155958,7,100
3880,89,0.311326169,-1.356381240,6.230870278,1.071209274,-3.015604679,6.859403891,4,98
3882,89,-2.154026708,-2.159642191,9.897042337,-0.959987300,-4.095417614,10.715860170,64,161
3883,89,-0.390284039,-1.913961338,9.114078502,0.693895210,-3.677052726,9.781075107,41,139
3884,89,0.169195318,-1.549618132,6.214844561,0.946251009,-3.220858194,6.851992714,6,112
3885,89,-2.140695004,-2.047838313,9.785334886,-0.967254714,-3.981257965,10.605991360,75,175
3886,89,-2.195372489,-1.948084000,9.451069501,-1.061554723,-3.882141524,10.280480474,49,152
3887,89,-0.464431715,-2.173624408,8.542919299,0.590751039,-3.934157023,9.213268553,8,114
3888,89,1.370685461,0.117232326,3.274547979,1.713676102,-1.408107849,3.853275001,2,90
3889,89,-2.034332259,-0.226294468,4.851224310,-1.485015483,-2.086523009,5.725757204,3,91
3890,89,1.134597222,-2.120551586,8.817616973,2.197022767,-3.738020685,9.342073645,26,129
3891,89,0.595783420,-2.267576566,9.816459468,1.768882374,-3.948467879,10.382280725,33,139
3892,89,-2.050811664,-0.305803244,4.722667805,-1.506119659,-2.165344809,5.597453934,3,91
3893,89,-0.198111077,-2.020180849,9.198937415,0.901932960,-3.766337846,9.845592767,36,139
3894,89,1.565858733,0.146663113,3.959487615,1.968206220,-1.370731930,4.518044542,8,99
3895,89,1.971954426,-1.627366281,6.829553652,2.797959203,-3.141125431,7.297718966,14,104
3896,89,2.334158436,-0.204225093,4.286628985,2.792139225,-1.654063180,4.765605137,3,99
3897,89,1.309470747,-0.043414488,3.209982170,1.661494319,-1.572759381,3.790902585,4,97
3899,89,0.070891199,-2.427452101,9.822602341,1.263438359,-4.156076952,10.432625400,23,137
3900,89,-1.838624717,-1.958102210,9.447328727,-0.707259745,-3.859206644,10.243978541,71,177
3901,89,2.050594860,-1.939748771,7.173522218,2.936136976,-3.449877430,7.625835741,9,99
3902,89,2.150495164,-1.922651214,7.068224332,3.023861981,-3.422131619,7.512281632,6,96
3903,89,0.670212143,-2.333804263,8.898902727,1.763383324,-3.994288199,9.460485534,14,118
3904,89,0.249748857,-1.975368999,8.515136330,1.278406310,-3.670589502,9.124988425,11,107
3905,89,1.206316559,-2.074513280,9.286025038,2.307513822,-3.692349098,9.802915414,28,132
3906,89,2.366677635,-1.806875985,7.182241550,3.238355234,-3.288599077,7.608720186,10,99
3907,89,0.619359244,-0.100859380,4.807777996,1.130908898,-1.716609196,5.443262003,10,102
3908,89,0.988167680,-2.323225581,9.762065015,2.157928622,-3.966950819,10.291053678,33,132
3909,89,1.580863503,-1.099971441,6.492703380,2.331198609,-2.647176080,7.010118342,11,101
3911,89,2.427480851,-1.799766219,7.307511701,3.309646408,-3.277731401,7.728050202,8,99
3912,89,1.171038113,-2.338227621,9.807379592,2.344823500,-3.965700789,10.319139430,30,130
3913,90,1.079817696,-2.234100395,9.457028126,2.085310366,-4.020578150,10.173610441,20,128
3914,90,0.457173911,-1.827158882,8.560655884,1.357871124,-3.691815300,9.325366954,12,107
3915,90,-0.070613554,-1.234076592,7.077431982,0.662265878,-3.147588324,7.893511621,7,96
3916,90,-2.061536816,-0.310635865,4.582165790,-1.584062702,-2.479798871,5.537469022,2,91
3918,90,1.521909402,0.008130142,3.095984094,1.817288240,-1.556103381,3.885490508,5,95
3919,90,-1.720792192,-1.860905470,9.769383861,-0.717476044,-4.104022274,10.640174182,44,153
3920,90,-2.095244460,-1.865194539,9.715680740,-1.089047592,-4.165938070,10.605275179,27,122
3921,90,0.189164844,-2.029802254,8.116443933,1.100597049,-3.921534622,8.888038087,9,113
3922,90,-2.060585868,-0.299793523,4.588545001,-1.584466261,-2.469129034,5.544188154,2,91
3923,90,1.420998462,-0.007137600,3.075296306,1.719015370,-1.586540221,3.869361400,5,97
3924,90,-0.228283856,-1.125174253,6.027746482,0.431446988,-3.035088620,6.857835151,3,92
3925,90,1.376754841,0.118152627,2.923990897,1.647386921,-1.465558142,3.725204654,3,97
3927,90,0.290971401,-2.299656483,8.699373623,1.275572841,-4.188412903,9.454741147,7,115
3928,90,1.545087317,-0.015523315,3.068266071,1.842304347,-1.574993437,3.855786119,7,97
3929,90,0.272036806,-1.701652756,7.881289428,1.117938667,-3.577835724,8.661283082,7,99
3930,90,0.804992512,-2.192060207,9.318314207,1.800016964,-4.018586835,10.050559556,13,119
3931,90,1.236590148,-0.015041396,3.569089088,1.565827727,-1.637590144,4.371185732,4,97
3932,90,2.566894254,-1.121548469,5.561564862,3.161401431,-2.576191086,6.251930119,3,96
3933,90,-1.647227366,-1.787349777,9.714408065,-0.659488434,-4.018220778,10.584316307,69,177
3934,90,-2.014880080,-0.416287467,4.507153223,-1.525696525,-2.574559412,5.456352893,2,91
3935,90,2.511195303,-0.829872719,6.726033832,3.125538725,-2.330334232,7.427699388,7,99
3937,90,1.620711204,-0.011656670,3.064371085,1.916058443,-1.559107032,3.848233008,6,95
3938,90,2.473012211,-0.790514456,5.976267801,3.040084831,-2.276135860,6.682772350,7,103
3939,90,2.022418404,-1.524163627,6.617849565,2.746112020,-3.089809960,7.318710625,6,95
3941,90,1.380172342,-2.045602745,8.027653503,2.272627151,-3.746255091,8.738857720,15,111
3942,90,2.153467863,-1.674460156,6.489268243,2.891707221,-3.213761474,7.178232074,6,100
3943,90,2.446063609,-1.700906079,7.025389092,3.214159528,-3.208888422,7.697595130,8,99
3944,90,1.499605729,-1.335279690,6.457310099,2.192092838,-2.981476320,7.191786538,15,106
3945,90,1.846146777,-0.351012003,5.188500569,2.309422606,-1.919001133,5.944336578,5,97
3946,90,0.833186220,0.533179505,2.868782768,1.043383418,-1.140307489,3.712800028,2,91
3947,90,-1.953555359,-1.819528010,9.778728655,-0.952963313,-4.100257434,10.662750352,33,126
3949,90,2.507967874,-0.791065526,6.080403057,3.080426012,-2.274122830,6.784923662,7,103
3950,90,1.630854107,0.080803799,3.098705098,1.913507742,-1.467223616,3.885402527,7,97
3951,90,1.405944714,0.146509538,3.216975460,1.688010773,-1.441312157,4.017194297,3,95
3952,90,0.817021110,-1.863646256,8.924923987,1.738667251,-3.681315607,9.669455100,20,128
3953,90,2.415585646,-1.740343212,7.085471014,3.193609038,-3.254346795,7.757638820,8,98
3954,90,-1.827560746,-1.705761393,9.733798645,-0.849003650,-3.966763085,10.615762704,56,152
3955,90,1.673002575,-1.614353073,6.430731664,2.405253367,-3.228744567,7.146225203,9,98
3956,90,1.400000270,0.133970602,3.213914868,1.683939745,-1.454540869,4.013976151,3,95
3957,90,2.502456298,-0.722432789,6.132020524,3.067124363,-2.208726120,6.839251643,5,103
3958,90,1.617419650,-0.019308840,3.070985321,1.914376649,-1.567368971,3.854717611,8,97
3959,90,-1.950194820,-0.111218379,4.582876400,-1.505412426,-2.265385852,5.539932768,2,91
3960,90,-1.519974205,-1.884400110,9.845832630,-0.511522337,-4.097635939,10.705493107,34,140
3961,90,-0.134986272,-1.951261360,9.108223104,0.823745528,-3.923568429,9.897105797,21,126
3962,90,-1.910423405,-1.768830823,9.413495474,-0.938644620,-4.032978764,10.297929296,29,124
3963,90,2.331667124,-1.748960092,6.866750189,3.100053247,-3.269882494,7.543252897,8,99
3964,90,1.683439966,0.101510399,3.574457094,1.988551211,-1.452042852,4.358342291,9,98
3965,90,0.491063258,-1.906212046,7.656504259,1.353433475,-3.738687940,8.418354653,5,115
3966,90,1.267008880,-2.131321215,9.299385414,2.245075755,-3.885035528,10.010642524,25,126
3967,90,1.313443695,-1.751800837,7.197079690,2.114742456,-3.443128318,7.924111308,5,95
3968,90,1.452428040,-1.566262992,6.185872661,2.166616399,-3.209174816,6.914727611,16,106
3970,90,1.607941860,0.123943399,3.095662820,1.883997609,-1.428181081,3.885112621,6,97
3971,90,0.327260727,-1.355814135,7.377978673,1.090354758,-3.213399638,8.168940502,5,99
3972,90,1.310131026,-1.670119275,6.432661663,2.056242591,-3.341224352,7.164367194,5,95
3973,90,1.546324815,-1.342945473,6.276006586,2.229292562,-2.976482181,7.008201026,10,104
3974,90,1.315912455,-1.578682780,6.507260115,2.051787490,-3.252189997,7.241904425,7,97
3975,90,0.240501653,-1.578512053,7.262675298,1.033222399,-3.443633946,8.050010167,4,96
3976,90,-0.131072712,-1.632648207,8.339216001,0.735062793,-3.586538133,9.141164308,38,143
3977,90,1.510482169,-1.501216345,6.332524733,2.221838377,-3.139976739,7.060571149,10,100
3978,90,1.373933830,-2.174292143,9.357162958,2.360447358,-3.912187631,10.061336179,27,129
3979,90,-1.212133612,-1.738153790,9.289452907,-0.261726022,-3.888736595,10.140094949,36,147
3980,90,2.425217618,-1.507917101,7.012655744,3.162713607,-3.021340569,7.693060908,6,98
3982,90,-1.116315803,-1.518289520,9.013749056,-0.216935517,-3.648711745,9.868220262,26,123
3984,90,1.353747121,-1.548143826,6.431301879,2.080102424,-3.213897881,7.165316425,6,95
3985,90,0.274752588,-1.853373236,8.292083142,1.167161662,-3.738874473,9.065537425,9,110
3986,90,-1.199985650,-2.059032526,9.511952209,-0.187205437,-4.209872071,10.349702591,8,99
3987,90,-0.907920834,-1.786909817,8.701072805,0.013211989,-3.871966323,9.535742768,8,99
3988,90,1.978820207,0.230667727,4.566482592,2.314737222,-1.306154551,5.338324423,6,99
3989,90,0.097590665,-1.633872492,8.709688351,0.981324107,-3.562155527,9.499352882,32,136
3990,90,0.447937246,-1.707454888,8.972934978,1.352941559,-3.586889211,9.741725728,10,107
3994,90,1.455597614,0.160770312,3.045133793,1.725200057,-1.414482384,3.843713869,6,96
3995,90,-1.924021192,-1.655585033,9.748913771,-0.951133980,-3.932923883,10.637558476,57,160
3996,90,0.138223122,-2.115270571,9.665210781,1.149753032,-4.058132027,10.433192928,34,142
3997,90,1.645608700,-2.047241781,7.862237964,2.525450970,-3.701178619,8.560336921,13,108
3998,90,-2.024275887,-0.109956541,4.568525597,-1.579460592,-2.275445918,5.529387322,2,91
3999,91,-0.039237347,-2.055905620,7.985363085,0.985757581,-4.007636367,8.952286177,6,113
4000,91,-0.130885063,-1.510294548,6.277045058,0.751286118,-3.418130605,7.272420909,7,101
4001,91,-0.070451641,-1.972255244,7.626812880,0.925165033,-3.914998695,8.599757069,7,113
4002,91,-0.173587574,-1.854458205,8.333556891,0.875338323,-3.818419694,9.315431614,26,139
4003,91,0.419157287,-0.476122058,4.487235240,1.141227919,-2.325120566,5.475547803,10,106
4005,91,1.246147090,0.364430235,2.982308134,1.832956296,-1.427681499,3.935625449,6,97
4007,91,-2.102875887,-2.038235019,9.541533833,-0.950219883,-4.073822262,10.663482940,49,151
4008,91,-1.949759018,-1.915663440,9.228225633,-0.824250855,-3.939764352,10.342872777,55,152
4009,91,-0.467539959,-1.753670803,8.440041095,0.588805603,-3.726527156,9.447188029,36,143
4010,91,0.086096195,-1.707985029,7.359484314,1.055569522,-3.640493102,8.328736992,7,112
4011,91,1.553761249,0.386576542,4.494830570,2.257133794,-1.440090361,5.419795425,6,97
4012,91,1.177127260,-1.864235701,9.159632811,2.286314892,-3.823053075,10.033798680,27,129
4013,91,-0.891421916,-0.049866471,3.514421187,-0.248739295,-1.899474905,4.619688137,4,96
4014,91,1.099993901,-1.975021024,9.245379900,2.218125520,-3.937652991,10.122074242,30,131
4016,91,1.406805344,0.385128852,3.490866315,2.032382753,-1.417447470,4.430595431,8,98
4017,91,-2.177395425,-1.954750666,9.374351554,-1.039051993,-3.987389767,10.505018454,54,151
4018,91,-2.141759431,-1.479898678,7.287124810,-1.174913760,-3.455801978,8.435664492,4,96
4019,91,0.415981848,-2.166259104,9.756078712,1.579604506,-4.156436048,10.678565623,20,136
4020,91,1.153034843,0.204678742,2.882217885,1.735235152,-1.586532806,3.838541318,6,97
4021,91,1.395971594,0.413237615,3.628685990,2.031821674,-1.393290974,4.569584224,8,99
4023,91,0.307086999,-0.755747750,4.384691729,1.026592592,-2.604096399,5.374075267,4,99
4024,91,-1.511715804,-2.280418807,9.526165267,-0.357763371,-4.303455489,10.595488185,14,109
4025,91,2.249029191,-1.220664205,7.026982168,3.176789608,-3.100584996,7.843718444,7,98
4026,91,1.502946978,-1.290993335,6.169742744,2.367527283,-3.162900658,7.045185081,9,100
4027,91,-2.232666645,-1.871732321,8.688457876,-1.149140335,-3.887045054,9.828107392,36,129
4028,91,1.295639246,0.394442597,2.919504411,1.876847502,-1.394988212,3.870056904,4,96
4029,91,-0.204712404,-1.968278658,8.547802561,0.863085663,-3.938584248,9.528117792,7,109
4030,91,1.581787266,-1.128786434,6.253672732,2.449717507,-3.001449237,7.127339314,10,100
4032,91,0.409797233,-0.456695606,4.429209900,1.127020502,-2.304330472,5.418998187,10,107
4033,91,0.190093843,-0.807869274,5.258279164,0.979046298,-2.682119416,6.252261363,6,99
4034,91,1.580663496,0.691371341,4.452039347,2.275084191,-1.133769309,5.383741500,4,98
4035,91,1.272726290,0.263235281,2.941620508,1.858112683,-1.527182192,3.890137824,5,97
4036,91,1.540352122,-1.213071565,6.069877505,2.395611080,-3.081571193,6.944981132,6,98
4037,91,-1.714091267,-1.258336467,6.348169229,-0.825860884,-3.200366669,7.473093795,6,96
4038,91,1.164776010,0.278077752,2.911746266,1.747910036,-1.513733559,3.869148702,5,99
4039,91,1.450381610,-1.381676144,6.110073515,2.312122253,-3.252989663,6.987209562,12,104
4040,91,1.351388325,-0.737360097,6.267564609,2.214041788,-2.615296664,7.170168976,10,106
4041,91,0.396119856,-1.746070036,8.983695495,1.491951217,-3.716061800,9.922313939,9,108
4043,91,1.314323706,-1.959216936,8.861888754,2.401574394,-3.907166855,9.723740714,17,126
4044,91,1.512783663,-1.409278558,6.459256502,2.402055328,-3.288725725,7.329583106,12,103
4045,91,1.249867522,0.336058779,2.937403287,1.833677532,-1.454750402,3.889778085,4,97
4046,91,1.048942816,0.284483487,2.932938985,1.633985218,-1.510253893,3.899422807,5,95
4047,91,1.264745269,0.262256525,2.884592171,1.845727737,-1.526784576,3.833894239,5,97
4048,91,2.378005591,-1.494003449,7.238887714,3.326835091,-3.376864951,8.037132386,6,96
4049,91,0.436358913,-0.134148107,4.512157612,1.154115051,-1.983664356,5.508786059,9,102
4050,91,1.172783531,-1.364981988,6.332150983,2.052431071,-3.247927563,7.230504969,5,95
4051,91,1.381721048,-1.091873658,6.160398788,2.242350171,-2.966102853,7.050929275,10,106
4052,91,1.364503442,-1.177435859,6.156181524,2.226410912,-3.051852036,7.045624662,8,99
4053,91,1.436793225,-1.230707597,6.108668730,2.295729633,-3.102345030,6.991158811,9,99
4054,91,1.511243829,0.344777372,3.722091401,2.155249720,-1.461891375,4.651794724,6,99
4056,91,1.346470722,-1.391663275,6.099801587,2.207925064,-3.264803088,6.984736362,8,99
4058,91,0.402884445,-0.071748386,4.475420620,1.116751328,-1.920988950,5.476542960,6,96
4059,91,1.349512083,-1.233011465,6.009292238,2.201020708,-3.103739307,6.898815602,13,104
4060,91,0.231761975,-1.693722671,8.050768451,1.254418086,-3.641923243,9.006787798,15,107
4061,91,-0.422726969,-1.780104609,8.783318496,0.660724344,-3.761293016,9.785071668,33,145
4062,91,-0.483489737,-1.757208354,9.132593287,0.626979208,-3.749061405,10.138513156,30,136
4063,91,-1.546161595,-1.801911875,8.865921699,-0.452266323,-3.808116492,9.953783085,40,146
4065,91,1.392716742,-1.162962830,6.158777749,2.254473584,-3.036884645,7.046438826,9,106
4066,91,1.353314835,-0.617546661,6.270948142,2.214052766,-2.495603623,7.176801850,8,99
4067,91,-1.120718222,-1.843643329,9.083804305,-0.010440494,-3.847064692,10.136784133,38,145
4068,91,1.539631484,-1.206130324,6.097376916,2.396911369,-3.075390067,6.972640139,8,100
4069,91,0.118774444,-1.753217053,8.714689017,1.194647620,-3.721579854,9.675501936,30,136
4070,91,1.141746484,-1.801185471,8.810240238,2.222657039,-3.751335316,9.690132357,21,123
4071,91,-0.257830453,-2.011703623,9.135128789,0.856727867,-3.998900086,10.116319229,32,142
4072,91,-1.951256460,-0.920902351,6.144852623,-1.084240601,-2.862455757,7.298443025,4,96
4073,91,-0.112212057,-1.492558898,8.580789296,0.949232752,-3.462147621,9.567367615,3,93
4074,91,-2.101441342,-1.573144427,7.336252990,-1.129202578,-3.549501076,8.478848553,6,96
4075,91,-2.078372759,-1.553618211,7.458257269,-1.097047841,-3.532807687,8.599205856,6,98
4076,91,-2.024467033,-0.950015145,6.295846198,-1.144912995,-2.897109459,7.453763289,6,97
4077,91,-1.583844796,-0.510307463,4.766722892,-0.832928075,-2.407475888,5.908242902,6,96
4078,91,1.394424299,-0.931355453,6.342292332,2.266285909,-2.810323114,7.235787279,7,99
4079,91,-0.067889825,-1.421286688,8.575851515,0.991734868,-3.389883302,9.561042420,37,145
4080,91,-0.777338607,0.053210967,3.460175285,-0.141122201,-1.792677991,4.559725167,5,96
4081,91,0.402226634,-0.811523586,4.336488611,1.118679394,-2.656609689,5.317080444,4,96
4082,91,1.338569460,-1.843200744,8.522682684,2.397185319,-3.781577814,9.387115551,26,132
4083,91,-0.403612030,-1.788021980,8.538383149,0.660820478,-3.762213124,9.539265782,37,145
4084,91,0.528836596,-0.234043693,4.478600182,1.245490833,-2.080721215,5.465337427,7,101
4085,91,0.593947299,-1.955749496,9.173143994,1.707720734,-3.926715275,10.089826732,33,137
4086,91,-1.245077356,-1.583882175,8.585532951,-0.177969214,-3.576539389,9.657236865,59,175
4087,91,1.190295889,0.389961424,2.930333196,1.772768093,-1.401896881,3.888880116,5,96
4088,91,1.346898296,-1.284801251,6.083860354,2.205169812,-3.157563403,6.971857847,10,104
4089,91,1.365969069,-1.279575239,6.131604716,2.227807867,-3.153240758,7.018111094,14,106
4090,91,1.086354862,-2.153362500,9.900966036,2.258890326,-4.133847874,10.771405194,25,126
4092,91,0.089583530,-1.445156123,7.587087837,1.072027840,-3.383880585,8.562774807,33,137
4093,91,0.985375024,-0.063667746,3.640871569,1.632143805,-1.878586692,4.599955638,6,97
4094,91,1.343807005,-0.748017409,6.328751048,2.211449677,-2.627751696,7.231430613,11,102
4095,91,1.455579609,-1.087972705,6.054373923,2.307632613,-2.957846080,6.939656614,13,104
4096,91,-2.266273823,-1.757691062,9.166158666,-1.147455096,-3.786632280,10.310027853,40,151
4097,91,1.236685366,-1.304577699,6.923909995,2.161179880,-3.202217797,7.817015978,13,107
4098,91,0.955913133,-1.933306138,8.666921589,2.028640161,-3.883287729,9.557934956,27,135
4099,91,0.092795083,-1.697495591,8.024437580,1.113912381,-3.647804457,8.991202390,9,107
4100,91,1.266682000,0.393249884,2.982637589,1.852928235,-1.398470377,3.935183597,5,96
4101,91,1.110775484,0.249700483,2.924211880,1.695569707,-1.543526796,3.884946510,6,99
4102,91,1.360916424,-1.296237835,6.012338667,2.213772826,-3.166780344,6.899168844,14,104
4103,91,1.138867075,-1.765919160,8.568340791,2.200282908,-3.709624604,9.450284569,16,118
4104,91,1.672436580,-0.705312058,6.243839947,2.531627907,-2.576111150,7.122572010,7,99
4105,91,-0.186798355,-1.570622158,7.008565819,0.753693509,-3.499284463,8.004060572,6,96
4106,91,1.220359649,-1.819968506,8.218991995,2.255250592,-3.752568832,9.094277126,2,93
4107,91,1.549697201,-0.694254718,6.195202274,2.405289049,-2.566239687,7.083921135,8,99
4108,91,0.983962176,-1.665299593,8.460147273,2.035612885,-3.609288816,9.357321269,21,118
4110,92,0.143012202,-0.647069447,3.989119350,1.161479740,-2.516624310,5.171706313,4,96
4112,92,-0.048881837,-0.847596647,4.283349868,1.006521722,-2.729030787,5.479078367,3,99
4113,92,-0.285075604,-2.119871976,9.460939529,1.357581003,-4.141654897,10.613584889,30,137
4114,92,-0.684488549,-1.603194809,7.761202350,0.766366386,-3.589596911,8.982238901,40,139
4116,92,1.227540130,0.685017844,4.306509191,2.248067375,-1.169470643,5.408133884,5,98
4117,92,-2.349039114,-2.085183404,9.226504871,-0.719915585,-4.146859179,10.604144488,44,151
4118,92,0.792720902,-2.064219381,8.419698286,2.314883629,-4.034684875,9.464213347,3,95
4119,92,-0.456500518,-1.976115533,7.714224248,0.995084757,-3.955980290,8.900345821,7,113
4120,92,-0.044741156,-0.695109209,4.895104349,1.074000554,-2.592591094,6.090914886,4,99
4121,92,-0.724901428,-1.948191265,8.215757726,0.782139532,-3.947215413,9.428486097,11,115
4122,92,-1.652564206,-0.766152830,5.374769105,-0.470680462,-2.712028466,6.738923920,5,96
4123,92,0.759829626,-1.940507112,8.002903479,2.234622569,-3.900844574,9.057090014,3,95
4124,92,-0.495180968,-1.625665033,8.192622860,1.001721041,-3.619151097,9.389916058,32,137
4125,92,0.481950360,-1.835439048,8.427968636,2.002476637,-3.813186811,9.512459045,18,129
4126,92,0.526096984,-1.938029587,8.684661528,2.076162117,-3.921466584,9.759867461,24,135
4127,92,0.087102766,0.120032904,4.356795046,1.130935980,-1.760869623,5.564973691,8,102
4128,92,-0.065659392,-1.852411687,8.238510705,1.437988210,-3.837389613,9.382744514,12,117
4129,92,0.088823443,0.082643136,4.353839423,1.133048579,-1.798121311,5.560785631,9,101
4130,92,0.936703310,0.286871210,2.721967042,1.794939145,-1.532295166,3.853491227,3,97
4131,92,1.226042096,-1.107696620,5.993054853,2.464044928,-3.005402854,7.033240120,7,99
4132,92,-2.352618862,-1.650913616,8.684671086,-0.790600087,-3.698711447,10.078450446,78,177
4133,92,-0.144102126,-1.093998457,5.464883377,1.044715418,-3.008407819,6.656487347,4,98
4134,92,-0.091999271,-1.549903360,8.461637234,1.430146625,-3.541501813,9.615938519,24,135
4135,92,-0.091647862,-1.588825609,7.252152062,1.300146457,-3.548661749,8.412851599,8,111
4136,92,0.963444758,0.327302007,2.764839439,1.825383604,-1.492416831,3.894364814,4,96
4137,92,-0.382648142,-1.641239770,7.238336908,1.010431159,-3.607171184,8.429005811,5,119
4138,92,0.639720187,-2.095887549,9.534175532,2.284228783,-4.098984738,10.587332856,26,128
4139,92,-0.128635661,-1.715897725,7.217909658,1.262128197,-3.675584917,8.379190297,6,110
4140,92,-1.453345264,-1.629967953,8.469077292,0.079431788,-3.652069768,9.767835733,15,114
4141,92,0.595682840,-2.063423272,9.110283683,2.193883995,-4.056400668,10.171758635,22,118
4142,92,-0.105643629,-1.227673718,6.075584808,1.151720895,-3.157168294,7.255423502,3,99
4143,92,-0.237797295,-1.070940347,6.358620468,1.048020590,-3.010900223,7.555408541,4,99
4144,92,-2.430729882,-1.796234588,8.994955920,-0.831793842,-3.853828458,10.391081189,53,151
4145,92,1.197057564,-1.144260311,6.202196808,2.458613297,-3.048078105,7.243160782,7,99
4146,92,0.997124982,0.368988749,2.853493724,1.867662889,-1.452329682,3.980022310,4,97
4148,92,-1.612705723,-1.713525266,8.833182327,-0.037877495,-3.748683461,10.144471344,36,146
4149,92,0.126822554,-0.216918395,4.259554284,1.166387274,-2.094184295,5.454456088,5,100
4150,92,-2.575085182,-1.888533368,9.244168019,-0.946474011,-3.955829577,10.651673628,51,151
4151,92,-0.647607673,-1.274180367,6.824919454,0.695174925,-3.235391360,8.057194811,28,145
4152,92,-2.650766297,-1.839755826,9.240273643,-1.023060000,-3.908666342,10.657353551,56,151
4153,92,0.149400049,-0.424674973,4.233631884,1.190033655,-2.300634162,5.420341419,11,108
4154,92,1.285966283,-1.076313151,5.950542766,2.518390034,-2.971586464,6.985426220,6,98
4155,92,0.889879850,-1.207450081,5.958240795,2.128081165,-3.111679637,7.032047101,5,96
4156,92,1.048392287,0.465036617,3.694518455,2.007924499,-1.377260262,4.813009339,6,98
4157,92,1.034634663,0.305491691,2.764187110,1.896491565,-1.512609690,3.885419182,4,97
4158,92,-0.108843443,-1.496852289,6.221287030,1.169537208,-3.430081176,7.392892107,7,110
4159,93,-0.304866499,-1.101656245,5.169953978,1.068172251,-3.088425923,6.540144512,4,99
4160,93,-1.198150746,-1.946549170,8.227959296,0.553526840,-4.030338005,9.656414566,13,115
4162,93,-1.051855055,-1.857790927,8.450473538,0.722505570,-3.943322261,9.862975676,35,143
4166,93,-0.584620207,-2.233956202,9.101171461,1.270180914,-4.323175413,10.445195398,11,109
4167,93,0.286208643,-1.904826312,8.822766509,2.095341353,-3.965152027,10.077624736,23,130
4168,93,0.383706881,-1.863115987,8.751132292,2.182941507,-3.919221754,9.996422877,25,133
4169,93,-0.282996271,-1.183762378,5.573737686,1.138399759,-3.179780335,6.936355914,3,99
4170,93,-0.663505673,-1.627178989,8.024085501,1.053673360,-3.692497611,9.401219509,25,139
4171,93,-0.097081638,-1.657048066,7.882856256,1.600516842,-3.704393610,9.195076985,12,108
4172,93,-0.409338627,-1.978791364,8.044650715,1.316403804,-4.037882899,9.382867558,8,111
4173,93,-0.721940446,-1.644003649,6.905442857,0.866781469,-3.683492672,8.296661050,5,112
4174,93,-0.792526927,-1.490192797,7.159776667,0.822590885,-3.537796263,8.561511319,40,141
4175,93,1.854871581,-0.715126464,6.771734334,3.389209804,-2.685941666,7.893054433,4,98
4176,93,-0.638326672,-2.353425081,9.663607523,1.284532779,-4.457678692,11.006617176,5,99
4177,93,1.830200015,-0.319351112,5.589911134,3.219211893,-2.262187678,6.733103503,4,103
4178,93,1.675079274,-1.199480087,6.589903069,3.200617819,-3.170156293,7.719977649,7,99
4180,93,0.770390425,0.458365524,2.617826912,1.805793023,-1.439525410,3.924759143,3,97
4181,93,-1.194362468,0.153084024,3.060700539,-0.087221211,-1.805746137,4.582001308,4,96
4182,93,-0.323321610,-2.033051254,9.411104267,1.560925577,-4.123272669,10.728399446,28,137
4183,93,1.737576701,-0.330651920,5.579298853,3.126262290,-2.275594299,6.732901519,4,103
4184,93,-0.452967475,-1.575678672,5.734728201,0.997077710,-3.579735192,7.105088626,4,115
4187,93,-2.397409247,-1.407642737,7.477814714,-0.736252946,-3.504163951,9.063989923,4,96
4188,93,-1.201889361,0.006838868,2.998469965,-0.098576983,-1.950572891,4.517092126,4,96
4189,93,1.674847272,-0.480193883,5.504803574,3.058745452,-2.424830014,6.662067172,4,99
4190,93,0.251725008,-1.974185912,8.728107502,2.051730163,-4.033039866,9.985703531,12,120
4191,93,-0.591743316,-1.487017345,7.881384790,1.105278447,-3.547101420,9.255084374,34,137
4192,93,0.174333622,-2.024712681,9.236038070,2.034704682,-4.097919826,10.497598605,21,132
4193,93,0.823225952,-1.167680830,5.683637900,2.249262466,-3.138062782,6.918806738,10,104
4194,93,0.287081552,-1.838351542,8.756336726,2.087029181,-3.897074417,10.013368063,27,129
4195,93,-1.225240764,-0.012160164,3.012846235,-0.119675166,-1.970509087,4.533534242,3,95
4196,93,-0.532019937,-1.853834262,7.761951572,1.159086526,-3.909242764,9.119643743,3,95
4197,93,0.211409522,-2.035654680,9.254082108,2.073855040,-4.108346089,10.510958228,18,129
4200,93,-1.294629305,0.036711646,3.008627060,-0.190174303,-1.923341855,4.538647827,2,95
4201,93,-1.133931046,-1.777321703,8.777820608,0.677000381,-3.872998661,10.199653172,37,137
4202,93,-0.105335182,0.259735056,4.144350165,1.117020752,-1.697733641,5.535828326,9,102
4203,93,-0.882132317,-1.918163125,7.577125278,0.791510182,-3.977984329,8.974592482,6,113
4204,93,0.722064523,-1.237919778,5.750138220,2.158076882,-3.212472261,6.994555373,12,106
4205,93,-0.513577803,-1.318553476,6.083957412,0.971420385,-3.332850856,7.465834861,6,103
4207,93,-1.335807534,-2.483590729,8.330113819,0.440780115,-4.573063006,9.759061161,6,113
4209,93,-0.307977372,-0.851862361,5.049101573,1.045468744,-2.835917109,6.427291442,5,100
4211,94,-1.253485243,0.232188076,2.717249143,-0.117456940,-1.762539079,4.384272383,2,95
4212,94,-1.823456767,-1.673581834,7.991324350,-0.223968545,-3.834997532,9.625099323,38,151
4213,94,1.412775749,-1.031737757,6.268021109,2.848058737,-3.164032360,7.633267780,6,100
4214,94,0.605390203,-2.200205327,9.133378827,2.293086129,-4.418850380,10.522021816,2,96
4215,94,-0.057311601,0.054620442,3.924099568,1.182034241,-1.989415609,5.469951575,8,109
4216,94,0.582833599,-1.800598930,8.961479298,2.259402337,-4.013661623,10.365717643,25,130
4217,94,0.393252045,-1.835435479,8.770468293,2.052760274,-4.040655926,10.191906481,18,120
4218,94,0.262740149,-1.897302729,8.565310592,1.903337513,-4.094693449,9.997732903,10,114
4219,94,-0.819062197,-1.599222144,7.965329618,0.774609611,-3.768172512,9.509385772,29,143
4220,94,-0.544799782,-2.001135109,9.460568644,1.179970217,-4.221041954,10.959587722,29,143
4221,94,-0.178124296,-0.903547651,5.878692129,1.229758003,-3.009966691,7.395908950,8,107
4222,94,0.480016751,-1.622054704,8.411433526,2.108713194,-3.816373795,9.833392563,23,129
4223,94,-0.058182879,-0.018981325,4.271588055,1.212127966,-2.074334121,5.813534813,7,106
4224,94,0.295017680,-1.802912639,8.748779825,1.953326445,-4.006626267,10.180373440,21,126
4225,94,0.509047833,-1.748983992,9.259854542,2.213809912,-3.971222688,10.671096907,21,131
4227,95,-0.238175579,-0.802326933,4.412580313,0.913973377,-2.956865087,6.103667542,2,99
4229,95,0.819479093,0.550796089,2.230628322,1.876378724,-1.491616561,3.950225526,2,97
4230,95,0.787335604,-1.574699847,8.510062627,2.110976623,-3.927664254,10.111450797,30,130
4231,95,-0.348149183,-1.326112257,7.601806766,0.938058220,-3.639518512,9.264524205,36,141
4232,95,-0.535125371,-1.259879084,7.208791713,0.734731192,-3.554665515,8.883386633,4,101
4233,95,0.752234465,0.443962266,2.128433079,1.805232659,-1.593541778,3.845685288,2,96
4234,95,0.805419828,-1.737880604,8.904204180,2.145866146,-4.110204264,10.495852186,20,126
4235,95,1.429179778,-0.832576249,5.426116025,2.622088534,-3.029660494,7.044564447,3,99
4236,95,1.998396063,-1.088680100,6.191152896,3.223297494,-3.320871582,7.771628174,4,99
4237,95,0.830206073,-1.497433636,8.187324129,2.140187969,-3.834200317,9.791483185,22,132
4238,95,1.050939145,-0.769330946,5.319024919,2.239554804,-2.962958128,6.956512241,9,104
4239,95,0.995907389,-0.955505188,5.277556338,2.183348640,-3.147093564,6.908097427,10,104
4241,95,1.002979799,-0.891110968,5.324911579,2.192209700,-3.085107379,6.958280571,5,102
4242,95,1.032974992,-0.902721875,5.272922666,2.220049342,-3.093968813,6.904579536,10,104
4243,95,1.219762590,-0.761900540,5.590321654,2.419487535,-2.968258147,7.220623216,6,100
4244,95,1.005734997,-0.956636402,5.284858793,2.193474275,-3.148540590,6.914921281,7,101
4245,95,-0.733907069,-1.304393341,7.118562021,0.532491684,-3.595572824,8.799345849,29,143
4246,95,-1.874478588,-1.199923041,7.947003949,-0.572939304,-3.537972136,9.678457874,41,152
4247,95,-2.436167827,-1.687506933,9.134738084,-1.083462778,-4.086836505,10.862543561,68,177
4248,95,0.234839529,-1.912314174,9.271644862,1.591522492,-4.305457322,10.877402917,17,139
4249,95,1.157116535,0.787049020,3.325990494,2.258613008,-1.308661058,5.041122870,4,98
4250,95,-0.166039665,-0.650009480,5.218045415,1.019113691,-2.844552059,6.912066900,5,103
4251,95,1.032054101,-0.936773023,5.282803570,2.219631628,-3.128474237,6.912774789,7,104
4252,95,-1.763191835,-1.428502016,8.463060816,-0.439684892,-3.791462275,10.177390525,37,146
4254,95,0.287018160,-0.773755143,6.246194362,1.514844149,-3.017242318,7.913113367,7,107
4256,95,0.003386626,0.375744597,3.848975780,1.128728499,-1.751021766,5.590172634,5,102
4257,95,-0.023570660,-2.040323811,8.131018106,1.286273896,-4.377671076,9.743471633,6,115
4258,95,0.563110962,-1.950839284,9.600196611,1.933268280,-4.358749754,11.189752566,6,115
4259,95,0.813474225,-1.747424141,7.531676947,2.096893501,-4.051269057,9.125408725,6,113
4260,95,1.140172477,-0.907047858,5.307548262,2.328604588,-3.099504754,6.934480352,4,99
4261,95,1.511264579,-0.877400991,5.649551761,2.713509385,-3.085177328,7.261890950,5,99
4262,95,1.232978721,-0.252475134,5.493655088,2.427302572,-2.454589668,7.149090323,2,96
4263,95,1.066934712,-0.493430193,5.478665197,2.261428533,-2.695286368,7.128951999,5,102
4264,95,0.610376587,-1.786574473,8.943387173,1.952751830,-4.161720090,10.540587480,19,126
4265,95,1.336399119,-0.478492535,5.465593185,2.530075584,-2.678431486,7.105505196,2,96
4266,95,1.355052394,-0.515900297,5.553044056,2.552448097,-2.720063332,7.190129071,3,99
4268,95,0.272420408,-1.872654857,8.834996873,1.610815746,-4.243899251,10.442104141,8,109
4269,95,1.107064397,-0.714607730,5.429176247,2.300062154,-2.913527774,7.066845781,5,100
4270,95,2.050186369,-0.958125278,6.095626341,3.270720938,-3.185471220,7.680689300,4,99
4271,95,1.299104549,-0.426448174,5.444285533,2.491787617,-2.625567872,7.088388351,2,96
4272,95,1.139636357,-0.658551223,5.231780088,2.324250596,-2.847545044,6.871321596,8,104
4273,95,0.893810497,-1.543195958,8.554066951,2.219103215,-3.897886315,10.152532334,29,129
4274,95,-2.455938364,-1.688283665,8.984612352,-1.109453678,-4.080221855,10.713513590,57,176
4276,95,0.025231453,0.297217619,3.873499851,1.151785132,-1.830568751,5.609813956,6,101
4277,95,2.030523345,-1.183835331,6.008704398,3.248070129,-3.406658173,7.583476342,4,99
4278,95,-1.057663407,0.234111974,2.721333518,0.022112887,-1.841314106,4.501727309,3,97
4279,95,1.750581397,-0.885816309,5.661339081,2.953131116,-3.093029178,7.263330552,5,99
4280,95,2.016931028,-1.043787744,6.079401607,3.237050807,-3.270375781,7.661590728,4,99
4281,95,1.081881344,-1.682939276,7.961369434,2.382753177,-4.007008544,9.546314375,8,108
4283,95,1.767608158,-1.218906338,5.639116996,2.970116528,-3.424512150,7.223792801,4,99
4284,95,0.761816768,-1.432204611,7.659818282,2.049757846,-3.743079889,9.271181540,13,129
4285,95,0.926194498,-1.034812229,6.238172956,2.153835510,-3.274525595,7.865606609,10,106
4286,95,-0.305553218,-1.200326761,7.304372981,0.967916363,-3.498859074,8.972245781,32,142
4288,96,1.809484419,-0.190875128,4.738699825,2.998366478,-2.310541934,6.535343046,3,103
4289,96,-2.374620594,-1.463297648,8.151775383,-1.062671160,-3.750503007,10.029533082,64,175
4291,96,1.973587300,-1.033497386,5.926506044,3.206085696,-3.201799573,7.680043088,3,99
4292,96,2.006477493,-1.418597556,5.806767531,3.236577917,-3.581282871,7.542988836,2,97
4293,96,0.841575817,-1.761955033,8.843188412,2.176280743,-4.059724595,10.599392843,24,128
4294,96,0.880992198,-1.751931804,8.681692291,2.210182172,-4.042638635,10.437238977,25,132
4295,96,0.184888657,-0.991514897,5.476067260,1.403043148,-3.151034477,7.292021262,3,107
4296,96,1.353989598,0.263188677,2.763933448,2.474547736,-1.775802654,4.598071887,2,99
4297,96,1.258266277,-0.484683742,5.504657361,2.474578147,-2.639714823,7.306152285,4,99
4298,96,1.299658978,-0.621718256,5.202912834,2.506357053,-2.763595769,6.997631320,3,99
4299,96,1.071646121,-0.967472229,5.150242536,2.278190383,-3.108110124,6.937968415,8,104
4300,96,1.046441859,-0.897613143,5.127637323,2.251936676,-3.037501529,6.919214440,9,104
4301,96,1.287290664,-0.746767670,5.340610845,2.499181231,-2.894438536,7.130219974,3,99
4302,96,1.762625351,-1.265991308,6.146662127,3.003676752,-3.444624260,7.897054284,4,100
4304,96,0.037440563,-1.428183719,8.230988741,1.350515426,-3.704926750,10.029256575,29,137
4305,96,2.113525469,-1.493844662,6.286974710,3.360090791,-3.676201491,8.015699484,4,99
4306,96,1.646383960,-0.934892092,5.827552551,2.875307673,-3.100969155,7.596401292,2,98
4308,96,0.036273012,-0.359531995,4.057236926,1.203915963,-2.460341744,5.907152883,6,106
4309,96,1.179786581,-0.986491056,5.156928478,2.386575884,-3.126773911,6.940209577,4,100
4310,96,-2.184202796,-1.638024080,8.544981132,-0.858343066,-3.940643278,10.408341388,47,152
4311,96,1.288301082,-0.516441003,5.292942115,2.497589240,-2.662296288,7.092389506,2,98
4312,96,0.814428849,-1.855063074,9.022105188,2.155587774,-4.160487289,10.774994547,23,124
4313,96,0.183912898,-0.424656283,5.936334491,1.415152412,-2.604210238,7.775769320,2,100
4314,96,0.017627816,-0.396824282,3.426503449,1.164161346,-2.470971274,5.276383781,3,102
4316,96,0.000360450,0.301194614,3.709403646,1.153438298,-1.785682084,5.589153350,3,99
4318,96,-0.329077934,-1.249750371,7.104800042,0.945441568,-3.481024403,8.924603614,31,137
4319,96,-0.002961331,0.130340695,3.661609455,1.149242802,-1.954372785,5.534269604,5,109
4321,96,-0.104844316,-1.923430542,9.052779278,1.238176405,-4.235371681,10.833534020,22,142
4322,96,0.364312786,-0.882773105,7.316055025,1.643975936,-3.119355700,9.127919031,10,106
4323,96,-0.696119531,-1.781465707,8.268030473,0.620153435,-4.063668266,10.075802783,13,114
4324,96,0.014219818,-1.739992452,8.797038184,1.347751661,-4.040577296,10.581983391,22,139
4325,96,1.889426764,-0.557952137,5.628627013,3.109872190,-2.714546333,7.405661166,3,99
4326,96,1.401501493,-0.754797484,5.740748223,2.626861313,-2.918766231,7.525598871,2,98
4327,96,-0.070387907,0.318771715,3.679925972,1.081660483,-1.767277863,5.562838949,6,102
4328,96,-0.335717188,-1.899323828,7.957180252,0.970367439,-4.166172361,9.748310330,4,112
4330,96,0.816265925,-1.870509917,8.814808426,2.150496182,-4.167122493,10.567283264,20,128
4331,96,1.375819155,-1.160467063,5.844373444,2.606439953,-3.328604489,7.612668654,7,105
4332,96,1.073944324,-0.991642530,5.228445823,2.283230103,-3.135560006,7.014951170,4,100
4333,96,-0.513852041,-1.264972750,7.213872870,0.764520182,-3.501917394,9.039063248,28,139
4334,96,1.384768112,-1.235726993,5.696793701,2.610728985,-3.397488491,7.461802754,3,99
4335,96,1.744099793,-0.965193747,5.513339396,2.962496052,-3.117362952,7.278083980,2,98
4336,96,1.606398912,-0.940304654,5.696584197,2.830950214,-3.101054870,7.466735498,2,99
4337,96,-0.433658946,-1.066075762,7.152862087,0.841750449,-3.300155774,8.983918038,34,145
4339,96,0.020829111,-1.385735282,7.364861045,1.304507185,-3.625898909,9.166764350,24,135
4340,96,-1.511859682,-1.905763608,8.702576793,-0.179916864,-4.210956765,10.531769978,21,126
4341,96,-0.102955853,-1.628162776,8.588516337,1.223125873,-3.920684024,10.382455470,24,139
4342,96,1.100144241,-1.080590622,5.142266333,2.306890808,-3.220623222,6.924234449,2,97
4343,96,2.043976346,-1.133950716,6.413161121,3.293287129,-3.322385189,8.159348495,3,99
4345,96,0.733310484,-1.719274110,8.606612093,2.059911835,-4.007676432,10.368610122,22,126
4346,96,-1.125386325,-1.417172649,7.674682011,0.169544046,-3.677022857,9.513220952,39,151
4347,96,1.726872708,-0.893214773,5.423249658,2.941928824,-3.041730045,7.191767362,2,99
4348,96,0.977163876,-1.649493383,8.365382536,2.295184000,-3.926333849,10.122529000,21,129
4349,96,1.007708817,-1.535738260,7.738613623,2.304073306,-3.785939781,9.500497669,7,108
4350,96,1.016661110,-0.941935339,5.105867802,2.221629829,-3.081031412,6.896589092,5,104
4351,96,-0.420481787,-1.572540539,8.140599561,0.890430972,-3.847949794,9.948209198,30,137
4352,96,0.866060839,-1.147617542,5.608471515,2.088961820,-3.308694737,7.394750424,4,99
4353,96,0.113624248,0.083810133,4.015837456,1.277913336,-2.015206332,5.882088436,7,107
4354,96,0.925775143,-1.078429362,5.195944377,2.134424398,-3.221740641,6.983771615,11,106
4356,96,1.078216273,-0.969879860,5.153996771,2.284893786,-3.110636955,6.941394400,4,104
4357,96,-1.622969103,-1.859360236,8.980234616,-0.281793916,-4.177003388,10.814719934,36,145
4358,97,0.965601000,-1.690218258,8.312681624,2.359056476,-3.917334675,10.174674955,14,129
4360,97,-2.276786317,-1.928127510,8.648219249,-0.867229028,-4.187805748,10.622099881,24,126
4361,97,-0.043650660,-2.164843539,9.138720295,1.383890996,-4.424476392,11.022057703,13,123
4363,97,-2.697281106,-1.693610199,8.263719919,-1.303038605,-3.944250281,10.260983945,60,175
4364,97,0.760624784,-1.940414967,8.455338135,2.160943560,-4.173270464,10.316846214,12,109
4367,97,0.755162429,-1.927411986,8.890739680,2.171582193,-4.173939997,10.752345688,22,120
4369,97,0.967105763,-1.840070325,8.639917942,2.373564483,-4.077342312,10.496744184,26,131
4370,97,-2.483728840,-1.562170981,8.468039276,-1.082794766,-3.817813007,10.461317432,49,152
4371,97,-2.555562705,-1.857592779,8.715222122,-1.143720474,-4.121311604,10.701546826,42,153
4375,98,-2.332585372,-1.348788162,8.088458958,-0.826864812,-3.753327119,10.218998332,42,151
4376,98,-0.630366591,-1.691107565,6.859668303,0.837627095,-3.984805225,8.914949866,2,101
4377,98,-0.091477950,0.330250798,3.495204508,1.160340739,-1.835834180,5.602294348,3,106
4379,98,-1.741879191,-1.396531605,7.058315690,-0.276105912,-3.743333443,9.165920395,29,147
4380,98,0.690416883,-0.739799459,5.804425861,2.075942267,-2.945911277,7.842444571,5,107
4381,98,-0.183355394,-0.266170046,3.377907060,1.088039884,-2.431494919,5.468582529,6,106
4382,98,-2.606335310,-1.838398124,8.928695635,-1.047017947,-4.280627838,11.052149679,20,123
4383,98,-2.517476769,-1.532479606,8.482994586,-0.988365416,-3.957128784,10.613926394,48,152
4384,98,-2.145549171,-1.578555217,7.984718554,-0.634970366,-3.971652739,10.100474256,36,152
4385,98,-2.284068781,-1.728811355,8.401247388,-0.750650326,-4.140838491,10.516713594,38,151
4386,98,-0.155082940,0.376694041,3.443815864,1.092920454,-1.790457124,5.554978493,4,102
4387,98,1.013298125,-0.988993429,4.967327761,2.375112435,-3.154445030,6.985651689,3,100
4388,98,-1.125152161,-1.654699508,7.870345682,0.382319208,-4.001496493,9.944524148,29,143
4389,98,-1.586942426,-1.529438177,7.257926212,-0.108119582,-3.876003715,9.354846598,23,146
4393,98,-2.429362106,-1.448917390,8.225957686,-0.913979209,-3.861762739,10.356658410,64,176
4394,98,-0.804453466,-1.669357787,8.111185676,0.712663252,-4.010496849,10.172248162,29,140
4395,98,-2.539717636,-1.648995895,8.498237634,-1.005258926,-4.074899783,10.626077665,60,180
4396,98,-1.718837025,-1.721953902,8.529025892,-0.181526841,-4.114534212,10.622863736,31,145
4397,98,-2.149417956,-1.561610449,8.221153703,-0.630123931,-3.962478913,10.337320250,40,153
4398,98,-2.340411591,-1.119185891,7.655063596,-0.861170477,-3.510462889,9.794204172,43,152
4400,98,-1.028336320,-1.336342126,7.131340226,0.436761085,-3.655833207,9.213492843,35,145
4402,98,-2.295749172,-1.393037009,8.218262348,-0.783143591,-3.800144429,10.345727889,42,152
4403,98,-2.953544947,-1.601285980,8.012941526,-1.439629013,-4.028931087,10.158904144,13,114
4404,98,-2.218964870,-1.362001426,8.316275738,-0.703842128,-3.769096648,10.441712130,46,153
4405,98,-2.891996238,-1.545681809,8.376404707,-1.365984857,-3.982500892,10.521404250,52,160
4406,98,-2.286097318,-1.469142093,7.972434492,-0.780199954,-3.867854300,10.097286377,41,152
4407,98,-2.372006634,-0.308514089,5.019709413,-1.030158159,-2.617671953,7.190812884,6,112
4408,98,-0.204178796,0.088599670,3.500408572,1.057787839,-2.082014654,5.603675624,4,107
4409,98,-0.189722997,-1.306111360,7.814678899,1.299955012,-3.612620398,9.864773768,29,137
4410,98,-2.658179303,-1.591399999,8.153489181,-1.139553205,-4.011258940,10.288265825,49,157
4412,98,0.654068899,-1.815728939,8.457377025,2.188508800,-4.106988903,10.457080841,12,109
4413,98,-0.838598693,-1.060559460,6.547890563,0.591875194,-3.353804324,8.632813824,29,145
4414,98,-2.706624302,-1.553057673,8.142844013,-1.189891947,-3.974647086,10.280785546,63,176
4416,98,-2.759459107,-1.505151519,8.063390400,-1.247733434,-3.926459800,10.205077284,23,130
4417,98,-2.926748249,-1.499457644,7.792485602,-1.425746709,-3.919053387,9.941138076,14,115
4418,98,-0.245205775,0.283733192,3.566013389,1.011551835,-1.890966030,5.677343470,5,102
4419,98,1.760844076,-0.941531189,5.965001409,3.159177590,-3.107905608,7.954932987,2,99
4420,98,-0.208370590,0.289798403,3.477312389,1.044558859,-1.880528036,5.587548873,5,102
4421,98,-0.087277576,-0.304879646,3.351384173,1.184473113,-2.465295853,5.437102808,4,107
4422,98,-0.137462154,-0.783683757,4.917004588,1.215908790,-2.995763172,6.986475381,4,103
4423,98,-0.144727522,0.379666466,3.477926817,1.104494387,-1.788151731,5.588747655,5,102
4424,98,-0.318538048,-1.134119195,7.489086419,1.151464619,-3.435787745,9.550344284,28,137
4425,98,0.731465930,-1.059636503,4.903330308,2.094043575,-3.234682351,6.930174017,9,106
4426,98,-0.266630639,-0.115402161,3.828842688,1.016724294,-2.298874954,5.927205134,5,106
4427,98,1.898301846,-1.055545610,6.495043164,3.322077749,-3.233040535,8.475166567,2,99
4428,98,-0.406391648,-1.667292005,7.625651986,1.090712381,-3.976265743,9.672140644,2,99
4429,98,-0.163918940,0.412478046,3.479023706,1.084052128,-1.756220570,5.591685076,5,102
4430,98,1.827901646,-1.093554468,5.662515863,3.220250073,-3.247218274,7.645146878,2,99
4431,98,-0.942221137,-0.957616678,5.371387130,0.437519737,-3.217573253,7.465290530,13,113
4432,98,-2.551047914,-1.292671520,7.937572357,-1.053237611,-3.701551301,10.078583423,37,151
4433,99,-0.905555955,-1.777453043,8.051389787,0.644866250,-4.116713100,10.254085893,28,140
4435,99,0.028401099,-1.498155167,7.355279407,1.543992485,-3.810469478,9.524264269,6,107
4438,99,-0.729767468,-1.256480778,6.569596009,0.749126066,-3.557965336,8.779312242,21,135
4439,99,0.168711909,-1.636186744,8.461934613,1.734997575,-3.973863453,10.619821228,9,107
4440,99,-0.771309043,-1.285927426,6.892000263,0.722335063,-3.595696465,9.102415808,21,139
4442,99,-0.863679715,-1.476669349,7.192238590,0.645345192,-3.794676249,9.401643949,28,145
4443,99,-0.106348165,-1.797616578,8.485843431,1.462864926,-4.138794018,10.651930367,28,137
4444,99,-2.660370138,-1.441332372,8.056418242,-1.111152081,-3.799821326,10.345488486,43,156
4446,99,-0.571004588,-1.380157638,7.313121307,0.942182007,-3.697973566,9.511745573,34,142
4448,99,0.048223989,-0.950209824,6.687008400,1.528575646,-3.246242172,8.869563534,3,104
4449,99,-0.993061985,-1.172636368,6.977303308,0.503528418,-3.486920764,9.200279690,11,114
4450,99,-0.361577246,-1.482171383,7.483380995,1.159997279,-3.801828226,9.669940687,29,136
4452,99,-0.936547947,-0.058450453,3.666758416,0.401073004,-2.291959174,5.919139453,20,125
4453,99,-0.191303705,-0.289508921,3.291748161,1.131009195,-2.505746488,5.505741549,3,103
4454,99,-0.424870902,-1.570028844,7.948000382,1.118406055,-3.901645498,10.134594189,27,139
4456,99,-0.397430943,-0.885123940,5.261224964,1.018981626,-3.151306162,7.467064341,3,103
4457,99,0.569667389,-1.773463839,8.311538697,2.130140649,-4.103093708,10.448384002,18,129
4458,99,-0.736156692,-0.977090952,5.868675032,0.708675582,-3.261687406,8.086511506,22,145
4459,99,-0.370215717,-1.707102045,6.173637538,1.094972032,-3.994901060,8.356703866,3,104
4460,99,-0.186178677,0.081586868,3.318260741,1.133706259,-2.135372026,5.541192236,6,111
4461,99,-0.238990877,-0.629465636,3.637758193,1.102154230,-2.854518476,5.844995241,3,103
4462,99,-0.607698107,-1.218247005,6.924684069,0.886578300,-3.527065090,9.129458410,34,145
4463,99,-0.097072033,-1.744632191,7.746570511,1.438549472,-4.067738462,9.914517519,12,112
4464,99,0.311755031,-1.786910682,8.438044191,1.878287792,-4.122404833,10.585862950,17,135
4466,99,0.677437186,-1.017410066,5.072009509,2.085546111,-3.267310754,7.227008647,8,106
4467,99,-0.311779339,-0.887716353,4.956864498,1.090955040,-3.145564535,7.159224980,6,106
4468,99,-0.532905136,-1.496710745,7.571784308,0.992944503,-3.820367442,9.765488852,31,140
4469,99,-0.283424691,-1.827081245,8.252630100,1.275829202,-4.164489174,10.426164743,11,110
4470,99,-1.039643833,-1.251844575,7.117472708,0.464035183,-3.570015804,9.340375257,36,146
4471,99,-2.150647324,-1.495293751,7.757656015,-0.614802044,-3.840978167,10.023105483,21,122
4472,99,-2.227972348,-1.570763636,8.367231603,-0.664046693,-3.932091468,10.633458324,39,152
4473,99,-0.048841417,-1.787198567,8.496737390,1.520697367,-4.128022568,10.660510807,26,137
4475,99,0.241060247,-1.029821150,7.778520135,1.770805717,-3.350299779,9.949108929,8,106
4476,99,-0.271715592,0.415276325,3.350939159,1.046475929,-1.803521643,5.585905653,4,102
4477,99,-0.208243582,0.367224750,3.371718744,1.111278097,-1.851375054,5.602643967,4,102
4478,99,1.095113564,-0.164623883,5.009990354,2.491718344,-2.408798536,7.167636132,2,100
4480,99,1.589915382,-0.197288154,5.588334017,3.012187667,-2.450170914,7.722412840,2,100
4481,99,0.658191895,0.248788154,3.748274707,1.994799901,-1.969557875,5.937239393,5,103
4484,99,1.073792425,-0.244995074,4.967423218,2.469297097,-2.488336083,7.124079884,2,100
4485,99,0.704244334,-0.943257877,4.989816274,2.107927729,-3.190894704,7.145568186,7,106
4487,99,1.198416360,-0.245332874,5.047411257,2.597371446,-2.489271759,7.198412994,2,100
4489,99,-2.448497652,-1.332520307,7.965604689,-0.904621701,-3.686545494,10.248067209,46,152
4490,99,1.117417439,-0.268328339,4.979554322,2.513645881,-2.511484244,7.133676486,2,100
4491,99,1.230119387,-0.316527876,5.105760421,2.632343407,-2.561518357,7.253511325,2,100
4493,99,-1.813730390,-1.594413591,7.509001604,-0.288396395,-3.930366568,9.757331433,29,146
4494,99,0.017027274,-0.939812533,7.234255429,1.521788132,-3.249502923,9.417745937,5,104
4496,99,0.122006202,-1.516379469,7.786361406,1.656958387,-3.838164519,9.950172029,8,106
4497,99,-0.002233201,-0.850770899,6.794977607,1.482033731,-3.150011811,8.982102172,4,104
4499,99,-0.178579797,-0.197140119,3.121916854,1.135225271,-2.409140069,5.337854709,3,106
4500,99,-0.168555821,-0.407252460,3.025567217,1.142972246,-2.616724839,5.235974995,2,101
4502,99,0.637162525,-0.224052058,5.239801980,2.045104330,-2.478752999,7.416044146,9,107
4504,99,-0.208226476,0.176041306,3.282949783,1.109183703,-2.040330386,5.509249459,3,106
4505,99,-1.057596698,-0.100348704,3.436056086,0.270239544,-2.329538379,5.693081411,19,127
4506,99,-0.419293287,-1.810570819,7.980613781,1.127775560,-4.142835428,10.160953541,15,115
4507,99,-0.233628223,0.455552246,3.411828432,1.086855234,-1.764329587,5.646020505,4,102
4509,99,-0.164644005,0.221305422,3.267800781,1.151602759,-1.994242117,5.493303946,3,102
4510,99,0.309277744,-1.652956274,8.211726158,1.864387663,-3.983017479,10.363269768,24,129
4511,99,-0.078761851,-0.247707270,4.279771443,1.287219531,-2.486784671,6.488514072,3,106
4512,99,-0.237968458,-0.242175822,3.163500103,1.078196738,-2.455814286,5.380908839,4,106
4513,99,-0.237997975,-0.344604841,3.271931541,1.084013240,-2.560845884,5.486661443,2,103
4514,99,-0.118919417,0.107545594,3.219913733,1.196243679,-2.106301560,5.440624961,5,107
4515,99,-0.275668386,-0.904332174,5.172410210,1.136830773,-3.167028863,7.372473051,5,106
4516,99,0.782860225,-0.107281515,5.029059082,2.180087624,-2.355319150,7.201989611,6,106
4517,99,-0.092891517,-0.600481554,4.281996101,1.276634490,-2.839640855,6.482618074,5,106
4518,99,-0.442824894,-1.194531961,6.791527137,1.045092175,-3.498334244,8.989729250,16,131
4519,99,-0.169650314,0.172835381,3.324542314,1.149610981,-2.044129894,5.548992833,2,102
4521,99,-0.293067434,0.293947494,4.160271718,1.062526570,-1.944732908,6.392129898,5,106
4522,99,-2.399551040,-1.329066749,7.572959079,-0.873322469,-3.673008847,9.853839623,44,156
4523,99,-0.407370314,-1.413029334,7.552845804,1.116686949,-3.734896555,9.743066294,33,137
4524,99,-0.351261120,0.144197229,4.098610873,1.003092018,-2.093559258,6.329424568,3,106
4525,99,-0.137769608,0.007809880,4.502315530,1.235743113,-2.237412045,6.719728846,3,106
4526,99,-0.593863021,-1.149456218,6.863377699,0.896987827,-3.456657165,9.069321742,33,141
4528,99,0.773307263,-0.745261448,4.544062596,2.155055046,-2.981374185,6.702229960,5,104
4529,99,-2.547105152,-1.652444902,8.422879800,-0.979561678,-4.018550975,10.701203031,50,152
4531,99,-0.298380521,-1.758808648,8.144307146,1.255380043,-4.093766666,10.320340144,20,129
4533,99,-0.237684703,-0.264149452,3.180363665,1.079448147,-2.478187413,5.397193120,5,106
4534,99,-0.243550191,0.334357752,3.400325426,1.077607624,-1.885308538,5.631968981,4,102
4535,99,-0.352095772,-0.746151538,4.539511116,1.030636676,-2.994330211,6.747715889,2,103
4536,99,0.411078820,-1.864647761,8.440233780,1.978361313,-4.199092926,10.581704854,11,113
4537,99,0.045096657,-0.804225877,6.833074383,1.530565402,-3.103898235,9.019198452,4,103
4539,99,0.701071485,-0.938975899,4.867656532,2.099252533,-3.183675920,7.023814193,7,106
4541,99,-2.931143000,-1.518015092,7.443402411,-1.408314834,-3.864489415,9.743409648,15,115
4542,99,1.199899901,-0.195695737,5.070105152,2.599385837,-2.440188412,7.222242103,2,100
4543,99,0.018584648,-1.195818169,7.340832329,1.530600259,-3.507994370,9.517768261,5,104
4544,99,0.718325309,-0.913258902,4.914018695,2.118311921,-3.158909540,7.069986422,6,104
4546,99,0.917326161,-0.155401365,4.913086782,2.309693248,-2.399144904,7.078994213,3,105
4547,99,0.995307652,-0.199835958,4.974083876,2.390753391,-2.444204281,7.135342214,3,101
4549,99,-0.253146518,-0.016504609,3.312507009,1.067505077,-2.234013301,5.535992492,5,106
4550,100,-0.386322836,-1.397439335,6.864497064,1.015098676,-3.634026190,9.165419364,21,126
4551,100,0.134232223,-1.118695549,8.141327602,1.572991005,-3.357153250,10.426795365,3,104
4552,100,0.090997159,-1.678445043,8.609452506,1.547497586,-3.918992871,10.893717218,37,145
4553,100,-0.534834327,-1.922579726,7.697388060,0.895387747,-4.163332410,10.000308413,11,115
4555,100,-1.638030605,-1.696986483,7.758218431,-0.206739695,-3.944683911,10.095925405,33,146
4556,100,0.148796776,-1.247438301,8.591324778,1.602147559,-3.487575073,10.875598579,4,104
4557,100,0.052806521,-1.334058302,6.951094573,1.456297744,-3.568320878,9.238747875,5,107
4559,100,-2.649820530,-1.713460489,7.933654160,-1.212542496,-3.967992244,10.302287679,68,180
4560,100,0.849962000,-0.115673732,4.945174799,2.184150739,-2.337233309,7.214325643,6,106
4561,100,0.845784483,-0.185352609,4.925609167,2.179788325,-2.406858734,7.194610645,4,106
4562,100,0.723511631,-1.847009528,8.186526746,2.167703653,-4.082047478,10.450871454,27,134
4563,100,-0.426746061,-0.058110003,4.268197850,0.886915434,-2.284760103,6.577127112,4,106
4564,100,0.735489762,-0.809825939,4.883623567,2.071971985,-3.031820280,7.153460203,3,102
4565,100,-0.503464858,-1.403873352,7.183560655,0.907860624,-3.642427037,9.487901381,24,135
4566,100,-2.409187257,-1.802235922,8.480582882,-0.954686080,-4.057456391,10.841196495,40,153
4567,100,0.411299272,-1.761959856,8.110505313,1.852801461,-3.998596855,10.384827035,26,132
4568,100,-0.256229171,-0.296181834,3.159917609,1.024695620,-2.517428739,5.463160674,5,106
4569,100,0.860535083,-0.073479935,4.877502216,2.192387322,-2.294710095,7.146534641,7,106
4570,100,-1.451359375,-1.066843004,6.590320750,-0.059810757,-3.308827254,8.925451081,36,156
4572,100,-0.289466747,-0.377108238,4.092487796,1.020623686,-2.602224843,6.395970415,4,106
4573,100,-2.538511098,-1.594456755,7.591779890,-1.112505064,-3.846970281,9.957648895,65,175
4574,100,-2.291011812,-1.612604103,7.490907767,-0.868120057,-3.863217184,9.849148135,34,150
4575,100,0.657700410,-1.496145266,8.735325561,2.116707914,-3.733751765,11.002873735,3,104
4576,100,0.259948843,-1.736501489,8.204315918,1.704257600,-3.974427446,10.483346431,7,108
4578,100,-2.238353151,-1.362198415,7.783333855,-0.807987470,-3.613649064,10.140847955,41,152
4579,100,-2.295898150,-1.385134095,7.427975000,-0.876291812,-3.635535144,9.787332885,39,152
4580,100,-1.893980945,-1.387063091,7.211507088,-0.481214586,-3.634171468,9.558615500,33,146
4581,100,-2.504414446,-1.900548985,8.435803533,-1.050658269,-4.156168951,10.798958649,38,151
4582,100,0.258222008,-1.206245975,8.564349871,1.710444858,-3.445613156,10.845445180,5,106
4583,100,0.745958400,-1.050992916,4.875701166,2.083626643,-3.272886191,7.144226419,6,105
4584,100,-0.496892455,-1.713356500,7.396944030,0.922830476,-3.952701903,9.699705278,28,139
4585,100,-0.267680418,-1.924859111,8.336189488,1.182061469,-4.166503270,10.630587552,27,136
4586,100,-0.258636555,-2.194935680,8.744484797,1.205258883,-4.438124625,11.037296200,12,117
4587,100,-1.920097662,-1.541084781,7.758330312,-0.489592465,-3.790499658,10.105343687,27,146
4588,100,0.743062719,-1.518186253,8.366566193,2.190823546,-3.753822599,10.631578656,7,106
4590,100,-2.417402536,-1.458790361,7.691518395,-0.989196921,-3.710964480,10.054178410,66,177
4591,100,0.800164176,-1.153663424,8.443005101,2.248078262,-3.389263363,10.707728752,4,106
4592,100,-2.736649933,-1.821381241,8.108956583,-1.293298378,-4.077127339,10.479728351,37,152
4593,100,-2.373303427,-1.393247897,7.922532038,-0.938407808,-3.646065044,10.283996552,43,151
4594,100,-2.089750304,-1.730427913,8.438051353,-0.637140387,-3.983543022,10.789169252,38,147
4595,100,-2.919288434,-1.693717740,7.268871863,-1.502431638,-3.947270287,9.646183179,11,115
4596,100,0.743622425,-1.042575681,4.892299806,2.081751995,-3.264548683,7.160923518,6,105
4597,100,-2.446205443,-1.609717860,8.195364866,-1.001599218,-3.864045745,10.558045747,44,152
4598,100,-0.351266639,-1.942647570,8.180943916,1.093849687,-4.184187920,10.477910744,19,124
4600,100,0.304452329,-1.370996499,8.242206459,1.747729672,-3.608810879,10.521357690,6,105
4601,100,0.719697922,-1.009418823,4.962928828,2.059813163,-3.231815930,7.232390100,6,106
4603,100,-0.508898695,-1.974035212,7.751264318,0.923272966,-4.214841070,10.053150138,9,115
4605,100,0.858689331,-1.789363357,8.200880666,2.302913390,-4.023638402,10.461303794,24,135
4606,100,-2.608609576,-1.518100060,6.971424881,-1.202093600,-3.768599973,9.340059656,21,129
4607,100,-2.676672694,-1.805144248,7.760711331,-1.244152464,-4.059156082,10.129874985,31,150
4609,100,1.010436466,-0.172378018,4.800704549,2.340442729,-2.392393049,7.064761942,2,101
4610,100,0.739465853,-0.969410074,4.934952713,2.078473384,-3.191578087,7.203985061,6,106
4612,100,1.008034124,-0.209481645,4.838476188,2.339423422,-2.429658937,7.102436359,2,101
4613,100,-0.151767055,-2.334501703,8.797718649,1.314542705,-4.577247494,11.086646796,11,123
4614,100,-0.278924172,-0.339093063,3.207759878,1.003737732,-2.560664941,5.511500276,4,107
4615,100,0.204250988,-1.493084060,7.639619749,1.629779782,-3.729132363,9.921635264,3,108
4616,100,-0.314027146,-1.208344441,7.045135862,1.091786974,-3.445208087,9.344529806,26,138
4617,100,0.328652957,-1.385999319,7.975167489,1.763798705,-3.622615454,10.253641820,7,106
4618,100,-2.096437284,-1.624817077,7.935682685,-0.659895558,-3.875998571,10.287682427,45,156
4620,100,-1.741831754,-1.713050330,8.332503892,-0.292740413,-3.963637703,10.673057234,33,146
4621,100,0.352815660,-1.416066699,8.186339541,1.794620020,-3.653366345,10.463846360,7,106
4622,100,0.738609761,-0.323807701,5.009046030,2.076054730,-2.546289399,7.280729019,6,106
4623,100,0.766879222,-1.001978381,4.752854038,2.100469207,-3.223262448,7.020997629,6,106
4624,100,1.053030391,-0.296916613,4.892869131,2.386589855,-2.517032418,7.155060804,2,101
4625,100,0.717231931,-1.040637533,4.960513127,2.057459840,-3.263039292,7.229922682,7,106
4627,100,0.677264317,-0.951126054,5.021254816,2.018846567,-3.174011910,7.292231655,7,106
4628,100,0.786938165,-0.881530035,4.881445922,2.123754785,-3.103201494,7.149407859,4,106
4629,100,-0.258721195,-0.296135755,3.160904904,1.022234894,-2.517401680,5.464224231,5,106
4630,100,-0.217200019,0.442288835,3.343336631,1.064950939,-1.779462206,5.648335311,3,102
4631,100,0.672930181,-0.921863755,5.017063758,2.014211640,-3.144760203,7.288296304,7,106
4632,100,0.719580627,-1.000417574,4.975978259,2.060043527,-3.222866984,7.245473951,6,106
4633,100,-2.490909599,-1.622855742,8.028577461,-1.051330470,-3.876798396,10.392657487,45,160
4634,100,-2.417072420,-1.754902753,8.166780451,-0.972495487,-4.008937429,10.527982023,40,151
4635,100,-0.240155384,-0.293654128,3.105780508,1.039082273,-2.514590439,5.408566261,5,106
4636,100,-1.805214865,-1.577776208,8.009292814,-0.366832942,-3.827480089,10.352505663,21,124
4637,100,-0.437266053,-1.420528223,7.115546196,0.972035234,-3.658411801,9.417817575,31,139
4639,100,-2.117252563,-1.714146181,8.167339427,-0.673047911,-3.966363389,10.519499221,43,156
4640,100,0.336613252,-1.141357238,8.301970559,1.780345905,-3.379217517,10.581051342,5,106
4641,100,-2.319223481,-1.264242685,7.798104329,-0.888946828,-3.516245131,10.158498977,37,150
4642,100,0.046320209,-1.511622489,7.493996504,1.467560154,-3.748056307,9.780856677,6,107
4643,100,-0.265691055,-0.025272641,3.154656817,1.013465025,-2.246563397,5.459309214,2,102
4644,100,-2.079314300,-1.835501830,7.929412429,-0.641720366,-4.086549148,10.280021184,19,121
4645,100,0.747909362,-0.876845135,4.893580247,2.085090266,-3.098801482,7.162754488,4,106
4646,100,0.257182282,-1.126965610,8.360622732,1.702671277,-3.365539447,10.642174481,4,104
4647,100,-0.402528114,-1.411447540,7.308784967,1.012642426,-3.649880861,9.609933906,33,139
4648,100,0.786005249,-1.110618583,8.389684505,2.232031089,-3.346095799,10.655046031,6,107
4649,100,0.795809537,-0.821946859,4.848889181,2.131266530,-3.043437883,7.116839747,3,106
4650,100,-0.958191865,-1.021276789,5.961543926,0.413514797,-3.257792896,8.282015628,29,146
4651,100,0.752844255,-0.912827033,4.895641489,2.090300159,-3.134760582,7.164514909,6,106
4652,100,-2.008200345,-1.480263587,7.651481241,-0.581298395,-3.729794596,10.001502739,37,148
4653,100,-0.186539137,0.300208628,3.180076717,1.091423284,-1.920710014,5.483626641,4,106
4654,100,-2.333627644,-1.174198142,7.500619236,-0.913024518,-3.425119716,9.861970220,38,151
4655,100,-0.143558947,0.457918885,3.267021183,1.136116927,-1.763085034,5.569858919,3,102
4657,100,0.729683572,-1.266754427,8.091761335,2.167507489,-3.501397156,10.358352684,7,107
4658,100,0.709342464,-0.285561681,5.130247544,2.050300085,-2.508699082,7.402928881,7,107
4659,100,0.159548483,-1.393469935,8.599750597,1.614021748,-3.633570748,10.883088432,4,104
4660,100,-2.295044455,-1.521963852,7.911489141,-0.859760948,-3.774258924,10.270024795,44,151
4661,100,0.720346990,-0.861680181,4.903026851,2.057741588,-3.083841481,7.173105656,5,106
4662,101,-0.147710600,-1.262766399,7.411810115,1.016410997,-3.721501768,9.825060399,29,139
4663,101,-2.224156512,-1.941640630,8.687202850,-1.065736276,-4.418695126,11.081129118,13,120
4664,101,-0.376510344,-1.522973366,7.655048260,0.785916094,-3.985951069,10.062042361,33,142
4665,101,-0.183856802,-1.225215347,7.447456384,0.980367041,-3.684579527,9.861459125,3,103
4668,101,0.124047114,0.442740041,3.972033437,1.303032434,-1.941637046,6.424384321,4,110
4669,101,-0.041753339,-0.105711170,3.289164628,1.136076037,-2.474072277,5.729232094,2,106
4670,101,1.181561827,-1.619101616,8.352168219,2.342111285,-4.104756800,10.759858593,20,131
4671,101,0.901375892,-1.539288469,7.766552498,2.063484607,-4.010703834,10.175614395,19,131
4672,101,-2.503500013,-1.785792090,8.028928736,-1.343021130,-4.247023412,10.425928157,12,116
4673,101,-0.154629479,0.226074902,2.961295412,1.025402425,-2.134592819,5.408566704,2,102
4674,101,-2.538658573,-1.548174302,8.006585304,-1.377033136,-4.008807819,10.408779356,58,175
4675,101,-0.297850294,0.564428760,4.524110236,0.880586200,-1.830214639,6.978206120,4,106
4676,101,-0.672190117,-1.520887558,7.775281145,0.490006285,-3.985141780,10.181723417,36,145
4677,101,-0.172825030,0.234174089,3.020721190,1.007124289,-2.127724710,5.468122030,3,106
4678,101,-0.182806813,0.247399028,3.012402105,0.997220750,-2.114272507,5.460078379,3,106
4680,101,0.994841574,-0.624726953,4.740494219,2.167314120,-3.029896870,7.170714323,2,106
4681,101,1.050083608,-0.941963454,8.229624893,2.214020015,-3.424466921,10.652072761,5,106
4682,101,0.875215620,-0.700163830,4.757117343,2.047306541,-3.105122631,7.185434563,4,106
4683,101,-0.746564327,-1.190143554,6.353261051,0.420045008,-3.622688874,8.767227896,26,146
4684,101,-2.374268509,-1.437116195,7.491220910,-1.211087007,-3.887150447,9.896314898,54,175
4685,101,0.580449731,-1.800150137,8.385060353,1.740101486,-4.283675292,10.787581973,10,119
4686,101,0.944771939,-1.646721447,8.495765787,2.104905670,-4.134437634,10.902354599,6,108
4687,101,1.001680633,-1.513293597,8.163832722,2.163103979,-3.993969865,10.573564525,7,108
4688,102,1.276639398,-1.578178814,8.145398034,1.948996232,-4.184852989,10.762331164,11,130
4689,102,0.948384015,-1.019963449,7.787850097,1.653108646,-3.609128342,10.404297387,3,104
4690,102,0.123302731,-0.489609846,3.167989697,1.106081955,-2.922348001,5.763797549,2,103
4691,102,0.851864264,-1.685540890,8.315376062,1.513077325,-4.287996268,10.904419976,7,111
4692,102,0.196785509,-0.694127911,4.616999164,1.091933437,-3.171866440,7.207541350,2,103
4693,102,0.193540358,-0.112702872,2.702886251,1.210506360,-2.533254903,5.315450015,2,103
4694,102,0.035313234,-0.067148837,2.788875582,1.048536375,-2.486869612,5.393675884,3,106
4695,102,-1.683888289,-1.358952186,7.952359142,-0.990528342,-3.895490784,10.408052587,41,151
4696,102,0.043701065,-0.082588643,2.781735009,1.057010404,-2.502266921,5.386545329,3,106
4697,102,-0.383644708,-0.759877425,6.255654588,0.416950976,-3.274167021,8.807649815,31,146
4698,102,0.159844076,0.368396681,3.481300980,1.141704720,-2.075143074,6.105337094,3,111
4699,102,-1.897230973,-1.286329407,7.044340257,-1.149758311,-3.790986342,9.492076549,17,120
4700,102,1.366551682,-1.521864385,7.635674513,2.069206758,-4.115219354,10.260560113,16,134
4701,102,1.530120077,-1.548641288,8.545816841,2.179550830,-4.172889130,11.177254752,18,134
4702,102,-1.539443340,-1.020007520,7.297644752,-0.801881527,-3.540252682,9.773531483,53,174
4703,102,0.012444446,0.089005103,2.848531907,1.025403620,-2.332117712,5.456784016,4,107
4705,102,0.040005521,-0.094607725,2.757232149,1.054491322,-2.513460950,5.361508286,3,106
4706,102,-0.283882968,-0.821605164,6.288082324,0.513424746,-3.338999647,8.843758250,31,145
4707,102,0.006225175,-0.128363003,2.893196203,1.012272245,-2.550542698,5.494208130,4,107
4708,102,0.982128878,-1.082132000,9.034039825,1.613820208,-3.709435321,11.647835650,3,104
4710,102,-1.624277902,-1.090404628,7.930697274,-0.924404100,-3.627775757,10.398220270,36,153
4711,102,0.121799296,-0.103815880,2.854724040,1.130337438,-2.527373882,5.463162000,3,106
4712,102,0.189348804,-0.026817904,3.155459590,1.181994232,-2.460936988,5.769513448,4,106
4713,102,-1.164521635,-1.267994979,7.879856501,-0.466132528,-3.813730456,10.368104525,20,125
4715,102,0.963822779,-0.941700228,7.940424790,1.661304420,-3.535839977,10.559874278,3,104
4717,102,0.607582156,-0.135764194,4.205967887,1.536805543,-2.610484439,6.838204519,3,107
4718,102,0.137961871,-0.107790891,2.646243325,1.158389673,-2.525433658,5.255916866,2,107
4720,102,0.241397261,0.226587561,5.584993558,1.099186509,-2.281843855,8.204801359,2,105
4721,102,1.424903904,-1.232281236,6.669072135,2.188883357,-3.798061704,9.308366815,4,105
4723,102,0.134670878,-0.089447156,2.644799233,1.155555260,-2.506987484,5.254861691,2,107
4724,102,0.181291319,-0.087847412,2.743063141,1.196465418,-2.509357016,5.355621626,6,108
4725,103,0.546577400,-0.531145631,6.775723720,1.027011048,-3.521446929,9.517052296,32,139
4726,103,0.630254572,-0.679785689,6.827052018,1.101746824,-3.676625124,9.562490404,29,137
4727,103,0.737594368,-1.406536595,8.117777705,1.066032803,-4.516212307,10.787022715,6,115
4728,103,1.017254235,-1.180540640,8.485711496,1.313998387,-4.332317755,11.198550297,11,126
4730,103,0.626666554,-0.680705989,6.819256717,1.098910856,-3.676745819,9.554339929,20,136
4731,103,0.481712450,-0.646296633,6.749913423,0.962227656,-3.631750149,9.474984517,30,139
4732,103,0.944717106,-0.641329465,7.439600804,1.356143780,-3.701906897,10.202978189,27,137
4733,103,-0.117621272,-0.363272907,5.258399769,0.517300118,-3.200544144,7.965011939,21,147
4734,103,0.548235604,-0.029049405,4.371887217,1.273779660,-2.812039785,7.179023199,2,106
4735,103,0.336195826,-0.482188181,6.904495323,0.806359576,-3.477118373,9.629245306,28,145
4737,103,0.620345437,-0.945413674,7.545653970,1.015856384,-4.003421424,10.250147436,17,132
4738,103,0.468768428,-0.724270478,7.192201778,0.904591910,-3.747521105,9.905265430,33,145
4739,103,0.109717895,0.084490478,2.746458152,0.997810485,-2.543114233,5.536242388,3,106
4740,103,-0.204080903,-0.437930650,5.113432837,0.443552537,-3.259443962,7.806403732,27,146
4741,103,-0.570469466,-0.608220087,7.392116732,-0.146071471,-3.615769458,10.015705666,28,146
4742,103,0.424202304,-0.557314933,6.305360242,0.950243698,-3.502541665,9.036790219,26,139
4743,103,0.237499581,0.250770434,2.610796440,1.142076274,-2.369864247,5.428757004,2,106
4744,103,0.174702679,-0.578037436,6.546739541,0.678086399,-3.536141199,9.250670857,30,145
4745,103,1.201547233,0.116514551,5.465817742,1.821197090,-2.783604713,8.338425867,2,107
4747,103,0.252803240,-0.072714142,2.450480745,1.165137843,-2.678468119,5.242184205,2,106
4748,103,1.683184354,-0.910514250,6.398147177,2.185508236,-3.903040416,9.216003069,5,108
4749,103,0.239126358,0.298646180,2.603277749,1.145565871,-2.321593155,5.425758901,3,107
4750,103,0.292648265,-0.081930406,2.499081638,1.199850111,-2.693170351,5.293306756,3,106
4751,103,0.645837907,-0.508945137,5.164127915,1.282611155,-3.362073726,7.930592301,4,107
4752,103,0.819743476,-0.495475533,7.296376030,1.249164511,-3.540155865,10.062275832,31,137
4753,103,0.290624430,-0.061800568,2.440164420,1.204030748,-2.667926479,5.236510506,3,106
4754,103,1.726774490,-0.848496751,6.630983481,2.207776909,-3.862998275,9.456543601,3,105
4755,104,-1.220312700,-1.076477870,8.050082938,-1.181620961,-4.044914052,10.575174814,36,151
4756,104,1.944157424,-1.204707262,8.766591474,1.849238054,-4.493605474,11.650473874,7,115
4757,104,1.289466272,-0.948645723,8.114654972,1.302576711,-4.133797610,10.949824962,25,139
4760,104,0.321733500,-0.440511779,6.361858498,0.603481432,-3.412139904,9.144976423,26,145
4761,104,1.548876284,-1.345352138,8.795065928,1.444216991,-4.602318258,11.619194096,9,117
4762,104,0.946836249,-2.138988864,7.771539714,0.918894659,-5.261033870,10.465917219,2,105
4763,104,-1.134689860,-1.075376724,8.003243184,-1.090935665,-4.047392824,10.539168167,36,151
4765,105,1.045460016,-0.577250337,6.123610875,0.850067527,-3.581428641,9.002004626,24,136
4766,105,1.128897843,-0.671522199,6.386583844,0.872185291,-3.702868881,9.266138891,27,139
4767,105,0.789165855,0.310927544,3.732616588,1.142726224,-2.505117933,6.693908771,2,106
4768,105,0.975553204,-0.478966088,5.842886923,0.844933166,-3.456355752,8.723287738,20,135
4769,105,0.906212648,-1.143739260,8.334905833,0.237840126,-4.280380411,11.091686169,7,114
4770,105,0.714418253,1.106949750,3.826369333,1.132923234,-1.714283223,6.843950426,2,106
4771,105,0.613712259,0.165188395,2.393524729,1.210059473,-2.535806616,5.337547718,2,106
4772,105,0.618488668,0.155215038,2.373449829,1.217510552,-2.544847010,5.317849081,2,106
4773,105,0.625583972,-0.036911356,2.333948499,1.212381020,-2.733269742,5.263133346,2,106
4774,105,1.264727176,-0.294892093,4.912036930,1.322291744,-3.242912080,7.880342236,2,106
4775,105,0.914333448,0.519569254,3.973318240,1.240618136,-2.329770068,6.971047499,2,107
4776,105,0.615728962,0.029516268,2.321071932,1.211948934,-2.665411818,5.254726689,2,106
4778,105,-0.518820419,-0.670323991,7.476587290,-0.943267539,-3.585361087,10.036468275,37,151
4779,105,0.571992403,0.748102088,2.523880623,1.203912291,-1.962505988,5.510203966,3,108
4780,105,0.577603482,0.536399466,2.450718746,1.201714905,-2.167806760,5.420488255,2,107
4781,105,1.891149145,-0.168863663,4.085155526,2.103433946,-3.133555355,7.194865414,2,106
4782,105,0.590099436,0.561446237,2.471506170,1.212530569,-2.145897166,5.445359879,3,107
4783,105,-0.409889735,-0.747106940,7.429001354,-0.835681159,-3.670826155,10.002603406,34,156
4784,105,0.575653760,0.721870339,2.526364745,1.204350343,-1.989094613,5.510934847,4,108
4785,105,1.253296277,0.291891024,4.061636816,1.531789460,-2.601027515,7.098216697,3,107
4786,105,1.758167242,-0.118391344,4.075089410,1.980597043,-3.067337427,7.165552450,2,106
4787,105,0.589623638,0.389506394,2.409991484,1.206226994,-2.311904653,5.369535267,2,106
4788,105,2.427623414,-0.179135201,6.755229208,2.120849733,-3.392212648,9.905953149,3,107
4789,105,0.552508129,0.538845185,2.432273259,1.180946533,-2.161172038,5.398113057,3,108
4790,105,0.518024432,-1.086530743,8.095129999,-0.090068607,-4.161725069,10.791932721,25,144
4791,105,0.593382150,0.405845253,2.423194861,1.209059609,-2.297074971,5.384617399,2,106
4792,105,-2.230268988,-0.327740489,5.197445031,-2.148422611,-2.887626815,7.526154104,12,128
4793,105,1.386842263,-1.146026332,7.663629308,0.834089748,-4.291976332,10.520744706,6,111
4794,105,0.573605414,0.764354345,2.528123908,1.206336987,-1.946887993,5.516115161,3,108
4795,105,-0.742780149,-1.072105828,7.613442066,-1.228760217,-3.966820998,10.093897369,39,148
4796,105,2.118340885,-0.517271457,6.094706753,1.909453799,-3.645147694,9.172729209,2,106
4797,106,2.194591680,-1.081960473,7.358132113,1.158071471,-4.230053701,10.401480345,8,117
4798,106,1.559849994,-0.590329276,6.039086291,0.912223469,-3.575838594,9.024512127,22,139
4799,106,1.451345740,-0.686635571,6.866217122,0.598751822,-3.715100241,9.791020578,23,146
4800,106,-0.136304899,-1.136564376,7.859701962,-1.218309713,-4.037748313,10.342625704,28,152
4801,106,3.247859752,-1.065690814,8.266587282,1.957922516,-4.403449064,11.526247646,5,112
4802,106,2.848728162,-0.832093035,7.182672118,1.856953190,-4.049359018,10.406796234,20,131
4804,106,2.489803759,-1.626862833,8.268890518,1.169018691,-4.867984579,11.299519309,4,115
4806,106,2.672547426,-0.830249224,7.337857557,1.649718020,-4.036987114,10.516459776,13,131
4808,106,2.819425028,-1.159192393,8.165248194,1.559284736,-4.437430423,11.320088348,7,118
4809,106,1.751566038,-0.653117170,6.430993726,0.996676417,-3.688115429,9.442304432,24,139
4815,106,0.835034563,-0.018268202,2.280091740,1.174614811,-2.663076122,5.272090673,3,108
4816,106,0.723889231,0.354120457,2.434625176,1.067653750,-2.291539969,5.431550382,2,107
4822,106,0.738806426,0.332369824,2.446876535,1.076915149,-2.315721633,5.444786020,2,107
4823,106,1.539348601,0.614582602,4.264573894,1.440806733,-2.257909418,7.416784037,2,107
4825,106,0.735067665,0.335783654,2.444294297,1.074271118,-2.311712412,5.441746982,2,107
4827,106,0.785580993,0.338287094,2.376846203,1.139516847,-2.310675989,5.388370681,2,107
4828,106,0.836869401,0.348824092,2.414484159,1.181034833,-2.309014518,5.437682354,2,107
4829,106,0.757903799,0.711253740,2.442579661,1.134558942,-1.942511488,5.481221920,3,109
4830,106,2.092830571,-0.083878051,4.916329144,1.747930609,-3.061201474,8.109150471,2,107
4831,106,0.801632556,0.336601881,2.380646385,1.153928481,-2.314541172,5.395602497,2,107
4832,106,0.722243977,0.315832776,2.440449104,1.060806527,-2.329659786,5.433152417,2,107
4833,106,0.736325978,0.322188287,2.446445356,1.073598508,-2.325475957,5.442822530,2,107
4834,106,0.841330849,0.014261243,2.318977803,1.174613931,-2.634298540,5.314301864,2,108
4837,106,0.787839816,0.537764867,2.452191364,1.143666211,-2.118590689,5.480887693,3,109
4841,106,0.941057668,0.006189724,2.486208012,1.229836398,-2.665828393,5.498510654,2,107
4845,106,-1.389019927,-0.098419356,3.529011429,-1.281021835,-2.560417760,5.959078950,9,121
4846,106,0.832935567,0.193681294,2.327438320,1.182550710,-2.456186352,5.337682885,2,107
4847,106,0.814173630,0.706771611,2.470526957,1.181704384,-1.955656710,5.520869683,3,108
4848,106,0.803158524,0.581223431,2.474396070,1.157490314,-2.078928341,5.510079318,2,108
4851,106,0.782296795,0.377674829,2.376442715,1.140411881,-2.271245968,5.390981196,2,107
4853,106,-0.115488979,-1.070861838,7.795954509,-1.176256105,-3.970800312,10.291996432,39,161
4854,106,0.757222240,0.690889267,2.473936178,1.124304315,-1.964756202,5.509478295,2,109
4857,106,-0.327120492,0.152990289,2.156758995,0.099627741,-2.344916552,4.900173884,16,127
4860,106,0.806992619,0.163989760,2.334153806,1.152898617,-2.482926243,5.335347692,2,107
4861,106,0.854009910,0.336190452,2.430558861,1.192441176,-2.324698727,5.456004551,2,107
4863,106,0.803236791,0.526492606,2.442962241,1.159615056,-2.130973879,5.474438015,3,108
4864,106,0.757265651,0.695221510,2.440190358,1.132902497,-1.958147044,5.477230181,3,109
4865,106,3.020057621,-0.701246981,7.422886435,1.977734424,-3.956972314,10.691496044,2,107
4866,106,0.822231657,0.687393863,2.487369142,1.183478549,-1.976977956,5.537189761,3,108
4867,106,0.871190646,0.304395240,2.360892897,1.222586348,-2.353458854,5.389494526,2,107
4868,106,1.704255031,-0.839323140,7.037236761,0.786370806,-3.908568905,10.000527889,27,142
4869,106,0.798120213,0.367494724,2.377354916,1.154442276,-2.283297410,5.394553026,2,107
4870,106,0.859125978,0.184579926,2.356215392,1.199993112,-2.470338015,5.370734140,3,108
4871,106,0.821492546,0.165340688,2.324348340,1.169391976,-2.482660646,5.329337815,2,107
4874,106,1.649503228,-0.654911679,6.042438014,0.991459281,-3.650831772,9.042331572,16,126
4876,106,-0.036810220,-0.624289171,7.352435853,-0.948590137,-3.507488195,9.923436558,43,151
4878,106,0.807912252,0.550389451,2.442782240,1.166579631,-2.107859483,5.477627200,3,108
4879,106,1.641692061,-0.625179412,6.191604872,0.951022233,-3.630719116,9.187782938,20,139
4883,106,1.169131782,-0.768445822,7.116240733,0.257906624,-3.779324752,9.959985679,25,139
4884,106,0.816145608,0.195192432,2.347608280,1.161641105,-2.454055401,5.353470887,2,107
4885,106,0.130759532,-0.954176755,7.790813211,-0.925539998,-3.884569125,10.355129517,38,152
4888,106,0.847348933,0.372294148,2.417577639,1.192771872,-2.287247742,5.445342845,2,107
4889,106,0.839165680,0.530547515,2.415597908,1.201292822,-2.129403850,5.456643833,2,107
4892,106,0.206853650,-0.699091836,7.719008908,-0.809102620,-3.636179543,10.327571553,38,153
4893,106,0.831779131,0.518997316,2.406571579,1.195170178,-2.139330341,5.445093039,2,107
4894,106,1.737127161,-0.507641401,6.579946119,0.961554252,-3.552566252,9.597066670,24,137
4895,106,1.600303550,-0.606680294,6.593317777,0.816271975,-3.635077007,9.568902159,29,137
4896,106,-0.022036974,-1.194281994,8.107494035,-1.173436075,-4.125744482,10.603455964,29,151
4900,106,3.100191375,-0.707638197,6.645170783,2.241580664,-3.919397922,9.956460516,3,108
4901,106,0.824600325,0.369439901,2.399673309,1.174831385,-2.286099573,5.422472962,2,107
4902,106,0.775640944,0.710137656,2.423504742,1.156159257,-1.944440783,5.466750959,2,108
4903,106,2.106273978,-0.783146547,6.910015546,1.210742079,-3.892626460,9.975725837,10,117
4904,106,-0.667817052,-1.024453499,6.907890563,-1.491102660,-3.797112320,9.308847544,8,114
4905,106,0.738461455,-0.049722905,2.440223601,1.039685896,-2.693615484,5.401780732,3,109
4906,106,1.731840006,0.612332363,4.314218657,1.614461457,-2.286756350,7.509166386,2,107
4908,106,0.379232719,-0.704108245,6.614630278,-0.377465994,-3.585863815,9.297741461,23,146
4911,106,-1.883497471,-0.338226570,4.457779421,-2.006016911,-2.802272642,6.720993565,10,120
4912,106,0.059975904,-0.997328521,7.984332530,-1.044784418,-3.932099912,10.521993882,30,151
4913,106,1.940119499,-0.480490526,6.477497359,1.184904737,-3.543087555,9.547432778,25,137
4914,106,0.789001156,0.475341344,2.385901766,1.154448320,-2.175984453,5.411015969,2,107
4916,106,0.831114104,-0.004006275,2.287914190,1.170384816,-2.649018501,5.280118981,3,108
4917,106,0.806507807,0.525056940,2.413906065,1.169619554,-2.130788764,5.446926240,2,107
4920,106,1.580611658,1.072819886,3.951565302,1.602124869,-1.787524484,7.167038368,2,108
4921,106,0.829933828,-0.038121205,2.275251132,1.168855155,-2.681788799,5.264328407,3,108
4922,106,0.858670941,0.172597025,2.363894213,1.196498868,-2.482678909,5.376919110,3,108
4923,106,0.646639229,-0.958916118,7.106655241,-0.263379709,-3.904319139,9.811640657,22,147
4925,106,1.019599567,0.452165821,3.188018481,1.181725531,-2.281969871,6.238739958,2,107
4926,106,0.813773260,0.175538592,2.328724139,1.161914538,-2.471932490,5.332762261,2,107
4928,106,1.343266670,0.576315105,3.980259385,1.316068824,-2.252593423,7.092501044,2,107
4929,106,0.748745174,0.737120713,2.502285504,1.113957408,-1.919903090,5.539378652,2,109
4932,106,-0.587833318,0.404535139,1.839937718,-0.050482199,-2.042565747,4.557139327,4,110
4934,106,1.774935005,-0.734638840,6.483929392,0.998285546,-3.775310045,9.491177591,16,126
4935,106,0.831911961,0.135436712,2.323474679,1.176647937,-2.513470713,5.328047074,2,107
4936,106,1.282165736,0.932952290,3.406783093,1.431003313,-1.852549360,6.557194334,3,109
4937,106,0.829924891,0.324371533,2.407011553,1.173665121,-2.331878741,5.426506113,2,107
4939,106,0.808491732,0.482665743,2.387221668,1.173684441,-2.171170905,5.417502338,2,107
4942,107,0.563472369,-1.482776338,8.205652852,-0.957328243,-4.096456817,10.791228696,58,174
4944,107,1.633381274,-0.919381930,6.530720869,0.549251053,-3.574501491,9.477723105,26,145
4946,107,2.959120971,-1.817406292,8.429335022,1.267384810,-4.628704451,11.608851733,3,111
4948,107,2.853886494,-1.868174199,8.291210231,1.198506343,-4.666982939,11.446000121,6,115
4949,107,2.852523759,-1.616443389,7.929986782,1.309113956,-4.406000601,11.109092399,5,118
4951,107,-1.988610684,-0.880123019,5.240392336,-2.598868679,-3.208268401,7.300447237,10,122
4952,107,0.287928041,-1.309552103,7.789832630,-1.102001063,-3.890133104,10.327183363,53,174
4954,107,-0.175842060,-1.271934140,7.912969245,-1.577994722,-3.818792989,10.328216955,40,151
4956,107,2.404578994,-1.328550294,7.645222030,0.972346824,-4.075211144,10.732536766,30,145
4957,107,-1.525295720,-0.632461117,4.360064038,-1.905774770,-2.974249899,6.582233299,6,121
4958,107,-0.270708449,0.550076156,1.960883350,0.011072333,-1.830084793,4.647024011,3,109
4959,107,-1.848717094,-0.611596684,5.492972003,-2.511134276,-2.958993433,7.593086541,7,120
4960,107,2.360782062,-1.570777930,7.685942358,0.902504868,-4.314172775,10.748967959,6,115
4961,107,2.695130284,-1.006241025,7.134478756,1.407977526,-3.763213581,10.329988110,27,137
4962,107,1.077253236,0.681558668,2.478911211,1.183101413,-1.821871503,5.500793065,2,108
4963,107,1.128736315,0.686106805,2.536603664,1.217946616,-1.823084859,5.569959182,2,108
4964,107,2.085382655,-0.997366275,6.741456622,0.924007428,-3.694408836,9.793913320,26,140
4965,107,-1.558332313,-0.616568987,4.464580011,-1.963719147,-2.958668542,6.675331288,10,120
4966,107,1.871496180,-1.178282892,7.143578501,0.600472048,-3.868666603,10.118165289,26,139
4968,107,1.925914470,-0.871208249,6.063030051,0.956262382,-3.537003249,9.104136790,26,139
4970,107,0.514013790,-1.004192378,7.358640268,-0.750377584,-3.592055056,9.983968290,33,152
4972,107,1.749468902,-1.010736130,6.076047360,0.773157132,-3.662201731,9.064534695,25,136
4973,107,0.262112669,0.073032858,2.943823314,0.234180358,-2.375596303,5.710170110,12,124
4976,107,1.067292908,0.755897684,2.577579634,1.153015443,-1.749747694,5.596990496,2,108
4977,107,1.083189695,0.750209284,2.573328890,1.169029319,-1.756575214,5.596716042,2,108
4979,107,-0.250574790,0.410526066,1.941925587,0.025576070,-1.970219902,4.627255813,4,110
4982,107,-1.908033938,-0.781172106,4.779643175,-2.394170560,-3.103329437,6.881328902,15,122
4983,107,-0.199697136,0.483148837,1.992276839,0.066545589,-1.903352436,4.692433199,4,110
4984,107,1.042813007,0.349122838,2.390495521,1.149591992,-2.147871982,5.390711953,2,108
4985,107,2.282697548,-0.739652025,7.411445514,0.957419667,-3.472141944,10.503642823,25,145
4988,107,2.081678800,-0.999846502,6.688276864,0.934134319,-3.695102022,9.741521313,23,139
4989,107,-1.700931950,-0.735550285,4.784579527,-2.192841723,-3.074660974,6.941675983,8,120
4990,107,1.116326992,0.704206218,2.528078087,1.209496072,-1.803816080,5.559396609,2,108
4991,107,-1.337550100,-0.190962611,3.260890725,-1.407291796,-2.518850878,5.591033129,7,117
4992,107,-1.682554268,-0.256503888,4.202954246,-1.989748810,-2.582639432,6.408028882,11,120
4993,107,1.243389837,-0.978185515,7.569305556,-0.101216530,-3.630646591,10.376582932,27,146
4994,107,3.322973462,-1.260253984,6.219934837,2.233085608,-4.041326235,9.597219235,2,108
4995,107,2.942954993,-0.979980843,5.630255854,2.040696016,-3.715102890,8.943573347,2,108
4996,107,-1.305743452,-0.115819823,3.460002816,-1.423299387,-2.452080047,5.794967284,9,120
4999,107,0.321320005,-1.064448695,7.557943126,-0.992123627,-3.642148369,10.123728292,33,151
5000,107,0.349793286,-0.894565865,7.585238267,-0.959865668,-3.475930464,10.165524951,35,153
5002,107,2.574930364,-1.038957999,7.150752149,1.285698330,-3.786601096,10.313133829,27,137
5003,107,-1.380323632,-0.311804538,3.325245218,-1.473765183,-2.637607068,5.636333273,10,120
5004,107,3.017530081,-1.100945367,6.877462081,1.778748298,-3.876340660,10.160579101,16,129
5006,107,-1.714897199,-0.293813213,4.267180906,-2.040264761,-2.619000939,6.459885360,13,121
5008,108,2.941498794,-1.624290722,7.796951368,1.161523576,-4.298367578,10.956317108,4,111
5009,108,3.084758535,-1.571306019,8.015091249,1.244054904,-4.259649009,11.206527404,15,137
5011,108,2.934887073,-1.151911595,7.294069740,1.327646429,-3.821996566,10.485626612,20,135
5012,108,3.707848503,-1.811453744,7.247498215,2.031169983,-4.542819579,10.627411367,5,113
5013,108,1.235541125,-1.492003572,7.793492768,-0.464399730,-4.025135120,10.498582637,10,123
5014,108,-1.406905701,-0.596029071,4.369468966,-2.004603416,-2.878632086,6.520827248,11,121
5015,108,3.197348963,-1.368684819,7.442407250,1.522667255,-4.061265475,10.692019823,18,135
5016,108,2.864832210,-0.985477087,6.476662694,1.494419934,-3.642059139,9.685269486,19,131
5017,108,2.510493765,-1.049417449,6.915996733,1.030591527,-3.680861865,10.010870559,25,139
5019,108,2.578031691,-1.057446773,7.099707308,1.045074256,-3.696320586,10.205618333,24,137
5020,108,2.362199310,-1.106067241,6.595526433,0.970635111,-3.721779123,9.660681091,25,136
5021,108,2.438629007,-1.058903239,6.749635740,1.005912706,-3.682674263,9.831097995,24,137
5024,108,1.233218124,0.510969827,2.498788089,1.120348776,-1.975338045,5.465421643,2,109
5025,108,2.640738729,-1.215391170,6.548517438,1.242220208,-3.853327760,9.686801314,14,135
5026,108,-0.078436542,0.530807354,2.007282273,-0.003805953,-1.841895546,4.640267898,2,109
5027,108,2.871956171,-1.694808849,7.586683104,1.146250965,-4.360746996,10.732940115,5,117
5029,108,0.117343809,-0.002394667,2.249761690,0.077372501,-2.391916152,4.909187961,14,126
5030,108,2.672277073,-0.791416452,6.144490993,1.414474255,-3.429354840,9.319974237,18,130
5031,108,0.203830780,0.046484442,2.202459258,0.176931486,-2.349895758,4.888476161,10,121
5032,108,-1.854498827,-0.801077664,5.021811335,-2.626428379,-3.052479748,7.021871960,11,120
5033,108,-2.006405656,-0.856659865,4.736904256,-2.699391733,-3.092393963,6.704980317,12,120
5034,108,-1.542118899,-0.174367786,4.239625433,-2.066732557,-2.445922752,6.373034175,5,116
5035,108,-0.425720655,-0.627314942,5.610598692,-1.401286338,-3.003689100,7.978385187,30,150
5036,108,-1.362594540,-0.517176119,4.823499039,-2.078858244,-2.808324789,6.972344333,8,120
5037,108,-0.050356193,0.544975680,2.025804794,0.019220038,-1.830291283,4.666103455,2,109
5038,108,-1.503500141,-0.303316478,4.628608001,-2.144860580,-2.581561133,6.753724144,8,120
5040,108,2.325670754,-1.131474961,6.689060513,0.908315751,-3.745018328,9.740083537,23,137
5041,108,1.309999095,-0.706072848,4.921511115,0.444711244,-3.219031595,7.779166514,21,146
5042,108,-1.145669528,-0.014923184,3.357559460,-1.435340583,-2.310955016,5.635631332,8,119
5043,108,0.645242272,-1.327316236,7.856720364,-1.035274562,-3.812745219,10.406036222,40,152
5044,108,-1.659133396,-0.124067149,4.385507747,-2.214617965,-2.387578234,6.483623593,9,121
5045,108,0.239934677,0.059440654,2.422794150,0.152956957,-2.342208201,5.110703393,11,126
5047,109,-1.224876248,-0.708002799,4.863660852,-2.227760904,-3.051923810,6.923671915,13,125
5048,109,-1.125130076,-0.148032291,4.397070899,-1.950652742,-2.499134580,6.525102489,8,121
5049,109,-0.802366944,-0.073366654,3.491139729,-1.375726544,-2.445940795,5.752384837,12,124
5050,109,-0.831571192,-0.378024481,3.529283812,-1.440512015,-2.746977756,5.769815886,12,124
5051,109,0.211594586,-1.308414420,6.196852999,-1.292261947,-3.793989567,8.589662306,6,114
5052,109,-1.476495083,-0.580271039,5.555887900,-2.656088483,-2.908114387,7.519205340,14,124
5053,109,1.307627711,-1.237987410,7.148749924,-0.514650291,-3.833287160,9.816908062,23,146
5054,109,-0.833792757,0.018909401,3.510415542,-1.403390254,-2.351354956,5.765122466,11,124
5055,109,-1.263623271,-0.146401724,4.613000677,-2.144757101,-2.486821689,6.692376466,9,119
5056,109,-1.883523925,0.063604826,5.051521639,-2.844381232,-2.224937089,6.942621823,9,119
5057,109,-1.152010909,-0.576689293,4.396308924,-2.012589295,-2.923492543,6.501561730,10,121
5058,109,-1.231521988,-0.264200200,4.888541282,-2.203455585,-2.609634371,6.961265163,9,120
5060,109,0.979710747,-1.176750040,7.471524735,-0.915114912,-3.745242182,10.034484021,37,152
5061,109,-1.348506166,-0.432531578,5.686260711,-2.558928078,-2.773961634,7.685842899,9,120
5064,109,-1.310640103,-1.080567558,5.653576366,-2.568603466,-3.422405502,7.642487692,14,125
5065,109,-0.882086387,-0.125463324,3.368050743,-1.420791022,-2.489354037,5.609890507,5,114
5067,109,3.519037733,-1.200912093,7.578125627,1.474444263,-4.003234336,10.861270629,17,135
5068,109,-0.889070153,-0.319518170,4.633354396,-1.808069976,-2.693749204,6.812777459,7,126
5069,109,2.022564987,-0.755352174,5.576238341,0.660933127,-3.403616328,8.532286965,11,126
5070,109,-0.905194425,-0.463475223,4.864887733,-1.902336629,-2.837774517,7.024819480,15,128
5071,109,-1.367954654,-0.047533780,4.230619401,-2.125829171,-2.375236042,6.299864397,8,120
5073,109,-0.815948180,-0.099232984,3.338609043,-1.346994964,-2.469027702,5.601518611,5,114
5074,109,-1.493158550,-0.250673774,5.393617066,-2.597215254,-2.576878346,7.370677632,10,120
5075,109,2.363306470,-0.773925517,6.499073587,0.718845107,-3.461979309,9.512753478,27,145
5076,109,-0.754423190,-0.032805930,3.565968225,-1.348069093,-2.410649139,5.839175644,7,118
5077,109,-2.100739096,0.173470864,5.023335285,-3.034115978,-2.095350410,6.857442798,3,116
5078,109,-1.728304376,-0.272400862,5.123068728,-2.745524736,-2.574417696,7.043629818,10,120
5079,109,2.821522207,-1.075146404,7.073746086,0.964923254,-3.809312925,10.183386814,29,142
5080,109,-0.685737595,-0.197811632,3.883432784,-1.387954100,-2.584215134,6.157000078,12,124
5081,109,0.381337167,0.123186423,2.260229316,0.124354904,-2.347322229,4.918742824,13,127
5082,109,2.193630357,-1.219243279,7.414778467,0.255564998,-3.898380461,10.325488918,5,114
5083,109,-0.895425627,-0.301668545,4.079418222,-1.653218704,-2.670223362,6.281108478,13,126
5084,109,-0.831170018,-0.190862086,3.784302451,-1.497567246,-2.563029276,6.020758283,12,124
5086,109,2.679837775,-0.665181169,6.216420805,1.111383234,-3.380096676,9.336347561,20,137
5087,109,-1.082222906,-0.768405066,5.835052845,-2.376342463,-3.134219571,7.892563933,9,126
5088,109,2.201439897,-0.837730307,5.678198105,0.795208100,-3.503003606,8.678131351,22,136
5089,109,2.206898306,-0.837520385,6.493925580,0.565709851,-3.510907544,9.460888806,27,146
5091,109,2.773404982,-1.049600046,7.043541655,0.929891033,-3.779179628,10.141614582,26,139
5092,109,-1.291454690,-0.710462623,5.297196807,-2.416228913,-3.052311459,7.319742393,11,120
5093,109,2.479870145,-0.943710693,6.464594428,0.825495067,-3.641412094,9.507046432,23,139
5094,109,-1.410346467,-0.084606174,5.346871482,-2.490623039,-2.418678516,7.355434538,10,120
5095,109,0.956135430,-1.360473632,7.773679246,-1.040197610,-3.928840154,10.310624576,51,175
5096,109,-0.851128787,-0.488075824,4.734955595,-1.815470807,-2.866017375,6.914968156,7,121
5097,109,-1.945720551,-0.379339552,5.246184707,-2.997455859,-2.662105644,7.095637066,10,120
5098,109,2.688972999,-0.980921042,6.695014185,0.955488335,-3.699795651,9.786143169,23,137
5099,109,0.100586909,0.403967958,1.968549125,-0.035608204,-2.039261051,4.569105259,2,110
5100,109,2.703353549,-1.325693682,7.453665972,0.721538030,-4.051498345,10.504613751,19,142
5101,109,-0.765418400,-0.264784784,3.434512569,-1.340492039,-2.639404418,5.701955807,10,124
5102,109,2.641860117,-0.982404116,6.772740375,0.888055056,-3.697675966,9.847064787,21,139
5103,109,-1.112521649,-0.462472970,4.345431051,-1.950550936,-2.812910439,6.468152627,7,120
5104,109,-1.382138334,-0.613827765,5.228301181,-2.474676966,-2.947126726,7.231264015,16,126
5105,109,-0.784219362,-0.262113452,5.223140915,-1.872871001,-2.651711038,7.409577884,13,126
5106,109,-1.807914911,0.468908574,3.300865823,-2.233986767,-1.811958857,5.301996572,2,110
5107,109,1.570409725,-1.055409735,6.078691987,0.059478393,-3.665607233,8.873683444,20,146
5108,109,2.984264503,-1.263485647,7.490025168,0.984338787,-4.015663217,10.621892906,21,140
5109,109,3.259878144,-0.977388142,6.524998036,1.549303456,-3.747061664,9.786572515,17,133
5110,109,0.215362919,-1.099254604,5.997785934,-1.213569716,-3.584208789,8.407483046,9,118
5112,109,-0.850735103,-0.284670071,3.605696649,-1.472828103,-2.652976162,5.840813027,9,121
5113,109,-1.376212524,-0.588478267,4.917022722,-2.377295570,-2.919523999,6.935752687,7,120
5114,109,3.682134117,-1.039290233,6.446685646,1.969359176,-3.846703752,9.830040348,16,131
5115,109,-2.075331952,-0.317123647,4.949974096,-3.030560239,-2.585501036,6.777130403,5,117
5116,109,-0.789364386,-0.039380463,3.553116246,-1.378261793,-2.413870496,5.816652129,8,122
5117,109,-2.032716998,0.177078479,4.833734600,-2.914364670,-2.096228658,6.695432633,6,117
5119,109,2.766952812,-1.168169460,7.321135480,0.833759517,-3.899242529,10.401426628,18,139
5120,109,-1.458993621,-1.000750202,5.457978690,-2.647037876,-3.327494074,7.415600294,10,121
5121,109,1.108464055,-1.441395058,8.014963128,-0.971211409,-4.025641931,10.582360696,33,152
5122,109,2.457130719,-0.959695947,6.213344711,0.874738327,-3.652898683,9.259372878,24,139
5123,109,0.694028254,-1.414173713,7.797683880,-1.301706014,-3.958491791,10.256826549,57,180
5124,109,1.232043337,-1.173946189,6.846984937,-0.494463970,-3.759769201,9.508583549,13,123
5125,109,-1.913010674,-0.348567672,5.374545710,-3.000567808,-2.635663252,7.228995633,9,120
5126,109,2.845500917,-0.890855395,6.739980505,1.099535070,-3.624891967,9.877108857,20,139
5127,109,2.502515149,-0.953927334,6.528263942,0.827905408,-3.654256644,9.574129893,27,139
5128,109,-1.215812162,-0.557276465,4.728296498,-2.167324735,-2.901407842,6.801948843,12,122
5129,109,0.942986244,-1.501345830,8.192566972,-1.185274146,-4.071815029,10.703047546,35,151
5130,109,3.285730591,-0.998981267,7.173809736,1.385431550,-3.776988925,10.414538750,21,135
5131,109,-1.652541800,-0.072658686,5.041046417,-2.632637888,-2.381710878,6.993777975,8,119
5132,109,-1.790398143,-0.125279604,5.241568920,-2.826322607,-2.423333002,7.144564031,10,119
5133,109,2.505222961,-0.999178432,6.478713940,0.840891692,-3.699100971,9.525854231,24,139
5134,109,2.589785395,-0.801582329,6.974806079,0.795639433,-3.514733199,10.032078680,27,145
5135,109,3.474498223,-1.073866942,7.318097019,1.517601911,-3.870218138,10.604009626,23,137
5136,109,-1.884336717,-0.672003414,5.029122923,-2.901372040,-2.957128042,6.894974128,9,120
5137,109,-1.387069304,-0.146909054,4.636725891,-2.269383674,-2.476224273,6.679807521,10,120
5138,109,-1.041779338,-0.034246284,3.870876671,-1.710040344,-2.388568887,6.049018603,7,121
5139,109,-1.199496694,-0.311037138,4.631316370,-2.102880335,-2.656809149,6.722428120,8,121
5141,109,2.265010503,-1.087331490,6.467222231,0.607548077,-3.764736021,9.443102529,18,137
5143,109,-1.039326686,-0.796447851,5.364130960,-2.202305777,-3.161683285,7.452847113,10,128
5144,109,3.229432154,-1.640029286,7.729935344,1.117098703,-4.415331368,10.908405308,7,117
5145,109,-1.380595458,-0.548412444,5.495557871,-2.544535243,-2.884625609,7.489955172,12,124
5147,109,2.521146785,-0.919486837,6.241939542,0.931000968,-3.619000047,9.306467371,27,137
5148,109,1.930376754,-0.582778588,5.415901219,0.633830446,-3.221825029,8.358489169,22,146
5151,109,0.176258835,0.477512880,2.008548828,0.031330985,-1.973344261,4.631628807,2,110
5152,109,-1.435931058,-0.463759231,5.370146491,-2.554022810,-2.794086639,7.357030793,10,120
5153,110,2.838542543,-1.757818039,7.183803218,0.862925644,-4.638771083,10.210973856,2,115
5155,110,0.364611912,-1.177078536,6.330242995,-1.215191525,-3.751383060,8.768709069,5,115
5156,110,3.815852050,-1.152971787,7.924725720,1.672924152,-4.165965443,11.206110158,13,134
5157,110,3.778191638,-0.757400911,6.358349862,2.095020540,-3.750778085,9.702487183,11,132
5160,110,-1.023789679,-0.542621925,4.046538642,-1.870433639,-2.926408295,6.231865726,11,121
5161,110,1.075340450,-2.318955599,8.588319302,-1.260352842,-4.997169295,11.082559540,4,113
5162,110,-0.764392383,0.014783005,3.413346687,-1.391276880,-2.397491900,5.712659105,8,121
5164,110,-1.907778346,-0.229231583,5.278118987,-3.005914966,-2.521898434,7.203201684,10,120
5165,110,3.191167607,-1.179476148,7.257131097,1.247534671,-4.108544388,10.398420659,7,117
5166,110,-1.910550126,-0.758182334,5.107420936,-3.024108511,-3.044580016,7.015033240,11,120
5167,110,-1.213394812,-0.653125581,4.866024901,-2.280704640,-3.022415642,6.968193905,10,120
5168,110,3.544494683,-0.790976514,7.163074446,1.655212632,-3.764897001,10.416414984,16,130
5169,110,2.294377884,-1.069791154,7.698834132,0.284691809,-3.895575375,10.595757932,26,146
5170,110,-1.376688420,-0.555857573,5.060649639,-2.477281939,-2.908233438,7.117607580,11,120
5171,110,2.755464179,-0.770173561,6.697841730,1.024480607,-3.642840229,9.763174877,23,139
5172,110,2.415614792,-1.045350201,6.856883560,0.625550738,-3.876402866,9.816255450,25,140
5173,110,-1.374602109,-0.441319734,5.265271527,-2.516114037,-2.797160740,7.320458043,13,124
5174,110,0.963043902,-1.394383541,8.011390214,-1.110022695,-4.059234806,10.536692412,33,152
5175,110,-1.907234572,-0.741396235,5.137543507,-3.026952087,-3.028669733,7.045674915,11,120
5176,110,2.683060859,-0.914945289,6.755152974,0.923455899,-3.778368937,9.793368429,22,136
5177,110,-1.079809608,-0.263438109,4.532164979,-2.020151374,-2.648080238,6.697733591,8,120
5178,110,2.820754472,-0.799664350,6.558189517,1.120454304,-3.678453852,9.644195933,25,137
5179,110,-1.975575624,-0.591438097,5.200233324,-3.091773845,-2.872237083,7.094816769,8,120
5180,110,-2.013146128,-0.600823846,4.999293004,-3.075865706,-2.874669066,6.890812690,8,120
5181,110,2.718809801,-1.083268465,7.824146658,0.656645937,-3.962065725,10.826531586,23,139
5182,110,-1.913553818,-0.712042662,5.151312368,-3.033274947,-2.998925342,7.058576052,9,120
5183,110,-1.727350839,-0.526121566,5.164741405,-2.837188680,-2.837224033,7.128012391,10,120
5184,110,-1.871348229,-0.664586815,5.045419227,-2.959505118,-2.955747270,6.969467170,10,120
5185,110,-0.751713028,-0.249035428,5.101778220,-1.854396399,-2.680276909,7.333188316,10,128
5186,110,-1.346034821,-0.738323800,4.785924394,-2.396385574,-3.089905123,6.852732695,11,120
5187,110,4.277862846,-1.052525508,7.317038202,2.287129189,-4.115539021,10.744550955,11,128
5188,110,0.891603277,-1.371667280,8.173594889,-1.218607441,-4.029855236,10.675531678,47,175
5189,110,-2.053426091,-0.620342847,5.125062134,-3.149833278,-2.890582827,7.000798560,7,120
5190,110,-1.726922524,-0.619093369,4.943950435,-2.789217756,-2.927012905,6.911149896,11,121
5191,110,-2.051781181,-0.790122053,5.276298565,-3.207553864,-3.061025972,7.139786368,9,120
5192,110,-1.782309439,-0.731602652,4.875690463,-2.837150943,-3.031150015,6.826042055,6,119
5193,110,4.114522633,-1.291342570,8.325641017,1.837479367,-4.344267707,11.664600670,4,113
5194,110,3.580045043,-1.110328878,7.494432602,1.565369481,-4.089988530,10.731520829,5,114
5195,110,3.001782488,-0.949208449,7.244640808,1.095783011,-3.856804012,10.346999251,17,139
5196,110,1.736992132,-0.685309025,5.611804663,0.344961000,-3.422134317,8.454165399,21,146
5197,110,0.604719471,-1.073313822,7.524410029,-1.288120085,-3.691353045,9.987532881,34,151
5198,110,-2.073955577,0.206616801,4.862652676,-3.005685574,-2.064315026,6.777986075,5,117
5199,110,-2.018253796,-0.156322119,5.012300579,-3.033316536,-2.433031217,6.921187831,5,120
5201,110,-0.785423606,-0.330650196,3.467014734,-1.465100405,-2.738388627,5.744062555,12,124
5202,110,-1.468646242,-0.672028578,5.435416582,-2.677444724,-3.016643462,7.450149804,16,125
5203,110,-0.806415674,-0.186178286,4.021522719,-1.614841903,-2.598817557,6.279683041,12,128
5204,110,-1.598601465,-0.382533838,5.097351679,-2.679673451,-2.709614693,7.102713751,10,121
5205,110,1.503560760,-0.566785217,5.280213288,0.222347956,-3.272269521,8.078669030,23,146
5206,110,-1.405076238,-0.511491928,5.298597940,-2.562118337,-2.863479034,7.341646419,11,120
5207,110,0.114711373,0.160512911,2.236503368,-0.222359946,-2.346361775,4.812637035,13,127
5208,110,1.366296444,-0.781561161,7.312141637,-0.469323911,-3.492072023,9.993605035,24,146
5209,110,2.864224589,-0.821894197,6.976720369,1.049221709,-3.710618933,10.058252954,23,137
5210,110,1.038245529,-1.273647757,8.282625880,-1.095673678,-3.951677902,10.823095658,29,153
5211,110,3.493264654,-1.118723140,7.402822565,1.505437376,-4.086701610,10.620205792,17,135
5212,110,2.289499781,-0.641383754,6.426359932,0.664472937,-3.455166601,9.385570471,23,145
5213,110,3.550807449,-1.073120781,7.080724292,1.650677190,-4.044745833,10.326465847,5,114
5214,110,-0.883829332,-0.205633644,3.617866060,-1.584812516,-2.604063149,5.869340742,9,120
5215,110,2.718856101,-0.811415885,6.427409282,1.055982985,-3.676208275,9.491018740,24,137
5216,110,-0.854506485,0.018585106,3.394240257,-1.472118293,-2.382527473,5.670936271,7,119
5217,110,2.504340523,-0.848387526,6.803068031,0.747260789,-3.691102344,9.795932012,30,145
5218,110,-1.521561389,-0.692193202,5.100653260,-2.642191703,-3.026367367,7.112606064,13,122
5219,110,2.953492572,-1.198889712,7.636848420,0.917569465,-4.103239165,10.701976866,15,130
5220,110,-0.791618510,0.410598709,3.638478000,-1.431400952,-2.003919426,5.939785079,10,121
5221,110,3.048449833,-1.105571797,7.572550246,1.036149989,-4.021443706,10.668697263,25,142
5222,110,-1.585884441,-0.329238421,5.291815523,-2.712654360,-2.660502300,7.295893832,11,120
5223,110,-0.706199080,-0.101772126,3.285920555,-1.315287542,-2.518792842,5.599873113,9,122
5224,110,3.539374880,-0.935976149,7.743723087,1.480655147,-3.914857652,10.968905199,20,137
5225,110,3.055166424,-0.889778841,6.951689796,1.230938585,-3.800953384,10.080887063,20,137
5226,110,-1.281067706,-0.613750563,4.920706497,-2.355430935,-2.975725439,7.005019104,12,121
5227,110,-0.964598945,-0.233302903,4.258758331,-1.834281436,-2.629056077,6.465304527,9,120
5228,110,-0.837988827,-0.211043945,3.315545586,-1.461832874,-2.611539691,5.589432897,9,120
5229,110,-0.775640229,-0.066150965,4.454683138,-1.685809696,-2.488415753,6.710677993,8,128
5230,110,-1.457160854,-0.269175207,4.564919905,-2.390876395,-2.608208571,6.630853308,9,120
5231,110,-2.049798558,0.132658332,5.222702696,-3.085921020,-2.144797080,7.128377779,4,119
5232,110,-0.837117623,-0.233212803,5.499845555,-2.039318606,-2.658749604,7.695600038,15,129
5233,110,-0.757990235,0.332560239,3.480432590,-1.366461232,-2.083650162,5.792730471,9,120
5234,110,-0.027047303,-0.664341504,6.443465783,-1.561496543,-3.196111457,8.798066968,26,150
5235,110,3.226261903,-1.270116010,8.013261601,1.071458973,-4.211465881,11.132985188,24,143
5236,110,-1.938126055,-0.277516435,5.182864476,-3.015399293,-2.565031439,7.101341861,10,120
5237,110,-1.590210703,-0.496597816,5.055418522,-2.673636854,-2.823362235,7.059534568,11,120
5238,110,2.387620257,-0.795302461,6.284906308,0.778126934,-3.618250573,9.268037026,23,136
5239,110,0.978194227,-2.121665841,8.616789138,-1.338327548,-4.789860032,11.093235859,4,114
5240,110,-1.039759673,-0.184913390,4.110702816,-1.861706420,-2.570177603,6.305016314,10,120
5241,110,3.961615160,-0.767133195,7.000778580,2.100248603,-3.790151557,10.369477408,18,133
5242,110,1.008949729,-0.944549224,7.643863282,-0.917692364,-3.614142233,10.213526901,30,152
5243,110,0.898435048,-1.517803623,8.424463942,-1.294917422,-4.178609417,10.912990656,30,150
5244,110,3.914381812,-0.864259228,6.842458458,2.085625490,-3.878978620,10.200286291,16,131
5245,110,-0.777842775,-0.092938438,3.431499532,-1.421273012,-2.502975866,5.722024637,8,119
5246,110,-0.749211774,-0.280802426,5.636013290,-1.996460932,-2.718249286,7.847773854,14,127
5247,110,-0.978081836,-0.394310552,4.078829474,-1.818192455,-2.785146046,6.281302594,10,121
5248,110,-1.173498831,-0.684273368,4.963835058,-2.271838990,-3.059310947,7.071580739,15,125
5249,110,1.105590658,-1.185009690,7.970999786,-0.938880331,-3.868323193,10.543863255,52,175
5250,110,-0.824614129,-0.117465297,4.571578295,-1.769404058,-2.534725746,6.808470877,12,129
5251,110,-0.811167071,-0.038961268,3.624425323,-1.497869723,-2.447563680,5.901765668,10,120
5252,110,-0.766790419,-0.215822374,3.393083538,-1.414623601,-2.625841631,5.682550671,11,121
5253,110,-1.210843729,-0.167846908,4.558932576,-2.141774552,-2.537560846,6.693563511,9,123
5254,110,-0.884619247,-0.458986701,4.235277739,-1.777313828,-2.862513594,6.453748295,10,122
5255,111,2.830606814,-1.204161723,7.619738654,0.919300339,-4.022581079,10.595125484,20,140
5256,111,0.870231972,-1.524815729,8.515686584,-1.211951210,-4.219131446,11.004693543,32,153
5257,111,-1.363246075,-0.434055142,5.367064829,-2.578765114,-2.923158485,7.462903651,13,124
5258,111,-1.033036500,-0.233366121,4.193104493,-1.972960614,-2.727165578,6.403618512,9,120
5259,111,-1.252983019,-0.196858767,4.905270968,-2.349287495,-2.686841904,7.046768904,9,120
5260,111,-0.660124019,0.037698083,4.235711925,-1.603388809,-2.483711063,6.539638710,5,121
5261,111,-0.665419749,0.055961490,4.002637506,-1.553278253,-2.461343323,6.312319775,6,121
5262,111,-0.888529814,0.132165580,3.852854995,-1.730149614,-2.367226093,6.117695948,10,123
5263,111,-1.376244865,-0.130934529,5.179168141,-2.528201487,-2.616866852,7.286878097,9,120
5264,111,-1.502400548,-0.806353588,5.808156179,-2.840212682,-3.291858611,7.847919321,15,125
5265,111,-0.723571194,-0.258819890,5.583051842,-1.996696852,-2.796845980,7.825923519,9,125
5266,111,-1.795916390,0.044772847,5.290588634,-2.950014163,-2.413924821,7.304210008,10,121
5267,111,-0.724176352,0.094017393,3.415078047,-1.471540337,-2.409728274,5.728554833,6,119
5268,111,-0.599053186,-0.135661488,3.327730699,-1.344680122,-2.646187372,5.665062036,11,124
5269,111,-1.715538910,0.236409330,5.184115129,-2.834916541,-2.226710819,7.225310431,6,118
5270,111,-1.499329793,-0.011472688,5.567213111,-2.729964415,-2.495357205,7.639762010,8,120
5271,111,-1.321856775,-0.047676480,5.082042738,-2.447501404,-2.536073689,7.207611003,8,124
5272,111,-1.492562788,-0.134523255,5.444353705,-2.702847499,-2.616570487,7.517886331,10,120
5273,111,-1.420623516,-0.727387629,5.495470643,-2.683200108,-3.213775911,7.565172979,13,124
5274,111,-0.674340258,-0.085115906,3.572790753,-1.471335343,-2.594455484,5.887682106,8,123
5275,111,-1.556304851,-0.178624183,5.770543336,-2.843235353,-2.661365683,7.819037886,10,120
5276,111,-0.995783354,-0.006755927,4.145128049,-1.911028365,-2.502986337,6.372800002,9,123
5277,111,-1.536860745,-0.063002802,5.721811287,-2.805585825,-2.546622019,7.779825718,10,120
5279,111,4.097727378,-0.731627952,6.797421453,2.370434852,-3.627010882,10.102356662,12,132
5280,111,3.875616557,-0.733021204,7.799066876,1.922402721,-3.629031300,11.025336532,15,130
5281,111,1.938296559,-0.938620967,6.436629353,0.344877950,-3.675824426,9.247432697,30,145
5282,111,-1.117622072,-0.210231960,4.276479228,-2.072903465,-2.699498107,6.465965865,9,120
5283,111,2.018799405,-0.945943834,7.115237789,0.265110402,-3.699791585,9.925744171,22,146
5284,111,1.563404658,-0.892583597,6.974567073,-0.140799605,-3.612278844,9.685747241,23,146
5285,111,-1.862078419,0.030790434,5.258657127,-3.007725016,-2.422702365,7.257466503,10,120
5286,111,2.957560359,-0.542570041,6.507734005,1.343245525,-3.353603873,9.564050765,15,128
5287,111,2.492751838,-1.011168357,7.309980106,0.675721287,-3.801319003,10.222224529,29,145
5288,111,-1.404473602,-0.687569866,5.539707259,-2.675214399,-3.175914454,7.613192669,13,126
5289,111,1.954750864,-1.134744172,7.340673046,0.138446948,-3.887253768,10.124196023,24,146
5290,111,1.422234336,-0.905636383,7.191046559,-0.328879108,-3.618885126,9.863357095,28,150
5291,111,0.534967790,0.244433076,2.168811330,0.049384825,-2.328001257,4.811299730,11,126
5292,111,-1.129967835,0.133106463,4.578824240,-2.132836175,-2.361089394,6.768180708,6,119
5293,111,0.581168807,-1.331217739,8.129763275,-1.390466151,-3.999460833,10.568973755,56,177
5294,111,1.582437711,-1.389748988,8.098729059,-0.415248257,-4.127716892,10.767540849,28,148
5295,111,-0.605056654,-0.257782332,3.990236866,-1.512091846,-2.778311650,6.304108555,10,125
5296,111,-1.322311221,-0.585089882,5.002265943,-2.464167855,-3.070761305,7.112694773,8,120
5297,111,0.486461800,0.196877902,2.373319452,-0.048210153,-2.375339405,4.997504503,8,126
5298,111,-0.811310378,-0.206964009,3.497603072,-1.594706792,-2.705139026,5.779102180,11,121
5299,111,-1.392038688,-0.614273936,5.496080061,-2.648287489,-3.102976066,7.575974581,14,124
5300,111,1.929860321,-1.107680537,7.575529788,0.061554481,-3.862319626,10.347748043,28,145
5301,111,-1.440423916,-0.104373292,5.369377336,-2.632901036,-2.588948127,7.457941060,9,119
5302,111,-1.394798565,-0.007905990,5.327046694,-2.572563736,-2.495252763,7.430371413,10,121
5303,111,-0.617342532,0.094009843,3.363206875,-1.355817759,-2.416404128,5.702712976,9,121
5304,111,-0.628117862,-0.019039313,3.359378501,-1.372694093,-2.528339258,5.692884868,6,119
5305,111,-1.180041296,-0.079910727,4.658614970,-2.213713411,-2.571325807,6.827423926,10,120
5306,111,-1.215413912,0.040685625,4.868766434,-2.289003244,-2.451965197,7.027530962,9,120
5307,111,-1.003540084,-0.288904325,4.163267579,-1.940999912,-2.784148578,6.379613860,9,120
5308,111,-0.662640969,-0.053779365,3.319858768,-1.399278350,-2.559921249,5.645383494,8,120
5309,111,0.496060735,-1.021034566,7.081382375,-1.209812563,-3.667102261,9.539672264,49,175
5310,111,2.030064925,-0.563569159,6.468073817,0.450890088,-3.308710196,9.311171338,20,146
5311,111,-0.522886008,-0.112761781,5.252923511,-1.715893043,-2.659921282,7.555751208,7,122
5312,111,2.361364573,-1.004325135,7.125415310,0.591459581,-3.782265206,10.012676146,28,145
5313,111,-1.400544683,-0.002489767,5.221902477,-2.553398674,-2.487741668,7.326959887,11,121
5314,111,-0.898880780,0.071775108,3.922035244,-1.760147798,-2.427853513,6.180660092,5,120
5315,111,-1.464703919,-0.829638538,5.513015197,-2.736661682,-3.312946464,7.568806589,12,122
5316,111,-1.332391475,-0.950511742,5.566076935,-2.628364759,-3.443665659,7.647016120,12,124
5318,111,-1.471442481,-0.160993148,5.606727653,-2.721728033,-2.647089144,7.679825081,9,119
5319,111,1.992095916,-0.762602340,6.545729805,0.383160070,-3.505815253,9.371574538,24,146
5320,111,-1.427134520,-0.530466220,5.392984998,-2.653017379,-3.015247911,7.470307928,9,120
5321,111,3.086167686,-1.095887519,7.845492735,1.121965753,-3.936213651,10.877024340,25,141
5322,111,-1.859919573,0.140556571,5.141898147,-2.971449136,-2.311480520,7.147923421,6,120
5323,111,2.033137952,-1.177498827,7.623920202,0.146054409,-3.940000272,10.416362723,14,136
5324,111,3.940339730,-0.778262827,6.973838644,2.173738832,-3.665322148,10.236191005,13,128
5326,111,-0.904428566,0.076128175,3.830141740,-1.743932938,-2.421631626,6.090147608,9,120
5327,111,-0.779284787,-0.119061005,3.893567207,-1.649800915,-2.626137348,6.174404021,13,124
5328,111,-0.783883042,-0.157361107,3.502973252,-1.566126674,-2.657680347,5.792232148,10,120
5329,111,2.361275541,-0.745035421,6.279098589,0.804464741,-3.509920397,9.197850850,24,139
5330,111,-1.176627890,-0.100660455,4.573244706,-2.191936761,-2.590876994,6.744515464,8,120
5331,111,4.013650305,-0.761851972,6.941717251,2.253404193,-3.653586251,10.222362068,15,135
5332,111,-1.160208181,-0.176407706,4.405866573,-2.142066319,-2.664866761,6.583080815,9,120
5333,111,0.520125989,0.190091818,2.331317732,-0.006231466,-2.383792987,4.964190846,11,126
5334,111,2.095700919,-0.745442944,5.783833193,0.661574551,-3.483627737,8.654979827,13,126
5335,111,1.586456000,-1.004640044,7.844678717,-0.327522798,-3.739773901,10.533722326,17,146
5336,111,3.072815289,-1.194364960,7.954768107,1.077291425,-4.035268041,10.977072487,26,142
5337,111,0.523327235,0.187139783,2.178812857,0.032063829,-2.384489242,4.816509821,13,127
5338,111,-0.582213036,-0.075862413,5.351305975,-1.793912673,-2.620543298,7.638953855,10,122
5339,111,-0.682704063,-0.127418134,5.284818217,-1.879353957,-2.663822842,7.549490292,8,124
5340,111,-1.937569905,0.355971254,4.924604168,-2.982482911,-2.087645146,6.925604474,6,120
5342,111,-0.787981815,0.018194753,4.027700808,-1.680488445,-2.490803049,6.307255469,4,115
5343,111,2.818793319,-1.263054789,7.560193891,0.917841890,-4.079524709,10.532604875,25,142
5344,111,-0.640410554,0.292022048,3.354194858,-1.363318878,-2.217140181,5.694980180,7,120
5345,111,-1.170171828,-0.689917685,5.346016599,-2.403026359,-3.191584548,7.478704661,11,125
5346,111,2.764250036,-1.169736278,7.594214885,0.863042514,-3.983167105,10.556120460,25,144
5347,111,3.815681052,-0.981461736,7.025283388,2.027681877,-3.860063486,10.251000508,21,135
5348,111,1.320157045,-1.196578267,7.573390007,-0.535453981,-3.908094166,10.202382785,14,126
5349,111,4.086375533,-0.952949416,7.644434296,2.148617884,-3.860693454,10.916440503,16,126
5350,111,-1.833779640,-0.313618731,5.262386103,-3.003382982,-2.768263865,7.256574486,8,120
5351,111,-2.086874606,-0.526664155,4.629253649,-3.115920102,-2.952696594,6.575676488,4,117
5352,111,0.318370400,0.205213252,2.123553150,-0.152873484,-2.351160038,4.716135799,8,126
5353,111,0.473983001,0.240981635,2.434504539,-0.071665420,-2.331465637,5.055551187,6,126
5354,111,3.859943160,-1.124506712,7.097853073,2.044561300,-4.007023862,10.327191660,14,131
5355,111,0.945546075,-0.733264606,7.632759090,-0.882869319,-3.420618428,10.188685930,31,152
5356,111,2.490455594,-1.654562662,8.086202146,0.451837752,-4.455463326,10.956018456,7,123
5357,111,3.304344608,-1.045557415,7.622176020,1.388780864,-3.897729194,10.711696524,24,139
5358,111,3.839547690,-0.653066451,6.850467642,2.112624847,-3.531366481,10.096998577,18,133
5359,111,-1.173322751,-0.124278591,4.658398879,-2.210009917,-2.616046830,6.827339457,9,120
5360,111,1.007755159,-1.268797004,8.101805628,-0.965914405,-3.966734689,10.642040225,58,176
5361,111,1.158184712,-0.899520079,8.169970941,-0.811859461,-3.610099159,10.754819569,32,152
5362,111,-1.428027687,-0.564780087,5.549909795,-2.692506343,-3.051954382,7.621625104,13,124
5363,111,-0.866404846,-0.279013886,5.298186749,-2.070547163,-2.802327849,7.515321763,12,128
5364,111,-0.973790547,-0.161252673,4.113648798,-1.892365032,-2.658115988,6.342298482,9,119
5365,111,0.321791750,0.209906623,2.391353096,-0.211375430,-2.351062187,4.977532159,15,127
5366,111,-1.394891478,-0.347019285,5.345248013,-2.598792935,-2.833771192,7.437185107,9,120
5367,111,0.455208212,0.151712912,2.224683333,-0.046981356,-2.415779497,4.844297298,10,123
5368,111,-0.690617704,0.112741522,3.459491679,-1.448062567,-2.394132049,5.780080541,7,121
5369,111,2.625967153,-0.935205809,6.544274305,0.987558707,-3.722501114,9.510629725,22,136
5370,111,3.157750614,-1.099047657,7.749580118,1.213488151,-3.942841843,10.800127981,24,139
5371,111,-1.723122922,-0.621335901,5.355397646,-2.937447803,-3.084465876,7.362662909,9,120
5372,111,2.319510276,-0.767213306,6.610347197,0.685650151,-3.534476486,9.509687230,30,145
5373,111,-1.965874855,-0.509562658,4.985810451,-3.080092477,-2.949927026,6.950876255,8,120
5374,111,0.886966320,-1.241793007,7.858257888,-1.024903392,-3.927361119,10.378213232,32,151
5375,111,0.977523315,-0.691665240,7.469390571,-0.811245387,-3.378725886,10.038494880,32,152
5376,111,2.333393449,-1.552649618,8.182946794,0.283541106,-4.344344552,11.017199906,5,115
5377,111,2.262819882,-1.420121376,8.216487337,0.215828769,-4.207744789,11.037812408,4,114
5378,112,1.911863826,-2.276395946,8.514928760,0.194960964,-5.607446943,11.015716215,2,113
5379,112,-0.430308439,0.437219395,3.312791371,-1.287933169,-2.507522644,5.714470429,4,117
5380,112,-0.682456994,0.289783806,3.449295846,-1.546337640,-2.689427819,5.778402073,10,121
5381,112,2.355952847,-0.682218650,7.166883062,0.741842842,-3.837915364,9.954810134,25,142
5382,112,-1.774299600,0.683400084,5.065023103,-2.982970833,-2.573595385,7.149641125,9,120
5383,112,-1.028947018,0.634237697,4.615760581,-2.159858867,-2.510775326,6.869740146,9,120
5384,112,-1.863986754,0.330619439,4.952547639,-3.010764860,-2.917068510,6.987152961,8,120
5385,112,2.496667559,-0.763540412,7.401315537,0.838677901,-3.934238882,10.205244148,25,142
5386,112,2.179093815,-0.503277021,6.191812524,0.752833574,-3.562325089,8.986310788,16,130
5387,112,1.967464326,-2.199883497,8.297476520,0.286129805,-5.502140250,10.823805325,2,113
5388,112,3.076584954,-0.236566355,7.860018033,1.254049647,-3.419052575,10.826905795,24,140
5389,112,-1.565825948,0.973845517,4.974860843,-2.791326324,-2.258942239,7.134984189,7,119
5391,112,-0.667048093,0.305125421,3.218733952,-1.485284392,-2.646387366,5.559195307,3,114
5392,112,-1.141950754,0.536059554,4.547196354,-2.245563512,-2.609104767,6.769261888,8,120
5393,112,-0.601274911,0.327784425,3.306946643,-1.441838706,-2.628875248,5.661307103,6,119
5394,112,-0.744645457,0.360345263,3.628659803,-1.651153624,-2.645248376,5.945971580,8,120
5395,112,-0.571472961,0.425110853,3.540153528,-1.471019846,-2.557053086,5.903662377,9,124
5396,112,-1.260969832,0.213478296,4.778751665,-2.376079305,-2.964742553,6.937575475,10,121
5397,112,-1.337249250,0.498476329,4.955224544,-2.516033957,-2.709045829,7.119830752,7,120
5398,112,1.910269177,-2.188200807,8.212907023,0.246750677,-5.485385481,10.730379782,2,113
5399,112,-0.895922225,0.131879994,4.076951615,-1.867503025,-2.935305874,6.326899621,9,124
5400,112,1.658173418,-0.310693432,5.188046994,0.433573923,-3.297440098,7.916777733,20,146
5401,112,-0.543592749,0.411245066,3.898189832,-1.516440815,-2.609886058,6.256231765,8,124
5402,112,-0.666021447,0.303235796,3.701862126,-1.583909407,-2.703952952,6.028638345,8,125
5403,112,-0.458234484,0.419013629,3.451163931,-1.341824602,-2.543757026,5.841123745,7,120
5404,112,0.467751978,-0.592406188,7.966228627,-1.269785872,-3.992332761,10.331409809,35,152
5405,112,3.760928031,-0.791537831,7.287864295,2.095141299,-3.847720357,10.365942181,16,132
5406,112,4.089617588,-0.890848271,7.688471849,2.342393796,-3.966001086,10.816787690,8,126
5407,112,2.511693790,-0.299828877,7.373423783,0.811432543,-3.470702122,10.225822971,25,145
5408,112,-1.647821321,0.141047383,5.515506674,-2.897272445,-3.152461328,7.562737556,7,120
5409,112,4.089485869,-0.820300539,7.966654654,2.277544787,-3.928279278,11.093797335,14,128
5410,112,1.941587059,-2.221892900,8.305359404,0.261582735,-5.526911714,10.823755324,2,113
5411,112,-1.158171445,0.567093792,4.475663276,-2.249754832,-2.571417388,6.699223967,8,121
5412,112,1.490815161,-0.437815731,7.331482048,-0.159062014,-3.684148950,9.950916766,24,146
5413,112,-0.978066929,0.729412530,4.650945989,-2.127396830,-2.416535736,6.924055530,9,120
5414,112,-1.243593934,0.091868205,4.930472794,-2.378028185,-3.101273111,7.077095530,11,124
5415,112,3.858533230,-0.593896066,6.854735123,2.259300541,-3.594225027,9.985177448,14,132
5416,112,2.377963285,-0.746762309,7.500152975,0.701032642,-3.938534135,10.277191226,22,143
5417,112,-1.390816735,-0.044572695,5.230622834,-2.569277779,-3.282791329,7.323784502,11,124
5418,112,4.098552676,-0.659879211,7.354541144,2.396357158,-3.698054831,10.516406234,15,133
5419,112,3.607051443,-0.493958883,8.091446653,1.748825306,-3.658174563,11.141901888,23,138
5420,112,3.020555372,-0.485912470,7.605081681,1.277814582,-3.640976945,10.543197944,30,145
5421,112,3.805331114,-0.645428220,7.703996941,2.037362805,-3.747549189,10.793859713,10,135
5422,112,-0.463292134,0.463911240,3.352287024,-1.330928574,-2.488293840,5.748262937,8,124
5423,112,-0.471416044,0.543807010,3.396904430,-1.356257850,-2.414991068,5.797509016,9,124
5424,112,3.083196397,-0.482264114,7.539668352,1.351905581,-3.624801565,10.493549249,19,137
5425,112,1.024930022,-1.852932217,6.971789877,-0.392711659,-5.080981306,9.365041948,2,113
5426,112,0.900002225,-0.579498052,8.160428896,-0.890647844,-3.967392968,10.614875863,33,150
5428,112,1.306535767,-2.446821499,8.502560152,-0.373973727,-5.823181148,10.856367598,2,113
5429,112,-1.188573867,0.116596477,5.116464683,-2.365459954,-3.093861029,7.272079577,9,124
5430,112,2.706418171,-2.388766038,7.660089428,1.156234645,-5.556448286,10.346353850,2,113
5431,112,1.221741117,-2.461020446,8.393458082,-0.432480679,-5.831427125,10.730653856,2,113
5432,112,-1.767026236,-1.576616559,5.717892093,-2.878650416,-4.885999020,7.569012953,2,113
5433,112,2.365602144,-0.575683222,7.255936338,0.721890197,-3.741945264,10.053628270,23,139
5434,112,-0.798411316,0.329126028,3.789777203,-1.733550273,-2.699060274,6.087884569,8,120
5435,112,3.966058692,-0.516952878,7.099547098,2.305441657,-3.537705976,10.253676008,11,131
5436,112,2.684568167,-0.477766087,6.931212651,1.089282949,-3.581992484,9.816541291,21,139
5437,112,2.108525890,-2.694805684,8.721416922,0.386630324,-6.029814825,11.218812905,2,113
5438,112,-0.973346965,0.338109950,5.286020338,-2.213824012,-2.876900494,7.504619091,11,126
5439,112,3.889072916,-0.725804166,7.397332488,2.190459912,-3.785024807,10.506330718,10,128
5440,112,-1.802005621,0.994115715,4.847216481,-2.996843000,-2.243030845,6.961794912,5,120
5441,112,-1.534229214,-0.266712667,5.822996588,-2.808393224,-3.582591258,7.847008906,12,125
5442,112,-1.159406435,0.552135383,4.742432475,-2.304536686,-2.617124634,6.956713541,6,120
5443,112,-0.484595986,0.451132635,3.337829930,-1.347358133,-2.500981007,5.728381794,12,124
5444,112,-1.789817740,-1.396929837,5.691842826,-2.913900977,-4.706909546,7.555986302,2,113
5445,112,-0.613756146,0.579296132,3.541983098,-1.528376836,-2.407990173,5.911060963,9,124
5447,113,-1.659996987,0.600678935,5.235490219,-2.584460899,-2.677828731,7.439257364,7,119
5448,113,-0.775227148,0.353870464,3.515581004,-1.461299552,-2.647959742,5.845696499,7,122
5449,113,-1.105732855,0.447220047,4.511434269,-1.927288648,-2.698334066,6.789088508,9,125
5450,113,-2.189453571,0.777041537,4.760787952,-3.062413574,-2.495572712,6.914744001,6,119
5451,113,-2.120526609,0.960125929,4.784725152,-3.016370749,-2.311080456,6.966575225,4,120
5452,113,3.462112748,-0.529254286,7.208275378,2.323584044,-3.571605181,9.992078746,10,129
5457,113,-1.535167537,0.530292595,4.800304259,-2.397115669,-2.686820154,7.021233002,8,120
5458,113,-1.054160475,0.165701583,3.830554122,-1.758314837,-2.894626638,6.097404182,8,121
5459,114,1.264311822,-0.884808521,8.118403258,0.439539453,-3.696577266,10.463992714,20,145
5460,114,0.254420500,-1.621219362,9.098188784,-0.662244756,-4.440226585,11.333025701,4,119
5461,114,-1.997591362,0.177408557,5.528236041,-2.571777800,-2.501792998,7.638794904,5,120
5462,114,0.384949545,0.255856556,2.589512828,0.053370791,-2.388137313,4.915850423,10,126
5463,114,0.152743597,0.268611791,3.121354910,-0.223043771,-2.385557456,5.426268519,8,126
5464,114,2.951989433,-0.759338185,7.035566386,2.215163194,-3.573605840,9.532020304,11,131
5465,114,1.531393049,-0.939274879,7.330533846,0.771809404,-3.734485689,9.700319480,19,139
5466,114,2.891698712,-0.835246897,7.281638978,2.132878776,-3.655074531,9.769803716,8,128
5467,114,2.075079131,-0.175057415,4.751853725,1.545787381,-2.910308020,7.200138824,9,135
5468,114,1.428698666,-0.043684794,4.714332635,0.907227234,-2.765672364,7.111845168,10,137
5469,114,1.427429246,-0.223226956,5.827374431,0.808177314,-2.975623091,8.215117049,19,144
5470,114,1.526920253,0.117818103,3.124084727,1.143206918,-2.562506127,5.540967660,9,131
5471,114,1.149532712,0.095413749,4.461323922,0.652977876,-2.614395587,6.840242436,18,146
5472,114,2.219502393,-0.530475711,5.182266637,1.647093116,-3.280084963,7.630763577,8,126
5473,114,1.729981539,0.123772961,3.365301747,1.325056844,-2.567037901,5.798581837,8,128
5474,114,1.392742732,0.420700320,3.441472677,0.987543980,-2.265944648,5.854490696,9,132
5475,114,1.524019186,0.616442615,3.350238572,1.129352925,-2.070308278,5.780403927,8,128
5476,114,2.335515744,-0.907530027,8.004606615,1.516016161,-3.736560063,10.440689079,23,139
5477,114,1.632065264,0.604139296,3.592553061,1.216148784,-2.091309072,6.030538059,11,133
5478,114,1.543951530,0.389574450,3.195502063,1.158613639,-2.293184718,5.621407849,5,118
5479,114,2.296114197,0.214636634,4.120317657,1.826261271,-2.507715539,6.601131771,7,125
5480,114,2.075785616,-0.098143269,4.401386162,1.577620375,-2.823836224,6.853363555,10,131
5481,114,1.493204801,0.901121088,3.353565642,1.103108752,-1.785293127,5.789350182,7,121
5482,114,3.013908923,-0.725719678,7.225794953,2.261206811,-3.546403354,9.727701537,9,129
5483,114,1.537438689,0.355641719,3.181200001,1.152778797,-2.326582189,5.605629387,7,127
5484,114,1.519292070,0.764841664,3.341613607,1.127847735,-1.921665384,5.775709494,5,121
5485,114,1.572477053,0.417330049,3.245307576,1.183251504,-2.267353981,5.674232241,4,120
5486,114,1.539966054,0.818372470,3.424410171,1.142282765,-1.870829328,5.861474039,5,121
5487,114,1.535822643,0.518346948,3.279959974,1.145465057,-2.166646101,5.708566709,7,121
5488,114,2.175769808,-0.138551039,4.520185763,1.666436813,-2.869384049,6.978982056,11,131
5489,114,1.497921020,0.940713574,3.386781068,1.105637087,-1.746723679,5.823977880,6,120
5490,114,3.053274295,-0.865264857,7.927535048,2.238334453,-3.705870297,10.425919841,10,130
5491,114,2.096522654,-1.190826220,8.722672172,1.212052861,-4.034845773,11.127438320,20,140
5492,114,1.901217047,0.212396376,4.108499271,1.433823169,-2.502111542,6.555861656,7,128
5493,114,0.485316339,0.312944713,2.996498238,0.119646092,-2.344156353,5.331353654,7,123
5494,114,-0.460674759,-1.246747402,8.585996446,-1.324787407,-4.038297698,10.773184765,58,180
5495,114,1.557550027,0.449343681,3.222540327,1.170852610,-2.234449444,5.651219305,7,129
5496,114,-1.888651905,0.109096865,5.024230775,-2.421460074,-2.558314965,7.144057145,8,121
5497,114,-1.219500385,0.012744449,3.805908693,-1.652672114,-2.633933330,5.984486891,6,120
5498,114,1.567632890,0.737256352,3.295573782,1.179468344,-1.948892756,5.733148564,3,117
5499,114,1.898277558,0.147845203,3.682831495,1.466074608,-2.554893871,6.129783704,12,132
5500,114,-0.998666791,0.170041767,3.736289286,-1.424124567,-2.479018589,5.938397560,5,121
5501,114,2.777933423,-0.634704624,5.951464213,2.136170589,-3.415988782,8.441138288,10,128
5502,114,3.303877385,-1.132113644,8.679115876,2.419539533,-3.997959026,11.187978119,11,126
5503,114,2.969536636,-0.914604949,7.308521200,2.206812905,-3.736607785,9.800870896,10,129
5504,114,2.245112927,0.051687020,4.488012530,1.741424270,-2.679689794,6.958316268,10,131
5505,114,1.357250615,-0.925021153,7.055560088,0.621980578,-3.709381202,9.412117448,22,143
5506,114,3.058674119,-1.113000356,7.922695318,2.240003542,-3.953437690,10.414384751,9,129
5507,114,2.200455907,0.092600096,4.453746799,1.700534958,-2.637009294,6.921591499,9,133
5508,115,1.523857327,-0.974605088,8.457474485,0.673762303,-3.790617413,10.724061685,16,135
5511,115,2.509960397,-1.209861668,8.196930997,1.671344571,-4.052809075,10.545980294,17,135
5512,115,-1.916404584,-0.427070810,5.477710296,-2.472020709,-3.078126778,7.466670588,7,124
5513,115,0.950338349,-0.090910202,6.358708668,0.314807460,-2.850801016,8.602139164,16,141
5514,115,-2.062307816,0.111770671,5.597232629,-2.611356730,-2.537120598,7.584234481,6,120
5515,115,1.920536937,-1.475662201,7.863521662,1.105766692,-4.293324943,10.156743216,2,117
5516,115,-0.409589570,-1.381716378,8.749838169,-1.289468687,-4.140342707,10.837416573,27,153
5517,115,3.064471274,-0.824065439,7.606248206,2.287308786,-3.674428505,10.014338089,10,130
5518,115,2.402950009,-0.149187411,5.269434989,1.855342548,-2.936110018,7.643250210,7,128
5519,115,1.423096309,0.067070434,4.010386454,0.997387160,-2.665439865,6.308059525,9,137
5520,115,1.907590520,-0.055414659,4.707259849,1.414578836,-2.816172002,7.041953725,7,127
5521,115,2.465473427,-0.334426280,5.761510318,1.868544264,-3.132199207,8.134916245,6,128
5522,115,2.151804699,-0.163373642,4.679167324,1.656904663,-2.931430759,7.033093146,10,131
5523,115,2.296463728,-0.116849401,4.715466638,1.799153812,-2.890270256,7.082886443,9,129
5524,115,2.433977557,-0.335311424,5.096072434,1.895831763,-3.119951696,7.469404606,11,131
5525,115,2.262568299,-0.229658115,4.554146418,1.776182355,-2.998969969,6.916887635,7,129
5526,115,2.363595716,-0.052852302,5.032145701,1.840026625,-2.834250277,7.405499426,7,131
5527,115,2.364322879,-0.179993034,5.251101188,1.817558968,-2.965313452,7.620962760,9,131
5528,115,2.283308553,-0.155143960,4.654758287,1.790238391,-2.927008463,7.020469657,7,125
5529,115,2.582373433,-0.231193221,4.875883017,2.066176865,-3.016687794,7.265285944,12,131
5530,115,2.842597763,0.324657977,4.920670128,2.338305605,-2.470436389,7.344333358,10,128
5531,115,-2.089677265,0.059110429,5.587116660,-2.639324298,-2.588676744,7.570658782,6,120
5532,115,-0.040104238,-1.452496800,8.667502626,-0.916499325,-4.221505774,10.786281145,7,122
5533,115,-0.149382813,-0.818963877,8.104051010,-0.956257205,-3.574621459,10.228837434,44,175
5534,115,1.381354936,-0.952461643,7.592656859,0.608811236,-3.748142910,9.850743836,26,145
5535,115,2.607335318,-0.527046485,6.460048203,1.942308421,-3.341985309,8.838998027,9,129
5536,115,2.703876560,-0.621516181,8.027578255,1.897328783,-3.468046023,10.406633421,16,132
5537,115,2.597743117,-0.350771218,5.068628651,2.060829954,-3.140189041,7.456086512,6,133
5538,116,-2.001286546,-0.591976154,5.595067058,-2.548707028,-2.702424008,7.447057838,5,120
5539,116,-1.208712501,-0.566255867,6.792056485,-1.873981282,-2.612232965,8.711268889,2,117
5540,116,0.325365468,-0.081359164,2.840772355,0.049611662,-2.479251412,4.905579411,5,120
5541,116,-2.349873549,-0.217313557,5.344422827,-2.856328267,-2.336528597,7.136901084,3,119
5542,116,2.549922223,-1.126230635,6.075520581,1.910381282,-3.348812166,8.410633726,10,131
5543,116,2.403125454,-0.777385214,5.383207539,1.844704129,-3.048798039,7.683847786,6,131
5545,116,-1.441355920,-0.861932502,4.721568249,-1.919046107,-3.056181148,6.654730938,5,124
5546,116,2.313045355,-0.789863600,5.107889484,1.780967237,-3.079130039,7.402622353,11,132
5547,116,2.261561176,-0.802632993,6.192140811,1.625443128,-3.007953104,8.474611492,9,130
5548,116,-1.635235109,-0.667886303,5.932933482,-2.220038152,-2.764554838,7.823921547,5,128
5549,116,0.841232245,-1.522043982,6.757086639,0.129744082,-3.635135879,8.947450109,18,146
5550,116,1.675586254,-0.201693405,3.668855423,1.308406476,-2.581009530,5.869103654,7,128
5551,116,1.782596587,-1.504037060,7.535820942,0.992187899,-3.589257929,9.811744078,18,137
5552,116,1.535026011,0.637853998,3.706142317,1.198837828,-1.736866654,5.831622316,3,120
5553,116,1.541175625,0.485838607,3.686608320,1.200704006,-1.890045443,5.823821683,4,120
5554,116,1.413574205,0.616619496,3.591584396,1.088155473,-1.762700278,5.707497369,4,120
5555,116,2.478373795,-0.744575304,5.290110429,1.929779441,-3.025645069,7.596486433,7,131
5556,116,1.758572709,-0.297715864,4.203393388,1.335902468,-2.638919805,6.414748475,6,127
5557,116,1.447167107,0.563631137,3.516995274,1.126574354,-1.822272045,5.640602073,4,120
5558,116,-1.860033385,-1.030871933,5.436858681,-2.410741674,-3.156478199,7.335647765,8,124
5559,116,2.195998818,-0.539479948,5.893930005,1.599380360,-2.766143647,8.153167015,7,134
5561,116,-1.745085935,-0.877665805,5.048623650,-2.253078677,-3.037028824,6.950568942,6,124
5562,116,0.310166161,0.045979306,2.914423068,0.032570173,-2.346263172,4.967983322,6,123
5563,116,2.172078239,-0.637230767,5.060016714,1.651490911,-2.925991421,7.330201662,6,129
5564,116,1.501475548,0.478514589,3.646286115,1.164784127,-1.899089517,5.780421400,5,121
5565,116,1.607294081,-0.502902041,4.677771255,1.131764833,-2.802439816,6.885503170,7,131
5566,116,1.395692939,0.406669857,3.760993966,1.045699112,-1.958496225,5.889045151,4,122
5567,116,1.935638670,-1.778413344,8.028699092,1.086168344,-3.830384337,10.335823105,15,136
5568,116,0.240272701,0.577811617,2.858998790,-0.010226854,-1.818145144,4.867672224,2,117
5569,116,2.659512672,-0.879223836,5.370342525,2.096836326,-3.159735132,7.703680469,11,128
5570,116,-2.574394454,0.031200209,5.403940880,-3.075327638,-2.076934854,7.155914023,4,119
5571,116,1.515567913,0.454921091,3.656800971,1.176843703,-1.922270683,5.793949528,4,121
5572,116,1.583297990,0.309719652,3.858175541,1.219082272,-2.053945764,6.010975137,3,118
5573,116,2.283338070,-0.598181839,4.937499026,1.775450826,-2.900041251,7.216735012,11,131
5574,116,-0.060549089,-1.452015182,8.120357020,-0.894857986,-3.432193867,10.206666089,26,152
5575,116,0.066981954,0.331579837,2.812571863,-0.188049212,-2.061327045,4.822318018,7,126
5576,116,0.252731583,0.580103285,2.799781592,0.007926263,-1.820762503,4.809959437,2,117
5577,116,-1.893734355,-1.026978496,5.480446026,-2.448276608,-3.148179965,7.375309320,9,124
5578,116,1.418113694,0.354822798,3.606789833,1.080674410,-2.022597360,5.741948259,5,121
5579,116,2.146556429,-0.602843462,4.550803730,1.676242720,-2.929484018,6.819802933,8,128
5581,116,2.650310662,-0.973677817,5.450362819,2.076220249,-3.247494822,7.789019166,9,128
5582,116,1.514087740,0.580948881,3.678870408,1.178332684,-1.794952543,5.806603743,4,120
5583,116,-1.912437207,-1.087656256,5.624361112,-2.483099444,-3.197121082,7.520689086,9,125
5584,116,2.273795942,-1.681037961,8.288154603,1.401577516,-3.724846169,10.619598046,20,137
5585,116,1.444364026,0.613973250,3.780247376,1.100609991,-1.752051587,5.897971057,4,121
5586,116,0.336007563,0.029803854,2.958753929,0.053376425,-2.359876211,5.015695307,8,126
5587,116,1.750657860,0.331332258,4.422627830,1.332367577,-1.995144045,6.586120002,6,127
5588,116,1.513672138,0.403492320,3.824715031,1.156811809,-1.960730406,5.964135359,6,126
5589,116,2.901358043,-1.253679055,6.645705311,2.200196857,-3.444208793,9.020360941,10,129
5590,116,1.450351345,-1.807311485,7.897338359,0.614918218,-3.853106750,10.159750554,18,141
5591,116,1.950076927,-1.789383604,7.849170797,1.117274555,-3.855404856,10.159852664,16,137
5592,116,2.096321292,-0.458217890,4.402639220,1.646287060,-2.794926866,6.657353316,9,132
5593,116,-0.179467462,-1.737838708,8.477683444,-1.058850638,-3.686018423,10.570256992,32,153
5594,116,1.997629284,-1.886161915,8.831477987,1.066629034,-3.878950373,11.146480924,23,145
5595,116,2.598521742,-0.894702566,5.137517649,2.057842271,-3.190796837,7.467711103,9,131
5596,116,-1.283416336,-0.424829839,4.065375970,-1.681539713,-2.675543291,5.987424793,5,120
5597,116,1.674757499,-1.324904363,7.713594938,0.875124353,-3.393697733,9.964628746,23,145
5598,116,-1.834523758,-1.050124968,6.186678548,-2.457931540,-3.119661421,8.083757980,10,129
5599,116,-1.008859092,-0.424770542,3.573111553,-1.361336392,-2.721877094,5.525874197,4,124
5600,116,-1.144847271,-0.178403638,3.855609139,-1.513715911,-2.450443357,5.775069965,5,121
5601,116,-1.130057055,-0.397776495,4.214370878,-1.542185099,-2.642354297,6.148450311,6,123
5602,116,2.668528254,-0.923488908,5.315318095,2.109288924,-3.208318093,7.653153308,10,132
5603,116,0.375209796,0.025429625,2.921134819,0.095792125,-2.368382896,4.982533717,8,126
5604,117,2.957940407,-0.974289705,6.517528855,2.224553114,-3.352343043,8.897358074,7,129
5605,117,2.844404178,-0.816153644,5.779375990,2.194494404,-3.205978327,8.148732008,7,128
5606,117,2.778427058,-1.039295194,6.271487377,2.080122938,-3.428519751,8.632170972,8,131
5607,117,2.595848891,-0.638551249,5.038620045,2.029939645,-3.047258556,7.380766204,8,131
5608,117,2.481357557,-0.462951025,4.955607038,1.917689617,-2.878525066,7.281954242,7,131
5609,117,2.517450563,-0.550871235,5.079141920,1.942794607,-2.963495051,7.410185971,5,135
5610,117,-0.967551691,-0.051479184,3.733914075,-1.371798480,-2.657362321,5.642694385,5,121
5611,117,3.009700326,-1.274774142,7.192930261,2.208338724,-3.644566129,9.578151587,9,130
5612,117,1.736403662,0.208540158,4.570112517,1.192375129,-2.249879145,6.799060941,5,135
5614,117,3.214002604,-1.183085768,7.169567684,2.409020331,-3.542494332,9.578630862,8,130
5615,117,2.138770434,-0.500291812,4.706551721,1.610589572,-2.935630777,6.993480115,8,135
5616,117,-1.112174846,0.136583193,3.996936594,-1.556990717,-2.475130779,5.883442513,3,120
5617,117,1.602844342,-1.392466481,7.961416182,0.725694985,-3.829860928,10.170687864,18,141
5618,117,-1.274599305,-0.325202096,4.311628260,-1.733024127,-2.942376733,6.182359992,7,125
5619,117,2.334415008,-0.549011343,5.099611937,1.758775452,-2.971058713,7.408127593,7,133
5620,117,-1.208242437,-0.168684366,4.518236516,-1.700577932,-2.781035872,6.393320595,6,124
5621,117,1.683158110,-1.087580290,7.211532754,0.881723600,-3.526898134,9.432040679,15,139
5622,117,-0.050255640,-1.086941006,8.644243427,-1.012086982,-3.606064439,10.642246316,28,153
5623,117,-1.815576712,-0.415292408,5.329775521,-2.389491095,-3.052907454,7.127997736,6,124
5624,117,0.402526410,0.215775899,2.875460215,0.077800885,-2.325321941,4.954295389,9,126
5625,117,2.842468478,-1.124336862,6.657494259,2.100589231,-3.507158179,9.024257481,7,131
5626,117,-1.164991682,-0.152778356,4.130948025,-1.611019955,-2.765832564,6.014026207,6,123
5627,117,2.695933660,-1.212576286,8.581147061,1.723913323,-3.588321377,10.916670371,9,126
5628,118,1.226570392,-1.010040377,7.953953420,0.531157527,-3.798803631,10.134556841,24,145
5629,118,2.589963706,-0.766457429,7.385665123,1.949869719,-3.569572304,9.715230850,8,126
5630,119,2.545038383,-0.761675375,6.576773255,2.076776840,-3.533159635,8.980075329,5,129
5631,119,-0.393839628,-1.170811665,8.710223902,-1.075308062,-3.944990276,10.783062969,29,151
5632,119,-0.691943896,-0.769320191,7.383689487,-1.227232999,-3.514436970,9.440938617,27,152
5633,120,2.721149819,-0.904083631,7.662149755,2.219944953,-3.759354221,10.123787231,5,128
5634,120,2.945802352,0.413638968,5.059070925,2.743550326,-2.396645172,7.587699206,4,124
5635,120,2.412394072,0.202355430,4.789991622,2.239174906,-2.593684837,7.258534197,9,133
5636,120,2.336249169,-0.013169175,5.769749138,2.054636751,-2.826375756,8.219770015,6,133
5637,120,2.379057016,-0.838843747,7.865989880,1.858878857,-3.692164481,10.290973769,8,128
5638,120,2.531315601,-0.674298488,6.770917826,2.130751983,-3.509551535,9.222246424,6,133
5639,120,-1.444606916,-0.140283435,3.523959139,-1.463515952,-2.846568374,5.578407240,2,121
5640,120,0.982270711,0.584839893,4.039913420,0.904117178,-2.172776627,6.367118668,3,133
5641,120,1.197484768,-0.412330894,6.791508223,0.806527865,-3.225339274,9.104732378,17,145
5642,120,1.544971632,-0.027601570,4.321901538,1.423948322,-2.799938181,6.695262138,5,126
5643,120,0.983739066,0.443012068,3.936657406,0.914596788,-2.312630313,6.261713657,5,133
5644,120,1.191049164,0.148088055,3.318362646,1.182944718,-2.599294181,5.663333112,2,121
5645,121,0.938315390,-0.311952911,7.038806909,0.680254374,-3.180216971,9.363863453,16,145
5646,121,2.156810386,-0.331417793,5.544749961,2.045096465,-3.212793344,8.002445094,6,132
5647,121,2.349523726,-0.296640329,5.664649973,2.225343542,-3.185719131,8.142094277,6,129
5648,121,2.310812789,-0.262245588,5.654780938,2.188843646,-3.150024666,8.128956716,8,131
5649,121,1.080716081,0.775020987,3.438768437,1.223352724,-2.041474773,5.818390622,2,122
5650,121,2.170547819,-0.319848106,5.621740550,2.051153725,-3.202855559,8.080641484,5,131
5651,121,2.116023966,0.135970537,4.884588832,2.085756311,-2.734054533,7.350460410,4,128
5653,121,1.486943429,-0.534870864,8.382083404,1.081097500,-3.440653492,10.751874436,17,141
5654,121,-0.756252072,-0.556212153,7.622747163,-1.071670031,-3.382567154,9.766384217,29,151
5655,121,-0.646650020,-0.556602811,7.664768620,-0.967033569,-3.386915268,9.819401856,23,151
5656,121,0.979516825,-0.904994202,8.177926099,0.587125514,-3.792089288,10.489886253,21,145
5657,121,-0.281628027,0.394511295,2.844083388,-0.080721699,-2.371432311,5.080191917,3,124
5658,121,2.102946957,-0.242636871,4.808467939,2.069880277,-3.110852068,7.266314483,3,129
5659,121,1.890365973,-0.120936003,5.267941094,1.814639463,-2.990062001,7.703783617,3,126
5660,121,0.705986922,0.494052388,4.102677039,0.774443033,-2.321464282,6.435015218,6,140
5661,121,1.504754878,-0.542797727,8.663179897,1.069633677,-3.453536883,11.033117961,20,145
5662,121,2.464805226,-0.394914872,6.107355398,2.291592237,-3.294373689,8.592362087,5,129
5663,121,3.176845740,-0.155666605,5.397483247,3.079437013,-3.065500971,7.963809952,2,122
5664,121,2.278847432,-0.374691704,6.076753837,2.110421868,-3.268088000,8.543249022,5,131
5665,121,-0.541590725,-0.772439275,8.278036103,-0.931840748,-3.615441822,10.436051610,26,151
5666,122,2.121665506,-0.310206924,5.707940668,2.127288629,-3.244918219,8.216429124,5,132
5667,122,1.986246234,-0.214967620,5.526568566,2.012699282,-3.143553311,8.024337530,7,132
5668,122,2.088921014,-0.302526881,5.780884719,2.087926587,-3.237111103,8.286011434,6,132
5670,122,-1.586609749,0.015279865,3.445938855,-1.335808014,-2.782048369,5.615157827,2,124
5673,122,-0.885486372,-1.225780952,9.030912590,-1.210046643,-4.108614853,11.223022216,24,150
5674,122,2.084838828,0.188786945,4.780019213,2.194065454,-2.734257708,7.296561736,4,131
5675,122,1.843340212,-0.125815234,4.945912712,1.928819181,-3.043391528,7.434029775,3,128
5676,122,0.871354723,0.952979032,3.514123860,1.130172492,-1.919318992,5.931632831,3,126
5678,122,0.817863299,0.573049923,3.113241340,1.104523791,-2.292772979,5.522012863,2,123
5680,122,2.220811620,-0.353815181,5.889667483,2.207236415,-3.293595473,8.406152986,6,132
5681,122,0.863022153,0.534130382,3.101372372,1.149476874,-2.332887826,5.513954038,2,123
5682,122,-0.894510270,-0.735391777,8.319062081,-1.136597996,-3.609907787,10.520746857,23,151
5683,122,2.029932828,0.410723679,4.987648290,2.125877414,-2.513210995,7.501181281,2,125
5684,122,2.252695944,-0.343616049,7.026512705,2.130110617,-3.297614666,9.540865790,4,131
5685,122,2.225856311,-0.234508247,6.181939439,2.187623207,-3.177909811,8.699264976,4,126
5687,122,2.290661253,-0.603519211,8.390346673,2.029484702,-3.574425672,10.898173494,3,124
5688,122,2.085803002,-0.357915945,5.582929262,2.102237933,-3.290069595,8.087883655,6,131
5690,122,2.302272507,-0.207706682,6.391102675,2.244343930,-3.155852188,8.915142810,4,128
5691,122,0.756069294,0.162008678,3.715262613,0.973437058,-2.708769312,6.109351213,6,135
5692,122,0.356986871,-0.761827255,8.032920812,0.135311115,-3.670512471,10.355232385,17,145
5693,122,1.066885326,0.998138867,4.284246262,1.252080601,-1.889025177,6.717495948,5,129
5694,122,1.911110327,-0.099391239,5.338571455,1.959310052,-3.023591879,7.831710784,5,131
5695,122,1.151231506,-0.581810441,8.677055966,0.868888570,-3.521911636,11.074900780,18,145
5696,122,0.498582825,0.433898415,5.158882173,0.586462125,-2.446135447,7.525520199,14,146
5697,122,2.225551374,0.508333696,4.842765526,2.337224494,-2.419826577,7.377096198,6,128
5698,122,0.053119829,-1.136182038,8.506621145,-0.223256923,-4.041087621,10.792235485,16,146
5699,122,2.092757043,-0.286043986,5.665841117,2.103261503,-3.219410177,8.172112580,6,129
5700,122,-0.433701966,0.419672499,2.669510878,-0.102546908,-2.403374802,4.958466473,4,126
5701,122,1.629107798,-0.901008298,8.141732462,1.386584294,-3.849028356,10.583158911,14,139
5702,122,1.397831200,-0.984688331,8.447012876,1.124759837,-3.929291432,10.863681880,13,136
5704,123,0.744383261,0.815071345,3.345220426,1.085759878,-2.099838475,5.817174898,2,126
5705,123,0.913594615,0.316410435,3.210929555,1.253637252,-2.600799644,5.689957297,2,125
5706,123,1.933133569,0.107770192,5.519620843,2.059034657,-2.869936949,8.075737258,4,132
5707,123,-0.948441936,-0.519732747,7.392177611,-0.991969456,-3.448074764,9.675998719,20,152
5709,123,0.698182084,0.747316451,3.175791197,1.053067767,-2.163873744,5.643214418,3,129
5710,123,2.321708834,-0.257111824,7.136486682,2.293531326,-3.268467630,9.714202812,2,126
5711,123,-0.347096675,-0.487025321,7.202988826,-0.375594975,-3.428557157,9.541166017,12,146
5712,123,1.103373881,-0.638610046,7.859203819,1.006760147,-3.628037222,10.320115887,20,145
5713,123,1.678911394,-0.437121301,8.323415842,1.543774555,-3.448638013,10.836609250,14,137
5714,123,0.191389484,-0.444093277,8.355136424,0.059588568,-3.416669509,10.736878591,14,145
5717,124,1.144260827,-0.610058930,7.730475917,1.043329801,-3.529095139,10.341806036,12,140
5718,124,-2.359810484,0.313888758,5.175777643,-2.199951858,-2.616040176,7.459769765,3,128
5719,124,1.874530231,-0.443175857,6.240170724,1.916657969,-3.333872483,8.934205612,5,129
5720,124,-0.995068250,-0.347766152,8.082456722,-1.123873188,-3.298097295,10.480687611,21,151
5721,124,-2.707795559,-0.339373914,5.768910367,-2.596532503,-3.281202969,8.007432443,2,126
5722,124,2.156371351,0.482367912,4.680106866,2.340423420,-2.384808377,7.421074721,2,125
5723,124,2.094105932,0.462136331,4.552349992,2.291533526,-2.404163741,7.287496031,4,128
5724,124,2.269298549,-0.420763235,6.009702887,2.332155842,-3.303558478,8.744726450,3,128
5725,124,2.153447690,0.115305365,4.511389472,2.359425835,-2.749668871,7.248666055,3,131
5726,124,-0.992023327,-1.031711122,8.733140397,-1.176553933,-3.990298778,11.120422778,19,160
5728,124,2.142511021,0.576329276,4.684154372,2.324940458,-2.291087479,7.424803030,2,125
5729,124,2.488714959,-0.503459864,7.030391230,2.449482783,-3.396686936,9.781234272,2,126
5730,124,2.148034021,0.447282486,4.582496490,2.342374090,-2.418731386,7.322719711,4,128
5733,124,2.038695972,-0.128508730,4.508188154,2.248924427,-2.994834764,7.231154867,2,125
5734,124,2.137267247,0.429295435,4.617664675,2.328391041,-2.437304208,7.356421095,4,128
5735,124,1.975272509,-0.063928272,5.463581681,2.089368783,-2.943397285,8.176070812,2,125
5736,124,1.854236907,-0.066515423,4.543939826,2.060981506,-2.935615938,7.248961830,2,128
5737,124,2.169986658,0.464109237,4.659002703,2.356330653,-2.402621538,7.401230510,2,125
5738,124,2.278267103,0.383048137,4.609103219,2.470160994,-2.481673299,7.361494033,3,128
5739,124,-0.267300686,0.493622183,2.465780777,0.150488040,-2.375209107,4.975334808,2,127
5740,124,1.865653793,-0.401630561,6.056084203,1.925671825,-3.290066853,8.750650532,4,129
5741,124,2.219908159,0.122203304,4.587861614,2.417802350,-2.742930183,7.331487167,3,127
5742,124,1.322262622,-0.785984349,7.849711452,1.210907110,-3.704310272,10.476227044,12,139
5743,124,2.266061643,0.380906040,4.599954238,2.458962482,-2.483849239,7.351143945,3,128
5744,124,1.959882384,-0.209267364,4.999717212,2.122452118,-3.082913308,7.711343661,4,129
5745,124,2.190019596,-0.414341833,5.469810727,2.307200871,-3.291153994,8.199718826,4,129
5746,124,2.132206388,-0.153963671,4.531894200,2.339934676,-3.019424482,7.263813844,3,127
5747,124,2.104259573,-0.456934665,6.077015447,2.161722868,-3.342653794,8.794740191,7,132
5748,124,2.643671008,-0.394284481,7.129308763,2.592254732,-3.286872510,9.896439663,2,126
5749,124,2.025845522,-0.295557827,4.958001755,2.193434453,-3.167827567,7.675448872,3,129
5751,124,2.094577306,0.406966330,4.546639596,2.293330316,-2.459245194,7.281221890,3,128
5752,124,2.222394490,0.460367296,4.670058916,2.407415994,-2.405851461,7.417437863,3,128
5753,124,1.536301012,-0.528934277,8.102921807,1.394997189,-3.447900470,10.752573770,14,137
5754,124,1.804404275,-0.235467665,4.446886900,2.023429007,-3.103909366,7.145450702,6,133
5755,124,0.530717636,-0.367525371,6.953307146,0.507338287,-3.284221122,9.509941332,13,146
5756,124,1.989021100,-0.560615860,6.153881275,2.040806082,-3.448749702,8.858464916,4,131
5757,124,0.360472182,-0.464438161,7.256024520,0.309010252,-3.387153715,9.792933000,15,146
5758,124,2.191922244,0.490987798,4.733285458,2.370354821,-2.376432993,7.477644105,3,128
5759,124,2.111800457,-0.074736224,4.722503785,2.299479306,-2.942926658,7.452326046,5,131
5760,124,1.841957253,-0.179333333,4.645050355,2.040197417,-3.049874981,7.347017440,4,131
5761,124,1.867550667,-0.261107689,4.375146094,2.093780754,-3.127830296,7.080105145,4,131
5762,125,1.796726862,-0.214484798,4.753941099,2.079059457,-3.028397450,7.540714039,4,132
5763,125,1.244593463,-0.079534642,3.666460318,1.630240435,-2.881487047,6.408169955,2,128
5765,125,1.587162962,-0.270984276,4.244750292,1.915483980,-3.080178010,7.014457131,5,132
5766,125,-0.259573581,-0.551948723,6.068949463,-0.093692367,-3.330128895,8.663036656,12,147
5767,125,1.587355937,-0.220237710,4.235385390,1.917447413,-3.029428044,7.005317188,4,131
5768,125,1.236713873,-0.816362352,7.870660599,1.228196798,-3.625060582,10.591916658,11,137
5769,125,1.745815320,-0.372671863,6.337813285,1.882029160,-3.188263389,9.112937999,4,128
5770,125,1.729023367,-0.128661652,4.618875846,2.025440105,-2.941116699,7.400360792,3,129
5771,125,2.053579393,-0.441483839,6.180014938,2.201518002,-3.262468122,8.983420942,2,128
5773,125,2.143077027,-0.959134692,7.794644122,2.134972130,-3.784373544,10.597789553,3,128
5774,125,1.673272742,-0.331764767,4.986064148,1.932975486,-3.143771210,7.760315929,4,131
5775,125,1.274499432,-0.093343350,3.589076466,1.666776375,-2.895714997,6.333765665,4,131
5778,125,1.696051112,-0.279112832,5.380808768,1.920860190,-3.092206612,8.155674889,6,132
5779,125,1.644521383,-0.117220523,4.827075837,1.922649900,-2.928468799,7.600092926,2,128
5780,125,0.507571811,-0.089130333,4.205181807,0.847401436,-2.878406984,6.877922498,6,140
5781,125,2.320186970,-0.562757991,8.824234262,2.225279509,-3.393044753,11.640499787,3,127
5782,125,0.860938500,-1.080934229,7.841729171,0.851836445,-3.882618520,10.528204574,15,143
5783,125,1.488209197,-0.457317096,5.578906853,1.692722931,-3.266883346,8.333549291,2,126
5784,125,1.730197286,-0.272590138,4.961130684,1.992991300,-3.085613428,7.740835362,4,131
5786,125,1.984442894,-0.534305645,6.382537330,2.112645325,-3.354338829,9.178542655,2,126
5787,125,1.569184832,-0.240265004,4.302383022,1.892921422,-3.049229089,7.070327638,4,131
5788,125,0.703913218,0.077319100,2.820095380,1.171384951,-2.713290158,5.516860086,2,127
5789,125,-0.032043959,-1.041708077,7.523354608,-0.007776927,-3.826422215,10.130428818,16,146
5790,125,1.247297156,-0.525217062,7.960575524,1.235886582,-3.334310051,10.683389469,7,136
5791,125,1.911105886,-0.225036885,5.728789762,2.104460544,-3.042681227,8.521873855,2,127
5792,125,0.917743047,-0.697889435,8.675941143,0.839806777,-3.502077678,11.365404455,14,145
5793,125,1.512901529,-0.136718366,4.222480968,1.845999403,-2.944530264,6.986003651,3,129
5794,125,1.932201419,-0.713721385,5.797891657,2.110318018,-3.531786003,8.590974084,6,134
5795,125,0.567249100,0.232966500,2.789152439,1.040939084,-2.555100872,5.474190594,2,128
5796,125,1.025779033,-1.409715570,8.246528520,0.973326982,-4.215055027,10.945167526,3,131
5798,125,0.592179281,-0.539251625,7.263675032,0.646436745,-3.335114183,9.930000501,15,146
5799,125,1.592244359,-0.245627338,4.891836585,1.862395076,-3.055998993,7.659427215,5,132
5800,125,-2.768427392,-0.568171022,5.778972505,-2.565847537,-3.299660493,8.147073731,3,127
5801,125,0.428801563,0.039257907,4.434737138,0.750511411,-2.748973170,7.099830480,3,137
5803,125,1.455679200,-0.797193895,7.889831354,1.444837999,-3.609959943,10.630895151,12,137
5804,125,1.634148790,-0.323802061,4.672412718,1.922572645,-3.134565851,7.444438817,6,132
5805,125,0.755006948,-0.788212893,7.500874979,0.782555221,-3.587427468,10.180136752,18,145
5808,125,1.722795529,-0.149380578,4.519121807,2.027897249,-2.961550896,7.300384125,2,129
5809,125,-2.761850277,-0.580469674,5.617543920,-2.544900871,-3.311808739,7.986863368,2,126
5810,125,1.898708924,-0.311157405,5.774503446,2.086409591,-3.128635012,8.565990512,5,133
5811,125,1.819884757,-0.330581296,5.209139016,2.058777052,-3.145660319,7.995750161,3,129
5812,126,1.860790971,-0.576904195,5.425805393,2.137027898,-3.349226219,8.344936137,4,132
5815,126,0.353727881,-0.363072926,7.200289687,0.475710624,-3.121530992,9.974027073,5,136
5816,126,-2.891380438,0.052636849,5.675125465,-2.610508079,-2.665348122,8.158312384,2,128
5817,126,-2.889056782,-0.020862653,5.728207327,-2.613906732,-2.738974830,8.211159496,2,128
5818,126,-2.936196652,-0.058308760,5.880835462,-2.675300989,-2.776177138,8.358694100,2,129
5819,126,1.557268170,0.224399781,4.533748394,1.925897803,-2.542700734,7.431196257,3,131
5820,126,2.189407305,-0.645809930,6.612593607,2.354332414,-3.424278835,9.556690572,2,128
5821,126,1.895462936,-0.558342592,5.141889361,2.197865403,-3.330502412,8.065466624,3,130
5822,126,1.765032186,-0.535610278,5.118191877,2.070431628,-3.306218455,8.029949984,6,135
5823,126,1.874169861,-0.481308464,5.291546117,2.163775452,-3.253524907,8.212766100,4,132
5824,126,1.997257025,-0.525926715,5.827752008,2.236527092,-3.300626328,8.757877694,3,129
5826,126,1.649902806,-0.200428516,4.481617460,2.018119918,-2.968466031,7.386509730,2,128
5828,126,2.083831172,-0.700419194,6.402530500,2.267906527,-3.477248036,9.337647585,2,128
5830,126,0.346113051,-0.498813637,7.488194519,0.440121159,-3.257746226,10.259599338,10,145
5831,126,0.573672061,0.772388959,2.832554774,1.109148224,-1.980012627,5.648469302,3,129
5833,126,1.712597864,-0.636195918,7.816144413,1.769021936,-3.411549777,10.711343693,9,136
5834,126,-2.769211555,-0.493582479,5.445320446,-2.473916172,-3.212484305,7.939050473,2,127
5835,126,-2.918839696,0.064852513,5.687542398,-2.638852697,-2.652840872,8.168189876,2,128
5838,126,0.721883089,-1.025959115,7.671748972,0.791433285,-3.789559234,10.475313103,12,141
5840,126,1.633566803,-0.513463601,4.752984127,1.973361124,-3.281829916,7.654273475,3,131
5841,126,0.954463677,-0.784907495,7.494388022,1.042048873,-3.550857637,10.320814255,12,140
5842,126,0.919111344,-0.687300685,7.948089327,0.966237615,-3.453750339,10.769640031,14,141
5844,126,-0.532423700,0.369885786,2.138972462,0.067025443,-2.368338158,4.854935149,2,131
5845,126,0.830844204,-0.178830190,5.426768949,1.115926095,-2.939288206,8.252436849,4,135
5846,126,-1.268573850,-1.309555081,8.495044697,-1.269371205,-4.051786097,11.111303101,24,152
5847,126,0.878427542,-0.723377467,8.968502368,0.831498876,-3.491381366,11.781879557,13,145
5848,126,0.519235680,0.619121939,2.878661264,1.048972316,-2.132732091,5.688911022,4,129
5849,126,-1.168761316,-0.870765045,7.239692993,-1.049599529,-3.611685663,9.871779339,44,175
5850,126,0.518607744,-0.501584077,7.843093036,0.579211679,-3.263213168,10.628840440,12,145
5851,127,1.607872330,-0.236688491,4.110366872,2.088998143,-3.035182338,7.118845668,4,130
5853,127,0.486237598,0.634662945,2.689253614,1.124123777,-2.125592717,5.609360700,2,129
5854,127,-0.583639951,0.362095517,2.109195594,0.107130427,-2.368240872,4.929474917,2,128
5855,127,-0.903914410,-0.546321234,7.869934997,-0.768163168,-3.320187835,10.625225376,17,151
5856,127,0.390150230,0.477503964,2.633968936,1.030145093,-2.279995713,5.543665609,2,128
5857,127,0.442724968,0.101340117,2.536706451,1.083205328,-2.656393057,5.447577190,2,128
5859,127,0.171833690,-0.458509400,6.797032952,0.404487784,-3.247684224,9.657911227,12,146
5860,127,0.270771436,-0.188230907,5.003981033,0.675904665,-2.963835699,7.884880710,6,136
5861,128,-1.345852431,-1.007759797,7.763153986,-1.197053598,-3.800780031,10.512118667,38,174
5863,128,1.540873772,-0.408074909,4.037763758,2.039131869,-3.120451047,7.101019344,3,131
5864,128,0.473395580,-0.156417124,5.847756762,0.788504329,-2.901120283,8.794164576,3,130
5865,128,1.516810547,-0.364247285,3.957332726,2.022421016,-3.076689296,7.018710737,4,132
5866,128,0.372466547,-0.028531559,4.347672758,0.837507914,-2.767055638,7.292026525,2,131
5867,128,1.623728472,-0.423077715,4.339479664,2.091265337,-3.135395897,7.409533893,4,132
5868,128,0.471140888,-0.179853398,5.300262761,0.842277826,-2.921564569,8.249192590,3,134
5870,128,2.143474292,-0.796549095,8.191179305,2.225593405,-3.519293312,11.292803837,2,129
5872,128,0.235110198,-0.456687254,7.607569794,0.379444809,-3.216035716,10.519673940,9,145
5873,128,0.315244983,0.539296465,3.609623011,0.843345941,-2.196462401,6.553914286,2,133
5874,128,0.343147548,-0.616141658,7.453567347,0.505911438,-3.372348925,10.376891229,11,145
5875,128,0.380596757,-0.742589580,7.224536495,0.569075236,-3.496718245,10.152415711,14,145
5876,128,0.288291018,-0.542751700,6.811468674,0.514898041,-3.296561210,9.732793804,14,146
5878,128,0.308572145,-0.584448041,7.090041037,0.507709802,-3.339368817,10.011842739,10,146
5882,128,0.348565415,-0.203085215,5.662544336,0.684120496,-2.949352029,8.597081250,3,132
5884,128,-1.122044471,-1.091224103,7.909702119,-0.987533706,-3.880374106,10.680341278,18,152
5885,128,0.740427812,-0.769615335,7.109055241,0.939254975,-3.515601144,10.073961289,12,140
5886,128,0.214222382,0.089052914,3.950475542,0.717888944,-2.650594591,6.881221122,3,137
5887,128,1.322279680,-0.242532517,5.999034478,1.619312863,-2.970368190,9.030526441,3,135
5889,128,0.437379873,-0.088172688,3.447906441,0.994579873,-2.820345140,6.403297738,3,135
5891,128,0.244880598,0.455938764,3.410560592,0.795320231,-2.280163750,6.348455981,2,131
5894,128,-1.407902481,-1.050487228,8.213608145,-1.303537134,-3.847286129,10.953800940,47,179
5895,128,0.218406371,-0.672985586,7.425117803,0.385936633,-3.431620870,10.335734784,10,145
5896,128,0.924856167,-0.892276905,7.425247031,1.093239423,-3.636143757,10.406820412,10,139
5897,128,0.623313602,-0.768317557,7.759359776,0.756801135,-3.520346787,10.709021511,14,144
5898,128,-1.379157296,-0.671121941,7.631851190,-1.224031377,-3.464186773,10.379258357,14,151
5899,128,-0.267393305,0.010116338,4.538797155,0.180888771,-2.742806539,7.417350532,4,146
5901,128,1.237692527,-0.677330397,8.921297767,1.248113160,-3.423018778,11.927618973,4,137
5902,128,0.798376492,-0.631741615,8.092728313,0.894209942,-3.382002428,11.058898980,15,145
5903,128,0.248287656,0.454128772,3.427007401,0.797079740,-2.281993466,6.365157416,2,131
5905,128,0.754032855,-0.790573688,8.329440184,0.829483181,-3.543033000,11.289346580,17,145
5906,128,0.154249382,-0.479452027,6.552545413,0.406485694,-3.234634249,9.461819489,10,146
5909,128,0.323190975,-0.454768955,7.191018431,0.509249919,-3.209974788,10.114222537,11,145
5910,128,0.929682331,-0.854297162,6.784930352,1.162160629,-3.594524471,9.770433026,8,139
5911,128,0.477865644,0.264149711,2.438076139,1.129746333,-2.461665945,5.403994644,2,129
5912,128,1.290783967,-0.572328312,7.082556213,1.485136033,-3.306747020,10.104129001,9,137
5913,128,1.859750745,-1.061967245,6.453993066,2.125201945,-3.780935600,9.534899760,5,135
5914,128,-1.251770789,-0.817359969,7.513637308,-1.082230136,-3.607081851,10.274087975,18,150
5915,128,0.340871227,-0.199776396,4.862508848,0.757522684,-2.941771501,7.800412194,3,135
5916,128,-1.228223892,-0.732786979,7.453802966,-1.054543084,-3.521706414,10.217240307,37,175
5917,128,-1.366995766,0.738637568,3.435704818,-0.816448497,-2.031251817,6.210830865,2,130
5919,128,1.689426541,-0.536032375,4.480227928,2.144742262,-3.247735399,7.555838780,5,134
5920,128,1.788086149,-1.001887683,7.703173089,1.925974383,-3.729284429,10.770552071,3,130
5921,128,-2.262300330,-1.172280457,8.091259716,-2.138337137,-3.986173688,10.744952640,20,148
5922,128,-0.006095655,0.406895086,4.017060422,0.485238431,-2.337785324,6.926180343,6,140
5923,129,0.691545403,-0.707541804,8.340045216,0.837383837,-3.479303024,11.421928785,14,145
5924,129,0.360657083,-0.224820896,7.292031427,0.620212825,-2.985854016,10.349462335,2,134
5927,129,1.554248921,-0.452112425,5.015197813,2.031058343,-3.220826842,8.201301048,3,134
5929,129,1.471857873,-0.250140337,3.928960615,2.060516568,-3.011939235,7.113647408,2,131
5931,129,0.249026561,0.558385028,2.471504243,1.001876837,-2.176082266,5.547175639,2,131
5932,129,-1.070544645,-0.713589099,7.277269688,-0.809891475,-3.451144675,10.188972628,40,175
5935,129,0.678606676,-0.146601981,6.896892301,0.977148945,-2.910791592,9.988481298,2,131
5936,129,0.166107747,-0.644266820,7.484992105,0.400837476,-3.403062433,10.519255575,12,145
5938,129,-0.241337250,0.490904700,4.422872079,0.318477919,-2.245623002,7.439522514,6,140
5939,129,0.346828351,0.712421982,2.676092611,1.081209197,-2.024717203,5.761521079,2,131
5940,129,-0.897355073,-0.664876817,7.231156497,-0.632224807,-3.405024854,10.160662595,13,152
5941,129,0.279727437,0.594499319,2.391156088,1.040995937,-2.140059333,5.470529334,2,132
5942,129,-0.821622764,-0.667076460,7.146050089,-0.548431598,-3.408019771,10.083506583,13,152
5943,129,0.441582818,-0.806438235,7.178559213,0.702899562,-3.568120305,10.240684947,14,145
5944,129,-1.505351476,-0.718270771,7.156282750,-1.230495369,-3.448113932,10.025265829,27,174
5946,130,0.412785137,-0.541189820,7.437017550,0.454357815,-3.260664935,10.567326219,11,145
5947,130,0.396451806,-0.600013540,7.338271685,0.449309943,-3.319163996,10.467175671,12,145
5948,130,1.475512853,-0.643603226,7.396594179,1.508733667,-3.400194136,10.668991940,8,137
5950,130,1.459865228,-0.652081637,7.395826240,1.493042065,-3.408123817,10.666125733,8,137
5951,130,1.441944346,-0.691992869,7.435624475,1.468584156,-3.447272347,10.703100958,8,137
5952,130,1.122277262,-0.889320495,7.329078522,1.159307187,-3.633633686,10.554458820,8,139
5953,130,0.361465368,-0.671799995,7.236457631,0.425744183,-3.389976043,10.361469680,13,146
5954,130,1.456846668,0.399514236,3.995006584,1.980879502,-2.366744435,7.297300872,3,135
5955,130,1.392955756,-0.716264063,7.745780063,1.377804003,-3.468937547,11.003891656,8,137
5956,130,1.267851975,-0.918585014,7.175704626,1.322944747,-3.668393776,10.421844921,8,137
5957,130,1.472186307,-0.643465958,7.380940436,1.507533856,-3.399985483,10.653034455,8,137
5958,130,1.211516107,-0.735071146,8.674036221,1.073501917,-3.478763704,11.899568627,5,140
5959,130,1.668111205,-0.710925034,7.777445352,1.646284731,-3.473107943,11.072026986,6,137
5960,130,0.453360999,-0.653800426,7.287732200,0.510543087,-3.375046518,10.424589631,10,146
5961,130,-0.225600864,-1.160105703,7.412900331,-0.196325544,-3.857006204,10.457038167,14,146
5962,130,1.582310540,-0.631370862,7.364454122,1.619228086,-3.391785379,10.651423902,6,137
5963,130,-0.133894615,-1.217936619,7.680764266,-0.143283210,-3.917237768,10.734642576,14,146
5964,130,-1.355047727,-0.679762855,7.475859343,-1.306584868,-3.337387991,10.369491323,17,151
5965,130,1.452443416,-0.578425207,7.448049576,1.481292176,-3.334105039,10.717025542,8,137
5966,130,-0.288960917,-0.290675114,5.014555481,0.091530989,-2.992723331,8.073315071,3,135
5967,130,-1.332332838,-0.727600613,7.604770669,-1.302971346,-3.385621807,10.500193231,16,151
5968,131,0.758197868,-0.808077033,8.034586269,0.475756531,-3.408469727,11.293800550,10,145
5970,131,0.869670012,-0.885903253,8.288734931,0.540650978,-3.484262862,11.564205086,6,145
5971,131,1.546531798,0.305010142,3.606710638,2.029826187,-2.383677004,7.051020397,3,134
5972,131,0.540383686,-0.746950039,7.158870925,0.411436705,-3.357506027,10.393066099,11,145
5973,131,1.521351953,-0.254020793,3.504702432,2.010122892,-2.943712857,6.953414510,2,132
5975,131,-0.063144529,0.033508552,3.964484794,0.377198455,-2.618004548,7.132785439,8,146
5976,131,1.583695429,-1.049836095,7.259433804,1.415559691,-3.678877424,10.673796755,7,137
5977,131,1.549255507,-0.346374418,3.562664997,2.025732872,-3.035626838,7.016466933,2,132
5978,131,0.476426656,-0.702197431,6.825083522,0.406173070,-3.317003907,10.052714515,12,146
5979,131,1.523856653,-0.254540372,3.504848482,2.012554276,-2.944278446,6.953991826,2,132
5980,131,0.687552988,-0.637257017,7.438640024,0.511249696,-3.246112358,10.692383537,8,145
5981,131,1.652153774,-0.972558647,7.745008554,1.402116933,-3.594985822,11.162900709,7,137
5982,131,-0.039414481,0.038910369,4.930857774,0.236348084,-2.597209626,8.088922341,11,146
5983,131,0.371264490,-0.976455693,7.213623862,0.230483790,-3.582759568,10.421153760,9,145
5984,131,0.402647108,-0.796981327,7.486237655,0.218970294,-3.399479012,10.692796677,9,145
5987,131,0.584923116,-1.341760960,7.560290136,0.374020461,-3.946402777,10.803823713,14,144
5989,131,0.495201344,-0.803239410,7.819819614,0.253285678,-3.402056987,11.037322702,11,145
5990,131,0.492969069,-0.835854184,7.852800474,0.244763173,-3.434076837,11.069857911,10,145
5992,131,-0.416747585,-0.574825801,5.598761726,-0.262426967,-3.192471975,8.690615145,8,146
5995,131,-1.027710879,-0.754644157,7.256175869,-1.150149936,-3.333191078,10.221882101,16,152
5996,131,0.511066934,-0.548484185,7.237670708,0.373500007,-3.157242825,10.463159109,7,145
5997,131,-0.944447427,-0.740060658,7.850676416,-1.168904642,-3.310473191,10.821639169,15,152
5998,132,0.836292215,-0.606169156,6.867019371,0.496606465,-3.295761701,10.306567518,11,145
5999,132,1.012895039,-0.818711541,6.707968709,0.694064516,-3.517235377,10.189864198,12,145
6001,132,-0.089135277,0.538120743,4.718982866,0.113930623,-2.132597424,8.008637077,5,140
6002,132,0.310813664,-0.099132895,6.163813057,0.160267488,-2.773035126,9.505726948,2,137
6005,132,0.615826790,-0.722802699,7.025138182,0.241999471,-3.401248586,10.412670019,12,146
6008,132,-1.591381064,-1.178178078,7.066093350,-1.938903577,-3.760157153,9.970338570,16,149
6009,132,-0.753088928,-0.517082250,6.908475931,-1.057960267,-3.137508255,9.999866258,17,151
6010,133,0.794540120,-0.593581591,6.670639204,0.227675553,-3.334785191,10.235951712,10,146
6013,133,2.150036294,-0.261679157,6.971662407,1.471101128,-3.094765192,10.895062712,5,137
6015,133,-0.519789538,-0.666809051,7.082163082,-1.150741077,-3.311455870,10.275951087,13,152
6017,133,2.153507241,-0.337704206,6.900252917,1.488404787,-3.171663111,10.826663412,5,137
6018,133,-1.280048914,-0.984116040,7.182870414,-1.930243857,-3.573802062,10.164731020,16,149
6019,134,0.997524775,-0.335203756,6.065506099,0.290469223,-3.104001219,9.875360451,3,141
6020,134,0.419568431,-0.326823698,4.825890335,0.160772640,-3.061057157,8.514446932,3,136
6021,134,2.397722645,-0.553767010,7.017021387,1.266281848,-3.442485517,11.234376057,4,137
6023,134,2.973690550,-1.335381934,6.773826648,1.809815139,-4.281436357,11.184000984,2,135
6024,134,-0.515900465,-1.122553787,7.408432940,-1.653165254,-3.713580188,10.626710587,33,180
6025,134,1.768114765,-0.360479548,6.455492092,0.881308558,-3.198177665,10.498719538,3,136
6026,134,3.061720134,-0.397364199,6.740314793,1.996523538,-3.357458771,11.196447550,2,135
6027,134,1.755632570,-0.253035855,6.479588693,0.872251706,-3.089607502,10.518994937,3,136
6028,134,2.865599697,-0.215401038,6.309271049,1.973726182,-3.164860420,10.727663289,2,135
6029,134,2.987981189,-0.311515179,8.679674918,1.291898571,-3.229611575,13.002294700,3,136
6030,134,0.075594700,0.500060865,4.410636559,0.057985460,-2.211909258,8.021624096,4,140
6031,134,1.917388771,-0.361412787,6.598434033,0.973776290,-3.211256414,10.683095956,4,140
6033,134,0.350471094,-2.954102639,9.802862714,-1.817152442,-5.578031522,13.143731494,2,136
6041,135,2.324152396,-1.558187163,6.283514609,0.886119796,-4.964478751,10.522958546,2,136
6044,135,0.035786773,0.427351091,1.447397850,1.047726154,-2.411177012,5.421827466,2,136
6046,135,2.489512518,-1.609733222,6.616644576,0.901396643,-5.059773496,10.885811232,2,136
6048,135,1.288727808,-0.493099879,6.451943271,0.133343452,-3.676657586,10.424329768,8,145
6049,135,1.809388039,0.310601283,6.238495043,0.864525995,-3.025941015,10.491581622,2,136
6050,135,0.732624763,0.034932281,4.636616041,0.417645444,-3.004257433,8.593883943,7,146
6051,135,-0.220718817,-0.679221561,6.392278472,-1.248748425,-3.479081000,9.818181421,20,158
6053,135,0.032976346,0.436818184,1.427288340,1.054722225,-2.401062416,5.403101369,2,136
6054,135,1.845952744,0.184587530,6.284101743,0.852048199,-3.157642537,10.533954117,3,141
6057,135,1.734501235,0.139623600,6.164106031,0.785253234,-3.171867651,10.378460568,2,136
6063,135,1.918444175,0.190316860,6.292460372,0.915677727,-3.170305685,10.567845522,2,136
6064,135,-0.281340280,-0.327551314,5.474032751,-0.886605630,-3.112195690,8.978675677,16,153
6066,135,2.577715492,0.481547214,6.523438356,1.492085848,-3.055842468,11.044769486,3,137
6068,135,1.360797725,0.246386541,6.088081078,0.500393484,-2.974216880,10.187093048,2,136
6069,135,0.148983975,-0.173323781,3.116969589,0.400789101,-3.041490185,6.953255380,7,146
6074,135,2.465845526,-0.629042311,6.792283781,1.039330060,-4.106487317,11.141513703,2,136
6083,136,-0.243627443,-0.522932538,5.691408070,-1.292160914,-3.115821401,9.157953421,32,183
6084,136,0.961366551,-1.204013931,7.643476967,-1.124385523,-3.944745583,11.396522492,2,137
6087,136,0.128884811,-0.830803209,6.711588705,-1.427233550,-3.457718755,10.225277101,16,152
6089,136,3.046449946,0.056355629,6.390467431,1.468386228,-3.090347832,11.164841203,2,137
6092,136,2.301760270,-0.209523621,6.213298111,0.828970048,-3.229315250,10.686846996,4,141
6093,136,-0.011923211,-0.428968414,5.109486994,-0.830240656,-3.077131303,8.726350595,16,152
6094,136,2.120752743,-0.961039021,6.669846801,0.354873103,-3.927420451,10.993207964,6,143
6097,136,0.869152499,-0.651096453,5.076110463,-0.063118532,-3.447312687,9.044530819,5,146
6099,136,0.083414557,-0.756311614,5.818040083,-1.089424627,-3.398481153,9.395565272,16,156
6102,136,1.862677081,-0.788460273,6.156442419,0.362441138,-3.725916029,10.428133435,9,145
6104,136,-0.193346925,-1.082541225,7.187009881,-1.952862658,-3.638954002,10.515274413,13,149
6105,136,2.875020086,-0.185246037,5.865182577,1.489860561,-3.311903152,10.604362985,2,137
6106,136,2.278838481,-0.161403323,6.400089072,0.739829356,-3.173420986,10.850130807,3,141
6107,136,0.050368458,-0.567615669,5.522525019,-0.966651988,-3.214216000,9.121702916,14,152
6109,136,-2.720977134,-0.622940551,4.503457857,-3.043879647,-2.820087267,7.059737130,45,196
6114,136,2.332276647,-0.203838098,6.212447554,0.857632919,-3.228951014,10.698788732,4,141
6117,136,1.661606314,-0.351875165,5.712276541,0.436538067,-3.272413818,9.962124071,6,146
6122,136,0.427025999,-1.307290210,7.781859768,-1.677503578,-3.951762992,11.299843704,25,180
6123,136,1.676535739,-0.752288562,6.240502462,0.167026934,-3.656416236,10.430613442,8,145
6124,136,2.842395090,-0.230078749,6.338553416,1.259141931,-3.338882202,11.020530450,3,138
6125,136,-0.042130591,-0.965792244,6.502655198,-1.517372612,-3.566577523,9.958544585,30,175
6126,136,2.728006065,-0.001902006,6.027631026,1.321816302,-3.102205790,10.701346479,2,137
6127,136,-2.319844015,-0.673479572,4.857136362,-2.837429265,-2.929747918,7.543372569,44,195
6128,136,-0.263621869,-0.122879525,4.077301362,-0.582179954,-2.757929598,7.697260725,15,153
6131,136,-0.145361610,-1.362819244,7.529605094,-2.096718699,-3.914824883,10.833756021,13,150
6132,136,0.313079810,-0.836869813,6.768378354,-1.286303469,-3.493779828,10.351878748,16,152
6143,137,0.620703014,-0.658171076,6.314586223,-1.121029786,-3.266943126,10.080483246,14,152
6145,137,0.485373322,-0.328629970,5.801338166,-0.976480626,-2.941617977,9.567059326,15,152
6153,137,-0.088668881,-0.990758809,6.157891270,-1.722812453,-3.520614381,9.620173666,12,151
6155,137,0.413081543,-0.984919713,6.292943654,-1.335003937,-3.568106876,9.962775106,33,176
6157,137,0.166006203,-1.211815351,7.053000104,-1.916398168,-3.739036821,10.531086081,14,156
6168,138,3.496993884,-0.454611131,7.347539460,0.695020284,-3.330782543,12.335332779,7,145
6172,138,2.040642232,-0.888978397,5.595953124,0.159664627,-3.658510763,10.102917432,8,146
6173,138,0.253286678,-1.038666550,6.752098996,-1.961762418,-3.552938766,10.308152765,9,149
6176,138,1.058277033,0.520808604,2.192204193,1.021818883,-2.275394673,6.655929256,2,139
6177,139,0.932103648,0.199335544,3.417532380,0.158587507,-2.614181986,7.704121197,8,146
6178,139,0.829449894,0.458362605,2.807228545,0.386237363,-2.357093473,7.127766600,3,141
6179,139,0.867212145,0.430422213,2.792214267,0.423077088,-2.389703754,7.131155680,3,141
6181,139,0.862199230,0.478839725,2.858079893,0.393328198,-2.339705765,7.188800022,3,141
6182,139,0.865018278,0.475049111,2.838940232,0.404361219,-2.344198639,7.173092415,3,141
6184,139,0.923352590,-0.484303366,6.186949340,-1.232220548,-3.235240576,10.115976960,12,152
6185,139,1.495231337,-0.103185663,4.162784551,0.265074229,-2.967491996,8.613992225,5,146
6186,139,0.775276446,0.122129902,2.907298492,0.252604043,-2.682177323,7.177403409,8,146
6187,139,0.783272145,0.257200434,2.763773294,0.342881481,-2.552019140,7.059860678,3,141
6188,139,0.801234225,0.140318278,2.818862976,0.319050187,-2.669071530,7.112298787,6,146
6189,139,2.123162167,0.061414103,5.347030694,0.275997369,-2.856143668,9.959841909,6,146
6190,139,0.785747265,0.453600514,2.791087351,0.355059041,-2.356851762,7.092823943,2,140
6191,139,0.844340193,0.144035582,2.848686074,0.343145027,-2.669999470,7.158988589,5,146
6192,139,0.846300232,0.596465348,2.832078235,0.405358816,-2.221573812,7.163017134,2,140
6193,139,0.908899746,0.655494878,2.922793341,0.424281487,-2.168732282,7.274740543,2,140
6194,139,0.840390960,0.127038348,2.863512095,0.330733374,-2.686087696,7.169544779,4,146
6195,139,0.844321398,0.262715927,2.763857177,0.396876606,-2.553941956,7.088813540,3,141
6196,139,0.837478201,0.447021173,2.833582952,0.379533240,-2.368785725,7.154336931,3,141
6197,139,0.976995811,0.111784014,3.136030692,0.320155762,-2.712236893,7.473459732,8,146
6198,139,0.836820285,0.611634313,2.814835371,0.406950303,-2.205721758,7.143952433,2,140
6199,139,0.803986247,0.462167522,2.790037873,0.372502016,-2.350581308,7.100797619,3,141
6201,139,0.919590557,-0.715009471,6.377430162,-1.352033180,-3.459867386,10.273171528,13,151
6203,139,0.900509999,0.618860932,2.853388868,0.445346529,-2.205483803,7.208144715,2,140
6204,139,0.823832484,0.277056497,2.772919013,0.376361946,-2.537042783,7.087750025,3,141
6205,139,0.796991665,0.294326071,2.766168576,0.358075860,-2.516788722,7.069871875,3,141
6206,139,0.872090675,0.619287989,2.835686343,0.428873808,-2.201976130,7.179203992,2,140
6207,139,0.963693116,0.163028854,3.118762825,0.322616514,-2.660119615,7.453994156,6,146
6208,139,0.846593474,0.288417811,2.777628892,0.395374253,-2.528430032,7.103036550,3,141
6209,139,0.773407603,0.298436162,2.763132853,0.339357236,-2.509913515,7.056282869,3,141
6210,139,0.816503204,-0.062034410,2.725794130,0.352648517,-2.873634377,7.029432896,5,146
6211,139,1.059297729,0.213276770,3.299815348,0.326860847,-2.618155095,7.660551838,6,146
6212,139,0.849611368,0.635553074,2.831184008,0.413227072,-2.183201761,7.165317094,2,140
6213,139,0.785041711,0.280802124,2.769057154,0.344690278,-2.528703268,7.066278517,3,141
6214,139,0.903407858,0.270454870,2.806307509,0.429472363,-2.552558443,7.154301969,4,142
6215,139,0.884667878,0.270503428,2.811115993,0.410825105,-2.550141439,7.149746904,4,142
6216,139,0.853823714,0.095225760,2.735365705,0.399094821,-2.721893946,7.061569772,8,146
6217,139,0.888159010,0.457836249,2.811863155,0.435340320,-2.364636185,7.159397661,3,141
6218,139,-2.179882975,-0.422602267,4.396341358,-3.096229683,-2.834370104,7.082014574,40,196
6219,139,1.685621138,-0.124581513,4.251699624,0.387241822,-3.009989151,8.780968331,6,146
6220,139,0.951956762,0.629443445,2.963938692,0.439537825,-2.198967094,7.330225892,2,140
6221,139,0.897187451,0.434781026,2.806517223,0.443068078,-2.388719545,7.158016142,3,141
6222,139,-2.131198739,-0.667842850,4.611529365,-3.183495912,-3.079274289,7.285055265,40,191
6223,139,-1.688264083,-0.457683961,3.904708549,-2.438946489,-2.938763871,6.877800414,24,179
6224,139,0.827800863,0.643340844,2.826465794,0.397279742,-2.172925900,7.151221051,2,140
6225,139,0.831239248,0.111161387,2.714164959,0.391177602,-2.703773493,7.032891544,6,146
6226,139,-2.174495973,-0.326670857,4.489335589,-3.124119646,-2.737926724,7.170335618,58,236
6227,139,-2.174944007,0.087857646,3.771999196,-2.738596136,-2.341078358,6.553660193,70,257
6228,139,1.163940518,-0.912358195,7.017385511,-1.462533358,-3.672313151,10.944627244,12,152
6230,139,0.945105364,-1.034745421,6.813079720,-1.572007423,-3.771409704,10.656871069,33,176
6231,139,1.852429728,-2.575363902,8.583717787,-1.791305217,-5.374285708,12.584200558,6,145
6232,139,0.869836228,0.601075879,2.841034916,0.422263897,-2.219668209,7.182148500,2,140
6233,139,-2.109223880,-0.399963060,4.439747962,-3.052227826,-2.819582217,7.154364623,58,234
6234,139,0.793036645,-0.995635178,7.049361206,-1.811665748,-3.709360771,10.795425260,8,149
6235,139,0.875740224,0.284415805,2.794737221,0.412346571,-2.535585802,7.131654365,3,141
6236,139,-1.824034786,-0.528892903,4.543744528,-2.866771182,-2.979979810,7.374930837,12,150
6238,139,0.865310846,0.455021594,2.828867563,0.407026176,-2.364314744,7.163558998,3,141
6239,139,0.860255258,0.229631666,2.741150504,0.417647489,-2.589168352,7.074967215,7,146
6240,139,0.950976172,0.435072411,2.887589177,0.451984342,-2.393299456,7.254791644,3,141
6241,139,-2.181287366,-0.243790024,4.423449752,-3.089396240,-2.656191321,7.112284709,62,236
6242,139,-2.276867323,-0.316840884,4.435492563,-3.187163179,-2.716860778,7.075165602,57,236
6243,139,1.059427873,-0.687851434,6.624427142,-1.342832229,-3.444836549,10.557757119,32,179
6244,139,1.007207555,0.102583762,3.212421553,0.309550236,-2.723474576,7.554664381,7,146
6245,139,2.322362967,-0.531021982,6.028028741,0.060686900,-3.454376322,10.630795638,7,146
6246,139,0.929580184,0.272818682,2.811726014,0.450086907,-2.553273992,7.171462011,3,141
6247,139,0.857966794,0.436138406,2.830779395,0.397504518,-2.382125949,7.161056199,3,141
6248,139,1.119191023,-0.456212264,6.622817337,-1.262834132,-3.222227959,10.593487371,11,151
6249,139,0.882734038,0.422670747,2.807440715,0.428582591,-2.398967731,7.151569579,3,141
6250,139,0.145088107,-0.909722466,5.660663355,-1.714691171,-3.573828497,9.269670707,10,149
6251,139,0.828006466,0.477544019,2.810619642,0.385612345,-2.337813518,7.130832924,3,141
6252,139,0.817616670,0.608219082,2.808426524,0.392774161,-2.206914306,7.129149365,2,140
6253,139,0.461717054,-0.744065002,5.823164749,-1.494973127,-3.444491147,9.568164961,14,152
6254,139,-1.888794101,-0.342281271,4.372131589,-2.820901361,-2.790425752,7.200477722,43,195
6256,139,1.528677014,-0.031073386,4.055388677,0.353272737,-2.902164093,8.537795401,7,146
6257,139,0.796764250,0.127440925,2.801469481,0.321828387,-2.681663441,7.094352591,7,146
6258,139,2.545199533,-0.906612550,6.171689237,0.144219806,-3.851202283,10.847392401,5,143
6259,139,1.855309585,-2.457018851,8.459325434,-1.716455278,-5.259717068,12.480475848,7,145
6260,139,1.003456301,-0.933407075,6.668782209,-1.441254734,-3.680846048,10.560964748,15,155
6261,139,0.658448549,-1.143760359,6.792098266,-1.825529512,-3.845286973,10.499501099,15,155
6262,139,0.854342469,-0.221081740,2.667442599,0.394687697,-3.037248959,6.989486179,8,146
6263,139,0.786282096,0.432650239,2.782643937,0.357061544,-2.377879845,7.084805154,2,140
6264,139,1.052438425,-0.993359336,6.804676179,-1.469361603,-3.743515309,10.701475462,35,179
6265,139,1.087687592,-0.913906703,6.739415928,-1.398564076,-3.670264059,10.663579690,24,177
6266,139,0.814140128,0.167636228,2.799165346,0.342789970,-2.643925315,7.102055740,7,146
6267,139,3.327937995,-0.984057688,6.038537894,0.882441721,-4.025624923,11.094397819,2,140
6268,139,-2.092110881,-0.662871080,4.371374685,-3.035692081,-3.083962558,7.091770766,42,192
6269,139,2.706956497,-0.146548545,5.343940246,0.763810187,-3.133339910,10.223042843,5,145
6270,139,0.799260605,0.275916777,2.760112403,0.360767197,-2.535456665,7.064872668,3,141
6271,139,0.970105817,-0.134285092,6.087090673,-1.103571008,-2.895572114,10.063583817,12,151
6272,139,0.156139559,-0.921309234,5.473536294,-1.618295320,-3.590473488,9.109346944,10,148
6273,139,0.968401171,0.617624923,2.953026452,0.457679898,-2.212910845,7.327857346,2,140
6274,139,1.153047396,-0.925697344,6.724556481,-1.335780472,-3.690188222,10.680696152,17,158
6275,139,-2.102793085,-0.035315649,3.961701509,-2.779129024,-2.468202596,6.750029480,58,243
6276,139,0.887109642,-0.690881694,5.788896246,-1.100611068,-3.443958963,9.739745645,25,175
6277,139,2.111884422,-0.531722689,5.590050018,0.082679489,-3.438474906,10.145625007,6,146
6278,139,0.904115638,0.607395950,2.897006794,0.426634204,-2.216411516,7.247861259,2,140
6279,140,-1.338062830,-0.091230832,4.216649981,-2.412382086,-2.739085147,7.299741800,36,193
6280,140,-1.614279110,-0.412413384,4.681718124,-2.911850714,-3.021897770,7.557210541,19,168
6281,140,-1.250327468,-0.347028535,3.959158159,-2.240252693,-3.004758480,7.101698498,22,187
6282,140,-1.701629392,-0.344865629,4.580107099,-2.931434180,-2.944479908,7.430165141,48,195
6283,140,-2.214547516,-0.301913492,4.285121486,-3.230624716,-2.839687200,6.928717325,31,190
6284,140,1.507235494,0.111293274,4.053122204,0.162575330,-2.889996554,8.528684415,8,147
6285,140,1.792360064,0.180027221,4.214124821,0.340516868,-2.856359667,8.810016225,4,146
6286,140,-1.697777979,-0.117551541,4.399682216,-2.816183404,-2.720084817,7.286625013,24,180
6287,140,1.280511412,0.112057328,3.679232753,0.145577629,-2.862706589,8.092606381,5,146
6288,140,-1.487719307,-0.283261148,3.991924586,-2.455420400,-2.912046004,7.020445447,27,175
6289,140,1.248372893,-0.575111147,6.680907792,-1.403473292,-3.528949280,10.669396702,37,179
6290,140,1.172963762,0.132296904,3.200707860,0.284732480,-2.831210105,7.622919135,5,146
6291,140,0.895208832,0.406255639,2.680265468,0.324004775,-2.527088628,7.049308391,2,141
6292,140,-2.038971032,-0.149978027,4.443676289,-3.137597201,-2.709971840,7.160171250,39,200
6293,140,-1.950887474,-0.519008553,4.423744886,-3.092026022,-3.087128270,7.164145976,46,192
6294,140,1.529951363,0.161543576,3.685724821,0.364779737,-2.844366913,8.220377337,5,146
6295,140,1.098617936,0.151473396,3.097194784,0.272048548,-2.803405935,7.497715132,5,146
6296,140,0.941634350,0.382123338,2.628891950,0.386454144,-2.556967505,7.025136835,2,141
6297,140,1.028659262,-0.117006978,2.907284851,0.273126257,-3.061934397,7.282764945,6,146
6298,140,-1.787020565,-0.020122170,4.420947600,-2.893295709,-2.612301705,7.268039228,43,200
6299,140,1.613563775,0.073109384,3.720985424,0.410766148,-2.942308412,8.286314160,6,146
6300,140,-1.775069229,-0.238763282,4.348725889,-2.872187834,-2.831025563,7.198203153,22,173
6301,140,-1.540477208,-0.369445452,4.708723562,-2.855957547,-2.988264323,7.618586454,37,192
6302,140,-1.478652892,-0.220410488,4.568352390,-2.718203862,-2.848549583,7.533489768,17,180
6303,140,1.362974579,-0.628073782,6.705149876,-1.321332560,-3.595559330,10.742487516,12,152
6304,140,-1.709766167,-0.130062089,4.554104408,-2.902346966,-2.730417901,7.415526185,21,180
6305,140,-2.024457317,-0.108413251,4.211313618,-3.008507326,-2.671422477,6.965799339,33,196
6306,140,0.932140730,0.092443960,2.861886536,0.234118637,-2.842349000,7.208554509,3,145
6307,140,-1.830225742,-0.115849807,4.095516923,-2.784683085,-2.703230914,6.956798533,20,181
6308,140,1.203936821,-0.872722240,7.196491117,-1.723146281,-3.816786979,11.083319077,9,150
6309,140,-1.223860766,-0.167481723,4.347054665,-2.384275264,-2.828342116,7.464377432,30,193
6310,140,0.181666450,-0.461879234,4.842534870,-1.433204492,-3.292064872,8.554378751,10,150
6311,140,1.016315366,-0.094038865,2.583597667,0.420795480,-3.038879652,6.994467219,6,146
6312,140,1.859847584,-0.695405126,6.154583992,-0.631593709,-3.725858778,10.493848307,8,147
6313,140,2.535085327,-0.083239298,5.264473868,0.451521292,-3.205205716,10.071034721,5,145
6315,140,-1.534111042,-0.320190703,4.547469760,-2.767348513,-2.940800968,7.483068869,21,171
6316,140,2.964765061,-0.820266982,6.724997829,0.040677202,-3.983942154,11.515244338,4,143
6318,140,0.925042513,0.609660399,2.702994289,0.361384871,-2.328835621,7.094900254,2,141
6319,140,1.987249406,0.165475154,4.452102461,0.393767008,-2.893931747,9.110980902,5,146
6321,140,1.914800688,-0.770588389,6.268250741,-0.646824689,-3.806807327,10.615535801,8,147
6322,140,-1.809735588,-0.046607225,3.888706774,-2.659655787,-2.637853873,6.789231123,15,171
6323,140,2.796722720,0.017768020,5.195280309,0.723445959,-3.137540137,10.141196655,4,145
6324,140,2.199813491,0.125773612,4.908825260,0.354278593,-2.957790255,9.610698996,4,146
6325,140,2.646714108,-0.008272113,5.578945399,0.405394077,-3.143367497,10.404233945,5,145
6326,140,-1.973222246,-0.225202209,4.323614155,-3.030892041,-2.793204498,7.082178751,37,196
6327,140,-2.165426440,-0.233510735,4.238735181,-3.158049337,-2.778052859,6.915393338,44,196
6328,140,-1.990201642,-0.345173447,4.152355533,-2.976387645,-2.910828437,6.917239995,37,192
6329,140,1.097504629,0.132392009,3.148814326,0.244122745,-2.822002636,7.541352594,6,146
6330,140,2.092803613,0.105444578,4.633604635,0.391533430,-2.965825914,9.317171687,4,146
6331,140,1.506787155,-0.299238855,5.927009570,-0.785381232,-3.290027873,10.147740928,11,152
6332,140,1.732797649,-0.152645659,6.158952804,-0.684431261,-3.171553897,10.467335972,11,151
6333,140,1.209222643,-0.613346714,5.969055093,-1.098923054,-3.564832999,10.024656075,34,177
6334,140,2.883622733,0.294394644,5.130210399,0.860782507,-2.874012784,10.141240827,2,141
6335,140,0.959306380,0.455618416,2.669180863,0.390506588,-2.486059741,7.073018881,2,141
6336,140,1.537692763,-0.724759996,6.320207981,-0.994688038,-3.714573977,10.483269846,10,150
6337,140,1.576407114,-0.701989030,6.252500418,-0.925915631,-3.697020429,10.443724163,12,152
6338,140,2.801638551,0.008186206,5.209103231,0.720009096,-3.147601573,10.155125230,2,142
6339,140,2.581523655,-0.054184731,5.340463589,0.458502459,-3.181810233,10.161472759,4,145
6340,140,1.000885730,0.241844589,2.664230930,0.405515726,-2.703348968,7.076584093,7,146
6342,140,1.009807080,0.401239767,2.758575695,0.385382331,-2.545907909,7.172471044,6,146
6343,140,0.989245745,0.073331777,2.572951061,0.420805965,-2.869490296,6.981571781,7,146
6344,140,-1.967724019,-0.234640816,4.468370413,-3.096858781,-2.802685499,7.211144607,36,191
6345,140,-1.426642553,-0.199484332,3.712095675,-2.258341658,-2.837540904,6.809111343,22,175
6346,140,1.163432107,-0.643559083,6.484445341,-1.390252248,-3.587152901,10.452751614,38,180
6347,140,-1.529296127,-0.268527280,4.251669708,-2.615031326,-2.891280181,7.229027278,31,195
6348,140,2.213110423,-0.989765485,6.636088658,-0.588708153,-4.059698738,11.068305536,8,148
6351,140,2.310830618,0.162124401,5.034457175,0.394306900,-2.934933120,9.775940778,4,145
6352,140,2.072718653,-2.297629871,8.597731702,-1.799357378,-5.332573979,12.647032747,5,145
6353,140,1.001792492,0.263360908,2.680989800,0.400601735,-2.682044025,7.092911555,7,146
6354,140,1.379710963,-0.235464376,3.360399047,0.347119893,-3.221055895,7.841144043,6,146
6355,140,1.679340619,-0.499249101,5.926072025,-0.656910608,-3.509811816,10.218239100,10,150
6356,140,0.986954321,0.212139866,2.669509826,0.387591449,-2.731085870,7.072881926,7,146
6357,140,2.307218463,-0.054592150,4.873546430,0.444803417,-3.150171467,9.621041022,6,146
6359,140,2.991784285,0.290546312,5.534878927,0.759531497,-2.889607114,10.547412463,3,142
6361,140,0.792822675,-0.606929946,6.232786809,-1.587269080,-3.506033729,10.056987657,9,152
6362,140,0.913814027,0.154810089,2.698944436,0.303513780,-2.778832938,7.060481710,7,146
6363,140,1.002807263,0.226866046,2.651097487,0.411862510,-2.718501214,7.065153252,7,146
6364,140,-1.864686502,0.172021373,3.669254822,-2.577694340,-2.414970796,6.582875409,19,168
6365,140,0.985605713,-0.060725214,2.610999392,0.384564953,-3.001923235,7.005661362,7,146
6366,140,0.952201044,-0.717332574,6.261922002,-1.474873924,-3.635152517,10.152563448,27,176
6367,140,1.014691480,0.570632213,2.654677059,0.458304877,-2.378820288,7.093245963,2,141
6368,140,-1.742715611,0.039375102,4.072189076,-2.680278118,-2.560088401,6.986911786,53,231
6369,140,2.317347226,-0.169402769,5.017955294,0.371433423,-3.264790668,9.746010110,6,146
6370,140,1.227794340,-0.833471858,6.779473040,-1.497264579,-3.782407332,10.731453553,12,157
6371,140,1.009855875,-0.104662487,2.574082244,0.418592153,-3.048661598,6.982442723,6,146
6372,140,2.443833024,-0.360217830,5.100178908,0.420814326,-3.469438787,9.867872495,6,145
6373,140,-2.001666298,-0.083284107,4.587573544,-3.167116521,-2.647833045,7.307865266,49,236
6374,140,1.106535209,0.572404944,2.794612057,0.470969115,-2.387853796,7.259913985,2,141
6375,140,1.801980387,0.125560840,4.326845285,0.288605773,-2.911157382,8.910353102,4,146
6376,140,1.462906505,-0.544161604,6.179553540,-0.972103947,-3.526674221,10.334353506,12,152
6377,140,-0.495122927,0.054322330,3.293167810,-1.218736313,-2.702304669,6.901734655,20,180
6378,140,2.114327256,-0.290692236,4.666097634,0.351003741,-3.361460083,9.333736282,7,146
6379,140,1.044555678,-0.769095521,6.634215881,-1.579551634,-3.696469414,10.520115252,29,177
6380,140,0.979813955,0.428443278,2.634685405,0.421958263,-2.515692858,7.051072222,2,141
6381,140,-1.858579300,0.121554767,3.971707455,-2.723586889,-2.464626324,6.848038498,47,246
6382,140,1.097438651,0.562548938,2.806553081,0.456224874,-2.396464850,7.265475759,2,141
6384,140,1.174028625,-0.097388391,2.852251224,0.428182538,-3.060626098,7.305163129,5,146
6385,140,0.978640324,0.468008874,2.659272693,0.413451990,-2.476189507,7.074277332,2,141
6386,140,0.892939490,-0.105050530,2.647537813,0.281520248,-3.034327284,6.990876739,6,146
6387,140,1.265136171,-0.021496597,3.205294404,0.345739853,-2.995186728,7.662403285,7,146
6389,140,1.145019836,-0.934366211,7.262728720,-1.813054694,-3.870427639,11.109734361,14,156
6390,140,1.539447120,-0.678570295,6.230950775,-0.945096736,-3.669302324,10.408472818,10,151
6391,140,0.976779059,0.226515025,2.671256100,0.379485418,-2.715557852,7.070351406,6,146
6392,140,-1.828618560,-0.235756677,4.368696460,-2.928033828,-2.821353576,7.190261380,22,169
6393,140,0.972612599,0.238246442,2.653719556,0.385598741,-2.703470252,7.053647122,7,146
6394,140,-2.080771243,-0.534177982,4.357386634,-3.174671041,-3.086406188,7.043015459,43,192
6395,140,1.590938442,-0.444469143,6.434680444,-0.972669978,-3.442556237,10.624774485,12,152
6396,140,3.447536643,-0.772594177,6.144958018,0.745005354,-3.998492055,11.240476375,2,142
6397,140,-1.959636665,-0.236972080,4.435560169,-3.074283541,-2.806125139,7.186127020,39,199
6398,140,0.955539459,0.293968140,2.713907020,0.347902716,-2.645833006,7.101353390,5,146
6399,140,0.971286372,0.027372507,3.113247312,0.139948608,-2.910775190,7.443923958,3,145
6400,140,1.074833000,0.425327494,2.732315985,0.457217399,-2.530134291,7.181909125,2,141
6401,140,0.986364950,-0.063744715,5.688555694,-1.097129554,-2.993020732,9.703042429,12,151
6402,140,-1.841146071,-0.374937555,4.696597530,-3.112147154,-2.956644528,7.463841365,40,195
6403,140,0.938154909,0.423470546,2.649596815,0.378008710,-2.515426664,7.043936377,2,141
6404,140,2.770057921,-0.287060011,5.325825369,0.603848736,-3.436233767,10.225764806,6,145
6405,140,1.043906629,-0.326784729,5.883874287,-1.170104462,-3.260389052,9.886997020,13,156
6406,140,1.034507321,0.416221900,2.715059335,0.429463127,-2.534259270,7.146987081,2,141
6407,140,0.597659146,-0.306790160,4.508729687,-0.893693650,-3.190817680,8.469493525,33,175
6408,140,1.464111874,-0.706780954,5.947573108,-0.877240865,-3.689101232,10.122504766,10,150
6409,140,1.035952563,-0.258742217,5.915813159,-1.184912362,-3.191761142,9.914998417,12,152
6410,140,1.164611070,-0.792636361,7.108956841,-1.706372432,-3.732800692,10.992283623,9,151
6411,140,2.184136086,0.097971699,4.809773133,0.385287083,-2.983829934,9.514832110,5,146
6412,140,0.893368431,-0.293650503,5.264551749,-0.999107519,-3.211338192,9.274074439,33,175
6413,140,-2.114703530,-0.127832005,4.309410256,-3.136350665,-2.679169532,7.007518412,31,196
6415,140,-1.432528185,0.118947631,3.554475294,-2.152510758,-2.521434710,6.686007993,20,186
6416,140,2.672106616,-0.324647573,5.062494078,0.641355003,-3.462467748,9.946022585,6,145
6417,140,1.006558977,-0.467780157,5.857568448,-1.205426796,-3.395796924,9.838174937,29,175
6418,140,-1.561808172,-0.073155049,4.313459936,-2.651553742,-2.693149503,7.278582520,25,180
6419,140,1.537314108,-0.797417096,6.776175603,-1.222588453,-3.784851209,10.878628140,12,152
6420,140,2.879958313,-0.536036257,5.669960586,0.506282434,-3.695529693,10.565974674,6,145
6422,140,-1.540899097,-0.189977996,4.075497548,-2.531637977,-2.812586461,7.073482762,31,189
6423,140,1.741473861,-0.166448148,6.101423903,-0.650703014,-3.186545949,10.420293400,10,151
6425,140,1.508016204,-0.721578873,6.314986009,-1.017626334,-3.707774035,10.464677318,8,151
6426,140,-2.154456091,-0.257018765,3.980330416,-3.026661122,-2.803742118,6.692855257,29,173
6427,140,1.969097268,-2.185319881,8.406953665,-1.785222792,-5.209075434,12.436567767,6,145
6428,140,2.239458168,0.197612245,4.996686771,0.354344469,-2.891053361,9.710690582,4,146
6429,140,2.896812536,-0.302041299,5.494640365,0.631115920,-3.466090170,10.433502069,5,144
6430,140,1.231543303,-0.658614544,6.643354379,-1.409212019,-3.609882072,10.623753942,22,175
6432,140,2.299271582,0.130085913,4.848337390,0.470358101,-2.966024627,9.605499635,5,146
6433,140,1.663582707,-0.581184069,5.998405928,-0.714462056,-3.588892276,10.269502694,11,151
6434,140,3.111856028,-0.827424327,7.048154440,0.012162967,-4.007943571,11.868412918,4,143
6435,140,1.204531807,0.344130837,3.211976555,0.330066952,-2.624851227,7.659769362,6,146
6436,140,1.327185655,0.134753030,3.233078420,0.403506822,-2.847685095,7.725190874,5,146
6437,140,-1.537656076,-0.271243708,3.709190084,-2.361363575,-2.895057720,6.749444321,28,190
6438,140,1.000981696,0.368276864,2.660356364,0.421379462,-2.577911688,7.080322024,6,146
6439,140,2.824368310,-0.674385718,6.136152009,0.218223930,-3.824140707,10.940202907,6,145
6441,140,0.886718329,-0.101306381,2.595934582,0.301373111,-3.030044897,6.942885698,4,146
6442,140,-1.934054934,-0.475029100,4.664553589,-3.188513770,-3.044625121,7.385708507,33,196
6443,140,0.745266099,-0.380416979,4.828942890,-0.927657104,-3.280854804,8.816603041,12,151
6444,140,1.563698110,-0.704187930,6.160844382,-0.893070101,-3.697990751,10.357194328,10,151
6445,140,3.184190078,-0.743126155,6.751392656,0.227241206,-3.934376787,11.647652341,6,145
6446,140,2.882100549,-0.673482342,6.194035979,0.240645688,-3.830145640,11.018596702,6,145
6447,140,3.019210335,0.072510737,5.478347135,0.786605309,-3.109579260,10.498762618,2,141
6449,140,3.185988437,-0.898177544,7.083756396,0.051688231,-4.087167850,11.931105805,3,142
6450,141,1.235485194,0.566211274,3.424907317,0.133099739,-2.572795293,7.839489983,6,146
6451,141,1.128107810,0.081701127,3.086294121,0.156768016,-3.035181759,7.456635637,5,147
6452,141,1.768116884,0.119345597,6.129409329,-0.769397705,-3.123076504,10.424138032,11,152
6453,141,1.662223018,0.613007596,3.682428183,0.382155448,-2.582797630,8.273636582,5,146
6454,141,1.939998427,-0.123375340,4.428342528,0.185413793,-3.359074247,9.004727926,3,146
6455,141,1.635967649,0.616383887,3.618884583,0.390732710,-2.575246029,8.205754797,5,146
6456,141,1.359049005,0.102207517,3.657075473,0.080558666,-3.051969724,8.067746101,5,147
6457,141,1.269478733,0.210640429,5.860560142,-1.061463460,-2.967029272,9.955521458,11,152
6458,141,1.070346347,0.251258853,2.581968483,0.369724119,-2.852118098,7.001039377,5,146
6459,141,3.276212716,-1.864092950,6.191322024,0.309758679,-5.277701746,11.060711874,2,143
6460,141,1.326691310,0.068085332,3.567627905,0.092734638,-3.080480639,7.971563540,4,147
6462,141,1.384495935,-0.545520543,6.734225684,-1.463650835,-3.744859469,10.718099553,9,156
6463,141,3.021890002,0.512693643,6.065645709,0.388225305,-2.886041433,11.002462214,2,145
6464,141,0.578673772,-0.329151269,6.287465087,-1.922763512,-3.424190576,9.955113929,9,149
6465,141,-1.620473088,0.156194514,4.101434210,-2.714481569,-2.638617030,7.021414019,20,179
6466,141,0.478084669,-0.403837248,5.044222451,-1.410811236,-3.466924334,8.816067350,10,160
6467,141,0.721852385,-0.346809984,6.101757048,-1.709759069,-3.456490279,9.860852282,11,153
6468,141,1.834228676,0.026546267,6.357456388,-0.832626510,-3.226778936,10.648271629,9,151
6470,141,-1.727241589,0.171823991,4.257487757,-2.881646882,-2.612357270,7.107220112,43,200
6471,141,2.042812723,0.547732228,5.149639798,-0.010283840,-2.716817085,9.733036977,6,147
6472,141,-1.733742101,0.092050015,4.283315476,-2.907863498,-2.691110763,7.120777082,19,169
6475,141,2.078108980,-0.229974793,6.083232972,-0.512995494,-3.507134839,10.507858951,8,148
6477,141,1.988272644,0.384606139,4.924060915,0.036182927,-2.868527046,9.497887022,5,147
6478,141,-1.979602613,0.188043588,4.136284981,-3.039711822,-2.563362257,6.880826124,52,234
6479,141,2.674724528,-0.208128387,6.118329648,-0.010597273,-3.559395513,10.828052647,2,145
6480,141,1.518684297,0.202666963,4.050673911,0.036970293,-2.977940743,8.495665510,5,146
6481,141,1.205496639,0.552244158,3.242651811,0.194631392,-2.580179728,7.664931142,6,146
6482,141,-1.190947110,0.075447200,4.082858189,-2.341039908,-2.771302468,7.206599505,30,193
6483,141,1.706255205,0.209273564,3.644490935,0.398476158,-2.988254442,8.232192096,3,146
6484,141,2.425180108,0.162581368,4.832723110,0.437402237,-3.141196140,9.612779824,5,146
6485,141,0.486615751,0.264624739,4.292989731,-0.970003365,-2.793187935,8.213545572,30,177
6486,141,1.190326558,-0.167251150,6.176688980,-1.322142155,-3.337098704,10.165520954,10,150
6487,141,1.048013685,-0.375720798,6.221850721,-1.488428094,-3.527141363,10.120968684,31,179
6488,141,1.807751637,-0.017801241,6.070436592,-0.719967855,-3.263140296,10.381749628,13,153
6489,141,-2.176186992,-0.049266759,4.240346882,-3.284682328,-2.776246212,6.859369858,42,196
6490,141,0.770878400,-0.555413886,6.121792628,-1.697883667,-3.669822753,9.886713315,9,152
6491,141,0.660548977,-0.263856799,6.249140384,-1.826537721,-3.368887309,9.965969609,9,149
6492,141,0.823690422,-0.423522650,5.345075074,-1.259898856,-3.533575984,9.243999779,14,155
6493,141,2.106465372,-0.115817049,4.880749360,0.109763740,-3.378968976,9.480460605,4,146
6495,141,-1.871872077,0.034455945,3.753254224,-2.774753536,-2.723165327,6.587282807,27,180
6496,141,1.818409229,-0.032811447,4.988534335,-0.184310089,-3.262811215,9.441578349,4,147
6497,141,-1.972031198,0.105248778,4.403919028,-3.172018507,-2.650540084,7.111986799,38,195
6498,141,-1.532263157,-0.315459405,4.027137598,-2.648903445,-3.116349286,6.964582691,27,186
6499,141,1.165885991,-0.373088908,6.184545381,-1.367751857,-3.538461578,10.145496105,22,176
6500,141,2.549079988,-0.327826397,5.618696545,0.112281387,-3.655076022,10.322589021,6,146
6501,141,1.483214950,0.314877518,3.267908867,0.399387162,-2.850269061,7.803621905,6,146
6502,141,1.780385807,0.136848997,5.787337763,-0.590093952,-3.101989721,10.132804265,9,150
6503,141,2.393087252,0.428715958,4.760103404,0.471621443,-2.872056478,9.553415850,3,146
6505,141,1.858257357,0.046146802,6.030745219,-0.650411040,-3.205292765,10.376173093,10,151
6506,141,-1.728052030,0.155105244,4.303198768,-2.906326278,-2.629545927,7.145497356,48,233
6507,141,1.954185603,-0.538327844,6.110656489,-0.664668103,-3.798281701,10.449381761,8,148
6508,141,2.681322876,0.169946121,5.225765432,0.468459898,-3.171408545,10.079971709,4,145
6509,141,1.714792031,-0.444659234,6.221751125,-0.917094178,-3.677580778,10.437656891,9,151
6510,141,3.148938079,0.500041128,5.684839195,0.682942048,-2.908407315,10.730512385,4,145
6511,141,1.880692005,0.004075908,6.172161018,-0.704168645,-3.251960499,10.507336900,11,152
6512,141,1.685544403,-1.827238295,7.630823245,-1.768270055,-5.067429921,11.551965424,3,144
6513,141,1.926057987,-0.245574653,6.088354224,-0.648901304,-3.503985644,10.437796258,9,151
6514,141,2.908660245,-0.091603594,5.265687589,0.619955071,-3.459520098,10.205372095,4,144
6515,141,1.923561093,0.094763546,6.443158812,-0.790161518,-3.171388382,10.771183769,12,152
6516,141,2.313786164,-0.041934440,6.823516356,-0.651054259,-3.360854510,11.281463657,9,151
6517,141,1.123127830,0.086465920,2.578958676,0.400482005,-3.022087433,7.011811191,6,146
6518,141,1.717770612,-0.399831291,6.226186201,-0.912192828,-3.633532914,10.446250423,11,152
6519,141,1.368900965,-0.547413358,6.776018474,-1.497755782,-3.745457736,10.746907847,10,152
6520,141,1.219453937,-0.303071723,5.718322829,-1.086805713,-3.468449805,9.769593173,11,153
6521,141,2.842986291,-0.281749234,5.487056804,0.435975922,-3.643502051,10.352935898,5,145
6522,141,1.622485403,-0.512799774,6.577689240,-1.177630267,-3.739278852,10.698750519,10,151
6523,141,1.390083521,-0.056893586,6.227834894,-1.162849628,-3.252950476,10.314660174,11,152
6524,141,2.809376687,-0.098358597,5.109239358,0.609527878,-3.451617044,10.020418806,5,145
6525,141,1.960313670,-0.222609033,5.955546783,-0.552097143,-3.483382014,10.340107299,8,148
6527,141,0.989650855,-0.071413925,2.511448889,0.301895102,-3.161295715,6.876898639,3,146
6528,141,1.080760986,0.048572150,2.576159868,0.361321153,-3.054433653,6.986142720,5,146
6529,141,1.422598628,-0.313153993,6.577014940,-1.330663708,-3.516570751,10.616315803,12,153
6530,141,1.972152551,-1.838504785,5.683994086,-0.570911255,-5.084117789,9.990405832,3,144
6531,141,1.374456975,-0.349151146,6.382006859,-1.280853310,-3.543386973,10.420251069,22,174
6533,141,1.393004714,-0.394345872,6.047764218,-1.106194823,-3.585406748,10.134185559,30,176
6535,141,-1.671387317,0.122115736,4.469148868,-2.941465672,-2.671788650,7.315260156,36,195
6536,141,1.122120932,0.031316808,2.546217204,0.410070446,-3.076186812,6.978708903,4,146
6537,141,-0.039119808,0.134953252,2.931626031,-0.774566311,-2.836371595,6.762179585,22,172
6538,141,2.605642288,0.041632746,5.185247567,0.409775357,-3.288801717,9.998678788,5,146
6539,141,1.016550511,-0.242656335,5.648859651,-1.222811859,-3.382475514,9.615464325,23,175
6540,141,1.076799813,-0.260128148,5.674751527,-1.184949438,-3.407620767,9.665860607,26,176
6541,141,1.086468759,-0.223058883,5.406499057,-1.041963895,-3.367927365,9.439130426,13,153
6542,141,3.898890060,0.134922450,6.997155418,0.656383555,-3.383032549,12.211032236,5,145
6543,141,2.246066535,-0.345424050,6.392899859,-0.530003032,-3.647090029,10.850722102,8,148
6544,141,2.693394616,-0.424649188,6.159521979,-0.036159362,-3.777172429,10.857146153,6,146
6545,141,2.291324617,-0.481816856,6.377325346,-0.496797949,-3.787760704,10.848978315,7,147
6547,141,3.513501863,-0.430953050,6.523801713,0.496592934,-3.889893485,11.570437338,4,145
6548,141,2.957114152,-0.082384130,5.688660181,0.456501812,-3.462797375,10.598578001,5,145
6549,141,1.753644440,-0.193767881,4.875902894,-0.201605473,-3.412836479,9.300225658,2,145
6550,141,2.419163922,-0.410473332,6.301088444,-0.341611370,-3.731530644,10.849374993,6,146
6551,141,1.108468913,0.451337880,2.614201608,0.407060145,-2.658765522,7.062233529,6,146
6552,141,-2.091663450,0.057713637,4.211808494,-3.186766895,-2.680054011,6.883099631,36,189
6553,141,-2.138639455,0.053806278,3.977048932,-3.113340003,-2.674563896,6.655256671,26,179
6554,141,-1.558564513,0.071669142,4.223913610,-2.729015668,-2.731978822,7.151992538,26,180
6555,141,0.807611556,-0.155302248,5.461964137,-1.304056320,-3.267233078,9.357909137,32,180
6556,141,1.293091798,-0.624182827,7.329499937,-1.841241248,-3.820766920,11.187734994,13,153
6557,141,-1.360882733,-0.051860296,3.473714940,-2.203892210,-2.867410942,6.583627208,23,175
6559,142,1.099627720,0.715657184,2.646592291,0.290751911,-2.630947523,7.030682057,5,146
6560,142,1.036927215,0.752850701,2.707853764,0.209027818,-2.590160417,7.057612778,4,146
6561,142,1.793934526,0.578357533,6.304688594,-0.925666208,-3.073320577,10.524564530,10,153
6562,142,-1.460943054,0.537399103,4.550686333,-2.881209563,-2.610411878,7.420696732,33,196
6563,142,2.014879085,0.823137439,4.783096739,0.036130706,-2.765603265,9.339561482,5,146
6564,142,1.565828764,1.000128254,3.768760857,0.161877007,-2.474009095,8.262059774,5,146
6565,142,1.192510138,0.740832835,2.842458538,0.276354729,-2.629208221,7.248430168,5,146
6566,142,1.854145329,0.856833285,4.388918302,0.094239784,-2.688725070,8.923556110,5,146
6567,142,-1.781460199,0.184953484,4.406961810,-3.114748593,-2.911747926,7.100912427,46,196
6568,142,3.252040250,-1.629641763,6.483931848,0.079743111,-5.449533948,11.137935103,2,143
6569,142,1.350510979,0.805920314,3.245995848,0.218809735,-2.608457761,7.682366797,5,146
6571,142,3.146567577,-1.626629062,6.492950728,-0.015828936,-5.434223992,11.094964292,2,143
6572,142,1.720874302,0.629701586,3.540600416,0.380548219,-2.846080107,8.097565745,4,146
6573,142,3.019346828,-1.516184045,6.078223858,0.087325986,-5.284157324,10.686038070,2,143
6574,142,2.914022322,-1.276711513,5.791707028,0.155971624,-5.016706018,10.413476491,2,143
6575,142,-1.498799308,0.472144452,4.250767824,-2.770815226,-2.652267864,7.134858413,23,172
6576,142,1.174258086,0.509269629,2.614492990,0.355461514,-2.842573524,7.015749463,4,146
6577,142,2.895740141,-1.290541132,5.485907447,0.290156772,-5.009649027,10.137825580,2,143
6578,142,2.012229352,0.939817284,4.750007756,0.059106327,-2.647683480,9.322734923,5,146
6579,142,-1.640763717,0.411136996,4.573576835,-3.057911819,-2.714938256,7.339136236,37,193
6580,142,2.903159272,-1.294541054,5.497588800,0.290505337,-5.015224770,10.151102872,2,143
6581,142,1.544150598,0.762299316,3.866807945,0.076474896,-2.712914675,8.309771213,4,145
6582,142,1.964184226,0.612198737,6.244147482,-0.745720308,-3.056904194,10.558408125,9,153
6583,142,2.231014207,0.388583999,6.687427320,-0.750724849,-3.337852807,11.047020073,10,153
6584,142,3.385607611,-1.474625867,6.483169800,0.207653449,-5.312217855,11.219507064,2,143
6585,142,1.910072435,-1.245413387,7.958573362,-1.781639450,-4.994456090,11.809675949,2,145
6586,142,-1.683750882,0.676581156,4.628751117,-3.102099630,-2.450066043,7.396082239,13,169
6587,142,-1.733054241,0.556523874,4.165725541,-2.925229413,-2.534934961,6.957047560,45,246
6588,142,1.834360472,0.853258829,3.688075939,0.423073724,-2.647391960,8.305701719,5,146
6589,142,1.751450385,0.743744281,5.664107138,-0.633341015,-2.865482541,9.967023848,9,151
6590,142,-1.764674962,0.324914442,4.044935509,-2.910653095,-2.753207668,6.810836798,25,175
6591,142,1.719921184,0.577513459,4.161437630,0.069014735,-2.935277936,8.629687903,5,146
6592,142,3.129835951,-1.627603934,6.446238525,-0.007316682,-5.430317863,11.046228153,2,143
6593,142,3.219632753,-1.570231116,6.689317025,-0.045248517,-5.399165380,11.307059443,2,143
6594,142,1.291778332,0.571977968,5.736376454,-1.080289330,-2.983927639,9.787488670,11,153
6596,142,3.329475674,-1.456923173,6.399145956,0.201903997,-5.282739492,11.121414476,2,143
6597,142,1.385735754,0.053790138,6.377418066,-1.355243393,-3.547586356,10.330600157,33,176
6598,142,1.150964934,0.484473624,2.596580722,0.342241016,-2.863210437,6.986125174,4,146
6599,142,1.211502064,0.007474137,7.014825969,-1.824587549,-3.610823802,10.793750753,10,151
6600,142,3.114106878,-1.581133174,6.334806716,0.037666246,-5.375609941,10.947195013,3,144
6601,142,3.648832091,-1.578551662,7.012065302,0.166382348,-5.479340586,11.794124188,2,143
6602,142,3.254085590,-1.473855304,6.721061936,-0.023722606,-5.309816119,11.362162793,2,143
6603,142,3.261183485,-1.436945245,6.579903828,0.054984822,-5.265564580,11.247335592,2,143
6604,142,-1.966816612,0.250251772,4.264898062,-3.200101729,-2.815831151,6.895199547,41,196
6605,142,3.114998447,-1.408963607,5.923058555,0.255024372,-5.180209450,10.609920946,2,143
6606,142,1.196698216,0.069308302,6.176862381,-1.418694451,-3.496992580,10.066757741,31,176
6608,142,2.294121578,-2.054335881,8.432788838,-1.745169642,-5.871433701,12.315946516,3,144
6609,142,-1.914387651,0.427339671,4.307232266,-3.162066146,-2.649357798,6.977303273,30,190
6610,142,3.100636203,-1.638281163,6.391230464,-0.006246240,-5.433999425,10.983158227,2,143
6611,142,1.563107939,-1.550511816,6.304907859,-1.288495384,-5.154180871,10.172796010,3,144
6612,142,3.326270477,-1.420828365,6.270380460,0.265503458,-5.238789017,11.012248887,2,143
6613,142,3.166124905,-1.448540079,6.398780145,0.061252531,-5.254477297,11.042850506,2,143
6614,142,1.349596861,0.042515344,6.475206937,-1.435715851,-3.560270089,10.396623716,21,175
6615,142,0.868300641,-1.813558407,7.283731670,-2.393940117,-5.389281968,10.655254465,3,144
6616,142,-1.756198010,0.322364306,4.561182707,-3.158551939,-2.788044772,7.262414111,36,196
6617,142,2.693916962,-1.292779682,5.051195042,0.329956666,-4.960899923,9.662691941,2,143
6618,142,3.531355241,-1.713097492,6.654199336,0.231148686,-5.576614110,11.411613242,2,143
6619,142,3.149379916,-1.518253472,5.909350753,0.283215201,-5.291845541,10.602376138,2,143
6620,142,3.153284762,-1.612902164,6.403270637,0.035343733,-5.416011696,11.021986642,2,143
6621,142,1.706922605,-1.727282731,6.888162665,-1.465610297,-5.382190090,10.728456777,3,144
6623,142,1.269469260,0.428347754,5.595876935,-1.041182887,-3.114983875,9.638618266,11,152
6624,142,1.186608102,0.564910947,5.348759245,-0.980417213,-2.954610585,9.399514584,10,152
6625,142,-1.757837656,0.454414475,4.099507105,-2.921788194,-2.629055847,6.876085563,50,201
6626,142,1.521329340,0.048808082,6.720160269,-1.407518274,-3.589834252,10.693043409,28,175
6628,142,2.705157729,-0.004186798,6.454676477,-0.255133223,-3.770723775,11.030722889,5,146
6629,142,1.331766960,0.098584937,6.071983327,-1.247662221,-3.478118599,10.044575496,32,177
6630,142,1.016038537,-0.002361720,6.801984843,-1.889473488,-3.583819092,10.513278579,10,151
6631,142,-1.737485097,0.421030915,4.043951355,-2.879267880,-2.661246111,6.834003026,36,196
6632,142,2.461113433,-0.221040712,6.724450257,-0.616355425,-3.972116521,11.121940285,7,148
6633,142,-1.846883296,0.354685220,3.943351944,-2.929388462,-2.707527596,6.686233238,42,196
6634,142,2.027946301,0.531998134,6.084203072,-0.617612788,-3.134448290,10.441552102,10,152
6635,142,-1.242843686,-1.338057558,5.143819276,-3.128778587,-4.530929977,7.829391630,2,144
6636,142,1.199024557,0.065048309,5.920821773,-1.290511812,-3.485984829,9.845334182,26,177
6637,142,2.637500595,-2.104368148,6.767456847,-0.628869066,-5.862012732,11.032386121,2,143
6638,142,-1.223006006,-1.226606162,4.840952972,-2.953447029,-4.404590075,7.588892111,2,144
6639,142,1.760047917,0.135446602,6.520145526,-1.095330531,-3.521018914,10.645064744,26,176
6640,142,1.374845792,0.382349855,5.943067154,-1.124962109,-3.194446952,9.985645253,10,152
6641,142,1.102203399,0.157154724,5.301000586,-1.061106896,-3.345370276,9.271193812,30,175
6642,142,3.099088840,-0.206243444,6.573373289,0.011945655,-4.026162106,11.301864316,2,143
6644,142,2.359927832,-0.017542614,6.442301053,-0.549034177,-3.741073888,10.851116863,6,147
6645,142,2.141024703,0.046879001,6.193692613,-0.610871113,-3.635476727,10.536632660,7,148
6646,142,-1.569072418,0.496957881,4.216874501,-2.813034484,-2.617056405,7.074191610,34,196
6647,142,2.611259228,-1.667173307,6.748801375,-0.608944258,-5.424562228,11.052782754,2,143
6648,142,2.879812330,-2.375207462,7.542063706,-0.822407678,-6.206826418,11.791155535,2,143
6649,142,-1.292433199,-1.592347342,5.799626297,-3.515167069,-4.816527869,8.345475973,2,144
6650,142,2.701657387,0.104436991,5.875942062,0.036058898,-3.627623822,10.539322385,5,146
6651,142,1.564530679,-1.620984932,6.559277788,-1.418321012,-5.239581130,10.386161067,3,144
6652,142,1.120593252,0.561915631,2.822609247,0.210192938,-2.796477761,7.176174254,3,145
6653,142,-1.615294393,0.434519308,4.636932747,-3.065365580,-2.698720581,7.409070627,36,195
6654,143,1.818012669,0.913073924,3.495744896,0.448457220,-2.620319796,7.969103380,3,146
6655,143,1.685764293,0.714609213,3.838579740,0.147973365,-2.822646538,8.176918075,4,146
6656,143,-1.617498189,0.540308003,4.737823795,-3.165405354,-2.638026475,7.317848403,43,200
6657,143,1.700149512,0.763857209,3.641933250,0.262312837,-2.762780797,8.019931706,4,146
6658,143,1.874759241,0.638381179,4.450659647,-0.000227027,-2.962165821,8.789080332,5,147
6659,143,1.289001490,0.759133561,2.816727289,0.318919010,-2.661380847,7.105304089,4,146
6660,143,2.198265528,0.804897662,6.753299488,-0.857434264,-2.989521053,10.956793814,9,151
6662,143,-1.215513495,0.313005275,4.464729317,-2.699577706,-2.895722260,7.251242831,38,193
6663,143,2.115371436,0.654580975,6.615908678,-0.871948795,-3.118830708,10.779562007,9,152
6664,143,1.267390062,0.813800731,2.813777885,0.305932134,-2.604351333,7.098729303,4,146
6665,143,1.823255667,0.245155156,6.609089286,-1.152102094,-3.486837871,10.581843813,31,177
6666,143,-1.582278090,0.658274370,4.323261318,-2.919049979,-2.498436521,6.990981090,56,234
6667,143,2.297720971,0.746547809,5.552679738,-0.176852857,-2.980864108,9.961043905,3,146
6668,143,1.663217780,0.774063319,3.508260942,0.297932665,-2.739234387,7.887594266,4,146
6669,143,1.901744364,0.645527178,4.555426063,-0.028674138,-2.965382099,8.893654141,5,147
6670,143,-1.679495814,0.181157871,4.366989163,-3.061399387,-2.961332139,6.924139051,33,192
6672,143,-1.386834474,0.505455834,4.324523493,-2.762710024,-2.674416398,7.069353319,19,180
6673,143,1.725530775,0.944394260,3.314456254,0.461514020,-2.565741992,7.770986700,4,146
6677,143,1.237820183,0.407777854,2.837044533,0.237640172,-3.004054861,7.055792272,4,146
6679,143,-1.364908138,0.498500094,4.140572961,-2.652510720,-2.671968865,6.920299411,24,180
6682,143,-1.655685507,0.228925647,4.328839149,-3.018141868,-2.914541427,6.908533573,40,192
6684,143,2.030162073,0.443939553,6.046065661,-0.677259372,-3.279124493,10.220318377,6,151
6686,143,1.111516495,0.226878356,5.752410884,-1.340282875,-3.358903016,9.491419472,25,176
6688,143,2.464770615,-0.001961065,6.563522071,-0.594600976,-3.809293172,10.826587165,6,148
6690,143,1.961730264,0.182451117,5.974898680,-0.720873220,-3.524654204,10.094077150,9,152
6691,143,1.023367222,0.130371013,5.606556109,-1.350980011,-3.433730896,9.310743141,10,152
6692,143,1.145629100,0.189006517,6.008657370,-1.441634226,-3.417538935,9.724978759,24,179
6693,143,1.799529231,1.065500437,4.094540157,0.145348735,-2.506486057,8.495694655,4,146
6694,143,2.063620058,0.186076799,6.403984901,-0.846800652,-3.562120587,10.515085716,11,156
6695,143,-2.047888795,0.284568946,4.552783927,-3.464169239,-2.824762795,6.916914519,12,159
6696,143,1.265717523,0.752862505,2.829953175,0.291739426,-2.665523626,7.104596360,4,146
6697,143,1.368055768,0.597354745,3.055279806,0.255681612,-2.847165702,7.330724333,4,146
6698,143,1.379897557,0.431783005,2.743359146,0.408873141,-2.992037896,7.047187510,4,146
6699,143,1.292571660,0.719010518,2.792612837,0.330956918,-2.699960724,7.081412807,4,146
6700,143,1.538460803,0.638311056,3.310200333,0.278681454,-2.844862489,7.639213349,4,146
6701,144,1.556706548,0.556039868,3.036924863,0.455577875,-2.669132062,7.142916176,3,146
6702,144,-1.463682325,0.247147806,4.843965604,-3.076980665,-2.648451663,7.207429491,42,200
6703,144,1.375925438,0.383857058,3.061366799,0.271100553,-2.818797163,7.062327012,3,146
6704,144,1.388105911,0.411980397,3.134337419,0.248098695,-2.793783185,7.133805770,3,146
6705,144,-1.322144250,0.445015414,4.488613310,-2.759884584,-2.462062323,6.983445207,18,179
6706,144,-1.560896952,0.412241874,4.547900300,-2.998487697,-2.467076720,6.915362061,54,243
6707,144,1.999713020,0.229105079,3.856220638,0.400859614,-3.062989004,8.046392396,3,146
6708,144,-1.441095212,0.049994562,4.859433540,-3.083811616,-2.847156614,7.216837822,38,196
6709,144,-1.617592860,0.343484556,4.952423587,-3.254501122,-2.536476905,7.233515837,52,234
6710,144,-1.121571085,0.014737159,4.572664761,-2.669135476,-2.914891353,7.121807362,24,179
6711,144,-1.257436504,0.412873075,4.703511431,-2.813613103,-2.505970897,7.199284750,35,196
6712,144,-1.495835227,-0.029797181,4.685524922,-3.052395437,-2.916354182,7.032902727,43,192
6713,144,-1.337569497,0.385746952,4.944955968,-3.005064351,-2.528022701,7.367548606,20,172
6714,144,2.207263406,0.092839050,6.945969889,-0.964759635,-3.284016249,10.820275424,9,156
6715,144,-1.522090075,0.215834104,4.966392292,-3.191064792,-2.674926295,7.282690456,58,238
6716,144,-0.468807351,0.638196306,2.077876980,-0.809705610,-2.325364817,5.323545170,22,175
6717,144,-1.391264113,-0.017505096,4.704166436,-2.970201903,-2.917083354,7.101294324,35,192
6718,144,-1.542821932,0.335438684,4.930746259,-3.179968007,-2.553018765,7.250735474,41,201
6719,144,-1.510992884,0.311542994,5.023088186,-3.200535832,-2.582378849,7.344682662,38,200
6720,144,-1.532979607,-0.036853272,4.840990548,-3.162208313,-2.921956697,7.149130083,38,192
6721,144,-0.842189048,0.499126152,3.751622848,-1.975036138,-2.451501836,6.583018808,17,180
6722,144,-1.147564575,0.483488434,4.477572497,-2.600060672,-2.444631363,7.062392118,16,173
6723,144,-1.470031394,0.255033890,4.591291199,-2.956439626,-2.634886053,6.985545088,29,191
6724,144,-0.978874786,0.159692372,4.261870634,-2.378139582,-2.782037396,6.933025867,16,184
6725,144,-0.843565591,0.365572303,3.587826998,-1.907655671,-2.580671641,6.429908913,22,180
6726,144,-1.603943459,0.363865009,4.908155644,-3.218841092,-2.517016141,7.203333711,53,236
6727,144,1.405492337,0.375248138,3.021040468,0.315803493,-2.830100033,7.041151075,3,146
6728,144,1.415823935,0.378078164,3.029533310,0.320779520,-2.828699487,7.053806388,3,146
6729,144,-1.510734811,0.062229471,5.021778895,-3.223261515,-2.829843235,7.324584533,42,200
6730,144,-1.283020522,0.174345021,5.036589906,-3.023415384,-2.746209921,7.457663656,38,195
6731,144,1.378749686,0.178081396,2.938571743,0.314943469,-3.020963623,6.941344588,3,146
6732,144,-1.320975866,0.252390839,4.830022805,-2.946378196,-2.660117265,7.265686962,33,196
6733,144,1.353503954,0.338808788,3.037132709,0.259496272,-2.860339547,7.026845584,3,146
6734,144,-1.506552209,0.280241058,4.790381916,-3.084289718,-2.609399216,7.142424213,43,203
6735,144,-1.269481336,0.352237724,4.467567832,-2.712769696,-2.560062251,6.983887818,19,179
6736,144,1.956366686,-0.781657578,7.651193191,-1.613769765,-4.135753355,11.242606069,9,152
6737,144,-1.505784344,0.230156515,4.750952104,-3.068818133,-2.658427070,7.104732560,36,196
6738,144,-1.255317398,0.471250081,4.971873255,-2.939311691,-2.453567003,7.437788693,16,170
6739,144,-1.633078732,0.202964248,4.664299747,-3.138318505,-2.668418165,6.965012168,33,196
6740,144,-0.772977698,0.720762382,5.323565280,-2.673676909,-2.270782109,7.998701431,4,147
6741,144,1.386864703,0.383532766,3.114313938,0.254262234,-2.821475829,7.113634594,3,146
6742,144,-1.126369188,0.418379057,5.007582896,-2.850704339,-2.522239267,7.527960872,15,180
6743,144,-0.892952039,0.335598835,4.108000544,-2.211027397,-2.614731853,6.855024715,22,186
6744,144,1.520099866,0.244517273,3.583292471,0.123602770,-2.984698376,7.575483363,4,147
6745,144,1.520104463,0.395649010,2.996511388,0.428836482,-2.823136942,7.077604738,2,146
6746,144,1.402754409,0.206515007,2.993448654,0.311149262,-2.996705914,7.002934684,3,146
6747,144,-1.692983857,0.294479523,4.757952564,-3.227803421,-2.572230928,7.023961174,30,196
6748,144,-1.202511466,0.388565317,4.764235048,-2.798605681,-2.537892046,7.277071651,16,171
6750,144,1.548844862,0.558343199,3.039163226,0.447899396,-2.665945468,7.141181736,3,146
6751,144,-1.220774394,0.355618876,4.108792627,-2.492522560,-2.555493038,6.696531301,21,181
6752,144,-1.415971138,0.239414598,4.573985746,-2.902669691,-2.656542993,6.995827273,18,172
6753,144,-1.305530067,0.233499016,4.903510275,-2.971267469,-2.682171218,7.335615705,39,196
6754,144,-1.273120979,0.445895670,4.322816331,-2.635279362,-2.463813356,6.863598777,17,180
6755,144,-1.040175566,0.250650349,3.597098679,-2.092856341,-2.671301450,6.332772659,17,185
6756,144,-1.543997043,0.023687571,4.760329210,-3.125997305,-2.858954249,7.078332601,40,196
6757,144,-0.673176970,0.195516036,4.010049004,-1.985998092,-2.778246869,6.867000818,19,185
6758,144,-1.323696884,0.326234762,4.097855491,-2.578730480,-2.572078534,6.634328392,23,175
6759,144,-1.560079242,0.168175853,4.668914888,-3.080881561,-2.711808554,7.002143408,34,196
6760,144,-0.651457335,0.303186502,3.084977073,-1.498408154,-2.655770897,6.082731452,16,186
6761,144,1.659839880,0.268837007,3.913308033,0.082916055,-2.983845698,7.932376703,3,146
6762,144,1.349763451,-0.185037006,6.595374256,-1.557485120,-3.449905258,10.074221867,6,151
6763,144,1.419072358,0.380456609,2.989920193,0.343449004,-2.825948961,7.021188336,3,146
6764,144,-1.463633150,0.212857439,4.849286202,-3.082821754,-2.682597658,7.209447685,50,236
6765,144,-1.493726796,0.282867451,4.254731579,-2.807394873,-2.597785624,6.683853562,31,190
6766,144,1.398804780,0.597861576,3.119699135,0.282186002,-2.610281641,7.140573093,3,146
6767,144,-1.320519634,0.097460483,4.753475029,-2.922696301,-2.812442773,7.187588992,21,169
6768,144,-1.203960640,0.084349746,4.450583563,-2.673142934,-2.833494672,6.980753150,37,193
6769,144,-1.197133281,0.220219702,4.960145087,-2.907028724,-2.709489321,7.436911362,16,170
6770,144,-1.541605273,0.273032188,4.229874153,-2.837333296,-2.601306335,6.638046707,30,196
6771,144,-1.481633744,0.209806227,5.019297229,-3.182941004,-2.686811355,7.347995370,41,200
6772,144,1.356940771,0.186774989,2.968538912,0.282081790,-3.010304740,6.957336362,3,146
6774,144,-1.563137873,0.183461769,4.627941210,-3.061760470,-2.695462066,6.966240303,43,203
6775,144,-1.735879006,0.191905365,4.393553658,-3.093873590,-2.661713496,6.678702307,36,196
6776,144,1.432401992,0.602340073,3.136900976,0.303084526,-2.610211413,7.172321789,3,146
6777,144,1.418722798,0.381148163,2.996715962,0.339843366,-2.825354371,7.026970096,3,146
6778,144,-1.397735014,0.307452404,4.477014945,-2.832409334,-2.589292600,6.925785127,24,191
6779,144,-1.291605731,0.268908600,4.579693104,-2.795347549,-2.642321513,7.064010350,40,195
6780,144,-0.815812936,0.355226306,3.916333652,-2.047550091,-2.600743428,6.727936673,14,180
6781,144,-1.023776343,0.356269855,3.315360240,-1.929017110,-2.562889934,6.104289373,14,180
6782,144,-1.665030220,0.548641503,3.684844032,-2.647570120,-2.302186955,6.125436155,20,171
6783,144,-1.363181439,0.181787687,4.144256180,-2.649493439,-2.711621393,6.644197826,24,179
6784,144,-1.458805623,0.504301098,4.196863464,-2.727598984,-2.381054777,6.667684993,57,238
6785,144,-1.405094900,0.157976079,4.528428957,-2.878401828,-2.737785349,6.955371171,38,195
6786,144,1.446361476,0.543946450,3.100245486,0.327782004,-2.669125963,7.142869835,3,146
6788,144,-1.147608193,0.358063916,3.874116254,-2.312777213,-2.557235053,6.528838586,20,167
6789,144,1.391263922,0.379904495,3.040649181,0.294239368,-2.824155080,7.051556706,3,146
6790,144,-1.430510285,0.022624281,4.262891149,-2.781499921,-2.863848393,6.702004819,27,180
6791,144,1.382137992,0.370497566,3.131321828,0.240515564,-2.834181131,7.125085835,3,146
6792,144,1.321675754,0.706273433,3.026473248,0.272085721,-2.491574445,7.030120981,3,146
6793,144,1.437218121,0.735007637,3.137222960,0.319639510,-2.479115543,7.185119706,3,146
6794,144,1.366503964,0.366025834,3.053197248,0.265330048,-2.835203036,7.049250051,2,145
6795,144,1.426143030,0.337442522,2.977719645,0.351530576,-2.869252316,7.010768782,3,146
6796,144,1.385327841,0.688293801,3.065716505,0.305875780,-2.517839997,7.094021225,3,146
6797,144,1.398835948,0.737137195,3.099092609,0.305612076,-2.471639915,7.133360687,3,146
6798,144,1.451521079,0.732669515,3.138338046,0.331212582,-2.483176532,7.192920809,3,146
6799,144,1.345169385,0.715195293,3.103141664,0.255199321,-2.487051059,7.108886359,3,146
6800,144,-1.238085282,0.351068061,3.551669642,-2.231676532,-2.546959997,6.203994060,15,164
6801,144,1.402557054,0.362320215,3.036607870,0.304327643,-2.842885705,7.052238118,3,146
6802,144,1.385310119,0.371988764,3.174665261,0.221905489,-2.833935589,7.164386524,2,145
6803,144,-1.722710588,-0.092568314,4.324474125,-3.075181781,-2.944293051,6.603402407,38,192
6804,144,0.602602020,0.270804183,4.597871941,-1.168979141,-2.868360590,8.008568026,21,173
6805,144,1.372704230,0.337816604,3.027629321,0.280689038,-2.863443865,7.027931518,3,146
6806,144,-1.351396731,0.300286650,3.956955701,-2.535240890,-2.591731430,6.496430763,14,171
6807,144,-1.537716713,0.170475452,4.651471318,-3.052710636,-2.711869122,6.998137871,62,236
6808,144,1.465491642,0.218496088,2.984227198,0.371014075,-2.992169369,7.026602508,3,146
6809,144,-0.780406597,0.461788127,4.444790060,-2.268906743,-2.509633648,7.212266567,24,193
6810,144,1.377752847,0.366220600,3.040859807,0.281176125,-2.836118177,7.044068147,3,146
6811,144,2.302874203,0.048412896,4.780197691,0.187359012,-3.296951900,8.983392299,3,146
6812,144,-1.508339855,0.244521591,4.031577784,-2.712999980,-2.629696581,6.480008382,36,196
6813,144,1.346904869,0.546533477,3.079806398,0.252303189,-2.654207389,7.076564101,3,146
6814,144,1.342589687,0.178325949,2.980886262,0.262771511,-3.017209988,6.960374061,3,146
6815,144,-1.526169752,0.231817821,4.225050331,-2.825517673,-2.643973530,6.638270363,32,196
6816,144,-1.367302443,0.332541113,3.852092496,-2.493927828,-2.555741154,6.400058751,18,168
6817,144,-1.368426622,0.396285530,4.489920305,-2.805098813,-2.504895316,6.958159322,33,195
6818,144,-1.417304252,0.405131965,4.466986383,-2.835085210,-2.489791122,6.914962955,32,200
6819,144,-0.884400813,0.489982467,3.100787882,-1.689658624,-2.442690721,5.996560256,19,180
6820,144,-1.536564300,0.606501404,4.370267548,-2.871025435,-2.273687515,6.787940615,18,181
6821,144,-0.871865651,0.106655222,4.032372977,-2.176997843,-2.843016662,6.782172962,27,189
6822,144,-1.557784486,0.302538267,4.689423714,-3.076351371,-2.579125033,7.031361498,58,238
6823,144,1.647878605,0.258056402,6.002853330,-0.964423112,-3.034254519,9.739860717,9,152
6825,145,1.971726869,-0.162928747,3.920075269,0.422669004,-2.977369175,7.781152844,2,146
6826,145,-1.553213920,-0.300883997,4.846729135,-3.092679559,-2.591385420,6.888814549,31,196
6827,145,1.477607382,-0.430267490,3.515453980,0.147392431,-3.212327818,7.190932798,2,147
6828,145,-0.856912037,-0.074543354,3.594819774,-1.858731548,-2.558616945,6.127472323,19,177
6829,145,-1.577727931,-0.413634480,4.883348619,-3.148339796,-2.696733372,6.910223465,40,196
6830,145,-0.943145296,-0.548028843,4.705225232,-2.534064035,-2.924555340,7.062694270,39,193
6831,145,-1.341302737,-0.194467272,4.648006852,-2.798394188,-2.529337471,6.816236401,34,193
6832,145,-1.546203255,-0.263061943,4.957160361,-3.133562220,-2.545813312,6.988446390,61,236
6833,145,-1.431556241,0.062520958,4.984293662,-2.998199045,-2.236244271,7.064131256,22,180
6834,145,-0.829748647,0.029215317,3.330411817,-1.693533525,-2.481203584,5.908082115,17,175
6835,145,-1.736475199,0.239928961,4.860058583,-3.176344550,-2.032470948,6.806014738,20,170
6836,145,-1.439175992,-0.346720618,4.912190355,-3.032023685,-2.645756958,7.001754432,36,196
6837,145,-1.548917723,-0.208073511,4.683430424,-2.997137033,-2.513594931,6.746973165,36,196
6838,145,-1.353042949,-0.484202473,4.585868784,-2.822549792,-2.819372234,6.759299584,38,192
6841,145,-1.551909501,-0.273736001,4.607871570,-2.973589592,-2.584333027,6.680105432,32,196
6842,145,-1.351433022,-0.242317652,4.322313439,-2.659097883,-2.602109581,6.526807238,21,171
6843,145,-1.561827439,-0.349538727,4.591490184,-2.985779445,-2.659357615,6.661789123,36,196
6844,145,-1.518268144,-0.346923413,4.777613261,-3.036393884,-2.646998705,6.845722501,40,196
6845,145,-1.088433109,-0.402136712,4.115140592,-2.356612528,-2.810410169,6.474413055,19,185
6846,145,-1.154607949,-0.653176938,5.312825913,-3.022700234,-2.951821041,7.493324516,36,193
6847,145,-1.301491886,-0.515781896,4.793375169,-2.881584344,-2.840071774,6.966181489,38,193
6848,145,-0.978727254,-0.211454271,3.401729614,-1.892784424,-2.694398821,5.901041231,21,185
6849,145,-1.233900516,-0.042101466,4.332515941,-2.532034628,-2.418227491,6.590421769,22,179
6851,145,1.441306113,0.301658466,3.384872328,0.288379112,-2.494914368,7.051198579,2,146
6853,145,-1.175850350,-0.190644343,3.872927862,-2.285013121,-2.610168327,6.217869622,19,173
6854,145,-1.406635329,-0.373108563,5.051666436,-3.074307902,-2.664505779,7.139846148,30,197
6855,145,-1.237368838,-0.594242299,4.877269618,-2.877856261,-2.918860346,7.071464636,35,193
6856,145,-0.969672575,-0.051416706,4.319176684,-2.298240397,-2.461982010,6.706641017,19,180
6857,145,-1.189653378,-0.517084668,4.702656688,-2.741672224,-2.862969510,6.940889512,37,193
6858,145,-1.301955105,-0.080946020,3.945688990,-2.412403567,-2.479785367,6.219376685,13,170
6859,145,-1.618005788,-0.383729592,4.689362078,-3.086239540,-2.678005828,6.720644396,33,196
6860,145,-1.196142078,-0.119062353,3.791348105,-2.252919571,-2.543538151,6.135885380,23,179
6861,145,1.515957882,-0.051847924,3.349019443,0.316913727,-2.856767857,7.059737416,2,146
6862,145,-1.491386336,-0.296642823,4.949720098,-3.087595132,-2.586560370,7.008808897,54,236
6863,145,1.521013234,0.293208914,3.445070055,0.327439435,-2.508413190,7.142524694,2,146
6864,145,-1.299028520,-0.058386435,4.345375065,-2.597021092,-2.425024756,6.570352615,23,180
6865,145,1.554113793,0.289783660,3.377575760,0.387768378,-2.521533551,7.099499888,2,146
6867,145,1.402794728,0.711764029,3.512733096,0.255799494,-2.074127686,7.140053585,2,147
6869,145,1.556729508,0.475789967,3.509748147,0.355019614,-2.327132057,7.214435981,2,146
6870,145,-1.022354161,-0.054294950,4.299770479,-2.335047212,-2.459752006,6.664208481,16,180
6871,145,-0.884866339,-0.129716507,3.710235271,-1.946270077,-2.600139193,6.215558450,24,180
6872,145,1.445761577,0.469019648,3.358742966,0.329886535,-2.332180148,7.028680419,3,147
6873,145,1.506227978,0.127436899,3.414695185,0.304163053,-2.672909940,7.110577443,2,146
6874,145,1.523636907,0.654280959,3.489216061,0.363015023,-2.148182286,7.178536481,2,146
6876,145,-0.848418148,-0.240530702,4.665293604,-2.386702022,-2.635850822,7.070244976,32,193
6877,145,-1.110459549,-0.567410956,5.191728452,-2.913822895,-2.882573146,7.407767903,39,193
6878,145,1.604878541,0.466504720,3.512459579,0.394029214,-2.342183742,7.240196317,2,146
6879,145,1.557608784,0.279993493,3.443528260,0.357879156,-2.526236768,7.159017186,2,146
6880,145,2.303493528,-0.703834036,6.940694327,-0.811481621,-3.305969158,10.591078363,7,152
6881,145,-1.637977875,0.008455031,4.835310898,-3.114083915,-2.275796120,6.834489737,22,175
6882,145,-1.393254503,-0.304885416,4.398303842,-2.740963596,-2.652424566,6.573761578,29,192
6883,145,-1.573025177,-0.486446123,4.998245697,-3.210003234,-2.759868955,7.013840589,45,203
6885,145,-0.346201098,0.404263071,3.654557676,-1.372834023,-2.145041264,6.421595805,15,173
6886,145,-1.103548474,-0.164494644,4.362741602,-2.451974962,-2.553238362,6.681239444,20,180
6887,145,-1.227558334,-0.040497754,4.420040508,-2.568027323,-2.410255847,6.670073032,25,186
6888,145,-1.610400438,-0.479042888,4.888485987,-3.188930796,-2.756834504,6.899623005,35,196
6890,145,-1.329103553,-0.130020354,4.559954302,-2.736149721,-2.474405554,6.744378293,19,180
6895,146,-0.692626813,-0.458302782,4.700637628,-2.459219638,-2.696541647,6.776804466,18,180
6896,146,-0.686772394,-0.530071671,4.380112018,-2.302200205,-2.800289376,6.507540616,21,185
6898,146,-0.665931679,-0.362887426,4.179281998,-2.152797135,-2.658750826,6.345173239,20,185
6899,146,-1.339319262,-0.141187922,5.222924729,-3.216288053,-2.240741906,6.880007108,19,173
6901,146,-1.528303858,0.503482152,3.474192556,-2.366696756,-1.755080403,5.282600953,7,156
6902,146,-1.223122701,-0.475024505,5.621438505,-3.380642485,-2.545810780,7.284583848,41,200
6903,146,-1.347061620,-0.379546914,5.158387679,-3.230782096,-2.480914100,6.823906978,21,172
6904,146,2.229200376,-1.513517846,8.207958068,-1.984185912,-3.793965554,11.306909691,4,150
6906,146,-1.534743415,0.491398999,3.453118867,-2.363381111,-1.768195605,5.261421510,8,154
6907,146,-1.202590598,-0.495267730,5.271101941,-3.187100360,-2.603870646,6.996942471,33,201
6908,146,-1.155673451,-0.498201071,5.102491136,-3.061638036,-2.630314547,6.877781437,35,196
6909,146,-0.843799176,-0.647170872,5.127811388,-2.838090237,-2.818347538,7.064244988,39,195
6910,146,1.985398716,-0.616034591,5.987242123,-0.894902658,-3.099058335,9.275392845,4,151
6911,146,-1.613941197,-0.552656020,5.058133906,-3.433583100,-2.623973661,6.601088656,30,193
6912,146,-0.526944620,-0.039209486,3.209059342,-1.482270821,-2.457067535,5.586796600,5,151
6914,146,-0.910767387,-0.652469238,5.051832512,-2.856324214,-2.821791148,6.964539084,38,192
6916,146,-1.138618103,-0.325906256,5.448878758,-3.195331639,-2.428174776,7.179818365,52,236
6919,146,-1.667678143,0.523809946,3.157723968,-2.317988766,-1.747289444,4.939734200,8,163
6920,146,-1.648607582,0.524744856,2.965793207,-2.203306928,-1.768353182,4.786090546,8,166
6921,146,3.149591310,-0.969130688,7.105156436,-0.550559220,-3.498103290,10.841261417,2,147
6923,146,-1.498806472,0.414363856,3.265849239,-2.250353987,-1.867958246,5.121535572,12,163
6924,146,-1.144214643,-0.468259068,5.148897016,-3.070652808,-2.597767407,6.922956111,50,213
6925,146,-1.672284733,0.510293461,2.974663258,-2.230258299,-1.778365657,4.781453519,6,163
6926,146,2.605456966,-1.271785673,7.547662350,-1.287324247,-3.675186423,10.937763057,7,152
6927,146,-1.709309920,0.531038734,3.302075308,-2.425818111,-1.719797795,5.040926152,12,168
6928,146,2.071739379,-1.744298238,7.766945632,-1.930076522,-4.043484569,10.851543950,5,155
6930,146,-0.941801298,-0.566581163,5.020921534,-2.851746763,-2.735941368,6.920901762,16,180
6932,146,-0.968305890,-0.669599768,5.370360496,-3.071104068,-2.798537933,7.206185755,40,195
6933,146,-1.016109441,-0.234933936,4.346705514,-2.511077842,-2.466647032,6.303241602,22,179
6934,146,-1.103215034,-0.483545788,5.093108716,-3.010188991,-2.624199721,6.897024549,29,190
6935,146,-1.435225594,-0.208031417,4.791410862,-3.087029215,-2.336492235,6.462880843,18,171
6937,146,-1.570294275,0.506462907,3.287364578,-2.305621294,-1.765030106,5.101361982,9,163
6938,146,-1.761704451,0.538525309,3.266485148,-2.450318631,-1.708636151,4.983107147,11,168
6939,146,-1.152091597,-0.658959074,5.372686414,-3.224991829,-2.761981396,7.111962633,36,196
6940,146,-1.227916197,-0.294682824,5.272668795,-3.174611553,-2.402587211,6.982549620,20,173
6941,146,-1.752659006,0.575316794,3.378744527,-2.493973093,-1.662380229,5.083068535,10,168
6942,146,-1.372176593,0.019195642,4.665709302,-2.930334623,-2.134193916,6.385871817,22,180
6943,146,-1.184181991,-0.117941456,4.581655056,-2.752782294,-2.304153752,6.414200158,54,243
6944,146,-1.698981474,0.466060348,3.226706981,-2.389664131,-1.792830144,4.982888079,8,159
6945,146,-0.595120274,-0.850299327,5.440929592,-2.824694833,-3.021893128,7.463663479,33,193
6946,146,2.789857818,-0.588948794,7.061417746,-0.765028577,-3.077462339,10.611210083,6,152
6947,146,-1.283159156,-0.538563736,5.105920561,-3.177548893,-2.651798808,6.814562687,55,236
6948,146,-1.589840067,0.443412563,3.090391058,-2.231853881,-1.844193026,4.924027404,9,163
6949,146,1.594906631,-0.749436790,5.652521492,-1.074479204,-3.209208707,8.787604699,26,175
6950,146,-1.251956158,-0.641830319,4.923971711,-3.075755473,-2.776197170,6.677063067,38,196
6951,146,1.722275001,0.663966673,3.753789923,0.250627360,-2.025956504,7.218171541,2,147
6952,146,-1.023451032,-0.550132077,5.099699360,-2.957985891,-2.700336244,6.945165310,21,171
6953,146,-1.196774254,-0.615466309,5.016323874,-3.072200868,-2.748701104,6.784302784,29,196
6954,146,-0.834324839,-0.565224067,4.875143342,-2.686341860,-2.764378337,6.852807198,23,180
6955,146,-1.629537734,0.217899370,3.731290770,-2.632983766,-1.996271679,5.452375248,11,159
6956,146,-0.726405477,-0.560011896,4.501341017,-2.402893256,-2.812013629,6.590529290,12,167
6957,146,-1.594776368,0.523443041,3.097018553,-2.225605506,-1.764006879,4.926102934,9,163
6958,146,2.584941521,-0.826003574,6.956956655,-0.924597420,-3.292640588,10.417990305,6,152
6960,146,-1.657198627,0.508310483,3.262184703,-2.365452236,-1.753523134,5.034446706,7,156
6961,146,-0.917674618,-0.752626869,4.885359869,-2.793979559,-2.936212195,6.820270690,24,183
6962,146,-1.671848577,0.483008360,3.349509641,-2.426942174,-1.767601833,5.101537994,6,156
6963,146,-1.189021552,-0.484817540,4.897910684,-2.982392900,-2.633018719,6.685798958,34,196
6964,146,-1.018256080,-0.513291452,4.837476922,-2.812710659,-2.691153274,6.723906173,20,173
6965,146,-1.708936896,0.594124313,3.245634182,-2.385664853,-1.663390964,4.992227944,10,163
6966,146,-0.993374991,-0.406012844,4.841922475,-2.775573476,-2.588541328,6.739370628,23,181
6967,146,2.651860840,-2.354643687,7.548479355,-1.435443778,-4.748183161,10.976156688,3,150
6968,146,-0.979954775,-0.432777636,5.289894891,-2.998773832,-2.571736213,7.128568432,36,196
6969,146,2.582994932,-0.738630795,6.876537473,-0.869902757,-3.214397621,10.347339271,6,152
6970,146,-1.523130394,0.420615608,3.174627313,-2.222918890,-1.867554899,5.030985420,11,163
6972,147,-0.358931955,-0.626211320,5.425148805,-2.892242440,-2.899728984,7.157420085,44,195
6973,147,-0.621438012,-0.332143866,5.421409168,-3.056677717,-2.572357454,7.011859087,64,236
6974,147,0.348038205,0.467369978,2.330396543,-0.399388020,-2.137737550,5.041229092,15,177
6975,147,-0.662015778,-0.469644698,5.141124857,-2.952706069,-2.722045450,6.755157453,36,200
6976,147,-0.664968346,-0.317731689,5.070270300,-2.891251994,-2.576608745,6.698781841,35,196
6977,147,0.335802620,0.307328324,2.110231883,-0.309964734,-2.309484075,4.849546737,23,175
6978,147,-0.713164896,-0.699348339,5.272594365,-3.104426526,-2.932349102,6.828761145,39,196
6979,147,-0.684595596,-0.480589444,5.378121255,-3.106636613,-2.712998776,6.936872818,17,169
6980,147,-1.377424378,0.567168091,3.436877394,-2.406650942,-1.716430948,4.971393760,6,160
6981,147,-1.294318282,0.549463923,3.453142144,-2.351300057,-1.744571837,5.031634716,6,163
6982,147,-1.211547441,0.622525086,3.581500057,-2.345340378,-1.675172974,5.185949264,9,159
6983,147,-0.560113720,-0.618874013,5.224182372,-2.940485765,-2.878028092,6.877925722,44,192
6984,147,-0.716418471,-0.219071116,5.620868485,-3.228606550,-2.433213994,7.124421635,42,236
6986,147,-1.400176655,0.532268884,3.490119041,-2.460636044,-1.743918402,5.001399465,5,156
6987,147,0.397735735,0.745702912,1.863563663,-0.051710361,-1.902768275,4.692256758,11,160
6988,147,-0.016957779,-0.258417113,4.975019186,-2.303238597,-2.616764514,6.990563348,28,192
6989,147,0.640884305,0.374818799,2.008394680,0.005277289,-2.293326890,4.940990857,4,150
6990,147,-1.218193496,0.570661725,3.575188302,-2.355284411,-1.725880681,5.175767850,18,169
6991,147,-0.693803576,-0.277571091,5.070834342,-2.908633923,-2.532820622,6.683777473,26,190
6992,147,-0.766458486,-0.252150603,5.349877225,-3.121187120,-2.477803070,6.872414890,63,236
6993,147,-0.792368224,-0.259826322,5.304150510,-3.117537043,-2.484913916,6.819905116,18,175
6994,147,-0.556293674,-0.487121306,5.422972183,-3.029079975,-2.734519353,7.046588300,39,200
6995,147,-0.708578264,-0.353934579,5.232975568,-3.024193616,-2.594732593,6.806872218,20,172
6996,147,2.783899000,-1.122604351,7.019157137,-1.325087355,-3.724236805,10.244306349,15,175
6997,147,-0.732954685,-0.567018769,5.519996811,-3.239525225,-2.781503205,7.023965084,41,200
6998,147,-0.620370463,-0.204404998,4.872872549,-2.725819582,-2.484912355,6.564537022,15,171
6999,147,-1.274113949,0.510384463,3.244252200,-2.223015727,-1.800699304,4.870503509,9,163
7000,147,-0.601151611,-0.226151414,4.895535656,-2.726466873,-2.507521721,6.593593603,28,196
7001,147,-1.383730284,0.623958171,3.453604624,-2.412311753,-1.658287738,4.982882894,5,152
7002,147,-0.557509828,-0.319648314,5.318015756,-2.944510194,-2.576361095,6.963531384,19,180
7003,147,-0.419343002,-0.314242770,5.114364881,-2.716664955,-2.604950571,6.874862564,23,180
7004,147,-0.639264583,-0.424871332,5.743709707,-3.267779152,-2.638743854,7.264490908,40,203
7005,147,-0.550812467,-0.050807563,4.718701081,-2.558285545,-2.353962577,6.480967705,18,168
7007,147,3.456926698,-0.832072614,7.797733043,-1.174372035,-3.478272283,11.274035323,5,152
7008,147,1.889455085,-1.099881846,6.652736508,-1.838968598,-3.600508948,9.434721398,2,148
7009,147,-0.333395036,-0.605066906,5.652740990,-2.996855222,-2.866492587,7.359531270,19,171
7010,147,-1.269885985,0.579482565,3.606020198,-2.413196294,-1.707664269,5.171907461,14,169
7011,147,-0.631227365,-0.347811002,5.789241304,-3.274922649,-2.560600265,7.308292366,34,200
7012,147,-1.195599919,0.487085368,2.836845475,-1.932846325,-1.863470514,4.579730343,7,163
7013,147,-1.390189762,0.561185838,3.493476814,-2.449912531,-1.716549207,5.010517381,6,155
7014,147,-1.117487708,0.732900773,3.754530327,-2.349633279,-1.567396438,5.384280525,3,150
7015,147,-0.595530647,-0.721554142,5.508486561,-3.145923588,-2.954412070,7.089082604,22,171
7016,147,-1.236433828,0.477078842,3.375821917,-2.272063358,-1.829694260,4.999318372,11,166
7017,147,-0.695431041,-0.594384530,5.447674649,-3.172550370,-2.818932255,6.985224423,28,192
7018,147,-1.321834619,0.568455440,3.016012028,-2.123592006,-1.752615881,4.657088456,5,163
7019,147,0.851154597,0.252392319,3.512549741,-0.693579263,-2.338419386,6.294227893,19,173
7020,147,-0.813879191,-0.538759560,5.493720887,-3.285797673,-2.743953606,6.956982468,29,192
7021,147,-0.618954096,-0.093718594,4.783473136,-2.656807590,-2.382104552,6.494439647,16,170
7022,147,-0.747055029,-0.275367304,5.352391130,-3.110529061,-2.503305625,6.884978908,24,180
7023,147,-1.133699077,0.486268740,3.414723235,-2.209390443,-1.832478495,5.089963557,11,163
7024,147,3.031491006,-1.564481828,7.585990734,-1.514097571,-4.155882081,10.840808926,7,158
7025,147,-1.211631974,0.505677448,3.430284618,-2.278268699,-1.801153864,5.058867826,10,165
7026,147,-0.836435659,-0.522694465,5.467035704,-3.286471325,-2.726762294,6.922587911,34,196
7027,147,-0.455879808,-0.028319397,5.034519017,-2.656332783,-2.323058136,6.795118227,11,181
7029,147,-0.253692977,-0.167948344,4.879653282,-2.426927389,-2.500515646,6.779589200,16,180
7030,147,-1.379894724,0.528364233,3.463041782,-2.429518215,-1.752556059,4.990589629,8,166
7032,147,-0.633587398,-0.816778885,5.156106393,-2.992543825,-3.067779958,6.775537995,12,161
7033,147,-0.418220265,-0.569107907,5.098834758,-2.746919083,-2.857846666,6.856781175,21,180
7034,147,3.102388405,-0.824421876,7.211123276,-1.128860561,-3.461569329,10.590283416,17,175
7035,147,-0.210889811,-0.168002328,3.559365530,-1.646176224,-2.599383482,5.718625190,15,180
7036,147,0.050915230,-0.045762810,4.263139218,-1.812656066,-2.466437391,6.448961812,18,180
7037,147,-0.798363180,-0.301264573,5.570960697,-3.279659987,-2.506236872,7.034852148,27,196
7038,147,-0.759840951,-0.587916069,5.454345745,-3.227478914,-2.802929403,6.954212412,38,192
7039,147,-0.509931553,-0.365755618,4.839897334,-2.643014304,-2.662225616,6.596496897,19,180
7040,147,3.301004426,-0.727931159,6.920210541,-0.788466002,-3.414938374,10.466404041,6,152
7041,147,-0.331061647,0.097401081,4.291935505,-2.115897189,-2.268810701,6.258646356,14,180
7042,147,-0.855326625,-0.288225074,5.425553190,-3.241588162,-2.495485373,6.883217234,17,173
7043,147,-0.243669611,0.030581186,4.775846690,-2.329036472,-2.313208618,6.704597891,16,180
7044,147,-0.663400873,-0.415738456,5.428170380,-3.107588597,-2.648461638,6.991588750,56,236
7045,147,-0.805347473,-0.587382675,5.477618664,-3.277407296,-2.794305222,6.947464308,34,196
7046,147,-1.127236712,0.365252861,3.262819463,-2.137279963,-1.963553117,4.965943868,12,163
7047,147,-0.043139671,-0.216429860,4.220135451,-1.891284832,-2.624611485,6.356110517,18,181
7048,147,-0.621670002,-0.330159419,5.610051813,-3.163155780,-2.557115067,7.166843380,38,200
7049,147,-0.865021803,0.129751149,4.983515152,-2.934147093,-2.112460159,6.524096890,25,180
7050,147,-0.539257242,-0.322889467,4.741344265,-2.604358882,-2.622658340,6.499799434,18,180
7051,147,-0.500001035,-0.245816579,5.595087777,-3.042929854,-2.492168143,7.225738188,43,236
7052,147,-0.822816239,-0.396054176,5.385679949,-3.209620114,-2.609370233,6.866418473,19,170
7053,147,3.488312204,-0.549641732,7.531893854,-0.954465689,-3.222538557,11.079962687,5,151
7054,147,-0.163790433,-0.194048576,4.722373858,-2.269318027,-2.550101337,6.700842424,21,180
7055,147,-0.764212473,-0.540095549,5.336774997,-3.157087272,-2.763350123,6.856195625,43,236
7056,147,-1.237978624,0.407987986,3.487946294,-2.347502776,-1.889817509,5.088995001,14,165
7057,147,-0.490919835,-0.285072974,5.426181429,-2.946277609,-2.544082193,7.091141896,42,235
7058,147,-0.873483201,-0.077892466,5.424255335,-3.222600755,-2.285322122,6.876733533,20,171
7059,147,-0.933298892,0.079151335,4.640507714,-2.803549357,-2.176816556,6.202105135,19,169
7060,147,-0.536240275,-0.726198192,5.509306023,-3.099088881,-2.967360349,7.123381862,41,196
7061,147,3.272368661,-0.806670403,7.297335993,-1.037112191,-3.462127272,10.758280321,5,153
7062,147,-0.489908177,-0.658443802,5.463590415,-3.025108230,-2.910252918,7.113746410,35,195
7063,147,3.137882878,-0.772276407,6.583774080,-0.737425913,-3.459187815,10.095996793,4,152
7064,147,-0.559730033,-0.253873452,5.220097105,-2.880667687,-2.517979451,6.883312670,25,180
7065,147,3.402732466,-0.544052502,7.038343045,-0.744006496,-3.239532335,10.625687802,4,151
7066,147,-0.724495525,-0.427805876,5.172050900,-3.014234694,-2.669689496,6.746008226,28,189
7067,147,-0.150656589,-0.381687218,4.441162944,-2.129173071,-2.756987064,6.472767821,18,180
7068,147,-0.431672573,-0.384001148,5.548002965,-2.982630694,-2.641618472,7.222681380,32,196
7069,147,2.898658641,-0.071448000,6.754250218,-0.917708415,-2.721263073,10.116395364,4,151
7070,147,-0.754758838,-0.237260351,5.271504272,-3.065088696,-2.470267326,6.814994507,19,175
7071,147,0.408340785,0.701109631,1.828531350,-0.030311753,-1.950765045,4.668451289,15,162
7072,147,-0.814377769,-0.176546461,5.210828518,-3.069578385,-2.406115031,6.732614496,53,242
7073,147,-0.740308947,-0.372412503,5.722513941,-3.329427288,-2.574086053,7.190802178,51,236
7074,147,-0.819266961,-0.450777287,5.484657496,-3.271252537,-2.656954105,6.948522010,36,196
7075,147,-0.800471898,-0.258771537,5.627182446,-3.306479701,-2.460032147,7.080861018,56,236
7076,147,-0.724948645,-0.217261288,5.564038537,-3.203118071,-2.434207243,7.072894620,59,235
7077,147,-0.915652434,-0.091875101,4.893464666,-2.959001800,-2.330421413,6.416088183,24,180
7078,147,3.196081362,-0.380070339,6.741087499,-0.717719867,-3.069151725,10.267588445,4,151
7079,147,-1.103238745,0.315924427,3.594056338,-2.312752165,-1.992400939,5.250732165,9,155
7080,147,-0.898141228,0.059469382,5.230635384,-3.111634334,-2.159793067,6.706751502,18,175
7081,147,0.014682399,-0.348692201,5.426143037,-2.546684859,-2.678706392,7.377293929,24,193
7082,147,-1.117572092,0.753064428,3.714607641,-2.323981678,-1.550279622,5.351885913,3,150
7083,147,-0.644959697,-0.590327728,5.459443561,-3.137683114,-2.821268025,7.023710006,30,196
7084,147,-1.329145807,0.521322918,3.507460867,-2.414615763,-1.763595869,5.055813300,7,159
7085,147,0.279796853,0.304737101,2.028662046,-0.309641039,-2.309817980,4.750568040,21,175
7086,147,2.988371937,-1.343403016,8.000829294,-1.748802767,-3.902334204,11.162450140,8,155
7087,147,-0.659732231,-0.134869868,5.463429020,-3.080526959,-2.369185317,7.029221171,22,180
7088,147,-0.159986242,-0.032891265,4.408013541,-2.063338240,-2.413600283,6.448358069,15,179
7089,147,-0.684996597,-0.484404223,5.219871193,-3.018132818,-2.727823735,6.806469235,37,200
7090,147,-0.569096619,-0.532278242,5.507259490,-3.094157302,-2.771367360,7.107535657,32,195
7091,147,-1.334160572,0.528331391,3.535283774,-2.433302067,-1.754009472,5.075995069,11,168
7092,147,-0.677881875,-0.689760513,5.374642945,-3.132011785,-2.920725512,6.932946923,38,192
7093,147,-0.473651945,-0.423882117,5.734336064,-3.128179935,-2.661945917,7.351036343,36,195
7094,147,-1.084605080,0.320626034,3.434318278,-2.206654730,-2.001624914,5.130134408,12,163
7095,147,0.279398172,0.343516377,2.048131618,-0.314889097,-2.270104398,4.767251709,20,175
7096,147,-1.386093885,0.234825332,4.259112476,-2.930395693,-1.985591574,5.634599153,16,168
7097,147,-1.439420483,0.614952156,3.366568675,-2.409648823,-1.665384157,4.879440578,8,165
7098,147,-0.491176934,-0.334200290,5.331971949,-2.900947169,-2.599169620,7.012404916,36,196
7099,147,-0.613088507,-0.136942820,5.760521353,-3.210955696,-2.356989000,7.299930208,38,196
7100,147,3.430373003,-1.150670169,7.575820338,-1.120405759,-3.804661236,11.069065466,4,151
7101,147,-0.444621425,-0.437274494,5.738664277,-3.109209600,-2.678988048,7.370798743,33,196
7102,147,-0.395037158,-0.401839366,5.636375571,-3.005690169,-2.658227149,7.315753854,16,171
7103,147,1.858944571,-0.767898182,6.413046306,-1.676209717,-3.285221182,9.228084979,3,149
7104,147,-0.527983161,-0.446867916,5.763984774,-3.192544961,-2.674842732,7.343958955,42,203
7105,147,2.483076889,-0.585321194,6.225543803,-1.036090707,-3.206759960,9.433326750,25,176
7106,147,-0.602893230,-0.333910889,4.509023056,-2.526347856,-2.640820926,6.272360310,16,175
7107,147,-1.324237083,0.502968021,3.370299405,-2.336006698,-1.792050132,4.945426552,7,163
7108,147,-0.612229472,-0.135611967,5.479860642,-3.051451180,-2.375510269,7.069738515,37,203
7109,147,-0.889781530,-0.507302270,5.378553305,-3.277268684,-2.710203227,6.819860382,37,196
7110,147,3.063499617,-0.564224433,6.886833668,-0.936330897,-3.221913306,10.307659786,6,153
7111,147,2.281448386,-0.872909291,7.026504999,-1.697098141,-3.405821363,9.970303037,15,179
7114,147,-0.053209275,-0.166642664,4.679762281,-2.151372293,-2.541739384,6.729371434,13,180
7115,147,-0.723870076,-0.350904233,5.360679419,-3.108270077,-2.580598992,6.903218916,34,196
7116,147,-1.070713855,-0.573790840,5.393149174,-3.442492305,-2.749130654,6.727361269,40,192
7118,147,3.392225817,-1.042849948,7.193640855,-0.918440898,-3.719629137,10.735716847,5,152
7119,147,2.630811971,-0.786907677,6.671207022,-1.199857098,-3.395478614,9.879022058,25,175
7120,147,0.134319822,-0.421395497,5.095408930,-2.274274694,-2.790712718,7.171791579,21,193
7121,147,-0.830245164,-0.462893744,5.426728011,-3.249308001,-2.671427288,6.894372966,20,171
7122,147,-0.600537869,-0.402382582,5.464380709,-3.075038518,-2.641658928,7.057433568,48,236
7124,147,-0.056912591,-0.012642378,3.516752965,-1.473027373,-2.470846934,5.774833377,16,187
7125,147,-0.217614386,-0.231972346,5.520224801,-2.769720786,-2.523861770,7.325190019,39,228
7126,147,-0.455476411,-0.356876862,5.170484197,-2.784327133,-2.637972688,6.899439712,31,193
7127,147,-0.078562722,-0.079931580,3.927633129,-1.733295478,-2.505351629,6.098699111,15,175
7128,147,-0.511548307,-0.117579061,5.059199327,-2.729359081,-2.401550736,6.781647561,19,180
7129,147,0.226193983,-0.027871140,3.646373998,-1.319344166,-2.516985826,6.042107644,13,181
7130,147,-0.628156748,-0.211723496,5.665925396,-3.181424072,-2.435329409,7.211849223,53,236
7131,147,-0.759391749,-0.211175204,5.241801756,-3.047968852,-2.445939976,6.788551564,26,189
7132,147,-1.262670663,0.639073869,3.578712255,-2.382581774,-1.651768493,5.154956898,4,151
7133,147,-0.570786957,0.032139824,4.880137571,-2.652693482,-2.257887021,6.604246327,15,170
7134,147,-1.155155870,-0.348939456,5.277975713,-3.410570665,-2.523216633,6.589893497,36,197
7135,147,-0.810407700,-0.120106430,5.755364630,-3.365232935,-2.312704113,7.183816894,42,200
7136,147,-0.807392895,-0.034942747,5.431218006,-3.166271210,-2.251812048,6.921063465,19,173
7137,147,2.226559544,-1.320118909,7.718520482,-2.202694922,-3.790980308,10.497483405,2,148
7138,147,3.170676805,-0.973713813,7.069235807,-1.016761905,-3.628639870,10.509013697,5,156
7139,147,-0.582239359,-0.399912477,5.599974036,-3.136452727,-2.632294855,7.179364271,21,183
7140,147,-0.566259733,-0.305162701,5.097584647,-2.824762995,-2.576298637,6.777690398,16,178
7141,147,-0.154151297,-0.602489450,5.418125677,-2.718682764,-2.905883102,7.268713997,32,193
7142,147,-0.687513976,-0.256687660,5.582039792,-3.189146654,-2.477187703,7.108070150,36,200
7143,147,-0.473896195,-0.288341720,5.450402991,-2.946688101,-2.548026059,7.120662237,38,195
7144,147,-1.080286771,-0.146966135,4.819175300,-3.059009208,-2.366653125,6.260061974,17,169
7145,147,-0.659818593,-0.475199307,5.485100524,-3.146175931,-2.703681457,7.039036154,35,200
7146,147,1.153114211,0.016547454,6.115880939,-1.957080177,-2.431314429,8.600539164,3,149
7147,147,-0.706795699,-0.366186326,5.300369122,-3.062753484,-2.602349093,6.862999747,18,170
7148,148,0.155308081,-0.358830710,4.985329893,-2.420094751,-2.600442824,6.801615395,15,181
7149,148,-0.346800013,-0.667941846,5.451954317,-3.127512335,-2.844242763,6.875929170,42,196
7150,148,-0.281864559,-0.515977779,5.371022033,-3.013410197,-2.702760422,6.847238146,16,170
7151,148,3.853013154,-1.183598708,7.043056364,-0.799823667,-3.482798345,10.698238759,4,152
7152,148,-0.004179314,-0.414050743,5.146604144,-2.648729896,-2.634136584,6.834563332,13,180
7153,148,0.583603099,-0.463713297,5.307730132,-2.283861799,-2.705688223,7.320019565,25,193
7154,148,3.475398008,-0.511695393,6.643381988,-0.797562870,-2.821770214,10.135367930,4,152
7155,148,0.058192647,-0.242368517,3.899371549,-1.833014980,-2.559808339,5.876419981,4,153
7156,148,-0.163694184,-0.137313722,5.384761211,-2.893337739,-2.331625848,6.920594833,18,181
7157,148,1.928657975,-0.457713659,4.916865283,-0.980895378,-2.806930652,7.824016017,19,179
7158,148,-0.309330275,-0.859318304,5.578519631,-3.191422956,-3.027504528,7.003906772,41,192
7159,148,3.253590467,-1.276574963,7.098081834,-1.317027306,-3.536460443,10.381062595,22,175
7160,148,3.721134111,-1.030231544,6.738646770,-0.707269753,-3.345151380,10.372561225,4,152
7161,148,-1.618351219,-0.030259665,3.823860884,-3.098425320,-2.256952223,4.795445325,11,161
7162,148,-0.401482199,-0.421017276,5.692681263,-3.293211764,-2.577305179,7.028242575,38,196
7164,148,3.145928924,-1.860419453,7.844057665,-1.904673892,-4.055840652,10.923152093,3,151
7165,148,-1.700315272,-0.253181144,3.738819748,-3.132640396,-2.480457284,4.683557423,7,159
7166,148,-1.739450463,0.015040496,3.796348168,-3.173815866,-2.206875524,4.699098708,10,161
7167,148,-1.749981430,0.029820094,3.799272092,-3.182581286,-2.191332762,4.694685421,10,162
7168,148,3.279633118,-1.377014358,7.115067114,-1.315757854,-3.636696342,10.412779221,21,177
7169,148,-0.793036153,0.319973506,4.167495350,-2.618400718,-1.930582030,5.560266714,10,160
7170,148,-1.721023650,-0.085664208,3.767095618,-3.150788681,-2.310379885,4.689439900,7,158
7171,148,-1.725410203,-0.004305690,3.828631458,-3.183869787,-2.224543914,4.733744939,9,160
7172,148,-1.760535543,0.015324151,3.803650761,-3.194913994,-2.204824820,4.692123570,11,161
7173,148,1.325995315,-0.005891102,3.911020256,-0.812516215,-2.397117075,6.648103005,18,172
7174,148,0.593948980,0.554683573,1.960221272,-0.168216369,-1.941961325,4.639754572,6,154
7175,148,-0.168716015,-0.231459538,5.461089546,-2.951851993,-2.419369736,6.980526128,49,232
7176,148,-1.744568404,0.011848512,3.762016722,-3.157508416,-2.212315104,4.668775312,9,160
7177,148,0.257159723,-0.264181939,4.147783096,-1.826627454,-2.574558423,6.195032055,17,186
7178,148,-0.375073445,-0.712264266,5.626126942,-3.258805026,-2.873743290,6.998370647,40,200
7179,148,0.216298237,-0.139165584,5.546221736,-2.689171665,-2.343493379,7.279262570,12,180
7180,148,0.671467469,0.544233206,2.009384354,-0.137250131,-1.953200459,4.726068585,6,153
7181,148,-0.136974969,-0.627440607,5.819439544,-3.178474192,-2.788711791,7.294296822,33,193
7182,148,0.395660728,-0.201831492,4.137969158,-1.705136850,-2.521258428,6.269634761,17,186
7183,148,-0.351146185,-0.309710100,5.395977545,-3.064561079,-2.491533390,6.820112417,37,200
7184,148,-1.734864469,-0.003780083,3.774850419,-3.158959204,-2.227480525,4.685238251,6,159
7185,148,-1.026490521,0.647154002,3.516184292,-2.381811429,-1.639859762,4.892988522,5,163
7186,148,-1.774308881,-0.000840361,3.823945097,-3.219530901,-2.218604796,4.700307489,9,159
7187,148,-0.387548168,-0.633013766,5.588269582,-3.238684066,-2.796944885,6.958790448,37,192
7188,148,1.176552126,-0.034970050,3.638066049,-0.769488513,-2.437735961,6.341212839,21,175
7189,148,0.613736456,0.579744656,1.977723069,-0.160759839,-1.916856474,4.665054010,10,162
7190,148,-1.744496015,0.035427146,3.781882412,-3.167252334,-2.187365401,4.684045257,10,161
7191,148,-1.701331057,0.026033247,3.823970666,-3.159189321,-2.196085889,4.743893574,9,162
7192,148,-0.787448154,0.251212461,3.865894388,-2.438751627,-2.021840424,5.325489039,18,170
7193,148,-0.357073162,-0.763306577,5.637921557,-3.256282002,-2.924723085,7.019891230,33,196
7194,148,0.628264735,0.566431451,1.926000406,-0.119323237,-1.934808773,4.633049804,9,159
7195,148,-0.173458073,-0.287817413,4.908763232,-2.628387084,-2.516369162,6.539816906,14,168
7196,148,-0.092493469,-0.614135816,5.560368628,-2.986064766,-2.797359133,7.114916786,42,195
7197,148,-0.331463985,-0.545158682,5.583656006,-3.183385760,-2.713082366,6.986975758,29,196
7198,148,-0.497788952,-0.441071976,5.571128941,-3.298309196,-2.600739695,6.873720770,36,196
7199,148,0.025324219,-0.535577062,5.950796350,-3.120358693,-2.696889720,7.494860636,31,195
7201,148,-0.922188493,-0.120663562,5.410576353,-3.509164385,-2.269094931,6.481158041,16,170
7202,148,2.424214422,-0.685581911,5.470637146,-0.941759263,-3.021270371,8.570132803,20,175
7203,148,-0.228905547,-0.484217185,5.673353476,-3.150424853,-2.651681221,7.118965203,36,193
7204,148,0.823670187,0.190517464,2.494557502,-0.340753167,-2.278006048,5.212649842,15,171
7205,148,-0.415572105,-0.417397289,5.617243653,-3.258664350,-2.578506371,6.959631380,32,238
7206,148,-0.091969095,-0.310481820,5.354470278,-2.834014719,-2.510440880,6.944157148,20,180
7207,148,-0.418641373,-0.367685559,5.471194837,-3.168671844,-2.539724906,6.840432889,30,196
7208,148,-1.791847265,0.118581491,3.709075731,-3.153415462,-2.107261038,4.595448245,8,161
7209,148,0.654711901,0.548580333,1.971358686,-0.127264764,-1.950734435,4.685574028,3,150
7210,148,-1.794381405,0.076282419,3.706656071,-3.157832878,-2.149404159,4.593012704,8,161
7211,148,4.269406916,-1.356229629,7.553927214,-0.792636644,-3.640750084,11.360940667,4,151
7212,148,-0.319010785,-0.371375886,5.831309739,-3.306665731,-2.522340349,7.187244192,44,203
7213,148,-1.037333093,0.586121361,3.580388518,-2.434624135,-1.695204387,4.938950659,9,168
7214,148,2.776594012,-1.159316364,6.582000179,-1.374219338,-3.430503730,9.678839184,19,176
7215,148,-0.288387679,-0.564191546,5.790133146,-3.275197846,-2.719140456,7.177722889,30,196
7216,148,-2.542025235,1.737498057,6.134630756,-5.060416094,-0.271243048,6.030495820,2,150
7217,148,0.699388971,0.596590788,1.998446213,-0.103732709,-1.903513223,4.733020608,2,149
7218,148,-1.703061015,0.026953567,3.832125245,-3.165385068,-2.194461440,4.749307518,5,159
7219,148,-0.161678197,-0.574452249,5.808657172,-3.186746959,-2.735330093,7.269472824,38,196
7220,148,-0.685087531,-0.540622366,5.482584287,-3.402725070,-2.695571898,6.692239718,33,197
7222,148,0.536282729,0.166152476,2.221807146,-0.406866810,-2.305909119,4.822229089,19,175
7223,148,-1.752136510,0.083293056,3.882332724,-3.229391438,-2.131782758,4.758133646,12,162
7225,148,4.100467994,-1.457258260,7.478204237,-0.890336123,-3.737164013,11.200814845,3,152
7226,148,0.330577316,-0.447486560,4.352808367,-1.908493770,-2.746023057,6.406984585,18,186
7227,148,-0.287379956,-0.422650935,5.786684309,-3.259397110,-2.578548500,7.172164730,51,236
7228,148,-1.130043681,0.144651295,4.074270736,-2.845703572,-2.092505278,5.286191808,8,163
7229,148,0.183603944,-0.185381303,3.345498025,-1.395000494,-2.551640454,5.510594868,2,149
7230,148,-0.424956973,-0.458031344,5.520131913,-3.211382315,-2.625652327,6.877707266,51,236
7231,148,-0.295885104,-0.061614439,5.040081676,-2.783890767,-2.274282876,6.564586481,48,235
7233,148,-1.734490993,0.003766934,3.795485754,-3.170391420,-2.218450843,4.701690705,9,161
7234,148,0.656655623,0.604273966,1.906252120,-0.081457242,-1.900255613,4.633631914,11,161
7235,148,3.428508748,-1.531967961,7.611592665,-1.510580904,-3.762589509,10.901560445,11,158
7236,148,-0.435958191,-0.461506386,5.582457364,-3.257934028,-2.623827628,6.920686017,32,196
7238,148,0.669923644,0.575500839,1.935368740,-0.091079156,-1.927499985,4.665520372,2,149
7239,148,0.884741401,0.187800952,2.290760014,-0.169906019,-2.299446143,5.087661592,15,172
7240,148,2.892459866,-0.777565814,5.774888405,-0.761728964,-3.117346701,9.097998405,4,152
7241,148,-1.778838958,0.084555445,3.712176098,-3.148067315,-2.141658937,4.606618828,6,161
7242,148,-0.170491592,-0.387145495,5.686230224,-3.102961531,-2.557474884,7.162246987,37,200
7244,149,0.126377939,-0.531579814,4.516303249,-2.239237498,-2.747172980,6.271256676,17,175
7245,149,-0.726523858,0.343911872,3.216660973,-2.021675991,-1.895140108,4.718934483,8,163
7246,149,-0.876579645,0.570496504,3.710654345,-2.415815745,-1.623014579,5.016404375,7,166
7247,149,-0.795862410,0.453337326,3.665118274,-2.337455534,-1.749433199,5.030300011,5,159
7248,149,-0.244353573,-0.695648904,5.507165036,-3.152060911,-2.810323670,6.827074098,35,196
7249,149,-0.914865142,0.304069580,3.793626788,-2.525503986,-1.878871568,5.059290304,11,168
7250,149,-0.187580659,-0.517098922,5.529028913,-3.101318740,-2.636108420,6.878606298,19,171
7251,149,-0.183666997,-0.557754292,5.593539286,-3.141987906,-2.672378271,6.932087892,36,200
7252,149,-0.095476282,-0.457500030,5.860896868,-3.224698317,-2.561618563,7.197040474,37,200
7253,149,0.251269609,-0.702956488,5.833833069,-2.962655719,-2.836705925,7.389068220,30,192
7254,149,-0.778736919,0.389433627,3.411636545,-2.176522010,-1.831972445,4.840780552,8,163
7255,149,-0.233192451,0.036327352,4.870285275,-2.675380358,-2.127814448,6.328589943,70,256
7256,149,0.355275422,-0.516740731,4.498777700,-2.047169104,-2.752926848,6.397739980,23,185
7257,149,-0.043744276,-0.391710968,5.409097110,-2.901597379,-2.531905349,6.871693994,3,151
7258,149,-1.213132074,-0.470323113,4.683888040,-3.386690861,-2.561782345,5.581977915,2,150
7260,149,0.030502940,-0.275580868,5.460811850,-2.862129138,-2.419140206,6.957714595,39,233
7261,149,0.278824767,-0.428015201,5.211001855,-2.531513545,-2.608909828,6.913152174,8,167
7262,149,-0.214642384,-0.570965365,5.759643777,-3.268968916,-2.671384040,7.044335580,60,236
7263,149,-0.233037961,-0.253808557,5.498055847,-3.089427147,-2.372707081,6.825447684,14,181
7264,149,0.306806460,-0.340963242,5.391791001,-2.610202060,-2.512201571,7.072843641,14,180
7267,149,-0.846726110,0.383510159,3.687230565,-2.398493220,-1.813024004,5.016790267,3,151
7268,149,-0.081925053,-0.323911224,4.689004437,-2.485413452,-2.511217348,6.279282837,13,171
7269,149,-0.990188859,0.067269668,4.207221527,-2.862507798,-2.079235054,5.340522189,15,169
7270,149,-1.103166444,-0.386670238,3.935559100,-2.835221616,-2.539777875,5.058065783,6,163
7273,149,3.793201672,-0.855382292,6.897477444,-0.845640701,-3.212958477,10.401797405,4,152
7274,149,-1.504106156,0.099424570,4.108042656,-3.202186551,-2.010840287,4.946921026,4,163
7276,149,-0.673439534,0.469283414,3.871266033,-2.365180148,-1.729606644,5.268158773,6,156
7278,149,-0.185731456,-0.495657378,5.395312442,-3.016050003,-2.624221381,6.774053942,32,196
7279,149,3.691427369,-0.607447031,6.837958440,-0.862260227,-2.962053789,10.291601927,4,152
7280,149,0.609520320,0.236341580,2.304626158,-0.428380246,-2.177888745,4.818205796,15,175
7281,149,-0.653848010,0.338413979,3.556423934,-2.172225763,-1.883173668,5.031892062,9,163
7282,149,-0.267611271,-0.482838797,5.606005573,-3.207340092,-2.589971857,6.890223162,32,196
7283,149,-1.618552277,-0.810032390,3.648439162,-3.111223549,-2.937086130,4.516526301,9,161
7284,150,0.090214827,-0.560184920,6.009143183,-3.088351591,-2.621806280,7.327504386,34,195
7285,150,0.977401172,0.191053365,2.270456292,-0.027808233,-2.267766892,4.911522450,3,153
7286,150,3.860921743,-1.468536482,7.788725006,-1.346384398,-3.942885263,10.992275223,2,151
7287,150,0.070403165,-0.555606952,5.782506749,-2.966935556,-2.630084745,7.135235962,40,235
7289,150,-0.262399072,-0.597479236,5.852465113,-3.276345070,-2.618239476,6.988504127,26,196
7290,150,-1.033333860,0.232600028,3.363940763,-2.254030582,-1.859110503,4.568850896,3,155
7293,150,0.540634381,-0.376495367,4.322300782,-1.692635576,-2.622586422,6.262594477,16,183
7294,150,3.854821479,-1.038557121,7.761539826,-1.267138729,-3.519499547,10.981177566,2,151
7295,150,3.559631421,-1.193538797,7.655573393,-1.459143313,-3.636920144,10.713349229,2,151
7296,150,3.638075865,-0.863542649,6.970255194,-0.933822631,-3.370010634,10.225999747,3,153
7297,150,-0.424955813,-0.429483172,5.514012318,-3.173846525,-2.452229848,6.626381887,25,190
7298,150,-0.210561946,-0.599714890,5.758798591,-3.179781689,-2.634452448,6.945166429,31,196
7299,150,-0.132056374,-0.594298774,5.636041470,-3.043632717,-2.648998342,6.895030173,12,171
7301,151,3.972306839,-1.228464053,7.609854894,-1.152125698,-3.716702035,10.837729189,3,153
7302,151,-0.075077833,-0.530667758,6.178313841,-3.323846053,-2.524115701,7.262967563,32,200
7304,151,1.341487998,-0.355721676,5.637002027,-1.864127357,-2.604135149,7.702400812,25,193
7305,151,3.932703819,-1.469814266,8.202365041,-1.581171713,-3.905558153,11.274924205,8,160
7307,151,3.798930008,-1.189867534,7.776854219,-1.381965019,-3.640407975,10.865855579,17,177
7308,151,3.914987768,-0.793962962,7.196171921,-0.875250744,-3.309810833,10.489892897,3,153
7309,152,3.602777202,-0.923310662,7.096529904,-1.190833130,-3.373718535,10.110257101,22,175
7310,152,-1.409030748,-0.254588646,4.160105744,-3.118987083,-2.168152828,4.723530027,6,162
7311,152,-1.358549882,-0.386577266,4.141781657,-3.090741145,-2.307294943,4.735643009,7,159
7313,152,-0.969384072,-0.035497923,3.880756844,-2.572138427,-2.040169437,4.786000437,3,163
7317,152,3.146780862,-0.943969053,6.686553301,-1.291564114,-3.354980843,9.505325357,15,175
7320,152,-1.462871453,-0.341317793,4.153314004,-3.170558969,-2.245906948,4.681559424,6,159
7322,152,0.032343537,-0.138502429,5.822968510,-3.018829374,-2.150011537,6.924845030,17,180
7323,152,-0.016360270,-0.719738167,6.165329439,-3.364096423,-2.689873872,7.141079564,49,236
7324,152,0.627411125,-0.360695519,4.552220863,-1.813271971,-2.554442895,6.291329907,16,180
7326,152,-0.059575223,-0.414800148,6.318774995,-3.441550495,-2.371344652,7.245675305,35,200
7327,152,-0.764045278,0.310503126,3.772552085,-2.290090311,-1.738603840,4.841642751,8,168
7329,152,3.556598102,-0.879129385,7.512379240,-1.475876916,-3.292166727,10.408777632,18,175
7330,152,0.263764982,-0.648751662,5.798060640,-2.910123356,-2.690032992,7.030155986,12,180
7331,152,3.279197934,-0.967640491,6.819975663,-1.276106905,-3.388591501,9.691141242,16,175
7332,152,2.756861135,-0.624014209,5.742597289,-0.955199284,-3.050425832,8.536013027,17,174
7333,153,4.298313319,-1.499840644,8.155553951,-1.564264485,-3.852327190,11.274542100,6,158
7334,153,0.339863318,-0.705273410,5.719251244,-2.910735188,-2.655538892,6.916681524,15,180
7336,153,-1.356203491,-0.342613257,4.125580314,-3.138761579,-2.163714016,4.624506946,7,162
7337,153,-0.706839267,-0.141905258,3.629212234,-2.299925614,-2.103709274,4.657560284,3,163
7338,153,-1.409441492,-0.338985554,4.106604501,-3.166709855,-2.153497736,4.576319314,6,161
7339,153,-1.365716143,-0.356136242,4.160545463,-3.170207746,-2.172861221,4.645083402,5,161
7340,153,-1.385108671,-0.300925404,4.114185326,-3.146603163,-2.119121102,4.598948897,6,161
7341,153,-0.505199042,0.097772543,2.865517511,-1.627071032,-1.957847202,4.202230925,2,156
7342,153,-1.358620564,-0.338542589,4.116280259,-3.134078867,-2.160059565,4.615926690,6,162
7344,153,-1.377330347,-0.363550209,4.259584648,-3.242456321,-2.170675828,4.714177426,8,162
7345,153,-1.444793980,-0.375305875,4.615451376,-3.519128208,-2.144234026,4.946737448,7,161
7346,153,-0.461070130,-0.023585106,2.127213505,-1.150310416,-2.141678764,3.653894243,3,163
7347,153,-1.359076110,-0.394995285,4.276491650,-3.244457461,-2.203123096,4.737651388,9,162
7348,153,-1.405616573,-0.314062389,4.101388409,-3.156356555,-2.129932888,4.575605972,7,161
7350,153,-0.491043825,0.066268121,2.470239891,-1.373418161,-2.021849272,3.903900150,3,163
7351,153,-1.416857734,-0.319558236,4.091173665,-3.159408206,-2.134428803,4.560394687,6,161
7352,153,-1.296310379,-0.265594065,6.512276639,-4.578771982,-1.910973786,6.513509567,2,156
7354,153,-0.687834403,-0.024709477,3.866658788,-2.414940748,-1.972640448,4.857733669,4,163
7356,153,-0.882558474,0.291110827,2.830678258,-1.859691964,-1.712518699,3.943977109,2,156
7358,153,-1.475145126,0.099859236,3.721947435,-2.901714662,-1.741093019,4.252957794,2,156
7360,153,-0.863139179,-0.051028397,2.834752936,-1.904746988,-2.052245746,3.946899183,6,159
7361,153,-1.495948928,0.105336269,3.718815339,-2.914645664,-1.732767587,4.237592819,2,156
7363,153,0.133432499,-0.695023711,6.010295734,-3.248663299,-2.591270368,7.012074307,34,197
7365,153,-0.911725784,-0.054881461,2.961474696,-2.021884022,-2.038754964,4.014210568,3,156
7367,153,0.916076784,0.478177997,2.234475843,-0.086841738,-1.849044334,4.625081406,5,160
7368,153,0.256560166,-0.332488506,5.322866564,-2.662810778,-2.306446969,6.570708793,45,234
7369,153,-0.085795264,-0.452636636,5.647976788,-3.147271950,-2.347260135,6.601871765,12,169
7371,153,1.194940524,0.623531066,2.591234760,-0.074520139,-1.720575520,5.082807707,5,160
7372,153,-1.251533653,-0.799329763,4.183135816,-3.171764966,-2.625161317,4.718504511,6,161
7373,153,0.278927671,-0.740967401,6.080925662,-3.190097216,-2.653224796,7.156987788,35,195
7374,153,-1.583215057,0.087304203,3.731847377,-2.992180610,-1.736205877,4.191910471,2,158
7376,153,0.193846376,-0.490434766,6.262566833,-3.326882974,-2.379261362,7.253074398,35,201
7377,153,-1.354724396,-0.358722672,4.162003209,-3.163200426,-2.176972514,4.653060111,6,161
7378,153,0.559225845,-1.000107995,5.791860751,-2.838914574,-2.973819103,7.100689671,31,191
7380,153,0.119150725,-0.631671085,6.322322086,-3.444815216,-2.502359292,7.247015182,46,236
7382,153,0.530905441,-0.902663853,5.587519103,-2.715843856,-2.889419548,6.928111490,28,192
7383,153,-1.382496806,-0.385177301,4.100893436,-3.150372678,-2.203561998,4.587226937,6,161
7385,153,-1.352233508,-0.340985082,4.120482581,-3.132270829,-2.163112759,4.623125909,6,161
7386,153,-0.721613123,-0.029570207,4.042719001,-2.551966118,-1.958556298,4.972570562,5,163
7387,153,-1.347868903,-0.296057472,4.173538465,-3.154744063,-2.115380316,4.668612551,6,161
7388,153,3.425317846,-1.011293663,6.996619518,-1.418503789,-3.328149244,9.843486695,19,175
7390,153,0.201276244,-0.571668163,5.489091428,-2.849222700,-2.520704515,6.655786556,10,169
7391,153,0.868911378,-0.617204849,5.605795090,-2.422609943,-2.658315222,7.166173523,21,193
7393,153,3.779811887,-0.991058120,7.077207503,-1.196243719,-3.356007463,10.130530780,20,175
7394,153,0.915451317,0.442980905,2.234535785,-0.093245200,-1.883621126,4.623447024,9,161
7396,153,-0.899828263,-0.152758472,2.897861409,-1.989282231,-2.141957589,3.968884505,3,156
7399,153,0.245391060,-0.911655555,5.776882350,-3.053269453,-2.839968572,6.894106807,35,196
7401,153,-0.497656636,0.045387274,2.527234992,-1.417722336,-2.036971136,3.943100275,3,163
7403,153,-0.008639831,-0.317956457,5.793206425,-3.157261742,-2.215022162,6.767994254,14,175
7405,154,0.614582783,-0.701215237,5.849810886,-2.937356882,-2.552150577,7.065800112,15,180
7406,154,4.066908671,-1.415504533,7.255899531,-1.344735173,-3.453711413,10.390945622,20,177
7407,154,4.551299835,-2.110789090,8.089988881,-1.607001118,-4.118334334,11.341342068,5,159
7408,154,-0.470172078,0.180832189,4.050714746,-2.476727502,-1.728084802,4.992111644,6,168
7409,154,3.721390948,-1.286315790,6.757318310,-1.264805021,-3.335722722,9.787335399,17,175
7410,154,-0.460589853,0.515095754,2.149325187,-1.194573486,-1.553976838,3.559326349,2,156
7412,154,1.018418824,0.512308490,2.400812333,-0.247632193,-1.668183803,4.717332902,3,156
7413,154,0.706503810,-0.584174250,5.305122348,-2.500513436,-2.489116973,6.713623681,13,180
7414,154,-0.588916590,-0.066549335,2.573697404,-1.637119145,-2.084835605,3.798518423,2,156
7415,154,0.868491162,-1.017364500,5.908708266,-2.823367834,-2.883787974,7.277724286,24,192
7417,154,0.772892695,-0.215146344,4.334281148,-1.775565831,-2.208832110,6.021515971,10,180
7418,154,0.527731098,-0.546034429,5.365878595,-2.669553336,-2.430272060,6.642430713,17,180
7419,154,3.038292508,-1.044473284,5.795229003,-1.123763407,-3.113974262,8.611894207,18,175
7420,154,3.593084548,-1.014247492,6.253175793,-1.000800909,-3.095786254,9.321099741,20,175
7421,154,1.013232494,0.425667501,2.270235252,-0.177290579,-1.764487621,4.615541130,3,162
7422,154,0.349227179,-0.564351282,5.913275533,-3.161167355,-2.387352832,6.939611063,13,179
7423,154,0.600719126,-0.786956459,5.859903602,-2.964740358,-2.635183973,7.064694983,32,196
7424,154,1.110668714,0.467468524,2.212567081,-0.061611478,-1.736461143,4.635531692,3,156
7425,154,0.239649592,-0.578353848,5.674125241,-3.089897787,-2.411182359,6.687125452,29,196
7426,154,0.150658886,-0.725510710,5.911021050,-3.328391002,-2.529755579,6.808597627,30,196
7427,154,-1.152069758,-0.401876097,4.153207691,-3.126105345,-2.237072321,4.625671584,7,161
7428,154,0.679377000,-0.580164989,6.084282735,-3.026204090,-2.418451390,7.285024203,33,238
7429,154,0.143833271,-0.993338567,5.960922233,-3.398464939,-2.790869881,6.842911510,34,196
7431,154,0.903083596,-0.990580707,6.251200107,-3.016474189,-2.832047361,7.559233637,31,193
7432,154,-0.336845893,0.214459841,3.975921212,-2.323975974,-1.712791010,5.022670340,5,163
7433,154,2.173076149,-0.343962799,4.897767614,-1.105671892,-2.415355744,7.364354189,7,164
7434,154,0.335060905,-0.964178157,6.112588818,-3.349791765,-2.766507513,7.082616512,30,196
7435,155,0.600390165,-0.695439345,6.248105215,-3.153384969,-2.578416311,7.330666516,32,196
7436,155,0.329060489,-0.448611638,5.664452688,-2.946183249,-2.342700775,6.716907920,16,178
7438,155,-0.456330611,0.068728815,4.369417082,-2.629173118,-1.824544105,5.236159532,9,169
7439,155,-0.825688532,0.005978507,3.293251189,-2.228546452,-1.919262010,4.173604735,2,159
7441,155,-0.417073446,0.152491829,3.338283067,-1.927056687,-1.827011995,4.475356567,3,163
7442,155,0.470988077,-0.551219080,5.654042412,-2.848513189,-2.464263020,6.797302454,16,180
7443,155,-0.480882652,0.286126974,4.032432445,-2.398503609,-1.632574512,4.969021626,4,160
7444,155,0.219360510,-0.948711077,5.995713835,-3.317949826,-2.795923118,6.884975172,31,196
7445,155,4.360238457,-1.224092252,7.281342586,-1.065089915,-3.535118404,10.525546390,17,175
7446,155,3.583833686,-0.986915009,6.781370676,-1.293199654,-3.233327127,9.650379380,18,176
7448,155,0.710810491,-1.096788400,5.979666678,-2.960530066,-3.010664485,7.184716309,32,193
7449,155,-0.521724776,0.234611357,4.053952678,-2.450980429,-1.676193505,4.957680323,8,168
7450,155,-0.502709964,0.209239422,4.129794964,-2.489099612,-1.697981706,5.027175306,7,168
7451,155,0.220756365,-0.652146315,5.911683294,-3.217327597,-2.509743034,6.830295515,30,196
7452,155,0.470715522,-0.681105646,6.184215846,-3.207937329,-2.551457983,7.198757047,34,196
7453,155,0.382454616,-0.702412179,6.159373293,-3.261792147,-2.562342308,7.122322119,35,201
7454,155,0.242192740,-0.981830473,5.977577578,-3.294273474,-2.833159381,6.884833730,29,196
7455,155,0.477090646,-0.694171411,6.130988770,-3.171106395,-2.569353856,7.161774647,30,193
7456,155,4.758169762,-2.576049306,8.273648594,-1.609117971,-4.847911397,11.500952175,5,160
7457,155,0.320538832,-1.063537749,6.078053566,-3.312181466,-2.916795909,7.009709061,30,192
7458,155,0.179918802,-0.483210338,5.999580485,-3.278204441,-2.330515436,6.876169965,12,172
7459,155,1.057861987,0.508933832,2.338589312,-0.121950017,-1.754258149,4.670727558,4,160
7460,155,-1.420182343,0.983069447,5.959450685,-4.230781326,-0.666578825,5.858416206,2,156
7461,155,0.348417503,-0.825310194,6.247449816,-3.362749342,-2.672235266,7.164168310,38,200
7462,155,0.142765102,-0.606809527,5.984070568,-3.315352198,-2.448692485,6.836775249,28,196
7463,156,3.792435064,-1.422694468,8.526072876,-1.708026393,-3.699074927,11.246888788,14,179
7465,156,-1.530756667,-0.238479627,4.087583139,-3.149987334,-2.111149947,4.550757888,5,160
7467,156,-1.626684110,-0.116903175,4.101790491,-3.216564658,-1.977097764,4.508541432,5,160
7470,156,-1.646956120,-0.088628719,4.120982698,-3.239781862,-1.945126351,4.512728341,4,159
7471,156,-0.685384134,0.041532531,3.587607880,-2.142373826,-1.981684461,4.655593447,8,169
7472,156,-1.520565270,-0.305086166,4.108295513,-3.163952051,-2.176975200,4.571765524,6,161
7476,156,-1.170578029,0.476389868,5.184619594,-3.403601063,-1.379006017,5.666061152,4,164
7477,156,-0.758501947,0.174017896,4.352427334,-2.631064572,-1.789385099,5.231830980,10,169
7490,156,-1.640708446,-0.012344697,4.083142016,-3.201236392,-1.873097836,4.487902100,4,160
7491,156,-1.658032826,-0.039360123,4.120138135,-3.240785565,-1.894985254,4.506756383,5,160
7492,156,-1.613524585,-0.070810071,4.072461366,-3.182011177,-1.935273381,4.493888004,5,160
7497,156,-1.602616854,-0.028247011,4.029858841,-3.141956760,-1.897529566,4.467118322,5,160
7499,156,-1.621484709,0.007608278,4.067079857,-3.173547505,-1.857038743,4.486854576,5,160
7501,156,-1.688441607,-0.029690601,4.156732916,-3.285059709,-1.878872201,4.518484186,4,159
7502,156,0.116416830,-0.448745713,6.204681042,-3.118428464,-2.398050339,7.225863137,38,238
7504,156,-1.620844092,-0.013931174,4.066551187,-3.175919340,-1.878454917,4.486254795,5,160
7506,156,-1.663549859,-0.058686689,4.130180529,-3.253945585,-1.912673875,4.511084207,4,159
7509,156,0.066944977,-1.156651352,6.168033707,-3.241080801,-3.093715953,7.148878448,33,192
7511,156,-1.538450189,0.028991031,3.994158750,-3.061466966,-1.851976433,4.477812058,4,160
7513,156,-0.711138434,0.109192763,4.246313337,-2.540567585,-1.866986699,5.172720340,10,169
7514,156,3.581390640,-1.079836231,7.293741442,-1.099501610,-3.414690334,10.138035655,19,176
7515,156,-1.455274602,-0.291623606,4.153417295,-3.136633247,-2.169409915,4.647108317,6,162
7516,156,-1.526739242,-0.217433964,4.221278964,-3.222377408,-2.081883806,4.661377975,5,161
7518,156,-1.499739596,-0.247110931,4.131627958,-3.152545361,-2.120889850,4.604377800,5,161
7522,156,-1.588314250,0.028304938,4.052103545,-3.135304435,-1.842047176,4.494956520,3,159
7523,156,-2.055291790,0.046180377,4.065319587,-3.511532317,-1.760676391,4.229638610,2,158
7524,156,-1.626800012,0.070742381,3.713331051,-2.960176745,-1.817721867,4.200359397,2,158
7525,156,-1.560911606,-0.278934571,4.410340437,-3.369941011,-2.125361181,4.791873248,6,161
7527,156,3.377598782,-0.669856390,6.774418935,-0.894986909,-3.016924296,9.609579058,16,175
7528,156,3.844925280,-0.654997432,7.385358716,-0.881047013,-3.023962600,10.378746401,17,175
7529,156,-0.688442925,0.308532850,4.148796772,-2.435585675,-1.679531550,5.112716985,10,169
7530,156,3.958391022,-0.843552806,7.265401486,-0.748207705,-3.233709632,10.344435452,18,175
7531,157,-0.201322473,-0.553145197,6.129350428,-3.157625640,-2.562441347,7.092369514,30,195
7532,157,-0.362612603,-0.569067509,6.340540210,-3.409388196,-2.542829774,7.176631908,35,201
7533,157,-0.529223040,-0.600679416,6.055860402,-3.391936549,-2.572470582,6.847059752,30,196
7534,157,-0.458718702,-0.856854164,6.034981117,-3.359832164,-2.836403095,6.865532560,32,196
7536,157,0.169570407,-0.386460856,5.918940128,-2.712907211,-2.459760017,7.128421657,12,180
7537,157,-0.358544432,-0.747602637,5.939824282,-3.209070767,-2.747785748,6.844471446,25,196
7539,157,-0.276397773,-0.617503361,6.190697105,-3.262524086,-2.612214677,7.100155422,36,200
7540,157,-1.671340586,-0.068174494,4.110099472,-3.166702068,-2.034077802,4.603539701,5,161
7543,157,-1.617101250,-0.230256999,4.190207793,-3.190421282,-2.195828711,4.697900865,5,161
7544,157,3.417457876,-0.941112993,7.491653451,-1.010882353,-3.316294436,10.242791476,16,175
7545,157,3.316997262,-0.910090198,7.307993892,-0.986407903,-3.285452649,10.034860315,15,176
7546,157,3.365328431,-0.638099723,7.120747189,-0.803206188,-3.035574139,9.910868741,18,175
7547,157,-0.292302767,-0.512435199,6.295841460,-3.318771721,-2.498932404,7.179848288,32,200
7548,157,3.456963061,-0.984798248,7.387782448,-0.927120210,-3.371792449,10.178276979,13,175
7549,157,-0.178886668,-0.367949154,6.053100919,-3.069960784,-2.387400221,7.044511343,30,193
7550,157,3.326748824,-1.092223402,7.567614133,-1.149298763,-3.448869894,10.252648372,20,177
7551,157,0.405954261,0.273461822,3.669378130,-1.172272464,-1.993371688,5.407715130,15,177
7552,157,3.385834990,-0.899596277,7.530010878,-1.052065720,-3.268500386,10.257440568,18,177
7553,157,-1.807632171,0.108140567,4.089602459,-3.241212846,-1.843575655,4.512767456,3,159
7554,157,-1.864802970,0.027130812,4.109244845,-3.310680065,-1.915015216,4.495808727,2,158
7555,158,0.526037398,-0.734619389,5.552394353,-2.248933742,-2.990969608,6.970910965,8,186
7556,158,-0.811204491,0.389372817,4.192590977,-2.422879434,-1.801406509,5.112061295,10,169
7557,158,-1.706627937,0.100924048,4.096003693,-3.144941759,-1.976678175,4.527064896,3,160
7558,158,-1.704108814,0.101151718,4.089403455,-3.139182979,-1.977249813,4.523006492,3,160
7559,158,-0.439242248,-0.757095987,6.087190249,-3.339263030,-2.849324586,6.873981224,35,196
7561,158,-0.424726366,-0.386550677,5.857276614,-3.145016808,-2.501087917,6.696852896,11,175
7562,158,-1.223984366,-0.091917968,4.582896148,-3.048540567,-2.195822460,5.197795628,4,163
7563,158,-0.057954587,-0.225368567,5.851672673,-2.817828749,-2.389944429,6.899652584,13,186
7564,158,-0.437541398,-0.543539853,6.436821294,-3.500336701,-2.613561598,7.167787400,38,203
7565,158,-0.154413014,-0.464282417,6.375270636,-3.222683401,-2.576489034,7.276259411,29,196
7566,158,-0.372021922,-0.423900784,6.240395056,-3.320007268,-2.517728693,7.043340922,29,196
7567,158,3.348581164,-0.889186066,7.493657365,-1.038458585,-3.374410135,10.156326089,17,177
7568,158,2.800127701,-0.288856607,6.524550116,-0.860893784,-2.777910119,9.054952405,16,177
7569,158,-1.691256779,0.044113652,4.103965218,-3.145173732,-2.034299526,4.541445632,3,160
7570,158,3.241522664,-0.908509878,7.861433967,-1.333058773,-3.353467758,10.401002830,20,180
7571,158,2.582299798,-0.755885512,6.772947022,-1.246097925,-3.193722866,9.132305785,17,176
7572,158,-1.787095132,0.212353701,4.129162632,-3.212747024,-1.853633523,4.511142835,2,159
7573,158,3.327442429,-0.571319258,7.020544763,-0.746221093,-3.090864161,9.756925768,17,175
7574,158,3.289050715,-0.807236894,7.154349591,-0.886777232,-3.309667041,9.842972606,12,175
7575,158,0.146476014,-0.271335749,5.847931568,-2.655191927,-2.462340008,7.010228317,15,190
7576,158,-0.802600956,-0.600644944,5.650369158,-3.371179449,-2.678180084,6.310944772,8,167
7577,158,-1.789407862,0.172306005,4.108782194,-3.209249376,-1.894380847,4.492382478,2,159
7578,158,-1.701132042,-0.056674637,4.140204011,-3.188266528,-2.130111656,4.564512855,4,161
7579,159,-0.819378182,0.294975396,2.826937175,-1.577609430,-2.106145468,4.146183104,2,163
7580,159,-1.175257305,0.632072786,3.744416757,-2.297083600,-1.681911784,4.766212202,2,163
7581,159,-1.882566531,0.197034542,3.917046371,-3.041124994,-2.040202458,4.572883993,3,161
7582,159,-1.123439915,0.613420676,4.098093420,-2.426925379,-1.683019187,5.099768811,8,168
7583,159,-0.892023483,-0.412394224,6.041569336,-3.286957971,-2.602126339,6.915955583,30,200
7585,159,-0.607606163,-0.503331438,6.123294214,-3.090467005,-2.712900968,7.127998094,26,196
7586,159,2.433973047,-0.747899192,7.294339235,-1.055095509,-3.155421367,9.646688724,13,174
7588,159,0.567108071,0.249974095,2.705885124,-0.322830567,-2.282655207,4.723588649,13,175
7589,159,-2.050683990,0.181259887,4.091728952,-3.273702772,-2.029917057,4.642368608,3,161
7590,159,-2.038845557,0.437053662,3.856606801,-3.120846692,-1.791389271,4.440892693,2,160
7591,159,-2.045498562,0.124095961,4.017441927,-3.239155994,-2.091840595,4.580844949,3,161
7592,159,-1.232104367,0.702609347,4.017596653,-2.472020566,-1.589652501,4.975304367,3,166
7593,159,2.933456534,-0.810516269,7.941497856,-0.945372756,-3.222020813,10.456469166,17,175
7594,159,2.846322008,-0.795453641,7.585487247,-0.845362947,-3.221462883,10.103537743,16,175
7595,159,-2.036428742,0.185090806,4.059848507,-3.245376944,-2.029376147,4.621593485,3,161
7596,159,3.693530647,-1.075346349,7.313607780,-0.009440293,-3.592557451,10.286685189,7,170
7597,159,-0.071742969,0.006661143,3.993892884,-1.531336978,-2.386880984,5.532875419,14,180
7598,159,2.845467739,-0.941422363,7.830677090,-0.981684680,-3.351178028,10.318051200,16,175
7599,159,-1.094427481,0.618464150,4.127353196,-2.415541210,-1.678778896,5.139464063,8,168
7600,159,3.219245296,-0.850343066,6.385876357,0.057298656,-3.384313151,9.243402444,9,169
7601,159,4.366735204,-0.353028494,7.380689232,0.619259422,-2.930687102,10.668930778,6,168
7602,159,-0.900607685,-0.298591909,5.647193986,-3.089465701,-2.512851465,6.567267511,7,171
7603,159,-0.042062001,-0.238797134,4.331018286,-1.696920868,-2.612488164,5.843467818,14,177
7604,159,-2.056285862,0.173332916,4.097093548,-3.282034450,-2.036959885,4.644363213,3,161
7605,159,-0.597873496,-0.345498999,6.523265709,-3.260168772,-2.531918918,7.479323881,28,196
7606,159,-2.033357717,0.115785249,3.990919826,-3.216597131,-2.102844821,4.563818657,3,161
7607,159,2.155389265,-0.770044365,7.050309963,-1.179582560,-3.167706297,9.297401345,13,175
7608,159,0.519484355,0.567620952,2.724166813,-0.338464131,-1.961499777,4.712793014,9,169
7609,159,-0.165945614,0.238191570,4.925690751,-2.042690588,-2.090134117,6.295231323,11,179
7610,159,3.268262512,-0.921091966,6.618712681,-0.021630571,-3.444497547,9.470930164,8,173
7611,160,-1.297765320,0.834706638,3.487855351,-2.304699537,-1.584679411,4.504755572,3,165
7612,160,-1.231630040,0.738855826,3.900762871,-2.448190419,-1.656932428,4.902554192,6,168
7613,160,-1.003842201,0.439675563,3.177703357,-1.917618261,-2.003864930,4.390360660,2,163
7614,160,-1.231927888,0.619639650,3.943203297,-2.474374964,-1.773347584,4.944692726,6,168
7616,160,-1.377939648,0.607011633,3.766483295,-2.518817022,-1.793436964,4.720348837,2,165
7618,160,-1.216931912,0.735600923,3.917217536,-2.443295606,-1.659507244,4.924159666,6,168
7620,160,-0.854346137,-0.230215199,5.920141485,-3.126529731,-2.510731450,6.895093975,12,180
7621,160,-0.953298521,-0.158084047,6.295048653,-3.388773727,-2.414082947,7.173369047,44,236
7623,160,2.761967266,-1.083447160,7.698936296,-0.842016010,-3.332978062,10.222968065,15,175
7625,160,3.278806747,-0.813011526,5.790494755,0.534811221,-3.188929214,8.785607880,2,161
7626,160,3.720000969,-0.555032010,6.702996650,0.499007150,-2.886096886,9.786045849,5,168
7627,160,2.418575674,-1.237646614,8.327516740,-1.450567427,-3.441696669,10.616228880,18,180
7628,160,2.627221829,-1.187690408,8.016571232,-1.116752406,-3.415018276,10.441381105,16,177
7629,160,2.714639894,-1.340490883,8.287371495,-1.176489698,-3.553105200,10.727188982,18,177
7630,160,-0.734729748,-0.273778611,6.176288692,-3.145817102,-2.541376803,7.178829949,24,193
7632,160,2.234893750,-0.873858595,7.045812724,-0.983038959,-3.151757832,9.388956065,11,176
7633,160,3.510618720,-0.520566531,6.231567571,0.541776850,-2.875544666,9.270940446,6,168
7634,160,2.134858635,-1.008713873,7.601370553,-1.342266025,-3.250789932,9.833912276,12,175
7635,160,2.398711268,-1.336240017,8.656346775,-1.629555452,-3.519893630,10.899235890,17,180
7636,160,2.637925226,-0.797482307,5.336470434,0.189692834,-3.186958006,8.079918304,9,171
7637,160,1.843520709,-0.678584925,6.138367410,-0.884335949,-3.003027947,8.397543539,14,175
7638,160,3.630203880,-0.807584596,6.609918888,0.452572548,-3.141800723,9.672163581,9,169
7639,160,-0.420061223,-0.619189627,5.868203624,-2.739152277,-2.911364917,7.074073208,20,192
7640,160,3.255719334,-1.016802894,6.254399939,0.283550415,-3.363919874,9.189981774,4,164
7641,160,2.781369646,-0.676476856,4.921625762,0.519232995,-3.094220710,7.779722036,2,161
7642,160,-0.883305082,0.003908720,5.980217306,-3.169450503,-2.272851348,6.923948772,11,179
7643,160,-1.252216155,0.698893427,3.976327978,-2.504206369,-1.691828224,4.960652071,5,168
7644,160,3.536578842,-0.845831558,6.268672541,0.531367536,-3.198473227,9.329735305,6,166
7646,160,-2.018388413,0.243102033,3.970245178,-3.195406312,-2.130595152,4.607765481,2,161
7647,160,-0.700483497,-0.090932665,5.962515145,-3.005079174,-2.372491199,7.000014224,35,234
7648,160,2.254890174,-0.932972470,7.225303020,-1.053926430,-3.200390151,9.558428593,14,176
7649,160,-1.058165342,0.662246987,4.121168047,-2.404744707,-1.723861403,5.182143783,9,169
7650,160,-1.230719384,0.713681027,4.021581295,-2.506223309,-1.674812093,5.009998097,5,168
7652,161,-1.067117498,-0.323397435,6.290313496,-3.387401686,-2.525626413,7.204281723,33,200
7653,161,3.713132082,-0.512480413,6.899932318,0.507037126,-3.152129812,9.978991323,7,168
7654,161,3.320922297,-0.255004922,6.338150774,0.452687085,-2.889895643,9.297815897,6,170
7655,161,-0.648618291,0.099713759,6.253171701,-2.954068625,-2.148935577,7.365125292,10,180
7656,161,-0.948381220,-0.401350138,5.971579953,-3.144150156,-2.633228621,6.978413494,32,196
7657,161,2.486392655,-0.826076492,7.600965169,-0.931737212,-3.301597220,10.026605190,14,175
7658,161,3.765382667,-0.655590930,6.894678884,0.538970213,-3.299778389,9.999449038,4,166
7660,161,3.684718615,-0.198075604,6.770524081,0.578154787,-2.844451694,9.849837715,5,166
7661,161,-1.285809821,0.660207047,4.010568852,-2.409006732,-1.658399393,5.082207182,8,169
7662,161,-1.250791632,0.601209907,4.070845611,-2.412975728,-1.716999814,5.152139017,8,169
7663,161,-1.175395713,0.454804092,4.166478551,-2.407899248,-1.864394112,5.272613149,10,171
7664,161,2.572908664,-0.691647817,7.706625528,-0.889360267,-3.170534158,10.159822562,14,175
7665,161,2.662663410,-1.043198956,7.773101302,-0.881653309,-3.524825813,10.262200159,17,177
7666,161,1.953510769,-0.364442916,6.600228027,-0.882586905,-2.847940168,8.890681329,14,177
7667,161,4.039784258,-0.469123179,7.258169701,0.632720004,-3.120764779,10.448177390,4,166
7668,161,3.936341564,-0.601414174,7.146671882,0.578428173,-3.248363266,10.301876039,5,166
7669,161,2.388032067,-0.554432965,7.685230552,-1.026103021,-3.017133459,10.053828874,14,176
7670,161,4.140593468,-0.235223342,7.230037936,0.761129557,-2.900025034,10.469342886,3,164
7671,162,-0.600542671,-0.458911538,5.217759225,-2.461837815,-2.784564252,6.518570666,9,175
7672,162,-0.868633338,-0.276156639,6.193067390,-3.128380014,-2.517315618,7.253960113,27,195
7673,162,4.427668978,-0.598036979,7.880202135,0.687538602,-3.315021763,11.229293917,4,166
7674,162,-1.164943233,-0.781984191,6.216466070,-3.461352551,-2.985669918,7.135714166,28,196
7675,162,-0.388837281,-0.006081714,4.455413122,-1.865449503,-2.402565063,5.944599236,9,175
7676,162,4.215555455,-0.544651422,7.853080276,0.520875789,-3.240537155,11.105789628,5,167
7677,162,2.084744948,-0.717451304,7.322959785,-1.120865945,-3.210948590,9.637780927,9,175
7678,162,-0.383588166,-0.670933841,5.603818877,-2.477648794,-2.996127927,6.961352321,19,192
7679,162,1.999519718,-0.651515213,6.930763366,-1.004785812,-3.159047613,9.251438293,11,175
7680,162,4.688961391,-0.653312937,8.490194125,0.625647219,-3.362840505,11.890582212,3,164
7681,162,-0.349913386,0.049076207,3.915126503,-1.572945590,-2.383482397,5.485748051,11,179
7683,162,-1.216694580,-0.386282392,5.844635219,-3.284732046,-2.608981918,6.782971134,23,196
7684,162,3.743444737,-0.199171510,6.687702800,0.692450009,-2.914084639,9.855053603,2,163
7685,162,-1.136289507,-0.358764780,6.310577402,-3.427845125,-2.563330455,7.232146939,26,197
7686,162,4.494635652,-0.536324241,8.214510417,0.598164735,-3.241628513,11.555914136,4,166
7687,162,2.702800514,-0.491945534,7.829562447,-0.787328597,-3.024969639,10.375111558,14,175
7688,162,2.596917268,-0.790458167,7.883765209,-0.942189744,-3.306526009,10.373371155,14,175
7689,162,3.364487992,-0.257295399,6.507476522,0.437113903,-2.941002951,9.518086262,7,169
7690,162,-1.378881250,0.647180692,4.119095960,-2.495831309,-1.666105900,5.182828442,7,168
7691,162,3.458395090,-0.586575056,6.579790164,0.445103437,-3.273781111,9.626103678,7,169
7692,162,2.649726295,-0.452865158,7.721488686,-0.778691235,-2.986696375,10.254759409,12,175
7693,162,0.704932368,0.150089304,5.221728749,-1.244526222,-2.322060299,7.134529626,12,180
7694,162,-1.391105919,0.653313590,4.057851906,-2.477268595,-1.662250811,5.123008269,8,169
7695,162,3.975205065,-0.459726940,7.151883055,0.647247781,-3.170879150,10.373781498,3,166
7696,162,-0.894423227,0.054350403,5.754652233,-2.906047900,-2.212021416,6.854620967,41,232
7697,162,-1.246311455,-0.297559022,5.889152770,-3.320468240,-2.515124676,6.808359135,28,196
7698,162,-1.219521807,-0.390281998,6.046575322,-3.381737898,-2.600900450,6.959969298,26,196
7700,162,-1.161623627,0.404934325,4.060774662,-2.308177007,-1.933536431,5.233348975,9,175
7702,162,-1.397387224,0.639024120,3.995895697,-2.455685887,-1.679350251,5.065354029,7,169
7703,162,0.455517390,0.300648081,2.965328130,-0.393808062,-2.276718218,5.024922498,10,175
7706,162,3.904745536,-0.147819545,6.997297101,0.695972938,-2.862676417,10.204121486,3,164
7707,162,3.963222128,-0.642710471,7.065154696,0.654554149,-3.356203519,10.291623925,5,167
7708,162,3.804487736,-0.424187178,6.946260608,0.597779339,-3.128988895,10.112082909,6,169
7709,162,2.683206678,-0.574102548,7.868055031,-0.832560794,-3.102128097,10.399930765,13,175
7710,162,-1.387660048,0.648023937,4.093447333,-2.491476850,-1.665805177,5.156059455,8,169
7711,162,-0.079962757,-0.230101728,5.600372897,-2.155576431,-2.591908274,7.100668800,10,186
7712,162,-1.359100754,0.645081465,4.052885615,-2.447924972,-1.674191915,5.133644260,8,169
7713,162,-1.406724912,-0.586167655,5.843821351,-3.475544535,-2.786706167,6.693132426,26,196
7714,162,2.459303566,-0.493033881,7.691898264,-0.936740130,-3.007555261,10.139280455,13,175
7716,162,-1.388047694,-0.382785540,5.849901367,-3.436913129,-2.586557334,6.707208967,26,196
7717,162,2.521528075,-0.914581589,7.676321829,-0.926973081,-3.433559196,10.154844422,14,177
7718,162,3.963840382,-0.435880851,7.396006474,0.526553316,-3.131782691,10.584015532,6,168
7719,162,-0.241042758,-0.521418669,5.317027605,-2.200738234,-2.879945354,6.774951233,11,186
7720,162,-0.178275274,-0.367431792,4.526713193,-1.758718015,-2.779922971,6.106473685,11,180
7721,162,2.864742738,-0.180561324,5.459029853,0.496861161,-2.871435591,8.357713691,6,170
7724,162,3.347017421,-0.107234894,6.203250686,0.581984902,-2.807878617,9.241198124,7,168
7725,162,2.643143607,-0.421791064,7.911401203,-0.869059596,-2.944099934,10.419364383,13,175
7726,162,3.323513117,-0.139071307,6.269846727,0.526448384,-2.833041224,9.288984948,7,168
7727,162,2.255574506,-0.392398607,7.395440864,-0.964807384,-2.902756357,9.781859978,14,175
7728,162,2.396631800,-0.425830562,7.911605648,-1.085676720,-2.921268984,10.303864601,13,175
7729,162,0.363844175,0.314815435,2.709555795,-0.353292992,-2.267555575,4.756038221,9,174
7730,162,2.056615729,-0.370513240,6.914953965,-0.912716721,-2.887326037,9.264192428,12,175
7731,162,-1.359934130,0.624734895,4.042876713,-2.446505131,-1.694874323,5.124420508,8,169
7732,162,-0.270890827,0.251514523,4.046680222,-1.539976429,-2.183541187,5.638943235,10,175
7733,162,3.834412447,-1.037008644,8.197951094,-0.034471369,-3.667598120,11.231606850,4,166
7734,162,3.963727694,-0.290691710,7.258529220,0.608386705,-2.995685103,10.462522167,6,168
7735,162,-0.650779015,-0.148620624,5.955727577,-2.811214088,-2.428264449,7.146573930,25,203
7736,162,0.486107857,0.339530521,2.877697151,-0.321397317,-2.246557793,4.961884080,9,175
7737,162,-0.172306209,-0.373758368,5.832901503,-2.362503295,-2.710895902,7.262709887,19,193
7738,162,3.543772289,-0.438917918,6.766049006,0.451408029,-3.125712916,9.830603837,7,169
7739,162,-0.541761892,-0.078067887,5.063058976,-2.291297370,-2.422023830,6.409439401,11,185
7740,162,-1.344115233,0.635209904,4.020824623,-2.421081479,-1.687483251,5.112367792,8,169
7741,162,-1.399319622,0.672974259,4.061474395,-2.483727338,-1.641635847,5.122347120,8,169
7742,162,2.457223763,-0.309847098,6.349425782,-0.290827814,-2.903606847,8.952778835,13,175
7743,162,0.728279848,0.299857476,2.737708330,-0.048885422,-2.320423412,4.951922596,7,173
7744,162,-0.915705359,-0.371145690,5.996704229,-3.089913099,-2.617874495,7.058498110,27,193
7745,162,-0.237423788,-0.023134550,4.181228231,-1.607190766,-2.451909663,5.773538617,13,177
7746,162,3.551313037,-0.165610056,6.689883036,0.527206868,-2.859743329,9.766807124,6,168
7756,163,-1.460325984,0.787384638,3.379892829,-2.179894243,-1.645937518,4.553227772,5,169
7760,163,-1.423563917,0.757288482,3.053494620,-1.998295803,-1.693421168,4.282007698,3,166
7762,163,-1.473978004,0.787138373,3.178521669,-2.097637782,-1.653203353,4.369059738,3,166
7769,163,-1.565964914,0.704101757,3.873088850,-2.512706705,-1.696842888,4.937912636,5,168
7772,163,-1.433630636,0.670823988,3.999541407,-2.459651459,-1.738529043,5.111283412,7,169
7773,163,-1.538893129,0.676111569,3.001341596,-2.084118305,-1.764121436,4.180783065,2,165
7778,163,-1.206241441,-0.154559767,6.353093643,-3.454911665,-2.483673248,7.285309528,33,203
7779,163,-1.078638021,-0.088307168,6.411946699,-3.363148476,-2.428812097,7.398028174,43,238
7780,163,-1.489775660,0.544822449,3.873589277,-2.464109225,-1.863096945,4.972159162,6,169
7783,163,-1.624601000,0.504760231,3.561335861,-2.440649287,-1.901820314,4.632696083,2,164
7784,163,-1.300188076,-0.283450478,5.921382806,-3.349719992,-2.619974783,6.858496178,23,196
7785,163,-1.592633713,0.857497411,3.839563464,-2.503105764,-1.543036226,4.897703990,3,167
7786,163,-1.466769397,0.734043519,3.980817186,-2.472810035,-1.673014136,5.079976356,7,169
7787,163,-1.426396846,0.684103904,3.960374805,-2.433483102,-1.727741664,5.080274444,6,169
7788,163,-0.395810996,0.023526614,4.009311610,-1.627520330,-2.490524010,5.599361587,10,180
7789,163,-1.473876074,0.747232177,3.996022923,-2.484669806,-1.658523455,5.090224577,7,169
7790,163,-1.487369217,0.803801371,3.962680779,-2.474516699,-1.602298702,5.055159941,7,169
7791,163,-1.221243454,-0.228589066,6.108339412,-3.361847273,-2.565926618,7.061292937,37,234
7795,163,-1.006696968,-0.267263225,6.108885611,-3.178412234,-2.626919973,7.162077758,25,193
7797,163,-0.432701381,-0.309709023,5.030961653,-2.175578484,-2.774811865,6.479695828,12,186
7798,163,-0.353417998,0.038548718,4.441388563,-1.790900520,-2.461913069,6.000860841,13,179
7799,163,-1.558682534,0.695722784,3.875596707,-2.508441677,-1.705829324,4.943442836,5,168
7800,163,-1.307570788,0.959490509,4.469348273,-2.536523060,-1.445262997,5.588801704,7,176
7802,163,0.571005683,0.386187805,2.706339666,-0.129402170,-2.286737415,4.907909114,11,173
7803,163,-1.449243036,0.722456134,3.977609859,-2.457252810,-1.686507046,5.085233908,7,169
7805,163,4.379379352,-0.511447350,8.078143072,0.593236719,-3.353957098,11.427461698,3,166
7806,163,-1.455373721,0.726301873,3.979567964,-2.463109449,-1.681958296,5.084130351,7,169
7808,163,-1.477393007,0.758811450,3.979886770,-2.478895223,-1.647326312,5.074473324,7,169
7810,163,-1.332725164,-0.356333224,5.865938700,-3.360500821,-2.691290504,6.793362107,24,196
7811,163,-1.326077744,-0.547429506,5.878597818,-3.382132196,-2.881323015,6.805276747,30,196
7812,163,-1.211448398,-0.606449741,5.979088267,-3.335344520,-2.947811921,6.947092628,28,192
7814,163,-1.275531051,-0.265928367,6.078913665,-3.399864903,-2.598544825,7.009351107,47,236
7818,163,3.988409145,-0.225143396,7.550636396,0.529710035,-3.050488449,10.781735680,4,169
7820,163,-1.300843579,-0.250376792,5.976953762,-3.372577309,-2.584711010,6.907653466,33,236
7821,163,-0.276742095,-0.513878450,5.600132209,-2.328282724,-2.970179041,7.052824659,10,186
7822,163,-1.365346709,-0.276166701,6.144804437,-3.510580993,-2.596491905,7.025194164,25,196
7823,163,-0.969865703,0.153570183,5.721718995,-2.917500084,-2.228941060,6.842871049,9,173
7824,163,2.886754177,-0.202109881,5.768812811,0.400680379,-2.986446986,8.691683160,6,169
7825,163,-0.155286120,-0.300332908,4.743944330,-1.797033343,-2.806763975,6.356778290,11,186
7826,163,2.268131504,-0.293087380,4.889824186,0.259613909,-3.048620152,7.624056508,3,166
7827,163,-1.155498639,-0.203657604,6.140877898,-3.316642485,-2.546711936,7.121209834,47,236
7828,163,-1.454694590,0.741232239,3.945281435,-2.444784309,-1.668635919,5.054370535,6,169
7829,163,-0.288488633,0.171009546,3.988968331,-1.507313091,-2.356147326,5.633658530,12,179
7830,163,-1.481218061,0.768730808,3.994221844,-2.487839552,-1.636465978,5.085453814,7,169
7831,163,-1.121172121,-0.071951585,6.158168477,-3.279807561,-2.418743254,7.154239431,30,201
7832,163,1.677847851,-0.453448645,6.442149453,-1.002388210,-3.080585262,8.715016243,11,176
7833,163,2.329069309,-0.270829993,7.857323018,-1.073379914,-2.908271635,10.272393324,11,175
7834,163,-0.900121652,0.225844771,5.620071692,-2.800650800,-2.168746126,6.786810031,34,235
7835,163,2.620774537,-0.283098296,7.928189547,-0.852253202,-2.948200246,10.471825517,13,175
7836,163,0.055487157,-0.281511875,5.590246736,-2.006276133,-2.774709071,7.203062703,13,190
7837,163,-0.840233849,0.396578693,6.309238202,-3.051479899,-1.976470232,7.425403676,9,180
7838,163,2.278701457,-0.329777002,7.409273534,-0.914463290,-2.980355493,9.852501153,11,175
7839,163,4.032118814,-0.110705107,7.350346268,0.674660346,-2.949803796,10.626897700,4,168
7840,163,-1.015047741,0.167388614,5.781916394,-2.983719657,-2.207925483,6.874955409,11,179
7842,163,3.058380471,-0.135324112,5.901936865,0.496327460,-2.932571863,8.890648093,4,166
7843,163,2.199230269,-0.070643868,5.002459888,0.171569260,-2.815624186,7.693887136,8,170
7845,163,-0.313961482,0.088970753,4.624208627,-1.836203008,-2.408291371,6.181401064,9,180
7846,163,2.613224538,-0.334635420,7.903045206,-0.852909344,-2.999666309,10.445441254,13,175
7847,163,-1.426282907,0.741494426,3.981238547,-2.436681553,-1.669856739,5.099460015,7,169
7848,163,-1.242969769,-0.124207986,6.322965427,-3.469582476,-2.450915247,7.241840104,31,200
7849,163,-0.259260101,0.052614055,4.355917854,-1.666783030,-2.461443356,5.969821937,9,180
7850,163,-0.375478759,0.050495240,4.232262848,-1.711010919,-2.456505028,5.806049738,9,175
7851,163,-0.140558096,-0.661264923,5.954321717,-2.391301435,-3.116077415,7.427606420,12,189
7853,163,-0.889672117,-0.273379829,5.936921829,-2.996043757,-2.652543135,7.065181096,26,196
7854,164,3.431748279,-0.287818497,6.193451340,0.644307344,-2.980085275,9.396894231,2,166
7855,164,-1.143139887,-0.564678920,5.883809423,-3.241787945,-2.926371093,6.947912865,25,192
7856,164,3.966560962,-0.137137852,7.240265060,0.629945621,-2.823678372,10.571576677,4,168
7858,164,4.285016222,-0.129837937,8.119753523,0.492813625,-2.801294223,11.496596008,3,167
7859,164,0.558719642,0.389562005,2.526813630,-0.076459815,-2.252336254,4.802523104,9,173
7861,164,2.794405874,-0.403249639,8.532591386,-1.032796164,-2.943515455,11.151058508,11,175
7862,164,-1.409072098,0.731553593,3.921816420,-2.432073746,-1.702133731,5.091582881,6,169
7863,164,-1.445287262,0.724155084,3.939334951,-2.472754030,-1.706009907,5.089776026,6,169
7864,164,-1.432801566,0.729454885,3.939732314,-2.461540217,-1.701649452,5.096050995,6,169
7865,164,2.505331646,-0.930537787,7.986481096,-1.073204372,-3.471328023,10.534930098,14,177
7866,164,3.610733976,-0.155220393,6.790738504,0.529621223,-2.834931111,10.006933127,3,167
7867,164,0.601424995,0.324901535,2.948066949,-0.244314213,-2.301272070,5.193533679,5,170
7868,164,2.793321658,-0.170128407,7.261025086,-0.410813245,-2.767594542,10.031497603,9,175
7869,164,3.137718984,-0.263606902,5.987137801,0.486551417,-2.943054901,9.075418691,5,170
7870,164,4.651197342,-0.659352771,8.308105645,0.678295316,-3.347915066,11.838287814,2,166
7871,164,2.520729161,-0.512957306,7.756402129,-0.914302586,-3.066696012,10.338537556,11,175
7872,164,2.561623361,-0.766053828,7.414451340,-0.738453025,-3.337063344,10.058111156,13,176
7875,165,-1.214450233,-0.330114596,6.090559625,-3.354560143,-2.630324543,7.146953016,21,196
7876,165,-1.170044822,0.300225345,5.838988849,-3.139176954,-2.016726931,6.947713990,8,173
7877,165,-1.415875312,0.460562642,6.032294207,-3.432080931,-1.829497689,6.999290254,5,172
7878,165,-1.232437990,-0.178699169,6.135781844,-3.378381169,-2.476172345,7.178015826,40,235
7879,165,2.358574831,-0.978834606,8.039334436,-1.222647492,-3.473440598,10.571741008,13,177
7880,165,2.506027881,-0.793951510,7.395670928,-0.769507879,-3.328343910,10.077941134,12,176
7881,165,1.841014770,-0.307093615,4.316857593,0.165239714,-2.922745306,7.057990586,5,169
7882,165,-0.313671913,0.044908727,4.403764158,-1.727434973,-2.399465465,6.099818453,8,180
7883,165,-0.757970732,0.296239800,6.061325585,-2.885826223,-2.043518025,7.340588281,12,180
7884,165,-0.398522942,-0.718687507,6.166402413,-2.712650333,-3.078092619,7.605138488,11,183
7885,165,-0.365997604,-0.009654731,4.591419849,-1.867761361,-2.441694625,6.239299671,8,175
7886,165,-0.793313942,0.335935956,6.067407312,-2.916069275,-2.000949098,7.328962493,10,180
7887,165,0.502220226,0.316094529,2.807683131,-0.227126499,-2.261498753,5.091485158,8,172
7888,165,1.938125724,0.124900281,4.252065563,0.319642846,-2.502859193,7.047861622,4,170
7889,165,1.872550021,-0.269748788,6.636014901,-0.912900024,-2.788994534,9.107528379,9,175
7890,165,2.198589967,-0.626570782,5.061662160,0.092958490,-3.237184511,7.882952971,2,166
7891,165,2.192176161,-0.463796105,7.312597499,-0.974513462,-2.978442004,9.854450518,10,175
7892,165,-0.940100786,-0.341259081,5.966938850,-3.056740763,-2.668217882,7.170225891,21,192
7893,165,0.459053546,0.265536652,3.596454952,-0.646548195,-2.274788899,5.762670125,6,174
7894,165,1.995080045,-0.396301519,6.922084536,-0.953945081,-2.912435480,9.417274522,11,175
7895,165,0.553500016,0.281661469,2.553079607,-0.063646000,-2.310687265,4.892757144,5,173
7896,165,-1.486299574,0.737320900,3.939473181,-2.468106052,-1.637685790,5.129687307,4,169
7897,165,-1.390398386,0.661180268,4.050653231,-2.444282653,-1.716295547,5.273243529,6,170
7898,165,-0.511092025,0.415473988,4.350003971,-1.841123793,-2.017194128,5.957948979,32,233
7899,165,2.059291167,-0.199457050,7.182594680,-1.004843804,-2.710289018,9.676663180,8,174
7900,165,-1.434238652,0.697794222,3.947092905,-2.429793691,-1.680811884,5.161358448,4,168
7901,165,0.456380634,0.332117336,2.514607504,-0.125596300,-2.254459509,4.812391286,8,172
7902,165,-1.559146881,0.681501370,3.866743545,-2.501957409,-1.690675147,5.030902876,4,169
7903,165,-0.384170314,0.209692843,4.108744914,-1.633236465,-2.242408371,5.807209680,10,180
7904,165,-0.341701526,0.092360196,4.050331947,-1.578675219,-2.365097009,5.776335883,10,180
7905,165,-0.402351146,0.461214902,4.001284470,-1.575274212,-1.995053839,5.704264315,10,176
7907,166,-1.706671573,0.492023941,3.712052520,-2.546816379,-1.697275435,4.878016091,3,168
7908,166,3.812518073,-0.241162312,6.965707507,0.579987339,-2.800026176,10.409049134,3,169
7909,166,-0.553044788,0.187402997,3.965149922,-1.705466269,-2.104452964,5.661625323,5,174
7910,166,3.800002966,-0.267417653,7.055214863,0.522732248,-2.819240057,10.481230980,2,167
7912,166,3.804021647,-0.118067225,6.865696640,0.635842654,-2.683144644,10.317148892,4,169
7913,166,4.014382706,-0.262384080,7.354535314,0.564755580,-2.818104614,10.847030779,3,168
7914,166,1.904548955,-1.058074532,7.797131093,-1.575304173,-3.360180019,10.209291577,12,183
7915,166,2.331811210,-2.739075347,8.466711353,-1.732023648,-5.031922540,11.007646416,3,168
7916,166,-0.326672704,-0.228155070,5.922874339,-2.504772785,-2.419399523,7.483310113,19,193
7917,166,-0.105302782,-0.698399815,5.085345501,-1.965484327,-2.961125517,6.860983653,4,180
7918,166,-1.632992590,0.491063643,3.808958097,-2.529819556,-1.699924857,4.998532871,3,168
7919,166,-0.290166291,-0.884099808,6.021486107,-2.600323520,-3.068201470,7.589360052,10,186
7920,166,-0.472466200,0.294893890,4.113352276,-1.694091084,-1.996998695,5.829956318,12,180
7921,166,2.960916991,-1.285607126,8.117810150,-0.841578347,-3.676499262,11.004343851,11,177
7922,166,-0.388161774,0.027186723,3.878571061,-1.540108885,-2.286062384,5.666774675,7,175
7923,166,-0.327990598,-0.972499144,6.540698881,-2.894535185,-3.119858877,8.024788616,9,183
7924,166,-0.128915646,-0.193047938,4.763191270,-1.769098317,-2.476985894,6.566428403,7,181
7925,166,3.861109361,-0.217562668,7.088127502,0.565888059,-2.774098058,10.539562178,4,169
7926,166,-0.255472989,-0.677973456,5.961026930,-2.516030430,-2.870965015,7.552761338,16,192
7927,166,-1.408376735,-0.683358186,5.626459222,-3.355039350,-2.776618673,6.699347961,21,192
7928,166,-1.055913342,0.178112896,5.725627711,-2.992692325,-1.952189279,6.954726241,8,181
7929,166,1.427411326,-0.448457648,5.803577022,-0.952632325,-2.828639700,8.233615604,10,175
7930,166,-0.396020255,-0.622003140,5.094399723,-2.212717428,-2.854373194,6.727137416,8,180
7932,166,-1.448009144,0.476284122,4.071626225,-2.497999336,-1.717654744,5.318071569,3,168
7933,166,-0.621645126,-0.001856860,5.809952990,-2.678614243,-2.170959991,7.240353765,5,180
7934,166,2.820166561,-0.484889231,7.311610085,-0.477238265,-2.916906535,10.228977119,8,175
7935,166,3.951136959,-0.192687177,7.080572474,0.650633319,-2.759275960,10.576702230,4,169
7936,166,-0.659925334,0.154215012,4.886448875,-2.246999024,-2.069207485,6.414497612,10,181
7937,166,2.348912762,-2.709731005,8.435785690,-1.698699664,-5.006495407,10.988860167,3,168
7938,166,1.855273454,-0.215229998,5.660867436,-0.484352840,-2.650652956,8.316454043,8,175
7939,166,2.724471753,-0.467700808,7.264797411,-0.535544808,-2.892749219,10.141449204,9,175
7940,166,-0.489037887,0.306286142,4.052580757,-1.677739885,-1.987721698,5.768766798,9,181
7941,166,-1.141344409,0.069565311,5.876470565,-3.152785505,-2.041675474,7.045263563,8,179
7942,166,2.705793202,-0.320295060,5.298113610,0.415673957,-2.866216155,8.413907200,4,170
7943,166,1.666439952,-0.565235019,6.049830400,-0.878392606,-2.954273145,8.565454519,7,174
7944,166,0.347309797,0.535645114,2.417267300,-0.135019029,-1.948622711,4.746604033,4,171
7945,166,-0.307028885,-0.113424320,4.515643809,-1.794391455,-2.394673036,6.263230708,10,180
7946,166,-0.584310788,-0.918982043,6.363023602,-3.024558392,-3.050967208,7.744644852,21,192
7947,166,-1.261736103,0.741371958,4.340936596,-2.434304631,-1.457310723,5.643127345,5,176
7948,166,-0.322821667,-0.094958336,4.706905322,-1.898189783,-2.362855716,6.422557216,8,180
7949,166,-0.535369675,-0.476857026,5.742838490,-2.629029190,-2.655611193,7.225270604,17,193
7950,166,-1.602072645,0.566787719,3.837280604,-2.507488304,-1.626236779,5.038076840,3,169
7951,166,-0.388928729,0.027830796,4.000076543,-1.599359664,-2.277822077,5.772538695,10,180
7952,166,3.858676933,-0.374229409,7.228960008,0.476771349,-2.920634860,10.661911501,4,169
7953,166,-1.638500324,0.593043143,3.836872645,-2.535698043,-1.596396572,5.019903722,3,168
7954,166,2.205298658,-0.323272699,4.915328509,0.166056601,-2.840597556,7.835925409,5,171
7955,166,2.476478120,-0.288785370,6.895411026,-0.550569422,-2.712122692,9.697482768,8,175
7956,166,-1.527730943,0.521789891,3.922265050,-2.489505229,-1.673405126,5.148646299,4,169
7957,166,-0.317220010,0.013040387,4.087202786,-1.581028405,-2.294598880,5.883598960,8,180
7958,166,1.895992570,-0.237961063,4.136357947,0.284248280,-2.771831840,7.004633961,3,170
7959,166,1.893462302,-0.083601534,4.269105519,0.236694411,-2.610132957,7.118858674,2,167
7960,166,2.083981671,-0.355641956,4.869209529,0.079179589,-2.862912672,7.736693555,5,172
7961,166,-0.388358547,-0.037479353,3.946432163,-1.580890877,-2.346029195,5.726168952,8,180
7962,166,2.718197203,-0.454329549,7.035985574,-0.428891822,-2.892984504,9.938476046,7,175
7963,166,-1.432601879,0.512974115,4.070151976,-2.479472714,-1.682936379,5.324163545,4,169
7964,166,-0.512817660,-0.794798671,5.756539956,-2.654668946,-2.972708394,7.249253546,20,192
7965,166,-0.440329470,0.010190264,3.802513638,-1.550694225,-2.302192928,5.574998666,10,180
7966,166,-0.257194410,-0.187542092,5.320119192,-2.148572493,-2.423651815,6.990467659,14,191
7967,166,2.861612363,-0.536998463,7.576665301,-0.575587602,-2.956552343,10.480856082,8,175
7968,166,2.766265710,-0.361368804,7.237958222,-0.473435893,-2.793229567,10.138000505,8,175
7970,166,-0.453763786,-0.553578315,5.226244789,-2.318149278,-2.772263262,6.813979097,13,187
7971,166,-0.518890999,0.273472929,3.870406913,-1.619657895,-2.028450732,5.595207433,10,178
7972,166,2.564841517,-0.550305302,7.956827641,-1.018130362,-2.915237195,10.668532335,8,175
7973,166,-0.481584680,-0.067687418,3.821810427,-1.605241327,-2.373991828,5.572028228,7,179
7974,166,-0.046263111,-0.828832563,5.721550077,-2.237273511,-3.057379650,7.445894269,6,187
7975,166,3.969673331,-0.191050682,7.091600887,0.661583486,-2.758904728,10.595353157,4,169
7976,167,-0.425822478,-0.005140358,4.207835920,-1.667388683,-2.384080936,6.051637178,8,180
7977,167,-0.383759509,-0.024091438,4.412932720,-1.730846730,-2.404820114,6.250976329,6,180
7978,167,-0.570625335,-0.022486448,4.035232379,-1.714770099,-2.376825440,5.830813502,9,179
7979,167,-0.540093870,-0.144451738,4.668537427,-2.008724020,-2.482618763,6.395863811,7,187
7980,167,-1.620334687,0.456112853,3.900695967,-2.463097993,-1.698086710,5.257781077,3,169
7981,167,-0.634662637,0.199473506,3.843883467,-1.637076383,-2.152546343,5.647390558,7,174
7982,167,-0.720425544,0.211745171,5.341396056,-2.409629789,-2.076233329,6.930896453,6,179
7983,167,1.142617640,-0.393389957,5.961397502,-1.212281920,-3.029960270,8.301401187,8,176
7984,167,2.578974158,-2.138082300,9.204004794,-1.832742820,-4.929415307,11.711485101,3,170
7985,167,1.377569726,-0.302048539,5.770753699,-0.902720333,-2.994603591,8.248369819,6,174
7986,167,-0.707703958,0.189632599,5.179387945,-2.327139062,-2.105528725,6.792207980,6,180
7987,167,2.915363353,-0.784437838,7.957150225,-0.695018022,-3.712800517,10.859670523,8,175
7988,167,2.260164458,-0.348384410,7.550007287,-0.984023224,-3.164889399,10.226059477,8,175
7989,167,2.263182157,-0.653375927,7.933997933,-1.220688989,-3.451907097,10.545571456,11,177
7990,167,0.880912588,-0.299101145,5.820718918,-1.353578784,-2.888578462,8.062200939,12,179
7991,167,3.727921799,0.410157532,6.892104449,0.736949248,-2.743506385,10.378452848,2,168
7992,167,0.403410051,0.291520178,2.488104910,-0.089772332,-2.317147697,4.938194139,6,173
7993,167,4.019023702,0.435627209,8.178964890,0.390384309,-2.737939448,11.651740157,2,168
7994,167,2.368510531,0.096753810,5.542417096,0.136024400,-2.814238072,8.534065906,3,171
7995,167,0.838991763,-0.288186198,5.757170866,-1.357829658,-2.871310179,7.987377259,11,179
7996,167,0.886554636,0.200689776,4.485852409,-0.626306220,-2.442442492,6.920391538,7,175
7997,167,3.618306527,-0.094032205,7.294856389,0.355561641,-3.201789379,10.648549341,2,168
7998,167,3.774622276,0.315416597,7.102039749,0.660435253,-2.839192889,10.579000377,2,168
7999,167,2.152133174,0.109776133,7.314693845,-0.877578233,-2.701895497,9.999651954,8,175
8000,167,-0.632955640,0.190723232,4.050631671,-1.734097912,-2.154999871,5.830161190,6,179
8001,167,3.719802306,0.238241950,6.966557853,0.661554198,-2.907716287,10.428601602,2,168
8002,167,2.302743535,0.072531760,8.051701795,-1.100058647,-2.746122254,10.717842598,6,174
8003,167,-0.473666879,-0.141122303,4.151652044,-1.708853946,-2.509089477,5.970456512,8,186
8004,167,3.572914554,0.234977668,6.795696642,0.614307849,-2.886202849,10.209318282,2,168
8005,167,-0.638508781,0.737654495,3.883458067,-1.553910222,-1.623987950,5.717598347,10,176
8006,167,3.838248295,0.313488347,7.266801555,0.637764785,-2.848947481,10.753898458,2,168
8007,167,-1.467016638,0.169731681,5.788655318,-3.270651934,-1.950670205,6.976492606,5,173
8008,167,-0.342661571,-0.136352798,4.166422248,-1.601931014,-2.530756396,6.044627456,8,183
8009,167,2.066967436,0.082887806,4.950413401,0.150570175,-2.784617201,7.870364238,4,171
8010,167,3.337830572,0.156593478,6.871950374,0.360710356,-2.912427979,10.162161674,2,168
8011,167,2.770438693,-0.641080456,7.817066456,-0.726372324,-3.547278367,10.678570319,9,175
8012,167,-1.737457231,0.481756586,3.869561566,-2.544461413,-1.650015109,5.177695140,3,169
8013,167,-0.572246184,-0.017893426,3.759420033,-1.586154349,-2.380613633,5.586805691,8,180
8015,167,-0.736025397,-0.806458690,6.134713919,-2.993118410,-3.044440211,7.554155750,22,192
8016,167,-0.743692666,-0.694295267,5.979712397,-2.905280561,-2.937976130,7.421434976,22,193
8017,167,-0.553857065,-0.018792720,3.769458128,-1.575180330,-2.384941110,5.604142809,7,180
8019,167,-0.474858537,-0.165095832,4.666318365,-1.955490198,-2.516228025,6.422758592,9,186
8023,168,-0.538493024,-0.129398966,3.653715091,-1.536752198,-2.500383039,5.450985792,6,179
8024,168,-0.234390368,-0.281634941,4.950940747,-1.912858062,-2.671318775,6.726828248,8,189
8025,168,-0.301817536,-0.151768153,4.251206969,-1.617368123,-2.552436412,6.086834618,8,183
8026,168,2.097745269,-0.844854149,8.497577762,-1.677991895,-3.593256806,10.901702470,12,180
8027,168,2.950235567,-0.556648350,7.948890961,-0.629917551,-3.505337087,10.833366609,7,175
8028,168,-0.509805699,-0.664032895,5.171244143,-2.328768621,-2.981231341,6.766677899,5,179
8030,168,-0.529054968,-0.014351871,4.219809219,-1.771174345,-2.371990856,5.963186120,6,179
8035,169,1.873093709,-0.275622182,5.728015220,-0.722101984,-2.577244440,8.280294470,5,175
8036,169,2.057347508,-0.307755069,4.239266686,0.166041375,-2.733012100,7.081006351,3,171
8037,169,3.416932996,-1.264547952,8.221361619,-0.745542930,-3.544524906,11.220023915,6,175
8038,170,1.537592564,-0.755452072,6.169791871,-1.448050279,-2.919798862,8.386754914,9,179
8040,170,-2.039795065,-0.131851442,4.046448375,-3.396957873,-2.092261461,4.751908475,26,196
8041,170,-2.044505664,-0.132774158,4.038762820,-3.397300409,-2.093226045,4.742905078,25,196
8042,170,-2.039220815,-0.164332662,4.039637161,-3.396891621,-2.125022447,4.746573178,25,196
8043,170,-2.050630915,-0.073580295,4.062274647,-3.407300928,-2.032295767,4.759689867,25,196
8044,170,-1.640815549,-1.188607374,4.198417684,-3.253269025,-3.170507596,5.092130771,3,179
8045,171,0.328591158,-0.577202774,5.894247178,-2.497880959,-2.551326378,7.434550613,17,193
8046,171,3.391571360,-0.681383350,8.029326785,-0.954173813,-2.808554518,10.826020525,5,175
8047,171,0.248621073,-0.227132639,4.144242412,-1.647676110,-2.320951231,5.880349853,7,180
8048,171,3.761861932,-1.371451775,7.903007609,-0.658076449,-3.539455092,10.911908685,5,175
8050,171,-0.608207006,0.365202518,1.775730491,-1.124041261,-1.816631991,3.397139701,3,173
8051,171,-1.859920534,-0.156160459,4.062171250,-3.405003391,-2.045463227,4.742972335,24,196
8052,171,0.212499346,-0.270112477,4.502675918,-1.863293091,-2.334381440,6.171821243,6,177
8053,172,0.318580432,-0.324150221,3.820079142,-1.602845264,-2.413641070,5.508887637,5,179
8054,172,3.763782149,-0.670351983,8.154072111,-0.912311992,-2.818078547,10.998182647,4,175
8055,172,0.013883642,-1.084424916,6.457661803,-3.297591295,-2.954825530,7.621387414,20,193
8056,172,0.981930336,-0.873588213,5.097811725,-1.755335540,-2.940031225,6.949087580,5,185
8057,173,0.336042508,-0.272866244,4.384129171,-2.039131200,-2.281670974,5.889403862,3,180
8058,173,0.497817923,-0.263449509,4.836185442,-2.133094804,-2.256274704,6.359659858,4,180
8059,173,-1.589518716,0.024210216,4.211603177,-3.545356702,-1.796158981,4.739895919,26,200
8061,173,-0.267811142,0.342471880,1.758978301,-1.122800993,-1.800175504,3.327529862,2,174
8062,173,-1.597039960,0.044162930,4.225973777,-3.556559957,-1.774522888,4.748115447,26,200
8063,173,-1.527073601,-0.043778116,4.126763607,-3.457518108,-1.876406794,4.700345594,26,200
8065,174,-1.304213473,0.077389592,4.262738145,-3.511794757,-1.778620638,4.742814778,26,200
8066,174,0.638578790,0.527718909,3.970224901,-1.673973004,-1.501431788,5.522801838,2,175
8067,175,1.162797768,-0.259053146,4.572093831,-1.718618564,-2.302605028,6.232619773,3,180
8068,175,1.171237971,-0.266364805,4.577634629,-1.715369396,-2.310372240,6.241812768,3,180
8069,175,1.178319652,-0.258148096,4.612284065,-1.726536719,-2.300527592,6.274928046,3,180
8070,175,1.422544690,-0.324892739,5.211510581,-1.844184719,-2.350500667,6.912764055,3,180
8071,175,1.169092847,-0.261512435,4.603440192,-1.730092124,-2.303496727,6.262550239,3,180
8075,176,0.130666191,0.155743290,1.677555346,-1.144207150,-1.981373922,3.189607671,2,177
8078,177,0.237982076,0.193321627,1.642612213,-1.168942947,-1.968153140,3.199550355,2,178
8079,177,0.238454807,0.180136909,1.632019265,-1.164647974,-1.982034804,3.190882978,2,178
8080,177,0.237347640,0.210023102,1.649735219,-1.171043405,-1.951018053,3.205212143,2,178
8084,178,0.361317066,0.005382643,4.721128266,-2.903669789,-1.890655494,5.862962879,30,235
8085,178,0.537380836,-0.305845684,5.245874190,-3.084151956,-2.178402758,6.399477098,29,236
8087,178,1.256379035,-1.050307170,6.298132295,-3.159117264,-2.917364236,7.674916069,15,192
8088,178,-0.758143167,-0.035105996,4.178336115,-3.546274684,-1.842251506,4.797988764,22,200
8092,178,0.360001885,0.146224866,4.540251782,-2.787438713,-1.765181482,5.710315661,28,234
8096,178,0.248904937,0.589275387,3.732225850,-2.381740682,-1.376635370,4.971408881,43,252
8097,178,-0.224793297,0.808694484,3.244778570,-2.481423985,-1.142077607,4.304186652,9,193
8098,178,-0.794253640,-0.021866275,4.183824635,-3.577358145,-1.824493147,4.782894411,22,200
8100,178,-0.572333427,-0.268604876,4.194323708,-3.433426294,-2.093905559,4.913045565,18,195
8103,178,0.353930837,-0.032790921,1.585681918,-1.224607204,-2.172408590,3.229732998,2,179
8104,178,-0.633636824,-0.133707095,4.191148951,-3.463656484,-1.953428585,4.876741953,23,201
8105,178,-0.599946147,-0.215864243,4.153671324,-3.427022504,-2.041634812,4.863817388,18,196
8106,178,-0.667430426,-0.998637404,3.555936290,-3.270811586,-2.855416972,4.327224558,3,180
8107,178,0.518162630,-0.521350814,6.064428645,-3.571750716,-2.325606456,7.075806690,17,200
8109,179,2.346894899,0.132205891,4.965697586,-1.621414750,-2.200764264,7.216995793,2,180
8114,179,1.370739442,0.466062932,3.283318368,-1.462024065,-1.796020055,5.292023958,2,184
8115,179,0.471282752,0.082835064,1.549690552,-1.291439151,-2.113454343,3.334605352,2,180
8121,179,-1.205605577,0.236908645,2.887361348,-3.398070154,-1.729016523,3.533023282,7,191
8123,179,1.042847950,-0.055942268,5.942108080,-3.258978263,-2.209107843,7.304355711,28,247
8126,179,0.617387608,0.430748001,4.172379138,-2.579180794,-1.719886785,5.616646433,37,258
8131,179,0.354793122,0.463843613,3.944316533,-2.666580164,-1.661703251,5.283420140,20,200
8132,179,3.979335819,-0.762999586,7.313318195,-1.668659416,-3.223677976,10.032842772,3,181
8133,179,1.357799177,-0.852584733,6.059776049,-3.153068735,-3.034192409,7.540359679,14,192
8134,179,-0.592515421,0.195278316,4.037141775,-3.530722779,-1.814073659,4.827154735,21,200
8136,179,1.287704612,-0.579212146,6.022771095,-3.159888422,-2.755462757,7.483101853,14,193
8137,179,0.313104133,0.506771546,3.944808224,-2.696482515,-1.614152079,5.262786274,21,200
8138,179,-0.582365905,0.257190222,4.006483290,-3.498467631,-1.754578993,4.809949223,21,200
8139,179,-0.437158784,0.031210628,4.049026480,-3.427319886,-1.994997816,4.915299098,20,199
8140,179,0.518291411,0.511297643,2.002408556,-1.454378736,-1.682380573,3.756943703,3,185
8141,179,-0.441688192,-0.066309920,4.031638842,-3.432409346,-2.091703741,4.893964520,18,196
8142,179,0.511529354,0.596091978,3.677337087,-2.374875670,-1.555602618,5.153093457,35,251
8143,179,0.501270591,0.482124140,4.094000528,-2.626105974,-1.657125000,5.489662726,23,228
8144,179,-0.593731430,0.234610327,4.009740983,-3.512190909,-1.775569673,4.805399231,21,200
8145,179,0.775415666,0.044456937,5.561481325,-3.258619636,-2.087349523,6.844299696,17,200
8146,179,0.529772552,0.297441217,4.448909833,-2.819159843,-1.834965532,5.792950886,30,236
8147,179,0.529620043,0.137599049,4.805208519,-3.033870583,-1.984727200,6.082724998,44,236
8148,179,-0.451582741,0.057723030,4.084616944,-3.455906536,-1.966087061,4.938203482,19,199
8151,179,0.761410800,-0.027370748,5.550795095,-3.272354287,-2.157263894,6.824478288,23,215
8152,179,1.378451400,-0.707146055,6.105413073,-3.144870994,-2.891118578,7.596255448,13,192
8153,179,0.665143784,0.074514440,5.380638922,-3.246555489,-2.048998359,6.634178396,19,200
8156,180,0.570225938,0.085116182,1.559447324,-1.354775036,-1.962853425,3.483167015,2,181
8159,180,0.572422751,-0.066441506,1.523387241,-1.354254291,-2.115705925,3.452988702,2,181
8162,180,0.572706498,-0.078658753,1.525606549,-1.356889507,-2.127689630,3.454915727,2,181
8166,180,0.866921441,0.145147669,3.797833079,-2.307789630,-1.785575806,5.523348040,15,234
8167,180,0.564241109,0.251557982,1.577506100,-1.346691259,-1.796038279,3.496288375,2,181
8168,180,0.987705773,0.331396282,2.492278378,-1.477529292,-1.704743216,4.494812995,2,181
8169,180,1.069021719,-0.393401073,5.654249176,-3.215290934,-2.216096228,7.187154984,34,243
8170,180,0.572444253,0.106115662,1.566550997,-1.353888457,-1.941830386,3.490488700,2,181
8171,180,1.183304062,-0.133976537,4.805897378,-2.627090805,-2.030736098,6.539293466,24,233
8172,180,2.664776886,-0.255886277,5.633924248,-1.859833354,-2.271022127,8.038903696,2,184
8175,180,1.269486082,-0.944012564,5.742981620,-3.172055491,-2.779270914,7.366591299,13,193
8176,180,0.612596376,-0.065945885,4.500415276,-2.927058690,-1.916379278,5.973081022,9,200
8177,180,1.513578070,-1.001953101,5.980997820,-3.105636549,-2.849409568,7.698643717,14,193
8178,180,1.483718262,-1.051205980,6.024871946,-3.160861022,-2.891645470,7.718862010,14,193
8179,180,0.547433825,0.286955102,3.882861107,-2.599652016,-1.601303323,5.421999876,31,240
8180,180,0.928883492,-0.724056566,5.936677530,-3.529385530,-2.507645557,7.345525205,20,201
8181,180,-0.685492597,0.457336839,3.112930301,-3.185138370,-1.338584613,4.106661307,14,194
8182,180,1.707368675,0.860876883,4.255160352,-1.758307176,-1.145271136,6.369425495,2,182
8183,180,2.405110823,1.093869785,5.126587765,-1.616926793,-0.937848076,7.481856524,2,183
8186,180,0.753970571,0.219147366,2.728648038,-1.814610356,-1.771971231,4.565235508,8,201
8191,181,1.904594660,-0.557526731,3.580184492,-1.529997888,-2.498539055,5.990584099,2,184
8192,181,0.647787788,0.151960703,1.562513601,-1.414087300,-1.800474358,3.612937748,4,185
8193,181,1.061450544,0.237908225,2.522918125,-1.565989218,-1.691904950,4.645419803,2,186
8196,181,0.658848931,0.192763735,1.563816604,-1.399970202,-1.761221502,3.619927378,2,183
8198,181,2.115369817,-0.674627422,3.960544510,-1.571459351,-2.610647682,6.424778853,2,184
8199,181,0.711837834,0.171247915,1.742520387,-1.453403905,-1.775433368,3.799227848,5,187
8200,181,1.887658972,-0.033267047,3.794577172,-1.586562794,-1.961422449,6.162064182,3,189
8201,181,1.476531387,-0.856541357,6.046924516,-3.237846105,-2.563977309,7.844344214,13,196
8204,181,1.628936855,-1.165181727,5.933447482,-3.092148891,-2.895553670,7.830459682,13,193
8205,181,0.912683042,-0.290465916,3.827497689,-2.454685266,-2.102186573,5.667734415,18,238
8206,181,0.872815256,-0.337867560,4.386195083,-2.790976923,-2.103409252,6.118162611,19,236
8208,181,1.332946055,1.114138696,3.793123588,-1.893633866,-0.761305266,5.862607045,3,185
8209,182,1.102288522,-0.693726596,5.026190226,-3.045601234,-2.349148950,6.772612316,19,236
8211,182,1.159068800,-0.565248471,4.640370798,-2.777445692,-2.258223586,6.475270017,20,236
8212,182,1.020332012,-0.534082450,4.332769098,-2.728011596,-2.235108090,6.140815286,20,236
8213,182,0.807101175,0.396257546,1.277064913,-1.172856099,-1.524963651,3.434246569,14,234
8214,182,1.022105513,0.284824603,2.692408219,-1.751305259,-1.550885570,4.748234949,5,207
8215,182,0.727443017,0.447412783,1.586711594,-1.395305940,-1.441232578,3.654129545,2,183
8216,182,0.918293871,0.071217216,2.559611072,-1.798304549,-1.760714954,4.581493378,8,199
8217,182,1.173817797,-0.626390809,4.894981669,-2.907290109,-2.300829017,6.699117775,17,236
8218,182,1.064759894,-0.444761826,4.425127125,-2.726850202,-2.144642971,6.242288086,10,232
8219,182,0.802168616,0.367153769,1.538170236,-1.318195046,-1.533071288,3.653011754,12,233
8220,182,-0.375029312,-0.122383335,3.607304523,-3.461309766,-1.722593162,4.783453700,18,200
8221,182,0.769274517,-1.016970569,5.249706975,-3.487399999,-2.613654844,6.786584191,9,196
8223,182,0.669237985,-0.194051459,4.088217801,-2.847172426,-1.876779456,5.745727051,24,236
8224,182,0.762569783,0.023817269,3.848317430,-2.612595033,-1.690279455,5.591062927,30,232
8225,182,-0.428548899,-0.249264595,3.732989292,-3.589852374,-1.832384538,4.862082659,18,200
8226,182,-0.225318046,-0.499607538,3.747690285,-3.461652585,-2.102590282,4.983508182,15,196
8227,182,1.479372619,-1.456006595,5.804245672,-3.243405883,-3.087477068,7.635385984,11,192
8228,182,-0.617335629,0.208982263,2.746770115,-3.166751293,-1.432909119,3.924178750,9,194
8229,182,0.531913526,0.120098435,3.654422043,-2.691038239,-1.583313718,5.303882170,20,201
8230,182,1.683691498,-1.252599891,5.934502435,-3.112106043,-2.899525980,7.853381526,12,193
8231,182,-0.281598604,-0.313144459,3.699690963,-3.457843248,-1.915147713,4.912159124,17,199
8232,182,0.815798489,-0.296062177,4.445366367,-2.925885385,-1.967133656,6.126622909,31,236
8233,182,-0.313958345,-0.115415784,3.574843669,-3.392020162,-1.725233992,4.788341805,14,200
8234,182,-0.349944615,-0.145251899,3.627858299,-3.454217100,-1.746545069,4.814286657,16,200
8235,182,0.737622717,0.179914385,3.528879311,-2.444096319,-1.557463617,5.306462304,29,243
8236,182,0.785719514,-0.183179139,4.022341310,-2.713268295,-1.884515802,5.751701868,27,238
8237,182,0.851767531,-0.204920624,3.949093425,-2.622353103,-1.919308845,5.724791689,14,234
8238,182,0.946723024,-0.025185930,3.485077709,-2.273965560,-1.788054089,5.381236746,15,234
8239,182,0.735462616,0.327639381,1.580150222,-1.401727130,-1.561279123,3.653336683,2,183
8240,182,-0.319580830,-0.293700641,3.676137159,-3.474662607,-1.893332931,4.871950696,18,201
8241,182,0.685670489,0.130636702,3.635992677,-2.550811140,-1.592014678,5.369856061,26,234
8242,182,-0.402980878,-0.182978934,3.722357237,-3.553614453,-1.770505489,4.866366289,18,200
8243,182,-0.193944764,-0.516416649,3.753856004,-3.440882204,-2.122375997,5.005461813,13,195
8244,182,-0.212902930,-0.372949907,3.796997650,-3.459576821,-1.974782200,5.031344279,17,199
8245,182,0.823343035,-0.269905660,4.682940353,-3.040728635,-1.923768096,6.331837281,30,236
8246,182,1.728091051,-1.408702386,5.935237367,-3.096852972,-3.059179261,7.878241598,10,192
8247,182,-0.222931048,-0.353975471,3.782416644,-3.457706236,-1.955960722,5.013583339,18,200
8248,182,-0.269235288,-0.505986505,3.618058704,-3.431308856,-2.113849867,4.850368249,15,196
8249,182,-0.231941735,-0.541195599,3.745273298,-3.471707918,-2.143199895,4.978120093,14,196
8250,182,0.755705333,-0.001848605,3.969221015,-2.685428503,-1.705577657,5.689980999,24,232
8251,182,0.951666173,0.048653676,3.538800545,-2.287803016,-1.711352169,5.429071938,24,243
8252,183,1.350231126,-0.871397828,5.747481282,-3.249318498,-2.530977563,7.509401860,7,235
8254,183,0.938547062,0.177900720,2.000809189,-1.489765914,-1.703176436,4.114290228,2,185
8255,183,1.128719822,-0.217397917,4.336636781,-2.607760583,-1.955059462,6.196394956,12,244
8256,183,0.786400862,0.105208474,1.811623357,-1.528302681,-1.770718868,3.873091461,4,195
8258,183,0.785110900,0.392808765,1.607107751,-1.383407421,-1.499759840,3.699514982,2,185
8260,183,1.847143995,0.735835703,3.679989784,-1.530975194,-1.139070756,6.021270533,2,185
8261,183,0.988005577,-0.041870350,3.650302989,-2.342591208,-1.812404731,5.539889564,15,235
8262,183,0.713493198,0.526152371,2.076025397,-1.671499120,-1.326871976,4.059940191,2,185
8264,183,-0.208202769,-0.431138801,3.730857999,-3.443073108,-2.054237714,4.974743707,14,196
8266,183,1.064499941,-0.558568968,4.847366244,-2.975498157,-2.250315722,6.595091935,17,236
8267,183,0.775545811,0.394677616,1.600097915,-1.387522949,-1.497287692,3.688511699,2,185
8269,183,-0.718897593,0.038890756,3.777117659,-3.833385885,-1.526246863,4.745051434,7,194
8271,183,1.336837471,-0.653055641,5.569420263,-3.137802938,-2.325412854,7.351712742,15,236
8272,183,-0.627276315,0.209909275,2.731153206,-3.184925939,-1.439832927,3.906173755,7,192
8274,183,1.460692655,0.335351113,2.928114754,-1.515686356,-1.543300514,5.177817415,2,185
8275,183,-0.651170539,0.382812010,2.642576790,-3.135277679,-1.271880655,3.818771492,7,192
8276,183,1.394609653,-0.507795480,5.245355861,-2.899751957,-2.210604673,7.107567934,9,235
8277,183,0.786683586,-0.084150261,4.000383885,-2.701103585,-1.806773196,5.730446459,29,238
8278,183,1.676650575,-1.081832423,5.867140976,-3.065952727,-2.768943696,7.783080377,13,195
8279,183,1.290015081,-1.362049409,5.655323866,-3.317752558,-3.016573632,7.398176088,10,192
8282,183,-0.582325061,0.045971178,3.002386569,-3.311424220,-1.588684806,4.159758366,7,194
8283,183,0.723419560,0.174117881,3.588130807,-2.503357518,-1.572102725,5.347714655,29,234
8284,183,0.660866244,0.012703849,3.964362907,-2.774955851,-1.698751085,5.633568705,19,203
8285,183,1.677461338,-1.248873519,5.954229371,-3.133439888,-2.928522010,7.857026430,11,193
8286,183,1.262556018,-1.215138825,5.410667166,-3.192774750,-2.884775430,7.176357688,10,192
8287,183,1.009194755,-0.805736939,5.985452662,-3.651982355,-2.410002071,7.531179945,20,212
8288,183,1.664300410,-1.119979370,6.008793196,-3.155742846,-2.795502815,7.896682382,11,194
8289,183,1.198318351,-0.122813507,3.552093665,-2.125175568,-1.923728058,5.567564204,29,232
8290,183,1.142050646,-1.167758018,5.656813488,-3.416761941,-2.806844430,7.321653922,11,196
8291,183,-0.335562739,-0.186190711,3.705524163,-3.503868515,-1.798554270,4.886472384,17,200
8292,183,-0.639030888,0.076150547,3.143078674,-3.428798353,-1.542479216,4.249251215,8,194
8293,183,1.362804152,-1.239504984,5.517385741,-3.167718351,-2.913117703,7.319888677,10,192
8295,183,-0.335778567,-0.101413786,3.590170792,-3.432148216,-1.722516135,4.788656360,17,200
8296,183,0.478215752,0.181532519,3.598130654,-2.713772352,-1.535712985,5.226548383,13,200
8297,183,0.778938390,0.388904017,1.601860973,-1.386372791,-1.503278733,3.691788432,2,185
8298,183,0.925838946,-0.922270547,5.517124908,-3.492238854,-2.548274656,7.089340762,28,236
8299,184,1.419391735,-0.697607693,3.822860294,-2.215582986,-2.326906981,5.902917575,3,196
8302,184,3.318996979,-1.530723764,5.959318335,-1.833961089,-3.071165617,8.760797776,2,185
8303,184,2.799596003,-1.327025302,5.091334876,-1.788058256,-2.914515523,7.741965405,2,185
8305,184,3.540874625,-1.600387803,6.188429479,-1.776164407,-3.132214997,9.076245397,2,185
8306,184,1.480117127,-0.566104751,2.914184331,-1.666449432,-2.271917829,5.166642399,2,186
8307,184,1.245708016,0.244042561,2.497186799,-1.573348924,-1.488123495,4.654615079,3,186
8309,184,2.703658354,-1.677593543,5.495471182,-2.114114787,-3.226651037,8.044763750,4,187
8315,184,2.552695012,0.244337689,4.683908973,-1.648231928,-1.371433483,7.198380975,2,185
8316,184,-0.806959111,0.020017471,2.616039903,-3.379732481,-1.607855136,3.654415892,6,191
8318,184,2.955708282,-1.761101436,5.881481199,-2.116256393,-3.290228009,8.508940279,6,190
8319,184,1.160731841,-1.392931497,5.736382262,-3.516100059,-2.853334575,7.400741259,10,196
8320,184,-0.914111622,-0.129593940,3.212011848,-3.801636345,-1.703936222,4.103652298,4,190
8321,184,0.879904080,0.027106699,1.803268947,-1.526232842,-1.743299596,3.883213169,3,195
8322,184,-0.315632955,-0.267819192,3.711687265,-3.578213979,-1.828666022,4.852974245,15,201
8323,184,2.037361121,-0.988239734,6.113188749,-2.948654703,-2.460078865,8.173782760,10,193
8325,184,1.565300256,-1.456677382,5.643330133,-3.131567918,-2.942779672,7.544032733,8,192
8326,184,1.369813416,-0.703122072,5.430980713,-3.120166495,-2.200631929,7.227426159,19,238
8328,184,1.123847800,-0.706644325,5.583397929,-3.408817981,-2.180629949,7.222657671,8,200
8329,184,1.085633699,-0.876779083,5.435873974,-3.375733163,-2.360168509,7.085395983,28,236
8330,184,1.769505140,-1.260079150,5.918267409,-3.091384618,-2.734212759,7.876938350,11,194
8331,184,1.310653012,-0.319833161,4.649299371,-2.719226633,-1.879235349,6.522169094,26,248
8332,184,1.806687950,-1.516488220,5.915869594,-3.079867194,-2.991412072,7.906089410,9,192
8333,184,-0.772553671,-0.003099006,2.576729869,-3.331641435,-1.635609491,3.640987131,4,190
8334,184,1.138830048,-1.342658729,5.771590084,-3.549263173,-2.799442042,7.416311532,10,196
8335,184,1.436760124,-0.714646649,5.338635426,-3.015346051,-2.222601467,7.186531863,15,234
8336,184,0.853751900,-0.080979041,3.802128207,-2.629105050,-1.688759402,5.553094322,32,238
8337,184,1.088350875,-0.795108932,5.902192480,-3.616861969,-2.241420838,7.475121829,16,200
8338,184,1.037920872,-0.490889942,4.635180421,-2.954767239,-2.038236804,6.370242310,22,236
8339,184,1.589521573,-0.637446225,5.455243669,-2.943239809,-2.143319925,7.363756509,18,234
8340,184,1.477108388,-1.320540460,5.515736449,-3.126067432,-2.813474146,7.383281243,10,193
8341,184,1.419253489,-1.385234250,5.439766934,-3.139221307,-2.881365219,7.290968618,9,192
8342,184,1.866270513,-0.414034724,4.098726048,-1.964921599,-2.042748776,6.364045724,3,196
8343,184,-0.163222955,-0.536149123,3.658537527,-3.443659645,-2.107085281,4.902294650,13,196
8344,184,-0.101732349,-0.436684049,3.730534807,-3.422473064,-2.005058216,4.991735192,13,196
8345,184,1.433419592,-0.680686839,5.183294639,-2.932056371,-2.201144443,7.052749901,16,224
8346,184,-0.286915957,-0.238877078,3.730119433,-3.561606059,-1.799675592,4.882736446,16,200
8347,184,-0.157718735,0.335715268,3.114422086,-3.075793649,-1.283034251,4.410508177,25,210
8348,184,-0.516826892,0.092712569,3.025295482,-3.349556454,-1.515767536,4.151970604,8,194
8349,184,-1.030169923,-0.142778455,3.472644919,-4.039993615,-1.690774238,4.260450041,4,191
8350,184,-0.211902015,0.002691989,3.317904346,-3.257721394,-1.595765952,4.566541959,15,200
8351,184,-0.344933396,0.290228441,3.004550176,-3.177856571,-1.328622205,4.218948485,9,194
8352,184,-0.764842501,0.019739031,2.634613834,-3.354338123,-1.608560400,3.692802171,4,191
8353,184,1.123243612,-0.607682871,4.745387158,-2.951768192,-2.149550526,6.514000246,12,235
8354,184,0.871017110,0.282311914,1.577947819,-1.391946973,-1.506929537,3.678091763,2,185
8355,184,0.873052789,0.292207217,1.592797336,-1.397390666,-1.495973893,3.691241260,2,185
8356,184,-0.725704563,-0.025367007,2.512445991,-3.259633668,-1.665098538,3.613267150,4,191
8357,184,-0.986605318,0.055152386,2.682901464,-3.563621462,-1.559281059,3.611953063,2,186
8358,184,-0.756703309,-0.046459634,2.697219889,-3.386501058,-1.669804887,3.752657716,6,193
8359,184,-0.197945108,-0.043592223,3.409811737,-3.299081291,-1.635087632,4.653301145,15,200
8361,185,0.827275496,0.037175095,1.576118677,-1.486690140,-1.761178521,3.678051152,2,186
8362,185,1.157769385,0.046396937,2.226154301,-1.541634191,-1.742347808,4.405020286,3,192
8367,185,0.845921652,0.099354439,1.622732526,-1.486952104,-1.698277777,3.727348502,3,195
8369,185,0.838156850,0.088903355,1.628474822,-1.497842283,-1.707394352,3.728233574,3,195
8370,185,1.259688873,-0.397729582,3.145295755,-1.987698160,-2.129336762,5.243902544,4,196
8371,185,1.025137599,-0.097789597,2.375754493,-1.749828040,-1.860413739,4.463985713,5,196
8372,185,1.269477940,-0.653374513,5.041052537,-2.991952976,-2.250900603,6.867490678,13,238
8373,185,0.851101301,-0.013691187,1.582254724,-1.476272881,-1.813776287,3.695874014,2,186
8374,185,1.514225915,-0.446723060,3.056552695,-1.732752128,-2.211806671,5.301051753,3,190
8375,185,1.645393482,-0.214438674,3.613583945,-1.879500909,-1.956650066,5.844010944,4,191
8377,185,1.136935425,-0.222292144,3.224526430,-2.109841811,-1.936474368,5.246940569,4,199
8378,185,1.674170936,-0.195005050,3.587392495,-1.839099371,-1.942344620,5.836603550,7,191
8379,185,0.831930670,0.111323701,1.637843879,-1.505053351,-1.683828441,3.732909557,3,195
8380,185,3.635124181,-1.834676159,6.236570921,-1.760205802,-3.595496570,9.124896381,2,186
8381,185,1.303522864,-0.059959513,2.811509688,-1.734463075,-1.822585018,4.980846398,5,196
8383,185,0.819889353,0.061220460,1.609232854,-1.506941224,-1.734209340,3.702378920,2,186
8387,185,1.120330992,-0.226278917,2.782478248,-1.896017476,-1.969635095,4.861093815,3,196
8388,185,1.285394893,0.082194292,2.297188864,-1.465689117,-1.715737690,4.532063103,2,188
8389,185,2.754344808,-1.526141324,5.598555528,-2.136123073,-3.238593702,8.120239107,3,187
8390,185,0.833570675,0.064780259,1.609087115,-1.494826235,-1.732176515,3.709376539,3,195
8391,185,-0.558286866,0.332693008,2.596115057,-3.148165861,-1.246006931,3.825031333,6,192
8394,185,1.010089224,-0.133233370,2.387783933,-1.773363036,-1.893080395,4.466518614,3,196
8401,185,1.648217006,-0.997431657,6.105032973,-3.265620919,-2.558583569,7.973976112,11,232
8402,185,0.866308007,-0.086765330,3.187158763,-2.302058517,-1.775296801,5.073511652,16,234
8409,185,1.136596801,-0.463390333,3.878285712,-2.479083783,-2.129645582,5.805398175,8,232
8415,185,0.851007652,-0.012873612,1.581816245,-1.476019870,-1.812986165,3.695448391,2,186
8416,185,0.995241891,-0.012133925,2.455182781,-1.805092467,-1.766656428,4.515898238,4,199
8417,185,0.833566368,0.087922048,1.632340920,-1.503851890,-1.707597309,3.729142217,2,186
8418,185,0.900419624,0.052843203,1.812796716,-1.545042147,-1.736986929,3.918096684,3,195
8422,185,0.917143728,0.292917408,1.353298799,-1.262433646,-1.532983379,3.533950042,7,233
8425,185,3.446334865,-1.696451522,6.047010158,-1.804175256,-3.451214878,8.864262117,2,186
8427,185,3.325647879,-1.193407332,5.910086972,-1.770525638,-2.948887004,8.682875306,4,190
8428,185,3.025632870,-1.517784056,5.346044754,-1.774969435,-3.277504295,8.046193426,2,186
8431,185,1.695483420,-0.288385528,3.850388542,-1.969018932,-2.018806203,6.072433129,6,195
8433,185,1.219929908,-0.738667478,5.416922593,-3.239119073,-2.303723033,7.162663354,10,211
8434,185,0.835311921,-0.278479989,1.515879193,-1.489582907,-2.079281117,3.631857191,2,186
8437,185,-0.894581011,0.344595571,2.735993310,-3.503524446,-1.187843822,3.769007439,3,190
8438,185,1.132087062,0.032004419,2.153895462,-1.527897886,-1.758897667,4.330017071,3,190
8440,185,2.732978779,-1.362565983,5.039295731,-1.844100952,-3.113305611,7.631351702,3,190
8441,185,-0.901991979,0.289028968,2.711945809,-3.504557690,-1.243825238,3.744802781,3,190
8443,185,0.587034143,0.500206936,2.799899688,-2.262436702,-1.190073618,4.595553642,38,247
8444,185,0.894652443,0.055366510,1.807399477,-1.546808381,-1.734236707,3.910476032,3,195
8446,185,-0.892417919,0.392855567,2.760053274,-3.507884091,-1.138536429,3.790510056,2,190
8451,185,2.621256462,-0.400754371,4.993868044,-1.790812182,-2.150620013,7.531232405,2,186
8452,185,-0.938139296,0.272235807,2.755895745,-3.560030645,-1.253465624,3.763512406,3,190
8454,185,0.840053768,0.101883800,1.607585877,-1.483765554,-1.696194580,3.711356101,3,195
8455,185,1.172362912,-0.284765496,3.102132322,-2.024698535,-2.010859576,5.161174563,3,196
8456,185,-0.909755152,0.323264118,2.748854526,-3.525770727,-1.206444701,3.772138988,3,190
8457,185,1.995678397,-0.843268492,6.209980833,-3.005830682,-2.436113953,8.244198204,9,196
8458,185,1.704737407,-0.820961600,3.506963249,-1.852618260,-2.572006596,5.785929990,2,186
8460,185,2.278099200,-1.221457848,4.589188092,-1.978289492,-2.955525526,7.009642201,2,186
8461,185,1.342015251,0.221983987,2.551475358,-1.531073398,-1.565436244,4.778118006,5,233
8468,185,3.993881617,-1.711575551,7.091839297,-1.882540290,-3.452417294,10.041360918,3,190
8469,185,0.839394259,0.076496836,1.584846133,-1.475857660,-1.722891893,3.691690203,2,186
8471,185,1.341846197,-1.294602010,5.353881069,-3.175251826,-2.872659046,7.174230843,8,192
8472,185,1.159191950,0.015894921,2.304095430,-1.584644388,-1.767280188,4.472368007,3,192
8473,185,0.978197689,0.204087603,1.909972848,-1.509863801,-1.588648468,4.041083194,2,186
8474,185,1.484995051,-0.444280306,2.931278795,-1.692450830,-2.214996335,5.178905972,3,187
8476,185,1.016191281,-0.328814983,1.802520772,-1.491101622,-2.128741219,3.970923173,2,186
8485,185,0.829103905,0.048168211,1.578279048,-1.484837286,-1.750324908,3.680812473,3,190
8486,185,-0.963073790,0.274821328,2.758214872,-3.581998149,-1.248029325,3.752482099,4,190
8488,185,0.993741301,-0.109993433,3.165864363,-2.186205263,-1.813672705,5.121859913,17,238
8489,185,0.825856864,0.009154117,1.528900073,-1.467117849,-1.792122538,3.637110005,2,186
8490,185,1.063443958,-0.094829134,2.455883277,-1.758424321,-1.856019711,4.552323475,5,196
8491,185,1.408642864,-0.580280747,3.832697594,-2.240395646,-2.278317273,5.908720035,3,196
8493,185,1.855557388,-0.011359205,3.978696921,-1.864008227,-1.752502139,6.264488321,3,191
8494,185,-0.909119918,0.272799830,2.723375217,-3.518594395,-1.258341554,3.750891402,3,190
8495,185,-0.966090320,0.508827609,2.805776041,-3.578864511,-1.012324556,3.790738420,2,186
8497,185,1.840384123,0.015521767,3.349873530,-1.548479751,-1.768313237,5.719911915,4,190
8499,185,0.822288725,0.080707652,1.604659930,-1.500027833,-1.715467440,3.699664979,2,186
8501,185,1.124067840,-0.177643176,2.649632131,-1.817927822,-1.931133917,4.749526995,4,196
8505,185,0.852291555,0.079344123,1.638725900,-1.492411764,-1.717690221,3.744381576,3,195
8506,185,0.851676284,0.035669083,1.635295598,-1.496807942,-1.761172113,3.741274601,3,190
8509,185,-0.114742739,-0.548530065,3.649784778,-3.431120782,-2.094108989,4.958241284,12,196
8510,185,-0.137070941,-0.509681693,3.679911658,-3.460560588,-2.051046887,4.972181397,12,196
8511,185,1.139388335,-0.292212645,3.488182989,-2.253030986,-1.987577138,5.473424654,6,231
8515,185,1.169420170,-0.124783671,2.629090430,-1.762094570,-1.885088362,4.755474878,4,196
8517,185,0.810625682,0.072424810,1.551772531,-1.483644721,-1.726123516,3.648481479,3,195
8518,185,0.824901009,0.036510515,1.527273280,-1.463548782,-1.765006224,3.635135201,2,186
8519,185,0.837796950,0.204377730,1.610923060,-1.474146017,-1.594082367,3.712696318,3,196
8525,185,0.909758726,-0.115777671,3.231524714,-2.291957719,-1.805674979,5.134118242,16,243
8529,185,1.053377465,-0.163001814,3.015737420,-2.065019983,-1.883248984,5.025021239,5,224
8530,185,1.002623512,0.270231726,1.903186908,-1.477131277,-1.526190643,4.047814959,6,196
8531,185,0.860814034,0.239471852,1.649593011,-1.470106697,-1.559071614,3.757581501,5,196
8536,185,0.925713705,0.290062648,1.464935239,-1.313228751,-1.528913640,3.633687615,9,213
8541,185,2.214070999,-0.860300158,4.041805223,-1.702961432,-2.628845456,6.508007787,2,186
8543,185,0.823109880,0.031710351,1.591982490,-1.499118791,-1.765031719,3.689433500,2,186
8555,186,1.643235154,-0.046519894,5.483615345,-2.946554955,-2.178986845,7.338753917,10,236
8559,186,2.466096128,0.041920562,4.430292492,-1.686223439,-2.158438773,6.885374195,2,187
8560,186,3.284577882,-1.102026215,6.631008652,-2.260265785,-3.450290189,9.081569434,4,190
8566,186,1.455845975,-0.241785329,5.118240707,-2.927288700,-2.340886918,6.914302390,13,236
8567,186,1.301103902,0.230498940,2.292930277,-1.518911389,-1.776269172,4.479747664,2,190
8576,186,-0.544284779,0.730632730,2.578559592,-3.184569526,-1.071852123,3.796697966,2,190
8578,186,1.881910881,-0.303135118,3.662418952,-1.800766106,-2.411589524,5.899088094,3,190
8580,186,1.454514794,0.154266542,3.845153749,-2.219476537,-1.912552445,5.868768662,5,228
8583,186,1.799104857,-0.342432914,3.615753888,-1.849175938,-2.439638842,5.812783363,2,189
8584,186,1.456723864,-0.264785636,5.591657722,-3.179657815,-2.376836369,7.313890831,15,235
8585,186,1.265886546,-0.163337022,4.772026656,-2.897188514,-2.231280727,6.528059782,19,238
8587,186,1.758187499,0.393378459,3.753561133,-1.894519078,-1.708157801,5.970779976,3,191
8589,186,0.921921685,0.190345695,1.647016305,-1.499445187,-1.754044960,3.730265544,2,190
8590,186,2.449747006,0.026763910,4.385955635,-1.677773497,-2.170355540,6.837946734,2,187
8596,186,1.194895010,0.178476473,2.961374684,-1.967525248,-1.833871381,4.985941483,5,199
8597,186,0.938637030,-0.012834070,4.535481313,-3.034966794,-2.037104619,6.168880345,32,236
8598,186,1.801755773,-0.168943620,3.609786220,-1.829089956,-2.267551266,5.823900702,2,191
8599,186,1.457779793,0.088766275,4.804413708,-2.731184643,-2.004327857,6.677602823,23,238
8600,186,-0.135334285,0.157935085,3.632778164,-3.447418438,-1.717194640,4.855491327,14,200
8602,186,1.645959041,0.181119149,5.313839969,-2.834918998,-1.948647375,7.215742643,16,231
8604,186,1.846136964,-0.153141133,3.601151396,-1.785739016,-2.256814672,5.841203605,2,190
8607,186,0.954482606,0.392561245,3.745975531,-2.568431657,-1.614794947,5.542848931,18,228
8608,186,0.982155560,0.290185973,3.965849397,-2.670406599,-1.725708322,5.734917513,17,228
8609,186,-0.138888150,0.126690464,3.674188507,-3.475029912,-1.748935854,4.886049054,14,200
8610,186,2.265240138,-0.427075923,6.376302758,-2.927747345,-2.654047909,8.388785901,7,192
8611,186,1.822805976,-0.284738698,3.276511096,-1.644323399,-2.375808386,5.542714580,2,190
8612,186,0.924445464,0.217925956,1.673738223,-1.509159003,-1.727693926,3.756578393,2,190
8613,186,-0.391133172,0.399377067,2.710766599,-3.153574475,-1.422249794,3.960786968,5,193
8616,186,-0.030023048,-0.007864708,3.749636103,-3.434626022,-1.897318920,4.995589164,12,199
8618,186,1.957075515,-0.331940029,3.767951443,-1.795796481,-2.451874659,6.025456454,2,187
8620,186,-0.161868935,0.050040509,3.713905754,-3.521971463,-1.823435881,4.901116521,14,200
8621,186,1.788432589,-0.154282579,3.644288664,-1.857390852,-2.252387045,5.847394907,2,189
8623,186,1.540078885,0.031580669,4.740739766,-2.632830341,-2.068971337,6.661938954,14,232
8624,186,1.230965760,-0.320875577,5.119901834,-3.124534596,-2.393158316,6.791051041,19,236
8625,186,1.573397557,-0.765259114,5.565452032,-3.109708851,-2.886607765,7.310222574,7,192
8626,186,1.495997871,-0.288177465,5.819052997,-3.269153307,-2.410901119,7.525145147,26,236
8627,186,1.934067757,-0.599763625,6.045915624,-3.046402989,-2.777684896,7.920505450,8,193
8628,186,-0.237273682,0.148189229,3.730765751,-3.586207480,-1.717645066,4.884224382,12,200
8630,186,1.211235494,0.174824719,3.038679983,-1.995065222,-1.841532079,5.059693225,5,199
8631,186,-0.682638551,0.089058383,2.529153931,-3.329352472,-1.691248619,3.627623403,4,191
8632,186,1.935815632,-0.464364286,6.131884943,-3.079078082,-2.645833085,8.005794360,10,196
8633,186,-0.107384153,0.276384445,3.462109783,-3.323273958,-1.598179268,4.735647069,12,200
8634,186,-0.677666288,0.182782592,2.592918566,-3.351055102,-1.600536900,3.692239650,4,191
8635,186,-0.350318942,0.251818957,2.947804743,-3.257396146,-1.580027168,4.170438201,3,194
8636,186,1.845431000,-0.487640780,6.052595088,-3.115215400,-2.656194244,7.889240516,10,195
8637,186,1.849651454,-0.701670847,6.070468662,-3.139253694,-2.869659767,7.888358671,8,193
8638,186,0.499852269,0.635634259,3.037455382,-2.555413804,-1.300852696,4.724897323,34,232
8640,186,0.982138339,0.308614989,3.835674364,-2.599799294,-1.703832522,5.626192051,24,232
8641,186,2.448421468,0.366294257,4.317791003,-1.613990230,-1.831254276,6.808433039,2,191
8642,186,0.449519859,0.886565430,3.023200561,-2.569064225,-1.045461446,4.707809931,23,214
8643,186,-0.408911196,0.502127933,2.630401422,-3.117235879,-1.315955144,3.892133387,5,193
8645,186,0.627059178,0.785715943,2.801337875,-2.310153106,-1.160239615,4.604345517,45,247
8646,186,1.871147762,-0.706882055,6.058108066,-3.115006475,-2.877006746,7.888714397,8,193
8647,186,-0.374204357,0.414044666,2.674568774,-3.118850664,-1.408672627,3.940246197,5,193
8648,186,0.427314673,-0.436170533,4.477288011,-3.471188451,-2.395995571,5.815385331,5,193
8649,186,-0.851122654,0.530059352,2.738870521,-3.545391942,-1.239506022,3.754530333,3,190
8652,186,1.845614816,0.356643284,3.302023909,-1.584334735,-1.742437105,5.630942550,3,195
8654,186,0.976069439,0.191864570,3.965369086,-2.683606885,-1.822593250,5.722941160,20,236
8655,186,-0.441970578,0.570974953,2.599348259,-3.122817227,-1.242887753,3.854355898,5,192
8656,186,1.866962070,-0.442821956,5.879430164,-3.001392514,-2.609457314,7.757641069,10,195
8657,186,1.486356021,0.108057098,4.934974855,-2.774716709,-1.992106464,6.804844902,17,234
8658,186,-0.550575258,0.671587984,2.587437160,-3.199582460,-1.129978033,3.795889436,2,190
8659,186,0.567670285,0.647830259,2.929665028,-2.439995656,-1.293711089,4.670175896,49,243
8660,186,1.597388156,0.603217056,2.781952949,-1.496912084,-1.454331223,5.081177888,5,196
8661,186,-0.101647161,0.590561667,2.940890263,-3.015319776,-1.272620034,4.323839547,18,207
8663,186,-0.756619919,0.066476179,2.863262866,-3.570917273,-1.714201563,3.869969413,4,191
8664,186,2.361425850,-0.424869398,4.108140297,-1.643102328,-2.600757114,6.517779547,2,190
8665,186,1.627655026,-0.181070399,6.044483851,-3.268642616,-2.326158639,7.794297616,17,236
8666,186,-0.052889927,0.621784502,2.629097708,-2.806137944,-1.238753328,4.087910028,17,205
8667,186,0.929966355,0.371112347,3.504388696,-2.462755282,-1.626581663,5.323488777,28,234
8669,186,0.856623700,0.339641534,3.884901849,-2.729152620,-1.659709081,5.604726841,14,203
8670,186,0.874754084,0.428811296,3.449165396,-2.475141556,-1.561327254,5.252667743,21,246
8673,187,2.968774780,-1.317733686,5.291148934,-1.787372173,-2.927679469,7.782164678,2,190
8676,187,3.268638391,-1.647185537,6.187011810,-2.039333427,-3.212738523,8.707520751,2,189
8678,187,1.116310323,-0.326176260,3.572860163,-2.336262914,-1.884339615,5.337274517,11,242
8681,187,0.393957885,0.413635835,3.185380748,-2.647250367,-1.104290096,4.620291371,24,218
8682,187,-0.337297784,0.099192108,2.878867936,-3.151771783,-1.360782622,3.982145981,5,194
8685,187,1.076512554,0.374594491,1.327210169,-1.119115909,-1.371877322,3.390086039,23,247
8686,187,-0.584255248,-0.224510436,2.632503737,-3.278476127,-1.674677718,3.647657531,2,190
8689,187,0.908265304,-0.082449202,3.533265809,-2.458663077,-1.623351028,5.191821847,21,248
8691,187,1.097303688,0.398902303,1.410510223,-1.141024526,-1.343185206,3.471687601,22,247
8692,187,1.937128523,-1.215504378,5.890938471,-2.955247188,-2.663383766,7.755555464,9,195
8694,187,1.066796648,-0.675313327,4.829479868,-3.072239254,-2.120624659,6.388915893,28,236
8695,187,1.314792958,-1.211890463,5.786124960,-3.427732661,-2.600104762,7.341969036,7,196
8696,187,2.364077245,-1.460455311,6.481944535,-2.931263980,-2.903962080,8.485706968,6,193
8697,187,-0.047794442,-0.494717671,3.845254981,-3.484984889,-1.900803770,4.965909732,13,200
8698,187,-0.058459762,-0.226883136,3.579346379,-3.320589753,-1.656371313,4.729724455,12,200
8699,187,1.094664525,-0.267304868,4.098402072,-2.616801601,-1.780117313,5.773811384,13,234
8700,187,-0.685572327,-0.280084738,2.665452422,-3.388807891,-1.715861495,3.623781442,4,191
8702,187,-0.063393721,-0.271826682,3.582438754,-3.332511317,-1.700089037,4.730407066,12,200
8703,187,0.054147814,-0.655687516,3.854658545,-3.425555550,-2.070664740,5.029213335,9,195
8704,187,1.109622856,0.158597741,2.238727653,-1.589432225,-1.513953245,4.188354169,12,247
8705,187,1.022994214,-1.287526223,5.375479251,-3.473947224,-2.676973755,6.840518594,9,196
8706,187,1.055707801,-0.149021265,4.333070253,-2.754271320,-1.639239973,5.952230675,12,201
8707,187,1.045318552,0.571923533,1.453504620,-1.183455912,-1.162536414,3.478961534,16,253
8708,187,1.076974052,0.580020442,1.386492633,-1.121084243,-1.163545642,3.438132703,28,247
8709,187,-0.780152049,0.223013329,2.931262939,-3.536693249,-1.185138864,3.794578483,2,190
8710,187,1.118315120,0.168846825,2.242534744,-1.582627669,-1.504441398,4.195990653,8,243
8711,187,1.087853488,0.353989949,2.077219221,-1.498047987,-1.331406058,4.036490942,11,247
8712,187,1.148314615,-0.563740628,4.765830149,-2.955213297,-2.024342748,6.375512465,23,236
8714,187,0.823275035,-0.172567637,3.909159150,-2.736270718,-1.672136973,5.469660669,15,203
8715,187,0.957043238,-0.094237738,3.611205782,-2.459063463,-1.633931043,5.283913099,32,238
8716,187,1.102147836,0.569376454,1.350550895,-1.082745002,-1.179831628,3.420705953,30,253
8717,187,1.016216766,-1.266989377,5.335777456,-3.456455387,-2.659176212,6.802819635,9,196
8719,187,1.494021490,-0.900010459,5.704129255,-3.191120139,-2.317676988,7.361057411,11,200
8720,187,0.758412060,-0.795289664,5.570447669,-3.730815313,-2.144197735,6.862466885,10,197
8721,187,1.061958539,0.261164223,1.805979221,-1.393189242,-1.442971237,3.792736648,41,252
8723,188,1.030636444,0.374216414,1.602986595,-1.179323901,-1.311463997,3.477680911,16,247
8725,188,0.801053426,-1.141884797,5.976461927,-3.624833622,-2.417512912,7.255867740,9,200
8727,188,1.044838748,0.526066323,1.746653688,-1.213313410,-1.150418616,3.607332106,23,247
8729,188,1.065852561,0.327577090,1.615483725,-1.160688156,-1.360416986,3.506454050,33,253
8734,189,0.586294994,-1.066834204,5.931748542,-3.309376779,-2.376092101,7.198291474,24,236
8737,189,2.514591110,-1.469550456,6.223127992,-1.710820396,-2.929185746,8.249059376,2,190
8738,189,0.903400649,0.090595871,2.022319789,-1.349252519,-1.549473195,3.705663865,7,212
8739,189,-0.716857065,0.478174120,2.833494641,-3.102806666,-0.956482795,3.788530273,2,190
8740,189,1.451455144,-1.704538473,6.692050464,-2.891878390,-3.030741794,8.261473824,4,192
8741,189,0.962706903,0.497691274,1.984620846,-1.234210977,-1.153436398,3.681468637,18,247
8742,189,0.937121223,0.316247722,2.335849432,-1.416433513,-1.304882897,3.998953778,16,238
8743,189,1.001464812,0.311074725,1.801640476,-1.147917391,-1.356028982,3.535457030,33,250
8747,190,-0.727178161,-0.144864062,3.330852616,-3.289225854,-1.575918783,4.296867439,3,194
8749,191,0.960089964,-0.013302240,2.012231476,-1.153408811,-1.473299107,3.638548573,21,247
8751,191,1.234236575,-1.019108987,5.779502186,-2.160743615,-2.219006059,7.341024760,3,196
8752,191,0.779319448,-0.081288867,2.141868254,-1.368007262,-1.533604465,3.705006262,6,211
8753,191,0.839258832,-0.151971015,2.189083386,-1.328259584,-1.600491135,3.774029881,17,238
8755,191,0.905752930,0.153265323,1.852670374,-1.149073833,-1.318339777,3.459311787,23,247
8757,191,0.681069682,-0.086061101,3.303077551,-1.846029817,-1.460210961,4.765284834,9,238
8758,192,0.655092332,-0.433813734,3.016623239,-1.498855715,-1.731354149,4.552531458,2,193
8761,192,0.567128852,-1.400547021,6.288932373,-2.516486390,-2.499241663,7.718774415,2,196
8762,192,0.312958419,-0.678370326,3.978547150,-2.100650349,-1.913505215,5.393260522,4,199
8763,192,-0.134477644,-1.114579419,5.350905067,-2.922662996,-2.261035875,6.608728047,15,235
8764,192,0.683444151,0.050997043,1.829810383,-1.129317582,-1.318867869,3.395956035,18,246
8765,192,0.536923290,-0.834140329,4.388412837,-2.003401652,-2.047296402,5.857002959,2,196
8766,192,0.648186366,-0.447721953,2.986799388,-1.497639941,-1.746933903,4.522759221,2,193
8767,192,0.747807858,0.088752118,1.838789965,-1.068888584,-1.281465568,3.420413536,24,253
8768,192,0.667498324,0.020679522,1.976539811,-1.186099951,-1.340140810,3.533891423,26,247
8769,192,1.592857546,-0.618010542,3.405040181,-0.710859239,-1.903892290,5.195564835,7,200
8777,193,0.510612636,0.265726196,1.913454438,-1.057632466,-1.011266138,3.468114965,39,268
8778,193,0.460860239,-0.088886945,1.965084841,-1.142874150,-1.358983421,3.520249652,29,247
8779,193,0.446960092,0.076633424,1.962304960,-1.144094887,-1.193333709,3.507734980,30,253
8780,193,0.474468683,-0.071629019,1.929189269,-1.120012413,-1.344546935,3.487993696,27,247
8781,193,0.373517609,-0.275924740,2.040187962,-1.258343906,-1.536173175,3.579603485,4,232
8782,193,-1.353124872,-0.884705741,3.992002877,-3.434733649,-1.934658241,5.084936458,6,199
8783,193,0.446478950,0.081833638,1.877910092,-1.124301522,-1.192745526,3.425530089,17,247
8784,193,0.344361152,-0.079778079,2.418997064,-1.362162938,-1.318195165,3.932487521,19,231
8785,193,0.433444700,0.097542114,2.037614020,-1.173483689,-1.167573104,3.576756594,14,253
8786,193,0.075583755,-0.182736990,3.028118513,-1.773494353,-1.371666786,4.463352870,16,235
8787,193,0.434390395,-0.134626420,2.235281552,-1.235432343,-1.388218179,3.777887624,20,251
8788,193,-1.465847655,-0.706218435,3.883357566,-3.505876452,-1.756079621,4.945593981,7,200
8789,193,0.452725213,0.048059271,1.982240495,-1.145208509,-1.221061980,3.529576391,30,247
8790,193,0.433820950,0.013802150,2.182860490,-1.213226852,-1.243107475,3.721062174,30,253
8791,193,-0.045474649,-0.387954923,3.583808033,-2.036212338,-1.538669461,4.981667202,14,244
8792,193,0.560665898,0.030557825,2.147685448,-1.080811519,-1.235782223,3.716568013,23,251
8793,193,0.470133399,0.054758074,1.941897180,-1.118355039,-1.217617322,3.494326889,21,247
8794,193,0.336003588,-0.103163503,2.241645100,-1.330093081,-1.350730281,3.759330261,8,232
8795,193,-0.988474998,-0.145335263,3.046191184,-2.806512354,-1.270906438,4.225303082,16,208
8796,193,0.073632915,-0.218092990,3.280582396,-1.837378719,-1.392963023,4.709233171,18,258
8797,193,-0.162791380,-0.006800762,2.968204992,-1.978097166,-1.185582051,4.341385450,30,247
8798,193,0.432640226,-0.150059200,2.006825043,-1.184353360,-1.416014089,3.556410909,22,234
8800,193,0.468485316,-0.112693642,1.937069608,-1.130546922,-1.384695803,3.495822888,25,245
8801,193,0.435663782,-0.009790438,2.546403148,-1.298795743,-1.246815750,4.075163126,16,232
8802,193,-0.579670952,-0.625376498,4.243886777,-2.726244642,-1.707790398,5.503866561,9,203
8803,193,-0.021191369,-0.680648378,4.127724988,-2.161406227,-1.802045565,5.526703264,6,231
8804,194,-0.717176292,-1.195966171,4.986445301,-2.798698052,-2.140007163,6.305835881,11,235
8805,194,0.176338424,0.142330692,2.037587773,-1.220497963,-1.007283061,3.565144663,12,247
8806,194,0.268438971,-0.163882718,1.884723792,-1.117667224,-1.325535256,3.447850421,26,253
8807,194,3.174591031,-1.024359185,5.480703487,0.903983157,-2.149272300,7.613375181,2,197
8808,194,0.217933742,0.105005659,2.143561022,-1.204640341,-1.041157237,3.678963528,40,261
8809,194,0.309081406,-0.029511292,2.012994230,-1.096639097,-1.186971822,3.576375848,37,261
8810,194,0.305005457,0.153969486,1.915213500,-1.068429167,-1.008907932,3.472740278,57,266
8811,194,-1.791072435,-0.873810259,3.846545515,-3.585356067,-1.821542419,4.950786709,6,200
8812,194,-1.610858919,-1.027113916,3.828752860,-3.415461025,-1.984904359,4.978064037,3,196
8813,194,1.810651037,-1.813820910,6.669128910,-0.726984317,-2.801979998,8.513294549,4,197
8814,194,1.234017516,-0.655808471,3.953335656,-0.643369517,-1.758901507,5.693005938,64,274
8815,194,-1.735742917,-0.782864198,3.833490490,-3.522905872,-1.734466048,4.946242027,6,200
8816,194,-1.749860570,-0.808321730,3.839968791,-3.539646417,-1.758765061,4.950563436,6,200
8817,194,-1.593773049,-0.990505252,3.888506799,-3.409102570,-1.946172693,5.038579182,6,201
8818,194,1.046127000,-1.904887502,7.136110781,-1.577029210,-2.827803727,8.809299632,3,197
8819,194,-1.725212525,-0.815031674,3.795340206,-3.506606450,-1.769100915,4.912539882,6,200
8820,194,1.670565610,-2.211636714,7.064390083,-0.972092685,-3.170556537,8.885028269,3,196
8821,194,1.683557558,-1.996365112,6.619780013,-0.852029955,-2.979865123,8.445243671,2,196
8822,194,-1.598027658,-1.079585987,3.836042466,-3.407785877,-2.037528744,4.990016608,3,196
8823,194,-0.145472811,-0.348209105,3.194071860,-1.809372234,-1.418813075,4.644735950,19,258
8825,194,-1.248082919,-0.157625363,2.942568771,-2.819828487,-1.183490000,4.155935145,12,206
8826,194,4.682693290,-1.874669055,8.756263571,1.630183246,-2.905551956,11.166875944,3,196
8827,194,-0.917261169,-1.326493636,5.377797830,-3.084685121,-2.239063114,6.650259303,17,236
8828,194,0.274731382,-0.177958062,1.954510122,-1.127144577,-1.336248930,3.517873550,30,247
8829,194,-0.539823153,-1.790335332,5.920294372,-2.860209969,-2.693200433,7.278973288,2,195
8830,195,-1.044875389,-0.963686322,5.420220007,-2.976752564,-2.298679905,6.651227846,17,236
8832,195,-0.713932257,-0.812242240,4.438821677,-2.452561262,-2.127444119,5.761563228,9,236
8833,195,-0.404172715,-0.625115678,4.044811013,-2.063841607,-1.941054513,5.444754654,4,199
8834,195,-1.221384025,-0.987654527,5.887698669,-3.243015220,-2.331261264,7.073494025,14,236
8836,195,-0.470467181,-1.218807721,5.782104678,-2.495812799,-2.594022336,7.106707839,2,196
8840,195,-0.524372464,-0.758604758,4.243205142,-2.226091621,-2.075810959,5.609506522,6,234
8841,195,-0.447803082,-0.183855758,3.483262287,-1.978049302,-1.477977359,4.906098800,16,258
8842,195,-0.173867909,-0.153283127,2.601075430,-1.534103728,-1.428296920,4.096980146,6,233
8843,195,0.122592465,0.304505535,1.834875546,-1.074088432,-0.957491892,3.425228683,41,267
8845,195,0.033250896,-0.314009072,2.135699365,-1.245599063,-1.581614818,3.674411110,7,212
8846,195,-0.270602734,-0.308678328,2.886498418,-1.691446833,-1.589223217,4.350589002,10,239
8847,195,0.088620192,0.301301636,1.901315307,-1.120626284,-0.961495603,3.483510934,34,268
8848,195,0.044667866,-0.296590042,2.095044127,-1.225687587,-1.563286529,3.637611312,9,213
8849,195,0.081781355,-0.120035862,1.905377489,-1.144834890,-1.381891293,3.467080281,14,247
8850,195,0.068773030,-0.332649190,2.320988363,-1.248181109,-1.608693460,3.862031388,13,233
8851,195,-0.600329548,0.110488795,3.045138431,-2.029145062,-1.160857762,4.460363525,25,247
8852,195,0.099158194,0.294613473,2.089443815,-1.147766697,-0.975553736,3.669559002,39,275
8853,195,-0.035014300,-0.306862291,2.240644475,-1.332928171,-1.575055546,3.764162391,2,196
8854,195,-0.239430511,0.153914510,2.829653362,-1.631332645,-1.126879999,4.321949238,25,258
8855,195,-0.110285102,-0.259659569,2.918413392,-1.538789227,-1.549122015,4.415478883,14,238
8856,195,-0.236808802,-0.035429042,3.003611708,-1.670667745,-1.322366106,4.484298528,11,257
8857,195,-0.374677730,-0.444889537,3.104587465,-1.841905369,-1.728187583,4.537669370,10,243
8858,195,0.107328733,0.451869079,1.634459498,-1.043569044,-0.802338178,3.232585282,13,290
8859,195,0.017978658,-0.718936410,3.552458893,-1.556735287,-2.036878876,5.040916082,2,196
8860,195,-0.274780372,-0.227175051,2.820174678,-1.679193323,-1.505243006,4.288490280,9,233
8861,195,1.395741797,-1.102349156,6.128092818,-0.731733539,-2.579614162,7.816512818,3,197
8862,195,0.905020544,-0.677232856,3.608185233,-0.697281101,-2.039681556,5.271173693,3,197
8863,195,3.490882364,-1.902269293,7.925917255,0.933180764,-3.543948017,9.951876840,2,196
8864,195,1.141460223,-1.052956728,4.497930164,-0.656517322,-2.458555781,6.172062637,2,196
8865,195,0.750849180,-0.921245680,6.891734828,-1.507183558,-2.395939107,8.446413459,3,197
8866,195,-0.235436897,-0.511873586,2.980311548,-1.683609345,-1.797160951,4.440178760,4,209
8867,195,-0.673157747,-0.631342253,4.215261973,-2.361249104,-1.940646699,5.558745277,11,235
8869,195,4.424968499,-1.900334697,9.545906122,1.527850189,-3.645889362,11.721865772,3,197
8870,195,-0.034534385,-0.305786077,2.084440221,-1.301530773,-1.568292990,3.611291109,4,211
8871,195,0.005093019,0.318953971,1.922520368,-1.205930197,-0.940658668,3.488717923,29,275
8872,195,2.916411986,-1.029262483,5.294381086,0.925435757,-2.548852578,7.301053422,2,197
8874,195,3.980379493,-1.039421053,8.969088518,1.240580326,-2.744198197,11.108694260,2,197
8875,195,0.181154036,0.281421994,1.949103943,-1.040230467,-0.987508839,3.547552251,32,266
8876,195,0.136229307,-0.083629353,1.881084039,-1.085258597,-1.347264679,3.455597765,24,250
8877,195,-1.805941752,-0.729502698,4.002536289,-3.432593733,-1.976713892,5.123995768,4,199
8878,195,-0.258914269,-0.229438717,2.760131668,-1.651871240,-1.506065511,4.232679460,9,238
8879,195,4.161858601,-0.903862521,8.216008054,1.572605297,-2.590023934,10.412683713,2,196
8880,195,-1.476393392,-1.235447132,5.780884513,-3.481492073,-2.562512141,6.907686791,2,196
8881,195,1.039359710,-0.362494803,3.895694896,-0.610067950,-1.742446208,5.593375297,57,265
8882,195,-0.412201979,-0.370093310,3.482438302,-1.950401448,-1.665548744,4.903837059,5,209
8883,195,1.244378808,-2.140841781,9.665798126,-1.620640040,-3.738338661,11.205308961,2,196
8884,195,-0.334494296,-0.247741921,3.069491092,-1.787790809,-1.532034431,4.520085247,9,247
8886,195,-1.959125980,-0.537013388,3.851359593,-3.545107681,-1.771725058,4.954608270,5,200
8887,195,1.665825239,-0.412662395,3.404061856,0.098743932,-1.804487329,5.232244422,20,248
8888,195,1.259505890,-0.266616065,2.880659739,-0.189950057,-1.620150063,4.646539486,34,245
8891,195,-0.165558509,-0.181200485,2.512554484,-1.509569688,-1.453324256,4.010631457,6,243
8892,195,4.575994416,-1.875587697,9.437671085,1.698154955,-3.624447628,11.646549085,3,197
8893,195,1.531931139,-1.406892127,6.798992911,-0.743068131,-2.914643817,8.486607999,2,196
8895,195,-0.998371756,-1.578747431,6.278606052,-3.125312887,-2.946233758,7.473355084,2,196
8896,195,-1.857695857,-0.798955255,3.930926320,-3.471879878,-2.040948940,5.040565617,2,196
8897,195,-1.876005918,-0.862238941,3.912011920,-3.488583389,-2.102551325,5.015586091,2,196
8898,195,0.063073798,0.123568264,1.856644849,-1.143863203,-1.136052740,3.426703616,14,254
8899,195,1.211130481,-1.449377787,6.415845154,-0.983207128,-2.927712043,8.046513939,2,196
8901,195,1.210915314,-0.289728864,2.915402601,-0.245328232,-1.642169046,4.670007212,35,246
8902,195,0.112676735,0.034978317,1.855092832,-1.098485245,-1.226796014,3.430891442,28,247
8903,195,-1.310754009,-1.420120516,6.084965402,-3.386701104,-2.765885034,7.229649505,2,196
8904,195,-0.779027577,-0.717257230,5.610768736,-2.744269975,-2.072369608,6.901121163,6,235
8905,195,2.677200418,-2.406709319,9.275406189,-0.150608053,-4.057927561,11.091563315,2,196
8907,195,-1.110394875,-0.825766902,5.331669547,-3.017949008,-2.154641491,6.557892206,16,234
8908,195,-1.845050207,-0.431785992,3.641012652,-3.387613173,-1.664449383,4.775668805,5,200
8909,195,0.733523132,-1.422084454,7.074675903,-1.580184244,-2.901731080,8.599555505,3,197
8911,195,4.193691330,-0.972843558,8.324715863,1.579555111,-2.664375946,10.522285593,2,196
8912,195,-0.035437836,0.007204664,2.332141075,-1.338980147,-1.264882812,3.867922248,10,227
8914,195,2.077346265,-1.479073881,5.732294507,-0.000812707,-2.973759814,7.545281522,2,196
8915,195,0.204537984,0.108623176,1.974221186,-1.029144995,-1.162030441,3.568916690,20,253
8916,195,-2.024810579,-0.550902259,3.898558242,-3.619325707,-1.784175291,4.987345956,4,200
8917,195,-0.155338143,-0.073698017,2.399665996,-1.472976259,-1.342377546,3.906916484,7,247
8918,195,-1.039392987,-0.383444221,4.468485580,-2.760198035,-1.684953406,5.746267464,7,201
8919,195,3.785138309,-1.221574493,8.560365664,1.122939866,-2.901746713,10.661824532,3,197
8921,196,-0.907615799,-0.891222747,4.733356479,-2.567865848,-2.038500360,6.004330234,12,232
8924,196,-0.964314660,-0.696346241,4.154326157,-2.502477751,-1.835597035,5.428984803,22,243
8925,196,-0.132664192,-0.464915822,2.362591449,-1.329125865,-1.624832912,3.837023861,7,212
8926,196,-1.141712936,-1.305080884,5.664482787,-2.996076529,-2.450329513,6.864625875,8,234
8927,196,-1.265389667,-1.235870532,5.545149930,-3.091105515,-2.374391383,6.724878855,16,236
8929,196,-1.216997639,-1.276858152,5.595472292,-3.055224166,-2.418031762,6.782862987,19,236
8933,196,-0.951853829,-0.935492180,5.012242157,-2.667349786,-2.083428339,6.268486306,14,235
8938,196,-0.990718476,-0.948178408,5.170238350,-2.736705599,-2.095871936,6.415690675,12,232
8939,196,-1.171844692,-1.279920599,5.602494253,-3.012472251,-2.423217732,6.798446779,18,236
8940,196,-0.217102287,-0.390334864,2.324656327,-1.401301931,-1.546113528,3.784821767,2,197
8942,196,-0.897783767,-0.944073484,4.683049327,-2.550710275,-2.091250588,5.955917646,12,238
8943,196,-0.801032885,-1.102228359,5.458570814,-2.613488727,-2.261216660,6.732434017,2,199
8944,196,-0.815083969,-1.113401331,5.531211400,-2.641863601,-2.272446288,6.800754475,2,199
8947,196,-0.825382885,-1.219662712,6.067755570,-2.760850738,-2.383361894,7.323073329,2,199
8948,196,-0.166702265,-0.282704562,2.353760543,-1.352962685,-1.441181913,3.825122799,17,246
8949,196,-0.016954083,-0.191956810,1.908202906,-1.115678004,-1.353008288,3.418794518,23,246
8951,196,-0.201954730,-0.282994288,2.309980797,-1.379007468,-1.439436852,3.775342176,7,232
8952,196,-0.011749449,-0.206234360,1.919434245,-1.113373176,-1.367617238,3.430556575,25,246
8954,196,-0.143302959,-0.220084701,2.251673486,-1.307497287,-1.378699930,3.730680007,19,251
8956,196,-0.319475945,-0.036812347,2.633730906,-1.546594988,-1.191326746,4.074652576,18,257
8957,196,-0.808329139,-0.957817521,4.789373730,-2.484313158,-2.110095679,6.077293892,4,215
8963,196,-0.351914168,-0.208148556,2.736690928,-1.605743206,-1.362003363,4.166195361,8,252
8964,196,-0.587106584,-0.346475130,3.591099651,-2.008309501,-1.497801467,4.956108795,24,259
8966,196,-0.015172168,-0.195374590,1.861897374,-1.105072853,-1.356051417,3.373657738,23,247
8969,196,-0.019699504,-0.405019383,2.253796108,-1.194700883,-1.569088697,3.753312828,8,238
8970,196,-0.475171563,-0.261686536,3.230579731,-1.824873554,-1.414687192,4.625750749,21,258
8971,196,-0.285678075,-0.199712651,2.606784437,-1.515208872,-1.355327477,4.051770505,7,243
8973,196,-0.062869698,-0.201104972,2.168531194,-1.211693110,-1.362595498,3.665070653,15,232
8975,196,0.053574143,0.195095112,1.939909851,-1.036155196,-0.969901808,3.470701163,37,267
8976,196,-0.012803844,-0.212664227,2.329455585,-1.194420689,-1.377995813,3.832406721,23,251
8977,196,0.004361043,0.188565973,2.026205039,-1.101444511,-0.975023136,3.545684466,50,268
8978,196,-0.808860384,-0.301421280,3.834829859,-2.271092376,-1.445067986,5.153018297,29,253
8980,196,-0.005230813,-0.208229446,1.939945678,-1.111059482,-1.370107594,3.451902226,32,247
8989,196,-0.006394039,-0.218211467,2.727262928,-1.265740381,-1.387713708,4.223739832,27,253
8990,196,0.037815026,0.156707750,1.891229111,-1.043775229,-1.007053702,3.419189750,46,267
8991,196,0.014550413,0.209384298,1.771571270,-1.041047872,-0.952205485,3.298283610,29,267
8995,196,0.093260236,0.068891581,1.984394389,-1.011319000,-1.098211585,3.519700712,20,254
8997,196,-0.054622162,-0.414714969,2.163472722,-1.211773641,-1.576299815,3.657770004,7,212
8998,196,-0.041469830,-0.369485078,2.008080875,-1.166728170,-1.530201280,3.508735835,14,233
9001,196,-0.015980801,-0.173008167,1.933426498,-1.118818204,-1.334370916,3.444073273,34,252
9007,196,0.033080175,-0.125424026,2.053272679,-1.092009370,-1.290245212,3.572012890,30,253
9008,196,-0.512669636,-0.359394417,3.197252684,-1.859323139,-1.510254069,4.583991613,14,252
9010,196,-0.011271878,0.177943224,2.079551555,-1.127593765,-0.985442629,3.594783675,36,267
9014,196,-0.071691045,-0.450555765,2.354718459,-1.267227874,-1.613191033,3.841385654,2,197
9015,196,-0.235824602,-0.071386079,2.618537798,-1.463144722,-1.229527753,4.075328373,33,259
9016,196,-0.002343559,0.252696605,1.936532264,-1.087829690,-0.909780968,3.457610676,55,265
9025,196,-0.000125540,0.222675128,1.957858251,-1.091088964,-0.940079155,3.478404988,68,277
9027,196,-0.401468132,-0.257067001,3.238166069,-1.753923772,-1.413506508,4.647564110,12,252
9028,196,0.019169738,-0.026016220,1.972961035,-1.085766031,-1.189527159,3.492374539,14,247
9030,196,-0.062576586,0.177566819,2.099586021,-1.181783286,-0.983675546,3.604482535,24,266
9032,196,-1.074770654,-1.260104263,5.376544512,-2.872552265,-2.405641687,6.596004636,12,236
9035,196,-0.048339941,0.203018999,2.049978238,-1.157094446,-0.958415604,3.559053203,47,275
9037,196,2.999464704,-1.278371975,6.052826291,0.987783940,-2.616216143,8.048776913,2,197
9041,196,-0.001542138,-0.360841332,2.085350266,-1.142256980,-1.524141542,3.592425345,8,233
9044,196,0.082778988,-0.048735263,2.168899344,-1.062508642,-1.217034403,3.696473922,23,251
9049,196,3.217328206,-1.414667379,6.039880479,1.197965727,-2.762168194,8.075798241,2,197
9052,196,4.444952658,-2.251939179,9.592371724,1.674281599,-3.689179846,11.782825688,2,197
9053,196,-1.316142355,-1.055938279,5.457305373,-3.116053601,-2.191483432,6.632194489,20,236
9054,196,0.849556419,-0.854321481,3.955393595,-0.693011073,-2.074142786,5.582558559,4,200
9055,196,-0.930656308,-0.014831855,3.298319699,-2.273839631,-1.147999225,4.608451037,36,247
9056,196,-1.995230814,-0.827579515,3.960238310,-3.480621241,-1.917798379,5.036354402,4,200
9057,196,0.988060721,-0.755002209,3.489103829,-0.462346175,-1.976691967,5.153873421,24,237
9058,196,0.023225186,0.155031111,2.026144908,-1.084382415,-1.009380867,3.548664023,48,265
9059,196,-0.014245487,-0.301697096,2.904398566,-1.311457840,-1.472480351,4.394423926,17,247
9067,197,-0.187171431,0.850882639,6.416467337,-1.960987938,0.108737488,7.684008058,4,290
9069,197,3.390698772,-2.498374965,8.802811424,0.873852109,-3.287995487,10.868220174,2,199
9070,197,0.868395828,-0.662739975,3.333939562,-0.424594016,-1.623116431,4.936749631,48,255
9072,197,1.072866610,-0.842344144,2.966967561,-0.164486701,-1.832813333,4.625131593,27,236
9073,197,3.077337755,-2.295137566,8.203622348,0.695483130,-3.101542239,10.210992807,3,200
9074,197,-0.082839168,-0.034775430,2.150768995,-1.088345962,-1.011595351,3.563958532,46,266
9082,197,-0.601124470,1.222875010,8.562997385,-2.758579503,0.617883780,9.689486663,3,209
9084,198,-0.410808176,0.923367058,5.137032798,-1.867355647,0.172300955,6.297313241,8,290
9097,198,-3.069170382,1.885660659,7.090795273,-4.794567867,1.383398624,7.629513473,3,207
9099,199,-1.494996125,-1.858493490,6.308675929,-3.298877330,-2.466471814,7.328449781,15,236
9100,199,-1.545425819,-1.721692034,6.135699661,-3.305625414,-2.337759383,7.142530027,5,209
9101,199,-1.147250630,-1.446402110,5.143990271,-2.703484693,-2.142587807,6.238566451,16,238
9102,199,-0.313117498,-0.709140968,2.607489830,-1.341629768,-1.600880095,3.888019604,9,246
9103,199,-1.521653863,-1.877224512,5.946036703,-3.254652768,-2.505281476,6.969135584,14,236
9105,199,-1.289986251,-1.398762007,5.238330283,-2.858771617,-2.082166455,6.300034379,11,234
9107,199,-1.535026396,-1.773542529,5.831888827,-3.238796123,-2.408001542,6.849788623,20,236
9108,199,-1.178137327,-1.454681767,5.365051226,-2.777787182,-2.136145240,6.449108893,12,238
9109,199,-1.282502256,-1.854615691,5.771255286,-2.984811378,-2.505394586,6.844882594,8,235
9111,199,-1.275110753,-1.881214583,6.476601497,-3.118246080,-2.490461307,7.537881577,6,224
9112,199,-0.379344844,-0.005328944,2.710595969,-1.383007845,-0.889720761,3.941950668,14,254
9117,199,-1.689424894,0.824158235,5.354983164,-3.134428903,0.161340487,6.227762751,5,242
9119,199,-2.142152897,0.839037949,6.112445002,-3.725744623,0.244354878,6.877675681,3,212
9122,199,-2.413179996,1.003560118,7.221542226,-4.199283857,0.488068478,7.900898121,2,202
9123,199,0.122024259,0.771591925,4.808557771,-1.257655123,-0.016536458,6.058139838,6,299
9130,200,0.899041859,0.144155965,1.644958680,0.128699459,-0.860484275,3.107775669,52,277
9132,200,-2.297905222,1.982022981,7.301637548,-4.000930857,1.465975784,7.917139312,2,203
9145,201,-0.196833084,-0.143691626,2.172187840,-1.042008459,-1.053871723,3.389385106,14,253
9146,201,-0.326512298,0.885980782,4.470877947,-1.560265175,0.107513102,5.567368908,6,261
9147,201,-0.323087929,-0.140913993,2.450615498,-1.220681782,-1.028823567,3.636201628,23,261
9148,201,-0.183309082,-0.211540486,2.186132156,-1.035891952,-1.121469734,3.408721800,23,254
9149,202,-1.589637584,-1.804776459,6.376599471,-3.310717473,-2.405291118,7.270031402,7,235
9150,202,-1.536183243,-1.950833659,6.426068672,-3.277559526,-2.551218284,7.335170384,16,236
9151,202,-1.498965082,-1.903142081,6.509603454,-3.254525468,-2.501258700,7.422412634,8,235
9152,202,-1.640210126,-2.037409609,7.202725271,-3.537804236,-2.590465728,8.078302129,5,234
9153,202,-1.470603372,-1.799996004,6.385944683,-3.195796715,-2.406557131,7.302756718,10,235
9155,202,-1.585214252,-1.812352330,6.024562381,-3.237570859,-2.431838500,6.926590168,16,236
9156,202,-1.398861274,-1.669643555,5.794931897,-3.000868186,-2.312002004,6.733110338,14,243
9157,202,-1.498821240,-1.910828074,6.206455087,-3.195197510,-2.525077082,7.125982362,14,236
9158,202,-1.722747942,-1.832986636,6.227525639,-3.413407906,-2.434056567,7.098670927,2,203
9159,202,-1.175831101,-1.244253487,4.925821382,-2.584197969,-1.946385411,5.909239781,11,235
9160,202,-1.445328733,-1.890352997,6.045759568,-3.109910860,-2.516155900,6.978502442,16,236
9161,202,-0.496001624,-0.698126187,3.045235330,-1.513732749,-1.539320741,4.181400203,11,246
9163,202,-1.588081772,-1.929527848,6.529122263,-3.347250209,-2.521638604,7.424812387,15,246
9164,202,-2.831533775,1.093411481,8.053906142,-4.669415500,0.641883239,8.544325428,2,204
9168,202,0.940005921,1.147500597,4.464937971,-0.269608833,0.297742593,5.781826857,3,261
9171,202,-1.063093168,-1.045619339,4.571934675,-2.391452759,-1.773367163,5.577102555,12,238
9172,202,-0.219775096,-0.135371448,2.374972040,-1.075328655,-1.029068526,3.557147531,49,266
9173,202,-0.216297881,-0.489199352,2.517879282,-1.122828598,-1.374439445,3.712361707,17,251
9175,203,-0.932126725,-1.095729498,4.194307867,-2.167619425,-1.849592063,5.207778651,7,230
9177,203,-1.225985537,-1.367263753,5.014883972,-2.632701839,-2.062458009,5.963963440,13,238
9178,203,-1.490186821,-1.595718935,5.933865495,-3.085163074,-2.229035149,6.820731796,10,246
9179,203,-0.519980143,-0.591931364,3.000381583,-1.499002309,-1.430605828,4.100286428,4,243
9182,203,-1.052967476,0.467260744,4.297412418,-2.205146110,-0.279086660,5.224393605,4,235
9183,203,-0.290179881,-0.537476846,2.365756842,-1.146868892,-1.421224869,3.521981949,22,253
9184,203,-1.491323446,-1.603883651,5.996607465,-3.099033476,-2.233936856,6.882279294,7,246
9185,203,-1.486777914,0.746507401,4.677899004,-2.685870009,0.042773890,5.500528631,2,204
9196,203,-1.114265930,1.112052265,4.859501902,-2.333115195,0.395747165,5.737892793,4,228
9198,203,0.566296536,1.105029032,5.475624518,-0.808928807,0.326415553,6.673839153,4,263
9199,203,-2.352870128,1.574008187,6.878131156,-3.909042812,1.027524451,7.452453175,2,207
9201,203,0.065063441,0.985676664,5.007688842,-1.215959022,0.211603310,6.121039051,7,295
9202,203,-0.792148266,0.706704997,3.177812082,-1.716176243,-0.111520683,4.170024014,13,250
9205,204,-0.306828449,-0.730354569,2.428218787,-1.149273694,-1.595288671,3.535272210,10,234
9206,204,-0.302712208,-0.523981651,2.379925439,-1.122448689,-1.392075974,3.481198268,27,247
9207,204,-0.454134669,0.311242366,3.078445653,-1.351906973,-0.516604273,4.105182729,11,281
9209,204,-0.306870920,-0.319297405,2.338602083,-1.105185998,-1.189739446,3.432387573,13,253
9212,204,-0.650173507,0.543330161,2.606464785,-1.437098014,-0.297044135,3.595675376,7,232
9216,204,-0.396868546,-0.387373850,2.500825279,-1.229190091,-1.244633224,3.576123435,7,247
9223,204,-1.146470600,0.994077230,4.465407588,-2.254349771,0.271042022,5.302874765,5,236
9224,204,-0.273742006,-0.565645533,2.284407734,-1.078263900,-1.439913809,3.394838384,21,247
9226,204,-0.705369740,-0.372744384,3.407928450,-1.706257128,-1.168418229,4.403662853,21,260
9227,204,-0.475793806,-0.609969662,2.639088391,-1.347756593,-1.455408344,3.704227353,5,232
9229,204,-0.707071941,-0.551076531,3.543729459,-1.745878687,-1.339544862,4.542921511,21,258
9230,204,-0.463780321,-0.803484290,2.702864058,-1.360961818,-1.645958038,3.776171824,6,212
9231,204,-0.616935726,-0.665424180,3.264231866,-1.610844004,-1.472283196,4.290998913,16,258
9232,204,-0.297106109,-0.366632930,2.370403133,-1.104878701,-1.235947438,3.467201898,16,247
9234,205,-0.335628108,-0.742064356,2.419679306,-1.139320594,-1.595432482,3.481115326,5,213
9237,205,-0.902679473,-0.993249175,3.866879005,-1.989948683,-1.746093254,4.797459210,9,232
9238,205,-1.509362546,-1.746435130,6.157102353,-3.075074988,-2.356204760,6.949374930,11,235
9241,205,-0.275692155,0.077101909,2.893464109,-1.117615969,-0.760213570,3.929485716,18,268
9242,205,-0.003543042,0.108583514,2.277047405,-0.730328903,-0.773129557,3.377337466,13,295
9248,205,0.711011829,1.336475520,7.276206810,-0.912505833,0.639911697,8.375339885,3,272
9252,205,-1.155039686,-1.565568050,5.187185126,-2.529328622,-2.241240521,6.061714441,6,238
9253,205,-0.820986283,-1.016856247,3.782031963,-1.895187408,-1.778319817,4.731037518,7,228
9256,205,-0.881542978,-0.940021418,3.936677951,-1.979174431,-1.691032916,4.868198965,7,243
9263,206,-1.888318681,0.951430984,5.928546285,-3.147078254,0.340547900,6.553868091,7,239
9267,206,-2.242910123,1.472449278,7.420983967,-3.733155544,0.942616964,7.939000445,2,210
9268,206,-0.772331557,-0.817644235,3.502047624,-1.736816573,-1.595574955,4.426536330,8,238
9269,207,-0.337786638,-0.695299576,2.592984316,-1.091398058,-1.556706689,3.570095974,5,215
9286,208,-1.289341611,-0.416245260,3.735292257,-2.161373582,-1.212430517,4.507331449,25,246
9287,208,-0.911544192,0.769513741,4.253302273,-1.768231612,-0.065150244,5.095784539,7,285
9292,208,-1.070277752,1.163827174,5.278602095,-2.063727322,0.348171289,6.082580744,7,274
9295,209,-1.854787099,-1.696685046,6.575724912,-3.269915278,-2.484716902,7.161687972,7,235
9308,210,-0.599635168,0.379695114,1.767537073,-1.004022068,-0.500429641,2.644999739,6,242
9312,210,0.975646481,0.461388102,2.540134760,0.427206356,-0.586976350,3.659488808,9,274
9318,211,0.541752174,0.248189570,2.510153766,0.009614853,-0.738971080,3.526499026,24,279
9320,211,-0.517399582,-0.358187123,2.568129870,-1.094919931,-1.246442804,3.402677687,21,247
9321,211,-1.053719038,0.523450456,3.145532696,-1.634850981,-0.328547335,3.916739719,7,225
9322,211,0.658420349,0.364989978,2.164100912,0.188661930,-0.627914972,3.206163169,15,303
9325,211,-0.652992987,-0.148932725,3.134663455,-1.298213213,-1.034608115,3.947591611,35,277
9326,211,-0.526991679,-0.085185636,2.539473286,-1.075811029,-0.973294275,3.381050137,32,266
9327,211,-0.687862312,-0.164916270,2.957981866,-1.306375252,-1.044530641,3.767251232,20,261
9328,211,-0.538682835,-0.058163521,2.521056559,-1.082057845,-0.945025748,3.361868861,30,267
9330,211,-0.469104321,-0.111079189,2.507126032,-1.016099479,-1.003875874,3.357237039,30,266
9332,211,-0.527681929,-0.113920652,2.839576797,-1.125824248,-1.006583493,3.676479995,32,268
9334,212,-0.549143139,-0.194258497,2.644618082,-1.099992000,-1.051107028,3.465785799,16,253
9335,212,-0.500870100,-0.115711752,2.496687877,-1.024410281,-0.975747549,3.327975873,34,266
9337,212,-1.140518101,-0.399474937,4.167480036,-1.927647565,-1.218205726,4.879295953,21,258
9338,212,-0.615336682,-0.002331740,2.842209509,-1.181228727,-0.855603156,3.654037406,20,276
9339,212,-0.519356863,-0.376360312,2.555331983,-1.070285100,-1.234557011,3.379276236,16,247
9340,212,-0.872668936,0.395881663,2.503491231,-1.355100960,-0.438224020,3.286495601,5,234
9341,212,-0.471615532,0.233985264,1.438432735,-0.810648813,-0.625027126,2.291467794,3,214
9342,212,-0.522346679,0.180579142,2.412865037,-1.011565599,-0.678355074,3.246314771,25,303
9343,212,-0.682998476,0.368124840,1.959351457,-1.087989790,-0.477734929,2.776668248,4,231
9344,212,-1.093644168,0.469969011,3.097757975,-1.657298947,-0.350401316,3.841865298,7,239
9345,212,-0.749054186,0.371713541,2.065221023,-1.168832619,-0.469710173,2.871455594,6,242
9346,212,-0.660690210,0.351808111,1.886587596,-1.056192013,-0.495364511,2.707845482,4,234
9347,212,-0.662291777,0.398116837,2.095290021,-1.085925727,-0.449877267,2.914607622,5,217
9349,212,-0.414603720,0.268419678,1.265175693,-0.725810928,-0.594204188,2.129274829,4,215
9350,212,-0.865752441,0.452675217,2.555906775,-1.352095652,-0.382297752,3.340198073,5,228
9351,212,-0.734719943,0.310558621,2.029195512,-1.153674457,-0.531612862,2.837082357,4,242
9352,212,-0.427727583,0.247336347,1.349064917,-0.752929963,-0.614591968,2.209916263,4,215
9353,212,-0.457794654,0.239583261,1.410242049,-0.792364714,-0.620350991,2.265759926,2,213
9354,212,-2.062851309,1.014158794,5.762067974,-2.975667454,0.253211439,6.338184367,4,228
9358,212,-0.973051462,0.475473516,2.684333991,-1.475619474,-0.352170011,3.451376205,7,235
9359,212,-0.895318229,0.468075391,2.474259142,-1.367813077,-0.364446559,3.255274963,6,239
9360,212,-1.434940276,0.643717917,3.976211137,-2.113820717,-0.155445745,4.661579805,6,239
9364,212,-0.780383642,-0.608166734,3.240789317,-1.447793608,-1.449206834,4.014204367,25,258
9367,212,-0.908362945,-0.611633327,3.610747481,-1.630049359,-1.444693046,4.360646613,25,258
9369,212,-1.384506256,0.658271097,3.862065272,-2.045822132,-0.144196644,4.556535461,3,242
9375,213,-0.628447733,-0.609482246,2.773463119,-1.201916047,-1.430383442,3.573397166,14,238
9376,213,-0.535011835,-0.527204909,2.525077283,-1.068549474,-1.355623251,3.341406602,13,232
9381,213,-0.531101343,-0.356144432,2.507763759,-1.051850157,-1.185232115,3.325136069,20,253
9386,213,-1.793163283,0.737157655,5.039400556,-2.600495565,-0.000272726,5.647820574,6,239
9388,213,-3.156060868,1.100476724,6.233836962,-4.098227418,0.452558858,6.631645637,2,214
9391,213,0.991520017,0.209241728,2.478059390,0.490198500,-0.712332383,3.518453036,31,275
9392,213,-0.049230273,1.070546687,4.978426988,-0.849342969,0.227567823,5.842041161,3,287
9395,214,-1.737200700,0.391148969,4.791477249,-2.499225363,-0.331269006,5.404736737,2,216
9396,214,-2.259320802,0.504826393,5.888096465,-3.162204604,-0.176746984,6.417005047,2,216
9398,214,-1.745653674,0.280625432,4.916155250,-2.530834497,-0.439618376,5.527589435,2,216
9409,215,-1.362037531,0.646324384,6.324190634,-2.284779854,-0.065048295,6.967029842,3,290
9410,215,-1.073553627,0.411107192,3.144009835,-1.588933255,-0.358812141,3.855502835,6,258
9416,215,-0.515132892,0.324266968,5.234326067,-1.317443322,-0.441977851,6.002168522,4,301
9421,216,-0.608157744,-0.398659978,2.507226599,-1.054836951,-1.189654074,3.270174159,16,253
9426,216,-1.685401622,0.591139891,4.092724171,-2.281057719,-0.133915310,4.696974423,3,235
9430,217,-0.628075016,-0.420209501,2.566078623,-1.052942827,-1.201716412,3.300194560,15,253
9432,217,-2.426586839,0.886372997,6.655973512,-3.272485174,0.228789414,7.133773521,4,243
9443,218,-1.935477270,-1.744741535,5.976183648,-2.755016118,-2.437309141,6.532597239,5,235
9450,218,-1.137812877,0.564564594,5.507211923,-1.830925687,-0.161688926,6.136734549,5,285
9453,218,-1.644043844,1.277773001,6.056241573,-2.370970236,0.574665949,6.618920161,5,246
9457,218,-0.829702416,-0.871533685,2.874450871,-1.277919214,-1.639873544,3.568097721,8,233
9465,219,0.467394619,0.829850534,3.746610294,-0.002800058,0.031503485,4.536997667,5,268
9466,219,-0.719765585,-0.441104281,2.626548305,-1.100320124,-1.216408313,3.305177794,10,247
9481,222,-1.388279460,-0.858831302,4.157929367,-1.837836735,-1.558544223,4.715546485,3,231
9482,222,-0.988819123,0.397776701,2.902140638,-1.293935748,-0.336697706,3.479868384,2,227
9491,222,-2.436370345,0.346103263,5.333901638,-2.951575074,-0.304479399,5.773932484,2,224
9494,222,-2.253663815,0.771267012,5.524362354,-2.774575623,0.119196985,5.972906576,2,225
9496,222,0.607226774,1.792068448,8.417390369,-0.153040629,1.117998265,9.091606932,2,224
9508,222,-0.801159593,-0.796927076,2.671808063,-1.120195441,-1.540054243,3.286649185,5,243
9512,223,-0.803676939,-0.496784782,2.682864004,-1.092453808,-1.229661119,3.273749834,6,247
9513,223,-0.789103082,-0.463304975,2.713586016,-1.079559347,-1.195841948,3.304848603,10,247
9515,224,-1.833500969,-1.509837800,5.079115704,-2.312121636,-2.128990150,5.602366976,4,235
9526,225,-1.697745561,0.484668027,3.953645453,-2.002049667,-0.162705596,4.418562820,4,235
9529,225,-1.941702734,0.604682435,4.577202217,-2.286085753,-0.015349852,5.018855570,3,243
9530,225,-2.136893147,0.409554871,5.850203864,-2.577137451,-0.162587349,6.279933396,4,258
9537,225,-2.316792481,0.735714438,5.563990031,-2.726391371,0.158702937,5.971456474,3,229
9546,226,-0.622662191,-0.117697013,5.770044726,-1.045805996,-0.723516170,6.322250838,3,228
9547,227,-1.536087063,-0.930259995,4.112103525,-1.847974869,-1.549412707,4.640365829,6,251
9548,227,-0.540005362,0.177274967,1.418110552,-0.656264255,-0.586224651,1.970439769,2,231
9549,227,-0.881181061,0.035826823,2.245167207,-1.051573757,-0.682666414,2.779674301,4,257
9550,227,-0.926993928,0.226078226,2.905076363,-1.132186785,-0.462963087,3.426981413,4,280
9553,227,-1.601399070,0.393534051,3.878025070,-1.859818796,-0.235675366,4.348059523,5,260
9554,227,-2.014622528,-1.208429571,5.022783838,-2.389480930,-1.775110718,5.530053824,4,238
9555,227,-2.341768129,0.748382832,5.451069084,-2.684580984,0.206420462,5.855656976,2,228
9556,227,-0.885039754,-0.049547162,3.258678265,-1.120142956,-0.724102036,3.793621847,10,265
9557,228,-1.022562286,-0.694625941,3.010017094,-1.243557768,-1.371518576,3.562328677,4,238
9558,228,-1.085744563,-0.212266765,3.555148863,-1.324391842,-0.862413430,4.080120936,16,280
9559,228,-2.749774721,0.688259803,6.365184412,-3.121342855,0.212349141,6.743220020,3,243
9561,228,-2.632666276,0.734431623,6.138868847,-2.990150393,0.244746854,6.522304004,3,238
9562,228,2.821973974,-1.416899459,6.280969949,2.384495544,-2.035590867,7.083338167,33,267
9565,229,-2.286062666,0.567905405,5.143378941,-2.582501336,0.006291079,5.577242427,3,235
9566,229,-2.304445329,0.571439915,5.191639779,-2.603408762,0.012513664,5.624185824,4,235
9568,229,-2.266860821,0.489687368,4.957434419,-2.555168897,-0.080974531,5.396411599,4,239
9569,229,-1.814217162,0.463107017,4.141451599,-2.059230660,-0.156403005,4.609152703,2,231
9572,229,-2.261748335,0.489141382,4.947211671,-2.549518556,-0.082119001,5.386527064,4,239
9574,229,2.883055591,-1.391720423,6.269724461,2.463798879,-2.020138412,7.079576886,33,268
9575,229,3.612377484,-2.210749736,7.132256916,3.122918205,-2.814921779,8.017959959,11,245
9576,230,-2.812801050,-1.975880515,6.843464743,-3.248860143,-2.440869703,7.362561880,8,238
9577,230,-2.197001654,0.388944822,4.664438344,-2.455160583,-0.198033434,5.113230803,3,242
9578,230,-1.215282124,0.395327430,3.005390571,-1.388362380,-0.294830610,3.510475242,4,250
9579,230,-1.215493112,0.322583896,2.806606899,-1.380200896,-0.376872527,3.315515942,4,239
9583,230,-1.392490008,0.159498616,3.591145275,-1.602345304,-0.498148200,4.096137007,9,275
9589,230,-1.112150417,0.216320739,2.563458840,-1.267274549,-0.497085776,3.083375975,3,250
9592,230,2.876011217,-1.527325847,6.258103000,2.472957388,-2.163504930,7.062049668,23,264
9593,231,-1.448311981,-0.800090604,3.766212049,-1.684681040,-1.455704341,4.308071742,3,242
9597,231,-0.933380876,0.210859400,2.197238952,-1.063562077,-0.531858219,2.723909469,3,250
9599,231,-0.989872340,-0.524535553,2.963437158,-1.178703770,-1.229138652,3.518641564,2,232
9601,231,-0.803520257,0.195058682,2.013821220,-0.924990198,-0.559355706,2.548418073,4,258
9603,231,-0.950751441,-0.522678306,2.849632860,-1.133796895,-1.233543624,3.407065217,8,253
9604,231,-1.115048117,-0.756880907,3.276416461,-1.325846030,-1.443518087,3.834869322,2,232
9605,231,-1.435437474,-0.702720375,3.876283083,-1.674832063,-1.353651950,4.414140842,6,256
9607,231,1.922904914,-0.423662163,3.064260237,1.726802410,-1.194770672,3.766562405,20,267
9608,231,1.884748178,-0.468228035,3.033400366,1.689088986,-1.239782453,3.735804929,25,267
9609,232,-1.018553119,-0.840031419,2.838063417,-1.210764407,-1.578568120,3.415676863,2,233
9610,232,-1.444655807,-0.962358981,3.765651816,-1.685747841,-1.652766516,4.324430463,6,247
9611,232,-4.000284459,0.824865661,7.980200773,-4.396479315,0.366714174,8.332106255,2,234
9622,232,-2.447140418,0.459900657,5.140849990,-2.714938791,-0.151255837,5.591395167,3,242
9644,232,1.324432210,-1.552357326,6.043493613,0.948914339,-2.224194278,6.760931079,10,262
9646,232,-0.925384496,-0.214735595,2.947020202,-1.105559351,-0.952094639,3.505173863,33,275
9648,232,3.477469482,-2.035963281,7.024108619,3.036044808,-2.724717570,7.867462978,9,245
9649,232,1.198531282,-1.148960843,5.064451838,0.883269960,-1.856828229,5.762013883,5,248
9650,233,-1.371880972,0.515247904,3.308040221,-1.541445408,-0.219474049,3.832829219,5,250
9651,233,0.773223442,-2.381953111,8.201466527,0.279589368,-3.002793963,8.919854901,2,234
9653,233,0.746027374,-2.334761576,7.851060352,0.270678976,-2.967109789,8.567153328,2,234
9655,234,-0.651571670,0.160164615,1.576049804,-0.743361399,-0.662206319,2.158807413,2,235
9657,234,-1.996554810,0.901315229,5.171590295,-2.230815371,0.238260121,5.660640672,6,270
9662,234,0.664563414,-0.139775582,2.798702948,0.505399615,-0.956903312,3.451404026,19,270
9663,234,0.613321348,-0.898889452,4.517200963,0.352378856,-1.655292859,5.189492554,4,247
9664,234,1.848872925,-0.536282081,3.039828148,1.665093444,-1.377842051,3.761030550,8,249
9667,234,2.819387271,-1.852487579,6.563731246,2.432366080,-2.599762058,7.368022683,9,246
9668,234,2.967894311,-1.320860745,5.207570135,2.659043420,-2.119005025,6.003711703,4,246
9669,234,1.980033498,-0.462579070,3.155226437,1.792889388,-1.303936672,3.880018730,20,267
9671,235,-1.267729922,0.890243699,3.721245283,-1.429299423,0.165311897,4.232833456,3,240
9672,235,-1.598253235,0.392938978,4.456974514,-1.806459251,-0.296607129,4.969200501,12,275
9673,235,-3.701679557,1.009946188,7.064242480,-4.008982091,0.467371829,7.452781731,2,240
9674,235,-1.785447553,1.144953617,5.534835558,-2.022038498,0.498193196,6.010435436,5,283
9675,235,-1.301510251,0.749727363,3.886146393,-1.474381400,0.031722054,4.400761108,6,290
9685,235,-1.606252936,1.013406264,4.749667029,-1.810880833,0.333975275,5.239494485,4,256
9686,235,-0.768129349,0.131958546,1.799980891,-0.863468765,-0.674057758,2.364371997,4,256
9697,236,-1.442330642,0.832882180,4.581494772,-1.625199553,0.146922202,5.082087925,3,244
9701,236,-1.533259956,0.939973535,5.080721859,-1.734865344,0.274720063,5.572603474,3,289
9708,236,-1.249584218,0.537917144,3.516967472,-1.394305141,-0.192099700,4.038476000,4,266
9711,236,-1.545978201,0.823706982,4.918500006,-1.743648724,0.152885614,5.414253185,6,280
9716,237,-1.425866595,0.731680443,4.050567267,-1.559718613,0.039960173,4.527127350,3,262
9721,237,1.888040979,-0.641104858,3.162722758,1.747488737,-1.454182390,3.830917395,9,248
9723,238,-1.034907162,0.032875410,2.633134018,-1.115335024,-0.718172589,3.131470992,13,283
9724,238,-1.139510691,0.193724831,2.365845483,-1.205080637,-0.565522597,2.854160156,2,242
9727,238,-1.042998716,0.406954574,2.389304421,-1.103417121,-0.354229002,2.872904567,3,248
9730,238,-0.989871126,-0.487145824,2.760376503,-1.090151107,-1.233629025,3.280841041,3,247
9731,238,-2.300376954,-1.233594656,5.122217483,-2.509963495,-1.847446310,5.617562103,2,243
9732,238,0.488361542,0.725706671,5.073441083,0.333951573,0.031419931,5.599899781,5,263
9739,239,-1.972115583,0.318903565,3.943163509,-2.065606235,-0.331119239,4.389059519,2,242
9740,239,-1.366946895,0.626321812,5.331790488,-1.498024336,0.017202693,5.783886614,4,299
9748,240,-1.067825477,-0.509145380,2.878122317,-1.139699670,-1.217106066,3.398504816,5,252
9751,240,-0.975015301,-0.508400421,2.818680694,-1.045258613,-1.222127752,3.341907470,10,250
9752,240,-1.085781934,-0.451043202,2.856058737,-1.154967403,-1.159461827,3.373422211,8,254
9753,240,3.295657343,-1.996644935,7.057655466,3.047572946,-2.665137296,7.767839798,4,243
9754,241,-1.305736722,0.024770350,4.037532130,-1.335578365,-0.617229819,4.500977413,8,262
9755,241,-0.047171699,0.177499322,3.377021598,-0.058266993,-0.543676871,3.863284819,8,303
9764,241,-1.591629152,0.548770388,5.622714535,-1.629483401,-0.026563480,6.061056540,3,261
9768,241,-1.013499533,-0.695932207,2.768542144,-1.050652183,-1.393647076,3.263583519,2,246
9769,241,2.252380322,-2.054016501,6.767976829,2.068671896,-2.757051397,7.376585818,5,245
9790,242,1.867660472,-0.386765421,3.231011453,1.867348981,-1.201949665,3.728805251,17,265
9792,242,1.735160269,-0.684188930,3.249873537,1.719166234,-1.491417396,3.753767855,7,248
9793,242,2.187267249,-0.734270937,3.737339851,2.161508573,-1.551427226,4.249009624,8,251
9799,243,-1.159153219,-0.217935724,2.795026438,-1.111325387,-0.845479912,3.230824085,19,276
9808,243,-1.699316293,0.174802959,6.348558126,-1.650644321,-0.312807436,6.766216906,6,290
9812,243,0.306400362,0.074122452,2.564097403,0.369710759,-0.643109907,3.002675429,20,295
9813,243,-1.176292982,-0.299257439,2.861029221,-1.133410071,-0.923623873,3.299155252,25,276
9814,243,-1.245824284,1.216590104,6.765201017,-1.142010222,0.714463632,7.154253325,3,277
9815,243,0.158174144,-1.027817271,3.780644260,0.152345657,-1.696662661,4.251277619,3,246
9816,243,1.017701048,-0.920903914,5.338656574,1.006831978,-1.589535474,5.812045451,21,266
9817,243,1.817922312,-0.434399964,3.220213285,1.846219671,-1.214654391,3.686078705,17,265
9818,243,1.915203448,-0.523678518,3.254252134,1.938125376,-1.308127976,3.723614732,9,263
9819,243,1.619110870,-0.679258612,3.319768775,1.633369322,-1.444803436,3.791526269,6,248
9823,244,-1.077089392,-0.122455286,2.832843267,-0.998519343,-0.719529260,3.257878604,11,282
9829,244,-1.935209814,0.105798287,4.729334341,-1.840838544,-0.380059146,5.144782722,5,290
9831,244,-0.661611711,-0.190341620,4.922119206,-0.587041601,-0.745092884,5.348891941,18,290
9832,244,-2.901912258,0.587796007,6.567108519,-2.776474325,0.217153645,6.964720060,3,285
9836,245,-1.417790801,0.049413645,3.993885811,-1.306628286,-0.474050047,4.400766705,5,273
9838,245,-1.471298075,0.144358944,3.982391034,-1.355081558,-0.376826515,4.386287984,5,290
9839,245,-1.163281645,-0.784623448,2.820067196,-1.101913036,-1.358520246,3.254447788,2,246
9840,245,-1.915957941,0.069214140,5.098997244,-1.798098659,-0.391547737,5.505974413,2,249
9841,245,-1.147311466,-0.210808078,2.919306405,-1.055123521,-0.783413148,3.334635784,13,263
9842,245,1.680983396,-0.514125322,3.263683902,1.754643733,-1.224994895,3.681136255,13,266
9843,245,-1.119885857,-0.614247169,2.894071597,-1.049221861,-1.188350117,3.322665744,7,251
9844,245,-1.135487413,-0.385894560,2.886072760,-1.052740097,-0.959877256,3.307171302,18,267
9845,245,-1.168499244,-0.374022197,2.864808372,-1.085171421,-0.946973627,3.285616400,30,278
9854,246,-0.623046047,-0.432079834,6.028305644,-0.503058942,-0.821163226,6.430671147,4,295
9862,246,0.195420170,-0.132575270,2.299878916,0.298231470,-0.727110156,2.687698599,30,302
9869,246,-1.136736011,-0.362487441,2.811952251,-1.036270255,-0.894585413,3.217581589,18,268
9872,247,-1.948504154,-0.205139539,4.337838525,-1.809518506,-0.577445432,4.727775055,4,265
9874,247,-1.116119547,-1.139573938,6.356121703,-0.971057916,-1.400372066,6.791576005,14,276
9875,247,-1.745988839,-0.307767796,3.972101615,-1.612851977,-0.706021985,4.367082880,6,262
9884,247,-0.777035418,0.634822898,7.605384915,-0.587740455,0.441336292,7.925286196,4,300
9886,247,-1.063071981,-0.989006328,6.834465757,-0.910146315,-1.221570954,7.259141639,13,275
9898,248,1.914478693,-1.121067368,6.463807806,2.103556258,-1.354751040,6.836140253,11,275
9900,248,2.496799243,-0.276338580,7.933688476,2.718034070,-0.420321317,8.237022563,3,267
9902,248,-0.965783144,1.018838161,4.580810240,-0.783570047,0.687506323,4.857638215,2,250
9903,248,1.689661231,-0.817919900,3.336303219,1.832260206,-1.259055810,3.699108680,11,264
9905,249,-1.151866530,-0.275583537,4.267433329,-0.959418587,-0.583561941,4.624120713,6,290
9910,249,-1.203876299,-0.290720302,2.951716181,-1.040287228,-0.691894008,3.314246605,6,267
9912,249,-0.936200555,-0.415537609,4.061400589,-0.748864028,-0.738979644,4.423969368,6,303
9914,249,-1.050199003,0.293006444,5.228802083,-0.834504408,0.051358626,5.540162772,3,257
9915,249,-1.115523394,0.337295532,6.538457867,-0.870959862,0.188977553,6.844447674,5,299
9924,250,0.534047439,-1.268543198,4.956892695,0.773241975,-1.504802507,5.321975651,13,265
9926,250,-5.038114474,1.392984725,9.053933729,-4.673941929,1.465927480,9.374310208,2,251
9927,250,-1.744650483,0.364257452,8.386728101,-1.403231896,0.377810755,8.689616055,4,299
9929,251,-1.072415871,-0.222330787,2.129142582,-0.889103355,-0.622707196,2.436476894,2,253
9930,251,0.135273389,-0.306446216,3.516609849,0.362975688,-0.617843070,3.786635619,8,268
9934,252,-2.323434190,-0.597038123,4.668403056,-2.026193093,-0.766850730,5.010328867,3,259
9939,252,-0.753278093,-0.938797330,5.232674023,-0.440604847,-1.093572624,5.539246597,11,294
9940,252,-0.083098943,-0.417047786,2.872219297,0.147962846,-0.742054355,3.126129905,10,277
9943,252,-1.212780153,-0.298006820,6.802696417,-0.833323133,-0.341700053,7.077812463,6,293
9944,252,-1.103214906,-0.088611542,5.868484597,-0.755901179,-0.197330399,6.128198913,3,268
9946,253,-2.399474169,-0.742114659,5.955721823,-2.008673490,-0.755152395,6.290741067,5,310
9950,253,-2.287451321,-0.666591277,4.840399181,-1.945146863,-0.757385663,5.169065143,5,262
9952,253,0.089151228,-0.406926811,2.667070959,0.337158792,-0.721915008,2.882398662,18,279
9953,253,0.102253427,-0.210747583,1.845627182,0.318942448,-0.581064290,2.049778054,2,257
9959,253,-0.610842709,-0.537856078,6.912221518,-0.173054953,-0.548143447,7.152986752,5,295
9960,253,-0.060070930,-0.395875369,3.668877932,0.233980598,-0.639608619,3.886682743,14,300
9962,253,-3.155636667,0.210850270,5.823398059,-2.740588353,0.211786123,6.127144025,3,258
9963,253,-0.617047638,0.147132593,2.869963639,-0.341838589,-0.132279647,3.077736315,3,295
9964,253,-3.310166602,0.158225079,7.486783508,-2.820976246,0.274540958,7.795406499,4,290
9965,253,-3.116778054,0.405017927,5.728345396,-2.700169786,0.397827094,6.017594146,2,254
9966,253,0.484556606,-1.375043015,5.309166779,0.822339253,-1.525814283,5.564302947,12,268
9967,254,-2.458137740,-0.810720799,7.024747560,-1.957268443,-0.691376343,7.348558862,4,292
9970,254,0.075623728,-0.440550817,2.842552019,0.359614678,-0.715181973,3.026612722,12,277
9971,254,0.095016307,-0.436144355,3.371990627,0.407890296,-0.677256688,3.552855884,19,292
9974,254,-1.254959514,-0.190728224,4.640625409,-0.859103518,-0.285825803,4.869520817,4,304
9976,254,1.504799778,-0.853223981,3.471045728,1.801210830,-1.153628713,3.607485044,9,267
9977,254,1.560143713,-0.867926743,3.487003493,1.856637205,-1.169879092,3.621542593,8,265
9982,255,-1.898348779,-1.109487098,5.534686956,-1.458077137,-1.084680366,5.840085824,4,267
9983,255,-0.805513311,-0.730389934,6.016448214,-0.328680872,-0.709736855,6.232487872,4,291
9985,255,-1.301659452,-0.418822763,2.779662917,-1.000841731,-0.606881843,3.014159925,3,262
9987,255,-0.277868191,-0.514805252,3.062774255,0.034280596,-0.717077566,3.246306185,13,279
9988,255,-1.919869706,-0.901254943,5.136249772,-1.496360452,-0.903961139,5.429658097,5,295
9989,255,-0.142124523,-0.506365171,2.852660125,0.157901778,-0.727748063,3.028936754,9,270
9990,255,-0.224874943,-0.287207801,5.029262658,0.206967329,-0.355633576,5.185693474,4,287
9991,255,-0.142784974,-0.423805871,2.528250985,0.141004607,-0.667894251,2.700014618,16,279
9993,255,-0.065089407,-0.549090352,2.810185915,0.231078487,-0.775857614,2.985410336,16,277
9996,255,0.012456969,-0.372585246,3.799762096,0.370570096,-0.533877349,3.954129157,4,295
9997,255,-1.086741422,-1.342017315,5.231776936,-0.672415285,-1.364562262,5.510036035,9,271
9999,255,-0.438580398,-0.862960967,4.607375634,-0.047463010,-0.951798637,4.818266183,5,264
10000,255,1.522990712,-0.815270774,6.152756803,2.000311473,-0.862518104,6.245461750,13,296
10003,255,-1.438415664,-1.617576538,7.201294948,-0.918147678,-1.491089266,7.510589800,11,277
10004,255,-0.042344961,0.156623457,4.580098296,0.376307114,0.049671369,4.696710915,7,303
10005,255,1.445346163,-0.925695850,3.495784308,1.766744354,-1.154168846,3.611432241,11,267
10008,255,1.610654945,-0.934000323,3.434813110,1.927956860,-1.172183305,3.542154162,7,265
10009,255,-0.147979400,0.257096605,4.604907527,0.275269859,0.155086704,4.720121731,6,301
10011,256,-2.949567599,-1.182761711,6.621671378,-2.421926776,-1.042845327,6.975347085,2,258
10015,256,-1.840749726,-0.586525563,4.036541670,-1.459475861,-0.653842409,4.293885694,3,263
10016,256,-1.847133607,-0.534224658,4.350323608,-1.446583432,-0.579067921,4.602880522,5,300
10021,256,0.633387450,-0.862357700,4.415724134,1.028629039,-0.946858858,4.548233568,11,299
10023,256,-0.127978546,-0.647461098,2.937053072,0.184348352,-0.824694974,3.104421618,20,277
10025,256,-1.469454876,-0.634798678,6.800017175,-0.926332820,-0.510594249,7.027422869,2,258
10032,256,-0.655192328,-0.499755402,3.801723796,-0.288756945,-0.605773964,3.985143921,4,295
10036,256,-0.063182922,0.382995551,1.543280845,0.181146618,0.101811334,1.638060064,3,259
10037,257,-1.661860025,-0.911548989,5.851784742,-1.151866733,-0.835112165,6.090818689,5,280
10039,257,-1.413706363,-0.406830276,3.567954489,-1.044785545,-0.499493459,3.765287449,4,290
10040,257,-1.632168431,-0.548136455,3.676027721,-1.256303253,-0.631328755,3.896636790,3,261
10041,257,-1.902099498,-0.679128225,4.329210421,-1.485492320,-0.712881352,4.573017459,2,258
10042,257,-1.771375652,-0.648678605,4.631378062,-1.336311447,-0.661232292,4.863531880,3,310
10043,257,-1.703846595,-0.856109732,3.540483461,-1.336553122,-0.947952159,3.788622332,12,275
10044,257,-1.073085271,-0.414499954,2.630860286,-0.762737023,-0.577308166,2.812071525,2,261
10045,257,-0.064363057,-0.570715522,2.743582630,0.250854335,-0.730531582,2.873596147,17,279
10050,257,-0.255924433,-0.969801180,4.072368227,0.141348752,-1.030685548,4.237250213,5,265
10051,257,-0.256025168,-0.893109661,4.854434174,0.189663060,-0.897229167,5.010143391,6,288
10052,257,-0.004017897,-0.382144622,2.570939813,0.300617982,-0.555377893,2.684252993,4,264
10054,257,-0.129126879,-0.911225423,4.255856933,0.279306731,-0.959608689,4.407815510,5,271
10056,257,0.603384496,-0.366741709,5.582700811,1.093004308,-0.324019787,5.643725339,6,307
10057,257,0.081485255,-0.650737306,3.093190828,0.417943506,-0.785687435,3.218473152,27,295
10059,257,0.221673283,-0.460601483,3.485288247,0.582300345,-0.568280900,3.586258318,2,261
10060,257,-0.252967944,-1.087305275,3.895857244,0.133264413,-1.160750015,4.069948215,8,266
10061,257,-1.667777231,-0.584098093,3.763990205,-1.286446601,-0.660587729,3.989015984,3,260
10062,257,-0.236932228,-0.582074444,4.961591418,0.215677218,-0.579326010,5.092913964,7,293
10063,257,-0.123523652,-0.511488745,3.984892747,0.268584459,-0.580709821,4.108544598,5,280
10069,257,0.274273408,-0.616322904,4.322968652,0.686401181,-0.662859641,4.428245415,9,303
10071,257,0.001693860,0.000977050,3.838850074,0.385089527,-0.080951614,3.918025879,6,303
10074,257,-1.871080462,0.269015335,6.085176658,-1.344990547,0.360467690,6.249781278,2,258
10080,258,-1.352020921,-0.439158207,2.695059569,-1.015407925,-0.553819339,2.875241869,2,262
10081,258,-1.231143748,-0.479569889,2.603121248,-0.900899191,-0.601328558,2.778661987,3,261
10084,258,-1.797325013,-1.779369819,6.541033496,-1.189069475,-1.588094794,6.835809290,9,274
10085,258,-2.985938023,-0.471651322,6.183103339,-2.406354236,-0.312412458,6.459119841,3,281
10086,258,-1.826249397,-0.794047962,4.341407359,-1.373848942,-0.778402258,4.573000092,3,295
10091,258,-2.064823387,-0.724603169,4.479463744,-1.602771756,-0.698322807,4.721261077,2,263
10092,258,-1.726136069,-0.606768581,3.709048384,-1.318286814,-0.641325050,3.922541171,2,261
10093,258,-1.497732272,-0.646317569,2.982171281,-1.140004470,-0.737801930,3.187020704,3,261
10094,258,-1.340537251,-0.437909542,2.687731080,-1.004460054,-0.553150333,2.867066471,3,262
10096,258,-1.580109591,-0.557369626,3.426828987,-1.192200887,-0.614232619,3.627956520,3,263
10098,258,-1.715251241,-0.907277948,3.758963000,-1.302408658,-0.936992103,3.994961513,12,277
10099,258,-0.894091833,-0.665259492,4.392588637,-0.441073881,-0.646058172,4.549774097,4,293
10101,258,-1.651460179,-0.580747022,3.520757349,-1.256824164,-0.630163020,3.728106411,2,262
10102,258,-0.068860908,-0.570905202,2.621338386,0.260371091,-0.691031727,2.724071878,11,273
10106,258,-1.008918119,-0.389493636,2.384631142,-0.694645182,-0.528688901,2.539040093,2,261
10107,258,0.289185007,-0.851781112,3.952836906,0.710275934,-0.866590076,4.045715310,10,277
10108,258,-0.247644263,-0.578832690,2.672172532,0.085534659,-0.694933948,2.787533979,8,274
10109,258,0.272006045,-0.710312805,4.153928951,0.706159559,-0.709778103,4.235819149,9,277
10115,258,0.888067714,-0.938709297,5.518214265,1.415436978,-0.830463728,5.568234955,5,302
10120,258,-0.249211990,-0.691586780,3.550286667,0.144723119,-0.738439172,3.669806272,5,275
10122,258,1.433358268,-0.849047097,3.939777368,1.850836134,-0.864966836,3.953898793,5,271
10123,258,-0.024678417,-0.562748808,2.673914030,0.308007263,-0.678778136,2.772687331,12,274
10124,258,0.338279768,-1.239807716,4.669831548,0.810435681,-1.197164774,4.785813041,11,275
10125,258,-0.035980457,-0.588078638,2.856554970,0.309377975,-0.689698204,2.957094279,9,274
10126,258,0.631344793,-0.620754158,5.862620942,1.181220453,-0.486447635,5.903516381,3,295
10128,258,-1.043854719,-1.508678601,6.467016218,-0.443891158,-1.324097031,6.689234279,12,303
10132,258,-2.167306123,-0.113335374,4.055383535,-1.737316676,-0.122208078,4.258676452,2,259
10133,258,3.514058763,0.463439565,6.161573628,4.071828819,0.617665084,5.917901973,3,269
10138,259,-1.689840606,-1.775750918,6.370748756,-1.051113666,-1.542533851,6.652117044,11,274
10141,259,-0.716984425,-1.033609464,4.229871732,-0.246584410,-0.980079661,4.390048195,16,282
10142,259,-0.261332917,-0.761682995,3.187349870,0.127601225,-0.795329152,3.297223189,18,284
10146,259,-0.067876137,-0.810351336,4.172443354,0.395194621,-0.763075534,4.265498348,11,295
10149,259,-0.021196051,-0.621653721,3.124447486,0.361589162,-0.661232796,3.205036237,11,303
10150,259,0.046016860,-0.643332275,2.737952205,0.399509324,-0.714693744,2.817647381,10,275
10151,259,0.025021340,-0.656053730,2.757515098,0.380116636,-0.725738657,2.839721972,17,277
10152,259,-1.538723083,-1.805106124,6.492692368,-0.891066628,-1.561944971,6.764262630,12,277
10153,259,-0.058733691,-0.703129072,3.171982031,0.328162126,-0.738479345,3.261802812,11,302
10155,259,-0.916454525,-1.165958865,5.032737784,-0.384139285,-1.045735318,5.213860415,13,294
10156,259,-0.153547614,-0.710207695,2.881560629,0.211707992,-0.769297311,2.980959323,24,295
10159,259,-1.031096566,-0.667958067,6.116062897,-0.419089695,-0.460218949,6.258221437,4,293
10160,259,1.600823407,-1.736046550,6.352710007,2.228534640,-1.508384030,6.381724256,9,294
10179,260,-1.741180553,-0.980040986,6.191320179,-1.082176505,-0.743714538,6.386686695,5,293
10180,260,0.125519908,-0.798593465,3.212274560,0.532445386,-0.811182292,3.259283481,13,274
10181,260,-1.935288283,-1.191391422,7.080340726,-1.202126481,-0.882291287,7.302717720,4,301
10182,260,-0.320872553,-0.656523112,3.377696881,0.101055730,-0.653877218,3.448948547,6,274
10183,260,1.408237370,-0.924190960,6.190283333,2.056379631,-0.705598447,6.122175644,4,292
10184,260,-0.058173292,-0.736460840,3.123191049,0.341969196,-0.755346442,3.180920826,13,277
10186,260,-0.197113922,-0.668708703,3.533813232,0.237273300,-0.654239109,3.594830846,5,295
10187,260,1.184836597,-1.969091895,6.926869159,1.895555039,-1.687063492,6.955930022,10,270
10188,260,-0.049106840,-0.728682813,3.032404542,0.343513897,-0.754896042,3.089365929,12,277
10189,260,-0.081736180,-0.542656721,2.927499047,0.302152289,-0.577666536,2.972942291,3,266
10191,260,0.169823558,-0.923369478,3.664516721,0.614004373,-0.899676670,3.714883871,5,270
10193,260,-0.150836052,-0.745355226,2.977042295,0.237585532,-0.775373096,3.044070765,28,295
10194,260,-0.144048379,-0.802010701,3.200803275,0.262852567,-0.814009461,3.270331013,11,278
10195,260,0.047687650,-0.614396181,2.705697173,0.412930643,-0.667611948,2.747706574,8,270
10197,260,0.025849244,-0.742141708,2.992941687,0.414976616,-0.771879979,3.045077115,13,275
10199,260,0.847144185,-1.243030037,5.847490686,1.469280234,-1.047684434,5.853322165,3,270
10205,260,0.323211667,-1.485005209,5.156835474,0.890462688,-1.341148010,5.229694659,8,267
10206,260,-2.477111345,-2.502510245,8.720158166,-1.605563207,-2.055199459,9.081237121,6,266
10208,260,1.629621663,-2.116282731,6.960927204,2.341789451,-1.833528481,6.964969121,9,268
10209,260,1.383556524,-2.170680895,7.067893360,2.105435439,-1.877842043,7.095820414,9,268
10211,261,-1.894354576,-0.558062371,5.515513556,-1.215665480,-0.444111817,5.694797901,3,280
10212,261,-1.561175790,-0.689767599,4.900734843,-0.948299909,-0.621166426,5.059601433,5,299
10214,261,-0.404753332,-0.617661015,3.944323166,0.110289311,-0.641945795,3.993678059,6,302
10216,261,-1.729501065,-0.738756002,3.365378368,-1.267778393,-0.749919090,3.553145653,3,265
10219,261,-2.049330405,-0.616230939,5.857115295,-1.337971958,-0.477828843,6.052564760,4,289
10223,261,-1.156024913,-0.363310399,3.248986644,-0.698026680,-0.401307276,3.360184205,4,286
10225,261,0.067638830,-0.680157995,5.478563740,0.728958109,-0.634863901,5.476295047,7,303
10226,261,-1.422238274,-0.833751376,5.200951526,-0.784736111,-0.752838153,5.352985922,4,295
10227,261,-0.987077932,-0.875079328,4.646560692,-0.407423070,-0.839816818,4.762654404,7,303
10229,261,-0.656649977,-0.736562981,3.855788906,-0.152362955,-0.756946253,3.936963036,5,273
10230,261,-0.341918824,-0.632457337,2.971723599,0.076948880,-0.713079603,3.022109522,8,275
10232,261,0.525100780,-0.775357870,3.915589836,1.027966260,-0.832593541,3.884843197,5,267
10233,261,-0.578885352,-0.920235704,3.696916911,-0.095825185,-0.951734363,3.782417284,9,277
10235,261,-0.667908682,-0.672832795,3.864377876,-0.160904488,-0.692489735,3.942833724,2,265
10236,261,0.070312370,-1.338656267,4.875190235,0.653659326,-1.325687418,4.915242758,3,267
10237,261,0.116089225,-1.457510035,5.251864954,0.732767372,-1.424845315,5.292091814,2,262
10239,261,-0.313698675,-0.757518562,3.339561436,0.137548232,-0.818326131,3.392234161,22,287
10240,261,-1.298292724,-0.670854205,5.434397697,-0.633894336,-0.581496771,5.563423543,3,278
10241,261,-1.037096887,-0.740483460,4.647588342,-0.453245049,-0.703746859,4.760577847,5,303
10244,261,0.300998453,-0.931605529,4.059017433,0.814657423,-0.972873809,4.058127488,9,274
10245,261,-0.010666757,-0.547118140,2.579569115,0.370423388,-0.661075441,2.595536984,7,268
10246,261,-1.631028373,-0.886666155,6.076387333,-0.908049556,-0.749714554,6.246050963,3,293
10249,261,-2.030524040,-0.777045354,6.871733992,-1.224298093,-0.582369656,7.068347968,3,293
10250,261,-0.036129696,-0.472683027,2.499705225,0.339378540,-0.590384598,2.514258388,6,266
10251,261,0.742980666,-0.923436292,5.311054441,1.377400731,-0.909974924,5.259116823,4,295
10259,261,1.429748966,-1.037032479,3.535327471,1.883117456,-1.145737636,3.435267158,4,265
10260,261,1.236042880,-1.067909259,3.718240755,1.707491484,-1.159749207,3.637484581,5,267
10261,261,1.238550546,-1.047345343,3.724502253,1.711186196,-1.138965578,3.642255249,5,267
10262,261,1.266079718,-1.130113017,3.824666808,1.746040843,-1.216909706,3.743995841,3,264
10263,261,1.377430681,-0.961289609,4.096449831,1.888284104,-1.037088080,3.993389965,9,271
10264,261,0.135118038,-1.328693810,4.751972407,0.706320442,-1.324824677,4.785984409,6,268
10265,261,1.353731617,-1.039168625,3.675787114,1.821217930,-1.137447412,3.582276792,5,265
10269,262,-1.983968338,-0.492226194,4.165972301,-1.408123084,-0.479533012,4.364154588,3,285
10272,262,-0.277544878,-0.424632397,2.501175414,0.112415836,-0.554363180,2.528300438,2,264
10273,262,-0.306184640,-0.664052721,3.034815603,0.131666812,-0.770027463,3.072389121,8,276
10277,262,1.119616140,-1.915773812,7.829998547,2.011484719,-1.882250285,7.743870477,14,275
10278,262,0.048574135,-0.722462267,3.252709533,0.505130038,-0.834562261,3.254333360,9,271
10280,262,-0.050914970,-0.408397197,5.008307487,0.605501659,-0.444081364,4.994479713,7,298
10281,262,1.355942501,-1.128501240,6.158649126,2.098309610,-1.175751835,6.022714319,10,298
10282,262,0.651239085,-0.658183940,4.137290641,1.200687887,-0.759679092,4.066990897,4,290
10284,262,-0.888687595,-0.985980733,7.282997083,-0.006526557,-0.890422429,7.368480469,5,295
10289,263,-1.436077258,-0.713452033,2.977172158,-0.994172156,-0.766836538,3.118114123,6,268
10292,263,-0.886861935,-0.963211943,4.132467771,-0.328319912,-0.970994889,4.219788120,4,266
10299,263,-1.583516393,-1.629126775,6.203857828,-0.809598109,-1.516807115,6.385402831,10,274
10303,263,-0.269988236,-0.516486303,2.912261111,0.161387053,-0.599769102,2.919257553,2,264
10304,263,-1.937784582,-1.929098447,7.164231629,-1.063673701,-1.760400855,7.392336034,10,274
10305,263,-1.583297919,-0.993089653,6.283898213,-0.789877781,-0.877736295,6.431763679,5,301
10306,263,-0.118704382,-0.553054395,3.038805463,0.324747384,-0.633388680,3.030705432,4,273
10307,263,-0.115574794,-0.634499211,2.714359210,0.291588660,-0.730970252,2.712449624,13,279
10308,263,0.218223893,-0.898487331,3.889355276,0.745177849,-0.943482194,3.857361222,10,274
10310,263,-0.397822425,-0.893001983,4.217922607,0.168202608,-0.907683138,4.248919193,10,300
10311,263,-0.231346357,-0.517373738,3.033831657,0.212851485,-0.595463071,3.035903387,11,310
10312,263,-0.145354578,-0.812842117,3.618295161,0.356091571,-0.863270099,3.622465753,6,274
10313,263,1.262495825,-1.274402764,6.125268199,2.017136606,-1.230881719,5.985892479,8,294
10314,263,-1.485485994,-0.680248163,6.151143298,-0.701555335,-0.574199755,6.273253262,4,270
10315,263,1.273555580,-1.026877572,4.687749971,1.877856912,-1.055703382,4.544447576,8,271
10316,263,1.239070909,-0.972533332,4.693548311,1.845131675,-1.000371774,4.551049217,3,265
10319,263,-0.553090383,-1.115422744,4.134103744,0.001036009,-1.130441679,4.193794827,6,274
10321,263,1.472122652,-1.361456146,5.717835642,2.180232135,-1.342872693,5.563540901,8,273
10322,263,0.039204260,-0.648824989,3.821703390,0.564228549,-0.693522801,3.796256846,4,303
10323,263,-0.625128619,-0.876597288,3.988333408,-0.082149990,-0.897619348,4.044295837,9,302
10324,263,-0.119030412,-0.877674098,3.472732424,0.365502100,-0.935862764,3.478499074,17,294
10325,263,-0.086420013,-0.654658670,2.960255024,0.346655536,-0.739489592,2.954557484,10,277
10326,263,-0.113867547,-0.659609569,2.946861141,0.317846554,-0.744480794,2.944437944,10,279
10331,263,-2.613944424,-1.517700970,9.117508119,-1.518812865,-1.236874969,9.382436043,6,292
10333,263,1.405181139,-1.043857669,3.708509117,1.903153069,-1.124493221,3.558975950,5,267
10334,263,1.592672309,-1.991749733,6.913398217,2.417772527,-1.915292644,6.770637442,4,266
10335,264,-1.417336423,-0.698321873,2.902312340,-0.993490828,-0.753952161,2.999109157,3,266
10337,264,-2.144154069,-1.172453983,4.476446415,-1.546636050,-1.135597260,4.666244610,3,266
10342,264,-2.149256280,-0.997321044,5.429221458,-1.449500734,-0.907492016,5.602733045,2,265
10343,264,-1.384885123,-1.494587229,5.516499486,-0.679784516,-1.403106576,5.635252731,5,271
10347,264,1.212544293,-0.760841664,4.359021831,1.777700036,-0.748788744,4.166438753,7,287
10349,264,-1.091104902,-0.865569676,5.127963114,-0.429937333,-0.798323224,5.182766381,4,290
10350,264,0.614114987,-0.883766750,5.991645266,1.358205722,-0.777185856,5.858155519,4,295
10353,264,0.997209185,-0.973878589,4.731981079,1.603842208,-0.939528030,4.571709675,9,294
10356,264,-2.554769408,0.218061768,7.941643280,-1.583744980,0.448444475,8.071999011,2,265
10358,264,-1.961068143,0.188322340,6.871961158,-1.108360067,0.355887870,6.948153858,4,291
10359,264,-0.057266551,-0.416906215,4.723226711,0.554087890,-0.378394281,4.644913024,11,303
10360,264,1.363662822,-1.095223463,3.768025700,1.864723894,-1.116448704,3.582334802,2,265
10362,264,1.548929949,-1.515292747,5.425511170,2.227296511,-1.444241430,5.231314250,10,277
10365,265,-1.321511965,-0.591865446,4.772997774,-0.705703263,-0.504412669,4.829915218,4,299
10369,265,-0.218871553,-0.680891338,3.023230238,0.198128023,-0.712091986,2.979135321,7,274
10370,265,-1.843695161,-1.889081172,7.083677309,-0.972477628,-1.649564995,7.261404768,8,276
10371,265,-0.413098841,-0.972378258,4.312189498,0.146242747,-0.920399034,4.297475538,4,290
10375,265,-0.198433812,-0.581699337,4.107126899,0.337514160,-0.545115487,4.045802598,7,303
10376,265,0.530500250,-0.662375889,4.149055070,1.066560889,-0.628824419,4.012708415,5,278
10377,265,0.929412183,-1.607142970,6.930201077,1.767324811,-1.400025044,6.787716200,5,275
10378,265,1.419183154,-2.020204256,8.154969997,2.388131483,-1.739169120,7.975207045,4,268
10379,265,-0.201426771,-0.697180262,2.949635894,0.207372612,-0.733114769,2.905254626,22,300
10382,265,1.120309272,-1.279683251,6.382975135,1.897349848,-1.109156178,6.203236440,2,267
10385,265,0.047033278,-0.656013717,3.416133657,0.505577069,-0.664688482,3.338197103,7,294
10386,265,2.742501027,-0.859483272,8.693229499,3.763753270,-0.557525147,8.290720767,3,290
10387,265,0.049476496,-0.555098668,5.468683441,0.733397742,-0.434946720,5.367597727,11,303
10392,265,-0.118263745,-0.703763387,5.364921166,0.555125809,-0.588494607,5.292452794,12,303
10393,265,2.333451519,0.322635838,4.705979691,2.920781802,0.374800518,4.305365565,2,269
10396,265,0.120098073,-1.211024505,4.262689572,0.670533803,-1.165942693,4.205126079,3,269
10400,266,-1.248557372,-0.779626088,4.618829641,-0.657336693,-0.672574217,4.680865947,3,289
10403,266,-0.137512956,-0.666279009,2.783256992,0.243375915,-0.696184130,2.730288193,8,279
10404,266,0.003345752,-0.813503913,3.235290415,0.433624282,-0.812133711,3.173246224,6,274
10405,266,-0.080931809,-0.685202668,2.840667584,0.305991879,-0.711391917,2.782283110,6,273
10406,266,-0.593373902,-1.083465543,4.158160755,-0.056854537,-1.012450753,4.173219675,17,287
10413,267,0.620321123,-0.256654536,4.892610722,1.193711834,-0.153573472,4.724276460,4,278
10417,267,0.198158207,-0.733635237,5.730605389,0.868718012,-0.568034296,5.635631724,9,299
10421,268,-1.566332268,-0.998946056,3.241630754,-1.171757320,-1.018934576,3.389641445,5,273
10428,268,-1.115530898,-1.535516945,4.948349272,-0.530067234,-1.428152278,5.070353497,9,279
10431,268,0.031801164,-0.629514390,2.645130537,0.347389098,-0.696070294,2.593227262,5,274
10433,268,0.383812455,-0.565087431,4.507120200,0.903740755,-0.494361370,4.394575266,4,286
10448,268,-1.313663398,-0.179356108,7.342964297,-0.470731609,0.101647269,7.365740709,2,272
10450,268,-1.797370245,-0.604774149,8.616868253,-0.806667744,-0.227917229,8.713449234,3,299
10453,269,0.001709388,-0.712530033,2.865758008,0.309015384,-0.785029501,2.859094633,5,273
10454,269,0.045391399,-0.656093910,2.808456792,0.345405725,-0.732968669,2.793200808,16,295
10457,269,1.604518682,0.733466802,8.013829571,2.463498607,1.046915192,7.672069387,3,284
10458,270,-1.678761866,-0.731488239,3.105857233,-1.344286737,-0.800756150,3.304603844,3,275
10466,270,0.080756250,-0.691524223,3.013765273,0.392913657,-0.753398012,3.011561101,24,303
10468,270,0.097490669,-0.630747225,2.786770128,0.383084790,-0.710438199,2.780133946,6,275
10469,270,-0.391576510,-0.724916412,3.669174108,-0.002428188,-0.739336112,3.716742711,3,295
10471,270,-0.018174169,-0.682067119,2.978570408,0.290517417,-0.747553258,2.987144060,7,277
10482,271,-0.056404870,-0.905318863,7.726254266,0.697065227,-0.640099013,7.721504273,2,274
10489,272,2.006164423,-0.561842998,4.815084545,2.382841660,-0.266562144,4.606340480,4,289
10493,272,-2.187948729,1.229007899,4.606362990,-2.012803293,0.964307293,4.673887701,2,275
10500,273,0.097712819,-0.645311107,2.934449671,0.346016268,-0.720161587,2.916736266,20,302
10503,273,0.137062720,-0.624342003,2.795612232,0.370490037,-0.705958955,2.773686372,19,299
10504,273,0.290380244,-0.508633801,3.464188363,0.571184387,-0.527816467,3.415461820,9,303
10511,274,-1.512781077,-0.236740986,6.224970149,-0.948320792,-0.150677007,6.300551127,2,279
10516,275,0.081998190,-0.812823980,3.318524014,0.395323293,-0.840918060,3.271591434,13,294
10529,276,0.379467688,-0.343374531,4.411989177,0.799613979,-0.266853377,4.235301712,4,295
10533,276,1.399126204,-1.164671482,3.754169364,1.771208466,-1.109187827,3.532851783,2,277
10538,278,0.868166535,-0.443362125,6.572503443,1.575664235,-0.191927807,6.276625729,2,283
10553,279,1.766642267,-1.280979658,7.304022272,2.585491557,-0.961355881,6.952792244,8,295
10579,281,-1.338326695,-0.411565492,5.057090801,-0.709835236,-0.294684788,5.020943543,4,299
10581,281,0.170506362,-0.338592015,4.666389272,0.746858776,-0.238998342,4.464623865,4,303
10589,281,0.201525247,-0.582941568,7.001810521,1.032896709,-0.312068380,6.794367275,4,292
10596,283,0.015616520,-0.700745782,3.025363418,0.450536771,-0.721455905,2.883997749,12,295
10600,283,1.486152218,-1.618722189,7.060092321,2.366021824,-1.357812324,6.784018360,6,294
10603,283,0.677720765,0.218111323,5.776571831,1.412848026,0.387068081,5.471846231,2,284
10605,283,-0.794557646,0.033546311,2.526253354,-0.412880792,-0.020736864,2.427729352,2,288
10610,283,0.636314246,-0.021508009,3.818587257,1.153663283,0.009483475,3.552708755,2,284
10613,283,1.328187458,-0.027128770,7.345869810,2.235498266,0.250727363,6.972047404,2,284
10614,283,1.492133421,0.864249873,3.888332510,2.008852359,0.894091167,3.463384840,2,286
10615,283,-0.006931254,-0.683714063,2.892923160,0.413267366,-0.713751230,2.754034166,12,295
10616,283,1.246967999,-1.090810485,3.899267145,1.773196030,-1.054154041,3.640284135,5,287
10618,283,1.362595622,-1.053030219,3.754121391,1.871743377,-1.027276298,3.480815038,5,287
10620,283,1.485152323,-1.157250810,3.924845984,2.012974773,-1.119687339,3.643734821,3,285
10622,284,-0.020173157,-0.844081449,6.833502905,0.858712368,-0.558772047,6.659741785,4,294
10624,284,1.868088841,-0.121737317,5.719151850,2.599691924,0.090309878,5.289787210,2,287
10627,284,1.065162826,-0.430341899,2.974676670,1.498044103,-0.423758784,2.683223097,3,288
10629,284,-0.166123909,-0.587446467,5.680521721,0.580671690,-0.388428386,5.515099847,4,296
10631,284,0.126264286,-0.403236966,3.239455217,0.594528494,-0.382548227,3.049739206,4,295
10632,284,1.136212122,-1.802050194,7.338759309,2.077710658,-1.470472057,7.099129225,9,296
10641,284,-0.095453362,-0.352537621,4.371322609,0.500622188,-0.250017312,4.192748434,4,295
10644,284,1.301886390,-1.135867280,3.812215576,1.837090002,-1.064451827,3.537527393,3,286
10645,284,0.164631335,-0.971409415,3.667749850,0.688631770,-0.917468292,3.510969466,10,295
10646,284,1.265541471,-1.099293882,3.778129676,1.796643141,-1.030688789,3.505208299,4,287
10647,284,1.214306304,-1.189675150,3.903504644,1.761070024,-1.111894616,3.641783793,2,285
10648,284,1.267666257,-2.050259787,7.313440048,2.208925182,-1.719127124,7.077159624,2,285
10649,284,1.392429418,-1.098478420,3.785150949,1.923493392,-1.028644685,3.497768575,3,287
10650,284,1.206420521,-2.130361592,7.281203523,2.145565577,-1.801725926,7.057936427,2,285
10655,285,-1.782864994,-0.939443738,5.889309536,-0.988481190,-0.737500679,5.913767114,2,288
10658,285,3.356417812,0.152706965,7.041957695,4.216016401,0.532796164,6.396643345,2,288
10660,285,-0.372877217,0.077976465,8.000874226,0.620651224,0.457360248,7.775195352,3,308
10663,285,0.272398680,-1.415314919,4.745821902,0.938211232,-1.256257827,4.580772946,5,293
10665,285,1.404603647,-1.115981787,3.762497853,1.944913821,-1.007845335,3.456826449,2,287
10666,285,-0.108882617,-0.894490394,3.499654045,0.406102725,-0.834781167,3.352446482,6,295
10668,285,1.326048588,-1.161562860,3.813556663,1.873818505,-1.051071944,3.519535698,2,286
10669,286,-0.002418389,-0.716601434,3.864383425,0.563501049,-0.598512583,3.676397461,7,300
10670,286,-0.030742198,-0.826123333,4.051978220,0.560606551,-0.694439134,3.873320822,9,303
10671,286,-0.063424422,-0.707768761,4.681671627,0.596169700,-0.530352603,4.492514322,5,303
10674,286,-1.913199530,-0.516167402,5.212302574,-1.186193370,-0.347582452,5.220336549,4,302
10675,286,1.608636177,-1.903431542,7.320072059,2.599225933,-1.482385471,6.996102172,6,294
10677,286,0.026066310,-0.741946520,3.680197918,0.571570376,-0.636774211,3.492416521,8,303
10679,286,2.155712790,-0.611647637,6.511907399,3.005589160,-0.240744707,6.039898356,2,288
10680,286,-0.138149943,-0.804746458,4.127478696,0.461876349,-0.670275300,3.959123925,9,303
10683,286,-0.029907531,-0.897523776,5.676744265,0.749842040,-0.644464600,5.487834958,5,297
10693,287,-2.366505517,-0.585017658,6.689105248,-1.450392732,-0.279032189,6.716681817,2,290
10694,287,-0.721083707,-0.301428292,2.414023510,-0.326815341,-0.272889826,2.266772172,2,290
10700,288,-1.208734850,-0.760933324,4.147626681,-0.580341009,-0.611421523,4.073840280,2,293
10702,288,-0.867442648,-0.801247561,3.431505997,-0.323543406,-0.696408495,3.327002517,2,290
10703,288,-0.850973748,-1.065443026,3.930044129,-0.239832960,-0.921816844,3.837682823,4,294
10706,288,-0.925730167,-1.166955067,4.344024487,-0.262252671,-0.993847780,4.263807047,5,295
10710,288,1.268004212,-1.513471576,5.306735760,2.039499586,-1.208499549,4.981594180,4,294
10711,288,0.000039850,-0.884592138,3.086885957,0.500308977,-0.782347833,2.888691148,8,295
10716,288,-0.082082304,-1.080621934,5.037164452,0.652789582,-0.833209872,4.843920202,6,303
10718,288,1.279395797,-2.107874185,7.372819259,2.312331578,-1.645265174,7.068923514,8,296
10719,288,-0.082160117,-1.183402900,5.645002366,0.727110237,-0.889935387,5.453255511,3,294
10720,288,1.135862880,-1.317589409,4.660573616,1.826196433,-1.065368691,4.343337184,5,296
10721,288,-2.089003184,-1.258945994,7.136476346,-1.088503091,-0.906390954,7.173981504,2,290
10722,288,-0.175212953,-0.817348807,2.937911821,0.306640871,-0.731186759,2.757147570,6,295
10724,288,1.680346545,-1.855697280,6.516569096,2.601714023,-1.447649760,6.155290664,3,290
10725,288,0.013976291,-1.014951535,5.079657309,0.750766444,-0.761997776,4.869898454,5,303
10727,288,1.595645158,-2.255154262,7.381982773,2.632492631,-1.782977115,7.050996687,5,294
10729,288,1.492461270,-2.040058220,7.019481698,2.480282204,-1.598582843,6.688848941,6,294
10730,288,1.139856336,-2.640668107,8.940236297,2.375118996,-2.062148269,8.675909207,5,295
10731,288,1.577168067,-2.235364585,7.737778115,2.654881776,-1.736974111,7.404133784,6,294
10735,288,1.564939841,-2.149863298,7.481103211,2.609843364,-1.671381164,7.145268737,6,294
10741,288,-1.574999755,-1.065928108,6.051724628,-0.711426952,-0.781930816,6.024866637,4,298
10742,288,1.600680525,-2.122956561,7.357966472,2.630032337,-1.652873885,7.017151948,7,294
10746,288,1.410970114,-1.626017385,5.666895318,2.227307480,-1.289788937,5.329359828,5,294
10747,288,0.822240162,-1.264192014,4.811956056,1.530646368,-1.009091792,4.526668042,5,296
10748,288,1.063662500,-2.217406241,7.793231807,2.151013903,-1.728555227,7.518728151,8,296
10749,288,-1.139783092,-0.356002429,3.519244857,-0.599346597,-0.253223752,3.414355454,2,290
10750,288,-0.018599011,-0.996480177,4.515954994,0.652147293,-0.786860809,4.314183839,3,294
10752,288,1.191177112,-1.961465230,6.836644747,2.157175844,-1.542007108,6.537919092,6,295
10754,288,1.736510081,-2.224875942,7.989048642,2.841926906,-1.703378021,7.633310984,5,294
10756,288,-0.065458771,-1.008447197,4.868112319,0.647060897,-0.773541640,4.669360635,5,298
10760,288,0.099901881,-0.997859021,4.458433104,0.763119061,-0.789411878,4.243248030,2,289
10764,288,0.192785399,-1.265408851,5.191218412,0.950069282,-0.998508782,4.977082254,7,300
10765,288,-1.407813342,-0.527326274,3.330274302,-0.881346941,-0.445345184,3.271292157,4,303
10766,288,-0.053152148,-0.620882663,2.703757716,0.393603046,-0.549717703,2.496700853,2,289
10767,288,-0.079397423,-1.020522673,4.524008454,0.593586040,-0.811837389,4.331098239,12,303
10768,288,1.561407634,-2.182052469,7.384893984,2.596270461,-1.710799777,7.052711814,7,294
10769,288,-0.112177378,-1.019484698,4.779733417,0.590788189,-0.792435256,4.588171358,5,303
10770,288,1.581689557,-2.061757344,7.145625055,2.584300374,-1.608349976,6.804734700,6,294
10775,288,-0.202670751,-1.057664751,4.375041719,0.455193307,-0.863346179,4.200862946,7,302
10777,288,0.953404244,-1.863402974,7.577072263,2.003922325,-1.394874975,7.292406033,3,291
10778,288,0.092321208,-0.952475410,5.483360194,0.873331178,-0.667265673,5.255930741,6,303
10782,288,-0.136033855,-0.808035466,2.883853218,0.338906228,-0.724928357,2.698293073,6,295
10785,288,1.262806780,-1.658949965,5.237951070,2.031462119,-1.358827175,4.924503789,3,293
10788,289,-1.621938782,-0.176165888,3.950897051,-1.026471992,-0.131888199,3.921437795,2,290
10791,289,-1.911749496,-0.187356517,4.832317731,-1.209860896,-0.086529272,4.829913976,4,296
10792,289,-2.746438538,-2.695819773,9.185494828,-1.429409534,-2.290137509,9.416323649,5,293
10793,289,-0.005120086,-0.805426293,2.953494329,0.484635219,-0.784717667,2.783346310,5,295
10797,289,0.000276658,-0.840004536,3.358016353,0.538938271,-0.789127836,3.185707562,5,300
10800,289,-1.090283193,-0.650494737,3.689268884,-0.511505952,-0.608213456,3.631577400,3,293
10801,289,1.072929033,-1.141617851,4.260480687,1.721149634,-0.991140970,3.971559056,3,294
10803,289,1.357958536,-1.973405380,6.971750866,2.355078251,-1.611411409,6.680340587,4,294
10805,289,-0.091021267,-0.724511067,2.882663022,0.387951807,-0.711852718,2.717875877,8,302
10806,289,1.384032922,-1.605665535,7.611409224,2.442142809,-1.196788504,7.284975099,3,295
10807,289,-2.341603238,-1.090776829,8.314770508,-1.191780920,-0.742496188,8.393311283,2,293
10808,289,-0.178111176,-0.753367188,3.145353596,0.333563688,-0.723795540,2.990498266,8,303
10809,289,-0.969793031,-1.193606617,4.810572014,-0.239101117,-1.063137151,4.765442093,3,294
10815,289,-0.109062841,-0.620599189,2.765737987,0.352297168,-0.617450187,2.596997634,4,303
10818,289,0.299566517,-1.388037519,4.870443474,1.034999539,-1.214725428,4.685754319,5,295
10819,289,-0.119640449,-0.814826492,3.069346524,0.384995106,-0.788935798,2.912493760,5,295
10821,289,1.458981408,-1.399010707,5.663362073,2.279257495,-1.132535227,5.332399598,5,304
10822,289,0.186930909,-1.111527923,3.988487091,0.808795121,-1.007632782,3.806586761,2,294
10823,289,1.578161081,-2.227875071,7.306266918,2.622730581,-1.833791295,7.002915215,5,294
10824,289,1.092844647,-2.417300830,8.357473219,2.272167018,-1.959374094,8.115472178,5,295
10826,290,-1.599423014,-1.195493501,5.628663128,-0.773999093,-1.084651245,5.704500023,2,295
10841,290,1.773512349,-1.258471607,6.923043715,2.726140062,-0.937724619,6.589665979,2,291
10845,290,0.126102820,-0.295063661,3.176804170,0.613769935,-0.295543043,3.011689034,2,291
10848,290,1.042564944,-1.516431777,6.750775106,1.992031206,-1.232844378,6.522639507,3,295
10853,290,-1.959672308,-0.881894034,5.548815670,-1.154387784,-0.790355381,5.647982902,3,295
10857,290,1.553705176,-1.604555318,7.428034634,2.581834734,-1.255568730,7.138533951,2,295
10859,290,-0.236601118,-1.173927497,6.606186026,0.691051731,-0.946908073,6.509455010,3,308
10860,290,2.127488927,-1.232807106,8.145527097,3.218475497,-0.814801955,7.757107430,2,292
10864,290,-0.035613362,-0.905196436,5.333189209,0.730702900,-0.760090134,5.206895913,3,300
10865,290,2.322318650,-1.032667727,7.888425987,3.373182376,-0.626162956,7.466252686,3,298
10866,290,-1.783372626,-0.271435815,5.401825266,-1.023104350,-0.185671081,5.441903913,2,291
10874,290,1.604334907,-1.473805403,6.504622544,2.518961826,-1.187427444,6.209151058,3,296
10875,290,-1.985358259,-1.311920559,7.215967725,-0.967225569,-1.104419066,7.330633449,2,293
10882,290,-0.905897937,-1.283871966,4.882588778,-0.168793214,-1.199809237,4.888485805,2,293
10887,290,1.549854382,-2.234796724,7.193635902,2.578157096,-1.900279987,6.947495489,4,293
10888,290,0.198699154,-1.733493758,5.617640054,1.032318434,-1.557815687,5.514390796,2,292
10893,291,1.166948249,-2.458591157,8.905995787,2.345212043,-2.029118186,8.755401431,4,294
10899,291,1.715186311,-1.917335439,9.035477649,2.883305941,-1.463603043,8.785993245,2,295
10906,291,1.650934270,-2.234107492,7.209407089,2.629863452,-1.909621025,7.003904187,3,293
10907,291,-1.499671061,-1.600439058,6.095462347,-0.646427266,-1.452327523,6.213003240,4,302
10908,291,1.180109247,-2.255175461,7.298562092,2.172921726,-1.938758697,7.146816510,3,293
10920,292,1.309878321,-1.380473984,7.019906342,2.175309156,-1.087572639,6.845090212,2,295
10922,292,-0.079390258,-1.008105779,4.923931153,0.568850678,-0.899738725,4.884007134,5,302
10923,292,-0.031840971,-0.654621689,4.352107311,0.546757398,-0.586916201,4.287476835,4,303
10925,292,1.440441161,-1.379956728,6.199095546,2.221566817,-1.142458972,6.017065450,2,295
10933,292,0.285816203,-1.440858333,5.103854183,0.963964467,-1.309512107,5.054282494,3,295
10935,292,1.623438074,-2.227323134,7.162061439,2.528310812,-1.914218001,7.011609129,2,293
10939,293,-0.462461246,-0.852306849,4.224717033,0.050376932,-0.774309500,4.211157034,7,303
10943,293,-0.356456164,-0.702066958,3.203029301,0.061664741,-0.696192751,3.176060284,6,302
10946,293,-2.084258747,-1.390948319,8.128746670,-1.205051581,-1.052281492,8.274214995,2,295
10949,293,-1.822711086,-1.100523738,7.099958692,-1.042114213,-0.832960485,7.208143689,3,297
10958,293,-1.506119933,-1.190522258,6.818144713,-0.750410139,-0.939004345,6.905799111,2,295
10969,294,-0.030131558,-1.024314632,4.311120118,0.363852006,-0.874242087,4.212370766,7,303
10970,294,0.115656315,-0.925711720,3.998616932,0.487523814,-0.798301646,3.884387210,6,303
10971,294,0.107003083,-0.839255809,3.541639336,0.448010260,-0.747498224,3.423696731,7,303
10972,294,0.293008861,-1.030725284,4.217199676,0.680342893,-0.883967167,4.098261967,4,299
10973,294,0.348463048,-1.427050435,5.659852492,0.835270909,-1.167020862,5.560203777,2,295
10974,294,0.073403049,-1.334007162,5.920274259,0.575982858,-1.057489734,5.830217090,2,295
10975,294,0.324630177,-0.911730544,3.721553576,0.677969857,-0.803221771,3.593981031,5,300
10976,294,0.067928298,-0.659624326,2.891340650,0.364110495,-0.619099324,2.765549907,4,303
10977,294,1.525201911,-1.231761824,5.329230231,1.984786021,-0.983590878,5.139333818,2,295
10980,294,0.030078827,-0.772356366,2.856820791,0.326053683,-0.734610667,2.742279223,2,295
10981,294,0.033407084,-1.006084630,4.240636448,0.422403086,-0.860739575,4.136694528,6,303
10988,294,0.139754938,-1.016746594,4.435587774,0.541239730,-0.855027491,4.324510360,2,295
10989,294,1.230831081,-2.026542908,7.175628580,1.823460136,-1.636949643,7.056262169,2,295
10991,295,-1.646755857,-1.490246135,5.381186330,-1.195053049,-1.201121959,5.413870893,2,297
10996,295,-0.863463799,-1.467947559,5.163550184,-0.427035540,-1.187470292,5.146715685,3,300
11004,295,-1.612829540,-1.410124195,7.350003820,-1.043121304,-0.942144019,7.361602907,2,297
11005,295,0.144482519,-0.734775861,2.866451185,0.424656565,-0.651493253,2.734764296,7,303
11006,295,-0.063187887,-0.905630521,3.490051311,0.258709875,-0.767990812,3.382904283,4,303
11010,295,0.033194190,-0.745673835,2.793872255,0.309401159,-0.670524712,2.670533821,5,302
11016,295,0.091223195,-0.687886434,2.715841397,0.361420144,-0.619234764,2.584168721,5,303
11017,295,0.703825756,-1.631082131,5.659696473,1.170444600,-1.282464747,5.556842290,2,296
11018,295,1.815396427,-2.449370238,8.517383938,2.469696180,-1.822001028,8.401558157,2,296
11022,295,1.567087100,-2.286058116,7.999044726,2.187144201,-1.709980767,7.887146114,2,296
11024,295,0.013473681,-0.831762275,3.276391179,0.320759989,-0.712732664,3.159117586,5,303
11025,295,0.147856101,-0.672271731,2.791079029,0.422199855,-0.596046858,2.654025389,7,303
11026,295,0.151549662,-0.785316223,3.032502051,0.442806434,-0.686646260,2.903915149,8,303
11027,295,0.112716886,-0.796154673,2.756597476,0.387498714,-0.723038113,2.633054520,2,296
11028,295,-2.074257027,-1.684221118,8.189322798,-1.447142256,-1.145495337,8.249249293,2,299
11029,295,0.086993845,-0.792803221,3.058895610,0.380135773,-0.692629084,2.934846082,6,303
11030,295,1.500829066,-1.362863322,4.988579510,1.919694881,-1.064899703,4.816002866,2,296
11031,295,-0.015254584,-0.801374625,3.050959810,0.277784617,-0.703346869,2.934099700,2,300
11037,295,0.110527843,-0.789713713,2.995263180,0.399692545,-0.694991997,2.869850470,7,302
11038,295,0.083137265,-0.814997207,3.201576203,0.385400461,-0.701833193,3.078904283,6,302
11039,295,1.583622724,-2.336934976,8.171176421,2.215119459,-1.744781478,8.061781443,2,296
11042,295,0.478538456,-1.017353775,3.670535894,0.812517844,-0.855111252,3.538567259,3,300
11048,295,-1.943454863,-2.090485611,7.396113348,-1.356746177,-1.620170033,7.489082366,2,297
11049,295,0.062865240,-0.913446209,3.451520584,0.382318381,-0.777468116,3.337448697,6,303
11051,295,0.188060622,-0.810149831,3.735364317,0.522457035,-0.647053752,3.602523293,5,302
11060,295,1.819823782,-1.443787384,5.141888570,2.248963251,-1.127003391,4.955772222,2,296
11063,295,1.613091862,-1.505914387,5.155325280,2.044705840,-1.190604480,4.987587433,2,296
11065,295,1.416885995,-1.089735637,3.836575747,1.760475407,-0.898695600,3.651621830,2,296
11069,295,-0.037090080,-0.746334454,7.618019834,0.532491542,-0.234299296,7.470250296,3,303
11071,295,1.379140583,-1.006731823,3.592027838,1.706293750,-0.838780419,3.403443369,2,296
11073,295,0.077821057,-0.828233176,3.086074585,0.373337847,-0.725573288,2.965612722,2,296
11077,296,-1.647195574,-1.505899270,6.496676031,-1.116228347,-1.104305658,6.515914387,3,303
11079,296,0.043349319,-0.783146581,2.911756463,0.330681033,-0.687110218,2.779022228,5,302
11080,296,0.029773761,-0.782208215,2.939816333,0.318864885,-0.683814940,2.807693685,5,302
11083,296,0.238173920,-0.915785081,4.878732043,0.650777312,-0.634541628,4.733329636,4,303
11084,296,0.126904956,-0.809130228,3.139691485,0.428857714,-0.690568409,3.002540569,5,302
11085,296,-0.075827854,-0.658196630,5.303795944,0.358193124,-0.344127148,5.152474201,5,310
11089,296,1.783181626,-2.030761889,8.401284553,2.437227307,-1.394035928,8.236237443,2,298
11090,296,0.119671497,-0.932493979,4.918795459,0.535411061,-0.649458692,4.782270398,2,298
11100,296,0.140102878,-1.082617148,4.079906830,0.506836217,-0.875934602,3.960941792,4,300
11104,296,0.424344104,-1.180786506,4.112315462,0.794681394,-0.965944107,3.983834152,4,300
11105,296,0.214328136,-0.966627585,3.466024405,0.539990030,-0.815823882,3.335560208,5,303
11106,296,2.057931472,-2.152854275,6.942718673,2.623119611,-1.645504301,6.780209915,2,297
11107,296,2.087369014,-2.072941518,6.811506601,2.642508970,-1.577551388,6.640654621,2,297
11109,296,-2.020180410,-2.531015010,8.969463485,-1.311063133,-1.903114211,9.090521554,2,298
11110,296,0.097135686,-0.805360200,3.040054153,0.392852923,-0.696498913,2.905090558,5,303
11111,296,2.099788844,-2.083872759,6.832747553,2.656472497,-1.586268811,6.661960694,2,297
11121,296,-1.835642848,-1.579290975,5.709553620,-1.351717996,-1.253097249,5.752457713,2,297
11125,296,1.849528543,-2.134938013,7.012160126,2.419104939,-1.624738628,6.860966889,2,297
11126,297,-1.307552720,-0.396207825,3.711472456,-0.991639141,-0.240779781,3.591802472,2,298
11128,297,-1.766922930,-1.806544034,7.569182654,-1.182604301,-1.294240090,7.583763252,3,301
11131,297,0.255841465,-0.610662849,2.886526656,0.523043861,-0.504151330,2.693415727,2,300
11132,297,0.308151012,-0.891692375,4.145986592,0.658452053,-0.666006955,3.967550961,5,303
11133,297,0.111846823,-0.511138602,3.453490442,0.411646659,-0.354859476,3.256789558,2,302
11134,297,0.186209024,-0.813753154,3.683871111,0.506813292,-0.633441447,3.508813277,5,303
11135,297,0.078875166,-0.884418748,5.124769919,0.489170802,-0.571749844,4.954007536,4,301
11139,297,0.222098527,-0.593145136,2.793343864,0.483290993,-0.495947774,2.601323925,4,303
11140,297,0.162890000,-0.751398692,3.741653091,0.485641451,-0.566396503,3.561986030,2,301
11143,297,-1.885284859,-0.380336779,3.711058508,-1.568533323,-0.234911780,3.626228548,2,301
11144,297,0.376293801,-1.217190504,5.419647187,0.811542025,-0.870541693,5.258880812,4,303
11145,297,0.317172863,-0.745395336,3.218754301,0.607579702,-0.606362366,3.032083983,3,303
11146,297,0.023495150,-0.460847087,3.291471316,0.312455069,-0.321359722,3.096713805,2,302
11158,297,0.110032386,-0.697947701,2.842336800,0.376844965,-0.597648551,2.666660748,7,303
11159,297,-1.573998036,-1.390837174,5.837212120,-1.105184512,-1.038012638,5.812292730,4,306
11168,298,0.077902369,-0.756153691,4.990576024,0.482489966,-0.442991125,4.813274090,2,302
11172,298,0.099052300,-0.819881923,5.566420214,0.540335317,-0.452591149,5.390046916,2,303
11174,298,0.131167442,-1.586011526,7.605251436,0.714294645,-1.025355537,7.484443681,2,302
11175,298,-1.931764853,-1.322722081,8.315501199,-1.306419884,-0.730503519,8.296380128,2,299
11176,298,0.110383632,-1.066918045,4.901115485,0.516212683,-0.760159047,4.750824175,4,303
11177,298,0.143140752,-0.648921590,2.989319749,0.422404725,-0.521127450,2.810509518,4,303
11178,298,0.135980717,-0.953985772,3.592126051,0.458937290,-0.768939213,3.438001001,4,303
11180,298,-1.294920347,-0.789193341,6.282512564,-0.807391976,-0.377976681,6.186886680,2,300
11181,298,0.183145448,-0.530050188,2.507218998,0.430131124,-0.446934186,2.317977710,2,303
11182,298,0.119775433,-0.760856492,2.887960143,0.395317465,-0.642357801,2.721522934,5,303
11186,298,0.195080595,-0.593521558,3.429763743,0.500056287,-0.424214133,3.239853049,2,303
11189,298,1.992739018,-2.170066195,7.086617803,2.552858449,-1.624985810,6.905068060,2,299
11191,299,-1.701042574,-1.784666902,7.180251359,-1.131979161,-1.274962500,7.214644741,3,303
11193,299,0.050797760,-0.688346166,2.588237626,0.306876181,-0.580787125,2.439158411,4,303
11197,299,-1.648069605,-1.332351480,7.298257192,-1.082182726,-0.812792260,7.287030773,2,300
11199,299,-0.229425693,-1.059961828,4.074078327,0.127687843,-0.817307359,3.967652993,3,303
11202,299,-0.699818206,-1.363405006,5.069649783,-0.273144460,-1.034816437,5.014807552,2,300
11203,299,0.070500062,-0.728378486,2.778257374,0.339206974,-0.602627107,2.630406958,3,303
11206,299,0.081883008,-1.262953367,4.517307694,0.470385979,-0.972839163,4.406900975,4,302
11208,299,0.075807980,-0.732568482,2.726433629,0.341393550,-0.611528437,2.578953913,3,301
11209,299,0.242650342,-0.961785433,3.496460189,0.560756031,-0.765236803,3.354564335,5,303
11210,299,0.082031393,-0.696671676,2.678731225,0.343830328,-0.580123638,2.527859573,4,303
11212,299,0.025962019,-0.863607584,3.318091308,0.331257059,-0.687793943,3.182108536,4,302
11213,299,-0.003753314,-0.690702334,2.666985864,0.257369168,-0.576739407,2.521105514,4,303
11214,299,-0.028068923,-0.722038317,2.819113260,0.243234741,-0.594199015,2.676705377,4,303
11219,299,0.091547651,-0.882202116,3.198163722,0.389707192,-0.716340539,3.060459321,5,303
11222,299,0.068414702,-0.863125570,3.205179568,0.366621646,-0.697092132,3.067154574,4,302
11223,299,0.293357370,-0.500655376,3.589418906,0.606540163,-0.296660122,3.401395541,2,300
11227,299,-1.930551169,-1.339376429,4.638626328,-1.528409947,-1.072019684,4.662690108,2,300
11229,299,0.385609783,-1.064832533,4.228570961,0.751052096,-0.797276020,4.082440139,5,304
11234,300,0.408387716,-1.791633137,8.041464561,1.006266955,-1.142640151,7.879629916,2,301
11237,300,0.035519288,-0.730578805,2.690625177,0.283521664,-0.596825782,2.487406330,4,303
11238,300,1.950618389,-1.936734212,8.083687550,2.551068305,-1.257411725,7.838050744,2,301
11243,300,0.048341444,-0.767165010,2.770713920,0.302030645,-0.625484533,2.569584543,3,303
11246,300,0.248030925,-0.789001182,4.224779727,0.590598764,-0.506891109,4.003922062,3,302
11247,300,0.119141411,-0.323080442,2.149064928,0.324729673,-0.240830708,1.906110807,2,301
11248,300,0.190816941,-1.114064615,5.529199258,0.620483771,-0.708512231,5.333924242,2,303
11251,301,0.073371374,-0.808268231,2.856641287,0.349816591,-0.647965688,2.638220023,3,303
11253,301,0.037448886,-1.235519748,4.593129744,0.431288983,-0.910812463,4.405562736,3,303
11255,301,0.302993436,-1.273078336,5.481486730,0.752239982,-0.860437254,5.274789682,3,303
11257,301,0.179300387,-0.794039661,3.773459107,0.512112738,-0.545981646,3.541125078,2,303
11262,301,0.205511708,-0.912175817,4.634194593,0.594331956,-0.582331551,4.405663941,2,303
11263,301,-0.058307551,-0.752803169,2.800184477,0.213684021,-0.600211394,2.585394508,3,303
11264,301,0.001663678,-0.385989900,2.444167323,0.243252099,-0.267513980,2.193814509,2,302
11269,301,0.199569415,-0.926071626,4.332309903,0.569971586,-0.624606995,4.107365216,2,303
11270,301,1.645261332,-2.190232426,7.439598491,2.233573578,-1.567568698,7.219699012,2,302
11271,301,0.253180299,-0.800583090,2.822580093,0.526948329,-0.640568010,2.592175510,3,303
11272,302,-0.692453984,-0.437054788,3.338504337,-0.410852525,-0.230517323,3.099623522,2,307
11273,302,0.085447085,0.101686973,3.467906648,0.360968309,0.331280097,3.127801077,2,305
11274,302,0.029063230,-0.698141053,2.701124604,0.275253670,-0.538372493,2.444269010,2,303
11275,302,-0.100319744,-0.837155272,2.985320509,0.167130120,-0.652059457,2.747941188,2,303
11278,302,0.106254034,-0.771936019,2.578456188,0.346310090,-0.622114235,2.324310837,2,303
11279,302,0.041303454,-0.796334723,2.820311867,0.297183097,-0.624621856,2.571066374,2,303
11280,302,0.063637347,-0.701648490,2.851293365,0.319217445,-0.527060431,2.591569900,2,303
11283,302,0.096564882,-0.735598502,2.714180251,0.344286168,-0.573266091,2.456390657,2,303
11284,302,0.018385014,-0.717766375,6.282453782,0.488884316,-0.219155793,6.005010577,2,303
11285,302,0.929301335,-0.709131683,3.847533265,1.245395287,-0.425418094,3.526335924,3,306
11287,302,0.021885721,-0.612839997,2.644207501,0.262565256,-0.458976192,2.380217664,2,303
11291,302,1.778345600,-2.379282268,8.184865235,2.402197622,-1.662822554,7.936932971,2,303
11302,303,0.725841695,-0.779535274,6.234288822,1.187291823,-0.277782883,5.922892613,2,304
11318,303,0.066056614,-1.015446377,6.552700823,0.554362444,-0.494608423,6.303344569,2,304
11355,305,0.442787147,-0.926618339,5.651633761,0.893645162,-0.477478035,5.376314524,2,306
11378,306,-0.829593855,-0.876839488,8.022473742,-0.438800578,-0.985331175,8.114598905,2,307
11388,306,-0.787098675,-1.082278960,9.153799723,-0.335203688,-1.208052469,9.238686359,2,308
11391,306,1.654514057,-2.223510208,7.203621066,2.035391237,-2.252415670,7.151424158,2,308
11396,306,1.950755692,-2.163962784,7.070076806,2.323051805,-2.182896318,7.004599336,3,308
11418,308,-0.609645237,0.264568974,3.047089216,-0.496644623,0.235383582,3.148601252,1,308
11419,308,-0.694449620,-0.929380951,8.300566118,-0.298988323,-1.047482646,8.378028945,4,312
11420,308,0.521540083,0.248305522,3.481888357,0.654148028,0.241516744,3.528777103,1,308
11421,308,1.496688676,0.813041028,9.579330725,1.906099356,0.730217577,9.582076516,1,308
11422,308,-1.177724925,-0.409474761,4.772877625,-0.963993331,-0.481875693,4.887140707,2,310
11423,308,-1.731422479,1.181341109,4.974702030,-1.547525055,1.090328308,5.143411098,1,308
11424,308,0.054282697,1.668674496,6.954235510,0.318171783,1.591288941,7.044201291,1,308
11425,308,-0.933620629,0.405372548,4.701952182,-0.744311493,0.340148154,4.819242638,1,308
11426,308,-0.785292259,-0.646842875,7.887063430,-0.416700644,-0.760589359,7.974419389,1,308
11427,308,-1.226372260,1.901510104,8.777487990,-0.879018909,1.760200523,8.930134075,1,308
11428,308,-1.752903489,-1.495447713,5.333911781,-1.483871796,-1.591703196,5.455415511,1,308
11429,308,-0.430665418,-0.993565012,9.693517576,0.032868945,-1.127870219,9.755499110,1,308
11430,308,0.331722840,-0.066171949,2.960238930,0.447554811,-0.069112903,3.011212368,1,308
11431,308,2.097012965,-2.093043680,6.810307839,2.446361223,-2.112756331,6.736233618,1,308
11432,308,-2.189336595,-2.610481202,9.215775023,-1.705137569,-2.782110572,9.333121986,1,308
11433,308,2.130756494,-2.066783549,7.117734207,2.494139682,-2.090732441,7.042127977,1,308
11434,308,1.746124258,-2.161060179,7.209930077,2.116888125,-2.196564024,7.150806664,1,308
11435,308,1.979715495,-2.183171812,6.980834653,2.339703669,-2.208744471,6.910508154,1,308
11436,308,2.064871345,-2.128906097,7.111097767,2.429608261,-2.154439592,7.037523547,1,308
11437,309,0.209758690,-0.668274250,4.314269659,0.427045368,-0.714651855,4.401538346,1,309
11438,309,0.565982179,-0.112091972,2.859775018,0.696373109,-0.125230365,2.941458404,1,309
11439,309,-1.344064354,-0.286645236,5.294372220,-1.085536132,-0.390529593,5.463446887,2,310
11440,309,2.189772874,0.314953796,4.089957310,2.367691360,0.324170236,4.097809209,1,309
11441,309,-3.272702314,-0.926051470,7.678604707,-2.876607595,-1.120112892,7.927756220,1,309
11442,309,-0.835557996,-1.243357166,8.172732832,-0.410642041,-1.381002747,8.295816415,1,309
11443,309,0.459283591,-0.501405761,6.562304195,0.783357011,-0.578499993,6.637219836,1,309
11444,309,0.886056925,-0.210359419,2.639369285,1.007537708,-0.211335705,2.703875818,1,309
11445,309,0.071336014,-1.054902422,7.214289447,0.442501537,-1.152784314,7.297493802,1,309
11446,309,-0.091590853,-1.079263681,7.804640040,0.309718492,-1.191219803,7.894606718,1,309
11447,309,-3.381780334,2.006520248,9.104558455,-2.989878095,1.784528937,9.409459504,1,309
11448,309,-0.916809044,-1.230535386,9.860218086,-0.408437773,-1.398285082,9.985215443,1,309
11449,309,1.761218523,0.330424738,3.182266203,1.894409859,0.343335210,3.212688510,1,309
11450,309,0.123782720,-0.578110850,4.859880275,0.365944333,-0.635842616,4.952236100,1,309
11451,309,0.096388879,-0.154056853,1.111470769,0.141913232,-0.150635601,1.217864633,1,309
11452,309,0.044743521,-0.560303990,4.324239463,0.260018167,-0.611262792,4.421528236,1,309
11453,309,1.757756210,-2.226441335,7.203444055,2.155740811,-2.278979138,7.182905257,1,309
11454,309,1.745907871,-2.154977790,7.238178556,2.143803905,-2.208438992,7.219449819,1,309
11455,309,1.687078499,-2.252606242,7.275023693,2.089391381,-2.308185791,7.257392238,1,309
11456,309,1.723123443,-2.632006336,8.852829469,2.213309809,-2.712580778,8.824499016,1,309
11457,309,1.933979469,-2.149805149,6.983277389,2.318813487,-2.194073831,6.955750036,1,309
11458,310,-0.843407658,-0.184741298,3.181814035,-0.699016193,-0.238948597,3.339775347,1,310
11459,310,0.916135251,1.338054841,6.391188757,1.177547256,1.276577130,6.485673760,1,310
11460,310,0.305442478,0.832958733,7.037875063,0.612795750,0.744795940,7.152408656,1,310
11461,310,-1.364968891,-0.216068851,5.070219611,-1.125474631,-0.315420060,5.250630776,2,312
11462,310,-1.324949696,-0.526199077,5.776912702,-1.042565219,-0.636055866,5.948854327,1,310
11463,310,-1.118837116,-0.363780691,4.529599999,-0.902694714,-0.447561624,4.696034600,1,310
11464,310,-1.357245775,-0.505478376,5.591347223,-1.084529831,-0.613125095,5.765496528,1,310
11465,310,0.292365858,0.822608354,7.018991531,0.599070558,0.734416731,7.134007371,1,310
11466,310,-4.832556087,-1.212887618,9.538135971,-4.340869646,-1.477876376,9.864741246,1,310
11467,310,-1.587574762,0.183829044,7.079794784,-1.258522992,0.045047641,7.275532069,1,310
11468,310,-1.422575537,-0.523785853,5.678395231,-1.144978231,-0.634601062,5.855303382,1,310
11469,310,-1.112903565,-0.373801444,4.552734835,-0.895367661,-0.457803652,4.718667724,1,310
11470,310,-2.096227642,-0.209244765,6.838833648,-1.768214630,-0.357337430,7.052826594,2,311
11471,310,-1.416506325,-0.517119188,5.603531458,-1.142795891,-0.626535062,5.780363131,1,310
11472,310,-1.419275622,-0.571163067,5.616027438,-1.143553837,-0.680833198,5.792012054,1,310
11473,310,-1.396713379,-0.505556950,5.464052144,-1.130235763,-0.612140087,5.640309737,1,310
11474,310,-0.961626056,-0.315266802,4.103630946,-0.768062453,-0.387834898,4.263801535,2,312
11475,310,-1.225759987,-0.507386495,5.047131399,-0.980141267,-0.602517464,5.215538782,1,310
11476,310,-1.233287200,-0.458452138,5.129725301,-0.984825082,-0.555176567,5.299263834,1,310
11477,310,-0.738242574,-1.273405517,9.802008582,-0.238311519,-1.434076018,9.926325807,1,310
11478,310,-1.362357172,-0.460925161,5.421650643,-1.099178755,-0.565915157,5.597078372,1,310
11479,310,-0.608433947,-0.432445221,5.748653681,-0.330972371,-0.522862698,5.887160707,1,310
11480,310,-0.967098890,-0.178123626,3.695470162,-0.797256192,-0.244135318,3.858916880,1,310
11481,310,-1.114041099,-0.373682866,4.570347832,-0.895634534,-0.458007411,4.736314621,1,310
11482,310,-1.006224598,-0.185139434,3.894069372,-0.826309042,-0.255479617,4.059039162,1,310
11483,310,-0.545554997,-0.087065462,2.053009565,-0.460018344,-0.114695686,2.199644850,1,310
11484,310,0.436976330,0.550182482,6.503026479,0.724911719,0.474518947,6.606783394,1,310
11485,310,-1.401258885,-0.559511506,5.538621921,-1.129696465,-0.667425500,5.714036529,1,310
11486,310,0.271466370,0.940994643,9.428995338,0.694470167,0.812223478,9.543865350,1,310
11487,310,-1.234278984,-0.419787776,4.929857949,-0.996703131,-0.513242918,5.100408721,1,310
11488,310,-1.438394069,-0.538062343,5.695530716,-1.159557070,-0.649574559,5.872936329,1,310
11489,310,-0.720200716,-1.319924463,9.704156373,-0.223946846,-1.478470585,9.826890630,1,310
11490,310,-2.530143956,-1.814201325,6.285326188,-2.187624671,-1.963844918,6.492676309,1,310
11491,310,-1.225603718,-0.268169972,4.605894993,-1.007974417,-0.356096619,4.779171714,2,311
11492,310,-1.427828856,-0.584790441,5.646907842,-1.150214917,-0.695193015,5.823026376,1,310
11493,310,-1.396349653,-0.519213737,5.515446538,-1.126977456,-0.626632842,5.691372124,1,310
11494,310,-1.172523812,0.836889095,4.348025092,-0.996132763,0.754106369,4.538799078,1,310
11495,310,-1.936104471,0.997929863,3.669565816,-1.796249409,0.906053932,3.901600655,1,310
11496,311,-0.859359875,-0.149054630,3.195059162,-0.718899567,-0.196505153,3.338750708,1,311
11497,311,-0.135892344,0.225205295,1.133093911,-0.108792347,0.231026761,1.250650590,1,311
11498,311,-0.056626729,-0.315424499,2.452411357,0.049919332,-0.329096713,2.554580969,1,311
11499,311,-1.998926312,-0.027040300,6.737031202,-1.683625714,-0.163627470,6.934204449,1,311
11500,311,-2.423463532,-0.476016556,6.629224141,-2.101281478,-0.621905135,6.839446147,1,311
11501,311,-1.868454747,-0.020888988,6.249986368,-1.577745911,-0.145929237,6.441508217,1,311
11502,311,-0.265691704,-0.860459472,8.356111713,0.148918305,-0.977303791,8.450721737,1,311
11503,311,0.086393006,-0.938782380,8.418852494,0.505590601,-1.047248692,8.494620611,1,311
11504,311,-0.459906749,-0.888639349,8.991891976,-0.012637920,-1.021183594,9.094697110,1,311
11505,311,-3.513099319,-1.959565727,6.785631998,-3.143169779,-2.136344698,7.022829050,1,311
11506,311,-0.614016600,-1.007474158,9.823562337,-0.122069706,-1.157852735,9.930695541,1,311
11507,311,1.716524429,-2.089059873,7.123841346,2.098401737,-2.132064465,7.100472821,1,311
11508,311,1.734781621,-2.169160043,7.095218338,2.117271869,-2.211164313,7.069557275,1,311
11509,311,1.668694832,-2.550442164,8.629864576,2.137462104,-2.619460469,8.598533794,1,311
11510,311,1.747792445,-2.185743042,7.136653203,2.132751054,-2.228079441,7.109997337,1,311
11511,311,0.500057599,-1.377515989,4.680264586,0.743941577,-1.412768287,4.732941551,1,311
11512,311,1.688301506,-2.217909361,7.168147372,2.075749708,-2.262336871,7.143805646,1,311
11513,311,1.622084453,-2.686274471,8.884031966,2.107071175,-2.760681159,8.852220832,1,311
11514,311,1.640166413,-2.577218293,8.413685446,2.098915072,-2.643399616,8.383579633,1,311
11515,312,1.928218849,0.838031436,8.845871749,2.317017413,0.781900727,8.861420771,1,312
11516,312,1.812521851,0.800618560,9.823912765,2.251217317,0.725228997,9.843158216,1,312
11517,312,-0.634153330,-0.166164481,2.878076765,-0.512919517,-0.191157153,3.010493244,1,312
11518,312,-0.585799291,-0.966269583,9.581964851,-0.109873477,-1.100610968,9.688447228,1,312
11519,312,-0.242940299,0.059297023,1.465537070,-0.198539053,0.067999279,1.584606929,1,312
11520,312,-0.768545505,-0.956363642,9.292158691,-0.307032511,-1.090773645,9.408244695,1,312
11521,312,-2.382466218,-0.397773571,6.730751950,-2.060473891,-0.532988163,6.940070044,1,312
11522,312,1.991694557,0.911846020,9.209462872,2.396615161,0.851346596,9.222693152,1,312
11523,312,-2.415794193,-0.362271799,6.670061361,-2.097688990,-0.497385655,6.881743590,1,312
11524,312,-2.036970234,-0.155788041,9.855603801,-1.565995519,-0.333680073,10.047865242,1,312
11525,312,-0.101865055,-0.023943547,0.651909154,-0.096097586,0.002029266,0.763646939,1,312
11526,312,-0.993371310,-0.291386086,3.870126754,-0.818896879,-0.342307367,4.016680431,1,312
11527,312,-0.567568808,0.126303714,3.053377548,-0.445235463,0.100036051,3.187487298,1,312
11528,312,1.743522035,-2.130798518,7.106167001,2.122367618,-2.161573010,7.080210330,1,312
11529,312,1.656456306,-2.230625717,7.194319193,2.042404428,-2.265128220,7.170758253,1,312
11530,312,2.080545914,-2.096503325,7.080555266,2.456700569,-2.117901183,7.038599447,1,312
11531,312,1.736244973,-2.215098200,7.244264619,2.124156996,-2.248312084,7.216970979,1,312
11532,312,-3.542676309,-1.965738792,6.619979697,-3.183989435,-2.129225280,6.858751110,1,312
11533,312,1.739636746,-2.227628994,7.189991843,2.125160946,-2.259847597,7.162381756,1,312
11534,312,-0.413260801,-1.032526270,9.249877547,0.047546829,-1.156743304,9.347112400,1,312
11535,312,1.751092772,-2.059285083,6.829516938,2.114294590,-2.085311399,6.804845594,1,312
11536,312,-0.502892881,0.423664722,7.821071690,-0.150672864,0.320010369,7.950717100,1,312
11537,312,-2.154209392,-2.548358398,9.075710147,-1.660295223,-2.715278359,9.232102277,1,312
11538,312,-1.805767257,-2.549427824,8.544648179,-1.338845486,-2.698278708,8.684543187,1,312
11539,312,1.624133820,-1.996343310,7.086801987,1.998738853,-2.030040464,7.069170836,1,312
11540,312,-3.594452129,-1.957609859,6.659627400,-3.233916823,-2.123134904,6.901046720,1,312
11541,312,-1.268224677,-1.044893974,4.803777409,-1.027369773,-1.118222705,4.949159116,1,312
11542,312,1.758591789,-2.217740244,7.096666429,2.139179559,-2.247913610,7.068425530,1,312
11543,312,2.031679994,-2.122100440,6.850245490,2.397091062,-2.140971848,6.810564067,1,312
11544,312,-2.121060400,-2.219341885,7.738169701,-1.702343792,-2.363389187,7.900647773,1,312
11545,312,1.971497840,-2.156216628,7.076432830,2.349156915,-2.180418994,7.038802449,1,312
11546,312,1.724593590,-2.263104138,7.264142673,2.114751359,-2.296933730,7.236539610,1,312
11547,312,1.672282638,-2.224092718,7.194759584,2.058059501,-2.258184535,7.170532999,1,312
11548,312,2.121587395,-2.058624761,7.083470056,2.496846993,-2.078997259,7.040159592,1,312
11549,312,2.037107418,-2.142243075,7.050611331,2.413016116,-2.164278571,7.010025447,1,312
11550,312,-2.145933953,-2.294380601,7.832764045,-1.720530177,-2.440619652,7.994999791,1,312
11551,312,1.772963615,-2.237329073,7.219136962,2.160137929,-2.269138669,7.189667218,1,312
11552,312,-3.589543201,-2.006685260,6.981735246,-3.211695893,-2.177390247,7.221590859,1,312
11553,312,1.777020534,-2.209778407,7.196768979,2.162363850,-2.241123119,7.167621841,1,312
11554,312,1.632379583,-2.259062148,7.353300530,2.027022617,-2.296824462,7.330201449,1,312
11555,312,1.712470841,-2.158445175,7.198923191,2.096700953,-2.191568668,7.173878402,1,312
11556,312,-3.634037173,-1.975838598,6.861272395,-3.262918869,-2.145747786,7.104043039,1,312
