timestamp,vx_camera,vy_camera,vz_camera,speed
1750921983.146057129,0.068078329,-0.322875785,-1.477790037,1.514181899
1750921983.158057213,-0.168154324,-0.474597390,-1.627665324,1.703764352
1750921983.170057297,-0.299509073,-0.498550276,-1.777330695,1.870070176
1750921983.182057381,-0.204491580,-0.468576913,-1.808754943,1.879621125
1750921983.194057465,-0.170028477,-0.371352282,-1.761365886,1.808098998
1750921983.206057549,-0.112627215,-0.210617996,-1.682243919,1.699114309
1750921983.218057632,-0.128935741,-0.267309947,-1.690586549,1.716438730
1750921983.230057716,-0.230415855,-0.222225247,-1.617968186,1.649332161
1750921983.242057800,-0.032056241,-0.157849517,-1.673057950,1.680793556
1750921983.254057884,-0.019599828,-0.173854866,-1.694247401,1.703256857
1750921983.266057968,-0.220872613,-0.240665190,-1.666814436,1.698521360
1750921983.278058052,-0.194509234,-0.211982430,-1.718373921,1.742291401
1750921983.290058136,-0.198224032,-0.231601131,-1.713092028,1.740004640
1750921983.302058220,-0.206881231,-0.261740653,-1.769345648,1.800525488
1750921983.314058304,-0.154100751,-0.188177018,-1.777974531,1.794533662
1750921983.326058388,-0.262991885,-0.174835344,-1.692002525,1.721221855
1750921983.338058472,-0.201347842,-0.167904549,-1.666210040,1.686709456
1750921983.350058556,-0.114267473,-0.333957995,-1.720609802,1.756440459
1750921983.362058640,-0.189200764,-0.321108353,-1.705811787,1.746053080
1750921983.374058723,-0.153357064,-0.087357852,-1.634790032,1.644289583
1750921983.386058807,-0.179791657,-0.096045258,-1.543650324,1.557050434
1750921983.398058891,-0.151584948,-0.179696808,-1.583930917,1.601282639
1750921983.410058975,-0.214685640,-0.205410908,-1.696085818,1.721914825
1750921983.422059059,-0.231617212,-0.128532028,-1.656071240,1.677122228
1750921983.434059143,-0.211116175,-0.046195491,-1.650787800,1.664873696
1750921983.446059227,-0.064562194,-0.091490186,-1.725635979,1.729265238
1750921983.458059311,-0.018366181,-0.148380496,-1.725166157,1.731632859
1750921983.470059395,-0.161338742,-0.112176179,-1.684990884,1.696410317
1750921983.482059479,-0.224048432,-0.002045240,-1.644520521,1.659713719
1750921983.494059563,-0.144611713,-0.052534014,-1.713286251,1.720180848
1750921983.506059647,-0.090987454,-0.150348189,-1.724368346,1.733300172
1750921983.518059731,-0.120738466,-0.090696289,-1.594241084,1.601376979
1750921983.530059814,-0.146266921,-0.091326587,-1.634525898,1.643596504
1750921983.542059898,-0.162970341,-0.230424085,-1.693689370,1.717043468
1750921983.554059982,-0.067827660,-0.162291300,-1.645898286,1.655270439
1750921983.566060066,-0.109165116,-0.051461466,-1.597938662,1.602489710
1750921983.578060150,-0.147199296,-0.031133106,-1.615143232,1.622135803
1750921983.590060234,-0.070014665,0.086503463,-1.745844464,1.749387835
1750921983.602060318,-0.077169784,0.095862041,-1.654319334,1.658890341
1750921983.614060402,0.018387670,-0.060527884,-1.569888625,1.571162635
1750921983.626060486,0.570733755,0.263801399,-1.809457242,1.915584430
1750921983.638060570,0.634860214,0.511256188,-1.837397723,2.010089743
1750921983.650060654,-0.026686147,0.303470883,-1.686399350,1.713694691
1750921983.662060738,-0.149371416,0.083450547,-1.706825328,1.715379991
1750921983.674060822,-0.081246348,0.018026605,-1.726369191,1.728373950
1750921983.686060905,-0.128650013,0.082300814,-1.650424095,1.657475171
1750921983.698060989,-0.176512804,-0.023350183,-1.620795281,1.630545720
1750921983.710061073,-0.242127083,-0.040634891,-1.606141427,1.624797527
1750921983.722061157,-0.163621494,-0.046880424,-1.585801793,1.594909745
1750921983.734061241,-0.119558818,-0.049671537,-1.609231893,1.614431435
1750921983.746061325,-0.135545819,-0.092109713,-1.613354796,1.621656735
1750921983.758061409,-0.186613185,-0.158364808,-1.591041912,1.609757205
1750921983.770061493,-0.221875287,-0.106447409,-1.624738453,1.643269526
1750921983.782061577,-0.205055566,0.015113256,-1.545568293,1.559184898
1750921983.794061661,-0.201784113,-0.028632922,-1.491015360,1.504879888
1750921983.806061745,-0.239350108,-0.074096781,-1.507018985,1.527705806
1750921983.818061829,-0.231863937,-0.095042498,-1.581348236,1.601079700
1750921983.830061913,-0.190491465,-0.170407234,-1.704741913,1.723795409
1750921983.842061996,-0.191931099,-0.153780524,-1.693234189,1.711002050
1750921983.854062080,-0.223876238,-0.062450612,-1.565929080,1.583083868
1750921983.866062164,-0.239236744,-0.110602918,-1.538095703,1.560514536
1750921983.878062248,-0.242606326,-0.175042168,-1.609216058,1.636787681
1750921983.890062332,-0.235448224,-0.140638254,-1.665116915,1.687551281
1750921983.902062416,-0.213518418,-0.118170006,-1.696688074,1.714148385
1750921983.914062500,-0.156171474,-0.036589394,-1.633668054,1.641523568
1750921983.926062584,-0.066708718,0.006812801,-1.619932247,1.621319510
1750921983.938062668,-0.045535951,-0.047046215,-1.727966269,1.729206262
1750921983.950062752,-0.138607828,-0.049587691,-1.726027585,1.732293939
1750921983.962062836,-0.170348767,-0.049703255,-1.705890328,1.715095020
1750921983.974062920,-0.157921816,-0.166112181,-1.771827412,1.786590310
1750921983.986063004,-0.221269263,-0.186806456,-1.675330246,1.700172983
1750921983.998063087,-0.217718379,-0.190913583,-1.610695858,1.636517777
1750921984.010063171,-0.139025512,-0.246811373,-1.734579582,1.757558042
1750921984.022063255,-0.109098202,-0.215288229,-1.769452823,1.785837263
1750921984.034063339,-0.106519795,-0.163867123,-1.778687727,1.789393454
1750921984.046063423,-0.135135870,-0.079113953,-1.770961900,1.777871416
1750921984.058063507,-0.235564049,-0.097329292,-1.728031987,1.746727786
1750921984.070063591,-0.216759412,-0.237863058,-1.722006481,1.751818997
1750921984.082063675,-0.147054673,-0.324637710,-1.674390421,1.711898946
1750921984.094063759,-0.197055463,-0.297890982,-1.627064489,1.665805735
1750921984.106063843,-0.221393603,-0.134416211,-1.650821083,1.671015588
1750921984.118063927,-0.166674112,-0.050673281,-1.679029269,1.688042455
1750921984.130064011,-0.091107938,-0.107172672,-1.659190336,1.665142399
1750921984.142064095,-0.108663956,-0.103116140,-1.633545506,1.640399864
1750921984.154064178,-0.188587549,-0.238828320,-1.668562908,1.696085613
1750921984.166064262,-0.148592756,-0.124591201,-1.730326277,1.741158178
1750921984.178064346,-0.236467271,0.054178997,-1.703475405,1.720662834
1750921984.190064430,-0.315657204,-0.043159007,-1.596625715,1.628101915
1750921984.202064514,-0.234275370,-0.076437591,-1.669924314,1.688009143
1750921984.214064598,-0.178471568,-0.138395465,-1.738092970,1.752704361
1750921984.226064682,-0.143822181,-0.149545224,-1.704060893,1.716645601
1750921984.238064766,-0.155646040,-0.158819976,-1.746291881,1.760393368
1750921984.250064850,-0.228275619,-0.132206717,-1.696040746,1.716433100
1750921984.262064934,-0.296385096,-0.162292557,-1.653952255,1.688117609
1750921984.274065018,-0.257794547,-0.204221622,-1.695907260,1.727502803
1750921984.286065102,-0.170701810,-0.189274858,-1.723765163,1.742506934
1750921984.298065186,-0.181471240,-0.150184372,-1.710037732,1.726185448
1750921984.310065269,-0.217358872,-0.108692019,-1.698755740,1.716050669
1750921984.322065353,-0.246509096,-0.089448070,-1.643063314,1.663858391
1750921984.334065437,-0.273171481,-0.090293992,-1.588318893,1.614166215
1750921984.346065521,-0.295738725,-0.156994372,-1.572751359,1.607997345
1750921984.358065605,-0.248575542,-0.180619798,-1.640788575,1.669311373
1750921984.370065689,-0.196701599,-0.132304311,-1.662454819,1.679271263
1750921984.382065773,-0.120254803,-0.102208841,-1.718918631,1.726148640
1750921984.394065857,-0.073542014,-0.171157736,-1.821896508,1.831395720
1750921984.406065941,-0.153713559,-0.167390773,-1.717619498,1.732588893
1750921984.418066025,-0.192260109,-0.144365939,-1.655680642,1.673046282
1750921984.430066109,-0.213585725,-0.107402893,-1.640560555,1.657888168
1750921984.442066193,-0.100910302,-0.270476597,-1.886738711,1.908696792
1750921984.454066277,-0.095665387,-0.294394981,-1.850939839,1.876645560
1750921984.466066360,-0.223569056,-0.096632065,-1.604317866,1.622700432
1750921984.478066444,-0.188006270,-0.093816922,-1.632370471,1.645837576
1750921984.490066528,-0.104652240,-0.130720615,-1.670694927,1.679065666
1750921984.502066612,-0.105376987,-0.147269644,-1.707130954,1.716708697
1750921984.514066696,-0.189628898,-0.273226330,-1.826588387,1.856619746
1750921984.526066780,-0.197119060,-0.341759758,-1.930425098,1.970329088
1750921984.538066864,-0.224153800,-0.139313556,-1.780970610,1.800419259
1750921984.550066948,-0.205093759,-0.035133198,-1.642516646,1.655644505
1750921984.562067032,-0.127818901,-0.043220244,-1.609350523,1.614996832
1750921984.574067116,-0.254912012,0.034578828,-1.540502017,1.561832992
1750921984.586067200,-0.302583937,-0.077841332,-1.553789842,1.584890907
1750921984.598067284,-0.102093173,-0.210662662,-1.679881793,1.696114563
1750921984.610067368,0.050733637,-0.327951272,-1.911914599,1.940500805
1750921984.622067451,0.125595123,-0.168137232,-1.925267959,1.936672656
1750921984.634067535,-0.075061316,-0.013643882,-1.778691480,1.780326863
1750921984.646067619,0.416091362,-0.440302211,-2.261414959,2.341152639
1750921984.658067703,0.510330941,-0.628832495,-2.372777210,2.507177629
1750921984.670067787,0.102734329,-0.390697132,-2.001397860,2.041761981
1750921984.682067871,0.289535777,-0.188953440,-1.846439908,1.878529931
1750921984.694067955,0.238772674,-0.269457668,-1.944839323,1.977882660
1750921984.706068039,0.679103938,-0.404826304,-2.165001433,2.304842229
1750921984.718068123,0.621390317,-0.337622000,-2.005124168,2.126179077
1750921984.730068207,0.332975296,-0.494175758,-1.967643252,2.055894500
1750921984.742068291,0.281330890,-0.519900425,-1.918008602,2.007037747
1750921984.754068375,0.077277578,-0.177019915,-1.757966785,1.768546039
1750921984.766068459,0.336598610,-0.001874638,-1.604356537,1.639287051
1750921984.778068542,0.550144895,-0.097540391,-1.596766350,1.691696282
1750921984.790068626,0.784789040,-0.628890475,-1.945191858,2.189787302
1750921984.802068710,1.222434624,-0.455435612,-1.962967168,2.356906470
1750921984.814068794,1.415004612,-0.009670188,-1.842468119,2.323148797
1750921984.826068878,0.586370835,-0.084505016,-1.746885742,1.844608807
1750921984.838068962,-0.093162271,-0.091649703,-1.666786318,1.671901763
1750921984.850069046,-0.082792562,-0.114036295,-1.696701919,1.702544063
1750921984.862069130,-0.158804646,-0.072128004,-1.689727820,1.698705822
1750921984.874069214,-0.226119821,-0.009870239,-1.634834658,1.650427809
1750921984.886069298,-0.238454053,-0.090667425,-1.690466614,1.709607642
1750921984.898069382,-0.119881777,-0.118290188,-1.746852169,1.754952053
1750921984.910069466,-0.119413971,-0.016532232,-1.607323886,1.611838418
1750921984.922069550,-0.073187324,0.132211855,-1.572706030,1.579949561
1750921984.934069633,-0.151512083,-0.016075950,-1.645599620,1.652638030
1750921984.946069717,-0.229571988,-0.263436955,-1.741513564,1.776224034
1750921984.958069801,-0.177158931,-0.258931941,-1.760119015,1.787861847
1750921984.970069885,-0.201065127,-0.209371491,-1.776986682,1.800540273
1750921984.982069969,-0.186131648,-0.245946557,-1.798280228,1.824540073
1750921984.994070053,-0.189696097,-0.158781523,-1.709916960,1.727718783
1750921985.006070137,-0.237590043,-0.012165194,-1.601874330,1.619443852
1750921985.018070221,-0.197430211,0.029947430,-1.514020333,1.527132314
1750921985.030070305,-0.153725504,0.005718359,-1.569638782,1.577158881
1750921985.042070389,-0.225617551,-0.083469525,-1.653142675,1.670554143
1750921985.054070473,-0.153771930,-0.196281222,-1.626114989,1.645120689
1750921985.066070557,-0.039496138,-0.075857123,-1.655217360,1.657425340
1750921985.078070641,-0.149349786,-0.046901877,-1.655786775,1.663170162
1750921985.090070724,-0.262865084,-0.167772525,-1.542829409,1.574029306
1750921985.102070808,-0.206358325,0.047649953,-1.455435137,1.470763650
1750921985.114070892,-0.042037620,0.030704287,-1.688010246,1.688812750
1750921985.126070976,-0.102107346,-0.136689024,-1.798086540,1.806163062
1750921985.138071060,-0.195644075,-0.177438252,-1.706193600,1.726516012
1750921985.150071144,-0.149371305,-0.156302560,-1.668438146,1.682387626
1750921985.162071228,-0.157598616,-0.145075097,-1.653785443,1.667600192
1750921985.174071312,-0.112400648,-0.085554500,-1.677539869,1.683476608
1750921985.186071396,-0.121475783,0.121904278,-1.516441712,1.526175772
1750921985.198071480,-0.155429039,0.054770288,-1.593627117,1.602125263
1750921985.210071564,-0.167205782,-0.160776811,-1.755316356,1.770576874
1750921985.222071648,-0.206522992,-0.146541986,-1.657980796,1.677207984
1750921985.234071732,-0.219551748,-0.139535923,-1.563291516,1.584788190
1750921985.246071815,-0.191350969,-0.135071979,-1.507633684,1.525719161
1750921985.258071899,-0.140388264,-0.138200134,-1.538902416,1.551460212
1750921985.270071983,-0.139859808,-0.120609616,-1.594401493,1.605061857
1750921985.282072067,-0.144183626,-0.088227689,-1.537115724,1.546382163
1750921985.294072151,-0.397175143,-0.230803464,-1.493034824,1.562104772
1750921985.306072235,-0.466070011,-0.202892299,-1.529992694,1.612223366
1750921985.318072319,-0.114471143,-0.140104634,-1.541694372,1.552273973
1750921985.330072403,-0.115467021,-0.241486840,-1.573055307,1.595666483
1750921985.342072487,-0.176257347,-0.186616294,-1.638811120,1.658792990
1750921985.354072571,-0.104342255,-0.174811051,-1.645601723,1.658146930
1750921985.366072655,-0.116820897,-0.160591489,-1.585168456,1.597559320
1750921985.378072739,-0.139847898,-0.147966485,-1.576638565,1.589729751
1750921985.390072823,-0.115543557,-0.238910838,-1.712582115,1.733022274
1750921985.402072906,-0.120904640,-0.199142085,-1.720726976,1.736426453
1750921985.414072990,-0.142470997,-0.131313062,-1.504515420,1.516940261
1750921985.426073074,-0.160648224,-0.140923052,-1.507114411,1.522189543
1750921985.438073158,-0.137937527,-0.161067936,-1.607415534,1.621343375
1750921985.450073242,-0.184548130,-0.257482208,-1.622371382,1.653010587
1750921985.462073326,-0.209365678,-0.221853803,-1.564266622,1.593732462
1750921985.474073410,-0.189685376,-0.129824189,-1.506017964,1.523458227
1750921985.486073494,-0.152470592,-0.147354563,-1.564007958,1.578316046
1750921985.498073578,-0.105952741,-0.111196956,-1.584185757,1.591614042
1750921985.510073662,-0.163007865,-0.159338843,-1.606450988,1.622542822
1750921985.522073746,-0.164492886,-0.180151283,-1.540430445,1.559627632
1750921985.534073830,-0.142142098,-0.195631369,-1.584848900,1.603191206
1750921985.546073914,-0.109348767,-0.203194874,-1.597870662,1.614446023
1750921985.558073997,-0.037027831,-0.211200825,-1.719762581,1.733078240
1750921985.570074081,-0.039612224,-0.238405073,-1.686993068,1.704215866
1750921985.582074165,-0.067793728,-0.272726481,-1.684076703,1.707363484
1750921985.594074249,-0.048310160,-0.273648682,-1.784836282,1.806338293
1750921985.606074333,-0.053053333,-0.136061715,-1.628706653,1.635240902
1750921985.618074417,-0.022806715,-0.047800956,-1.572946288,1.573837699
1750921985.630074501,-0.027347023,-0.148782356,-1.638705792,1.645673334
1750921985.642074585,-0.128160409,-0.168206168,-1.663768200,1.677153251
1750921985.654074669,-0.079663338,-0.090399583,-1.568949052,1.573569020
1750921985.666074753,-0.082798012,-0.058992049,-1.558977735,1.562289074
1750921985.678074837,-0.131805943,-0.066042921,-1.568605418,1.575518147
1750921985.690074921,0.024127168,-0.245464340,-1.633119285,1.651639628
1750921985.702075005,0.007198840,-0.303577744,-1.722478580,1.749040802
1750921985.714075089,-0.223354946,-0.282415956,-1.915402033,1.948951296
1750921985.726075172,-0.324543530,-0.308186794,-1.721801857,1.779019179
1750921985.738075256,-0.162435259,-0.126193317,-1.499594307,1.513635707
1750921985.750075340,0.010234191,-0.121426806,-1.524628208,1.529490236
1750921985.762075424,-0.067522302,-0.100987399,-1.460636637,1.465679740
1750921985.774075508,-0.030942409,-0.153749550,-1.486456442,1.494707032
1750921985.786075592,0.008177202,-0.201641854,-1.475170273,1.488910219
1750921985.798075676,-0.116165520,-0.081065481,-1.588199658,1.594504373
1750921985.810075760,-0.121188012,-0.111402336,-1.676870041,1.684930309
1750921985.822075844,-0.109927665,-0.397844968,-1.747825850,1.795900863
1750921985.834075928,-0.109583097,-0.478583266,-1.791642892,1.857696060
1750921985.846076012,-0.127961539,-0.170525027,-1.725681050,1.738800744
1750921985.858076096,-0.159453165,-0.071634142,-1.612008962,1.621459113
1750921985.870076180,-0.251191263,-0.199191349,-1.636766117,1.667866171
1750921985.882076263,-0.319944749,-0.286538228,-1.679379729,1.733431589
1750921985.894076347,-0.264507864,-0.254567284,-1.641505244,1.682054808
1750921985.906076431,-0.168158818,-0.192213443,-1.665449423,1.684916964
1750921985.918076515,-0.200097899,-0.192207839,-1.599517670,1.623403770
1750921985.930076599,-0.211787857,-0.196209940,-1.511668405,1.538991164
1750921985.942076683,-0.289715848,0.066943146,-1.596247710,1.623706688
1750921985.954076767,-0.553625021,-0.346308962,-1.916900961,2.025077741
1750921985.966076851,-0.600110842,-0.760148908,-2.002761901,2.224638087
1750921985.978076935,-0.166160604,-0.565692918,-1.855587718,1.947003750
1750921985.990077019,-0.048168679,-0.280898600,-1.698808134,1.722548496
1750921986.002077103,-0.459199150,-0.415156276,-1.909628408,2.007460896
1750921986.014077187,-0.330179037,-0.362880085,-1.916510529,1.978310582
1750921986.026077271,-0.357132842,-0.395238648,-1.915563849,1.988251070
1750921986.038077354,-0.455098062,-0.460715330,-1.975327995,2.078772125
1750921986.050077438,-0.186066021,-0.214814385,-1.789210733,1.811640370
1750921986.062077522,-0.272324847,-0.536088303,-1.951938059,2.042452858
1750921986.074077606,-0.187599127,-0.451446625,-1.818755308,1.883313133
1750921986.086077690,0.070791102,-0.139728525,-1.666097628,1.673444575
1750921986.098077774,-0.026884905,-0.153683738,-1.772323355,1.779177215
1750921986.110077858,-0.188178040,-0.288171609,-1.810277712,1.842704329
1750921986.122077942,-0.299473282,-0.196242441,-1.781835006,1.817451878
1750921986.134078026,-0.180611277,-0.176182841,-1.811743932,1.829228499
1750921986.146078110,0.093575273,-0.125318023,-1.786902211,1.793733662
1750921986.158078194,0.364891943,0.119153404,-1.694164722,1.737106148
1750921986.170078278,0.385798970,0.194849437,-1.691868450,1.746203310
1750921986.182078362,0.234017644,-0.023316010,-1.745492692,1.761264498
1750921986.194078445,0.180345768,0.045403745,-1.587899677,1.598753101
1750921986.206078529,0.000434080,0.193425559,-1.513057949,1.525371428
1750921986.218078613,0.002753931,-0.198361709,-1.771415102,1.782488827
1750921986.230078697,0.137532192,-0.270573217,-1.788684907,1.814254301
1750921986.242078781,-0.032158568,-0.056246227,-1.603614299,1.604922624
1750921986.254078865,0.056595109,-0.012296798,-1.529810120,1.530906013
1750921986.266078949,0.475255068,-0.033079841,-1.591887463,1.661645976
1750921986.278079033,0.216598212,-0.113726645,-1.611257481,1.629723659
1750921986.290079117,0.109640626,0.010635361,-1.582465793,1.586295106
1750921986.302079201,0.307006511,-0.146259440,-1.699736360,1.733421044
1750921986.314079285,0.269500176,-0.334312314,-1.740718771,1.792901812
1750921986.326079369,0.355027021,-0.069705314,-1.549995658,1.591662513
1750921986.338079453,0.303091679,0.027033367,-1.474150513,1.505229253
1750921986.350079536,0.057299109,-0.149892992,-1.651289082,1.659068030
1750921986.362079620,-0.107284293,-0.244783013,-1.715929072,1.736617754
1750921986.374079704,-0.053151495,-0.295779383,-1.703903485,1.730201610
1750921986.386079788,-0.010420110,-0.325934326,-1.743862129,1.774090440
1750921986.398079872,-0.164697426,-0.190777259,-1.713419151,1.731856342
1750921986.410079956,-0.127494184,-0.076253314,-1.665294132,1.671907258
1750921986.422080040,-0.141343966,-0.065818396,-1.681239841,1.688454199
1750921986.434080124,-0.175030365,-0.062295462,-1.748728404,1.758569698
1750921986.446080208,-0.031114301,-0.101196412,-1.761704411,1.764882786
1750921986.458080292,-0.087806801,-0.170505596,-1.688777549,1.699632843
1750921986.470080376,-0.187745390,-0.165384861,-1.696719144,1.715067444
1750921986.482080460,-0.192577731,-0.031264077,-1.680311363,1.691599806
1750921986.494080544,-0.148111996,-0.046124169,-1.537454992,1.545261290
1750921986.506080627,-0.159052131,-0.182583180,-1.601952836,1.620150329
1750921986.518080711,-0.177942657,-0.157413543,-1.709736178,1.726163494
1750921986.530080795,-0.171008056,-0.177392515,-1.682326339,1.700274616
1750921986.542080879,-0.230855928,-0.227151474,-1.631775193,1.663605282
1750921986.554080963,-0.284180095,-0.057486022,-1.532312817,1.559501695
1750921986.566081047,-0.289502446,-0.021905599,-1.544433429,1.571485328
1750921986.578081131,-0.234539120,-0.181420231,-1.642072743,1.668629615
1750921986.590081215,-0.182231581,-0.179659181,-1.715616099,1.734596313
1750921986.602081299,-0.188808293,-0.161265739,-1.652354198,1.670906821
1750921986.614081383,-0.097536882,-0.117290782,-1.620216343,1.627381814
1750921986.626081467,-0.055358877,-0.125461283,-1.657842105,1.663504008
1750921986.638081551,-0.089869616,-0.148924790,-1.688651909,1.697586643
1750921986.650081635,-0.283377551,-0.106997852,-1.649561826,1.677142091
1750921986.662081718,-0.364920291,-0.066798059,-1.618118038,1.660100835
1750921986.674081802,-0.124199843,-0.157641764,-1.752021596,1.763478437
1750921986.686081886,-0.036823420,-0.193841140,-1.786342940,1.797206569
1750921986.698081970,-0.119337145,-0.038651267,-1.684759689,1.689423122
1750921986.710082054,-0.205328126,-0.069308110,-1.633960742,1.648269080
1750921986.722082138,-0.163205405,-0.154663772,-1.650750359,1.665993288
1750921986.734082222,-0.180128472,-0.160728250,-1.688373526,1.705545368
1750921986.746082306,-0.222917205,-0.175467435,-1.700598444,1.724098596
1750921986.758082390,-0.187522973,-0.087342850,-1.634366242,1.647406037
1750921986.770082474,-0.141412527,0.036083759,-1.661451557,1.667849159
1750921986.782082558,-0.141397357,0.030648581,-1.659379886,1.665675285
1750921986.794082642,-0.230429525,-0.071164585,-1.628088493,1.645853671
1750921986.806082726,-0.182646354,-0.111019105,-1.714170616,1.727444886
1750921986.818082809,-0.177752253,-0.186486392,-1.744774982,1.763692937
1750921986.830082893,-0.246531947,-0.150736771,-1.734926696,1.758826374
1750921986.842082977,-0.274009777,-0.142645908,-1.612803908,1.642122304
1750921986.854083061,-0.274654945,-0.165698616,-1.556867622,1.589568546
1750921986.866083145,-0.200990165,-0.065477363,-1.632978193,1.646603203
1750921986.878083229,-0.148359021,-0.109351955,-1.749300429,1.758982729
1750921986.890083313,-0.147999111,-0.119310018,-1.828554964,1.838410149
1750921986.902083397,-0.159440200,-0.105740319,-1.760595300,1.770959628
1750921986.914083481,-0.228906015,-0.163290688,-1.713610603,1.736526162
1750921986.926083565,-0.216404291,-0.184381321,-1.737690508,1.760794023
1750921986.938083649,-0.163213037,-0.157028373,-1.778095889,1.792462384
1750921986.950083733,-0.112112229,-0.042230020,-1.822771814,1.826704577
1750921986.962083817,-0.085427975,-0.022087478,-1.792962136,1.795132033
1750921986.974083900,-0.144057672,-0.103729736,-1.779449818,1.788282452
1750921986.986083984,-0.254661433,-0.141397180,-1.662863358,1.688182501
1750921986.998084068,-0.270964753,-0.207968688,-1.685568722,1.719829873
1750921987.010084152,-0.139897730,-0.221737520,-1.822535134,1.841296614
1750921987.022084236,-0.166223273,-0.160241957,-1.787753794,1.802601256
1750921987.034084320,-0.143683791,-0.131098166,-1.843816149,1.854046858
1750921987.046084404,-0.142338524,-0.165177340,-1.892055296,1.904577920
1750921987.058084488,-0.201481776,-0.153601733,-1.804894344,1.822589364
1750921987.070084572,-0.317564188,0.041769118,-1.610181677,1.641729791
1750921987.082084656,-0.275101635,0.141214398,-1.715552193,1.743198710
1750921987.094084740,-0.159208722,0.012261364,-1.852746772,1.859615111
1750921987.106084824,-0.242145561,-0.127108073,-1.773600748,1.794561380
1750921987.118084908,-0.196313129,-0.086718001,-1.740397380,1.753579738
1750921987.130084991,-0.163206830,-0.074678131,-1.692369874,1.701860477
1750921987.142085075,-0.273002257,-0.043925982,-1.700758963,1.723090472
1750921987.154085159,-0.201009390,-0.038170147,-1.791608020,1.803252903
1750921987.166085243,-0.023757250,-0.221134051,-1.661115586,1.675938443
1750921987.178085327,0.070732868,-0.155135083,-1.904666833,1.912282870
1750921987.190085411,0.023271937,-0.012486945,-1.978168060,1.978344353
1750921987.202085495,-0.021856762,-0.014164797,-1.746883461,1.747077613
1750921987.214085579,-0.000751502,-0.001314725,-1.877761752,1.877762362
1750921987.226085663,-0.087420402,-0.038119796,-1.943502487,1.945841043
1750921987.238085747,-0.263100102,-0.044806025,-1.616884205,1.638762880
1750921987.250085831,-0.215322616,-0.035099887,-1.493370685,1.509222262
1750921987.262085915,0.008874835,-0.154278748,-2.082798712,2.088523682
1750921987.274085999,-0.155816004,-0.130865409,-2.137717615,2.147380028
1750921987.286086082,-0.100889316,-0.088569676,-1.918271969,1.922964011
1750921987.298086166,0.080748727,-0.183612745,-1.979225828,1.989363938
1750921987.310086250,0.149366207,-0.220542594,-2.143786428,2.160270712
1750921987.322086334,0.179370533,-0.205482190,-2.062816019,2.080770686
1750921987.334086418,0.300810329,-0.135213816,-1.871961494,1.900791800
1750921987.346086502,0.235905017,-0.137208733,-1.827017655,1.847287451
1750921987.358086586,0.040085259,-0.251346312,-1.888896279,1.905967195
1750921987.370086670,-0.083967768,-0.098724308,-1.663602845,1.668643611
1750921987.382086754,-0.224844311,0.111966917,-1.472687445,1.493954439
1750921987.394086838,0.199211748,-0.037279807,-1.988981382,1.999280381
1750921987.406086922,0.136666503,-0.202356568,-2.225712482,2.239067209
1750921987.418087006,-0.219284716,-0.166321971,-2.066367181,2.084615579
1750921987.430087090,-0.209007910,-0.106320006,-1.901659761,1.916063177
1750921987.442087173,-0.179327493,-0.191419021,-2.054500928,2.071176876
1750921987.454087257,-0.080957087,-0.222434362,-2.146037016,2.159052100
1750921987.466087341,-0.144927475,-0.139939697,-1.885526141,1.896258400
1750921987.478087425,-0.470223130,-0.219680901,-1.808213785,1.881224756
1750921987.490087509,-0.336858399,-0.221642129,-1.897285130,1.939662259
1750921987.502087593,-0.087035955,-0.225492470,-2.136044167,2.149675974
1750921987.514087677,-0.235416660,-0.162765821,-2.105428037,2.124791974
1750921987.526087761,-0.199379357,0.023382471,-1.802906765,1.814048421
1750921987.538087845,-0.178625582,-0.081492502,-1.815332514,1.825919019
1750921987.550087929,-0.197686878,-0.190400568,-1.832338811,1.852781151
1750921987.562088013,0.334167338,-0.293990941,-1.910663433,1.961818859
1750921987.574088097,0.426459238,-0.165390772,-1.735070780,1.794350078
1750921987.586088181,-0.134683441,-0.126138275,-1.696798307,1.706802563
1750921987.598088264,-0.189746132,-0.196112502,-1.844152003,1.864231830
1750921987.610088348,-0.224211663,0.033327574,-1.492456208,1.509571836
1750921987.622088432,-0.064975070,-0.053007894,-1.558113636,1.560368449
1750921987.634088516,0.044407128,-0.136173011,-1.676790384,1.682896631
1750921987.646088600,0.081209980,-0.000117111,-1.768697524,1.770560930
1750921987.658088684,0.190418427,0.044454012,-1.732827967,1.743825708
1750921987.670088768,-0.097214104,-0.195950076,-1.858094626,1.870925615
1750921987.682088852,-0.194872566,-0.229134663,-2.091283270,2.112804706
1750921987.694088936,-0.182847160,-0.094567459,-1.759394735,1.771396602
1750921987.706089020,-0.112117099,0.028155444,-1.393043745,1.397831839
1750921987.718089104,0.423001491,0.092058888,-1.478576344,1.540646976
1750921987.730089188,0.211849029,0.026667885,-1.704609310,1.717930175
1750921987.742089272,-0.053349608,-0.044723222,-1.899246026,1.900521459
1750921987.754089355,0.221632042,-0.025309073,-1.565328665,1.581143618
1750921987.766089439,-0.072225974,-0.044691170,-1.676829164,1.678978838
1750921987.778089523,-0.313075172,-0.240611926,-2.326685242,2.359952198
1750921987.790089607,-0.466678287,-0.021702039,-1.854954121,1.912881176
1750921987.802089691,-0.437069284,0.501887355,-0.880472087,1.103699041
1750921987.814089775,-0.228800210,0.395254352,-0.976654657,1.078160405
1750921987.826089859,-0.021203271,0.296373635,-1.495216932,1.524454192
1750921987.838089943,-0.020683813,0.254260479,-1.569945382,1.590535984
1750921987.850090027,-0.053827031,-0.107206283,-1.990323392,1.993935240
1750921987.862090111,-0.095524173,0.081629271,-1.713861541,1.718461402
1750921987.874090195,0.192170148,0.330495508,-1.540955457,1.587671366
1750921987.886090279,0.503843078,-0.061941708,-1.599014243,1.677659433
1750921987.898090363,0.196525558,-0.241947389,-1.483846895,1.516232978
1750921987.910090446,-0.086014948,0.165995112,-1.666952531,1.677403854
1750921987.922090530,-0.294532700,0.202969694,-1.787854854,1.823285822
1750921987.934090614,-0.578187873,0.191064444,-1.791924456,1.892564423
1750921987.946090698,-0.517728154,-0.243287112,-1.821510295,1.909222568
1750921987.958090782,-0.287868133,-0.431001338,-1.825158966,1.897323237
1750921987.970090866,-0.126464724,-0.069327735,-1.658067613,1.664328053
1750921987.982090950,-0.045943491,0.042637880,-1.614281470,1.615497898
1750921987.994091034,0.023518779,0.192210177,-1.580994625,1.592809433
1750921988.006091118,0.191355302,0.171468059,-1.377431411,1.401190722
1750921988.018091202,0.022269021,0.032775967,-1.315871305,1.316467799
1750921988.030091286,-0.036515438,-0.224268033,-1.587796538,1.603972373
1750921988.042091370,0.259908574,-0.117149916,-1.548426433,1.574452600
1750921988.054091454,-0.008069151,0.076771347,-1.610992773,1.612841178
1750921988.066091537,-0.172967321,0.082145514,-1.687852168,1.698679052
1750921988.078091621,-0.004101330,0.146195588,-1.514972354,1.522015508
1750921988.090091705,-0.119768699,-0.107351827,-1.708989434,1.716541244
1750921988.102091789,0.539156595,-0.520052218,-1.505983444,1.682001866
1750921988.114091873,0.650467351,-0.487043359,-1.425234479,1.640613400
1750921988.126091957,0.192636206,-0.141437640,-1.567384490,1.585499118
1750921988.138092041,-0.355319164,0.097267071,-1.758411706,1.796586853
1750921988.150092125,-0.372036686,0.353219757,-1.767662509,1.840599423
1750921988.162092209,0.035224642,0.157886013,-1.563141788,1.571490063
1750921988.174092293,0.021683678,-0.226747405,-1.588977588,1.605220964
1750921988.186092377,0.474353513,-0.216312447,-1.385239716,1.480098443
1750921988.198092461,0.211166964,0.004779271,-1.624282201,1.637958180
1750921988.210092545,0.080730435,-0.413258494,-1.610892080,1.665014498
1750921988.222092628,0.205657876,-0.127593295,-1.363059621,1.384379551
1750921988.234092712,0.162012704,0.626042877,-1.416158684,1.556818300
1750921988.246092796,0.265392819,0.117989642,-1.458133257,1.486777555
1750921988.258092880,0.138698831,-0.342976192,-1.612426495,1.654324405
1750921988.270092964,0.117268284,-0.152451042,-1.484417865,1.496826499
1750921988.282093048,0.009059822,0.182070872,-1.482000673,1.493170411
1750921988.294093132,-0.349261620,0.006212466,-1.966744858,1.997525372
1750921988.306093216,-0.274772198,-0.388221428,-2.365062574,2.412413028
1750921988.318093300,0.059271557,-0.402810439,-2.099404997,2.138520682
1750921988.330093384,-0.116244836,-0.277270885,-1.775777269,1.801048837
1750921988.342093468,-0.231588105,-0.186720893,-1.802563828,1.826946660
1750921988.354093552,-0.235901336,-0.081019263,-1.790055698,1.807349707
1750921988.366093636,-0.327422780,-0.130484161,-1.900349594,1.932759782
1750921988.378093719,-0.198711318,-0.201135086,-1.915362533,1.936118577
1750921988.390093803,-0.079065094,-0.166537920,-1.793389643,1.802840142
1750921988.402093887,-0.097310688,-0.161539906,-1.817641687,1.827398646
1750921988.414093971,-0.161415420,-0.193692067,-1.862355924,1.879345935
1750921988.426094055,-0.251032919,-0.301316301,-2.020766785,2.058472113
1750921988.438094139,-0.228337810,-0.326435051,-2.010926601,2.050005803
1750921988.450094223,-0.123221125,-0.317081371,-1.874205580,1.904828233
1750921988.462094307,-0.066712655,-0.288425118,-1.875544444,1.898764490
1750921988.474094391,-0.109801588,-0.242804333,-1.877860240,1.896673249
1750921988.486094475,-0.157401888,-0.277936132,-1.737125121,1.766246736
1750921988.498094559,-0.261282806,-0.772826523,-1.811705780,1.986909000
1750921988.510094643,0.110236523,-1.202795704,-1.861039019,2.218633775
1750921988.522094727,0.363766909,-1.138154620,-1.788271555,2.150729518
1750921988.534094810,0.221288943,0.252504890,-1.934898870,1.963812912
1750921988.546094894,0.129383302,0.789110760,-1.772329420,1.944373268
1750921988.558094978,-0.006380387,0.044412633,-1.652165450,1.652774596
1750921988.570095062,0.126117526,0.090636325,-1.659485491,1.666737133
1750921988.582095146,0.069274280,-0.228804357,-1.787127275,1.803045827
1750921988.594095230,-0.085568119,-0.420335233,-1.868203983,1.916817606
1750921988.606095314,0.040750839,-0.444797586,-1.655196185,1.714403667
1750921988.618095398,0.105168631,-0.578366984,-1.584846779,1.690357395
1750921988.630095482,0.238252794,-0.316032537,-1.579121469,1.627963627
1750921988.642095566,0.321690316,-0.306433246,-1.677431308,1.735269946
1750921988.654095650,0.198969730,-0.377332956,-1.822236428,1.871500657
1750921988.666095734,0.178523606,-0.091603267,-1.837600192,1.848522735
1750921988.678095818,0.118231276,-0.460360891,-1.799650995,1.861358238
1750921988.690095901,0.233472181,-0.342366934,-1.626567428,1.678524941
1750921988.702095985,0.338057752,0.259356235,-1.649931800,1.704060928
1750921988.714096069,0.219146201,-0.135255163,-1.894901491,1.912320757
1750921988.726096153,0.018612304,-0.435022081,-1.813364361,1.864907755
1750921988.738096237,-0.106266301,-0.035138723,-1.509307945,1.513452255
1750921988.750096321,0.285965142,0.059791948,-1.522532674,1.550308642
1750921988.762096405,0.699990228,0.052769943,-1.592274103,1.740145915
1750921988.774096489,0.692049550,0.008119094,-1.792249373,1.921238224
1750921988.786096573,0.591698475,-0.077794242,-1.941847187,2.031484562
1750921988.798096657,0.369349838,-0.002425306,-1.779226831,1.817160780
1750921988.810096741,0.111760384,-0.124054359,-1.884799201,1.892180724
1750921988.822096825,0.114574478,-0.114900173,-1.809716555,1.816976436
1750921988.834096909,0.163114001,-0.127149802,-1.680627025,1.693304594
1750921988.846096992,0.041991106,-0.308912655,-1.761331905,1.788709133
1750921988.858097076,-0.077306719,-0.294652977,-1.801429847,1.827004707
1750921988.870097160,-0.179975791,-0.282541254,-1.917007405,1.946057100
1750921988.882097244,-0.061574519,-0.249471678,-1.929621512,1.946655264
1750921988.894097328,0.003489205,-0.285679168,-1.868687230,1.890401208
1750921988.906097412,-0.137512071,-0.353870247,-1.914403799,1.951685330
1750921988.918097496,-0.118770516,-0.257721872,-1.926028134,1.946820837
1750921988.930097580,-0.038744528,-0.186402403,-1.925530275,1.934919594
1750921988.942097664,-0.091009033,-0.163621163,-1.852681714,1.862118166
1750921988.954097748,-0.121445689,-0.068771472,-1.793073176,1.798496590
1750921988.966097832,-0.003674287,-0.096745632,-1.886850948,1.889333141
1750921988.978097916,-0.008170844,-0.152918832,-1.896701987,1.902873974
1750921988.990098000,-0.071691331,-0.195357222,-1.972933429,1.983877619
1750921989.002098083,-0.113561079,-0.255576180,-2.028644833,2.047831820
1750921989.014098167,-0.208268113,-0.222825375,-1.918689828,1.942780844
1750921989.026098251,-0.024761783,-0.025626334,-2.020822646,2.021136814
1750921989.038098335,0.050455259,0.096272149,-2.008206288,2.011145583
1750921989.050098419,-0.291794505,0.016105169,-1.805435524,1.828934345
1750921989.062098503,-0.297873720,-0.073613916,-1.851599363,1.876850544
1750921989.074098587,-0.050959705,-0.052364996,-1.949008694,1.950377880
1750921989.086098671,-0.042061331,-0.376494186,-1.785775833,1.825517010
1750921989.098098755,-0.220965899,-0.479021273,-1.699023121,1.779035378
1750921989.110098839,-0.195994904,-0.108576637,-1.825533257,1.839232057
1750921989.122098923,0.183876617,-0.173941325,-1.995401484,2.011390881
1750921989.134099007,0.286179459,-0.089086956,-2.085199547,2.106630560
1750921989.146099091,0.123394916,-0.039168064,-2.103108960,2.107089874
1750921989.158099174,0.076983605,-0.038544209,-1.933692203,1.935607829
1750921989.170099258,-0.084112271,0.114016120,-1.837502080,1.842956441
1750921989.182099342,0.023878562,0.038259184,-2.051624065,2.052119698
1750921989.194099426,0.054956292,0.017575178,-1.997570858,1.998403966
1750921989.206099510,-0.001971164,0.052759670,-2.021514976,2.022204308
1750921989.218099594,-0.002965009,-0.134967851,-2.042128873,2.046586290
1750921989.230099678,0.015383231,-0.103851840,-1.879458358,1.882388262
1750921989.242099762,0.268693049,-0.000575302,-2.078497921,2.095793380
1750921989.254099846,0.092803320,-0.002866045,-2.166851295,2.168839599
1750921989.266099930,-0.114113785,0.029116178,-1.959860341,1.963395595
1750921989.278100014,-0.087976215,-0.068276487,-1.904299585,1.907552989
1750921989.290100098,-0.172262739,0.071486012,-1.766710398,1.776527605
1750921989.302100182,-0.166687995,0.109263303,-1.728490412,1.739943236
1750921989.314100266,-0.134555952,0.061093443,-1.875169359,1.880983210
1750921989.326100349,-0.152838676,0.121843250,-1.887574005,1.897667269
1750921989.338100433,-0.043785693,0.147685248,-1.817795342,1.824310288
1750921989.350100517,-0.027706296,0.110776477,-1.815394701,1.818982404
1750921989.362100601,-0.168234033,0.102147511,-1.768870370,1.779786276
1750921989.374100685,-0.176859486,0.054229845,-1.797444254,1.806938295
1750921989.386100769,-0.149084455,-0.177185742,-1.884647817,1.898820253
1750921989.398100853,-0.179256776,-0.235461155,-1.809270856,1.833312842
1750921989.410100937,-0.155621601,-0.155709573,-1.765021322,1.778697226
1750921989.422101021,-0.126719682,-0.182922586,-1.782569604,1.796405562
1750921989.434101105,-0.098202760,-0.177486740,-1.853368586,1.864435689
1750921989.446101189,-0.074626030,-0.098169808,-1.857307731,1.861396885
1750921989.458101273,-0.074070346,-0.079077105,-1.819833980,1.823056587
1750921989.470101357,-0.070980887,-0.046851424,-1.822013962,1.823997867
1750921989.482101440,-0.143009441,-0.104291237,-1.795139300,1.803844081
1750921989.494101524,-0.204557290,-0.166647788,-1.774221751,1.793732977
1750921989.506101608,-0.145980729,-0.133007814,-1.801540710,1.812332856
1750921989.518101692,-0.123414807,-0.149448598,-1.860903102,1.870969388
1750921989.530101776,-0.113332740,-0.133722558,-1.802075353,1.810580462
1750921989.542101860,-0.071331330,-0.220868165,-1.675761556,1.691758758
1750921989.554101944,-0.053419951,-0.120942280,-1.768426689,1.773362254
1750921989.566102028,-0.123159178,-0.011077582,-1.766042780,1.770366628
1750921989.578102112,-0.161268823,-0.134173640,-1.636184679,1.649578886
1750921989.590102196,-0.117642349,-0.060173118,-1.760691939,1.765643404
1750921989.602102280,-0.187583742,0.019862029,-1.689418758,1.699917028
1750921989.614102364,-0.185822527,0.026946236,-1.559214670,1.570479703
1750921989.626102448,-0.094129360,-0.074130888,-1.634562026,1.638947449
1750921989.638102531,-0.039038081,-0.090034600,-1.819816268,1.822460274
1750921989.650102615,-0.115316203,-0.055282992,-1.820741258,1.825226771
1750921989.662102699,-0.207819406,-0.095689142,-1.619182725,1.635266955
1750921989.674102783,-0.118204718,-0.083116127,-1.755607007,1.761543814
1750921989.686102867,-0.208605898,-0.093428217,-1.731975344,1.746992801
1750921989.698102951,-0.226212946,-0.163534602,-1.693149413,1.716004312
1750921989.710103035,-0.049214065,-0.138365574,-1.780049474,1.786097194
1750921989.722103119,-0.148110824,-0.114797298,-1.665037422,1.675549119
1750921989.734103203,-0.061771887,-0.123842880,-1.977006833,1.981844808
1750921989.746103287,-0.024565080,-0.091507983,-1.994021129,1.996270878
1750921989.758103371,-0.209133550,-0.215128271,-1.830019115,1.854450586
1750921989.770103455,-0.122706327,-0.195873947,-1.853539518,1.867895123
1750921989.782103539,-0.089454003,-0.156341233,-1.728625664,1.737984835
1750921989.794103622,-0.187118965,-0.127340862,-1.611470691,1.627288232
1750921989.806103706,-0.050779694,-0.025275565,-1.684456462,1.685411227
1750921989.818103790,-0.070790564,-0.127045726,-1.684438371,1.690705339
1750921989.830103874,-0.204722014,-0.158074053,-1.652438696,1.672558565
1750921989.842103958,-0.181928869,-0.122237361,-1.856450611,1.869344526
1750921989.854104042,-0.097189418,-0.084841320,-1.864198984,1.868657723
1750921989.866104126,-0.017564500,-0.041679772,-1.845911779,1.846465817
1750921989.878104210,-0.001639478,-0.025180547,-1.818613175,1.818788230
1750921989.890104294,-0.062653241,-0.075900895,-1.684167439,1.687040704
1750921989.902104378,-0.194873018,-0.191049471,-1.675833552,1.697908563
1750921989.914104462,-0.192945344,-0.145771899,-1.704084633,1.721157107
1750921989.926104546,-0.197837237,-0.129184015,-1.688753039,1.705202307
1750921989.938104630,-0.157623450,-0.149041264,-1.738739436,1.752219528
1750921989.950104713,-0.094582114,-0.073105271,-1.697256473,1.701461046
1750921989.962104797,-0.107475433,-0.107318615,-1.696570906,1.703355833
1750921989.974104881,-0.176549514,-0.143992023,-1.755813894,1.770532650
1750921989.986104965,-0.174560260,-0.096405488,-1.710191707,1.721778434
1750921989.998105049,-0.123286224,-0.169806701,-1.754055974,1.766563378
1750921990.010105133,-0.064567925,-0.141020138,-1.836412372,1.842950378
1750921990.022105217,-0.045244439,-0.058760784,-1.800818619,1.802345025
1750921990.034105301,-0.141641087,-0.110630959,-1.727708358,1.737031253
1750921990.046105385,-0.204131872,-0.112766797,-1.730803966,1.746444542
1750921990.058105469,-0.108305143,-0.104835674,-1.841500480,1.847659205
1750921990.070105553,0.076928418,-0.183742200,-1.941032102,1.951226486
1750921990.082105637,0.051067778,-0.187827270,-1.919528448,1.929372039
1750921990.094105721,-0.210522619,-0.140818459,-1.862461716,1.879604548
1750921990.106105804,-0.221106702,-0.105472251,-1.840200197,1.856434576
1750921990.118105888,-0.156671119,-0.068878953,-1.669064269,1.677815747
1750921990.130105972,-0.039367361,-0.036066018,-1.691119851,1.691962439
1750921990.142106056,0.823806310,0.492100707,-2.073745579,2.285003429
1750921990.154106140,0.739694663,0.451347991,-2.020139184,2.198141380
1750921990.166106224,-0.175029719,-0.079984061,-1.642415373,1.653650843
1750921990.178106308,-0.277944688,-0.158236063,-1.675411007,1.705665250
1750921990.190106392,-0.214910420,-0.267493373,-1.853974273,1.885460102
1750921990.202106476,-0.280309717,-0.169753552,-1.866901537,1.895444843
1750921990.214106560,-0.235775210,-0.029149391,-1.842772366,1.858023043
1750921990.226106644,0.080172744,-0.023467807,-1.815850494,1.817771005
1750921990.238106728,0.139695937,-0.088463990,-1.782039401,1.789694180
1750921990.250106812,-0.063099256,-0.071345200,-1.650164122,1.652910549
1750921990.262106895,-0.124389083,-0.131327304,-1.777901417,1.787079448
1750921990.274106979,-0.193073069,-0.311341180,-1.949532574,1.983655161
1750921990.286107063,-0.159124508,-0.217542604,-1.946815471,1.965384408
1750921990.298107147,0.003437717,-0.109719074,-1.787341578,1.790709359
1750921990.310107231,0.029674299,-0.081769282,-1.617791285,1.620128212
1750921990.322107315,0.025556199,-0.069786174,-1.715948084,1.717556711
1750921990.334107399,0.249031596,0.130194565,-1.719676193,1.742484884
1750921990.346107483,0.166965119,0.042362688,-1.519379855,1.529113172
1750921990.358107567,0.516892626,0.398416552,-1.411825751,1.555366737
1750921990.370107651,1.373904208,0.795258338,-1.486731785,2.174952872
1750921990.382107735,0.633167344,0.214991654,-1.547894053,1.686148954
1750921990.394107819,-0.119196815,-0.056059286,-1.765154770,1.770062679
1750921990.406107903,-0.088380394,-0.118113139,-1.833327541,1.839253022
1750921990.418107986,-0.709213414,-0.385102169,-1.419197250,1.632607785
1750921990.430108070,-0.707827167,-0.462661727,-1.461741334,1.688716346
1750921990.442108154,-0.093547101,0.004746811,-1.759244509,1.761736313
1750921990.454108238,-0.023988413,-0.003767792,-1.755395036,1.755562979
1750921990.466108322,-0.076931723,-0.224168955,-1.855997062,1.871067958
1750921990.478108406,-0.060788600,-0.099183022,-1.894276320,1.897844910
1750921990.490108490,-0.115773278,-0.120339550,-1.859452587,1.866935720
1750921990.502108574,-0.104916442,-0.159508781,-1.842892945,1.852756033
1750921990.514108658,-0.095930312,-0.232612836,-1.828343574,1.845576219
1750921990.526108742,-0.148694347,-0.207490920,-1.827075003,1.844821281
1750921990.538108826,-0.186813527,-0.040459047,-1.733882424,1.744386565
1750921990.550108910,-0.190749887,-0.079225132,-1.764014869,1.776066046
1750921990.562108994,-0.219583823,-0.097906993,-1.742284202,1.758794210
1750921990.574109077,-0.161176559,0.021149116,-1.690911049,1.698706962
1750921990.586109161,-0.107491361,-0.166780141,-1.847797225,1.858419919
1750921990.598109245,-0.173072410,-0.257971793,-1.895936238,1.921217771
1750921990.610109329,-0.143619216,-0.125818201,-1.823769206,1.833736845
1750921990.622109413,-0.170452232,-0.225308656,-1.941419205,1.961868111
1750921990.634109497,-0.175907934,-0.270482861,-1.954254648,1.980710935
1750921990.646109581,-0.170785385,-0.231301521,-1.896082714,1.917758509
1750921990.658109665,-0.219667905,-0.185266671,-1.891590695,1.913293779
1750921990.670109749,-0.211904603,-0.102195707,-1.880266190,1.894927036
1750921990.682109833,-0.201367110,-0.091570303,-1.913032789,1.925779916
1750921990.694109917,-0.196833815,-0.107272833,-1.876020135,1.889365650
1750921990.706110001,-0.206118225,-0.136484280,-1.800230372,1.817124672
1750921990.718110085,-0.245826185,-0.243664674,-1.899457924,1.930736489
1750921990.730110168,-0.243741490,-0.226218840,-1.973522503,2.001343536
1750921990.742110252,-0.222417227,-0.185082768,-1.879651012,1.901792045
1750921990.754110336,-0.228011933,-0.158742137,-1.901841699,1.922027667
1750921990.766110420,-0.186149455,-0.075661259,-1.929128237,1.939564900
1750921990.778110504,-0.212960972,-0.047580270,-1.766644918,1.780070370
1750921990.790110588,-0.261940980,-0.080929351,-1.709043687,1.730893689
1750921990.802110672,-0.175870535,-0.163810888,-1.855381950,1.870883917
1750921990.814110756,-0.182658416,-0.126654413,-1.965692297,1.978219312
1750921990.826110840,0.016110827,-0.047541576,-1.952478437,1.953123603
1750921990.838110924,0.024110181,-0.074709108,-1.789194694,1.790916080
1750921990.850111008,-0.292500525,-0.108791474,-1.783194864,1.810297231
1750921990.862111092,-0.213345585,-0.133128618,-1.890470122,1.907122663
1750921990.874111176,-0.158760069,-0.192904834,-1.976356658,1.992085007
1750921990.886111259,-0.198228910,-0.173454717,-1.926739605,1.944661087
1750921990.898111343,-0.204704166,-0.129827887,-1.804263774,1.820474346
1750921990.910111427,-0.220769553,-0.133622533,-1.784495200,1.803057763
1750921990.922111511,-0.161729276,-0.186208298,-1.828173913,1.844735685
1750921990.934111595,-0.170661881,-0.224411368,-1.897335656,1.918168014
1750921990.946111679,-0.133070582,-0.219415790,-1.803335769,1.821502392
1750921990.958111763,-0.128467130,-0.208151531,-1.726973919,1.744210360
1750921990.970111847,-0.178987810,-0.172738991,-1.829851057,1.846680883
1750921990.982111931,-0.178594713,-0.184004051,-1.771359356,1.789823324
1750921990.994112015,-0.063475727,0.048602457,-1.553063798,1.555120101
1750921991.006112099,0.008594778,0.008820023,-1.574238924,1.574287094
1750921991.018112183,0.119624162,-0.274833646,-1.908305279,1.931701973
1750921991.030112267,0.106556572,-0.172223569,-1.828516553,1.839697814
1750921991.042112350,-0.164054093,-0.117868583,-1.681323178,1.693415005
1750921991.054112434,-0.191347434,-0.162800076,-1.863049131,1.879912171
1750921991.066112518,-0.120118818,-0.112065510,-1.857736681,1.864986001
1750921991.078112602,-0.092635761,-0.102702660,-1.878785635,1.883869604
1750921991.090112686,-0.129848305,-0.210445718,-1.982909902,1.998269166
1750921991.102112770,-0.237418611,-0.207092528,-1.946499465,1.971830388
1750921991.114112854,-0.228681874,-0.179361222,-1.963796504,1.985185774
1750921991.126112938,-0.101516781,-0.151117930,-1.857101984,1.866003769
1750921991.138113022,-0.221052739,0.099967980,-1.746382309,1.763153164
1750921991.150113106,-0.282484843,-0.014434776,-1.888420111,1.909485943
1750921991.162113190,-0.228271770,-0.284713712,-1.938863590,1.972906971
1750921991.174113274,-0.176543285,-0.164487829,-1.777723098,1.794024300
1750921991.186113358,-0.109541556,-0.119417987,-1.728132730,1.735713899
1750921991.198113441,-0.180381136,-0.106803612,-1.805233855,1.817364476
1750921991.210113525,-0.203936248,-0.159877950,-1.874934614,1.892757449
1750921991.222113609,-0.313707643,-0.357840694,-1.916837435,1.975026126
1750921991.234113693,-0.049007944,-0.300830257,-1.787755038,1.813551404
1750921991.246113777,-0.164175750,-0.580943550,-2.069811225,2.156053708
1750921991.258113861,-0.488625730,-0.729838269,-2.226453113,2.393431108
1750921991.270113945,-0.296218162,-0.210283031,-1.925214492,1.959187330
1750921991.282114029,-0.221166639,-0.032411744,-1.748444508,1.762675069
1750921991.294114113,-0.120488084,-0.174571925,-1.710431428,1.723533697
1750921991.306114197,-0.161654863,-0.111276119,-1.671489654,1.682971281
1750921991.318114281,-0.113164111,-0.088656161,-1.709018767,1.715054278
1750921991.330114365,0.054206026,-0.366951689,-1.836736181,1.873817397
1750921991.342114449,0.069668745,-0.359333006,-1.834417866,1.870578213
1750921991.354114532,-0.152759189,-0.141432505,-1.864892962,1.876476561
1750921991.366114616,-0.225047216,-0.334878874,-1.836050669,1.879859614
1750921991.378114700,0.274876485,-0.143508034,-1.783421439,1.810177800
1750921991.390114784,0.024588687,0.185006316,-1.728956501,1.739000438
1750921991.402114868,-0.108188284,-0.127920017,-1.816378869,1.824088932
1750921991.414114952,0.350350643,-0.623830591,-1.823122638,1.958490830
1750921991.426115036,0.170413076,-0.593204549,-1.730728681,1.837485788
1750921991.438115120,0.808764454,-0.695795677,-1.549732784,1.881463066
1750921991.450115204,0.737960157,-0.633770488,-1.457702446,1.752468729
1750921991.462115288,-0.257443115,-0.607908370,-1.630493096,1.759072847
1750921991.474115372,-0.608072858,-1.001166163,-1.925438589,2.253752437
1750921991.486115456,-0.856788282,-0.757721520,-2.153961838,2.438807016
1750921991.498115540,-0.602707269,-0.254786486,-1.993716885,2.098351549
1750921991.510115623,-0.778661513,-0.546134553,-2.003495415,2.217785062
1750921991.522115707,-0.812578071,-1.227659618,-2.230633634,2.672668641
1750921991.534115791,-0.588275305,-1.044807474,-2.254040402,2.553113516
1750921991.546115875,-0.452686330,-0.639910305,-2.031851553,2.177804134
1750921991.558115959,0.104394316,-0.329503039,-1.939583940,1.970141184
1750921991.570116043,0.101258812,-0.171798823,-1.885161879,1.895680219
1750921991.582116127,-0.092789311,-0.176073573,-1.826476304,1.837288069
1750921991.594116211,-0.111335572,-0.333893743,-1.817725611,1.851487791
1750921991.606116295,-0.137819778,-0.245360385,-1.675313762,1.698785510
1750921991.618116379,-0.156681261,-0.256251091,-1.596813448,1.624815936
1750921991.630116463,-0.076982787,-0.407606130,-1.770683490,1.818622865
1750921991.642116547,-0.017703801,-0.383485043,-1.946139625,1.983641510
1750921991.654116631,0.145263558,-0.338172007,-1.962617636,1.996829936
1750921991.666116714,0.194946006,-0.288546978,-1.773441124,1.807306483
1750921991.678116798,0.194657960,-0.213805088,-1.668680866,1.693546625
1750921991.690116882,0.124922994,-0.275923640,-1.653808020,1.681315133
1750921991.702116966,-0.149452809,-0.352082541,-1.632847078,1.677047357
1750921991.714117050,-0.159339480,-0.200093694,-1.795190050,1.813321227
1750921991.726117134,-0.085102383,-0.074267208,-1.804988322,1.808518973
1750921991.738117218,-0.066395930,-0.076948451,-1.691001264,1.694052762
1750921991.750117302,-0.107722022,0.058240153,-1.548384844,1.553219744
1750921991.762117386,-0.038252187,0.166690191,-1.574427292,1.583688779
1750921991.774117470,-0.042763341,-0.044664339,-1.726029312,1.727136588
1750921991.786117554,-0.140953887,-0.054948011,-1.581200063,1.588420889
1750921991.798117638,-0.200069021,-0.002841297,-1.530387411,1.543412230
1750921991.810117722,-0.253514504,-0.157248147,-1.720549540,1.746220863
1750921991.822117805,-0.230193081,-0.217389082,-1.817337591,1.844712115
1750921991.834117889,0.051926288,-0.192231549,-1.804408816,1.815362355
1750921991.846117973,0.186093254,-0.013437223,-1.605391423,1.616197042
1750921991.858118057,-0.022802886,0.047301774,-1.597604200,1.598466956
1750921991.870118141,-0.094987675,-0.105445173,-1.745223841,1.750984751
1750921991.882118225,-0.231663288,-0.171856879,-1.773300327,1.796607001
1750921991.894118309,-0.301156681,-0.160435953,-1.806241928,1.838190672
1750921991.906118393,-0.206068224,-0.276722942,-1.850011014,1.881908726
1750921991.918118477,-0.172144014,-0.299910661,-1.817292078,1.849900123
1750921991.930118561,-0.027194075,-0.016798249,-1.550703073,1.551032469
1750921991.942118645,-0.049334053,0.036522083,-1.628309180,1.629465709
1750921991.954118729,-0.218714194,-0.147780433,-1.801502183,1.820737508
1750921991.966118813,-0.235004167,-0.168874785,-1.754145973,1.777856503
1750921991.978118896,-0.208731252,-0.112662230,-1.737022885,1.753142896
1750921991.990118980,-0.186191548,-0.083633382,-1.717622197,1.729707446
1750921992.002119064,-0.214380197,-0.107155038,-1.701791706,1.718585489
1750921992.014119148,-0.284597594,-0.082858839,-1.647599002,1.674050134
1750921992.026119232,-0.238373459,-0.047663340,-1.624580475,1.642667167
1750921992.038119316,-0.193127020,-0.056924273,-1.692529924,1.704463541
1750921992.050119400,-0.251822629,-0.169453079,-1.775441773,1.801200286
1750921992.062119484,-0.257423326,-0.131948468,-1.721078037,1.745218261
1750921992.074119568,-0.168607292,-0.045870799,-1.672970633,1.682071130
1750921992.086119652,-0.256609738,-0.115602313,-1.510679105,1.536672968
1750921992.098119736,-0.361577060,-0.195737152,-1.573719327,1.626543428
1750921992.110119820,-0.220687319,-0.181232950,-1.867395213,1.889103797
1750921992.122119904,-0.224065814,-0.070372300,-1.784561820,1.799949621
1750921992.134119987,-0.266026122,-0.079949613,-1.674543221,1.697426534
1750921992.146120071,-0.213306082,-0.186203321,-1.667918531,1.691781129
1750921992.158120155,-0.199957695,-0.214138736,-1.668998573,1.694519021
1750921992.170120239,-0.161629606,-0.082498913,-1.695217065,1.704902078
1750921992.182120323,-0.207812833,-0.053193886,-1.602560771,1.616853978
1750921992.194120407,-0.308618988,-0.133478642,-1.608734912,1.643499390
1750921992.206120491,-0.251437931,-0.158474595,-1.719937159,1.745428045
1750921992.218120575,-0.207941059,-0.137636303,-1.703994034,1.722143695
1750921992.230120659,-0.276767548,-0.138412525,-1.693677248,1.721714530
1750921992.242120743,-0.181821361,-0.050399853,-1.737653162,1.747866604
1750921992.254120827,-0.161787093,0.024041780,-1.638902022,1.647043687
1750921992.266120911,-0.179438381,-0.028981938,-1.607568075,1.617811237
1750921992.278120995,-0.137047894,-0.127884417,-1.715924632,1.726132640
1750921992.290121078,-0.198898337,-0.236705281,-1.771712201,1.798486603
1750921992.302121162,-0.228033557,-0.214503292,-1.766091983,1.793625339
1750921992.314121246,-0.285986521,-0.163745280,-1.718915580,1.750220437
1750921992.326121330,-0.247839956,-0.123552316,-1.687600801,1.710171419
1750921992.338121414,-0.148632992,-0.072512381,-1.613803794,1.622255373
1750921992.350121498,-0.216328088,-0.100694743,-1.609440637,1.627033017
1750921992.362121582,-0.265351862,-0.096365932,-1.708081231,1.731253735
1750921992.374121666,-0.211667889,-0.060985931,-1.713473126,1.727574234
1750921992.386121750,-0.163563950,-0.172657781,-1.765280076,1.781229244
1750921992.398121834,-0.180643930,-0.210315082,-1.773690435,1.795227680
1750921992.410121918,-0.191069859,-0.125638925,-1.747684786,1.762581897
1750921992.422122002,-0.191498964,-0.131978827,-1.735589521,1.751102866
1750921992.434122086,-0.260245414,-0.107883959,-1.651383931,1.675241926
1750921992.446122169,-0.202563335,-0.084369114,-1.682835155,1.697081086
1750921992.458122253,-0.143105508,-0.069406484,-1.751205695,1.758413441
1750921992.470122337,-0.216273971,-0.100640887,-1.782179347,1.798072925
1750921992.482122421,-0.224383633,-0.153946889,-1.795390787,1.815895299
1750921992.494122505,-0.228169035,-0.164599651,-1.686005343,1.709318042
1750921992.506122589,-0.259796382,-0.225598549,-1.707443798,1.741767261
1750921992.518122673,-0.275588153,-0.222819744,-1.769789319,1.804924293
1750921992.530122757,-0.245505477,-0.145969722,-1.786388512,1.809078222
1750921992.542122841,-0.245701470,-0.126661600,-1.768832183,1.790301557
1750921992.554122925,-0.219232962,-0.125762904,-1.742324296,1.760560523
1750921992.566123009,-0.145252703,-0.070341922,-1.788145675,1.795413960
1750921992.578123093,-0.198358512,-0.044242559,-1.817909483,1.829234373
1750921992.590123177,-0.102307572,-0.077370582,-1.847559706,1.852006996
1750921992.602123260,-0.082624178,-0.153148007,-1.748479343,1.757117264
1750921992.614123344,-0.174888914,-0.200033649,-1.802672610,1.822149317
1750921992.626123428,-0.156627393,-0.217229617,-1.974510672,1.992589581
1750921992.638123512,-0.184247264,-0.110597381,-1.822846091,1.835469070
1750921992.650123596,-0.243171393,-0.084877478,-1.744765535,1.763673237
1750921992.662123680,-0.344205507,-0.150155712,-1.704396850,1.745277282
1750921992.674123764,-0.329661902,-0.044485808,-1.599992496,1.634206824
1750921992.686123848,-0.182520836,-0.037756128,-1.775884944,1.785639021
1750921992.698123932,-0.183540243,-0.120258523,-1.711455921,1.725465301
1750921992.710124016,-0.189186709,-0.139746117,-1.557416047,1.575076294
1750921992.722124100,-0.203116583,-0.158070621,-1.517774638,1.539442275
1750921992.734124184,-0.047582374,-0.004486961,-1.746584329,1.747238116
1750921992.746124268,-0.010746986,0.079124626,-2.026515881,2.028088465
1750921992.758124352,-0.152485373,-0.110810868,-1.850943993,1.860517267
1750921992.770124435,-0.103972486,-0.116276720,-1.659105607,1.666421906
1750921992.782124519,-0.035776339,-0.114190155,-1.829279870,1.833189619
1750921992.794124603,-0.121231366,-0.130311083,-1.734914287,1.744019956
1750921992.806124687,-0.184328505,-0.052445407,-1.551129345,1.562923467
1750921992.818124771,-0.054193466,-0.093780918,-1.835904692,1.839097015
1750921992.830124855,0.066025559,-0.148450672,-1.919874352,1.926736750
1750921992.842124939,-0.061020532,-0.031716565,-1.832889544,1.834179251
1750921992.854125023,-0.182616414,0.046742308,-1.721864448,1.732152065
1750921992.866125107,-0.037198673,-0.032535604,-1.829374023,1.830041427
1750921992.878125191,0.089042977,-0.146446932,-2.071079598,2.078159295
1750921992.890125275,0.129027096,-0.235074302,-2.103150400,2.120176768
1750921992.902125359,0.068467678,-0.204950431,-2.044708564,2.056094748
1750921992.914125443,0.199593853,0.073957102,-1.803247573,1.815766827
1750921992.926125526,-0.277816049,0.131745918,-1.273347157,1.309943406
1750921992.938125610,-0.666067891,-0.193109285,-1.558032623,1.705404142
1750921992.950125694,0.133079577,-0.384102241,-2.541791644,2.574091969
1750921992.962125778,0.550079055,-0.420352263,-2.718730459,2.805490742
1750921992.974125862,0.174769707,-0.325966324,-2.220177409,2.250774583
1750921992.986125946,-0.268166125,-0.098258223,-1.759767962,1.782793042
1750921992.998126030,-0.702408389,0.144773842,-1.481450438,1.645913853
1750921993.010126114,-0.673846845,-0.003492217,-1.622530962,1.756897405
1750921993.022126198,-0.057904161,-0.091822889,-1.848625939,1.851810518
1750921993.034126282,0.074914796,0.021556679,-1.660913375,1.662741759
1750921993.046126366,-0.320799334,-0.080673097,-1.763160281,1.793921553
1750921993.058126450,-0.569153542,-0.198333604,-1.928238259,2.020241262
1750921993.070126534,-0.440315835,-0.112767176,-1.848831998,1.903883985
1750921993.082126617,-0.134793576,0.094204586,-1.581760749,1.590286414
1750921993.094126701,-0.171147759,-0.024134392,-1.618198644,1.627403108
1750921993.106126785,-0.287044319,-0.164700658,-1.883323873,1.912179270
1750921993.118126869,-0.251404785,-0.175697703,-1.848059066,1.873338294
1750921993.130126953,-0.390909395,-0.210193258,-1.832148552,1.885141819
1750921993.142127037,-0.570570303,-0.227910334,-1.825297527,1.925929555
1750921993.154127121,-0.543948225,-0.258393599,-1.757993948,1.858275987
1750921993.166127205,-0.219811273,-0.230372385,-1.756073298,1.784707780
1750921993.178127289,0.130232645,0.408324128,-1.438866559,1.501341437
1750921993.190127373,0.089802522,0.605663131,-1.143384628,1.297004521
1750921993.202127457,-0.149238545,0.031248467,-1.353768205,1.362327773
1750921993.214127541,-0.380797568,-0.281910976,-1.544324595,1.615369630
1750921993.226127625,-0.410721054,-0.255720137,-1.648078220,1.717628130
1750921993.238127708,-0.483581762,0.482343758,-1.147825759,1.335668669
1750921993.250127792,-0.460062069,0.486736840,-1.011695699,1.213300476
1750921993.262127876,-0.234899937,0.005331326,-1.516536160,1.534629704
1750921993.274127960,-0.252263388,-0.054433334,-1.672423175,1.692217209
1750921993.286128044,-0.266548675,-0.120460278,-1.665668127,1.691156168
1750921993.298128128,-0.176907616,-0.085786016,-1.576866160,1.589075968
1750921993.310128212,-0.075277848,-0.114378227,-1.620290258,1.626065697
1750921993.322128296,-0.054317243,-0.219929122,-1.880160756,1.893759132
1750921993.334128380,-0.171405976,-0.072860147,-1.725100490,1.735125445
1750921993.346128464,-0.337449533,0.371747897,-0.986364990,1.106790215
1750921993.358128548,-0.411796956,0.428547005,-0.922424944,1.097313559
1750921993.370128632,-0.506796976,0.362236164,-1.161020468,1.317583675
1750921993.382128716,-0.285846900,0.292288627,-1.297819568,1.360689797
1750921993.394128799,-0.184324693,0.487751357,-1.463134962,1.553267812
1750921993.406128883,-0.041750450,0.424429722,-1.452441537,1.513760254
1750921993.418128967,-0.029501134,-0.276091953,-1.217252550,1.248519465
1750921993.430129051,-0.050120499,0.088193054,-1.055176098,1.060040885
1750921993.442129135,0.126114734,0.504257973,-1.464285309,1.553805811
1750921993.454129219,0.022440243,0.407632902,-1.840653945,1.885384600
1750921993.466129303,-0.024692288,0.412898216,-1.623869764,1.675723025
1750921993.478129387,0.017119994,0.201142968,-1.454526736,1.468468458
1750921993.490129471,0.014754092,0.143646293,-1.406613369,1.414006050
1750921993.502129555,-0.087229847,0.054552944,-1.197603034,1.202014183
1750921993.514129639,0.056830079,0.031078953,-1.538942910,1.540305437
1750921993.526129723,0.122251071,0.078053661,-1.783384347,1.789272877
1750921993.538129807,-0.080713726,-0.043227820,-1.667490756,1.670002626
1750921993.550129890,-0.184084795,-0.063194535,-1.619083893,1.630740143
1750921993.562129974,0.051270038,0.127181746,-1.474279176,1.480642732
1750921993.574130058,0.010202593,0.239367534,-1.388909771,1.409422315
1750921993.586130142,-0.067659870,0.154318716,-1.322365985,1.333058109
1750921993.598130226,0.004819316,0.119252801,-1.312726886,1.318141242
1750921993.610130310,-0.088579872,-0.059356740,-1.550857491,1.554518759
1750921993.622130394,-0.115797995,-0.202542103,-1.752032717,1.767498549
1750921993.634130478,-0.063778884,-0.059872595,-1.605053727,1.607435828
1750921993.646130562,0.070856865,0.198778372,-1.402482910,1.418270725
1750921993.658130646,0.041653934,0.190264412,-1.358091281,1.371986707
1750921993.670130730,-0.102473871,-0.064182700,-1.460952153,1.465947307
1750921993.682130814,-0.209932790,-0.076810716,-1.662063372,1.677029014
1750921993.694130898,-0.107051318,0.090754934,-1.588890707,1.595076838
1750921993.706130981,-0.043674187,0.102662369,-1.534412533,1.538463135
1750921993.718131065,-0.044418555,-0.177638881,-1.695982461,1.705838530
1750921993.730131149,-0.001443608,-0.163227074,-1.579424550,1.587837230
1750921993.742131233,-0.198262259,-0.105190138,-1.572811078,1.588744024
1750921993.754131317,-0.060001965,0.009008764,-1.485885388,1.487123660
1750921993.766131401,0.059039138,0.244330172,-1.235649833,1.260957320
1750921993.778131485,0.130563032,0.008486632,-1.283379076,1.290031233
1750921993.790131569,0.234441265,-0.023436382,-1.337766142,1.358355705
1750921993.802131653,0.047005918,0.181589562,-1.548969142,1.560285143
1750921993.814131737,0.091869533,0.029112890,-1.632772317,1.635613956
1750921993.826131821,0.231608800,-0.120702263,-1.497577914,1.520181331
1750921993.838131905,0.174071818,-0.055837299,-1.567544010,1.578167616
1750921993.850131989,0.170882506,0.036194689,-1.542948219,1.552803945
1750921993.862132072,0.083308214,0.039353516,-1.440398075,1.443341807
1750921993.874132156,-0.068135232,-0.056220521,-1.522806187,1.525366133
1750921993.886132240,-0.056938718,-0.024422220,-1.869331507,1.870357919
1750921993.898132324,-0.186689788,-0.014549763,-1.941484648,1.950494145
1750921993.910132408,-0.265210947,-0.144524364,-1.769641154,1.795230891
1750921993.922132492,-0.122746285,-0.081789000,-1.674078999,1.680564365
1750921993.934132576,-0.085342442,-0.085694631,-1.704468621,1.708753986
1750921993.946132660,-0.140081158,-0.204886113,-1.849437613,1.866017292
1750921993.958132744,-0.176484001,-0.233903682,-1.806562280,1.830170704
1750921993.970132828,-0.229907574,-0.282053708,-1.798141447,1.834591085
1750921993.982132912,-0.280188965,-0.250681662,-1.756816896,1.796594767
1750921993.994132996,-0.231316366,-0.140814443,-1.701965681,1.723375510
1750921994.006133080,-0.189440036,-0.135366960,-1.767422849,1.782693263
1750921994.018133163,-0.112933691,-0.391170764,-1.907912148,1.950870921
1750921994.030133247,-0.106590170,-0.459413666,-1.949824109,2.006049959
1750921994.042133331,-0.230785505,-0.254523649,-1.801438799,1.833910026
1750921994.054133415,-0.147824634,-0.317009213,-1.716001727,1.751287781
1750921994.066133499,-0.119956017,-0.336434726,-1.672986972,1.710690849
1750921994.078133583,-0.177406353,-0.135253074,-1.691453317,1.706101032
1750921994.090133667,-0.162413292,-0.116560403,-1.714368811,1.725985175
1750921994.102133751,-0.224210496,-0.217117785,-1.722621410,1.750667016
1750921994.114133835,-0.230327397,-0.159663741,-1.736599833,1.759068560
1750921994.126133919,-0.256661858,-0.172603790,-1.756912519,1.783930766
1750921994.138134003,-0.163700400,-0.270042826,-1.728118102,1.756733652
1750921994.150134087,-0.059266148,-0.259800359,-1.671660381,1.692766118
1750921994.162134171,-0.086978942,-0.173050407,-1.711210912,1.722136628
1750921994.174134254,-0.070163436,-0.221698290,-1.713251667,1.728960472
1750921994.186134338,-0.128187244,-0.142727508,-1.678022241,1.688952856
1750921994.198134422,-0.243178825,-0.145428714,-1.718862758,1.742060456
1750921994.210134506,-0.434557484,-0.294938613,-1.651392572,1.732895386
1750921994.222134590,-0.341143750,-0.270580388,-1.578825606,1.637767718
1750921994.234134674,-0.034755930,-0.259752138,-1.680345698,1.700658935
1750921994.246134758,-0.030261496,-0.224428722,-1.668409369,1.683708357
1750921994.258134842,-0.031658040,-0.110908206,-1.542938622,1.547243502
1750921994.270134926,-0.005527663,-0.137316620,-1.542771802,1.548880642
1750921994.282135010,-0.180304706,-0.185082761,-1.631667965,1.652000534
1750921994.294135094,-0.089336982,-0.223312902,-1.646624132,1.664097588
1750921994.306135178,0.007459328,-0.214197227,-1.596625239,1.610946382
1750921994.318135262,-0.152081735,-0.197229861,-1.589113922,1.608512210
1750921994.330135345,-0.173224761,-0.271902825,-1.695143779,1.725529019
1750921994.342135429,-0.130318354,-0.296462596,-1.733581014,1.763569130
1750921994.354135513,-0.097731133,-0.177872580,-1.578358517,1.591353398
1750921994.366135597,-0.129348205,-0.039025462,-1.492339681,1.498443081
1750921994.378135681,-0.185848256,-0.063584186,-1.551621241,1.564004795
1750921994.390135765,-0.260376669,-0.289395200,-1.676043256,1.720658766
1750921994.402135849,-0.279909331,-0.305324208,-1.487274726,1.543877656
1750921994.414135933,-0.219888652,-0.157485868,-1.360682369,1.387302897
1750921994.426136017,-0.104555135,-0.164908457,-1.437548626,1.450748988
1750921994.438136101,0.028387374,-0.183098431,-1.394260250,1.406517871
1750921994.450136185,-0.031214308,-0.248497587,-1.501581197,1.522324366
1750921994.462136269,-0.193973700,-0.223052706,-1.576681044,1.604151308
1750921994.474136353,-0.176656963,-0.192580560,-1.607852147,1.628951651
1750921994.486136436,-0.207722582,-0.154897460,-1.629569005,1.650041526
1750921994.498136520,-0.286187237,-0.130127999,-1.594078377,1.624783771
1750921994.510136604,-0.263139668,-0.190459063,-1.567817090,1.601114477
1750921994.522136688,-0.213232833,-0.152775321,-1.580345127,1.601967309
1750921994.534136772,-0.141664187,-0.017393741,-1.544938446,1.551517349
1750921994.546136856,-0.229443435,-0.062472943,-1.465012624,1.484186358
1750921994.558136940,-0.251060954,-0.094418316,-1.493800407,1.517691034
1750921994.570137024,-0.302749502,-0.157922375,-1.502600049,1.540910006
1750921994.582137108,-0.150479696,-0.269929322,-1.524223511,1.555237374
1750921994.594137192,-0.006127087,-0.323492722,-1.563240069,1.596372324
1750921994.606137276,-0.162689336,-0.212825886,-1.557168402,1.580043073
1750921994.618137360,-0.114945144,-0.136013480,-1.624595819,1.634326659
1750921994.630137444,-0.123619517,-0.246355836,-1.635318167,1.658384301
1750921994.642137527,-0.181586698,-0.152044789,-1.564509017,1.582333660
1750921994.654137611,-0.250270085,-0.104815812,-1.447054667,1.472273304
1750921994.666137695,-0.309665096,-0.152795958,-1.382190457,1.424671729
1750921994.678137779,-0.272271056,-0.141363031,-1.412685968,1.445612907
1750921994.690137863,-0.230907515,-0.169153160,-1.470064420,1.497671684
1750921994.702137947,-0.179263388,-0.109711672,-1.527808916,1.542197165
1750921994.714138031,-0.227605372,-0.031383951,-1.451496151,1.469568043
1750921994.726138115,-0.168360080,-0.119982503,-1.444496258,1.459215665
1750921994.738138199,-0.072770832,-0.116735994,-1.438752797,1.445313979
1750921994.750138283,-0.264115021,-0.198882237,-1.400013114,1.438522718
1750921994.762138367,-0.320689971,-0.150915823,-1.453909758,1.496486294
1750921994.774138451,-0.261527852,0.055350576,-1.379196902,1.404864619
1750921994.786138535,-0.316160459,0.001344020,-1.334459421,1.371401177
1750921994.798138618,-0.260101877,-0.099692959,-1.423822099,1.450813924
1750921994.810138702,-0.257721186,-0.092314510,-1.488950013,1.513906972
1750921994.822138786,0.093962109,0.008286166,-1.592478528,1.595269695
1750921994.834138870,0.166095746,-0.063553396,-1.554658305,1.564796880
1750921994.846138954,-0.151842165,-0.111518081,-1.474150290,1.486139766
1750921994.858139038,-0.084902864,-0.135188059,-1.557296826,1.565457669
1750921994.870139122,0.014029385,-0.206501103,-1.633491870,1.646552525
1750921994.882139206,0.014472472,-0.116836801,-1.565018128,1.569440038
1750921994.894139290,0.036746791,-0.090339736,-1.530407117,1.533511506
1750921994.906139374,0.124682732,-0.154967010,-1.636705152,1.648746285
1750921994.918139458,-0.060503091,-0.150232795,-1.693468719,1.701195703
1750921994.930139542,-0.085809658,-0.326827629,-1.662370245,1.696365064
1750921994.942139626,-0.221547116,-0.463701983,-1.619368918,1.698958018
1750921994.954139709,-0.356919878,-0.224689794,-1.604888510,1.659380738
1750921994.966139793,0.051860793,0.101255075,-1.590349878,1.594413643
1750921994.978139877,0.194717227,-0.009547525,-1.527529187,1.539919274
1750921994.990139961,0.005415944,-0.152443017,-1.527129850,1.534729222
1750921995.002140045,-0.132052224,-0.168532964,-1.658334444,1.672098765
1750921995.014140129,-0.074630140,-0.279281430,-1.671448247,1.696262661
1750921995.026140213,-0.093994228,-0.101869887,-1.523104923,1.529398900
1750921995.038140297,-0.233796370,-0.012576763,-1.464252313,1.482853248
1750921995.050140381,-0.266141301,-0.140958094,-1.459937401,1.490676890
1750921995.062140465,-0.251210448,-0.148135710,-1.500931744,1.529001955
1750921995.074140549,-0.236373963,-0.093813490,-1.549602441,1.570331604
1750921995.086140633,-0.245636851,-0.148904857,-1.505682294,1.532837007
1750921995.098140717,-0.227318342,-0.149305265,-1.474542480,1.499413624
1750921995.110140800,-0.138719923,-0.025300309,-1.587661270,1.593910798
1750921995.122140884,-0.120097521,-0.052915674,-1.655731763,1.660924788
1750921995.134140968,-0.160034495,-0.151819755,-1.649751341,1.664433767
1750921995.146141052,-0.145196794,-0.112605017,-1.659627804,1.669768381
1750921995.158141136,-0.201216806,-0.136898007,-1.561996705,1.580842488
1750921995.170141220,-0.215042331,-0.150008321,-1.538586416,1.560767075
1750921995.182141304,-0.166894487,-0.099189795,-1.602455698,1.614173674
1750921995.194141388,-0.099767313,-0.014331660,-1.608939975,1.612093905
1750921995.206141472,-0.136042615,-0.028529637,-1.602957365,1.608972917
1750921995.218141556,-0.200891408,-0.108709592,-1.579342291,1.595774798
1750921995.230141640,-0.212489584,-0.126491423,-1.558210154,1.577710616
1750921995.242141724,-0.216441995,-0.103615894,-1.606843936,1.624663296
1750921995.254141808,-0.255799457,-0.075768733,-1.558675175,1.581342014
1750921995.266141891,-0.241417292,-0.056008103,-1.497329446,1.517700460
1750921995.278141975,-0.156209199,-0.095472107,-1.508884593,1.519950312
1750921995.290142059,-0.110108530,-0.232693513,-1.660174382,1.680014625
1750921995.302142143,-0.179858548,-0.238172626,-1.718590066,1.744312791
1750921995.314142227,-0.241020729,-0.156914931,-1.618416848,1.643771998
1750921995.326142311,-0.133089995,-0.091833641,-1.635916114,1.643888043
1750921995.338142395,-0.087328641,-0.075409966,-1.650651929,1.654679650
1750921995.350142479,-0.147829980,-0.124528088,-1.606673789,1.618258821
1750921995.362142563,-0.199210515,-0.127462243,-1.540466668,1.558515000
1750921995.374142647,-0.169514558,-0.089570940,-1.515719822,1.527797342
1750921995.386142731,-0.137267397,-0.154624751,-1.653619468,1.666495874
1750921995.398142815,-0.154443865,-0.207584896,-1.720733118,1.740076683
1750921995.410142899,-0.167843750,-0.173739338,-1.694125971,1.711262600
1750921995.422142982,-0.185913584,-0.144498872,-1.638310845,1.655145374
1750921995.434143066,-0.143490152,-0.139854962,-1.584923760,1.597539408
1750921995.446143150,-0.022855874,-0.080222349,-1.649365106,1.651473060
1750921995.458143234,-0.004884405,-0.110736233,-1.710528095,1.714115730
1750921995.470143318,-0.107272767,-0.154838079,-1.712075673,1.722406859
1750921995.482143402,-0.140613866,-0.199625929,-1.803944164,1.820394825
1750921995.494143486,-0.195137975,-0.262228197,-1.847294634,1.875990384
1750921995.506143570,-0.068220413,-0.402874352,-1.910644638,1.953848689
1750921995.518143654,0.011696051,-0.359054749,-1.967225511,1.999758316
1750921995.530143738,-0.122195624,-0.198653880,-1.848182971,1.862840688
1750921995.542143822,-0.069919649,-0.229146925,-1.744954445,1.761324242
1750921995.554143906,0.022988757,-0.213581057,-1.804511792,1.817252916
1750921995.566143990,0.042796718,-0.205374627,-1.832802731,1.844769945
1750921995.578144073,-0.011898827,-0.260379205,-1.780334959,1.799314169
1750921995.590144157,-0.050833884,-0.180256062,-1.919066005,1.928183255
1750921995.602144241,0.055961964,-0.143242632,-1.894370622,1.900602601
1750921995.614144325,0.064005111,-0.336777710,-1.946100014,1.976062030
1750921995.626144409,-0.156048063,-0.127655262,-1.791576929,1.802885120
1750921995.638144493,0.089695181,0.021652050,-1.749898327,1.752329361
1750921995.650144577,0.528632387,-0.498514178,-2.142914331,2.262752840
1750921995.662144661,0.288383246,-0.516082470,-2.014363485,2.099325192
1750921995.674144745,-0.100926564,-0.194195107,-1.768314709,1.781806617
1750921995.686144829,-0.182073498,-0.295763532,-1.788167997,1.821584918
1750921995.698144913,-0.306378479,-0.336426650,-1.951782156,2.004121815
1750921995.710144997,-0.291081586,-0.255528018,-1.929502206,1.967994365
1750921995.722145081,-0.092792136,-0.262540623,-1.857191975,1.877951008
1750921995.734145164,-0.153908273,-0.359048831,-1.959582565,1.998141049
1750921995.746145248,-0.234071027,-0.281106158,-1.883859019,1.919045263
1750921995.758145332,-0.145072019,-0.219024461,-1.781637532,1.800902524
1750921995.770145416,0.081933840,-0.117245565,-1.820630633,1.826240832
1750921995.782145500,0.264651369,0.032605226,-1.880318113,1.899131290
1750921995.794145584,-0.012465228,-0.113440918,-1.925403999,1.928783239
1750921995.806145668,-0.236176264,-0.289943662,-1.915565103,1.951726471
1750921995.818145752,-0.084654314,-0.000047370,-1.753246491,1.755289040
1750921995.830145836,-0.143045249,0.176619006,-1.719938738,1.734890624
1750921995.842145920,-0.177701993,0.142854508,-1.767139521,1.781787725
1750921995.854146004,-0.112782788,0.022322593,-1.813282066,1.816923252
1750921995.866146088,-0.067429177,-0.192858130,-1.865328963,1.876484238
1750921995.878146172,-0.043242001,-0.200485209,-1.821581201,1.833090904
1750921995.890146255,-0.121052859,-0.074479727,-1.803496799,1.809088646
1750921995.902146339,-0.135351096,-0.029986528,-1.732108421,1.737647459
1750921995.914146423,-0.147077762,-0.165488890,-1.771298602,1.785081841
1750921995.926146507,-0.150286169,-0.170429925,-1.836665997,1.850668603
1750921995.938146591,-0.077015176,-0.002271919,-1.740390826,1.742095499
1750921995.950146675,0.011449424,0.004355968,-1.730246195,1.730289559
1750921995.962146759,-0.072530357,-0.219017660,-1.852471233,1.866783077
1750921995.974146843,-0.189364892,-0.219503358,-1.824926178,1.847808524
1750921995.986146927,-0.183400896,-0.128755462,-1.747632370,1.761940056
1750921995.998147011,-0.228275869,-0.248831365,-1.867901536,1.898178882
1750921996.010147095,-0.229749667,-0.240339551,-1.889348703,1.918381226
1750921996.022147179,-0.179448170,-0.053513712,-1.777794675,1.787629511
1750921996.034147263,-0.097792215,-0.063393359,-1.757418180,1.761278142
1750921996.046147346,-0.037507740,-0.114539346,-1.710044857,1.714286879
1750921996.058147430,-0.069388763,-0.143232294,-1.714792682,1.722162662
1750921996.070147514,0.009078814,-0.066613632,-1.837749736,1.838979036
1750921996.082147598,-0.038304437,-0.001746862,-1.766187297,1.766603478
1750921996.094147682,-0.096434586,-0.002396154,-1.616058126,1.618934599
1750921996.106147766,-0.106880743,-0.017182280,-1.704901915,1.708335232
1750921996.118147850,-0.558690943,-0.319874040,-1.458385013,1.594158655
1750921996.130147934,-0.559448153,-0.441531208,-1.515130381,1.674381114
1750921996.142148018,-0.152162891,-0.307614152,-1.840900524,1.872617086
1750921996.154148102,-0.102758172,-0.563919945,-1.871939868,1.957734358
1750921996.166148186,-0.044194333,-0.523950560,-1.799640969,1.874882649
1750921996.178148270,-0.090893630,-0.108659374,-1.689260384,1.695190006
1750921996.190148354,-0.191410678,-0.123533460,-1.790316002,1.804752046
1750921996.202148438,-0.133918659,-0.124494344,-1.722276144,1.731955013
1750921996.214148521,-0.025024313,-0.148783730,-1.744042237,1.750555951
1750921996.226148605,-0.078560954,-0.166992542,-1.834541961,1.843801112
1750921996.238148689,-0.096890475,-0.169450161,-1.766683015,1.777433542
1750921996.250148773,-0.009463662,-0.204036755,-1.794909959,1.806494483
1750921996.262148857,-0.032594151,-0.161747440,-1.829612018,1.837036949
1750921996.274148941,-0.032638260,-0.123342696,-1.684007179,1.688833579
1750921996.286149025,-0.008948139,-0.094888385,-1.609662836,1.612482037
1750921996.298149109,-0.055081577,-0.152624679,-1.663487104,1.671381949
1750921996.310149193,-0.018920429,-0.159014339,-1.674738937,1.682377499
1750921996.322149277,0.008821876,-0.133396655,-1.618597327,1.624108925
1750921996.334149361,-0.097660485,-0.113953640,-1.600335071,1.607356632
1750921996.346149445,-0.126291312,-0.118412439,-1.704522940,1.713291994
1750921996.358149529,-0.015289121,-0.262909624,-1.791941883,1.811190476
1750921996.370149612,0.020492310,-0.165941117,-1.623121570,1.631710765
1750921996.382149696,-0.039538541,-0.059436943,-1.544853884,1.546502367
1750921996.394149780,0.035686358,-0.132683582,-1.620474232,1.626288777
1750921996.406149864,0.001102369,-0.207615263,-1.677723099,1.690520662
1750921996.418149948,0.043572806,-0.281844204,-1.802757634,1.825176658
1750921996.430150032,0.120932226,-0.193767493,-1.749160750,1.764010707
1750921996.442150116,0.195851586,-0.039156620,-1.474841788,1.488304198
1750921996.454150200,0.204868429,0.026851735,-1.490434380,1.504688251
1750921996.466150284,-0.083595658,-0.017341794,-1.670331865,1.672512335
1750921996.478150368,-0.051830285,-0.208337166,-1.871287846,1.883562836
1750921996.490150452,0.352809718,-0.374424696,-2.036040447,2.100030774
1750921996.502150536,0.304330688,-0.185201793,-1.779659388,1.814966779
1750921996.514150620,-0.221496190,0.099439755,-1.483792174,1.503525206
1750921996.526150703,-0.247193399,0.075251026,-1.535767392,1.557353131
1750921996.538150787,0.140154748,-0.220933107,-1.939817320,1.957382443
1750921996.550150871,0.201472902,-0.447979350,-2.063436368,2.121095583
1750921996.562150955,0.115994230,-0.323945506,-1.774037886,1.807098717
1750921996.574151039,-0.126601855,-0.044215348,-1.541682111,1.547503395
1750921996.586151123,-0.183074298,-0.041532619,-1.598782685,1.609766204
1750921996.598151207,0.240827112,-0.035781346,-1.894829771,1.910407774
1750921996.610151291,0.402860999,0.033636644,-1.906311903,1.948705591
1750921996.622151375,0.129423769,0.020682042,-1.672890327,1.678016778
1750921996.634151459,-0.178421350,-0.114081958,-1.780912904,1.793460243
1750921996.646151543,-0.215458805,-0.168700667,-1.791060747,1.811844643
1750921996.658151627,-0.132365572,-0.121897824,-1.645669430,1.655478057
1750921996.670151711,0.346322821,0.026801087,-1.842661398,1.875115683
1750921996.682151794,0.331816462,0.070868703,-1.827807699,1.859033491
1750921996.694151878,-0.135399210,-0.138594894,-1.680668728,1.691800480
1750921996.706151962,-0.110820676,0.000874145,-1.618952387,1.622741143
1750921996.718152046,-0.072940130,0.041644066,-1.590588464,1.592804493
1750921996.730152130,-0.080981638,-0.136222449,-1.757898561,1.765027460
1750921996.742152214,-0.091358154,-0.418443131,-1.832542219,1.881927722
1750921996.754152298,-0.122897366,-0.510735867,-1.876197174,1.948350770
1750921996.766152382,-0.228242123,-0.224394803,-1.776771161,1.805370669
1750921996.778152466,-0.288649630,-0.414487641,-1.816048404,1.884980217
1750921996.790152550,-0.196396299,-0.456083053,-1.872128001,1.936865124
1750921996.802152634,-0.136939847,-0.050982440,-1.638930773,1.645431800
1750921996.814152718,-0.789706165,-0.746706195,-1.700487755,2.018133934
1750921996.826152802,-0.932249927,-1.358906496,-1.891290443,2.508524732
1750921996.838152885,-0.549165258,-1.073001386,-1.893885016,2.244930936
1750921996.850152969,-0.385519242,-0.551449245,-1.861871264,1.979718656
1750921996.862153053,-0.085075024,-0.009638030,-1.766191331,1.768265384
1750921996.874153137,-0.100936850,-0.317920626,-1.803376098,1.833964864
1750921996.886153221,-0.570890990,-0.828767724,-2.039726475,2.274479403
1750921996.898153305,-0.885212852,-0.952872529,-2.151079718,2.513704796
1750921996.910153389,-0.294959414,-0.614162097,-2.022291066,2.133976873
1750921996.922153473,-0.302277454,-0.792293052,-2.218780460,2.375307700
1750921996.934153557,-0.487009629,-0.932054724,-2.335663977,2.561489919
1750921996.946153641,-0.054905256,-0.584363770,-2.243132480,2.318650238
1750921996.958153725,0.203966723,-0.563024618,-2.257298984,2.335379594
1750921996.970153809,-0.162060802,-0.690713602,-2.131210340,2.246198231
1750921996.982153893,-0.394121933,-0.794098804,-1.820651510,2.025017760
1750921996.994153976,-0.022649944,-0.394873384,-1.667980510,1.714233645
1750921997.006154060,0.243057345,-0.530211349,-2.314048408,2.386424309
1750921997.018154144,0.136366129,-0.722530382,-2.485632234,2.592105992
1750921997.030154228,-0.143419111,-0.304403186,-2.072203769,2.099347232
1750921997.042154312,-0.128524560,-0.052331590,-1.900718895,1.905777919
1750921997.054154396,0.183319706,0.213750712,-1.578413968,1.603335940
1750921997.066154480,0.379758933,0.385708636,-1.437767981,1.536282776
1750921997.078154564,0.305610486,-0.021244683,-1.789967248,1.815993352
1750921997.090154648,0.458774759,-0.493246303,-2.079323372,2.185715416
1750921997.102154732,0.755934381,-0.391720235,-1.978464968,2.153881417
1750921997.114154816,0.773708049,-0.250707304,-1.815072238,1.988960916
1750921997.126154900,0.605187863,0.002785240,-1.568027151,1.680764485
1750921997.138154984,0.694095294,0.041833916,-1.595900368,1.740809104
1750921997.150155067,0.532139878,-0.252182346,-1.769242054,1.864667861
1750921997.162155151,0.534590347,-0.290717208,-1.796529206,1.896792166
1750921997.174155235,0.564434602,-0.280265759,-1.764082994,1.873265632
1750921997.186155319,0.578544075,-0.357678568,-1.664277869,1.797906568
1750921997.198155403,0.463794635,-0.208024720,-1.669453785,1.745123402
1750921997.210155487,0.281628671,-0.220818350,-1.817672649,1.852568301
1750921997.222155571,0.708843953,-0.109269852,-1.689053909,1.835021188
1750921997.234155655,0.954083858,0.011569990,-1.400561612,1.694692509
1750921997.246155739,0.718738666,-0.048340517,-1.456531728,1.624932845
1750921997.258155823,0.668125104,-0.042006877,-1.604507897,1.738563006
1750921997.270155907,0.326402728,-0.348492179,-1.924104675,1.982464209
1750921997.282155991,0.084153841,-0.234002014,-2.001380763,2.016770629
1750921997.294156075,0.158235094,-0.044738057,-1.740060146,1.747812676
1750921997.306156158,-0.138747319,-0.145842087,-1.814758180,1.825888273
1750921997.318156242,-0.129925641,-0.246547341,-1.896132000,1.916502759
1750921997.330156326,-0.159853557,-0.143153251,-1.836544518,1.849038068
1750921997.342156410,-0.115394504,-0.047097858,-1.780311899,1.784669313
1750921997.354156494,-0.079613232,-0.104847116,-1.741337794,1.746307103
1750921997.366156578,-0.071010447,-0.090210587,-1.840864951,1.844441433
1750921997.378156662,-0.140192961,-0.120995199,-1.802916384,1.812402106
1750921997.390156746,-0.214100508,-0.185009545,-1.737584255,1.760473403
1750921997.402156830,-0.114694763,-0.144082204,-1.880829304,1.889823654
1750921997.414156914,-0.123237451,-0.200318929,-1.933939735,1.948188399
1750921997.426156998,-0.118735238,-0.104441608,-1.842451840,1.849225484
1750921997.438157082,-0.056886304,-0.039674444,-1.861043807,1.862335674
1750921997.450157166,-0.130963684,-0.137301178,-1.997332653,2.006325205
1750921997.462157249,-0.181601317,-0.074941879,-1.958507109,1.968335698
1750921997.474157333,-0.220897970,-0.055173447,-1.744866093,1.759658406
1750921997.486157417,-0.237071898,-0.064613509,-1.729703753,1.747069851
1750921997.498157501,-0.196919778,-0.060722642,-1.910311026,1.921393467
1750921997.510157585,-0.225678191,-0.067248067,-1.900553933,1.915086995
1750921997.522157669,-0.163268778,-0.077783478,-1.770506476,1.779719120
1750921997.534157753,-0.051553648,-0.109129296,-1.787901952,1.791971086
1750921997.546157837,-0.073921475,-0.115086339,-1.839761200,1.844838888
1750921997.558157921,-0.093353764,-0.070156425,-1.877745372,1.881373044
1750921997.570158005,-0.149476233,-0.082385171,-1.889258712,1.896952541
1750921997.582158089,-0.243168138,-0.165011332,-1.821817335,1.845366599
1750921997.594158173,-0.257184589,-0.046435780,-1.697353913,1.717355671
1750921997.606158257,-0.151264499,-0.126501814,-1.745120310,1.756225656
1750921997.618158340,-0.013884809,-0.213911967,-1.904440752,1.916466983
1750921997.630158424,-0.054696842,-0.104097888,-1.775057996,1.778948848
1750921997.642158508,-0.131725867,-0.146883141,-1.782327756,1.793214597
1750921997.654158592,-0.123647506,-0.153468249,-1.888644372,1.898899359
1750921997.666158676,-0.100440749,-0.096926841,-1.846494745,1.851762944
1750921997.678158760,-0.150757110,-0.079861012,-1.822070231,1.830039731
1750921997.690158844,-0.200716912,-0.118079407,-1.806189911,1.821140308
1750921997.702158928,-0.117375247,-0.057062460,-1.810167064,1.814865800
1750921997.714159012,-0.114600585,-0.072565198,-1.817030934,1.822086831
1750921997.726159096,-0.108433577,-0.123216944,-1.830902825,1.838245198
1750921997.738159180,-0.070675318,-0.098820119,-1.908681504,1.912544247
1750921997.750159264,-0.106537234,-0.097350303,-1.923544263,1.928950439
1750921997.762159348,-0.090651518,-0.087566900,-1.888300667,1.892502330
1750921997.774159431,-0.148180107,-0.036818918,-1.803466242,1.809918081
1750921997.786159515,-0.184085029,-0.060266607,-1.734861231,1.745641100
1750921997.798159599,-0.145172589,-0.128443711,-1.789191072,1.799660401
1750921997.810159683,-0.174504601,-0.094963672,-1.821686461,1.832487795
1750921997.822159767,-0.167578373,-0.059625695,-1.772975488,1.781875364
1750921997.834159851,-0.148771370,-0.107447344,-1.782748158,1.792168755
1750921997.846159935,-0.116988280,-0.173346083,-1.828563973,1.840483992
1750921997.858160019,-0.149116879,-0.188228525,-1.829407225,1.845100706
1750921997.870160103,-0.216247529,-0.100369354,-1.754734631,1.770855902
1750921997.882160187,-0.127574182,-0.013418571,-1.784802896,1.789406775
1750921997.894160271,-0.051610240,-0.042669042,-1.869038538,1.870237771
1750921997.906160355,-0.097408591,-0.044195852,-1.853433219,1.856517278
1750921997.918160439,-0.113797422,-0.077605383,-1.868058823,1.873130058
1750921997.930160522,-0.116701757,-0.245275807,-1.893333616,1.912718406
1750921997.942160606,-0.073509732,-0.249427025,-2.090143590,2.106256810
1750921997.954160690,-0.087565035,-0.128145520,-2.068833647,2.074647336
1750921997.966160774,-0.140504128,-0.176161319,-1.878490050,1.891956418
1750921997.978160858,-0.210328818,-0.170501809,-1.837581863,1.857421918
1750921997.990160942,-0.145586732,-0.040099573,-1.746757707,1.753272928
1750921998.002161026,-0.057287190,0.045180819,-1.737989625,1.739520355
1750921998.014161110,-0.029270222,-0.059650106,-1.895847678,1.897011676
1750921998.026161194,-0.006943911,-0.136960822,-1.867493447,1.872521898
1750921998.038161278,-0.074845626,-0.184117317,-1.836873554,1.847594519
1750921998.050161362,-0.096949086,-0.163454134,-1.774490836,1.784638368
1750921998.062161446,-0.119191339,-0.052324648,-1.664525025,1.669607140
1750921998.074161530,-0.036589910,-0.095608469,-1.883063984,1.885844577
1750921998.086161613,-0.107198595,-0.106583465,-1.844537747,1.850721771
1750921998.098161697,-0.228573646,-0.083154093,-1.698207645,1.715537735
1750921998.110161781,-0.173349088,-0.116512336,-1.666455503,1.679493666
1750921998.122161865,-0.056010474,-0.152582835,-1.684744890,1.692567293
1750921998.134161949,-0.044638683,-0.138020172,-1.782740991,1.788632891
1750921998.146162033,-0.102170904,-0.164439999,-1.668194390,1.679390345
1750921998.158162117,-0.055774425,-0.182775512,-1.755093805,1.765466493
1750921998.170162201,0.177376802,-0.013639464,-2.263719907,2.270699535
1750921998.182162285,0.192182575,0.015400125,-2.280799519,2.288933759
1750921998.194162369,0.038670116,-0.150304377,-1.790440266,1.797154175
1750921998.206162453,0.050761493,-0.194126498,-1.674956463,1.686932417
1750921998.218162537,-0.007166158,-0.186381534,-1.625836008,1.636499971
1750921998.230162621,-0.070170140,-0.168202640,-1.765674949,1.775056057
1750921998.242162704,-0.006420532,-0.059217610,-2.057306259,2.058168358
1750921998.254162788,0.070914125,0.026139317,-1.939784996,1.941256785
1750921998.266162872,0.083268795,0.011336570,-1.852742317,1.854647218
1750921998.278162956,0.036886202,-0.077741454,-1.953133794,1.955028374
1750921998.290163040,-0.011797980,-0.129572628,-1.798057997,1.802759224
1750921998.302163124,0.063857311,-0.091677894,-1.842462032,1.845846399
1750921998.314163208,0.301223171,-0.128762117,-2.159188303,2.183897710
1750921998.326163292,0.302061499,-0.127415715,-2.291300834,2.314635052
1750921998.338163376,0.094872323,-0.137299913,-2.016054247,2.022950012
1750921998.350163460,-0.091438882,-0.138396473,-1.620700497,1.629166890
1750921998.362163544,-0.228212661,-0.055188733,-1.784059944,1.799443441
1750921998.374163628,-0.041341745,-0.066976534,-1.919289449,1.920902648
1750921998.386163712,0.041361921,-0.200416536,-2.056781443,2.066936744
1750921998.398163795,0.048301077,-0.160804846,-2.214098955,2.220456118
1750921998.410163879,0.054884611,-0.087581598,-2.028153499,2.030785432
1750921998.422163963,-0.225300598,-0.079130031,-1.771263482,1.787287399
1750921998.434164047,-0.116006443,-0.037645671,-1.651272877,1.655770759
1750921998.446164131,0.145218271,-0.072803159,-1.480575553,1.489460511
1750921998.458164215,0.048992252,0.062671571,-1.670799491,1.672692113
1750921998.470164299,0.098260894,0.202350456,-2.061596219,2.073832173
1750921998.482164383,-0.081893440,0.001047689,-2.037018993,2.038664762
1750921998.494164467,-0.217485540,-0.016835675,-1.870915838,1.883589518
1750921998.506164551,-0.148599091,0.035387627,-1.808881433,1.815319810
1750921998.518164635,-0.072505106,-0.036089784,-1.738800383,1.740685565
1750921998.530164719,0.004596628,-0.047114601,-1.771983940,1.772616145
1750921998.542164803,-0.247079629,-0.208853706,-2.049531952,2.074909500
1750921998.554164886,-0.313513509,-0.253379873,-1.893915208,1.936338529
1750921998.566164970,-0.041713583,-0.016548486,-1.843256008,1.843802209
1750921998.578165054,-0.079079735,0.083183069,-1.921602399,1.925026963
1750921998.590165138,-0.159624620,-0.050818064,-1.712892715,1.721064771
1750921998.602165222,-0.007205776,0.034410367,-1.558102464,1.558499049
1750921998.614165306,0.087378172,0.074457801,-1.565032551,1.569237329
1750921998.626165390,-0.087307449,-0.134869460,-1.866643498,1.873544852
1750921998.638165474,-0.227996673,-0.241311460,-2.003257855,2.030580148
1750921998.650165558,-0.026552079,-0.114955190,-1.751012541,1.754982800
1750921998.662165642,0.035741766,0.065124014,-1.537203488,1.538997458
1750921998.674165726,-0.018639244,0.018660142,-1.588926210,1.589145092
1750921998.686165810,-0.147790174,-0.049438338,-1.788305855,1.795083262
1750921998.698165894,-0.208330331,-0.035304905,-1.994578040,2.005739146
1750921998.710165977,-0.105905232,-0.008773574,-1.884292707,1.887286915
1750921998.722166061,0.534077968,0.132745317,-1.805118014,1.887143778
1750921998.734166145,0.572667834,0.154447263,-1.773827701,1.870365503
1750921998.746166229,0.060934615,0.155611577,-1.384678450,1.394726640
1750921998.758166313,0.123949667,0.334386562,-1.386981663,1.432094978
1750921998.770166397,0.180543494,0.271001339,-1.562760614,1.596326538
1750921998.782166481,0.095789284,0.119187356,-1.359706962,1.368277836
1750921998.794166565,0.169059655,0.130579176,-1.510723283,1.525751266
1750921998.806166649,0.029305472,0.130093633,-1.568805259,1.574462798
1750921998.818166733,0.060783258,-0.148353849,-1.951019359,1.957595466
1750921998.830166817,0.383849575,-0.190371890,-2.164748668,2.206743924
1750921998.842166901,0.032762657,0.108888931,-1.743498539,1.747202720
1750921998.854166985,-0.108978780,0.065681678,-1.628713010,1.633675772
1750921998.866167068,0.514297153,0.142834371,-1.665547478,1.748985883
1750921998.878167152,0.421086387,0.243920251,-1.507434125,1.584035503
1750921998.890167236,-0.242097987,0.102695952,-1.494821543,1.517777763
1750921998.902167320,-0.369450426,0.103753542,-1.743104138,1.784844657
1750921998.914167404,-0.219602841,0.202307051,-1.650211583,1.677006804
1750921998.926167488,-0.030441705,0.194104336,-1.577144448,1.589335647
1750921998.938167572,-0.131239574,-0.032930817,-1.772132846,1.777290941
1750921998.950167656,-0.163564483,-0.218225783,-1.842507296,1.862581265
1750921998.962167740,-0.196638406,-0.200805446,-1.777303228,1.799387744
1750921998.974167824,-0.226758150,-0.104519462,-1.741440601,1.759249540
1750921998.986167908,-0.186698686,0.038854238,-1.657683229,1.668616115
1750921998.998167992,-0.249866853,0.019713566,-1.851950258,1.868834350
1750921999.010168076,-0.182578952,0.023665238,-1.842364482,1.851540440
1750921999.022168159,-0.173467120,-0.002504956,-1.624091677,1.633331225
1750921999.034168243,-0.162285627,-0.173252131,-1.704647774,1.721097603
1750921999.046168327,0.005703128,-0.204832037,-1.795544893,1.807199533
1750921999.058168411,0.189969680,-0.083998394,-1.655134643,1.668117171
1750921999.070168495,0.376477681,0.032507343,-1.542287526,1.587905219
1750921999.082168579,0.194297725,0.165320119,-1.553244408,1.574055443
1750921999.094168663,-0.128004656,0.086541815,-1.581889220,1.589417561
1750921999.106168747,-0.239354595,-0.110381042,-1.768379787,1.787915454
1750921999.118168831,-0.204680623,-0.128534829,-1.895536755,1.910883291
1750921999.130168915,-0.186215575,-0.140593642,-1.914067390,1.928236703
1750921999.142168999,-0.100814132,0.084087036,-1.705751386,1.710795695
1750921999.154169083,-0.047932375,0.114018149,-1.612233899,1.616971179
1750921999.166169167,-0.100909299,-0.126154079,-1.743315783,1.750784812
1750921999.178169250,0.077809226,-0.150104994,-1.717278110,1.725581030
1750921999.190169334,-0.028402498,0.022042708,-1.642083966,1.642477499
1750921999.202169418,-0.247972004,0.201773599,-1.665250763,1.695659991
1750921999.214169502,0.150133612,-0.006358633,-1.471979114,1.479629361
1750921999.226169586,0.475947422,-0.275931424,-1.554690267,1.649159158
1750921999.238169670,0.037730078,0.784970479,-1.895134414,2.051618059
1750921999.250169754,-0.218049767,1.012756303,-1.657658867,1.954751634
1750921999.262169838,-0.104290075,-0.068335501,-1.620786804,1.625575598
1750921999.274169922,-0.037955557,-0.086283700,-1.789107237,1.791588738
1750921999.286170006,0.117536761,-0.067599862,-1.845695649,1.850669355
1750921999.298170090,0.013861253,-0.146211640,-1.908530995,1.914173591
1750921999.310170174,-0.079484037,-0.021711538,-1.848155329,1.849991142
1750921999.322170258,-0.139347083,-0.133019721,-1.755903697,1.766439823
1750921999.334170341,-0.197593319,-0.126734297,-1.741773511,1.757520886
1750921999.346170425,-0.118873719,-0.107824156,-1.819184634,1.826250186
1750921999.358170509,-0.175685893,-0.202531134,-1.831554272,1.851074132
1750921999.370170593,-0.172861121,-0.196674432,-1.859280972,1.877628167
1750921999.382170677,-0.110191887,-0.242261821,-1.937532072,1.955725843
1750921999.394170761,-0.166367041,-0.182145229,-1.924204774,1.939953321
1750921999.406170845,-0.182050108,-0.180807808,-1.947479820,1.964309384
1750921999.418170929,-0.209989290,-0.153167577,-1.852045873,1.870195103
1750921999.430171013,-0.176997071,-0.103972388,-1.746441776,1.758464415
1750921999.442171097,-0.008945516,-0.177107968,-1.794555853,1.803296416
1750921999.454171181,-0.014412960,-0.312855139,-1.834795505,1.861333021
1750921999.466171265,-0.099828536,-0.183603712,-1.814471082,1.826466908
1750921999.478171349,-0.038680965,-0.201932968,-1.807532774,1.819188794
1750921999.490171432,0.007143386,-0.518132556,-1.895564721,1.965115260
1750921999.502171516,-0.054791574,-0.909477646,-2.032491196,2.227368889
1750921999.514171600,-0.125060441,-0.765531957,-1.982755944,2.129084410
1750921999.526171684,-0.121083255,-0.199328793,-1.817071991,1.831978096
1750921999.538171768,-0.129388400,-0.114074359,-1.805814225,1.814033995
1750921999.550171852,-0.075975006,-0.129470574,-1.866293682,1.872321270
1750921999.562171936,-0.042349689,-0.129431707,-1.826000057,1.831071346
1750921999.574172020,0.014343140,-0.302413977,-1.838385866,1.863148553
1750921999.586172104,0.033862807,-0.448805663,-1.967774461,2.018590980
1750921999.598172188,-0.166361613,-0.302189823,-1.994466605,2.024078040
1750921999.610172272,-0.197739031,-0.246032325,-1.931554165,1.957175036
1750921999.622172356,-0.231731908,-0.232611697,-1.900844333,1.928993794
1750921999.634172440,-0.117884245,-0.072109177,-1.790694320,1.796018535
1750921999.646172523,0.052538981,-0.045179014,-1.797969416,1.799304173
1750921999.658172607,-0.299577455,0.039082594,-1.911754858,1.935479459
1750921999.670172691,-0.316472322,-0.027470778,-1.854655138,1.881662843
1750921999.682172775,0.056856534,-0.206492557,-1.766252205,1.779190460
1750921999.694172859,0.156805848,-0.315256529,-1.789916797,1.824219530
1750921999.706172943,0.103569058,-0.247975427,-1.742631054,1.763230374
1750921999.718173027,-0.074826106,0.043879353,-1.778363068,1.780477336
1750921999.730173111,-0.445199572,-0.308702761,-1.852491855,1.930084487
1750921999.742173195,-0.390908381,-0.302124710,-1.674218385,1.745593281
1750921999.754173279,0.010883776,-0.015376327,-1.670816355,1.670922554
1750921999.766173363,-0.110085001,-0.167165370,-1.788089897,1.799257750
1750921999.778173447,-0.210643673,-0.404857312,-1.972884207,2.024982048
1750921999.790173531,-0.139879733,-0.553446293,-1.936716185,2.019093539
1750921999.802173615,-0.185167999,-0.376680535,-1.779932474,1.828752314
1750921999.814173698,-0.202314323,-0.155013189,-1.790835698,1.808881608
1750921999.826173782,-0.141882584,-0.055723144,-1.828229618,1.834573322
1750921999.838173866,-0.144201943,-0.034116829,-1.748425771,1.754693944
1750921999.850173950,-0.188168360,-0.152992558,-1.788581311,1.804947967
1750921999.862174034,-0.174866301,-0.260858366,-1.964364730,1.989309956
1750921999.874174118,-0.151273957,-0.146751291,-1.906443785,1.918058304
1750921999.886174202,-0.109644308,-0.042715321,-1.782279296,1.786159556
1750921999.898174286,-0.134303671,-0.072669276,-1.774706585,1.781264092
1750921999.910174370,-0.168556043,-0.099703406,-1.796623830,1.807265640
1750921999.922174454,-0.128591707,-0.107800349,-1.823850714,1.831553485
1750921999.934174538,-0.057873726,-0.214546731,-1.861791431,1.875005867
1750921999.946174622,-0.034140810,-0.154397144,-1.866045723,1.872733487
1750921999.958174706,-0.150433551,-0.046444307,-1.747151618,1.754230915
1750921999.970174789,-0.176214193,-0.076826510,-1.730616738,1.741260477
1750921999.982174873,-0.091233695,-0.139530212,-1.797069416,1.804785514
1750921999.994174957,-0.140645653,-0.108583842,-1.775032124,1.783903218
1750922000.006175041,-0.133261834,-0.033246121,-1.780856211,1.786144693
1750922000.018175125,0.054650933,-0.091042270,-1.844471952,1.847525968
1750922000.030175209,0.062875413,-0.148561974,-1.914799292,1.921582760
1750922000.042175293,-0.107662616,-0.192695466,-1.855812161,1.868893137
1750922000.054175377,-0.106092324,-0.116222310,-1.795004478,1.801889087
1750922000.066175461,-0.056766677,-0.034679977,-1.802304298,1.803531519
1750922000.078175545,-0.088833619,-0.071322070,-1.779267431,1.782910778
1750922000.090175629,-0.131357980,-0.182225541,-1.818178270,1.832002535
1750922000.102175713,-0.081577408,-0.256045480,-1.865751671,1.885004896
1750922000.114175797,-0.055674703,-0.134649202,-1.765616502,1.771618388
1750922000.126175880,-0.042873291,-0.093980957,-1.785890399,1.788875361
1750922000.138175964,-0.094684152,-0.052613603,-1.766816202,1.770133546
1750922000.150176048,-0.022767840,-0.062207864,-1.847809705,1.848996727
1750922000.162176132,0.112017203,-0.072502690,-1.979740845,1.984232422
1750922000.174176216,0.059389440,0.083178795,-1.841528925,1.844362925
1750922000.186176300,-0.111041624,-0.007123186,-1.703441626,1.707071865
1750922000.198176384,-0.182767879,-0.205852842,-1.771518175,1.792778886
1750922000.210176468,-0.099583055,-0.280216345,-1.929682026,1.952462729
1750922000.222176552,0.012438112,0.014718513,-1.927406567,1.927502897
1750922000.234176636,0.018134786,0.129130001,-1.833614129,1.838244870
1750922000.246176720,0.123668086,-0.077978978,-1.859456811,1.865195472
1750922000.258176804,0.183821943,-0.026382413,-1.879481452,1.888633651
1750922000.270176888,-0.084646612,-0.141360618,-1.852486181,1.859799162
1750922000.282176971,-0.131496086,-0.135426937,-1.898936436,1.908295381
1750922000.294177055,-0.029298527,0.006291246,-1.924810347,1.925043599
1750922000.306177139,-0.080380794,0.045459576,-1.866663834,1.868946632
1750922000.318177223,-0.143447337,0.017676131,-1.841928015,1.847589888
1750922000.330177307,-0.095093333,-0.062524423,-1.895321092,1.898734865
1750922000.342177391,-0.076351687,-0.035548849,-1.925732835,1.927573670
1750922000.354177475,-0.123590649,-0.110141658,-1.811591638,1.819139934
1750922000.366177559,-0.178065362,-0.100171075,-1.772254175,1.783991697
1750922000.378177643,-0.141831006,-0.022583087,-1.874567995,1.880061488
1750922000.390177727,-0.133468866,-0.082596427,-1.821250223,1.828001226
1750922000.402177811,-0.120552785,-0.118553157,-1.782092247,1.790095138
1750922000.414177895,-0.062981929,-0.090960421,-1.819223113,1.822584225
1750922000.426177979,-0.052699306,-0.052928310,-1.799273015,1.800822591
1750922000.438178062,-0.055808290,0.003743980,-1.838240327,1.839091102
1750922000.450178146,-0.084974900,-0.028541001,-1.842117889,1.844297601
1750922000.462178230,-0.103377065,-0.081747594,-1.797600720,1.802425542
1750922000.474178314,-0.122263391,-0.152278188,-1.779166989,1.789852552
1750922000.486178398,-0.100259767,-0.157255145,-1.847480044,1.856869332
1750922000.498178482,-0.025613984,-0.048384108,-1.951350939,1.952118743
1750922000.510178566,-0.025814797,-0.058590262,-1.882354078,1.883442619
1750922000.522178650,-0.086173040,-0.123762114,-1.797862845,1.804176727
1750922000.534178734,-0.085039299,-0.104570340,-1.822777346,1.827753783
1750922000.546178818,-0.047544819,-0.072123050,-1.811088114,1.813147099
1750922000.558178902,-0.085630443,-0.107853092,-1.880117482,1.885154266
1750922000.570178986,-0.139526544,-0.147096139,-1.928954016,1.939579472
1750922000.582179070,-0.142421385,-0.136796319,-1.828390405,1.839023805
1750922000.594179153,-0.089966730,-0.133846548,-1.781600107,1.788884528
1750922000.606179237,-0.031956160,-0.081065915,-1.739220114,1.741401586
1750922000.618179321,0.044135605,-0.021337146,-1.894432137,1.895066317
1750922000.630179405,0.025401357,-0.080546240,-1.958383802,1.960204081
1750922000.642179489,-0.120017816,-0.107031138,-1.763412786,1.770729961
1750922000.654179573,-0.178945663,-0.074143937,-1.722572316,1.733428469
1750922000.666179657,-0.122482887,-0.071493929,-1.711151417,1.717018524
1750922000.678179741,-0.057957039,-0.128977565,-1.757407585,1.763086966
1750922000.690179825,-0.052405499,-0.133074210,-1.850049900,1.855569916
1750922000.702179909,-0.064264199,-0.082147772,-1.732381171,1.735517982
1750922000.714179993,-0.120733969,-0.085694805,-1.676585458,1.683109946
1750922000.726180077,-0.160955650,-0.158634790,-1.763019770,1.777444915
1750922000.738180161,-0.174358668,-0.141469958,-1.709886152,1.724565263
1750922000.750180244,-0.094554594,-0.115645367,-1.858278014,1.864272405
1750922000.762180328,-0.050217243,-0.183439797,-1.865974732,1.875642191
1750922000.774180412,-0.056424037,-0.136479968,-1.667025676,1.673554618
1750922000.786180496,0.030813053,-0.041391249,-1.627599359,1.628417132
1750922000.798180580,-0.000924232,-0.103683864,-1.683323051,1.686513472
1750922000.810180664,-0.094932536,-0.290628337,-1.896690570,1.921174676
1750922000.822180748,-0.138033003,-0.418628215,-2.046308031,2.093246104
1750922000.834180832,-0.013422367,-0.425445352,-2.182157875,2.223285160
1750922000.846180916,0.069823005,-0.242026029,-1.995727462,2.011561571
1750922000.858181000,-0.024789564,0.008463786,-1.622760966,1.622972369
1750922000.870181084,-0.034235936,-0.032684835,-1.671010562,1.671680799
1750922000.882181168,-0.079362836,-0.129702970,-1.752919992,1.759502719
1750922000.894181252,-0.082931375,-0.220920674,-1.819378833,1.834617916
1750922000.906181335,-0.058349434,-0.264247160,-1.847429324,1.867143895
1750922000.918181419,-0.307380549,-0.076974733,-1.583971112,1.615355191
1750922000.930181503,-0.425737100,0.004314486,-1.555356537,1.612577021
1750922000.942181587,-0.306386367,-0.056716056,-1.677680331,1.706370596
1750922000.954181671,-0.159122413,-0.102639802,-1.743968954,1.754218511
1750922000.966181755,-0.058119706,-0.184255598,-1.894606264,1.904431916
1750922000.978181839,-0.065035128,-0.197864826,-1.907368129,1.918706136
1750922000.990181923,-0.219256951,-0.076969637,-1.724094974,1.739684286
1750922001.002182007,-0.182034758,-0.026375196,-1.698783505,1.708712293
1750922001.014182091,-0.135662596,-0.165682685,-1.830331689,1.842815559
1750922001.026182175,-0.238965611,-0.168102154,-1.829428068,1.852611658
1750922001.038182259,-0.215456176,-0.153068352,-1.821424314,1.840499339
1750922001.050182343,-0.265639444,-0.169252470,-1.806804388,1.834053655
1750922001.062182426,-0.217028767,-0.082283284,-1.767820145,1.782991893
1750922001.074182510,-0.066272273,-0.208841906,-1.835372733,1.848404724
1750922001.086182594,-0.116907518,-0.228333953,-1.850775042,1.868467827
1750922001.098182678,-0.087945168,-0.075607677,-1.772085472,1.775876627
1750922001.110182762,-0.061064200,-0.053694430,-1.844154906,1.845946707
1750922001.122182846,-0.119104612,-0.172646940,-1.966698881,1.977851704
1750922001.134182930,-0.003929997,-0.148971480,-1.885066731,1.890948050
1750922001.146183014,-0.004374100,-0.039812566,-1.765858536,1.766312696
1750922001.158183098,-0.128715588,-0.212789692,-1.870811223,1.887268340
1750922001.170183182,0.103803275,-0.232878256,-1.799359753,1.817334015
1750922001.182183266,0.271802668,-0.105799476,-1.807715776,1.831094358
1750922001.194183350,0.050023023,-0.152132114,-1.849461871,1.856382422
1750922001.206183434,-0.085819071,-0.186122324,-1.774079921,1.785879615
1750922001.218183517,0.378157370,-0.000731865,-1.665332706,1.707728478
1750922001.230183601,0.560950313,0.247411254,-1.563506437,1.679413577
1750922001.242183685,0.576123051,0.039796961,-1.789244447,1.880132245
1750922001.254183769,0.548532791,-0.778828840,-2.071212107,2.279776783
1750922001.266183853,0.479301023,-0.420015442,-1.852396341,1.958957540
1750922001.278183937,0.354187707,0.351329780,-1.608732691,1.684310666
1750922001.290184021,0.053198729,0.192750144,-1.724964832,1.736515590
1750922001.302184105,0.888279776,0.220574446,-1.700006804,1.930729702
1750922001.314184189,1.011772764,0.080129947,-1.694445979,1.975158756
1750922001.326184273,0.062491675,-0.302889458,-1.871311844,1.896695878
1750922001.338184357,-0.258642732,-0.369415088,-1.948578397,2.000080333
1750922001.350184441,-0.100483219,0.254806240,-1.857326155,1.877414057
1750922001.362184525,-0.049610624,0.322791921,-1.778909104,1.808638560
1750922001.374184608,-0.102692231,-0.092675197,-1.791088662,1.796422273
1750922001.386184692,-0.085197560,-0.018399542,-1.780558747,1.782690836
1750922001.398184776,-0.157497665,-0.062882188,-1.765770523,1.773895494
1750922001.410184860,-0.143041555,-0.162293862,-1.901074775,1.913344058
1750922001.422184944,-0.060433394,-0.197084130,-1.919608878,1.930645641
1750922001.434185028,-0.115731776,-0.142046510,-1.786835009,1.796204444
1750922001.446185112,-0.130720131,-0.099355563,-1.732048174,1.739813253
1750922001.458185196,-0.108503954,-0.176477479,-1.832694038,1.844365703
1750922001.470185280,-0.149359295,-0.115412977,-1.834083673,1.843770939
1750922001.482185364,-0.130406825,-0.071629157,-1.798530980,1.804674586
1750922001.494185448,-0.122650263,-0.130118917,-1.810859138,1.819666134
1750922001.506185532,-0.161712227,-0.175500144,-1.826883018,1.842404056
1750922001.518185616,-0.139272920,-0.099574499,-1.718017105,1.726526802
1750922001.530185699,-0.165281717,-0.237828497,-1.912619489,1.934423364
1750922001.542185783,-0.273375308,-0.279865023,-2.067884404,2.104567509
1750922001.554185867,-0.220217053,-0.097731535,-1.868462538,1.883931862
1750922001.566185951,-0.146289641,0.028109357,-1.713030658,1.719495516
1750922001.578186035,-0.117645177,0.040658109,-1.721292506,1.725787171
1750922001.590186119,-0.111161108,-0.156312963,-1.928842279,1.938355765
1750922001.602186203,-0.159689426,-0.254858878,-1.915027878,1.938500847
1750922001.614186287,-0.154662448,-0.248887713,-1.924565424,1.946745396
1750922001.626186371,0.003928943,-0.202059645,-1.921549677,1.932148208
1750922001.638186455,0.106402491,-0.130155173,-1.884079353,1.891564661
1750922001.650186539,-0.026166806,-0.156181692,-1.998203362,2.004468533
1750922001.662186623,-0.057607474,-0.279862027,-2.051351378,2.071155197
1750922001.674186707,-0.066437711,-0.262191856,-1.914937494,1.933945228
1750922001.686186790,-0.320570577,-0.231744001,-1.491189432,1.542762684
1750922001.698186874,-0.375530947,-0.148958902,-1.472096816,1.526525886
1750922001.710186958,-0.072208922,-0.088686315,-1.713496652,1.717308990
1750922001.722187042,-0.019741754,-0.188299698,-1.713749001,1.724175789
1750922001.734187126,-0.127039791,-0.085109003,-1.692949520,1.699841383
1750922001.746187210,-0.151637542,-0.062242492,-1.737026463,1.744743249
1750922001.758187294,-0.127415862,-0.135508448,-1.759704372,1.769507507
1750922001.770187378,-0.086202385,-0.179644267,-1.847365821,1.858080567
1750922001.782187462,-0.017478274,-0.184561984,-1.854632373,1.863874957
1750922001.794187546,0.020893322,-0.114947235,-1.640731969,1.644886255
1750922001.806187630,-0.108690181,-0.059380119,-1.567928181,1.572812238
1750922001.818187714,-0.125243231,-0.074508918,-1.613967048,1.620532961
1750922001.830187798,-0.058778271,-0.179655139,-1.749733770,1.759914521
1750922001.842187881,-0.041355900,-0.177387962,-1.758110540,1.767520713
1750922001.854187965,-0.044426589,-0.155263134,-1.746078856,1.753531218
1750922001.866188049,-0.104957669,-0.139155047,-1.751577722,1.760228609
1750922001.878188133,-0.066738504,-0.055682910,-1.649346755,1.651635351
1750922001.890188217,-0.181974081,-0.017100785,-1.636592388,1.646767028
1750922001.902188301,-0.224118141,-0.092081347,-1.706796123,1.723908617
1750922001.914188385,-0.079998427,-0.149592293,-1.767352452,1.775475230
1750922001.926188469,-0.073220251,-0.265013306,-1.776075708,1.797230697
1750922001.938188553,-0.052608384,-0.265720125,-1.768959272,1.789578647
1750922001.950188637,-0.011217207,-0.169937146,-1.798088976,1.806136326
1750922001.962188721,-0.058615500,-0.146157810,-1.819852718,1.826653168
1750922001.974188805,-0.187994946,-0.342633831,-1.727579105,1.771233922
1750922001.986188889,-0.141369264,-0.526131024,-1.709519797,1.794228820
1750922001.998188972,-0.119571141,-0.382051143,-1.808137778,1.851924015
1750922002.010189056,-0.115885923,-0.169002326,-1.705306465,1.717574299
1750922002.022189140,-0.072666444,-0.077936781,-1.669781635,1.673178192
1750922002.034189224,-0.125984805,-0.125478940,-1.796887383,1.805663702
1750922002.046189308,-0.181941105,-0.127000652,-1.830451810,1.843850743
1750922002.058189392,-0.049025970,-0.294779897,-1.812733201,1.837199062
1750922002.070189476,0.025985465,-0.304289839,-1.818180033,1.843650234
1750922002.082189560,-0.113553123,-0.160665728,-1.883401369,1.893649520
1750922002.094189644,-0.115152632,-0.240784488,-1.911590316,1.930133373
1750922002.106189728,-0.150579964,-0.328491191,-1.832151179,1.867447115
1750922002.118189812,-0.054241252,-0.229475991,-1.757571145,1.773318266
1750922002.130189896,-0.039922601,-0.083087224,-1.765152511,1.767557831
1750922002.142189980,-0.160248378,-0.165651562,-1.876100123,1.890204131
1750922002.154190063,-0.165373509,-0.230568187,-1.922240780,1.943069660
1750922002.166190147,-0.167608100,-0.157527127,-1.827534718,1.841952881
1750922002.178190231,0.010385618,-0.272157523,-1.670750622,1.692803952
1750922002.190190315,0.070758642,-0.099364620,-1.362018575,1.367470186
1750922002.202190399,-0.108852266,0.105727835,-1.581032605,1.588298237
1750922002.214190483,-0.125047336,-0.094620564,-1.953121771,1.959406681
1750922002.226190567,-0.101724158,-0.196917669,-1.866371573,1.879485893
1750922002.238190651,-0.179466092,-0.167388188,-1.839441140,1.855739904
1750922002.250190735,-0.258433821,-0.535856903,-1.914701065,2.004996466
1750922002.262190819,0.210700266,-0.030119923,-1.717761051,1.730897120
1750922002.274190903,0.968572638,-0.159651058,-1.413331431,1.720792593
1750922002.286190987,0.762230021,-0.874214054,-1.656412781,2.022114764
1750922002.298191071,0.193414409,-0.346568373,-2.102033652,2.139173730
1750922002.310191154,-0.135039556,0.023497276,-2.023205565,2.027843327
1750922002.322191238,0.097040810,-0.382355042,-2.206478097,2.241463337
1750922002.334191322,0.999270424,-1.188581559,-2.646910327,3.068778549
1750922002.346191406,1.127939726,-1.035857858,-2.277217175,2.744260845
1750922002.358191490,0.512810555,-0.248551575,-1.931520089,2.013832765
1750922002.370191574,0.676951071,-0.442148588,-2.320544648,2.457373718
1750922002.382191658,2.013283381,-1.230271273,-2.602536008,3.512843727
1750922002.394191742,1.772941530,-0.788477018,-2.408530986,3.092901419
1750922002.406191826,0.858179231,-0.350439573,-2.337236636,2.514349733
1750922002.418191910,2.161491318,0.900977132,-1.622789411,2.849078795
1750922002.430191994,1.411364076,1.091164299,-1.249411570,2.177984700
1750922002.442192078,-0.168836543,-0.265699459,-1.804574820,1.831827575
1750922002.454192162,0.063931492,-0.334486998,-1.961733459,1.991071809
1750922002.466192245,-0.191720538,-0.271231698,-1.881034696,1.910134793
1750922002.478192329,-0.247785656,-0.257334242,-1.802358680,1.837420870
1750922002.490192413,0.330972921,-0.019285402,-1.950035991,1.978018040
1750922002.502192497,0.160136873,0.014256465,-1.983794233,1.990298124
1750922002.514192581,-0.263786981,-0.238090467,-1.906215574,1.939053495
1750922002.526192665,0.021032724,-0.114771286,-1.833839509,1.837547868
1750922002.538192749,-0.047117085,-0.149640707,-1.893619847,1.900107494
1750922002.550192833,-0.295022306,-0.281470655,-1.854783071,1.899074546
1750922002.562192917,0.035502472,-0.164481968,-1.817404725,1.825177985
1750922002.574193001,0.138575958,-0.226893750,-1.832035766,1.851226382
1750922002.586193085,-0.058819130,-0.219622567,-1.823094739,1.837217513
1750922002.598193169,-0.052764694,-0.192083927,-1.908922478,1.919287726
1750922002.610193253,-0.136059513,-0.265360462,-1.945137659,1.967864039
1750922002.622193336,-0.271511715,-0.049385751,-1.811688041,1.832585911
1750922002.634193420,-0.056215408,0.060478577,-1.809993715,1.811876121
1750922002.646193504,0.137523954,-0.076390406,-1.914931340,1.921382410
1750922002.658193588,-0.038326958,-0.099645648,-1.848570021,1.851650435
1750922002.670193672,-0.039260287,-0.055937060,-1.861124944,1.862379226
1750922002.682193756,-0.030941304,-0.105548171,-1.911889966,1.915051180
1750922002.694193840,-0.073348476,-0.250035093,-1.944470512,1.961851962
1750922002.706193924,-0.090921749,-0.179883795,-1.899503820,1.910167455
1750922002.718194008,-0.002600918,-0.076999808,-1.861117147,1.862711135
1750922002.730194092,-0.035005455,-0.139185709,-1.908907640,1.914295281
1750922002.742194176,-0.168771751,-0.152279319,-1.932138116,1.945464108
1750922002.754194260,-0.238091215,-0.210542181,-1.894377928,1.920854802
1750922002.766194344,-0.154567810,-0.319687517,-1.950393727,1.982454794
1750922002.778194427,0.077210973,-0.366317485,-1.933784044,1.969687986
1750922002.790194511,0.075728247,-0.263201158,-1.851224442,1.871374241
1750922002.802194595,-0.068647857,-0.093359961,-1.848343672,1.851972716
1750922002.814194679,-0.250064715,-0.081456618,-1.915924113,1.933890573
1750922002.826194763,-0.251312079,-0.235058908,-1.990131025,2.019661345
1750922002.838194847,-0.123028245,-0.236697862,-1.923917156,1.942323106
1750922002.850194931,-0.035587691,-0.273581780,-1.965208259,1.984479018
1750922002.862195015,-0.143838878,-0.261222367,-1.986650992,2.008907392
1750922002.874195099,-0.117991339,-0.137755790,-1.850769052,1.859635635
1750922002.886195183,-0.081968023,-0.139670220,-1.838771928,1.845889685
1750922002.898195267,-0.218424242,-0.118350151,-1.838542190,1.855250197
1750922002.910195351,-0.240442385,-0.088705120,-1.806647357,1.824734449
1750922002.922195435,-0.243942544,-0.149512198,-1.825073243,1.847364124
1750922002.934195518,-0.196213530,-0.152702499,-1.767418562,1.784821049
1750922002.946195602,-0.211272384,-0.101981623,-1.758759960,1.774337305
1750922002.958195686,-0.211534541,-0.082438716,-1.785477269,1.799853350
1750922002.970195770,-0.194700590,-0.128676881,-1.809822090,1.824807402
1750922002.982195854,-0.158265041,-0.165926304,-1.905695167,1.919440917
1750922002.994195938,-0.115447469,-0.105678194,-1.886146425,1.892628948
1750922003.006196022,-0.154170360,-0.179030173,-1.829831826,1.845021629
1750922003.018196106,-0.184248599,-0.209849872,-1.836951370,1.858056740
1750922003.030196190,-0.174996518,-0.150998863,-1.816580438,1.831226071
1750922003.042196274,-0.143925175,-0.144730024,-1.838557384,1.849852559
1750922003.054196358,-0.151298564,-0.210943124,-1.895097626,1.912794623
1750922003.066196442,-0.129724745,-0.126434575,-1.880339901,1.889045355
1750922003.078196526,-0.162750202,-0.056707650,-1.743562651,1.752059960
1750922003.090196609,-0.210641676,-0.101856933,-1.684271411,1.700445511
1750922003.102196693,-0.195428795,-0.058830770,-1.785689849,1.797315140
1750922003.114196777,-0.229464976,-0.141819603,-1.812024262,1.831993150
1750922003.126196861,-0.176064693,-0.096301112,-1.773846703,1.785162404
1750922003.138196945,-0.103858381,-0.032554706,-1.773333450,1.776670453
1750922003.150197029,-0.152216984,-0.148490360,-1.831700535,1.844002779
1750922003.162197113,-0.186052018,-0.110552203,-1.791226943,1.804253615
1750922003.174197197,-0.190723405,-0.100342278,-1.806532286,1.819341334
1750922003.186197281,-0.182018701,-0.162345315,-1.929686482,1.945039005
1750922003.198197365,-0.198546634,-0.023945150,-1.855423081,1.866169592
1750922003.210197449,-0.231986485,-0.108603833,-1.837674127,1.855440303
1750922003.222197533,-0.198070489,-0.217294703,-1.876987047,1.899876123
1750922003.234197617,-0.195964033,-0.142937899,-1.883754492,1.899306223
1750922003.246197701,-0.262552129,-0.220858697,-1.769644033,1.802595958
1750922003.258197784,-0.260978183,-0.206455448,-1.745922666,1.777351800
1750922003.270197868,-0.169896672,-0.134563514,-1.906288312,1.918569089
1750922003.282197952,-0.203235605,-0.210164747,-1.930158546,1.952174670
1750922003.294198036,-0.175417688,-0.218085863,-1.903690220,1.924154168
1750922003.306198120,-0.162374609,-0.199374556,-1.873591305,1.891153115
1750922003.318198204,-0.225025806,-0.230869737,-1.840379481,1.868404154
1750922003.330198288,-0.186725463,-0.207133989,-1.790069100,1.811661743
1750922003.342198372,-0.110702956,-0.210206605,-1.928331138,1.942910945
1750922003.354198456,-0.128423806,-0.219936789,-1.965546604,1.981978384
1750922003.366198540,-0.165779886,-0.147993675,-1.883441380,1.896506402
1750922003.378198624,-0.196015313,-0.116433293,-1.928026124,1.941459104
1750922003.390198708,-0.152672582,-0.199388350,-2.023700906,2.039222889
1750922003.402198792,-0.067939908,-0.180314277,-1.986229132,1.995553867
1750922003.414198875,-0.144264757,-0.132016945,-1.899735387,1.909773634
1750922003.426198959,-0.156771997,-0.208431911,-1.868099411,1.886217572
1750922003.438199043,-0.179270759,-0.235253272,-1.892565136,1.915537757
1750922003.450199127,-0.296418937,-0.221947793,-1.781592475,1.819669408
1750922003.462199211,-0.245926176,-0.157438278,-1.689736909,1.714782003
1750922003.474199295,-0.112741930,-0.212872538,-1.861215239,1.876738561
1750922003.486199379,-0.200482571,-0.169579862,-1.637393564,1.658314890
1750922003.498199463,-0.221751890,-0.041260906,-1.573693597,1.589776054
1750922003.510199547,-0.089702185,-0.141750941,-1.771577447,1.779501746
1750922003.522199631,-0.183876468,-0.222737032,-1.658150136,1.683117410
1750922003.534199715,-0.199060242,-0.198822456,-1.762428566,1.784743623
1750922003.546199799,-0.028598969,-0.052958763,-2.016409615,2.017307678
1750922003.558199883,-0.080117728,-0.094978331,-2.026689621,2.030495150
1750922003.570199966,-0.138773207,-0.168282023,-1.852548000,1.865344723
1750922003.582200050,-0.139352110,-0.136105525,-1.786421348,1.797010005
1750922003.594200134,-0.139318787,-0.131646937,-1.833718757,1.843709608
1750922003.606200218,-0.094293631,-0.138701321,-1.784294332,1.792159482
1750922003.618200302,-0.071543268,-0.171128488,-1.881504732,1.890625149
1750922003.630200386,0.016187556,-0.184375910,-2.057734429,2.066041503
1750922003.642200470,-0.059285642,-0.178838947,-2.110389198,2.118782840
1750922003.654200554,-0.137894063,-0.093230656,-1.970541728,1.977559463
1750922003.666200638,-0.127970415,-0.045193352,-1.851365515,1.856333251
1750922003.678200722,-0.106153376,-0.078833180,-1.804997377,1.809833898
1750922003.690200806,0.015866338,-0.149973070,-1.936340597,1.942204564
1750922003.702200890,0.077959186,-0.216726669,-2.138119583,2.150489116
1750922003.714200974,0.058088945,-0.252630627,-1.932615472,1.949922851
1750922003.726201057,-0.567972073,0.297352285,-1.759772690,1.872914995
1750922003.738201141,-0.436644499,0.055189558,-2.167783910,2.212010711
1750922003.750201225,0.200953858,-0.557040830,-2.433286319,2.504308138
1750922003.762201309,0.123369171,-0.258515701,-2.168131051,2.186971096
1750922003.774201393,0.083272077,-0.088617490,-2.097475585,2.100997650
1750922003.786201477,0.104993204,-0.037611230,-2.155251897,2.158135519
1750922003.798201561,0.551021382,-0.081416647,-2.346661180,2.411860677
1750922003.810201645,0.317295005,-0.094562295,-2.205014996,2.229733006
1750922003.822201729,0.183495968,-0.114609190,-1.855795637,1.868363852
1750922003.834201813,0.614412220,-0.132206398,-1.788072225,1.895305566
1750922003.846201897,0.059893278,-0.179589119,-2.074165191,2.082786762
1750922003.858201981,0.041209942,-0.177333064,-2.115334706,2.123154774
1750922003.870202065,0.256293628,0.009662590,-1.900983185,1.918206678
1750922003.882202148,0.112277026,0.051524284,-1.852945692,1.857059132
1750922003.894202232,0.192247233,0.104264075,-1.699096224,1.713113532
1750922003.906202316,0.742161139,0.085212232,-1.719320836,1.874600869
1750922003.918202400,0.567033463,-0.062659998,-1.696859864,1.790191784
1750922003.930202484,-0.127812188,-0.061003139,-1.713871275,1.719712792
1750922003.942202568,-0.187644344,-0.136595203,-1.826376811,1.841065155
1750922003.954202652,-0.230156144,-0.196264966,-1.842630223,1.867291602
1750922003.966202736,-0.198104373,-0.079372847,-1.807851119,1.820404092
1750922003.978202820,-0.124263396,-0.006388805,-1.669261229,1.673892249
1750922003.990202904,-0.063953988,0.014742391,-1.618010182,1.619340730
1750922004.002202988,-0.111862642,0.022866901,-1.791178459,1.794813755
1750922004.014203072,-0.119009769,-0.091007156,-1.718118163,1.724637831
1750922004.026203156,0.107889844,0.005028204,-1.482416951,1.486346365
1750922004.038203239,0.064280315,0.202540306,-1.379853843,1.396120039
1750922004.050203323,-0.284681890,0.163371281,-1.407324168,1.445093515
1750922004.062203407,-0.290880697,0.060076124,-1.547302283,1.575552308
1750922004.074203491,-0.197394650,0.042141997,-1.725652880,1.737417180
1750922004.086203575,-0.197723948,-0.026957679,-1.937377904,1.947627946
1750922004.098203659,-0.144583566,0.012930485,-1.618774025,1.625269501
1750922004.110203743,-0.165154218,0.006605683,-1.515310206,1.524298059
1750922004.122203827,0.012706044,0.027830780,-1.589948109,1.590242430
1750922004.134203911,0.300449011,0.398469467,-0.933223417,1.058278541
1750922004.146203995,0.154237628,0.470934186,-1.358490190,1.446051123
1750922004.158204079,-0.072245289,0.097132725,-2.158030524,2.161423117
1750922004.170204163,-0.211125115,-0.077388704,-2.023828189,2.036281749
1750922004.182204247,-0.350639374,0.184589021,-1.339496729,1.396879581
1750922004.194204330,-0.161129017,0.172477478,-1.296871380,1.318175412
1750922004.206204414,-0.058226061,-0.003143521,-1.537632048,1.538737298
1750922004.218204498,-0.062737910,0.005646746,-1.723723520,1.724874113
1750922004.230204582,0.068869008,-0.075567310,-2.098951024,2.101439687
1750922004.242204666,-0.081359588,-0.176850277,-1.841437961,1.851698995
1750922004.254204750,0.056823028,-0.035705807,-1.428549719,1.430125190
1750922004.266204834,-0.011050088,0.369021218,-0.982643826,1.049708365
1750922004.278204918,-0.720688636,0.744351291,-1.008703007,1.446005778
1750922004.290205002,-0.784861548,0.836652170,-1.300985249,1.734519277
1750922004.302205086,-0.341422208,0.463921594,-1.314609666,1.435266855
1750922004.314205170,-0.394627577,-0.110979907,-1.191510919,1.260057830
1750922004.326205254,-0.528688223,-0.444834528,-1.282692388,1.456945008
1750922004.338205338,-0.558955622,-0.106786735,-1.190526748,1.319541107
1750922004.350205421,-0.033036218,0.687922313,-1.682010336,1.817549799
1750922004.362205505,-0.250756403,0.796763329,-2.159283034,2.315213553
1750922004.374205589,-0.870674252,0.405021238,-1.110825438,1.468349077
1750922004.386205673,-0.349504809,0.503069750,-1.598966104,1.712286596
1750922004.398205757,0.124177789,0.573169610,-2.140802638,2.219680035
1750922004.410205841,0.235644794,0.400740175,-1.127652111,1.219721460
1750922004.422205925,-0.086187382,0.089021866,-1.350228965,1.355902435
1750922004.434206009,-0.169679376,0.021485358,-1.498936569,1.508662835
1750922004.446206093,-0.146794045,0.041969026,-1.472055213,1.479951500
1750922004.458206177,-0.292396328,-0.206407169,-1.848845780,1.883170265
1750922004.470206261,0.072374048,-0.127547649,-1.657390965,1.663866346
1750922004.482206345,0.615313345,-0.272383299,-1.533705397,1.674829967
1750922004.494206429,0.283185926,-0.476095381,-1.740927532,1.826934523
1750922004.506206512,0.031399832,-0.296828879,-1.756396982,1.781578988
1750922004.518206596,0.066263562,-0.185532475,-1.796434297,1.807204842
1750922004.530206680,-0.165568762,-0.009257080,-1.793897087,1.801545299
1750922004.542206764,-0.119446708,-0.076267593,-1.667182005,1.673194579
1750922004.554206848,0.375374580,-0.394658558,-1.525896798,1.620192116
1750922004.566206932,0.388408527,-0.113049848,-1.625508453,1.675087814
1750922004.578207016,-0.009119589,-0.024719143,-1.843436117,1.843624398
1750922004.590207100,-0.125504669,-0.021065685,-1.668547828,1.673393868
1750922004.602207184,-0.207346245,0.163086681,-1.662260117,1.683062217
1750922004.614207268,-0.036982914,0.081659716,-1.656367739,1.658791769
1750922004.626207352,0.089085888,-0.060232074,-1.713183279,1.716555022
1750922004.638207436,0.044379361,0.010491726,-1.711411260,1.712018722
1750922004.650207520,-0.023980978,0.183529553,-1.613081714,1.623665852
1750922004.662207603,-0.076390383,0.057893434,-1.627897493,1.630716833
1750922004.674207687,-0.136313468,-0.077304478,-1.663381107,1.670746555
1750922004.686207771,-0.138870470,-0.165695532,-1.798813063,1.811758387
1750922004.698207855,-0.120978923,-0.054349280,-1.798860566,1.803743075
1750922004.710207939,-0.112186143,-0.116251241,-1.857605317,1.864617278
1750922004.722208023,-0.279335927,-0.306601607,-1.992528909,2.035240664
1750922004.734208107,-0.319566622,-0.214174826,-1.934356038,1.972239073
1750922004.746208191,-0.182987202,-0.081323040,-1.840411775,1.851273415
1750922004.758208275,-0.096323156,-0.140573020,-1.803165236,1.811199546
1750922004.770208359,-0.075435267,-0.483677535,-1.662225288,1.732809091
1750922004.782208443,-0.271240175,-0.399111103,-1.727018942,1.793169075
1750922004.794208527,-0.440589943,-0.282293973,-1.951980190,2.020899811
1750922004.806208611,-0.277368648,-0.548479082,-2.034091012,2.124920920
1750922004.818208694,-0.149966137,-0.694083381,-2.222789805,2.333460113
1750922004.830208778,-0.240788074,-0.409994974,-2.022470235,2.077609354
1750922004.842208862,-0.117665678,-0.165880321,-1.837614873,1.848834745
1750922004.854208946,-0.021419116,-0.165381167,-1.933082023,1.940261791
1750922004.866209030,-0.133906682,-0.015352259,-1.852121365,1.857019182
1750922004.878209114,-0.096089955,0.012366030,-1.780470338,1.783104266
1750922004.890209198,-0.023109990,-0.204295496,-1.818975541,1.830558041
1750922004.902209282,-0.025040480,-0.664175191,-1.930547577,2.041756513
1750922004.914209366,0.106682920,-0.527909154,-1.879649428,1.955288033
1750922004.926209450,0.212619421,-0.247101048,-1.856524547,1.884926879
1750922004.938209534,0.001249760,-0.309837030,-1.889634671,1.914868073
1750922004.950209618,-0.102771334,-0.369009694,-1.893600028,1.931955271
1750922004.962209702,0.069693587,-0.423752197,-1.964712704,2.011098986
1750922004.974209785,0.188819189,-0.241838995,-1.740537395,1.767373534
1750922004.986209869,0.342739636,-0.089210858,-1.565361315,1.604925257
1750922004.998209953,0.180680353,-0.107096422,-1.807190654,1.819355132
1750922005.010210037,-0.148399280,-0.069650307,-1.848216959,1.855472834
1750922005.022210121,-0.123537682,-0.144954246,-1.828777775,1.838668388
1750922005.034210205,-0.036215692,-0.171176594,-1.897569258,1.905618558
1750922005.046210289,-0.098878923,-0.218079609,-1.853338554,1.868742774
1750922005.058210373,-0.223720226,-0.244201927,-1.829304195,1.859042538
1750922005.070210457,-0.019653454,-0.213794168,-1.922325698,1.934277718
1750922005.082210541,-0.058135409,-0.324029006,-1.940203056,1.967933541
1750922005.094210625,-0.241754932,-0.296901392,-1.860505331,1.899493609
1750922005.106210709,-0.108717977,-0.188033274,-1.783210742,1.796389896
1750922005.118210793,-0.133470048,-0.191487772,-1.820164912,1.835070061
1750922005.130210876,-0.259913888,-0.227942011,-1.851654328,1.883649792
1750922005.142210960,-0.137780278,-0.122512956,-1.849968580,1.859133287
1750922005.154211044,0.009658009,-0.064530282,-1.876593386,1.877727396
1750922005.166211128,-0.104047433,-0.137773262,-1.745960476,1.754475798
1750922005.178211212,-0.200143338,-0.198658435,-1.750967626,1.773530421
1750922005.190211296,-0.134705084,-0.240627375,-1.859904813,1.880237460
1750922005.202211380,-0.135711565,-0.249692501,-1.912456194,1.933456146
1750922005.214211464,-0.128423125,-0.265654688,-1.909666108,1.932327498
1750922005.226211548,-0.088581173,-0.322499667,-1.854873056,1.884782935
1750922005.238211632,-0.164247070,-0.307385158,-1.850772498,1.883300713
1750922005.250211716,-0.140588156,-0.202673803,-1.751058174,1.768345676
1750922005.262211800,-0.078906830,-0.116118462,-1.706842806,1.712606828
1750922005.274211884,-0.036567819,-0.116921408,-1.834900317,1.838985316
1750922005.286211967,-0.063912433,-0.073334500,-1.844834378,1.847397259
1750922005.298212051,-0.161058306,-0.131775335,-1.800024496,1.812013439
1750922005.310212135,-0.022160061,-0.063779418,-1.806284430,1.807545940
1750922005.322212219,0.082545675,0.062933358,-1.794807510,1.797806551
1750922005.334212303,0.086358184,-0.082066650,-1.812303632,1.816215055
1750922005.346212387,0.038213716,-0.133386964,-1.761566919,1.767023027
1750922005.358212471,0.027633888,-0.268521217,-1.796636887,1.816802516
1750922005.370212555,0.154144311,-0.311764277,-1.964836126,1.995379271
1750922005.382212639,0.170464511,-0.101556362,-1.943426766,1.953529994
1750922005.394212723,0.271187780,0.176183732,-1.789836905,1.818818206
1750922005.406212807,0.253226250,0.175602554,-1.753338452,1.780212211
1750922005.418212891,-0.060115487,-0.202313229,-1.825776982,1.837935283
1750922005.430212975,-0.170571813,-0.348153073,-1.822859606,1.863631522
1750922005.442213058,0.234867401,-0.238880459,-1.881326484,1.910920173
1750922005.454213142,0.399336750,-0.065426206,-1.933039241,1.974940793
1750922005.466213226,0.104213317,-0.185325985,-1.916414600,1.928172984
1750922005.478213310,0.132072037,-0.077867096,-1.845030134,1.851389344
1750922005.490213394,0.325028572,0.233409847,-1.746097306,1.791362480
1750922005.502213478,0.395521041,0.133558688,-1.866255919,1.912377048
1750922005.514213562,0.192232148,-0.014326801,-1.911924528,1.921617511
1750922005.526213646,-0.146486482,-0.096144069,-1.846126137,1.854422737
1750922005.538213730,-0.199510996,-0.071402897,-1.784242496,1.796781649
1750922005.550213814,-0.174402213,-0.106550545,-1.773206939,1.784945937
1750922005.562213898,-0.128458469,-0.099540469,-1.776923176,1.784339053
1750922005.574213982,-0.133088370,-0.070793429,-1.754791142,1.761254148
1750922005.586214066,-0.201693980,-0.193627716,-1.725775139,1.748276861
1750922005.598214149,-0.222973714,-0.197724632,-1.767433767,1.792382333
1750922005.610214233,-0.223855890,-0.060313061,-1.780552725,1.795582672
1750922005.622214317,-0.174206688,-0.051173455,-1.663458767,1.673338508
1750922005.634214401,-0.094865089,-0.116536584,-1.702300449,1.708919828
1750922005.646214485,-0.088046986,-0.009545916,-1.778963420,1.781166541
1750922005.658214569,-0.056171183,-0.100107529,-1.859319116,1.862859172
1750922005.670214653,-0.116584571,-0.260963914,-1.895409279,1.916838663
1750922005.682214737,-0.152077710,-0.139575916,-1.803503192,1.815277618
1750922005.694214821,-0.143594183,-0.052476245,-1.760136390,1.766763470
1750922005.706214905,-0.205522864,-0.012894343,-1.767540956,1.779496261
1750922005.718214989,-0.180615221,0.021722201,-1.788902793,1.798128726
1750922005.730215073,-0.117415332,-0.004960976,-1.782566651,1.786436351
1750922005.742215157,-0.120777035,-0.096435210,-1.716296687,1.723241468
1750922005.754215240,-0.135926535,-0.211695295,-1.725537937,1.743780977
1750922005.766215324,-0.132086499,-0.166111054,-1.725549701,1.738551551
1750922005.778215408,-0.135982034,-0.157573978,-1.788472754,1.800543102
1750922005.790215492,-0.137272190,-0.155606695,-1.844927940,1.856560314
1750922005.802215576,-0.218271087,-0.104315231,-1.762647351,1.779171048
1750922005.814215660,-0.210644927,-0.098322953,-1.701499327,1.717305636
1750922005.826215744,-0.144650592,-0.068259529,-1.682096385,1.689683818
1750922005.838215828,-0.157043360,-0.092360548,-1.701979565,1.711703107
1750922005.850215912,-0.147609395,-0.155809524,-1.709110380,1.722534015
1750922005.862215996,-0.129597787,-0.130780298,-1.755455107,1.765084051
1750922005.874216080,-0.107160773,-0.144611932,-1.784936128,1.793988022
1750922005.886216164,-0.139272126,-0.208448926,-1.767870592,1.785557087
1750922005.898216248,-0.178258965,-0.046604958,-1.820512263,1.829812335
1750922005.910216331,-0.154369073,0.022603984,-1.798071109,1.804826990
1750922005.922216415,-0.155446199,-0.078731102,-1.759799080,1.768404623
1750922005.934216499,-0.179959615,-0.120565175,-1.761933862,1.775199245
1750922005.946216583,-0.161860060,-0.075265594,-1.712163354,1.721443272
1750922005.958216667,-0.134633069,-0.060282483,-1.716997509,1.723322514
1750922005.970216751,-0.151517096,-0.089291444,-1.770580902,1.779293995
1750922005.982216835,-0.170822882,-0.162437104,-1.798442062,1.813824722
1750922005.994216919,-0.136588285,-0.139530855,-1.762286660,1.773070639
1750922006.006217003,-0.146518616,-0.088577075,-1.755521655,1.763850868
1750922006.018217087,-0.149737734,-0.108921777,-1.796074408,1.805593704
1750922006.030217171,-0.092519097,-0.064523231,-1.749256418,1.752889342
1750922006.042217255,-0.130174074,-0.071090097,-1.726668500,1.733027178
1750922006.054217339,-0.183337876,-0.108865652,-1.770967037,1.783756921
1750922006.066217422,-0.138318593,-0.131081604,-1.808433973,1.818446550
1750922006.078217506,-0.092506112,-0.117847415,-1.789800165,1.796059582
1750922006.090217590,-0.154023895,-0.091418778,-1.725592577,1.734863250
1750922006.102217674,-0.166438753,-0.192722812,-1.826990346,1.844651096
1750922006.114217758,-0.135767956,-0.210431158,-1.917324423,1.933609877
1750922006.126217842,-0.181636185,-0.128558801,-1.837792614,1.851216023
1750922006.138217926,-0.214321420,-0.131894567,-1.726544652,1.744788320
1750922006.150218010,-0.169559563,-0.093744823,-1.725414972,1.736259014
1750922006.162218094,-0.154495294,-0.113397471,-1.726694603,1.737297336
1750922006.174218178,-0.163594780,-0.107556445,-1.771081163,1.781869840
1750922006.186218262,-0.107255450,-0.130392689,-1.851722146,1.859403370
1750922006.198218346,-0.122377862,-0.137071794,-1.716533086,1.726340306
1750922006.210218430,-0.138131443,-0.077971961,-1.679009248,1.686485095
1750922006.222218513,-0.112577838,-0.115764439,-1.736687381,1.744178384
1750922006.234218597,-0.125733549,-0.112989309,-1.794893369,1.802836020
1750922006.246218681,-0.113273665,-0.287843973,-2.101369282,2.124014580
1750922006.258218765,-0.109954495,-0.322300511,-2.065792666,2.093673076
1750922006.270218849,-0.052240919,-0.104728914,-1.826961257,1.830706065
1750922006.282218933,-0.106253177,-0.104537026,-1.850990661,1.856982541
1750922006.294219017,-0.061955769,-0.359223013,-2.169190923,2.199606545
1750922006.306219101,0.025523654,-0.335221494,-2.076865654,2.103900152
1750922006.318219185,-0.078612797,-0.065243966,-1.750867837,1.753845755
1750922006.330219269,-0.206493303,-0.082906015,-1.756122801,1.770163886
1750922006.342219353,-0.257759910,-0.168042973,-1.835114247,1.860731821
1750922006.354219437,0.053907767,-0.279710617,-2.087222038,2.106570653
1750922006.366219521,0.265313206,-0.292592345,-2.113157381,2.149752426
1750922006.378219604,-0.173176498,-0.182475273,-1.858317640,1.875268455
1750922006.390219688,-0.414107304,-0.354944676,-1.979858304,2.053608893
1750922006.402219772,0.040232802,-0.413027025,-2.120839854,2.161058002
1750922006.414219856,0.072178730,-0.182546885,-1.816969593,1.827542513
1750922006.426219940,0.230825624,0.552210324,-1.546227550,1.658021817
1750922006.438220024,0.465601332,0.537811017,-1.757405296,1.895916313
1750922006.450220108,0.099907910,-0.176780850,-2.010015605,2.020246468
1750922006.462220192,-0.071501055,-0.074142363,-1.891760782,1.894562838
1750922006.474220276,-0.150830374,-0.017633833,-1.948508061,1.954416644
1750922006.486220360,-0.270422503,0.101273658,-1.744995386,1.768726543
1750922006.498220444,-0.165859744,0.026999155,-1.709385713,1.717625665
1750922006.510220528,-0.127785376,-0.246006489,-1.951377948,1.970970368
1750922006.522220612,-0.308905040,-0.271872480,-2.019223716,2.060728363
1750922006.534220695,-0.220239537,-0.129652221,-1.871691915,1.889059495
1750922006.546220779,-0.098410515,-0.092042761,-1.773185926,1.778298295
1750922006.558220863,-0.090322552,-0.152140603,-1.882002270,1.890300894
1750922006.570220947,-0.065871954,-0.052062227,-1.793137100,1.795101738
1750922006.582221031,-0.155557722,-0.074375136,-1.796753136,1.805007395
1750922006.594221115,-0.105755275,0.058653561,-1.805161600,1.809207788
1750922006.606221199,-0.182899530,0.119711879,-1.788434586,1.801743999
1750922006.618221283,-0.218409126,0.005726195,-1.793993564,1.807248805
1750922006.630221367,0.027413901,0.037123118,-1.795187909,1.795780966
1750922006.642221451,0.055023637,0.024741278,-1.772814356,1.773840600
1750922006.654221535,-0.051714380,-0.088873297,-1.734949058,1.737993405
1750922006.666221619,0.093922639,0.017610735,-1.806352452,1.808878322
1750922006.678221703,0.134466195,0.224027878,-1.815805428,1.834507836
1750922006.690221786,-0.146053068,-0.002906973,-1.736159188,1.742294084
1750922006.702221870,-0.277085073,0.047793810,-1.550739439,1.576024490
1750922006.714221954,-0.028413754,0.243501556,-1.572618114,1.591611788
1750922006.726222038,0.108159366,0.034886120,-1.783245435,1.786863110
1750922006.738222122,0.053103863,-0.160469375,-1.838345631,1.846099970
1750922006.750222206,-0.088495731,-0.248341692,-1.838929801,1.857731924
1750922006.762222290,-0.337633351,-0.192873792,-1.870790504,1.910773061
1750922006.774222374,-0.167389966,-0.016813847,-1.816225246,1.824000069
1750922006.786222458,0.041122526,-0.046784914,-1.795080049,1.796160425
1750922006.798222542,-0.145415000,-0.235970250,-1.926217520,1.946057917
1750922006.810222626,-0.184647895,-0.123065080,-1.746003954,1.760048200
1750922006.822222710,0.011015509,-0.024723427,-1.467572017,1.467821588
1750922006.834222794,-0.107120124,-0.245935242,-1.680144010,1.701423745
1750922006.846222878,-0.270730068,-0.243674396,-1.884005188,1.918892267
1750922006.858222961,-0.176831282,-0.098132561,-1.818238093,1.829450482
1750922006.870223045,-0.274252145,-0.228042918,-1.765724559,1.801388639
1750922006.882223129,-0.256349118,-0.199754709,-1.712837726,1.743396080
1750922006.894223213,-0.115712748,-0.063074177,-1.651621056,1.656870516
1750922006.906223297,-0.127268349,-0.090752442,-1.665807175,1.673124856
1750922006.918223381,-0.158122885,-0.173752962,-1.838509760,1.853459219
1750922006.930223465,-0.161465497,-0.212874227,-1.891977773,1.910750228
1750922006.942223549,-0.131548980,-0.182693021,-1.820596344,1.834462571
1750922006.954223633,-0.161872379,-0.197581383,-1.872963186,1.890299491
1750922006.966223717,-0.122238595,-0.140174946,-1.845944471,1.855290349
1750922006.978223801,-0.135391682,-0.130205640,-1.823027897,1.832679768
1750922006.990223885,-0.172786415,-0.220396206,-1.923891950,1.944168169
1750922007.002223969,-0.156338277,-0.137626706,-1.939302829,1.950455903
1750922007.014224052,-0.165083785,-0.141581046,-1.883676182,1.896189286
1750922007.026224136,-0.194895655,-0.166764671,-1.756845204,1.775471724
1750922007.038224220,-0.181583834,-0.148121070,-1.691867570,1.708018857
1750922007.050224304,-0.150948780,-0.200153050,-1.821917154,1.839083711
1750922007.062224388,-0.145388914,-0.187895654,-1.861114868,1.876217275
1750922007.074224472,-0.177406399,-0.216303743,-1.877456056,1.898183759
1750922007.086224556,-0.215825991,-0.137756748,-1.789931184,1.808151382
1750922007.098224640,-0.189442513,-0.036849067,-1.720419561,1.731210497
1750922007.110224724,-0.126949144,-0.130196451,-1.810856806,1.819964168
1750922007.122224808,-0.136464698,-0.182780839,-1.797920553,1.812332686
1750922007.134224892,-0.127002696,-0.184374122,-1.823226472,1.836920867
1750922007.146224976,-0.091843997,-0.229901407,-1.829604555,1.846278095
1750922007.158225060,-0.107059102,-0.206100777,-1.810493787,1.825329267
1750922007.170225143,-0.095920754,-0.188377463,-1.822984864,1.835200445
1750922007.182225227,-0.080160159,-0.194786208,-1.752390879,1.765004564
1750922007.194225311,-0.022423706,-0.190957052,-1.744712597,1.755274755
1750922007.206225395,-0.036504279,-0.112281237,-1.709051581,1.713124906
1750922007.218225479,-0.147696619,-0.080062482,-1.730688021,1.738822969
1750922007.230225563,-0.191271581,-0.156133975,-1.784840413,1.801837378
1750922007.242225647,-0.183662626,-0.350663098,-1.733156811,1.777787698
1750922007.254225731,-0.151134749,-0.402629969,-1.827297634,1.877223814
1750922007.266225815,-0.114006003,-0.179941783,-1.773028064,1.785778522
1750922007.278225899,-0.150513333,-0.062772311,-1.618035750,1.626233168
1750922007.290225983,-0.113295291,-0.306081534,-1.883787491,1.911851730
1750922007.302226067,0.325863593,-0.839810753,-2.219815198,2.395631168
1750922007.314226151,0.327842381,-0.660382624,-1.993730653,2.125687595
1750922007.326226234,0.022325238,-0.103759955,-1.682265181,1.685609884
1750922007.338226318,-0.085908817,-0.105951358,-1.706270396,1.711713959
1750922007.350226402,-0.246340671,-0.236256864,-1.798803346,1.830899918
1750922007.362226486,-0.158141149,-0.322278631,-1.831746048,1.866592008
1750922007.374226570,0.106367487,-0.360793907,-1.919598035,1.956104011
1750922007.386226654,0.099477914,-0.282642062,-1.964437645,1.987158185
1750922007.398226738,0.055094004,-0.162154674,-1.835754452,1.843725547
1750922007.410226822,0.109839727,-0.039069621,-1.661558948,1.665643821
1750922007.422226906,0.052301588,-0.170354478,-1.569376408,1.579461432
1750922007.434226990,0.267132574,-0.274600341,-1.875261549,1.913993478
1750922007.446227074,0.126498441,-0.168354487,-2.030481030,2.041371672
1750922007.458227158,-0.213301856,-0.214770740,-1.940993175,1.964453781
1750922007.470227242,-0.176406359,-0.244234962,-1.919366884,1.942868795
1750922007.482227325,-0.502234039,-0.015471528,-1.600430272,1.677455053
1750922007.494227409,-0.295541823,-0.136526695,-1.557480129,1.591140742
1750922007.506227493,-0.024572565,-0.438743374,-1.700613002,1.756469226
1750922007.518227577,-0.293582566,-0.332602137,-1.778410476,1.832909906
1750922007.530227661,-0.170825991,-0.389107318,-1.803418765,1.852810100
1750922007.542227745,-0.067825633,-0.301186501,-1.722353152,1.749803990
1750922007.554227829,-0.104673635,-0.106288047,-1.764317919,1.770613295
1750922007.566227913,-0.181062376,-0.192013261,-1.850664631,1.869388203
1750922007.578227997,-0.195367961,-0.109326432,-1.816389840,1.830134684
1750922007.590228081,-0.202041115,-0.068581334,-1.808337338,1.820881089
1750922007.602228165,-0.106511813,-0.296858314,-1.841399396,1.868213415
1750922007.614228249,-0.100938137,-0.258963353,-1.813853284,1.835024321
1750922007.626228333,-0.201440665,-0.053864895,-1.749546105,1.761928302
1750922007.638228416,-0.238930291,-0.218514628,-1.823241105,1.851767926
1750922007.650228500,-0.231115692,-0.252549644,-1.875561946,1.906548819
1750922007.662228584,-0.331835746,-0.225775221,-1.910154378,1.951865559
1750922007.674228668,-0.346849777,-0.320107908,-1.945491315,2.001926646
1750922007.686228752,-0.257422150,-0.393097359,-1.882630471,1.940383773
1750922007.698228836,0.091218393,-0.570824070,-1.982363634,2.064927720
1750922007.710228920,0.087534371,-0.326687576,-1.925223381,1.954705119
1750922007.722229004,-0.157049380,-0.225757954,-1.905081364,1.924828867
1750922007.734229088,-0.094400644,-0.512442230,-1.972248590,2.039919857
1750922007.746229172,0.215856697,-0.569690023,-2.040865253,2.129852534
1750922007.758229256,0.035739071,-0.482920549,-2.059540139,2.115702039
1750922007.770229340,-0.599602464,-0.680210073,-1.978149212,2.176070579
1750922007.782229424,-0.569241850,-0.836478396,-2.174568891,2.398433292
1750922007.794229507,-0.400740947,-0.398766456,-2.116654319,2.190852231
1750922007.806229591,-0.019323402,0.026351178,-1.822911817,1.823204671
1750922007.818229675,0.013186537,0.000401571,-1.839085911,1.839133229
1750922007.830229759,-0.176113339,-0.092192796,-1.861696539,1.872279205
1750922007.842229843,0.033032493,-0.030038218,-1.851496095,1.852034349
1750922007.854229927,0.278206311,-0.112896225,-1.955018132,1.977938373
1750922007.866230011,0.044160414,-0.184862944,-1.966617973,1.975781035
1750922007.878230095,0.053922567,0.125074033,-1.866343311,1.871306632
1750922007.890230179,0.299139696,0.244237965,-1.747834824,1.789989753
1750922007.902230263,0.102991606,-0.065866494,-1.785869049,1.790048582
1750922007.914230347,0.239522202,-0.104313920,-1.763059308,1.782310411
1750922007.926230431,0.545431463,0.240618400,-1.619664037,1.725892316
1750922007.938230515,0.641763496,-0.226621200,-1.778969616,1.904717945
1750922007.950230598,0.374169637,-0.206255565,-1.750720339,1.802100436
1750922007.962230682,0.460541984,0.361760598,-1.630840497,1.732804194
1750922007.974230766,0.641212037,-0.004466325,-1.769654686,1.882246140
1750922007.986230850,0.677173872,-0.260335343,-1.913579350,2.046490868
1750922007.998230934,0.410069504,-0.047289923,-1.739186601,1.787501991
1750922008.010231018,-0.036145038,0.221672270,-1.598576525,1.614277537
1750922008.022231102,0.331259889,-0.062296679,-1.825386599,1.856246273
1750922008.034231186,0.366854872,-0.218496831,-1.792234642,1.842397453
1750922008.046231270,0.236967623,-0.044253890,-1.696894945,1.713932471
1750922008.058231354,0.447619143,-0.070843626,-1.767014585,1.824204556
1750922008.070231438,0.324600973,-0.286292497,-1.839133069,1.889375461
1750922008.082231522,-0.069415100,-0.344840771,-1.841182882,1.874483400
1750922008.094231606,-0.179119262,-0.136775985,-1.831402097,1.845216795
1750922008.106231689,-0.106112363,-0.218718148,-1.938848328,1.954029248
1750922008.118231773,-0.113725670,-0.203454356,-1.913123376,1.927269637
1750922008.130231857,-0.089240771,-0.151407860,-1.838058441,1.846441737
1750922008.142231941,-0.088432156,-0.221931911,-1.868029706,1.883244276
1750922008.154232025,-0.062914812,-0.231204440,-1.875226989,1.890473493
1750922008.166232109,-0.089279918,-0.238962998,-1.890650648,1.907782506
1750922008.178232193,-0.088780093,-0.297346787,-1.946126422,1.970711817
1750922008.190232277,-0.121967154,-0.234114621,-1.925190947,1.943205040
1750922008.202232361,-0.083489501,-0.135467667,-1.965275900,1.971707724
1750922008.214232445,-0.122555267,-0.041719643,-1.890159022,1.894587409
1750922008.226232529,-0.157912397,-0.023069326,-1.906714581,1.913381565
1750922008.238232613,-0.040616903,-0.141455406,-1.936693191,1.942276984
1750922008.250232697,-0.121268383,-0.018658741,-1.747698145,1.751999707
1750922008.262232780,-0.152568734,-0.101835014,-1.784306894,1.793710868
1750922008.274232864,-0.131324343,-0.278867542,-1.925315910,1.949834491
1750922008.286232948,-0.130782329,-0.178018604,-1.939777247,1.952314116
1750922008.298233032,-0.099011470,-0.036366147,-1.840347417,1.843367674
1750922008.310233116,-0.128325813,0.030653951,-1.728556142,1.733584008
1750922008.322233200,-0.219713065,-0.035813894,-1.684294223,1.698941875
1750922008.334233284,-0.168843743,-0.006600257,-1.723430119,1.731693723
1750922008.346233368,-0.105801338,-0.067479963,-1.804894181,1.809251357
1750922008.358233452,-0.090058904,-0.117993805,-1.790438152,1.796580619
1750922008.370233536,-0.134304402,-0.097779017,-1.786628379,1.794335357
1750922008.382233620,-0.235272650,-0.172561133,-1.765621134,1.789566583
1750922008.394233704,-0.317765347,-0.243733942,-1.734362848,1.779998746
1750922008.406233788,-0.345644294,-0.207078058,-1.796872798,1.841494815
1750922008.418233871,-0.260325190,-0.066857418,-1.795436554,1.815442519
1750922008.430233955,-0.227953610,-0.008530121,-1.724175616,1.739200151
1750922008.442234039,-0.231403903,-0.025617077,-1.766247895,1.781526208
1750922008.454234123,-0.184358923,-0.122850816,-1.844550673,1.857807235
1750922008.466234207,-0.154650225,-0.149883415,-1.866380987,1.878765477
1750922008.478234291,-0.138396115,-0.156881763,-1.819821668,1.831806834
1750922008.490234375,-0.168897670,-0.152083110,-1.749171464,1.763875422
1750922008.502234459,-0.173433398,-0.142814142,-1.765577988,1.779814781
1750922008.514234543,-0.196151525,-0.140346641,-1.772507111,1.788841541
1750922008.526234627,-0.214747389,-0.103057499,-1.795294430,1.811027162
1750922008.538234711,-0.155027454,-0.100880176,-1.801998156,1.811465616
1750922008.550234795,-0.184243424,-0.074234312,-1.794378112,1.805339077
1750922008.562234879,-0.217858367,-0.050611527,-1.740035432,1.754350906
1750922008.574234962,-0.207760308,-0.110332302,-1.736238130,1.752101711
1750922008.586235046,-0.190514287,-0.132297789,-1.787168372,1.802156815
1750922008.598235130,-0.163580183,-0.131694686,-1.816938241,1.829034318
1750922008.610235214,-0.183144541,-0.109936131,-1.834866135,1.847257862
1750922008.622235298,-0.193945714,-0.051062111,-1.806092783,1.817193831
1750922008.634235382,-0.189229496,-0.041091246,-1.754523399,1.765176663
1750922008.646235466,-0.208349648,-0.064027379,-1.708238263,1.722087989
1750922008.658235550,-0.190621748,-0.113430729,-1.797504972,1.811139781
1750922008.670235634,-0.209694299,-0.059662464,-1.733120994,1.746779805
1750922008.682235718,-0.218749774,-0.038516853,-1.658729695,1.673534945
1750922008.694235802,-0.256881192,-0.114571933,-1.772384994,1.794564917
1750922008.706235886,-0.101393163,-0.161063317,-2.006950616,2.015954549
1750922008.718235970,-0.003071402,-0.117270505,-1.877531049,1.881192346
1750922008.730236053,-0.195165240,-0.036046383,-1.733942153,1.745263362
1750922008.742236137,-0.097936644,-0.119533530,-2.054755960,2.060558639
1750922008.754236221,-0.143227431,-0.257909600,-1.985231757,2.007031785
1750922008.766236305,-0.249092461,-0.268285186,-1.780260989,1.817512911
1750922008.778236389,-0.189864595,-0.156089620,-1.846507664,1.862794429
1750922008.790236473,-0.249385184,-0.147672741,-1.840550440,1.863230026
1750922008.802236557,-0.212586579,-0.136323588,-1.822207176,1.839623920
1750922008.814236641,-0.121052455,-0.033968168,-1.752722808,1.757226444
1750922008.826236725,-0.045055926,0.034253416,-1.787914012,1.788809618
1750922008.838236809,-0.011797199,-0.028499881,-1.988934558,1.989173721
1750922008.850236893,-0.136999251,-0.147180694,-1.998980558,2.009067998
1750922008.862236977,-0.198296040,-0.130766761,-1.975082300,1.989314293
1750922008.874237061,-0.109343646,-0.134885858,-1.890768404,1.898724673
1750922008.886237144,-0.217847783,-0.224022252,-1.429557432,1.463310657
1750922008.898237228,-0.158771817,-0.231674239,-1.645594090,1.669389515
1750922008.910237312,-0.068162680,-0.116816572,-2.013406671,2.017944173
1750922008.922237396,-0.097101554,0.046861958,-2.012029763,2.014916505
1750922008.934237480,-0.085438778,-0.024717894,-2.040181991,2.042119810
1750922008.946237564,-0.145587349,-0.105131902,-1.948367497,1.956625742
1750922008.958237648,-0.101271381,-0.083885964,-1.878538257,1.883135345
1750922008.970237732,0.033760630,-0.318788254,-2.057890924,2.082709962
1750922008.982237816,0.067664592,-0.393626282,-2.197231706,2.233236959
1750922008.994237900,-0.014085305,-0.229436847,-2.110798716,2.123278333
1750922009.006237984,-0.072192877,-0.182269583,-2.208232736,2.216918093
1750922009.018238068,-0.055866280,-0.042961528,-2.152264011,2.153417541
1750922009.030238152,-0.063468456,-0.005250861,-1.998350894,1.999365427
1750922009.042238235,-0.051655857,-0.150471444,-1.915844068,1.922438159
1750922009.054238319,-0.035601123,-0.185992557,-2.019096180,2.027957114
1750922009.066238403,0.017888874,-0.148371477,-1.934313250,1.940077796
1750922009.078238487,0.188574374,-0.177105500,-1.929686037,1.946950141
1750922009.090238571,0.431153872,-0.202928819,-2.253562250,2.303392408
1750922009.102238655,0.522429297,-0.121061875,-2.107161918,2.174332011
1750922009.114238739,0.020509341,-0.055276827,-1.827510966,1.828461783
1750922009.126238823,-0.422212054,0.010834207,-1.702335341,1.753945841
1750922009.138238907,-0.116115893,-0.027102181,-1.739861208,1.743942216
1750922009.150238991,0.140674359,-0.113938568,-1.933646651,1.942102120
1750922009.162239075,-0.129941588,-0.018109352,-1.811335356,1.816080542
1750922009.174239159,-0.389722729,-0.133419081,-1.791828756,1.838568669
1750922009.186239243,-0.258779868,-0.217899601,-1.922202485,1.951745283
1750922009.198239326,-0.083679145,-0.096702747,-1.828824220,1.833289843
1750922009.210239410,-0.216397352,-0.179616844,-1.864136056,1.885230294
1750922009.222239494,-0.223999557,-0.208611791,-1.892508508,1.917102797
1750922009.234239578,-0.064986407,-0.278469999,-1.750114606,1.773321716
1750922009.246239662,-0.066662703,-0.275972580,-1.736433069,1.759489864
1750922009.258239746,-0.177824980,-0.092898655,-1.817880507,1.828918101
1750922009.270239830,-0.188075591,-0.042764692,-1.774895063,1.785344149
1750922009.282239914,-0.175413154,-0.044487529,-1.741653488,1.751029922
1750922009.294239998,-0.147861392,-0.063725726,-1.845273018,1.852284122
1750922009.306240082,-0.113433705,-0.035732884,-1.718273405,1.722384260
1750922009.318240166,-0.035821227,-0.033097377,-1.578263074,1.579016443
1750922009.330240250,-0.073480756,0.010291132,-1.721383097,1.722981456
1750922009.342240334,0.096771157,-0.079197284,-2.067501998,2.071280130
1750922009.354240417,0.155634074,-0.193167361,-1.985448368,2.000885009
1750922009.366240501,-0.117831926,0.180816585,-1.495833009,1.511322398
1750922009.378240585,-0.153227117,0.190179158,-1.530184709,1.549552163
1750922009.390240669,-0.113572660,-0.272797631,-2.166610149,2.186667975
1750922009.402240753,-0.109849462,-0.168147194,-2.084078100,2.093733963
1750922009.414240837,0.137454144,0.189208684,-1.574739255,1.592010455
1750922009.426240921,0.316204201,0.419476269,-1.563254491,1.649154341
1750922009.438241005,0.284792866,0.339170194,-1.635904529,1.694794095
1750922009.450241089,0.081717979,-0.116648321,-2.002796702,2.007854400
1750922009.462241173,-0.085242688,-0.146309113,-1.815147270,1.823028327
1750922009.474241257,0.112862592,0.244900168,-1.703219863,1.724433808
1750922009.486241341,0.042184016,0.233293090,-1.884278215,1.899133895
1750922009.498241425,-0.122315562,0.026650562,-1.660843244,1.665554451
1750922009.510241508,-0.115400224,-0.050249567,-1.563428864,1.568487183
1750922009.522241592,-0.300448313,-0.102161244,-1.606271345,1.637319072
1750922009.534241676,0.247934185,0.282699129,-1.714393512,1.755145371
1750922009.546241760,0.513205397,0.228385837,-1.818783890,1.903553180
1750922009.558241844,-0.120604486,-0.006963837,-1.824271974,1.828267533
1750922009.570241928,-0.324402201,0.328884543,-1.237726031,1.321123597
1750922009.582242012,-0.353286664,0.438945111,-0.740091794,0.930172103
1750922009.594242096,-0.217525888,0.074151249,-1.208595419,1.230251521
1750922009.606242180,-0.126941964,-0.234264360,-1.734865931,1.755207638
1750922009.618242264,-0.265878870,0.030228707,-1.645141723,1.666762322
1750922009.630242348,-0.346702485,0.057374040,-1.616351412,1.654111931
1750922009.642242432,-0.364876774,-0.229455368,-1.768962254,1.820717518
1750922009.654242516,-0.004895122,-0.197921381,-1.616374003,1.628453792
1750922009.666242599,0.401975370,-0.083622596,-1.454254165,1.511102946
1750922009.678242683,0.193124888,0.153442745,-1.486653547,1.506977328
1750922009.690242767,-0.026111917,0.369418878,-1.554143774,1.597659228
1750922009.702242851,-0.323750428,0.453359628,-1.698130368,1.787175436
1750922009.714242935,-0.502928722,0.129886369,-1.784855962,1.858902519
1750922009.726243019,-0.242037080,-0.286918041,-1.763418469,1.802927788
1750922009.738243103,0.395178587,-0.161287866,-1.551798647,1.609428138
1750922009.750243187,0.593821979,0.063711608,-1.461501823,1.578819588
1750922009.762243271,-0.039146275,0.016451092,-1.683532594,1.684068010
1750922009.774243355,-0.375726583,0.056407326,-1.760985363,1.801505398
1750922009.786243439,-0.223045722,0.084952398,-1.606715533,1.624346363
1750922009.798243523,-0.170501769,-0.188355663,-1.651497661,1.670925861
1750922009.810243607,-0.230137712,-0.287521064,-1.835759283,1.872336475
1750922009.822243690,-0.209900421,-0.190034341,-1.834167767,1.855894026
1750922009.834243774,-0.290638877,-0.009056025,-1.696703374,1.721439894
1750922009.846243858,-0.263148273,0.052969357,-1.596231394,1.618643700
1750922009.858243942,0.109434607,0.063648377,-1.460046625,1.465524888
1750922009.870244026,0.214231620,-0.111000665,-1.389862588,1.410650328
1750922009.882244110,-0.078356578,-0.280096442,-1.693209562,1.718008263
1750922009.894244194,-0.298451593,-0.197495651,-2.086968670,2.117431490
1750922009.906244278,-0.264085132,-0.190879262,-1.976475573,2.003155396
1750922009.918244362,-0.089631712,-0.179147190,-1.568497603,1.581237582
1750922009.930244446,-0.096365525,-0.074736498,-1.480357902,1.485372471
1750922009.942244530,-0.206570024,-0.003104866,-1.739362756,1.751588883
1750922009.954244614,-0.182702376,0.176803085,-1.665188595,1.684485841
1750922009.966244698,0.344975820,0.237674375,-1.089358255,1.167132740
1750922009.978244781,0.269429964,0.125622843,-1.130178849,1.168622195
1750922009.990244865,-0.052947568,0.336906685,-1.383560677,1.424973581
1750922010.002244949,0.012495783,0.248844509,-1.394888231,1.416966094
1750922010.014245033,-0.047772127,-0.310120872,-1.797596821,1.824777099
1750922010.026245117,-0.116756123,-0.267624247,-1.878542565,1.901098866
1750922010.038245201,-0.283858426,0.001979321,-1.627413427,1.651984863
1750922010.050245285,-0.261746396,-0.003758199,-1.625001912,1.645951553
1750922010.062245369,-0.196539329,-0.072669775,-1.717321260,1.730058067
1750922010.074245453,-0.232046869,-0.137513729,-1.801754305,1.821832690
1750922010.086245537,-0.266775273,-0.122848079,-1.720739024,1.745624096
1750922010.098245621,-0.257536800,-0.123060696,-1.634372086,1.659108572
1750922010.110245705,-0.233340617,-0.119922004,-1.640757297,1.661599722
1750922010.122245789,-0.257807126,-0.129862122,-1.717371099,1.741462654
1750922010.134245872,-0.292664137,-0.110851828,-1.716904928,1.745194247
1750922010.146245956,-0.281876478,-0.109277708,-1.702841117,1.729469235
1750922010.158246040,-0.234407659,-0.223694842,-1.717841461,1.748132037
1750922010.170246124,-0.145445752,-0.349884896,-1.786181638,1.825929558
1750922010.182246208,-0.074077332,-0.502805195,-1.869219314,1.937080628
1750922010.194246292,-0.155901884,-0.495157842,-1.821907434,1.894421649
1750922010.206246376,-0.207785134,-0.330861586,-1.745681357,1.788867645
1750922010.218246460,-0.132058647,-0.367149936,-1.740880832,1.784069683
1750922010.230246544,-0.151859438,-0.244585614,-1.715654798,1.739642146
1750922010.242246628,-0.190119443,-0.010933491,-1.696254983,1.706911219
1750922010.254246712,-0.409693212,-0.007149670,-1.728122408,1.776036797
1750922010.266246796,-0.364351735,-0.089492396,-1.647270560,1.689455940
1750922010.278246880,-0.142511113,-0.201437728,-1.618230360,1.636934963
1750922010.290246964,-0.117573555,-0.189762972,-1.650124457,1.665155924
1750922010.302247047,0.002733557,-0.080688685,-1.678266311,1.680207114
1750922010.314247131,-0.093162072,-0.518825013,-1.788500094,1.864561920
1750922010.326247215,-0.166913148,-0.581960631,-1.817119432,1.915322742
1750922010.338247299,-0.025412527,-0.254136425,-1.705349253,1.724368637
1750922010.350247383,0.090246078,-0.122421895,-1.440542393,1.448548881
1750922010.362247467,0.093157582,-0.174236489,-1.487667902,1.500730648
1750922010.374247551,0.036502528,-0.488950241,-1.495554462,1.573876718
1750922010.386247635,0.491540145,-0.959402589,-1.428939697,1.789953546
1750922010.398247719,0.295301776,-0.930988828,-1.525528390,1.811402828
1750922010.410247803,-0.382754575,-0.343650409,-1.476867004,1.563883888
1750922010.422247887,-0.361157748,-0.250918419,-1.519623382,1.581976673
1750922010.434247971,-0.105663550,-0.450863784,-1.672591415,1.735512886
1750922010.446248055,0.366874204,-0.495874478,-1.713836077,1.821461578
1750922010.458248138,0.260240727,-0.325458596,-1.572417190,1.626697376
1750922010.470248222,-0.115018461,-0.104479347,-1.518911296,1.526838795
1750922010.482248306,-0.246205134,-0.072599853,-1.535671903,1.556976525
1750922010.494248390,-0.175376120,-0.233743902,-1.586485066,1.613173227
1750922010.506248474,0.079565172,-0.189258818,-1.587012154,1.600236574
1750922010.518248558,0.126647652,-0.157711976,-1.529480156,1.542796890
1750922010.530248642,-0.150991016,-0.346836424,-1.578513364,1.623206158
1750922010.542248726,-0.105450714,-0.389898645,-1.607100319,1.657079432
1750922010.554248810,0.199611789,-0.049902632,-1.469964102,1.484294310
1750922010.566248894,0.208535426,0.156945505,-1.346465552,1.371527761
1750922010.578248978,0.035061374,0.056742850,-1.486249797,1.487745782
1750922010.590249062,-0.150358384,-0.068193623,-1.614795802,1.623213940
1750922010.602249146,-0.594092318,0.060498629,-1.442769235,1.561470087
1750922010.614249229,-0.651769221,-0.064636738,-1.440355532,1.582278447
1750922010.626249313,-0.269953033,-0.273695272,-1.626168812,1.670990349
1750922010.638249397,-0.300408275,-0.220266896,-1.610338683,1.652862158
1750922010.650249481,-0.360691392,-0.309088764,-1.576512032,1.646518852
1750922010.662249565,-0.270868093,-0.317622573,-1.682752836,1.733756248
1750922010.674249649,-0.159401784,-0.231974766,-1.745009935,1.767563548
1750922010.686249733,-0.124805829,-0.187863486,-1.715903329,1.730662711
1750922010.698249817,-0.239610259,-0.073378709,-1.614462586,1.633795261
1750922010.710249901,-0.260452548,-0.116284989,-1.630933550,1.655687764
1750922010.722249985,-0.204392615,-0.059715622,-1.665554252,1.679110855
1750922010.734250069,-0.201327325,-0.046055517,-1.655587106,1.668419152
1750922010.746250153,0.001948090,-0.186550908,-1.744246280,1.754195006
1750922010.758250237,0.084491145,-0.123892713,-1.712709197,1.719261746
1750922010.770250320,-0.053332661,-0.163107898,-1.680062778,1.688804162
1750922010.782250404,-0.027988005,-0.254166035,-1.764886533,1.783313819
1750922010.794250488,0.033441464,-0.276104810,-1.755602053,1.777495645
1750922010.806250572,-0.005598028,-0.153059039,-1.726679095,1.733458711
1750922010.818250656,-0.122405200,-0.091485575,-1.734166481,1.740886563
1750922010.830250740,-0.192917415,-0.107508054,-1.688382294,1.702765363
1750922010.842250824,-0.162393550,-0.052862329,-1.621856546,1.630823334
1750922010.854250908,-0.158950385,-0.094918827,-1.621419437,1.631954595
1750922010.866250992,-0.088524901,-0.129211701,-1.684844753,1.692109383
1750922010.878251076,0.126537325,-0.160695164,-1.776883307,1.788616482
1750922010.890251160,-0.002824481,-0.322446424,-1.698151536,1.728495969
1750922010.902251244,-0.064940113,-0.088515334,-1.560854828,1.564710829
1750922010.914251328,0.017327781,0.152612708,-1.594348049,1.601729251
1750922010.926251411,-0.060976066,-0.032745625,-1.613756908,1.615240451
1750922010.938251495,-0.024530026,-0.124578720,-1.653519339,1.658387103
1750922010.950251579,-0.242516064,-0.075170646,-1.626042886,1.645746072
1750922010.962251663,-0.030552678,-0.204098745,-1.831770720,1.843359361
1750922010.974251747,0.093664379,-0.331145429,-1.947626634,1.977796708
1750922010.986251831,-0.139214162,-0.020854948,-1.661549602,1.667501902
1750922010.998251915,0.108787169,0.190145220,-1.525412956,1.541062796
1750922011.010251999,0.062626051,-0.060379312,-1.587702606,1.590084039
1750922011.022252083,-0.313950762,-0.249734853,-1.640653743,1.688987058
1750922011.034252167,-0.381844558,-0.157754107,-1.675385390,1.725574638
1750922011.046252251,-0.253930711,-0.120319525,-1.731197604,1.753853682
1750922011.058252335,-0.235966546,-0.047583195,-1.605427702,1.623373795
1750922011.070252419,-0.242276931,-0.041662784,-1.523810538,1.543513024
1750922011.082252502,-0.195876860,-0.082948573,-1.616428346,1.630364624
1750922011.094252586,-0.230998561,-0.051436935,-1.662495759,1.679255264
1750922011.106252670,-0.247649634,-0.133290107,-1.674981505,1.698428579
1750922011.118252754,-0.179312188,-0.087844784,-1.717315338,1.728884478
1750922011.130252838,-0.165102121,-0.046388156,-1.724379614,1.732886500
1750922011.142252922,-0.186267454,-0.141342371,-1.723853515,1.739639093
1750922011.154253006,-0.151559775,-0.117293269,-1.739847853,1.750370997
1750922011.166253090,-0.172257664,-0.121147626,-1.732620427,1.745371878
1750922011.178253174,-0.212922229,-0.086398763,-1.687811665,1.703381589
1750922011.190253258,-0.194015732,-0.041572171,-1.670265428,1.682009795
1750922011.202253342,-0.258956543,-0.119393964,-1.660949794,1.685250019
1750922011.214253426,-0.260552150,-0.117684249,-1.651185640,1.675753867
1750922011.226253510,-0.192011005,-0.064098509,-1.677044754,1.689217556
1750922011.238253593,-0.168729519,-0.054031595,-1.663133506,1.672543609
1750922011.250253677,-0.150167202,-0.050139097,-1.643844076,1.651450109
1750922011.262253761,-0.142920731,-0.040712096,-1.658343801,1.664988881
1750922011.274253845,-0.178017412,0.011225248,-1.594692909,1.604637554
1750922011.286253929,-0.222306874,-0.056198253,-1.590525696,1.606969377
1750922011.298254013,-0.204489968,-0.096858746,-1.621299432,1.637012404
1750922011.310254097,-0.171717638,-0.026200204,-1.668975607,1.677990755
1750922011.322254181,-0.144739525,-0.016791983,-1.729202291,1.735330534
1750922011.334254265,-0.088556983,-0.065810204,-1.738157514,1.741655783
1750922011.346254349,-0.009568890,-0.113240231,-1.820442324,1.823986066
1750922011.358254433,-0.043422895,-0.110119711,-1.786746349,1.790663122
1750922011.370254517,-0.153534405,-0.050963677,-1.732511817,1.740048076
1750922011.382254601,-0.204596054,-0.060751445,-1.747900936,1.760882723
1750922011.394254684,-0.131797939,-0.095330387,-1.692050157,1.699850674
1750922011.406254768,-0.073965373,-0.080503171,-1.649651561,1.653270065
1750922011.418254852,-0.087821125,-0.099497457,-1.694626793,1.699815361
1750922011.430254936,-0.035183283,-0.059689629,-1.762318655,1.763680174
1750922011.442255020,-0.034494469,-0.044336125,-1.705679887,1.706604652
1750922011.454255104,-0.193660614,-0.074110745,-1.606769568,1.620094220
1750922011.466255188,-0.222155361,-0.082393669,-1.618224600,1.635479311
1750922011.478255272,-0.189810290,-0.085738333,-1.613475482,1.626862667
1750922011.490255356,-0.179472244,-0.109777541,-1.680511221,1.693629050
1750922011.502255440,-0.099870386,-0.121733109,-1.710825411,1.718056061
1750922011.514255524,-0.119216367,-0.126534634,-1.651576656,1.660701360
1750922011.526255608,-0.145950448,-0.157800606,-1.705502323,1.718994107
1750922011.538255692,-0.166559269,-0.177298966,-1.729403974,1.746429219
1750922011.550255775,-0.259421471,-0.098323238,-1.606783792,1.630558528
1750922011.562255859,-0.154772485,0.037085126,-1.566288408,1.574353584
1750922011.574255943,-0.050147053,0.014862184,-1.684708809,1.685520507
1750922011.586256027,-0.134180984,-0.078670906,-1.642670783,1.650018469
1750922011.598256111,-0.164639448,-0.129856795,-1.563970141,1.577964365
1750922011.610256195,-0.165816943,-0.115540859,-1.617031712,1.629612379
1750922011.622256279,-0.198418933,-0.102744807,-1.572620621,1.588414992
1750922011.634256363,-0.248178669,-0.137855304,-1.538492119,1.564466279
1750922011.646256447,-0.208717779,-0.143281306,-1.603786635,1.623645347
1750922011.658256531,-0.258401599,-0.121290198,-1.596272297,1.621594260
1750922011.670256615,-0.315580118,-0.094361410,-1.510908616,1.546395724
1750922011.682256699,-0.204954943,-0.154961188,-1.653290367,1.673137333
1750922011.694256783,-0.195471158,-0.192130352,-1.703526516,1.725434912
1750922011.706256866,-0.243249586,-0.033718855,-1.512217016,1.532027293
1750922011.718256950,-0.107031114,-0.137438442,-1.683342965,1.692332273
1750922011.730257034,-0.167000338,-0.162226142,-1.625116766,1.641709761
1750922011.742257118,-0.184435658,-0.076827083,-1.552639766,1.565442160
1750922011.754257202,-0.094494578,-0.152841787,-1.690105513,1.699631279
1750922011.766257286,-0.391905494,-0.082234890,-1.474115461,1.527536869
1750922011.778257370,-0.443611247,-0.052083536,-1.512377154,1.576955386
1750922011.790257454,-0.202671647,-0.070753173,-1.696673663,1.710199792
1750922011.802257538,-0.238087237,-0.018976832,-1.581310670,1.599246412
1750922011.814257622,-0.254146538,-0.062673816,-1.575461121,1.597058613
1750922011.826257706,-0.321069629,-0.253866021,-1.673883789,1.723200685
1750922011.838257790,-0.534079055,-0.477610926,-1.731635871,1.874010519
1750922011.850257874,-0.397215202,-0.436959062,-1.900827356,1.990441603
1750922011.862257957,-0.141864992,-0.234198226,-1.781797988,1.802714219
1750922011.874258041,-0.056732647,-0.159520858,-1.643265774,1.651964861
1750922011.886258125,-0.098820384,-0.123469636,-1.743275037,1.750433682
1750922011.898258209,-0.035688170,-0.370784411,-1.858652505,1.895611738
1750922011.910258293,-0.084297568,-0.394495812,-1.879927652,1.922722290
1750922011.922258377,-0.117222587,-0.248292413,-1.770212429,1.791379999
1750922011.934258461,0.071396471,-0.278815580,-1.742615844,1.766223532
1750922011.946258545,0.139207376,-0.093118931,-1.606468013,1.615174698
1750922011.958258629,-0.005033315,-0.066799582,-1.532090212,1.533554022
1750922011.970258713,0.089420015,-0.095777421,-1.574162960,1.579607001
1750922011.982258797,0.492264532,-0.196860007,-1.837689719,1.912637377
1750922011.994258881,0.414829124,-0.267588387,-2.002777925,2.062718150
1750922012.006258965,0.346634873,-0.195962902,-1.757314105,1.801862941
1750922012.018259048,0.212439123,-0.202339226,-1.614495842,1.640935211
1750922012.030259132,0.596956958,0.059726900,-1.576226570,1.686539389
1750922012.042259216,0.464899232,0.248431377,-1.712373523,1.791667527
1750922012.054259300,0.657493002,-0.413692514,-2.008272353,2.153275734
1750922012.066259384,0.973140777,-0.462459638,-1.739313397,2.045991931
1750922012.078259468,0.668590701,0.472023562,-1.283755394,1.522447924
1750922012.090259552,0.650181032,0.516900588,-1.399731825,1.627627345
1750922012.102259636,0.152607772,-0.038617168,-1.760714906,1.767737933
1750922012.114259720,-0.095008242,-0.199449845,-1.838500689,1.851726651
1750922012.126259804,-0.244460728,-0.144120239,-1.765564569,1.788225360
1750922012.138259888,-0.164060392,-0.068097522,-1.693885121,1.703173475
1750922012.150259972,-0.084618236,0.035972920,-1.684429445,1.686937121
1750922012.162260056,-0.095990818,0.152599626,-1.640324281,1.650201390
1750922012.174260139,-0.116821003,-0.027387766,-1.696282962,1.700521427
1750922012.186260223,-0.134596775,-0.221382652,-1.726885780,1.746213352
1750922012.198260307,-0.217172252,-0.067779759,-1.643307591,1.658980928
1750922012.210260391,-0.240456771,-0.164638158,-1.732827455,1.757161395
1750922012.222260475,-0.185463850,-0.164414361,-1.734759130,1.752375006
1750922012.234260559,-0.117646270,-0.043300850,-1.699782465,1.704399025
1750922012.246260643,-0.131788687,-0.025654879,-1.629947393,1.635467803
1750922012.258260727,-0.154084326,0.012840188,-1.569830920,1.577427009
1750922012.270260811,-0.179068003,0.016668816,-1.547638423,1.558052595
1750922012.282260895,-0.217050923,-0.058886773,-1.604532990,1.620217539
1750922012.294260979,-0.207923078,-0.109700484,-1.655935946,1.672540003
1750922012.306261063,-0.194360474,-0.248212195,-1.732241856,1.760695072
1750922012.318261147,-0.050176550,-0.094322016,-1.788853282,1.792040846
1750922012.330261230,-0.056736475,-0.001301329,-1.645860311,1.646838451
1750922012.342261314,-0.135526341,-0.120511535,-1.592855123,1.603146238
1750922012.354261398,-0.182783970,-0.106847684,-1.640321746,1.653929212
1750922012.366261482,-0.180342587,-0.221014863,-1.837627627,1.859636070
1750922012.378261566,-0.138015562,-0.211844556,-1.829010532,1.846403514
1750922012.390261650,-0.232431897,-0.161642535,-1.741281593,1.764146955
1750922012.402261734,-0.228005097,-0.173301741,-1.711132297,1.734933300
1750922012.414261818,-0.157679480,-0.130845804,-1.721344233,1.733496297
1750922012.426261902,-0.081090421,-0.123337067,-1.781413177,1.787517998
1750922012.438261986,-0.134665113,-0.196669856,-1.635524435,1.652801834
1750922012.450262070,-0.200474076,-0.184647562,-1.690493733,1.712324046
1750922012.462262154,-0.168025684,-0.200731769,-1.854762690,1.873144551
1750922012.474262238,-0.176018064,-0.114402030,-1.716387751,1.729178156
1750922012.486262321,-0.009325413,0.027125983,-1.588102059,1.588361084
1750922012.498262405,-0.024141214,-0.081415252,-1.633611874,1.635817531
1750922012.510262489,-0.146766138,-0.186821570,-1.662311976,1.679203294
1750922012.522262573,-0.101356160,-0.195281022,-1.695690533,1.709904714
1750922012.534262657,-0.144673960,-0.209526300,-1.677831219,1.697041374
1750922012.546262741,-0.193153444,-0.165672876,-1.660719168,1.680102351
1750922012.558262825,-0.215835746,-0.170124856,-1.666219165,1.688731430
1750922012.570262909,-0.225324900,-0.142236429,-1.594840822,1.616947667
1750922012.582262993,-0.182322243,-0.119086121,-1.564272391,1.579357786
1750922012.594263077,-0.133060524,-0.138274939,-1.582184268,1.593779194
1750922012.606263161,-0.121713451,-0.137097140,-1.603581303,1.614026885
1750922012.618263245,-0.165072444,-0.191191650,-1.680382823,1.699261484
1750922012.630263329,-0.218602409,-0.202412503,-1.710680233,1.736428719
1750922012.642263412,-0.126077592,-0.213590328,-1.594455602,1.613631015
1750922012.654263496,-0.028207191,-0.226744884,-1.544899143,1.561704918
1750922012.666263580,-0.122395206,-0.209770120,-1.684622439,1.702039028
1750922012.678263664,-0.156878643,-0.185677755,-1.778927978,1.795458685
1750922012.690263748,-0.097049063,-0.219992893,-1.678604457,1.695738281
1750922012.702263832,-0.076380929,-0.228508253,-1.569987102,1.588366950
1750922012.714263916,-0.063568737,-0.117508562,-1.517632378,1.523501651
1750922012.726264000,-0.076094497,-0.120449214,-1.540785156,1.547358162
1750922012.738264084,-0.140461675,-0.227917906,-1.651958940,1.673512591
1750922012.750264168,-0.197796116,-0.294550098,-1.702810199,1.739380820
1750922012.762264252,-0.179869303,-0.379425850,-1.766320567,1.815545452
1750922012.774264336,-0.137114014,-0.310286427,-1.657031158,1.691398882
1750922012.786264420,-0.062378516,-0.111147823,-1.498157334,1.503569192
1750922012.798264503,0.004438922,-0.125910469,-1.402216868,1.407865511
1750922012.810264587,0.050429059,-0.199635067,-1.473803825,1.488117927
1750922012.822264671,-0.025516928,-0.143153569,-1.669640978,1.675960935
1750922012.834264755,-0.032249966,-0.119757922,-1.698298367,1.702821002
1750922012.846264839,-0.022295263,-0.147047603,-1.639099551,1.645833349
1750922012.858264923,-0.261373937,-0.159373453,-1.571098257,1.600645484
1750922012.870265007,-0.196379163,-0.249986410,-1.603627630,1.634833189
1750922012.882265091,-0.032450772,-0.276428489,-1.602847666,1.626833243
1750922012.894265175,-0.214662871,-0.217439300,-1.733088211,1.759816679
1750922012.906265259,-0.312139907,-0.235048792,-1.785299919,1.827559865
1750922012.918265343,-0.144620445,-0.313157624,-1.711941924,1.746347022
1750922012.930265427,-0.142966829,-0.422725378,-1.620758432,1.681069349
1750922012.942265511,-0.221853451,-0.284642796,-1.569059988,1.610027863
1750922012.954265594,-0.128739519,-0.333157650,-1.608251278,1.647434386
1750922012.966265678,-0.150066247,-0.307450049,-1.593364507,1.629679681
1750922012.978265762,-0.184279576,-0.249983042,-1.756182107,1.783430985
1750922012.990265846,-0.133759882,-0.573655286,-1.845088437,1.936833352
1750922013.002265930,-0.159051631,-0.676840057,-1.826870299,1.954703295
1750922013.014266014,-0.200654899,-0.725220140,-1.831630330,1.980170777
1750922013.026266098,-0.276633212,-0.542552816,-1.857423925,1.954715614
1750922013.038266182,-0.269832937,-0.389170455,-1.810718090,1.871620543
1750922013.050266266,-0.115014282,-0.526817961,-1.812911260,1.891404951
1750922013.062266350,-0.037774349,-0.652468088,-2.097429808,2.196896289
1750922013.074266434,0.749851395,-0.573852571,-1.584915483,1.844868824
1750922013.086266518,0.959980227,-0.407233180,-1.115406190,1.526935449
1750922013.098266602,0.645103890,-0.390209288,-1.313048404,1.514106479
1750922013.110266685,1.390149240,-0.603867563,-0.877209845,1.751190468
1750922013.122266769,0.855454364,-0.675423501,-1.353300633,1.737648318
1750922013.134266853,-0.266251349,-0.394303123,-1.989508972,2.045607656
1750922013.146266937,-0.320024221,-0.309765773,-1.797752042,1.852102249
1750922013.158267021,-0.164699467,-0.389055471,-1.716244244,1.767479669
1750922013.170267105,-0.311845923,-0.434186770,-1.683036234,1.765892691
1750922013.182267189,-0.383364430,-0.340951965,-1.749053853,1.822746804
1750922013.194267273,-0.285632915,-0.347598749,-1.734865856,1.792252937
1750922013.206267357,-0.228885621,-0.240736849,-1.634384148,1.667799269
1750922013.218267441,-0.133951963,-0.123213909,-1.563677993,1.574234309
1750922013.230267525,-0.222247002,-0.294504437,-1.472964960,1.518470403
1750922013.242267609,-0.193693364,-0.185868146,-1.424319024,1.449396002
1750922013.254267693,-0.162206638,-0.104512537,-1.539527872,1.551573373
1750922013.266267776,-0.196572410,-0.171811024,-1.491689936,1.514364092
1750922013.278267860,-0.137228696,-0.138925376,-1.405289901,1.418792332
1750922013.290267944,-0.158237416,-0.184478617,-1.296983695,1.319559830
1750922013.302268028,-0.180642570,-0.153185929,-1.273894684,1.295725793
1750922013.314268112,-0.198636664,-0.012667919,-1.292651831,1.307885988
1750922013.326268196,-0.121451513,-0.080884357,-1.285982363,1.294234672
1750922013.338268280,0.017514492,-0.111605513,-1.353899473,1.358604553
1750922013.350268364,-0.021041073,-0.073187302,-1.341315498,1.343475483
1750922013.362268448,-0.035214615,-0.107513535,-1.277654224,1.282653322
1750922013.374268532,-0.003993331,-0.180503293,-1.181437980,1.195154001
1750922013.386268616,-0.077482067,-0.163282944,-1.166441252,1.180360108
1750922013.398268700,-0.022304231,-0.123889536,-1.223708450,1.230166032
1750922013.410268784,-0.020908067,-0.057475944,-1.116688746,1.118362369
1750922013.422268867,-0.087498550,-0.043207775,-0.973766662,0.978644175
1750922013.434268951,0.033752806,0.016385457,-0.975286663,0.976008099
1750922013.446269035,0.138925684,0.045151814,-1.030947588,1.041245390
1750922013.458269119,0.079624484,-0.081681431,-0.953399386,0.960199095
1750922013.470269203,0.028621552,0.092879332,-0.812311868,0.818105333
1750922013.482269287,0.032683242,0.244820993,-0.800114984,0.837370588
1750922013.494269371,-0.100202159,-0.079482650,-0.893545264,0.902652261
1750922013.506269455,-0.082602538,-0.159642115,-0.878836310,0.897029567
1750922013.518269539,0.166790411,0.035909546,-0.737440225,0.756919165
1750922013.530269623,0.292166845,0.203083619,-0.552331334,0.657019272
1750922013.542269707,0.134806841,0.192101849,-0.513749199,0.564813460
1750922013.554269791,0.027559958,0.011669670,-0.579473628,0.580245998
1750922013.566269875,-0.011402404,-0.017448553,-0.595369402,0.595734162
1750922013.578269958,-0.023254579,0.052292918,-0.584670030,0.587464355
1750922013.590270042,0.069310674,0.051517745,-0.558273874,0.564913946
1750922013.602270126,0.092332922,0.020438059,-0.539380202,0.547607601
1750922013.614270210,0.129544736,0.105190351,-0.478982831,0.507219283
1750922013.626270294,0.208952260,0.200367400,-0.380084810,0.477778825
1750922013.638270378,0.060410759,0.221172746,-0.333362920,0.404595699
1750922013.650270462,-0.064152123,0.205170389,-0.347169548,0.408334517
1750922013.662270546,-0.059160692,0.195822103,-0.329045086,0.387449290
1750922013.674270630,-0.001157426,-0.195051128,-0.325996740,0.379894928
1750922013.686270714,0.177609710,-0.152714727,-0.359846294,0.429367386
1750922013.698270798,0.229948382,0.058051966,-0.391836198,0.458019536
1750922013.710270882,0.180574236,-0.120385769,-0.385573640,0.442455444
1750922013.722270966,0.223139196,-0.015127150,-0.313944645,0.385462283
1750922013.734271049,0.112085346,0.023046573,-0.189667076,0.221512683
1750922013.746271133,-0.077749954,0.029846284,-0.127493022,0.152283705
1750922013.758271217,-0.014726580,0.138761850,-0.076672072,0.159217869
1750922013.770271301,-0.033606559,0.048002931,-0.039727607,0.070795233
1750922013.782271385,-0.050273563,0.132833677,-0.019670280,0.143384576
1750922013.794271469,-0.029819015,0.317280214,-0.045587737,0.321922583
1750922013.806271553,-0.012985379,0.277382516,-0.107919091,0.297919806
1750922013.818271637,-0.063318975,0.147931068,-0.074080863,0.177146458
1750922013.830271721,-0.031611280,-0.000053093,-0.074575671,0.080998806
1750922013.842271805,0.076549902,0.054999089,-0.092067964,0.131762276
1750922013.854271889,0.053520075,-0.043045195,-0.027223762,0.073881124
1750922013.866271973,-0.013512926,-0.056026025,0.020013530,0.061008655
1750922013.878272057,-0.125994303,0.092156069,0.037252620,0.160483840
1750922013.890272141,-0.095648658,0.202081504,0.128032601,0.257639180
1750922013.902272224,-0.052992209,0.064583456,0.104256508,0.133598714
1750922013.914272308,-0.093239001,-0.017660230,0.081305938,0.124964198
1750922013.926272392,-0.145652780,0.121780928,0.134053021,0.232412433
1750922013.938272476,-0.146880811,0.053069168,0.111109005,0.191665126
1750922013.950272560,-0.064641253,0.025789783,0.101445590,0.123023624
1750922013.962272644,-0.048503332,-0.026171986,0.101836403,0.115793778
1750922013.974272728,-0.056307880,0.016106217,0.133804055,0.146059962
1750922013.986272812,-0.171013365,0.040687405,0.135017333,0.221654497
1750922013.998272896,-0.098199145,-0.088641682,0.128741746,0.184593763
1750922014.010272980,-0.020825782,-0.058988542,0.160345425,0.172116288
1750922014.022273064,-0.062354874,0.095420111,0.173313275,0.207438230
1750922014.034273148,-0.058317192,0.037979954,0.140904798,0.157154491
1750922014.046273232,-0.190390329,-0.033897723,0.122852611,0.229107610
1750922014.058273315,-0.212775710,0.016533989,0.176529600,0.276964935
1750922014.070273399,-0.222370579,0.028146671,0.216023381,0.311298909
1750922014.082273483,-0.219210854,0.027870618,0.212326341,0.306451701
1750922014.094273567,-0.191143644,0.018928355,0.194343192,0.273246138
1750922014.106273651,-0.204450259,0.000360544,0.190593845,0.279510379
1750922014.118273735,-0.206499118,-0.015699930,0.191717330,0.282212524
1750922014.130273819,-0.186158584,-0.049359554,0.173152358,0.258984793
1750922014.142273903,-0.178958618,-0.042136847,0.196488692,0.269090147
1750922014.154273987,-0.179262444,0.001718034,0.204116284,0.271664191
1750922014.166274071,-0.184531073,0.027756342,0.196106869,0.270702855
1750922014.178274155,-0.217137336,0.018748309,0.221723770,0.310904409
1750922014.190274239,-0.249581437,0.019948446,0.250710505,0.354322722
1750922014.202274323,-0.196840387,0.055291989,0.256862515,0.328301224
1750922014.214274406,-0.129890563,0.046650077,0.191637636,0.236162596
1750922014.226274490,-0.149245946,0.030646169,0.183528084,0.238529029
1750922014.238274574,-0.181484869,0.035494305,0.221443278,0.288502562
1750922014.250274658,-0.186005531,0.055351190,0.236696965,0.306083755
1750922014.262274742,-0.165541083,0.033387799,0.241398805,0.294604783
1750922014.274274826,-0.154294634,0.001664301,0.219933565,0.268664060
1750922014.286274910,-0.163651915,0.029686291,0.224557601,0.279444702
1750922014.298274994,-0.174630366,0.052483056,0.245950089,0.306172635
1750922014.310275078,-0.221170810,0.031077181,0.270112983,0.350490145
1750922014.322275162,-0.207792862,0.001961639,0.229033245,0.309253859
1750922014.334275246,-0.151040147,-0.001980389,0.191273338,0.243726358
1750922014.346275330,-0.144181306,-0.036383779,0.195123957,0.245327102
1750922014.358275414,-0.138452494,-0.071548538,0.167523573,0.228806542
1750922014.370275497,-0.155871245,-0.029916546,0.166907097,0.230323302
1750922014.382275581,-0.230328707,0.061794833,0.309119092,0.390415839
1750922014.394275665,-0.067723487,-1.317395241,1.870771070,2.289083024
1750922014.406275749,1.206823118,-0.589678418,3.190086983,3.461328882
1750922014.418275833,1.094397378,0.788856567,1.561492644,2.063555083
1750922014.430275917,-1.917495593,2.065414347,-1.021328883,2.997638814
1750922014.442276001,-1.796687060,3.303214865,-1.348036656,3.994560760
1750922014.454276085,0.728261197,0.615829323,-1.282583642,1.598321283
1750922014.466276169,0.540302818,2.509951555,-3.118835575,4.039668215
1750922014.478276253,2.888497946,3.398340631,-0.098897910,4.461156826
1750922014.490276337,2.865500089,0.258896090,2.110071495,3.567985379
1750922014.502276421,0.000000000,0.000000000,0.000000000,0.000000000
1750922014.514276505,0.000000000,0.000000000,0.000000000,0.000000000
1750922014.526276588,0.000000000,0.000000000,0.000000000,0.000000000
1750922014.538276672,0.000000000,0.000000000,0.000000000,0.000000000
1750922014.550276756,0.000000000,0.000000000,0.000000000,0.000000000
1750922014.562276840,0.000000000,0.000000000,0.000000000,0.000000000
1750922014.574276924,0.000000000,0.000000000,0.000000000,0.000000000
1750922014.586277008,0.000000000,0.000000000,0.000000000,0.000000000
1750922014.598277092,0.000000000,0.000000000,0.000000000,0.000000000
1750922014.610277176,0.000000000,0.000000000,0.000000000,0.000000000
1750922014.622277260,0.000000000,0.000000000,0.000000000,0.000000000
1750922014.634277344,0.000000000,0.000000000,0.000000000,0.000000000
1750922014.646277428,0.000000000,0.000000000,0.000000000,0.000000000
1750922014.658277512,0.000000000,0.000000000,0.000000000,0.000000000
1750922014.670277596,0.000000000,0.000000000,0.000000000,0.000000000
1750922014.682277679,0.000000000,0.000000000,0.000000000,0.000000000
1750922014.694277763,0.000000000,0.000000000,0.000000000,0.000000000
1750922014.706277847,0.000000000,0.000000000,0.000000000,0.000000000
1750922014.718277931,0.000000000,0.000000000,0.000000000,0.000000000
1750922014.730278015,0.000000000,0.000000000,0.000000000,0.000000000
1750922014.742278099,0.000000000,0.000000000,0.000000000,0.000000000
1750922014.754278183,0.000000000,0.000000000,0.000000000,0.000000000
1750922014.766278267,0.000000000,0.000000000,0.000000000,0.000000000
1750922014.778278351,0.000000000,0.000000000,0.000000000,0.000000000
1750922014.790278435,0.000000000,0.000000000,0.000000000,0.000000000
1750922014.802278519,0.000000000,0.000000000,0.000000000,0.000000000
1750922014.814278603,0.000000000,0.000000000,0.000000000,0.000000000
1750922014.826278687,0.000000000,0.000000000,0.000000000,0.000000000
1750922014.838278770,0.000000000,0.000000000,0.000000000,0.000000000
1750922014.850278854,0.000000000,0.000000000,0.000000000,0.000000000
1750922014.862278938,0.000000000,0.000000000,0.000000000,0.000000000
1750922014.874279022,0.000000000,0.000000000,0.000000000,0.000000000
1750922014.886279106,0.000000000,0.000000000,0.000000000,0.000000000
1750922014.898279190,0.000000000,0.000000000,0.000000000,0.000000000
1750922014.910279274,0.000000000,0.000000000,0.000000000,0.000000000
1750922014.922279358,0.000000000,0.000000000,0.000000000,0.000000000
1750922014.934279442,0.000000000,0.000000000,0.000000000,0.000000000
1750922014.946279526,0.000000000,0.000000000,0.000000000,0.000000000
1750922014.958279610,0.000000000,0.000000000,0.000000000,0.000000000
1750922014.970279694,0.000000000,0.000000000,0.000000000,0.000000000
1750922014.982279778,0.000000000,0.000000000,0.000000000,0.000000000
1750922014.994279861,0.000000000,0.000000000,0.000000000,0.000000000
1750922015.006279945,0.000000000,0.000000000,0.000000000,0.000000000
1750922015.018280029,0.000000000,0.000000000,0.000000000,0.000000000
1750922015.030280113,0.000000000,0.000000000,0.000000000,0.000000000
1750922015.042280197,0.000000000,0.000000000,0.000000000,0.000000000
1750922015.054280281,0.000000000,0.000000000,0.000000000,0.000000000
1750922015.066280365,0.000000000,0.000000000,0.000000000,0.000000000
1750922015.078280449,0.000000000,0.000000000,0.000000000,0.000000000
1750922015.090280533,0.000000000,0.000000000,0.000000000,0.000000000
1750922015.102280617,0.000000000,0.000000000,0.000000000,0.000000000
1750922015.114280701,0.000000000,0.000000000,0.000000000,0.000000000
1750922015.126280785,0.000000000,0.000000000,0.000000000,0.000000000
1750922015.138280869,0.000000000,0.000000000,0.000000000,0.000000000
1750922015.150280952,0.000000000,0.000000000,0.000000000,0.000000000
1750922015.162281036,0.000000000,0.000000000,0.000000000,0.000000000
1750922015.174281120,0.000000000,0.000000000,0.000000000,0.000000000
1750922015.186281204,0.000000000,0.000000000,0.000000000,0.000000000
1750922015.198281288,0.000000000,0.000000000,0.000000000,0.000000000
1750922015.210281372,0.000000000,0.000000000,0.000000000,0.000000000
1750922015.222281456,0.000000000,0.000000000,0.000000000,0.000000000
1750922015.234281540,0.000000000,0.000000000,0.000000000,0.000000000
1750922015.246281624,0.000000000,0.000000000,0.000000000,0.000000000
1750922015.258281708,0.000000000,0.000000000,0.000000000,0.000000000
1750922015.270281792,0.000000000,0.000000000,0.000000000,0.000000000
1750922015.282281876,0.000000000,0.000000000,0.000000000,0.000000000
1750922015.294281960,0.000000000,0.000000000,0.000000000,0.000000000
1750922015.306282043,0.000000000,0.000000000,0.000000000,0.000000000
1750922015.318282127,0.000000000,0.000000000,0.000000000,0.000000000
1750922015.330282211,0.000000000,0.000000000,0.000000000,0.000000000
1750922015.342282295,0.000000000,0.000000000,0.000000000,0.000000000
1750922015.354282379,0.000000000,0.000000000,0.000000000,0.000000000
1750922015.366282463,0.000000000,0.000000000,0.000000000,0.000000000
1750922015.378282547,0.000000000,0.000000000,0.000000000,0.000000000
1750922015.390282631,0.000000000,0.000000000,0.000000000,0.000000000
1750922015.402282715,0.000000000,0.000000000,0.000000000,0.000000000
1750922015.414282799,0.000000000,0.000000000,0.000000000,0.000000000
1750922015.426282883,0.000000000,0.000000000,0.000000000,0.000000000
1750922015.438282967,0.000000000,0.000000000,0.000000000,0.000000000
1750922015.450283051,0.000000000,0.000000000,0.000000000,0.000000000
1750922015.462283134,0.000000000,0.000000000,0.000000000,0.000000000
1750922015.474283218,0.000000000,0.000000000,0.000000000,0.000000000
1750922015.486283302,0.000000000,0.000000000,0.000000000,0.000000000
1750922015.498283386,0.000000000,0.000000000,0.000000000,0.000000000
1750922015.510283470,0.000000000,0.000000000,0.000000000,0.000000000
1750922015.522283554,0.000000000,0.000000000,0.000000000,0.000000000
1750922015.534283638,0.000000000,0.000000000,0.000000000,0.000000000
1750922015.546283722,0.000000000,0.000000000,0.000000000,0.000000000
1750922015.558283806,0.000000000,0.000000000,0.000000000,0.000000000
1750922015.570283890,0.000000000,0.000000000,0.000000000,0.000000000
1750922015.582283974,0.000000000,0.000000000,0.000000000,0.000000000
1750922015.594284058,0.000000000,0.000000000,0.000000000,0.000000000
