timestamp,success,tx,ty,tz,qx,qy,qz,qw,track_count,pnp_point_count,pnp_inlier_count,reprojection_error_mean,reprojection_error_median,pnp_rotation_step_deg,imu_rotation_step_deg,pnp_imu_rotation_error_deg,imu_rotation_consistent,imu_rejected,message,pose_source,map_point_count,map_inlier_count,local_landmark_count,map_descriptor_match_count,map_message,new_feature_count,tracking_state,reference_keyframe_id,is_keyframe,loop_candidate_count,loop_candidate_id,loop_match_count,loop_accepted,relocalized,graph_cost_before,graph_cost_after,loop_pnp_point_count,loop_inlier_count,loop_inlier_ratio,loop_reprojection_error_median,loop_pnp_message
1750921983.146057129,1,0.000000000,0.000000000,0.000000000,0.000000000,0.000000000,0.000000000,1.000000000,0,0,0,nan,nan,nan,nan,nan,0,0,initialized,initialization,0,0,0,0,,1000,TRACKING,0,1,0,-1,0,0,0,nan,nan,0,0,nan,nan,
1750921983.158057213,1,0.003347533,-0.003314747,-0.016349947,0.000732667,0.006277846,-0.000489948,0.999979906,959,480,473,0.780051322,0.686864499,0.726448511,nan,nan,0,0,ok,map,480,473,480,0,ok,41,TRACKING,0,0,0,-1,0,0,0,nan,nan,0,0,nan,nan,
1750921983.170057297,1,0.000268908,-0.005524319,-0.037088967,0.000863757,0.013140335,-0.001086720,0.999912698,967,479,445,1.038983549,0.915107262,0.846054898,0.789533107,0.075108582,1,0,ok,map,479,445,480,0,ok,33,TRACKING,0,0,0,-1,0,0,0,nan,nan,0,0,nan,nan,
1750921983.182057381,1,-0.001765134,-0.006354851,-0.057362442,0.000603782,0.019985518,-0.001882749,0.999798315,974,478,408,1.142771610,1.067237154,0.869486052,0.790358344,0.145524094,1,0,ok,map,478,408,480,0,ok,26,TRACKING,0,0,0,-1,0,0,0,nan,nan,0,0,nan,nan,
1750921983.194057465,1,-0.005754315,-0.008137368,-0.078637675,0.000446488,0.027338897,-0.002348610,0.999623364,991,476,422,1.144032196,1.059583705,0.771852949,0.844756710,0.098595163,1,0,ok,map,476,422,480,0,ok,9,TRACKING,0,0,0,-1,0,0,0,nan,nan,0,0,nan,nan,
1750921983.206057549,1,-0.007251515,-0.010931319,-0.100395751,0.000812043,0.034216450,-0.002548932,0.999410866,985,468,417,1.055846249,0.969926841,0.690441031,0.800469074,0.116116041,1,0,ok,map,468,417,480,0,ok,15,TRACKING,1,1,0,-1,0,0,0,nan,nan,0,0,nan,nan,
1750921983.218057632,1,-0.011160031,-0.011475419,-0.121427835,0.001167561,0.041328161,-0.003027034,0.999140359,962,579,529,0.845641531,0.682523448,0.787131743,0.818385889,0.077070878,1,0,ok,map,579,529,607,0,ok,38,TRACKING,1,0,0,-1,0,0,0,nan,nan,0,0,nan,nan,
1750921983.230057716,1,-0.014415157,-0.012878603,-0.138314361,0.001915905,0.048106620,-0.004128435,0.998831837,965,565,500,0.973092236,0.875320549,0.701584350,0.792390454,0.107842567,1,0,ok,map,565,500,607,0,ok,35,TRACKING,1,0,0,-1,0,0,0,nan,nan,0,0,nan,nan,
1750921983.242057800,1,-0.020366709,-0.016480733,-0.158347437,0.001419440,0.055171811,-0.003381498,0.998470141,973,553,457,1.303477490,1.221772005,0.757491023,0.817161918,0.062111456,1,0,ok,map,553,457,607,0,ok,27,TRACKING,1,0,0,-1,0,0,0,nan,nan,0,0,nan,nan,
1750921983.254057884,1,-0.023977002,-0.014412738,-0.180672385,-0.000644559,0.062799557,-0.003775377,0.998018811,963,530,430,1.301251364,1.193200806,0.930779400,0.908110260,0.093064833,1,0,ok,map,530,430,607,0,ok,37,TRACKING,1,0,0,-1,0,0,0,nan,nan,0,0,nan,nan,
1750921983.266057968,1,-0.027853571,-0.020033193,-0.196372781,0.001128987,0.069373306,-0.003918501,0.997582435,959,510,407,1.199669438,1.086011359,0.756762678,0.760516657,0.049018094,1,0,ok,map,510,407,607,0,ok,41,TRACKING,2,1,0,-1,0,0,0,nan,nan,0,0,nan,nan,
1750921983.278058052,1,-0.031584806,-0.020285074,-0.216623885,0.001040708,0.077022078,-0.004846433,0.997017065,970,613,539,0.956099455,0.829296498,0.869816552,0.885345059,0.049235862,1,0,ok,map,613,539,715,0,ok,30,TRACKING,2,0,0,-1,0,0,0,nan,nan,0,0,nan,nan,
1750921983.290058136,1,-0.038101929,-0.021942946,-0.237702073,0.001183534,0.083959051,-0.005789726,0.996451683,957,601,527,1.110476495,0.984312935,0.777952548,0.805014119,0.069606856,1,0,ok,map,601,527,715,1,ok,43,TRACKING,2,0,0,-1,0,0,0,nan,nan,0,0,nan,nan,
1750921983.302058220,1,-0.040709150,-0.023248263,-0.254203315,0.001309018,0.091996244,-0.005932968,0.995740818,968,590,481,1.220861081,1.093371707,0.853756319,0.924849787,0.135360089,1,0,ok,map,590,481,715,1,ok,32,TRACKING,2,0,0,-1,0,0,0,nan,nan,0,0,nan,nan,
1750921983.314058304,1,-0.048772045,-0.024441048,-0.278259289,0.000820936,0.098296305,-0.007473495,0.995128790,975,583,458,1.267490659,1.121173789,1.086134494,0.748599158,0.350298931,1,0,ok,map,583,458,715,0,ok,25,TRACKING,2,0,0,-1,0,0,0,nan,nan,0,0,nan,nan,
1750921983.326058388,1,-0.054549787,-0.027692888,-0.298749996,0.001481980,0.106749392,-0.006306804,0.994264852,963,571,462,1.307583142,1.166609888,0.803001382,0.960422758,0.167214290,1,0,ok,map,571,462,715,0,ok,37,TRACKING,3,1,0,-1,0,0,0,nan,nan,0,0,nan,nan,
1750921983.338058472,1,-0.060618711,-0.029375413,-0.316618129,0.001541537,0.113373075,-0.007670852,0.993521679,974,639,499,1.028188194,0.890632362,0.706557759,0.779642434,0.080372503,1,0,ok,map,639,499,793,0,ok,26,TRACKING,3,0,0,-1,0,0,0,nan,nan,0,0,nan,nan,
1750921983.350058556,1,-0.066877379,-0.029614972,-0.335500184,0.000845056,0.121519054,-0.006265652,0.992568963,970,626,531,1.184553679,1.056711754,0.913391644,0.956854702,0.079225248,1,0,ok,map,626,531,793,0,ok,30,TRACKING,3,0,0,-1,0,0,0,nan,nan,0,0,nan,nan,
1750921983.362058640,1,-0.074899834,-0.029875522,-0.357858517,0.000176749,0.128650092,-0.007694737,0.991660180,955,609,480,1.291074974,1.223211700,0.792956232,0.843371766,0.063074381,1,0,ok,map,609,480,793,0,ok,45,TRACKING,3,0,0,-1,0,0,0,nan,nan,0,0,nan,nan,
1750921983.374058723,1,-0.082025397,-0.030545746,-0.373104595,0.000473358,0.135902735,-0.007868459,0.990690825,955,581,456,1.342230756,1.264926191,0.827583299,0.839408539,0.099604903,1,0,ok,map,581,456,793,0,ok,45,TRACKING,3,0,0,-1,0,0,0,nan,nan,0,0,nan,nan,
1750921983.386058807,1,-0.086798662,-0.033670368,-0.392435476,0.003035174,0.144278116,-0.007139092,0.989506769,957,568,449,1.337529101,1.241679098,0.905890094,0.955832874,0.128443304,1,0,ok,map,568,449,793,0,ok,43,TRACKING,4,1,0,-1,0,0,0,nan,nan,0,0,nan,nan,
1750921983.398058891,1,-0.093958732,-0.035837149,-0.409134809,0.004586526,0.151409081,-0.007873609,0.988429188,954,641,544,1.222432929,1.071542866,0.677070233,0.849511546,0.179169684,1,0,ok,map,641,544,887,0,ok,46,TRACKING,4,0,0,-1,0,0,0,nan,nan,0,0,nan,nan,
1750921983.410058975,1,-0.101692626,-0.038227567,-0.428821898,0.003575456,0.158800989,-0.009181793,0.987261443,965,627,478,1.407431096,1.298061171,0.611837050,0.878236719,0.315288807,1,0,ok,map,627,478,887,0,ok,35,TRACKING,4,0,0,-1,0,0,0,nan,nan,0,0,nan,nan,
1750921983.422059059,1,-0.111584225,-0.040174916,-0.449533259,0.001247427,0.165901693,-0.009205304,0.986098542,953,593,451,1.442209098,1.338154890,0.659301796,0.866609826,0.210618354,1,0,ok,map,593,451,887,0,ok,47,TRACKING,4,0,0,-1,0,0,0,nan,nan,0,0,nan,nan,
1750921983.434059143,1,-0.119343403,-0.039771785,-0.465992631,-0.000876320,0.173688342,-0.008889325,0.984760160,967,572,410,1.489811208,1.386946248,0.550870829,0.938208074,0.453585731,1,0,ok,map,572,410,887,0,ok,33,TRACKING,4,0,0,-1,0,0,0,nan,nan,0,0,nan,nan,
1750921983.446059227,1,-0.124761887,-0.043266736,-0.484040995,0.000862786,0.181300506,-0.008161812,0.983393496,954,548,400,1.355275152,1.278880759,0.766894300,0.850237029,0.164705585,1,0,ok,map,548,400,887,0,ok,46,TRACKING,5,1,0,-1,0,0,0,nan,nan,0,0,nan,nan,
1750921983.458059311,1,-0.134201788,-0.042651486,-0.503449491,0.001091786,0.189161082,-0.008210442,0.981911137,962,564,463,1.186190395,1.068670794,0.817972529,0.917027413,0.158195170,1,0,ok,map,564,463,857,0,ok,38,TRACKING,5,0,0,-1,0,0,0,nan,nan,0,0,nan,nan,
1750921983.470059395,1,-0.142274172,-0.044471878,-0.518820189,0.001925293,0.196183866,-0.008712130,0.980526533,953,544,437,1.231932845,1.104392455,0.695445023,0.827786416,0.138634183,1,0,ok,map,544,437,857,0,ok,47,TRACKING,5,0,0,-1,0,0,0,nan,nan,0,0,nan,nan,
1750921983.482059479,1,-0.152196611,-0.045093481,-0.537673311,0.002016566,0.203906853,-0.009129746,0.978945645,962,522,418,1.357273456,1.224533511,0.745432505,0.904669623,0.201644729,1,0,ok,map,522,418,857,0,ok,38,TRACKING,5,0,0,-1,0,0,0,nan,nan,0,0,nan,nan,
1750921983.494059563,1,-0.163607579,-0.046758317,-0.558112623,0.001736577,0.210711453,-0.009915919,0.977496467,944,502,387,1.351449883,1.268177962,0.688061324,0.802953851,0.159067123,1,0,ok,map,502,387,857,0,ok,56,TRACKING,5,0,0,-1,0,0,0,nan,nan,0,0,nan,nan,
1750921983.506059647,1,-0.169152274,-0.049604639,-0.575470525,0.002108927,0.218610443,-0.009224924,0.975766328,951,479,374,1.219552697,1.080264133,0.865695214,0.884053403,0.135506399,1,0,ok,map,479,374,857,0,ok,49,TRACKING,6,1,0,-1,0,0,0,nan,nan,0,0,nan,nan,
1750921983.518059731,1,-0.180383409,-0.049603567,-0.593804335,0.001870052,0.225659549,-0.010048453,0.974152606,965,522,439,1.015838025,0.843608753,0.793981627,0.834471177,0.092476535,1,0,ok,map,522,439,826,0,ok,35,TRACKING,6,0,0,-1,0,0,0,nan,nan,0,0,nan,nan,
1750921983.530059814,1,-0.190731210,-0.050216311,-0.610932990,0.002411331,0.232927189,-0.010282023,0.972436831,982,519,427,1.120202393,0.972046686,0.810936794,0.858368577,0.092847603,1,0,ok,map,519,427,826,0,ok,18,TRACKING,6,0,0,-1,0,0,0,nan,nan,0,0,nan,nan,
1750921983.542059898,1,-0.199138205,-0.050136861,-0.625661436,0.002665965,0.239859566,-0.010847050,0.970743335,973,517,400,1.237626809,1.131334447,0.606683986,0.820831486,0.270923862,1,0,ok,map,517,400,826,0,ok,27,TRACKING,6,0,0,-1,0,0,0,nan,nan,0,0,nan,nan,
1750921983.554059982,1,-0.210859921,-0.052411019,-0.644706244,0.003551155,0.247026998,-0.011194910,0.968937421,979,516,413,1.191762831,1.109649243,0.841994917,0.853981988,0.079054782,1,0,ok,map,516,413,826,0,ok,21,TRACKING,6,0,0,-1,0,0,0,nan,nan,0,0,nan,nan,
1750921983.566060066,1,-0.220376520,-0.054955530,-0.661895890,0.004608875,0.254582596,-0.010853018,0.966979148,977,514,412,1.307406938,1.181110000,0.718771955,0.834205633,0.196393175,1,0,ok,map,514,412,826,0,ok,23,TRACKING,7,1,0,-1,0,0,0,nan,nan,0,0,nan,nan,
1750921983.578060150,1,-0.230135769,-0.056413915,-0.677036579,0.004724592,0.261317523,-0.011964153,0.965167182,974,549,452,1.055077863,0.885455917,0.686157253,0.809398465,0.136102656,1,0,ok,map,549,452,772,0,ok,26,TRACKING,7,0,0,-1,0,0,0,nan,nan,0,0,nan,nan,
1750921983.590060234,1,-0.244309877,-0.057362950,-0.695623840,0.004109126,0.268234064,-0.011671658,0.963274299,966,546,444,1.175629174,1.045043780,0.712692850,0.825426109,0.138857618,1,0,ok,map,546,444,772,0,ok,34,TRACKING,7,0,0,-1,0,0,0,nan,nan,0,0,nan,nan,
1750921983.602060318,1,-0.255149919,-0.056581058,-0.711400528,0.003350206,0.274914418,-0.011561046,0.961393354,976,543,424,1.213271313,1.043258331,0.698568556,0.800120614,0.170951757,1,0,ok,map,543,424,772,0,ok,24,TRACKING,7,0,0,-1,0,0,0,nan,nan,0,0,nan,nan,
1750921983.614060402,1,-0.265966174,-0.056806634,-0.725732423,0.003908969,0.281822251,-0.011395303,0.959390997,945,525,400,1.374276823,1.230718744,0.760920000,0.826867609,0.161313673,1,0,ok,map,525,400,772,1,ok,55,TRACKING,7,0,0,-1,0,0,0,nan,nan,0,0,nan,nan,
1750921983.626060486,1,-0.275919250,-0.060595786,-0.744538471,0.006704848,0.289181546,-0.011509285,0.957181600,935,496,359,1.247754977,1.113652090,0.875588250,0.823564774,0.103120723,1,0,ok,map,496,359,772,0,ok,65,TRACKING,8,1,0,-1,0,0,0,nan,nan,0,0,nan,nan,
1750921983.638060570,1,-0.290043395,-0.059926495,-0.761401898,0.006201270,0.295858199,-0.012284293,0.955132748,965,542,445,1.115614828,0.925213873,0.836916950,0.807280484,0.096765384,1,0,ok,map,542,445,743,0,ok,35,TRACKING,8,0,0,-1,0,0,0,nan,nan,0,0,nan,nan,
1750921983.650060654,1,-0.300228310,-0.060990998,-0.774829036,0.006723515,0.302555030,-0.013024409,0.953019209,972,540,425,1.132715570,0.998400682,0.851237992,0.811380322,0.095154231,1,0,ok,map,540,425,743,0,ok,28,TRACKING,8,0,0,-1,0,0,0,nan,nan,0,0,nan,nan,
1750921983.662060738,1,-0.315632474,-0.063054927,-0.792217937,0.006340093,0.309100923,-0.013850092,0.950907250,974,537,399,1.181484446,1.047885073,0.769433632,0.795054358,0.083093108,1,0,ok,map,537,399,743,0,ok,26,TRACKING,8,0,0,-1,0,0,0,nan,nan,0,0,nan,nan,
1750921983.674060822,1,-0.328615807,-0.064538650,-0.806101184,0.004776722,0.315855892,-0.014077055,0.948690716,984,528,376,1.296381228,1.168214550,0.658114767,0.834542174,0.330192236,1,0,ok,map,528,376,743,0,ok,16,TRACKING,8,0,0,-1,0,0,0,nan,nan,0,0,nan,nan,
1750921983.686060905,1,-0.340618972,-0.062389806,-0.823134334,0.004059903,0.322015874,-0.013338833,0.946631591,972,525,375,1.286400790,1.208027706,0.787123972,0.791653319,0.066095967,1,0,ok,map,525,375,743,0,ok,28,TRACKING,9,1,0,-1,0,0,0,nan,nan,0,0,nan,nan,
1750921983.698060989,1,-0.351977013,-0.063260074,-0.835618554,0.005788825,0.328857929,-0.013413984,0.944266391,969,565,417,1.128814715,0.947890522,0.900065065,0.852941344,0.182207931,1,0,ok,map,565,417,659,0,ok,31,TRACKING,9,0,0,-1,0,0,0,nan,nan,0,0,nan,nan,
1750921983.710061073,1,-0.367215406,-0.063640660,-0.850254653,0.006464806,0.335431373,-0.014037744,0.941937865,971,562,416,1.175219835,1.088892749,0.767533516,0.806047308,0.063944487,1,0,ok,map,562,416,659,0,ok,29,TRACKING,9,0,0,-1,0,0,0,nan,nan,0,0,nan,nan,
1750921983.722061157,1,-0.381481521,-0.064386878,-0.864351826,0.006746378,0.341937862,-0.014834971,0.939581241,968,557,417,1.299717991,1.201515563,0.755079082,0.798885868,0.137314797,1,0,ok,map,557,417,659,0,ok,32,TRACKING,9,0,0,-1,0,0,0,nan,nan,0,0,nan,nan,
1750921983.734061241,1,-0.394731615,-0.064791558,-0.878236479,0.006815591,0.348092956,-0.015310965,0.937310203,967,549,392,1.289874784,1.273058049,0.767531480,0.753820191,0.185029602,1,0,ok,map,549,392,659,0,ok,33,TRACKING,9,0,0,-1,0,0,0,nan,nan,0,0,nan,nan,
1750921983.746061325,1,-0.409851065,-0.067541478,-0.892848497,0.007683433,0.354445560,-0.014778822,0.934928284,871,514,376,1.353950673,1.252795198,0.759347221,0.808513805,0.199621714,1,0,ok,map,514,376,659,1,ok,129,TRACKING,10,1,0,-1,0,0,0,nan,nan,0,0,nan,nan,
1750921983.758061409,1,-0.420821118,-0.066255100,-0.904048891,0.007848518,0.361045632,-0.014239457,0.932406398,931,539,431,1.176380107,1.054740777,0.782685172,0.812220817,0.098703295,1,0,ok,map,539,431,643,0,ok,69,TRACKING,10,0,0,-1,0,0,0,nan,nan,0,0,nan,nan,
1750921983.770061493,1,-0.434368016,-0.068332838,-0.915772910,0.008362327,0.367306317,-0.015676134,0.929930320,970,537,411,1.267729085,1.133317613,0.663106914,0.791058445,0.247979239,1,0,ok,map,537,411,643,0,ok,30,TRACKING,10,0,0,-1,0,0,0,nan,nan,0,0,nan,nan,
1750921983.782061577,1,-0.454581975,-0.068972159,-0.932733338,0.007263357,0.373439122,-0.016458381,0.927480236,988,537,402,1.298353406,1.178909174,0.680422517,0.772401745,0.117244314,1,0,ok,map,537,402,643,0,ok,12,TRACKING,10,0,0,-1,0,0,0,nan,nan,0,0,nan,nan,
1750921983.794061661,1,-0.463401355,-0.066594430,-0.940513552,0.006621953,0.379706753,-0.016427397,0.924937334,973,536,395,1.363949942,1.265966844,0.658855862,0.778565774,0.217513760,1,0,ok,map,536,395,643,0,ok,27,TRACKING,10,0,0,-1,0,0,0,nan,nan,0,0,nan,nan,
1750921983.806061745,1,-0.484872556,-0.067838938,-0.961139249,0.009928115,0.386768179,-0.015779628,0.921988509,962,529,383,1.473913649,1.338021757,0.602700335,0.844669132,0.290550383,1,0,ok,map,529,383,643,0,ok,38,TRACKING,11,1,0,-1,0,0,0,nan,nan,0,0,nan,nan,
1750921983.818061829,1,-0.500957622,-0.068236652,-0.973835625,0.010702650,0.393064346,-0.015718245,0.919314315,973,585,475,1.233799357,1.098285324,0.733548751,0.788910194,0.156049299,1,0,ok,map,585,475,689,0,ok,27,TRACKING,11,0,0,-1,0,0,0,nan,nan,0,0,nan,nan,
1750921983.830061913,1,-0.515522709,-0.068213198,-0.984580736,0.010146701,0.398889314,-0.015936201,0.916804449,976,578,456,1.264119230,1.128049301,0.686232373,0.730033731,0.135910454,1,0,ok,map,578,456,689,0,ok,24,TRACKING,11,0,0,-1,0,0,0,nan,nan,0,0,nan,nan,
1750921983.842061996,1,-0.532228001,-0.068215840,-0.997060282,0.009332215,0.404967921,-0.016114406,0.914141247,970,571,424,1.282146195,1.211943757,0.741090372,0.766457477,0.194253239,1,0,ok,map,571,424,689,0,ok,30,TRACKING,11,0,0,-1,0,0,0,nan,nan,0,0,nan,nan,
1750921983.854062080,1,-0.552273575,-0.070239389,-1.010854926,0.008992971,0.410755077,-0.016344273,0.911554857,961,569,414,1.384102371,1.273663310,0.720785190,0.727892306,0.099231568,1,0,ok,map,569,414,689,0,ok,39,TRACKING,11,0,0,-1,0,0,0,nan,nan,0,0,nan,nan,
1750921983.866062164,1,-0.567833599,-0.067330247,-1.028437430,0.009904997,0.417668351,-0.015776194,0.908408582,904,567,401,1.316586052,1.219723235,0.739982309,0.778243758,0.288317535,1,0,ok,map,567,401,689,0,ok,96,TRACKING,12,1,0,-1,0,0,0,nan,nan,0,0,nan,nan,
1750921983.878062248,1,-0.583872033,-0.069088932,-1.040222863,0.010500995,0.423258706,-0.016893907,0.905790480,960,629,477,1.054832681,0.880585039,0.707133722,0.722119137,0.134347929,1,0,ok,map,629,477,689,0,ok,40,TRACKING,12,0,0,-1,0,0,0,nan,nan,0,0,nan,nan,
1750921983.890062332,1,-0.602737062,-0.069830758,-1.051593905,0.010598383,0.429056298,-0.016738972,0.903060449,964,626,490,1.198097785,1.017569262,0.676692447,0.734627342,0.140483167,1,0,ok,map,626,490,689,0,ok,36,TRACKING,12,0,0,-1,0,0,0,nan,nan,0,0,nan,nan,
1750921983.902062416,1,-0.621937141,-0.070557583,-1.063615711,0.010453326,0.434844555,-0.016317040,0.900297004,983,626,471,1.280199490,1.111219279,0.684167210,0.736777925,0.086783712,1,0,ok,map,626,471,689,0,ok,17,TRACKING,12,0,0,-1,0,0,0,nan,nan,0,0,nan,nan,
1750921983.914062500,1,-0.639549209,-0.069196176,-1.073714998,0.009101271,0.440295376,-0.015794092,0.897667921,965,621,466,1.341492451,1.172393748,0.650847178,0.713098146,0.090302909,1,0,ok,map,621,466,689,0,ok,35,TRACKING,12,0,0,-1,0,0,0,nan,nan,0,0,nan,nan,
1750921983.926062584,1,-0.652152555,-0.068063146,-1.082547324,0.009888476,0.446366447,-0.016170706,0.894649497,980,618,434,1.424393104,1.255856098,0.725296418,0.783344550,0.288962229,1,0,ok,map,618,434,689,0,ok,20,TRACKING,12,0,0,-1,0,0,0,nan,nan,0,0,nan,nan,
1750921983.938062668,1,-0.668815608,-0.069237862,-1.091255563,0.011093677,0.451457488,-0.017871099,0.892044669,977,615,417,1.455720818,1.383719712,0.647999022,0.697483206,0.180066594,1,0,ok,map,615,417,689,0,ok,23,TRACKING,12,0,0,-1,0,0,0,nan,nan,0,0,nan,nan,
1750921983.950062752,1,-0.683312396,-0.070102874,-1.101078036,0.012658367,0.457017623,-0.018858912,0.889167588,956,606,409,1.329469108,1.198665507,0.679297474,0.748072073,0.209650978,1,0,ok,map,606,409,689,0,ok,44,TRACKING,12,0,0,-1,0,0,0,nan,nan,0,0,nan,nan,
1750921983.962062836,1,-0.700907687,-0.070610478,-1.109688037,0.012549864,0.462622458,-0.018274577,0.886278174,975,600,383,1.438313334,1.312523714,0.550453515,0.725792933,0.239572110,1,0,ok,map,600,383,689,0,ok,25,TRACKING,12,0,0,-1,0,0,0,nan,nan,0,0,nan,nan,
1750921983.974062920,1,-0.720593335,-0.072681714,-1.119944048,0.012111505,0.468217094,-0.017387871,0.883359342,965,592,373,1.642322310,1.518801981,0.557034813,0.731934986,0.319534690,1,0,ok,map,592,373,689,0,ok,35,TRACKING,12,0,0,-1,0,0,0,nan,nan,0,0,nan,nan,
1750921983.986063004,1,-0.743978117,-0.069158468,-1.142413326,0.010114899,0.474886177,-0.017235271,0.879820296,961,577,358,1.637643512,1.461263990,0.799640869,0.712289702,0.433235259,1,0,ok,map,577,358,689,0,ok,39,TRACKING,13,1,0,-1,0,0,0,nan,nan,0,0,nan,nan,
1750921983.998063087,1,-0.759526085,-0.068381508,-1.148683467,0.009966740,0.480185668,-0.018237958,0.876920615,969,619,440,1.321247706,1.095872919,0.663545383,0.701916193,0.255831018,1,0,ok,map,619,440,714,0,ok,31,TRACKING,13,0,0,-1,0,0,0,nan,nan,0,0,nan,nan,
1750921984.010063171,1,-0.781257248,-0.071126527,-1.160642152,0.011253044,0.485571601,-0.019229631,0.873912931,951,603,416,1.344365378,1.112057663,0.715775500,0.730987930,0.178021873,1,0,ok,map,603,416,714,0,ok,49,TRACKING,13,0,0,-1,0,0,0,nan,nan,0,0,nan,nan,
1750921984.022063255,1,-0.799225416,-0.069865717,-1.171407570,0.011117748,0.490965050,-0.019306640,0.870894350,974,594,419,1.217488894,1.064767173,0.737172991,0.708482456,0.112127590,1,0,ok,map,594,419,714,0,ok,26,TRACKING,13,0,0,-1,0,0,0,nan,nan,0,0,nan,nan,
1750921984.034063339,1,-0.814000526,-0.072502417,-1.175792572,0.010787805,0.496053358,-0.018982672,0.868017481,983,589,403,1.430113055,1.232230030,0.488660545,0.671912847,0.206725492,1,0,ok,map,589,403,714,0,ok,17,TRACKING,13,0,0,-1,0,0,0,nan,nan,0,0,nan,nan,
1750921984.046063423,1,-0.839005380,-0.069913711,-1.187734072,0.009896186,0.501366303,-0.017974811,0.864991793,968,574,386,1.305042646,1.190173831,0.713626338,0.717393215,0.176828747,1,0,ok,map,574,386,714,0,ok,32,TRACKING,13,0,0,-1,0,0,0,nan,nan,0,0,nan,nan,
1750921984.058063507,1,-0.858645762,-0.067157308,-1.204733904,0.008906117,0.508109654,-0.018256291,0.861052826,963,556,374,1.306095934,1.146742075,0.636231266,0.673399979,0.208713146,1,0,ok,map,556,374,714,0,ok,37,TRACKING,14,1,0,-1,0,0,0,nan,nan,0,0,nan,nan,
1750921984.070063591,1,-0.873939973,-0.067748359,-1.211844053,0.008911180,0.513241624,-0.018883763,0.857990110,979,593,454,1.127355965,0.934087193,0.587414341,0.688610425,0.129168947,1,0,ok,map,593,454,694,0,ok,21,TRACKING,14,0,0,-1,0,0,0,nan,nan,0,0,nan,nan,
1750921984.082063675,1,-0.892312503,-0.068572009,-1.220459384,0.009293549,0.518209077,-0.019833118,0.854973467,968,588,444,1.160707949,1.029729077,0.610587941,0.676219336,0.109791465,1,0,ok,map,588,444,694,0,ok,32,TRACKING,14,0,0,-1,0,0,0,nan,nan,0,0,nan,nan,
1750921984.094063759,1,-0.911779062,-0.068182178,-1.228159114,0.009940714,0.523417688,-0.020014735,0.851783140,984,588,433,1.197740117,1.023890866,0.583069320,0.704153181,0.167953465,1,0,ok,map,588,433,694,0,ok,16,TRACKING,14,0,0,-1,0,0,0,nan,nan,0,0,nan,nan,
1750921984.106063843,1,-0.933173274,-0.069599935,-1.235736729,0.009712527,0.528497905,-0.020803091,0.848624100,951,582,426,1.210649336,1.025794033,0.538328840,0.691945417,0.222004193,1,0,ok,map,582,426,694,0,ok,49,TRACKING,14,0,0,-1,0,0,0,nan,nan,0,0,nan,nan,
1750921984.118063927,1,-0.949483106,-0.068748566,-1.242475349,0.008807339,0.533780438,-0.020411954,0.845330839,969,582,414,1.229590382,1.075906561,0.565642742,0.722228779,0.173493190,1,0,ok,map,582,414,694,0,ok,31,TRACKING,14,0,0,-1,0,0,0,nan,nan,0,0,nan,nan,
1750921984.130064011,1,-0.968581183,-0.068215297,-1.248567868,0.008511833,0.538542731,-0.020985938,0.842293812,962,577,407,1.333815800,1.162770332,0.460204221,0.651459087,0.238113744,1,0,ok,map,577,407,694,0,ok,38,TRACKING,14,0,0,-1,0,0,0,nan,nan,0,0,nan,nan,
1750921984.142064095,1,-0.994256861,-0.065730123,-1.266672670,0.008818575,0.545840614,-0.021269573,0.837572601,943,570,387,1.293685395,1.133034657,0.606474861,0.720562701,0.200025890,1,0,ok,map,570,387,694,0,ok,57,TRACKING,15,1,0,-1,0,0,0,nan,nan,0,0,nan,nan,
1750921984.154064178,1,-1.012436895,-0.066598134,-1.271375054,0.009666974,0.550597813,-0.022241293,0.834418314,940,622,472,1.155019875,0.909097975,0.557679578,0.670576879,0.145085936,1,0,ok,map,622,472,731,0,ok,60,TRACKING,15,0,0,-1,0,0,0,nan,nan,0,0,nan,nan,
1750921984.166064262,1,-1.030406396,-0.066464598,-1.277320528,0.009729946,0.555820577,-0.022393650,0.830943643,982,621,456,1.185142283,0.960627299,0.539841264,0.719082960,0.200687987,1,0,ok,map,621,456,731,0,ok,18,TRACKING,15,0,0,-1,0,0,0,nan,nan,0,0,nan,nan,
1750921984.178064346,1,-1.052340477,-0.067948145,-1.284396887,0.009582723,0.560964008,-0.021930901,0.827494163,970,615,439,1.352525777,1.186027139,0.574591391,0.711849995,0.201760552,1,0,ok,map,615,439,731,0,ok,30,TRACKING,15,0,0,-1,0,0,0,nan,nan,0,0,nan,nan,
1750921984.190064430,1,-1.069222654,-0.067061273,-1.289589198,0.009558914,0.565679989,-0.022889347,0.824251694,966,599,446,1.288834979,1.142264434,0.457093134,0.664960501,0.234935407,1,0,ok,map,599,446,731,0,ok,34,TRACKING,15,0,0,-1,0,0,0,nan,nan,0,0,nan,nan,
1750921984.202064514,1,-1.093494824,-0.067473444,-1.295120507,0.008826996,0.570493983,-0.023271095,0.820924573,971,588,415,1.394704010,1.233598451,0.400395914,0.677213966,0.294223494,1,0,ok,map,588,415,731,0,ok,29,TRACKING,15,0,0,-1,0,0,0,nan,nan,0,0,nan,nan,
1750921984.214064598,1,-1.114461035,-0.064812066,-1.311020275,0.007704020,0.577851751,-0.023018125,0.815780710,977,580,396,1.290359161,1.084611163,0.440488602,0.688004319,0.279872458,1,0,ok,map,580,396,731,0,ok,23,TRACKING,16,1,0,-1,0,0,0,nan,nan,0,0,nan,nan,
1750921984.226064682,1,-1.131355172,-0.064364137,-1.314273984,0.007948776,0.582757608,-0.022777995,0.812287849,972,616,443,1.133152430,0.884508261,0.437873631,0.691217814,0.295334200,1,0,ok,map,616,443,726,0,ok,28,TRACKING,16,0,0,-1,0,0,0,nan,nan,0,0,nan,nan,
1750921984.238064766,1,-1.150957861,-0.065355044,-1.318908418,0.008653858,0.587590162,-0.022706160,0.808793758,968,612,435,1.164379997,0.974304728,0.502508964,0.688166534,0.189013155,1,0,ok,map,612,435,726,0,ok,32,TRACKING,16,0,0,-1,0,0,0,nan,nan,0,0,nan,nan,
1750921984.250064850,1,-1.173016369,-0.066055928,-1.323599312,0.008131453,0.592266021,-0.023420006,0.805361001,957,607,448,1.293514401,1.101273188,0.447950726,0.672390481,0.276148117,1,0,ok,map,607,448,726,0,ok,43,TRACKING,16,0,0,-1,0,0,0,nan,nan,0,0,nan,nan,
1750921984.262064934,1,-1.195344065,-0.066412893,-1.328226519,0.007317889,0.596876665,-0.024340493,0.801930319,959,599,425,1.227299942,0.998524640,0.424624593,0.673432870,0.251035561,1,0,ok,map,599,425,726,0,ok,41,TRACKING,16,0,0,-1,0,0,0,nan,nan,0,0,nan,nan,
1750921984.274065018,1,-1.214100009,-0.069590007,-1.325677497,0.007144776,0.601993739,-0.023194705,0.798131879,951,578,414,1.314713891,1.167466116,0.446039798,0.715868796,0.308958339,1,0,ok,map,578,414,726,0,ok,49,TRACKING,17,1,0,-1,0,0,0,nan,nan,0,0,nan,nan,
1750921984.286065102,1,-1.230503421,-0.070763436,-1.329026130,0.007590549,0.606708255,-0.023234398,0.794548702,958,674,537,1.038119145,0.847062272,0.468430227,0.680506023,0.250830424,1,0,ok,map,674,537,780,0,ok,42,TRACKING,17,0,0,-1,0,0,0,nan,nan,0,0,nan,nan,
1750921984.298065186,1,-1.250818355,-0.072380831,-1.332569360,0.007864525,0.611446573,-0.023385894,0.790900965,971,663,515,1.219164705,1.024281659,0.409589970,0.686170681,0.351867532,1,0,ok,map,663,515,780,0,ok,29,TRACKING,17,0,0,-1,0,0,0,nan,nan,0,0,nan,nan,
1750921984.310065269,1,-1.271773144,-0.073741699,-1.336088596,0.006578775,0.616044262,-0.023754862,0.787325786,978,658,503,1.225036732,1.024258583,0.362466703,0.684774883,0.389262520,1,0,ok,map,658,503,780,0,ok,22,TRACKING,17,0,0,-1,0,0,0,nan,nan,0,0,nan,nan,
1750921984.322065353,1,-1.296179257,-0.070093407,-1.339442217,0.005552658,0.620956480,-0.022720114,0.783496021,976,653,488,1.313217889,1.150127158,0.529636484,0.733034414,0.291785416,1,0,ok,map,653,488,780,1,ok,24,TRACKING,17,0,0,-1,0,0,0,nan,nan,0,0,nan,nan,
1750921984.334065437,1,-1.313459873,-0.069081448,-1.340610260,0.006301262,0.625564033,-0.023733938,0.779786275,980,646,455,1.451607994,1.256482249,0.534772141,0.693066946,0.430691605,1,0,ok,map,646,455,780,0,ok,20,TRACKING,17,0,0,-1,0,0,0,nan,nan,0,0,nan,nan,
1750921984.346065521,1,-1.333769899,-0.070815135,-1.344798316,0.009012687,0.630256021,-0.025653622,0.775911085,963,640,447,1.265179779,1.074734296,0.766012269,0.794484507,0.359020304,1,0,ok,map,640,447,780,0,ok,37,TRACKING,17,0,0,-1,0,0,0,nan,nan,0,0,nan,nan,
1750921984.358065605,1,-1.352696619,-0.072044994,-1.346663195,0.009774726,0.634923494,-0.025365582,0.772096625,971,634,430,1.374714088,1.132247831,0.531559988,0.697025573,0.489786922,1,0,ok,map,634,430,780,1,ok,29,TRACKING,17,0,0,-1,0,0,0,nan,nan,0,0,nan,nan,
1750921984.370065689,1,-1.367590047,-0.072025431,-1.349331807,0.008754308,0.639787611,-0.024252582,0.768119123,950,610,394,1.504124051,1.223487612,0.265064942,0.740516210,0.702764305,1,0,ok,map,610,394,780,0,ok,50,TRACKING,17,0,0,-1,0,0,0,nan,nan,0,0,nan,nan,
1750921984.382065773,1,-1.388113355,-0.070661021,-1.351389663,0.007313750,0.644386388,-0.024233230,0.764280997,982,607,397,1.467935244,1.221089173,0.233813379,0.705977561,0.562955741,1,0,ok,map,607,397,780,0,ok,18,TRACKING,17,0,0,-1,0,0,0,nan,nan,0,0,nan,nan,
1750921984.394065857,1,-1.404105437,-0.071206740,-1.353760632,0.005866310,0.648844300,-0.024974409,0.760488619,970,597,394,1.396708662,1.215701201,0.268962263,0.696087444,0.459207613,1,0,ok,map,597,394,780,0,ok,30,TRACKING,17,0,0,-1,0,0,0,nan,nan,0,0,nan,nan,
1750921984.406065941,1,-1.426044106,-0.074319249,-1.346966402,0.006563402,0.653385497,-0.024836412,0.756589364,951,581,389,1.606126300,1.355625245,0.352594765,0.736535275,0.725206920,1,0,ok,map,581,389,780,0,ok,49,TRACKING,18,1,0,-1,0,0,0,nan,nan,0,0,nan,nan,
1750921984.418066025,1,-1.447868115,-0.073426983,-1.347322422,0.008143978,0.658176734,-0.025360910,0.752392110,948,693,504,1.178245410,0.950108310,0.686763575,0.754447379,0.349636925,1,0,ok,map,693,504,859,0,ok,52,TRACKING,18,0,0,-1,0,0,0,nan,nan,0,0,nan,nan,
1750921984.430066109,1,-1.466508721,-0.073909592,-1.348868707,0.009762627,0.662963429,-0.026223340,0.748128678,955,682,504,1.315963694,1.142173925,0.619008012,0.764019723,0.264705962,1,0,ok,map,682,504,859,0,ok,45,TRACKING,18,0,0,-1,0,0,0,nan,nan,0,0,nan,nan,
1750921984.442066193,1,-1.487223909,-0.075276325,-1.350057613,0.009172984,0.667630502,-0.026841608,0.743952215,971,676,486,1.455264944,1.187672686,0.344620749,0.724328147,0.394984731,1,0,ok,map,676,486,859,0,ok,29,TRACKING,18,0,0,-1,0,0,0,nan,nan,0,0,nan,nan,
1750921984.454066277,1,-1.500102216,-0.073955952,-1.351131902,0.007682964,0.672227416,-0.026760464,0.739821026,983,671,461,1.386628479,1.209873440,0.382243492,0.728582639,0.423735655,1,0,ok,map,671,461,859,1,ok,17,TRACKING,18,0,0,-1,0,0,0,nan,nan,0,0,nan,nan,
1750921984.466066360,1,-1.528044688,-0.072917113,-1.349294358,0.007916101,0.677067241,-0.026851152,0.735388538,977,661,454,1.573250837,1.294306690,0.306517075,0.752593418,0.603235175,1,0,ok,map,661,454,859,2,ok,23,TRACKING,18,0,0,-1,0,0,0,nan,nan,0,0,nan,nan,
1750921984.478066444,1,-1.550147900,-0.070870888,-1.350832122,0.008299083,0.681925866,-0.027080340,0.730872693,984,656,419,1.514307176,1.200544504,0.363708988,0.761826761,0.918834782,1,0,ok,map,656,419,859,2,ok,16,TRACKING,18,0,0,-1,0,0,0,nan,nan,0,0,nan,nan,
1750921984.490066528,1,-1.568169391,-0.073496577,-1.348206409,0.007774638,0.686471295,-0.028308722,0.726564059,974,645,422,1.472798427,1.238589619,0.286090453,0.733827686,0.477227855,1,0,ok,map,645,422,859,2,ok,26,TRACKING,18,0,0,-1,0,0,0,nan,nan,0,0,nan,nan,
1750921984.502066612,1,-1.587672563,-0.072596837,-1.349710747,0.007442364,0.691293920,-0.028550804,0.721971038,957,626,397,1.406475462,1.190992754,0.476334459,0.764616201,0.460587649,1,0,ok,map,626,397,859,1,ok,43,TRACKING,18,0,0,-1,0,0,0,nan,nan,0,0,nan,nan,
1750921984.514066696,1,-1.602730976,-0.073634921,-1.350256221,0.007001248,0.696139185,-0.028734750,0.717297380,977,617,411,1.370022430,1.213760891,0.469163768,0.773372131,0.366763682,1,0,ok,map,617,411,859,2,ok,23,TRACKING,18,0,0,-1,0,0,0,nan,nan,0,0,nan,nan,
1750921984.526066780,1,-1.614547018,-0.073865964,-1.349338274,0.007166087,0.700996330,-0.029063852,0.712536375,966,609,399,1.436806267,1.297670783,0.430918392,0.780524959,0.395091547,1,0,ok,map,609,399,859,1,ok,34,TRACKING,18,0,0,-1,0,0,0,nan,nan,0,0,nan,nan,
1750921984.538066864,1,-1.640760264,-0.073129825,-1.346136929,0.007459694,0.705697699,-0.029622883,0.707854219,959,603,384,1.610759237,1.363158728,0.372838839,0.763770909,0.726565197,1,0,ok,map,603,384,859,0,ok,41,TRACKING,18,0,0,-1,0,0,0,nan,nan,0,0,nan,nan,
1750921984.550066948,1,-1.664875784,-0.073271165,-1.342688807,0.008329447,0.710679718,-0.029782063,0.702835676,986,603,394,1.721405361,1.527814725,0.683016714,0.816647203,0.491723083,1,0,ok,map,603,394,859,3,ok,14,TRACKING,18,0,0,-1,0,0,0,nan,nan,0,0,nan,nan,
1750921984.562067032,1,-1.676710101,-0.073337762,-1.341906728,0.008777561,0.715479108,-0.029802684,0.697942978,987,598,395,1.580751954,1.469930385,0.455610248,0.787053507,0.417082947,1,0,ok,map,598,395,859,1,ok,13,TRACKING,18,0,0,-1,0,0,0,nan,nan,0,0,nan,nan,
1750921984.574067116,1,-1.701736735,-0.078579529,-1.338583119,0.010357587,0.720153303,-0.030183663,0.693080721,978,588,378,1.597915573,1.455152040,0.297812162,0.792312463,0.571321213,1,0,ok,map,588,378,859,0,ok,22,TRACKING,19,1,0,-1,0,0,0,nan,nan,0,0,nan,nan,
1750921984.586067200,1,-1.721661860,-0.076276614,-1.335625250,0.009548699,0.724846237,-0.030096920,0.688186697,973,701,516,1.156572919,0.951567028,0.587378679,0.782561413,0.218955339,1,0,ok,map,701,516,954,0,ok,27,TRACKING,19,0,0,-1,0,0,0,nan,nan,0,0,nan,nan,
1750921984.598067284,1,-1.735227674,-0.076618345,-1.333244203,0.010213093,0.729574338,-0.030136709,0.683160857,986,693,455,1.260032144,1.106442516,0.501081346,0.794386467,0.501270963,1,0,ok,map,693,455,954,0,ok,14,TRACKING,19,0,0,-1,0,0,0,nan,nan,0,0,nan,nan,
1750921984.610067368,1,-1.762911731,-0.073672575,-1.327357713,0.010827096,0.734285414,-0.030926183,0.678049612,987,688,454,1.362506721,1.310139411,0.599515041,0.804752159,0.214520458,1,0,ok,map,688,454,954,0,ok,13,TRACKING,19,0,0,-1,0,0,0,nan,nan,0,0,nan,nan,
1750921984.622067451,1,-1.777674982,-0.076013872,-1.326606930,0.012620635,0.738971332,-0.031931901,0.672861385,989,683,449,1.456385481,1.308804489,0.461286676,0.835057288,0.402521739,1,0,ok,map,683,449,954,0,ok,11,TRACKING,19,0,0,-1,0,0,0,nan,nan,0,0,nan,nan,
1750921984.634067535,1,-1.794113270,-0.082405830,-1.322915031,0.011761049,0.743325807,-0.031972281,0.668061521,972,671,419,1.440767129,1.283822121,0.595113648,0.749159085,0.611463189,1,0,ok,map,671,419,954,1,ok,28,TRACKING,19,0,0,-1,0,0,0,nan,nan,0,0,nan,nan,
1750921984.646067619,1,-1.823423140,-0.080192661,-1.316263830,0.009378816,0.747850378,-0.030097613,0.663118378,976,658,410,1.534689115,1.334561706,0.594389585,0.842821211,0.675026453,1,0,ok,map,658,410,954,0,ok,24,TRACKING,19,0,0,-1,0,0,0,nan,nan,0,0,nan,nan,
1750921984.658067703,1,-1.842954928,-0.075073523,-1.313411833,0.007675068,0.752490469,-0.028403987,0.657945591,964,636,398,1.586138528,1.367813482,0.749304065,0.842536642,1.003248077,1,0,ok,map,636,398,954,0,ok,36,TRACKING,19,0,0,-1,0,0,0,nan,nan,0,0,nan,nan,
1750921984.670067787,1,-1.851931392,-0.074142932,-1.308346683,0.008565388,0.757003410,-0.028870064,0.652716624,981,626,377,1.531368204,1.370175270,0.393347761,0.799836164,0.611208095,1,0,ok,map,626,377,954,0,ok,19,TRACKING,19,0,0,-1,0,0,0,nan,nan,0,0,nan,nan,
1750921984.682067871,1,-1.870263152,-0.074639136,-1.303813158,0.010961077,0.761635880,-0.029823783,0.647225759,971,610,364,1.673013461,1.554522931,0.416548681,0.874646456,0.967199688,1,0,ok,map,610,364,954,0,ok,29,TRACKING,19,0,0,-1,0,0,0,nan,nan,0,0,nan,nan,
1750921984.694067955,1,-1.893255232,-0.076273060,-1.298109497,0.012601677,0.766039426,-0.031503193,0.641897456,975,602,345,1.658313092,1.623407377,0.470784384,0.836551782,0.408103031,1,0,ok,map,602,345,954,0,ok,25,TRACKING,19,0,0,-1,0,0,0,nan,nan,0,0,nan,nan,
1750921984.706068039,1,-1.917737580,-0.075396151,-1.295485177,0.011569400,0.770245908,-0.032711021,0.636802465,976,599,327,1.767887871,1.589338948,0.915326234,0.778700345,1.307475670,1,0,ok,map,599,327,954,0,ok,24,TRACKING,19,0,0,-1,0,0,0,nan,nan,0,0,nan,nan,
1750921984.718068123,1,-1.939983907,-0.076541620,-1.284604778,0.010426255,0.773928188,-0.031825658,0.632387208,973,593,331,1.710839027,1.670310460,0.955800632,0.812456775,0.779063908,1,0,ok,map,593,331,954,0,ok,27,TRACKING,20,1,0,-1,0,0,0,nan,nan,0,0,nan,nan,
1750921984.730068207,1,-1.954222482,-0.076724422,-1.279961762,0.009556557,0.778301949,-0.030244006,0.627088549,970,662,426,1.244696814,1.073496837,0.751684727,0.814033963,0.282944343,1,0,ok,map,662,426,946,0,ok,30,TRACKING,20,0,0,-1,0,0,0,nan,nan,0,0,nan,nan,
1750921984.742068291,1,-1.975928741,-0.075686677,-1.272832778,0.009708887,0.782596614,-0.029953424,0.621732313,969,657,414,1.401254533,1.208781106,0.620406387,0.787613777,0.227336000,1,0,ok,map,657,414,946,0,ok,31,TRACKING,20,0,0,-1,0,0,0,nan,nan,0,0,nan,nan,
1750921984.754068375,1,-1.989737707,-0.073665125,-1.267085900,0.009748678,0.786895249,-0.030483391,0.616256111,963,647,377,1.543529327,1.323903222,0.524932287,0.800089526,0.872155910,1,0,ok,map,647,377,946,0,ok,37,TRACKING,20,0,0,-1,0,0,0,nan,nan,0,0,nan,nan,
1750921984.766068459,1,-2.012120436,-0.077444667,-1.260476274,0.010154991,0.790909205,-0.031391523,0.611043434,966,635,361,1.567088182,1.340540535,0.177148699,0.762475781,0.595648007,1,0,ok,map,635,361,946,0,ok,34,TRACKING,20,0,0,-1,0,0,0,nan,nan,0,0,nan,nan,
1750921984.778068542,1,-2.033149714,-0.074557934,-1.251642288,0.008908522,0.795131376,-0.030566419,0.605600882,970,621,370,1.521298284,1.461217948,0.684528528,0.807710233,0.232070197,1,0,ok,map,621,370,946,0,ok,30,TRACKING,20,0,0,-1,0,0,0,nan,nan,0,0,nan,nan,
1750921984.790068626,1,-2.049702732,-0.076186728,-1.240667571,0.009184071,0.798498295,-0.029333159,0.601211853,954,597,336,1.440666724,1.325228270,0.716270813,0.798323835,0.219738760,1,0,ok,map,597,336,946,1,ok,46,TRACKING,21,1,0,-1,0,0,0,nan,nan,0,0,nan,nan,
1750921984.802068710,1,-2.066655834,-0.075384747,-1.233756360,0.009076828,0.802532112,-0.028887109,0.595840041,952,632,385,1.310636279,1.138893014,0.741878402,0.771590788,0.537646463,1,0,ok,map,632,385,981,0,ok,48,TRACKING,21,0,0,-1,0,0,0,nan,nan,0,0,nan,nan,
1750921984.814068794,1,-2.085678789,-0.075954263,-1.227282437,0.009664859,0.806761878,-0.028120746,0.590128026,961,607,372,1.354093326,1.197137004,0.586551931,0.821960614,0.246561101,1,0,ok,map,607,372,981,0,ok,39,TRACKING,21,0,0,-1,0,0,0,nan,nan,0,0,nan,nan,
1750921984.826068878,1,-2.101279351,-0.075041055,-1.216902505,0.009019258,0.810472697,-0.028515829,0.585012400,956,581,353,1.613322370,1.570826919,0.583585929,0.729371794,0.229762457,1,0,ok,map,581,353,981,0,ok,44,TRACKING,21,0,0,-1,0,0,0,nan,nan,0,0,nan,nan,
1750921984.838068962,1,-2.124086554,-0.076405266,-1.208668631,0.009656165,0.814359407,-0.028990093,0.579555942,955,557,331,1.546149977,1.471807663,0.678418101,0.773048957,0.156908071,1,0,ok,map,557,331,981,0,ok,45,TRACKING,21,0,0,-1,0,0,0,nan,nan,0,0,nan,nan,
1750921984.850069046,1,-2.141123519,-0.077938619,-1.197971790,0.009877214,0.818211713,-0.028448821,0.574127771,954,530,280,1.568592847,1.428120335,0.598174683,0.785346800,0.392245200,1,0,ok,map,530,280,981,0,ok,46,TRACKING,22,1,0,-1,0,0,0,nan,nan,0,0,nan,nan,
1750921984.862069130,1,-2.156577193,-0.077158240,-1.190702352,0.009041037,0.822112348,-0.028237447,0.568552718,951,572,356,1.203721135,1.040084002,0.807134776,0.785936178,0.073052280,1,0,ok,map,572,356,966,0,ok,49,TRACKING,22,0,0,-1,0,0,0,nan,nan,0,0,nan,nan,
1750921984.874069214,1,-2.175169460,-0.075558469,-1.181517281,0.008482143,0.825849370,-0.028168834,0.563122890,962,557,360,1.276460933,1.121166849,0.735523126,0.758087061,0.064468358,1,0,ok,map,557,360,966,0,ok,38,TRACKING,22,0,0,-1,0,0,0,nan,nan,0,0,nan,nan,
1750921984.886069298,1,-2.188958066,-0.077019605,-1.174799511,0.008277100,0.829637086,-0.028644123,0.557506331,929,516,310,1.397941785,1.267995394,0.914925162,0.778553696,0.411765388,1,0,ok,map,516,310,966,0,ok,71,TRACKING,22,0,0,-1,0,0,0,nan,nan,0,0,nan,nan,
1750921984.898069382,1,-2.210658160,-0.074587850,-1.162579230,0.008268382,0.833453655,-0.028313553,0.551801577,945,500,298,1.392706393,1.275526039,1.033898950,0.787436268,0.303352216,1,0,ok,map,500,298,966,0,ok,55,TRACKING,22,0,0,-1,0,0,0,nan,nan,0,0,nan,nan,
1750921984.910069466,1,-2.223831523,-0.075587240,-1.153505674,0.009789272,0.837281290,-0.027862337,0.545974269,931,469,283,1.313477085,1.276507516,0.808308832,0.830304305,0.050232904,1,0,ok,map,469,283,966,0,ok,69,TRACKING,23,1,0,-1,0,0,0,nan,nan,0,0,nan,nan,
1750921984.922069550,1,-2.240318075,-0.077357324,-1.142229620,0.009871996,0.840759583,-0.028471764,0.540569354,943,522,373,1.148607643,1.019063232,0.683187744,0.739892505,0.094497324,1,0,ok,map,522,373,890,0,ok,57,TRACKING,23,0,0,-1,0,0,0,nan,nan,0,0,nan,nan,
1750921984.934069633,1,-2.258842153,-0.075523536,-1.131181049,0.009462188,0.844540543,-0.028584890,0.534644408,929,505,348,1.162004975,1.058552715,0.811917782,0.806887267,0.055017413,1,0,ok,map,505,348,890,0,ok,71,TRACKING,23,0,0,-1,0,0,0,nan,nan,0,0,nan,nan,
1750921984.946069717,1,-2.274344142,-0.074703654,-1.120645747,0.008795980,0.848097046,-0.029489900,0.528946479,955,490,343,1.329376625,1.165397529,0.811422950,0.780385832,0.072717797,1,0,ok,map,490,343,890,0,ok,45,TRACKING,23,0,0,-1,0,0,0,nan,nan,0,0,nan,nan,
1750921984.958069801,1,-2.291239773,-0.075948444,-1.110819160,0.010306441,0.851917953,-0.029397063,0.522747923,951,478,304,1.327480735,1.204394397,0.868130469,0.852239196,0.144437409,1,0,ok,map,478,304,890,0,ok,49,TRACKING,23,0,0,-1,0,0,0,nan,nan,0,0,nan,nan,
1750921984.970069885,1,-2.303640156,-0.076662308,-1.101956505,0.011007460,0.855503549,-0.029656847,0.516829744,851,401,256,1.318041279,1.173757036,0.883014859,0.820134061,0.207741974,1,0,ok,map,401,256,890,0,ok,149,TRACKING,24,1,0,-1,0,0,0,nan,nan,0,0,nan,nan,
1750921984.982069969,1,-2.320938587,-0.075141627,-1.088996712,0.010196653,0.859078043,-0.029639804,0.510883965,957,473,350,1.133713809,0.966087163,0.802588717,0.800397203,0.091371666,1,0,ok,map,473,350,798,0,ok,43,TRACKING,24,0,0,-1,0,0,0,nan,nan,0,0,nan,nan,
1750921984.994070053,1,-2.338141911,-0.076004847,-1.077031019,0.010039342,0.862656273,-0.030291976,0.504782887,939,467,337,1.187631307,1.035187468,0.812905275,0.814141929,0.080501775,1,0,ok,map,467,337,798,0,ok,61,TRACKING,24,0,0,-1,0,0,0,nan,nan,0,0,nan,nan,
1750921985.006070137,1,-2.356827233,-0.076253850,-1.062927134,0.008956959,0.866161712,-0.029941584,0.498785689,941,463,313,1.301604146,1.157278694,0.849324438,0.806622181,0.097698482,1,0,ok,map,463,313,798,0,ok,59,TRACKING,24,0,0,-1,0,0,0,nan,nan,0,0,nan,nan,
1750921985.018070221,1,-2.369325128,-0.075453256,-1.053307917,0.008604960,0.869679064,-0.029772615,0.492643757,951,454,308,1.312422685,1.207141823,0.808970353,0.812289773,0.074074293,1,0,ok,map,454,308,798,0,ok,49,TRACKING,24,0,0,-1,0,0,0,nan,nan,0,0,nan,nan,
1750921985.030070305,1,-2.385918427,-0.074743501,-1.038213391,0.009514454,0.873063842,-0.029388978,0.486626439,946,446,303,1.339663789,1.250155562,0.841641618,0.827477532,0.069289377,1,0,ok,map,446,303,798,0,ok,54,TRACKING,25,1,0,-1,0,0,0,nan,nan,0,0,nan,nan,
1750921985.042070389,1,-2.402352297,-0.074687554,-1.025304968,0.009483934,0.876475681,-0.029882919,0.480424237,951,516,382,1.089210165,0.869217239,0.830370302,0.813140575,0.073072435,1,0,ok,map,516,382,729,0,ok,49,TRACKING,25,0,0,-1,0,0,0,nan,nan,0,0,nan,nan,
1750921985.054070473,1,-2.416125561,-0.073184467,-1.014340478,0.010157441,0.879864839,-0.030125952,0.474159381,938,506,370,1.213678945,1.121026886,0.806230487,0.820332343,0.037971057,1,0,ok,map,506,370,729,0,ok,62,TRACKING,25,0,0,-1,0,0,0,nan,nan,0,0,nan,nan,
1750921985.066070557,1,-2.431265187,-0.076398274,-1.001497250,0.009938447,0.883102045,-0.031135397,0.468041229,951,494,338,1.405624861,1.243333494,0.767616960,0.801964361,0.171227232,1,0,ok,map,494,338,729,0,ok,49,TRACKING,25,0,0,-1,0,0,0,nan,nan,0,0,nan,nan,
1750921985.078070641,1,-2.446489623,-0.073447289,-0.987058206,0.008406354,0.886309794,-0.030550106,0.462007547,944,475,328,1.473333353,1.401325072,0.767686743,0.805286420,0.063686293,1,0,ok,map,475,328,729,0,ok,56,TRACKING,25,0,0,-1,0,0,0,nan,nan,0,0,nan,nan,
1750921985.090070724,1,-2.458110130,-0.075441025,-0.977377139,0.009107833,0.889818893,-0.031070814,0.455163695,944,454,298,1.432431602,1.328307171,0.706889287,0.859730066,0.157533967,1,0,ok,map,454,298,729,0,ok,56,TRACKING,26,1,0,-1,0,0,0,nan,nan,0,0,nan,nan,
1750921985.102070808,1,-2.472927498,-0.074646813,-0.964614173,0.008992009,0.893017739,-0.030580373,0.448891193,960,534,391,1.158103627,0.942362831,0.782390646,0.808914539,0.141784531,1,0,ok,map,534,391,746,0,ok,40,TRACKING,26,0,0,-1,0,0,0,nan,nan,0,0,nan,nan,
1750921985.114070892,1,-2.489039602,-0.073522266,-0.949821707,0.007507579,0.896173640,-0.029912701,0.442630403,956,522,371,1.225959941,1.123267611,0.789712770,0.824794579,0.052677603,1,0,ok,map,522,371,746,0,ok,44,TRACKING,26,0,0,-1,0,0,0,nan,nan,0,0,nan,nan,
1750921985.126070976,1,-2.504733119,-0.071765306,-0.935934867,0.007616885,0.899342248,-0.030217290,0.436133488,953,511,348,1.328123090,1.224929930,0.793333407,0.829146712,0.064116365,1,0,ok,map,511,348,746,0,ok,47,TRACKING,26,0,0,-1,0,0,0,nan,nan,0,0,nan,nan,
1750921985.138071060,1,-2.511204073,-0.074267939,-0.924723361,0.007087516,0.902286175,-0.031169202,0.429951051,936,504,326,1.495979410,1.461676314,0.609811445,0.794540209,0.193014686,1,0,ok,map,504,326,746,0,ok,64,TRACKING,26,0,0,-1,0,0,0,nan,nan,0,0,nan,nan,
1750921985.150071144,1,-2.529355039,-0.071504646,-0.911357679,0.007859752,0.905709178,-0.030727066,0.422711435,932,478,313,1.361176504,1.306035072,0.753033468,0.886178392,0.160174428,1,0,ok,map,478,313,746,0,ok,68,TRACKING,27,1,0,-1,0,0,0,nan,nan,0,0,nan,nan,
1750921985.162071228,1,-2.546717840,-0.073422212,-0.893968040,0.007834365,0.908643459,-0.031122491,0.416337697,959,578,445,1.063341330,0.932659709,0.805743947,0.805341103,0.043239326,1,0,ok,map,578,445,756,0,ok,41,TRACKING,27,0,0,-1,0,0,0,nan,nan,0,0,nan,nan,
1750921985.174071312,1,-2.560104583,-0.074462239,-0.878885944,0.006976453,0.911491204,-0.030564454,0.410123064,968,566,415,1.265292725,1.128991688,0.788461051,0.792083162,0.115738965,1,0,ok,map,566,415,756,0,ok,32,TRACKING,27,0,0,-1,0,0,0,nan,nan,0,0,nan,nan,
1750921985.186071396,1,-2.572986976,-0.072808150,-0.865395842,0.006288639,0.914401194,-0.029895722,0.403654746,960,556,421,1.305994155,1.198509600,0.769200001,0.820172149,0.068121252,1,0,ok,map,556,421,756,0,ok,40,TRACKING,27,0,0,-1,0,0,0,nan,nan,0,0,nan,nan,
1750921985.198071480,1,-2.582344967,-0.070573525,-0.855226126,0.005807124,0.917160797,-0.029525282,0.397379676,966,547,399,1.298319690,1.197035035,0.667477445,0.788612921,0.126679354,1,0,ok,map,547,399,756,0,ok,34,TRACKING,27,0,0,-1,0,0,0,nan,nan,0,0,nan,nan,
1750921985.210071564,1,-2.601047649,-0.071067754,-0.836385502,0.005116033,0.920076952,-0.029708617,0.390576019,945,526,370,1.331089822,1.188604913,0.821987881,0.791113122,0.209923770,1,0,ok,map,526,370,756,0,ok,55,TRACKING,28,1,0,-1,0,0,0,nan,nan,0,0,nan,nan,
1750921985.222071648,1,-2.613330516,-0.070932265,-0.822500359,0.005233823,0.922811456,-0.030402276,0.384014746,947,626,505,1.136008133,0.971202406,0.791234567,0.818532506,0.153869797,1,0,ok,map,626,505,767,0,ok,53,TRACKING,28,0,0,-1,0,0,0,nan,nan,0,0,nan,nan,
1750921985.234071732,1,-2.626615568,-0.072183943,-0.806987815,0.004739968,0.925380038,-0.031181186,0.377726160,941,604,498,1.178288286,1.094239685,0.758267876,0.785555880,0.054494188,1,0,ok,map,604,498,767,0,ok,59,TRACKING,28,0,0,-1,0,0,0,nan,nan,0,0,nan,nan,
1750921985.246071815,1,-2.636265590,-0.071453834,-0.795160293,0.004025272,0.928037641,-0.030576386,0.371207515,957,596,452,1.255344544,1.205497565,0.739095416,0.813780515,0.077196267,1,0,ok,map,596,452,767,0,ok,43,TRACKING,28,0,0,-1,0,0,0,nan,nan,0,0,nan,nan,
1750921985.258071899,1,-2.647812073,-0.071141426,-0.778521050,0.002730406,0.930628212,-0.029635069,0.364753942,954,582,445,1.382539788,1.249201485,0.609529016,0.817726556,0.240081093,1,0,ok,map,582,445,767,0,ok,46,TRACKING,28,0,0,-1,0,0,0,nan,nan,0,0,nan,nan,
1750921985.270071983,1,-2.667204139,-0.070488509,-0.763531022,0.001551190,0.932968744,-0.029809788,0.358717568,960,569,438,1.337349514,1.215738740,0.792166020,0.822537994,0.151028104,1,0,ok,map,569,438,767,0,ok,40,TRACKING,29,1,0,-1,0,0,0,nan,nan,0,0,nan,nan,
1750921985.282072067,1,-2.677438860,-0.068975663,-0.749589172,0.001587905,0.935535736,-0.030880714,0.351876040,958,657,528,1.074352791,0.932450259,0.816824483,0.846306853,0.064513198,1,0,ok,map,657,528,824,0,ok,42,TRACKING,29,0,0,-1,0,0,0,nan,nan,0,0,nan,nan,
1750921985.294072151,1,-2.688055131,-0.069510982,-0.732262471,0.002950680,0.938113318,-0.032380458,0.344798784,963,654,498,1.218656523,1.058046750,0.795532742,0.893800787,0.181693418,1,0,ok,map,654,498,824,0,ok,37,TRACKING,29,0,0,-1,0,0,0,nan,nan,0,0,nan,nan,
1750921985.306072235,1,-2.698707581,-0.072565669,-0.717307221,0.002256371,0.940486874,-0.032724400,0.338243199,961,645,443,1.343502314,1.220243631,0.646900078,0.803858146,0.168494794,1,0,ok,map,645,443,824,0,ok,39,TRACKING,29,0,0,-1,0,0,0,nan,nan,0,0,nan,nan,
1750921985.318072319,1,-2.709551634,-0.071816337,-0.700817675,0.001577634,0.943058712,-0.031140413,0.331161670,984,638,428,1.411325231,1.319563088,0.728428911,0.885640718,0.184464404,1,0,ok,map,638,428,824,0,ok,16,TRACKING,29,0,0,-1,0,0,0,nan,nan,0,0,nan,nan,
1750921985.330072403,1,-2.715842106,-0.070161915,-0.688146675,0.000695818,0.945496823,-0.030577799,0.324191719,974,629,394,1.568580715,1.501706898,0.615741646,0.854602587,0.304366942,1,0,ok,map,629,394,824,0,ok,26,TRACKING,29,0,0,-1,0,0,0,nan,nan,0,0,nan,nan,
1750921985.342072487,1,-2.731014944,-0.071940244,-0.667427135,0.000648549,0.947815039,-0.031677542,0.317242437,982,625,413,1.531479870,1.434087303,0.741670490,0.848895066,0.250920802,1,0,ok,map,625,413,824,0,ok,18,TRACKING,29,0,0,-1,0,0,0,nan,nan,0,0,nan,nan,
1750921985.354072571,1,-2.740181637,-0.070311943,-0.651153199,-0.000217786,0.950132295,-0.031827963,0.310218560,968,610,386,1.583949315,1.424915056,0.589745947,0.853518208,0.345504833,1,0,ok,map,610,386,824,0,ok,32,TRACKING,29,0,0,-1,0,0,0,nan,nan,0,0,nan,nan,
1750921985.366072655,1,-2.747748126,-0.070566251,-0.642791865,0.000596657,0.952359075,-0.032558707,0.303235497,980,605,372,1.450039356,1.276297217,0.728478987,0.849209928,0.210920051,1,0,ok,map,605,372,824,0,ok,20,TRACKING,29,0,0,-1,0,0,0,nan,nan,0,0,nan,nan,
1750921985.378072739,1,-2.762710933,-0.071925907,-0.617694085,0.000720458,0.954596036,-0.032470021,0.296127653,982,598,345,1.419352997,1.325929457,0.769072049,0.854063803,0.118632716,1,0,ok,map,598,345,824,1,ok,18,TRACKING,29,0,0,-1,0,0,0,nan,nan,0,0,nan,nan,
1750921985.390072823,1,-2.773256781,-0.072997448,-0.610421012,-0.000198929,0.956695477,-0.031534691,0.289377413,972,584,340,1.502888503,1.461580371,0.702659830,0.837586832,0.212726699,1,0,ok,map,584,340,824,0,ok,28,TRACKING,30,1,0,-1,0,0,0,nan,nan,0,0,nan,nan,
1750921985.402072906,1,-2.782593376,-0.071778434,-0.594979693,-0.001678513,0.958678482,-0.031300817,0.282759631,991,709,506,1.197607396,1.009479957,0.666733685,0.810053102,0.189457339,1,0,ok,map,709,506,926,0,ok,9,TRACKING,30,0,0,-1,0,0,0,nan,nan,0,0,nan,nan,
1750921985.414072990,1,-2.791650035,-0.071940489,-0.578973224,-0.002814666,0.960600688,-0.031287661,0.276151186,971,689,495,1.263014785,1.111941981,0.702774385,0.799333692,0.187444961,1,0,ok,map,689,495,926,0,ok,29,TRACKING,30,0,0,-1,0,0,0,nan,nan,0,0,nan,nan,
1750921985.426073074,1,-2.799932450,-0.069730177,-0.562947788,-0.002669989,0.962598313,-0.031229696,0.269113479,940,639,453,1.287180650,1.201947025,0.740217307,0.838512406,0.113013223,1,0,ok,map,639,453,926,0,ok,60,TRACKING,30,0,0,-1,0,0,0,nan,nan,0,0,nan,nan,
1750921985.438073158,1,-2.807874859,-0.070030408,-0.545538360,-0.002046822,0.964508289,-0.031750610,0.262128729,970,630,456,1.357554425,1.211684088,0.708640660,0.834983776,0.176438003,1,0,ok,map,630,456,926,0,ok,30,TRACKING,30,0,0,-1,0,0,0,nan,nan,0,0,nan,nan,
1750921985.450073242,1,-2.817511541,-0.069786639,-0.529542226,-0.001754027,0.966320171,-0.032461340,0.255281241,973,627,428,1.356001475,1.185795524,0.836383926,0.816436385,0.192415422,1,0,ok,map,627,428,926,0,ok,27,TRACKING,30,0,0,-1,0,0,0,nan,nan,0,0,nan,nan,
1750921985.462073326,1,-2.824097181,-0.071984559,-0.513473862,-0.001565947,0.968058505,-0.033961126,0.248408777,968,619,435,1.455201190,1.306597948,0.765818259,0.830591516,0.224625270,1,0,ok,map,619,435,926,0,ok,32,TRACKING,30,0,0,-1,0,0,0,nan,nan,0,0,nan,nan,
1750921985.474073410,1,-2.832923845,-0.072382217,-0.497144224,-0.002902193,0.969793461,-0.034093064,0.241515802,975,613,423,1.455999527,1.357055964,0.697782425,0.828920547,0.135966178,1,0,ok,map,613,423,926,0,ok,25,TRACKING,30,0,0,-1,0,0,0,nan,nan,0,0,nan,nan,
1750921985.486073494,1,-2.842070487,-0.072927734,-0.472896274,-0.002354777,0.971550350,-0.033068878,0.234501221,970,608,406,1.491345573,1.389695700,0.676645870,0.839259883,0.165802278,1,0,ok,map,608,406,926,0,ok,30,TRACKING,30,0,0,-1,0,0,0,nan,nan,0,0,nan,nan,
1750921985.498073578,1,-2.845852269,-0.071671409,-0.466937719,-0.002506826,0.973175555,-0.032421516,0.227754034,975,599,395,1.500541899,1.363267261,0.621584680,0.798927763,0.196159685,1,0,ok,map,599,395,926,0,ok,25,TRACKING,30,0,0,-1,0,0,0,nan,nan,0,0,nan,nan,
1750921985.510073662,1,-2.860698118,-0.071302935,-0.445213325,-0.003089114,0.974867380,-0.032398338,0.220396000,956,589,370,1.453153457,1.404738055,0.791902928,0.831727971,0.185255313,1,0,ok,map,589,370,926,0,ok,44,TRACKING,31,1,0,-1,0,0,0,nan,nan,0,0,nan,nan,
1750921985.522073746,1,-2.866038796,-0.069253073,-0.432307941,-0.003357040,0.976353118,-0.033418863,0.213556782,974,715,525,1.369210699,1.134492981,0.753032541,0.811060467,0.288024560,1,0,ok,map,715,525,1021,0,ok,26,TRACKING,31,0,0,-1,0,0,0,nan,nan,0,0,nan,nan,
1750921985.534073830,1,-2.873178251,-0.072064931,-0.409451023,-0.003026592,0.977794451,-0.035468908,0.206520719,975,706,508,1.346657381,1.174225833,0.851206802,0.856726288,0.194186059,1,0,ok,map,706,508,1021,0,ok,25,TRACKING,31,0,0,-1,0,0,0,nan,nan,0,0,nan,nan,
1750921985.546073914,1,-2.880619733,-0.070526013,-0.391342105,-0.002861374,0.979268577,-0.035239576,0.199456857,983,700,490,1.398936271,1.300736858,0.779625035,0.827532786,0.145609572,1,0,ok,map,700,490,1021,0,ok,17,TRACKING,31,0,0,-1,0,0,0,nan,nan,0,0,nan,nan,
1750921985.558073997,1,-2.884721566,-0.071849166,-0.378424015,-0.003064091,0.980637447,-0.035397561,0.192581988,980,695,480,1.547973331,1.413797918,0.600296043,0.803807973,0.217087459,1,0,ok,map,695,480,1021,0,ok,20,TRACKING,31,0,0,-1,0,0,0,nan,nan,0,0,nan,nan,
1750921985.570074081,1,-2.892058780,-0.070958921,-0.360330609,-0.004778907,0.981950311,-0.034425305,0.185918391,992,695,477,1.423697502,1.317346609,0.722501966,0.810391899,0.126500956,1,0,ok,map,695,477,1021,0,ok,8,TRACKING,31,0,0,-1,0,0,0,nan,nan,0,0,nan,nan,
1750921985.582074165,1,-2.896884280,-0.070776340,-0.343174805,-0.004203854,0.983283638,-0.034243581,0.178781966,963,682,458,1.387159929,1.302589636,0.711289207,0.834791936,0.185107628,1,0,ok,map,682,458,1021,0,ok,37,TRACKING,31,0,0,-1,0,0,0,nan,nan,0,0,nan,nan,
1750921985.594074249,1,-2.902628251,-0.071233836,-0.326119850,-0.005667579,0.984422915,-0.034458249,0.172313758,964,668,446,1.458817642,1.330235435,0.648883106,0.771469466,0.219353523,1,0,ok,map,668,446,1021,0,ok,36,TRACKING,31,0,0,-1,0,0,0,nan,nan,0,0,nan,nan,
1750921985.606074333,1,-2.909011314,-0.071083619,-0.307180608,-0.006308447,0.985536071,-0.034995309,0.165693041,967,659,450,1.425688342,1.314378138,0.665266141,0.775272026,0.114145210,1,0,ok,map,659,450,1021,0,ok,33,TRACKING,31,0,0,-1,0,0,0,nan,nan,0,0,nan,nan,
1750921985.618074417,1,-2.914634302,-0.070645079,-0.290468660,-0.007150455,0.986673264,-0.034391042,0.158877300,970,650,423,1.459737452,1.395221367,0.704481222,0.800681408,0.130850384,1,0,ok,map,650,423,1021,0,ok,30,TRACKING,31,0,0,-1,0,0,0,nan,nan,0,0,nan,nan,
1750921985.630074501,1,-2.918694992,-0.071835543,-0.271508432,-0.006859606,0.987767527,-0.033829768,0.152065134,973,638,411,1.478632098,1.440146680,0.742927185,0.793937026,0.076162464,1,0,ok,map,638,411,1021,0,ok,27,TRACKING,31,0,0,-1,0,0,0,nan,nan,0,0,nan,nan,
1750921985.642074585,1,-2.919774997,-0.069416421,-0.255099120,-0.007265513,0.988817395,-0.033255771,0.145194442,978,630,379,1.774511188,1.607565927,0.509044205,0.800527282,0.515258750,1,0,ok,map,630,379,1021,0,ok,22,TRACKING,31,0,0,-1,0,0,0,nan,nan,0,0,nan,nan,
1750921985.654074669,1,-2.924711971,-0.069454322,-0.239060330,-0.007908935,0.989770210,-0.033692305,0.138409567,981,627,397,1.597569095,1.455038101,0.601289353,0.790159491,0.311069351,1,0,ok,map,627,397,1021,0,ok,19,TRACKING,31,0,0,-1,0,0,0,nan,nan,0,0,nan,nan,
1750921985.666074753,1,-2.937715256,-0.068874890,-0.217561872,-0.008423129,0.990912081,-0.034011200,0.129867385,953,614,379,1.544889533,1.472285198,0.660321048,0.796722857,0.187404269,1,0,ok,map,614,379,1021,0,ok,47,TRACKING,32,1,0,-1,0,0,0,nan,nan,0,0,nan,nan,
1750921985.678074837,1,-2.940785984,-0.069404964,-0.200317772,-0.007744495,0.991775142,-0.034089107,0.123126045,970,744,538,1.178667604,1.047727313,0.712919017,0.782731127,0.081125545,1,0,ok,map,744,538,1056,0,ok,30,TRACKING,32,0,0,-1,0,0,0,nan,nan,0,0,nan,nan,
1750921985.690074921,1,-2.943180224,-0.070832397,-0.177032502,-0.008197954,0.992611870,-0.033711556,0.116266931,979,733,525,1.343063950,1.261114973,0.749933262,0.794706399,0.137115252,1,0,ok,map,733,525,1056,0,ok,21,TRACKING,32,0,0,-1,0,0,0,nan,nan,0,0,nan,nan,
1750921985.702075005,1,-2.946922916,-0.065710714,-0.168331893,-0.008261008,0.993412914,-0.033334255,0.109322303,985,728,467,1.534828893,1.304807977,0.729389392,0.802272352,0.470432226,1,0,ok,map,728,467,1056,0,ok,15,TRACKING,32,0,0,-1,0,0,0,nan,nan,0,0,nan,nan,
1750921985.714075089,1,-2.948478680,-0.066382670,-0.149104616,-0.008574872,0.994096611,-0.034535439,0.102497331,961,709,492,1.505934196,1.410041074,0.810476472,0.798771730,0.296109088,1,0,ok,map,709,492,1056,0,ok,39,TRACKING,32,0,0,-1,0,0,0,nan,nan,0,0,nan,nan,
1750921985.726075172,1,-2.949980932,-0.068785055,-0.118488677,-0.008237379,0.994748082,-0.035553029,0.095626262,951,685,473,1.458727348,1.341290214,0.733544418,0.800384029,0.208067669,1,0,ok,map,685,473,1056,0,ok,49,TRACKING,32,0,0,-1,0,0,0,nan,nan,0,0,nan,nan,
1750921985.738075256,1,-2.953987567,-0.068107935,-0.110506518,-0.008155735,0.995425285,-0.034945937,0.088548109,954,664,458,1.347153778,1.284796614,0.781763616,0.817820157,0.062710294,1,0,ok,map,664,458,1056,0,ok,46,TRACKING,32,0,0,-1,0,0,0,nan,nan,0,0,nan,nan,
1750921985.750075340,1,-2.953362707,-0.068558407,-0.084595176,-0.009114509,0.996007286,-0.034295080,0.081916175,935,633,468,1.470693448,1.342274159,0.638526430,0.774356735,0.194145457,1,0,ok,map,633,468,1056,0,ok,65,TRACKING,32,0,0,-1,0,0,0,nan,nan,0,0,nan,nan,
1750921985.762075424,1,-2.954360359,-0.067082209,-0.074857588,-0.008438888,0.996597768,-0.033511927,0.074823959,959,618,428,1.344916008,1.276428827,0.705288532,0.824089496,0.160202743,1,0,ok,map,618,428,1056,0,ok,41,TRACKING,32,0,0,-1,0,0,0,nan,nan,0,0,nan,nan,
1750921985.774075508,1,-2.954935227,-0.065846206,-0.051314294,-0.008083055,0.997101900,-0.033401490,0.067873449,978,613,434,1.426908858,1.340749011,0.726617756,0.799704099,0.211769911,1,0,ok,map,613,434,1056,0,ok,22,TRACKING,32,0,0,-1,0,0,0,nan,nan,0,0,nan,nan,
1750921985.786075592,1,-2.956069761,-0.064153275,-0.032962263,-0.008248862,0.997521365,-0.033981290,0.061060258,960,600,412,1.560493281,1.421512139,0.353061120,0.785260480,0.509185129,1,0,ok,map,600,412,1056,0,ok,40,TRACKING,32,0,0,-1,0,0,0,nan,nan,0,0,nan,nan,
1750921985.798075676,1,-2.965541519,-0.068255759,-0.017038786,-0.008930715,0.998013847,-0.034623291,0.051863586,985,597,391,1.489325137,1.401223511,0.804542822,0.773661296,0.208736211,1,0,ok,map,597,391,1056,0,ok,15,TRACKING,33,1,0,-1,0,0,0,nan,nan,0,0,nan,nan,
1750921985.810075760,1,-2.964914658,-0.067678632,0.004730938,-0.009073320,0.998368683,-0.033978030,0.044979333,981,725,558,1.200748865,1.077814474,0.718794766,0.793547466,0.079998998,1,0,ok,map,725,558,1110,0,ok,19,TRACKING,33,0,0,-1,0,0,0,nan,nan,0,0,nan,nan,
1750921985.822075844,1,-2.964360428,-0.068030078,0.026012804,-0.009432831,0.998678735,-0.033102414,0.038158044,981,715,511,1.320275510,1.200723463,0.815524953,0.789952818,0.217844991,1,0,ok,map,715,511,1110,0,ok,19,TRACKING,33,0,0,-1,0,0,0,nan,nan,0,0,nan,nan,
1750921985.834075928,1,-2.964462823,-0.062950608,0.043588682,-0.009373672,0.998930571,-0.032808775,0.031199899,972,706,505,1.399924248,1.332833740,0.770202507,0.798606363,0.169364671,1,0,ok,map,706,505,1110,0,ok,28,TRACKING,33,0,0,-1,0,0,0,nan,nan,0,0,nan,nan,
1750921985.846076012,1,-2.963631556,-0.061784790,0.063500103,-0.008952176,0.999078696,-0.034041682,0.024551615,971,693,477,1.343970644,1.302679038,0.800133553,0.776517545,0.164628479,1,0,ok,map,693,477,1110,0,ok,29,TRACKING,33,0,0,-1,0,0,0,nan,nan,0,0,nan,nan,
1750921985.858076096,1,-2.961167995,-0.063373603,0.082084094,-0.008841076,0.999197771,-0.034784611,0.017767426,972,682,499,1.463478044,1.334931990,0.838506051,0.782282413,0.360007027,1,0,ok,map,682,499,1110,0,ok,28,TRACKING,33,0,0,-1,0,0,0,nan,nan,0,0,nan,nan,
1750921985.870076180,1,-2.960547673,-0.066108882,0.103751086,-0.009679790,0.999280670,-0.034989455,0.010962752,979,674,488,1.370968711,1.223993854,0.586092070,0.786068465,0.206604316,1,0,ok,map,674,488,1110,0,ok,21,TRACKING,33,0,0,-1,0,0,0,nan,nan,0,0,nan,nan,
1750921985.882076263,1,-2.959623031,-0.064576793,0.120099693,-0.009965778,0.999365761,-0.033941225,0.004093021,971,661,444,1.434931566,1.295646955,0.777438489,0.797060047,0.349995008,1,0,ok,map,661,444,1110,0,ok,29,TRACKING,33,0,0,-1,0,0,0,nan,nan,0,0,nan,nan,
1750921985.894076347,1,-2.955297720,-0.064748444,0.147493923,-0.009348473,0.999390612,-0.033530096,-0.002596911,980,655,447,1.408091127,1.253702495,0.669280547,0.771313288,0.277258351,1,0,ok,map,655,447,1110,0,ok,20,TRACKING,33,0,0,-1,0,0,0,nan,nan,0,0,nan,nan,
1750921985.906076431,1,-2.954551762,-0.062691093,0.163150209,-0.007836608,0.999374416,-0.033195910,-0.009348557,968,641,444,1.415659381,1.288746934,0.677513869,0.793769636,0.157606150,1,0,ok,map,641,444,1110,0,ok,32,TRACKING,33,0,0,-1,0,0,0,nan,nan,0,0,nan,nan,
1750921985.918076515,1,-2.951508779,-0.064399218,0.187329465,-0.007969496,0.999284617,-0.033259462,-0.016141554,967,629,414,1.350241321,1.253842154,0.785615280,0.778672651,0.074784347,1,0,ok,map,629,414,1110,0,ok,33,TRACKING,33,0,0,-1,0,0,0,nan,nan,0,0,nan,nan,
1750921985.930076599,1,-2.949009736,-0.056393537,0.193796280,-0.008360684,0.999159193,-0.033037917,-0.022792570,957,616,399,1.565429880,1.486705599,0.714361292,0.764025993,0.216843313,1,0,ok,map,616,399,1110,0,ok,43,TRACKING,33,0,0,-1,0,0,0,nan,nan,0,0,nan,nan,
1750921985.942076683,1,-2.954736452,-0.058138698,0.211171143,-0.009022665,0.998796934,-0.035343096,-0.032774101,944,598,402,1.625869741,1.478671792,0.950376131,0.789634706,0.479197768,1,0,ok,map,598,402,1110,0,ok,56,TRACKING,34,1,0,-1,0,0,0,nan,nan,0,0,nan,nan,
1750921985.954076767,1,-2.948301722,-0.063625785,0.240162945,-0.008187110,0.998509265,-0.036961932,-0.039319645,967,710,503,1.420630914,1.342059351,0.881893515,0.779271956,0.232802557,1,0,ok,map,710,503,1133,0,ok,33,TRACKING,34,0,0,-1,0,0,0,nan,nan,0,0,nan,nan,
1750921985.966076851,1,-2.944395423,-0.063562875,0.255444102,-0.007750403,0.998257981,-0.035894747,-0.046179019,964,687,456,1.506059860,1.484862796,0.535307806,0.797576534,0.279505711,1,0,ok,map,687,456,1133,0,ok,36,TRACKING,34,0,0,-1,0,0,0,nan,nan,0,0,nan,nan,
1750921985.978076935,1,-2.940934844,-0.061434560,0.279742779,-0.008594724,0.997978637,-0.034517144,-0.052662480,972,675,461,1.466422324,1.452928336,0.766514696,0.766343704,0.063842589,1,0,ok,map,675,461,1133,0,ok,28,TRACKING,34,0,0,-1,0,0,0,nan,nan,0,0,nan,nan,
1750921985.990077019,1,-2.936548127,-0.059767360,0.294377090,-0.008611785,0.997601132,-0.034693420,-0.059280568,962,663,463,1.465599480,1.406465450,0.719311083,0.759882345,0.069608269,1,0,ok,map,663,463,1133,0,ok,38,TRACKING,34,0,0,-1,0,0,0,nan,nan,0,0,nan,nan,
1750921986.002077103,1,-2.930303860,-0.060077997,0.317930519,-0.009085141,0.997172496,-0.034924876,-0.065914536,968,652,441,1.467447721,1.379434051,0.683905257,0.764172384,0.089508307,1,0,ok,map,652,441,1133,0,ok,32,TRACKING,34,0,0,-1,0,0,0,nan,nan,0,0,nan,nan,
1750921986.014077187,1,-2.926405804,-0.058696776,0.335183542,-0.009053811,0.996675637,-0.035238800,-0.072896708,974,643,446,1.413356211,1.294668989,0.746186628,0.802937150,0.088732374,1,0,ok,map,643,446,1133,0,ok,26,TRACKING,34,0,0,-1,0,0,0,nan,nan,0,0,nan,nan,
1750921986.026077271,1,-2.919013728,-0.062508690,0.358522739,-0.009888827,0.996136700,-0.036088106,-0.079445169,960,623,397,1.465672162,1.360890106,0.656773007,0.765206844,0.176602627,1,0,ok,map,623,397,1133,0,ok,40,TRACKING,34,0,0,-1,0,0,0,nan,nan,0,0,nan,nan,
1750921986.038077354,1,-2.915869280,-0.059014406,0.373540150,-0.010008098,0.995585765,-0.035317659,-0.086379892,968,613,391,1.510801943,1.400907101,0.853334806,0.802156602,0.192026741,1,0,ok,map,613,391,1133,0,ok,32,TRACKING,34,0,0,-1,0,0,0,nan,nan,0,0,nan,nan,
1750921986.050077438,1,-2.916502534,-0.060762982,0.395574294,-0.010319462,0.994534264,-0.035922233,-0.097492050,963,598,361,1.603930398,1.531056166,0.634506694,0.803544076,0.273487803,1,0,ok,map,598,361,1133,0,ok,37,TRACKING,35,1,0,-1,0,0,0,nan,nan,0,0,nan,nan,
1750921986.062077522,1,-2.909786182,-0.060571077,0.414670871,-0.009984639,0.993822190,-0.036312370,-0.104399104,950,690,525,1.204465845,1.079458903,0.733501720,0.797864623,0.069594239,1,0,ok,map,690,525,1102,0,ok,50,TRACKING,35,0,0,-1,0,0,0,nan,nan,0,0,nan,nan,
1750921986.074077606,1,-2.903421796,-0.060984134,0.435296676,-0.009868127,0.993060377,-0.036116465,-0.111486809,951,668,499,1.332227076,1.217198487,0.873797100,0.817288466,0.199828290,1,0,ok,map,668,499,1102,0,ok,49,TRACKING,35,0,0,-1,0,0,0,nan,nan,0,0,nan,nan,
1750921986.086077690,1,-2.895368859,-0.060177193,0.453737228,-0.010499992,0.992294213,-0.035682050,-0.118189405,958,654,474,1.383557741,1.354469273,0.658908254,0.778041678,0.176908560,1,0,ok,map,654,474,1102,0,ok,42,TRACKING,35,0,0,-1,0,0,0,nan,nan,0,0,nan,nan,
1750921986.098077774,1,-2.887865731,-0.060281053,0.474921312,-0.010174426,0.991420503,-0.035495587,-0.125387126,962,643,479,1.359177333,1.269570515,0.796445625,0.831965787,0.097524381,1,0,ok,map,643,479,1102,0,ok,38,TRACKING,35,0,0,-1,0,0,0,nan,nan,0,0,nan,nan,
1750921986.110077858,1,-2.880202397,-0.059373004,0.494374719,-0.010977311,0.990526261,-0.034880883,-0.132365209,963,626,443,1.333169686,1.158903505,0.855554777,0.814455182,0.193758456,1,0,ok,map,626,443,1102,0,ok,37,TRACKING,35,0,0,-1,0,0,0,nan,nan,0,0,nan,nan,
1750921986.122077942,1,-2.872651509,-0.058223631,0.513723852,-0.010585707,0.989537001,-0.034647523,-0.139656780,965,614,437,1.332718359,1.245606221,0.764925064,0.844825849,0.103944279,1,0,ok,map,614,437,1102,0,ok,35,TRACKING,35,0,0,-1,0,0,0,nan,nan,0,0,nan,nan,
1750921986.134078026,1,-2.863574961,-0.058099966,0.535058085,-0.011186097,0.988518601,-0.035224036,-0.146509774,956,601,423,1.343354817,1.294340973,0.791845597,0.799629759,0.040037341,1,0,ok,map,601,423,1102,0,ok,44,TRACKING,35,0,0,-1,0,0,0,nan,nan,0,0,nan,nan,
1750921986.146078110,1,-2.839150271,-0.056104559,0.560505103,-0.009887729,0.987790531,-0.035101526,-0.151459511,960,587,399,1.390390478,1.260561539,0.826702334,0.823178948,0.056295185,1,0,ok,map,587,399,1102,0,ok,40,TRACKING,36,1,0,-1,0,0,0,nan,nan,0,0,nan,nan,
1750921986.158078194,1,-2.832526300,-0.055800699,0.577574793,-0.008956649,0.986664683,-0.035233467,-0.158654291,943,666,531,1.188696088,1.010281426,0.853447762,0.841424804,0.053066663,1,0,ok,map,666,531,1020,0,ok,57,TRACKING,36,0,0,-1,0,0,0,nan,nan,0,0,nan,nan,
1750921986.170078278,1,-2.822817771,-0.054765776,0.594059468,-0.008791148,0.985546143,-0.035423802,-0.165428748,954,656,512,1.342785623,1.208503620,0.660614672,0.787338345,0.214551432,1,0,ok,map,656,512,1020,0,ok,46,TRACKING,36,0,0,-1,0,0,0,nan,nan,0,0,nan,nan,
1750921986.182078362,1,-2.813399247,-0.055840659,0.616733034,-0.008915471,0.984373233,-0.036008436,-0.172143093,978,653,484,1.324196086,1.232947214,0.852716779,0.784057281,0.145248285,1,0,ok,map,653,484,1020,0,ok,22,TRACKING,36,0,0,-1,0,0,0,nan,nan,0,0,nan,nan,
1750921986.194078445,1,-2.804833558,-0.054361928,0.633882918,-0.009513787,0.983175501,-0.035328002,-0.178961878,966,648,489,1.339907703,1.222622205,0.774010695,0.800104893,0.153414408,1,0,ok,map,648,489,1020,0,ok,34,TRACKING,36,0,0,-1,0,0,0,nan,nan,0,0,nan,nan,
1750921986.206078529,1,-2.796518749,-0.052228362,0.651024407,-0.009034278,0.981860504,-0.035165915,-0.186095917,977,645,433,1.311610993,1.186781215,0.729199022,0.833295460,0.168641030,1,0,ok,map,645,433,1020,0,ok,23,TRACKING,36,0,0,-1,0,0,0,nan,nan,0,0,nan,nan,
1750921986.218078613,1,-2.788524631,-0.054490284,0.668052999,-0.009386570,0.980583972,-0.035547833,-0.192622214,973,640,459,1.388871243,1.297819673,0.720022236,0.764354185,0.111999386,1,0,ok,map,640,459,1020,0,ok,27,TRACKING,36,0,0,-1,0,0,0,nan,nan,0,0,nan,nan,
1750921986.230078697,1,-2.777834803,-0.053764365,0.687136484,-0.010059309,0.979226964,-0.035238821,-0.199428154,969,634,438,1.420321491,1.326201314,0.618726325,0.799768289,0.190483616,1,0,ok,map,634,438,1020,0,ok,31,TRACKING,36,0,0,-1,0,0,0,nan,nan,0,0,nan,nan,
1750921986.242078781,1,-2.767362775,-0.052624172,0.707884552,-0.010800764,0.977851979,-0.034527978,-0.206147203,978,628,431,1.454746623,1.397244178,0.767084053,0.794669501,0.061146799,1,0,ok,map,628,431,1020,0,ok,22,TRACKING,36,0,0,-1,0,0,0,nan,nan,0,0,nan,nan,
1750921986.254078865,1,-2.758061027,-0.053073853,0.726693515,-0.010320965,0.976365309,-0.034600130,-0.213089397,962,613,387,1.491236608,1.374112299,0.867767585,0.815453045,0.222842517,1,0,ok,map,613,387,1020,0,ok,38,TRACKING,36,0,0,-1,0,0,0,nan,nan,0,0,nan,nan,
1750921986.266078949,1,-2.748816164,-0.051754957,0.742864205,-0.010065031,0.974862481,-0.034267666,-0.219926273,964,607,373,1.497792748,1.455240723,0.929515197,0.803593293,0.281450023,1,0,ok,map,607,373,1020,0,ok,36,TRACKING,36,0,0,-1,0,0,0,nan,nan,0,0,nan,nan,
1750921986.278079033,1,-2.722421129,-0.048866058,0.768611597,-0.009470874,0.974064201,-0.034221037,-0.223468466,950,595,379,1.566868076,1.556284934,0.904570550,0.809759186,0.123709571,1,0,ok,map,595,379,1020,0,ok,50,TRACKING,37,1,0,-1,0,0,0,nan,nan,0,0,nan,nan,
1750921986.290079117,1,-2.712166447,-0.049001801,0.784516304,-0.010105704,0.972454551,-0.035153353,-0.230204827,960,722,537,1.196228626,1.044504423,0.819821696,0.804118950,0.074443721,1,0,ok,map,722,537,998,0,ok,40,TRACKING,37,0,0,-1,0,0,0,nan,nan,0,0,nan,nan,
1750921986.302079201,1,-2.702305431,-0.047976699,0.802493061,-0.010042584,0.970724863,-0.035735531,-0.237308572,959,701,493,1.289104441,1.143664279,0.890000044,0.840497420,0.166678161,1,0,ok,map,701,493,998,0,ok,41,TRACKING,37,0,0,-1,0,0,0,nan,nan,0,0,nan,nan,
1750921986.314079285,1,-2.692292353,-0.047796591,0.819749763,-0.010981938,0.968972052,-0.036015694,-0.244285548,953,679,476,1.395835494,1.339492199,0.944259572,0.831966686,0.148037572,1,0,ok,map,679,476,998,0,ok,47,TRACKING,37,0,0,-1,0,0,0,nan,nan,0,0,nan,nan,
1750921986.326079369,1,-2.681497546,-0.048218463,0.835467646,-0.011962054,0.967273209,-0.036200389,-0.250856493,958,658,425,1.426585432,1.303264175,0.571740264,0.786087267,0.219539458,1,0,ok,map,658,425,998,0,ok,42,TRACKING,37,0,0,-1,0,0,0,nan,nan,0,0,nan,nan,
1750921986.338079453,1,-2.670519758,-0.048203595,0.851421263,-0.012049409,0.965401989,-0.035603877,-0.258042972,954,633,429,1.454538222,1.396442028,0.889215311,0.853769944,0.246660985,1,0,ok,map,633,429,998,0,ok,46,TRACKING,37,0,0,-1,0,0,0,nan,nan,0,0,nan,nan,
1750921986.350079536,1,-2.659540149,-0.046655060,0.866601314,-0.011784142,0.963587539,-0.035391079,-0.264778513,944,603,400,1.429536413,1.350035874,0.704038332,0.800302011,0.106876073,1,0,ok,map,603,400,998,0,ok,56,TRACKING,37,0,0,-1,0,0,0,nan,nan,0,0,nan,nan,
1750921986.362079620,1,-2.643394256,-0.044156833,0.883692693,-0.011856959,0.961881123,-0.034926575,-0.270969100,955,587,363,1.439211521,1.350218533,0.622870859,0.818973887,0.266342406,1,0,ok,map,587,363,998,0,ok,45,TRACKING,38,1,0,-1,0,0,0,nan,nan,0,0,nan,nan,
1750921986.374079704,1,-2.631101636,-0.044806315,0.900609829,-0.012073271,0.959887106,-0.036052895,-0.277796993,957,684,505,1.182261737,0.937115221,0.804521311,0.825630752,0.179972762,1,0,ok,map,684,505,935,0,ok,43,TRACKING,38,0,0,-1,0,0,0,nan,nan,0,0,nan,nan,
1750921986.386079788,1,-2.615401858,-0.045411937,0.923208576,-0.012653848,0.957833655,-0.036553953,-0.284707530,952,661,452,1.270486860,1.076884961,1.019317216,0.830773265,0.245955053,1,0,ok,map,661,452,935,0,ok,48,TRACKING,38,0,0,-1,0,0,0,nan,nan,0,0,nan,nan,
1750921986.398079872,1,-2.605059863,-0.046270908,0.937003815,-0.013171936,0.955789973,-0.036449636,-0.291484909,957,644,448,1.423860703,1.303366898,0.920331878,0.813430665,0.113754154,1,0,ok,map,644,448,935,0,ok,43,TRACKING,38,0,0,-1,0,0,0,nan,nan,0,0,nan,nan,
1750921986.410079956,1,-2.592406068,-0.045396763,0.950301475,-0.013279079,0.953717747,-0.034667655,-0.298402879,975,635,434,1.451535282,1.389228266,0.862731179,0.852453599,0.186999615,1,0,ok,map,635,434,935,0,ok,25,TRACKING,38,0,0,-1,0,0,0,nan,nan,0,0,nan,nan,
1750921986.422080040,1,-2.581797568,-0.044788959,0.962472534,-0.013304722,0.951549392,-0.033817672,-0.305340965,952,607,404,1.432009431,1.316288230,0.799450565,0.838651804,0.245281625,1,0,ok,map,607,404,935,0,ok,48,TRACKING,38,0,0,-1,0,0,0,nan,nan,0,0,nan,nan,
1750921986.434080124,1,-2.561964477,-0.042514450,0.980450210,-0.013796054,0.949641237,-0.033693811,-0.311216832,937,576,385,1.433302923,1.338615320,0.782881601,0.820399762,0.117341218,1,0,ok,map,576,385,935,0,ok,63,TRACKING,39,1,1,7,31,0,0,nan,nan,23,0,0.000000000,nan,solvePnPRansac failed
1750921986.446080208,1,-2.549839000,-0.041839198,0.996337025,-0.013957234,0.947301660,-0.034380361,-0.318186662,964,663,473,1.109920200,0.951326500,0.931582849,0.846347975,0.192168120,1,0,ok,map,663,473,960,0,ok,36,TRACKING,39,0,0,-1,0,0,0,nan,nan,0,0,nan,nan,
1750921986.458080292,1,-2.533086496,-0.041541078,1.013077421,-0.015129714,0.945030398,-0.035083596,-0.324742637,945,643,443,1.388020445,1.205456766,1.010027453,0.810356723,0.448355215,1,0,ok,map,643,443,960,0,ok,55,TRACKING,39,0,0,-1,0,0,0,nan,nan,0,0,nan,nan,
1750921986.470080376,1,-2.521695447,-0.041217224,1.026169819,-0.014821808,0.942517862,-0.035385505,-0.331946171,951,619,434,1.384121599,1.275886729,0.786942306,0.875632301,0.152603045,1,0,ok,map,619,434,960,0,ok,49,TRACKING,39,0,0,-1,0,0,0,nan,nan,0,0,nan,nan,
1750921986.482080460,1,-2.505495590,-0.042844090,1.042244284,-0.014652167,0.940061415,-0.035051919,-0.338882299,961,607,409,1.376764277,1.241928102,0.754865269,0.844286414,0.133498996,1,0,ok,map,607,409,960,0,ok,39,TRACKING,39,0,0,-1,0,0,0,nan,nan,0,0,nan,nan,
1750921986.494080544,1,-2.492786156,-0.041581996,1.055427283,-0.014316606,0.937577229,-0.034205976,-0.345794629,950,597,407,1.386104786,1.306075919,0.778846706,0.848132041,0.080397667,1,0,ok,map,597,407,960,0,ok,50,TRACKING,39,0,0,-1,0,0,0,nan,nan,0,0,nan,nan,
1750921986.506080627,1,-2.468900954,-0.040034319,1.072708159,-0.014593110,0.935527251,-0.033080988,-0.351399277,932,571,356,1.410467485,1.311339486,0.609615563,0.824787545,0.267291188,1,0,ok,map,571,356,960,0,ok,68,TRACKING,40,1,1,10,36,0,0,nan,nan,23,6,0.260869565,nan,too few PnP inliers: 6
1750921986.518080711,1,-2.455195426,-0.039976522,1.086260520,-0.014808271,0.933005042,-0.033066960,-0.358034752,952,672,503,1.169041110,0.982231583,0.755772338,0.813824185,0.086613242,1,0,ok,map,672,503,1005,0,ok,48,TRACKING,40,0,0,-1,0,0,0,nan,nan,0,0,nan,nan,
1750921986.530080795,1,-2.440264307,-0.038820935,1.099872570,-0.014272109,0.930375239,-0.033349918,-0.364809545,942,652,484,1.274808899,1.087441083,0.777227414,0.835665968,0.065208366,1,0,ok,map,652,484,1005,0,ok,58,TRACKING,40,0,0,-1,0,0,0,nan,nan,0,0,nan,nan,
1750921986.542080879,1,-2.426525370,-0.039257370,1.114402351,-0.014054252,0.927750993,-0.033843651,-0.371396258,932,616,435,1.255524038,1.067144284,0.860438354,0.814833114,0.250103665,1,0,ok,map,616,435,1005,0,ok,68,TRACKING,40,0,0,-1,0,0,0,nan,nan,0,0,nan,nan,
1750921986.554080963,1,-2.413374877,-0.039715632,1.125233881,-0.014136393,0.925199332,-0.033366289,-0.377747334,939,599,421,1.355773411,1.236328661,0.733130026,0.786284663,0.182745118,1,0,ok,map,599,421,1005,0,ok,61,TRACKING,40,0,0,-1,0,0,0,nan,nan,0,0,nan,nan,
1750921986.566081047,1,-2.389431878,-0.039653584,1.143082461,-0.013483998,0.923093531,-0.031183400,-0.383071940,969,591,380,1.306403019,1.176348884,0.959962797,0.836655242,0.353989866,1,0,ok,map,591,380,1005,0,ok,31,TRACKING,41,1,0,-1,0,0,0,nan,nan,0,0,nan,nan,
1750921986.578081131,1,-2.374191272,-0.037870684,1.156170228,-0.013500106,0.920407687,-0.030850190,-0.389507000,975,714,533,1.118380017,0.922167954,0.760907879,0.799970965,0.154866417,1,0,ok,map,714,533,1066,0,ok,25,TRACKING,41,0,0,-1,0,0,0,nan,nan,0,0,nan,nan,
1750921986.590081215,1,-2.358794416,-0.037893742,1.169143434,-0.013756896,0.917801169,-0.030797447,-0.395604953,954,687,494,1.180574992,1.032449383,0.745290245,0.760527587,0.178565241,1,0,ok,map,687,494,1066,0,ok,46,TRACKING,41,0,0,-1,0,0,0,nan,nan,0,0,nan,nan,
1750921986.602081299,1,-2.343189386,-0.038895090,1.180418528,-0.013801840,0.915076859,-0.030350704,-0.401898851,956,668,497,1.316449403,1.179360068,0.674242863,0.787576681,0.171919301,1,0,ok,map,668,497,1066,0,ok,44,TRACKING,41,0,0,-1,0,0,0,nan,nan,0,0,nan,nan,
1750921986.614081383,1,-2.325487615,-0.038623797,1.194218762,-0.013429356,0.912343347,-0.030051038,-0.408100729,969,660,483,1.295772102,1.165647424,0.719701197,0.778582827,0.060101432,1,0,ok,map,660,483,1066,0,ok,31,TRACKING,41,0,0,-1,0,0,0,nan,nan,0,0,nan,nan,
1750921986.626081467,1,-2.310996806,-0.037790174,1.204897480,-0.011904026,0.909396322,-0.029461094,-0.414715164,963,649,489,1.335147486,1.251545878,0.778747668,0.850687966,0.123541634,1,0,ok,map,649,489,1066,0,ok,37,TRACKING,41,0,0,-1,0,0,0,nan,nan,0,0,nan,nan,
1750921986.638081551,1,-2.296617135,-0.037784145,1.215407041,-0.012844319,0.906696926,-0.029450420,-0.420557226,930,611,458,1.361113169,1.272123007,0.661953814,0.745293188,0.118231283,1,0,ok,map,611,458,1066,0,ok,70,TRACKING,41,0,0,-1,0,0,0,nan,nan,0,0,nan,nan,
1750921986.650081635,1,-2.278416789,-0.036697201,1.226579814,-0.013239700,0.904365932,-0.028749917,-0.425582440,947,591,432,1.341027043,1.211103654,0.663944160,0.804662749,0.245473545,1,0,ok,map,591,432,1066,0,ok,53,TRACKING,42,1,0,-1,0,0,0,nan,nan,0,0,nan,nan,
1750921986.662081718,1,-2.261082849,-0.036321129,1.238741499,-0.013861240,0.901357281,-0.028544949,-0.431912149,971,707,572,1.094343692,0.887767406,0.738794309,0.806595411,0.077191101,1,0,ok,map,707,572,1048,0,ok,29,TRACKING,42,0,0,-1,0,0,0,nan,nan,0,0,nan,nan,
1750921986.674081802,1,-2.244375323,-0.036156437,1.249660040,-0.013882362,0.898322114,-0.028606285,-0.438185281,974,696,551,1.204735161,1.117917567,0.725798534,0.798603927,0.148165200,1,0,ok,map,696,551,1048,0,ok,26,TRACKING,42,0,0,-1,0,0,0,nan,nan,0,0,nan,nan,
1750921986.686081886,1,-2.225112474,-0.036726760,1.263122090,-0.013691577,0.895247540,-0.028571718,-0.444441267,982,690,516,1.210761291,1.110502820,0.793775652,0.799091567,0.101657590,1,0,ok,map,690,516,1048,0,ok,18,TRACKING,42,0,0,-1,0,0,0,nan,nan,0,0,nan,nan,
1750921986.698081970,1,-2.208241019,-0.036534779,1.271753227,-0.012756882,0.892151132,-0.027278288,-0.450732198,974,680,530,1.334196424,1.266647207,0.701640612,0.824027191,0.132762469,1,0,ok,map,680,530,1048,0,ok,26,TRACKING,42,0,0,-1,0,0,0,nan,nan,0,0,nan,nan,
1750921986.710082054,1,-2.194126317,-0.034959880,1.280935704,-0.012275356,0.889042664,-0.026453865,-0.456894572,980,676,503,1.342074211,1.231319671,0.687540940,0.798442170,0.146090643,1,0,ok,map,676,503,1048,0,ok,20,TRACKING,42,0,0,-1,0,0,0,nan,nan,0,0,nan,nan,
1750921986.722082138,1,-2.177668969,-0.034558427,1.288227674,-0.012806606,0.885775891,-0.026939675,-0.463153664,961,664,462,1.535407696,1.410250600,0.584027554,0.813248950,0.332126325,1,0,ok,map,664,462,1048,0,ok,39,TRACKING,42,0,0,-1,0,0,0,nan,nan,0,0,nan,nan,
1750921986.734082222,1,-2.152370420,-0.034359408,1.304894879,-0.013914989,0.882397031,-0.027946065,-0.469468711,948,643,449,1.443378362,1.319428273,0.738816648,0.838463251,0.264830775,1,0,ok,map,643,449,1048,0,ok,52,TRACKING,42,0,0,-1,0,0,0,nan,nan,0,0,nan,nan,
1750921986.746082306,1,-2.139015513,-0.035397932,1.311819163,-0.013721369,0.878952382,-0.028710295,-0.475846775,953,625,439,1.455964312,1.353199952,0.625861378,0.835553027,0.216449367,1,0,ok,map,625,439,1048,0,ok,47,TRACKING,42,0,0,-1,0,0,0,nan,nan,0,0,nan,nan,
1750921986.758082390,1,-2.119115594,-0.035312335,1.322872065,-0.013554710,0.875519555,-0.027851484,-0.482188836,968,615,430,1.468240495,1.395719581,0.697199828,0.832439721,0.145655442,1,0,ok,map,615,430,1048,0,ok,32,TRACKING,42,0,0,-1,0,0,0,nan,nan,0,0,nan,nan,
1750921986.770082474,1,-2.105946978,-0.036596167,1.330887444,-0.013338447,0.872221475,-0.026543722,-0.488208168,986,613,399,1.432574391,1.280847139,0.635484505,0.801050720,0.176078589,1,0,ok,map,613,399,1048,0,ok,14,TRACKING,42,0,0,-1,0,0,0,nan,nan,0,0,nan,nan,
1750921986.782082558,1,-2.081341711,-0.032709517,1.343415653,-0.012824992,0.868845086,-0.024705821,-0.494300879,990,608,375,1.493636627,1.475161479,0.712766637,0.827624540,0.194312591,1,0,ok,map,608,375,1048,0,ok,10,TRACKING,42,0,0,-1,0,0,0,nan,nan,0,0,nan,nan,
1750921986.794082642,1,-2.066214288,-0.031749028,1.348986743,0.013219975,-0.865208476,0.026138650,0.500555987,979,600,358,1.528107077,1.464477350,0.685515551,0.846432005,0.187960297,1,0,ok,map,600,358,1048,0,ok,21,TRACKING,42,0,0,-1,0,0,0,nan,nan,0,0,nan,nan,
1750921986.806082726,1,-2.040143648,-0.031543417,1.359276895,0.013584660,-0.862284301,0.027931434,0.505471143,972,592,355,1.717953721,1.633490854,0.715644655,0.873005018,0.351479942,1,0,ok,map,592,355,1048,0,ok,28,TRACKING,43,1,0,-1,0,0,0,nan,nan,0,0,nan,nan,
1750921986.818082809,1,-2.025067253,-0.033148662,1.367741283,0.014237835,-0.858629746,0.028505294,0.511605016,978,762,516,1.335575738,1.144316885,0.696716870,0.824233977,0.353827164,1,0,ok,map,762,516,1104,0,ok,22,TRACKING,43,0,0,-1,0,0,0,nan,nan,0,0,nan,nan,
1750921986.830082893,1,-2.001506284,-0.034414863,1.378676643,0.014379780,-0.855008228,0.027108917,0.517705765,962,737,488,1.444566931,1.387191473,0.676374128,0.828749551,0.306043175,1,0,ok,map,737,488,1104,0,ok,38,TRACKING,43,0,0,-1,0,0,0,nan,nan,0,0,nan,nan,
1750921986.842082977,1,-1.986379409,-0.032180957,1.384679282,0.013739592,-0.851320948,0.024359242,0.523899318,973,723,460,1.508016612,1.462340395,0.711988708,0.887082163,0.231000939,1,0,ok,map,723,460,1104,0,ok,27,TRACKING,43,0,0,-1,0,0,0,nan,nan,0,0,nan,nan,
1750921986.854083061,1,-1.972668105,-0.029197808,1.385929188,0.013955418,-0.847458819,0.025037190,0.530086724,940,682,380,1.785579465,1.621821237,0.743459978,0.839780695,0.523632354,1,0,ok,map,682,380,1104,0,ok,60,TRACKING,43,0,0,-1,0,0,0,nan,nan,0,0,nan,nan,
1750921986.866083145,1,-1.941657729,-0.030157649,1.400318265,0.014550495,-0.843557588,0.027519127,0.536135781,971,672,356,1.502738392,1.434998816,0.967326936,0.875145793,0.389767941,1,0,ok,map,672,356,1104,0,ok,29,TRACKING,43,0,0,-1,0,0,0,nan,nan,0,0,nan,nan,
1750921986.878083229,1,-1.924077156,-0.032641167,1.406877230,0.014858158,-0.839695018,0.027669623,0.542149337,967,653,334,1.522307884,1.419841959,0.847033921,0.819948997,0.519227792,1,0,ok,map,653,334,1104,0,ok,33,TRACKING,43,0,0,-1,0,0,0,nan,nan,0,0,nan,nan,
1750921986.890083313,1,-1.899655942,-0.032251930,1.417991413,0.015228658,-0.835737011,0.026158748,0.548295046,962,625,314,1.555329715,1.460853082,0.775617546,0.856420266,0.447302209,1,0,ok,map,625,314,1104,0,ok,38,TRACKING,43,0,0,-1,0,0,0,nan,nan,0,0,nan,nan,
1750921986.902083397,1,-1.888095644,-0.032555970,1.418982242,0.014822882,-0.831845812,0.025313919,0.554231028,974,611,308,1.647493563,1.517175409,0.636158463,0.820398108,0.222093416,1,0,ok,map,611,308,1104,0,ok,26,TRACKING,43,0,0,-1,0,0,0,nan,nan,0,0,nan,nan,
1750921986.914083481,1,-1.866134561,-0.033081412,1.429591742,0.013936163,-0.828635954,0.024211412,0.559090375,965,594,281,1.737350318,1.641739871,0.668710067,0.819009510,0.299025645,1,0,ok,map,594,281,1104,0,ok,35,TRACKING,44,1,0,-1,0,0,0,nan,nan,0,0,nan,nan,
1750921986.926083565,1,-1.846389348,-0.031750212,1.436307930,0.014303269,-0.824626461,0.023889480,0.564991955,968,690,444,1.481206794,1.374847565,0.760676099,0.819496327,0.417025808,1,0,ok,map,690,444,1091,0,ok,32,TRACKING,44,0,0,-1,0,0,0,nan,nan,0,0,nan,nan,
1750921986.938083649,1,-1.826919380,-0.032378726,1.440539042,0.014532144,-0.820527982,0.024812498,0.570882638,960,670,411,1.672114850,1.499610831,0.828119527,0.829521453,0.529375474,1,0,ok,map,670,411,1091,0,ok,40,TRACKING,44,0,0,-1,0,0,0,nan,nan,0,0,nan,nan,
1750921986.950083733,1,-1.809674345,-0.033519061,1.444122086,0.014769138,-0.816446060,0.025237139,0.576680839,962,653,351,1.680067432,1.497094128,0.854200755,0.814470466,0.654338063,1,0,ok,map,653,351,1091,0,ok,38,TRACKING,44,0,0,-1,0,0,0,nan,nan,0,0,nan,nan,
1750921986.962083817,1,-1.786154660,-0.033435445,1.454117167,0.013745747,-0.812411688,0.024615385,0.582402255,958,629,359,1.573633236,1.483166212,0.798738879,0.813881509,0.321936925,1,0,ok,map,629,359,1091,0,ok,42,TRACKING,44,0,0,-1,0,0,0,nan,nan,0,0,nan,nan,
1750921986.974083900,1,-1.766325537,-0.033320506,1.458426322,0.012793505,-0.808304594,0.023768208,0.588145460,946,602,329,1.538629927,1.396107772,0.753263415,0.822168096,0.212422001,1,0,ok,map,602,329,1091,0,ok,54,TRACKING,44,0,0,-1,0,0,0,nan,nan,0,0,nan,nan,
1750921986.986083984,1,-1.762326686,-0.032915488,1.458597187,0.013390931,-0.805055218,0.022611373,0.592617503,955,587,332,1.656730157,1.542351562,0.518237392,0.776489553,0.273699805,1,0,ok,map,587,332,1091,0,ok,45,TRACKING,45,1,0,-1,0,0,0,nan,nan,0,0,nan,nan,
1750921986.998084068,1,-1.739134407,-0.032089309,1.465935272,0.013441409,-0.800700694,0.022375662,0.598495661,973,680,454,1.388722297,1.219820559,0.783978927,0.838736367,0.328108599,1,0,ok,map,680,454,1100,0,ok,27,TRACKING,45,0,0,-1,0,0,0,nan,nan,0,0,nan,nan,
1750921987.010084152,1,-1.724008729,-0.031532434,1.464459226,0.013780062,-0.796594897,0.022870608,0.603923518,972,668,416,1.518840764,1.360824516,0.645283282,0.782913114,0.398308737,1,0,ok,map,668,416,1100,0,ok,28,TRACKING,45,0,0,-1,0,0,0,nan,nan,0,0,nan,nan,
1750921987.022084236,1,-1.693526464,-0.034043599,1.473032903,0.013352904,-0.792273447,0.023179794,0.609579513,973,652,380,1.420243726,1.363912746,0.763842235,0.817893964,0.136429583,1,0,ok,map,652,380,1100,0,ok,27,TRACKING,45,0,0,-1,0,0,0,nan,nan,0,0,nan,nan,
1750921987.034084320,1,-1.683327342,-0.032314310,1.474434384,0.012927823,-0.787982690,0.022201442,0.615161156,985,646,379,1.507377503,1.430803818,0.661949743,0.815964393,0.192370035,1,0,ok,map,646,379,1100,0,ok,15,TRACKING,45,0,0,-1,0,0,0,nan,nan,0,0,nan,nan,
1750921987.046084404,1,-1.660736898,-0.032478752,1.477802966,0.012561704,-0.783680794,0.020867877,0.620686030,975,631,356,1.468412395,1.332388841,0.720154449,0.817891559,0.106919864,1,0,ok,map,631,356,1100,0,ok,25,TRACKING,45,0,0,-1,0,0,0,nan,nan,0,0,nan,nan,
1750921987.058084488,1,-1.629259688,-0.032793895,1.487160295,0.013848764,-0.779401644,0.020494646,0.626036148,979,624,344,1.678712994,1.520325095,0.741725089,0.799935294,0.509660322,1,0,ok,map,624,344,1100,0,ok,21,TRACKING,45,0,0,-1,0,0,0,nan,nan,0,0,nan,nan,
1750921987.070084572,1,-1.626362530,-0.033500802,1.488199251,0.015078996,-0.775651034,0.021669414,0.630609653,947,588,302,1.568027759,1.411528910,0.727009895,0.814228052,0.244927336,1,0,ok,map,588,302,1100,0,ok,53,TRACKING,46,1,0,-1,0,0,0,nan,nan,0,0,nan,nan,
1750921987.082084656,1,-1.597713654,-0.034173272,1.490218408,0.014078987,-0.771081034,0.021840159,0.636206592,975,650,379,1.537414372,1.455100034,0.678740814,0.836126138,0.173541356,1,0,ok,map,650,379,1053,0,ok,25,TRACKING,46,0,0,-1,0,0,0,nan,nan,0,0,nan,nan,
1750921987.094084740,1,-1.573204564,-0.034507030,1.495945671,0.013113370,-0.766817966,0.020916802,0.641389689,985,648,347,1.633684923,1.517937565,0.642109254,0.784123110,0.217767284,1,0,ok,map,648,347,1053,0,ok,15,TRACKING,46,0,0,-1,0,0,0,nan,nan,0,0,nan,nan,
1750921987.106084824,1,-1.566063658,-0.032711821,1.494257981,0.012247975,-0.762518308,0.019288238,0.646563053,987,646,327,1.588242367,1.494714826,0.655229492,0.799288139,0.392115921,1,0,ok,map,646,327,1053,0,ok,13,TRACKING,46,0,0,-1,0,0,0,nan,nan,0,0,nan,nan,
1750921987.118084908,1,-1.538965537,-0.032571235,1.496783126,0.011798147,-0.757948601,0.019147597,0.651926446,990,642,343,1.643865599,1.518874036,0.786513982,0.809235005,0.412571778,1,0,ok,map,642,343,1053,0,ok,10,TRACKING,46,0,0,-1,0,0,0,nan,nan,0,0,nan,nan,
1750921987.130084991,1,-1.509265042,-0.029580805,1.504618892,0.012346450,-0.753317106,0.019354540,0.657256651,969,627,308,1.573844738,1.504233029,0.765033004,0.811948135,0.132006838,1,0,ok,map,627,308,1053,0,ok,31,TRACKING,46,0,0,-1,0,0,0,nan,nan,0,0,nan,nan,
1750921987.142085075,1,-1.480137547,-0.030717115,1.505553107,0.013644995,-0.748697062,0.021011659,0.662438701,967,610,286,1.686877375,1.542396782,0.854331419,0.831329481,0.463375906,1,0,ok,map,610,286,1053,0,ok,33,TRACKING,46,0,0,-1,0,0,0,nan,nan,0,0,nan,nan,
1750921987.154085159,1,-1.469405716,-0.037417964,1.507940720,0.014013590,-0.744606568,0.021142393,0.667021497,976,598,246,1.661017609,1.562147223,0.840475364,0.801673061,0.390965966,1,0,ok,map,598,246,1053,0,ok,24,TRACKING,47,1,0,-1,0,0,0,nan,nan,0,0,nan,nan,
1750921987.166085243,1,-1.460129941,-0.035559430,1.506838459,0.013665226,-0.739966745,0.019697531,0.672216100,977,617,342,1.464675923,1.374118066,0.754325351,0.816106396,0.066524340,1,0,ok,map,617,342,989,0,ok,23,TRACKING,47,0,0,-1,0,0,0,nan,nan,0,0,nan,nan,
1750921987.178085327,1,-1.431479666,-0.033828792,1.507485410,0.012604791,-0.735219057,0.018240541,0.677466856,960,594,329,1.485637249,1.443660283,0.778662950,0.837056238,0.074543954,1,0,ok,map,594,329,989,0,ok,40,TRACKING,47,0,0,-1,0,0,0,nan,nan,0,0,nan,nan,
1750921987.190085411,1,-1.406160218,-0.033066029,1.509834536,0.012283068,-0.730443504,0.018162854,0.682621069,962,572,282,1.549919735,1.469991571,0.778745478,0.806072948,0.094795266,1,0,ok,map,572,282,989,0,ok,38,TRACKING,47,0,0,-1,0,0,0,nan,nan,0,0,nan,nan,
1750921987.202085495,1,-1.404100047,-0.036379964,1.503825428,0.013873194,-0.725947024,0.017759245,0.687381308,978,566,272,1.672921436,1.583892259,0.649838129,0.773554803,0.203784386,1,0,ok,map,566,272,989,0,ok,22,TRACKING,47,0,0,-1,0,0,0,nan,nan,0,0,nan,nan,
1750921987.214085579,1,-1.380894326,-0.035454473,1.506040751,0.014102040,-0.721436504,0.018542004,0.692088648,982,560,274,1.671805015,1.560689610,0.747363276,0.841619337,0.362615602,1,0,ok,map,560,274,989,0,ok,18,TRACKING,48,1,0,-1,0,0,0,nan,nan,0,0,nan,nan,
1750921987.226085663,1,-1.349340280,-0.034398024,1.506673317,0.014592536,-0.716391011,0.018984005,0.697288021,977,599,371,1.383567434,1.293237845,0.781836609,0.833661855,0.104644461,1,0,ok,map,599,371,855,0,ok,23,TRACKING,48,0,0,-1,0,0,0,nan,nan,0,0,nan,nan,
1750921987.238085747,1,-1.337515597,-0.036323733,1.507322237,0.014637068,-0.711582129,0.019569299,0.702177807,984,597,352,1.441333021,1.367644537,0.727999326,0.788770260,0.067877629,1,0,ok,map,597,352,855,0,ok,16,TRACKING,48,0,0,-1,0,0,0,nan,nan,0,0,nan,nan,
1750921987.250085831,1,-1.328845095,-0.038016682,1.507636239,0.014043471,-0.706594488,0.018975693,0.707224811,971,581,297,1.665207075,1.448363525,0.660599912,0.818778681,0.348316156,1,0,ok,map,581,297,855,0,ok,29,TRACKING,48,0,0,-1,0,0,0,nan,nan,0,0,nan,nan,
1750921987.262085915,1,-1.295698139,-0.039827565,1.502443373,0.013748963,-0.701675277,0.017839092,0.712140814,975,577,288,1.481173471,1.407387489,0.818489340,0.808211940,0.084936320,1,0,ok,map,577,288,855,0,ok,25,TRACKING,48,0,0,-1,0,0,0,nan,nan,0,0,nan,nan,
1750921987.274085999,1,-1.276782863,-0.034082828,1.502764338,0.013460712,-0.697325899,0.017020201,0.716425650,956,564,299,1.592639573,1.482771519,0.695918668,0.816949874,0.310881514,1,0,ok,map,564,299,855,0,ok,44,TRACKING,49,1,0,-1,0,0,0,nan,nan,0,0,nan,nan,
1750921987.286086082,1,-1.254473383,-0.032787925,1.500024027,0.013987361,-0.692437047,0.015982435,0.721165620,972,615,389,1.250649168,1.080492899,0.677593827,0.791616910,0.159146835,1,0,ok,map,615,389,799,0,ok,28,TRACKING,49,0,0,-1,0,0,0,nan,nan,0,0,nan,nan,
1750921987.298086166,1,-1.235505108,-0.034268783,1.498341386,0.013680702,-0.687232621,0.016583008,0.726119251,972,607,366,1.336016060,1.168844676,0.676249991,0.826962634,0.194563733,1,0,ok,map,607,366,799,0,ok,28,TRACKING,49,0,0,-1,0,0,0,nan,nan,0,0,nan,nan,
1750921987.310086250,1,-1.209176330,-0.032692037,1.497652907,0.013901598,-0.681902963,0.016488098,0.731124639,974,602,346,1.360275392,1.271074024,0.786760624,0.838299834,0.072155103,1,0,ok,map,602,346,799,0,ok,26,TRACKING,49,0,0,-1,0,0,0,nan,nan,0,0,nan,nan,
1750921987.322086334,1,-1.187062621,-0.034485798,1.494932958,0.014740265,-0.676854209,0.017385650,0.735764122,972,597,337,1.413697095,1.402982215,0.801474464,0.798234209,0.041302977,1,0,ok,map,597,337,799,0,ok,28,TRACKING,49,0,0,-1,0,0,0,nan,nan,0,0,nan,nan,
1750921987.334086418,1,-1.166891699,-0.038854015,1.491197079,0.013780835,-0.671666767,0.017748859,0.740512539,971,586,300,1.475728323,1.450225196,0.772797836,0.814403928,0.085716138,1,0,ok,map,586,300,799,0,ok,29,TRACKING,49,0,0,-1,0,0,0,nan,nan,0,0,nan,nan,
1750921987.346086502,1,-1.152588077,-0.037997304,1.483229492,0.013205153,-0.667315139,0.015909130,0.744488434,973,577,291,1.565783908,1.421276393,0.611321011,0.816473283,0.215041916,1,0,ok,map,577,291,799,0,ok,27,TRACKING,50,1,0,-1,0,0,0,nan,nan,0,0,nan,nan,
1750921987.358086586,1,-1.136405726,-0.035778214,1.480370541,0.012721797,-0.662320338,0.012337221,0.749011161,979,641,400,1.263221931,1.067073464,0.749549625,0.875674095,0.146737683,1,0,ok,map,641,400,782,0,ok,21,TRACKING,50,0,0,-1,0,0,0,nan,nan,0,0,nan,nan,
1750921987.370086670,1,-1.094267688,-0.028282878,1.473508510,0.012176128,-0.656779114,0.011965026,0.753889763,943,618,311,1.413541373,1.299097377,0.700572481,0.849389053,0.154170248,1,0,ok,map,618,311,782,0,ok,57,TRACKING,50,0,0,-1,0,0,0,nan,nan,0,0,nan,nan,
1750921987.382086754,1,-1.095433323,-0.030867429,1.473152635,0.013057374,-0.651422602,0.014299275,0.758467948,944,595,296,1.396559795,1.248206359,0.770943962,0.856586842,0.199436843,1,0,ok,map,595,296,782,0,ok,56,TRACKING,50,0,0,-1,0,0,0,nan,nan,0,0,nan,nan,
1750921987.394086838,1,-1.077999784,-0.034820951,1.467983938,0.013569036,-0.645842240,0.015607996,0.763190718,971,592,282,1.446761902,1.354033700,0.737474049,0.853070913,0.183013144,1,0,ok,map,592,282,782,0,ok,29,TRACKING,50,0,0,-1,0,0,0,nan,nan,0,0,nan,nan,
1750921987.406086922,1,-1.047534993,-0.035997699,1.465274550,0.014589606,-0.641022177,0.014719668,0.767242493,950,569,266,1.372304674,1.280009149,0.885407896,0.836534297,0.054088527,1,0,ok,map,569,266,782,0,ok,50,TRACKING,51,1,0,-1,0,0,0,nan,nan,0,0,nan,nan,
1750921987.418087006,1,-1.026580089,-0.036037053,1.458480384,0.014607040,-0.635689665,0.013095728,0.771695398,974,628,357,1.207737122,1.044509574,0.806362389,0.817558817,0.062561096,1,0,ok,map,628,357,732,0,ok,26,TRACKING,51,0,0,-1,0,0,0,nan,nan,0,0,nan,nan,
1750921987.430087090,1,-1.005604835,-0.035532429,1.451905041,0.013393228,-0.629939869,0.012573482,0.776426616,954,615,338,1.361668840,1.177830498,0.683806258,0.866595090,0.239357230,1,0,ok,map,615,338,732,0,ok,46,TRACKING,51,0,0,-1,0,0,0,nan,nan,0,0,nan,nan,
1750921987.442087173,1,-0.993411141,-0.034548680,1.445890428,0.012299674,-0.624099277,0.013061569,0.781139044,953,598,327,1.440606180,1.320496956,0.609412795,0.870849543,0.273060574,1,0,ok,map,598,327,732,0,ok,47,TRACKING,51,0,0,-1,0,0,0,nan,nan,0,0,nan,nan,
1750921987.454087257,1,-0.962861419,-0.031083252,1.439926035,0.012280027,-0.618498437,0.012768618,0.785586308,940,583,301,1.514069631,1.374013807,0.452588957,0.820222532,0.408131300,1,0,ok,map,583,301,732,0,ok,60,TRACKING,51,0,0,-1,0,0,0,nan,nan,0,0,nan,nan,
1750921987.466087341,1,-0.940312563,-0.031671843,1.430140531,0.013325525,-0.613408109,0.013726544,0.789534359,947,561,286,1.527182529,1.363353502,0.730745879,0.831399936,0.234364584,1,0,ok,map,561,286,732,0,ok,53,TRACKING,52,1,0,-1,0,0,0,nan,nan,0,0,nan,nan,
1750921987.478087425,1,-0.925267215,-0.031740195,1.428339769,0.014126524,-0.607770270,0.013848036,0.793866470,936,628,373,1.158570410,0.931771885,0.764124890,0.820022465,0.062695372,1,0,ok,map,628,373,794,0,ok,64,TRACKING,52,0,0,-1,0,0,0,nan,nan,0,0,nan,nan,
1750921987.490087509,1,-0.910968988,-0.035984231,1.424142970,0.013778922,-0.601884007,0.012918955,0.798360122,945,601,354,1.295798633,1.159184356,0.772830618,0.856185944,0.098637345,1,0,ok,map,601,354,794,0,ok,55,TRACKING,52,0,0,-1,0,0,0,nan,nan,0,0,nan,nan,
1750921987.502087593,1,-0.889395740,-0.035694731,1.414680452,0.012383420,-0.596129401,0.012107745,0.802701558,971,598,339,1.427053275,1.249519296,0.712658315,0.846499626,0.252201548,1,0,ok,map,598,339,794,0,ok,29,TRACKING,52,0,0,-1,0,0,0,nan,nan,0,0,nan,nan,
1750921987.514087677,1,-0.884322094,-0.035109731,1.408976810,0.011578865,-0.590225741,0.011657935,0.807070999,970,592,316,1.550826526,1.387254795,0.626191947,0.848249278,0.270565044,1,0,ok,map,592,316,794,0,ok,30,TRACKING,52,0,0,-1,0,0,0,nan,nan,0,0,nan,nan,
1750921987.526087761,1,-0.854736795,-0.030330434,1.401178559,0.012454250,-0.585083152,0.012119123,0.810787102,988,590,319,1.414964358,1.281905878,0.796465083,0.822855367,0.066439094,1,0,ok,map,590,319,794,0,ok,12,TRACKING,53,1,0,-1,0,0,0,nan,nan,0,0,nan,nan,
1750921987.538087845,1,-0.833595942,-0.029636620,1.392702804,0.013202739,-0.579043921,0.012287999,0.815096823,978,659,428,1.226245660,1.029058834,0.812503477,0.854725674,0.046857993,1,0,ok,map,659,428,823,0,ok,22,TRACKING,53,0,0,-1,0,0,0,nan,nan,0,0,nan,nan,
1750921987.550087929,1,-0.816269400,-0.030209549,1.385814547,0.014656899,-0.573250518,0.011716759,0.819165268,976,651,395,1.257547916,1.062189334,0.719531172,0.830744538,0.138889522,1,0,ok,map,651,395,823,0,ok,24,TRACKING,53,0,0,-1,0,0,0,nan,nan,0,0,nan,nan,
1750921987.562088013,1,-0.795943527,-0.033926893,1.376568868,0.014830701,-0.567246079,0.011926285,0.823328428,967,642,350,1.351996004,1.272689511,0.837402842,0.837847893,0.102305758,1,0,ok,map,642,350,823,0,ok,33,TRACKING,53,0,0,-1,0,0,0,nan,nan,0,0,nan,nan,
1750921987.574088097,1,-0.775988257,-0.038343055,1.370619611,0.012918405,-0.561216805,0.010435865,0.827502209,973,628,313,1.425257983,1.212578831,0.753404435,0.885037940,0.223074293,1,0,ok,map,628,313,823,0,ok,27,TRACKING,53,0,0,-1,0,0,0,nan,nan,0,0,nan,nan,
1750921987.586088181,1,-0.765144740,-0.029713773,1.361206033,0.009100718,-0.555092509,0.008389922,0.831696515,960,610,249,1.639593868,1.387171624,0.589417121,0.984822848,0.494743225,1,0,ok,map,610,249,823,0,ok,40,TRACKING,53,0,0,-1,0,0,0,nan,nan,0,0,nan,nan,
1750921987.598088264,1,-0.743689917,-0.021387389,1.347782105,0.009773966,-0.548852732,0.010433949,0.835796794,931,592,132,2.259140869,1.932467643,0.969838863,0.890419326,1.051522274,1,0,ok,map,592,132,823,1,ok,69,TRACKING,53,0,0,-1,0,0,0,nan,nan,0,0,nan,nan,
1750921987.610088348,1,-0.706781477,-0.029361019,1.326662003,0.015308262,-0.544180911,0.013545453,0.838718853,961,587,100,1.650331773,1.530615829,0.969922126,1.008724617,0.306893838,1,0,ok,map,587,100,823,0,ok,39,TRACKING,54,1,0,-1,0,0,0,nan,nan,0,0,nan,nan,
1750921987.622088432,1,-0.730919609,-0.040123816,1.349073022,0.015659746,-0.537975730,0.014337929,0.842692892,959,677,109,1.537731391,1.491035921,0.896531019,0.850212771,0.149588935,1,0,ok,map,677,109,900,1,ok,41,TRACKING,54,0,0,-1,0,0,0,nan,nan,0,0,nan,nan,
1750921987.634088516,1,-0.691555590,-0.029646405,1.318250510,0.013626288,-0.531426047,0.013212404,0.846892032,969,660,131,1.882561330,1.589138867,0.532484101,0.930475354,0.435892111,1,0,ok,map,660,131,900,0,ok,31,TRACKING,54,0,0,-1,0,0,0,nan,nan,0,0,nan,nan,
1750921987.646088600,1,-0.662098336,-0.035434914,1.304096441,0.012905303,-0.525606336,0.012048755,0.850544684,974,650,149,1.799599819,1.650511478,0.771259834,0.802836348,0.202787068,1,0,ok,map,650,149,900,0,ok,26,TRACKING,54,0,0,-1,0,0,0,nan,nan,0,0,nan,nan,
1750921987.658088684,1,-0.644334967,-0.031249104,1.296712261,0.011776780,-0.519130396,0.012249301,0.854526122,955,512,345,0.969624771,0.753532921,0.858104019,0.880967795,0.089908535,1,0,ok,vo_fallback,633,78,900,0,PnP inlier ratio too low: 0.123,45,TRACKING,54,0,0,-1,0,0,0,nan,nan,0,0,nan,nan,
1750921987.670088768,1,-0.627089220,-0.031465592,1.285599848,0.013885631,-0.513083343,0.011874930,0.858144311,950,487,468,0.795484684,0.687520367,0.904561086,0.843986791,0.066866820,1,0,ok,vo_fallback,617,76,900,0,PnP inlier ratio too low: 0.123,50,TRACKING,54,0,0,-1,0,0,0,nan,nan,0,0,nan,nan,
1750921987.682088852,1,-0.607935604,-0.032840274,1.271508395,0.015692371,-0.507192943,0.011469916,0.861613318,943,530,500,0.855717470,0.749514136,0.832474316,0.811575079,0.034007043,1,0,ok,vo_fallback,598,87,900,2,PnP inlier ratio too low: 0.145,57,TRACKING,54,0,0,-1,0,0,0,nan,nan,0,0,nan,nan,
1750921987.694088936,1,-0.593412196,-0.028866361,1.261446322,0.014966395,-0.501480220,0.011970798,0.864956817,949,525,479,0.834163798,0.669960520,0.845211590,0.862728304,0.037646464,1,0,ok,vo_fallback,571,47,900,0,PnP inlier ratio too low: 0.082,51,TRACKING,55,1,0,-1,0,0,0,nan,nan,0,0,nan,nan,
1750921987.706089020,1,-0.572386820,-0.028648583,1.249500141,0.014531442,-0.495279783,0.012375979,0.868523810,949,664,192,1.240277618,0.962755612,0.696549139,0.822528267,0.198070219,1,0,ok,map,664,192,940,0,ok,51,TRACKING,55,0,0,-1,0,0,0,nan,nan,0,0,nan,nan,
1750921987.718089104,1,-0.562574165,-0.024108855,1.238885517,0.013866564,-0.488942962,0.011712625,0.872126890,955,646,188,1.463929621,1.228565851,0.549797241,0.842227081,0.329704357,1,0,ok,map,646,188,940,0,ok,45,TRACKING,55,0,0,-1,0,0,0,nan,nan,0,0,nan,nan,
1750921987.730089188,1,-0.517494935,-0.017777959,1.216140086,0.014476548,-0.482897026,0.010881286,0.875489857,970,635,102,1.411370588,1.149676366,1.593359875,0.801537365,0.839086276,1,0,ok,map,635,102,940,0,ok,30,TRACKING,55,0,0,-1,0,0,0,nan,nan,0,0,nan,nan,
1750921987.742089272,1,-0.536112552,-0.027457808,1.220728291,0.016094470,-0.476400147,0.012078606,0.878998280,947,604,160,1.603547326,1.290265169,0.407201094,0.876981172,0.477385484,1,0,ok,map,604,160,940,0,ok,53,TRACKING,55,0,0,-1,0,0,0,nan,nan,0,0,nan,nan,
1750921987.754089355,1,-0.549079796,-0.032038519,1.234092547,0.017145675,-0.470802792,0.012932211,0.881977049,954,587,134,1.404971041,1.093473585,0.339470474,0.846376967,0.607286836,1,0,ok,map,587,134,940,1,ok,46,TRACKING,56,1,0,-1,0,0,0,nan,nan,0,0,nan,nan,
1750921987.766089439,1,-0.521220709,-0.032749668,1.208575870,0.017412719,-0.464196338,0.013709677,0.885455025,951,676,230,1.239464626,1.050246292,0.785387681,0.860716012,0.176895605,1,0,ok,map,676,230,974,0,ok,49,TRACKING,56,0,0,-1,0,0,0,nan,nan,0,0,nan,nan,
1750921987.778089523,1,-0.476018068,-0.024559544,1.187245272,0.017334141,-0.458116468,0.012060716,0.888641304,969,664,165,1.727305431,1.201963122,1.655947330,0.809008596,1.121091238,1,0,ok,map,664,165,974,0,ok,31,TRACKING,56,0,0,-1,0,0,0,nan,nan,0,0,nan,nan,
1750921987.790089607,1,-0.493583268,-0.025556458,1.187770296,0.017610284,-0.451772614,0.011634076,0.891883418,943,635,211,1.574839239,1.356945192,0.469188217,0.818461990,0.426542184,1,0,ok,map,635,211,974,0,ok,57,TRACKING,56,0,0,-1,0,0,0,nan,nan,0,0,nan,nan,
1750921987.802089691,1,-0.463335647,-0.021703353,1.162510174,0.018733379,-0.445578611,0.012719869,0.894956405,945,600,204,1.826350606,1.620096180,0.572428016,0.812303154,0.508867316,1,0,ok,map,600,204,974,1,ok,55,TRACKING,56,0,0,-1,0,0,0,nan,nan,0,0,nan,nan,
1750921987.814089775,1,-0.438419666,-0.017317157,1.145264079,0.018345863,-0.440106333,0.013788528,0.897652339,935,569,164,1.612920351,1.451162120,0.787361329,0.814556650,0.368793264,1,0,ok,map,569,164,974,0,ok,65,TRACKING,57,1,0,-1,0,0,0,nan,nan,0,0,nan,nan,
1750921987.826089859,1,-0.431282518,-0.021613953,1.132116249,0.018092088,-0.433999056,0.014835337,0.900609465,972,673,307,1.335255196,1.102691967,0.609226623,0.787301848,0.198905577,1,0,ok,map,673,307,1042,0,ok,28,TRACKING,57,0,0,-1,0,0,0,nan,nan,0,0,nan,nan,
1750921987.838089943,1,-0.405577376,-0.018920699,1.115199015,0.018119333,-0.427693556,0.014736648,0.903622014,968,663,307,1.348180429,1.194612133,0.833977362,0.800874971,0.120881221,1,0,ok,map,663,307,1042,0,ok,32,TRACKING,57,0,0,-1,0,0,0,nan,nan,0,0,nan,nan,
1750921987.850090027,1,-0.391049214,-0.017599433,1.098134707,0.018300912,-0.421447614,0.015015977,0.906543714,990,662,278,1.477731710,1.429700940,0.613164040,0.791091101,0.287672432,1,0,ok,map,662,278,1042,0,ok,10,TRACKING,57,0,0,-1,0,0,0,nan,nan,0,0,nan,nan,
1750921987.862090111,1,-0.394938502,-0.018688077,1.101348206,0.018715421,-0.415485189,0.014829340,0.909286468,957,640,241,1.631748295,1.358917474,0.268797248,0.753869743,0.527977411,1,0,ok,map,640,241,1042,0,ok,43,TRACKING,57,0,0,-1,0,0,0,nan,nan,0,0,nan,nan,
1750921987.874090195,1,-0.368314950,-0.021961654,1.077148382,0.019635036,-0.409291404,0.014567836,0.912076088,978,636,264,1.601637915,1.428567412,0.281619073,0.786094895,0.560229399,1,0,ok,map,636,264,1042,0,ok,22,TRACKING,57,0,0,-1,0,0,0,nan,nan,0,0,nan,nan,
1750921987.886090279,1,-0.354146135,-0.022342981,1.065986237,0.020122036,-0.403037544,0.014778388,0.914842850,983,631,254,1.467097260,1.358848736,0.751279918,0.785996327,0.161429241,1,0,ok,map,631,254,1042,0,ok,17,TRACKING,57,0,0,-1,0,0,0,nan,nan,0,0,nan,nan,
1750921987.898090363,1,-0.335787940,-0.024535571,1.041296895,0.019467712,-0.396565196,0.014638246,0.917683374,969,622,218,1.763569683,1.624225637,0.613930034,0.813582829,0.425017582,1,0,ok,map,622,218,1042,0,ok,31,TRACKING,57,0,0,-1,0,0,0,nan,nan,0,0,nan,nan,
1750921987.910090446,1,-0.315523016,-0.017353682,1.022710799,0.018683381,-0.391451966,0.014285155,0.919897942,954,590,228,1.705564584,1.545303318,0.702286955,0.740010638,0.221594606,1,0,ok,map,590,228,1042,0,ok,46,TRACKING,58,1,0,-1,0,0,0,nan,nan,0,0,nan,nan,
1750921987.922090530,1,-0.308389665,-0.015255546,1.013667198,0.018846800,-0.384839333,0.014786750,0.922672660,967,636,330,1.411063253,1.302394230,0.666666960,0.823980205,0.173921708,1,0,ok,map,636,330,994,0,ok,33,TRACKING,58,0,0,-1,0,0,0,nan,nan,0,0,nan,nan,
1750921987.934090614,1,-0.293472450,-0.014887976,0.996992839,0.021035137,-0.378378462,0.015781390,0.925277369,966,623,322,1.557519373,1.476828533,0.686604477,0.844453030,0.172500740,1,0,ok,map,623,322,994,0,ok,34,TRACKING,58,0,0,-1,0,0,0,nan,nan,0,0,nan,nan,
1750921987.946090698,1,-0.282271180,-0.018419815,0.987842097,0.022880487,-0.372138703,0.016402685,0.927750085,968,610,273,1.590940877,1.451942229,0.225692580,0.800833885,0.584706822,1,0,ok,map,610,273,994,0,ok,32,TRACKING,58,0,0,-1,0,0,0,nan,nan,0,0,nan,nan,
1750921987.958090782,1,-0.269454111,-0.022621174,0.959054175,0.022204003,-0.365742400,0.016045020,0.930312870,967,598,246,2.004491505,1.727543291,0.421826150,0.794461767,0.530934478,1,0,ok,map,598,246,994,0,ok,33,TRACKING,58,0,0,-1,0,0,0,nan,nan,0,0,nan,nan,
1750921987.970090866,1,-0.262279354,-0.024385049,0.950470056,0.020566412,-0.359487211,0.015750462,0.932790379,975,593,238,2.015257123,1.782374209,0.302198473,0.794195519,0.607171909,1,0,ok,map,593,238,994,0,ok,25,TRACKING,58,0,0,-1,0,0,0,nan,nan,0,0,nan,nan,
1750921987.982090950,1,-0.249138789,-0.015689971,0.944307513,0.018724116,-0.353882284,0.014739955,0.934986348,972,584,205,1.584225176,1.457556521,0.602959135,0.811119532,0.352712336,1,0,ok,map,584,205,994,0,ok,28,TRACKING,59,1,0,-1,0,0,0,nan,nan,0,0,nan,nan,
1750921987.994091034,1,-0.233835466,-0.019278372,0.923220445,0.018483934,-0.347572806,0.013458775,0.937374178,964,651,358,1.439397514,1.197752762,0.619886164,0.787357789,0.286031754,1,0,ok,map,651,358,913,0,ok,36,TRACKING,59,0,0,-1,0,0,0,nan,nan,0,0,nan,nan,
1750921988.006091118,1,-0.220198078,-0.014918436,0.899469578,0.017808709,-0.341089254,0.012869374,0.939774095,975,646,250,1.741537169,1.396635098,0.184580259,0.798856584,0.849992587,1,0,ok,map,646,250,913,0,ok,25,TRACKING,59,0,0,-1,0,0,0,nan,nan,0,0,nan,nan,
1750921988.018091202,1,-0.208808461,-0.014751114,0.890977096,0.020587635,-0.333877405,0.016033708,0.942255246,957,640,269,1.552234076,1.450185058,0.614978234,0.998346985,0.502437889,1,0,ok,map,640,269,913,0,ok,43,TRACKING,59,0,0,-1,0,0,0,nan,nan,0,0,nan,nan,
1750921988.030091286,1,-0.200027225,-0.022137100,0.873187870,0.021647085,-0.327900436,0.016501379,0.944320079,955,619,240,1.833718231,1.632587828,0.432718839,0.736681904,0.580390194,1,0,ok,map,619,240,913,0,ok,45,TRACKING,59,0,0,-1,0,0,0,nan,nan,0,0,nan,nan,
1750921988.042091370,1,-0.187544651,-0.025192714,0.841340116,0.019584586,-0.321650005,0.014570869,0.946543928,973,612,185,2.205317270,1.866512619,0.275900068,0.826286857,0.825488879,1,0,ok,map,612,185,913,0,ok,27,TRACKING,59,0,0,-1,0,0,0,nan,nan,0,0,nan,nan,
1750921988.054091454,1,-0.181383644,-0.022188764,0.846119125,0.016723611,-0.315747986,0.012305969,0.948615883,950,592,204,1.622204500,1.523000121,0.732259638,0.829836005,0.247369351,1,0,ok,map,592,204,913,0,ok,50,TRACKING,59,0,0,-1,0,0,0,nan,nan,0,0,nan,nan,
1750921988.066091537,1,-0.168443465,-0.014380927,0.819638100,0.015970521,-0.309629697,0.013940505,0.950620879,958,568,199,2.061330715,1.710370187,0.271899144,0.861193127,0.872591840,1,0,ok,map,568,199,913,0,ok,42,TRACKING,60,1,0,-1,0,0,0,nan,nan,0,0,nan,nan,
1750921988.078091621,1,-0.157457126,-0.014949519,0.805048899,0.016896501,-0.302811877,0.014730092,0.952786702,932,676,366,1.234000430,0.989521528,0.765606129,0.831516233,0.141862668,1,0,ok,map,676,366,969,0,ok,68,TRACKING,60,0,0,-1,0,0,0,nan,nan,0,0,nan,nan,
1750921988.090091705,1,-0.146715861,-0.014608898,0.784651084,0.017763843,-0.296426220,0.013988464,0.954788073,945,654,351,1.256218387,1.103295597,0.724997681,0.777911898,0.149495899,1,0,ok,map,654,351,969,0,ok,55,TRACKING,60,0,0,-1,0,0,0,nan,nan,0,0,nan,nan,
1750921988.102091789,1,-0.136660547,-0.016887513,0.771055440,0.018856253,-0.289850886,0.013523626,0.956790477,965,638,350,1.362436411,1.260128187,0.696405254,0.799305960,0.131300426,1,0,ok,map,638,350,969,0,ok,35,TRACKING,60,0,0,-1,0,0,0,nan,nan,0,0,nan,nan,
1750921988.114091873,1,-0.122350235,-0.023216379,0.746179952,0.017829947,-0.283567372,0.013117610,0.958696807,982,635,295,1.491223824,1.416554666,0.770244271,0.763002251,0.050236253,1,0,ok,map,635,295,969,0,ok,18,TRACKING,60,0,0,-1,0,0,0,nan,nan,0,0,nan,nan,
1750921988.126091957,1,-0.116688746,-0.019454113,0.737788711,0.014765486,-0.276730946,0.013095220,0.960744752,972,622,284,1.535665359,1.439886634,0.962034464,0.890004824,0.302269969,1,0,ok,map,622,284,969,0,ok,28,TRACKING,60,0,0,-1,0,0,0,nan,nan,0,0,nan,nan,
1750921988.138092041,1,-0.108006377,-0.014719772,0.728397039,0.014073976,-0.270384375,0.012735931,0.962565327,979,615,252,1.651478715,1.558911205,1.153409440,0.761847713,0.579649630,1,0,ok,map,615,252,969,0,ok,21,TRACKING,60,0,0,-1,0,0,0,nan,nan,0,0,nan,nan,
1750921988.150092125,1,-0.097929890,-0.014034520,0.700357386,0.015114695,-0.263893067,0.012567653,0.964351621,962,606,275,1.514847873,1.437757619,0.854422979,0.780901903,0.292076547,1,0,ok,map,606,275,969,0,ok,38,TRACKING,60,0,0,-1,0,0,0,nan,nan,0,0,nan,nan,
1750921988.162092209,1,-0.088701241,-0.012724169,0.680618323,0.015363676,-0.257815038,0.013187873,0.965982114,966,589,245,1.398488226,1.232955650,0.876818170,0.849832335,0.123875073,1,0,ok,map,589,245,969,0,ok,34,TRACKING,61,1,0,-1,0,0,0,nan,nan,0,0,nan,nan,
1750921988.174092293,1,-0.080099190,-0.011800014,0.661426824,0.016141019,-0.251216262,0.013880740,0.967696844,973,712,447,1.256907747,0.969805114,0.817019985,0.790338430,0.262535382,1,0,ok,map,712,447,1000,0,ok,27,TRACKING,61,0,0,-1,0,0,0,nan,nan,0,0,nan,nan,
1750921988.186092377,1,-0.069979759,-0.016821096,0.638260443,0.016566368,-0.244309258,0.014030831,0.969454319,974,699,383,1.436701460,1.284672889,0.819980532,0.818340079,0.248189527,1,0,ok,map,699,383,1000,0,ok,26,TRACKING,61,0,0,-1,0,0,0,nan,nan,0,0,nan,nan,
1750921988.198092461,1,-0.063256116,-0.015741062,0.625129055,0.015357174,-0.237913371,0.013184707,0.971075460,946,664,357,1.470706507,1.319453589,0.692600116,0.774775584,0.233950464,1,0,ok,map,664,357,1000,0,ok,54,TRACKING,61,0,0,-1,0,0,0,nan,nan,0,0,nan,nan,
1750921988.210092545,1,-0.055577230,-0.012319348,0.600805547,0.015110525,-0.231386298,0.011325967,0.972678660,918,619,343,1.619891760,1.486596893,0.665665752,0.799590251,0.352386771,1,0,ok,map,619,343,1000,0,ok,82,TRACKING,61,0,0,-1,0,0,0,nan,nan,0,0,nan,nan,
1750921988.222092628,1,-0.047013939,-0.019366027,0.579626451,0.016228081,-0.224689981,0.011724158,0.974224618,958,611,325,1.571379522,1.522117766,0.710414511,0.799175143,0.252114397,1,0,ok,map,611,325,1000,0,ok,42,TRACKING,61,0,0,-1,0,0,0,nan,nan,0,0,nan,nan,
1750921988.234092712,1,-0.040338255,-0.014925851,0.569954515,0.012932279,-0.218957061,0.011629174,0.975579481,938,585,303,1.601007191,1.361820901,0.720691817,0.819639407,0.438176029,1,0,ok,map,585,303,1000,0,ok,62,TRACKING,62,1,3,1,46,0,0,nan,nan,38,18,0.473684211,nan,too few PnP inliers: 18
1750921988.246092796,1,-0.031856967,-0.008797399,0.552374289,0.013192214,-0.212138482,0.011282407,0.977085430,916,626,349,1.438185513,1.273709033,1.017800031,0.801722716,0.446625322,1,0,ok,map,626,349,981,0,ok,84,TRACKING,62,0,0,-1,0,0,0,nan,nan,0,0,nan,nan,
1750921988.258092880,1,-0.024029811,-0.010924099,0.527797184,0.015055603,-0.205510998,0.011152053,0.978475442,941,597,313,1.440938354,1.220642536,1.109033703,0.804960548,0.462812681,1,0,ok,map,597,313,981,0,ok,59,TRACKING,62,0,0,-1,0,0,0,nan,nan,0,0,nan,nan,
1750921988.270092964,1,-0.016477430,-0.011790351,0.508950138,0.015115793,-0.198586959,0.011003367,0.979904923,945,574,306,1.434996188,1.269152932,1.025669563,0.810379254,0.302419150,1,0,ok,map,574,306,981,0,ok,55,TRACKING,62,0,0,-1,0,0,0,nan,nan,0,0,nan,nan,
1750921988.282093048,1,-0.009721115,-0.011865350,0.488671896,0.014987918,-0.191897333,0.010855136,0.981240512,962,558,293,1.596542053,1.373856469,0.990514785,0.782026710,0.592217175,1,0,ok,map,558,293,981,0,ok,38,TRACKING,62,0,0,-1,0,0,0,nan,nan,0,0,nan,nan,
1750921988.294093132,1,-0.005376581,-0.010646622,0.471795029,0.012621139,-0.186131224,0.010332164,0.982389495,959,536,307,1.484213718,1.374686919,0.851768802,0.798424459,0.314613318,1,0,ok,map,536,307,981,0,ok,41,TRACKING,63,1,2,0,44,1,0,0.002867393,0.000034845,41,23,0.560975610,1.816661502,ok
1750921988.306093216,1,-0.004435048,-0.009695081,0.445663407,0.012552933,-0.179040311,0.010335156,0.983707363,959,610,377,1.500413254,1.344171188,0.908474680,0.826511896,0.438237935,1,0,ok,map,610,377,1012,0,ok,41,TRACKING,63,0,0,-1,0,0,0,nan,nan,0,0,nan,nan,
1750921988.318093300,1,0.001397758,-0.011621566,0.417024022,0.012856278,-0.172419105,0.009320236,0.984895680,940,592,382,1.631302306,1.548503092,1.042903949,0.780356867,0.488462046,1,0,ok,map,592,382,1012,0,ok,60,TRACKING,63,0,0,-1,0,0,0,nan,nan,0,0,nan,nan,
1750921988.330093384,1,0.006756921,-0.015120687,0.390025409,0.013822339,-0.165511948,0.009079021,0.986069120,949,577,357,1.712023655,1.621491297,1.240284432,0.810912003,0.624615847,1,0,ok,map,577,357,1012,0,ok,51,TRACKING,63,0,0,-1,0,0,0,nan,nan,0,0,nan,nan,
1750921988.342093468,1,0.010774434,-0.013581061,0.381309856,0.013399741,-0.158626442,0.009084246,0.987205944,887,527,331,1.560664874,1.459979275,0.961835028,0.801169355,0.329896114,1,0,ok,map,527,331,1012,0,ok,113,TRACKING,63,0,0,-1,0,0,0,nan,nan,0,0,nan,nan,
1750921988.354093552,1,0.014650703,-0.009350639,0.361970935,0.010835752,-0.152362658,0.008612109,0.988227726,885,496,319,1.679619287,1.492290567,0.986504158,0.811261548,0.574135514,1,0,ok,map,496,319,1012,0,ok,115,TRACKING,64,1,0,-1,0,0,0,nan,nan,0,0,nan,nan,
1750921988.366093636,1,0.018316601,-0.010137461,0.338652012,0.010386074,-0.145697840,0.008418037,0.989238801,909,626,508,1.228136130,1.022596079,0.835465441,0.774507780,0.207873525,1,0,ok,map,626,508,1030,0,ok,91,TRACKING,64,0,0,-1,0,0,0,nan,nan,0,0,nan,nan,
1750921988.378093719,1,0.023526985,-0.008466299,0.320644907,0.010248580,-0.138746784,0.007812925,0.990244038,932,624,495,1.291358506,1.124861064,0.812748705,0.807955411,0.130600211,1,0,ok,map,624,495,1030,0,ok,68,TRACKING,64,0,0,-1,0,0,0,nan,nan,0,0,nan,nan,
1750921988.390093803,1,0.027439916,-0.012154239,0.297121848,0.011041515,-0.131910972,0.007468868,0.991171931,940,624,486,1.335133507,1.188664321,0.870493517,0.796692633,0.179974159,1,0,ok,map,624,486,1030,0,ok,60,TRACKING,64,0,0,-1,0,0,0,nan,nan,0,0,nan,nan,
1750921988.402093887,1,0.030839417,-0.012107716,0.273266589,0.010559728,-0.124969290,0.007675004,0.992074727,964,623,437,1.305825397,1.120811752,0.861477547,0.804403414,0.181033786,1,0,ok,map,623,437,1030,0,ok,36,TRACKING,64,0,0,-1,0,0,0,nan,nan,0,0,nan,nan,
1750921988.414093971,1,0.034413517,-0.014156518,0.256965853,0.009665935,-0.118122612,0.007754333,0.992921693,978,619,462,1.404876760,1.331925492,0.858812237,0.797212289,0.162810649,1,0,ok,map,619,462,1030,1,ok,22,TRACKING,64,0,0,-1,0,0,0,nan,nan,0,0,nan,nan,
1750921988.426094055,1,0.038320248,-0.014226413,0.235286238,0.008099236,-0.111558343,0.007070346,0.993699728,977,615,452,1.412971604,1.338322564,0.838824524,0.782397124,0.208471351,1,0,ok,map,615,452,1030,0,ok,23,TRACKING,64,0,0,-1,0,0,0,nan,nan,0,0,nan,nan,
1750921988.438094139,1,0.041626097,-0.015395618,0.221489883,0.007693913,-0.104275207,0.007431050,0.994490957,971,607,423,1.580321558,1.496698971,0.836739428,0.841797653,0.432726711,1,0,ok,map,607,423,1030,0,ok,29,TRACKING,64,0,0,-1,0,0,0,nan,nan,0,0,nan,nan,
1750921988.450094223,1,0.045198010,-0.016326382,0.192997390,0.007560736,-0.098067657,0.005394362,0.995136408,966,603,423,1.449552635,1.402228950,0.722928487,0.752442320,0.120421647,1,0,ok,map,603,423,1030,0,ok,34,TRACKING,64,0,0,-1,0,0,0,nan,nan,0,0,nan,nan,
1750921988.462094307,1,0.047365414,-0.016107909,0.171776890,0.006941633,-0.091167571,0.005685970,0.995795138,995,603,416,1.441961265,1.384906172,0.777639350,0.798150027,0.187598680,1,0,ok,map,603,416,1030,0,ok,5,TRACKING,64,0,0,-1,0,0,0,nan,nan,0,0,nan,nan,
1750921988.474094391,1,0.049722399,-0.017228084,0.144029534,0.006881296,-0.084508888,0.005284420,0.996384951,991,603,394,1.376017767,1.272345579,0.773568969,0.767429766,0.181357713,1,0,ok,map,603,394,1030,0,ok,9,TRACKING,64,0,0,-1,0,0,0,nan,nan,0,0,nan,nan,
1750921988.486094475,1,0.051926232,-0.018712254,0.121837015,0.007007004,-0.077801333,0.005219472,0.996930595,990,603,394,1.442284220,1.380291194,0.785120128,0.771340128,0.201787224,1,0,ok,map,603,394,1030,0,ok,10,TRACKING,64,0,0,-1,0,0,0,nan,nan,0,0,nan,nan,
1750921988.498094559,1,0.053888160,-0.020180048,0.103054834,0.006086537,-0.071005043,0.005927636,0.997439773,996,603,379,1.505703641,1.497363459,0.707595609,0.792239322,0.155846360,1,0,ok,map,603,379,1030,0,ok,4,TRACKING,64,0,0,-1,0,0,0,nan,nan,0,0,nan,nan,
1750921988.510094643,1,0.055336443,-0.025887755,0.086457063,0.006721387,-0.065568104,0.005712714,0.997809106,995,603,368,1.547797014,1.535947401,0.645235628,0.725845548,0.171163095,1,0,ok,map,603,368,1030,0,ok,5,TRACKING,65,1,0,-1,0,0,0,nan,nan,0,0,nan,nan,
1750921988.522094727,1,0.058323949,-0.032129554,0.062677005,0.007058014,-0.058867878,0.006359094,0.998220576,991,686,452,1.475318387,1.402332104,0.741260146,0.773757272,0.196289604,1,0,ok,map,686,452,1016,0,ok,9,TRACKING,65,0,0,-1,0,0,0,nan,nan,0,0,nan,nan,
1750921988.534094810,1,0.058711367,-0.030692969,0.039599599,0.003201087,-0.053552614,0.002852847,0.998555823,993,686,436,1.452998270,1.302231169,0.856199839,0.853951950,0.092935989,1,0,ok,map,686,436,1016,0,ok,7,TRACKING,65,0,0,-1,0,0,0,nan,nan,0,0,nan,nan,
1750921988.546094894,1,0.058858732,-0.021896647,0.023360363,0.002043101,-0.046136280,0.004488461,0.998922982,981,686,198,1.721618629,1.743294514,0.938090883,0.881337019,0.323935987,1,0,ok,map,686,198,1016,0,ok,19,TRACKING,65,0,0,-1,0,0,0,nan,nan,0,0,nan,nan,
1750921988.558094978,1,0.059644240,-0.023627883,0.010351932,0.007236233,-0.038830699,0.004933042,0.999207425,960,681,205,2.026570238,1.998219437,1.293181380,1.028897202,0.745607339,1,0,ok,map,681,205,1016,0,ok,40,TRACKING,65,0,0,-1,0,0,0,nan,nan,0,0,nan,nan,
1750921988.570095062,1,0.058527548,-0.028327783,-0.028577761,0.006670335,-0.032801825,0.003823901,0.999432301,981,676,173,1.884384667,1.847983463,0.646528061,0.705910480,0.440357368,1,0,ok,map,676,173,1016,0,ok,19,TRACKING,65,0,0,-1,0,0,0,nan,nan,0,0,nan,nan,
1750921988.582095146,1,0.063870706,-0.028358943,-0.035726864,0.005751058,-0.024996064,0.003402816,0.999665215,992,675,173,1.885049199,1.810438495,1.390415342,0.902344648,1.051042711,1,0,ok,map,675,173,1016,0,ok,8,TRACKING,65,0,0,-1,0,0,0,nan,nan,0,0,nan,nan,
1750921988.594095230,1,0.060189022,-0.025934289,-0.054345635,0.004821782,-0.018774806,0.000343711,0.999812052,984,670,147,2.294921810,1.971436898,1.664727440,0.801711025,1.531889131,1,0,ok,map,670,147,1016,0,ok,16,TRACKING,65,0,0,-1,0,0,0,nan,nan,0,0,nan,nan,
1750921988.606095314,1,0.060740929,-0.032800184,-0.102860786,0.006651966,-0.010861447,-0.000372996,0.999918817,989,667,127,1.862041115,1.721897207,1.082496472,0.934439626,0.436722909,1,0,ok,map,667,127,1016,0,ok,11,TRACKING,65,0,0,-1,0,0,0,nan,nan,0,0,nan,nan,
1750921988.618095398,1,0.057595933,-0.034126962,-0.123802311,0.007873422,-0.003379792,-0.002113091,0.999961060,995,667,123,1.920379794,1.633095045,1.359869511,0.891292005,0.596067771,1,0,ok,map,667,123,1016,0,ok,5,TRACKING,65,0,0,-1,0,0,0,nan,nan,0,0,nan,nan,
1750921988.630095482,1,0.058083147,-0.040174272,-0.133798216,0.006126214,0.003980822,-0.002471999,0.999970255,998,666,139,1.640346908,1.626557992,0.895091709,0.867879198,0.100950226,1,0,ok,map,666,139,1016,0,ok,2,TRACKING,65,0,0,-1,0,0,0,nan,nan,0,0,nan,nan,
1750921988.642095566,1,0.055681799,-0.036238140,-0.141975399,0.002446640,0.012351970,-0.003583718,0.999914296,996,665,128,2.191541081,1.937555918,0.377043138,1.055580712,1.141320359,1,0,ok,map,665,128,1016,0,ok,4,TRACKING,65,0,0,-1,0,0,0,nan,nan,0,0,nan,nan,
1750921988.654095650,1,0.061365834,-0.033346221,-0.182928115,0.002392636,0.019701538,-0.004909191,0.999790990,988,657,112,1.891570757,1.815249439,1.067192452,0.855926158,0.694642773,1,0,ok,map,657,112,1016,0,ok,12,TRACKING,65,0,0,-1,0,0,0,nan,nan,0,0,nan,nan,
1750921988.666095734,1,0.059510559,-0.035163040,-0.206239806,0.003361324,0.027914863,-0.005180121,0.999591231,981,485,474,0.951698191,0.847686795,0.960682920,0.949165143,0.042389816,1,0,ok,vo_fallback,646,96,1016,0,PnP inlier ratio too low: 0.149,19,TRACKING,66,1,0,-1,0,0,0,nan,nan,0,0,nan,nan,
1750921988.678095818,1,0.057424170,-0.034968736,-0.227148537,0.003716153,0.036287287,-0.005347336,0.999320183,958,428,394,0.853382086,0.754184463,1.080665844,0.960966473,0.122990416,1,0,ok,vo_fallback,723,164,961,1,PnP rejected by IMU rotation prior: 4.091 deg,42,TRACKING,66,0,0,-1,0,0,0,nan,nan,0,0,nan,nan,
1750921988.690095901,1,0.056169384,-0.038042131,-0.239493489,0.004197887,0.044355671,-0.004952427,0.998994708,967,702,184,1.518312114,1.375154840,0.740869664,0.928072245,0.854780481,1,0,ok,map,702,184,961,0,ok,33,TRACKING,66,0,0,-1,0,0,0,nan,nan,0,0,nan,nan,
1750921988.702095985,1,0.049780005,-0.038824996,-0.258489843,0.002872444,0.053151287,-0.004181168,0.998573586,973,687,164,1.836986601,1.634907970,1.101911259,1.024248415,1.414857661,1,0,ok,map,687,164,961,0,ok,27,TRACKING,66,0,0,-1,0,0,0,nan,nan,0,0,nan,nan,
1750921988.714096069,1,0.046115328,-0.037694023,-0.282670291,0.002599335,0.060918140,-0.005283784,0.998125396,941,647,164,1.769479453,1.525003595,1.053757859,0.900951632,1.316597785,1,0,ok,map,647,164,961,0,ok,59,TRACKING,66,0,0,-1,0,0,0,nan,nan,0,0,nan,nan,
1750921988.726096153,1,0.042961935,-0.033517325,-0.304282025,0.004244049,0.069145130,-0.003990507,0.997589602,969,629,160,1.821576130,1.569581610,1.398807477,0.974692221,1.011108734,1,0,ok,map,629,160,961,0,ok,31,TRACKING,66,0,0,-1,0,0,0,nan,nan,0,0,nan,nan,
1750921988.738096237,1,0.043283780,-0.040536576,-0.318653320,0.006495981,0.077062269,-0.004820584,0.996993466,943,590,136,1.597920404,1.420542630,0.582915640,0.938474822,0.491202932,1,0,ok,map,590,136,961,0,ok,57,TRACKING,67,1,0,-1,0,0,0,nan,nan,0,0,nan,nan,
1750921988.750096321,1,0.037117872,-0.042372969,-0.344017379,0.005178152,0.084345214,-0.005442892,0.996408273,983,655,226,1.364346712,1.228212395,1.051843808,0.853748964,0.261269446,1,0,ok,map,655,226,943,0,ok,17,TRACKING,67,0,0,-1,0,0,0,nan,nan,0,0,nan,nan,
1750921988.762096405,1,0.034433743,-0.040463400,-0.361844388,0.003276679,0.092203290,-0.006136450,0.995715904,978,645,235,1.442927297,1.320508202,0.870299200,0.933240518,0.187715574,1,0,ok,map,645,235,943,0,ok,22,TRACKING,67,0,0,-1,0,0,0,nan,nan,0,0,nan,nan,
1750921988.774096489,1,0.029598361,-0.042462345,-0.379468389,0.003855165,0.099470632,-0.007196762,0.995007004,975,636,195,1.542610160,1.341801264,0.178947889,0.848101171,0.670266312,1,0,ok,map,636,195,943,0,ok,25,TRACKING,67,0,0,-1,0,0,0,nan,nan,0,0,nan,nan,
1750921988.786096573,1,0.025330588,-0.043379566,-0.403955174,0.005461349,0.107403828,-0.006593990,0.994178611,980,629,217,1.466923594,1.419223092,0.944445591,0.934925009,0.058715116,1,0,ok,map,629,217,943,0,ok,20,TRACKING,67,0,0,-1,0,0,0,nan,nan,0,0,nan,nan,
1750921988.798096657,1,0.019141028,-0.043061688,-0.427299750,0.005362283,0.114776023,-0.008024593,0.993344510,960,616,196,1.607073809,1.447746604,0.686892456,0.865918632,0.239403342,1,0,ok,map,616,196,943,0,ok,40,TRACKING,67,0,0,-1,0,0,0,nan,nan,0,0,nan,nan,
1750921988.810096741,1,0.016380785,-0.045380765,-0.445766070,0.006231169,0.122279112,-0.008326706,0.992441261,974,601,208,1.547234683,1.456842193,0.725501371,0.872392704,0.172656153,1,0,ok,map,601,208,943,0,ok,26,TRACKING,67,0,0,-1,0,0,0,nan,nan,0,0,nan,nan,
1750921988.822096825,1,0.011321657,-0.044612376,-0.465489286,0.005038249,0.129539756,-0.009052300,0.991520107,971,586,182,1.541735725,1.463070004,0.747351391,0.863377351,0.343251596,1,0,ok,map,586,182,943,0,ok,29,TRACKING,68,1,0,-1,0,0,0,nan,nan,0,0,nan,nan,
1750921988.834096909,1,0.007322223,-0.047788582,-0.484389697,0.005251138,0.137102584,-0.008597890,0.990505620,963,642,250,1.359621409,1.075009373,1.039699688,0.876289335,0.498773890,1,0,ok,map,642,250,944,0,ok,37,TRACKING,68,0,0,-1,0,0,0,nan,nan,0,0,nan,nan,
1750921988.846096992,1,-0.001748220,-0.046605579,-0.506247082,0.005535404,0.144852802,-0.009092550,0.989395952,953,615,273,1.393092051,1.307211730,0.662609140,0.899547848,0.248717275,1,0,ok,map,615,273,944,0,ok,47,TRACKING,68,0,0,-1,0,0,0,nan,nan,0,0,nan,nan,
1750921988.858097076,1,-0.009454212,-0.050149565,-0.528295894,0.005372522,0.152301119,-0.009598429,0.988272925,972,605,231,1.404699315,1.225092210,0.822464579,0.865309164,0.239306584,1,0,ok,map,605,231,944,0,ok,28,TRACKING,68,0,0,-1,0,0,0,nan,nan,0,0,nan,nan,
1750921988.870097160,1,-0.014216101,-0.049280609,-0.547071693,0.004391437,0.159973176,-0.010691418,0.987053693,970,592,256,1.351580353,1.300837099,0.771744657,0.905958124,0.151471043,1,0,ok,map,592,256,944,0,ok,30,TRACKING,68,0,0,-1,0,0,0,nan,nan,0,0,nan,nan,
1750921988.882097244,1,-0.014120974,-0.050500686,-0.558555125,0.005092027,0.167689492,-0.011302729,0.985761915,957,565,180,1.427802773,1.243242220,0.777377388,0.892463273,0.714196767,1,0,ok,map,565,180,944,0,ok,43,TRACKING,69,1,0,-1,0,0,0,nan,nan,0,0,nan,nan,
1750921988.894097328,1,-0.028963489,-0.053053056,-0.586871709,0.004241802,0.175205832,-0.011139188,0.984459670,947,514,288,1.211264689,0.993578573,0.875427473,0.879755306,0.248226151,1,0,ok,map,514,288,853,0,ok,53,TRACKING,69,0,0,-1,0,0,0,nan,nan,0,0,nan,nan,
1750921988.906097412,1,-0.036768223,-0.054153341,-0.605958033,0.003079186,0.182892568,-0.012116432,0.983053416,955,486,261,1.268229919,1.062789012,0.806487610,0.912212628,0.248142740,1,0,ok,map,486,261,853,0,ok,45,TRACKING,69,0,0,-1,0,0,0,nan,nan,0,0,nan,nan,
1750921988.918097496,1,-0.046396327,-0.055404991,-0.628001700,0.003525704,0.190535341,-0.011252722,0.981609510,950,460,231,1.365206541,1.216060850,1.084706510,0.898229298,0.359260450,1,0,ok,map,460,231,853,0,ok,50,TRACKING,69,0,0,-1,0,0,0,nan,nan,0,0,nan,nan,
1750921988.930097580,1,-0.054485552,-0.055341895,-0.647176392,0.002952794,0.198119680,-0.012115612,0.980098508,961,440,227,1.379836243,1.161872635,1.097875051,0.894096403,0.350209652,1,0,ok,map,440,227,853,0,ok,39,TRACKING,69,0,0,-1,0,0,0,nan,nan,0,0,nan,nan,
1750921988.942097664,1,-0.062814177,-0.055668577,-0.665040582,0.004288785,0.205705991,-0.013274082,0.978514410,961,419,224,1.306685119,1.161497227,0.723342955,0.892115093,0.321984238,1,0,ok,map,419,224,853,0,ok,39,TRACKING,70,1,0,-1,0,0,0,nan,nan,0,0,nan,nan,
1750921988.954097748,1,-0.067792236,-0.056492672,-0.680435001,0.005019474,0.213009158,-0.014063200,0.976936093,962,386,286,0.983853069,0.788068149,0.767832244,0.865027543,0.204758974,1,0,ok,map,386,286,747,0,ok,38,TRACKING,70,0,0,-1,0,0,0,nan,nan,0,0,nan,nan,
1750921988.966097832,1,-0.080008835,-0.057999692,-0.702616320,0.004890729,0.220396418,-0.014076627,0.975296544,961,380,280,1.054151445,0.847390398,0.835585830,0.867245118,0.225083191,1,0,ok,map,380,280,747,0,ok,39,TRACKING,70,0,0,-1,0,0,0,nan,nan,0,0,nan,nan,
1750921988.978097916,1,-0.092280123,-0.058835729,-0.724453918,0.004038904,0.227422987,-0.013753669,0.973690561,932,356,278,1.128956098,0.940619390,0.869211220,0.832521569,0.091717525,1,0,ok,map,356,278,747,0,ok,68,TRACKING,70,0,0,-1,0,0,0,nan,nan,0,0,nan,nan,
1750921988.990098000,1,-0.102211532,-0.059752108,-0.742152315,0.003449877,0.234360881,-0.014357928,0.972037513,972,354,265,1.181665604,0.993510369,0.657752357,0.822981580,0.189185363,1,0,ok,map,354,265,747,0,ok,28,TRACKING,70,0,0,-1,0,0,0,nan,nan,0,0,nan,nan,
1750921989.002098083,1,-0.115853448,-0.062836740,-0.766638506,0.004141642,0.241017927,-0.014188845,0.970408101,974,353,256,1.308896485,1.099803130,1.025169898,0.770511111,0.408375332,1,0,ok,map,353,256,747,0,ok,26,TRACKING,71,1,0,-1,0,0,0,nan,nan,0,0,nan,nan,
1750921989.014098167,1,-0.125926568,-0.062577844,-0.784867801,0.004245017,0.247861280,-0.014496189,0.968677772,962,355,286,0.970625375,0.816231885,0.779708542,0.809724270,0.136704675,1,0,ok,map,355,286,598,0,ok,38,TRACKING,71,0,0,-1,0,0,0,nan,nan,0,0,nan,nan,
1750921989.026098251,1,-0.138060028,-0.065076479,-0.804537400,0.004211751,0.254109747,-0.015842662,0.967036456,976,351,286,1.051861720,0.882006865,0.694087804,0.756230602,0.092907042,1,0,ok,map,351,286,598,0,ok,24,TRACKING,71,0,0,-1,0,0,0,nan,nan,0,0,nan,nan,
1750921989.038098335,1,-0.149894991,-0.062903949,-0.824301722,0.002906701,0.260601907,-0.015310573,0.965320560,980,350,270,1.139126654,1.019784684,0.886499281,0.786259350,0.287253227,1,0,ok,map,350,270,598,0,ok,20,TRACKING,71,0,0,-1,0,0,0,nan,nan,0,0,nan,nan,
1750921989.050098419,1,-0.163982157,-0.064030068,-0.844692681,0.003769378,0.267330180,-0.015430466,0.963474062,986,348,253,1.229080571,1.095548204,0.916978035,0.805718056,0.213090706,1,0,ok,map,348,253,598,0,ok,14,TRACKING,71,0,0,-1,0,0,0,nan,nan,0,0,nan,nan,
1750921989.062098503,1,-0.177018025,-0.066765789,-0.861935002,0.006057160,0.273407707,-0.014445640,0.961770690,975,347,216,1.401573745,1.273869517,0.722650215,0.733052169,0.465002340,1,0,ok,map,347,216,598,0,ok,25,TRACKING,72,1,0,-1,0,0,0,nan,nan,0,0,nan,nan,
1750921989.074098587,1,-0.189029301,-0.068038294,-0.879065157,0.004096032,0.280498923,-0.010534340,0.959787791,975,375,260,1.319145150,1.140455954,0.715697383,0.981495121,0.369834443,1,0,ok,map,375,260,557,0,ok,25,TRACKING,72,0,0,-1,0,0,0,nan,nan,0,0,nan,nan,
1750921989.086098671,1,-0.201737390,-0.060879962,-0.898472485,-0.000376453,0.286284921,-0.011626766,0.958073912,979,369,194,1.362094027,1.244352230,0.967242645,0.869778895,0.149558471,1,0,ok,map,369,194,557,0,ok,21,TRACKING,72,0,0,-1,0,0,0,nan,nan,0,0,nan,nan,
1750921989.098098755,1,-0.211869992,-0.059457987,-0.912232135,0.002995780,0.292883557,-0.012767449,0.956058178,958,365,193,1.543100141,1.486206095,1.068801004,0.889680769,0.621321126,1,0,ok,map,365,193,557,0,ok,42,TRACKING,72,0,0,-1,0,0,0,nan,nan,0,0,nan,nan,
1750921989.110098839,1,-0.228190440,-0.064853365,-0.934081345,0.006601399,0.299289830,-0.014391929,0.954030865,921,359,184,1.500802684,1.363869193,1.424115105,0.893447274,0.796126049,1,0,ok,map,359,184,557,0,ok,79,TRACKING,72,0,0,-1,0,0,0,nan,nan,0,0,nan,nan,
1750921989.122098923,1,-0.249658497,-0.068664376,-0.957912419,0.006742202,0.305951531,-0.014633959,0.951910737,966,358,181,1.554605147,1.321987855,1.048188176,0.785950352,0.439228098,1,0,ok,map,358,181,557,1,ok,34,TRACKING,73,1,7,10,85,1,0,0.000268740,0.000048178,73,34,0.465753425,1.576157511,ok
1750921989.134099007,1,-0.264262795,-0.069187756,-0.975118161,0.005492114,0.312634818,-0.014524894,0.949746458,975,399,247,1.240506164,1.088786130,0.843261183,0.817747466,0.068367717,1,0,ok,map,399,247,456,1,ok,25,TRACKING,73,0,0,-1,0,0,0,nan,nan,0,0,nan,nan,
1750921989.146099091,1,-0.281237228,-0.070824216,-0.994990703,0.004711204,0.319025861,-0.013952514,0.947631591,982,398,223,1.314372412,1.123476051,0.941078337,0.779355012,0.207018765,1,0,ok,map,398,223,456,1,ok,18,TRACKING,73,0,0,-1,0,0,0,nan,nan,0,0,nan,nan,
1750921989.158099174,1,-0.295996909,-0.069314604,-1.010735439,0.002933730,0.325343824,-0.014095869,0.945486169,980,395,223,1.456653222,1.284591004,0.997187354,0.791425760,0.258972783,1,0,ok,map,395,223,456,1,ok,20,TRACKING,73,0,0,-1,0,0,0,nan,nan,0,0,nan,nan,
1750921989.170099258,1,-0.308191368,-0.069904473,-1.023801022,0.003697173,0.331751039,-0.014951266,0.943241241,980,391,214,1.524975688,1.456588273,0.836831844,0.788993068,0.270601096,1,0,ok,map,391,214,456,1,ok,20,TRACKING,73,0,0,-1,0,0,0,nan,nan,0,0,nan,nan,
1750921989.182099342,1,-0.311136521,-0.071449729,-1.028995209,0.007391065,0.338851316,-0.014485905,0.940699376,974,390,198,1.465656616,1.313540152,1.075133342,0.943092042,0.240668454,1,0,ok,map,390,198,456,1,ok,26,TRACKING,74,1,0,-1,0,0,0,nan,nan,0,0,nan,nan,
1750921989.194099426,1,-0.331519639,-0.072710165,-1.048319520,0.008686552,0.345071008,-0.014080486,0.938430756,970,415,245,1.382732036,1.312924870,0.824063439,0.774439197,0.168560183,1,0,ok,map,415,245,453,1,ok,30,TRACKING,74,0,0,-1,0,0,0,nan,nan,0,0,nan,nan,
1750921989.206099510,1,-0.349385851,-0.072949606,-1.066662518,0.008763540,0.351555387,-0.013811286,0.936024176,960,411,234,1.479171276,1.371102427,0.826114328,0.793230136,0.107337151,1,0,ok,map,411,234,453,0,ok,40,TRACKING,74,0,0,-1,0,0,0,nan,nan,0,0,nan,nan,
1750921989.218099594,1,-0.358837069,-0.073102928,-1.077268280,0.008050077,0.357735328,-0.014586542,0.933674389,927,390,216,1.462939994,1.359365454,0.582778082,0.767193541,0.295155378,1,0,ok,map,390,216,453,1,ok,73,TRACKING,74,0,0,-1,0,0,0,nan,nan,0,0,nan,nan,
1750921989.230099678,1,-0.375397165,-0.072514953,-1.094351796,0.007081087,0.363684300,-0.014858427,0.931376839,930,382,210,1.502084230,1.426354498,0.722642090,0.739821549,0.100197391,1,0,ok,map,382,210,453,0,ok,70,TRACKING,74,0,0,-1,0,0,0,nan,nan,0,0,nan,nan,
1750921989.242099762,1,-0.384811880,-0.077480817,-1.101404709,0.007401335,0.369934119,-0.014328426,0.928918007,858,368,208,1.417453919,1.268480420,0.939394476,0.770313891,0.531343479,1,0,ok,map,368,208,453,0,ok,142,TRACKING,75,1,0,-1,0,0,0,nan,nan,0,0,nan,nan,
1750921989.254099846,1,-0.401771960,-0.076993998,-1.116596397,0.007908497,0.376198067,-0.014114934,0.926397991,892,334,253,1.115033889,0.951138563,0.746425771,0.776272076,0.079689662,1,0,ok,map,334,253,402,0,ok,108,TRACKING,75,0,0,-1,0,0,0,nan,nan,0,0,nan,nan,
1750921989.266099930,1,-0.418711297,-0.077494543,-1.131411324,0.008535104,0.382309579,-0.014522127,0.923880753,932,334,247,1.228036794,1.119532179,0.743455762,0.762233429,0.108112835,1,0,ok,map,334,247,402,0,ok,68,TRACKING,75,0,0,-1,0,0,0,nan,nan,0,0,nan,nan,
1750921989.278100014,1,-0.436043150,-0.078511759,-1.145945151,0.009299673,0.388360644,-0.015585969,0.921328716,950,331,242,1.407575683,1.349628601,0.809447408,0.767376644,0.131168237,1,0,ok,map,331,242,402,0,ok,50,TRACKING,75,0,0,-1,0,0,0,nan,nan,0,0,nan,nan,
1750921989.290100098,1,-0.451907705,-0.079315620,-1.159740897,0.009491751,0.394471517,-0.015759208,0.918723994,965,330,236,1.437370156,1.337700570,0.755346949,0.761791866,0.114917607,1,0,ok,map,330,236,402,0,ok,35,TRACKING,75,0,0,-1,0,0,0,nan,nan,0,0,nan,nan,
1750921989.302100182,1,-0.464984347,-0.081921818,-1.167992740,0.010197645,0.400564042,-0.014906395,0.916090747,975,330,236,1.448260055,1.365658994,0.734487372,0.775953641,0.103887710,1,0,ok,map,330,236,402,0,ok,25,TRACKING,76,1,0,-1,0,0,0,nan,nan,0,0,nan,nan,
1750921989.314100266,1,-0.483674420,-0.081683913,-1.184843427,0.010031237,0.406976545,-0.014914834,0.913261744,962,376,287,1.189204544,1.088549875,0.824201472,0.803379309,0.072250583,1,0,ok,map,376,287,430,0,ok,38,TRACKING,76,0,0,-1,0,0,0,nan,nan,0,0,nan,nan,
1750921989.326100349,1,-0.502125098,-0.082824033,-1.198746867,0.010023743,0.412770373,-0.016461874,0.910631182,962,374,293,1.278541789,1.150613736,0.757666147,0.750393967,0.075957246,1,0,ok,map,374,293,430,0,ok,38,TRACKING,76,0,0,-1,0,0,0,nan,nan,0,0,nan,nan,
1750921989.338100433,1,-0.520506396,-0.083155763,-1.211137150,0.009333444,0.418816117,-0.017027274,0.907863436,962,372,283,1.277635079,1.170081051,0.712235952,0.768770181,0.069880056,1,0,ok,map,372,283,430,0,ok,38,TRACKING,76,0,0,-1,0,0,0,nan,nan,0,0,nan,nan,
1750921989.350100517,1,-0.537121892,-0.083932845,-1.224551227,0.009037985,0.425355014,-0.017006046,0.904821652,968,370,284,1.308694098,1.168256350,0.847717425,0.827106567,0.107918336,1,0,ok,map,370,284,430,0,ok,32,TRACKING,76,0,0,-1,0,0,0,nan,nan,0,0,nan,nan,
1750921989.362100601,1,-0.547552178,-0.087934524,-1.227492040,0.009627139,0.431107306,-0.016420829,0.902099864,960,368,262,1.309646954,1.181241409,0.838838717,0.781365174,0.188210827,1,0,ok,map,368,262,430,0,ok,40,TRACKING,77,1,0,-1,0,0,0,nan,nan,0,0,nan,nan,
1750921989.374100685,1,-0.565274357,-0.086334367,-1.240516055,0.008915347,0.437419138,-0.016763240,0.899057288,853,403,320,1.081559607,0.873426021,0.819674789,0.808017551,0.054132170,1,0,ok,map,403,320,457,0,ok,147,TRACKING,77,0,0,-1,0,0,0,nan,nan,0,0,nan,nan,
1750921989.386100769,1,-0.588282424,-0.087415604,-1.256438357,0.009629353,0.443578854,-0.017474989,0.896013226,929,403,304,1.218822690,1.016881359,0.869505148,0.795772122,0.081343472,1,0,ok,map,403,304,457,0,ok,71,TRACKING,77,0,0,-1,0,0,0,nan,nan,0,0,nan,nan,
1750921989.398100853,1,-0.609068366,-0.089049754,-1.267150993,0.009843819,0.449693397,-0.017100988,0.892965007,964,403,304,1.324979010,1.197093748,0.719629610,0.784473813,0.096949880,1,0,ok,map,403,304,457,0,ok,36,TRACKING,77,0,0,-1,0,0,0,nan,nan,0,0,nan,nan,
1750921989.410100937,1,-0.626734717,-0.089281672,-1.278982570,0.008692455,0.456173885,-0.016943458,0.889686882,954,403,296,1.370323823,1.226310769,0.738832295,0.842801503,0.113090977,1,0,ok,map,403,296,457,0,ok,46,TRACKING,77,0,0,-1,0,0,0,nan,nan,0,0,nan,nan,
1750921989.422101021,1,-0.637736289,-0.090481801,-1.281704988,0.008727144,0.461481983,-0.016976098,0.886944208,975,401,290,1.332250751,1.225758973,0.777813565,0.770928424,0.008091457,1,0,ok,map,401,290,457,0,ok,25,TRACKING,78,1,0,-1,0,0,0,nan,nan,0,0,nan,nan,
1750921989.434101105,1,-0.654124611,-0.091326360,-1.292592706,0.009000560,0.467542318,-0.017675068,0.883748133,965,437,343,1.131424730,0.937809176,0.796403269,0.789818304,0.044605550,1,0,ok,map,437,343,463,0,ok,35,TRACKING,78,0,0,-1,0,0,0,nan,nan,0,0,nan,nan,
1750921989.446101189,1,-0.671119472,-0.091147104,-1.303126291,0.008920474,0.473832746,-0.018319827,0.880379088,957,435,329,1.141198374,0.987588086,0.757135076,0.821089014,0.089919965,1,0,ok,map,435,329,463,0,ok,43,TRACKING,78,0,0,-1,0,0,0,nan,nan,0,0,nan,nan,
1750921989.458101273,1,-0.695851779,-0.092147066,-1.315843075,0.009270156,0.479763337,-0.018766530,0.877148232,961,435,327,1.216092510,1.061569127,0.776511983,0.776625985,0.044584433,1,0,ok,map,435,327,463,0,ok,39,TRACKING,78,0,0,-1,0,0,0,nan,nan,0,0,nan,nan,
1750921989.470101357,1,-0.712736324,-0.092962253,-1.326159315,0.009266669,0.485697850,-0.018779250,0.873875888,971,433,317,1.220029937,1.072368866,0.769160943,0.776581036,0.058258683,1,0,ok,map,433,317,463,0,ok,29,TRACKING,78,0,0,-1,0,0,0,nan,nan,0,0,nan,nan,
1750921989.482101440,1,-0.731924454,-0.095449336,-1.329436148,0.009676538,0.491069931,-0.018798992,0.870863529,951,429,302,1.239308189,1.118571436,0.825526204,0.823041215,0.102718336,1,0,ok,map,429,302,463,0,ok,49,TRACKING,79,1,0,-1,0,0,0,nan,nan,0,0,nan,nan,
1750921989.494101524,1,-0.743405230,-0.097075714,-1.337558325,0.008480663,0.496815126,-0.019881205,0.867587198,971,451,343,1.164698819,1.006422820,0.710416164,0.780090735,0.120752220,1,0,ok,map,451,343,459,1,ok,29,TRACKING,79,0,0,-1,0,0,0,nan,nan,0,0,nan,nan,
1750921989.506101608,1,-0.769581862,-0.095532177,-1.350318939,0.007934256,0.502640101,-0.020597116,0.864213941,971,449,350,1.164146322,0.964374297,0.768104741,0.778214816,0.133476352,1,0,ok,map,449,350,459,0,ok,29,TRACKING,79,0,0,-1,0,0,0,nan,nan,0,0,nan,nan,
1750921989.518101692,1,-0.787390706,-0.095492037,-1.359309776,0.008865780,0.508920077,-0.020119390,0.860532953,916,443,339,1.178880471,1.021022164,0.839594773,0.842726956,0.138553875,1,0,ok,map,443,339,459,0,ok,84,TRACKING,79,0,0,-1,0,0,0,nan,nan,0,0,nan,nan,
1750921989.530101776,1,-0.804517512,-0.095131901,-1.366408882,0.010221976,0.514900147,-0.020033606,0.856955077,945,430,323,1.235997951,1.091405867,0.780634717,0.813594199,0.225898988,1,0,ok,map,430,323,459,0,ok,55,TRACKING,79,0,0,-1,0,0,0,nan,nan,0,0,nan,nan,
1750921989.542101860,1,-0.821637752,-0.099823070,-1.368379164,0.012816911,0.519516108,-0.020771355,0.854111990,958,421,311,1.224248422,1.111618834,0.750591294,0.798414648,0.070705930,1,0,ok,map,421,311,459,0,ok,42,TRACKING,80,1,0,-1,0,0,0,nan,nan,0,0,nan,nan,
1750921989.554101944,1,-0.846068965,-0.102512289,-1.378777898,0.011079739,0.524997450,-0.021427768,0.850761875,973,464,358,1.135044265,0.911774429,0.797381066,0.766284132,0.056014192,1,0,ok,map,464,358,494,0,ok,27,TRACKING,80,0,0,-1,0,0,0,nan,nan,0,0,nan,nan,
1750921989.566102028,1,-0.862619861,-0.098996176,-1.384929034,0.008377740,0.530606387,-0.020901876,0.847319177,975,462,347,1.087124841,0.918042640,0.726997880,0.817463857,0.112135817,1,0,ok,map,462,347,494,0,ok,25,TRACKING,80,0,0,-1,0,0,0,nan,nan,0,0,nan,nan,
1750921989.578102112,1,-0.881791888,-0.099603041,-1.393792606,0.009646757,0.536733109,-0.020813236,0.843440169,963,456,342,1.217766655,1.106612799,0.737061466,0.843645495,0.124325961,1,0,ok,map,456,342,494,0,ok,37,TRACKING,80,0,0,-1,0,0,0,nan,nan,0,0,nan,nan,
1750921989.590102196,1,-0.899192672,-0.101031143,-1.400382667,0.008623995,0.541840866,-0.022407963,0.840138075,965,449,327,1.234650663,1.066012134,0.552620139,0.729997140,0.198932963,1,0,ok,map,449,327,494,0,ok,35,TRACKING,80,0,0,-1,0,0,0,nan,nan,0,0,nan,nan,
1750921989.602102280,1,-0.912422155,-0.102124520,-1.400094776,0.009832169,0.546729643,-0.022085310,0.836960134,968,437,312,1.209078385,1.090664070,0.729768329,0.853865862,0.147378581,1,0,ok,map,437,312,494,0,ok,32,TRACKING,81,1,0,-1,0,0,0,nan,nan,0,0,nan,nan,
1750921989.614102364,1,-0.933940227,-0.103443181,-1.408026660,0.012428474,0.552481358,-0.022812251,0.833120330,957,444,355,1.119532883,0.995612289,0.734106027,0.850573637,0.194878362,1,0,ok,map,444,355,489,0,ok,43,TRACKING,81,0,0,-1,0,0,0,nan,nan,0,0,nan,nan,
1750921989.626102448,1,-0.949090488,-0.105625265,-1.413605329,0.012103611,0.557661106,-0.023875676,0.829636996,971,442,320,1.364573285,1.278573431,0.427586444,0.726549781,0.354077222,1,0,ok,map,442,320,489,0,ok,29,TRACKING,81,0,0,-1,0,0,0,nan,nan,0,0,nan,nan,
1750921989.638102531,1,-0.977615409,-0.105366454,-1.422275843,0.009420220,0.563549427,-0.023149918,0.825704175,965,434,290,1.260217472,1.203631220,0.763747840,0.871702173,0.145761011,1,0,ok,map,434,290,489,0,ok,35,TRACKING,81,0,0,-1,0,0,0,nan,nan,0,0,nan,nan,
1750921989.650102615,1,-0.991381846,-0.099692612,-1.426498976,0.008501891,0.569402683,-0.021757338,0.821726792,925,430,274,1.432125700,1.337773228,0.668564223,0.833160407,0.175815180,1,0,ok,map,430,274,489,1,ok,75,TRACKING,81,0,0,-1,0,0,0,nan,nan,0,0,nan,nan,
1750921989.662102699,1,-1.006854465,-0.104087982,-1.425012669,0.012705098,0.573512440,-0.023247935,0.818768341,883,424,279,1.481685477,1.310113096,0.779106619,0.892512919,0.236849620,1,0,ok,map,424,279,489,1,ok,117,TRACKING,82,1,0,-1,0,0,0,nan,nan,0,0,nan,nan,
1750921989.674102783,1,-1.029279011,-0.106415370,-1.431148632,0.013373553,0.578935143,-0.024586219,0.814893101,949,484,337,1.194700101,1.040486867,0.666698482,0.782763557,0.137303730,1,0,ok,map,484,337,543,0,ok,51,TRACKING,82,0,0,-1,0,0,0,nan,nan,0,0,nan,nan,
1750921989.686102867,1,-1.050914660,-0.106294605,-1.437354704,0.011588482,0.584583358,-0.024348675,0.810885409,959,483,329,1.305197188,1.122836248,0.778823083,0.820006924,0.125703090,1,0,ok,map,483,329,543,0,ok,41,TRACKING,82,0,0,-1,0,0,0,nan,nan,0,0,nan,nan,
1750921989.698102951,1,-1.073284123,-0.104866979,-1.442881697,0.011754951,0.590341446,-0.024070586,0.806708997,953,484,306,1.380741598,1.264550084,0.546981575,0.815963244,0.277249266,1,0,ok,map,484,306,543,2,ok,47,TRACKING,82,0,0,-1,0,0,0,nan,nan,0,0,nan,nan,
1750921989.710103035,1,-1.089321817,-0.105675795,-1.447250549,0.012083991,0.595723350,-0.024256875,0.802732378,972,483,317,1.473082573,1.353076017,0.513758308,0.768032967,0.287734785,1,0,ok,map,483,317,543,1,ok,28,TRACKING,82,0,0,-1,0,0,0,nan,nan,0,0,nan,nan,
1750921989.722103119,1,-1.104283436,-0.110484277,-1.444318109,0.012619651,0.599408684,-0.024515430,0.799968104,965,484,287,1.521152019,1.327350842,0.413912157,0.801996324,0.460577602,1,0,ok,map,484,287,543,2,ok,35,TRACKING,83,1,4,16,80,1,0,0.017620830,0.001124064,64,39,0.609375000,1.391514628,ok
1750921989.734103203,1,-1.124539480,-0.112009598,-1.446603451,0.012118812,0.604677305,-0.023549621,0.796030092,954,574,323,1.258696278,1.149019143,0.855192714,0.763992372,0.167085344,1,0,ok,map,574,323,632,2,ok,46,TRACKING,83,0,0,-1,0,0,0,nan,nan,0,0,nan,nan,
1750921989.746103287,1,-1.147672913,-0.105762750,-1.457656322,0.010804788,0.610580392,-0.021775569,0.791581118,950,572,299,2.070240472,1.680358731,1.938253136,0.884020444,1.091528322,1,0,ok,map,572,299,632,1,ok,50,TRACKING,83,0,0,-1,0,0,0,nan,nan,0,0,nan,nan,
1750921989.758103371,1,-1.163463060,-0.103790839,-1.463132815,0.011397177,0.615769762,-0.023540407,0.787491939,979,572,291,2.102378643,1.794563539,1.614861364,0.786574840,0.916550133,1,0,ok,map,572,291,632,2,ok,21,TRACKING,83,0,0,-1,0,0,0,nan,nan,0,0,nan,nan,
1750921989.770103455,1,-1.188774328,-0.110291499,-1.461898074,0.012759270,0.620875582,-0.024693600,0.783416198,967,565,292,1.474559070,1.372584248,0.897388815,0.776068251,0.154422071,1,0,ok,map,565,292,632,1,ok,33,TRACKING,83,0,0,-1,0,0,0,nan,nan,0,0,nan,nan,
1750921989.782103539,1,-1.209866389,-0.105449777,-1.471957397,0.011827065,0.626598202,-0.024529692,0.778866553,961,561,290,1.398243607,1.217804118,0.897127084,0.840475436,0.103597741,1,0,ok,map,561,290,632,1,ok,39,TRACKING,84,1,0,-1,0,0,0,nan,nan,0,0,nan,nan,
1750921989.794103622,1,-1.234275197,-0.105753508,-1.475462221,0.012432942,0.631850556,-0.025059354,0.774585260,932,613,369,1.070776862,0.862299701,0.753813268,0.781951966,0.050113022,1,0,ok,map,613,369,665,0,ok,68,TRACKING,84,0,0,-1,0,0,0,nan,nan,0,0,nan,nan,
1750921989.806103706,1,-1.251510827,-0.109262799,-1.478425579,0.012071219,0.636682151,-0.025560105,0.770608075,945,605,348,1.215322163,1.028495132,0.835123684,0.720598168,0.305016481,1,0,ok,map,605,348,665,0,ok,55,TRACKING,84,0,0,-1,0,0,0,nan,nan,0,0,nan,nan,
1750921989.818103790,1,-1.273490292,-0.108093165,-1.480910378,0.010042823,0.641914892,-0.024603056,0.766315276,983,603,340,1.196065434,1.045920750,0.981035421,0.817064711,0.273620594,1,0,ok,map,603,340,665,0,ok,17,TRACKING,84,0,0,-1,0,0,0,nan,nan,0,0,nan,nan,
1750921989.830103874,1,-1.295266115,-0.104382883,-1.484115467,0.009205651,0.647172744,-0.024504734,0.761893833,950,592,326,1.233452756,1.114423120,0.729643478,0.793126582,0.086055360,1,0,ok,map,592,326,665,0,ok,50,TRACKING,84,0,0,-1,0,0,0,nan,nan,0,0,nan,nan,
1750921989.842103958,1,-1.311528537,-0.104023695,-1.488532898,0.010182093,0.652066086,-0.027057824,0.757610731,964,586,291,1.360970839,1.120250451,1.097598449,0.808351257,0.444597553,1,0,ok,map,586,291,665,0,ok,36,TRACKING,84,0,0,-1,0,0,0,nan,nan,0,0,nan,nan,
1750921989.854104042,1,-1.328922751,-0.103275402,-1.489477754,0.012126166,0.657607155,-0.027089702,0.752776152,964,584,296,1.392122425,1.135845687,0.659585794,0.871629184,0.481895546,1,0,ok,map,584,296,665,0,ok,36,TRACKING,84,0,0,-1,0,0,0,nan,nan,0,0,nan,nan,
1750921989.866104126,1,-1.363969918,-0.102483206,-1.491940983,0.012928712,0.662817922,-0.026755480,0.748190747,957,577,289,1.299233189,1.098298671,0.970425440,0.801600632,0.246340614,1,0,ok,map,577,289,665,0,ok,43,TRACKING,84,0,0,-1,0,0,0,nan,nan,0,0,nan,nan,
1750921989.878104210,1,-1.380417506,-0.101727977,-1.500748394,0.012321726,0.668260333,-0.027985409,0.743298809,963,568,282,1.209515754,1.058564698,0.729316923,0.767879045,0.194768454,1,0,ok,map,568,282,665,0,ok,37,TRACKING,85,1,0,-1,0,0,0,nan,nan,0,0,nan,nan,
1750921989.890104294,1,-1.400532836,-0.100751960,-1.502236566,0.009552973,0.673242037,-0.028410136,0.738814432,953,665,403,0.991004919,0.764637121,0.995207538,0.832455694,0.215944941,1,0,ok,map,665,403,743,0,ok,47,TRACKING,85,0,0,-1,0,0,0,nan,nan,0,0,nan,nan,
1750921989.902104378,1,-1.419109398,-0.100061769,-1.500851318,0.008849340,0.678746365,-0.027651855,0.733798634,969,659,392,1.030948998,0.881924334,0.791915736,0.861544215,0.080610653,1,0,ok,map,659,392,743,0,ok,31,TRACKING,85,0,0,-1,0,0,0,nan,nan,0,0,nan,nan,
1750921989.914104462,1,-1.442200109,-0.098317778,-1.501238675,0.010307835,0.683931438,-0.027832128,0.728942322,974,641,379,1.132226426,0.945851808,0.767377083,0.831311714,0.115534761,1,0,ok,map,641,379,743,0,ok,26,TRACKING,85,0,0,-1,0,0,0,nan,nan,0,0,nan,nan,
1750921989.926104546,1,-1.453431570,-0.100577380,-1.503819904,0.011141382,0.689014059,-0.029443562,0.724063929,951,622,366,1.176449663,0.994443118,0.707612736,0.833636915,0.291132295,1,0,ok,map,622,366,743,0,ok,49,TRACKING,85,0,0,-1,0,0,0,nan,nan,0,0,nan,nan,
1750921989.938104630,1,-1.481414965,-0.099936861,-1.501507619,0.011031857,0.694262316,-0.030213860,0.719002960,942,605,363,1.246601229,1.011186265,0.839151224,0.840224209,0.493503804,1,0,ok,map,605,363,743,0,ok,58,TRACKING,85,0,0,-1,0,0,0,nan,nan,0,0,nan,nan,
1750921989.950104713,1,-1.498973970,-0.099382572,-1.500196494,0.010455237,0.699477383,-0.030379095,0.713932202,976,604,356,1.206395654,0.954389165,0.886109410,0.836357765,0.504634692,1,0,ok,map,604,356,743,1,ok,24,TRACKING,85,0,0,-1,0,0,0,nan,nan,0,0,nan,nan,
1750921989.962104797,1,-1.528081289,-0.100406007,-1.499051071,0.011179462,0.704744985,-0.029888299,0.708742701,978,600,351,1.172208446,0.974321977,0.930593896,0.853258560,0.246299037,1,0,ok,map,600,351,743,1,ok,22,TRACKING,85,0,0,-1,0,0,0,nan,nan,0,0,nan,nan,
1750921989.974104881,1,-1.540955530,-0.099756175,-1.497776836,0.011165005,0.709868519,-0.029550416,0.703625469,979,592,343,1.299108161,1.112004624,0.943025788,0.830700004,0.708009149,1,0,ok,map,592,343,743,0,ok,21,TRACKING,85,0,0,-1,0,0,0,nan,nan,0,0,nan,nan,
1750921989.986104965,1,-1.561884662,-0.095784612,-1.504797344,0.010199382,0.716100188,-0.029931349,0.697280867,963,585,332,1.226741820,1.075705234,0.838444805,0.866035328,0.080191977,1,0,ok,map,585,332,743,0,ok,37,TRACKING,86,1,0,-1,0,0,0,nan,nan,0,0,nan,nan,
1750921989.998105049,1,-1.583424734,-0.096452516,-1.502155183,0.011242113,0.721035027,-0.031279507,0.692100930,979,687,463,0.997573034,0.838606222,0.833933741,0.842769745,0.075275880,1,0,ok,map,687,463,821,0,ok,21,TRACKING,86,0,0,-1,0,0,0,nan,nan,0,0,nan,nan,
1750921990.010105133,1,-1.601100481,-0.094818706,-1.500133762,0.011802920,0.726179988,-0.031628592,0.686675286,961,676,422,1.098910590,0.954263313,0.749350470,0.860161097,0.151426958,1,0,ok,map,676,422,821,1,ok,39,TRACKING,86,0,0,-1,0,0,0,nan,nan,0,0,nan,nan,
1750921990.022105217,1,-1.626734555,-0.095884535,-1.496357027,0.013151194,0.731314283,-0.031684579,0.681177329,973,665,421,1.218907030,1.095403562,0.856397607,0.875780765,0.231422904,1,0,ok,map,665,421,821,0,ok,27,TRACKING,86,0,0,-1,0,0,0,nan,nan,0,0,nan,nan,
1750921990.034105301,1,-1.648505656,-0.096471274,-1.493208997,0.012576055,0.736226707,-0.032133449,0.675854659,990,663,422,1.225294896,1.071956346,0.904371667,0.834201603,0.230262015,1,0,ok,map,663,422,821,0,ok,10,TRACKING,86,0,0,-1,0,0,0,nan,nan,0,0,nan,nan,
1750921990.046105385,1,-1.665226468,-0.094252093,-1.491031566,0.012068926,0.741326086,-0.032090649,0.670268727,990,658,415,1.206479201,1.036829488,0.794071473,0.868673413,0.089264544,1,0,ok,map,658,415,821,0,ok,10,TRACKING,86,0,0,-1,0,0,0,nan,nan,0,0,nan,nan,
1750921990.058105469,1,-1.688782876,-0.094992980,-1.484988271,0.012642396,0.746124618,-0.033424255,0.664846632,976,657,397,1.244718830,1.086629835,0.674431476,0.846215372,0.231456825,1,0,ok,map,657,397,821,1,ok,24,TRACKING,86,0,0,-1,0,0,0,nan,nan,0,0,nan,nan,
1750921990.070105553,1,-1.712289297,-0.095840488,-1.480488395,0.013190428,0.751134994,-0.032593533,0.659211571,962,650,404,1.330984357,1.207820600,0.804223094,0.871562741,0.243787976,1,0,ok,map,650,404,821,1,ok,38,TRACKING,86,0,0,-1,0,0,0,nan,nan,0,0,nan,nan,
1750921990.082105637,1,-1.739606343,-0.094739595,-1.477520209,0.013473139,0.756078238,-0.031683406,0.653575041,975,641,366,1.440247053,1.345311569,0.968862468,0.866017087,0.350142655,1,0,ok,map,641,366,821,0,ok,25,TRACKING,86,0,0,-1,0,0,0,nan,nan,0,0,nan,nan,
1750921990.094105721,1,-1.751321698,-0.093683093,-1.472416228,0.012017270,0.760483423,-0.032706519,0.648421801,977,636,362,1.491517639,1.418863054,0.739053978,0.803188299,0.217232621,1,0,ok,map,636,362,821,0,ok,23,TRACKING,86,0,0,-1,0,0,0,nan,nan,0,0,nan,nan,
1750921990.106105804,1,-1.777315588,-0.090425590,-1.466333098,0.013157085,0.765170684,-0.033465423,0.642822511,985,632,340,1.524630680,1.358617331,0.729486867,0.851360834,0.279274870,1,0,ok,map,632,340,821,1,ok,15,TRACKING,86,0,0,-1,0,0,0,nan,nan,0,0,nan,nan,
1750921990.118105888,1,-1.790542287,-0.092427956,-1.465049375,0.015410498,0.769892891,-0.033135426,0.637125966,982,621,338,1.506316877,1.418792652,0.866135555,0.887155716,0.389562946,1,0,ok,map,621,338,821,0,ok,18,TRACKING,86,0,0,-1,0,0,0,nan,nan,0,0,nan,nan,
1750921990.130105972,1,-1.826782299,-0.093349482,-1.458548026,0.015606395,0.774598381,-0.033274509,0.631384665,976,609,318,1.643084357,1.505726275,0.850147436,0.780157682,0.276114151,1,0,ok,map,609,318,821,0,ok,24,TRACKING,87,1,0,-1,0,0,0,nan,nan,0,0,nan,nan,
1750921990.142106056,1,-1.839225958,-0.094410193,-1.451883421,0.012444588,0.778979210,-0.031841168,0.626117132,972,645,380,1.395716541,1.220574306,0.816229980,0.880122490,0.512542012,1,0,ok,map,645,380,824,0,ok,28,TRACKING,87,0,0,-1,0,0,0,nan,nan,0,0,nan,nan,
1750921990.154106140,1,-1.856469955,-0.088571952,-1.445537498,0.010473044,0.783368618,-0.030641715,0.620713307,966,627,359,1.530540770,1.360702002,0.747238700,0.840465906,0.639017294,1,0,ok,map,627,359,824,0,ok,34,TRACKING,87,0,0,-1,0,0,0,nan,nan,0,0,nan,nan,
1750921990.166106224,1,-1.889379854,-0.085956782,-1.440777446,0.012358515,0.787850304,-0.032013199,0.614910011,954,610,327,1.480556839,1.297309009,0.590877350,0.881685205,1.009350160,1,0,ok,map,610,327,824,0,ok,46,TRACKING,87,0,0,-1,0,0,0,nan,nan,0,0,nan,nan,
1750921990.178106308,1,-1.897980204,-0.092024919,-1.434942102,0.012107334,0.791800734,-0.032591344,0.609789156,924,573,320,1.507188704,1.385721917,0.765335596,0.744638362,0.801580908,1,0,ok,map,573,320,824,0,ok,76,TRACKING,87,0,0,-1,0,0,0,nan,nan,0,0,nan,nan,
1750921990.190106392,1,-1.925237827,-0.084704021,-1.430827157,0.011220524,0.796717456,-0.031117505,0.603446018,971,570,323,1.514893770,1.377750384,1.203447103,0.854528799,1.140615463,1,0,ok,map,570,323,824,0,ok,29,TRACKING,88,1,0,-1,0,0,0,nan,nan,0,0,nan,nan,
1750921990.202106476,1,-1.943640905,-0.083811925,-1.423471572,0.010870200,0.800852787,-0.030600807,0.597980136,969,626,398,1.267387777,1.089041208,0.765491751,0.788659013,0.190115119,1,0,ok,map,626,398,845,0,ok,31,TRACKING,88,0,0,-1,0,0,0,nan,nan,0,0,nan,nan,
1750921990.214106560,1,-1.967450154,-0.085455226,-1.415224337,0.010609310,0.804833584,-0.031097997,0.592590296,965,612,378,1.288340905,1.174807366,0.657753893,0.770516802,0.210137672,1,0,ok,map,612,378,845,0,ok,35,TRACKING,88,0,0,-1,0,0,0,nan,nan,0,0,nan,nan,
1750921990.226106644,1,-1.979957062,-0.086148592,-1.408447233,0.010355395,0.808887788,-0.030593642,0.587075243,960,598,359,1.429474546,1.316369378,0.877672682,0.787031402,0.318181973,1,0,ok,map,598,359,845,0,ok,40,TRACKING,88,0,0,-1,0,0,0,nan,nan,0,0,nan,nan,
1750921990.238106728,1,-1.996133770,-0.086249137,-1.401755103,0.010456000,0.812985888,-0.030400438,0.581395245,959,583,307,1.542606182,1.370297635,0.457287928,0.802995439,0.546182846,1,0,ok,map,583,307,845,0,ok,41,TRACKING,88,0,0,-1,0,0,0,nan,nan,0,0,nan,nan,
1750921990.250106812,1,-2.026867160,-0.080475979,-1.393815678,0.010316662,0.817331137,-0.031425534,0.575218058,951,569,322,1.401700799,1.299453328,0.993191591,0.781575157,0.262716203,1,0,ok,map,569,322,845,0,ok,49,TRACKING,89,1,0,-1,0,0,0,nan,nan,0,0,nan,nan,
1750921990.262106895,1,-2.045521257,-0.081575106,-1.385061586,0.010068781,0.821219265,-0.031825487,0.569635565,933,603,409,1.226469823,1.101554536,0.783493124,0.781438365,0.070639297,1,0,ok,map,603,409,862,0,ok,67,TRACKING,89,0,0,-1,0,0,0,nan,nan,0,0,nan,nan,
1750921990.274106979,1,-2.063142131,-0.080315737,-1.377932441,0.008838339,0.825027941,-0.031417264,0.564148682,946,580,381,1.299045296,1.149791715,0.891251289,0.779666602,0.228782806,1,0,ok,map,580,381,862,0,ok,54,TRACKING,89,0,0,-1,0,0,0,nan,nan,0,0,nan,nan,
1750921990.286107063,1,-2.081444041,-0.078119779,-1.367783434,0.009521012,0.828835952,-0.031243293,0.558537529,956,569,369,1.374281216,1.266518284,0.816612243,0.781263000,0.153267268,1,0,ok,map,569,369,862,0,ok,44,TRACKING,89,0,0,-1,0,0,0,nan,nan,0,0,nan,nan,
1750921990.298107147,1,-2.106193319,-0.077508784,-1.356866959,0.011476470,0.832777159,-0.030782467,0.552632730,951,551,344,1.459481432,1.284942689,0.887595119,0.845466690,0.316454874,1,0,ok,map,551,344,862,1,ok,49,TRACKING,89,0,0,-1,0,0,0,nan,nan,0,0,nan,nan,
1750921990.310107231,1,-2.123252909,-0.078182534,-1.348885328,0.010433472,0.836535472,-0.031326175,0.546917012,937,522,327,1.441987825,1.354232652,0.533039518,0.685305562,0.169775652,1,0,ok,map,522,327,862,1,ok,63,TRACKING,90,1,0,-1,0,0,0,nan,nan,0,0,nan,nan,
1750921990.322107315,1,-2.140438795,-0.075827168,-1.338562807,0.008671375,0.839954816,-0.030668306,0.541719641,953,558,380,1.243512088,1.104266479,0.813127073,0.744779019,0.219307941,1,0,ok,map,558,380,828,0,ok,47,TRACKING,90,0,0,-1,0,0,0,nan,nan,0,0,nan,nan,
1750921990.334107399,1,-2.158171882,-0.075116004,-1.330441811,0.009959897,0.843564477,-0.030411524,0.536073608,971,551,382,1.406555037,1.305123021,0.635941637,0.782533234,0.257913158,1,0,ok,map,551,382,828,0,ok,29,TRACKING,90,0,0,-1,0,0,0,nan,nan,0,0,nan,nan,
1750921990.346107483,1,-2.175256478,-0.077617776,-1.320171459,0.010571823,0.846793197,-0.031594020,0.530877891,943,527,366,1.454256947,1.379757131,0.663821106,0.717392419,0.101667389,1,0,ok,map,527,366,828,0,ok,57,TRACKING,90,0,0,-1,0,0,0,nan,nan,0,0,nan,nan,
1750921990.358107567,1,-2.195530034,-0.078012487,-1.310902463,0.010221517,0.850168470,-0.031352310,0.525477047,926,505,327,1.453941938,1.367032998,0.591335643,0.731439515,0.147713600,1,0,ok,map,505,327,828,0,ok,74,TRACKING,90,0,0,-1,0,0,0,nan,nan,0,0,nan,nan,
1750921990.370107651,1,-2.212709783,-0.073802192,-1.302797377,0.007681175,0.853802929,-0.030759925,0.519630046,932,484,320,1.466537770,1.440914799,0.708830195,0.708968008,0.105253406,1,0,ok,map,484,320,828,0,ok,68,TRACKING,91,1,0,-1,0,0,0,nan,nan,0,0,nan,nan,
1750921990.382107735,1,-2.227354153,-0.075145049,-1.291009798,0.008297835,0.857071223,-0.031715744,0.514153845,943,529,371,1.310919068,1.220062708,0.758827504,0.742324466,0.099891463,1,0,ok,map,529,371,738,0,ok,57,TRACKING,91,0,0,-1,0,0,0,nan,nan,0,0,nan,nan,
1750921990.394107819,1,-2.244134212,-0.076201554,-1.279804007,0.008087274,0.860317436,-0.031704647,0.508707500,949,520,357,1.399258306,1.315694864,0.631730569,0.726958274,0.130846172,1,0,ok,map,520,357,738,0,ok,51,TRACKING,91,0,0,-1,0,0,0,nan,nan,0,0,nan,nan,
1750921990.406107903,1,-2.261615560,-0.074293365,-1.271472348,0.007808354,0.863393452,-0.031732116,0.503471797,936,499,297,1.459015671,1.375947154,0.682459212,0.696591584,0.196180597,1,0,ok,map,499,297,738,0,ok,64,TRACKING,91,0,0,-1,0,0,0,nan,nan,0,0,nan,nan,
1750921990.418107986,1,-2.278581940,-0.075559720,-1.261114065,0.007927243,0.866404539,-0.032881436,0.498195889,952,481,277,1.497443257,1.447323725,0.679413464,0.708589610,0.139756890,1,0,ok,map,481,277,738,0,ok,48,TRACKING,91,0,0,-1,0,0,0,nan,nan,0,0,nan,nan,
1750921990.430108070,1,-2.293069589,-0.075973273,-1.250716402,0.006368264,0.869896678,-0.033459636,0.492056569,870,427,251,1.550256460,1.459025372,0.557581114,0.702778165,0.198606548,1,0,ok,map,427,251,738,0,ok,130,TRACKING,92,1,0,-1,0,0,0,nan,nan,0,0,nan,nan,
1750921990.442108154,1,-2.308622814,-0.075548605,-1.238803003,0.005164642,0.872954057,-0.032621030,0.486683068,963,505,339,1.367844092,1.167638546,0.628887493,0.728122590,0.195348980,1,0,ok,map,505,339,715,0,ok,37,TRACKING,92,0,0,-1,0,0,0,nan,nan,0,0,nan,nan,
1750921990.454108238,1,-2.324534906,-0.073734985,-1.225757694,0.005337885,0.876076252,-0.031712236,0.481098994,952,492,327,1.561229140,1.483387003,0.601431969,0.740744231,0.191953768,1,0,ok,map,492,327,715,0,ok,48,TRACKING,92,0,0,-1,0,0,0,nan,nan,0,0,nan,nan,
1750921990.466108322,1,-2.343167312,-0.076559276,-1.212263041,0.005700939,0.878893165,-0.032449139,0.475879562,946,485,318,1.549326260,1.473970870,0.513780391,0.686138531,0.198531872,1,0,ok,map,485,318,715,0,ok,54,TRACKING,92,0,0,-1,0,0,0,nan,nan,0,0,nan,nan,
1750921990.478108406,1,-2.359830974,-0.076420944,-1.202148266,0.004780854,0.881858401,-0.032066209,0.470398409,957,476,296,1.520496753,1.528721302,0.725618446,0.723189728,0.098945149,1,0,ok,map,476,296,715,0,ok,43,TRACKING,92,0,0,-1,0,0,0,nan,nan,0,0,nan,nan,
1750921990.490108490,1,-2.378245886,-0.071795950,-1.188529019,0.002482906,0.885254025,-0.031429860,0.464038049,957,467,293,1.507704642,1.468072560,0.622622297,0.719887012,0.131461787,1,0,ok,map,467,293,715,0,ok,43,TRACKING,93,1,8,25,121,1,0,0.004392291,0.001315578,89,65,0.730337079,1.212741280,ok
1750921990.502108574,1,-2.398227130,-0.072121035,-1.179451687,0.002788697,0.887977967,-0.030661479,0.458854254,949,511,299,1.477771303,1.312194542,0.537114591,0.677696564,0.230674192,1,0,ok,map,511,299,731,0,ok,51,TRACKING,93,0,0,-1,0,0,0,nan,nan,0,0,nan,nan,
1750921990.514108658,1,-2.412426819,-0.072349647,-1.166026133,0.002991074,0.890878691,-0.029174673,0.453293559,957,495,301,1.472398165,1.377596693,0.650079478,0.738979819,0.101128603,1,0,ok,map,495,301,731,0,ok,43,TRACKING,93,0,0,-1,0,0,0,nan,nan,0,0,nan,nan,
1750921990.526108742,1,-2.426090625,-0.073889490,-1.154196920,0.003183494,0.893607463,-0.028564709,0.447928146,949,483,276,1.643857162,1.472672381,0.472740755,0.693662805,0.274329631,1,0,ok,map,483,276,731,0,ok,51,TRACKING,93,0,0,-1,0,0,0,nan,nan,0,0,nan,nan,
1750921990.538108826,1,-2.449329311,-0.071481881,-1.133506448,0.002603014,0.896254608,-0.028597563,0.442609400,932,471,257,1.595026397,1.553893850,0.687200155,0.684050899,0.130797049,1,0,ok,map,471,257,731,0,ok,68,TRACKING,93,0,0,-1,0,0,0,nan,nan,0,0,nan,nan,
1750921990.550108910,1,-2.457936668,-0.068968306,-1.120426903,0.001854855,0.899101020,-0.029111994,0.436768139,939,453,248,1.645780066,1.621050424,0.612221669,0.684101735,0.249159107,1,0,ok,map,453,248,731,0,ok,61,TRACKING,94,1,0,-1,0,0,0,nan,nan,0,0,nan,nan,
1750921990.562108994,1,-2.474912806,-0.071691658,-1.103630466,0.002759096,0.901632677,-0.030633792,0.431407550,960,536,394,1.214207637,1.043727909,0.670286769,0.708976831,0.103592381,1,0,ok,map,536,394,757,0,ok,40,TRACKING,94,0,0,-1,0,0,0,nan,nan,0,0,nan,nan,
1750921990.574109077,1,-2.485442436,-0.072500624,-1.093323824,0.002503768,0.904198299,-0.030151348,0.426039978,967,525,322,1.492212151,1.387866300,0.496890173,0.684595125,0.199404705,1,0,ok,map,525,322,757,0,ok,33,TRACKING,94,0,0,-1,0,0,0,nan,nan,0,0,nan,nan,
1750921990.586109161,1,-2.500124464,-0.074395950,-1.075274125,0.002230140,0.906899717,-0.028444831,0.420379377,956,516,319,1.713257734,1.598425102,0.547688068,0.745526072,0.206838920,1,0,ok,map,516,319,757,0,ok,44,TRACKING,94,0,0,-1,0,0,0,nan,nan,0,0,nan,nan,
1750921990.598109245,1,-2.523778396,-0.069758213,-1.056792481,0.001590746,0.909228791,-0.028446576,0.415320680,954,502,276,1.626734982,1.541372472,0.582393325,0.642366280,0.180677737,1,0,ok,map,502,276,757,0,ok,46,TRACKING,94,0,0,-1,0,0,0,nan,nan,0,0,nan,nan,
1750921990.610109329,1,-2.528184572,-0.070164615,-1.048925407,0.001641617,0.912009509,-0.028717322,0.409159231,966,492,281,1.728156523,1.643609578,0.599297369,0.712515123,0.308851291,1,0,ok,map,492,281,757,0,ok,34,TRACKING,95,1,0,-1,0,0,0,nan,nan,0,0,nan,nan,
1750921990.622109413,1,-2.542955566,-0.071268692,-1.031653382,0.002352543,0.914539185,-0.029391319,0.403421238,959,566,407,1.336039335,1.112213550,0.665983643,0.727305842,0.138480392,1,0,ok,map,566,407,742,0,ok,41,TRACKING,95,0,0,-1,0,0,0,nan,nan,0,0,nan,nan,
1750921990.634109497,1,-2.556871608,-0.071036193,-1.016728100,0.002869214,0.916980995,-0.029853077,0.397801980,946,553,376,1.297514597,1.125771388,0.626519669,0.706564306,0.127702935,1,0,ok,map,553,376,742,0,ok,54,TRACKING,95,0,0,-1,0,0,0,nan,nan,0,0,nan,nan,
1750921990.646109581,1,-2.573968290,-0.073084136,-0.998519898,0.003090979,0.919441303,-0.029602500,0.392099259,957,540,355,1.490675541,1.389220695,0.610788565,0.712739603,0.131796023,1,0,ok,map,540,355,742,0,ok,43,TRACKING,95,0,0,-1,0,0,0,nan,nan,0,0,nan,nan,
1750921990.658109665,1,-2.589941433,-0.072996120,-0.979926689,0.000795433,0.921731565,-0.028620597,0.386770152,950,531,330,1.536534576,1.434394906,0.709523980,0.723638961,0.162809186,1,0,ok,map,531,330,742,0,ok,50,TRACKING,95,0,0,-1,0,0,0,nan,nan,0,0,nan,nan,
1750921990.670109749,1,-2.593564775,-0.070771984,-0.969973708,0.000171634,0.924279274,-0.027025350,0.380759012,963,520,321,1.703692697,1.624507041,0.448628551,0.713648851,0.304706396,1,0,ok,map,520,321,742,0,ok,37,TRACKING,96,1,0,-1,0,0,0,nan,nan,0,0,nan,nan,
1750921990.682109833,1,-2.607723466,-0.070727371,-0.952473637,0.000334575,0.926590201,-0.027176220,0.375089244,963,656,476,1.296376068,1.117280238,0.617205186,0.702064709,0.164432226,1,0,ok,map,656,476,788,0,ok,37,TRACKING,96,0,0,-1,0,0,0,nan,nan,0,0,nan,nan,
1750921990.694109917,1,-2.620053030,-0.069527589,-0.938388077,0.000642948,0.928851750,-0.027842414,0.369403320,965,642,447,1.350710977,1.186905631,0.606211731,0.706235201,0.158761971,1,0,ok,map,642,447,788,0,ok,35,TRACKING,96,0,0,-1,0,0,0,nan,nan,0,0,nan,nan,
1750921990.706110001,1,-2.634392521,-0.069337690,-0.919948633,0.000515973,0.931114151,-0.028488133,0.363613253,950,629,440,1.320455759,1.153817331,0.632196665,0.716325903,0.153873307,1,0,ok,map,629,440,788,0,ok,50,TRACKING,96,0,0,-1,0,0,0,nan,nan,0,0,nan,nan,
1750921990.718110085,1,-2.649999028,-0.072563479,-0.899306829,0.000397966,0.933232307,-0.028887356,0.358110072,951,614,414,1.405099894,1.215264990,0.608504196,0.677399796,0.190549322,1,0,ok,map,614,414,788,0,ok,49,TRACKING,96,0,0,-1,0,0,0,nan,nan,0,0,nan,nan,
1750921990.730110168,1,-2.662568232,-0.073217314,-0.882322991,-0.000678998,0.935391645,-0.028017606,0.352501097,961,604,380,1.408436109,1.313251323,0.589619950,0.706759428,0.145585361,1,0,ok,map,604,380,788,0,ok,39,TRACKING,96,0,0,-1,0,0,0,nan,nan,0,0,nan,nan,
1750921990.742110252,1,-2.667141577,-0.072195772,-0.863633097,-0.000604287,0.937801538,-0.026072454,0.346190898,950,587,356,1.617759880,1.492130774,0.590718008,0.742135073,0.229738298,1,0,ok,map,587,356,788,0,ok,50,TRACKING,97,1,0,-1,0,0,0,nan,nan,0,0,nan,nan,
1750921990.754110336,1,-2.678409204,-0.071199212,-0.846626196,-0.000438489,0.939817574,-0.027209996,0.340591180,945,666,460,1.489620439,1.332769430,0.586152903,0.694606865,0.261445480,1,0,ok,map,666,460,819,0,ok,55,TRACKING,97,0,0,-1,0,0,0,nan,nan,0,0,nan,nan,
1750921990.766110420,1,-2.690876616,-0.071638155,-0.828169685,-0.000244012,0.941843027,-0.027985193,0.334885776,967,652,438,1.411234653,1.329098389,0.577453930,0.699787271,0.171307494,1,0,ok,map,652,438,819,0,ok,33,TRACKING,97,0,0,-1,0,0,0,nan,nan,0,0,nan,nan,
1750921990.778110504,1,-2.704424957,-0.070621990,-0.808911520,0.000762217,0.943952146,-0.028361035,0.328860787,974,648,431,1.620453575,1.485553779,0.651397459,0.741778143,0.262783587,1,0,ok,map,648,431,819,0,ok,26,TRACKING,97,0,0,-1,0,0,0,nan,nan,0,0,nan,nan,
1750921990.790110588,1,-2.718949116,-0.071893873,-0.790048412,0.001111839,0.945770183,-0.029503852,0.323491959,967,641,388,1.679412664,1.495024502,0.609167183,0.663819861,0.272293701,1,0,ok,map,641,388,819,0,ok,33,TRACKING,97,0,0,-1,0,0,0,nan,nan,0,0,nan,nan,
1750921990.802110672,1,-2.724189667,-0.070964608,-0.778488847,0.000321498,0.947632630,-0.029710470,0.317977331,970,634,381,1.678808333,1.509197879,0.408129907,0.673533781,0.314342011,1,0,ok,map,634,381,819,0,ok,30,TRACKING,97,0,0,-1,0,0,0,nan,nan,0,0,nan,nan,
1750921990.814110756,1,-2.741655455,-0.071082540,-0.753671064,0.000697059,0.949513996,-0.029498710,0.312333976,963,624,376,1.527040567,1.430562771,0.552530602,0.683459585,0.164928748,1,0,ok,map,624,376,819,0,ok,37,TRACKING,97,0,0,-1,0,0,0,nan,nan,0,0,nan,nan,
1750921990.826110840,1,-2.753532983,-0.070882584,-0.733041686,-0.001039858,0.951205935,-0.028424906,0.307242920,979,622,364,1.473917674,1.396571181,0.545028743,0.657794785,0.142990467,1,0,ok,map,622,364,819,0,ok,21,TRACKING,97,0,0,-1,0,0,0,nan,nan,0,0,nan,nan,
1750921990.838110924,1,-2.764525865,-0.068198250,-0.718474564,-0.000364861,0.953103104,-0.027817635,0.301364428,975,617,300,1.813162119,1.726295670,0.727943044,0.715444615,0.374160475,1,0,ok,map,617,300,819,0,ok,25,TRACKING,97,0,0,-1,0,0,0,nan,nan,0,0,nan,nan,
1750921990.850111008,1,-2.771973147,-0.072826605,-0.699216706,-0.000208020,0.954669485,-0.029391222,0.296213246,976,604,301,2.098882816,1.939112457,0.665438966,0.643032148,0.433223414,1,0,ok,map,604,301,819,0,ok,24,TRACKING,97,0,0,-1,0,0,0,nan,nan,0,0,nan,nan,
1750921990.862111092,1,-2.774055844,-0.071642495,-0.684014074,-0.000641041,0.956297590,-0.028916694,0.290961050,981,598,296,1.806840116,1.720081253,0.526933906,0.666664224,0.293333182,1,0,ok,map,598,296,819,0,ok,19,TRACKING,98,1,0,-1,0,0,0,nan,nan,0,0,nan,nan,
1750921990.874111176,1,-2.785060192,-0.071369842,-0.662052678,-0.001869563,0.957994359,-0.028728401,0.285338381,973,732,455,1.602085875,1.492228713,0.512476307,0.687914604,0.299606609,1,0,ok,map,732,455,917,0,ok,27,TRACKING,98,0,0,-1,0,0,0,nan,nan,0,0,nan,nan,
1750921990.886111259,1,-2.794481056,-0.071059274,-0.647811233,-0.003094870,0.959531069,-0.029178681,0.280069910,988,727,443,1.498661784,1.303774308,0.487244613,0.646427226,0.290319488,1,0,ok,map,727,443,917,0,ok,12,TRACKING,98,0,0,-1,0,0,0,nan,nan,0,0,nan,nan,
1750921990.898111343,1,-2.807807712,-0.070843194,-0.622461471,-0.002287680,0.961264048,-0.029131315,0.274075834,979,722,423,1.748898364,1.600780246,0.587651399,0.720981219,0.342400507,1,0,ok,map,722,423,917,0,ok,21,TRACKING,98,0,0,-1,0,0,0,nan,nan,0,0,nan,nan,
1750921990.910111427,1,-2.818961093,-0.068078273,-0.608118894,-0.002061113,0.962835650,-0.029818826,0.268428949,972,710,413,1.521235213,1.448175163,0.676169326,0.676782659,0.182484450,1,0,ok,map,710,413,917,0,ok,28,TRACKING,98,0,0,-1,0,0,0,nan,nan,0,0,nan,nan,
1750921990.922111511,1,-2.824135502,-0.070385294,-0.595206619,-0.001870959,0.964353518,-0.030604318,0.262834868,972,700,380,1.657601899,1.462644215,0.469948648,0.670638887,0.354183205,1,0,ok,map,700,380,917,0,ok,28,TRACKING,98,0,0,-1,0,0,0,nan,nan,0,0,nan,nan,
1750921990.934111595,1,-2.836143387,-0.071657261,-0.570451705,-0.002372991,0.965821559,-0.030595856,0.257384886,961,677,395,1.534814491,1.394719309,0.462629330,0.649337379,0.253542152,1,0,ok,map,677,395,917,0,ok,39,TRACKING,98,0,0,-1,0,0,0,nan,nan,0,0,nan,nan,
1750921990.946111679,1,-2.843625377,-0.071931970,-0.554748561,-0.003178351,0.967355349,-0.029764852,0.251649718,957,655,351,1.615311449,1.455336804,0.345093912,0.693103161,0.375119790,1,0,ok,map,655,351,917,0,ok,43,TRACKING,98,0,0,-1,0,0,0,nan,nan,0,0,nan,nan,
1750921990.958111763,1,-2.852982926,-0.062474070,-0.544324677,-0.003720210,0.968888428,-0.028741162,0.245795281,979,646,298,1.949367104,1.797794613,0.462208004,0.706077793,0.437461877,1,0,ok,map,646,298,917,0,ok,21,TRACKING,98,0,0,-1,0,0,0,nan,nan,0,0,nan,nan,
1750921990.970111847,1,-2.861337510,-0.062333777,-0.532435694,-0.002500041,0.970248750,-0.031056587,0.240097065,967,631,293,1.879476599,1.709492715,0.799300748,0.735266084,0.397728552,1,0,ok,map,631,293,917,0,ok,33,TRACKING,98,0,0,-1,0,0,0,nan,nan,0,0,nan,nan,
1750921990.982111931,1,-2.874429078,-0.061797850,-0.492427899,-0.003066810,0.971594901,-0.032998938,0.234318188,965,623,278,2.080071433,1.957385087,0.782737222,0.718386133,0.532352057,1,0,ok,map,623,278,917,0,ok,35,TRACKING,98,0,0,-1,0,0,0,nan,nan,0,0,nan,nan,
1750921990.994112015,1,-2.881244475,-0.064771611,-0.484097818,-0.001947953,0.973027936,-0.034380955,0.228102590,958,614,272,2.066838075,1.910719835,0.899910029,0.758810827,0.594572273,1,0,ok,map,614,272,917,0,ok,42,TRACKING,98,0,0,-1,0,0,0,nan,nan,0,0,nan,nan,
1750921991.006112099,1,-2.891035519,-0.073322125,-0.459467453,-0.002393621,0.974329355,-0.034352449,0.222478063,973,609,256,1.900803903,1.739209537,0.476935010,0.663528898,0.445155568,1,0,ok,map,609,256,917,0,ok,27,TRACKING,98,0,0,-1,0,0,0,nan,nan,0,0,nan,nan,
1750921991.018112183,1,-2.899647774,-0.073164994,-0.436820099,-0.005313884,0.975651724,-0.032151691,0.216891091,984,603,242,1.927314169,1.735973109,0.399477178,0.780017331,0.461435035,1,0,ok,map,603,242,917,0,ok,16,TRACKING,98,0,0,-1,0,0,0,nan,nan,0,0,nan,nan,
1750921991.030112267,1,-2.902842499,-0.058577478,-0.423416334,-0.005511697,0.976797221,-0.029800227,0.212011219,969,592,222,1.674468775,1.576122435,0.951776433,0.760659679,0.374268182,1,0,ok,map,592,222,917,0,ok,31,TRACKING,99,1,0,-1,0,0,0,nan,nan,0,0,nan,nan,
1750921991.042112350,1,-2.909810458,-0.057113285,-0.407669551,-0.004963850,0.977997828,-0.031489021,0.206165106,963,716,385,1.400316014,1.151860560,0.772492148,0.713517864,0.230940003,1,0,ok,map,716,385,1023,0,ok,37,TRACKING,99,0,0,-1,0,0,0,nan,nan,0,0,nan,nan,
1750921991.054112434,1,-2.917608918,-0.060644408,-0.385761893,-0.005532752,0.979074391,-0.033486400,0.200652401,970,707,383,1.421627911,1.272515586,0.737391155,0.686232134,0.198402876,1,0,ok,map,707,383,1023,0,ok,30,TRACKING,99,0,0,-1,0,0,0,nan,nan,0,0,nan,nan,
1750921991.066112518,1,-2.925147224,-0.060282870,-0.356048354,-0.005424712,0.980318819,-0.033267396,0.194522149,968,699,355,1.635814493,1.445548670,0.590897821,0.717350022,0.342091308,1,0,ok,map,699,355,1023,0,ok,32,TRACKING,99,0,0,-1,0,0,0,nan,nan,0,0,nan,nan,
1750921991.078112602,1,-2.932837221,-0.063119630,-0.339010300,-0.005593355,0.981459468,-0.033276028,0.188676264,976,691,321,1.605064660,1.382217193,0.770902579,0.682797141,0.334968333,1,0,ok,map,691,321,1023,0,ok,24,TRACKING,99,0,0,-1,0,0,0,nan,nan,0,0,nan,nan,
1750921991.090112686,1,-2.938992673,-0.059619143,-0.318556933,-0.007177605,0.982617665,-0.031932782,0.182732876,979,682,334,1.463709815,1.388070372,0.584479242,0.733561250,0.165276015,1,0,ok,map,682,334,1023,0,ok,21,TRACKING,99,0,0,-1,0,0,0,nan,nan,0,0,nan,nan,
1750921991.102112770,1,-2.945973128,-0.060134780,-0.304483542,-0.007358208,0.983730955,-0.031707764,0.176674513,975,668,317,1.414354699,1.284195932,0.686116016,0.706636549,0.140377668,1,0,ok,map,668,317,1023,0,ok,25,TRACKING,99,0,0,-1,0,0,0,nan,nan,0,0,nan,nan,
1750921991.114112854,1,-2.951119763,-0.059498044,-0.282215893,-0.007111780,0.984799389,-0.031448510,0.170676821,970,654,328,1.486909524,1.369520127,0.595649874,0.699308193,0.224057441,1,0,ok,map,654,328,1023,0,ok,30,TRACKING,99,0,0,-1,0,0,0,nan,nan,0,0,nan,nan,
1750921991.126112938,1,-2.957524514,-0.057167722,-0.269114767,-0.008012820,0.985823627,-0.031474933,0.164611358,960,641,295,1.473371587,1.390402252,0.682587751,0.712420488,0.192017410,1,0,ok,map,641,295,1023,0,ok,40,TRACKING,99,0,0,-1,0,0,0,nan,nan,0,0,nan,nan,
1750921991.138113022,1,-2.961185326,-0.057642593,-0.239287695,-0.008909059,0.986737595,-0.033113441,0.158660164,962,630,288,1.776415406,1.502348690,0.707526784,0.722382602,0.442795147,1,0,ok,map,630,288,1023,0,ok,38,TRACKING,99,0,0,-1,0,0,0,nan,nan,0,0,nan,nan,
1750921991.150113106,1,-2.967949398,-0.065722038,-0.215389084,-0.009669381,0.987627179,-0.033636398,0.152864812,972,619,238,1.897147350,1.657733884,0.504311613,0.680148380,0.893661437,1,0,ok,map,619,238,1023,0,ok,28,TRACKING,99,0,0,-1,0,0,0,nan,nan,0,0,nan,nan,
1750921991.162113190,1,-2.977562578,-0.061780579,-0.197006881,-0.008418119,0.988674466,-0.031495100,0.146492300,975,606,245,1.668770641,1.605172515,0.984039230,0.792727835,0.322765880,1,0,ok,map,606,245,1023,0,ok,25,TRACKING,99,0,0,-1,0,0,0,nan,nan,0,0,nan,nan,
1750921991.174113274,1,-2.971624893,-0.059243913,-0.175218104,-0.006870163,0.989299112,-0.029838353,0.142652520,977,593,235,1.865138227,1.817322997,0.839254856,0.726072289,0.542335162,1,0,ok,map,593,235,1023,0,ok,23,TRACKING,100,1,0,-1,0,0,0,nan,nan,0,0,nan,nan,
1750921991.186113358,1,-2.975384169,-0.056848083,-0.156309468,-0.006652777,0.990128977,-0.030075999,0.136732528,965,720,414,1.293106103,1.179475203,0.632696968,0.686008485,0.070556398,1,0,ok,map,720,414,1092,0,ok,35,TRACKING,100,0,0,-1,0,0,0,nan,nan,0,0,nan,nan,
1750921991.198113441,1,-2.978058848,-0.056186807,-0.133162708,-0.007765635,0.990931938,-0.031110676,0.130482621,969,712,388,1.570808205,1.400608033,0.632222867,0.742772921,0.331118113,1,0,ok,map,712,388,1092,0,ok,31,TRACKING,100,0,0,-1,0,0,0,nan,nan,0,0,nan,nan,
1750921991.210113525,1,-2.981903843,-0.054969517,-0.113987984,-0.007711389,0.991671039,-0.033294705,0.124179495,956,692,366,1.559444188,1.461189652,0.668881367,0.769119939,0.352073506,1,0,ok,map,692,366,1092,0,ok,44,TRACKING,100,0,0,-1,0,0,0,nan,nan,0,0,nan,nan,
1750921991.222113609,1,-2.985691223,-0.058552458,-0.086174130,-0.006507710,0.992413188,-0.035115011,0.117646296,977,683,366,1.440185151,1.365690330,0.720916290,0.793880725,0.079754376,1,0,ok,map,683,366,1092,0,ok,23,TRACKING,100,0,0,-1,0,0,0,nan,nan,0,0,nan,nan,
1750921991.234113693,1,-2.989185491,-0.064047610,-0.069587610,-0.006373132,0.993155556,-0.034456616,0.111418881,971,667,348,1.571079977,1.553349826,0.602814716,0.722777001,0.137415600,1,0,ok,map,667,348,1092,0,ok,29,TRACKING,100,0,0,-1,0,0,0,nan,nan,0,0,nan,nan,
1750921991.246113777,1,-2.990160229,-0.064037389,-0.048771625,-0.008387144,0.993913670,-0.031001428,0.105376392,975,649,336,1.596962256,1.439750332,0.717919748,0.834878016,0.314679876,1,0,ok,map,649,336,1092,0,ok,25,TRACKING,100,0,0,-1,0,0,0,nan,nan,0,0,nan,nan,
1750921991.258113861,1,-2.993553460,-0.050504304,-0.026315043,-0.008422051,0.994692596,-0.028731180,0.098438957,949,623,297,1.558851068,1.537376728,0.805351254,0.841216082,0.130438032,1,0,ok,map,623,297,1092,0,ok,51,TRACKING,100,0,0,-1,0,0,0,nan,nan,0,0,nan,nan,
1750921991.270113945,1,-2.995157480,-0.052534732,-0.007342075,-0.007744571,0.995259465,-0.030725885,0.091948572,980,617,289,1.777378017,1.562076200,0.706619029,0.784633853,1.161676804,1,0,ok,map,617,289,1092,0,ok,20,TRACKING,100,0,0,-1,0,0,0,nan,nan,0,0,nan,nan,
1750921991.282114029,1,-2.988034516,-0.055837011,0.018369645,-0.007461287,0.995517713,-0.031850116,0.088737721,935,580,274,1.693697207,1.533276520,0.532749073,0.732279382,0.657707173,1,0,ok,map,580,274,1092,0,ok,65,TRACKING,101,1,0,-1,0,0,0,nan,nan,0,0,nan,nan,
1750921991.294114113,1,-2.990299938,-0.054677967,0.040002776,-0.006378098,0.996105240,-0.032396581,0.081756537,969,733,483,1.224799063,1.054389462,0.780006976,0.814763386,0.105049482,1,0,ok,map,733,483,1128,0,ok,31,TRACKING,101,0,0,-1,0,0,0,nan,nan,0,0,nan,nan,
1750921991.306114197,1,-2.991733969,-0.055554671,0.059926413,-0.006523213,0.996609929,-0.032719963,0.075203072,980,729,493,1.313889187,1.189985511,0.735304996,0.754291086,0.076376243,1,0,ok,map,729,493,1128,0,ok,20,TRACKING,101,0,0,-1,0,0,0,nan,nan,0,0,nan,nan,
1750921991.318114281,1,-2.992372041,-0.056503628,0.086192103,-0.006629523,0.997128963,-0.032017489,0.068299056,972,721,456,1.426645359,1.311557925,0.914335825,0.797542467,0.250456994,1,0,ok,map,721,456,1128,0,ok,28,TRACKING,101,0,0,-1,0,0,0,nan,nan,0,0,nan,nan,
1750921991.330114365,1,-2.994136486,-0.053574317,0.101343881,-0.006455828,0.997592809,-0.031320834,0.061529792,977,715,450,1.459574440,1.373416931,0.795293103,0.781861836,0.075386227,1,0,ok,map,715,450,1128,0,ok,23,TRACKING,101,0,0,-1,0,0,0,nan,nan,0,0,nan,nan,
1750921991.342114449,1,-2.993029568,-0.051560527,0.123001211,-0.006446192,0.997989811,-0.031268509,0.054745440,971,703,452,1.507614473,1.454328092,0.717490331,0.778784799,0.129208613,1,0,ok,map,703,452,1128,0,ok,29,TRACKING,101,0,0,-1,0,0,0,nan,nan,0,0,nan,nan,
1750921991.354114532,1,-2.991671781,-0.052337555,0.146139207,-0.006287658,0.998291840,-0.032447112,0.048177301,978,694,413,1.496513107,1.419464890,0.600324971,0.765674650,0.177447868,1,0,ok,map,694,413,1128,0,ok,22,TRACKING,101,0,0,-1,0,0,0,nan,nan,0,0,nan,nan,
1750921991.366114616,1,-2.991998178,-0.053721919,0.172744697,-0.005578317,0.998589133,-0.032833309,0.041359406,983,688,400,1.415893086,1.345096297,0.797335587,0.787474788,0.103428760,1,0,ok,map,688,400,1128,0,ok,17,TRACKING,101,0,0,-1,0,0,0,nan,nan,0,0,nan,nan,
1750921991.378114700,1,-2.991929248,-0.053814833,0.189920553,-0.004675062,0.998873212,-0.032230454,0.034520240,984,679,407,1.518094517,1.387165652,0.803112222,0.794197902,0.193149891,1,0,ok,map,679,407,1128,0,ok,16,TRACKING,101,0,0,-1,0,0,0,nan,nan,0,0,nan,nan,
1750921991.390114784,1,-2.990617455,-0.052027887,0.216009599,-0.006054849,0.999108839,-0.031033832,0.027960126,970,672,399,1.452645951,1.385370863,0.809944341,0.780792539,0.060924537,1,0,ok,map,672,399,1128,0,ok,30,TRACKING,101,0,0,-1,0,0,0,nan,nan,0,0,nan,nan,
1750921991.402114868,1,-2.989441667,-0.050083303,0.233335947,-0.006486700,0.999283493,-0.030914878,0.020849331,972,661,374,1.523252187,1.459785526,0.826387060,0.816699211,0.124938910,1,0,ok,map,661,374,1128,0,ok,28,TRACKING,101,0,0,-1,0,0,0,nan,nan,0,0,nan,nan,
1750921991.414114952,1,-2.988083122,-0.049115173,0.264495980,-0.005587872,0.999380493,-0.031889596,0.013800726,974,658,354,1.572619027,1.491917533,0.946559723,0.821953276,0.170693441,1,0,ok,map,658,354,1128,0,ok,26,TRACKING,101,0,0,-1,0,0,0,nan,nan,0,0,nan,nan,
1750921991.426115036,1,-2.986956174,-0.050021014,0.281539376,-0.005072705,0.999417504,-0.033048372,0.006835537,972,647,325,1.496662290,1.414970181,0.873473138,0.811285530,0.158846273,1,0,ok,map,647,325,1128,0,ok,28,TRACKING,101,0,0,-1,0,0,0,nan,nan,0,0,nan,nan,
1750921991.438115120,1,-2.975617438,-0.051172865,0.303437919,-0.003732556,0.999439054,-0.033037268,0.004023012,955,632,327,1.592522622,1.594543994,0.821868295,0.805338897,0.124385534,1,0,ok,map,632,327,1128,0,ok,45,TRACKING,102,1,0,-1,0,0,0,nan,nan,0,0,nan,nan,
1750921991.450115204,1,-2.972715565,-0.050544533,0.325150546,-0.005127654,0.999483681,-0.031588583,-0.002870698,953,686,418,1.425367805,1.212801441,0.542244990,0.822911224,0.316639414,1,0,ok,map,686,418,1089,0,ok,47,TRACKING,102,0,0,-1,0,0,0,nan,nan,0,0,nan,nan,
1750921991.462115288,1,-2.968859797,-0.046885117,0.346732728,-0.006144321,0.999467887,-0.030496557,-0.009805637,929,656,373,1.515197643,1.442710318,0.565460050,0.812873327,0.353852489,1,0,ok,map,656,373,1089,0,ok,71,TRACKING,102,0,0,-1,0,0,0,nan,nan,0,0,nan,nan,
1750921991.474115372,1,-2.970184007,-0.046248398,0.353899735,-0.005541894,0.999330718,-0.031884075,-0.017053148,968,640,347,1.618196356,1.571374384,1.112584355,0.848547179,0.329301132,1,0,ok,map,640,347,1089,0,ok,32,TRACKING,102,0,0,-1,0,0,0,nan,nan,0,0,nan,nan,
1750921991.486115456,1,-2.964465162,-0.047741132,0.386222048,-0.005876968,0.999132563,-0.033565103,-0.023936709,971,627,370,1.625351120,1.560642205,0.919240954,0.813204713,0.221339526,1,0,ok,map,627,370,1089,0,ok,29,TRACKING,102,0,0,-1,0,0,0,nan,nan,0,0,nan,nan,
1750921991.498115540,1,-2.961815374,-0.046805527,0.409525748,-0.006198694,0.998926179,-0.033663513,-0.031222324,966,610,345,1.587865584,1.486220143,1.196135938,0.836096044,0.362509295,1,0,ok,map,610,345,1089,0,ok,34,TRACKING,102,0,0,-1,0,0,0,nan,nan,0,0,nan,nan,
1750921991.510115623,1,-2.949631581,-0.048628539,0.432161884,-0.005939385,0.998868502,-0.033442205,-0.033287500,969,597,327,1.583394305,1.469167099,1.209389688,0.780006247,0.573338036,1,0,ok,map,597,327,1089,0,ok,31,TRACKING,103,1,2,35,106,1,0,0.014536645,0.002167964,61,24,0.393442623,0.903741902,ok
1750921991.522115707,1,-2.909410525,-0.038268625,0.464003851,-0.006028375,0.998649859,-0.032205353,-0.040310458,968,643,206,2.204546772,1.909983703,1.665306537,0.817606457,2.302311013,1,0,ok,map,643,206,980,0,ok,32,TRACKING,103,0,0,-1,0,0,0,nan,nan,0,0,nan,nan,
1750921991.534115791,1,-2.924940191,-0.042659304,0.454698953,-0.005446762,0.998368186,-0.031095592,-0.047585305,965,626,203,2.424544569,2.120825244,1.641354605,0.846527080,0.804163009,1,0,ok,map,626,203,980,0,ok,35,TRACKING,103,0,0,-1,0,0,0,nan,nan,0,0,nan,nan,
1750921991.546115875,1,-2.900584066,-0.041032363,0.502566815,-0.005400918,0.997991120,-0.031454046,-0.054728390,964,613,198,2.233535972,2.138893563,2.029312109,0.820723974,1.556802883,1,0,ok,map,613,198,980,0,ok,36,TRACKING,103,0,0,-1,0,0,0,nan,nan,0,0,nan,nan,
1750921991.558115959,1,-2.897055596,-0.036605050,0.521640974,-0.005109747,0.997575489,-0.031451752,-0.061869385,958,596,187,2.538427817,2.085758399,2.229881381,0.820363266,1.952543373,1,0,ok,map,596,187,980,0,ok,42,TRACKING,103,0,0,-1,0,0,0,nan,nan,0,0,nan,nan,
1750921991.570116043,1,-2.903528332,-0.044871388,0.565032066,-0.006032801,0.996935613,-0.032376044,-0.070956194,973,586,170,3.234189377,2.903772306,1.949455095,0.831707884,1.640886606,1,0,ok,map,586,170,980,0,ok,27,TRACKING,104,1,0,-1,0,0,0,nan,nan,0,0,nan,nan,
1750921991.582116127,1,-2.904184645,-0.042160769,0.572574755,-0.006357920,0.996411907,-0.032322687,-0.077962375,953,609,308,1.839204918,1.833833928,0.705310678,0.805975447,0.335150503,1,0,ok,map,609,308,915,0,ok,47,TRACKING,104,0,0,-1,0,0,0,nan,nan,0,0,nan,nan,
1750921991.594116211,1,-2.896428523,-0.041967628,0.598545440,-0.006133724,0.995827529,-0.031503644,-0.085424999,969,597,290,1.774917736,1.779239989,0.733914212,0.863275400,0.407221816,1,0,ok,map,597,290,915,0,ok,31,TRACKING,104,0,0,-1,0,0,0,nan,nan,0,0,nan,nan,
1750921991.606116295,1,-2.891825770,-0.041785635,0.616522397,-0.006377990,0.995248624,-0.030044450,-0.092394961,940,577,270,1.882880209,1.797136112,0.668625859,0.819186511,0.542148846,1,0,ok,map,577,270,915,0,ok,60,TRACKING,104,0,0,-1,0,0,0,nan,nan,0,0,nan,nan,
1750921991.618116379,1,-2.882197108,-0.041503669,0.642048306,-0.005930025,0.994593809,-0.028571119,-0.099657825,963,568,265,1.796173338,1.789686211,0.806433476,0.854069320,0.336851831,1,0,ok,map,568,265,915,0,ok,37,TRACKING,104,0,0,-1,0,0,0,nan,nan,0,0,nan,nan,
1750921991.630116463,1,-2.892877236,-0.043768057,0.654156141,-0.006197076,0.993549801,-0.028957251,-0.109461713,962,559,263,1.764207201,1.693438530,0.834713138,0.841746362,0.283879133,1,0,ok,map,559,263,915,0,ok,38,TRACKING,105,1,0,-1,0,0,0,nan,nan,0,0,nan,nan,
1750921991.642116547,1,-2.884407835,-0.041851541,0.674015410,-0.007003436,0.992749186,-0.029340181,-0.116357894,956,591,366,1.502780220,1.446635442,0.825646376,0.802102855,0.227980332,1,0,ok,map,591,366,815,0,ok,44,TRACKING,105,0,0,-1,0,0,0,nan,nan,0,0,nan,nan,
1750921991.654116631,1,-2.879020682,-0.040858225,0.692905529,-0.007089312,0.991860589,-0.029877069,-0.123570526,951,590,345,1.571350931,1.488716685,0.893745209,0.835084862,0.230224498,1,0,ok,map,590,345,815,0,ok,49,TRACKING,105,0,0,-1,0,0,0,nan,nan,0,0,nan,nan,
1750921991.666116714,1,-2.872480681,-0.042771968,0.708304934,-0.006237253,0.990904337,-0.031340314,-0.130719074,965,587,319,1.586142985,1.627198890,0.841999038,0.848933290,0.535315203,1,0,ok,map,587,319,815,0,ok,35,TRACKING,105,0,0,-1,0,0,0,nan,nan,0,0,nan,nan,
1750921991.678116798,1,-2.863296679,-0.045639588,0.727151696,-0.006270622,0.990000312,-0.031006533,-0.137472381,965,587,307,1.884158526,1.838215853,1.379582228,0.781722025,1.327655096,1,0,ok,map,587,307,815,0,ok,35,TRACKING,105,0,0,-1,0,0,0,nan,nan,0,0,nan,nan,
1750921991.690116882,1,-2.854497791,-0.045277080,0.751501477,-0.007225266,0.989086427,-0.029070262,-0.144259330,962,585,302,1.610852297,1.643798133,0.620553741,0.822816667,0.257704199,1,0,ok,map,585,302,815,0,ok,38,TRACKING,105,0,0,-1,0,0,0,nan,nan,0,0,nan,nan,
1750921991.702116966,1,-2.860700169,-0.040009980,0.759516499,-0.008524861,0.987605292,-0.027797797,-0.154241357,955,580,274,2.027419119,1.948866095,0.693800464,0.820066860,1.226990710,1,0,ok,map,580,274,815,0,ok,45,TRACKING,106,1,0,-1,0,0,0,nan,nan,0,0,nan,nan,
1750921991.714117050,1,-2.854163863,-0.039277033,0.776832684,-0.007676839,0.986336870,-0.029685233,-0.161862386,962,593,365,1.597306853,1.540701738,0.856153758,0.916523894,0.586763077,1,0,ok,map,593,365,660,0,ok,38,TRACKING,106,0,0,-1,0,0,0,nan,nan,0,0,nan,nan,
1750921991.726117134,1,-2.845736632,-0.039588929,0.797795222,-0.008167022,0.985164450,-0.030240170,-0.168730074,972,591,350,1.554625675,1.518859577,0.781206967,0.802862004,0.293404073,1,0,ok,map,591,350,660,0,ok,28,TRACKING,106,0,0,-1,0,0,0,nan,nan,0,0,nan,nan,
1750921991.738117218,1,-2.836229092,-0.040437882,0.817466900,-0.008631735,0.983875717,-0.030365581,-0.176045445,971,589,347,1.626905127,1.629168656,0.979518736,0.852975591,0.300077762,1,0,ok,map,589,347,660,0,ok,29,TRACKING,106,0,0,-1,0,0,0,nan,nan,0,0,nan,nan,
1750921991.750117302,1,-2.825410717,-0.040949358,0.838723143,-0.010189042,0.982634341,-0.030175163,-0.182798782,982,589,338,1.602807196,1.429616279,1.094304061,0.807120443,0.540877326,1,0,ok,map,589,338,660,0,ok,18,TRACKING,106,0,0,-1,0,0,0,nan,nan,0,0,nan,nan,
1750921991.762117386,1,-2.814714217,-0.042213148,0.858203405,-0.010347148,0.981329291,-0.029331650,-0.189803620,976,589,320,1.603192047,1.433733789,1.176281295,0.822410090,0.716875689,1,0,ok,map,589,320,660,0,ok,24,TRACKING,106,0,0,-1,0,0,0,nan,nan,0,0,nan,nan,
1750921991.774117470,1,-2.802801064,-0.042189402,0.878472010,-0.009404554,0.979936700,-0.028029376,-0.197103963,972,589,306,1.673519514,1.534895266,1.162435498,0.871340550,0.754239794,1,0,ok,map,589,306,660,0,ok,28,TRACKING,106,0,0,-1,0,0,0,nan,nan,0,0,nan,nan,
1750921991.786117554,1,-2.799068028,-0.037006958,0.884336843,-0.009203795,0.978549061,-0.027398042,-0.203976405,961,589,270,1.807555072,1.764832415,0.412867191,0.806997063,0.803022840,1,0,ok,map,589,270,660,0,ok,39,TRACKING,106,0,0,-1,0,0,0,nan,nan,0,0,nan,nan,
1750921991.798117638,1,-2.800370307,-0.039175752,0.900241574,-0.010135697,0.976084307,-0.029869795,-0.215091814,953,581,239,2.049181359,1.884688152,1.456660296,0.863504113,1.419176509,1,0,ok,map,581,239,660,0,ok,47,TRACKING,107,1,0,-1,0,0,0,nan,nan,0,0,nan,nan,
1750921991.810117722,1,-2.789888901,-0.039546770,0.919506714,-0.011052215,0.974521012,-0.030730104,-0.221906074,955,672,410,1.385673102,1.288562529,0.813281980,0.813990353,0.143415570,1,0,ok,map,672,410,704,0,ok,45,TRACKING,107,0,0,-1,0,0,0,nan,nan,0,0,nan,nan,
1750921991.822117805,1,-2.780333999,-0.041266506,0.937320075,-0.011087373,0.972871877,-0.031342125,-0.228943339,966,669,381,1.454459740,1.413749056,0.899384127,0.831233575,0.147768011,1,0,ok,map,669,381,704,0,ok,34,TRACKING,107,0,0,-1,0,0,0,nan,nan,0,0,nan,nan,
1750921991.834117889,1,-2.768796780,-0.040340057,0.952603978,-0.011181049,0.971292424,-0.030420235,-0.235670577,962,658,369,1.583460503,1.529273464,0.427677673,0.798936244,0.380250365,1,0,ok,map,658,369,704,0,ok,38,TRACKING,107,0,0,-1,0,0,0,nan,nan,0,0,nan,nan,
1750921991.846117973,1,-2.757754794,-0.037964276,0.972219310,-0.011418867,0.969644519,-0.029747155,-0.242433957,928,630,345,1.516590025,1.480336676,0.837120117,0.801884594,0.191817018,1,0,ok,map,630,345,704,0,ok,72,TRACKING,107,0,0,-1,0,0,0,nan,nan,0,0,nan,nan,
1750921991.858118057,1,-2.745842790,-0.037386715,0.987026427,-0.011948901,0.967939857,-0.030091304,-0.249086672,938,601,348,1.494391987,1.440191287,0.622845235,0.790300047,0.233934173,1,0,ok,map,601,348,704,0,ok,62,TRACKING,107,0,0,-1,0,0,0,nan,nan,0,0,nan,nan,
1750921991.870118141,1,-2.731202418,-0.038352459,1.005677776,-0.011987455,0.966108340,-0.031107247,-0.255975224,968,594,332,1.583531366,1.492287167,0.687941459,0.825062861,0.407055334,1,0,ok,map,594,332,704,0,ok,32,TRACKING,107,0,0,-1,0,0,0,nan,nan,0,0,nan,nan,
1750921991.882118225,1,-2.724226734,-0.036261258,1.015359447,-0.012135187,0.963929192,-0.031191040,-0.264046149,965,583,315,1.621580400,1.527905963,0.413208232,0.797922638,0.493211251,1,0,ok,map,583,315,704,0,ok,35,TRACKING,108,1,0,-1,0,0,0,nan,nan,0,0,nan,nan,
1750921991.894118309,1,-2.710596343,-0.038198982,1.033632955,-0.011713762,0.962049692,-0.032526822,-0.270675421,938,681,479,1.300054919,1.188282074,0.798573244,0.805749707,0.027107343,1,0,ok,map,681,479,832,0,ok,62,TRACKING,108,0,0,-1,0,0,0,nan,nan,0,0,nan,nan,
1750921991.906118393,1,-2.695061788,-0.036522944,1.051947560,-0.011367449,0.960122619,-0.032125247,-0.277494694,936,657,419,1.438755729,1.318622516,0.782227179,0.814305877,0.215295071,1,0,ok,map,657,419,832,0,ok,64,TRACKING,108,0,0,-1,0,0,0,nan,nan,0,0,nan,nan,
1750921991.918118477,1,-2.682572937,-0.037812172,1.069252771,-0.011748507,0.958152034,-0.032238707,-0.284195914,964,643,403,1.431411381,1.335247238,0.970118658,0.801713821,0.287036853,1,0,ok,map,643,403,832,0,ok,36,TRACKING,108,0,0,-1,0,0,0,nan,nan,0,0,nan,nan,
1750921991.930118561,1,-2.673132709,-0.037182620,1.078830481,-0.012172940,0.956206999,-0.031400109,-0.290747360,957,627,380,1.458323071,1.369057304,0.829124807,0.790500594,0.067561146,1,0,ok,map,627,380,832,0,ok,43,TRACKING,108,0,0,-1,0,0,0,nan,nan,0,0,nan,nan,
1750921991.942118645,1,-2.656087039,-0.035912789,1.099551279,-0.011789909,0.954128562,-0.031051654,-0.297549121,957,607,372,1.322577107,1.234591894,0.843756944,0.817160760,0.104539346,1,0,ok,map,607,372,832,0,ok,43,TRACKING,108,0,0,-1,0,0,0,nan,nan,0,0,nan,nan,
1750921991.954118729,1,-2.643946263,-0.034847211,1.112572001,-0.011308792,0.951984109,-0.032036257,-0.304256546,949,598,367,1.401415913,1.305383902,0.847756094,0.816655742,0.210315808,1,0,ok,map,598,367,832,0,ok,51,TRACKING,108,0,0,-1,0,0,0,nan,nan,0,0,nan,nan,
1750921991.966118813,1,-2.632323794,-0.035791601,1.124374947,-0.012153796,0.949526650,-0.032622071,-0.311748659,965,592,339,1.462951301,1.324239784,0.824395598,0.755793970,0.209183596,1,0,ok,map,592,339,832,0,ok,35,TRACKING,109,1,0,-1,0,0,0,nan,nan,0,0,nan,nan,
1750921991.978118896,1,-2.618017716,-0.035709419,1.139355028,-0.012571524,0.947370501,-0.032647124,-0.318222024,949,660,454,1.281838862,1.121679487,0.678310303,0.783329771,0.114728775,1,0,ok,map,660,454,891,0,ok,51,TRACKING,109,0,0,-1,0,0,0,nan,nan,0,0,nan,nan,
1750921991.990118980,1,-2.607572729,-0.034990085,1.150427662,-0.012489719,0.945205338,-0.031950476,-0.324669129,930,629,396,1.338878349,1.147412255,0.644097028,0.783468452,0.176936873,1,0,ok,map,629,396,891,0,ok,70,TRACKING,109,0,0,-1,0,0,0,nan,nan,0,0,nan,nan,
1750921992.002119064,1,-2.591311363,-0.035369486,1.168199621,-0.011608363,0.942895066,-0.032142392,-0.331332170,962,624,388,1.401858130,1.296079910,0.952525492,0.814707376,0.211919159,1,0,ok,map,624,388,891,0,ok,38,TRACKING,109,0,0,-1,0,0,0,nan,nan,0,0,nan,nan,
1750921992.014119148,1,-2.574764129,-0.034192996,1.182868492,-0.011251992,0.940638676,-0.031952224,-0.337714863,970,620,378,1.378855510,1.249396994,0.853463909,0.777142030,0.088144414,1,0,ok,map,620,378,891,0,ok,30,TRACKING,109,0,0,-1,0,0,0,nan,nan,0,0,nan,nan,
1750921992.026119232,1,-2.558602553,-0.035843822,1.198097959,-0.012425544,0.938391195,-0.031689163,-0.343894413,952,594,361,1.407605953,1.242502123,0.789702470,0.766004918,0.144452075,1,0,ok,map,594,361,891,0,ok,48,TRACKING,109,0,0,-1,0,0,0,nan,nan,0,0,nan,nan,
1750921992.038119316,1,-2.551180883,-0.035414465,1.204172653,-0.012853118,0.935563430,-0.030253013,-0.351625684,943,576,344,1.464227940,1.184689191,0.821123748,0.815561974,0.353834330,1,0,ok,map,576,344,891,0,ok,57,TRACKING,110,1,0,-1,0,0,0,nan,nan,0,0,nan,nan,
1750921992.050119400,1,-2.533385980,-0.032991556,1.218803886,-0.012493735,0.933114837,-0.029407375,-0.358156131,952,690,480,1.181373146,0.995373810,0.705069618,0.806115677,0.122952632,1,0,ok,map,690,480,991,0,ok,48,TRACKING,110,0,0,-1,0,0,0,nan,nan,0,0,nan,nan,
1750921992.062119484,1,-2.517234600,-0.032131879,1.233826960,-0.011456974,0.930445096,-0.030755805,-0.364958547,947,664,439,1.266822931,1.092065388,0.941513825,0.859771123,0.248863499,1,0,ok,map,664,439,991,0,ok,53,TRACKING,110,0,0,-1,0,0,0,nan,nan,0,0,nan,nan,
1750921992.074119568,1,-2.499514007,-0.032231050,1.247615034,-0.011140638,0.927911736,-0.032204237,-0.371239253,945,653,417,1.325142614,1.207453113,0.783569660,0.794437759,0.106277806,1,0,ok,map,653,417,991,0,ok,55,TRACKING,110,0,0,-1,0,0,0,nan,nan,0,0,nan,nan,
1750921992.086119652,1,-2.489680454,-0.031785706,1.253702136,-0.011540374,0.925306340,-0.033009283,-0.377604798,952,633,399,1.515828058,1.388906583,0.635029508,0.794875069,0.309539519,1,0,ok,map,633,399,991,0,ok,48,TRACKING,110,0,0,-1,0,0,0,nan,nan,0,0,nan,nan,
1750921992.098119736,1,-2.478469321,-0.033008029,1.265633914,-0.012898848,0.922738980,-0.032626229,-0.383825381,959,624,373,1.371188047,1.254381139,0.841947275,0.787931382,0.217512441,1,0,ok,map,624,373,991,0,ok,41,TRACKING,110,0,0,-1,0,0,0,nan,nan,0,0,nan,nan,
1750921992.110119820,1,-2.462381455,-0.033750394,1.275647601,-0.012607111,0.919542682,-0.031047540,-0.391558894,934,586,356,1.278187018,1.212988008,0.794881113,0.841486615,0.107394106,1,0,ok,map,586,356,991,0,ok,66,TRACKING,111,1,0,-1,0,0,0,nan,nan,0,0,nan,nan,
1750921992.122119904,1,-2.447994614,-0.031291627,1.287474700,-0.011890033,0.916743883,-0.029732930,-0.398189945,941,713,495,1.114492510,0.963575593,0.823410401,0.842436950,0.129090253,1,0,ok,map,713,495,1087,0,ok,59,TRACKING,111,0,0,-1,0,0,0,nan,nan,0,0,nan,nan,
1750921992.134119987,1,-2.425933343,-0.031414635,1.301943481,-0.012794125,0.913989254,-0.030223637,-0.404408811,955,700,460,1.293728406,1.127987479,0.771414908,0.788275298,0.066054802,1,0,ok,map,700,460,1087,0,ok,45,TRACKING,111,0,0,-1,0,0,0,nan,nan,0,0,nan,nan,
1750921992.146120071,1,-2.413082974,-0.030422034,1.312521880,-0.012632458,0.911040658,-0.030936502,-0.410960184,968,692,491,1.429942629,1.302697160,0.775818388,0.827516471,0.136765643,1,0,ok,map,692,491,1087,0,ok,32,TRACKING,111,0,0,-1,0,0,0,nan,nan,0,0,nan,nan,
1750921992.158120155,1,-2.394603119,-0.031695256,1.324117355,-0.012961611,0.908239355,-0.031591951,-0.417055415,955,664,443,1.399624530,1.314551036,0.666752203,0.773278816,0.246532418,1,0,ok,map,664,443,1087,0,ok,45,TRACKING,111,0,0,-1,0,0,0,nan,nan,0,0,nan,nan,
1750921992.170120239,1,-2.379580054,-0.030934095,1.334336877,-0.013205371,0.905366337,-0.029954742,-0.423367603,965,654,446,1.434548821,1.297571308,0.652514249,0.817047013,0.220286416,1,0,ok,map,654,446,1087,0,ok,35,TRACKING,111,0,0,-1,0,0,0,nan,nan,0,0,nan,nan,
1750921992.182120323,1,-2.363500755,-0.031049425,1.345360587,-0.012385797,0.902413393,-0.028865781,-0.429724826,967,641,447,1.386717938,1.204633687,0.749644011,0.818282569,0.213511231,1,0,ok,map,641,447,1087,0,ok,33,TRACKING,111,0,0,-1,0,0,0,nan,nan,0,0,nan,nan,
1750921992.194120407,1,-2.343831861,-0.029633034,1.359139678,-0.012103722,0.899334242,-0.028740105,-0.436148400,974,630,407,1.395563381,1.310431505,0.827871278,0.817055090,0.193967845,1,0,ok,map,630,407,1087,0,ok,26,TRACKING,111,0,0,-1,0,0,0,nan,nan,0,0,nan,nan,
1750921992.206120491,1,-2.326255840,-0.032639090,1.370077348,-0.013031995,0.896427272,-0.029184367,-0.442036860,966,614,384,1.419577793,1.378461597,0.792377237,0.761699067,0.172299316,1,0,ok,map,614,384,1087,0,ok,34,TRACKING,111,0,0,-1,0,0,0,nan,nan,0,0,nan,nan,
1750921992.218120575,1,-2.310169000,-0.031201017,1.376153319,-0.012799958,0.892783805,-0.028378562,-0.449408385,934,579,370,1.484293582,1.413559710,0.822122947,0.826670544,0.285690414,1,0,ok,map,579,370,1087,0,ok,66,TRACKING,112,1,0,-1,0,0,0,nan,nan,0,0,nan,nan,
1750921992.230120659,1,-2.292802915,-0.029622722,1.386240511,-0.012602531,0.889651344,-0.028421060,-0.455580843,971,738,557,1.199725994,0.985912031,0.749154382,0.793520947,0.165109456,1,0,ok,map,738,557,1093,0,ok,29,TRACKING,112,0,0,-1,0,0,0,nan,nan,0,0,nan,nan,
1750921992.242120743,1,-2.276466645,-0.029856843,1.396982140,-0.012924895,0.886435484,-0.029185514,-0.461750242,973,730,522,1.204095366,1.010507310,0.742245631,0.802891521,0.124184532,1,0,ok,map,730,522,1093,0,ok,27,TRACKING,112,0,0,-1,0,0,0,nan,nan,0,0,nan,nan,
1750921992.254120827,1,-2.264464290,-0.028613425,1.401559234,-0.012681561,0.883064143,-0.029044291,-0.468180870,970,719,487,1.489293234,1.348695001,0.663932615,0.832650266,0.270541210,1,0,ok,map,719,487,1093,0,ok,30,TRACKING,112,0,0,-1,0,0,0,nan,nan,0,0,nan,nan,
1750921992.266120911,1,-2.239540574,-0.027232422,1.417256221,-0.013375104,0.879838599,-0.029914881,-0.474141589,967,701,478,1.350151068,1.193041681,0.790423528,0.787048183,0.177240697,1,0,ok,map,701,478,1093,0,ok,33,TRACKING,112,0,0,-1,0,0,0,nan,nan,0,0,nan,nan,
1750921992.278120995,1,-2.226927338,-0.028033994,1.422180259,-0.014616094,0.876506717,-0.030378830,-0.480207738,972,691,478,1.395951763,1.301307612,0.729673654,0.807485191,0.212539770,1,0,ok,map,691,478,1093,0,ok,28,TRACKING,112,0,0,-1,0,0,0,nan,nan,0,0,nan,nan,
1750921992.290121078,1,-2.204861743,-0.027195883,1.434067118,-0.014643207,0.873028852,-0.030808116,-0.486474110,965,676,445,1.252029265,1.091668804,0.805655857,0.822733928,0.135692742,1,0,ok,map,676,445,1093,0,ok,35,TRACKING,112,0,0,-1,0,0,0,nan,nan,0,0,nan,nan,
1750921992.302121162,1,-2.188143055,-0.027537662,1.441326720,-0.013955169,0.869484418,-0.030477394,-0.492821701,983,666,454,1.316142792,1.171950674,0.764472922,0.837678802,0.131116987,1,0,ok,map,666,454,1093,0,ok,17,TRACKING,112,0,0,-1,0,0,0,nan,nan,0,0,nan,nan,
1750921992.314121246,1,-2.169650161,-0.027529313,1.450447475,-0.014289099,0.866009641,-0.029766453,-0.498935949,969,644,437,1.343383930,1.214264967,0.795004977,0.810894149,0.122050149,1,0,ok,map,644,437,1093,0,ok,31,TRACKING,112,0,0,-1,0,0,0,nan,nan,0,0,nan,nan,
1750921992.326121330,1,-2.150840352,-0.026993322,1.459311528,0.014264811,-0.862335702,0.030010216,0.505245524,973,631,422,1.462143870,1.328651730,0.761995255,0.837136744,0.157910755,1,0,ok,map,631,422,1093,0,ok,27,TRACKING,112,0,0,-1,0,0,0,nan,nan,0,0,nan,nan,
1750921992.338121414,1,-2.132246022,-0.026753524,1.466375265,0.015651687,-0.858786026,0.029684512,0.511234209,967,615,409,1.441470939,1.338313324,0.696841981,0.814279879,0.130305941,1,0,ok,map,615,409,1093,0,ok,33,TRACKING,112,0,0,-1,0,0,0,nan,nan,0,0,nan,nan,
1750921992.350121498,1,-2.113015252,-0.027436292,1.475264330,0.015438468,-0.855086926,0.030096302,0.517380146,989,610,389,1.454218818,1.310933375,0.835318110,0.823714299,0.396733019,1,0,ok,map,610,389,1093,0,ok,11,TRACKING,112,0,0,-1,0,0,0,nan,nan,0,0,nan,nan,
1750921992.362121582,1,-2.094468732,-0.027614342,1.482798838,0.013982502,-0.851436547,0.029868525,0.523419686,993,608,375,1.492260946,1.394806377,0.779980258,0.826119047,0.329869299,1,0,ok,map,608,375,1093,0,ok,7,TRACKING,112,0,0,-1,0,0,0,nan,nan,0,0,nan,nan,
1750921992.374121666,1,-2.077502594,-0.027614329,1.484485894,0.013763996,-0.847327161,0.028678940,0.530117679,982,605,358,1.703302259,1.647052331,0.638726659,0.828168827,0.272409518,1,0,ok,map,605,358,1093,0,ok,18,TRACKING,113,1,1,43,66,1,0,0.016939405,0.003009332,50,31,0.620000000,1.430864462,ok
1750921992.386121750,1,-2.052534487,-0.027000385,1.499951181,0.014634531,-0.843740293,0.027572060,0.535843195,982,747,262,1.671011328,1.571703240,0.570217257,0.790850807,0.282936702,1,0,ok,map,747,262,1058,0,ok,18,TRACKING,113,0,0,-1,0,0,0,nan,nan,0,0,nan,nan,
1750921992.398121834,1,-2.026003824,-0.026115036,1.520304248,0.014975242,-0.839856190,0.028333402,0.541862104,974,734,226,1.690315477,1.558013710,0.875935521,0.826406731,0.373832247,1,0,ok,map,734,226,1058,0,ok,26,TRACKING,113,0,0,-1,0,0,0,nan,nan,0,0,nan,nan,
1750921992.410121918,1,-2.018805884,-0.028674124,1.512079126,0.015173451,-0.836121050,0.028403845,0.547598921,954,704,238,1.673225520,1.654199427,0.703131311,0.784820630,0.099488375,1,0,ok,map,704,238,1058,0,ok,46,TRACKING,113,0,0,-1,0,0,0,nan,nan,0,0,nan,nan,
1750921992.422122002,1,-2.003189117,-0.030852988,1.553440996,0.015021347,-0.832302516,0.027587057,0.553430968,975,687,190,2.259161232,2.084597607,1.377925355,0.804465815,0.574607219,1,0,ok,map,687,190,1058,0,ok,25,TRACKING,113,0,0,-1,0,0,0,nan,nan,0,0,nan,nan,
1750921992.434122086,1,-1.963458592,-0.025961238,1.539348219,0.014433822,-0.828445108,0.025367232,0.559309281,956,650,180,1.934578831,1.745448997,0.697792951,0.847568789,0.559794983,1,0,ok,map,650,180,1058,0,ok,44,TRACKING,113,0,0,-1,0,0,0,nan,nan,0,0,nan,nan,
1750921992.446122169,1,-1.965685260,-0.028595935,1.573268827,0.013963062,-0.824486904,0.025727253,0.565123426,979,640,166,2.287522744,2.027421567,1.639672290,0.808849985,0.963953025,1,0,ok,map,640,166,1058,0,ok,21,TRACKING,113,0,0,-1,0,0,0,nan,nan,0,0,nan,nan,
1750921992.458122253,1,-1.976773284,-0.028014237,1.568542096,0.014134818,-0.820762663,0.026439928,0.570482066,964,616,149,2.281128781,1.978938511,2.669802623,0.752497177,2.392686978,1,0,ok,map,616,149,1058,0,ok,36,TRACKING,113,0,0,-1,0,0,0,nan,nan,0,0,nan,nan,
1750921992.470122337,1,-1.937102450,-0.033100720,1.550439614,0.014073478,-0.816934590,0.026598160,0.575944746,948,584,149,1.783679072,1.839738314,1.064084070,0.822777414,0.443064877,1,0,ok,map,584,149,1058,0,ok,52,TRACKING,114,1,0,-1,0,0,0,nan,nan,0,0,nan,nan,
1750921992.482122421,1,-1.896887325,-0.028434642,1.554768837,0.014705728,-0.812821906,0.026233369,0.581735422,980,642,230,1.391028551,1.262235066,0.923975271,0.818179932,0.214053807,1,0,ok,map,642,230,1044,0,ok,20,TRACKING,114,0,0,-1,0,0,0,nan,nan,0,0,nan,nan,
1750921992.494122505,1,-1.894623095,-0.033473988,1.569335203,0.014670117,-0.808771847,0.027128045,0.587313338,973,624,199,1.839554108,1.671232377,1.215210035,0.796539463,0.536710845,1,0,ok,map,624,199,1044,0,ok,27,TRACKING,114,0,0,-1,0,0,0,nan,nan,0,0,nan,nan,
1750921992.506122589,1,-1.854904498,-0.029695182,1.575103679,0.013889745,-0.804703182,0.025705618,0.592957912,972,605,183,1.797578245,1.743788136,1.059745643,0.818730400,0.246664684,1,0,ok,map,605,183,1044,0,ok,28,TRACKING,114,0,0,-1,0,0,0,nan,nan,0,0,nan,nan,
1750921992.518122673,1,-1.835429573,-0.032057402,1.563164302,0.013117714,-0.800743556,0.023466185,0.598403728,961,589,177,1.671112089,1.730198555,0.740198323,0.817920925,0.127293058,1,0,ok,map,589,177,1044,0,ok,39,TRACKING,114,0,0,-1,0,0,0,nan,nan,0,0,nan,nan,
1750921992.530122757,1,-1.883653231,-0.024315809,1.572951768,0.011796353,-0.796956699,0.022098323,0.603516801,959,572,174,1.613849450,1.501012320,1.025127222,0.830450412,0.247221553,1,0,ok,map,572,174,1044,0,ok,41,TRACKING,115,1,0,-1,0,0,0,nan,nan,0,0,nan,nan,
1750921992.542122841,1,-1.860598048,-0.026071394,1.578236264,0.011955554,-0.792929734,0.022181110,0.608791836,958,624,274,1.232513036,1.089756468,0.790856404,0.760760226,0.060710069,1,0,ok,map,624,274,1025,0,ok,42,TRACKING,115,0,0,-1,0,0,0,nan,nan,0,0,nan,nan,
1750921992.554122925,1,-1.831544681,-0.026914889,1.579695446,0.012051660,-0.788714421,0.022155182,0.614242190,955,598,270,1.478512955,1.247722371,1.002586258,0.789645737,0.464441072,1,0,ok,map,598,270,1025,0,ok,45,TRACKING,115,0,0,-1,0,0,0,nan,nan,0,0,nan,nan,
1750921992.566123009,1,-1.816265734,-0.026230052,1.580745426,0.012490429,-0.784537589,0.022240119,0.619556404,953,575,265,1.496929896,1.276428183,0.931606514,0.776240180,0.401582430,1,0,ok,map,575,265,1025,0,ok,47,TRACKING,115,0,0,-1,0,0,0,nan,nan,0,0,nan,nan,
1750921992.578123093,1,-1.793212938,-0.029198781,1.586524461,0.012623742,-0.780406270,0.021462605,0.624776801,976,565,266,1.642913109,1.528695684,1.093908921,0.768214839,0.558907315,1,0,ok,map,565,266,1025,0,ok,24,TRACKING,115,0,0,-1,0,0,0,nan,nan,0,0,nan,nan,
1750921992.590123177,1,-1.746942505,-0.030432668,1.591772568,0.012601159,-0.776707085,0.018917471,0.629451701,980,560,245,1.675799736,1.551970602,1.223566244,0.832592140,0.420772752,1,0,ok,map,560,245,1025,0,ok,20,TRACKING,116,1,0,-1,0,0,0,nan,nan,0,0,nan,nan,
1750921992.602123260,1,-1.722839879,-0.023157243,1.593544348,0.011675127,-0.772257282,0.017566254,0.634959691,969,615,287,1.482549851,1.337611746,0.937999943,0.832839124,0.141473979,1,0,ok,map,615,287,969,0,ok,31,TRACKING,116,0,0,-1,0,0,0,nan,nan,0,0,nan,nan,
1750921992.614123344,1,-1.706180292,-0.027247121,1.595792573,0.012046365,-0.767687897,0.018853551,0.640433229,977,604,275,1.665643977,1.549436120,1.112512032,0.831354252,0.565902559,1,0,ok,map,604,275,969,0,ok,23,TRACKING,116,0,0,-1,0,0,0,nan,nan,0,0,nan,nan,
1750921992.626123428,1,-1.676317774,-0.028614233,1.603049065,0.012325785,-0.763170865,0.019301241,0.645790809,975,595,256,1.677998260,1.567368664,1.132583742,0.805293750,0.463721893,1,0,ok,map,595,256,969,0,ok,25,TRACKING,116,0,0,-1,0,0,0,nan,nan,0,0,nan,nan,
1750921992.638123512,1,-1.659312166,-0.029844272,1.600113099,0.012234138,-0.758501932,0.018576410,0.651291073,983,587,259,1.725894072,1.606404800,1.267133702,0.830973379,0.746403711,1,0,ok,map,587,259,969,0,ok,17,TRACKING,116,0,0,-1,0,0,0,nan,nan,0,0,nan,nan,
1750921992.650123596,1,-1.658532381,-0.025122122,1.593435380,0.012504353,-0.754656726,0.017462924,0.655768186,959,561,238,1.474780811,1.401383637,0.789216173,0.801058418,0.021903831,1,0,ok,map,561,238,969,0,ok,41,TRACKING,117,1,0,-1,0,0,0,nan,nan,0,0,nan,nan,
1750921992.662123680,1,-1.625722727,-0.025646106,1.593150637,0.012222361,-0.749923348,0.017244382,0.661186976,972,567,324,1.455159408,1.308433235,0.814201752,0.825502054,0.244171728,1,0,ok,map,567,324,869,0,ok,28,TRACKING,117,0,0,-1,0,0,0,nan,nan,0,0,nan,nan,
1750921992.674123764,1,-1.603871971,-0.024491870,1.592840634,0.012338326,-0.745260438,0.016793570,0.666447763,977,565,296,1.412607556,1.349268839,0.683868531,0.807325736,0.152620339,1,0,ok,map,565,296,869,0,ok,23,TRACKING,117,0,0,-1,0,0,0,nan,nan,0,0,nan,nan,
1750921992.686123848,1,-1.587257993,-0.022176678,1.597265674,0.012460289,-0.740530324,0.017299851,0.671684669,983,562,298,1.499065504,1.504483608,0.790439726,0.810856257,0.089162756,1,0,ok,map,562,298,869,0,ok,17,TRACKING,117,0,0,-1,0,0,0,nan,nan,0,0,nan,nan,
1750921992.698123932,1,-1.566250903,-0.023923295,1.595515119,0.012937048,-0.735770408,0.017757920,0.676874579,982,560,297,1.519012213,1.443206778,0.696921873,0.810521994,0.135352719,1,0,ok,map,560,297,869,0,ok,18,TRACKING,117,0,0,-1,0,0,0,nan,nan,0,0,nan,nan,
1750921992.710124016,1,-1.534127897,-0.025561172,1.590598763,0.012405331,-0.730803619,0.019187834,0.682205252,964,540,280,1.538259683,1.450255228,0.819071972,0.872034553,0.124643921,1,0,ok,map,540,280,869,0,ok,36,TRACKING,118,1,0,-1,0,0,0,nan,nan,0,0,nan,nan,
1750921992.722124100,1,-1.518883131,-0.024696898,1.593105715,0.012739795,-0.725952614,0.020347017,0.687325614,972,560,353,1.280384699,1.093322129,0.764409517,0.819999666,0.109994700,1,0,ok,map,560,353,704,0,ok,28,TRACKING,118,0,0,-1,0,0,0,nan,nan,0,0,nan,nan,
1750921992.734124184,1,-1.501475335,-0.029846239,1.592296453,0.014373581,-0.721459176,0.019542023,0.692031912,975,551,338,1.429736430,1.303762856,0.695384132,0.774300412,0.116366882,1,0,ok,map,551,338,704,0,ok,25,TRACKING,118,0,0,-1,0,0,0,nan,nan,0,0,nan,nan,
1750921992.746124268,1,-1.472874964,-0.028214548,1.589182117,0.014326904,-0.716689024,0.017745327,0.697019861,974,538,304,1.514693936,1.420711187,0.645979634,0.817259573,0.267179788,1,0,ok,map,538,304,704,0,ok,26,TRACKING,118,0,0,-1,0,0,0,nan,nan,0,0,nan,nan,
1750921992.758124352,1,-1.450700433,-0.031636557,1.591638145,0.013122234,-0.711641051,0.016817993,0.702219322,957,518,300,1.607649236,1.547433019,0.717535722,0.848502754,0.176985950,1,0,ok,map,518,300,704,0,ok,43,TRACKING,118,0,0,-1,0,0,0,nan,nan,0,0,nan,nan,
1750921992.770124435,1,-1.442058712,-0.027748682,1.588898844,0.012618835,-0.706901957,0.016953656,0.706995729,973,507,306,1.572994131,1.557467519,0.629925532,0.796538996,0.189914080,1,0,ok,map,507,306,704,0,ok,27,TRACKING,119,1,0,-1,0,0,0,nan,nan,0,0,nan,nan,
1750921992.782124519,1,-1.414533845,-0.029954914,1.587114012,0.013550633,-0.702000727,0.016870456,0.711847419,975,546,365,1.408747944,1.280913559,0.807547216,0.797513797,0.153639683,1,0,ok,map,546,365,717,0,ok,25,TRACKING,119,0,0,-1,0,0,0,nan,nan,0,0,nan,nan,
1750921992.794124603,1,-1.401952276,-0.027134662,1.583593925,0.014405738,-0.696874413,0.017096932,0.716844629,984,542,360,1.433574463,1.341660835,0.674713430,0.826600980,0.191652364,1,0,ok,map,542,360,717,0,ok,16,TRACKING,119,0,0,-1,0,0,0,nan,nan,0,0,nan,nan,
1750921992.806124687,1,-1.383551421,-0.030732234,1.584119103,0.015431958,-0.691901024,0.016952433,0.721628328,978,541,359,1.465167391,1.396641418,0.700489402,0.799620671,0.110145988,1,0,ok,map,541,359,717,0,ok,22,TRACKING,119,0,0,-1,0,0,0,nan,nan,0,0,nan,nan,
1750921992.818124771,1,-1.359704026,-0.031257835,1.580186103,0.014862847,-0.686640786,0.016715745,0.726652676,970,524,341,1.531265136,1.439031776,0.706206076,0.836552263,0.166443097,1,0,ok,map,524,341,717,0,ok,30,TRACKING,119,0,0,-1,0,0,0,nan,nan,0,0,nan,nan,
1750921992.830124855,1,-1.336907392,-0.032248720,1.576658391,0.014838655,-0.681877846,0.015638670,0.731148309,981,523,335,1.537032723,1.400671375,0.612380441,0.791817146,0.182650963,1,0,ok,map,523,335,717,0,ok,19,TRACKING,120,1,0,-1,0,0,0,nan,nan,0,0,nan,nan,
1750921992.842124939,1,-1.319434983,-0.030857895,1.574637393,0.015030323,-0.676732830,0.015275170,0.735916731,960,560,385,1.306425957,1.136716054,0.673166979,0.805229938,0.137312528,1,0,ok,map,560,385,704,0,ok,40,TRACKING,120,0,0,-1,0,0,0,nan,nan,0,0,nan,nan,
1750921992.854125023,1,-1.299947158,-0.031580132,1.568595780,0.015337768,-0.671554082,0.015440191,0.740635854,963,556,390,1.440137981,1.300217263,0.625781383,0.803870258,0.199679727,1,0,ok,map,556,390,704,0,ok,37,TRACKING,120,0,0,-1,0,0,0,nan,nan,0,0,nan,nan,
1750921992.866125107,1,-1.282814069,-0.032160582,1.565175164,0.015010836,-0.666307609,0.016086797,0.745352306,952,546,386,1.516805860,1.469660514,0.671860933,0.812676211,0.143538973,1,0,ok,map,546,386,704,0,ok,48,TRACKING,120,0,0,-1,0,0,0,nan,nan,0,0,nan,nan,
1750921992.878125191,1,-1.256847082,-0.034071271,1.562483620,0.015390439,-0.661233405,0.015591888,0.749860261,972,541,362,1.548857044,1.468415066,0.646353349,0.781060824,0.164710100,1,0,ok,map,541,362,704,0,ok,28,TRACKING,120,0,0,-1,0,0,0,nan,nan,0,0,nan,nan,
1750921992.890125275,1,-1.247850491,-0.033463859,1.558050848,0.015342967,-0.656243192,0.014839572,0.754247475,971,538,352,1.581177254,1.463046291,0.552942336,0.800538429,0.259736940,1,0,ok,map,538,352,704,0,ok,29,TRACKING,121,1,0,-1,0,0,0,nan,nan,0,0,nan,nan,
1750921992.902125359,1,-1.219426654,-0.034307113,1.554944526,0.015174792,-0.651043769,0.014493173,0.758750080,970,589,413,1.348688737,1.239229677,0.646493157,0.789401275,0.144097471,1,0,ok,map,589,413,685,0,ok,30,TRACKING,121,0,0,-1,0,0,0,nan,nan,0,0,nan,nan,
1750921992.914125443,1,-1.206747203,-0.038287716,1.549341822,0.014600316,-0.645937187,0.014791202,0.763107595,976,582,376,1.411805932,1.211905983,0.628986263,0.772827503,0.144443514,1,0,ok,map,582,376,685,0,ok,24,TRACKING,121,0,0,-1,0,0,0,nan,nan,0,0,nan,nan,
1750921992.926125526,1,-1.182680668,-0.035392266,1.541364554,0.012925020,-0.640575505,0.013899510,0.767660582,972,575,369,1.466889220,1.319252682,0.715446214,0.834862949,0.171267226,1,0,ok,map,575,369,685,0,ok,28,TRACKING,121,0,0,-1,0,0,0,nan,nan,0,0,nan,nan,
1750921992.938125610,1,-1.180645129,-0.034306699,1.536534561,0.012850865,-0.635141102,0.014620894,0.772150805,958,556,283,1.575567833,1.534144981,0.664026780,0.812072950,0.170495585,1,0,ok,map,556,283,685,0,ok,42,TRACKING,121,0,0,-1,0,0,0,nan,nan,0,0,nan,nan,
1750921992.950125694,1,-1.143074679,-0.037269105,1.527199341,0.014729820,-0.630277768,0.014990758,0.776085205,968,541,304,1.825381585,1.718004672,0.579608555,0.784071091,0.246917498,1,0,ok,map,541,304,685,0,ok,32,TRACKING,122,1,0,-1,0,0,0,nan,nan,0,0,nan,nan,
1750921992.962125778,1,-1.115533771,-0.040068868,1.519266357,0.015524386,-0.625024272,0.013767449,0.780329488,979,590,323,1.555318473,1.394216953,0.650743400,0.791770203,0.157443943,1,0,ok,map,590,323,686,0,ok,21,TRACKING,122,0,0,-1,0,0,0,nan,nan,0,0,nan,nan,
1750921992.974125862,1,-1.115286120,-0.038042958,1.516365383,0.013931628,-0.619357469,0.012737556,0.784882150,965,571,326,1.550838104,1.397519654,0.666409799,0.860865654,0.204993268,1,0,ok,map,571,326,686,0,ok,35,TRACKING,122,0,0,-1,0,0,0,nan,nan,0,0,nan,nan,
1750921992.986125946,1,-1.086951815,-0.038072775,1.510995099,0.012953315,-0.613854381,0.012540536,0.789213371,959,562,301,1.632566047,1.371216355,0.337272050,0.810605361,0.478783171,1,0,ok,map,562,301,686,0,ok,41,TRACKING,122,0,0,-1,0,0,0,nan,nan,0,0,nan,nan,
1750921992.998126030,1,-1.065951076,-0.039169429,1.500428682,0.012515242,-0.608263632,0.012263426,0.793541638,952,545,300,1.705820576,1.535169234,0.560939338,0.812382799,0.268711470,1,0,ok,map,545,300,686,0,ok,48,TRACKING,122,0,0,-1,0,0,0,nan,nan,0,0,nan,nan,
1750921993.010126114,1,-1.051884672,-0.034231109,1.500321347,0.012986074,-0.602922053,0.011466164,0.797611990,946,529,248,1.531127195,1.274049340,0.406714880,0.821605755,0.439933350,1,0,ok,map,529,248,686,0,ok,54,TRACKING,123,1,4,51,163,1,0,0.003901960,0.003055604,113,88,0.778761062,1.371654493,ok
1750921993.022126198,1,-1.048528525,-0.037228371,1.492896037,0.014173981,-0.597258253,0.012129458,0.801831998,940,582,340,1.263532813,1.035293241,0.704210943,0.824250312,0.137977957,1,0,ok,map,582,340,731,0,ok,60,TRACKING,123,0,0,-1,0,0,0,nan,nan,0,0,nan,nan,
1750921993.034126282,1,-1.029587489,-0.041277725,1.486648573,0.015168504,-0.591539060,0.012427520,0.806037849,950,564,322,1.307173072,1.063575148,0.798867217,0.822161483,0.248421809,1,0,ok,map,564,322,731,0,ok,50,TRACKING,123,0,0,-1,0,0,0,nan,nan,0,0,nan,nan,
1750921993.046126366,1,-1.011141574,-0.046276459,1.475192321,0.014467670,-0.585692884,0.012746989,0.810303675,952,539,320,1.515257715,1.411449284,0.638266518,0.833991193,0.208506635,1,0,ok,map,539,320,731,0,ok,48,TRACKING,123,0,0,-1,0,0,0,nan,nan,0,0,nan,nan,
1750921993.058126450,1,-0.990813868,-0.041021140,1.464307260,0.013496199,-0.580029454,0.011724452,0.814399302,959,530,313,1.524177499,1.379179970,0.643150917,0.817047905,0.189493192,1,0,ok,map,530,313,731,0,ok,41,TRACKING,123,0,0,-1,0,0,0,nan,nan,0,0,nan,nan,
1750921993.070126534,1,-0.976292882,-0.044910741,1.461076010,0.013249445,-0.574760584,0.011449555,0.818134237,969,526,298,1.517590732,1.360870583,0.599148723,0.801948698,0.254413493,1,0,ok,map,526,298,731,0,ok,31,TRACKING,124,1,0,-1,0,0,0,nan,nan,0,0,nan,nan,
1750921993.082126617,1,-0.958830899,-0.043996983,1.455031243,0.013417079,-0.569131673,0.011119860,0.822061719,959,568,377,1.163497616,0.939169809,0.705979099,0.787659598,0.085541065,1,0,ok,map,568,377,716,0,ok,41,TRACKING,124,0,0,-1,0,0,0,nan,nan,0,0,nan,nan,
1750921993.094126701,1,-0.940786870,-0.046040110,1.447704280,0.013351096,-0.563261542,0.010595278,0.826102853,961,557,358,1.238272869,1.046908041,0.754380354,0.818900486,0.092218772,1,0,ok,map,557,358,716,0,ok,39,TRACKING,124,0,0,-1,0,0,0,nan,nan,0,0,nan,nan,
1750921993.106126785,1,-0.923706646,-0.046064949,1.438258721,0.013065334,-0.557541829,0.010029946,0.829985425,956,545,340,1.329594851,1.162504017,0.773027491,0.795491089,0.138102239,1,0,ok,map,545,340,716,0,ok,44,TRACKING,124,0,0,-1,0,0,0,nan,nan,0,0,nan,nan,
1750921993.118126869,1,-0.904219593,-0.046000814,1.430098769,0.012762317,-0.551615696,0.010511803,0.833934499,970,535,318,1.398338409,1.225274611,0.712357868,0.818655946,0.378990853,1,0,ok,map,535,318,716,0,ok,30,TRACKING,124,0,0,-1,0,0,0,nan,nan,0,0,nan,nan,
1750921993.130126953,1,-0.872082420,-0.046830716,1.414568876,0.012612993,-0.546217266,0.009800029,0.837491236,970,519,315,1.466967857,1.387575550,0.826018785,0.798723526,0.197748415,1,0,ok,map,519,315,716,0,ok,30,TRACKING,125,1,0,-1,0,0,0,nan,nan,0,0,nan,nan,
1750921993.142127037,1,-0.860646230,-0.048603259,1.408728732,0.012970506,-0.540308594,0.008437311,0.841324670,945,581,384,1.170267578,0.987688883,0.680218718,0.823088648,0.156337106,1,0,ok,map,581,384,769,0,ok,55,TRACKING,125,0,0,-1,0,0,0,nan,nan,0,0,nan,nan,
1750921993.154127121,1,-0.840034583,-0.047965463,1.393793723,0.013606498,-0.534541119,0.006995169,0.845003978,970,576,372,1.299436804,1.068623258,0.568618865,0.804474620,0.263113308,1,0,ok,map,576,372,769,0,ok,30,TRACKING,125,0,0,-1,0,0,0,nan,nan,0,0,nan,nan,
1750921993.166127205,1,-0.825172681,-0.051773225,1.385594831,0.012928036,-0.528399653,0.006258534,0.848874257,971,564,351,1.422487824,1.195734025,0.544443712,0.839729022,0.298056512,1,0,ok,map,564,351,769,0,ok,29,TRACKING,125,0,0,-1,0,0,0,nan,nan,0,0,nan,nan,
1750921993.178127289,1,-0.801877428,-0.049318921,1.370281344,0.010963412,-0.522176686,0.004550159,0.852754718,962,551,337,1.474622401,1.300913449,0.630290068,0.891769012,0.290974234,1,0,ok,map,551,337,769,0,ok,38,TRACKING,125,0,0,-1,0,0,0,nan,nan,0,0,nan,nan,
1750921993.190127373,1,-0.745183448,-0.035390593,1.343594781,0.009561896,-0.515981924,0.004910406,0.856532026,950,540,146,1.562555998,1.343563840,1.664970030,0.903235374,0.964152763,1,0,ok,map,540,146,769,0,ok,50,TRACKING,126,1,0,-1,0,0,0,nan,nan,0,0,nan,nan,
1750921993.202127457,1,-0.742665250,-0.042731445,1.336279690,0.013058847,-0.510068667,0.007640422,0.860000608,941,628,196,1.380670398,1.142593332,0.901480787,0.935727583,0.279112819,1,0,ok,map,628,196,803,0,ok,59,TRACKING,126,0,0,-1,0,0,0,nan,nan,0,0,nan,nan,
1750921993.214127541,1,-0.739873221,-0.044903304,1.336112614,0.015358651,-0.504279133,0.009791427,0.863348595,969,618,190,1.431142807,1.311004242,0.717844825,0.847078048,0.148703933,1,0,ok,map,618,190,803,0,ok,31,TRACKING,126,0,0,-1,0,0,0,nan,nan,0,0,nan,nan,
1750921993.226127625,1,-0.708969595,-0.045632102,1.312768199,0.014698350,-0.497996349,0.009392454,0.867003677,962,603,172,1.795231931,1.633285708,0.740351676,0.837604106,0.275123759,1,0,ok,map,603,172,803,0,ok,38,TRACKING,126,0,0,-1,0,0,0,nan,nan,0,0,nan,nan,
1750921993.238127708,1,-0.706644602,-0.047586323,1.307299797,0.012645239,-0.492093111,0.005404463,0.870433949,948,576,140,1.638761977,1.552233836,0.603523572,0.936113396,0.401059545,1,0,ok,map,576,140,803,0,ok,52,TRACKING,126,0,0,-1,0,0,0,nan,nan,0,0,nan,nan,
1750921993.250127792,1,-0.710774500,-0.050143900,1.308835227,0.012025276,-0.485590630,0.006267867,0.874081144,956,560,119,2.009218809,1.872438209,0.651777451,0.914962358,0.524027971,1,0,ok,map,560,119,803,0,ok,44,TRACKING,127,1,0,-1,0,0,0,nan,nan,0,0,nan,nan,
1750921993.262127876,1,-0.681690433,-0.050655072,1.289408868,0.014005936,-0.479660337,0.006899290,0.877315333,955,659,233,1.462127148,1.263561615,0.723673815,0.809881613,0.204911820,1,0,ok,map,659,233,858,0,ok,45,TRACKING,127,0,0,-1,0,0,0,nan,nan,0,0,nan,nan,
1750921993.274127960,1,-0.670894917,-0.049808194,1.281478372,0.014393481,-0.473293981,0.006150537,0.880765466,964,646,228,1.493781196,1.426235393,0.938418403,0.835379316,0.277688099,1,0,ok,map,646,228,858,0,ok,36,TRACKING,127,0,0,-1,0,0,0,nan,nan,0,0,nan,nan,
1750921993.286128044,1,-0.621535682,-0.047300289,1.255848724,0.014894082,-0.466923821,0.007645908,0.884139046,937,612,195,1.479785805,1.408203904,0.859838099,0.845550264,0.162444488,1,0,ok,map,612,195,858,0,ok,63,TRACKING,127,0,0,-1,0,0,0,nan,nan,0,0,nan,nan,
1750921993.298128128,1,-0.585408241,-0.047570716,1.237559625,0.016481051,-0.461277545,0.007030897,0.887074950,936,584,152,1.588397013,1.475220385,1.060818158,0.754886498,0.326517580,1,0,ok,map,584,152,858,0,ok,64,TRACKING,127,0,0,-1,0,0,0,nan,nan,0,0,nan,nan,
1750921993.310128212,1,-0.603966113,-0.061969702,1.244419064,0.015829915,-0.455363821,0.005258356,0.890149175,965,573,136,1.419409101,1.315282756,1.021455498,0.841988115,0.239631522,1,0,ok,map,573,136,858,0,ok,35,TRACKING,128,1,0,-1,0,0,0,nan,nan,0,0,nan,nan,
1750921993.322128296,1,-0.595940840,-0.055228933,1.230170654,0.013907505,-0.448778957,0.004424916,0.893523614,962,659,241,1.470242786,1.085945228,0.637993023,0.881222040,0.348687041,1,0,ok,map,659,241,921,0,ok,38,TRACKING,128,0,0,-1,0,0,0,nan,nan,0,0,nan,nan,
1750921993.334128380,1,-0.576070796,-0.055488099,1.211216979,0.014746661,-0.442107547,0.005851026,0.896821732,970,655,214,1.713192782,1.463365041,0.954901028,0.873632308,0.562825173,1,0,ok,map,655,214,921,1,ok,30,TRACKING,128,0,0,-1,0,0,0,nan,nan,0,0,nan,nan,
1750921993.346128464,1,-0.556246767,-0.049254814,1.207121568,0.016527317,-0.435980376,0.005499559,0.899787594,943,625,181,1.607179227,1.325261754,0.967230182,0.807305681,0.504769704,1,0,ok,map,625,181,921,1,ok,57,TRACKING,128,0,0,-1,0,0,0,nan,nan,0,0,nan,nan,
1750921993.358128548,1,-0.551623952,-0.057028615,1.196112412,0.018312802,-0.429295640,0.005163158,0.902963586,958,600,212,1.491917472,1.384153571,1.104463252,0.873260082,0.254129667,1,0,ok,map,600,212,921,0,ok,42,TRACKING,128,0,0,-1,0,0,0,nan,nan,0,0,nan,nan,
1750921993.370128632,1,-0.535843158,-0.059119890,1.177099578,0.018931596,-0.422750375,0.004662141,0.906036412,977,596,219,1.607227702,1.560824349,0.849178994,0.833584967,0.314566062,1,0,ok,map,596,219,921,0,ok,23,TRACKING,128,0,0,-1,0,0,0,nan,nan,0,0,nan,nan,
1750921993.382128716,1,-0.522280755,-0.056820101,1.163998937,0.019211290,-0.416223241,0.004454112,0.909048569,961,595,201,1.610225919,1.407566637,0.607170585,0.850438399,0.297217873,1,0,ok,map,595,201,921,0,ok,39,TRACKING,129,1,0,-1,0,0,0,nan,nan,0,0,nan,nan,
1750921993.394128799,1,-0.509364176,-0.054530940,1.156229173,0.018687535,-0.409647211,0.004258254,0.912042656,970,667,256,1.419469312,1.269385035,0.772562998,0.830465802,0.194063706,1,0,ok,map,667,256,947,0,ok,30,TRACKING,129,0,0,-1,0,0,0,nan,nan,0,0,nan,nan,
1750921993.406128883,1,-0.486249038,-0.051553390,1.132900523,0.020828036,-0.403500632,0.004017900,0.914733453,959,646,246,1.548186305,1.430376197,1.056824267,0.807529342,0.280573199,1,0,ok,map,646,246,947,0,ok,41,TRACKING,129,0,0,-1,0,0,0,nan,nan,0,0,nan,nan,
1750921993.418128967,1,-0.470618600,-0.052671801,1.114012374,0.021290877,-0.397120756,0.005444163,0.917503223,981,645,221,1.576385624,1.505778772,0.752082816,0.815318051,0.212356576,1,0,ok,map,645,221,947,0,ok,19,TRACKING,129,0,0,-1,0,0,0,nan,nan,0,0,nan,nan,
1750921993.430129051,1,-0.465558438,-0.057467054,1.102676091,0.019885095,-0.390520358,0.006393589,0.920357297,984,642,249,1.803114352,1.598707343,0.697552586,0.846651464,0.283954481,1,0,ok,map,642,249,947,0,ok,16,TRACKING,129,0,0,-1,0,0,0,nan,nan,0,0,nan,nan,
1750921993.442129135,1,-0.455233278,-0.055008400,1.092529209,0.019232134,-0.384390103,0.005611114,0.922953352,975,635,250,1.627813309,1.526805637,0.678866216,0.771758015,0.198354778,1,0,ok,map,635,250,947,0,ok,25,TRACKING,129,0,0,-1,0,0,0,nan,nan,0,0,nan,nan,
1750921993.454129219,1,-0.439410363,-0.052147900,1.079152714,0.019964050,-0.378202181,0.005066942,0.925493854,951,604,208,1.634350841,1.469048345,0.974525977,0.773612069,0.330892116,1,0,ok,map,604,208,947,1,ok,49,TRACKING,129,0,0,-1,0,0,0,nan,nan,0,0,nan,nan,
1750921993.466129303,1,-0.425303534,-0.057720380,1.059440246,0.021386962,-0.371819281,0.005662417,0.928041463,975,593,205,1.745590982,1.686096886,0.906549654,0.793963506,0.384375081,1,0,ok,map,593,205,947,0,ok,25,TRACKING,130,1,0,-1,0,0,0,nan,nan,0,0,nan,nan,
1750921993.478129387,1,-0.416295055,-0.056969040,1.053122994,0.022051172,-0.365603903,0.005779278,0.930491339,967,677,330,1.328845433,1.113148699,0.637677779,0.769453230,0.169149629,1,0,ok,map,677,330,965,0,ok,33,TRACKING,130,0,0,-1,0,0,0,nan,nan,0,0,nan,nan,
1750921993.490129471,1,-0.403868180,-0.057102433,1.041748919,0.022502366,-0.359124916,0.006716776,0.932994010,965,668,294,1.390597652,1.249236269,0.895800567,0.804782840,0.189768621,1,0,ok,map,668,294,965,0,ok,35,TRACKING,130,0,0,-1,0,0,0,nan,nan,0,0,nan,nan,
1750921993.502129555,1,-0.387941125,-0.056329752,1.011422420,0.022645119,-0.352848688,0.006503035,0.935383725,970,665,290,1.381212917,1.278962198,0.767323578,0.770137231,0.099788879,1,0,ok,map,665,290,965,0,ok,30,TRACKING,130,0,0,-1,0,0,0,nan,nan,0,0,nan,nan,
1750921993.514129639,1,-0.380151803,-0.057728046,1.005475006,0.022575195,-0.346375323,0.006258335,0.937803460,984,658,309,1.555747729,1.424025000,0.739518976,0.792461197,0.180178947,1,0,ok,map,658,309,965,0,ok,16,TRACKING,130,0,0,-1,0,0,0,nan,nan,0,0,nan,nan,
1750921993.526129723,1,-0.368286659,-0.057346970,0.988876349,0.022618095,-0.340049392,0.005469274,0.940119631,976,649,286,1.582413615,1.462132314,0.704026688,0.777254201,0.230707452,1,0,ok,map,649,286,965,0,ok,24,TRACKING,130,0,0,-1,0,0,0,nan,nan,0,0,nan,nan,
1750921993.538129807,1,-0.361945018,-0.060044229,0.969354854,0.023049075,-0.333685031,0.004932436,0.942389893,979,640,278,1.790103818,1.588360076,0.492994958,0.778323043,0.425057969,1,0,ok,map,640,278,965,0,ok,21,TRACKING,130,0,0,-1,0,0,0,nan,nan,0,0,nan,nan,
1750921993.550129890,1,-0.346270700,-0.058895229,0.950516743,0.023446085,-0.327173330,0.005012735,0.944660132,977,630,257,1.613359252,1.419599760,0.745055534,0.791598652,0.389723271,1,0,ok,map,630,257,965,0,ok,23,TRACKING,130,0,0,-1,0,0,0,nan,nan,0,0,nan,nan,
1750921993.562129974,1,-0.334126813,-0.059236380,0.935366899,0.023154415,-0.320348987,0.005085921,0.947002921,976,621,247,1.665398417,1.445207000,0.327050784,0.827530244,0.699675312,1,0,ok,map,621,247,965,0,ok,24,TRACKING,130,0,0,-1,0,0,0,nan,nan,0,0,nan,nan,
1750921993.574130058,1,-0.329500419,-0.056997764,0.927368688,0.022967569,-0.313772551,0.004756849,0.949208433,974,609,217,1.628886929,1.569945614,0.554224871,0.796037607,0.423824983,1,0,ok,map,609,217,965,0,ok,26,TRACKING,130,0,0,-1,0,0,0,nan,nan,0,0,nan,nan,
1750921993.586130142,1,-0.314437079,-0.065149573,0.910243122,0.024265979,-0.307419861,0.005296450,0.951249777,956,583,233,1.782177085,1.646293093,0.728094520,0.783215329,0.383552920,1,0,ok,map,583,233,965,0,ok,44,TRACKING,131,1,0,-1,0,0,0,nan,nan,0,0,nan,nan,
1750921993.598130226,1,-0.306668013,-0.065786714,0.894612929,0.025527730,-0.301217653,0.005009722,0.953200484,957,631,346,1.323537596,1.052569285,0.686195192,0.759656745,0.134104760,1,0,ok,map,631,346,921,0,ok,43,TRACKING,131,0,0,-1,0,0,0,nan,nan,0,0,nan,nan,
1750921993.610130310,1,-0.294018974,-0.064616602,0.864954817,0.025338452,-0.294524760,0.004763837,0.955295993,942,600,310,1.466211151,1.168129637,0.480151123,0.804449520,0.358736528,1,0,ok,map,600,310,921,0,ok,58,TRACKING,131,0,0,-1,0,0,0,nan,nan,0,0,nan,nan,
1750921993.622130394,1,-0.283830592,-0.067067802,0.850322947,0.025680026,-0.288165951,0.005285227,0.957221493,962,586,315,1.397602941,1.222749186,0.862968883,0.764684670,0.184720020,1,0,ok,map,586,315,921,0,ok,38,TRACKING,131,0,0,-1,0,0,0,nan,nan,0,0,nan,nan,
1750921993.634130478,1,-0.276760942,-0.065260372,0.837990068,0.024919020,-0.281751437,0.004875986,0.959151393,971,572,294,1.505749185,1.316308902,0.612242144,0.773957823,0.249282877,1,0,ok,map,572,294,921,0,ok,29,TRACKING,131,0,0,-1,0,0,0,nan,nan,0,0,nan,nan,
1750921993.646130562,1,-0.265121204,-0.073607781,0.814182353,0.025373815,-0.275029067,0.005514455,0.961085206,964,557,287,1.432636328,1.332743968,0.698384790,0.806182806,0.204445614,1,0,ok,map,557,287,921,0,ok,36,TRACKING,132,1,0,-1,0,0,0,nan,nan,0,0,nan,nan,
1750921993.658130646,1,-0.257141644,-0.071209105,0.798327392,0.024713298,-0.268285870,0.005432782,0.963006973,959,624,392,1.162495418,0.951785751,0.733122883,0.807094333,0.172040143,1,0,ok,map,624,392,851,0,ok,41,TRACKING,132,0,0,-1,0,0,0,nan,nan,0,0,nan,nan,
1750921993.670130730,1,-0.247139395,-0.073954069,0.779026063,0.025547575,-0.261923210,0.004452043,0.964740241,963,615,386,1.250759288,1.098939044,0.779309754,0.769947054,0.082517662,1,0,ok,map,615,386,851,0,ok,37,TRACKING,132,0,0,-1,0,0,0,nan,nan,0,0,nan,nan,
1750921993.682130814,1,-0.240366867,-0.074148915,0.761843549,0.025376194,-0.255277920,0.004215663,0.966525458,946,598,353,1.247184340,1.155897577,0.819748094,0.789204827,0.142963579,1,0,ok,map,598,353,851,0,ok,54,TRACKING,132,0,0,-1,0,0,0,nan,nan,0,0,nan,nan,
1750921993.694130898,1,-0.233713433,-0.073628238,0.745827009,0.024850172,-0.248401968,0.005147487,0.968324550,952,585,370,1.330609381,1.141810696,0.810143565,0.823630982,0.088827940,1,0,ok,map,585,370,851,0,ok,48,TRACKING,132,0,0,-1,0,0,0,nan,nan,0,0,nan,nan,
1750921993.706130981,1,-0.227138615,-0.080296818,0.732189151,0.025737857,-0.241575582,0.005431030,0.970025414,961,566,333,1.550344104,1.252840510,0.588432319,0.794555883,0.417854120,1,0,ok,map,566,333,851,0,ok,39,TRACKING,133,1,5,64,97,1,0,0.009908594,0.003350410,85,52,0.611764706,1.463490315,ok
1750921993.718131065,1,-0.219107600,-0.087736641,0.694497470,0.025305604,-0.234945293,0.004990724,0.971666315,961,636,372,1.526264880,1.261981192,1.055001481,0.785885757,0.534139614,1,0,ok,map,636,372,844,0,ok,39,TRACKING,133,0,0,-1,0,0,0,nan,nan,0,0,nan,nan,
1750921993.730131149,1,-0.212636981,-0.083369842,0.684189562,0.025188023,-0.228414797,0.004005573,0.973229777,930,601,380,1.334705784,1.247975712,0.858575265,0.777842252,0.106469384,1,0,ok,map,601,380,844,0,ok,70,TRACKING,133,0,0,-1,0,0,0,nan,nan,0,0,nan,nan,
1750921993.742131233,1,-0.206338854,-0.083943122,0.663957013,0.025747777,-0.221707198,0.003772223,0.974765993,940,575,353,1.458831276,1.308545985,0.611702383,0.791592994,0.213788985,1,0,ok,map,575,353,844,0,ok,60,TRACKING,133,0,0,-1,0,0,0,nan,nan,0,0,nan,nan,
1750921993.754131317,1,-0.198779633,-0.084064816,0.643381645,0.026024549,-0.214800403,0.004195346,0.976302161,954,557,350,1.439316495,1.268761915,0.831485045,0.812869286,0.183625040,1,0,ok,map,557,350,844,0,ok,46,TRACKING,133,0,0,-1,0,0,0,nan,nan,0,0,nan,nan,
1750921993.766131401,1,-0.192811025,-0.080236394,0.618212679,0.026259790,-0.207440817,0.003760811,0.977887819,920,517,303,1.370350606,1.130989997,1.005406578,0.829896169,0.387709586,1,0,ok,map,517,303,844,0,ok,80,TRACKING,134,1,0,-1,0,0,0,nan,nan,0,0,nan,nan,
1750921993.778131485,1,-0.187243526,-0.079648343,0.598823415,0.027126818,-0.200589260,0.004256526,0.979290542,943,586,417,1.114480469,0.887985137,0.693624157,0.809548188,0.169111338,1,0,ok,map,586,417,898,0,ok,57,TRACKING,134,0,0,-1,0,0,0,nan,nan,0,0,nan,nan,
1750921993.790131569,1,-0.180369164,-0.083052968,0.570938520,0.027907281,-0.193978048,0.003976228,0.980600780,941,567,390,1.302524636,1.133723884,0.931752994,0.778149405,0.273117893,1,0,ok,map,567,390,898,0,ok,59,TRACKING,134,0,0,-1,0,0,0,nan,nan,0,0,nan,nan,
1750921993.802131653,1,-0.175338301,-0.082385026,0.554166947,0.026596898,-0.186898445,0.004015906,0.982010921,929,545,374,1.293027982,1.170015811,0.918327790,0.840731928,0.138631847,1,0,ok,map,545,374,898,0,ok,71,TRACKING,134,0,0,-1,0,0,0,nan,nan,0,0,nan,nan,
1750921993.814131737,1,-0.170479951,-0.079847887,0.539074323,0.025351181,-0.180005720,0.004001317,0.983330691,933,524,354,1.353505846,1.226162795,1.000002712,0.816770816,0.260761544,1,0,ok,map,524,354,898,0,ok,67,TRACKING,134,0,0,-1,0,0,0,nan,nan,0,0,nan,nan,
1750921993.826131821,1,-0.166071412,-0.073789885,0.518181181,0.026105319,-0.173177840,0.003674630,0.984537681,949,504,348,1.309299975,1.158501742,0.742048604,0.759468859,0.121172627,1,0,ok,map,504,348,898,0,ok,51,TRACKING,135,1,0,-1,0,0,0,nan,nan,0,0,nan,nan,
1750921993.838131905,1,-0.160638281,-0.073774071,0.495782345,0.026273970,-0.166174905,0.003898206,0.985738496,970,593,461,1.033924225,0.836216011,0.920098553,0.814823302,0.153624207,1,0,ok,map,593,461,887,0,ok,30,TRACKING,135,0,0,-1,0,0,0,nan,nan,0,0,nan,nan,
1750921993.850131989,1,-0.156083258,-0.073968624,0.479620843,0.026676230,-0.159016284,0.004463407,0.986905405,924,555,443,1.067280089,0.887294074,0.782868596,0.834939518,0.089677745,1,0,ok,map,555,443,887,0,ok,76,TRACKING,135,0,0,-1,0,0,0,nan,nan,0,0,nan,nan,
1750921993.862132072,1,-0.151676804,-0.074745714,0.459988040,0.026714783,-0.152276912,0.003787849,0.987969491,906,520,418,1.179500002,0.976470423,0.901461267,0.785679262,0.213238037,1,0,ok,map,520,418,887,0,ok,94,TRACKING,135,0,0,-1,0,0,0,nan,nan,0,0,nan,nan,
1750921993.874132156,1,-0.147904309,-0.076078640,0.444564052,0.026305833,-0.145117941,0.004046152,0.989056326,918,508,393,1.190282355,1.068811002,0.791856331,0.831608489,0.222463468,1,0,ok,map,508,393,887,0,ok,82,TRACKING,135,0,0,-1,0,0,0,nan,nan,0,0,nan,nan,
1750921993.886132240,1,-0.144555404,-0.068082036,0.422685190,0.025491592,-0.137941300,0.003068401,0.990107550,932,503,399,1.207193643,1.062251131,0.664719220,0.796720549,0.151541445,1,0,ok,map,503,399,887,0,ok,68,TRACKING,136,1,0,-1,0,0,0,nan,nan,0,0,nan,nan,
1750921993.898132324,1,-0.140822479,-0.068991723,0.403425529,0.025398964,-0.130997547,0.002789350,0.991053356,961,566,502,0.966883435,0.846694707,0.758864862,0.803751039,0.110648161,1,0,ok,map,566,502,910,0,ok,39,TRACKING,136,0,0,-1,0,0,0,nan,nan,0,0,nan,nan,
1750921993.910132408,1,-0.138540975,-0.068089042,0.381438691,0.024752059,-0.124015143,0.002760192,0.991967722,971,563,488,1.055964871,0.948933733,0.767929503,0.810362237,0.132416105,1,0,ok,map,563,488,910,0,ok,29,TRACKING,136,0,0,-1,0,0,0,nan,nan,0,0,nan,nan,
1750921993.922132492,1,-0.136037329,-0.067720136,0.361322224,0.024614588,-0.116886132,0.003337504,0.992834636,960,562,493,1.136553781,1.026316812,0.871348413,0.825749285,0.092741774,1,0,ok,map,562,493,910,0,ok,40,TRACKING,136,0,0,-1,0,0,0,nan,nan,0,0,nan,nan,
1750921993.934132576,1,-0.134022696,-0.067783020,0.344159374,0.025414700,-0.109935163,0.003453222,0.993607784,955,559,469,1.166607866,1.074873624,0.848331651,0.806772572,0.098740248,1,0,ok,map,559,469,910,0,ok,45,TRACKING,136,0,0,-1,0,0,0,nan,nan,0,0,nan,nan,
1750921993.946132660,1,-0.131324234,-0.063640033,0.327282101,0.025625992,-0.102641467,0.002633879,0.994384785,962,557,484,1.157034371,1.029502607,0.825327148,0.800713140,0.220270723,1,0,ok,map,557,484,910,0,ok,38,TRACKING,137,1,0,-1,0,0,0,nan,nan,0,0,nan,nan,
1750921993.958132744,1,-0.129458134,-0.062854591,0.306325780,0.025092611,-0.095694478,0.002333374,0.995091696,991,616,528,0.972601222,0.786890274,0.871970169,0.803248257,0.258815213,1,0,ok,map,616,528,889,0,ok,9,TRACKING,137,0,0,-1,0,0,0,nan,nan,0,0,nan,nan,
1750921993.970132828,1,-0.127963737,-0.063853325,0.286692922,0.025005347,-0.088839434,0.002697281,0.995728383,982,615,541,1.035635138,0.935239020,0.777045515,0.790077235,0.045203474,1,0,ok,map,615,541,889,0,ok,18,TRACKING,137,0,0,-1,0,0,0,nan,nan,0,0,nan,nan,
1750921993.982132912,1,-0.127080151,-0.062908155,0.268591486,0.024478072,-0.082078549,0.002435287,0.996322240,978,614,524,1.096119189,0.995852076,0.652854220,0.780645897,0.129377901,1,0,ok,map,614,524,889,0,ok,22,TRACKING,137,0,0,-1,0,0,0,nan,nan,0,0,nan,nan,
1750921993.994132996,1,-0.126084949,-0.062550583,0.246919033,0.024692024,-0.074918888,0.002860468,0.996879773,970,614,524,1.191622986,1.068957329,0.737395746,0.824727792,0.103528156,1,0,ok,map,614,524,889,0,ok,30,TRACKING,137,0,0,-1,0,0,0,nan,nan,0,0,nan,nan,
1750921994.006133080,1,-0.125989982,-0.062845799,0.227489219,0.024970527,-0.068386366,0.002677381,0.997342774,969,613,501,1.252387197,1.134598209,0.508208320,0.751422382,0.262115159,1,0,ok,map,613,501,889,0,ok,31,TRACKING,137,0,0,-1,0,0,0,nan,nan,0,0,nan,nan,
1750921994.018133163,1,-0.125942329,-0.063061295,0.207957378,0.024854256,-0.061511983,0.002832759,0.997792823,975,613,498,1.256562783,1.163062259,0.550146907,0.789747245,0.245473063,1,0,ok,map,613,498,889,0,ok,25,TRACKING,137,0,0,-1,0,0,0,nan,nan,0,0,nan,nan,
1750921994.030133247,1,-0.126531945,-0.063503078,0.183348815,0.024666365,-0.054938562,0.002947175,0.998180664,968,611,497,1.240904600,1.106669730,0.675579655,0.754990877,0.105597272,1,0,ok,map,611,497,889,0,ok,32,TRACKING,137,0,0,-1,0,0,0,nan,nan,0,0,nan,nan,
1750921994.042133331,1,-0.126362376,-0.062928325,0.162223832,0.023865823,-0.048005433,0.003480921,0.998555849,991,611,487,1.274507082,1.178501165,0.777729249,0.803245080,0.189108242,1,0,ok,map,611,487,889,0,ok,9,TRACKING,137,0,0,-1,0,0,0,nan,nan,0,0,nan,nan,
1750921994.054133415,1,-0.127542881,-0.063025378,0.145562709,0.023110512,-0.041248254,0.003341831,0.998876027,991,610,480,1.307456206,1.175111576,0.769676689,0.780165758,0.119309797,1,0,ok,map,610,480,889,0,ok,9,TRACKING,137,0,0,-1,0,0,0,nan,nan,0,0,nan,nan,
1750921994.066133499,1,-0.127793827,-0.063192978,0.124430857,0.022982905,-0.034397269,0.003079281,0.999139195,991,608,433,1.365301922,1.232002461,0.755142173,0.786357410,0.555061104,1,0,ok,map,608,433,889,0,ok,9,TRACKING,137,0,0,-1,0,0,0,nan,nan,0,0,nan,nan,
1750921994.078133583,1,-0.128447105,-0.065628820,0.109743673,0.022797749,-0.027770678,0.002875671,0.999350180,992,608,435,1.330010480,1.220962442,0.801178317,0.760391858,0.215728135,1,0,ok,map,608,435,889,0,ok,8,TRACKING,137,0,0,-1,0,0,0,nan,nan,0,0,nan,nan,
1750921994.090133667,1,-0.130882686,-0.064416542,0.087186601,0.021271920,-0.020465696,0.002705817,0.999560573,997,608,448,1.407677974,1.281613009,0.864762371,0.855718160,0.127229301,1,0,ok,map,608,448,889,0,ok,3,TRACKING,137,0,0,-1,0,0,0,nan,nan,0,0,nan,nan,
1750921994.102133751,1,-0.131575979,-0.059462552,0.063549456,0.020507051,-0.013232329,0.001839432,0.999700447,995,608,420,1.388246751,1.238898851,1.088805883,0.781150284,0.380646935,1,0,ok,map,608,420,889,0,ok,5,TRACKING,138,1,0,-1,0,0,0,nan,nan,0,0,nan,nan,
1750921994.114133835,1,-0.134523725,-0.058123955,0.043124685,0.020408594,-0.006628825,0.000466505,0.999769639,990,767,613,1.196487063,1.005617442,0.681032930,0.773011966,0.103178186,1,0,ok,map,767,613,913,0,ok,10,TRACKING,138,0,0,-1,0,0,0,nan,nan,0,0,nan,nan,
1750921994.126133919,1,-0.137167869,-0.059443769,0.021700814,0.021135100,0.000507927,0.001721089,0.999775018,988,767,590,1.229297995,1.086486466,0.787499059,0.834516737,0.121242553,1,0,ok,map,767,590,913,0,ok,12,TRACKING,138,0,0,-1,0,0,0,nan,nan,0,0,nan,nan,
1750921994.138134003,1,-0.140278678,-0.058942346,0.001922759,0.021117138,0.007411638,0.002144720,0.999747235,979,764,558,1.274823831,1.186583507,0.768950729,0.792605767,0.135555972,1,0,ok,map,764,558,913,0,ok,21,TRACKING,138,0,0,-1,0,0,0,nan,nan,0,0,nan,nan,
1750921994.150134087,1,-0.142266521,-0.060387540,-0.016244422,0.020973613,0.014512486,0.002626944,0.999671243,975,757,546,1.385499465,1.259220293,0.730419739,0.815785353,0.144067868,1,0,ok,map,757,546,913,0,ok,25,TRACKING,138,0,0,-1,0,0,0,nan,nan,0,0,nan,nan,
1750921994.162134171,1,-0.147584778,-0.060511092,-0.042266110,0.019073098,0.021238523,0.001089627,0.999591894,961,744,530,1.419211556,1.348198156,0.812684037,0.820121744,0.051523043,1,0,ok,map,744,530,913,0,ok,39,TRACKING,138,0,0,-1,0,0,0,nan,nan,0,0,nan,nan,
1750921994.174134254,1,-0.149775089,-0.059902147,-0.059606002,0.018788832,0.028245291,0.000709932,0.999424174,961,719,517,1.371292156,1.254028701,0.763307283,0.804985153,0.071236416,1,0,ok,map,719,517,913,0,ok,39,TRACKING,138,0,0,-1,0,0,0,nan,nan,0,0,nan,nan,
1750921994.186134338,1,-0.154766230,-0.060810473,-0.078935496,0.018994132,0.035274785,0.000620483,0.999196941,959,695,478,1.354258913,1.245742358,0.735995767,0.806351578,0.079367611,1,0,ok,map,695,478,913,0,ok,41,TRACKING,138,0,0,-1,0,0,0,nan,nan,0,0,nan,nan,
1750921994.198134422,1,-0.158646404,-0.060968781,-0.097246475,0.018610396,0.042441622,0.000849562,0.998925243,976,688,462,1.453970167,1.394028258,0.579321325,0.823444767,0.282784817,1,0,ok,map,688,462,913,0,ok,24,TRACKING,138,0,0,-1,0,0,0,nan,nan,0,0,nan,nan,
1750921994.210134506,1,-0.161488526,-0.060407472,-0.115781595,0.019092688,0.049414782,0.001106634,0.998595225,974,677,453,1.480661510,1.418571684,0.566707785,0.802409034,0.237649332,1,0,ok,map,677,453,913,0,ok,26,TRACKING,138,0,0,-1,0,0,0,nan,nan,0,0,nan,nan,
1750921994.222134590,1,-0.164732216,-0.062928711,-0.134026326,0.019530994,0.056000704,0.000216604,0.998239658,949,640,400,1.367853507,1.298075240,0.683688873,0.764294172,0.123003677,1,0,ok,map,640,400,913,0,ok,51,TRACKING,138,0,0,-1,0,0,0,nan,nan,0,0,nan,nan,
1750921994.234134674,1,-0.171296011,-0.062318409,-0.158015937,0.017899744,0.063190143,0.000824683,0.997840631,972,629,386,1.517567834,1.382445282,0.803606787,0.848892589,0.419307829,1,0,ok,map,629,386,913,0,ok,28,TRACKING,138,0,0,-1,0,0,0,nan,nan,0,0,nan,nan,
1750921994.246134758,1,-0.175502388,-0.063306698,-0.168391306,0.017014590,0.070168471,0.000787055,0.997389728,979,626,398,1.588342614,1.458058888,0.457795868,0.807732267,0.354937601,1,0,ok,map,626,398,913,1,ok,21,TRACKING,138,0,0,-1,0,0,0,nan,nan,0,0,nan,nan,
1750921994.258134842,1,-0.186067276,-0.059973666,-0.198954738,0.016460460,0.076343500,0.000857588,0.996945328,974,618,348,1.520882508,1.474805740,0.644548117,0.784311906,0.270991187,1,0,ok,map,618,348,913,0,ok,26,TRACKING,139,1,0,-1,0,0,0,nan,nan,0,0,nan,nan,
1750921994.270134926,1,-0.189580551,-0.061257401,-0.213760651,0.017024509,0.083216954,0.000262205,0.996385987,966,755,519,1.260351629,1.091387045,0.720388700,0.795813865,0.103168892,1,0,ok,map,755,519,960,0,ok,34,TRACKING,139,0,0,-1,0,0,0,nan,nan,0,0,nan,nan,
1750921994.282135010,1,-0.197370410,-0.061901331,-0.237009468,0.017261883,0.090120906,0.000050243,0.995781225,973,744,489,1.323065108,1.193326064,0.691804484,0.795002509,0.226280149,1,0,ok,map,744,489,960,0,ok,27,TRACKING,139,0,0,-1,0,0,0,nan,nan,0,0,nan,nan,
1750921994.294135094,1,-0.200458654,-0.062340343,-0.250028110,0.016948757,0.097107325,-0.000446912,0.995129493,975,731,486,1.373218464,1.310036860,0.668293521,0.806876131,0.191625496,1,0,ok,map,731,486,960,0,ok,25,TRACKING,139,0,0,-1,0,0,0,nan,nan,0,0,nan,nan,
1750921994.306135178,1,-0.209995886,-0.061527250,-0.276837293,0.016307474,0.103992524,-0.000303579,0.994444332,961,709,464,1.331094667,1.233386085,0.735817468,0.796451658,0.072575118,1,0,ok,map,709,464,960,0,ok,39,TRACKING,139,0,0,-1,0,0,0,nan,nan,0,0,nan,nan,
1750921994.318135262,1,-0.215221057,-0.062346811,-0.291733494,0.016783414,0.110988845,-0.000817637,0.993679589,948,679,442,1.387329061,1.230387853,0.643463557,0.810481764,0.248541133,1,0,ok,map,679,442,960,0,ok,52,TRACKING,139,0,0,-1,0,0,0,nan,nan,0,0,nan,nan,
1750921994.330135345,1,-0.220291720,-0.063471666,-0.307074060,0.017242659,0.117498671,-0.001977429,0.992921368,965,663,422,1.336826688,1.213413728,0.785673519,0.764497606,0.056887220,1,0,ok,map,663,422,960,0,ok,35,TRACKING,139,0,0,-1,0,0,0,nan,nan,0,0,nan,nan,
1750921994.342135429,1,-0.225409204,-0.063895346,-0.324293714,0.016886803,0.124836083,-0.001687298,0.992032228,970,647,398,1.379406582,1.257295790,0.895929382,0.848590857,0.310074934,1,0,ok,map,647,398,960,0,ok,30,TRACKING,139,0,0,-1,0,0,0,nan,nan,0,0,nan,nan,
1750921994.354135513,1,-0.235402977,-0.062955186,-0.346128426,0.016795689,0.131535944,-0.001630938,0.991167766,964,629,389,1.449714012,1.306985330,0.392648945,0.774210738,0.418124263,1,0,ok,map,629,389,960,0,ok,36,TRACKING,139,0,0,-1,0,0,0,nan,nan,0,0,nan,nan,
1750921994.366135597,1,-0.241728418,-0.062618696,-0.363556032,0.017346196,0.138372645,-0.002305264,0.990225634,960,607,385,1.492967212,1.395768379,0.697241390,0.797099861,0.354101321,1,0,ok,map,607,385,960,0,ok,40,TRACKING,139,0,0,-1,0,0,0,nan,nan,0,0,nan,nan,
1750921994.378135681,1,-0.254690577,-0.061384717,-0.387155245,0.017221613,0.144510370,-0.002866398,0.989349257,951,579,363,1.490865496,1.367654991,0.833830424,0.817216255,0.424793455,1,0,ok,map,579,363,960,0,ok,49,TRACKING,140,1,0,-1,0,0,0,nan,nan,0,0,nan,nan,
1750921994.390135765,1,-0.260614993,-0.062238330,-0.402122665,0.018166932,0.151555225,-0.003363672,0.988276106,967,658,467,1.201710959,0.961697904,0.818876297,0.825717666,0.142106819,1,0,ok,map,658,467,1013,0,ok,33,TRACKING,140,0,0,-1,0,0,0,nan,nan,0,0,nan,nan,
1750921994.402135849,1,-0.268025318,-0.064055082,-0.418387191,0.018727499,0.158411949,-0.003725342,0.987188461,967,639,444,1.314987845,1.138999865,0.781634817,0.799212378,0.202483953,1,0,ok,map,639,444,1013,0,ok,33,TRACKING,140,0,0,-1,0,0,0,nan,nan,0,0,nan,nan,
1750921994.414135933,1,-0.277088187,-0.065759275,-0.436131136,0.017339365,0.165211762,-0.004575369,0.986095070,970,619,391,1.447034954,1.255227349,0.641629566,0.810953993,0.383978376,1,0,ok,map,619,391,1013,0,ok,30,TRACKING,140,0,0,-1,0,0,0,nan,nan,0,0,nan,nan,
1750921994.426136017,1,-0.285992667,-0.064465508,-0.453754532,0.014705521,0.172353591,-0.004292206,0.984916019,956,596,384,1.398912000,1.285895447,0.842517231,0.883273492,0.082848591,1,0,ok,map,596,384,1013,0,ok,44,TRACKING,140,0,0,-1,0,0,0,nan,nan,0,0,nan,nan,
1750921994.438136101,1,-0.299055935,-0.063568259,-0.474747403,0.014060956,0.178542799,-0.004315499,0.983822207,960,581,364,1.434601524,1.267587275,0.658533722,0.828435667,0.230008360,1,0,ok,map,581,364,1013,0,ok,40,TRACKING,141,1,0,-1,0,0,0,nan,nan,0,0,nan,nan,
1750921994.450136185,1,-0.308417788,-0.063051546,-0.491883314,0.014112998,0.185229872,-0.005392524,0.982579075,946,611,416,1.128363549,0.948664666,0.654897347,0.789145760,0.154601160,1,0,ok,map,611,416,1056,0,ok,54,TRACKING,141,0,0,-1,0,0,0,nan,nan,0,0,nan,nan,
1750921994.462136269,1,-0.317119918,-0.065767642,-0.507266365,0.014898699,0.192301131,-0.005303546,0.981208528,962,602,378,1.278716020,1.081127582,0.656995559,0.830346801,0.541193330,1,0,ok,map,602,378,1056,0,ok,38,TRACKING,141,0,0,-1,0,0,0,nan,nan,0,0,nan,nan,
1750921994.474136353,1,-0.328386263,-0.065300585,-0.527627772,0.014358328,0.199383803,-0.005100853,0.979803000,972,594,383,1.219253853,1.013966742,1.012300384,0.830081658,0.288928397,1,0,ok,map,594,383,1056,0,ok,28,TRACKING,141,0,0,-1,0,0,0,nan,nan,0,0,nan,nan,
1750921994.486136436,1,-0.333331098,-0.065148896,-0.538481144,0.013641942,0.206430265,-0.005383453,0.978351400,978,584,377,1.234664860,1.088857446,0.750228734,0.829132076,0.251132181,1,0,ok,map,584,377,1056,0,ok,22,TRACKING,141,0,0,-1,0,0,0,nan,nan,0,0,nan,nan,
1750921994.498136520,1,-0.349436875,-0.063769143,-0.560095925,0.012113659,0.211842979,-0.006947762,0.977203940,976,579,379,1.249757730,1.098952907,0.804145835,0.775606190,0.185564671,1,0,ok,map,579,379,1056,0,ok,24,TRACKING,142,1,0,-1,0,0,0,nan,nan,0,0,nan,nan,
1750921994.510136604,1,-0.358105774,-0.065116126,-0.573984133,0.012383125,0.218831171,-0.007312875,0.975656753,981,617,439,1.093331683,0.907283284,0.754239845,0.821828037,0.132750267,1,0,ok,map,617,439,1039,0,ok,19,TRACKING,142,0,0,-1,0,0,0,nan,nan,0,0,nan,nan,
1750921994.522136688,1,-0.371015663,-0.064237634,-0.591973902,0.012241446,0.225616784,-0.007420179,0.974110956,976,613,426,1.201612235,1.045120345,0.793987615,0.797756644,0.309665152,1,0,ok,map,613,426,1039,0,ok,24,TRACKING,142,0,0,-1,0,0,0,nan,nan,0,0,nan,nan,
1750921994.534136772,1,-0.381556790,-0.065187365,-0.607967307,0.013113463,0.232634326,-0.006423420,0.972454650,967,607,413,1.267297149,1.085054539,0.723159687,0.840069668,0.147664197,1,0,ok,map,607,413,1039,0,ok,33,TRACKING,142,0,0,-1,0,0,0,nan,nan,0,0,nan,nan,
1750921994.546136856,1,-0.388507958,-0.064708896,-0.621205506,0.012954386,0.239511661,-0.007009920,0.970781752,972,595,411,1.271427469,1.120567065,0.865769982,0.814050386,0.172383058,1,0,ok,map,595,411,1039,0,ok,28,TRACKING,142,0,0,-1,0,0,0,nan,nan,0,0,nan,nan,
1750921994.558136940,1,-0.402002264,-0.063833189,-0.639094035,0.011552642,0.244819906,-0.008961740,0.969458322,917,545,394,1.235402539,1.052885335,0.869045912,0.785646444,0.158278458,1,0,ok,map,545,394,1039,0,ok,83,TRACKING,143,1,10,8,127,1,0,0.005890467,0.003527997,122,75,0.614754098,1.280104622,ok
1750921994.570137024,1,-0.413314321,-0.061523376,-0.648361119,0.011113595,0.251598790,-0.009615388,0.967720043,965,570,427,1.353556934,1.236940329,0.900056280,0.806997254,0.414842122,1,0,ok,map,570,427,863,0,ok,35,TRACKING,143,0,0,-1,0,0,0,nan,nan,0,0,nan,nan,
1750921994.582137108,1,-0.426585745,-0.062072296,-0.664291446,0.011126122,0.258533397,-0.009159355,0.965894817,970,565,407,1.377751723,1.247768094,0.799430545,0.823374942,0.525373177,1,0,ok,map,565,407,863,0,ok,30,TRACKING,143,0,0,-1,0,0,0,nan,nan,0,0,nan,nan,
1750921994.594137192,1,-0.438094442,-0.061852261,-0.679886323,0.010855513,0.265234804,-0.008824529,0.964082353,979,562,411,1.452735441,1.351499194,1.001130428,0.797045230,0.432640670,1,0,ok,map,562,411,863,0,ok,21,TRACKING,143,0,0,-1,0,0,0,nan,nan,0,0,nan,nan,
1750921994.606137276,1,-0.450707004,-0.062255196,-0.695525753,0.011214885,0.271876964,-0.008723887,0.962227123,980,552,402,1.525338535,1.406176644,1.076699673,0.791425636,0.495921184,1,0,ok,map,552,402,863,0,ok,20,TRACKING,143,0,0,-1,0,0,0,nan,nan,0,0,nan,nan,
1750921994.618137360,1,-0.462484981,-0.063449649,-0.709836031,0.011142689,0.278301138,-0.009233769,0.960384847,986,551,381,1.448483554,1.345152247,1.021402155,0.768099929,0.491413279,1,0,ok,map,551,381,863,0,ok,14,TRACKING,143,0,0,-1,0,0,0,nan,nan,0,0,nan,nan,
1750921994.630137444,1,-0.475093408,-0.062270271,-0.723872919,0.010669023,0.285088180,-0.009175679,0.958397991,964,539,371,1.404720092,1.316894145,0.843181884,0.814381683,0.590903274,1,0,ok,map,539,371,863,0,ok,36,TRACKING,144,1,0,-1,0,0,0,nan,nan,0,0,nan,nan,
1750921994.642137527,1,-0.490212417,-0.063759013,-0.740945527,0.010549389,0.291584592,-0.009993489,0.956434664,956,516,419,1.196163456,1.026120961,0.912042914,0.783435367,0.320488195,1,0,ok,map,516,419,619,0,ok,44,TRACKING,144,0,0,-1,0,0,0,nan,nan,0,0,nan,nan,
1750921994.654137611,1,-0.497486572,-0.063547903,-0.749458691,0.009740403,0.298249486,-0.010790965,0.954377244,966,512,402,1.250036321,1.098030324,0.845877974,0.809834265,0.431197104,1,0,ok,map,512,402,619,0,ok,34,TRACKING,144,0,0,-1,0,0,0,nan,nan,0,0,nan,nan,
1750921994.666137695,1,-0.509271887,-0.062968674,-0.761427115,0.010422675,0.305282401,-0.010457706,0.952147394,963,505,381,1.223251304,1.139008776,0.898391774,0.849918199,0.158814610,1,0,ok,map,505,381,619,0,ok,37,TRACKING,144,0,0,-1,0,0,0,nan,nan,0,0,nan,nan,
1750921994.678137779,1,-0.519673406,-0.063729304,-0.772514657,0.011374239,0.311644778,-0.010659683,0.950070803,874,477,380,1.231478190,1.134330596,0.857817180,0.774985565,0.193143215,1,0,ok,map,477,380,619,1,ok,126,TRACKING,144,0,0,-1,0,0,0,nan,nan,0,0,nan,nan,
1750921994.690137863,1,-0.534730151,-0.063874091,-0.789016955,0.011213911,0.318191652,-0.011325570,0.947892427,953,473,378,1.267381133,1.137982540,0.962522797,0.794296983,0.383807975,1,0,ok,map,473,378,619,1,ok,47,TRACKING,145,1,0,-1,0,0,0,nan,nan,0,0,nan,nan,
1750921994.702137947,1,-0.546987632,-0.063919025,-0.800835718,0.011474847,0.324680697,-0.011818620,0.945680228,979,545,459,1.009978021,0.880719942,0.815475231,0.788210842,0.180747984,1,0,ok,map,545,459,639,1,ok,21,TRACKING,145,0,0,-1,0,0,0,nan,nan,0,0,nan,nan,
1750921994.714138031,1,-0.563575201,-0.064342041,-0.815255930,0.011397819,0.331139096,-0.011574188,0.943442116,977,541,450,1.148415228,1.024423454,0.747177137,0.783808987,0.185348092,1,0,ok,map,541,450,639,0,ok,23,TRACKING,145,0,0,-1,0,0,0,nan,nan,0,0,nan,nan,
1750921994.726138115,1,-0.572619704,-0.064863559,-0.824953814,0.011730085,0.337736544,-0.011007978,0.941103212,976,540,450,1.147431990,1.116675586,0.816554605,0.805636527,0.136719449,1,0,ok,map,540,450,639,0,ok,24,TRACKING,145,0,0,-1,0,0,0,nan,nan,0,0,nan,nan,
1750921994.738138199,1,-0.586425208,-0.066138943,-0.836649146,0.011349863,0.344000339,-0.012141193,0.938822421,980,539,440,1.217576332,1.099144480,0.756609926,0.776065406,0.250017903,1,0,ok,map,539,440,639,0,ok,20,TRACKING,145,0,0,-1,0,0,0,nan,nan,0,0,nan,nan,
1750921994.750138283,1,-0.600514444,-0.064807847,-0.849918635,0.010360156,0.350779231,-0.012424862,0.936318440,975,535,430,1.164842570,1.075013683,0.717608091,0.828966050,0.168959910,1,0,ok,map,535,430,639,0,ok,25,TRACKING,146,1,0,-1,0,0,0,nan,nan,0,0,nan,nan,
1750921994.762138367,1,-0.614131277,-0.067380197,-0.861962268,0.011354427,0.357043067,-0.013083996,0.933927264,974,587,507,0.989084262,0.880429827,0.787838598,0.780372596,0.071249425,1,0,ok,map,587,507,674,0,ok,26,TRACKING,146,0,0,-1,0,0,0,nan,nan,0,0,nan,nan,
1750921994.774138451,1,-0.629514567,-0.066436215,-0.873638529,0.010375245,0.363344228,-0.013898123,0.931493515,963,582,515,1.179286168,1.050381426,0.735857291,0.787682970,0.127011415,1,0,ok,map,582,515,674,0,ok,37,TRACKING,146,0,0,-1,0,0,0,nan,nan,0,0,nan,nan,
1750921994.786138535,1,-0.643051304,-0.066256179,-0.884612831,0.010653143,0.369718679,-0.014257467,0.928973268,978,581,495,1.239666394,1.116891459,0.771347933,0.787201513,0.069314378,1,0,ok,map,581,495,674,0,ok,22,TRACKING,146,0,0,-1,0,0,0,nan,nan,0,0,nan,nan,
1750921994.798138618,1,-0.656189216,-0.067251367,-0.894505340,0.011763093,0.375870783,-0.015062902,0.926474983,894,581,485,1.284608301,1.179709461,0.750892206,0.776950258,0.028633111,1,0,ok,map,581,485,674,0,ok,106,TRACKING,146,0,0,-1,0,0,0,nan,nan,0,0,nan,nan,
1750921994.810138702,1,-0.672839311,-0.067143120,-0.908642044,0.011789517,0.382557420,-0.014815536,0.923737694,951,572,476,1.252657293,1.169844138,0.758450835,0.814008198,0.078683981,1,0,ok,map,572,476,674,0,ok,49,TRACKING,147,1,0,-1,0,0,0,nan,nan,0,0,nan,nan,
1750921994.822138786,1,-0.687161018,-0.068417340,-0.918991699,0.011645437,0.388606004,-0.015284146,0.921203643,982,629,549,1.127363217,0.948996791,0.728577382,0.753584824,0.144457772,1,0,ok,map,629,549,691,0,ok,18,TRACKING,147,0,0,-1,0,0,0,nan,nan,0,0,nan,nan,
1750921994.834138870,1,-0.700814841,-0.068627816,-0.928151569,0.010601192,0.394718558,-0.016051089,0.918600695,979,628,522,1.179497871,1.019249260,0.712654662,0.775654310,0.083384413,1,0,ok,map,628,522,691,0,ok,21,TRACKING,147,0,0,-1,0,0,0,nan,nan,0,0,nan,nan,
1750921994.846138954,1,-0.717873402,-0.069307643,-0.940389034,0.010193571,0.401088470,-0.015709182,0.915847887,983,625,524,1.282749236,1.183652641,0.760483438,0.797519163,0.073371915,1,0,ok,map,625,524,691,0,ok,17,TRACKING,147,0,0,-1,0,0,0,nan,nan,0,0,nan,nan,
1750921994.858139038,1,-0.731359457,-0.068752626,-0.948896288,0.009629011,0.407256186,-0.015889067,0.913124974,977,624,504,1.284042420,1.201188349,0.706299680,0.775559155,0.092118809,1,0,ok,map,624,504,691,0,ok,23,TRACKING,147,0,0,-1,0,0,0,nan,nan,0,0,nan,nan,
1750921994.870139122,1,-0.748824267,-0.067603997,-0.960099224,0.010435227,0.413657011,-0.015708491,0.910237456,974,618,472,1.239754373,1.066096371,0.762119532,0.810212837,0.076537246,1,0,ok,map,618,472,691,0,ok,26,TRACKING,147,0,0,-1,0,0,0,nan,nan,0,0,nan,nan,
1750921994.882139206,1,-0.762201770,-0.068531723,-0.968857039,0.010899448,0.419473518,-0.017006200,0.907542814,967,614,455,1.198370710,1.048930337,0.752162090,0.751362021,0.084233061,1,0,ok,map,614,455,691,0,ok,33,TRACKING,147,0,0,-1,0,0,0,nan,nan,0,0,nan,nan,
1750921994.894139290,1,-0.778803063,-0.068341298,-0.979503387,0.010742494,0.425641528,-0.017611982,0.904656679,955,599,455,1.310959252,1.186953130,0.825011137,0.783641291,0.066637516,1,0,ok,map,599,455,691,0,ok,45,TRACKING,147,0,0,-1,0,0,0,nan,nan,0,0,nan,nan,
1750921994.906139374,1,-0.792104212,-0.070107953,-0.986067398,0.010885758,0.431520135,-0.018268748,0.901852608,955,593,412,1.337280668,1.212109600,0.727436212,0.750315281,0.259121430,1,0,ok,map,593,412,691,0,ok,45,TRACKING,147,0,0,-1,0,0,0,nan,nan,0,0,nan,nan,
1750921994.918139458,1,-0.808411232,-0.069196178,-0.997229816,0.010333709,0.437987568,-0.017510409,0.898751072,965,577,408,1.413262380,1.341051277,0.680621761,0.797337418,0.140914861,1,0,ok,map,577,408,691,0,ok,35,TRACKING,148,1,0,-1,0,0,0,nan,nan,0,0,nan,nan,
1750921994.930139542,1,-0.826088099,-0.071192481,-1.008448622,0.010108694,0.443798732,-0.017309796,0.895902267,939,628,484,1.093757550,0.908427891,0.764952698,0.742428925,0.048324006,1,0,ok,map,628,484,713,0,ok,61,TRACKING,148,0,0,-1,0,0,0,nan,nan,0,0,nan,nan,
1750921994.942139626,1,-0.839071577,-0.070293174,-1.015014235,0.009582991,0.449680861,-0.016753170,0.892980751,958,612,483,1.182435471,1.009905234,0.649378899,0.757701169,0.198315631,1,0,ok,map,612,483,713,0,ok,42,TRACKING,148,0,0,-1,0,0,0,nan,nan,0,0,nan,nan,
1750921994.954139709,1,-0.855332068,-0.070380275,-1.022950815,0.009957666,0.455515534,-0.017534042,0.889999439,983,610,456,1.271133453,1.116734848,0.640269585,0.757362009,0.222079178,1,0,ok,map,610,456,713,0,ok,17,TRACKING,148,0,0,-1,0,0,0,nan,nan,0,0,nan,nan,
1750921994.966139793,1,-0.872478642,-0.069349984,-1.032161845,0.010930280,0.461253280,-0.017736709,0.887023872,972,596,454,1.225733747,1.080170798,0.685633994,0.749352934,0.092455891,1,0,ok,map,596,454,713,0,ok,28,TRACKING,148,0,0,-1,0,0,0,nan,nan,0,0,nan,nan,
1750921994.978139877,1,-0.890492280,-0.068219755,-1.041482077,0.011822438,0.467134071,-0.018021538,0.883923760,966,578,444,1.213761169,1.094773251,0.763716090,0.769315109,0.045195749,1,0,ok,map,578,444,713,0,ok,34,TRACKING,148,0,0,-1,0,0,0,nan,nan,0,0,nan,nan,
1750921994.990139961,1,-0.907016336,-0.070534078,-1.051305956,0.012357365,0.473063040,-0.018566882,0.880746233,986,573,432,1.239609648,1.138237739,0.705515439,0.735155440,0.056359309,1,0,ok,map,573,432,713,0,ok,14,TRACKING,149,1,0,-1,0,0,0,nan,nan,0,0,nan,nan,
1750921995.002140045,1,-0.921210799,-0.070753307,-1.058341557,0.011913801,0.478921728,-0.018667089,0.877578247,981,602,497,1.121240901,0.960642921,0.617814084,0.764998932,0.173753422,1,0,ok,map,602,497,731,0,ok,19,TRACKING,149,0,0,-1,0,0,0,nan,nan,0,0,nan,nan,
1750921995.014140129,1,-0.943320847,-0.070202841,-1.068253990,0.011619701,0.484355819,-0.019121853,0.874584917,984,602,478,1.094550386,0.947708619,0.689325717,0.713628622,0.034227054,1,0,ok,map,602,478,731,0,ok,16,TRACKING,149,0,0,-1,0,0,0,nan,nan,0,0,nan,nan,
1750921995.026140213,1,-0.955066046,-0.070555890,-1.074815764,0.011453709,0.490271172,-0.018947756,0.871288685,976,594,482,1.146060121,0.967703139,0.711112306,0.776475846,0.084757401,1,0,ok,map,594,482,731,0,ok,24,TRACKING,149,0,0,-1,0,0,0,nan,nan,0,0,nan,nan,
1750921995.038140297,1,-0.974384167,-0.069897898,-1.082368750,0.011621506,0.495661538,-0.019387010,0.868221587,960,590,472,1.165363801,0.995652695,0.633527607,0.712722311,0.179484989,1,0,ok,map,590,472,731,0,ok,40,TRACKING,149,0,0,-1,0,0,0,nan,nan,0,0,nan,nan,
1750921995.050140381,1,-0.990324439,-0.069276645,-1.089873541,0.013306112,0.501347802,-0.020104816,0.864909895,944,585,460,1.148443669,0.956880223,0.708841340,0.782704989,0.090026447,1,0,ok,map,585,460,731,0,ok,56,TRACKING,149,0,0,-1,0,0,0,nan,nan,0,0,nan,nan,
1750921995.062140465,1,-1.007423279,-0.072012340,-1.095167280,0.013768776,0.506724804,-0.020948666,0.861743319,967,579,447,1.266492481,1.067344237,0.520799073,0.723522365,0.203326690,1,0,ok,map,579,447,731,0,ok,33,TRACKING,149,0,0,-1,0,0,0,nan,nan,0,0,nan,nan,
1750921995.074140549,1,-1.024681575,-0.070970575,-1.106482657,0.012719184,0.512856537,-0.019851412,0.858150521,957,571,428,1.287308849,1.109261342,0.721195126,0.772075840,0.216607490,1,0,ok,map,571,428,731,0,ok,43,TRACKING,150,1,0,-1,0,0,0,nan,nan,0,0,nan,nan,
1750921995.086140633,1,-1.042958117,-0.070372013,-1.113447454,0.010927043,0.518156915,-0.019793730,0.854986678,975,634,501,1.050796887,0.911967330,0.631048205,0.736594231,0.128599810,1,0,ok,map,634,501,771,0,ok,25,TRACKING,150,0,0,-1,0,0,0,nan,nan,0,0,nan,nan,
1750921995.098140717,1,-1.061535795,-0.071131750,-1.120393991,0.011730040,0.523664367,-0.020147168,0.851605618,975,633,498,1.234587017,1.078376204,0.710347883,0.747339624,0.280420232,1,0,ok,map,633,498,771,0,ok,25,TRACKING,150,0,0,-1,0,0,0,nan,nan,0,0,nan,nan,
1750921995.110140800,1,-1.077118703,-0.070789886,-1.126044577,0.011924379,0.529028487,-0.020840558,0.848264310,983,628,482,1.210364774,1.090685726,0.626211616,0.728867317,0.104502308,1,0,ok,map,628,482,771,0,ok,17,TRACKING,150,0,0,-1,0,0,0,nan,nan,0,0,nan,nan,
1750921995.122140884,1,-1.097716355,-0.072606770,-1.132927345,0.011632039,0.534328131,-0.021115881,0.844933289,981,621,473,1.250417031,1.101687195,0.621207627,0.718767009,0.159041039,1,0,ok,map,621,473,771,0,ok,19,TRACKING,150,0,0,-1,0,0,0,nan,nan,0,0,nan,nan,
1750921995.134140968,1,-1.115393044,-0.073811817,-1.138854961,0.011062384,0.539739543,-0.020799623,0.841502362,965,608,444,1.319237020,1.090096373,0.604889825,0.738020517,0.375435215,1,0,ok,map,608,444,771,0,ok,35,TRACKING,150,0,0,-1,0,0,0,nan,nan,0,0,nan,nan,
1750921995.146141052,1,-1.130682554,-0.072891230,-1.143825651,0.010733553,0.545004204,-0.020614621,0.838111118,963,587,433,1.251190808,1.101408040,0.532486031,0.718916376,0.223996748,1,0,ok,map,587,433,771,0,ok,37,TRACKING,150,0,0,-1,0,0,0,nan,nan,0,0,nan,nan,
1750921995.158141136,1,-1.151920942,-0.071720014,-1.153123718,0.010439744,0.550917327,-0.020760409,0.834236247,930,578,417,1.357429360,1.259260574,0.485838682,0.732806968,0.296460805,1,0,ok,map,578,417,771,0,ok,70,TRACKING,151,1,0,-1,0,0,0,nan,nan,0,0,nan,nan,
1750921995.170141220,1,-1.167733621,-0.073489847,-1.158832183,0.011549555,0.555924824,-0.021689935,0.830869270,965,623,488,1.096960012,0.939124110,0.617192322,0.711090096,0.187333391,1,0,ok,map,623,488,763,1,ok,35,TRACKING,151,0,0,-1,0,0,0,nan,nan,0,0,nan,nan,
1750921995.182141304,1,-1.189615657,-0.074299474,-1.165443267,0.011324004,0.561162138,-0.022120152,0.827332775,942,601,459,1.150784281,0.996066415,0.618015356,0.726300321,0.190146981,1,0,ok,map,601,459,763,1,ok,58,TRACKING,151,0,0,-1,0,0,0,nan,nan,0,0,nan,nan,
1750921995.194141388,1,-1.203944690,-0.075198873,-1.168879805,0.010725189,0.566258528,-0.022021865,0.823863634,968,597,458,1.209660947,1.092269736,0.542462115,0.709880521,0.190208071,1,0,ok,map,597,458,763,1,ok,32,TRACKING,151,0,0,-1,0,0,0,nan,nan,0,0,nan,nan,
1750921995.206141472,1,-1.224737865,-0.074230617,-1.175387197,0.010033091,0.571425424,-0.021946364,0.820299140,976,586,451,1.257196653,1.159686923,0.668148120,0.723718659,0.121718096,1,0,ok,map,586,451,763,0,ok,24,TRACKING,151,0,0,-1,0,0,0,nan,nan,0,0,nan,nan,
1750921995.218141556,1,-1.241390995,-0.073747498,-1.181031231,0.009525702,0.577154553,-0.022467200,0.816270242,974,580,431,1.375259536,1.190256628,0.420254424,0.715210830,0.342317170,1,0,ok,map,580,431,763,0,ok,26,TRACKING,152,1,0,-1,0,0,0,nan,nan,0,0,nan,nan,
1750921995.230141640,1,-1.261751931,-0.072995130,-1.186301947,0.009845080,0.582225691,-0.023636843,0.812623910,974,707,593,1.068845536,0.878421111,0.585570759,0.729097466,0.246333222,1,0,ok,map,707,593,827,0,ok,26,TRACKING,152,0,0,-1,0,0,0,nan,nan,0,0,nan,nan,
1750921995.242141724,1,-1.281824320,-0.074709864,-1.190686026,0.010388347,0.587376909,-0.024003487,0.808890773,983,702,560,1.112435490,0.938895745,0.593634965,0.732858215,0.246300015,1,0,ok,map,702,560,827,0,ok,17,TRACKING,152,0,0,-1,0,0,0,nan,nan,0,0,nan,nan,
1750921995.254141808,1,-1.300638358,-0.072987799,-1.195742256,0.009718900,0.592616010,-0.024293244,0.805060027,984,692,549,1.138866996,0.983873678,0.620430024,0.748407164,0.227783009,1,0,ok,map,692,549,827,0,ok,16,TRACKING,152,0,0,-1,0,0,0,nan,nan,0,0,nan,nan,
1750921995.266141891,1,-1.320351481,-0.074662268,-1.200184949,0.010391046,0.597469416,-0.024958322,0.801435840,978,684,526,1.159066532,1.013147432,0.688973074,0.702517412,0.227535176,1,0,ok,map,684,526,827,0,ok,22,TRACKING,152,0,0,-1,0,0,0,nan,nan,0,0,nan,nan,
1750921995.278141975,1,-1.336217384,-0.075904845,-1.201879717,0.010051008,0.602687036,-0.023826101,0.797558544,979,676,492,1.211913402,1.052582413,0.530446543,0.757125774,0.308734047,1,0,ok,map,676,492,827,0,ok,21,TRACKING,152,0,0,-1,0,0,0,nan,nan,0,0,nan,nan,
1750921995.290142059,1,-1.354166249,-0.074320658,-1.205896198,0.009018187,0.607768460,-0.023300897,0.793721135,947,646,488,1.242368310,1.086811327,0.458592603,0.741658720,0.306753804,1,0,ok,map,646,488,827,0,ok,53,TRACKING,152,0,0,-1,0,0,0,nan,nan,0,0,nan,nan,
1750921995.302142143,1,-1.372423233,-0.071745344,-1.208902351,0.008522036,0.612561502,-0.024192420,0.790006651,959,641,475,1.420993811,1.252043468,0.433339278,0.704637882,0.487662805,1,0,ok,map,641,475,827,0,ok,41,TRACKING,152,0,0,-1,0,0,0,nan,nan,0,0,nan,nan,
1750921995.314142227,1,-1.388773556,-0.075410629,-1.213019273,0.009738710,0.617384356,-0.025912254,0.786174453,962,628,451,1.325281756,1.184789822,0.682284755,0.746024782,0.275960418,1,0,ok,map,628,451,827,0,ok,38,TRACKING,152,0,0,-1,0,0,0,nan,nan,0,0,nan,nan,
1750921995.326142311,1,-1.400078919,-0.073103528,-1.215711452,0.009565744,0.622475257,-0.025988912,0.782149364,957,609,421,1.283621595,1.143463144,0.505386621,0.744003381,0.356074184,1,0,ok,map,609,421,827,0,ok,43,TRACKING,152,0,0,-1,0,0,0,nan,nan,0,0,nan,nan,
1750921995.338142395,1,-1.428188885,-0.074640949,-1.218478950,0.010109713,0.627479175,-0.025947676,0.778135205,987,607,444,1.407337109,1.281213842,0.550855317,0.737763349,0.332054644,1,0,ok,map,607,444,827,0,ok,13,TRACKING,152,0,0,-1,0,0,0,nan,nan,0,0,nan,nan,
1750921995.350142479,1,-1.451459104,-0.072300818,-1.220267708,0.010115927,0.632320895,-0.025787603,0.774211181,986,606,416,1.642027689,1.442241942,0.497394397,0.714393561,0.583759914,1,0,ok,map,606,416,827,0,ok,14,TRACKING,152,0,0,-1,0,0,0,nan,nan,0,0,nan,nan,
1750921995.362142563,1,-1.463136540,-0.073144865,-1.223534248,0.010262216,0.637147711,-0.026579809,0.770214902,964,600,422,1.583390916,1.472097331,0.427010293,0.723993053,0.531756558,1,0,ok,map,600,422,827,0,ok,36,TRACKING,152,0,0,-1,0,0,0,nan,nan,0,0,nan,nan,
1750921995.374142647,1,-1.490426279,-0.071936451,-1.229544670,0.010059881,0.642707660,-0.027505876,0.765551493,979,594,399,1.711678207,1.478038614,0.630931628,0.706432779,0.780889576,1,0,ok,map,594,399,827,0,ok,21,TRACKING,153,1,4,18,146,1,0,0.004725932,0.003605028,131,81,0.618320611,1.200955068,ok
1750921995.386142731,1,-1.506100695,-0.069276677,-1.232668537,0.010473304,0.647699217,-0.027781271,0.761317434,962,709,516,1.527444678,1.344687670,0.475918134,0.752211532,0.596436504,1,0,ok,map,709,516,912,0,ok,38,TRACKING,153,0,0,-1,0,0,0,nan,nan,0,0,nan,nan,
1750921995.398142815,1,-1.527263970,-0.070654041,-1.234301619,0.010453306,0.652597215,-0.027647812,0.757128259,978,705,491,1.701026299,1.533671289,0.615400228,0.738719434,0.793070288,1,0,ok,map,705,491,912,0,ok,22,TRACKING,153,0,0,-1,0,0,0,nan,nan,0,0,nan,nan,
1750921995.410142899,1,-1.542684431,-0.070114655,-1.236404121,0.010275555,0.657263827,-0.028359649,0.753056708,986,700,494,1.568652086,1.420367042,0.388456183,0.714643768,0.475504039,1,0,ok,map,700,494,912,0,ok,14,TRACKING,153,0,0,-1,0,0,0,nan,nan,0,0,nan,nan,
1750921995.422142982,1,-1.565254012,-0.069899273,-1.235032647,0.009739929,0.662126665,-0.028588088,0.748783102,956,685,481,1.909334865,1.677025942,0.435000847,0.744846280,0.831579658,1,0,ok,map,685,481,912,0,ok,44,TRACKING,153,0,0,-1,0,0,0,nan,nan,0,0,nan,nan,
1750921995.434143066,1,-1.584981668,-0.070285022,-1.238248353,0.009996012,0.666910310,-0.028727206,0.744516934,983,675,480,1.884303222,1.617110418,0.550556756,0.735250450,0.754123071,1,0,ok,map,675,480,912,0,ok,17,TRACKING,153,0,0,-1,0,0,0,nan,nan,0,0,nan,nan,
1750921995.446143150,1,-1.605182743,-0.068940743,-1.240444681,0.009858377,0.671686018,-0.028286226,0.740230096,986,672,465,1.659809120,1.469670459,0.504059910,0.737295962,0.587800803,1,0,ok,map,672,465,912,0,ok,14,TRACKING,153,0,0,-1,0,0,0,nan,nan,0,0,nan,nan,
1750921995.458143234,1,-1.620792469,-0.069132317,-1.239540482,0.009340571,0.676518258,-0.028380839,0.735819495,976,664,457,1.764731565,1.595869555,0.380625885,0.752136009,0.702962971,1,0,ok,map,664,457,912,0,ok,24,TRACKING,153,0,0,-1,0,0,0,nan,nan,0,0,nan,nan,
1750921995.470143318,1,-1.635296547,-0.069240907,-1.241028070,0.009186601,0.681237058,-0.028470029,0.731451389,984,658,437,1.715379582,1.598809842,0.346204151,0.737129523,0.658624539,1,0,ok,map,658,437,912,0,ok,16,TRACKING,153,0,0,-1,0,0,0,nan,nan,0,0,nan,nan,
1750921995.482143402,1,-1.665131794,-0.069997727,-1.237094727,0.009040756,0.685927745,-0.028847895,0.727041397,992,654,416,1.968674990,1.799416880,0.367208105,0.739224580,0.763989296,1,0,ok,map,654,416,912,0,ok,8,TRACKING,153,0,0,-1,0,0,0,nan,nan,0,0,nan,nan,
1750921995.494143486,1,-1.688956584,-0.070111415,-1.237987063,0.009144008,0.690626777,-0.029154774,0.722565596,990,652,410,1.924684266,1.745763235,0.510142436,0.744569039,0.683653295,1,0,ok,map,652,410,912,0,ok,10,TRACKING,153,0,0,-1,0,0,0,nan,nan,0,0,nan,nan,
1750921995.506143570,1,-1.698690444,-0.068577337,-1.237198699,0.009262520,0.695554637,-0.028930952,0.717830727,981,644,402,2.137609627,1.882255170,0.569465643,0.783651399,1.042495824,1,0,ok,map,644,402,912,0,ok,19,TRACKING,153,0,0,-1,0,0,0,nan,nan,0,0,nan,nan,
1750921995.518143654,1,-1.722037212,-0.071068947,-1.236802734,0.010102042,0.700193092,-0.029248017,0.713282649,966,624,389,1.805403270,1.685079273,0.435145250,0.751477392,0.563877781,1,0,ok,map,624,389,912,0,ok,34,TRACKING,153,0,0,-1,0,0,0,nan,nan,0,0,nan,nan,
1750921995.530143738,1,-1.744768635,-0.067337404,-1.240011320,0.009283343,0.704810436,-0.029665714,0.708714338,981,612,372,1.642892999,1.626549434,0.237075830,0.751726093,0.552273730,1,0,ok,map,612,372,912,0,ok,19,TRACKING,153,0,0,-1,0,0,0,nan,nan,0,0,nan,nan,
1750921995.542143822,1,-1.759051246,-0.069280784,-1.233117408,0.009501982,0.709674248,-0.029575201,0.703844785,986,611,374,2.110864616,1.975677903,0.445151585,0.763091153,0.950071329,1,0,ok,map,611,374,912,0,ok,14,TRACKING,154,1,0,-1,0,0,0,nan,nan,0,0,nan,nan,
1750921995.554143906,1,-1.777761079,-0.068832930,-1.231794550,0.009303469,0.714191169,-0.029856373,0.699251754,985,728,517,1.439081270,1.164312543,0.316700312,0.739245397,0.531209892,1,0,ok,map,728,517,1019,0,ok,15,TRACKING,154,0,0,-1,0,0,0,nan,nan,0,0,nan,nan,
1750921995.566143990,1,-1.798652569,-0.070156494,-1.229830512,0.009081423,0.718699510,-0.030094624,0.694609858,978,719,509,1.490719427,1.296257166,0.365332149,0.742448515,0.452614022,1,0,ok,map,719,509,1019,0,ok,22,TRACKING,154,0,0,-1,0,0,0,nan,nan,0,0,nan,nan,
1750921995.578144073,1,-1.820113945,-0.066752587,-1.230333526,0.009544466,0.723470571,-0.029378158,0.689663802,984,712,486,1.478695819,1.390250560,0.532277297,0.793536547,0.323736204,1,0,ok,map,712,486,1019,0,ok,16,TRACKING,154,0,0,-1,0,0,0,nan,nan,0,0,nan,nan,
1750921995.590144157,1,-1.846463034,-0.068713108,-1.226510340,0.009263082,0.727873495,-0.029796450,0.685001126,977,701,439,1.509111705,1.359196291,0.424013148,0.737141608,0.364492933,1,0,ok,map,701,439,1019,0,ok,23,TRACKING,154,0,0,-1,0,0,0,nan,nan,0,0,nan,nan,
1750921995.602144241,1,-1.859375332,-0.069051398,-1.222951923,0.007898232,0.732626522,-0.029054909,0.679964565,969,686,453,1.398811253,1.296511163,0.567138552,0.813286224,0.247168592,1,0,ok,map,686,453,1019,0,ok,31,TRACKING,154,0,0,-1,0,0,0,nan,nan,0,0,nan,nan,
1750921995.614144325,1,-1.876086136,-0.067071209,-1.219929799,0.008520598,0.737331185,-0.029545305,0.674831237,977,679,446,1.650688726,1.409180700,0.341027446,0.803064804,0.769837619,1,0,ok,map,679,446,1019,0,ok,23,TRACKING,154,0,0,-1,0,0,0,nan,nan,0,0,nan,nan,
1750921995.626144409,1,-1.893414011,-0.067782395,-1.221172055,0.009303861,0.741781883,-0.030662482,0.669875279,976,675,408,1.779495597,1.569418293,0.502142102,0.779155178,1.081834403,1,0,ok,map,675,408,1019,1,ok,24,TRACKING,154,0,0,-1,0,0,0,nan,nan,0,0,nan,nan,
1750921995.638144493,1,-1.919843877,-0.071787387,-1.212955163,0.009475134,0.746391601,-0.030868437,0.664723205,975,666,387,1.670382163,1.512557127,0.307015302,0.792798941,0.672226381,1,0,ok,map,666,387,1019,0,ok,25,TRACKING,154,0,0,-1,0,0,0,nan,nan,0,0,nan,nan,
1750921995.650144577,1,-1.926186464,-0.073321737,-1.209666012,0.007972691,0.750988428,-0.030157247,0.659578166,949,648,367,1.718219567,1.562505314,0.314883787,0.813241548,0.582060172,1,0,ok,map,648,367,1019,0,ok,51,TRACKING,154,0,0,-1,0,0,0,nan,nan,0,0,nan,nan,
1750921995.662144661,1,-1.956333035,-0.067981803,-1.208274360,0.008412541,0.755629503,-0.029791000,0.654267361,959,634,349,1.753101583,1.664043560,0.881738838,0.810868248,1.170641061,1,0,ok,map,634,349,1019,0,ok,41,TRACKING,154,0,0,-1,0,0,0,nan,nan,0,0,nan,nan,
1750921995.674144745,1,-1.974329036,-0.073282176,-1.200188682,0.008891207,0.760058359,-0.029480609,0.649124897,959,627,344,1.815101674,1.574719899,0.268485546,0.780446274,0.717056145,1,0,ok,map,627,344,1019,0,ok,41,TRACKING,154,0,0,-1,0,0,0,nan,nan,0,0,nan,nan,
1750921995.686144829,1,-1.997849976,-0.068999432,-1.197476130,0.008434467,0.764624570,-0.029753393,0.643733533,955,617,327,1.664532567,1.499986341,0.343185980,0.811906212,0.519818282,1,0,ok,map,617,327,1019,0,ok,45,TRACKING,154,0,0,-1,0,0,0,nan,nan,0,0,nan,nan,
1750921995.698144913,1,-2.010760911,-0.073691920,-1.193834734,0.008380186,0.768951299,-0.030585773,0.638520307,966,608,329,1.728900624,1.688515103,0.486895724,0.770662868,0.507040437,1,0,ok,map,608,329,1019,0,ok,34,TRACKING,155,1,0,-1,0,0,0,nan,nan,0,0,nan,nan,
1750921995.710144997,1,-2.039076851,-0.069356372,-1.186788274,0.007849156,0.773526336,-0.030027181,0.633003765,962,657,384,1.529011865,1.362404608,0.301372042,0.825993149,0.825944617,1,0,ok,map,657,384,990,0,ok,38,TRACKING,155,0,0,-1,0,0,0,nan,nan,0,0,nan,nan,
1750921995.722145081,1,-2.055109278,-0.071561032,-1.182913336,0.008224331,0.777882618,-0.029392722,0.627667954,968,634,380,1.593889134,1.403224728,0.546412674,0.793843855,0.688666158,1,0,ok,map,634,380,990,0,ok,32,TRACKING,155,0,0,-1,0,0,0,nan,nan,0,0,nan,nan,
1750921995.734145164,1,-2.071062393,-0.070669948,-1.177497870,0.008384984,0.782224803,-0.028669567,0.622279765,967,620,348,1.819061757,1.518091218,0.628817974,0.797512100,1.092824738,1,0,ok,map,620,348,990,0,ok,33,TRACKING,155,0,0,-1,0,0,0,nan,nan,0,0,nan,nan,
1750921995.746145248,1,-2.096233501,-0.068371414,-1.168202460,0.008207001,0.786486883,-0.028643611,0.616887811,960,605,349,1.627113520,1.580609363,0.567333014,0.787862046,0.443163969,1,0,ok,map,605,349,990,0,ok,40,TRACKING,155,0,0,-1,0,0,0,nan,nan,0,0,nan,nan,
1750921995.758145332,1,-2.117084905,-0.068876945,-1.159725562,0.009092872,0.790737362,-0.029060385,0.611397774,957,582,315,1.589088236,1.442785410,0.523747623,0.792078567,0.339549512,1,0,ok,map,582,315,990,0,ok,43,TRACKING,156,1,0,-1,0,0,0,nan,nan,0,0,nan,nan,
1750921995.770145416,1,-2.133780853,-0.073227614,-1.152996630,0.009825634,0.794991766,-0.029614591,0.605817237,944,586,374,1.397921144,1.229882000,0.538086855,0.810986379,0.293125277,1,0,ok,map,586,374,1002,0,ok,56,TRACKING,156,0,0,-1,0,0,0,nan,nan,0,0,nan,nan,
1750921995.782145500,1,-2.152684667,-0.071701389,-1.147635541,0.009251715,0.799179822,-0.029174053,0.600312329,951,561,348,1.478969354,1.325186498,0.546675924,0.796946850,0.464259303,1,0,ok,map,561,348,1002,0,ok,49,TRACKING,156,0,0,-1,0,0,0,nan,nan,0,0,nan,nan,
1750921995.794145584,1,-2.182840095,-0.067141490,-1.139443817,0.008460407,0.803390005,-0.029072464,0.594682867,955,544,316,1.542626550,1.452973857,1.004389557,0.810715486,0.611318001,1,0,ok,map,544,316,1002,0,ok,45,TRACKING,156,0,0,-1,0,0,0,nan,nan,0,0,nan,nan,
1750921995.806145668,1,-2.190880626,-0.071644035,-1.132865635,0.008146412,0.807403357,-0.029587324,0.589201192,949,518,299,1.575602695,1.459745204,1.016845601,0.781575006,0.630597997,1,0,ok,map,518,299,1002,0,ok,51,TRACKING,156,0,0,-1,0,0,0,nan,nan,0,0,nan,nan,
1750921995.818145752,1,-2.217093832,-0.072556465,-1.120416830,0.007987615,0.811653656,-0.028672310,0.583380184,953,499,288,1.478048350,1.442658051,0.730641766,0.829672877,0.195717295,1,0,ok,map,499,288,1002,0,ok,47,TRACKING,157,1,0,-1,0,0,0,nan,nan,0,0,nan,nan,
1750921995.830145836,1,-2.230457815,-0.072656369,-1.114951019,0.008524917,0.815766785,-0.027881126,0.577645671,944,546,367,1.295124506,1.158583521,0.715344835,0.816076536,0.246617427,1,0,ok,map,546,367,943,0,ok,56,TRACKING,157,0,0,-1,0,0,0,nan,nan,0,0,nan,nan,
1750921995.842145920,1,-2.249941682,-0.073018617,-1.105193363,0.008639886,0.819747507,-0.027439012,0.572002166,920,513,361,1.388896317,1.181595505,0.726029449,0.793120650,0.330005206,1,0,ok,map,513,361,943,0,ok,80,TRACKING,157,0,0,-1,0,0,0,nan,nan,0,0,nan,nan,
1750921995.854146004,1,-2.270394901,-0.072338431,-1.096567359,0.008395726,0.823787674,-0.027215475,0.566182566,935,489,338,1.447334990,1.313222785,0.832357287,0.812715883,0.339809888,1,0,ok,map,489,338,943,0,ok,65,TRACKING,157,0,0,-1,0,0,0,nan,nan,0,0,nan,nan,
1750921995.866146088,1,-2.289298413,-0.070390420,-1.085502504,0.007449597,0.827686073,-0.027551353,0.560465157,924,469,325,1.480190377,1.450160780,0.669003664,0.801276507,0.214221452,1,0,ok,map,469,325,943,0,ok,76,TRACKING,157,0,0,-1,0,0,0,nan,nan,0,0,nan,nan,
1750921995.878146172,1,-2.311947399,-0.069516244,-1.073379025,0.008292792,0.831703725,-0.028076604,0.554447335,933,449,289,1.429099163,1.384956331,0.785216225,0.835298102,0.250830435,1,0,ok,map,449,289,943,0,ok,67,TRACKING,158,1,0,-1,0,0,0,nan,nan,0,0,nan,nan,
1750921995.890146255,1,-2.328667341,-0.070447309,-1.063972592,0.009045104,0.835687267,-0.028653146,0.548383054,927,534,405,1.168858742,0.931670639,0.750099022,0.838499565,0.095572918,1,0,ok,map,534,405,886,0,ok,73,TRACKING,158,0,0,-1,0,0,0,nan,nan,0,0,nan,nan,
1750921995.902146339,1,-2.350886429,-0.069500961,-1.053385674,0.009070151,0.839706487,-0.028754736,0.542202834,947,525,383,1.250595099,1.131244745,0.817519502,0.844878255,0.072392025,1,0,ok,map,525,383,886,0,ok,53,TRACKING,158,0,0,-1,0,0,0,nan,nan,0,0,nan,nan,
1750921995.914146423,1,-2.367419631,-0.071341200,-1.043363339,0.008751412,0.843528978,-0.029536969,0.536199443,938,507,339,1.315425944,1.251001955,0.731532827,0.821277343,0.106674301,1,0,ok,map,507,339,886,0,ok,62,TRACKING,158,0,0,-1,0,0,0,nan,nan,0,0,nan,nan,
1750921995.926146507,1,-2.386479840,-0.070241469,-1.032739773,0.007270139,0.847342916,-0.028977894,0.530205064,848,412,288,1.429722234,1.367086174,0.797318953,0.834126311,0.135564520,1,0,ok,map,412,288,886,1,ok,152,TRACKING,158,0,0,-1,0,0,0,nan,nan,0,0,nan,nan,
1750921995.938146591,1,-2.401082638,-0.071308030,-1.023390098,0.007178757,0.851296099,-0.028521317,0.523860622,952,399,266,1.456126257,1.396893847,0.675144051,0.864969287,0.215856184,1,0,ok,map,399,266,886,1,ok,48,TRACKING,159,1,0,-1,0,0,0,nan,nan,0,0,nan,nan,
1750921995.950146675,1,-2.417526681,-0.071440695,-1.012529718,0.008110920,0.855113865,-0.028978204,0.517566184,947,455,349,1.350592662,1.163747585,0.682400762,0.851941903,0.199546385,1,0,ok,map,455,349,716,0,ok,53,TRACKING,159,0,0,-1,0,0,0,nan,nan,0,0,nan,nan,
1750921995.962146759,1,-2.437375390,-0.071617857,-0.998963503,0.007855592,0.858918990,-0.029658046,0.511191607,944,450,338,1.371425136,1.272941460,0.756317955,0.854778187,0.179469993,1,0,ok,map,450,338,716,0,ok,56,TRACKING,159,0,0,-1,0,0,0,nan,nan,0,0,nan,nan,
1750921995.974146843,1,-2.457787625,-0.071233235,-0.986481619,0.008366689,0.862818885,-0.029679440,0.504571800,946,445,327,1.431137650,1.297878849,0.861161441,0.882377260,0.099848101,1,0,ok,map,445,327,716,0,ok,54,TRACKING,159,0,0,-1,0,0,0,nan,nan,0,0,nan,nan,
1750921995.986146927,1,-2.474597492,-0.071980188,-0.974819815,0.008055467,0.866589671,-0.029645290,0.498074903,944,435,303,1.467063062,1.345131701,0.925846717,0.861548577,0.167951284,1,0,ok,map,435,303,716,0,ok,56,TRACKING,159,0,0,-1,0,0,0,nan,nan,0,0,nan,nan,
1750921995.998147011,1,-2.491494028,-0.070377442,-0.963835750,0.007163955,0.870351437,-0.029835106,0.491474232,946,426,295,1.426826342,1.353848943,0.832871912,0.892481513,0.124137562,1,0,ok,map,426,295,716,0,ok,54,TRACKING,160,1,0,-1,0,0,0,nan,nan,0,0,nan,nan,
1750921996.010147095,1,-2.506774445,-0.072054479,-0.952411181,0.007442590,0.874076631,-0.030171759,0.484793064,945,511,392,1.232175119,1.025702661,0.803149160,0.878001214,0.117339912,1,0,ok,map,511,392,718,0,ok,55,TRACKING,160,0,0,-1,0,0,0,nan,nan,0,0,nan,nan,
1750921996.022147179,1,-2.526353403,-0.071502805,-0.937850512,0.007518436,0.877796684,-0.030084087,0.478028664,955,498,372,1.275252088,1.136306641,0.835982736,0.884730274,0.096262586,1,0,ok,map,498,372,718,0,ok,45,TRACKING,160,0,0,-1,0,0,0,nan,nan,0,0,nan,nan,
1750921996.034147263,1,-2.540638611,-0.072686496,-0.926962406,0.007863649,0.881600195,-0.029700969,0.470995872,955,484,349,1.457654453,1.367425284,0.837160927,0.918114739,0.121001725,1,0,ok,map,484,349,718,0,ok,45,TRACKING,160,0,0,-1,0,0,0,nan,nan,0,0,nan,nan,
1750921996.046147346,1,-2.562756099,-0.070983403,-0.911116006,0.006939077,0.885006081,-0.029619623,0.464584507,962,473,339,1.404709269,1.290365567,0.834181943,0.838692383,0.096041023,1,0,ok,map,473,339,718,0,ok,38,TRACKING,160,0,0,-1,0,0,0,nan,nan,0,0,nan,nan,
1750921996.058147430,1,-2.574474980,-0.072503607,-0.899178503,0.006862794,0.888374164,-0.029830760,0.458098648,949,459,316,1.362785709,1.252983620,0.776576049,0.854229290,0.131363902,1,0,ok,map,459,316,718,0,ok,51,TRACKING,161,1,0,-1,0,0,0,nan,nan,0,0,nan,nan,
1750921996.070147514,1,-2.591304544,-0.072552583,-0.885509092,0.006686325,0.891874403,-0.028913596,0.451308482,946,527,419,1.155691011,0.963604928,0.860634785,0.881913313,0.064998388,1,0,ok,map,527,419,720,0,ok,54,TRACKING,161,0,0,-1,0,0,0,nan,nan,0,0,nan,nan,
1750921996.082147598,1,-2.608984748,-0.070613149,-0.870153023,0.006407210,0.895240963,-0.028291750,0.444637091,915,522,398,1.344966210,1.235602820,0.801076934,0.859864786,0.108689358,1,0,ok,map,522,398,720,0,ok,85,TRACKING,161,0,0,-1,0,0,0,nan,nan,0,0,nan,nan,
1750921996.094147682,1,-2.623717877,-0.071007824,-0.859400707,0.006382681,0.898560649,-0.029059397,0.437839666,944,516,389,1.374361769,1.306543575,0.816527453,0.871313861,0.091823062,1,0,ok,map,516,389,720,0,ok,56,TRACKING,161,0,0,-1,0,0,0,nan,nan,0,0,nan,nan,
1750921996.106147766,1,-2.639811031,-0.069989967,-0.846240618,0.006150292,0.901839338,-0.029665697,0.431008039,932,501,351,1.402012054,1.264696069,0.916775658,0.871519943,0.095418627,1,0,ok,map,501,351,720,0,ok,68,TRACKING,161,0,0,-1,0,0,0,nan,nan,0,0,nan,nan,
1750921996.118147850,1,-2.652659211,-0.069466323,-0.832542293,0.006614984,0.905041875,-0.030650844,0.424165029,955,491,341,1.395251163,1.309204849,0.837216605,0.892528269,0.077997483,1,0,ok,map,491,341,720,0,ok,45,TRACKING,162,1,0,-1,0,0,0,nan,nan,0,0,nan,nan,
1750921996.130147934,1,-2.664407914,-0.073746793,-0.817443820,0.007075856,0.908188573,-0.031652247,0.417302749,962,586,413,1.432004081,1.353452242,0.718401926,0.874267479,0.181931961,1,0,ok,map,586,413,763,0,ok,38,TRACKING,162,0,0,-1,0,0,0,nan,nan,0,0,nan,nan,
1750921996.142148018,1,-2.678180720,-0.073565047,-0.806002405,0.004995787,0.911410974,-0.029960518,0.410374763,962,570,372,1.625034895,1.568046551,0.776029376,0.927907628,0.231059511,1,0,ok,map,570,372,763,0,ok,38,TRACKING,162,0,0,-1,0,0,0,nan,nan,0,0,nan,nan,
1750921996.154148102,1,-2.695567694,-0.070393759,-0.789512843,0.003507683,0.914615165,-0.028944043,0.403272908,952,553,350,1.592269246,1.589214043,0.809510287,0.916382900,0.119062257,1,0,ok,map,553,350,763,0,ok,48,TRACKING,162,0,0,-1,0,0,0,nan,nan,0,0,nan,nan,
1750921996.166148186,1,-2.713392798,-0.067978394,-0.774441789,0.004394048,0.917798117,-0.029943983,0.395892240,955,537,295,1.619048593,1.541246116,0.703354902,0.933702005,0.254874066,1,0,ok,map,537,295,763,0,ok,45,TRACKING,162,0,0,-1,0,0,0,nan,nan,0,0,nan,nan,
1750921996.178148270,1,-2.725651384,-0.068602263,-0.760191025,0.004446461,0.920591561,-0.031607997,0.389220171,944,526,294,1.465356346,1.340510519,0.739411436,0.874094747,0.174878814,1,0,ok,map,526,294,763,0,ok,56,TRACKING,163,1,11,28,151,1,0,0.004220264,0.003638683,127,85,0.669291339,1.521945656,ok
1750921996.190148354,1,-2.737139978,-0.070348476,-0.743509015,0.004681960,0.923714009,-0.031707414,0.381739636,953,628,443,1.318622864,1.172200206,0.876074714,0.929349508,0.161770207,1,0,ok,map,628,443,749,0,ok,47,TRACKING,163,0,0,-1,0,0,0,nan,nan,0,0,nan,nan,
1750921996.202148438,1,-2.755164236,-0.069799584,-0.724906434,0.004231296,0.926753149,-0.030781320,0.374383771,962,620,399,1.378453576,1.243829697,0.947593577,0.919637202,0.152592088,1,0,ok,map,620,399,749,0,ok,38,TRACKING,163,0,0,-1,0,0,0,nan,nan,0,0,nan,nan,
1750921996.214148521,1,-2.765788257,-0.069535716,-0.709763781,0.003993989,0.929585085,-0.030456752,0.367325474,974,602,369,1.529280263,1.334362466,0.601457941,0.872713514,0.283331597,1,0,ok,map,602,369,749,0,ok,26,TRACKING,163,0,0,-1,0,0,0,nan,nan,0,0,nan,nan,
1750921996.226148605,1,-2.776991285,-0.067792391,-0.698102742,0.002826910,0.932386099,-0.029470172,0.360249468,973,585,354,1.481646333,1.322969740,0.619894718,0.889478914,0.276230048,1,0,ok,map,585,354,749,0,ok,27,TRACKING,163,0,0,-1,0,0,0,nan,nan,0,0,nan,nan,
1750921996.238148689,1,-2.787245861,-0.069106772,-0.681512065,0.001861768,0.935427686,-0.029675527,0.352265440,967,583,366,1.567365076,1.378551711,0.626523686,0.888129553,0.368939023,1,0,ok,map,583,366,749,0,ok,33,TRACKING,164,1,0,-1,0,0,0,nan,nan,0,0,nan,nan,
1750921996.250148773,1,-2.800997643,-0.068281320,-0.665388268,0.001694647,0.938153251,-0.029974822,0.344916099,959,645,464,1.208605324,0.986641041,0.719259645,0.899082672,0.208611213,1,0,ok,map,645,464,795,0,ok,41,TRACKING,164,0,0,-1,0,0,0,nan,nan,0,0,nan,nan,
1750921996.262148857,1,-2.812477600,-0.066802125,-0.653353233,0.001595916,0.940776307,-0.030139442,0.337681814,966,638,447,1.298253247,1.136974883,0.821660461,0.882075435,0.184773188,1,0,ok,map,638,447,795,0,ok,34,TRACKING,164,0,0,-1,0,0,0,nan,nan,0,0,nan,nan,
1750921996.274148941,1,-2.826313229,-0.067539126,-0.636392053,0.000983861,0.943379630,-0.030915696,0.330269775,975,632,427,1.333438573,1.209214524,0.932642002,0.907324377,0.050075630,1,0,ok,map,632,427,795,0,ok,25,TRACKING,164,0,0,-1,0,0,0,nan,nan,0,0,nan,nan,
1750921996.286149025,1,-2.834878951,-0.065103594,-0.628919541,0.000405960,0.946007036,-0.031095945,0.322650840,975,622,397,1.293137001,1.159976834,0.923697371,0.926125634,0.081232120,1,0,ok,map,622,397,795,0,ok,25,TRACKING,164,0,0,-1,0,0,0,nan,nan,0,0,nan,nan,
1750921996.298149109,1,-2.849901137,-0.066292912,-0.601571846,0.000812368,0.948544396,-0.031527147,0.315069688,973,615,434,1.414841630,1.291992980,0.852421723,0.918617748,0.188536738,1,0,ok,map,615,434,795,0,ok,27,TRACKING,164,0,0,-1,0,0,0,nan,nan,0,0,nan,nan,
1750921996.310149193,1,-2.862372773,-0.066038024,-0.583420911,0.001131327,0.950970270,-0.031909330,0.307629747,979,608,410,1.324984547,1.163458806,0.861051179,0.898544711,0.209547193,1,0,ok,map,608,410,795,0,ok,21,TRACKING,164,0,0,-1,0,0,0,nan,nan,0,0,nan,nan,
1750921996.322149277,1,-2.873912414,-0.063889239,-0.569516025,0.000810976,0.953457524,-0.032123710,0.299810207,975,606,362,1.273756869,1.128783084,1.020008187,0.941330433,0.195386274,1,0,ok,map,606,362,795,0,ok,25,TRACKING,164,0,0,-1,0,0,0,nan,nan,0,0,nan,nan,
1750921996.334149361,1,-2.879565094,-0.063711851,-0.563221153,0.001161243,0.955817800,-0.033634166,0.292026930,969,595,377,1.387065954,1.227399867,0.865406992,0.948793624,0.181454206,1,0,ok,map,595,377,795,0,ok,31,TRACKING,164,0,0,-1,0,0,0,nan,nan,0,0,nan,nan,
1750921996.346149445,1,-2.884103578,-0.067550754,-0.548311301,0.000872721,0.958112204,-0.034461276,0.284310855,971,587,340,1.482980860,1.381360700,0.677092637,0.861317984,0.237583010,1,0,ok,map,587,340,795,0,ok,29,TRACKING,165,1,0,-1,0,0,0,nan,nan,0,0,nan,nan,
1750921996.358149529,1,-2.896592279,-0.066482343,-0.528990766,0.000589476,0.960454369,-0.032834831,0.276494000,985,706,489,1.245104153,1.127680286,0.890360436,0.954038697,0.144005821,1,0,ok,map,706,489,877,0,ok,15,TRACKING,165,0,0,-1,0,0,0,nan,nan,0,0,nan,nan,
1750921996.370149612,1,-2.905375195,-0.063695084,-0.513645673,-0.000111905,0.962563291,-0.032250758,0.269131542,970,689,452,1.443951036,1.367340865,0.764769810,0.883817528,0.196803019,1,0,ok,map,689,452,877,0,ok,30,TRACKING,165,0,0,-1,0,0,0,nan,nan,0,0,nan,nan,
1750921996.382149696,1,-2.915389603,-0.065882447,-0.496273184,-0.000882970,0.964503973,-0.033047293,0.261990807,931,639,457,1.440170584,1.299318970,0.818058466,0.857414546,0.171380865,1,0,ok,map,639,457,877,0,ok,69,TRACKING,165,0,0,-1,0,0,0,nan,nan,0,0,nan,nan,
1750921996.394149780,1,-2.926921093,-0.064947881,-0.478656792,-0.001753971,0.966528805,-0.033041639,0.254415492,972,634,431,1.365561976,1.268396057,0.779644502,0.904070983,0.136255728,1,0,ok,map,634,431,877,0,ok,28,TRACKING,165,0,0,-1,0,0,0,nan,nan,0,0,nan,nan,
1750921996.406149864,1,-2.932653074,-0.064223278,-0.467591015,-0.001521757,0.968497948,-0.032878881,0.246836766,971,629,416,1.377320783,1.224929148,0.732141779,0.897884214,0.181210640,1,0,ok,map,629,416,877,0,ok,29,TRACKING,165,0,0,-1,0,0,0,nan,nan,0,0,nan,nan,
1750921996.418149948,1,-2.945119314,-0.066074725,-0.442710796,-0.001225477,0.970332237,-0.032844697,0.239530945,979,620,396,1.464246886,1.263332198,0.687022598,0.863847488,0.266544656,1,0,ok,map,620,396,877,0,ok,21,TRACKING,165,0,0,-1,0,0,0,nan,nan,0,0,nan,nan,
1750921996.430150032,1,-2.954315066,-0.064902687,-0.428929801,-0.001541482,0.972133791,-0.032434335,0.232167031,978,618,404,1.453588543,1.395386696,0.794088247,0.870755314,0.170219007,1,0,ok,map,618,404,877,0,ok,22,TRACKING,165,0,0,-1,0,0,0,nan,nan,0,0,nan,nan,
1750921996.442150116,1,-2.961919773,-0.061268605,-0.418427180,-0.003522862,0.973795745,-0.032964191,0.224995109,977,613,368,1.592904045,1.527791039,0.784523367,0.875748427,0.237659060,1,0,ok,map,613,368,877,0,ok,23,TRACKING,165,0,0,-1,0,0,0,nan,nan,0,0,nan,nan,
1750921996.454150200,1,-2.969051744,-0.062135424,-0.396168865,-0.004173090,0.975426326,-0.034947112,0.217496590,957,601,365,1.776476076,1.642435832,0.811204513,0.911285180,0.295125531,1,0,ok,map,601,365,877,0,ok,43,TRACKING,165,0,0,-1,0,0,0,nan,nan,0,0,nan,nan,
1750921996.466150284,1,-2.981052174,-0.063739956,-0.373979895,-0.002551452,0.977124167,-0.035424354,0.209683015,973,600,349,1.722635167,1.615299921,0.878824607,0.936518503,0.362668514,1,0,ok,map,600,349,877,0,ok,27,TRACKING,165,0,0,-1,0,0,0,nan,nan,0,0,nan,nan,
1750921996.478150368,1,-2.985659356,-0.064321785,-0.350091773,-0.002842065,0.978593853,-0.035591782,0.202680087,965,590,328,1.597858588,1.459634069,0.626710147,0.804188451,0.198769786,1,0,ok,map,590,328,877,0,ok,35,TRACKING,166,1,0,-1,0,0,0,nan,nan,0,0,nan,nan,
1750921996.490150452,1,-2.991735165,-0.063747093,-0.337168673,-0.004281942,0.980163529,-0.034333548,0.195146940,976,718,488,1.502927470,1.260047043,0.643648513,0.908595527,0.319600337,1,0,ok,map,718,488,955,0,ok,24,TRACKING,166,0,0,-1,0,0,0,nan,nan,0,0,nan,nan,
1750921996.502150536,1,-2.999784755,-0.059561706,-0.324260766,-0.005457229,0.981556803,-0.033805965,0.188078752,972,705,434,1.571036889,1.525873547,0.725612660,0.838637795,0.292446787,1,0,ok,map,705,434,955,0,ok,28,TRACKING,166,0,0,-1,0,0,0,nan,nan,0,0,nan,nan,
1750921996.514150620,1,-3.006196159,-0.060839122,-0.298568568,-0.005572109,0.982861490,-0.034942095,0.180917916,978,693,402,1.725971300,1.582862641,0.708195351,0.844284141,0.506012236,1,0,ok,map,693,402,955,0,ok,22,TRACKING,166,0,0,-1,0,0,0,nan,nan,0,0,nan,nan,
1750921996.526150703,1,-3.013371726,-0.065117881,-0.281652531,-0.005167720,0.984159538,-0.034640957,0.173790972,978,681,411,1.636283052,1.518207243,0.538539279,0.832132817,0.353071605,1,0,ok,map,681,411,955,0,ok,22,TRACKING,166,0,0,-1,0,0,0,nan,nan,0,0,nan,nan,
1750921996.538150787,1,-3.020809583,-0.063653358,-0.263246062,-0.005038693,0.985470262,-0.033083181,0.166518698,975,671,405,1.533530640,1.423185240,0.551662260,0.865508118,0.337788233,1,0,ok,map,671,405,955,0,ok,25,TRACKING,166,0,0,-1,0,0,0,nan,nan,0,0,nan,nan,
1750921996.550150871,1,-3.028029238,-0.060970623,-0.244268022,-0.006038121,0.986609465,-0.032664422,0.159681998,966,657,397,1.778873870,1.708242482,0.866723171,0.803879672,0.356339923,1,0,ok,map,657,397,955,0,ok,34,TRACKING,166,0,0,-1,0,0,0,nan,nan,0,0,nan,nan,
1750921996.562150955,1,-3.032992305,-0.060035332,-0.229794623,-0.008219811,0.987616960,-0.034216942,0.152886805,960,640,372,1.712124523,1.651644767,0.913093197,0.844875053,0.370576288,1,0,ok,map,640,372,955,0,ok,40,TRACKING,166,0,0,-1,0,0,0,nan,nan,0,0,nan,nan,
1750921996.574151039,1,-3.038330835,-0.059975161,-0.211041406,-0.009085628,0.988590653,-0.035366254,0.146134186,965,628,362,1.691749523,1.654751670,0.674467183,0.798997370,0.354028519,1,0,ok,map,628,362,955,0,ok,35,TRACKING,166,0,0,-1,0,0,0,nan,nan,0,0,nan,nan,
1750921996.586151123,1,-3.043172099,-0.065435283,-0.198785146,-0.007000054,0.989625230,-0.035077849,0.139149012,985,625,350,1.693313395,1.628678018,0.660711983,0.844377626,0.303248954,1,0,ok,map,625,350,955,0,ok,15,TRACKING,166,0,0,-1,0,0,0,nan,nan,0,0,nan,nan,
1750921996.598151207,1,-3.049703884,-0.064564538,-0.170849261,-0.006179203,0.990646720,-0.032492720,0.132382465,976,611,335,1.703644165,1.573610478,0.590475485,0.843525681,0.336306620,1,0,ok,map,611,335,955,0,ok,24,TRACKING,166,0,0,-1,0,0,0,nan,nan,0,0,nan,nan,
1750921996.610151291,1,-3.051376750,-0.059034379,-0.152874729,-0.006796416,0.991554496,-0.030470025,0.125877191,983,603,315,1.992700436,1.838744627,0.586374638,0.790723967,0.601727251,1,0,ok,map,603,315,955,0,ok,17,TRACKING,166,0,0,-1,0,0,0,nan,nan,0,0,nan,nan,
1750921996.622151375,1,-3.052670569,-0.052941947,-0.133443558,-0.007318139,0.992310107,-0.031577205,0.119457005,949,584,273,2.207636232,2.000600737,1.260178574,0.792151842,1.174080028,1,0,ok,map,584,273,955,0,ok,51,TRACKING,167,1,0,-1,0,0,0,nan,nan,0,0,nan,nan,
1750921996.634151459,1,-3.056355705,-0.051397431,-0.118150295,-0.007240205,0.993016240,-0.034703574,0.112525504,966,755,459,1.374845691,1.169680450,0.835763715,0.875144027,0.340384818,1,0,ok,map,755,459,1079,0,ok,34,TRACKING,167,0,0,-1,0,0,0,nan,nan,0,0,nan,nan,
1750921996.646151543,1,-3.060713148,-0.053714469,-0.098804477,-0.005869872,0.993738554,-0.036413904,0.105466858,969,741,444,1.516230400,1.319552889,0.918296808,0.850988089,0.462741556,1,0,ok,map,741,444,1079,0,ok,31,TRACKING,167,0,0,-1,0,0,0,nan,nan,0,0,nan,nan,
1750921996.658151627,1,-3.064742264,-0.058708512,-0.077096095,-0.006012189,0.994429795,-0.036535294,0.098683376,974,730,413,1.590062757,1.578988677,0.823998328,0.781650706,0.293287668,1,0,ok,map,730,413,1079,0,ok,26,TRACKING,167,0,0,-1,0,0,0,nan,nan,0,0,nan,nan,
1750921996.670151711,1,-3.067953740,-0.060125475,-0.063976035,-0.008044584,0.995148361,-0.034026385,0.091963200,979,719,421,1.569129267,1.519119411,0.805610165,0.858310033,0.126770914,1,0,ok,map,719,421,1079,0,ok,21,TRACKING,167,0,0,-1,0,0,0,nan,nan,0,0,nan,nan,
1750921996.682151794,1,-3.070104679,-0.049921637,-0.040380507,-0.007762389,0.995857930,-0.032243847,0.084658504,963,697,366,1.611441781,1.527227503,0.681620224,0.866053134,0.261392077,1,0,ok,map,697,366,1079,0,ok,37,TRACKING,167,0,0,-1,0,0,0,nan,nan,0,0,nan,nan,
1750921996.694151878,1,-3.070378101,-0.049463333,-0.016248704,-0.006514623,0.996386518,-0.033721657,0.077680865,965,681,369,1.837833855,1.555920614,0.885488149,0.831937286,0.749644105,1,0,ok,map,681,369,1079,0,ok,35,TRACKING,167,0,0,-1,0,0,0,nan,nan,0,0,nan,nan,
1750921996.706151962,1,-3.074008866,-0.051789378,-0.005504896,-0.006445251,0.996844610,-0.035019868,0.070942867,957,660,358,1.618907687,1.485828243,0.674753867,0.788110135,0.299806401,1,0,ok,map,660,358,1079,0,ok,43,TRACKING,167,0,0,-1,0,0,0,nan,nan,0,0,nan,nan,
1750921996.718152046,1,-3.075001643,-0.053855443,0.026931326,-0.006285505,0.997311197,-0.035457098,0.063825258,938,628,338,1.663884669,1.613627446,0.516647438,0.819109054,0.329511779,1,0,ok,map,628,338,1079,0,ok,62,TRACKING,167,0,0,-1,0,0,0,nan,nan,0,0,nan,nan,
1750921996.730152130,1,-3.077169867,-0.055484548,0.050284623,-0.006205044,0.997737037,-0.035090661,0.057017093,979,624,319,1.591773697,1.569869055,0.669403504,0.782865666,0.164163053,1,0,ok,map,624,319,1079,0,ok,21,TRACKING,167,0,0,-1,0,0,0,nan,nan,0,0,nan,nan,
1750921996.742152214,1,-3.079318942,-0.053310047,0.065167438,-0.007189402,0.998157359,-0.033595165,0.050015628,987,615,315,1.624344872,1.586852192,0.946967074,0.829526357,0.230953828,1,0,ok,map,615,315,1079,0,ok,13,TRACKING,167,0,0,-1,0,0,0,nan,nan,0,0,nan,nan,
1750921996.754152298,1,-3.078452443,-0.048961936,0.076200993,-0.007192547,0.998515060,-0.032468589,0.043147802,967,607,299,1.831708858,1.694015496,0.594362646,0.798567202,0.488160866,1,0,ok,map,607,299,1079,0,ok,33,TRACKING,167,0,0,-1,0,0,0,nan,nan,0,0,nan,nan,
1750921996.766152382,1,-3.079239579,-0.046759882,0.106631136,-0.006265507,0.998769403,-0.033298078,0.036216865,976,601,286,1.729529157,1.602422094,0.744506893,0.807445621,0.342088947,1,0,ok,map,601,286,1079,0,ok,24,TRACKING,167,0,0,-1,0,0,0,nan,nan,0,0,nan,nan,
1750921996.778152466,1,-3.074790113,-0.048149406,0.117812966,-0.005825266,0.998957056,-0.033623592,0.030336782,972,587,262,1.781108404,1.703212981,0.720896953,0.773725042,0.409948786,1,0,ok,map,587,262,1079,0,ok,28,TRACKING,168,1,0,-1,0,0,0,nan,nan,0,0,nan,nan,
1750921996.790152550,1,-3.074194651,-0.045970705,0.140298211,-0.006183183,0.999152302,-0.033249140,0.023472129,990,720,443,1.358036821,1.223409141,0.665748485,0.789186341,0.316018385,1,0,ok,map,720,443,1151,0,ok,10,TRACKING,168,0,0,-1,0,0,0,nan,nan,0,0,nan,nan,
1750921996.802152634,1,-3.073390971,-0.043999341,0.164094123,-0.005698579,0.999270413,-0.033838944,0.016765868,978,710,428,1.436073390,1.315742680,0.759601925,0.773563237,0.255107993,1,0,ok,map,710,428,1151,0,ok,22,TRACKING,168,0,0,-1,0,0,0,nan,nan,0,0,nan,nan,
1750921996.814152718,1,-3.071323353,-0.049596237,0.184963228,-0.005024589,0.999346551,-0.034316011,0.010180131,994,708,419,1.542244674,1.467340489,0.764243745,0.760630316,0.163975385,1,0,ok,map,708,419,1151,0,ok,6,TRACKING,168,0,0,-1,0,0,0,nan,nan,0,0,nan,nan,
1750921996.826152802,1,-3.072249628,-0.046382493,0.206299069,-0.005428603,0.999449919,-0.032555736,0.003242367,983,704,416,1.566030666,1.511379189,0.755310075,0.821592430,0.105506303,1,0,ok,map,704,416,1151,0,ok,17,TRACKING,168,0,0,-1,0,0,0,nan,nan,0,0,nan,nan,
1750921996.838152885,1,-3.069956472,-0.036780442,0.232565424,-0.006463141,0.999467888,-0.031786453,-0.003433740,970,694,329,1.793996370,1.606071935,0.693435433,0.779163416,0.607184858,1,0,ok,map,694,329,1151,0,ok,30,TRACKING,168,0,0,-1,0,0,0,nan,nan,0,0,nan,nan,
1750921996.850152969,1,-3.069755086,-0.039871704,0.239317415,-0.006243299,0.999366532,-0.033505480,-0.010243916,977,684,373,1.597702697,1.517480758,0.900938461,0.805346001,0.281989643,1,0,ok,map,684,373,1151,0,ok,23,TRACKING,168,0,0,-1,0,0,0,nan,nan,0,0,nan,nan,
1750921996.862153053,1,-3.068292328,-0.044387060,0.263127138,-0.005130696,0.999222427,-0.035103722,-0.017203069,967,672,327,1.550425030,1.575767245,0.856915253,0.828260497,0.095921114,1,0,ok,map,672,327,1151,0,ok,33,TRACKING,168,0,0,-1,0,0,0,nan,nan,0,0,nan,nan,
1750921996.874153137,1,-3.064895539,-0.042735904,0.289622630,-0.004490343,0.999084008,-0.035073887,-0.024099898,967,658,332,1.585132071,1.583285395,0.786049332,0.793885048,0.083632444,1,0,ok,map,658,332,1151,0,ok,33,TRACKING,168,0,0,-1,0,0,0,nan,nan,0,0,nan,nan,
1750921996.886153221,1,-3.060659609,-0.040536958,0.304652566,-0.004631956,0.998925295,-0.034132435,-0.031012524,960,639,334,1.744897946,1.701231036,0.805863499,0.799814407,0.226880033,1,0,ok,map,639,334,1151,0,ok,40,TRACKING,168,0,0,-1,0,0,0,nan,nan,0,0,nan,nan,
1750921996.898153305,1,-3.058510883,-0.039608404,0.335387448,-0.005711958,0.998687619,-0.034325858,-0.037578565,943,620,289,1.732632742,1.681108461,1.462968857,0.763332599,0.842425171,1,0,ok,map,620,289,1151,0,ok,57,TRACKING,168,0,0,-1,0,0,0,nan,nan,0,0,nan,nan,
1750921996.910153389,1,-3.055117063,-0.041996067,0.355804014,-0.006624186,0.998405656,-0.034142555,-0.044458442,957,602,281,1.640928778,1.594219110,0.807074670,0.796210611,0.052604931,1,0,ok,map,602,281,1151,0,ok,43,TRACKING,168,0,0,-1,0,0,0,nan,nan,0,0,nan,nan,
1750921996.922153473,1,-3.049534776,-0.038760339,0.371722886,-0.006111719,0.998131427,-0.034203310,-0.050263646,965,588,288,1.687563737,1.694694239,1.172075075,0.824949323,0.429045659,1,0,ok,map,588,288,1151,0,ok,35,TRACKING,169,1,0,-1,0,0,0,nan,nan,0,0,nan,nan,
1750921996.934153557,1,-3.045604672,-0.040335783,0.391369752,-0.006234527,0.997746602,-0.034954650,-0.056929965,963,654,414,1.335783092,1.217066365,0.841625631,0.770134220,0.177034169,1,0,ok,map,654,414,1159,0,ok,37,TRACKING,169,0,0,-1,0,0,0,nan,nan,0,0,nan,nan,
1750921996.946153641,1,-3.039712742,-0.038182264,0.416645763,-0.006984357,0.997325669,-0.034901929,-0.063832463,969,645,398,1.440429331,1.368938078,0.790943973,0.797106751,0.136627835,1,0,ok,map,645,398,1159,0,ok,31,TRACKING,169,0,0,-1,0,0,0,nan,nan,0,0,nan,nan,
1750921996.958153725,1,-3.034847612,-0.038901537,0.438639553,-0.006878118,0.996856908,-0.034851034,-0.070812447,959,629,402,1.511156487,1.460559337,0.840630148,0.801764169,0.079763971,1,0,ok,map,629,402,1159,0,ok,41,TRACKING,169,0,0,-1,0,0,0,nan,nan,0,0,nan,nan,
1750921996.970153809,1,-3.029107180,-0.040603034,0.464270369,-0.006309780,0.996385385,-0.034177936,-0.077512707,973,619,356,1.499919400,1.474390472,0.794172464,0.776285416,0.205066138,1,0,ok,map,619,356,1159,0,ok,27,TRACKING,169,0,0,-1,0,0,0,nan,nan,0,0,nan,nan,
1750921996.982153893,1,-3.023852783,-0.038294528,0.484929595,-0.006110791,0.995858474,-0.032875813,-0.084544299,967,605,351,1.473576644,1.400268140,0.885613036,0.821999879,0.200619107,1,0,ok,map,605,351,1159,0,ok,33,TRACKING,169,0,0,-1,0,0,0,nan,nan,0,0,nan,nan,
1750921996.994153976,1,-3.019196123,-0.036211580,0.490819453,-0.006363520,0.995440744,-0.031883838,-0.089669678,962,591,332,1.477923793,1.370749698,0.562357852,0.778018086,0.278623057,1,0,ok,map,591,332,1159,0,ok,38,TRACKING,170,1,0,-1,0,0,0,nan,nan,0,0,nan,nan,
1750921997.006154060,1,-3.010730498,-0.034277600,0.519684592,-0.006271593,0.994774374,-0.032586321,-0.096554351,963,655,413,1.340853611,1.211351935,1.101868229,0.796760833,0.305740507,1,0,ok,map,655,413,1038,0,ok,37,TRACKING,170,0,0,-1,0,0,0,nan,nan,0,0,nan,nan,
1750921997.018154144,1,-3.007896164,-0.038113971,0.532486637,-0.006104984,0.994030554,-0.033919120,-0.103515607,958,638,404,1.299210661,1.193286897,0.764709205,0.816875287,0.114596438,1,0,ok,map,638,404,1038,0,ok,42,TRACKING,170,0,0,-1,0,0,0,nan,nan,0,0,nan,nan,
1750921997.030154228,1,-2.998787816,-0.037148371,0.559677163,-0.006553400,0.993306059,-0.033560041,-0.110335171,958,626,386,1.488737845,1.434627878,1.041845933,0.788616053,0.280361294,1,0,ok,map,626,386,1038,0,ok,42,TRACKING,170,0,0,-1,0,0,0,nan,nan,0,0,nan,nan,
1750921997.042154312,1,-2.994741822,-0.037721599,0.577377582,-0.006664782,0.992497239,-0.033594029,-0.117372284,960,608,364,1.435677593,1.378392983,0.738838897,0.811814031,0.140076849,1,0,ok,map,608,364,1038,0,ok,40,TRACKING,170,0,0,-1,0,0,0,nan,nan,0,0,nan,nan,
1750921997.054154396,1,-2.983094220,-0.038087488,0.596464449,-0.006780335,0.991956450,-0.032649148,-0.122108397,956,591,366,1.458402208,1.384607689,0.565198409,0.758161786,0.235202658,1,0,ok,map,591,366,1038,0,ok,44,TRACKING,171,1,0,-1,0,0,0,nan,nan,0,0,nan,nan,
1750921997.066154480,1,-2.980119984,-0.036109091,0.612150670,-0.006092507,0.991135329,-0.030358363,-0.129197565,967,626,447,1.147682353,0.993894658,0.924147914,0.862499371,0.084353895,1,0,ok,map,626,447,969,0,ok,33,TRACKING,171,0,0,-1,0,0,0,nan,nan,0,0,nan,nan,
1750921997.078154564,1,-2.972577964,-0.035207261,0.632262541,-0.006278602,0.990274646,-0.029618116,-0.135792014,974,623,405,1.311189318,1.136380550,0.615849688,0.767081576,0.253018856,1,0,ok,map,623,405,969,0,ok,26,TRACKING,171,0,0,-1,0,0,0,nan,nan,0,0,nan,nan,
1750921997.090154648,1,-2.963974185,-0.037621015,0.654325445,-0.006601672,0.989341575,-0.030102644,-0.142314783,962,613,400,1.418129108,1.303983095,0.661137880,0.758007625,0.242999765,1,0,ok,map,613,400,969,0,ok,38,TRACKING,171,0,0,-1,0,0,0,nan,nan,0,0,nan,nan,
1750921997.102154732,1,-2.955791947,-0.035064594,0.679650390,-0.006628301,0.988337395,-0.029445843,-0.149258844,954,606,382,1.490296817,1.378129960,1.367917538,0.807530373,0.563062002,1,0,ok,map,606,382,969,0,ok,46,TRACKING,171,0,0,-1,0,0,0,nan,nan,0,0,nan,nan,
1750921997.114154816,1,-2.948606791,-0.034477504,0.699168499,-0.006189987,0.987290263,-0.029533635,-0.156036489,951,596,375,1.449996671,1.327080500,1.188922426,0.787544819,0.441007707,1,0,ok,map,596,375,969,0,ok,49,TRACKING,171,0,0,-1,0,0,0,nan,nan,0,0,nan,nan,
1750921997.126154900,1,-2.936760278,-0.035392546,0.714892909,-0.006432081,0.986575955,-0.029078530,-0.160564482,972,595,391,1.405581091,1.278501028,0.822644264,0.762673504,0.082060625,1,0,ok,map,595,391,969,0,ok,28,TRACKING,172,1,0,-1,0,0,0,nan,nan,0,0,nan,nan,
1750921997.138154984,1,-2.929007140,-0.035714904,0.731579353,-0.006477448,0.985453281,-0.028452988,-0.167422521,966,578,442,1.273194795,1.088610615,0.533312236,0.799572017,0.277363600,1,0,ok,map,578,442,727,0,ok,34,TRACKING,172,0,0,-1,0,0,0,nan,nan,0,0,nan,nan,
1750921997.150155067,1,-2.919756151,-0.033881920,0.755964103,-0.007324926,0.984350570,-0.027492427,-0.173909365,948,576,419,1.255548680,1.128796324,0.763956145,0.768158240,0.038398017,1,0,ok,map,576,419,727,0,ok,52,TRACKING,172,0,0,-1,0,0,0,nan,nan,0,0,nan,nan,
1750921997.162155151,1,-2.913384995,-0.033684804,0.772896992,-0.007372494,0.983117133,-0.027219027,-0.180791246,964,575,402,1.356085367,1.249313130,0.915661638,0.801804135,0.218911563,1,0,ok,map,575,402,727,0,ok,36,TRACKING,172,0,0,-1,0,0,0,nan,nan,0,0,nan,nan,
1750921997.174155235,1,-2.903419515,-0.033684384,0.793760564,-0.007438106,0.981810853,-0.027627156,-0.187693537,972,574,389,1.413157200,1.297243766,0.986512331,0.806378411,0.182064150,1,0,ok,map,574,389,727,0,ok,28,TRACKING,172,0,0,-1,0,0,0,nan,nan,0,0,nan,nan,
1750921997.186155319,1,-2.891636268,-0.031592399,0.807634676,-0.007994587,0.980897590,-0.027479002,-0.192408185,981,574,381,1.416782753,1.304208678,0.521080470,0.812355318,0.304602811,1,0,ok,map,574,381,727,0,ok,19,TRACKING,173,1,5,107,124,1,0,0.009868638,0.003969960,71,49,0.690140845,1.468590630,ok
1750921997.198155403,1,-2.870410427,-0.030970392,0.831394397,-0.009529513,0.979528550,-0.028521129,-0.199046610,969,627,405,1.833146412,1.727538006,1.292052363,0.805287502,0.573570281,1,0,ok,map,627,405,650,0,ok,31,TRACKING,173,0,0,-1,0,0,0,nan,nan,0,0,nan,nan,
1750921997.210155487,1,-2.860419986,-0.029666653,0.848117949,-0.010115209,0.978146876,-0.028200454,-0.205745245,978,627,401,1.998531063,1.837255855,1.608062254,0.787493260,0.833982324,1,0,ok,map,627,401,650,0,ok,22,TRACKING,173,0,0,-1,0,0,0,nan,nan,0,0,nan,nan,
1750921997.222155571,1,-2.852445025,-0.030185154,0.857503313,-0.009875809,0.976679662,-0.027537506,-0.212699301,970,624,369,1.711312735,1.675953091,0.801466329,0.818416754,0.457563579,1,0,ok,map,624,369,650,0,ok,30,TRACKING,173,0,0,-1,0,0,0,nan,nan,0,0,nan,nan,
1750921997.234155655,1,-2.843788511,-0.027736434,0.876575983,-0.009118594,0.975231612,-0.026552049,-0.219397227,967,622,370,1.844862032,1.737573482,1.154773775,0.798068740,0.525797626,1,0,ok,map,622,370,650,0,ok,33,TRACKING,173,0,0,-1,0,0,0,nan,nan,0,0,nan,nan,
1750921997.246155739,1,-2.832639859,-0.026034652,0.892241782,-0.008605953,0.973683854,-0.027024909,-0.226131256,947,612,334,1.828108451,1.705743648,1.104779377,0.795807677,0.750755976,1,0,ok,map,612,334,650,0,ok,53,TRACKING,173,0,0,-1,0,0,0,nan,nan,0,0,nan,nan,
1750921997.258155823,1,-2.818721101,-0.027934261,0.921976339,-0.009342046,0.972101659,-0.028215470,-0.232669247,956,605,339,2.106104300,1.988010978,1.390549510,0.787337476,0.712396045,1,0,ok,map,605,339,650,0,ok,44,TRACKING,173,0,0,-1,0,0,0,nan,nan,0,0,nan,nan,
1750921997.270155907,1,-2.809048826,-0.028473068,0.936991495,-0.010340155,0.970440007,-0.028569783,-0.239422307,958,599,332,2.030471161,1.897846938,1.340750099,0.806116171,0.678577751,1,0,ok,map,599,332,650,0,ok,42,TRACKING,173,0,0,-1,0,0,0,nan,nan,0,0,nan,nan,
1750921997.282155991,1,-2.800168836,-0.028480832,0.954026852,-0.010185964,0.968883849,-0.029096629,-0.245588517,966,590,307,1.939606381,1.762892304,1.743693531,0.799150702,1.189672107,1,0,ok,map,590,307,650,0,ok,34,TRACKING,174,1,0,-1,0,0,0,nan,nan,0,0,nan,nan,
1750921997.294156075,1,-2.788255873,-0.028045524,0.971871717,-0.010380167,0.967171875,-0.028695281,-0.252284358,940,662,435,1.490851694,1.304049045,1.076764711,0.793616913,0.575477261,1,0,ok,map,662,435,735,0,ok,60,TRACKING,174,0,0,-1,0,0,0,nan,nan,0,0,nan,nan,
1750921997.306156158,1,-2.777459486,-0.027102525,0.988723870,-0.010476088,0.965429612,-0.028307961,-0.258910362,935,635,426,1.437515688,1.311050993,0.795832037,0.786425455,0.185257170,1,0,ok,map,635,426,735,0,ok,65,TRACKING,174,0,0,-1,0,0,0,nan,nan,0,0,nan,nan,
1750921997.318156242,1,-2.765550499,-0.025809974,1.005207997,-0.010406115,0.963594409,-0.028266951,-0.265666158,959,619,401,1.541227010,1.497264977,0.729373642,0.802268066,0.257786179,1,0,ok,map,619,401,735,0,ok,41,TRACKING,174,0,0,-1,0,0,0,nan,nan,0,0,nan,nan,
1750921997.330156326,1,-2.751818385,-0.025196205,1.023400750,-0.010562059,0.961717627,-0.028813968,-0.272318571,966,613,399,1.534753155,1.445952139,0.830978313,0.794745452,0.311080484,1,0,ok,map,613,399,735,0,ok,34,TRACKING,174,0,0,-1,0,0,0,nan,nan,0,0,nan,nan,
1750921997.342156410,1,-2.741722091,-0.027063485,1.043270118,-0.010080639,0.959839401,-0.030386369,-0.278717371,931,575,351,1.539805895,1.517265712,1.022338729,0.832437343,0.287785567,1,0,ok,map,575,351,735,0,ok,69,TRACKING,175,1,0,-1,0,0,0,nan,nan,0,0,nan,nan,
1750921997.354156494,1,-2.728229702,-0.028137311,1.060212597,-0.010651311,0.957866578,-0.031537620,-0.285278017,944,695,507,1.235982856,1.094282864,0.843972545,0.798739765,0.072046016,1,0,ok,map,695,507,845,0,ok,56,TRACKING,175,0,0,-1,0,0,0,nan,nan,0,0,nan,nan,
1750921997.366156578,1,-2.716019922,-0.028857037,1.076816575,-0.011026457,0.955876731,-0.031181839,-0.291900299,960,678,483,1.335887672,1.186546875,0.824465089,0.794588345,0.080610368,1,0,ok,map,678,483,845,0,ok,40,TRACKING,175,0,0,-1,0,0,0,nan,nan,0,0,nan,nan,
1750921997.378156662,1,-2.701684475,-0.027945211,1.094991433,-0.011642242,0.953907972,-0.029729625,-0.298396025,961,663,447,1.377922847,1.265766151,0.862907415,0.798521321,0.091162846,1,0,ok,map,663,447,845,0,ok,39,TRACKING,175,0,0,-1,0,0,0,nan,nan,0,0,nan,nan,
1750921997.390156746,1,-2.689739164,-0.025875928,1.109607724,-0.011288703,0.951826999,-0.029407772,-0.305013297,949,642,420,1.459992399,1.377201898,0.733392076,0.796782270,0.235355848,1,0,ok,map,642,420,845,0,ok,51,TRACKING,175,0,0,-1,0,0,0,nan,nan,0,0,nan,nan,
1750921997.402156830,1,-2.670766902,-0.027412152,1.131464464,-0.011347491,0.949716452,-0.030251099,-0.311439826,934,626,380,1.496422397,1.342222795,0.973629669,0.781154156,0.433591095,1,0,ok,map,626,380,845,0,ok,66,TRACKING,175,0,0,-1,0,0,0,nan,nan,0,0,nan,nan,
1750921997.414156914,1,-2.659975322,-0.025783445,1.144593016,-0.011132415,0.947499366,-0.030021802,-0.318150457,977,620,381,1.487803061,1.327197423,0.821498238,0.810666044,0.407980420,1,0,ok,map,620,381,845,0,ok,23,TRACKING,175,0,0,-1,0,0,0,nan,nan,0,0,nan,nan,
1750921997.426156998,1,-2.647208519,-0.026796853,1.161286533,-0.010949496,0.945376381,-0.030823124,-0.324335540,945,594,351,1.416133003,1.314463839,0.663704504,0.783528188,0.157646204,1,0,ok,map,594,351,845,0,ok,55,TRACKING,176,1,0,-1,0,0,0,nan,nan,0,0,nan,nan,
1750921997.438157082,1,-2.633841324,-0.026566708,1.175892439,-0.010643343,0.943087520,-0.031128632,-0.330913367,932,676,471,1.223140529,1.054465501,0.739642432,0.799631966,0.134433295,1,0,ok,map,676,471,934,0,ok,68,TRACKING,176,0,0,-1,0,0,0,nan,nan,0,0,nan,nan,
1750921997.450157166,1,-2.618224673,-0.026573535,1.191988335,-0.010066644,0.940733436,-0.030914469,-0.337584895,959,666,449,1.327113961,1.169414282,0.689053454,0.813758658,0.170819918,1,0,ok,map,666,449,934,0,ok,41,TRACKING,176,0,0,-1,0,0,0,nan,nan,0,0,nan,nan,
1750921997.462157249,1,-2.604241761,-0.027236536,1.205663339,-0.010802576,0.938483542,-0.029462363,-0.343895209,958,658,398,1.349698642,1.222615594,0.772508242,0.790037770,0.061907412,1,0,ok,map,658,398,934,0,ok,42,TRACKING,176,0,0,-1,0,0,0,nan,nan,0,0,nan,nan,
1750921997.474157333,1,-2.589879468,-0.025537045,1.220203207,-0.010582219,0.936073060,-0.028111187,-0.350521046,952,629,403,1.430724483,1.309292071,0.673847171,0.823040216,0.189640724,1,0,ok,map,629,403,934,0,ok,48,TRACKING,176,0,0,-1,0,0,0,nan,nan,0,0,nan,nan,
1750921997.486157417,1,-2.570004323,-0.025170249,1.239979221,-0.010047647,0.933528009,-0.028341222,-0.357241203,941,607,390,1.384132173,1.316943085,0.828747457,0.826146417,0.035849996,1,0,ok,map,607,390,934,0,ok,59,TRACKING,176,0,0,-1,0,0,0,nan,nan,0,0,nan,nan,
1750921997.498157501,1,-2.551089838,-0.025216463,1.257680238,-0.009718616,0.930967308,-0.029744223,-0.363759124,959,595,363,1.398784470,1.257218948,0.760206480,0.819288565,0.062927040,1,0,ok,map,595,363,934,0,ok,41,TRACKING,176,0,0,-1,0,0,0,nan,nan,0,0,nan,nan,
1750921997.510157585,1,-2.546912070,-0.026964437,1.264588093,-0.009862540,0.928410942,-0.030274373,-0.370188217,954,571,333,1.438335670,1.328137913,0.572084628,0.807683905,0.303430977,1,0,ok,map,571,333,934,0,ok,46,TRACKING,177,1,0,-1,0,0,0,nan,nan,0,0,nan,nan,
1750921997.522157669,1,-2.531226301,-0.025258633,1.279588162,-0.010753035,0.925801276,-0.029068723,-0.376737813,944,694,466,1.102512448,0.904667685,0.751656293,0.825968809,0.084859391,1,0,ok,map,694,466,1048,0,ok,56,TRACKING,177,0,0,-1,0,0,0,nan,nan,0,0,nan,nan,
1750921997.534157753,1,-2.513699599,-0.025480820,1.293481336,-0.010530376,0.922996113,-0.029542318,-0.383529058,965,683,452,1.263293554,1.160498823,0.742569152,0.844128960,0.110020551,1,0,ok,map,683,452,1048,0,ok,35,TRACKING,177,0,0,-1,0,0,0,nan,nan,0,0,nan,nan,
1750921997.546157837,1,-2.496652943,-0.024878765,1.307965037,-0.010593986,0.920176001,-0.029115956,-0.390277025,957,668,426,1.320308190,1.232076405,0.777096414,0.839528105,0.172728921,1,0,ok,map,668,426,1048,0,ok,43,TRACKING,177,0,0,-1,0,0,0,nan,nan,0,0,nan,nan,
1750921997.558157921,1,-2.484536138,-0.024654048,1.319383325,-0.011802133,0.917418725,-0.028993704,-0.396690002,923,620,409,1.265976080,1.127287129,0.698755246,0.811932850,0.125017002,1,0,ok,map,620,409,1048,0,ok,77,TRACKING,177,0,0,-1,0,0,0,nan,nan,0,0,nan,nan,
1750921997.570158005,1,-2.463379925,-0.026421295,1.336050439,-0.012296490,0.914484741,-0.028877553,-0.403401218,938,599,421,1.281923312,1.154994202,0.811363895,0.841345655,0.044160269,1,0,ok,map,599,421,1048,0,ok,62,TRACKING,177,0,0,-1,0,0,0,nan,nan,0,0,nan,nan,
1750921997.582158089,1,-2.448901886,-0.025862499,1.349880750,-0.012158486,0.911548272,-0.027747993,-0.410075564,953,585,392,1.298306214,1.182982330,0.856928827,0.853311308,0.212873128,1,0,ok,map,585,392,1048,0,ok,47,TRACKING,178,1,0,-1,0,0,0,nan,nan,0,0,nan,nan,
1750921997.594158173,1,-2.433634955,-0.024299805,1.362306393,-0.010961014,0.908434361,-0.028379367,-0.416919032,969,692,496,1.085856265,0.915001889,0.808760374,0.875425057,0.150045765,1,0,ok,map,692,496,1048,0,ok,31,TRACKING,178,0,0,-1,0,0,0,nan,nan,0,0,nan,nan,
1750921997.606158257,1,-2.417200801,-0.025521982,1.373982335,-0.011418181,0.905429986,-0.029536236,-0.423312858,960,671,488,1.261207056,1.093746714,0.730711502,0.821988592,0.203115968,1,0,ok,map,671,488,1048,0,ok,40,TRACKING,178,0,0,-1,0,0,0,nan,nan,0,0,nan,nan,
1750921997.618158340,1,-2.397372354,-0.026246221,1.388197732,-0.011393316,0.902312074,-0.028979693,-0.429957313,959,652,474,1.339492678,1.234711686,0.746139538,0.843480810,0.194813629,1,0,ok,map,652,474,1048,0,ok,41,TRACKING,178,0,0,-1,0,0,0,nan,nan,0,0,nan,nan,
1750921997.630158424,1,-2.377989955,-0.026578553,1.401747589,-0.011498441,0.899172992,-0.027247633,-0.436592811,964,640,458,1.329781646,1.255587894,0.806747072,0.864350247,0.099243107,1,0,ok,map,640,458,1048,0,ok,36,TRACKING,178,0,0,-1,0,0,0,nan,nan,0,0,nan,nan,
1750921997.642158508,1,-2.364635615,-0.023874783,1.411175090,-0.011604786,0.895993606,-0.027184548,-0.443082144,969,635,445,1.288157684,1.183587194,0.735660460,0.828200180,0.128686412,1,0,ok,map,635,445,1048,0,ok,31,TRACKING,178,0,0,-1,0,0,0,nan,nan,0,0,nan,nan,
1750921997.654158592,1,-2.342709290,-0.025215802,1.426162545,-0.011550174,0.892640658,-0.027950955,-0.449753259,943,614,416,1.271242557,1.147450401,0.895830490,0.860098437,0.077085682,1,0,ok,map,614,416,1048,0,ok,57,TRACKING,178,0,0,-1,0,0,0,nan,nan,0,0,nan,nan,
1750921997.666158676,1,-2.331782672,-0.024543820,1.434769950,-0.011624229,0.889229464,-0.028636062,-0.456416271,946,595,404,1.271569398,1.107316140,0.837823166,0.844251811,0.033375858,1,0,ok,map,595,404,1048,0,ok,54,TRACKING,179,1,0,-1,0,0,0,nan,nan,0,0,nan,nan,
1750921997.678158760,1,-2.311196216,-0.025247657,1.447921805,-0.011882979,0.885896759,-0.028973299,-0.462824238,954,730,596,1.118563250,0.922018813,0.789630628,0.829106721,0.039886906,1,0,ok,map,730,596,1097,0,ok,46,TRACKING,179,0,0,-1,0,0,0,nan,nan,0,0,nan,nan,
1750921997.690158844,1,-2.294024354,-0.024043391,1.458765288,-0.011427327,0.882510682,-0.028728506,-0.469274957,973,721,569,1.183413344,1.019759365,0.778365420,0.836950565,0.138161780,1,0,ok,map,721,569,1097,0,ok,27,TRACKING,179,0,0,-1,0,0,0,nan,nan,0,0,nan,nan,
1750921997.702158928,1,-2.273836665,-0.023505978,1.471129992,-0.012127241,0.879134812,-0.028527183,-0.475563994,971,708,553,1.239626097,1.118467694,0.771387856,0.822182377,0.052056961,1,0,ok,map,708,553,1097,0,ok,29,TRACKING,179,0,0,-1,0,0,0,nan,nan,0,0,nan,nan,
1750921997.714159012,1,-2.257781027,-0.023340176,1.480572007,-0.012448083,0.875582847,-0.028498299,-0.482065940,969,696,528,1.260796600,1.176087237,0.789404564,0.849801160,0.094393180,1,0,ok,map,696,528,1097,0,ok,31,TRACKING,179,0,0,-1,0,0,0,nan,nan,0,0,nan,nan,
1750921997.726159096,1,-2.236631527,-0.023039693,1.491846710,-0.013082907,0.872040141,-0.028898390,-0.488405275,974,683,498,1.231108735,1.155280180,0.835399677,0.836606601,0.064344310,1,0,ok,map,683,498,1097,0,ok,26,TRACKING,179,0,0,-1,0,0,0,nan,nan,0,0,nan,nan,
1750921997.738159180,1,-2.215949455,-0.022912421,1.503941843,-0.013352444,0.868348932,-0.030023756,-0.494864041,976,672,492,1.287902377,1.158837055,0.930792440,0.862715716,0.135767756,1,0,ok,map,672,492,1097,0,ok,24,TRACKING,179,0,0,-1,0,0,0,nan,nan,0,0,nan,nan,
1750921997.750159264,1,-2.198505266,-0.022547835,1.511933572,0.013546098,-0.864715487,0.029790791,0.501194711,984,664,491,1.315748273,1.213209311,0.860213069,0.837156354,0.155308896,1,0,ok,map,664,491,1097,0,ok,16,TRACKING,179,0,0,-1,0,0,0,nan,nan,0,0,nan,nan,
1750921997.762159348,1,-2.179166150,-0.023433023,1.521053296,0.013380850,-0.861009170,0.029353503,0.507565300,966,648,455,1.394479228,1.299480905,0.864682411,0.846272234,0.221860514,1,0,ok,map,648,455,1097,0,ok,34,TRACKING,179,0,0,-1,0,0,0,nan,nan,0,0,nan,nan,
1750921997.774159431,1,-2.162806948,-0.021601176,1.530680447,0.013741177,-0.857386848,0.028072675,0.513722589,970,629,435,1.404697635,1.356654688,0.795433780,0.832695282,0.186209989,1,0,ok,map,629,435,1097,0,ok,30,TRACKING,179,0,0,-1,0,0,0,nan,nan,0,0,nan,nan,
1750921997.786159515,1,-2.145287235,-0.022750674,1.538245744,0.014261987,-0.853541975,0.027765183,0.520088250,977,620,427,1.506171264,1.439042289,0.742701283,0.854999974,0.218685623,1,0,ok,map,620,427,1097,0,ok,23,TRACKING,179,0,0,-1,0,0,0,nan,nan,0,0,nan,nan,
1750921997.798159599,1,-2.122835697,-0.024469675,1.549824714,0.014416318,-0.849659890,0.028163523,0.526381094,979,613,397,1.436906882,1.379001747,0.795906806,0.848698960,0.089033215,1,0,ok,map,613,397,1097,0,ok,21,TRACKING,179,0,0,-1,0,0,0,nan,nan,0,0,nan,nan,
1750921997.810159683,1,-2.105309972,-0.024551426,1.557605272,0.013593223,-0.845623534,0.027768153,0.532883657,988,612,388,1.447519511,1.362874503,0.805153592,0.855765242,0.128397997,1,0,ok,map,612,388,1097,0,ok,12,TRACKING,180,1,0,-1,0,0,0,nan,nan,0,0,nan,nan,
1750921997.822159767,1,-2.089332134,-0.024321225,1.562804775,0.012828281,-0.841683194,0.027062757,0.539140468,986,764,549,1.311940177,1.158883017,0.736877568,0.855661636,0.153097125,1,0,ok,map,764,549,1069,0,ok,14,TRACKING,180,0,0,-1,0,0,0,nan,nan,0,0,nan,nan,
1750921997.834159851,1,-2.064766678,-0.023782754,1.572734082,0.013412890,-0.837718795,0.026587288,0.545289309,967,751,521,1.413200271,1.302625494,0.836772358,0.842795753,0.086453065,1,0,ok,map,751,521,1069,0,ok,33,TRACKING,180,0,0,-1,0,0,0,nan,nan,0,0,nan,nan,
1750921997.846159935,1,-2.044064306,-0.024349876,1.579188662,0.013391578,-0.833562776,0.027778022,0.551563365,947,714,478,1.414479180,1.379026005,0.843222913,0.873115904,0.044629494,1,0,ok,map,714,478,1069,0,ok,53,TRACKING,180,0,0,-1,0,0,0,nan,nan,0,0,nan,nan,
1750921997.858160019,1,-2.022258061,-0.023995219,1.589818176,0.013371297,-0.829550539,0.027482306,0.557594687,972,707,489,1.427982788,1.334879276,0.783455156,0.830792508,0.149126973,1,0,ok,map,707,489,1069,0,ok,28,TRACKING,180,0,0,-1,0,0,0,nan,nan,0,0,nan,nan,
1750921997.870160103,1,-2.002377319,-0.025231074,1.597512862,0.013908080,-0.825542709,0.025699296,0.563582600,970,685,448,1.396693656,1.264938447,0.784369916,0.852805526,0.094615607,1,0,ok,map,685,448,1069,0,ok,30,TRACKING,180,0,0,-1,0,0,0,nan,nan,0,0,nan,nan,
1750921997.882160187,1,-1.981887898,-0.023292004,1.601616528,0.013212716,-0.821300322,0.023529154,0.569857513,960,657,422,1.510421884,1.427055029,0.746962200,0.906402178,0.266213090,1,0,ok,map,657,422,1069,0,ok,40,TRACKING,180,0,0,-1,0,0,0,nan,nan,0,0,nan,nan,
1750921997.894160271,1,-1.956115019,-0.023443446,1.612777416,0.012823672,-0.817012985,0.024797957,0.575943050,970,643,383,1.454855300,1.378446032,0.841179377,0.866485785,0.094643704,1,0,ok,map,643,383,1069,0,ok,30,TRACKING,180,0,0,-1,0,0,0,nan,nan,0,0,nan,nan,
1750921997.906160355,1,-1.936330780,-0.022910726,1.615302215,0.012761096,-0.812852342,0.025038256,0.581791466,966,616,369,1.731984414,1.550625709,0.794061899,0.822962103,0.500509976,1,0,ok,map,616,369,1069,0,ok,34,TRACKING,180,0,0,-1,0,0,0,nan,nan,0,0,nan,nan,
1750921997.918160439,1,-1.925207141,-0.023141388,1.620470977,0.012644849,-0.808233906,0.026014322,0.588150760,953,589,351,1.592175312,1.560936665,0.924344639,0.861755398,0.260540414,1,0,ok,map,589,351,1069,0,ok,47,TRACKING,181,1,0,-1,0,0,0,nan,nan,0,0,nan,nan,
1750921997.930160522,1,-1.903527221,-0.024001716,1.627522753,0.012505752,-0.803873294,0.026033206,0.594098986,967,633,411,1.341305603,1.168915515,0.838713809,0.845312070,0.069321942,1,0,ok,map,633,411,1011,0,ok,33,TRACKING,181,0,0,-1,0,0,0,nan,nan,0,0,nan,nan,
1750921997.942160606,1,-1.879495994,-0.025469114,1.631465247,0.012670106,-0.799665947,0.024685839,0.599803677,950,610,386,1.433834368,1.354181111,0.704003714,0.827029568,0.237815062,1,0,ok,map,610,386,1011,0,ok,50,TRACKING,181,0,0,-1,0,0,0,nan,nan,0,0,nan,nan,
1750921997.954160690,1,-1.864616735,-0.023768664,1.636020747,0.011825467,-0.795213966,0.023084339,0.605773902,948,587,367,1.401661331,1.326774566,0.792835114,0.878269538,0.171594264,1,0,ok,map,587,367,1011,0,ok,52,TRACKING,181,0,0,-1,0,0,0,nan,nan,0,0,nan,nan,
1750921997.966160774,1,-1.848827765,-0.023430864,1.639064878,0.011273717,-0.790652470,0.023094740,0.611725599,953,571,348,1.494895182,1.425972737,0.779524318,0.861609320,0.168665650,1,0,ok,map,571,348,1011,0,ok,47,TRACKING,181,0,0,-1,0,0,0,nan,nan,0,0,nan,nan,
1750921997.978160858,1,-1.835909711,-0.023814153,1.643736801,0.012136126,-0.786124713,0.023169230,0.617514240,964,564,335,1.487182482,1.390750275,0.745061911,0.809370222,0.130144379,1,0,ok,map,564,335,1011,0,ok,36,TRACKING,182,1,0,-1,0,0,0,nan,nan,0,0,nan,nan,
1750921997.990160942,1,-1.813878206,-0.025423512,1.647863236,0.011756370,-0.781565486,0.022885498,0.623292414,946,591,400,1.291186638,1.239103241,0.812297971,0.845176448,0.036436134,1,0,ok,map,591,400,987,0,ok,54,TRACKING,182,0,0,-1,0,0,0,nan,nan,0,0,nan,nan,
1750921998.002161026,1,-1.789374711,-0.026155215,1.650823173,0.011250502,-0.777022144,0.021842685,0.628993570,947,572,377,1.377877068,1.261537321,0.757724253,0.845874701,0.099852632,1,0,ok,map,572,377,987,0,ok,53,TRACKING,182,0,0,-1,0,0,0,nan,nan,0,0,nan,nan,
1750921998.014161110,1,-1.765806464,-0.024277095,1.655805004,0.011114186,-0.772734264,0.020756345,0.634292839,948,551,342,1.339818439,1.224876568,0.693260941,0.791155502,0.156652346,1,0,ok,map,551,342,987,0,ok,52,TRACKING,182,0,0,-1,0,0,0,nan,nan,0,0,nan,nan,
1750921998.026161194,1,-1.736024387,-0.023827196,1.663630148,0.010866992,-0.768333698,0.018811851,0.639680663,983,548,351,1.383878189,1.261477106,0.825877840,0.828204646,0.138358247,1,0,ok,map,548,351,987,0,ok,17,TRACKING,182,0,0,-1,0,0,0,nan,nan,0,0,nan,nan,
1750921998.038161278,1,-1.719326856,-0.025164041,1.663717625,0.010473265,-0.763460945,0.019099137,0.645486575,976,543,347,1.545302868,1.362171267,0.740756139,0.828307038,0.218304477,1,0,ok,map,543,347,987,0,ok,24,TRACKING,183,1,5,117,148,1,0,0.008186148,0.004192896,109,80,0.733944954,1.185014557,ok
1750921998.050161362,1,-1.686799093,-0.026342116,1.676868951,0.010418405,-0.758696019,0.019829801,0.651059587,975,624,384,1.714199884,1.629534804,0.609546224,0.844409239,0.242247425,1,0,ok,map,624,384,989,0,ok,25,TRACKING,183,0,0,-1,0,0,0,nan,nan,0,0,nan,nan,
1750921998.062161446,1,-1.659238896,-0.027368653,1.683725167,0.010753725,-0.753953325,0.020270716,0.656527105,980,616,354,1.684828689,1.605839141,0.715385095,0.831827146,0.258863153,1,0,ok,map,616,354,989,0,ok,20,TRACKING,183,0,0,-1,0,0,0,nan,nan,0,0,nan,nan,
1750921998.074161530,1,-1.641613436,-0.032092291,1.682458411,0.011476660,-0.749285756,0.020224180,0.661838443,978,609,323,2.011644824,1.963233671,0.513590855,0.814499510,0.396074252,1,0,ok,map,609,323,989,0,ok,22,TRACKING,183,0,0,-1,0,0,0,nan,nan,0,0,nan,nan,
1750921998.086161613,1,-1.632918920,-0.031282589,1.682063266,0.011244545,-0.744493481,0.018446267,0.667280116,978,601,298,1.862003070,1.874099070,0.679949938,0.855936980,0.269970502,1,0,ok,map,601,298,989,0,ok,22,TRACKING,183,0,0,-1,0,0,0,nan,nan,0,0,nan,nan,
1750921998.098161697,1,-1.598319646,-0.028570747,1.682364142,0.011636860,-0.739568818,0.017547393,0.672751541,958,586,295,2.146743172,1.930873585,0.473367636,0.840570327,0.456687348,1,0,ok,map,586,295,989,0,ok,42,TRACKING,184,1,0,-1,0,0,0,nan,nan,0,0,nan,nan,
1750921998.110161781,1,-1.568673768,-0.028254219,1.686530448,0.011962880,-0.734833264,0.017481334,0.677916932,985,599,353,1.752245104,1.670118594,0.735229750,0.803920039,0.352881941,1,0,ok,map,599,353,877,0,ok,15,TRACKING,184,0,0,-1,0,0,0,nan,nan,0,0,nan,nan,
1750921998.122161865,1,-1.545168603,-0.027416211,1.686432203,0.010498537,-0.729672952,0.016954724,0.683505451,980,595,350,1.733515483,1.692749137,0.713483519,0.889707860,0.192335396,1,0,ok,map,595,350,877,0,ok,20,TRACKING,184,0,0,-1,0,0,0,nan,nan,0,0,nan,nan,
1750921998.134161949,1,-1.530808231,-0.028288955,1.685691456,0.010434390,-0.724490365,0.018868242,0.688947621,981,592,315,1.950609749,1.855214535,0.640937588,0.888675015,0.324543619,1,0,ok,map,592,315,877,0,ok,19,TRACKING,184,0,0,-1,0,0,0,nan,nan,0,0,nan,nan,
1750921998.146162033,1,-1.517848991,-0.029030535,1.684980371,0.012876962,-0.719684785,0.020943756,0.693865515,963,578,283,1.661880778,1.602942307,0.786164483,0.869337580,0.177114592,1,0,ok,map,578,283,877,0,ok,37,TRACKING,184,0,0,-1,0,0,0,nan,nan,0,0,nan,nan,
1750921998.158162117,1,-1.505828994,-0.031854558,1.683216763,0.014041068,-0.714805803,0.019559340,0.698908395,978,575,220,2.040347792,2.041253562,0.621671470,0.827921461,0.421858801,1,0,ok,map,575,220,877,0,ok,22,TRACKING,185,1,0,-1,0,0,0,nan,nan,0,0,nan,nan,
1750921998.170162201,1,-1.471991576,-0.031533542,1.685771538,0.013169913,-0.709610965,0.016536911,0.704276482,986,606,301,1.913988742,1.612404378,0.933129654,0.928807170,0.472738366,1,0,ok,map,606,301,692,0,ok,14,TRACKING,185,0,0,-1,0,0,0,nan,nan,0,0,nan,nan,
1750921998.182162285,1,-1.457646143,-0.029101080,1.681733117,0.011660548,-0.704323810,0.016015729,0.709602353,981,596,269,1.765908503,1.646440180,0.600800499,0.879216832,0.290723473,1,0,ok,map,596,269,692,0,ok,19,TRACKING,185,0,0,-1,0,0,0,nan,nan,0,0,nan,nan,
1750921998.194162369,1,-1.428999741,-0.032475141,1.677896042,0.012301071,-0.699345093,0.015704719,0.714505764,960,586,240,1.973221926,1.762591852,0.711786738,0.804904867,0.459989842,1,0,ok,map,586,240,692,0,ok,40,TRACKING,185,0,0,-1,0,0,0,nan,nan,0,0,nan,nan,
1750921998.206162453,1,-1.437160832,-0.032081783,1.682280339,0.013199843,-0.693964876,0.015197370,0.719727417,954,563,239,1.675142854,1.592327134,0.639902082,0.867253515,0.239799463,1,0,ok,map,563,239,692,0,ok,46,TRACKING,185,0,0,-1,0,0,0,nan,nan,0,0,nan,nan,
1750921998.218162537,1,-1.410708145,-0.034556611,1.679134225,0.014724291,-0.688509380,0.016213035,0.724896659,975,562,233,1.706069480,1.618142382,0.788295576,0.899023103,0.201966398,1,0,ok,map,562,233,692,0,ok,25,TRACKING,186,1,0,-1,0,0,0,nan,nan,0,0,nan,nan,
1750921998.230162621,1,-1.378250619,-0.032142357,1.675015028,0.015307438,-0.683079565,0.017146859,0.729982175,985,630,329,1.515672929,1.423310438,0.673102632,0.861784195,0.200576490,1,0,ok,map,630,329,750,0,ok,15,TRACKING,186,0,0,-1,0,0,0,nan,nan,0,0,nan,nan,
1750921998.242162704,1,-1.352631921,-0.033732418,1.673477586,0.014995330,-0.677702574,0.016190565,0.735004916,978,624,320,1.679683298,1.465336997,0.630856162,0.851008313,0.287426183,1,0,ok,map,624,320,750,0,ok,22,TRACKING,186,0,0,-1,0,0,0,nan,nan,0,0,nan,nan,
1750921998.254162788,1,-1.337412232,-0.034144246,1.672547853,0.014699431,-0.672335677,0.014566092,0.739957088,980,613,315,1.635549834,1.615282029,0.733979944,0.857940472,0.158665150,1,0,ok,map,613,315,750,0,ok,20,TRACKING,186,0,0,-1,0,0,0,nan,nan,0,0,nan,nan,
1750921998.266162872,1,-1.315367352,-0.034142597,1.668809126,0.014580574,-0.666803250,0.014949352,0.744941172,983,613,302,1.720458805,1.511876461,0.672266434,0.854534389,0.251163066,1,0,ok,map,613,302,750,0,ok,17,TRACKING,186,0,0,-1,0,0,0,nan,nan,0,0,nan,nan,
1750921998.278162956,1,-1.301169220,-0.034574914,1.662568233,0.015215162,-0.661331162,0.014678216,0.749796068,953,603,275,1.626111245,1.471818744,0.523427424,0.841996249,0.324356134,1,0,ok,map,603,275,750,0,ok,47,TRACKING,186,0,0,-1,0,0,0,nan,nan,0,0,nan,nan,
1750921998.290163040,1,-1.285415176,-0.035007425,1.664329340,0.015692238,-0.655783135,0.014561163,0.754645748,960,597,293,1.628155550,1.473926378,0.674643504,0.846284482,0.259275596,1,0,ok,map,597,293,750,0,ok,40,TRACKING,186,0,0,-1,0,0,0,nan,nan,0,0,nan,nan,
1750921998.302163124,1,-1.251341027,-0.039565923,1.663754082,0.015826296,-0.650297066,0.015088383,0.759365258,963,587,260,1.597755617,1.527351444,0.667929830,0.831613380,0.191387197,1,0,ok,map,587,260,750,0,ok,37,TRACKING,186,0,0,-1,0,0,0,nan,nan,0,0,nan,nan,
1750921998.314163208,1,-1.241568249,-0.035460098,1.657276036,0.015292479,-0.644860523,0.014339025,0.764012721,985,580,278,1.753392925,1.669752047,0.625171029,0.847710323,0.286016603,1,0,ok,map,580,278,750,0,ok,15,TRACKING,187,1,0,-1,0,0,0,nan,nan,0,0,nan,nan,
1750921998.326163292,1,-1.226336742,-0.039497138,1.651548651,0.014867209,-0.639479227,0.014320775,0.768531196,973,614,323,1.534960906,1.296609853,0.602143059,0.806681882,0.306489650,1,0,ok,map,614,323,752,0,ok,27,TRACKING,187,0,0,-1,0,0,0,nan,nan,0,0,nan,nan,
1750921998.338163376,1,-1.205107384,-0.036888388,1.648120801,0.012812638,-0.633646394,0.013396937,0.773400676,959,605,318,1.625260687,1.354761699,0.813253470,0.908161325,0.350425768,1,0,ok,map,605,318,752,0,ok,41,TRACKING,187,0,0,-1,0,0,0,nan,nan,0,0,nan,nan,
1750921998.350163460,1,-1.164934635,-0.033824730,1.636811697,0.013225537,-0.627997719,0.013861483,0.777979312,970,600,280,1.758096598,1.613602496,0.488402524,0.836266897,0.507497439,1,0,ok,map,600,280,752,0,ok,30,TRACKING,187,0,0,-1,0,0,0,nan,nan,0,0,nan,nan,
1750921998.362163544,1,-1.155973089,-0.040678226,1.632433333,0.014984565,-0.622423498,0.014638702,0.782400256,965,580,251,1.602202823,1.518792298,0.532394734,0.844526367,0.362907141,1,0,ok,map,580,251,752,0,ok,35,TRACKING,187,0,0,-1,0,0,0,nan,nan,0,0,nan,nan,
1750921998.374163628,1,-1.130599236,-0.042719757,1.624758338,0.014922780,-0.617115636,0.011990119,0.786639587,958,551,262,1.734454522,1.576959794,0.834014812,0.858515281,0.305031922,1,0,ok,map,551,262,752,0,ok,42,TRACKING,188,1,0,-1,0,0,0,nan,nan,0,0,nan,nan,
1750921998.386163712,1,-1.119506394,-0.041929343,1.625089436,0.014252615,-0.611315321,0.011593239,0.791173836,979,628,343,1.424204513,1.146330861,0.502421807,0.848364143,0.372383802,1,0,ok,map,628,343,800,0,ok,21,TRACKING,188,0,0,-1,0,0,0,nan,nan,0,0,nan,nan,
1750921998.398163795,1,-1.079724433,-0.042425049,1.613640600,0.013668668,-0.605747920,0.011519580,0.795455796,962,609,333,1.555052181,1.316925528,0.443497842,0.807669407,0.462601813,1,0,ok,map,609,333,800,0,ok,38,TRACKING,188,0,0,-1,0,0,0,nan,nan,0,0,nan,nan,
1750921998.410163879,1,-1.061467045,-0.040203984,1.603974927,0.012602003,-0.600012860,0.010644731,0.799820259,966,595,333,1.567139307,1.317731092,0.598378035,0.840846219,0.301920048,1,0,ok,map,595,333,800,0,ok,34,TRACKING,188,0,0,-1,0,0,0,nan,nan,0,0,nan,nan,
1750921998.422163963,1,-1.044069232,-0.035959043,1.600150449,0.011732758,-0.594025631,0.011150504,0.804283258,957,583,290,1.525339569,1.361000942,0.628046480,0.863452787,0.267438435,1,0,ok,map,583,290,800,0,ok,43,TRACKING,188,0,0,-1,0,0,0,nan,nan,0,0,nan,nan,
1750921998.434164047,1,-1.028989985,-0.037994117,1.591298738,0.012850738,-0.588496400,0.010654472,0.808327488,944,567,295,1.606798224,1.519817832,0.695980381,0.835309662,0.221299176,1,0,ok,map,567,295,800,0,ok,56,TRACKING,189,1,0,-1,0,0,0,nan,nan,0,0,nan,nan,
1750921998.446164131,1,-1.016009563,-0.040982561,1.587827013,0.014912990,-0.582883275,0.010766637,0.812347690,925,600,368,1.365799748,1.004737240,0.644968223,0.825814014,0.366602282,1,0,ok,map,600,368,789,0,ok,75,TRACKING,189,0,0,-1,0,0,0,nan,nan,0,0,nan,nan,
1750921998.458164215,1,-0.989867464,-0.043643138,1.577002940,0.014651596,-0.577016134,0.010442202,0.816534550,939,573,304,1.391390211,1.223058110,0.726926322,0.827339588,0.146898330,1,0,ok,map,573,304,789,0,ok,61,TRACKING,189,0,0,-1,0,0,0,nan,nan,0,0,nan,nan,
1750921998.470164299,1,-0.979796462,-0.042914117,1.574097290,0.012808294,-0.571197816,0.009568716,0.820656714,962,566,294,1.589389217,1.286911560,0.749158540,0.849880466,0.506697309,1,0,ok,map,566,294,789,0,ok,38,TRACKING,189,0,0,-1,0,0,0,nan,nan,0,0,nan,nan,
1750921998.482164383,1,-0.964501221,-0.047739978,1.567556522,0.011786646,-0.565238084,0.009464689,0.824789308,970,558,286,1.663874134,1.408619204,0.602929160,0.839351459,0.336931749,1,0,ok,map,558,286,789,0,ok,30,TRACKING,189,0,0,-1,0,0,0,nan,nan,0,0,nan,nan,
1750921998.494164467,1,-0.936950922,-0.044575186,1.560731554,0.011893000,-0.559770234,0.008480148,0.828519118,957,550,262,1.440078949,1.231511517,0.823687132,0.809647234,0.365778352,1,0,ok,map,550,262,789,0,ok,43,TRACKING,190,1,0,-1,0,0,0,nan,nan,0,0,nan,nan,
1750921998.506164551,1,-0.914890820,-0.038954488,1.543703293,0.012539919,-0.553757525,0.007974867,0.832545347,959,613,355,1.305016471,1.101032747,0.565544884,0.834532162,0.275123447,1,0,ok,map,613,355,827,0,ok,41,TRACKING,190,0,0,-1,0,0,0,nan,nan,0,0,nan,nan,
1750921998.518164635,1,-0.895653019,-0.043050346,1.538189329,0.013013540,-0.547462396,0.009497660,0.836675186,956,604,336,1.319163437,1.170078320,0.808090703,0.881891491,0.162386522,1,0,ok,map,604,336,827,0,ok,44,TRACKING,190,0,0,-1,0,0,0,nan,nan,0,0,nan,nan,
1750921998.530164719,1,-0.877144955,-0.046760507,1.525137066,0.013053099,-0.541522775,0.009687183,0.840528916,968,594,287,1.657050918,1.405150507,0.433505800,0.811645061,0.551817754,1,0,ok,map,594,287,827,0,ok,32,TRACKING,190,0,0,-1,0,0,0,nan,nan,0,0,nan,nan,
1750921998.542164803,1,-0.854171318,-0.046723581,1.515223347,0.012476427,-0.535464836,0.007897264,0.844428435,976,586,287,1.542162639,1.417041872,0.682632198,0.853237786,0.191469617,1,0,ok,map,586,287,827,0,ok,24,TRACKING,190,0,0,-1,0,0,0,nan,nan,0,0,nan,nan,
1750921998.554164886,1,-0.841240259,-0.042583043,1.509389905,0.012885660,-0.529758821,0.006379900,0.848026443,945,559,269,1.574935806,1.333561203,0.529644432,0.839876211,0.430666264,1,0,ok,map,559,269,827,0,ok,55,TRACKING,191,1,0,-1,0,0,0,nan,nan,0,0,nan,nan,
1750921998.566164970,1,-0.820604948,-0.046029283,1.494892752,0.013454294,-0.523624147,0.006836742,0.851815704,972,613,329,1.148259426,0.950520124,0.760229780,0.830492424,0.080692895,1,0,ok,map,613,329,817,0,ok,28,TRACKING,191,0,0,-1,0,0,0,nan,nan,0,0,nan,nan,
1750921998.578165054,1,-0.803173572,-0.044986893,1.486886974,0.011791057,-0.516940292,0.006798639,0.855913246,952,592,324,1.328750718,1.176796321,0.841601631,0.918392057,0.112289784,1,0,ok,map,592,324,817,0,ok,48,TRACKING,191,0,0,-1,0,0,0,nan,nan,0,0,nan,nan,
1750921998.590165138,1,-0.784043401,-0.043107222,1.476695990,0.011929042,-0.510750554,0.006904128,0.859618464,960,580,306,1.443000611,1.300604662,0.799225224,0.826902492,0.189950156,1,0,ok,map,580,306,817,0,ok,40,TRACKING,191,0,0,-1,0,0,0,nan,nan,0,0,nan,nan,
1750921998.602165222,1,-0.765376425,-0.046664047,1.462355274,0.013985332,-0.504649436,0.007212083,0.863180944,953,558,275,1.549594586,1.380066329,0.651138664,0.843928619,0.276773104,1,0,ok,map,558,275,817,0,ok,47,TRACKING,191,0,0,-1,0,0,0,nan,nan,0,0,nan,nan,
1750921998.614165306,1,-0.753303644,-0.048706628,1.456098265,0.014047257,-0.498702469,0.006386667,0.866635871,962,551,263,1.483384152,1.357125721,0.591301073,0.847280391,0.293936098,1,0,ok,map,551,263,817,0,ok,38,TRACKING,192,1,0,-1,0,0,0,nan,nan,0,0,nan,nan,
1750921998.626165390,1,-0.735906006,-0.046230069,1.443518365,0.012992634,-0.492290867,0.006742204,0.870307667,965,628,357,1.272743523,1.067262888,0.655592408,0.856219209,0.217434081,1,0,ok,map,628,357,840,0,ok,35,TRACKING,192,0,0,-1,0,0,0,nan,nan,0,0,nan,nan,
1750921998.638165474,1,-0.717305529,-0.047214681,1.430277633,0.012635436,-0.485968668,0.006841949,0.873858105,958,613,334,1.284396982,1.207304669,0.729807367,0.831981899,0.108659893,1,0,ok,map,613,334,840,0,ok,42,TRACKING,192,0,0,-1,0,0,0,nan,nan,0,0,nan,nan,
1750921998.650165558,1,-0.699750009,-0.047025702,1.422727151,0.012115175,-0.479310227,0.007059654,0.877533526,949,578,313,1.374677771,1.268439605,0.749496426,0.873920547,0.231110691,1,0,ok,map,578,313,840,0,ok,51,TRACKING,192,0,0,-1,0,0,0,nan,nan,0,0,nan,nan,
1750921998.662165642,1,-0.679190503,-0.046638534,1.406467308,0.012638229,-0.472896879,0.006781543,0.881001037,966,565,302,1.522044831,1.367224999,0.880695144,0.838210776,0.298725271,1,0,ok,map,565,302,840,0,ok,34,TRACKING,192,0,0,-1,0,0,0,nan,nan,0,0,nan,nan,
1750921998.674165726,1,-0.655809982,-0.047563458,1.383764099,0.013627655,-0.467034532,0.007035967,0.884106062,955,551,287,1.588715473,1.463232746,0.673696588,0.829535863,0.230745580,1,0,ok,map,551,287,840,0,ok,45,TRACKING,193,1,9,127,175,1,0,0.004972353,0.004236708,133,95,0.714285714,1.352665536,ok
1750921998.686165810,1,-0.640766291,-0.048946781,1.369025850,0.014784697,-0.460634276,0.007240927,0.887437348,948,656,421,1.310322314,1.160737593,0.910563767,0.837708473,0.080996893,1,0,ok,map,656,421,865,0,ok,52,TRACKING,193,0,0,-1,0,0,0,nan,nan,0,0,nan,nan,
1750921998.698165894,1,-0.626381675,-0.047094601,1.358566291,0.014297346,-0.454472140,0.006903924,0.890619445,940,629,336,1.322770071,1.230398968,0.826253149,0.797617664,0.157051986,1,0,ok,map,629,336,865,0,ok,60,TRACKING,193,0,0,-1,0,0,0,nan,nan,0,0,nan,nan,
1750921998.710165977,1,-0.606159807,-0.049163010,1.339382137,0.013184546,-0.448151639,0.005598163,0.893842792,913,589,342,1.448624960,1.324183037,0.925443438,0.836457675,0.137364378,1,0,ok,map,589,342,865,0,ok,87,TRACKING,193,0,0,-1,0,0,0,nan,nan,0,0,nan,nan,
1750921998.722166061,1,-0.599659551,-0.046596652,1.332624656,0.012679013,-0.441589344,0.005805908,0.897108904,950,572,307,1.438536620,1.343318921,0.860983107,0.842307772,0.114613791,1,0,ok,map,572,307,865,0,ok,50,TRACKING,193,0,0,-1,0,0,0,nan,nan,0,0,nan,nan,
1750921998.734166145,1,-0.574232430,-0.049678291,1.307785204,0.013180003,-0.435618585,0.005601481,0.900017422,961,561,316,1.484301492,1.377707591,0.852072231,0.807701188,0.170604725,1,0,ok,map,561,316,865,0,ok,39,TRACKING,194,1,0,-1,0,0,0,nan,nan,0,0,nan,nan,
1750921998.746166229,1,-0.556468280,-0.050260978,1.291260963,0.013796047,-0.428730957,0.005961784,0.903307198,947,619,416,1.286635705,1.139756664,0.888278069,0.878489620,0.136877460,1,0,ok,map,619,416,890,0,ok,53,TRACKING,194,0,0,-1,0,0,0,nan,nan,0,0,nan,nan,
1750921998.758166313,1,-0.544182065,-0.050012186,1.281666057,0.015228425,-0.422338764,0.005655591,0.906292490,951,599,393,1.309301862,1.164000188,0.841276201,0.825678016,0.049073254,1,0,ok,map,599,393,890,0,ok,49,TRACKING,194,0,0,-1,0,0,0,nan,nan,0,0,nan,nan,
1750921998.770166397,1,-0.529116063,-0.051248075,1.264560884,0.015947306,-0.415931843,0.005304982,0.909240476,950,586,365,1.399933355,1.300797166,0.773719884,0.813351361,0.096743687,1,0,ok,map,586,365,890,0,ok,50,TRACKING,194,0,0,-1,0,0,0,nan,nan,0,0,nan,nan,
1750921998.782166481,1,-0.511123569,-0.050020921,1.250802757,0.016187375,-0.409295600,0.005545315,0.912241377,974,584,350,1.427903628,1.326167810,0.790219826,0.835503332,0.083925307,1,0,ok,map,584,350,890,0,ok,26,TRACKING,194,0,0,-1,0,0,0,nan,nan,0,0,nan,nan,
1750921998.794166565,1,-0.500722071,-0.051687572,1.232308361,0.016421110,-0.403466210,0.005374680,0.914831393,961,581,343,1.483335074,1.462525550,0.728368253,0.790075582,0.084169542,1,0,ok,map,581,343,890,0,ok,39,TRACKING,195,1,0,-1,0,0,0,nan,nan,0,0,nan,nan,
1750921998.806166649,1,-0.486104989,-0.051001494,1.214085886,0.016499569,-0.397029510,0.005112011,0.917643286,978,663,449,1.323741686,1.221431505,0.749000649,0.805515999,0.102512130,1,0,ok,map,663,449,911,0,ok,22,TRACKING,195,0,0,-1,0,0,0,nan,nan,0,0,nan,nan,
1750921998.818166733,1,-0.474373610,-0.049975691,1.203498244,0.016615538,-0.390330161,0.005374881,0.920509316,960,654,417,1.357654492,1.203487247,0.760862955,0.835640344,0.118147739,1,0,ok,map,654,417,911,0,ok,40,TRACKING,195,0,0,-1,0,0,0,nan,nan,0,0,nan,nan,
1750921998.830166817,1,-0.458308714,-0.048927182,1.183683759,0.017241425,-0.383693894,0.006091497,0.923279277,964,641,417,1.458713577,1.366983106,0.723739324,0.831229097,0.111021729,1,0,ok,map,641,417,911,0,ok,36,TRACKING,195,0,0,-1,0,0,0,nan,nan,0,0,nan,nan,
1750921998.842166901,1,-0.441097891,-0.049296601,1.167562846,0.017914568,-0.376983216,0.006348385,0.926025065,970,635,392,1.445014666,1.333363994,0.790695309,0.834962096,0.119635513,1,0,ok,map,635,392,911,0,ok,30,TRACKING,195,0,0,-1,0,0,0,nan,nan,0,0,nan,nan,
1750921998.854166985,1,-0.432732391,-0.049833187,1.155530112,0.018915580,-0.370397458,0.006592174,0.928657347,975,627,372,1.547063921,1.375066540,0.634471738,0.821252982,0.196124636,1,0,ok,map,627,372,911,0,ok,25,TRACKING,195,0,0,-1,0,0,0,nan,nan,0,0,nan,nan,
1750921998.866167068,1,-0.417407598,-0.049791507,1.133880466,0.019090021,-0.363518791,0.006642995,0.931367559,977,620,337,1.621929476,1.455852170,0.643012728,0.847470744,0.296578410,1,0,ok,map,620,337,911,0,ok,23,TRACKING,195,0,0,-1,0,0,0,nan,nan,0,0,nan,nan,
1750921998.878167152,1,-0.404779587,-0.049908838,1.116567971,0.019957946,-0.356850942,0.007049016,0.933921515,975,610,356,1.736085862,1.636606133,0.609682151,0.825546691,0.229365385,1,0,ok,map,610,356,911,0,ok,25,TRACKING,195,0,0,-1,0,0,0,nan,nan,0,0,nan,nan,
1750921998.890167236,1,-0.390414528,-0.050802377,1.103340237,0.020338520,-0.350538542,0.006550109,0.936304529,960,598,323,1.669303714,1.617650863,0.676580403,0.776513804,0.188751033,1,0,ok,map,598,323,911,0,ok,40,TRACKING,195,0,0,-1,0,0,0,nan,nan,0,0,nan,nan,
1750921998.902167320,1,-0.380063906,-0.053469363,1.083671676,0.019365487,-0.344584879,0.005888427,0.938536928,955,583,293,1.785492943,1.518434507,0.629630119,0.825366205,0.269637089,1,0,ok,map,583,293,911,0,ok,45,TRACKING,196,1,0,-1,0,0,0,nan,nan,0,0,nan,nan,
1750921998.914167404,1,-0.366161192,-0.051264962,1.069345338,0.019625524,-0.337711981,0.006538170,0.941022162,944,674,454,1.301303821,1.147623619,0.860983960,0.841316990,0.110425682,1,0,ok,map,674,454,971,0,ok,56,TRACKING,196,0,0,-1,0,0,0,nan,nan,0,0,nan,nan,
1750921998.926167488,1,-0.357391983,-0.051712851,1.049780544,0.020589289,-0.331287476,0.006545227,0.943282487,978,666,449,1.636780832,1.425082772,0.570526060,0.788206835,0.298110050,1,0,ok,map,666,449,971,0,ok,22,TRACKING,196,0,0,-1,0,0,0,nan,nan,0,0,nan,nan,
1750921998.938167572,1,-0.346648264,-0.051272199,1.034990061,0.021607397,-0.324542578,0.007018056,0.945598214,982,663,412,1.664227201,1.539595988,0.580302355,0.827257257,0.313087570,1,0,ok,map,663,412,971,0,ok,18,TRACKING,196,0,0,-1,0,0,0,nan,nan,0,0,nan,nan,
1750921998.950167656,1,-0.332860505,-0.052609705,1.017285919,0.022998308,-0.318121815,0.007641278,0.947740049,972,656,395,1.697809790,1.488195546,0.660941538,0.795044825,0.326370773,1,0,ok,map,656,395,971,0,ok,28,TRACKING,196,0,0,-1,0,0,0,nan,nan,0,0,nan,nan,
1750921998.962167740,1,-0.321761950,-0.053630039,0.996592223,0.023858295,-0.311562359,0.007406655,0.949897268,976,651,388,1.764974701,1.563463117,0.566537093,0.797831155,0.431008785,1,0,ok,map,651,388,971,0,ok,24,TRACKING,196,0,0,-1,0,0,0,nan,nan,0,0,nan,nan,
1750921998.974167824,1,-0.309720733,-0.057272524,0.983812450,0.023349641,-0.305081027,0.007370943,0.952011571,978,643,311,1.748843908,1.523163680,0.541772942,0.783408539,0.539522639,1,0,ok,map,643,311,971,0,ok,22,TRACKING,196,0,0,-1,0,0,0,nan,nan,0,0,nan,nan,
1750921998.986167908,1,-0.296018785,-0.053132743,0.960421525,0.021843484,-0.298863574,0.005831517,0.954027997,962,628,331,1.731028363,1.623005056,0.511405796,0.788613232,0.400592234,1,0,ok,map,628,331,971,0,ok,38,TRACKING,196,0,0,-1,0,0,0,nan,nan,0,0,nan,nan,
1750921998.998167992,1,-0.289424545,-0.052610125,0.955948516,0.020134624,-0.292133841,0.005467886,0.956149841,942,592,318,1.472211582,1.447511105,0.800578147,0.833012011,0.086597317,1,0,ok,map,592,318,971,0,ok,58,TRACKING,196,0,0,-1,0,0,0,nan,nan,0,0,nan,nan,
1750921999.010168076,1,-0.281286993,-0.052446993,0.930287278,0.021049827,-0.286129214,0.005938036,0.957941396,930,559,296,2.060712674,1.889837099,0.666142567,0.827750824,0.537050712,1,0,ok,map,559,296,971,0,ok,70,TRACKING,197,1,0,-1,0,0,0,nan,nan,0,0,nan,nan,
1750921999.022168159,1,-0.272332757,-0.052727049,0.913108002,0.023435662,-0.279723328,0.006611533,0.959771805,947,678,432,1.338172192,1.200459859,0.750348260,0.814582337,0.108485908,1,0,ok,map,678,432,1012,0,ok,53,TRACKING,197,0,0,-1,0,0,0,nan,nan,0,0,nan,nan,
1750921999.034168243,1,-0.259939569,-0.054816404,0.889983734,0.024158014,-0.272960641,0.007915610,0.961689254,975,671,405,1.502749351,1.403561848,0.715030719,0.823411744,0.122264111,1,0,ok,map,671,405,1012,0,ok,25,TRACKING,197,0,0,-1,0,0,0,nan,nan,0,0,nan,nan,
1750921999.046168327,1,-0.250839527,-0.054254375,0.871869282,0.023319127,-0.266599894,0.007698606,0.963494394,960,648,380,1.646566180,1.570180843,0.632833851,0.764151479,0.155476642,1,0,ok,map,648,380,1012,0,ok,40,TRACKING,197,0,0,-1,0,0,0,nan,nan,0,0,nan,nan,
1750921999.058168411,1,-0.240766023,-0.058240899,0.850639156,0.022302846,-0.260648772,0.006028745,0.965157218,974,637,345,1.745183998,1.651668646,0.540307413,0.742658041,0.374568253,1,0,ok,map,637,345,1012,0,ok,26,TRACKING,197,0,0,-1,0,0,0,nan,nan,0,0,nan,nan,
1750921999.070168495,1,-0.232204268,-0.055657684,0.823786408,0.019775632,-0.254222862,0.005032810,0.966930366,963,617,320,1.774529059,1.705523757,0.587137001,0.824862625,0.283724663,1,0,ok,map,617,320,1012,0,ok,37,TRACKING,197,0,0,-1,0,0,0,nan,nan,0,0,nan,nan,
1750921999.082168579,1,-0.222440792,-0.050261403,0.810708365,0.020194691,-0.248523491,0.004894639,0.968402959,963,598,272,1.852070393,1.748987706,0.633946568,0.793286652,0.266141537,1,0,ok,map,598,272,1012,0,ok,37,TRACKING,198,1,0,-1,0,0,0,nan,nan,0,0,nan,nan,
1750921999.094168663,1,-0.217717361,-0.053052133,0.792663016,0.022224603,-0.241742049,0.005433105,0.970070786,947,673,404,1.817378905,1.558459577,0.852528633,0.835657133,0.475657112,1,0,ok,map,673,404,946,0,ok,53,TRACKING,198,0,0,-1,0,0,0,nan,nan,0,0,nan,nan,
1750921999.106168747,1,-0.202469868,-0.054211195,0.768441510,0.023390630,-0.235005358,0.005962985,0.971694295,963,659,332,1.551790508,1.428275114,1.053917727,0.807520002,0.420096320,1,0,ok,map,659,332,946,0,ok,37,TRACKING,198,0,0,-1,0,0,0,nan,nan,0,0,nan,nan,
1750921999.118168831,1,-0.197425281,-0.053681528,0.759558930,0.022343955,-0.228539325,0.004791728,0.973266440,978,649,303,1.634781538,1.522181827,0.542749273,0.783497840,0.263787467,1,0,ok,map,649,303,946,0,ok,22,TRACKING,198,0,0,-1,0,0,0,nan,nan,0,0,nan,nan,
1750921999.130168915,1,-0.187209095,-0.055205002,0.721428778,0.021252462,-0.221944073,0.004336234,0.974818116,954,619,295,1.608527044,1.436248588,0.665184665,0.788137233,0.306198468,1,0,ok,map,619,295,946,0,ok,46,TRACKING,198,0,0,-1,0,0,0,nan,nan,0,0,nan,nan,
1750921999.142168999,1,-0.180451156,-0.055655977,0.704199316,0.020890793,-0.216404861,0.004971378,0.976067516,937,590,302,1.619250320,1.485395515,0.734382552,0.788473573,0.297901835,1,0,ok,map,590,302,946,0,ok,63,TRACKING,199,1,0,-1,0,0,0,nan,nan,0,0,nan,nan,
1750921999.154169083,1,-0.173253843,-0.051112197,0.683677088,0.019798788,-0.209812900,0.004600053,0.977530253,956,677,391,1.534129426,1.264729406,0.736105617,0.784965503,0.315279867,1,0,ok,map,677,391,983,0,ok,44,TRACKING,199,0,0,-1,0,0,0,nan,nan,0,0,nan,nan,
1750921999.166169167,1,-0.163260650,-0.052481504,0.655893010,0.020988383,-0.203143565,0.004647001,0.978912961,932,640,346,1.601294365,1.360518382,0.717236793,0.792336087,0.238943454,1,0,ok,map,640,346,983,1,ok,68,TRACKING,199,0,0,-1,0,0,0,nan,nan,0,0,nan,nan,
1750921999.178169250,1,-0.156903832,-0.054442773,0.640824403,0.022682211,-0.196349578,0.004857174,0.980259541,965,629,295,1.540590054,1.361720854,0.749165895,0.817424122,0.214840677,1,0,ok,map,629,295,983,0,ok,35,TRACKING,199,0,0,-1,0,0,0,nan,nan,0,0,nan,nan,
1750921999.190169334,1,-0.148340708,-0.052270725,0.614316688,0.022726337,-0.189557679,0.004816740,0.981594722,924,587,266,1.626810475,1.446606741,1.225944362,0.793221768,0.465970332,1,0,ok,map,587,266,983,0,ok,76,TRACKING,199,0,0,-1,0,0,0,nan,nan,0,0,nan,nan,
1750921999.202169418,1,-0.143159290,-0.052689394,0.593119939,0.023761204,-0.184102870,0.003874942,0.982612092,936,572,289,1.448569177,1.346635316,0.876083774,0.785235936,0.140538128,1,0,ok,map,572,289,983,0,ok,64,TRACKING,200,1,0,-1,0,0,0,nan,nan,0,0,nan,nan,
1750921999.214169502,1,-0.137671197,-0.054431599,0.573343526,0.024225401,-0.177505892,0.003886975,0.983813844,941,649,421,1.221262287,1.045815491,0.759059192,0.770240465,0.143037194,1,0,ok,map,649,421,986,0,ok,59,TRACKING,200,0,0,-1,0,0,0,nan,nan,0,0,nan,nan,
1750921999.226169586,1,-0.132629236,-0.056499289,0.549553418,0.023363455,-0.170439899,0.005163976,0.985077521,966,635,389,1.411308381,1.226450394,0.698652342,0.841285095,0.249681165,1,0,ok,map,635,389,986,0,ok,34,TRACKING,200,0,0,-1,0,0,0,nan,nan,0,0,nan,nan,
1750921999.238169670,1,-0.125997837,-0.055925383,0.543650366,0.022293866,-0.164042711,0.003939258,0.986193416,964,621,354,1.364243497,1.195858369,0.776733711,0.767107745,0.192822124,1,0,ok,map,621,354,986,0,ok,36,TRACKING,200,0,0,-1,0,0,0,nan,nan,0,0,nan,nan,
1750921999.250169754,1,-0.119372206,-0.049712450,0.515061885,0.022130111,-0.157256824,0.003417517,0.987303839,916,590,329,1.466889829,1.272281871,0.896059822,0.790436966,0.309351156,1,0,ok,map,590,329,986,0,ok,84,TRACKING,200,0,0,-1,0,0,0,nan,nan,0,0,nan,nan,
1750921999.262169838,1,-0.113974478,-0.053611831,0.496352958,0.024016249,-0.151789123,0.002433274,0.988118091,903,547,325,1.465313502,1.241731578,0.770036543,0.802685199,0.276247563,1,0,ok,map,547,325,986,0,ok,97,TRACKING,201,1,0,-1,0,0,0,nan,nan,0,0,nan,nan,
1750921999.274169922,1,-0.110025105,-0.052966742,0.475338924,0.024011234,-0.144792159,0.002749627,0.989166887,915,597,434,1.293382085,1.076901083,0.653314268,0.811562169,0.334271327,1,0,ok,map,597,434,943,0,ok,85,TRACKING,201,0,0,-1,0,0,0,nan,nan,0,0,nan,nan,
1750921999.286170006,1,-0.105307734,-0.053026362,0.453063129,0.024267619,-0.137517319,0.004137932,0.990193389,948,592,412,1.323910204,1.182959996,0.750479295,0.857297964,0.180173660,1,0,ok,map,592,412,943,0,ok,52,TRACKING,201,0,0,-1,0,0,0,nan,nan,0,0,nan,nan,
1750921999.298170090,1,-0.098338883,-0.054326449,0.427246153,0.025158237,-0.130704150,0.003667687,0.991095372,958,589,406,1.368818186,1.226897263,0.911709866,0.795956670,0.229526709,1,0,ok,map,589,406,943,0,ok,42,TRACKING,201,0,0,-1,0,0,0,nan,nan,0,0,nan,nan,
1750921999.310170174,1,-0.096719654,-0.055606332,0.412361879,0.024329773,-0.124023278,0.001713626,0.991979512,977,585,370,1.391634676,1.233819658,0.588611510,0.809641682,0.395631631,1,0,ok,map,585,370,943,0,ok,23,TRACKING,201,0,0,-1,0,0,0,nan,nan,0,0,nan,nan,
1750921999.322170258,1,-0.092477982,-0.056877615,0.383367446,0.024013613,-0.118357193,0.001392703,0.992679697,959,577,376,1.379277045,1.208906092,0.936868688,0.818772418,0.230181643,1,0,ok,map,577,376,943,1,ok,41,TRACKING,202,1,0,-1,0,0,0,nan,nan,0,0,nan,nan,
1750921999.334170341,1,-0.088977692,-0.055626102,0.365288275,0.024049440,-0.111262593,0.001848952,0.993498284,974,657,499,1.258345471,1.090739582,0.828904501,0.820055393,0.249869467,1,0,ok,map,657,499,913,0,ok,26,TRACKING,202,0,0,-1,0,0,0,nan,nan,0,0,nan,nan,
1750921999.346170425,1,-0.087114817,-0.056817840,0.342363409,0.024707826,-0.104133402,0.002598478,0.994252989,972,657,492,1.295758066,1.167005851,0.804030729,0.829427868,0.041066883,1,0,ok,map,657,492,913,1,ok,28,TRACKING,202,0,0,-1,0,0,0,nan,nan,0,0,nan,nan,
1750921999.358170509,1,-0.083161419,-0.055293455,0.322179047,0.024807404,-0.097029095,0.002635705,0.994968844,982,656,466,1.327948351,1.206198756,0.696962816,0.818308377,0.153368223,1,0,ok,map,656,466,913,0,ok,18,TRACKING,202,0,0,-1,0,0,0,nan,nan,0,0,nan,nan,
1750921999.370170593,1,-0.080925803,-0.055995230,0.298597621,0.024806196,-0.090281581,0.001691241,0.995605860,982,654,483,1.370086331,1.267936958,0.772657351,0.784152446,0.053304962,1,0,ok,map,654,483,913,0,ok,18,TRACKING,202,0,0,-1,0,0,0,nan,nan,0,0,nan,nan,
1750921999.382170677,1,-0.078479198,-0.055652404,0.278656324,0.024765844,-0.083391134,0.001965341,0.996207162,981,653,464,1.287004696,1.125864072,0.726313448,0.793224991,0.070096763,1,0,ok,map,653,464,913,0,ok,19,TRACKING,202,0,0,-1,0,0,0,nan,nan,0,0,nan,nan,
1750921999.394170761,1,-0.076649603,-0.057647205,0.255598095,0.024543837,-0.076510835,0.002309274,0.996763944,973,652,458,1.311613607,1.159437328,0.718292378,0.792392872,0.125208488,1,0,ok,map,652,458,913,0,ok,27,TRACKING,202,0,0,-1,0,0,0,nan,nan,0,0,nan,nan,
1750921999.406170845,1,-0.073868985,-0.057581426,0.238535603,0.023401921,-0.069728574,0.001653988,0.997290098,972,648,429,1.332933069,1.249543691,0.733725046,0.793991973,0.260370654,1,0,ok,map,648,429,913,0,ok,28,TRACKING,202,0,0,-1,0,0,0,nan,nan,0,0,nan,nan,
1750921999.418170929,1,-0.073668480,-0.054948952,0.208729601,0.022152300,-0.063059061,0.001944621,0.997762020,982,646,409,1.393007159,1.337101190,0.634119683,0.780159903,0.185175794,1,0,ok,map,646,409,913,0,ok,18,TRACKING,202,0,0,-1,0,0,0,nan,nan,0,0,nan,nan,
1750921999.430171013,1,-0.072154905,-0.056642152,0.190823049,0.022546837,-0.055890127,0.001949269,0.998180412,980,643,403,1.515287881,1.401847573,0.694177609,0.824140193,0.196933148,1,0,ok,map,643,403,913,0,ok,20,TRACKING,202,0,0,-1,0,0,0,nan,nan,0,0,nan,nan,
1750921999.442171097,1,-0.070812453,-0.057773813,0.172429085,0.023398578,-0.049289769,0.002540489,0.998507171,991,641,372,1.437205623,1.369818930,0.888732684,0.766536752,0.291494288,1,0,ok,map,641,372,913,0,ok,9,TRACKING,202,0,0,-1,0,0,0,nan,nan,0,0,nan,nan,
1750921999.454171181,1,-0.070161143,-0.058666905,0.150145489,0.023064340,-0.042043905,0.002802821,0.998845579,997,641,368,1.457368225,1.317787571,1.023983556,0.832646523,0.417235941,1,0,ok,map,641,368,913,0,ok,3,TRACKING,202,0,0,-1,0,0,0,nan,nan,0,0,nan,nan,
1750921999.466171265,1,-0.071348031,-0.058577502,0.128106599,0.021788259,-0.035840376,0.001366456,0.999119048,996,641,369,1.468305675,1.288862861,0.967846866,0.744847177,0.512818270,1,0,ok,map,641,369,913,0,ok,4,TRACKING,202,0,0,-1,0,0,0,nan,nan,0,0,nan,nan,
1750921999.478171349,1,-0.073109503,-0.058856493,0.097748636,0.021043931,-0.030320716,0.001119417,0.999318044,990,639,374,1.490772962,1.430055922,0.891220277,0.824173201,0.104785065,1,0,ok,map,639,374,913,0,ok,10,TRACKING,203,1,9,138,108,1,0,0.006313085,0.004382713,97,61,0.628865979,1.665935334,ok
1750921999.490171432,1,-0.092188443,-0.064019575,0.047967962,0.021084184,-0.023030404,0.002620464,0.999508975,994,776,361,1.935130333,1.908300952,1.061603125,0.853227314,0.593989629,1,0,ok,map,776,361,954,0,ok,6,TRACKING,203,0,0,-1,0,0,0,nan,nan,0,0,nan,nan,
1750921999.502171516,1,-0.096368648,-0.066156000,0.020160627,0.021178761,-0.016255699,0.001403686,0.999642557,993,776,325,2.306921335,1.953876546,1.721495106,0.788970602,1.533999375,1,0,ok,map,776,325,954,0,ok,7,TRACKING,203,0,0,-1,0,0,0,nan,nan,0,0,nan,nan,
1750921999.514171600,1,-0.099013285,-0.066108346,0.004447487,0.020521825,-0.009115519,0.000628092,0.999747652,986,772,321,2.077899611,1.994930127,1.296230302,0.826542413,1.538346544,1,0,ok,map,772,321,954,0,ok,14,TRACKING,203,0,0,-1,0,0,0,nan,nan,0,0,nan,nan,
1750921999.526171684,1,-0.095904683,-0.064501793,-0.023671293,0.021698058,-0.002065652,0.001872742,0.999760681,986,771,291,1.992178308,1.959188296,1.498173696,0.831351322,0.803388079,1,0,ok,map,771,291,954,0,ok,14,TRACKING,203,0,0,-1,0,0,0,nan,nan,0,0,nan,nan,
1750921999.538171768,1,-0.097306293,-0.067791783,-0.041495528,0.021908686,0.005186351,0.002790481,0.999742629,982,768,261,2.289985491,2.272350022,1.440978223,0.837998302,0.746069245,1,0,ok,map,768,261,954,0,ok,18,TRACKING,203,0,0,-1,0,0,0,nan,nan,0,0,nan,nan,
1750921999.550171852,1,-0.104578842,-0.069228185,-0.069428706,0.020203682,0.012089166,0.002485470,0.999719704,975,758,263,2.448896470,2.428465389,1.806643953,0.815531884,1.995937199,1,0,ok,map,758,263,954,0,ok,25,TRACKING,203,0,0,-1,0,0,0,nan,nan,0,0,nan,nan,
1750921999.562171936,1,-0.103073732,-0.069736193,-0.069816001,0.019125639,0.019112417,0.001376181,0.999633449,959,748,228,2.560151237,2.368807781,1.715153651,0.824154863,2.153719461,1,0,ok,map,748,228,954,0,ok,41,TRACKING,203,0,0,-1,0,0,0,nan,nan,0,0,nan,nan,
1750921999.574172020,1,-0.110971607,-0.069755679,-0.115016793,0.019284343,0.025635733,0.001539403,0.999484144,973,731,259,2.267425246,2.172401739,1.515929854,0.748168969,1.286950700,1,0,ok,map,731,259,954,0,ok,27,TRACKING,203,0,0,-1,0,0,0,nan,nan,0,0,nan,nan,
1750921999.586172104,1,-0.111621163,-0.067290975,-0.130481319,0.018706491,0.033125294,0.000711321,0.999275876,969,709,247,2.365184314,2.184436161,2.009149089,0.866336504,2.282460276,1,0,ok,map,709,247,954,0,ok,31,TRACKING,203,0,0,-1,0,0,0,nan,nan,0,0,nan,nan,
1750921999.598172188,1,-0.116930441,-0.071569221,-0.159231486,0.018434021,0.039779432,0.000980951,0.999037948,977,692,227,2.188373293,2.119249056,0.914140699,0.764260127,0.857995600,1,0,ok,map,692,227,954,0,ok,23,TRACKING,203,0,0,-1,0,0,0,nan,nan,0,0,nan,nan,
1750921999.610172272,1,-0.115680535,-0.069409483,-0.162016142,0.018574346,0.047125352,0.000442990,0.998716175,965,677,234,2.448645984,2.189298774,1.199939812,0.844994506,1.688051297,1,0,ok,map,677,234,954,0,ok,35,TRACKING,203,0,0,-1,0,0,0,nan,nan,0,0,nan,nan,
1750921999.622172356,1,-0.117114333,-0.066403910,-0.181785498,0.017898868,0.053875315,0.000359568,0.998387175,968,506,496,0.837976362,0.772028702,0.809123504,0.802636310,0.118621874,1,0,ok,vo_fallback,655,195,954,0,PnP rejected by IMU rotation prior: 3.412 deg,32,TRACKING,204,1,0,-1,0,0,0,nan,nan,0,0,nan,nan,
1750921999.634172440,1,-0.121747070,-0.065832830,-0.205598672,0.016947950,0.060832644,-0.000954095,0.998003630,935,713,340,1.575693600,1.500081002,0.548567977,0.819804057,0.642730392,1,0,ok,map,713,340,958,1,ok,65,TRACKING,204,0,0,-1,0,0,0,nan,nan,0,0,nan,nan,
1750921999.646172523,1,-0.125171952,-0.064746640,-0.223216069,0.015647747,0.068117606,-0.000407759,0.997554497,972,709,335,1.920920983,1.833204608,0.184026513,0.851852813,0.692942735,1,0,ok,map,709,335,958,0,ok,28,TRACKING,204,0,0,-1,0,0,0,nan,nan,0,0,nan,nan,
1750921999.658172607,1,-0.133095047,-0.066324460,-0.252749324,0.017139815,0.075234679,0.000197985,0.997018521,967,701,308,1.912400542,1.803206409,0.961693289,0.838426804,0.835083814,1,0,ok,map,701,308,958,0,ok,33,TRACKING,204,0,0,-1,0,0,0,nan,nan,0,0,nan,nan,
1750921999.670172691,1,-0.135313697,-0.066426038,-0.270740362,0.019488645,0.082479524,-0.000324963,0.996402135,959,690,304,1.680823512,1.587331579,0.859129188,0.877643220,0.538711251,1,0,ok,map,690,304,958,0,ok,41,TRACKING,204,0,0,-1,0,0,0,nan,nan,0,0,nan,nan,
1750921999.682172775,1,-0.143107477,-0.068554718,-0.297392872,0.018616419,0.089113582,-0.000786186,0.995847167,974,680,262,2.052321504,1.818580679,1.915670348,0.771196852,2.150389715,1,0,ok,map,680,262,958,0,ok,26,TRACKING,204,0,0,-1,0,0,0,nan,nan,0,0,nan,nan,
1750921999.694172859,1,-0.150297945,-0.066953896,-0.323039754,0.017188728,0.096615721,-0.001994927,0.995171327,975,667,255,1.954840633,1.862176537,0.555953570,0.889384869,1.006852294,1,0,ok,map,667,255,958,0,ok,25,TRACKING,204,0,0,-1,0,0,0,nan,nan,0,0,nan,nan,
1750921999.706172943,1,-0.151887076,-0.067087120,-0.333680630,0.018694299,0.103438825,-0.001235648,0.994459354,962,651,251,1.665995999,1.616401197,0.732189507,0.809515418,0.297937509,1,0,ok,map,651,251,958,0,ok,38,TRACKING,204,0,0,-1,0,0,0,nan,nan,0,0,nan,nan,
1750921999.718173027,1,-0.161391594,-0.069750913,-0.360579876,0.017470912,0.110477097,-0.001655987,0.993723722,959,624,241,1.906500102,1.761071541,0.855967447,0.824358726,0.876986186,1,0,ok,map,624,241,958,0,ok,41,TRACKING,204,0,0,-1,0,0,0,nan,nan,0,0,nan,nan,
1750921999.730173111,1,-0.164154414,-0.070518115,-0.378418491,0.014816722,0.117298529,-0.001957288,0.992984234,969,606,232,1.937809081,1.788992129,1.010528267,0.843743596,1.095412504,1,0,ok,map,606,232,958,0,ok,31,TRACKING,204,0,0,-1,0,0,0,nan,nan,0,0,nan,nan,
1750921999.742173195,1,-0.166874011,-0.062496866,-0.392864826,0.015354218,0.124294056,-0.002688384,0.992122980,957,589,196,1.927142621,1.788811364,0.977626110,0.811512963,0.911885792,1,0,ok,map,589,196,958,0,ok,43,TRACKING,205,1,0,-1,0,0,0,nan,nan,0,0,nan,nan,
1750921999.754173279,1,-0.174421984,-0.062736053,-0.414635725,0.017261488,0.131256036,-0.003337749,0.991192592,961,723,348,1.245503876,1.083756506,0.879174207,0.837337251,0.126846079,1,0,ok,map,723,348,1038,0,ok,39,TRACKING,205,0,0,-1,0,0,0,nan,nan,0,0,nan,nan,
1750921999.766173363,1,-0.183299043,-0.064454108,-0.438130731,0.018409498,0.138533258,-0.002868894,0.990182507,966,703,343,1.401418603,1.297423880,0.847421379,0.853812811,0.098567011,1,0,ok,map,703,343,1038,0,ok,34,TRACKING,205,0,0,-1,0,0,0,nan,nan,0,0,nan,nan,
1750921999.778173447,1,-0.189952205,-0.067372878,-0.458758274,0.018718509,0.145430622,-0.003491895,0.989185199,956,674,312,1.705217957,1.546227388,0.688596100,0.802567034,0.317025058,1,0,ok,map,674,312,1038,0,ok,44,TRACKING,205,0,0,-1,0,0,0,nan,nan,0,0,nan,nan,
1750921999.790173531,1,-0.197442562,-0.068651220,-0.476756337,0.016992403,0.152008341,-0.004445302,0.988223134,959,647,275,1.615661895,1.506077100,0.552031931,0.794579583,0.453295325,1,0,ok,map,647,275,1038,0,ok,41,TRACKING,205,0,0,-1,0,0,0,nan,nan,0,0,nan,nan,
1750921999.802173615,1,-0.205979260,-0.070055907,-0.500585921,0.013213510,0.159154429,-0.003652226,0.987158514,974,625,267,1.870220031,1.681051616,1.110712322,0.938737600,1.094588277,1,0,ok,map,625,267,1038,0,ok,26,TRACKING,205,0,0,-1,0,0,0,nan,nan,0,0,nan,nan,
1750921999.814173698,1,-0.215157952,-0.063739131,-0.529038107,0.012217181,0.166339378,-0.003256210,0.985987499,956,593,153,2.028993767,1.891072994,1.641025394,0.814512621,1.198333663,1,0,ok,map,593,153,1038,0,ok,44,TRACKING,206,1,0,-1,0,0,0,nan,nan,0,0,nan,nan,
1750921999.826173782,1,-0.222254008,-0.066050386,-0.544432270,0.015974885,0.173036410,-0.005904832,0.984768164,945,633,222,1.512283825,1.298277323,1.292989262,0.941276962,0.758681776,1,0,ok,map,633,222,1089,0,ok,55,TRACKING,206,0,0,-1,0,0,0,nan,nan,0,0,nan,nan,
1750921999.838173866,1,-0.227259657,-0.066673346,-0.561155256,0.018221860,0.180478318,-0.005535745,0.983394578,950,606,223,1.570758001,1.515984532,0.739543288,0.905593638,0.254458073,1,0,ok,map,606,223,1089,0,ok,50,TRACKING,206,0,0,-1,0,0,0,nan,nan,0,0,nan,nan,
1750921999.850173950,1,-0.238462895,-0.066879785,-0.582225071,0.016954566,0.187643618,-0.006000173,0.982072509,959,583,203,1.737072188,1.712931915,0.778222297,0.849148728,0.228615907,1,0,ok,map,583,203,1089,0,ok,41,TRACKING,206,0,0,-1,0,0,0,nan,nan,0,0,nan,nan,
1750921999.862174034,1,-0.246195665,-0.069240398,-0.605127848,0.015031499,0.194564555,-0.006890797,0.980750327,944,541,178,1.672263209,1.577593480,0.939346631,0.843157066,0.458813407,1,0,ok,map,541,178,1089,0,ok,56,TRACKING,206,0,0,-1,0,0,0,nan,nan,0,0,nan,nan,
1750921999.874174118,1,-0.254798120,-0.066580098,-0.623953152,0.013187442,0.201567578,-0.006675623,0.979363078,988,540,206,1.799103964,1.680464885,0.932295382,0.795964305,0.481281713,1,0,ok,map,540,206,1089,0,ok,12,TRACKING,207,1,0,-1,0,0,0,nan,nan,0,0,nan,nan,
1750921999.886174202,1,-0.266709002,-0.065889131,-0.646972416,0.012792908,0.208199100,-0.007289370,0.977975634,979,585,293,1.301152925,1.097150614,0.953979278,0.780860542,0.252318887,1,0,ok,map,585,293,1079,0,ok,21,TRACKING,207,0,0,-1,0,0,0,nan,nan,0,0,nan,nan,
1750921999.898174286,1,-0.274827411,-0.064588952,-0.662373824,0.013620863,0.215016160,-0.007297325,0.976488234,971,576,287,1.422425073,1.203198456,0.801535802,0.805167345,0.224130792,1,0,ok,map,576,287,1079,0,ok,29,TRACKING,207,0,0,-1,0,0,0,nan,nan,0,0,nan,nan,
1750921999.910174370,1,-0.287413759,-0.065979222,-0.684107767,0.014542414,0.221849418,-0.007197199,0.974945924,985,572,265,1.422097804,1.283302515,0.775272422,0.809730388,0.220386184,1,0,ok,map,572,265,1079,0,ok,15,TRACKING,207,0,0,-1,0,0,0,nan,nan,0,0,nan,nan,
1750921999.922174454,1,-0.297136382,-0.070771254,-0.702586791,0.015535195,0.228794273,-0.008127089,0.973316901,978,566,248,1.480104661,1.366132867,1.000665678,0.832153079,0.212032219,1,0,ok,map,566,248,1079,0,ok,22,TRACKING,207,0,0,-1,0,0,0,nan,nan,0,0,nan,nan,
1750921999.934174538,1,-0.306725312,-0.066340973,-0.725439568,0.013355465,0.235525999,-0.009450020,0.971730329,978,561,241,1.520327873,1.462093506,0.980495178,0.776508060,0.338063778,1,0,ok,map,561,241,1079,0,ok,22,TRACKING,208,1,0,-1,0,0,0,nan,nan,0,0,nan,nan,
1750921999.946174622,1,-0.317071124,-0.066826415,-0.741519770,0.011849897,0.242136712,-0.009588091,0.970122395,975,586,325,1.272825595,1.052543664,0.738456310,0.798637958,0.189417710,1,0,ok,map,586,325,942,0,ok,25,TRACKING,208,0,0,-1,0,0,0,nan,nan,0,0,nan,nan,
1750921999.958174706,1,-0.329927633,-0.066620233,-0.761974908,0.012111765,0.248915483,-0.008861138,0.968408936,966,579,318,1.333482833,1.210347142,0.785268874,0.806100282,0.072510028,1,0,ok,map,579,318,942,0,ok,34,TRACKING,208,0,0,-1,0,0,0,nan,nan,0,0,nan,nan,
1750921999.970174789,1,-0.339293383,-0.066538531,-0.778795696,0.012845924,0.255522807,-0.008583461,0.966679575,959,557,293,1.403627247,1.279577358,0.873193819,0.787800859,0.228954075,1,0,ok,map,557,293,942,0,ok,41,TRACKING,208,0,0,-1,0,0,0,nan,nan,0,0,nan,nan,
1750921999.982174873,1,-0.351493677,-0.065430114,-0.797749701,0.013908790,0.262006019,-0.009707893,0.964917172,914,509,279,1.369451143,1.196915600,0.824513141,0.790036551,0.178505847,1,0,ok,map,509,279,942,0,ok,86,TRACKING,208,0,0,-1,0,0,0,nan,nan,0,0,nan,nan,
1750921999.994174957,1,-0.361120134,-0.064441674,-0.814693641,0.014022760,0.269110854,-0.010812004,0.962946422,976,501,272,1.352496153,1.281195892,0.820540976,0.805548950,0.224436199,1,0,ok,map,501,272,942,0,ok,24,TRACKING,209,1,0,-1,0,0,0,nan,nan,0,0,nan,nan,
1750922000.006175041,1,-0.372981531,-0.066139519,-0.832126644,0.013638705,0.275677762,-0.011417335,0.961085533,983,522,339,1.189523010,1.048096090,0.726110285,0.786446308,0.109560182,1,0,ok,map,522,339,777,0,ok,17,TRACKING,209,0,0,-1,0,0,0,nan,nan,0,0,nan,nan,
1750922000.018175125,1,-0.385417849,-0.066298703,-0.850154177,0.012070065,0.282262667,-0.011734844,0.959189446,973,514,324,1.264040295,1.156488164,0.747053410,0.806367819,0.093464666,1,0,ok,map,514,324,777,0,ok,27,TRACKING,209,0,0,-1,0,0,0,nan,nan,0,0,nan,nan,
1750922000.030175209,1,-0.399704170,-0.066511389,-0.867687785,0.011660874,0.288876763,-0.011488074,0.957226339,983,511,310,1.422935968,1.327110373,0.635603187,0.792494629,0.273142509,1,0,ok,map,511,310,777,0,ok,17,TRACKING,209,0,0,-1,0,0,0,nan,nan,0,0,nan,nan,
1750922000.042175293,1,-0.413803628,-0.064938341,-0.886495886,0.011799064,0.295185234,-0.012101317,0.955290541,973,502,284,1.341204792,1.271579813,0.732914588,0.759591137,0.264518823,1,0,ok,map,502,284,777,0,ok,27,TRACKING,209,0,0,-1,0,0,0,nan,nan,0,0,nan,nan,
1750922000.054175377,1,-0.421351494,-0.063771448,-0.899443573,0.012226066,0.302386797,-0.012570445,0.953023993,962,495,287,1.408308149,1.315570715,0.765721721,0.818659023,0.079381213,1,0,ok,map,495,287,777,0,ok,38,TRACKING,210,1,0,-1,0,0,0,nan,nan,0,0,nan,nan,
1750922000.066175461,1,-0.434369157,-0.064031616,-0.915536367,0.012173398,0.309042397,-0.013024960,0.950881147,965,506,338,1.189009294,0.987822844,0.798356206,0.802945617,0.105467574,1,0,ok,map,506,338,616,0,ok,35,TRACKING,210,0,0,-1,0,0,0,nan,nan,0,0,nan,nan,
1750922000.078175545,1,-0.448618367,-0.063011182,-0.933856016,0.012363000,0.315847094,-0.012837250,0.948642701,974,505,327,1.236895288,1.066277134,0.815743255,0.821437972,0.095644933,1,0,ok,map,505,327,616,0,ok,26,TRACKING,210,0,0,-1,0,0,0,nan,nan,0,0,nan,nan,
1750922000.090175629,1,-0.460642669,-0.064584567,-0.947604230,0.013625313,0.322307974,-0.013144173,0.946445535,959,494,300,1.310859933,1.167616397,0.707875800,0.796047149,0.277165145,1,0,ok,map,494,300,616,0,ok,41,TRACKING,210,0,0,-1,0,0,0,nan,nan,0,0,nan,nan,
1750922000.102175713,1,-0.480110000,-0.065004018,-0.969116414,0.012754104,0.328846543,-0.014450134,0.944186675,866,444,296,1.360763485,1.191372350,0.924595890,0.812874152,0.128625776,1,0,ok,map,444,296,616,0,ok,134,TRACKING,210,0,0,-1,0,0,0,nan,nan,0,0,nan,nan,
1750922000.114175797,1,-0.489347607,-0.062793813,-0.981796837,0.010513295,0.336105039,-0.015719922,0.941634620,921,443,298,1.396852033,1.239685022,0.865561086,0.832224079,0.119855052,1,0,ok,map,443,298,616,0,ok,79,TRACKING,211,1,0,-1,0,0,0,nan,nan,0,0,nan,nan,
1750922000.126175880,1,-0.502364866,-0.062126504,-0.995061553,0.011034418,0.342710720,-0.015801818,0.939243263,953,462,353,1.167209978,0.969718813,0.688316016,0.807298060,0.119579423,1,0,ok,map,462,353,592,0,ok,47,TRACKING,211,0,0,-1,0,0,0,nan,nan,0,0,nan,nan,
1750922000.138175964,1,-0.518085650,-0.062584982,-1.010569552,0.011671147,0.349607249,-0.015153794,0.936701083,975,459,345,1.235701938,1.097228789,0.822000554,0.848677242,0.114127750,1,0,ok,map,459,345,592,0,ok,25,TRACKING,211,0,0,-1,0,0,0,nan,nan,0,0,nan,nan,
1750922000.150176048,1,-0.533133922,-0.062896398,-1.026297153,0.013079642,0.356321539,-0.014878281,0.934153371,977,452,342,1.297480013,1.209011363,0.768058019,0.839202474,0.103652312,1,0,ok,map,452,342,592,0,ok,23,TRACKING,211,0,0,-1,0,0,0,nan,nan,0,0,nan,nan,
1750922000.162176132,1,-0.548338007,-0.064143651,-1.042070487,0.012657840,0.362507677,-0.015973548,0.931757913,966,444,319,1.313268113,1.222988818,0.748710295,0.771978296,0.110122458,1,0,ok,map,444,319,592,0,ok,34,TRACKING,211,0,0,-1,0,0,0,nan,nan,0,0,nan,nan,
1750922000.174176216,1,-0.562450625,-0.062606453,-1.056991337,0.010273687,0.369669142,-0.016238015,0.928964748,949,428,308,1.317236258,1.193899612,0.874570063,0.814950077,0.136892717,1,0,ok,map,428,308,592,0,ok,51,TRACKING,212,1,0,-1,0,0,0,nan,nan,0,0,nan,nan,
1750922000.186176300,1,-0.576366732,-0.061740102,-1.069484528,0.009896396,0.376102388,-0.016047212,0.926386281,975,469,385,1.165726146,0.989467587,0.696933986,0.795682081,0.123429385,1,0,ok,map,469,385,593,0,ok,25,TRACKING,212,0,0,-1,0,0,0,nan,nan,0,0,nan,nan,
1750922000.198176384,1,-0.595073830,-0.062308922,-1.087113283,0.010256334,0.382637676,-0.016477128,0.923694604,971,463,358,1.163262624,1.073627559,0.795560124,0.812467204,0.068406550,1,0,ok,map,463,358,593,0,ok,29,TRACKING,212,0,0,-1,0,0,0,nan,nan,0,0,nan,nan,
1750922000.210176468,1,-0.611244447,-0.063260300,-1.100770684,0.010823756,0.389262024,-0.015922493,0.920925837,953,458,361,1.298329918,1.168294093,0.820651614,0.827743596,0.111353709,1,0,ok,map,458,361,593,0,ok,47,TRACKING,212,0,0,-1,0,0,0,nan,nan,0,0,nan,nan,
1750922000.222176552,1,-0.628647150,-0.064869509,-1.114798852,0.010849622,0.395506704,-0.015707349,0.918264674,951,456,353,1.359832604,1.261480588,0.742804077,0.778252485,0.191294048,1,0,ok,map,456,353,593,0,ok,49,TRACKING,212,0,0,-1,0,0,0,nan,nan,0,0,nan,nan,
1750922000.234176636,1,-0.640082857,-0.062311635,-1.124742886,0.008271732,0.402559064,-0.015514480,0.915225152,889,451,317,1.362265561,1.232408269,0.652205307,0.811693162,0.239238884,1,0,ok,map,451,317,593,0,ok,111,TRACKING,213,1,8,12,124,1,0,0.006848566,0.004543241,106,66,0.622641509,1.712969868,ok
1750922000.246176720,1,-0.660167627,-0.060664055,-1.143378398,0.007342574,0.408706361,-0.016247533,0.912491761,960,494,353,1.438729080,1.295179755,0.792172351,0.782766638,0.226054199,1,0,ok,map,494,353,581,0,ok,40,TRACKING,213,0,0,-1,0,0,0,nan,nan,0,0,nan,nan,
1750922000.258176804,1,-0.683911754,-0.058899692,-1.162959042,0.008150197,0.414959613,-0.017034261,0.909643847,964,491,348,1.575055955,1.445671400,1.048509152,0.797915900,0.439479732,1,0,ok,map,491,348,581,0,ok,36,TRACKING,213,0,0,-1,0,0,0,nan,nan,0,0,nan,nan,
1750922000.270176888,1,-0.697657943,-0.061691262,-1.174490696,0.009338608,0.421494847,-0.016712902,0.906628680,971,484,329,1.623058840,1.527758144,1.087013604,0.836725044,0.386108761,1,0,ok,map,484,329,581,0,ok,29,TRACKING,213,0,0,-1,0,0,0,nan,nan,0,0,nan,nan,
1750922000.282176971,1,-0.713794803,-0.060053951,-1.187050762,0.009869098,0.427837851,-0.016378856,0.903653201,975,482,315,1.676796100,1.647727293,1.102166260,0.806063322,0.512739396,1,0,ok,map,482,315,581,0,ok,25,TRACKING,213,0,0,-1,0,0,0,nan,nan,0,0,nan,nan,
1750922000.294177055,1,-0.727708731,-0.061027875,-1.194985809,0.009873682,0.434209196,-0.017052865,0.900596516,957,477,310,1.567120501,1.523717976,0.844178366,0.766525783,0.122062705,1,0,ok,map,477,310,581,0,ok,43,TRACKING,214,1,0,-1,0,0,0,nan,nan,0,0,nan,nan,
1750922000.306177139,1,-0.743066264,-0.061535931,-1.207020205,0.007987594,0.440296093,-0.018288482,0.897630815,962,539,388,1.200112639,1.015013924,0.722652563,0.817785419,0.233101325,1,0,ok,map,539,388,606,0,ok,38,TRACKING,214,0,0,-1,0,0,0,nan,nan,0,0,nan,nan,
1750922000.318177223,1,-0.762769922,-0.060733642,-1.220736076,0.007955841,0.446686277,-0.018124667,0.894471672,960,531,385,1.346782565,1.200280456,0.862330422,0.817084448,0.245249386,1,0,ok,map,531,385,606,0,ok,40,TRACKING,214,0,0,-1,0,0,0,nan,nan,0,0,nan,nan,
1750922000.330177307,1,-0.784422560,-0.060414514,-1.234729423,0.008951866,0.452921804,-0.018825776,0.891306509,966,515,364,1.375520636,1.245915669,0.944765192,0.813389258,0.259345830,1,0,ok,map,515,364,606,0,ok,34,TRACKING,214,0,0,-1,0,0,0,nan,nan,0,0,nan,nan,
1750922000.342177391,1,-0.795878296,-0.060877037,-1.242777110,0.008719545,0.458863609,-0.019155321,0.888257413,967,509,349,1.378778378,1.205036688,0.788687103,0.766691827,0.207319360,1,0,ok,map,509,349,606,0,ok,33,TRACKING,214,0,0,-1,0,0,0,nan,nan,0,0,nan,nan,
1750922000.354177475,1,-0.816088271,-0.059784321,-1.252811166,0.007642784,0.465587049,-0.018355290,0.884778713,965,499,346,1.489050492,1.385795238,0.886320048,0.828017817,0.310323691,1,0,ok,map,499,346,606,0,ok,35,TRACKING,215,1,0,-1,0,0,0,nan,nan,0,0,nan,nan,
1750922000.366177559,1,-0.830361814,-0.059187060,-1.261325811,0.008725652,0.471826874,-0.018792481,0.881447733,904,497,373,1.157121521,1.014980704,0.758512114,0.821508854,0.127778412,1,0,ok,map,497,373,563,0,ok,96,TRACKING,215,0,0,-1,0,0,0,nan,nan,0,0,nan,nan,
1750922000.378177643,1,-0.853996447,-0.059199199,-1.275503726,0.010056481,0.478117436,-0.018629771,0.878040726,947,486,354,1.229762496,1.036307055,0.850000454,0.834055596,0.128029499,1,0,ok,map,486,354,563,0,ok,53,TRACKING,215,0,0,-1,0,0,0,nan,nan,0,0,nan,nan,
1750922000.390177727,1,-0.868437909,-0.059414280,-1.284525108,0.009733757,0.484242037,-0.019222404,0.874668739,973,482,360,1.324108618,1.178412602,0.735455922,0.804891307,0.129845315,1,0,ok,map,482,360,563,0,ok,27,TRACKING,215,0,0,-1,0,0,0,nan,nan,0,0,nan,nan,
1750922000.402177811,1,-0.891629479,-0.061128029,-1.296728703,0.009195929,0.490280740,-0.020206024,0.871281784,979,476,355,1.337826479,1.219636629,0.765351296,0.803730264,0.248410591,1,0,ok,map,476,355,563,0,ok,21,TRACKING,215,0,0,-1,0,0,0,nan,nan,0,0,nan,nan,
1750922000.414177895,1,-0.903014649,-0.061038296,-1.303212233,0.008934396,0.496817179,-0.019173965,0.867597387,970,465,338,1.368084215,1.222304463,0.802045194,0.826196165,0.296072156,1,0,ok,map,465,338,563,0,ok,30,TRACKING,216,1,0,-1,0,0,0,nan,nan,0,0,nan,nan,
1750922000.426177979,1,-0.920317309,-0.060666264,-1.312202318,0.008205335,0.502749506,-0.019705307,0.864168564,971,501,398,1.100805390,0.890739004,0.689271886,0.791954265,0.146392525,1,0,ok,map,501,398,593,1,ok,29,TRACKING,216,0,0,-1,0,0,0,nan,nan,0,0,nan,nan,
1750922000.438178062,1,-0.940148918,-0.062357838,-1.321825194,0.007446570,0.508863658,-0.019940788,0.860583925,967,500,395,1.157403277,0.995009296,0.720734737,0.817254676,0.142530254,1,0,ok,map,500,395,593,0,ok,33,TRACKING,216,0,0,-1,0,0,0,nan,nan,0,0,nan,nan,
1750922000.450178146,1,-0.960420588,-0.059894314,-1.330819503,0.006798527,0.515069289,-0.020078816,0.856886369,971,500,384,1.209876505,1.047300084,0.757558737,0.831251091,0.147016472,1,0,ok,map,500,384,593,0,ok,29,TRACKING,216,0,0,-1,0,0,0,nan,nan,0,0,nan,nan,
1750922000.462178230,1,-0.978675225,-0.061236905,-1.339681860,0.008627357,0.521283910,-0.020843711,0.853085104,970,499,380,1.243931550,1.085551544,0.788696956,0.865155518,0.101506911,1,0,ok,map,499,380,593,0,ok,30,TRACKING,216,0,0,-1,0,0,0,nan,nan,0,0,nan,nan,
1750922000.474178314,1,-0.997463284,-0.060684085,-1.347622360,0.009419780,0.527430410,-0.020872152,0.849289576,974,498,382,1.308090853,1.149941682,0.747472508,0.800960859,0.211611319,1,0,ok,map,498,382,593,0,ok,26,TRACKING,217,1,0,-1,0,0,0,nan,nan,0,0,nan,nan,
1750922000.486178398,1,-1.017000712,-0.061960359,-1.356843191,0.009516391,0.533421597,-0.021559236,0.845521164,961,533,434,1.111957629,0.929941707,0.713940759,0.814945649,0.134414233,1,0,ok,map,533,434,624,0,ok,39,TRACKING,217,0,0,-1,0,0,0,nan,nan,0,0,nan,nan,
1750922000.498178482,1,-1.037463010,-0.061926834,-1.365122834,0.007370455,0.539132917,-0.022775848,0.841880416,894,518,400,1.281272728,1.074491646,0.580634097,0.826010756,0.280575545,1,0,ok,map,518,400,624,0,ok,106,TRACKING,217,0,0,-1,0,0,0,nan,nan,0,0,nan,nan,
1750922000.510178566,1,-1.053442456,-0.061793135,-1.371619973,0.005668895,0.545077134,-0.022561958,0.838063088,947,510,385,1.289323714,1.082044310,0.562126166,0.833034094,0.346176799,1,0,ok,map,510,385,624,0,ok,53,TRACKING,217,0,0,-1,0,0,0,nan,nan,0,0,nan,nan,
1750922000.522178650,1,-1.075084756,-0.062534635,-1.380401291,0.006942624,0.551033614,-0.022420661,0.834152906,948,505,390,1.304944860,1.167961591,0.728455564,0.829596659,0.314952533,1,0,ok,map,505,390,624,0,ok,52,TRACKING,217,0,0,-1,0,0,0,nan,nan,0,0,nan,nan,
1750922000.534178734,1,-1.089568893,-0.061870043,-1.384036938,0.007255418,0.557017587,-0.022014671,0.830177162,919,501,361,1.268695447,1.200760295,0.592132947,0.793668685,0.237665764,1,0,ok,map,501,361,624,0,ok,81,TRACKING,218,1,0,-1,0,0,0,nan,nan,0,0,nan,nan,
1750922000.546178818,1,-1.110233364,-0.063485444,-1.391866368,0.007571855,0.562903068,-0.021966522,0.826196269,950,543,411,1.079374952,0.883055386,0.657922057,0.815043751,0.202277599,1,0,ok,map,543,411,647,0,ok,50,TRACKING,218,0,0,-1,0,0,0,nan,nan,0,0,nan,nan,
1750922000.558178902,1,-1.131992007,-0.062845946,-1.399302740,0.006465856,0.568320269,-0.022439810,0.822475969,959,542,426,1.208321352,0.963834896,0.590833592,0.765572054,0.229722500,1,0,ok,map,542,426,647,0,ok,41,TRACKING,218,0,0,-1,0,0,0,nan,nan,0,0,nan,nan,
1750922000.570178986,1,-1.151712167,-0.061594513,-1.406829863,0.006017055,0.573901821,-0.022321481,0.818597731,969,541,392,1.163677471,0.993216631,0.645602891,0.780654127,0.198852364,1,0,ok,map,541,392,647,0,ok,31,TRACKING,218,0,0,-1,0,0,0,nan,nan,0,0,nan,nan,
1750922000.582179070,1,-1.173953904,-0.064155635,-1.412453728,0.005963920,0.579643049,-0.021974878,0.814552314,932,531,393,1.226760768,1.036689830,0.602981998,0.805817941,0.261873450,1,0,ok,map,531,393,647,0,ok,68,TRACKING,218,0,0,-1,0,0,0,nan,nan,0,0,nan,nan,
1750922000.594179153,1,-1.189959861,-0.062183499,-1.416042070,0.005617374,0.585328862,-0.021359261,0.810495127,960,529,389,1.243158481,1.106098724,0.584923574,0.775497296,0.222277518,1,0,ok,map,529,389,647,0,ok,40,TRACKING,219,1,0,-1,0,0,0,nan,nan,0,0,nan,nan,
1750922000.606179237,1,-1.210518562,-0.063413116,-1.422463028,0.005267442,0.590841321,-0.021733815,0.806477792,963,561,428,1.117050147,0.883452882,0.620748235,0.783835692,0.204320364,1,0,ok,map,561,428,631,0,ok,37,TRACKING,219,0,0,-1,0,0,0,nan,nan,0,0,nan,nan,
1750922000.618179321,1,-1.233057081,-0.064556640,-1.428317333,0.004497554,0.596285575,-0.022308405,0.802449762,949,556,414,1.175698126,0.987062968,0.637947549,0.783826275,0.223646650,1,0,ok,map,556,414,631,0,ok,51,TRACKING,219,0,0,-1,0,0,0,nan,nan,0,0,nan,nan,
1750922000.630179405,1,-1.248500714,-0.062940042,-1.433013615,0.004322824,0.601941003,-0.022320864,0.798216839,954,545,391,1.259104913,1.077399527,0.633851599,0.809736691,0.291541608,1,0,ok,map,545,391,631,0,ok,46,TRACKING,219,0,0,-1,0,0,0,nan,nan,0,0,nan,nan,
1750922000.642179489,1,-1.273096822,-0.063125363,-1.438178627,0.004682567,0.607149231,-0.024049569,0.794209987,945,532,387,1.291229833,1.157298079,0.601687937,0.779715444,0.233528040,1,0,ok,map,532,387,631,0,ok,55,TRACKING,219,0,0,-1,0,0,0,nan,nan,0,0,nan,nan,
1750922000.654179573,1,-1.292587552,-0.061882695,-1.441024806,0.005018891,0.612539722,-0.024014697,0.790058981,925,517,373,1.266575430,1.110119765,0.588858922,0.767427933,0.223975402,1,0,ok,map,517,373,631,1,ok,75,TRACKING,220,1,0,-1,0,0,0,nan,nan,0,0,nan,nan,
1750922000.666179657,1,-1.314916618,-0.061615701,-1.446537577,0.005265956,0.617877082,-0.023754139,0.785898163,978,643,519,1.010593448,0.813189796,0.701755259,0.776597192,0.133865672,1,0,ok,map,643,519,731,0,ok,22,TRACKING,220,0,0,-1,0,0,0,nan,nan,0,0,nan,nan,
1750922000.678179741,1,-1.336729550,-0.063671419,-1.450258698,0.005560353,0.623281902,-0.023262881,0.781631365,974,641,501,1.110471698,0.910457198,0.673034465,0.791808838,0.164468443,1,0,ok,map,641,501,731,0,ok,26,TRACKING,220,0,0,-1,0,0,0,nan,nan,0,0,nan,nan,
1750922000.690179825,1,-1.356518521,-0.062222610,-1.454493138,0.005265569,0.628485120,-0.023029051,0.777462790,972,636,480,1.208779457,1.096709419,0.591738427,0.765212868,0.188161662,1,0,ok,map,636,480,731,0,ok,28,TRACKING,220,0,0,-1,0,0,0,nan,nan,0,0,nan,nan,
1750922000.702179909,1,-1.379489106,-0.062493593,-1.457837955,0.004033902,0.633450994,-0.024956911,0.773369716,936,617,464,1.245013974,1.115113811,0.667676193,0.782644326,0.180657603,1,0,ok,map,617,464,731,0,ok,64,TRACKING,220,0,0,-1,0,0,0,nan,nan,0,0,nan,nan,
1750922000.714179993,1,-1.395247688,-0.061586981,-1.462251529,0.004360349,0.638691111,-0.026594095,0.768991161,962,605,453,1.142763015,0.970370031,0.747830936,0.805552730,0.086151880,1,0,ok,map,605,453,731,0,ok,38,TRACKING,220,0,0,-1,0,0,0,nan,nan,0,0,nan,nan,
1750922000.726180077,1,-1.421279261,-0.063588337,-1.463057855,0.005661578,0.644416583,-0.026216192,0.764204113,960,599,441,1.341007687,1.166960544,0.715928078,0.869183823,0.265838184,1,0,ok,map,599,441,731,1,ok,40,TRACKING,220,0,0,-1,0,0,0,nan,nan,0,0,nan,nan,
1750922000.738180161,1,-1.429154967,-0.061326984,-1.465900180,0.005841107,0.649620771,-0.025533044,0.759807080,942,579,419,1.229515762,1.100362622,0.544356245,0.777974953,0.270905582,1,0,ok,map,579,419,731,1,ok,58,TRACKING,221,1,0,-1,0,0,0,nan,nan,0,0,nan,nan,
1750922000.750180244,1,-1.449920226,-0.063558501,-1.468149332,0.004977279,0.654503365,-0.026273567,0.755586045,968,662,515,0.998955532,0.803837417,0.619307340,0.751004008,0.187160390,1,0,ok,map,662,515,778,0,ok,32,TRACKING,221,0,0,-1,0,0,0,nan,nan,0,0,nan,nan,
1750922000.762180328,1,-1.470627474,-0.061298550,-1.469411326,0.003807310,0.659706788,-0.025872475,0.751067955,963,648,500,1.058440201,0.868070479,0.713964829,0.802293504,0.169534839,1,0,ok,map,648,500,778,0,ok,37,TRACKING,221,0,0,-1,0,0,0,nan,nan,0,0,nan,nan,
1750922000.774180412,1,-1.493149572,-0.061797667,-1.471644910,0.004608148,0.664881302,-0.025946590,0.746484021,951,634,504,1.140468459,0.993259674,0.641602988,0.797503642,0.192302491,1,0,ok,map,634,504,778,0,ok,49,TRACKING,221,0,0,-1,0,0,0,nan,nan,0,0,nan,nan,
1750922000.786180496,1,-1.514129347,-0.061422590,-1.472733887,0.004928738,0.669859479,-0.026415266,0.742001496,974,628,497,1.157663571,0.990730621,0.588297409,0.770391784,0.183024440,1,0,ok,map,628,497,778,0,ok,26,TRACKING,221,0,0,-1,0,0,0,nan,nan,0,0,nan,nan,
1750922000.798180580,1,-1.535763058,-0.062162212,-1.473915738,0.005023380,0.674922545,-0.027248752,0.737368178,959,620,482,1.242882882,1.141185496,0.673736161,0.792308589,0.202523550,1,0,ok,map,620,482,778,0,ok,41,TRACKING,221,0,0,-1,0,0,0,nan,nan,0,0,nan,nan,
1750922000.810180664,1,-1.558388766,-0.062240863,-1.475079548,0.004407559,0.679787473,-0.027913717,0.732864510,972,611,467,1.217221783,1.070050837,0.655600561,0.766754800,0.185393812,1,0,ok,map,611,467,778,0,ok,28,TRACKING,221,0,0,-1,0,0,0,nan,nan,0,0,nan,nan,
1750922000.822180748,1,-1.578381202,-0.063972488,-1.475946613,0.003924532,0.684823867,-0.028120669,0.728155270,976,604,448,1.303162912,1.174600430,0.576253619,0.792411513,0.274748115,1,0,ok,map,604,448,778,1,ok,24,TRACKING,221,0,0,-1,0,0,0,nan,nan,0,0,nan,nan,
1750922000.834180832,1,-1.591996680,-0.060375520,-1.475677889,0.004151108,0.689739951,-0.027552741,0.723520846,948,583,420,1.199619750,1.022524417,0.584743047,0.792627104,0.251056174,1,0,ok,map,583,420,778,0,ok,52,TRACKING,222,1,0,-1,0,0,0,nan,nan,0,0,nan,nan,
1750922000.846180916,1,-1.614001473,-0.060648133,-1.475278411,0.004665977,0.694812226,-0.027657923,0.718644027,963,667,533,1.024089764,0.851188031,0.730284126,0.808562514,0.091826702,1,0,ok,map,667,533,816,0,ok,37,TRACKING,222,0,0,-1,0,0,0,nan,nan,0,0,nan,nan,
1750922000.858181000,1,-1.634444602,-0.059281107,-1.474117555,0.005329950,0.699975296,-0.027652101,0.713611615,975,659,501,1.137001037,0.964269678,0.616701872,0.829690296,0.227710237,1,0,ok,map,659,501,816,0,ok,25,TRACKING,222,0,0,-1,0,0,0,nan,nan,0,0,nan,nan,
1750922000.870181084,1,-1.656925832,-0.059486420,-1.473731911,0.006931447,0.704872197,-0.028099793,0.708743637,971,649,495,1.197545688,1.083886949,0.641310380,0.813860520,0.197212171,1,0,ok,map,649,495,816,0,ok,29,TRACKING,222,0,0,-1,0,0,0,nan,nan,0,0,nan,nan,
1750922000.882181168,1,-1.678443825,-0.061449627,-1.473681671,0.007019279,0.709715220,-0.029536982,0.703834215,947,627,488,1.241196349,1.129220610,0.824228806,0.807286961,0.122043737,1,0,ok,map,627,488,816,0,ok,53,TRACKING,222,0,0,-1,0,0,0,nan,nan,0,0,nan,nan,
1750922000.894181252,1,-1.701669433,-0.061020652,-1.471556075,0.005592566,0.714493338,-0.030323408,0.698962434,971,625,474,1.253432038,1.126091580,0.712369002,0.803930087,0.218023649,1,0,ok,map,625,474,816,0,ok,29,TRACKING,222,0,0,-1,0,0,0,nan,nan,0,0,nan,nan,
1750922000.906181335,1,-1.722446298,-0.058524729,-1.470142487,0.005359604,0.719633593,-0.029757897,0.693695347,984,623,462,1.270537040,1.103224384,0.802640825,0.846262790,0.098948456,1,0,ok,map,623,462,816,2,ok,16,TRACKING,222,0,0,-1,0,0,0,nan,nan,0,0,nan,nan,
1750922000.918181419,1,-1.748589235,-0.059409882,-1.467726758,0.007630204,0.724518567,-0.029762385,0.688570131,992,622,433,1.348395914,1.240924100,0.758794199,0.852045931,0.197251054,1,0,ok,map,622,433,816,1,ok,8,TRACKING,222,0,0,-1,0,0,0,nan,nan,0,0,nan,nan,
1750922000.930181503,1,-1.761404785,-0.062939003,-1.466623925,0.007213115,0.729190582,-0.029242863,0.683647512,978,619,420,1.338677671,1.204806646,0.763108561,0.781443372,0.229145057,1,0,ok,map,619,420,816,0,ok,22,TRACKING,222,0,0,-1,0,0,0,nan,nan,0,0,nan,nan,
1750922000.942181587,1,-1.785337609,-0.062312865,-1.461212632,0.005969798,0.734242198,-0.027598872,0.678300124,980,613,417,1.569130840,1.433305920,0.499436838,0.875424198,0.427917068,1,0,ok,map,613,417,816,0,ok,20,TRACKING,222,0,0,-1,0,0,0,nan,nan,0,0,nan,nan,
1750922000.954181671,1,-1.807066777,-0.058739637,-1.455099467,0.004912858,0.738371332,-0.027518134,0.673814806,964,591,385,1.517195083,1.394347965,0.481382830,0.753976889,0.281050278,1,0,ok,map,591,385,816,0,ok,36,TRACKING,223,1,6,19,112,1,0,0.007490356,0.004727849,96,53,0.552083333,1.116952324,ok
1750922000.966181755,1,-1.792455959,-0.056858442,-1.473506315,0.006185406,0.743100074,-0.028092463,0.668561766,974,656,326,1.942434635,1.771038499,1.565436589,0.825575407,1.096836252,1,0,ok,map,656,326,846,0,ok,26,TRACKING,223,0,0,-1,0,0,0,nan,nan,0,0,nan,nan,
1750922000.978181839,1,-1.810015284,-0.056688476,-1.472142207,0.008100795,0.747896017,-0.028583037,0.663150763,989,652,314,2.070452075,2.011387434,1.417115753,0.858975619,1.496314046,1,0,ok,map,652,314,846,0,ok,11,TRACKING,223,0,0,-1,0,0,0,nan,nan,0,0,nan,nan,
1750922000.990181923,1,-1.857083881,-0.052219875,-1.459939991,0.007772818,0.752437645,-0.029554176,0.657954196,973,644,289,2.059072995,1.834829482,0.745376634,0.799530327,1.341737689,1,0,ok,map,644,289,846,1,ok,27,TRACKING,223,0,0,-1,0,0,0,nan,nan,0,0,nan,nan,
1750922001.002182007,1,-1.872917621,-0.058843095,-1.456347800,0.006710478,0.756879919,-0.030619347,0.652801818,961,622,280,1.964080366,1.853597202,1.304965054,0.798401017,1.679961763,1,0,ok,map,622,280,846,0,ok,39,TRACKING,223,0,0,-1,0,0,0,nan,nan,0,0,nan,nan,
1750922001.014182091,1,-1.879455891,-0.062433451,-1.453938184,0.004937270,0.761519708,-0.029555537,0.647448707,957,610,278,1.816843528,1.700821391,1.215581568,0.845648723,0.948127656,1,0,ok,map,610,278,846,0,ok,43,TRACKING,223,0,0,-1,0,0,0,nan,nan,0,0,nan,nan,
1750922001.026182175,1,-1.896724728,-0.061754226,-1.446478271,0.005305464,0.766256316,-0.028915367,0.641862143,940,584,287,1.811916270,1.710519494,0.382072644,0.843795098,0.698534058,1,0,ok,map,584,287,846,0,ok,60,TRACKING,224,1,0,-1,0,0,0,nan,nan,0,0,nan,nan,
1750922001.038182259,1,-1.919656710,-0.064153304,-1.440706080,0.006264532,0.770915677,-0.029000599,0.636245817,929,625,363,1.430846380,1.331749974,0.797481908,0.843475538,0.187053866,1,0,ok,map,625,363,883,0,ok,71,TRACKING,224,0,0,-1,0,0,0,nan,nan,0,0,nan,nan,
1750922001.050182343,1,-1.936815042,-0.062840923,-1.438523812,0.005793604,0.775480865,-0.028824193,0.630686157,963,618,366,1.596606649,1.539738963,0.836353579,0.826362219,0.227281416,1,0,ok,map,618,366,883,0,ok,37,TRACKING,224,0,0,-1,0,0,0,nan,nan,0,0,nan,nan,
1750922001.062182426,1,-1.963770600,-0.065206742,-1.428226772,0.005463994,0.780001568,-0.029105191,0.625076465,960,613,320,1.745464795,1.560359354,0.464637918,0.827071888,0.524831378,1,0,ok,map,613,320,883,0,ok,40,TRACKING,224,0,0,-1,0,0,0,nan,nan,0,0,nan,nan,
1750922001.074182510,1,-1.977799372,-0.064896790,-1.425606937,0.005017688,0.784517078,-0.028375209,0.619437346,978,612,325,1.950379807,1.803496187,0.940876769,0.833623457,1.013185526,1,0,ok,map,612,325,883,0,ok,22,TRACKING,224,0,0,-1,0,0,0,nan,nan,0,0,nan,nan,
1750922001.086182594,1,-2.004595789,-0.063180917,-1.414845244,0.004696638,0.789202603,-0.027604244,0.613494253,971,605,308,1.708842500,1.590442123,0.432272571,0.872494394,0.456304300,1,0,ok,map,605,308,883,0,ok,29,TRACKING,224,0,0,-1,0,0,0,nan,nan,0,0,nan,nan,
1750922001.098182678,1,-2.021967800,-0.062816080,-1.411936678,0.004780369,0.793575816,-0.028287337,0.607794702,974,601,320,1.742819016,1.687713453,0.543059815,0.826996505,0.303922306,1,0,ok,map,601,320,883,0,ok,26,TRACKING,224,0,0,-1,0,0,0,nan,nan,0,0,nan,nan,
1750922001.110182762,1,-2.042411303,-0.066276547,-1.402503383,0.005417987,0.797759403,-0.028559669,0.602274792,968,586,293,1.837178110,1.681522248,0.642861725,0.813564945,0.801724106,1,0,ok,map,586,293,883,0,ok,32,TRACKING,225,1,0,-1,0,0,0,nan,nan,0,0,nan,nan,
1750922001.122182846,1,-2.063917298,-0.066642062,-1.394457532,0.005382430,0.802184484,-0.028085084,0.596391072,969,656,396,1.495980536,1.396959667,0.773381374,0.845389351,0.173964350,1,0,ok,map,656,396,891,0,ok,31,TRACKING,225,0,0,-1,0,0,0,nan,nan,0,0,nan,nan,
1750922001.134182930,1,-2.084633349,-0.066540898,-1.386704251,0.004315112,0.806291902,-0.027814826,0.590847768,966,639,388,1.530885106,1.474676443,0.730729193,0.800596626,0.109434790,1,0,ok,map,639,388,891,0,ok,34,TRACKING,225,0,0,-1,0,0,0,nan,nan,0,0,nan,nan,
1750922001.146183014,1,-2.105176842,-0.063444127,-1.376986141,0.004201298,0.810485456,-0.026829079,0.585128940,959,623,353,1.543037500,1.463677481,0.722841754,0.820556880,0.165058335,1,0,ok,map,623,353,891,0,ok,41,TRACKING,225,0,0,-1,0,0,0,nan,nan,0,0,nan,nan,
1750922001.158183098,1,-2.123927644,-0.064630895,-1.369936253,0.005297386,0.814591220,-0.027590157,0.579354697,950,591,328,1.703944687,1.658471347,0.576216675,0.826173022,0.310652183,1,0,ok,map,591,328,891,0,ok,50,TRACKING,225,0,0,-1,0,0,0,nan,nan,0,0,nan,nan,
1750922001.170183182,1,-2.143926479,-0.067905957,-1.360934351,0.006408148,0.818319925,-0.027601344,0.574064109,955,567,314,1.672790898,1.511723034,0.807442609,0.774177349,0.380240288,1,0,ok,map,567,314,891,0,ok,45,TRACKING,226,1,0,-1,0,0,0,nan,nan,0,0,nan,nan,
1750922001.182183266,1,-2.163644004,-0.068241822,-1.351738164,0.006382116,0.822417752,-0.026720717,0.568220304,952,583,357,1.498403222,1.423918327,0.764449051,0.824092977,0.200369743,1,0,ok,map,583,357,838,0,ok,48,TRACKING,226,0,0,-1,0,0,0,nan,nan,0,0,nan,nan,
1750922001.194183350,1,-2.179939802,-0.066488598,-1.346187404,0.004159295,0.826180495,-0.026482006,0.562767442,959,570,344,1.619245799,1.448664539,0.764867148,0.801240443,0.274895423,1,0,ok,map,570,344,838,0,ok,41,TRACKING,226,0,0,-1,0,0,0,nan,nan,0,0,nan,nan,
1750922001.206183434,1,-2.196700293,-0.068645522,-1.337815643,0.004412252,0.830100183,-0.027336450,0.556926329,955,550,315,1.672542564,1.611495994,0.660474157,0.812524692,0.345279863,1,0,ok,map,550,315,838,0,ok,45,TRACKING,226,0,0,-1,0,0,0,nan,nan,0,0,nan,nan,
1750922001.218183517,1,-2.217745524,-0.069218841,-1.326615065,0.004566379,0.833909934,-0.027860529,0.551177976,954,534,295,1.671211408,1.618339601,0.796761862,0.792724875,0.363762546,1,0,ok,map,534,295,838,0,ok,46,TRACKING,226,0,0,-1,0,0,0,nan,nan,0,0,nan,nan,
1750922001.230183601,1,-2.240602873,-0.066966402,-1.316854854,0.005595812,0.837578356,-0.027749437,0.545583314,955,514,282,1.657242040,1.621250741,0.910961052,0.808089194,0.399675229,1,0,ok,map,514,282,838,0,ok,45,TRACKING,227,1,0,-1,0,0,0,nan,nan,0,0,nan,nan,
1750922001.242183685,1,-2.255717260,-0.070744267,-1.307859869,0.006235967,0.841320412,-0.028412378,0.539753475,938,525,345,1.640150162,1.415619771,0.438332827,0.800826017,0.397350395,1,0,ok,map,525,345,756,0,ok,62,TRACKING,227,0,0,-1,0,0,0,nan,nan,0,0,nan,nan,
1750922001.254183769,1,-2.278889810,-0.071054399,-1.296414734,0.004928011,0.844860927,-0.029152269,0.534168394,927,502,318,1.468664359,1.403726403,0.819943180,0.777085773,0.177807562,1,0,ok,map,502,318,756,0,ok,73,TRACKING,227,0,0,-1,0,0,0,nan,nan,0,0,nan,nan,
1750922001.266183853,1,-2.301803831,-0.067748357,-1.286859956,0.003783594,0.848597654,-0.028888768,0.528235881,925,479,319,1.640842680,1.577498957,1.073576161,0.814625711,0.532350866,1,0,ok,map,479,319,756,0,ok,75,TRACKING,227,0,0,-1,0,0,0,nan,nan,0,0,nan,nan,
1750922001.278183937,1,-2.311320933,-0.072596525,-1.276221878,0.003186979,0.852155787,-0.029367993,0.522453709,936,465,306,1.698377643,1.696049785,0.639387045,0.782917925,0.218275455,1,0,ok,map,465,306,756,0,ok,64,TRACKING,227,0,0,-1,0,0,0,nan,nan,0,0,nan,nan,
1750922001.290184021,1,-2.330278823,-0.074221679,-1.263461660,0.003557375,0.855696765,-0.028610820,0.516673797,933,452,281,1.744094637,1.604996129,0.594925670,0.831374881,0.382339310,1,0,ok,map,452,281,756,0,ok,67,TRACKING,228,1,0,-1,0,0,0,nan,nan,0,0,nan,nan,
1750922001.302184105,1,-2.351094248,-0.071792943,-1.251165321,0.003626148,0.859505374,-0.028431518,0.510322458,942,518,340,1.325772707,1.095855386,0.782680180,0.848922688,0.248218368,1,0,ok,map,518,340,745,1,ok,58,TRACKING,228,0,0,-1,0,0,0,nan,nan,0,0,nan,nan,
1750922001.314184189,1,-2.368852675,-0.073009369,-1.238447569,0.003485656,0.863007646,-0.029352242,0.504325390,926,492,305,1.326980010,1.219081325,0.674347690,0.802945932,0.128677541,1,0,ok,map,492,305,745,1,ok,74,TRACKING,228,0,0,-1,0,0,0,nan,nan,0,0,nan,nan,
1750922001.326184273,1,-2.387337114,-0.074997704,-1.225734609,0.003152679,0.866647397,-0.029730948,0.498024519,867,430,297,1.580153529,1.387990855,0.631749104,0.835837584,0.263948743,1,0,ok,map,430,297,745,1,ok,133,TRACKING,228,0,0,-1,0,0,0,nan,nan,0,0,nan,nan,
1750922001.338184357,1,-2.404938707,-0.077331002,-1.215530269,0.003102207,0.870240223,-0.029052278,0.491760406,938,422,278,1.594043087,1.492027318,0.715754445,0.831171061,0.232347529,1,0,ok,map,422,278,745,0,ok,62,TRACKING,228,0,0,-1,0,0,0,nan,nan,0,0,nan,nan,
1750922001.350184441,1,-2.419089372,-0.078795170,-1.204444883,0.002247936,0.873582987,-0.027098858,0.485914975,947,413,268,1.558247105,1.489428421,0.884713315,0.880253519,0.137601451,1,0,ok,map,413,268,745,0,ok,53,TRACKING,229,1,0,-1,0,0,0,nan,nan,0,0,nan,nan,
1750922001.362184525,1,-2.441377940,-0.069991392,-1.191636627,0.001926316,0.877221744,-0.025992453,0.479377401,951,488,290,1.437234083,1.291243940,1.049279337,0.867483578,0.242255788,1,0,ok,map,488,290,737,0,ok,49,TRACKING,229,0,0,-1,0,0,0,nan,nan,0,0,nan,nan,
1750922001.374184608,1,-2.461189120,-0.071771605,-1.176647572,0.002597313,0.880625237,-0.027763193,0.472992232,963,485,270,1.532042399,1.406882116,0.981062990,0.857066484,0.291056229,1,0,ok,map,485,270,737,0,ok,37,TRACKING,229,0,0,-1,0,0,0,nan,nan,0,0,nan,nan,
1750922001.386184692,1,-2.477779163,-0.073882713,-1.162037277,0.002483584,0.883940534,-0.029186304,0.466680966,958,476,259,1.548678617,1.529773137,0.935640288,0.833149858,0.197819236,1,0,ok,map,476,259,737,0,ok,42,TRACKING,229,0,0,-1,0,0,0,nan,nan,0,0,nan,nan,
1750922001.398184776,1,-2.494530384,-0.073434955,-1.151616898,0.002620631,0.887377067,-0.028940502,0.460127723,943,465,238,1.638677863,1.520475478,1.014016325,0.848551909,0.397735661,1,0,ok,map,465,238,737,0,ok,57,TRACKING,229,0,0,-1,0,0,0,nan,nan,0,0,nan,nan,
1750922001.410184860,1,-2.511117290,-0.077252070,-1.135115991,0.003244454,0.890399845,-0.028694861,0.454262254,951,456,235,1.656830171,1.559058441,0.972070991,0.829733440,0.355484541,1,0,ok,map,456,235,737,0,ok,49,TRACKING,230,1,0,-1,0,0,0,nan,nan,0,0,nan,nan,
1750922001.422184944,1,-2.528027634,-0.076795964,-1.118097150,0.002004306,0.893619160,-0.027577700,0.447973492,922,494,346,1.256940166,1.106324330,0.824495330,0.831865035,0.057712078,1,0,ok,map,494,346,672,0,ok,78,TRACKING,230,0,0,-1,0,0,0,nan,nan,0,0,nan,nan,
1750922001.434185028,1,-2.545896303,-0.076235087,-1.104078544,0.001804836,0.896976999,-0.027051174,0.441245101,963,486,326,1.390400400,1.284216290,0.888291608,0.864111609,0.177727984,1,0,ok,map,486,326,672,0,ok,37,TRACKING,230,0,0,-1,0,0,0,nan,nan,0,0,nan,nan,
1750922001.446185112,1,-2.559648034,-0.075001304,-1.091396264,0.001349283,0.899979878,-0.027887146,0.435036441,956,477,320,1.507309852,1.380304845,0.798171229,0.797801844,0.131366207,1,0,ok,map,477,320,672,0,ok,44,TRACKING,230,0,0,-1,0,0,0,nan,nan,0,0,nan,nan,
1750922001.458185196,1,-2.578328622,-0.076494396,-1.072794823,0.001941648,0.903061264,-0.028959694,0.428529953,970,470,294,1.447509199,1.401207051,0.871364365,0.836838657,0.179029686,1,0,ok,map,470,294,672,0,ok,30,TRACKING,230,0,0,-1,0,0,0,nan,nan,0,0,nan,nan,
1750922001.470185280,1,-2.589630839,-0.079269774,-1.058641559,0.002540913,0.905876013,-0.028957482,0.422544267,959,461,285,1.529140747,1.431963097,0.741683525,0.841941019,0.279028887,1,0,ok,map,461,285,672,0,ok,41,TRACKING,231,1,0,-1,0,0,0,nan,nan,0,0,nan,nan,
1750922001.482185364,1,-2.606755926,-0.078866505,-1.043021960,0.001598933,0.908829450,-0.028103078,0.416217121,951,539,390,1.160836612,0.953902922,0.801031150,0.813302300,0.071148310,1,0,ok,map,539,390,699,0,ok,49,TRACKING,231,0,0,-1,0,0,0,nan,nan,0,0,nan,nan,
1750922001.494185448,1,-2.619916796,-0.079326115,-1.030108202,0.000712509,0.911765580,-0.027354034,0.409798457,965,533,382,1.301656901,1.150058483,0.766383149,0.819687333,0.114903086,1,0,ok,map,533,382,699,0,ok,35,TRACKING,231,0,0,-1,0,0,0,nan,nan,0,0,nan,nan,
1750922001.506185532,1,-2.636547124,-0.078102612,-1.012347535,-0.000289852,0.914751961,-0.026655332,0.403135534,952,520,349,1.422590184,1.309530380,0.754980142,0.848335035,0.187431527,1,0,ok,map,520,349,699,0,ok,48,TRACKING,231,0,0,-1,0,0,0,nan,nan,0,0,nan,nan,
1750922001.518185616,1,-2.651346337,-0.079232487,-0.996367840,-0.000036714,0.917633767,-0.027607474,0.396467016,967,514,331,1.594720100,1.555795937,0.813556403,0.840080590,0.203139762,1,0,ok,map,514,331,699,0,ok,33,TRACKING,231,0,0,-1,0,0,0,nan,nan,0,0,nan,nan,
1750922001.530185699,1,-2.661111553,-0.081750351,-0.982786395,0.000221654,0.919987901,-0.029060844,0.390867854,946,502,287,1.483525750,1.436069838,0.632340545,0.802797149,0.187643986,1,0,ok,map,502,287,699,0,ok,54,TRACKING,232,1,0,-1,0,0,0,nan,nan,0,0,nan,nan,
1750922001.542185783,1,-2.677727051,-0.082512737,-0.961624001,-0.001084304,0.922832510,-0.027772624,0.384197428,956,575,413,1.243661115,1.060913903,0.756492802,0.857154686,0.193610628,1,0,ok,map,575,413,740,0,ok,44,TRACKING,232,0,0,-1,0,0,0,nan,nan,0,0,nan,nan,
1750922001.554185867,1,-2.691103440,-0.077869770,-0.950693078,-0.000599926,0.925734865,-0.026706538,0.377228526,954,567,338,1.383732639,1.268465779,0.800745279,0.875412751,0.167119822,1,0,ok,map,567,338,740,0,ok,46,TRACKING,232,0,0,-1,0,0,0,nan,nan,0,0,nan,nan,
1750922001.566185951,1,-2.708513820,-0.077434783,-0.929776280,0.000354121,0.928333977,-0.028161470,0.370678882,957,557,315,1.413770325,1.376346638,0.813947441,0.831720739,0.172979543,1,0,ok,map,557,315,740,0,ok,43,TRACKING,232,0,0,-1,0,0,0,nan,nan,0,0,nan,nan,
1750922001.578186035,1,-2.720748594,-0.081395630,-0.910143660,-0.000670025,0.930822450,-0.028554434,0.364353896,943,547,308,1.553939782,1.461356832,0.698551342,0.788947994,0.278221649,1,0,ok,map,547,308,740,0,ok,57,TRACKING,232,0,0,-1,0,0,0,nan,nan,0,0,nan,nan,
1750922001.590186119,1,-2.731924639,-0.080416013,-0.897826438,-0.000769684,0.933126562,-0.028901061,0.358383810,956,536,310,1.422956498,1.385880144,0.769891103,0.844525991,0.111359812,1,0,ok,map,536,310,740,0,ok,44,TRACKING,233,1,14,96,144,1,0,0.005883515,0.004802448,116,81,0.698275862,1.573456491,ok
1750922001.602186203,1,-2.745583743,-0.080322354,-0.875827341,0.000496452,0.935679762,-0.029617117,0.351604839,941,619,418,1.289987210,1.110171948,0.904410733,0.846655423,0.154070455,1,0,ok,map,619,418,736,0,ok,59,TRACKING,233,0,0,-1,0,0,0,nan,nan,0,0,nan,nan,
1750922001.614186287,1,-2.758279513,-0.082041274,-0.857901030,0.001205509,0.938103832,-0.030234525,0.345029882,947,609,396,1.306329525,1.182353436,0.829124589,0.810206291,0.120917024,1,0,ok,map,609,396,736,0,ok,53,TRACKING,233,0,0,-1,0,0,0,nan,nan,0,0,nan,nan,
1750922001.626186371,1,-2.770142845,-0.082740296,-0.840450483,-0.000381163,0.940501352,-0.029750519,0.338484812,967,598,383,1.379556170,1.228716814,0.875873531,0.821055201,0.172146388,1,0,ok,map,598,383,736,0,ok,33,TRACKING,233,0,0,-1,0,0,0,nan,nan,0,0,nan,nan,
1750922001.638186455,1,-2.779296543,-0.079825474,-0.830330348,-0.001030748,0.942895614,-0.028943311,0.331826887,950,581,373,1.428666380,1.311842035,0.770291369,0.819423505,0.181039760,1,0,ok,map,581,373,736,0,ok,50,TRACKING,233,0,0,-1,0,0,0,nan,nan,0,0,nan,nan,
1750922001.650186539,1,-2.791061866,-0.080928967,-0.811029671,-0.000347405,0.945257832,-0.029379044,0.324999050,969,578,361,1.410817285,1.310890364,0.767120822,0.801093853,0.186270555,1,0,ok,map,578,361,736,0,ok,31,TRACKING,234,1,0,-1,0,0,0,nan,nan,0,0,nan,nan,
1750922001.662186623,1,-2.803753335,-0.079829941,-0.792942088,-0.000626943,0.947483421,-0.029552854,0.318435868,973,654,478,1.136465424,0.943534913,0.784865535,0.795046987,0.052883439,1,0,ok,map,654,478,783,0,ok,27,TRACKING,234,0,0,-1,0,0,0,nan,nan,0,0,nan,nan,
1750922001.674186707,1,-2.815204713,-0.078706886,-0.775787934,-0.000129603,0.949806256,-0.030138001,0.311383622,970,652,448,1.397068228,1.266747546,0.816247628,0.855376124,0.172209007,1,0,ok,map,652,448,783,0,ok,30,TRACKING,234,0,0,-1,0,0,0,nan,nan,0,0,nan,nan,
1750922001.686186790,1,-2.827624158,-0.079610468,-0.758716456,-0.000724865,0.951813062,-0.031616355,0.305043891,963,646,422,1.317300081,1.225034442,0.819405574,0.783587794,0.136532025,1,0,ok,map,646,422,783,0,ok,37,TRACKING,234,0,0,-1,0,0,0,nan,nan,0,0,nan,nan,
1750922001.698186874,1,-2.840859389,-0.085534551,-0.739761397,-0.001173052,0.953926124,-0.031367864,0.298395092,975,643,379,1.406151119,1.307185414,0.711084495,0.801603555,0.194818497,1,0,ok,map,643,379,783,0,ok,25,TRACKING,234,0,0,-1,0,0,0,nan,nan,0,0,nan,nan,
1750922001.710186958,1,-2.851519923,-0.082966563,-0.718675525,-0.002381470,0.956084547,-0.028819510,0.291660938,980,635,384,1.531630239,1.467293959,0.686919074,0.872419516,0.191481576,1,0,ok,map,635,384,783,0,ok,20,TRACKING,234,0,0,-1,0,0,0,nan,nan,0,0,nan,nan,
1750922001.722187042,1,-2.857027471,-0.079603367,-0.712594312,-0.002573369,0.958091852,-0.029889584,0.284885931,984,633,279,1.960948882,1.796157999,0.873886925,0.819246296,0.560186100,1,0,ok,map,633,279,783,0,ok,16,TRACKING,234,0,0,-1,0,0,0,nan,nan,0,0,nan,nan,
1750922001.734187126,1,-2.873144076,-0.080977180,-0.686336383,-0.002373996,0.959890103,-0.032578052,0.278467279,993,632,301,1.604010137,1.502229894,0.806279810,0.823949403,0.256400078,1,0,ok,map,632,301,783,0,ok,7,TRACKING,234,0,0,-1,0,0,0,nan,nan,0,0,nan,nan,
1750922001.746187210,1,-2.881539390,-0.079145077,-0.669063364,-0.002597782,0.961891697,-0.032234968,0.271511550,980,631,275,1.641232177,1.504400341,0.491818644,0.830741812,0.339602947,1,0,ok,map,631,275,783,0,ok,20,TRACKING,234,0,0,-1,0,0,0,nan,nan,0,0,nan,nan,
1750922001.758187294,1,-2.894391319,-0.077578223,-0.647999460,-0.002603718,0.963786232,-0.031308416,0.264818998,983,628,266,1.880495928,1.677326951,0.532995035,0.804088646,0.471624639,1,0,ok,map,628,266,783,0,ok,17,TRACKING,234,0,0,-1,0,0,0,nan,nan,0,0,nan,nan,
1750922001.770187378,1,-2.902461067,-0.080257012,-0.636969707,-0.003000122,0.965477644,-0.031816123,0.258518188,965,617,276,1.585829577,1.516121598,0.605730302,0.751218593,0.230830827,1,0,ok,map,617,276,783,0,ok,35,TRACKING,234,0,0,-1,0,0,0,nan,nan,0,0,nan,nan,
1750922001.782187462,1,-2.911912242,-0.075632989,-0.626413580,-0.003569769,0.967318534,-0.030925750,0.251645997,971,611,262,1.525016378,1.473008454,0.692744771,0.824210239,0.266112691,1,0,ok,map,611,262,783,0,ok,29,TRACKING,234,0,0,-1,0,0,0,nan,nan,0,0,nan,nan,
1750922001.794187546,1,-2.923341990,-0.074148179,-0.593715614,-0.002100849,0.969076953,-0.032390173,0.244614641,947,593,225,1.731220047,1.672557494,0.564779093,0.841928518,0.418751201,1,0,ok,map,593,225,783,0,ok,53,TRACKING,235,1,0,-1,0,0,0,nan,nan,0,0,nan,nan,
1750922001.806187630,1,-2.931598712,-0.075769020,-0.578573362,-0.003041006,0.970532825,-0.034635965,0.238447349,935,711,428,1.366399218,1.187302105,0.705797578,0.777896186,0.148426254,1,0,ok,map,711,428,914,0,ok,65,TRACKING,235,0,0,-1,0,0,0,nan,nan,0,0,nan,nan,
1750922001.818187714,1,-2.942710962,-0.078935501,-0.553883355,-0.003141137,0.972246740,-0.034734729,0.231343703,978,710,388,1.578836477,1.530592775,0.734585579,0.837532668,0.215905246,1,0,ok,map,710,388,914,0,ok,22,TRACKING,235,0,0,-1,0,0,0,nan,nan,0,0,nan,nan,
1750922001.830187798,1,-2.951136932,-0.078650762,-0.538058145,-0.005008003,0.973855147,-0.033120665,0.224686659,980,706,386,1.722802524,1.679392379,0.716070899,0.834190577,0.237494725,1,0,ok,map,706,386,914,0,ok,20,TRACKING,235,0,0,-1,0,0,0,nan,nan,0,0,nan,nan,
1750922001.842187881,1,-2.959313982,-0.078876733,-0.534528515,-0.005868087,0.975401907,-0.032187926,0.217992253,981,704,321,1.549434350,1.410026334,0.678642460,0.800645603,0.253729001,1,0,ok,map,704,321,914,0,ok,19,TRACKING,235,0,0,-1,0,0,0,nan,nan,0,0,nan,nan,
1750922001.854187965,1,-2.966604589,-0.078304632,-0.507781157,-0.005519549,0.976922153,-0.032207454,0.211081314,973,704,322,1.520218834,1.391845733,0.675661311,0.811857535,0.278017362,1,0,ok,map,704,322,914,0,ok,27,TRACKING,235,0,0,-1,0,0,0,nan,nan,0,0,nan,nan,
1750922001.866188049,1,-2.973997540,-0.076814044,-0.482193031,-0.005701187,0.978378709,-0.032065656,0.204241012,974,700,331,1.641564583,1.494403946,0.603081496,0.801850939,0.284553898,1,0,ok,map,700,331,914,0,ok,26,TRACKING,235,0,0,-1,0,0,0,nan,nan,0,0,nan,nan,
1750922001.878188133,1,-2.981048240,-0.078063548,-0.470212913,-0.006216228,0.979733954,-0.033810823,0.197331109,971,696,321,1.708791964,1.582312265,0.738791187,0.833408951,0.368944646,1,0,ok,map,696,321,914,0,ok,29,TRACKING,235,0,0,-1,0,0,0,nan,nan,0,0,nan,nan,
1750922001.890188217,1,-2.988093747,-0.073690123,-0.449979185,-0.006844100,0.980962033,-0.036032563,0.190704752,969,684,282,1.831106986,1.567162395,0.409362337,0.816317824,0.460996036,1,0,ok,map,684,282,914,0,ok,31,TRACKING,235,0,0,-1,0,0,0,nan,nan,0,0,nan,nan,
1750922001.902188301,1,-2.996308189,-0.079350670,-0.419453181,-0.006745653,0.982343346,-0.035932865,0.183479904,973,673,273,1.755748160,1.735032719,0.608230645,0.843056952,0.320708013,1,0,ok,map,673,273,914,0,ok,27,TRACKING,235,0,0,-1,0,0,0,nan,nan,0,0,nan,nan,
1750922001.914188385,1,-3.005015934,-0.079734037,-0.406410466,-0.006320100,0.983626244,-0.035171119,0.176642184,967,654,289,1.716454240,1.646836824,0.637893308,0.803464218,0.265473674,1,0,ok,map,654,289,914,0,ok,33,TRACKING,235,0,0,-1,0,0,0,nan,nan,0,0,nan,nan,
1750922001.926188469,1,-3.009110964,-0.078634476,-0.401099141,-0.007604283,0.984811447,-0.034041345,0.170087554,972,638,272,1.826814131,1.742750730,0.399372848,0.788049891,0.458197459,1,0,ok,map,638,272,914,0,ok,28,TRACKING,235,0,0,-1,0,0,0,nan,nan,0,0,nan,nan,
1750922001.938188553,1,-3.015295309,-0.073020983,-0.370716595,-0.008518436,0.986025054,-0.033397657,0.162992714,971,624,251,1.962436006,1.805939630,0.391604500,0.834709966,0.501415859,1,0,ok,map,624,251,914,0,ok,29,TRACKING,235,0,0,-1,0,0,0,nan,nan,0,0,nan,nan,
1750922001.950188637,1,-3.019968346,-0.073518221,-0.361841623,-0.008245245,0.987103453,-0.034850410,0.156026402,974,615,244,1.748512958,1.636545427,0.727902479,0.826514484,0.357713164,1,0,ok,map,615,244,914,0,ok,26,TRACKING,236,1,0,-1,0,0,0,nan,nan,0,0,nan,nan,
1750922001.962188721,1,-3.025360453,-0.074463961,-0.336388888,-0.007183675,0.988204841,-0.036231303,0.148616553,959,752,446,1.376008697,1.111677744,0.846409358,0.881335023,0.270239492,1,0,ok,map,752,446,1033,0,ok,41,TRACKING,236,0,0,-1,0,0,0,nan,nan,0,0,nan,nan,
1750922001.974188805,1,-3.030982222,-0.075282097,-0.315158094,-0.007616942,0.989195464,-0.036738426,0.141720159,964,740,437,1.429125616,1.333923657,0.719608090,0.802031841,0.104361723,1,0,ok,map,740,437,1033,0,ok,36,TRACKING,236,0,0,-1,0,0,0,nan,nan,0,0,nan,nan,
1750922001.986188889,1,-3.037455258,-0.076727966,-0.307020727,-0.008383943,0.990194543,-0.035443553,0.134863747,979,727,374,1.440631500,1.362001123,0.843771521,0.812499807,0.067887637,1,0,ok,map,727,374,1033,0,ok,21,TRACKING,236,0,0,-1,0,0,0,nan,nan,0,0,nan,nan,
1750922001.998188972,1,-3.039214364,-0.073586512,-0.275063032,-0.007854249,0.991208173,-0.033997139,0.127627832,964,711,356,1.652079310,1.437418834,0.562107257,0.855676393,0.420949157,1,0,ok,map,711,356,1033,0,ok,36,TRACKING,236,0,0,-1,0,0,0,nan,nan,0,0,nan,nan,
1750922002.010189056,1,-3.043176065,-0.071558577,-0.262268878,-0.008327637,0.992011902,-0.034386883,0.121080876,964,700,359,1.693534912,1.523406325,0.802202460,0.759118497,0.521016568,1,0,ok,map,700,359,1033,0,ok,36,TRACKING,236,0,0,-1,0,0,0,nan,nan,0,0,nan,nan,
1750922002.022189140,1,-3.046901019,-0.070778660,-0.239875955,-0.008091273,0.992809095,-0.035759157,0.113955761,964,683,370,1.613227185,1.469470380,0.723131072,0.836926564,0.338701820,1,0,ok,map,683,370,1033,0,ok,36,TRACKING,236,0,0,-1,0,0,0,nan,nan,0,0,nan,nan,
1750922002.034189224,1,-3.052274750,-0.071428692,-0.226933304,-0.007679912,0.993540487,-0.036988173,0.107005587,987,674,356,1.490288280,1.311233206,0.720896426,0.814485308,0.163224654,1,0,ok,map,674,356,1033,0,ok,13,TRACKING,236,0,0,-1,0,0,0,nan,nan,0,0,nan,nan,
1750922002.046189308,1,-3.054501372,-0.072624357,-0.198533899,-0.007159217,0.994279119,-0.036899834,0.099980901,968,660,344,1.574968962,1.436193808,0.695527207,0.811668570,0.193084561,1,0,ok,map,660,344,1033,0,ok,32,TRACKING,236,0,0,-1,0,0,0,nan,nan,0,0,nan,nan,
1750922002.058189392,1,-3.060127810,-0.072351499,-0.180721332,-0.008083173,0.994934664,-0.036741107,0.093218924,976,653,326,1.497497942,1.437221448,0.769583390,0.785877082,0.060228498,1,0,ok,map,653,326,1033,0,ok,24,TRACKING,236,0,0,-1,0,0,0,nan,nan,0,0,nan,nan,
1750922002.070189476,1,-3.061165113,-0.068314098,-0.163461788,-0.009097263,0.995564774,-0.035913694,0.086476745,969,645,312,1.578400650,1.442785946,0.618245623,0.790326206,0.182427739,1,0,ok,map,645,312,1033,0,ok,31,TRACKING,236,0,0,-1,0,0,0,nan,nan,0,0,nan,nan,
1750922002.082189560,1,-3.062776724,-0.070035392,-0.145662672,-0.009102622,0.996111511,-0.036564278,0.079637012,970,628,305,1.560818186,1.456032202,0.672510635,0.789803993,0.153062524,1,0,ok,map,628,305,1033,0,ok,30,TRACKING,236,0,0,-1,0,0,0,nan,nan,0,0,nan,nan,
1750922002.094189644,1,-3.064760811,-0.072725740,-0.122209352,-0.009180557,0.996640338,-0.036528760,0.072728285,944,602,304,1.612324625,1.554425722,0.675683966,0.794059923,0.221720958,1,0,ok,map,602,304,1033,0,ok,56,TRACKING,236,0,0,-1,0,0,0,nan,nan,0,0,nan,nan,
1750922002.106189728,1,-3.064004342,-0.072506013,-0.103344905,-0.008570554,0.997138705,-0.035506150,0.066183552,961,591,283,1.637379553,1.528939311,0.557267241,0.789119350,0.254695943,1,0,ok,map,591,283,1033,0,ok,39,TRACKING,237,1,0,-1,0,0,0,nan,nan,0,0,nan,nan,
1750922002.118189812,1,-3.066041530,-0.069461693,-0.086217615,-0.008236969,0.997583183,-0.035557162,0.059123891,946,712,458,1.230176554,1.045516161,0.727598792,0.811502991,0.219842328,1,0,ok,map,712,458,1109,0,ok,54,TRACKING,237,0,0,-1,0,0,0,nan,nan,0,0,nan,nan,
1750922002.130189896,1,-3.066981277,-0.070380705,-0.065624055,-0.008306951,0.997940973,-0.035936133,0.052472891,954,693,442,1.313415685,1.233715782,0.718256567,0.764528372,0.076002654,1,0,ok,map,693,442,1109,0,ok,46,TRACKING,237,0,0,-1,0,0,0,nan,nan,0,0,nan,nan,
1750922002.142189980,1,-3.067738061,-0.070154436,-0.044015474,-0.009149253,0.998278541,-0.035780528,0.045563133,973,688,437,1.434571715,1.372491816,0.797847577,0.798799177,0.076046279,1,0,ok,map,688,437,1109,0,ok,27,TRACKING,237,0,0,-1,0,0,0,nan,nan,0,0,nan,nan,
1750922002.154190063,1,-3.065690790,-0.070069218,-0.019023122,-0.008890986,0.998593578,-0.035319539,0.038527208,980,681,425,1.446013213,1.358455221,0.646184443,0.809335359,0.182109213,1,0,ok,map,681,425,1109,0,ok,20,TRACKING,237,0,0,-1,0,0,0,nan,nan,0,0,nan,nan,
1750922002.166190147,1,-3.066604073,-0.071704230,0.005747955,-0.008188343,0.998856077,-0.034924052,0.031619614,983,676,415,1.466830193,1.355726942,0.882445627,0.797495319,0.209677390,1,0,ok,map,676,415,1109,0,ok,17,TRACKING,237,0,0,-1,0,0,0,nan,nan,0,0,nan,nan,
1750922002.178190231,1,-3.064983363,-0.070501118,0.025241394,-0.007962118,0.999113494,-0.033193320,0.024638072,971,663,390,1.413607617,1.310327451,0.688600265,0.825178831,0.224452124,1,0,ok,map,663,390,1109,0,ok,29,TRACKING,237,0,0,-1,0,0,0,nan,nan,0,0,nan,nan,
1750922002.190190315,1,-3.065506669,-0.062950187,0.040851155,-0.009168966,0.999279212,-0.032079331,0.018108115,974,655,357,1.429993364,1.272927038,0.940725364,0.771818400,0.233979379,1,0,ok,map,655,357,1109,0,ok,26,TRACKING,237,0,0,-1,0,0,0,nan,nan,0,0,nan,nan,
1750922002.202190399,1,-3.066034603,-0.060652390,0.060513684,-0.008411577,0.999321226,-0.034150018,0.010959463,965,641,357,1.531591623,1.404139265,1.057312040,0.857269142,0.201391980,1,0,ok,map,641,357,1109,0,ok,35,TRACKING,237,0,0,-1,0,0,0,nan,nan,0,0,nan,nan,
1750922002.214190483,1,-3.062105020,-0.064121285,0.095147723,-0.007238750,0.999319260,-0.035918989,0.004294590,970,628,339,1.462664347,1.394516972,0.916431579,0.801531089,0.141601262,1,0,ok,map,628,339,1109,0,ok,30,TRACKING,237,0,0,-1,0,0,0,nan,nan,0,0,nan,nan,
1750922002.226190567,1,-3.060314934,-0.062004574,0.110147842,-0.006330195,0.999342483,-0.035611654,-0.002517913,983,624,324,1.539021804,1.409436547,0.584907396,0.788360274,0.251731162,1,0,ok,map,624,324,1109,0,ok,17,TRACKING,237,0,0,-1,0,0,0,nan,nan,0,0,nan,nan,
1750922002.238190651,1,-3.057248192,-0.063543474,0.137368343,-0.007102475,0.999313229,-0.035269639,-0.008870092,982,616,337,1.577816266,1.541126223,0.614395918,0.734321595,0.172026188,1,0,ok,map,616,337,1109,0,ok,18,TRACKING,237,0,0,-1,0,0,0,nan,nan,0,0,nan,nan,
1750922002.250190735,1,-3.052785388,-0.066463514,0.152609002,-0.008281828,0.999265890,-0.034097676,-0.015376663,980,612,324,1.583372226,1.508923150,0.529263624,0.769576333,0.246630472,1,0,ok,map,612,324,1109,0,ok,20,TRACKING,237,0,0,-1,0,0,0,nan,nan,0,0,nan,nan,
1750922002.262190819,1,-3.049905417,-0.058829884,0.185815318,-0.007403615,0.999182139,-0.033115326,-0.021991228,974,605,293,1.651701753,1.589588432,1.296941787,0.821623548,0.541803379,1,0,ok,map,605,293,1109,0,ok,26,TRACKING,238,1,0,-1,0,0,0,nan,nan,0,0,nan,nan,
1750922002.274190903,1,-3.047859866,-0.060685875,0.201025111,-0.006765204,0.998999350,-0.033609910,-0.028721156,966,681,413,1.342662766,1.220046101,0.789840071,0.777009367,0.108580624,1,0,ok,map,681,413,1126,0,ok,34,TRACKING,238,0,0,-1,0,0,0,nan,nan,0,0,nan,nan,
1750922002.286190987,1,-3.043958906,-0.058567441,0.214682909,-0.006023276,0.998771902,-0.033957633,-0.035570873,959,662,390,1.561968198,1.365070142,0.804652533,0.790946702,0.473922926,1,0,ok,map,662,390,1126,0,ok,41,TRACKING,238,0,0,-1,0,0,0,nan,nan,0,0,nan,nan,
1750922002.298191071,1,-3.040477099,-0.055732107,0.242571450,-0.006682677,0.998460029,-0.035476392,-0.042122885,945,639,379,1.630969651,1.491634800,1.003424319,0.775233196,0.460000046,1,0,ok,map,639,379,1126,0,ok,55,TRACKING,238,0,0,-1,0,0,0,nan,nan,0,0,nan,nan,
1750922002.310191154,1,-3.037927295,-0.058401031,0.253629425,-0.007232957,0.998099037,-0.036983991,-0.048766608,957,622,366,1.630174473,1.450880959,0.871547655,0.784305508,0.424493256,1,0,ok,map,622,366,1126,0,ok,43,TRACKING,238,0,0,-1,0,0,0,nan,nan,0,0,nan,nan,
1750922002.322191238,1,-3.033822911,-0.059308063,0.291077813,-0.006173814,0.997734686,-0.037336232,-0.055618220,963,612,344,1.559925809,1.435483930,1.156782172,0.796583542,0.599807115,1,0,ok,map,612,344,1126,0,ok,37,TRACKING,238,0,0,-1,0,0,0,nan,nan,0,0,nan,nan,
1750922002.334191322,1,-3.026510650,-0.061288981,0.302925919,-0.005919191,0.997411918,-0.036383454,-0.061730649,961,593,344,1.510441090,1.374339083,0.744521351,0.773966642,0.379331255,1,0,ok,map,593,344,1126,0,ok,39,TRACKING,239,1,0,-1,0,0,0,nan,nan,0,0,nan,nan,
1750922002.346191406,1,-3.021327408,-0.057867959,0.322766769,-0.005814759,0.996999880,-0.035472735,-0.068550073,965,638,416,1.300929458,1.108560609,0.737312527,0.789891009,0.424822848,1,0,ok,map,638,416,1050,0,ok,35,TRACKING,239,0,0,-1,0,0,0,nan,nan,0,0,nan,nan,
1750922002.358191490,1,-3.018573761,-0.056630517,0.338857598,-0.006052762,0.996479484,-0.036002623,-0.075470610,962,626,374,1.571134715,1.437514028,1.073003326,0.798056517,0.577873711,1,0,ok,map,626,374,1050,0,ok,38,TRACKING,239,0,0,-1,0,0,0,nan,nan,0,0,nan,nan,
1750922002.370191574,1,-3.010256455,-0.055263421,0.370433590,-0.007864399,0.995929046,-0.037047676,-0.081798271,962,607,368,1.632265693,1.494598478,1.042872458,0.766279244,0.452654522,1,0,ok,map,607,368,1050,0,ok,38,TRACKING,239,0,0,-1,0,0,0,nan,nan,0,0,nan,nan,
1750922002.382191658,1,-3.004737586,-0.054227895,0.396529423,-0.007998378,0.995322644,-0.036938253,-0.088906836,964,593,366,1.581557900,1.540136466,1.173603158,0.817781988,0.364044905,1,0,ok,map,593,366,1050,0,ok,36,TRACKING,239,0,0,-1,0,0,0,nan,nan,0,0,nan,nan,
1750922002.394191742,1,-2.996239515,-0.055320661,0.419291713,-0.006204809,0.994749040,-0.036828326,-0.095286530,973,582,356,1.550382854,1.510465047,1.186887973,0.824631476,0.418758472,1,0,ok,map,582,356,1050,0,ok,27,TRACKING,240,1,0,-1,0,0,0,nan,nan,0,0,nan,nan,
1750922002.406191826,1,-2.989238114,-0.054253899,0.443326117,-0.005285341,0.994133446,-0.036261422,-0.101763776,959,614,431,1.226510438,1.125382095,0.884351781,0.755788674,0.162781902,1,0,ok,map,614,431,906,0,ok,41,TRACKING,240,0,0,-1,0,0,0,nan,nan,0,0,nan,nan,
1750922002.418191910,1,-2.984430175,-0.053350429,0.460175473,-0.006002792,0.993540269,-0.033969762,-0.108109921,968,606,410,1.293855988,1.130368218,0.896411906,0.780502587,0.220214901,1,0,ok,map,606,410,906,0,ok,32,TRACKING,240,0,0,-1,0,0,0,nan,nan,0,0,nan,nan,
1750922002.430191994,1,-2.978936935,-0.049706969,0.473697194,-0.006839567,0.992846778,-0.032994563,-0.114541933,960,596,348,1.735877943,1.633712078,1.042237157,0.755809976,0.729002371,1,0,ok,map,596,348,906,0,ok,40,TRACKING,240,0,0,-1,0,0,0,nan,nan,0,0,nan,nan,
1750922002.442192078,1,-2.976547794,-0.050750007,0.485789171,-0.006705588,0.991961713,-0.034461484,-0.121570561,951,576,329,1.688912060,1.589585108,1.052670454,0.829147219,0.656016658,1,0,ok,map,576,329,906,0,ok,49,TRACKING,240,0,0,-1,0,0,0,nan,nan,0,0,nan,nan,
1750922002.454192162,1,-2.961211632,-0.049997989,0.521988903,-0.006127102,0.991148413,-0.035867328,-0.127674654,950,564,328,1.553791520,1.493243362,0.999440049,0.804257877,0.278581302,1,0,ok,map,564,328,906,0,ok,50,TRACKING,241,1,0,-1,0,0,0,nan,nan,0,0,nan,nan,
1750922002.466192245,1,-2.953498486,-0.051419901,0.544090018,-0.006057003,0.990246346,-0.036067638,-0.134441858,955,601,450,1.232475983,1.088470814,0.776983398,0.782703139,0.124147389,1,0,ok,map,601,450,807,0,ok,45,TRACKING,241,0,0,-1,0,0,0,nan,nan,0,0,nan,nan,
1750922002.478192329,1,-2.947888263,-0.052002470,0.560362820,-0.006881776,0.989391686,-0.034914708,-0.140846359,968,597,418,1.277588082,1.181085881,0.677152370,0.758018856,0.118582468,1,0,ok,map,597,418,807,0,ok,32,TRACKING,241,0,0,-1,0,0,0,nan,nan,0,0,nan,nan,
1750922002.490192413,1,-2.935961889,-0.051620103,0.586205515,-0.006974301,0.988489870,-0.032567937,-0.147575287,967,596,404,1.369758622,1.279311904,0.729217240,0.823209877,0.119429374,1,0,ok,map,596,404,807,0,ok,33,TRACKING,241,0,0,-1,0,0,0,nan,nan,0,0,nan,nan,
1750922002.502192497,1,-2.927611492,-0.048272510,0.609306224,-0.006607131,0.987523584,-0.031087251,-0.154230669,969,596,401,1.496804718,1.476004437,0.833679951,0.790226993,0.158212321,1,0,ok,map,596,401,807,0,ok,31,TRACKING,241,0,0,-1,0,0,0,nan,nan,0,0,nan,nan,
1750922002.514192581,1,-2.917597397,-0.046073997,0.630856893,-0.006412798,0.986451691,-0.031568123,-0.160858294,962,595,363,1.413299942,1.376346721,0.895360295,0.771632280,0.147560693,1,0,ok,map,595,363,807,0,ok,38,TRACKING,241,0,0,-1,0,0,0,nan,nan,0,0,nan,nan,
1750922002.526192665,1,-2.910690955,-0.045868621,0.646767569,-0.005634328,0.985244768,-0.032341645,-0.167973273,956,591,391,1.482755796,1.396692254,0.873073430,0.836472618,0.290240279,1,0,ok,map,591,391,807,0,ok,44,TRACKING,241,0,0,-1,0,0,0,nan,nan,0,0,nan,nan,
1750922002.538192749,1,-2.900919541,-0.045973989,0.665983268,-0.004779465,0.984192665,-0.034065400,-0.173728247,948,576,385,1.421192275,1.302002385,0.879170117,0.793299163,0.153942554,1,0,ok,map,576,385,807,0,ok,52,TRACKING,242,1,0,-1,0,0,0,nan,nan,0,0,nan,nan,
1750922002.550192833,1,-2.891978836,-0.048498820,0.686866167,-0.005446987,0.983034402,-0.034110673,-0.180139273,962,622,421,1.328347075,1.200038381,0.821644904,0.750470704,0.123695080,1,0,ok,map,622,421,684,0,ok,38,TRACKING,242,0,0,-1,0,0,0,nan,nan,0,0,nan,nan,
1750922002.562192917,1,-2.878548920,-0.049536334,0.713738007,-0.006719415,0.981881822,-0.032206896,-0.186616325,977,618,407,1.458908107,1.437671022,1.011930871,0.798237592,0.226960226,1,0,ok,map,618,407,684,0,ok,23,TRACKING,242,0,0,-1,0,0,0,nan,nan,0,0,nan,nan,
1750922002.574193001,1,-2.869305372,-0.043648374,0.727825721,-0.007460431,0.980672064,-0.029099598,-0.193338712,982,617,391,1.587088140,1.550043359,0.945272372,0.864074153,0.173392816,1,0,ok,map,617,391,684,0,ok,18,TRACKING,242,0,0,-1,0,0,0,nan,nan,0,0,nan,nan,
1750922002.586193085,1,-2.858362056,-0.042269683,0.750106333,-0.006553520,0.979119566,-0.030642788,-0.200855538,966,614,372,1.538582233,1.481642752,1.068863663,0.903146984,0.171606396,1,0,ok,map,614,372,684,0,ok,34,TRACKING,242,0,0,-1,0,0,0,nan,nan,0,0,nan,nan,
1750922002.598193169,1,-2.846951238,-0.041486959,0.771664762,-0.006936715,0.977707612,-0.031665746,-0.207453581,983,612,351,1.535140945,1.385293846,0.987301146,0.783267027,0.307546219,1,0,ok,map,612,351,684,0,ok,17,TRACKING,242,0,0,-1,0,0,0,nan,nan,0,0,nan,nan,
1750922002.610193253,1,-2.835842230,-0.041309120,0.791401342,-0.007859464,0.976180621,-0.032219163,-0.214409770,977,612,345,1.541353715,1.468559336,0.944934132,0.825363337,0.282260710,1,0,ok,map,612,345,684,0,ok,23,TRACKING,242,0,0,-1,0,0,0,nan,nan,0,0,nan,nan,
1750922002.622193336,1,-2.824229192,-0.043034816,0.811888877,-0.008446955,0.974638223,-0.032935449,-0.221188243,967,612,334,1.625125066,1.552400089,0.890926528,0.803654613,0.195715510,1,0,ok,map,612,334,684,0,ok,33,TRACKING,242,0,0,-1,0,0,0,nan,nan,0,0,nan,nan,
1750922002.634193420,1,-2.812578094,-0.043866430,0.834134052,-0.008814803,0.973109198,-0.032319705,-0.227895206,950,603,307,1.825493355,1.688037888,1.541868454,0.792555429,0.805802549,1,0,ok,map,603,307,684,0,ok,50,TRACKING,242,0,0,-1,0,0,0,nan,nan,0,0,nan,nan,
1750922002.646193504,1,-2.800225863,-0.041505880,0.850646052,-0.009091887,0.971512777,-0.030815039,-0.234799266,951,595,284,1.646108824,1.625196216,1.011453491,0.830734491,0.196851396,1,0,ok,map,595,284,684,0,ok,49,TRACKING,242,0,0,-1,0,0,0,nan,nan,0,0,nan,nan,
1750922002.658193588,1,-2.788714196,-0.041060108,0.865847563,-0.008721455,0.970027678,-0.031825730,-0.240743355,953,588,294,1.760279772,1.689430925,1.318027086,0.828441234,0.577281884,1,0,ok,map,588,294,684,0,ok,47,TRACKING,243,1,12,107,168,1,0,0.004970677,0.004817349,110,80,0.727272727,1.360059664,ok
1750922002.670193672,1,-2.770230985,-0.040532390,0.885678147,-0.008281018,0.968248960,-0.032656635,-0.247707328,958,661,402,1.578332339,1.493431309,0.966442016,0.830653427,0.319579478,1,0,ok,map,661,402,711,0,ok,42,TRACKING,243,0,0,-1,0,0,0,nan,nan,0,0,nan,nan,
1750922002.682193756,1,-2.761989747,-0.038594654,0.900327068,-0.008549429,0.966464641,-0.033462651,-0.254466612,922,628,393,1.538930312,1.478718530,0.892013177,0.806985182,0.270113263,1,0,ok,map,628,393,711,0,ok,78,TRACKING,243,0,0,-1,0,0,0,nan,nan,0,0,nan,nan,
1750922002.694193840,1,-2.748421022,-0.040833092,0.919595382,-0.008722492,0.964658639,-0.034248003,-0.261122005,966,617,368,1.590404712,1.559792947,0.845824168,0.795589198,0.255709391,1,0,ok,map,617,368,711,0,ok,34,TRACKING,243,0,0,-1,0,0,0,nan,nan,0,0,nan,nan,
1750922002.706193924,1,-2.733605120,-0.039913257,0.940565848,-0.009036168,0.962752430,-0.034087724,-0.268074865,972,609,337,1.686110980,1.627195527,1.026124599,0.827127248,0.575113103,1,0,ok,map,609,337,711,0,ok,28,TRACKING,243,0,0,-1,0,0,0,nan,nan,0,0,nan,nan,
1750922002.718194008,1,-2.729430985,-0.039596661,0.949811183,-0.009525447,0.960887198,-0.033446598,-0.274747855,943,574,323,1.486032639,1.402404586,0.709856949,0.802171270,0.237190353,1,0,ok,map,574,323,711,0,ok,57,TRACKING,244,1,0,-1,0,0,0,nan,nan,0,0,nan,nan,
1750922002.730194092,1,-2.714958962,-0.038835198,0.967788120,-0.009653677,0.958982903,-0.032080417,-0.281477253,935,635,428,1.267815583,1.129645470,0.739077193,0.816694934,0.253742283,1,0,ok,map,635,428,796,0,ok,65,TRACKING,244,0,0,-1,0,0,0,nan,nan,0,0,nan,nan,
1750922002.742194176,1,-2.700295596,-0.037591751,0.986212594,-0.009533249,0.956955024,-0.031610480,-0.288352174,961,628,411,1.391405550,1.291098676,0.747351544,0.823245981,0.280712839,1,0,ok,map,628,411,796,0,ok,39,TRACKING,244,0,0,-1,0,0,0,nan,nan,0,0,nan,nan,
1750922002.754194260,1,-2.683099768,-0.038183389,1.007061079,-0.009677335,0.954906036,-0.032241775,-0.294993696,957,608,385,1.502170184,1.410774803,0.846438544,0.799908662,0.378915336,1,0,ok,map,608,385,796,0,ok,43,TRACKING,244,0,0,-1,0,0,0,nan,nan,0,0,nan,nan,
1750922002.766194344,1,-2.674518579,-0.037030627,1.018929750,-0.009508929,0.952783346,-0.032610071,-0.301745022,956,591,353,1.365168255,1.238658908,0.649883498,0.812311348,0.219857888,1,0,ok,map,591,353,796,0,ok,44,TRACKING,244,0,0,-1,0,0,0,nan,nan,0,0,nan,nan,
1750922002.778194427,1,-2.660120667,-0.036732657,1.038868321,-0.009396769,0.950543039,-0.033323878,-0.308657013,947,579,346,1.430399863,1.306527103,1.007383113,0.831020949,0.428810200,1,0,ok,map,579,346,796,0,ok,53,TRACKING,245,1,0,-1,0,0,0,nan,nan,0,0,nan,nan,
1750922002.790194511,1,-2.645674962,-0.036947257,1.055053421,-0.009749893,0.948334139,-0.033201582,-0.315380651,962,641,435,1.186528563,1.036789445,0.687026102,0.812117219,0.153843425,1,0,ok,map,641,435,853,0,ok,38,TRACKING,245,0,0,-1,0,0,0,nan,nan,0,0,nan,nan,
1750922002.802194595,1,-2.627420887,-0.036784987,1.075255054,-0.010370123,0.946125495,-0.032401217,-0.322008026,950,618,407,1.293387673,1.169342229,0.807424207,0.808870923,0.233100879,1,0,ok,map,618,407,853,0,ok,50,TRACKING,245,0,0,-1,0,0,0,nan,nan,0,0,nan,nan,
1750922002.814194679,1,-2.615300579,-0.036409920,1.088048163,-0.010717316,0.943863855,-0.032414841,-0.328565731,927,583,376,1.362169215,1.248457136,0.680512399,0.795891271,0.249695756,1,0,ok,map,583,376,853,0,ok,73,TRACKING,245,0,0,-1,0,0,0,nan,nan,0,0,nan,nan,
1750922002.826194763,1,-2.598358194,-0.035574757,1.107100398,-0.010765054,0.941484878,-0.032668866,-0.335295518,954,577,374,1.428161388,1.249399851,0.837362505,0.818480472,0.302167675,1,0,ok,map,577,374,853,0,ok,46,TRACKING,245,0,0,-1,0,0,0,nan,nan,0,0,nan,nan,
1750922002.838194847,1,-2.586456255,-0.034997183,1.122911775,-0.011230274,0.939007921,-0.032710660,-0.342152040,943,554,345,1.362170100,1.132715524,0.858519723,0.817474677,0.393712209,1,0,ok,map,554,345,853,0,ok,57,TRACKING,246,1,0,-1,0,0,0,nan,nan,0,0,nan,nan,
1750922002.850194931,1,-2.572627374,-0.033820158,1.137513890,-0.011366575,0.936614725,-0.032540247,-0.348661426,945,633,442,1.062500760,0.871246183,0.777738517,0.795130893,0.031942695,1,0,ok,map,633,442,903,0,ok,55,TRACKING,246,0,0,-1,0,0,0,nan,nan,0,0,nan,nan,
1750922002.862195015,1,-2.554007674,-0.032909758,1.154067481,-0.011025603,0.934092940,-0.032883018,-0.355341418,961,626,438,1.261187073,1.078747505,0.753821730,0.820075894,0.079656175,1,0,ok,map,626,438,903,0,ok,39,TRACKING,246,0,0,-1,0,0,0,nan,nan,0,0,nan,nan,
1750922002.874195099,1,-2.536568382,-0.034436379,1.170213337,-0.010148221,0.931504225,-0.033509981,-0.362041397,954,617,407,1.312804578,1.207666089,0.807756612,0.832303018,0.090654975,1,0,ok,map,617,407,903,0,ok,46,TRACKING,246,0,0,-1,0,0,0,nan,nan,0,0,nan,nan,
1750922002.886195183,1,-2.521502292,-0.034273348,1.184257519,-0.009841557,0.929042698,-0.032685303,-0.368394463,933,588,379,1.361268739,1.268311352,0.782507606,0.787227200,0.124820847,1,0,ok,map,588,379,903,0,ok,67,TRACKING,246,0,0,-1,0,0,0,nan,nan,0,0,nan,nan,
1750922002.898195267,1,-2.507047870,-0.032871995,1.199310240,-0.011687724,0.926533353,-0.029664975,-0.374859083,943,572,341,1.356669834,1.175813196,1.019697354,0.858721757,0.270366261,1,0,ok,map,572,341,903,0,ok,57,TRACKING,247,1,0,-1,0,0,0,nan,nan,0,0,nan,nan,
1750922002.910195351,1,-2.492487432,-0.029463739,1.210391686,-0.011188105,0.923756512,-0.028990961,-0.381717509,940,648,433,1.139524107,0.965130000,0.795894672,0.853326490,0.068994252,1,0,ok,map,648,433,915,0,ok,60,TRACKING,247,0,0,-1,0,0,0,nan,nan,0,0,nan,nan,
1750922002.922195435,1,-2.472673318,-0.030230275,1.227170244,-0.010168105,0.920780101,-0.031431297,-0.388680703,935,613,416,1.282717127,1.121178282,0.897614017,0.919172024,0.136029367,1,0,ok,map,613,416,915,0,ok,65,TRACKING,247,0,0,-1,0,0,0,nan,nan,0,0,nan,nan,
1750922002.934195518,1,-2.453738287,-0.032236851,1.241983941,-0.010535840,0.918061563,-0.032472469,-0.394965190,938,596,388,1.385649540,1.206289836,0.763993738,0.794778918,0.225236302,1,0,ok,map,596,388,915,0,ok,62,TRACKING,247,0,0,-1,0,0,0,nan,nan,0,0,nan,nan,
1750922002.946195602,1,-2.444741624,-0.030637854,1.250355114,-0.011141828,0.915214916,-0.031522206,-0.401576727,961,592,388,1.366060651,1.266399284,0.724745013,0.834917907,0.253575307,1,0,ok,map,592,388,915,0,ok,39,TRACKING,247,0,0,-1,0,0,0,nan,nan,0,0,nan,nan,
1750922002.958195686,1,-2.423541100,-0.029502396,1.265094578,-0.012074891,0.912408623,-0.030614807,-0.407955187,968,583,356,1.412672528,1.203282772,0.604883239,0.812341946,0.426264241,1,0,ok,map,583,356,915,0,ok,32,TRACKING,247,0,0,-1,0,0,0,nan,nan,0,0,nan,nan,
1750922002.970195770,1,-2.410279029,-0.028883401,1.279418338,-0.011956672,0.909150588,-0.031638669,-0.415091846,946,562,369,1.319358605,1.191175221,0.781391059,0.869095637,0.100900402,1,0,ok,map,562,369,915,0,ok,54,TRACKING,248,1,0,-1,0,0,0,nan,nan,0,0,nan,nan,
1750922002.982195854,1,-2.391749584,-0.029728375,1.292513469,-0.012148689,0.906287573,-0.031833518,-0.421285973,948,702,533,1.037432683,0.860358027,0.733827199,0.782578047,0.073739160,1,0,ok,map,702,533,954,0,ok,52,TRACKING,248,0,0,-1,0,0,0,nan,nan,0,0,nan,nan,
1750922002.994195938,1,-2.369490352,-0.029187732,1.307917186,-0.012326329,0.903324276,-0.030566364,-0.427690322,961,691,503,1.194552138,1.034041538,0.800601635,0.821824238,0.055789041,1,0,ok,map,691,503,954,0,ok,39,TRACKING,248,0,0,-1,0,0,0,nan,nan,0,0,nan,nan,
1750922003.006196022,1,-2.358911352,-0.028297855,1.315072876,-0.012181918,0.900269875,-0.029328764,-0.434172288,964,681,475,1.286957554,1.187139874,0.763788360,0.833435883,0.118790931,1,0,ok,map,681,475,954,0,ok,36,TRACKING,248,0,0,-1,0,0,0,nan,nan,0,0,nan,nan,
1750922003.018196106,1,-2.333394585,-0.027150585,1.333886953,-0.012522308,0.897058137,-0.030143035,-0.440705443,931,662,434,1.307476753,1.175481991,0.939134768,0.840328293,0.177147107,1,0,ok,map,662,434,954,0,ok,69,TRACKING,248,0,0,-1,0,0,0,nan,nan,0,0,nan,nan,
1750922003.030196190,1,-2.322574221,-0.027685932,1.338849295,-0.012638631,0.893888522,-0.030517946,-0.447070721,952,645,461,1.348734729,1.216753293,0.726274230,0.816077918,0.196867127,1,0,ok,map,645,461,954,0,ok,48,TRACKING,248,0,0,-1,0,0,0,nan,nan,0,0,nan,nan,
1750922003.042196274,1,-2.303980043,-0.028487707,1.350485729,-0.012654939,0.890672131,-0.030406402,-0.453451715,968,636,456,1.370166421,1.244540570,0.646217389,0.818950352,0.180374188,1,0,ok,map,636,456,954,0,ok,32,TRACKING,248,0,0,-1,0,0,0,nan,nan,0,0,nan,nan,
1750922003.054196358,1,-2.282784415,-0.027635154,1.364473110,-0.011068664,0.887395085,-0.030204706,-0.459885989,984,631,442,1.374385825,1.290649301,0.734257430,0.847482775,0.113843869,1,0,ok,map,631,442,954,0,ok,16,TRACKING,248,0,0,-1,0,0,0,nan,nan,0,0,nan,nan,
1750922003.066196442,1,-2.261804827,-0.027366685,1.378219268,-0.010857310,0.884260986,-0.029501121,-0.465933806,970,614,394,1.364993622,1.278541779,0.815852428,0.785086437,0.232381443,1,0,ok,map,614,394,954,0,ok,30,TRACKING,248,0,0,-1,0,0,0,nan,nan,0,0,nan,nan,
1750922003.078196526,1,-2.244255192,-0.025695040,1.387295075,-0.010709778,0.881056986,-0.027137719,-0.472109555,978,608,392,1.426954183,1.413489108,0.799477341,0.842175193,0.081499287,1,0,ok,map,608,392,954,0,ok,22,TRACKING,248,0,0,-1,0,0,0,nan,nan,0,0,nan,nan,
1750922003.090196609,1,-2.231965892,-0.026691614,1.394545861,-0.011049384,0.877208775,-0.027762068,-0.479178405,962,599,363,1.632463654,1.566682278,0.781141352,0.871137628,0.342444002,1,0,ok,map,599,363,954,0,ok,38,TRACKING,249,1,0,-1,0,0,0,nan,nan,0,0,nan,nan,
1750922003.102196693,1,-2.211589053,-0.025827506,1.405497028,-0.012537436,0.873826891,-0.029621772,-0.485172061,966,767,553,1.154508574,1.043130012,0.807323442,0.834507383,0.095417748,1,0,ok,map,767,553,1028,0,ok,34,TRACKING,249,0,0,-1,0,0,0,nan,nan,0,0,nan,nan,
1750922003.114196777,1,-2.192599551,-0.026182111,1.415520339,-0.013114332,0.870354767,-0.029922507,-0.491340246,959,745,548,1.384203168,1.272558329,0.798814326,0.814532521,0.061330491,1,0,ok,map,745,548,1028,0,ok,41,TRACKING,249,0,0,-1,0,0,0,nan,nan,0,0,nan,nan,
1750922003.126196861,1,-2.177010613,-0.025428444,1.423595500,-0.012522076,0.866756204,-0.029212154,-0.497718324,967,730,495,1.448871247,1.371011881,0.766068684,0.845846812,0.092399394,1,0,ok,map,730,495,1028,0,ok,33,TRACKING,249,0,0,-1,0,0,0,nan,nan,0,0,nan,nan,
1750922003.138196945,1,-2.154741536,-0.025431763,1.433934015,0.012861831,-0.863236131,0.028357393,0.503839075,974,714,481,1.452726304,1.376062338,0.664707528,0.815943136,0.255953948,1,0,ok,map,714,481,1028,0,ok,26,TRACKING,249,0,0,-1,0,0,0,nan,nan,0,0,nan,nan,
1750922003.150197029,1,-2.134372241,-0.025259407,1.445666543,0.013809645,-0.859535046,0.028430894,0.510098503,986,710,489,1.407715155,1.371332532,0.793685356,0.840374731,0.049995542,1,0,ok,map,710,489,1028,0,ok,14,TRACKING,249,0,0,-1,0,0,0,nan,nan,0,0,nan,nan,
1750922003.162197113,1,-2.115274268,-0.026693943,1.452963001,0.014811353,-0.855918612,0.028321889,0.516121908,975,706,458,1.459844459,1.357569006,0.670558465,0.813321693,0.182195521,1,0,ok,map,706,458,1028,0,ok,25,TRACKING,249,0,0,-1,0,0,0,nan,nan,0,0,nan,nan,
1750922003.174197197,1,-2.096134311,-0.026091326,1.460352798,0.014972050,-0.852099381,0.027731610,0.522430321,983,700,433,1.533402378,1.431391808,0.656019470,0.847955154,0.273475106,1,0,ok,map,700,433,1028,0,ok,17,TRACKING,249,0,0,-1,0,0,0,nan,nan,0,0,nan,nan,
1750922003.186197281,1,-2.075597407,-0.025071513,1.469018267,0.014020682,-0.848160398,0.027717925,0.528828021,981,689,409,1.628935368,1.521996833,0.805506741,0.867812329,0.410877059,1,0,ok,map,689,409,1028,0,ok,19,TRACKING,249,0,0,-1,0,0,0,nan,nan,0,0,nan,nan,
1750922003.198197365,1,-2.054013696,-0.025061362,1.477617883,0.013333982,-0.844405608,0.027373094,0.534838376,956,661,417,1.566657888,1.584030247,0.747425835,0.816849754,0.204052613,1,0,ok,map,661,417,1028,0,ok,44,TRACKING,249,0,0,-1,0,0,0,nan,nan,0,0,nan,nan,
1750922003.210197449,1,-2.036061334,-0.023549486,1.486019332,0.013717084,-0.840616749,0.026979289,0.540784098,968,652,395,1.539658060,1.542556460,0.733040104,0.810358543,0.196151139,1,0,ok,map,652,395,1028,0,ok,32,TRACKING,249,0,0,-1,0,0,0,nan,nan,0,0,nan,nan,
1750922003.222197533,1,-2.012809646,-0.025391333,1.496327854,0.014368242,-0.836721284,0.027846757,0.546731749,964,631,374,1.610221089,1.554720318,0.797192871,0.824151019,0.094995182,1,0,ok,map,631,374,1028,0,ok,36,TRACKING,249,0,0,-1,0,0,0,nan,nan,0,0,nan,nan,
1750922003.234197617,1,-1.992518234,-0.027273444,1.500826493,0.014347249,-0.832778874,0.026495033,0.552785235,967,611,346,1.744038322,1.722600251,0.606122695,0.842190477,0.311579745,1,0,ok,map,611,346,1028,0,ok,33,TRACKING,249,0,0,-1,0,0,0,nan,nan,0,0,nan,nan,
1750922003.246197701,1,-1.978258891,-0.025162921,1.505132422,0.014104139,-0.828425980,0.025090489,0.559358505,972,594,306,1.849354428,1.773572355,0.525661612,0.851979263,0.382724254,1,0,ok,map,594,306,1028,0,ok,28,TRACKING,250,1,0,-1,0,0,0,nan,nan,0,0,nan,nan,
1750922003.258197784,1,-1.956387129,-0.024765159,1.512514319,0.013476750,-0.824119774,0.026010316,0.565657528,950,683,446,1.490099151,1.280070042,0.839980822,0.883627169,0.197255927,1,0,ok,map,683,446,1059,0,ok,50,TRACKING,250,0,0,-1,0,0,0,nan,nan,0,0,nan,nan,
1750922003.270197868,1,-1.938331828,-0.025803249,1.517299329,0.014064863,-0.820304647,0.025521514,0.571183962,940,651,417,1.506325797,1.357078076,0.704122266,0.774503734,0.292345413,1,0,ok,map,651,417,1059,0,ok,60,TRACKING,250,0,0,-1,0,0,0,nan,nan,0,0,nan,nan,
1750922003.282197952,1,-1.910566777,-0.024560272,1.526620068,0.014062101,-0.816076839,0.025032724,0.577229775,974,634,390,1.484120162,1.420462973,0.840964562,0.847244643,0.053679528,1,0,ok,map,634,390,1059,0,ok,26,TRACKING,250,0,0,-1,0,0,0,nan,nan,0,0,nan,nan,
1750922003.294198036,1,-1.888362801,-0.024429674,1.531507331,0.013581760,-0.811917382,0.025396788,0.583061492,973,614,350,1.576318808,1.509518435,0.793184440,0.823733205,0.258823706,1,0,ok,map,614,350,1059,0,ok,27,TRACKING,250,0,0,-1,0,0,0,nan,nan,0,0,nan,nan,
1750922003.306198120,1,-1.874197657,-0.025652468,1.536749082,0.014000950,-0.807296846,0.026996682,0.589361481,952,593,317,1.566428832,1.406208724,0.957390042,0.843621387,0.480085950,1,0,ok,map,593,317,1059,0,ok,48,TRACKING,251,1,0,-1,0,0,0,nan,nan,0,0,nan,nan,
1750922003.318198204,1,-1.858415453,-0.025127367,1.539233206,0.013750862,-0.803194540,0.025392005,0.595016547,960,662,420,1.387389765,1.195719127,0.663333046,0.821921359,0.160550648,1,0,ok,map,662,420,1063,0,ok,40,TRACKING,251,0,0,-1,0,0,0,nan,nan,0,0,nan,nan,
1750922003.330198288,1,-1.831051147,-0.025125230,1.546837320,0.014175131,-0.799183845,0.022822696,0.600485947,965,643,411,1.404581324,1.299075903,0.759827037,0.832518554,0.086924388,1,0,ok,map,643,411,1063,0,ok,35,TRACKING,251,0,0,-1,0,0,0,nan,nan,0,0,nan,nan,
1750922003.342198372,1,-1.817673667,-0.024572889,1.547486329,0.013281414,-0.794858268,0.022346207,0.606238060,950,622,381,1.472506984,1.396585820,0.776359871,0.832848210,0.196344095,1,0,ok,map,622,381,1063,0,ok,50,TRACKING,251,0,0,-1,0,0,0,nan,nan,0,0,nan,nan,
1750922003.354198456,1,-1.785168826,-0.026304410,1.552891040,0.012289307,-0.790577925,0.022352263,0.611829956,952,601,362,1.479861314,1.433931057,0.810099285,0.814931840,0.203494561,1,0,ok,map,601,362,1063,0,ok,48,TRACKING,251,0,0,-1,0,0,0,nan,nan,0,0,nan,nan,
1750922003.366198540,1,-1.766714378,-0.026349554,1.556906022,0.012409323,-0.785923497,0.021888202,0.617811599,965,586,351,1.449511709,1.343501495,0.706662030,0.796198383,0.126173986,1,0,ok,map,586,351,1063,0,ok,35,TRACKING,252,1,0,-1,0,0,0,nan,nan,0,0,nan,nan,
1750922003.378198624,1,-1.743836223,-0.025923799,1.562439128,0.013023900,-0.781871007,0.020536216,0.622965786,972,663,451,1.324956661,1.166693088,0.678104422,0.770359344,0.242027890,1,0,ok,map,663,451,1082,0,ok,28,TRACKING,252,0,0,-1,0,0,0,nan,nan,0,0,nan,nan,
1750922003.390198708,1,-1.728510497,-0.023734465,1.565484294,0.013263256,-0.777617101,0.019874093,0.628283973,969,652,430,1.265501456,1.113463860,0.759178326,0.784552303,0.042905009,1,0,ok,map,652,430,1082,0,ok,31,TRACKING,252,0,0,-1,0,0,0,nan,nan,0,0,nan,nan,
1750922003.402198792,1,-1.701809769,-0.025629523,1.566672604,0.012253069,-0.772910425,0.020483550,0.634066054,973,639,417,1.448355580,1.284641767,0.733976331,0.864976076,0.159951291,1,0,ok,map,639,417,1082,0,ok,27,TRACKING,252,0,0,-1,0,0,0,nan,nan,0,0,nan,nan,
1750922003.414198875,1,-1.688884433,-0.025426983,1.567020150,0.011255847,-0.768535741,0.019788980,0.639401687,986,634,378,1.550629851,1.380593333,0.591179077,0.802827595,0.257340083,1,0,ok,map,634,378,1082,0,ok,14,TRACKING,252,0,0,-1,0,0,0,nan,nan,0,0,nan,nan,
1750922003.426198959,1,-1.664395617,-0.025722907,1.569513657,0.011180563,-0.764125410,0.019371130,0.644679852,977,621,382,1.435740162,1.316951494,0.738138338,0.789688804,0.258243336,1,0,ok,map,621,382,1082,0,ok,23,TRACKING,252,0,0,-1,0,0,0,nan,nan,0,0,nan,nan,
1750922003.438199043,1,-1.654711622,-0.022879904,1.570207768,0.011852119,-0.759266285,0.017193360,0.650444944,961,595,313,1.660986693,1.520656474,0.931900991,0.829364483,0.339270426,1,0,ok,map,595,313,1082,0,ok,39,TRACKING,253,1,6,117,217,1,0,0.005732452,0.004879226,174,149,0.856321839,1.304689287,ok
1750922003.450199127,1,-1.607300140,-0.022707471,1.589349948,0.013416337,-0.754833268,0.017227557,0.655553164,969,623,343,1.644292212,1.626782007,0.649615959,0.795513873,0.153637469,1,0,ok,map,623,343,1012,0,ok,31,TRACKING,253,0,0,-1,0,0,0,nan,nan,0,0,nan,nan,
1750922003.462199211,1,-1.577476125,-0.026107113,1.592434318,0.013675135,-0.750330037,0.017450766,0.660691529,982,621,260,1.867947441,1.864820672,0.491509427,0.783917332,0.394538053,1,0,ok,map,621,260,1012,0,ok,18,TRACKING,253,0,0,-1,0,0,0,nan,nan,0,0,nan,nan,
1750922003.474199295,1,-1.575136368,-0.026642477,1.595165093,0.011994111,-0.745718763,0.016540481,0.665947506,983,612,233,2.126962575,1.983572284,0.529151569,0.830641211,0.609631758,1,0,ok,map,612,233,1012,0,ok,17,TRACKING,253,0,0,-1,0,0,0,nan,nan,0,0,nan,nan,
1750922003.486199379,1,-1.546896806,-0.023059532,1.591229973,0.012221795,-0.741316460,0.015827910,0.670857668,988,610,256,2.334100378,2.202479504,0.387472994,0.760543860,0.679784348,1,0,ok,map,610,256,1012,0,ok,12,TRACKING,253,0,0,-1,0,0,0,nan,nan,0,0,nan,nan,
1750922003.498199463,1,-1.521372901,-0.023641674,1.594292686,0.012977067,-0.736326930,0.018028746,0.676261202,967,592,255,2.135799102,2.038377455,0.811536732,0.883975601,0.686001677,1,0,ok,map,592,255,1012,0,ok,33,TRACKING,253,0,0,-1,0,0,0,nan,nan,0,0,nan,nan,
1750922003.510199547,1,-1.498955668,-0.018591715,1.588800826,0.014653743,-0.731887455,0.020284268,0.680965909,964,583,232,2.322424148,2.212325017,0.588578500,0.798705608,0.466187913,1,0,ok,map,583,232,1012,0,ok,36,TRACKING,254,1,0,-1,0,0,0,nan,nan,0,0,nan,nan,
1750922003.522199631,1,-1.479668450,-0.022402696,1.589703870,0.015433991,-0.726992903,0.021264092,0.686142077,978,616,340,1.650320827,1.509739724,0.635806697,0.828857641,0.207630720,1,0,ok,map,616,340,824,0,ok,22,TRACKING,254,0,0,-1,0,0,0,nan,nan,0,0,nan,nan,
1750922003.534199715,1,-1.448835366,-0.025276289,1.590843370,0.015292534,-0.722428394,0.020010790,0.690986919,970,596,295,1.880396382,1.691152367,0.483225408,0.776337210,0.334353445,1,0,ok,map,596,295,824,0,ok,30,TRACKING,254,0,0,-1,0,0,0,nan,nan,0,0,nan,nan,
1750922003.546199799,1,-1.436035361,-0.023678207,1.593025121,0.014819800,-0.717740486,0.017172839,0.695941133,958,571,294,1.698344288,1.593455357,0.661648613,0.848274891,0.224125536,1,0,ok,map,571,294,824,0,ok,42,TRACKING,254,0,0,-1,0,0,0,nan,nan,0,0,nan,nan,
1750922003.558199883,1,-1.417603377,-0.023542582,1.592430020,0.013956219,-0.712884153,0.016234329,0.700954959,974,558,258,1.592715668,1.525210855,0.827599755,0.813109281,0.244513106,1,0,ok,map,558,258,824,0,ok,26,TRACKING,254,0,0,-1,0,0,0,nan,nan,0,0,nan,nan,
1750922003.570199966,1,-1.401397016,-0.022342894,1.586221754,0.014938101,-0.708269930,0.016552231,0.705589529,977,551,288,1.949842338,1.784465670,0.486904978,0.779780922,0.362917729,1,0,ok,map,551,288,824,0,ok,23,TRACKING,255,1,0,-1,0,0,0,nan,nan,0,0,nan,nan,
1750922003.582200050,1,-1.380763994,-0.020687179,1.586545344,0.015356825,-0.702997301,0.017887536,0.710801659,985,625,394,1.488995744,1.275516809,0.687839396,0.864582100,0.210563723,1,0,ok,map,625,394,821,0,ok,15,TRACKING,255,0,0,-1,0,0,0,nan,nan,0,0,nan,nan,
1750922003.594200134,1,-1.352201960,-0.022770055,1.583056391,0.016156913,-0.698060832,0.018614675,0.715614088,978,623,385,1.621501020,1.447837440,0.618267173,0.799659195,0.200837932,1,0,ok,map,623,385,821,0,ok,22,TRACKING,255,0,0,-1,0,0,0,nan,nan,0,0,nan,nan,
1750922003.606200218,1,-1.340076917,-0.021507066,1.583784142,0.016689902,-0.693040892,0.018390250,0.720470380,974,608,373,1.529256792,1.413730891,0.683069433,0.803106326,0.142139851,1,0,ok,map,608,373,821,0,ok,26,TRACKING,255,0,0,-1,0,0,0,nan,nan,0,0,nan,nan,
1750922003.618200302,1,-1.313582950,-0.022633336,1.582448954,0.016970121,-0.687896113,0.018328370,0.725379227,986,607,315,1.575270884,1.465561111,0.771092774,0.815519159,0.204171336,1,0,ok,map,607,315,821,0,ok,14,TRACKING,255,0,0,-1,0,0,0,nan,nan,0,0,nan,nan,
1750922003.630200386,1,-1.306326075,-0.025647708,1.580303832,0.016519828,-0.682846899,0.017354061,0.730168504,964,601,310,1.699300814,1.617040042,0.820953391,0.806906783,0.328613131,1,0,ok,map,601,310,821,0,ok,36,TRACKING,255,0,0,-1,0,0,0,nan,nan,0,0,nan,nan,
1750922003.642200470,1,-1.274410837,-0.024885586,1.574429449,0.016319582,-0.677730437,0.016655449,0.734940625,971,595,296,1.942567606,1.736458021,0.277634661,0.806057513,0.571557229,1,0,ok,map,595,296,821,0,ok,29,TRACKING,255,0,0,-1,0,0,0,nan,nan,0,0,nan,nan,
1750922003.654200554,1,-1.255899822,-0.025155528,1.570466030,0.016000953,-0.672470472,0.016215212,0.739773277,963,584,332,1.779559020,1.662905992,0.633433946,0.820889289,0.283525405,1,0,ok,map,584,332,821,0,ok,37,TRACKING,255,0,0,-1,0,0,0,nan,nan,0,0,nan,nan,
1750922003.666200638,1,-1.232008919,-0.021572219,1.567493362,0.016561551,-0.667430913,0.016400393,0.744306871,976,580,305,1.799927076,1.667838215,0.513889087,0.812761984,0.349484131,1,0,ok,map,580,305,821,0,ok,24,TRACKING,256,1,0,-1,0,0,0,nan,nan,0,0,nan,nan,
1750922003.678200722,1,-1.203373732,-0.021966906,1.559473465,0.017804271,-0.662166059,0.017011960,0.748952409,972,638,376,1.698857348,1.414133148,0.537472549,0.820096929,0.295592541,1,0,ok,map,638,376,828,0,ok,28,TRACKING,256,0,0,-1,0,0,0,nan,nan,0,0,nan,nan,
1750922003.690200806,1,-1.198547110,-0.023448883,1.558742583,0.017078270,-0.657001281,0.016626080,0.753512590,962,631,328,1.654434056,1.525367896,0.681013145,0.795123124,0.215048364,1,0,ok,map,631,328,828,0,ok,38,TRACKING,256,0,0,-1,0,0,0,nan,nan,0,0,nan,nan,
1750922003.702200890,1,-1.172095082,-0.024336010,1.553593148,0.014998335,-0.651332866,0.017060133,0.758452042,966,626,328,1.749232912,1.586653703,0.676675345,0.895311011,0.249233443,1,0,ok,map,626,328,828,0,ok,34,TRACKING,256,0,0,-1,0,0,0,nan,nan,0,0,nan,nan,
1750922003.714200974,1,-1.149222953,-0.025511413,1.546391338,0.014820652,-0.646132868,0.017095061,0.762889523,984,621,322,1.777818384,1.690332437,0.547276483,0.783626979,0.238944145,1,0,ok,map,621,322,828,0,ok,16,TRACKING,256,0,0,-1,0,0,0,nan,nan,0,0,nan,nan,
1750922003.726201057,1,-1.117240824,-0.025847836,1.539405529,0.015610861,-0.641027549,0.015709702,0.767198272,973,607,281,1.819526962,1.672480303,0.505174109,0.787048308,0.396596851,1,0,ok,map,607,281,828,0,ok,27,TRACKING,256,0,0,-1,0,0,0,nan,nan,0,0,nan,nan,
1750922003.738201141,1,-1.106351043,-0.019160339,1.537576966,0.015427103,-0.635983406,0.013748534,0.771426010,955,577,279,1.682274537,1.571298118,0.630876857,0.839390519,0.238777233,1,0,ok,map,577,279,828,0,ok,45,TRACKING,257,1,0,-1,0,0,0,nan,nan,0,0,nan,nan,
1750922003.750201225,1,-1.092925857,-0.021441296,1.530519778,0.015915456,-0.630408477,0.015172049,0.775952098,969,625,330,1.774538676,1.557401666,0.487905326,0.840749352,0.413711153,1,0,ok,map,625,330,782,0,ok,31,TRACKING,257,0,0,-1,0,0,0,nan,nan,0,0,nan,nan,
1750922003.762201309,1,-1.065710920,-0.030920474,1.520675968,0.015125339,-0.625132733,0.016675526,0.780193705,960,602,229,2.055298195,1.738530883,0.279915371,0.799760742,0.536895290,1,0,ok,map,602,229,782,0,ok,40,TRACKING,257,0,0,-1,0,0,0,nan,nan,0,0,nan,nan,
1750922003.774201393,1,-1.046675840,-0.025821823,1.519541247,0.013658593,-0.619748161,0.013941708,0.784558021,963,587,223,1.780057300,1.658024170,0.698692692,0.870188824,0.238618013,1,0,ok,map,587,223,782,0,ok,37,TRACKING,257,0,0,-1,0,0,0,nan,nan,0,0,nan,nan,
1750922003.786201477,1,-1.041756177,-0.017610797,1.517322548,0.013122375,-0.614744133,0.011309134,0.788536339,948,568,188,1.999905335,1.776180592,0.397250577,0.794620121,0.426446600,1,0,ok,map,568,188,782,0,ok,52,TRACKING,257,0,0,-1,0,0,0,nan,nan,0,0,nan,nan,
1750922003.798201561,1,-1.019568459,-0.024089789,1.506820517,0.015030052,-0.608981767,0.013914012,0.792919734,936,558,183,2.012436416,1.816693147,0.627567252,0.930334648,0.378812651,1,0,ok,map,558,183,782,0,ok,64,TRACKING,258,1,0,-1,0,0,0,nan,nan,0,0,nan,nan,
1750922003.810201645,1,-0.988864219,-0.025848815,1.497539870,0.015969837,-0.603639420,0.014311309,0.796969009,952,629,285,1.396232651,1.126248335,0.444183086,0.777016241,0.345691343,1,0,ok,map,629,285,788,0,ok,48,TRACKING,258,0,0,-1,0,0,0,nan,nan,0,0,nan,nan,
1750922003.822201729,1,-0.976597760,-0.025431222,1.492219080,0.015131462,-0.597672829,0.013976961,0.801475435,942,604,269,1.532839903,1.392060774,0.698078445,0.863042687,0.205249684,1,0,ok,map,604,269,788,0,ok,58,TRACKING,258,0,0,-1,0,0,0,nan,nan,0,0,nan,nan,
1750922003.834201813,1,-0.950217990,-0.024785322,1.485641166,0.014367201,-0.592013473,0.013173988,0.805692297,950,576,238,1.538926867,1.259795842,0.900560741,0.818662809,0.477710062,1,0,ok,map,576,238,788,0,ok,50,TRACKING,258,0,0,-1,0,0,0,nan,nan,0,0,nan,nan,
1750922003.846201897,1,-0.951117357,-0.026228695,1.487256491,0.014261915,-0.586244293,0.012557701,0.809911434,954,569,239,1.389321576,1.290574662,0.792311545,0.822154903,0.123012149,1,0,ok,map,569,239,788,0,ok,46,TRACKING,258,0,0,-1,0,0,0,nan,nan,0,0,nan,nan,
1750922003.858201981,1,-0.910300055,-0.020111299,1.469150354,0.014457272,-0.580716078,0.012521133,0.813881469,971,566,238,1.587767955,1.303996195,0.705670369,0.822707710,0.460390003,1,0,ok,map,566,238,788,0,ok,29,TRACKING,259,1,0,-1,0,0,0,nan,nan,0,0,nan,nan,
1750922003.870202065,1,-0.881961741,-0.014733579,1.456776025,0.014200742,-0.574827213,0.012548072,0.818055352,965,668,330,1.253087739,0.949316512,0.602609219,0.827655676,0.293317102,1,0,ok,map,668,330,849,0,ok,35,TRACKING,259,0,0,-1,0,0,0,nan,nan,0,0,nan,nan,
1750922003.882202148,1,-0.873276927,-0.019946125,1.453590185,0.014749512,-0.568856642,0.013337577,0.822196255,973,658,356,1.273214660,1.111269699,0.787996436,0.839882758,0.072775772,1,0,ok,map,658,356,849,0,ok,27,TRACKING,259,0,0,-1,0,0,0,nan,nan,0,0,nan,nan,
1750922003.894202232,1,-0.847000922,-0.023867609,1.438955751,0.014929232,-0.563000120,0.013530288,0.826211180,970,645,315,1.477975555,1.275938281,0.720801177,0.814230204,0.212368288,1,0,ok,map,645,315,849,0,ok,30,TRACKING,259,0,0,-1,0,0,0,nan,nan,0,0,nan,nan,
1750922003.906202316,1,-0.830858305,-0.022338019,1.431200660,0.014371249,-0.557064183,0.012153422,0.830256140,972,634,314,1.456116751,1.263384800,0.758072841,0.840545999,0.142671544,1,0,ok,map,634,314,849,0,ok,28,TRACKING,259,0,0,-1,0,0,0,nan,nan,0,0,nan,nan,
1750922003.918202400,1,-0.808598054,-0.023327951,1.422350851,0.014130462,-0.551061395,0.011310086,0.834268393,976,625,268,1.554047257,1.333331650,0.964109906,0.833460174,0.323307421,1,0,ok,map,625,268,849,0,ok,24,TRACKING,259,0,0,-1,0,0,0,nan,nan,0,0,nan,nan,
1750922003.930202484,1,-0.788442378,-0.023546451,1.409283842,0.014297132,-0.544930069,0.011958380,0.838274304,955,605,271,1.438413114,1.302818833,0.748806986,0.842764509,0.097012831,1,0,ok,map,605,271,849,0,ok,45,TRACKING,259,0,0,-1,0,0,0,nan,nan,0,0,nan,nan,
1750922003.942202568,1,-0.774720293,-0.018955208,1.407291171,0.012719139,-0.539023107,0.011614218,0.842114852,958,596,258,1.469852879,1.368473836,0.828395707,0.866526472,0.088678558,1,0,ok,map,596,258,849,0,ok,42,TRACKING,260,1,0,-1,0,0,0,nan,nan,0,0,nan,nan,
1750922003.954202652,1,-0.751451545,-0.019341390,1.395768536,0.012652279,-0.533113625,0.010697792,0.845881398,964,635,346,1.266896560,1.020348086,0.468428642,0.809906700,0.347083878,1,0,ok,map,635,346,842,0,ok,36,TRACKING,260,0,0,-1,0,0,0,nan,nan,0,0,nan,nan,
1750922003.966202736,1,-0.736094996,-0.018812266,1.383512093,0.012641187,-0.526839678,0.010126800,0.849810333,959,628,316,1.389076875,1.262373341,0.733037943,0.850801635,0.213403469,1,0,ok,map,628,316,842,0,ok,41,TRACKING,260,0,0,-1,0,0,0,nan,nan,0,0,nan,nan,
1750922003.978202820,1,-0.716002685,-0.018143253,1.370647826,0.012512230,-0.520431956,0.011302609,0.853736654,960,616,290,1.555632953,1.341832129,0.726880333,0.871757335,0.258210052,1,0,ok,map,616,290,842,0,ok,40,TRACKING,260,0,0,-1,0,0,0,nan,nan,0,0,nan,nan,
1750922003.990202904,1,-0.694206908,-0.018597633,1.359623472,0.013696221,-0.514336600,0.012806575,0.857383384,961,602,265,1.557493508,1.393670007,0.692475299,0.842976479,0.252197808,1,0,ok,map,602,265,842,0,ok,39,TRACKING,260,0,0,-1,0,0,0,nan,nan,0,0,nan,nan,
1750922004.002202988,1,-0.688734040,-0.019319250,1.352515409,0.014369200,-0.508259947,0.012265008,0.860996470,969,585,269,1.632543380,1.518504091,0.456643788,0.816150311,0.403004633,1,0,ok,map,585,269,842,0,ok,31,TRACKING,260,0,0,-1,0,0,0,nan,nan,0,0,nan,nan,
1750922004.014203072,1,-0.663887484,-0.016639972,1.339149905,0.015191319,-0.502351334,0.011418596,0.864454728,958,567,269,1.552307074,1.471981198,0.586901380,0.842239193,0.262080235,1,0,ok,map,567,269,842,0,ok,42,TRACKING,261,1,0,-1,0,0,0,nan,nan,0,0,nan,nan,
1750922004.026203156,1,-0.654760488,-0.012544044,1.337696017,0.014628898,-0.495956806,0.012382664,0.868135653,943,582,302,1.337855428,1.185193507,0.735588007,0.855110972,0.276409949,1,0,ok,map,582,302,832,0,ok,57,TRACKING,261,0,0,-1,0,0,0,nan,nan,0,0,nan,nan,
1750922004.038203239,1,-0.631440373,-0.022071514,1.320255624,0.014538379,-0.489575244,0.012667967,0.871747807,943,564,250,1.581571869,1.380610629,0.649802132,0.840994473,0.278574381,1,0,ok,map,564,250,832,0,ok,57,TRACKING,261,0,0,-1,0,0,0,nan,nan,0,0,nan,nan,
1750922004.050203323,1,-0.614175751,-0.018558777,1.312230161,0.013765623,-0.483482854,0.010660444,0.875180663,946,545,234,1.613732264,1.403494442,0.283187966,0.838394186,0.613885643,1,0,ok,map,545,234,832,0,ok,54,TRACKING,261,0,0,-1,0,0,0,nan,nan,0,0,nan,nan,
1750922004.062203407,1,-0.588428749,-0.016539502,1.283777114,0.014398707,-0.477200898,0.010261766,0.878616342,944,533,241,1.629273950,1.593785077,0.702682306,0.824954345,0.257298111,1,0,ok,map,533,241,832,0,ok,56,TRACKING,261,0,0,-1,0,0,0,nan,nan,0,0,nan,nan,
1750922004.074203491,1,-0.571300087,-0.017875349,1.271740087,0.015520865,-0.471133473,0.011505475,0.881850315,953,517,197,1.915653032,1.682454992,0.922326688,0.849066172,0.580329011,1,0,ok,map,517,197,832,0,ok,47,TRACKING,262,1,0,-1,0,0,0,nan,nan,0,0,nan,nan,
1750922004.086203575,1,-0.556445299,-0.017239689,1.259674403,0.015461995,-0.464859736,0.011541182,0.885174081,950,594,343,1.367753854,1.139420729,0.736150180,0.813617478,0.168759558,1,0,ok,map,594,343,881,0,ok,50,TRACKING,262,0,0,-1,0,0,0,nan,nan,0,0,nan,nan,
1750922004.098203659,1,-0.538576494,-0.016666707,1.244890127,0.015267331,-0.458604976,0.011769260,0.888431128,932,554,328,1.655001237,1.484779113,0.700810596,0.808828852,0.242230602,1,0,ok,map,554,328,881,0,ok,68,TRACKING,262,0,0,-1,0,0,0,nan,nan,0,0,nan,nan,
1750922004.110203743,1,-0.521500145,-0.018885712,1.235420101,0.016017115,-0.452218652,0.011776254,0.891685518,968,547,292,1.710476764,1.509987310,0.595192196,0.825843721,0.365328334,1,0,ok,map,547,292,881,0,ok,32,TRACKING,262,0,0,-1,0,0,0,nan,nan,0,0,nan,nan,
1750922004.122203827,1,-0.499670573,-0.016326970,1.216269347,0.016739933,-0.445931949,0.011063625,0.894841923,952,533,273,1.582540425,1.561871943,0.754919028,0.814455495,0.174542963,1,0,ok,map,533,273,881,0,ok,48,TRACKING,262,0,0,-1,0,0,0,nan,nan,0,0,nan,nan,
1750922004.134203911,1,-0.492994549,-0.015709985,1.207402076,0.016486653,-0.439717841,0.011785922,0.897907291,946,508,249,1.824678015,1.686189942,0.614276427,0.828174172,0.295499787,1,0,ok,map,508,249,881,0,ok,54,TRACKING,263,1,13,57,204,1,0,0.006517480,0.004956886,158,127,0.803797468,1.414855619,ok
1750922004.146203995,1,-0.475180009,-0.016823233,1.184334213,0.016208148,-0.433017359,0.011799490,0.901162602,932,559,351,1.386966320,1.259031189,0.787165592,0.854237713,0.134577948,1,0,ok,map,559,351,904,0,ok,68,TRACKING,263,0,0,-1,0,0,0,nan,nan,0,0,nan,nan,
1750922004.158204079,1,-0.461520800,-0.015065761,1.172364311,0.017002540,-0.426769377,0.011175472,0.904131584,966,557,340,1.475301704,1.332453024,0.686163574,0.801099037,0.148857135,1,0,ok,map,557,340,904,1,ok,34,TRACKING,263,0,0,-1,0,0,0,nan,nan,0,0,nan,nan,
1750922004.170204163,1,-0.450676411,-0.018529634,1.159964521,0.018432627,-0.420460533,0.010609878,0.907061524,949,546,310,1.622097466,1.564411782,0.767267318,0.816349828,0.279613441,1,0,ok,map,546,310,904,0,ok,51,TRACKING,263,0,0,-1,0,0,0,nan,nan,0,0,nan,nan,
1750922004.182204247,1,-0.425914627,-0.018401273,1.137474660,0.018984920,-0.414010412,0.011337225,0.910003527,977,544,275,1.676098274,1.584091422,0.757432620,0.819098968,0.268068189,1,0,ok,map,544,275,904,0,ok,23,TRACKING,263,0,0,-1,0,0,0,nan,nan,0,0,nan,nan,
1750922004.194204330,1,-0.412629232,-0.014569363,1.131261399,0.017980473,-0.407747182,0.012460754,0.912832771,977,542,271,1.644188857,1.541016761,0.425836298,0.840010992,0.478775721,1,0,ok,map,542,271,904,0,ok,23,TRACKING,264,1,0,-1,0,0,0,nan,nan,0,0,nan,nan,
1750922004.206204414,1,-0.400386909,-0.015622736,1.111039569,0.018024875,-0.401384757,0.013412982,0.915633918,980,628,388,1.534745425,1.391177446,0.597603055,0.804068555,0.214448711,1,0,ok,map,628,388,891,0,ok,20,TRACKING,264,0,0,-1,0,0,0,nan,nan,0,0,nan,nan,
1750922004.218204498,1,-0.387050487,-0.015660680,1.099614400,0.017969895,-0.395103179,0.013434186,0.918362719,964,615,351,1.730025741,1.472847836,0.521656653,0.784832813,0.407677265,1,0,ok,map,615,351,891,0,ok,36,TRACKING,264,0,0,-1,0,0,0,nan,nan,0,0,nan,nan,
1750922004.230204582,1,-0.367843119,-0.012526315,1.079561946,0.018704128,-0.388712606,0.013804069,0.921065749,958,597,343,1.542674655,1.463478362,0.735239254,0.800681832,0.194789429,1,0,ok,map,597,343,891,0,ok,42,TRACKING,264,0,0,-1,0,0,0,nan,nan,0,0,nan,nan,
1750922004.242204666,1,-0.357330236,-0.013269895,1.066296424,0.020685174,-0.382328552,0.013361642,0.923698256,962,589,334,1.763077917,1.580558302,0.678704874,0.824794620,0.279607991,1,0,ok,map,589,334,891,0,ok,38,TRACKING,264,0,0,-1,0,0,0,nan,nan,0,0,nan,nan,
1750922004.254204750,1,-0.340186706,-0.013802723,1.045923101,0.020544276,-0.376368231,0.014082530,0.926135287,981,582,326,1.820314496,1.793738082,0.583738416,0.786565972,0.247508186,1,0,ok,map,582,326,891,0,ok,19,TRACKING,265,1,0,-1,0,0,0,nan,nan,0,0,nan,nan,
1750922004.266204834,1,-0.326918552,-0.015719374,1.035207298,0.019666450,-0.369919484,0.013619179,0.928755793,980,642,378,1.426834664,1.232372724,0.707653108,0.805725022,0.171540161,1,0,ok,map,642,378,851,0,ok,20,TRACKING,265,0,0,-1,0,0,0,nan,nan,0,0,nan,nan,
1750922004.278204918,1,-0.314235352,-0.013219641,1.019409244,0.018268738,-0.363577816,0.012661766,0.931298612,949,621,349,1.479293287,1.302314311,0.801501704,0.806655542,0.146801760,1,0,ok,map,621,349,851,0,ok,51,TRACKING,265,0,0,-1,0,0,0,nan,nan,0,0,nan,nan,
1750922004.290205002,1,-0.301319392,-0.013129592,1.004334252,0.018954166,-0.356889059,0.014295572,0.933845049,958,599,319,1.786847895,1.542648440,0.615659793,0.844899696,0.361670865,1,0,ok,map,599,319,851,0,ok,42,TRACKING,265,0,0,-1,0,0,0,nan,nan,0,0,nan,nan,
1750922004.302205086,1,-0.289444660,-0.013881497,0.984141735,0.020639804,-0.350780022,0.014025743,0.936125340,964,582,311,1.907940864,1.728644637,0.696867500,0.772404985,0.403599204,1,0,ok,map,582,311,851,0,ok,36,TRACKING,265,0,0,-1,0,0,0,nan,nan,0,0,nan,nan,
1750922004.314205170,1,-0.272004994,-0.011147756,0.956916685,0.020367168,-0.344628723,0.014207570,0.938410553,983,580,303,1.785989805,1.691959806,0.602645552,0.796753512,0.275699865,1,0,ok,map,580,303,851,0,ok,17,TRACKING,266,1,0,-1,0,0,0,nan,nan,0,0,nan,nan,
1750922004.326205254,1,-0.260668137,-0.012924297,0.945270249,0.020202749,-0.338020836,0.014401472,0.940811544,983,672,424,1.526081852,1.321908876,0.737000612,0.806172188,0.238256474,1,0,ok,map,672,424,865,0,ok,17,TRACKING,266,0,0,-1,0,0,0,nan,nan,0,0,nan,nan,
1750922004.338205338,1,-0.248554493,-0.014794470,0.931057515,0.019733547,-0.331712662,0.013509646,0.943077296,963,658,380,1.685360095,1.446303578,0.731167234,0.776710803,0.402794549,1,0,ok,map,658,380,865,0,ok,37,TRACKING,266,0,0,-1,0,0,0,nan,nan,0,0,nan,nan,
1750922004.350205421,1,-0.237787940,-0.011296129,0.912736121,0.018209361,-0.325415141,0.011705797,0.945323426,960,651,359,1.530463175,1.308843309,0.699246234,0.812559163,0.212335591,1,0,ok,map,651,359,865,0,ok,40,TRACKING,266,0,0,-1,0,0,0,nan,nan,0,0,nan,nan,
1750922004.362205505,1,-0.222889779,-0.008499460,0.892618448,0.018444586,-0.318672199,0.012471176,0.947603449,967,648,291,1.871401658,1.786372528,0.829765139,0.820807880,0.401107030,1,0,ok,map,648,291,865,0,ok,33,TRACKING,266,0,0,-1,0,0,0,nan,nan,0,0,nan,nan,
1750922004.374205589,1,-0.217892068,-0.016075333,0.881038780,0.020263872,-0.312634660,0.013211696,0.949565372,973,641,274,2.280335735,2.170963357,0.542223850,0.761489595,0.522222959,1,0,ok,map,641,274,865,0,ok,27,TRACKING,266,0,0,-1,0,0,0,nan,nan,0,0,nan,nan,
1750922004.386205673,1,-0.204875594,-0.014918278,0.854544199,0.019328236,-0.306161665,0.012763532,0.951697718,965,628,268,2.118653945,1.953320914,0.494337528,0.789959182,0.534865546,1,0,ok,map,628,268,865,0,ok,35,TRACKING,266,0,0,-1,0,0,0,nan,nan,0,0,nan,nan,
1750922004.398205757,1,-0.194333295,-0.009150991,0.839195619,0.017607262,-0.300035918,0.012894359,0.953678231,941,587,254,2.221607403,2.061967040,0.778782681,0.784989673,0.710772553,1,0,ok,map,587,254,865,0,ok,59,TRACKING,267,1,0,-1,0,0,0,nan,nan,0,0,nan,nan,
1750922004.410205841,1,-0.183592820,-0.010153071,0.826613141,0.017987122,-0.293910183,0.012480854,0.955582281,937,659,393,1.440121739,1.327879534,0.726361390,0.737897234,0.159345115,1,0,ok,map,659,393,870,0,ok,63,TRACKING,267,0,0,-1,0,0,0,nan,nan,0,0,nan,nan,
1750922004.422205925,1,-0.171554000,-0.008997010,0.799397604,0.017273099,-0.287134450,0.012979903,0.957646579,961,646,349,1.688774903,1.376549777,0.604952658,0.817793479,0.335119164,1,0,ok,map,646,349,870,0,ok,39,TRACKING,267,0,0,-1,0,0,0,nan,nan,0,0,nan,nan,
1750922004.434206009,1,-0.162961992,-0.007988252,0.785678838,0.017480840,-0.280689305,0.012384088,0.959559570,968,639,328,1.602424774,1.410282009,0.713267589,0.773792158,0.377047612,1,0,ok,map,639,328,870,0,ok,32,TRACKING,267,0,0,-1,0,0,0,nan,nan,0,0,nan,nan,
1750922004.446206093,1,-0.149816797,-0.009349470,0.759378083,0.017738201,-0.274226764,0.011551442,0.961432058,961,627,303,1.447865188,1.335197153,0.946192305,0.777454145,0.176320059,1,0,ok,map,627,303,870,0,ok,39,TRACKING,267,0,0,-1,0,0,0,nan,nan,0,0,nan,nan,
1750922004.458206177,1,-0.145039417,-0.012178904,0.748945805,0.017987024,-0.267508884,0.011811024,0.963315091,970,614,340,1.782152814,1.641809472,0.683913909,0.800545073,0.491559002,1,0,ok,map,614,340,870,0,ok,30,TRACKING,267,0,0,-1,0,0,0,nan,nan,0,0,nan,nan,
1750922004.470206261,1,-0.136123519,-0.013913633,0.732972606,0.017340357,-0.261055880,0.012449189,0.965087642,972,598,291,1.799783254,1.606210559,0.744431971,0.773885971,0.434905391,1,0,ok,map,598,291,870,0,ok,28,TRACKING,267,0,0,-1,0,0,0,nan,nan,0,0,nan,nan,
1750922004.482206345,1,-0.122684712,-0.012211316,0.706724246,0.014267272,-0.255034425,0.012206750,0.966749648,957,569,289,1.955078582,1.611738589,0.677812994,0.792996525,0.515548739,1,0,ok,map,569,289,870,0,ok,43,TRACKING,268,1,0,-1,0,0,0,nan,nan,0,0,nan,nan,
1750922004.494206429,1,-0.114334160,-0.007149834,0.686256222,0.012324878,-0.248860571,0.010444230,0.968404580,969,671,392,1.485572563,1.328064257,0.717545857,0.791717686,0.367189745,1,0,ok,map,671,392,942,0,ok,31,TRACKING,268,0,0,-1,0,0,0,nan,nan,0,0,nan,nan,
1750922004.506206512,1,-0.103723508,-0.006691570,0.675074539,0.013624188,-0.242179715,0.010829459,0.970075301,969,657,350,1.766239238,1.435954383,1.621852494,0.804282199,1.030627039,1,0,ok,map,657,350,942,0,ok,31,TRACKING,268,0,0,-1,0,0,0,nan,nan,0,0,nan,nan,
1750922004.518206596,1,-0.095158168,-0.007100731,0.645643997,0.015427389,-0.235521093,0.011185618,0.971682403,960,634,311,1.612993465,1.547251972,1.048648235,0.812700789,0.417849193,1,0,ok,map,634,311,942,0,ok,40,TRACKING,268,0,0,-1,0,0,0,nan,nan,0,0,nan,nan,
1750922004.530206680,1,-0.087216664,-0.008798903,0.632696459,0.016130786,-0.228695047,0.011352025,0.973298261,946,610,304,1.865131819,1.642963325,1.621384456,0.808082258,0.945971055,1,0,ok,map,610,304,942,0,ok,54,TRACKING,268,0,0,-1,0,0,0,nan,nan,0,0,nan,nan,
1750922004.542206764,1,-0.080867624,-0.005581117,0.610083868,0.016151347,-0.222104763,0.011972917,0.974815499,941,584,297,1.522935608,1.407044334,0.879199137,0.819075202,0.239998807,1,0,ok,map,584,297,942,0,ok,59,TRACKING,269,1,0,-1,0,0,0,nan,nan,0,0,nan,nan,
1750922004.554206848,1,-0.073882796,-0.007944431,0.594087428,0.016412994,-0.215529680,0.010668604,0.976301056,952,667,416,1.312286443,1.022700811,0.751224159,0.787340563,0.382551145,1,0,ok,map,667,416,978,0,ok,48,TRACKING,269,0,0,-1,0,0,0,nan,nan,0,0,nan,nan,
1750922004.566206932,1,-0.065787898,-0.009584873,0.575170358,0.015378887,-0.208802376,0.010590700,0.977779574,925,624,370,1.427188148,1.214663834,0.793437579,0.798188186,0.351998538,1,0,ok,map,624,370,978,0,ok,75,TRACKING,269,0,0,-1,0,0,0,nan,nan,0,0,nan,nan,
1750922004.578207016,1,-0.056944216,-0.008002147,0.546720606,0.013501814,-0.202336677,0.010135729,0.979170484,932,602,363,1.387813759,1.197353050,0.818327262,0.789522382,0.131393911,1,0,ok,map,602,363,978,0,ok,68,TRACKING,269,0,0,-1,0,0,0,nan,nan,0,0,nan,nan,
1750922004.590207100,1,-0.052402425,-0.003811937,0.540676502,0.013520321,-0.195793369,0.008822722,0.980512273,917,569,322,1.469547031,1.342488794,0.840419554,0.780062944,0.418125636,1,0,ok,map,569,322,978,0,ok,83,TRACKING,269,0,0,-1,0,0,0,nan,nan,0,0,nan,nan,
1750922004.602207184,1,-0.043300344,-0.005441232,0.510942117,0.013932740,-0.188952446,0.010008455,0.981836383,945,553,303,1.381701153,1.223631480,0.900086677,0.855724086,0.150229415,1,0,ok,map,553,303,978,2,ok,55,TRACKING,270,1,0,-1,0,0,0,nan,nan,0,0,nan,nan,
1750922004.614207268,1,-0.036823253,-0.004068082,0.491851361,0.014852408,-0.182145431,0.010269892,0.983105781,966,632,417,1.120189855,0.932626915,0.846580086,0.801003771,0.161998813,1,0,ok,map,632,417,1026,0,ok,34,TRACKING,270,0,0,-1,0,0,0,nan,nan,0,0,nan,nan,
1750922004.626207352,1,-0.030949166,-0.007038567,0.470594669,0.015297040,-0.175199404,0.010216729,0.984361106,970,618,407,1.235234128,1.055742087,0.875192649,0.810477992,0.145424499,1,0,ok,map,618,407,1026,0,ok,30,TRACKING,270,0,0,-1,0,0,0,nan,nan,0,0,nan,nan,
1750922004.638207436,1,-0.025126031,-0.008320187,0.453034789,0.014661616,-0.168365444,0.009605576,0.985568794,970,605,386,1.302495897,1.235730318,0.820875777,0.801641384,0.039879070,1,0,ok,map,605,386,1026,0,ok,30,TRACKING,270,0,0,-1,0,0,0,nan,nan,0,0,nan,nan,
1750922004.650207520,1,-0.019797030,-0.008546224,0.437827604,0.013852168,-0.161487953,0.008807504,0.986738155,947,577,366,1.374358218,1.298433046,0.737282590,0.809957417,0.363089980,1,0,ok,map,577,366,1026,0,ok,53,TRACKING,270,0,0,-1,0,0,0,nan,nan,0,0,nan,nan,
1750922004.662207603,1,-0.015122388,-0.009386776,0.408146476,0.012108131,-0.155058819,0.007795366,0.987800277,882,522,337,1.387582461,1.216019722,0.871007436,0.784053201,0.585387527,1,0,ok,map,522,337,1026,0,ok,118,TRACKING,271,1,0,-1,0,0,0,nan,nan,0,0,nan,nan,
1750922004.674207687,1,-0.009581141,-0.004877617,0.389470714,0.011483672,-0.147904700,0.007955230,0.988902947,861,571,467,1.134978203,0.981638653,0.743344284,0.832766320,0.180281936,1,0,ok,map,571,467,975,0,ok,139,TRACKING,271,0,0,-1,0,0,0,nan,nan,0,0,nan,nan,
1750922004.686207771,1,-0.006058192,-0.008212719,0.365176671,0.012848665,-0.140960958,0.008508854,0.989895206,893,570,425,1.170524824,0.999995613,0.909544791,0.821311080,0.230371487,1,0,ok,map,570,425,975,1,ok,107,TRACKING,271,0,0,-1,0,0,0,nan,nan,0,0,nan,nan,
1750922004.698207855,1,-0.001754074,-0.007137992,0.354871768,0.013724470,-0.134108305,0.008233981,0.990837425,954,569,428,1.252050841,1.098847890,0.755715557,0.799594668,0.156680076,1,0,ok,map,569,428,975,0,ok,46,TRACKING,271,0,0,-1,0,0,0,nan,nan,0,0,nan,nan,
1750922004.710207939,1,0.002559023,-0.010858164,0.321129634,0.013544078,-0.127243534,0.007848161,0.991747976,959,564,417,1.241238412,1.152894951,0.763292596,0.795035679,0.111230930,1,0,ok,map,564,417,975,0,ok,41,TRACKING,271,0,0,-1,0,0,0,nan,nan,0,0,nan,nan,
1750922004.722208023,1,0.006389730,-0.011587348,0.298933988,0.011114969,-0.120706974,0.006940773,0.992601687,971,562,397,1.288216616,1.164863757,0.861225968,0.795260166,0.259406123,1,0,ok,map,562,397,975,0,ok,29,TRACKING,272,1,0,-1,0,0,0,nan,nan,0,0,nan,nan,
1750922004.734208107,1,0.010042713,-0.009873873,0.279408342,0.010212881,-0.113609894,0.007255720,0.993446447,983,635,509,1.102310443,0.905766526,0.713723181,0.826294533,0.112726795,1,0,ok,map,635,509,959,0,ok,17,TRACKING,272,0,0,-1,0,0,0,nan,nan,0,0,nan,nan,
1750922004.746208191,1,0.013173601,-0.010471222,0.256749381,0.010455169,-0.106691986,0.007723388,0.994207151,950,627,484,1.151060093,0.987707678,0.706749816,0.799794315,0.115193478,1,0,ok,map,627,484,959,0,ok,50,TRACKING,272,0,0,-1,0,0,0,nan,nan,0,0,nan,nan,
1750922004.758208275,1,0.016354324,-0.010006780,0.239522463,0.010712544,-0.099978835,0.007622661,0.994902693,969,625,468,1.251702687,1.115552292,0.719345724,0.774038114,0.243327281,1,0,ok,map,625,468,959,0,ok,31,TRACKING,272,0,0,-1,0,0,0,nan,nan,0,0,nan,nan,
1750922004.770208359,1,0.017190298,-0.014972422,0.207180018,0.011557597,-0.093218582,0.007749064,0.995548427,965,622,438,1.258850239,1.115089386,0.754874982,0.784331093,0.141828517,1,0,ok,map,622,438,959,0,ok,35,TRACKING,272,0,0,-1,0,0,0,nan,nan,0,0,nan,nan,
1750922004.782208443,1,0.018764366,-0.014882557,0.189976755,0.009926765,-0.086453998,0.006834524,0.996182942,988,620,429,1.300249910,1.215237519,0.693591543,0.807512091,0.116281208,1,0,ok,map,620,429,959,1,ok,12,TRACKING,272,0,0,-1,0,0,0,nan,nan,0,0,nan,nan,
1750922004.794208527,1,0.020628531,-0.014753427,0.180353952,0.007589204,-0.079377718,0.007204503,0.996789685,991,619,424,1.454126264,1.369911283,0.726911453,0.857855453,0.482098998,1,0,ok,map,619,424,959,0,ok,9,TRACKING,272,0,0,-1,0,0,0,nan,nan,0,0,nan,nan,
1750922004.806208611,1,0.021878448,-0.013417690,0.147821085,0.008025842,-0.072471506,0.007491994,0.997310050,989,618,395,1.362374337,1.248485296,0.682015056,0.795896218,0.124097446,1,0,ok,map,618,395,959,0,ok,11,TRACKING,272,0,0,-1,0,0,0,nan,nan,0,0,nan,nan,
1750922004.818208694,1,0.022759923,-0.015640810,0.132893169,0.008482052,-0.065637901,0.006714928,0.997784862,990,618,392,1.517165585,1.421267422,0.796443217,0.791725288,0.590575333,1,0,ok,map,618,392,959,0,ok,10,TRACKING,272,0,0,-1,0,0,0,nan,nan,0,0,nan,nan,
1750922004.830208778,1,0.024010480,-0.016279344,0.102841093,0.008621444,-0.058491355,0.006993628,0.998226187,994,618,388,1.394662414,1.226172146,0.815581843,0.821272361,0.273241345,1,0,ok,map,618,388,959,0,ok,6,TRACKING,272,0,0,-1,0,0,0,nan,nan,0,0,nan,nan,
1750922004.842208862,1,0.023564269,-0.019652568,0.079672905,0.008197716,-0.051753430,0.005963319,0.998608441,995,617,373,1.450693055,1.315008667,0.827113028,0.783818054,0.198532729,1,0,ok,map,617,373,959,0,ok,5,TRACKING,272,0,0,-1,0,0,0,nan,nan,0,0,nan,nan,
1750922004.854208946,1,0.024435407,-0.018286508,0.058144770,0.006508631,-0.044540856,0.005976847,0.998968482,993,616,368,1.457163696,1.341654830,0.956696599,0.849866958,0.243986464,1,0,ok,map,616,368,959,0,ok,7,TRACKING,272,0,0,-1,0,0,0,nan,nan,0,0,nan,nan,
1750922004.866209030,1,0.023013640,-0.018047337,0.034211048,0.005148200,-0.037437560,0.006197055,0.999266492,987,616,346,1.498168364,1.389730182,0.674773216,0.829860605,0.222799872,1,0,ok,map,616,346,959,0,ok,13,TRACKING,272,0,0,-1,0,0,0,nan,nan,0,0,nan,nan,
1750922004.878209114,1,0.022615856,-0.016797926,0.018177670,0.003890544,-0.030414492,0.006105772,0.999511151,976,615,317,1.785567638,1.581159285,1.199137732,0.810935575,1.521254345,1,0,ok,map,615,317,959,0,ok,24,TRACKING,273,1,12,65,91,1,0,0.005742937,0.005024292,82,49,0.597560976,1.524793858,ok
1750922004.890209198,1,0.018858937,-0.012439953,-0.004763545,0.005365720,-0.023751909,0.005485285,0.999688435,966,695,288,1.884547091,1.806209380,1.013428872,0.785456167,0.614642024,1,0,ok,map,695,288,932,0,ok,34,TRACKING,273,0,0,-1,0,0,0,nan,nan,0,0,nan,nan,
1750922004.902209282,1,0.014217930,-0.003333898,-0.034109884,0.004887503,-0.017035939,0.004699185,0.999831889,984,694,295,2.221517222,1.967099185,1.429251151,0.776958234,1.658131502,1,0,ok,map,694,295,932,0,ok,16,TRACKING,273,0,0,-1,0,0,0,nan,nan,0,0,nan,nan,
1750922004.914209366,1,0.013040391,-0.005915969,-0.060998335,0.003446920,-0.009891034,0.004519307,0.999934929,981,691,285,2.336430505,2.020500520,1.444412144,0.835561553,1.340159296,1,0,ok,map,691,285,932,0,ok,19,TRACKING,273,0,0,-1,0,0,0,nan,nan,0,0,nan,nan,
1750922004.926209450,1,0.011331602,-0.007933570,-0.080800200,0.002695006,-0.002863384,0.004743610,0.999981018,988,690,285,2.441698245,2.146686295,1.610320968,0.810332419,1.464448624,1,0,ok,map,690,285,932,0,ok,12,TRACKING,273,0,0,-1,0,0,0,nan,nan,0,0,nan,nan,
1750922004.938209534,1,0.008866865,-0.007524395,-0.115381208,0.001725659,0.003898882,0.003767753,0.999983812,987,688,258,2.107349048,1.946016138,1.460042224,0.790767849,1.104217548,1,0,ok,map,688,258,932,0,ok,13,TRACKING,273,0,0,-1,0,0,0,nan,nan,0,0,nan,nan,
1750922004.950209618,1,0.007318800,-0.008941281,-0.139711197,0.002392645,0.011025833,0.003133488,0.999931441,992,688,257,2.013210280,1.936780602,1.391980855,0.823494413,0.977259149,1,0,ok,map,688,257,932,0,ok,8,TRACKING,273,0,0,-1,0,0,0,nan,nan,0,0,nan,nan,
1750922004.962209702,1,0.004497137,-0.008853511,-0.150173944,0.003482454,0.018185473,0.002829350,0.999824563,982,676,262,2.895892611,2.471197374,2.059680809,0.830708094,1.879944125,1,0,ok,map,676,262,932,0,ok,18,TRACKING,273,0,0,-1,0,0,0,nan,nan,0,0,nan,nan,
1750922004.974209785,1,0.003248732,-0.010094121,-0.175628418,0.002863484,0.025186806,0.002329153,0.999675948,982,666,243,2.158076064,2.007752335,0.993436985,0.807641124,1.529480271,1,0,ok,map,666,243,932,0,ok,18,TRACKING,273,0,0,-1,0,0,0,nan,nan,0,0,nan,nan,
1750922004.986209869,1,-0.002316047,-0.012644512,-0.195500308,0.001771331,0.032454448,0.003076101,0.999466912,959,637,242,2.737389429,2.375048911,2.695970229,0.846840800,2.709104004,1,0,ok,map,637,242,932,0,ok,41,TRACKING,273,0,0,-1,0,0,0,nan,nan,0,0,nan,nan,
1750922004.998209953,1,-0.005779264,-0.013388232,-0.203583759,0.000616551,0.039522626,0.002562562,0.999215200,967,617,220,2.788452680,2.479422320,1.757706199,0.823306423,1.874418119,1,0,ok,map,617,220,932,0,ok,33,TRACKING,273,0,0,-1,0,0,0,nan,nan,0,0,nan,nan,
1750922005.010210037,1,-0.008991789,-0.012939401,-0.225925278,0.000741306,0.046634150,0.002000914,0.998909757,970,600,226,3.056506238,2.741705745,2.345868359,0.818333723,2.324409950,1,0,ok,map,600,226,932,0,ok,30,TRACKING,273,0,0,-1,0,0,0,nan,nan,0,0,nan,nan,
1750922005.022210121,1,-0.010856588,-0.020372459,-0.262983680,0.002959594,0.053043178,0.001043861,0.998587288,955,580,211,2.415849152,2.218884047,1.565700476,0.811479496,1.584235396,1,0,ok,map,580,211,932,0,ok,45,TRACKING,274,1,0,-1,0,0,0,nan,nan,0,0,nan,nan,
1750922005.034210205,1,-0.015519083,-0.020932747,-0.288064556,0.002921385,0.060285864,0.001160449,0.998176204,971,719,361,1.288173002,1.119392815,0.859485748,0.831407153,0.127290954,1,0,ok,map,719,361,964,0,ok,29,TRACKING,274,0,0,-1,0,0,0,nan,nan,0,0,nan,nan,
1750922005.046210289,1,-0.018972949,-0.022589936,-0.308400291,0.003364054,0.067642557,0.000643365,0.997703740,932,672,357,1.446593054,1.318931647,0.958779868,0.848346995,0.146382442,1,0,ok,map,672,357,964,0,ok,68,TRACKING,274,0,0,-1,0,0,0,nan,nan,0,0,nan,nan,
1750922005.058210373,1,-0.022698092,-0.025684679,-0.328048849,0.003511156,0.074441946,-0.000653222,0.997218954,962,659,341,1.581600651,1.458183686,0.921965117,0.795315649,0.224399291,1,0,ok,map,659,341,964,0,ok,38,TRACKING,274,0,0,-1,0,0,0,nan,nan,0,0,nan,nan,
1750922005.070210457,1,-0.028640732,-0.024592055,-0.352078985,0.002524619,0.081326720,-0.002485487,0.996681199,973,651,345,1.536713669,1.418519752,0.667517560,0.826490155,0.196142731,1,0,ok,map,651,345,964,0,ok,27,TRACKING,274,0,0,-1,0,0,0,nan,nan,0,0,nan,nan,
1750922005.082210541,1,-0.032868436,-0.026260631,-0.370373602,0.001448189,0.088942758,-0.001761041,0.996034130,975,642,340,1.583517331,1.449810378,0.783550060,0.888410300,0.154292533,1,0,ok,map,642,340,964,0,ok,25,TRACKING,274,0,0,-1,0,0,0,nan,nan,0,0,nan,nan,
1750922005.094210625,1,-0.038500149,-0.026199007,-0.392576790,0.001722622,0.096413183,-0.002056670,0.995337782,966,627,283,1.546277713,1.457964163,0.987112115,0.861002244,0.244105667,1,0,ok,map,627,283,964,0,ok,34,TRACKING,274,0,0,-1,0,0,0,nan,nan,0,0,nan,nan,
1750922005.106210709,1,-0.045072899,-0.024113276,-0.411532090,0.002530144,0.103872326,-0.002304058,0.994584752,959,613,273,1.711619284,1.523257142,1.499717745,0.864535686,1.211175052,1,0,ok,map,613,273,964,0,ok,41,TRACKING,274,0,0,-1,0,0,0,nan,nan,0,0,nan,nan,
1750922005.118210793,1,-0.051804240,-0.031105047,-0.438093645,0.005642008,0.111208033,-0.002309692,0.993778449,963,597,247,1.608298237,1.489658188,0.325164404,0.907710334,0.717854383,1,0,ok,map,597,247,964,0,ok,37,TRACKING,275,1,0,-1,0,0,0,nan,nan,0,0,nan,nan,
1750922005.130210876,1,-0.055764273,-0.032524074,-0.456895018,0.005682671,0.118701561,-0.003815731,0.992906384,968,677,378,1.252564531,1.059026713,0.827027713,0.881562579,0.110708094,1,0,ok,map,677,378,985,0,ok,32,TRACKING,275,0,0,-1,0,0,0,nan,nan,0,0,nan,nan,
1750922005.142210960,1,-0.064230119,-0.035062991,-0.477405200,0.005597868,0.126393654,-0.004366686,0.991954757,953,645,352,1.458663272,1.292758369,0.766512684,0.890465178,0.166574713,1,0,ok,map,645,352,985,0,ok,47,TRACKING,275,0,0,-1,0,0,0,nan,nan,0,0,nan,nan,
1750922005.154211044,1,-0.069863598,-0.036409627,-0.497557037,0.003679810,0.134072858,-0.004534699,0.990954269,976,630,326,1.522963939,1.413393069,0.762777028,0.914428197,0.247379010,1,0,ok,map,630,326,985,0,ok,24,TRACKING,275,0,0,-1,0,0,0,nan,nan,0,0,nan,nan,
1750922005.166211128,1,-0.077778510,-0.036310952,-0.519568239,0.002095840,0.141670838,-0.005095271,0.989898489,969,617,320,1.545003503,1.407781289,0.713923006,0.899871974,0.297338261,1,0,ok,map,617,320,985,0,ok,31,TRACKING,275,0,0,-1,0,0,0,nan,nan,0,0,nan,nan,
1750922005.178211212,1,-0.086785411,-0.041773420,-0.542699664,0.004013669,0.149284921,-0.004139570,0.988777410,950,586,305,1.487936692,1.372585123,0.738345619,0.924057637,0.313329508,1,0,ok,map,586,305,985,0,ok,50,TRACKING,276,1,0,-1,0,0,0,nan,nan,0,0,nan,nan,
1750922005.190211296,1,-0.094766369,-0.042750666,-0.563818976,0.004339996,0.156540657,-0.005334433,0.987647574,937,601,368,1.216431643,0.975173665,0.759949961,0.853354684,0.132724831,1,0,ok,map,601,368,990,0,ok,63,TRACKING,276,0,0,-1,0,0,0,nan,nan,0,0,nan,nan,
1750922005.202211380,1,-0.100576305,-0.042370432,-0.580941627,0.004369584,0.164152285,-0.006064514,0.986406689,948,575,349,1.263705167,1.129834944,0.753223653,0.887702745,0.161074027,1,0,ok,map,575,349,990,0,ok,52,TRACKING,276,0,0,-1,0,0,0,nan,nan,0,0,nan,nan,
1750922005.214211464,1,-0.112267851,-0.044841250,-0.605060742,0.004930204,0.171539438,-0.005684465,0.985148517,958,554,320,1.348967897,1.195444979,0.758264071,0.862197978,0.135699525,1,0,ok,map,554,320,990,0,ok,42,TRACKING,276,0,0,-1,0,0,0,nan,nan,0,0,nan,nan,
1750922005.226211548,1,-0.117515541,-0.046701633,-0.621735757,0.003922701,0.179309891,-0.005894193,0.983767164,945,523,286,1.450504127,1.357028455,0.800411922,0.912046992,0.328946940,1,0,ok,map,523,286,990,0,ok,55,TRACKING,276,0,0,-1,0,0,0,nan,nan,0,0,nan,nan,
1750922005.238211632,1,-0.124719829,-0.051743202,-0.642687071,0.005281892,0.186069866,-0.005833306,0.982505002,965,506,288,1.349755403,1.264350618,0.809794068,0.826476571,0.075636693,1,0,ok,map,506,288,990,0,ok,35,TRACKING,277,1,0,-1,0,0,0,nan,nan,0,0,nan,nan,
1750922005.250211716,1,-0.133001627,-0.051027955,-0.661939351,0.004827163,0.193680051,-0.006268902,0.981032842,966,542,353,1.103132967,0.922106276,0.798783621,0.891158431,0.119072423,1,0,ok,map,542,353,990,0,ok,34,TRACKING,277,0,0,-1,0,0,0,nan,nan,0,0,nan,nan,
1750922005.262211800,1,-0.145363597,-0.053598397,-0.685309720,0.005169144,0.200970716,-0.006880170,0.979559449,952,520,343,1.171062402,1.041809764,0.846878564,0.856111153,0.128966768,1,0,ok,map,520,343,990,0,ok,48,TRACKING,277,0,0,-1,0,0,0,nan,nan,0,0,nan,nan,
1750922005.274211884,1,-0.154712289,-0.055380019,-0.703814419,0.005304020,0.208025915,-0.007565153,0.978079677,970,505,331,1.241703556,1.081535494,0.769068925,0.829924497,0.230166758,1,0,ok,map,505,331,990,0,ok,30,TRACKING,277,0,0,-1,0,0,0,nan,nan,0,0,nan,nan,
1750922005.286211967,1,-0.161646913,-0.053777552,-0.719922625,0.004584678,0.215320776,-0.007805730,0.976501416,960,480,329,1.266918286,1.171006529,0.715842661,0.859677321,0.175097496,1,0,ok,map,480,329,990,0,ok,40,TRACKING,277,0,0,-1,0,0,0,nan,nan,0,0,nan,nan,
1750922005.298212051,1,-0.168287818,-0.057421761,-0.732110556,0.005058436,0.222102343,-0.007686300,0.974979939,973,474,312,1.390771847,1.242337090,0.580545316,0.828953765,0.381429709,1,0,ok,map,474,312,990,0,ok,27,TRACKING,278,1,0,-1,0,0,0,nan,nan,0,0,nan,nan,
1750922005.310212135,1,-0.179527594,-0.057202906,-0.751865859,0.004333018,0.229159810,-0.007583960,0.973349624,973,450,372,1.143047845,1.016441586,0.708539352,0.834260440,0.213337397,1,0,ok,map,450,372,805,0,ok,27,TRACKING,278,0,0,-1,0,0,0,nan,nan,0,0,nan,nan,
1750922005.322212219,1,-0.192163696,-0.057182596,-0.773538927,0.004170438,0.236460095,-0.007561842,0.971602825,963,443,352,1.270900525,1.089378418,0.896210897,0.860373117,0.297664280,1,0,ok,map,443,352,805,0,ok,37,TRACKING,278,0,0,-1,0,0,0,nan,nan,0,0,nan,nan,
1750922005.334212303,1,-0.202731315,-0.058612383,-0.791176823,0.005134552,0.243364364,-0.008229007,0.969886440,973,443,343,1.362485155,1.181759638,0.900410492,0.826250200,0.305849918,1,0,ok,map,443,343,805,0,ok,27,TRACKING,278,0,0,-1,0,0,0,nan,nan,0,0,nan,nan,
1750922005.346212387,1,-0.211448239,-0.058416687,-0.807155332,0.005382316,0.250587359,-0.008760633,0.968039388,988,441,333,1.303046204,1.123523195,0.802312494,0.856969602,0.247104515,1,0,ok,map,441,333,805,0,ok,12,TRACKING,278,0,0,-1,0,0,0,nan,nan,0,0,nan,nan,
1750922005.358212471,1,-0.221919501,-0.060200991,-0.823188523,0.005436665,0.257351712,-0.009250189,0.966258233,979,440,315,1.322505526,1.205684694,0.949937757,0.834780427,0.158029170,1,0,ok,map,440,315,805,0,ok,21,TRACKING,279,1,0,-1,0,0,0,nan,nan,0,0,nan,nan,
1750922005.370212555,1,-0.234012717,-0.061141387,-0.840357476,0.005170847,0.264185641,-0.010407779,0.964401829,977,452,364,1.187639929,1.050984041,0.738057704,0.822825773,0.208223066,1,0,ok,map,452,364,653,0,ok,23,TRACKING,279,0,0,-1,0,0,0,nan,nan,0,0,nan,nan,
1750922005.382212639,1,-0.248523151,-0.062240410,-0.859737444,0.005176778,0.271208266,-0.010575370,0.962448668,972,448,337,1.312200190,1.113890642,0.618926079,0.835501053,0.307433412,1,0,ok,map,448,337,653,0,ok,28,TRACKING,279,0,0,-1,0,0,0,nan,nan,0,0,nan,nan,
1750922005.394212723,1,-0.258813336,-0.063008059,-0.876829050,0.005336554,0.278029300,-0.011023707,0.960494512,963,434,326,1.273854775,1.105280965,0.842775429,0.814906111,0.362923355,1,0,ok,map,434,326,653,0,ok,37,TRACKING,279,0,0,-1,0,0,0,nan,nan,0,0,nan,nan,
1750922005.406212807,1,-0.270691004,-0.063657750,-0.894536121,0.005304138,0.284716832,-0.011802637,0.958524329,916,415,314,1.258229011,1.112241111,0.923964196,0.803879961,0.198548927,1,0,ok,map,415,314,653,0,ok,84,TRACKING,279,0,0,-1,0,0,0,nan,nan,0,0,nan,nan,
1750922005.418212891,1,-0.283036271,-0.065552891,-0.907070694,0.005259428,0.291166974,-0.011810777,0.956584882,961,410,303,1.331794721,1.169721538,0.835351254,0.803910492,0.244000910,1,0,ok,map,410,303,653,0,ok,39,TRACKING,280,1,0,-1,0,0,0,nan,nan,0,0,nan,nan,
1750922005.430212975,1,-0.294947009,-0.063981532,-0.922323776,0.005643494,0.297968724,-0.012082670,0.954482477,969,458,335,1.048487153,0.904002658,0.686195174,0.817589325,0.172276919,1,0,ok,map,458,335,537,0,ok,31,TRACKING,280,0,0,-1,0,0,0,nan,nan,0,0,nan,nan,
1750922005.442213058,1,-0.309899739,-0.065462091,-0.940009201,0.006680800,0.304825971,-0.011798363,0.952311552,976,453,350,1.215505439,1.059039608,0.668075691,0.833387382,0.259228788,1,0,ok,map,453,350,537,0,ok,24,TRACKING,280,0,0,-1,0,0,0,nan,nan,0,0,nan,nan,
1750922005.454213142,1,-0.323955873,-0.065820403,-0.958547473,0.006427324,0.311102957,-0.012819974,0.950268008,978,448,321,1.205549828,1.131279207,0.883863538,0.766006048,0.130603078,1,0,ok,map,448,321,537,0,ok,22,TRACKING,280,0,0,-1,0,0,0,nan,nan,0,0,nan,nan,
1750922005.466213226,1,-0.334701865,-0.066413963,-0.970762645,0.006063094,0.317659199,-0.013333330,0.948091818,975,443,315,1.278087611,1.178669502,0.550782062,0.794876474,0.255368427,1,0,ok,map,443,315,537,0,ok,25,TRACKING,280,0,0,-1,0,0,0,nan,nan,0,0,nan,nan,
1750922005.478213310,1,-0.347485538,-0.069031715,-0.982970979,0.006500198,0.324051041,-0.013148442,0.945925890,976,442,321,1.294599865,1.224968783,0.767065023,0.811479946,0.170867298,1,0,ok,map,442,321,537,0,ok,24,TRACKING,281,1,0,-1,0,0,0,nan,nan,0,0,nan,nan,
1750922005.490213394,1,-0.365330408,-0.069710286,-1.000569363,0.006707345,0.330602524,-0.013281762,0.943652784,970,422,321,1.195316296,1.056493545,0.760841793,0.795151582,0.123336395,1,0,ok,map,422,321,478,0,ok,30,TRACKING,281,0,0,-1,0,0,0,nan,nan,0,0,nan,nan,
1750922005.502213478,1,-0.378089741,-0.069549572,-1.015110192,0.007026609,0.337220216,-0.013013482,0.941309621,964,416,301,1.179327754,0.998767454,0.787491476,0.805883944,0.037244231,1,0,ok,map,416,301,478,0,ok,36,TRACKING,281,0,0,-1,0,0,0,nan,nan,0,0,nan,nan,
1750922005.514213562,1,-0.396116981,-0.069562140,-1.033564592,0.007072304,0.343442067,-0.013507311,0.939050096,933,397,283,1.332599701,1.182621868,0.968203532,0.760658396,0.220731314,1,0,ok,map,397,283,478,0,ok,67,TRACKING,281,0,0,-1,0,0,0,nan,nan,0,0,nan,nan,
1750922005.526213646,1,-0.406242933,-0.070926795,-1.043463691,0.007730995,0.349921017,-0.013461288,0.936650579,909,374,281,1.340134386,1.195053236,0.490732449,0.795323785,0.318114379,1,0,ok,map,374,281,478,0,ok,91,TRACKING,281,0,0,-1,0,0,0,nan,nan,0,0,nan,nan,
1750922005.538213730,1,-0.422452300,-0.071310549,-1.057216984,0.007589873,0.355848393,-0.013173816,0.934420016,887,362,271,1.290865603,1.172094035,0.826604833,0.771267052,0.075573740,1,0,ok,map,362,271,478,0,ok,113,TRACKING,282,1,0,-1,0,0,0,nan,nan,0,0,nan,nan,
1750922005.550213814,1,-0.437904940,-0.072506547,-1.071650100,0.007635675,0.362119099,-0.013900307,0.931996908,926,360,293,1.039258839,0.905032466,0.780719030,0.774856409,0.090035442,1,0,ok,map,360,293,468,0,ok,74,TRACKING,282,0,0,-1,0,0,0,nan,nan,0,0,nan,nan,
1750922005.562213898,1,-0.453567316,-0.074884988,-1.085900655,0.007774272,0.368584421,-0.014374525,0.929450622,944,351,285,1.090431809,1.010883175,0.789644272,0.798270210,0.071263614,1,0,ok,map,351,285,468,0,ok,56,TRACKING,282,0,0,-1,0,0,0,nan,nan,0,0,nan,nan,
1750922005.574213982,1,-0.472927902,-0.073300085,-1.101907094,0.007391738,0.375042822,-0.013395943,0.926881218,964,350,276,1.213890826,1.028161508,0.869668891,0.805546452,0.083320252,1,0,ok,map,350,276,468,0,ok,36,TRACKING,282,0,0,-1,0,0,0,nan,nan,0,0,nan,nan,
1750922005.586214066,1,-0.484102464,-0.074351670,-1.112792365,0.008310920,0.381181561,-0.013668157,0.924361795,960,347,271,1.288419711,1.198382754,0.721212232,0.768283011,0.209139962,1,0,ok,map,347,271,468,0,ok,40,TRACKING,282,0,0,-1,0,0,0,nan,nan,0,0,nan,nan,
1750922005.598214149,1,-0.498016582,-0.076796748,-1.121635351,0.008168977,0.386514901,-0.014750299,0.922129019,962,345,275,1.362969933,1.289269503,0.692264709,0.731759160,0.158257556,1,0,ok,map,345,275,468,0,ok,38,TRACKING,283,1,7,76,226,1,0,0.006595876,0.005114969,159,126,0.792452830,1.280908885,ok
1750922005.610214233,1,-0.521019434,-0.074113626,-1.139561877,0.007500307,0.392757317,-0.015080807,0.919487903,972,394,322,1.313285479,1.175802704,0.969128000,0.781408511,0.403960362,1,0,ok,map,394,322,473,0,ok,28,TRACKING,283,0,0,-1,0,0,0,nan,nan,0,0,nan,nan,
1750922005.622214317,1,-0.539132266,-0.075021822,-1.154504552,0.007070181,0.399096416,-0.015005733,0.916758906,966,394,309,1.299112050,1.236700718,0.971204323,0.792443720,0.366929749,1,0,ok,map,394,309,473,0,ok,34,TRACKING,283,0,0,-1,0,0,0,nan,nan,0,0,nan,nan,
1750922005.634214401,1,-0.556881588,-0.074470129,-1.167847562,0.006943914,0.405416886,-0.014441353,0.913991454,964,392,312,1.432175190,1.358922923,0.992883569,0.793432117,0.492954577,1,0,ok,map,392,312,473,0,ok,36,TRACKING,283,0,0,-1,0,0,0,nan,nan,0,0,nan,nan,
1750922005.646214485,1,-0.569866936,-0.076484773,-1.178666207,0.006958128,0.411398868,-0.014982960,0.911305693,958,388,293,1.336974249,1.214618979,0.841907215,0.753966510,0.350148915,1,0,ok,map,388,293,473,0,ok,42,TRACKING,283,0,0,-1,0,0,0,nan,nan,0,0,nan,nan,
1750922005.658214569,1,-0.585702272,-0.077330443,-1.191030187,0.007136452,0.417126582,-0.015928169,0.908680791,943,384,279,1.409575957,1.241375315,1.053966701,0.769937778,0.449473698,1,0,ok,map,384,279,473,0,ok,57,TRACKING,284,1,0,-1,0,0,0,nan,nan,0,0,nan,nan,
1750922005.670214653,1,-0.604205664,-0.078394853,-1.204434274,0.007103443,0.423509553,-0.016765284,0.905708631,897,405,329,1.195799681,1.070660733,0.962395315,0.812535064,0.240810226,1,0,ok,map,405,329,461,0,ok,103,TRACKING,284,0,0,-1,0,0,0,nan,nan,0,0,nan,nan,
1750922005.682214737,1,-0.617731787,-0.080195326,-1.213714708,0.006436141,0.429648653,-0.016893468,0.902815165,951,403,306,1.271685156,1.155983197,0.777835829,0.781600142,0.065083908,1,0,ok,map,403,306,461,0,ok,49,TRACKING,284,0,0,-1,0,0,0,nan,nan,0,0,nan,nan,
1750922005.694214821,1,-0.632927813,-0.079974177,-1.223997507,0.004781338,0.435859335,-0.016355387,0.899853477,968,399,286,1.437529117,1.287742896,0.672924533,0.813295606,0.174452802,1,0,ok,map,399,286,461,0,ok,32,TRACKING,284,0,0,-1,0,0,0,nan,nan,0,0,nan,nan,
1750922005.706214905,1,-0.660715863,-0.078041117,-1.241257968,0.005911129,0.442218936,-0.016805999,0.896730188,967,397,277,1.434229385,1.318874865,0.918629059,0.823778409,0.274159547,1,0,ok,map,397,277,461,0,ok,33,TRACKING,284,0,0,-1,0,0,0,nan,nan,0,0,nan,nan,
1750922005.718214989,1,-0.666386760,-0.079925917,-1.243879811,0.007128620,0.447809755,-0.017835171,0.893922543,963,393,284,1.453925324,1.365417804,0.645926653,0.776753944,0.170869357,1,0,ok,map,393,284,461,0,ok,37,TRACKING,285,1,0,-1,0,0,0,nan,nan,0,0,nan,nan,
1750922005.730215073,1,-0.687023077,-0.081018927,-1.256700199,0.007672921,0.454304583,-0.017925547,0.890633004,955,441,370,1.094026250,0.961247343,0.793178970,0.836663807,0.061768319,1,0,ok,map,441,370,482,0,ok,45,TRACKING,285,0,0,-1,0,0,0,nan,nan,0,0,nan,nan,
1750922005.742215157,1,-0.703864464,-0.081450248,-1.266628293,0.007348150,0.460259468,-0.017770076,0.887576167,963,438,364,1.186896633,1.051896470,0.761979009,0.768145801,0.072340559,1,0,ok,map,438,364,482,0,ok,37,TRACKING,285,0,0,-1,0,0,0,nan,nan,0,0,nan,nan,
1750922005.754215240,1,-0.724959873,-0.081632466,-1.278742871,0.007296486,0.466571487,-0.017739220,0.884275482,971,437,346,1.247748781,1.174821086,0.843339796,0.816258298,0.043766786,1,0,ok,map,437,346,482,0,ok,29,TRACKING,285,0,0,-1,0,0,0,nan,nan,0,0,nan,nan,
1750922005.766215324,1,-0.743917010,-0.082502063,-1.289867203,0.006766425,0.472439395,-0.018603876,0.881140811,947,433,336,1.325740376,1.226572179,0.750300865,0.771153341,0.085779645,1,0,ok,map,433,336,482,0,ok,53,TRACKING,285,0,0,-1,0,0,0,nan,nan,0,0,nan,nan,
1750922005.778215408,1,-0.756236108,-0.083222646,-1.295473116,0.006589528,0.477762014,-0.019765397,0.878242202,967,432,332,1.294763394,1.208949353,0.767502248,0.757073984,0.156987505,1,0,ok,map,432,332,482,0,ok,33,TRACKING,286,1,0,-1,0,0,0,nan,nan,0,0,nan,nan,
1750922005.790215492,1,-0.776936599,-0.084495545,-1.306753371,0.006918552,0.483849075,-0.020055218,0.874894276,960,482,399,1.088244613,0.933141708,0.761513434,0.797654078,0.044420506,1,0,ok,map,482,399,499,1,ok,40,TRACKING,286,0,0,-1,0,0,0,nan,nan,0,0,nan,nan,
1750922005.802215576,1,-0.798571208,-0.085146005,-1.317692182,0.006954846,0.489836712,-0.019134001,0.871576454,952,469,377,1.128976033,0.979529379,0.789726327,0.791510763,0.061418927,1,0,ok,map,469,377,499,0,ok,48,TRACKING,286,0,0,-1,0,0,0,nan,nan,0,0,nan,nan,
1750922005.814215660,1,-0.818934001,-0.084833183,-1.327322487,0.006655371,0.495997042,-0.018486185,0.868101896,939,458,351,1.283495156,1.157221573,0.737895200,0.814582211,0.131677620,1,0,ok,map,458,351,499,0,ok,61,TRACKING,286,0,0,-1,0,0,0,nan,nan,0,0,nan,nan,
1750922005.826215744,1,-0.835958301,-0.084572550,-1.337118952,0.006955143,0.501503732,-0.019724384,0.864902643,961,446,352,1.228762432,1.116644394,0.713999713,0.744245518,0.062098223,1,0,ok,map,446,352,499,1,ok,39,TRACKING,286,0,0,-1,0,0,0,nan,nan,0,0,nan,nan,
1750922005.838215828,1,-0.851486586,-0.085017065,-1.342332764,0.006785301,0.506671799,-0.021229030,0.861850901,953,429,328,1.208192667,1.057990441,0.684137625,0.765178164,0.097342469,1,0,ok,map,429,328,499,0,ok,47,TRACKING,287,1,0,-1,0,0,0,nan,nan,0,0,nan,nan,
1750922005.850215912,1,-0.866544275,-0.083974682,-1.350119964,0.007389144,0.512789770,-0.022071075,0.858198648,961,455,377,0.999791539,0.799708134,0.745684620,0.825078347,0.092650471,1,0,ok,map,455,377,521,0,ok,39,TRACKING,287,0,0,-1,0,0,0,nan,nan,0,0,nan,nan,
1750922005.862215996,1,-0.886932982,-0.086766217,-1.358668467,0.009041504,0.518708955,-0.021977420,0.854620538,969,447,370,1.111791350,0.966465416,0.722609786,0.814961969,0.102444286,1,0,ok,map,447,370,521,0,ok,31,TRACKING,287,0,0,-1,0,0,0,nan,nan,0,0,nan,nan,
1750922005.874216080,1,-0.907192225,-0.087835919,-1.369020296,0.007952268,0.524459072,-0.022594906,0.851098651,969,448,359,1.130174976,0.967061439,0.840568119,0.785896339,0.138134951,1,0,ok,map,448,359,521,1,ok,31,TRACKING,287,0,0,-1,0,0,0,nan,nan,0,0,nan,nan,
1750922005.886216164,1,-0.923929993,-0.086781266,-1.375031477,0.007224049,0.530152844,-0.022446263,0.847574151,979,445,353,1.175775551,1.001758864,0.648164211,0.772058882,0.126475747,1,0,ok,map,445,353,521,0,ok,21,TRACKING,287,0,0,-1,0,0,0,nan,nan,0,0,nan,nan,
1750922005.898216248,1,-0.946769519,-0.089514833,-1.383190499,0.008160677,0.535481095,-0.022152769,0.844217185,978,444,344,1.107205137,0.950118083,0.749759783,0.787099752,0.069917981,1,0,ok,map,444,344,521,0,ok,22,TRACKING,288,1,0,-1,0,0,0,nan,nan,0,0,nan,nan,
1750922005.910216331,1,-0.964022649,-0.090138152,-1.389791528,0.006996621,0.541029962,-0.022743529,0.840666616,954,474,399,1.038575440,0.864143666,0.575166668,0.769562794,0.199409450,1,0,ok,map,474,399,542,0,ok,46,TRACKING,288,0,0,-1,0,0,0,nan,nan,0,0,nan,nan,
1750922005.922216415,1,-0.982351509,-0.087647799,-1.395849674,0.005290679,0.546495861,-0.022815228,0.837134247,956,473,391,1.140315261,0.982742765,0.552861482,0.770999719,0.222234851,1,0,ok,map,473,391,542,0,ok,44,TRACKING,288,0,0,-1,0,0,0,nan,nan,0,0,nan,nan,
1750922005.934216499,1,-1.002757833,-0.088765559,-1.403976538,0.006643848,0.552298903,-0.023816375,0.833279402,966,471,386,1.191603298,1.079364120,0.653552231,0.821300265,0.186579865,1,0,ok,map,471,386,542,0,ok,34,TRACKING,288,0,0,-1,0,0,0,nan,nan,0,0,nan,nan,
1750922005.946216583,1,-1.024070498,-0.090650973,-1.410674525,0.007453553,0.557789957,-0.023961555,0.829602707,866,471,381,1.192655086,1.070491335,0.698164124,0.763102482,0.171424016,1,0,ok,map,471,381,542,0,ok,134,TRACKING,288,0,0,-1,0,0,0,nan,nan,0,0,nan,nan,
1750922005.958216667,1,-1.041536875,-0.092542012,-1.415801565,0.006905329,0.563008271,-0.023814984,0.826079203,918,466,366,1.214442494,1.114160672,0.764836463,0.802178895,0.164642605,1,0,ok,map,466,366,542,0,ok,82,TRACKING,289,1,0,-1,0,0,0,nan,nan,0,0,nan,nan,
1750922005.970216751,1,-1.060210433,-0.091795580,-1.420421429,0.005334326,0.568246711,-0.023691416,0.822499810,937,516,430,1.006987634,0.812648965,0.670227356,0.749123659,0.101018312,1,0,ok,map,516,430,585,0,ok,63,TRACKING,289,0,0,-1,0,0,0,nan,nan,0,0,nan,nan,
1750922005.982216835,1,-1.080239813,-0.091250972,-1.426418364,0.005922470,0.573927613,-0.023671882,0.818542401,944,512,414,1.133384886,0.969893154,0.625224750,0.796227671,0.176273174,1,0,ok,map,512,414,585,0,ok,56,TRACKING,289,0,0,-1,0,0,0,nan,nan,0,0,nan,nan,
1750922005.994216919,1,-1.105556804,-0.092841813,-1.433185463,0.006446856,0.579445050,-0.024708589,0.814611170,962,512,398,1.259518279,1.084421123,0.628385621,0.787658565,0.208945701,1,0,ok,map,512,398,585,0,ok,38,TRACKING,289,0,0,-1,0,0,0,nan,nan,0,0,nan,nan,
1750922006.006217003,1,-1.123231186,-0.092423303,-1.438530108,0.006255199,0.584622921,-0.025446366,0.810881863,956,512,403,1.291949518,1.137402698,0.516757974,0.736416931,0.223403136,1,0,ok,map,512,403,585,0,ok,44,TRACKING,289,0,0,-1,0,0,0,nan,nan,0,0,nan,nan,
1750922006.018217087,1,-1.142571600,-0.094778699,-1.441446142,0.006371648,0.589493387,-0.025944991,0.807331287,958,512,393,1.313887546,1.144405124,0.531324253,0.777268242,0.251810339,1,0,ok,map,512,393,585,0,ok,42,TRACKING,290,1,0,-1,0,0,0,nan,nan,0,0,nan,nan,
1750922006.030217171,1,-1.162425101,-0.094706594,-1.446069875,0.005711659,0.594965030,-0.025620233,0.803322845,947,542,421,1.136627320,0.956065658,0.590177736,0.781811122,0.220459430,1,0,ok,map,542,421,602,0,ok,53,TRACKING,290,0,0,-1,0,0,0,nan,nan,0,0,nan,nan,
1750922006.042217255,1,-1.179377161,-0.093816964,-1.448754054,0.004963725,0.600567592,-0.024566813,0.799181081,961,541,406,1.297510575,1.091933952,0.546198518,0.812002392,0.330860032,1,0,ok,map,541,406,602,0,ok,39,TRACKING,290,0,0,-1,0,0,0,nan,nan,0,0,nan,nan,
1750922006.054217339,1,-1.205146762,-0.093852028,-1.454625103,0.005431065,0.606055344,-0.024290754,0.795032944,957,538,372,1.293362270,1.147832169,0.648086543,0.790742110,0.198979897,1,0,ok,map,538,372,602,0,ok,43,TRACKING,290,0,0,-1,0,0,0,nan,nan,0,0,nan,nan,
1750922006.066217422,1,-1.225920403,-0.093420183,-1.459539237,0.006054559,0.611225087,-0.024577789,0.791051937,961,538,358,1.290253183,1.135209627,0.683608784,0.751828475,0.115588627,1,0,ok,map,538,358,602,0,ok,39,TRACKING,290,0,0,-1,0,0,0,nan,nan,0,0,nan,nan,
1750922006.078217506,1,-1.246715747,-0.092818775,-1.461857380,0.006957982,0.616058157,-0.025420241,0.787259643,931,522,353,1.313842997,1.167675014,0.682330420,0.806729128,0.164093386,1,0,ok,map,522,353,602,0,ok,69,TRACKING,291,1,0,-1,0,0,0,nan,nan,0,0,nan,nan,
1750922006.090217590,1,-1.260985007,-0.094259642,-1.464557189,0.007016983,0.621012543,-0.026938139,0.783306147,945,627,459,1.125987607,0.897600111,0.490653528,0.746902519,0.263625902,1,0,ok,map,627,459,667,0,ok,55,TRACKING,291,0,0,-1,0,0,0,nan,nan,0,0,nan,nan,
1750922006.102217674,1,-1.285703691,-0.095689485,-1.467327549,0.007017889,0.626312523,-0.027219750,0.779065118,965,618,455,1.166513109,0.957240030,0.536790662,0.778511064,0.284089452,1,0,ok,map,618,455,667,0,ok,35,TRACKING,291,0,0,-1,0,0,0,nan,nan,0,0,nan,nan,
1750922006.114217758,1,-1.313099596,-0.095838045,-1.471928029,0.007069342,0.631754560,-0.025688133,0.774710475,979,612,429,1.170044881,1.014381493,0.704137627,0.817764756,0.129724073,1,0,ok,map,612,429,667,0,ok,21,TRACKING,291,0,0,-1,0,0,0,nan,nan,0,0,nan,nan,
1750922006.126217842,1,-1.321764281,-0.092062707,-1.472636759,0.005068345,0.637001178,-0.025125552,0.770436576,978,611,396,1.472047131,1.277674221,0.476450689,0.811207181,0.369682681,1,0,ok,map,611,396,667,1,ok,22,TRACKING,291,0,0,-1,0,0,0,nan,nan,0,0,nan,nan,
1750922006.138217926,1,-1.355828177,-0.093493848,-1.475290926,0.005850055,0.642058906,-0.027548353,0.766137864,940,603,398,1.425954583,1.301928150,0.802097760,0.814654810,0.169848370,1,0,ok,map,603,398,667,0,ok,60,TRACKING,291,0,0,-1,0,0,0,nan,nan,0,0,nan,nan,
1750922006.150218010,1,-1.371238732,-0.092460536,-1.477357263,0.007160860,0.647240247,-0.028771973,0.761709235,950,598,391,1.295972457,1.126892010,0.598665800,0.807644508,0.254120243,1,0,ok,map,598,391,667,0,ok,50,TRACKING,291,0,0,-1,0,0,0,nan,nan,0,0,nan,nan,
1750922006.162218094,1,-1.381327705,-0.094193762,-1.478494595,0.008334554,0.651948989,-0.028495811,0.757681358,948,584,368,1.304314274,1.099203160,0.578681977,0.828363686,0.322740034,1,0,ok,map,584,368,667,0,ok,52,TRACKING,292,1,0,-1,0,0,0,nan,nan,0,0,nan,nan,
1750922006.174218178,1,-1.402812215,-0.097390963,-1.480968592,0.009271092,0.657054046,-0.029054902,0.753226288,946,682,485,1.048525127,0.797472503,0.764353124,0.786428119,0.119572986,1,0,ok,map,682,485,775,0,ok,54,TRACKING,292,0,0,-1,0,0,0,nan,nan,0,0,nan,nan,
1750922006.186218262,1,-1.428487360,-0.094751708,-1.482679773,0.007673790,0.662051401,-0.028890248,0.748862076,978,670,481,1.074094174,0.877434987,0.644443776,0.782238058,0.151457631,1,0,ok,map,670,481,775,0,ok,22,TRACKING,292,0,0,-1,0,0,0,nan,nan,0,0,nan,nan,
1750922006.198218346,1,-1.444677134,-0.092046834,-1.482189889,0.006718046,0.667170950,-0.028713927,0.744320699,959,662,471,1.215308545,1.033520066,0.630114077,0.792080588,0.169326029,1,0,ok,map,662,471,775,0,ok,41,TRACKING,292,0,0,-1,0,0,0,nan,nan,0,0,nan,nan,
1750922006.210218430,1,-1.466513038,-0.094104007,-1.482626297,0.008126701,0.672435041,-0.029831512,0.739510076,972,650,467,1.292407249,1.127589344,0.753439814,0.842745161,0.194064360,1,0,ok,map,650,467,775,0,ok,28,TRACKING,292,0,0,-1,0,0,0,nan,nan,0,0,nan,nan,
1750922006.222218513,1,-1.487391061,-0.093732599,-1.483374417,0.008224233,0.677757287,-0.030519189,0.734606018,938,622,455,1.361476091,1.203754582,0.683818415,0.833126542,0.240436424,1,0,ok,map,622,455,775,1,ok,62,TRACKING,292,0,0,-1,0,0,0,nan,nan,0,0,nan,nan,
1750922006.234218597,1,-1.511609204,-0.094562053,-1.484750766,0.008714008,0.682956746,-0.030792100,0.729757491,981,618,425,1.349570883,1.223767192,0.757140440,0.817200670,0.214112678,1,0,ok,map,618,425,775,0,ok,19,TRACKING,292,0,0,-1,0,0,0,nan,nan,0,0,nan,nan,
1750922006.246218681,1,-1.534608277,-0.096145926,-1.484093390,0.007908821,0.687809579,-0.031450878,0.725166378,975,612,421,1.335527378,1.174265749,0.505011512,0.774750768,0.307819820,1,0,ok,map,612,421,775,1,ok,25,TRACKING,292,0,0,-1,0,0,0,nan,nan,0,0,nan,nan,
1750922006.258218765,1,-1.553885528,-0.093513668,-1.484136785,0.007460141,0.693069488,-0.030714627,0.720177508,978,610,393,1.336073620,1.137356970,0.726071024,0.836589683,0.492842782,1,0,ok,map,610,393,775,0,ok,22,TRACKING,292,0,0,-1,0,0,0,nan,nan,0,0,nan,nan,
1750922006.270218849,1,-1.581457839,-0.091811566,-1.481914290,0.007518917,0.698178390,-0.030009869,0.715255066,980,602,387,1.436871878,1.227161798,0.677809804,0.816995748,0.305046036,1,0,ok,map,602,387,775,0,ok,20,TRACKING,292,0,0,-1,0,0,0,nan,nan,0,0,nan,nan,
1750922006.282218933,1,-1.584925059,-0.093203909,-1.478268596,0.009343961,0.702388251,-0.030488949,0.711079362,961,587,367,1.506229492,1.306607257,0.359940099,0.838593237,0.538501069,1,0,ok,map,587,367,775,0,ok,39,TRACKING,293,1,8,86,202,1,0,0.007353618,0.005268254,170,116,0.682352941,1.489896587,ok
1750922006.294219017,1,-1.615750905,-0.096773779,-1.474223962,0.010616461,0.707421730,-0.031243035,0.706021005,980,700,515,1.517126768,1.368107448,1.210807664,0.835112381,0.505401526,1,0,ok,map,700,515,845,0,ok,20,TRACKING,293,0,0,-1,0,0,0,nan,nan,0,0,nan,nan,
1750922006.306219101,1,-1.636358680,-0.095668185,-1.471641613,0.011276214,0.712509413,-0.032394062,0.700823664,911,667,427,1.370097048,1.329221428,0.982825152,0.847181736,0.242584654,1,0,ok,map,667,427,845,2,ok,89,TRACKING,293,0,0,-1,0,0,0,nan,nan,0,0,nan,nan,
1750922006.318219185,1,-1.658108031,-0.098939450,-1.470939536,0.011339772,0.717284084,-0.033616334,0.695877068,977,656,427,1.574662340,1.455193251,1.248004791,0.800210825,0.596299781,1,0,ok,map,656,427,845,0,ok,23,TRACKING,293,0,0,-1,0,0,0,nan,nan,0,0,nan,nan,
1750922006.330219269,1,-1.687202232,-0.099000938,-1.465463172,0.009074980,0.722043839,-0.033090836,0.690995902,964,646,401,1.611887452,1.434394660,1.398415792,0.825430793,0.652589784,1,0,ok,map,646,401,845,1,ok,36,TRACKING,293,0,0,-1,0,0,0,nan,nan,0,0,nan,nan,
1750922006.342219353,1,-1.707688664,-0.092524666,-1.463603526,0.009619406,0.727331094,-0.031675949,0.685487841,985,642,381,1.430910365,1.385689944,0.994474623,0.891993604,0.236419137,1,0,ok,map,642,381,845,1,ok,15,TRACKING,293,0,0,-1,0,0,0,nan,nan,0,0,nan,nan,
1750922006.354219437,1,-1.729714335,-0.097287183,-1.459338298,0.011145088,0.732057463,-0.032480441,0.680376865,985,636,382,1.651677509,1.547971674,0.921596318,0.821836228,0.373144247,1,0,ok,map,636,382,845,0,ok,15,TRACKING,293,0,0,-1,0,0,0,nan,nan,0,0,nan,nan,
1750922006.366219521,1,-1.746996903,-0.095957265,-1.460051503,0.010768098,0.736934408,-0.032392181,0.675101824,979,627,369,1.639949947,1.437680701,1.467647139,0.824428596,0.881777773,1,0,ok,map,627,369,845,0,ok,21,TRACKING,293,0,0,-1,0,0,0,nan,nan,0,0,nan,nan,
1750922006.378219604,1,-1.767794622,-0.095344848,-1.457587215,0.010538913,0.741500674,-0.032824362,0.670065850,977,619,359,1.599672501,1.460051408,1.290725233,0.781000962,0.641355271,1,0,ok,map,619,359,845,0,ok,23,TRACKING,293,0,0,-1,0,0,0,nan,nan,0,0,nan,nan,
1750922006.390219688,1,-1.780504279,-0.091993352,-1.452168523,0.010459865,0.746229297,-0.033003031,0.664788108,977,605,355,1.584347489,1.511059944,1.215458316,0.812330644,0.479736736,1,0,ok,map,605,355,845,0,ok,23,TRACKING,293,0,0,-1,0,0,0,nan,nan,0,0,nan,nan,
1750922006.402219772,1,-1.817925828,-0.089792122,-1.446935046,0.013833794,0.751439158,-0.033316294,0.658815485,990,602,324,1.583852779,1.554962109,0.913092939,0.987729177,0.348637998,1,0,ok,map,602,324,845,0,ok,10,TRACKING,293,0,0,-1,0,0,0,nan,nan,0,0,nan,nan,
1750922006.414219856,1,-1.825798119,-0.096783467,-1.445308286,0.013706620,0.755761820,-0.034278122,0.653805178,984,595,313,1.787953458,1.693716639,1.723171444,0.766394213,1.141029255,1,0,ok,map,595,313,845,0,ok,16,TRACKING,293,0,0,-1,0,0,0,nan,nan,0,0,nan,nan,
1750922006.426219940,1,-1.848389502,-0.096709956,-1.441146593,0.011894494,0.760312457,-0.034363412,0.648538854,975,585,328,1.661701852,1.581453682,1.125681003,0.816070842,0.511591876,1,0,ok,map,585,328,845,0,ok,25,TRACKING,294,1,0,-1,0,0,0,nan,nan,0,0,nan,nan,
1750922006.438220024,1,-1.868959713,-0.092269763,-1.434409623,0.010037301,0.764820684,-0.032634919,0.643337809,963,629,401,1.272418337,1.152030318,0.900695012,0.840606076,0.150471835,1,0,ok,map,629,401,831,0,ok,37,TRACKING,294,0,0,-1,0,0,0,nan,nan,0,0,nan,nan,
1750922006.450220108,1,-1.894924408,-0.093015116,-1.429994330,0.011446478,0.769609542,-0.032604727,0.637579064,949,612,386,1.393673597,1.343763153,1.079668600,0.873329631,0.349835616,1,0,ok,map,612,386,831,0,ok,51,TRACKING,294,0,0,-1,0,0,0,nan,nan,0,0,nan,nan,
1750922006.462220192,1,-1.917400047,-0.095892622,-1.419794171,0.011728886,0.773819603,-0.032423750,0.632466881,952,604,374,1.707472219,1.601128702,0.893916286,0.759869787,0.445628626,1,0,ok,map,604,374,831,0,ok,48,TRACKING,294,0,0,-1,0,0,0,nan,nan,0,0,nan,nan,
1750922006.474220276,1,-1.932902087,-0.091976660,-1.418918322,0.011078231,0.778348391,-0.032348068,0.626900835,952,593,366,1.517432592,1.475052440,1.250144498,0.825696418,0.466616937,1,0,ok,map,593,366,831,0,ok,48,TRACKING,294,0,0,-1,0,0,0,nan,nan,0,0,nan,nan,
1750922006.486220360,1,-1.952939551,-0.096876260,-1.411790235,0.011460396,0.782831624,-0.032694573,0.621268358,965,591,349,1.637462025,1.503716722,0.700262560,0.804598158,0.325535573,1,0,ok,map,591,349,831,0,ok,35,TRACKING,295,1,0,-1,0,0,0,nan,nan,0,0,nan,nan,
1750922006.498220444,1,-1.974282647,-0.097567500,-1.405390757,0.010628387,0.787067154,-0.032114813,0.615939097,974,652,442,1.314263825,1.200000287,0.862338194,0.788680487,0.172929115,1,0,ok,map,652,442,872,0,ok,26,TRACKING,295,0,0,-1,0,0,0,nan,nan,0,0,nan,nan,
1750922006.510220528,1,-1.992470307,-0.095329174,-1.399285721,0.009748474,0.791359926,-0.031278829,0.610472006,970,646,417,1.284651696,1.185958555,0.718766102,0.808583643,0.115040177,1,0,ok,map,646,417,872,0,ok,30,TRACKING,295,0,0,-1,0,0,0,nan,nan,0,0,nan,nan,
1750922006.522220612,1,-2.010292467,-0.096262903,-1.393108134,0.009882705,0.795597224,-0.030389798,0.604982520,969,631,400,1.483129075,1.374112720,0.956887409,0.801303535,0.249405435,1,0,ok,map,631,400,872,0,ok,31,TRACKING,295,0,0,-1,0,0,0,nan,nan,0,0,nan,nan,
1750922006.534220695,1,-2.028542692,-0.093777955,-1.387072319,0.009704745,0.799749794,-0.030918288,0.599458210,974,619,392,1.487417301,1.430245237,0.857712520,0.794517136,0.138690026,1,0,ok,map,619,392,872,0,ok,26,TRACKING,295,0,0,-1,0,0,0,nan,nan,0,0,nan,nan,
1750922006.546220779,1,-2.051408757,-0.096953761,-1.376308127,0.010118473,0.803815891,-0.032078331,0.593926436,966,608,368,1.637046414,1.523490767,0.778408055,0.799277003,0.274172880,1,0,ok,map,608,368,872,0,ok,34,TRACKING,295,0,0,-1,0,0,0,nan,nan,0,0,nan,nan,
1750922006.558220863,1,-2.071850312,-0.095767892,-1.370957097,0.009765025,0.808045460,-0.031900897,0.588174729,963,587,364,1.591176573,1.495284163,0.779279176,0.781168188,0.221566094,1,0,ok,map,587,364,872,0,ok,37,TRACKING,296,1,0,-1,0,0,0,nan,nan,0,0,nan,nan,
1750922006.570220947,1,-2.090328600,-0.093345343,-1.362438002,0.009685276,0.812189346,-0.031865596,0.582442482,961,639,419,1.284159354,1.150449955,0.702940441,0.810594681,0.166321636,1,0,ok,map,639,419,898,0,ok,39,TRACKING,296,0,0,-1,0,0,0,nan,nan,0,0,nan,nan,
1750922006.582221031,1,-2.109899449,-0.095133630,-1.355545983,0.010279627,0.816288129,-0.032215730,0.576654287,953,618,404,1.373258268,1.251128213,0.707519344,0.816574757,0.149008329,1,0,ok,map,618,404,898,0,ok,47,TRACKING,296,0,0,-1,0,0,0,nan,nan,0,0,nan,nan,
1750922006.594221115,1,-2.130687174,-0.094553971,-1.345611517,0.009637659,0.820098370,-0.031648819,0.571265378,946,593,354,1.466028344,1.360930714,0.864592217,0.762631937,0.214299032,1,0,ok,map,593,354,898,0,ok,54,TRACKING,296,0,0,-1,0,0,0,nan,nan,0,0,nan,nan,
1750922006.606221199,1,-2.153185953,-0.093554219,-1.336304569,0.009630676,0.824190216,-0.030240702,0.565423061,949,574,368,1.564522170,1.490363962,0.812682010,0.833128264,0.164320913,1,0,ok,map,574,368,898,0,ok,51,TRACKING,296,0,0,-1,0,0,0,nan,nan,0,0,nan,nan,
1750922006.618221283,1,-2.168965307,-0.090716606,-1.329786260,0.009349292,0.828296584,-0.029485115,0.559435419,961,555,339,1.590290632,1.494919935,0.740085233,0.786439322,0.235189758,1,0,ok,map,555,339,898,0,ok,39,TRACKING,297,1,0,-1,0,0,0,nan,nan,0,0,nan,nan,
1750922006.630221367,1,-2.185705113,-0.094238314,-1.320860993,0.009675852,0.832248026,-0.029962333,0.553508681,954,579,406,1.399389574,1.256310621,0.704813405,0.818946543,0.174030657,1,0,ok,map,579,406,844,0,ok,46,TRACKING,297,0,0,-1,0,0,0,nan,nan,0,0,nan,nan,
1750922006.642221451,1,-2.210851614,-0.091513217,-1.310796520,0.009055178,0.836024928,-0.030455929,0.547770718,955,561,385,1.438386197,1.309939370,0.809379519,0.792409312,0.134508866,1,0,ok,map,561,385,844,0,ok,45,TRACKING,297,0,0,-1,0,0,0,nan,nan,0,0,nan,nan,
1750922006.654221535,1,-2.226713344,-0.091483979,-1.300972435,0.008330046,0.839749827,-0.031259805,0.542008915,938,535,340,1.483788676,1.441711168,0.799176926,0.795941088,0.139310637,1,0,ok,map,535,340,844,0,ok,62,TRACKING,297,0,0,-1,0,0,0,nan,nan,0,0,nan,nan,
1750922006.666221619,1,-2.243619498,-0.092180702,-1.290461381,0.008886874,0.843576187,-0.031721266,0.535998136,923,500,299,1.555536367,1.495985571,0.740284619,0.820700526,0.175838363,1,0,ok,map,500,299,844,0,ok,77,TRACKING,297,0,0,-1,0,0,0,nan,nan,0,0,nan,nan,
1750922006.678221703,1,-2.263623312,-0.091613958,-1.283344258,0.008308817,0.847559171,-0.031313678,0.529711119,928,475,299,1.638787970,1.624686655,0.814201465,0.794547113,0.196951739,1,0,ok,map,475,299,844,0,ok,72,TRACKING,298,1,0,-1,0,0,0,nan,nan,0,0,nan,nan,
1750922006.690221786,1,-2.281175053,-0.088741148,-1.273742508,0.007198228,0.851244400,-0.031205009,0.523791375,926,524,365,1.379929750,1.286305979,0.759164953,0.809228228,0.103188006,1,0,ok,map,524,365,748,0,ok,74,TRACKING,298,0,0,-1,0,0,0,nan,nan,0,0,nan,nan,
1750922006.702221870,1,-2.299572993,-0.092762098,-1.263382719,0.007533173,0.854862416,-0.032604707,0.517774501,937,515,345,1.362551093,1.286074653,0.846003237,0.821265577,0.059443708,1,0,ok,map,515,345,748,0,ok,63,TRACKING,298,0,0,-1,0,0,0,nan,nan,0,0,nan,nan,
1750922006.714221954,1,-2.314363007,-0.091192290,-1.253033349,0.006271426,0.858516484,-0.032446103,0.511720008,956,492,307,1.554386304,1.344611115,0.969142324,0.823358369,0.447364629,1,0,ok,map,492,307,748,0,ok,44,TRACKING,298,0,0,-1,0,0,0,nan,nan,0,0,nan,nan,
1750922006.726222038,1,-2.329359702,-0.092894125,-1.241941271,0.006302622,0.862292524,-0.032292633,0.505340545,951,476,294,1.538843205,1.436685364,0.734864343,0.849685377,0.183134673,1,0,ok,map,476,294,748,0,ok,49,TRACKING,298,0,0,-1,0,0,0,nan,nan,0,0,nan,nan,
1750922006.738222122,1,-2.353865854,-0.088646666,-1.228530306,0.006742907,0.866225805,-0.032597337,0.498542679,872,404,246,1.554957975,1.494775281,0.785760566,0.830625902,0.182294750,1,0,ok,map,404,246,748,1,ok,128,TRACKING,299,1,0,-1,0,0,0,nan,nan,0,0,nan,nan,
1750922006.750222206,1,-2.366687136,-0.091067406,-1.218436792,0.006537606,0.869847569,-0.033155652,0.492161731,931,467,320,1.325608431,1.166931550,0.749049765,0.843535385,0.160601720,1,0,ok,map,467,320,769,0,ok,69,TRACKING,299,0,0,-1,0,0,0,nan,nan,0,0,nan,nan,
1750922006.762222290,1,-2.385531059,-0.092030170,-1.205993278,0.006144726,0.873373251,-0.033750748,0.485841841,948,466,314,1.304764617,1.174123605,0.810608251,0.833295492,0.118197031,1,0,ok,map,466,314,769,1,ok,52,TRACKING,299,0,0,-1,0,0,0,nan,nan,0,0,nan,nan,
1750922006.774222374,1,-2.404276217,-0.092682457,-1.192249930,0.005457054,0.876856473,-0.032700720,0.479607767,943,458,302,1.478022967,1.379828633,0.749126641,0.830865468,0.140487181,1,0,ok,map,458,302,769,0,ok,57,TRACKING,299,0,0,-1,0,0,0,nan,nan,0,0,nan,nan,
1750922006.786222458,1,-2.418287632,-0.092436063,-1.180924696,0.005443333,0.880358861,-0.030863041,0.473271717,947,449,271,1.551622772,1.412795376,0.728265358,0.855913488,0.275659844,1,0,ok,map,449,271,769,0,ok,53,TRACKING,299,0,0,-1,0,0,0,nan,nan,0,0,nan,nan,
1750922006.798222542,1,-2.435354600,-0.093228663,-1.168626638,0.006170603,0.884296888,-0.029581447,0.465946216,956,442,262,1.540269608,1.469784486,0.827108691,0.887409152,0.142300974,1,0,ok,map,442,262,769,0,ok,44,TRACKING,300,1,0,-1,0,0,0,nan,nan,0,0,nan,nan,
1750922006.810222626,1,-2.450649408,-0.089960093,-1.157564206,0.005386666,0.887652050,-0.029628975,0.459529047,954,516,350,1.280973561,1.152800239,0.802298947,0.834665719,0.107737348,1,0,ok,map,516,350,744,0,ok,46,TRACKING,300,0,0,-1,0,0,0,nan,nan,0,0,nan,nan,
1750922006.822222710,1,-2.466791249,-0.090906409,-1.142616716,0.004892626,0.890783949,-0.031457265,0.453310554,934,501,334,1.389763495,1.287330871,0.798947511,0.826850995,0.160397456,1,0,ok,map,501,334,744,0,ok,66,TRACKING,300,0,0,-1,0,0,0,nan,nan,0,0,nan,nan,
1750922006.834222794,1,-2.481998377,-0.094212448,-1.129926580,0.004789597,0.894009611,-0.032856385,0.446815770,936,488,308,1.526118004,1.418841185,0.830808127,0.846392722,0.132144456,1,0,ok,map,488,308,744,0,ok,64,TRACKING,300,0,0,-1,0,0,0,nan,nan,0,0,nan,nan,
1750922006.846222878,1,-2.496976827,-0.095950581,-1.116435972,0.004889546,0.897260708,-0.031601511,0.440341525,939,475,296,1.667399676,1.588123158,0.700311909,0.842621495,0.190580233,1,0,ok,map,475,296,744,0,ok,61,TRACKING,300,0,0,-1,0,0,0,nan,nan,0,0,nan,nan,
1750922006.858222961,1,-2.511630226,-0.094972671,-1.103552549,0.004332688,0.900798973,-0.029300220,0.433225040,922,444,259,1.687615458,1.571252253,0.608573302,0.862539707,0.286018479,1,0,ok,map,444,259,744,0,ok,78,TRACKING,301,1,0,-1,0,0,0,nan,nan,0,0,nan,nan,
1750922006.870223045,1,-2.535299002,-0.087358478,-1.084684474,0.003818445,0.903857143,-0.028722528,0.426852084,966,525,321,1.375589123,1.227471266,1.026353075,0.814852743,0.278715221,1,0,ok,map,525,321,738,0,ok,34,TRACKING,301,0,0,-1,0,0,0,nan,nan,0,0,nan,nan,
1750922006.882223129,1,-2.547700612,-0.088333485,-1.071718250,0.003611732,0.906772343,-0.030607278,0.420492648,966,523,313,1.428139087,1.343967252,0.825971688,0.830579838,0.068295546,1,0,ok,map,523,313,738,0,ok,34,TRACKING,301,0,0,-1,0,0,0,nan,nan,0,0,nan,nan,
1750922006.894223213,1,-2.559571780,-0.091528188,-1.055452468,0.003745348,0.909804529,-0.031976422,0.413786419,964,522,302,1.672065553,1.566363731,0.783733579,0.857986543,0.188404276,1,0,ok,map,522,302,738,0,ok,36,TRACKING,301,0,0,-1,0,0,0,nan,nan,0,0,nan,nan,
1750922006.906223297,1,-2.575362374,-0.091990909,-1.040906930,0.003819401,0.912680753,-0.032092158,0.407393358,965,512,292,1.613156251,1.494064086,0.678701124,0.803473683,0.163380514,1,0,ok,map,512,292,738,1,ok,35,TRACKING,301,0,0,-1,0,0,0,nan,nan,0,0,nan,nan,
1750922006.918223381,1,-2.593235185,-0.090837603,-1.024699243,0.003609126,0.915946647,-0.031293118,0.400061813,950,501,268,1.451528758,1.384426861,0.890343377,0.827198775,0.151479066,1,0,ok,map,501,268,738,1,ok,50,TRACKING,302,1,0,-1,0,0,0,nan,nan,0,0,nan,nan,
1750922006.930223465,1,-2.607235278,-0.090452300,-1.010891303,0.002937382,0.918847503,-0.030540445,0.393418251,962,609,423,1.102088615,0.839965374,0.821456516,0.838712232,0.126672147,1,0,ok,map,609,423,783,0,ok,38,TRACKING,302,0,0,-1,0,0,0,nan,nan,0,0,nan,nan,
1750922006.942223549,1,-2.621528161,-0.090677292,-0.993230775,0.001465498,0.921606044,-0.029833063,0.386975632,970,598,427,1.197686704,1.034890098,0.772609756,0.824613022,0.082851287,1,0,ok,map,598,427,783,0,ok,30,TRACKING,302,0,0,-1,0,0,0,nan,nan,0,0,nan,nan,
1750922006.954223633,1,-2.634669395,-0.090163308,-0.978931083,0.000547125,0.924394194,-0.029213478,0.380317823,945,578,408,1.325234420,1.207807652,0.764762027,0.836814476,0.141929526,1,0,ok,map,578,408,783,0,ok,55,TRACKING,302,0,0,-1,0,0,0,nan,nan,0,0,nan,nan,
1750922006.966223717,1,-2.650036938,-0.090697482,-0.959201002,0.000907120,0.927108457,-0.029645432,0.373617764,961,566,380,1.405703199,1.330495338,0.833608862,0.830882993,0.144594892,1,0,ok,map,566,380,783,0,ok,39,TRACKING,302,0,0,-1,0,0,0,nan,nan,0,0,nan,nan,
1750922006.978223801,1,-2.662270965,-0.089169291,-0.948486282,0.000561890,0.930124108,-0.029600071,0.366050084,962,555,355,1.288314682,1.144171600,0.778309672,0.831277204,0.094944767,1,0,ok,map,555,355,783,0,ok,38,TRACKING,303,1,15,233,238,1,0,0.006569351,0.005356131,194,166,0.855670103,1.388520885,ok
1750922006.990223885,1,-2.679706349,-0.088085789,-0.935541272,0.000159617,0.932707548,-0.029908108,0.359391303,961,637,427,1.574066976,1.440409209,0.583338707,0.820514439,0.242619588,1,0,ok,map,637,427,752,0,ok,39,TRACKING,303,0,0,-1,0,0,0,nan,nan,0,0,nan,nan,
1750922007.002223969,1,-2.694155020,-0.087616502,-0.919376179,0.000235824,0.935185460,-0.029926583,0.352891626,951,623,398,1.623645015,1.558534800,0.568113640,0.797150485,0.241782330,1,0,ok,map,623,398,752,0,ok,49,TRACKING,303,0,0,-1,0,0,0,nan,nan,0,0,nan,nan,
1750922007.014224052,1,-2.705749618,-0.088168411,-0.897308863,-0.000189734,0.937760555,-0.029602647,0.346018482,948,610,376,1.712258439,1.632478239,0.569770174,0.843299660,0.280526622,1,0,ok,map,610,376,752,0,ok,52,TRACKING,303,0,0,-1,0,0,0,nan,nan,0,0,nan,nan,
1750922007.026224136,1,-2.721327122,-0.087014237,-0.877447839,-0.000453686,0.940225642,-0.029369525,0.339283020,941,596,363,1.853254500,1.697830179,0.551867660,0.822886510,0.370031688,1,0,ok,map,596,363,752,1,ok,59,TRACKING,303,0,0,-1,0,0,0,nan,nan,0,0,nan,nan,
1750922007.038224220,1,-2.738917386,-0.084122967,-0.866057766,-0.000335151,0.942507218,-0.030103036,0.332827040,928,571,326,1.697724243,1.495241024,0.610407752,0.846535439,0.299850394,1,0,ok,map,571,326,752,0,ok,72,TRACKING,304,1,0,-1,0,0,0,nan,nan,0,0,nan,nan,
1750922007.050224304,1,-2.749538396,-0.085181214,-0.845510481,0.000202276,0.944859978,-0.030993932,0.326004535,958,670,477,1.458002360,1.231713129,0.591097071,0.835535251,0.305885508,1,0,ok,map,670,477,818,0,ok,42,TRACKING,304,0,0,-1,0,0,0,nan,nan,0,0,nan,nan,
1750922007.062224388,1,-2.761508382,-0.086030835,-0.831219200,-0.000227622,0.947141136,-0.031380109,0.319278728,975,666,473,1.411674981,1.219043517,0.602231830,0.816534728,0.253091597,1,0,ok,map,666,473,818,0,ok,25,TRACKING,304,0,0,-1,0,0,0,nan,nan,0,0,nan,nan,
1750922007.074224472,1,-2.776245183,-0.086409901,-0.809188620,-0.000739595,0.949413739,-0.031045859,0.312488657,982,664,448,1.408641853,1.297661672,0.622993811,0.823496898,0.203744317,1,0,ok,map,664,448,818,0,ok,18,TRACKING,304,0,0,-1,0,0,0,nan,nan,0,0,nan,nan,
1750922007.086224556,1,-2.788434639,-0.084417935,-0.790973935,-0.001191901,0.951547999,-0.030223174,0.306009059,979,665,437,1.436616088,1.317123360,0.631942897,0.789117743,0.189879029,1,0,ok,map,665,437,818,1,ok,21,TRACKING,304,0,0,-1,0,0,0,nan,nan,0,0,nan,nan,
1750922007.098224640,1,-2.795722213,-0.082303905,-0.779693966,-0.001336047,0.953725553,-0.030572060,0.299117258,974,657,427,1.670451944,1.476938812,0.607709415,0.829356280,0.303557051,1,0,ok,map,657,427,818,1,ok,26,TRACKING,304,0,0,-1,0,0,0,nan,nan,0,0,nan,nan,
1750922007.110224724,1,-2.807541172,-0.083357430,-0.754052618,-0.001522999,0.955731968,-0.031723565,0.292519575,959,651,414,1.736547687,1.517810863,0.539654404,0.801454905,0.374923215,1,0,ok,map,651,414,818,1,ok,41,TRACKING,304,0,0,-1,0,0,0,nan,nan,0,0,nan,nan,
1750922007.122224808,1,-2.819674050,-0.083180162,-0.740822333,-0.001275029,0.957757512,-0.032151086,0.285771290,963,644,400,1.467583425,1.327244507,0.679113731,0.809365751,0.188599658,1,0,ok,map,644,400,818,0,ok,37,TRACKING,304,0,0,-1,0,0,0,nan,nan,0,0,nan,nan,
1750922007.134224892,1,-2.829481112,-0.084141405,-0.716854408,-0.000641853,0.959758540,-0.032242313,0.278968754,984,640,378,1.621544119,1.447201351,0.554784072,0.815840843,0.285649929,1,0,ok,map,640,378,818,0,ok,16,TRACKING,304,0,0,-1,0,0,0,nan,nan,0,0,nan,nan,
1750922007.146224976,1,-2.839228988,-0.082262379,-0.700990831,-0.001127289,0.961622452,-0.032132609,0.272485752,981,636,362,1.610050203,1.450595759,0.520508950,0.775094302,0.280841954,1,0,ok,map,636,362,818,1,ok,19,TRACKING,304,0,0,-1,0,0,0,nan,nan,0,0,nan,nan,
1750922007.158225060,1,-2.856178264,-0.081951728,-0.684846661,-0.001946506,0.963464541,-0.032467610,0.265853614,983,631,348,1.607141060,1.448683974,0.741988888,0.795252894,0.209678463,1,0,ok,map,631,348,818,1,ok,17,TRACKING,304,0,0,-1,0,0,0,nan,nan,0,0,nan,nan,
1750922007.170225143,1,-2.862686244,-0.084900979,-0.663009751,-0.004216872,0.965115880,-0.033573908,0.259627328,981,628,353,1.668119343,1.550028934,0.539450540,0.792856075,0.314732495,1,0,ok,map,628,353,818,1,ok,19,TRACKING,304,0,0,-1,0,0,0,nan,nan,0,0,nan,nan,
1750922007.182225227,1,-2.868897529,-0.083485245,-0.652672160,-0.004098150,0.966890417,-0.032830610,0.253038094,980,620,333,1.748566421,1.594615868,0.450671915,0.786717245,0.345182247,1,0,ok,map,620,333,818,0,ok,20,TRACKING,304,0,0,-1,0,0,0,nan,nan,0,0,nan,nan,
1750922007.194225311,1,-2.884143156,-0.083793375,-0.626132432,-0.001877457,0.968841684,-0.031400341,0.245675161,964,604,312,1.857684804,1.704799865,0.628462765,0.923893428,0.391629611,1,0,ok,map,604,312,818,1,ok,36,TRACKING,305,1,0,-1,0,0,0,nan,nan,0,0,nan,nan,
1750922007.206225395,1,-2.893149310,-0.080550249,-0.616754720,-0.002382805,0.970351816,-0.032232817,0.239526034,944,726,480,1.533743473,1.332538427,0.733184703,0.734108967,0.268902693,1,0,ok,map,726,480,954,0,ok,56,TRACKING,305,0,0,-1,0,0,0,nan,nan,0,0,nan,nan,
1750922007.218225479,1,-2.905061107,-0.082221915,-0.590238706,-0.004802472,0.971782201,-0.033313786,0.233466233,985,724,457,1.439836052,1.311711677,0.733262542,0.775427189,0.154011099,1,0,ok,map,724,457,954,0,ok,15,TRACKING,305,0,0,-1,0,0,0,nan,nan,0,0,nan,nan,
1750922007.230225563,1,-2.914467647,-0.083221898,-0.572617009,-0.006085781,0.973319984,-0.032930800,0.226995010,971,720,417,1.366484799,1.321330873,0.802392216,0.777495363,0.036054048,1,0,ok,map,720,417,954,0,ok,29,TRACKING,305,0,0,-1,0,0,0,nan,nan,0,0,nan,nan,
1750922007.242225647,1,-2.922245932,-0.082093837,-0.545834412,-0.006273539,0.974978264,-0.031690547,0.219940302,977,716,426,1.532329143,1.470830492,0.681140495,0.842793630,0.244844389,1,0,ok,map,716,426,954,0,ok,23,TRACKING,305,0,0,-1,0,0,0,nan,nan,0,0,nan,nan,
1750922007.254225731,1,-2.922949984,-0.074670862,-0.557507064,-0.003831152,0.976623930,-0.031885630,0.212542535,968,708,316,1.833015656,1.619794944,0.760933338,0.912704529,0.409318214,1,0,ok,map,708,316,954,0,ok,32,TRACKING,305,0,0,-1,0,0,0,nan,nan,0,0,nan,nan,
1750922007.266225815,1,-2.933244236,-0.076194415,-0.534905895,-0.003127763,0.977902034,-0.035509206,0.206002244,968,698,307,1.819341159,1.706449877,0.839154095,0.872961276,0.380055774,1,0,ok,map,698,307,954,0,ok,32,TRACKING,305,0,0,-1,0,0,0,nan,nan,0,0,nan,nan,
1750922007.278225899,1,-2.944342543,-0.078368556,-0.506380163,-0.004929008,0.979120233,-0.037742603,0.199686679,968,684,322,1.661773185,1.533702379,0.839346250,0.807062383,0.283555835,1,0,ok,map,684,322,954,0,ok,32,TRACKING,305,0,0,-1,0,0,0,nan,nan,0,0,nan,nan,
1750922007.290225983,1,-2.948862284,-0.087603544,-0.486530310,-0.006933858,0.980502156,-0.037118229,0.192846262,975,673,277,1.940983982,1.717957024,0.376855108,0.835108476,0.509846928,1,0,ok,map,673,277,954,0,ok,25,TRACKING,305,0,0,-1,0,0,0,nan,nan,0,0,nan,nan,
1750922007.302226067,1,-2.959023449,-0.082589053,-0.490082955,-0.007450938,0.981970511,-0.033975000,0.185806617,977,661,250,1.476503914,1.376287792,1.056104579,0.901277356,0.156901548,1,0,ok,map,661,250,954,0,ok,23,TRACKING,305,0,0,-1,0,0,0,nan,nan,0,0,nan,nan,
1750922007.314226151,1,-2.963401408,-0.074023219,-0.445152588,-0.006211181,0.983303562,-0.033033553,0.178841579,978,652,248,2.191763887,1.939683395,0.562808374,0.831972033,0.577311857,1,0,ok,map,652,248,954,0,ok,22,TRACKING,305,0,0,-1,0,0,0,nan,nan,0,0,nan,nan,
1750922007.326226234,1,-2.968233035,-0.078105398,-0.438293900,-0.006924658,0.984378283,-0.034667513,0.172480750,970,643,240,2.440745474,2.131772165,0.807118921,0.766943963,0.852940442,1,0,ok,map,643,240,954,0,ok,30,TRACKING,305,0,0,-1,0,0,0,nan,nan,0,0,nan,nan,
1750922007.338226318,1,-2.976147102,-0.073436685,-0.416899775,-0.007463807,0.985453641,-0.036936097,0.165714025,976,628,245,1.962706193,1.736673772,0.940536265,0.829363833,0.716708287,1,0,ok,map,628,245,954,0,ok,24,TRACKING,305,0,0,-1,0,0,0,nan,nan,0,0,nan,nan,
1750922007.350226402,1,-2.986502718,-0.079659976,-0.406414823,-0.007855890,0.986639743,-0.037802177,0.158276019,975,615,223,1.964049934,1.754584818,1.209155729,0.814595423,0.765423791,1,0,ok,map,615,223,954,0,ok,25,TRACKING,306,1,0,-1,0,0,0,nan,nan,0,0,nan,nan,
1750922007.362226486,1,-2.990362218,-0.077552623,-0.385257734,-0.007242671,0.987752401,-0.037056349,0.151392090,971,747,415,1.427786868,1.235243813,0.542394718,0.806703286,0.350126136,1,0,ok,map,747,415,1067,0,ok,29,TRACKING,306,0,0,-1,0,0,0,nan,nan,0,0,nan,nan,
1750922007.374226570,1,-2.998792803,-0.078905256,-0.370076546,-0.007766807,0.988800979,-0.035902485,0.144648927,979,733,412,1.379390369,1.302933319,0.855348902,0.795368450,0.158261220,1,0,ok,map,733,412,1067,0,ok,21,TRACKING,306,0,0,-1,0,0,0,nan,nan,0,0,nan,nan,
1750922007.386226654,1,-3.003671526,-0.075138991,-0.348988342,-0.008669289,0.989739686,-0.035804102,0.138051673,977,721,392,1.489977631,1.491151892,0.726375200,0.770659206,0.067509796,1,0,ok,map,721,392,1067,0,ok,23,TRACKING,306,0,0,-1,0,0,0,nan,nan,0,0,nan,nan,
1750922007.398226738,1,-3.007894524,-0.078176594,-0.331073072,-0.009526985,0.990619214,-0.036070984,0.131459856,968,709,390,1.526925175,1.455817119,0.853693762,0.768982458,0.215313765,1,0,ok,map,709,390,1067,0,ok,32,TRACKING,306,0,0,-1,0,0,0,nan,nan,0,0,nan,nan,
1750922007.410226822,1,-3.011128643,-0.073435926,-0.308220665,-0.009772267,0.991508009,-0.036324883,0.124486441,961,695,380,1.561627819,1.449737042,0.763352207,0.806575642,0.284726582,1,0,ok,map,695,380,1067,0,ok,39,TRACKING,306,0,0,-1,0,0,0,nan,nan,0,0,nan,nan,
1750922007.422226906,1,-3.015548573,-0.077382241,-0.283628261,-0.010566330,0.992260064,-0.037250684,0.117986037,978,691,379,1.441943782,1.288880584,0.699108368,0.762775662,0.198739451,1,0,ok,map,691,379,1067,0,ok,22,TRACKING,306,0,0,-1,0,0,0,nan,nan,0,0,nan,nan,
1750922007.434226990,1,-3.019770274,-0.079556747,-0.277969855,-0.009949717,0.993072853,-0.036546452,0.111228005,980,681,335,1.580964692,1.398114549,0.746468993,0.787336295,0.391966246,1,0,ok,map,681,335,1067,0,ok,20,TRACKING,306,0,0,-1,0,0,0,nan,nan,0,0,nan,nan,
1750922007.446227074,1,-3.022358654,-0.077248071,-0.244430547,-0.009610114,0.993873751,-0.034102740,0.104688184,978,672,347,1.565809240,1.473949471,0.687157365,0.806206519,0.323338516,1,0,ok,map,672,347,1067,0,ok,22,TRACKING,306,0,0,-1,0,0,0,nan,nan,0,0,nan,nan,
1750922007.458227158,1,-3.025496420,-0.075591510,-0.239642211,-0.009413795,0.994490098,-0.034839065,0.098422889,975,663,319,1.829264435,1.772073066,0.926577446,0.726682665,0.597394704,1,0,ok,map,663,319,1067,0,ok,25,TRACKING,306,0,0,-1,0,0,0,nan,nan,0,0,nan,nan,
1750922007.470227242,1,-3.027447382,-0.077013656,-0.201847663,-0.008722181,0.995054500,-0.036309520,0.092043922,970,649,313,1.701948221,1.650163547,0.913246740,0.757089447,0.423437247,1,0,ok,map,649,313,1067,0,ok,30,TRACKING,306,0,0,-1,0,0,0,nan,nan,0,0,nan,nan,
1750922007.482227325,1,-3.029462813,-0.073040570,-0.187250452,-0.010055703,0.995642077,-0.036002611,0.085437405,973,636,313,1.842449300,1.700783414,0.754426442,0.776047660,0.552857721,1,0,ok,map,636,313,1067,0,ok,27,TRACKING,306,0,0,-1,0,0,0,nan,nan,0,0,nan,nan,
1750922007.494227409,1,-3.034132218,-0.072167127,-0.181631716,-0.010056650,0.996149700,-0.036831414,0.078918227,956,615,293,1.710983333,1.689304424,0.791594406,0.755300494,0.311536705,1,0,ok,map,615,293,1067,0,ok,44,TRACKING,306,0,0,-1,0,0,0,nan,nan,0,0,nan,nan,
1750922007.506227493,1,-3.038783494,-0.075611224,-0.139436589,-0.009829521,0.996679201,-0.037514125,0.071600569,963,597,280,1.534265500,1.451895596,0.548802802,0.729925108,0.183193740,1,0,ok,map,597,280,1067,0,ok,37,TRACKING,307,1,0,-1,0,0,0,nan,nan,0,0,nan,nan,
1750922007.518227577,1,-3.041215490,-0.076148046,-0.124494886,-0.008954447,0.997153543,-0.036897758,0.065139735,947,719,459,1.206686493,1.044537250,0.757628396,0.752415553,0.111781918,1,0,ok,map,719,459,1124,0,ok,53,TRACKING,307,0,0,-1,0,0,0,nan,nan,0,0,nan,nan,
1750922007.530227661,1,-3.040756503,-0.075997507,-0.096505658,-0.010554911,0.997580364,-0.035382677,0.058907358,958,701,440,1.348139457,1.207184704,0.760833716,0.759092908,0.198705244,1,0,ok,map,701,440,1124,0,ok,42,TRACKING,307,0,0,-1,0,0,0,nan,nan,0,0,nan,nan,
1750922007.542227745,1,-3.042563968,-0.070087952,-0.084022270,-0.011015831,0.997969611,-0.034601321,0.052326433,974,695,435,1.496890924,1.364089244,0.612289724,0.762556788,0.199127961,1,0,ok,map,695,435,1124,0,ok,26,TRACKING,307,0,0,-1,0,0,0,nan,nan,0,0,nan,nan,
1750922007.554227829,1,-3.041389777,-0.072709949,-0.061428343,-0.010561416,0.998265405,-0.035294435,0.045923209,972,692,404,1.666266735,1.519590093,1.108370622,0.740653546,0.752934691,1,0,ok,map,692,404,1124,0,ok,28,TRACKING,307,0,0,-1,0,0,0,nan,nan,0,0,nan,nan,
1750922007.566227913,1,-3.041131881,-0.071069886,-0.031428119,-0.010541140,0.998555682,-0.035327663,0.039081848,965,683,408,1.557796686,1.405431201,0.719859819,0.784681707,0.387379827,1,0,ok,map,683,408,1124,0,ok,35,TRACKING,307,0,0,-1,0,0,0,nan,nan,0,0,nan,nan,
1750922007.578227997,1,-3.041853414,-0.072143573,-0.017448299,-0.010434892,0.998786123,-0.035598770,0.032405585,978,678,423,1.505589661,1.429475005,0.759751489,0.766227378,0.219875818,1,0,ok,map,678,423,1124,0,ok,22,TRACKING,307,0,0,-1,0,0,0,nan,nan,0,0,nan,nan,
1750922007.590228081,1,-3.041981861,-0.072404220,0.008548726,-0.010455367,0.998987011,-0.035398507,0.025740681,981,670,400,1.425819637,1.339145636,0.768984695,0.764438073,0.062024318,1,0,ok,map,670,400,1124,0,ok,19,TRACKING,307,0,0,-1,0,0,0,nan,nan,0,0,nan,nan,
1750922007.602228165,1,-3.038746512,-0.070718501,0.032528314,-0.010672483,0.999182279,-0.034128450,0.018871172,985,667,397,1.513271232,1.367503855,0.679115180,0.801229093,0.287067609,1,0,ok,map,667,397,1124,0,ok,15,TRACKING,307,0,0,-1,0,0,0,nan,nan,0,0,nan,nan,
1750922007.614228249,1,-3.038323614,-0.066298491,0.038286739,-0.010408649,0.999313346,-0.033498348,0.011931379,983,663,330,1.672545077,1.549573819,0.989388862,0.799227784,0.489559242,1,0,ok,map,663,330,1124,0,ok,17,TRACKING,307,0,0,-1,0,0,0,nan,nan,0,0,nan,nan,
1750922007.626228333,1,-3.035066810,-0.066684533,0.069772621,-0.009746298,0.999326202,-0.035002489,0.005193936,972,656,339,1.748986444,1.672189604,0.947716529,0.794695968,0.466562285,1,0,ok,map,656,339,1124,0,ok,28,TRACKING,307,0,0,-1,0,0,0,nan,nan,0,0,nan,nan,
1750922007.638228416,1,-3.034741725,-0.065702525,0.089763749,-0.009203118,0.999324467,-0.035553839,-0.001355303,962,641,345,1.725416483,1.678386224,0.817888219,0.755711393,0.320305700,1,0,ok,map,641,345,1124,0,ok,38,TRACKING,307,0,0,-1,0,0,0,nan,nan,0,0,nan,nan,
1750922007.650228500,1,-3.030030998,-0.061141602,0.112031280,-0.009551711,0.999296917,-0.035297943,-0.008275978,973,628,323,1.774727516,1.677505627,0.701584909,0.794605381,0.550080363,1,0,ok,map,628,323,1124,0,ok,27,TRACKING,307,0,0,-1,0,0,0,nan,nan,0,0,nan,nan,
1750922007.662228584,1,-3.030630018,-0.066792882,0.136295039,-0.008439822,0.999191278,-0.036258477,-0.015194812,978,616,299,1.587892864,1.537529067,1.119732859,0.810613300,0.442819958,1,0,ok,map,616,299,1124,0,ok,22,TRACKING,307,0,0,-1,0,0,0,nan,nan,0,0,nan,nan,
1750922007.674228668,1,-3.028906430,-0.065948999,0.158016482,-0.009085229,0.999075141,-0.034827723,-0.023523401,972,605,313,1.676336239,1.540679501,0.752895962,0.786835172,0.354897717,1,0,ok,map,605,313,1124,0,ok,28,TRACKING,308,1,0,-1,0,0,0,nan,nan,0,0,nan,nan,
1750922007.686228752,1,-3.025039133,-0.061487698,0.181683518,-0.009274257,0.998907341,-0.034149116,-0.030527852,976,689,415,1.352860239,1.100583808,0.662882263,0.806930731,0.331457330,1,0,ok,map,689,415,1118,0,ok,24,TRACKING,308,0,0,-1,0,0,0,nan,nan,0,0,nan,nan,
1750922007.698228836,1,-3.020070233,-0.061357693,0.205778382,-0.008529551,0.998669311,-0.034429812,-0.037435845,952,667,397,1.480493364,1.363319872,0.556281024,0.797302011,0.346668375,1,0,ok,map,667,397,1118,0,ok,48,TRACKING,308,0,0,-1,0,0,0,nan,nan,0,0,nan,nan,
1750922007.710228920,1,-3.017829947,-0.062543329,0.219101489,-0.007836980,0.998372211,-0.034721515,-0.044563725,964,655,414,1.549220949,1.496796947,0.757154282,0.822028949,0.267427814,1,0,ok,map,655,414,1118,0,ok,36,TRACKING,308,0,0,-1,0,0,0,nan,nan,0,0,nan,nan,
1750922007.722229004,1,-3.011131954,-0.061904362,0.244886269,-0.009265536,0.998032240,-0.035112741,-0.051116466,964,645,388,1.564132403,1.528678063,0.668905571,0.770818822,0.279440859,1,0,ok,map,645,388,1118,0,ok,36,TRACKING,308,0,0,-1,0,0,0,nan,nan,0,0,nan,nan,
1750922007.734229088,1,-3.007533041,-0.061668241,0.265220804,-0.009572528,0.997648789,-0.035202068,-0.058017876,960,627,365,1.573917692,1.390893633,0.438643801,0.792911570,0.627627234,1,0,ok,map,627,365,1118,0,ok,40,TRACKING,308,0,0,-1,0,0,0,nan,nan,0,0,nan,nan,
1750922007.746229172,1,-3.003011029,-0.061664941,0.283184723,-0.008568873,0.997220402,-0.034746794,-0.065350634,965,610,388,1.478148817,1.303812813,0.813174791,0.851128416,0.386425566,1,0,ok,map,610,388,1118,0,ok,35,TRACKING,308,0,0,-1,0,0,0,nan,nan,0,0,nan,nan,
1750922007.758229256,1,-3.003556644,-0.060666788,0.305234716,-0.008314264,0.996601596,-0.035052836,-0.074077195,958,593,349,1.356301279,1.244140080,0.899734708,0.790235233,0.133310685,1,0,ok,map,593,349,1118,0,ok,42,TRACKING,309,1,0,-1,0,0,0,nan,nan,0,0,nan,nan,
1750922007.770229340,1,-2.995956186,-0.060827494,0.327465954,-0.009210795,0.996059319,-0.034946562,-0.080992173,957,649,427,1.372300914,1.161165505,0.845903612,0.801537002,0.462463296,1,0,ok,map,649,427,1041,0,ok,43,TRACKING,309,0,0,-1,0,0,0,nan,nan,0,0,nan,nan,
1750922007.782229424,1,-2.991245963,-0.059209788,0.349784491,-0.009693099,0.995432652,-0.035759618,-0.087983687,952,631,408,1.285594117,1.128180796,0.944492403,0.811643707,0.142133362,1,0,ok,map,631,408,1041,0,ok,48,TRACKING,309,0,0,-1,0,0,0,nan,nan,0,0,nan,nan,
1750922007.794229507,1,-2.983874321,-0.058583641,0.371673431,-0.009708878,0.994761468,-0.036398383,-0.095029029,962,615,375,1.485054598,1.333672204,1.121183734,0.814292342,0.470398594,1,0,ok,map,615,375,1041,0,ok,38,TRACKING,309,0,0,-1,0,0,0,nan,nan,0,0,nan,nan,
1750922007.806229591,1,-2.979378963,-0.060316342,0.390506501,-0.010217017,0.994056205,-0.036498027,-0.102057669,971,604,368,1.390355437,1.333743559,0.830441894,0.811640860,0.104493852,1,0,ok,map,604,368,1041,0,ok,29,TRACKING,309,0,0,-1,0,0,0,nan,nan,0,0,nan,nan,
1750922007.818229675,1,-2.974895703,-0.059310625,0.414060603,-0.009716982,0.993150185,-0.035163084,-0.111003815,964,594,364,1.346174889,1.246111354,0.697085439,0.807808231,0.134277586,1,0,ok,map,594,364,1041,0,ok,36,TRACKING,310,1,0,-1,0,0,0,nan,nan,0,0,nan,nan,
1750922007.830229759,1,-2.965886811,-0.058263744,0.439879090,-0.010171089,0.992357365,-0.034324122,-0.118090065,951,698,495,1.164178659,0.982081051,0.965318736,0.824372934,0.144394096,1,0,ok,map,698,495,1003,0,ok,49,TRACKING,310,0,0,-1,0,0,0,nan,nan,0,0,nan,nan,
1750922007.842229843,1,-2.959785076,-0.056628480,0.456476867,-0.009401110,0.991475604,-0.034702248,-0.125233780,948,675,456,1.264630722,1.114486347,1.020916945,0.830660390,0.327924232,1,0,ok,map,675,456,1003,0,ok,52,TRACKING,310,0,0,-1,0,0,0,nan,nan,0,0,nan,nan,
1750922007.854229927,1,-2.951333037,-0.056332624,0.478649955,-0.009252703,0.990561154,-0.034851977,-0.132243438,965,655,468,1.357281311,1.240593101,0.970057841,0.810415718,0.212865081,1,0,ok,map,655,468,1003,0,ok,35,TRACKING,310,0,0,-1,0,0,0,nan,nan,0,0,nan,nan,
1750922007.866230011,1,-2.941519190,-0.056648085,0.503419840,-0.009313778,0.989590662,-0.035203178,-0.139227554,965,648,445,1.345562984,1.252097211,0.904209413,0.809044073,0.117223858,1,0,ok,map,648,445,1003,0,ok,35,TRACKING,310,0,0,-1,0,0,0,nan,nan,0,0,nan,nan,
1750922007.878230095,1,-2.933950709,-0.058386398,0.520714549,-0.009335222,0.988594556,-0.034884258,-0.146207889,954,622,422,1.273695244,1.189996792,0.810336879,0.808822271,0.036117925,1,0,ok,map,622,422,1003,0,ok,46,TRACKING,310,0,0,-1,0,0,0,nan,nan,0,0,nan,nan,
1750922007.890230179,1,-2.925922292,-0.055862788,0.542812748,-0.010097517,0.987543325,-0.033776092,-0.153347311,952,603,400,1.264634872,1.173631718,0.907639855,0.841181665,0.227912339,1,0,ok,map,603,400,1003,0,ok,48,TRACKING,310,0,0,-1,0,0,0,nan,nan,0,0,nan,nan,
1750922007.902230263,1,-2.920103519,-0.055375099,0.561560610,-0.010376792,0.986107316,-0.032787710,-0.162510459,973,588,404,1.359343624,1.272222351,0.779628623,0.799700248,0.118127074,1,0,ok,map,588,404,1003,0,ok,27,TRACKING,311,1,0,-1,0,0,0,nan,nan,0,0,nan,nan,
1750922007.914230347,1,-2.912803269,-0.052768365,0.576894152,-0.009691738,0.984905144,-0.032687780,-0.169703968,957,646,473,1.305312551,1.167074584,0.706453807,0.839505916,0.402160457,1,0,ok,map,646,473,940,0,ok,43,TRACKING,311,0,0,-1,0,0,0,nan,nan,0,0,nan,nan,
1750922007.926230431,1,-2.903520244,-0.050866065,0.600274304,-0.009479579,0.983645749,-0.033760105,-0.176667581,945,625,441,1.294770978,1.196548353,0.749923602,0.820535568,0.136905102,1,0,ok,map,625,441,940,0,ok,55,TRACKING,311,0,0,-1,0,0,0,nan,nan,0,0,nan,nan,
1750922007.938230515,1,-2.893097967,-0.051843722,0.620061863,-0.010255297,0.982388474,-0.034858511,-0.183282839,969,619,444,1.367168301,1.294850892,0.811020428,0.786859336,0.044270150,1,0,ok,map,619,444,940,0,ok,31,TRACKING,311,0,0,-1,0,0,0,nan,nan,0,0,nan,nan,
1750922007.950230598,1,-2.883474662,-0.054251371,0.637892629,-0.010570114,0.981021553,-0.035249903,-0.190374444,962,613,406,1.421520241,1.232884174,0.872291140,0.829597505,0.304870464,1,0,ok,map,613,406,940,0,ok,38,TRACKING,311,0,0,-1,0,0,0,nan,nan,0,0,nan,nan,
1750922007.962230682,1,-2.871201315,-0.053545205,0.664062133,-0.010635015,0.979726367,-0.034470686,-0.197065759,975,611,416,1.355533358,1.191559249,1.048332099,0.786124662,0.294875273,1,0,ok,map,611,416,940,0,ok,25,TRACKING,311,0,0,-1,0,0,0,nan,nan,0,0,nan,nan,
1750922007.974230766,1,-2.862678706,-0.050533283,0.679288496,-0.009724499,0.978314920,-0.033194473,-0.204214296,977,609,415,1.341021152,1.223682227,0.808081278,0.854086088,0.084609823,1,0,ok,map,609,415,940,0,ok,23,TRACKING,311,0,0,-1,0,0,0,nan,nan,0,0,nan,nan,
1750922007.986230850,1,-2.851466754,-0.052190507,0.701321781,-0.010883777,0.976891351,-0.033234941,-0.210856044,973,608,379,1.384626131,1.250539146,0.968668698,0.789643990,0.200088446,1,0,ok,map,608,379,940,0,ok,27,TRACKING,311,0,0,-1,0,0,0,nan,nan,0,0,nan,nan,
1750922007.998230934,1,-2.840715353,-0.049506950,0.723164752,-0.012373710,0.975434033,-0.032635304,-0.217509253,971,603,346,1.391025416,1.324221347,0.943042003,0.801884145,0.178584795,1,0,ok,map,603,346,940,0,ok,29,TRACKING,311,0,0,-1,0,0,0,nan,nan,0,0,nan,nan,
1750922008.010231018,1,-2.830306337,-0.048083760,0.741479153,-0.012234059,0.973202364,-0.032974807,-0.227244690,955,589,357,1.541208006,1.506207765,0.841897639,0.842298041,0.157873685,1,0,ok,map,589,357,940,0,ok,45,TRACKING,312,1,0,-1,0,0,0,nan,nan,0,0,nan,nan,
1750922008.022231102,1,-2.819818932,-0.049821950,0.758472939,-0.011577261,0.971467549,-0.034237272,-0.234402597,960,697,505,1.281440637,1.111320443,0.735114353,0.859594568,0.139770250,1,0,ok,map,697,505,849,0,ok,40,TRACKING,312,0,0,-1,0,0,0,nan,nan,0,0,nan,nan,
1750922008.034231186,1,-2.806828312,-0.047403703,0.779815103,-0.011784750,0.969769436,-0.033520461,-0.241422327,964,691,481,1.331868323,1.174554870,0.811237886,0.832011264,0.086747574,1,0,ok,map,691,481,849,0,ok,36,TRACKING,312,0,0,-1,0,0,0,nan,nan,0,0,nan,nan,
1750922008.046231270,1,-2.795994706,-0.048114717,0.797132019,-0.012689282,0.967976338,-0.033943630,-0.248412198,961,684,457,1.343451087,1.177527844,0.776271813,0.834797659,0.100386006,1,0,ok,map,684,457,849,0,ok,39,TRACKING,312,0,0,-1,0,0,0,nan,nan,0,0,nan,nan,
1750922008.058231354,1,-2.781398705,-0.049274705,0.818928299,-0.012786110,0.966174126,-0.034254010,-0.255285598,936,653,416,1.334647365,1.130493152,1.023630946,0.815111904,0.236334262,1,0,ok,map,653,416,849,0,ok,64,TRACKING,312,0,0,-1,0,0,0,nan,nan,0,0,nan,nan,
1750922008.070231438,1,-2.769720850,-0.046563506,0.836741845,-0.013451810,0.964303536,-0.033590199,-0.262315530,948,631,404,1.341192610,1.212647460,0.853847623,0.840535899,0.143942703,1,0,ok,map,631,404,849,0,ok,52,TRACKING,312,0,0,-1,0,0,0,nan,nan,0,0,nan,nan,
1750922008.082231522,1,-2.757145309,-0.046588258,0.852154403,-0.013794092,0.962379642,-0.033647237,-0.269263833,968,622,397,1.400567275,1.248911713,0.863929751,0.827132887,0.209495319,1,0,ok,map,622,397,849,0,ok,32,TRACKING,312,0,0,-1,0,0,0,nan,nan,0,0,nan,nan,
1750922008.094231606,1,-2.747841199,-0.045141022,0.868684857,-0.014102822,0.959619589,-0.033832120,-0.278902746,942,588,360,1.504473537,1.316082617,1.215289959,0.820186390,0.623939527,1,0,ok,map,588,360,849,0,ok,58,TRACKING,313,1,12,37,167,1,0,0.009164993,0.005691191,101,66,0.653465347,1.585989726,ok
1750922008.106231689,1,-2.738650508,-0.044346702,0.888242032,-0.013290965,0.957492433,-0.034350102,-0.286097293,951,683,222,1.994400838,1.698010808,0.309207124,0.866769653,0.565403157,1,0,ok,map,683,222,889,0,ok,49,TRACKING,313,0,0,-1,0,0,0,nan,nan,0,0,nan,nan,
1750922008.118231773,1,-2.757474906,-0.044908319,0.913541878,-0.013678065,0.955558889,-0.034473981,-0.292457971,951,670,227,2.032254592,2.008055841,1.303521114,0.763236398,1.098112511,1,0,ok,map,670,227,889,0,ok,49,TRACKING,313,0,0,-1,0,0,0,nan,nan,0,0,nan,nan,
1750922008.130231857,1,-2.740712823,-0.043347432,0.922475657,-0.014231755,0.953454141,-0.034173646,-0.299257113,954,651,199,1.955448211,1.877458361,1.159111796,0.818790875,0.834909681,1,0,ok,map,651,199,889,0,ok,46,TRACKING,313,0,0,-1,0,0,0,nan,nan,0,0,nan,nan,
1750922008.142231941,1,-2.724768873,-0.042474419,0.950278214,-0.014506209,0.951311373,-0.034518360,-0.305948891,946,629,184,2.265006772,2.054929284,0.618249663,0.806758018,1.252504330,1,0,ok,map,629,184,889,0,ok,54,TRACKING,313,0,0,-1,0,0,0,nan,nan,0,0,nan,nan,
1750922008.154232025,1,-2.715057327,-0.043002081,0.965880548,-0.014770280,0.949167567,-0.034400131,-0.312537037,958,613,199,2.201729315,2.114088566,1.777761344,0.794603591,0.998579845,1,0,ok,map,613,199,889,0,ok,42,TRACKING,313,0,0,-1,0,0,0,nan,nan,0,0,nan,nan,
1750922008.166232109,1,-2.671650968,-0.043868380,0.977401585,-0.014557830,0.946879334,-0.034560149,-0.319395041,969,602,168,1.860057407,1.823123816,1.191004654,0.829022186,0.609619101,1,0,ok,map,602,168,889,0,ok,31,TRACKING,313,0,0,-1,0,0,0,nan,nan,0,0,nan,nan,
1750922008.178232193,1,-2.672972455,-0.042574134,0.999259807,-0.014811006,0.944970556,-0.034420360,-0.325002339,951,577,170,2.197873322,2.185720670,1.356470840,0.767300347,1.261043172,1,0,ok,map,577,170,889,0,ok,49,TRACKING,314,1,0,-1,0,0,0,nan,nan,0,0,nan,nan,
1750922008.190232277,1,-2.658662366,-0.042626734,1.013635734,-0.015098229,0.942593732,-0.034000971,-0.331862974,944,648,325,1.711631910,1.436380011,0.889254354,0.834051985,0.552599360,1,0,ok,map,648,325,963,0,ok,56,TRACKING,314,0,0,-1,0,0,0,nan,nan,0,0,nan,nan,
1750922008.202232361,1,-2.639851543,-0.042583598,1.032745289,-0.015231713,0.940231455,-0.033557270,-0.338536136,957,635,299,1.571633986,1.485879402,0.936935989,0.812924660,0.307714490,1,0,ok,map,635,299,963,0,ok,43,TRACKING,314,0,0,-1,0,0,0,nan,nan,0,0,nan,nan,
1750922008.214232445,1,-2.622505645,-0.041307708,1.047381170,-0.015558767,0.937822014,-0.032533535,-0.345238126,934,601,280,1.647282862,1.463150058,0.595695333,0.825356037,0.245645210,1,0,ok,map,601,280,963,0,ok,66,TRACKING,314,0,0,-1,0,0,0,nan,nan,0,0,nan,nan,
1750922008.226232529,1,-2.614041760,-0.041479159,1.065142699,-0.015398701,0.935275286,-0.032371474,-0.352100990,949,583,264,1.651024463,1.650723803,1.009732950,0.839236316,0.214831632,1,0,ok,map,583,264,963,0,ok,51,TRACKING,314,0,0,-1,0,0,0,nan,nan,0,0,nan,nan,
1750922008.238232613,1,-2.582686391,-0.040343640,1.083179411,-0.014492159,0.933019296,-0.032375326,-0.358073747,953,581,271,1.705457268,1.563658262,0.882633984,0.834248887,0.470076448,1,0,ok,map,581,271,963,0,ok,47,TRACKING,315,1,0,-1,0,0,0,nan,nan,0,0,nan,nan,
1750922008.250232697,1,-2.569861023,-0.040848387,1.096217109,-0.015180475,0.930490796,-0.032734334,-0.364533804,943,680,421,1.360631486,1.128466883,0.822399604,0.799915632,0.304530087,1,0,ok,map,680,421,992,0,ok,57,TRACKING,315,0,0,-1,0,0,0,nan,nan,0,0,nan,nan,
1750922008.262232780,1,-2.553668905,-0.042081112,1.111400646,-0.015677003,0.927983179,-0.032642049,-0.370858394,956,666,397,1.389252942,1.180153494,0.803931750,0.781778320,0.299421218,1,0,ok,map,666,397,992,0,ok,44,TRACKING,315,0,0,-1,0,0,0,nan,nan,0,0,nan,nan,
1750922008.274232864,1,-2.538608814,-0.039435155,1.125572460,-0.015525590,0.925346238,-0.031469766,-0.377495628,954,648,378,1.445119550,1.343329701,0.812613656,0.829533159,0.114924994,1,0,ok,map,648,378,992,0,ok,46,TRACKING,315,0,0,-1,0,0,0,nan,nan,0,0,nan,nan,
1750922008.286232948,1,-2.520435826,-0.041193415,1.139969941,-0.014866680,0.922633295,-0.031367444,-0.384113094,939,614,348,1.461997313,1.298195864,0.816270335,0.823113389,0.416126725,1,0,ok,map,614,348,992,0,ok,61,TRACKING,315,0,0,-1,0,0,0,nan,nan,0,0,nan,nan,
1750922008.298233032,1,-2.498509119,-0.040702512,1.156118655,-0.015152973,0.920435645,-0.029911548,-0.389453349,934,583,357,1.380452018,1.234099625,0.766814099,0.790280881,0.143366025,1,0,ok,map,583,357,992,0,ok,66,TRACKING,316,1,0,-1,0,0,0,nan,nan,0,0,nan,nan,
1750922008.310233116,1,-2.481312116,-0.038652747,1.169280347,-0.015270330,0.917649293,-0.029343792,-0.396012038,938,653,452,1.183174939,0.980470459,0.790311150,0.819281568,0.100066922,1,0,ok,map,653,452,1061,0,ok,62,TRACKING,316,0,0,-1,0,0,0,nan,nan,0,0,nan,nan,
1750922008.322233200,1,-2.471882054,-0.039086642,1.178372711,-0.015649962,0.914776798,-0.031016310,-0.402463013,969,646,442,1.279019758,1.137649438,0.727387659,0.832726476,0.149297701,1,0,ok,map,646,442,1061,0,ok,31,TRACKING,316,0,0,-1,0,0,0,nan,nan,0,0,nan,nan,
1750922008.334233284,1,-2.453082653,-0.039704543,1.192508538,-0.015826577,0.911977208,-0.029979079,-0.408837800,961,624,403,1.333948710,1.208108516,0.638207559,0.806897525,0.223413872,1,0,ok,map,624,403,1061,0,ok,39,TRACKING,316,0,0,-1,0,0,0,nan,nan,0,0,nan,nan,
1750922008.346233368,1,-2.441259753,-0.037469690,1.202021706,-0.014712964,0.909073069,-0.028852915,-0.415375966,968,621,375,1.427051069,1.319228695,0.661870116,0.839654075,0.227564203,1,0,ok,map,621,375,1061,0,ok,32,TRACKING,316,0,0,-1,0,0,0,nan,nan,0,0,nan,nan,
1750922008.358233452,1,-2.422165219,-0.037180535,1.216454524,-0.015274592,0.906166227,-0.029497522,-0.421615171,958,606,374,1.427151067,1.328616895,0.666448996,0.794810709,0.132516020,1,0,ok,map,606,374,1061,0,ok,42,TRACKING,316,0,0,-1,0,0,0,nan,nan,0,0,nan,nan,
1750922008.370233536,1,-2.397760182,-0.036574487,1.229913467,-0.015224691,0.903543769,-0.029313293,-0.427220784,958,589,377,1.423889433,1.229982852,0.640464328,0.832078178,0.197304412,1,0,ok,map,589,377,1061,0,ok,42,TRACKING,317,1,0,-1,0,0,0,nan,nan,0,0,nan,nan,
1750922008.382233620,1,-2.380423769,-0.036870352,1.241180970,-0.015207086,0.900439231,-0.030148747,-0.433669215,958,730,545,1.156390554,0.989493790,0.738164449,0.825687121,0.097952138,1,0,ok,map,730,545,1087,0,ok,42,TRACKING,317,0,0,-1,0,0,0,nan,nan,0,0,nan,nan,
1750922008.394233704,1,-2.362604208,-0.037156244,1.253777330,-0.015883773,0.897417343,-0.029847445,-0.439885154,931,690,512,1.219720748,1.058949382,0.772305776,0.796543973,0.134896812,1,0,ok,map,690,512,1087,0,ok,69,TRACKING,317,0,0,-1,0,0,0,nan,nan,0,0,nan,nan,
1750922008.406233788,1,-2.342315225,-0.038205193,1.266912857,-0.015153275,0.894192967,-0.029589736,-0.446445701,967,683,491,1.302503932,1.149414500,0.777685025,0.842366142,0.072840540,1,0,ok,map,683,491,1087,0,ok,33,TRACKING,317,0,0,-1,0,0,0,nan,nan,0,0,nan,nan,
1750922008.418233871,1,-2.326426355,-0.037724531,1.278186796,-0.014274315,0.891034903,-0.027956966,-0.452848156,976,676,485,1.319485351,1.219750827,0.868345265,0.845213192,0.152239157,1,0,ok,map,676,485,1087,0,ok,24,TRACKING,317,0,0,-1,0,0,0,nan,nan,0,0,nan,nan,
1750922008.430233955,1,-2.305781541,-0.037554769,1.287734126,-0.014020540,0.887866588,-0.026675381,-0.459113026,986,671,463,1.283276037,1.148193233,0.644446279,0.818298468,0.176989820,1,0,ok,map,671,463,1087,0,ok,14,TRACKING,317,0,0,-1,0,0,0,nan,nan,0,0,nan,nan,
1750922008.442234039,1,-2.288207110,-0.035705037,1.298762671,-0.013714469,0.884522874,-0.026262461,-0.465555025,971,660,437,1.411639648,1.276152879,0.756138356,0.833799731,0.204857012,1,0,ok,map,660,437,1087,0,ok,29,TRACKING,317,0,0,-1,0,0,0,nan,nan,0,0,nan,nan,
1750922008.454234123,1,-2.276322037,-0.034359815,1.306209375,-0.014577022,0.881051954,-0.027257220,-0.472008484,974,655,416,1.513561646,1.465253383,0.687122526,0.853135667,0.167700728,1,0,ok,map,655,416,1087,0,ok,26,TRACKING,317,0,0,-1,0,0,0,nan,nan,0,0,nan,nan,
1750922008.466234207,1,-2.256071709,-0.035397932,1.318207803,-0.015173764,0.877621308,-0.028429736,-0.478270161,968,641,392,1.523210159,1.410448535,0.656469442,0.831946217,0.214032199,1,0,ok,map,641,392,1087,0,ok,32,TRACKING,317,0,0,-1,0,0,0,nan,nan,0,0,nan,nan,
1750922008.478234291,1,-2.231985477,-0.035390879,1.330270717,-0.014703436,0.874117569,-0.028060429,-0.484680200,950,614,376,1.436604826,1.385823264,0.741628502,0.839906973,0.102823348,1,0,ok,map,614,376,1087,0,ok,50,TRACKING,317,0,0,-1,0,0,0,nan,nan,0,0,nan,nan,
1750922008.490234375,1,-2.216685874,-0.037200901,1.339219775,-0.013959630,0.870476445,-0.027945543,-0.491217807,971,606,380,1.488604492,1.393773443,0.768569555,0.861838270,0.112814233,1,0,ok,map,606,380,1087,0,ok,29,TRACKING,317,0,0,-1,0,0,0,nan,nan,0,0,nan,nan,
1750922008.502234459,1,-2.192264824,-0.034518356,1.349116401,-0.014091746,0.867720878,-0.027134992,-0.496110464,965,592,373,1.547229308,1.433534661,0.648674181,0.787073645,0.160935906,1,0,ok,map,592,373,1087,0,ok,35,TRACKING,318,1,0,-1,0,0,0,nan,nan,0,0,nan,nan,
1750922008.514234543,1,-2.178950345,-0.034989585,1.356684828,0.015208683,-0.863976715,0.027275448,0.502562416,975,745,539,1.336544792,1.098300332,0.763398362,0.864494402,0.205274768,1,0,ok,map,745,539,1071,0,ok,25,TRACKING,318,0,0,-1,0,0,0,nan,nan,0,0,nan,nan,
1750922008.526234627,1,-2.152762824,-0.035632804,1.368946983,0.015918167,-0.860719291,0.026742430,0.508127697,988,742,524,1.340992086,1.232464621,0.641566929,0.745909080,0.110119302,1,0,ok,map,742,524,1071,0,ok,12,TRACKING,318,0,0,-1,0,0,0,nan,nan,0,0,nan,nan,
1750922008.538234711,1,-2.134672494,-0.035426704,1.377355642,0.014674016,-0.856894392,0.026370669,0.514607872,986,737,516,1.468539185,1.389231648,0.722862286,0.875024331,0.161271920,1,0,ok,map,737,516,1071,0,ok,14,TRACKING,318,0,0,-1,0,0,0,nan,nan,0,0,nan,nan,
1750922008.550234795,1,-2.115063635,-0.035102314,1.385067263,0.014033073,-0.853174315,0.026426890,0.520767012,980,724,482,1.490175771,1.381755166,0.617200749,0.827825292,0.245030925,1,0,ok,map,724,482,1071,0,ok,20,TRACKING,318,0,0,-1,0,0,0,nan,nan,0,0,nan,nan,
1750922008.562234879,1,-2.092916166,-0.033626454,1.396476119,0.014548305,-0.849559745,0.024872836,0.526704783,983,720,471,1.341972945,1.293159955,0.735088871,0.818371445,0.093056709,1,0,ok,map,720,471,1071,0,ok,17,TRACKING,318,0,0,-1,0,0,0,nan,nan,0,0,nan,nan,
1750922008.574234962,1,-2.073439124,-0.033295475,1.400657013,0.015112397,-0.845581113,0.025597807,0.533018713,961,695,449,1.492636336,1.352913654,0.682467673,0.861643781,0.199808542,1,0,ok,map,695,449,1071,0,ok,39,TRACKING,318,0,0,-1,0,0,0,nan,nan,0,0,nan,nan,
1750922008.586235046,1,-2.059863302,-0.034415825,1.407306533,0.016424623,-0.841884597,0.026305987,0.538765767,970,681,421,1.422259731,1.333354863,0.676937966,0.801457266,0.143242050,1,0,ok,map,681,421,1071,0,ok,30,TRACKING,318,0,0,-1,0,0,0,nan,nan,0,0,nan,nan,
1750922008.598235130,1,-2.037265555,-0.035482125,1.416459260,0.015744417,-0.837753570,0.025670170,0.545217490,944,645,402,1.547093915,1.421650085,0.700720438,0.884342178,0.184120028,1,0,ok,map,645,402,1071,0,ok,56,TRACKING,318,0,0,-1,0,0,0,nan,nan,0,0,nan,nan,
1750922008.610235214,1,-2.010912643,-0.034285573,1.427934669,0.015415361,-0.833888294,0.024978317,0.551152215,978,637,386,1.555292516,1.462082119,0.663842099,0.816326875,0.364452665,1,0,ok,map,637,386,1071,0,ok,22,TRACKING,318,0,0,-1,0,0,0,nan,nan,0,0,nan,nan,
1750922008.622235298,1,-1.994323709,-0.034667909,1.432849254,0.015492689,-0.829961145,0.024755856,0.557056210,960,619,386,1.577850159,1.517382856,0.626217621,0.812997349,0.206948781,1,0,ok,map,619,386,1071,0,ok,40,TRACKING,318,0,0,-1,0,0,0,nan,nan,0,0,nan,nan,
1750922008.634235382,1,-1.975376287,-0.033195898,1.440054356,0.016055766,-0.826731166,0.023247797,0.561887295,952,595,354,1.571689100,1.550297012,0.654813132,0.834239307,0.179797495,1,0,ok,map,595,354,1071,0,ok,48,TRACKING,319,1,0,-1,0,0,0,nan,nan,0,0,nan,nan,
1750922008.646235466,1,-1.953368038,-0.032429961,1.444919469,0.016416177,-0.822712578,0.023083229,0.567751431,961,708,503,1.340945112,1.217235758,0.759878949,0.815891407,0.245993380,1,0,ok,map,708,503,1098,0,ok,39,TRACKING,319,0,0,-1,0,0,0,nan,nan,0,0,nan,nan,
1750922008.658235550,1,-1.929844522,-0.032261227,1.450722842,0.016166621,-0.818349136,0.024442256,0.573973787,966,693,471,1.459862112,1.382003674,0.872493464,0.885154879,0.259936112,1,0,ok,map,693,471,1098,0,ok,34,TRACKING,319,0,0,-1,0,0,0,nan,nan,0,0,nan,nan,
1750922008.670235634,1,-1.908334027,-0.033234360,1.456536949,0.015962413,-0.814195805,0.024960481,0.579833912,965,670,438,1.490980779,1.383992806,0.790977830,0.825550101,0.216517646,1,0,ok,map,670,438,1098,0,ok,35,TRACKING,319,0,0,-1,0,0,0,nan,nan,0,0,nan,nan,
1750922008.682235718,1,-1.889311696,-0.033249109,1.461044408,0.016177489,-0.809896926,0.023575733,0.585874937,965,645,419,1.435489711,1.388309337,0.791998569,0.864679685,0.090407388,1,0,ok,map,645,419,1098,0,ok,35,TRACKING,319,0,0,-1,0,0,0,nan,nan,0,0,nan,nan,
1750922008.694235802,1,-1.867201275,-0.035741705,1.467840067,0.016506533,-0.805739714,0.022755317,0.591602267,971,632,411,1.449934736,1.373023110,0.721919137,0.817273910,0.117999678,1,0,ok,map,632,411,1098,0,ok,29,TRACKING,319,0,0,-1,0,0,0,nan,nan,0,0,nan,nan,
1750922008.706235886,1,-1.840973319,-0.032519659,1.472097088,0.015806647,-0.801490248,0.021748114,0.597403174,957,610,370,1.525406078,1.465717778,0.726143443,0.835913921,0.219411712,1,0,ok,map,610,370,1098,0,ok,43,TRACKING,319,0,0,-1,0,0,0,nan,nan,0,0,nan,nan,
1750922008.718235970,1,-1.825524180,-0.032404074,1.476143555,0.014629521,-0.797564026,0.022961132,0.602619605,944,584,354,1.516732654,1.424949745,0.895514327,0.918713888,0.321521348,1,0,ok,map,584,354,1098,0,ok,56,TRACKING,320,1,0,-1,0,0,0,nan,nan,0,0,nan,nan,
1750922008.730236053,1,-1.808207226,-0.033388794,1.479130745,0.015274407,-0.793253303,0.023511702,0.608245912,964,680,494,1.311119531,1.169647068,0.764231171,0.818001500,0.102637263,1,0,ok,map,680,494,1095,0,ok,36,TRACKING,320,0,0,-1,0,0,0,nan,nan,0,0,nan,nan,
1750922008.742236137,1,-1.773667840,-0.034776502,1.486643506,0.016116612,-0.788946560,0.023240982,0.613810587,957,669,376,1.497691687,1.427504956,0.802554810,0.812683238,0.096924436,1,0,ok,map,669,376,1095,0,ok,43,TRACKING,320,0,0,-1,0,0,0,nan,nan,0,0,nan,nan,
1750922008.754236221,1,-1.760837511,-0.034589717,1.486778667,0.015624524,-0.784618648,0.021192810,0.619419338,966,655,373,1.598472714,1.464784962,0.684840400,0.846941839,0.198883455,1,0,ok,map,655,373,1095,0,ok,34,TRACKING,320,0,0,-1,0,0,0,nan,nan,0,0,nan,nan,
1750922008.766236305,1,-1.746760889,-0.033005356,1.488436799,0.014664792,-0.779962413,0.021013980,0.625301520,980,642,384,1.626912415,1.446325214,0.738027916,0.866920756,0.191429738,1,0,ok,map,642,384,1095,0,ok,20,TRACKING,320,0,0,-1,0,0,0,nan,nan,0,0,nan,nan,
1750922008.778236389,1,-1.724909363,-0.033833707,1.491093279,0.014321776,-0.775539584,0.021974911,0.630753790,981,637,361,1.528366880,1.489192117,0.724157070,0.812953578,0.254423213,1,0,ok,map,637,361,1095,0,ok,19,TRACKING,320,0,0,-1,0,0,0,nan,nan,0,0,nan,nan,
1750922008.790236473,1,-1.699527661,-0.034474801,1.494694885,0.014002385,-0.771000983,0.021568330,0.636314564,976,624,358,1.608997001,1.468401552,0.631154042,0.824650548,0.295194451,1,0,ok,map,624,358,1095,0,ok,24,TRACKING,320,0,0,-1,0,0,0,nan,nan,0,0,nan,nan,
1750922008.802236557,1,-1.683936952,-0.035017385,1.496646027,0.014529432,-0.767348717,0.020400310,0.640740719,966,599,338,1.633984564,1.553505508,0.698332060,0.818466689,0.135085511,1,0,ok,map,599,338,1095,0,ok,34,TRACKING,321,1,0,-1,0,0,0,nan,nan,0,0,nan,nan,
1750922008.814236641,1,-1.655674102,-0.034203035,1.497998501,0.015938912,-0.762962426,0.018626933,0.645977805,980,652,421,1.409649234,1.328784904,0.726103756,0.824727692,0.119181065,1,0,ok,map,652,421,1102,0,ok,20,TRACKING,321,0,0,-1,0,0,0,nan,nan,0,0,nan,nan,
1750922008.826236725,1,-1.633723715,-0.035934284,1.498878923,0.015129501,-0.758239732,0.018335794,0.651542329,975,647,391,1.562326500,1.452230036,0.720436125,0.842134268,0.137800066,1,0,ok,map,647,391,1102,0,ok,25,TRACKING,321,0,0,-1,0,0,0,nan,nan,0,0,nan,nan,
1750922008.838236809,1,-1.609451776,-0.032937373,1.502159557,0.013779145,-0.753828717,0.017813642,0.656684913,982,643,361,1.488362146,1.399263074,0.706437651,0.793909653,0.125982485,1,0,ok,map,643,361,1102,0,ok,18,TRACKING,321,0,0,-1,0,0,0,nan,nan,0,0,nan,nan,
1750922008.850236893,1,-1.581240211,-0.033750616,1.503040433,0.013351478,-0.749385443,0.017464598,0.661768980,985,640,338,1.564605464,1.402040114,0.586389424,0.776313018,0.298072903,1,0,ok,map,640,338,1102,0,ok,15,TRACKING,321,0,0,-1,0,0,0,nan,nan,0,0,nan,nan,
1750922008.862236977,1,-1.570521477,-0.035048517,1.501784145,0.013734305,-0.744968226,0.017403754,0.666731446,977,623,363,1.555646437,1.475569324,0.671665964,0.762600562,0.177852670,1,0,ok,map,623,363,1102,0,ok,23,TRACKING,321,0,0,-1,0,0,0,nan,nan,0,0,nan,nan,
1750922008.874237061,1,-1.550403505,-0.035729988,1.501044375,0.013408049,-0.740012896,0.018071762,0.672216148,979,619,326,1.753813293,1.736736836,0.748081799,0.851301767,0.353751933,1,0,ok,map,619,326,1102,0,ok,21,TRACKING,321,0,0,-1,0,0,0,nan,nan,0,0,nan,nan,
1750922008.886237144,1,-1.536171791,-0.035896117,1.502109553,0.014776251,-0.735530031,0.019786049,0.677041911,961,601,318,1.660516226,1.639788898,0.704830005,0.795524735,0.131012778,1,0,ok,map,601,318,1102,0,ok,39,TRACKING,321,0,0,-1,0,0,0,nan,nan,0,0,nan,nan,
1750922008.898237228,1,-1.496209515,-0.037813285,1.505148403,0.015382052,-0.731704222,0.018881901,0.681187050,968,582,259,1.699427859,1.613448446,0.875163063,0.798691072,0.350952929,1,0,ok,map,582,259,1102,0,ok,32,TRACKING,322,1,0,-1,0,0,0,nan,nan,0,0,nan,nan,
1750922008.910237312,1,-1.478379961,-0.036662247,1.507157987,0.015329554,-0.726971350,0.017258453,0.686279685,954,616,374,1.417522600,1.338734130,0.741655483,0.818135302,0.104971236,1,0,ok,map,616,374,1041,0,ok,46,TRACKING,322,0,0,-1,0,0,0,nan,nan,0,0,nan,nan,
1750922008.922237396,1,-1.450569540,-0.035219733,1.506754321,0.014444728,-0.722359564,0.015861818,0.691184789,981,607,355,1.447561380,1.397591902,0.754837357,0.794428808,0.099168993,1,0,ok,map,607,355,1041,0,ok,19,TRACKING,322,0,0,-1,0,0,0,nan,nan,0,0,nan,nan,
1750922008.934237480,1,-1.430729993,-0.038218782,1.502668120,0.013611158,-0.717619468,0.015024691,0.696140284,969,593,331,1.620613589,1.516520843,0.624459706,0.797389745,0.189881567,1,0,ok,map,593,331,1041,0,ok,31,TRACKING,322,0,0,-1,0,0,0,nan,nan,0,0,nan,nan,
1750922008.946237564,1,-1.417380363,-0.038110015,1.503356520,0.014265902,-0.713025982,0.015428164,0.700822663,992,591,311,1.607847101,1.573059248,0.655214360,0.756793925,0.130140384,1,0,ok,map,591,311,1041,0,ok,8,TRACKING,322,0,0,-1,0,0,0,nan,nan,0,0,nan,nan,
1750922008.958237648,1,-1.399348874,-0.037568493,1.499590068,0.014758851,-0.709073715,0.015218653,0.704815604,981,588,299,1.669984148,1.547343045,0.616438334,0.785438010,0.196153211,1,0,ok,map,588,299,1041,0,ok,19,TRACKING,323,1,6,48,264,1,0,0.008731906,0.005870480,197,153,0.776649746,1.690253398,ok
1750922008.970237732,1,-1.338413694,-0.023953282,1.461967631,0.014869707,-0.704134697,0.015777412,0.709735369,987,626,264,1.656695398,1.665320619,0.601128109,0.801507842,0.216787572,1,0,ok,map,626,264,895,0,ok,13,TRACKING,323,0,0,-1,0,0,0,nan,nan,0,0,nan,nan,
1750922008.982237816,1,-1.343782945,-0.029936251,1.478126607,0.015435276,-0.699224220,0.015326624,0.714571436,973,614,253,1.756256784,1.591823285,0.916723807,0.794108679,0.374461533,1,0,ok,map,614,253,895,0,ok,27,TRACKING,323,0,0,-1,0,0,0,nan,nan,0,0,nan,nan,
1750922008.994237900,1,-1.284556603,-0.030547628,1.455512916,0.015307384,-0.694109862,0.015625097,0.719536684,982,612,244,1.879916026,1.874478485,0.933098951,0.817673352,0.434774425,1,0,ok,map,612,244,895,0,ok,18,TRACKING,323,0,0,-1,0,0,0,nan,nan,0,0,nan,nan,
1750922009.006237984,1,-1.279720963,-0.031717292,1.460773106,0.015135962,-0.688999157,0.015153814,0.724445599,968,597,261,2.004491496,1.856522150,1.064428598,0.814071635,0.425329277,1,0,ok,map,597,261,895,0,ok,32,TRACKING,323,0,0,-1,0,0,0,nan,nan,0,0,nan,nan,
1750922009.018238068,1,-1.253832421,-0.028850151,1.452759459,0.015163798,-0.683929782,0.014382216,0.729248425,970,588,242,1.832730646,1.748775710,0.909930347,0.805098802,0.385781286,1,0,ok,map,588,242,895,0,ok,30,TRACKING,323,0,0,-1,0,0,0,nan,nan,0,0,nan,nan,
1750922009.030238152,1,-1.231308238,-0.028807575,1.450442335,0.015341177,-0.678807615,0.013796321,0.734026247,976,581,236,1.737101284,1.737889839,0.883224851,0.805727184,0.276655123,1,0,ok,map,581,236,895,0,ok,24,TRACKING,323,0,0,-1,0,0,0,nan,nan,0,0,nan,nan,
1750922009.042238235,1,-1.204652085,-0.025766308,1.440554118,0.014495701,-0.674272462,0.012623689,0.738232459,961,570,225,1.804955895,1.827096314,0.762575601,0.829481203,0.319188883,1,0,ok,map,570,225,895,0,ok,39,TRACKING,324,1,0,-1,0,0,0,nan,nan,0,0,nan,nan,
1750922009.054238319,1,-1.225357624,-0.035542131,1.457690103,0.014635686,-0.668825921,0.013826176,0.743146365,967,606,296,1.760861483,1.468351209,1.109860028,0.851971881,0.318848538,1,0,ok,map,606,296,820,0,ok,33,TRACKING,324,0,0,-1,0,0,0,nan,nan,0,0,nan,nan,
1750922009.066238403,1,-1.188916318,-0.035575806,1.448647418,0.015973313,-0.663699109,0.013810184,0.747701561,975,596,295,1.681652094,1.523529174,0.953079768,0.800696734,0.312769555,1,0,ok,map,596,295,820,0,ok,25,TRACKING,324,0,0,-1,0,0,0,nan,nan,0,0,nan,nan,
1750922009.078238487,1,-1.134285333,-0.029459964,1.429226859,0.015240072,-0.658286734,0.014293256,0.752477254,980,588,268,1.514008771,1.465172442,0.965816567,0.833233327,0.187377269,1,0,ok,map,588,268,820,0,ok,20,TRACKING,324,0,0,-1,0,0,0,nan,nan,0,0,nan,nan,
1750922009.090238571,1,-1.130621383,-0.034389171,1.432220694,0.014135106,-0.652945672,0.014195093,0.757139781,964,572,258,1.740597673,1.556429071,1.078956406,0.822324484,0.402908690,1,0,ok,map,572,258,820,0,ok,36,TRACKING,324,0,0,-1,0,0,0,nan,nan,0,0,nan,nan,
1750922009.102238655,1,-1.122441585,-0.040093141,1.430919757,0.014041790,-0.648370555,0.012699007,0.761089474,949,542,242,1.727645681,1.526142254,0.861160307,0.811653724,0.363972349,1,0,ok,map,542,242,820,0,ok,51,TRACKING,325,1,0,-1,0,0,0,nan,nan,0,0,nan,nan,
1750922009.114238739,1,-1.112312011,-0.037345881,1.429953442,0.013994846,-0.643006407,0.010498620,0.765660945,976,594,345,1.480311475,1.363679254,0.930129984,0.846090756,0.175513535,1,0,ok,map,594,345,771,0,ok,24,TRACKING,325,0,0,-1,0,0,0,nan,nan,0,0,nan,nan,
1750922009.126238823,1,-1.063891349,-0.030607431,1.411819934,0.013702916,-0.637555875,0.010825196,0.770206174,947,565,289,1.417536384,1.303747393,0.875939926,0.814805591,0.136412325,1,0,ok,map,565,289,771,0,ok,53,TRACKING,325,0,0,-1,0,0,0,nan,nan,0,0,nan,nan,
1750922009.138238907,1,-1.051777131,-0.037892903,1.405216411,0.013949986,-0.632104586,0.012956424,0.774649160,968,560,259,1.508527675,1.372392275,0.992079451,0.842540949,0.169289486,1,0,ok,map,560,259,771,0,ok,32,TRACKING,325,0,0,-1,0,0,0,nan,nan,0,0,nan,nan,
1750922009.150238991,1,-1.037417540,-0.036307510,1.405919112,0.012415727,-0.626573484,0.012024145,0.779170674,942,539,263,1.510727508,1.381340197,0.750072338,0.844101401,0.161880876,1,0,ok,map,539,263,771,0,ok,58,TRACKING,325,0,0,-1,0,0,0,nan,nan,0,0,nan,nan,
1750922009.162239075,1,-1.005601939,-0.037012031,1.397773289,0.012752854,-0.621826767,0.010147032,0.782985233,952,525,255,1.511439400,1.377619506,0.812561880,0.821805591,0.227659050,1,0,ok,map,525,255,771,0,ok,48,TRACKING,326,1,0,-1,0,0,0,nan,nan,0,0,nan,nan,
1750922009.174239159,1,-0.991181931,-0.037487776,1.392941148,0.014334157,-0.616469652,0.009626590,0.787189322,944,587,337,1.241919688,0.985363537,0.743062686,0.803323776,0.100359527,1,0,ok,map,587,337,748,0,ok,56,TRACKING,326,0,0,-1,0,0,0,nan,nan,0,0,nan,nan,
1750922009.186239243,1,-0.979226959,-0.040994694,1.390154110,0.014135638,-0.610763478,0.010126161,0.791622144,945,567,289,1.496604572,1.381717169,0.952698358,0.830291120,0.255405020,1,0,ok,map,567,289,748,0,ok,55,TRACKING,326,0,0,-1,0,0,0,nan,nan,0,0,nan,nan,
1750922009.198239326,1,-0.948706270,-0.041233475,1.379198063,0.012648227,-0.604977912,0.009515431,0.796084923,953,546,248,1.462194851,1.243589824,1.137415623,0.857331904,0.391216575,1,0,ok,map,546,248,748,0,ok,47,TRACKING,326,0,0,-1,0,0,0,nan,nan,0,0,nan,nan,
1750922009.210239410,1,-0.926388366,-0.034558726,1.366485643,0.011876780,-0.599489034,0.008825368,0.800246183,935,520,228,1.451954494,1.319660495,0.652682285,0.798164398,0.328050392,1,0,ok,map,520,228,748,0,ok,65,TRACKING,326,0,0,-1,0,0,0,nan,nan,0,0,nan,nan,
1750922009.222239494,1,-0.924127986,-0.039323696,1.367251634,0.012964834,-0.594703000,0.008297859,0.803798109,956,515,239,1.521715627,1.323317451,0.636972329,0.789229578,0.324793210,1,0,ok,map,515,239,748,0,ok,44,TRACKING,327,1,0,-1,0,0,0,nan,nan,0,0,nan,nan,
1750922009.234239578,1,-0.906598523,-0.039612690,1.360830785,0.013544080,-0.588904318,0.008308670,0.808046550,970,632,393,1.162582690,0.924986250,0.772239080,0.826409607,0.067069108,1,0,ok,map,632,393,825,0,ok,30,TRACKING,327,0,0,-1,0,0,0,nan,nan,0,0,nan,nan,
1750922009.246239662,1,-0.885280681,-0.041557204,1.351313597,0.013318970,-0.583197346,0.008352853,0.812178361,968,628,342,1.371200930,1.318075830,0.665388496,0.807803193,0.167694631,1,0,ok,map,628,342,825,0,ok,32,TRACKING,327,0,0,-1,0,0,0,nan,nan,0,0,nan,nan,
1750922009.258239746,1,-0.860910108,-0.043240646,1.338553632,0.012268376,-0.577566207,0.006903368,0.816222462,981,624,323,1.486040028,1.335232977,0.619442625,0.820506414,0.212376808,1,0,ok,map,624,323,825,0,ok,19,TRACKING,327,0,0,-1,0,0,0,nan,nan,0,0,nan,nan,
1750922009.270239830,1,-0.841822436,-0.042956374,1.328273700,0.011498971,-0.571733984,0.006413230,0.820333405,968,614,300,1.502672411,1.457425298,0.633033554,0.824319821,0.249426520,1,0,ok,map,614,300,825,0,ok,32,TRACKING,327,0,0,-1,0,0,0,nan,nan,0,0,nan,nan,
1750922009.282239914,1,-0.825512624,-0.040437038,1.324254603,0.011310626,-0.565932084,0.006088675,0.824351790,980,607,290,1.389492611,1.258371135,0.693200820,0.809883360,0.149082574,1,0,ok,map,607,290,825,0,ok,20,TRACKING,327,0,0,-1,0,0,0,nan,nan,0,0,nan,nan,
1750922009.294239998,1,-0.805866884,-0.039801401,1.317519188,0.012510836,-0.560080040,0.005744155,0.828324111,973,601,277,1.414244591,1.244121361,0.679692684,0.823028808,0.184511329,1,0,ok,map,601,277,825,0,ok,27,TRACKING,327,0,0,-1,0,0,0,nan,nan,0,0,nan,nan,
1750922009.306240082,1,-0.783594438,-0.046145931,1.306166718,0.013951859,-0.554715499,0.006322662,0.831899083,952,583,260,1.542780516,1.370697683,0.732282392,0.842297554,0.217660035,1,0,ok,map,583,260,825,0,ok,48,TRACKING,328,1,0,-1,0,0,0,nan,nan,0,0,nan,nan,
1750922009.318240166,1,-0.768677077,-0.047439899,1.296899816,0.014636186,-0.548890924,0.006330541,0.835741862,947,670,378,1.316466155,1.124476291,0.703259925,0.803459155,0.108325184,1,0,ok,map,670,378,878,0,ok,53,TRACKING,328,0,0,-1,0,0,0,nan,nan,0,0,nan,nan,
1750922009.330240250,1,-0.748905407,-0.046385116,1.288073011,0.012913639,-0.542689740,0.006692581,0.839807296,968,665,333,1.420343239,1.297927365,0.703912396,0.873312251,0.195082697,1,0,ok,map,665,333,878,0,ok,32,TRACKING,328,0,0,-1,0,0,0,nan,nan,0,0,nan,nan,
1750922009.342240334,1,-0.734902901,-0.049514346,1.278240582,0.012011763,-0.537011783,0.005508861,0.843471230,945,646,315,1.565031876,1.429625598,0.767933863,0.792907115,0.285490947,1,0,ok,map,646,315,878,0,ok,55,TRACKING,328,0,0,-1,0,0,0,nan,nan,0,0,nan,nan,
1750922009.354240417,1,-0.717057690,-0.046755279,1.267646189,0.012200841,-0.530984978,0.005485404,0.847275636,960,637,319,1.688387885,1.636345404,0.675576814,0.817001576,0.311744220,1,0,ok,map,637,319,878,0,ok,40,TRACKING,328,0,0,-1,0,0,0,nan,nan,0,0,nan,nan,
1750922009.366240501,1,-0.695659667,-0.048421600,1.255280725,0.013291682,-0.525106645,0.005438013,0.850915254,966,624,293,1.567166928,1.541910202,0.735580284,0.802091868,0.221150281,1,0,ok,map,624,293,878,0,ok,34,TRACKING,328,0,0,-1,0,0,0,nan,nan,0,0,nan,nan,
1750922009.378240585,1,-0.679569171,-0.044275960,1.250309340,0.013829180,-0.518795845,0.004898284,0.854772269,966,613,265,1.530315296,1.332855338,0.776074573,0.852019069,0.158048265,1,0,ok,map,613,265,878,0,ok,34,TRACKING,328,0,0,-1,0,0,0,nan,nan,0,0,nan,nan,
1750922009.390240669,1,-0.681927525,-0.050451029,1.248793025,0.014988768,-0.513283637,0.006493563,0.858063563,955,587,255,1.711805457,1.583062282,0.593043203,0.844382829,0.301951110,1,0,ok,map,587,255,878,0,ok,45,TRACKING,329,1,0,-1,0,0,0,nan,nan,0,0,nan,nan,
1750922009.402240753,1,-0.646944264,-0.050068169,1.228684607,0.015018062,-0.507192845,0.006204038,0.861679398,955,636,317,1.371022090,1.282332395,0.752516600,0.812363616,0.065356755,1,0,ok,map,636,317,892,0,ok,45,TRACKING,329,0,0,-1,0,0,0,nan,nan,0,0,nan,nan,
1750922009.414240837,1,-0.631761143,-0.050168462,1.219535789,0.014732986,-0.500803641,0.005615259,0.865417310,942,610,305,1.509678330,1.358857823,0.871616596,0.851547935,0.273014756,1,0,ok,map,610,305,892,0,ok,58,TRACKING,329,0,0,-1,0,0,0,nan,nan,0,0,nan,nan,
1750922009.426240921,1,-0.623336626,-0.049266690,1.215122933,0.015015770,-0.494608407,0.005881219,0.868966318,947,595,280,1.532063710,1.342767888,0.775769873,0.819368030,0.261921617,1,0,ok,map,595,280,892,0,ok,53,TRACKING,329,0,0,-1,0,0,0,nan,nan,0,0,nan,nan,
1750922009.438241005,1,-0.600292669,-0.046110391,1.201316801,0.015516493,-0.488623013,0.005438931,0.872340076,956,584,271,1.505708656,1.420496670,0.798929642,0.791044783,0.248907190,1,0,ok,map,584,271,892,0,ok,44,TRACKING,329,0,0,-1,0,0,0,nan,nan,0,0,nan,nan,
1750922009.450241089,1,-0.583480263,-0.055293579,1.182338194,0.017206659,-0.483048882,0.005302711,0.875408242,969,575,283,1.811862023,1.762145122,0.818957794,0.826855033,0.313037022,1,0,ok,map,575,283,892,0,ok,31,TRACKING,330,1,0,-1,0,0,0,nan,nan,0,0,nan,nan,
1750922009.462241173,1,-0.568823911,-0.053286021,1.171372539,0.017209798,-0.476771950,0.005089947,0.878843799,947,637,377,1.381802108,1.192543702,0.755461186,0.820338127,0.129933188,1,0,ok,map,637,377,933,0,ok,53,TRACKING,330,0,0,-1,0,0,0,nan,nan,0,0,nan,nan,
1750922009.474241257,1,-0.554926966,-0.054454141,1.162580741,0.017317312,-0.470337256,0.005574655,0.882299212,942,611,353,1.503025847,1.264842363,0.716191591,0.838884637,0.178404621,1,0,ok,map,611,353,933,0,ok,58,TRACKING,330,0,0,-1,0,0,0,nan,nan,0,0,nan,nan,
1750922009.486241341,1,-0.535711922,-0.053656877,1.151238811,0.018000735,-0.464142649,0.005577392,0.885559974,969,601,326,1.607675282,1.515145331,0.447213131,0.806003182,0.385979959,1,0,ok,map,601,326,933,0,ok,31,TRACKING,330,0,0,-1,0,0,0,nan,nan,0,0,nan,nan,
1750922009.498241425,1,-0.514919964,-0.054139288,1.129987384,0.018765139,-0.457721515,0.005616376,0.888879823,949,581,322,1.664792836,1.518227298,0.732124463,0.832966600,0.185839533,1,0,ok,map,581,322,933,0,ok,51,TRACKING,330,0,0,-1,0,0,0,nan,nan,0,0,nan,nan,
1750922009.510241508,1,-0.506443457,-0.054251219,1.128330305,0.020720814,-0.452032561,0.004726081,0.891748213,955,570,296,1.684290918,1.509703873,0.612713566,0.840181180,0.311785325,1,0,ok,map,570,296,933,0,ok,45,TRACKING,331,1,0,-1,0,0,0,nan,nan,0,0,nan,nan,
1750922009.522241592,1,-0.492407369,-0.059324715,1.109242448,0.021162277,-0.446041793,0.004801343,0.894749029,952,614,370,1.585802647,1.417711785,0.543577027,0.769513907,0.254988755,1,0,ok,map,614,370,929,0,ok,48,TRACKING,331,0,0,-1,0,0,0,nan,nan,0,0,nan,nan,
1750922009.534241676,1,-0.476010255,-0.062212557,1.096998345,0.018329066,-0.439362105,0.006314076,0.898100840,930,581,339,1.730209072,1.526364743,0.748072683,0.932135052,0.212400534,1,0,ok,map,581,339,929,0,ok,70,TRACKING,331,0,0,-1,0,0,0,nan,nan,0,0,nan,nan,
1750922009.546241760,1,-0.464566406,-0.056533460,1.087270106,0.016532811,-0.433171101,0.005176821,0.901145196,949,567,304,1.738990794,1.532219447,0.535119339,0.827258590,0.319089589,1,0,ok,map,567,304,929,0,ok,51,TRACKING,331,0,0,-1,0,0,0,nan,nan,0,0,nan,nan,
1750922009.558241844,1,-0.451248023,-0.054292530,1.076889767,0.018549918,-0.427175263,0.004576550,0.903966952,959,554,254,1.644020905,1.374124740,0.553422634,0.796733820,0.397721225,1,0,ok,map,554,254,929,0,ok,41,TRACKING,331,0,0,-1,0,0,0,nan,nan,0,0,nan,nan,
1750922009.570241928,1,-0.423116266,-0.051155736,1.058517793,0.021896077,-0.421448017,0.005615854,0.906570788,986,553,225,1.609691563,1.482282432,0.738335745,0.869966232,0.288086940,1,0,ok,map,553,225,929,0,ok,14,TRACKING,332,1,0,-1,0,0,0,nan,nan,0,0,nan,nan,
1750922009.582242012,1,-0.409792881,-0.055511711,1.043457661,0.022403855,-0.415060166,0.007136481,0.909490075,982,635,338,1.397272503,1.226901729,0.765019651,0.825514591,0.128337803,1,0,ok,map,635,338,941,0,ok,18,TRACKING,332,0,0,-1,0,0,0,nan,nan,0,0,nan,nan,
1750922009.594242096,1,-0.396760334,-0.057545090,1.036115664,0.021722326,-0.408729383,0.007497073,0.912366279,974,622,290,1.534965359,1.468506059,0.783097889,0.801699415,0.187115156,1,0,ok,map,622,290,941,0,ok,26,TRACKING,332,0,0,-1,0,0,0,nan,nan,0,0,nan,nan,
1750922009.606242180,1,-0.379252931,-0.056237357,1.011991845,0.020744422,-0.402513593,0.006748553,0.915154049,966,610,260,1.768276826,1.613683225,0.343011845,0.793288792,0.530602840,1,0,ok,map,610,260,941,0,ok,34,TRACKING,332,0,0,-1,0,0,0,nan,nan,0,0,nan,nan,
1750922009.618242264,1,-0.375893271,-0.056476098,1.011792325,0.020609165,-0.396344189,0.005553880,0.917853856,952,589,240,1.864970325,1.805128157,0.736672102,0.783895293,0.433826716,1,0,ok,map,589,240,941,0,ok,48,TRACKING,332,0,0,-1,0,0,0,nan,nan,0,0,nan,nan,
1750922009.630242348,1,-0.360396144,-0.054635761,0.995270658,0.022880658,-0.390701951,0.006600324,0.920209159,964,579,259,1.625284720,1.549814261,0.718456553,0.811752557,0.182127583,1,0,ok,map,579,259,941,0,ok,36,TRACKING,333,1,14,130,116,1,0,0.009613897,0.006051922,94,64,0.680851064,1.444168495,ok
1750922009.642242432,1,-0.342301283,-0.059162430,0.942007346,0.025376055,-0.384591826,0.007927745,0.922703817,986,649,281,1.641377141,1.516902870,0.909921896,0.822718102,0.145621229,1,0,ok,map,649,281,869,1,ok,14,TRACKING,333,0,0,-1,0,0,0,nan,nan,0,0,nan,nan,
1750922009.654242516,1,-0.320960802,-0.054601512,0.913488841,0.025623025,-0.378170726,0.009024695,0.925337191,979,638,240,1.673806606,1.541091160,0.643149908,0.805650183,0.594995373,1,0,ok,map,638,240,869,0,ok,21,TRACKING,333,0,0,-1,0,0,0,nan,nan,0,0,nan,nan,
1750922009.666242599,1,-0.312089471,-0.061685075,0.912758069,0.025186863,-0.371980369,0.008248986,0.927862156,968,625,223,1.762659778,1.590840594,0.936548440,0.772861288,0.383598792,1,0,ok,map,625,223,869,0,ok,32,TRACKING,333,0,0,-1,0,0,0,nan,nan,0,0,nan,nan,
1750922009.678242683,1,-0.299411178,-0.061335407,0.890714307,0.024250546,-0.366016583,0.006003682,0.930272932,988,621,261,1.714385604,1.689979776,0.935328970,0.788077088,0.204796618,1,0,ok,map,621,261,869,0,ok,12,TRACKING,333,0,0,-1,0,0,0,nan,nan,0,0,nan,nan,
1750922009.690242767,1,-0.284000619,-0.057595790,0.873654892,0.023113385,-0.359182085,0.006503775,0.932958575,977,613,211,1.649775276,1.481315744,0.627444955,0.853430350,0.272484940,1,0,ok,map,613,211,869,0,ok,23,TRACKING,333,0,0,-1,0,0,0,nan,nan,0,0,nan,nan,
1750922009.702242851,1,-0.277007204,-0.057664976,0.871572077,0.023792690,-0.352790813,0.006270571,0.935378656,963,599,211,1.604617952,1.432966574,1.021377362,0.787446525,0.285483579,1,0,ok,map,599,211,869,0,ok,37,TRACKING,333,0,0,-1,0,0,0,nan,nan,0,0,nan,nan,
1750922009.714242935,1,-0.273721036,-0.055187970,0.867959799,0.025214429,-0.346193132,0.006982487,0.937798375,970,595,220,1.593969435,1.593246263,0.753651179,0.825638505,0.134957062,1,0,ok,map,595,220,869,0,ok,30,TRACKING,333,0,0,-1,0,0,0,nan,nan,0,0,nan,nan,
1750922009.726243019,1,-0.252807012,-0.059281283,0.833240567,0.026518580,-0.339808640,0.007947487,0.940087066,969,595,208,1.718619221,1.593656829,0.493036149,0.799123813,0.386619563,1,0,ok,map,595,208,869,0,ok,31,TRACKING,333,0,0,-1,0,0,0,nan,nan,0,0,nan,nan,
1750922009.738243103,1,-0.241737057,-0.060154936,0.818820439,0.025946436,-0.333340007,0.007296258,0.942421342,975,592,198,1.857987429,1.715970364,1.272619687,0.794274875,0.538275368,1,0,ok,map,592,198,869,0,ok,25,TRACKING,333,0,0,-1,0,0,0,nan,nan,0,0,nan,nan,
1750922009.750243187,1,-0.234268387,-0.055012682,0.802372151,0.025348814,-0.327028033,0.007580253,0.944644188,970,587,207,1.836779881,1.746128590,0.880332162,0.796973288,0.434463281,1,0,ok,map,587,207,869,0,ok,30,TRACKING,334,1,0,-1,0,0,0,nan,nan,0,0,nan,nan,
1750922009.762243271,1,-0.225507986,-0.053596484,0.793528076,0.024257807,-0.320550265,0.007184452,0.946893590,974,708,353,1.258863930,1.141260232,0.748872255,0.796954795,0.172617333,1,0,ok,map,708,353,898,0,ok,26,TRACKING,334,0,0,-1,0,0,0,nan,nan,0,0,nan,nan,
1750922009.774243355,1,-0.209700356,-0.052868172,0.762824031,0.024190025,-0.313981286,0.007275934,0.949093070,951,684,331,1.371771498,1.189713492,0.841241549,0.793933046,0.285399394,1,0,ok,map,684,331,898,0,ok,49,TRACKING,334,0,0,-1,0,0,0,nan,nan,0,0,nan,nan,
1750922009.786243439,1,-0.203286134,-0.054582323,0.755445121,0.025174095,-0.307252781,0.007597903,0.951264561,938,655,340,1.545079727,1.411987739,0.786405310,0.818832127,0.260089394,1,0,ok,map,655,340,898,1,ok,62,TRACKING,334,0,0,-1,0,0,0,nan,nan,0,0,nan,nan,
1750922009.798243523,1,-0.192031468,-0.056377448,0.733036551,0.026183669,-0.300771822,0.007719777,0.953305372,959,637,342,1.558330288,1.448717766,0.662570262,0.787286656,0.164942943,1,0,ok,map,637,342,898,0,ok,41,TRACKING,334,0,0,-1,0,0,0,nan,nan,0,0,nan,nan,
1750922009.810243607,1,-0.181662992,-0.056793221,0.708137586,0.025386525,-0.294265588,0.008017933,0.955352815,967,629,301,1.632417526,1.435692893,0.848849676,0.787666885,0.201648099,1,0,ok,map,629,301,898,0,ok,33,TRACKING,334,0,0,-1,0,0,0,nan,nan,0,0,nan,nan,
1750922009.822243690,1,-0.168744827,-0.054564305,0.681153698,0.024095070,-0.287788719,0.006767669,0.957366847,960,614,283,1.584668706,1.477269797,0.939583265,0.804081564,0.265290409,1,0,ok,map,614,283,898,1,ok,40,TRACKING,334,0,0,-1,0,0,0,nan,nan,0,0,nan,nan,
1750922009.834243774,1,-0.167409783,-0.054776541,0.685640752,0.022538040,-0.280862464,0.007092535,0.959457143,965,602,269,1.579784264,1.433419883,0.751944562,0.848848005,0.274844494,1,0,ok,map,602,269,898,0,ok,35,TRACKING,334,0,0,-1,0,0,0,nan,nan,0,0,nan,nan,
1750922009.846243858,1,-0.157616608,-0.050254977,0.678464674,0.023045172,-0.274337943,0.007300554,0.961329452,968,586,275,1.900322115,1.745087124,0.864448122,0.790304111,0.564170926,1,0,ok,map,586,275,898,0,ok,32,TRACKING,335,1,0,-1,0,0,0,nan,nan,0,0,nan,nan,
1750922009.858243942,1,-0.151391737,-0.050151240,0.660681733,0.024531728,-0.267636721,0.007099300,0.963181385,985,677,382,1.405195212,1.280464158,0.735399251,0.815023838,0.267859889,1,0,ok,map,677,382,890,0,ok,15,TRACKING,335,0,0,-1,0,0,0,nan,nan,0,0,nan,nan,
1750922009.870244026,1,-0.138507464,-0.049715615,0.637233349,0.025245774,-0.260792614,0.007339541,0.965036784,971,660,372,1.323956730,1.205907691,0.728100795,0.817160007,0.097058211,1,0,ok,map,660,372,890,0,ok,29,TRACKING,335,0,0,-1,0,0,0,nan,nan,0,0,nan,nan,
1750922009.882244110,1,-0.127050919,-0.051221246,0.607244592,0.024377497,-0.254003142,0.007741826,0.966865143,964,640,304,1.515288334,1.435025514,1.306911557,0.813162407,0.512843974,1,0,ok,map,640,304,890,0,ok,36,TRACKING,335,0,0,-1,0,0,0,nan,nan,0,0,nan,nan,
1750922009.894244194,1,-0.122447438,-0.055253424,0.594708342,0.022366035,-0.247375829,0.006056195,0.968642495,963,618,302,1.639861203,1.556799403,0.729470991,0.841821629,0.374477425,1,0,ok,map,618,302,890,0,ok,37,TRACKING,335,0,0,-1,0,0,0,nan,nan,0,0,nan,nan,
1750922009.906244278,1,-0.118668638,-0.045450214,0.584601851,0.021772021,-0.240673553,0.005813008,0.970344490,952,588,284,1.625103519,1.592432520,0.630780351,0.805029740,0.262227656,1,0,ok,map,588,284,890,0,ok,48,TRACKING,336,1,0,-1,0,0,0,nan,nan,0,0,nan,nan,
1750922009.918244362,1,-0.109980392,-0.046200921,0.565980167,0.023197446,-0.233810639,0.006034214,0.971986652,928,645,394,1.318038142,1.117290836,1.222207578,0.825355855,0.485189640,1,0,ok,map,645,394,941,0,ok,72,TRACKING,336,0,0,-1,0,0,0,nan,nan,0,0,nan,nan,
1750922009.930244446,1,-0.102240228,-0.047908442,0.544528912,0.023583941,-0.227040956,0.006682643,0.973576676,956,634,360,1.356383041,1.155387625,1.247812102,0.801541698,0.472104021,1,0,ok,map,634,360,941,0,ok,44,TRACKING,336,0,0,-1,0,0,0,nan,nan,0,0,nan,nan,
1750922009.942244530,1,-0.094965112,-0.047915163,0.526844791,0.023354537,-0.220283410,0.007369275,0.975128442,937,597,343,1.410210018,1.292024325,1.140407928,0.798832964,0.398988232,1,0,ok,map,597,343,941,0,ok,63,TRACKING,336,0,0,-1,0,0,0,nan,nan,0,0,nan,nan,
1750922009.954244614,1,-0.090759276,-0.045232924,0.516529612,0.023036643,-0.213801432,0.006637352,0.976582923,938,575,338,1.371882234,1.223198198,0.832422953,0.766723648,0.190837051,1,0,ok,map,575,338,941,0,ok,62,TRACKING,336,0,0,-1,0,0,0,nan,nan,0,0,nan,nan,
1750922009.966244698,1,-0.085706098,-0.042151201,0.497039475,0.023390190,-0.207366061,0.005576180,0.977967853,925,544,316,1.453414515,1.291264721,0.420487770,0.776444183,0.432550297,1,0,ok,map,544,316,941,0,ok,75,TRACKING,337,1,0,-1,0,0,0,nan,nan,0,0,nan,nan,
1750922009.978244781,1,-0.078784790,-0.040623396,0.480002661,0.023082843,-0.200350241,0.006108505,0.979433331,946,563,375,1.144292142,0.971439666,0.839791866,0.824322016,0.095374619,1,0,ok,map,563,375,929,0,ok,54,TRACKING,337,0,0,-1,0,0,0,nan,nan,0,0,nan,nan,
1750922009.990244865,1,-0.072935138,-0.042062017,0.462744648,0.022994145,-0.193621533,0.005633666,0.980790616,958,553,365,1.193772453,1.032432940,0.755774763,0.788530368,0.076439127,1,0,ok,map,553,365,929,0,ok,42,TRACKING,337,0,0,-1,0,0,0,nan,nan,0,0,nan,nan,
1750922010.002244949,1,-0.070304912,-0.038894498,0.452926124,0.022531204,-0.186607829,0.006182203,0.982156629,959,537,333,1.556160684,1.374734408,0.805693454,0.822935390,0.522751255,1,0,ok,map,537,333,929,0,ok,41,TRACKING,337,0,0,-1,0,0,0,nan,nan,0,0,nan,nan,
1750922010.014245033,1,-0.062128634,-0.040823581,0.420732933,0.024276729,-0.180147151,0.006133162,0.983320918,958,522,326,1.350859364,1.246205560,0.826796425,0.778424883,0.174280349,1,0,ok,map,522,326,929,0,ok,42,TRACKING,337,0,0,-1,0,0,0,nan,nan,0,0,nan,nan,
1750922010.026245117,1,-0.056564381,-0.037764980,0.398638467,0.024009794,-0.173199232,0.005848635,0.984576736,980,515,312,1.362865782,1.311831105,1.034794337,0.812619450,0.232650853,1,0,ok,map,515,312,929,1,ok,20,TRACKING,338,1,0,-1,0,0,0,nan,nan,0,0,nan,nan,
1750922010.038245201,1,-0.052689509,-0.035958387,0.381572246,0.023346394,-0.166031749,0.006145552,0.985824851,958,614,450,1.123349142,1.008821487,0.755697222,0.837844488,0.127313888,1,0,ok,map,614,450,938,0,ok,42,TRACKING,338,0,0,-1,0,0,0,nan,nan,0,0,nan,nan,
1750922010.050245285,1,-0.048469006,-0.035720933,0.360683684,0.023467733,-0.159097262,0.006590037,0.986961954,870,560,405,1.210056811,1.066211090,0.947625837,0.806976971,0.220868270,1,0,ok,map,560,405,938,0,ok,130,TRACKING,338,0,0,-1,0,0,0,nan,nan,0,0,nan,nan,
1750922010.062245369,1,-0.044424864,-0.036168003,0.342674702,0.023537502,-0.152245538,0.006837868,0.988038727,881,526,413,1.248945307,1.168039946,0.810838129,0.795335148,0.164311755,1,0,ok,map,526,413,938,2,ok,119,TRACKING,338,0,0,-1,0,0,0,nan,nan,0,0,nan,nan,
1750922010.074245453,1,-0.041771060,-0.034334045,0.324002055,0.023361801,-0.145212019,0.006608850,0.989102633,907,524,432,1.314938876,1.233508661,0.698131966,0.815822821,0.125397883,1,0,ok,map,524,432,938,1,ok,93,TRACKING,338,0,0,-1,0,0,0,nan,nan,0,0,nan,nan,
1750922010.086245537,1,-0.038661791,-0.032963968,0.305827588,0.023629107,-0.138519808,0.006202265,0.990058311,965,524,418,1.298046961,1.184099638,0.670728815,0.783785287,0.115187003,1,0,ok,map,524,418,938,1,ok,35,TRACKING,339,1,0,-1,0,0,0,nan,nan,0,0,nan,nan,
1750922010.098245621,1,-0.035590360,-0.032909043,0.284089381,0.023689289,-0.131475230,0.006792935,0.991013086,968,638,546,1.009111936,0.839039619,0.839412276,0.817467647,0.044314251,1,0,ok,map,638,546,980,0,ok,32,TRACKING,339,0,0,-1,0,0,0,nan,nan,0,0,nan,nan,
1750922010.110245705,1,-0.033221011,-0.033402299,0.262843430,0.023512160,-0.124827342,0.006832403,0.991876319,977,638,533,1.172371580,1.032278740,0.689708955,0.768470245,0.090018953,1,0,ok,map,638,533,980,0,ok,23,TRACKING,339,0,0,-1,0,0,0,nan,nan,0,0,nan,nan,
1750922010.122245789,1,-0.030496987,-0.033866632,0.247145638,0.023077203,-0.117988755,0.006753625,0.992723771,971,628,501,1.269149231,1.147498542,0.586530191,0.791262955,0.251307475,1,0,ok,map,628,501,980,0,ok,29,TRACKING,339,0,0,-1,0,0,0,nan,nan,0,0,nan,nan,
1750922010.134245872,1,-0.028499228,-0.034797246,0.221690720,0.022520225,-0.111390094,0.005974707,0.993503593,977,625,506,1.250807941,1.097757588,0.719676130,0.769280340,0.166282298,1,0,ok,map,625,506,980,0,ok,23,TRACKING,339,0,0,-1,0,0,0,nan,nan,0,0,nan,nan,
1750922010.146245956,1,-0.027127068,-0.034485641,0.206077466,0.021691811,-0.104585939,0.006025516,0.994261002,981,622,529,1.254174982,1.139330164,0.707038225,0.790260130,0.089308768,1,0,ok,map,622,529,980,0,ok,19,TRACKING,339,0,0,-1,0,0,0,nan,nan,0,0,nan,nan,
1750922010.158246040,1,-0.025893793,-0.034973430,0.183011387,0.021100962,-0.097897219,0.006862197,0.994949141,971,619,480,1.182279852,1.037121558,0.760125767,0.779406454,0.100451584,1,0,ok,map,619,480,980,0,ok,29,TRACKING,339,0,0,-1,0,0,0,nan,nan,0,0,nan,nan,
1750922010.170246124,1,-0.024871834,-0.034667607,0.162499590,0.020734487,-0.091101838,0.007343944,0.995598615,975,619,483,1.260519951,1.133148546,0.756155254,0.785312565,0.052235737,1,0,ok,map,619,483,980,1,ok,25,TRACKING,339,0,0,-1,0,0,0,nan,nan,0,0,nan,nan,
1750922010.182246208,1,-0.024114211,-0.036616390,0.140487124,0.020278691,-0.084665897,0.005944584,0.996185285,983,615,447,1.270845573,1.110988000,0.935016072,0.759523659,0.242568866,1,0,ok,map,615,447,980,0,ok,17,TRACKING,339,0,0,-1,0,0,0,nan,nan,0,0,nan,nan,
1750922010.194246292,1,-0.022920708,-0.033813844,0.128809530,0.019434851,-0.077681902,0.005588168,0.996773084,986,613,440,1.346038751,1.209321428,0.600704980,0.809968673,0.242534956,1,0,ok,map,613,440,980,0,ok,14,TRACKING,339,0,0,-1,0,0,0,nan,nan,0,0,nan,nan,
1750922010.206246376,1,-0.023348289,-0.035497423,0.104030462,0.020025802,-0.070951722,0.006314443,0.997258717,993,613,456,1.401245457,1.318100380,0.604372608,0.780637210,0.198726834,1,0,ok,map,613,456,980,0,ok,7,TRACKING,339,0,0,-1,0,0,0,nan,nan,0,0,nan,nan,
1750922010.218246460,1,-0.023495458,-0.036901499,0.083841610,0.020010817,-0.064006647,0.006156408,0.997729831,992,613,444,1.440485754,1.338337449,0.610007186,0.797884825,0.248110321,1,0,ok,map,613,444,980,0,ok,8,TRACKING,339,0,0,-1,0,0,0,nan,nan,0,0,nan,nan,
1750922010.230246544,1,-0.022588934,-0.037205552,0.059902030,0.019231366,-0.057062138,0.005326529,0.998171175,993,613,429,1.377636071,1.240354621,0.696483831,0.807991910,0.204537745,1,0,ok,map,613,429,980,0,ok,7,TRACKING,339,0,0,-1,0,0,0,nan,nan,0,0,nan,nan,
1750922010.242246628,1,-0.024922611,-0.034262283,0.047515911,0.017326241,-0.050324002,0.004364515,0.998573106,990,613,405,1.519618935,1.376167703,0.374381559,0.795363603,0.450354630,1,0,ok,map,613,405,980,0,ok,10,TRACKING,340,1,0,-1,0,0,0,nan,nan,0,0,nan,nan,
1750922010.254246712,1,-0.026761778,-0.034185484,0.022696575,0.016581222,-0.043372122,0.004894235,0.998909390,987,704,516,1.262222283,1.106116569,0.702855416,0.804409742,0.179533788,1,0,ok,map,704,516,968,0,ok,13,TRACKING,340,0,0,-1,0,0,0,nan,nan,0,0,nan,nan,
1750922010.266246796,1,-0.027435096,-0.030286702,0.004643652,0.015738707,-0.036143323,0.005971278,0.999204832,996,704,415,1.514180553,1.375121546,0.750008392,0.843731056,0.446141109,1,0,ok,map,704,415,968,0,ok,4,TRACKING,340,0,0,-1,0,0,0,nan,nan,0,0,nan,nan,
1750922010.278246880,1,-0.029717991,-0.033870417,-0.016199147,0.017514453,-0.029629474,0.006797117,0.999384379,968,704,410,1.509625522,1.425914565,0.606452878,0.779710504,0.238168258,1,0,ok,map,704,410,968,0,ok,32,TRACKING,340,0,0,-1,0,0,0,nan,nan,0,0,nan,nan,
1750922010.290246964,1,-0.030606892,-0.033922542,-0.031918202,0.016907688,-0.023020295,0.005412737,0.999577360,978,703,409,1.500241047,1.425898098,0.709978783,0.777225972,0.085735505,1,0,ok,map,703,409,968,0,ok,22,TRACKING,340,0,0,-1,0,0,0,nan,nan,0,0,nan,nan,
1750922010.302247047,1,-0.034178917,-0.036076354,-0.056673086,0.015302925,-0.015945566,0.004599757,0.999745168,988,701,386,1.594351616,1.422172312,0.562193237,0.836725491,0.352741697,1,0,ok,map,701,386,968,0,ok,12,TRACKING,340,0,0,-1,0,0,0,nan,nan,0,0,nan,nan,
1750922010.314247131,1,-0.035820165,-0.033588137,-0.079740988,0.014227261,-0.008983023,0.004421474,0.999848659,978,691,373,1.595975729,1.539194310,0.582160716,0.807661213,0.304288245,1,0,ok,map,691,373,968,0,ok,22,TRACKING,340,0,0,-1,0,0,0,nan,nan,0,0,nan,nan,
1750922010.326247215,1,-0.037731134,-0.037766516,-0.093122980,0.014002980,-0.001855398,0.005011489,0.999887673,990,686,370,1.489604293,1.366430567,0.778999722,0.819976040,0.210965067,1,0,ok,map,686,370,968,0,ok,10,TRACKING,340,0,0,-1,0,0,0,nan,nan,0,0,nan,nan,
1750922010.338247299,1,-0.040565415,-0.037062516,-0.117060992,0.012815198,0.005051808,0.003803176,0.999897888,992,684,350,1.455597020,1.323027206,0.912382290,0.814976083,0.201441585,1,0,ok,map,684,350,968,0,ok,8,TRACKING,340,0,0,-1,0,0,0,nan,nan,0,0,nan,nan,
1750922010.350247383,1,-0.044517246,-0.036076470,-0.131187101,0.013203206,0.011887818,0.003355994,0.999836533,987,680,347,1.595605372,1.467896587,0.438525393,0.786314499,0.396975158,1,0,ok,map,680,347,968,0,ok,13,TRACKING,340,0,0,-1,0,0,0,nan,nan,0,0,nan,nan,
1750922010.362247467,1,-0.047702774,-0.035864930,-0.152125139,0.014480924,0.018989940,0.003812162,0.999707533,976,660,317,1.553027988,1.499816462,0.707664531,0.828693051,0.388427727,1,0,ok,map,660,317,968,0,ok,24,TRACKING,340,0,0,-1,0,0,0,nan,nan,0,0,nan,nan,
1750922010.374247551,1,-0.051333759,-0.037378375,-0.173228774,0.015833302,0.025969071,0.004889609,0.999525390,957,631,307,1.515265822,1.477414675,0.890062284,0.824195305,0.067262596,1,0,ok,map,631,307,968,0,ok,43,TRACKING,340,0,0,-1,0,0,0,nan,nan,0,0,nan,nan,
1750922010.386247635,1,-0.055346376,-0.039566960,-0.191684994,0.014484050,0.032941231,0.003706339,0.999345461,961,605,291,1.529167418,1.408140399,0.624932272,0.825252011,0.230517532,1,0,ok,map,605,291,968,0,ok,39,TRACKING,340,0,0,-1,0,0,0,nan,nan,0,0,nan,nan,
1750922010.398247719,1,-0.060282530,-0.036298787,-0.205934558,0.010115654,0.039834311,0.002583070,0.999151755,981,597,261,1.572185327,1.442266614,0.676745121,0.885004684,0.420893114,1,0,ok,map,597,261,968,0,ok,19,TRACKING,341,1,0,-1,0,0,0,nan,nan,0,0,nan,nan,
1750922010.410247803,1,-0.066420370,-0.035842793,-0.221647387,0.011568446,0.047616377,0.003761413,0.998791622,972,706,315,1.519975285,1.434406341,0.798948873,0.918089971,0.226261122,1,0,ok,map,706,315,955,0,ok,28,TRACKING,341,0,0,-1,0,0,0,nan,nan,0,0,nan,nan,
1750922010.422247887,1,-0.071114549,-0.038280560,-0.241285497,0.014892412,0.054459389,0.003983615,0.998396976,940,676,296,1.603821744,1.336799437,1.734020327,0.873312180,0.946101270,1,0,ok,map,676,296,955,0,ok,60,TRACKING,341,0,0,-1,0,0,0,nan,nan,0,0,nan,nan,
1750922010.434247971,1,-0.076855539,-0.038639094,-0.259684083,0.013407734,0.061970616,0.002788658,0.997984017,943,629,277,1.474654968,1.364633414,0.873455307,0.889259748,0.117865883,1,0,ok,map,629,277,955,0,ok,57,TRACKING,341,0,0,-1,0,0,0,nan,nan,0,0,nan,nan,
1750922010.446248055,1,-0.079889266,-0.036096342,-0.278113595,0.012381692,0.068750814,0.002151475,0.997554705,984,626,277,1.560474126,1.508632726,1.015345654,0.790717948,0.284386928,1,0,ok,map,626,277,955,0,ok,16,TRACKING,341,0,0,-1,0,0,0,nan,nan,0,0,nan,nan,
1750922010.458248138,1,-0.085989748,-0.037102672,-0.297240132,0.013635737,0.075758419,0.002254514,0.997030414,972,616,267,1.583140889,1.523504521,0.469972318,0.818065476,0.502986902,1,0,ok,map,616,267,955,0,ok,28,TRACKING,341,0,0,-1,0,0,0,nan,nan,0,0,nan,nan,
1750922010.470248222,1,-0.091805666,-0.038830795,-0.318502877,0.013031109,0.082839595,0.002496853,0.996474564,970,605,247,1.542110620,1.376432476,0.725371791,0.817356303,0.496389142,1,0,ok,map,605,247,955,0,ok,30,TRACKING,341,0,0,-1,0,0,0,nan,nan,0,0,nan,nan,
1750922010.482248306,1,-0.100013159,-0.037364387,-0.341150719,0.010307539,0.089504664,0.001971448,0.995931114,973,595,232,1.482011445,1.403269051,0.919907242,0.803166878,0.193463140,1,0,ok,map,595,232,955,0,ok,27,TRACKING,342,1,0,-1,0,0,0,nan,nan,0,0,nan,nan,
1750922010.494248390,1,-0.106429755,-0.037296110,-0.358089895,0.010436464,0.096528045,0.002195385,0.995273127,974,723,405,1.268784460,1.092442241,0.659827463,0.808888240,0.155658914,1,0,ok,map,723,405,1015,0,ok,26,TRACKING,342,0,0,-1,0,0,0,nan,nan,0,0,nan,nan,
1750922010.506248474,1,-0.112799155,-0.037429124,-0.375517697,0.010746585,0.103158243,0.001057684,0.994606339,952,691,388,1.383973149,1.309689020,0.727765387,0.775462706,0.121533706,1,0,ok,map,691,388,1015,0,ok,48,TRACKING,342,0,0,-1,0,0,0,nan,nan,0,0,nan,nan,
1750922010.518248558,1,-0.119883820,-0.039239173,-0.394247690,0.011249632,0.110159899,0.000897587,0.993849806,968,678,365,1.466806216,1.413477816,0.610403914,0.809266529,0.215860342,1,0,ok,map,678,365,1015,0,ok,32,TRACKING,342,0,0,-1,0,0,0,nan,nan,0,0,nan,nan,
1750922010.530248642,1,-0.126879588,-0.039102686,-0.413741301,0.011183470,0.117168526,0.001082842,0.993048485,946,645,326,1.514397013,1.355901815,0.296650113,0.808677618,0.659639164,1,0,ok,map,645,326,1015,0,ok,54,TRACKING,342,0,0,-1,0,0,0,nan,nan,0,0,nan,nan,
1750922010.542248726,1,-0.133138017,-0.041810589,-0.428743122,0.011463987,0.123743731,0.000327776,0.992247932,977,638,340,1.430645118,1.326010221,0.533810416,0.764620182,0.356734779,1,0,ok,map,638,340,1015,0,ok,23,TRACKING,342,0,0,-1,0,0,0,nan,nan,0,0,nan,nan,
1750922010.554248810,1,-0.140750625,-0.041294733,-0.449568615,0.009508026,0.130533521,-0.001175894,0.991397607,986,632,326,1.289639206,1.170578270,0.746383633,0.833541150,0.098628695,1,0,ok,map,632,326,1015,0,ok,14,TRACKING,342,0,0,-1,0,0,0,nan,nan,0,0,nan,nan,
1750922010.566248894,1,-0.146539151,-0.042212331,-0.462776742,0.008351585,0.137271424,-0.000776443,0.990497958,973,611,295,1.393377615,1.221600989,0.456792118,0.791476904,0.374659011,1,0,ok,map,611,295,1015,0,ok,27,TRACKING,342,0,0,-1,0,0,0,nan,nan,0,0,nan,nan,
1750922010.578248978,1,-0.160378608,-0.040403876,-0.488634120,0.005999291,0.143571372,0.000804308,0.989621454,948,578,277,1.543876371,1.304498813,1.386970091,0.785450266,1.096856557,1,0,ok,map,578,277,1015,0,ok,52,TRACKING,343,1,11,277,110,1,0,0.010852236,0.006342097,104,62,0.596153846,1.395796717,ok
1750922010.590249062,1,-0.169209767,-0.034762283,-0.506698553,0.005355534,0.150378788,0.000982824,0.988613460,948,623,266,1.786273330,1.551599918,0.621689968,0.792286471,0.737695784,1,0,ok,map,623,266,1036,0,ok,52,TRACKING,343,0,0,-1,0,0,0,nan,nan,0,0,nan,nan,
1750922010.602249146,1,-0.174435156,-0.032215750,-0.527003780,0.007672352,0.156338663,-0.002545228,0.987670430,950,596,250,1.603434083,1.534934746,1.169615940,0.843820817,0.383680865,1,0,ok,map,596,250,1036,0,ok,50,TRACKING,343,0,0,-1,0,0,0,nan,nan,0,0,nan,nan,
1750922010.614249229,1,-0.186291638,-0.037254210,-0.546530644,0.010598786,0.162882955,-0.003961259,0.986580517,944,565,220,1.585100487,1.434940417,1.140427529,0.846622093,0.446858236,1,0,ok,map,565,220,1036,0,ok,56,TRACKING,343,0,0,-1,0,0,0,nan,nan,0,0,nan,nan,
1750922010.626249313,1,-0.190389394,-0.039732513,-0.556036820,0.010004718,0.170063359,-0.002231871,0.985379814,957,539,196,1.434846517,1.402184044,0.765208671,0.860153393,0.105904865,1,0,ok,map,539,196,1036,0,ok,43,TRACKING,343,0,0,-1,0,0,0,nan,nan,0,0,nan,nan,
1750922010.638249397,1,-0.204966328,-0.040723970,-0.582034442,0.007427072,0.176622618,-0.002434016,0.984247614,971,522,203,1.563618776,1.417545985,0.984597456,0.840385208,0.226732035,1,0,ok,map,522,203,1036,0,ok,29,TRACKING,344,1,0,-1,0,0,0,nan,nan,0,0,nan,nan,
1750922010.650249481,1,-0.211898377,-0.040748503,-0.593135672,0.004472251,0.182967694,-0.003493609,0.983102546,959,564,293,1.373593037,1.167525663,0.459557810,0.821750834,0.415466879,1,0,ok,map,564,293,1016,0,ok,41,TRACKING,344,0,0,-1,0,0,0,nan,nan,0,0,nan,nan,
1750922010.662249565,1,-0.222570579,-0.039113688,-0.615020989,0.005747994,0.189577214,-0.003729190,0.981841909,967,553,266,1.408360171,1.384084929,0.833743372,0.785250452,0.077039540,1,0,ok,map,553,266,1016,0,ok,33,TRACKING,344,0,0,-1,0,0,0,nan,nan,0,0,nan,nan,
1750922010.674249649,1,-0.234453713,-0.040399747,-0.637159007,0.006619332,0.195833692,-0.004337481,0.980605189,961,532,249,1.594270686,1.407502813,1.371818114,0.740889026,0.775493178,1,0,ok,map,532,249,1016,0,ok,39,TRACKING,344,0,0,-1,0,0,0,nan,nan,0,0,nan,nan,
1750922010.686249733,1,-0.240429499,-0.041506023,-0.644735233,0.006812033,0.202491705,-0.004156251,0.979251465,975,524,249,1.490123368,1.353139045,0.603528859,0.779154010,0.523141144,1,0,ok,map,524,249,1016,0,ok,25,TRACKING,344,0,0,-1,0,0,0,nan,nan,0,0,nan,nan,
1750922010.698249817,1,-0.254534909,-0.041333479,-0.671427839,0.007053646,0.208782041,-0.004455757,0.977926608,977,519,251,1.563356493,1.447560975,1.175099126,0.755016692,0.478903988,1,0,ok,map,519,251,1016,0,ok,23,TRACKING,345,1,0,-1,0,0,0,nan,nan,0,0,nan,nan,
1750922010.710249901,1,-0.266094235,-0.043851677,-0.687169457,0.006806812,0.215049503,-0.005479284,0.976564056,970,540,321,1.201036173,1.000651071,0.475721968,0.744812656,0.282874176,1,0,ok,map,540,321,913,0,ok,30,TRACKING,345,0,0,-1,0,0,0,nan,nan,0,0,nan,nan,
1750922010.722249985,1,-0.275606221,-0.043189010,-0.704380581,0.005400206,0.221623032,-0.005989806,0.975099068,988,537,321,1.308712920,1.184027963,0.852315260,0.790572355,0.110915724,1,0,ok,map,537,321,913,0,ok,12,TRACKING,345,0,0,-1,0,0,0,nan,nan,0,0,nan,nan,
1750922010.734250069,1,-0.287757171,-0.043240021,-0.721340807,0.005813402,0.227823856,-0.006776818,0.973661425,977,533,293,1.470010884,1.386193194,0.902894538,0.736488664,0.167208179,1,0,ok,map,533,293,913,0,ok,23,TRACKING,345,0,0,-1,0,0,0,nan,nan,0,0,nan,nan,
1750922010.746250153,1,-0.300104247,-0.045327118,-0.739877583,0.006651662,0.234085954,-0.006222087,0.972173239,966,527,298,1.422897877,1.338643075,0.756441391,0.746510290,0.056253220,1,0,ok,map,527,298,913,0,ok,34,TRACKING,345,0,0,-1,0,0,0,nan,nan,0,0,nan,nan,
1750922010.758250237,1,-0.311019855,-0.044483714,-0.756183363,0.006841691,0.240339234,-0.006182456,0.970645157,980,525,282,1.429858398,1.324001743,0.578231451,0.757832237,0.202285581,1,0,ok,map,525,282,913,0,ok,20,TRACKING,346,1,0,-1,0,0,0,nan,nan,0,0,nan,nan,
1750922010.770250320,1,-0.324497928,-0.046115806,-0.774742467,0.007392044,0.246544393,-0.007351494,0.969075423,982,531,333,1.154208587,0.985358056,0.817024146,0.748255194,0.114220180,1,0,ok,map,531,333,761,0,ok,18,TRACKING,346,0,0,-1,0,0,0,nan,nan,0,0,nan,nan,
1750922010.782250404,1,-0.335798364,-0.046606612,-0.790327246,0.007770706,0.252825340,-0.008088056,0.967446922,971,516,320,1.210262765,1.030681152,0.943678675,0.749575709,0.202264658,1,0,ok,map,516,320,761,0,ok,29,TRACKING,346,0,0,-1,0,0,0,nan,nan,0,0,nan,nan,
1750922010.794250488,1,-0.350135744,-0.047669869,-0.807184181,0.007745167,0.259430332,-0.008040663,0.965697294,920,478,296,1.304350396,1.098364858,0.776608630,0.783006700,0.231987963,1,0,ok,map,478,296,761,0,ok,80,TRACKING,346,0,0,-1,0,0,0,nan,nan,0,0,nan,nan,
1750922010.806250572,1,-0.357094857,-0.048202042,-0.817796811,0.007656330,0.265930739,-0.008298647,0.963926011,974,473,274,1.217596368,1.054389157,0.676562772,0.772684988,0.143051059,1,0,ok,map,473,274,761,0,ok,26,TRACKING,346,0,0,-1,0,0,0,nan,nan,0,0,nan,nan,
1750922010.818250656,1,-0.375622825,-0.048785865,-0.839800546,0.007294627,0.272591233,-0.008254395,0.962066876,981,472,293,1.340591866,1.220841270,0.796284244,0.816388165,0.153603398,1,0,ok,map,472,293,761,0,ok,19,TRACKING,347,1,0,-1,0,0,0,nan,nan,0,0,nan,nan,
1750922010.830250740,1,-0.388106516,-0.048913463,-0.855591906,0.007478106,0.279105385,-0.008770371,0.960191305,975,476,329,1.200130748,0.957386840,0.823852036,0.779323818,0.163266065,1,0,ok,map,476,329,579,0,ok,25,TRACKING,347,0,0,-1,0,0,0,nan,nan,0,0,nan,nan,
1750922010.842250824,1,-0.401599367,-0.050487990,-0.870891270,0.008145902,0.285320607,-0.010293458,0.958342235,977,473,309,1.362324150,1.153381206,0.904914238,0.767112915,0.205910023,1,0,ok,map,473,309,579,0,ok,23,TRACKING,347,0,0,-1,0,0,0,nan,nan,0,0,nan,nan,
1750922010.854250908,1,-0.414892151,-0.051152053,-0.884466608,0.008616843,0.291541059,-0.010672025,0.956459967,977,467,287,1.303226406,1.118613652,0.597820908,0.747943301,0.239781413,1,0,ok,map,467,287,579,0,ok,23,TRACKING,347,0,0,-1,0,0,0,nan,nan,0,0,nan,nan,
1750922010.866250992,1,-0.426747827,-0.050294933,-0.897782689,0.008234235,0.298489862,-0.010193838,0.954322841,973,461,280,1.326822540,1.229958312,0.605567747,0.836035158,0.250737681,1,0,ok,map,461,280,579,0,ok,27,TRACKING,347,0,0,-1,0,0,0,nan,nan,0,0,nan,nan,
1750922010.878251076,1,-0.440652740,-0.050205171,-0.914948260,0.008861257,0.304704246,-0.009949806,0.952353822,969,457,270,1.253858961,1.162149652,0.803426518,0.768899731,0.039703730,1,0,ok,map,457,270,579,0,ok,31,TRACKING,348,1,0,-1,0,0,0,nan,nan,0,0,nan,nan,
1750922010.890251160,1,-0.451552120,-0.050528093,-0.927529192,0.009365687,0.310975917,-0.010954455,0.950308509,969,469,309,1.070287421,0.921648449,0.705691069,0.766831600,0.095935837,1,0,ok,map,469,309,541,0,ok,31,TRACKING,348,0,0,-1,0,0,0,nan,nan,0,0,nan,nan,
1750922010.902251244,1,-0.464715359,-0.052099174,-0.940964530,0.010103175,0.317192990,-0.011904626,0.948232468,960,456,302,1.101965329,0.962343711,0.687720757,0.763637524,0.110941234,1,0,ok,map,456,302,541,0,ok,40,TRACKING,348,0,0,-1,0,0,0,nan,nan,0,0,nan,nan,
1750922010.914251328,1,-0.476855476,-0.052490112,-0.952631472,0.009211235,0.323657996,-0.012844357,0.946042112,840,397,281,1.152897421,1.021924065,0.694576863,0.796166518,0.213754994,1,0,ok,map,397,281,541,1,ok,160,TRACKING,348,0,0,-1,0,0,0,nan,nan,0,0,nan,nan,
1750922010.926251411,1,-0.494429413,-0.053385103,-0.969185746,0.009041413,0.329929755,-0.012784629,0.943875608,932,397,275,1.271382900,1.100535772,0.356081482,0.760643476,0.405550678,1,0,ok,map,397,275,541,1,ok,68,TRACKING,348,0,0,-1,0,0,0,nan,nan,0,0,nan,nan,
1750922010.938251495,1,-0.510012655,-0.054000050,-0.986123638,0.008526056,0.336125656,-0.012808863,0.941691448,967,391,270,1.210628740,1.075110411,0.726885271,0.776300313,0.105421175,1,0,ok,map,391,270,541,0,ok,33,TRACKING,349,1,0,-1,0,0,0,nan,nan,0,0,nan,nan,
1750922010.950251579,1,-0.524210192,-0.053490175,-0.999572800,0.008730628,0.342459294,-0.012684006,0.939406475,974,450,354,1.067367871,0.873579418,0.814643655,0.772058675,0.177287261,1,0,ok,map,450,354,563,0,ok,26,TRACKING,349,0,0,-1,0,0,0,nan,nan,0,0,nan,nan,
1750922010.962251663,1,-0.538942113,-0.053648629,-1.012420268,0.009176291,0.348738055,-0.013585201,0.937076842,976,446,349,1.172879545,1.056138652,0.683178404,0.776022417,0.127616191,1,0,ok,map,446,349,563,0,ok,24,TRACKING,349,0,0,-1,0,0,0,nan,nan,0,0,nan,nan,
1750922010.974251747,1,-0.552862875,-0.054839483,-1.024481188,0.009865392,0.354992774,-0.013588967,0.934718216,966,442,339,1.176008568,1.089813889,0.726556019,0.770066134,0.071288893,1,0,ok,map,442,339,563,0,ok,34,TRACKING,349,0,0,-1,0,0,0,nan,nan,0,0,nan,nan,
1750922010.986251831,1,-0.569009779,-0.056174699,-1.037615635,0.009711600,0.361276247,-0.013595340,0.932309136,969,433,332,1.187778788,1.111664597,0.696356046,0.771342992,0.140326914,1,0,ok,map,433,332,563,0,ok,31,TRACKING,349,0,0,-1,0,0,0,nan,nan,0,0,nan,nan,
1750922010.998251915,1,-0.588913495,-0.057169459,-1.055160564,0.009207205,0.367464529,-0.013243919,0.929897653,962,425,325,1.212835856,1.110115327,0.799004570,0.781333158,0.131706583,1,0,ok,map,425,325,563,0,ok,38,TRACKING,350,1,0,-1,0,0,0,nan,nan,0,0,nan,nan,
1750922011.010251999,1,-0.601963066,-0.056119802,-1.066291783,0.008383801,0.373926444,-0.013634159,0.927320244,974,435,363,1.036598557,0.880588168,0.769711671,0.804020181,0.086111599,1,0,ok,map,435,363,536,0,ok,26,TRACKING,350,0,0,-1,0,0,0,nan,nan,0,0,nan,nan,
1750922011.022252083,1,-0.619093930,-0.056578580,-1.080924899,0.008985462,0.380347091,-0.014660575,0.924683957,957,432,347,1.168864043,1.000950973,0.841526394,0.806959322,0.095802847,1,0,ok,map,432,347,536,0,ok,43,TRACKING,350,0,0,-1,0,0,0,nan,nan,0,0,nan,nan,
1750922011.034252167,1,-0.634047401,-0.057760674,-1.092212922,0.009973867,0.386472775,-0.015620667,0.922114587,964,430,338,1.197020116,1.096699343,0.733331624,0.777405216,0.093236233,1,0,ok,map,430,338,536,0,ok,36,TRACKING,350,0,0,-1,0,0,0,nan,nan,0,0,nan,nan,
1750922011.046252251,1,-0.650962809,-0.058459103,-1.103951814,0.009472093,0.392858598,-0.015241077,0.919423793,858,428,331,1.333603895,1.222428371,0.688268316,0.797339695,0.154339043,1,0,ok,map,428,331,536,0,ok,142,TRACKING,350,0,0,-1,0,0,0,nan,nan,0,0,nan,nan,
1750922011.058252335,1,-0.669713442,-0.059664656,-1.119071826,0.009046182,0.399350606,-0.013618894,0.916652489,957,427,325,1.323269378,1.209890921,0.799826139,0.842187255,0.076381220,1,0,ok,map,427,325,536,0,ok,43,TRACKING,351,1,0,-1,0,0,0,nan,nan,0,0,nan,nan,
1750922011.070252419,1,-0.684308984,-0.058623374,-1.129176926,0.008250143,0.405428828,-0.013549145,0.913988961,969,484,390,1.145253866,0.946141756,0.706514153,0.765947250,0.100025562,1,0,ok,map,484,390,564,0,ok,31,TRACKING,351,0,0,-1,0,0,0,nan,nan,0,0,nan,nan,
1750922011.082252502,1,-0.699331056,-0.059476507,-1.140533892,0.008662984,0.411488731,-0.014855533,0.911252594,972,483,372,1.294409961,1.152922956,0.716399188,0.777935741,0.203541413,1,0,ok,map,483,372,564,0,ok,28,TRACKING,351,0,0,-1,0,0,0,nan,nan,0,0,nan,nan,
1750922011.094252586,1,-0.715752030,-0.060003025,-1.152263063,0.009051128,0.417404481,-0.016492284,0.908526049,977,481,344,1.274523976,1.163825526,0.721966095,0.770920443,0.227998046,1,0,ok,map,481,344,564,0,ok,23,TRACKING,351,0,0,-1,0,0,0,nan,nan,0,0,nan,nan,
1750922011.106252670,1,-0.734891264,-0.060427923,-1.163795378,0.009258821,0.423874267,-0.016410371,0.905525030,971,479,341,1.312854840,1.194390669,0.786531377,0.817659609,0.118996003,1,0,ok,map,479,341,564,0,ok,29,TRACKING,351,0,0,-1,0,0,0,nan,nan,0,0,nan,nan,
1750922011.118252754,1,-0.751834993,-0.062379530,-1.177321033,0.009492744,0.430064589,-0.015992865,0.902606539,957,475,344,1.375433312,1.299602575,0.700343282,0.788213709,0.121700691,1,0,ok,map,475,344,564,0,ok,43,TRACKING,352,1,0,-1,0,0,0,nan,nan,0,0,nan,nan,
1750922011.130252838,1,-0.773494956,-0.061232185,-1.190317432,0.008351841,0.436147234,-0.016778474,0.899680121,962,528,404,1.161703567,0.988850689,0.723190023,0.789614206,0.116999965,1,0,ok,map,528,404,552,0,ok,38,TRACKING,352,0,0,-1,0,0,0,nan,nan,0,0,nan,nan,
1750922011.142252922,1,-0.786274742,-0.061567672,-1.198870422,0.008576297,0.442207219,-0.017289099,0.896705253,970,522,401,1.239867645,1.117145651,0.705590227,0.776221823,0.073254160,1,0,ok,map,522,401,552,0,ok,30,TRACKING,352,0,0,-1,0,0,0,nan,nan,0,0,nan,nan,
1750922011.154253006,1,-0.802829923,-0.062491319,-1.208859963,0.008335792,0.448233342,-0.018114295,0.893694163,966,515,386,1.236019248,1.111184217,0.738691640,0.778209108,0.134802223,1,0,ok,map,515,386,552,0,ok,34,TRACKING,352,0,0,-1,0,0,0,nan,nan,0,0,nan,nan,
1750922011.166253090,1,-0.819854203,-0.063121754,-1.217068661,0.008748762,0.454640053,-0.017461249,0.890461109,958,502,367,1.304400662,1.153186828,0.791320279,0.827092462,0.272315940,1,0,ok,map,502,367,552,0,ok,42,TRACKING,352,0,0,-1,0,0,0,nan,nan,0,0,nan,nan,
1750922011.178253174,1,-0.836758335,-0.062792393,-1.229232900,0.008641043,0.460943365,-0.017456559,0.887215766,956,491,354,1.307112259,1.189384782,0.714808067,0.808556732,0.272800473,1,0,ok,map,491,354,552,0,ok,44,TRACKING,353,1,7,215,214,1,0,0.008507669,0.006460174,118,100,0.847457627,1.189455153,ok
1750922011.190253258,1,-0.850867279,-0.064456264,-1.227899777,0.008674342,0.467111553,-0.017904077,0.883974545,942,506,378,1.736022029,1.672154697,0.463796016,0.800121825,0.424780318,1,0,ok,map,506,378,560,0,ok,58,TRACKING,353,0,0,-1,0,0,0,nan,nan,0,0,nan,nan,
1750922011.202253342,1,-0.868304125,-0.064338686,-1.237078392,0.008905984,0.473321481,-0.018993781,0.880639935,949,505,376,1.822127504,1.753409693,0.472929998,0.817738773,0.425068183,1,0,ok,map,505,376,560,0,ok,51,TRACKING,353,0,0,-1,0,0,0,nan,nan,0,0,nan,nan,
1750922011.214253426,1,-0.889928464,-0.064905693,-1.247021986,0.010659970,0.479678545,-0.019213038,0.877169150,970,495,349,1.801696257,1.703830705,0.648531068,0.854329113,0.546293265,1,0,ok,map,495,349,560,0,ok,30,TRACKING,353,0,0,-1,0,0,0,nan,nan,0,0,nan,nan,
1750922011.226253510,1,-0.908324109,-0.064829729,-1.256203993,0.010568146,0.486115614,-0.019159648,0.873620531,957,478,342,1.750913318,1.713678354,0.472131574,0.842384979,0.418948964,1,0,ok,map,478,342,560,0,ok,43,TRACKING,353,0,0,-1,0,0,0,nan,nan,0,0,nan,nan,
1750922011.238253593,1,-0.927678088,-0.066227919,-1.266036178,0.010190813,0.492292503,-0.019710621,0.870146959,977,466,330,1.847473549,1.807925113,0.470434780,0.800928732,0.584168675,1,0,ok,map,466,330,560,0,ok,23,TRACKING,354,1,0,-1,0,0,0,nan,nan,0,0,nan,nan,
1750922011.250253677,1,-0.947521910,-0.066202582,-1.275240133,0.008730378,0.498431247,-0.019990554,0.866654747,978,500,405,1.310421863,1.128997408,0.608243522,0.827055634,0.400639283,1,0,ok,map,500,405,593,0,ok,22,TRACKING,354,0,0,-1,0,0,0,nan,nan,0,0,nan,nan,
1750922011.262253761,1,-0.966689266,-0.066362678,-1.282292144,0.008043749,0.504810783,-0.019654902,0.862968746,969,500,385,1.478569164,1.297320096,0.656107447,0.848824675,0.580710764,1,0,ok,map,500,385,593,0,ok,31,TRACKING,354,0,0,-1,0,0,0,nan,nan,0,0,nan,nan,
1750922011.274253845,1,-0.981791467,-0.065512805,-1.289857105,0.007878991,0.510871939,-0.020453223,0.859377361,962,496,378,1.299908034,1.161472779,0.657526481,0.812714576,0.199939370,1,0,ok,map,496,378,593,0,ok,38,TRACKING,354,0,0,-1,0,0,0,nan,nan,0,0,nan,nan,
1750922011.286253929,1,-1.002046543,-0.064880861,-1.298996433,0.009821883,0.516981892,-0.020702932,0.855689571,974,494,369,1.292046968,1.079593837,0.811951296,0.848045270,0.331562864,1,0,ok,map,494,369,593,0,ok,26,TRACKING,354,0,0,-1,0,0,0,nan,nan,0,0,nan,nan,
1750922011.298254013,1,-1.021497677,-0.066880407,-1.305808723,0.010364123,0.523152430,-0.021073597,0.851915503,975,494,366,1.545376072,1.331294268,0.611107382,0.814839866,0.477605079,1,0,ok,map,494,366,593,0,ok,25,TRACKING,355,1,0,-1,0,0,0,nan,nan,0,0,nan,nan,
1750922011.310254097,1,-1.038463222,-0.067618592,-1.313909904,0.010214089,0.529067255,-0.021650876,0.848242154,942,544,412,1.063910113,0.886639602,0.672866440,0.800786058,0.134504784,1,0,ok,map,544,412,637,0,ok,58,TRACKING,355,0,0,-1,0,0,0,nan,nan,0,0,nan,nan,
1750922011.322254181,1,-1.063610514,-0.068500886,-1.322808813,0.008882918,0.534905280,-0.022061697,0.844577241,940,528,407,1.237492771,1.097288249,0.640829649,0.805857445,0.277537385,1,0,ok,map,528,407,637,0,ok,60,TRACKING,355,0,0,-1,0,0,0,nan,nan,0,0,nan,nan,
1750922011.334254265,1,-1.079984626,-0.068493101,-1.328528665,0.007955054,0.540683871,-0.022248575,0.840893971,939,513,381,1.255358267,1.113841106,0.632613699,0.792710563,0.320545890,1,0,ok,map,513,381,637,0,ok,61,TRACKING,355,0,0,-1,0,0,0,nan,nan,0,0,nan,nan,
1750922011.346254349,1,-1.096477122,-0.068075818,-1.333211103,0.008558343,0.546684602,-0.022516614,0.836992057,949,507,382,1.306927141,1.126808037,0.673022419,0.823703154,0.231954941,1,0,ok,map,507,382,637,0,ok,51,TRACKING,355,0,0,-1,0,0,0,nan,nan,0,0,nan,nan,
1750922011.358254433,1,-1.119187115,-0.068758726,-1.341717244,0.009526023,0.552740265,-0.022992140,0.832981882,975,504,378,1.235946033,1.065851975,0.692250736,0.821306064,0.278643762,1,0,ok,map,504,378,637,0,ok,25,TRACKING,356,1,0,-1,0,0,0,nan,nan,0,0,nan,nan,
1750922011.370254517,1,-1.140602242,-0.069791135,-1.348804539,0.008667062,0.558513474,-0.023397174,0.829120108,965,541,425,1.066608033,0.856389125,0.662646094,0.803329354,0.251907974,1,0,ok,map,541,425,664,0,ok,35,TRACKING,356,0,0,-1,0,0,0,nan,nan,0,0,nan,nan,
1750922011.382254601,1,-1.157105018,-0.069222034,-1.353162849,0.007742134,0.564101353,-0.023690268,0.825329325,960,539,424,1.161735947,0.938262345,0.562901651,0.781712743,0.250297942,1,0,ok,map,539,424,664,0,ok,40,TRACKING,356,0,0,-1,0,0,0,nan,nan,0,0,nan,nan,
1750922011.394254684,1,-1.177110515,-0.070270067,-1.360218237,0.007288101,0.569824960,-0.023591057,0.821395070,947,532,408,1.149756934,0.964210093,0.642807435,0.797661232,0.335296937,1,0,ok,map,532,408,664,0,ok,53,TRACKING,356,0,0,-1,0,0,0,nan,nan,0,0,nan,nan,
1750922011.406254768,1,-1.196441488,-0.069276612,-1.365779262,0.007276894,0.575678609,-0.022749724,0.817327129,968,532,387,1.137792898,0.971056590,0.688054777,0.822520969,0.290102993,1,0,ok,map,532,387,664,0,ok,32,TRACKING,356,0,0,-1,0,0,0,nan,nan,0,0,nan,nan,
1750922011.418254852,1,-1.223772932,-0.068331299,-1.372430688,0.007255308,0.581513917,-0.022300000,0.813198398,944,530,378,1.221817850,1.018379211,0.679589066,0.796307499,0.210624926,1,0,ok,map,530,378,664,0,ok,56,TRACKING,357,1,0,-1,0,0,0,nan,nan,0,0,nan,nan,
1750922011.430254936,1,-1.240315971,-0.069162383,-1.376134022,0.007391552,0.586972179,-0.022969120,0.809247456,973,559,424,1.102320124,0.859507547,0.576034816,0.776090524,0.278696328,1,0,ok,map,559,424,643,0,ok,27,TRACKING,357,0,0,-1,0,0,0,nan,nan,0,0,nan,nan,
1750922011.442255020,1,-1.263785956,-0.070788753,-1.380942836,0.006522780,0.592393940,-0.023490929,0.805279485,944,549,411,1.174727256,0.944496262,0.639218443,0.778611579,0.301843397,1,0,ok,map,549,411,643,0,ok,56,TRACKING,357,0,0,-1,0,0,0,nan,nan,0,0,nan,nan,
1750922011.454255104,1,-1.284719660,-0.070833000,-1.386008692,0.006494266,0.598225495,-0.023288225,0.800963008,953,537,406,1.242447489,1.085271759,0.798373862,0.831725924,0.164608238,1,0,ok,map,537,406,643,0,ok,47,TRACKING,357,0,0,-1,0,0,0,nan,nan,0,0,nan,nan,
1750922011.466255188,1,-1.300281327,-0.068217312,-1.388589868,0.006067307,0.603545791,-0.024118175,0.796940386,951,520,384,1.242431806,1.067009719,0.518623597,0.771757889,0.404018381,1,0,ok,map,520,384,643,0,ok,49,TRACKING,357,0,0,-1,0,0,0,nan,nan,0,0,nan,nan,
1750922011.478255272,1,-1.320558294,-0.069754358,-1.393283174,0.007208305,0.609175453,-0.025032966,0.792607506,977,515,381,1.303237665,1.072501998,0.623082968,0.802381722,0.415491111,1,0,ok,map,515,381,643,1,ok,23,TRACKING,358,1,0,-1,0,0,0,nan,nan,0,0,nan,nan,
1750922011.490255356,1,-1.339348635,-0.069137857,-1.397772994,0.007692486,0.614619968,-0.025599300,0.788370342,957,634,499,0.925631889,0.698593244,0.701100826,0.795166795,0.176391937,1,0,ok,map,634,499,730,0,ok,43,TRACKING,358,0,0,-1,0,0,0,nan,nan,0,0,nan,nan,
1750922011.502255440,1,-1.359877989,-0.072089143,-1.400185008,0.008306003,0.620103971,-0.025234480,0.784069702,977,630,486,1.053290073,0.914656701,0.674839159,0.802791341,0.185131800,1,0,ok,map,630,486,730,0,ok,23,TRACKING,358,0,0,-1,0,0,0,nan,nan,0,0,nan,nan,
1750922011.514255524,1,-1.380422511,-0.070783978,-1.403666309,0.006518999,0.625498747,-0.024503574,0.779813051,983,623,476,1.130503407,0.993890539,0.691150066,0.817950258,0.143748280,1,0,ok,map,623,476,730,0,ok,17,TRACKING,358,0,0,-1,0,0,0,nan,nan,0,0,nan,nan,
1750922011.526255608,1,-1.393614948,-0.069759644,-1.405304781,0.005550288,0.630766977,-0.024568823,0.775563400,948,615,446,1.228849229,1.043212907,0.479373666,0.783563486,0.340290009,1,0,ok,map,615,446,730,0,ok,52,TRACKING,358,0,0,-1,0,0,0,nan,nan,0,0,nan,nan,
1750922011.538255692,1,-1.419894492,-0.070355891,-1.406975181,0.005202433,0.636196429,-0.025916444,0.771074170,977,606,428,1.311594326,1.172440924,0.654034148,0.822903392,0.326151742,1,0,ok,map,606,428,730,0,ok,23,TRACKING,358,0,0,-1,0,0,0,nan,nan,0,0,nan,nan,
1750922011.550255775,1,-1.440294575,-0.070626847,-1.410474048,0.006474220,0.642012833,-0.027109425,0.766187109,939,589,431,1.310595313,1.070443853,0.733585135,0.856857863,0.416999466,1,0,ok,map,589,431,730,0,ok,61,TRACKING,359,1,0,-1,0,0,0,nan,nan,0,0,nan,nan,
1750922011.562255859,1,-1.459551702,-0.070477343,-1.412858266,0.008719494,0.647487744,-0.027589902,0.761526355,963,688,531,1.052756415,0.834631371,0.787122360,0.864917002,0.179063735,1,0,ok,map,688,531,791,0,ok,37,TRACKING,359,0,0,-1,0,0,0,nan,nan,0,0,nan,nan,
1750922011.574255943,1,-1.480700921,-0.072186214,-1.414204239,0.009528122,0.652531398,-0.028498775,0.757165642,952,670,496,1.183199173,1.011584912,0.610603732,0.776643225,0.205475283,1,0,ok,map,670,496,791,0,ok,48,TRACKING,359,0,0,-1,0,0,0,nan,nan,0,0,nan,nan,
1750922011.586256027,1,-1.493996675,-0.071179430,-1.417148381,0.007313906,0.657693507,-0.028462034,0.752712209,935,654,473,1.213043308,1.083150286,0.829937179,0.821428446,0.182076748,1,0,ok,map,654,473,791,0,ok,65,TRACKING,359,0,0,-1,0,0,0,nan,nan,0,0,nan,nan,
1750922011.598256111,1,-1.514004754,-0.069780227,-1.415602669,0.006113804,0.662928690,-0.028604483,0.748110926,981,652,471,1.310494597,1.137159915,0.521120705,0.810606218,0.355098145,1,0,ok,map,652,471,791,0,ok,19,TRACKING,359,0,0,-1,0,0,0,nan,nan,0,0,nan,nan,
1750922011.610256195,1,-1.534919022,-0.070015575,-1.416835463,0.007839917,0.668408196,-0.028561502,0.743204723,983,650,462,1.270106083,1.109592608,0.771377609,0.865734502,0.116263730,1,0,ok,map,650,462,791,0,ok,17,TRACKING,359,0,0,-1,0,0,0,nan,nan,0,0,nan,nan,
1750922011.622256279,1,-1.552276870,-0.071110211,-1.416299768,0.008169912,0.673614322,-0.029212769,0.738460298,956,640,452,1.283402239,1.113991727,0.566124538,0.811471491,0.259399113,1,0,ok,map,640,452,791,0,ok,44,TRACKING,359,0,0,-1,0,0,0,nan,nan,0,0,nan,nan,
1750922011.634256363,1,-1.569449412,-0.071498592,-1.417676393,0.008159777,0.678887366,-0.029635887,0.733598717,980,632,436,1.318739450,1.121257669,0.453513436,0.823301189,0.377115383,1,0,ok,map,632,436,791,0,ok,20,TRACKING,359,0,0,-1,0,0,0,nan,nan,0,0,nan,nan,
1750922011.646256447,1,-1.592188439,-0.072539125,-1.417556514,0.007744729,0.683921426,-0.030807504,0.728863773,972,620,424,1.330079149,1.129956971,0.580315387,0.804646579,0.282607605,1,0,ok,map,620,424,791,0,ok,28,TRACKING,359,0,0,-1,0,0,0,nan,nan,0,0,nan,nan,
1750922011.658256531,1,-1.608024227,-0.070831600,-1.415996326,0.006333827,0.689133412,-0.029606529,0.724001711,961,608,412,1.328858073,1.187712604,0.592079639,0.843923694,0.273606049,1,0,ok,map,608,412,791,0,ok,39,TRACKING,359,0,0,-1,0,0,0,nan,nan,0,0,nan,nan,
1750922011.670256615,1,-1.638317487,-0.069097322,-1.416556353,0.007291926,0.694737670,-0.029637260,0.718615357,954,593,403,1.373730060,1.242214440,0.566496952,0.842174362,0.315046904,1,0,ok,map,593,403,791,1,ok,46,TRACKING,360,1,0,-1,0,0,0,nan,nan,0,0,nan,nan,
1750922011.682256699,1,-1.655611596,-0.069267773,-1.415052721,0.008236788,0.699665233,-0.030253053,0.713782508,962,685,503,1.136257412,0.978766994,0.594654179,0.801399602,0.207236017,1,0,ok,map,685,503,837,1,ok,38,TRACKING,360,0,0,-1,0,0,0,nan,nan,0,0,nan,nan,
1750922011.694256783,1,-1.678141830,-0.069203382,-1.413792729,0.008196997,0.704795394,-0.030459614,0.708709020,982,680,509,1.220337877,1.071472781,0.695632441,0.827151910,0.134899604,1,0,ok,map,680,509,837,1,ok,18,TRACKING,360,0,0,-1,0,0,0,nan,nan,0,0,nan,nan,
1750922011.706256866,1,-1.696049975,-0.068956511,-1.411114709,0.008261679,0.709749237,-0.030631332,0.703739644,993,678,500,1.369438213,1.260157479,0.561577464,0.804340747,0.243373414,1,0,ok,map,678,500,837,0,ok,7,TRACKING,360,0,0,-1,0,0,0,nan,nan,0,0,nan,nan,
1750922011.718256950,1,-1.715725440,-0.071761308,-1.409825105,0.008744166,0.714543138,-0.030979424,0.698850427,992,674,478,1.313414825,1.226728633,0.739868019,0.787604015,0.186288654,1,0,ok,map,674,478,837,0,ok,8,TRACKING,360,0,0,-1,0,0,0,nan,nan,0,0,nan,nan,
1750922011.730257034,1,-1.736661206,-0.069261710,-1.405839812,0.007884089,0.719543593,-0.030394268,0.693737016,985,671,471,1.378338122,1.271789329,0.698911451,0.828187823,0.162350456,1,0,ok,map,671,471,837,0,ok,15,TRACKING,360,0,0,-1,0,0,0,nan,nan,0,0,nan,nan,
1750922011.742257118,1,-1.757912158,-0.067447677,-1.403515728,0.008366442,0.724552309,-0.030826397,0.688479258,988,665,453,1.489571697,1.342864467,0.556604093,0.835425814,0.308687339,1,0,ok,map,665,453,837,0,ok,12,TRACKING,360,0,0,-1,0,0,0,nan,nan,0,0,nan,nan,
1750922011.754257202,1,-1.771908431,-0.068896548,-1.402170253,0.009290090,0.729403589,-0.031475414,0.683295980,979,650,438,1.505067981,1.297641504,0.348584105,0.823751982,0.486663948,1,0,ok,map,650,438,837,1,ok,21,TRACKING,360,0,0,-1,0,0,0,nan,nan,0,0,nan,nan,
1750922011.766257286,1,-1.793025786,-0.070891572,-1.398043886,0.010289392,0.733922693,-0.032955387,0.678355034,968,631,409,1.546428934,1.425149905,0.653800240,0.794115123,0.292983408,1,0,ok,map,631,409,837,0,ok,32,TRACKING,360,0,0,-1,0,0,0,nan,nan,0,0,nan,nan,
1750922011.778257370,1,-1.804620073,-0.073819461,-1.397791089,0.009928129,0.738582531,-0.032433043,0.673309271,981,624,393,1.440633512,1.261655970,0.220475880,0.790410658,0.686721310,1,0,ok,map,624,393,837,0,ok,19,TRACKING,360,0,0,-1,0,0,0,nan,nan,0,0,nan,nan,
1750922011.790257454,1,-1.820570631,-0.075023927,-1.392452435,0.008639551,0.743387215,-0.031179909,0.668078304,985,619,386,1.608350459,1.513512775,0.511791309,0.839566153,0.417928281,1,0,ok,map,619,386,837,0,ok,15,TRACKING,360,0,0,-1,0,0,0,nan,nan,0,0,nan,nan,
1750922011.802257538,1,-1.839629478,-0.071390337,-1.388941174,0.007286730,0.747956569,-0.030307451,0.663015334,972,608,396,1.495047596,1.407019106,0.550605714,0.802993023,0.412619758,1,0,ok,map,608,396,837,0,ok,28,TRACKING,360,0,0,-1,0,0,0,nan,nan,0,0,nan,nan,
1750922011.814257622,1,-1.857851698,-0.070036154,-1.386676376,0.008749805,0.753403567,-0.029403419,0.656842405,978,593,356,1.570786065,1.441909810,0.351384088,0.882471014,0.597680095,1,0,ok,map,593,356,837,0,ok,22,TRACKING,361,1,0,-1,0,0,0,nan,nan,0,0,nan,nan,
1750922011.826257706,1,-1.874624053,-0.069973344,-1.382457038,0.010283100,0.758110563,-0.030921138,0.651311382,957,663,443,1.306683468,1.138520894,0.431277992,0.868198545,0.446286032,1,0,ok,map,663,443,914,0,ok,43,TRACKING,361,0,0,-1,0,0,0,nan,nan,0,0,nan,nan,
1750922011.838257790,1,-1.899856039,-0.073265920,-1.378100186,0.011747607,0.762565887,-0.032286547,0.645997555,977,652,416,1.368847736,1.192794480,0.592867815,0.827094063,0.319801876,1,0,ok,map,652,416,914,0,ok,23,TRACKING,361,0,0,-1,0,0,0,nan,nan,0,0,nan,nan,
1750922011.850257874,1,-1.913003599,-0.075896418,-1.374704364,0.009771735,0.767051067,-0.032278972,0.640699026,960,634,393,1.438945518,1.332820500,0.819969973,0.827090762,0.249826378,1,0,ok,map,634,393,914,0,ok,40,TRACKING,361,0,0,-1,0,0,0,nan,nan,0,0,nan,nan,
1750922011.862257957,1,-1.934220007,-0.074558274,-1.367120180,0.007905936,0.771309054,-0.031235360,0.635644705,968,621,390,1.527698706,1.388540420,0.400087227,0.795954785,0.482672054,1,0,ok,map,621,390,914,0,ok,32,TRACKING,361,0,0,-1,0,0,0,nan,nan,0,0,nan,nan,
1750922011.874258041,1,-1.958571024,-0.071152373,-1.361940702,0.008594415,0.775848833,-0.030661791,0.630114734,963,610,381,1.464051721,1.331449870,0.498757715,0.826278919,0.340188441,1,0,ok,map,610,381,914,0,ok,37,TRACKING,361,0,0,-1,0,0,0,nan,nan,0,0,nan,nan,
1750922011.886258125,1,-1.966166576,-0.076362831,-1.353822872,0.008741580,0.780148328,-0.030927652,0.624768478,966,606,364,1.658986481,1.507765371,0.138078470,0.786941443,0.732698442,1,0,ok,map,606,364,914,0,ok,34,TRACKING,361,0,0,-1,0,0,0,nan,nan,0,0,nan,nan,
1750922011.898258209,1,-1.989414875,-0.073955207,-1.349426490,0.008882289,0.785174116,-0.030977729,0.618436005,963,593,353,1.802048313,1.685077107,0.275672953,0.826920784,0.843185388,1,0,ok,map,593,353,914,0,ok,37,TRACKING,362,1,0,-1,0,0,0,nan,nan,0,0,nan,nan,
1750922011.910258293,1,-2.008152728,-0.075373422,-1.344243643,0.008237059,0.789252209,-0.032072575,0.613175710,948,644,426,1.380822695,1.259732786,0.533740577,0.776494027,0.340801518,1,0,ok,map,644,426,952,0,ok,52,TRACKING,362,0,0,-1,0,0,0,nan,nan,0,0,nan,nan,
1750922011.922258377,1,-2.028790187,-0.075286329,-1.336067721,0.006990791,0.793490874,-0.031770612,0.607712094,972,635,415,1.443678247,1.369153475,0.495349533,0.805913184,0.327322185,1,0,ok,map,635,415,952,0,ok,28,TRACKING,362,0,0,-1,0,0,0,nan,nan,0,0,nan,nan,
1750922011.934258461,1,-2.044319637,-0.076793871,-1.328225181,0.007249791,0.797999090,-0.030816183,0.601826600,970,622,397,1.551130130,1.472393184,0.543729393,0.857075344,0.397729978,1,0,ok,map,622,397,952,0,ok,30,TRACKING,362,0,0,-1,0,0,0,nan,nan,0,0,nan,nan,
1750922011.946258545,1,-2.063159855,-0.074959877,-1.320331128,0.006755002,0.802290390,-0.029598803,0.596161396,967,606,388,1.507637140,1.445961354,0.641205286,0.828211243,0.204495340,1,0,ok,map,606,388,952,1,ok,33,TRACKING,362,0,0,-1,0,0,0,nan,nan,0,0,nan,nan,
1750922011.958258629,1,-2.082418873,-0.075435619,-1.314598730,0.007197580,0.807114671,-0.029996265,0.589588269,950,590,378,1.575737235,1.502633833,0.545657134,0.822162745,0.322270381,1,0,ok,map,590,378,952,1,ok,50,TRACKING,363,1,15,21,187,1,0,0.008041755,0.006569071,159,110,0.691823899,1.241663088,ok
1750922011.970258713,1,-2.091935168,-0.073620568,-1.313412330,0.006895250,0.811034430,-0.031068534,0.584132138,959,649,416,1.815483614,1.693422267,0.317210637,0.780361067,0.554513514,1,0,ok,map,649,416,955,0,ok,41,TRACKING,363,0,0,-1,0,0,0,nan,nan,0,0,nan,nan,
1750922011.982258797,1,-2.114817864,-0.073847541,-1.304296885,0.007820593,0.815197665,-0.031029165,0.578298189,963,630,382,1.931519596,1.861918101,0.404008589,0.828121398,0.449591092,1,0,ok,map,630,382,955,0,ok,37,TRACKING,363,0,0,-1,0,0,0,nan,nan,0,0,nan,nan,
1750922011.994258881,1,-2.132716869,-0.073153931,-1.294122254,0.007806298,0.819263991,-0.030134493,0.572570945,960,607,358,1.927972144,1.786013075,0.457808898,0.811395533,0.371051568,1,0,ok,map,607,358,955,0,ok,40,TRACKING,363,0,0,-1,0,0,0,nan,nan,0,0,nan,nan,
1750922012.006258965,1,-2.149400411,-0.073454284,-1.285443738,0.008137500,0.823429157,-0.029226923,0.566607440,959,593,344,1.878079734,1.803855252,0.480641831,0.840867959,0.365605374,1,0,ok,map,593,344,955,0,ok,41,TRACKING,363,0,0,-1,0,0,0,nan,nan,0,0,nan,nan,
1750922012.018259048,1,-2.159910706,-0.075232727,-1.279596198,0.007683409,0.827007290,-0.029981430,0.561338598,960,571,327,1.997891410,1.865587219,0.526757568,0.767216345,0.596459428,1,0,ok,map,571,327,955,0,ok,40,TRACKING,364,1,0,-1,0,0,0,nan,nan,0,0,nan,nan,
1750922012.030259132,1,-2.178555598,-0.077870880,-1.267996572,0.007424394,0.830906607,-0.030288933,0.555537280,959,603,340,1.551889895,1.376897196,0.547779192,0.802319431,0.319558020,1,0,ok,map,603,340,895,0,ok,41,TRACKING,364,0,0,-1,0,0,0,nan,nan,0,0,nan,nan,
1750922012.042259216,1,-2.199210022,-0.076222132,-1.254714168,0.007293680,0.834831238,-0.029272844,0.549678731,962,584,351,1.772577928,1.677482475,0.548307937,0.816540753,0.290009023,1,0,ok,map,584,351,895,0,ok,38,TRACKING,364,0,0,-1,0,0,0,nan,nan,0,0,nan,nan,
1750922012.054259300,1,-2.215211168,-0.074182801,-1.247855651,0.007488006,0.838722719,-0.028324275,0.543770048,926,546,308,1.909180565,1.768216583,0.506515569,0.818298576,0.446256291,1,0,ok,map,546,308,895,0,ok,74,TRACKING,364,0,0,-1,0,0,0,nan,nan,0,0,nan,nan,
1750922012.066259384,1,-2.227743501,-0.075931171,-1.240132645,0.007560795,0.842463234,-0.028623675,0.537939792,938,534,299,1.934355951,1.791219691,0.439846105,0.794562307,0.496594031,1,0,ok,map,534,299,895,0,ok,62,TRACKING,364,0,0,-1,0,0,0,nan,nan,0,0,nan,nan,
1750922012.078259468,1,-2.251796726,-0.074777601,-1.228758819,0.006209573,0.845896280,-0.029206417,0.532510948,924,500,285,1.831827237,1.680675574,0.566103924,0.781344334,0.649073472,1,0,ok,map,500,285,895,0,ok,76,TRACKING,365,1,0,-1,0,0,0,nan,nan,0,0,nan,nan,
1750922012.090259552,1,-2.267790101,-0.076301872,-1.216687267,0.006697552,0.849642505,-0.029183087,0.526508409,929,542,374,1.589535793,1.314596143,0.465342841,0.812740585,0.376732894,1,0,ok,map,542,374,814,0,ok,71,TRACKING,365,0,0,-1,0,0,0,nan,nan,0,0,nan,nan,
1750922012.102259636,1,-2.284748152,-0.073996459,-1.207146753,0.006799049,0.853272431,-0.029029312,0.520612360,952,535,353,1.568161634,1.366020881,0.715531611,0.793697675,0.468792001,1,0,ok,map,535,353,814,0,ok,48,TRACKING,365,0,0,-1,0,0,0,nan,nan,0,0,nan,nan,
1750922012.114259720,1,-2.299426804,-0.076053361,-1.196764643,0.007501596,0.856969321,-0.029291062,0.514479681,949,521,305,1.690628999,1.526973538,0.663228889,0.825051761,0.301268686,1,0,ok,map,521,305,814,0,ok,51,TRACKING,365,0,0,-1,0,0,0,nan,nan,0,0,nan,nan,
1750922012.126259804,1,-2.314275075,-0.075313802,-1.184967750,0.006493077,0.860496148,-0.029896692,0.508537517,927,492,282,1.693007775,1.547835802,0.619402904,0.803219922,0.322902385,1,0,ok,map,492,282,814,0,ok,73,TRACKING,365,0,0,-1,0,0,0,nan,nan,0,0,nan,nan,
1750922012.138259888,1,-2.332284476,-0.077290886,-1.175331155,0.005769658,0.863872351,-0.030380979,0.502760647,915,460,268,1.599434394,1.523938386,0.758259280,0.796784191,0.240207425,1,0,ok,map,460,268,814,0,ok,85,TRACKING,366,1,0,-1,0,0,0,nan,nan,0,0,nan,nan,
1750922012.150259972,1,-2.350850535,-0.077666140,-1.160777714,0.005535177,0.867452383,-0.030404961,0.496559426,944,509,338,1.375521198,1.098074534,0.735020805,0.820971048,0.233176161,1,0,ok,map,509,338,783,0,ok,56,TRACKING,366,0,0,-1,0,0,0,nan,nan,0,0,nan,nan,
1750922012.162260056,1,-2.365397924,-0.077324150,-1.151038805,0.005175750,0.870949859,-0.030189496,0.490416302,948,500,320,1.337598619,1.232416050,0.758144911,0.811467952,0.110435716,1,0,ok,map,500,320,783,0,ok,52,TRACKING,366,0,0,-1,0,0,0,nan,nan,0,0,nan,nan,
1750922012.174260139,1,-2.381680314,-0.073890384,-1.136206339,0.004607843,0.874403283,-0.029946836,0.484252881,955,492,310,1.588803333,1.450610488,0.713731040,0.812675575,0.321704197,1,0,ok,map,492,310,783,0,ok,45,TRACKING,366,0,0,-1,0,0,0,nan,nan,0,0,nan,nan,
1750922012.186260223,1,-2.393934286,-0.078360934,-1.128142268,0.005600712,0.877925382,-0.030700063,0.477779408,943,479,293,1.617308329,1.524194996,0.736912143,0.856486185,0.208512100,1,0,ok,map,479,293,783,0,ok,57,TRACKING,366,0,0,-1,0,0,0,nan,nan,0,0,nan,nan,
1750922012.198260307,1,-2.414975000,-0.075148881,-1.109689285,0.005595221,0.881173227,-0.030329470,0.471786563,942,471,272,1.705828570,1.575751313,0.658288782,0.799379991,0.429044992,1,0,ok,map,471,272,783,0,ok,58,TRACKING,367,1,0,-1,0,0,0,nan,nan,0,0,nan,nan,
1750922012.210260391,1,-2.429958261,-0.077896218,-1.099935203,0.004889344,0.884468087,-0.030408825,0.465583077,951,549,374,1.334228115,1.081908441,0.859767522,0.809020487,0.289169870,1,0,ok,map,549,374,767,0,ok,49,TRACKING,367,0,0,-1,0,0,0,nan,nan,0,0,nan,nan,
1750922012.222260475,1,-2.443432876,-0.076181257,-1.087208415,0.004460081,0.887698121,-0.029542915,0.459455515,939,538,370,1.333276263,1.203479037,0.766192539,0.801439980,0.113539043,1,0,ok,map,538,370,767,0,ok,61,TRACKING,367,0,0,-1,0,0,0,nan,nan,0,0,nan,nan,
1750922012.234260559,1,-2.463548364,-0.076825864,-1.071510081,0.004448162,0.890990473,-0.029079374,0.453067966,945,520,335,1.333446727,1.181955291,0.876605790,0.825183346,0.136297332,1,0,ok,map,520,335,767,0,ok,55,TRACKING,367,0,0,-1,0,0,0,nan,nan,0,0,nan,nan,
1750922012.246260643,1,-2.475079294,-0.076695191,-1.057572749,0.003239488,0.894113241,-0.028825564,0.446900555,955,501,334,1.470556599,1.358429805,0.733879509,0.804708213,0.186245477,1,0,ok,map,501,334,767,0,ok,45,TRACKING,367,0,0,-1,0,0,0,nan,nan,0,0,nan,nan,
1750922012.258260727,1,-2.493456050,-0.077037816,-1.042528527,0.002662218,0.897074530,-0.029322679,0.440897245,959,485,333,1.394952299,1.282256475,0.757032648,0.785405902,0.124324731,1,0,ok,map,485,333,767,0,ok,41,TRACKING,368,1,0,-1,0,0,0,nan,nan,0,0,nan,nan,
1750922012.270260811,1,-2.509060262,-0.076343560,-1.026455625,0.002879631,0.900190204,-0.029379319,0.434495294,957,533,405,1.065984729,0.855183348,0.768804617,0.816283642,0.083364333,1,0,ok,map,533,405,718,0,ok,43,TRACKING,368,0,0,-1,0,0,0,nan,nan,0,0,nan,nan,
1750922012.282260895,1,-2.520871875,-0.076034237,-1.016948300,0.002648389,0.903182493,-0.029540515,0.428230929,960,524,386,1.308910701,1.063188722,0.746434518,0.796190477,0.289870067,1,0,ok,map,524,386,718,0,ok,40,TRACKING,368,0,0,-1,0,0,0,nan,nan,0,0,nan,nan,
1750922012.294260979,1,-2.534993998,-0.075204168,-1.002219524,0.002329554,0.906104973,-0.029639603,0.422006926,963,516,374,1.247284681,1.163006373,0.739883556,0.788859220,0.102134695,1,0,ok,map,516,374,718,0,ok,37,TRACKING,368,0,0,-1,0,0,0,nan,nan,0,0,nan,nan,
1750922012.306261063,1,-2.547390783,-0.076086043,-0.988442759,0.002744197,0.909027008,-0.029589352,0.415676363,951,505,360,1.377416668,1.228052228,0.667101186,0.800411636,0.157711632,1,0,ok,map,505,360,718,0,ok,49,TRACKING,368,0,0,-1,0,0,0,nan,nan,0,0,nan,nan,
1750922012.318261147,1,-2.567465846,-0.077128677,-0.968319297,0.002619709,0.911888349,-0.029115140,0.409396000,942,484,351,1.320419238,1.208990272,0.755558182,0.798207057,0.121720403,1,0,ok,map,484,351,718,0,ok,58,TRACKING,369,1,0,-1,0,0,0,nan,nan,0,0,nan,nan,
1750922012.330261230,1,-2.579146735,-0.074450447,-0.956798820,0.002397887,0.914839316,-0.028457347,0.402806971,951,569,450,1.177946487,1.012551144,0.846760610,0.831129611,0.157075433,1,0,ok,map,569,450,742,0,ok,49,TRACKING,369,0,0,-1,0,0,0,nan,nan,0,0,nan,nan,
1750922012.342261314,1,-2.592107536,-0.075561321,-0.942419404,0.002158109,0.917496060,-0.030112982,0.396597441,951,558,425,1.252081119,1.178018391,0.783867872,0.797341298,0.139392061,1,0,ok,map,558,425,742,0,ok,49,TRACKING,369,0,0,-1,0,0,0,nan,nan,0,0,nan,nan,
1750922012.354261398,1,-2.602837800,-0.074197921,-0.928854618,0.001225480,0.920228113,-0.030603466,0.390182197,971,549,401,1.324258021,1.163904262,0.693383132,0.808094290,0.189489830,1,0,ok,map,549,401,742,0,ok,29,TRACKING,369,0,0,-1,0,0,0,nan,nan,0,0,nan,nan,
1750922012.366261482,1,-2.618889180,-0.076070941,-0.911864255,0.001419234,0.922975488,-0.031047742,0.383601710,957,533,406,1.290716972,1.182502127,0.791717885,0.819037300,0.052032501,1,0,ok,map,533,406,742,0,ok,43,TRACKING,369,0,0,-1,0,0,0,nan,nan,0,0,nan,nan,
1750922012.378261566,1,-2.632582511,-0.075573055,-0.896674578,0.001302772,0.925669332,-0.030868307,0.377069939,952,517,381,1.291592948,1.212659419,0.783409901,0.809241284,0.130140107,1,0,ok,map,517,381,742,0,ok,48,TRACKING,370,1,0,-1,0,0,0,nan,nan,0,0,nan,nan,
1750922012.390261650,1,-2.647131309,-0.077155440,-0.879357837,0.000891397,0.928260481,-0.030811947,0.370651195,942,612,504,1.093856474,0.912135141,0.840555678,0.794632135,0.109527976,1,0,ok,map,612,504,745,0,ok,58,TRACKING,370,0,0,-1,0,0,0,nan,nan,0,0,nan,nan,
1750922012.402261734,1,-2.658895508,-0.075309541,-0.862029378,-0.000032361,0.930797682,-0.030187677,0.364286122,952,603,486,1.144175292,1.001095862,0.774858209,0.795522856,0.095706155,1,0,ok,map,603,486,745,0,ok,48,TRACKING,370,0,0,-1,0,0,0,nan,nan,0,0,nan,nan,
1750922012.414261818,1,-2.671525470,-0.076410178,-0.846047642,0.000031016,0.933405074,-0.030076027,0.357561743,944,588,446,1.165833168,1.060530298,0.771611038,0.826589413,0.058029042,1,0,ok,map,588,446,745,0,ok,56,TRACKING,370,0,0,-1,0,0,0,nan,nan,0,0,nan,nan,
1750922012.426261902,1,-2.680786726,-0.074200540,-0.831669307,-0.000489661,0.935895593,-0.028930161,0.351087234,944,571,443,1.292762784,1.181815431,0.676809079,0.807901137,0.140622216,1,0,ok,map,571,443,745,0,ok,56,TRACKING,370,0,0,-1,0,0,0,nan,nan,0,0,nan,nan,
1750922012.438261986,1,-2.697069569,-0.074146419,-0.812189961,-0.000349962,0.938401185,-0.029521609,0.344284138,940,545,387,1.429980908,1.271300326,0.793940249,0.825010843,0.210815898,1,0,ok,map,545,387,745,0,ok,60,TRACKING,371,1,0,-1,0,0,0,nan,nan,0,0,nan,nan,
1750922012.450262070,1,-2.706895875,-0.074311234,-0.797644052,0.000047567,0.940691631,-0.031260951,0.337819488,952,662,523,1.125517069,0.993481492,0.776163291,0.812076526,0.117135614,1,0,ok,map,662,523,841,0,ok,48,TRACKING,371,0,0,-1,0,0,0,nan,nan,0,0,nan,nan,
1750922012.462262154,1,-2.717797119,-0.076580747,-0.781121609,-0.000755766,0.942973207,-0.031523807,0.331371708,977,654,494,1.305797621,1.251302659,0.651213158,0.789718695,0.140715760,1,0,ok,map,654,494,841,0,ok,23,TRACKING,371,0,0,-1,0,0,0,nan,nan,0,0,nan,nan,
1750922012.474262238,1,-2.727694902,-0.076608773,-0.766764050,-0.001033926,0.945250914,-0.030607645,0.324904313,978,648,460,1.334372346,1.250634161,0.629690968,0.793351478,0.168513511,1,0,ok,map,648,460,841,0,ok,22,TRACKING,371,0,0,-1,0,0,0,nan,nan,0,0,nan,nan,
1750922012.486262321,1,-2.738323708,-0.076672559,-0.747483166,-0.001417003,0.947442383,-0.029952421,0.318518093,980,644,449,1.487763405,1.377078470,0.497305461,0.778570157,0.281584725,1,0,ok,map,644,449,841,0,ok,20,TRACKING,371,0,0,-1,0,0,0,nan,nan,0,0,nan,nan,
1750922012.498262405,1,-2.748787351,-0.074265797,-0.733233537,-0.001772658,0.949604321,-0.029559538,0.312049234,982,643,435,1.474334552,1.421439386,0.616823298,0.783936374,0.201278489,1,0,ok,map,643,435,841,0,ok,18,TRACKING,371,0,0,-1,0,0,0,nan,nan,0,0,nan,nan,
1750922012.510262489,1,-2.758699773,-0.075141749,-0.712100207,-0.002651543,0.951698181,-0.030502304,0.305504748,973,637,435,1.525502445,1.438612411,0.678023078,0.801125227,0.231297622,1,0,ok,map,637,435,841,0,ok,27,TRACKING,371,0,0,-1,0,0,0,nan,nan,0,0,nan,nan,
1750922012.522262573,1,-2.766678065,-0.075122489,-0.701515497,-0.002436822,0.953801593,-0.031451187,0.298776513,972,630,401,1.509506508,1.353527429,0.649134047,0.815455528,0.296282261,1,0,ok,map,630,401,841,0,ok,28,TRACKING,371,0,0,-1,0,0,0,nan,nan,0,0,nan,nan,
1750922012.534262657,1,-2.778593111,-0.074041351,-0.680051291,-0.002954047,0.955822093,-0.031850583,0.292200172,969,618,383,1.569602350,1.416016442,0.586493295,0.791908993,0.372999246,1,0,ok,map,618,383,841,0,ok,31,TRACKING,371,0,0,-1,0,0,0,nan,nan,0,0,nan,nan,
1750922012.546262741,1,-2.788136363,-0.077671769,-0.672695101,-0.002362937,0.957859484,-0.031859733,0.285455046,981,614,359,1.377731717,1.209576597,0.752050490,0.810263623,0.152208678,1,0,ok,map,614,359,841,0,ok,19,TRACKING,371,0,0,-1,0,0,0,nan,nan,0,0,nan,nan,
1750922012.558262825,1,-2.797876841,-0.075398696,-0.647737724,-0.003302269,0.959828137,-0.030874287,0.278865239,984,608,386,1.586184559,1.452828067,0.564728471,0.803406928,0.275737715,1,0,ok,map,608,386,841,0,ok,16,TRACKING,371,0,0,-1,0,0,0,nan,nan,0,0,nan,nan,
1750922012.570262909,1,-2.808404922,-0.075910248,-0.624638933,-0.004141703,0.961662340,-0.031331851,0.272409079,976,599,363,1.780036130,1.678579639,0.525043748,0.776863956,0.412425380,1,0,ok,map,599,363,841,0,ok,24,TRACKING,371,0,0,-1,0,0,0,nan,nan,0,0,nan,nan,
1750922012.582262993,1,-2.818357410,-0.073372268,-0.613989419,-0.004527648,0.963583914,-0.031548765,0.265499938,977,583,358,1.705495460,1.506191310,0.588166920,0.791915648,0.381834807,1,0,ok,map,583,358,841,0,ok,23,TRACKING,372,1,0,-1,0,0,0,nan,nan,0,0,nan,nan,
1750922012.594263077,1,-2.828760260,-0.074576312,-0.592098214,-0.004235373,0.965395150,-0.032154304,0.258767012,945,696,488,1.199671769,1.061556845,0.762522783,0.802674139,0.090492771,1,0,ok,map,696,488,941,0,ok,55,TRACKING,372,0,0,-1,0,0,0,nan,nan,0,0,nan,nan,
1750922012.606263161,1,-2.834262868,-0.072698194,-0.581012386,-0.004124214,0.967221420,-0.032395550,0.251825822,964,677,477,1.245584397,1.106334205,0.690481383,0.823036726,0.146346701,1,0,ok,map,677,477,941,0,ok,36,TRACKING,372,0,0,-1,0,0,0,nan,nan,0,0,nan,nan,
1750922012.618263245,1,-2.843135541,-0.072855432,-0.563849016,-0.004610980,0.968970294,-0.032789252,0.244949326,977,674,480,1.416257062,1.309884689,0.735415662,0.816233989,0.152428356,1,0,ok,map,674,480,941,0,ok,23,TRACKING,372,0,0,-1,0,0,0,nan,nan,0,0,nan,nan,
1750922012.630263329,1,-2.852091325,-0.075484647,-0.543179463,-0.005320907,0.970535268,-0.033660697,0.238537080,981,671,491,1.400200931,1.260487272,0.646932260,0.767246964,0.127623261,1,0,ok,map,671,491,941,0,ok,19,TRACKING,372,0,0,-1,0,0,0,nan,nan,0,0,nan,nan,
1750922012.642263412,1,-2.860043017,-0.074712428,-0.525505048,-0.004963063,0.972257986,-0.032572289,0.231578975,966,660,456,1.384102133,1.230977480,0.717760949,0.831842338,0.158431931,1,0,ok,map,660,456,941,0,ok,34,TRACKING,372,0,0,-1,0,0,0,nan,nan,0,0,nan,nan,
1750922012.654263496,1,-2.866798070,-0.070509744,-0.510253191,-0.005048133,0.973942430,-0.032074261,0.224459130,973,652,428,1.618863633,1.439380098,0.810374990,0.840395002,0.283567812,1,0,ok,map,652,428,941,0,ok,27,TRACKING,372,0,0,-1,0,0,0,nan,nan,0,0,nan,nan,
1750922012.666263580,1,-2.870744700,-0.071593315,-0.496043774,-0.005435657,0.975388033,-0.033904950,0.217805172,959,638,403,1.693145687,1.590606162,0.765884401,0.809204085,0.292361751,1,0,ok,map,638,403,941,0,ok,41,TRACKING,372,0,0,-1,0,0,0,nan,nan,0,0,nan,nan,
1750922012.678263664,1,-2.876177494,-0.072556866,-0.485110050,-0.005873055,0.976874959,-0.034391986,0.210945522,973,631,389,1.733563915,1.560345573,0.605202888,0.807805285,0.311017687,1,0,ok,map,631,389,941,0,ok,27,TRACKING,372,0,0,-1,0,0,0,nan,nan,0,0,nan,nan,
1750922012.690263748,1,-2.884345784,-0.070224701,-0.463232145,-0.006311835,0.978354615,-0.033994801,0.204026373,972,622,380,1.686764118,1.573083608,0.606520674,0.813636378,0.219766372,1,0,ok,map,622,380,941,0,ok,28,TRACKING,372,0,0,-1,0,0,0,nan,nan,0,0,nan,nan,
1750922012.702263832,1,-2.891721527,-0.066891295,-0.446528470,-0.006175773,0.979799261,-0.033732807,0.197021230,973,615,343,1.593125020,1.479299715,0.722321692,0.820321902,0.200966607,1,0,ok,map,615,343,941,0,ok,27,TRACKING,372,0,0,-1,0,0,0,nan,nan,0,0,nan,nan,
1750922012.714263916,1,-2.894485843,-0.068503587,-0.431842908,-0.004936204,0.981236974,-0.034881549,0.189559785,979,607,327,1.842671618,1.701610775,0.736564587,0.892024650,0.351656234,1,0,ok,map,607,327,941,0,ok,21,TRACKING,372,0,0,-1,0,0,0,nan,nan,0,0,nan,nan,
1750922012.726264000,1,-2.904332924,-0.072306742,-0.407376798,-0.005841806,0.982552018,-0.035978795,0.182381280,977,598,326,1.884955968,1.828258927,0.717324161,0.794810186,0.369947586,1,0,ok,map,598,326,941,0,ok,23,TRACKING,373,1,9,31,180,1,0,0.007840626,0.006641468,157,111,0.707006369,1.343784630,ok
1750922012.738264084,1,-2.908700350,-0.069477344,-0.394701388,-0.006574893,0.983827875,-0.036582217,0.175217650,983,733,478,1.520265998,1.215478025,0.691440321,0.840880119,0.439238699,1,0,ok,map,733,478,1052,0,ok,17,TRACKING,373,0,0,-1,0,0,0,nan,nan,0,0,nan,nan,
1750922012.750264168,1,-2.914931832,-0.068063544,-0.373324218,-0.007334790,0.984944946,-0.037286555,0.168639753,982,723,470,1.510213340,1.381518147,0.675999954,0.773728869,0.330818749,1,0,ok,map,723,470,1052,0,ok,18,TRACKING,373,0,0,-1,0,0,0,nan,nan,0,0,nan,nan,
1750922012.762264252,1,-2.921442745,-0.069595881,-0.354336456,-0.006321985,0.986180726,-0.037540963,0.161239834,970,703,452,1.511213521,1.398083488,0.872690087,0.868001538,0.313841107,1,0,ok,map,703,452,1052,0,ok,30,TRACKING,373,0,0,-1,0,0,0,nan,nan,0,0,nan,nan,
1750922012.774264336,1,-2.926411912,-0.067907492,-0.332800985,-0.007043366,0.987253067,-0.037638149,0.154483471,971,690,448,1.451227850,1.378291962,0.742191970,0.788339760,0.170703011,1,0,ok,map,690,448,1052,0,ok,29,TRACKING,373,0,0,-1,0,0,0,nan,nan,0,0,nan,nan,
1750922012.786264420,1,-2.930453647,-0.071997734,-0.314023486,-0.008165174,0.988281585,-0.037368745,0.147771497,977,676,422,1.587421184,1.363182085,0.686657627,0.789265992,0.499421605,1,0,ok,map,676,422,1052,0,ok,23,TRACKING,373,0,0,-1,0,0,0,nan,nan,0,0,nan,nan,
1750922012.798264503,1,-2.935117050,-0.069874371,-0.300979298,-0.008835857,0.989335204,-0.035950911,0.140873400,973,661,414,1.445616307,1.385696150,0.612044838,0.819583252,0.282013758,1,0,ok,map,661,414,1052,0,ok,27,TRACKING,373,0,0,-1,0,0,0,nan,nan,0,0,nan,nan,
1750922012.810264587,1,-2.940190237,-0.069112435,-0.283394340,-0.009183567,0.990329134,-0.034744893,0.134002463,976,651,400,1.394186618,1.264185491,0.809080304,0.808445365,0.133181453,1,0,ok,map,651,400,1052,0,ok,24,TRACKING,373,0,0,-1,0,0,0,nan,nan,0,0,nan,nan,
1750922012.822264671,1,-2.943283115,-0.069805202,-0.257260548,-0.009908383,0.991182639,-0.034835220,0.127457081,981,645,395,1.524123900,1.391152038,0.861900496,0.761013640,0.334415779,1,0,ok,map,645,395,1052,0,ok,19,TRACKING,373,0,0,-1,0,0,0,nan,nan,0,0,nan,nan,
1750922012.834264755,1,-2.943058222,-0.069304731,-0.251122856,-0.010056140,0.992034163,-0.034685660,0.120681389,962,633,369,1.886239061,1.596529846,0.694323323,0.782916911,0.848056650,1,0,ok,map,633,369,1052,0,ok,38,TRACKING,373,0,0,-1,0,0,0,nan,nan,0,0,nan,nan,
1750922012.846264839,1,-2.947287344,-0.068701013,-0.232331760,-0.009627760,0.992836640,-0.034882722,0.113867942,975,626,377,1.717024548,1.508932551,0.807165839,0.788016367,0.571406194,1,0,ok,map,626,377,1052,0,ok,25,TRACKING,373,0,0,-1,0,0,0,nan,nan,0,0,nan,nan,
1750922012.858264923,1,-2.951405788,-0.069844265,-0.219546667,-0.008742154,0.993608558,-0.035086090,0.106932574,965,608,352,1.561080837,1.469553285,0.695385598,0.806394437,0.329606291,1,0,ok,map,608,352,1052,0,ok,35,TRACKING,373,0,0,-1,0,0,0,nan,nan,0,0,nan,nan,
1750922012.870265007,1,-2.953371731,-0.071005451,-0.178790813,-0.009395885,0.994282512,-0.035030289,0.100433474,974,601,334,1.796948354,1.477395303,0.799503004,0.752502315,0.703976919,1,0,ok,map,601,334,1052,0,ok,26,TRACKING,373,0,0,-1,0,0,0,nan,nan,0,0,nan,nan,
1750922012.882265091,1,-2.954740541,-0.067898396,-0.176675567,-0.010755071,0.994948338,-0.034116745,0.093798620,953,581,348,1.646765460,1.516874800,0.639299135,0.786825632,0.539094698,1,0,ok,map,581,348,1052,0,ok,47,TRACKING,374,1,0,-1,0,0,0,nan,nan,0,0,nan,nan,
1750922012.894265175,1,-2.955735889,-0.067555862,-0.160448820,-0.010487038,0.995549957,-0.035022823,0.086854522,975,722,500,1.313522431,1.156436206,0.844216363,0.806023300,0.275689456,1,0,ok,map,722,500,1131,0,ok,25,TRACKING,374,0,0,-1,0,0,0,nan,nan,0,0,nan,nan,
1750922012.906265259,1,-2.958223239,-0.069419879,-0.140413085,-0.009996920,0.996098517,-0.035813564,0.080032456,949,697,483,1.314442180,1.242693351,0.761176682,0.791488274,0.069938149,1,0,ok,map,697,483,1131,0,ok,51,TRACKING,374,0,0,-1,0,0,0,nan,nan,0,0,nan,nan,
1750922012.918265343,1,-2.959616186,-0.069786677,-0.120055959,-0.010124052,0.996654115,-0.035039047,0.073146044,952,668,462,1.455843441,1.358889788,0.725524078,0.796783006,0.165113756,1,0,ok,map,668,462,1131,0,ok,48,TRACKING,374,0,0,-1,0,0,0,nan,nan,0,0,nan,nan,
1750922012.930265427,1,-2.960306566,-0.065506297,-0.103040160,-0.010880458,0.997157849,-0.033802331,0.066447291,968,660,456,1.478503891,1.456866072,0.740796357,0.787510341,0.208301371,1,0,ok,map,660,456,1131,0,ok,32,TRACKING,374,0,0,-1,0,0,0,nan,nan,0,0,nan,nan,
1750922012.942265511,1,-2.960343586,-0.065119620,-0.083288207,-0.010950071,0.997560610,-0.034633417,0.059610843,970,655,447,1.483111804,1.354001605,0.804632544,0.790557051,0.352875280,1,0,ok,map,655,447,1131,0,ok,30,TRACKING,374,0,0,-1,0,0,0,nan,nan,0,0,nan,nan,
1750922012.954265594,1,-2.960947150,-0.065363828,-0.065232066,-0.010923092,0.997949482,-0.034641537,0.052701812,978,651,442,1.418466250,1.303121521,0.749329156,0.792977779,0.184454495,1,0,ok,map,651,442,1131,0,ok,22,TRACKING,374,0,0,-1,0,0,0,nan,nan,0,0,nan,nan,
1750922012.966265678,1,-2.960752837,-0.063879205,-0.042840129,-0.009946077,0.998300969,-0.034884927,0.045599273,972,641,435,1.377893534,1.263939407,0.810185493,0.823016572,0.162681898,1,0,ok,map,641,435,1131,0,ok,28,TRACKING,374,0,0,-1,0,0,0,nan,nan,0,0,nan,nan,
1750922012.978265762,1,-2.960170235,-0.068546185,-0.018098259,-0.010740351,0.998564514,-0.035210992,0.038906839,982,637,412,1.430756488,1.303094157,0.766809539,0.773772989,0.157335634,1,0,ok,map,637,412,1131,0,ok,18,TRACKING,374,0,0,-1,0,0,0,nan,nan,0,0,nan,nan,
1750922012.990265846,1,-2.956841320,-0.064949501,0.004007919,-0.010451156,0.998841656,-0.034369006,0.032013917,988,635,395,1.608137978,1.481039086,0.580792321,0.797066067,0.495189007,1,0,ok,map,635,395,1131,0,ok,12,TRACKING,374,0,0,-1,0,0,0,nan,nan,0,0,nan,nan,
1750922013.002265930,1,-2.957795590,-0.066380446,0.017919552,-0.010948297,0.999060965,-0.033604457,0.025061184,981,626,416,1.552362298,1.526124895,0.696852485,0.803943482,0.153143767,1,0,ok,map,626,416,1131,0,ok,19,TRACKING,374,0,0,-1,0,0,0,nan,nan,0,0,nan,nan,
1750922013.014266014,1,-2.956519006,-0.064338593,0.033131761,-0.010955578,0.999216400,-0.033399452,0.018194471,970,619,386,1.656133397,1.542474295,1.019352881,0.787421455,0.427420295,1,0,ok,map,619,386,1131,0,ok,30,TRACKING,374,0,0,-1,0,0,0,nan,nan,0,0,nan,nan,
1750922013.026266098,1,-2.955033953,-0.062826582,0.052023057,-0.010887867,0.999304910,-0.033863540,0.011154030,962,607,393,1.554025165,1.501731686,0.777462186,0.808628436,0.298558352,1,0,ok,map,607,393,1131,0,ok,38,TRACKING,374,0,0,-1,0,0,0,nan,nan,0,0,nan,nan,
1750922013.038266182,1,-2.951509972,-0.063566808,0.073931237,-0.011042499,0.999329211,-0.034655161,0.004267485,980,602,385,1.601526464,1.480494549,0.749699634,0.794540790,0.333235397,1,0,ok,map,602,385,1131,0,ok,20,TRACKING,375,1,0,-1,0,0,0,nan,nan,0,0,nan,nan,
1750922013.050266266,1,-2.948881270,-0.061706198,0.093996107,-0.010742621,0.999339360,-0.034593038,-0.002959806,966,710,515,1.319939372,1.092865158,0.595565230,0.828932299,0.342688233,1,0,ok,map,710,515,1141,0,ok,34,TRACKING,375,0,0,-1,0,0,0,nan,nan,0,0,nan,nan,
1750922013.062266350,1,-2.947453936,-0.062161734,0.113133063,-0.010694858,0.999282694,-0.035003886,-0.009718336,976,700,502,1.356723414,1.213776897,0.695931820,0.775948124,0.210834418,1,0,ok,map,700,502,1141,0,ok,24,TRACKING,375,0,0,-1,0,0,0,nan,nan,0,0,nan,nan,
1750922013.074266434,1,-2.944696205,-0.062000475,0.136582667,-0.010769913,0.999207840,-0.034520979,-0.016613347,970,680,475,1.414189977,1.310605958,0.749996114,0.792140249,0.202268707,1,0,ok,map,680,475,1141,0,ok,30,TRACKING,375,0,0,-1,0,0,0,nan,nan,0,0,nan,nan,
1750922013.086266518,1,-2.941642325,-0.062610268,0.153719980,-0.010140252,0.999100878,-0.033794413,-0.023506365,961,667,469,1.406034958,1.347541637,0.829849195,0.797623946,0.121385466,1,0,ok,map,667,469,1141,0,ok,39,TRACKING,375,0,0,-1,0,0,0,nan,nan,0,0,nan,nan,
1750922013.098266602,1,-2.937650420,-0.061589049,0.174730892,-0.010151942,0.998924909,-0.033485251,-0.030408914,967,652,469,1.332376968,1.261565011,0.839992649,0.792026240,0.053982126,1,0,ok,map,652,469,1141,0,ok,33,TRACKING,375,0,0,-1,0,0,0,nan,nan,0,0,nan,nan,
1750922013.110266685,1,-2.932618047,-0.058710126,0.195913465,-0.009293126,0.998697840,-0.033523487,-0.037315398,961,634,452,1.378456041,1.240603771,0.814285458,0.797958170,0.198620979,1,0,ok,map,634,452,1141,0,ok,39,TRACKING,375,0,0,-1,0,0,0,nan,nan,0,0,nan,nan,
1750922013.122266769,1,-2.930722052,-0.055380720,0.202973959,-0.009407744,0.998399393,-0.034211190,-0.044042490,946,617,427,1.351023489,1.238984699,0.742058817,0.775752528,0.119972624,1,0,ok,map,617,427,1141,0,ok,54,TRACKING,375,0,0,-1,0,0,0,nan,nan,0,0,nan,nan,
1750922013.134266853,1,-2.924568264,-0.055036762,0.225805703,-0.009647132,0.997985086,-0.036710565,-0.050843244,960,604,410,1.579524222,1.498827875,0.911179136,0.832082476,0.450136301,1,0,ok,map,604,410,1141,0,ok,40,TRACKING,375,0,0,-1,0,0,0,nan,nan,0,0,nan,nan,
1750922013.146266937,1,-2.920912583,-0.059395785,0.247171608,-0.010165983,0.997606923,-0.036997816,-0.057517318,975,595,387,1.632245533,1.589688372,0.813753246,0.769029315,0.071628337,1,0,ok,map,595,387,1141,0,ok,25,TRACKING,376,1,0,-1,0,0,0,nan,nan,0,0,nan,nan,
1750922013.158267021,1,-2.915593347,-0.059029936,0.264380789,-0.009448596,0.997231558,-0.036246988,-0.064234722,974,678,467,1.344682682,1.227350770,0.535405380,0.780089874,0.266348148,1,0,ok,map,678,467,1083,0,ok,26,TRACKING,376,0,0,-1,0,0,0,nan,nan,0,0,nan,nan,
1750922013.170267105,1,-2.910278966,-0.054817139,0.290594323,-0.008787447,0.996803200,-0.035803218,-0.070882233,966,666,459,1.437865468,1.264974928,0.746395434,0.768764333,0.271105106,1,0,ok,map,666,459,1083,0,ok,34,TRACKING,376,0,0,-1,0,0,0,nan,nan,0,0,nan,nan,
1750922013.182267189,1,-2.905746081,-0.058118718,0.305404324,-0.009435887,0.996298218,-0.036082451,-0.077452441,963,651,443,1.386508555,1.323238689,0.554766334,0.759433802,0.211317657,1,0,ok,map,651,443,1083,0,ok,37,TRACKING,376,0,0,-1,0,0,0,nan,nan,0,0,nan,nan,
1750922013.194267273,1,-2.902877192,-0.058437773,0.318251644,-0.009889095,0.995777580,-0.035273096,-0.084172592,971,643,429,1.390728540,1.333192337,0.722794863,0.779661732,0.224475580,1,0,ok,map,643,429,1083,0,ok,29,TRACKING,376,0,0,-1,0,0,0,nan,nan,0,0,nan,nan,
1750922013.206267357,1,-2.895379720,-0.055897841,0.339108860,-0.010453816,0.995236108,-0.034536968,-0.090570440,961,630,431,1.328186250,1.308741088,0.709893241,0.743403318,0.098890490,1,0,ok,map,630,431,1083,0,ok,39,TRACKING,376,0,0,-1,0,0,0,nan,nan,0,0,nan,nan,
1750922013.218267441,1,-2.890620863,-0.057482168,0.357630590,-0.009664833,0.994612053,-0.034739602,-0.097193696,969,621,415,1.333338252,1.233605604,0.819085199,0.768025776,0.207617845,1,0,ok,map,621,415,1083,0,ok,31,TRACKING,376,0,0,-1,0,0,0,nan,nan,0,0,nan,nan,
1750922013.230267525,1,-2.880851904,-0.053634789,0.383500091,-0.009670849,0.993960822,-0.034282487,-0.103793403,957,604,393,1.365977385,1.288215290,0.719154659,0.761748596,0.113646062,1,0,ok,map,604,393,1083,0,ok,43,TRACKING,376,0,0,-1,0,0,0,nan,nan,0,0,nan,nan,
1750922013.242267609,1,-2.877959717,-0.053306770,0.388213372,-0.009894048,0.993235084,-0.034994596,-0.110279433,945,585,400,1.442063242,1.338178391,0.655921210,0.752757046,0.222544684,1,0,ok,map,585,400,1083,0,ok,55,TRACKING,377,1,0,-1,0,0,0,nan,nan,0,0,nan,nan,
1750922013.254267693,1,-2.872027255,-0.053803630,0.405529878,-0.010040944,0.992429230,-0.035761857,-0.117066189,959,710,520,1.148884571,0.930521909,0.827822658,0.788269346,0.133168506,1,0,ok,map,710,520,1061,0,ok,41,TRACKING,377,0,0,-1,0,0,0,nan,nan,0,0,nan,nan,
1750922013.266267776,1,-2.863926576,-0.055019084,0.425453739,-0.010525846,0.991646969,-0.035676528,-0.123501745,974,705,524,1.307424239,1.218894688,0.658439765,0.745029060,0.132091473,1,0,ok,map,705,524,1061,0,ok,26,TRACKING,377,0,0,-1,0,0,0,nan,nan,0,0,nan,nan,
1750922013.278267860,1,-2.857028950,-0.055628211,0.442518347,-0.009672847,0.990867643,-0.035035099,-0.129847185,973,693,495,1.350780509,1.278385575,0.687852086,0.742736687,0.114585307,1,0,ok,map,693,495,1061,0,ok,27,TRACKING,377,0,0,-1,0,0,0,nan,nan,0,0,nan,nan,
1750922013.290267944,1,-2.849291575,-0.054398063,0.461865957,-0.009206622,0.990083582,-0.033902312,-0.136016072,972,681,470,1.357370705,1.282837398,0.743566844,0.726284708,0.108028327,1,0,ok,map,681,470,1061,0,ok,28,TRACKING,377,0,0,-1,0,0,0,nan,nan,0,0,nan,nan,
1750922013.302268028,1,-2.842306476,-0.052823713,0.471900038,-0.009602714,0.989202424,-0.033148263,-0.142434352,962,670,458,1.412178432,1.274285397,0.598829598,0.748769659,0.220699506,1,0,ok,map,670,458,1061,0,ok,38,TRACKING,377,0,0,-1,0,0,0,nan,nan,0,0,nan,nan,
1750922013.314268112,1,-2.836616759,-0.053308016,0.484339739,-0.010424429,0.988207632,-0.033838203,-0.148969740,966,662,459,1.422041638,1.250628164,0.599856152,0.767441078,0.251851736,1,0,ok,map,662,459,1061,0,ok,34,TRACKING,377,0,0,-1,0,0,0,nan,nan,0,0,nan,nan,
1750922013.326268196,1,-2.829339094,-0.054800811,0.500893749,-0.010739393,0.987264563,-0.033921041,-0.155057120,950,640,441,1.390654560,1.261355597,0.581873118,0.706870689,0.166630156,1,0,ok,map,640,441,1061,0,ok,50,TRACKING,377,0,0,-1,0,0,0,nan,nan,0,0,nan,nan,
1750922013.338268280,1,-2.825880306,-0.052082194,0.511886579,-0.009932228,0.986259473,-0.033448502,-0.161476932,960,623,420,1.352746372,1.295049524,0.693591675,0.752292973,0.062498871,1,0,ok,map,623,420,1061,0,ok,40,TRACKING,377,0,0,-1,0,0,0,nan,nan,0,0,nan,nan,
1750922013.350268364,1,-2.817329535,-0.052363863,0.527981594,-0.009869518,0.985237475,-0.033680772,-0.167556903,979,618,407,1.502492351,1.365338412,0.722286244,0.707026426,0.142174978,1,0,ok,map,618,407,1061,0,ok,21,TRACKING,377,0,0,-1,0,0,0,nan,nan,0,0,nan,nan,
1750922013.362268448,1,-2.809736159,-0.052622703,0.544540441,-0.009952695,0.984164303,-0.033324506,-0.173813251,977,611,387,1.516814441,1.445399463,0.647781444,0.728603872,0.181836583,1,0,ok,map,611,387,1061,0,ok,23,TRACKING,377,0,0,-1,0,0,0,nan,nan,0,0,nan,nan,
1750922013.374268532,1,-2.802953412,-0.051217848,0.558763415,-0.009808441,0.983085690,-0.032479117,-0.179976188,985,608,377,1.516588895,1.407423564,0.872970702,0.723660150,0.204121226,1,0,ok,map,608,377,1061,0,ok,15,TRACKING,377,0,0,-1,0,0,0,nan,nan,0,0,nan,nan,
1750922013.386268616,1,-2.798052463,-0.050307877,0.562482186,-0.009569958,0.981850876,-0.032874417,-0.186538323,984,604,385,1.588800505,1.601222401,0.599757830,0.766990722,0.179800206,1,0,ok,map,604,385,1061,0,ok,16,TRACKING,377,0,0,-1,0,0,0,nan,nan,0,0,nan,nan,
1750922013.398268700,1,-2.788848438,-0.050152816,0.579417528,-0.009865562,0.980559388,-0.033561698,-0.193079179,985,597,377,1.556677011,1.522206146,0.623336886,0.768794506,0.150431580,1,0,ok,map,597,377,1061,0,ok,15,TRACKING,378,1,0,-1,0,0,0,nan,nan,0,0,nan,nan,
1750922013.410268784,1,-2.782119776,-0.049463838,0.590839123,-0.010191533,0.979283542,-0.033604801,-0.199425660,977,723,531,1.214886426,1.065245361,0.654838694,0.742760797,0.093055196,1,0,ok,map,723,531,1064,0,ok,23,TRACKING,378,0,0,-1,0,0,0,nan,nan,0,0,nan,nan,
1750922013.422268867,1,-2.776988284,-0.051184809,0.599042104,-0.010087708,0.977933866,-0.033716671,-0.205929063,973,713,498,1.361035443,1.206558204,0.561855741,0.761316910,0.224261017,1,0,ok,map,713,498,1064,0,ok,27,TRACKING,378,0,0,-1,0,0,0,nan,nan,0,0,nan,nan,
1750922013.434268951,1,-2.769235569,-0.048434019,0.614736649,-0.009988231,0.976593276,-0.033176266,-0.212285524,970,701,481,1.385033256,1.262264343,0.905771524,0.747079550,0.174749453,1,0,ok,map,701,481,1064,0,ok,30,TRACKING,378,0,0,-1,0,0,0,nan,nan,0,0,nan,nan,
1750922013.446269035,1,-2.762318488,-0.048925350,0.621412010,-0.009930084,0.975156547,-0.033312004,-0.218772513,974,690,462,1.485448960,1.396814170,0.858381775,0.761557081,0.349628501,1,0,ok,map,690,462,1064,0,ok,26,TRACKING,378,0,0,-1,0,0,0,nan,nan,0,0,nan,nan,
1750922013.458269119,1,-2.757614281,-0.049163892,0.633640841,-0.010382302,0.973652552,-0.033641964,-0.225302317,983,682,445,1.390239775,1.295137034,1.009462431,0.770528280,0.269358282,1,0,ok,map,682,445,1064,0,ok,17,TRACKING,378,0,0,-1,0,0,0,nan,nan,0,0,nan,nan,
1750922013.470269203,1,-2.749080382,-0.049936550,0.641447019,-0.010846687,0.972142789,-0.033268422,-0.231762724,973,672,439,1.396885231,1.338549623,0.687458061,0.763317319,0.179188755,1,0,ok,map,672,439,1064,0,ok,27,TRACKING,378,0,0,-1,0,0,0,nan,nan,0,0,nan,nan,
1750922013.482269287,1,-2.743924919,-0.047214854,0.652169129,-0.010839643,0.970576303,-0.033086210,-0.238263395,975,659,440,1.375842761,1.265413367,0.897890613,0.766531148,0.133840247,1,0,ok,map,659,440,1064,0,ok,25,TRACKING,378,0,0,-1,0,0,0,nan,nan,0,0,nan,nan,
1750922013.494269371,1,-2.739642406,-0.048372056,0.658314531,-0.010866674,0.968968258,-0.033416502,-0.244674819,960,636,422,1.370586892,1.260260686,0.889890673,0.758403539,0.152470685,1,0,ok,map,636,422,1064,0,ok,40,TRACKING,378,0,0,-1,0,0,0,nan,nan,0,0,nan,nan,
1750922013.506269455,1,-2.733422072,-0.048187029,0.663180179,-0.010779370,0.967384353,-0.033250110,-0.250889916,970,620,409,1.452783818,1.292827732,0.461616746,0.735278192,0.283468315,1,0,ok,map,620,409,1064,0,ok,30,TRACKING,378,0,0,-1,0,0,0,nan,nan,0,0,nan,nan,
1750922013.518269539,1,-2.726357256,-0.047694420,0.673201617,-0.011056270,0.965789652,-0.032693079,-0.257019978,981,613,397,1.504848743,1.403078471,0.561189639,0.729326626,0.298461651,1,0,ok,map,613,397,1064,0,ok,19,TRACKING,378,0,0,-1,0,0,0,nan,nan,0,0,nan,nan,
1750922013.530269623,1,-2.722655902,-0.047433731,0.676606152,-0.011405434,0.964233286,-0.032560155,-0.262800157,968,592,375,1.542431033,1.437650059,0.575112671,0.687286196,0.274445232,1,0,ok,map,592,375,1064,0,ok,32,TRACKING,379,1,0,-1,0,0,0,nan,nan,0,0,nan,nan,
1750922013.542269707,1,-2.716829921,-0.047104679,0.682827592,-0.011261980,0.962628461,-0.032714242,-0.268606390,968,685,507,1.297923471,1.139994732,0.504056758,0.690714701,0.237242818,1,0,ok,map,685,507,978,0,ok,32,TRACKING,379,0,0,-1,0,0,0,nan,nan,0,0,nan,nan,
1750922013.554269791,1,-2.712171025,-0.047798750,0.689271580,-0.010991378,0.961039650,-0.032956217,-0.274218651,964,670,500,1.300983116,1.198432010,0.757293946,0.669686039,0.181470972,1,0,ok,map,670,500,978,0,ok,36,TRACKING,379,0,0,-1,0,0,0,nan,nan,0,0,nan,nan,
1750922013.566269875,1,-2.708509772,-0.046379129,0.693400184,-0.011144314,0.959514711,-0.033076756,-0.279487482,977,662,481,1.344387294,1.257725454,0.706911367,0.628939833,0.194132073,1,0,ok,map,662,481,978,0,ok,23,TRACKING,379,0,0,-1,0,0,0,nan,nan,0,0,nan,nan,
1750922013.578269958,1,-2.702545660,-0.047431494,0.699459460,-0.011539424,0.957988560,-0.033283211,-0.284634832,988,660,485,1.426023276,1.348964574,0.536570623,0.617340705,0.109157069,1,0,ok,map,660,485,978,0,ok,12,TRACKING,379,0,0,-1,0,0,0,nan,nan,0,0,nan,nan,
1750922013.590270042,1,-2.699423111,-0.045634159,0.704605546,-0.011592399,0.956549040,-0.032773334,-0.289491724,980,653,451,1.322626024,1.266071288,0.634762204,0.583455111,0.089206871,1,0,ok,map,653,451,978,0,ok,20,TRACKING,379,0,0,-1,0,0,0,nan,nan,0,0,nan,nan,
1750922013.602270126,1,-2.697074068,-0.045844765,0.706586878,-0.011226274,0.955053691,-0.033218917,-0.294351696,973,640,438,1.404431600,1.278963615,0.736953626,0.586413754,0.348212220,1,0,ok,map,640,438,978,0,ok,27,TRACKING,379,0,0,-1,0,0,0,nan,nan,0,0,nan,nan,
1750922013.614270210,1,-2.691062000,-0.047181178,0.712238038,-0.011577211,0.953676101,-0.033414780,-0.298749587,974,625,442,1.416000108,1.314831632,0.545151514,0.530111512,0.189253735,1,0,ok,map,625,442,978,0,ok,26,TRACKING,379,0,0,-1,0,0,0,nan,nan,0,0,nan,nan,
1750922013.626270294,1,-2.689647254,-0.044548578,0.713743130,-0.011661973,0.952321726,-0.033245416,-0.303054569,979,617,418,1.387106254,1.306274724,0.266525004,0.517607716,0.301677830,1,0,ok,map,617,418,978,0,ok,21,TRACKING,379,0,0,-1,0,0,0,nan,nan,0,0,nan,nan,
1750922013.638270378,1,-2.682836978,-0.046190631,0.720378475,-0.011974851,0.950970230,-0.033674252,-0.307210466,991,616,434,1.426695927,1.305232423,0.348035290,0.504461191,0.223868637,1,0,ok,map,616,434,978,0,ok,9,TRACKING,379,0,0,-1,0,0,0,nan,nan,0,0,nan,nan,
1750922013.650270462,1,-2.680409383,-0.045746498,0.721754182,-0.012331832,0.949735463,-0.033427430,-0.311019426,995,612,431,1.491041942,1.359872750,0.295761556,0.461523888,0.319800964,1,0,ok,map,612,431,978,0,ok,5,TRACKING,379,0,0,-1,0,0,0,nan,nan,0,0,nan,nan,
1750922013.662270546,1,-2.678809485,-0.044020863,0.720865995,-0.011986256,0.948507602,-0.033227600,-0.314778628,994,610,409,1.537401969,1.395330096,0.216045116,0.455472519,0.307265285,1,0,ok,map,610,409,978,0,ok,6,TRACKING,379,0,0,-1,0,0,0,nan,nan,0,0,nan,nan,
1750922013.674270630,1,-2.671179539,-0.045991528,0.727684641,-0.012181256,0.947331352,-0.034041351,-0.318207656,987,601,384,1.595838126,1.502697599,0.247768709,0.426336485,0.245685437,1,0,ok,map,601,384,978,0,ok,13,TRACKING,379,0,0,-1,0,0,0,nan,nan,0,0,nan,nan,
1750922013.686270714,1,-2.671300901,-0.046442641,0.726497230,-0.012685464,0.946238739,-0.034135053,-0.321412702,976,584,386,1.591441769,1.517581334,0.239400405,0.392451271,0.189079092,1,0,ok,map,584,386,978,0,ok,24,TRACKING,380,1,0,-1,0,0,0,nan,nan,0,0,nan,nan,
1750922013.698270798,1,-2.668566659,-0.044431332,0.727793364,-0.012770176,0.945190124,-0.033478443,-0.324548525,969,679,528,1.171851415,0.972843593,0.295478884,0.386418299,0.110165192,1,0,ok,map,679,528,942,0,ok,31,TRACKING,380,0,0,-1,0,0,0,nan,nan,0,0,nan,nan,
1750922013.710270882,1,-2.666642527,-0.044027005,0.728875476,-0.012707533,0.944145423,-0.033967544,-0.327527318,989,679,483,1.186867238,1.013623164,0.346273862,0.366115315,0.178580023,1,0,ok,map,679,483,942,0,ok,11,TRACKING,380,0,0,-1,0,0,0,nan,nan,0,0,nan,nan,
1750922013.722270966,1,-2.664725720,-0.045475665,0.730905838,-0.012891518,0.943146141,-0.034367901,-0.330345293,990,679,505,1.201290527,1.026660984,0.300604210,0.346318586,0.078208555,1,0,ok,map,679,505,942,0,ok,10,TRACKING,380,0,0,-1,0,0,0,nan,nan,0,0,nan,nan,
1750922013.734271049,1,-2.663806610,-0.044623974,0.730935629,-0.013136863,0.942206487,-0.033923825,-0.333051847,997,679,485,1.211875147,1.042584083,0.292956214,0.333415902,0.113971056,1,0,ok,map,679,485,942,0,ok,3,TRACKING,380,0,0,-1,0,0,0,nan,nan,0,0,nan,nan,
1750922013.746271133,1,-2.655624619,-0.043451749,0.737287216,-0.013165528,0.941307677,-0.033726167,-0.335602550,994,677,478,1.279281712,1.115140093,0.345393834,0.310748981,0.167976419,1,0,ok,map,677,478,942,0,ok,6,TRACKING,380,0,0,-1,0,0,0,nan,nan,0,0,nan,nan,
1750922013.758271217,1,-2.654403203,-0.043823595,0.737659749,-0.013035830,0.940399054,-0.034270237,-0.338090577,998,677,486,1.294635649,1.147533867,0.289450416,0.310217614,0.066930320,1,0,ok,map,677,486,942,0,ok,2,TRACKING,380,0,0,-1,0,0,0,nan,nan,0,0,nan,nan,
1750922013.770271301,1,-2.653031244,-0.045617158,0.736237105,-0.013113558,0.939516777,-0.034833509,-0.340474504,988,672,491,1.342242216,1.223415877,0.331789739,0.298484997,0.120215296,1,0,ok,map,672,491,942,0,ok,12,TRACKING,380,0,0,-1,0,0,0,nan,nan,0,0,nan,nan,
1750922013.782271385,1,-2.653418531,-0.044605723,0.734761771,-0.013361296,0.938699972,-0.034580856,-0.342736054,991,665,456,1.295928456,1.121055273,0.335139128,0.278506675,0.225524908,1,0,ok,map,665,456,942,0,ok,9,TRACKING,380,0,0,-1,0,0,0,nan,nan,0,0,nan,nan,
1750922013.794271469,1,-2.649765159,-0.044058153,0.736370999,-0.013321004,0.937860193,-0.034348849,-0.345052119,981,649,471,1.305720488,1.169650134,0.258861262,0.283595982,0.053814832,1,0,ok,map,649,471,942,0,ok,19,TRACKING,380,0,0,-1,0,0,0,nan,nan,0,0,nan,nan,
1750922013.806271553,1,-2.644295164,-0.044692073,0.735459923,-0.013377207,0.937048429,-0.034072920,-0.347275578,984,636,457,1.444938908,1.320419527,0.112912857,0.273151994,0.169639438,1,0,ok,map,636,457,942,0,ok,16,TRACKING,380,0,0,-1,0,0,0,nan,nan,0,0,nan,nan,
1750922013.818271637,1,-2.645079136,-0.043815556,0.732993401,-0.013355697,0.936174717,-0.034359985,-0.349596790,994,635,458,1.391743517,1.228709814,0.171322306,0.286118150,0.132654904,1,0,ok,map,635,458,942,0,ok,6,TRACKING,380,0,0,-1,0,0,0,nan,nan,0,0,nan,nan,
1750922013.830271721,1,-2.643480273,-0.044864548,0.730875014,-0.013655273,0.935299079,-0.034926832,-0.351865434,996,635,448,1.423991903,1.234091037,0.158348905,0.288182448,0.162385851,1,0,ok,map,635,448,942,0,ok,4,TRACKING,380,0,0,-1,0,0,0,nan,nan,0,0,nan,nan,
1750922013.842271805,1,-2.641583151,-0.045055477,0.732580953,-0.013933340,0.934431699,-0.034942621,-0.354150075,998,635,434,1.323121167,1.246159038,0.312094601,0.281846444,0.050073186,1,0,ok,map,635,434,942,0,ok,2,TRACKING,380,0,0,-1,0,0,0,nan,nan,0,0,nan,nan,
1750922013.854271889,1,-2.643610008,-0.042990124,0.727659837,-0.013945373,0.933496891,-0.034889974,-0.356611513,995,634,441,1.398111034,1.238027987,0.155288389,0.301779927,0.146893198,1,0,ok,map,634,441,942,0,ok,5,TRACKING,380,0,0,-1,0,0,0,nan,nan,0,0,nan,nan,
1750922013.866271973,1,-2.643094300,-0.043800176,0.724305068,-0.014145956,0.932559948,-0.034948280,-0.359041018,997,633,435,1.425052467,1.321339663,0.119841868,0.299344910,0.198549178,1,0,ok,map,633,435,942,0,ok,3,TRACKING,380,0,0,-1,0,0,0,nan,nan,0,0,nan,nan,
1750922013.878272057,1,-2.639502189,-0.044148337,0.723395755,-0.014176782,0.931563710,-0.034581081,-0.361652073,996,632,432,1.531284919,1.348630239,0.117893970,0.323016014,0.252060042,1,0,ok,map,632,432,942,0,ok,4,TRACKING,380,0,0,-1,0,0,0,nan,nan,0,0,nan,nan,
1750922013.890272141,1,-2.635789769,-0.043925106,0.726172740,-0.014218258,0.930520362,-0.034363533,-0.364347150,995,631,437,1.504314016,1.434000708,0.229166275,0.332138910,0.113966220,1,0,ok,map,631,437,942,0,ok,5,TRACKING,380,0,0,-1,0,0,0,nan,nan,0,0,nan,nan,
1750922013.902272224,1,-2.636548250,-0.043182070,0.723362765,-0.014373090,0.929459507,-0.034786137,-0.366999133,991,627,423,1.511590428,1.423920661,0.203540316,0.331345984,0.202368118,1,0,ok,map,627,423,942,0,ok,9,TRACKING,380,0,0,-1,0,0,0,nan,nan,0,0,nan,nan,
1750922013.914272308,1,-2.635574859,-0.043645876,0.721949837,-0.014370062,0.928400744,-0.035145297,-0.369635452,984,618,395,1.444847313,1.403242621,0.307271041,0.328143686,0.175806933,1,0,ok,map,618,395,942,0,ok,16,TRACKING,380,0,0,-1,0,0,0,nan,nan,0,0,nan,nan,
1750922013.926272392,1,-2.638189055,-0.043134605,0.717591461,-0.014440500,0.927331915,-0.035123566,-0.372308106,970,595,390,1.381743931,1.320753876,0.245909092,0.329954335,0.089498327,1,0,ok,map,595,390,942,0,ok,30,TRACKING,381,1,0,-1,0,0,0,nan,nan,0,0,nan,nan,
1750922013.938272476,1,-2.636715706,-0.043655953,0.715655642,-0.014449853,0.926245294,-0.035073291,-0.375007629,990,679,498,1.106661361,0.937358829,0.311440504,0.333514423,0.066492588,1,0,ok,map,679,498,1013,0,ok,10,TRACKING,381,0,0,-1,0,0,0,nan,nan,0,0,nan,nan,
1750922013.950272560,1,-2.635116351,-0.043535679,0.714150046,-0.014388199,0.925131270,-0.034846992,-0.377770830,994,679,498,1.154360598,0.958906416,0.335330381,0.342461053,0.067916174,1,0,ok,map,679,498,1013,0,ok,6,TRACKING,381,0,0,-1,0,0,0,nan,nan,0,0,nan,nan,
1750922013.962272644,1,-2.633811871,-0.043499082,0.708819223,-0.014417496,0.924015619,-0.034824435,-0.380492485,994,677,525,1.390978959,1.208133859,0.217839114,0.337091207,0.169047108,1,0,ok,map,677,525,1013,0,ok,6,TRACKING,381,0,0,-1,0,0,0,nan,nan,0,0,nan,nan,
1750922013.974272728,1,-2.633345950,-0.043647504,0.706830693,-0.014711404,0.922935462,-0.034992981,-0.383078581,995,677,516,1.327261118,1.204344556,0.241705859,0.323493951,0.113288697,1,0,ok,map,677,516,1013,0,ok,5,TRACKING,381,0,0,-1,0,0,0,nan,nan,0,0,nan,nan,
1750922013.986272812,1,-2.632257438,-0.044373364,0.703309021,-0.014674461,0.921840466,-0.035076182,-0.385699984,993,675,518,1.438692441,1.274478294,0.194585618,0.325711454,0.200326823,1,0,ok,map,675,518,1013,0,ok,7,TRACKING,381,0,0,-1,0,0,0,nan,nan,0,0,nan,nan,
1750922013.998272896,1,-2.635700583,-0.042463043,0.698481507,-0.014563691,0.920776983,-0.034993236,-0.388243636,992,673,488,1.324295279,1.178347871,0.190446658,0.316329109,0.186520836,1,0,ok,map,673,488,1013,0,ok,8,TRACKING,381,0,0,-1,0,0,0,nan,nan,0,0,nan,nan,
1750922014.010272980,1,-2.631702392,-0.043437950,0.696334620,-0.014430438,0.919679503,-0.035109248,-0.390830801,978,657,489,1.434561603,1.303091264,0.144984580,0.322674536,0.198519469,1,0,ok,map,657,489,1013,0,ok,22,TRACKING,381,0,0,-1,0,0,0,nan,nan,0,0,nan,nan,
1750922014.022273064,1,-2.632768650,-0.043589909,0.692932634,-0.014512988,0.918612074,-0.035072667,-0.393333369,989,652,490,1.455855727,1.372032843,0.148309642,0.311941962,0.220023130,1,0,ok,map,652,490,1013,0,ok,11,TRACKING,381,0,0,-1,0,0,0,nan,nan,0,0,nan,nan,
1750922014.034273148,1,-2.630980896,-0.043474547,0.691661151,-0.014769511,0.917569871,-0.035229438,-0.395735114,982,640,482,1.412487003,1.322506073,0.177650747,0.301986334,0.163666043,1,0,ok,map,640,482,1013,0,ok,18,TRACKING,381,0,0,-1,0,0,0,nan,nan,0,0,nan,nan,
1750922014.046273232,1,-2.631108991,-0.044776752,0.689688797,-0.014728790,0.916518335,-0.035430935,-0.398148029,980,622,456,1.348272853,1.220661908,0.223986800,0.302533590,0.163205774,1,0,ok,map,622,456,1013,0,ok,20,TRACKING,381,0,0,-1,0,0,0,nan,nan,0,0,nan,nan,
1750922014.058273315,1,-2.631746134,-0.043415306,0.687340697,-0.014561685,0.915448592,-0.035237165,-0.400624732,990,616,463,1.365776181,1.239284833,0.329559384,0.310538502,0.310340620,1,0,ok,map,616,463,1013,0,ok,10,TRACKING,381,0,0,-1,0,0,0,nan,nan,0,0,nan,nan,
1750922014.070273399,1,-2.630540907,-0.043951802,0.685333273,-0.014552793,0.914415350,-0.035175675,-0.402983196,995,615,446,1.412111625,1.218701550,0.111992582,0.295144100,0.236683103,1,0,ok,map,615,446,1013,0,ok,5,TRACKING,381,0,0,-1,0,0,0,nan,nan,0,0,nan,nan,
1750922014.082273483,1,-2.628526758,-0.044039201,0.681925584,-0.014818294,0.913402926,-0.035186655,-0.405262152,997,614,444,1.708659114,1.445284733,0.454322352,0.287377200,0.572096371,1,0,ok,map,614,444,1013,0,ok,3,TRACKING,381,0,0,-1,0,0,0,nan,nan,0,0,nan,nan,
1750922014.094273567,1,-2.628842152,-0.044018719,0.678624886,-0.014895795,0.912398490,-0.035181486,-0.407516103,997,614,437,1.777671536,1.444771772,0.476207792,0.282909418,0.623163935,1,0,ok,map,614,437,1013,0,ok,3,TRACKING,381,0,0,-1,0,0,0,nan,nan,0,0,nan,nan,
1750922014.106273651,1,-2.633162861,-0.043650233,0.675639777,-0.014871565,0.911385121,-0.035134024,-0.409782380,995,612,449,1.419989127,1.226643819,0.250416007,0.284541904,0.286821671,1,0,ok,map,612,449,1013,0,ok,5,TRACKING,381,0,0,-1,0,0,0,nan,nan,0,0,nan,nan,
1750922014.118273735,1,-2.634288630,-0.043502248,0.669228571,-0.014928755,0.910399380,-0.035004980,-0.411976640,994,608,433,1.756308348,1.463755344,0.463185829,0.276125025,0.623227779,1,0,ok,map,608,433,1013,0,ok,6,TRACKING,381,0,0,-1,0,0,0,nan,nan,0,0,nan,nan,
1750922014.130273819,1,-2.634836753,-0.043137535,0.666504657,-0.014773501,0.909354836,-0.034866327,-0.414294418,998,608,443,1.736912301,1.454587110,0.408637923,0.292298263,0.574721519,1,0,ok,map,608,443,1013,0,ok,2,TRACKING,381,0,0,-1,0,0,0,nan,nan,0,0,nan,nan,
1750922014.142273903,1,-2.631597367,-0.043300607,0.666816727,-0.014790818,0.908333998,-0.034764473,-0.416535725,999,607,420,1.582294054,1.480312425,0.078106709,0.282468688,0.295964689,1,0,ok,map,607,420,1013,0,ok,1,TRACKING,381,0,0,-1,0,0,0,nan,nan,0,0,nan,nan,
1750922014.154273987,1,-2.633644118,-0.043602602,0.666829808,-0.014872620,0.907353348,-0.034984779,-0.418646357,993,603,415,1.397342989,1.297495778,0.156306791,0.268047958,0.171017307,1,0,ok,map,603,415,1013,0,ok,7,TRACKING,381,0,0,-1,0,0,0,nan,nan,0,0,nan,nan,
1750922014.166274071,1,-2.633682781,-0.043629013,0.663050114,-0.015018869,0.906385749,-0.035063085,-0.420725430,996,600,424,1.504762452,1.389410622,0.074942951,0.263468765,0.222433488,1,0,ok,map,600,424,1013,0,ok,4,TRACKING,381,0,0,-1,0,0,0,nan,nan,0,0,nan,nan,
1750922014.178274155,1,-2.636714956,-0.043369802,0.659601601,-0.015083319,0.905435535,-0.034999211,-0.422769489,993,597,412,1.440728859,1.343088266,0.210648310,0.258513125,0.240322207,1,0,ok,map,597,412,1013,0,ok,7,TRACKING,381,0,0,-1,0,0,0,nan,nan,0,0,nan,nan,
1750922014.190274239,1,-2.631456341,-0.043617685,0.658317424,-0.014969678,0.904506072,-0.034830239,-0.424772325,986,584,394,1.587340799,1.449786150,0.053224318,0.254091647,0.296777002,1,0,ok,map,584,394,1013,0,ok,14,TRACKING,382,1,0,-1,0,0,0,nan,nan,0,0,nan,nan,
1750922014.202274323,1,-2.635704611,-0.042890562,0.653129641,-0.014984454,0.903576131,-0.034591235,-0.426765847,985,650,533,1.167280760,0.995614671,0.186925041,0.253562564,0.129616990,1,0,ok,map,650,533,1008,0,ok,15,TRACKING,382,0,0,-1,0,0,0,nan,nan,0,0,nan,nan,
1750922014.214274406,1,-2.638938794,-0.042145674,0.648585819,-0.014989068,0.902642258,-0.034485469,-0.428745886,997,647,517,1.194899454,1.036876324,0.147657239,0.251159001,0.164646767,1,0,ok,map,647,517,1008,0,ok,3,TRACKING,382,0,0,-1,0,0,0,nan,nan,0,0,nan,nan,
1750922014.226274490,1,-2.641005575,-0.041921426,0.643725767,-0.015112231,0.901770614,-0.034440084,-0.430575500,1000,647,512,1.286099069,1.143032953,0.174465848,0.232721937,0.224517552,1,0,ok,map,647,512,1008,0,ok,0,TRACKING,382,0,0,-1,0,0,0,nan,nan,0,0,nan,nan,
1750922014.238274574,1,-2.636145253,-0.043496927,0.645180902,-0.015064646,0.900861772,-0.034596177,-0.432462980,996,646,516,1.305671925,1.094731878,0.162834224,0.240784190,0.201448204,1,0,ok,map,646,516,1008,0,ok,4,TRACKING,382,0,0,-1,0,0,0,nan,nan,0,0,nan,nan,
1750922014.250274658,1,-2.641731883,-0.042984241,0.640477559,-0.014872145,0.899919685,-0.034529150,-0.434431948,999,646,505,1.261444124,1.081914998,0.271005419,0.251212240,0.242642762,1,0,ok,map,646,505,1008,0,ok,1,TRACKING,382,0,0,-1,0,0,0,nan,nan,0,0,nan,nan,
1750922014.262274742,1,-2.644923866,-0.041909640,0.636147682,-0.014825598,0.898973881,-0.034357967,-0.436400840,996,645,467,1.251712600,1.122364628,0.282461047,0.251124244,0.285652335,1,0,ok,map,645,467,1008,0,ok,4,TRACKING,382,0,0,-1,0,0,0,nan,nan,0,0,nan,nan,
1750922014.274274826,1,-2.647336561,-0.041440843,0.632934412,-0.014838518,0.898035804,-0.034369646,-0.438326636,997,645,455,1.264277093,1.144680453,0.279299619,0.245477020,0.295850470,1,0,ok,map,645,455,1008,0,ok,3,TRACKING,382,0,0,-1,0,0,0,nan,nan,0,0,nan,nan,
1750922014.286274910,1,-2.640251279,-0.043443200,0.634263595,-0.015050668,0.897160049,-0.034657103,-0.440086593,995,644,507,1.388316068,1.233070003,0.249091376,0.228954934,0.246529097,1,0,ok,map,644,507,1008,0,ok,5,TRACKING,382,0,0,-1,0,0,0,nan,nan,0,0,nan,nan,
1750922014.298274994,1,-2.641234638,-0.043493710,0.631599315,-0.015204851,0.896326370,-0.034639821,-0.441778149,997,644,511,1.421257464,1.284989265,0.217510602,0.216831108,0.229830241,1,0,ok,map,644,511,1008,0,ok,3,TRACKING,382,0,0,-1,0,0,0,nan,nan,0,0,nan,nan,
1750922014.310275078,1,-2.640699921,-0.043242386,0.629833584,-0.015067884,0.895495793,-0.034398612,-0.443482784,995,641,474,1.356831691,1.254268175,0.221694739,0.219603040,0.208597838,1,0,ok,map,641,474,1008,0,ok,5,TRACKING,382,0,0,-1,0,0,0,nan,nan,0,0,nan,nan,
1750922014.322275162,1,-2.642511963,-0.043188419,0.631688472,-0.015058335,0.894715757,-0.034228246,-0.445067846,999,641,461,1.224607653,1.134425076,0.349577612,0.203379696,0.240459892,1,0,ok,map,641,461,1008,0,ok,1,TRACKING,382,0,0,-1,0,0,0,nan,nan,0,0,nan,nan,
1750922014.334275246,1,-2.643800161,-0.042983262,0.624820924,-0.014981334,0.893920909,-0.034010913,-0.446681348,998,641,479,1.470209484,1.336427263,0.182831708,0.207797590,0.281705064,1,0,ok,map,641,479,1008,0,ok,2,TRACKING,382,0,0,-1,0,0,0,nan,nan,0,0,nan,nan,
1750922014.346275330,1,-2.643779777,-0.042777882,0.622502205,-0.014841734,0.893135203,-0.033943266,-0.448260066,1000,641,456,1.526992198,1.380315572,0.253043115,0.202854594,0.376985918,1,0,ok,map,641,456,1008,0,ok,0,TRACKING,382,0,0,-1,0,0,0,nan,nan,0,0,nan,nan,
1750922014.358275414,1,-2.649928113,-0.042305400,0.617240148,-0.014820511,0.892407040,-0.034222455,-0.449687503,988,630,456,1.433330361,1.306475850,0.225794662,0.186407576,0.295734465,1,0,ok,map,630,456,1008,0,ok,12,TRACKING,382,0,0,-1,0,0,0,nan,nan,0,0,nan,nan,
1750922014.370275497,1,-2.639516422,-0.044831570,0.626308549,-0.014575597,0.891760161,-0.034621508,-0.450946469,995,626,445,1.371241924,1.264736924,0.266639487,0.170840422,0.221945895,1,0,ok,map,626,445,1008,0,ok,5,TRACKING,382,0,0,-1,0,0,0,nan,nan,0,0,nan,nan,
1750922014.382275581,1,-2.643264525,-0.043883908,0.618623059,-0.014565992,0.891461761,-0.034991667,-0.451507855,977,609,429,1.590800164,1.520745209,0.237522243,0.084309030,0.301381034,1,0,ok,map,609,429,1008,0,ok,23,TRACKING,382,0,0,-1,0,0,0,nan,nan,0,0,nan,nan,
1750922014.394275665,1,-2.648401597,-0.044612699,0.613866503,-0.014772353,0.891325032,-0.035155078,-0.451758327,946,587,236,1.742076363,1.614600511,0.424622134,0.044487424,0.453024809,1,0,ok,map,587,236,1008,0,ok,54,TRACKING,383,1,0,-1,0,0,0,nan,nan,0,0,nan,nan,
1750922014.406275749,0,-2.648401597,-0.044612699,0.613866503,-0.014772353,0.891325032,-0.035155078,-0.451758327,944,198,53,3.954193405,3.948499111,0.933805436,0.062114803,0.944771210,1,0,PnP reprojection error too high: 3.948,none,581,38,919,0,PnP inlier ratio too low: 0.065,56,LOST,383,0,0,-1,0,0,0,nan,nan,0,0,nan,nan,
1750922014.418275833,0,-2.648401597,-0.044612699,0.613866503,-0.014772353,0.891325032,-0.035155078,-0.451758327,894,254,35,nan,nan,nan,nan,nan,0,0,PnP inlier ratio too low: 0.138,none,498,14,919,0,PnP inlier ratio too low: 0.028,106,LOST,383,0,0,-1,0,0,0,nan,nan,0,0,nan,nan,
1750922014.430275917,0,-2.648401597,-0.044612699,0.613866503,-0.014772353,0.891325032,-0.035155078,-0.451758327,848,37,6,nan,nan,nan,nan,nan,0,0,too few PnP inliers: 6,none,447,9,919,0,too few PnP inliers: 9,60,LOST,383,0,0,-1,0,0,0,nan,nan,0,0,nan,nan,
1750922014.442276001,1,-2.536175820,-0.015455855,0.687100967,-0.014978078,0.891384050,-0.035138688,-0.451636363,368,34,15,2.381858234,2.683325749,0.464279085,0.028290292,0.449078247,1,0,ok,vo_fallback,219,6,919,0,too few PnP inliers: 6,52,TRACKING,383,0,0,-1,0,0,0,nan,nan,0,0,nan,nan,
1750922014.454276085,1,-2.560173151,-0.038983575,0.685865368,-0.014984578,0.891437063,-0.035013757,-0.451541208,323,27,18,0.876242018,0.901448318,0.231866783,0.019008032,0.234105028,1,0,ok,vo_fallback,160,0,919,0,solvePnPRansac cv2 error,125,TRACKING,384,1,0,-1,0,0,0,nan,nan,0,0,nan,nan,
1750922014.466276169,0,-2.560173151,-0.038983575,0.685865368,-0.014984578,0.891437063,-0.035013757,-0.451541208,389,20,14,1.655082600,1.642397266,5.483709768,0.020850460,5.488665451,0,0,translation step too large: 1.663,none,135,6,808,0,too few PnP inliers: 6,196,LOST,384,0,0,-1,0,0,0,nan,nan,0,0,nan,nan,
1750922014.478276253,1,-2.472016150,0.009000289,0.689020160,-0.014946062,0.891503946,-0.034939797,-0.451416150,563,24,15,1.793463787,0.936822019,1.705230613,0.018852421,1.713969757,1,0,ok,vo_fallback,131,7,808,0,too few PnP inliers: 7,143,TRACKING,384,0,0,-1,0,0,0,nan,nan,0,0,nan,nan,
1750922014.490276337,0,-2.472016150,0.009000289,0.689020160,-0.014946062,0.891503946,-0.034939797,-0.451416150,623,19,14,37.984800480,14.777152202,172.246889280,0.022985853,172.233589263,0,0,PnP reprojection error too high: 14.777,none,124,0,808,0,solvePnPRansac failed,31,LOST,384,0,0,-1,0,0,0,nan,nan,0,0,nan,nan,
1750922014.502276421,0,-2.472016150,0.009000289,0.689020160,-0.014946062,0.891503946,-0.034939797,-0.451416150,274,12,0,nan,nan,nan,nan,nan,0,0,not enough PnP correspondences,none,76,9,808,0,too few PnP inliers: 9,34,LOST,384,0,0,-1,0,0,0,nan,nan,0,0,nan,nan,
1750922014.514276505,0,-2.472016150,0.009000289,0.689020160,-0.014946062,0.891503946,-0.034939797,-0.451416150,207,2,0,nan,nan,nan,nan,nan,0,0,not enough PnP correspondences,none,60,8,808,1,too few PnP inliers: 8,37,LOST,384,0,0,-1,0,0,0,nan,nan,0,0,nan,nan,
1750922014.526276588,0,-2.472016150,0.009000289,0.689020160,-0.014946062,0.891503946,-0.034939797,-0.451416150,188,4,0,nan,nan,nan,nan,nan,0,0,not enough PnP correspondences,none,56,6,808,1,too few PnP inliers: 6,11,LOST,384,0,0,-1,0,0,0,nan,nan,0,0,nan,nan,
1750922014.538276672,0,-2.472016150,0.009000289,0.689020160,-0.014946062,0.891503946,-0.034939797,-0.451416150,95,0,0,nan,nan,nan,nan,nan,0,0,not enough PnP correspondences,none,25,0,808,1,solvePnPRansac cv2 error,0,LOST,384,0,0,-1,0,0,0,nan,nan,0,0,nan,nan,
1750922014.550276756,0,-2.472016150,0.009000289,0.689020160,-0.014946062,0.891503946,-0.034939797,-0.451416150,0,0,0,nan,nan,nan,nan,nan,0,0,not enough PnP correspondences,none,0,0,808,0,not enough map correspondences,0,LOST,384,0,0,-1,0,0,0,nan,nan,0,0,nan,nan,
1750922014.562276840,0,-2.472016150,0.009000289,0.689020160,-0.014946062,0.891503946,-0.034939797,-0.451416150,0,0,0,nan,nan,nan,nan,nan,0,0,not enough PnP correspondences,none,0,0,808,0,not enough map correspondences,0,LOST,384,0,0,-1,0,0,0,nan,nan,0,0,nan,nan,
1750922014.574276924,0,-2.472016150,0.009000289,0.689020160,-0.014946062,0.891503946,-0.034939797,-0.451416150,0,0,0,nan,nan,nan,nan,nan,0,0,not enough PnP correspondences,none,0,0,808,0,not enough map correspondences,1,LOST,384,0,0,-1,0,0,0,nan,nan,0,0,nan,nan,
1750922014.586277008,0,-2.472016150,0.009000289,0.689020160,-0.014946062,0.891503946,-0.034939797,-0.451416150,1,0,0,nan,nan,nan,nan,nan,0,0,not enough PnP correspondences,none,0,0,808,0,not enough map correspondences,0,LOST,384,0,0,-1,0,0,0,nan,nan,0,0,nan,nan,
1750922014.598277092,0,-2.472016150,0.009000289,0.689020160,-0.014946062,0.891503946,-0.034939797,-0.451416150,0,0,0,nan,nan,nan,nan,nan,0,0,not enough PnP correspondences,none,0,0,808,0,not enough map correspondences,0,LOST,384,0,0,-1,0,0,0,nan,nan,0,0,nan,nan,
1750922014.610277176,0,-2.472016150,0.009000289,0.689020160,-0.014946062,0.891503946,-0.034939797,-0.451416150,0,0,0,nan,nan,nan,nan,nan,0,0,not enough PnP correspondences,none,0,0,808,0,not enough map correspondences,0,LOST,384,0,0,-1,0,0,0,nan,nan,0,0,nan,nan,
1750922014.622277260,0,-2.472016150,0.009000289,0.689020160,-0.014946062,0.891503946,-0.034939797,-0.451416150,0,0,0,nan,nan,nan,nan,nan,0,0,not enough PnP correspondences,none,0,0,808,0,not enough map correspondences,0,LOST,384,0,0,-1,0,0,0,nan,nan,0,0,nan,nan,
1750922014.634277344,0,-2.472016150,0.009000289,0.689020160,-0.014946062,0.891503946,-0.034939797,-0.451416150,0,0,0,nan,nan,nan,nan,nan,0,0,not enough PnP correspondences,none,0,0,808,0,not enough map correspondences,0,LOST,384,0,0,-1,0,0,0,nan,nan,0,0,nan,nan,
1750922014.646277428,0,-2.472016150,0.009000289,0.689020160,-0.014946062,0.891503946,-0.034939797,-0.451416150,0,0,0,nan,nan,nan,nan,nan,0,0,not enough PnP correspondences,none,0,0,808,0,not enough map correspondences,0,LOST,384,0,0,-1,0,0,0,nan,nan,0,0,nan,nan,
1750922014.658277512,0,-2.472016150,0.009000289,0.689020160,-0.014946062,0.891503946,-0.034939797,-0.451416150,0,0,0,nan,nan,nan,nan,nan,0,0,not enough PnP correspondences,none,0,0,808,0,not enough map correspondences,0,LOST,384,0,0,-1,0,0,0,nan,nan,0,0,nan,nan,
1750922014.670277596,0,-2.472016150,0.009000289,0.689020160,-0.014946062,0.891503946,-0.034939797,-0.451416150,0,0,0,nan,nan,nan,nan,nan,0,0,not enough PnP correspondences,none,0,0,808,0,not enough map correspondences,0,LOST,384,0,0,-1,0,0,0,nan,nan,0,0,nan,nan,
1750922014.682277679,0,-2.472016150,0.009000289,0.689020160,-0.014946062,0.891503946,-0.034939797,-0.451416150,0,0,0,nan,nan,nan,nan,nan,0,0,not enough PnP correspondences,none,0,0,808,0,not enough map correspondences,0,LOST,384,0,0,-1,0,0,0,nan,nan,0,0,nan,nan,
1750922014.694277763,0,-2.472016150,0.009000289,0.689020160,-0.014946062,0.891503946,-0.034939797,-0.451416150,0,0,0,nan,nan,nan,nan,nan,0,0,not enough PnP correspondences,none,0,0,808,0,not enough map correspondences,0,LOST,384,0,0,-1,0,0,0,nan,nan,0,0,nan,nan,
1750922014.706277847,0,-2.472016150,0.009000289,0.689020160,-0.014946062,0.891503946,-0.034939797,-0.451416150,0,0,0,nan,nan,nan,nan,nan,0,0,not enough PnP correspondences,none,0,0,808,0,not enough map correspondences,0,LOST,384,0,0,-1,0,0,0,nan,nan,0,0,nan,nan,
1750922014.718277931,0,-2.472016150,0.009000289,0.689020160,-0.014946062,0.891503946,-0.034939797,-0.451416150,0,0,0,nan,nan,nan,nan,nan,0,0,not enough PnP correspondences,none,0,0,808,0,not enough map correspondences,0,LOST,384,0,0,-1,0,0,0,nan,nan,0,0,nan,nan,
1750922014.730278015,0,-2.472016150,0.009000289,0.689020160,-0.014946062,0.891503946,-0.034939797,-0.451416150,0,0,0,nan,nan,nan,nan,nan,0,0,not enough PnP correspondences,none,0,0,808,0,not enough map correspondences,0,LOST,384,0,0,-1,0,0,0,nan,nan,0,0,nan,nan,
1750922014.742278099,0,-2.472016150,0.009000289,0.689020160,-0.014946062,0.891503946,-0.034939797,-0.451416150,0,0,0,nan,nan,nan,nan,nan,0,0,not enough PnP correspondences,none,0,0,808,0,not enough map correspondences,0,LOST,384,0,0,-1,0,0,0,nan,nan,0,0,nan,nan,
1750922014.754278183,0,-2.472016150,0.009000289,0.689020160,-0.014946062,0.891503946,-0.034939797,-0.451416150,0,0,0,nan,nan,nan,nan,nan,0,0,not enough PnP correspondences,none,0,0,808,0,not enough map correspondences,0,LOST,384,0,0,-1,0,0,0,nan,nan,0,0,nan,nan,
1750922014.766278267,0,-2.472016150,0.009000289,0.689020160,-0.014946062,0.891503946,-0.034939797,-0.451416150,0,0,0,nan,nan,nan,nan,nan,0,0,not enough PnP correspondences,none,0,0,808,0,not enough map correspondences,0,LOST,384,0,0,-1,0,0,0,nan,nan,0,0,nan,nan,
1750922014.778278351,0,-2.472016150,0.009000289,0.689020160,-0.014946062,0.891503946,-0.034939797,-0.451416150,0,0,0,nan,nan,nan,nan,nan,0,0,not enough PnP correspondences,none,0,0,808,0,not enough map correspondences,0,LOST,384,0,0,-1,0,0,0,nan,nan,0,0,nan,nan,
1750922014.790278435,0,-2.472016150,0.009000289,0.689020160,-0.014946062,0.891503946,-0.034939797,-0.451416150,0,0,0,nan,nan,nan,nan,nan,0,0,not enough PnP correspondences,none,0,0,808,0,not enough map correspondences,0,LOST,384,0,0,-1,0,0,0,nan,nan,0,0,nan,nan,
1750922014.802278519,0,-2.472016150,0.009000289,0.689020160,-0.014946062,0.891503946,-0.034939797,-0.451416150,0,0,0,nan,nan,nan,nan,nan,0,0,not enough PnP correspondences,none,0,0,808,0,not enough map correspondences,0,LOST,384,0,0,-1,0,0,0,nan,nan,0,0,nan,nan,
1750922014.814278603,0,-2.472016150,0.009000289,0.689020160,-0.014946062,0.891503946,-0.034939797,-0.451416150,0,0,0,nan,nan,nan,nan,nan,0,0,not enough PnP correspondences,none,0,0,808,0,not enough map correspondences,0,LOST,384,0,0,-1,0,0,0,nan,nan,0,0,nan,nan,
1750922014.826278687,0,-2.472016150,0.009000289,0.689020160,-0.014946062,0.891503946,-0.034939797,-0.451416150,0,0,0,nan,nan,nan,nan,nan,0,0,not enough PnP correspondences,none,0,0,808,0,not enough map correspondences,0,LOST,384,0,0,-1,0,0,0,nan,nan,0,0,nan,nan,
1750922014.838278770,0,-2.472016150,0.009000289,0.689020160,-0.014946062,0.891503946,-0.034939797,-0.451416150,0,0,0,nan,nan,nan,nan,nan,0,0,not enough PnP correspondences,none,0,0,808,0,not enough map correspondences,0,LOST,384,0,0,-1,0,0,0,nan,nan,0,0,nan,nan,
1750922014.850278854,0,-2.472016150,0.009000289,0.689020160,-0.014946062,0.891503946,-0.034939797,-0.451416150,0,0,0,nan,nan,nan,nan,nan,0,0,not enough PnP correspondences,none,0,0,808,0,not enough map correspondences,0,LOST,384,0,0,-1,0,0,0,nan,nan,0,0,nan,nan,
1750922014.862278938,0,-2.472016150,0.009000289,0.689020160,-0.014946062,0.891503946,-0.034939797,-0.451416150,0,0,0,nan,nan,nan,nan,nan,0,0,not enough PnP correspondences,none,0,0,808,0,not enough map correspondences,0,LOST,384,0,0,-1,0,0,0,nan,nan,0,0,nan,nan,
1750922014.874279022,0,-2.472016150,0.009000289,0.689020160,-0.014946062,0.891503946,-0.034939797,-0.451416150,0,0,0,nan,nan,nan,nan,nan,0,0,not enough PnP correspondences,none,0,0,808,0,not enough map correspondences,0,LOST,384,0,0,-1,0,0,0,nan,nan,0,0,nan,nan,
1750922014.886279106,0,-2.472016150,0.009000289,0.689020160,-0.014946062,0.891503946,-0.034939797,-0.451416150,0,0,0,nan,nan,nan,nan,nan,0,0,not enough PnP correspondences,none,0,0,808,0,not enough map correspondences,0,LOST,384,0,0,-1,0,0,0,nan,nan,0,0,nan,nan,
1750922014.898279190,0,-2.472016150,0.009000289,0.689020160,-0.014946062,0.891503946,-0.034939797,-0.451416150,0,0,0,nan,nan,nan,nan,nan,0,0,not enough PnP correspondences,none,0,0,808,0,not enough map correspondences,0,LOST,384,0,0,-1,0,0,0,nan,nan,0,0,nan,nan,
1750922014.910279274,0,-2.472016150,0.009000289,0.689020160,-0.014946062,0.891503946,-0.034939797,-0.451416150,0,0,0,nan,nan,nan,nan,nan,0,0,not enough PnP correspondences,none,0,0,808,0,not enough map correspondences,0,LOST,384,0,0,-1,0,0,0,nan,nan,0,0,nan,nan,
1750922014.922279358,0,-2.472016150,0.009000289,0.689020160,-0.014946062,0.891503946,-0.034939797,-0.451416150,0,0,0,nan,nan,nan,nan,nan,0,0,not enough PnP correspondences,none,0,0,808,0,not enough map correspondences,0,LOST,384,0,0,-1,0,0,0,nan,nan,0,0,nan,nan,
1750922014.934279442,0,-2.472016150,0.009000289,0.689020160,-0.014946062,0.891503946,-0.034939797,-0.451416150,0,0,0,nan,nan,nan,nan,nan,0,0,not enough PnP correspondences,none,0,0,808,0,not enough map correspondences,0,LOST,384,0,0,-1,0,0,0,nan,nan,0,0,nan,nan,
1750922014.946279526,0,-2.472016150,0.009000289,0.689020160,-0.014946062,0.891503946,-0.034939797,-0.451416150,0,0,0,nan,nan,nan,nan,nan,0,0,not enough PnP correspondences,none,0,0,808,0,not enough map correspondences,0,LOST,384,0,0,-1,0,0,0,nan,nan,0,0,nan,nan,
1750922014.958279610,0,-2.472016150,0.009000289,0.689020160,-0.014946062,0.891503946,-0.034939797,-0.451416150,0,0,0,nan,nan,nan,nan,nan,0,0,not enough PnP correspondences,none,0,0,808,0,not enough map correspondences,0,LOST,384,0,0,-1,0,0,0,nan,nan,0,0,nan,nan,
1750922014.970279694,0,-2.472016150,0.009000289,0.689020160,-0.014946062,0.891503946,-0.034939797,-0.451416150,0,0,0,nan,nan,nan,nan,nan,0,0,not enough PnP correspondences,none,0,0,808,0,not enough map correspondences,0,LOST,384,0,0,-1,0,0,0,nan,nan,0,0,nan,nan,
1750922014.982279778,0,-2.472016150,0.009000289,0.689020160,-0.014946062,0.891503946,-0.034939797,-0.451416150,0,0,0,nan,nan,nan,nan,nan,0,0,not enough PnP correspondences,none,0,0,808,0,not enough map correspondences,0,LOST,384,0,0,-1,0,0,0,nan,nan,0,0,nan,nan,
1750922014.994279861,0,-2.472016150,0.009000289,0.689020160,-0.014946062,0.891503946,-0.034939797,-0.451416150,0,0,0,nan,nan,nan,nan,nan,0,0,not enough PnP correspondences,none,0,0,808,0,not enough map correspondences,0,LOST,384,0,0,-1,0,0,0,nan,nan,0,0,nan,nan,
1750922015.006279945,0,-2.472016150,0.009000289,0.689020160,-0.014946062,0.891503946,-0.034939797,-0.451416150,0,0,0,nan,nan,nan,nan,nan,0,0,not enough PnP correspondences,none,0,0,808,0,not enough map correspondences,0,LOST,384,0,0,-1,0,0,0,nan,nan,0,0,nan,nan,
1750922015.018280029,0,-2.472016150,0.009000289,0.689020160,-0.014946062,0.891503946,-0.034939797,-0.451416150,0,0,0,nan,nan,nan,nan,nan,0,0,not enough PnP correspondences,none,0,0,808,0,not enough map correspondences,0,LOST,384,0,0,-1,0,0,0,nan,nan,0,0,nan,nan,
1750922015.030280113,0,-2.472016150,0.009000289,0.689020160,-0.014946062,0.891503946,-0.034939797,-0.451416150,0,0,0,nan,nan,nan,nan,nan,0,0,not enough PnP correspondences,none,0,0,808,0,not enough map correspondences,0,LOST,384,0,0,-1,0,0,0,nan,nan,0,0,nan,nan,
1750922015.042280197,0,-2.472016150,0.009000289,0.689020160,-0.014946062,0.891503946,-0.034939797,-0.451416150,0,0,0,nan,nan,nan,nan,nan,0,0,not enough PnP correspondences,none,0,0,808,0,not enough map correspondences,0,LOST,384,0,0,-1,0,0,0,nan,nan,0,0,nan,nan,
1750922015.054280281,0,-2.472016150,0.009000289,0.689020160,-0.014946062,0.891503946,-0.034939797,-0.451416150,0,0,0,nan,nan,nan,nan,nan,0,0,not enough PnP correspondences,none,0,0,808,0,not enough map correspondences,0,LOST,384,0,0,-1,0,0,0,nan,nan,0,0,nan,nan,
1750922015.066280365,0,-2.472016150,0.009000289,0.689020160,-0.014946062,0.891503946,-0.034939797,-0.451416150,0,0,0,nan,nan,nan,nan,nan,0,0,not enough PnP correspondences,none,0,0,808,0,not enough map correspondences,0,LOST,384,0,0,-1,0,0,0,nan,nan,0,0,nan,nan,
1750922015.078280449,0,-2.472016150,0.009000289,0.689020160,-0.014946062,0.891503946,-0.034939797,-0.451416150,0,0,0,nan,nan,nan,nan,nan,0,0,not enough PnP correspondences,none,0,0,808,0,not enough map correspondences,0,LOST,384,0,0,-1,0,0,0,nan,nan,0,0,nan,nan,
1750922015.090280533,0,-2.472016150,0.009000289,0.689020160,-0.014946062,0.891503946,-0.034939797,-0.451416150,0,0,0,nan,nan,nan,nan,nan,0,0,not enough PnP correspondences,none,0,0,808,0,not enough map correspondences,0,LOST,384,0,0,-1,0,0,0,nan,nan,0,0,nan,nan,
1750922015.102280617,0,-2.472016150,0.009000289,0.689020160,-0.014946062,0.891503946,-0.034939797,-0.451416150,0,0,0,nan,nan,nan,nan,nan,0,0,not enough PnP correspondences,none,0,0,808,0,not enough map correspondences,0,LOST,384,0,0,-1,0,0,0,nan,nan,0,0,nan,nan,
1750922015.114280701,0,-2.472016150,0.009000289,0.689020160,-0.014946062,0.891503946,-0.034939797,-0.451416150,0,0,0,nan,nan,nan,nan,nan,0,0,not enough PnP correspondences,none,0,0,808,0,not enough map correspondences,0,LOST,384,0,0,-1,0,0,0,nan,nan,0,0,nan,nan,
1750922015.126280785,0,-2.472016150,0.009000289,0.689020160,-0.014946062,0.891503946,-0.034939797,-0.451416150,0,0,0,nan,nan,nan,nan,nan,0,0,not enough PnP correspondences,none,0,0,808,0,not enough map correspondences,0,LOST,384,0,0,-1,0,0,0,nan,nan,0,0,nan,nan,
1750922015.138280869,0,-2.472016150,0.009000289,0.689020160,-0.014946062,0.891503946,-0.034939797,-0.451416150,0,0,0,nan,nan,nan,nan,nan,0,0,not enough PnP correspondences,none,0,0,808,0,not enough map correspondences,0,LOST,384,0,0,-1,0,0,0,nan,nan,0,0,nan,nan,
1750922015.150280952,0,-2.472016150,0.009000289,0.689020160,-0.014946062,0.891503946,-0.034939797,-0.451416150,0,0,0,nan,nan,nan,nan,nan,0,0,not enough PnP correspondences,none,0,0,808,0,not enough map correspondences,0,LOST,384,0,0,-1,0,0,0,nan,nan,0,0,nan,nan,
1750922015.162281036,0,-2.472016150,0.009000289,0.689020160,-0.014946062,0.891503946,-0.034939797,-0.451416150,0,0,0,nan,nan,nan,nan,nan,0,0,not enough PnP correspondences,none,0,0,808,0,not enough map correspondences,0,LOST,384,0,0,-1,0,0,0,nan,nan,0,0,nan,nan,
1750922015.174281120,0,-2.472016150,0.009000289,0.689020160,-0.014946062,0.891503946,-0.034939797,-0.451416150,0,0,0,nan,nan,nan,nan,nan,0,0,not enough PnP correspondences,none,0,0,808,0,not enough map correspondences,0,LOST,384,0,0,-1,0,0,0,nan,nan,0,0,nan,nan,
1750922015.186281204,0,-2.472016150,0.009000289,0.689020160,-0.014946062,0.891503946,-0.034939797,-0.451416150,0,0,0,nan,nan,nan,nan,nan,0,0,not enough PnP correspondences,none,0,0,808,0,not enough map correspondences,0,LOST,384,0,0,-1,0,0,0,nan,nan,0,0,nan,nan,
1750922015.198281288,0,-2.472016150,0.009000289,0.689020160,-0.014946062,0.891503946,-0.034939797,-0.451416150,0,0,0,nan,nan,nan,nan,nan,0,0,not enough PnP correspondences,none,0,0,808,0,not enough map correspondences,0,LOST,384,0,0,-1,0,0,0,nan,nan,0,0,nan,nan,
1750922015.210281372,0,-2.472016150,0.009000289,0.689020160,-0.014946062,0.891503946,-0.034939797,-0.451416150,0,0,0,nan,nan,nan,nan,nan,0,0,not enough PnP correspondences,none,0,0,808,0,not enough map correspondences,0,LOST,384,0,0,-1,0,0,0,nan,nan,0,0,nan,nan,
1750922015.222281456,0,-2.472016150,0.009000289,0.689020160,-0.014946062,0.891503946,-0.034939797,-0.451416150,0,0,0,nan,nan,nan,nan,nan,0,0,not enough PnP correspondences,none,0,0,808,0,not enough map correspondences,0,LOST,384,0,0,-1,0,0,0,nan,nan,0,0,nan,nan,
1750922015.234281540,0,-2.472016150,0.009000289,0.689020160,-0.014946062,0.891503946,-0.034939797,-0.451416150,0,0,0,nan,nan,nan,nan,nan,0,0,not enough PnP correspondences,none,0,0,808,0,not enough map correspondences,0,LOST,384,0,0,-1,0,0,0,nan,nan,0,0,nan,nan,
1750922015.246281624,0,-2.472016150,0.009000289,0.689020160,-0.014946062,0.891503946,-0.034939797,-0.451416150,0,0,0,nan,nan,nan,nan,nan,0,0,not enough PnP correspondences,none,0,0,808,0,not enough map correspondences,0,LOST,384,0,0,-1,0,0,0,nan,nan,0,0,nan,nan,
1750922015.258281708,0,-2.472016150,0.009000289,0.689020160,-0.014946062,0.891503946,-0.034939797,-0.451416150,0,0,0,nan,nan,nan,nan,nan,0,0,not enough PnP correspondences,none,0,0,808,0,not enough map correspondences,0,LOST,384,0,0,-1,0,0,0,nan,nan,0,0,nan,nan,
1750922015.270281792,0,-2.472016150,0.009000289,0.689020160,-0.014946062,0.891503946,-0.034939797,-0.451416150,0,0,0,nan,nan,nan,nan,nan,0,0,not enough PnP correspondences,none,0,0,808,0,not enough map correspondences,0,LOST,384,0,0,-1,0,0,0,nan,nan,0,0,nan,nan,
1750922015.282281876,0,-2.472016150,0.009000289,0.689020160,-0.014946062,0.891503946,-0.034939797,-0.451416150,0,0,0,nan,nan,nan,nan,nan,0,0,not enough PnP correspondences,none,0,0,808,0,not enough map correspondences,0,LOST,384,0,0,-1,0,0,0,nan,nan,0,0,nan,nan,
1750922015.294281960,0,-2.472016150,0.009000289,0.689020160,-0.014946062,0.891503946,-0.034939797,-0.451416150,0,0,0,nan,nan,nan,nan,nan,0,0,not enough PnP correspondences,none,0,0,808,0,not enough map correspondences,0,LOST,384,0,0,-1,0,0,0,nan,nan,0,0,nan,nan,
1750922015.306282043,0,-2.472016150,0.009000289,0.689020160,-0.014946062,0.891503946,-0.034939797,-0.451416150,0,0,0,nan,nan,nan,nan,nan,0,0,not enough PnP correspondences,none,0,0,808,0,not enough map correspondences,0,LOST,384,0,0,-1,0,0,0,nan,nan,0,0,nan,nan,
1750922015.318282127,0,-2.472016150,0.009000289,0.689020160,-0.014946062,0.891503946,-0.034939797,-0.451416150,0,0,0,nan,nan,nan,nan,nan,0,0,not enough PnP correspondences,none,0,0,808,0,not enough map correspondences,0,LOST,384,0,0,-1,0,0,0,nan,nan,0,0,nan,nan,
1750922015.330282211,0,-2.472016150,0.009000289,0.689020160,-0.014946062,0.891503946,-0.034939797,-0.451416150,0,0,0,nan,nan,nan,nan,nan,0,0,not enough PnP correspondences,none,0,0,808,0,not enough map correspondences,0,LOST,384,0,0,-1,0,0,0,nan,nan,0,0,nan,nan,
1750922015.342282295,0,-2.472016150,0.009000289,0.689020160,-0.014946062,0.891503946,-0.034939797,-0.451416150,0,0,0,nan,nan,nan,nan,nan,0,0,not enough PnP correspondences,none,0,0,808,0,not enough map correspondences,0,LOST,384,0,0,-1,0,0,0,nan,nan,0,0,nan,nan,
1750922015.354282379,0,-2.472016150,0.009000289,0.689020160,-0.014946062,0.891503946,-0.034939797,-0.451416150,0,0,0,nan,nan,nan,nan,nan,0,0,not enough PnP correspondences,none,0,0,808,0,not enough map correspondences,0,LOST,384,0,0,-1,0,0,0,nan,nan,0,0,nan,nan,
1750922015.366282463,0,-2.472016150,0.009000289,0.689020160,-0.014946062,0.891503946,-0.034939797,-0.451416150,0,0,0,nan,nan,nan,nan,nan,0,0,not enough PnP correspondences,none,0,0,808,0,not enough map correspondences,0,LOST,384,0,0,-1,0,0,0,nan,nan,0,0,nan,nan,
1750922015.378282547,0,-2.472016150,0.009000289,0.689020160,-0.014946062,0.891503946,-0.034939797,-0.451416150,0,0,0,nan,nan,nan,nan,nan,0,0,not enough PnP correspondences,none,0,0,808,0,not enough map correspondences,0,LOST,384,0,0,-1,0,0,0,nan,nan,0,0,nan,nan,
1750922015.390282631,0,-2.472016150,0.009000289,0.689020160,-0.014946062,0.891503946,-0.034939797,-0.451416150,0,0,0,nan,nan,nan,nan,nan,0,0,not enough PnP correspondences,none,0,0,808,0,not enough map correspondences,0,LOST,384,0,0,-1,0,0,0,nan,nan,0,0,nan,nan,
1750922015.402282715,0,-2.472016150,0.009000289,0.689020160,-0.014946062,0.891503946,-0.034939797,-0.451416150,0,0,0,nan,nan,nan,nan,nan,0,0,not enough PnP correspondences,none,0,0,808,0,not enough map correspondences,0,LOST,384,0,0,-1,0,0,0,nan,nan,0,0,nan,nan,
1750922015.414282799,0,-2.472016150,0.009000289,0.689020160,-0.014946062,0.891503946,-0.034939797,-0.451416150,0,0,0,nan,nan,nan,nan,nan,0,0,not enough PnP correspondences,none,0,0,808,0,not enough map correspondences,0,LOST,384,0,0,-1,0,0,0,nan,nan,0,0,nan,nan,
1750922015.426282883,0,-2.472016150,0.009000289,0.689020160,-0.014946062,0.891503946,-0.034939797,-0.451416150,0,0,0,nan,nan,nan,nan,nan,0,0,not enough PnP correspondences,none,0,0,808,0,not enough map correspondences,0,LOST,384,0,0,-1,0,0,0,nan,nan,0,0,nan,nan,
1750922015.438282967,0,-2.472016150,0.009000289,0.689020160,-0.014946062,0.891503946,-0.034939797,-0.451416150,0,0,0,nan,nan,nan,nan,nan,0,0,not enough PnP correspondences,none,0,0,808,0,not enough map correspondences,0,LOST,384,0,0,-1,0,0,0,nan,nan,0,0,nan,nan,
1750922015.450283051,0,-2.472016150,0.009000289,0.689020160,-0.014946062,0.891503946,-0.034939797,-0.451416150,0,0,0,nan,nan,nan,nan,nan,0,0,not enough PnP correspondences,none,0,0,808,0,not enough map correspondences,0,LOST,384,0,0,-1,0,0,0,nan,nan,0,0,nan,nan,
1750922015.462283134,0,-2.472016150,0.009000289,0.689020160,-0.014946062,0.891503946,-0.034939797,-0.451416150,0,0,0,nan,nan,nan,nan,nan,0,0,not enough PnP correspondences,none,0,0,808,0,not enough map correspondences,0,LOST,384,0,0,-1,0,0,0,nan,nan,0,0,nan,nan,
1750922015.474283218,0,-2.472016150,0.009000289,0.689020160,-0.014946062,0.891503946,-0.034939797,-0.451416150,0,0,0,nan,nan,nan,nan,nan,0,0,not enough PnP correspondences,none,0,0,808,0,not enough map correspondences,0,LOST,384,0,0,-1,0,0,0,nan,nan,0,0,nan,nan,
1750922015.486283302,0,-2.472016150,0.009000289,0.689020160,-0.014946062,0.891503946,-0.034939797,-0.451416150,0,0,0,nan,nan,nan,nan,nan,0,0,not enough PnP correspondences,none,0,0,808,0,not enough map correspondences,0,LOST,384,0,0,-1,0,0,0,nan,nan,0,0,nan,nan,
1750922015.498283386,0,-2.472016150,0.009000289,0.689020160,-0.014946062,0.891503946,-0.034939797,-0.451416150,0,0,0,nan,nan,nan,nan,nan,0,0,not enough PnP correspondences,none,0,0,808,0,not enough map correspondences,0,LOST,384,0,0,-1,0,0,0,nan,nan,0,0,nan,nan,
1750922015.510283470,0,-2.472016150,0.009000289,0.689020160,-0.014946062,0.891503946,-0.034939797,-0.451416150,0,0,0,nan,nan,nan,nan,nan,0,0,not enough PnP correspondences,none,0,0,808,0,not enough map correspondences,0,LOST,384,0,0,-1,0,0,0,nan,nan,0,0,nan,nan,
1750922015.522283554,0,-2.472016150,0.009000289,0.689020160,-0.014946062,0.891503946,-0.034939797,-0.451416150,0,0,0,nan,nan,nan,nan,nan,0,0,not enough PnP correspondences,none,0,0,808,0,not enough map correspondences,0,LOST,384,0,0,-1,0,0,0,nan,nan,0,0,nan,nan,
1750922015.534283638,0,-2.472016150,0.009000289,0.689020160,-0.014946062,0.891503946,-0.034939797,-0.451416150,0,0,0,nan,nan,nan,nan,nan,0,0,not enough PnP correspondences,none,0,0,808,0,not enough map correspondences,0,LOST,384,0,0,-1,0,0,0,nan,nan,0,0,nan,nan,
1750922015.546283722,0,-2.472016150,0.009000289,0.689020160,-0.014946062,0.891503946,-0.034939797,-0.451416150,0,0,0,nan,nan,nan,nan,nan,0,0,not enough PnP correspondences,none,0,0,808,0,not enough map correspondences,0,LOST,384,0,0,-1,0,0,0,nan,nan,0,0,nan,nan,
1750922015.558283806,0,-2.472016150,0.009000289,0.689020160,-0.014946062,0.891503946,-0.034939797,-0.451416150,0,0,0,nan,nan,nan,nan,nan,0,0,not enough PnP correspondences,none,0,0,808,0,not enough map correspondences,0,LOST,384,0,0,-1,0,0,0,nan,nan,0,0,nan,nan,
1750922015.570283890,0,-2.472016150,0.009000289,0.689020160,-0.014946062,0.891503946,-0.034939797,-0.451416150,0,0,0,nan,nan,nan,nan,nan,0,0,not enough PnP correspondences,none,0,0,808,0,not enough map correspondences,0,LOST,384,0,0,-1,0,0,0,nan,nan,0,0,nan,nan,
1750922015.582283974,0,-2.472016150,0.009000289,0.689020160,-0.014946062,0.891503946,-0.034939797,-0.451416150,0,0,0,nan,nan,nan,nan,nan,0,0,not enough PnP correspondences,none,0,0,808,0,not enough map correspondences,0,LOST,384,0,0,-1,0,0,0,nan,nan,0,0,nan,nan,
1750922015.594284058,0,-2.472016150,0.009000289,0.689020160,-0.014946062,0.891503946,-0.034939797,-0.451416150,0,0,0,nan,nan,nan,nan,nan,0,0,not enough PnP correspondences,none,0,0,808,0,not enough map correspondences,0,LOST,384,0,0,-1,0,0,0,nan,nan,0,0,nan,nan,
