0.030223000 0.016570068 0.013863001 -0.021931169 -0.000019023 0.000129326 0.000008269 0.999999991
0.130276000 0.003300805 -0.017072776 -0.064259116 0.000046322 0.000204328 0.000049912 0.999999977
0.230376000 0.009458404 -0.011669401 -0.038305419 0.000006854 0.000125267 0.000032990 0.999999992
0.330564000 0.046856766 0.009393355 0.017351691 0.000039260 -0.000160824 -0.000013955 0.999999986
0.430791000 0.062479336 0.015863106 -0.010268384 0.000047879 -0.000255095 -0.000058931 0.999999965
0.530922000 0.058839802 0.015626606 0.002663463 0.000058868 -0.000223552 -0.000047630 0.999999972
0.630978000 0.065898960 0.012196366 0.023905312 0.000048372 -0.000364146 -0.000090261 0.999999928
0.730982000 0.068944681 0.022996293 0.007692140 0.000054681 -0.000339899 -0.000094252 0.999999936
0.830917000 0.095654570 0.025503908 -0.021360298 0.000046018 -0.000298724 -0.000101142 0.999999949
0.930828000 0.111945684 0.029194101 -0.022523175 0.000031252 -0.000403312 -0.000123249 0.999999911
1.030754000 0.110240424 0.029560075 -0.023242769 0.000051291 -0.000728876 -0.000219877 0.999999709
1.130878000 0.110261107 0.028015836 -0.025474639 0.000045520 -0.000944216 -0.000291063 0.999999511
1.230942000 0.116676207 0.028146947 -0.026986503 0.000036897 -0.001165501 -0.000345884 0.999999260
1.330936000 0.116606848 0.028408805 -0.026195953 0.000051054 -0.001173986 -0.000349755 0.999999248
1.430882000 0.142529869 0.028135723 0.047291062 0.000064168 -0.001118633 -0.000341321 0.999999314
1.530790000 0.145636691 0.035056704 0.042615259 0.000059963 -0.001171860 -0.000349610 0.999999250
1.630644000 0.144991632 0.033671570 0.045777213 0.000061366 -0.001011456 -0.000319244 0.999999436
1.730501000 0.155481641 0.028659689 0.081325698 0.000067472 -0.000886671 -0.000286104 0.999999564
1.830460000 0.161612012 0.039667105 0.098753860 0.000069765 -0.000972160 -0.000316503 0.999999475
1.930550000 0.206321655 0.031269757 0.002693952 0.000070153 -0.001076213 -0.000340636 0.999999360
2.030679000 0.196908541 0.004793375 0.024889227 0.000068547 -0.001189672 -0.000378295 0.999999218
2.130821000 0.191997115 -0.012848808 0.053111400 0.000064796 -0.001162392 -0.000377125 0.999999251
2.230762000 0.191997115 -0.012848808 0.053111400 0.000064796 -0.001162392 -0.000377125 0.999999251
2.330689000 0.208667634 -0.015888907 0.050424308 0.000060071 -0.001116412 -0.000360555 0.999999310
2.430605000 0.223616407 -0.023237738 0.058583398 0.000057923 -0.001127477 -0.000362602 0.999999297
2.530493000 0.223616407 -0.023237738 0.058583398 0.000057923 -0.001127477 -0.000362602 0.999999297
2.630426000 0.302935666 -0.070345441 0.118521919 0.000058744 -0.001128012 -0.000365663 0.999999295
2.730416000 0.299964646 -0.092992112 0.194357985 0.000058059 -0.001133174 -0.000361651 0.999999291
2.830437000 0.356453519 -0.128734974 0.149104615 0.000057622 -0.001138359 -0.000361930 0.999999285
2.930731000 0.356453519 -0.128734974 0.149104615 0.000057622 -0.001138359 -0.000361930 0.999999285
3.031136000 0.356453519 -0.128734974 0.149104615 0.000057622 -0.001138359 -0.000361930 0.999999285
3.131636000 0.356453519 -0.128734974 0.149104615 0.000057622 -0.001138359 -0.000361930 0.999999285
3.231961000 0.356453519 -0.128734974 0.149104615 0.000057622 -0.001138359 -0.000361930 0.999999285
3.332064000 0.356453519 -0.128734974 0.149104615 0.000057622 -0.001138359 -0.000361930 0.999999285
3.431964000 0.353885998 -0.120226101 0.121636030 0.000055614 -0.001155774 -0.000366107 0.999999264
3.531722000 0.351286614 -0.111611634 0.093826565 0.000053581 -0.001173405 -0.000370336 0.999999242
3.631463000 0.351286614 -0.111611634 0.093826565 0.000053581 -0.001173405 -0.000370336 0.999999242
3.731275000 0.351286614 -0.111611634 0.093826565 0.000053581 -0.001173405 -0.000370336 0.999999242
3.831188000 0.351286614 -0.111611634 0.093826565 0.000053581 -0.001173405 -0.000370336 0.999999242
3.931194000 0.351286614 -0.111611634 0.093826565 0.000053581 -0.001173405 -0.000370336 0.999999242
4.031262000 0.398435860 -0.093820749 0.049362386 0.000051763 -0.001149964 -0.000367019 0.999999270
4.131469000 0.398435860 -0.093820749 0.049362386 0.000051763 -0.001149964 -0.000367019 0.999999270
4.231566000 0.398435860 -0.093820749 0.049362386 0.000051763 -0.001149964 -0.000367019 0.999999270
4.331606000 0.398435860 -0.093820749 0.049362386 0.000051763 -0.001149964 -0.000367019 0.999999270
4.431541000 0.398435860 -0.093820749 0.049362386 0.000051763 -0.001149964 -0.000367019 0.999999270
4.531379000 0.398435860 -0.093820749 0.049362386 0.000051763 -0.001149964 -0.000367019 0.999999270
4.631215000 0.398435860 -0.093820749 0.049362386 0.000051763 -0.001149964 -0.000367019 0.999999270
4.731091000 0.398435860 -0.093820749 0.049362386 0.000051763 -0.001149964 -0.000367019 0.999999270
4.830996000 0.398435860 -0.093820749 0.049362386 0.000051763 -0.001149964 -0.000367019 0.999999270
4.930918000 0.398435860 -0.093820749 0.049362386 0.000051763 -0.001149964 -0.000367019 0.999999270
5.030843000 0.398435860 -0.093820749 0.049362386 0.000051763 -0.001149964 -0.000367019 0.999999270
5.130893000 0.398435860 -0.093820749 0.049362386 0.000051763 -0.001149964 -0.000367019 0.999999270
5.230848000 0.398435860 -0.093820749 0.049362386 0.000051763 -0.001149964 -0.000367019 0.999999270
5.330834000 0.398435860 -0.093820749 0.049362386 0.000051763 -0.001149964 -0.000367019 0.999999270
5.430837000 0.398435860 -0.093820749 0.049362386 0.000051763 -0.001149964 -0.000367019 0.999999270
5.530791000 0.398435860 -0.093820749 0.049362386 0.000051763 -0.001149964 -0.000367019 0.999999270
5.630687000 0.398435860 -0.093820749 0.049362386 0.000051763 -0.001149964 -0.000367019 0.999999270
5.730592000 0.398435860 -0.093820749 0.049362386 0.000051763 -0.001149964 -0.000367019 0.999999270
5.830505000 0.398435860 -0.093820749 0.049362386 0.000051763 -0.001149964 -0.000367019 0.999999270
5.930546000 0.398435860 -0.093820749 0.049362386 0.000051763 -0.001149964 -0.000367019 0.999999270
6.030778000 0.398435860 -0.093820749 0.049362386 0.000051763 -0.001149964 -0.000367019 0.999999270
6.131146000 0.398435860 -0.093820749 0.049362386 0.000051763 -0.001149964 -0.000367019 0.999999270
6.231416000 0.398435860 -0.093820749 0.049362386 0.000051763 -0.001149964 -0.000367019 0.999999270
6.331618000 0.398435860 -0.093820749 0.049362386 0.000051763 -0.001149964 -0.000367019 0.999999270
6.431744000 0.398435860 -0.093820749 0.049362386 0.000051763 -0.001149964 -0.000367019 0.999999270
6.531738000 0.398435860 -0.093820749 0.049362386 0.000051763 -0.001149964 -0.000367019 0.999999270
6.631632000 0.398435860 -0.093820749 0.049362386 0.000051763 -0.001149964 -0.000367019 0.999999270
6.731465000 0.397152811 -0.099040925 0.101338376 0.000047227 -0.001018758 -0.000352971 0.999999418
6.831249000 0.426832646 -0.074855171 0.051387705 0.000051876 -0.000912768 -0.000338859 0.999999525
6.931055000 0.421484177 -0.075189098 0.060089054 0.000057941 -0.001001155 -0.000382320 0.999999424
7.030908000 0.421484177 -0.075189098 0.060089054 0.000057941 -0.001001155 -0.000382320 0.999999424
7.130963000 0.421484177 -0.075189098 0.060089054 0.000057941 -0.001001155 -0.000382320 0.999999424
7.230963000 0.421484177 -0.075189098 0.060089054 0.000057941 -0.001001155 -0.000382320 0.999999424
7.330965000 0.421484177 -0.075189098 0.060089054 0.000057941 -0.001001155 -0.000382320 0.999999424
7.430947000 0.421484177 -0.075189098 0.060089054 0.000057941 -0.001001155 -0.000382320 0.999999424
7.530873000 0.420559752 -0.076731046 0.054523859 0.000180397 -0.000757655 -0.000091941 0.999999692
7.630765000 0.420559752 -0.076731046 0.054523859 0.000180397 -0.000757655 -0.000091941 0.999999692
7.730723000 0.420559752 -0.076731046 0.054523859 0.000180397 -0.000757655 -0.000091941 0.999999692
7.830754000 0.429133624 -0.071312788 0.046628592 0.000283964 -0.002842112 -0.001080645 0.999995337
7.930908000 0.426506148 -0.066607953 0.056729163 0.000047737 -0.007751866 -0.003054051 0.999965289
8.031118000 0.398205111 -0.088747541 0.080879932 0.003044660 -0.017011499 -0.006001922 0.999832644
8.131458000 0.379313557 -0.101256847 0.141315325 0.003764140 -0.032195545 -0.009013819 0.999433854
8.231680000 0.356492921 -0.134863648 0.166249963 0.007036265 -0.047219616 -0.017375873 0.998708605
8.331777000 0.314576488 -0.214681655 0.249488229 0.009083563 -0.065693089 -0.024463881 0.997498584
8.431952000 0.284631229 -0.248563726 0.279179604 0.004440211 -0.076515987 -0.061566573 0.995155840
8.532281000 0.277398833 -0.295595942 0.368904592 -0.008081024 -0.092581343 -0.101758086 0.990458825
8.632975000 0.299017325 -0.326192173 0.410772157 0.002488249 -0.115308230 -0.096851265 0.988593776
8.733508000 0.327368522 -0.355144270 0.441689936 0.003761388 -0.136147335 -0.066369899 0.988455761
8.833945000 0.365658938 -0.395566294 0.487553853 0.004010939 -0.147631875 -0.056840058 0.987399590
8.934482000 0.427932621 -0.443412702 0.568485587 0.004705601 -0.154232605 -0.055371585 0.986470551
9.034887000 0.449595808 -0.490734699 0.593795164 0.003914368 -0.158132261 -0.060500293 0.985554961
9.135177000 0.473524963 -0.539937381 0.618304239 0.003258497 -0.162759394 -0.069933107 0.984178908
9.235113000 0.500113240 -0.590065423 0.642742411 0.002452005 -0.167323448 -0.085705080 0.982166733
9.334962000 0.524581313 -0.646548032 0.664985011 -0.004129894 -0.167168158 -0.126498517 0.977770871
9.434947000 0.576195129 -0.696422203 0.686579635 -0.012749342 -0.167199900 -0.162554850 0.972346424
9.534834000 0.666674006 -0.745310458 0.728507595 -0.011586034 -0.184378066 -0.140676668 0.972666730
9.634628000 0.760387072 -0.790421687 0.742027093 -0.012622670 -0.197991789 -0.140373385 0.970018161
9.734316000 0.885514683 -0.838373527 0.775969088 -0.007233632 -0.223019487 -0.111608985 0.968376692
9.833932000 0.991839641 -0.887405239 0.747413815 -0.005778121 -0.243858066 -0.105732497 0.964012705
9.933561000 1.076475130 -0.924934138 0.741104256 -0.001964539 -0.259095153 -0.097964742 0.960868748
10.033395000 1.171047090 -0.960341075 0.730584174 -0.000000015 -0.274927649 -0.090992208 0.957149521
10.133611000 1.271642058 -1.015620101 0.759869937 -0.003681762 -0.294138247 -0.098283069 0.950689000
10.233998000 1.391660420 -1.066656767 0.738535232 -0.009584623 -0.297744641 -0.121212030 0.946870586
10.334614000 1.512182846 -1.116220471 0.729049501 -0.014736839 -0.302354605 -0.138058407 0.943029371
10.435115000 1.641502565 -1.161865710 0.723272738 -0.016910845 -0.308925276 -0.145251426 0.939777218
10.535477000 1.778833029 -1.210235624 0.704924965 -0.015293827 -0.320146247 -0.141446719 0.936624420
10.635604000 1.923852264 -1.253205675 0.688354711 -0.006053101 -0.337523419 -0.121062782 0.933480104
10.735496000 2.061537962 -1.303925251 0.659556510 -0.002209344 -0.351036632 -0.114538966 0.929327298
10.835223000 2.206092770 -1.354776966 0.644103218 -0.000214079 -0.363048447 -0.112590147 0.924942830
10.934761000 2.342515422 -1.410142798 0.621909432 -0.003816935 -0.371684379 -0.122860425 0.920185562
11.034212000 2.485254736 -1.462914759 0.599541000 -0.004023038 -0.382959754 -0.126478751 0.915056702
11.133727000 2.632460491 -1.516421878 0.587899275 -0.002051313 -0.391761401 -0.136692187 0.909853858
11.233283000 2.840350509 -1.564902371 0.602126066 0.004039034 -0.396228390 -0.147408336 0.906232604
11.333031000 2.947716973 -1.595105220 0.594885042 0.007360412 -0.398570817 -0.148261652 0.905044535
11.432971000 3.254078000 -1.700051476 0.594215437 0.014719796 -0.408138058 -0.146550250 0.900960419
11.533101000 3.320166377 -1.721015378 0.629161158 0.021653118 -0.418712207 -0.142718924 0.896572663
11.633369000 3.479960220 -1.781417933 0.638350694 0.016385010 -0.426257598 -0.159198107 0.890332496
11.733727000 3.656373247 -1.848781471 0.647527369 0.000664735 -0.431044632 -0.192550171 0.881546661
11.833986000 3.856738626 -1.910638056 0.651141950 -0.006615658 -0.442120815 -0.198762852 0.874630635
11.934174000 4.069459470 -1.977932732 0.652052402 0.002147264 -0.457990763 -0.183871689 0.869730448
12.034438000 4.294540740 -2.049118464 0.661450636 -0.012416310 -0.470765361 -0.183887318 0.862792712
12.134703000 4.524812001 -2.115214160 0.660883157 -0.023031426 -0.482421217 -0.182658885 0.856373198
12.234678000 4.772441624 -2.182887048 0.655286287 -0.020214164 -0.497552908 -0.165998545 0.851162132
12.334486000 5.017088950 -2.247724556 0.652816113 -0.018935743 -0.515331171 -0.150777929 0.843410480
12.434324000 5.249207526 -2.319295330 0.652944986 -0.019827696 -0.527139853 -0.149453851 0.836297784
12.534121000 5.475670795 -2.392972772 0.649926566 -0.027239382 -0.532259009 -0.163242197 0.830247161
12.633931000 5.709751241 -2.458914913 0.644696101 -0.030007967 -0.539447056 -0.167489982 0.824647502
12.733925000 5.942196513 -2.526323492 0.639517866 -0.022499007 -0.549121754 -0.160403406 0.819896238
12.833942000 6.165899919 -2.606412618 0.630937280 -0.014425757 -0.554523870 -0.166494503 0.815214546
12.934210000 6.393464273 -2.692379399 0.629173556 -0.024963598 -0.556119966 -0.181079157 0.810751344
13.034735000 6.623386700 -2.778044647 0.630455944 -0.050560627 -0.550135567 -0.210795464 0.806448853
13.135361000 6.860581941 -2.838594891 0.614474556 -0.071742951 -0.543108721 -0.237649232 0.802127614
13.235719000 7.106746423 -2.888449136 0.584855793 -0.078477216 -0.541176007 -0.246789235 0.800040580
13.335717000 7.362932478 -2.923219658 0.538287551 -0.076201475 -0.543137772 -0.242574773 0.800220079
13.435516000 7.618196147 -2.945589546 0.474952450 -0.065605540 -0.549073414 -0.227218246 0.801614725
13.535154000 7.884845360 -2.951338232 0.405451728 -0.054303927 -0.555035414 -0.212422093 0.802411133
13.634771000 8.138549942 -2.946138694 0.326076415 -0.029935474 -0.562072670 -0.193600255 0.803552813
13.734457000 8.396062165 -2.940079191 0.251724314 -0.006142274 -0.565527833 -0.184278264 0.803854505
13.834282000 8.657868982 -2.940895985 0.173970168 0.002825712 -0.566308545 -0.180904395 0.804089701
13.934303000 8.954056566 -2.894783369 0.124794612 0.004903520 -0.563812075 -0.192453703 0.803152210
14.034718000 9.258316573 -2.849865915 0.066405121 0.010897016 -0.564607229 -0.188834831 0.803393638
14.135364000 9.559458177 -2.788364894 0.021134396 0.018612127 -0.565789645 -0.189048657 0.802369162
14.235921000 9.866837443 -2.751395041 -0.021602625 0.026622316 -0.566911776 -0.194231232 0.800110316
14.336305000 10.187106418 -2.723039211 -0.061940213 0.020018247 -0.571881939 -0.191520530 0.797414700
14.436339000 10.515367198 -2.690245214 -0.093338092 0.006027524 -0.580849931 -0.179101281 0.794040148
14.536055000 10.840161408 -2.668436597 -0.121406206 -0.001172332 -0.590607202 -0.175124403 0.787726604
14.635765000 11.162865150 -2.657166746 -0.140853300 -0.003986491 -0.603510558 -0.176222188 0.777627710
14.735700000 11.494578462 -2.656751589 -0.159624600 -0.009007063 -0.618378959 -0.175821395 0.765906765
14.835972000 11.818596136 -2.674730139 -0.172808913 -0.013011139 -0.633002732 -0.178868201 0.753089913
14.936393000 12.125920070 -2.702227861 -0.182360302 -0.026292225 -0.643560324 -0.195532552 0.739530831
15.036778000 12.431470277 -2.737006873 -0.203202721 -0.031546824 -0.654279687 -0.203620725 0.727641044
15.137004000 12.733158593 -2.765974534 -0.226336395 -0.027272169 -0.667011431 -0.201879496 0.716656576
15.236960000 13.031751540 -2.804543846 -0.241284817 -0.024572452 -0.676663711 -0.200629229 0.708004470
15.336588000 13.305290734 -2.850904287 -0.256233644 -0.035781557 -0.679407296 -0.215159568 0.700593867
15.436112000 13.582245728 -2.883500964 -0.290973665 -0.053643288 -0.678862364 -0.233624059 0.694037526
15.535622000 13.866282502 -2.912708044 -0.330154280 -0.039519964 -0.687951122 -0.222988204 0.689519896
15.635182000 14.131519221 -2.944688392 -0.359292578 -0.024212225 -0.697814274 -0.208874066 0.684719382
15.734794000 14.403639439 -2.981150595 -0.388676675 -0.023883265 -0.701200829 -0.211784512 0.680363364
15.834550000 14.680853037 -3.000473098 -0.420054802 -0.028168043 -0.702038807 -0.216852267 0.677733848
15.934466000 14.970605486 -3.012809455 -0.456023396 -0.030690426 -0.703902789 -0.219601549 0.674799319
16.034529000 15.238707459 -3.029760042 -0.490617637 -0.041261888 -0.704203488 -0.229591022 0.670583975
16.134723000 15.504499809 -3.035002920 -0.523866845 -0.049328296 -0.707973162 -0.236199233 0.663739891
16.234855000 15.771270006 -3.029970149 -0.565252744 -0.057377291 -0.712931072 -0.243273872 0.655175516
16.334885000 16.035804634 -3.018653106 -0.619244327 -0.067365384 -0.718375109 -0.253541121 0.644294969
16.434784000 16.299886032 -2.992199878 -0.678612795 -0.071418406 -0.728259429 -0.257907693 0.630889243
16.534597000 16.561520551 -2.953452130 -0.749308754 -0.066389705 -0.742141683 -0.256331412 0.615720990
16.634399000 16.812044534 -2.910080047 -0.820174296 -0.063807880 -0.755326775 -0.256575608 0.599649043
16.734188000 17.057141860 -2.857161504 -0.911215018 -0.073229962 -0.763608052 -0.266512542 0.583533359
16.834069000 17.296985400 -2.805045634 -1.005592817 -0.068538583 -0.777570383 -0.265396632 0.565907581
16.934168000 17.535836273 -2.749466423 -1.110101336 -0.067445467 -0.791610536 -0.267208998 0.545346880
17.034561000 17.760235934 -2.698000828 -1.224456662 -0.074284282 -0.803080452 -0.272330124 0.524766555
17.134937000 17.975055826 -2.645432397 -1.350038614 -0.075780211 -0.812713050 -0.276302849 0.507357462
17.235027000 18.169724217 -2.587827088 -1.488653143 -0.073197421 -0.822493882 -0.276594861 0.491570173
17.334959000 18.354083416 -2.533450499 -1.638187106 -0.040195585 -0.836805702 -0.263238969 0.478378279
17.434761000 18.536406294 -2.490751207 -1.777158975 -0.023807387 -0.847559449 -0.258029655 0.463138085
17.534516000 18.727248250 -2.433388093 -1.917593892 -0.017175748 -0.856562437 -0.256690158 0.447343210
17.634380000 18.909953707 -2.384589890 -2.051529300 -0.012524736 -0.861802706 -0.260405682 0.435118499
17.734332000 19.096452586 -2.327626628 -2.186649284 -0.001941318 -0.861498601 -0.281137361 0.422821683
17.834384000 19.274613407 -2.281276502 -2.317299093 0.004416273 -0.862657863 -0.296519042 0.409729625
17.934511000 19.455711979 -2.246115907 -2.452134811 0.010306629 -0.862921992 -0.313950109 0.395846862
18.034686000 19.640067145 -2.228749073 -2.595564753 0.012792504 -0.866210229 -0.323942901 0.380233071
18.134941000 19.838051251 -2.205358551 -2.744449105 0.009989587 -0.873821094 -0.322865452 0.363448489
18.235069000 20.054311335 -2.154889285 -2.897703950 0.005648748 -0.880850213 -0.320750190 0.348123984
18.335130000 20.284067381 -2.114153471 -3.067252164 0.004750929 -0.886743510 -0.319998822 0.333562783
18.435074000 20.523361348 -2.067689488 -3.236635433 0.002039881 -0.892800748 -0.313428777 0.323519808
18.534841000 20.767882623 -2.023905740 -3.413978945 0.001551577 -0.895537878 -0.309644546 0.319577467
18.634440000 21.017103143 -1.983710508 -3.600236493 0.000497096 -0.896415790 -0.311449316 0.315337609
18.734131000 21.266138429 -1.927630483 -3.780463167 0.001198270 -0.899164482 -0.310646284 0.308221809
18.834190000 21.520709844 -1.890478321 -3.971728219 0.002014674 -0.898669049 -0.315642534 0.304564724
18.934245000 21.776217266 -1.846505223 -4.158496319 0.001606327 -0.899467966 -0.314225990 0.303672233
19.034195000 22.043461638 -1.807990405 -4.356540974 0.003774181 -0.897623177 -0.319689695 0.303408780
19.134247000 22.311395923 -1.749621052 -4.555952394 0.003650888 -0.897037132 -0.320524482 0.304261584
19.234173000 22.586474033 -1.687689324 -4.757492408 0.007427808 -0.892043013 -0.333535110 0.304890835
19.333985000 22.824545226 -1.632355896 -4.943832849 0.010581057 -0.888454932 -0.343723040 0.303957804
19.433759000 23.114704758 -1.567592380 -5.169841416 0.010095952 -0.890115202 -0.343733241 0.299065975
19.533647000 23.412489998 -1.487813696 -5.402542908 0.003965495 -0.897890810 -0.328050530 0.293528904
19.633706000 23.694963517 -1.410341560 -5.630435507 0.005753623 -0.896311293 -0.339572811 0.285102206
19.733950000 23.997874891 -1.321830864 -5.877146749 0.001273341 -0.902167937 -0.335309697 0.271401545
19.834351000 24.300175532 -1.244251211 -6.132996861 0.002530875 -0.901977842 -0.348272765 0.255216864
19.934686000 24.612335578 -1.178735991 -6.413057393 0.008358092 -0.909717421 -0.336159259 0.243600716
20.034830000 24.923716902 -1.080307134 -6.684593200 0.001872805 -0.922104725 -0.308742959 0.233231974
20.134939000 25.242033798 -0.997751371 -6.962140012 -0.006788703 -0.928833746 -0.293395586 0.226143354
20.234886000 25.555215136 -0.917441212 -7.245129990 0.004496607 -0.933142461 -0.282024585 0.222905949
20.334739000 25.879314233 -0.851370004 -7.518829072 -0.001635719 -0.934948318 -0.282423622 0.214722763
20.434606000 26.194582109 -0.800334786 -7.794273932 -0.008321734 -0.935461931 -0.284228991 0.209894270
20.534431000 26.513682856 -0.753680011 -8.073347045 -0.010124928 -0.935565862 -0.285037066 0.208249550
20.634226000 26.825200294 -0.719759581 -8.345671629 -0.009938417 -0.935552447 -0.285383585 0.207843824
20.734107000 27.137157845 -0.697681649 -8.617039828 -0.020350629 -0.932958616 -0.286063757 0.217581248
20.833642000 27.440340422 -0.674103484 -8.885030413 -0.016068048 -0.929853151 -0.285515825 0.231507341
20.933344000 27.739739962 -0.654364404 -9.152535971 -0.012355515 -0.927181383 -0.284022379 0.243953504
21.033510000 28.033113333 -0.636634197 -9.420560753 -0.011963215 -0.924848412 -0.282586671 0.254277546
21.134082000 28.336231141 -0.622800115 -9.688197552 -0.012027697 -0.921885946 -0.282451677 0.264957898
21.234493000 28.629321365 -0.613842662 -9.949144537 -0.010701504 -0.919967782 -0.282273498 0.271783793
21.334830000 28.926501985 -0.609404841 -10.211978588 -0.013800085 -0.919342240 -0.281572673 0.274474467
21.435108000 29.221744897 -0.598615429 -10.475401311 -0.008999665 -0.914430358 -0.294412373 0.277592293
21.535304000 29.520184029 -0.595650220 -10.749031292 -0.005617059 -0.912864746 -0.298416395 0.278557103
21.635417000 29.815751562 -0.589650812 -11.013805554 -0.006875881 -0.915835738 -0.290451551 0.277192206
21.735309000 30.114235958 -0.572232874 -11.274581733 -0.007967864 -0.917559045 -0.287403243 0.274629365
21.834960000 30.409908708 -0.560605484 -11.533946644 -0.007834782 -0.916251148 -0.293611953 0.272423330
21.934563000 30.710714751 -0.543310615 -11.798529875 -0.008555848 -0.917366581 -0.292089566 0.270275856
22.034086000 31.004759024 -0.528145282 -12.054475463 -0.008361274 -0.917502611 -0.292779716 0.269070783
22.133706000 31.294921352 -0.509290150 -12.307116267 -0.006555216 -0.915611801 -0.298920441 0.268809652
22.233351000 31.592374057 -0.499803228 -12.562925670 -0.008981005 -0.918361436 -0.290488437 0.268603949
22.333175000 31.886122535 -0.467959332 -12.810638439 -0.009087389 -0.918625653 -0.289254260 0.269028441
22.433131000 32.190665168 -0.442586494 -13.071936860 -0.006452978 -0.915621357 -0.297431647 0.270426155
22.533192000 32.493221970 -0.430618998 -13.333881564 -0.004394690 -0.915961506 -0.295854315 0.271045071
22.633437000 32.797729151 -0.400152417 -13.601501366 -0.004565964 -0.914973511 -0.300302900 0.269482458
22.733776000 33.104283201 -0.344766502 -13.863797587 -0.003488792 -0.912647813 -0.307823896 0.268898211
22.834133000 33.386406805 -0.327322707 -14.125323643 0.001652914 -0.908977717 -0.317746437 0.269803596
22.934435000 33.704364038 -0.301637755 -14.398995755 -0.003156907 -0.911594746 -0.311391832 0.268365757
23.034675000 34.013459368 -0.267452383 -14.659072312 -0.004782767 -0.913159652 -0.307491909 0.267516916
23.134907000 34.315444614 -0.234246884 -14.938627109 -0.004398275 -0.913205266 -0.306503550 0.268500226
23.234947000 34.667113256 -0.199238529 -15.195477989 -0.004475605 -0.915343590 -0.302029086 0.266279013
23.334888000 34.972501012 -0.145768101 -15.458315863 -0.007232927 -0.916299595 -0.299260570 0.266056100
23.434722000 35.293582437 -0.073988590 -15.716860286 -0.004718200 -0.912840454 -0.310359742 0.265286399
23.534467000 35.599882269 -0.042938377 -15.985090426 -0.000824507 -0.907590606 -0.325271041 0.265475729
23.634174000 35.929865796 0.045877355 -16.262937143 0.000195513 -0.906878466 -0.327339972 0.265367579
23.734130000 36.247792874 0.120313389 -16.531022553 0.004347465 -0.900999789 -0.343723971 0.264639966
23.834420000 36.575365624 0.184465641 -16.824075720 0.019181934 -0.895591057 -0.357514020 0.264069002
23.934808000 36.927999444 0.289142221 -17.112698329 0.022512761 -0.895368888 -0.359897876 0.261306810
24.035080000 37.275986176 0.374391722 -17.418557781 0.012695187 -0.898838366 -0.352448127 0.260209034
24.135011000 37.625527163 0.453815262 -17.733392628 0.007224341 -0.901607782 -0.345484567 0.260176152
24.234668000 37.995993008 0.528323035 -18.075852849 -0.000141644 -0.908752814 -0.327024743 0.259274217
24.334396000 38.354291603 0.618023287 -18.407307264 -0.009497300 -0.917176161 -0.305142252 0.256097436
24.434275000 38.729122583 0.709442954 -18.756961869 -0.012134153 -0.921247737 -0.295780684 0.252327478
24.534289000 39.108999957 0.803962606 -19.101793914 -0.009186512 -0.923763134 -0.289927361 0.250038808
24.634383000 39.480418146 0.883915770 -19.455969790 -0.012337723 -0.923820030 -0.290762715 0.248719472
24.734582000 39.841545903 0.977195937 -19.793827428 -0.009028439 -0.920191216 -0.303365136 0.247257372
24.834952000 40.224691795 1.036854877 -20.175092891 0.005132043 -0.922471968 -0.299184820 0.243941742
24.935469000 40.594277311 1.103486809 -20.533556989 -0.002096131 -0.923200378 -0.300866322 0.239115297
25.035911000 40.948945507 1.149862910 -20.879168425 -0.007992837 -0.926192487 -0.297077014 0.232053525
25.136321000 41.312109959 1.185420252 -21.226993835 -0.009272517 -0.928458594 -0.295987116 0.224210361
25.236296000 41.682143257 1.224665659 -21.593787436 -0.009267232 -0.929806517 -0.295276618 0.219512364
25.335693000 42.039835245 1.260504333 -21.931394679 -0.009075475 -0.930038333 -0.296613168 0.216718628
25.434876000 42.393034094 1.294208367 -22.285708543 -0.003050931 -0.928364784 -0.302782816 0.215527458
25.534329000 42.750073842 1.321808040 -22.625118726 -0.000471779 -0.929042168 -0.301426338 0.214528761
25.634183000 43.119796138 1.353648734 -22.990905511 -0.006412562 -0.928946883 -0.301550581 0.214671411
25.734190000 43.480388390 1.390395005 -23.340653261 -0.006889586 -0.930020963 -0.297908176 0.215091285
25.834301000 43.846860178 1.431813791 -23.689553893 0.000165099 -0.930546519 -0.295870302 0.215740385
25.934464000 44.210367494 1.492069671 -24.037153856 -0.001449207 -0.928868922 -0.300780262 0.216175068
26.034681000 44.609702759 1.547778888 -24.384792297 -0.005306911 -0.928853797 -0.299108575 0.218486889
26.134889000 44.967069976 1.623312048 -24.724580959 -0.006753137 -0.926660345 -0.304480752 0.220332637
26.234972000 45.320779590 1.673484963 -25.079200090 -0.003307463 -0.922144460 -0.316162841 0.222889463
26.335124000 45.684900492 1.754375127 -25.416235272 -0.004571915 -0.923552600 -0.312083800 0.222785532
26.435283000 46.028736063 1.855894633 -25.782162929 0.011492843 -0.926564399 -0.302001245 0.223923152
26.535376000 46.401978697 2.024766885 -26.120847755 0.033962152 -0.927157965 -0.297692727 0.224952708
26.635361000 46.790222004 2.107137044 -26.445966625 0.011814129 -0.926478210 -0.300119279 0.226775156
26.735188000 47.159816245 2.210252468 -26.758379035 -0.002216312 -0.924539145 -0.305664197 0.227578242
26.835116000 47.538260923 2.311509605 -27.101712852 -0.006949759 -0.923911413 -0.306877518 0.228397879
26.935162000 47.919697504 2.429436809 -27.430286598 -0.012538574 -0.925210869 -0.302187638 0.229151182
27.035172000 48.296170572 2.540911594 -27.765500792 -0.014034634 -0.925642642 -0.299649268 0.230649181
27.135221000 48.666052083 2.676491403 -28.096967642 -0.009627541 -0.925844283 -0.298757439 0.231222118
27.235114000 49.037564426 2.809130046 -28.464912945 -0.010299044 -0.924241507 -0.303528193 0.231391880
27.335003000 49.402781766 2.914850250 -28.786887802 -0.009290192 -0.924035477 -0.304622531 0.230818638
27.434910000 49.763644883 3.015206041 -29.110815739 -0.008366872 -0.923744240 -0.306120518 0.230036526
27.535018000 50.126213387 3.117917786 -29.438192265 -0.010460554 -0.925005655 -0.302918319 0.229119196
27.635154000 50.467939998 3.208273566 -29.740173795 -0.011599633 -0.925839313 -0.300882023 0.228379121
27.735031000 50.815471386 3.297913572 -30.060100078 -0.007935068 -0.926401764 -0.300360588 0.226936825
27.834818000 51.155799492 3.408245122 -30.362117140 -0.005403620 -0.921862650 -0.315245847 0.225300046
27.934776000 51.496309507 3.518195500 -30.652314547 -0.004934987 -0.921705846 -0.316704648 0.223902088
28.034971000 51.847512805 3.625757461 -30.966105778 0.000538877 -0.922351367 -0.315129314 0.223519979
28.135272000 52.202241652 3.719099377 -31.291073750 -0.003756179 -0.925479456 -0.306425292 0.222659397
28.235723000 52.531659433 3.807672372 -31.600338664 -0.006240405 -0.925283553 -0.307853032 0.221445058
28.336109000 52.872779880 3.885711183 -31.928199986 -0.002541665 -0.926939921 -0.304259037 0.219550359
28.436219000 53.209366747 3.971452510 -32.232753591 -0.002391306 -0.925137302 -0.311183134 0.217440363
28.535869000 53.541983259 4.092693446 -32.533708613 -0.000785333 -0.921307389 -0.322629779 0.217030192
28.635294000 53.869276390 4.231553848 -32.838554199 0.020009562 -0.908632887 -0.356108649 0.217192368
28.734931000 54.212662491 4.320385527 -33.172012355 0.029296936 -0.902006644 -0.371767046 0.217520037
28.834990000 54.590902366 4.413400046 -33.499068961 0.018976944 -0.907596689 -0.358570152 0.217567396
28.935167000 54.958943835 4.515608105 -33.844690952 0.008213134 -0.913323993 -0.342529590 0.220102948
29.035455000 55.325499602 4.639296619 -34.174014224 0.015558953 -0.915262833 -0.335824067 0.221977615
29.135870000 55.705440801 4.727523769 -34.547804640 0.009937227 -0.911495463 -0.343156831 0.226540639
29.236011000 56.078525405 4.830701506 -34.933268056 0.003528893 -0.914058612 -0.330539076 0.235007066
29.335952000 56.446777007 4.945568674 -35.330453402 -0.001914422 -0.917484891 -0.313096536 0.245333181
29.435621000 56.813530173 5.080952979 -35.709156475 -0.000032240 -0.917357605 -0.304320183 0.256601342
29.535138000 57.171748629 5.180679272 -36.117257236 0.015483451 -0.915113803 -0.304601176 0.263714077
29.635287000 57.568922146 5.317543965 -36.506290387 0.071386196 -0.919334755 -0.278763745 0.268362430
29.735885000 58.007609220 5.447583033 -36.876977539 0.066039833 -0.918295656 -0.271628568 0.280338635
29.836001000 58.401303162 5.567092674 -37.237552519 0.043084239 -0.916066621 -0.276569993 0.287184146
29.936158000 58.842451243 5.688301487 -37.591029612 0.031362811 -0.914409521 -0.279366277 0.291249180
30.036431000 59.261422634 5.801310659 -37.931907690 0.004391482 -0.911577736 -0.288156625 0.293210685
30.136755000 59.661123376 5.911892640 -38.282034382 -0.006491566 -0.909696232 -0.291070014 0.296123069
30.236918000 60.087930504 6.028766449 -38.641069322 -0.008979789 -0.908743104 -0.291482226 0.298568998
30.336961000 60.507063418 6.136264978 -38.983641904 -0.009544546 -0.908211644 -0.291981248 0.299678933
30.436829000 60.926005235 6.239008048 -39.341114578 -0.006276049 -0.907663661 -0.292293922 0.301117175
30.536560000 61.365753214 6.352513208 -39.692597804 -0.003742075 -0.907381174 -0.293721232 0.300621423
30.636253000 61.778124456 6.447071482 -40.044682070 -0.010110779 -0.907888074 -0.293225375 0.299425946
30.735943000 62.190194581 6.536956872 -40.389588116 -0.010090358 -0.908483213 -0.293551920 0.297293972
30.835656000 62.602130616 6.628869406 -40.736922619 -0.011543050 -0.909360666 -0.294531555 0.293566178
30.935376000 62.990694630 6.700205072 -41.080935530 -0.013218889 -0.909660638 -0.296079739 0.290997549
31.035100000 63.384429671 6.761057277 -41.425844919 -0.013496242 -0.909778311 -0.297602958 0.289056665
31.134947000 63.767718190 6.834991021 -41.761614959 -0.011591703 -0.908605968 -0.302180199 0.288076301
31.234773000 64.146081224 6.878475550 -42.118316298 -0.010959109 -0.908916724 -0.300983472 0.288373432
31.334827000 64.528806672 6.940248669 -42.469030466 -0.010499994 -0.910167442 -0.297998719 0.287544330
31.434994000 64.905049491 7.022802141 -42.826585081 0.002127181 -0.912015998 -0.292771111 0.287240964
31.535243000 65.276072132 7.079974773 -43.160183183 0.002514046 -0.909304003 -0.302191254 0.286077536
31.635580000 65.623216779 7.139698324 -43.481153143 -0.003357798 -0.909194875 -0.302622310 0.285960036
31.735921000 66.025071266 7.233063167 -43.844180498 -0.003742652 -0.909001983 -0.303258340 0.285894677
31.836272000 66.413978886 7.310032056 -44.199483302 -0.006443720 -0.910436919 -0.299189482 0.285567418
31.936620000 66.789963812 7.383297189 -44.542330206 -0.009537636 -0.910982246 -0.297065416 0.285958947
32.037011000 67.163852251 7.465073645 -44.893699293 -0.008170782 -0.911302038 -0.296276653 0.285800594
32.137435000 67.519635800 7.574978574 -45.200688839 -0.002376535 -0.908030516 -0.306930792 0.285076170
32.237544000 67.890519311 7.649316931 -45.549793761 0.004007720 -0.896492864 -0.340618069 0.283308689
32.337501000 68.273743626 7.747246663 -45.915529700 0.003872339 -0.897862819 -0.338513089 0.281489347
32.437339000 68.653499705 7.834386325 -46.270106798 0.007689279 -0.895732117 -0.345234132 0.280032577
32.536878000 69.038890405 7.942657479 -46.636199279 0.000620987 -0.903493377 -0.325412698 0.278937104
32.636322000 69.426509409 8.040899469 -47.013458759 -0.005024646 -0.909598587 -0.308523389 0.278241769
32.735698000 69.810058006 8.150016139 -47.371116702 -0.007225325 -0.912433335 -0.300257903 0.277953945
32.835284000 70.187007911 8.259636314 -47.742595526 -0.009840841 -0.912978986 -0.297137518 0.279431251
32.935217000 70.563878674 8.363311542 -48.111389276 -0.011991773 -0.912922742 -0.295724736 0.281025168
33.035457000 70.914975686 8.479685457 -48.467094668 -0.000117075 -0.909875848 -0.303626158 0.282731468
33.135826000 71.261512479 8.586247209 -48.824593386 0.035867314 -0.908268578 -0.304326264 0.284863567
33.236047000 71.654396079 8.668582702 -49.191524825 0.084497206 -0.908681600 -0.291307694 0.286875931
33.336064000 72.048288398 8.780370621 -49.544874007 0.110550688 -0.912710999 -0.269399346 0.286637697
33.436056000 72.465447239 8.894042593 -49.869003728 0.125213322 -0.912717913 -0.266112222 0.283640477
33.536068000 72.936910811 8.971896043 -50.184625467 0.108515080 -0.913572247 -0.273606539 0.280623751
33.636210000 73.382378594 9.059677965 -50.499869141 0.105630982 -0.917454029 -0.262824684 0.279362463
33.736338000 73.888134912 9.161159541 -50.773968567 0.103119307 -0.919112348 -0.262028789 0.275571793
33.836526000 74.341127240 9.246822822 -51.017990649 0.042475677 -0.919299422 -0.280312817 0.272963579
33.936459000 74.841123655 9.347222180 -51.285723704 0.012861326 -0.918320654 -0.289163258 0.270011802
34.036345000 75.359045609 9.421917606 -51.549510888 -0.006871250 -0.917295190 -0.296362699 0.265878678
34.136269000 75.858330869 9.478988340 -51.829473291 -0.069819313 -0.911138725 -0.309758386 0.262680850
34.236087000 76.340832389 9.536779803 -52.098074666 -0.094078452 -0.907762825 -0.313740176 0.262074417
34.335903000 76.759707634 9.595420988 -52.399803807 -0.121215385 -0.904724454 -0.313973046 0.261154015
34.435698000 77.162694735 9.681114261 -52.704672811 -0.053805882 -0.915817191 -0.300284712 0.261175979
34.535840000 77.560871770 9.793233017 -52.990831929 -0.018454085 -0.919547263 -0.297197507 0.256448668
34.636266000 77.957872236 9.925417684 -53.298901436 -0.004907859 -0.922135342 -0.298608858 0.245916802
34.736458000 78.342685601 10.015685235 -53.597537847 -0.000438129 -0.924942255 -0.299317175 0.234287988
34.836388000 78.718298287 10.112053493 -53.891699736 0.002699155 -0.926376263 -0.300899156 0.226449625
34.935994000 79.097438056 10.170919396 -54.201535800 0.003830758 -0.927865108 -0.300817318 0.220364716
35.035695000 79.460672441 10.195471079 -54.500916949 0.003253294 -0.929097263 -0.300740528 0.215227383
35.135696000 79.829069964 10.229615630 -54.812572148 0.002325227 -0.930586165 -0.301498979 0.207611052
35.235515000 80.200852287 10.247084084 -55.124056353 0.002455401 -0.932826285 -0.301565288 0.197199060
35.335481000 80.584743693 10.283788455 -55.455303745 0.000642497 -0.934302511 -0.302272027 0.188970967
35.435483000 80.955753791 10.275967969 -55.789642027 0.000359934 -0.933790264 -0.306756261 0.184217830
35.535420000 81.296995513 10.283144347 -56.097349699 -0.000151913 -0.934189175 -0.306469025 0.182667183
35.635223000 81.652733232 10.294389057 -56.424049792 0.000590423 -0.935530601 -0.303039792 0.181518680
35.735028000 82.008155935 10.299264362 -56.747930399 0.000253372 -0.936182718 -0.301447250 0.180807661
35.834915000 82.368346083 10.292431093 -57.081681537 0.002203637 -0.936337406 -0.300932330 0.180851154
35.934961000 82.689753948 10.295696109 -57.393351996 0.002950651 -0.936610697 -0.300361016 0.180374490
36.035134000 83.034943870 10.296050865 -57.724849551 0.003442591 -0.937253253 -0.299151147 0.179033739
36.135517000 83.398957388 10.306549501 -58.056068468 0.004769352 -0.937021539 -0.300802317 0.177442537
36.235712000 83.708940416 10.261061890 -58.355901826 0.004552693 -0.937240812 -0.300315234 0.177114914
36.335740000 84.082749367 10.260568084 -58.687806981 0.005593176 -0.937637991 -0.300111270 0.175319538
36.435496000 84.460074205 10.254689061 -59.006344369 0.001892505 -0.938881955 -0.300288074 0.168297851
36.535285000 84.820551853 10.237493249 -59.342912806 -0.042400834 -0.937741527 -0.307972849 0.154905527
36.635175000 85.139976728 10.192460349 -59.653178568 -0.060339081 -0.941954263 -0.301791321 0.134176603
36.735054000 85.478434614 10.170786271 -59.992583498 -0.046643546 -0.944880548 -0.304331711 0.111388237
36.835293000 85.753281163 10.178998574 -60.307433495 -0.020971571 -0.947774522 -0.304191394 0.093548090
36.935668000 86.051132885 10.188676406 -60.649810950 -0.001068854 -0.948833254 -0.305919503 0.078278802
37.035841000 86.396441945 10.200957506 -60.986436807 0.007317217 -0.950130786 -0.305796630 0.060715480
37.135794000 86.660921413 10.229359853 -61.319631472 0.009508493 -0.951414700 -0.304391985 0.045444220
37.235575000 86.911317108 10.267286240 -61.623891173 0.009173553 -0.951893182 -0.304845290 0.029741641
37.335320000 87.213634433 10.296046371 -61.924655937 0.007768913 -0.952073423 -0.305306029 0.016854356
37.434923000 87.566973639 10.289317280 -62.215618958 0.008267564 -0.952283035 -0.305042308 0.006152905
37.534561000 87.849101173 10.342502240 -62.518750046 0.009260180 -0.952598446 -0.304085821 0.001504066
37.634233000 88.120610939 10.351621656 -62.765489652 0.008326483 -0.952632207 -0.304008479 -0.001180260
37.734269000 88.407437350 10.393837016 -63.057068285 0.009076187 -0.952139563 -0.305475767 -0.005694916
37.834550000 88.691557477 10.430057797 -63.349443748 0.009958333 -0.952000171 -0.305838557 -0.007699487
37.934710000 89.016023454 10.535292343 -63.601518746 -0.004058774 -0.952056731 -0.305721472 -0.010290196
38.034627000 89.265376150 10.666428281 -63.879310669 -0.065022756 -0.950492576 -0.303642335 -0.011714795
38.134443000 89.503650974 10.823812114 -64.202756690 -0.111340669 -0.946452551 -0.302783059 -0.012379139
38.234064000 89.713772781 10.871725942 -64.461540444 -0.129594885 -0.944392781 -0.302047833 -0.009723509
38.333714000 89.879678298 11.017547572 -64.754302164 -0.113649432 -0.946267553 -0.302728832 -0.004096184
38.433658000 90.035969387 11.141747977 -65.013059969 -0.096328494 -0.948202816 -0.302703328 -0.001713744
38.533874000 90.168780092 11.267283776 -65.268809158 -0.054813861 -0.951184624 -0.303715706 -0.000146387
38.634055000 90.305483799 11.412875186 -65.473831416 -0.011849961 -0.947676749 -0.319010871 -0.000649105
38.734305000 90.429147208 11.560358265 -65.747198286 0.006047852 -0.941030113 -0.338258134 -0.002680495
38.834532000 90.557111343 11.738462665 -66.003821798 0.013282646 -0.940362934 -0.339867245 -0.005601638
38.934718000 90.679803973 11.955892145 -66.259935138 0.015943422 -0.943231547 -0.331664903 -0.007645124
39.034715000 90.798229071 12.127951871 -66.525587718 0.016747301 -0.944478589 -0.328020757 -0.009061251
39.134702000 90.935536617 12.322299245 -66.775334726 0.016960491 -0.946022405 -0.323519810 -0.009427817
39.234548000 91.062915997 12.560793358 -67.016683674 0.015482498 -0.942497500 -0.333713675 -0.009692117
39.334511000 91.196917385 12.764989611 -67.289000871 0.011766511 -0.936028951 -0.351385642 -0.015475225
39.434784000 91.357790191 12.963575893 -67.601250921 -0.011031177 -0.934908964 -0.354106236 -0.020792217
39.534750000 91.454973980 13.161270761 -67.922657363 -0.052106268 -0.939386633 -0.337972196 -0.024748430
39.634591000 91.506744821 13.372683518 -68.223015949 -0.032111010 -0.940133605 -0.338745487 -0.019214125
39.734346000 91.635068886 13.519374277 -68.551280838 -0.011255733 -0.946410657 -0.322293425 -0.017525010
39.833992000 91.804754070 13.722304509 -68.888983001 -0.022467209 -0.951336855 -0.306616012 -0.020977006
39.933569000 91.899245002 13.907009176 -69.218757132 -0.054643760 -0.952522365 -0.298570360 -0.023894426
40.033191000 91.983024002 14.057417937 -69.533802983 -0.070462138 -0.952911691 -0.293329282 -0.030859808
40.133205000 92.040741409 14.194704029 -69.847443165 -0.084425781 -0.953250513 -0.287832682 -0.036579970
40.233134000 92.096910747 14.354338170 -70.157906669 -0.052329145 -0.954646780 -0.290359772 -0.040029853
40.333185000 92.126724973 14.515608857 -70.477695371 -0.016582393 -0.953244049 -0.298624800 -0.043290145
40.433237000 92.185257568 14.658552615 -70.795292231 0.001387316 -0.953549150 -0.297058636 -0.049982606
40.533130000 92.219304546 14.795740120 -71.093145355 0.007461454 -0.953231256 -0.297065635 -0.055195172
40.632976000 92.226516809 14.921271326 -71.394619816 0.002231661 -0.953560756 -0.295652364 -0.057502904
40.732882000 92.284741326 15.064691997 -71.707395410 -0.000108342 -0.953149581 -0.296479058 -0.060050250
40.832950000 92.329119653 15.189845091 -71.989847799 0.004158198 -0.949233391 -0.308693197 -0.060391960
40.933150000 92.355586312 15.308879251 -72.285471887 -0.003571745 -0.949019902 -0.309847091 -0.057820825
41.033403000 92.372626550 15.414651192 -72.568024176 -0.024850136 -0.951185616 -0.302453011 -0.056129948
41.133579000 92.398783012 15.546633383 -72.837243561 -0.012761515 -0.950349134 -0.306270515 -0.053591411
41.233713000 92.425668986 15.693993329 -73.133176948 -0.000203756 -0.952101369 -0.301585112 -0.050491198
41.333851000 92.492000496 15.811661477 -73.417093846 -0.005846087 -0.953379612 -0.297235569 -0.051808832
41.434033000 92.570139815 15.893627454 -73.698949115 -0.042200728 -0.953322892 -0.292780156 -0.060616351
41.534156000 92.591412494 15.990729432 -73.987132268 -0.099196787 -0.950847619 -0.285687137 -0.066570737
41.634245000 92.571043672 16.081209056 -74.253319572 -0.136972762 -0.948403762 -0.277576018 -0.068704584
41.734176000 92.539814738 16.175622831 -74.533316567 -0.131553976 -0.948398624 -0.280094772 -0.069141312
41.834057000 92.484157681 16.263445076 -74.797631170 -0.093891945 -0.950884159 -0.285934284 -0.072423788
41.933965000 92.417797733 16.364250662 -75.039946935 -0.084647396 -0.951447678 -0.285596881 -0.077566466
42.033842000 92.320667269 16.463007070 -75.295378923 -0.028503173 -0.953400433 -0.289133451 -0.081345130
42.133998000 92.212103770 16.589278445 -75.533007902 -0.003404433 -0.953786199 -0.288175660 -0.085059311
42.234316000 92.126846560 16.708182142 -75.767827367 0.006170544 -0.952687403 -0.290459927 -0.089340174
42.334629000 92.040113603 16.842269557 -75.983313437 0.008237571 -0.940622343 -0.326110127 -0.093882561
42.434867000 91.949117120 16.944610203 -76.233160839 0.007891867 -0.941730928 -0.322441869 -0.095455851
42.535128000 91.877574140 17.089711028 -76.457401636 0.028326990 -0.942848684 -0.318235541 -0.094657702
42.635421000 91.813409323 17.245020434 -76.691547660 0.046621464 -0.947914807 -0.301025837 -0.093098893
42.735763000 91.756170382 17.407005796 -76.914466774 0.039388556 -0.950095743 -0.295359752 -0.092353868
42.836087000 91.706394282 17.539438429 -77.144373202 0.033770951 -0.948283786 -0.301695884 -0.092719890
42.936376000 91.641023794 17.675263167 -77.389117950 0.022307447 -0.950196297 -0.296868046 -0.092188598
43.036487000 91.612326576 17.816664811 -77.605370041 0.012848310 -0.952843789 -0.289320108 -0.090650478
43.136341000 91.619584954 17.958053130 -77.848101743 0.006169550 -0.946242265 -0.310359260 -0.090910082
43.235901000 91.615519910 18.064382951 -78.119085280 0.003106554 -0.942898380 -0.321000896 -0.088833658
43.335375000 91.592579019 18.184884132 -78.361476275 0.002902929 -0.947246232 -0.308997284 -0.085069543
43.434817000 91.581478965 18.277801215 -78.585145280 0.004307474 -0.947944165 -0.307537735 -0.082485437
43.534332000 91.548397952 18.434094586 -78.752928141 0.001643941 -0.937025654 -0.339600014 -0.081560107
43.633905000 91.536109158 18.525773469 -78.975275462 -0.001235783 -0.934583919 -0.346562742 -0.080284730
43.733590000 91.560376381 18.625872317 -79.204036129 -0.000392495 -0.932258916 -0.352833173 -0.080011939
43.833480000 91.510815887 18.797083666 -79.450794170 -0.001042174 -0.933162805 -0.351123191 -0.076932432
43.933771000 91.464550506 18.903621192 -79.736036660 -0.003372638 -0.924733141 -0.373571550 -0.072811675
44.034226000 91.458153756 19.022854988 -80.012153001 -0.002821774 -0.929345929 -0.362251014 -0.071290845
44.134649000 91.459037481 19.110004521 -80.333508166 -0.002349581 -0.930358536 -0.359889494 -0.070050165
44.234605000 91.446125935 19.267568700 -80.630750233 -0.002957860 -0.936137656 -0.345034143 -0.067742006
44.334415000 91.448238312 19.350342070 -80.993475403 -0.000059413 -0.942627631 -0.327399361 -0.065290151
44.434097000 91.436952949 19.475339930 -81.334257126 0.000690984 -0.951348487 -0.301662135 -0.062733844
44.533793000 91.478449802 19.617048754 -81.660432057 -0.011953860 -0.957937390 -0.279558245 -0.063720090
44.633678000 91.499947278 19.729537112 -81.998592743 -0.029986573 -0.956902340 -0.281459620 -0.064955371
44.733707000 91.467092467 19.843715141 -82.288730398 -0.056682181 -0.956792434 -0.277483238 -0.065866686
44.833787000 91.463251233 19.956725648 -82.606303582 -0.023763530 -0.956537393 -0.282783096 -0.067121011
44.933890000 91.457282981 20.064565304 -82.934525000 -0.005711624 -0.956052460 -0.284690928 -0.069872364
45.034015000 91.453077308 20.158994563 -83.245551250 0.002531045 -0.955343514 -0.286194059 -0.073520912
45.134339000 91.425518369 20.226457278 -83.546132071 0.003888868 -0.954406012 -0.288450966 -0.076746869
45.234503000 91.363663627 20.277729398 -83.824060527 0.004098851 -0.952057119 -0.296081911 -0.076850135
45.334713000 91.352045735 20.320502372 -84.144998469 0.004332585 -0.953071544 -0.292374886 -0.078439700
45.434748000 91.374149736 20.396028688 -84.451278584 0.005309743 -0.951860779 -0.295532416 -0.081200092
45.534582000 91.339846054 20.450261020 -84.744219802 0.003580931 -0.951789988 -0.296629072 -0.078065288
45.634333000 91.317340535 20.521064589 -85.043653320 0.003687756 -0.951561242 -0.298218358 -0.074722242
45.734132000 91.330411387 20.611768566 -85.341989921 0.001869710 -0.947418547 -0.311491508 -0.073264182
45.833970000 91.322678451 20.665401459 -85.604877059 -0.001843071 -0.941906612 -0.328671234 -0.069164703
45.934065000 91.319055957 20.764579074 -85.897752260 -0.001011081 -0.938811224 -0.338305068 -0.064669496
46.034169000 91.353219972 20.859945246 -86.208768545 -0.000441907 -0.934917942 -0.349655310 -0.060575664
46.134502000 91.380282137 20.946116379 -86.517975060 -0.000879104 -0.932079402 -0.357435711 -0.058880634
46.234844000 91.404873276 21.040219468 -86.832108791 -0.009558909 -0.929645729 -0.363789819 -0.057657734
46.335030000 91.401556585 21.106421825 -87.190452851 -0.020781326 -0.936157382 -0.346240892 -0.057399808
46.435040000 91.422302926 21.196857871 -87.571531286 -0.015297086 -0.948624869 -0.310638293 -0.058143855
46.535062000 91.409685108 21.286887928 -87.916396661 -0.007917044 -0.953066339 -0.297034520 -0.058072093
46.634888000 91.378965401 21.359413773 -88.274113626 -0.004282913 -0.955138099 -0.290826217 -0.055794085
46.734527000 91.386570235 21.439190439 -88.641383243 -0.002692021 -0.956294387 -0.287152086 -0.055113327
46.834115000 91.401054521 21.528413085 -88.971092251 -0.002082203 -0.956993234 -0.285016900 -0.054083092
46.933856000 91.424738288 21.661933930 -89.277041321 -0.008684125 -0.946672512 -0.317576897 -0.053671737
47.033881000 91.417074515 21.775396821 -89.611253115 -0.011480638 -0.935010134 -0.350813844 -0.050536031
47.134109000 91.428947962 21.840619576 -89.964662223 -0.007207542 -0.932849584 -0.357272825 -0.045780280
47.234293000 91.466146432 21.945363344 -90.314330221 -0.005442234 -0.933100690 -0.357009659 -0.042867084
47.334488000 91.447903529 22.034609130 -90.668816982 -0.006049565 -0.934584738 -0.353784492 -0.036760073
47.434426000 91.424475225 22.142728576 -91.012335677 -0.005922822 -0.934834339 -0.353606646 -0.031812246
47.534350000 91.417418271 22.227357036 -91.407027052 -0.006650393 -0.929284563 -0.368117912 -0.029583379
47.634381000 91.414824330 22.317344798 -91.805714405 -0.006727299 -0.925959747 -0.376584149 -0.027160080
47.734575000 91.444249551 22.400855649 -92.242029922 -0.007947829 -0.924743214 -0.379582555 -0.026531194
47.834980000 91.456936967 22.512199882 -92.695197387 -0.005680665 -0.926880087 -0.374745431 -0.020661462
47.935351000 91.446122187 22.611318269 -93.171609404 -0.004749509 -0.929855757 -0.367597667 -0.014753608
48.035599000 91.494185381 22.743001652 -93.632969299 -0.002963610 -0.944227493 -0.328952537 -0.014693078
48.136029000 91.514651549 22.892882127 -94.105475610 -0.004132532 -0.954344863 -0.298370584 -0.013557253
48.236130000 91.558379954 23.040970902 -94.555134238 -0.003660615 -0.958902408 -0.283285371 -0.015561824
48.336167000 91.604505914 23.172054537 -94.982870993 -0.004223707 -0.960049110 -0.279239502 -0.017696554
48.436247000 91.654020008 23.322864191 -95.431082305 -0.001780762 -0.960396456 -0.277892382 -0.020280537
48.536351000 91.694250916 23.457253160 -95.858255790 -0.004334965 -0.960792200 -0.276272861 -0.023083820
48.636353000 91.743076179 23.614886343 -96.269718849 -0.003502826 -0.960657513 -0.276422562 -0.026747703
48.736251000 91.784493117 23.801070661 -96.696192147 0.003418645 -0.960513397 -0.276527218 -0.030578182
48.836072000 91.827730093 23.897781167 -97.018033829 -0.001151226 -0.959900482 -0.278489380 -0.032146610
48.935879000 91.893079267 24.061992094 -97.445447436 -0.003326997 -0.959098146 -0.281226969 -0.032110260
49.035744000 91.965784288 24.194281094 -97.800991053 -0.005351061 -0.958765529 -0.282727486 -0.028375965
49.135606000 92.045329886 24.357805751 -98.210203489 -0.004234623 -0.958827199 -0.283114723 -0.021875212
49.235286000 92.110144262 24.519481138 -98.614726417 -0.002837456 -0.958776157 -0.284080075 -0.006224166
49.334894000 92.168059660 24.716040568 -99.007385172 -0.002237287 -0.958724342 -0.283933003 0.014989315
49.434450000 92.237593538 24.871261581 -99.362548494 -0.002321020 -0.957915593 -0.284552888 0.037709189
49.534154000 92.315551606 25.026001576 -99.703038480 -0.004256715 -0.957336497 -0.283093935 0.057849241
49.634480000 92.401685528 25.189033572 -100.037368079 -0.003790040 -0.956140234 -0.282816371 0.076134024
49.735334000 92.491585542 25.370279043 -100.365184488 -0.002950672 -0.955109502 -0.282474766 0.089247630
49.836340000 92.595655291 25.602667750 -100.728272995 -0.003702215 -0.954656769 -0.280762852 0.098939212
49.936987000 92.724705258 25.750626686 -101.007663229 -0.005331197 -0.954690757 -0.279053600 0.103277414
50.037160000 92.814938848 25.954584361 -101.361885469 -0.006004630 -0.954265179 -0.279452302 0.106058113
50.137073000 92.921761166 26.140593096 -101.703301559 -0.004187134 -0.953806428 -0.280235565 0.108184072
50.236609000 93.005224706 26.307074430 -102.030182586 -0.004855582 -0.954408312 -0.276285234 0.112905568
50.335836000 93.100914933 26.459764442 -102.363172297 -0.004911926 -0.952770383 -0.280642543 0.115949271
50.435087000 93.224386269 26.619618173 -102.697632093 -0.005735559 -0.951702759 -0.283695112 0.117243531
50.534290000 93.328943277 26.780638923 -103.026193967 -0.004284694 -0.951866887 -0.282359267 0.119181854
50.633573000 93.441769248 26.933136670 -103.369831765 -0.004686126 -0.951334738 -0.283420250 0.120885145
50.733109000 93.570074637 27.092350153 -103.692050743 -0.004157815 -0.950927214 -0.284636347 0.121253025
50.832800000 93.697799238 27.244057120 -104.009336223 -0.005322038 -0.950980420 -0.283121557 0.124298434
50.932707000 93.816795558 27.358004717 -104.318163376 -0.006439947 -0.950334147 -0.283350861 0.128591702
51.032939000 93.948104127 27.488959828 -104.621254510 -0.006003333 -0.949853107 -0.283318423 0.132188144
51.133514000 94.090369489 27.601118671 -104.916944072 -0.005695184 -0.949029451 -0.282006068 0.140652923
51.233829000 94.225254598 27.708560467 -105.196572616 -0.006328243 -0.947093403 -0.282344987 0.152497043
51.334005000 94.340617914 27.836121973 -105.491570679 0.010655427 -0.946235619 -0.278985267 0.163376365
51.434093000 94.496125238 27.967104109 -105.749473005 0.014476098 -0.945303816 -0.278517457 0.169171995
51.534109000 94.636420955 28.071370055 -106.013471391 0.004197366 -0.944424141 -0.279765002 0.172560041
51.633761000 94.786205129 28.151914661 -106.275614454 -0.004653596 -0.950496681 -0.256799303 0.174895744
51.733159000 94.920014348 28.249863093 -106.500339854 -0.008783084 -0.952621402 -0.249109294 0.174298252
51.832641000 95.063445898 28.338821162 -106.713241801 -0.009297335 -0.951882473 -0.253571130 0.171857498
51.932205000 95.202554001 28.405300373 -106.940366832 -0.008860439 -0.948683916 -0.267765263 0.167994298
52.031845000 95.345351149 28.446206277 -107.153761266 -0.009077847 -0.947313395 -0.275320554 0.163442702
52.131776000 95.496171033 28.501547132 -107.392837008 -0.010582733 -0.951284337 -0.263927559 0.159023143
52.231622000 95.633800170 28.549336791 -107.604551417 -0.008831953 -0.950907752 -0.266958721 0.156299343
52.331485000 95.773080822 28.590462591 -107.813671680 -0.006938471 -0.948837151 -0.274643973 0.155661836
52.431365000 95.898899270 28.609465839 -108.009813973 -0.005407478 -0.946334745 -0.278909899 0.163188777
52.531000000 96.026439371 28.623489951 -108.198061982 -0.004456008 -0.944031451 -0.279102017 0.175746487
52.630457000 96.158073527 28.635348044 -108.386841175 -0.003776408 -0.941270388 -0.278088459 0.191474813
52.729843000 96.274399747 28.645039571 -108.575101551 -0.003760793 -0.938301326 -0.277448009 0.206395448
52.829442000 96.425609658 28.653114471 -108.771464370 0.000394113 -0.935718136 -0.276855160 0.218592394
52.929337000 96.538244876 28.669369221 -108.973466213 0.007962717 -0.932267092 -0.274144363 0.235922725
53.029625000 96.675876431 28.696525104 -109.181295506 0.041012732 -0.929989444 -0.264278097 0.252179852
53.130363000 96.830549125 28.716515670 -109.348743983 0.071407441 -0.926694742 -0.252820842 0.268736774
53.230914000 97.057324110 28.787269220 -109.536820591 0.067011675 -0.923460724 -0.250276642 0.283004115
53.331283000 97.251936556 28.812522949 -109.695218681 0.031402341 -0.921964576 -0.249990493 0.294108767
53.431397000 97.417431459 28.851529235 -109.810306827 0.003872982 -0.920684090 -0.244497914 0.304214689
53.531255000 97.592653899 28.887976135 -109.934452449 -0.004769920 -0.916183585 -0.251454263 0.312018653
53.631072000 97.764283253 28.892032092 -110.055190960 -0.005602740 -0.912253086 -0.260395373 0.316160034
53.731066000 97.927032644 28.932063339 -110.151528348 -0.011010229 -0.913204211 -0.251744244 0.320252526
53.831039000 98.105679733 28.959408226 -110.272592529 -0.007766196 -0.910727724 -0.260042279 0.320768939
53.931173000 98.284186193 28.979036897 -110.375102957 -0.006487881 -0.909841510 -0.263559926 0.320441102
54.031587000 98.463787776 28.989982709 -110.495109913 -0.008467549 -0.912466170 -0.256724696 0.318474833
54.132189000 98.643764199 29.011962636 -110.600409198 -0.014316750 -0.918419364 -0.237989921 0.315692414
54.232617000 98.819803778 29.037923845 -110.670992007 -0.017267190 -0.921271516 -0.230737546 0.312603300
54.332925000 98.979403915 29.055616623 -110.751326480 -0.016626811 -0.920112349 -0.235035751 0.312849821
54.432997000 99.114038521 29.059183002 -110.839166104 -0.010901737 -0.916652663 -0.240141617 0.319313407
54.532685000 99.270598030 29.065210384 -110.900395091 0.013110664 -0.914185028 -0.230819332 0.332890794
54.632050000 99.401279671 29.079182068 -110.965002662 0.009560635 -0.910988921 -0.221973078 0.347470478
54.731665000 99.542152155 29.125691043 -111.018816522 -0.012094445 -0.910242266 -0.203782181 0.360257636
54.831600000 99.683100709 29.151478670 -111.046833774 -0.016594331 -0.903714601 -0.216414450 0.369038390
54.931640000 99.807848989 29.176511187 -111.085282784 -0.012933541 -0.898008344 -0.231077303 0.374188478
55.031715000 99.934233861 29.224449614 -111.108188483 -0.010376442 -0.893817962 -0.243303650 0.376543642
55.131868000 100.051307053 29.261167119 -111.093743817 -0.012970232 -0.894933428 -0.239063965 0.376529353
55.231799000 100.161074955 29.316569042 -111.065385266 -0.021095489 -0.900229433 -0.220068526 0.375115705
55.331722000 100.259459071 29.386237601 -111.010364511 -0.023492783 -0.903572618 -0.209679367 0.372879573
55.431773000 100.367502711 29.453484449 -110.986599534 -0.020791682 -0.905309185 -0.207917877 0.369801491
55.531874000 100.452239645 29.522861134 -110.906897000 -0.018404765 -0.906335333 -0.208158213 0.367270592
55.631805000 100.514831872 29.579453112 -110.828706037 -0.016933974 -0.905221518 -0.216544554 0.365233761
55.731613000 100.571730874 29.637620952 -110.706192062 -0.001663910 -0.909976384 -0.201239828 0.362550333
55.831420000 100.630602238 29.734209567 -110.596433907 -0.002548857 -0.906711348 -0.218737997 0.360585250
55.931328000 100.692198888 29.783987218 -110.490923610 -0.003799203 -0.900385767 -0.245968055 0.358874286
56.031388000 100.748198536 29.829806749 -110.364959642 -0.002731243 -0.897868524 -0.257410263 0.357161882
56.131610000 100.825969434 29.876774145 -110.269123647 -0.000809500 -0.897302143 -0.261801248 0.355398813
56.231848000 100.903168491 29.894615718 -110.191875847 -0.002596104 -0.897537523 -0.263456245 0.353568186
56.332119000 100.984349784 29.944975610 -110.110314255 -0.002093708 -0.898691774 -0.265068083 0.349410394
56.432579000 101.071457332 29.949495204 -110.022584125 -0.002384398 -0.898790148 -0.265369411 0.348926439
56.532944000 101.157104500 29.954350354 -109.923410137 -0.002871396 -0.898657356 -0.263713554 0.350516581
56.633213000 101.246785376 29.957798340 -109.827218783 -0.001414560 -0.897484553 -0.263414165 0.353740658
56.733266000 101.345072603 29.960794777 -109.737958928 -0.002636304 -0.896093658 -0.261789191 0.358434968
56.833210000 101.444889379 29.954109312 -109.650510564 -0.003098854 -0.893787299 -0.259939573 0.365466935
56.933104000 101.551045804 29.952242724 -109.569077596 -0.001265499 -0.891233313 -0.258723463 0.372510066
57.033014000 101.655584966 29.932563547 -109.479896165 -0.000431300 -0.889001860 -0.257675480 0.378521934
57.132813000 101.767790413 29.915838638 -109.390577044 -0.000762592 -0.886692090 -0.256543172 0.384658494
57.232484000 101.884853505 29.914100771 -109.307425581 -0.001429520 -0.883913289 -0.255596706 0.391619175
57.332344000 102.009548233 29.912958510 -109.221559254 -0.002697030 -0.880682253 -0.252596366 0.400732542
57.432174000 102.135788649 29.902469800 -109.134537444 -0.002941671 -0.878340038 -0.252122592 0.406133382
57.532117000 102.267379845 29.877641599 -109.049745048 -0.004342930 -0.877057996 -0.252091966 0.408901029
57.631948000 102.403493910 29.855838361 -108.974964358 -0.004005888 -0.876391096 -0.252418074 0.410131340
57.731580000 102.571439971 29.863087989 -108.916959836 -0.004097163 -0.876173746 -0.252329131 0.410649229
57.831107000 102.732402138 29.863858815 -108.863040439 -0.003799757 -0.875977771 -0.252583068 0.410913981
57.930559000 102.884873496 29.854029231 -108.808941362 -0.002545868 -0.875719725 -0.253392886 0.410975093
58.029978000 103.039911355 29.836648750 -108.747290436 -0.006134856 -0.876045446 -0.255141784 0.409156951
58.129543000 103.196200926 29.812150486 -108.690657047 -0.043155924 -0.874088451 -0.269749843 0.401673958
58.229213000 103.316079763 29.791695580 -108.634837727 -0.080281590 -0.872459337 -0.282903017 0.390301747
58.329179000 103.444462953 29.791909495 -108.601236483 -0.091198115 -0.874849339 -0.287630017 0.378933387
58.429478000 103.554881174 29.773728385 -108.569859652 -0.073120767 -0.881853462 -0.282738864 0.370198000
58.529999000 103.661198572 29.772717536 -108.560548477 -0.036234596 -0.889798916 -0.270698998 0.365604973
58.630392000 103.760258602 29.759397504 -108.547734143 -0.012702916 -0.895981835 -0.264054798 0.356833647
58.730682000 103.861221198 29.736056998 -108.537657735 -0.002877785 -0.900497976 -0.262520340 0.346667253
58.830783000 103.974735291 29.714003987 -108.534046621 0.000276924 -0.903137818 -0.262853907 0.339484650
58.930605000 104.063177531 29.669052850 -108.529373579 0.001996987 -0.904707367 -0.262325672 0.335687107
59.030143000 104.159230185 29.659055883 -108.524143363 0.004251948 -0.904125018 -0.266172854 0.334203356
59.129827000 104.246195268 29.640595541 -108.502398194 0.004567117 -0.903075965 -0.269888183 0.334055852
59.229538000 104.353067254 29.623599286 -108.490672046 0.003418278 -0.904548574 -0.265239051 0.333808984
59.329387000 104.486052956 29.610845420 -108.473576704 -0.001341965 -0.906495123 -0.263981584 0.329512541
59.429461000 104.635444688 29.597267341 -108.454387312 -0.021553772 -0.907647889 -0.269898124 0.320726904
59.529644000 104.746438161 29.597688692 -108.429606608 -0.039614041 -0.909684987 -0.272469061 0.310909251
59.629799000 104.891033089 29.635682839 -108.405378779 -0.055425195 -0.913413441 -0.271637481 0.298021832
59.730012000 105.007274283 29.689053488 -108.340356274 -0.086943792 -0.914788431 -0.275150797 0.282656934
59.830184000 105.090606284 29.734610368 -108.282021795 -0.122623126 -0.911639373 -0.285156993 0.269374670
59.930218000 105.157778105 29.748974683 -108.285234524 -0.132158369 -0.911049593 -0.291006794 0.260457003
60.030393000 105.189969657 29.757313320 -108.308331509 -0.135986712 -0.910381158 -0.296124093 0.254998593
60.131054000 105.180430153 29.775926087 -108.339072843 -0.132446406 -0.911480776 -0.297537805 0.251260821
60.231923000 105.138256281 29.794155945 -108.396763921 -0.119363407 -0.914354555 -0.295700119 0.249538704
60.333017000 105.082033229 29.832986188 -108.457865091 -0.104942653 -0.917975194 -0.293239946 0.245599098
60.433953000 105.001293998 29.906871955 -108.531001022 -0.100767988 -0.920542713 -0.292125936 0.238975653
60.534406000 104.903497404 30.006105012 -108.617307788 -0.094213089 -0.923956840 -0.289924806 0.231022202
60.634320000 104.778527359 30.122295283 -108.710548810 -0.086700773 -0.927328625 -0.288286112 0.222341438
60.733846000 104.635521884 30.247721487 -108.812596176 -0.058210978 -0.933908155 -0.282004571 0.211897293
60.833166000 104.503919395 30.369695305 -108.892189379 -0.049383192 -0.937611757 -0.280509981 0.199398207
60.932542000 104.361644023 30.517069678 -108.986195459 -0.065048168 -0.938709098 -0.282662438 0.186268385
61.031960000 104.208442060 30.683744684 -109.096920657 -0.073429895 -0.940127664 -0.283786242 0.173877529
61.131780000 104.043435401 30.875695693 -109.218203263 -0.038131399 -0.945886816 -0.278219450 0.162597863
61.231818000 103.913809122 31.008622823 -109.308950185 -0.011473152 -0.949752111 -0.274329579 0.150275004
61.331958000 103.791961320 31.053584103 -109.273500870 -0.000366804 -0.951737106 -0.273883639 0.138506676
61.432062000 103.656418915 31.185121213 -109.371857394 0.012860219 -0.954866176 -0.269284820 0.124703193
61.532096000 103.528474050 31.299550185 -109.465030197 0.042071920 -0.957818582 -0.262901011 0.108150712
61.632243000 103.424312959 31.419035043 -109.543570242 0.067670755 -0.962121159 -0.248670905 0.088917521
61.732414000 103.346269496 31.519662407 -109.615867599 0.084457882 -0.966273567 -0.233589195 0.067958431
61.832577000 103.287796933 31.621760717 -109.676518634 0.092706545 -0.970256706 -0.218724110 0.046553029
61.932813000 103.261792404 31.716049366 -109.722603086 0.100807185 -0.972084766 -0.210454607 0.024453581
62.032987000 103.268593671 31.799961122 -109.743226228 0.101452350 -0.973047064 -0.207083343 0.001822179
62.133068000 103.307497520 31.873181213 -109.732175443 0.087416322 -0.972764681 -0.213824942 -0.019135197
62.232883000 103.361526125 31.942065866 -109.702689463 0.083670372 -0.969299763 -0.228145762 -0.037506671
62.332706000 103.454851874 32.001189889 -109.665623298 0.067488115 -0.967795131 -0.237012134 -0.051411930
62.432526000 103.566261273 32.038320801 -109.616812622 0.027570215 -0.962661517 -0.262639428 -0.059524932
62.532284000 103.686395720 32.051142252 -109.555731153 0.008671571 -0.960304862 -0.272231067 -0.060246345
62.632031000 103.816170466 32.069343391 -109.499334618 -0.008374323 -0.959663475 -0.275861559 -0.053631013
62.731680000 103.945571841 32.079458957 -109.446568869 -0.021045515 -0.959331839 -0.279155175 -0.036220123
62.831420000 104.081929787 32.094186837 -109.374782946 -0.030172850 -0.958835316 -0.282225243 -0.008564378
62.931303000 104.196233663 32.113203914 -109.277210771 -0.029951944 -0.958365585 -0.283142370 0.021649125
63.031438000 104.305763529 32.131273760 -109.186717369 -0.019181895 -0.958399187 -0.280490415 0.049276567
63.131971000 104.416087885 32.144935724 -109.105948908 -0.022102280 -0.956336596 -0.281498124 0.075436129
63.232469000 104.534645392 32.145659735 -109.020024139 -0.034660220 -0.953595559 -0.283004551 0.096760543
63.332982000 104.624921887 32.146600484 -108.944048467 -0.040627248 -0.952002942 -0.282850564 0.109705891
63.433644000 104.709393295 32.146146610 -108.872284990 -0.032436752 -0.952202702 -0.280491754 0.116542902
63.534166000 104.791103087 32.131276661 -108.815228728 -0.018751653 -0.952844945 -0.278633623 0.118735800
63.634332000 104.878254940 32.116487047 -108.750433540 -0.003803687 -0.953306661 -0.278214947 0.117423958
63.734304000 104.943070390 32.071302268 -108.712488004 0.000334078 -0.954126612 -0.276349348 0.115209957
63.834110000 105.024384931 32.017047835 -108.667188059 0.003321347 -0.954656819 -0.275527934 0.112710620
63.933889000 105.113665894 31.946642379 -108.648171919 0.003486803 -0.955433777 -0.273734926 0.110468683
64.033608000 105.214229077 31.861508686 -108.615274592 0.007221242 -0.955553509 -0.273242017 0.110472372
64.133383000 105.308867685 31.791270304 -108.597744996 0.023701857 -0.955841327 -0.270223374 0.113070367
64.233067000 105.422284268 31.697282158 -108.564050594 0.028432167 -0.955536506 -0.270191594 0.114621549
64.332879000 105.546887241 31.598733786 -108.523891276 0.017015882 -0.955139636 -0.272022963 0.115854405
64.432654000 105.667895749 31.509274596 -108.501990151 0.009508682 -0.954869775 -0.273052683 0.116514080
64.532558000 105.809710405 31.402690600 -108.470842633 0.007478177 -0.954945628 -0.274377315 0.112871671
64.632741000 105.944856852 31.307060802 -108.410086938 0.006335519 -0.955644919 -0.273625561 0.108773626
64.732995000 106.098706290 31.217479148 -108.362347730 0.005213726 -0.955869812 -0.274692638 0.104065722
64.833110000 106.276131821 31.160885839 -108.290044780 -0.003630864 -0.956077941 -0.275648151 0.099598615
64.933047000 106.434365254 31.119161543 -108.211048744 -0.047766303 -0.956482072 -0.271097024 0.096782388
65.032861000 106.598569832 31.077124938 -108.103421633 -0.067631053 -0.954320249 -0.273211744 0.100270868
65.132463000 106.723395587 31.042456581 -108.017442026 -0.056824833 -0.951841861 -0.279616005 0.112173529
65.231803000 106.846101468 31.028100616 -107.918360759 -0.031713310 -0.951252923 -0.279173823 0.127177507
65.331288000 106.962038117 31.033324930 -107.816009081 -0.013486052 -0.950317815 -0.275955777 0.143396602
65.430920000 107.088007043 31.037507488 -107.717141046 -0.009772588 -0.947888882 -0.274619283 0.161230933
65.530726000 107.205656291 31.051826536 -107.624467327 -0.004804429 -0.945300673 -0.272717289 0.178910129
65.630980000 107.320981166 31.074067824 -107.531424461 0.000759474 -0.943013128 -0.271397534 0.192533223
65.731605000 107.479198081 31.076849797 -107.424932659 0.002731408 -0.943251491 -0.262490699 0.203390748
65.832157000 107.603485320 31.134497715 -107.316510641 -0.001432735 -0.946574242 -0.241980901 0.213167529
65.932505000 107.732505286 31.208555456 -107.213274938 -0.005781966 -0.949397359 -0.225780281 0.218253267
66.032607000 107.867068942 31.273574471 -107.101401264 -0.008200242 -0.951368056 -0.216324503 0.219169542
66.132564000 108.042129111 31.394595662 -106.967166788 -0.035222524 -0.948434927 -0.227658961 0.217719912
66.232220000 108.155585246 31.496787018 -106.851704942 -0.077378513 -0.938959180 -0.256086533 0.216305136
66.331989000 108.250222650 31.540329514 -106.752020881 -0.101469057 -0.934268493 -0.271335356 0.207902711
66.432160000 108.328571376 31.580230361 -106.666293830 -0.102892616 -0.937301983 -0.273374004 0.190117746
66.532533000 108.424415783 31.617554949 -106.542071831 -0.106008938 -0.940650359 -0.275112208 0.168084146
66.632743000 108.454203637 31.667357917 -106.447700976 -0.107501031 -0.941876210 -0.279609589 0.152089480
66.732509000 108.449642718 31.734195831 -106.334502438 -0.090447544 -0.945781913 -0.279586895 0.138372621
66.832165000 108.432951395 31.760383002 -106.248447425 -0.079360060 -0.947872639 -0.281683519 0.126070755
66.931902000 108.384783683 31.770139364 -106.169610328 -0.078857287 -0.947559922 -0.285905878 0.119035926
67.031565000 108.325847422 31.803236769 -106.080050845 -0.086030371 -0.947434445 -0.285812137 0.115230939
67.131322000 108.214768811 31.801449202 -106.036468794 -0.090963724 -0.947096763 -0.285612649 0.114711534
67.231175000 108.107234233 31.791022696 -105.963909551 -0.084284764 -0.947467887 -0.286264313 0.115123519
67.331412000 107.965858696 31.825063334 -105.894502314 -0.072996925 -0.949101632 -0.284992742 0.112501903
67.431833000 107.794374472 31.851065088 -105.855269755 -0.059305366 -0.951937561 -0.282100187 0.103524092
67.532233000 107.626376844 31.857894749 -105.830817921 -0.046941192 -0.954221095 -0.281650203 0.089060597
67.632435000 107.492039603 31.846360947 -105.807546605 -0.035785193 -0.956455249 -0.280906024 0.070743065
67.732546000 107.343740948 31.876660050 -105.759442280 -0.031568855 -0.958097084 -0.279828311 0.052435688
67.832464000 107.144059689 31.931255263 -105.705856238 -0.045647627 -0.957837368 -0.281383885 0.035874487
67.932232000 106.989788869 31.994543238 -105.656009630 -0.069042553 -0.956429303 -0.283192172 0.016682571
68.031968000 106.835860151 32.001197562 -105.638281172 -0.074092590 -0.955648574 -0.285016387 0.003427885
68.131650000 106.657658695 32.041334046 -105.602060802 -0.064699512 -0.957483931 -0.281122005 -0.002985383
68.231168000 106.496949884 32.045297920 -105.557594705 -0.059998336 -0.958385668 -0.278993078 -0.007744240
68.330841000 106.347034425 32.024431243 -105.531888439 -0.055802064 -0.958515090 -0.279326121 -0.010576848
68.430864000 106.115823117 32.063273248 -105.507254266 -0.055832347 -0.958709987 -0.278680539 -0.009750206
68.531314000 105.915142810 32.076906177 -105.482528885 -0.049801526 -0.958518341 -0.280528896 -0.008120139
68.631987000 105.676854214 32.095439004 -105.448215694 -0.045983181 -0.958952329 -0.279764342 -0.005281122
68.732866000 105.438640044 32.104273659 -105.416888034 -0.040178037 -0.959398033 -0.279159023 -0.003373438
68.833637000 105.207904747 32.094058290 -105.380181547 -0.032093066 -0.959471087 -0.279961795 -0.002581194
68.934202000 104.987805523 32.095618794 -105.335937753 -0.020454052 -0.959949692 -0.279391058 -0.004342419
69.034452000 104.783664352 32.118679903 -105.276483745 -0.018998330 -0.958752883 -0.283506242 -0.007495564
69.134367000 104.560133772 32.118139641 -105.206210331 -0.028193724 -0.952213681 -0.303947008 -0.010508875
69.233905000 104.348978746 32.118366392 -105.168016348 -0.026696951 -0.950787344 -0.308445288 -0.012337070
69.333379000 104.124067103 32.100968284 -105.161715531 -0.017780412 -0.952058741 -0.305026548 -0.015060393
69.433062000 103.913995014 32.084747479 -105.133922486 -0.005031789 -0.954712162 -0.296713487 -0.021458678
69.533072000 103.736512957 32.049698098 -105.164515815 -0.001379450 -0.955661773 -0.292593530 -0.033131531
69.633241000 103.561459616 32.022954304 -105.151490239 -0.016251963 -0.957942862 -0.282504476 -0.047671449
69.733390000 103.389320857 32.016105992 -105.171679227 -0.036894721 -0.958264807 -0.276039369 -0.064572482
69.833872000 103.222282806 32.023822623 -105.202535691 -0.042398447 -0.957769704 -0.272543461 -0.081238088
69.934236000 103.048516499 32.010114435 -105.211620056 -0.035772524 -0.956533949 -0.272341147 -0.097946058
70.034341000 102.865951285 31.991496067 -105.201517643 -0.041270267 -0.954861149 -0.270343057 -0.115980958
70.134252000 102.682172544 31.977319629 -105.208483491 -0.052115770 -0.953087267 -0.266839306 -0.133061616
70.233784000 102.492751426 31.951634110 -105.205950321 -0.051627203 -0.951246801 -0.265563753 -0.148121735
70.333188000 102.299581465 31.910532678 -105.195914071 -0.040653746 -0.949547909 -0.266193611 -0.160770033
70.432823000 102.101589612 31.866819129 -105.196195751 -0.038480508 -0.947525803 -0.266074868 -0.172968982
70.532789000 101.893994839 31.820094280 -105.203250230 -0.038165526 -0.945377540 -0.264977939 -0.185987610
70.632916000 101.699486245 31.776974235 -105.196183475 -0.041083729 -0.942697533 -0.263428092 -0.200596930
70.733087000 101.493811182 31.732641811 -105.183380532 -0.044407241 -0.940126691 -0.261433029 -0.214108789
70.833186000 101.288951643 31.673899351 -105.153009720 -0.038998588 -0.936773470 -0.261583762 -0.229147358
70.933261000 101.068745227 31.593590308 -105.093921722 -0.039322730 -0.932631288 -0.259503987 -0.247609137
71.033489000 100.858999297 31.567007053 -105.115932141 -0.035586764 -0.927676711 -0.257047760 -0.268469647
71.133793000 100.621791975 31.514202483 -105.027246166 -0.026475898 -0.921255174 -0.256731808 -0.290992628
71.233998000 100.380059244 31.468088015 -104.888757118 -0.021683348 -0.913752866 -0.254701068 -0.315773492
71.333980000 100.149427353 31.418963661 -104.736399599 -0.011207720 -0.904744594 -0.254299363 -0.341531025
71.433606000 99.919690074 31.378660569 -104.590160821 0.000203810 -0.893627809 -0.255334801 -0.369098140
71.533005000 99.686848743 31.374991638 -104.437087842 0.004032703 -0.881173684 -0.253577181 -0.399017905
71.632226000 99.458741219 31.393442010 -104.304303895 0.005818334 -0.866737475 -0.252583364 -0.430039463
71.731833000 99.235248242 31.431602549 -104.172625176 0.007541396 -0.851558283 -0.246524842 -0.462619844
71.832127000 99.021367105 31.539532045 -104.028152682 0.008340700 -0.834738302 -0.236973106 -0.496977009
71.932870000 98.813488251 31.728160791 -103.851345216 0.001010094 0.810789864 0.245048507 0.531573142
72.034068000 98.602056013 31.872632866 -103.738874601 0.010093999 0.785127894 0.251185632 0.566019504
72.135058000 98.397391880 32.034607146 -103.586182822 0.005930113 0.768267439 0.237125043 0.594560081
72.235103000 98.129639669 32.287605174 -103.397626707 -0.001506291 0.745872028 0.222578597 0.627798866
72.334597000 97.857921348 32.588673140 -103.271016283 -0.001520721 0.724163560 0.211083729 0.656527596
72.433871000 97.556092805 32.833503295 -103.100809894 0.010622381 0.696008284 0.215067332 0.684985895
72.533465000 97.324743765 33.028137199 -102.932403420 0.010383791 0.672973503 0.205185651 0.710561531
72.633491000 97.112514545 33.298792379 -102.730244377 0.019829448 0.647359989 0.207134589 0.733230591
72.733811000 96.907234681 33.445577647 -102.656329585 0.035253407 0.619486809 0.214296634 0.754367446
72.834095000 96.775792460 33.499746899 -102.574000063 0.030047789 0.600828533 0.200946770 0.773125216
72.934220000 96.576970429 33.687734260 -102.525209290 0.035197379 0.581364738 0.198420257 0.788292831
73.034050000 96.381538488 33.751266274 -102.436027999 0.049377310 0.566851832 0.200031600 0.797639167
73.133902000 96.147714424 33.797157363 -102.327751803 0.029687644 0.562052693 0.184720801 0.805663478
73.233641000 95.979808337 33.829429840 -102.278624552 0.011536847 0.557178827 0.171559662 0.812395186
73.333078000 95.763374924 33.936019498 -102.177424257 0.003672796 0.552511169 0.167076894 0.816580205
73.432542000 95.537043199 33.956439721 -102.070817926 0.005646063 0.546629252 0.168434693 0.820240414
73.532319000 95.359038813 33.982698720 -101.978857571 0.008387428 0.537964809 0.168158612 0.825981959
73.632408000 95.217979087 33.953142979 -101.889173165 0.019251065 0.527285983 0.168475126 0.832595352
73.732560000 95.024536890 33.957208830 -101.805318291 0.020411192 0.515027403 0.168686347 0.840163718
73.832612000 94.853557423 33.933654176 -101.721979632 0.031169017 0.499413040 0.172892140 0.848365143
73.932518000 94.648266056 33.885784287 -101.628679524 0.034191843 0.484657751 0.169841300 0.857374898
74.032246000 94.474774593 33.847249756 -101.543496481 0.028661920 0.470361659 0.162070062 0.866990022
74.132075000 94.255774752 33.796865627 -101.436051043 0.029039161 0.454238753 0.157656160 0.876338073
74.231765000 94.053916577 33.769818660 -101.322872528 0.013263308 0.439665568 0.141946258 0.886774793
74.331463000 93.849697978 33.728140943 -101.214550268 0.007055173 0.423253048 0.127248591 0.897003277
74.431321000 93.599399049 33.756505509 -101.066856207 0.006921491 0.404646936 0.121897385 0.906285814
74.531428000 93.364295103 33.777479004 -100.914483236 0.010146988 0.386009627 0.113451343 0.915435634
74.631637000 93.153796193 33.773469260 -100.773150887 0.018643972 0.365471053 0.109656066 0.924153050
74.731848000 92.931046465 33.724208024 -100.632650656 0.021478882 0.344749845 0.098950304 0.933217573
74.832196000 92.778656536 33.649324519 -100.528260656 0.014153527 0.325846233 0.080312218 0.941899070
74.932402000 92.595838076 33.617586290 -100.379185692 0.009489570 0.306574265 0.066917667 0.949444150
75.032489000 92.358291746 33.639521988 -100.201457316 0.010288973 0.289531660 0.049897437 0.955811593
75.132481000 92.137647842 33.669583936 -100.010201624 0.014968207 0.276016185 0.025246848 0.960704749
75.232230000 91.982781962 33.690276964 -99.776318785 0.014005521 0.262863135 0.023954375 0.964434034
75.331930000 91.801941034 33.736269897 -99.544848163 0.010903454 0.250293753 0.024472728 0.967799172
75.431641000 91.645463878 33.783333491 -99.305186805 0.008083826 0.236772159 0.032567653 0.970985553
75.531570000 91.491009692 33.853511224 -99.055650484 0.004757839 0.224280714 0.036413908 0.973832404
75.631595000 91.355005563 33.922473508 -98.796366134 0.001123353 0.211000457 0.039408531 0.976690592
75.731643000 91.231110649 34.010358218 -98.522529029 -0.001130439 0.196415354 0.041426369 0.979644623
75.831768000 91.112493200 34.114769361 -98.238768924 -0.001819253 0.182764109 0.038728210 0.982392028
75.931881000 90.994762152 34.221551719 -97.956564677 -0.003286113 0.167907806 0.044040538 0.984812978
76.031930000 90.897812001 34.358072230 -97.660826977 -0.004639498 0.154725608 0.044598695 0.986939419
76.132142000 90.795398057 34.487436923 -97.372427912 -0.006491376 0.139043471 0.044489098 0.989265129
76.232434000 90.712303889 34.620821265 -97.096313912 -0.005392318 0.122877605 0.043732674 0.991443125
76.332763000 90.637174818 34.734923370 -96.827112114 -0.005360943 0.106844439 0.040869762 0.993420952
76.432971000 90.572355919 34.790302774 -96.596984730 -0.004907307 0.091093769 0.036742239 0.995152175
76.532975000 90.537719290 34.847858394 -96.397989187 0.001501440 0.078106930 0.033334908 0.996386389
76.632745000 90.479630077 34.844529005 -96.203966656 0.005327514 0.063950467 0.036358291 0.997276306
76.732326000 90.420003147 34.844231371 -96.023461925 -0.000927672 0.050103608 0.041407277 0.997884866
76.831858000 90.370644281 34.842197300 -95.832150751 -0.002737294 0.040368901 0.029953647 0.998732015
76.931553000 90.325056952 34.832599000 -95.654803066 -0.002798138 0.031305039 0.023241586 0.999235705
77.031331000 90.283307305 34.818893177 -95.472057928 -0.000896884 0.020984504 0.022427326 0.999527819
77.131292000 90.240313749 34.800774524 -95.277660267 -0.003653364 0.005708014 0.044377521 0.998991845
77.231380000 90.188313807 34.785360056 -95.086299627 -0.005776448 -0.007475340 0.054292594 0.998480378
77.331745000 90.146022164 34.819632211 -94.869746467 0.001514362 -0.017553329 0.048576007 0.998664087
77.432096000 90.037767245 34.879332947 -94.678006337 0.020459403 -0.027479199 0.033982112 0.998835083
77.532283000 89.960985864 34.914535421 -94.496999403 0.041341909 -0.032916493 0.013857363 0.998506547
77.632224000 89.905935217 34.870964066 -94.345571774 0.044146108 -0.039030365 0.003929080 0.998254634
77.732008000 89.842542349 34.819440881 -94.138108176 0.019299930 -0.048348240 -0.002072080 0.998641911
77.831948000 89.770222528 34.776121660 -93.944135698 0.004319869 -0.057883098 -0.005894826 0.998296618
77.931927000 89.697060846 34.721868384 -93.731401457 -0.002052897 -0.065545996 -0.008461829 0.997811558
78.031857000 89.633048789 34.668591424 -93.532563477 -0.005065759 -0.068062093 -0.009183346 0.997625960
78.131756000 89.535584278 34.593996276 -93.325237660 -0.008524448 -0.060904314 -0.041218156 0.997255766
78.231571000 89.538967733 34.538163814 -93.177550197 -0.009584105 -0.058620612 -0.049827155 0.996989982
78.331401000 89.488068287 34.473575950 -92.985886614 -0.008148079 -0.063851320 -0.025862418 0.997590975
78.431270000 89.448791434 34.415551957 -92.777515018 -0.008287741 -0.066033488 -0.012961892 0.997698793
78.531332000 89.431890894 34.376720614 -92.575174518 -0.008612018 -0.065277080 -0.008739837 0.997791737
78.631631000 89.397183967 34.360617425 -92.389298719 -0.008019147 -0.065544247 -0.005961241 0.997799634
78.731960000 89.372146672 34.382693891 -92.199843430 0.017298053 -0.067207363 0.006391419 0.997568593
78.832085000 89.334023426 34.329721106 -91.988770047 0.028088194 -0.068468131 0.015764114 0.997133221
78.932095000 89.293337611 34.317640696 -91.811659545 0.015718026 -0.067353849 0.014735525 0.997496500
79.032069000 89.245639631 34.346507992 -91.579063484 0.022484355 -0.067238249 0.008529001 0.997447105
79.132151000 89.218428305 34.294916599 -91.413961018 0.039464717 -0.069179407 0.012322537 0.996747160
79.232130000 89.178996196 34.293371742 -91.178985939 0.043596421 -0.070897592 0.013860572 0.996434026
79.332105000 89.138037913 34.332126037 -90.964071610 0.055741290 -0.072348580 0.013383387 0.995730624
79.432050000 89.087789505 34.279466426 -90.736955995 0.054423160 -0.071147646 0.003839081 0.995972587
79.531881000 89.033951908 34.220434329 -90.524498824 0.031633634 -0.068570473 -0.002911222 0.997140375
79.631657000 88.998853165 34.206625255 -90.247008943 0.015313829 -0.066410390 -0.006240126 0.997655355
79.731451000 88.957947059 34.175984958 -90.002975790 0.032574217 -0.065034455 -0.010106071 0.997300009
79.831418000 88.938472957 34.096505371 -89.693969482 0.041223685 -0.064817144 -0.011014919 0.996984462
79.931659000 88.909234553 34.034801756 -89.423252010 0.030601309 -0.064794884 -0.010554578 0.997373442
80.032097000 88.872177622 34.007473659 -89.166812636 0.023609788 -0.063737978 -0.008183305 0.997653788
80.132584000 88.848957192 33.939829748 -88.918009959 0.034984113 -0.058389411 -0.005276772 0.997666750
80.232833000 88.832208480 33.881109161 -88.631862988 0.037408067 -0.051367927 -0.000042580 0.997978943
80.333103000 88.821676254 33.818585831 -88.325478255 0.046565339 -0.043390333 0.003253004 0.997967117
80.433423000 88.812253797 33.739786045 -88.024244312 0.051925302 -0.034742139 0.006057907 0.998028080
80.533490000 88.810798039 33.668065805 -87.709338026 0.047432667 -0.026386038 0.008306824 0.998491320
80.633348000 88.825260288 33.565180110 -87.344708643 0.044896517 -0.023290010 0.014285654 0.998617944
80.733135000 88.809502259 33.499227481 -87.055199817 0.021757939 -0.027618323 0.030048646 0.998929877
80.833020000 88.795206923 33.423787718 -86.782476605 0.006744972 -0.028102131 0.022200457 0.999335737
80.932863000 88.783772895 33.333098671 -86.503347026 0.013256828 -0.034839827 0.027724011 0.998920328
81.032791000 88.763146196 33.266553402 -86.221688648 0.015463836 -0.037621102 0.013900645 0.999075720
81.132893000 88.755101783 33.171544907 -85.947265993 0.059750890 -0.039803397 0.003368555 0.997413742
81.232821000 88.753268909 33.043006374 -85.640163796 0.077128909 -0.044476534 0.005975224 0.996010676
81.332788000 88.735828557 32.951865570 -85.342772332 0.069776328 -0.049056016 0.010970844 0.996295344
81.432670000 88.725358398 32.773229027 -84.978283181 0.084295793 -0.051686283 0.006936712 0.995075188
81.532511000 88.709676422 32.651258507 -84.635255778 0.029863299 -0.053139142 0.001028062 0.998139949
81.632477000 88.699900801 32.537781855 -84.271535861 0.006072924 -0.053997737 -0.000323918 0.998522538
81.732401000 88.693074857 32.399098721 -83.882702669 -0.004072283 -0.054025957 -0.001155585 0.998530559
81.832417000 88.678660752 32.250132749 -83.504207448 -0.007493912 -0.055411956 -0.001717636 0.998433977
81.932611000 88.676165495 32.113838835 -83.114405050 -0.009116312 -0.056382375 -0.002391696 0.998364763
82.032929000 88.671569785 31.967662303 -82.724587696 -0.009195710 -0.058279951 -0.002313723 0.998255244
82.133423000 88.668272522 31.820396196 -82.299486111 -0.009769068 -0.062230768 -0.004424580 0.998004168
82.233938000 88.662928267 31.685501688 -81.930578280 -0.009527126 -0.064645003 -0.005040376 0.997850115
82.334120000 88.665143887 31.556204768 -81.542050843 -0.009782943 -0.065448632 -0.006452084 0.997787122
82.434176000 88.676478903 31.448742838 -81.142591115 -0.009816814 -0.065889386 -0.006841623 0.997755186
82.534053000 88.679553195 31.343570605 -80.770366144 -0.008263868 -0.061012433 -0.005247399 0.998089002
82.633864000 88.686936766 31.244812196 -80.409076996 -0.007513753 -0.054220704 -0.003550293 0.998494394
82.733622000 88.687713490 31.149577194 -80.064231185 -0.006533099 -0.047488999 -0.002158044 0.998848065
82.833446000 88.690541432 31.068430238 -79.709159058 -0.008321411 -0.042346615 0.001149231 0.999067664
82.933513000 88.702960106 30.974113870 -79.338823302 -0.009102243 -0.036564268 0.003218188 0.999284668
83.033695000 88.716256798 30.880379262 -78.980267471 -0.008913881 -0.033964275 0.004906534 0.999371251
83.133937000 88.732842221 30.797371466 -78.604867302 -0.009017200 -0.036562032 0.003763314 0.999283616
83.233962000 88.750581712 30.713399261 -78.230172095 -0.008281394 -0.039018138 0.002821185 0.999200202
83.333694000 88.767280283 30.616333983 -77.882277357 -0.008901490 -0.039883627 0.002811706 0.999160725
83.433223000 88.779196600 30.518832230 -77.551539831 -0.008487038 -0.044765455 0.001432651 0.998960446
83.532948000 88.794755871 30.394290109 -77.202841730 -0.008690389 -0.050489662 -0.000067729 0.998686771
83.632615000 88.806089478 30.286555538 -76.874615638 -0.008778532 -0.053743894 -0.000972314 0.998515691
83.732226000 88.821098749 30.166932325 -76.561562627 -0.007772007 -0.055451464 -0.001613126 0.998429832
83.831900000 88.829032206 30.040576286 -76.242466140 -0.008234764 -0.056949873 -0.001727681 0.998341583
83.931781000 88.841850946 29.917125505 -75.926078306 -0.007905537 -0.058017981 -0.001539545 0.998283049
84.031799000 88.842364136 29.789436434 -75.628022988 -0.007916916 -0.058191835 -0.000845844 0.998273669
84.131941000 88.856085313 29.663191527 -75.324793670 -0.010606669 -0.059500846 -0.000665747 0.998171681
84.232131000 88.870621681 29.520516481 -75.015209851 -0.010365043 -0.063197526 -0.002336275 0.997944478
84.332466000 88.872609380 29.386051620 -74.711988192 -0.007794391 -0.067859028 -0.005840333 0.997647378
84.432812000 88.917864056 29.305785471 -74.335023585 0.005337901 -0.073831048 0.000928653 0.997256046
84.533051000 88.915383942 29.138489791 -74.037521902 0.020728050 -0.079895724 0.012934115 0.996503753
84.633075000 88.886445035 29.033441415 -73.657534882 0.005492956 -0.077848554 -0.000465696 0.996949955
84.732750000 88.878139097 28.899037602 -73.301290253 0.005499829 -0.073399377 -0.005720109 0.997271058
84.832133000 88.852519874 28.763542895 -72.941229139 -0.002091760 -0.067937502 -0.001926014 0.997685527
84.931427000 88.832424424 28.656023469 -72.562742575 -0.008908160 -0.060540017 0.005417072 0.998111320
85.030809000 88.868164620 28.528947231 -72.203407246 -0.009845737 -0.047996432 0.001953968 0.998797069
85.130466000 88.782654079 28.411998045 -71.779926399 -0.010167762 -0.039196020 0.002330988 0.999177089
85.230289000 88.750970963 28.321605418 -71.386464435 -0.010367089 -0.031095244 0.003662752 0.999455949
85.330374000 88.773666189 28.290728324 -71.008759306 -0.009843924 -0.023841075 0.005963039 0.999649510
85.430558000 88.769871157 28.266138956 -70.626102330 0.000561962 -0.017521768 0.007590955 0.999817508
85.530680000 88.794407339 28.288883073 -70.218657469 -0.001968182 -0.012513616 0.009538345 0.999874270
85.630868000 88.751288387 28.368580186 -69.790408087 -0.002745456 -0.009860208 0.008676565 0.999909974
85.731178000 88.706240373 28.405004240 -69.394837299 -0.000438041 -0.008652475 0.009140063 0.999920698
85.831829000 88.753434343 28.487447634 -69.001964542 -0.004418059 -0.005141988 0.008734102 0.999938876
85.932506000 88.724646385 28.560837538 -68.601135733 -0.005916008 -0.005433036 0.008931500 0.999927853
86.032889000 88.736397698 28.648935344 -68.198843686 -0.001858075 -0.006160347 0.008424688 0.999943810
86.133025000 88.714087622 28.670591974 -67.839779771 0.006508046 -0.010113203 0.006945268 0.999903561
86.232803000 88.717216333 28.663771992 -67.504299345 -0.003173910 -0.014194252 0.005752634 0.999877671
86.332613000 88.724494691 28.634741566 -67.162449949 -0.008632555 -0.020874400 0.004272757 0.999735706
86.432505000 88.729132174 28.594033054 -66.856689454 -0.010098587 -0.028040232 0.003501908 0.999549649
86.532323000 88.720117238 28.544316133 -66.551124538 -0.011499337 -0.033504441 0.002398595 0.999369533
86.632093000 88.726748785 28.468407340 -66.236284588 -0.020331131 -0.036307388 0.001371294 0.999132893
86.731896000 88.720307787 28.440198338 -65.912338439 -0.040909127 -0.038392252 0.001503342 0.998423867
86.831593000 88.727423024 28.433623885 -65.603016472 -0.045818025 -0.039982236 0.002292401 0.998146720
86.931157000 88.709903450 28.439508985 -65.282752744 -0.033620623 -0.040068330 0.001354283 0.998630236
87.030609000 88.730066151 28.384359873 -65.017119249 -0.021655963 -0.031437348 0.004462333 0.999261127
87.130088000 88.752965133 28.297237456 -64.801992649 -0.023276859 -0.019193657 0.019554704 0.999353493
87.229648000 88.777228477 28.239720796 -64.533286249 -0.032857870 -0.003749687 0.033470554 0.998892398
87.329583000 88.802271483 28.207083032 -64.265988162 -0.031649780 0.016318593 0.027551260 0.998985947
87.429784000 88.770709798 28.117457520 -64.072819751 -0.021485804 0.036274996 0.025694779 0.998780388
87.529952000 88.759180604 28.015842631 -63.855226941 -0.016200524 0.059510947 0.029248464 0.997667539
87.629964000 88.726011848 27.915920782 -63.622638966 -0.012210984 0.082577509 0.035221865 0.995887176
87.729944000 88.688978147 27.805955680 -63.406869239 -0.009733090 0.107281665 0.043631140 0.993223155
87.829989000 88.668718913 27.685721600 -63.216745630 -0.010091496 0.131750964 0.051578804 0.989888616
87.930237000 88.640504936 27.573439713 -63.005645420 -0.007768117 0.155429664 0.059679605 0.986011978
88.030521000 88.612993797 27.490010349 -62.785892279 -0.000673662 0.176706303 0.068730052 0.981860789
88.130883000 88.647421761 27.392027457 -62.556967143 0.006796123 0.193621445 0.076021787 0.978102876
88.231232000 88.634654039 27.305654714 -62.329001737 0.006445138 0.203082010 0.081235019 0.975764843
88.331420000 88.676696731 27.244943447 -62.060744004 0.005141889 0.211242726 0.082640686 0.973920217
88.431333000 88.644557018 27.204768975 -61.826086574 -0.002682407 0.215635443 0.081158468 0.973091704
88.531060000 88.608065703 27.169441248 -61.589828340 -0.007085325 0.217656027 0.079664265 0.972743161
88.630574000 88.556492795 27.153300239 -61.343485527 -0.012417994 0.215215795 0.086474908 0.972651040
88.730199000 88.492466771 27.128626497 -61.115720312 -0.014736544 0.213652900 0.090474303 0.972599441
88.829941000 88.413692655 27.112403320 -60.885050529 -0.014761632 0.216303746 0.093790871 0.971698542
88.929723000 88.348047543 27.106788830 -60.645243070 -0.019709989 0.222204852 0.106846966 0.968927369
89.029637000 88.286518800 27.112012847 -60.440387640 -0.023118731 0.230712565 0.121062749 0.965184463
89.129779000 88.208628428 27.139563992 -60.191789974 -0.025853925 0.243109911 0.130213925 0.960871209
89.229916000 88.123083583 27.179838362 -59.979608996 -0.022256355 0.260850157 0.117745896 0.957913229
89.330169000 88.037738494 27.169322934 -59.782268121 -0.016491784 0.280139013 0.105348868 0.954018747
89.430420000 87.954611728 27.150642206 -59.592198238 -0.013421652 0.293351924 0.100596546 0.950602358
89.530841000 87.859095925 27.140241703 -59.399466078 -0.004219884 0.301386663 0.102532406 0.947963806
89.631258000 87.759873456 27.115037400 -59.198225809 -0.003435064 0.309176259 0.105228041 0.945158876
89.731503000 87.658958028 27.125073365 -59.008448440 0.000520175 0.316370555 0.107652809 0.942507440
89.831582000 87.553574768 27.113579863 -58.821230947 0.006893847 0.322376438 0.111647276 0.939979145
89.931560000 87.447867360 27.102120992 -58.637343153 0.008961004 0.326950165 0.117618961 0.937650825
90.031389000 87.336401700 27.122679566 -58.434184487 0.005989063 0.328465515 0.127892256 0.935798112
90.131199000 87.218127110 27.120773240 -58.224747682 0.012383112 0.331354939 0.124853406 0.935126831
90.230862000 87.086190007 27.118780917 -58.023035800 0.019756107 0.333644337 0.123981030 0.934301802
90.330609000 86.958222305 27.112611192 -57.807655740 0.022483074 0.336546122 0.123027573 0.933324936
90.430597000 86.812408439 27.116992814 -57.578582389 0.027807997 0.337825911 0.125521290 0.932386602
90.530782000 86.666357632 27.106146402 -57.355543606 0.041731550 0.335399920 0.136996233 0.931126953
90.631055000 86.508301060 27.108673337 -57.138575367 0.045615307 0.335087328 0.136018379 0.931200691
90.731342000 86.321903134 27.104381764 -56.909599231 0.050600727 0.333445971 0.136001304 0.931534753
90.831612000 86.155972945 27.092600953 -56.670675774 0.054402541 0.332509912 0.135415887 0.931740339
90.931747000 85.959660542 27.096343924 -56.426741570 0.065041543 0.328222843 0.139212948 0.932018840
91.031628000 85.760829028 27.030076797 -56.166046149 0.081473160 0.323324049 0.147088553 0.931229639
91.131553000 85.536743521 26.979842740 -55.891627720 0.060911665 0.325343754 0.136607095 0.933691444
91.231462000 85.311548073 26.942538546 -55.612437886 0.061154913 0.323736707 0.134975785 0.934471058
91.331431000 85.089691987 26.906226840 -55.331071424 0.063222263 0.322533954 0.135054312 0.934737999
91.431387000 84.866643185 26.845386688 -55.056616259 0.084703134 0.318883521 0.141101342 0.933396534
91.531446000 84.570939251 26.729051374 -54.720583026 0.081575078 0.318740631 0.144184604 0.933252761
91.631572000 84.296212876 26.646294401 -54.399423192 0.052926011 0.323891489 0.132325167 0.935298450
91.731752000 83.991285222 26.535551742 -54.060980630 0.032355806 0.328034347 0.125306873 0.935758920
91.831926000 83.703630403 26.439934896 -53.724811821 0.004468913 0.333024067 0.114304165 0.935953822
91.932083000 83.412636738 26.336849222 -53.389179582 -0.007743183 0.336222906 0.110207077 0.935279958
92.032146000 83.107658929 26.222202366 -53.066076824 -0.013253176 0.337237209 0.108371601 0.935067385
92.132088000 82.832640194 26.098691685 -52.747798888 -0.013316961 0.338176111 0.109525738 0.934592793
92.231751000 82.563139987 25.969150132 -52.444150776 -0.013364925 0.339294999 0.110767597 0.934040054
92.331582000 82.301563669 25.849150116 -52.146207908 -0.013633000 0.339062194 0.112604450 0.933901070
92.431761000 82.048958536 25.724974713 -51.861115142 -0.013135348 0.339071851 0.113142403 0.933839675
92.531941000 81.780643982 25.607989705 -51.578544931 -0.011600144 0.337687749 0.114309171 0.934219372
92.632104000 81.535740096 25.508909363 -51.261476262 -0.011824031 0.339261522 0.114027781 0.933680608
92.732407000 81.284287427 25.421723228 -50.956343838 -0.012331032 0.339970620 0.113469529 0.933484113
92.832664000 81.012633780 25.349893776 -50.677483979 -0.012256622 0.339366701 0.114090826 0.933629102
92.932618000 80.743993328 25.269729154 -50.408060057 -0.012410418 0.343109337 0.115239086 0.932116901
93.032436000 80.493311454 25.196560497 -50.108176609 -0.013380240 0.346743186 0.117499273 0.930475176
93.132350000 80.250341344 25.136018101 -49.833986256 -0.012427273 0.350205558 0.117730219 0.929161571
93.232239000 80.003766741 25.074964206 -49.554274266 -0.010533868 0.353092632 0.119455247 0.927871260
93.332206000 79.760156797 25.020316459 -49.298216032 -0.009785273 0.355077864 0.120483163 0.926988547
93.432354000 79.526199981 24.998866207 -49.041090258 -0.004045332 0.354827888 0.123878602 0.926679501
93.532570000 79.284404031 24.944037828 -48.768752791 0.002292342 0.354504503 0.125239005 0.926626405
93.632638000 79.045807022 24.928715705 -48.511108000 -0.005695932 0.355307256 0.123010785 0.926602750
93.732454000 78.805399590 24.932842631 -48.255871863 -0.007981523 0.356234615 0.121276138 0.926458468
93.832291000 78.551212629 24.920994707 -47.967844667 -0.008540497 0.359771840 0.122552167 0.924917429
93.932015000 78.325439203 24.918029930 -47.679482765 -0.012915118 0.361944362 0.132423495 0.922655676
94.031860000 78.060981217 24.935477789 -47.453033632 -0.022240260 0.358222056 0.145222730 0.922004712
94.132077000 77.813612723 24.936411004 -47.221910063 -0.015277719 0.362584141 0.132787194 0.922316048
94.232085000 77.564606923 24.926382254 -46.984897753 -0.010875378 0.365600781 0.125048177 0.922269347
94.332160000 77.321552142 24.898417367 -46.762440758 -0.007368663 0.366068193 0.124001937 0.922259888
94.432203000 77.080158684 24.858238276 -46.545956572 -0.005603695 0.362297564 0.122606976 0.923946212
94.532248000 76.831321561 24.818693725 -46.333154341 -0.005247781 0.360145329 0.122161048 0.924848356
94.632071000 76.588464476 24.759960554 -46.130883535 -0.004813295 0.359023479 0.123411421 0.925120854
94.731716000 76.333115549 24.690849433 -45.938435014 -0.004709384 0.357541470 0.124128658 0.925599263
94.831288000 76.095375910 24.622903308 -45.749568802 -0.003605634 0.358440160 0.124951941 0.925145752
94.930804000 75.838547129 24.543881212 -45.565691002 -0.003857509 0.359251344 0.126202803 0.924660178
95.030379000 75.595375705 24.467029207 -45.380262860 -0.004141517 0.361092405 0.126354893 0.923920756
95.130205000 75.345159210 24.381590279 -45.191855157 -0.004923959 0.362671068 0.126897107 0.923224011
95.230076000 75.100587459 24.298949343 -45.014122288 -0.005183329 0.364255980 0.127175213 0.922560122
95.330044000 74.863731205 24.211441333 -44.846831794 -0.005987960 0.365287174 0.128081919 0.922021934
95.430114000 74.617182444 24.114021392 -44.667882805 -0.006140612 0.365618316 0.127936511 0.921909859
95.530202000 74.362803886 24.029953914 -44.497099482 -0.006108171 0.365257263 0.128573780 0.921964536
95.630156000 74.119904990 23.932315005 -44.330699168 -0.006153952 0.365247655 0.127989438 0.922049339
95.730076000 73.859814522 23.832477561 -44.152376814 -0.006620739 0.365745977 0.128058277 0.921838990
95.830047000 73.632076939 23.761251011 -43.995984845 -0.005614102 0.365321283 0.127608066 0.922076474
95.930077000 73.393403835 23.674890237 -43.846544535 0.019511709 0.362019919 0.138675384 0.921591021
96.030038000 73.112482756 23.571053235 -43.647281536 0.033298876 0.360800159 0.143789078 0.920890401
96.130200000 72.846073764 23.492379044 -43.445947753 0.046118463 0.359480089 0.148918742 0.920038239
96.230441000 72.551823990 23.380151537 -43.249651904 0.044100724 0.360285225 0.147510194 0.920049143
96.330696000 72.271032803 23.265221520 -43.072030091 0.024244571 0.363561864 0.139982877 0.920673539
96.430791000 71.994957933 23.185640249 -42.888270098 0.006421100 0.367811278 0.132833724 0.920341695
96.530670000 71.713863995 23.089829543 -42.703187336 -0.002329800 0.370815801 0.130851339 0.919439036
96.630683000 71.442430708 23.002309843 -42.528908518 -0.005552548 0.373194446 0.130091394 0.918570250
96.730930000 71.168929587 22.918734002 -42.356341608 -0.006409102 0.375603141 0.130194639 0.917567741
96.831320000 70.884756070 22.820155281 -42.162365247 -0.006113565 0.377598300 0.131677891 0.916538641
96.931696000 70.600664992 22.726653362 -41.965582291 -0.007643514 0.379578293 0.131504376 0.915733856
97.031932000 70.326113284 22.639248989 -41.775288436 -0.008265031 0.381475392 0.132378795 0.914813680
97.132136000 70.047235773 22.555933206 -41.573384537 -0.009637226 0.382369958 0.133455134 0.914270237
97.232232000 69.766799234 22.479943195 -41.367430603 -0.009691089 0.382909978 0.135117535 0.913799367
97.332448000 69.511934384 22.397016214 -41.187959764 -0.010226877 0.383297740 0.136624847 0.913406758
97.432706000 69.263884549 22.329003857 -41.008701716 -0.010210506 0.383342767 0.135239930 0.913594127
97.533003000 69.030640621 22.267395979 -40.825229295 -0.009782980 0.384145247 0.134400313 0.913385613
97.633219000 68.794859526 22.223655595 -40.662713882 -0.010084048 0.383524541 0.134403915 0.913642614
97.733375000 68.529512391 22.195758435 -40.490654151 -0.010030800 0.382790050 0.134006410 0.914009542
97.833522000 68.301991509 22.185935925 -40.333949194 -0.011145101 0.383563500 0.133783382 0.913705004
97.933728000 68.086007843 22.220208847 -40.255480327 -0.011323377 0.382938617 0.135431140 0.913722170
98.033990000 67.820078182 22.236815558 -40.167178781 0.002876017 0.380933619 0.141979738 0.913631797
98.134253000 67.550688032 22.284720883 -39.996445222 0.007645622 0.381342074 0.144268091 0.913075290
98.234326000 67.292289907 22.339825915 -39.793624029 0.020790715 0.379567034 0.151524601 0.912434605
98.334267000 67.025591403 22.325210971 -39.588734600 0.033026592 0.379165273 0.155169159 0.911627924
98.433975000 66.730003288 22.313822536 -39.375671662 0.032628821 0.378541951 0.154393386 0.912032913
98.533596000 66.420766864 22.323323458 -39.186867171 0.017369089 0.378729161 0.147204930 0.913560751
98.633219000 66.145862742 22.344280971 -38.992716416 0.012029000 0.378159563 0.145314333 0.914185098
98.732848000 65.864346752 22.362964540 -38.777862085 0.017321902 0.377337260 0.145452832 0.914417857
98.832610000 65.547776131 22.355262527 -38.502911772 0.019427335 0.375932609 0.149220078 0.914347101
98.932445000 65.259208734 22.332898101 -38.313885849 0.016822375 0.377280821 0.141246510 0.915109618
99.032312000 64.970738366 22.308335866 -38.107773817 0.008173153 0.377745759 0.135707961 0.915873731
99.132332000 64.675982545 22.286893661 -37.925890086 0.022803041 0.379329177 0.124433707 0.916572774
99.232095000 64.375341715 22.215758224 -37.725183073 0.049092402 0.380682683 0.112173784 0.916562967
99.331871000 64.091190301 22.101946321 -37.536758399 0.058292585 0.381336901 0.106951282 0.916376323
99.431727000 63.767768226 22.028669708 -37.325890114 0.041520501 0.380200322 0.108507073 0.917578323
99.531741000 63.500671811 21.904108415 -37.051264947 0.027601978 0.385233596 0.082879858 0.918675207
99.631714000 63.230330736 21.822595978 -36.817077937 0.004391134 0.376396721 0.114863318 0.919300084
99.731636000 62.967607456 21.734621686 -36.588396977 -0.006984428 0.370702357 0.128922387 0.919733656
99.831624000 62.697774043 21.611933194 -36.363946266 -0.010908266 0.367445926 0.134588666 0.920190411
99.931617000 62.417434691 21.506293374 -36.140687517 -0.012155893 0.364942016 0.136017406 0.920960816
100.031622000 62.144207308 21.420023361 -35.932097098 -0.005514208 0.361660071 0.138501713 0.921948405
100.131811000 61.846520733 21.300786070 -35.686630469 -0.007129096 0.360489246 0.138102195 0.922455670
100.232105000 61.557336006 21.202821598 -35.464351185 -0.006903105 0.360371149 0.139156068 0.922345147
100.332387000 61.276945988 21.103270726 -35.225570403 -0.003849839 0.360721080 0.140156747 0.922074600
100.432615000 60.991806244 21.006047820 -34.987372537 -0.009850403 0.362740941 0.137695821 0.921608290
100.532771000 60.722010648 20.923293214 -34.780128237 -0.011502921 0.364957980 0.137276416 0.920776054
100.633042000 60.452675977 20.838820926 -34.569513596 -0.011971334 0.366567343 0.138911331 0.919885163
100.733187000 60.185651350 20.764724769 -34.356016577 -0.015333342 0.368864920 0.138070594 0.919043019
100.833235000 59.916652259 20.704406374 -34.153880309 -0.014392911 0.370095746 0.140061305 0.918261844
100.933322000 59.667127005 20.674074718 -34.001020372 -0.014999333 0.370754875 0.140004847 0.917994818
101.033436000 59.385711410 20.661405491 -33.758562763 -0.016310156 0.370392312 0.140097352 0.918104703
101.133526000 59.053507075 20.666475365 -33.474049068 -0.016089095 0.369678970 0.139827488 0.918437191
101.233407000 58.749021789 20.688389834 -33.284562051 -0.016172116 0.368341513 0.139079380 0.919086459
101.333368000 58.440050033 20.741714192 -33.039595470 -0.015190742 0.367295127 0.138150673 0.919661853
101.433267000 58.151301705 20.761538322 -32.836968397 -0.013827686 0.366310291 0.139620585 0.919854151
101.533065000 57.860721597 20.792512895 -32.622811969 -0.007215360 0.365833059 0.141740001 0.919795566
101.632848000 57.609278632 20.845303570 -32.464017433 -0.000242110 0.365051866 0.143847922 0.919806964
101.732961000 57.356359741 20.815757852 -32.332352680 0.007937452 0.364317185 0.147450702 0.919493489
101.833072000 57.096456345 20.790523634 -32.168546681 0.004742171 0.365903791 0.145544624 0.919189148
101.933100000 56.793333657 20.766147093 -31.968322618 0.003132636 0.369520163 0.138167618 0.918887776
102.033146000 56.522902993 20.758455583 -31.794594308 0.000866555 0.371100016 0.137493916 0.918356930
102.133238000 56.238645043 20.716680633 -31.609792816 0.004147347 0.375129315 0.127400790 0.918166562
102.233144000 55.934467189 20.689550398 -31.406850064 0.011622571 0.372135272 0.141507625 0.917254516
102.333001000 55.642289220 20.706055872 -31.213768902 0.010551182 0.371527830 0.144914316 0.916981780
102.433044000 55.334091961 20.694112696 -31.025406787 0.035406350 0.373305090 0.134295458 0.917253744
102.533158000 55.030394572 20.650165487 -30.807402523 0.051569039 0.372813913 0.132157357 0.916997739
102.633440000 54.731302414 20.575668814 -30.636087351 0.036870944 0.373887129 0.127039578 0.917992317
102.733691000 54.421476074 20.575963087 -30.426153062 0.015634580 0.377207514 0.112167185 0.919178206
102.833527000 54.127891471 20.581671770 -30.237601377 0.024813931 0.385038264 0.078598241 0.919212772
102.933096000 53.856055300 20.571156999 -29.989154676 0.056626579 0.391780708 0.056817458 0.916555009
103.032751000 53.568413310 20.618948875 -29.645020913 0.063135736 0.388529852 0.072436766 0.916412215
103.132852000 53.254557614 20.638056085 -29.276890658 0.063053795 0.384827110 0.083179878 0.917067840
103.232940000 52.961147883 20.714712295 -28.892796717 0.057234543 0.372224676 0.125785033 0.917796886
103.333081000 52.681445970 20.591354559 -28.623396537 0.042092825 0.363873221 0.147537542 0.918725828
103.433341000 52.377188620 20.657452624 -28.229138866 0.005661108 0.361853443 0.144719242 0.920916054
103.533587000 52.191046252 20.763710899 -27.965287182 0.010018714 0.357776217 0.148964827 0.921794600
103.633654000 52.038647676 20.643351654 -27.807691334 0.026373145 0.354237582 0.155288450 0.921794820
103.733808000 51.742198402 20.608743316 -27.516330433 -0.016028808 0.360031448 0.138817702 0.922415351
103.834086000 51.384245077 20.657546680 -27.151490002 -0.034235682 0.364065638 0.130923550 0.921489638
103.934240000 51.050885507 20.677869188 -26.802149996 -0.040499608 0.367215363 0.128749825 0.920291335
104.034423000 50.767587073 20.682688468 -26.487514145 -0.043308790 0.370077925 0.129224913 0.918949183
104.134512000 50.540499454 20.690842409 -26.224134796 -0.045031072 0.374694953 0.127139213 0.917284860
104.234503000 50.428928724 20.671465454 -26.101825785 -0.045528581 0.376311174 0.127972591 0.916482441
104.334572000 50.191712679 20.696232478 -25.867678206 -0.047059310 0.380085185 0.128168757 0.914818803
104.435012000 49.823094150 20.775590699 -25.559769725 -0.045131784 0.382266666 0.128968959 0.913894045
104.535460000 49.653685799 20.746359657 -25.372958670 -0.044034669 0.382898156 0.129742470 0.913573665
104.635775000 49.333990247 20.740669588 -25.073551548 -0.041339004 0.383174234 0.131182831 0.913378157
104.735779000 49.027010976 20.743189820 -24.807289301 -0.039745980 0.382548105 0.130622398 0.913791548
104.835383000 48.694846992 20.747145341 -24.521556218 -0.035886196 0.385581444 0.119769659 0.914163202
104.934689000 48.480873716 20.746093078 -24.382786830 -0.018911157 0.382936066 0.128049483 0.914661504
105.033853000 48.212323416 20.639776599 -24.174968080 0.006395388 0.393614392 0.091163498 0.914721830
105.133157000 47.925341193 20.569125584 -23.995882079 0.012185939 0.408375504 0.034346639 0.912086213
105.232515000 47.665604184 20.561478965 -23.712028387 0.004640178 0.406830597 0.041957230 0.912527766
105.332227000 47.416653197 20.494751698 -23.465480431 -0.022135753 0.393427777 0.089592347 0.914711869
105.432350000 47.132341722 20.417391909 -23.206034868 -0.035868282 0.384814357 0.113780265 0.915251566
105.532463000 46.885560842 20.348694841 -22.949906092 -0.042307319 0.379808242 0.123282738 0.915836861
105.632527000 46.625883423 20.282823043 -22.707701362 -0.044636687 0.376408178 0.127059409 0.916613526
105.732518000 46.379174474 20.201193618 -22.472195055 -0.045344090 0.374227404 0.127287614 0.917439713
105.832486000 46.112103430 20.137243897 -22.232527957 -0.046132169 0.372398647 0.127097691 0.918170598
105.932417000 45.858976366 20.092443353 -21.991499456 -0.032611358 0.369688549 0.131508200 0.919223841
106.032410000 45.633957932 20.019691630 -21.778550658 0.020630580 0.360177686 0.158219432 0.919137109
106.132656000 45.378527908 19.899508548 -21.566948343 0.023799821 0.360870216 0.158534658 0.918734465
106.233086000 45.116704884 19.844370638 -21.346385000 0.006745912 0.365390867 0.150006923 0.918663121
106.333315000 44.838253754 19.790295212 -21.120542886 0.029924068 0.361852816 0.162878475 0.917408138
106.433297000 44.533076072 19.661771725 -20.896606986 0.044939913 0.361645992 0.165161945 0.916468283
106.533229000 44.192085329 19.649567643 -20.615295872 -0.008756381 0.372428180 0.142123421 0.917072249
106.633228000 43.857294249 19.565491373 -20.362646092 -0.031491594 0.377725287 0.133421187 0.915713205
106.733235000 43.524901670 19.487171305 -20.105477641 -0.041387057 0.381016704 0.130557810 0.914367563
106.833269000 43.190164898 19.405914332 -19.864939620 -0.045378851 0.383797193 0.128097519 0.913362743
106.933338000 42.869219612 19.334310691 -19.630985534 -0.048114726 0.385043450 0.127984598 0.912713787
107.033188000 42.549280642 19.264743667 -19.397724588 -0.047613724 0.386644718 0.128520334 0.911987565
107.132989000 42.234501891 19.188516036 -19.167369229 -0.048449998 0.387808987 0.129870282 0.911257646
107.232999000 41.909535470 19.127444204 -18.935561108 -0.049148355 0.389100237 0.129027671 0.910789386
107.333204000 41.599344155 19.079472017 -18.697325017 -0.049890948 0.390820020 0.129434531 0.909954563
107.433488000 41.267402656 19.007915904 -18.484996430 -0.049537465 0.392537112 0.128893480 0.909311347
107.533671000 40.936194165 18.942487602 -18.269916091 -0.048956296 0.393409887 0.130920985 0.908675761
107.633616000 40.613162083 18.893274535 -18.058660633 -0.046260876 0.393615998 0.131776501 0.908604056
107.733302000 40.275258084 18.819206048 -17.852797254 -0.045227722 0.394314511 0.130976308 0.908468891
107.832973000 39.974150446 18.815173451 -17.679600436 -0.029681660 0.396821106 0.123041217 0.909127531
107.932697000 39.674109955 18.736477670 -17.475878450 0.020256417 0.394840210 0.130864990 0.909156335
108.032504000 39.332106920 18.631607717 -17.286969129 0.014376354 0.399576175 0.112337505 0.909677133
108.132529000 38.999884892 18.551791091 -17.096221947 0.000320133 0.410056741 0.072472983 0.909176019
108.232353000 38.687392713 18.488499959 -16.875074399 0.005213195 0.420811081 0.032105634 0.906564992
108.332097000 38.446810619 18.408441752 -16.670842444 0.029501648 0.422959964 0.021426334 0.905414510
108.431935000 38.175603690 18.311409200 -16.416616369 -0.007683131 0.406017130 0.067794477 0.911314967
108.532218000 37.889721152 18.232997411 -16.126504345 -0.035850288 0.389928853 0.102285164 0.914444089
108.632787000 37.619143655 18.154311055 -15.865794081 -0.046462404 0.380061886 0.115183279 0.916584432
108.733420000 37.366428590 18.068789859 -15.622733734 -0.044995551 0.372421673 0.121803505 0.918934929
108.833857000 37.141335961 17.978822323 -15.406942561 -0.033019536 0.366897759 0.128767478 0.920714223
108.934158000 36.873707395 17.900306282 -15.140926251 -0.038203708 0.368192343 0.126054941 0.920372222
109.034411000 36.587744614 17.799876082 -14.879414371 -0.035252327 0.369405125 0.128833504 0.919618973
109.134547000 36.308294614 17.750122612 -14.643194683 -0.044178260 0.375736980 0.125482760 0.917128170
109.234212000 36.018532676 17.702749568 -14.388439839 -0.006870681 0.376740477 0.146395040 0.914651791
109.334018000 35.702371325 17.613577954 -14.180757912 0.012608062 0.375898785 0.167202002 0.911364159
109.434047000 35.386735843 17.523075192 -13.930285616 -0.005423514 0.385528665 0.160888627 0.908544486
109.534162000 35.075197820 17.459196217 -13.694814721 -0.031655609 0.395890308 0.143737725 0.906426088
109.634197000 34.755582576 17.399218019 -13.447782400 -0.045518259 0.402531922 0.136011053 0.904100179
109.733942000 34.385487833 17.358524163 -13.237589048 -0.049633856 0.402989205 0.133099144 0.904113266
109.833754000 34.060961087 17.298203970 -13.020667008 -0.051754058 0.405448728 0.131073479 0.903190229
109.933733000 33.755048307 17.246169308 -12.804056989 -0.052847469 0.407717828 0.129998474 0.902260336
110.033824000 33.415592077 17.190242373 -12.576164155 -0.052593224 0.408286417 0.130658825 0.901922627
110.133981000 33.098173092 17.130131946 -12.382358778 -0.054674060 0.408406160 0.130374109 0.901785865
110.233888000 32.766621373 17.059722149 -12.182353639 -0.052957198 0.407845163 0.131172793 0.902026361
110.333585000 32.515721190 17.002367429 -11.971391699 -0.052698869 0.409343579 0.132260785 0.901203500
110.433238000 32.166454040 16.953500792 -11.788950386 -0.044110342 0.407220874 0.134062487 0.902359511
110.532773000 31.859479698 16.900986704 -11.638883622 -0.032265549 0.416360625 0.103060535 0.902763142
110.632245000 31.521339973 16.830048737 -11.408271261 -0.014646768 0.422095052 0.082016191 0.902715117
110.731792000 31.246311061 16.759248651 -11.214301268 0.011892824 0.424473184 0.077053513 0.902077510
110.831759000 30.969868386 16.658190997 -11.020512179 -0.009917955 0.416665895 0.104052753 0.903030559
110.931981000 30.664932094 16.572571504 -10.800317248 -0.033048077 0.410005349 0.120630456 0.903466508
111.032194000 30.368861536 16.529901353 -10.588024940 -0.020499699 0.402419475 0.137802456 0.904792137
111.132417000 30.086097079 16.408912425 -10.402948144 0.019975641 0.392606260 0.159988675 0.905463926
111.232536000 29.747945010 16.271476452 -10.200405166 -0.000778399 0.393809352 0.152466708 0.906458764
111.332637000 29.435973182 16.216178606 -9.973852347 -0.020424521 0.395814295 0.143580094 0.906806837
111.432571000 29.124047899 16.143692468 -9.763873139 0.030205213 0.389190462 0.155032427 0.907514945
111.532394000 28.757147628 15.980703857 -9.518404495 0.061487595 0.381704805 0.173996700 0.905674260
111.632476000 28.367432992 15.813422707 -9.290545134 0.031993398 0.386638749 0.163546144 0.907049921
111.732583000 28.009994697 15.732327453 -9.056803983 0.026080210 0.387883014 0.160296387 0.907288079
111.832516000 27.607073603 15.588759898 -8.790528757 0.063006205 0.380680931 0.176495459 0.905517311
111.932375000 27.181048596 15.398411442 -8.543288104 0.060957598 0.381179529 0.178186108 0.905116594
112.032361000 26.745854692 15.266565676 -8.273331550 0.040117513 0.386249649 0.165410203 0.906554609
112.132408000 26.300631567 15.095029449 -7.999141015 0.007254719 0.391643713 0.154597594 0.907007252
112.232191000 25.810247084 15.027512055 -7.687401883 -0.028238083 0.396742666 0.140165396 0.906725719
112.331901000 25.372812701 14.883354000 -7.424243081 -0.043191880 0.399575182 0.133746413 0.905862038
112.431847000 24.952334790 14.731412430 -7.173031977 -0.049563125 0.401776827 0.131555864 0.904882276
112.531967000 24.508158421 14.593413295 -6.928277102 -0.051407578 0.401913170 0.128386361 0.905174020
112.632078000 24.072752091 14.421647759 -6.682377759 -0.051753129 0.401962227 0.128012405 0.905185509
112.732218000 23.638596624 14.258748233 -6.467598269 -0.045242496 0.405947382 0.117208520 0.905219312
112.832305000 23.194944046 14.100245763 -6.261732929 -0.023385155 0.421053810 0.071514046 0.903909600
112.932334000 22.782535792 13.885159885 -6.045389172 -0.006031242 0.433549744 0.033779977 0.900476072
113.032487000 22.379039901 13.676649595 -5.762422763 0.003700969 0.440446303 0.015875972 0.897630943
113.132832000 21.975912215 13.549138219 -5.378126091 -0.003525512 0.434305030 0.038448380 0.899938017
113.233127000 21.636221619 13.368357153 -5.049951681 -0.024243256 0.420188233 0.078443504 0.903714961
113.333300000 21.252128944 13.179703794 -4.683944513 -0.039745959 0.406813698 0.108054334 0.906226867
113.433255000 20.924513966 12.991215862 -4.319582941 -0.045094736 0.399071816 0.118673215 0.908088552
113.532966000 20.590486522 12.828940784 -3.964884161 -0.048915021 0.393630785 0.122369963 0.909773443
113.632632000 20.254123432 12.620931314 -3.626990090 -0.052296284 0.390704377 0.122400063 0.910842145
113.732077000 20.018691429 12.466232129 -3.380957615 -0.049798423 0.389247020 0.122683966 0.911567616
113.831690000 19.847131577 12.246804082 -3.085164062 -0.048308840 0.388391601 0.122702963 0.912009980
113.931762000 19.522655255 12.110750183 -2.740706794 -0.049711150 0.388083624 0.121070681 0.912283834
114.032021000 19.237787983 11.967277195 -2.459138112 -0.050107888 0.389015239 0.120274989 0.911970543
114.132331000 18.898604083 11.842260691 -2.173321259 -0.050569128 0.389484152 0.121750003 0.911549119
114.232501000 18.647254411 11.691858561 -1.840438647 -0.050143600 0.392219974 0.121724954 0.910402189
114.332467000 18.432782920 11.604303247 -1.672524131 -0.050645475 0.391880820 0.121680460 0.910526399
114.432245000 18.223331318 11.475641662 -1.389651237 -0.050951412 0.393146647 0.122242526 0.909888143
114.531868000 17.851736294 11.376807242 -1.088976994 -0.049468595 0.394174728 0.120375955 0.909774022
114.631624000 17.491693899 11.324715160 -0.856262930 -0.048843357 0.394222288 0.120280976 0.909799759
114.731483000 17.251641907 11.216502309 -0.628080806 -0.049027978 0.395932761 0.119539680 0.909144527
114.831611000 16.919209319 11.122081550 -0.347423599 -0.049949868 0.396770051 0.120696438 0.908576308
114.931687000 16.526412904 11.081563027 -0.076554691 -0.047472133 0.396940531 0.122819142 0.908350191
115.031658000 16.194667409 10.984542551 0.148881795 -0.045484244 0.400037989 0.117417802 0.907807166
115.131674000 15.895871651 10.896011696 0.390219405 -0.043587449 0.401996526 0.112775362 0.907623625
115.231755000 15.536059677 10.840825010 0.639767270 -0.043977474 0.400062471 0.118446126 0.907737030
115.331935000 15.256636158 10.763213144 0.860291482 -0.046606421 0.398239081 0.119061650 0.908326923
115.432069000 14.849438535 10.751534452 1.097641534 -0.036321597 0.403410272 0.097664213 0.909066882
115.532039000 14.575688436 10.696447668 1.345296121 -0.034989553 0.404809290 0.091274793 0.909161197
115.631996000 14.244409620 10.656535059 1.558229958 -0.028437743 0.398287549 0.113109083 0.909815728
115.731987000 13.877053414 10.618898328 1.793734905 -0.038634094 0.398370708 0.113184428 0.909394013
115.831896000 13.586725646 10.588683087 2.002659229 -0.041152706 0.399331935 0.110499981 0.909192067
115.931707000 13.302279252 10.592666397 2.219678915 -0.021655679 0.394968362 0.125659649 0.909802548
116.031632000 12.974183805 10.574361417 2.446171700 -0.037211731 0.396338688 0.120574793 0.909391363
116.131848000 12.629053779 10.507124478 2.675913893 -0.043177514 0.397701507 0.119464521 0.908678954
116.231899000 12.390922786 10.545013396 2.811188243 -0.033953214 0.397727550 0.122017011 0.908719882
116.332042000 12.077210461 10.508504265 3.036673153 0.001574823 0.393591900 0.139542350 0.908631316
116.432213000 11.813114704 10.454591604 3.200034965 -0.011410077 0.396163910 0.134504586 0.908202886
116.532484000 11.449455519 10.423177100 3.430667533 -0.035007490 0.399870303 0.124723702 0.907371046
116.632673000 11.160726918 10.458584675 3.585710874 -0.031356428 0.399641447 0.124757347 0.907600734
116.732677000 10.859930756 10.349043231 3.752953950 -0.029440456 0.400191226 0.122112674 0.907782318
116.832560000 10.513144496 10.332570578 4.004648120 -0.044833625 0.401382612 0.116308282 0.907388741
116.932268000 10.163439607 10.301806903 4.220095201 -0.050857927 0.401716644 0.114187984 0.907192545
117.031824000 9.807531522 10.247551034 4.453713526 -0.054576151 0.401672845 0.114445660 0.906963373
117.131392000 9.456346569 10.204882522 4.685424861 -0.056094611 0.401741555 0.114069089 0.906887733
117.230898000 9.123459557 10.157155656 4.877370319 -0.055429315 0.402105201 0.113595106 0.906826968
117.330679000 8.783989207 10.094401394 5.084589925 -0.055271936 0.402422032 0.112989188 0.906771727
117.430609000 8.465674914 10.046643876 5.244353322 -0.056685547 0.401799489 0.114096528 0.906821869
117.530585000 8.137469190 9.973707294 5.440040870 -0.055382518 0.401894446 0.113860967 0.906889911
117.630506000 7.809509925 9.917427454 5.615882050 -0.055080146 0.402148358 0.113564605 0.906832926
117.730436000 7.484208331 9.857931120 5.798722494 -0.055713215 0.402320428 0.114254947 0.906631192
117.830416000 7.153725215 9.791672785 5.986966483 -0.055339562 0.403056996 0.114447998 0.906302514
117.930435000 6.838906946 9.733097576 6.174692279 -0.055134691 0.403751016 0.114899944 0.905948832
118.030565000 6.501785964 9.674549719 6.365508535 -0.055403836 0.404273398 0.114856568 0.905704921
118.130818000 6.179569211 9.605926086 6.587149986 -0.055945250 0.405067448 0.116302997 0.905132092
118.231290000 5.929439987 9.570521867 6.717504985 -0.056076445 0.405311208 0.116591371 0.904977740
118.331996000 5.660469080 9.533541415 6.887189170 -0.055842321 0.404960918 0.115374955 0.905304871
118.432455000 5.386706456 9.453866407 6.998276107 -0.055912786 0.403818988 0.115649052 0.905775514
118.532760000 5.286974098 9.419527404 7.059190404 -0.055822659 0.403230933 0.114902456 0.906137998
118.632893000 5.122944156 9.352078809 7.143425605 -0.056059288 0.402874674 0.114316251 0.906355972
118.732675000 4.908856852 9.325739262 7.247231387 -0.055756946 0.402940299 0.114291403 0.906348583
118.832261000 4.846420645 9.314407098 7.282640433 -0.055628784 0.402932806 0.114329912 0.906354932
118.931630000 4.772033697 9.317569684 7.313023492 -0.055510140 0.403245443 0.114320826 0.906224302
119.031061000 4.658844839 9.250121217 7.433130144 -0.055619662 0.402879265 0.114721773 0.906329778
119.130788000 4.434634164 9.255576296 7.526554494 -0.055479094 0.402034186 0.114187489 0.906781010
119.230774000 4.391946727 9.229822415 7.557808679 -0.054609298 0.402527150 0.113828458 0.906660245
119.330859000 4.391946727 9.229822415 7.557808679 -0.054609298 0.402527150 0.113828458 0.906660245
119.430925000 4.319816880 9.225260392 7.590376190 -0.054214324 0.402623190 0.113663781 0.906661965
119.530875000 4.319816880 9.225260392 7.590376190 -0.054214324 0.402623190 0.113663781 0.906661965
119.630726000 4.250913436 9.219026463 7.627634879 -0.054843389 0.402504711 0.113637621 0.906680016
119.730561000 4.250913436 9.219026463 7.627634879 -0.054843389 0.402504711 0.113637621 0.906680016
119.830456000 4.250913436 9.219026463 7.627634879 -0.054843389 0.402504711 0.113637621 0.906680016
119.930481000 4.250913436 9.219026463 7.627634879 -0.054843389 0.402504711 0.113637621 0.906680016
120.030601000 4.250913436 9.219026463 7.627634879 -0.054843389 0.402504711 0.113637621 0.906680016
120.130920000 4.250913436 9.219026463 7.627634879 -0.054843389 0.402504711 0.113637621 0.906680016
120.231119000 4.250913436 9.219026463 7.627634879 -0.054843389 0.402504711 0.113637621 0.906680016
120.331141000 4.250913436 9.219026463 7.627634879 -0.054843389 0.402504711 0.113637621 0.906680016
120.430938000 4.206009552 9.194182537 7.652145713 -0.054663095 0.402351516 0.113992256 0.906714381
120.530611000 4.206009552 9.194182537 7.652145713 -0.054663095 0.402351516 0.113992256 0.906714381
120.630225000 4.237466060 9.192814197 7.643556064 -0.054471536 0.402463392 0.113854347 0.906693585
120.729809000 4.261793227 9.206273605 7.631439623 -0.054695394 0.402688209 0.114434296 0.906507260
120.829515000 4.229177750 9.203561046 7.640270103 -0.054722961 0.402485645 0.114400279 0.906599845
120.929425000 4.229177750 9.203561046 7.640270103 -0.054722961 0.402485645 0.114400279 0.906599845
121.029290000 4.229177750 9.203561046 7.640270103 -0.054722961 0.402485645 0.114400279 0.906599845
121.129425000 4.229177750 9.203561046 7.640270103 -0.054722961 0.402485645 0.114400279 0.906599845
121.229551000 4.229177750 9.203561046 7.640270103 -0.054722961 0.402485645 0.114400279 0.906599845
121.330017000 4.229177750 9.203561046 7.640270103 -0.054722961 0.402485645 0.114400279 0.906599845
121.430720000 4.229177750 9.203561046 7.640270103 -0.054722961 0.402485645 0.114400279 0.906599845
121.531321000 4.229177750 9.203561046 7.640270103 -0.054722961 0.402485645 0.114400279 0.906599845
121.631790000 4.229177750 9.203561046 7.640270103 -0.054722961 0.402485645 0.114400279 0.906599845
121.731985000 4.229177750 9.203561046 7.640270103 -0.054722961 0.402485645 0.114400279 0.906599845
121.832117000 4.229177750 9.203561046 7.640270103 -0.054722961 0.402485645 0.114400279 0.906599845
121.932300000 4.209992342 9.218727698 7.667288502 -0.054585942 0.403385831 0.114635587 0.906178199
122.032674000 4.192628313 9.232454493 7.691741890 -0.054461881 0.404200188 0.114848450 0.905795752
122.133213000 4.192628313 9.232454493 7.691741890 -0.054461881 0.404200188 0.114848450 0.905795752
122.233353000 4.109881399 9.290736730 7.719908934 -0.054504545 0.406147818 0.115775093 0.904803477
122.332992000 4.008676997 9.392177828 7.838033770 -0.052733106 0.409471016 0.117723729 0.903157700
122.432309000 3.829210035 9.523439921 7.996667840 -0.050901442 0.413303225 0.122500646 0.900879059
122.531483000 3.473862302 9.766068055 8.252948877 -0.047912544 0.421941281 0.135298172 0.895189560
122.630728000 3.216682951 9.954676370 8.476452762 -0.046569280 0.436553434 0.136386138 0.888060371
122.730131000 2.971001394 10.122929769 8.671321830 -0.058315792 0.443594778 0.151943266 0.881326378
122.829691000 2.611619973 10.380956491 8.924510047 -0.064510773 0.455994548 0.167034238 0.871783743
122.929440000 2.305332197 10.594825551 9.087686784 -0.060370265 0.474738635 0.166833732 0.862058679
123.029612000 1.972205409 10.861990761 9.284791617 -0.051294153 0.496905596 0.155670484 0.852185683
123.130063000 1.674959797 11.080996131 9.426011479 -0.043560310 0.513244555 0.153595442 0.843262098
123.230489000 1.385279385 11.279434594 9.534427784 -0.039321118 0.527646146 0.156768296 0.833946698
123.330758000 1.085630287 11.452163425 9.623992711 -0.038539016 0.542507291 0.160185901 0.823736038
123.430906000 0.763371731 11.636885466 9.718582170 -0.037964788 0.557362953 0.164826912 0.812857492
123.530908000 0.458409650 11.797264980 9.782392279 -0.038102728 0.573525318 0.170306319 0.800382814
123.630865000 0.164514444 11.968521870 9.846557865 -0.038414837 0.590202089 0.176642787 0.786754803
123.730867000 -0.143879722 12.140386090 9.903997198 -0.042853593 0.605126953 0.185602890 0.773004856
123.830807000 -0.459564384 12.289940021 9.946777582 -0.043427803 0.617703934 0.189673341 0.761957938
123.930820000 -0.766227605 12.449696038 9.979438675 -0.042266980 0.630347423 0.192224162 0.750949732
124.030730000 -1.054231629 12.577175400 9.999013812 -0.039530741 0.643599414 0.193871321 0.739344998
124.130761000 -1.324757605 12.696336882 10.007599404 -0.040150015 0.655366409 0.198290621 0.727711258
124.230725000 -1.597237016 12.822133668 10.012012387 -0.045173867 0.666252423 0.206824712 0.715045851
124.330684000 -1.878188968 12.949907056 10.001010595 -0.048918551 0.677840025 0.214171836 0.701619769
124.430643000 -2.126459637 13.057408325 9.978151769 -0.050355979 0.690090272 0.220863490 0.687356539
124.530575000 -2.445379729 13.221166328 9.946765366 -0.047460684 0.705296400 0.221094531 0.671879215
124.630642000 -2.671160556 13.314243026 9.906218130 -0.043881055 0.720343525 0.222411284 0.655524889
124.730835000 -2.961790248 13.448051951 9.883054375 -0.047274219 0.733355526 0.229395379 0.638226121
124.831094000 -3.266827726 13.588310081 9.833308462 -0.053680804 0.744449867 0.238270751 0.621401493
124.931393000 -3.573719902 13.759910731 9.779097310 -0.049461041 0.757662823 0.238521723 0.605481659
125.031629000 -3.849552983 13.887403643 9.731298987 -0.042547767 0.769665542 0.240465852 0.589898987
125.131809000 -4.125708887 14.013848676 9.664741977 -0.042435695 0.780480508 0.241079156 0.575265355
125.231717000 -4.418315977 14.165384299 9.600955197 -0.042264309 0.789484508 0.244553828 0.561356718
125.331508000 -4.739089183 14.325490571 9.519900477 -0.042777961 0.798014175 0.247292106 0.547896009
125.431419000 -4.986148316 14.445988306 9.431907828 -0.042255166 0.805180328 0.250930965 0.535661079
125.531257000 -5.197116787 14.545983895 9.349084641 -0.041641175 0.812807919 0.253030590 0.523053362
125.631179000 -5.422378897 14.617780934 9.287326414 -0.043965957 0.822006877 0.254945140 0.507321067
125.731347000 -5.595882692 14.696727056 9.229453560 0.042590179 -0.829972377 -0.258204136 -0.492607912
125.831684000 -5.858141047 14.852820159 9.136719467 0.042133110 -0.837402742 -0.260490728 -0.478671107
125.932242000 -6.107114143 15.020030400 9.013746674 0.041594249 -0.843142513 -0.262614554 -0.467348069
126.032921000 -6.399815505 15.210112642 8.866706548 0.041566750 -0.846980162 -0.264494107 -0.459281698
126.133368000 -6.659650742 15.361333342 8.739551827 0.041698744 -0.848179172 -0.264903073 -0.456814698
126.233407000 -6.862461872 15.483678518 8.606926531 0.039378774 -0.847126744 -0.269125586 -0.456505214
126.333060000 -6.977703592 15.463183234 8.557710118 0.040851286 -0.846932967 -0.267377968 -0.457760575
126.432466000 -7.181055557 15.575595947 8.458991892 0.040925886 -0.846343373 -0.266996685 -0.459065068
126.531872000 -7.320208690 15.639862813 8.365030604 0.040126061 -0.845226675 -0.266749896 -0.461330966
126.631299000 -7.390051192 15.669051737 8.296416884 0.037832454 -0.843827089 -0.268175210 -0.463256523
126.731100000 -7.514986884 15.768147522 8.189291423 0.037038565 -0.842853306 -0.269750576 -0.464177849
126.831480000 -7.665007142 15.876054922 8.053602973 0.037076364 -0.842081028 -0.270030260 -0.465412230
126.932267000 -7.744398595 15.922389321 7.976485090 0.036433456 -0.842474191 -0.268347081 -0.465724902
127.033044000 -7.888820055 15.993816505 7.876716905 0.040751604 -0.844028211 -0.261618322 -0.466381323
127.133581000 -7.877609122 15.940764249 7.936551110 0.041725809 -0.844340452 -0.259038969 -0.467169102
127.233723000 -8.022859438 16.002371169 7.842733791 0.040733909 -0.843184965 -0.261050693 -0.468222596
127.333641000 -8.202583518 16.110983575 7.639407957 0.036891170 -0.840330088 -0.268047637 -0.469717840
127.433255000 -8.432435136 16.255469909 7.409556792 0.032937407 -0.836931550 -0.274219151 -0.472508799
127.532678000 -8.559856029 16.287323350 7.285499886 0.033847369 -0.835360458 -0.272439005 -0.476239698
127.632030000 -8.639640006 16.279766174 7.218370591 0.035045402 -0.835152282 -0.270728741 -0.477491817
127.731349000 -8.803579532 16.315327444 7.015712442 0.038314589 -0.836475712 -0.265521538 -0.477847975
127.830727000 -8.976766737 16.366722634 6.830631856 0.040292750 -0.839186775 -0.257866408 -0.477123639
127.930224000 -9.163762323 16.417958719 6.601392719 0.042109236 -0.840199503 -0.255204572 -0.476615395
128.029842000 -9.322941965 16.444414605 6.423539404 0.043253446 -0.840380123 -0.255336100 -0.476123790
128.129891000 -9.489333509 16.461921601 6.211806782 0.049797183 -0.842591843 -0.248481463 -0.475201209
128.230272000 -9.734703378 16.667725874 5.954156904 0.057772261 -0.846202409 -0.235619195 -0.474433815
128.330819000 -9.911254280 16.814807671 5.799359683 0.059017532 -0.846028588 -0.234845686 -0.474973749
128.431293000 -10.155237201 17.010981206 5.529244917 0.051705815 -0.842295070 -0.246039348 -0.476791530
128.531699000 -10.368587958 17.257970288 5.353299472 0.037525433 -0.831958954 -0.265192429 -0.485910605
128.632112000 -10.601745654 17.448698742 5.092234098 -0.017508217 0.820539424 0.271915521 0.502464393
128.732307000 -10.825144709 17.719784072 4.865049640 -0.013873784 0.806156992 0.282334549 0.519813067
128.832211000 -11.036445457 17.917863213 4.643020324 -0.006694631 0.790704243 0.288476051 0.539929209
128.931774000 -11.213212202 18.055968410 4.502022514 -0.013405446 0.783126616 0.273963841 0.558101076
129.031131000 -11.535143624 18.383222261 4.184260086 -0.022094437 0.771632295 0.247228616 0.585639350
129.130623000 -11.636863303 18.474050792 4.085794153 -0.015139056 0.768798549 0.231481044 0.595932989
129.230118000 -11.713854893 18.574866821 4.057098494 -0.009327112 0.766852645 0.221426344 0.602345748
129.329859000 -11.953656862 18.839203268 3.916941221 -0.002948316 0.757022137 0.189678171 0.625244738
129.429819000 -12.168646839 19.167234429 3.831434890 -0.012361065 0.743853500 0.169416781 0.646395490
129.529988000 -12.432535525 19.448713825 3.702891824 -0.021666406 0.726291302 0.153359070 0.669710764
129.630293000 -12.700885377 19.725906161 3.607722085 -0.029545015 0.706528506 0.141163728 0.692832855
129.730712000 -12.998198234 19.981585669 3.535626330 -0.038701007 0.685235042 0.130106968 0.715560861
129.830989000 -13.286204341 20.190583016 3.502310920 -0.045447782 0.661023744 0.131530297 0.737347876
129.931136000 -13.532859041 20.328421321 3.483688046 -0.050517154 0.637820087 0.131955618 0.757113775
130.031277000 -13.719163500 20.412735903 3.496287487 -0.063545348 0.619384800 0.126292398 0.772252995
130.131355000 -13.920256515 20.563736776 3.567036480 -0.063907405 0.602651461 0.138791345 0.783239441
130.231190000 -14.036766721 20.570110518 3.614992288 -0.061406120 0.589313103 0.147977035 0.791859932
130.331075000 -14.167959479 20.589427008 3.702972815 -0.057639880 0.579985659 0.143021478 0.799899454
130.430939000 -14.297852978 20.597519104 3.819758836 -0.052687353 0.571864484 0.131417027 0.808037511
130.530681000 -14.399711374 20.621021464 3.975595905 -0.047975244 0.563459733 0.116238304 0.816517092
130.630352000 -14.471980944 20.651204663 4.157356442 -0.049085669 0.553527709 0.108076421 0.824328308
130.729910000 -14.539009215 20.662416673 4.388850859 -0.057682189 0.540316439 0.109278947 0.832339487
130.829520000 -14.622447080 20.653696332 4.643093128 -0.058208054 0.528711620 0.101457292 0.840703434
130.929278000 -14.624055065 20.655885172 4.889303100 -0.059683854 0.516431130 0.091608078 0.849320132
131.029167000 -14.641045219 20.670897147 5.187341234 -0.061424692 0.502676554 0.081041973 0.858472765
131.129287000 -14.655269191 20.683834518 5.525025619 -0.065686948 0.484821032 0.071966614 0.869168912
131.229463000 -14.673404534 20.712085200 5.879164107 -0.070972324 0.464554009 0.063814186 0.880386422
131.329716000 -14.629868584 20.746397192 6.268704761 -0.078062392 0.439943576 0.060140060 0.892602423
131.429921000 -14.595203131 20.781265456 6.672131252 -0.087028186 0.411938607 0.060440213 0.905030198
131.530042000 -14.486085634 20.821911285 7.014371877 -0.091002181 0.387097119 0.051660947 0.916081639
131.630069000 -14.399118090 20.851293335 7.407602397 -0.094651278 0.362265176 0.040374799 0.926377328
131.730076000 -14.327919774 20.888590951 7.820469803 -0.096426198 0.337775491 0.029090978 0.935822323
131.830175000 -14.274934950 20.940166703 8.265806491 -0.098185932 0.313525047 0.016177109 0.944351560
131.930370000 -14.172464544 20.971732097 8.674145491 -0.098504367 0.290766710 0.001112017 0.951709185
132.030659000 -13.962455756 21.027217388 8.977929396 -0.100747029 0.267701530 -0.012776998 0.958134998
132.131048000 -13.776448819 21.082268402 9.294044727 -0.102765489 0.246786445 -0.023163237 0.963327135
132.231399000 -13.703537300 21.136116423 9.650502143 -0.103422731 0.231813698 -0.027234155 0.966863201
132.331510000 -13.668673661 21.163537286 9.897845422 -0.100535319 0.222897235 -0.028867522 0.969214186
132.431289000 -13.542924980 21.248302318 10.423555444 -0.091472494 0.203161520 -0.027121448 0.974485816
132.530926000 -13.355551683 21.287719123 10.967316900 -0.085303772 0.182637048 -0.031203348 0.978975651
132.630755000 -13.162873703 21.304712649 11.494378420 -0.086512207 0.160508787 -0.030560119 0.982760727
132.730719000 -12.947306364 21.326360428 11.967627262 -0.102938002 0.136551682 -0.019909311 0.985069046
132.830733000 -12.777818534 21.387668277 12.427231201 -0.113399510 0.118042292 -0.006538869 0.986490655
132.930914000 -12.608827958 21.425620214 12.871293916 -0.116017437 0.105917126 -0.002115265 0.987581410
133.031355000 -12.494830860 21.462632234 13.194766227 -0.113052174 0.097215495 -0.003899369 0.988814011
133.132166000 -12.348346670 21.496143628 13.640107222 -0.096970513 0.084565194 -0.006062258 0.991669651
133.232963000 -12.153946533 21.472104265 13.935621607 -0.088450000 0.072433352 -0.009830838 0.993394867
133.333663000 -11.960347033 21.438961853 14.146091223 -0.076727949 0.060313204 -0.016146272 0.995095190
133.434338000 -11.783115604 21.389522570 14.404042433 -0.060097233 0.048415007 -0.021030731 0.996795876
133.534672000 -11.608195241 21.341335193 14.674104628 -0.070574169 0.036317655 -0.029734536 0.996401612
133.634783000 -11.429350987 21.291711290 14.910318104 -0.093907477 0.025457600 -0.037001804 0.994567324
133.734565000 -11.261419655 21.254840232 15.150346889 -0.109051367 0.016827919 -0.042071247 0.993002835
133.833992000 -11.071884931 21.214097470 15.331406742 -0.115385967 0.008201285 -0.044781874 0.992276877
133.933209000 -10.900574435 21.180482309 15.559326739 -0.114265746 -0.010913674 -0.022983194 0.993124365
134.032523000 -10.754216618 21.138392413 15.759354254 -0.076882787 -0.027182681 -0.010969444 0.996609156
134.132164000 -10.610340924 21.078489743 15.964977853 -0.044890506 -0.041474695 -0.010154638 0.998078942
134.232182000 -10.496386857 20.990493497 16.192945077 -0.025648651 -0.057721674 -0.010472658 0.997948234
134.332218000 -10.400580798 20.891112036 16.425529084 -0.007997961 -0.072080047 -0.023937293 0.997079488
134.432205000 -10.303193520 20.762594760 16.669639439 0.012348813 -0.085738171 -0.038631715 0.995491870
134.531962000 -10.219829604 20.611630773 16.926989309 0.030497043 -0.098603459 -0.050707679 0.993366005
134.631533000 -10.145208154 20.424357970 17.220364408 0.025161228 -0.110450099 -0.061188435 0.991677197
134.731091000 -10.066230147 20.248886311 17.512792813 0.014217633 -0.121351385 -0.068670926 0.990129287
134.830889000 -9.981244765 20.021126658 17.825858141 0.011644440 -0.131027814 -0.070810858 0.988778004
134.930955000 -9.900604466 19.763515065 18.165657021 -0.007569133 -0.142965444 -0.063761352 0.987642688
135.031153000 -9.824997089 19.492853725 18.532649103 -0.032807720 -0.154130312 -0.060075589 0.985676632
135.131403000 -9.762378998 19.201589334 18.910083923 -0.066125355 -0.163127397 -0.065567276 0.982200500
135.231383000 -9.710475326 18.903176517 19.273122413 -0.089111859 -0.167749348 -0.093612125 0.977320829
135.331264000 -9.623168287 18.588887843 19.622396156 -0.100549348 -0.177330726 -0.120139069 0.971601897
135.431321000 -9.568001527 18.278755562 19.983808379 -0.107864389 -0.189256450 -0.150765054 0.964270278
135.531589000 -9.483759347 17.953367752 20.339960970 -0.112849638 -0.205094894 -0.184622448 0.954523753
135.631830000 -9.407495739 17.614365709 20.651565021 -0.119044537 -0.231216763 -0.212582473 0.941900153
135.732050000 -9.358167769 17.263455666 20.845545669 -0.129035161 -0.259301135 -0.241467282 0.926178385
135.832244000 -9.311950312 16.974190100 21.013128316 -0.125432776 -0.290719243 -0.253178317 0.914138764
135.932314000 -9.238835793 16.679720816 21.132473359 -0.115758902 -0.324818080 -0.247857309 0.905350676
136.032168000 -9.107037432 16.475378878 21.443884325 -0.115225239 -0.371133834 -0.220698026 0.894581021
136.131739000 -9.009976136 16.191564618 21.737864595 -0.092802767 -0.393940782 -0.219822519 0.887624001
136.230977000 -8.905649527 15.946562842 21.951359561 -0.082800893 -0.402140728 -0.219554795 0.884998609
136.330216000 -8.753571606 15.758053490 22.245248453 -0.078740039 -0.398743060 -0.216632131 0.887622948
136.429471000 -8.611074534 15.548453133 22.562474174 -0.079500293 -0.380532283 -0.208412394 0.897462623
136.528724000 -8.437816233 15.389227994 22.887908635 -0.080386187 -0.359165456 -0.198735524 0.908318461
136.628637000 -8.217409275 15.235688343 23.193398586 -0.082442290 -0.339779201 -0.190469097 0.917319403
136.729064000 -8.037074678 15.114397292 23.531566079 -0.085938087 -0.323936370 -0.182608256 0.924301952
136.829891000 -7.860360321 15.012037324 23.862172047 -0.085601833 -0.312231947 -0.173053065 0.930180721
136.930717000 -7.666433933 14.931068090 24.247354583 -0.085929971 -0.303883141 -0.162230266 0.934854222
137.031138000 -7.553331156 14.849005520 24.496762305 -0.085463077 -0.295779142 -0.147101095 0.939985122
137.131057000 -7.541817525 14.755641764 24.681984839 -0.081853361 -0.292224354 -0.129624813 0.943982183
137.230752000 -7.482570061 14.780027531 24.846254276 -0.080377764 -0.287631879 -0.118324668 0.946998728
137.330337000 -7.549061412 14.764340518 24.917935969 -0.076620477 -0.286934266 -0.105601874 0.949023853
137.429904000 -7.581562225 14.727467840 24.954101671 -0.068971115 -0.293377707 -0.081211655 0.950040617
137.529536000 -7.622449033 14.702095895 25.073728632 -0.066181743 -0.295961871 -0.073596516 0.950057946
137.629189000 -7.697120834 14.710558606 25.220692421 -0.063931712 -0.298264161 -0.067611309 0.949936807
137.729055000 -7.906520530 14.625914168 25.292052792 -0.063726117 -0.297521080 -0.068037773 0.950153172
137.829106000 -8.011242072 14.572467963 25.534998555 -0.075695404 -0.281149317 -0.088968972 0.952528104
137.928877000 -8.106659332 14.535817357 25.875203278 -0.084126333 -0.258730605 -0.097867723 0.957289477
138.028550000 -8.223200622 14.497771070 26.187397539 -0.090556408 -0.233121686 -0.101507737 0.962886284
138.128403000 -8.336041703 14.459123890 26.449280333 -0.096684443 -0.205550372 -0.112590764 0.967328529
138.228314000 -8.440025385 14.418307428 26.658692055 -0.100771740 -0.182740513 -0.114117856 0.971302258
138.328382000 -8.444587614 14.397515372 27.139046668 -0.102851330 -0.156737887 -0.100063974 0.977160191
138.428653000 -8.459760124 14.378987329 27.573300121 -0.105713536 -0.133842095 -0.088553387 0.981360912
138.529124000 -8.445225477 14.358343203 28.043710391 -0.108193698 -0.106320384 -0.080250792 0.985164915
138.629410000 -8.423563557 14.306569852 28.326455990 -0.109473992 -0.087006291 -0.075115118 0.987321158
138.729415000 -8.434342836 14.285702863 28.429105933 -0.110171556 -0.075912474 -0.070443985 0.988502488
138.829350000 -8.432706038 14.274923663 28.727476273 -0.112559543 -0.053679640 -0.058594490 0.990462282
138.929223000 -8.444675528 14.274671291 28.794497295 -0.113081144 -0.045074454 -0.056182369 0.990971488
139.029018000 -8.444675528 14.274671291 28.794497295 -0.113081144 -0.045074454 -0.056182369 0.990971488
139.128875000 -8.444675528 14.274671291 28.794497295 -0.113081144 -0.045074454 -0.056182369 0.990971488
139.228919000 -8.444675528 14.274671291 28.794497295 -0.113081144 -0.045074454 -0.056182369 0.990971488
139.329413000 -8.444675528 14.274671291 28.794497295 -0.113081144 -0.045074454 -0.056182369 0.990971488
139.430247000 -8.444675528 14.274671291 28.794497295 -0.113081144 -0.045074454 -0.056182369 0.990971488
139.530893000 -8.444675528 14.274671291 28.794497295 -0.113081144 -0.045074454 -0.056182369 0.990971488
139.631151000 -8.444675528 14.274671291 28.794497295 -0.113081144 -0.045074454 -0.056182369 0.990971488
139.730927000 -8.444675528 14.274671291 28.794497295 -0.113081144 -0.045074454 -0.056182369 0.990971488
139.830414000 -8.358209039 14.267545176 28.801177934 -0.112766947 -0.036213849 -0.053079120 0.991541618
139.929722000 -8.190696660 14.255964763 28.773445747 -0.115695975 -0.016617346 -0.043149591 0.992207850
140.029059000 -8.034734692 14.233646534 28.872588567 -0.116336954 -0.000768657 -0.032975880 0.992661933
140.128735000 -7.877400649 14.209569294 29.071913681 -0.115582116 0.021441670 -0.026484018 0.992713265
140.228445000 -7.768394653 14.221584442 29.195508844 -0.116322793 0.037359607 -0.020359120 0.992299740
140.328268000 -7.671025973 14.214354076 29.391708774 -0.117757658 0.059750778 -0.013620164 0.991149570
140.428410000 -7.556845968 14.246503342 29.755264847 -0.117438393 0.090481524 -0.002095915 0.988947382
140.528780000 -7.424312400 14.237954641 30.049169287 -0.116226461 0.121275227 0.011545689 0.985723301
140.629174000 -7.255748406 14.242403313 30.305944058 -0.117953084 0.150893173 0.024151816 0.981190608
140.729599000 -7.068039287 14.295575445 30.448596764 -0.121904710 0.178130045 0.035684862 0.975774318
140.830165000 -6.911504943 14.337380064 30.623318686 -0.123242812 0.203375459 0.046436591 0.970202698
140.930605000 -6.774198147 14.368474749 30.833314513 -0.122938848 0.230125125 0.058320195 0.963601173
141.030632000 -6.617855555 14.410795024 31.024848893 -0.122746827 0.257304439 0.069691691 0.955965852
141.130395000 -6.459716911 14.434964642 31.199163205 -0.129814019 0.273903032 0.098472748 0.947854719
141.229894000 -6.352234692 14.516675578 31.455752942 -0.135222583 0.288815619 0.126895279 0.939253948
141.329596000 -6.320507355 14.565231608 31.715228145 -0.121381392 0.299567188 0.155981350 0.933378742
141.429574000 -6.207499930 14.609808459 31.809238178 -0.120769925 0.313696017 0.168811423 0.926559301
141.529583000 -6.109555947 14.710525915 31.876056949 -0.121979751 0.330393002 0.172939587 0.919811559
141.629536000 -6.010981757 14.820456621 31.966001611 -0.127399187 0.350544511 0.170219793 0.912092767
141.729396000 -5.948958513 15.006585913 32.101728772 -0.134563403 0.370360518 0.168073227 0.903591261
141.829325000 -5.910266639 15.182852829 32.216061799 -0.129861263 0.386160696 0.172832725 0.896741222
141.929437000 -5.837630906 15.320587849 32.268278159 -0.122857410 0.398836941 0.181577658 0.890429506
142.029505000 -5.871374544 15.465642368 32.345642817 -0.128901327 0.404071770 0.203097350 0.882531540
142.129453000 -5.893377919 15.644125280 32.422399573 -0.139751020 0.409890743 0.220316142 0.874025188
142.229333000 -5.961794599 15.828936420 32.463404527 -0.153049160 0.413463334 0.240318869 0.864795275
142.329298000 -6.078654892 16.048399551 32.523701399 -0.159383449 0.420667709 0.253777720 0.856289942
142.429215000 -6.221633382 16.277496147 32.582755182 -0.155893646 0.430089718 0.267103655 0.848160152
142.529197000 -6.369169576 16.527303452 32.595574096 -0.149608830 0.439774506 0.283236498 0.839042709
142.629217000 -6.531438703 16.760831109 32.537792496 -0.141197464 0.451022829 0.296400539 0.829932771
142.729315000 -6.751826321 17.014571348 32.409373168 -0.136499281 0.472667922 0.294177511 0.819397690
142.829345000 -6.997451772 17.340899850 32.368825458 -0.138008001 0.499179494 0.290683547 0.804535083
142.929270000 -7.280940467 17.669607778 32.311372754 -0.130719886 0.517665833 0.286868367 0.795387287
143.029448000 -7.602458744 17.949113679 32.188477270 -0.126292204 0.530260120 0.287311450 0.787608161
143.129708000 -7.813513889 18.127445850 32.129961837 -0.128031987 0.543162827 0.285106931 0.779291981
143.229654000 -8.157640550 18.471036484 32.064501845 -0.123766399 0.560873039 0.280616474 0.768997859
143.329534000 -8.400961519 18.671759348 32.021286928 -0.119260623 0.571110961 0.279687113 0.762485601
143.429516000 -8.631142063 18.852879685 31.980485181 -0.115910771 0.581126772 0.277940948 0.756045764
143.529547000 -8.817063454 18.964097408 31.937577958 -0.114258710 0.589841590 0.274408894 0.750820621
143.629581000 -8.817063454 18.964097408 31.937577958 -0.114258710 0.589841590 0.274408894 0.750820621
143.729709000 -8.874025855 19.013777651 31.938646429 -0.114371571 0.592141837 0.274489440 0.748961104
143.829805000 -8.930449103 19.059630508 31.940079402 -0.114321072 0.594133247 0.274635109 0.747336561
143.929896000 -8.992699732 19.103692779 31.937619241 -0.113785486 0.596239523 0.275328810 0.745483294
144.029899000 -9.336460770 19.369652727 31.933286148 -0.111999440 0.606465936 0.280459242 0.735525531
144.130003000 -9.727429832 19.658186370 31.932171958 -0.117134877 0.614024708 0.289951014 0.724694065
144.230235000 -9.876738839 19.763589546 31.921744018 -0.124452124 0.612037102 0.300908743 0.720677586
144.330613000 -10.254651048 20.022436490 31.838274446 -0.113698018 0.619792904 0.293766365 0.718770366
144.430990000 -10.601920792 20.265586181 31.740817590 -0.115063253 0.620205386 0.297828093 0.716522263
144.531274000 -10.919279690 20.502477363 31.647551506 -0.109375356 0.623138675 0.291513114 0.717464513
144.631468000 -11.262755319 20.793230451 31.558949471 -0.099010801 0.626849627 0.281226577 0.719838884
144.731414000 -11.591116376 21.059979097 31.447088553 -0.095209573 0.627572091 0.277358116 0.721221799
144.831128000 -11.913007261 21.330278687 31.323665996 -0.092990975 0.627639005 0.275661062 0.722103134
144.930723000 -12.235783669 21.606743426 31.212801625 -0.091406972 0.626681855 0.275190616 0.723315106
145.030417000 -12.502395855 21.814383983 31.071020266 -0.090584548 0.625202311 0.274955058 0.724787021
145.130333000 -12.802522852 22.105521281 30.960192683 -0.090173676 0.623395762 0.274267663 0.726652380
145.230105000 -13.021882790 22.349404760 30.844052503 -0.089132499 0.621916866 0.274297809 0.728035385
145.329827000 -13.216193221 22.579084672 30.707852973 -0.088815942 0.620905785 0.273158785 0.729364116
145.429536000 -13.419725095 22.824963578 30.590604712 -0.088186668 0.619310460 0.273632473 0.730618187
145.529268000 -13.681402940 23.107987519 30.513657221 -0.089690292 0.617921831 0.273285765 0.731739812
145.629046000 -13.954648770 23.380339755 30.452043063 -0.086710078 0.615334994 0.275508528 0.733443425
145.728868000 -14.256018376 23.643968757 30.400172927 -0.079368022 0.611116443 0.282111811 0.735289287
145.828844000 -14.594185472 23.963176483 30.367896460 -0.068403653 0.605789889 0.290913988 0.737365989
145.928854000 -14.827382777 24.173150035 30.260478028 -0.052044751 0.598100572 0.304930631 0.739313438
146.029033000 -15.051201559 24.355301128 30.144103789 -0.042052779 0.593372643 0.312497836 0.740598119
146.129324000 -15.248446888 24.544661779 30.028878151 -0.024227661 0.585288479 0.326313026 0.741869413
146.229509000 -15.482866004 24.687121916 29.890366024 -0.003664393 0.575914791 0.341788970 0.742623071
146.329658000 -15.741825514 24.841579439 29.777420276 0.001616030 0.573516059 0.345515806 0.742762106
146.429809000 -16.043093714 24.979704252 29.638586693 -0.010425922 0.578346748 0.336199914 0.743219993
146.529918000 -16.383278675 25.113574841 29.496730916 -0.048303941 0.594070335 0.302951982 0.743617686
146.629895000 -16.722905589 25.268758634 29.402136317 -0.075104126 0.602372340 0.279023260 0.744078595
146.729808000 -17.097264171 25.411590795 29.314271736 -0.085077170 0.603561656 0.266498549 0.746628238
146.829619000 -17.461284735 25.522970278 29.220328247 -0.090628629 0.601360614 0.261419064 0.749541151
146.929532000 -17.832575104 25.673548222 29.083202506 -0.049325630 0.617530729 0.207488436 0.757080795
147.029651000 -18.195302436 25.736100731 29.043844502 -0.000584891 0.631267645 0.149698886 0.760980329
147.129986000 -18.498785390 25.754510458 28.971773209 0.012714801 0.630816590 0.130224178 0.764820520
147.230379000 -18.789805640 25.759303508 28.936421278 -0.020738303 0.614386371 0.165854089 0.771097744
147.330825000 -19.068769190 25.757348611 28.884099675 -0.042385265 0.597380839 0.191044464 0.777715652
147.431079000 -19.325537227 25.715822810 28.860753504 -0.067511273 0.578785860 0.218634828 0.782718320
147.530973000 -19.606647008 25.681808409 28.834415652 -0.085935117 0.563767297 0.240397647 0.785487468
147.630618000 -19.860672630 25.638546202 28.812724270 -0.093416926 0.555179015 0.247451276 0.788553996
147.730190000 -20.090669950 25.591029904 28.779963654 -0.095910105 0.546372697 0.247817210 0.794269953
147.829895000 -20.308281633 25.536102508 28.730441795 -0.097944689 0.537135237 0.244666198 0.801268386
147.929741000 -20.534270849 25.483232596 28.674500434 -0.097948226 0.527569128 0.239955910 0.809010582
148.029720000 -20.767035836 25.443295412 28.631052420 -0.098744857 0.517797996 0.236638094 0.816172225
148.129884000 -20.989029023 25.387659989 28.563018955 -0.099916618 0.509459602 0.232257549 0.822510799
148.229906000 -21.157006452 25.315559182 28.452010688 -0.097834500 0.501060888 0.225093005 0.829879230
148.329991000 -21.401404606 25.277321399 28.378994135 -0.065500853 0.509105827 0.173349646 0.840518171
148.430067000 -21.626334343 25.211502352 28.339776246 -0.057123871 0.506411496 0.160232699 0.845345930
148.529962000 -21.855335247 25.152964483 28.306862945 -0.052828057 0.503912716 0.150094987 0.848971534
148.629969000 -22.033332283 25.086747978 28.279964029 -0.041842390 0.505651158 0.132003816 0.851552179
148.729886000 -22.225036875 25.012106721 28.299554894 -0.044586030 0.502978752 0.132330114 0.852943845
148.829717000 -22.371231226 24.907505298 28.308075931 -0.061234422 0.493175748 0.156610309 0.853522840
148.929525000 -22.546473947 24.838672055 28.342147501 -0.085527627 0.478186388 0.190419590 0.853090372
149.029393000 -22.713445910 24.776378337 28.385738373 -0.096612119 0.469457286 0.203466678 0.853743091
149.129322000 -22.895789900 24.724643662 28.445782807 -0.098337933 0.465790302 0.201050786 0.856123605
149.229202000 -23.182280337 24.761248505 28.617939990 -0.086925050 0.462154481 0.181634229 0.863635501
149.329329000 -23.428327538 24.779676087 28.788075237 -0.083534914 0.452648707 0.165865848 0.872135074
149.429466000 -23.671352958 24.791424288 28.990022053 -0.088320401 0.432823173 0.161217712 0.882537510
149.529620000 -23.905638450 24.814703140 29.241500007 -0.096201691 0.403679995 0.159430092 0.895750938
149.629700000 -24.119459603 24.833249930 29.494920426 -0.100383977 0.371029135 0.148968856 0.911081071
149.729675000 -24.307451211 24.879282901 29.688282618 -0.100627557 0.337372233 0.128970995 0.927049380
149.829461000 -24.478257993 24.936656922 29.862339378 -0.100296769 0.304408791 0.101032399 0.941843034
149.929063000 -24.684630964 25.013635831 30.087734965 -0.101148776 0.269594087 0.076105682 0.954618185
150.028557000 -24.930102330 25.120036565 30.305774266 -0.100886366 0.241643557 0.051540315 0.963729178
150.127930000 -25.115157280 25.210286579 30.505970424 -0.099511776 0.219923503 0.037596201 0.969699740
150.227309000 -25.274126431 25.328564055 30.744718317 -0.096562328 0.196259215 0.046349457 0.974684444
150.326904000 -25.426568024 25.382069810 30.954093528 -0.097084694 0.174626608 0.059799708 0.978010278
150.426712000 -25.563990019 25.551465934 31.264367422 -0.089099623 0.155870481 0.070124453 0.981248292
150.526885000 -25.664161258 25.594095380 31.439254290 -0.066827347 0.138907252 0.075240738 0.985179026
150.627552000 -25.785008571 25.599335491 31.634908367 -0.068975067 0.125291320 0.072596008 0.987053365
150.728542000 -25.914255197 25.619462566 31.867867578 -0.082715712 0.115045741 0.061374845 0.988005930
150.829579000 -26.031118102 25.650230512 32.097235006 -0.098052292 0.102331808 0.055868589 0.988328210
150.930321000 -26.140425635 25.698205990 32.331403127 -0.110136479 0.087116234 0.050886547 0.988782725
151.030782000 -26.267102473 25.728661650 32.568918238 -0.115768513 0.069787009 0.044538128 0.989820075
151.131035000 -26.394761525 25.749534805 32.796314171 -0.117362995 0.051721797 0.035423643 0.991108444
151.230903000 -26.520345614 25.760374418 33.006866645 -0.118436831 0.032642069 0.027222478 0.992051485
151.330639000 -26.676825163 25.756070248 33.241376005 -0.118259667 0.018684590 0.001524791 0.992805727
151.430301000 -26.778927147 25.786725823 33.459145848 -0.117705817 0.003599385 -0.019185324 0.992856640
151.530117000 -26.900535700 25.801259550 33.711240190 -0.118721721 -0.016651429 -0.027262822 0.992413533
151.630078000 -26.999235029 25.815432571 33.983873840 -0.119060809 -0.042935154 -0.022662143 0.991699311
151.730112000 -27.101111144 25.821113494 34.221050356 -0.118939861 -0.065723744 -0.023431196 0.990446706
151.830016000 -27.207639616 25.836514348 34.455421426 -0.119329422 -0.083670491 -0.025338377 0.988998334
151.929730000 -27.303395214 25.847091036 34.694230395 -0.119135539 -0.095135500 -0.029857597 0.987858534
152.029402000 -27.384692716 25.877416969 34.939447016 -0.119948419 -0.108862755 -0.034489473 0.986190526
152.129603000 -27.463388882 25.923736299 35.207972081 -0.119464564 -0.123378189 -0.046015799 0.984067369
152.230015000 -27.538904387 25.991056180 35.448603709 -0.120496958 -0.136115654 -0.070768466 0.980787865
152.330476000 -27.604575785 26.061084584 35.737466969 -0.122097405 -0.154585151 -0.086925672 0.976544716
152.430756000 -27.664170337 26.126844202 36.022768403 -0.123434143 -0.175052135 -0.101778775 0.971474057
152.530761000 -27.708470883 26.198998467 36.313853191 -0.124187152 -0.197551585 -0.115437353 0.965518068
152.630547000 -27.739177646 26.273433661 36.597219648 -0.124888297 -0.220761975 -0.125937686 0.959065568
152.730088000 -27.746021732 26.351872538 36.957136646 -0.126039408 -0.243297980 -0.138183952 0.951748578
152.829538000 -27.733861592 26.428875950 37.242110390 -0.121943664 -0.272769042 -0.128459803 0.945634639
152.929169000 -27.732665360 26.501715507 37.519408376 -0.116850976 -0.299242767 -0.123621543 0.938891543
153.029123000 -27.716696905 26.579135930 37.773412253 -0.119998821 -0.316931243 -0.139165419 0.930477220
153.129340000 -27.718717501 26.625839625 37.989723274 -0.120848420 -0.335379402 -0.150092314 0.922165177
153.229394000 -27.658458912 26.743999123 38.304245443 -0.131796536 -0.344330312 -0.185833222 0.910786651
153.329555000 -27.617831604 26.835681865 38.457370246 -0.120479709 -0.374625316 -0.168455328 0.903749586
153.429746000 -27.596348180 26.873451419 38.563312378 -0.114093573 -0.399626141 -0.164798761 0.894495932
153.529939000 -27.570625037 26.915492700 38.667248678 -0.109839245 -0.421221358 -0.168661617 0.884342223
153.630019000 -27.553260677 26.947896893 38.760589292 -0.107523527 -0.440325239 -0.174887551 0.874051897
153.729985000 -27.539267516 26.978426803 38.856760147 -0.109790408 -0.454765092 -0.189581190 0.863246054
153.830051000 -27.519479086 27.012353041 38.941936277 -0.115931064 -0.465662103 -0.210550929 0.851696601
153.930185000 -27.499181559 27.049169995 39.022973063 -0.119981668 -0.478073191 -0.224721889 0.840565581
154.030444000 -27.472541612 27.087531629 39.099241585 -0.123946832 -0.490582755 -0.237680231 0.829140429
154.130848000 -27.438340641 27.140972885 39.158824800 -0.121590543 -0.507226297 -0.240356628 0.818636619
154.231029000 -27.399520887 27.189561383 39.216405845 -0.106664301 -0.528983722 -0.232527130 0.809153930
154.331033000 -27.359853903 27.238475300 39.280138264 -0.101775480 -0.548671710 -0.228975786 0.797603407
154.431110000 -27.321996919 27.293352072 39.334880220 -0.099515553 -0.563305853 -0.230982056 0.787039047
154.531079000 -27.285406028 27.351802551 39.391678483 -0.097016898 -0.573307054 -0.233846177 0.779244960
154.630688000 -27.255675356 27.419708057 39.436711868 -0.097836352 -0.577921694 -0.233598228 0.775800510
154.730021000 -27.235511227 27.480358888 39.503111391 -0.099103327 -0.577968374 -0.234035495 0.775473066
154.829415000 -27.242937770 27.557393560 39.552740370 -0.109362249 -0.570605940 -0.246639872 0.775640079
154.929102000 -27.265534431 27.620076409 39.620479260 -0.107649482 -0.568543899 -0.241509526 0.779001009
155.028979000 -27.237134078 27.727179218 39.704806367 -0.102373211 -0.565265953 -0.239808145 0.782614964
155.129093000 -27.196525770 27.816628670 39.780174233 -0.094526370 -0.561339298 -0.241328901 0.785953764
155.229230000 -27.172805567 27.884900036 39.835434643 -0.105962346 -0.558063505 -0.244444924 0.785864991
155.329469000 -27.141344118 27.980567410 39.906080543 -0.119792214 -0.552021583 -0.254244837 0.785036025
155.429695000 -27.103517230 28.072809328 39.962361702 -0.135239497 -0.543970538 -0.270600549 0.782675971
155.529860000 -27.031765139 28.179992518 40.007764140 -0.136638449 -0.542807156 -0.272328594 0.782641337
155.629880000 -26.981692074 28.276726368 40.036480431 -0.118355670 -0.554357129 -0.248910665 0.785317509
155.730021000 -26.943156533 28.362857890 40.059685193 -0.106439686 -0.562813640 -0.234609530 0.785410573
155.830485000 -26.897925947 28.445428134 40.072184135 -0.099822635 -0.566780744 -0.229754326 0.784861758
155.930980000 -26.855990402 28.524041095 40.082751604 -0.097918925 -0.568970444 -0.228714199 0.783820345
156.031378000 -26.817688067 28.605817252 40.096345262 -0.097777311 -0.570194312 -0.228426761 0.783032093
156.131493000 -26.778205657 28.692592008 40.120307178 -0.089494594 -0.568576596 -0.233866797 0.783592811
156.231217000 -26.736824516 28.773983507 40.142902244 -0.081054701 -0.565668404 -0.240289731 0.784672057
156.330850000 -26.691225920 28.856749963 40.171413514 -0.072229892 -0.563596131 -0.243860051 0.785922718
156.430617000 -26.631938938 28.931886875 40.201264995 -0.060979480 -0.561586823 -0.245222356 0.787888152
156.530500000 -26.585518213 28.991753332 40.221067134 -0.063697506 -0.565680078 -0.230662754 0.789140907
156.630477000 -26.520159200 29.062915415 40.266435542 -0.076395554 -0.565758884 -0.219872195 0.791035285
156.730476000 -26.444849266 29.134486721 40.323734775 -0.086994515 -0.561057592 -0.215850857 0.794389540
156.830434000 -26.383420126 29.202230643 40.377678404 -0.091556164 -0.555337417 -0.209592266 0.799555442
156.930332000 -26.328617543 29.274927516 40.438612173 -0.098285479 -0.544817231 -0.212273232 0.805266555
157.030317000 -26.275199164 29.352186725 40.498898112 -0.101605349 -0.534960285 -0.211423464 0.811661238
157.130618000 -26.221359092 29.425084577 40.561825205 -0.103133955 -0.525057349 -0.210003884 0.818276564
157.230862000 -26.171757042 29.501024350 40.623808891 -0.102935658 -0.517213489 -0.206075505 0.824273828
157.331049000 -26.120972611 29.577074580 40.687573754 -0.103760379 -0.510123815 -0.203548645 0.829201680
157.431054000 -26.076744206 29.650642640 40.750555163 -0.104298850 -0.503743213 -0.200673367 0.833723410
157.530834000 -26.029826029 29.728039594 40.817572607 -0.104146263 -0.497741700 -0.197666024 0.838054234
157.630436000 -25.979832824 29.803887372 40.888557695 -0.104088740 -0.492364736 -0.195403590 0.841760024
157.729943000 -25.935229730 29.880876255 40.957457148 -0.104452893 -0.487772958 -0.192768901 0.844989518
157.829371000 -25.892239279 29.960776632 41.024427567 -0.103710957 -0.484041866 -0.187181641 0.848475423
157.928922000 -25.845582172 30.038469449 41.091956621 -0.096939478 -0.484896600 -0.173316932 0.851727225
158.028749000 -25.796280213 30.107680028 41.174465426 -0.092134043 -0.484091012 -0.165903720 0.854191528
158.128951000 -25.764594366 30.171154266 41.249671861 -0.094294288 -0.478522280 -0.168925068 0.856498299
158.229287000 -25.735443317 30.226827341 41.327535002 -0.097944789 -0.473138769 -0.173148783 0.858234247
158.329676000 -25.711206168 30.278153438 41.405519961 -0.102929804 -0.466877524 -0.180647426 0.859533211
158.429858000 -25.681079550 30.331257692 41.485925384 -0.100537283 -0.466011527 -0.174368459 0.861580613
158.529820000 -25.660778947 30.376725114 41.566045971 -0.100036185 -0.466023805 -0.174462607 0.861613239
158.629872000 -25.642458238 30.413971691 41.642702715 -0.102412527 -0.464196495 -0.179804075 0.861222261
158.729879000 -25.627237603 30.448756071 41.723322980 -0.103245063 -0.463771119 -0.181564237 0.860982714
158.829729000 -25.602561706 30.477311501 41.801612736 -0.101824749 -0.467875629 -0.184040699 0.858401501
158.929588000 -25.578790009 30.501230174 41.880250820 -0.101453424 -0.474570829 -0.187100789 0.854097785
159.029432000 -25.556299800 30.514068488 41.959469617 -0.100528016 -0.482727854 -0.190310490 0.848910982
159.129387000 -25.530033128 30.513254931 42.058592145 -0.100208527 -0.489859444 -0.194070900 0.843997904
159.229212000 -25.497328525 30.515923169 42.159656330 -0.099881809 -0.496668921 -0.195680634 0.839674161
159.329133000 -25.460595178 30.528352825 42.276706029 -0.100458990 -0.500945026 -0.197582386 0.836614172
159.428906000 -25.440465408 30.549517068 42.370415051 -0.105744751 -0.502919563 -0.208029302 0.832234204
159.528579000 -25.442479484 30.568186552 42.459916024 -0.126345641 -0.497993939 -0.236662787 0.824639037
159.628146000 -25.443374784 30.591362985 42.532234810 -0.121009807 -0.505721138 -0.229184242 0.822847094
159.727779000 -25.399159855 30.607630537 42.611618510 -0.107088502 -0.516692495 -0.214616903 0.821888376
159.827617000 -25.382082215 30.623187340 42.673351102 -0.095314924 -0.522291617 -0.209282595 0.821174359
159.927488000 -25.406098668 30.633912003 42.772078945 -0.093895296 -0.525452582 -0.209326584 0.819308024
160.027466000 -25.488416234 30.618624979 42.848755331 -0.110249165 -0.518361817 -0.231807978 0.815727412
160.127695000 -25.490721240 30.602984598 42.898988633 -0.139724564 -0.502056349 -0.272620644 0.808761061
160.228095000 -25.485182986 30.624925503 42.892536293 -0.125059175 -0.512673818 -0.260241541 0.808579062
160.329156000 -25.385081577 30.614512862 42.974823974 -0.118826427 -0.518232233 -0.247623021 0.809937326
160.430243000 -25.357381136 30.619946283 43.032190841 -0.111836509 -0.523281672 -0.238001786 0.810570192
160.531373000 -25.265769781 30.587137082 43.091981672 -0.115306785 -0.531596642 -0.237714717 0.804736645
160.632679000 -25.223544656 30.569625998 43.123969686 -0.116451311 -0.531881347 -0.238175896 0.804247205
160.734152000 -25.243504400 30.565117973 43.152237999 -0.116077604 -0.533017440 -0.237962715 0.803611936
160.834915000 -25.284473411 30.581840035 43.136254902 -0.116136705 -0.532774365 -0.237812822 0.803808935
160.934703000 -25.286255698 30.608912626 43.117468152 -0.115057170 -0.532101273 -0.237577985 0.804479200
161.033686000 -25.303595490 30.614367702 43.124906253 -0.114595679 -0.532155633 -0.237925705 0.804406347
161.132191000 -25.304297082 30.622004357 43.122378138 -0.114973625 -0.532451851 -0.237751704 0.804207821
161.230442000 -25.294475698 30.623313483 43.122157602 -0.114404817 -0.532905325 -0.237822854 0.803967501
161.328864000 -25.303444450 30.627961444 43.110526252 -0.114284408 -0.533095889 -0.238075117 0.803783606
161.427670000 -25.300760592 30.628272803 43.110806201 -0.114678938 -0.532965653 -0.237836317 0.803884470
161.526895000 -25.305464076 30.630209358 43.101540860 -0.114590308 -0.533319844 -0.237986697 0.803617657
161.626532000 -25.300034174 30.631341438 43.102310815 -0.114508956 -0.533328302 -0.238042317 0.803607166
161.726491000 -25.310847996 30.631756544 43.105066973 -0.114354490 -0.533481697 -0.238185588 0.803484882
161.826642000 -25.308133414 30.633387076 43.107234368 -0.114383946 -0.533467406 -0.238161571 0.803497297
161.926877000 -25.295586172 30.633934684 43.123600893 -0.114666106 -0.533312797 -0.238047112 0.803593627
162.027062000 -25.284428854 30.634070461 43.128474182 -0.114582988 -0.533312350 -0.238038602 0.803608300
162.127301000 -25.279365729 30.645027876 43.134856667 -0.114504550 -0.533598045 -0.238153961 0.803395622
162.227374000 -25.249256372 30.648615787 43.143206614 -0.114502542 -0.533546203 -0.238167183 0.803426418
162.327334000 -25.197426654 30.679024735 43.146909710 -0.114568820 -0.533554176 -0.238135771 0.803420986
162.427241000 -25.147661304 30.688537207 43.165155868 -0.114639767 -0.533499964 -0.238069518 0.803466500
162.527147000 -25.147661304 30.688537207 43.165155868 -0.114639767 -0.533499964 -0.238069518 0.803466500
162.627096000 -25.089644697 30.692252313 43.171600310 -0.114603029 -0.533585813 -0.238118667 0.803400166
162.727061000 -25.082653765 30.686266466 43.170297108 -0.114673123 -0.533461855 -0.238008497 0.803505121
162.827021000 -25.076938606 30.693505245 43.170948460 -0.114701119 -0.533566701 -0.238005319 0.803432447
162.926956000 -25.076938606 30.693505245 43.170948460 -0.114701119 -0.533566701 -0.238005319 0.803432447
163.026915000 -25.085628244 30.694681045 43.113371927 -0.114713332 -0.533602924 -0.237990421 0.803411060
