id,frame_index,timestamp,tx,ty,tz,qx,qy,qz,qw,point_count
0,0,0.006001000,0.000000000,0.000000000,0.000000000,0.000000000,0.000000000,0.000000000,1.000000000,1
1,5,0.066001000,0.007898970,-0.024887470,-0.072263128,0.000002427,-0.000207182,-0.000013719,0.999999978,0
2,10,0.126001000,0.003509773,-0.017129895,-0.065057417,-0.000057923,-0.000133559,-0.000031208,0.999999989,0
3,15,0.186001000,0.013272833,-0.020184465,-0.034745091,-0.000033854,0.000037500,-0.000001505,0.999999999,0
4,20,0.246001000,0.020489094,0.005560441,-0.020747888,-0.000019697,0.000032918,-0.000020102,0.999999999,2
5,25,0.306001000,0.046856766,0.009393355,0.017351691,-0.000039260,0.000160824,0.000013955,0.999999986,2
6,30,0.366001000,0.053883107,0.014133416,-0.013956050,-0.000040019,-0.000091435,-0.000028880,0.999999995,1
7,36,0.438001000,0.064192406,0.015327308,-0.009407917,-0.000039590,0.000056584,0.000017076,0.999999997,2
8,41,0.498001000,0.059902645,0.016614151,-0.002065108,-0.000047379,0.000489243,0.000128042,0.999999871,2
9,47,0.570001000,0.062398622,0.014145396,0.001545847,-0.000057921,0.000392210,0.000092705,0.999999917,0
10,52,0.630001000,0.065429484,0.011949471,0.025293567,-0.000047772,0.000391588,0.000098834,0.999999917,1
11,57,0.690001000,0.074702500,0.014810882,0.016281761,-0.000056192,0.001078693,0.000299873,0.999999372,0
12,63,0.762001000,0.083345044,0.027232552,-0.020938148,-0.000053288,0.000374184,0.000103216,0.999999923,0
13,68,0.822001000,0.086757051,0.032502678,-0.018114801,-0.000045502,0.000473176,0.000143197,0.999999877,1
14,73,0.882001000,0.110241858,0.030397089,-0.022263911,-0.000047114,0.000978900,0.000272854,0.999999483,3
15,79,0.954001000,0.111367733,0.027386538,-0.017730436,-0.000032705,0.000673602,0.000204542,0.999999752,1
16,87,1.050001000,0.111367533,0.028307001,-0.025445355,-0.000039607,0.000961359,0.000289943,0.999999495,1
17,95,1.146001000,0.112198310,0.028305162,-0.021856676,-0.000046120,0.001187307,0.000353390,0.999999232,5
18,103,1.242001000,0.116675285,0.030087118,-0.027323078,-0.000043799,0.001365036,0.000397647,0.999998988,1
19,110,1.326001000,0.116606848,0.028408805,-0.026195953,-0.000051054,0.001173986,0.000349755,0.999999248,2
20,115,1.386001000,0.137681749,0.022165542,0.041434634,-0.000069788,0.000849199,0.000262664,0.999999602,3
21,122,1.470001000,0.145868155,0.035393545,0.040570905,-0.000056308,0.000992757,0.000310190,0.999999458,1
22,130,1.566001000,0.144991632,0.033671570,0.045777213,-0.000061366,0.001011456,0.000319244,0.999999436,1
23,138,1.662001000,0.155481641,0.028659689,0.081325698,-0.000067472,0.000886671,0.000286104,0.999999564,2
24,149,1.794001000,0.161612012,0.039667105,0.098753860,-0.000069765,0.000972160,0.000316503,0.999999475,1
25,154,1.854001000,0.186926695,0.022442949,0.048241665,-0.000067583,0.000890662,0.000288478,0.999999559,0
26,165,1.986001000,0.196908541,0.004793375,0.024889227,-0.000068547,0.001189672,0.000378295,0.999999218,0
27,172,2.070001000,0.196088939,-0.018557188,0.020166529,-0.000072776,0.001278327,0.000402749,0.999999099,0
28,191,2.298001000,0.169454187,0.003388460,0.029021475,-0.000065706,0.001087387,0.000355186,0.999999344,0
29,214,2.574001000,0.260131141,-0.026555108,0.069390548,-0.000062662,0.001069173,0.000347447,0.999999366,0
30,221,2.658001000,0.305738853,-0.098615795,0.132538826,-0.000061328,0.001083888,0.000351185,0.999999349,0
31,230,2.766001000,0.365612902,-0.122502748,0.221441640,-0.000056012,0.001087783,0.000349300,0.999999346,0
32,286,3.438001000,0.351286614,-0.111611634,0.093826565,-0.000053581,0.001173405,0.000370336,0.999999242,0
33,335,4.026001000,0.398435860,-0.093820749,0.049362386,-0.000051763,0.001149964,0.000367019,0.999999270,0
34,556,6.678001000,0.397152811,-0.099040925,0.101338376,-0.000047227,0.001018758,0.000352971,0.999999418,0
35,565,6.786001000,0.426832646,-0.074855171,0.051387705,-0.000051876,0.000912768,0.000338859,0.999999525,0
36,575,6.906001000,0.421484177,-0.075189098,0.060089054,-0.000057941,0.001001155,0.000382320,0.999999424,0
37,625,7.506001000,0.422124237,-0.075359670,0.060862725,-0.000065106,0.001535845,0.000378608,0.999998747,1
38,649,7.794001000,0.425710683,-0.073285004,0.045425300,-0.000307453,0.000745115,0.000153571,0.999999663,47
39,654,7.854001000,0.430276439,-0.071637494,0.046841921,-0.000538105,0.004363700,0.001346191,0.999989428,28
40,659,7.914001000,0.426787090,-0.067456983,0.061030672,-0.000053731,0.007443688,0.003054544,0.999967629,66
41,664,7.974001000,0.414197336,-0.072272737,0.056521123,-0.001652716,0.011398925,0.004392213,0.999924018,64
42,669,8.034001000,0.398442724,-0.088220252,0.081216834,-0.003082308,0.017317833,0.005982453,0.999827386,25
43,674,8.094001000,0.382615634,-0.099401881,0.113355465,-0.002086518,0.026266168,0.007999976,0.999620796,44
44,679,8.154001000,0.374519903,-0.102995456,0.143299536,-0.005029371,0.034888415,0.010473439,0.999323677,46
45,684,8.214001000,0.365196650,-0.127886168,0.169655744,-0.006659541,0.043395040,0.015902176,0.998909226,50
46,689,8.274001000,0.340172004,-0.161056514,0.202702648,-0.007481658,0.054427153,0.021569512,0.998256713,105
47,694,8.334001000,0.312272546,-0.218848201,0.252532761,-0.009054174,0.066189567,0.024468237,0.997465924,85
48,699,8.394001000,0.296338184,-0.243162388,0.277320683,-0.005895587,0.074180222,0.041856096,0.996348636,144
49,704,8.454001000,0.286408664,-0.252755823,0.281001207,-0.001305859,0.078264755,0.065250171,0.994794118,160
50,709,8.514001000,0.285531950,-0.287858851,0.361315019,0.008616976,0.088902885,0.093728390,0.991583085,41
51,714,8.574001000,0.284503500,-0.313632149,0.397245870,0.005267771,0.101078813,0.112762977,0.988453254,70
52,719,8.634001000,0.299608205,-0.326239066,0.411012467,-0.002604708,0.115548473,0.096393138,0.988610201,99
53,724,8.694001000,0.317696955,-0.343090444,0.431342972,-0.005136111,0.130101524,0.073972571,0.988724063,66
54,729,8.754001000,0.334947336,-0.362263357,0.451482187,-0.003082802,0.139879704,0.063001588,0.988157358,59
55,734,8.814001000,0.360528308,-0.390476693,0.482981479,-0.004648821,0.146279798,0.057145469,0.987580379,132
56,739,8.874001000,0.383418815,-0.410314602,0.510254468,-0.005501914,0.150896615,0.054700614,0.987019647,14
57,744,8.934001000,0.427860177,-0.443201904,0.568337407,-0.004699805,0.154191997,0.055367576,0.986477152,104
58,749,8.994001000,0.438989287,-0.470542201,0.584259007,-0.004076192,0.157104720,0.057878318,0.985876053,140
59,754,9.054001000,0.452500670,-0.499745656,0.596823228,-0.003528943,0.159191093,0.062332345,0.985271750,179
60,759,9.114001000,0.467408149,-0.529048829,0.611354031,-0.003431672,0.161862344,0.067517890,0.984494865,174
61,764,9.174001000,0.482422428,-0.559741404,0.628131517,-0.002447384,0.164552714,0.075689837,0.983456894,164
62,769,9.234001000,0.499763123,-0.589664319,0.642569178,-0.002474785,0.167225725,0.085611117,0.982191513,137
63,774,9.294001000,0.517151356,-0.621625668,0.659233110,-0.001270826,0.171299010,0.095271623,0.980601016,163
64,779,9.354001000,0.528487821,-0.657157028,0.668967375,0.007273334,0.164645264,0.143974465,0.975761441,168
65,784,9.414001000,0.560281611,-0.684611527,0.677003441,0.012397032,0.163975824,0.165780009,0.972355507,94
66,789,9.474001000,0.602583065,-0.713274598,0.689886808,0.013098557,0.172713459,0.156494432,0.972372347,66
67,794,9.534001000,0.666063628,-0.744963321,0.728489319,0.011586620,0.184229051,0.140824819,0.972673521,101
68,799,9.594001000,0.719513764,-0.771754141,0.739243009,0.012328432,0.192307696,0.140519105,0.971143728,45
69,804,9.654001000,0.781363871,-0.798757374,0.739214557,0.011795965,0.201959778,0.136081859,0.969822061,48
70,809,9.714001000,0.857416836,-0.826698070,0.757091211,0.007627776,0.218372603,0.114000445,0.969153817,44
71,814,9.774001000,0.928986116,-0.856853089,0.768203492,0.007190486,0.231361973,0.110109336,0.966589814,49
72,819,9.834001000,0.991839641,-0.887405239,0.747413815,0.005778121,0.243858066,0.105732497,0.964012705,42
73,824,9.894001000,1.034625899,-0.903793986,0.742341829,0.004426303,0.251278439,0.102556605,0.962456075,14
74,830,9.966001000,1.115707876,-0.936821248,0.733365626,0.001345328,0.266590044,0.093050270,0.959306826,3
75,837,10.050001000,1.191963389,-0.982000525,0.737438681,0.001015729,0.283565494,0.092264390,0.954503463,15
76,843,10.122001000,1.271642058,-1.015620101,0.759869937,0.003681762,0.294138247,0.098283069,0.950689000,23
77,848,10.182001000,1.328771723,-1.034273205,0.740287269,0.006105236,0.296741343,0.106514448,0.948979438,22
78,853,10.242001000,1.401043561,-1.071283216,0.736536631,0.010168891,0.297854873,0.123319682,0.946557618,35
79,858,10.302001000,1.472313638,-1.101249535,0.730322217,0.013452536,0.300644690,0.133924684,0.944190648,22
80,863,10.362001000,1.545376663,-1.129657048,0.726179112,0.015396001,0.304122985,0.140612674,0.942072316,27
81,868,10.422001000,1.622349212,-1.156387073,0.723203125,0.016780959,0.308118812,0.144704064,0.940128678,21
82,873,10.482001000,1.704206399,-1.187030511,0.714478959,0.017438542,0.313261203,0.145835934,0.938240479,16
83,878,10.542001000,1.787992389,-1.213203647,0.702623697,0.014834986,0.321024260,0.140648782,0.936451423,5
84,883,10.602001000,1.876347510,-1.237003884,0.696504225,0.009051280,0.331787032,0.127071157,0.934712983,7
85,888,10.662001000,1.960779751,-1.267525914,0.678141694,0.004584203,0.341324906,0.118146697,0.932479304,12
86,893,10.722001000,2.044486228,-1.296366722,0.665966090,0.002579796,0.349360666,0.114834912,0.929921186,13
87,898,10.782001000,2.129516667,-1.326496455,0.650495416,0.000818652,0.356953174,0.113069201,0.927253534,8
88,903,10.842001000,2.214607704,-1.358668430,0.641708998,0.000388518,0.363676635,0.112957258,0.924651184,9
89,908,10.902001000,2.294780153,-1.392835438,0.623777311,0.002005389,0.369089797,0.118541861,0.921800698,23
90,913,10.962001000,2.381538999,-1.423918032,0.616822626,0.004877068,0.373898398,0.126636197,0.918770633,17
91,918,11.022001000,2.466929289,-1.457019428,0.599650872,0.004521428,0.381305046,0.127259122,0.915637010,4
92,923,11.082001000,2.554906349,-1.488390926,0.598241471,0.003553321,0.387790871,0.129229576,0.912636472,3
93,928,11.142001000,2.642986960,-1.521207061,0.584984309,0.001556415,0.392573555,0.137331020,0.909408474,4
94,935,11.226001000,2.799510373,-1.561610775,0.595963729,-0.003259135,0.395996338,0.145946518,0.906573711,5
95,940,11.286001000,2.934422230,-1.586472137,0.604959715,-0.006032909,0.397382918,0.148343806,0.905563104,10
96,946,11.358001000,3.010821592,-1.608030887,0.610602200,-0.008583367,0.399829285,0.148467554,0.904444721,4
97,951,11.418001000,3.188687580,-1.674424487,0.597169922,-0.013702394,0.406536671,0.147174560,0.901598485,9
98,958,11.502001000,3.320166377,-1.721015378,0.629161158,-0.021653118,0.418712207,0.142718924,0.896572663,7
99,963,11.562001000,3.357846843,-1.734792890,0.629253428,-0.021402963,0.421153563,0.145101842,0.895051420,9
100,968,11.622001000,3.460834633,-1.772827580,0.638197383,-0.018532354,0.425798924,0.156469353,0.890993361,6
101,973,11.682001000,3.562458536,-1.811563778,0.643077262,-0.007098130,0.428809519,0.175188371,0.886217269,10
102,978,11.742001000,3.674987028,-1.854069967,0.647950964,0.000140739,0.431388138,0.194862417,0.880870531,33
103,983,11.802001000,3.796471541,-1.894692919,0.653068372,0.005959528,0.437663033,0.200649281,0.876444761,65
104,988,11.862001000,3.915175188,-1.927135277,0.653759728,0.002582153,0.446759436,0.195233230,0.873088383,41
105,993,11.922001000,4.043156277,-1.967832807,0.653083776,-0.001944440,0.456041647,0.185116997,0.870490628,58
106,998,11.982001000,4.177198567,-2.016330797,0.657333879,0.003443913,0.464417450,0.182796692,0.866539059,149
107,1003,12.042001000,4.311793475,-2.053860546,0.661970077,0.013345264,0.471719761,0.184031774,0.862226581,179
108,1008,12.102001000,4.448390310,-2.094903527,0.662778958,0.020976255,0.478393730,0.184504367,0.858287583,250
109,1013,12.162001000,4.593134751,-2.133863874,0.660530851,0.023375957,0.486205474,0.179660931,0.854856568,165
110,1018,12.222001000,4.743495414,-2.174246932,0.656444960,0.021084960,0.495320129,0.169265208,0.851799673,235
111,1023,12.282001000,4.891560664,-2.215930567,0.653288796,0.019740934,0.506163576,0.156884068,0.847818447,308
112,1028,12.342001000,5.034039447,-2.252627994,0.652423596,0.018828406,0.516411884,0.150195243,0.842855650,386
113,1033,12.402001000,5.175070746,-2.294332755,0.651190307,0.018910465,0.524134919,0.147424958,0.838564764,351
114,1038,12.462001000,5.310474193,-2.342297164,0.654412185,0.021642159,0.529057260,0.153058842,0.834387814,388
115,1043,12.522001000,5.447254985,-2.384607834,0.650970049,0.026442221,0.531691243,0.161973495,0.830884961,441
116,1048,12.582001000,5.588025306,-2.423344167,0.646518330,0.029989466,0.535541717,0.166544440,0.827380596,385
117,1053,12.642001000,5.728550853,-2.463572482,0.643387612,0.029885766,0.540149422,0.167183320,0.824254318,304
118,1058,12.702001000,5.869673531,-2.505408681,0.642966411,0.025954403,0.546230823,0.162626216,0.821286168,281
119,1063,12.762001000,6.006086251,-2.544163771,0.640028935,0.019175589,0.551457792,0.159872547,0.818515345,217
120,1068,12.822001000,6.137526798,-2.597377226,0.631234630,0.014413785,0.554002610,0.164905872,0.815891785,243
121,1073,12.882001000,6.268652519,-2.650229063,0.623141612,0.015547101,0.556111854,0.171470660,0.813077921,257
122,1078,12.942001000,6.412602701,-2.699135602,0.629621208,0.026725634,0.555894970,0.182888733,0.810443233,249
123,1083,13.002001000,6.547812195,-2.754017661,0.628067586,0.039948983,0.553538501,0.197267192,0.808136660,234
124,1088,13.062001000,6.685251293,-2.800574088,0.624135970,0.058608371,0.546822830,0.221573465,0.805267068,220
125,1093,13.122001000,6.833389355,-2.831650116,0.616362571,0.070430305,0.543117710,0.236137784,0.802684042,203
126,1098,13.182001000,6.972626509,-2.869095351,0.602488647,0.075628606,0.541917371,0.242887507,0.801006577,200
127,1103,13.242001000,7.120865174,-2.892635117,0.577135968,0.078106130,0.540901271,0.246900925,0.800228206,160
128,1108,13.302001000,7.279843765,-2.919798649,0.552345306,0.077083712,0.541687424,0.245313975,0.800283631,186
129,1113,13.362001000,7.429093787,-2.928940165,0.518614783,0.073084788,0.544823782,0.238057050,0.800721238,136
130,1118,13.422001000,7.593320365,-2.940790503,0.493222214,0.066860166,0.548670345,0.228793480,0.801338951,116
131,1123,13.482001000,7.744869765,-2.951766507,0.448071507,0.060543470,0.552037028,0.220412381,0.801877790,97
132,1128,13.542001000,7.900782495,-2.950270615,0.399706837,0.053278421,0.555476198,0.211022023,0.802544273,106
133,1133,13.602001000,8.049186295,-2.944676978,0.350979881,0.038669670,0.560383970,0.197353831,0.803446282,97
134,1138,13.662001000,8.213217174,-2.945782733,0.301725296,0.023253901,0.563269276,0.189924769,0.803813138,96
135,1143,13.722001000,8.361174300,-2.942072177,0.259690232,0.008694348,0.565352064,0.184589866,0.803883097,88
136,1148,13.782001000,8.519436616,-2.945056439,0.213685988,0.000763201,0.565849156,0.183197064,0.803898617,86
137,1153,13.842001000,8.676865239,-2.938276397,0.168023044,-0.003295107,0.566417018,0.180242050,0.804160250,59
138,1158,13.902001000,8.849746217,-2.909952745,0.139369142,-0.004665495,0.565347644,0.186207370,0.803546570,40
139,1163,13.962001000,9.043512022,-2.879291231,0.108876859,-0.006392467,0.563074830,0.195653555,0.802885770,67
140,1168,14.022001000,9.221750456,-2.854977697,0.073491537,-0.010346033,0.564499804,0.190830579,0.803004746,113
141,1173,14.082001000,9.389366382,-2.826042023,0.046289854,-0.012777014,0.566236080,0.184915170,0.803131266,64
142,1178,14.142001000,9.580725792,-2.785035376,0.016821621,-0.019439992,0.565770626,0.189526650,0.802250169,116
143,1183,14.202001000,9.766513437,-2.754430125,-0.009227090,-0.024515529,0.566629630,0.192110677,0.800889092,116
144,1188,14.262001000,9.942157065,-2.750988595,-0.030560788,-0.027467239,0.567707734,0.195983804,0.799089374,164
145,1193,14.322001000,10.136095205,-2.724399338,-0.054308390,-0.021831278,0.570788206,0.193269818,0.797728648,213
146,1198,14.382001000,10.339120025,-2.712238090,-0.077597031,-0.013035357,0.576109620,0.184656919,0.796134164,153
147,1203,14.442001000,10.533519211,-2.690082482,-0.094835432,-0.005600557,0.581300039,0.178819959,0.793777249,206
148,1208,14.502001000,10.728621078,-2.678618448,-0.110263172,-0.001177073,0.587110001,0.176540187,0.790021533,218
149,1213,14.562001000,10.919458509,-2.657858759,-0.126081234,0.002774509,0.594213125,0.174899010,0.785056304,161
150,1218,14.622001000,11.117073933,-2.657032607,-0.139146134,0.003129660,0.601675010,0.176511768,0.778987152,183
151,1223,14.682001000,11.310804882,-2.647054131,-0.153936641,0.006557978,0.610103444,0.175653237,0.772577971,145
152,1228,14.742001000,11.516474611,-2.658593459,-0.162095162,0.009254084,0.619266094,0.175925543,0.765162774,156
153,1233,14.802001000,11.702917343,-2.667515395,-0.171606984,0.011842397,0.628381341,0.176827495,0.757448800,156
154,1238,14.862001000,11.897207180,-2.685020964,-0.174199319,0.015676445,0.636155562,0.182406661,0.749525290,168
155,1243,14.922001000,12.084890978,-2.697054346,-0.178692838,0.024020188,0.642445240,0.192915664,0.741262902,129
156,1248,14.982001000,12.273761608,-2.716989182,-0.193524991,0.031156158,0.647963072,0.201641817,0.733834947,198
157,1253,15.042001000,12.450655259,-2.737991702,-0.204067787,0.031772997,0.654836781,0.203784396,0.727084030,163
158,1258,15.102001000,12.634840740,-2.751389089,-0.220955075,0.030970237,0.662462455,0.204431527,0.719994508,138
159,1263,15.162001000,12.809498335,-2.778884158,-0.229060289,0.025532467,0.670008255,0.200745190,0.714239736,145
160,1268,15.222001000,12.992057265,-2.803712037,-0.238217015,0.024137558,0.675619463,0.199559225,0.709317866,157
161,1273,15.282001000,13.155560795,-2.825539642,-0.248523432,0.029056238,0.678379299,0.206319605,0.704549134,142
162,1278,15.342001000,13.326146536,-2.853747178,-0.257098867,0.036666921,0.679434553,0.216254959,0.700184275,130
163,1283,15.402001000,13.481746910,-2.874397783,-0.271007872,0.051011586,0.678307050,0.229891882,0.696022332,105
164,1288,15.462001000,13.656433034,-2.886679573,-0.298001492,0.051792643,0.680572307,0.232589727,0.692849822,151
165,1293,15.522001000,13.823946975,-2.907633958,-0.325746377,0.042647621,0.686304235,0.225412590,0.690186092,116
166,1298,15.582001000,13.990074528,-2.928098172,-0.345387961,0.031220974,0.693172714,0.215321165,0.687148918,90
167,1303,15.642001000,14.150802946,-2.946740133,-0.361176498,0.023657873,0.698196139,0.208542762,0.684450417,54
168,1308,15.702001000,14.321388487,-2.965799177,-0.380280710,0.022841920,0.700356460,0.210534342,0.681655607,91
169,1313,15.762001000,14.480347701,-2.987044733,-0.396442885,0.025712973,0.701483862,0.212955370,0.679639055,106
170,1318,15.822001000,14.646818896,-2.998747582,-0.417438438,0.027630201,0.701893133,0.215980965,0.678184949,75
171,1323,15.882001000,14.812601576,-3.011991912,-0.439971200,0.031009396,0.702160792,0.219647304,0.676582369,73
172,1328,15.942001000,14.994163637,-3.011013920,-0.457857716,0.031154859,0.703822056,0.219980086,0.674738950,59
173,1333,16.002001000,15.146588406,-3.023217645,-0.479194524,0.039090860,0.703220608,0.227245673,0.672541512,74
174,1338,16.062001000,15.308486017,-3.033316101,-0.500831314,0.043510578,0.705262385,0.230949873,0.668860190,139
175,1343,16.122001000,15.472733487,-3.032722625,-0.518458313,0.048348422,0.707619547,0.235131376,0.664567712,72
176,1348,16.182001000,15.631168321,-3.034898070,-0.544545415,0.053048985,0.710130003,0.239379331,0.659999030,110
177,1353,16.242001000,15.787099582,-3.031422843,-0.569064242,0.058253871,0.712987285,0.244153313,0.654709689,104
178,1358,16.302001000,15.949596805,-3.021114967,-0.601225960,0.066177264,0.715893372,0.251701287,0.647891744,79
179,1363,16.362001000,16.108186124,-3.017748555,-0.633226986,0.069892918,0.720603114,0.255294123,0.640836206,91
180,1368,16.422001000,16.266201036,-2.999583142,-0.670850003,0.071525458,0.726790103,0.257689247,0.632658286,96
181,1373,16.482001000,16.420880972,-2.975785341,-0.711587425,0.069551451,0.734774012,0.257513290,0.623663894,89
182,1378,16.542001000,16.579848369,-2.949422326,-0.755910903,0.066025250,0.743132189,0.256148777,0.614640561,108
183,1383,16.602001000,16.731406327,-2.917759465,-0.803861697,0.064111415,0.751209633,0.255267467,0.605320027,76
184,1388,16.662001000,16.879755116,-2.897568919,-0.845181259,0.066548840,0.757498225,0.259989944,0.595124290,107
185,1393,16.722001000,17.024317583,-2.865067602,-0.899299285,0.072944901,0.762216492,0.266243814,0.585507722,91
186,1398,16.782001000,17.171121538,-2.832299184,-0.955533085,0.073290881,0.769622428,0.267225872,0.575239166,85
187,1403,16.842001000,17.317725757,-2.798345723,-1.013988954,0.068327026,0.778599028,0.265386440,0.564521930,118
188,1408,16.902001000,17.458461393,-2.765684558,-1.079196375,0.066583247,0.787106040,0.266499254,0.552276109,83
189,1413,16.962001000,17.598100294,-2.735390170,-1.141088551,0.070561744,0.794635038,0.269281666,0.539503087,85
190,1418,17.022001000,17.730360768,-2.707563443,-1.210069253,0.073517676,0.801845540,0.271745867,0.527060779,58
191,1423,17.082001000,17.863871759,-2.673627240,-1.285427466,0.076006287,0.807650808,0.274645870,0.516229468,116
192,1428,17.142001000,17.989567280,-2.641300756,-1.359724760,0.076129850,0.813215710,0.276701713,0.506281164,53
193,1433,17.202001000,18.096646054,-2.615542733,-1.436183545,0.076788705,0.818880577,0.277935934,0.496275842,81
194,1438,17.262001000,18.201774353,-2.587162165,-1.523109643,0.065606637,0.826588134,0.273197440,0.487658676,45
195,1443,17.322001000,18.329452798,-2.542302669,-1.617319084,0.043608885,0.835217305,0.264601361,0.480100445,39
196,1448,17.382001000,18.442316854,-2.515544509,-1.703300265,0.030482553,0.841897014,0.260333834,0.471705975,107
197,1453,17.442001000,18.550063144,-2.486079987,-1.787157081,0.023172496,0.848376201,0.257669655,0.461873583,81
198,1458,17.502001000,18.663749039,-2.451858878,-1.870700800,0.018409265,0.853864013,0.256997526,0.452249508,80
199,1463,17.562001000,18.774732650,-2.420265831,-1.953088993,0.016178547,0.858592010,0.256262744,0.443719980,75
200,1468,17.622001000,18.881864233,-2.392598073,-2.032323687,0.013669923,0.861556063,0.258745006,0.436560769,40
201,1473,17.682001000,18.999663381,-2.354310641,-2.116541035,0.008167166,0.862294251,0.268517380,0.429278860,166
202,1478,17.742001000,19.115166289,-2.324095962,-2.200102642,0.001216200,0.861434266,0.282846465,0.421814418,157
203,1483,17.802001000,19.215187735,-2.299471228,-2.273499138,-0.001870386,0.862761574,0.290169025,0.414054229,226
204,1488,17.862001000,19.331896183,-2.266615970,-2.356241574,-0.006293166,0.862886229,0.301184144,0.405802741,75
205,1493,17.922001000,19.430571586,-2.252867979,-2.432956919,-0.009565099,0.862979826,0.311635236,0.397564849,126
206,1498,17.982001000,19.539780097,-2.239678235,-2.518900371,-0.012830628,0.863588485,0.321051207,0.388556850,178
207,1503,18.042001000,19.653018537,-2.228570484,-2.605780737,-0.012615440,0.866753516,0.324035491,0.378919773,194
208,1508,18.102001000,19.764042133,-2.220332918,-2.691046185,-0.011089015,0.870951032,0.324584202,0.368736259,173
209,1513,18.162001000,19.896269975,-2.191131469,-2.784116945,-0.008625100,0.875890884,0.321501757,0.359690683,292
210,1518,18.222001000,20.026031799,-2.161410499,-2.877317164,-0.005998233,0.879956384,0.320903633,0.350230841,238
211,1523,18.282001000,20.159129296,-2.132154547,-2.972257803,-0.004872949,0.883918921,0.319886568,0.341080899,169
212,1528,18.342001000,20.298774318,-2.112735646,-3.078211051,-0.004480814,0.887348960,0.319317490,0.332608006,152
213,1533,18.402001000,20.446155114,-2.085865811,-3.180756540,-0.001811237,0.891924212,0.313843538,0.325530571,150
214,1538,18.462001000,20.583791895,-2.057328892,-3.280475352,-0.002195742,0.893412262,0.312865025,0.322374293,96
215,1543,18.522001000,20.734502614,-2.030648012,-3.392744102,-0.001717323,0.895072242,0.310250351,0.320292760,66
216,1548,18.582001000,20.885263526,-2.003351649,-3.501382259,-0.001973099,0.895098866,0.312299447,0.318218766,117
217,1553,18.642001000,21.035437064,-1.980145395,-3.614441539,-0.000130593,0.896833139,0.310775025,0.314816116,158
218,1558,18.702001000,21.181785880,-1.944281742,-3.716470795,0.000382095,0.899589510,0.307380515,0.310251167,60
219,1563,18.762001000,21.336457388,-1.916512253,-3.833867347,-0.001330256,0.898963200,0.312602430,0.306827503,87
220,1568,18.822001000,21.489074878,-1.895228609,-3.946634440,-0.001860626,0.898626054,0.315509550,0.304830242,67
221,1573,18.882001000,21.644255176,-1.875155034,-4.064634513,-0.001772740,0.899361195,0.314303877,0.303906846,92
222,1578,18.942001000,21.795719385,-1.842015744,-4.172447708,-0.001823784,0.899295481,0.314707242,0.303683493,34
223,1583,19.002001000,21.958206675,-1.823294424,-4.292650598,-0.003992624,0.897717268,0.319422936,0.303408560,35
224,1588,19.062001000,22.117920302,-1.792626351,-4.412794928,-0.003238871,0.897592413,0.319343465,0.303870237,16
225,1593,19.122001000,22.273653969,-1.762350490,-4.527913173,-0.003352958,0.897284587,0.319765513,0.304333935,21
226,1598,19.182001000,22.443807563,-1.722496416,-4.653696335,-0.004502343,0.895520769,0.324460282,0.304545246,15
227,1603,19.242001000,22.605956038,-1.686474257,-4.771571697,-0.008055758,0.891283451,0.335505434,0.304934449,3
228,1608,19.302001000,22.737775852,-1.653627858,-4.875250488,-0.010180690,0.888861184,0.342395700,0.304281667,32
229,1613,19.362001000,22.906378224,-1.614757962,-5.003493713,-0.010630759,0.888479905,0.345372107,0.302007538,41
230,1618,19.422001000,23.078841025,-1.579037211,-5.141083934,-0.010541407,0.889513090,0.344968433,0.299419641,78
231,1623,19.482001000,23.259296963,-1.534481312,-5.286513584,-0.007277660,0.893755701,0.336706647,0.296270850,105
232,1628,19.542001000,23.435153985,-1.478772928,-5.418876906,-0.003676554,0.898320992,0.327462756,0.292872022,57
233,1633,19.602001000,23.601394420,-1.432895488,-5.554144642,-0.006008502,0.896118716,0.337377615,0.288290634,45
234,1638,19.662001000,23.782553430,-1.387843655,-5.700997294,-0.004481581,0.897457309,0.339438800,0.281658649,39
235,1643,19.722001000,23.963200186,-1.335358485,-5.849988668,-0.001759102,0.901497153,0.335635991,0.273218355,42
236,1648,19.782001000,24.145297369,-1.279229853,-5.995561280,-0.001773086,0.901463565,0.343073129,0.263933941,16
237,1653,19.842001000,24.324274167,-1.238975140,-6.152552269,-0.002523914,0.902302827,0.348412575,0.253873817,29
238,1658,19.902001000,24.507264446,-1.196532205,-6.318109293,-0.009736653,0.904670484,0.346675942,0.247572825,54
239,1663,19.962001000,24.694860307,-1.153465594,-6.480860193,-0.002700314,0.914686981,0.324898748,0.240377285,180
240,1668,20.022001000,24.881882098,-1.089353753,-6.649847114,-0.000891736,0.921037124,0.311241325,0.234133846,175
241,1673,20.082001000,25.077220197,-1.042832640,-6.818241063,0.002955305,0.926260789,0.298860402,0.229596772,114
242,1678,20.142001000,25.261658517,-0.993779483,-6.980325416,0.007036456,0.929069938,0.292808811,0.225925957,71
243,1683,20.202001000,25.453199475,-0.943327709,-7.154499426,0.004782623,0.931495282,0.286711366,0.223808530,35
244,1688,20.262001000,25.650838781,-0.898591168,-7.322442695,-0.007218803,0.934000475,0.280654550,0.220961590,32
245,1693,20.322001000,25.840710935,-0.857496552,-7.486318640,0.000527359,0.934824121,0.282108510,0.215681183,75
246,1698,20.382001000,26.026429499,-0.825420316,-7.649153603,0.005974534,0.935459172,0.282906423,0.211764958,69
247,1703,20.442001000,26.218406006,-0.796302386,-7.814497806,0.008777630,0.935473861,0.284386756,0.209608640,87
248,1708,20.502001000,26.405676976,-0.767837653,-7.977997521,0.010057991,0.935661076,0.284463473,0.208609013,41
249,1713,20.562001000,26.597462905,-0.748534063,-8.149577785,0.010504959,0.935491776,0.285170043,0.208381452,97
250,1718,20.622001000,26.780651679,-0.725982525,-8.310539322,0.010116368,0.935603149,0.285297597,0.207725028,94
251,1723,20.682001000,26.979948997,-0.713941878,-8.475882139,0.013614228,0.935112656,0.284452889,0.210868509,67
252,1728,20.742001000,27.158138068,-0.695484545,-8.638171452,0.020465446,0.932580411,0.286256195,0.218934541,141
253,1733,20.802001000,27.341643778,-0.680769668,-8.797747667,0.017526364,0.930915356,0.286110555,0.226340841,113
254,1738,20.862001000,27.529877793,-0.668766244,-8.963177380,0.014139986,0.929106955,0.284618234,0.235696390,159
255,1743,20.922001000,27.709228201,-0.656078431,-9.124755201,0.012648583,0.927485900,0.284188513,0.242583611,128
256,1748,20.982001000,27.875539282,-0.646209171,-9.282128885,0.011881609,0.925916378,0.283871812,0.248906572,188
257,1753,21.042001000,28.057778285,-0.635761851,-9.443235673,0.011967956,0.924709720,0.282495713,0.254882077,145
258,1758,21.102001000,28.245444592,-0.627917528,-9.605017143,0.012219903,0.923097048,0.282286721,0.260876833,253
259,1763,21.162001000,28.416545977,-0.621974468,-9.761527397,0.011612392,0.921206284,0.282176518,0.267620155,177
260,1768,21.222001000,28.590681072,-0.616146636,-9.915876453,0.010761244,0.920124811,0.282091293,0.271438815,141
261,1773,21.282001000,28.763587469,-0.614284203,-10.072306626,0.010780161,0.919614737,0.281742623,0.273520783,126
262,1778,21.342001000,28.947721585,-0.609410983,-10.230199780,0.014713006,0.919300123,0.281605392,0.274534541,101
263,1783,21.402001000,29.117807078,-0.598030992,-10.384487923,0.012921376,0.916909957,0.287577090,0.276421031,64
264,1788,21.462001000,29.303552657,-0.602184642,-10.552539947,0.007614538,0.913052431,0.298032713,0.278305191,157
265,1793,21.522001000,29.480463790,-0.599458972,-10.715210711,0.005796948,0.912854310,0.298705607,0.278277496,266
266,1798,21.582001000,29.658701288,-0.596006538,-10.872291472,0.006374436,0.914431319,0.294147292,0.277942620,175
267,1803,21.642001000,29.832804474,-0.590816776,-11.031276001,0.007034724,0.915961726,0.290037743,0.277205225,243
268,1808,21.702001000,30.011853939,-0.579904303,-11.185900232,0.007652693,0.917163321,0.287957807,0.275378250,282
269,1813,21.762001000,30.194973347,-0.567391600,-11.340555290,0.007962761,0.917924330,0.287046337,0.273780785,138
270,1818,21.822001000,30.372695662,-0.562926365,-11.497489142,0.007417613,0.916512449,0.292604502,0.272639899,182
271,1823,21.882001000,30.554230882,-0.556239465,-11.663121777,0.007592761,0.916399086,0.293938520,0.271579106,302
272,1828,21.942001000,30.731238105,-0.545810955,-11.814617700,0.008507036,0.917469868,0.292072585,0.269944951,185
273,1833,22.002001000,30.910347770,-0.538129795,-11.968191281,0.008113688,0.916945734,0.294284297,0.269335183,244
274,1838,22.062001000,31.079141906,-0.522180413,-12.112248020,0.008696979,0.917517683,0.292851630,0.268930450,103
275,1843,22.122001000,31.258696442,-0.509851633,-12.276529307,0.006197369,0.915291127,0.299692406,0.269050565,111
276,1848,22.182001000,31.434213413,-0.514739333,-12.425211946,0.008241930,0.917203875,0.293996004,0.268766574,159
277,1853,22.242001000,31.616026312,-0.503493413,-12.581359535,0.009222406,0.918509967,0.289850678,0.268776808,221
278,1858,22.302001000,31.795839354,-0.483873343,-12.736101348,0.010228369,0.919057231,0.287968150,0.268893158,177
279,1863,22.362001000,31.974597308,-0.461550094,-12.888029491,0.007252516,0.917470561,0.292691893,0.269307679,90
280,1868,22.422001000,32.152161949,-0.456064737,-13.032101085,0.006620730,0.916095973,0.296281722,0.270076796,50
281,1873,22.482001000,32.336327338,-0.450784243,-13.199771897,0.004383396,0.914427958,0.300920316,0.270646004,164
282,1878,22.542001000,32.514586245,-0.425015645,-13.352393714,0.004537037,0.915927630,0.295797795,0.271218834,84
283,1883,22.602001000,32.700143085,-0.409791293,-13.516766552,0.003624329,0.913946974,0.303190950,0.269746252,174
284,1888,22.662001000,32.879522527,-0.391168110,-13.671375784,0.005577839,0.915825190,0.297880653,0.269258659,213
285,1893,22.722001000,33.065186417,-0.352577724,-13.828592943,0.004183499,0.913607114,0.305119073,0.268713400,92
286,1898,22.782001000,33.238115645,-0.353034527,-13.981448047,-0.000062275,0.910901618,0.312979528,0.268890411,223
287,1903,22.842001000,33.415169368,-0.326045526,-14.153355827,-0.001703910,0.908839559,0.318370771,0.269532567,225
288,1908,22.902001000,33.602585686,-0.320994568,-14.308479663,0.001230254,0.910753485,0.313888486,0.268329264,207
289,1913,22.962001000,33.792639058,-0.295721993,-14.468104734,0.003756407,0.912556429,0.309301291,0.267505820,132
290,1918,23.022001000,33.979130572,-0.275466342,-14.627485244,0.004472629,0.913082661,0.307596785,0.267664469,220
291,1923,23.082001000,34.156890215,-0.242103836,-14.788948884,0.004268376,0.912909238,0.307767856,0.268062401,171
292,1928,23.142001000,34.341943656,-0.232405982,-14.959249984,0.004575938,0.913519523,0.305742739,0.268295580,308
293,1933,23.202001000,34.546290277,-0.207727580,-15.113350077,0.006032105,0.915305507,0.301272531,0.267234551,334
294,1938,23.262001000,34.746085056,-0.197151885,-15.267187999,0.005318454,0.915771580,0.300561609,0.266452333,314
295,1943,23.322001000,34.934636282,-0.147556145,-15.426699758,0.007354122,0.916560100,0.298407655,0.266113458,280
296,1948,23.382001000,35.129280600,-0.116323671,-15.574994025,0.005861764,0.915947666,0.301325626,0.264968639,216
297,1953,23.442001000,35.316681437,-0.073413221,-15.736733095,0.004444419,0.912343452,0.311973086,0.265108405,265
298,1958,23.502001000,35.501640532,-0.044933887,-15.903214096,0.001056058,0.908081176,0.323930978,0.265435839,245
299,1963,23.562001000,35.687420970,-0.020184230,-16.057460702,0.001123654,0.908221911,0.323589000,0.265371167,214
300,1968,23.622001000,35.889259014,0.036917184,-16.230331130,0.000447334,0.907391654,0.325885736,0.265402851,368
301,1973,23.682001000,36.082692904,0.077517451,-16.393806357,-0.001990002,0.904274450,0.334777498,0.264967519,307
302,1978,23.742001000,36.273902196,0.124445602,-16.552651279,-0.005162181,0.900264726,0.345708571,0.264541791,285
303,1983,23.802001000,36.466416189,0.162708896,-16.729438707,-0.013481122,0.895954569,0.356970881,0.263923207,203
304,1988,23.862001000,36.671399081,0.224210946,-16.898816976,-0.022405665,0.896167368,0.355864023,0.264088682,217
305,1993,23.922001000,36.884184091,0.282108125,-17.074218217,-0.024075500,0.895033956,0.360190711,0.261910747,243
306,1998,23.982001000,37.092014816,0.338432191,-17.256866016,-0.017757305,0.896749777,0.357140367,0.260720682,355
307,2003,24.042001000,37.299016721,0.380824923,-17.438334774,-0.012093142,0.899226959,0.351588994,0.260057324,314
308,2008,24.102001000,37.507778894,0.425854280,-17.621687959,-0.009434966,0.900321705,0.348902806,0.259997388,290
309,2013,24.162001000,37.725118610,0.470137337,-17.825873268,-0.005213681,0.903486676,0.340525797,0.260243780,118
310,2018,24.222001000,37.947127405,0.513050687,-18.031371026,-0.001222172,0.907530715,0.330079390,0.259680772,310
311,2023,24.282001000,38.162567747,0.563830561,-18.230888714,0.005871795,0.913561618,0.313952732,0.258465422,294
312,2028,24.342001000,38.381886004,0.624609511,-18.432528838,0.009935641,0.917584778,0.304179932,0.255761661,273
313,2033,24.402001000,38.607252814,0.680648975,-18.639477038,0.011413442,0.920163110,0.298288487,0.253364487,178
314,2038,24.462001000,38.834354880,0.726593264,-18.855887850,0.010116769,0.922243519,0.293745338,0.251153775,377
315,2043,24.522001000,39.066031220,0.792748655,-19.062351375,0.008400014,0.923641837,0.290086107,0.250330276,258
316,2048,24.582001000,39.279511023,0.848041638,-19.264580940,0.010508198,0.923844385,0.290385842,0.249152951,223
317,2053,24.642001000,39.508040456,0.890865265,-19.483129485,0.012738347,0.923892150,0.290620381,0.248597713,400
318,2058,24.702001000,39.716982010,0.960996259,-19.662090865,0.010457033,0.922572285,0.295707177,0.247605117,306
319,2063,24.762001000,39.924224216,0.970547091,-19.894526747,0.003681399,0.919999766,0.304297852,0.246960919,447
320,2069,24.834001000,40.221415629,1.035906683,-20.172115729,-0.005255012,0.922437699,0.299271385,0.243962525,429
321,2075,24.906001000,40.472054090,1.094530425,-20.416429542,0.000634493,0.922852198,0.300338945,0.241122242,335
322,2080,24.966001000,40.702992632,1.123538885,-20.638641823,0.004758041,0.924143188,0.299100284,0.237646268,433
323,2085,25.026001000,40.916183043,1.143829594,-20.846629140,0.007758667,0.925941205,0.297259565,0.232829206,489
324,2091,25.098001000,41.177132945,1.179436822,-21.099923294,0.008314299,0.927571666,0.296150353,0.227676623,400
325,2096,25.158001000,41.394204336,1.193655385,-21.312085162,0.009365245,0.928753711,0.295818994,0.223203851,414
326,2102,25.230001000,41.659846413,1.222033301,-21.575938776,0.009349144,0.929723115,0.295418590,0.219671073,401
327,2107,25.290001000,41.879099577,1.246511307,-21.779588232,0.009013254,0.930322982,0.294985751,0.217718437,192
328,2112,25.350001000,42.091309031,1.273342722,-21.982315595,0.009102751,0.929536016,0.298159001,0.216751345,307
329,2117,25.410001000,42.308316486,1.288637240,-22.209047117,0.005678622,0.927934748,0.303684397,0.216057040,371
330,2122,25.470001000,42.509577485,1.302013252,-22.397240465,-0.000633113,0.928455707,0.302787285,0.215149856,406
331,2127,25.530001000,42.735726431,1.319319520,-22.610825565,0.000014048,0.929007338,0.301568069,0.214480923,377
332,2132,25.590001000,42.960967044,1.343545991,-22.828530075,0.004359071,0.928639324,0.302640610,0.214519617,117
333,2137,25.650001000,43.170333237,1.352671242,-23.039189112,0.007042604,0.929206037,0.300729575,0.214681776,112
334,2142,25.710001000,43.390952154,1.374421143,-23.253518970,0.008399964,0.929670068,0.299048593,0.214971960,348
335,2147,25.770001000,43.607969650,1.409089757,-23.465053492,0.004546014,0.930083203,0.297078519,0.216029911,294
336,2152,25.830001000,43.828011951,1.427621584,-23.672122373,-0.000149011,0.930504506,0.295984986,0.215764294,391
337,2157,25.890001000,44.046822942,1.465842565,-23.864338272,0.000134044,0.930773521,0.294959080,0.216008739,209
338,2162,25.950001000,44.276521177,1.503097060,-24.099926136,0.002298006,0.928539979,0.301438013,0.216664146,222
339,2167,26.010001000,44.492449699,1.539521289,-24.310705811,0.004996561,0.928856905,0.298326362,0.219547869,280
340,2172,26.070001000,44.745240391,1.558553910,-24.505218587,0.005860522,0.928497179,0.299982983,0.218789519,244
341,2177,26.130001000,44.962127489,1.624412290,-24.710350245,0.006839596,0.927201786,0.303327028,0.219642394,330
342,2182,26.190001000,45.154519193,1.639783310,-24.921368397,0.003311519,0.922836314,0.314322410,0.222628828,301
343,2187,26.250001000,45.375380830,1.679697668,-25.131569788,0.003731299,0.922421004,0.315523247,0.222644672,267
344,2192,26.310001000,45.592350199,1.733195611,-25.330044924,0.004375577,0.923574559,0.312115751,0.222653648,117
345,2197,26.370001000,45.807691039,1.785904910,-25.541020348,0.003918330,0.923530838,0.312155949,0.222787122,375
346,2202,26.430001000,46.010615862,1.848245256,-25.764955705,-0.008994037,0.926258332,0.303020749,0.223926407,320
347,2207,26.490001000,46.224423742,1.917309278,-25.959530057,-0.029041280,0.928217884,0.294950822,0.224882584,198
348,2212,26.550001000,46.471442580,2.033386671,-26.174221816,-0.033555200,0.926417327,0.300100125,0.224866403,176
349,2217,26.610001000,46.697595584,2.066371322,-26.368133795,-0.018398071,0.926371273,0.300537802,0.226218490,207
350,2222,26.670001000,46.917063379,2.133216187,-26.558193479,-0.005828696,0.925443414,0.303154864,0.227195165,175
351,2227,26.730001000,47.141754096,2.204421374,-26.743178636,0.001653598,0.924775750,0.304960743,0.227565427,186
352,2232,26.790001000,47.365941823,2.250759985,-26.948332197,0.004398766,0.922828386,0.310441528,0.228022976,215
353,2237,26.850001000,47.594597357,2.331106671,-27.151777554,0.007485563,0.924129843,0.306084476,0.228561355,308
354,2242,26.910001000,47.827307832,2.405341698,-27.350290391,0.010785459,0.924941864,0.303233694,0.228944424,142
355,2247,26.970001000,48.046727354,2.460722564,-27.548653923,0.014168171,0.925463372,0.300937751,0.229680820,301
356,2252,27.030001000,48.279439989,2.537605055,-27.751459458,0.013980883,0.925683776,0.299652628,0.230482936,281
357,2257,27.090001000,48.495445178,2.611190119,-27.954666173,0.010842204,0.925888955,0.298640982,0.231139900,278
358,2262,27.150001000,48.723734007,2.698567006,-28.150342586,0.010038904,0.925488513,0.299582686,0.231560892,178
359,2267,27.210001000,48.946774634,2.786786919,-28.386130911,0.009491218,0.923930056,0.304204544,0.231781717,193
360,2272,27.270001000,49.162777277,2.852651576,-28.571722680,0.010715725,0.924029824,0.304125474,0.231434124,117
361,2277,27.330001000,49.383732423,2.904006605,-28.770063179,0.009166499,0.923949227,0.304930007,0.230762846,238
362,2282,27.390001000,49.591955411,2.977369999,-28.958757918,0.008722258,0.924033197,0.304911773,0.230467752,201
363,2287,27.450001000,49.820770243,3.028408373,-29.164673160,0.008820057,0.923962100,0.305530904,0.229928492,317
364,2292,27.510001000,50.037120123,3.092040521,-29.358287474,0.009986692,0.924897379,0.303074707,0.229370501,326
365,2297,27.570001000,50.244370970,3.148900532,-29.544953484,0.011324459,0.925322558,0.302101991,0.228876182,279
366,2302,27.630001000,50.448421740,3.201262088,-29.721791035,0.011553698,0.925856467,0.300842695,0.228363717,220
367,2307,27.690001000,50.653782281,3.247758925,-29.915495741,0.010475363,0.926226365,0.300121826,0.227863723,183
368,2312,27.750001000,50.867169130,3.318466482,-30.103475278,0.008289405,0.926175307,0.301321874,0.226573863,99
369,2317,27.810001000,51.067979191,3.393079403,-30.281387381,0.006148822,0.922051980,0.314393373,0.225697022,210
370,2322,27.870001000,51.277543604,3.458118395,-30.460531608,0.007092729,0.923020147,0.312289817,0.224629854,266
371,2327,27.930001000,51.479888763,3.512273138,-30.637556049,0.005074576,0.921685609,0.316794364,0.223855351,196
372,2332,27.990001000,51.677194435,3.589946297,-30.806952652,0.001297937,0.922881590,0.313407436,0.223749114,160
373,2337,28.050001000,51.901627074,3.634421259,-31.011835293,0.000818969,0.922756084,0.314103259,0.223292816,234
374,2342,28.110001000,52.109999582,3.692102272,-31.214185710,0.002818143,0.924701341,0.308563627,0.222952854,272
375,2347,28.170001000,52.313976564,3.746721439,-31.396893057,0.005150774,0.925958594,0.305117728,0.222434987,275
376,2352,28.230001000,52.510236287,3.802424393,-31.581976020,0.006079786,0.925355984,0.307501356,0.221635409,189
377,2357,28.290001000,52.713636985,3.833944139,-31.772319452,0.006615614,0.925765237,0.306752089,0.220948221,144
378,2362,28.350001000,52.924069012,3.895083055,-31.975461889,0.001390343,0.927158967,0.303850289,0.219201551,234
379,2367,28.410001000,53.121903655,3.953586436,-32.152771539,0.002971529,0.926397442,0.306909914,0.218140444,144
380,2372,28.470001000,53.325189659,3.995645274,-32.344158018,0.002085702,0.923644941,0.315601007,0.217420509,173
381,2377,28.530001000,53.521235269,4.080611625,-32.517812183,0.000931379,0.921825053,0.321136169,0.217046688,172
382,2382,28.590001000,53.708419339,4.168086658,-32.695725616,-0.007645021,0.914522153,0.341400961,0.216878234,293
383,2387,28.650001000,53.919744670,4.252061454,-32.884713275,-0.022495753,0.906488158,0.361267766,0.217390806,330
384,2392,28.710001000,54.127343184,4.302482510,-33.088877860,-0.027766791,0.901414862,0.373429052,0.217326931,496
385,2397,28.770001000,54.339818837,4.358025867,-33.286912940,-0.028238664,0.904161988,0.366362264,0.217881549,436
386,2402,28.830001000,54.573192194,4.407834613,-33.482080196,-0.019793156,0.907307102,0.359352941,0.217410941,401
387,2407,28.890001000,54.787578999,4.472112406,-33.690198517,-0.010822966,0.911395329,0.347864786,0.219616729,371
388,2412,28.950001000,55.016984184,4.532520654,-33.899877794,-0.009795663,0.913970972,0.340661936,0.220251112,488
389,2417,29.010001000,55.237269544,4.594682690,-34.089993302,-0.014209229,0.916108852,0.334127942,0.221136129,456
390,2422,29.070001000,55.461576459,4.661809370,-34.301758213,-0.016265324,0.913238998,0.340619669,0.222953386,412
391,2427,29.130001000,55.685825531,4.720012376,-34.527619146,-0.010316404,0.911532686,0.343209619,0.226293818,563
392,2432,29.190001000,55.912505243,4.773562298,-34.760473001,-0.005576225,0.911519613,0.340984454,0.229848869,526
393,2437,29.250001000,56.138198999,4.852069641,-34.986176531,-0.003858147,0.914520689,0.328123701,0.236583729,299
394,2442,29.310001000,56.346397871,4.912966215,-35.229126966,-0.000134543,0.916273307,0.318091298,0.243436099,431
395,2447,29.370001000,56.566706920,4.986944807,-35.479962489,0.002460890,0.918212671,0.307539791,0.249597100,470
396,2452,29.430001000,56.793824172,5.072209897,-35.688792673,-0.000056966,0.917701385,0.303786209,0.256004108,445
397,2457,29.490001000,57.009729630,5.136787600,-35.929866314,-0.005540197,0.913767610,0.311471231,0.260736906,297
398,2462,29.550001000,57.218507148,5.206284323,-36.174105172,-0.021555007,0.916209906,0.299856634,0.264916572,412
399,2467,29.610001000,57.449679143,5.290207279,-36.412364094,-0.061147836,0.919025214,0.282878675,0.267643892,427
400,2472,29.670001000,57.723503274,5.365854057,-36.640528787,-0.077142454,0.919485870,0.274017906,0.271125366,374
401,2477,29.730001000,57.979940469,5.435971764,-36.855121508,-0.067962223,0.918501208,0.271573778,0.279256782,357
402,2482,29.790001000,58.221688927,5.517762327,-37.072439369,-0.049500597,0.917062803,0.274447885,0.284998010,307
403,2487,29.850001000,58.455548443,5.579534751,-37.288936850,-0.042832720,0.915731070,0.276443327,0.288411254,171
404,2492,29.910001000,58.727280234,5.654561692,-37.499355047,-0.039544353,0.915227457,0.276514191,0.290404629,166
405,2497,29.970001000,58.983061594,5.718352727,-37.703943392,-0.020336022,0.913515618,0.282622961,0.291890261,255
406,2502,30.030001000,59.236815620,5.793735397,-37.911981754,-0.005380442,0.911718746,0.287802840,0.293103231,136
407,2507,30.090001000,59.484006711,5.857222534,-38.118588577,0.001899345,0.910433756,0.290627864,0.294350494,188
408,2512,30.150001000,59.721175658,5.934536148,-38.339406600,0.007412903,0.909341343,0.291287652,0.296976220,190
409,2517,30.210001000,59.972657314,5.989454003,-38.546057801,0.009806685,0.908894266,0.291754073,0.297816393,374
410,2522,30.270001000,60.220293342,6.053610141,-38.747430707,0.007082171,0.908807519,0.291251275,0.298649345,301
411,2527,30.330001000,60.474067232,6.125138341,-38.957613603,0.009181951,0.908265589,0.291951635,0.299555594,310
412,2532,30.390001000,60.724822473,6.186919577,-39.166425223,0.010042908,0.907532790,0.293000742,0.300722363,326
413,2537,30.450001000,60.991017157,6.255920254,-39.389846362,0.005439289,0.907626334,0.292279648,0.301259786,309
414,2542,30.510001000,61.248405095,6.323537213,-39.595834850,0.002931327,0.907493021,0.293038300,0.300959098,83
415,2547,30.570001000,61.506215287,6.380928506,-39.814223423,0.006559782,0.907403562,0.293825906,0.300403198,295
416,2552,30.630001000,61.751440844,6.439986217,-40.020785863,0.010048671,0.907809066,0.293351453,0.299544068,174
417,2557,30.690001000,62.002266210,6.492968601,-40.229891080,0.009543001,0.908178195,0.293238942,0.298550197,255
418,2562,30.750001000,62.246980087,6.548059526,-40.438873014,0.010379322,0.908520288,0.293472944,0.297248696,382
419,2567,30.810001000,62.486944101,6.599572664,-40.644285938,0.011324613,0.909010023,0.294592974,0.294597201,294
420,2572,30.870001000,62.733212776,6.644407950,-40.848627352,0.013162814,0.909458359,0.295059592,0.292663750,465
421,2577,30.930001000,62.968864586,6.695595850,-41.062535172,0.013254210,0.909611153,0.295964148,0.291268088,400
422,2582,30.990001000,63.204513356,6.733394317,-41.264030151,0.013879388,0.909966604,0.296407174,0.289673833,157
423,2587,31.050001000,63.445652911,6.769414995,-41.478245562,0.013134136,0.909756408,0.297888429,0.288848155,306
424,2592,31.110001000,63.674417164,6.824621692,-41.681581144,0.012426307,0.909391474,0.299377017,0.288489403,191
425,2597,31.170001000,63.897051828,6.840938110,-41.886701529,0.010149000,0.907872683,0.303909069,0.288623401,366
426,2602,31.230001000,64.128691796,6.874728294,-42.101593828,0.010942819,0.908853023,0.301268379,0.288277300,381
427,2607,31.290001000,64.353779313,6.911054250,-42.311229651,0.010701894,0.909688173,0.299010611,0.288002694,345
428,2612,31.350001000,64.586484912,6.945659802,-42.524832956,0.010338393,0.910204634,0.297839375,0.287597545,355
429,2617,31.410001000,64.809523905,6.998486712,-42.739686057,0.004151359,0.911201630,0.295255284,0.287260637,325
430,2622,31.470001000,65.033087365,7.042821069,-42.927711291,-0.005903683,0.912227343,0.292660241,0.286629386,139
431,2627,31.530001000,65.256079874,7.077866043,-43.139218684,-0.002611724,0.909506516,0.301496365,0.286166068,225
432,2632,31.590001000,65.491946843,7.107200672,-43.365898338,0.001402379,0.908977821,0.303156620,0.286100365,115
433,2637,31.650001000,65.684459513,7.153251106,-43.530512544,0.004067315,0.908933844,0.303690767,0.285647759,366
434,2642,31.710001000,65.930438007,7.213814530,-43.746804389,0.004550882,0.909407074,0.302095274,0.285826009,148
435,2647,31.770001000,66.151451981,7.243236058,-43.962909729,0.003592485,0.909065400,0.302835313,0.286143262,414
436,2652,31.830001000,66.391141781,7.303671300,-44.178591721,0.006326595,0.910320994,0.299358219,0.285762695,338
437,2657,31.890001000,66.617342278,7.353998903,-44.385413972,0.006763852,0.910786232,0.297934711,0.285757936,246
438,2662,31.950001000,66.830808804,7.391818272,-44.585443596,0.009980643,0.911076751,0.297171587,0.285532115,428
439,2667,32.010001000,67.058660231,7.442683726,-44.796678541,0.009173020,0.911334891,0.296647504,0.285280267,475
440,2672,32.070001000,67.285172604,7.496503240,-45.004758373,0.006547010,0.911696904,0.295559415,0.285325296,438
441,2689,32.274001000,68.029898829,7.681473948,-45.683737678,-0.004959128,0.895328290,0.343886759,0.283027483,634
442,2698,32.382001000,68.434473318,7.813380931,-46.055593987,-0.005900583,0.896610724,0.342435012,0.280700296,551
443,2705,32.466001000,68.762716275,7.853137685,-46.374345919,-0.005874330,0.897828477,0.340080924,0.279668523,578
444,2711,32.538001000,69.043610474,7.944180816,-46.640590911,-0.000577449,0.903528097,0.325303396,0.278952227,422
445,2716,32.598001000,69.281093561,7.995720154,-46.868440680,0.002576598,0.907481479,0.314501806,0.278494777,562
446,2724,32.694001000,69.649404021,8.104341088,-47.223800235,0.005695149,0.911841160,0.302338592,0.277677224,631
447,2734,32.814001000,70.101674961,8.232357205,-47.664963894,0.009346010,0.912867855,0.297888151,0.279011795,544
448,2742,32.910001000,70.475339061,8.336767651,-48.025079070,0.011565814,0.913013613,0.295945981,0.280514441,487
449,2753,33.042001000,70.935791165,8.484065912,-48.485528388,-0.001476971,0.909816363,0.303722215,0.282815878,539
450,2764,33.174001000,71.395530362,8.617679398,-48.953778199,-0.059894578,0.906846075,0.303905648,0.285804467,365
451,2769,33.234001000,71.646586177,8.666121936,-49.184759721,-0.084094410,0.908536548,0.291883897,0.286868020,421
452,2774,33.294001000,71.868843555,8.732640314,-49.391565856,-0.098761927,0.911669890,0.277148908,0.286866826,456
453,2779,33.354001000,72.125604400,8.801318794,-49.609706783,-0.114429308,0.913197537,0.266469104,0.286304748,423
454,2784,33.414001000,72.369881733,8.864009264,-49.799046294,-0.123626952,0.913437907,0.263329911,0.284613641,424
455,2789,33.474001000,72.635521614,8.914146353,-49.990618158,-0.125986688,0.911997966,0.269914028,0.282016811,408
456,2794,33.534001000,72.928427438,8.970339323,-50.177605281,-0.109486856,0.913478300,0.273494879,0.280660960,410
457,2799,33.594001000,73.182192141,9.007219255,-50.374762506,-0.097955269,0.916330698,0.268293891,0.280644268,293
458,2804,33.654001000,73.460470779,9.075684724,-50.552733174,-0.109088111,0.917741204,0.261012494,0.278789066,234
459,2809,33.714001000,73.762386496,9.133211789,-50.717024702,-0.113592160,0.918456432,0.258974786,0.276526064,285
460,2814,33.774001000,74.093606833,9.197807785,-50.881324561,-0.073364240,0.919732587,0.270943644,0.274406996,366
461,2819,33.834001000,74.329558454,9.244712430,-51.011392919,-0.043509369,0.919343322,0.279889438,0.273087338,347
462,2824,33.894001000,74.627868658,9.315539998,-51.172583341,-0.023015776,0.918654026,0.286453028,0.271089871,424
463,2829,33.954001000,74.925614193,9.365175511,-51.330289660,-0.010145812,0.918439466,0.289735622,0.269108303,404
464,2834,34.014001000,75.240056774,9.410526492,-51.496270603,-0.000144875,0.918333581,0.292225371,0.266960193,407
465,2839,34.074001000,75.550652739,9.445311956,-51.636381382,0.030692256,0.914668787,0.304034819,0.264578581,388
466,2844,34.134001000,75.847052770,9.476873417,-51.823166983,0.069252338,0.911161721,0.309863830,0.262626804,384
467,2849,34.194001000,76.132191990,9.505646404,-51.979012841,0.080830176,0.910017241,0.310452106,0.262592066,425
468,2855,34.266001000,76.482220615,9.559890586,-52.180820092,0.108800583,0.905566474,0.316469519,0.260689160,410
469,2862,34.350001000,76.804635365,9.607184414,-52.440911758,0.114623520,0.906359821,0.311022835,0.261988779,342
470,2875,34.506001000,77.441071435,9.761554610,-52.899707397,0.026194412,0.918955349,0.296658322,0.258512592,246
471,2881,34.578001000,77.729687615,9.850872330,-53.122859216,0.011642375,0.920644789,0.297762020,0.252220950,199
472,2886,34.638001000,77.964720636,9.927236431,-53.304483783,0.004751490,0.922169428,0.298678252,0.245707694,448
473,2892,34.710001000,78.249307669,9.995187071,-53.519305449,0.000304068,0.924341021,0.299231577,0.236757361,413
474,2898,34.782001000,78.516671505,10.068205342,-53.732279625,-0.001391173,0.925735960,0.299768385,0.230542649,307
475,2903,34.842001000,78.740478030,10.117586534,-53.908600989,-0.002729616,0.926481977,0.301003819,0.225876949,485
476,2908,34.902001000,78.974641563,10.153650809,-54.097355895,-0.004042189,0.927110152,0.301658048,0.222379964,513
477,2913,34.962001000,79.188374184,10.171953574,-54.270919864,-0.003599645,0.928109057,0.301097428,0.218954243,410
478,2918,35.022001000,79.409358722,10.191873080,-54.457593928,-0.003382180,0.928846528,0.300835643,0.216172624,453
479,2923,35.082001000,79.638724036,10.213246317,-54.650925338,-0.003040681,0.929802889,0.300851681,0.212003791,427
480,2928,35.142001000,79.850562454,10.231340017,-54.829250977,-0.002378207,0.930706580,0.301580251,0.206951582,340
481,2933,35.202001000,80.073714097,10.240048630,-55.016182163,-0.002700852,0.932071694,0.301417954,0.200953427,265
482,2938,35.262001000,80.309498703,10.251661337,-55.228349914,-0.002194295,0.933294460,0.301670913,0.194810926,398
483,2943,35.322001000,80.534099402,10.275079594,-55.414175022,-0.000847146,0.934435667,0.301137410,0.190119771,374
484,2948,35.382001000,80.755499011,10.276881883,-55.603076465,-0.000906232,0.933198228,0.307471518,0.186014814,124
485,2953,35.442001000,80.972928263,10.274847640,-55.803041951,-0.000183857,0.933894157,0.306432163,0.184230833,497
486,2958,35.502001000,81.181619902,10.284270522,-55.990079485,-0.000179847,0.933875074,0.307129386,0.183163460,508
487,2963,35.562001000,81.394280743,10.279088223,-56.191404620,0.000447936,0.934458892,0.305567823,0.182796841,358
488,2968,35.622001000,81.605587379,10.287337197,-56.380261680,-0.000529067,0.935540245,0.303005513,0.181526387,339
489,2973,35.682001000,81.827749997,10.285329589,-56.573308852,-0.000208809,0.935762905,0.302927943,0.180505963,402
490,2978,35.742001000,82.031745268,10.302177404,-56.775118679,-0.000415395,0.936177245,0.301373402,0.180958742,430
491,2983,35.802001000,82.241522707,10.289241377,-56.962837651,-0.002135009,0.936163691,0.301140371,0.181404141,460
492,2988,35.862001000,82.452706224,10.298329103,-57.168241619,-0.001913796,0.936526564,0.300485968,0.180617039,346
493,2993,35.922001000,82.642437373,10.292436491,-57.350261537,-0.002810717,0.936633275,0.300231161,0.180475642,310
494,2998,35.982001000,82.841919096,10.280431387,-57.545810213,-0.002306732,0.936984505,0.299073210,0.180582200,247
495,3003,36.042001000,83.060736981,10.300394277,-57.755493965,-0.003623391,0.937228123,0.299322087,0.178875948,346
496,3008,36.102001000,83.278000606,10.300585931,-57.938743068,-0.004228826,0.937084886,0.300156450,0.178213743,286
497,3013,36.162001000,83.482487329,10.278644413,-58.120473164,-0.004936941,0.937027746,0.301086089,0.176923139,309
498,3018,36.222001000,83.666489008,10.265276286,-58.316288981,-0.004316792,0.937323252,0.300323713,0.176669615,322
499,3023,36.282001000,83.892891334,10.270280920,-58.523742429,-0.005524742,0.937489077,0.300083902,0.176162875,307
500,3028,36.342001000,84.103332885,10.250028601,-58.697058090,-0.005614975,0.937670837,0.300104575,0.175154554,252
501,3033,36.402001000,84.323391045,10.242437722,-58.894993127,-0.004656107,0.938414731,0.299910685,0.171492548,170
502,3038,36.462001000,84.540442292,10.250180202,-59.092500723,0.007201888,0.938716253,0.301864356,0.166246320,257
503,3043,36.522001000,84.765337309,10.241638414,-59.291729041,0.035512232,0.937928132,0.307107550,0.157208949,230
504,3048,36.582001000,84.985943367,10.193843498,-59.489762077,0.057476851,0.939951894,0.303924252,0.144280623,213
505,3053,36.642001000,85.154404820,10.180959841,-59.666584500,0.059923984,0.942155215,0.301854858,0.132801778,124
506,3058,36.702001000,85.374555384,10.160128593,-59.875746723,0.052501676,0.943660029,0.304211315,0.119183886,119
507,3063,36.762001000,85.542703777,10.168445652,-60.073783926,0.041798305,0.945784708,0.303995035,0.106448139,136
508,3068,36.822001000,85.714425915,10.182243919,-60.272412405,0.023719314,0.947471023,0.304029029,0.096448969,129
509,3073,36.882001000,85.879859432,10.185467623,-60.458813034,0.011615201,0.948351925,0.304780919,0.087191197,90
510,3078,36.942001000,86.075333537,10.190972136,-60.672703107,-0.000013854,0.948970136,0.305795267,0.077103409,93
511,3083,37.002001000,86.272141170,10.209433457,-60.874815358,-0.005099798,0.949884831,0.305273752,0.067087522,62
512,3088,37.062001000,86.469940080,10.204753977,-61.065886927,-0.008372981,0.950585995,0.305110508,0.056777957,51
513,3093,37.122001000,86.625524800,10.228173487,-61.274997043,-0.009043112,0.951252430,0.304552993,0.047796565,65
514,3098,37.182001000,86.754650432,10.251117701,-61.461163577,-0.009640079,0.951769376,0.304108005,0.039502471,50
515,3103,37.242001000,86.924516380,10.277794879,-61.645507120,-0.008998038,0.951894883,0.304925927,0.028902343,52
516,3108,37.302001000,87.101704396,10.263933894,-61.804916510,-0.008114267,0.951896632,0.305599058,0.020884847,32
517,3113,37.362001000,87.314581839,10.274995057,-61.992306575,-0.007496935,0.952118707,0.305349669,0.013241722,29
518,3118,37.422001000,87.520362315,10.298075320,-62.187099241,-0.008117039,0.952196152,0.305303670,0.006802292,12
519,3123,37.482001000,87.703427758,10.337150908,-62.380326318,-0.009569833,0.952375032,0.304763376,0.003082383,16
520,3128,37.542001000,87.866571889,10.325845429,-62.525976732,-0.009195000,0.952653482,0.303915276,0.001516429,19
521,3133,37.602001000,88.019850646,10.348957855,-62.688268576,-0.008264547,0.952748156,0.303648336,0.000580286,9
522,3138,37.662001000,88.186685642,10.359906430,-62.829762963,-0.008628116,0.952525229,0.304331160,-0.001946433,7
523,3143,37.722001000,88.365029554,10.369871418,-63.005602985,-0.009050450,0.952030650,0.305829201,-0.004922383,9
524,3148,37.782001000,88.545266269,10.403491090,-63.186125809,-0.009927197,0.952153661,0.305358709,-0.007804907,1
525,3153,37.842001000,88.716714244,10.447645927,-63.376800303,-0.009858429,0.952058223,0.305661947,-0.007663226,5
526,3159,37.914001000,88.936509235,10.494720331,-63.537253283,-0.004014980,0.952065779,0.305718192,-0.009540398,5
527,3164,37.974001000,89.150789889,10.601992840,-63.710259532,0.029987203,0.951915800,0.304669467,-0.011558219,16
528,3169,38.034001000,89.263950361,10.666046980,-63.877754804,0.064818690,0.950512626,0.303623301,-0.011712228,24
529,3174,38.094001000,89.432018121,10.737580686,-64.048281853,0.087121434,0.948530268,0.304238969,-0.011782913,15
530,3179,38.154001000,89.563642974,10.808356772,-64.251026776,0.120775107,0.945462324,0.302228489,-0.013126616,34
531,3184,38.214001000,89.681376678,10.848625239,-64.404841354,0.130817790,0.944263619,0.301871437,-0.011249881,23
532,3189,38.274001000,89.777526423,10.936686866,-64.582435661,0.124299788,0.944971264,0.302540204,-0.006949632,21
533,3194,38.334001000,89.879678298,11.017547572,-64.754302164,0.113649432,0.946267553,0.302728832,-0.004096184,5
534,3199,38.394001000,89.972036388,11.114181536,-64.928719892,0.103659198,0.947553310,0.302306697,-0.002855906,5
535,3204,38.454001000,90.083838527,11.130237513,-65.047120578,0.090086470,0.948661244,0.303189868,-0.001475075,2
536,3209,38.514001000,90.147908458,11.237109258,-65.218193356,0.064298320,0.950604894,0.303670349,-0.000616863,6
537,3214,38.574001000,90.214384696,11.335752192,-65.358629614,0.033267818,0.951852181,0.304746907,0.000024383,0
538,3219,38.634001000,90.305410565,11.412805513,-65.473678678,0.011863661,0.947681720,0.318995596,-0.000649498,2
539,3224,38.694001000,90.375889559,11.500608669,-65.646409900,-0.000498223,0.943200225,0.332220690,-0.001581278,10
540,3229,38.754001000,90.462031946,11.598595640,-65.787728427,-0.007797097,0.940167830,0.340603786,-0.003566205,24
541,3234,38.814001000,90.535249794,11.702626359,-65.950539125,-0.012207286,0.939624906,0.341950306,-0.005099685,25
542,3239,38.874001000,90.612795275,11.796514018,-66.103571141,-0.014679096,0.942547650,0.333691413,-0.006204210,28
543,3244,38.934001000,90.678807892,11.954258816,-66.259186896,-0.015944109,0.943247932,0.331618825,-0.007621009,11
544,3249,38.994001000,90.744968382,12.058006769,-66.442068926,-0.017098293,0.942896809,0.332531721,-0.008712666,34
545,3254,39.054001000,90.830305210,12.180767602,-66.571602535,-0.016821419,0.944856895,0.326911002,-0.009575170,9
546,3259,39.114001000,90.914708560,12.285329914,-66.729182901,-0.016977761,0.945540431,0.324920646,-0.009571985,24
547,3264,39.174001000,90.985706829,12.423300058,-66.856155938,-0.016156118,0.946229000,0.322945002,-0.009807416,32
548,3269,39.234001000,91.062381721,12.559671813,-67.015143678,-0.015494543,0.942536868,0.333602474,-0.009672646,38
549,3274,39.294001000,91.144425859,12.671511262,-67.184002094,-0.013397517,0.938903671,0.343681488,-0.012784263,134
550,3279,39.354001000,91.219850082,12.793568947,-67.347747095,-0.011856838,0.934081015,0.356479002,-0.016576892,143
551,3284,39.414001000,91.330686621,12.912314695,-67.532460264,-0.000599570,0.933895425,0.356994307,-0.019850434,143
552,3289,39.474001000,91.402076103,13.030271192,-67.729387342,0.034012503,0.936997880,0.346911365,-0.023035340,173
553,3294,39.534001000,91.455064414,13.160502482,-67.921249353,0.052003648,0.939366319,0.338039557,-0.024815247,201
554,3299,39.594001000,91.483094556,13.274580036,-68.094783428,0.045382638,0.941245045,0.333906820,-0.022459241,144
555,3304,39.654001000,91.562020948,13.343429966,-68.263579726,0.027880010,0.939747243,0.340208769,-0.018863132,205
556,3309,39.714001000,91.603280247,13.480660076,-68.488373418,0.014484854,0.944606196,0.327408789,-0.017686400,116
557,3314,39.774001000,91.716518475,13.599076685,-68.680839117,0.008585299,0.949163961,0.314096550,-0.018905716,72
558,3319,39.834001000,91.804754070,13.722304509,-68.888983001,0.022467209,0.951336855,0.306616012,-0.020977006,31
559,3324,39.894001000,91.864048510,13.830060050,-69.092921221,0.042263644,0.952665339,0.300244828,-0.022261623,43
560,3329,39.954001000,91.925560508,13.933809925,-69.285223600,0.061554460,0.952325531,0.297718753,-0.025508342,38
561,3334,40.014001000,91.956912587,14.032618059,-69.474287329,0.069021248,0.952896349,0.293898023,-0.029130177,32
562,3339,40.074001000,92.015702022,14.122670954,-69.670549087,0.084566168,0.952328336,0.291227391,-0.033255222,32
563,3344,40.134001000,92.041024980,14.196874112,-69.849882690,0.084162160,0.953283245,0.287795684,-0.036625534,39
564,3349,40.194001000,92.084156047,14.299224296,-70.030478761,0.060951091,0.954790904,0.288437154,-0.038253138,21
565,3354,40.254001000,92.095831360,14.387409463,-70.227300000,0.043786067,0.954691070,0.291557525,-0.040520992,43
566,3359,40.314001000,92.119556594,14.487285305,-70.414325458,0.021542051,0.953521320,0.297552022,-0.042377200,38
567,3364,40.374001000,92.145921342,14.574037123,-70.607754878,0.007167266,0.953280091,0.298540670,-0.045597881,45
568,3369,40.434001000,92.185772571,14.659684473,-70.797671893,-0.001477727,0.953553825,0.297031436,-0.050052415,51
569,3374,40.494001000,92.209460522,14.739187794,-70.970542126,-0.007028262,0.953746683,0.295866745,-0.052732703,29
570,3379,40.554001000,92.229581748,14.823718299,-71.155067123,-0.007388164,0.953156295,0.297165535,-0.055956566,42
571,3384,40.614001000,92.239896228,14.898989376,-71.345432679,-0.004102157,0.953403197,0.296098388,-0.057717079,44
572,3389,40.674001000,92.233059407,14.976689266,-71.512207543,-0.003604655,0.953724914,0.294979188,-0.058164193,26
573,3394,40.734001000,92.285282386,15.065356537,-71.710765803,0.000249771,0.953128410,0.296544763,-0.060061425,30
574,3399,40.794001000,92.309329863,15.137396318,-71.876852039,-0.002594424,0.950483399,0.304739497,-0.060896771,48
575,3404,40.854001000,92.333919708,15.219107473,-72.049967038,-0.004924801,0.948471208,0.311019776,-0.060372286,57
576,3409,40.914001000,92.346792798,15.289042609,-72.224058433,-0.002418397,0.948291506,0.312041013,-0.058032558,77
577,3414,40.974001000,92.368011227,15.356265916,-72.405258767,0.017350172,0.950561547,0.304739358,-0.057145788,80
578,3419,41.034001000,92.372820896,15.415293321,-72.569868420,0.024815205,0.951193687,0.302432292,-0.056120262,110
579,3424,41.094001000,92.384385810,15.496338996,-72.717939823,0.018532407,0.951797079,0.301326269,-0.054234208,59
580,3429,41.154001000,92.408630938,15.570446298,-72.898471044,0.009279856,0.950031402,0.307492035,-0.052942109,87
581,3434,41.214001000,92.426659505,15.668936151,-73.073695952,0.001309021,0.951451891,0.303448230,-0.051543739,96
582,3439,41.274001000,92.438858422,15.743939517,-73.246834467,-0.002332866,0.952677646,0.299828366,-0.050028106,72
583,3444,41.334001000,92.492000496,15.811661477,-73.417093846,0.005846087,0.953379612,0.297235569,-0.051808832,58
584,3449,41.394001000,92.520858606,15.862865635,-73.582777809,0.025361006,0.953520037,0.294857236,-0.056705987,56
585,3454,41.454001000,92.580967403,15.922140743,-73.767449318,0.056503010,0.952914735,0.291491501,-0.061592389,69
586,3459,41.514001000,92.580881908,15.970654188,-73.923819500,0.090243472,0.951524700,0.286677730,-0.065366195,42
587,3464,41.574001000,92.586891520,16.020900464,-74.102425411,0.119768814,0.949352158,0.282517290,-0.067600982,45
588,3469,41.634001000,92.571183263,16.081029758,-74.252714333,0.136945177,0.948405537,0.277583785,-0.068703700,28
589,3474,41.694001000,92.543346566,16.132490240,-74.422304394,0.135045959,0.948275200,0.279068877,-0.068244389,28
590,3479,41.754001000,92.540387438,16.187202401,-74.584110701,0.132044991,0.948254408,0.280174602,-0.069856207,38
591,3484,41.814001000,92.485637019,16.241385871,-74.722517576,0.107008768,0.950196608,0.283811245,-0.071601025,42
592,3489,41.874001000,92.480035940,16.287144133,-74.893195849,0.085952269,0.951452876,0.285950832,-0.074711135,36
593,3494,41.934001000,92.417797733,16.364250662,-75.039946935,0.084647396,0.951447678,0.285596881,-0.077566466,46
594,3499,41.994001000,92.356329306,16.420754643,-75.189897709,0.048661540,0.952837326,0.288615378,-0.080213762,40
595,3504,42.054001000,92.294089299,16.498797995,-75.354272168,0.021094890,0.953608850,0.288810605,-0.082301890,56
596,3509,42.114001000,92.229555115,16.559627043,-75.483844047,0.006713898,0.953763081,0.288433387,-0.084244231,53
597,3514,42.174001000,92.178105395,16.644276885,-75.626304167,-0.002101263,0.953545395,0.288445056,-0.086868949,42
598,3519,42.234001000,92.127204115,16.707623056,-75.767415751,-0.006158673,0.952701887,0.290416279,-0.089328442,86
599,3524,42.294001000,92.071588151,16.809905029,-75.885498974,-0.007624612,0.946682693,0.308566552,-0.092306155,81
600,3529,42.354001000,92.030392855,16.861340956,-76.038788640,-0.007362004,0.939071457,0.330309671,-0.094795154,108
601,3534,42.414001000,91.969904438,16.912937689,-76.186791186,-0.007517957,0.940052576,0.327202581,-0.095828525,137
602,3539,42.474001000,91.925615342,17.008882373,-76.307776833,-0.010101527,0.943378516,0.317150372,-0.096698381,88
603,3544,42.534001000,91.877912297,17.088047591,-76.453863750,-0.027973678,0.942849127,0.318283694,-0.094596448,129
604,3549,42.594001000,91.837143557,17.175212808,-76.612491436,-0.041904996,0.945297987,0.309662153,-0.093621786,135
605,3554,42.654001000,91.802855078,17.278106207,-76.733432650,-0.047249597,0.948525560,0.299058149,-0.092902972,84
606,3559,42.714001000,91.761700841,17.370712280,-76.864773380,-0.041366867,0.949840457,0.295900214,-0.092384799,74
607,3564,42.774001000,91.745846817,17.473791728,-77.013910227,-0.036819573,0.949048197,0.298741457,-0.093302626,93
608,3569,42.834001000,91.706529039,17.537053567,-77.138243910,-0.033755643,0.948302654,0.301636830,-0.092724621,79
609,3574,42.894001000,91.660964290,17.626059945,-77.301941726,-0.031027736,0.948289947,0.301908276,-0.092923884,75
610,3579,42.954001000,91.632758004,17.701896669,-77.430371055,-0.019792607,0.950814386,0.295097067,-0.092075929,74
611,3584,43.014001000,91.617243287,17.784945666,-77.559071391,-0.014622595,0.952384896,0.290525675,-0.091345619,77
612,3589,43.074001000,91.616226104,17.872031063,-77.687739494,-0.010135192,0.952050609,0.291957366,-0.090872505,78
613,3594,43.134001000,91.619601233,17.955194845,-77.842516684,-0.006328427,0.946427543,0.309796256,-0.090890794,124
614,3599,43.194001000,91.635565192,18.010392077,-77.990780060,-0.003322306,0.942565386,0.321571939,-0.090282579,120
615,3604,43.254001000,91.608702792,18.085831058,-78.166542343,-0.002655002,0.944010226,0.317870210,-0.088295942,160
616,3609,43.314001000,91.595738406,18.168573081,-78.317462735,-0.002917619,0.947334286,0.308536847,-0.085756937,117
617,3614,43.374001000,91.580293011,18.233318205,-78.451910646,-0.003352415,0.946283440,0.312263603,-0.083832308,106
618,3619,43.434001000,91.581508128,18.276887408,-78.583471035,-0.004297056,0.947925632,0.307600098,-0.082466427,116
619,3624,43.494001000,91.568586241,18.378375590,-78.664496518,-0.003854419,0.944774948,0.317004809,-0.083026453,121
620,3629,43.554001000,91.529746095,18.445979423,-78.804118587,-0.000643036,0.934103875,0.347642210,-0.081206100,230
621,3634,43.614001000,91.539623671,18.480828705,-78.932891184,0.000980322,0.934278476,0.347441000,-0.080046987,168
622,3639,43.674001000,91.548142113,18.578213063,-79.056394329,0.000594625,0.933364549,0.349813157,-0.080380477,139
623,3644,43.734001000,91.560376381,18.625872317,-79.204036129,0.000392495,0.932258916,0.352833173,-0.080011939,229
624,3649,43.794001000,91.549202465,18.706678514,-79.347912512,-0.000223326,0.935161108,0.345307076,-0.078972628,261
625,3654,43.854001000,91.506523568,18.820729050,-79.499725744,0.001723730,0.930717215,0.357660669,-0.076428666,335
626,3659,43.914001000,91.464880325,18.888656664,-79.658885941,0.003130173,0.925726989,0.370996749,-0.073356360,359
627,3668,44.022001000,91.456743250,18.993414009,-79.983595698,0.002421172,0.929044393,0.363018154,-0.071333539,357
628,3679,44.154001000,91.454296391,19.137338080,-80.390591732,0.002604644,0.933170985,0.352622324,-0.069588975,436
629,3700,44.406001000,91.439334657,19.445535433,-81.232848518,-0.000142231,0.949114746,0.308456046,-0.063529883,554
630,3722,44.670001000,91.510226287,19.763598289,-82.116171417,0.043807469,0.956670587,0.280338820,-0.065363899,444
631,3741,44.898001000,91.453479629,20.022509739,-82.812568574,0.009480137,0.956266480,0.284249243,-0.068314815,282
632,3748,44.982001000,91.453410679,20.109075717,-83.076368495,0.000726725,0.955775845,0.285286748,-0.071438634,234
633,3753,45.042001000,91.450455543,20.165937168,-83.271151988,-0.003006050,0.955266047,0.286349600,-0.073902972,295
634,3758,45.102001000,91.437747717,20.213583661,-83.445374352,-0.004352430,0.954480170,0.288407868,-0.075957636,202
635,3763,45.162001000,91.407126226,20.236915561,-83.626680421,-0.003950666,0.954521597,0.287951598,-0.077180251,211
636,3768,45.222001000,91.374956880,20.265324971,-83.790158172,-0.004554264,0.952412292,0.294775857,-0.077442103,153
637,3773,45.282001000,91.349855742,20.284139760,-83.980216212,-0.003667426,0.951606602,0.297439734,-0.077207698,379
638,3778,45.342001000,91.351035446,20.326785011,-84.168090377,-0.004449992,0.953264270,0.291703755,-0.078589742,254
639,3783,45.402001000,91.360536742,20.371896185,-84.354191574,-0.005632207,0.953557755,0.290384021,-0.079831111,211
640,3788,45.462001000,91.375694894,20.411024918,-84.528962463,-0.004444521,0.950304717,0.300465934,-0.081372070,221
641,3793,45.522001000,91.346288773,20.440650570,-84.710792182,-0.003268917,0.951431576,0.297637193,-0.078608973,471
642,3798,45.582001000,91.331050374,20.494895138,-84.887277146,-0.004257889,0.951926525,0.296484507,-0.076907076,346
643,3803,45.642001000,91.315613239,20.521819899,-85.067136987,-0.003525055,0.951431375,0.298666562,-0.074593546,377
644,3808,45.702001000,91.335400312,20.580744572,-85.245741460,-0.002943495,0.950039853,0.303273224,-0.073762895,180
645,3813,45.762001000,91.330922600,20.639058713,-85.422085119,-0.000967457,0.945071673,0.318739127,-0.072415228,436
646,3818,45.822001000,91.310614136,20.682865419,-85.581232930,0.001440925,0.942286519,0.327502555,-0.069542198,417
647,3823,45.882001000,91.316615918,20.725458745,-85.753944136,0.001844621,0.940384260,0.333402066,-0.067209397,363
648,3830,45.966001000,91.319262380,20.788616767,-86.000184984,0.000440197,0.937953660,0.340966772,-0.063122092,307
649,3840,46.086001000,91.369111643,20.898153603,-86.368068831,0.001071261,0.932667377,0.355820698,-0.059346842,472
650,3849,46.194001000,91.391643456,21.000393048,-86.697327511,0.002103689,0.930458216,0.361844059,-0.057549633,393
651,3854,46.254001000,91.404883035,21.054637218,-86.897466030,0.013283084,0.929351699,0.364449069,-0.057496562,472
652,3859,46.314001000,91.406539988,21.096018718,-87.114864117,0.021736033,0.933548237,0.353133440,-0.057550048,444
653,3864,46.374001000,91.405983627,21.131316865,-87.339218370,0.015774817,0.941371145,0.332124988,-0.057135928,305
654,3869,46.434001000,91.422390361,21.195859250,-87.568687917,0.015366350,0.948541736,0.310894173,-0.058114230,243
655,3874,46.494001000,91.420048586,21.246493405,-87.776872309,0.010019010,0.951868076,0.300735053,-0.058354199,256
656,3879,46.554001000,91.400619161,21.297133695,-87.981037657,0.007000533,0.953308612,0.296374803,-0.057581756,126
657,3884,46.614001000,91.390436808,21.343971139,-88.200108421,0.004225083,0.954846228,0.291630746,-0.056589204,294
658,3889,46.674001000,91.381955133,21.387948330,-88.422599746,0.003331761,0.955570332,0.289438823,-0.055672317,226
659,3894,46.734001000,91.386411614,21.439010435,-88.639484818,0.002683804,0.956286089,0.287178547,-0.055119835,240
660,3899,46.794001000,91.391605887,21.472362903,-88.855908910,0.002487146,0.956947128,0.285125501,-0.054308898,192
661,3904,46.854001000,91.407555903,21.562104212,-89.013972867,0.002488396,0.956013237,0.288282311,-0.054090738,91
662,3909,46.914001000,91.415457602,21.642867749,-89.205883850,0.006473795,0.948652601,0.311644265,-0.053797637,81
663,3914,46.974001000,91.423801481,21.704458732,-89.409358606,0.012490560,0.942393591,0.330041363,-0.053018907,112
664,3919,47.034001000,91.417074515,21.775396821,-89.611253115,0.011480638,0.935010134,0.350813844,-0.050536031,230
665,3924,47.094001000,91.424708153,21.803478084,-89.828491092,0.008475320,0.932612404,0.357610325,-0.047719270,110
666,3929,47.154001000,91.434494502,21.860268586,-90.035985060,0.006645016,0.933097996,0.356684176,-0.045391332,129
667,3934,47.214001000,91.459893308,21.934824101,-90.240277371,0.005069754,0.933640393,0.355548183,-0.043305925,76
668,3939,47.274001000,91.455642073,21.973534669,-90.451002491,0.006547613,0.932520435,0.358764027,-0.040634226,111
669,3944,47.334001000,91.448152439,22.034450212,-90.666873033,0.006049476,0.934569871,0.353821826,-0.036778743,98
670,3949,47.394001000,91.428018031,22.117714214,-90.880371068,0.006071866,0.935864017,0.350702056,-0.033611639,78
671,3954,47.454001000,91.434713859,22.168393753,-91.077269201,0.006708539,0.933539064,0.357010347,-0.031676871,185
672,3959,47.514001000,91.418843344,22.214612714,-91.327515167,0.007024395,0.929223675,0.368254442,-0.029710015,181
673,3964,47.574001000,91.427648550,22.269680796,-91.564636023,0.006477927,0.928703710,0.369629249,-0.029011625,247
674,3969,47.634001000,91.414864855,22.317285738,-91.804098148,0.006708181,0.925966651,0.376567200,-0.027164414,179
675,3974,47.694001000,91.420618667,22.372239821,-92.052139738,0.007754788,0.925163387,0.378558401,-0.026572674,243
676,3979,47.754001000,91.460028858,22.414907143,-92.343442351,0.007657938,0.925116632,0.378713716,-0.026009496,148
677,3984,47.814001000,91.447723136,22.484812510,-92.596606496,0.005390156,0.926845142,0.374765396,-0.021907244,246
678,3989,47.874001000,91.452645406,22.554524203,-92.868332311,0.005835342,0.926418899,0.376007686,-0.018226154,242
679,3994,47.934001000,91.445604987,22.609123661,-93.165717445,0.004881615,0.929630362,0.368163618,-0.014802378,226
680,3999,47.994001000,91.461514725,22.691527290,-93.442077573,0.002149863,0.939311456,0.342784137,-0.013725945,155
681,4004,48.054001000,91.497277828,22.764230216,-93.712145571,0.003399541,0.946597960,0.322076330,-0.014407754,211
682,4009,48.114001000,91.498577534,22.867406789,-94.000947342,0.004899377,0.952769649,0.303372393,-0.013083693,167
683,4014,48.174001000,91.541650291,22.945514809,-94.292396427,0.003876802,0.956582746,0.291066360,-0.014655833,106
684,4019,48.234001000,91.557553322,23.036126226,-94.546574378,0.003675816,0.958858015,0.283436437,-0.015542914,42
685,4024,48.294001000,91.593722302,23.125782612,-94.802692429,0.003222744,0.959440243,0.281354777,-0.017421904,24
686,4029,48.354001000,91.623693363,23.197120092,-95.068407192,0.004175959,0.960204203,0.278649779,-0.018567468,22
687,4034,48.414001000,91.642007903,23.295648263,-95.330715094,0.002151612,0.960635878,0.277095338,-0.019805411,33
688,4039,48.474001000,91.686708403,23.383175589,-95.600101269,0.002301861,0.960538163,0.277247642,-0.022245965,26
689,4044,48.534001000,91.696628689,23.453061145,-95.849565945,0.004236012,0.960760977,0.276373749,-0.023193774,43
690,4049,48.594001000,91.705583217,23.548841409,-96.099985850,0.003936035,0.960737317,0.276350621,-0.024467337,35
691,4054,48.654001000,91.747224770,23.647933001,-96.346805451,0.002788943,0.960538398,0.276771419,-0.027491607,19
692,4059,48.714001000,91.779590429,23.734079143,-96.588339505,-0.003004705,0.960467785,0.276802612,-0.029545204,6
693,4064,48.774001000,91.794136574,23.877232490,-96.855400356,-0.001818548,0.960540618,0.276360566,-0.031356837,2
694,4069,48.834001000,91.824710553,23.892450928,-97.009922058,0.001089287,0.959915307,0.278443659,-0.032102117,22
695,4074,48.894001000,91.875465487,23.984366525,-97.255710280,0.002615339,0.959339466,0.280298602,-0.033070261,26
696,4079,48.954001000,91.899428594,24.109420736,-97.539964238,0.003513115,0.958995714,0.281630577,-0.031608488,9
697,4084,49.014001000,91.964367848,24.145516068,-97.713737294,0.004979328,0.958751020,0.282618007,-0.029979151,29
698,4089,49.074001000,92.011459553,24.220809561,-97.934356399,0.005100862,0.958676295,0.283153141,-0.027166921,22
699,4094,49.134001000,92.046147474,24.353601158,-98.202947536,0.004233708,0.958822508,0.283106410,-0.022186372,18
700,4099,49.194001000,92.069635248,24.460993843,-98.449752411,0.003506826,0.958565445,0.284516640,-0.013793902,14
701,4104,49.254001000,92.117992277,24.558463526,-98.697777314,0.002820728,0.958917261,0.283661857,-0.002383366,32
702,4109,49.314001000,92.153876853,24.674697080,-98.935274168,0.002471062,0.958768625,0.284000295,0.010022485,39
703,4114,49.374001000,92.197136276,24.785286101,-99.146851055,0.002210030,0.958278821,0.284866621,0.023405685,35
704,4119,49.434001000,92.237336831,24.870431997,-99.361106320,0.002300056,0.957910696,0.284582919,0.037608115,31
705,4124,49.494001000,92.278324491,24.986678088,-99.589108937,0.004077224,0.957887590,0.282614985,0.050631136,13
706,4129,49.554001000,92.342987085,25.043801571,-99.772749415,0.003886674,0.956939097,0.283793812,0.060938740,32
707,4134,49.614001000,92.385193808,25.155721449,-99.968869202,0.003483433,0.956355070,0.283024017,0.072596496,37
708,4139,49.674001000,92.445625170,25.251819962,-100.169181894,0.003307298,0.955577579,0.283190983,0.081629772,18
709,4144,49.734001000,92.488622359,25.367058860,-100.360455103,0.002935777,0.955118519,0.282443562,0.089250383,16
710,4149,49.794001000,92.578004418,25.496671397,-100.577507848,0.003398863,0.954712423,0.282258058,0.094037365,29
711,4154,49.854001000,92.608646340,25.633666320,-100.771052985,0.004076551,0.954581308,0.280302673,0.100937206,9
712,4159,49.914001000,92.699791726,25.717434109,-100.942081765,0.005071877,0.954397283,0.280233954,0.102805808,27
713,4164,49.974001000,92.753435502,25.840445272,-101.167249397,0.005625063,0.954493277,0.279307629,0.104394401,52
714,4169,50.034001000,92.812638482,25.946469623,-101.349821567,0.005960500,0.954283858,0.279421351,0.105974052,30
715,4174,50.094001000,92.878422238,26.066094533,-101.567402246,0.005361555,0.954155956,0.279674421,0.106488885,29
716,4179,50.154001000,92.934033316,26.159780031,-101.758650789,0.003752127,0.953629296,0.280407276,0.109310783,42
717,4184,50.214001000,92.985077697,26.262972702,-101.958899168,0.004619270,0.954463606,0.276537753,0.111824677,80
718,4189,50.274001000,93.027258956,26.365568455,-102.151242434,0.004115965,0.953716657,0.278050137,0.114436522,32
719,4194,50.334001000,93.098385382,26.456353161,-102.356671972,0.004897601,0.952793114,0.280567776,0.115944028,51
720,4199,50.394001000,93.181248996,26.556150983,-102.556451898,0.005578012,0.951852183,0.283450477,0.116628185,58
721,4204,50.454001000,93.243737453,26.653911366,-102.764056901,0.005722138,0.951935102,0.282738750,0.117667400,99
722,4209,50.514001000,93.306529061,26.742709236,-102.953543102,0.004343659,0.951761465,0.282757088,0.119078441,45
723,4214,50.574001000,93.372445223,26.830355585,-103.146966605,0.004688115,0.951714817,0.282428271,0.120213145,16
724,4219,50.634001000,93.441769248,26.933136670,-103.369831765,0.004686126,0.951334738,0.283420250,0.120885145,76
725,4224,50.694001000,93.517148822,27.037881404,-103.562052667,0.004366345,0.951022929,0.284249800,0.121401706,141
726,4229,50.754001000,93.595171776,27.129031414,-103.754900236,0.004504084,0.951169610,0.283783606,0.121338169,136
727,4234,50.814001000,93.669508439,27.230799282,-103.966563305,0.004945659,0.951133143,0.283264133,0.122811705,40
728,4239,50.874001000,93.748018710,27.280996994,-104.121419171,0.006356699,0.950902501,0.282530714,0.126176155,115
729,4244,50.934001000,93.819014233,27.359907653,-104.322875450,0.006423228,0.950333587,0.283336948,0.128627328,54
730,4249,50.994001000,93.895533542,27.435391793,-104.491780885,0.006031180,0.950337296,0.282757901,0.129886941,68
731,4254,51.054001000,93.979185678,27.504259984,-104.672199362,0.006491618,0.949896626,0.282693122,0.133187303,86
732,4259,51.114001000,94.061307046,27.569149991,-104.846728331,0.006010594,0.949277387,0.282005188,0.138958231,59
733,4264,51.174001000,94.145206526,27.648602544,-105.033694505,0.006143293,0.948155678,0.282019888,0.146382555,112
734,4269,51.234001000,94.225254598,27.708560467,-105.196572616,0.006328243,0.947093403,0.282344987,0.152497043,122
735,4274,51.294001000,94.298778369,27.779696650,-105.372125826,0.000427799,0.946369109,0.280991637,0.159464810,126
736,4279,51.354001000,94.370326248,27.857875394,-105.538915581,-0.016824593,0.946225770,0.277742863,0.165023113,119
737,4284,51.414001000,94.471487971,27.947263248,-105.700018610,-0.018060368,0.945656185,0.277514541,0.168504845,119
738,4289,51.474001000,94.551281495,28.003521261,-105.851698980,-0.008832923,0.944693351,0.279849129,0.170765676,157
739,4294,51.534001000,94.636245302,28.071338114,-106.013182979,-0.004204368,0.944424694,0.279765176,0.172556560,128
740,4299,51.594001000,94.731360688,28.099025803,-106.181707530,0.000943931,0.947119841,0.269433051,0.174266884,191
741,4304,51.654001000,94.815377469,28.171299126,-106.315846402,0.006268543,0.951531670,0.252999468,0.174755418,168
742,4309,51.714001000,94.896238664,28.235792565,-106.451520726,0.008531257,0.952676433,0.248566456,0.174784290,56
743,4314,51.774001000,94.980046496,28.279134224,-106.597954165,0.008788313,0.952294882,0.250816046,0.173633335,131
744,4319,51.834001000,95.065286622,28.339578778,-106.715130550,0.009301793,0.951857339,0.253702131,0.171803119,173
745,4324,51.894001000,95.151625636,28.380961894,-106.852235171,0.009052135,0.949635424,0.263311137,0.169640401,217
746,4329,51.954001000,95.231135714,28.412045209,-106.984110565,0.008906594,0.948271806,0.269735022,0.167165406,138
747,4334,52.014001000,95.321136786,28.440899862,-107.118161524,0.009172896,0.947444437,0.274457289,0.164128284,219
748,4339,52.074001000,95.411066745,28.482152268,-107.275687769,0.009413534,0.948433560,0.272635492,0.161415785,163
749,4344,52.134001000,95.499250411,28.502977158,-107.397597778,0.010666340,0.951379255,0.263620090,0.158959716,176
750,4349,52.194001000,95.574072421,28.532037896,-107.520012206,0.009746912,0.951344441,0.264822206,0.157219438,136
751,4354,52.254001000,95.660588087,28.553803528,-107.634487958,0.008617502,0.950606249,0.268343322,0.155773420,208
752,4359,52.314001000,95.747273182,28.577874885,-107.768008983,0.006845222,0.949158203,0.273773348,0.155241756,130
753,4364,52.374001000,95.836891478,28.618446245,-107.924673792,0.006081316,0.947893793,0.276821560,0.157576010,161
754,4369,52.434001000,95.901925621,28.607366985,-108.012765880,0.005358170,0.946267516,0.278975285,0.163468248,169
755,4374,52.494001000,95.980177426,28.614679174,-108.126511700,0.005405164,0.944954722,0.279108975,0.170673774,168
756,4379,52.554001000,96.063596221,28.616418866,-108.241511804,0.003951593,0.943455394,0.278929193,0.179094413,189
757,4384,52.614001000,96.141031523,28.631088820,-108.358847883,0.003592728,0.941833624,0.278261527,0.188433119,201
758,4389,52.674001000,96.206853301,28.642429092,-108.471965935,0.003688004,0.940044794,0.277463355,0.198283310,95
759,4394,52.734001000,96.279354616,28.643650999,-108.581636987,0.003766763,0.938194114,0.277421719,0.206917388,100
760,4399,52.794001000,96.368039514,28.643669882,-108.695139752,0.000054106,0.936649978,0.277639273,0.213549175,100
761,4404,52.854001000,96.456190403,28.656266085,-108.818800143,0.000439983,0.934878688,0.276439715,0.222671795,74
762,4409,52.914001000,96.518091074,28.659921679,-108.935611912,-0.004099842,0.932705602,0.275180851,0.233064261,39
763,4414,52.974001000,96.594861966,28.680795553,-109.074755823,-0.023881454,0.931284790,0.269844511,0.243561606,43
764,4419,53.034001000,96.683613519,28.696629690,-109.189119969,-0.042311499,0.929894893,0.263867814,0.252742956,44
765,4424,53.094001000,96.770435000,28.720178045,-109.295116861,-0.060261261,0.928055464,0.256944676,0.262794728,33
766,4429,53.154001000,96.882974208,28.748333049,-109.408605588,-0.078164460,0.925696692,0.250006223,0.272897122,24
767,4434,53.214001000,97.021947483,28.783447302,-109.513963441,-0.073373060,0.923732274,0.249070458,0.281600759,26
768,4439,53.274001000,97.140772664,28.796229919,-109.605482537,-0.053588819,0.922118779,0.253308648,0.287506391,19
769,4444,53.334001000,97.256095197,28.812816025,-109.697764824,-0.030265278,0.921977777,0.249683893,0.294446847,25
770,4449,53.394001000,97.359625144,28.840715510,-109.771805686,-0.011171007,0.921884279,0.244105133,0.300694644,35
771,4454,53.454001000,97.451793939,28.857334207,-109.830955154,-0.000703962,0.919783733,0.245302877,0.306306850,41
772,4459,53.514001000,97.565849994,28.883631278,-109.916796342,0.004280385,0.916973852,0.250036103,0.310841728,51
773,4464,53.574001000,97.671916650,28.895832328,-109.988622694,0.005445180,0.914055578,0.256808742,0.313882175,74
774,4469,53.634001000,97.769888411,28.890875076,-110.058993085,0.005730908,0.912211256,0.260312823,0.316346352,46
775,4474,53.694001000,97.878972186,28.909029360,-110.127311654,0.010431322,0.913745097,0.251140221,0.319201620,51
776,4479,53.754001000,97.966303265,28.943131630,-110.170464767,0.010397010,0.912473743,0.254119026,0.320479472,82
777,4484,53.814001000,98.074291014,28.955086157,-110.248218924,0.008212911,0.911098821,0.258754213,0.320745605,80
778,4489,53.874001000,98.179714627,28.971577514,-110.321300160,0.007551297,0.910141139,0.262097554,0.320766202,106
779,4494,53.934001000,98.289363146,28.978807512,-110.377573556,0.006364847,0.909839230,0.263602676,0.320414876,129
780,4499,53.994001000,98.389593404,28.987419455,-110.454296484,0.005617708,0.910247994,0.263502022,0.319348891,87
781,4504,54.054001000,98.500423677,28.994696386,-110.518848497,0.009982264,0.913876472,0.252193034,0.318007581,82
782,4509,54.114001000,98.609865619,29.002362721,-110.581276978,0.013394585,0.917505635,0.241004167,0.316102809,116
783,4514,54.174001000,98.708346509,29.025386460,-110.630418926,0.016441985,0.920260764,0.232257078,0.314493937,135
784,4519,54.234001000,98.822000385,29.038267113,-110.672254469,0.017285339,0.921270660,0.230767856,0.312582444,122
785,4524,54.294001000,98.919414305,29.051809908,-110.724643205,0.017614716,0.921114461,0.231473775,0.312502422,124
786,4529,54.354001000,99.003779814,29.051585651,-110.763875163,0.016158609,0.919243774,0.237063466,0.313895996,148
787,4534,54.414001000,99.097948324,29.060468212,-110.823838487,0.014154870,0.917435617,0.240018961,0.317021176,133
788,4539,54.474001000,99.170701709,29.049083013,-110.856929985,-0.001118556,0.915806792,0.236825558,0.324361410,158
789,4544,54.534001000,99.272581496,29.065667806,-110.901222330,-0.013237706,0.914120356,0.230750819,0.333110787,120
790,4549,54.594001000,99.349861590,29.076106826,-110.941082223,-0.016012100,0.911447702,0.228309382,0.341879403,144
791,4554,54.654001000,99.434803997,29.086113431,-110.975882830,-0.004219118,0.911181451,0.216497331,0.350513150,144
792,4559,54.714001000,99.527467252,29.116423487,-111.016207484,0.008985438,0.910910706,0.204435428,0.358283551,121
793,4564,54.774001000,99.600640413,29.142446402,-111.030787876,0.016042166,0.907591075,0.207471555,0.364659627,161
794,4569,54.834001000,99.687357615,29.152840946,-111.048867601,0.016591191,0.903571954,0.216772702,0.369177535,136
795,4574,54.894001000,99.760471427,29.164007207,-111.064026587,0.014089759,0.899735063,0.226611078,0.372727399,125
796,4579,54.954001000,99.836436989,29.186356746,-111.075103060,0.012407932,0.897201969,0.233540432,0.374611182,147
797,4584,55.014001000,99.906571656,29.212056556,-111.089040593,0.010838420,0.894767650,0.240896826,0.375821901,117
798,4589,55.074001000,99.983255145,29.236911255,-111.116346516,0.009948023,0.893077681,0.245355713,0.376979929,124
799,4594,55.134001000,100.053546168,29.261952691,-111.092987333,0.013070063,0.895000676,0.238833965,0.376512019,122
800,4599,55.194001000,100.115032110,29.294267610,-111.089527358,0.017722047,0.897891041,0.227931593,0.376197816,114
801,4604,55.254001000,100.182323697,29.332051886,-111.046346776,0.023241904,0.901411082,0.215814472,0.374622462,119
802,4609,55.314001000,100.239542107,29.373412410,-111.009237583,0.024377023,0.903121875,0.210541783,0.373428436,105
803,4614,55.374001000,100.307888767,29.412007607,-111.005884041,0.021186624,0.904487054,0.208471092,0.371475571,98
804,4619,55.434001000,100.368613399,29.454543301,-110.983115327,0.020857806,0.905348342,0.207851805,0.369739040,91
805,4624,55.494001000,100.422016569,29.496208994,-110.941444290,0.020657986,0.906083705,0.207450659,0.368170873,83
806,4629,55.554001000,100.470047567,29.543078417,-110.885018804,0.018014610,0.906198614,0.209965751,0.366597777,107
807,4634,55.614001000,100.513014813,29.580304397,-110.837293463,0.017185846,0.905043333,0.216713361,0.365563306,100
808,4639,55.674001000,100.542441804,29.592958870,-110.792255928,0.013668276,0.906923076,0.211472109,0.364119842,96
809,4644,55.734001000,100.572903188,29.640196152,-110.702550615,0.001044693,0.910065291,0.200949101,0.362490735,50
810,4649,55.794001000,100.602516166,29.700067571,-110.635812875,-0.001371853,0.908955266,0.208004027,0.361293188,101
811,4654,55.854001000,100.646876350,29.752941466,-110.573664708,0.003265859,0.905051400,0.226250020,0.360114185,85
812,4659,55.914001000,100.683352889,29.776983959,-110.509372197,0.003715073,0.901182421,0.242784158,0.359043584,71
813,4664,55.974001000,100.714890584,29.799169256,-110.433736417,0.003349379,0.899123754,0.251666842,0.358090851,67
814,4669,56.034001000,100.749332107,29.831034026,-110.362229430,0.002653385,0.897815919,0.257623056,0.357141285,95
815,4674,56.094001000,100.789287063,29.859358951,-110.288425070,0.002182568,0.897518699,0.260417747,0.355862358,79
816,4679,56.154001000,100.844629011,29.882136446,-110.234257073,0.000412963,0.897243224,0.262653337,0.354919218,82
817,4684,56.214001000,100.885812914,29.883169657,-110.200577293,0.002534780,0.897430968,0.262981045,0.354192323,44
818,4689,56.274001000,100.934155464,29.918709529,-110.164529789,0.002311069,0.897972891,0.264358034,0.351787117,41
819,4694,56.334001000,100.986138699,29.945426583,-110.108205130,0.002098953,0.898703778,0.265118111,0.349341524,61
820,4699,56.394001000,101.040398213,29.938093334,-110.057759392,0.002773689,0.898958919,0.265165737,0.348643515,75
821,4704,56.454001000,101.086582438,29.943421284,-110.002769751,0.001648753,0.898692132,0.265257191,0.349268314,63
822,4709,56.514001000,101.140669407,29.953288317,-109.942938987,0.003395929,0.898750733,0.263884492,0.350143631,72
823,4714,56.574001000,101.193934075,29.954016716,-109.884998091,0.002489327,0.898335543,0.263228796,0.351706777,74
824,4719,56.634001000,101.247558574,29.957739781,-109.826377783,0.001397894,0.897472127,0.263411561,0.353774189,59
825,4724,56.694001000,101.304726182,29.964765756,-109.772615655,0.002304787,0.896681399,0.262803330,0.356218426,51
826,4729,56.754001000,101.364298834,29.962332242,-109.719975041,0.003095300,0.895586396,0.261313188,0.360042836,51
827,4734,56.814001000,101.422826512,29.956963586,-109.668903120,0.002843483,0.894435984,0.259881937,0.363919722,51
828,4739,56.874001000,101.486384385,29.955236390,-109.616863435,0.002065073,0.892682840,0.259379531,0.368558466,41
829,4744,56.934001000,101.551860935,29.952403159,-109.568464667,0.001246612,0.891207513,0.258699441,0.372588531,43
830,4749,56.994001000,101.613244148,29.942722030,-109.516704699,0.000852874,0.889892573,0.258001276,0.376199179,55
831,4754,57.054001000,101.676320874,29.928322688,-109.462696366,0.000412703,0.888569221,0.257567061,0.379610034,52
832,4759,57.114001000,101.747835638,29.920364313,-109.407991895,0.000693410,0.887190188,0.256954763,0.383232748,59
833,4764,57.174001000,101.813057743,29.913667914,-109.357155619,0.000939186,0.885593149,0.256013112,0.387532165,40
834,4769,57.234001000,101.886673109,29.914276153,-109.306394540,0.001441230,0.883868000,0.255575467,0.391735194,41
835,4774,57.294001000,101.960726516,29.900846000,-109.250876398,0.002054995,0.881926741,0.253914314,0.397150503,42
836,4779,57.354001000,102.038850378,29.914398713,-109.203990015,0.002833208,0.880077251,0.252421287,0.402168495,38
837,4784,57.414001000,102.112371362,29.908412736,-109.151495930,0.002647301,0.878640381,0.252296142,0.405377269,34
838,4789,57.474001000,102.191118728,29.892027627,-109.098350364,0.003230875,0.877655707,0.252195816,0.407562622,41
839,4794,57.534001000,102.269857181,29.876833839,-109.048113982,0.004395106,0.877034583,0.252090869,0.408951362,47
840,4799,57.594001000,102.347242380,29.863116201,-109.004796716,0.003971827,0.876486212,0.252290637,0.410006804,41
841,4804,57.654001000,102.427291212,29.851636686,-108.962876826,0.003739200,0.876261156,0.252287987,0.410491385,33
842,4809,57.714001000,102.540647238,29.860833899,-108.925951446,0.004014892,0.876280560,0.252235094,0.410479863,40
843,4814,57.774001000,102.640480447,29.869504372,-108.898230107,0.003252040,0.875982055,0.252957623,0.410679078,40
844,4819,57.834001000,102.736761960,29.865378391,-108.862023105,0.003836487,0.875967715,0.252531837,0.410966561,51
845,4824,57.894001000,102.827776749,29.856891365,-108.830698225,0.002296927,0.875737911,0.253135981,0.411096109,54
846,4829,57.954001000,102.921348652,29.851088209,-108.795402648,0.003331173,0.875751319,0.253743958,0.410685445,56
847,4834,58.014001000,103.011218858,29.845115317,-108.760716570,0.003895417,0.876058476,0.253957269,0.409892764,69
848,4839,58.074001000,103.109514717,29.822842101,-108.717561278,0.019176225,0.875402050,0.260272799,0.406892607,69
849,4844,58.134001000,103.202670130,29.811762537,-108.687710180,0.045120830,0.874023908,0.270449768,0.401127464,56
850,4849,58.194001000,103.291361017,29.807844211,-108.655084796,0.072994319,0.872199034,0.280312777,0.394164206,58
851,4854,58.254001000,103.352662225,29.784752246,-108.621410862,0.083831944,0.872766320,0.284342005,0.387815394,54
852,4859,58.314001000,103.427818941,29.799822793,-108.606720457,0.092785868,0.873841389,0.287752139,0.380776464,59
853,4864,58.374001000,103.494941933,29.788567663,-108.588872740,0.083894425,0.878217955,0.285054579,0.374751699,69
854,4869,58.434001000,103.559521143,29.770705471,-108.567114527,0.072029614,0.882183991,0.282369486,0.369906223,59
855,4874,58.494001000,103.618511207,29.766832416,-108.562057149,0.049882571,0.887018917,0.275156478,0.367420852,48
856,4879,58.554001000,103.683290282,29.773303170,-108.560207348,0.028840754,0.891499113,0.268272533,0.363905744,39
857,4884,58.614001000,103.742304869,29.760597981,-108.548010037,0.015325989,0.895174613,0.264738932,0.358246877,39
858,4889,58.674001000,103.807179874,29.749409705,-108.543130065,0.006949929,0.898182340,0.262998447,0.352210163,31
859,4894,58.734001000,103.863605933,29.736490010,-108.538485957,0.002709967,0.900621377,0.262503691,0.346360510,32
860,4899,58.794001000,103.910571658,29.721394211,-108.528744527,0.000336683,0.902490594,0.262577837,0.341413963,32
861,4904,58.854001000,103.998617960,29.701837736,-108.530075749,-0.000966757,0.903759755,0.262914929,0.337776717,36
862,4909,58.914001000,104.043555198,29.677228991,-108.528899197,-0.001616201,0.904646453,0.262402992,0.335792871,20
863,4914,58.974001000,104.096044797,29.670500293,-108.528802902,-0.002357354,0.904787879,0.263040340,0.334907625,4
864,4919,59.034001000,104.162319538,29.658056348,-108.522498068,-0.004282301,0.904159636,0.266140505,0.334135072,28
865,4924,59.094001000,104.219186538,29.648468976,-108.513323310,-0.004336109,0.904152562,0.266178309,0.334123406,13
866,4929,59.154001000,104.268952695,29.628893224,-108.506657445,-0.004187208,0.902968606,0.270055259,0.334215980,27
867,4934,59.214001000,104.337611263,29.624545394,-108.494206211,-0.003432537,0.904249862,0.266058758,0.333965780,24
868,4939,59.274001000,104.408315495,29.621432530,-108.486642600,-0.003556194,0.905518259,0.263540566,0.332521286,22
869,4944,59.334001000,104.497592990,29.615622815,-108.475152642,0.001969875,0.906577420,0.264065485,0.329215614,21
870,4949,59.394001000,104.582963742,29.602439467,-108.465787991,0.012424504,0.907428908,0.267064850,0.324183243,10
871,4954,59.454001000,104.648825860,29.597520922,-108.444970746,0.028052641,0.907757152,0.271590000,0.318479001,10
872,4959,59.514001000,104.726886591,29.598076622,-108.433670898,0.036756696,0.909222421,0.272614289,0.312481974,15
873,4964,59.574001000,104.811066534,29.618956910,-108.415329991,0.047608150,0.911013111,0.272536512,0.305798014,8
874,4969,59.634001000,104.895903964,29.636078634,-108.403711507,0.056157101,0.913633515,0.271447454,0.297382684,2
875,4974,59.694001000,104.968938288,29.665835984,-108.358404245,0.072219225,0.915406939,0.271768746,0.288021297,0
876,4979,59.754001000,105.035094509,29.700399016,-108.319055799,0.096124329,0.914186697,0.277465602,0.279348592,0
877,4984,59.814001000,105.080635059,29.726949595,-108.285596682,0.118341842,0.912050438,0.283648520,0.271482458,0
878,4989,59.874001000,105.118590994,29.751765872,-108.284762743,0.129133834,0.911031074,0.288393380,0.264907707,2
879,4994,59.934001000,105.160682028,29.748886631,-108.285481192,0.132522894,0.910997824,0.291282938,0.260143993,2
880,4999,59.994001000,105.186767886,29.749503682,-108.300426715,0.136072833,0.910263162,0.295065840,0.256595614,2
881,5004,60.054001000,105.189125568,29.762410856,-108.316620847,0.134816968,0.910630209,0.296650192,0.254117437,3
882,5009,60.114001000,105.186521914,29.770926545,-108.328945132,0.133483395,0.911200443,0.297469178,0.251809499,0
883,5014,60.174001000,105.167843404,29.781658925,-108.358680455,0.128276815,0.912345865,0.297370860,0.250480843,0
884,5019,60.234001000,105.137175148,29.794833833,-108.397842480,0.119062382,0.914427726,0.295626376,0.249501762,1
885,5024,60.294001000,105.106013032,29.820262143,-108.429265170,0.109985384,0.916592834,0.294104541,0.247514264,1
886,5029,60.354001000,105.068096212,29.846855180,-108.473287822,0.103743947,0.918676932,0.292559296,0.244292748,1
887,5034,60.414001000,105.015881365,29.896190674,-108.512819323,0.102055806,0.920171461,0.291750003,0.240314442,1
888,5039,60.474001000,104.956710351,29.936287072,-108.571351595,0.097665339,0.922130394,0.290738347,0.235813975,1
889,5044,60.534001000,104.904012756,30.005638047,-108.616786334,0.094237457,0.923946963,0.289927845,0.231047950,1
890,5049,60.594001000,104.834389836,30.078761556,-108.670403106,0.089964552,0.925942641,0.288704957,0.226243347,1
891,5054,60.654001000,104.745687427,30.144554348,-108.737400964,0.083571396,0.928480373,0.287079814,0.220284362,2
892,5059,60.714001000,104.661952000,30.221840731,-108.788394018,0.063201339,0.932861587,0.282747689,0.214076141,9
893,5064,60.774001000,104.591138507,30.293824042,-108.841406449,0.052673212,0.935744855,0.280753998,0.206843640,15
894,5069,60.834001000,104.502699096,30.370924011,-108.892987288,0.049394019,0.937634377,0.280512517,0.199285561,9
895,5074,60.894001000,104.422465876,30.447125022,-108.948074512,0.058907350,0.938441050,0.281761958,0.190967324,7
896,5079,60.954001000,104.330583897,30.549877056,-109.003913264,0.067980884,0.938850622,0.283521807,0.183176126,9
897,5084,61.014001000,104.241038515,30.650802257,-109.073401438,0.074372066,0.939587736,0.284055571,0.175943500,21
898,5089,61.074001000,104.140443610,30.768828132,-109.154184811,0.064722875,0.941972569,0.282367539,0.169608969,26
899,5094,61.134001000,104.041056502,30.878826941,-109.219493262,0.037137028,0.946018122,0.278086328,0.162291555,28
900,5099,61.194001000,103.958300817,30.977443655,-109.267885583,0.018913141,0.948534465,0.275528144,0.154948067,55
901,5104,61.254001000,103.884556344,31.031958529,-109.323287263,0.007750116,0.950279201,0.274002803,0.147756016,74
902,5109,61.314001000,103.814025235,31.037728736,-109.264016983,0.001458881,0.951392010,0.273962061,0.140697917,58
903,5114,61.374001000,103.731902339,31.098830200,-109.311470587,-0.002752442,0.953141452,0.271711741,0.132990703,84
904,5119,61.434001000,103.654322961,31.188151833,-109.374572651,-0.013313056,0.954906706,0.269250313,0.124419509,95
905,5124,61.494001000,103.568657674,31.256687122,-109.412035415,-0.031224565,0.956230473,0.267271306,0.114953720,84
906,5129,61.554001000,103.503601603,31.327759253,-109.486362324,-0.047345472,0.959175832,0.258518304,0.104443366,102
907,5134,61.614001000,103.439594272,31.395824938,-109.524468293,-0.063776018,0.961506920,0.250721486,0.092605607,116
908,5139,61.674001000,103.389345608,31.465466960,-109.583365994,-0.076063028,0.963646469,0.243239735,0.080214276,163
909,5144,61.734001000,103.344601654,31.520985000,-109.616645843,-0.084637647,0.966339076,0.233345149,0.067640971,199
910,5149,61.794001000,103.306329484,31.584038878,-109.656518980,-0.089871795,0.969072500,0.223131751,0.055079681,226
911,5154,61.854001000,103.279054620,31.642772343,-109.687963666,-0.094436322,0.970823788,0.216449074,0.041626341,256
912,5159,61.914001000,103.267669800,31.698151739,-109.708050964,-0.098889492,0.971931080,0.211559474,0.028520739,254
913,5164,61.974001000,103.263581341,31.750950073,-109.735417815,-0.102421638,0.972618837,0.208075387,0.015067837,267
914,5169,62.034001000,103.268719727,31.801206591,-109.743869842,-0.101406455,0.973055628,0.207067499,0.001589718,259
915,5174,62.094001000,103.292498835,31.850037526,-109.739999607,-0.094678590,0.972931957,0.210480610,-0.011716833,205
916,5179,62.154001000,103.315005650,31.900409632,-109.737217743,-0.085545617,0.972304737,0.216270620,-0.023075182,310
917,5185,62.226001000,103.357098508,31.938451964,-109.702451781,-0.084499243,0.969499468,0.227177498,-0.036346158,314
918,5196,62.358001000,103.479305126,32.011508190,-109.642681058,-0.057972443,0.966525174,0.243977321,-0.054252652,337
919,5201,62.418001000,103.549051217,32.037443721,-109.621313640,-0.031991763,0.963334495,0.259781186,-0.058965349,243
920,5206,62.478001000,103.618637117,32.039671103,-109.588617993,-0.017517980,0.961327228,0.268104901,-0.060521433,236
921,5211,62.538001000,103.693095154,32.055486656,-109.560461053,-0.007944273,0.960221564,0.272555387,-0.060207956,239
922,5216,62.598001000,103.768239173,32.059106378,-109.527383350,0.001071627,0.959828382,0.274696054,-0.057187464,215
923,5221,62.658001000,103.845839009,32.066288402,-109.476544707,0.012589877,0.959630122,0.276497410,-0.050007067,337
924,5231,62.778001000,104.008630457,32.090962117,-109.399631250,0.024957608,0.958917895,0.281556107,-0.024077922,201
925,5255,63.066001000,104.341361493,32.135463410,-109.162457664,0.017702127,0.957816926,0.280818417,0.058432757,241
926,5261,63.138001000,104.425005577,32.146433684,-109.101678829,0.022625301,0.956175545,0.281647801,0.076752458,266
927,5266,63.198001000,104.500352644,32.150302431,-109.047770017,0.028243566,0.954689968,0.282246103,0.090036120,242
928,5271,63.258001000,104.555119650,32.152964817,-108.997341709,0.039068330,0.952995989,0.282863341,0.101294822,255
929,5276,63.318001000,104.611139124,32.147081535,-108.955359802,0.040923968,0.952117757,0.282869275,0.108544822,232
930,5281,63.378001000,104.659785540,32.147034620,-108.916012578,0.039058011,0.951608396,0.282966853,0.113338842,233
931,5286,63.438001000,104.714002402,32.145749845,-108.868521237,0.032227616,0.952241351,0.280327744,0.116679676,209
932,5291,63.498001000,104.765072988,32.138770267,-108.831318035,0.025635478,0.952350844,0.279943699,0.118330968,280
933,5296,63.558001000,104.812251833,32.131315872,-108.796331099,0.014209714,0.953137447,0.277845028,0.118866441,233
934,5301,63.618001000,104.863222726,32.121945300,-108.755848265,0.005284414,0.953102462,0.278689733,0.117897435,91
935,5306,63.678001000,104.903517807,32.101341714,-108.732844386,0.002160952,0.954038123,0.275980527,0.116796142,222
936,5311,63.738001000,104.945371078,32.069645810,-108.710992158,-0.000555369,0.954136884,0.276338514,0.115150003,189
937,5316,63.798001000,104.995355039,32.038458050,-108.684923629,-0.003298409,0.954385022,0.276071241,0.113679460,243
938,5321,63.858001000,105.046114725,32.001539426,-108.665002255,-0.003542854,0.954812745,0.275337506,0.111845108,183
939,5326,63.918001000,105.099725783,31.959799329,-108.652982394,-0.003661330,0.955327592,0.273959190,0.110824861,162
940,5331,63.978001000,105.154216320,31.914525527,-108.637674261,-0.003988531,0.955300648,0.274357062,0.110058918,194
941,5336,64.038001000,105.218342762,31.858471757,-108.613002445,-0.007841478,0.955579083,0.273098909,0.110562707,208
942,5341,64.098001000,105.270289182,31.817250238,-108.606227662,-0.018464880,0.955807229,0.271098192,0.112237960,169
943,5346,64.158001000,105.336066307,31.767593726,-108.597593205,-0.027367816,0.955692421,0.270217616,0.113514044,189
944,5351,64.218001000,105.404567156,31.716507185,-108.567878443,-0.029065590,0.955597419,0.269967031,0.114483917,173
945,5356,64.278001000,105.479159120,31.653777183,-108.544434556,-0.024076753,0.955439481,0.270714433,0.115192899,199
946,5361,64.338001000,105.554758869,31.593702826,-108.519286092,-0.016437792,0.955117607,0.272105067,0.115926651,203
947,5366,64.398001000,105.624500442,31.532536170,-108.511727689,-0.011496879,0.954953506,0.272448065,0.117062700,211
948,5371,64.458001000,105.703971357,31.485850564,-108.492932968,-0.008623460,0.954797448,0.273524990,0.116067006,212
949,5376,64.518001000,105.789163653,31.415917867,-108.474604785,-0.007527936,0.954938854,0.274178465,0.113407604,215
950,5381,64.578001000,105.867778132,31.356626845,-108.447853393,-0.007007016,0.955171721,0.274373252,0.110982896,142
951,5386,64.638001000,105.952785723,31.303144430,-108.406740121,-0.006357642,0.955673491,0.273609940,0.108560393,179
952,5391,64.698001000,106.036682798,31.255718451,-108.386130860,-0.005837980,0.955801315,0.274303798,0.105674924,129
953,5396,64.758001000,106.152324622,31.195061643,-108.338316870,-0.005204184,0.955962842,0.274876299,0.102717969,127
954,5401,64.818001000,106.248865747,31.169249364,-108.302631998,-0.001234423,0.956062517,0.275601972,0.099932440,167
955,5406,64.878001000,106.347296191,31.137836118,-108.258565697,0.025329258,0.956365310,0.274105909,0.097927391,192
956,5411,64.938001000,106.443702536,31.116388452,-108.206076994,0.049535031,0.956444586,0.270919536,0.096760738,123
957,5416,64.998001000,106.542721948,31.090550200,-108.146005515,0.064783596,0.955551900,0.270457412,0.097859292,118
958,5421,65.058001000,106.628922610,31.069746524,-108.082743686,0.067067477,0.953423274,0.275583406,0.102663529,89
959,5426,65.118001000,106.705129617,31.044146785,-108.032645932,0.058923795,0.952085223,0.279315618,0.109747439,72
960,5431,65.178001000,106.781357203,31.036391723,-107.966294254,0.047130328,0.951418466,0.280167978,0.118690941,56
961,5436,65.238001000,106.851712737,31.029304402,-107.913088048,0.030056951,0.951242669,0.278932217,0.128182617,70
962,5441,65.298001000,106.919598853,31.034603364,-107.849904149,0.016478612,0.950795622,0.277005880,0.137782010,63
963,5446,65.358001000,106.994575317,31.028500043,-107.791428984,0.011790662,0.949819978,0.275380889,0.147879531,53
964,5451,65.418001000,107.074606649,31.032705970,-107.726585176,0.009938306,0.948178490,0.275035717,0.158789597,40
965,5456,65.478001000,107.145938370,31.039000227,-107.678461683,0.007712805,0.947037890,0.272532948,0.169663020,32
966,5461,65.538001000,107.209111601,31.054184407,-107.614979783,0.004419468,0.945101509,0.272711230,0.179978305,50
967,5466,65.598001000,107.286892617,31.067848109,-107.552962267,0.001085745,0.943720339,0.272044655,0.188102228,33
968,5471,65.658001000,107.368115500,31.070926179,-107.497724168,-0.001771835,0.942816119,0.269904711,0.195566035,28
969,5476,65.718001000,107.457383913,31.081919038,-107.435490711,-0.002983937,0.943011297,0.264405641,0.202015954,19
970,5481,65.778001000,107.536361058,31.095334584,-107.379552066,-0.001163420,0.944672321,0.253258972,0.208453220,10
971,5486,65.838001000,107.611650128,31.138655434,-107.308255239,0.001618990,0.946724809,0.241027342,0.213577467,1
972,5491,65.898001000,107.685286168,31.171713897,-107.254895382,0.004253472,0.948237644,0.231493228,0.217343425,0
973,5496,65.958001000,107.759004482,31.236590459,-107.181706957,0.006807960,0.950115800,0.221800018,0.219176574,0
974,5501,66.018001000,107.838816378,31.267563077,-107.121485038,0.007542927,0.951302677,0.216307706,0.219493275,2
975,5506,66.078001000,107.945296096,31.321152821,-107.045898548,0.014284742,0.951100625,0.217672269,0.218683173,1
976,5511,66.138001000,108.049309759,31.400830119,-106.959118634,0.037696269,0.948032639,0.229016385,0.217634103,1
977,5516,66.198001000,108.128083885,31.477415384,-106.881885633,0.064263193,0.942368705,0.246621175,0.216770529,0
978,5521,66.258001000,108.190218886,31.502257569,-106.824361602,0.085819514,0.937099234,0.261332163,0.214908208,0
979,5526,66.318001000,108.243133928,31.526294031,-106.760680182,0.099465928,0.934474251,0.270043340,0.209621083,2
980,5531,66.378001000,108.285733058,31.558564733,-106.710021387,0.101560217,0.934925530,0.274468519,0.200665909,0
981,5536,66.438001000,108.331915381,31.584256905,-106.659689358,0.103174080,0.937611369,0.273068158,0.188875121,2
982,5541,66.498001000,108.396598638,31.604512902,-106.580641450,0.103371062,0.940191048,0.272895140,0.175736903,0
983,5546,66.558001000,108.418526798,31.645810112,-106.517235854,0.107646316,0.940958736,0.276074067,0.163682733,1
984,5551,66.618001000,108.453458893,31.667910294,-106.459496999,0.108146481,0.941729462,0.278766668,0.154074997,1
985,5556,66.678001000,108.444690455,31.704912454,-106.391899038,0.104000896,0.943244540,0.279592519,0.145950590,1
986,5561,66.738001000,108.447910246,31.730963063,-106.333050747,0.089251509,0.945949098,0.279743231,0.137688767,1
987,5566,66.798001000,108.437008283,31.761845861,-106.274897870,0.082002861,0.947572960,0.280168198,0.129949207,0
988,5571,66.858001000,108.430874348,31.770783685,-106.228118637,0.078266251,0.947924557,0.282908840,0.123596184,0
989,5576,66.918001000,108.393589102,31.781043958,-106.174763429,0.078527080,0.947566102,0.285660678,0.119791307,0
990,5581,66.978001000,108.368481323,31.770816425,-106.131147174,0.081115503,0.947704190,0.285726380,0.116779620,0
991,5586,67.038001000,108.319431711,31.801472082,-106.073282078,0.086537293,0.947399250,0.285825534,0.115107434,1
992,5591,67.098001000,108.256762848,31.794551374,-106.053405160,0.090252998,0.946892300,0.286590392,0.114522121,1
993,5596,67.158001000,108.202733115,31.790310604,-106.018411586,0.089510205,0.947295388,0.285475275,0.114556703,0
994,5601,67.218001000,108.129123124,31.779235472,-105.974008435,0.085420269,0.947275615,0.286616712,0.114991947,0
995,5606,67.278001000,108.043277690,31.810001532,-105.932191488,0.079582628,0.947982425,0.286178425,0.114445780,0
996,5611,67.338001000,107.956497415,31.823259850,-105.892942173,0.071718516,0.949278640,0.284897085,0.112072160,1
997,5616,67.398001000,107.854745998,31.830654241,-105.870709816,0.062347081,0.951033301,0.282980125,0.107567423,0
998,5621,67.458001000,107.749720777,31.850532906,-105.848907765,0.057183427,0.952527164,0.281810406,0.100024760,0
999,5626,67.518001000,107.649992474,31.851460910,-105.838659186,0.048466081,0.953797106,0.282084811,0.091379866,0
1000,5631,67.578001000,107.552881384,31.867174259,-105.813877549,0.042096900,0.955412825,0.280822228,0.080950983,1
1001,5636,67.638001000,107.484139678,31.846319446,-105.806084523,0.035474149,0.956569450,0.280822289,0.069680082,3
1002,5641,67.698001000,107.392620777,31.866670140,-105.783158680,0.032112449,0.957683556,0.279863924,0.059052367,3
1003,5646,67.758001000,107.295731305,31.888292421,-105.746858549,0.033118563,0.958081218,0.280434312,0.048374954,2
1004,5651,67.818001000,107.170153099,31.918574730,-105.719314985,0.042315434,0.957883558,0.281419032,0.038364339,1
1005,5656,67.878001000,107.076669179,31.963757708,-105.676304413,0.057101061,0.957201512,0.282453116,0.026925304,4
1006,5661,67.938001000,106.976733402,31.995377606,-105.654433598,0.069932307,0.956321312,0.283390092,0.015782135,6
1007,5666,67.998001000,106.875904674,32.005610554,-105.637744646,0.074440138,0.955646082,0.284864899,0.007156919,5
1008,5671,68.058001000,106.784009339,32.009839431,-105.630844440,0.071481040,0.956054912,0.284338459,0.001052490,2
1009,5676,68.118001000,106.684868733,32.039481106,-105.605839691,0.065247911,0.957272633,0.281719244,-0.002466560,9
1010,5681,68.178001000,106.576879590,32.042223668,-105.581339555,0.063194508,0.958028397,0.279568129,-0.005450393,11
1011,5686,68.238001000,106.485638962,32.047398248,-105.554791325,0.059783158,0.958437755,0.278856235,-0.007889464,15
1012,5691,68.298001000,106.396001613,32.047976245,-105.525679457,0.057925635,0.958710673,0.278265637,-0.009311346,11
1013,5696,68.358001000,106.287652339,32.038377091,-105.520787518,0.055435918,0.958813762,0.278370496,-0.010625193,18
1014,5701,68.418001000,106.149215644,32.049057783,-105.510229075,0.055950590,0.958684623,0.278724522,-0.010294022,19
1015,5706,68.478001000,106.010451062,32.089000271,-105.495949999,0.054052834,0.958762543,0.278874737,-0.009030936,14
1016,5711,68.538001000,105.897733948,32.073337850,-105.484335632,0.049320787,0.958594518,0.280358353,-0.007950053,21
1017,5716,68.598001000,105.768396420,32.073972731,-105.463473004,0.046438123,0.958991714,0.279522427,-0.006753255,26
1018,5721,68.658001000,105.613965671,32.107159178,-105.440274598,0.044686422,0.958929744,0.280062436,-0.004679845,20
1019,5726,68.718001000,105.472648802,32.104264227,-105.423745484,0.041107244,0.959333821,0.279244898,-0.003331776,23
1020,5731,68.778001000,105.339852014,32.092031192,-105.406105628,0.038390048,0.959333060,0.279639231,-0.002860841,23
1021,5736,68.838001000,105.196853236,32.093567939,-105.378948475,0.031263947,0.959486691,0.280002438,-0.002547519,24
1022,5741,68.898001000,105.054617260,32.090656332,-105.358184345,0.021605031,0.959914101,0.279442771,-0.003143220,24
1023,5746,68.958001000,104.940284030,32.094407521,-105.333373627,0.020324186,0.960063421,0.278993124,-0.005290710,32
1024,5751,69.018001000,104.823093343,32.109861263,-105.291499794,0.018175586,0.959527292,0.280936828,-0.007177916,23
1025,5756,69.078001000,104.675557292,32.123250520,-105.250719386,0.023213059,0.955608529,0.293597723,-0.008594823,15
1026,5761,69.138001000,104.554246693,32.116275085,-105.204608142,0.028336422,0.952080383,0.304348358,-0.010586213,37
1027,5766,69.198001000,104.422916211,32.116312656,-105.179894833,0.027869509,0.951226116,0.307002212,-0.011908335,35
1028,5771,69.258001000,104.297895088,32.113544877,-105.155976034,0.026705790,0.950655685,0.308823139,-0.012993764,31
1029,5776,69.318001000,104.156750152,32.103291256,-105.158603356,0.020564255,0.951506873,0.306608046,-0.014257894,38
1030,5781,69.378001000,104.028085993,32.087513145,-105.154409638,0.010608097,0.953715370,0.300032309,-0.017177723,58
1031,5786,69.438001000,103.904678607,32.084629494,-105.133038425,0.004661716,0.954754299,0.296549678,-0.021926815,59
1032,5791,69.498001000,103.796060998,32.058791565,-105.123250052,0.001705361,0.955079946,0.294981168,-0.028381300,60
1033,5796,69.558001000,103.688749054,32.035923260,-105.150101911,0.002702013,0.956413712,0.289724540,-0.036403322,73
1034,5801,69.618001000,103.583810135,32.026629321,-105.149121237,0.013561187,0.957705026,0.283811268,-0.045479016,77
1035,5806,69.678001000,103.485065173,32.019179367,-105.161751519,0.024158208,0.958487794,0.278774053,-0.054795589,69
1036,5811,69.738001000,103.380787774,32.014120512,-105.171077344,0.037804483,0.958239451,0.275833927,-0.065296409,96
1037,5816,69.798001000,103.278574005,32.020006726,-105.184862920,0.043960346,0.958001028,0.273170856,-0.075360480,89
1038,5821,69.858001000,103.183046549,32.020913677,-105.199114392,0.040945679,0.957468397,0.272627941,-0.085157062,100
1039,5826,69.918001000,103.080720531,32.014905521,-105.204828338,0.036221339,0.956710572,0.272617138,-0.095251207,85
1040,5831,69.978001000,102.965026649,32.005138740,-105.199535011,0.037553488,0.955944453,0.271411503,-0.105336290,131
1041,5836,70.038001000,102.859960331,31.990073148,-105.199415760,0.041677594,0.954766419,0.270296421,-0.116721497,103
1042,5841,70.098001000,102.750061266,31.975436426,-105.195145716,0.049801689,0.953661670,0.268077021,-0.127216045,133
1043,5846,70.158001000,102.637138810,31.962284167,-105.200940902,0.052825848,0.952791669,0.265846463,-0.136832464,157
1044,5851,70.218001000,102.525355289,31.956351127,-105.207553983,0.052784518,0.951591360,0.265321687,-0.145918059,130
1045,5856,70.278001000,102.404039280,31.934501166,-105.206564603,0.046590273,0.950372295,0.266346091,-0.153888295,123
1046,5861,70.338001000,102.288790168,31.903433983,-105.188944127,0.040226617,0.949439353,0.266282218,-0.161370737,142
1047,5866,70.398001000,102.168637777,31.878959817,-105.197228593,0.039440229,0.948301700,0.265917239,-0.168690177,143
1048,5871,70.458001000,102.052004453,31.847940183,-105.181445108,0.037767667,0.947039574,0.265796655,-0.176186797,148
1049,5876,70.518001000,101.923096898,31.823694332,-105.202968751,0.037686352,0.945643444,0.265569882,-0.183877278,144
1050,5881,70.578001000,101.807373797,31.799561502,-105.195541933,0.037831390,0.944106689,0.264608745,-0.192908160,99
1051,5886,70.638001000,101.691034750,31.773750350,-105.192013936,0.041541992,0.942579750,0.263239893,-0.201301852,83
1052,5891,70.698001000,101.568005621,31.752619378,-105.182152557,0.045129685,0.941138998,0.261412260,-0.209485864,71
1053,5896,70.758001000,101.436047349,31.721533369,-105.177245821,0.042767167,0.939444377,0.261175344,-0.217721547,45
1054,5901,70.818001000,101.316523127,31.683509148,-105.162132889,0.039267597,0.937280654,0.261741999,-0.226835087,28
1055,5906,70.878001000,101.186237279,31.639580982,-105.127874102,0.038462562,0.934962879,0.261334325,-0.236789816,30
1056,5911,70.938001000,101.057259645,31.589915930,-105.090665308,0.039464239,0.932455719,0.259236549,-0.248526290,20
1057,5916,70.998001000,100.932358501,31.565385305,-105.074951485,0.037908002,0.929566521,0.257749320,-0.260833959,18
1058,5921,71.058001000,100.790378203,31.537688457,-105.076116229,0.033403853,0.926289860,0.256825245,-0.273700695,6
1059,5926,71.118001000,100.657803354,31.520324579,-105.049060551,0.027569249,0.922284960,0.257006047,-0.287364370,0
1060,5931,71.178001000,100.519600347,31.495793828,-104.967790910,0.023465515,0.917974074,0.256338490,-0.301767373,0
1061,5936,71.238001000,100.370454435,31.466801296,-104.881616988,0.021411736,0.913445831,0.254575550,-0.316779957,0
1062,5941,71.298001000,100.230259947,31.435996780,-104.797618023,0.015533761,0.908355382,0.253896746,-0.331942232,0
1063,5946,71.358001000,100.091602356,31.408024596,-104.694608058,0.008545621,0.902170827,0.254993773,-0.347840404,0
1064,5951,71.418001000,99.951069596,31.383778790,-104.608115083,0.001445429,0.895340627,0.255643296,-0.364704781,0
1065,5956,71.478001000,99.822671042,31.373319830,-104.526991972,-0.002933234,0.888365064,0.254328072,-0.382251411,1
1066,5961,71.538001000,99.675893709,31.373808391,-104.428467048,-0.004104112,0.880475805,0.253582187,-0.400551604,0
1067,5966,71.598001000,99.548647373,31.366395568,-104.356518961,-0.005105983,0.872081098,0.252524432,-0.419141861,0
1068,5971,71.658001000,99.403437335,31.385992325,-104.283552756,-0.006654266,0.862705106,0.252260040,-0.438247069,0
1069,5976,71.718001000,99.266603005,31.427199569,-104.191885997,-0.007396649,0.853797164,0.247576768,-0.457909855,0
1070,5981,71.778001000,99.124827364,31.469881952,-104.117306966,-0.008071874,0.844111329,0.241875925,-0.478442207,0
1071,5986,71.838001000,99.011680613,31.546116323,-104.020569445,-0.008276046,0.833600804,0.236664931,-0.499029976,0
1072,5991,71.898001000,98.892472866,31.674770654,-103.923404093,0.004537833,-0.820511421,-0.238644233,0.519412502,0
1073,5996,71.958001000,98.756020576,31.756232465,-103.803674241,-0.004024700,-0.804335312,-0.248114321,0.539877571,0
1074,6001,72.018001000,98.645258230,31.860019371,-103.766525414,-0.009591423,-0.788555325,-0.251505460,0.561100265,0
1075,6006,72.078001000,98.524520490,31.914210607,-103.696010819,-0.009160736,-0.778712156,-0.248152560,0.576145611,0
1076,6011,72.138001000,98.391221817,32.041799532,-103.581885052,-0.005760291,-0.767705342,-0.236614306,0.595490552,0
1077,6016,72.198001000,98.224728963,32.189381795,-103.452836171,-0.001026989,-0.754941568,-0.227435683,0.615089575,0
1078,6021,72.258001000,98.061085608,32.354910736,-103.368212077,0.002540055,-0.740619383,-0.218967494,0.635239887,0
1079,6026,72.318001000,97.912653808,32.526273743,-103.298844013,0.002869104,-0.728798611,-0.211890377,0.651111989,0
1080,6031,72.378001000,97.714904444,32.721181882,-103.196820258,-0.004519926,-0.711471812,-0.213036589,0.669628884,0
1081,6036,72.438001000,97.545862221,32.843980236,-103.096212379,-0.010826743,-0.694902199,-0.214921234,0.686150551,0
1082,6041,72.498001000,97.404377151,32.952875026,-102.995023193,-0.011126336,-0.680666222,-0.209818189,0.701816234,0
1083,6046,72.558001000,97.264362674,33.077272699,-102.852728183,-0.010050917,-0.667711616,-0.203383872,0.716027358,0
1084,6051,72.618001000,97.146389861,33.263939591,-102.757502098,-0.016447757,-0.651601148,-0.205427183,0.730030882,0
1085,6056,72.678001000,97.022471795,33.369916366,-102.714699500,-0.029519336,-0.634006640,-0.212277890,0.743035858,0
1086,6061,72.738001000,96.897276548,33.449696801,-102.650924124,-0.035314945,-0.618563496,-0.214153021,0.755162592,0
1087,6066,72.798001000,96.779133590,33.526844186,-102.594496204,-0.032383541,-0.607356699,-0.205710040,0.766650198,3
1088,6071,72.858001000,96.726085920,33.546023706,-102.554671759,-0.028414893,-0.597137416,-0.197944418,0.776812402,4
1089,6076,72.918001000,96.606643336,33.665638273,-102.531894297,-0.031946069,-0.584840427,-0.196877237,0.786244540,6
1090,6081,72.978001000,96.496875815,33.739714916,-102.497242399,-0.044149880,-0.573190666,-0.201258805,0.793094031,13
1091,6086,73.038001000,96.373303481,33.750503482,-102.432332946,-0.049385737,-0.566479466,-0.199833286,0.797952832,13
1092,6091,73.098001000,96.222820230,33.785885669,-102.360911921,-0.039843956,-0.562824536,-0.192551399,0.802848030,11
1093,6096,73.158001000,96.094646168,33.815277585,-102.313608782,-0.023842944,-0.561111947,-0.180159898,0.807543998,5
1094,6101,73.218001000,95.997774299,33.837637871,-102.278147391,-0.013764425,-0.558025548,-0.172919700,0.811490484,3
1095,6106,73.278001000,95.883057886,33.875501108,-102.240615438,-0.006002405,-0.555083101,-0.168479302,0.814531428,4
1096,6111,73.338001000,95.751857174,33.937675212,-102.171685510,-0.003672384,-0.552238529,-0.166986707,0.816783056,6
1097,6116,73.398001000,95.608655372,33.948630561,-102.101373023,-0.004684401,-0.549232731,-0.167617309,0.818673257,7
1098,6121,73.458001000,95.483788421,33.963197095,-102.042694395,-0.006255603,-0.544443242,-0.168680546,0.821638179,17
1099,6126,73.518001000,95.376028220,33.977020381,-101.991867297,-0.007454301,-0.539190302,-0.168263678,0.825170035,14
1100,6131,73.578001000,95.296116760,33.978076706,-101.943603579,-0.014627189,-0.533458069,-0.167870951,0.828871449,18
1101,6136,73.638001000,95.211072728,33.950428700,-101.884868070,-0.019227001,-0.526650951,-0.168517484,0.832989169,22
1102,6141,73.698001000,95.079745458,33.954750467,-101.832211611,-0.018942580,-0.519460702,-0.168376461,0.837526791,27
1103,6146,73.758001000,94.983452910,33.953529702,-101.782854089,-0.023367258,-0.511161197,-0.169799824,0.842221005,25
1104,6151,73.818001000,94.886362580,33.932761465,-101.733731641,-0.029882223,-0.501780707,-0.172593420,0.847074192,54
1105,6156,73.878001000,94.770204306,33.910466833,-101.682423940,-0.033871411,-0.492549573,-0.172324229,0.852380200,55
1106,6161,73.938001000,94.637158764,33.884388143,-101.624479621,-0.034005349,-0.483885626,-0.169384614,0.857908614,51
1107,6166,73.998001000,94.538547002,33.851304679,-101.574239072,-0.029849674,-0.475623903,-0.164688983,0.863578855,31
1108,6171,74.058001000,94.426955812,33.842220659,-101.516349093,-0.029767686,-0.466583189,-0.160905620,0.869208487,20
1109,6176,74.118001000,94.290414724,33.807359524,-101.450732324,-0.030394683,-0.456492123,-0.159200697,0.874840696,19
1110,6181,74.178001000,94.155329946,33.773406813,-101.380996592,-0.020289499,-0.447798166,-0.150454457,0.881151857,3
1111,6186,74.238001000,94.037365926,33.772053360,-101.316061511,-0.012740979,-0.438561852,-0.140844820,0.887504314,3
1112,6191,74.298001000,93.907493385,33.741340169,-101.246863207,-0.009053694,-0.429036273,-0.131422223,0.893629737,2
1113,6196,74.358001000,93.786363277,33.740432843,-101.168339905,-0.005117420,-0.418636846,-0.125882390,0.899372352,1
1114,6201,74.418001000,93.635672646,33.753451015,-101.084403265,-0.005850513,-0.406967632,-0.123459798,0.905041875,1
1115,6206,74.478001000,93.487662883,33.760770559,-100.995420687,-0.009365445,-0.396153182,-0.117350096,0.910606336,3
1116,6211,74.538001000,93.348852552,33.779577509,-100.905105103,-0.010378960,-0.384780879,-0.113020399,0.916003462,2
1117,6216,74.598001000,93.204660720,33.807465588,-100.808855918,-0.015128354,-0.372485845,-0.110564376,0.921303939,5
1118,6221,74.658001000,93.088138275,33.762400629,-100.733280748,-0.020122560,-0.359767670,-0.108390668,0.926506217,3
1119,6226,74.718001000,92.972644820,33.718342579,-100.667030357,-0.021513814,-0.347373572,-0.101574145,0.931961078,9
1120,6231,74.778001000,92.876521302,33.673016022,-100.598610074,-0.018279577,-0.335859927,-0.090177328,0.937407070,4
1121,6236,74.838001000,92.765938123,33.646022963,-100.520018659,-0.013841515,-0.324746903,-0.079218128,0.942375907,3
1122,6241,74.898001000,92.667179648,33.620168345,-100.436793989,-0.010279692,-0.312910380,-0.071527313,0.947029707,1
1123,6246,74.958001000,92.534592749,33.626104987,-100.333628162,-0.008903112,-0.302035582,-0.061999588,0.951236718,0
1124,6251,75.018001000,92.391267464,33.631787884,-100.230209655,-0.009676599,-0.291245904,-0.053257888,0.955115587,0
1125,6256,75.078001000,92.258975365,33.670603086,-100.112316398,-0.013083044,-0.283759478,-0.035231923,0.958158705,0
1126,6261,75.138001000,92.126949309,33.671242323,-99.997448304,-0.015027430,-0.275399149,-0.024505749,0.960900074,0
1127,6266,75.198001000,92.050171099,33.681520706,-99.848888135,-0.014229497,-0.267807361,-0.022002373,0.963116106,0
1128,6271,75.258001000,91.925329306,33.707468118,-99.716446790,-0.013059658,-0.259120109,-0.024358139,0.965449582,0
1129,6276,75.318001000,91.815827080,33.731169466,-99.576416266,-0.011380476,-0.251885824,-0.024250649,0.967386129,0
1130,6281,75.378001000,91.731991661,33.763253166,-99.434167651,-0.009169786,-0.244242008,-0.028348284,0.969256484,0
1131,6286,75.438001000,91.631945585,33.786486935,-99.293134431,-0.008030346,-0.235715732,-0.032940492,0.971230421,0
1132,6291,75.498001000,91.526518504,33.829792270,-99.139169852,-0.005404691,-0.227896478,-0.035735523,0.973014366,0
1133,6296,75.558001000,91.454474020,33.869010542,-98.987151700,-0.004206957,-0.221184496,-0.036405078,0.974543170,0
1134,6301,75.618001000,91.377549019,33.913357051,-98.832700564,-0.001501944,-0.212959113,-0.038895933,0.976285443,0
1135,6306,75.678001000,91.296239305,33.961730768,-98.670313462,0.000365833,-0.204488168,-0.040926177,0.978013038,0
1136,6311,75.738001000,91.220231963,34.014779483,-98.502813454,0.001232911,-0.195377809,-0.041395898,0.979853240,0
1137,6316,75.798001000,91.147251128,34.074194855,-98.336039984,0.001513915,-0.187527768,-0.038408018,0.981506938,0
1138,6321,75.858001000,91.078898672,34.143678601,-98.163550106,0.002073483,-0.179111126,-0.041209426,0.982963218,0
1139,6326,75.918001000,91.013196575,34.203153467,-97.999400140,0.003100819,-0.169807661,-0.043703400,0.984502796,2
1140,6331,75.978001000,90.945642196,34.286090544,-97.822303974,0.004594978,-0.162153197,-0.044758516,0.985739267,2
1141,6336,76.038001000,90.890536042,34.365272907,-97.644262296,0.004644047,-0.153800780,-0.044551874,0.987086057,3
1142,6341,76.098001000,90.825899968,34.442238649,-97.469158848,0.006003606,-0.144744150,-0.045205652,0.988417694,3
1143,6346,76.158001000,90.778395516,34.520879677,-97.300652630,0.006470991,-0.135232521,-0.043723028,0.989827555,9
1144,6351,76.218001000,90.726735863,34.600075763,-97.136767229,0.005572243,-0.125069161,-0.044200646,0.991147294,6
1145,6356,76.278001000,90.674366199,34.672712069,-96.973322547,0.005259405,-0.115553397,-0.041822430,0.992406487,15
1146,6361,76.338001000,90.635086014,34.739960201,-96.814409094,0.005400626,-0.106070303,-0.040679095,0.993511517,11
1147,6366,76.398001000,90.594367837,34.797469800,-96.661594745,0.004615843,-0.096640460,-0.038069747,0.994580318,14
1148,6371,76.458001000,90.550393644,34.827033126,-96.528580369,0.005174489,-0.087288646,-0.035559963,0.995534734,18
1149,6376,76.518001000,90.544870263,34.843927699,-96.426365796,0.000189715,-0.080058298,-0.033542705,0.996225637,22
1150,6381,76.578001000,90.509645023,34.844862695,-96.310870952,-0.006036097,-0.072057780,-0.032359161,0.996857124,36
1151,6386,76.638001000,90.479342250,34.844137175,-96.195790463,-0.004965062,-0.063252181,-0.036964096,0.997300439,28
1152,6391,76.698001000,90.446890715,34.840576587,-96.078244001,-0.000534937,-0.054183509,-0.043754949,0.997571735,23
1153,6396,76.758001000,90.408561399,34.843396109,-95.969389503,0.001897952,-0.047602794,-0.037633317,0.998155351,30
1154,6401,76.818001000,90.376527970,34.837759144,-95.858469804,0.002336877,-0.041742218,-0.031266818,0.998636326,23
1155,6406,76.878001000,90.354536009,34.835524282,-95.748120407,0.003047675,-0.036234233,-0.027065855,0.998972087,23
1156,6411,76.938001000,90.324358069,34.827982965,-95.644215297,0.002842503,-0.030793253,-0.022858876,0.999260310,21
1157,6416,76.998001000,90.302145306,34.825670732,-95.531327457,0.002397304,-0.025300669,-0.020783002,0.999460953,24
1158,6421,77.058001000,90.280928695,34.818032690,-95.421556978,0.001298516,-0.016880424,-0.028282841,0.999456575,25
1159,6426,77.118001000,90.248007432,34.801756862,-95.305062640,0.003316000,-0.007638855,-0.042328669,0.999069035,24
1160,6431,77.178001000,90.222201251,34.796396580,-95.190878887,0.005228585,0.000709626,-0.050013721,0.998734592,18
1161,6436,77.238001000,90.183111141,34.784960284,-95.073837181,0.005874582,0.008232987,-0.054155045,0.998481316,15
1162,6441,77.298001000,90.153659465,34.795999536,-94.942926736,0.003580639,0.014038843,-0.048781851,0.998704371,15
1163,6446,77.358001000,90.120093298,34.829584812,-94.817312739,-0.004805914,0.020715549,-0.048244101,0.998609171,19
1164,6451,77.418001000,90.057902059,34.878600195,-94.687516698,-0.016297958,0.025754832,-0.037515877,0.998831129,17
1165,6456,77.478001000,90.016159507,34.888863361,-94.601868387,-0.031067535,0.029139681,-0.022916254,0.998829581,16
1166,6461,77.538001000,89.957020039,34.917453762,-94.484467398,-0.042715737,0.033323417,-0.013058776,0.998445985,25
1167,6466,77.598001000,89.927742996,34.886830365,-94.411489426,-0.049577602,0.036619251,-0.007328732,0.998071832,48
1168,6471,77.658001000,89.890026995,34.852669439,-94.279869681,-0.039356972,0.041165591,-0.001726860,0.998375401,51
1169,6476,77.718001000,89.852100077,34.822452089,-94.167478916,-0.022650723,0.047055486,0.001247894,0.998634652,51
1170,6481,77.778001000,89.808203027,34.798607662,-94.043597532,-0.010888159,0.052822501,0.004226155,0.998535613,51
1171,6486,77.838001000,89.765402308,34.771949324,-93.932446273,-0.003735088,0.058426108,0.006182494,0.998265604,50
1172,6491,77.898001000,89.717348378,34.738269349,-93.795858065,0.000647393,0.063533543,0.008222617,0.997945619,50
1173,6496,77.958001000,89.683504069,34.711751466,-93.682514076,0.003121707,0.066282982,0.008689855,0.997758141,53
1174,6501,78.018001000,89.644951359,34.678260468,-93.561161100,0.004621059,0.067621876,0.008912547,0.997660510,44
1175,6506,78.078001000,89.591897560,34.633590468,-93.438613551,0.005452613,0.068261019,0.011222134,0.997589478,44
1176,6511,78.138001000,89.533411912,34.589044761,-93.315375545,0.008852964,0.059927199,0.045439266,0.997128692,49
1177,6516,78.198001000,89.548823520,34.554572614,-93.239464500,0.010434212,0.056234254,0.059941445,0.996562020,49
1178,6521,78.258001000,89.525628731,34.515868100,-93.128745078,0.008586718,0.060534547,0.041620208,0.997261047,63
1179,6526,78.318001000,89.495932417,34.483824133,-93.017268638,0.008242910,0.063184758,0.028211507,0.997568971,52
1180,6531,78.378001000,89.469649499,34.441850829,-92.878918243,0.008561526,0.065247847,0.018597417,0.997659037,38
1181,6536,78.438001000,89.442680059,34.415340577,-92.760285834,0.008401646,0.066046650,0.012483886,0.997703065,56
1182,6541,78.498001000,89.444074777,34.394846606,-92.646281103,0.008730728,0.065421111,0.009603325,0.997773335,87
1183,6546,78.558001000,89.402206280,34.364852440,-92.524455064,0.008363577,0.066406976,0.008225434,0.997723662,92
1184,6551,78.618001000,89.403700259,34.352103314,-92.408060381,0.008539262,0.065235449,0.006742081,0.997810584,83
1185,6556,78.678001000,89.378455804,34.395806612,-92.296436003,0.000009021,0.065804323,0.001696420,0.997831105,76
1186,6561,78.738001000,89.372576494,34.383827851,-92.190495746,-0.018861247,0.067401351,-0.007414704,0.997520092,111
1187,6566,78.798001000,89.343959234,34.356467076,-92.079503031,-0.028768250,0.068542624,-0.014424675,0.997128991,56
1188,6571,78.858001000,89.323730499,34.328278276,-91.945064026,-0.025652720,0.067863757,-0.015245439,0.997248226,159
1189,6576,78.918001000,89.300969680,34.315864815,-91.840287768,-0.018213156,0.067321083,-0.014914110,0.997453619,151
1190,6581,78.978001000,89.253636178,34.351810725,-91.704837071,-0.011894798,0.066936862,-0.011512531,0.997619883,203
1191,6586,79.038001000,89.244332167,34.343716055,-91.571371553,-0.024159906,0.067409285,-0.008776234,0.997394237,180
1192,6591,79.098001000,89.225236978,34.305040854,-91.458790803,-0.037457606,0.068756541,-0.011908335,0.996858895,154
1193,6596,79.158001000,89.212381132,34.286481576,-91.359841570,-0.040359180,0.069522111,-0.012627372,0.996683682,267
1194,6601,79.218001000,89.187967071,34.299926815,-91.214213521,-0.043562963,0.070608474,-0.013531025,0.996460548,121
1195,6606,79.278001000,89.162151098,34.323173786,-91.083678853,-0.044143295,0.071891720,-0.014770382,0.996325642,271
1196,6611,79.338001000,89.136464647,34.330275752,-90.952347992,-0.056953411,0.072311371,-0.013092157,0.995668605,283
1197,6616,79.398001000,89.106586530,34.285967111,-90.827209237,-0.060001099,0.072057043,-0.009005591,0.995553389,387
1198,6621,79.458001000,89.072001275,34.281717786,-90.671037837,-0.049861826,0.070356580,-0.000558580,0.996274780,394
1199,6626,79.518001000,89.041070586,34.232313116,-90.556353032,-0.036355791,0.068877007,0.002409326,0.996959583,386
1200,6631,79.578001000,89.022489795,34.226972836,-90.375194723,-0.019333344,0.067483348,0.004233448,0.997524084,299
1201,6636,79.638001000,88.992698535,34.206189368,-90.243973645,-0.015222369,0.066388651,0.006549123,0.997656221,406
1202,6641,79.698001000,88.970054596,34.194104127,-90.088352959,-0.023066712,0.065763738,0.008205722,0.997534823,411
1203,6646,79.758001000,88.953094748,34.156668249,-89.921149195,-0.038516515,0.064862969,0.010911274,0.997090877,480
1204,6659,79.914001000,88.911472852,34.045602088,-89.466789375,-0.032785107,0.064797176,0.010641589,0.997302973,360
1205,6665,79.986001000,88.889778492,34.003503853,-89.268600105,-0.024140463,0.064748523,0.009688815,0.997562526,494
1206,6686,80.238001000,88.831755583,33.879490005,-88.619168695,-0.037547934,0.050936808,-0.000118927,0.997995782,321
1207,6700,80.406001000,88.817740986,33.758819203,-88.109446282,-0.052329166,0.036889195,-0.005629578,0.997932439,355
1208,6712,80.550001000,88.807383197,33.653423029,-87.661892109,-0.049035633,0.025120239,-0.009093077,0.998439681,285
1209,6722,80.670001000,88.822887197,33.547387696,-87.235935110,-0.036672059,0.025189066,-0.023482945,0.998733810,367
1210,6730,80.766001000,88.803700444,33.475881138,-86.960073446,-0.014201926,0.027012814,-0.026091778,0.999193591,354
1211,6741,80.898001000,88.788727656,33.368730203,-86.604581073,-0.010012846,0.031849936,-0.025823666,0.999108834,207
1212,6754,81.054001000,88.759361263,33.249629867,-86.167972730,-0.024465633,0.038146459,-0.009750524,0.998925026,104
1213,6759,81.114001000,88.752694367,33.190816629,-86.001464297,-0.051203399,0.039265602,-0.004833072,0.997904337,123
1214,6764,81.174001000,88.755607417,33.114841400,-85.818513334,-0.072374602,0.041277629,-0.001167007,0.996522309,47
1215,6769,81.234001000,88.753220001,33.041546035,-85.636817613,-0.077161314,0.044543178,-0.006115473,0.996004336,212
1216,6774,81.294001000,88.740118769,32.969678519,-85.462625172,-0.068710203,0.047691416,-0.011163164,0.996433551,154
1217,6779,81.354001000,88.736569249,32.937339718,-85.274080543,-0.078164703,0.049356294,-0.009347764,0.995674071,48
1218,6784,81.414001000,88.730254363,32.811880230,-85.040490437,-0.091536257,0.051049102,-0.007528174,0.994463890,118
1219,6789,81.474001000,88.717162579,32.719635935,-84.837217065,-0.057485000,0.052467944,-0.004444987,0.996956785,100
1220,6794,81.534001000,88.709430661,32.649335265,-84.629885598,-0.029333388,0.053153763,-0.001015948,0.998154897,70
1221,6799,81.594001000,88.703673922,32.589636673,-84.424083113,-0.012714462,0.053858777,-0.000271708,0.998467576,143
1222,6804,81.654001000,88.697564116,32.511761600,-84.183748649,-0.003028636,0.054029918,0.000676186,0.998534495,113
1223,6809,81.714001000,88.690577868,32.428156011,-83.957457223,0.002309592,0.054227778,0.000970835,0.998525449,65
1224,6814,81.774001000,88.690346640,32.335637332,-83.725104933,0.006004074,0.053987083,0.001126685,0.998522947,185
1225,6819,81.834001000,88.678350537,32.247146859,-83.498480396,0.007524176,0.055450479,0.001751903,0.998431551,185
1226,6824,81.894001000,88.676801589,32.166887383,-83.263135605,0.008580805,0.055910591,0.001716872,0.998397430,144
1227,6829,81.954001000,88.670970111,32.081730521,-83.024298216,0.009369143,0.057160164,0.002697581,0.998317413,110
1228,6834,82.014001000,88.669972576,31.997637834,-82.793639411,0.009197886,0.058011371,0.002070954,0.998271401,54
1229,6839,82.074001000,88.666491236,31.906224166,-82.561340755,0.009469840,0.059617313,0.003241201,0.998171124,56
1230,6844,82.134001000,88.668272522,31.820396196,-82.299486111,0.009769068,0.062230768,0.004424580,0.998004168,125
1231,6849,82.194001000,88.660877714,31.739978858,-82.085467110,0.009601688,0.063685758,0.005350732,0.997909466,92
1232,6854,82.254001000,88.662680526,31.662231707,-81.857551149,0.009496526,0.064902106,0.004723621,0.997835267,67
1233,6859,82.314001000,88.661790832,31.585606573,-81.616867291,0.009568287,0.065666838,0.005923109,0.997778147,67
1234,6864,82.374001000,88.666591835,31.504572992,-81.385468856,0.010631992,0.066187413,0.007424909,0.997722936,103
1235,6869,82.434001000,88.676484824,31.448968581,-81.143311205,0.009820608,0.065895702,0.006846278,0.997754700,53
1236,6874,82.494001000,88.673135761,31.385401348,-80.934271931,0.009037449,0.063570651,0.005463174,0.997921465,37
1237,6879,82.554001000,88.683800670,31.324487552,-80.701521418,0.008380222,0.059707662,0.004902607,0.998168689,24
1238,6884,82.614001000,88.684964051,31.261035389,-80.479036125,0.007455396,0.055292899,0.003595839,0.998435868,26
1239,6889,82.674001000,88.683108716,31.210315243,-80.272952401,0.008200669,0.051610270,0.003395903,0.998627857,30
1240,6894,82.734001000,88.687713490,31.149577194,-80.064231185,0.006533099,0.047488999,0.002158044,0.998848065,34
1241,6899,82.794001000,88.685680512,31.105268724,-79.846756023,0.008090600,0.045018879,-0.000478095,0.998953259,15
1242,6904,82.854001000,88.696629563,31.046493777,-79.619947065,0.008534323,0.041172598,-0.001560061,0.999114382,13
1243,6909,82.914001000,88.700408018,30.991245091,-79.404437233,0.009139703,0.037617117,-0.002995405,0.999245939,24
1244,6914,82.974001000,88.710644818,30.935516322,-79.199532475,0.009147433,0.034827268,-0.004318454,0.999342152,26
1245,6919,83.034001000,88.716256798,30.880379262,-78.980267471,0.008913881,0.033964275,-0.004906534,0.999371251,19
1246,6924,83.094001000,88.723149987,30.829582710,-78.762341903,0.008914432,0.034349059,-0.004832028,0.999358457,21
1247,6929,83.154001000,88.735973908,30.783783969,-78.530897806,0.008981026,0.037044492,-0.003582500,0.999266837,34
1248,6934,83.214001000,88.743568795,30.728005400,-78.316651624,0.008253551,0.038662544,-0.003245748,0.999212966,46
1249,6939,83.274001000,88.751569753,30.674064627,-78.099325192,0.008747937,0.039558741,-0.003083215,0.999174196,27
1250,6944,83.334001000,88.767280283,30.616333983,-77.882277357,0.008901490,0.039883627,-0.002811706,0.999160725,37
1251,6949,83.394001000,88.771049498,30.560142974,-77.681015842,0.008824696,0.042484848,-0.001726094,0.999056647,34
1252,6954,83.454001000,88.784519941,30.494293036,-77.485257911,0.008388262,0.046148946,-0.001141584,0.998898698,31
1253,6959,83.514001000,88.795152542,30.423048952,-77.262479202,0.008647851,0.049824708,-0.000504161,0.998720411,23
1254,6964,83.574001000,88.803895918,30.354207417,-77.065812301,0.008848784,0.051978023,0.000691207,0.998608785,21
1255,6969,83.634001000,88.806033858,30.285264712,-76.870552782,0.008778368,0.053767469,0.000995016,0.998514401,13
1256,6974,83.694001000,88.813473005,30.213695763,-76.680748906,0.008769804,0.054932789,0.001704958,0.998450085,16
1257,6979,83.754001000,88.824376251,30.133540246,-76.495630684,0.007431324,0.055553141,0.001324985,0.998427197,12
1258,6984,83.814001000,88.835690492,30.058468569,-76.307249304,0.007787631,0.056148263,0.001408820,0.998391076,15
1259,6989,83.874001000,88.837540823,29.980525757,-76.108637117,0.008079618,0.058148242,0.002177481,0.998272889,17
1260,6994,83.934001000,88.841755937,29.914618712,-75.919161582,0.007890365,0.057974815,0.001518248,0.998285710,15
1261,6999,83.994001000,88.845962165,29.841156698,-75.738566769,0.008059875,0.058039425,0.000595939,0.998281578,15
1262,7004,84.054001000,88.844240648,29.754457689,-75.556009209,0.008223944,0.058237598,0.000662388,0.998268656,15
1263,7009,84.114001000,88.846985398,29.689802912,-75.377462233,0.010441440,0.059416593,0.000645003,0.998178455,7
1264,7014,84.174001000,88.859541352,29.601648154,-75.191669485,0.010405665,0.060307445,0.001267934,0.998124805,8
1265,7019,84.234001000,88.870651146,29.517783428,-75.010844446,0.010342297,0.063276810,0.002430056,0.997939466,7
1266,7024,84.294001000,88.877562533,29.441860305,-74.837141482,0.009155255,0.065600287,0.004569379,0.997793518,3
1267,7029,84.354001000,88.902191700,29.359989073,-74.649594747,0.007724152,0.068030180,0.006860249,0.997629776,3
1268,7034,84.414001000,88.898183051,29.331956511,-74.396559059,0.001075086,0.072671290,0.002181752,0.997352981,2
1269,7039,84.474001000,88.938804915,29.249895088,-74.197084109,-0.017657986,0.077636373,-0.010862182,0.996766172,5
1270,7044,84.534001000,88.915085484,29.136283209,-74.034652438,-0.020658745,0.079927280,-0.012922928,0.996502807,7
1271,7049,84.594001000,88.880433181,29.059335356,-73.800888123,-0.009957066,0.079316511,-0.004223453,0.996790806,7
1272,7054,84.654001000,88.881321349,29.016807102,-73.584701831,-0.005034458,0.077281629,0.002334719,0.996993858,4
1273,7059,84.714001000,88.891648368,28.912910215,-73.379992002,-0.006247676,0.074483754,0.005199422,0.997189101,1
1274,7064,84.774001000,88.863550326,28.831948249,-73.159229881,-0.004072621,0.071250542,0.006363372,0.997429838,1
1275,7069,84.834001000,88.852158162,28.761495908,-72.934672414,0.002262328,0.067808755,0.001722800,0.997694285,1
1276,7074,84.894001000,88.821952828,28.684800333,-72.706443408,0.006497404,0.064770386,-0.004743619,0.997867766,0
1277,7079,84.954001000,88.856418922,28.616058504,-72.493792981,0.009862780,0.057253573,-0.004204876,0.998302095,1
1278,7084,85.014001000,88.871948796,28.555117586,-72.262780395,0.010076802,0.049644139,-0.002496941,0.998713013,1
1279,7089,85.074001000,88.823123150,28.468293465,-72.021671345,0.010046659,0.043932759,-0.001842774,0.998982273,2
1280,7094,85.134001000,88.777669543,28.405584014,-71.764226008,0.010056458,0.038850197,-0.002422671,0.999191503,1
1281,7099,85.194001000,88.746768567,28.348156762,-71.536523746,0.010229974,0.033956303,-0.002745142,0.999367190,2
1282,7104,85.254001000,88.746335164,28.304443303,-71.292567555,0.010450876,0.029810809,-0.004533737,0.999490640,2
1283,7109,85.314001000,88.768542716,28.292967012,-71.075819938,0.010625986,0.024942279,-0.005777219,0.999615724,1
1284,7114,85.374001000,88.783253369,28.280765350,-70.849870497,0.005130086,0.020264178,-0.006125188,0.999762736,2
1285,7119,85.434001000,88.771934614,28.266405607,-70.611247552,-0.000810885,0.017315534,-0.007669849,0.999820328,0
1286,7124,85.494001000,88.779010336,28.262392083,-70.361363198,-0.001748120,0.014582044,-0.009301623,0.999848883,2
1287,7129,85.554001000,88.798820153,28.315380195,-70.110022737,0.004615634,0.011639841,-0.009117841,0.999880030,1
1288,7134,85.614001000,88.789068253,28.384900179,-69.835733875,0.004178812,0.009430072,-0.008763499,0.999908402,2
1289,7139,85.674001000,88.752956225,28.378681315,-69.616074982,0.002331756,0.008755264,-0.008770447,0.999920491,3
1290,7144,85.734001000,88.706409895,28.406085678,-69.382486252,0.000299761,0.008620864,-0.009160423,0.999920836,3
1291,7149,85.794001000,88.768803489,28.451391307,-69.174264977,0.001718297,0.005262163,-0.008887189,0.999945186,4
1292,7154,85.854001000,88.741027906,28.503670479,-68.909400413,0.004920391,0.004798859,-0.008362627,0.999941412,6
1293,7159,85.914001000,88.720671423,28.549566637,-68.676376564,0.006281259,0.005304732,-0.008903318,0.999926566,3
1294,7164,85.974001000,88.738194689,28.589617593,-68.436879733,0.006797668,0.005292465,-0.008947673,0.999922857,4
1295,7169,86.034001000,88.735958120,28.649566641,-68.194514318,0.001706070,0.006209913,-0.008418546,0.999943826,9
1296,7174,86.094001000,88.712356439,28.671039055,-67.974432337,-0.005052073,0.008213412,-0.006163925,0.999934509,14
1297,7179,86.154001000,88.714029231,28.668219729,-67.763958115,-0.004821654,0.011019707,-0.007078397,0.999902602,12
1298,7184,86.214001000,88.717267711,28.669172026,-67.562194395,0.002105469,0.013130363,-0.006003296,0.999893555,23
1299,7189,86.274001000,88.718044137,28.653287419,-67.371570135,0.005950733,0.016796163,-0.005876322,0.999823958,20
1300,7194,86.334001000,88.724812920,28.633905600,-67.157649611,0.008681044,0.021007907,-0.004216037,0.999732730,23
1301,7199,86.394001000,88.716600430,28.611982138,-66.977861478,0.010018817,0.026464034,-0.003428712,0.999593679,27
1302,7204,86.454001000,88.723151502,28.581456671,-66.786159347,0.010421784,0.029221176,-0.003592193,0.999512184,36
1303,7209,86.514001000,88.718449335,28.549036512,-66.608139982,0.011756920,0.032473715,-0.002750611,0.999399653,29
1304,7214,86.574001000,88.739048851,28.523273526,-66.415104356,0.012534270,0.034099245,-0.001579420,0.999338601,27
1305,7219,86.634001000,88.726257814,28.466926799,-66.231355940,0.020795431,0.036380017,-0.001326301,0.999120756,13
1306,7224,86.694001000,88.722570839,28.429713261,-66.043932874,0.034847658,0.037629303,-0.001152751,0.998683307,3
1307,7229,86.754001000,88.722736615,28.450766702,-65.839406286,0.042498752,0.038836726,-0.001396892,0.998340430,0
1308,7234,86.814001000,88.714296756,28.429290263,-65.661190358,0.044879095,0.040153702,-0.001876941,0.998183362,6
1309,7239,86.874001000,88.726111090,28.436789871,-65.456419034,0.043416099,0.040536459,-0.002235797,0.998231856,7
1310,7244,86.934001000,88.709768777,28.438694658,-65.274314747,0.033062818,0.039919832,-0.001363007,0.998654795,12
1311,7249,86.994001000,88.713688163,28.410129417,-65.127657624,0.024356983,0.035461058,-0.001839193,0.999072504,18
1312,7254,87.054001000,88.728958216,28.364693434,-64.962285290,0.020257056,0.030045077,-0.007983829,0.999311365,15
1313,7259,87.114001000,88.755581672,28.310563483,-64.838589471,0.021961021,0.021535614,-0.017475989,0.999374064,14
1314,7264,87.174001000,88.765912067,28.257321090,-64.662588575,0.026895809,0.013402012,-0.028349644,0.999146285,8
1315,7269,87.234001000,88.777510204,28.239051133,-64.523751357,0.033338270,0.002974881,-0.033268979,0.998885822,3
1316,7274,87.294001000,88.788207486,28.235837339,-64.362276547,0.034558644,-0.008818089,-0.030224956,0.998906599,27
1317,7279,87.354001000,88.783896275,28.184947060,-64.220845714,0.028389113,-0.020638805,-0.026432097,0.999034255,43
1318,7284,87.414001000,88.765372898,28.129773155,-64.102425180,0.022390372,-0.032289823,-0.025876043,0.998892621,65
1319,7289,87.474001000,88.768165199,28.066176237,-63.979336157,0.019234787,-0.046322139,-0.026353951,0.998393586,67
1320,7294,87.534001000,88.758212678,28.011974995,-63.845925724,0.016106829,-0.060486393,-0.029526197,0.997602210,77
1321,7299,87.594001000,88.729099540,27.955385753,-63.713656392,0.013476749,-0.073835924,-0.032509870,0.996649257,136
1322,7304,87.654001000,88.718701836,27.887418164,-63.565318362,0.011392417,-0.088068071,-0.037040830,0.995360339,128
1323,7309,87.714001000,88.697346741,27.821987460,-63.428332528,0.010054467,-0.103065383,-0.042491348,0.993715714,117
1324,7314,87.774001000,88.679846388,27.745828313,-63.327094527,0.010220060,-0.118445097,-0.047104471,0.991790037,71
1325,7319,87.834001000,88.668640412,27.679553950,-63.207159031,0.010023066,-0.132642519,-0.051935816,0.989751571,30
1326,7324,87.894001000,88.650384218,27.615920840,-63.089899648,0.009482069,-0.146611014,-0.056880702,0.987511968,3
1327,7329,87.954001000,88.619404821,27.556864765,-62.960932112,0.007008867,-0.160349727,-0.061554584,0.985114143,2
1328,7334,88.014001000,88.612837290,27.511414143,-62.819215469,0.002292153,-0.173244971,-0.067197114,0.982581027,1
1329,7339,88.074001000,88.632825484,27.438085679,-62.688528601,-0.002472305,-0.185062352,-0.072096165,0.980075485,1
1330,7344,88.134001000,88.648440620,27.388679646,-62.550265963,-0.007002321,-0.193988942,-0.076252157,0.978010668,7
1331,7349,88.194001000,88.635909617,27.323382302,-62.415527857,-0.008825015,-0.199863807,-0.079057342,0.976589225,4
1332,7354,88.254001000,88.627974100,27.302252992,-62.278051047,-0.005342341,-0.204690114,-0.081432594,0.975418961,9
1333,7359,88.314001000,88.675722000,27.262959189,-62.102727326,-0.006382340,-0.210132657,-0.082822170,0.974137578,10
1334,7364,88.374001000,88.676428931,27.228870667,-61.963778707,-0.000493727,-0.214261640,-0.081718847,0.973351805,8
1335,7369,88.434001000,88.641702851,27.204089944,-61.820374648,0.002861556,-0.215655002,-0.081085475,0.973092944,3
1336,7374,88.494001000,88.616914236,27.190331530,-61.669418711,0.005885126,-0.216906359,-0.080231392,0.972871996,5
1337,7379,88.554001000,88.600739072,27.160235221,-61.537905569,0.008343852,-0.217628044,-0.079962636,0.972714959,8
1338,7384,88.614001000,88.569249092,27.150350158,-61.388950974,0.011581051,-0.215830128,-0.085244638,0.972633840,9
1339,7389,88.674001000,88.536556050,27.142787827,-61.248458883,0.013493460,-0.214538818,-0.088289741,0.972623228,17
1340,7394,88.734001000,88.486339346,27.131618517,-61.106056268,0.014881569,-0.213565127,-0.090571778,0.972607438,12
1341,7399,88.794001000,88.429698375,27.115842014,-60.977409461,0.015227839,-0.214085385,-0.092500895,0.972306096,11
1342,7404,88.854001000,88.392335807,27.104161633,-60.829960013,0.015737603,-0.217363383,-0.095587568,0.971271592,9
1343,7409,88.914001000,88.355229024,27.104941750,-60.684024477,0.019132888,-0.220954261,-0.104666181,0.969462809,10
1344,7414,88.974001000,88.320310519,27.098048020,-60.561188018,0.019925282,-0.226226679,-0.111572253,0.967458581,10
1345,7419,89.034001000,88.284024351,27.112370158,-60.428361588,0.023371906,-0.231124797,-0.121959635,0.964966802,10
1346,7424,89.094001000,88.231977407,27.128845566,-60.276332292,0.025512463,-0.238132121,-0.128835988,0.962311538,13
1347,7429,89.154001000,88.185439708,27.151891595,-60.143399797,0.025509280,-0.246767813,-0.129818826,0.960001039,14
1348,7434,89.214001000,88.133485479,27.172642258,-60.010588599,0.023511357,-0.257947632,-0.120560363,0.958319067,13
1349,7439,89.274001000,88.084879180,27.183661509,-59.891182923,0.019015739,-0.269915696,-0.110705690,0.956309662,26
1350,7444,89.334001000,88.033939413,27.168949240,-59.773771664,0.016307313,-0.280843448,-0.105041478,0.953848687,23
1351,7449,89.394001000,87.987064140,27.152332384,-59.663519537,0.014255662,-0.289312393,-0.101622774,0.951718407,37
1352,7454,89.454001000,87.935678134,27.151020506,-59.542561326,0.011883818,-0.295550771,-0.100595233,0.949941638,62
1353,7459,89.514001000,87.873020153,27.142488974,-59.427320765,0.005762910,-0.299856076,-0.101860531,0.948513339,82
1354,7464,89.574001000,87.816627422,27.124878029,-59.312368279,0.001991970,-0.304652367,-0.104949298,0.946661826,101
1355,7469,89.634001000,87.758015085,27.114541846,-59.194003315,0.003544257,-0.309369178,-0.105182504,0.945100413,161
1356,7474,89.694001000,87.697633698,27.124622663,-59.084180357,0.003597209,-0.313523546,-0.105743998,0.943667448,203
1357,7479,89.754001000,87.627325930,27.121642061,-58.962603778,-0.002367073,-0.317561039,-0.108623673,0.941992718,210
1358,7484,89.814001000,87.571105785,27.114759364,-58.854429478,-0.005783294,-0.321680611,-0.110933391,0.940309482,236
1359,7489,89.874001000,87.510956017,27.111537752,-58.748691808,-0.009678471,-0.324557446,-0.113730940,0.938953708,236
1360,7494,89.934001000,87.444472617,27.102135389,-58.632323305,-0.008800191,-0.327040532,-0.117734826,0.937606291,269
1361,7499,89.994001000,87.378852175,27.108700944,-58.510602334,-0.006050208,-0.328295697,-0.124307055,0.936340262,358
1362,7504,90.054001000,87.307786931,27.126429389,-58.386941623,-0.007222326,-0.329055731,-0.128411089,0.935510960,378
1363,7509,90.114001000,87.232671190,27.117976738,-58.259232379,-0.011503829,-0.330510431,-0.125342933,0.935371405,346
1364,7514,90.174001000,87.162619310,27.128252697,-58.149698312,-0.015286640,-0.332233606,-0.124101034,0.934872228,377
1365,7519,90.234001000,87.082019317,27.118289147,-58.016066909,-0.019887487,-0.333733904,-0.123979306,0.934267254,353
1366,7524,90.294001000,87.007376490,27.116412492,-57.884542516,-0.021255990,-0.335387377,-0.123286979,0.933736478,265
1367,7529,90.354001000,86.923335235,27.111049380,-57.753375374,-0.022841686,-0.336928378,-0.122761912,0.933213287,355
1368,7534,90.414001000,86.829518673,27.116970619,-57.616477341,-0.025623964,-0.337750442,-0.124212869,0.932651711,366
1369,7539,90.474001000,86.751237133,27.115949392,-57.480869160,-0.035274662,-0.336988237,-0.131225537,0.931651482,377
1370,7544,90.534001000,86.661226560,27.105732940,-57.348849418,-0.041939893,-0.335325201,-0.137297657,0.931100107,398
1371,7549,90.594001000,86.574553040,27.111395008,-57.215269604,-0.043771809,-0.335353898,-0.137176082,0.931023370,408
1372,7554,90.654001000,86.474194529,27.107246846,-57.083873404,-0.046419457,-0.335264524,-0.135952826,0.931106740,197
1373,7559,90.714001000,86.354791728,27.105205322,-56.951251640,-0.049965451,-0.333862703,-0.136112546,0.931403524,353
1374,7564,90.774001000,86.251937695,27.107810786,-56.812101054,-0.051975461,-0.332813314,-0.135858836,0.931706084,329
1375,7569,90.834001000,86.150924715,27.092464126,-56.665066245,-0.054437815,-0.332427352,-0.135399727,0.931770087,347
1376,7574,90.894001000,86.033210359,27.089690104,-56.519236473,-0.057785190,-0.330945857,-0.136223848,0.931975737,319
1377,7579,90.954001000,85.920729702,27.090100652,-56.369894801,-0.071933609,-0.326484928,-0.142559495,0.931616841,342
1378,7584,91.014001000,85.795569935,27.043923602,-56.213531654,-0.082395394,-0.323740663,-0.147009631,0.931016192,317
1379,7589,91.074001000,85.662709865,27.000650515,-56.052563653,-0.074850197,-0.323679703,-0.144794907,0.932021101,236
1380,7594,91.134001000,85.534815856,26.978796608,-55.887189236,-0.060529210,-0.325328775,-0.136360192,0.933757624,338
1381,7599,91.194001000,85.400591719,26.965953390,-55.720730683,-0.061521753,-0.324137002,-0.135570723,0.934222060,335
1382,7604,91.254001000,85.257315169,26.932395639,-55.549880351,-0.060667310,-0.323684538,-0.134266539,0.934623076,372
1383,7609,91.314001000,85.126816266,26.911608009,-55.378425012,-0.061374091,-0.322967759,-0.134645060,0.934770429,359
1384,7614,91.374001000,84.997658978,26.893503781,-55.219243520,-0.070822154,-0.321119629,-0.136838953,0.934420412,333
1385,7619,91.434001000,84.860880460,26.843396514,-55.049456042,-0.085184964,-0.318779885,-0.141240089,0.933367100,370
1386,7624,91.494001000,84.693251774,26.777548834,-54.855276334,-0.086310040,-0.317625208,-0.146142914,0.932902488,409
1387,7629,91.554001000,84.513427805,26.704544198,-54.652984034,-0.075287528,-0.320173071,-0.141605017,0.933685713,172
1388,7634,91.614001000,84.339475226,26.655371558,-54.453938552,-0.056213560,-0.323273806,-0.133757717,0.935116546,461
1389,7639,91.674001000,84.172937970,26.607063150,-54.257733399,-0.046832474,-0.324916946,-0.130320079,0.935549237,438
1390,7644,91.734001000,83.983925002,26.532818004,-54.053979614,-0.031602764,-0.328171730,-0.124996538,0.935777990,233
1391,7649,91.794001000,83.815803941,26.473019542,-53.850812628,-0.012481239,-0.331600014,-0.117386417,0.936005384,296
1392,7654,91.854001000,83.639683618,26.420800121,-53.649521429,-0.000624570,-0.333928540,-0.112944173,0.935807114,229
1393,7659,91.914001000,83.465955562,26.354024687,-53.445844126,0.006255206,-0.335759996,-0.110820650,0.935384884,201
1394,7664,91.974001000,83.277308256,26.293679931,-53.256892480,0.010855733,-0.336242827,-0.108537344,0.935437095,169
1395,7669,92.034001000,83.101548129,26.219811710,-53.059348818,0.013234542,-0.337267081,-0.108408936,0.935052547,144
1396,7674,92.094001000,82.929718668,26.152383047,-52.875358912,0.013338047,-0.337306512,-0.109076085,0.934959262,134
1397,7679,92.154001000,82.776885664,26.070199177,-52.681420402,0.013960427,-0.338420215,-0.109613883,0.934484704,144
1398,7684,92.214001000,82.610395553,25.993425131,-52.498406167,0.013612051,-0.338852284,-0.110585746,0.934218729,131
1399,7689,92.274001000,82.456615220,25.915497971,-52.319424874,0.013866068,-0.339160087,-0.111753790,0.933964270,138
1400,7694,92.334001000,82.295017240,25.846363475,-52.137107071,0.013653247,-0.339048923,-0.112603858,0.933905663,105
1401,7699,92.394001000,82.144230165,25.773531993,-51.967505941,0.014299553,-0.338934933,-0.112582328,0.933939963,161
1402,7704,92.454001000,81.998317834,25.697579625,-51.805652779,0.012683384,-0.338699075,-0.113094495,0.933986993,179
1403,7709,92.514001000,81.822673878,25.623497107,-51.627616953,0.011513532,-0.337838222,-0.113984654,0.934205691,208
1404,7714,92.574001000,81.686960936,25.562388645,-51.457981430,0.012160942,-0.338511530,-0.114315231,0.933913317,158
1405,7719,92.634001000,81.530722888,25.507502014,-51.256522544,0.011760414,-0.339386111,-0.114041084,0.933634507,272
1406,7724,92.694001000,81.396529355,25.451901599,-51.067046241,0.012621693,-0.340122436,-0.113773537,0.933387917,288
1407,7729,92.754001000,81.227041214,25.402435442,-50.902901790,0.012501272,-0.339139666,-0.113662191,0.933760628,292
1408,7734,92.814001000,81.060880075,25.357580726,-50.734162612,0.012509253,-0.339112579,-0.113423947,0.933799328,363
1409,7739,92.874001000,80.888297173,25.317997601,-50.572930596,0.011275084,-0.339502694,-0.115273257,0.933446768,250
1410,7744,92.934001000,80.740169051,25.268964692,-50.404684477,0.012438075,-0.343172419,-0.115224421,0.932095123,213
1411,7749,92.994001000,80.593053488,25.217949317,-50.215003600,0.012707564,-0.345701484,-0.116542760,0.930992367,346
1412,7754,93.054001000,80.441689605,25.179152550,-50.049848822,0.013392035,-0.348158249,-0.117392323,0.929959961,243
1413,7759,93.114001000,80.296177282,25.147279843,-49.882294651,0.013016866,-0.350125809,-0.117562284,0.929204815,218
1414,7764,93.174001000,80.142452367,25.112086133,-49.714720285,0.011216879,-0.351303098,-0.118861016,0.928618530,117
1415,7769,93.234001000,79.998502422,25.074429841,-49.548597655,0.010492137,-0.353166408,-0.119462741,0.927842690,94
1416,7774,93.294001000,79.855499318,25.035954724,-49.395896553,0.009860282,-0.354881638,-0.120121540,0.927109817,199
1417,7779,93.354001000,79.704138255,25.011447203,-49.236357118,0.010084165,-0.355272158,-0.120420903,0.926918987,103
1418,7784,93.414001000,79.567953733,25.002614130,-49.090284839,0.007897841,-0.355263130,-0.122030744,0.926733095,157
1419,7789,93.474001000,79.426163890,24.974230999,-48.929629385,-0.004653291,-0.353704580,-0.126676435,0.926727845,153
1420,7794,93.534001000,79.281362426,24.943909683,-48.765108187,-0.002124597,-0.354530733,-0.125178454,0.926624951,216
1421,7799,93.594001000,79.133419234,24.934877576,-48.609200413,0.003061128,-0.355094932,-0.123564013,0.926622983,175
1422,7804,93.654001000,78.994123821,24.933688031,-48.451900286,0.006412718,-0.355632582,-0.122962891,0.926479612,145
1423,7809,93.714001000,78.846990627,24.927496679,-48.297805247,0.007739531,-0.355404995,-0.121500598,0.926749693,153
1424,7814,93.774001000,78.698508720,24.928458630,-48.125607637,0.008106893,-0.357991849,-0.122274696,0.925648429,109
1425,7819,93.834001000,78.546332847,24.920259512,-47.962433493,0.008538100,-0.359841585,-0.122551549,0.924890400,245
1426,7824,93.894001000,78.405672288,24.932121859,-47.811285722,0.010298927,-0.362582762,-0.126174391,0.923313433,99
1427,7829,93.954001000,78.274933728,24.918624341,-47.623626039,0.017479674,-0.359980296,-0.140420131,0.922166381,198
1428,7834,94.014001000,78.120210943,24.930081352,-47.499117409,0.021617857,-0.358553504,-0.145309446,0.921877008,220
1429,7839,94.074001000,77.945357470,24.938990882,-47.355498581,0.020327850,-0.359478290,-0.141284775,0.922171757,204
1430,7844,94.134001000,77.808095260,24.936017587,-47.216668024,0.015111725,-0.362672252,-0.132608304,0.922309878,183
1431,7849,94.194001000,77.657743714,24.925624055,-47.070321660,0.013189093,-0.364916175,-0.127600858,0.922160644,150
1432,7854,94.254001000,77.515763496,24.922809613,-46.937096694,0.009375298,-0.366075392,-0.124398553,0.922185400,150
1433,7859,94.314001000,77.362633865,24.906835775,-46.803341188,0.007918084,-0.366149745,-0.124182432,0.922198672,151
1434,7864,94.374001000,77.226236200,24.886657640,-46.668159504,0.006027765,-0.364347489,-0.123562605,0.923009673,148
1435,7869,94.434001000,77.076472023,24.857215193,-46.542028905,0.005633204,-0.362287333,-0.122575041,0.923954282,187
1436,7874,94.494001000,76.922663657,24.833169288,-46.409840972,0.005421340,-0.360892261,-0.121884112,0.924592693,180
1437,7879,94.554001000,76.773754963,24.807702277,-46.289536409,0.004834933,-0.359730325,-0.122113209,0.925018422,180
1438,7884,94.614001000,76.625971471,24.770185357,-46.169659914,0.004845446,-0.359219263,-0.123038666,0.925094336,182
1439,7889,94.674001000,76.487965945,24.730607763,-46.051508767,0.004695970,-0.358216754,-0.123593118,0.925409880,151
1440,7894,94.734001000,76.326743502,24.688820971,-45.933748573,0.004703813,-0.357502223,-0.124186540,0.925606686,138
1441,7899,94.794001000,76.177317016,24.647432007,-45.827236250,0.004129496,-0.357647319,-0.124340037,0.925532764,120
1442,7904,94.854001000,76.039351218,24.602798782,-45.711374944,0.003350103,-0.358534097,-0.125347837,0.925056754,97
1443,7909,94.914001000,75.880311831,24.554534709,-45.600662771,0.003647856,-0.359001163,-0.125961291,0.924791118,82
1444,7914,94.974001000,75.731978113,24.509870696,-45.487093064,0.004522215,-0.360075561,-0.125889262,0.924379269,86
1445,7919,95.034001000,75.586410769,24.464257125,-45.373964009,0.004104852,-0.361108938,-0.126404391,0.923907688,77
1446,7924,95.094001000,75.435981849,24.412524326,-45.256875668,0.004586595,-0.362067239,-0.126936988,0.923457242,58
1447,7929,95.154001000,75.291924490,24.360262580,-45.147954232,0.005135808,-0.363373345,-0.127219195,0.922902331,52
1448,7934,95.214001000,75.147362963,24.309344786,-45.045640813,0.005280956,-0.364215894,-0.127282446,0.922560607,66
1449,7939,95.274001000,75.001665256,24.254835865,-44.942837886,0.005415138,-0.364991971,-0.127343564,0.922244628,47
1450,7944,95.334001000,74.853454437,24.208084547,-44.840352078,0.005952139,-0.365314367,-0.128082046,0.922011375,61
1451,7949,95.394001000,74.705538134,24.154474394,-44.735684418,0.006694996,-0.365763226,-0.127801076,0.921867303,28
1452,7954,95.454001000,74.560717089,24.090195017,-44.624136356,0.005931530,-0.365895946,-0.128124595,0.921774952,72
1453,7959,95.514001000,74.403240680,24.039202103,-44.519898846,0.005943313,-0.365160546,-0.128594493,0.922001035,86
1454,7964,95.574001000,74.258261708,23.987377844,-44.426245957,0.005871340,-0.365528451,-0.127543968,0.922001635,64
1455,7969,95.634001000,74.110170654,23.928249345,-44.323137525,0.006153014,-0.365285232,-0.127992566,0.922034025,59
1456,7974,95.694001000,73.954769201,23.862535608,-44.214081336,0.006481268,-0.365716415,-0.127964188,0.921864775,76
1457,7979,95.754001000,73.810851419,23.814050254,-44.122135616,0.006394158,-0.365560632,-0.127780164,0.921952693,81
1458,7984,95.814001000,73.670213981,23.762157739,-44.026897573,0.006017412,-0.365544760,-0.127770347,0.921962883,52
1459,7989,95.874001000,73.539857846,23.741757635,-43.938398210,-0.001436954,-0.364376133,-0.130162009,0.922109441,26
1460,7994,95.934001000,73.382708074,23.667246600,-43.840783690,-0.020731250,-0.361852703,-0.139197713,0.921551319,132
1461,7999,95.994001000,73.205350540,23.601299508,-43.719293984,-0.031727092,-0.360521264,-0.143453069,0.921107500,131
1462,8004,96.054001000,73.057777437,23.568825135,-43.597226264,-0.035724510,-0.360744905,-0.144349809,0.920733406,80
1463,8009,96.114001000,72.884175157,23.503259597,-43.472162502,-0.044456790,-0.359751138,-0.148365566,0.920103457,115
1464,8014,96.174001000,72.711051746,23.442681217,-43.353219488,-0.049049620,-0.359129729,-0.150136385,0.919825548,134
1465,8019,96.234001000,72.542524716,23.377275437,-43.245412432,-0.043674964,-0.360329259,-0.147303463,0.920085329,103
1466,8024,96.294001000,72.372281843,23.302421104,-43.134473232,-0.034664153,-0.361858945,-0.144071000,0.920380382,131
1467,8029,96.354001000,72.200417117,23.248136383,-43.026656615,-0.018038758,-0.364780301,-0.137716031,0.920675963,94
1468,8034,96.414001000,72.039302657,23.202477873,-42.919197969,-0.008164672,-0.367085920,-0.133913456,0.920461000,83
1469,8039,96.474001000,71.871629584,23.145435639,-42.807261819,-0.001090389,-0.369184494,-0.131476226,0.920008490,97
1470,8044,96.534001000,71.705625134,23.086015433,-42.697864486,0.002499096,-0.370922389,-0.130783288,0.919405279,127
1471,8049,96.594001000,71.543120245,23.039763022,-42.598593141,0.005293778,-0.372200598,-0.129998380,0.918988091,131
1472,8054,96.654001000,71.374084289,22.980332435,-42.487030012,0.005841177,-0.373785714,-0.129702801,0.918382983,214
1473,8059,96.714001000,71.214935019,22.929678739,-42.385829112,0.006331341,-0.375223861,-0.130019559,0.917748267,252
1474,8064,96.774001000,71.050686042,22.877833420,-42.273838468,0.005872149,-0.376328916,-0.130654290,0.917208548,275
1475,8069,96.834001000,70.876894559,22.817187011,-42.157203137,0.006151130,-0.377648096,-0.131708625,0.916513457,227
1476,8074,96.894001000,70.708917607,22.758949932,-42.041647185,0.007720987,-0.379056747,-0.131172041,0.915996869,296
1477,8079,96.954001000,70.544236486,22.707369682,-41.927009244,0.007908564,-0.380025426,-0.131862714,0.915494596,404
1478,8084,97.014001000,70.378549827,22.657823542,-41.813712527,0.008300067,-0.381157886,-0.131836067,0.915024058,310
1479,8089,97.074001000,70.204292494,22.601340123,-41.677750431,0.009198519,-0.381956224,-0.132573915,0.914575851,299
1480,8094,97.134001000,70.041868585,22.554402225,-41.570042664,0.009628243,-0.382391334,-0.133493167,0.914255839,211
1481,8099,97.194001000,69.878588445,22.505429416,-41.448572730,0.009440024,-0.383033035,-0.134466929,0.913846391,252
1482,8104,97.254001000,69.716230289,22.460911431,-41.331136326,0.010032143,-0.382732655,-0.136179704,0.913712296,213
1483,8109,97.314001000,69.563066350,22.412448657,-41.222435040,0.009746326,-0.383125956,-0.136706137,0.913471917,179
1484,8114,97.374001000,69.405239340,22.371322736,-41.097243053,0.010592159,-0.383799161,-0.135856093,0.913306702,171
1485,8119,97.434001000,69.261261326,22.328150084,-41.008338295,0.010208484,-0.383335356,-0.135165011,0.913608347,210
1486,8124,97.494001000,69.114682281,22.292386210,-40.891093665,0.010384217,-0.383726536,-0.134008405,0.913612533,143
1487,8129,97.554001000,68.985980381,22.254939726,-40.784276528,0.010096734,-0.384884835,-0.134482774,0.913058653,158
1488,8134,97.614001000,68.840989040,22.223897801,-40.690027322,0.009942436,-0.384072861,-0.134327761,0.913425004,118
1489,8139,97.674001000,68.683558090,22.214217916,-40.599154802,0.010817282,-0.382633087,-0.134374272,0.914012288,49
1490,8144,97.734001000,68.529512391,22.195758435,-40.490654151,0.010030800,-0.382790050,-0.134006410,0.914009542,20
1491,8149,97.794001000,68.386549236,22.191091905,-40.368365175,0.010918424,-0.383880187,-0.133552075,0.913608578,27
1492,8154,97.854001000,68.267437810,22.195493723,-40.293860779,0.010943680,-0.383627947,-0.134575079,0.913564110,3
1493,8159,97.914001000,68.126195714,22.217771279,-40.283648489,0.011318119,-0.382942425,-0.135245551,0.913748127,16
1494,8164,97.974001000,68.004198451,22.242133067,-40.213579482,0.008232444,-0.383040248,-0.137024091,0.913475119,2
1495,8169,98.034001000,67.820078182,22.236815558,-40.167178781,-0.002876017,-0.380933619,-0.141979738,0.913631797,2
1496,8174,98.094001000,67.655008871,22.238077356,-40.099399222,-0.004413709,-0.380966404,-0.142845243,0.913477069,2
1497,8179,98.154001000,67.498967634,22.292736199,-39.952473770,-0.010107372,-0.380683401,-0.145988762,0.913052721,10
1498,8184,98.214001000,67.339134676,22.344897491,-39.822906505,-0.017416800,-0.380385601,-0.150315932,0.912364275,15
1499,8189,98.274001000,67.183530348,22.328180849,-39.709604389,-0.027732237,-0.379000502,-0.154895865,0.911919302,11
1500,8194,98.334001000,67.026393708,22.325249630,-39.589222723,-0.033009822,-0.379169211,-0.155173139,0.911626216,11
1501,8199,98.394001000,66.848037013,22.308070819,-39.457440154,-0.035308308,-0.378616943,-0.155840626,0.911655764,18
1502,8204,98.454001000,66.663801840,22.312669296,-39.319436703,-0.029974664,-0.379071465,-0.152717513,0.912186223,23
1503,8209,98.514001000,66.474271080,22.322121591,-39.217097680,-0.020133366,-0.378504900,-0.148369492,0.913408552,19
1504,8214,98.574001000,66.295745821,22.325048132,-39.124996611,-0.012548647,-0.378059937,-0.145232796,0.914232274,16
1505,8219,98.634001000,66.145862742,22.344280971,-38.992716416,-0.012029000,-0.378159563,-0.145314333,0.914185098,10
1506,8224,98.694001000,65.977124179,22.363473626,-38.877280550,-0.014270103,-0.377590391,-0.145696931,0.914327220,15
1507,8229,98.754001000,65.809687108,22.367396836,-38.707244286,-0.019751828,-0.377740390,-0.145672285,0.914167189,17
1508,8234,98.814001000,65.605563907,22.356994588,-38.540920969,-0.021290871,-0.375764908,-0.149365429,0.914350809,21
1509,8239,98.874001000,65.424066589,22.359163327,-38.424103664,-0.017010623,-0.376148269,-0.147077830,0.914653612,14
1510,8244,98.934001000,65.256182699,22.331763293,-38.311549520,-0.016786713,-0.377336933,-0.141043243,0.915118489,7
1511,8249,98.994001000,65.072470096,22.310185537,-38.172809525,-0.011115724,-0.378117832,-0.135965158,0.915651037,16
1512,8254,99.054001000,64.903130609,22.306019921,-38.071665259,-0.008861983,-0.377403885,-0.135574142,0.916028070,6
1513,8259,99.114001000,64.726212450,22.295162380,-37.964243700,-0.017187967,-0.378803239,-0.127186357,0.916534948,17
1514,8264,99.174001000,64.553038486,22.259031165,-37.843511610,-0.034631288,-0.379832351,-0.119932785,0.916593796,33
1515,8269,99.234001000,64.369406304,22.214087839,-37.720852466,-0.049517249,-0.380737702,-0.111837795,0.916558319,27
1516,8274,99.294001000,64.200240747,22.166191135,-37.603941040,-0.058111642,-0.382046298,-0.104805984,0.916340204,23
1517,8279,99.354001000,64.026291484,22.076694679,-37.492015530,-0.054019540,-0.380293262,-0.111387933,0.916543317,33
1518,8284,99.414001000,63.835565134,22.041085721,-37.362298388,-0.041388255,-0.378504889,-0.116864282,0.917258852,13
1519,8289,99.474001000,63.638756882,21.973702706,-37.204456766,-0.041155555,-0.384751732,-0.085289449,0.918149245,16
1520,8294,99.534001000,63.495789990,21.901304046,-37.046779714,-0.026895879,-0.384951531,-0.083540851,0.918754514,15
1521,8299,99.594001000,63.321403681,21.848282261,-36.896443009,-0.010995500,-0.378836444,-0.105229592,0.919395878,22
1522,8304,99.654001000,63.166090583,21.801525375,-36.766053755,-0.001382950,-0.375191551,-0.118813640,0.919300118,29
1523,8309,99.714001000,63.018456980,21.750694052,-36.635629585,0.005807568,-0.371854028,-0.126974733,0.919547862,60
1524,8314,99.774001000,62.861582704,21.688263364,-36.489638455,0.009798950,-0.369771062,-0.131457311,0.919724044,52
1525,8319,99.834001000,62.690528778,21.608123782,-36.357605085,0.010925647,-0.367374563,-0.134706988,0.920201385,127
1526,8324,99.894001000,62.520661898,21.547740414,-36.224376347,0.012077649,-0.365913520,-0.135229172,0.920692401,147
1527,8329,99.954001000,62.356059187,21.481405436,-36.085901877,0.011924926,-0.364505135,-0.136539239,0.921059628,103
1528,8334,100.014001000,62.200130849,21.436780050,-35.963229826,0.008141767,-0.362877823,-0.137532898,0.921595410,157
1529,8339,100.074001000,62.020133108,21.365602793,-35.839751286,0.003438258,-0.360771051,-0.139163676,0.922207080,159
1530,8344,100.134001000,61.841510836,21.298858832,-35.683508910,0.007245549,-0.360451366,-0.138094481,0.922470720,214
1531,8349,100.194001000,61.670355833,21.249359439,-35.550406609,0.007823370,-0.360528311,-0.138250881,0.922412503,138
1532,8354,100.254001000,61.493044881,21.185644155,-35.396787487,0.006856573,-0.360644060,-0.139371042,0.922206355,215
1533,8359,100.314001000,61.339744758,21.125080513,-35.278572977,0.002764211,-0.360713302,-0.140886349,0.921970341,219
1534,8364,100.374001000,61.162241670,21.068228590,-35.128412347,0.007679402,-0.361617261,-0.138263890,0.921985401,174
1535,8369,100.434001000,60.986911865,21.003879352,-34.982375363,0.009889126,-0.362790509,-0.137647447,0.921595590,193
1536,8374,100.494001000,60.829475188,20.956099715,-34.859154305,0.011294950,-0.364036147,-0.137414126,0.921122937,161
1537,8379,100.554001000,60.659510695,20.903044567,-34.732210587,0.011503044,-0.365180622,-0.137493606,0.920655365,159
1538,8384,100.614001000,60.502966302,20.853180502,-34.612663190,0.011834736,-0.366207854,-0.138452248,0.920099300,108
1539,8389,100.674001000,60.343078017,20.807593190,-34.495263650,0.012247911,-0.367167390,-0.139333947,0.919578244,101
1540,8394,100.734001000,60.185651350,20.764724769,-34.356016577,0.015333342,-0.368864920,-0.138070594,0.919043019,49
1541,8399,100.794001000,60.028278294,20.727839679,-34.237533806,0.014527125,-0.369772016,-0.138677351,0.918600137,29
1542,8404,100.854001000,59.867041982,20.697072237,-34.112465955,0.014857421,-0.369990976,-0.141101140,0.918137464,16
1543,8409,100.914001000,59.723520605,20.679221029,-34.043778598,0.015292625,-0.370580022,-0.140564412,0.917975070,2
1544,8414,100.974001000,59.556691064,20.671476503,-33.916477868,0.015992404,-0.370808093,-0.139043323,0.918102693,3
1545,8419,101.034001000,59.385711410,20.661405491,-33.758562763,0.016310156,-0.370392312,-0.140097352,0.918104703,0
1546,8424,101.094001000,59.193656781,20.659387208,-33.603734859,0.016334193,-0.369984941,-0.140008740,0.918282032,0
1547,8429,101.154001000,58.994080310,20.668415580,-33.427618456,0.015695314,-0.369791048,-0.139604298,0.918432838,0
1548,8434,101.214001000,58.804125539,20.689295791,-33.308691794,0.016440854,-0.368640295,-0.139516036,0.918895700,0
1549,8439,101.274001000,58.614873736,20.697066229,-33.176009372,0.015572013,-0.367812830,-0.138423158,0.919407561,0
1550,8444,101.334001000,58.440050033,20.741714192,-33.039595470,0.015190742,-0.367295127,-0.138150673,0.919661853,0
1551,8449,101.394001000,58.263305376,20.753350670,-32.902425108,0.013503220,-0.366493518,-0.139731220,0.919769183,0
1552,8454,101.454001000,58.096549960,20.760504366,-32.800756920,0.014119498,-0.366600520,-0.139525199,0.919748562,0
1553,8459,101.514001000,57.911296499,20.795814243,-32.655625440,0.010527608,-0.366310448,-0.140350194,0.919786741,1
1554,8464,101.574001000,57.745768969,20.771671061,-32.559776384,0.006127600,-0.365439860,-0.143389457,0.919704096,2
1555,8469,101.634001000,57.606509491,20.845262259,-32.461100375,-0.000001710,-0.365015753,-0.143903560,0.919812625,8
1556,8474,101.694001000,57.443621674,20.833790976,-32.388628041,-0.007963943,-0.364163094,-0.147453794,0.919553802,12
1557,8479,101.754001000,57.296665006,20.801171197,-32.297025353,-0.007012971,-0.364668171,-0.146841671,0.919459334,19
1558,8484,101.814001000,57.145588533,20.796066537,-32.197394437,-0.004054745,-0.366174154,-0.144900777,0.919186495,32
1559,8489,101.874001000,56.967983755,20.773580705,-32.073884068,-0.005608598,-0.366005972,-0.146783433,0.918946569,27
1560,8494,101.934001000,56.793333657,20.766147093,-31.968322618,-0.003132636,-0.369520163,-0.138167618,0.918887776,82
1561,8499,101.994001000,56.630296893,20.757506886,-31.863745537,-0.001033140,-0.370021804,-0.139268821,0.918524356,102
1562,8504,102.054001000,56.462751696,20.757695961,-31.763868719,-0.002511796,-0.372267761,-0.133725464,0.918437753,125
1563,8509,102.114001000,56.288580905,20.719959255,-31.643286619,-0.005221868,-0.375348034,-0.125430658,0.918342929,136
1564,8514,102.174001000,56.106540930,20.711116289,-31.488189657,-0.005258073,-0.374077882,-0.133610426,0.917707113,142
1565,8519,102.234001000,55.934467189,20.689550398,-31.406850064,-0.011622571,-0.372135272,-0.141507625,0.917254516,180
1566,8524,102.294001000,55.755515850,20.696099125,-31.277429859,-0.006060139,-0.371701150,-0.144878571,0.916957867,184
1567,8529,102.354001000,55.575707133,20.703467446,-31.175795253,-0.015698603,-0.371825876,-0.142772449,0.917123274,179
1568,8534,102.414001000,55.393724752,20.696619423,-31.058818543,-0.030390481,-0.373057278,-0.136941700,0.917143204,177
1569,8539,102.474001000,55.216525382,20.674973598,-30.950312949,-0.045140573,-0.373900971,-0.129540639,0.917267472,202
1570,8544,102.534001000,55.030394572,20.650165487,-30.807402523,-0.051569039,-0.372813913,-0.132157357,0.916997739,155
1571,8549,102.594001000,54.851077553,20.603084381,-30.722911675,-0.051677985,-0.374213701,-0.124081921,0.917549546,168
1572,8554,102.654001000,54.668443911,20.581061247,-30.602146137,-0.028458992,-0.373593662,-0.127264503,0.918379882,110
1573,8559,102.714001000,54.483740566,20.579232868,-30.470377064,-0.017203640,-0.376397700,-0.115383723,0.919084002,91
1574,8564,102.774001000,54.307028237,20.578069997,-30.346528677,-0.013421494,-0.378908163,-0.105281804,0.919328129,62
1575,8569,102.834001000,54.127891471,20.581671770,-30.237601377,-0.024813931,-0.385038264,-0.078598241,0.919212772,32
1576,8574,102.894001000,53.971409478,20.580596925,-30.104335222,-0.046036654,-0.391871692,-0.054595711,0.917243976,0
1577,8579,102.954001000,53.793246588,20.570272098,-29.916717097,-0.060154924,-0.391757225,-0.057177814,0.916317826,4
1578,8584,103.014001000,53.623196648,20.611211009,-29.704033601,-0.063778872,-0.389794595,-0.066908055,0.916250916,6
1579,8589,103.074001000,53.409277520,20.629019920,-29.528268322,-0.065995901,-0.387363953,-0.075907549,0.916423348,3
1580,8594,103.134001000,53.251635047,20.639113121,-29.271383382,-0.062859380,-0.384720706,-0.083544497,0.917092685,12
1581,8599,103.194001000,53.080433847,20.692710993,-29.038143833,-0.058306428,-0.377717077,-0.106993690,0.917868466,11
1582,8604,103.254001000,52.898072584,20.711298000,-28.823903157,-0.057057833,-0.369379643,-0.133825421,0.917820157,4
1583,8609,103.314001000,52.734346582,20.596870188,-28.686751600,-0.048688471,-0.364570428,-0.146590267,0.918275084,11
1584,8614,103.374001000,52.564515344,20.594729242,-28.471062279,-0.024524084,-0.363072279,-0.146756951,0.919804048,4
1585,8619,103.434001000,52.377188620,20.657452624,-28.229138866,-0.005661108,-0.361853443,-0.144719242,0.920916054,2
1586,8625,103.506001000,52.234683229,20.736000631,-28.023694642,-0.004000798,-0.359027259,-0.146202408,0.921796223,3
1587,8630,103.566001000,52.156977271,20.751292692,-27.906508480,-0.018708756,-0.355790431,-0.152670295,0.921821530,11
1588,8635,103.626001000,52.065286213,20.648957290,-27.834568315,-0.029406681,-0.353707292,-0.156648926,0.921676468,26
1589,8640,103.686001000,51.881856972,20.617588489,-27.656720090,-0.000851226,-0.357718675,-0.144793062,0.922535416,27
1590,8645,103.746001000,51.711559769,20.605276168,-27.478689830,0.019236189,-0.360765319,-0.137535506,0.922259366,10
1591,8650,103.806001000,51.494035981,20.627874250,-27.264121773,0.030749728,-0.362866950,-0.132326410,0.921884891,1
1592,8655,103.866001000,51.307780441,20.669291118,-27.077177407,0.036026785,-0.364819555,-0.130364787,0.921202358,1
1593,8660,103.926001000,51.088905952,20.674615509,-26.835929095,0.040272848,-0.366807093,-0.128967659,0.920433592,1
1594,8665,103.986001000,50.877500388,20.698583842,-26.584972087,0.041709573,-0.368699684,-0.128575274,0.919668012,1
1595,8670,104.046001000,50.729623313,20.675137494,-26.457656810,0.043726222,-0.370294492,-0.129295922,0.918832178,0
1596,8675,104.106001000,50.592354020,20.685149367,-26.271931971,0.044872632,-0.374546490,-0.126915581,0.917384221,0
1597,8681,104.178001000,50.496802304,20.690161701,-26.168813289,0.045658534,-0.374815552,-0.127857589,0.917104704,1
1598,8686,104.238001000,50.423496470,20.666521381,-26.096731891,0.045583949,-0.376419337,-0.128038729,0.916426031,2
1599,8691,104.298001000,50.241321094,20.701424947,-25.924941313,0.047261895,-0.378955632,-0.128858739,0.915179965,1
1600,8696,104.358001000,50.098377839,20.718111342,-25.786031089,0.047030252,-0.381329877,-0.127890140,0.914341179,2
1601,8701,104.418001000,49.904059015,20.765117303,-25.623229084,0.045734451,-0.382261960,-0.128400147,0.913946145,1
1602,8706,104.478001000,49.729740058,20.768328605,-25.468388843,0.044383943,-0.382290917,-0.129231031,0.913883505,6
1603,8712,104.550001000,49.612422991,20.740582194,-25.331556373,0.043554706,-0.383091527,-0.130037853,0.913473605,9
1604,8717,104.610001000,49.407711714,20.759992497,-25.148969285,0.041828903,-0.383079900,-0.131062301,0.913412725,6
1605,8722,104.670001000,49.228781397,20.744048391,-24.981030476,0.040816813,-0.382816483,-0.130857778,0.913598254,13
1606,8727,104.730001000,49.046777694,20.745138867,-24.821800322,0.039947751,-0.382421212,-0.130992950,0.913782819,14
1607,8732,104.790001000,48.831247277,20.754023988,-24.650587672,0.034976236,-0.385672740,-0.121082657,0.913986975,20
1608,8737,104.850001000,48.668099843,20.738798102,-24.500787420,0.036104745,-0.385343408,-0.120376729,0.914175228,13
1609,8742,104.910001000,48.549572883,20.775898166,-24.416560998,0.028759209,-0.384345551,-0.124914024,0.914247172,27
1610,8747,104.970001000,48.393229903,20.695543231,-24.335765994,0.002014066,-0.387169854,-0.116666198,0.914595236,33
1611,8752,105.030001000,48.224973121,20.641994031,-24.184443664,-0.007004388,-0.393482953,-0.091998289,0.914690341,43
1612,8757,105.090001000,48.038253391,20.590947389,-24.090010753,-0.002550472,-0.399694451,-0.064776861,0.914353213,24
1613,8762,105.150001000,47.883267309,20.561252729,-23.944859947,-0.016082618,-0.411478651,-0.025111285,0.910931443,31
1614,8767,105.210001000,47.737903132,20.581941197,-23.771521838,-0.011293486,-0.409820839,-0.031395534,0.911555625,23
1615,8772,105.270001000,47.589421374,20.543734978,-23.612284102,0.006544713,-0.401806778,-0.060278985,0.913714903,24
1616,8777,105.330001000,47.424289473,20.495642596,-23.473007542,0.021753663,-0.393642271,-0.088820390,0.914704039,48
1617,8782,105.390001000,47.243731838,20.450544999,-23.305874956,0.031622803,-0.388066795,-0.106265365,0.914938158,46
1618,8787,105.450001000,47.086629676,20.402933758,-23.157099792,0.037280905,-0.383694641,-0.115738707,0.915419635,63
1619,8792,105.510001000,46.937830293,20.364967198,-23.012848934,0.041110072,-0.380559910,-0.121288549,0.915845623,76
1620,8797,105.570001000,46.787217253,20.319148857,-22.862284479,0.043621837,-0.378145411,-0.125181865,0.916205590,97
1621,8802,105.630001000,46.634174778,20.284907403,-22.714397172,0.044672087,-0.376540778,-0.126994433,0.916566343,84
1622,8807,105.690001000,46.480080263,20.232523104,-22.572676801,0.045613390,-0.374777728,-0.127566382,0.917162958,99
1623,8812,105.750001000,46.345028733,20.192116170,-22.440303503,0.045298674,-0.373745692,-0.127242347,0.917644579,75
1624,8817,105.810001000,46.189483517,20.144217534,-22.292549044,0.045312707,-0.373197525,-0.127758516,0.917795253,79
1625,8822,105.870001000,46.021668056,20.104182172,-22.143773175,0.046958689,-0.372492356,-0.126927546,0.918114222,54
1626,8827,105.930001000,45.864603502,20.091185208,-21.996752646,0.033785841,-0.369792434,-0.131078786,0.919200971,89
1627,8832,105.990001000,45.745554924,20.073775710,-21.871177358,-0.000794001,-0.364567131,-0.145443263,0.919748027,131
1628,8837,106.050001000,45.593517981,19.995044861,-21.746127026,-0.025639554,-0.359348297,-0.160847046,0.918879558,136
1629,8842,106.110001000,45.442296042,19.920154052,-21.620395133,-0.026710142,-0.359851735,-0.160484563,0.918715409,282
1630,8847,106.170001000,45.271934435,19.869437096,-21.485588111,-0.016425142,-0.362697010,-0.154532103,0.918858489,275
1631,8852,106.230001000,45.123092657,19.843279081,-21.353917283,-0.006722478,-0.365381973,-0.150006821,0.918666847,205
1632,8857,106.290001000,44.964679652,19.827828490,-21.217540880,-0.018005167,-0.363170154,-0.157251499,0.918180385,205
1633,8862,106.350001000,44.777351483,19.777379693,-21.078183631,-0.034787392,-0.361494278,-0.163630965,0.917244042,199
1634,8868,106.422001000,44.577653364,19.684134876,-20.923532585,-0.049735454,-0.360493176,-0.167226545,0.916300353,362
1635,8873,106.482001000,44.370256660,19.640308586,-20.767308572,-0.014726120,-0.367606139,-0.152171976,0.917329035,222
1636,8878,106.542001000,44.158345402,19.648064703,-20.589322589,0.011717977,-0.373005249,-0.140878757,0.916996701,156
1637,8883,106.602001000,43.962998344,19.592739944,-20.444622941,0.026498563,-0.376501737,-0.135211593,0.916112489,128
1638,8888,106.662001000,43.763251248,19.545339381,-20.288674361,0.035564322,-0.378858320,-0.132089568,0.915288970,87
1639,8893,106.722001000,43.566994611,19.497626962,-20.138928106,0.040686496,-0.380596832,-0.130807398,0.914538182,76
1640,8898,106.782001000,43.357859951,19.441916015,-19.988803680,0.043790294,-0.382310762,-0.129303824,0.913893546,71
1641,8903,106.842001000,43.162802708,19.400250827,-19.845067272,0.045739791,-0.383842328,-0.127901173,0.913353288,68
1642,8908,106.902001000,42.964659870,19.359064268,-19.696881365,0.047865033,-0.384952102,-0.128128447,0.912745265,73
1643,8913,106.962001000,42.781403958,19.312335235,-19.559590500,0.047894340,-0.385773334,-0.128149331,0.912394002,86
1644,8918,107.022001000,42.586862629,19.275250539,-19.424036304,0.047576988,-0.386456427,-0.128376685,0.912089517,99
1645,8923,107.082001000,42.398160396,19.229539750,-19.281964140,0.049279345,-0.387210561,-0.129115041,0.911574919,91
1646,8928,107.142001000,42.207630884,19.182146934,-19.151970289,0.048355555,-0.388078690,-0.129838327,0.911152391,164
1647,8933,107.202001000,42.006999548,19.150960371,-19.006559120,0.048621496,-0.388687410,-0.128916685,0.911009624,174
1648,8938,107.262001000,41.834958379,19.117149820,-18.855140404,0.050340154,-0.389980597,-0.129846287,0.910231259,208
1649,8943,107.322001000,41.640694694,19.086761165,-18.725744682,0.050039383,-0.390717982,-0.129470511,0.909985113,222
1650,8948,107.382001000,41.440753617,19.045330185,-18.597257879,0.049659588,-0.391868647,-0.129402274,0.909520720,201
1651,8953,107.442001000,41.235598882,19.003521210,-18.461334564,0.049635169,-0.392726136,-0.128700010,0.909251802,261
1652,8958,107.502001000,41.039853885,18.963197629,-18.331921581,0.048892580,-0.393165382,-0.130145633,0.908896371,228
1653,8963,107.562001000,40.841494051,18.923592375,-18.209610689,0.049246665,-0.393411822,-0.131244174,0.908612608,176
1654,8968,107.622001000,40.654733747,18.900394005,-18.088459692,0.048045721,-0.393843868,-0.131366546,0.908472040,135
1655,8973,107.682001000,40.449563081,18.852580606,-17.968166450,0.043307533,-0.393785035,-0.132266337,0.908605206,142
1656,8978,107.742001000,40.243260092,18.815566408,-17.832558915,0.045426339,-0.394387433,-0.130618697,0.908478815,75
1657,8983,107.802001000,40.062763098,18.805403322,-17.731919762,0.043190864,-0.395394461,-0.127846389,0.908544479,65
1658,8988,107.862001000,39.881850765,18.807284536,-17.615293501,0.012027058,-0.397318944,-0.121216096,0.909560149,83
1659,8993,107.922001000,39.705310311,18.747283504,-17.497934486,-0.018073470,-0.395256421,-0.129301980,0.909245132,108
1660,8998,107.982001000,39.507835848,18.688063511,-17.389340670,-0.022528059,-0.394105621,-0.131747645,0.909294124,109
1661,9003,108.042001000,39.303840611,18.622469748,-17.265300700,-0.011586828,-0.400633517,-0.108805368,0.909681220,125
1662,9008,108.102001000,39.098486698,18.579255021,-17.156172648,-0.000603022,-0.406246232,-0.087493630,0.909565006,68
1663,9013,108.162001000,38.903602042,18.530149370,-17.030758649,-0.000400981,-0.413611120,-0.059267057,0.908522480,46
1664,9018,108.222001000,38.717914114,18.494048314,-16.902307339,-0.004310459,-0.419859126,-0.035767975,0.906873964,44
1665,9023,108.282001000,38.548428982,18.473704605,-16.761521804,-0.012756521,-0.423426276,-0.021540680,0.905584595,24
1666,9029,108.354001000,38.413893077,18.383531944,-16.641303924,-0.027890266,-0.420900453,-0.026945328,0.906277491,58
1667,9034,108.414001000,38.234473664,18.321343755,-16.474985217,0.000516025,-0.408045813,-0.062400688,0.910826275,31
1668,9039,108.474001000,38.055752885,18.276239592,-16.287748821,0.021755356,-0.399384010,-0.081882202,0.912860571,30
1669,9044,108.534001000,37.883451556,18.231226194,-16.120943288,0.036191042,-0.389683106,-0.102736241,0.914484855,37
1670,9049,108.594001000,37.725676047,18.187235038,-15.964040324,0.044180560,-0.383355268,-0.112060290,0.915712459,28
1671,9054,108.654001000,37.554892495,18.138254021,-15.804545319,0.047788358,-0.378132139,-0.116837032,0.917104938,31
1672,9059,108.714001000,37.414111132,18.077521395,-15.670084411,0.047322024,-0.373856787,-0.120115631,0.918457383,47
1673,9064,108.774001000,37.261501276,18.031188441,-15.525589172,0.037231452,-0.369271643,-0.126275763,0.919949294,56
1674,9070,108.846001000,37.105774983,17.966757105,-15.379355168,0.033261868,-0.366479783,-0.128823737,0.920864084,100
1675,9075,108.906001000,36.953054932,17.903103707,-15.219453797,0.037796919,-0.367794785,-0.126384994,0.920502701,92
1676,9080,108.966001000,36.789605855,17.877842489,-15.057899018,0.036582892,-0.368687248,-0.127418703,0.920052107,150
1677,9085,109.026001000,36.611528169,17.804608279,-14.899326158,0.034241542,-0.369197277,-0.129376927,0.919664340,178
1678,9090,109.086001000,36.448279266,17.774999380,-14.757326797,0.041426310,-0.372825181,-0.125217182,0.918480213,157
1679,9095,109.146001000,36.270555456,17.742622084,-14.608034042,0.042793513,-0.375863990,-0.126448826,0.917009090,216
1680,9100,109.206001000,36.115037051,17.732848604,-14.460984782,0.018265301,-0.377241890,-0.138705937,0.915486536,223
1681,9105,109.266001000,35.925683963,17.682963706,-14.312521469,-0.001771021,-0.376306564,-0.155905457,0.913281842,247
1682,9110,109.326001000,35.732627353,17.627144841,-14.207324545,-0.013017456,-0.375298200,-0.167032046,0.911637045,312
1683,9115,109.386001000,35.544396786,17.569323783,-14.053452532,-0.003384717,-0.381803628,-0.162692114,0.909805369,371
1684,9120,109.446001000,35.342565046,17.509701414,-13.893615306,0.008729024,-0.386813445,-0.159424198,0.908230746,337
1685,9125,109.506001000,35.158829128,17.470433833,-13.757658491,0.025177745,-0.393362658,-0.147814521,0.907073739,265
1686,9130,109.566001000,34.981341096,17.447380516,-13.618105093,0.037704081,-0.398155979,-0.140146741,0.905764379,213
1687,9135,109.626001000,34.787792848,17.404585729,-13.475439435,0.044823358,-0.402237534,-0.135969420,0.904272166,198
1688,9140,109.686001000,34.566565826,17.376020447,-13.336213630,0.049791011,-0.403219408,-0.135381212,0.903663041,120
1689,9145,109.746001000,34.343524864,17.353928527,-13.216256308,0.049364217,-0.403589766,-0.132368235,0.903967436,58
1690,9150,109.806001000,34.152373414,17.311984697,-13.084232471,0.051024399,-0.404903925,-0.131076991,0.903475592,49
1691,9155,109.866001000,33.962435788,17.278179283,-12.951397007,0.052214031,-0.406118957,-0.130893468,0.902888690,21
1692,9160,109.926001000,33.780542352,17.248596859,-12.821986433,0.052765036,-0.407604606,-0.130162472,0.902292673,27
1693,9165,109.986001000,33.573867046,17.213553950,-12.691007250,0.052866801,-0.407783429,-0.130436077,0.902166396,32
1694,9170,110.046001000,33.379198096,17.178624577,-12.557426645,0.052642960,-0.408382046,-0.130397056,0.901914315,24
1695,9175,110.106001000,33.178371947,17.143342980,-12.439874030,0.053847736,-0.408608693,-0.130744868,0.901690155,31
1696,9180,110.166001000,32.999153686,17.108608394,-12.331349902,0.054561396,-0.408161833,-0.130916552,0.901824722,17
1697,9185,110.226001000,32.794307614,17.065510197,-12.202964301,0.053091270,-0.408014973,-0.131021929,0.901963610,24
1698,9190,110.286001000,32.591214407,17.030444514,-12.007471270,0.052241597,-0.408544061,-0.131724687,0.901671322,37
1699,9195,110.346001000,32.483796444,17.008084662,-11.943051758,0.051932752,-0.409061312,-0.132505821,0.901340136,30
1700,9200,110.406001000,32.255876503,16.955881000,-11.821756193,0.043069176,-0.407240356,-0.136076438,0.902099519,38
1701,9205,110.466001000,32.054834634,16.963166874,-11.724452733,0.043153795,-0.408651602,-0.128416487,0.902580093,29
1702,9210,110.526001000,31.877680835,16.911058699,-11.647593045,0.033226081,-0.415715256,-0.105645293,0.902726938,40
1703,9215,110.586001000,31.662198555,16.854901221,-11.507368232,0.024902935,-0.419547037,-0.089295437,0.902987515,56
1704,9220,110.646001000,31.495171398,16.821591521,-11.396172356,0.011539038,-0.422396233,-0.081225374,0.902690817,36
1705,9225,110.706001000,31.317167581,16.781097255,-11.281489497,-0.004562371,-0.424125433,-0.077547110,0.902265619,41
1706,9230,110.766001000,31.156199932,16.723421570,-11.148815936,-0.012251334,-0.423618741,-0.081413858,0.902091376,98
1707,9235,110.826001000,30.987179446,16.662310435,-11.032426594,0.008019898,-0.417213694,-0.102432841,0.902981687,56
1708,9240,110.886001000,30.806827491,16.610374148,-10.907972453,0.024513220,-0.412748094,-0.114311022,0.903311188,43
1709,9245,110.946001000,30.629717277,16.562247578,-10.773306226,0.034815210,-0.409219961,-0.122346361,0.903525480,61
1710,9250,111.006001000,30.433578834,16.536519745,-10.640790178,0.028704431,-0.404939280,-0.132214522,0.904278473,84
1711,9255,111.066001000,30.275387556,16.511403770,-10.518567656,0.005095647,-0.399022132,-0.145940890,0.905238438,122
1712,9260,111.126001000,30.104613095,16.417706601,-10.412361735,-0.019176155,-0.392951262,-0.159410857,0.905433465,196
1713,9265,111.186001000,29.905981774,16.336325552,-10.280919313,-0.016864190,-0.392022223,-0.159989260,0.905780113,281
1714,9270,111.246001000,29.699692069,16.254616000,-10.169230986,0.006346724,-0.394556107,-0.149975145,0.906527801,240
1715,9275,111.306001000,29.511908941,16.216218377,-10.031113780,0.020667367,-0.395746473,-0.143459746,0.906849982,232
1716,9280,111.366001000,29.335123545,16.224170816,-9.901899895,0.011205079,-0.393928138,-0.145247683,0.907523101,260
1717,9285,111.426001000,29.144811119,16.152449347,-9.780624192,-0.026872716,-0.389740333,-0.153095322,0.907712593,238
1718,9290,111.486001000,28.931013568,16.063067233,-9.623329800,-0.052480351,-0.384318840,-0.167552779,0.906350323,280
1719,9295,111.546001000,28.701642278,15.947514446,-9.487001265,-0.061320856,-0.381507560,-0.174497452,0.905672332,316
1720,9300,111.606001000,28.470827957,15.847284846,-9.358337074,-0.043164546,-0.384364419,-0.168573876,0.906633147,279
1721,9305,111.666001000,28.245008846,15.785942344,-9.206920253,-0.023019750,-0.388369563,-0.158559571,0.907467926,276
1722,9310,111.726001000,28.028556252,15.733189634,-9.067603967,-0.025156631,-0.387994770,-0.159911730,0.907334250,155
1723,9315,111.786001000,27.803461346,15.676337879,-8.920543816,-0.047008104,-0.384102514,-0.168544909,0.906558388,194
1724,9320,111.846001000,27.546496815,15.567904352,-8.738917386,-0.065514031,-0.380248904,-0.177679772,0.905289225,159
1725,9325,111.906001000,27.293286954,15.437323031,-8.614023104,-0.068567687,-0.379572777,-0.180650685,0.904758702,218
1726,9330,111.966001000,27.037158444,15.363562938,-8.443846521,-0.051256394,-0.383675820,-0.171778718,0.905901606,198
1727,9335,112.026001000,26.770839382,15.275122291,-8.290024116,-0.041075358,-0.386143455,-0.165543179,0.906532682,146
1728,9340,112.086001000,26.512144123,15.171395248,-8.127913429,-0.028538357,-0.388035807,-0.162461466,0.906763501,124
1729,9345,112.146001000,26.236790045,15.088539543,-7.955932434,-0.000208878,-0.392517162,-0.151741865,0.907140916,41
1730,9350,112.206001000,25.936721160,15.058097161,-7.771123129,0.022184457,-0.395737432,-0.142361827,0.906991094,44
1731,9355,112.266001000,25.647103761,15.000224294,-7.591510879,0.034438302,-0.398136593,-0.137052095,0.906376291,23
1732,9360,112.326001000,25.398030814,14.894088689,-7.440637786,0.042557026,-0.399492013,-0.133884215,0.905908410,12
1733,9365,112.386001000,25.125965152,14.808198828,-7.293340572,0.047901977,-0.400626622,-0.131952571,0.905423785,10
1734,9370,112.446001000,24.888048805,14.718643834,-7.133794792,0.050383438,-0.401940842,-0.131059030,0.904836228,6
1735,9375,112.506001000,24.610362301,14.634333081,-6.981589009,0.051408163,-0.402205866,-0.128940039,0.904965253,7
1736,9380,112.566001000,24.362192071,14.533036438,-6.847669379,0.050815478,-0.401851938,-0.127984580,0.905291530,15
1737,9385,112.626001000,24.096953866,14.428559148,-6.694748353,0.051562099,-0.402053745,-0.127978433,0.905160570,24
1738,9390,112.686001000,23.844161263,14.331548340,-6.563160739,0.050614369,-0.402114479,-0.127699983,0.905226406,24
1739,9395,112.746001000,23.575179399,14.236037301,-6.440712054,0.043065110,-0.407527204,-0.112102572,0.905262386,45
1740,9400,112.806001000,23.310708045,14.148115669,-6.306415781,0.032012174,-0.415731368,-0.088657750,0.904589661,35
1741,9405,112.866001000,23.051658712,14.015226970,-6.185848755,0.014871015,-0.427396387,-0.052646208,0.902407645,30
1742,9410,112.926001000,22.803573495,13.896825820,-6.048914678,0.006936518,-0.432987066,-0.035427201,0.900676967,23
1743,9415,112.986001000,22.564028106,13.780521269,-5.890491646,0.000011360,-0.437536610,-0.022334130,0.898923190,10
1744,9420,113.046001000,22.329286836,13.646976497,-5.727003170,-0.004050180,-0.440805345,-0.014619674,0.897474517,4
1745,9425,113.106001000,22.093690316,13.565078918,-5.484975143,0.002450138,-0.437446992,-0.027558738,0.898818470,3
1746,9430,113.166001000,21.891136208,13.497062960,-5.293247507,0.004946675,-0.431717546,-0.047028191,0.900768472,2
1747,9435,113.226001000,21.665045535,13.382444397,-5.075685817,0.022475307,-0.421239834,-0.075283955,0.903539810,1
1748,9440,113.286001000,21.435798541,13.261194781,-4.859171086,0.034437531,-0.412658966,-0.097239199,0.905025509,2
1749,9445,113.346001000,21.213312504,13.159961819,-4.630420415,0.040666709,-0.405893505,-0.109959367,0.906369471,2
1750,9450,113.406001000,21.021018319,13.051255059,-4.406154390,0.044486560,-0.400796773,-0.116719354,0.907611968,1
1751,9455,113.466001000,20.811466664,12.928622536,-4.201738624,0.046183751,-0.396879675,-0.120177021,0.908796495,0
1752,9460,113.526001000,20.614874892,12.832263738,-3.991993015,0.048746322,-0.394022234,-0.122183462,0.909638102,0
1753,9465,113.586001000,20.401343924,12.726869310,-3.783066532,0.050681803,-0.391816159,-0.122613409,0.910427045,0
1754,9471,113.658001000,20.210727014,12.596119865,-3.580425555,0.051959378,-0.390169368,-0.122579247,0.911066636,0
1755,9476,113.718001000,20.021039962,12.469189275,-3.387929962,0.049856241,-0.389326846,-0.122675303,0.911531531,0
1756,9481,113.778001000,19.987610364,12.340567103,-3.258187687,0.048445585,-0.388921738,-0.123305813,0.911695445,0
1757,9486,113.838001000,19.831837693,12.236117701,-3.065257458,0.048426768,-0.388233871,-0.122528876,0.912094285,0
1758,9491,113.898001000,19.642895402,12.149381926,-2.868777108,0.049129205,-0.387824725,-0.121629404,0.912351134,0
1759,9496,113.958001000,19.479297914,12.066816631,-2.668485612,0.049864005,-0.388356880,-0.120839678,0.912189830,0
1760,9501,114.018001000,19.273657427,11.986638510,-2.497351816,0.050115573,-0.388971687,-0.120492146,0.911960032,0
1761,9506,114.078001000,19.093861286,11.893808732,-2.333424617,0.050128444,-0.389037873,-0.121306386,0.911823137,0
1762,9511,114.138001000,18.880515680,11.833455903,-2.157568746,0.050496437,-0.389520257,-0.121757947,0.911536659,0
1763,9516,114.198001000,18.749288696,11.753591856,-1.933417097,0.049975739,-0.391575880,-0.121290132,0.910746650,0
1764,9521,114.258001000,18.578905366,11.664916611,-1.780593457,0.049997857,-0.392375812,-0.121873682,0.910323152,0
1765,9527,114.330001000,18.432782920,11.604303247,-1.672524131,0.050645475,-0.391880820,-0.121680460,0.910526399,0
1766,9532,114.390001000,18.358738410,11.526101595,-1.509103025,0.051125611,-0.392644728,-0.122121108,0.910111380,0
1767,9537,114.450001000,18.150312047,11.466443035,-1.327751785,0.050908037,-0.393141317,-0.121978437,0.909928315,0
1768,9542,114.510001000,17.951346557,11.384782419,-1.155152680,0.049686850,-0.393676766,-0.121002425,0.909894628,0
1769,9547,114.570001000,17.702424098,11.357265128,-0.983923590,0.048872978,-0.394366561,-0.119898946,0.909786068,0
1770,9553,114.642001000,17.461080772,11.313344232,-0.830023098,0.049229277,-0.394306515,-0.120337786,0.909734944,0
1771,9558,114.702001000,17.304952358,11.262326421,-0.682692907,0.049632977,-0.395366013,-0.119686535,0.909339000,0
1772,9563,114.762001000,17.146271869,11.193795046,-0.546493326,0.049115939,-0.396367270,-0.118996440,0.909021704,0
1773,9568,114.822001000,16.964272765,11.124088316,-0.377226561,0.049947998,-0.396758271,-0.120389447,0.908622283,0
1774,9573,114.882001000,16.763901331,11.099296574,-0.207802126,0.049840197,-0.397504045,-0.120954705,0.908227091,0
1775,9578,114.942001000,16.496894022,11.061344398,-0.051986069,0.046873331,-0.397005004,-0.123152003,0.908308044,0
1776,9583,115.002001000,16.310331288,10.998887807,0.084707729,0.046784884,-0.398128054,-0.121662623,0.908021714,0
1777,9588,115.062001000,16.099823984,10.962344945,0.211483743,0.043817308,-0.400992812,-0.114082720,0.907893133,0
1778,9593,115.122001000,15.917134725,10.904601583,0.363417060,0.043513417,-0.401779490,-0.113043334,0.907689941,0
1779,9598,115.182001000,15.721534201,10.870903076,0.515955981,0.044375302,-0.401104801,-0.115205341,0.907674777,0
1780,9603,115.242001000,15.501669946,10.833694778,0.658862361,0.043910042,-0.399538659,-0.118604036,0.907950357,0
1781,9608,115.302001000,15.358519217,10.784866641,0.784947637,0.045522620,-0.398647978,-0.119197760,0.908184659,0
1782,9613,115.362001000,15.115120946,10.766035471,0.929345860,0.045117416,-0.398864441,-0.114687168,0.908690503,0
1783,9618,115.422001000,14.887176124,10.754624554,1.073755108,0.037463007,-0.402834086,-0.100141708,0.909006524,0
1784,9623,115.482001000,14.704409068,10.722489919,1.212186326,0.031962430,-0.406481425,-0.087434215,0.908904017,0
1785,9628,115.542001000,14.528769353,10.714510947,1.380368366,0.035498228,-0.403902513,-0.093811990,0.909286504,0
1786,9633,115.602001000,14.298952311,10.705744504,1.523294700,0.029043780,-0.399225609,-0.110005258,0.909766022,0
1787,9638,115.662001000,14.141389565,10.629441057,1.625036073,0.032546659,-0.397720233,-0.114871850,0.909705331,0
1788,9643,115.722001000,13.914852943,10.624766259,1.772448822,0.038333684,-0.398014105,-0.113904955,0.909472904,0
1789,9648,115.782001000,13.699934105,10.586623241,1.918763797,0.039717786,-0.399459464,-0.109630874,0.909305068,0
1790,9653,115.842001000,13.550795301,10.601144766,2.043433342,0.040844755,-0.399009377,-0.111864953,0.909180650,0
1791,9658,115.902001000,13.354252559,10.618370242,2.200041042,0.025281123,-0.395557412,-0.123588165,0.909736865,0
1792,9663,115.962001000,13.212700626,10.553502002,2.265995333,0.025527680,-0.395129956,-0.124975292,0.909726240,0
1793,9668,116.022001000,13.010863387,10.571379895,2.416055502,0.036304270,-0.396309580,-0.120757929,0.909416428,0
1794,9673,116.082001000,12.808794557,10.535158501,2.557530757,0.040687160,-0.397207553,-0.120520332,0.908870488,0
1795,9678,116.142001000,12.591093143,10.505144243,2.698562308,0.043869943,-0.397858567,-0.119155355,0.908617626,0
1796,9683,116.202001000,12.469604411,10.547743903,2.745044777,0.041757105,-0.398171609,-0.119499987,0.908534791,0
1797,9688,116.262001000,12.296102126,10.543635729,2.879547976,0.025243118,-0.396764649,-0.127202582,0.908713432,0
1798,9693,116.322001000,12.106102702,10.525104434,3.015804212,0.001592283,-0.393915704,-0.138200791,0.908696002,0
1799,9698,116.382001000,11.986006563,10.474631429,3.092300775,0.001007884,-0.394209567,-0.139040002,0.908441346,1
1800,9703,116.442001000,11.781630698,10.445894039,3.221630224,0.013577833,-0.396366584,-0.133832261,0.908183957,0
1801,9708,116.502001000,11.552635616,10.434267941,3.357044983,0.029115843,-0.398316571,-0.127933444,0.907815626,1
1802,9713,116.562001000,11.344971886,10.435076731,3.496368783,0.039396025,-0.400606285,-0.122351801,0.907189393,0
1803,9718,116.622001000,11.209594979,10.463798566,3.547248841,0.033403432,-0.399907784,-0.124385385,0.907461432,0
1804,9723,116.682001000,11.011040516,10.398950845,3.648426985,0.023816862,-0.399811744,-0.123571023,0.907917138,0
1805,9728,116.742001000,10.824043041,10.349704198,3.775934194,0.031490786,-0.400310967,-0.121324128,0.907766443,0
1806,9733,116.802001000,10.624621266,10.339259975,3.936986025,0.041582871,-0.401284710,-0.117412828,0.907444585,0
1807,9738,116.862001000,10.412848258,10.323802503,4.064577717,0.047299835,-0.401592368,-0.115158333,0.907317394,0
1808,9743,116.922001000,10.198634663,10.308148673,4.193400118,0.050353505,-0.401672330,-0.114309063,0.907225056,0
1809,9748,116.982001000,9.993943925,10.274975438,4.331405742,0.053332776,-0.401778679,-0.114090993,0.907035144,0
1810,9753,117.042001000,9.772744039,10.244887338,4.470169303,0.054674665,-0.401623154,-0.114404191,0.906984677,0
1811,9758,117.102001000,9.559896322,10.217611361,4.602849781,0.055526716,-0.401361668,-0.114421008,0.907046541,0
1812,9763,117.162001000,9.343560395,10.199203936,4.754461288,0.056227984,-0.401920823,-0.114116242,0.906794105,0
1813,9768,117.222001000,9.153107708,10.160545902,4.860772922,0.055504194,-0.402076726,-0.113869873,0.906800553,1
1814,9773,117.282001000,8.941100510,10.119023741,4.991727918,0.055511191,-0.402274154,-0.113063852,0.906813420,0
1815,9778,117.342001000,8.749370749,10.085104998,5.097652244,0.055178520,-0.402428814,-0.113106941,0.906759726,1
1816,9783,117.402001000,8.557604139,10.057077356,5.191045611,0.056898803,-0.401822628,-0.114034726,0.906806034,1
1817,9788,117.462001000,8.368051055,10.026510665,5.298452317,0.055573536,-0.402112373,-0.113731688,0.906797841,0
1818,9793,117.522001000,8.170657224,9.980964146,5.418680650,0.055345222,-0.401929649,-0.113821450,0.906881547,3
1819,9798,117.582001000,7.967720064,9.945761023,5.510834723,0.055284618,-0.401913028,-0.113540801,0.906927790,0
1820,9803,117.642001000,7.773495549,9.908839790,5.639588336,0.055135870,-0.402331227,-0.113610205,0.906742709,0
1821,9808,117.702001000,7.576143246,9.872662668,5.771164507,0.055407836,-0.402318705,-0.114102614,0.906669854,0
1822,9813,117.762001000,7.382408953,9.842150719,5.854040880,0.055758791,-0.402517250,-0.114171337,0.906551557,0
1823,9818,117.822001000,7.181989061,9.802369451,5.961103107,0.055336232,-0.402864377,-0.114414660,0.906392564,0
1824,9823,117.882001000,6.990311158,9.771113884,6.069749029,0.054974736,-0.403344372,-0.114768020,0.906156387,0
1825,9828,117.942001000,6.803039213,9.724482448,6.199372075,0.055229927,-0.403837581,-0.114791868,0.905918148,0
1826,9833,118.002001000,6.593633398,9.690888667,6.308630163,0.055316885,-0.404171491,-0.114721827,0.905772792,0
1827,9838,118.062001000,6.394433209,9.658127992,6.448643724,0.055930729,-0.404591386,-0.115370337,0.905465212,0
1828,9843,118.122001000,6.209225874,9.613663561,6.568684497,0.055904995,-0.404956678,-0.116277283,0.905187447,0
1829,9848,118.182001000,6.054354757,9.590291984,6.668786596,0.056588933,-0.405309057,-0.116372235,0.904975007,0
1830,9854,118.254001000,5.894456331,9.563592674,6.742077457,0.055830971,-0.405273318,-0.116730636,0.904991933,0
1831,9859,118.314001000,5.699036726,9.534813519,6.845243000,0.055990511,-0.404811144,-0.115627613,0.905330468,1
1832,9864,118.374001000,5.508173261,9.506839792,6.960177634,0.055676655,-0.404477239,-0.115648648,0.905496363,0
1833,9869,118.434001000,5.382495618,9.452464613,7.001660022,0.055910115,-0.403821200,-0.115629143,0.905777235,0
1834,9874,118.494001000,5.291059854,9.420568166,7.062561044,0.056077687,-0.403482985,-0.115072580,0.905988452,2
1835,9880,118.566001000,5.272621858,9.411624733,7.074264094,0.056019428,-0.403137872,-0.114761164,0.906185166,0
1836,9885,118.626001000,5.134646715,9.364467909,7.138210045,0.056162374,-0.402800372,-0.114350533,0.906378289,0
1837,9890,118.686001000,4.989139010,9.337357996,7.209960730,0.055840084,-0.403109718,-0.113815585,0.906328005,0
1838,9896,118.758001000,4.871501896,9.327845955,7.266750693,0.055736078,-0.402834188,-0.114169337,0.906412417,0
1839,9901,118.818001000,4.846420645,9.314407098,7.282640433,0.055628784,-0.402932806,-0.114329912,0.906354932,0
1840,9906,118.878001000,4.786584485,9.323952346,7.322066668,0.055852647,-0.403111941,-0.114457510,0.906245399,0
1841,9912,118.950001000,4.755224755,9.300719122,7.357110172,0.055385484,-0.403252264,-0.114308128,0.906230496,7
1842,9917,119.010001000,4.676657267,9.253563706,7.422016718,0.055657803,-0.403470623,-0.114405810,0.906104285,15
1843,9922,119.070001000,4.647251063,9.243599194,7.430889079,0.055689818,-0.402674065,-0.114556594,0.906437548,0
1844,9927,119.130001000,4.434414982,9.255871405,7.526139033,0.055491129,-0.402010579,-0.114171246,0.906792785,12
1845,9932,119.190001000,4.421102158,9.237734600,7.550334643,0.054693631,-0.402504276,-0.113728357,0.906677878,0
1846,9946,119.358001000,4.325641186,9.229809329,7.582048573,0.054298412,-0.402575090,-0.113765441,0.906665541,0
1847,9964,119.574001000,4.281241655,9.217974451,7.610911813,0.054561757,-0.402497799,-0.113588472,0.906706234,0
1848,10030,120.366001000,4.228772270,9.226418599,7.633763770,0.054822490,-0.402366915,-0.113846691,0.906716213,0
1849,10047,120.570001000,4.243814353,9.196066105,7.638662940,0.054342337,-0.402433063,-0.113899618,0.906709114,0
1850,10055,120.666001000,4.234300984,9.190369616,7.647551254,0.054471183,-0.402446259,-0.114151678,0.906663826,0
1851,10060,120.726001000,4.261793227,9.206273605,7.631439623,0.054695394,-0.402688209,-0.114434296,0.906507260,0
1852,10161,121.938001000,4.192628313,9.232454493,7.691741890,0.054461881,-0.404200188,-0.114848450,0.905795752,0
1853,10179,122.154001000,4.157948236,9.263250432,7.726363598,0.055138648,-0.405193117,-0.114920695,0.905301884,0
1854,10186,122.238001000,4.108240735,9.287857319,7.717267710,0.054478479,-0.406509428,-0.115766636,0.904643724,0
1855,10192,122.310001000,4.034102881,9.359869775,7.806702779,0.053910158,-0.408614540,-0.116677635,0.903611743,0
1856,10198,122.382001000,3.884809578,9.481823519,7.935438520,0.051185309,-0.412279982,-0.120328848,0.901624228,0
1857,10203,122.442001000,3.791280018,9.546772803,8.033460338,0.050654389,-0.413923199,-0.123939156,0.900411464,0
1858,10208,122.502001000,3.547208543,9.706177467,8.207866034,0.049269660,-0.418347989,-0.133559547,0.897061485,0
1859,10213,122.562001000,3.382818850,9.836515527,8.326781506,0.046578899,-0.426234975,-0.135521225,0.893189873,0
1860,10218,122.622001000,3.237512294,9.944826185,8.454177195,0.045755121,-0.435378482,-0.135549145,0.888807333,0
1861,10225,122.706001000,3.059407517,10.058439175,8.615722541,0.054713377,-0.441791439,-0.145530683,0.883542637,0
1862,10230,122.766001000,2.838699706,10.214183208,8.776225302,0.062280243,-0.447498556,-0.158233891,0.877968251,0
1863,10235,122.826001000,2.625987886,10.370356486,8.916606981,0.064467487,-0.455430257,-0.166660073,0.872153452,0
1864,10240,122.886001000,2.425989661,10.499705000,9.027877271,0.063243921,-0.465785030,-0.169198707,0.866265727,0
1865,10245,122.946001000,2.254015996,10.630171316,9.113890375,0.059293582,-0.478260649,-0.165028480,0.860532756,0
1866,10250,123.006001000,2.045108609,10.801474769,9.233485927,0.053572793,-0.491574094,-0.158356783,0.854639102,0
1867,10255,123.066001000,1.867625908,10.955192374,9.344175699,0.048009030,-0.503542357,-0.153221643,0.848918934,0
1868,10260,123.126001000,1.688028595,11.070770868,9.419667305,0.043800684,-0.512652381,-0.153604734,0.843608097,0
1869,10265,123.186001000,1.512476195,11.192775252,9.487091181,0.040265801,-0.521312853,-0.154775075,0.838245937,0
1870,10270,123.246001000,1.347350758,11.308481001,9.551332231,0.038937286,-0.529914087,-0.157269110,0.832431003,0
1871,10275,123.306001000,1.174374662,11.398048288,9.597794015,0.038378709,-0.538842449,-0.159318295,0.826313240,0
1872,10280,123.366001000,0.970125351,11.522799057,9.662278131,0.038210254,-0.547663492,-0.161212734,0.820131167,0
1873,10285,123.426001000,0.778214878,11.628440999,9.715118911,0.037899871,-0.556572004,-0.164578708,0.813452551,0
1874,10290,123.486001000,0.581791806,11.738754445,9.757191459,0.038273304,-0.566035170,-0.168155623,0.806140823,0
1875,10295,123.546001000,0.412915288,11.823445212,9.793412317,0.038347799,-0.576106811,-0.171033107,0.798359609,0
1876,10300,123.606001000,0.244363756,11.927220525,9.831444672,0.038669420,-0.586029118,-0.175163300,0.790185021,0
1877,10305,123.666001000,0.060155596,12.020359508,9.872214838,0.039918691,-0.595819632,-0.179234615,0.781844241,0
1878,10310,123.726001000,-0.130524703,12.134028085,9.902666525,0.042957806,-0.604445597,-0.185339893,0.773595030,0
1879,10315,123.786001000,-0.318413637,12.224696482,9.927918307,0.043238033,-0.612254102,-0.187528804,0.766882217,0
1880,10320,123.846001000,-0.489851265,12.305802166,9.956085752,0.043364785,-0.619580712,-0.190296943,0.760280415,0
1881,10325,123.906001000,-0.691860047,12.408525936,9.974164358,0.043034910,-0.626964432,-0.192074201,0.753771251,0
1882,10330,123.966001000,-0.872240309,12.505297740,9.986382096,0.040227449,-0.635178549,-0.192529440,0.746901853,0
1883,10335,124.026001000,-1.038540363,12.568710756,9.998558650,0.039420679,-0.643034032,-0.193772103,0.739868648,1
1884,10340,124.086001000,-1.218897936,12.660806079,10.012061219,0.039834371,-0.650246203,-0.195969683,0.732931771,0
1885,10345,124.146001000,-1.373540958,12.723109129,10.006093843,0.040662377,-0.657079428,-0.198904117,0.725968559,0
1886,10350,124.206001000,-1.532424077,12.793980322,10.009757629,0.043310958,-0.663857286,-0.203982914,0.718198187,1
1887,10355,124.266001000,-1.698392080,12.863731574,10.006177900,0.047182322,-0.670183740,-0.210076925,0.710278304,0
1888,10360,124.326001000,-1.862385329,12.941967358,10.001450147,0.048794783,-0.677279417,-0.213840913,0.702270407,0
1889,10365,124.386001000,-2.033992857,13.027415569,9.992151086,0.050126743,-0.684527824,-0.218441875,0.693680125,0
1890,10370,124.446001000,-2.185378201,13.085095128,9.977137290,0.050888398,-0.692426290,-0.221239639,0.684842482,0
1891,10375,124.506001000,-2.369872166,13.186390526,9.972573800,0.049062127,-0.701571014,-0.220941972,0.675703830,0
1892,10380,124.566001000,-2.522586071,13.251743725,9.936340253,0.045685602,-0.710624239,-0.221026222,0.666388344,0
1893,10385,124.626001000,-2.663072509,13.312575405,9.907133406,0.044040059,-0.719566263,-0.222321644,0.656397709,0
1894,10390,124.686001000,-2.828262541,13.388223177,9.901036451,0.044330340,-0.728226260,-0.223811767,0.646242700,0
1895,10395,124.746001000,-2.994027524,13.457546141,9.872814692,0.048306085,-0.734911686,-0.231108061,0.635736108,0
1896,10400,124.806001000,-3.191497266,13.553124107,9.848725311,0.053106669,-0.741476274,-0.236731282,0.625580464,0
1897,10405,124.866001000,-3.353091538,13.624305374,9.808881702,0.052016105,-0.748989510,-0.238964816,0.615796115,0
1898,10410,124.926001000,-3.550545635,13.745310222,9.782306670,0.049852069,-0.757041944,-0.238459347,0.606250283,0
1899,10415,124.986001000,-3.721604205,13.825338209,9.748584886,0.044622418,-0.764115709,-0.240081340,0.597073675,0
1900,10420,125.046001000,-3.887746590,13.906418615,9.720640200,0.041998763,-0.771402043,-0.240505352,0.587649698,0
1901,10425,125.106001000,-4.053859099,13.976836480,9.688128904,0.042229762,-0.778103107,-0.240807524,0.578605166,0
1902,10430,125.166001000,-4.231331608,14.073656793,9.658219903,0.042577995,-0.782990840,-0.241328689,0.571728015,0
1903,10435,125.226001000,-4.399236991,14.156451599,9.604592667,0.042237943,-0.788907581,-0.244325967,0.562268270,0
1904,10440,125.286001000,-4.616883144,14.264576548,9.569362722,0.042141773,-0.794479726,-0.246087429,0.553594629,0
1905,10445,125.346001000,-4.793290864,14.367591447,9.513653071,0.042802209,-0.799419985,-0.247659260,0.545674399,0
1906,10450,125.406001000,-4.939978672,14.417246011,9.466111879,0.042391215,-0.803428275,-0.250257575,0.538588096,0
1907,10455,125.466001000,-5.070502522,14.496856439,9.410459388,0.041884069,-0.808058884,-0.252190427,0.530741513,0
1908,10460,125.526001000,-5.177691275,14.532023505,9.356100512,0.041494452,-0.812209037,-0.253031757,0.523993913,0
1909,10465,125.586001000,-5.376695225,14.645476195,9.306310176,0.043858179,-0.818017223,-0.253455268,0.514475180,0
1910,10470,125.646001000,-5.449823639,14.634118654,9.279059182,0.043815485,-0.823328373,-0.255555406,0.504878230,0
1911,10475,125.706001000,-5.587585593,14.708507395,9.232725236,-0.042738505,0.828853488,0.257751850,-0.494711330,0
1912,10480,125.766001000,-5.694979309,14.750522579,9.191614250,-0.042201987,0.832417186,0.259605141,-0.487755873,0
1913,10485,125.826001000,-5.850795070,14.848075405,9.135125635,-0.042135191,0.837032210,0.260454758,-0.479338110,0
1914,10490,125.886001000,-5.999882072,14.956616682,9.072328880,-0.042167064,0.840838597,0.261314866,-0.472151388,0
1915,10495,125.946001000,-6.140755594,15.038075491,8.991321613,-0.041510496,0.843907329,0.262916747,-0.465802623,0
1916,10500,126.006001000,-6.325369287,15.184905127,8.913577710,-0.041578661,0.846612759,0.263684397,-0.460422186,0
1917,10505,126.066001000,-6.497970212,15.263644574,8.837013478,-0.041852249,0.847317311,0.264864493,-0.458419638,0
1918,10510,126.126001000,-6.641364710,15.355371614,8.745760521,-0.041806934,0.848122500,0.264730982,-0.457009750,0
1919,10515,126.186001000,-6.791190683,15.444209553,8.672529613,-0.040394011,0.847636804,0.267295174,-0.456545138,0
1920,10520,126.246001000,-6.877968756,15.431108405,8.605307190,-0.039198829,0.846893603,0.269677848,-0.456627348,1
1921,10525,126.306001000,-6.934469328,15.439231196,8.580095597,-0.039643949,0.846583265,0.269235432,-0.457424765,0
1922,10531,126.378001000,-7.103290707,15.542153178,8.498032529,-0.041211511,0.846912724,0.266619853,-0.458207708,0
1923,10536,126.438001000,-7.208244067,15.587739779,8.448250269,-0.040863481,0.846329743,0.267137964,-0.459013563,0
1924,10541,126.498001000,-7.320829812,15.655912727,8.371562195,-0.040462222,0.845550936,0.267096936,-0.460505863,0
1925,10546,126.558001000,-7.386882954,15.654333727,8.338674804,-0.039501426,0.844828968,0.266917196,-0.462016085,1
1926,10552,126.630001000,-7.386691672,15.665645788,8.299215682,-0.037870304,0.843848591,0.268164052,-0.463220722,0
1927,10558,126.702001000,-7.501693870,15.772544101,8.199123237,-0.037337938,0.843242129,0.268780120,-0.464010600,0
1928,10563,126.762001000,-7.573840827,15.807692576,8.140264738,-0.036709652,0.842469540,0.270266616,-0.464600293,0
1929,10569,126.834001000,-7.672892103,15.883743033,8.043877995,-0.037052294,0.842040155,0.269998577,-0.465506470,0
1930,10575,126.906001000,-7.727250018,15.939481465,7.992028262,-0.036862018,0.842103543,0.269587729,-0.465645005,0
1931,10580,126.966001000,-7.803533962,15.957966841,7.941451569,-0.037818851,0.843277686,0.265692766,-0.465682115,0
1932,10585,127.026001000,-7.878189019,15.984878425,7.900171680,-0.040546187,0.844077588,0.261843601,-0.466183398,0
1933,10590,127.086001000,-7.874907649,15.953906382,7.896345405,-0.041448893,0.844207838,0.259967590,-0.466917516,0
1934,10596,127.158001000,-7.940662966,15.964258553,7.907580191,-0.041734456,0.844256768,0.259209113,-0.467225193,0
1935,10601,127.218001000,-8.016347063,15.998977890,7.846605379,-0.040832522,0.843274345,0.260881400,-0.468147390,0
1936,10606,127.278001000,-8.107914604,16.066816872,7.755093732,-0.039963219,0.842245693,0.263189367,-0.468781923,0
1937,10611,127.338001000,-8.211903411,16.117008998,7.626021272,-0.036665344,0.840223666,0.268361247,-0.469746831,0
1938,10616,127.398001000,-8.363401066,16.214395653,7.485627354,-0.034086808,0.838315571,0.271862890,-0.471333918,0
1939,10621,127.458001000,-8.461324638,16.238956523,7.383524716,-0.033214942,0.836785822,0.273385874,-0.473229775,0
1940,10626,127.518001000,-8.554065248,16.285222783,7.290188685,-0.033834378,0.835362263,0.272485294,-0.476210972,0
1941,10631,127.578001000,-8.568432575,16.258958996,7.291065515,-0.034315244,0.835185363,0.271321431,-0.477150452,1
1942,10636,127.638001000,-8.652060060,16.284313429,7.205726948,-0.035150553,0.835213748,0.270544762,-0.477480854,0
1943,10641,127.698001000,-8.747489200,16.285260390,7.094128497,-0.036685349,0.835707186,0.268366446,-0.477731236,0
1944,10646,127.758001000,-8.856905045,16.343380373,6.963845973,-0.038475490,0.837172301,0.263049773,-0.477982210,0
1945,10651,127.818001000,-8.957235752,16.365891944,6.837562319,-0.039849663,0.838817534,0.258579677,-0.477424026,1
1946,10656,127.878001000,-9.068827049,16.392529768,6.721204311,-0.041487446,0.839707479,0.256484120,-0.476850121,0
1947,10661,127.938001000,-9.176999814,16.419245342,6.588227678,-0.042311650,0.840260276,0.255149033,-0.476520055,0
1948,10666,127.998001000,-9.273546983,16.444699870,6.486205052,-0.043285036,0.840227255,0.255424706,-0.476343137,0
1949,10671,128.058001000,-9.379669948,16.461513077,6.355944371,-0.043440842,0.840428498,0.255389988,-0.475992423,0
1950,10676,128.118001000,-9.467407724,16.446707288,6.238471088,-0.048188771,0.841807164,0.251083072,-0.475390190,0
1951,10681,128.178001000,-9.606849743,16.570338133,6.084972479,-0.054611781,0.844867121,0.240529650,-0.474723696,0
1952,10686,128.238001000,-9.748627211,16.677378616,5.942873998,-0.058134336,0.846392658,0.235041288,-0.474336864,0
1953,10692,128.310001000,-9.884799497,16.788848113,5.819959796,-0.059571684,0.846533678,0.233289627,-0.474771415,0
1954,10697,128.370001000,-9.984714840,16.861004505,5.712526368,-0.056382918,0.844616934,0.239472455,-0.475495683,0
1955,10702,128.430001000,-10.150912094,17.005167229,5.533385869,-0.051831827,0.842361852,0.245886382,-0.476738775,0
1956,10707,128.490001000,-10.303440046,17.180674862,5.412749876,-0.043577621,0.837107732,0.257630285,-0.480601989,0
1957,10712,128.550001000,-10.409926530,17.298089836,5.307178457,-0.032875566,0.829837815,0.267298617,-0.488712438,0
1958,10717,128.610001000,-10.537117032,17.383263886,5.159824042,-0.018628640,0.823347726,0.270493807,-0.498582587,0
1959,10722,128.670001000,-10.690189602,17.550404163,4.992802828,0.016904559,-0.814690669,-0.275994256,0.509725927,0
1960,10727,128.730001000,-10.817616903,17.709285554,4.872732786,0.014063225,-0.806604029,-0.281994210,0.519298981,0
1961,10732,128.790001000,-10.955771939,17.868018331,4.761013313,0.008289020,-0.797536178,-0.288329413,0.529842888,5
1962,10737,128.850001000,-11.074282303,17.944921856,4.591966525,0.007657615,-0.788534912,-0.286019854,0.544377348,8
1963,10743,128.922001000,-11.185019726,18.032722096,4.522538598,0.012170399,-0.784019749,-0.276235287,0.555750827,9
1964,10748,128.982001000,-11.374244380,18.232855963,4.363240210,0.020669872,-0.778121695,-0.259873321,0.571458871,5
1965,10753,129.042001000,-11.580259784,18.421952876,4.142863914,0.021862006,-0.770493068,-0.243544498,0.588683754,1
1966,10759,129.114001000,-11.636863303,18.474050792,4.085794153,0.015139056,-0.768798549,-0.231481044,0.595932989,0
1967,10767,129.210001000,-11.690348734,18.530249091,4.070752036,0.011301429,-0.767728675,-0.225277083,0.599762615,0
1968,10773,129.282001000,-11.783365810,18.687403614,4.010043335,0.004095053,-0.763137984,-0.210096104,0.611116417,0
1969,10778,129.342001000,-11.978268544,18.902127268,3.906937830,0.003686771,-0.755287300,-0.184786057,0.628793778,0
1970,10783,129.402001000,-12.087302795,19.033012883,3.850557572,0.008284428,-0.748992649,-0.175591107,0.638834206,0
1971,10788,129.462001000,-12.252596353,19.291322576,3.784455380,0.016515751,-0.737735681,-0.163915217,0.654679384,0
1972,10793,129.522001000,-12.432535525,19.448713825,3.702891824,0.021666406,-0.726291302,-0.153359070,0.669710764,0
1973,10798,129.582001000,-12.568902369,19.614275502,3.658371612,0.025016626,-0.716826387,-0.145468850,0.681449128,0
1974,10803,129.642001000,-12.723014438,19.744642701,3.596693926,0.030510802,-0.704103203,-0.139742913,0.695542730,0
1975,10808,129.702001000,-12.879588908,19.878996804,3.538532587,0.035938136,-0.691439736,-0.132359542,0.709295773,0
1976,10813,129.762001000,-13.105714618,20.077652897,3.536900962,0.040626241,-0.678111321,-0.129392912,0.722337885,0
1977,10818,129.822001000,-13.259747009,20.176329562,3.503586893,0.044602560,-0.663259363,-0.131155685,0.735456195,0
1978,10823,129.882001000,-13.422798317,20.271354665,3.491031483,0.048873697,-0.648575286,-0.132956901,0.747852875,0
1979,10828,129.942001000,-13.561349566,20.333995920,3.481303054,0.051107816,-0.635623883,-0.131671515,0.758968302,0
1980,10833,130.002001000,-13.641186130,20.360689129,3.495555061,0.059833873,-0.623931452,-0.128282384,0.768552588,0
1981,10838,130.062001000,-13.780311153,20.491814895,3.520871188,0.064299558,-0.614827834,-0.126266164,0.775828046,0
1982,10843,130.122001000,-13.910380647,20.570025731,3.562930467,0.064014542,-0.604323576,-0.136896786,0.782275158,0
1983,10848,130.182001000,-13.988657856,20.581706841,3.592377076,0.062409014,-0.595568330,-0.145138541,0.787615568,0
1984,10853,130.242001000,-14.047865533,20.567127407,3.625000599,0.061284323,-0.588137735,-0.147977355,0.792742669,0
1985,10858,130.302001000,-14.124009925,20.584160260,3.665676749,0.059181977,-0.582365306,-0.145537366,0.797600789,0
1986,10863,130.362001000,-14.202571145,20.598002566,3.730251833,0.056261097,-0.577597964,-0.140106988,0.802237691,0
1987,10868,130.422001000,-14.281224609,20.597475115,3.811147779,0.053611297,-0.572519444,-0.132991021,0.807255043,0
1988,10873,130.482001000,-14.356356995,20.605896369,3.890908627,0.049165383,-0.567924286,-0.122865450,0.812372360,0
1989,10878,130.542001000,-14.409692930,20.631108482,3.991424909,0.047812181,-0.562606569,-0.114848071,0.817311302,0
1990,10883,130.602001000,-14.458962436,20.639016506,4.117648097,0.048091643,-0.557086387,-0.109905703,0.821743687,0
1991,10888,130.662001000,-14.483329391,20.643567778,4.266755479,0.051498482,-0.549828389,-0.108131066,0.826646431,0
1992,10893,130.722001000,-14.526453254,20.656114637,4.384465388,0.057272137,-0.541256868,-0.109503996,0.831726986,0
1993,10898,130.782001000,-14.596628544,20.669340128,4.520399731,0.057617607,-0.534441306,-0.105375279,0.836629399,0
1994,10903,130.842001000,-14.621904627,20.650400904,4.683496250,0.058779075,-0.527437708,-0.100657838,0.841559555,0
1995,10908,130.902001000,-14.621237531,20.653647158,4.833083843,0.059791707,-0.519898043,-0.094631440,0.846862366,0
1996,10913,130.962001000,-14.630735001,20.658516404,4.975453142,0.060073202,-0.512038345,-0.087843763,0.852344659,0
1997,10918,131.022001000,-14.635608808,20.671316110,5.150366058,0.061142275,-0.503690350,-0.081643325,0.857841489,0
1998,10923,131.082001000,-14.637519949,20.686177645,5.365755095,0.063941449,-0.493412399,-0.076888087,0.864027730,0
1999,10928,131.142001000,-14.660642340,20.685025574,5.564820527,0.066218034,-0.482342989,-0.070419861,0.870632791,0
2000,10933,131.202001000,-14.679604833,20.697344087,5.778146004,0.069481759,-0.470447744,-0.065336112,0.877258455,0
2001,10938,131.262001000,-14.690167563,20.733508115,6.020514254,0.072318729,-0.457132207,-0.061538395,0.884315087,0
2002,10943,131.322001000,-14.629702236,20.744531406,6.237380445,0.077309981,-0.442080499,-0.060278942,0.891602181,0
2003,10948,131.382001000,-14.630489279,20.762353326,6.502100120,0.083257834,-0.425272540,-0.060560228,0.899190669,0
2004,10953,131.442001000,-14.587608574,20.778842935,6.708456769,0.087668018,-0.408730359,-0.059918174,0.906456632,0
2005,10958,131.502001000,-14.520791826,20.813575036,6.919518189,0.090509721,-0.393723360,-0.055308614,0.913088639,0
2006,10963,131.562001000,-14.452069702,20.827466534,7.135849990,0.091752860,-0.379364414,-0.047517566,0.919459697,0
2007,10968,131.622001000,-14.402679864,20.849545083,7.369257447,0.094330311,-0.364181545,-0.041037274,0.925629265,0
2008,10973,131.682001000,-14.367267060,20.876590661,7.618978760,0.096198351,-0.349284324,-0.034776670,0.931416621,0
2009,10978,131.742001000,-14.315520744,20.896710021,7.875266941,0.096550299,-0.334994054,-0.027520783,0.936856248,0
2010,10983,131.802001000,-14.297411846,20.919594405,8.147490580,0.098139456,-0.320408717,-0.019767489,0.941974600,0
2011,10988,131.862001000,-14.244258827,20.934362367,8.394943810,0.097684567,-0.306089713,-0.011243624,0.946910975,0
2012,10993,131.922001000,-14.184798652,20.965816452,8.649540442,0.098310327,-0.292757653,-0.002246545,0.951116706,0
2013,10998,131.982001000,-14.066178948,20.986906390,8.843682057,0.100037581,-0.279170783,0.006268093,0.954995742,0
2014,11003,132.042001000,-13.934275704,21.032071611,8.994723226,0.100798755,-0.264764794,0.014192324,0.958925332,0
2015,11008,132.102001000,-13.805875710,21.066517667,9.194713439,0.101865457,-0.250544009,0.021061293,0.962500675,0
2016,11014,132.174001000,-13.755294487,21.096789192,9.399179464,0.103234289,-0.241959602,0.024526731,0.964467040,0
2017,11019,132.234001000,-13.700483303,21.138088109,9.663181634,0.103369671,-0.231280363,0.027551531,0.966987600,0
2018,11026,132.318001000,-13.676831497,21.153454190,9.817544376,0.101812746,-0.226108969,0.028898620,0.968335566,0
2019,11031,132.378001000,-13.605013596,21.208506786,10.174544940,0.095232264,-0.212191009,0.027279424,0.972194232,0
2020,11036,132.438001000,-13.529579398,21.250470037,10.464940540,0.090780067,-0.201738159,0.027163106,0.974845044,0
2021,11041,132.498001000,-13.417201007,21.264579271,10.779432337,0.087041858,-0.189708740,0.030508136,0.977498625,1
2022,11046,132.558001000,-13.310871123,21.302694249,11.117215679,0.083376934,-0.176883192,0.031870512,0.980175950,3
2023,11051,132.618001000,-13.190620317,21.302390446,11.429832902,0.084819826,-0.163672633,0.031317358,0.982362504,3
2024,11056,132.678001000,-13.076438046,21.314460292,11.715860247,0.093137537,-0.149115074,0.027390064,0.984042620,7
2025,11061,132.738001000,-12.929126841,21.326185868,12.000106117,0.104435365,-0.134602338,0.018529695,0.985206636,2
2026,11066,132.798001000,-12.818649128,21.381055315,12.316864530,0.113197622,-0.121791067,0.008416823,0.986043808,0
2027,11071,132.858001000,-12.724961236,21.405030574,12.562768165,0.113920045,-0.114391947,0.004477261,0.986872160,0
2028,11076,132.918001000,-12.625800025,21.421822222,12.808663524,0.115386445,-0.107738432,0.002242975,0.987458033,0
2029,11081,132.978001000,-12.549932194,21.451001620,13.039347564,0.117690712,-0.101701416,0.003144999,0.987823783,0
2030,11086,133.038001000,-12.483750522,21.464590675,13.222731776,0.111804156,-0.096385852,0.003835095,0.989037355,4
2031,11091,133.098001000,-12.402233624,21.480857414,13.465778466,0.102910385,-0.089887466,0.004477854,0.990610743,13
2032,11096,133.158001000,-12.300295032,21.487049424,13.752066906,0.092754212,-0.081127824,0.006841572,0.992354838,43
2033,11101,133.218001000,-12.185524554,21.477229913,13.889514802,0.089659407,-0.074058671,0.008963342,0.993174789,28
2034,11106,133.278001000,-12.070961027,21.457724835,14.025443450,0.083697470,-0.066940108,0.012710449,0.994159042,74
2035,11111,133.338001000,-11.952894853,21.438089231,14.159409898,0.076173332,-0.059746445,0.016393832,0.995167940,110
2036,11116,133.398001000,-11.845275729,21.421930361,14.314331557,0.064946654,-0.052676999,0.019130942,0.996313742,122
2037,11121,133.458001000,-11.738611403,21.375139938,14.466102248,0.061222768,-0.045103281,0.022578680,0.996848870,191
2038,11126,133.518001000,-11.632649048,21.346420256,14.614707975,0.068068200,-0.038030814,0.028196231,0.996556747,226
2039,11131,133.578001000,-11.530856797,21.317873604,14.780554194,0.078661257,-0.031440730,0.033419414,0.995844882,192
2040,11136,133.638001000,-11.422733097,21.291466574,14.914073527,0.094767902,-0.025160198,0.037223588,0.994484999,148
2041,11141,133.698001000,-11.316944142,21.268395697,15.042799920,0.105428012,-0.019411479,0.040098038,0.993428546,100
2042,11146,133.758001000,-11.219343812,21.242846101,15.210192129,0.110799312,-0.015131842,0.043580473,0.992771516,106
2043,11151,133.818001000,-11.100383464,21.218478500,15.272731962,0.114548423,-0.009711352,0.044815569,0.992358762,86
2044,11156,133.878001000,-10.983082234,21.196779842,15.408627109,0.118380135,-0.000328563,0.037129300,0.992273879,112
2045,11161,133.938001000,-10.892306542,21.178634663,15.570203016,0.113310742,0.011771495,0.021976994,0.993246757,142
2046,11166,133.998001000,-10.803869757,21.163666371,15.691199884,0.092353350,0.022648759,0.011998401,0.995396369,160
2047,11171,134.058001000,-10.716691162,21.121655551,15.802112602,0.067234691,0.030098644,0.012103618,0.997209642,257
2048,11176,134.118001000,-10.626503572,21.088602422,15.935465328,0.049037037,0.038677276,0.010574030,0.997991797,398
2049,11181,134.178001000,-10.553421624,21.037854976,16.068903822,0.034365920,0.048727745,0.009591033,0.998174635,368
2050,11186,134.238001000,-10.491517562,20.984748253,16.205721819,0.024648623,0.058751379,0.010776631,0.997910109,441
2051,11191,134.298001000,-10.432582730,20.926755847,16.344916358,0.015000871,0.066791163,0.018464548,0.997483321,535
2052,11200,134.406001000,-10.331352640,20.795093692,16.604071388,-0.007086830,0.082723355,0.035078675,0.995929772,457
2053,11208,134.502001000,-10.245710603,20.659651798,16.850023338,-0.026558343,0.094979386,0.047895497,0.993971625,431
2054,11216,134.598001000,-10.168526051,20.488940767,17.117242751,-0.031015437,0.106873121,0.056144918,0.992201556,340
2055,11221,134.658001000,-10.123100428,20.379426439,17.298872544,-0.020725889,0.112816124,0.065539126,0.991235382,343
2056,11226,134.718001000,-10.073560741,20.271361118,17.472876233,-0.014748366,0.119918320,0.068248296,0.990325327,361
2057,11231,134.778001000,-10.026532766,20.148578930,17.658495152,-0.013947200,0.125439356,0.071862206,0.989396921,403
2058,11236,134.838001000,-9.975006070,20.003205384,17.848439616,-0.010939151,0.131843409,0.070313973,0.988713101,440
2059,11241,134.898001000,-9.926938820,19.855765170,18.045498720,-0.000182224,0.139060086,0.065853567,0.988091882,350
2060,11246,134.958001000,-9.876221454,19.695581471,18.261679365,0.015388773,0.146163025,0.062285257,0.987177848,342
2061,11251,135.018001000,-9.834859662,19.531630974,18.479958182,0.029555613,0.152646512,0.060277054,0.985998065,243
2062,11256,135.078001000,-9.794981719,19.349720326,18.708218968,0.048395376,0.159257488,0.060129479,0.984215112,102
2063,11261,135.138001000,-9.761205603,19.183167637,18.930776639,0.068103952,0.163531984,0.066788774,0.981915679,51
2064,11266,135.198001000,-9.727188159,18.999702092,19.161486373,0.082914234,0.166896058,0.081484060,0.979097178,30
2065,11271,135.258001000,-9.687271345,18.830198635,19.363273967,0.093268447,0.169268742,0.102369207,0.975791799,17
2066,11276,135.318001000,-9.634936867,18.636141898,19.580527715,0.099706666,0.175439458,0.117240514,0.972385849,7
2067,11281,135.378001000,-9.605195863,18.441684883,19.781645777,0.104304722,0.183583255,0.132037786,0.968495605,2
2068,11286,135.438001000,-9.563379865,18.258018291,20.008921682,0.108494299,0.189949965,0.153222197,0.963675753,2
2069,11291,135.498001000,-9.516858767,18.071551990,20.213689061,0.112481490,0.197913387,0.174987171,0.957892319,2
2070,11296,135.558001000,-9.470259951,17.865287946,20.416146406,0.114238071,0.211578302,0.190632632,0.951758102,5
2071,11301,135.618001000,-9.413287337,17.666711580,20.609915827,0.118199313,0.227584484,0.207794732,0.943957401,1
2072,11306,135.678001000,-9.366718711,17.455503060,20.781184426,0.123765466,0.244131604,0.228009675,0.934394701,6
2073,11313,135.762001000,-9.342022137,17.233479982,20.886344317,0.129268727,0.263917136,0.243199884,0.924386909,1
2074,11318,135.822001000,-9.332192612,17.006756604,20.979679630,0.125813606,0.286818164,0.252015320,0.915638879,0
2075,11323,135.882001000,-9.254954911,16.852072112,21.110893953,0.122709014,0.306019480,0.255710448,0.908794115,0
2076,11328,135.942001000,-9.223190649,16.634907875,21.137107371,0.115116307,0.329735321,0.245018865,0.904427227,0
2077,11333,136.002001000,-9.146316837,16.479133556,21.303957610,0.118543124,0.360234603,0.226339766,0.897189427,0
2078,11338,136.062001000,-9.080355255,16.414954349,21.552891988,0.107501526,0.380391494,0.218899360,0.892092374,0
2079,11343,136.122001000,-9.023677871,16.212367968,21.702929569,0.094242638,0.392374457,0.219645959,0.888209583,0
2080,11349,136.194001000,-8.967941861,16.043719688,21.837359419,0.085812561,0.399591430,0.219783413,0.885809316,0
2081,11354,136.254001000,-8.902791900,15.918603608,21.972719952,0.081813985,0.402443578,0.219473867,0.884972802,0
2082,11359,136.314001000,-8.784905926,15.788714445,22.187167493,0.079153034,0.400537893,0.217515365,0.886561481,0
2083,11364,136.374001000,-8.705629601,15.653090633,22.383066570,0.078751323,0.391369961,0.213540753,0.891643499,0
2084,11369,136.434001000,-8.601534402,15.539399389,22.580468546,0.079523364,0.379622067,0.207993685,0.897943065,0
2085,11374,136.494001000,-8.498078474,15.451259965,22.773693753,0.080576690,0.366597573,0.201538882,0.904707520,0
2086,11379,136.554001000,-8.377125210,15.351224847,22.967130745,0.080913637,0.353710110,0.196757832,0.910839447,0
2087,11384,136.614001000,-8.261742232,15.259860015,23.149875138,0.081984877,0.342351366,0.191530184,0.916182411,0
2088,11389,136.674001000,-8.132708004,15.174192935,23.345132980,0.084121751,0.332476071,0.187148187,0.920520912,0
2089,11394,136.734001000,-8.030507769,15.109010094,23.544245205,0.086072098,0.323269661,0.182255389,0.924592501,0
2090,11399,136.794001000,-7.938183156,15.056698823,23.734992222,0.086214358,0.315623089,0.177214066,0.928194120,0
2091,11404,136.854001000,-7.833670654,14.982550703,23.943276400,0.085578095,0.310589168,0.170492310,0.931205203,0
2092,11409,136.914001000,-7.719491414,14.935385874,24.170724173,0.085704991,0.305795472,0.163664808,0.934000864,0
2093,11414,136.974001000,-7.600312811,14.880252534,24.403592247,0.086744050,0.298875055,0.157230240,0.937244804,0
2094,11419,137.034001000,-7.550277588,14.846044890,24.494795741,0.085246325,0.295715700,0.146353000,0.940141526,0
2095,11424,137.094001000,-7.546926192,14.759612925,24.614308286,0.083065810,0.293863017,0.135434426,0.942550855,0
2096,11429,137.154001000,-7.534906134,14.752719417,24.690238040,0.081318500,0.291044819,0.126416613,0.944827527,0
2097,11434,137.214001000,-7.491615995,14.773756487,24.818074057,0.080506874,0.288435807,0.119811121,0.946556245,0
2098,11439,137.274001000,-7.522969446,14.765050930,24.904602116,0.079434535,0.286140352,0.114056804,0.948053215,0
2099,11444,137.334001000,-7.551558499,14.764528924,24.909842679,0.076263862,0.287140713,0.104648892,0.949095698,0
2100,11449,137.394001000,-7.598571277,14.733686113,24.863261184,0.071338093,0.291723918,0.088170460,0.949754706,0
2101,11454,137.454001000,-7.622975729,14.707933043,24.979208916,0.067578601,0.294725102,0.077981321,0.949994295,0
2102,11459,137.514001000,-7.637075377,14.700230304,25.060857360,0.066125553,0.295740774,0.074379738,0.950069713,0
2103,11464,137.574001000,-7.701422805,14.736545360,25.137911958,0.065671575,0.297086562,0.071110841,0.949931612,0
2104,11469,137.634001000,-7.705344173,14.702692220,25.235968545,0.063801479,0.298444800,0.067327649,0.949908975,0
2105,11474,137.694001000,-7.842081212,14.655592268,25.193505893,0.063076553,0.298578437,0.065704066,0.950029074,0
2106,11479,137.754001000,-7.934721090,14.593221191,25.372088657,0.065862187,0.294358855,0.072276924,0.950679275,0
2107,11484,137.814001000,-7.979471110,14.581086432,25.520409236,0.073443219,0.284532973,0.085630302,0.952005532,0
2108,11489,137.874001000,-8.066947094,14.551689426,25.665011806,0.081472225,0.271131207,0.094517351,0.954419517,0
2109,11494,137.934001000,-8.104685433,14.535272422,25.899267058,0.084485084,0.257444522,0.097986397,0.957592426,0
2110,11499,137.994001000,-8.177889102,14.515138895,26.086712123,0.089418677,0.242183957,0.099877851,0.960924371,0
2111,11504,138.054001000,-8.232773972,14.484849732,26.323503115,0.091391967,0.225900670,0.103588546,0.964305869,0
2112,11510,138.126001000,-8.335928615,14.458517920,26.438856305,0.096489922,0.206330625,0.112412887,0.967202518,0
2113,11516,138.198001000,-8.422695875,14.432728751,26.608305599,0.100345479,0.187993425,0.114827399,0.970259720,0
2114,11521,138.258001000,-8.450425969,14.409720486,26.787942047,0.101404141,0.175330677,0.110751313,0.972990493,0
2115,11526,138.318001000,-8.463419884,14.392797832,27.075461670,0.102498363,0.159601241,0.101909728,0.976542849,0
2116,11531,138.378001000,-8.468316890,14.373526139,27.339736698,0.104467550,0.144187565,0.092689639,0.979645399,0
2117,11536,138.438001000,-8.466400518,14.370081881,27.603672498,0.105908040,0.131296795,0.087878268,0.981744391,0
2118,11541,138.498001000,-8.462341617,14.365590135,27.903535372,0.107361857,0.113789998,0.082166531,0.984263140,0
2119,11547,138.570001000,-8.439190173,14.346605419,28.103365106,0.108295118,0.102438715,0.079553829,0.985621462,0
2120,11552,138.630001000,-8.423563557,14.306569852,28.326455990,0.109473992,0.087006291,0.075115118,0.987321158,0
2121,11560,138.726001000,-8.434342836,14.285702863,28.429105933,0.110171556,0.075912474,0.070443985,0.988502488,0
2122,11565,138.786001000,-8.452566172,14.266066716,28.594793454,0.111071839,0.062702326,0.062067684,0.989888412,0
2123,11570,138.846001000,-8.435360707,14.282721994,28.779183764,0.112959541,0.048701852,0.057072518,0.990762837,0
2124,11650,139.806001000,-8.420995916,14.278172835,28.810447872,0.112949078,0.041960435,0.055166045,0.991180375,0
2125,11655,139.866001000,-8.312472382,14.264784122,28.779803486,0.113485914,0.030426924,0.050942871,0.991766088,0
2126,11660,139.926001000,-8.197736053,14.253933088,28.768872931,0.115453184,0.017465601,0.043573119,0.992203053,0
2127,11666,139.998001000,-8.062575385,14.257004749,28.824835569,0.117046091,0.005076565,0.036170361,0.992454607,0
2128,11671,140.058001000,-8.002754106,14.225176953,28.938168712,0.116032234,-0.004592001,0.031702479,0.992728758,0
2129,11676,140.118001000,-7.896396792,14.199179880,29.050452914,0.115603701,-0.018345965,0.027537685,0.992744119,0
2130,11681,140.178001000,-7.806275085,14.225928604,29.137899227,0.115916648,-0.030401521,0.022803159,0.992531659,0
2131,11686,140.238001000,-7.763186335,14.221924466,29.238304900,0.116631858,-0.040159110,0.019474801,0.992171854,0
2132,11691,140.298001000,-7.696572951,14.218623574,29.367574947,0.117674547,-0.054494010,0.015453569,0.991435470,0
2133,11696,140.358001000,-7.627603670,14.227848658,29.502938172,0.117834490,-0.068911653,0.010241411,0.990586357,0
2134,11701,140.418001000,-7.571089384,14.241587054,29.733522783,0.117695343,-0.087184347,0.003462818,0.989209131,0
2135,11706,140.478001000,-7.486474278,14.252599525,29.921597543,0.116115036,-0.105910699,-0.004495578,0.987562662,0
2136,11711,140.538001000,-7.411969136,14.235127066,30.071053515,0.116124254,-0.123987447,-0.012758515,0.985382916,0
2137,11716,140.598001000,-7.318225562,14.248082377,30.247962015,0.117443445,-0.142308930,-0.019875061,0.982629222,0
2138,11721,140.658001000,-7.204498256,14.236199852,30.322503518,0.119134258,-0.158651528,-0.027961400,0.979721839,0
2139,11726,140.718001000,-7.090655913,14.281331344,30.438914082,0.121613918,-0.175054532,-0.034387869,0.976413560,0
2140,11731,140.778001000,-6.986980584,14.312294331,30.523138195,0.122505799,-0.190336948,-0.040550706,0.973200809,0
2141,11736,140.838001000,-6.897013315,14.340571813,30.637702711,0.123097131,-0.205376956,-0.047393914,0.969753174,0
2142,11741,140.898001000,-6.817896208,14.358669659,30.773935810,0.122575868,-0.221121330,-0.054225320,0.965991785,0
2143,11746,140.958001000,-6.741187759,14.380771703,30.884130822,0.123238110,-0.237643342,-0.061276269,0.961552510,0
2144,11751,141.018001000,-6.653893059,14.413205865,31.023528811,0.122764797,-0.254032541,-0.068105172,0.956952433,0
2145,11756,141.078001000,-6.531512080,14.405608926,31.112410041,0.125068126,-0.265775795,-0.082448715,0.952325260,0
2146,11761,141.138001000,-6.451675386,14.440232607,31.211024012,0.130495517,-0.275152870,-0.100576328,0.947178030,0
2147,11766,141.198001000,-6.349199287,14.468462481,31.328129118,0.134421109,-0.284531776,-0.117803854,0.941857147,0
2148,11771,141.258001000,-6.342396180,14.548820282,31.561468742,0.132731894,-0.292272089,-0.135388688,0.937352214,0
2149,11776,141.318001000,-6.331820757,14.571427409,31.707008155,0.122799007,-0.298145143,-0.153180921,0.934112136,0
2150,11781,141.378001000,-6.260346825,14.574812637,31.752938151,0.120246345,-0.305923752,-0.163801153,0.930118625,0
2151,11786,141.438001000,-6.194342504,14.616269013,31.815222956,0.120781168,-0.314997121,-0.169461702,0.925997546,0
2152,11791,141.498001000,-6.141801695,14.681221067,31.868455945,0.121527804,-0.324759867,-0.173261077,0.921814852,0
2153,11796,141.558001000,-6.077551748,14.725408119,31.889218625,0.122755732,-0.336074479,-0.172522139,0.917726041,0
2154,11801,141.618001000,-6.021702021,14.803895803,31.949567799,0.126217502,-0.348231044,-0.170720957,0.913049088,0
2155,11806,141.678001000,-5.976405017,14.904236371,32.015936516,0.131848168,-0.360606430,-0.168434026,0.907859594,0
2156,11811,141.738001000,-5.951586976,15.032199438,32.121509525,0.134713065,-0.371639274,-0.168232021,0.903014190,0
2157,11816,141.798001000,-5.916610640,15.132919508,32.170918137,0.132119226,-0.381165416,-0.170890075,0.898918249,0
2158,11821,141.858001000,-5.897509721,15.231198522,32.232679804,0.127453063,-0.390305340,-0.174227142,0.895020872,0
2159,11826,141.918001000,-5.843403859,15.307683958,32.258957593,0.122988283,-0.397886072,-0.179594979,0.891238576,0
2160,11831,141.978001000,-5.836529684,15.387463928,32.311944892,0.124762594,-0.401843876,-0.191694414,0.886684299,0
2161,11836,142.038001000,-5.873074844,15.478001475,32.351173045,0.129628081,-0.404552677,-0.204878421,0.881792790,0
2162,11841,142.098001000,-5.870843735,15.592556577,32.407889220,0.136274779,-0.408706948,-0.215039102,0.876439387,0
2163,11846,142.158001000,-5.903499725,15.691825061,32.434133306,0.143528143,-0.411024783,-0.226028328,0.871418094,0
2164,11851,142.218001000,-5.941967525,15.802906811,32.453126806,0.151652066,-0.412966538,-0.237988241,0.865922564,0
2165,11856,142.278001000,-6.003891677,15.927202294,32.479480109,0.157719196,-0.416365130,-0.247725363,0.860463177,0
2166,11861,142.338001000,-6.093335695,16.064673586,32.526534534,0.159415107,-0.421301489,-0.254732389,0.855688781,0
2167,11866,142.398001000,-6.189183300,16.216805496,32.576382121,0.157820774,-0.426935201,-0.262595248,0.850801195,0
2168,11871,142.458001000,-6.273038993,16.349765687,32.591374216,0.154285488,-0.433121686,-0.271210896,0.845604070,0
2169,11876,142.518001000,-6.342575479,16.492125183,32.600682207,0.150580230,-0.438791537,-0.281305250,0.840032700,0
2170,11881,142.578001000,-6.446614504,16.640964155,32.585557988,0.146053067,-0.444659482,-0.290551264,0.834581578,0
2171,11886,142.638001000,-6.542291214,16.781217965,32.525123378,0.140394908,-0.452338271,-0.296948971,0.829156600,0
2172,11891,142.698001000,-6.680992736,16.934973687,32.448714639,0.136977909,-0.464570343,-0.296054027,0.823263908,0
2173,11896,142.758001000,-6.814773295,17.099809430,32.385458050,0.137386737,-0.480418543,-0.292941060,0.815173873,0
2174,11901,142.818001000,-6.966959200,17.306453678,32.365362376,0.138136752,-0.496234432,-0.291113549,0.806177727,0
2175,11906,142.878001000,-7.131562984,17.506487176,32.350049822,0.137003889,-0.509291938,-0.288919466,0.798985105,0
2176,11911,142.938001000,-7.314681506,17.697399455,32.302399949,0.129829965,-0.518842718,-0.286434922,0.794922292,0
2177,11916,142.998001000,-7.502351998,17.886706658,32.218446757,0.126473416,-0.526744020,-0.287161394,0.789989586,0
2178,11921,143.058001000,-7.688395366,18.012482752,32.166095878,0.127562468,-0.535072099,-0.287338183,0.784131644,0
2179,11926,143.118001000,-7.813513889,18.127445850,32.129961837,0.128031987,-0.543162827,-0.285106931,0.779291981,0
2180,11932,143.190001000,-7.998178610,18.319884560,32.095650734,0.127100638,-0.552822982,-0.283435355,0.773237724,0
2181,11937,143.250001000,-8.248705564,18.548025334,32.059348813,0.122078860,-0.564727902,-0.280117510,0.766624634,0
2182,11945,143.346001000,-8.453999955,18.717995917,32.007741607,0.118297768,-0.573267540,-0.279630374,0.761036674,0
2183,11952,143.430001000,-8.631142063,18.852879685,31.980485181,0.115910771,-0.581126772,-0.277940948,0.756045764,0
2184,11959,143.514001000,-8.756649327,18.930175691,31.953936111,0.114092942,-0.586775305,-0.276015623,0.752657238,0
2185,11975,143.706001000,-8.874025855,19.013777651,31.938646429,0.114371571,-0.592141837,-0.274489440,0.748961104,0
2186,11981,143.778001000,-8.930449103,19.059630508,31.940079402,0.114321072,-0.594133247,-0.274635109,0.747336561,0
2187,11991,143.898001000,-8.992699732,19.103692779,31.937619241,0.113785486,-0.596239523,-0.275328810,0.745483294,0
2188,11996,143.958001000,-9.055959102,19.151882456,31.939431037,0.113462817,-0.598340250,-0.275991455,0.743601944,1
2189,12001,144.018001000,-9.277234247,19.320164416,31.933991033,0.112137841,-0.605043258,-0.279711782,0.736959347,1
2190,12006,144.078001000,-9.566778610,19.530335766,31.926384487,0.110965274,-0.612340718,-0.282659285,0.729951561,1
2191,12011,144.138001000,-9.764283685,19.684253773,31.931381090,0.118898195,-0.613621725,-0.292638294,0.723667345,4
2192,12020,144.246001000,-9.913475775,19.786024968,31.909046631,0.123717109,-0.612752388,-0.301057450,0.720134015,8
2193,12025,144.306001000,-10.164699058,19.960883534,31.856249066,0.116088731,-0.617861639,-0.295368462,0.719394101,12
2194,12030,144.366001000,-10.383771544,20.114181202,31.810216012,0.112718616,-0.620823355,-0.293483091,0.718150786,16
2195,12035,144.426001000,-10.582663794,20.250745716,31.745656978,0.114635784,-0.620509779,-0.297329266,0.716534409,19
2196,12041,144.498001000,-10.808940254,20.413171780,31.671160517,0.114517891,-0.620456312,-0.297660590,0.716461995,19
2197,12046,144.558001000,-11.012896751,20.588927443,31.627234693,0.105930072,-0.625190363,-0.287606464,0.717773189,13
2198,12051,144.618001000,-11.218506386,20.756130149,31.570853551,0.099909104,-0.626837717,-0.282031787,0.719409979,12
2199,12056,144.678001000,-11.430377252,20.927228917,31.512912561,0.097158073,-0.626826765,-0.279965096,0.720602568,12
2200,12061,144.738001000,-11.615867212,21.082407130,31.438687166,0.095049384,-0.627509482,-0.277151618,0.721376770,11
2201,12066,144.798001000,-11.810934585,21.239494849,31.357441096,0.093088232,-0.627610348,-0.275986060,0.721991362,12
2202,12071,144.858001000,-11.989737550,21.398252656,31.290032603,0.092822629,-0.627559677,-0.275215656,0.722363588,12
2203,12076,144.918001000,-12.194702073,21.571918117,31.228892173,0.091690287,-0.627041253,-0.275160984,0.722978970,5
2204,12081,144.978001000,-12.382335637,21.724537291,31.154115874,0.091188945,-0.626118274,-0.274949925,0.723921973,1
2205,12086,145.038001000,-12.528998211,21.837940017,31.060943599,0.090559670,-0.624983771,-0.275001969,0.724960792,2
2206,12091,145.098001000,-12.712334036,22.012422180,30.997147311,0.091423912,-0.623886201,-0.274920650,0.725828019,1
2207,12096,145.158001000,-12.889805053,22.188134284,30.946685495,0.088881838,-0.623271942,-0.274065756,0.726993856,1
2208,12101,145.218001000,-12.994182601,22.322727795,30.863352168,0.089095610,-0.622225200,-0.274076663,0.727859709,1
2209,12106,145.278001000,-13.157085216,22.485074051,30.788184052,0.089154032,-0.621279670,-0.274121325,0.728643006,2
2210,12111,145.338001000,-13.216850994,22.588646219,30.689060746,0.088831068,-0.620876355,-0.273216246,0.729365804,1
2211,12116,145.398001000,-13.333275533,22.742936995,30.615205047,0.088365145,-0.619752574,-0.273862837,0.730135258,5
2212,12121,145.458001000,-13.479569549,22.908236185,30.568628488,0.088437528,-0.618822651,-0.273823679,0.730929493,7
2213,12126,145.518001000,-13.652180359,23.072959349,30.525297309,0.089600734,-0.618055698,-0.273440264,0.731579992,3
2214,12131,145.578001000,-13.761180352,23.208644275,30.458142450,0.090175869,-0.617099442,-0.273188810,0.732410039,3
2215,12136,145.638001000,-13.990560182,23.407752853,30.452430092,0.085660926,-0.614808193,-0.276497477,0.733636311,10
2216,12141,145.698001000,-14.143441706,23.542541179,30.416036414,0.081492787,-0.612434160,-0.280536532,0.734562850,16
2217,12146,145.758001000,-14.345993424,23.733383893,30.390102923,0.076929239,-0.609726417,-0.284198531,0.735898623,16
2218,12151,145.818001000,-14.560289231,23.926961366,30.374300791,0.070214126,-0.606545038,-0.289455544,0.737148955,14
2219,12156,145.878001000,-14.750571931,24.109126415,30.346780610,0.059479379,-0.601906605,-0.298440873,0.738311375,43
2220,12161,145.938001000,-14.872187129,24.204515101,30.264597774,0.051043958,-0.597700397,-0.305708245,0.739385704,125
2221,12166,145.998001000,-14.995652831,24.304743185,30.186870221,0.044188096,-0.594421310,-0.311011690,0.740258365,171
2222,12171,146.058001000,-15.102993800,24.406888605,30.111573750,0.040149122,-0.592250759,-0.314063491,0.740939410,161
2223,12176,146.118001000,-15.224179828,24.526264053,30.041322979,0.027850001,-0.586843021,-0.323471914,0.741758429,270
2224,12181,146.178001000,-15.352769423,24.608977472,29.956827389,0.011144233,-0.579359808,-0.336587720,0.742244384,350
2225,12186,146.238001000,-15.496633452,24.699983134,29.878319080,0.003000522,-0.575578490,-0.342248581,0.742675102,322
2226,12191,146.298001000,-15.650000466,24.792559544,29.807106736,-0.000973797,-0.573842311,-0.344826732,0.742831461,278
2227,12196,146.358001000,-15.820002695,24.878004760,29.730321222,-0.000480873,-0.573771420,-0.345327237,0.742654177,395
2228,12201,146.418001000,-16.003498351,24.961791203,29.652194717,0.007874517,-0.577168577,-0.338591675,0.743081492,393
2229,12206,146.478001000,-16.208961920,25.029943083,29.551808429,0.025475807,-0.584883937,-0.323218582,0.743499504,360
2230,12211,146.538001000,-16.400647412,25.122651915,29.481952701,0.051370724,-0.595328048,-0.300003760,0.743601579,255
2231,12216,146.598001000,-16.610992219,25.216804373,29.422033801,0.069000551,-0.601107258,-0.284489933,0.743622530,243
2232,12221,146.658001000,-16.831905369,25.309101729,29.374570806,0.079567952,-0.602763680,-0.275032137,0.744783331,179
2233,12226,146.718001000,-17.056696140,25.394943744,29.322616939,0.084593770,-0.603681361,-0.267436700,0.746250843,141
2234,12231,146.778001000,-17.256562317,25.464031733,29.261666807,0.087886329,-0.602495658,-0.264290929,0.747947378,86
2235,12236,146.838001000,-17.486013674,25.539004322,29.198381018,0.091065048,-0.601041081,-0.261115146,0.749850423,93
2236,12241,146.898001000,-17.699976285,25.648286701,29.104526719,0.072468036,-0.608916288,-0.234787535,0.754217576,58
2237,12246,146.958001000,-17.920182686,25.689360872,29.068903503,0.031502690,-0.623604196,-0.186444404,0.758527436,134
2238,12251,147.018001000,-18.159525739,25.731884754,29.053933483,0.004656208,-0.630450714,-0.155106932,0.760560357,102
2239,12256,147.078001000,-18.356246126,25.754993011,29.009509926,-0.010217929,-0.632543078,-0.134762284,0.762642758,131
2240,12261,147.138001000,-18.531730798,25.759877401,28.977755517,-0.011894872,-0.630334535,-0.130406247,0.765200037,105
2241,12266,147.198001000,-18.707769032,25.749605115,28.955228901,0.006438950,-0.621594024,-0.148980111,0.769015173,161
2242,12271,147.258001000,-18.893058529,25.774607588,28.935277768,0.029419616,-0.608793230,-0.176241349,0.772945197,130
2243,12276,147.318001000,-19.025678404,25.760818450,28.881851355,0.040551029,-0.599332923,-0.189233014,0.776753840,161
2244,12281,147.378001000,-19.203166210,25.735710242,28.882867300,0.052901719,-0.589746566,-0.200562772,0.780496618,155
2245,12286,147.438001000,-19.350019743,25.714661230,28.861265979,0.069370714,-0.577441160,-0.220793877,0.782942830,130
2246,12291,147.498001000,-19.526555337,25.694739700,28.845383372,0.081904636,-0.567850640,-0.235018648,0.784604051,175
2247,12296,147.558001000,-19.670450142,25.671630829,28.828427711,0.088335111,-0.561090764,-0.243505403,0.786180120,139
2248,12301,147.618001000,-19.824361280,25.641073689,28.813004165,0.092688197,-0.556246217,-0.247280267,0.787941314,133
2249,12306,147.678001000,-19.969296804,25.616148036,28.799025346,0.095346076,-0.551225535,-0.247914458,0.790947506,126
2250,12311,147.738001000,-20.105279087,25.583672872,28.776188852,0.095969911,-0.545592167,-0.247599635,0.794866897,97
2251,12316,147.798001000,-20.222393369,25.547740217,28.735374080,0.097360665,-0.539991478,-0.245434767,0.799182007,75
2252,12321,147.858001000,-20.366958408,25.520167242,28.703413629,0.098040859,-0.533836795,-0.243262510,0.803884082,125
2253,12326,147.918001000,-20.518590449,25.493586454,28.684311911,0.097970742,-0.528523512,-0.240512782,0.808219174,138
2254,12331,147.978001000,-20.646924435,25.467682739,28.656074941,0.098866246,-0.522610404,-0.237996570,0.812687802,110
2255,12336,148.038001000,-20.789565893,25.440983973,28.630024997,0.098756551,-0.517024368,-0.236360421,0.816741513,79
2256,12341,148.098001000,-20.912017299,25.401495960,28.578047493,0.098918324,-0.512034473,-0.234124913,0.820500694,85
2257,12346,148.158001000,-21.045480205,25.371461817,28.538730858,0.100056932,-0.507110478,-0.230661748,0.824392340,87
2258,12351,148.218001000,-21.189562024,25.347413839,28.514592732,0.098688981,-0.501882144,-0.226753144,0.828829180,51
2259,12356,148.278001000,-21.317433807,25.312644102,28.415174954,0.085842030,-0.503199844,-0.204876216,0.835132803,61
2260,12361,148.338001000,-21.420331341,25.271816663,28.381813910,0.063100946,-0.509564554,-0.169816020,0.841144908,56
2261,12366,148.398001000,-21.568575931,25.227307469,28.368100162,0.057551980,-0.507825055,-0.162039337,0.844123650,65
2262,12371,148.458001000,-21.699294103,25.196420779,28.339706631,0.056234955,-0.505497342,-0.157594662,0.846447866,54
2263,12376,148.518001000,-21.820075321,25.157456866,28.306174802,0.053672773,-0.504121365,-0.151925529,0.848468925,37
2264,12381,148.578001000,-21.940406207,25.119312754,28.280624022,0.047111841,-0.504872317,-0.140412670,0.850393262,34
2265,12386,148.638001000,-22.037875348,25.075688481,28.270014271,0.041406111,-0.505482374,-0.131449433,0.851759444,22
2266,12391,148.698001000,-22.185037944,25.037817153,28.297143025,0.041995483,-0.504362304,-0.130556463,0.852531557,34
2267,12396,148.758001000,-22.262934697,24.978903293,28.290805001,0.047493457,-0.501501717,-0.136255746,0.853038552,26
2268,12401,148.818001000,-22.387839176,24.929206750,28.335604797,0.058028744,-0.495321214,-0.151596689,0.853409634,25
2269,12406,148.878001000,-22.489647277,24.884373230,28.355531911,0.074916134,-0.484801535,-0.176893322,0.853266545,11
2270,12411,148.938001000,-22.557389932,24.836410381,28.342827309,0.086963894,-0.477319750,-0.192030221,0.853069477,12
2271,12416,148.998001000,-22.672277571,24.797679675,28.375377380,0.094750672,-0.471646779,-0.200681296,0.853404150,4
2272,12421,149.058001000,-22.743604837,24.744433980,28.368851155,0.097803560,-0.467825855,-0.205049048,0.854124301,7
2273,12426,149.118001000,-22.852116228,24.713723433,28.404364177,0.098752394,-0.466250760,-0.202002332,0.855601106,7
2274,12431,149.178001000,-23.019280420,24.728199419,28.523985951,0.095572968,-0.462821746,-0.196931323,0.858999356,6
2275,12436,149.238001000,-23.198767911,24.760681930,28.629071288,0.085214646,-0.462062495,-0.178533657,0.864501271,4
2276,12441,149.298001000,-23.342798733,24.770219161,28.725668719,0.082963073,-0.456505200,-0.169105902,0.869553520,2
2277,12446,149.358001000,-23.500124750,24.781558129,28.852278697,0.083944611,-0.448209536,-0.162732012,0.874974175,0
2278,12451,149.418001000,-23.642757280,24.788854641,28.966907468,0.087423578,-0.435557531,-0.161578559,0.881214573,1
2279,12456,149.478001000,-23.781698055,24.798190574,29.104949699,0.092273254,-0.419999764,-0.160278836,0.888479904,0
2280,12461,149.538001000,-23.917285410,24.815940212,29.251286997,0.096699516,-0.401037146,-0.158913263,0.896975466,0
2281,12466,149.598001000,-24.069451122,24.833604149,29.420637341,0.099325645,-0.381668049,-0.152926803,0.906133163,0
2282,12471,149.658001000,-24.174435915,24.843362218,29.549073186,0.101161224,-0.361145839,-0.144937173,0.915605431,0
2283,12476,149.718001000,-24.282888526,24.878934815,29.661512905,0.100857959,-0.341322813,-0.132127419,0.925131750,0
2284,12481,149.778001000,-24.379317565,24.897986167,29.770628606,0.100787496,-0.321215489,-0.116563285,0.934385087,0
2285,12486,149.838001000,-24.492461972,24.942849035,29.880931083,0.100284033,-0.301510304,-0.098214017,0.943074046,0
2286,12491,149.898001000,-24.624758847,24.988144180,30.016119158,0.100840031,-0.280352562,-0.083187112,0.950954065,0
2287,12496,149.958001000,-24.759435349,25.056637383,30.145813221,0.101054625,-0.260018266,-0.069181648,0.957806016,0
2288,12501,150.018001000,-24.911247470,25.116563270,30.287640744,0.100847672,-0.244525621,-0.054366286,0.962850598,0
2289,12506,150.078001000,-25.023717646,25.175670064,30.398900545,0.100456163,-0.230850442,-0.042887233,0.966838827,0
2290,12511,150.138001000,-25.131186689,25.221242902,30.526090454,0.099540607,-0.217728293,-0.037170342,0.970208443,0
2291,12516,150.198001000,-25.247089852,25.312620063,30.721116762,0.098654469,-0.203674227,-0.040860353,0.973198097,0
2292,12521,150.258001000,-25.312790215,25.342094929,30.793911244,0.096275797,-0.188864957,-0.051586781,0.975909731,0
2293,12526,150.318001000,-25.409529177,25.376588563,30.938846116,0.097049871,-0.176428071,-0.058936081,0.977742807,0
2294,12531,150.378001000,-25.495112714,25.441069118,31.096617591,0.097083444,-0.165355797,-0.064200058,0.979341931,0
2295,12536,150.438001000,-25.573300163,25.566575770,31.287591670,0.085779431,-0.153665263,-0.071252060,0.981810583,0
2296,12541,150.498001000,-25.638507290,25.589985012,31.390993968,0.071546625,-0.143120907,-0.075038741,0.984259455,0
2297,12546,150.558001000,-25.702226717,25.588230581,31.489597110,0.064344963,-0.134197593,-0.074940403,0.986019608,0
2298,12551,150.618001000,-25.774045604,25.597780449,31.612200784,0.068112723,-0.126442391,-0.073307742,0.986913853,0
2299,12556,150.678001000,-25.852004691,25.594099367,31.745952316,0.074363819,-0.120218334,-0.067026117,0.987686729,0
2300,12561,150.738001000,-25.927608593,25.622773884,31.892333256,0.083892807,-0.114091476,-0.060294790,0.988083838,0
2301,12566,150.798001000,-26.000819039,25.641795807,32.024299400,0.092184520,-0.106726619,-0.056843531,0.988372529,0
2302,12571,150.858001000,-26.065757971,25.669152065,32.165282468,0.102779094,-0.098318559,-0.054831384,0.988313431,0
2303,12576,150.918001000,-26.127939341,25.697271315,32.305332850,0.109452159,-0.089083115,-0.051663917,0.988643142,0
2304,12581,150.978001000,-26.196094717,25.709833190,32.443523368,0.113341103,-0.079092677,-0.048035909,0.989237431,0
2305,12586,151.038001000,-26.277644342,25.731843406,32.586518297,0.116015808,-0.068310104,-0.043990360,0.989918638,0
2306,12591,151.098001000,-26.358899051,25.745895748,32.722066901,0.116946862,-0.057310117,-0.038596599,0.990731692,0
2307,12596,151.158001000,-26.427007119,25.750294679,32.847049663,0.117995782,-0.046967129,-0.032881787,0.991357591,0
2308,12601,151.218001000,-26.500104344,25.759843172,32.977881625,0.118445562,-0.035273239,-0.028453934,0.991925814,0
2309,12606,151.278001000,-26.593896804,25.761283433,33.122721642,0.118366691,-0.024165060,-0.019841611,0.992477550,0
2310,12611,151.338001000,-26.691581845,25.756478192,33.259799982,0.118220815,-0.018049897,0.001428819,0.992822239,0
2311,12616,151.398001000,-26.740242644,25.781146391,33.382621820,0.118162905,-0.010583197,0.017403464,0.992785296,0
2312,12621,151.458001000,-26.807533698,25.787579535,33.527330796,0.117798556,0.002278678,0.019827530,0.992836934,0
2313,12626,151.518001000,-26.894810660,25.795306380,33.687924963,0.118750974,0.014487407,0.025991375,0.992478095,0
2314,12631,151.578001000,-26.936900775,25.807322452,33.847468844,0.118878380,0.028761120,0.024983019,0.992177694,0
2315,12636,151.638001000,-27.011589782,25.815086638,34.008014718,0.119087700,0.044959337,0.022766557,0.991603984,0
2316,12641,151.698001000,-27.073946698,25.826242969,34.160093281,0.119226136,0.059039318,0.022649693,0.990851391,0
2317,12646,151.758001000,-27.130145387,25.828177288,34.284357464,0.118753833,0.071281423,0.024177999,0.990066619,0
2318,12651,151.818001000,-27.196090030,25.834937085,34.433463612,0.119238736,0.081815588,0.025162109,0.989168945,0
2319,12656,151.878001000,-27.261417558,25.851628613,34.583485073,0.119448276,0.089791401,0.026943161,0.988404613,0
2320,12661,151.938001000,-27.306802735,25.845660712,34.716651734,0.119419209,0.096165790,0.030189704,0.987714420,0
2321,12666,151.998001000,-27.356331004,25.864268355,34.860827117,0.120179672,0.104375760,0.032767142,0.986706066,1
2322,12671,152.058001000,-27.401310178,25.892601017,35.013747753,0.119526708,0.113115347,0.036240679,0.985700207,1
2323,12676,152.118001000,-27.456199136,25.917176511,35.179025402,0.119243523,0.121949001,0.043425460,0.984389990,0
2324,12681,152.178001000,-27.501999985,25.954122151,35.323286855,0.120303382,0.128982079,0.058623588,0.982575185,0
2325,12686,152.238001000,-27.546039119,25.993253352,35.466286322,0.120546745,0.137444695,0.072486529,0.980470877,0
2326,12691,152.298001000,-27.585015788,26.038197169,35.632912062,0.121520794,0.148094717,0.082445260,0.978009934,0
2327,12696,152.358001000,-27.626152094,26.079221665,35.814700583,0.122434189,0.159814817,0.091474729,0.975244312,0
2328,12701,152.418001000,-27.659734284,26.115396189,35.978968299,0.123084992,0.172283890,0.100004321,0.972197244,0
2329,12706,152.478001000,-27.692263209,26.161932870,36.162914202,0.123833476,0.185435304,0.108224534,0.968796402,0
2330,12711,152.538001000,-27.715820099,26.203399087,36.331712341,0.124217165,0.199287266,0.116485866,0.965031463,0
2331,12716,152.598001000,-27.734071229,26.252255607,36.519604265,0.125020540,0.212811639,0.123630581,0.961143356,0
2332,12721,152.658001000,-27.753869839,26.292941373,36.675720081,0.125559755,0.226798039,0.129886196,0.957040738,0
2333,12726,152.718001000,-27.739887245,26.342573917,36.919807740,0.126226000,0.240100778,0.137604451,0.952619351,0
2334,12731,152.778001000,-27.739484404,26.400565031,37.088116891,0.124674048,0.256752044,0.135768333,0.948736913,1
2335,12736,152.838001000,-27.733070927,26.435710058,37.268558767,0.121560021,0.275282244,0.127360985,0.945104241,0
2336,12741,152.898001000,-27.730324254,26.477857158,37.444139942,0.118302834,0.291568156,0.123775404,0.941101535,0
2337,12746,152.958001000,-27.738179432,26.508925836,37.570862550,0.115806872,0.306000209,0.124905881,0.936670252,2
2338,12751,153.018001000,-27.727382130,26.558423351,37.713146765,0.119051714,0.315312459,0.136820409,0.931496064,1
2339,12756,153.078001000,-27.707157020,26.621980999,37.879239050,0.119496876,0.326317814,0.143369407,0.926651172,2
2340,12761,153.138001000,-27.718021057,26.627877415,38.007220579,0.122086714,0.335975130,0.153361862,0.921246810,1
2341,12766,153.198001000,-27.693713949,26.688369616,38.209483543,0.131366920,0.338812450,0.181128072,0.913860754,1
2342,12771,153.258001000,-27.631368262,26.789059784,38.362775442,0.128267581,0.353083861,0.180791610,0.908951928,12
2343,12776,153.318001000,-27.615535890,26.838009266,38.451173917,0.121463821,0.371326165,0.169644389,0.904756431,25
2344,12781,153.378001000,-27.600184684,26.851899737,38.512915537,0.116897652,0.387315057,0.165162326,0.899468394,44
2345,12786,153.438001000,-27.594116685,26.877495429,38.571269214,0.113669162,0.401450983,0.164900436,0.893713755,50
2346,12791,153.498001000,-27.579262079,26.903239498,38.630622193,0.111006590,0.414508050,0.166788172,0.887717477,49
2347,12796,153.558001000,-27.562870855,26.923346830,38.692666665,0.109056731,0.426536325,0.170657127,0.881504134,74
2348,12801,153.618001000,-27.555386314,26.944104891,38.748249132,0.107769905,0.438155818,0.174042517,0.875279572,68
2349,12806,153.678001000,-27.548022898,26.959093955,38.806541209,0.106984649,0.448274630,0.179248916,0.869180055,48
2350,12811,153.738001000,-27.537083918,26.981082025,38.864946118,0.110289632,0.455567773,0.191387763,0.862360091,70
2351,12816,153.798001000,-27.524961718,27.000581968,38.914664315,0.113923822,0.461937810,0.204595935,0.855438674,98
2352,12821,153.858001000,-27.513730247,27.021456765,38.964314646,0.116992463,0.469155904,0.215089242,0.848494030,111
2353,12826,153.918001000,-27.500780759,27.043284602,39.014449373,0.119519394,0.476657162,0.223194046,0.841841721,102
2354,12831,153.978001000,-27.486796717,27.067557540,39.058382818,0.122053841,0.484043852,0.231104464,0.835101872,109
2355,12836,154.038001000,-27.469354309,27.091581918,39.104480332,0.124132849,0.491682377,0.238429520,0.828245640,103
2356,12841,154.098001000,-27.449941537,27.119296405,39.141979680,0.124399174,0.501486420,0.241156790,0.821510571,128
2357,12846,154.158001000,-27.429097151,27.154844288,39.177944061,0.117130111,0.513026711,0.239091185,0.816038931,153
2358,12851,154.218001000,-27.403928669,27.179969222,39.209537161,0.107856641,0.525959550,0.233767221,0.810608650,176
2359,12856,154.278001000,-27.376156735,27.212100165,39.241369535,0.103914915,0.538389470,0.230224892,0.803949606,183
2360,12861,154.338001000,-27.358252170,27.242004519,39.283762655,0.101679041,0.549952369,0.229057270,0.796709817,194
2361,12866,154.398001000,-27.332321177,27.278905062,39.315572948,0.100422355,0.559051421,0.229418658,0.790407451,184
2362,12871,154.458001000,-27.311809297,27.311953488,39.345643037,0.098758223,0.566089447,0.231951953,0.784848930,204
2363,12876,154.518001000,-27.288135149,27.346657346,39.386969700,0.097229104,0.572228452,0.233463035,0.780125702,194
2364,12881,154.578001000,-27.276237214,27.374351713,39.410729944,0.097542863,0.576334603,0.234031013,0.776886929,150
2365,12886,154.638001000,-27.253078125,27.422471666,39.440745444,0.097877608,0.578041020,0.233592124,0.775708239,210
2366,12891,154.698001000,-27.238973660,27.457079525,39.481578512,0.098139684,0.578863615,0.233015487,0.775234997,45
2367,12896,154.758001000,-27.238651544,27.499655746,39.521312510,0.101967657,0.576307285,0.237451094,0.775299611,221
2368,12901,154.818001000,-27.242091259,27.548815845,39.553184346,0.108752219,0.571342577,0.245981549,0.775392605,244
2369,12906,154.878001000,-27.285154894,27.572379376,39.575664010,0.109822224,0.568980988,0.245939458,0.776990024,244
2370,12911,154.938001000,-27.261904994,27.627421552,39.629400268,0.107357777,0.568559364,0.240902268,0.779217976,289
2371,12916,154.998001000,-27.244832256,27.694384474,39.686516347,0.105605240,0.566910212,0.239047340,0.781227697,260
2372,12921,155.058001000,-27.224687643,27.755137996,39.726834631,0.099564925,0.563836474,0.240595663,0.783765899,235
2373,12926,155.118001000,-27.202818278,27.811424379,39.770893154,0.095159560,0.561540697,0.241288518,0.785745859,231
2374,12931,155.178001000,-27.187503132,27.840843061,39.803118763,0.098300764,0.560654857,0.241078882,0.786056019,342
2375,12936,155.238001000,-27.169418255,27.892346814,39.841955779,0.107058110,0.557584579,0.245045916,0.785869263,307
2376,12941,155.298001000,-27.151714859,27.946361587,39.881673248,0.114076397,0.554702427,0.249166331,0.785625822,298
2377,12946,155.358001000,-27.127720930,28.006752728,39.925063663,0.125263192,0.549179376,0.259959909,0.784303507,310
2378,12951,155.418001000,-27.104186507,28.061421494,39.958407449,0.134069967,0.544698936,0.269131327,0.782877156,249
2379,12956,155.478001000,-27.068012782,28.122423995,39.992195339,0.138412296,0.542243938,0.273911260,0.782167609,251
2380,12961,155.538001000,-27.027339499,28.188682394,40.009285079,0.135676548,0.543293544,0.271216445,0.782857356,365
2381,12966,155.598001000,-26.998745613,28.249224584,40.027497027,0.124785023,0.550821059,0.256086069,0.784502890,317
2382,12971,155.658001000,-26.973613264,28.300776868,40.041198541,0.114339965,0.557186220,0.243475747,0.785614058,288
2383,12976,155.718001000,-26.948258585,28.353501030,40.055483594,0.107730112,0.562124290,0.235647173,0.785417670,295
2384,12981,155.778001000,-26.923091946,28.400080120,40.063943965,0.103596433,0.565212327,0.231663550,0.784942548,320
2385,12986,155.838001000,-26.895235288,28.450108323,40.072410353,0.099316350,0.567014288,0.229557187,0.784814983,254
2386,12991,155.898001000,-26.870618641,28.499215727,40.078391775,0.098227681,0.568368000,0.228818772,0.784188185,271
2387,12996,155.958001000,-26.845492916,28.543437496,40.084924963,0.097938847,0.569380921,0.228390495,0.783614147,210
2388,13001,156.018001000,-26.824988294,28.594347307,40.091511334,0.097908399,0.570082659,0.228294655,0.783135530,292
2389,13006,156.078001000,-26.801750352,28.650103721,40.107754316,0.094927887,0.569847749,0.230329925,0.783077496,433
2390,13011,156.138001000,-26.776568721,28.697568087,40.121454240,0.089053547,0.568436668,0.234164621,0.783655633,445
2391,13016,156.198001000,-26.753927073,28.748995048,40.136096744,0.083833895,0.566853884,0.237980990,0.784228029,462
2392,13021,156.258001000,-26.723641020,28.795719159,40.149999501,0.079814939,0.565359066,0.241161771,0.784754549,437
2393,13026,156.318001000,-26.698484092,28.846552587,40.167438312,0.073958064,0.563886418,0.243267768,0.785737301,485
2394,13031,156.378001000,-26.662920776,28.894932241,40.185887498,0.066392708,0.562117390,0.245510476,0.786981991,392
2395,13036,156.438001000,-26.626451878,28.937463709,40.203935121,0.060509281,0.561617053,0.244847429,0.788019447,120
2396,13049,156.594001000,-26.544778468,29.035014927,40.249360055,0.070598547,0.566434375,0.222221069,0.790433894,493
2397,13062,156.750001000,-26.432989567,29.148003261,40.333001526,0.088041602,0.559926582,0.214505568,0.795435894,455
2398,13092,157.110001000,-26.231536553,29.410738998,40.548968935,0.103135887,0.526905681,0.210196970,0.817037714,411
2399,13122,157.470001000,-26.059907295,29.680196750,40.777995205,0.104156518,0.501460499,0.199412648,0.835418089,320
2400,13152,157.830001000,-25.892239279,29.960776632,41.024427567,0.103710957,0.484041866,0.187181641,0.848475423,287
2401,13182,158.190001000,-25.745414347,30.205523315,41.296335434,0.094906439,0.475862236,0.168901977,0.857916093,116
2402,13187,158.250001000,-25.729366329,30.238356769,41.342371261,0.099390040,0.471268184,0.175295707,0.858661361,203
2403,13192,158.310001000,-25.715998535,30.268729278,41.389060971,0.102275224,0.467698709,0.179775934,0.859347607,238
2404,13197,158.370001000,-25.700821180,30.297841276,41.436696446,0.103695037,0.465304540,0.181000790,0.860219587,263
2405,13202,158.430001000,-25.681079550,30.331257692,41.485925384,0.100537283,0.466011527,0.174368459,0.861580613,195
2406,13225,158.706001000,-25.627779696,30.441503730,41.705725637,0.103262714,0.463862450,0.181165677,0.861015352,143
2407,13255,159.066001000,-25.543643153,30.517099926,41.992213091,0.100280183,0.485214249,0.191404485,0.847275245,169
2408,13285,159.426001000,-25.440955389,30.548872667,42.367596513,0.105016561,0.503085351,0.207108526,0.832455831,173
2409,13293,159.522001000,-25.439998088,30.567198082,42.454390578,0.125630932,0.498051126,0.235603292,0.825016990,135
2410,13298,159.582001000,-25.460541699,30.580198669,42.497060615,0.127942794,0.500123617,0.238216786,0.822654102,102
2411,13303,159.642001000,-25.441716824,30.594871766,42.540610296,0.118596739,0.507340184,0.226621605,0.822911538,139
2412,13308,159.702001000,-25.417195069,30.604471167,42.586733551,0.110918589,0.514066475,0.218137440,0.822100227,138
2413,13313,159.762001000,-25.390167676,30.612751223,42.632887306,0.101390104,0.518945562,0.212349352,0.821780569,128
2414,13318,159.822001000,-25.382439236,30.622500852,42.669888078,0.095622223,0.522077789,0.209476720,0.821225107,99
2415,13323,159.882001000,-25.398810694,30.632844801,42.741971259,0.095036216,0.524259409,0.208791178,0.820077090,113
2416,13330,159.966001000,-25.474115170,30.625732552,42.788440322,0.094233325,0.525602887,0.209818985,0.819046811,62
2417,13335,160.026001000,-25.488710520,30.618921530,42.847516732,0.109616634,0.518687370,0.230817599,0.815886537,86
2418,13340,160.086001000,-25.491517846,30.605358566,42.893225975,0.142392003,0.500739187,0.276206634,0.807895216,25
2419,13345,160.146001000,-25.481753297,30.605913259,42.905103279,0.133025097,0.504886594,0.264131156,0.810943021,39
2420,13350,160.206001000,-25.457593219,30.613403602,42.909730636,0.125897545,0.510852854,0.261488669,0.809198891,29
2421,13355,160.266001000,-25.494053912,30.626347085,42.901860293,0.123819587,0.515458116,0.256558948,0.808176433,19
2422,13360,160.326001000,-25.387990197,30.613827317,42.972454673,0.118875962,0.518105655,0.247993256,0.809897760,12
2423,13366,160.398001000,-25.357381136,30.619946283,43.032190841,0.111836509,0.523281672,0.238001786,0.810570192,93
2424,13372,160.470001000,-25.357163879,30.622127157,43.032138034,0.114811285,0.526522211,0.237195131,0.808289057,31
2425,13381,160.578001000,-25.223544656,30.569625998,43.123969686,0.116451311,0.531881347,0.238175896,0.804247205,49
2426,13387,160.650001000,-25.221378334,30.557790059,43.153750256,0.117620164,0.531718922,0.238306911,0.804145696,14
2427,13392,160.710001000,-25.235013987,30.559885039,43.160725406,0.116216486,0.533282358,0.237926022,0.803426949,11
2428,13397,160.770001000,-25.282849820,30.577203449,43.136015077,0.116157693,0.532082347,0.237659006,0.804309619,10
2429,13403,160.842001000,-25.284879678,30.581446901,43.138278586,0.116061745,0.532575527,0.237664211,0.803995461,7
2430,13408,160.902001000,-25.286255698,30.608912626,43.117468152,0.115057170,0.532101273,0.237577985,0.804479200,10
2431,13413,160.962001000,-25.289739820,30.603987214,43.129925519,0.115683643,0.530733245,0.237326478,0.805366786,8
2432,13418,161.022001000,-25.300961422,30.613578924,43.126184695,0.115012457,0.531895178,0.237743367,0.804573021,39
2433,13425,161.106001000,-25.304297082,30.622004357,43.122378138,0.114973625,0.532451851,0.237751704,0.804207821,20
2434,13431,161.178001000,-25.318212739,30.627217035,43.114878076,0.114507679,0.532377512,0.237683002,0.804343811,30
2435,13440,161.286001000,-25.303444450,30.627961444,43.110526252,0.114284408,0.533095889,0.238075117,0.803783606,9
2436,13445,161.346001000,-25.300760592,30.628272803,43.110806201,0.114678938,0.532965653,0.237836317,0.803884470,38
2437,13460,161.526001000,-25.305464076,30.630209358,43.101540860,0.114590308,0.533319844,0.237986697,0.803617657,18
2438,13468,161.622001000,-25.300034174,30.631341438,43.102310815,0.114508956,0.533328302,0.238042317,0.803607166,48
2439,13480,161.766001000,-25.307297285,30.632190687,43.107665588,0.114534712,0.533279217,0.238053221,0.803632839,27
2440,13489,161.874001000,-25.308522715,30.634994544,43.106488302,0.114466787,0.533563100,0.238159015,0.803422714,19
2441,13495,161.946001000,-25.279682700,30.633887126,43.124892942,0.114595342,0.533399416,0.238123176,0.803523692,55
2442,13500,162.006001000,-25.284428854,30.634070461,43.128474182,0.114582988,0.533312350,0.238038602,0.803608300,22
2443,13506,162.078001000,-25.296281564,30.649580700,43.127126260,0.114534294,0.533460727,0.238127165,0.803490512,26
2444,13513,162.162001000,-25.284517997,30.645873707,43.134945310,0.114573403,0.533522746,0.238128398,0.803443390,22
2445,13521,162.258001000,-25.205421488,30.672211797,43.152627728,0.114533975,0.533600864,0.238152615,0.803389954,15
2446,13526,162.318001000,-25.197426654,30.679024735,43.146909710,0.114568820,0.533554176,0.238135771,0.803420986,27
2447,13532,162.390001000,-25.158248968,30.686184330,43.157935280,0.114577442,0.533609631,0.238131462,0.803384204,37
2448,13550,162.606001000,-25.089644697,30.692252313,43.171600310,0.114603029,0.533585813,0.238118667,0.803400166,45
2449,13563,162.762001000,-25.131395104,30.699113793,43.137558609,0.114682889,0.533512912,0.238012500,0.803468641,24
2450,13585,163.026001000,-25.085628244,30.694681045,43.113371927,0.114713332,0.533602924,0.237990421,0.803411060,40
2451,13592,163.110001000,-25.122507570,30.703709455,43.107937584,0.116689317,0.533337376,0.238771753,0.803070916,7
