source_id,target_id,type,tx,ty,tz,qx,qy,qz,qw,inlier_count,reprojection_error_median
0,1,sequential,0.007898970,-0.024887470,-0.072263128,0.000002427,-0.000207182,-0.000013719,0.999999978,0,nan
1,2,sequential,-0.004386423,0.007757489,0.007207492,-0.000060354,0.000073622,-0.000017477,0.999999995,0,nan
2,3,sequential,0.009771347,-0.003057472,0.030309363,0.000024067,0.000171058,0.000029709,0.999999985,0,nan
3,4,sequential,0.007215134,0.025743980,0.013999488,0.000014158,-0.000004581,-0.000018597,1.000000000,0,nan
4,5,sequential,0.026365009,0.003832472,0.038101465,-0.000019566,0.000127905,0.000034059,0.999999991,0,nan
5,6,sequential,0.007036543,0.004742323,-0.031305107,-0.000000756,-0.000252257,-0.000042845,0.999999967,0,nan
6,7,sequential,0.010310062,0.001194124,0.004546343,0.000000429,0.000148017,0.000045962,0.999999988,0,nan
7,8,sequential,-0.004290548,0.001286408,0.007342426,-0.000007788,0.000432654,0.000110983,0.999999900,0,nan
8,9,sequential,0.002491810,-0.002469736,0.003613161,-0.000010537,-0.000097030,-0.000035347,0.999999995,0,nan
9,10,sequential,0.003011825,-0.002199237,0.023749835,0.000010146,-0.000000624,0.000006133,1.000000000,0,nan
10,11,sequential,0.009280637,0.002860438,-0.009004267,-0.000008430,0.000687096,0.000201068,0.999999744,0,nan
11,12,sequential,0.008730269,0.012420642,-0.037199773,0.000002904,-0.000704499,-0.000196693,0.999999732,0,nan
12,13,sequential,0.003410981,0.005269121,0.002826461,0.000007782,0.000098989,0.000039989,0.999999994,0,nan
13,14,sequential,0.023488119,-0.002111939,-0.004127075,-0.000001601,0.000505719,0.000129679,0.999999864,0,nan
14,15,sequential,0.001115354,-0.003011590,0.004535385,0.000014392,-0.000305299,-0.000068312,0.999999951,0,nan
15,16,sequential,0.000010571,0.000920965,-0.007714852,-0.000006900,0.000287756,0.000085406,0.999999955,0,nan
16,17,sequential,0.000823874,-0.000002603,0.003590269,-0.000006508,0.000225947,0.000063450,0.999999972,0,nan
17,18,sequential,0.004491201,0.001779290,-0.005455589,0.000002331,0.000177727,0.000044267,0.999999983,0,nan
18,19,sequential,-0.000072849,-0.001678355,0.001126785,-0.000007266,-0.000191045,-0.000047910,0.999999981,0,nan
19,20,sequential,0.020911674,-0.006264857,0.067679240,-0.000018745,-0.000324777,-0.000087129,0.999999943,0,nan
20,21,sequential,0.008194808,0.013223820,-0.000847972,0.000013477,0.000143551,0.000047547,0.999999988,0,nan
21,22,sequential,-0.000887927,-0.001722014,0.005204363,-0.000005061,0.000018700,0.000009050,1.000000000,0,nan
22,23,sequential,0.010414872,-0.005022920,0.035569014,-0.000006112,-0.000124781,-0.000033154,0.999999992,0,nan
23,24,sequential,0.006105751,0.011001563,0.017440497,-0.000002296,0.000085488,0.000030402,0.999999996,0,nan
24,25,sequential,0.025401944,-0.017233163,-0.050465294,0.000002183,-0.000081496,-0.000028029,0.999999996,0,nan
25,26,sequential,0.010013246,-0.017652187,-0.023337015,-0.000000957,0.000299004,0.000089837,0.999999951,0,nan
26,27,sequential,-0.000826025,-0.023349292,-0.004727857,-0.000004224,0.000088655,0.000024455,0.999999996,0,nan
27,28,sequential,-0.026639622,0.021965820,0.008790039,0.000007054,-0.000190940,-0.000047567,0.999999981,0,nan
28,29,sequential,0.090567654,-0.030013261,0.040562217,0.000003045,-0.000018214,-0.000007737,1.000000000,0,nan
29,30,sequential,0.045422496,-0.072100235,0.063236571,0.000001336,0.000014714,0.000003740,1.000000000,0,nan
30,31,sequential,0.059664395,-0.023939846,0.089029447,0.000005319,0.000003893,-0.000001879,1.000000000,0,nan
31,32,sequential,-0.014041004,0.010915320,-0.127644711,0.000002438,0.000085620,0.000021044,0.999999996,0,nan
32,33,sequential,0.047266629,0.017760678,-0.044351485,0.000001813,-0.000023441,-0.000003316,1.000000000,0,nan
33,34,sequential,-0.001406419,-0.005224570,0.051972357,0.000004504,-0.000131208,-0.000014050,0.999999991,0,nan
34,35,sequential,0.029798614,0.024169476,-0.049887794,-0.000004671,-0.000105988,-0.000014122,0.999999994,0,nan
35,36,sequential,-0.005364571,-0.000331200,0.008691536,-0.000006075,0.000088387,0.000043460,0.999999995,0,nan
36,37,sequential,0.000638380,-0.000171150,0.000774931,-0.000006957,0.000534693,-0.000003688,0.999999857,0,nan
37,38,sequential,0.003635418,0.002073941,-0.015426063,-0.000242300,-0.000790624,-0.000225461,0.999999633,0,nan
38,39,sequential,0.004564144,0.001645235,0.001424436,-0.000230988,0.003618260,0.001193562,0.999992715,0,nan
39,40,sequential,-0.003601818,0.004174800,0.014162303,0.000481049,0.003078479,0.001712136,0.999993680,0,nan
40,41,sequential,-0.012550404,-0.004738465,-0.004697203,-0.001596811,0.003960246,0.001326069,0.999990004,0,nan
41,42,sequential,-0.016452713,-0.015886985,0.024275937,-0.001421774,0.005923210,0.001584030,0.999980192,0,nan
42,43,sequential,-0.017063170,-0.011181019,0.031500005,0.001013576,0.008938192,0.002063237,0.999957411,0,nan
43,44,sequential,-0.009714040,-0.003575040,0.029461136,-0.002938348,0.008645163,0.002415595,0.999955395,0,nan
44,45,sequential,-0.011651392,-0.024931230,0.025373198,-0.001731458,0.008505102,0.005415315,0.999947668,0,nan
45,46,sequential,-0.028824394,-0.032735203,0.030268191,-0.000896065,0.011023726,0.005709324,0.999922536,0,nan
46,47,sequential,-0.035580717,-0.057134590,0.045507694,-0.001479751,0.011797181,0.002913143,0.999925072,0,nan
47,48,sequential,-0.020217428,-0.023851634,0.021951762,0.002185089,0.007809641,0.017652550,0.999811293,0,nan
48,49,sequential,-0.011123081,-0.008742666,0.002004616,0.002999389,0.003854904,0.023738268,0.999706276,0,nan
49,50,sequential,-0.017928166,-0.034078379,0.078743537,0.008332284,0.010149405,0.029329986,0.999483524,0,nan
50,51,sequential,-0.012101225,-0.023914219,0.035185467,-0.003845045,0.012829631,0.018765055,0.999734209,0,nan
51,52,sequential,0.008853615,-0.015179509,0.016364647,-0.004496118,0.015088210,-0.017070482,0.999730328,0,nan
52,53,sequential,0.009412997,-0.019648245,0.023448735,0.001491202,0.014676547,-0.022430770,0.999639553,0,nan
53,54,sequential,0.008502191,-0.021325367,0.023317498,0.004177904,0.009646111,-0.010487994,0.999889744,0,nan
54,55,sequential,0.012168212,-0.030832733,0.036658711,-0.000326883,0.006521722,-0.005949741,0.999960980,0,nan
55,56,sequential,0.011654869,-0.022116766,0.032192336,-0.000223642,0.004701618,-0.002485775,0.999985833,0,nan
56,57,sequential,0.021318503,-0.037233115,0.067745507,0.000868329,0.003286922,0.000827145,0.999993879,0,nan
57,58,sequential,0.002732861,-0.028279090,0.017823321,0.000386489,0.002919691,0.002619916,0.999992231,0,nan
58,59,sequential,0.005560575,-0.030438564,0.015356847,-0.000041936,0.002102015,0.004520574,0.999987572,0,nan
59,60,sequential,0.005905126,-0.030735228,0.017678472,-0.000565890,0.002731219,0.005182507,0.999982681,0,nan
60,61,sequential,0.004689574,-0.032171381,0.019797901,-0.000175618,0.002722164,0.008283874,0.999961967,0,nan
61,62,sequential,0.007093977,-0.031885131,0.018372276,-0.001460298,0.002814805,0.009854960,0.999946411,0,nan
62,63,sequential,0.005331174,-0.034034952,0.020365799,-0.000088185,0.004139738,0.009836045,0.999943052,0,nan
63,64,sequential,0.000569313,-0.036715887,0.011720428,-0.000604400,-0.006571564,0.049674281,0.998743668,0,nan
64,65,sequential,0.018407109,-0.034675292,0.016969839,0.001337718,-0.000671526,0.022615838,0.999743109,0,nan
65,66,sequential,0.024288797,-0.039533487,0.024982466,0.003653058,0.008261914,-0.009024961,0.999918470,0,nan
66,67,sequential,0.033988708,-0.046088176,0.056962782,0.003034369,0.011176787,-0.015695800,0.999809739,0,nan
67,68,sequential,0.036429177,-0.039335284,0.028564969,0.001933261,0.008031709,-0.000038867,0.999965876,0,nan
68,69,sequential,0.047345393,-0.042518233,0.022477203,0.001708811,0.009647843,-0.004344877,0.999942559,0,nan
69,70,sequential,0.052578651,-0.045218311,0.045553270,0.002658526,0.016359221,-0.022359518,0.999612605,0,nan
70,71,sequential,0.051435290,-0.044226240,0.039413457,0.001926262,0.013168776,-0.003673358,0.999904685,0,nan
71,72,sequential,0.057261092,-0.044326329,0.008517860,0.001041924,0.012798884,-0.004363464,0.999908027,0,nan
72,73,sequential,0.035732251,-0.024940889,0.015037894,0.000264866,0.007657512,-0.003269541,0.999965301,0,nan
73,74,sequential,0.066877269,-0.048696561,0.030028905,0.001007680,0.015801981,-0.009668410,0.999827887,0,nan
74,75,sequential,0.053915590,-0.057743179,0.040391763,0.001479354,0.017594806,-0.000417651,0.999844018,0,nan
75,76,sequential,0.047428910,-0.045818059,0.060277122,0.001817411,0.010933513,0.006842045,0.999915167,0,nan
76,77,sequential,0.053552180,-0.030113818,0.014850582,0.000144941,0.002769702,0.008696755,0.999958336,0,nan
77,78,sequential,0.052395535,-0.050796637,0.035797157,-0.000997089,0.001445134,0.017404836,0.999846983,0,nan
78,79,sequential,0.052767696,-0.045831705,0.033631059,0.000317516,0.003048639,0.011279820,0.999931683,0,nan
79,80,sequential,0.052157381,-0.045703796,0.036784895,0.000318619,0.003750732,0.007135935,0.999967454,0,nan
80,81,sequential,0.054050621,-0.045673080,0.040504620,0.000652233,0.004223712,0.004487363,0.999980799,0,nan
81,82,sequential,0.059244077,-0.051821385,0.038992486,0.001045273,0.005340137,0.001453653,0.999984138,0,nan
82,83,sequential,0.063237885,-0.048528381,0.038621735,0.000345504,0.008133292,-0.005556857,0.999951425,0,nan
83,84,sequential,0.063805865,-0.046003835,0.047148545,0.000482148,0.011248941,-0.014486653,0.999831669,0,nan
84,85,sequential,0.067029837,-0.050940174,0.036189499,0.000017791,0.010143140,-0.009626420,0.999902219,0,nan
85,86,sequential,0.063157834,-0.047302354,0.041956967,0.000222453,0.008587961,-0.003506930,0.999956949,0,nan
86,87,sequential,0.065585147,-0.048657335,0.041332437,-0.000142089,0.008190093,-0.001970494,0.999964509,0,nan
87,88,sequential,0.060281344,-0.049864711,0.047248194,0.000403462,0.007211813,0.000031405,0.999973913,0,nan
88,89,sequential,0.061830699,-0.051505986,0.037955888,0.000076616,0.005861474,0.006071707,0.999964385,0,nan
89,90,sequential,0.058572817,-0.049675260,0.051411928,0.000235675,0.005226756,0.008870818,0.999946966,0,nan
90,91,sequential,0.062729716,-0.053377001,0.043565488,0.000393570,0.008024742,0.000800060,0.999967404,0,nan
91,92,sequential,0.053108254,-0.050701928,0.057749010,-0.000798831,0.007214892,0.001787597,0.999972055,0,nan
92,93,sequential,0.060187715,-0.053667599,0.050080662,-0.004334581,0.005903487,0.007019450,0.999948542,0,nan
93,94,sequential,0.084398274,-0.076569711,0.115180717,-0.007287053,0.004900294,0.006328522,0.999941416,0,nan
94,95,sequential,0.073870236,-0.058864003,0.099892150,-0.003264874,0.002054243,0.001226928,0.999991808,0,nan
95,96,sequential,0.039148095,-0.040897235,0.055931409,-0.002002620,0.003037364,-0.000720783,0.999993122,0,nan
96,97,sequential,0.105530224,-0.113831778,0.110138750,-0.003141501,0.007975576,-0.002736033,0.999959517,0,nan
97,98,sequential,0.046897352,-0.077874575,0.110530599,-0.003633918,0.014251823,-0.006342949,0.999871715,0,nan
98,99,sequential,0.019587285,-0.023522167,0.025936301,-0.000457987,0.002738517,0.002511175,0.999992992,0,nan
99,100,sequential,0.046124919,-0.064255221,0.076660781,-0.001630928,0.005207074,0.012071730,0.999912246,0,nan
100,101,sequential,0.045877740,-0.066263034,0.073185841,0.002599833,0.002580062,0.022350307,0.999743491,0,nan
101,102,sequential,0.047582186,-0.074848090,0.081405709,-0.001607416,0.003170135,0.021494565,0.999762647,0,nan
102,103,sequential,0.049203556,-0.078366844,0.088727374,0.003852580,0.006303546,0.008469167,0.999936846,0,nan
103,104,sequential,0.051562013,-0.070829892,0.086417739,0.001255512,0.010086848,-0.005605777,0.999932625,0,nan
104,105,sequential,0.053694798,-0.081050472,0.092647691,0.002386310,0.010122382,-0.010371464,0.999892132,0,nan
105,106,sequential,0.050179222,-0.087908099,0.100457282,0.007291487,0.008100174,0.001185298,0.999939906,0,nan
106,107,sequential,0.051804991,-0.076415180,0.104989185,0.009356004,0.006524848,0.006431765,0.999914258,0,nan
107,108,sequential,0.052357539,-0.079719004,0.106053969,0.007637501,0.006214538,0.004643007,0.999940744,0,nan
108,109,sequential,0.057344577,-0.079689136,0.113292352,0.005889974,0.007801746,-0.002539882,0.999948994,0,nan
109,110,sequential,0.059604526,-0.081377301,0.118662758,0.004804989,0.009446594,-0.009664607,0.999897129,0,nan
110,111,sequential,0.056677803,-0.079504020,0.118901399,0.006907150,0.011174868,-0.010766725,0.999855735,0,nan
111,112,sequential,0.052700311,-0.070083399,0.118146720,0.004317747,0.011211809,-0.005556525,0.999912385,0,nan
112,113,sequential,0.049144123,-0.072988617,0.117848006,0.002740526,0.008660783,-0.001793516,0.999957131,0,nan
113,114,sequential,0.039498079,-0.076039545,0.115338405,0.000142451,0.006020806,0.006678855,0.999959560,0,nan
114,115,sequential,0.045041985,-0.072774797,0.114830635,-0.000232286,0.003509214,0.010456923,0.999939140,0,nan
115,116,sequential,0.046173298,-0.071543922,0.118684870,0.001233359,0.004608847,0.006149768,0.999969708,0,nan
116,117,sequential,0.042487573,-0.072851918,0.119427602,0.000433197,0.005523008,0.000855542,0.999984288,0,nan
117,118,sequential,0.038375500,-0.073857255,0.121402150,0.000326488,0.007136932,-0.005565258,0.999958992,0,nan
118,119,sequential,0.038954256,-0.069871473,0.117130521,-0.003141250,0.006837289,-0.005649402,0.999955733,0,nan
119,120,sequential,0.037610797,-0.083901144,0.108312766,-0.006216121,0.004387554,0.001864556,0.999969316,0,nan
120,121,sequential,0.035715852,-0.084815015,0.107626945,-0.002323861,0.003187535,0.006417637,0.999971626,0,nan
121,122,sequential,0.026141305,-0.082257031,0.125323193,0.002743065,-0.000450435,0.015955441,0.999868840,0,nan
122,123,sequential,0.026084403,-0.087579679,0.113778140,0.002354533,-0.002661700,0.019488543,0.999803765,0,nan
123,124,sequential,0.029070927,-0.081639185,0.116457669,0.000414733,-0.006548624,0.030805840,0.999503849,0,nan
124,125,sequential,0.038563934,-0.073796741,0.126640809,0.000886142,-0.003336989,0.018982151,0.999813861,0,nan
125,126,sequential,0.036141158,-0.080156089,0.115110532,0.000341399,-0.000804562,0.008721837,0.999961582,0,nan
126,127,sequential,0.053670035,-0.075768865,0.120624157,-0.000378359,-0.000690321,0.004823291,0.999988058,0,nan
127,128,sequential,0.054045711,-0.082628921,0.129915931,0.000229989,0.000727608,-0.001898037,0.999997908,0,nan
128,129,sequential,0.067315333,-0.067196483,0.120208831,0.001466371,0.002694531,-0.008322879,0.999960659,0,nan
129,130,sequential,0.063927095,-0.069469770,0.137269296,0.000933382,0.003548270,-0.011237035,0.999930131,0,nan
130,131,sequential,0.077930200,-0.070354177,0.118757962,0.000270893,0.003287066,-0.010530265,0.999939116,0,nan
131,132,sequential,0.087893308,-0.059817411,0.123882210,0.000075829,0.003422653,-0.011895616,0.999923384,0,nan
132,133,sequential,0.088180183,-0.052008297,0.118104553,-0.003144223,0.005792209,-0.019535964,0.999787433,0,nan
133,134,sequential,0.091434299,-0.059880880,0.131861348,-0.007667375,0.004867690,-0.014791577,0.999849352,0,nan
134,135,sequential,0.082320399,-0.048425803,0.120624705,-0.008304227,0.004275929,-0.012550934,0.999877608,0,nan
135,136,sequential,0.087061778,-0.058438193,0.127190728,-0.005496668,0.001842730,-0.005610727,0.999967455,0,nan
136,137,sequential,0.089581910,-0.049431746,0.128243629,-0.001486545,0.001049673,-0.004720286,0.999987204,0,nan
137,138,sequential,0.084960045,-0.029977377,0.152951809,-0.004675639,-0.000285004,0.004127949,0.999980508,0,nan
138,139,sequential,0.093237819,-0.036664500,0.171398712,-0.007154378,-0.001175226,0.006726552,0.999951092,0,nan
139,140,sequential,0.091116749,-0.042264480,0.153374248,-0.000179003,0.001881459,-0.006112621,0.999979532,0,nan
140,141,sequential,0.081881361,-0.031914619,0.148152634,0.001719801,0.001847924,-0.006128570,0.999978034,0,nan
141,142,sequential,0.094092143,-0.026984180,0.172008338,-0.008059760,0.001298253,0.000087786,0.999966673,0,nan
142,143,sequential,0.085972735,-0.036974420,0.165450437,-0.005397472,0.002370910,-0.000523894,0.999982486,0,nan
143,144,sequential,0.070418488,-0.059552119,0.151037865,-0.004395626,0.002355319,0.001801594,0.999985943,0,nan
144,145,sequential,0.083331312,-0.046528406,0.172551265,0.006610735,0.002204055,0.001382154,0.999974765,0,nan
145,146,sequential,0.080418551,-0.060749191,0.178190141,0.012926558,0.003643202,-0.001425809,0.999908795,0,nan
146,147,sequential,0.074176434,-0.042750489,0.176774799,0.010209551,0.004193311,0.000139136,0.999939079,0,nan
147,148,sequential,0.068219007,-0.048997163,0.177142944,0.005854395,0.006016774,0.001465876,0.999963687,0,nan
148,149,sequential,0.067821746,-0.037280165,0.176381691,0.005333528,0.007831076,0.001908371,0.999953292,0,nan
149,150,sequential,0.058379911,-0.055612717,0.180892901,0.000642407,0.009406728,0.002517927,0.999952379,0,nan
150,151,sequential,0.058022719,-0.046403768,0.179805628,0.004694949,0.009814061,0.002498866,0.999937697,0,nan
151,152,sequential,0.044314943,-0.066832950,0.189919187,0.003574896,0.011131104,0.003097696,0.999926859,0,nan
152,153,sequential,0.038382900,-0.058633202,0.173262428,0.003096923,0.011304647,0.003565726,0.999924947,0,nan
153,154,sequential,0.026210986,-0.066182398,0.181644103,0.000866781,0.010255665,0.007944206,0.999915476,0,nan
154,155,sequential,0.024014594,-0.059951404,0.176689927,0.000845290,0.008613227,0.014593197,0.999856058,0,nan
155,156,sequential,0.026577699,-0.070821024,0.174835677,0.000926452,0.007695182,0.012353273,0.999893656,0,nan
156,157,sequential,0.016799219,-0.067699179,0.164250502,0.000660706,0.009360887,0.003119097,0.999951103,0,nan
157,158,sequential,0.022260623,-0.064461471,0.172447514,0.000771809,0.010371137,0.001147285,0.999945262,0,nan
158,159,sequential,0.005166742,-0.071949768,0.161627611,0.000247721,0.010242740,-0.005313699,0.999933393,0,nan
159,160,sequential,0.004640595,-0.071696206,0.169900415,0.001050397,0.007555182,-0.000936890,0.999970469,0,nan
160,161,sequential,0.004102275,-0.064151099,0.152262532,-0.000412680,0.004361059,0.009003443,0.999949873,0,nan
161,162,sequential,-0.002161929,-0.071378622,0.157699451,-0.001033292,0.002422960,0.013032769,0.999911600,0,nan
162,163,sequential,0.003117263,-0.062833717,0.144476956,0.000687290,-0.000563772,0.020236003,0.999794836,0,nan
163,164,sequential,0.015550190,-0.065069334,0.164069843,-0.000603735,0.003686667,0.003021336,0.999988458,0,nan
164,165,sequential,0.011477908,-0.071530097,0.154988671,0.000019583,0.007539542,-0.010873842,0.999912453,0,nan
165,166,sequential,0.003413218,-0.067509903,0.154381679,0.000717045,0.008970289,-0.014415425,0.999855597,0,nan
166,167,sequential,-0.000126671,-0.062872681,0.149924764,0.000667527,0.006739235,-0.009476099,0.999932168,0,nan
167,168,sequential,0.001434698,-0.066624327,0.159332313,-0.001432354,0.003647236,0.001325171,0.999991445,0,nan
168,169,sequential,-0.002572627,-0.065148663,0.147409819,0.000544905,0.001631651,0.004059869,0.999990279,0,nan
169,170,sequential,0.003517928,-0.059814894,0.157163072,-0.000694836,0.000967702,0.003700353,0.999992444,0,nan
170,171,sequential,0.003758126,-0.061800513,0.155992333,-0.000179571,0.000677821,0.005197021,0.999986250,0,nan
171,172,sequential,0.002096448,-0.051443160,0.175028203,0.000286807,0.002396728,0.000680680,0.999996855,0,nan
172,173,sequential,0.002475887,-0.057066978,0.143438943,0.000177202,-0.000378619,0.010990038,0.999939520,0,nan
173,174,sequential,0.001493347,-0.057662921,0.153146085,0.000975465,0.003102400,0.006356015,0.999974512,0,nan
174,175,sequential,-0.000169892,-0.046903578,0.158392930,0.001017939,0.003668575,0.007097576,0.999967564,0,nan
175,176,sequential,0.005365080,-0.050955503,0.152189418,0.000929083,0.004001388,0.007102128,0.999966342,0,nan
176,177,sequential,0.004513732,-0.044518278,0.151411879,0.001009640,0.004649236,0.007961553,0.999956989,0,nan
177,178,sequential,0.011175797,-0.043093377,0.159887580,0.000912615,0.005268927,0.012086343,0.999912659,0,nan
178,179,sequential,0.005976201,-0.048063721,0.154402508,0.001487618,0.007404945,0.006451991,0.999950662,0,nan
179,180,sequential,0.014491911,-0.037379046,0.158451814,0.001471338,0.009608505,0.004366644,0.999943220,0,nan
180,181,sequential,0.016920941,-0.032905091,0.157425196,0.001579707,0.012084217,0.000200696,0.999925715,0,nan
181,182,sequential,0.016430812,-0.032819886,0.163043234,0.001583372,0.012655943,-0.001699653,0.999917212,0,nan
182,183,sequential,0.019534560,-0.027764959,0.158490183,0.002163027,0.012323152,-0.000109794,0.999921722,0,nan
183,184,sequential,0.005994208,-0.033216585,0.151601634,0.000186788,0.011146315,0.006889097,0.999914129,0,nan
184,185,sequential,0.019373374,-0.027943559,0.154036466,0.000935829,0.008845765,0.010753050,0.999902620,0,nan
185,186,sequential,0.017281208,-0.029298411,0.156940670,0.002174857,0.012142616,0.003032429,0.999919312,0,nan
186,187,sequential,0.015731483,-0.028766751,0.158075038,0.001744520,0.014603574,-0.002672387,0.999888269,0,nan
187,188,sequential,0.018497804,-0.031417333,0.154259720,0.001243528,0.014875790,0.001939119,0.999886696,0,nan
188,189,sequential,0.010486877,-0.031262609,0.152184391,0.002864117,0.013336804,0.007570854,0.999878297,0,nan
189,190,sequential,0.013778515,-0.034856212,0.147039770,0.002456201,0.013155082,0.006520031,0.999889194,0,nan
190,191,sequential,0.016516223,-0.032627322,0.152703579,0.001360145,0.011281699,0.006040535,0.999917189,0,nan
191,192,sequential,0.014738135,-0.031925386,0.145354775,0.000687895,0.011029843,0.003470375,0.999932911,0,nan
192,193,sequential,0.019198939,-0.035530566,0.127844691,0.001659060,0.010916155,0.003497879,0.999932923,0,nan
193,194,sequential,0.026235422,-0.038312381,0.131367524,0.001134778,0.013625540,-0.009705212,0.999859423,0,nan
194,195,sequential,0.023538947,-0.030972847,0.160237883,-0.000768640,0.015901404,-0.020876275,0.999655308,0,nan
195,196,sequential,0.015313031,-0.039148185,0.138130331,-0.000604112,0.013505282,-0.011082288,0.999847201,0,nan
196,197,sequential,0.014424141,-0.034686596,0.134529443,0.000781235,0.013155976,-0.005048822,0.999900405,0,nan
197,198,sequential,0.008905968,-0.031263315,0.141486426,0.000007263,0.011911277,-0.001998785,0.999927060,0,nan
198,199,sequential,0.005678038,-0.032441690,0.137907916,0.000990669,0.009981054,-0.000132006,0.999949689,0,nan
199,200,sequential,0.001886793,-0.033372851,0.131922366,-0.002368975,0.008145077,0.000734230,0.999963753,0,nan
200,201,sequential,-0.000545793,-0.029244643,0.146899902,-0.010531190,0.008153435,0.001399368,0.999910325,0,nan
201,202,sequential,-0.004029867,-0.038429124,0.140511044,-0.015509748,0.008050855,0.002168750,0.999844952,0,nan
202,203,sequential,-0.005211552,-0.038814634,0.120266274,-0.007225008,0.008126706,0.002623199,0.999937435,0,nan
203,204,sequential,-0.009695640,-0.042398805,0.140196207,-0.011313954,0.008433432,0.003139612,0.999895502,0,nan
204,205,sequential,-0.008941040,-0.053422376,0.113477725,-0.010369515,0.008066030,0.003899487,0.999906099,0,nan
205,206,sequential,-0.012130349,-0.063811047,0.123562737,-0.009320535,0.008943292,0.003738405,0.999909581,0,nan
206,207,sequential,-0.017461590,-0.069257381,0.124068660,-0.001601094,0.009444886,0.004480003,0.999944079,0,nan
207,208,sequential,-0.020559377,-0.070266562,0.119600231,0.001334470,0.009915581,0.004883725,0.999938023,0,nan
208,209,sequential,-0.029362716,-0.063025029,0.148878374,0.005096285,0.008934189,0.004000169,0.999939102,0,nan
209,210,sequential,-0.030498848,-0.060311970,0.147783741,0.002694224,0.008908728,0.005162131,0.999943362,0,nan
210,211,sequential,-0.035284069,-0.061314440,0.150266940,0.002505791,0.009084346,0.003594011,0.999949138,0,nan
211,212,sequential,-0.038859101,-0.075796893,0.154430301,0.001692704,0.008536606,0.002879594,0.999957984,0,nan
212,213,sequential,-0.048448214,-0.068894689,0.160825859,0.007174474,0.006974005,0.002828616,0.999945943,0,nan
213,214,sequential,-0.044706508,-0.061363037,0.154719057,0.001208889,0.003422013,0.000331787,0.999993359,0,nan
214,215,sequential,-0.049282617,-0.072138435,0.168514487,0.003004991,0.002250861,0.000239406,0.999992923,0,nan
215,216,sequential,-0.052080993,-0.068601976,0.166905758,-0.001911314,0.001940738,0.001070876,0.999995717,0,nan
216,217,sequential,-0.050681460,-0.074766341,0.166476445,0.002485728,0.003025180,0.002230193,0.999989848,0,nan
217,218,sequential,-0.052708947,-0.056600227,0.164718935,0.004061726,0.004802861,0.000810181,0.999979889,0,nan
218,219,sequential,-0.054076961,-0.071824165,0.174336864,-0.005420046,0.003413917,0.001132299,0.999978843,0,nan
219,220,sequential,-0.057547118,-0.075804884,0.165539897,-0.002884175,0.001853946,0.001039101,0.999993582,0,nan
220,221,sequential,-0.057760274,-0.081069606,0.168817536,0.001340465,0.001028395,0.000004159,0.999998573,0,nan
221,222,sequential,-0.058204195,-0.063662322,0.167996085,-0.000399334,0.000196232,0.000146762,0.999999890,0,nan
222,223,sequential,-0.063205740,-0.084483664,0.173403827,-0.005396620,0.000441918,-0.000434704,0.999985246,0,nan
223,224,sequential,-0.058823412,-0.076305546,0.177766429,0.000262000,-0.000692785,0.000504576,0.999999598,0,nan
224,225,sequential,-0.058235049,-0.072798270,0.172426518,-0.000510295,-0.000474685,-0.000123231,0.999999750,0,nan
225,226,sequential,-0.062147797,-0.074360850,0.192276135,-0.005125641,-0.000374604,0.000323968,0.999986741,0,nan
226,227,sequential,-0.060595761,-0.073092671,0.180194173,-0.012346427,-0.000535782,0.000036233,0.999923636,0,nan
227,228,sequential,-0.044122290,-0.064914507,0.151802409,-0.007607088,0.000500602,0.000406661,0.999970858,0,nan
228,229,sequential,-0.059686259,-0.085700118,0.188353374,-0.002936260,0.002029168,0.001280388,0.999992811,0,nan
229,230,sequential,-0.059337872,-0.095601687,0.193105652,0.000714963,0.002584756,0.000862245,0.999996032,0,nan
230,231,sequential,-0.061166017,-0.095054749,0.207177870,0.009756572,0.003032413,0.001560362,0.999946588,0,nan
231,232,sequential,-0.063829709,-0.073396728,0.205153245,0.010841111,0.003245043,0.001657446,0.999934594,0,nan
232,233,sequential,-0.057719320,-0.076238626,0.197215958,-0.010327695,0.004197745,0.002301084,0.999935209,0,nan
233,234,sequential,-0.066282571,-0.090685543,0.209276633,-0.000995106,0.005801416,0.004208049,0.999973822,0,nan
234,235,sequential,-0.066587553,-0.086005292,0.213905495,0.005513122,0.007805588,0.004255282,0.999945284,0,nan
235,236,sequential,-0.072910803,-0.078445840,0.214549429,-0.006735985,0.008352307,0.005135482,0.999929244,0,nan
236,237,sequential,-0.071983156,-0.099163407,0.208048915,-0.004741395,0.009538467,0.004185263,0.999934508,0,nan
237,238,sequential,-0.075944901,-0.104948859,0.214275715,0.000544862,0.008803881,-0.004747640,0.999949826,0,nan
238,239,sequential,-0.083928074,-0.104101734,0.213667272,0.024845609,0.006762113,0.003566173,0.999662069,0,nan
239,240,sequential,-0.081102204,-0.079780221,0.233883747,0.014973302,0.006686497,0.000416982,0.999865449,0,nan
240,241,sequential,-0.094497251,-0.087757271,0.228137327,0.013925786,0.004215533,0.002061258,0.999892021,0,nan
241,242,sequential,-0.089336026,-0.073969112,0.221906937,0.007392763,0.002807525,0.003479544,0.999962678,0,nan
242,243,sequential,-0.092232903,-0.076360429,0.235015068,0.005880816,0.003132223,-0.002868604,0.999973688,0,nan
243,244,sequential,-0.102126805,-0.076288793,0.230255794,0.003687756,0.006624573,-0.011730570,0.999902450,0,nan
244,245,sequential,-0.098464120,-0.076884555,0.221334837,0.000546647,0.002929405,0.009044104,0.999954661,0,nan
245,246,sequential,-0.098890381,-0.081369847,0.213623817,0.000610163,0.002261676,0.006368711,0.999976976,0,nan
246,247,sequential,-0.105980697,-0.084335942,0.216095071,-0.000774155,0.001236088,0.003545613,0.999992651,0,nan
247,248,sequential,-0.103622404,-0.082990210,0.212103362,0.000258624,0.000610923,0.001496462,0.999998660,0,nan
248,249,sequential,-0.106401851,-0.095032529,0.215038887,-0.000613739,0.000057564,0.000632043,0.999999610,0,nan
249,250,sequential,-0.102324718,-0.085877963,0.205255798,-0.000161645,0.000749442,-0.000150921,0.999999695,0,nan
250,251,sequential,-0.117088487,-0.098734623,0.209151634,0.001345167,-0.004049415,0.002205276,0.999988465,0,nan
251,252,sequential,-0.096846964,-0.088643996,0.202959964,-0.001071705,-0.010000917,0.004526989,0.999939168,0,nan
252,253,sequential,-0.100061252,-0.090335390,0.202935223,-0.001135851,-0.006433159,-0.004858840,0.999966857,0,nan
253,254,sequential,-0.098831146,-0.097641506,0.208905858,-0.000058623,-0.008175816,-0.006135231,0.999947754,0,nan
254,255,sequential,-0.087849804,-0.095255853,0.204067823,-0.000511028,-0.006362637,-0.003424264,0.999973765,0,nan
255,256,sequential,-0.075407259,-0.094683848,0.194607216,-0.000418336,-0.006031238,-0.002565244,0.999978434,0,nan
256,257,sequential,-0.084727558,-0.098626791,0.205838759,0.000882109,-0.005874024,-0.001944511,0.999980468,0,nan
257,258,sequential,-0.086758614,-0.101791511,0.208721948,-0.000269843,-0.006028126,-0.001494482,0.999980678,0,nan
258,259,sequential,-0.072451541,-0.098910433,0.196911056,-0.000672898,-0.006547851,-0.002469987,0.999975286,0,nan
259,260,sequential,-0.073047093,-0.098879422,0.197655277,-0.000498785,-0.003568013,-0.001871868,0.999991758,0,nan
260,261,sequential,-0.069875592,-0.103608995,0.196857988,0.000159663,-0.002063213,-0.000659052,0.999997642,0,nan
261,262,sequential,-0.077220337,-0.103380045,0.205448180,0.001102346,-0.002127850,0.003296939,0.999991694,0,nan
262,263,sequential,-0.065706149,-0.093258156,0.199622215,-0.006682487,-0.001798039,-0.000503688,0.999975929,0,nan
263,264,sequential,-0.074119511,-0.118419785,0.207950014,-0.012187469,-0.001132680,-0.002467735,0.999922043,0,nan
264,265,sequential,-0.067062378,-0.113867590,0.200757478,-0.001179068,0.000516974,-0.001462522,0.999998102,0,nan
265,266,sequential,-0.070748732,-0.111079482,0.197764649,0.004794782,0.000545616,-0.000650427,0.999988145,0,nan
266,267,sequential,-0.066061635,-0.108236894,0.198835531,0.004396288,0.000879245,-0.000331284,0.999989895,0,nan
267,268,sequential,-0.071728974,-0.100167359,0.202257016,0.002437806,0.001812661,0.000510906,0.999995255,0,nan
268,269,sequential,-0.075724947,-0.098377051,0.205414607,0.001152716,0.001578440,0.000487562,0.999997971,0,nan
269,270,sequential,-0.072129294,-0.104990993,0.200019123,-0.005647416,0.000861442,0.001360044,0.999982757,0,nan
270,271,sequential,-0.071312611,-0.110461991,0.207717551,-0.001200194,0.000899969,0.000835465,0.999998526,0,nan
271,272,sequential,-0.074335486,-0.099411789,0.197440768,0.002285391,0.001505431,0.000803303,0.999995933,0,nan
272,273,sequential,-0.076342218,-0.102088736,0.198680329,-0.002283259,0.000551658,0.000418712,0.999997154,0,nan
273,274,sequential,-0.071050897,-0.089436227,0.190921760,0.001642378,0.000341887,0.000263444,0.999998558,0,nan
274,275,sequential,-0.071181132,-0.104256562,0.208432213,-0.007601850,0.000082513,-0.000469554,0.999970992,0,nan
275,276,sequential,-0.078259680,-0.112387700,0.184881181,0.006338952,0.000126518,0.000412004,0.999979816,0,nan
276,277,sequential,-0.077345935,-0.101586697,0.203131042,0.004449530,0.000019225,-0.000228602,0.999990074,0,nan
277,278,sequential,-0.074837082,-0.091811532,0.206477020,0.002157052,-0.000268716,0.000379236,0.999997566,0,nan
278,279,sequential,-0.074797629,-0.086960432,0.205859399,-0.005602727,0.000097653,-0.001567936,0.999983071,0,nan
279,280,sequential,-0.080268576,-0.099024483,0.189913197,-0.003871616,-0.000864875,0.000171978,0.999992116,0,nan
280,281,sequential,-0.074062354,-0.114505313,0.208474402,-0.005351619,-0.000278350,-0.000954439,0.999985186,0,nan
281,282,sequential,-0.072592500,-0.090862050,0.205446086,0.005174529,-0.000186619,-0.001424846,0.999985580,0,nan
282,283,sequential,-0.074456133,-0.105142559,0.212327291,-0.007598331,0.001115108,0.001613761,0.999969208,0,nan
283,284,sequential,-0.074207781,-0.098940643,0.202809705,0.005951507,0.000340743,0.000493998,0.999982110,0,nan
284,285,sequential,-0.075131160,-0.082398694,0.219643567,-0.007662247,0.000357848,0.000846830,0.999970222,0,nan
285,286,sequential,-0.073367048,-0.112969753,0.187415370,-0.009148502,0.000439628,-0.001809450,0.999956418,0,nan
286,287,sequential,-0.062693073,-0.106133098,0.215485628,-0.005997655,-0.000625946,-0.000246825,0.999981788,0,nan
287,288,sequential,-0.083166098,-0.118345377,0.195682306,0.005471819,0.000682960,0.001844921,0.999983094,0,nan
288,289,sequential,-0.080475417,-0.102667319,0.212655307,0.005422581,0.000435163,0.001326076,0.999984324,0,nan
289,290,sequential,-0.078861330,-0.103494707,0.208952768,0.001909220,-0.000231938,0.000146580,0.999998140,0,nan
290,291,sequential,-0.068036377,-0.091855413,0.213812275,-0.000265998,-0.000346171,-0.000262337,0.999999870,0,nan
291,292,sequential,-0.073872430,-0.117318404,0.210048912,0.002118025,-0.000152579,-0.000336451,0.999997689,0,nan
292,293,sequential,-0.095557667,-0.098212181,0.217569537,0.005025212,0.000982775,0.000447129,0.999986791,0,nan
293,294,sequential,-0.094725384,-0.106649344,0.208204045,0.000605133,0.001051234,-0.000610342,0.999999078,0,nan
294,295,sequential,-0.076005785,-0.075993430,0.227823227,0.002753740,-0.000102864,0.001387940,0.999995240,0,nan
295,296,sequential,-0.089984116,-0.084322688,0.213648335,-0.003245968,0.001353109,-0.000245197,0.999993786,0,nan
296,297,sequential,-0.075824918,-0.082579213,0.224835857,-0.011214930,-0.000593527,0.001502041,0.999935806,0,nan
297,298,sequential,-0.073939377,-0.101322326,0.216803177,-0.013139158,-0.000318474,-0.000004418,0.999913627,0,nan
298,299,sequential,-0.081044864,-0.102867469,0.204374523,0.000374143,0.000073826,-0.000008590,0.999999927,0,nan
299,300,sequential,-0.080283300,-0.090822164,0.243288469,-0.002534120,-0.000027671,-0.000014081,0.999996789,0,nan
300,301,sequential,-0.080437322,-0.098046946,0.222948054,-0.009730844,0.000365972,0.000291544,0.999952545,0,nan
301,302,sequential,-0.079871171,-0.094208893,0.220771906,-0.012068427,0.000362750,0.000162403,0.999927095,0,nan
302,303,sequential,-0.074077972,-0.117446602,0.224718182,-0.013833020,0.002234463,-0.004318298,0.999892498,0,nan
303,304,sequential,-0.084515481,-0.104909433,0.237361814,-0.001285506,0.003108628,-0.008344312,0.999959527,0,nan
304,305,sequential,-0.088512976,-0.115165098,0.241448943,-0.004770559,0.002149765,0.000395831,0.999986232,0,nan
305,306,sequential,-0.082076981,-0.121986969,0.241057624,0.004974336,-0.000687776,0.005326041,0.999973208,0,nan
306,307,sequential,-0.085027818,-0.128146454,0.232221012,0.007327879,-0.000683604,0.003912879,0.999965262,0,nan
307,308,sequential,-0.085895341,-0.123616396,0.237841661,0.003490947,-0.000563509,0.001726053,0.999992258,0,nan
308,309,sequential,-0.083699206,-0.136907644,0.255225238,0.009746118,-0.000792729,0.001566408,0.999950964,0,nan
309,310,sequential,-0.087357437,-0.134370959,0.260138256,0.011851119,0.000256359,0.001100466,0.999929135,0,nan
310,311,sequential,-0.083590115,-0.117103697,0.260959501,0.018466796,0.000347214,0.002658743,0.999825879,0,nan
311,312,sequential,-0.085003553,-0.100726300,0.274010815,0.011257377,0.002176660,0.002011873,0.999932241,0,nan
312,313,sequential,-0.090213181,-0.101873246,0.279717003,0.006591959,0.002350997,0.000552756,0.999975356,0,nan
313,314,sequential,-0.090543293,-0.111850130,0.282508983,0.004497701,0.002896247,-0.001708538,0.999984232,0,nan
314,315,sequential,-0.096988632,-0.088048669,0.288995306,0.003362613,0.001577929,-0.002274543,0.999990515,0,nan
315,316,sequential,-0.085274027,-0.090932194,0.272006274,0.000319541,0.000529093,0.002362064,0.999997019,0,nan
316,317,sequential,-0.093801349,-0.111444281,0.283909336,0.000358675,-0.000120285,0.002279478,0.999997330,0,nan
317,318,sequential,-0.090382158,-0.064247730,0.261353017,-0.005637716,0.001316730,-0.000537840,0.999983096,0,nan
318,319,sequential,-0.075447818,-0.146496745,0.264411271,-0.010357176,0.002050787,-0.003906522,0.999936629,0,nan
319,320,sequential,-0.125149181,-0.145329990,0.364509439,0.003170300,0.006061422,-0.008559407,0.999939971,0,nan
320,321,sequential,-0.102068428,-0.125172928,0.316005371,0.000561183,0.000952936,0.006545339,0.999977968,0,nan
321,322,sequential,-0.101040640,-0.132651303,0.275221401,0.002527320,0.002279848,0.004549908,0.999983857,0,nan
322,323,sequential,-0.095273590,-0.127223521,0.252700826,0.002974883,0.003972701,0.003767798,0.999980586,0,nan
323,324,sequential,-0.119141115,-0.143412451,0.314259316,0.001681079,0.004976835,0.001775230,0.999984627,0,nan
324,325,sequential,-0.103833557,-0.131567310,0.253462916,0.000933886,0.004103948,0.002214170,0.999988691,0,nan
325,326,sequential,-0.126953311,-0.153139144,0.318466652,0.000688137,0.003498469,0.000931659,0.999993210,0,nan
326,327,sequential,-0.112392951,-0.117148236,0.252563534,0.000524102,0.002042366,0.000163869,0.999997764,0,nan
327,328,sequential,-0.107114334,-0.113606864,0.249942315,-0.003156090,0.000730571,0.001066508,0.999994184,0,nan
328,329,sequential,-0.104213111,-0.138375573,0.262154857,-0.006349351,0.001369537,-0.001763625,0.999977350,0,nan
329,330,sequential,-0.105750287,-0.119909026,0.224811801,-0.000367874,0.002866045,-0.005778166,0.999979131,0,nan
330,331,sequential,-0.117565491,-0.135627539,0.254646763,0.001437828,0.000544578,0.000541440,0.999998671,0,nan
331,332,sequential,-0.114627651,-0.131296560,0.261413894,-0.000175456,-0.001425184,0.004254934,0.999989917,0,nan
332,333,sequential,-0.105454461,-0.136839625,0.241762233,0.002521137,-0.000849493,0.002030534,0.999994400,0,nan
333,334,sequential,-0.112565367,-0.128218313,0.256850453,0.001990883,-0.000590059,0.000809855,0.999997516,0,nan
334,335,sequential,-0.108441013,-0.114434627,0.261133343,0.001117689,0.000241237,-0.004326261,0.999989988,0,nan
335,336,sequential,-0.114307900,-0.125959128,0.250414789,0.000129178,0.001727879,-0.004526006,0.999988256,0,nan
336,337,sequential,-0.116367422,-0.102350471,0.249537672,0.001095344,-0.000253040,-0.000030282,0.999999368,0,nan
337,338,sequential,-0.108792640,-0.127810678,0.285445984,-0.006221876,-0.001729912,0.003220647,0.999973961,0,nan
338,339,sequential,-0.106222339,-0.115682156,0.260219861,0.003562879,-0.003429584,0.000961540,0.999987310,0,nan
339,340,sequential,-0.146985051,-0.123350365,0.255500835,-0.001452610,0.000375957,0.001394237,0.999997902,0,nan
340,341,sequential,-0.104124349,-0.086906959,0.273973789,-0.003284320,-0.001349419,0.001392454,0.999992727,0,nan
341,342,sequential,-0.086494271,-0.129984106,0.239587917,-0.012314445,-0.002582504,-0.001732195,0.999919339,0,nan
342,343,sequential,-0.107199105,-0.119789537,0.262138250,-0.001145314,-0.000235052,0.000651124,0.999999105,0,nan
343,344,sequential,-0.106512841,-0.102006248,0.259961260,0.003650530,0.000032555,-0.000171502,0.999993322,0,nan
344,345,sequential,-0.100037201,-0.107794959,0.268390354,-0.000153163,0.000009882,-0.000454819,0.999999885,0,nan
345,346,sequential,-0.082050649,-0.106072181,0.277899676,0.006406869,0.003550363,-0.014326496,0.999870541,0,nan
346,347,sequential,-0.102334115,-0.084649015,0.265904307,0.003588115,0.005700441,-0.020648113,0.999764115,0,nan
347,348,sequential,-0.119169533,-0.065153488,0.319591090,-0.006326322,0.000791947,-0.003079431,0.999974933,0,nan
348,349,sequential,-0.115674987,-0.122509699,0.247882421,0.003034406,-0.005826295,0.013732938,0.999884120,0,nan
349,350,sequential,-0.108285626,-0.086845447,0.263607899,0.000158166,-0.004940384,0.011925337,0.999916673,0,nan
350,351,sequential,-0.113996744,-0.078569110,0.265720233,-0.000171545,-0.002773166,0.007218588,0.999970086,0,nan
351,352,sequential,-0.108252547,-0.108580993,0.266433747,-0.005038418,-0.001694388,0.003649588,0.999979212,0,nan
352,353,sequential,-0.107776819,-0.082634659,0.285805225,0.005126330,-0.001177505,0.001682215,0.999984752,0,nan
353,354,sequential,-0.114006540,-0.082006595,0.281690927,0.003634400,-0.001199795,0.002274624,0.999990089,0,nan
354,355,sequential,-0.104858515,-0.093155694,0.266245688,0.003048264,-0.001612242,0.002374244,0.999991236,0,nan
355,356,sequential,-0.110934382,-0.077426574,0.287914677,0.001201281,-0.000653552,-0.000713006,0.999998811,0,nan
356,357,sequential,-0.095894963,-0.077946069,0.279454001,0.000265350,0.000365519,-0.003338320,0.999994326,0,nan
357,358,sequential,-0.107538824,-0.064355554,0.286938204,-0.001181741,-0.000232242,-0.000647486,0.999999065,0,nan
358,359,sequential,-0.085553499,-0.086279934,0.313627774,-0.004873403,-0.000354773,0.000512855,0.999987930,0,nan
359,360,sequential,-0.103894653,-0.078152217,0.261797119,0.000390522,-0.000028975,0.001217824,0.999999182,0,nan
360,361,sequential,-0.105450381,-0.097344333,0.264956161,-0.001119274,0.001081408,-0.001040318,0.999998248,0,nan
361,362,sequential,-0.095034744,-0.073192684,0.264491839,-0.000057357,0.000427324,-0.000325450,0.999999854,0,nan
362,363,sequential,-0.109868878,-0.103790477,0.272980945,-0.000566533,0.000457488,0.000398106,0.999999656,0,nan
363,364,sequential,-0.102241791,-0.085228330,0.265754720,0.002828354,0.000352504,0.000675412,0.999995710,0,nan
364,365,sequential,-0.098376186,-0.084088045,0.253537966,0.001340304,0.000139561,0.001159754,0.999998420,0,nan
365,366,sequential,-0.100589118,-0.080934501,0.242860875,0.001384821,0.000512879,0.000072668,0.999998907,0,nan
366,367,sequential,-0.095938865,-0.094685834,0.252362334,0.000538227,0.000863474,-0.001016859,0.999998965,0,nan
367,368,sequential,-0.101972636,-0.072497365,0.264982123,-0.001611430,0.001851693,-0.001363594,0.999996058,0,nan
368,369,sequential,-0.095051526,-0.063252737,0.253985795,-0.013826679,0.000631229,0.001277496,0.999903392,0,nan
369,370,sequential,-0.104362218,-0.079547779,0.251039132,0.002463572,0.000892804,0.000725122,0.999996304,0,nan
370,371,sequential,-0.100974232,-0.084771653,0.240482689,-0.005022395,0.001077303,-0.000599606,0.999986628,0,nan
371,372,sequential,-0.096421305,-0.063367160,0.245652991,0.002655681,0.001544875,-0.004211469,0.999986412,0,nan
372,373,sequential,-0.111168552,-0.113839741,0.262691825,-0.000788074,0.000544042,-0.000143171,0.999999531,0,nan
373,374,sequential,-0.096132730,-0.099987867,0.261634894,0.006169421,0.000115580,0.000712980,0.999980708,0,nan
374,375,sequential,-0.100877549,-0.087277672,0.245312383,0.004095896,0.000029705,0.001544966,0.999990418,0,nan
375,376,sequential,-0.093076473,-0.084445044,0.245116719,-0.002180245,0.000335155,0.001637498,0.999996226,0,nan
376,377,sequential,-0.101387672,-0.108716320,0.237691527,0.000942121,0.000557275,0.000538591,0.999999256,0,nan
377,378,sequential,-0.098551859,-0.092290248,0.266564243,0.001970956,0.003508614,-0.004951948,0.999979641,0,nan
378,379,sequential,-0.098957107,-0.078153332,0.241038278,-0.002720075,0.000340697,0.002460162,0.999993216,0,nan
379,380,sequential,-0.101068896,-0.101044159,0.243511982,-0.009087272,0.000364209,0.001304386,0.999957793,0,nan
380,381,sequential,-0.096003645,-0.059508598,0.251099498,-0.005937076,0.000325448,0.000259047,0.999982289,0,nan
381,382,sequential,-0.086115959,-0.061747907,0.251225367,-0.022887141,0.001343281,-0.003446636,0.999731211,0,nan
382,383,sequential,-0.104205462,-0.087243666,0.262595242,-0.024128328,0.002707014,-0.009509059,0.999659979,0,nan
383,384,sequential,-0.098118595,-0.135590889,0.243537381,-0.014004192,0.000585694,-0.002225433,0.999899288,0,nan
384,385,sequential,-0.104144554,-0.136089837,0.241002756,0.007308813,0.000469517,-0.002091989,0.999970992,0,nan
385,386,sequential,-0.124501013,-0.139713031,0.244977672,0.009316646,-0.001785414,0.006370132,0.999934715,0,nan
386,387,sequential,-0.101149936,-0.127492635,0.258690724,0.013886278,-0.004108579,0.004929329,0.999882989,0,nan
387,388,sequential,-0.113667368,-0.125760949,0.267404578,0.007693099,-0.000291926,-0.000838390,0.999970014,0,nan
388,389,sequential,-0.112845117,-0.106845239,0.253739511,0.005736752,0.001229529,-0.005753540,0.999966237,0,nan
389,390,sequential,-0.106295031,-0.115186081,0.274039221,-0.007334882,-0.001704677,-0.001096027,0.999971046,0,nan
390,391,sequential,-0.100247709,-0.134933166,0.276463080,-0.001565781,-0.005499486,0.004844654,0.999971916,0,nan
391,392,sequential,-0.098392110,-0.143159004,0.279815468,0.003133173,-0.004847423,0.002597025,0.999979970,0,nan
392,393,sequential,-0.094891371,-0.117150554,0.292086517,0.013178602,-0.005963286,-0.003669716,0.999888642,0,nan
393,394,sequential,-0.070116213,-0.131375374,0.289662397,0.010657297,-0.007035089,-0.001209853,0.999917730,0,nan
394,395,sequential,-0.070837499,-0.121365457,0.311736818,0.010917610,-0.005997215,-0.002149992,0.999920105,0,nan
395,396,sequential,-0.089936215,-0.082904296,0.295805312,0.002645129,-0.005245507,-0.005217962,0.999969130,0,nan
396,397,sequential,-0.064285886,-0.115354684,0.302427791,-0.009651042,-0.003685066,-0.004502554,0.999936500,0,nan
397,398,sequential,-0.052569282,-0.118337405,0.302164186,0.007221252,0.001870053,-0.018950484,0.999792596,0,nan
398,399,sequential,-0.069751160,-0.105298200,0.318273362,0.005969553,0.010485156,-0.041530206,0.999064396,0,nan
399,400,sequential,-0.109456885,-0.120429140,0.326001886,0.004205603,0.001990082,-0.018027655,0.999826663,0,nan
400,401,sequential,-0.099146302,-0.114887637,0.306100318,0.005093797,-0.010070690,0.005474315,0.999921330,0,nan
401,402,sequential,-0.080110521,-0.098045820,0.310368149,0.002515217,-0.010884033,0.016102715,0.999807939,0,nan
402,403,sequential,-0.071618121,-0.108521945,0.297440914,-0.000126148,-0.005438461,0.005680880,0.999969067,0,nan
403,404,sequential,-0.103321811,-0.102697032,0.320188926,0.000829671,-0.002882726,0.002459072,0.999992477,0,nan
404,405,sequential,-0.092983601,-0.104609725,0.302920198,-0.000427326,-0.007409760,0.018875515,0.999794293,0,nan
405,406,sequential,-0.087331241,-0.092970217,0.311582101,-0.000849682,-0.005964685,0.014794757,0.999872400,0,nan
406,407,sequential,-0.083554481,-0.098936767,0.301745913,-0.000805012,-0.003624131,0.007099263,0.999967909,0,nan
407,408,sequential,-0.064465584,-0.092607816,0.313456671,0.000699753,-0.004313242,0.004452904,0.999980539,0,nan
408,409,sequential,-0.086132436,-0.104911634,0.300896104,0.000150304,-0.001590597,0.002073863,0.999996573,0,nan
409,410,sequential,-0.083503438,-0.093371301,0.300498978,-0.000387892,0.000007057,-0.002868203,0.999995811,0,nan
410,411,sequential,-0.081889029,-0.093651140,0.313397465,-0.000173651,-0.001592056,0.001857349,0.999996993,0,nan
411,412,sequential,-0.081368167,-0.100328346,0.305958901,-0.000919618,-0.001520976,0.000762332,0.999998130,0,nan
412,413,sequential,-0.083942307,-0.105086425,0.327792985,-0.000707984,0.000882024,-0.004553189,0.999988995,0,nan
413,414,sequential,-0.086085250,-0.096690079,0.310631968,-0.001481449,0.000969903,-0.001959131,0.999996513,0,nan
414,415,sequential,-0.081757791,-0.113106049,0.313011357,0.000352684,-0.000583416,0.003692997,0.999992948,0,nan
415,416,sequential,-0.078000279,-0.102476541,0.299509505,0.001603377,-0.000126846,0.003273077,0.999993350,0,nan
416,417,sequential,-0.082994657,-0.108283056,0.301383735,0.000068940,0.001160024,-0.000204910,0.999999304,0,nan
417,418,sequential,-0.078288810,-0.105499614,0.298887996,0.000149903,0.001041118,0.001207777,0.999998717,0,nan
418,419,sequential,-0.077853670,-0.105516260,0.291951923,-0.000565339,0.002288718,0.001964803,0.999995291,0,nan
419,420,sequential,-0.086675674,-0.111437273,0.290659490,0.000271340,0.001353368,0.002372911,0.999996232,0,nan
420,421,sequential,-0.072927790,-0.109249300,0.294371636,-0.000732453,0.001298952,0.000757643,0.999998601,0,nan
421,422,sequential,-0.082966617,-0.113828430,0.278781137,-0.000094556,0.001374526,0.001164840,0.999998372,0,nan
422,423,sequential,-0.082313681,-0.122919770,0.288875760,-0.001614616,0.000931908,-0.000001420,0.999998262,0,nan
423,424,sequential,-0.074417913,-0.100264141,0.284842585,-0.001662706,0.000451371,-0.000102315,0.999998511,0,nan
424,425,sequential,-0.076220268,-0.133197376,0.261449271,-0.005234744,0.000178079,-0.000784757,0.999985975,0,nan
425,426,sequential,-0.075156647,-0.128667740,0.280666426,0.002927972,0.000329115,0.000053755,0.999995658,0,nan
426,427,sequential,-0.072122409,-0.121019658,0.275832819,0.002237135,0.000538208,-0.000796237,0.999997036,0,nan
427,428,sequential,-0.076856598,-0.124658349,0.282009168,0.001119534,0.000613458,-0.000552375,0.999999033,0,nan
428,429,sequential,-0.064888693,-0.108337978,0.287665205,0.000873104,0.002409415,-0.006284609,0.999976968,0,nan
429,430,sequential,-0.080832400,-0.101248711,0.265545601,-0.000218343,0.003827875,-0.009725503,0.999945356,0,nan
430,431,sequential,-0.069497369,-0.122991567,0.275195160,-0.007915995,-0.001372809,0.005655240,0.999951734,0,nan
431,432,sequential,-0.073957703,-0.141797772,0.286881619,-0.000520884,-0.001306111,0.004144389,0.999990423,0,nan
432,433,sequential,-0.067411857,-0.086173008,0.233043904,0.000264214,-0.000408316,0.002712459,0.999996203,0,nan
433,434,sequential,-0.083094422,-0.111378468,0.302730349,0.001731317,-0.000180185,-0.000072275,0.999998482,0,nan
434,435,sequential,-0.067816981,-0.131590466,0.272945283,-0.001051593,-0.000093276,-0.000754336,0.999999158,0,nan
435,436,sequential,-0.077825929,-0.109822676,0.299172935,0.004324858,-0.000135237,0.001601276,0.999989357,0,nan
436,437,sequential,-0.073228565,-0.108262973,0.281765295,0.001560104,-0.000002622,-0.000010260,0.999998783,0,nan
437,438,sequential,-0.068364045,-0.111947226,0.264205013,0.001702350,-0.000674863,0.002777055,0.999994467,0,nan
438,439,sequential,-0.072447103,-0.108238217,0.286635090,0.000326103,0.000537933,-0.000813184,0.999999472,0,nan
439,440,sequential,-0.072532646,-0.103808852,0.285419601,0.000349442,0.000831257,-0.002720263,0.999995894,0,nan
440,441,sequential,-0.239381427,-0.332530578,0.939129468,-0.052165736,0.001141676,0.004085209,0.998629433,0,nan
441,442,sequential,-0.125505602,-0.209583265,0.509588346,0.001462804,0.002777514,-0.000447147,0.999994973,0,nan
442,443,sequential,-0.107537146,-0.230823038,0.382208476,0.002528983,0.001271823,-0.000276754,0.999995955,0,nan
443,444,sequential,-0.085807946,-0.148129619,0.358847336,0.016683180,0.000522556,0.000899962,0.999860284,0,nan
444,445,sequential,-0.076283097,-0.136583059,0.294102014,0.011925153,0.000496338,-0.000012265,0.999928770,0,nan
445,446,sequential,-0.112594894,-0.179016789,0.478546648,0.013279625,0.000943934,-0.000311475,0.999911328,0,nan
446,447,sequential,-0.137789232,-0.211276511,0.593244357,0.005374666,-0.002060970,0.001683879,0.999982015,0,nan
447,448,sequential,-0.114845385,-0.167607872,0.488802086,0.002421671,-0.002010453,0.001035517,0.999994511,0,nan
448,449,sequential,-0.127594591,-0.197086448,0.624982435,-0.011731327,0.000951780,-0.010371017,0.999876948,0,nan
449,450,sequential,-0.122206548,-0.229647568,0.617088432,-0.017586046,0.014183341,-0.054009505,0.998284798,0,nan
450,451,sequential,-0.076946424,-0.151144736,0.299937796,0.004562903,0.007593170,-0.025603362,0.999632928,0,nan
451,452,sequential,-0.063605946,-0.116645733,0.280962402,0.010094106,0.006420283,-0.017289128,0.999778963,0,nan
452,453,sequential,-0.084898159,-0.128150018,0.307568211,0.005609878,0.006347616,-0.017040508,0.999818913,0,nan
453,454,sequential,-0.090816213,-0.115920032,0.278865420,0.000103913,0.004423238,-0.008819899,0.999951316,0,nan
454,455,sequential,-0.106210330,-0.136840186,0.282439697,-0.007386012,0.001769630,0.000224264,0.999971132,0,nan
455,456,sequential,-0.132471131,-0.144450741,0.292405607,0.001616244,-0.003250663,0.016610139,0.999855452,0,nan
456,457,sequential,-0.096516807,-0.145634511,0.272218148,0.008765745,-0.001768585,0.009391005,0.999915918,0,nan
457,458,sequential,-0.130194476,-0.112288935,0.290242438,0.003744502,0.005795953,-0.011608941,0.999908805,0,nan
458,459,sequential,-0.157518726,-0.124788454,0.284727699,0.000554225,0.003674151,-0.004032947,0.999984964,0,nan
459,460,sequential,-0.183121384,-0.130125305,0.300679167,0.000220976,-0.009478424,0.040951040,0.999116171,0,nan
460,461,sequential,-0.126408503,-0.087002169,0.226368071,-0.000237638,-0.007638374,0.030242280,0.999513383,0,nan
461,462,sequential,-0.162662535,-0.089127451,0.292549263,-0.000717486,-0.004373398,0.021162161,0.999766233,0,nan
462,463,sequential,-0.167428548,-0.098429402,0.279761872,0.000366280,-0.001999982,0.013275610,0.999909808,0,nan
463,464,sequential,-0.179584137,-0.104597210,0.292043631,0.000352178,-0.000978474,0.010476577,0.999944578,0,nan
464,465,sequential,-0.192196292,-0.094888524,0.267147274,-0.003684017,-0.007804342,0.032166862,0.999445253,0,nan
465,466,sequential,-0.160575869,-0.112297011,0.292134793,0.003864192,-0.010687368,0.037512983,0.999231517,0,nan
466,467,sequential,-0.166858450,-0.081122835,0.268323562,0.002152409,-0.003815732,0.010793802,0.999932148,0,nan
467,468,sequential,-0.194037552,-0.085091761,0.348277845,0.000640919,-0.007634143,0.027984196,0.999579008,0,nan
468,469,sequential,-0.148947417,-0.116795410,0.371495829,0.006559981,-0.003405459,0.003355559,0.999967054,0,nan
469,470,sequential,-0.289937151,-0.137255763,0.732442333,-0.005832067,0.032307524,-0.084274503,0.995901611,0,nan
470,471,sequential,-0.129088390,-0.081590507,0.343151374,-0.004110142,0.010564373,-0.011265138,0.999872291,0,nan
471,472,sequential,-0.108869348,-0.068107495,0.278510888,-0.002051741,0.008443452,-0.004191315,0.999953465,0,nan
472,473,sequential,-0.142902292,-0.102291455,0.317601653,-0.000911890,0.010118278,-0.001302369,0.999947545,0,nan
473,474,sequential,-0.133825376,-0.095635006,0.308411743,-0.000478254,0.006582208,0.000419327,0.999978135,0,nan
474,475,sequential,-0.117908203,-0.088752128,0.248672077,-0.001235113,0.004890699,0.000445442,0.999987178,0,nan
475,476,sequential,-0.126232214,-0.108542340,0.253072312,-0.000723073,0.003775087,-0.000013980,0.999992613,0,nan
476,477,sequential,-0.118276955,-0.112075642,0.222689668,0.000905650,0.003266927,0.001323051,0.999993378,0,nan
477,478,sequential,-0.121023037,-0.118345205,0.235427262,0.000502618,0.002678582,0.000984705,0.999995801,0,nan
478,479,sequential,-0.127245779,-0.121531923,0.243886859,0.000332534,0.003976156,0.001578035,0.999990795,0,nan
479,480,sequential,-0.119956323,-0.112939817,0.223289071,-0.000280465,0.004687623,0.002293143,0.999986344,0,nan
480,481,sequential,-0.130707691,-0.126471060,0.227456226,0.000481706,0.005962724,0.001478296,0.999981014,0,nan
481,482,sequential,-0.135565049,-0.139231926,0.250960112,0.000217992,0.005817602,0.002377744,0.999980227,0,nan
482,483,sequential,-0.137076197,-0.112641722,0.232479716,0.001094330,0.004195324,0.002571044,0.999987296,0,nan
483,484,sequential,-0.137975727,-0.130476771,0.220552264,-0.006306166,0.003612983,0.002384134,0.999970747,0,nan
484,485,sequential,-0.133076454,-0.141574303,0.222515589,0.001316658,0.001573093,0.001029938,0.999997366,0,nan
485,486,sequential,-0.129083055,-0.123019815,0.216397135,-0.000656437,0.000991941,0.000459269,0.999999187,0,nan
486,487,sequential,-0.130076801,-0.143677556,0.219590721,0.001752533,0.000256781,0.000412954,0.999998346,0,nan
487,488,sequential,-0.131788668,-0.124604045,0.217924548,0.002546776,0.001682248,-0.000993626,0.999994848,0,nan
488,489,sequential,-0.142109568,-0.135708897,0.219124247,0.000197632,0.000898067,0.000594846,0.999999400,0,nan
489,490,sequential,-0.120664794,-0.123031382,0.230061758,0.001543002,-0.000285998,-0.000610993,0.999998582,0,nan
490,491,sequential,-0.133789757,-0.139527670,0.205047938,-0.000096921,0.000098918,-0.001786270,0.999998395,0,nan
491,492,sequential,-0.126296843,-0.132132417,0.231218482,0.000760352,0.000737464,0.000326183,0.999999386,0,nan
492,493,sequential,-0.116181587,-0.128422832,0.197922453,0.000108429,0.000421695,-0.000843321,0.999999550,0,nan
493,494,sequential,-0.121280589,-0.142289304,0.207896940,0.001281282,-0.000184474,0.000232062,0.999999135,0,nan
494,495,sequential,-0.131226858,-0.125533288,0.243450128,-0.000402035,0.002035928,-0.000677890,0.999997617,0,nan
495,496,sequential,-0.141495279,-0.127160902,0.211170416,-0.000935559,0.000773212,-0.000220490,0.999999239,0,nan
496,497,sequential,-0.132504143,-0.143441901,0.192844888,-0.001019956,0.001407836,-0.000110747,0.999998483,0,nan
497,498,sequential,-0.108266505,-0.142396767,0.200949456,0.000911808,0.000106886,0.000524006,0.999999441,0,nan
498,499,sequential,-0.142525261,-0.138235456,0.234302157,0.000058986,0.000868087,-0.001021705,0.999999100,0,nan
499,500,sequential,-0.141477617,-0.138211784,0.188721244,0.000013696,0.001004273,0.000222634,0.999999471,0,nan
500,501,sequential,-0.141576285,-0.142683108,0.217391768,0.000552439,0.003277380,0.001968304,0.999992540,0,nan
501,502,sequential,-0.139424396,-0.128732276,0.223984998,0.000266207,0.001409411,0.013037561,0.999913979,0,nan
502,503,sequential,-0.152097124,-0.139901305,0.218258431,-0.000388200,-0.000155618,0.030180778,0.999544369,0,nan
503,504,sequential,-0.162863522,-0.161560644,0.193757844,0.007519365,0.005585448,0.023999309,0.999668092,0,nan
504,505,sequential,-0.121074191,-0.110950089,0.181225100,0.003627616,0.010244773,0.005363673,0.999926555,0,nan
505,506,sequential,-0.170052583,-0.131975460,0.215206051,-0.001935570,0.015411678,-0.002659572,0.999875823,0,nan
506,507,sequential,-0.122796991,-0.104980204,0.203621819,0.000243425,0.015516175,-0.006363311,0.999859339,0,nan
507,508,sequential,-0.130299591,-0.102321290,0.204167891,-0.001026045,0.015133911,-0.014126002,0.999785161,0,nan
508,509,sequential,-0.130456411,-0.107883797,0.182937275,-0.001392415,0.012554269,-0.008602040,0.999883221,0,nan
509,510,sequential,-0.158177552,-0.125680967,0.207782447,-0.001670320,0.013176772,-0.007872609,0.999880795,0,nan
510,511,sequential,-0.164019197,-0.111578832,0.201423172,0.000382329,0.011130569,-0.001803796,0.999936353,0,nan
511,512,sequential,-0.171207310,-0.124506463,0.175615627,0.000096944,0.010839987,0.000030717,0.999941240,0,nan
512,513,sequential,-0.130480420,-0.109910534,0.198435515,0.000620053,0.008784557,0.002077226,0.999959065,0,nan
513,514,sequential,-0.110287137,-0.095003092,0.175125680,0.000477196,0.008100318,0.001941531,0.999965193,0,nan
514,515,sequential,-0.154210360,-0.092033016,0.176911681,-0.000817129,0.009890700,0.003868178,0.999943270,0,nan
515,516,sequential,-0.167224075,-0.109896202,0.130222913,-0.000686815,0.007356323,0.003305471,0.999967243,0,nan
516,517,sequential,-0.204313327,-0.105971701,0.166073039,0.000256133,0.007093470,0.002919961,0.999970545,0,nan
517,518,sequential,-0.200024425,-0.099053194,0.176071520,0.000010957,0.006321821,0.001375837,0.999979071,0,nan
518,519,sequential,-0.180005304,-0.084128611,0.181375380,0.000529002,0.003991229,-0.000249867,0.999991864,0,nan
519,520,sequential,-0.161221585,-0.097024804,0.112034157,0.000878739,0.001386115,0.000834279,0.999998305,0,nan
520,521,sequential,-0.152259790,-0.077958509,0.145281216,0.000275878,0.000611639,0.001171373,0.999999089,0,nan
521,522,sequential,-0.166114034,-0.075625416,0.121084157,-0.000739344,0.002511952,0.000419398,0.999996484,0,nan
522,523,sequential,-0.178220189,-0.096554521,0.147446106,-0.001602292,0.002951234,0.000496208,0.999994238,0,nan
523,524,sequential,-0.181571650,-0.080375814,0.163632240,0.000463771,0.003016039,0.000050299,0.999995343,0,nan
524,525,sequential,-0.174116464,-0.077418272,0.177174175,-0.000317002,-0.000158166,0.000018900,0.999999937,0,nan
525,526,sequential,-0.222204922,-0.058237658,0.153311266,-0.000114525,0.000000445,0.006136727,0.999981164,0,nan
526,527,sequential,-0.218398747,-0.013896292,0.198654555,0.000620108,-0.008468346,0.032998603,0.999419329,0,nan
527,528,sequential,-0.116467212,-0.037732887,0.173131480,0.000170386,-0.010480640,0.033257734,0.999391840,0,nan
528,529,sequential,-0.168812557,-0.018519921,0.183310257,-0.001443724,-0.006641322,0.021341784,0.999749137,0,nan
529,530,sequential,-0.133679892,-0.037302578,0.210185785,0.000694140,-0.009103222,0.032621308,0.999426085,0,nan
530,531,sequential,-0.120428468,-0.027856911,0.154475485,-0.000383193,-0.004836955,0.009077236,0.999947029,0,nan
531,532,sequential,-0.089476331,-0.007317207,0.201195939,-0.000907096,-0.002013444,-0.007552931,0.999969038,0,nan
532,533,sequential,-0.095513378,-0.009986912,0.193103626,-0.000066736,0.000540171,-0.011090002,0.999938356,0,nan
533,534,sequential,-0.082778037,-0.003246242,0.203536096,0.000688654,0.001797455,-0.009973299,0.999948413,0,nan
534,535,sequential,-0.114332667,-0.032829771,0.112367622,-0.000606289,0.002883101,-0.013395688,0.999905933,0,nan
535,536,sequential,-0.054682374,-0.001866716,0.204447487,0.000094207,0.007044971,-0.024900225,0.999665113,0,nan
536,537,sequential,-0.059553792,0.006717241,0.174011741,-0.000666706,0.008881924,-0.029773337,0.999516991,0,nan
537,538,sequential,-0.088270746,0.001588608,0.140231814,-0.014811684,0.007638206,-0.020029140,0.999660495,0,nan
538,539,sequential,-0.070041166,-0.032909758,0.191112377,-0.013943674,0.004986226,-0.011373321,0.999825664,0,nan
539,540,sequential,-0.086711718,-0.012198012,0.171245934,-0.008903810,0.004297639,-0.006239633,0.999931657,0,nan
540,541,sequential,-0.075212012,-0.025295997,0.190771678,-0.001447107,0.002935293,-0.003633044,0.999988045,0,nan
541,542,sequential,-0.080188617,-0.027964340,0.176166892,0.008758818,0.001968989,-0.001867085,0.999957959,0,nan
542,543,sequential,-0.071292782,0.023076831,0.218728483,0.002174242,0.001783604,-0.000696424,0.999995803,0,nan
543,544,sequential,-0.070459515,-0.035233927,0.205865762,-0.000986136,0.001400572,-0.000739223,0.999998260,0,nan
544,545,sequential,-0.090598882,0.012015482,0.175439514,0.005934390,0.000800210,0.000630359,0.999981873,0,nan
545,546,sequential,-0.089436716,-0.017399666,0.185976073,0.002105607,0.000075036,-0.000118205,0.999997773,0,nan
546,547,sequential,-0.077129769,0.028860774,0.182802411,0.002079920,-0.000017408,0.000883994,0.999997446,0,nan
547,548,sequential,-0.082945282,0.008779268,0.206872910,-0.011281076,-0.000477149,0.000418305,0.999936165,0,nan
548,549,sequential,-0.087311050,-0.021214311,0.199196388,-0.010780382,0.002112213,0.002860782,0.999935567,0,nan
549,550,sequential,-0.081938791,-0.013786847,0.201234377,-0.013743599,0.002921610,0.002521787,0.999898104,0,nan
550,551,sequential,-0.118936948,-0.035696853,0.212329893,-0.000772920,-0.000958259,0.011671407,0.999931129,0,nan
551,552,sequential,-0.080354119,-0.042491481,0.222549223,0.009834998,-0.009437483,0.033663061,0.999340285,0,nan
552,553,sequential,-0.059400050,-0.021622576,0.229310007,0.008780611,-0.004929874,0.017598944,0.999794416,0,nan
553,554,sequential,-0.032803995,-0.019163250,0.206082800,0.004559018,-0.000236527,-0.007011123,0.999965001,0,nan
554,555,sequential,-0.085924619,-0.044616951,0.173459407,-0.006201909,0.002779065,-0.017748591,0.999819384,0,nan
555,556,sequential,-0.047970208,-0.035559504,0.259809579,0.013901671,0.003002801,-0.012882415,0.999815868,0,nan
556,557,sequential,-0.119507278,-0.021560596,0.221679015,0.014189080,0.002809903,-0.005004114,0.999882860,0,nan
557,558,sequential,-0.096207384,-0.022658805,0.237750313,0.007538090,-0.002499570,0.013949563,0.999871161,0,nan
558,559,sequential,-0.066911675,-0.028100047,0.226828349,0.006082069,-0.005018811,0.019330764,0.999782047,0,nan
559,560,sequential,-0.067300682,-0.019198355,0.215939826,0.002012252,-0.002798127,0.019423098,0.999805413,0,nan
560,561,sequential,-0.037105310,-0.021919658,0.211267174,0.003840997,0.000976419,0.008251426,0.999958103,0,nan
561,562,sequential,-0.066683992,-0.026760853,0.211946930,0.002209787,-0.000805664,0.016142041,0.999866942,0,nan
562,563,sequential,-0.034582382,-0.033341314,0.189737496,0.003844657,0.003005339,0.000630148,0.999987895,0,nan
563,564,sequential,-0.049498289,-0.006204230,0.206063623,0.000809496,0.008230382,-0.021808688,0.999727956,0,nan
564,565,sequential,-0.024534186,-0.033017036,0.212036520,-0.002213254,0.007310366,-0.015848155,0.999845236,0,nan
565,566,sequential,-0.036811566,-0.018395479,0.209339693,-0.005081317,0.008567390,-0.020886656,0.999732228,0,nan
566,567,sequential,-0.042981204,-0.036349510,0.206075830,-0.000335932,0.007379755,-0.012785043,0.999890979,0,nan
567,568,sequential,-0.058166062,-0.035972741,0.200785289,0.001946564,0.006804002,-0.006844385,0.999951534,0,nan
568,569,sequential,-0.042506820,-0.031839758,0.184242814,0.001441738,0.004196550,-0.004438024,0.999980307,0,nan
569,570,sequential,-0.041571701,-0.034194873,0.196728872,-0.001417073,0.003203236,0.000537941,0.999993721,0,nan
570,571,sequential,-0.033282691,-0.045831025,0.196984639,0.000893648,0.000695624,0.003716779,0.999992451,0,nan
571,572,sequential,-0.014421814,-0.030347934,0.181021779,0.001131760,0.000264994,0.000672627,0.999999098,0,nan
572,573,sequential,-0.077127341,-0.037136115,0.206607814,-0.001900112,0.000701514,0.004142495,0.999989369,0,nan
573,574,sequential,-0.045446097,-0.033644331,0.173652989,-0.008423963,0.001800533,-0.002954692,0.999958532,0,nan
574,575,sequential,-0.047609391,-0.033015126,0.184101938,-0.006439222,0.000317886,-0.002762485,0.999975402,0,nan
575,576,sequential,-0.035462415,-0.046050309,0.178846973,-0.001164299,-0.002992886,0.001587010,0.999993584,0,nan
576,577,sequential,-0.043488299,-0.052484680,0.182090312,0.006487367,-0.007123599,0.018898882,0.999774975,0,nan
577,578,sequential,-0.024508288,-0.046684953,0.166803970,0.001941258,-0.003325868,0.006904326,0.999968750,0,nan
578,579,sequential,-0.028433915,-0.017720823,0.165845633,0.001540317,0.000044810,-0.006499465,0.999977691,0,nan
579,580,sequential,-0.044547939,-0.040943696,0.187110489,-0.005922744,0.001768247,-0.009497568,0.999935793,0,nan
580,581,sequential,-0.038020942,-0.021450648,0.197036358,0.004687547,0.001009744,-0.007801625,0.999958070,0,nan
581,582,sequential,-0.031412915,-0.038350136,0.182465777,0.004001812,-0.000404847,-0.003740020,0.999984917,0,nan
582,583,sequential,-0.071199313,-0.040402198,0.172327943,0.002267238,-0.000784893,0.008457168,0.999961359,0,nan
583,584,sequential,-0.046650694,-0.050438658,0.161819303,0.001326777,-0.001152859,0.020183133,0.999794755,0,nan
584,585,sequential,-0.081492667,-0.049501275,0.179272812,0.001388805,-0.004574197,0.031341524,0.999497302,0,nan
585,586,sequential,-0.019939841,-0.045833137,0.155906773,0.002317005,-0.006425320,0.033626849,0.999411118,0,nan
586,587,sequential,-0.030573375,-0.052907140,0.175291124,0.001607658,-0.006571245,0.029202766,0.999550615,0,nan
587,588,sequential,-0.002969793,-0.033550354,0.159105611,0.003387130,-0.004332639,0.017064840,0.999839260,0,nan
588,589,sequential,0.002940192,-0.052794639,0.171429091,-0.001377067,0.000303910,-0.002012909,0.999996980,0,nan
589,590,sequential,-0.018385828,-0.039332444,0.165222208,-0.000631865,0.002516666,-0.002468587,0.999993587,0,nan
590,591,sequential,0.035177290,-0.043056175,0.148319398,-0.000924978,0.009013571,-0.023762355,0.999676573,0,nan
591,592,sequential,-0.020730315,-0.053468281,0.167235344,0.000163991,0.009070292,-0.019412758,0.999770398,0,nan
592,593,sequential,0.041863636,-0.027449356,0.169849526,0.000678191,0.003059807,-0.000398151,0.999995010,0,nan
593,594,sequential,0.037062862,-0.045671026,0.161235243,0.000540320,0.012943930,-0.033834363,0.999343484,0,nan
594,595,sequential,0.035024354,-0.033105519,0.186174288,0.002349490,0.009893419,-0.025717071,0.999617543,0,nan
595,596,sequential,0.041240624,-0.025958546,0.149261752,0.001628819,0.005984966,-0.013125080,0.999894624,0,nan
596,597,sequential,0.024240294,-0.010821311,0.171472630,0.000686330,0.005064362,-0.007650040,0.999957678,0,nan
597,598,sequential,0.023497767,-0.027217858,0.158818135,-0.001775661,0.003584711,-0.003332506,0.999986446,0,nan
598,599,sequential,0.028540861,0.017315483,0.162431457,-0.018927260,0.003688509,-0.002190233,0.999811661,0,nan
599,600,sequential,0.010746873,-0.049888892,0.158858527,-0.022975625,0.002812042,-0.001048428,0.999731521,0,nan
600,601,sequential,0.029819762,-0.054642093,0.156047584,0.003249029,0.000951791,0.000496642,0.999994146,0,nan
601,602,sequential,0.014895293,-0.001363225,0.159939692,0.010778901,0.001419913,-0.001155781,0.999940230,0,nan
602,603,sequential,0.014719734,-0.026494949,0.170192382,0.000512394,0.003724984,-0.017641770,0.999837302,0,nan
603,604,sequential,0.004657151,-0.026981885,0.183501762,0.010253362,0.003524675,-0.012561280,0.999862320,0,nan
604,605,sequential,0.001181262,0.011773887,0.162017002,0.011553894,0.001117717,-0.004146813,0.999924028,0,nan
605,606,sequential,0.007377599,0.001363612,0.165721619,0.002866573,-0.002223725,0.005780466,0.999976712,0,nan
606,607,sequential,-0.020729695,0.000082991,0.180800427,-0.003391226,-0.000518097,0.004295528,0.999984890,0,nan
607,608,sequential,0.011294849,-0.019001953,0.143241631,-0.003235164,-0.001500923,0.002437546,0.999990670,0,nan
608,609,sequential,0.008545535,-0.021698590,0.190398009,-0.000520916,-0.000641860,0.002621388,0.999996222,0,nan
609,610,sequential,-0.001280932,-0.012335236,0.151284822,0.006203448,-0.004219330,0.011109407,0.999910144,0,nan
610,611,sequential,-0.013430701,-0.004430655,0.153302330,0.004348419,-0.002274171,0.005152208,0.999974687,0,nan
611,612,sequential,-0.027342019,0.000774920,0.152945072,-0.001863626,-0.001744692,0.004000617,0.999988739,0,nan
612,613,sequential,-0.035201625,-0.017245238,0.171309755,-0.018971338,-0.000763820,0.001951517,0.999817832,0,nan
613,614,sequential,-0.044394905,-0.041806490,0.146849995,-0.012610692,-0.001230403,0.001561911,0.999918505,0,nan
614,615,sequential,-0.007967128,-0.048209709,0.186861867,0.003900096,-0.002205267,0.000329133,0.999989909,0,nan
615,616,sequential,-0.017201663,-0.025287589,0.169870312,0.009897339,-0.002582090,-0.000222065,0.999947662,0,nan
616,617,sequential,-0.010169327,-0.026976941,0.147226226,-0.003811806,-0.001609872,-0.001328377,0.999990557,0,nan
617,618,sequential,-0.024353229,-0.042696082,0.129583381,0.005009565,-0.001119568,-0.000923955,0.999986398,0,nan
618,619,sequential,-0.005683625,0.034420380,0.125757262,-0.009923026,0.000614121,-0.000197261,0.999950558,0,nan
619,620,sequential,0.012689431,-0.031469603,0.156274757,-0.032587843,-0.001969955,-0.000127872,0.999466926,0,nan
620,621,sequential,-0.031235296,-0.056675452,0.117075489,0.000117568,-0.001661129,0.001129881,0.999997975,0,nan
621,622,sequential,-0.032204491,-0.005798457,0.154073205,-0.002502590,0.000521062,-0.000433468,0.999996639,0,nan
622,623,sequential,-0.036918310,-0.059700170,0.138896044,-0.003189513,-0.000182605,-0.000559674,0.999994740,0,nan
623,624,sequential,-0.014976337,-0.034594252,0.161039929,0.008089126,-0.000986789,-0.000339770,0.999966738,0,nan
624,625,sequential,0.013478587,-0.013509150,0.193680409,-0.013240303,-0.002703160,-0.000034225,0.999908689,0,nan
625,626,sequential,0.014821286,-0.057782701,0.167695491,-0.014309716,-0.002958093,-0.000800499,0.999892915,0,nan
626,627,sequential,-0.041900402,-0.147460697,0.304920381,0.008662424,-0.001877870,-0.000831905,0.999960371,0,nan
627,628,sequential,-0.059044870,-0.168534968,0.393033796,0.011138904,-0.002006915,0.000268726,0.999935910,0,nan
628,629,sequential,-0.109747450,-0.323253426,0.829499051,0.047012186,-0.005910107,-0.001667917,0.998875439,0,nan
629,630,sequential,-0.189317086,-0.256921661,0.885776071,0.026224738,-0.012291882,0.044066381,0.998608696,0,nan
630,631,sequential,-0.035941681,-0.159162004,0.727048812,-0.001481233,0.012644058,-0.032250590,0.999398736,0,nan
631,632,sequential,-0.037612461,-0.070511616,0.265889989,-0.000503992,0.005518708,-0.007548876,0.999956151,0,nan
632,633,sequential,-0.025993905,-0.058721984,0.192506136,-0.000892831,0.003457457,-0.002940211,0.999989302,0,nan
633,634,sequential,-0.014020672,-0.056023884,0.171609599,-0.002097905,0.002400177,-0.000852273,0.999994556,0,nan
634,635,sequential,0.003216653,-0.081577252,0.166399366,0.000411610,0.001049929,0.000770925,0.999999067,0,nan
635,636,sequential,0.006593138,-0.067455307,0.154832969,-0.007075729,0.000559587,-0.001035778,0.999974274,0,nan
636,637,sequential,-0.003749060,-0.092234948,0.169070343,-0.002842218,-0.000434406,0.000565572,0.999995707,0,nan
637,638,sequential,-0.030618791,-0.071315943,0.176332745,0.006006804,0.001440980,0.000115321,0.999980914,0,nan
638,639,sequential,-0.039235679,-0.065841480,0.175739606,0.001431051,0.001511017,-0.000659828,0.999997617,0,nan
639,640,sequential,-0.043235109,-0.063877239,0.162345664,-0.010661809,0.001327419,0.000756825,0.999941994,0,nan
640,641,sequential,-0.000318897,-0.080882968,0.168113919,0.002943368,-0.003058136,0.000522155,0.999990856,0,nan
641,642,sequential,-0.013881559,-0.056030921,0.176038242,0.001327323,-0.001360023,-0.001355257,0.999997276,0,nan
642,643,sequential,-0.012073089,-0.080030609,0.163591418,-0.002270470,-0.002390794,-0.000158246,0.999994552,0,nan
643,644,sequential,-0.047562423,-0.052438909,0.175360144,-0.004838976,-0.000876440,-0.000043305,0.999987907,0,nan
644,645,sequential,-0.022906921,-0.054282435,0.176199788,-0.016341731,-0.001558674,0.000313170,0.999865201,0,nan
645,646,sequential,-0.003692159,-0.061897703,0.154319569,-0.009341429,-0.003289656,0.000723046,0.999950695,0,nan
646,647,sequential,-0.030566270,-0.072817285,0.159507741,-0.006213459,-0.002189590,-0.000791125,0.999977986,0,nan
647,648,sequential,-0.036662909,-0.105100316,0.228561260,-0.007837247,-0.003198086,-0.003187350,0.999959094,0,nan
648,649,sequential,-0.097748573,-0.149031599,0.343593642,-0.015776238,-0.003415961,-0.001630610,0.999868383,0,nan
649,650,sequential,-0.063187208,-0.141148161,0.308960255,-0.006467054,-0.001905998,-0.000031673,0.999977271,0,nan
650,651,sequential,-0.036937110,-0.094074703,0.181545431,-0.003467721,-0.004025419,0.010235167,0.999933504,0,nan
651,652,sequential,-0.027695974,-0.116449581,0.186143843,0.011560318,-0.003422554,0.008470122,0.999891445,0,nan
652,653,sequential,-0.027001414,-0.120947124,0.190325555,0.022709002,0.000811655,-0.004672324,0.999730870,0,nan
653,654,sequential,-0.043913121,-0.091693719,0.216229214,0.022406379,0.000311997,0.001040327,0.999748356,0,nan
654,655,sequential,-0.022969693,-0.081744460,0.196723865,0.010984933,0.001540661,-0.004458295,0.999928538,0,nan
655,656,sequential,-0.005429557,-0.076232433,0.196937977,0.004752004,0.000044752,-0.002865486,0.999984603,0,nan
656,657,sequential,-0.015819680,-0.085493235,0.206712531,0.005131127,-0.000245385,-0.002677621,0.999983221,0,nan
657,658,sequential,-0.017262119,-0.087657747,0.208629961,0.002350799,-0.000665203,-0.000999398,0.999996516,0,nan
658,659,sequential,-0.029243582,-0.077213789,0.207000427,0.002401253,-0.000387770,-0.000655628,0.999996827,0,nan
659,660,sequential,-0.029196507,-0.090765001,0.197200492,0.002161799,-0.000760958,-0.000309555,0.999997326,0,nan
660,661,sequential,-0.034861397,-0.010494038,0.178792277,-0.003287787,-0.000150554,-0.000230126,0.999994557,0,nan
661,662,sequential,-0.030113190,-0.038107746,0.202622818,-0.024672581,-0.000972853,0.002480248,0.999692035,0,nan
662,663,sequential,-0.031193416,-0.070165303,0.198415843,-0.019731769,-0.002158015,0.004515933,0.999792782,0,nan
663,664,sequential,-0.015965304,-0.070254661,0.201614109,-0.021990167,-0.001355608,-0.002780307,0.999753402,0,nan
664,665,sequential,-0.030265056,-0.120665861,0.180452057,-0.007076397,-0.001380193,-0.004114101,0.999965546,0,nan
665,666,sequential,-0.030507078,-0.095489815,0.190593006,0.001105002,-0.001547550,-0.002499379,0.999995069,0,nan
666,667,sequential,-0.045055346,-0.079146532,0.199110058,0.001311103,-0.001416187,-0.002165746,0.999995792,0,nan
667,668,sequential,-0.014390375,-0.111059362,0.182703017,-0.003478185,-0.002955051,0.000296283,0.999989541,0,nan
668,669,sequential,-0.010941753,-0.099406765,0.200911578,0.005338964,-0.003532241,-0.001660327,0.999978131,0,nan
669,670,sequential,0.003262110,-0.079441710,0.215865867,0.003353558,-0.003034272,-0.000992754,0.999989281,0,nan
670,671,sequential,-0.020524806,-0.090723874,0.180914442,-0.006752216,-0.001917513,-0.000280602,0.999975326,0,nan
671,672,sequential,-0.000628264,-0.132823894,0.217643121,-0.012060640,-0.001736771,-0.000734552,0.999925490,0,nan
672,673,sequential,-0.023594152,-0.121747597,0.209659638,-0.001457653,-0.000422616,-0.000802170,0.999998527,0,nan
673,674,sequential,-0.001737599,-0.130148387,0.206954441,-0.007473644,-0.001676271,-0.000652496,0.999970454,0,nan
674,675,sequential,-0.019917674,-0.133335146,0.215412890,-0.002178669,-0.000906872,0.000697592,0.999996972,0,nan
675,676,sequential,-0.055629099,-0.172133270,0.235597999,-0.000163185,-0.000481921,-0.000306563,0.999999824,0,nan
676,677,sequential,-0.001750655,-0.127865317,0.229733914,0.004334836,-0.003011415,-0.003562085,0.999979726,0,nan
677,678,sequential,-0.017497775,-0.138447712,0.243402806,-0.001340745,-0.003562607,-0.000991844,0.999992263,0,nan
678,679,sequential,-0.004470504,-0.168135007,0.251354770,0.008471832,-0.002917548,-0.002046690,0.999957763,0,nan
679,680,sequential,-0.024651453,-0.128753128,0.257358380,0.027192944,-0.000262149,-0.002607405,0.999626769,0,nan
680,681,sequential,-0.043501793,-0.117799727,0.252452485,0.021933090,0.000067528,0.001676119,0.999758034,0,nan
681,682,sequential,-0.010102637,-0.094280676,0.291655015,0.019666754,-0.001888920,0.001241794,0.999804035,0,nan
682,683,sequential,-0.051079430,-0.103974845,0.281919879,0.012902684,0.001697927,-0.000355008,0.999915252,0,nan
683,684,sequential,-0.023697259,-0.066002978,0.261059022,0.007967292,0.000844141,0.000168942,0.999967890,0,nan
684,685,sequential,-0.044476236,-0.063361559,0.262583503,0.002174990,0.001913401,0.000128357,0.999995796,0,nan
685,686,sequential,-0.039575301,-0.082904954,0.261059762,0.002797313,0.000808881,0.001281527,0.999994939,0,nan
686,687,sequential,-0.028494259,-0.056765346,0.273522268,0.001655624,0.001738256,-0.001571774,0.999995883,0,nan
687,688,sequential,-0.055835679,-0.068630711,0.272764151,-0.000171110,0.002305114,0.000817794,0.999996994,0,nan
688,689,sequential,-0.021442964,-0.073535430,0.247684814,0.000860337,0.000367200,0.002139531,0.999997274,0,nan
689,690,sequential,-0.021139787,-0.051605694,0.262400711,0.000028034,0.001306947,0.000064410,0.999999143,0,nan
690,691,sequential,-0.054321769,-0.046182446,0.259594693,-0.000419278,0.003229052,-0.000275807,0.999994661,0,nan
691,692,sequential,-0.046294770,-0.054773676,0.248322435,0.000115498,0.003578103,-0.004997306,0.999981105,0,nan
692,693,sequential,-0.032400870,-0.020681010,0.300912693,0.000404242,0.001410860,0.001654010,0.999997555,0,nan
693,694,sequential,-0.039983500,-0.068738111,0.136820017,-0.002266243,-0.000071920,0.002932603,0.999993129,0,nan
694,695,sequential,-0.067398364,-0.052696221,0.253213269,-0.001988862,0.000524923,0.001675533,0.999996481,0,nan
695,696,sequential,-0.044054254,-0.046856811,0.304756888,-0.001407683,-0.001639131,0.000408389,0.999997582,0,nan
696,697,sequential,-0.076086131,-0.061865217,0.161556956,-0.001067923,-0.001964255,0.000916869,0.999997080,0,nan
697,698,sequential,-0.060864939,-0.054982630,0.223230594,-0.000551826,-0.002725671,-0.000693937,0.999995892,0,nan
698,699,sequential,-0.050145557,-0.033380585,0.295549013,0.000084353,-0.004533407,-0.002241054,0.999987209,0,nan
699,700,sequential,-0.035033098,-0.043283708,0.264379865,-0.001444341,-0.007829431,-0.003103112,0.999963492,0,nan
700,701,sequential,-0.055501085,-0.052870918,0.259767953,0.000888913,-0.010750389,-0.003893600,0.999934237,0,nan
701,702,sequential,-0.036877607,-0.031429910,0.262402173,-0.000400857,-0.011795690,-0.003854755,0.999922918,0,nan
702,703,sequential,-0.038327408,-0.022524253,0.238515736,-0.001005397,-0.012760026,-0.004041209,0.999909916,0,nan
703,704,sequential,-0.029318687,-0.046037418,0.227578992,0.000137718,-0.013644776,-0.003965355,0.999899033,0,nan
704,705,sequential,-0.021741562,-0.027629586,0.256792222,0.001915412,-0.012986039,-0.002077719,0.999911685,0,nan
705,706,sequential,-0.044858427,-0.052852599,0.190689520,-0.001448916,-0.009862890,-0.003032056,0.999945714,0,nan
706,707,sequential,-0.014747680,-0.013871941,0.228824196,0.000501021,-0.011079908,-0.003738916,0.999931500,0,nan
707,708,sequential,-0.027783992,-0.029919137,0.226594226,-0.000423981,-0.008645030,-0.002710252,0.999958868,0,nan
708,709,sequential,-0.006885224,-0.008587951,0.227141021,0.000528687,-0.007216818,-0.002572600,0.999970509,0,nan
709,710,sequential,-0.044049849,-0.012295390,0.264213721,0.000089756,-0.004739720,-0.000925114,0.999988336,0,nan
710,711,sequential,0.012443340,0.009300331,0.238589446,0.001870099,-0.006797623,-0.001483972,0.999974046,0,nan
711,712,sequential,-0.051325759,-0.025512045,0.203199826,0.000106863,-0.002081580,0.000420159,0.999997740,0,nan
712,713,sequential,-0.000682633,-0.019566164,0.261393502,0.000959796,-0.001665999,-0.000012937,0.999998152,0,nan
713,714,sequential,-0.014776700,-0.010902530,0.218498368,-0.000140908,-0.001622679,-0.000107985,0.999998668,0,nan
714,715,sequential,-0.012573315,-0.018520339,0.255886464,-0.000343780,-0.000335985,-0.000687838,0.999999648,0,nan
715,716,sequential,-0.009516934,-0.026007973,0.218354260,-0.001033067,-0.002294569,-0.002243993,0.999994316,0,nan
716,717,sequential,-0.001431400,-0.023060777,0.229825632,0.004009392,-0.002563795,-0.000304093,0.999988630,0,nan
717,718,sequential,0.006692625,-0.017071999,0.221279992,-0.001718421,-0.002430270,-0.001030087,0.999995040,0,nan
718,719,sequential,-0.018400033,-0.036369352,0.232036281,-0.002574663,-0.001750392,0.000618208,0.999994963,0,nan
719,720,sequential,-0.029616887,-0.027575019,0.234734873,-0.002935074,-0.000937739,0.000795179,0.999994937,0,nan
720,721,sequential,-0.007845785,-0.033717627,0.235294076,0.000711975,-0.001024331,-0.000240850,0.999999193,0,nan
721,722,sequential,-0.012336655,-0.031154328,0.215893686,-0.000236826,-0.000973797,-0.001708027,0.999998039,0,nan
722,723,sequential,-0.014049602,-0.034573017,0.219195778,0.000335853,-0.001184348,-0.000031958,0.999999242,0,nan
723,724,sequential,-0.009015794,-0.037768534,0.252053377,-0.001054815,-0.000680031,-0.000070655,0.999999210,0,nan
724,725,sequential,-0.021360812,-0.020454517,0.229625224,-0.000918631,-0.000434595,-0.000348880,0.999999423,0,nan
725,726,sequential,-0.024620189,-0.032788524,0.223393933,0.000502055,0.000037044,0.000091815,0.999999869,0,nan
726,727,sequential,-0.015947928,-0.033608310,0.243515992,0.000530701,-0.001533659,-0.000061020,0.999998681,0,nan
727,728,sequential,-0.036429673,-0.046215401,0.170883082,0.000788899,-0.003631689,0.000300127,0.999993049,0,nan
728,729,sequential,-0.014530821,-0.046466404,0.222444638,-0.000934573,-0.002416282,-0.000523926,0.999996507,0,nan
729,730,sequential,-0.026878587,-0.032524705,0.195708434,0.000492821,-0.001089214,-0.000803976,0.999998962,0,nan
730,731,sequential,-0.031050426,-0.044579811,0.203322026,-0.000023142,-0.003324277,-0.000501388,0.999994349,0,nan
731,732,sequential,-0.029994125,-0.044692087,0.196259937,0.000376883,-0.005432743,-0.002175930,0.999982804,0,nan
732,733,sequential,-0.024828090,-0.039222971,0.214833204,-0.000356467,-0.007240947,-0.001958944,0.999971802,0,nan
733,734,sequential,-0.026314119,-0.042660577,0.184443942,-0.000618317,-0.006003148,-0.001494931,0.999980672,0,nan
734,735,sequential,-0.013037160,-0.039888525,0.198806361,0.000133354,-0.005052183,-0.007757384,0.999957139,0,nan
735,736,sequential,-0.010538413,-0.029249457,0.195149298,0.000280736,-0.000436675,-0.018406972,0.999830443,0,nan
736,737,sequential,-0.038428900,-0.020731525,0.205600321,-0.000087507,-0.003041430,-0.002183610,0.999992987,0,nan
737,738,sequential,-0.022010019,-0.041321067,0.174204000,-0.000879217,-0.004903125,0.008474578,0.999951683,0,nan
738,739,sequential,-0.021745414,-0.037250925,0.189827715,0.000810344,-0.003032269,0.003854678,0.999987645,0,nan
739,740,sequential,-0.031670150,-0.075395866,0.177557129,0.011407485,-0.002547082,0.002612147,0.999928277,0,nan
740,741,sequential,-0.027786019,-0.014464239,0.171155522,0.017680708,-0.001144003,0.002043425,0.999840941,0,nan
741,742,sequential,-0.024752702,-0.015574437,0.168077956,0.004903016,-0.000427673,0.001363870,0.999986959,0,nan
742,743,sequential,-0.026059471,-0.037728827,0.168054884,-0.002183224,0.000985095,0.000927428,0.999996701,0,nan
743,744,sequential,-0.035577087,-0.009500381,0.152622875,-0.002752905,0.001563508,0.001452997,0.999993933,0,nan
744,745,sequential,-0.032692027,-0.036605386,0.159862259,-0.009732882,0.001829587,0.001982573,0.999948995,0,nan
745,746,sequential,-0.029748836,-0.045323927,0.147444542,-0.006461690,0.002215491,0.001615577,0.999975364,0,nan
746,747,sequential,-0.040012274,-0.050919613,0.150693910,-0.004629596,0.002711937,0.001868513,0.999983860,0,nan
747,748,sequential,-0.032437918,-0.053906613,0.175058661,0.002061900,0.002649530,0.000664375,0.999994144,0,nan
748,749,sequential,-0.044666838,-0.051878168,0.135593564,0.009578954,0.002378474,0.000374857,0.999951222,0,nan
749,750,sequential,-0.031661089,-0.041556187,0.136743595,-0.001280436,0.001905331,-0.000224493,0.999997340,0,nan
750,751,sequential,-0.046352894,-0.044923348,0.129987318,-0.003708755,0.001593016,-0.000130737,0.999991845,0,nan
751,752,sequential,-0.041132702,-0.053703587,0.146101423,-0.005821882,0.000802209,-0.000683739,0.999982497,0,nan
752,753,sequential,-0.035732834,-0.053720434,0.173374208,-0.003373966,-0.002181863,-0.000882260,0.999991539,0,nan
753,754,sequential,-0.036874797,-0.060703402,0.084069924,-0.002641474,-0.005628198,-0.001967298,0.999978738,0,nan
754,755,sequential,-0.038474749,-0.060423715,0.118252243,-0.000523669,-0.007045349,-0.001936807,0.999973168,0,nan
755,756,sequential,-0.041623285,-0.066500550,0.118456425,-0.000542192,-0.007808286,-0.003746414,0.999962350,0,nan
756,757,sequential,-0.031497060,-0.056694080,0.125590229,0.000076381,-0.009003643,-0.003056578,0.999954792,0,nan
757,758,sequential,-0.019955288,-0.056317498,0.116991144,0.000236547,-0.009643695,-0.002795170,0.999949564,0,nan
758,759,sequential,-0.025995595,-0.063812030,0.111972886,-0.000490583,-0.008505385,-0.002323034,0.999961010,0,nan
759,760,sequential,-0.037254960,-0.068799724,0.120940296,-0.001425678,-0.005510621,-0.005272162,0.999969902,0,nan
760,761,sequential,-0.029150436,-0.064108480,0.135135083,0.000713697,-0.009030159,-0.002427435,0.999956026,0,nan
761,762,sequential,-0.006703931,-0.064872825,0.115050510,-0.000439306,-0.008945145,-0.007396433,0.999932540,0,nan
762,763,sequential,-0.005101975,-0.063882863,0.146913124,0.000018905,-0.004656675,-0.022588624,0.999733999,0,nan
763,764,sequential,-0.023388057,-0.058253277,0.131401181,0.000921363,-0.003772998,-0.021130044,0.999769192,0,nan
764,765,sequential,-0.021940050,-0.047977254,0.128626020,0.001841055,-0.004782702,-0.021171335,0.999762727,0,nan
765,766,sequential,-0.036653048,-0.054083221,0.148556481,0.001737111,-0.004977203,-0.021176449,0.999761856,0,nan
766,767,sequential,-0.059517010,-0.053049935,0.159029208,0.002362992,-0.009717748,0.001850504,0.999948277,0,nan
767,768,sequential,-0.047682355,-0.060047138,0.129534930,0.001687745,-0.011148224,0.017879514,0.999776571,0,nan
768,769,sequential,-0.043382205,-0.054099537,0.131459615,0.010384336,-0.012154272,0.018699301,0.999697342,0,nan
769,770,sequential,-0.041523881,-0.029400014,0.119959523,0.010931487,-0.010386550,0.014399041,0.999782621,0,nan
770,771,sequential,-0.040265394,-0.027019166,0.099592118,0.001593143,-0.008373866,0.008616127,0.999926549,0,nan
771,772,sequential,-0.040337053,-0.032854225,0.135508491,-0.003512884,-0.006257799,0.004919944,0.999962146,0,nan
772,773,sequential,-0.042781430,-0.038107029,0.115219919,-0.006590954,-0.003957383,0.002425575,0.999967507,0,nan
773,774,sequential,-0.039327198,-0.052400074,0.101403332,-0.003600296,-0.002885592,0.000738260,0.999989083,0,nan
774,775,sequential,-0.044837518,-0.033826235,0.117224817,0.010237225,-0.003395528,0.000633998,0.999941632,0,nan
775,776,sequential,-0.038451389,-0.002636550,0.095741385,-0.003065438,-0.001533759,0.000611829,0.999993938,0,nan
776,777,sequential,-0.038543919,-0.041709041,0.120932608,-0.005281606,-0.000080260,-0.000560785,0.999985892,0,nan
777,778,sequential,-0.038331142,-0.036483503,0.118011219,-0.003506298,-0.000127285,0.000472102,0.999993733,0,nan
778,779,sequential,-0.053122828,-0.037813905,0.104832435,-0.001826923,0.000545246,-0.000502683,0.999998056,0,nan
779,780,sequential,-0.033611198,-0.045470841,0.113178478,-0.000033279,0.001297156,-0.000433632,0.999999064,0,nan
780,781,sequential,-0.049580684,-0.042450615,0.110647939,0.012651446,0.001166076,0.000694369,0.999919046,0,nan
781,782,sequential,-0.049943556,-0.038040468,0.109508861,0.012244650,0.001922574,0.000004438,0.999923183,0,nan
782,783,sequential,-0.046503417,-0.014392416,0.101359754,0.009674342,0.001495453,0.000381868,0.999952011,0,nan
783,784,sequential,-0.064942473,-0.019996198,0.101074006,0.001901687,0.001856318,0.000735108,0.999996199,0,nan
784,785,sequential,-0.046179257,-0.021700662,0.099065716,-0.000582047,-0.000038911,0.000545270,0.999999681,0,nan
785,786,sequential,-0.045609029,-0.026829252,0.076529365,-0.006061345,-0.001432724,0.000115926,0.999980597,0,nan
786,787,sequential,-0.039831444,-0.030080325,0.100253870,-0.003824932,-0.002917606,-0.001625855,0.999987107,0,nan
787,788,sequential,-0.041104531,-0.034121660,0.060529785,-0.002407107,-0.003629855,-0.016763501,0.999849996,0,nan
788,789,sequential,-0.051590150,-0.020317231,0.097683289,0.001242698,-0.005682834,-0.015143174,0.999868414,0,nan
789,790,sequential,-0.034231963,-0.020891060,0.077857135,0.000806946,-0.008233347,-0.005408144,0.999951155,0,nan
790,791,sequential,-0.041829872,-0.020883735,0.079627622,0.014875302,-0.010463547,0.004734960,0.999823394,0,nan
791,792,sequential,-0.039692189,-0.003098639,0.097704578,0.015593122,-0.009983006,0.006120478,0.999809849,0,nan
792,793,sequential,-0.040673687,0.008797821,0.067173961,-0.000973273,-0.008412769,0.006242176,0.999944655,0,nan
793,794,sequential,-0.049887282,-0.008122273,0.073485263,-0.009147761,-0.005530721,0.003017181,0.999938311,0,nan
794,795,sequential,-0.041017501,-0.005523474,0.063144007,-0.010703783,-0.003918579,0.000666029,0.999934813,0,nan
795,796,sequential,-0.043127749,0.004505454,0.067176297,-0.007462015,-0.002160305,0.000678366,0.999969595,0,nan
796,797,sequential,-0.036071499,0.006208005,0.066587643,-0.007771662,-0.001540361,0.001095071,0.999968014,0,nan
797,798,sequential,-0.031799202,-0.002427334,0.078909099,-0.004743958,-0.001408473,0.000618400,0.999987564,0,nan
798,799,sequential,-0.060835875,0.020679691,0.044552210,0.007477846,0.000311922,0.000425331,0.999971901,0,nan
799,800,sequential,-0.039774769,0.020510907,0.053235486,0.012203582,0.000115923,0.000095919,0.999925522,0,nan
800,801,sequential,-0.069342803,0.042686191,0.034494010,0.013786660,0.001265838,0.000694486,0.999903917,0,nan
801,802,sequential,-0.057365790,0.045692924,0.031353698,0.005575067,0.001349687,-0.000734133,0.999983279,0,nan
802,803,sequential,-0.043662997,0.028726236,0.058655327,0.001013733,0.002894707,-0.003276693,0.999989928,0,nan
803,804,sequential,-0.050791730,0.040667265,0.042208464,0.000654334,0.001946046,-0.000183693,0.999997876,0,nan
804,805,sequential,-0.058314674,0.048163945,0.024577166,0.000474850,0.001724796,-0.000018618,0.999998400,0,nan
805,806,sequential,-0.063217451,0.059327056,0.013092339,-0.003195763,0.002067990,-0.001145170,0.999992100,0,nan
806,807,sequential,-0.055792752,0.047499622,0.011858363,-0.006642431,0.000809480,0.001960649,0.999975689,0,nan
807,808,sequential,-0.048611794,0.025943995,-0.004273829,0.003889839,0.002665792,-0.004819049,0.999977269,0,nan
808,809,sequential,-0.072654852,0.074360645,-0.019951617,0.005633819,0.005147321,-0.014978693,0.999858692,0,nan
809,810,sequential,-0.056998713,0.075238283,-0.002405972,-0.007518226,0.001180445,0.000599936,0.999970861,0,nan
810,811,sequential,-0.065818275,0.064959091,0.008610499,-0.015722855,-0.001328473,0.011047508,0.999814473,0,nan
811,812,sequential,-0.064768807,0.042333584,-0.007414555,-0.015674336,-0.000471961,0.006615598,0.999855153,0,nan
812,813,sequential,-0.068198845,0.047581092,-0.017103858,-0.008632491,0.000241219,0.003098670,0.999957909,0,nan
813,814,sequential,-0.065598112,0.054360076,-0.007530018,-0.005930560,0.000580562,0.001750436,0.999980714,0,nan
814,815,sequential,-0.071644119,0.051684216,-0.006453319,-0.002750444,0.001170800,0.000905661,0.999995122,0,nan
815,816,sequential,-0.071553878,0.035052775,0.012925286,-0.002705900,0.001214171,-0.000546479,0.999995453,0,nan
816,817,sequential,-0.052058080,0.009126879,0.006177811,0.000508651,0.000161668,0.002210939,0.999997413,0,nan
817,818,sequential,-0.052298382,0.038917407,0.025491602,-0.001166377,0.002412773,0.000918104,0.999995988,0,nan
818,819,sequential,-0.069552819,0.040362624,0.011035804,-0.000558280,0.002511025,0.000721734,0.999996431,0,nan
819,820,sequential,-0.074020653,0.007964359,-0.000394866,0.000262019,0.000537649,0.000807545,0.999999495,0,nan
820,821,sequential,-0.068332626,0.022592084,-0.002340968,-0.000546891,-0.000356134,-0.001144322,0.999999132,0,nan
821,822,sequential,-0.076540781,0.027211239,0.001880483,0.001857968,-0.001231888,0.000858453,0.999997147,0,nan
822,823,sequential,-0.076427042,0.018730091,-0.001701142,0.000156996,-0.001313243,-0.001455477,0.999998066,0,nan
823,824,sequential,-0.076616806,0.021344147,-0.000284464,-0.000780471,-0.001873147,-0.001458246,0.999996878,0,nan
824,825,sequential,-0.075630146,0.021012088,0.006814647,0.000655002,-0.002713111,-0.000044000,0.999996104,0,nan
825,826,sequential,-0.078483747,0.011891103,0.004975970,0.001321193,-0.004030521,-0.000824521,0.999990665,0,nan
826,827,sequential,-0.077246154,0.008694508,0.004482166,0.000878525,-0.003824911,-0.001750357,0.999990767,0,nan
827,828,sequential,-0.080858660,0.011108029,0.009444798,-0.000302709,-0.004586197,-0.002079614,0.999987275,0,nan
828,829,sequential,-0.080035176,0.007757294,0.013108832,-0.000085538,-0.003930427,-0.002023548,0.999990225,0,nan
829,830,sequential,-0.080568917,0.003832965,0.005888579,0.000130832,-0.003606778,-0.001543465,0.999992296,0,nan
830,831,sequential,-0.084177428,0.000203536,0.004127174,-0.000123522,-0.003419944,-0.001433932,0.999993116,0,nan
831,832,sequential,-0.089358819,0.004222435,0.012940199,0.000293939,-0.003815080,-0.000915530,0.999992260,0,nan
832,833,sequential,-0.081941709,0.004627911,0.012133857,0.000516265,-0.004490245,-0.001246470,0.999989009,0,nan
833,834,sequential,-0.086199820,0.009098120,0.021979412,0.000136525,-0.004519665,-0.000799404,0.999989457,0,nan
834,835,sequential,-0.092453113,-0.001169863,0.014056793,0.001204731,-0.005706135,-0.001489467,0.999981885,0,nan
835,836,sequential,-0.083491682,0.017407284,0.034806208,0.001145885,-0.005360695,-0.001176969,0.999984282,0,nan
836,837,sequential,-0.088066865,0.003659247,0.020679294,-0.000336416,-0.003355260,-0.001019834,0.999993794,0,nan
837,838,sequential,-0.094080713,-0.006363974,0.020059661,0.000070503,-0.002466804,-0.000076667,0.999996952,0,nan
838,839,sequential,-0.091645526,-0.006629501,0.022614963,0.000405472,-0.001765936,0.000630793,0.999998160,0,nan
839,840,sequential,-0.085409098,-0.008022791,0.026342913,-0.000491182,-0.001042334,-0.000553192,0.999999183,0,nan
840,841,sequential,-0.085632920,-0.007345140,0.030164942,-0.000151761,-0.000458324,-0.000326342,0.999999830,0,nan
841,842,sequential,-0.099680199,0.001729780,0.066019140,0.000164456,-0.000051690,0.000222700,0.999999960,0,nan
842,843,sequential,-0.084217345,-0.000057773,0.060973395,-0.001022367,-0.000101780,-0.000420939,0.999999384,0,nan
843,844,sequential,-0.090674260,-0.006910940,0.048254718,0.000608439,-0.000406944,0.000264429,0.999999697,0,nan
844,845,sequential,-0.084579947,-0.011726470,0.045229327,-0.001220448,0.000183183,-0.001132156,0.999998598,0,nan
845,846,sequential,-0.088547397,-0.008442375,0.046078631,-0.000102917,0.000104738,0.001259589,0.999999196,0,nan
846,847,sequential,-0.085724081,-0.007899275,0.043639854,0.000125500,0.000677873,0.000781856,0.999999457,0,nan
847,848,sequential,-0.100960070,-0.019852607,0.037861451,0.000575701,-0.001496822,0.016740040,0.999858590,0,nan
848,849,sequential,-0.085927312,-0.012105037,0.046494526,0.001399590,-0.002071457,0.028379831,0.999594085,0,nan
849,850,sequential,-0.083028006,0.001027878,0.045289468,0.002380967,-0.001739305,0.030283971,0.999536986,0,nan
850,851,sequential,-0.071418419,-0.006554175,0.016776861,0.001379961,0.003017218,0.012778988,0.999912841,0,nan
851,852,sequential,-0.055208307,0.015090667,0.053063885,0.001391994,0.004300171,0.011048525,0.999928748,0,nan
852,853,sequential,-0.061718577,-0.002785253,0.033671571,0.000789967,0.009239418,-0.007469323,0.999929107,0,nan
853,854,sequential,-0.065260810,-0.006727114,0.025665634,-0.000551216,0.008898518,-0.010377636,0.999906404,0,nan
854,855,sequential,-0.046630933,-0.005252342,0.036309425,-0.000284873,0.009715123,-0.021852368,0.999713964,0,nan
855,856,sequential,-0.046240569,-0.000936066,0.045853620,-0.000216915,0.010210488,-0.020450074,0.999738713,0,nan
856,857,sequential,-0.054145564,-0.013252900,0.026182747,-0.000618657,0.009906139,-0.011922184,0.999879666,0,nan
857,858,sequential,-0.053711885,-0.017773789,0.034012995,-0.000553878,0.008672216,-0.006569503,0.999940662,0,nan
858,859,sequential,-0.047897236,-0.018663496,0.027016940,-0.000366860,0.007224774,-0.002461019,0.999970805,0,nan
859,860,sequential,-0.044578845,-0.016701853,0.016196688,-0.000384708,0.005725585,-0.000818328,0.999983200,0,nan
860,861,sequential,-0.070218460,-0.033223779,0.045846782,-0.000414756,0.004058258,-0.000106622,0.999991674,0,nan
861,862,sequential,-0.039729857,-0.028708185,0.014956891,0.000474509,0.002263670,-0.000237421,0.999997297,0,nan
862,863,sequential,-0.041876883,-0.015159964,0.028582247,-0.000789769,0.001041775,-0.000223945,0.999999120,0,nan
863,864,sequential,-0.057375042,-0.019690274,0.030122112,-0.003616746,0.000987623,-0.000501668,0.999992846,0,nan
864,865,sequential,-0.051362360,-0.014393980,0.023762806,-0.000054092,0.000022343,-0.000032945,0.999999998,0,nan
865,866,sequential,-0.046024036,-0.022854183,0.016241571,-0.003770345,-0.000535734,0.001400234,0.999991768,0,nan
866,867,sequential,-0.061613146,-0.010588839,0.031299083,0.004205900,0.000467071,-0.000581318,0.999990877,0,nan
867,868,sequential,-0.060046758,-0.012053763,0.036264035,0.002568287,0.001771328,-0.000564132,0.999994974,0,nan
868,869,sequential,-0.077454050,-0.015768050,0.043456666,0.001629589,0.001887330,0.006053448,0.999978569,0,nan
869,870,sequential,-0.074784083,-0.021387225,0.038724543,0.000957432,0.002087758,0.011792567,0.999927827,0,nan
870,871,sequential,-0.065070441,-0.003877221,0.023370350,0.001118662,0.001165102,0.017167725,0.999851319,0,nan
871,872,sequential,-0.068339638,-0.003281771,0.039247889,0.002408438,0.003575301,0.009815011,0.999942539,0,nan
872,873,sequential,-0.072614193,0.018518321,0.047359150,0.004195448,0.003675644,0.011598404,0.999917179,0,nan
873,874,sequential,-0.070419060,0.013826493,0.049754558,0.004721193,0.006086041,0.009623908,0.999924023,0,nan
874,875,sequential,-0.075036668,0.044873527,0.025062431,0.005490154,0.004738283,0.017211975,0.999825562,0,nan
875,876,sequential,-0.063713590,0.048702441,0.026233562,0.001964950,0.001502361,0.025968809,0.999659694,0,nan
876,877,sequential,-0.044113826,0.041687035,0.014647484,0.000717478,0.001024087,0.024426072,0.999700857,0,nan
877,878,sequential,-0.022475872,0.022960803,0.032013010,-0.000908788,0.003220149,0.013116539,0.999908376,0,nan
878,879,sequential,-0.035603806,0.000741328,0.022633620,-0.001129122,0.003726840,0.005231122,0.999978735,0,nan
879,880,sequential,-0.015466328,-0.006126404,0.025049576,-0.002266473,0.002508732,0.005349028,0.999979978,0,nan
880,881,sequential,0.009456492,0.000578802,0.018564575,-0.001318911,0.002936126,-0.000055349,0.999994818,0,nan
881,882,sequential,0.010265620,-0.001042371,0.011167563,-0.000604369,0.002752602,-0.000398500,0.999995950,0,nan
882,883,sequential,0.031146809,-0.011413647,0.015743732,-0.000703397,0.003034774,-0.004526656,0.999984902,0,nan
883,884,sequential,0.045768436,-0.015964802,0.017267302,0.000028212,0.003931054,-0.008819614,0.999953379,0,nan
884,885,sequential,0.047813199,-0.000781558,0.017842337,0.000003580,0.004859828,-0.008350186,0.999953327,0,nan
885,886,sequential,0.058713927,-0.006907004,0.024245347,0.000838778,0.005134342,-0.005385084,0.999971968,0,nan
886,887,sequential,0.076658856,0.014085550,0.025458551,0.001181042,0.004429802,-0.000739718,0.999989217,0,nan
887,888,sequential,0.086658300,-0.004679109,0.031676520,0.000906621,0.005789636,-0.003170008,0.999977804,0,nan
888,889,sequential,0.085011828,0.027582870,0.040780929,0.000932668,0.005740727,-0.002143832,0.999980789,0,nan
889,890,sequential,0.103445361,0.025674642,0.041340378,0.001174014,0.006023888,-0.003025562,0.999976590,0,nan
890,891,sequential,0.122332349,0.012021897,0.039696249,0.001327133,0.007791355,-0.004795291,0.999957268,0,nan
891,892,sequential,0.114620635,0.032001953,0.037723777,0.001311676,0.012215115,-0.018451387,0.999754278,0,nan
892,893,sequential,0.100238301,0.030721118,0.044888324,0.000878358,0.010214961,-0.008385340,0.999912281,0,nan
893,894,sequential,0.115377732,0.037845302,0.041014993,0.000476283,0.008371196,-0.001096003,0.999964247,0,nan
894,895,sequential,0.108107033,0.035313342,0.048419037,0.001361503,0.005353329,0.011462547,0.999919046,0,nan
895,896,sequential,0.125121110,0.054667438,0.058944242,0.000655595,0.004936886,0.011022186,0.999926852,0,nan
896,897,sequential,0.127296297,0.042913442,0.070618464,0.001370256,0.005149624,0.008098636,0.999953007,0,nan
897,898,sequential,0.144842513,0.048434311,0.085147866,0.001036879,0.008986808,-0.007741267,0.999929115,0,nan
898,899,sequential,0.135266191,0.052761845,0.071846881,0.000969913,0.015091220,-0.024906882,0.999575391,0,nan
899,900,sequential,0.107858603,0.058702235,0.061936627,0.000434981,0.012328265,-0.015706625,0.999800543,0,nan
900,901,sequential,0.092469152,0.020566614,0.050059316,0.000333897,0.010139130,-0.008876248,0.999909145,0,nan
901,902,sequential,0.051602711,0.040576416,-0.064896944,-0.000531237,0.008595088,-0.004059135,0.999954682,0,nan
902,903,sequential,0.096417427,0.033275670,0.048226684,0.002038936,0.008729185,-0.002214303,0.999957370,0,nan
903,904,sequential,0.096912504,0.049507158,0.078331298,0.001397674,0.011280541,-0.008059352,0.999902917,0,nan
904,905,sequential,0.095002412,0.047351699,0.046598758,-0.000108367,0.014052673,-0.014783758,0.999791954,0,nan
905,906,sequential,0.080913898,0.031203712,0.085365678,0.006975758,0.014970866,-0.013520409,0.999772179,0,nan
906,907,sequential,0.068385159,0.049411592,0.055352556,0.005804622,0.016214700,-0.013403465,0.999761840,0,nan
907,908,sequential,0.056043100,0.041114615,0.077541202,0.005802070,0.015670258,-0.009263672,0.999817465,0,nan
908,909,sequential,0.044054572,0.041416119,0.050355956,0.008545662,0.015170507,-0.005793453,0.999831617,0,nan
909,910,sequential,0.035837406,0.045227066,0.060832643,0.009090236,0.014409157,-0.002586339,0.999851516,0,nan
910,911,sequential,0.022499918,0.044070239,0.052286461,0.005406278,0.014752798,-0.001632179,0.999875224,0,nan
911,912,sequential,0.004430481,0.043211134,0.041390337,0.003563598,0.014194963,-0.001585515,0.999891639,0,nan
912,913,sequential,-0.002847984,0.036774670,0.046827735,0.002100704,0.014186708,-0.000618270,0.999896966,0,nan
913,914,sequential,-0.014117960,0.040399483,0.028144669,-0.000293978,0.013007649,0.003821401,0.999908052,0,nan
914,915,sequential,-0.033068992,0.040489154,0.015230071,-0.004685429,0.011208584,0.009294826,0.999883003,0,nan
915,916,sequential,-0.031673169,0.042115926,0.016574186,-0.006947706,0.008587746,0.011149249,0.999876830,0,nan
916,917,sequential,-0.047866491,0.042103190,-0.019074078,-0.012370925,0.011808830,0.003395860,0.999847978,0,nan
917,918,sequential,-0.131397276,0.073163429,-0.035015384,-0.019440345,0.010022576,0.028923736,0.999342303,0,nan
918,919,sequential,-0.070823301,0.026915676,-0.015916724,-0.017736014,-0.002526842,0.025218399,0.999521426,0,nan
919,920,sequential,-0.065994115,0.016252859,-0.036010907,-0.009443205,-0.002408919,0.013792309,0.999857387,0,nan
920,921,sequential,-0.071900909,0.028014547,-0.025147338,-0.005148730,-0.002879158,0.008830702,0.999943608,0,nan
921,922,sequential,-0.071082366,0.021746672,-0.035046254,-0.002681512,-0.005351008,0.007702001,0.999952427,0,nan
922,923,sequential,-0.071691952,0.035497930,-0.047518887,-0.002449849,-0.010042698,0.008980315,0.999906244,0,nan
923,924,sequential,-0.154094403,0.070047445,-0.066134696,-0.005996326,-0.028202730,0.004455102,0.999574310,0,nan
924,925,sequential,-0.316118765,0.185611233,-0.185900550,-0.001487172,-0.077070043,-0.030143556,0.996568795,0,nan
925,926,sequential,-0.088487494,0.042146019,-0.034704796,-0.001291952,-0.019010666,-0.000351491,0.999818384,0,nan
926,927,sequential,-0.081273097,0.032476535,-0.030631129,-0.000859822,-0.014384370,0.001710266,0.999894707,0,nan
927,928,sequential,-0.061378100,0.029836941,-0.029866593,-0.000410756,-0.013938904,0.007259987,0.999876408,0,nan
928,929,sequential,-0.062651551,0.019003570,-0.025473958,-0.000349353,-0.007522841,-0.000247432,0.999971611,0,nan
929,930,sequential,-0.054565600,0.022308371,-0.020966922,-0.000635719,-0.004087945,-0.003101256,0.999986633,0,nan
930,931,sequential,-0.062030970,0.025474353,-0.026453019,0.001785868,-0.001277730,-0.007769041,0.999967410,0,nan
931,932,sequential,-0.058053783,0.014067360,-0.021745463,-0.000425988,0.000275929,-0.006788549,0.999976829,0,nan
932,933,sequential,-0.054036840,0.011769355,-0.021142358,0.000853127,0.002727891,-0.011299741,0.999932071,0,nan
933,934,sequential,-0.059236161,0.011672341,-0.026067856,-0.001861991,0.003411291,-0.008136900,0.999959343,0,nan
934,935,sequential,-0.045836181,-0.007394756,-0.020536353,0.002480482,0.002016117,-0.002994413,0.999990408,0,nan
935,936,sequential,-0.047728873,-0.017874697,-0.025224915,-0.000627976,0.002332440,-0.002095573,0.999994887,0,nan
936,937,sequential,-0.056346404,-0.015915180,-0.026878071,0.000006907,0.002189828,-0.002241507,0.999995090,0,nan
937,938,sequential,-0.055890468,-0.024313156,-0.024930255,0.000784509,0.001869206,0.000191118,0.999997927,0,nan
938,939,sequential,-0.057147507,-0.032764567,-0.020530562,0.001440925,0.001069232,0.000015456,0.999998390,0,nan
939,940,sequential,-0.058855178,-0.034166189,-0.024940214,-0.000426546,0.000816923,-0.000058752,0.999999574,0,nan
940,941,sequential,-0.070770812,-0.039063794,-0.036447721,0.000856263,0.000611476,-0.003956301,0.999991620,0,nan
941,942,sequential,-0.054002153,-0.035458831,-0.016431084,0.000812734,0.001341316,-0.010828427,0.999940141,0,nan
942,943,sequential,-0.067283138,-0.044209478,-0.019633001,-0.000165148,0.001197253,-0.008956389,0.999959160,0,nan
943,944,sequential,-0.073981235,-0.036172466,-0.037463283,0.000047633,-0.000472058,-0.001915671,0.999998053,0,nan
944,945,sequential,-0.078401032,-0.050294529,-0.037045493,-0.000165105,-0.002064127,0.004656894,0.999987013,0,nan
945,946,sequential,-0.080352153,-0.046522824,-0.036549336,-0.000518182,-0.002839592,0.007252369,0.999969535,0,nan
946,947,sequential,-0.071509048,-0.054765742,-0.023442396,0.000219201,-0.002454169,0.004447094,0.999987076,0,nan
947,948,sequential,-0.083544477,-0.036827491,-0.022637799,-0.000746007,0.000137334,0.003139530,0.999994784,0,nan
948,949,sequential,-0.090321754,-0.056733742,-0.033279046,-0.000481038,0.002250315,0.001850482,0.999995640,0,nan
949,950,sequential,-0.085322769,-0.042426557,-0.036487135,-0.000081339,0.002197565,0.001186093,0.999996879,0,nan
950,951,sequential,-0.094321118,-0.030254301,-0.044330177,0.000921861,0.002196773,0.001203736,0.999996438,0,nan
951,952,sequential,-0.088501932,-0.035575368,-0.024788815,-0.000590058,0.002624846,0.001362258,0.999995453,0,nan
952,953,sequential,-0.125702718,-0.034506761,-0.048441382,-0.000453176,0.002666136,0.001478329,0.999995250,0,nan
953,954,sequential,-0.102809678,-0.009606712,-0.024449008,-0.000273049,0.001578130,0.004635679,0.999987973,0,nan
954,955,sequential,-0.106570706,-0.009083838,-0.034312558,0.004165878,-0.005371945,0.025800003,0.999644010,0,nan
955,956,sequential,-0.105726871,0.009077615,-0.035336601,0.005469025,-0.005592144,0.023155307,0.999701280,0,nan
956,957,sequential,-0.109988751,0.013979828,-0.042285707,0.001621195,-0.005291109,0.014286292,0.999882632,0,nan
957,958,sequential,-0.097117328,0.022024248,-0.044142531,-0.005561592,-0.005084616,0.001522552,0.999970448,0,nan
958,959,sequential,-0.086592902,0.010968744,-0.036796680,-0.005238282,-0.004396760,-0.009243682,0.999933889,0,nan
959,960,sequential,-0.086889542,0.033536529,-0.039985495,-0.002819044,-0.005243827,-0.013593614,0.999889878,0,nan
960,961,sequential,-0.079779141,0.024647483,-0.029305660,-0.001347327,-0.004326249,-0.019041577,0.999808425,0,nan
961,962,sequential,-0.079199609,0.037508642,-0.030811242,-0.000321318,-0.005459120,-0.015827361,0.999859785,0,nan
962,963,sequential,-0.087533140,0.022530339,-0.030139653,0.000462467,-0.008463293,-0.007462172,0.999936235,0,nan
963,964,sequential,-0.093866709,0.032988637,-0.026985442,-0.000526746,-0.010099307,-0.004795518,0.999937363,0,nan
964,965,sequential,-0.081280044,0.025706066,-0.013283646,0.001597916,-0.009903842,-0.005486830,0.999934625,0,nan
965,966,sequential,-0.078036073,0.040942934,-0.022032150,-0.001334884,-0.009198580,-0.005884988,0.999939484,0,nan
966,967,sequential,-0.092232144,0.036712659,-0.015105222,-0.000382580,-0.007020314,-0.005480057,0.999960268,0,nan
967,968,sequential,-0.094732281,0.022861765,-0.012689104,0.001227899,-0.006438767,-0.005128792,0.999965364,0,nan
968,969,sequential,-0.104324832,0.031299022,-0.009969776,0.005011673,-0.005706022,-0.003958739,0.999963326,0,nan
969,970,sequential,-0.092573157,0.030485840,-0.006879135,0.011337602,-0.006182955,-0.002232129,0.999914120,0,nan
970,971,sequential,-0.092388566,0.063729098,-0.005597534,0.012660657,-0.005103327,-0.001216630,0.999906087,0,nan
971,972,sequential,-0.084949866,0.046250644,0.002607873,0.009947385,-0.003892636,-0.000452291,0.999942845,0,nan
972,973,sequential,-0.089722486,0.083364048,0.000463450,0.010173651,-0.001962633,-0.000116844,0.999946314,0,nan
973,974,sequential,-0.093624111,0.046756524,-0.002067497,0.005640513,-0.000241173,-0.000583807,0.999983893,0,nan
974,975,sequential,-0.121668987,0.071343798,0.005461526,0.000144076,-0.000721710,0.006889775,0.999975994,0,nan
975,976,sequential,-0.119831347,0.101492266,0.006151080,-0.006322519,-0.004607139,0.025019665,0.999656349,0,nan
976,977,sequential,-0.088516411,0.100916032,0.004049888,-0.012172627,-0.005834595,0.029428995,0.999475722,0,nan
977,978,sequential,-0.071795815,0.050838104,-0.006910492,-0.010370284,-0.003758143,0.024300831,0.999643838,0,nan
978,979,sequential,-0.063475027,0.056506028,-0.014528115,-0.005462765,0.001571773,0.016267118,0.999851523,0,nan
979,980,sequential,-0.045485275,0.057701657,-0.004899605,-0.002683609,0.008337583,0.005258068,0.999947816,0,nan
980,981,sequential,-0.049880656,0.052856919,-0.006653879,0.003567734,0.010977290,0.004191263,0.999924599,0,nan
981,982,sequential,-0.076226011,0.066204673,-0.025482100,0.002259379,0.012734139,0.003473487,0.999910332,0,nan
982,983,sequential,-0.025492085,0.071262837,-0.021870870,-0.000781928,0.010630047,0.007788378,0.999912862,0,nan
983,984,sequential,-0.040130205,0.054171560,-0.022303664,-0.001204743,0.009318404,0.003480848,0.999949799,0,nan
984,985,sequential,0.003321851,0.067097614,-0.038760873,-0.000115481,0.009129393,-0.001675813,0.999956915,0,nan
985,986,sequential,-0.008556429,0.054609094,-0.033117322,-0.000679428,0.012327144,-0.011861615,0.999853430,0,nan
986,987,sequential,0.005664117,0.056762657,-0.034644996,-0.000255022,0.009610507,-0.004778182,0.999942369,0,nan
987,988,sequential,-0.001486891,0.032742732,-0.035092865,-0.002463056,0.007337262,-0.001433483,0.999969021,0,nan
988,989,sequential,0.027789905,0.035216656,-0.048267477,-0.002379914,0.003704018,0.001691851,0.999988877,0,nan
989,990,sequential,0.013910545,0.013982505,-0.047416949,0.000523760,0.002136063,0.003310049,0.999992103,0,nan
990,991,sequential,0.043699418,0.053413029,-0.043947836,0.000587696,0.000008022,0.005652355,0.999983853,0,nan
991,992,sequential,0.055127401,-0.000677461,-0.036481298,-0.000391168,-0.000499684,0.003819464,0.999992504,0,nan
992,993,sequential,0.044949934,0.010552619,-0.045054324,0.001083229,0.000125652,-0.000877341,0.999999021,0,nan
993,994,sequential,0.060527978,0.008165339,-0.061501384,-0.001594412,0.000855177,-0.003866100,0.999990890,0,nan
994,995,sequential,0.082266793,0.040556863,-0.040644332,-0.000006865,0.002234375,-0.005484090,0.999982466,0,nan
995,996,sequential,0.079548017,0.025520256,-0.047622867,0.000874521,0.004547064,-0.007025560,0.999964600,0,nan
996,997,sequential,0.095805707,0.011143702,-0.039992374,0.001592423,0.007005312,-0.007953396,0.999942565,0,nan
997,998,sequential,0.101654446,0.022506821,-0.032566920,0.001449998,0.008722297,-0.002995345,0.999956423,0,nan
998,999,sequential,0.095611365,0.001152001,-0.030145792,-0.000281101,0.010833852,-0.005912460,0.999923793,0,nan
999,1000,sequential,0.093653676,0.022721607,-0.031691012,0.001583450,0.011830140,-0.003326759,0.999923234,0,nan
1000,1001,sequential,0.063950196,-0.015660944,-0.029768841,0.000263099,0.012721811,-0.003211026,0.999913884,0,nan
1001,1002,sequential,0.089978012,0.026890532,-0.022278039,0.001372374,0.011153822,-0.000337502,0.999936795,0,nan
1002,1003,sequential,0.094605183,0.035029801,-0.031552570,-0.000032669,0.009985806,0.003972675,0.999942249,0,nan
1003,1004,sequential,0.125416834,0.035779798,-0.020880028,-0.000222437,0.007034916,0.011672851,0.999907098,0,nan
1004,1005,sequential,0.095375629,0.055632741,-0.020955710,-0.000131184,0.006813898,0.017450603,0.999824500,0,nan
1005,1006,sequential,0.102654778,0.028857510,-0.009723717,-0.000163718,0.007071835,0.015505000,0.999854768,0,nan
1006,1007,sequential,0.101410257,0.004987409,-0.015516192,-0.000927419,0.007063484,0.006825732,0.999951327,0,nan
1007,1008,sequential,0.091684646,-0.005439956,-0.008636059,0.001052788,0.006640354,-0.001123114,0.999976768,0,nan
1008,1009,sequential,0.103162526,0.024653146,-0.009079740,0.003095342,0.004950781,-0.005048413,0.999970211,0,nan
1009,1010,sequential,0.108423537,0.001850400,-0.022590836,0.002471871,0.003292605,-0.001169069,0.999990841,0,nan
1010,1011,sequential,0.092332565,0.007201276,-0.021892376,0.000969188,0.003243185,-0.002608273,0.999990870,0,nan
1011,1012,sequential,0.090460056,0.005351189,-0.025904291,0.000741815,0.001843306,-0.001395477,0.999997052,0,nan
1012,1013,sequential,0.106832009,-0.018038942,-0.010823973,0.000027445,0.001957516,-0.002028267,0.999996027,0,nan
1013,1014,sequential,0.139167800,-0.000951970,-0.004657620,-0.000399221,-0.000439803,0.000404683,0.999999742,0,nan
1014,1015,sequential,0.142649311,0.025418237,0.007745391,-0.000173425,-0.000674348,-0.002177308,0.999997387,0,nan
1015,1016,sequential,0.111046869,-0.019185917,-0.019642969,-0.001484983,0.000365050,-0.004842657,0.999987105,0,nan
1016,1017,sequential,0.129644083,-0.001077066,-0.018844103,0.000876561,-0.000383451,-0.003111782,0.999994701,0,nan
1017,1018,sequential,0.157483881,0.025942177,-0.003767356,-0.000619642,-0.001473248,-0.002260200,0.999996169,0,nan
1018,1019,sequential,0.141067856,-0.006039659,-0.017760415,0.000853638,-0.000328734,-0.003823955,0.999992270,0,nan
1019,1020,sequential,0.131920707,-0.011558603,-0.023645810,-0.000388815,0.000323192,-0.002739487,0.999996120,0,nan
1020,1021,sequential,0.143417819,0.005094897,-0.024369945,-0.000297117,0.001705661,-0.006930858,0.999974482,0,nan
1021,1022,sequential,0.142250596,-0.000032070,-0.020867833,0.000699899,0.003257501,-0.009112741,0.999952927,0,nan
1022,1023,sequential,0.114822538,0.011525819,-0.019613027,0.000523772,0.002409145,-0.000631214,0.999996762,0,nan
1023,1024,sequential,0.118545035,0.030538791,-0.027209376,-0.001965933,0.002453622,-0.001535662,0.999993878,0,nan
1024,1025,sequential,0.148814594,0.027501256,-0.026591306,-0.013259804,0.000202597,0.005212001,0.999898481,0,nan
1025,1026,sequential,0.122273652,0.014096395,-0.041732608,-0.011307063,0.000678661,0.005470097,0.999920881,0,nan
1026,1027,sequential,0.132016357,0.006405304,-0.019725575,-0.002744270,0.001485114,-0.000046040,0.999995131,0,nan
1027,1028,sequential,0.125616123,0.004169519,-0.020328686,-0.001863129,0.001447295,-0.000779517,0.999996913,0,nan
1028,1029,sequential,0.140349353,-0.018123587,-0.002743569,0.002482219,0.003028184,-0.005442042,0.999977526,0,nan
1029,1030,sequential,0.128190188,-0.016513808,-0.010750434,0.007136000,0.005664162,-0.008529770,0.999922116,0,nan
1030,1031,sequential,0.124114432,0.006089826,-0.015904364,0.003785675,0.006258598,-0.004197471,0.999964439,0,nan
1031,1032,sequential,0.109051360,-0.018130956,-0.018446277,0.001689025,0.007024700,-0.000875643,0.999973517,0,nan
1032,1033,sequential,0.105964121,-0.036162223,0.014957732,0.005399330,0.007320861,0.003465143,0.999952621,0,nan
1033,1034,sequential,0.104877089,-0.009946185,0.001177036,0.005658873,0.005470962,0.013227088,0.999881538,0,nan
1034,1035,sequential,0.097101513,-0.018211491,0.014325896,0.004690725,0.005811065,0.013011441,0.999887459,0,nan
1035,1036,sequential,0.102344545,-0.017240667,0.014652385,0.002254769,0.006203260,0.016174249,0.999847403,0,nan
1036,1037,sequential,0.099251815,-0.013333195,0.025370206,0.002464606,0.007860687,0.008857706,0.999926836,0,nan
1037,1038,sequential,0.091712185,-0.018575855,0.023942316,0.001032461,0.010224927,-0.000147584,0.999947180,0,nan
1038,1039,sequential,0.099247368,-0.020812552,0.016004963,0.000619361,0.011016904,-0.001739511,0.999937607,0,nan
1039,1040,sequential,0.114190576,-0.019591607,0.009228486,0.001182993,0.009314644,0.004166436,0.999947238,0,nan
1040,1041,sequential,0.102244601,-0.026293717,0.010981782,0.000739361,0.009846510,0.007194190,0.999925369,0,nan
1041,1042,sequential,0.107329391,-0.025965543,0.010791842,0.001309529,0.007860376,0.010898347,0.999908859,0,nan
1042,1043,sequential,0.106794136,-0.032514755,0.022267694,0.001988163,0.008359696,0.005789057,0.999946323,0,nan
1043,1044,sequential,0.104898095,-0.027700988,0.028346680,0.000666513,0.008804186,0.002511208,0.999957867,0,nan
1044,1045,sequential,0.115273154,-0.039748357,0.018114684,0.000026299,0.009459832,-0.003864845,0.999947786,0,nan
1045,1046,sequential,0.114677096,-0.037510262,0.000391011,0.001140119,0.008946633,-0.004001628,0.999951321,0,nan
1046,1047,sequential,0.111023686,-0.044509430,0.028228813,0.000464925,0.007327667,0.001307069,0.999972190,0,nan
1047,1048,sequential,0.115475948,-0.037974245,0.006158785,0.000356541,0.007761973,0.000477508,0.999969698,0,nan
1048,1049,sequential,0.113458377,-0.052595106,0.045047061,0.000148455,0.007542219,0.002059778,0.999969425,0,nan
1049,1050,sequential,0.110937276,-0.036583190,0.019595361,0.000814449,0.008747829,0.002770131,0.999957568,0,nan
1050,1051,sequential,0.109494251,-0.040599193,0.024003137,0.000490041,0.007185456,0.006046077,0.999955786,0,nan
1051,1052,sequential,0.117176206,-0.036074326,0.025461958,0.000961197,0.006983762,0.005963803,0.999957367,0,nan
1052,1053,sequential,0.122653532,-0.050051241,0.029229881,0.000646564,0.008712821,0.000055558,0.999961832,0,nan
1053,1054,sequential,0.115544345,-0.048760371,0.015238515,0.000054241,0.009970989,-0.000938256,0.999949847,0,nan
1054,1055,sequential,0.133730879,-0.046635951,0.004346324,0.000348955,0.010050831,0.002034515,0.999947359,0,nan
1055,1056,sequential,0.133930583,-0.050467975,0.001387168,0.001520363,0.011224379,0.004596838,0.999925283,0,nan
1056,1057,sequential,0.118043022,-0.039154890,0.031332270,0.001510268,0.012539139,0.002223111,0.999917770,0,nan
1057,1058,sequential,0.123437734,-0.053569096,0.053107013,0.001677019,0.013941063,-0.000505272,0.999901285,0,nan
1058,1059,sequential,0.127965534,-0.029498836,0.036935690,0.000857320,0.015257180,-0.001811065,0.999881595,0,nan
1059,1060,sequential,0.161773472,-0.011455296,0.002168692,0.001084101,0.015558748,0.000227527,0.999878342,0,nan
1060,1061,sequential,0.173834088,-0.015314993,0.007627314,0.001429612,0.015632733,0.002601242,0.999873396,0,nan
1061,1062,sequential,0.165220328,-0.016952350,0.008608126,0.001510822,0.016944323,-0.001185240,0.999854591,0,nan
1062,1063,sequential,0.174892054,-0.005185380,0.002303191,-0.000000112,0.018285412,-0.002579301,0.999829481,0,nan
1063,1064,sequential,0.165094430,-0.008905005,0.021974547,0.000286211,0.019406424,-0.002272837,0.999809053,0,nan
1064,1065,sequential,0.149203763,0.003684158,0.030020020,0.001016599,0.019371707,0.001055034,0.999811277,0,nan
1065,1066,sequential,0.170551144,0.017393336,0.043136574,-0.000949951,0.019572907,0.003876060,0.999800468,0,nan
1066,1067,sequential,0.138569266,0.000975560,0.047124454,-0.000872416,0.019989183,0.004221268,0.999790904,0,nan
1067,1068,sequential,0.143012475,0.020100327,0.077054939,-0.001585696,0.020983490,0.003537247,0.999772307,0,nan
1068,1069,sequential,0.143683677,0.047708284,0.076833495,0.001987670,0.021085503,0.006312832,0.999755770,0,nan
1069,1070,sequential,0.130129981,0.039124721,0.094971546,0.002626697,0.022175041,0.007045658,0.999725826,0,nan
1070,1071,sequential,0.120407557,0.082907791,0.081242433,0.001787920,0.022498494,0.007215661,0.999719238,0,nan
1071,1072,sequential,0.108113890,0.126852962,0.111459600,-0.006781913,0.022621800,0.006843947,0.999697664,0,nan
1072,1073,sequential,0.143812687,0.086821157,0.106632497,-0.016171005,0.023107523,0.006917241,0.999578257,0,nan
1073,1074,sequential,0.051396009,0.075280427,0.126930540,-0.009562787,0.024221888,0.007975876,0.999629051,0,nan
1074,1075,sequential,0.092955561,0.038632965,0.111145660,0.000554302,0.017463253,0.005420089,0.999832661,0,nan
1075,1076,sequential,0.113042303,0.114738487,0.145357071,0.008389975,0.022143799,0.008901073,0.999679964,0,nan
1076,1077,sequential,0.126462288,0.128654694,0.183328306,0.006957918,0.023714077,0.006542935,0.999673157,0,nan
1077,1078,sequential,0.072393881,0.131318101,0.197116457,0.005350359,0.024824311,0.007113394,0.999652203,0,nan
1078,1079,sequential,0.045513896,0.136916767,0.188126266,0.002821794,0.019354240,0.007697415,0.999779076,0,nan
1079,1080,sequential,0.072182338,0.155556702,0.241028345,-0.009370953,0.023207820,0.008512643,0.999650498,0,nan
1080,1081,sequential,0.079248752,0.092219392,0.197463599,-0.009019356,0.021515128,0.006819722,0.999704577,0,nan
1081,1082,sequential,0.074716755,0.083672879,0.171847628,0.000450547,0.020534502,0.007230662,0.999762896,0,nan
1082,1083,sequential,0.103914577,0.108479699,0.180998951,0.002574374,0.018918838,0.006909597,0.999793833,0,nan
1083,1084,sequential,0.036562733,0.159735489,0.176005286,-0.009080516,0.019605374,0.005818194,0.999749630,0,nan
1084,1085,sequential,0.003263958,0.067582164,0.154404741,-0.017407072,0.018746012,0.006477194,0.999651753,0,nan
1085,1086,sequential,0.025441713,0.042639798,0.153755108,-0.008415457,0.017988313,0.005311274,0.999788673,0,nan
1086,1087,sequential,0.015089547,0.038444971,0.146245948,0.005441921,0.015898373,0.007418437,0.999831283,0,nan
1087,1088,sequential,0.022901065,0.006671152,0.064799172,0.005985946,0.014571611,0.005964534,0.999858120,0,nan
1088,1089,sequential,-0.036241146,0.073641348,0.149520967,-0.004271914,0.014455436,0.005154054,0.999873105,0,nan
1089,1090,sequential,-0.014030311,0.036337675,0.131223990,-0.014232457,0.010902741,0.005412971,0.999824618,0,nan
1090,1091,sequential,0.024907438,-0.025400066,0.135403870,-0.004471605,0.006990934,0.005405890,0.999950953,0,nan
1091,1092,sequential,0.014788700,-0.013486598,0.169107885,0.011250306,0.007236635,0.001564104,0.999909304,0,nan
1092,1093,sequential,-0.001760191,-0.011031850,0.139302770,0.019677967,0.006605245,0.001915182,0.999782717,0,nan
1093,1094,sequential,-0.003050454,-0.004091863,0.105430560,0.011739459,0.006349941,0.000976188,0.999910451,0,nan
1094,1095,sequential,-0.012286889,0.008032439,0.125644896,0.008309711,0.005365778,-0.000161724,0.999951064,0,nan
1095,1096,sequential,0.002918177,0.033974537,0.157059849,0.002260654,0.003950436,0.000318837,0.999989591,0,nan
1096,1097,sequential,0.012700598,-0.016753756,0.158520119,-0.001669828,0.003332249,0.000370487,0.999992985,0,nan
1097,1098,sequential,0.006421461,-0.010810623,0.138163005,-0.002659178,0.005291078,0.000511920,0.999982335,0,nan
1098,1099,sequential,0.004099531,-0.008755239,0.119554497,-0.001621910,0.006034107,0.001623753,0.999979161,0,nan
1099,1100,sequential,0.013861834,-0.013672962,0.091308506,-0.006644033,0.005515970,0.004857161,0.999950918,0,nan
1100,1101,sequential,0.027645394,-0.041976179,0.094448357,-0.005240037,0.007076139,0.002708729,0.999957566,0,nan
1101,1102,sequential,-0.005602557,-0.027796344,0.138687443,-0.000813248,0.008424361,0.000870596,0.999963805,0,nan
1102,1103,sequential,0.004716731,-0.023136003,0.105604866,-0.005753688,0.008671468,0.002053951,0.999943739,0,nan
1103,1104,sequential,0.007374176,-0.043043259,0.101802585,-0.008394418,0.009340246,0.002020639,0.999919102,0,nan
1104,1105,sequential,-0.000748565,-0.052085085,0.117935825,-0.004678741,0.009785356,0.003421351,0.999935323,0,nan
1105,1106,sequential,-0.004466676,-0.061503723,0.133925724,0.000027987,0.009985346,0.003817781,0.999942857,0,nan
1106,1107,sequential,0.004043611,-0.057709309,0.099980963,0.004630747,0.010375782,0.003258944,0.999930137,0,nan
1107,1108,sequential,-0.004599604,-0.037400544,0.120276372,0.000549398,0.010385528,0.004425238,0.999936126,0,nan
1108,1109,sequential,-0.007386451,-0.068523594,0.139335155,-0.001205554,0.011247495,0.002981122,0.999931574,0,nan
1109,1110,sequential,-0.007048797,-0.067118127,0.140389556,0.011640758,0.011829736,0.004307621,0.999852986,0,nan
1110,1111,sequential,-0.013339730,-0.028284416,0.130980724,0.009693813,0.011923947,0.006230491,0.999862506,0,nan
1111,1112,sequential,-0.013310514,-0.056420604,0.138701579,0.006141289,0.011539651,0.007729592,0.999884681,0,nan
1112,1113,sequential,-0.011747954,-0.022684133,0.142079734,0.004579636,0.012224185,0.004110616,0.999906345,0,nan
1113,1114,sequential,-0.032673461,-0.014087551,0.169282262,-0.001085072,0.012763759,0.003259122,0.999912640,0,nan
1114,1115,sequential,-0.030393901,-0.018685638,0.169131378,-0.001997305,0.011582388,0.007710257,0.999901201,0,nan
1115,1116,sequential,-0.029938678,-0.005553991,0.163865013,-0.000491684,0.012334294,0.005084016,0.999910884,0,nan
1116,1117,sequential,-0.035288798,0.002703667,0.171989320,-0.004740007,0.012739547,0.004803873,0.999896074,0,nan
1117,1118,sequential,-0.020543077,-0.064876294,0.129185856,-0.005118982,0.013070013,0.004630508,0.999890759,0,nan
1118,1119,sequential,-0.030216222,-0.065159500,0.120458224,-0.000070279,0.013157727,0.007656736,0.999884115,0,nan
1119,1120,sequential,-0.018438265,-0.061900090,0.108646085,0.005920811,0.012705388,0.010298776,0.999848715,0,nan
1120,1121,sequential,-0.029858376,-0.044522460,0.127515109,0.006929712,0.012286143,0.009433882,0.999856005,0,nan
1121,1122,sequential,-0.021939266,-0.039042430,0.123864445,0.004980894,0.012841470,0.006623449,0.999883202,0,nan
1122,1123,sequential,-0.044737288,-0.010331429,0.161708237,0.003550387,0.011615695,0.009004998,0.999885684,0,nan
1123,1124,sequential,-0.057173361,-0.009916547,0.167040981,0.001270114,0.011309311,0.008885596,0.999895761,0,nan
1124,1125,sequential,-0.047117497,0.025861467,0.173256357,0.001627175,0.007680847,0.018443506,0.999799077,0,nan
1125,1126,sequential,-0.047907286,-0.009839783,0.168029872,0.000921938,0.008579576,0.011035077,0.999901879,0,nan
1126,1127,sequential,0.013298146,0.003724864,0.166972894,0.001303421,0.007887178,0.002354134,0.999965275,0,nan
1127,1128,sequential,-0.039311342,0.017599959,0.178729715,0.000337863,0.009051015,-0.002407210,0.999956084,0,nan
1128,1129,sequential,-0.025470723,0.016010317,0.176793527,0.001498096,0.007525633,-0.000189685,0.999970542,0,nan
1129,1130,sequential,-0.005017901,0.026229198,0.166070044,0.000942372,0.007965881,-0.004388490,0.999958198,0,nan
1130,1131,sequential,-0.022273854,0.016692512,0.172234230,-0.000240805,0.008820678,-0.004595184,0.999950510,0,nan
1131,1132,sequential,-0.025512807,0.036050141,0.186399563,0.001648039,0.008123737,-0.003211972,0.999960485,0,nan
1132,1133,sequential,0.000470044,0.034805389,0.169193271,0.000781229,0.006925684,-0.000833537,0.999975365,0,nan
1133,1134,sequential,-0.005626129,0.039846791,0.173550575,0.001793098,0.008510309,-0.002927721,0.999957893,0,nan
1134,1135,sequential,-0.009789122,0.044213841,0.182401114,0.001064234,0.008713666,-0.002299938,0.999958824,0,nan
1135,1136,sequential,-0.006658457,0.049721221,0.184745771,0.000378435,0.009321664,-0.000564721,0.999956321,0,nan
1136,1137,sequential,-0.008169888,0.056426859,0.182808757,0.000532110,0.008030300,0.002931560,0.999963318,0,nan
1137,1138,sequential,-0.005144702,0.067161124,0.186321557,-0.000301592,0.008551336,-0.002811345,0.999959439,0,nan
1138,1139,sequential,-0.008353589,0.057090648,0.177398173,0.000176551,0.009457884,-0.002591337,0.999951900,0,nan
1139,1140,sequential,-0.011460272,0.080586387,0.190209624,0.000953477,0.007807832,-0.001262182,0.999968267,0,nan
1140,1141,sequential,-0.002249156,0.078278511,0.186742578,-0.000298153,0.008454837,0.000217640,0.999964189,0,nan
1141,1142,sequential,-0.015106851,0.075069312,0.186813132,0.000831776,0.009202015,-0.000837169,0.999956964,0,nan
1142,1143,sequential,-0.004360019,0.078356326,0.175147670,0.000238129,0.009635560,0.001404430,0.999952562,0,nan
1143,1144,sequential,-0.012784556,0.078543050,0.171658699,-0.001407108,0.010196059,-0.000359283,0.999946964,0,nan
1144,1145,sequential,-0.016550878,0.071444881,0.171331481,-0.000440247,0.009588434,0.002398921,0.999951055,0,nan
1145,1146,sequential,-0.007380586,0.066991126,0.163635099,-0.000130153,0.009550693,0.001114674,0.999953761,0,nan
1146,1147,sequential,-0.012240951,0.057029917,0.157845801,-0.000892286,0.009464193,0.002668211,0.999951256,0,nan
1147,1148,sequential,-0.019767400,0.028385611,0.138939019,0.000437738,0.009426218,0.002435362,0.999952511,0,nan
1148,1149,sequential,0.011090367,0.018152500,0.101544295,-0.005047118,0.007091550,0.002430520,0.999959164,0,nan
1149,1150,sequential,-0.016335578,-0.000756269,0.119638320,-0.006376039,0.007812271,0.001697168,0.999947716,0,nan
1150,1151,sequential,-0.013300733,-0.003553523,0.118206456,0.000453582,0.008872322,-0.004600142,0.999949956,0,nan
1151,1152,sequential,-0.016969764,-0.006578111,0.120630454,0.003654760,0.009258823,-0.006997682,0.999925972,0,nan
1152,1153,sequential,-0.026430780,-0.000139581,0.112373405,0.002471046,0.006699534,0.006004001,0.999956480,0,nan
1153,1154,sequential,-0.020848154,-0.007204092,0.113466080,0.000519713,0.005901263,0.006340839,0.999962349,0,nan
1154,1155,sequential,-0.012548556,-0.002796452,0.111804937,0.000712184,0.005546530,0.004163190,0.999975698,0,nan
1155,1156,sequential,-0.022140050,-0.008318879,0.105851149,-0.000200667,0.005453099,0.004201308,0.999976286,0,nan
1156,1157,sequential,-0.015108832,-0.002520439,0.114051692,-0.000507072,0.005490424,0.002077021,0.999982642,0,nan
1157,1158,sequential,-0.015312282,-0.007868734,0.110732378,-0.001462934,0.008374779,-0.007488273,0.999935822,0,nan
1158,1159,sequential,-0.028006713,-0.017695883,0.117567524,0.001518413,0.009268827,-0.014095213,0.999856544,0,nan
1159,1160,sequential,-0.023546270,-0.006691895,0.114601103,0.001499829,0.008393628,-0.007734347,0.999933737,0,nan
1160,1161,sequential,-0.037979216,-0.014069815,0.117120476,0.000273171,0.007524676,-0.004187629,0.999962884,0,nan
1161,1162,sequential,-0.032703303,0.009204838,0.130278840,-0.002650424,0.005702539,0.005324120,0.999966054,0,nan
1162,1163,sequential,-0.040228527,0.030876939,0.124345545,-0.008708598,0.006262206,0.000390764,0.999942395,0,nan
1163,1164,sequential,-0.071890876,0.041299682,0.127449239,-0.011940351,0.004421693,0.010510166,0.999863697,0,nan
1164,1165,sequential,-0.046649277,0.004181480,0.083604824,-0.015255335,0.002588895,0.014257278,0.999778627,0,nan
1165,1166,sequential,-0.067004401,0.018461947,0.115184404,-0.012029605,0.003616836,0.009627704,0.999874749,0,nan
1166,1167,sequential,-0.033091066,-0.037469750,0.067983242,-0.007101168,0.002968809,0.005628376,0.999954539,0,nan
1167,1168,sequential,-0.046512413,-0.047500399,0.124473011,0.009977518,0.004323635,0.006192964,0.999921698,0,nan
1168,1169,sequential,-0.046818998,-0.038979767,0.106168651,0.016556684,0.005781426,0.003889900,0.999838647,0,nan
1169,1170,sequential,-0.055360801,-0.029206698,0.118001083,0.011611314,0.005681663,0.003658439,0.999909752,0,nan
1170,1171,sequential,-0.054490282,-0.028607892,0.105401938,0.007059999,0.005558133,0.002393471,0.999956766,0,nan
1171,1172,sequential,-0.064062473,-0.033982223,0.129773139,0.004286065,0.005082557,0.002313692,0.999975222,0,nan
1172,1173,sequential,-0.048375380,-0.025696745,0.108143400,0.002462275,0.002735659,0.000623241,0.999993032,0,nan
1173,1174,sequential,-0.054847374,-0.031936955,0.115352936,0.001493169,0.001330030,0.000318243,0.999997950,0,nan
1174,1175,sequential,-0.069907393,-0.042473012,0.114616821,0.000679454,0.000645712,0.002358095,0.999996780,0,nan
1175,1176,sequential,-0.075725493,-0.041736365,0.114526080,0.000965448,-0.008133863,0.034417374,0.999373980,0,nan
1176,1177,sequential,0.003065837,-0.033950967,0.077629026,0.000544844,-0.003591846,0.014613741,0.999886614,0,nan
1177,1178,sequential,-0.039822031,-0.032625065,0.107910329,-0.000560389,0.004165773,-0.018448912,0.999820969,0,nan
1178,1179,sequential,-0.045448858,-0.027023023,0.107423652,0.000576481,0.002523484,-0.013428360,0.999906485,0,nan
1179,1180,sequential,-0.045813872,-0.037680305,0.134442053,0.000982766,0.001964146,-0.009590133,0.999951602,0,nan
1180,1181,sequential,-0.043141506,-0.023202883,0.114473706,0.000253868,0.000744693,-0.006117309,0.999980980,0,nan
1181,1182,sequential,-0.014151899,-0.018418633,0.113487905,0.000510178,-0.000657053,-0.002847831,0.999995599,0,nan
1182,1183,sequential,-0.057995523,-0.026953926,0.115776551,-0.000266289,0.000978415,-0.001406973,0.999998496,0,nan
1183,1184,sequential,-0.014150452,-0.010698804,0.115748844,0.000263427,-0.001188484,-0.001459226,0.999998194,0,nan
1184,1185,sequential,-0.038909587,0.046004876,0.106662354,-0.008178749,0.000580716,-0.005596084,0.999950726,0,nan
1185,1186,sequential,-0.019781337,-0.011933235,0.104248221,-0.018227077,0.001645960,-0.010332595,0.999779127,0,nan
1186,1187,sequential,-0.042773765,-0.031976342,0.105046947,-0.009425792,0.001223563,-0.007641706,0.999925628,0,nan
1187,1188,sequential,-0.037373298,-0.036611328,0.128609889,0.003176065,-0.000616539,-0.000622672,0.999994572,0,nan
1188,1189,sequential,-0.036219848,-0.018581798,0.099965257,0.007410149,-0.000450200,0.000824504,0.999972103,0,nan
1189,1190,sequential,-0.066158372,0.029420467,0.128984364,0.006082030,-0.000362156,0.003813759,0.999974166,0,nan
1190,1191,sequential,-0.026807790,-0.011662368,0.130806973,-0.012427197,0.000312653,0.001911817,0.999920903,0,nan
1191,1192,sequential,-0.033206345,-0.044455103,0.107032263,-0.013076675,0.001338799,-0.003992476,0.999905630,0,nan
1192,1193,sequential,-0.025670220,-0.026292490,0.094606633,-0.002858701,0.000767593,-0.000889690,0.999995224,0,nan
1193,1194,sequential,-0.044617308,0.000948067,0.141395709,-0.003153058,0.001094288,-0.001082363,0.999993845,0,nan
1194,1195,sequential,-0.044533576,0.011030754,0.127048293,-0.000514009,0.001334367,-0.001221870,0.999998231,0,nan
1195,1196,sequential,-0.044306391,-0.005352849,0.126357894,-0.012918900,0.000202052,0.000759938,0.999916238,0,nan
1196,1197,sequential,-0.045868190,-0.058968214,0.113730052,-0.003333225,-0.000517540,0.003832490,0.999986967,0,nan
1197,1198,sequential,-0.056345206,-0.023399393,0.147923591,0.009544119,-0.002160402,0.009044523,0.999911216,0,nan
1198,1199,sequential,-0.046293988,-0.060379586,0.103736714,0.013281882,-0.001662683,0.003833697,0.999903060,0,nan
1199,1200,sequential,-0.043314335,-0.018215915,0.176023140,0.016862217,-0.001535633,0.002939003,0.999852324,0,nan
1200,1201,sequential,-0.047328263,-0.025424181,0.125108312,0.003942447,-0.001163078,0.002565640,0.999988261,0,nan
1201,1202,sequential,-0.043221385,-0.016328337,0.150804165,-0.007941877,-0.000589233,0.001123223,0.999967658,0,nan
1202,1203,sequential,-0.039311122,-0.044576103,0.161597608,-0.015607275,-0.000804983,0.001665711,0.999876488,0,nan
1203,1204,sequential,-0.102276192,-0.143852312,0.435151713,0.005739679,-0.000131509,0.000098007,0.999983514,0,nan
1204,1205,sequential,-0.047975203,-0.054132490,0.190499205,0.008691058,-0.000126095,-0.000394413,0.999962146,0,nan
1205,1206,sequential,-0.143733317,-0.153006930,0.629632323,-0.012863114,-0.013439436,-0.010989568,0.999766548,0,nan
1206,1207,sequential,-0.065270286,-0.158487767,0.495172907,-0.014471620,-0.013811076,-0.006779982,0.999776904,0,nan
1207,1208,sequential,-0.041425680,-0.151817977,0.432152276,0.003507287,-0.011563551,-0.003947846,0.999919196,0,nan
1208,1209,sequential,-0.003318576,-0.147168109,0.413828184,0.012719556,0.000879370,-0.014050790,0.999819991,0,nan
1209,1210,sequential,-0.029059693,-0.092633462,0.268617856,0.022481430,0.002433194,-0.001961850,0.999742375,0,nan
1210,1211,sequential,-0.028188082,-0.118321354,0.351120811,0.004051046,0.004941003,0.000447539,0.999979487,0,nan
1211,1212,sequential,-0.050607274,-0.129868020,0.431563810,-0.015116275,0.005762605,0.015656797,0.999746546,0,nan
1212,1213,sequential,-0.018001077,-0.067111650,0.162482276,-0.026932491,0.000775859,0.003909644,0.999629308,0,nan
1213,1214,sequential,-0.010304419,-0.094322511,0.173921992,-0.021351274,0.001772039,0.002923426,0.999766191,0,nan
1214,1215,sequential,-0.016687944,-0.098744950,0.168410785,-0.004607103,0.003628130,-0.004893103,0.999970834,0,nan
1215,1216,sequential,-0.026970518,-0.097945228,0.159244818,0.008656049,0.003557709,-0.004405536,0.999946502,0,nan
1216,1217,sequential,-0.020231662,-0.058099326,0.181170148,-0.009578129,0.001464882,0.001463943,0.999951984,0,nan
1217,1218,sequential,-0.025596789,-0.160547919,0.209555407,-0.013513935,0.001477993,0.001272753,0.999906780,0,nan
1218,1219,sequential,-0.031137604,-0.127925688,0.180737202,0.033922860,0.001257847,0.004953047,0.999411389,0,nan
1219,1220,sequential,-0.028226251,-0.093716224,0.195981766,0.027951851,0.000548885,0.004940410,0.999596911,0,nan
1220,1221,sequential,-0.027242677,-0.071663176,0.200184791,0.016557159,0.000682146,0.001647224,0.999861331,0,nan
1221,1222,sequential,-0.031772358,-0.083953946,0.236230318,0.009620735,0.000157854,0.001470302,0.999952626,0,nan
1222,1223,sequential,-0.031449096,-0.084944424,0.223700494,0.005314591,0.000193557,0.000583246,0.999985689,0,nan
1223,1224,sequential,-0.025594114,-0.091420968,0.231375224,0.003680355,-0.000243432,0.000356523,0.999993134,0,nan
1224,1225,sequential,-0.036613005,-0.085719762,0.225043909,0.001486300,0.001468210,0.000697677,0.999997574,0,nan
1225,1226,sequential,-0.027939979,-0.076664049,0.234889622,0.001057977,0.000459167,0.000020213,0.999999335,0,nan
1226,1227,sequential,-0.032825875,-0.080991306,0.238100538,0.000735074,0.001259106,0.001012629,0.999998424,0,nan
1227,1228,sequential,-0.027846965,-0.079686384,0.230544325,-0.000132423,0.000846996,-0.000643213,0.999999426,0,nan
1228,1229,sequential,-0.030829892,-0.087064995,0.231949236,0.000207845,0.001619185,0.001169436,0.999997984,0,nan
1229,1230,sequential,-0.030032644,-0.080768716,0.261747823,0.000238182,0.002628865,0.001174846,0.999995826,0,nan
1230,1231,sequential,-0.034710695,-0.076051479,0.212925115,-0.000217318,0.001467768,0.000900093,0.999998494,0,nan
1231,1232,sequential,-0.028083162,-0.073222474,0.227691371,-0.000057783,0.001213072,-0.000643780,0.999999055,0,nan
1232,1233,sequential,-0.032851499,-0.071891604,0.239902686,-0.000002089,0.000777835,0.001194556,0.999998984,0,nan
1233,1234,sequential,-0.026597033,-0.076465432,0.231474323,0.000966336,0.000531113,0.001563660,0.999998170,0,nan
1234,1235,sequential,-0.023041224,-0.050342839,0.242414419,-0.000773742,-0.000293276,-0.000628151,0.999999460,0,nan
1235,1236,sequential,-0.031729994,-0.059222414,0.207931096,-0.000707815,-0.002339041,-0.001409914,0.999996020,0,nan
1236,1237,sequential,-0.019663811,-0.056644376,0.233241894,-0.000643564,-0.003872151,-0.000567622,0.999992135,0,nan
1237,1238,sequential,-0.026030708,-0.059598047,0.222030879,-0.000868991,-0.004429048,-0.001323907,0.999988938,0,nan
1238,1239,sequential,-0.024993188,-0.047551389,0.205330666,0.000740489,-0.003691655,-0.000131649,0.999992903,0,nan
1239,1240,sequential,-0.017386361,-0.057264041,0.209029675,-0.001617197,-0.004131469,-0.001289175,0.999989327,0,nan
1240,1241,sequential,-0.022867731,-0.041413897,0.216851966,0.001674877,-0.002492854,-0.002543228,0.999992256,0,nan
1241,1242,sequential,-0.009483758,-0.055092355,0.227797213,0.000492504,-0.003858049,-0.001029661,0.999991906,0,nan
1242,1243,sequential,-0.013837191,-0.051578416,0.216007825,0.000668364,-0.003569055,-0.001378599,0.999992457,0,nan
1243,1244,sequential,-0.004912514,-0.051953603,0.206090122,0.000064971,-0.002803434,-0.001295973,0.999995228,0,nan
1244,1245,sequential,-0.009241152,-0.051130932,0.220111246,-0.000209457,-0.000869826,-0.000587808,0.999999427,0,nan
1245,1246,sequential,-0.007468771,-0.046904211,0.218777447,-0.000003753,0.000385643,0.000070986,0.999999923,0,nan
1246,1247,sequential,-0.002702181,-0.041610709,0.232571699,0.000011423,0.002708311,0.001226543,0.999995580,0,nan
1247,1248,sequential,-0.007939339,-0.051920094,0.215201367,-0.000744729,0.001619279,0.000294831,0.999998368,0,nan
1248,1249,sequential,-0.008510878,-0.050345222,0.218168110,0.000485124,0.000899938,0.000173997,0.999999462,0,nan
1249,1250,sequential,-0.001193003,-0.053871680,0.218599702,0.000141802,0.000327999,0.000274475,0.999999898,0,nan
1250,1251,sequential,-0.012017694,-0.052622452,0.201901674,-0.000126415,0.002612636,0.001058191,0.999996019,0,nan
1251,1252,sequential,-0.003024293,-0.062359693,0.197334633,-0.000465786,0.003671757,0.000532810,0.999993009,0,nan
1252,1253,sequential,-0.009849018,-0.067491528,0.223979944,0.000227186,0.003685585,0.000617665,0.999992992,0,nan
1253,1254,sequential,-0.010864418,-0.065427604,0.197723713,0.000140996,0.002166560,0.001185171,0.999996941,0,nan
1254,1255,sequential,-0.018299988,-0.065467986,0.195609305,-0.000084037,0.001794600,0.000283957,0.999998346,0,nan
1255,1256,sequential,-0.013190564,-0.068217842,0.190723103,-0.000044999,0.001173288,0.000698261,0.999999067,0,nan
1256,1257,sequential,-0.009813813,-0.076892793,0.186557581,-0.001314274,0.000619597,-0.000458312,0.999998839,0,nan
1257,1258,sequential,-0.009909968,-0.072260540,0.189556113,0.000352146,0.000596344,0.000099122,0.999999755,0,nan
1258,1259,sequential,-0.020711983,-0.074816755,0.198742983,0.000252096,0.002008971,0.000768411,0.999997655,0,nan
1259,1260,sequential,-0.018152499,-0.062807706,0.189705464,-0.000151074,-0.000178787,-0.000667726,0.999999750,0,nan
1260,1261,sequential,-0.017011639,-0.070584606,0.180989679,0.000222822,0.000057204,-0.000911405,0.999999558,0,nan
1261,1262,sequential,-0.023047091,-0.083736891,0.182493586,0.000160152,0.000199020,0.000074269,0.999999965,0,nan
1262,1263,sequential,-0.018179651,-0.061701564,0.178687475,0.002216191,0.001180595,0.000102150,0.999996842,0,nan
1263,1264,sequential,-0.009791229,-0.084248990,0.187760747,-0.000071587,0.000898944,0.000610404,0.999999407,0,nan
1264,1265,sequential,-0.011053105,-0.080076665,0.182537588,-0.000127640,0.002987147,0.001125457,0.999994897,0,nan
1265,1266,sequential,-0.015540359,-0.072291469,0.174691868,-0.001312810,0.002352935,0.002036127,0.999994297,0,nan
1266,1267,sequential,-0.000964986,-0.078510153,0.190574124,-0.001565625,0.002462785,0.002170437,0.999993386,0,nan
1267,1268,sequential,-0.038704044,-0.023840029,0.250524656,-0.006281050,0.004658416,-0.005153695,0.999956143,0,nan
1268,1269,sequential,0.010907944,-0.081739865,0.203406195,-0.017724102,0.005021433,-0.014374820,0.999726966,0,nan
1269,1270,sequential,-0.045733575,-0.119954648,0.152884403,-0.002860601,0.002307739,-0.002249458,0.999990716,0,nan
1270,1271,sequential,-0.069074836,-0.087742207,0.222030361,0.009982771,-0.000673075,0.009515512,0.999904669,0,nan
1271,1272,sequential,-0.032863831,-0.046948415,0.212748135,0.004397255,-0.002088967,0.006908165,0.999964288,0,nan
1272,1273,sequential,-0.021749598,-0.105927738,0.202764873,-0.001436508,-0.002816142,0.002747790,0.999991228,0,nan
1273,1274,sequential,-0.061357235,-0.083213508,0.213051769,0.002066938,-0.003260636,0.001301233,0.999991701,0,nan
1274,1275,sequential,-0.044058088,-0.071913823,0.220015128,0.006628486,-0.003473196,-0.004192975,0.999963209,0,nan
1275,1276,sequential,-0.061093273,-0.075516166,0.222369003,0.004658165,-0.003065052,-0.006157760,0.999965494,0,nan
1276,1277,sequential,0.007267007,-0.065750843,0.216234992,0.003356140,-0.007509453,0.000806471,0.999965846,0,nan
1277,1278,sequential,-0.010556524,-0.056341102,0.232456507,0.000143817,-0.007602297,0.001794066,0.999969482,0,nan
1278,1279,sequential,-0.072158834,-0.082304584,0.236801613,-0.000051032,-0.005710879,0.000710054,0.999983439,0,nan
1279,1280,sequential,-0.067709392,-0.057777860,0.253680437,0.000042530,-0.005092390,-0.000527428,0.999986894,0,nan
1280,1281,sequential,-0.048263523,-0.053055521,0.225736182,0.000195993,-0.004899585,-0.000265829,0.999987942,0,nan
1281,1282,sequential,-0.016793838,-0.038763638,0.244215120,0.000291614,-0.004164754,-0.001737215,0.999989776,0,nan
1282,1283,sequential,0.009327225,-0.006788703,0.217879156,0.000232855,-0.004881980,-0.001186181,0.999987352,0,nan
1283,1284,sequential,0.003531030,-0.007285478,0.226611755,-0.005459644,-0.004715419,-0.000434357,0.999973884,0,nan
1284,1285,sequential,-0.020819422,-0.012110394,0.238107363,-0.005890494,-0.002993425,-0.001649204,0.999976811,0,nan
1285,1286,sequential,-0.001516784,-0.004376281,0.249973823,-0.000887823,-0.002739359,-0.001649707,0.999994493,0,nan
1286,1287,sequential,0.011488827,0.052399284,0.251981185,0.006387534,-0.002883340,0.000271697,0.999975406,0,nan
1287,1288,sequential,-0.017415436,0.071800113,0.273320240,-0.000420877,-0.002212182,0.000359673,0.999997400,0,nan
1288,1289,sequential,-0.040150068,-0.005054062,0.218986782,-0.001840958,-0.000691076,-0.000021440,0.999998066,0,nan
1289,1290,sequential,-0.051111063,0.027634933,0.232605297,-0.002027240,-0.000153123,-0.000407419,0.999997850,0,nan
1290,1291,sequential,0.057953157,0.046533289,0.209231318,0.001446828,-0.003345568,0.000286671,0.999993316,0,nan
1291,1292,sequential,-0.031493347,0.052661845,0.264372335,0.003203282,-0.000433900,0.000542146,0.999994628,0,nan
1292,1293,sequential,-0.023373653,0.047820407,0.232352833,0.001359226,0.000514635,-0.000536742,0.999998800,0,nan
1293,1294,sequential,0.014241517,0.043340461,0.239141505,0.000516739,-0.000007927,-0.000041568,0.999999866,0,nan
1294,1295,sequential,-0.005899205,0.063165558,0.241485396,-0.005102358,0.000875306,0.000496090,0.999986477,0,nan
1295,1296,sequential,-0.026697121,0.021799280,0.219695784,-0.006788615,0.001950397,0.002209030,0.999972615,0,nan
1296,1297,sequential,-0.001736661,-0.004946320,0.210434462,0.000220456,0.002812414,-0.000898539,0.999995617,0,nan
1297,1298,sequential,-0.001208761,-0.000979301,0.201785959,0.006899617,0.002154399,0.001161444,0.999973202,0,nan
1298,1299,sequential,-0.004044294,-0.015101387,0.190646594,0.003821327,0.003689675,0.000169314,0.999985877,0,nan
1299,1300,sequential,-0.000211414,-0.016794926,0.214245998,0.002677738,0.004238459,0.001680252,0.999986021,0,nan
1300,1301,sequential,-0.015593221,-0.018902788,0.179642401,0.001299080,0.005470064,0.000767268,0.999983901,0,nan
1301,1302,sequential,-0.003420675,-0.026665334,0.192358224,0.000398492,0.002757922,-0.000180653,0.999996101,0,nan
1302,1303,sequential,-0.014893081,-0.028777534,0.178084589,0.001299382,0.003267807,0.000845884,0.999993459,0,nan
1303,1304,sequential,0.008135602,-0.021124691,0.194520909,0.000735097,0.001642445,0.001176452,0.999997689,0,nan
1304,1305,sequential,-0.025161872,-0.051796587,0.183809788,0.008246194,0.002302912,0.000505719,0.999963220,0,nan
1305,1306,sequential,-0.017270141,-0.029426425,0.188047001,0.014040999,0.001286349,0.000658058,0.999900376,0,nan
1306,1307,sequential,-0.015216504,0.035221102,0.201995872,0.007660763,0.001219048,0.000001615,0.999969913,0,nan
1307,1308,sequential,-0.022266194,-0.006346744,0.178205839,0.002399872,0.001303814,-0.000442997,0.999996172,0,nan
1308,1309,sequential,-0.004674196,0.025871843,0.203558143,-0.001448823,0.000361263,-0.000434036,0.999998791,0,nan
1309,1310,sequential,-0.031063216,0.017518665,0.179334446,-0.010387338,-0.000617936,0.000479279,0.999945744,0,nan
1310,1311,sequential,-0.007797283,-0.018812876,0.148070673,-0.008682848,-0.004497061,-0.000675092,0.999951963,0,nan
1311,1312,sequential,0.003587540,-0.037272369,0.168058061,-0.003874087,-0.005576634,-0.006151968,0.999958022,0,nan
1312,1313,sequential,0.019902046,-0.048672765,0.127178560,0.002054653,-0.008684166,-0.009261550,0.999917290,0,nan
1313,1314,sequential,0.004412979,-0.045194900,0.178481740,0.005313015,-0.008276162,-0.010585934,0.999895602,0,nan
1314,1315,sequential,0.008667223,-0.010192349,0.139875217,0.006805500,-0.010364407,-0.004555731,0.999912751,0,nan
1315,1316,sequential,0.009568517,0.008236191,0.161367541,0.001601607,-0.011637809,0.003438110,0.999925085,0,nan
1316,1317,sequential,0.000997416,-0.041093424,0.144642399,-0.005776471,-0.011862063,0.004255482,0.999903903,0,nan
1317,1318,sequential,-0.010797478,-0.049118030,0.121989884,-0.005669490,-0.011785462,0.001006342,0.999913970,0,nan
1318,1319,sequential,0.013959940,-0.057596073,0.125264061,-0.002793247,-0.014125246,-0.000074210,0.999896329,0,nan
1319,1320,sequential,0.005257449,-0.049142120,0.135619255,-0.002881373,-0.014321610,-0.002770667,0.999889450,0,nan
1320,1321,sequential,-0.009568554,-0.053396453,0.136390450,-0.002394736,-0.013500876,-0.002630553,0.999902531,0,nan
1321,1322,sequential,0.015979307,-0.063755357,0.149705687,-0.001931840,-0.014408451,-0.004211979,0.999885455,0,nan
1322,1323,sequential,0.007891382,-0.062765559,0.139644357,-0.001237509,-0.015184222,-0.005197461,0.999870439,0,nan
1323,1324,sequential,0.010174636,-0.074400631,0.103521175,0.000361966,-0.015520880,-0.004528390,0.999869224,0,nan
1324,1325,sequential,0.023573813,-0.063216641,0.119792821,-0.000078031,-0.014380964,-0.004719269,0.999885449,0,nan
1325,1326,sequential,0.019862107,-0.061163287,0.118307960,-0.000443442,-0.014200067,-0.004798758,0.999887560,0,nan
1326,1327,sequential,0.014556214,-0.057491206,0.132524889,-0.002323355,-0.014103687,-0.004259035,0.999888768,0,nan
1327,1328,sequential,0.044083854,-0.041128925,0.136226003,-0.004739764,-0.013439354,-0.004867755,0.999886605,0,nan
1328,1329,sequential,0.072802002,-0.066410369,0.114652433,-0.004730366,-0.012376994,-0.004129574,0.999903686,0,nan
1329,1330,sequential,0.071524130,-0.043651362,0.121573858,-0.004570407,-0.009447175,-0.003405785,0.999939130,0,nan
1330,1331,sequential,0.049389390,-0.064294019,0.126499382,-0.001888771,-0.006140766,-0.002539443,0.999976137,0,nan
1331,1332,sequential,0.049844370,-0.020140445,0.128527019,0.003297643,-0.004650920,-0.003150816,0.999978783,0,nan
1332,1333,sequential,0.119432230,-0.027063164,0.139877802,-0.000862513,-0.005648312,-0.001275964,0.999982862,0,nan
1333,1334,sequential,0.063075843,-0.030393457,0.124767470,0.006305120,-0.003706648,-0.000254034,0.999973220,0,nan
1334,1335,sequential,0.032689031,-0.025097442,0.143827170,0.003515314,-0.001137819,-0.000124256,0.999993166,0,nan
1335,1336,sequential,0.043318067,-0.011338432,0.146923277,0.003228501,-0.001017723,0.000164719,0.999994257,0,nan
1336,1337,sequential,0.045710443,-0.026107248,0.125268101,0.002509147,-0.000537321,-0.000280201,0.999996668,0,nan
1337,1338,sequential,0.036334855,-0.006939412,0.148014958,0.001856271,0.001945988,-0.005863875,0.999979191,0,nan
1338,1339,sequential,0.030827612,-0.004373552,0.141048154,0.001092894,0.001381439,-0.003390386,0.999992701,0,nan
1339,1340,sequential,0.016261475,-0.010192394,0.150188732,0.000774768,0.001035409,-0.002531897,0.999995959,0,nan
1340,1341,sequential,0.005431874,-0.016428871,0.140384065,-0.000023603,-0.000567709,-0.001969776,0.999997899,0,nan
1341,1342,sequential,0.029848599,-0.007745972,0.149408144,0.000153807,-0.003408539,-0.003156099,0.999989199,0,nan
1342,1343,sequential,0.028107896,0.004654912,0.147861355,0.001696095,-0.003699209,-0.009672195,0.999944942,0,nan
1343,1344,sequential,0.022846224,-0.003290331,0.125788890,-0.000167539,-0.005603452,-0.006979161,0.999959931,0,nan
1344,1345,sequential,0.022661881,0.018273954,0.135340947,0.001580706,-0.005124857,-0.011009497,0.999925011,0,nan
1345,1346,sequential,0.017952852,0.019707333,0.159319008,0.001392940,-0.007275184,-0.007290250,0.999945990,0,nan
1346,1347,sequential,0.014341739,0.025960872,0.139600404,0.000934426,-0.008885915,-0.001022396,0.999959560,0,nan
1347,1348,sequential,0.012736585,0.022742664,0.141736364,0.001860939,-0.011170886,0.009447995,0.999891236,0,nan
1348,1349,sequential,0.014951341,0.012852189,0.127878811,-0.000276128,-0.012297842,0.010642687,0.999867701,0,nan
1349,1350,sequential,0.021116147,-0.013316962,0.126386239,0.000195327,-0.011306699,0.006083142,0.999917554,0,nan
1350,1351,sequential,0.023726988,-0.015270378,0.117612874,-0.000072515,-0.008836126,0.003751457,0.999953921,0,nan
1351,1352,sequential,0.024801864,-0.000405418,0.129065234,-0.001300756,-0.006677605,0.001572505,0.999975622,0,nan
1352,1353,sequential,0.015680417,-0.010437134,0.130093764,-0.005738398,-0.005142694,0.000514564,0.999970179,0,nan
1353,1354,sequential,0.023636340,-0.019667510,0.125534345,-0.004003750,-0.005506444,-0.001959954,0.999974904,0,nan
1354,1355,sequential,0.023849250,-0.013668331,0.129602845,0.001896581,-0.004778465,-0.000848148,0.999986425,0,nan
1355,1356,sequential,0.014625714,0.005868205,0.124740810,0.000318382,-0.004366031,-0.000683049,0.999990185,0,nan
1356,1357,sequential,0.017535507,-0.007900193,0.139151082,-0.006098180,-0.004976163,-0.001010082,0.999968514,0,nan
1357,1358,sequential,0.022617945,-0.011329454,0.119456383,-0.003508033,-0.004780752,-0.001283469,0.999981595,0,nan
1358,1359,sequential,0.018541780,-0.009518057,0.119893442,-0.004251293,-0.003557168,-0.001544597,0.999983444,0,nan
1359,1360,sequential,0.022373422,-0.017298505,0.131340272,-0.000205464,-0.002630178,-0.004221791,0.999987608,0,nan
1360,1361,sequential,0.023724061,-0.001117895,0.136385714,0.000565651,-0.001209288,-0.007221621,0.999973033,0,nan
1361,1362,sequential,0.018604748,0.009045825,0.142227193,-0.002355379,-0.001104778,-0.003565658,0.999990259,0,nan
1362,1363,sequential,0.024482555,-0.017510543,0.145318472,-0.002810007,-0.001978761,0.004250720,0.999985060,0,nan
1363,1364,sequential,0.013163187,-0.000290298,0.129758311,-0.002917627,-0.002265227,0.002329504,0.999990465,0,nan
1364,1365,sequential,0.025404261,-0.021972964,0.152724574,-0.004083821,-0.002176410,0.001544344,0.999988100,0,nan
1365,1366,sequential,0.027355157,-0.014103610,0.148076072,-0.000853054,-0.001905359,0.001004845,0.999997316,0,nan
1366,1367,sequential,0.021419538,-0.020102181,0.153080437,-0.001125657,-0.001821016,0.000924839,0.999997281,0,nan
1367,1368,sequential,0.015902200,-0.011714798,0.164886516,-0.002997237,-0.001264788,-0.000504342,0.999994581,0,nan
1368,1369,sequential,0.028510318,-0.015584031,0.153176111,-0.011489577,-0.000646004,-0.003385560,0.999928053,0,nan
1369,1370,sequential,0.019906870,-0.030988956,0.155816856,-0.008493588,0.000703107,-0.003424687,0.999957817,0,nan
1370,1371,sequential,0.019748753,-0.017302288,0.157157699,-0.001664208,-0.000309069,0.000715748,0.999998311,0,nan
1371,1372,sequential,0.010556872,-0.031177240,0.162081867,-0.002063409,-0.000305571,0.002042127,0.999995739,0,nan
1372,1373,sequential,-0.003219096,-0.035277701,0.174913837,-0.003532053,0.000930072,0.001145550,0.999992674,0,nan
1373,1374,sequential,0.011745945,-0.027319178,0.170482613,-0.001915144,0.000792155,0.001000989,0.999997351,0,nan
1374,1375,sequential,0.021710383,-0.044708465,0.172012179,-0.002190502,0.000022509,0.001276015,0.999996786,0,nan
1375,1376,sequential,0.005708191,-0.038284589,0.183391368,-0.003582343,0.001040406,0.000453362,0.999992939,0,nan
1376,1377,sequential,0.010719422,-0.035089979,0.183327001,-0.015911164,0.002477457,-0.001013423,0.999869827,0,nan
1377,1378,sequential,0.015031781,-0.089348026,0.184493081,-0.011633705,0.001189188,-0.000618429,0.999931428,0,nan
1378,1379,sequential,0.011202671,-0.093646073,0.191154306,0.007815535,0.001308818,-0.000227989,0.999968576,0,nan
1379,1380,sequential,0.012470514,-0.068981281,0.198164673,0.016446365,0.000467374,0.003353926,0.999859015,0,nan
1380,1381,sequential,0.005825226,-0.055786071,0.206745007,-0.000804357,0.001080792,0.001195543,0.999998378,0,nan
1381,1382,sequential,0.005581160,-0.078701047,0.211232394,0.001184304,0.000588288,0.001023644,0.999998602,0,nan
1382,1383,sequential,0.012483809,-0.062303099,0.206933566,-0.000870395,0.000645681,-0.000061731,0.999999411,0,nan
1383,1384,sequential,0.005054525,-0.059364090,0.196973278,-0.009810650,0.000477046,0.001066933,0.999951191,0,nan
1384,1385,sequential,0.012271250,-0.096478632,0.201465080,-0.015228959,0.000194372,0.000521241,0.999883878,0,nan
1385,1386,sequential,0.007137869,-0.128957789,0.231214169,-0.002815696,0.001188369,-0.004184745,0.999986574,0,nan
1386,1387,sequential,0.005031493,-0.141487758,0.241959522,0.012164231,-0.000908940,0.000626945,0.999925403,0,nan
1387,1388,sequential,0.002569511,-0.110962650,0.244902511,0.020868389,-0.000326831,0.001189107,0.999781471,0,nan
1388,1389,sequential,0.006134726,-0.097647482,0.242883009,0.010127813,-0.000335099,0.000147442,0.999948645,0,nan
1389,1390,sequential,-0.000480167,-0.123838541,0.259649060,0.016412729,-0.001235263,-0.000090574,0.999864535,0,nan
1390,1391,sequential,0.012481976,-0.095976168,0.252487914,0.020826639,-0.000983865,0.000766320,0.999782324,0,nan
1391,1392,sequential,0.004051294,-0.079956592,0.260487837,0.012841817,-0.000908892,0.000173956,0.999917112,0,nan
1392,1393,sequential,0.010860202,-0.086742829,0.261691760,0.007353837,-0.001079179,-0.000358978,0.999972313,0,nan
1393,1394,sequential,-0.010291132,-0.080903174,0.261305931,0.005123087,0.000090013,0.000599903,0.999986693,0,nan
1394,1395,sequential,0.007465330,-0.088086390,0.259916700,0.002383746,-0.000827843,-0.000710358,0.999996564,0,nan
1395,1396,sequential,0.001091504,-0.081114113,0.247676368,-0.000122715,-0.000065940,-0.000668319,0.999999767,0,nan
1396,1397,sequential,0.024842670,-0.090888359,0.242582788,0.000528305,-0.001140625,-0.000749661,0.999998929,0,nan
1397,1398,sequential,0.007295947,-0.089080877,0.243143554,-0.000603376,-0.000545527,-0.000813416,0.999999338,0,nan
1398,1399,sequential,0.014894222,-0.088382440,0.231780161,-0.000120984,-0.000361588,-0.001201233,0.999999206,0,nan
1399,1400,sequential,0.009635605,-0.081051667,0.239731202,-0.000498687,0.000048375,-0.000729843,0.999999608,0,nan
1400,1401,sequential,0.010579803,-0.084000055,0.222795352,0.000597584,0.000191156,-0.000196717,0.999999784,0,nan
1401,1402,sequential,0.009965112,-0.086590442,0.213678282,-0.001710221,0.000046941,0.000071366,0.999998534,0,nan
1402,1403,sequential,-0.002436011,-0.089903243,0.244841269,-0.001494255,0.000734504,-0.000421354,0.999998525,0,nan
1403,1404,sequential,0.018914551,-0.070637427,0.213497193,0.000573245,-0.000657794,-0.000553121,0.999999466,0,nan
1404,1405,sequential,0.022641847,-0.065341885,0.251448479,-0.000177887,-0.000953616,0.000370376,0.999999461,0,nan
1405,1406,sequential,0.032061900,-0.062815663,0.228093855,0.000981792,-0.000669781,-0.000061977,0.999999292,0,nan
1406,1407,sequential,-0.011206401,-0.066140786,0.231552034,-0.000191046,0.001031778,0.000174887,0.999999434,0,nan
1407,1408,sequential,-0.007352539,-0.060594897,0.233170707,0.000084689,0.000042303,0.000223816,0.999999970,0,nan
1408,1409,sequential,-0.018073529,-0.057476525,0.231769803,-0.001730933,-0.000646964,-0.001343470,0.999997390,0,nan
1409,1410,sequential,0.007082667,-0.061750611,0.220883728,0.001540432,-0.003749768,-0.000463685,0.999991676,0,nan
1410,1411,sequential,0.023637780,-0.060590741,0.236631380,0.000103898,-0.002721111,-0.001416906,0.999995289,0,nan
1411,1412,sequential,0.003505925,-0.052030926,0.221298002,0.000642979,-0.002575159,-0.001116659,0.999995854,0,nan
1412,1413,sequential,0.009003178,-0.043527386,0.219746253,-0.000166975,-0.002138980,-0.000089737,0.999997694,0,nan
1413,1414,sequential,0.004747816,-0.048544408,0.224882221,-0.001981241,-0.001527733,-0.000630167,0.999996672,0,nan
1414,1415,sequential,0.012202105,-0.049891675,0.217021291,-0.000654219,-0.002095752,-0.000375485,0.999997519,0,nan
1415,1416,sequential,0.005257923,-0.052152261,0.206156118,-0.000606332,-0.001932685,-0.000457666,0.999997844,0,nan
1416,1417,sequential,0.001365776,-0.039930252,0.217640370,0.000150117,-0.000405836,-0.000376067,0.999999836,0,nan
1417,1418,sequential,0.000029232,-0.022771929,0.198602106,-0.002597689,-0.000337187,-0.000737929,0.999996297,0,nan
1418,1419,sequential,0.010280016,-0.042527055,0.211674059,-0.013472142,-0.000125820,0.000140689,0.999909229,0,nan
1419,1420,sequential,0.011146478,-0.050497200,0.215127543,0.002977429,-0.000488658,0.000476932,0.999995334,0,nan
1420,1421,sequential,-0.001514825,-0.030068349,0.213001410,0.005448213,0.000122213,-0.000343963,0.999985092,0,nan
1421,1422,sequential,0.003758100,-0.018052190,0.209303493,0.003385989,-0.000133133,-0.000649189,0.999994048,0,nan
1422,1423,sequential,-0.002726406,-0.023548050,0.211825039,0.001719588,0.000479431,0.000914677,0.999997988,0,nan
1423,1424,sequential,0.006300475,-0.014346174,0.226835425,0.000388162,-0.002750118,-0.000961740,0.999995681,0,nan
1424,1425,sequential,0.001103313,-0.024782821,0.221889877,0.000532357,-0.001933092,-0.000488330,0.999997871,0,nan
1425,1426,sequential,-0.002478414,-0.003800071,0.206763570,0.000674322,-0.002917887,-0.004154206,0.999986887,0,nan
1426,1427,sequential,0.036206035,-0.021810857,0.225176198,0.001148269,0.002746300,-0.015928429,0.999868704,0,nan
1427,1428,sequential,-0.029579788,-0.010523604,0.196435975,0.001860744,0.001707191,-0.006064000,0.999978425,0,nan
1428,1429,sequential,-0.030994161,-0.014920466,0.223821862,0.000381840,-0.000847301,0.004235610,0.999990598,0,nan
1429,1430,sequential,-0.004241359,-0.017306487,0.194438100,-0.001242710,-0.003456314,0.009960721,0.999943645,0,nan
1430,1431,sequential,-0.005537493,-0.026996952,0.208257945,0.000342618,-0.002303001,0.005329821,0.999983086,0,nan
1431,1432,sequential,-0.009639088,-0.019120772,0.193537282,-0.002200768,-0.001504358,0.004363203,0.999986928,0,nan
1432,1433,sequential,-0.013576577,-0.035064063,0.200450919,-0.001255580,-0.000242958,0.000735103,0.999998912,0,nan
1433,1434,sequential,0.000146113,-0.035735673,0.189759079,-0.001746530,0.001729149,0.001350184,0.999996068,0,nan
1434,1435,sequential,-0.013937220,-0.049284266,0.191263978,-0.000264619,0.002202910,0.001159589,0.999996866,0,nan
1435,1436,sequential,-0.014952647,-0.044416493,0.198777419,-0.000120035,0.001498193,0.000785536,0.999998562,0,nan
1436,1437,sequential,-0.019729064,-0.045898406,0.186546659,-0.000768797,0.001155245,0.000045399,0.999999036,0,nan
1437,1438,sequential,-0.016883917,-0.057664468,0.184411486,-0.000385965,0.000496859,-0.000853048,0.999999438,0,nan
1438,1439,sequential,-0.010678535,-0.057809978,0.176396088,-0.000462326,0.001019687,-0.000425259,0.999999283,0,nan
1439,1440,sequential,-0.027284191,-0.065394613,0.191273085,-0.000294552,0.000729916,-0.000531000,0.999999549,0,nan
1440,1441,sequential,-0.026600593,-0.063575337,0.175033656,-0.000568100,-0.000232773,0.000054744,0.999999810,0,nan
1441,1442,sequential,-0.011415709,-0.063408185,0.174067837,-0.000969563,-0.001092058,-0.000709530,0.999998682,0,nan
1442,1443,sequential,-0.028499389,-0.072609403,0.183836319,0.000114929,-0.000492035,-0.000705966,0.999999623,0,nan
1443,1444,sequential,-0.019562896,-0.066377618,0.179184679,0.000971292,-0.001031049,-0.000295242,0.999998953,0,nan
1444,1445,sequential,-0.017261530,-0.066369024,0.177103995,-0.000439063,-0.001179908,-0.000380586,0.999999135,0,nan
1445,1446,sequential,-0.016146163,-0.073190606,0.182749168,0.000375744,-0.000989334,-0.000719037,0.999999182,0,nan
1446,1447,sequential,-0.016509599,-0.072935284,0.172498028,0.000573334,-0.001338627,-0.000523906,0.999998802,0,nan
1447,1448,sequential,-0.021070062,-0.072244154,0.168212744,0.000219918,-0.000883623,-0.000150264,0.999999574,0,nan
1448,1449,sequential,-0.020363458,-0.075863313,0.169108170,0.000201980,-0.000814307,-0.000141376,0.999999638,0,nan
1449,1450,sequential,-0.023894425,-0.068908157,0.171278125,0.000268025,-0.000318078,-0.000905020,0.999999504,0,nan
1450,1451,sequential,-0.020338259,-0.075196272,0.172164096,0.000845913,-0.000369666,-0.000028101,0.999999573,0,nan
1451,1452,sequential,-0.010846317,-0.083783406,0.174386473,-0.000804566,-0.000255866,-0.000029908,0.999999643,0,nan
1452,1453,sequential,-0.027719551,-0.074914947,0.178560724,-0.000256636,0.000759318,-0.000412846,0.999999594,0,nan
1453,1454,sequential,-0.026087822,-0.074034149,0.162215568,0.000364558,-0.000342001,0.000997130,0.999999378,0,nan
1454,1455,sequential,-0.020195070,-0.080664432,0.170715837,0.000064518,0.000269379,-0.000513864,0.999999830,0,nan
1455,1456,sequential,-0.019743122,-0.088101085,0.179470240,0.000369257,-0.000417200,-0.000112751,0.999999838,0,nan
1456,1457,sequential,-0.027193039,-0.070461273,0.160663999,-0.000033508,0.000165809,0.000211744,0.999999963,0,nan
1457,1458,sequential,-0.021947121,-0.072652169,0.160567721,-0.000345847,-0.000029719,0.000147974,0.999999929,0,nan
1458,1459,sequential,-0.026851005,-0.040622038,0.151227963,-0.007897106,0.000164165,0.000531574,0.999968663,0,nan
1459,1460,sequential,-0.026654749,-0.100873281,0.169972483,-0.021413103,-0.000374888,-0.001370547,0.999769704,0,nan
1460,1461,sequential,-0.026382929,-0.103901310,0.197668717,-0.011867579,-0.000375985,0.000023170,0.999929507,0,nan
1461,1462,sequential,-0.013115048,-0.067956208,0.181501744,-0.003985133,-0.000885858,0.000554399,0.999991513,0,nan
1462,1463,sequential,-0.021075426,-0.108488932,0.194585493,-0.009654720,-0.000429298,-0.000602747,0.999953118,0,nan
1463,1464,sequential,-0.025777230,-0.107509971,0.188589598,-0.004967484,-0.000130911,0.000009333,0.999987653,0,nan
1464,1465,sequential,-0.028884472,-0.112728947,0.175383891,0.006153968,-0.000342085,0.000655762,0.999980791,0,nan
1465,1466,sequential,-0.025725335,-0.119964628,0.178437688,0.009693680,-0.000114980,-0.000296064,0.999952965,0,nan
1466,1467,sequential,-0.033793975,-0.097428815,0.182959917,0.018032418,-0.000406852,-0.000225741,0.999837294,0,nan
1467,1468,sequential,-0.028435822,-0.079645936,0.180105131,0.010791581,-0.000909916,-0.000172127,0.999941340,0,nan
1468,1469,sequential,-0.026861821,-0.088006728,0.188231336,0.007683607,-0.001170324,-0.000431226,0.999969703,0,nan
1469,1470,sequential,-0.026340855,-0.087258404,0.186408543,0.003786013,-0.001350398,-0.000768876,0.999991626,0,nan
1470,1471,sequential,-0.033377360,-0.073360849,0.178622682,0.003028797,-0.000962478,-0.000366328,0.999994883,0,nan
1471,1472,sequential,-0.025887968,-0.085259297,0.191343006,0.000822333,-0.001609198,-0.000002381,0.999998367,0,nan
1472,1473,sequential,-0.027707832,-0.075267300,0.178053416,0.000521998,-0.001496292,-0.000548046,0.999998594,0,nan
1473,1474,sequential,-0.022880203,-0.076277243,0.189382804,-0.000512493,-0.001280400,-0.000473400,0.999998937,0,nan
1474,1475,sequential,-0.023489163,-0.086730888,0.198522743,0.000035545,-0.001441286,-0.001155104,0.999998294,0,nan
1475,1476,sequential,-0.020100410,-0.083187371,0.194002130,0.001830144,-0.001276072,-0.000160441,0.999997498,0,nan
1476,1477,sequential,-0.019617236,-0.075387583,0.191974289,0.000040958,-0.001058425,-0.000762161,0.999999149,0,nan
1477,1478,sequential,-0.021209809,-0.073828817,0.191943963,0.000521596,-0.001163742,-0.000177477,0.999999171,0,nan
1478,1479,sequential,-0.009041201,-0.079722559,0.213551531,0.000649838,-0.000789012,-0.001070064,0.999998905,0,nan
1479,1480,sequential,-0.022622073,-0.070805794,0.186173137,0.000102529,-0.000471657,-0.001043284,0.999999339,0,nan
1480,1481,sequential,-0.012775080,-0.071331871,0.196372724,-0.000454833,-0.000777750,-0.000866774,0.999999218,0,nan
1481,1482,sequential,-0.015668271,-0.067504491,0.193212265,-0.000154069,0.000286590,-0.001812881,0.999998304,0,nan
1482,1483,sequential,-0.014448075,-0.070271519,0.180213676,-0.000406667,-0.000495569,-0.000400406,0.999999714,0,nan
1483,1484,sequential,-0.007721466,-0.062477064,0.195731284,0.001191961,-0.000554337,0.000436406,0.999999041,0,nan
1484,1485,sequential,-0.023111161,-0.065136416,0.160376818,-0.000151383,0.000494563,0.000814491,0.999999535,0,nan
1485,1486,sequential,-0.007233151,-0.055167209,0.182797798,0.000656751,-0.000320221,0.000993879,0.999999239,0,nan
1486,1487,sequential,-0.002111925,-0.053569778,0.162794772,-0.000283703,-0.001314226,-0.000385271,0.999999022,0,nan
1487,1488,sequential,-0.022938654,-0.052898541,0.165965555,-0.000194117,0.000863198,0.000241993,0.999999579,0,nan
1488,1489,sequential,-0.039336977,-0.035732263,0.174102921,0.000582002,0.001657739,-0.000313915,0.999998407,0,nan
1489,1490,sequential,-0.023111676,-0.041050166,0.183368360,-0.000556977,-0.000246220,0.000638493,0.999999611,0,nan
1490,1491,sequential,-0.009510671,-0.023632973,0.186456063,0.001135319,-0.001026377,0.000032696,0.999998828,0,nan
1491,1492,sequential,-0.028825522,-0.014698605,0.136787621,-0.000402838,0.000205582,-0.000953013,0.999999444,0,nan
1492,1493,sequential,-0.093089565,-0.010819529,0.108476637,-0.000009406,0.000739915,-0.000738903,0.999999453,0,nan
1493,1494,sequential,-0.039164584,0.003076130,0.137270418,-0.003484288,-0.000631385,-0.000479318,0.999993616,0,nan
1494,1495,sequential,-0.089447123,-0.044479253,0.161562317,-0.012335464,0.000421443,-0.000267747,0.999923791,0,nan
1495,1496,sequential,-0.063597921,-0.034999946,0.163014865,-0.001730374,-0.000304726,-0.000227056,0.999998431,0,nan
1496,1497,sequential,-0.016013072,0.025985392,0.219070505,-0.006440905,-0.000702584,-0.000761805,0.999978720,0,nan
1497,1498,sequential,-0.029745003,0.018097339,0.209386657,-0.008371608,-0.001013531,-0.001265852,0.999963643,0,nan
1498,1499,sequential,-0.019942883,-0.051336987,0.185192650,-0.011369529,-0.000376352,-0.000297487,0.999935250,0,nan
1499,1500,sequential,-0.019440917,-0.042435770,0.192388974,-0.004899815,-0.001074716,0.001697280,0.999985978,0,nan
1500,1501,sequential,-0.021598747,-0.063663477,0.212021988,-0.002433172,0.000180036,0.000285832,0.999996983,0,nan
1501,1502,sequential,-0.026862010,-0.045510777,0.224089043,0.006134473,0.000507399,0.000894414,0.999980655,0,nan
1502,1503,sequential,-0.056928176,-0.041865967,0.203693285,0.010575422,0.002352771,0.000439304,0.999941214,0,nan
1503,1504,sequential,-0.056026379,-0.041356741,0.188449210,0.008065768,0.001780405,0.000125405,0.999965878,0,nan
1504,1505,sequential,-0.013716344,-0.011317593,0.200041654,0.000458129,-0.000032424,-0.000279103,0.999999856,0,nan
1505,1506,sequential,-0.038058438,-0.017842444,0.200996772,-0.002274466,0.000253011,0.000525228,0.999997243,0,nan
1506,1507,sequential,0.004527123,-0.028387926,0.236931480,-0.004983214,-0.000996597,0.002066925,0.999984951,0,nan
1507,1508,sequential,-0.018767025,-0.055066406,0.257008605,-0.003086138,0.001724032,-0.002729024,0.999990028,0,nan
1508,1509,sequential,-0.041686612,-0.041844332,0.207613923,0.004836955,0.000353872,0.000520367,0.999988104,0,nan
1509,1510,sequential,-0.028081634,-0.064565154,0.191433959,0.002657434,-0.000982073,0.005483487,0.999980952,0,nan
1510,1511,sequential,-0.022318362,-0.059953384,0.222198534,0.007224857,0.000200945,0.002569179,0.999970580,0,nan
1511,1512,sequential,-0.043311444,-0.039257543,0.188431263,0.002118610,0.001098373,-0.000434947,0.999997058,0,nan
1512,1513,sequential,-0.042860060,-0.046334311,0.197416968,-0.004267045,-0.002293670,0.010882024,0.999929054,0,nan
1513,1514,sequential,-0.025559058,-0.069740448,0.200882872,-0.013107835,-0.003264152,0.013245536,0.999821027,0,nan
1514,1515,sequential,-0.030237518,-0.085358652,0.206362642,-0.010462289,-0.002908969,0.013038378,0.999856029,0,nan
1515,1516,sequential,-0.024983895,-0.088178950,0.190209461,-0.005064436,-0.002591823,0.009628083,0.999937465,0,nan
1516,1517,sequential,-0.026402465,-0.131018077,0.181473014,0.001063223,0.002495340,-0.007471517,0.999968409,0,nan
1517,1518,sequential,-0.033030791,-0.083152276,0.215559136,0.009333951,0.003614037,-0.009646595,0.999903375,0,nan
1518,1519,sequential,-0.011577661,-0.111692210,0.235751447,0.012931559,-0.006672586,0.028719727,0.999481580,0,nan
1519,1520,sequential,0.022995771,-0.099586644,0.200241968,0.013807238,0.001193668,-0.003837561,0.999896599,0,nan
1520,1521,sequential,-0.006210567,-0.080346018,0.222101251,0.005765822,0.007776827,-0.025829454,0.999619485,0,nan
1521,1522,sequential,-0.007504527,-0.069296727,0.196090204,0.003307003,0.004475711,-0.016100701,0.999854889,0,nan
1522,1523,sequential,-0.000836627,-0.070503436,0.190836406,0.003152071,0.004026755,-0.010166264,0.999935246,0,nan
1523,1524,sequential,0.006040648,-0.081023365,0.207892434,0.001737894,0.002461673,-0.005595883,0.999979803,0,nan
1524,1525,sequential,-0.008940514,-0.102261277,0.206342694,-0.000485100,0.002496894,-0.003366159,0.999991100,0,nan
1525,1526,sequential,-0.012709472,-0.083061128,0.207822335,0.000666058,0.001674318,-0.000853550,0.999998012,0,nan
1526,1527,sequential,-0.004549977,-0.086638509,0.207708033,-0.000814872,0.001394587,-0.001117636,0.999998071,0,nan
1527,1528,sequential,-0.015097551,-0.065907242,0.191785826,-0.004075290,0.001165748,0.000517511,0.999990883,0,nan
1528,1529,sequential,-0.025007561,-0.098862797,0.205701502,-0.005221237,0.001503389,0.000270855,0.999985202,0,nan
1529,1530,sequential,-0.004093221,-0.092882501,0.228316533,0.003851451,0.000923442,-0.000351952,0.999992095,0,nan
1530,1531,sequential,-0.019034383,-0.075288555,0.208398112,0.000487695,-0.000013304,-0.000360032,0.999999816,0,nan
1531,1532,sequential,-0.005987480,-0.087963632,0.226548439,-0.001278020,-0.000323514,-0.000712288,0.999998877,0,nan
1532,1533,sequential,-0.013191482,-0.083475267,0.184394733,-0.004309220,-0.000729719,0.000046041,0.999990448,0,nan
1533,1534,sequential,-0.009622596,-0.084325433,0.223795284,0.005604930,-0.000128259,0.000649475,0.999984073,0,nan
1534,1535,sequential,-0.008938984,-0.088937422,0.219586874,0.002425461,-0.000912421,-0.000275609,0.999996604,0,nan
1535,1536,sequential,-0.015501614,-0.070220786,0.192565240,0.001556381,-0.001123634,-0.000347734,0.999998097,0,nan
1536,1537,sequential,-0.019890316,-0.077325027,0.203574803,0.000325295,-0.001196718,-0.000200288,0.999999211,0,nan
1537,1538,sequential,-0.015823294,-0.071745427,0.189436979,0.000102930,-0.001114213,-0.001068346,0.999998803,0,nan
1538,1539,sequential,-0.020133700,-0.068715577,0.190520136,0.000196294,-0.001026913,-0.001023344,0.999998930,0,nan
1539,1540,sequential,-0.003941994,-0.062732733,0.205084542,0.003544236,-0.001312150,-0.000024901,0.999992858,0,nan
1540,1541,sequential,-0.018939689,-0.058212435,0.190833845,-0.000832725,-0.001117642,-0.000307491,0.999998981,0,nan
1541,1542,sequential,-0.018312845,-0.052753620,0.198664155,-0.000555754,-0.000361626,-0.002409608,0.999996877,0,nan
1542,1543,sequential,-0.047312186,-0.043695307,0.146585407,0.000683690,-0.000531528,0.000317606,0.999999575,0,nan
1543,1544,sequential,-0.026265477,-0.031761105,0.205909946,0.001236171,-0.000040444,0.001158425,0.999998564,0,nan
1544,1545,sequential,-0.007839986,-0.030380844,0.230842342,-0.000156957,0.000409800,-0.001091902,0.999999308,0,nan
1545,1546,sequential,-0.026682247,-0.028317938,0.243612163,-0.000005074,0.000444503,0.000090652,0.999999897,0,nan
1546,1547,sequential,-0.020677393,-0.016706925,0.264995455,-0.000466643,0.000151002,0.000625714,0.999999684,0,nan
1547,1548,sequential,-0.055935929,-0.010742179,0.217757036,0.000549452,0.001333518,-0.000148075,0.999998949,0,nan
1548,1549,sequential,-0.043252346,-0.021109642,0.226196524,-0.000519355,0.000845797,0.001382340,0.999998552,0,nan
1549,1550,sequential,-0.041023462,0.018216055,0.221699732,-0.000325942,0.000520978,0.000417899,0.999999724,0,nan
1550,1551,sequential,-0.033304014,-0.013999022,0.221098755,-0.002244850,0.000519489,-0.000831100,0.999997000,0,nan
1551,1552,sequential,-0.049198049,-0.021402357,0.187926730,0.000657569,-0.000017079,-0.000037806,0.999999783,0,nan
1552,1553,sequential,-0.040374988,0.006908818,0.234416099,-0.003647091,-0.000232018,0.000559232,0.999993166,0,nan
1553,1554,sequential,-0.043859548,-0.052934870,0.180120897,-0.005281700,0.000120943,-0.001204470,0.999985319,0,nan
1554,1555,sequential,-0.049921263,0.045906754,0.173049874,-0.005886502,-0.000452315,0.001780035,0.999980988,0,nan
1555,1556,sequential,-0.061034969,-0.046504163,0.161333089,-0.008742355,-0.000455975,-0.000396454,0.999961602,0,nan
1556,1557,sequential,-0.031367562,-0.063405812,0.161391276,0.001171105,-0.000363499,0.000198618,0.999999228,0,nan
1557,1558,sequential,-0.036010634,-0.037066611,0.173510167,0.003646978,-0.001063406,0.000655177,0.999992570,0,nan
1558,1559,sequential,-0.033307978,-0.057192919,0.207179704,-0.002143004,-0.000150785,-0.001195614,0.999996978,0,nan
1559,1560,sequential,-0.047174178,-0.044691456,0.193593404,0.005944212,-0.002935764,0.006982917,0.999953642,0,nan
1560,1561,sequential,-0.039005926,-0.040009616,0.185660373,0.001590456,-0.000301711,-0.001839473,0.999996998,0,nan
1561,1562,sequential,-0.047294979,-0.032707482,0.186387266,0.001005684,-0.002306669,0.005624462,0.999981016,0,nan
1562,1563,sequential,-0.027932098,-0.068045882,0.202210589,0.001010529,-0.003247579,0.008606719,0.999957177,0,nan
1563,1564,sequential,-0.015889126,-0.038099156,0.235728250,-0.003266145,0.000965955,-0.007571361,0.999965536,0,nan
1564,1565,sequential,-0.056607243,-0.056323527,0.174108788,-0.009056845,0.000804601,-0.004916755,0.999946574,0,nan
1565,1566,sequential,-0.035084889,-0.030847465,0.215948006,0.003782838,0.001114113,-0.005198925,0.999978710,0,nan
1566,1567,sequential,-0.055039993,-0.031709079,0.196672808,-0.008036144,-0.001462057,0.005537061,0.999951311,0,nan
1567,1568,sequential,-0.042225300,-0.047296097,0.206949598,-0.011130117,-0.003311067,0.010793851,0.999874317,0,nan
1568,1569,sequential,-0.041131770,-0.064284867,0.194466593,-0.010647614,-0.002972252,0.012281839,0.999863466,0,nan
1569,1570,sequential,-0.023084410,-0.072381731,0.223408831,-0.007028010,0.000181642,0.000017509,0.999975287,0,nan
1570,1571,sequential,-0.054684311,-0.095208391,0.171624345,0.003124180,-0.001508722,0.007446513,0.999966256,0,nan
1571,1572,sequential,-0.037215620,-0.070114930,0.205239555,0.020079586,0.003925166,-0.011473971,0.999724838,0,nan
1572,1573,sequential,-0.035398251,-0.043226864,0.219909434,0.015152166,-0.001217825,0.006715952,0.999861903,0,nan
1573,1574,sequential,-0.035523768,-0.034058499,0.210107360,0.007572316,-0.001952829,0.007845900,0.999938642,0,nan
1574,1575,sequential,-0.048192814,-0.026975511,0.202281697,0.000281072,-0.007236834,0.028753217,0.999560304,0,nan
1575,1576,sequential,-0.013161355,-0.024674834,0.203630963,-0.009778063,-0.009303102,0.029910685,0.999461451,0,nan
1576,1577,sequential,0.014098139,-0.042308774,0.255069379,-0.014010638,-0.000909864,0.003118838,0.999896568,0,nan
1577,1578,sequential,0.035056865,0.000622715,0.273126114,-0.007248825,0.002150292,-0.007382049,0.999944167,0,nan
1578,1579,sequential,-0.021247101,-0.030734696,0.274910755,-0.005690940,0.002719932,-0.007215048,0.999954078,0,nan
1579,1580,sequential,0.075551393,-0.036069508,0.289713431,-0.000240367,0.003423703,-0.007988402,0.999962202,0,nan
1580,1581,sequential,0.043281882,0.006013206,0.290987612,-0.005382261,0.008575812,-0.022751642,0.999689877,0,nan
1581,1582,sequential,0.022242180,-0.031430265,0.279316304,-0.009883626,0.009332475,-0.024618658,0.999604492,0,nan
1582,1583,sequential,0.005192723,-0.157511140,0.184048238,0.002348856,0.006430403,-0.014472021,0.999871838,0,nan
1583,1584,sequential,0.030607183,-0.050022692,0.268197776,0.021983616,0.005483508,-0.008665609,0.999705736,0,nan
1584,1585,sequential,0.017637643,0.020903301,0.311134099,0.017938476,0.004243129,-0.004781245,0.999818657,0,nan
1585,1586,sequential,0.017427164,0.056059291,0.255418392,0.000588297,0.003169845,-0.001823284,0.999993141,0,nan
1586,1587,sequential,0.019273428,0.004907926,0.140032521,-0.016353019,0.000868320,-0.000664866,0.999865682,0,nan
1587,1588,sequential,0.010839094,-0.119188152,0.098650243,-0.011597883,0.000309850,0.000155457,0.999932682,0,nan
1588,1589,sequential,-0.002527346,-0.076489973,0.245770575,0.031166034,0.000731159,0.000843591,0.999513598,0,nan
1589,1590,sequential,0.001255270,-0.039232633,0.243529729,0.021568413,-0.000007045,-0.000532854,0.999767233,0,nan
1590,1591,sequential,-0.017072288,-0.001531278,0.305896902,0.012793983,-0.000389623,0.000639375,0.999917873,0,nan
1591,1592,sequential,-0.018159971,0.027153942,0.265118008,0.005856017,-0.001289132,-0.000136754,0.999982013,0,nan
1592,1593,sequential,0.005295514,-0.002726818,0.325729429,0.004707984,-0.001507514,-0.000290624,0.999987739,0,nan
1593,1594,sequential,0.012966659,0.021497765,0.328048663,0.001741255,-0.001821731,-0.000188352,0.999996807,0,nan
1594,1595,sequential,-0.011542174,-0.031174980,0.193704515,0.001828860,-0.001545632,-0.001447243,0.999996086,0,nan
1595,1596,sequential,0.026542854,0.014176391,0.229197119,0.002547866,-0.004190734,0.001761333,0.999986422,0,nan
1596,1597,sequential,0.002689051,0.004085798,0.140587310,0.000414839,-0.000294052,-0.001181942,0.999999172,0,nan
1597,1598,sequential,0.004754772,-0.024505957,0.102494820,0.000099747,-0.001743023,-0.000151716,0.999998464,0,nan
1598,1599,sequential,-0.017449054,0.028025874,0.250655561,0.001610591,-0.002615908,-0.001427020,0.999994263,0,nan
1599,1600,sequential,-0.007014475,0.013046756,0.199468893,0.000500646,-0.002474795,0.000978351,0.999996334,0,nan
1600,1601,sequential,-0.032560358,0.036665475,0.253119191,-0.001241502,-0.001192586,0.000021122,0.999998518,0,nan
1601,1602,sequential,-0.012119093,-0.003581717,0.232837304,-0.001545325,-0.000261815,-0.000249854,0.999998740,0,nan
1602,1603,sequential,0.022428260,-0.025819508,0.179127353,-0.000944610,-0.001031339,-0.000437770,0.999998926,0,nan
1603,1604,sequential,-0.017238350,0.009598385,0.274284928,-0.001967792,-0.000281741,-0.000283089,0.999997984,0,nan
1604,1605,sequential,-0.000253059,-0.022750772,0.244859255,-0.000888392,0.000187589,0.000587823,0.999999415,0,nan
1605,1606,sequential,-0.013043119,-0.008951816,0.241310010,-0.000904977,0.000312533,0.000217217,0.999999518,0,nan
1606,1607,sequential,-0.029622788,-0.006807134,0.273719256,-0.000335207,-0.003148456,0.011113702,0.999933228,0,nan
1607,1608,sequential,-0.001708259,-0.022882651,0.220822315,0.001257239,0.000534943,0.000221250,0.999999042,0,nan
1608,1609,sequential,-0.030480605,0.026513389,0.144523763,-0.008586240,-0.000108111,-0.001344696,0.999962228,0,nan
1609,1610,sequential,-0.028943602,-0.097960911,0.164297910,-0.020938871,-0.005551976,0.017944631,0.999604286,0,nan
1610,1611,sequential,0.005374701,-0.073507592,0.220553974,0.002038769,-0.006739575,0.026076636,0.999635149,0,nan
1611,1612,sequential,-0.049332739,-0.077004834,0.194997765,0.015354208,-0.005595168,0.023072114,0.999600230,0,nan
1612,1613,sequential,0.005433546,-0.041281189,0.210327257,0.004235566,-0.013120319,0.041425363,0.999046474,0,nan
1613,1614,sequential,0.033455314,0.010580681,0.224440744,0.001745144,0.001988319,-0.007652810,0.999967217,0,nan
1614,1615,sequential,0.022607305,-0.047175237,0.214771067,0.004196250,0.009076414,-0.033481040,0.999389329,0,nan
1615,1616,sequential,-0.002903407,-0.056648033,0.213920435,0.001929893,0.008587459,-0.032183576,0.999443219,0,nan
1616,1617,sequential,0.006059500,-0.052251323,0.244542912,0.001659954,0.005689158,-0.019942393,0.999783566,0,nan
1617,1618,sequential,0.008837942,-0.052254404,0.215112383,0.001020690,0.004488783,-0.010950339,0.999929447,0,nan
1618,1619,sequential,0.008220271,-0.041459535,0.206408721,0.000997159,0.003269323,-0.006617228,0.999972264,0,nan
1619,1620,sequential,0.012508600,-0.047826425,0.212154264,0.000511099,0.002492891,-0.004577154,0.999986287,0,nan
1620,1621,sequential,0.005365076,-0.037272415,0.212243056,0.000060223,0.001658995,-0.002082669,0.999996453,0,nan
1621,1622,sequential,0.004743406,-0.056015198,0.208359535,0.000396854,0.001934592,-0.000881661,0.999997661,0,nan
1622,1623,sequential,0.007580246,-0.042175215,0.188568600,-0.000320825,0.001101679,0.000429506,0.999999249,0,nan
1623,1624,sequential,0.005400063,-0.050871114,0.213782466,-0.000256615,0.000537740,-0.000484563,0.999999705,0,nan
1624,1625,sequential,-0.004654373,-0.045681565,0.223138186,0.001716246,0.001014181,0.000157182,0.999998001,0,nan
1625,1626,sequential,-0.006127632,-0.017053666,0.214766980,-0.014034211,0.001016708,0.001106626,0.999900386,0,nan
1626,1627,sequential,0.006488785,-0.022511087,0.172325141,-0.037801108,-0.000012599,-0.000521311,0.999285147,0,nan
1627,1628,sequential,-0.000282063,-0.103085526,0.185269152,-0.029227095,0.000882009,-0.005231897,0.999558716,0,nan
1628,1629,sequential,0.000485165,-0.109794493,0.179527577,-0.000776716,-0.000703080,0.000678481,0.999999221,0,nan
1629,1630,sequential,-0.013193908,-0.092588843,0.202537521,0.012051436,-0.001070917,0.001714506,0.999925335,0,nan
1630,1631,sequential,-0.007024622,-0.058151604,0.191688208,0.010968447,-0.001111564,0.000565251,0.999939067,0,nan
1631,1632,sequential,-0.012975331,-0.045927604,0.204093655,-0.013347165,0.000210401,-0.002591059,0.999907543,0,nan
1632,1633,sequential,-0.021012833,-0.093156374,0.218946838,-0.018006335,-0.001325462,0.000120236,0.999836987,0,nan
1633,1634,sequential,-0.006848396,-0.144567277,0.227033660,-0.015207443,-0.001743768,0.001986024,0.999880867,0,nan
1634,1635,sequential,-0.024226578,-0.107557379,0.239132938,0.038746773,-0.001041034,0.000992137,0.999248027,0,nan
1635,1636,sequential,-0.026068487,-0.038958791,0.272851965,0.029226094,-0.001217183,0.000508505,0.999571956,0,nan
1636,1637,sequential,-0.019946960,-0.083560610,0.234049212,0.016170573,-0.001387405,-0.000400060,0.999868205,0,nan
1637,1638,sequential,-0.016663593,-0.067650743,0.248216392,0.009821162,-0.001160426,-0.000602051,0.999950917,0,nan
1638,1639,sequential,-0.017800180,-0.063356484,0.242664774,0.005430370,-0.001153498,-0.000804364,0.999984267,0,nan
1639,1640,sequential,-0.023425500,-0.071059997,0.252547188,0.003661220,-0.001345626,0.000179191,0.999992376,0,nan
1640,1641,sequential,-0.021460019,-0.053965287,0.238894718,0.002539578,-0.001292735,0.000533770,0.999995797,0,nan
1641,1642,sequential,-0.020035150,-0.052071403,0.244546809,0.002023611,-0.000985575,-0.001050345,0.999996915,0,nan
1642,1643,sequential,-0.015480455,-0.055551059,0.226471960,0.000140747,-0.000882040,-0.000036042,0.999999600,0,nan
1643,1644,sequential,-0.026445526,-0.048750581,0.233496378,-0.000275136,-0.000792269,-0.000091313,0.999999644,0,nan
1644,1645,sequential,-0.015311495,-0.054821465,0.233757724,0.001388656,-0.000703293,-0.001361517,0.999997862,0,nan
1645,1646,sequential,-0.023965304,-0.058484088,0.226828681,-0.000989257,-0.001109890,-0.000313403,0.999998846,0,nan
1646,1647,sequential,-0.023876748,-0.042462383,0.244942421,0.000685921,-0.000530945,0.000747449,0.999999344,0,nan
1647,1648,sequential,0.000216105,-0.037845977,0.228553233,0.001408948,-0.001304281,-0.001552365,0.999996952,0,nan
1648,1649,sequential,-0.030075250,-0.042539900,0.229545069,-0.000019089,-0.000787321,0.000464497,0.999999582,0,nan
1649,1650,sequential,-0.031107739,-0.054428215,0.232962867,-0.000146731,-0.001274292,0.000207941,0.999999156,0,nan
1650,1651,sequential,-0.028665359,-0.054445608,0.241920599,0.000377301,-0.000853571,0.000656077,0.999999349,0,nan
1651,1652,sequential,-0.027100052,-0.052207090,0.230715890,-0.001168762,-0.000706298,-0.001046743,0.999998520,0,nan
1652,1653,sequential,-0.033565135,-0.053988118,0.227670418,-0.000064135,-0.000343182,-0.001162556,0.999999263,0,nan
1653,1654,sequential,-0.031036894,-0.036239505,0.218674527,-0.001075710,-0.000611507,0.000364105,0.999999168,0,nan
1654,1655,sequential,-0.036655762,-0.064200409,0.231054647,-0.004673015,-0.000559775,0.001063338,0.999988359,0,nan
1655,1656,sequential,-0.029458351,-0.053331596,0.242091562,0.002659125,-0.000245511,0.000672071,0.999996209,0,nan
1656,1657,sequential,-0.044490071,-0.027468789,0.200191886,-0.000808965,-0.001055025,0.003454549,0.999993149,0,nan
1657,1658,sequential,-0.036429052,-0.013091817,0.211745187,-0.025489951,-0.005044701,0.018558882,0.999490061,0,nan
1658,1659,sequential,-0.017328771,-0.081589544,0.203918254,-0.030837138,-0.001995091,0.004541921,0.999512112,0,nan
1659,1660,sequential,-0.037529285,-0.098924710,0.207608387,-0.005164893,0.000533938,-0.000435870,0.999986424,0,nan
1660,1661,sequential,-0.029355898,-0.107949501,0.220879264,0.019859232,-0.004858584,0.016453215,0.999655589,0,nan
1661,1662,sequential,-0.046598384,-0.077524046,0.218552710,0.019139305,-0.004204179,0.014908729,0.999696825,0,nan
1662,1663,sequential,-0.027087218,-0.070689722,0.224475636,0.012294460,-0.007121711,0.025496169,0.999573946,0,nan
1663,1664,sequential,-0.020431159,-0.049701927,0.222250575,0.006537274,-0.006599424,0.022866240,0.999695377,0,nan
1664,1665,sequential,-0.000796860,-0.028771734,0.219388230,-0.001564023,-0.004139734,0.016387025,0.999855931,0,nan
1665,1666,sequential,0.008635388,-0.097346321,0.176443989,-0.016038925,0.002323690,0.001560805,0.999867450,0,nan
1666,1667,sequential,0.013124597,-0.079611688,0.239186816,0.010601299,0.015318732,-0.043607527,0.998875033,0,nan
1667,1668,sequential,0.026495718,-0.055282274,0.255489369,0.010854439,0.010034780,-0.026288423,0.999545098,0,nan
1668,1669,sequential,0.013521596,-0.049595769,0.238527705,0.004019331,0.010232625,-0.024880259,0.999629987,0,nan
1669,1670,sequential,0.013640102,-0.045194450,0.221851938,0.002978342,0.006748454,-0.011742973,0.999903841,0,nan
1670,1671,sequential,0.005814344,-0.050215742,0.233343933,0.000825690,0.005509950,-0.005831910,0.999967473,0,nan
1671,1672,sequential,0.010288337,-0.060212212,0.194566748,-0.002231571,0.004221185,-0.002876780,0.999984463,0,nan
1672,1673,sequential,0.003904868,-0.047522918,0.209861166,-0.012192115,0.003265476,-0.001923166,0.999918492,0,nan
1673,1674,sequential,0.006431088,-0.070441377,0.211620208,-0.004979314,0.002310049,-0.000866581,0.999984559,0,nan
1674,1675,sequential,0.016581998,-0.069016921,0.218872839,0.005251340,-0.000678039,0.000580931,0.999985813,0,nan
1675,1676,sequential,0.000420248,-0.031607226,0.229029438,-0.001367883,-0.001179746,-0.000528235,0.999998229,0,nan
1676,1677,sequential,0.001364406,-0.082035948,0.235559983,-0.002796964,-0.000982188,-0.000969193,0.999995136,0,nan
1677,1678,sequential,-0.010315381,-0.040759813,0.214296383,0.008653255,-0.002701651,0.001143998,0.999958256,0,nan
1678,1679,sequential,-0.013599835,-0.041340751,0.230278865,0.001238015,-0.003219382,-0.001699291,0.999992608,0,nan
1679,1680,sequential,-0.004247125,-0.014969633,0.213688680,-0.026860211,-0.005461909,-0.002154170,0.999621957,0,nan
1680,1681,sequential,-0.013021966,-0.072910072,0.234305356,-0.024920829,-0.003068735,-0.008510277,0.999648493,0,nan
1681,1682,sequential,-0.040809168,-0.096336148,0.201263390,-0.014618295,-0.001431703,-0.006184251,0.999872997,0,nan
1682,1683,sequential,-0.001699804,-0.098099533,0.229835180,0.011473102,-0.005065532,-0.000049340,0.999921350,0,nan
1683,1684,sequential,-0.003586964,-0.097863303,0.245456156,0.013078576,-0.003199407,-0.001925038,0.999907500,0,nan
1684,1685,sequential,-0.012627622,-0.070308537,0.220640746,0.020484216,-0.003672077,0.004054393,0.999775212,0,nan
1685,1686,sequential,-0.009617562,-0.043492895,0.222540959,0.015120017,-0.002818316,0.001954991,0.999879803,0,nan
1686,1687,sequential,-0.011037043,-0.058652990,0.236820224,0.008739892,-0.003135815,0.000893849,0.999956490,0,nan
1687,1688,sequential,-0.033821001,-0.047302793,0.256436700,0.004889518,-0.000431080,-0.001505088,0.999986821,0,nan
1688,1689,sequential,-0.050244477,-0.042898609,0.245479704,0.000864196,-0.000119702,0.002954457,0.999995255,0,nan
1689,1690,sequential,-0.015865012,-0.052509213,0.229607359,0.002220116,-0.001102964,0.000496979,0.999996804,0,nan
1690,1691,sequential,-0.016316686,-0.043258862,0.229623180,0.001338321,-0.001170093,-0.000330812,0.999998365,0,nan
1691,1692,sequential,-0.014277804,-0.037726229,0.221540773,0.001019950,-0.001473138,0.000435792,0.999998300,0,nan
1692,1693,sequential,-0.026715396,-0.046946276,0.241206486,0.000010238,-0.000214012,-0.000295353,0.999999933,0,nan
1693,1694,sequential,-0.017133039,-0.044015130,0.233942229,-0.000094621,-0.000669981,0.000125249,0.999999763,0,nan
1694,1695,sequential,-0.032213653,-0.048806001,0.227979835,0.000985919,-0.000157170,-0.000823004,0.999999163,0,nan
1695,1696,sequential,-0.025086971,-0.045581618,0.205903188,0.000507678,0.000541977,-0.000452882,0.999999622,0,nan
1696,1697,sequential,-0.024794030,-0.054255287,0.238209677,-0.001395611,-0.000009083,0.000515188,0.999998893,0,nan
1697,1698,sequential,0.022476029,-0.033242551,0.281218313,-0.000968270,-0.000745112,-0.000297389,0.999999209,0,nan
1698,1699,sequential,-0.014992312,-0.029390740,0.122881528,-0.000512168,-0.000683184,-0.000594753,0.999999459,0,nan
1699,1700,sequential,-0.041177724,-0.070342802,0.250482777,-0.009730422,0.000592028,0.000413461,0.999952398,0,nan
1700,1701,sequential,-0.058604964,-0.016970909,0.214979828,0.003367115,-0.000735953,0.007001755,0.999969548,0,nan
1701,1702,sequential,-0.042379711,-0.070959599,0.182139610,0.001245681,-0.006607724,0.024933483,0.999666498,0,nan
1702,1703,sequential,-0.019668701,-0.069199090,0.253128232,-0.000320492,-0.003686786,0.018374358,0.999824329,0,nan
1703,1704,sequential,-0.015738004,-0.042850154,0.198212789,-0.008419852,-0.003689634,0.012938409,0.999874037,0,nan
1704,1705,sequential,-0.018563112,-0.054058444,0.207871109,-0.012835548,-0.003005934,0.010106926,0.999862022,0,nan
1705,1706,sequential,0.008361793,-0.072492867,0.203750355,-0.008617561,-0.000195345,-0.000238949,0.999962821,0,nan
1706,1707,sequential,-0.008588566,-0.081408182,0.197858330,0.008871916,0.008062960,-0.027397363,0.999552731,0,nan
1707,1708,sequential,-0.010256967,-0.070556117,0.213611020,0.009477361,0.005764023,-0.017609081,0.999783415,0,nan
1708,1709,sequential,-0.001560255,-0.061131912,0.219270706,0.005580775,0.004256110,-0.011572529,0.999908404,0,nan
1709,1710,sequential,-0.021290130,-0.041063716,0.233566296,-0.010109435,0.003084651,-0.006472389,0.999923193,0,nan
1710,1711,sequential,-0.005609401,-0.038912993,0.197605545,-0.027717149,0.002224045,-0.002895263,0.999609139,0,nan
1711,1712,sequential,-0.007413647,-0.120779725,0.185957171,-0.028233565,0.001962518,-0.002511018,0.999596273,0,nan
1712,1713,sequential,-0.010592866,-0.125614987,0.217860169,0.001724595,0.001357042,-0.001359120,0.999996668,0,nan
1713,1714,sequential,-0.029801193,-0.129398806,0.209938118,0.025367743,0.001542586,0.000048282,0.999676996,0,nan
1714,1715,sequential,-0.011696953,-0.068852368,0.225689557,0.015729231,0.001237111,0.000311968,0.999875474,0,nan
1715,1716,sequential,-0.024354302,-0.015972728,0.217173399,-0.009563215,0.000520931,0.002182261,0.999951754,0,nan
1716,1717,sequential,-0.017359019,-0.100824913,0.213549962,-0.038258277,-0.001743468,0.007858600,0.999235461,0,nan
1717,1718,sequential,-0.003267865,-0.137865866,0.243767112,-0.029745640,0.000858328,-0.003205755,0.999551991,0,nan
1718,1719,sequential,-0.020929533,-0.182757743,0.225190290,-0.011188182,0.001170647,-0.002862796,0.999932627,0,nan
1719,1720,sequential,-0.030912614,-0.174286378,0.220327861,0.019260988,0.000584171,-0.001569476,0.999813087,0,nan
1720,1721,sequential,-0.021812287,-0.126376101,0.247462184,0.022824278,-0.000346714,0.001304199,0.999738581,0,nan
1721,1722,sequential,-0.026819379,-0.104866697,0.239431196,-0.002526792,-0.000019500,-0.000409709,0.999996724,0,nan
1722,1723,sequential,-0.025697815,-0.112050671,0.249621306,-0.023818154,-0.000046578,0.000618925,0.999716115,0,nan
1723,1724,sequential,-0.007955304,-0.181563129,0.278833829,-0.020994595,0.000316367,-0.001205873,0.999778812,0,nan
1724,1725,sequential,-0.039603173,-0.213228013,0.223003811,-0.004049019,0.000062423,-0.001578354,0.999990555,0,nan
1725,1726,sequential,-0.024234859,-0.163086979,0.269847629,0.019849685,-0.000759482,0.001381224,0.999801733,0,nan
1726,1727,sequential,-0.038509461,-0.170126491,0.268296333,0.012071677,-0.000564032,0.001724491,0.999925489,0,nan
1727,1728,sequential,-0.023828854,-0.174890536,0.269829385,0.012877931,0.000322483,-0.002086926,0.999914846,0,nan
1728,1729,sequential,-0.032701093,-0.152789811,0.296392158,0.030586545,0.000379450,-0.001339285,0.999531153,0,nan
1729,1730,sequential,-0.053790211,-0.089754469,0.337895401,0.024484355,0.000416001,-0.000304159,0.999700080,0,nan
1730,1731,sequential,-0.043401833,-0.097710241,0.328720331,0.013570576,-0.000557046,-0.000067725,0.999907758,0,nan
1731,1732,sequential,-0.024010278,-0.131062976,0.279840656,0.008821744,-0.000193016,-0.000378515,0.999960997,0,nan
1732,1733,sequential,-0.046780871,-0.112130675,0.297206197,0.005786243,-0.000423646,-0.000401971,0.999983089,0,nan
1733,1734,sequential,-0.014694008,-0.103035110,0.281508425,0.002806310,-0.001055080,-0.000199682,0.999995486,0,nan
1734,1735,sequential,-0.046310434,-0.105685903,0.306709197,0.001807150,0.000053119,0.001535723,0.999997186,0,nan
1735,1736,sequential,-0.036083355,-0.118695611,0.272751322,-0.000214477,0.000424221,0.001126915,0.999999252,0,nan
1736,1737,sequential,-0.033133736,-0.121346014,0.298041860,0.000710863,-0.000139453,-0.000300973,0.999999692,0,nan
1737,1738,sequential,-0.042248651,-0.115579171,0.274748984,-0.000741518,-0.000135435,0.000644638,0.999999508,0,nan
1738,1739,sequential,-0.059692143,-0.119348719,0.280463925,0.000127540,-0.005059861,0.017433411,0.999835215,0,nan
1739,1740,sequential,-0.051254894,-0.107039182,0.285703254,0.000497274,-0.007930483,0.026005987,0.999630206,0,nan
1740,1741,sequential,-0.050582491,-0.149312706,0.272854354,0.000569458,-0.011826077,0.039881757,0.999134258,0,nan
1741,1742,sequential,-0.037907929,-0.128273635,0.276450560,0.000519255,-0.005946414,0.018921764,0.999803149,0,nan
1742,1743,sequential,-0.017518147,-0.123009771,0.283845573,-0.000394857,-0.005011551,0.014760558,0.999878420,0,nan
1743,1744,sequential,-0.010662745,-0.139636298,0.282938442,-0.000202634,-0.003662812,0.008679458,0.999955604,0,nan
1744,1745,sequential,0.049444931,-0.087523592,0.332694033,0.000086606,0.003753896,-0.014444604,0.999888621,0,nan
1745,1746,sequential,0.029533509,-0.072045088,0.276317030,-0.006435594,0.006023853,-0.018551905,0.999789039,0,nan
1746,1747,sequential,0.038495845,-0.121522292,0.308768358,0.003084273,0.011318996,-0.032940818,0.999388448,0,nan
1747,1748,sequential,0.037580631,-0.124073461,0.311973965,0.000880529,0.008786104,-0.024957411,0.999649517,0,nan
1748,1749,sequential,0.047519143,-0.099297406,0.316159730,-0.000315677,0.006845182,-0.014184903,0.999875908,0,nan
1749,1750,sequential,0.063978147,-0.101148576,0.291144681,0.000107400,0.005268965,-0.007748141,0.999956095,0,nan
1750,1751,sequential,0.040434335,-0.120098581,0.290994558,-0.000355328,0.004074235,-0.003854450,0.999984209,0,nan
1751,1752,sequential,0.044573844,-0.091285007,0.285669010,0.001150273,0.003146146,-0.002871304,0.999990267,0,nan
1752,1753,sequential,0.033900865,-0.102363993,0.297869232,0.001283174,0.002533117,-0.001164861,0.999995290,0,nan
1753,1754,sequential,0.050079316,-0.122962109,0.277247130,0.000942190,0.001908265,-0.000474512,0.999997623,0,nan
1754,1755,sequential,0.041664285,-0.120469707,0.269996746,-0.002081008,0.000686189,0.000746276,0.999997321,0,nan
1755,1756,sequential,0.101969476,-0.106104418,0.113306388,-0.001589201,0.000228597,-0.000025613,0.999998711,0,nan
1756,1757,sequential,0.058021088,-0.094389082,0.245196106,0.000180872,0.000817562,0.000731503,0.999999382,0,nan
1757,1758,sequential,0.033154106,-0.082801509,0.271793170,0.000927324,0.000602524,0.000559351,0.999999232,0,nan
1758,1759,sequential,0.051271845,-0.072946799,0.256413362,0.001049322,-0.000419898,0.000442058,0.999999264,0,nan
1759,1760,sequential,0.002363857,-0.083177919,0.266606757,0.000450196,-0.000602335,0.000222206,0.999999693,0,nan
1760,1761,sequential,0.018169598,-0.091821778,0.243011879,-0.000290142,-0.000152863,-0.000760739,0.999999657,0,nan
1761,1762,sequential,-0.004156299,-0.064473936,0.275517578,0.000232746,-0.000529296,-0.000565477,0.999999673,0,nan
1762,1763,sequential,0.089773604,-0.059158540,0.249567058,-0.000002230,-0.002221277,0.000636865,0.999997330,0,nan
1763,1764,sequential,0.017090877,-0.088169218,0.228435843,-0.000090173,-0.000920848,-0.000551516,0.999999420,0,nan
1764,1765,sequential,-0.005075080,-0.065026227,0.180140394,0.000594869,0.000618940,-0.000078193,0.999999628,0,nan
1765,1766,sequential,0.085931744,-0.058295663,0.165897247,0.000378466,-0.000822090,-0.000601189,0.999999410,0,nan
1766,1767,sequential,0.005060439,-0.061261650,0.275881074,-0.000071994,-0.000543107,0.000218309,0.999999826,0,nan
1767,1768,sequential,0.011199809,-0.082465733,0.262907095,-0.000660453,-0.000599735,0.001391350,0.999998634,0,nan
1768,1769,sequential,-0.036729653,-0.039854210,0.298498857,-0.000217263,-0.000714030,0.001345589,0.999998816,0,nan
1769,1770,sequential,-0.039427451,-0.057557510,0.281058031,0.000146391,0.000055739,-0.000548827,0.999999837,0,nan
1770,1771,sequential,0.014046758,-0.050237880,0.214391995,0.000771043,-0.001039345,0.000437795,0.999999067,0,nan
1771,1772,sequential,0.009395898,-0.069358701,0.208632358,-0.000061738,-0.001063561,0.000843669,0.999999077,0,nan
1772,1773,sequential,0.018133549,-0.068601777,0.248191278,0.000270363,-0.000483152,-0.001624400,0.999998527,0,nan
1773,1774,sequential,-0.004954353,-0.028280878,0.261999289,-0.000212699,-0.000875634,-0.000481162,0.999999478,0,nan
1774,1775,sequential,-0.054345064,-0.055647565,0.301598867,-0.003632418,0.000017051,-0.000831385,0.999993057,0,nan
1775,1776,sequential,-0.008790857,-0.070075935,0.228918672,0.000662681,-0.001074830,0.001405308,0.999998215,0,nan
1776,1777,sequential,-0.037888835,-0.050916873,0.240193197,0.000677698,-0.002658873,0.008182576,0.999962758,0,nan
1777,1778,sequential,0.003914198,-0.061453742,0.236646383,0.000239536,-0.000784823,0.001076799,0.999999084,0,nan
1778,1779,sequential,-0.009598791,-0.040105087,0.246906302,-0.000161935,0.000609669,-0.002339792,0.999997064,0,nan
1779,1780,sequential,-0.031580617,-0.049509947,0.258260356,-0.001978195,0.001327666,-0.002936041,0.999992852,0,nan
1780,1781,sequential,0.008973234,-0.051070994,0.189960653,0.001110999,0.001067494,-0.001194680,0.999998099,0,nan
1781,1782,sequential,-0.051368918,-0.036418629,0.276555773,0.001432912,0.000162100,0.004328133,0.999989594,0,nan
1782,1783,sequential,-0.043444417,-0.025318007,0.265357614,-0.000712812,-0.003702738,0.016485737,0.999856991,0,nan
1783,1784,sequential,-0.012621402,-0.038560808,0.227932880,0.000488042,-0.003431525,0.013893389,0.999897475,0,nan
1784,1785,sequential,0.009892696,-0.009466591,0.242921160,0.000383544,0.002604758,-0.007283007,0.999970013,0,nan
1785,1786,sequential,-0.045010333,-0.021149607,0.266171795,-0.012865216,0.003265988,-0.012238390,0.999837007,0,nan
1786,1787,sequential,-0.013226889,-0.087898601,0.181929731,0.001080096,0.001589301,-0.005876297,0.999980888,0,nan
1787,1788,sequential,-0.042224244,-0.023823868,0.265933732,0.005690364,0.000336458,-0.001439163,0.999982718,0,nan
1788,1789,sequential,-0.027533146,-0.051542656,0.256199823,0.003131015,-0.001059819,0.003372557,0.999988850,0,nan
1789,1790,sequential,-0.011832464,0.009048695,0.194355002,0.000087933,0.000394384,-0.002513154,0.999996760,0,nan
1790,1791,sequential,-0.020911988,0.008775998,0.250873293,-0.019236697,0.001140538,-0.004527256,0.999804057,0,nan
1791,1792,sequential,-0.029992175,-0.082320481,0.144632689,-0.000376946,0.000380073,-0.001371568,0.999998916,0,nan
1792,1793,sequential,-0.030009610,-0.002737050,0.250335527,0.011625486,0.000258916,-0.000430113,0.999932296,0,nan
1793,1794,sequential,-0.022965367,-0.050753868,0.243013757,0.004208292,-0.000495098,-0.001554233,0.999989815,0,nan
1794,1795,sequential,-0.034691915,-0.045765869,0.254728514,0.003523665,-0.000253000,-0.000027625,0.999993759,0,nan
1795,1796,sequential,-0.057168016,0.027273469,0.121337706,-0.002015943,-0.000584266,0.000531335,0.999997656,0,nan
1796,1797,sequential,-0.016532521,-0.012876061,0.218567869,-0.018246077,-0.000945658,-0.000460078,0.999832973,0,nan
1797,1798,sequential,-0.021997236,-0.038021747,0.230389713,-0.026217485,-0.000704118,-0.000684539,0.999655780,0,nan
1798,1799,sequential,-0.010767528,-0.070007799,0.133436500,-0.000820602,-0.000449445,-0.000567109,0.999999401,0,nan
1799,1800,sequential,-0.033077154,-0.064678965,0.232473593,0.013772174,-0.000308014,-0.000257880,0.999905078,0,nan
1800,1801,sequential,-0.048888074,-0.046700388,0.257565721,0.016715438,0.000242639,-0.000824354,0.999859918,0,nan
1801,1802,sequential,-0.035457988,-0.021074002,0.246646747,0.011866935,-0.000850384,0.000958886,0.999928764,0,nan
1802,1803,sequential,-0.058662578,0.010617841,0.134857682,-0.006347263,-0.000070667,0.000561591,0.999979696,0,nan
1803,1804,sequential,-0.039935986,-0.086015710,0.211831379,-0.008400941,-0.000895834,0.004626221,0.999953609,0,nan
1804,1805,sequential,-0.017697034,-0.067971472,0.220721703,0.007930900,0.000488286,-0.001034862,0.999967895,0,nan
1805,1806,sequential,-0.011254645,-0.024162925,0.255157410,0.010855267,0.000334809,-0.000497810,0.999940900,0,nan
1806,1807,sequential,-0.042243506,-0.031384936,0.242067867,0.006133934,0.000434770,-0.000250442,0.999981061,0,nan
1807,1808,sequential,-0.043095841,-0.028822503,0.245030059,0.003125284,0.000282193,-0.000462624,0.999994969,0,nan
1808,1809,sequential,-0.026077553,-0.041030887,0.244296421,0.002812181,0.000178773,-0.001015206,0.999995515,0,nan
1809,1810,sequential,-0.037059854,-0.039288495,0.257241113,0.001076252,0.000257184,-0.000837276,0.999999037,0,nan
1810,1811,sequential,-0.036750412,-0.035870956,0.247011985,0.000732746,0.000358569,-0.000364675,0.999999601,0,nan
1811,1812,sequential,-0.027867429,-0.023877004,0.262258290,0.000836400,-0.000511335,-0.000002861,0.999999519,0,nan
1812,1813,sequential,-0.038084558,-0.047621471,0.212956791,-0.000539879,-0.000207525,0.000523814,0.999999696,0,nan
1813,1814,sequential,-0.033694539,-0.049335752,0.245460821,0.000352194,-0.000128319,0.000740510,0.999999656,0,nan
1814,1815,sequential,-0.040354464,-0.043295307,0.213606597,-0.000298537,-0.000201853,0.000097265,0.999999930,0,nan
1815,1816,sequential,-0.050759496,-0.040111122,0.205175227,0.001115396,0.000711683,-0.001561780,0.999997905,0,nan
1816,1817,sequential,-0.038813975,-0.039181911,0.212976873,-0.001046485,-0.000399919,0.000822871,0.999999034,0,nan
1817,1818,sequential,-0.030863112,-0.052865417,0.227478302,-0.000268563,0.000168398,0.000009778,0.999999950,0,nan
1818,1819,sequential,-0.057257525,-0.049259608,0.212626881,0.000053389,0.000042294,0.000283217,0.999999958,0,nan
1819,1820,sequential,-0.024977943,-0.042450138,0.230733441,-0.000105083,-0.000474388,-0.000001055,0.999999882,0,nan
1820,1821,sequential,-0.024955669,-0.041743705,0.234954638,0.000051085,-0.000014210,-0.000564876,0.999999839,0,nan
1821,1822,sequential,-0.058886683,-0.045041915,0.199589661,0.000319762,-0.000191370,-0.000206002,0.999999909,0,nan
1822,1823,sequential,-0.043458751,-0.050324304,0.220888669,-0.000432516,-0.000440498,-0.000049294,0.999999808,0,nan
1823,1824,sequential,-0.038595620,-0.040541118,0.215378878,-0.000402026,-0.000591125,-0.000175110,0.999999729,0,nan
1824,1825,sequential,-0.016521164,-0.050852536,0.226248707,0.000291326,-0.000515041,-0.000124769,0.999999817,0,nan
1825,1826,sequential,-0.048542331,-0.045652420,0.229076768,0.000153421,-0.000347345,0.000030091,0.999999927,0,nan
1826,1827,sequential,-0.019865555,-0.037174427,0.242035526,0.000359079,-0.000470096,-0.000847560,0.999999466,0,nan
1827,1828,sequential,-0.021936932,-0.049950338,0.218431602,-0.000332564,-0.000496836,-0.000822412,0.999999483,0,nan
1828,1829,sequential,-0.021824839,-0.028624132,0.182362439,0.000633491,-0.000330780,-0.000367917,0.999999677,0,nan
1829,1830,sequential,-0.043384357,-0.037728912,0.168363407,-0.000836316,-0.000069284,-0.000017188,0.999999648,0,nan
1830,1831,sequential,-0.044186053,-0.040074095,0.214713415,0.000518557,0.000635669,0.000947283,0.999999215,0,nan
1831,1832,sequential,-0.033324654,-0.035946278,0.219131683,-0.000340556,0.000331983,0.000108496,0.999999881,0,nan
1832,1833,sequential,-0.037504485,-0.065181315,0.121725628,0.000127779,0.000735732,-0.000080812,0.999999718,0,nan
1833,1834,sequential,-0.007283659,-0.034012535,0.108981248,0.000325618,0.000442135,0.000441967,0.999999752,0,nan
1834,1835,sequential,-0.001271756,-0.009384541,0.021615251,0.000022125,0.000402798,0.000308929,0.999999871,0,nan
1835,1836,sequential,-0.031656332,-0.055675038,0.145767478,0.000245526,0.000423101,0.000317737,0.999999830,0,nan
1836,1837,sequential,-0.036170237,-0.035894160,0.156393490,-0.000038441,-0.000307449,0.000626308,0.999999756,0,nan
1837,1838,sequential,-0.033192743,-0.017220592,0.125521960,-0.000272938,0.000252157,-0.000284468,0.999999890,0,nan
1838,1839,sequential,-0.001500823,-0.014002718,0.029390939,-0.000147474,-0.000133745,-0.000103392,0.999999975,0,nan
1839,1840,sequential,-0.012953206,0.007126400,0.070762523,0.000178059,-0.000187998,-0.000208409,0.999999945,0,nan
1840,1841,sequential,0.010675805,-0.020791796,0.046957332,-0.000346253,-0.000178302,0.000329828,0.999999870,0,nan
1841,1842,sequential,0.007530751,-0.045902530,0.102203662,0.000239343,-0.000223060,-0.000200668,0.999999926,0,nan
1842,1843,sequential,-0.010174755,-0.012703946,0.027889411,-0.000141507,0.000851497,-0.000155751,0.999999615,0,nan
1843,1844,sequential,-0.073010809,-0.004377620,0.221748995,-0.000120719,0.000743152,0.000433046,0.999999623,0,nan
1844,1845,sequential,0.013235836,-0.015058801,0.026261145,-0.000482377,-0.000560350,0.000736488,0.999999455,0,nan
1845,1846,sequential,-0.037324050,-0.017107880,0.092171667,-0.000364534,-0.000116146,0.000127924,0.999999919,0,nan
1846,1847,sequential,-0.005186372,-0.013191318,0.052379003,0.000299006,0.000126027,0.000054868,0.999999946,0,nan
1847,1848,sequential,-0.019828846,0.004023326,0.054195771,0.000117064,0.000138217,-0.000345081,0.999999924,0,nan
1848,1849,sequential,0.020900607,-0.026005471,-0.007643305,-0.000448739,-0.000120400,0.000148025,0.999999881,0,nan
1849,1850,sequential,0.001617123,-0.005373178,0.013056422,0.000019353,-0.000029211,-0.000284838,0.999999959,0,nan
1850,1851,sequential,0.002323615,0.016808774,-0.031311513,0.000125693,-0.000272177,-0.000351166,0.999999893,0,nan
1851,1852,sequential,-0.008236665,0.025572985,0.091562915,-0.000166518,-0.001706511,-0.000280124,0.999998491,0,nan
1852,1853,sequential,-0.005278019,0.030742492,0.048752456,0.000724744,-0.001025221,-0.000341631,0.999999153,0,nan
1853,1854,sequential,-0.044849945,0.013930306,0.030878775,-0.000752860,-0.001580852,-0.000501392,0.999998341,0,nan
1854,1855,sequential,-0.001270365,0.074642994,0.114488673,-0.000584536,-0.002439309,-0.000597888,0.999996675,0,nan
1855,1856,sequential,-0.033016681,0.117839121,0.196870357,-0.003419321,-0.004639030,-0.002220160,0.999980929,0,nan
1856,1857,sequential,-0.004193665,0.065154255,0.135321104,-0.001707347,-0.002230242,-0.003098076,0.999991256,0,nan
1857,1858,sequential,-0.067388285,0.143253119,0.300558550,-0.004510833,-0.006029702,-0.008280197,0.999937365,0,nan
1858,1859,sequential,-0.049899372,0.116240902,0.205307028,-0.001990307,-0.009150821,-0.000762573,0.999955859,0,nan
1859,1860,sequential,-0.022300584,0.099772334,0.196527404,0.000695583,-0.010147820,0.000158152,0.999948255,0,nan
1860,1861,sequential,-0.012919087,0.105349768,0.243845536,0.004726574,-0.007234441,-0.013192095,0.999875638,0,nan
1861,1862,sequential,-0.050039023,0.138282735,0.277674737,0.002209034,-0.007099022,-0.015065791,0.999858863,0,nan
1862,1863,sequential,-0.061422517,0.135129072,0.259443318,-0.000233162,-0.009744584,-0.008802819,0.999913746,0,nan
1863,1864,sequential,-0.065116793,0.104094969,0.232455256,-0.000118014,-0.012079978,-0.001970531,0.999925086,0,nan
1864,1865,sequential,-0.065866821,0.104653973,0.196732719,0.000993820,-0.013882184,0.005271529,0.999889248,0,nan
1865,1866,sequential,-0.064229605,0.144364716,0.249647056,0.000814438,-0.014823863,0.008294023,0.999855389,0,nan
1866,1867,sequential,-0.041382042,0.133802522,0.218553994,-0.000029007,-0.013646387,0.006859038,0.999883358,0,nan
1867,1868,sequential,-0.052314686,0.089383143,0.201460648,-0.002114626,-0.011071105,0.001417496,0.999935473,0,nan
1868,1869,sequential,-0.054680473,0.093767375,0.196131128,-0.002016878,-0.010649205,0.000380538,0.999941189,0,nan
1869,1870,sequential,-0.046999193,0.088576077,0.186350469,-0.000848395,-0.010547394,-0.001951714,0.999942110,0,nan
1870,1871,sequential,-0.053999549,0.057468732,0.184073680,0.000091495,-0.010841771,-0.002024296,0.999939173,0,nan
1871,1872,sequential,-0.056643524,0.087882127,0.224737578,0.000482614,-0.010719652,-0.002121007,0.999940177,0,nan
1872,1873,sequential,-0.052353617,0.069769602,0.207781855,-0.000406619,-0.011142435,-0.003326836,0.999932304,0,nan
1873,1874,sequential,-0.060708847,0.070016107,0.209602861,0.000147509,-0.011841445,-0.003962194,0.999922027,0,nan
1874,1875,sequential,-0.045152585,0.050315672,0.180092566,0.000422712,-0.012621206,-0.003284804,0.999914865,0,nan
1875,1876,sequential,-0.045245440,0.068639793,0.184029410,-0.000112143,-0.012734381,-0.004500295,0.999908781,0,nan
1876,1877,sequential,-0.039176710,0.055362556,0.199173030,0.000638717,-0.012562866,-0.005031606,0.999908220,0,nan
1877,1878,sequential,-0.052374930,0.070036862,0.206297192,0.000613840,-0.011358203,-0.007718348,0.999905516,0,nan
1878,1879,sequential,-0.045183576,0.047319856,0.199699620,0.000629299,-0.010140245,-0.002771428,0.999944548,0,nan
1879,1880,sequential,-0.032479417,0.043201087,0.183959645,0.000061799,-0.009756546,-0.003121680,0.999947529,0,nan
1880,1881,sequential,-0.050794008,0.052755006,0.215228796,0.000335416,-0.009786495,-0.002065312,0.999949922,0,nan
1881,1882,sequential,-0.047158960,0.050511210,0.193069274,-0.000528258,-0.011057265,0.000451093,0.999938625,0,nan
1882,1883,sequential,-0.029896641,0.022886888,0.174377659,0.000403449,-0.010539932,-0.001453797,0.999943315,0,nan
1883,1884,sequential,-0.036094446,0.046475159,0.194242047,0.000563933,-0.009803175,-0.002951804,0.999947432,0,nan
1884,1885,sequential,-0.038712611,0.019038341,0.161154023,0.000315247,-0.009490717,-0.003781529,0.999947762,0,nan
1885,1886,sequential,-0.029933078,0.028808446,0.168979523,0.000249719,-0.009705966,-0.006697331,0.999930436,0,nan
1886,1887,sequential,-0.033668513,0.023408045,0.175333751,0.000368359,-0.009275565,-0.008288257,0.999922563,0,nan
1887,1888,sequential,-0.034907166,0.030765206,0.175704204,0.000491203,-0.010245520,-0.005101608,0.999934379,0,nan
1888,1889,sequential,-0.038441508,0.033696148,0.184996846,-0.000211574,-0.010848038,-0.005616498,0.999925362,0,nan
1889,1890,sequential,-0.030434461,0.010861536,0.159454190,0.000781555,-0.011502487,-0.003996714,0.999925551,0,nan
1890,1891,sequential,-0.031579591,0.046233175,0.202940457,0.001443631,-0.012979434,-0.000088059,0.999914718,0,nan
1891,1892,sequential,-0.045052312,0.009938109,0.163636703,0.000116636,-0.013402924,0.000697933,0.999909926,0,nan
1892,1893,sequential,-0.033814197,0.011418541,0.151710874,0.000415721,-0.013481339,-0.001493562,0.999907921,0,nan
1893,1894,sequential,-0.010310972,0.027829864,0.179350739,0.001490830,-0.012992693,-0.003063281,0.999909788,0,nan
1894,1895,sequential,-0.023875323,0.014040219,0.179758203,-0.000782019,-0.011405213,-0.009665551,0.999887937,0,nan
1895,1896,sequential,-0.019913985,0.031254295,0.217569178,0.000927042,-0.010799029,-0.009132832,0.999899551,0,nan
1896,1897,sequential,-0.028447649,0.011030434,0.178426611,-0.000040116,-0.012331783,-0.002505886,0.999920820,0,nan
1897,1898,sequential,-0.022260154,0.052588172,0.225998885,0.001466772,-0.012599221,0.000069845,0.999919548,0,nan
1898,1899,sequential,-0.014864331,0.019768486,0.190239140,-0.002254116,-0.012563468,0.001140125,0.999917886,0,nan
1899,1900,sequential,-0.006651906,0.023366804,0.185386015,0.000279324,-0.012200298,-0.000185778,0.999925517,0,nan
1900,1901,sequential,-0.002487869,0.012163992,0.182906734,0.001894151,-0.010871983,-0.002249586,0.999936574,0,nan
1901,1902,sequential,-0.001656288,0.034784011,0.201376618,0.001263393,-0.008117352,-0.002022172,0.999964211,0,nan
1902,1903,sequential,-0.017749659,0.014835282,0.193359619,-0.000710602,-0.010999343,-0.003478356,0.999933203,0,nan
1903,1904,sequential,0.011812971,0.034281232,0.242872914,0.000284072,-0.010073639,-0.002798385,0.999945304,0,nan
1904,1905,sequential,-0.015160105,0.029536483,0.209124570,0.000666335,-0.008931078,-0.003135738,0.999954978,0,nan
1905,1906,sequential,0.001506614,-0.007272779,0.161826730,-0.001005415,-0.008065154,-0.002672702,0.999963399,0,nan
1906,1907,sequential,-0.019535465,0.018137141,0.160502041,-0.000334580,-0.009007011,-0.002400926,0.999956498,0,nan
1907,1908,sequential,-0.010846572,-0.015439763,0.123794201,0.000442616,-0.007788613,-0.001659550,0.999968193,0,nan
1908,1909,sequential,0.009970598,0.036546933,0.231339731,0.002759229,-0.010194130,-0.004309291,0.999934946,0,nan
1909,1910,sequential,0.015580757,-0.036208511,0.068304898,0.000027130,-0.010685854,-0.003245005,0.999937639,0,nan
1910,1911,sequential,0.004955790,0.017228941,0.162288259,-0.000494697,-0.011531674,-0.002578349,0.999930061,0,nan
1911,1912,sequential,0.007934022,-0.002804682,0.122139200,-0.000585714,-0.007745551,-0.002112624,0.999967600,0,nan
1912,1913,sequential,0.004929915,0.028803821,0.190084468,0.000813515,-0.009311292,-0.002349335,0.999953558,0,nan
1913,1914,sequential,-0.003722876,0.036802939,0.191267507,0.000589545,-0.007868004,-0.002150394,0.999966561,0,nan
1914,1915,sequential,-0.010848663,0.006447757,0.181338901,-0.000587309,-0.007026310,-0.001733891,0.999973639,0,nan
1915,1916,sequential,-0.001809806,0.056234798,0.241908338,0.000318574,-0.005814730,-0.001717401,0.999981569,0,nan
1916,1917,sequential,0.016152446,0.000643979,0.203940543,-0.000604075,-0.001996700,-0.001273712,0.999997013,0,nan
1917,1918,sequential,-0.015023736,0.009424006,0.192323710,0.000364625,-0.001570151,-0.000240130,0.999998672,0,nan
1918,1919,sequential,0.003773921,0.014764459,0.188336231,-0.002929622,-0.000653326,-0.000116832,0.999995488,0,nan
1919,1920,sequential,0.003838208,-0.059363772,0.093177995,-0.002767272,-0.000006723,-0.000082764,0.999996168,0,nan
1920,1921,sequential,0.011259046,-0.015666154,0.059344119,0.000462984,0.000954418,0.000027930,0.999999437,0,nan
1921,1922,sequential,0.003578275,0.017041276,0.213365251,0.002989010,0.001037859,0.000093216,0.999994990,0,nan
1922,1923,sequential,0.008662274,-0.003729010,0.124429414,-0.000786909,0.000835471,0.000248180,0.999999311,0,nan
1923,1924,sequential,-0.014575318,0.000838891,0.151627892,-0.000418490,0.001514945,0.000725256,0.999998502,0,nan
1924,1925,sequential,0.013417521,-0.029158266,0.066459438,-0.000544415,0.001360087,0.001269337,0.999998121,0,nan
1925,1926,sequential,-0.033625689,-0.009536978,0.021526281,-0.002116249,0.000986036,0.001084763,0.999996686,0,nan
1926,1927,sequential,-0.044287323,0.021184901,0.179613712,-0.000959015,0.000781370,0.000352711,0.999999173,0,nan
1927,1928,sequential,-0.014980179,-0.012200411,0.097630251,-0.001774682,0.000631371,-0.000030302,0.999998225,0,nan
1928,1929,sequential,-0.041320683,-0.001193520,0.152237998,0.000235693,0.001065363,0.000065012,0.999999403,0,nan
1929,1930,sequential,-0.026448965,0.011821973,0.088941799,0.000269357,0.000050993,0.000391225,0.999999886,0,nan
1930,1931,sequential,-0.001451773,-0.023368206,0.090392315,0.004040673,-0.000113957,0.001061204,0.999991267,0,nan
1931,1932,sequential,0.002094574,-0.010628802,0.088793476,0.004709557,0.000920425,-0.000343976,0.999988427,0,nan
1932,1933,sequential,0.004907005,-0.027882688,-0.013533375,0.002008665,0.000871365,0.000310117,0.999997555,0,nan
1933,1934,sequential,0.042235684,0.002922058,0.052580968,0.000773614,0.000342573,0.000195086,0.999999623,0,nan
1934,1935,sequential,-0.015264191,-0.012131089,0.101347342,-0.002126386,0.000934002,0.000178170,0.999997287,0,nan
1935,1936,sequential,-0.040420010,-0.001444664,0.140446642,-0.002647477,0.000695622,-0.000223872,0.999996228,0,nan
1936,1937,sequential,-0.057019948,-0.037640445,0.159136871,-0.006472715,0.000685929,0.000526284,0.999978678,0,nan
1937,1938,sequential,-0.054385132,-0.013913214,0.221347763,-0.004723672,0.001409461,0.000877613,0.999987465,0,nan
1938,1939,sequential,-0.032305159,-0.048446442,0.131249876,-0.002168187,0.002021408,0.000476334,0.999995493,0,nan
1939,1940,sequential,-0.035770599,-0.025231254,0.132426774,0.000558527,0.003367551,0.000675580,0.999993946,0,nan
1940,1941,sequential,0.016800172,-0.024792613,0.000236682,0.001121252,0.001039456,0.000402556,0.999998750,0,nan
1941,1942,sequential,-0.029094257,-0.036768445,0.112785994,0.001043594,0.000515692,-0.000236431,0.999999295,0,nan
1942,1943,sequential,-0.035508376,-0.072426054,0.122700666,0.002676891,0.000465315,-0.000156694,0.999996297,0,nan
1943,1944,sequential,-0.060752071,-0.034759916,0.165602626,0.005682369,0.000185267,0.001165008,0.999983159,0,nan
1944,1945,sequential,-0.051431435,-0.059701548,0.142517071,0.004853326,-0.000720223,0.000902677,0.999987556,0,nan
1945,1946,sequential,-0.038789955,-0.052004948,0.149974004,0.002792699,-0.000399278,-0.000486267,0.999995902,0,nan
1946,1947,sequential,-0.053451430,-0.058354663,0.154387602,0.001669581,-0.000273976,-0.000117176,0.999998562,0,nan
1947,1948,sequential,-0.035141455,-0.042422531,0.131694009,0.000231262,0.000103772,-0.000995799,0.999999472,0,nan
1948,1949,sequential,-0.049137990,-0.064831642,0.147969351,0.000169970,-0.000349241,-0.000195245,0.999999906,0,nan
1949,1950,sequential,-0.039050747,-0.083029898,0.115317718,0.006257892,0.000237302,-0.002034150,0.999978322,0,nan
1950,1951,sequential,-0.082918090,0.013572603,0.226342352,0.012737803,0.000105533,-0.000409832,0.999918781,0,nan
1951,1952,sequential,-0.067545521,0.009600626,0.217015954,0.006697239,0.000095977,-0.000380368,0.999977496,0,nan
1952,1953,sequential,-0.057184233,0.025753935,0.205287456,0.002172264,0.000740577,-0.000275347,0.999997328,0,nan
1953,1954,sequential,-0.052469849,0.003223835,0.154816291,-0.007238210,0.000410905,-0.000181252,0.999973703,0,nan
1954,1955,sequential,-0.095626534,0.022619393,0.266157220,-0.008191455,0.000670722,0.000964672,0.999965759,0,nan
1955,1956,sequential,-0.067914288,0.074966122,0.241637080,-0.015319869,0.003120762,0.002031835,0.999875709,0,nan
1956,1957,sequential,-0.063328153,0.032823803,0.176587415,-0.015463249,0.007104760,0.006084845,0.999836679,0,nan
1957,1958,sequential,-0.077671018,-0.023577351,0.196358568,-0.011673417,0.007449183,0.012686021,0.999823637,0,nan
1958,1959,sequential,-0.108789511,0.028476503,0.258102889,-0.007937645,0.012922283,0.001530026,0.999883827,0,nan
1959,1960,sequential,-0.086543864,0.046177543,0.215117695,-0.008730102,0.011035429,0.001761882,0.999899445,0,nan
1960,1961,sequential,-0.079208602,0.043641872,0.220421264,-0.010813902,0.011496298,0.004213430,0.999866562,0,nan
1961,1962,sequential,-0.114619144,-0.049766752,0.181442544,-0.001208394,0.016198106,0.005843373,0.999850997,0,nan
1962,1963,sequential,-0.042611918,0.008381703,0.151346846,0.008793610,0.012792010,0.004986474,0.999867077,0,nan
1963,1964,sequential,-0.130734234,0.043889451,0.286736442,0.015731270,0.018140251,0.006696757,0.999689258,0,nan
1964,1965,sequential,-0.184582246,0.014499786,0.304113222,0.011048554,0.018409820,0.012722230,0.999688528,0,nan
1965,1966,sequential,-0.050539394,0.008657040,0.080906947,0.004765942,0.005209415,0.014010011,0.999876926,0,nan
1966,1967,sequential,-0.015019006,0.031013355,0.071118259,0.002176996,0.002787368,0.007517796,0.999965486,0,nan
1967,1968,sequential,-0.074718366,0.095819460,0.149234929,0.006170266,0.010018100,0.017143395,0.999783811,0,nan
1968,1969,sequential,-0.103154417,0.113351959,0.266898048,0.017343763,0.018305815,0.019460757,0.999492556,0,nan
1969,1970,sequential,-0.061809116,0.081213986,0.147587828,0.008635627,0.012424927,0.004141299,0.999876941,0,nan
1970,1971,sequential,-0.093866546,0.189227115,0.231942942,0.011895716,0.020601333,0.003982773,0.999709065,0,nan
1971,1972,sequential,-0.090365561,0.093123223,0.216713763,0.009035512,0.019600197,0.005385929,0.999752561,0,nan
1972,1973,sequential,-0.068318540,0.122689252,0.168132563,0.006268417,0.015548967,0.004446043,0.999849573,0,nan
1973,1974,sequential,-0.079541724,0.084693784,0.176211097,0.005645103,0.019715343,0.001695454,0.999788259,0,nan
1974,1975,sequential,-0.083573601,0.091232779,0.175046749,0.006784351,0.019475248,0.002849564,0.999783260,0,nan
1975,1976,sequential,-0.050744519,0.159580306,0.250117696,0.003143647,0.019198754,0.000109926,0.999810739,0,nan
1976,1977,sequential,-0.063384182,0.066938854,0.161476080,-0.000777796,0.020066699,-0.002875668,0.999794205,0,nan
1977,1978,sequential,-0.050041465,0.066561197,0.169819305,-0.000532263,0.019501554,-0.003186639,0.999804607,0,nan
1978,1979,sequential,-0.042828876,0.038969104,0.140933013,0.000239231,0.017254799,0.000357176,0.999851032,0,nan
1979,1980,sequential,-0.006067853,0.018349614,0.083162473,0.006747622,0.016288370,-0.002309844,0.999841899,0,nan
1980,1981,sequential,-0.037981472,0.115206632,0.149918259,0.003086944,0.012229503,-0.000848103,0.999920092,0,nan
1981,1982,sequential,-0.009651449,0.070597528,0.140452233,-0.008498004,0.011393830,-0.007933666,0.999867502,0,nan
1982,1983,sequential,0.005751347,0.008259801,0.083842532,-0.007777081,0.009328963,-0.005306440,0.999912161,0,nan
1983,1984,sequential,0.019720942,-0.014139601,0.064757696,-0.003974975,0.008565588,-0.001285660,0.999954588,0,nan
1984,1985,sequential,0.011835984,0.014815807,0.085924601,-0.001383485,0.007271728,0.003535885,0.999966352,0,nan
1985,1986,sequential,0.032764185,0.017377964,0.095697078,-0.000135480,0.006399090,0.006424994,0.999958876,0,nan
1986,1987,sequential,0.050762272,0.007322862,0.100500583,0.000990581,0.007001290,0.007656460,0.999945688,0,nan
1987,1988,sequential,0.047042379,0.015604787,0.098087160,0.001322639,0.006590806,0.011153495,0.999915202,0,nan
1988,1989,sequential,0.067774387,0.038717421,0.086553389,0.002557771,0.007352827,0.007626992,0.999940610,0,nan
1989,1990,sequential,0.096005227,0.027240972,0.091995870,0.002163112,0.007273797,0.004127344,0.999962688,0,nan
1990,1991,sequential,0.125221283,0.031368475,0.078632837,0.002754698,0.009155242,-0.000249816,0.999954264,0,nan
1991,1992,sequential,0.086695236,0.030938288,0.086020186,0.002829407,0.010432658,-0.004201501,0.999932748,0,nan
1992,1993,sequential,0.090079850,0.033453507,0.119766914,0.001494930,0.008596442,0.003393469,0.999956174,0,nan
1993,1994,sequential,0.138100097,0.012801288,0.091446922,0.002470843,0.008888493,0.003441999,0.999951520,0,nan
1994,1995,sequential,0.130556028,0.033912156,0.064749674,0.002960119,0.009598136,0.004628068,0.999938845,0,nan
1995,1996,sequential,0.118477885,0.032242046,0.072844835,0.002695718,0.009938800,0.005650732,0.999931009,0,nan
1996,1997,sequential,0.145882470,0.045726889,0.086078286,0.003022549,0.010396349,0.004718875,0.999930254,0,nan
1997,1998,sequential,0.180069973,0.054711650,0.105822469,0.003579048,0.012452082,0.002545971,0.999912823,0,nan
1998,1999,sequential,0.156409924,0.034357484,0.120492811,0.003885093,0.013411927,0.004265488,0.999893410,0,nan
1999,2000,sequential,0.164931456,0.050063409,0.127711984,0.004017216,0.014118700,0.002530743,0.999889054,0,nan
2000,2001,sequential,0.185545409,0.079431616,0.139374663,0.002915091,0.015450172,0.001532799,0.999875215,0,nan
2001,2002,sequential,0.206213469,0.053347283,0.073746768,0.003536324,0.017039854,-0.001807993,0.999846923,0,nan
2002,2003,sequential,0.202608935,0.068051265,0.157204934,0.003578936,0.018677519,-0.003722221,0.999812226,0,nan
2003,2004,sequential,0.179833121,0.059300536,0.094006509,0.002631897,0.018285128,-0.002235440,0.999826850,0,nan
2004,2005,sequential,0.191927789,0.080301357,0.083265451,0.002979342,0.016888277,0.002098620,0.999850742,0,nan
2005,2006,sequential,0.197980713,0.060800738,0.093925821,0.002831798,0.016393347,0.005677215,0.999845492,0,nan
2006,2007,sequential,0.192279028,0.070281498,0.124479500,0.003540726,0.017017610,0.003880666,0.999841390,0,nan
2007,2008,sequential,0.188414462,0.077803365,0.150973146,0.002851844,0.016564176,0.003946930,0.999850947,0,nan
2008,2009,sequential,0.201380925,0.071726657,0.151878607,0.001841927,0.015920416,0.005449796,0.999856713,0,nan
2009,2010,sequential,0.180780032,0.076452169,0.190869020,0.003190541,0.016171299,0.005464006,0.999849216,0,nan
2010,2011,sequential,0.189130209,0.061994795,0.157044090,0.001535123,0.015897332,0.006867335,0.999848868,0,nan
2011,2012,sequential,0.192777816,0.077408286,0.161830121,0.002785716,0.014797516,0.007072845,0.999861615,0,nan
2012,2013,sequential,0.205011735,0.050922601,0.087083084,0.003723674,0.014899274,0.006265733,0.999862434,0,nan
2013,2014,sequential,0.190077437,0.063642040,0.045519846,0.002636322,0.015642634,0.005889338,0.999856827,0,nan
2014,2015,sequential,0.211568574,0.060542375,0.096138099,0.002682985,0.015260541,0.004820223,0.999868333,0,nan
2015,2016,sequential,0.143359077,0.062920010,0.144119492,0.002166241,0.009079338,0.002076665,0.999954279,0,nan
2016,2017,sequential,0.172771244,0.084475498,0.193445082,0.000864170,0.011218590,0.001720279,0.999935216,0,nan
2017,2018,sequential,0.091093874,0.041515296,0.120837771,-0.001190831,0.005494576,0.001091001,0.999983601,0,nan
2018,2019,sequential,0.223331812,0.112220398,0.270494890,-0.006728881,0.014375047,-0.001608555,0.999872738,0,nan
2019,2020,sequential,0.190379692,0.084500065,0.219991248,-0.004320377,0.010835054,-0.000236128,0.999931938,0,nan
2020,2021,sequential,0.228544846,0.056004314,0.237410686,-0.002883491,0.012667352,0.002850914,0.999911544,0,nan
2021,2022,sequential,0.226564068,0.081182544,0.262553804,-0.003165759,0.013275261,0.000828950,0.999906525,0,nan
2022,2023,sequential,0.222534236,0.036213195,0.247703442,0.001555163,0.013243331,-0.001968554,0.999909156,0,nan
2023,2024,sequential,0.201746105,0.046410097,0.228340811,0.007841614,0.013982188,-0.006506795,0.999850323,0,nan
2024,2025,sequential,0.225713756,0.049252956,0.221948737,0.010085421,0.013320042,-0.011787220,0.999790939,0,nan
2025,2026,sequential,0.192096672,0.110097910,0.257932534,0.007421376,0.011515931,-0.012496151,0.999828062,0,nan
2026,2027,sequential,0.150162516,0.073609395,0.204581788,0.000201046,0.006944713,-0.004817100,0.999964262,0,nan
2027,2028,sequential,0.152042033,0.067931867,0.206997378,0.001154612,0.006372093,-0.003133291,0.999974123,0,nan
2028,2029,sequential,0.122712606,0.078636184,0.196419088,0.002343888,0.006099618,-0.000054957,0.999978649,0,nan
2029,2030,sequential,0.101552876,0.053739164,0.158093520,-0.005870805,0.005473994,0.000650956,0.999967572,0,nan
2030,2031,sequential,0.126320012,0.067056070,0.213373015,-0.008885309,0.006684770,0.000760366,0.999937892,0,nan
2031,2032,sequential,0.151475700,0.061410702,0.256270808,-0.009988606,0.009122897,0.002345169,0.999905746,0,nan
2032,2033,sequential,0.135569048,0.012214901,0.116758035,-0.002926700,0.007299605,0.001695320,0.999967638,0,nan
2033,2034,sequential,0.133414636,0.001278247,0.119082947,-0.005668181,0.007532272,0.003515997,0.999949386,0,nan
2034,2035,sequential,0.134809440,-0.001594602,0.118726827,-0.007226632,0.007623106,0.003550620,0.999938527,0,nan
2035,2036,sequential,0.125222294,0.002730508,0.141970515,-0.010980281,0.007496287,0.002837351,0.999907590,0,nan
2036,2037,sequential,0.120838613,-0.031821986,0.144866682,-0.003418405,0.007869148,0.003129067,0.999958299,0,nan
2037,2038,sequential,0.118062803,-0.015994106,0.141215672,0.007254803,0.007226366,0.004864698,0.999935739,0,nan
2038,2039,sequential,0.113087172,-0.012340016,0.160438642,0.010989496,0.006597169,0.004373832,0.999908285,0,nan
2039,2040,sequential,0.115104353,-0.013115170,0.129593433,0.016476187,0.005972647,0.002833375,0.999842405,0,nan
2040,2041,sequential,0.111113817,-0.006906697,0.126095479,0.010987747,0.005566032,0.002084918,0.999921968,0,nan
2041,2042,sequential,0.103153228,0.001728454,0.165997536,0.005644476,0.004390527,0.002930437,0.999970137,0,nan
2042,2043,sequential,0.118910131,-0.020693307,0.063943277,0.004022660,0.005348522,0.000586839,0.999977433,0,nan
2043,2044,sequential,0.118940715,-0.000959582,0.136198703,0.004158007,0.008258099,-0.008735727,0.999919098,0,nan
2044,2045,sequential,0.090715502,0.013672814,0.162049373,-0.004701107,0.010401381,-0.016502101,0.999798675,0,nan
2045,2046,sequential,0.085406674,0.009103472,0.123726244,-0.020702924,0.010108402,-0.011437658,0.999669140,0,nan
2046,2047,sequential,0.081129685,-0.022547476,0.120732071,-0.025083480,0.007685621,-0.001173952,0.999655127,0,nan
2047,2048,sequential,0.081278056,-0.016577707,0.141874302,-0.018049593,0.008648569,-0.002659294,0.999796151,0,nan
2048,2049,sequential,0.061420437,-0.038587539,0.143040686,-0.014506326,0.010130144,-0.002043239,0.999841373,0,nan
2049,2050,sequential,0.047184870,-0.044434996,0.145501616,-0.009652103,0.010152170,0.000367997,0.999901813,0,nan
2050,2051,sequential,0.040851402,-0.051981534,0.147785778,-0.009982103,0.008341523,0.006911461,0.999891498,0,nan
2051,2052,sequential,0.060756273,-0.126644449,0.273886185,-0.022824305,0.016652925,0.014886740,0.999489928,0,nan
2052,2053,sequential,0.034305782,-0.143223772,0.253932061,-0.020036462,0.012960335,0.011309452,0.999651272,0,nan
2053,2054,sequential,0.008910605,-0.189102441,0.265832267,-0.004691104,0.011984538,0.008177015,0.999883744,0,nan
2054,2055,sequential,-0.006526376,-0.122974498,0.178552335,0.009509020,0.005130843,0.010659194,0.999884811,0,nan
2055,2056,sequential,-0.005071884,-0.118288872,0.174331859,0.006066105,0.006694706,0.003566630,0.999952830,0,nan
2056,2057,sequential,-0.015386777,-0.130492268,0.185678470,0.000723149,0.005470977,0.003819809,0.999977477,0,nan
2057,2058,sequential,-0.018319066,-0.153140691,0.189946593,0.003621037,0.006227356,-0.001016030,0.999973538,0,nan
2058,2059,sequential,-0.025832561,-0.153377987,0.196695804,0.011724227,0.006509558,-0.002869207,0.999905963,0,nan
2059,2060,sequential,-0.031935450,-0.161515674,0.218764609,0.016349373,0.006120706,-0.001299027,0.999846762,0,nan
2060,2061,sequential,-0.044197453,-0.156894815,0.222860511,0.014700696,0.005659507,0.000061925,0.999875920,0,nan
2061,2062,sequential,-0.053432014,-0.167146929,0.236625537,0.019049684,0.005650604,0.002642396,0.999799079,0,nan
2062,2063,sequential,-0.058935801,-0.142581325,0.233687137,0.018705241,0.003710438,0.009624315,0.999771834,0,nan
2063,2064,sequential,-0.068249194,-0.147935086,0.247994016,0.012555932,0.003775799,0.016810624,0.999772722,0,nan
2064,2065,sequential,-0.057794974,-0.131935382,0.224267258,0.007119531,0.003762715,0.022249272,0.999720023,0,nan
2065,2066,sequential,-0.064277193,-0.148342468,0.247909380,0.004714472,0.007325804,0.015374220,0.999843858,0,nan
2066,2067,sequential,-0.087965244,-0.143713965,0.225288582,0.003217725,0.009537723,0.014839442,0.999839222,0,nan
2067,2068,sequential,-0.091027385,-0.125422859,0.251235851,0.001511864,0.008707427,0.021258470,0.999734951,0,nan
2068,2069,sequential,-0.089929230,-0.130404434,0.231885728,0.001555746,0.010523169,0.021753909,0.999706762,0,nan
2069,2070,sequential,-0.107030240,-0.144309112,0.231137816,0.001667340,0.015756006,0.014870677,0.999763888,0,nan
2070,2071,sequential,-0.103525807,-0.139113409,0.223952913,0.004081454,0.018089896,0.016830833,0.999686361,0,nan
2071,2072,sequential,-0.121671090,-0.148413387,0.198192385,0.005222314,0.019028873,0.020380036,0.999597561,0,nan
2072,2073,sequential,-0.130878504,-0.165136901,0.128698842,0.007183720,0.021555942,0.015370278,0.999623674,0,nan
2073,2074,sequential,-0.149784025,-0.161787867,0.107708043,0.001179960,0.025458010,0.006404142,0.999654683,0,nan
2074,2075,sequential,-0.088432071,-0.111009795,0.164215551,0.001797675,0.020791976,0.001802148,0.999780583,0,nan
2075,2076,sequential,-0.108516768,-0.184653212,0.054623440,0.002971871,0.023518750,-0.013833453,0.999623265,0,nan
2076,2077,sequential,-0.120042480,-0.099473844,0.183600057,0.017564553,0.026981036,-0.017501511,0.999328378,0,nan
2077,2078,sequential,-0.137015559,0.016589362,0.226693086,-0.002059587,0.021537828,-0.011888814,0.999695222,0,nan
2078,2079,sequential,-0.155613943,-0.142225609,0.149402209,-0.009071683,0.015149514,-0.004815780,0.999832488,0,nan
2079,2080,sequential,-0.133215388,-0.121328315,0.130970340,-0.005730223,0.009216575,-0.003338596,0.999935534,0,nan
2080,2081,sequential,-0.109965835,-0.087731473,0.135763504,-0.002719645,0.003712980,-0.001932893,0.999987541,0,nan
2081,2082,sequential,-0.135716782,-0.084731943,0.226180233,-0.002114907,-0.001902057,-0.002996866,0.999991464,0,nan
2082,2083,sequential,-0.146951645,-0.085010818,0.185022640,-0.001160582,-0.010390700,-0.004064386,0.999937082,0,nan
2083,2084,sequential,-0.118721593,-0.074418297,0.207596122,-0.000145413,-0.013542096,-0.005063905,0.999895468,0,nan
2084,2085,sequential,-0.098899469,-0.053687177,0.207711939,0.000149268,-0.014995584,-0.005767393,0.999870915,0,nan
2085,2086,sequential,-0.085802117,-0.070785559,0.222894568,-0.001033856,-0.014360483,-0.004399321,0.999886670,0,nan
2086,2087,sequential,-0.072331650,-0.065473968,0.213395335,0.000157560,-0.012869615,-0.004514832,0.999906978,0,nan
2087,2088,sequential,-0.061909159,-0.061332664,0.233494895,0.001210840,-0.011301397,-0.003304476,0.999929944,0,nan
2088,2089,sequential,-0.069265718,-0.033575128,0.220032588,0.001356601,-0.010604993,-0.003843010,0.999935460,0,nan
2089,2090,sequential,-0.061687801,-0.021202128,0.208302215,0.000057611,-0.008694103,-0.004613438,0.999951562,0,nan
2090,2091,sequential,-0.066976122,-0.040447943,0.231692185,0.000379285,-0.006089580,-0.006539524,0.999960003,0,nan
2091,2092,sequential,-0.056899484,-0.013578236,0.252134864,0.001182179,-0.005938136,-0.006384796,0.999961287,0,nan
2092,2093,sequential,-0.055728235,-0.020968233,0.260625135,0.001527493,-0.008177189,-0.005629957,0.999949551,0,nan
2093,2094,sequential,-0.021841053,-0.020752379,0.105280915,0.001099181,-0.004534895,-0.010823666,0.999930535,0,nan
2094,2095,sequential,-0.088991150,-0.052725381,0.105193033,0.000702269,-0.003065904,-0.011104495,0.999933396,0,nan
2095,2096,sequential,-0.032947158,0.008906048,0.069227863,0.000432279,-0.003837751,-0.009087461,0.999951250,0,nan
2096,2097,sequential,-0.027084495,0.040844962,0.127502003,0.000685249,-0.003402747,-0.006483648,0.999972957,0,nan
2097,2098,sequential,-0.073193933,0.016480622,0.054008961,0.000249184,-0.002939341,-0.005750639,0.999979114,0,nan
2098,2099,sequential,-0.026048636,0.005512696,-0.011668278,-0.000282695,0.000264422,-0.010024825,0.999949675,0,nan
2099,2100,sequential,-0.021062603,-0.032071466,-0.062121686,0.000485972,0.003419440,-0.017472495,0.999841379,0,nan
2100,2101,sequential,-0.088048053,-0.000342573,0.083367244,-0.000350656,0.002385097,-0.011009140,0.999936492,0,nan
2101,2102,sequential,-0.057787272,0.008225308,0.059309158,-0.000244804,0.000812576,-0.003924252,0.999991940,0,nan
2102,2103,sequential,-0.088369386,0.055244940,0.023143771,0.000644667,0.001137044,-0.003318659,0.999993639,0,nan
2103,2104,sequential,-0.063513688,-0.016464669,0.080445215,-0.000554455,0.001181494,-0.004236942,0.999990172,0,nan
2104,2105,sequential,-0.095246355,-0.040860100,-0.109439865,-0.000202730,0.000036320,-0.001775218,0.999998403,0,nan
2105,2106,sequential,-0.185291006,-0.024850585,0.097024705,0.000365663,-0.003971296,0.007299572,0.999965405,0,nan
2106,2107,sequential,-0.120265893,0.017396875,0.096862142,0.002478911,-0.009400109,0.015477620,0.999832954,0,nan
2107,2108,sequential,-0.154570949,0.009224562,0.073816423,0.003790111,-0.013480246,0.011522595,0.999835560,0,nan
2108,2109,sequential,-0.152832883,0.037672791,0.178303377,0.000382832,-0.013925251,0.004942995,0.999890748,0,nan
2109,2110,sequential,-0.156065564,0.030880131,0.124858901,0.002460599,-0.015794817,0.004044174,0.999864048,0,nan
2110,2111,sequential,-0.160460085,0.031105239,0.182441174,-0.000931197,-0.016331234,0.005161889,0.999852878,0,nan
2111,2112,sequential,-0.144832853,0.016753068,0.058166852,0.000630600,-0.019247481,0.011149480,0.999752382,0,nan
2112,2113,sequential,-0.147777220,0.030243968,0.118970152,0.000874590,-0.018567018,0.004556528,0.999816853,0,nan
2113,2114,sequential,-0.092426233,0.025929347,0.156053364,0.000065403,-0.013330102,-0.002798759,0.999907231,0,nan
2114,2115,sequential,-0.107765986,0.054081487,0.261886304,0.000512590,-0.016945189,-0.007209325,0.999830297,0,nan
2115,2116,sequential,-0.085869596,0.043849546,0.246860891,0.001505723,-0.016693009,-0.007425831,0.999831953,0,nan
2116,2117,sequential,-0.068377367,0.057477639,0.248391825,0.000690792,-0.013567182,-0.003353624,0.999902099,0,nan
2117,2118,sequential,-0.068766619,0.064366895,0.284749800,0.000371987,-0.018250581,-0.003783818,0.999826215,0,nan
2118,2119,sequential,-0.022531247,0.024499929,0.199299844,0.000137346,-0.011684400,-0.001358304,0.999930803,0,nan
2119,2120,sequential,-0.033270906,0.010567052,0.224494910,0.000204843,-0.015959118,-0.002718088,0.999868930,0,nan
2120,2121,sequential,-0.029934753,0.004793924,0.100844255,0.000132499,-0.011619708,-0.003425467,0.999926613,0,nan
2121,2122,sequential,-0.043190079,0.021128931,0.160804876,0.000442533,-0.014149723,-0.006853899,0.999876299,0,nan
2122,2123,sequential,-0.001131021,0.056223620,0.177231030,0.001215722,-0.014585723,-0.003325509,0.999887354,0,nan
2123,2124,sequential,0.011024549,0.001301812,0.032882382,-0.000349433,-0.006914238,-0.001151694,0.999975372,0,nan
2124,2125,sequential,0.108056895,-0.030808290,-0.016439282,0.000006894,-0.011962985,-0.002893014,0.999924256,0,nan
2125,2126,sequential,0.113290265,-0.023810963,0.000031503,0.001465434,-0.013804478,-0.005800545,0.999886815,0,nan
2126,2127,sequential,0.133466413,0.004742852,0.059781939,0.001140909,-0.013220913,-0.005897825,0.999894555,0,nan
2127,2128,sequential,0.057156381,-0.008724378,0.118714063,-0.001365329,-0.010083281,-0.003317565,0.999942727,0,nan
2128,2129,sequential,0.106380184,-0.006217666,0.115065482,-0.000882359,-0.014123549,-0.002537127,0.999896650,0,nan
2129,2130,sequential,0.095015460,0.040666638,0.076174542,-0.000083604,-0.012527928,-0.003306397,0.999916052,0,nan
2130,2131,sequential,0.049401435,0.016817817,0.096076178,0.000427884,-0.010097775,-0.002185973,0.999946535,0,nan
2131,2132,sequential,0.077140058,0.023308910,0.121099504,0.000679754,-0.014741568,-0.002345380,0.999888355,0,nan
2132,2133,sequential,0.083810015,0.037324048,0.121440781,-0.000248343,-0.014956244,-0.003466523,0.999882109,0,nan
2133,2134,sequential,0.088058618,0.064794129,0.211185395,-0.000629814,-0.018992915,-0.004537934,0.999809122,0,nan
2134,2135,sequential,0.115769956,0.052070683,0.162908156,-0.002128167,-0.019599018,-0.005525035,0.999790390,0,nan
2135,2136,sequential,0.104523760,0.016247267,0.130400155,-0.000531663,-0.019042190,-0.006071961,0.999800102,0,nan
2136,2137,sequential,0.132835453,0.053305223,0.140590222,0.000971072,-0.019204673,-0.005083650,0.999802177,0,nan
2137,2138,sequential,0.130391722,0.006721640,0.039803877,0.001176947,-0.017388543,-0.006324944,0.999828109,0,nan
2138,2139,sequential,0.139167531,0.073921015,0.060962545,0.002262588,-0.017291523,-0.004827898,0.999836274,0,nan
2139,2140,sequential,0.121766098,0.053538223,0.033281491,0.000708258,-0.016203182,-0.004425530,0.999858675,0,nan
2140,2141,sequential,0.120906816,0.059326936,0.062294545,0.000305208,-0.016107514,-0.005069684,0.999857366,0,nan
2141,2142,sequential,0.122184906,0.055917630,0.084205543,-0.000699306,-0.016906290,-0.004757902,0.999845513,0,nan
2142,2143,sequential,0.110853247,0.053924181,0.057613952,0.000520664,-0.017770113,-0.005173116,0.999828581,0,nan
2143,2144,sequential,0.132658846,0.073476215,0.071463383,-0.000506785,-0.017722837,-0.004715971,0.999831688,0,nan
2144,2145,sequential,0.148641938,0.024980290,0.014705439,-0.000071720,-0.014017201,-0.013184685,0.999814821,0,nan
2145,2146,sequential,0.107619125,0.068112230,0.032806405,0.001767643,-0.012117741,-0.017957463,0.999763755,0,nan
2146,2147,sequential,0.135445940,0.074293204,0.033864435,0.000615679,-0.012200843,-0.016708921,0.999785763,0,nan
2147,2148,sequential,0.099208296,0.150939471,0.168303383,-0.005077046,-0.011134835,-0.015572004,0.999803857,0,nan
2148,2149,sequential,0.075402627,0.070578543,0.105535566,-0.013285580,-0.010158502,-0.013433611,0.999769892,0,nan
2149,2150,sequential,0.078051555,0.033077157,-0.006588155,-0.003868909,-0.010151912,-0.008815949,0.999902120,0,nan
2150,2151,sequential,0.067417764,0.073463471,0.003544258,0.000747525,-0.010293101,-0.005012595,0.999934181,0,nan
2151,2152,sequential,0.042645198,0.089408759,0.000719677,0.001654193,-0.010690182,-0.003283050,0.999936101,0,nan
2152,2153,sequential,0.040794200,0.062669164,-0.030332314,0.003829186,-0.011455306,0.000948990,0.999926604,0,nan
2153,2154,sequential,0.043249613,0.105122553,-0.000501195,0.006453687,-0.011909864,0.001174989,0.999907558,0,nan
2154,2155,sequential,0.030912625,0.124622502,0.006204553,0.008705198,-0.011856554,0.000803343,0.999891492,0,nan
2155,2156,sequential,0.030088364,0.159582314,0.042003780,0.005170932,-0.011254378,-0.000211179,0.999923275,0,nan
2156,2157,sequential,0.013571094,0.116687130,-0.003004431,-0.001175732,-0.010918895,-0.000842060,0.999939341,0,nan
2157,2158,sequential,0.011876758,0.115768595,0.017166484,-0.003389633,-0.010939881,-0.000679634,0.999934182,0,nan
2158,2159,sequential,0.020065139,0.090417287,-0.029834424,-0.004288332,-0.009723197,-0.002754490,0.999939739,0,nan
2159,2160,sequential,0.006145614,0.092936599,0.023340347,-0.001961938,-0.006508862,-0.011820619,0.999907025,0,nan
2160,2161,sequential,-0.035834524,0.087028932,0.047045681,0.000145778,-0.005079658,-0.014244936,0.999885622,0,nan
2161,2162,sequential,-0.014640100,0.124028101,0.027336265,0.003295551,-0.005784284,-0.012206842,0.999903333,0,nan
2162,2163,sequential,-0.049938370,0.088611246,0.035547205,0.003048462,-0.004021477,-0.013359803,0.999898020,0,nan
2163,2164,sequential,-0.066030730,0.092820382,0.034698695,0.003391168,-0.003831227,-0.014724667,0.999878496,0,nan
2164,2165,sequential,-0.083640889,0.098833643,0.056697239,0.002869311,-0.005230211,-0.011720982,0.999913512,0,nan
2165,2166,sequential,-0.094076382,0.109853648,0.090523577,0.000517663,-0.006920469,-0.007139586,0.999950431,0,nan
2166,2167,sequential,-0.104247677,0.120045419,0.097658501,-0.002462643,-0.008539439,-0.006403393,0.999940003,0,nan
2167,2168,sequential,-0.109401316,0.089218393,0.070755797,-0.004241393,-0.009770382,-0.006209250,0.999923995,0,nan
2168,2169,sequential,-0.111501271,0.096653814,0.058426834,-0.005107958,-0.009769849,-0.007567240,0.999910594,0,nan
2169,2170,sequential,-0.147390123,0.075551766,0.075986726,-0.005388523,-0.009986953,-0.006430307,0.999914934,0,nan
2170,2171,sequential,-0.167650977,0.046266883,0.047223210,-0.004543580,-0.011399234,-0.003278177,0.999919330,0,nan
2171,2172,sequential,-0.203669129,0.031577804,0.078987076,0.002031195,-0.013696822,0.002255180,0.999901588,0,nan
2172,2173,sequential,-0.197169051,0.049901626,0.087770435,0.007582845,-0.016258198,0.002148631,0.999836764,0,nan
2173,2174,sequential,-0.195909919,0.100625899,0.133266511,0.007358437,-0.016743829,0.000666970,0.999832512,0,nan
2174,2175,sequential,-0.187972924,0.095965490,0.150993658,0.004970274,-0.014122606,0.002040839,0.999885835,0,nan
2175,2176,sequential,-0.207343024,0.068429253,0.156769606,-0.001150473,-0.011432383,0.005773403,0.999917319,0,nan
2176,2177,sequential,-0.230553886,0.049400620,0.150033508,-0.000141498,-0.009895970,0.000776958,0.999950722,0,nan
2177,2178,sequential,-0.165711645,0.015089229,0.159638157,0.003899593,-0.009374357,-0.001342207,0.999947555,0,nan
2178,2179,sequential,-0.127985688,0.034597411,0.112247540,0.004504181,-0.008514230,0.001139822,0.999952959,0,nan
2179,2180,sequential,-0.184501247,0.080996865,0.178072362,0.003711460,-0.010868047,0.001319218,0.999933183,0,nan
2180,2181,sequential,-0.217625961,0.090996087,0.245943998,0.002165956,-0.013862851,0.004980377,0.999889157,0,nan
2181,2182,sequential,-0.179725371,0.052378048,0.196607275,0.000450696,-0.010702055,0.001985963,0.999940658,0,nan
2182,2183,sequential,-0.130692130,0.044999638,0.176664852,0.001939994,-0.009309911,0.002188223,0.999952386,0,nan
2183,2184,sequential,-0.085863389,0.014207894,0.121890169,0.001707220,-0.006521796,0.002224938,0.999974800,0,nan
2184,2185,sequential,-0.077136938,0.028055703,0.119428145,0.003008189,-0.005956927,0.000577293,0.999977566,0,nan
2185,2186,sequential,-0.032235986,0.022898308,0.061029743,0.000608344,-0.002483970,-0.000297357,0.999996686,0,nan
2186,2187,sequential,-0.035014882,0.017943702,0.065380873,-0.000022089,-0.002901580,-0.000468400,0.999995680,0,nan
2187,2188,sequential,-0.033514627,0.023153047,0.068322629,0.000156822,-0.002852031,-0.000580560,0.999995752,0,nan
2188,2189,sequential,-0.125549109,0.074818791,0.236538942,-0.000607616,-0.009746704,-0.003046414,0.999947675,0,nan
2189,2190,sequential,-0.153719551,0.088085668,0.310929266,0.000179523,-0.010276453,-0.002604575,0.999943788,0,nan
2190,2191,sequential,-0.098110535,0.073410565,0.218424324,0.000739512,-0.003648163,-0.013775989,0.999898178,0,nan
2191,2192,sequential,-0.087524495,0.028178388,0.157034790,-0.001513181,-0.001129841,-0.010187009,0.999946328,0,nan
2192,2193,sequential,-0.162025331,0.038079878,0.262247887,-0.000377795,-0.005725485,0.009180485,0.999941396,0,nan
2193,2194,sequential,-0.138488110,0.036254022,0.230474858,-0.000240411,-0.003675393,0.003415176,0.999987385,0,nan
2194,2195,sequential,-0.141289843,0.019588810,0.205010540,-0.000920813,-0.000649169,-0.004462081,0.999989410,0,nan
2195,2196,sequential,-0.165503738,0.025488099,0.234716542,-0.000297659,-0.000079657,-0.000191911,0.999999934,0,nan
2196,2197,sequential,-0.146780602,0.058559372,0.222360155,0.001344284,-0.003983107,0.013464189,0.999900517,0,nan
2197,2198,sequential,-0.149210155,0.049282768,0.220722537,-0.000536050,-0.001300265,0.008410861,0.999963639,0,nan
2198,2199,sequential,-0.151520194,0.052210189,0.227677266,-0.000805879,0.000186042,0.003546501,0.999993369,0,nan
2199,2200,sequential,-0.155179704,0.039228044,0.195899546,0.000359954,-0.000323685,0.003632263,0.999993286,0,nan
2200,2201,sequential,-0.162304334,0.035984625,0.204184146,-0.000713792,-0.000119851,0.002251371,0.999997204,0,nan
2201,2202,sequential,-0.150149836,0.049045058,0.191749983,0.000243116,0.000268609,0.000820932,0.999999597,0,nan
2202,2203,sequential,-0.154065501,0.057428765,0.221074780,-0.000983452,0.000454116,0.000871346,0.999999034,0,nan
2203,2204,sequential,-0.153969642,0.038146516,0.197303457,-0.000570549,0.001139999,0.000641803,0.999998981,0,nan
2204,2205,sequential,-0.147381333,0.008353413,0.145808521,-0.000894792,0.001293950,0.000538494,0.999998618,0,nan
2205,2206,sequential,-0.156337685,0.062574458,0.199421618,0.000296995,0.001582730,-0.000342090,0.999998645,0,nan
2206,2207,sequential,-0.145823080,0.071624506,0.196271902,-0.001587210,0.000552486,0.002470825,0.999995535,0,nan
2207,2208,sequential,-0.147608334,0.042980044,0.110991102,-0.000215222,0.001358255,0.000003098,0.999999054,0,nan
2208,2209,sequential,-0.159476615,0.053058621,0.174056906,-0.000314203,0.001187633,0.000061582,0.999999244,0,nan
2209,2210,sequential,-0.142393543,0.022465350,0.057826973,0.000151984,0.000735092,0.001022307,0.999999196,0,nan
2210,2211,sequential,-0.151099867,0.060635421,0.127699480,-0.001116668,0.001112648,-0.000071920,0.999998755,0,nan
2211,2212,sequential,-0.136076856,0.073620312,0.164189756,-0.000247737,0.001194482,0.000119070,0.999999249,0,nan
2212,2213,sequential,-0.135593685,0.066956363,0.189570571,0.000819949,0.001315555,-0.000329275,0.999998744,0,nan
2213,2214,sequential,-0.136177987,0.050176538,0.117213667,0.000240318,0.001392389,-0.000030220,0.999999001,0,nan
2214,2215,sequential,-0.127160293,0.097207351,0.258211065,-0.006085090,0.000903071,0.000491256,0.999980957,0,nan
2215,2216,sequential,-0.113917530,0.049332701,0.165693192,-0.006276924,0.000812851,-0.000347767,0.999979909,0,nan
2216,2217,sequential,-0.138577159,0.082990805,0.228099940,-0.006463423,0.001228412,0.000258976,0.999978324,0,nan
2217,2218,sequential,-0.132962718,0.083217747,0.242982223,-0.009147312,0.000790690,0.000336354,0.999957793,0,nan
2218,2219,sequential,-0.135132964,0.072337149,0.215998588,-0.014787353,0.000386147,-0.000101633,0.999890581,0,nan
2219,2220,sequential,-0.130822969,-0.003907839,0.116246961,-0.011921452,0.000802403,-0.000217806,0.999928591,0,nan
2220,2221,sequential,-0.129873635,-0.001582290,0.120255380,-0.009285985,0.000579498,0.000275862,0.999956678,0,nan
2221,2222,sequential,-0.127314911,0.005432324,0.106708632,-0.005509101,0.000620575,0.000257631,0.999984599,0,nan
2222,2223,sequential,-0.133383230,0.014490383,0.125978826,-0.016416305,0.000251426,0.000353201,0.999865149,0,nan
2223,2224,sequential,-0.127545910,-0.027798156,0.116084460,-0.022522706,0.000066794,0.000023690,0.999746329,0,nan
2224,2225,sequential,-0.128268239,-0.031580607,0.133012661,-0.010601844,0.000252044,0.000619231,0.999943575,0,nan
2225,2226,sequential,-0.123937430,-0.034922477,0.143467642,-0.005030231,0.000011473,0.000421108,0.999987260,0,nan
2226,2227,sequential,-0.126803844,-0.052433221,0.152542455,0.000054331,0.000121387,-0.000715715,0.999999735,0,nan
2227,2228,sequential,-0.128449859,-0.061320188,0.162895804,0.011243174,0.000604373,0.000354039,0.999936548,0,nan
2228,2229,sequential,-0.141949966,-0.089415833,0.169683175,0.024561124,0.000588828,0.001466839,0.999697081,0,nan
2229,2230,sequential,-0.127413224,-0.042256847,0.179438867,0.036203965,0.001255646,0.002413753,0.999340718,0,nan
2230,2231,sequential,-0.122353130,-0.030256275,0.202025165,0.024078092,0.001801014,0.001343742,0.999707555,0,nan
2231,2232,sequential,-0.112785284,-0.019769704,0.215552305,0.013934447,0.003124925,0.001125420,0.999897394,0,nan
2232,2233,sequential,-0.115214396,-0.022144749,0.216412106,0.008457024,0.002187704,0.003104205,0.999957027,0,nan
2233,2234,sequential,-0.112392191,-0.028522332,0.187053547,0.003895501,0.003055662,0.000713290,0.999987490,0,nan
2234,2235,sequential,-0.122492916,-0.031548331,0.215114141,0.003739227,0.003353737,0.000835275,0.999987036,0,nan
2235,2236,sequential,-0.165090455,-0.010073624,0.197926579,0.003537639,-0.005738825,0.032776824,0.999439959,0,nan
2236,2237,sequential,-0.082312660,-0.036520197,0.208177475,0.001676347,-0.014568355,0.063482011,0.997875236,0,nan
2237,2238,sequential,-0.064235615,-0.023006831,0.233798953,0.000390838,-0.007943696,0.041106621,0.999123111,0,nan
2238,2239,sequential,-0.079000169,-0.032265927,0.184185336,0.001828463,-0.002490871,0.025183480,0.999678070,0,nan
2239,2240,sequential,-0.060349393,-0.038552274,0.163397499,0.001204975,0.003031420,0.004750030,0.999983398,0,nan
2240,2241,sequential,-0.050067762,-0.050985674,0.162776253,0.001226857,0.011704831,-0.025167677,0.999613965,0,nan
2241,2242,sequential,-0.058845199,-0.020975472,0.177348925,-0.001205311,0.015535012,-0.034745878,0.999274704,0,nan
2242,2243,sequential,-0.071551921,-0.058184883,0.110124452,-0.001084611,0.011210580,-0.016425653,0.999801653,0,nan
2243,2244,sequential,-0.027737270,-0.066482775,0.164146459,0.000837320,0.011567135,-0.015883087,0.999806595,0,nan
2244,2245,sequential,-0.044411647,-0.062944898,0.128612533,-0.001674645,0.013279779,-0.025663201,0.999581034,0,nan
2245,2246,sequential,-0.046986924,-0.070454548,0.156978744,-0.000633392,0.010248717,-0.018673298,0.999772909,0,nan
2246,2247,sequential,-0.038984144,-0.066633372,0.124769626,-0.001491617,0.007014975,-0.010493551,0.999919222,0,nan
2247,2248,sequential,-0.036964332,-0.076485652,0.132830140,-0.000030980,0.005523423,-0.005409283,0.999970115,0,nan
2248,2249,sequential,-0.036851063,-0.068870593,0.125386771,0.000221333,0.006226645,-0.001700126,0.999979145,0,nan
2249,2250,sequential,-0.039314430,-0.076613763,0.112481242,-0.001103333,0.006800842,0.000339689,0.999976208,0,nan
2250,2251,sequential,-0.048585988,-0.081953116,0.087154145,0.000485750,0.007358205,0.001492919,0.999971696,0,nan
2251,2252,sequential,-0.055182456,-0.078684877,0.115949888,-0.000251771,0.007836229,0.001923558,0.999967414,0,nan
2252,2253,sequential,-0.049566397,-0.074328598,0.126815304,-0.000305999,0.006838024,0.002781540,0.999972705,0,nan
2253,2254,sequential,-0.051829368,-0.070662770,0.101283910,0.000193667,0.007602757,0.002055807,0.999968967,0,nan
2254,2255,sequential,-0.056380380,-0.074256906,0.114215471,-0.000964312,0.006793868,0.001799505,0.999974837,0,nan
2255,2256,sequential,-0.065496266,-0.090166995,0.082676859,-0.000262718,0.006278050,0.002137928,0.999977973,0,nan
2256,2257,sequential,-0.065482241,-0.079719082,0.098067012,0.001169704,0.006641946,0.002682581,0.999973660,0,nan
2257,2258,sequential,-0.062127640,-0.070811158,0.114221107,-0.000795547,0.006635716,0.004416204,0.999967915,0,nan
2258,2259,sequential,-0.112051532,-0.104806424,0.062482719,0.000008406,0.001317452,0.026139300,0.999657442,0,nan
2259,2260,sequential,-0.051517619,-0.074782068,0.071563388,-0.000561655,-0.003939556,0.042501327,0.999088485,0,nan
2260,2261,sequential,-0.058593718,-0.078233978,0.120796584,-0.001188118,0.002529445,0.009764948,0.999948417,0,nan
2261,2262,sequential,-0.069991176,-0.064610518,0.098864234,0.000634441,0.003187562,0.004663324,0.999983845,0,nan
2262,2263,sequential,-0.068546102,-0.070673399,0.086818060,0.000366477,0.002101351,0.006334931,0.999977659,0,nan
2263,2264,sequential,-0.063157700,-0.066915026,0.090115602,0.000247936,-0.000045906,0.013408471,0.999910071,0,nan
2264,2265,sequential,-0.040413560,-0.062704946,0.077140856,-0.000305528,-0.000207923,0.010723512,0.999942433,0,nan
2265,2266,sequential,-0.033742301,-0.057707374,0.139134297,0.000774181,0.001458767,0.000517794,0.999998502,0,nan
2266,2267,sequential,-0.025380962,-0.072026718,0.061211733,0.001417933,0.003172902,-0.007685729,0.999964425,0,nan
2267,2268,sequential,-0.005767815,-0.060960159,0.127782973,0.000433744,0.006165205,-0.018612852,0.999807663,0,nan
2268,2269,sequential,-0.016498715,-0.057994749,0.095584650,0.000295457,0.009998861,-0.030585209,0.999482106,0,nan
2269,2270,sequential,-0.023871144,-0.063755142,0.049156479,0.001632844,0.007285588,-0.019351948,0.999784855,0,nan
2270,2271,sequential,-0.012738369,-0.052594637,0.113270836,0.001394847,0.005742149,-0.011525827,0.999916115,0,nan
2271,2272,sequential,-0.015857104,-0.068348044,0.055157698,-0.000289712,0.003799260,-0.005384857,0.999978242,0,nan
2272,2273,sequential,-0.011365066,-0.042872888,0.109598290,0.001768346,0.002528751,0.002307153,0.999992578,0,nan
2273,2274,sequential,0.003488385,0.013369928,0.205601231,-0.001384213,0.004376827,0.006169001,0.999970435,0,nan
2274,2275,sequential,-0.022934708,0.020932890,0.208205701,-0.001058306,0.002917044,0.021608575,0.999761692,0,nan
2275,2276,sequential,-0.002809272,0.005842515,0.173565184,0.000987034,0.007540145,0.009619108,0.999924820,0,nan
2276,2277,sequential,0.010015514,0.013998182,0.201528844,0.001910654,0.010382862,0.005322792,0.999930104,0,nan
2277,2278,sequential,0.006378846,0.010482843,0.182719603,0.000978261,0.014530148,-0.000596620,0.999893775,0,nan
2278,2279,sequential,0.019728208,0.020419832,0.194013361,0.001690746,0.017771432,-0.001153171,0.999839981,0,nan
2279,2280,sequential,0.017669428,0.032124553,0.196899440,0.000682965,0.021251481,-0.001033828,0.999773394,0,nan
2280,2281,sequential,0.014692680,0.035826999,0.225047792,0.000792815,0.022042396,0.003898829,0.999749120,0,nan
2281,2282,sequential,0.012003094,0.026084959,0.163671298,0.000633430,0.023285402,0.005949269,0.999710956,0,nan
2282,2283,sequential,-0.016583496,0.045090082,0.152846135,0.000511731,0.022842356,0.011213599,0.999676058,0,nan
2283,2284,sequential,-0.010560719,0.031267997,0.143103226,0.001657205,0.023320755,0.013617561,0.999633912,0,nan
2284,2285,sequential,-0.035778336,0.054447263,0.150785863,0.002251001,0.022993951,0.016333779,0.999599629,0,nan
2285,2286,sequential,-0.042603188,0.060580619,0.179846840,0.002186887,0.023890790,0.012655989,0.999632069,0,nan
2286,2287,sequential,-0.059373776,0.083382546,0.170797350,0.001748035,0.022688106,0.011777874,0.999671684,0,nan
2287,2288,sequential,-0.072261596,0.078545152,0.188047863,0.002072459,0.017633476,0.013027443,0.999757496,0,nan
2288,2289,sequential,-0.056288353,0.075892350,0.139978103,0.001284285,0.015278729,0.009986062,0.999832581,0,nan
2289,2290,sequential,-0.045831893,0.067782590,0.152015492,-0.000466719,0.013999912,0.004564981,0.999891467,0,nan
2290,2291,sequential,-0.034193187,0.126804232,0.206325234,-0.002483145,0.013886062,-0.004674966,0.999889572,0,nan
2291,2292,sequential,-0.035287614,0.041407477,0.086744148,-0.005372243,0.013809240,-0.011304668,0.999826309,0,nan
2292,2293,sequential,-0.042062499,0.057507498,0.162720584,-0.001450658,0.011815854,-0.008421257,0.999893676,0,nan
2293,2294,sequential,-0.036673772,0.089108181,0.164587024,-0.001703639,0.010599077,-0.006133055,0.999923568,0,nan
2294,2295,sequential,-0.033606956,0.155154193,0.182027594,-0.013226782,0.010446886,-0.006013607,0.999839863,0,nan
2295,2296,sequential,-0.035421258,0.035104029,0.114039637,-0.015517170,0.009389931,-0.002260717,0.999832954,0,nan
2296,2297,sequential,-0.033375030,0.006181185,0.112399837,-0.007869756,0.008501403,0.000621145,0.999932701,0,nan
2297,2298,sequential,-0.038737897,0.018013328,0.135851789,0.003295466,0.008154198,0.000672218,0.999961098,0,nan
2298,2299,sequential,-0.041986952,0.006916492,0.148895601,0.006454642,0.007126444,0.005041739,0.999941064,0,nan
2299,2300,sequential,-0.043745767,0.043303268,0.155488560,0.009780694,0.007238415,0.005073883,0.999913096,0,nan
2300,2301,sequential,-0.044984293,0.034987902,0.141028104,0.008118385,0.008099516,0.001863668,0.999932506,0,nan
2301,2302,sequential,-0.038386217,0.048096751,0.145102916,0.010213640,0.009091710,0.000079575,0.999906504,0,nan
2302,2303,sequential,-0.038582458,0.051835569,0.141759627,0.006366221,0.009851372,0.001543232,0.999930018,0,nan
2303,2304,sequential,-0.045459613,0.037739509,0.142859122,0.003586781,0.010527930,0.002177594,0.999935776,0,nan
2304,2305,sequential,-0.061820210,0.048207041,0.146412716,0.002370732,0.011307412,0.002601073,0.999929876,0,nan
2305,2306,sequential,-0.064680099,0.039779924,0.139309951,0.000711896,0.011611352,0.004035378,0.999924190,0,nan
2306,2307,sequential,-0.054788640,0.029484365,0.128092261,0.000894314,0.010991810,0.004416310,0.999929436,0,nan
2307,2308,sequential,-0.062176857,0.036319074,0.131781424,0.000202292,0.012156772,0.003007315,0.999921561,0,nan
2308,2309,sequential,-0.084341368,0.031211827,0.147275544,-0.000155871,0.012055798,0.007245552,0.999901063,0,nan
2309,2310,sequential,-0.091346002,0.024383079,0.139345981,0.000207087,0.008592308,0.020396957,0.999755017,0,nan
2310,2311,sequential,-0.044220673,0.053149710,0.115244252,0.000245883,0.009301056,0.014978362,0.999844527,0,nan
2311,2312,sequential,-0.063392965,0.042641626,0.140261123,-0.000118327,0.013062403,0.000889738,0.999914280,0,nan
2312,2313,sequential,-0.086875529,0.048474669,0.153526244,0.001215890,0.012829302,0.004690807,0.999905959,0,nan
2313,2314,sequential,-0.044957421,0.051414734,0.150683673,0.000547723,0.014047645,-0.002686135,0.999897569,0,nan
2314,2315,sequential,-0.082243300,0.048830033,0.149215869,0.000744312,0.015819291,-0.004104388,0.999866166,0,nan
2315,2316,sequential,-0.074152257,0.049204648,0.138640122,0.000552706,0.013978532,-0.001769278,0.999900577,0,nan
2316,2317,sequential,-0.069502771,0.033300981,0.112534576,-0.000187367,0.012369352,0.000044635,0.999923478,0,nan
2317,2318,sequential,-0.084948943,0.044177968,0.132132579,0.000771234,0.010598655,-0.000220369,0.999943511,0,nan
2318,2319,sequential,-0.086595754,0.054180011,0.128912504,0.000353379,0.008159059,0.000847111,0.999966293,0,nan
2319,2320,sequential,-0.067813324,0.027743295,0.120251621,-0.000066054,0.006751026,0.002463475,0.999974175,0,nan
2320,2321,sequential,-0.073334065,0.054707893,0.123349083,0.000871533,0.008490912,0.001668917,0.999962179,0,nan
2321,2322,sequential,-0.071653330,0.066546743,0.129026810,-0.000599582,0.009167235,0.002341844,0.999955058,0,nan
2322,2323,sequential,-0.086344149,0.066546312,0.138020760,-0.000615101,0.009724576,0.006041633,0.999934274,0,nan
2323,2324,sequential,-0.073174486,0.073734712,0.116115252,-0.000288263,0.008910858,0.014330294,0.999857568,0,nan
2324,2325,sequential,-0.070777573,0.077405994,0.113659101,-0.000799684,0.010240067,0.012758052,0.999865858,0,nan
2325,2326,sequential,-0.071213944,0.090121959,0.134572921,0.000654894,0.011910167,0.008792683,0.999890198,0,nan
2326,2327,sequential,-0.079697473,0.092058122,0.146955389,0.000858440,0.012893911,0.007769957,0.999886312,0,nan
2327,2328,sequential,-0.070960401,0.083193231,0.132150483,0.000785207,0.013632141,0.007174533,0.999881030,0,nan
2328,2329,sequential,-0.076015879,0.099502858,0.146221257,0.001045255,0.014308612,0.006841977,0.999873671,0,nan
2329,2330,sequential,-0.066909802,0.090357339,0.134632149,0.000805121,0.015099389,0.006766821,0.999862776,0,nan
2330,2331,sequential,-0.069735843,0.102992672,0.150176097,0.001409799,0.014620210,0.005827927,0.999875141,0,nan
2331,2332,sequential,-0.064604678,0.087555290,0.120746724,0.001429053,0.015031437,0.004885916,0.999874063,0,nan
2332,2333,sequential,-0.070761097,0.116755680,0.208802935,0.001170129,0.014616591,0.006441776,0.999871737,0,nan
2333,2334,sequential,-0.052086393,0.105464141,0.133624192,0.001743787,0.016776284,-0.003689328,0.999850941,0,nan
2334,2335,sequential,-0.065163699,0.086781521,0.148520154,0.002172925,0.017887588,-0.010592928,0.999781527,0,nan
2335,2336,sequential,-0.070716873,0.091712551,0.138566241,0.000469425,0.016472734,-0.005755321,0.999847641,0,nan
2336,2337,sequential,-0.062730480,0.067899080,0.092413136,-0.000367999,0.015316725,-0.000822718,0.999882286,0,nan
2337,2338,sequential,-0.053918677,0.086608676,0.111369192,0.001155861,0.011280295,0.011720771,0.999867012,0,nan
2338,2339,sequential,-0.055737328,0.106908423,0.132284604,0.000432235,0.012497862,0.005593404,0.999906161,0,nan
2339,2340,sequential,-0.079090790,0.047843261,0.089374136,0.001169528,0.011535267,0.009725431,0.999885486,0,nan
2340,2341,sequential,-0.077901239,0.117310367,0.159154401,0.000557480,0.007062059,0.029483791,0.999540156,0,nan
2341,2342,sequential,-0.001393898,0.131138631,0.142564433,0.000511444,0.015222431,-0.002343240,0.999881256,0,nan
2342,2343,sequential,-0.021269289,0.072267834,0.069180804,0.001587815,0.017862975,-0.014115971,0.999739532,0,nan
2343,2344,sequential,-0.023189668,0.030702279,0.052538003,0.000887767,0.016659856,-0.006795699,0.999837727,0,nan
2344,2345,sequential,-0.024565909,0.041983333,0.041605619,0.000204935,0.015446287,-0.002188012,0.999878284,0,nan
2345,2346,sequential,-0.021168292,0.040573416,0.048082158,-0.000302702,0.014730130,0.000122807,0.999891452,0,nan
2346,2347,sequential,-0.025711752,0.035954641,0.050681980,-0.000638740,0.014007884,0.002327400,0.999898972,0,nan
2347,2348,sequential,-0.027226494,0.036278207,0.038973527,0.000083445,0.013486439,0.002230439,0.999906563,0,nan
2348,2349,sequential,-0.032451963,0.032072490,0.039938499,-0.000550085,0.012227089,0.004184063,0.999916341,0,nan
2349,2350,sequential,-0.028472568,0.037960436,0.041983188,-0.000531993,0.010102527,0.012474600,0.999871012,0,nan
2350,2351,sequential,-0.022367332,0.032940945,0.037599085,-0.000900729,0.009407625,0.013667946,0.999861927,0,nan
2351,2352,sequential,-0.021923082,0.034898302,0.036449216,0.000045732,0.009950237,0.010992435,0.999890072,0,nan
2352,2353,sequential,-0.020977532,0.035977293,0.037725484,0.000733380,0.009890428,0.008615652,0.999913702,0,nan
2353,2354,sequential,-0.014790880,0.035688173,0.034963707,0.000817253,0.009810797,0.008488823,0.999915507,0,nan
2354,2355,sequential,-0.015149382,0.035781260,0.038685744,0.000792662,0.010111246,0.007775694,0.999918333,0,nan
2355,2356,sequential,-0.006173752,0.034914818,0.035972070,0.002053249,0.011706715,0.002778632,0.999925505,0,nan
2356,2357,sequential,-0.001019195,0.040704244,0.036519897,-0.001472053,0.013720449,-0.005458332,0.999889888,0,nan
2357,2358,sequential,-0.002817195,0.028556621,0.037939710,-0.001108000,0.014933187,-0.009318592,0.999844456,0,nan
2358,2359,sequential,-0.000344079,0.033891238,0.040844136,0.002291855,0.014117571,-0.004728614,0.999886534,0,nan
2359,2360,sequential,-0.014627445,0.039056521,0.035674171,0.002245495,0.013587235,-0.001677258,0.999903761,0,nan
2360,2361,sequential,-0.001274391,0.038869190,0.039160224,0.001525062,0.011039904,0.000115224,0.999937889,0,nan
2361,2362,sequential,-0.003961534,0.036254096,0.032971090,-0.000558730,0.009306590,0.001640453,0.999955191,0,nan
2362,2363,sequential,-0.012359667,0.041579408,0.039888690,-0.000165123,0.007995875,0.000809638,0.999967691,0,nan
2363,2364,sequential,-0.004156192,0.031094705,0.022111839,0.001193296,0.005038606,0.000979532,0.999986114,0,nan
2364,2365,sequential,0.002637071,0.048761801,0.036988325,0.001027333,0.001883862,-0.000038641,0.999997697,0,nan
2365,2366,sequential,-0.015153581,0.043880036,0.030147813,0.000775086,0.000793988,-0.000265779,0.999999349,0,nan
2366,2367,sequential,-0.013553588,0.053817858,0.017651271,-0.000202038,-0.002475827,0.005890333,0.999979567,0,nan
2367,2368,sequential,-0.003826859,0.057218717,0.012479362,-0.000844453,-0.004643901,0.011007809,0.999928272,0,nan
2368,2369,sequential,-0.016535671,0.041340192,-0.030538697,0.000099093,-0.003011610,0.000442595,0.999995362,0,nan
2369,2370,sequential,-0.011311411,0.065285596,0.045471171,0.000602842,-0.001542351,-0.005817708,0.999981706,0,nan
2370,2371,sequential,-0.010286148,0.078523845,0.042023311,-0.000924016,-0.002204645,-0.002748911,0.999993365,0,nan
2371,2372,sequential,0.001182695,0.064923493,0.038805942,-0.006599437,-0.002232790,-0.002496871,0.999972613,0,nan
2372,2373,sequential,-0.003849466,0.061691515,0.042034725,-0.004592920,-0.001786829,-0.002188660,0.999985461,0,nan
2373,2374,sequential,-0.008785490,0.034841693,0.029109688,0.002342650,-0.001648098,0.001608652,0.999994604,0,nan
2374,2375,sequential,-0.002580228,0.056161331,0.036431586,0.003937806,-0.004029953,0.008374993,0.999949055,0,nan
2375,2376,sequential,-0.000901862,0.059121489,0.036225950,0.002537780,-0.003407934,0.007519608,0.999962700,0,nan
2376,2377,sequential,0.002183840,0.064735291,0.043704685,0.001576097,-0.005161641,0.015644582,0.999863051,0,nan
2377,2378,sequential,0.009419460,0.055277742,0.038858669,0.000884366,-0.003871270,0.012961703,0.999908108,0,nan
2378,2379,sequential,0.017705824,0.057011547,0.051065178,0.000230298,-0.002063284,0.006627464,0.999975883,0,nan
2379,2380,sequential,0.035788108,0.051231418,0.049306224,-0.000486537,0.000823313,-0.003925448,0.999991838,0,nan
2380,2381,sequential,0.027990199,0.050715441,0.038198624,0.001512050,0.005900086,-0.019229825,0.999796538,0,nan
2381,2382,sequential,0.023420298,0.043089924,0.032737633,0.000243225,0.005482687,-0.016725023,0.999845065,0,nan
2382,2383,sequential,0.021782745,0.045067817,0.033483782,0.000393935,0.004703062,-0.010349960,0.999935300,0,nan
2383,2384,sequential,0.022309461,0.037730282,0.030874956,-0.000228501,0.003237410,-0.005673162,0.999978641,0,nan
2384,2385,sequential,0.024015395,0.040309822,0.033895034,-0.001738412,0.002259865,-0.004229655,0.999986990,0,nan
2385,2386,sequential,0.024367941,0.039355262,0.030177154,-0.000062707,0.001594392,-0.001187370,0.999998022,0,nan
2386,2387,sequential,0.021539020,0.035232035,0.030402694,0.000305080,0.001144607,-0.000468160,0.999999189,0,nan
2387,2388,sequential,0.023388398,0.042293411,0.026830559,0.000237856,0.000819975,-0.000051854,0.999999634,0,nan
2388,2389,sequential,0.018095080,0.049879265,0.033124631,-0.003542364,0.000728822,-0.000068997,0.999993458,0,nan
2389,2390,sequential,0.016784852,0.040846435,0.033533655,-0.007165152,0.000282620,-0.000343827,0.999974231,0,nan
2390,2391,sequential,0.017172852,0.044895876,0.032576570,-0.006681380,-0.000003609,0.000030595,0.999977679,0,nan
2391,2392,sequential,0.017467505,0.037927784,0.039370594,-0.005354695,-0.000247646,0.000216312,0.999985609,0,nan
2392,2393,sequential,0.015174472,0.043961137,0.036853417,-0.006220438,-0.000130730,-0.001778010,0.999979064,0,nan
2393,2394,sequential,0.015583800,0.038700826,0.046958536,-0.007731417,-0.000085582,-0.002675781,0.999966528,0,nan
2394,2395,sequential,0.013256428,0.032526225,0.047232773,-0.004449158,0.000423493,-0.004050470,0.999981810,0,nan
2395,2396,sequential,0.025772025,0.075999337,0.108674350,0.021691300,-0.001399287,-0.013046372,0.999678609,0,nan
2396,2397,sequential,0.005470395,0.100763364,0.148579396,0.016358604,-0.012398202,0.003129643,0.999784420,0,nan
2397,2398,sequential,-0.012061406,0.267727863,0.290571197,0.005434009,-0.041978587,0.003297981,0.999098290,0,nan
2398,2399,sequential,-0.004259020,0.288946714,0.266474712,-0.000727961,-0.031801181,-0.009512610,0.999448681,0,nan
2399,2400,sequential,-0.003434947,0.305998986,0.271881157,0.000927634,-0.022284667,-0.011230969,0.999688151,0,nan
2400,2401,sequential,-0.042738023,0.287560980,0.266222711,-0.001132472,-0.011757652,-0.020690403,0.999716151,0,nan
2401,2402,sequential,-0.015766885,0.042064149,0.037906262,-0.000042655,-0.004446439,0.007928988,0.999958678,0,nan
2402,2403,sequential,-0.017562960,0.040817301,0.036147014,-0.000327913,-0.003448846,0.005441168,0.999979196,0,nan
2403,2404,sequential,-0.017202616,0.039767520,0.038335535,0.000127654,-0.002595223,0.001804725,0.999994996,0,nan
2404,2405,sequential,-0.014030984,0.043340416,0.043065264,0.000356525,-0.000141312,-0.007494236,0.999971844,0,nan
2405,2406,sequential,-0.098431717,0.164092616,0.163376941,-0.001137305,-0.001380040,0.007441059,0.999970716,0,nan
2406,2407,sequential,-0.144890334,0.149927770,0.226709636,-0.002030349,0.026355366,0.007716678,0.999620791,0,nan
2407,2408,sequential,-0.234028683,0.139006703,0.279954836,0.001299894,0.023000574,0.016648188,0.999595979,0,nan
2408,2409,sequential,-0.060276691,0.049382247,0.042403551,0.002563824,-0.001725387,0.036160747,0.999341208,0,nan
2409,2410,sequential,-0.033930389,0.035421772,0.002411250,0.001390809,0.002670333,0.003603938,0.999988973,0,nan
2410,2411,sequential,-0.018280538,0.027102553,0.037383472,-0.000203376,0.006550856,-0.015197640,0.999863029,0,nan
2411,2412,sequential,-0.021918238,0.021756897,0.043209350,-0.000393539,0.006680593,-0.011491006,0.999911582,0,nan
2412,2413,sequential,-0.022692546,0.019445082,0.045123669,-0.003758140,0.005611937,-0.010128116,0.999925899,0,nan
2413,2414,sequential,-0.022667861,0.021106539,0.023759699,-0.002527749,0.003795807,-0.005553514,0.999974180,0,nan
2414,2415,sequential,-0.060341060,0.040332566,0.017414002,0.000443437,0.002448157,-0.000837054,0.999996555,0,nan
2415,2416,sequential,-0.068601645,0.029336833,-0.048102874,-0.000818850,0.001907205,0.000509392,0.999997716,0,nan
2416,2417,sequential,-0.056789637,0.019629589,0.011792065,0.000409514,-0.005252025,0.026599117,0.999632300,0,nan
2417,2418,sequential,-0.044022695,0.008067091,0.016676160,-0.000068512,-0.013088421,0.057844429,0.998239806,0,nan
2418,2419,sequential,-0.004970937,0.003500292,0.014133726,-0.000809255,0.002692265,-0.015878479,0.999869977,0,nan
2419,2420,sequential,0.009222607,0.001308008,0.023967889,-0.002637994,0.007249976,-0.006074495,0.999951789,0,nan
2420,2421,sequential,0.000686969,0.017796788,-0.035237205,0.002169830,0.004171622,-0.005363085,0.999974563,0,nan
2421,2422,sequential,-0.025382039,-0.008132424,0.125217565,0.000886050,0.001460137,-0.010240261,0.999946109,0,nan
2422,2423,sequential,-0.032987172,0.023521309,0.053864280,0.000679081,0.004401645,-0.012521311,0.999911687,0,nan
2423,2424,sequential,0.001212364,0.001798125,0.000321124,0.003859741,0.003022145,0.001083298,0.999987398,0,nan
2424,2425,sequential,-0.055142290,-0.040308749,0.156134729,0.002544432,0.006183453,0.001999670,0.999975646,0,nan
2425,2426,sequential,-0.029131888,0.002389875,0.013314893,0.000843497,-0.000339775,0.000770151,0.999999290,0,nan
2426,2427,sequential,-0.008885489,0.008406735,-0.009452384,-0.000469118,0.001929107,-0.001065262,0.999997462,0,nan
2427,2428,sequential,0.013363720,0.016363653,-0.052463669,-0.000292936,-0.001451877,-0.000316430,0.999998853,0,nan
2428,2429,sequential,-0.000316790,0.005170099,-0.000648386,0.000073760,0.000587235,-0.000029490,0.999999824,0,nan
2429,2430,sequential,0.030125274,0.014826873,-0.007871809,-0.000930609,-0.000410182,-0.000664262,0.999999262,0,nan
2430,2431,sequential,-0.013587787,0.002121959,0.001566560,0.000210675,-0.001750610,0.000077545,0.999998442,0,nan
2431,2432,sequential,0.004201175,0.009526815,-0.011113457,-0.000394225,0.001564578,0.000033494,0.999998698,0,nan
2432,2433,sequential,0.006232778,0.006450876,-0.004017847,0.000138671,0.000652324,0.000008853,0.999999778,0,nan
2433,2434,sequential,0.004192464,0.004817348,-0.015371560,-0.000371447,-0.000029312,-0.000327130,0.999999877,0,nan
2434,2435,sequential,0.008593781,-0.005108372,0.011732278,-0.000153445,0.000974030,0.000247422,0.999999483,0,nan
2435,2436,sequential,0.000786583,-0.000309722,0.002581429,0.000401887,-0.000279670,0.000009249,0.999999880,0,nan
2436,2437,sequential,0.006911856,-0.001167117,-0.007910983,-0.000036559,0.000465255,0.000096491,0.999999886,0,nan
2437,2438,sequential,0.001679376,-0.000101894,0.005341122,-0.000091824,0.000038126,0.000002838,0.999999995,0,nan
2438,2439,sequential,-0.006177577,0.004967484,-0.004394228,0.000000258,-0.000058020,0.000022009,0.999999998,0,nan
2439,2440,sequential,0.001970640,0.002216046,-0.001398218,-0.000019358,0.000368480,0.000066303,0.999999930,0,nan
2440,2441,sequential,-0.006187360,-0.000403949,0.033663883,0.000071865,-0.000220105,0.000034485,0.999999973,0,nan
2441,2442,sequential,-0.004289024,0.002963009,-0.002865260,0.000004757,-0.000121838,-0.000084716,0.999999989,0,nan
2442,2443,sequential,0.005144196,0.015840803,-0.010270216,-0.000037546,0.000203793,0.000056237,0.999999977,0,nan
2443,2444,sequential,-0.004413878,-0.002827684,0.013630214,0.000050931,0.000065798,0.000025972,0.999999996,0,nan
2444,2445,sequential,0.024200712,0.009812071,0.081121325,-0.000019874,0.000103436,0.000002195,0.999999994,0,nan
2445,2446,sequential,0.010565574,0.001273735,0.005456693,0.000022308,-0.000064295,0.000003018,0.999999998,0,nan
2446,2447,sequential,0.007191942,0.000789695,0.040686194,0.000026647,0.000061632,0.000003544,0.999999998,0,nan
2447,2448,sequential,0.013848186,-0.006651624,0.068513379,0.000019883,-0.000035211,0.000002302,0.999999999,0,nan
2448,2449,sequential,0.017550655,0.001852076,-0.051357163,0.000095602,-0.000126290,-0.000050633,0.999999986,0,nan
2449,2450,sequential,0.031705224,-0.026317852,0.031644900,0.000064268,0.000093264,0.000001884,0.999999994,0,nan
2450,2451,sequential,-0.002779690,0.014974241,-0.035201909,0.001146428,-0.000412478,0.001793535,0.999997649,0,nan
