0.030223000 0.012730950 0.009008583 -0.066602526 -0.000259542 -0.000226799 0.000384567 0.999999867
0.130276000 0.106298072 -0.007795737 -0.065104082 -0.001529943 0.002038436 -0.004096906 0.999988360
0.230376000 -0.031549009 0.078375525 0.277681825 0.000522335 0.003881923 0.003717427 0.999985419
0.330564000 0.101198601 0.256626417 -0.231477068 0.001045502 0.002976583 0.011441705 0.999929565
0.430791000 -0.119276011 0.443286078 -0.048609413 0.001766602 0.006443378 0.012506757 0.999899466
0.530922000 -0.370955012 0.475722035 -0.336292566 0.003437680 0.005083867 0.019995684 0.999781231
0.630978000 -0.386786689 0.452608381 -0.306513687 0.002209361 0.005121433 0.020644198 0.999771327
0.730982000 -0.399375919 0.441807023 -0.280092932 0.001736214 0.005011108 0.020773342 0.999770145
0.830917000 -0.153914481 0.368221909 -0.557031994 -0.000589974 0.003251970 0.020732180 0.999779602
0.930828000 -0.363922702 0.306900485 -0.776837700 -0.004480212 0.010088221 0.007397662 0.999911711
1.030754000 -0.047335560 0.359104986 -0.705522475 -0.003994902 0.008224694 0.009817294 0.999910004
1.130878000 -0.084401335 0.371859851 -0.221628095 -0.003207629 0.008997802 0.008032571 0.999922111
1.230942000 -0.081331576 0.425594657 -0.194625397 -0.001749656 0.009051651 0.009414825 0.999913180
1.330936000 -0.113072896 0.426464569 -0.178492066 -0.003205384 0.011142340 0.006682776 0.999910453
1.430882000 0.035767982 0.433361257 -0.448666529 -0.003981165 0.010146491 0.011112415 0.999878849
1.530790000 0.019327766 0.558253947 -0.869668505 -0.007725786 0.013495975 0.020901039 0.999660601
1.630644000 -0.033271495 0.652338174 -0.707881960 -0.004817488 0.015678449 0.023469984 0.999589985
1.730501000 0.164877363 0.763785186 0.081203648 -0.002769313 0.018875924 0.009207448 0.999775601
1.830460000 0.459285404 0.818571692 0.427434404 -0.001467604 0.018023532 0.006342981 0.999816366
1.930550000 0.588792381 0.762808155 0.504348176 -0.002987954 0.018624325 0.005049951 0.999809334
2.030679000 0.922696241 0.751773568 -0.218416525 -0.002946669 0.018268843 -0.001928465 0.999826909
2.130821000 1.140435483 0.442115998 -0.126288287 -0.009275547 0.016032829 0.004400037 0.999818760
2.230762000 1.671447176 0.478200176 0.191805184 -0.008990688 0.017256026 -0.001599646 0.999809401
2.330689000 2.015680577 0.904457063 0.119783595 -0.006062287 0.018424087 -0.014256891 0.999710229
2.430605000 2.451141252 1.209188904 -0.166443438 -0.003848611 0.014760275 -0.024280414 0.999588807
2.530493000 2.873375832 1.377053647 -0.775081062 -0.004384513 0.009840403 -0.025075004 0.999627524
2.630426000 3.420383012 1.195329635 -0.271877613 -0.004639111 0.005446368 -0.032080731 0.999459675
2.730416000 3.795065737 1.136052547 0.536135947 -0.005253309 0.001316525 -0.028841382 0.999569329
2.830437000 4.057618033 1.049703758 0.345787862 -0.009725037 0.001078012 -0.027160154 0.999583207
2.930731000 4.527452673 1.424452589 -0.511464125 -0.009348805 -0.004079093 -0.028208712 0.999550013
3.031136000 4.930644985 1.312294038 -0.326255779 -0.011351940 -0.001507038 -0.030420462 0.999471589
3.131636000 5.329179992 1.298191348 -0.731745487 -0.011596749 -0.001208078 -0.029504985 0.999496629
3.231961000 5.989368161 1.325253968 -0.838486934 -0.009540313 -0.006200383 -0.023179216 0.999666575
3.332064000 6.378174907 1.399869706 -1.136199363 -0.008135397 -0.005861162 -0.024700544 0.999644609
3.431964000 6.900502920 1.469382780 -1.239986550 -0.007246328 -0.007620569 -0.026308389 0.999598563
3.531722000 7.095984868 1.718088108 -1.751536675 -0.004985379 -0.006211295 -0.031267563 0.999479317
3.631463000 7.523928829 1.533358602 -1.843277946 -0.007194187 -0.007348765 -0.035074382 0.999331790
3.731275000 7.796522832 1.410968460 -2.172115007 -0.010411473 -0.009619179 -0.034274775 0.999311919
3.831188000 7.822708374 1.334450684 -2.085412947 -0.010660009 -0.009524548 -0.035326711 0.999273571
3.931194000 7.932891486 1.360025295 -2.224800177 -0.011045234 -0.009254502 -0.035763050 0.999256404
4.031262000 8.115094940 1.405452974 -2.448122697 -0.011474879 -0.010433701 -0.037635207 0.999171185
4.131469000 8.329061352 1.456960438 -2.359016507 -0.007662995 -0.011464776 -0.048402138 0.998732732
4.231566000 8.334519676 1.385973269 -2.193097493 -0.008138423 -0.009441623 -0.052223386 0.998557630
4.331606000 8.414216952 1.454548101 -2.477677362 -0.008012178 -0.009837778 -0.048388646 0.998747997
4.431541000 8.414216952 1.454548101 -2.477677362 -0.008012178 -0.009837778 -0.048388646 0.998747997
4.531379000 8.414216952 1.454548101 -2.477677362 -0.008012178 -0.009837778 -0.048388646 0.998747997
4.631215000 8.414216952 1.454548101 -2.477677362 -0.008012178 -0.009837778 -0.048388646 0.998747997
4.731091000 8.414216952 1.454548101 -2.477677362 -0.008012178 -0.009837778 -0.048388646 0.998747997
4.830996000 8.500406798 1.433405548 -2.552599309 -0.008146049 -0.010792081 -0.051194679 0.998597155
4.930918000 8.500406798 1.433405548 -2.552599309 -0.008146049 -0.010792081 -0.051194679 0.998597155
5.030843000 8.500406798 1.433405548 -2.552599309 -0.008146049 -0.010792081 -0.051194679 0.998597155
5.130893000 8.500406798 1.433405548 -2.552599309 -0.008146049 -0.010792081 -0.051194679 0.998597155
5.230848000 8.500406798 1.433405548 -2.552599309 -0.008146049 -0.010792081 -0.051194679 0.998597155
5.330834000 8.500406798 1.433405548 -2.552599309 -0.008146049 -0.010792081 -0.051194679 0.998597155
5.430837000 8.500406798 1.433405548 -2.552599309 -0.008146049 -0.010792081 -0.051194679 0.998597155
5.530791000 8.500406798 1.433405548 -2.552599309 -0.008146049 -0.010792081 -0.051194679 0.998597155
5.630687000 8.500406798 1.433405548 -2.552599309 -0.008146049 -0.010792081 -0.051194679 0.998597155
5.730592000 8.500406798 1.433405548 -2.552599309 -0.008146049 -0.010792081 -0.051194679 0.998597155
5.830505000 8.500406798 1.433405548 -2.552599309 -0.008146049 -0.010792081 -0.051194679 0.998597155
5.930546000 8.500406798 1.433405548 -2.552599309 -0.008146049 -0.010792081 -0.051194679 0.998597155
6.030778000 8.500406798 1.433405548 -2.552599309 -0.008146049 -0.010792081 -0.051194679 0.998597155
6.131146000 8.500406798 1.433405548 -2.552599309 -0.008146049 -0.010792081 -0.051194679 0.998597155
6.231416000 8.500406798 1.433405548 -2.552599309 -0.008146049 -0.010792081 -0.051194679 0.998597155
6.331618000 8.500406798 1.433405548 -2.552599309 -0.008146049 -0.010792081 -0.051194679 0.998597155
6.431744000 8.500406798 1.433405548 -2.552599309 -0.008146049 -0.010792081 -0.051194679 0.998597155
6.531738000 8.500406798 1.433405548 -2.552599309 -0.008146049 -0.010792081 -0.051194679 0.998597155
6.631632000 8.500406798 1.433405548 -2.552599309 -0.008146049 -0.010792081 -0.051194679 0.998597155
6.731465000 8.220978214 1.402099688 -2.529556429 -0.011016159 -0.002853190 -0.046051560 0.998874245
6.831249000 8.732516837 1.610939931 -2.690106737 -0.008733742 -0.000822508 -0.033841107 0.999388726
6.931055000 8.645303559 1.690096446 -2.675712297 -0.006677012 0.000688956 -0.030708707 0.999505837
7.030908000 8.457878051 1.839173408 -2.200955377 -0.003217829 0.004868689 -0.033935832 0.999406975
7.130963000 8.646273737 2.146451106 -2.659825347 0.000677799 -0.010364423 -0.028239365 0.999547226
7.230963000 8.903890962 2.170232224 -2.221516555 0.001546233 -0.011190195 -0.032287473 0.999414783
7.330965000 8.736550992 2.064090479 -2.402281209 0.004340971 -0.005638386 -0.027566830 0.999594635
7.430947000 8.671758569 1.947966348 -2.330175935 -0.003071786 -0.004437751 -0.028482154 0.999579730
7.530873000 8.740349726 1.933099650 -2.318657938 -0.003544194 -0.015091703 -0.020554442 0.999668542
7.630765000 8.740349726 1.933099650 -2.318657938 -0.003544194 -0.015091703 -0.020554442 0.999668542
7.730723000 8.770444853 2.004068451 -2.432337975 -0.004322425 -0.008632142 0.004858306 0.999941598
7.830754000 8.708143165 1.983756601 -2.499838379 -0.006692389 -0.006981830 -0.004702055 0.999942177
7.930908000 8.656993362 2.008911431 -2.596109143 -0.012768567 -0.000187184 -0.000020944 0.999918461
8.031118000 8.651148983 2.009427327 -2.588066808 -0.016157766 0.006383058 0.010905503 0.999789604
8.131458000 8.629388185 1.918432294 -2.599389971 -0.023459842 0.020922161 0.018523916 0.999334160
8.231680000 8.639432876 1.923870070 -2.585094521 -0.022939092 0.033358378 0.029368741 0.998748464
8.331777000 8.628401081 1.916257256 -2.522022977 -0.019948379 0.051896236 0.028281332 0.998052608
8.431952000 8.622192500 1.905797788 -2.479040410 -0.012352613 0.060285347 0.067327711 0.995831346
8.532281000 8.616054023 1.868438828 -2.352257217 0.006620834 0.076072345 0.107126558 0.991308763
8.632975000 8.614406494 1.873332801 -2.301879172 0.001235915 0.102475490 0.097790428 0.989916299
8.733508000 8.605002318 1.860422101 -2.227623556 0.006150895 0.127134190 0.070934299 0.989326735
8.833945000 8.601549473 1.860540410 -2.183901325 0.012175558 0.142267212 0.064519916 0.987648205
8.934482000 8.632204983 1.829570451 -2.191815288 0.009608153 0.147927830 0.058058758 0.987245775
9.034887000 8.641728412 1.828956113 -2.174860596 0.018152141 0.153227756 0.064077928 0.985944103
9.135177000 8.647296089 1.823526071 -2.132549770 0.027453133 0.159865456 0.075496016 0.983864682
9.235113000 8.647555622 1.808465162 -2.082453366 0.036546316 0.167421561 0.093926198 0.980720275
9.334962000 8.635032005 1.804781725 -2.004463956 0.056296021 0.169686524 0.144604776 0.973204347
9.434947000 8.657121592 1.773122895 -1.985595389 0.069619084 0.172900826 0.177744575 0.966263605
9.534834000 8.662487542 1.763223023 -1.934853978 0.078013688 0.203736429 0.157187657 0.963170479
9.634628000 8.755692722 1.719385315 -1.941516461 0.079005178 0.217275902 0.156573417 0.960226082
9.734316000 8.873642244 1.680616107 -1.948958187 0.073745703 0.242961216 0.129703862 0.958492737
9.833932000 8.933743303 1.652140071 -1.928253263 0.076583283 0.273704212 0.125250790 0.950543657
9.933561000 9.035704273 1.618394496 -1.954282743 0.073204520 0.296913791 0.116480971 0.944942052
10.033395000 9.078442603 1.575030084 -1.804120582 0.077848564 0.335138662 0.118619750 0.931424196
10.133611000 9.142084945 1.528152436 -1.823662343 0.080721019 0.356864454 0.107288346 0.924457186
10.233998000 9.147680360 1.518173612 -1.648720998 0.103993784 0.384164333 0.147202211 0.905502384
10.334614000 9.253216279 1.470655182 -1.691536330 0.110409612 0.388501372 0.163382826 0.900101358
10.435115000 9.353120621 1.432342732 -1.734320840 0.115683789 0.397898930 0.170078016 0.894073359
10.535477000 9.472773606 1.396434080 -1.780381109 0.114414950 0.411862989 0.165460923 0.888763625
10.635604000 9.604023045 1.359355777 -1.838445316 0.102868022 0.431176468 0.147409843 0.884180616
10.735496000 9.722092230 1.337040431 -1.893940918 0.103012532 0.446885458 0.140281256 0.877498134
10.835223000 9.867191401 1.291083678 -1.947949406 0.100110349 0.457505451 0.142592603 0.871971347
10.934761000 9.920631276 1.294667803 -1.923103111 0.118170791 0.482713647 0.145470942 0.855488985
11.034212000 9.998829808 1.317872323 -1.857640929 0.124622221 0.512225781 0.121289254 0.841060621
11.133727000 10.098838667 1.236285689 -1.905897075 0.117102252 0.524419599 0.125038973 0.834048201
11.233283000 10.112541669 1.254567103 -1.881652095 0.132252499 0.548693194 0.151839828 0.811412177
11.333031000 10.142766035 1.282314209 -1.860534001 0.125521699 0.573581246 0.110586560 0.801884948
11.432971000 10.163678073 1.267324297 -1.872840403 0.125709038 0.598992367 0.092062320 0.785448860
11.533101000 10.277170206 1.203018332 -1.937871650 0.118552757 0.611798600 0.086559770 0.777274162
11.633369000 10.415700784 1.156418963 -1.903945235 0.132359066 0.627214826 0.084258551 0.762878192
11.733727000 10.523818725 1.211850397 -1.864731048 0.169294923 0.638102787 0.081396199 0.746685155
11.833986000 10.663032344 1.105049952 -1.964265982 0.178182229 0.646020378 0.085745328 0.737262846
11.934174000 10.821225656 0.999876866 -2.072052885 0.169678728 0.662346224 0.075036841 0.725862302
12.034438000 10.985137186 0.886013422 -2.169779405 0.185943877 0.671905604 0.071024920 0.713388530
12.134703000 11.152607175 0.780705428 -2.275003856 0.196284019 0.681536574 0.064652349 0.701997547
12.234678000 11.321816256 0.680129694 -2.396032357 0.191866626 0.696987571 0.047222134 0.689322561
12.334486000 11.491547164 0.565108908 -2.520835171 0.190398580 0.713535470 0.035323703 0.673325887
12.434324000 11.659254561 0.456010824 -2.637024186 0.194152300 0.723362335 0.033622894 0.661756237
12.534121000 11.809759074 0.332876997 -2.742422004 0.205543069 0.726309651 0.044008481 0.654438379
12.633931000 11.967856547 0.222400117 -2.854558462 0.210538195 0.732419451 0.045669119 0.645871309
12.733925000 12.113800298 0.106976136 -2.965396251 0.203665563 0.743420407 0.040925518 0.635744869
12.833942000 12.258314783 -0.012023114 -3.073944120 0.200405421 0.749395774 0.048981569 0.629161702
12.934210000 12.407014355 -0.134289911 -3.191193097 0.217166997 0.747347411 0.060157947 0.625053089
13.034735000 12.546384246 -0.261340352 -3.297165445 0.250411326 0.735421097 0.080354083 0.624494355
13.135361000 12.718552376 -0.380512029 -3.406453130 0.277124912 0.724305775 0.097614021 0.623742279
13.235719000 12.884847332 -0.463325686 -3.514330063 0.287725395 0.722716422 0.100383039 0.620337260
13.335717000 13.039214311 -0.555062226 -3.650082311 0.285010561 0.727864150 0.094991643 0.616408425
13.435516000 13.189513183 -0.618742155 -3.814088982 0.273243799 0.738071859 0.082635274 0.611358462
13.535154000 13.348370532 -0.678001551 -3.979846330 0.260376786 0.748846254 0.071659641 0.605225672
13.634771000 13.497082772 -0.750833365 -4.178963715 0.231024047 0.762561390 0.060978028 0.601173598
13.734457000 13.645596320 -0.797029061 -4.398232065 0.206900300 0.769998964 0.059947421 0.600583191
13.834282000 13.801471232 -0.823911177 -4.612962697 0.200074331 0.772484854 0.057612029 0.599931885
13.934303000 13.982396954 -0.866627752 -4.832987437 0.202177553 0.768591967 0.069625675 0.602945180
14.034718000 14.163593364 -0.930246942 -5.045897389 0.194233563 0.771156805 0.068798723 0.602376328
14.135364000 14.378872431 -0.920100253 -5.231175573 0.191949962 0.774412588 0.067992910 0.599013622
14.235921000 14.556735321 -0.999303655 -5.423966758 0.182878622 0.776506041 0.075802646 0.598203758
14.336305000 14.820490843 -1.046879912 -5.606918197 0.182382910 0.782685702 0.066840204 0.591330663
14.436339000 15.066397951 -1.092781032 -5.850313788 0.192972069 0.787650346 0.050732853 0.582919282
14.536055000 15.310285866 -1.136802925 -6.078471888 0.200857909 0.793436125 0.044176868 0.572855671
14.635765000 15.552440744 -1.187986986 -6.304672704 0.206113593 0.801402805 0.044446231 0.559727847
14.735700000 15.792641359 -1.248764537 -6.528221696 0.213161419 0.810335174 0.042264303 0.544180893
14.835972000 16.028873531 -1.324429632 -6.755123211 0.221289837 0.818116978 0.044173285 0.528927347
14.936393000 16.242506497 -1.424318312 -6.956288647 0.240390973 0.820082894 0.056273745 0.516245574
15.036778000 16.448911016 -1.519734363 -7.169966954 0.250318815 0.824420167 0.062874928 0.503704897
15.137004000 16.657089326 -1.615907243 -7.381923864 0.247710350 0.833392047 0.062703621 0.490066868
15.236960000 16.863193020 -1.707320084 -7.579427483 0.247969839 0.839688182 0.061656842 0.479200531
15.336588000 17.047859632 -1.811242022 -7.753992235 0.264608004 0.837090953 0.070786140 0.473551119
15.436112000 17.204719426 -1.987687214 -7.975473901 0.285632916 0.829693991 0.087900466 0.471481947
15.535622000 17.375456499 -2.033923609 -8.148387375 0.273914424 0.839847716 0.077956113 0.462114214
15.635182000 17.553785153 -2.106450360 -8.341881292 0.259754412 0.850637232 0.068426669 0.451953246
15.734794000 17.727153964 -2.186137712 -8.511205104 0.263123162 0.852522623 0.068144320 0.446461342
15.834550000 17.903470262 -2.269588596 -8.702263210 0.270019626 0.851167466 0.069595480 0.444701940
15.934466000 18.066772175 -2.330980048 -8.884514068 0.275616443 0.850706624 0.067523516 0.442464000
16.034529000 18.219273177 -2.408999460 -9.061502674 0.287495044 0.846903045 0.070803354 0.441688484
16.134723000 18.394065923 -2.464319492 -9.248846793 0.300041617 0.845722392 0.072323328 0.435313680
16.234855000 18.574979936 -2.497615070 -9.430276868 0.312871379 0.845388724 0.072436950 0.426828179
16.334885000 18.747983625 -2.513384163 -9.628372694 0.329196537 0.843665149 0.075085398 0.417397819
16.434784000 18.913614722 -2.567308001 -9.813986707 0.336208850 0.848108162 0.078334727 0.401920173
16.534597000 19.071899190 -2.616485688 -10.028263605 0.334736042 0.857067168 0.081267073 0.383123105
16.634399000 19.226333842 -2.645393753 -10.243432437 0.336918760 0.864005430 0.084565460 0.364457199
16.734188000 19.378020800 -2.671163119 -10.463348619 0.350892918 0.864208753 0.092791079 0.348435370
16.834069000 19.516465275 -2.679876200 -10.682829477 0.349994991 0.872365871 0.094831392 0.327854084
16.934168000 19.647391978 -2.698498286 -10.907612501 0.353676049 0.878719549 0.100390550 0.304445306
17.034561000 19.759590172 -2.720073925 -11.135788861 0.362836792 0.881299666 0.106368021 0.283454062
17.134937000 19.872462447 -2.716754297 -11.361515217 0.368587978 0.884274835 0.110552997 0.264535353
17.235027000 19.966168884 -2.715365885 -11.588046843 0.367537905 0.889650468 0.113320937 0.246163154
17.334959000 20.053582645 -2.709587825 -11.826923002 0.333863762 0.908167310 0.112835596 0.225909836
17.434761000 20.136081150 -2.696257475 -12.052625561 0.323572732 0.916458691 0.114887702 0.205438484
17.534516000 20.207591059 -2.691485950 -12.272022147 0.319164949 0.921470178 0.117547903 0.187640447
17.634380000 20.282321462 -2.699598906 -12.489007770 0.317986696 0.923531845 0.124436484 0.174610863
17.734332000 20.360934403 -2.704840119 -12.698098171 0.315786478 0.922193277 0.148137356 0.167014322
17.834384000 20.427695998 -2.708342137 -12.909674784 0.317426608 0.920210238 0.166064520 0.157721403
17.934511000 20.538562253 -2.735438567 -13.134787923 0.311948486 0.920696128 0.183210763 0.146426085
18.034686000 20.602353606 -2.758082247 -13.372948977 0.315726568 0.919090166 0.194752384 0.132896611
18.134941000 20.671232672 -2.777747153 -13.615829151 0.321405329 0.919815081 0.193930655 0.114147852
18.235069000 20.737878131 -2.788091092 -13.867008036 0.327627625 0.920079699 0.191154070 0.097844814
18.335130000 20.816647106 -2.798209490 -14.128434531 0.331270679 0.921087474 0.187630314 0.081562664
18.435074000 20.894186495 -2.845742954 -14.411746634 0.332731709 0.922734971 0.182356726 0.067792379
18.534841000 20.968584489 -2.880915086 -14.691766047 0.332947913 0.924238857 0.176424780 0.061664572
18.634440000 21.025211897 -2.902855614 -14.974735882 0.337254071 0.923483837 0.173135811 0.058832686
18.734131000 21.101728571 -2.903137481 -15.235085505 0.338921270 0.924680362 0.165746799 0.051250366
18.834190000 21.164025907 -2.983364393 -15.557367437 0.338439044 0.923570126 0.173354387 0.049249286
18.934245000 21.229830571 -3.022699017 -15.853266527 0.338392552 0.924615538 0.167891720 0.048876979
19.034195000 21.302181821 -3.062766333 -16.149657863 0.339712316 0.924116180 0.167733779 0.049701191
19.134247000 21.364576536 -3.142327698 -16.483824960 0.336681874 0.924762696 0.169590747 0.051944689
19.234173000 21.439132067 -3.213651663 -16.822770705 0.334549688 0.922605722 0.183195190 0.057573519
19.333985000 21.496057887 -3.207823579 -17.096293286 0.341644104 0.920130549 0.181586630 0.060542340
19.433759000 21.597359968 -3.241423496 -17.422329986 0.340999061 0.922631503 0.172325733 0.052674383
19.533647000 21.691456154 -3.281911576 -17.759729786 0.343332732 0.926578564 0.148788896 0.037903349
19.633706000 21.748859373 -3.308493304 -18.116547772 0.350282565 0.922952231 0.155702663 0.034899640
19.733950000 21.811985571 -3.375515205 -18.496546015 0.356297478 0.921824125 0.151435193 0.018967665
19.834351000 21.904895246 -3.443110741 -18.880816999 0.357138752 0.920091201 0.160828949 0.004259381
19.934686000 21.851434698 -3.576874656 -19.342465266 0.358620845 0.918672098 0.165511867 -0.006203845
20.034830000 21.861540027 -3.671763633 -19.791983016 0.359427818 0.921311765 0.146490620 -0.023168365
20.134939000 21.931907154 -3.689453604 -20.183150229 0.367273927 0.921512799 0.120949298 -0.035990158
20.234886000 21.969717864 -3.776939001 -20.598450514 0.354461346 0.927068233 0.113567412 -0.044767036
20.334739000 22.024005074 -3.833988917 -20.982237910 0.363666782 0.923948457 0.106539380 -0.052106435
20.434606000 22.051051685 -3.957724151 -21.381461547 0.370845644 0.920911191 0.105997754 -0.056218888
20.534431000 22.055497810 -4.061396248 -21.768269732 0.373696628 0.920188294 0.103088546 -0.054562668
20.634226000 22.068848209 -4.157683877 -22.127922521 0.374846337 0.920447454 0.097189667 -0.053111921
20.734107000 22.067187785 -4.230509302 -22.464798229 0.386594292 0.917867574 0.081009823 -0.038747619
20.833642000 22.088649663 -4.315176689 -22.812549000 0.382273447 0.921144438 0.068719805 -0.025249248
20.933344000 22.062471771 -4.424863899 -23.130046864 0.380598888 0.922805724 0.058812130 -0.010733829
21.033510000 22.060425151 -4.565025677 -23.484200065 0.378328076 0.924263894 0.051021466 -0.000964463
21.134082000 22.056415280 -4.722071819 -23.833289379 0.375739663 0.925584470 0.044823820 0.010194147
21.234493000 22.053869998 -4.881471047 -24.173679307 0.372746667 0.926911039 0.040169545 0.016800453
21.334830000 22.049775641 -5.020389220 -24.507954305 0.376727979 0.925537859 0.032328661 0.020262252
21.435108000 22.031899549 -5.167080270 -24.833857630 0.375136634 0.925583918 0.040427407 0.030537540
21.535304000 22.021836136 -5.307541431 -25.163222080 0.372159908 0.926729543 0.038653967 0.034281586
21.635417000 22.016652097 -5.464863881 -25.493011819 0.370578651 0.927898806 0.027122140 0.030653848
21.735309000 22.008778990 -5.635158917 -25.829808306 0.371227236 0.927846298 0.022329077 0.028160223
21.834960000 21.993491672 -5.779161435 -26.149297498 0.373703401 0.926720135 0.023519979 0.031342784
21.934563000 21.990846370 -5.924766091 -26.476669802 0.373918337 0.926795579 0.017112837 0.030695003
22.034086000 21.986392248 -6.082169358 -26.806286661 0.374257359 0.926688180 0.013893010 0.031423388
22.133706000 21.992783687 -6.256233606 -27.131402554 0.372238788 0.927328858 0.017584440 0.034500176
22.233351000 21.998599077 -6.401928381 -27.460673423 0.372556355 0.927441665 0.002606312 0.032356270
22.333175000 21.999523812 -6.572285332 -27.781118955 0.371947166 0.927637912 -0.000763811 0.033802758
22.433131000 21.995944844 -6.744876094 -28.121138149 0.371222263 0.927659511 0.003953838 0.040326548
22.533192000 22.000525816 -6.917312597 -28.459938021 0.367917607 0.928952753 -0.001612005 0.040997789
22.633437000 22.007916267 -7.069094143 -28.783543569 0.369342216 0.928286190 -0.003271662 0.043132039
22.733776000 22.014491708 -7.238297587 -29.132591768 0.369352088 0.928035191 0.001620097 0.048239975
22.834133000 22.027473411 -7.424936620 -29.463230130 0.367036157 0.928735366 0.009334127 0.051458275
22.934435000 22.047203312 -7.565503664 -29.762098071 0.370746421 0.927405274 -0.007145459 0.049147657
23.034675000 22.074385608 -7.762115806 -30.110193829 0.369163884 0.928056053 -0.014026132 0.047257347
23.134907000 22.089062570 -7.962339753 -30.456003960 0.367447162 0.928676092 -0.018203939 0.047031017
23.234947000 22.100858743 -8.167556097 -30.807759172 0.368058036 0.928302628 -0.025495786 0.046232862
23.334888000 22.118047158 -8.372603556 -31.148759415 0.369218772 0.927728194 -0.030259894 0.045631516
23.434722000 22.129752595 -8.556677421 -31.501478215 0.370436857 0.927149030 -0.021121248 0.052202536
23.534467000 22.160940601 -8.698630024 -31.855149674 0.370136750 0.926961552 -0.014108074 0.059514962
23.634174000 22.168457331 -8.907698324 -32.193587954 0.371264806 0.926384072 -0.013298183 0.061629160
23.734130000 22.186838182 -9.097207026 -32.541650403 0.372115134 0.925600332 0.000795695 0.069236686
23.834420000 22.217952331 -9.292924400 -32.943818852 0.359445489 0.930234557 0.013680200 0.072632378
23.934808000 22.220922092 -9.437049303 -33.283762072 0.360423382 0.929679953 0.007770723 0.075695352
24.035080000 22.225424149 -9.652720049 -33.658289734 0.366875539 0.927110914 -0.006718280 0.076305685
24.135011000 22.236612085 -9.872092520 -34.055098698 0.370067399 0.925638958 -0.019939797 0.076452883
24.234668000 22.230517257 -10.106354185 -34.447997262 0.375952734 0.922904405 -0.043967565 0.070525555
24.334396000 22.222070966 -10.374412962 -34.853311097 0.380023563 0.920485848 -0.067016678 0.061617048
24.434275000 22.231388241 -10.636700802 -35.281023751 0.381427433 0.919400347 -0.078212549 0.055667874
24.534289000 22.240035273 -10.883691766 -35.695586113 0.378204145 0.920282540 -0.085534623 0.052206324
24.634383000 22.245646097 -11.160981977 -36.123183195 0.380887951 0.918866210 -0.088344400 0.052957754
24.734582000 22.262468907 -11.427135790 -36.565933199 0.378052841 0.920747788 -0.077276458 0.057688031
24.834952000 22.313020343 -11.713645115 -37.081485324 0.369290556 0.924627974 -0.081771149 0.044733361
24.935469000 22.295968743 -11.994117538 -37.451962751 0.376177925 0.921725930 -0.083201107 0.044598820
25.035911000 22.277994405 -12.289331400 -37.848872168 0.381980131 0.919023375 -0.089444127 0.038561163
25.136321000 22.271643853 -12.524662380 -38.234760468 0.384608396 0.917459009 -0.096179536 0.033088437
25.236296000 22.236169543 -12.811520452 -38.589074068 0.387347923 0.916064473 -0.099407884 0.030092212
25.335693000 22.201011498 -13.110397131 -38.953287215 0.389518789 0.915022319 -0.100551232 0.029978655
25.434876000 22.204144503 -13.320879956 -39.295518273 0.383734057 0.917045873 -0.103877262 0.031377616
25.534329000 22.174709878 -13.616674891 -39.649153917 0.381967790 0.917282233 -0.108379004 0.030788055
25.634183000 22.098889956 -13.958114063 -39.983704360 0.388686347 0.913936332 -0.111314482 0.035389135
25.734190000 22.083994259 -14.323360560 -40.352416041 0.387252053 0.914137292 -0.115277577 0.033165314
25.834301000 22.076421179 -14.635407213 -40.697366719 0.380384582 0.916623348 -0.118927248 0.031072765
25.934464000 22.052183912 -15.000611801 -41.068399072 0.380213035 0.917128170 -0.114377004 0.035097997
26.034681000 22.033284066 -15.276619444 -41.390142464 0.383075104 0.914449193 -0.123866318 0.041149417
26.134889000 22.034617318 -15.566297606 -41.769303301 0.383553596 0.913994154 -0.123832322 0.046549780
26.234972000 22.040910394 -15.806698186 -42.106888855 0.382132502 0.914536933 -0.121154684 0.054023065
26.335124000 22.019778254 -16.062814911 -42.441441085 0.383941810 0.912334981 -0.130842411 0.055801715
26.435283000 22.040222303 -16.351030486 -42.825425170 0.364366741 0.919432572 -0.140501249 0.046260371
26.535376000 22.055726325 -16.658517364 -43.222013666 0.342952376 0.928066216 -0.139354121 0.040708668
26.635361000 22.097097282 -16.959841781 -43.620300433 0.359506049 0.919746965 -0.148894481 0.051491305
26.735188000 22.094797120 -17.308848488 -43.943617617 0.371585713 0.914561064 -0.147212282 0.061892337
26.835116000 22.116489706 -17.617183992 -44.300507165 0.375792756 0.911841316 -0.151614473 0.065865545
26.935162000 22.133992464 -17.908557744 -44.656466886 0.377939112 0.908987888 -0.161532398 0.069356552
27.035172000 22.114706195 -18.164904468 -44.967250011 0.379289814 0.906383415 -0.170257646 0.074971163
27.135221000 22.126355412 -18.386715269 -45.303604352 0.376868708 0.905818688 -0.177293473 0.077649893
27.235114000 22.126918437 -18.644593136 -45.596561320 0.379229574 0.903767668 -0.179958191 0.083689797
27.335003000 22.100085007 -18.866839841 -45.897644419 0.378533444 0.902115171 -0.186516920 0.090067137
27.434910000 22.121120591 -19.107058502 -46.206964897 0.378683843 0.900285901 -0.193436223 0.093092809
27.535018000 22.145237128 -19.337319868 -46.513146352 0.380350180 0.896540430 -0.206226480 0.094971766
27.635154000 22.186690498 -19.612289737 -46.820630236 0.381251363 0.894011619 -0.215199883 0.095287110
27.735031000 22.205834101 -19.908491599 -47.124982569 0.379561964 0.893482378 -0.220744702 0.094306581
27.834818000 22.270073553 -20.110823692 -47.440284642 0.374507379 0.895176726 -0.219349308 0.101433397
27.934776000 22.259647006 -20.392003076 -47.704164994 0.371601595 0.894911728 -0.223313663 0.105717840
28.034971000 22.315243860 -20.710288695 -47.984458335 0.368641983 0.894634302 -0.231031100 0.101770260
28.135272000 22.343348515 -20.972194225 -48.298381654 0.373116834 0.887579475 -0.250224185 0.101854610
28.235723000 22.376687233 -21.266800599 -48.570724966 0.377589415 0.883799831 -0.256127195 0.103551687
28.336109000 22.405703220 -21.568597913 -48.848827102 0.376027874 0.881867981 -0.266494057 0.099462656
28.436219000 22.447341785 -21.789163642 -49.117815895 0.379855969 0.877918067 -0.272456816 0.103617536
28.535869000 22.511205179 -22.066835160 -49.386741924 0.385937825 0.875489893 -0.269788659 0.108551935
28.635294000 22.563904270 -22.428735917 -49.641562936 0.370296972 0.889624737 -0.241622727 0.114308517
28.734931000 22.633676383 -22.741247593 -49.914384875 0.363392753 0.893142966 -0.238579530 0.115417313
28.834990000 22.629707380 -23.182708081 -50.128724236 0.370956873 0.885407475 -0.256120467 0.113344197
28.935167000 22.591268510 -23.636807203 -50.358436744 0.376995012 0.877226767 -0.274779774 0.113331535
29.035455000 22.599416957 -24.044886477 -50.613041961 0.369217961 0.878139140 -0.284169232 0.108616738
29.135870000 22.598902365 -24.451828292 -50.862827409 0.372853254 0.874005535 -0.288208690 0.118450528
29.236011000 22.588003508 -24.923048866 -51.120953518 0.370942974 0.867824233 -0.308149897 0.119691485
29.335952000 22.577718372 -25.393618949 -51.370962157 0.369477271 0.860015827 -0.331243953 0.118898137
29.435621000 22.538035113 -25.865304537 -51.621024093 0.361799514 0.858135497 -0.343134805 0.122323698
29.535138000 22.502799944 -26.322884539 -51.906653769 0.350193234 0.861782020 -0.347028379 0.119447701
29.635287000 22.495406544 -26.820175533 -52.264448517 0.304924902 0.876230573 -0.363796455 0.083023646
29.735885000 22.477139108 -27.315574743 -52.515240819 0.304198239 0.869310801 -0.378259646 0.093176194
29.836001000 22.471449617 -27.785066720 -52.746280437 0.316750998 0.859507462 -0.385418284 0.111213646
29.936158000 22.462081788 -28.275080439 -52.969733873 0.324072528 0.852569564 -0.391019912 0.123310844
30.036431000 22.464389323 -28.754236957 -53.194323614 0.342775583 0.840291924 -0.394759888 0.143453873
30.136755000 22.435581308 -29.248445259 -53.385351402 0.348266579 0.835236100 -0.397117440 0.152933930
30.236918000 22.444966765 -29.733701152 -53.609376494 0.347599346 0.831983656 -0.403370559 0.155788583
30.336961000 22.423415152 -30.189723412 -53.810095881 0.346453894 0.829286301 -0.408556603 0.159171081
30.436829000 22.403740781 -30.694938239 -54.013105489 0.340968777 0.829818016 -0.412187191 0.158883835
30.536560000 22.381025354 -31.156779341 -54.225317768 0.338575979 0.828022964 -0.416989266 0.160823600
30.636253000 22.352971236 -31.630735387 -54.410653302 0.341757810 0.822864279 -0.423299552 0.164053247
30.735943000 22.323235683 -32.123238238 -54.585829500 0.341344986 0.821283623 -0.426827100 0.163693123
30.835656000 22.300581575 -32.585474566 -54.761682556 0.343733761 0.818025606 -0.431178958 0.163602918
30.935376000 22.262450113 -33.040855176 -54.914215044 0.345810770 0.814984600 -0.434949305 0.164420545
31.035100000 22.242440706 -33.505017871 -55.063858837 0.346116433 0.812416140 -0.439779137 0.163639055
31.134947000 22.213362457 -33.976139267 -55.187379149 0.344050254 0.813296592 -0.439611629 0.164072214
31.234773000 22.114741721 -34.469015696 -55.232365378 0.346899918 0.811843773 -0.439742204 0.164914912
31.334827000 22.071865070 -34.948074806 -55.357372769 0.347405341 0.808553906 -0.446262592 0.162480182
31.434994000 22.018999284 -35.427538309 -55.469969807 0.339143554 0.811480388 -0.450934094 0.152117298
31.535243000 21.957005307 -35.874685525 -55.605640485 0.342448649 0.811015549 -0.446792699 0.159245053
31.635580000 21.894878843 -36.351323991 -55.714015556 0.347932144 0.804911138 -0.451875072 0.163921327
31.735921000 21.840689694 -36.853126630 -55.793347489 0.347241440 0.804700353 -0.452878548 0.163651290
31.836272000 21.805813794 -37.339565666 -55.935003174 0.348825954 0.798860297 -0.462312438 0.162511196
31.936620000 21.751713002 -37.820685745 -56.025968756 0.350176620 0.795024103 -0.467603268 0.163279498
32.037011000 21.703163947 -38.319738981 -56.141385911 0.348519069 0.793667172 -0.471805606 0.161326839
32.137435000 21.635076151 -38.766066898 -56.215387676 0.346071298 0.799688868 -0.461862716 0.165575369
32.237544000 21.572230449 -39.254110900 -56.296512443 0.342432904 0.813208373 -0.435287751 0.178763591
32.337501000 21.456956923 -39.772778018 -56.342096067 0.343593613 0.812661700 -0.435571754 0.178330139
32.437339000 21.427850089 -40.268152616 -56.502909030 0.340609514 0.813575330 -0.436471978 0.177686672
32.536878000 21.318420003 -40.832727002 -56.549932007 0.344962493 0.804615825 -0.452231916 0.170530194
32.636322000 21.256650708 -41.356929652 -56.655422495 0.349166096 0.794048286 -0.469888306 0.163631712
32.735698000 21.205252823 -41.845159978 -56.778830071 0.350759710 0.787104120 -0.481191021 0.160903483
32.835284000 21.134020590 -42.399952018 -56.833840340 0.350831688 0.785423716 -0.484201522 0.159923726
32.935217000 21.064684994 -42.901585303 -56.905747100 0.351511449 0.782754162 -0.487625191 0.161112680
33.035457000 21.025716072 -43.409877669 -57.011033301 0.342156040 0.790797318 -0.482583009 0.157106607
33.135826000 20.986421761 -43.895279296 -57.116037188 0.318513016 0.806080915 -0.480121383 0.135153526
33.236047000 20.901705690 -44.407575905 -57.187569275 0.286342642 0.820866074 -0.483463607 0.102223875
33.336064000 20.862777734 -44.918568472 -57.290655928 0.268819402 0.820589030 -0.498874007 0.074124888
33.436056000 20.825500365 -45.428914246 -57.350869717 0.261856904 0.823638495 -0.499066400 0.063113549
33.536068000 20.804974935 -45.961462839 -57.362956641 0.277565604 0.816720120 -0.500057549 0.076603055
33.636210000 20.804653003 -46.502269084 -57.392977117 0.277579007 0.809497988 -0.512685070 0.069404047
33.736338000 20.833222130 -47.046598955 -57.394485926 0.285757805 0.804509828 -0.515813938 0.071009829
33.836526000 20.834736062 -47.581093027 -57.392923027 0.330552768 0.778372547 -0.519117882 0.124047045
33.936459000 20.864867564 -48.135914308 -57.363706453 0.348693687 0.766289349 -0.520006954 0.144243244
34.036345000 20.877095009 -48.678326367 -57.304947010 0.362955700 0.757644651 -0.518339739 0.159880134
34.136269000 20.904974700 -49.234220303 -57.263231561 0.398531055 0.727865220 -0.519687451 0.203249043
34.236087000 20.901328376 -49.746275646 -57.245957848 0.410382734 0.712703956 -0.523354670 0.223022358
34.335903000 20.898489570 -50.288028326 -57.211010485 0.420308484 0.698230666 -0.529462445 0.235550918
34.435698000 20.854051626 -50.741463828 -57.244462519 0.384388467 0.726531418 -0.537727024 0.187742516
34.535840000 20.787586003 -51.178133671 -57.259645787 0.367818815 0.740131220 -0.538162745 0.165214880
34.636266000 20.740248210 -51.702820755 -57.221875496 0.369008549 0.746806204 -0.532428885 0.150441575
34.736458000 20.670649222 -52.174170215 -57.191306444 0.374209600 0.747344648 -0.530380473 0.141914430
34.836388000 20.605308404 -52.656561183 -57.124522282 0.378127712 0.749036542 -0.526754426 0.135990683
34.935994000 20.538842032 -53.096993615 -57.108471646 0.380209134 0.746777933 -0.529364027 0.132429078
35.035695000 20.478804275 -53.523237403 -57.077601355 0.382522092 0.743596079 -0.532814335 0.129809882
35.135696000 20.387005838 -53.946866527 -57.025142399 0.387984272 0.740697886 -0.533202489 0.128568859
35.235515000 20.308370284 -54.366264246 -56.986182889 0.393244895 0.737737847 -0.534686053 0.123337533
35.335481000 20.202586049 -54.790380113 -56.915616446 0.399547248 0.734727768 -0.534292734 0.122753323
35.435483000 20.099963982 -55.194699845 -56.855971489 0.402222945 0.732150194 -0.535378210 0.124671439
35.535420000 20.020581702 -55.561317208 -56.829441474 0.400702919 0.727624747 -0.542511872 0.125220873
35.635223000 19.914003499 -55.950129988 -56.748093195 0.399125985 0.723927651 -0.548892803 0.123870477
35.735028000 19.830263557 -56.339133637 -56.704854871 0.396585597 0.719063110 -0.557147590 0.123509803
35.834915000 19.722752947 -56.721703260 -56.619996933 0.393548610 0.716202995 -0.562922695 0.123655978
35.934961000 19.637563723 -57.094924446 -56.551501099 0.392732376 0.712725777 -0.568046550 0.122907952
36.035134000 19.552459988 -57.470527666 -56.471637885 0.391911832 0.708604665 -0.574085600 0.121285897
36.135517000 19.456082826 -57.851789721 -56.373706334 0.390802794 0.706926453 -0.576753630 0.121997607
36.235712000 19.361041897 -58.210421543 -56.265785746 0.391064298 0.703053854 -0.581291191 0.122002232
36.335740000 19.234479406 -58.569671574 -56.107183146 0.391796756 0.700704641 -0.583248255 0.123813491
36.435496000 19.137475983 -58.907927693 -55.972476827 0.399327809 0.694353369 -0.585183415 0.126376699
36.535285000 19.027400240 -59.261463498 -55.840112717 0.430748570 0.670231756 -0.583630224 0.156910243
36.635175000 18.924148695 -59.530754263 -55.755941196 0.451417161 0.652181005 -0.588283682 0.157495374
36.735054000 18.811274779 -59.853947198 -55.665113290 0.459720248 0.655142577 -0.582921616 0.140170920
36.835293000 18.724740610 -60.163224520 -55.624491018 0.458975826 0.663450011 -0.579957958 0.113243281
36.935668000 18.608257311 -60.533023361 -55.515519136 0.459230852 0.671809691 -0.573833226 0.092163944
37.035841000 18.525479928 -60.783424468 -55.511600713 0.465224977 0.667491807 -0.575612314 0.081797751
37.135794000 18.413031545 -61.086956332 -55.383382570 0.475437023 0.664559182 -0.571885815 0.072576478
37.235575000 18.343656523 -61.441055726 -55.335028562 0.486412688 0.660178119 -0.568678140 0.064596605
37.335320000 18.169282904 -61.729166536 -55.178877603 0.495125587 0.657746718 -0.563830336 0.065690632
37.434923000 18.175810214 -61.986169735 -55.155145330 0.497358051 0.651051566 -0.570190492 0.060412170
37.534561000 18.135828441 -62.241381656 -55.157692995 0.497947822 0.644482930 -0.577244648 0.058977413
37.634233000 18.045886170 -62.435876599 -55.074163682 0.501019724 0.638337828 -0.580848155 0.064183140
37.734269000 17.883542189 -62.763677739 -54.775969371 0.504758607 0.641941693 -0.573474562 0.065242147
37.834550000 17.722819041 -63.135183827 -54.509498674 0.507807480 0.644811970 -0.567510191 0.065431418
37.934710000 17.597241776 -63.254015252 -54.233451387 0.517420649 0.632466644 -0.569863422 0.086703500
38.034627000 17.767475600 -63.294429454 -54.367119160 -0.537933279 -0.586494492 0.591171188 -0.131029097
38.134443000 17.730575673 -63.475303514 -54.422597646 -0.549633137 -0.554665491 0.601001218 -0.170432227
38.234064000 17.685430568 -63.677280126 -54.467265158 -0.548171285 -0.539736422 0.610894140 -0.187086041
38.333714000 17.574920735 -64.011744308 -54.456170969 -0.534828380 -0.549800813 0.616533083 -0.177664365
38.433658000 17.398621233 -63.929798024 -54.605434778 -0.517697292 -0.552524186 0.628001305 -0.179780137
38.533874000 17.477429208 -63.962576378 -54.888789450 -0.497215455 -0.560676079 0.644668294 -0.151069242
38.634055000 17.405921345 -64.233794755 -54.824359960 -0.481876852 -0.591864011 0.633738848 -0.125963346
38.734305000 17.461151261 -64.788774711 -54.800271456 -0.479919000 -0.610856674 0.620191558 -0.109061031
38.834532000 17.359370255 -64.939339336 -54.978418830 -0.463124674 -0.617215553 0.627398043 -0.104557130
38.934718000 17.238480634 -65.103639967 -55.017656382 -0.459030477 -0.611764779 0.635853042 -0.103565373
39.034715000 17.190767894 -65.189528261 -55.182996669 -0.452440390 -0.602399940 0.649123524 -0.105122100
39.134702000 16.936495601 -65.472019230 -54.984377707 -0.449524044 -0.607597903 0.645605518 -0.109299756
39.234548000 16.894745383 -65.832968303 -54.932768955 -0.450434091 -0.613715550 0.638075449 -0.115421288
39.334511000 16.829392000 -66.086067539 -54.921791396 -0.453231191 -0.620616478 0.627003515 -0.127605905
39.434784000 16.748480927 -66.402122750 -54.938866712 -0.465011850 -0.605694341 0.628345319 -0.148595101
39.534750000 16.625946766 -66.740479787 -54.919301493 -0.481171206 -0.575154333 0.638604364 -0.172789554
39.634591000 16.512186333 -67.054932465 -55.004294719 -0.468923215 -0.581704217 0.645289861 -0.159160980
39.734346000 16.339652558 -67.316437771 -55.048909868 -0.457769366 -0.576753031 0.662200191 -0.138903041
39.833992000 16.169166506 -67.603644551 -55.065257865 -0.462527328 -0.556479216 0.674485692 -0.146521003
39.933569000 16.030019580 -67.967712151 -55.075862672 -0.472235600 -0.535179783 0.680080891 -0.167529458
40.033191000 15.912720574 -68.207156884 -55.062433289 -0.481929179 -0.518722316 0.683317957 -0.178179672
40.133205000 15.800656850 -68.469819920 -55.056344487 -0.489086811 -0.505902321 0.686333324 -0.183857284
40.233134000 15.662918316 -68.787521689 -55.019520371 -0.482192996 -0.520712590 0.686831191 -0.156879662
40.333185000 15.502685374 -69.054781293 -55.030802895 -0.472263185 -0.540383828 0.684013844 -0.130682304
40.433237000 15.342272939 -69.301173431 -55.067631183 -0.469897475 -0.542911947 0.686455187 -0.114988076
40.533130000 15.201123977 -69.571949899 -55.019324879 -0.472674891 -0.543705680 0.685100748 -0.107701187
40.632976000 15.073419515 -69.859646414 -54.943907321 -0.477633308 -0.539308580 0.685160206 -0.107555431
40.732882000 14.897781820 -70.180105597 -54.843629183 -0.479358222 -0.540529434 0.682862564 -0.108362098
40.832950000 14.496656897 -70.441767379 -54.769455302 -0.468878958 -0.560231689 0.672777787 -0.116888952
40.933150000 14.403613674 -70.718891286 -54.833830670 -0.473789550 -0.546123933 0.679532855 -0.124527956
41.033403000 14.156259197 -70.934315275 -54.803355093 -0.476636610 -0.531939345 0.685173692 -0.142811368
41.133579000 13.995741925 -71.205844324 -54.681207043 -0.470003441 -0.542295134 0.683577836 -0.133169420
41.233713000 13.841232177 -71.472969206 -54.620025848 -0.464698047 -0.542948969 0.688909397 -0.121103196
41.333851000 13.715781708 -71.737136287 -54.549883531 -0.468753260 -0.534545040 0.692187358 -0.124131554
41.434033000 13.505338639 -71.938583595 -54.575600557 -0.482774698 -0.510829563 0.694072670 -0.155707666
41.534156000 13.324043325 -72.138447010 -54.515193037 -0.503121991 -0.478011111 0.691548747 -0.200334648
41.634245000 13.174039246 -72.355043940 -54.487094456 -0.513729474 -0.453338483 0.692469095 -0.225948666
41.734176000 12.971326180 -72.562816755 -54.497347309 -0.510254416 -0.456540221 0.693896666 -0.222977296
41.834057000 12.799682910 -72.733140161 -54.610203254 -0.499001182 -0.473617600 0.699667120 -0.192743642
41.933965000 12.639653263 -72.942039889 -54.584797950 -0.501629300 -0.477162839 0.698633576 -0.180540294
42.033842000 12.424602649 -73.127438548 -54.617763523 -0.489614314 -0.503585411 0.699192141 -0.133453765
42.133998000 12.224453376 -73.332323461 -54.637351496 -0.487127995 -0.513561148 0.697675046 -0.110502460
42.234316000 12.024669619 -73.528064855 -54.647578961 -0.487611257 -0.519682236 0.694047344 -0.102293302
42.334629000 11.850093400 -73.739978118 -54.659950638 -0.486172085 -0.547668579 0.671334579 -0.114042596
42.434867000 11.696351170 -73.955426839 -54.638780179 -0.487132126 -0.544535111 0.674748917 -0.104392070
42.535128000 11.489694965 -74.165451546 -54.665944770 -0.479637064 -0.551027027 0.677486289 -0.085614430
42.635421000 11.289558207 -74.373248980 -54.728574143 -0.474283772 -0.543989958 0.689106751 -0.065281811
42.735763000 11.114106517 -74.578457011 -54.765695680 -0.476038632 -0.535994150 0.693586570 -0.070958876
42.836087000 10.920879908 -74.802342845 -54.816854992 -0.475046556 -0.537506989 0.692230503 -0.078955284
42.936376000 10.773102246 -75.025027452 -54.814726149 -0.480736498 -0.526472793 0.695909252 -0.086192405
43.036487000 10.579085135 -75.223010257 -54.763711642 -0.483163775 -0.518454986 0.699244566 -0.093884131
43.136341000 10.414822473 -75.394440213 -54.716226892 -0.478078281 -0.534731420 0.687945260 -0.110610958
43.235901000 10.273609092 -75.581883844 -54.702252024 -0.473549251 -0.539127672 0.686355857 -0.118355808
43.335375000 10.102026416 -75.797005696 -54.688845147 -0.470843060 -0.529496032 0.696241681 -0.114840262
43.434817000 9.927955044 -76.061308401 -54.635572319 -0.466996090 -0.530849247 0.698484445 -0.110603838
43.534332000 9.750199515 -76.228947262 -54.640050550 -0.457121738 -0.557629265 0.680747084 -0.129122910
43.633905000 9.588890894 -76.413648634 -54.566990617 -0.457148907 -0.559960299 0.677480135 -0.135941190
43.733590000 9.444955245 -76.609202124 -54.443143545 -0.456185366 -0.565582854 0.673189197 -0.137212435
43.833480000 9.263665658 -76.867807559 -54.426111284 -0.453091309 -0.564365467 0.676305640 -0.137151621
43.933771000 9.084373445 -77.103425998 -54.376248954 -0.447302391 -0.578815212 0.665654534 -0.147639977
44.034226000 8.902398592 -77.352380290 -54.296797849 -0.448088200 -0.569534692 0.674234924 -0.142318192
44.134649000 8.699273417 -77.559420254 -54.150270720 -0.448415545 -0.568350256 0.675264032 -0.141138134
44.234605000 8.515252611 -77.825670959 -54.013218208 -0.450838903 -0.558217185 0.683413649 -0.134475437
44.334415000 8.250751964 -78.061127254 -53.903929701 -0.449852709 -0.544470649 0.696485805 -0.126853362
44.434097000 8.036404336 -78.331190942 -53.794089351 -0.451975711 -0.523752800 0.712877470 -0.114920297
44.533793000 7.826689982 -78.597451196 -53.661662873 -0.458981333 -0.500579280 0.724496336 -0.117735211
44.633678000 7.647254268 -78.869073091 -53.553286403 -0.465471095 -0.490414236 0.724845209 -0.132022572
44.733707000 7.474094929 -79.077094836 -53.481765574 -0.474422841 -0.474213540 0.726358515 -0.149825879
44.833787000 7.219900786 -79.304888063 -53.376825714 -0.466539899 -0.492143090 0.724104268 -0.125732695
44.933890000 7.052378589 -79.510718512 -53.360750004 -0.463950590 -0.494120044 0.727378485 -0.107311562
45.034015000 6.816341281 -79.743553062 -53.209823398 -0.465833136 -0.498891739 0.723881800 -0.100507023
45.134339000 6.603835762 -79.952799818 -53.094740906 -0.467676941 -0.501452670 0.721397326 -0.097002049
45.234503000 6.410812108 -80.154078211 -52.979662247 -0.469209886 -0.507631979 0.716000109 -0.097445886
45.334713000 6.252456104 -80.375627421 -52.906302030 -0.471284414 -0.499824501 0.720928496 -0.091261020
45.434748000 6.049205514 -80.568245034 -52.801483994 -0.471804257 -0.501567132 0.719300010 -0.091862131
45.534582000 5.768091031 -80.723336153 -52.669837362 -0.467173749 -0.504938835 0.719550707 -0.095038109
45.634333000 5.586336200 -80.913469216 -52.593978078 -0.464009754 -0.504391142 0.721950670 -0.095245755
45.734132000 5.377547495 -81.157268828 -52.548910506 -0.459280484 -0.513033441 0.717971254 -0.101859728
45.833970000 5.174790094 -81.335593220 -52.351299784 -0.455835688 -0.528695551 0.707201247 -0.112076921
45.934065000 4.999912992 -81.516450964 -52.276602624 -0.449934352 -0.534307499 0.706000693 -0.116780122
46.034169000 4.786191036 -81.671980452 -52.210897315 -0.442255988 -0.539234115 0.705653586 -0.125256646
46.134502000 4.555618651 -81.868577622 -52.099218148 -0.440425601 -0.542205332 0.703288376 -0.132000485
46.234844000 4.357626094 -82.046977497 -52.009152147 -0.440395529 -0.539106574 0.703277639 -0.144279041
46.335030000 4.150842199 -82.247982568 -51.927229785 -0.444246117 -0.515253294 0.718444393 -0.144903709
46.435040000 3.913299505 -82.478869079 -51.780118202 -0.447877894 -0.487587865 0.738893373 -0.125299836
46.535062000 3.667113801 -82.687590965 -51.675358508 -0.446916731 -0.478072538 0.747507528 -0.113774249
46.634888000 3.439177815 -82.905308995 -51.634047362 -0.444502704 -0.468538895 0.755724440 -0.108486044
46.734527000 3.217472487 -83.141138406 -51.590206371 -0.441350991 -0.461186610 0.762544275 -0.105083025
46.834115000 3.017617571 -83.359307537 -51.554049524 -0.438456531 -0.454149909 0.768552668 -0.104069819
46.933856000 2.797185803 -83.641641299 -51.469075542 -0.432748040 -0.477437813 0.755241342 -0.119969926
47.033881000 2.566479662 -83.960969043 -51.352595546 -0.425115917 -0.503282879 0.740929776 -0.130406551
47.134109000 2.313746546 -84.247007976 -51.211440726 -0.417242765 -0.510309099 0.741515357 -0.125092263
47.234293000 2.074656435 -84.457573232 -51.092693474 -0.411907262 -0.507666358 0.746432239 -0.124282694
47.334488000 1.808415073 -84.728252592 -50.907914350 -0.408169396 -0.504761592 0.750926865 -0.121335579
47.434426000 1.564616459 -85.047509795 -50.746281301 -0.403272896 -0.506824291 0.752985770 -0.116243450
47.534350000 1.279320788 -85.368370215 -50.578100158 -0.399468407 -0.517843507 0.747034636 -0.119173595
47.634381000 1.042913545 -85.621115862 -50.360431154 -0.396461992 -0.525654523 0.743042807 -0.119969157
47.734575000 0.797663129 -85.897425911 -50.311692406 -0.391922699 -0.520172960 0.749213740 -0.120397097
47.834980000 0.551417494 -86.204395867 -50.274810196 -0.383349768 -0.509014511 0.762116986 -0.114563875
47.935351000 0.291159133 -86.512047840 -50.156178294 -0.376765839 -0.496628813 0.774502858 -0.107483241
48.035599000 0.010000257 -86.804630448 -50.025801996 -0.376159697 -0.458983532 0.799793205 -0.090381572
48.136029000 -0.190664559 -87.159577159 -49.843836629 -0.378776921 -0.425376081 0.818469686 -0.075436111
48.236130000 -0.358665966 -87.500141436 -49.680259385 -0.382832561 -0.404601171 0.827912096 -0.065564352
48.336167000 -0.581807708 -87.784867039 -49.516261150 -0.383234888 -0.395276982 0.832461742 -0.062406538
48.436247000 -0.957818982 -87.976028870 -49.242945770 -0.381586060 -0.397635136 0.831986230 -0.063853663
48.536351000 -1.306943504 -88.204998647 -49.090692594 -0.379482877 -0.392377593 0.835039757 -0.068856188
48.636353000 -1.590954745 -88.462212943 -48.916448559 -0.379744138 -0.389408328 0.836224618 -0.069885134
48.736251000 -1.790026787 -88.740684615 -48.834831850 -0.378128777 -0.384374871 0.839845381 -0.062724174
48.836072000 -2.069507455 -89.084038541 -48.659995923 -0.378388005 -0.380251066 0.841159411 -0.068428722
48.935879000 -2.292539646 -89.234818014 -48.456043378 -0.377810122 -0.377224813 0.842017508 -0.077249390
49.035744000 -2.582652677 -89.497907324 -48.217254379 -0.370592956 -0.379333930 0.843886798 -0.081373848
49.135606000 -2.798346355 -89.701806315 -47.960618950 -0.362426046 -0.379205270 0.847295482 -0.083313209
49.235286000 -2.966610185 -89.924636655 -47.845559934 -0.342452059 -0.375139112 0.857294757 -0.083922183
49.334894000 -3.159617416 -90.143881092 -47.662475993 -0.318290540 -0.374176254 0.866746069 -0.086223630
49.434450000 -3.331250677 -90.383678219 -47.581092322 -0.292240420 -0.367754886 0.878184895 -0.090239524
49.534154000 -3.514978973 -90.809886664 -47.432839339 -0.271807151 -0.357114336 0.888963905 -0.091287452
49.634480000 -3.751514253 -91.018383498 -47.417087995 -0.245379762 -0.347606964 0.899597725 -0.098397681
49.735334000 -3.895779841 -91.252703136 -47.247909259 -0.229240476 -0.343500715 0.905228003 -0.100091589
49.836340000 -4.060902416 -91.561471585 -47.069175005 -0.217098091 -0.335266233 0.910978885 -0.102871004
49.936987000 -4.226515929 -91.781640080 -46.853032816 -0.207983619 -0.331283551 0.914115144 -0.106712357
50.037160000 -4.352118116 -92.040260404 -46.642829008 -0.203038602 -0.327942646 0.916320465 -0.107637134
50.137073000 -4.487690588 -92.260087897 -46.410606728 -0.198300707 -0.326589256 0.917794914 -0.108022143
50.236609000 -4.601434445 -92.506049525 -46.139809654 -0.193230575 -0.321902370 0.920813425 -0.105562520
50.335836000 -4.675871884 -92.760358739 -45.844287021 -0.192186772 -0.322928827 0.920615959 -0.106054103
50.435087000 -4.771356754 -92.948131946 -45.520984905 -0.190010530 -0.326255704 0.919723691 -0.107524634
50.534290000 -4.866591546 -93.214309204 -45.302202620 -0.186486260 -0.320706393 0.922779191 -0.104157805
50.633573000 -4.979997705 -93.396925772 -45.057491741 -0.182096999 -0.319381937 0.923984764 -0.105299655
50.733109000 -5.090049074 -93.641093626 -44.794888713 -0.179117951 -0.317777220 0.925195726 -0.104629185
50.832800000 -5.179307365 -93.832550986 -44.542582851 -0.173526784 -0.314418714 0.927395199 -0.104725702
50.932707000 -5.267441272 -93.992000569 -44.295632510 -0.167339560 -0.311755637 0.929280727 -0.106034074
51.032939000 -5.336915162 -94.169033232 -44.028319909 -0.161581037 -0.310677614 0.930854542 -0.104311125
51.133514000 -5.413304319 -94.295316098 -43.745358756 -0.150500439 -0.309484508 0.933132209 -0.104082836
51.233829000 -5.486696075 -94.458054131 -43.509723428 -0.135889336 -0.307125230 0.936040557 -0.105053592
51.334005000 -5.573203513 -94.610589651 -43.255174607 -0.123203836 -0.307101671 0.939434957 -0.089282362
51.434093000 -5.591756730 -94.720867543 -42.908817384 -0.118927082 -0.310472696 0.938985772 -0.088140647
51.534109000 -5.625258225 -94.838593385 -42.633961053 -0.115682250 -0.308436268 0.938983018 -0.098972608
51.633761000 -5.649988532 -94.941747585 -42.362281315 -0.115565616 -0.283378117 0.946664618 -0.100834182
51.733159000 -5.676827273 -95.065727434 -42.104919389 -0.116263215 -0.274989047 0.948878059 -0.102441782
51.832641000 -5.710039487 -95.186391797 -41.887085788 -0.115509775 -0.278098789 0.947874281 -0.104177263
51.932205000 -5.726522476 -95.320514116 -41.686425571 -0.116876687 -0.287849822 0.944432235 -0.107378179
52.031845000 -5.741295370 -95.359758404 -41.445488701 -0.118791467 -0.295928208 0.941513038 -0.108941647
52.131776000 -5.771976108 -95.466902638 -41.235855438 -0.122026293 -0.281426573 0.945729369 -0.107259634
52.231622000 -5.787420563 -95.539030375 -41.025850908 -0.122857150 -0.283005541 0.945232012 -0.106538390
52.331485000 -5.818485246 -95.576668480 -40.868359958 -0.117817127 -0.288368871 0.944210482 -0.106906898
52.431365000 -5.816229947 -95.695644417 -40.610369803 -0.109576692 -0.291587172 0.944595228 -0.103487802
52.531000000 -5.824399421 -95.743779139 -40.423276945 -0.095318494 -0.289529576 0.946861832 -0.102662945
52.630457000 -5.829755295 -95.782300125 -40.224694356 -0.077644387 -0.286896033 0.949402421 -0.101474421
52.729843000 -5.843348661 -95.843682259 -40.055501852 -0.061126605 -0.282311173 0.951991231 -0.101373748
52.829442000 -5.863315258 -95.897197223 -39.877271252 -0.045785939 -0.278669985 0.954215167 -0.098590581
52.929337000 -5.861758852 -95.910540725 -39.630854697 -0.027900926 -0.278975863 0.955775154 -0.088813635
53.029625000 -5.822314629 -95.978557627 -39.396671930 -0.014262760 -0.276133816 0.959404167 -0.055590764
53.130363000 -5.819858744 -96.044150770 -39.208756702 0.004192258 -0.270188631 0.962460812 -0.025489475
53.230914000 -5.712507194 -96.116078930 -38.966810204 0.015803929 -0.264372116 0.963753925 -0.032186823
53.331283000 -5.664665017 -96.215981851 -38.768261456 0.027958475 -0.249550660 0.965628444 -0.067115574
53.431397000 -5.583973026 -96.210188346 -38.535267799 0.037823283 -0.239104536 0.965939016 -0.091434338
53.531255000 -5.517575931 -96.281737987 -38.359169350 0.047431579 -0.240655404 0.963992337 -0.102732645
53.631072000 -5.449916705 -96.309822425 -38.181081761 0.053247008 -0.247256791 0.961563913 -0.106881603
53.731066000 -5.277352014 -96.216471143 -37.925826723 0.051711063 -0.244571855 0.962196071 -0.108117037
53.831039000 -5.170518193 -96.222527871 -37.716677669 0.051744273 -0.254624678 0.959634730 -0.107656811
53.931173000 -5.205889101 -96.341623042 -37.614912534 0.058860694 -0.252141884 0.959695984 -0.109286354
54.031587000 -5.123714674 -96.365024505 -37.445192488 0.056211526 -0.243662534 0.961973963 -0.109885983
54.132189000 -5.020500822 -96.405429230 -37.284415927 0.051246334 -0.222463168 0.967260336 -0.110866560
54.232617000 -5.056396238 -96.443986042 -37.176965987 0.054726614 -0.213320943 0.968733301 -0.114258324
54.332925000 -5.090613955 -96.406585881 -37.071583633 0.062407551 -0.219956388 0.966740720 -0.114616168
54.432997000 -4.997074767 -96.495854629 -36.949330324 0.069019272 -0.221296256 0.966547319 -0.109775163
54.532685000 -4.887198825 -96.402895879 -36.782310657 0.081535387 -0.222746687 0.967643210 -0.086037849
54.632050000 -4.835595171 -96.422142857 -36.671509223 0.097146909 -0.211209378 0.968506584 -0.089151964
54.731665000 -4.758570728 -96.429402833 -36.567181707 0.109603260 -0.188714881 0.970014065 -0.106988473
54.831600000 -4.680958459 -96.466975248 -36.479224159 0.121877982 -0.198456003 0.965851428 -0.113542904
54.931640000 -4.569357456 -96.441981863 -36.374025086 0.127387110 -0.214742113 0.961275796 -0.116649876
55.031715000 -4.447260942 -96.469717039 -36.255622124 0.129879722 -0.228349651 0.957812946 -0.116542075
55.131868000 -4.453473559 -96.541708651 -36.108675393 0.133989223 -0.221700705 0.958009942 -0.122933464
55.231799000 -4.307901240 -96.584488307 -36.080396564 0.128190826 -0.199793836 0.963300423 -0.125306941
55.331722000 -4.314029929 -96.673248922 -36.013284462 0.131758254 -0.188597437 0.965560176 -0.121508503
55.431773000 -4.225337933 -96.607952029 -36.043764560 0.129437760 -0.192192918 0.965156588 -0.121575114
55.531874000 -4.114471199 -96.713073225 -35.971347430 0.126246193 -0.191535930 0.966423834 -0.115762082
55.631805000 -4.083033968 -96.694627820 -35.996614914 0.128364810 -0.202983600 0.963510932 -0.118181294
55.731613000 -4.149621848 -96.624668066 -35.879825688 0.134178015 -0.204177421 0.965029962 -0.095000067
55.831420000 -4.108455060 -96.684235334 -35.851115500 0.136666727 -0.222975083 0.960100394 -0.099053277
55.931328000 -4.098666903 -96.648744648 -35.827313560 0.142353723 -0.254442609 0.951029023 -0.102655610
56.031388000 -4.041288143 -96.644285130 -35.951791732 0.142993017 -0.263366922 0.948482567 -0.102818684
56.131610000 -3.988772498 -96.703165605 -35.992379254 0.144966138 -0.266664995 0.947132784 -0.103990812
56.231848000 -3.810158667 -96.790976264 -36.046769579 0.139456084 -0.264172224 0.948405110 -0.106267508
56.332119000 -3.725499190 -96.830686346 -36.081047325 0.134439546 -0.265645996 0.948021473 -0.112309838
56.432579000 -3.673951400 -96.838080666 -36.095363723 0.137444473 -0.264379740 0.947629174 -0.114940502
56.532944000 -3.568645097 -96.849959192 -36.106240566 0.140072672 -0.261081061 0.948167308 -0.114869853
56.633213000 -3.488117491 -96.845898131 -36.117284986 0.145080252 -0.259750175 0.947711363 -0.115432835
56.733266000 -3.377793566 -96.827853588 -36.120772016 0.150266967 -0.257058678 0.947474355 -0.116760529
56.833210000 -3.250832208 -96.789121211 -36.118314781 0.156925987 -0.254571061 0.947120883 -0.116317852
56.933104000 -3.194973288 -96.765015948 -36.101270920 0.167510536 -0.253177911 0.945672680 -0.116380188
57.033014000 -3.126674391 -96.742789248 -36.107819959 0.175688901 -0.250347289 0.944677833 -0.118505009
57.132813000 -2.987852975 -96.713225170 -36.113802552 0.182192974 -0.247506810 0.944406902 -0.116797698
57.232484000 -2.880077205 -96.676932460 -36.134228877 0.189949254 -0.244466970 0.943617502 -0.117222832
57.332344000 -2.746174990 -96.622025745 -36.124332888 0.198883593 -0.241202260 0.942554414 -0.117719851
57.432174000 -2.640529558 -96.595957632 -36.127164406 0.205751926 -0.238270944 0.941653132 -0.119090227
57.532117000 -2.550641600 -96.519022231 -36.120345198 0.210047779 -0.238221627 0.940471622 -0.121010391
57.631948000 -2.464556120 -96.491809908 -36.122240849 0.213131594 -0.236100780 0.940111092 -0.122566229
57.731580000 -2.384245131 -96.380882081 -36.077111599 0.216393165 -0.238591750 0.938792682 -0.122132202
57.831107000 -2.294008900 -96.343332734 -36.079281436 0.218329083 -0.236309531 0.938664397 -0.124094182
57.930559000 -2.196496102 -96.296692494 -36.073079916 0.219549489 -0.235614987 0.938415657 -0.125138544
58.029978000 -2.088329779 -96.238371969 -36.054762905 0.218908396 -0.235439579 0.937806020 -0.131023611
58.129543000 -1.995996100 -96.126280251 -36.010343672 0.213255060 -0.244096820 0.930139290 -0.172568605
58.229213000 -1.906294112 -96.090169902 -36.054624385 0.204105031 -0.243771600 0.924507816 -0.210242341
58.329179000 -1.841243379 -96.004484375 -36.000732682 0.194222168 -0.248299163 0.922926755 -0.220978460
58.429478000 -1.791301620 -95.964877602 -35.974470628 0.186012261 -0.246191036 0.929202683 -0.203400558
58.529999000 -1.703121439 -95.916236453 -35.932721404 0.178478912 -0.242088847 0.939269925 -0.165258209
58.630392000 -1.666555232 -95.878270694 -35.909215340 0.168981730 -0.239569913 0.945162401 -0.143942584
58.730682000 -1.624152944 -95.823972696 -35.873626890 0.158572803 -0.239692069 0.948066752 -0.136278438
58.830783000 -1.393084917 -95.678795073 -35.854321734 0.144444090 -0.240891684 0.951599259 -0.124763579
58.930605000 -1.430162631 -95.765503667 -35.799420096 0.146682949 -0.234691022 0.952302376 -0.128547348
59.030143000 -1.492027352 -95.654630280 -35.802164120 0.145297488 -0.242533713 0.949598491 -0.135383693
59.129827000 -1.430713731 -95.761710993 -35.741035075 0.149159639 -0.239386300 0.949128665 -0.140001354
59.229538000 -1.357208161 -95.612996007 -35.772587017 0.144362901 -0.234259981 0.951324432 -0.138792794
59.329387000 -1.281310047 -95.526092094 -35.717975505 0.139576244 -0.232487550 0.951624190 -0.144497101
59.429461000 -1.219725507 -95.511207234 -35.705581963 0.133143350 -0.230021187 0.949566660 -0.166391890
59.529644000 -1.235520258 -95.535050539 -35.703868737 0.127609042 -0.224716363 0.947638002 -0.187618510
59.629799000 -1.222970288 -95.626999605 -35.539224155 0.121929923 -0.219474015 0.946000629 -0.205053800
59.730012000 -1.314386399 -95.604041928 -35.517921540 0.115179152 -0.216852301 0.939623836 -0.238360837
59.830184000 -1.294136291 -95.582290639 -35.456042424 0.106167742 -0.222945002 0.929415618 -0.274245412
59.930218000 -1.277730840 -95.573344704 -35.390057933 0.099181260 -0.228561631 0.925579959 -0.284998945
60.030393000 -1.269693423 -95.575109872 -35.348464543 0.095104862 -0.233281734 0.923649736 -0.288800733
60.131054000 -1.301862967 -95.546463449 -35.300149334 0.091372738 -0.237257674 0.923962188 -0.285751104
60.231923000 -1.345905051 -95.505909505 -35.254311845 0.088312526 -0.239773954 0.927687764 -0.272221898
60.333017000 -1.395818840 -95.491273562 -35.215257845 0.082577022 -0.242135940 0.931630308 -0.258101125
60.433953000 -1.455610178 -95.495828388 -35.182325007 0.074267487 -0.244261811 0.933001597 -0.253630692
60.534406000 -1.521532675 -95.514129211 -35.151482432 0.064041203 -0.246067495 0.935150161 -0.246665135
60.634320000 -1.608294526 -95.537816586 -35.117860802 0.053073701 -0.249238022 0.937121465 -0.238467924
60.733846000 -1.680276787 -95.510661928 -35.007844557 0.036736150 -0.255696998 0.943088751 -0.209411337
60.833166000 -1.726684849 -95.519875694 -34.881283347 0.019293193 -0.262023518 0.943944590 -0.199850093
60.932542000 -1.775389605 -95.610720727 -34.863614312 0.003106199 -0.261324606 0.941128442 -0.214422614
61.031960000 -1.842093066 -95.672026365 -34.822401957 -0.013279520 -0.263053087 0.939093865 -0.220747461
61.131780000 -1.920544116 -95.786173494 -34.791618586 -0.029153792 -0.267078221 0.945583249 -0.183552718
61.231818000 -2.007969622 -95.904433403 -34.779135461 -0.044319956 -0.270191956 0.948803583 -0.157492252
61.331958000 -2.201439342 -96.000143286 -34.682850340 -0.054736234 -0.277516657 0.947736374 -0.147594766
61.432062000 -2.195919827 -96.085015500 -34.654807711 -0.074921337 -0.278922495 0.948419448 -0.130727144
61.532096000 -2.312201881 -96.211891378 -34.622171122 -0.092350799 -0.281516373 0.949785847 -0.100631536
61.632243000 -2.454507642 -96.348452815 -34.588262728 -0.111098207 -0.276197877 0.951854237 -0.073112461
61.732414000 -2.523378178 -96.413724127 -34.518390985 -0.134802681 -0.270867183 0.951589617 -0.054188619
61.832577000 -2.564947232 -96.457634822 -34.454981470 -0.159090946 -0.264187188 0.950213970 -0.044593855
61.932813000 -2.607306356 -96.527710978 -34.421545638 -0.180566366 -0.261724810 0.947445742 -0.035248795
62.032987000 -2.636006441 -96.591897950 -34.409384252 -0.200901197 -0.261663571 0.943388544 -0.034480986
62.133068000 -2.618685679 -96.632123547 -34.399401161 -0.219452642 -0.268442910 0.936621659 -0.050187742
62.232883000 -2.597440546 -96.636079839 -34.379438132 -0.233135841 -0.286366175 0.927552629 -0.057342953
62.332706000 -2.591437237 -96.605681448 -34.394048967 -0.240749151 -0.296240427 0.921178823 -0.075571374
62.432526000 -2.482567267 -96.641350231 -34.404190382 -0.245906371 -0.311377020 0.910166264 -0.119045287
62.532284000 -2.390945772 -96.631186311 -34.408309228 -0.243438080 -0.317270923 0.906036528 -0.138473367
62.632031000 -2.349288756 -96.597879713 -34.436046547 -0.232149261 -0.317800832 0.905603747 -0.158086069
62.731680000 -2.211656533 -96.593774645 -34.421672141 -0.215063122 -0.316476073 0.907844653 -0.171490045
62.831420000 -2.061059428 -96.568658688 -34.422786432 -0.188466680 -0.314580966 0.912332121 -0.182124209
62.931303000 -1.986538515 -96.552093304 -34.411205667 -0.156665838 -0.313723195 0.918068710 -0.184887577
63.031438000 -1.893424406 -96.552665536 -34.398867941 -0.128912172 -0.310815650 0.925401999 -0.174374376
63.131971000 -1.827998752 -96.535757567 -34.394757179 -0.100618401 -0.308674940 0.928590450 -0.179765109
63.232469000 -1.780248394 -96.490319945 -34.389154047 -0.076625963 -0.305692764 0.928434264 -0.196698280
63.332982000 -1.717696141 -96.475917892 -34.405082921 -0.062350328 -0.302027202 0.929181601 -0.203748764
63.433644000 -1.661820403 -96.446257072 -34.394421415 -0.054613250 -0.300537066 0.931596464 -0.197035256
63.534166000 -1.688205808 -96.395684839 -34.392607935 -0.047192267 -0.301994689 0.933654311 -0.186712947
63.634332000 -1.626590332 -96.359475619 -34.376295964 -0.046656998 -0.305287203 0.935616197 -0.171012222
63.734304000 -1.546252638 -96.321928931 -34.350873023 -0.050967869 -0.302666136 0.937114996 -0.166165493
63.834110000 -1.533200798 -96.272182438 -34.344618191 -0.050112027 -0.302088867 0.938181809 -0.161387711
63.933889000 -1.487996565 -96.250850859 -34.263829312 -0.052395493 -0.298726048 0.939431821 -0.159641203
64.033608000 -1.502022344 -96.270946804 -34.441652471 -0.044357307 -0.288695976 0.943610357 -0.155841448
64.133383000 -1.418918546 -96.071014704 -34.436692005 -0.041689012 -0.290825616 0.945380599 -0.141202019
64.233067000 -1.480896693 -96.175381542 -34.493662564 -0.033042553 -0.280505417 0.949418881 -0.137217668
64.332879000 -1.442626205 -96.038060437 -34.570699730 -0.027527985 -0.278215892 0.948406496 -0.149543457
64.432654000 -1.322793690 -95.958325819 -34.612434080 -0.027473712 -0.272318365 0.948604302 -0.158864037
64.532558000 -1.261450122 -95.928989496 -34.627063206 -0.026473253 -0.268716372 0.949963094 -0.157037567
64.632741000 -1.182527594 -95.655294371 -34.473118945 -0.032623266 -0.277855694 0.946901148 -0.158461830
64.732995000 -1.310059723 -95.463257890 -34.203504935 -0.030339072 -0.290292020 0.941966582 -0.165858503
64.833110000 -1.320930183 -95.499299065 -34.277866503 -0.025663122 -0.284230922 0.942669589 -0.172997781
64.933047000 -1.219799360 -95.366169541 -34.246392471 -0.027814631 -0.277302737 0.936504186 -0.212813175
65.032861000 -0.943228584 -95.100689815 -34.072642467 -0.034650580 -0.284363321 0.928979257 -0.234380843
65.132463000 -0.950569859 -95.092957829 -34.094869017 -0.015375334 -0.289377332 0.930335992 -0.224720496
65.231803000 -0.923979646 -95.043091980 -34.072283088 0.003374728 -0.293196271 0.934950910 -0.199728200
65.331288000 -0.704590301 -94.963204755 -34.013333458 0.012994603 -0.292592424 0.938520514 -0.182756828
65.430920000 -0.937789404 -95.037154213 -34.087642298 0.048806914 -0.286371491 0.939612972 -0.180932911
65.530726000 -0.623873472 -95.062381105 -34.075945970 0.057686614 -0.280454922 0.942461714 -0.172578121
65.630980000 -0.445254723 -95.172427451 -34.017291802 0.067639180 -0.274248814 0.945053197 -0.164581242
65.731605000 -0.430449580 -95.002955191 -34.005586075 0.081752921 -0.269535838 0.945200574 -0.165114406
65.832157000 -0.695459445 -95.114367018 -34.061842229 0.104356929 -0.240818482 0.948951017 -0.174951586
65.932505000 -0.707116976 -95.097698469 -34.146059499 0.114051690 -0.225200813 0.951459369 -0.176073493
66.032607000 -0.639544648 -95.081435138 -34.159302457 0.115950122 -0.217609091 0.952610376 -0.178144111
66.132564000 -0.598866986 -95.062154694 -34.143295901 0.119710171 -0.229134585 0.943422479 -0.207655587
66.232220000 -0.575376389 -95.049581063 -34.149343230 0.124760290 -0.254546883 0.925225806 -0.252186363
66.331989000 -0.542942163 -95.029115522 -34.187029013 0.120689024 -0.268858191 0.914804445 -0.276192434
66.432160000 -0.503136453 -95.022983895 -34.230081179 0.105236365 -0.274185760 0.915106086 -0.276275817
66.532533000 -0.502771621 -94.993221145 -34.277107479 0.086087389 -0.280766880 0.914006116 -0.279913809
66.632743000 -0.491527749 -94.977706452 -34.327239125 0.072326122 -0.288969667 0.912565025 -0.280161629
66.732509000 -0.486249943 -94.949544568 -34.386878820 0.060858788 -0.295507235 0.917171798 -0.260322060
66.832165000 -0.494071858 -94.935237866 -34.454123146 0.049541631 -0.301799185 0.918796733 -0.249550480
66.931902000 -0.528947053 -94.898285994 -34.509266944 0.043389130 -0.308549685 0.917125462 -0.248586728
67.031565000 -0.569370510 -94.856119191 -34.580301296 0.039219166 -0.310039144 0.915187871 -0.254497048
67.131322000 -0.616990474 -94.816104672 -34.640423994 0.037566375 -0.310269736 0.914463800 -0.257055278
67.231175000 -0.688001832 -94.757319530 -34.708197460 0.037415492 -0.313311751 0.915228085 -0.250586072
67.331412000 -0.758272511 -94.715053682 -34.784303818 0.034323150 -0.315824243 0.918128280 -0.236891178
67.431833000 -0.849859031 -94.668951304 -34.834104276 0.023658857 -0.318322221 0.921306813 -0.222047243
67.532233000 -0.942135295 -94.624380057 -34.878822541 0.008097172 -0.323106585 0.923162236 -0.208105879
67.632435000 -1.025959198 -94.590605525 -34.918598321 -0.011044625 -0.327333145 0.924274010 -0.196083104
67.732546000 -1.097997933 -94.541553601 -34.942811096 -0.030953694 -0.332275313 0.923333168 -0.189975911
67.832464000 -1.166841009 -94.500871720 -34.977424901 -0.051245023 -0.337705482 0.918001627 -0.201499300
67.932232000 -1.234638096 -94.482728608 -35.006761420 -0.073132839 -0.341946914 0.910410587 -0.221080209
68.031968000 -1.131957649 -94.488666461 -35.039251785 -0.094719894 -0.342753345 0.908828410 -0.218126585
68.131650000 -1.074451485 -94.417280492 -35.130691296 -0.107788079 -0.342258953 0.910992140 -0.203307302
68.231168000 -1.085168645 -94.473363589 -35.234172012 -0.116771359 -0.335985095 0.913730575 -0.196404941
68.330841000 -0.994819611 -94.395570972 -35.101182227 -0.132555531 -0.340766932 0.911376068 -0.188946000
68.430864000 -0.976137058 -94.422179470 -35.061515027 -0.142811191 -0.340533802 0.910997843 -0.183642652
68.531314000 -1.005913872 -94.387767613 -35.106223518 -0.146971559 -0.342366712 0.910956712 -0.177037465
68.631987000 -1.040137119 -94.374451229 -35.076125030 -0.153181387 -0.343718026 0.910540047 -0.171202232
68.732866000 -1.024805041 -94.434016760 -35.105964483 -0.160894221 -0.340567793 0.912033494 -0.162239125
68.833637000 -1.040731898 -94.443593069 -35.141491641 -0.167617812 -0.341143189 0.912281206 -0.152540470
68.934202000 -1.117700936 -94.293324991 -35.100782044 -0.175522350 -0.350406275 0.909248252 -0.140267471
69.034452000 -1.206679775 -94.365876208 -35.112127974 -0.183998086 -0.352009046 0.906829045 -0.141051120
69.134367000 -1.549318053 -94.018392321 -35.031397207 -0.180358675 -0.387766431 0.890088626 -0.157639399
69.233905000 -1.540588162 -94.113037165 -35.045624492 -0.190867384 -0.387752678 0.888452474 -0.154498232
69.333379000 -1.745932185 -94.055450415 -35.138497849 -0.191572566 -0.387078956 0.890197295 -0.144977965
69.433062000 -1.849371451 -94.025170457 -35.184481984 -0.201517908 -0.382419451 0.892341854 -0.129891926
69.533072000 -2.070436674 -93.904704576 -35.124629481 -0.213123649 -0.387738304 0.887999213 -0.125278550
69.633241000 -2.201890480 -94.074338091 -35.368026067 -0.227795027 -0.364361945 0.893025016 -0.133626793
69.733390000 -2.448079538 -94.070601628 -35.438786522 -0.242426145 -0.356260011 0.889607982 -0.151347304
69.833872000 -2.573534710 -94.159917660 -35.531866322 -0.260210234 -0.348619196 0.887117269 -0.154201950
69.934236000 -2.980678391 -94.086414153 -35.644575760 -0.264099979 -0.356024511 0.883940471 -0.148818657
70.034341000 -3.026228316 -94.099608728 -35.710581130 -0.286676962 -0.351892313 0.878415666 -0.149579534
70.134252000 -3.104578157 -94.085460145 -35.737389139 -0.308312880 -0.347462505 0.871912111 -0.154862024
70.233784000 -3.147374314 -94.088785975 -35.772006261 -0.328464165 -0.345664603 0.866378541 -0.148376202
70.333188000 -3.211110838 -94.029674459 -35.806345853 -0.344673487 -0.349827005 0.860637189 -0.134628686
70.432823000 -3.226741410 -93.992501160 -35.840156227 -0.363632627 -0.349430822 0.853816742 -0.129098355
70.532789000 -3.363608914 -93.939404223 -35.886360179 -0.378633023 -0.349736953 0.847542583 -0.126462122
70.632916000 -3.421543751 -93.846539573 -35.915534915 -0.398321757 -0.349513087 0.838672116 -0.125735682
70.733087000 -3.382487995 -93.734159799 -35.878053162 -0.421906794 -0.349276988 0.827725386 -0.121946416
70.833186000 -3.430179594 -93.713934955 -35.923001590 -0.441872029 -0.348797668 0.818525081 -0.114481388
70.933261000 -3.537160234 -93.744307044 -36.017863614 -0.460147406 -0.343435651 0.812275445 -0.102591028
71.033489000 -3.621102453 -93.872439197 -36.172028558 -0.480388942 -0.333301218 0.806606483 -0.086733755
71.133793000 -4.148803778 -93.644683593 -35.801197568 -0.500502400 -0.359046318 0.782085825 -0.094471435
71.233998000 -4.281777816 -93.574250900 -35.923749347 -0.523830953 -0.359403570 0.767523151 -0.085664577
71.333980000 -4.395160125 -93.494260239 -36.035198344 -0.547240186 -0.362627718 0.750926953 -0.071680037
71.433606000 -4.517044902 -93.411104244 -36.142627040 -0.571263055 -0.367676730 0.731605955 -0.056789712
71.533005000 -4.652940860 -93.342398400 -36.246651433 -0.598245002 -0.368411096 0.709919897 -0.048886827
71.632226000 -4.792340381 -93.295602154 -36.363615425 -0.625147316 -0.369322434 0.686300368 -0.042232433
71.731833000 -4.935536430 -93.256085362 -36.505321839 -0.653375910 -0.364805166 0.662403541 -0.035194608
71.832127000 -5.083414694 -93.256182259 -36.647529118 0.682924950 0.357430961 -0.636448113 0.028114423
71.932870000 -5.224962733 -93.275148611 -36.809863469 0.711499025 0.363848554 -0.600041831 0.036512567
72.034068000 -5.361063981 -93.333096011 -37.019109385 0.739254264 0.365474941 -0.563930931 0.043739071
72.135058000 -5.492788550 -93.382972247 -37.228488730 0.766825652 0.351845080 -0.535836570 0.032598010
72.235103000 -5.619169802 -93.462771901 -37.462482544 0.793609366 0.339374887 -0.504603455 0.019601352
72.334597000 -5.764366018 -93.538527158 -37.697031052 0.819231882 0.326407993 -0.471241989 0.015745907
72.433871000 -5.908851692 -93.622854338 -37.913028062 0.840676652 0.325333784 -0.432138886 0.026013057
72.533465000 -6.020131371 -93.689788057 -38.147392188 0.859629919 0.314718892 -0.401911763 0.021339063
72.633491000 -6.137576101 -93.739677753 -38.373257707 0.875654965 0.313017309 -0.366348672 0.032205536
72.733811000 -6.249331267 -93.805265369 -38.585594402 0.888695628 0.312936032 -0.331785949 0.047002176
72.834095000 -6.317380300 -93.864143774 -38.848254107 0.900305321 0.299232735 -0.314004033 0.036215559
72.934220000 -6.380920263 -93.956210274 -38.958414391 0.909928535 0.293669341 -0.290744198 0.035442773
73.034050000 -6.395153677 -94.066046321 -39.088272293 0.916965898 0.287402527 -0.273542139 0.041809429
73.133902000 -6.490567776 -94.128450393 -39.244660693 0.922302291 0.277985364 -0.268110135 0.014127183
73.233641000 -6.635968305 -94.109370249 -39.345249484 0.926669331 0.270528489 -0.260896165 -0.005610630
73.333078000 -6.803158798 -93.999587441 -39.464151630 0.929050862 0.269829040 -0.252944282 -0.008716399
73.432542000 -6.906195963 -94.056538087 -39.641060450 0.930827425 0.270849199 -0.245135599 -0.010466823
73.532319000 -7.008325412 -94.121545944 -39.710530548 0.935196574 0.268395830 -0.230674003 -0.012670829
73.632408000 -7.142306535 -94.042142775 -39.832943701 0.939487393 0.266477798 -0.215289364 -0.001873695
73.732560000 -7.238265186 -94.109798907 -39.950247397 0.943659315 0.264179133 -0.199174072 -0.006794975
73.832612000 -7.309438786 -94.126442698 -40.093312545 0.947613337 0.263158203 -0.181040673 -0.000999506
73.932518000 -7.442282006 -94.089930689 -40.249556800 0.952447664 0.257502914 -0.162877579 -0.002567263
74.032246000 -7.423356630 -94.165532244 -40.389981004 0.956819109 0.247630992 -0.150881898 -0.020266675
74.132075000 -7.467643218 -94.183274187 -40.583178349 0.960825848 0.239814152 -0.135847892 -0.029124071
74.231765000 -7.576911429 -94.193213911 -40.713426582 0.965175942 0.226359223 -0.119146767 -0.054780931
74.331463000 -7.578401553 -94.211963457 -40.946168428 0.968551317 0.211970889 -0.108083622 -0.072764132
74.431321000 -7.660660347 -94.147232743 -41.203350026 0.972175352 0.202853107 -0.089790508 -0.075255349
74.531428000 -7.809948770 -93.973177173 -41.435889199 0.976235476 0.192710832 -0.069425548 -0.070759624
74.631637000 -7.957857678 -94.007533141 -41.581938662 0.979409431 0.184002310 -0.043482087 -0.070778696
74.731848000 -8.024956802 -94.089920124 -41.762440736 0.981410255 0.171308818 -0.023170628 -0.083368592
74.832196000 -8.098395006 -94.182614593 -41.920875944 0.982568292 0.151891807 -0.004734490 -0.107079477
74.932402000 -8.166146239 -94.108767657 -42.226064495 0.983447137 0.137772904 0.012666486 -0.117003912
75.032489000 -8.213700384 -94.019719075 -42.484152026 0.985212356 0.117718340 0.026586131 -0.121623120
75.132481000 -8.239298211 -93.947190656 -42.748581531 0.987249726 0.091691362 0.035517531 -0.125176588
75.232230000 -8.254258911 -93.865246719 -43.019198217 0.986710226 0.088881860 0.049377243 -0.126747119
75.331930000 -8.243083870 -93.799253515 -43.288002020 0.985708429 0.088316579 0.061533069 -0.129586865
75.431641000 -8.208804581 -93.734856079 -43.547652332 0.984097270 0.094487392 0.075789138 -0.129925755
75.531570000 -8.174342796 -93.670907788 -43.814655113 0.982640623 0.096711152 0.088551926 -0.131236102
75.631595000 -8.120670897 -93.611422498 -44.082213137 0.980914830 0.098152224 0.101912329 -0.133364590
75.731643000 -8.051620230 -93.552059820 -44.353552892 0.979254637 0.097527368 0.116543010 -0.134039153
75.831768000 -7.980409931 -93.488771836 -44.626641718 0.978040804 0.092983499 0.129752978 -0.133994101
75.931881000 -7.894936526 -93.444458604 -44.892862347 0.975886681 0.095276372 0.144777785 -0.132691340
76.031930000 -7.991928421 -93.276925050 -45.109288107 0.973812772 0.091354440 0.166521144 -0.124955033
76.132142000 -7.959372590 -93.503421203 -45.320375927 0.968447638 0.094181097 0.184073034 -0.139126602
76.232434000 -7.898266836 -93.418769940 -45.506734043 0.966076590 0.089451385 0.200761921 -0.135606502
76.332763000 -7.755091917 -93.419556082 -45.721218698 0.963526888 0.082342040 0.213524984 -0.138718442
76.432971000 -7.759447460 -93.450852664 -45.886367441 0.959026473 0.077275329 0.231837276 -0.143346523
76.532975000 -7.680916036 -93.417263664 -46.085289414 0.957157634 0.069547672 0.244729494 -0.138274582
76.632745000 -7.596500198 -93.306475277 -46.247741701 0.954658067 0.069174156 0.257824171 -0.131793806
76.732326000 -7.506420708 -93.250566445 -46.408249687 0.950315623 0.072160230 0.270129293 -0.136833048
76.831858000 -7.426236434 -93.153797253 -46.579889847 0.948530626 0.060228964 0.277292900 -0.140608575
76.931553000 -7.323228257 -93.100334172 -46.729807813 0.946817601 0.052972052 0.282971304 -0.143727639
77.031331000 -7.260039407 -92.985970743 -46.886302370 0.944479362 0.048597880 0.293163924 -0.140185217
77.131292000 -7.161706768 -92.919592213 -47.041379359 0.938640722 0.067254012 0.309327862 -0.136918833
77.231380000 -7.102435856 -92.865080480 -47.206637969 0.933327697 0.075538829 0.323143576 -0.137009212
77.331745000 -6.907928151 -92.605952268 -47.349408228 0.935172748 0.062226234 0.326335936 -0.122819721
77.432096000 -6.774455207 -92.470051595 -47.517839245 0.937607882 0.041770776 0.328383399 -0.106353209
77.532283000 -6.730435206 -92.424583769 -47.634505684 0.939335510 0.014617662 0.329084000 -0.095597306
77.632224000 -6.666713841 -92.416918096 -47.714630109 0.938685458 0.005156099 0.329497190 -0.101363834
77.732008000 -6.602032743 -92.334115396 -47.872864824 0.933258024 0.005797225 0.335431492 -0.128380555
77.831948000 -6.507959075 -92.265795077 -48.021696182 0.929052181 0.005794236 0.340200709 -0.145230676
77.931927000 -6.473292247 -92.147186698 -48.212695082 0.925360883 0.004177495 0.347282190 -0.151937043
78.031857000 -6.451583680 -92.008050345 -48.406864490 0.923714501 0.003989164 0.350896553 -0.153646399
78.131756000 -6.378713154 -91.855882079 -48.554626251 0.926687169 -0.027956316 0.336248080 -0.165549281
78.231571000 -6.518105159 -91.629700687 -49.068919282 0.920841392 -0.025694883 0.354635010 -0.160077837
78.331401000 -6.373354244 -91.514939354 -49.161006751 0.921351693 -0.006293322 0.357769247 -0.151896733
78.431270000 -6.238277844 -91.425022595 -49.184636002 0.922846258 0.002782678 0.354588418 -0.150379833
78.531332000 -6.182671209 -91.295834065 -49.335874121 0.922556623 0.003853217 0.355998400 -0.148793716
78.631631000 -6.140182971 -91.253667627 -49.459590918 0.922432641 0.006367194 0.356288736 -0.148781107
78.731960000 -6.045630606 -91.162996452 -49.601853662 0.925234085 0.009082720 0.359391868 -0.121230676
78.832085000 -5.908006804 -91.159513858 -49.733781403 0.925913451 0.012775194 0.358569686 -0.118105273
78.932095000 -5.851691923 -90.999560010 -49.864533333 0.925273910 0.015977042 0.357076390 -0.126922718
79.032069000 -5.764011878 -90.885902826 -49.995495155 0.927655574 0.007135359 0.353826285 -0.119210667
79.132151000 -5.598365686 -90.760632546 -50.334911558 0.927703458 0.001246281 0.357675855 -0.106923912
79.232130000 -5.482690676 -90.663951383 -50.522501531 0.927823813 0.001127267 0.358559679 -0.102842876
79.332105000 -5.410350460 -90.551415900 -50.665331307 0.929163345 -0.005214728 0.358661048 -0.089389810
79.432050000 -5.364604694 -90.403399483 -50.819102188 0.929406541 -0.017000179 0.356143187 -0.095270702
79.531881000 -5.295691315 -90.275787377 -51.043709822 0.927455469 -0.015336433 0.354291805 -0.118610558
79.631657000 -5.201300884 -90.188155430 -51.259665237 0.926103535 -0.012502175 0.352279651 -0.134443243
79.731451000 -5.096322861 -90.084247437 -51.469296172 0.928860406 -0.019174733 0.350462025 -0.118435823
79.831418000 -4.945641943 -89.934449592 -51.690692762 0.930054495 -0.023180037 0.349254136 -0.111726770
79.931659000 -4.834895949 -89.802508257 -51.909106712 0.928696899 -0.019241520 0.349634148 -0.122097487
80.032097000 -4.693524444 -89.617676038 -52.077695753 0.929844098 -0.016566902 0.346436742 -0.122870159
80.132584000 -4.539948484 -89.597449714 -52.281490925 0.933011141 -0.012515495 0.339814934 -0.117725883
80.232833000 -4.429781468 -89.452749372 -52.498642671 0.935256506 -0.007833770 0.335123348 -0.113693633
80.333103000 -4.147297047 -89.464164390 -52.602338110 0.942434933 0.004508671 0.315783514 -0.109894680
80.433423000 -4.161742981 -89.222630695 -52.895415730 0.942373886 -0.001344323 0.318717871 -0.101727926
80.533490000 -3.975902384 -89.078723137 -53.101689354 0.945298876 0.005473969 0.308778363 -0.105052332
80.633348000 -3.772298684 -88.954958590 -53.324905482 0.946046657 0.016910467 0.304421116 -0.109715743
80.733135000 -3.613304618 -88.805459274 -53.505510913 0.942380709 0.039620468 0.306291844 -0.128585082
80.833020000 -3.447280259 -88.629507743 -53.730457937 0.940780315 0.037309174 0.304081228 -0.145172418
80.932863000 -3.261722079 -88.534208694 -53.896438044 0.940637667 0.048815579 0.303411090 -0.144081677
81.032791000 -3.160801941 -88.336457169 -54.129369684 0.940117613 0.032656386 0.306954874 -0.144537673
81.132893000 -2.992915950 -88.184403854 -54.278988542 0.947876560 0.015736486 0.299487149 -0.107656105
81.232821000 -2.869111468 -88.014933960 -54.494114580 0.947649338 0.021102244 0.304015912 -0.095340199
81.332788000 -2.714570913 -87.803566299 -54.713610307 0.946370279 0.024769079 0.305293552 -0.102789273
81.432670000 -2.596472176 -87.611998489 -54.971686155 0.944994876 0.020554357 0.311048487 -0.099050700
81.532511000 -2.411755980 -87.307597225 -55.225377307 0.939162339 0.026307243 0.307331491 -0.151093961
81.632477000 -2.223710628 -87.058907348 -55.486845317 0.935632704 0.031927005 0.304852610 -0.175034273
81.732401000 -2.008125869 -86.871781429 -55.724888049 0.934246228 0.034213120 0.299773179 -0.190130188
81.832417000 -1.836785632 -86.667026101 -56.002145833 0.932730165 0.035681269 0.299322207 -0.197857280
81.932611000 -1.644247869 -86.491576670 -56.246012496 0.932216907 0.039354588 0.296638926 -0.203539193
82.032929000 -1.477986120 -86.270268049 -56.506034281 0.931426958 0.040810073 0.296879994 -0.206496077
82.133423000 -1.254870148 -86.178734063 -56.714489347 0.930132485 0.043160790 0.293583587 -0.216331654
82.233938000 -1.057702924 -86.041946877 -56.927754126 0.929261260 0.044354292 0.291021182 -0.223187992
82.334120000 -0.875667909 -85.859652767 -57.140454102 0.929281622 0.045941594 0.287331447 -0.227520718
82.434176000 -0.653169723 -85.738748078 -57.328631034 0.930018300 0.052233196 0.280813997 -0.231259927
82.534053000 -0.452816392 -85.490375864 -57.543694554 0.933132116 0.058927560 0.272337218 -0.227210117
82.633864000 -0.200447640 -85.382976638 -57.785044341 0.934895714 0.066769267 0.260556259 -0.231564905
82.733622000 -0.036007085 -85.235299379 -58.006238084 0.936391575 0.070734325 0.251037569 -0.234835286
82.833446000 0.178620805 -85.065962497 -58.224807085 0.937413757 0.076466493 0.241421024 -0.239006723
82.933513000 0.366799624 -84.970847769 -58.480489784 0.936961209 0.081123328 0.232930625 -0.247519742
83.033695000 0.534190275 -84.778015864 -58.675986955 0.937833353 0.086923915 0.226746574 -0.247989568
83.133937000 0.695636652 -84.636133570 -58.955939962 0.935814165 0.085555258 0.227332071 -0.255445252
83.233962000 0.837817739 -84.459343513 -59.204629298 0.934801750 0.085745667 0.227693191 -0.258745394
83.333694000 0.956271353 -84.257276934 -59.430252328 0.933871214 0.086060461 0.227236204 -0.262377326
83.433223000 1.084939203 -84.112798846 -59.660489298 0.931687842 0.085183627 0.229678658 -0.268233534
83.532948000 1.182991747 -83.880108963 -59.865157558 0.929896109 0.082288767 0.233533528 -0.271999774
83.632615000 1.309931566 -83.693852460 -60.082456565 0.928391385 0.082210863 0.234288104 -0.276477656
83.732226000 1.451265407 -83.611679767 -60.299670413 0.925965753 0.085053884 0.233090909 -0.284643443
83.831900000 1.558961662 -83.393519560 -60.503868629 0.924753090 0.085558790 0.232705002 -0.288720968
83.931781000 1.644667043 -83.146966709 -60.692729813 0.924227521 0.086402053 0.232898092 -0.289994231
84.031799000 1.685947663 -82.878264681 -60.869059451 0.923918281 0.087084621 0.233556739 -0.290245636
84.131941000 1.740775735 -82.705019640 -61.089211111 0.920726837 0.088805405 0.235528740 -0.298164222
84.232131000 1.849921996 -82.531160180 -61.267567091 0.918547176 0.085999489 0.236211796 -0.305088776
84.332466000 1.959718642 -82.345898323 -61.418691006 0.917791449 0.082625152 0.236157711 -0.308320411
84.432812000 1.984993703 -82.004151330 -61.578571113 0.919680498 0.084922366 0.247765598 -0.292554580
84.533051000 1.958293052 -81.675045253 -61.780071849 0.920466753 0.088110128 0.262590952 -0.275723692
84.633075000 2.038861690 -81.409716719 -61.975627955 0.918050638 0.079921597 0.253915157 -0.293807179
84.732750000 2.085576984 -81.061715497 -62.099526587 0.920909833 0.074607778 0.247830274 -0.291442814
84.832133000 2.151772219 -80.810849785 -62.302003600 0.919055017 0.083314877 0.242571088 -0.299258708
84.931427000 2.239734499 -80.530171301 -62.547955423 0.917958464 0.093638077 0.236327165 -0.304521986
85.030809000 2.329956753 -80.241471342 -62.802112307 0.920353192 0.095575665 0.224689696 -0.305499319
85.130466000 2.416115600 -79.949274481 -63.082285564 0.922145438 0.100159934 0.215077688 -0.305544378
85.230289000 2.510495679 -79.675549456 -63.353423547 0.923513636 0.104648590 0.207231444 -0.305329930
85.330374000 2.618769036 -79.422789367 -63.614088160 0.924964416 0.108240157 0.201147737 -0.303750695
85.430558000 2.723100346 -79.171546721 -63.868673170 0.929348767 0.110135622 0.196397666 -0.292590107
85.530680000 2.864140947 -78.940530157 -64.164706852 0.929578153 0.113166528 0.191592055 -0.293888209
85.630868000 2.974860862 -78.693982327 -64.452629856 0.931003555 0.113680213 0.187740772 -0.291654921
85.731178000 3.067847551 -78.203873070 -64.661964311 0.936806606 0.113075155 0.186268305 -0.273699673
85.831829000 3.219248021 -78.111682215 -64.957903514 0.934980785 0.114046071 0.182105790 -0.282208976
85.932506000 3.436859380 -78.146016484 -65.239292337 0.931751184 0.116786243 0.176416138 -0.295089903
86.032889000 3.536813221 -77.929358253 -65.474344425 0.933585300 0.115691909 0.177226616 -0.289179178
86.133025000 3.654798281 -77.697701046 -65.650783274 0.936597730 0.111520383 0.178490337 -0.280159054
86.232803000 3.818786003 -77.493051589 -65.872759703 0.933973812 0.110806509 0.176873993 -0.290052455
86.332613000 3.900090265 -77.338564417 -66.140557950 0.930216304 0.108305126 0.182222546 -0.299604025
86.432505000 3.980109422 -77.087700205 -66.339572066 0.929377757 0.105987220 0.187544894 -0.299750907
86.532323000 4.039723888 -76.796218227 -66.547920288 0.929378988 0.102658652 0.191643253 -0.298309840
86.632093000 4.123712471 -76.619909992 -66.758619117 0.925429198 0.099914984 0.191667593 -0.311225529
86.731896000 4.291097657 -76.313641129 -66.916211787 0.921070390 0.102768597 0.185581631 -0.326538528
86.831593000 4.430641843 -76.064630265 -67.058433419 0.920855471 0.102789347 0.182144034 -0.329063980
86.931157000 4.458509137 -75.884174441 -67.277467236 0.925337229 0.097975103 0.182417854 -0.317609224
87.030609000 4.558541493 -75.736009772 -67.426538391 0.929636781 0.101492169 0.174029593 -0.308526330
87.130088000 4.725426583 -75.666009533 -67.530266825 0.928323878 0.119130919 0.160316604 -0.313562097
87.229648000 4.674303706 -75.256671441 -67.656537045 0.929242041 0.130635714 0.152457310 -0.310161747
87.329583000 4.698138075 -75.083565728 -67.832236897 0.932708282 0.130148054 0.133339982 -0.308767215
87.429784000 4.642699117 -74.906229981 -67.993544251 0.937868077 0.132998304 0.118567908 -0.297752536
87.529952000 4.721482138 -74.663299323 -68.016325310 0.942906499 0.143063459 0.093167059 -0.285972167
87.629964000 4.807932338 -74.480161158 -68.105738337 0.945082201 0.157306962 0.068325666 -0.278218902
87.729944000 4.890756472 -74.278921219 -68.163992491 0.945991240 0.175107786 0.042266069 -0.269539267
87.829989000 4.901124183 -74.078484709 -68.271607721 0.944875835 0.190687494 0.020272704 -0.265399612
87.930237000 5.022950928 -73.933975218 -68.410707710 0.942464614 0.207040148 -0.005119234 -0.262428317
88.030521000 5.120534658 -73.762100495 -68.562495129 0.941587710 0.220420231 -0.026681709 -0.253210569
88.130883000 5.136263143 -73.596474099 -68.730427145 0.941255530 0.230047340 -0.039245994 -0.244081954
88.231232000 5.135637277 -73.431248604 -68.903079252 0.939386763 0.236938948 -0.046746509 -0.243366409
88.331420000 5.084458293 -73.327789863 -69.090059728 0.935949104 0.243802069 -0.049640193 -0.249190042
88.431333000 4.982998277 -73.332307455 -69.255157574 0.932636382 0.241164956 -0.048725716 -0.263921668
88.531060000 4.888547152 -73.320501170 -69.448990605 0.930165093 0.238676952 -0.046386785 -0.275089947
88.630574000 4.821921761 -73.269115541 -69.574280129 0.928440040 0.238341867 -0.037384376 -0.282479476
88.730199000 4.806571551 -73.080633141 -69.810712160 0.926374756 0.243592314 -0.036980276 -0.284824606
88.829941000 4.782866304 -73.257429960 -69.963623581 0.921965350 0.244599639 -0.033106564 -0.298420618
88.929723000 4.710925608 -73.200397816 -70.123495857 0.913747063 0.263620497 -0.031629829 -0.307522508
89.029637000 4.557875568 -73.027209169 -70.287871259 0.909410805 0.282360795 -0.030107250 -0.303871557
89.129779000 4.822614592 -72.842504466 -70.800867810 0.902923066 0.292025649 -0.059000356 -0.309790115
89.229916000 4.728760742 -72.778799731 -70.991137859 0.903103646 0.287371166 -0.077904701 -0.309438969
89.330169000 4.652329938 -72.675776898 -71.159574185 0.904904057 0.281245519 -0.098566697 -0.303865451
89.430420000 4.576512558 -72.486393738 -71.257174145 0.906194080 0.281322719 -0.111469068 -0.295371737
89.530841000 4.578230854 -72.283518196 -71.377670376 0.907952036 0.285793892 -0.120859687 -0.281669820
89.631258000 4.537932652 -72.083189431 -71.512849713 0.906859165 0.290545381 -0.129439003 -0.276469493
89.731503000 4.484540362 -71.895071731 -71.621300979 0.907525955 0.294922389 -0.136390344 -0.266111066
89.831582000 4.413725307 -71.751091533 -71.778848684 0.907873545 0.299951326 -0.140316384 -0.257111146
89.931560000 4.400671394 -71.572895064 -71.920640479 0.906127346 0.307911613 -0.145674810 -0.250803752
90.031389000 4.338124147 -71.457966998 -72.115133608 0.902794545 0.317623175 -0.144835917 -0.251197302
90.131199000 4.276945501 -71.303855293 -72.298148101 0.904921333 0.315561129 -0.148860781 -0.243678113
90.230862000 4.205437004 -71.162880926 -72.485197003 0.906724351 0.315480210 -0.151534214 -0.235288271
90.330609000 4.125130076 -71.030774952 -72.679367654 0.907141271 0.315051746 -0.154866560 -0.232063483
90.430597000 4.028675804 -70.903416651 -72.887966976 0.908020600 0.316774396 -0.155178134 -0.225991855
90.530782000 3.934186471 -70.823470348 -73.124340499 0.909310499 0.324263773 -0.147939401 -0.214758830
90.631055000 3.820275695 -70.701864373 -73.332020430 0.910582890 0.323411843 -0.147408786 -0.210983955
90.731342000 3.691608660 -70.614289443 -73.576861533 0.911658998 0.322402266 -0.145521979 -0.209184138
90.831612000 3.539912687 -70.481407598 -73.799849432 0.913166165 0.321640146 -0.142637956 -0.205741550
90.931747000 3.394921867 -70.387348962 -74.056848277 0.915320881 0.323032290 -0.136005426 -0.198344015
91.031628000 3.231319933 -70.213886860 -74.286456893 0.918576759 0.325916808 -0.127156954 -0.183918680
91.131553000 3.046093239 -70.043337216 -74.530267761 0.915409249 0.319214538 -0.133637913 -0.205594003
91.231462000 2.877366584 -69.882718097 -74.790476884 0.915923273 0.316861499 -0.132582273 -0.207618134
91.331431000 2.689863516 -69.716735213 -75.054232627 0.916478809 0.316543216 -0.130334136 -0.207074861
91.431387000 2.503786000 -69.572144284 -75.326464213 0.920432809 0.318625720 -0.122688381 -0.190338269
91.531446000 2.284931564 -69.368855595 -75.612620846 0.917833450 0.321592629 -0.122541929 -0.197846946
91.631572000 2.042377524 -69.145562897 -75.900101423 0.911144327 0.316384413 -0.133423533 -0.227848806
91.731752000 1.806774777 -68.925227348 -76.182876891 0.904880832 0.313186345 -0.141763827 -0.251013964
91.831926000 1.563960635 -68.688336557 -76.465191809 0.896907591 0.307018887 -0.152469344 -0.279373006
91.932083000 1.319905356 -68.469425910 -76.749017534 0.892013122 0.305107594 -0.157558862 -0.293933923
92.032146000 1.097539602 -68.217806330 -77.019652767 0.889051539 0.304358246 -0.161474632 -0.301462041
92.132088000 0.872289568 -67.980737472 -77.270753712 0.887675086 0.305178442 -0.162343405 -0.304209927
92.231751000 0.672805787 -67.726767682 -77.510192293 0.886058654 0.306334990 -0.164945241 -0.306352743
92.331582000 0.438686350 -67.497576525 -77.744785737 0.885095826 0.307531673 -0.163629860 -0.308633956
92.431761000 0.254863390 -67.272462112 -77.977365127 0.883700063 0.308007376 -0.165251911 -0.311283571
92.531941000 -0.011514420 -66.954265720 -78.138982562 0.885433046 0.308974219 -0.162772013 -0.306673318
92.632104000 -0.246716329 -66.682185116 -78.365022838 0.885501075 0.309295791 -0.163062804 -0.305997520
92.732407000 -0.490457664 -66.443334131 -78.585618827 0.885842038 0.308131908 -0.162318370 -0.306580100
92.832664000 -0.682204383 -66.160942943 -78.788278085 0.885610030 0.311284257 -0.163757361 -0.303282893
92.932618000 -0.882135116 -65.908285248 -79.020972360 0.883790972 0.314623718 -0.169519639 -0.301974379
93.032436000 -1.048229958 -65.677213717 -79.253155452 0.881037065 0.319484778 -0.174690869 -0.301970641
93.132350000 -1.264499778 -65.440494208 -79.470171411 0.881215419 0.320147433 -0.178011940 -0.298792163
93.232239000 -1.429365808 -65.268145609 -79.700425420 0.879144720 0.324195785 -0.181696050 -0.298308900
93.332206000 -1.632113723 -65.078430451 -79.925277480 0.878529768 0.324227637 -0.184739844 -0.298216492
93.432354000 -1.812705801 -64.864288514 -80.149787600 0.880133282 0.328363529 -0.183771348 -0.289432012
93.532570000 -2.028571080 -64.688515981 -80.378339429 0.882166389 0.326915308 -0.182373916 -0.285742188
93.632638000 -2.237166686 -64.475818597 -80.622721561 0.880010630 0.326525236 -0.185161945 -0.290994185
93.732454000 -2.428117335 -64.327694785 -80.866858843 0.879223208 0.326145750 -0.186703768 -0.292809159
93.832291000 -2.603430063 -64.148524915 -81.146399661 0.877749232 0.327040506 -0.191541545 -0.293108563
93.932015000 -2.771990174 -63.999129899 -81.416824745 0.872041770 0.339456385 -0.190545194 -0.296656440
94.031860000 -2.914117507 -63.797194581 -81.679492803 0.866776305 0.349221627 -0.189124884 -0.301620408
94.132077000 -3.110489442 -63.639159455 -81.914085766 0.871089826 0.338877287 -0.198205107 -0.295092249
94.232085000 -3.323006032 -63.525422424 -82.151606587 0.873374768 0.331859236 -0.202892608 -0.293122076
94.332160000 -3.533318344 -63.316811016 -82.353002009 0.874893776 0.332081642 -0.204784307 -0.286960016
94.432203000 -3.739997339 -63.147827962 -82.547840224 0.876821141 0.329572009 -0.202464440 -0.285613600
94.532248000 -3.921685514 -62.999094214 -82.755119575 0.876856318 0.328210903 -0.202903934 -0.286758774
94.632071000 -4.141086212 -62.865455462 -82.924078198 0.876916723 0.328375249 -0.201143292 -0.287624987
94.731716000 -4.354457331 -62.694999271 -83.088596941 0.876851552 0.328593423 -0.201209785 -0.287527982
94.831288000 -4.563312955 -62.550415375 -83.252633774 0.876433682 0.329133946 -0.202577066 -0.287223569
94.930804000 -4.734230706 -62.445724639 -83.441099456 0.874169337 0.329028460 -0.206195177 -0.291636404
95.030379000 -4.920361022 -62.307241840 -83.612175497 0.872385595 0.329260555 -0.210351929 -0.293739556
95.130205000 -5.106667570 -62.150353990 -83.774350920 0.870354611 0.330023404 -0.214579508 -0.295842931
95.230076000 -5.209242067 -62.011072013 -83.958145270 0.867009721 0.330275864 -0.222577634 -0.299451490
95.330044000 -5.419758901 -61.870146426 -84.084717973 0.866147363 0.329652541 -0.224595102 -0.301122879
95.430114000 -5.553257390 -61.751155806 -84.256163532 0.863374702 0.328999171 -0.229680308 -0.305925851
95.530202000 -5.726088994 -61.613371771 -84.400852105 0.861656298 0.329285982 -0.232771549 -0.308117788
95.630156000 -5.817580104 -61.527110558 -84.575858721 0.858191099 0.327445664 -0.239157698 -0.314787183
95.730076000 -5.997917141 -61.390560882 -84.716621944 0.855719757 0.327420378 -0.243276334 -0.318364914
95.830047000 -6.092920510 -61.297143705 -84.907415361 0.853076869 0.325411615 -0.249107052 -0.322974940
95.930077000 -6.294385796 -61.120790257 -84.990687938 0.859076615 0.338626074 -0.241965914 -0.297946719
96.030038000 -6.506221520 -60.995769245 -85.117503265 0.861871011 0.340089863 -0.240793177 -0.289025764
96.130200000 -6.741044592 -60.881684226 -85.289098121 0.862962818 0.346930472 -0.237283769 -0.280411904
96.230441000 -6.983432260 -60.713451050 -85.377684802 0.861026072 0.346481035 -0.241455723 -0.283344543
96.330696000 -7.170776300 -60.565288157 -85.552188933 0.851392471 0.341251893 -0.254496381 -0.306446729
96.430791000 -7.493923221 -60.372745322 -85.610045043 0.845739806 0.338480237 -0.260999283 -0.319428685
96.530670000 -7.776440620 -60.211234309 -85.711082195 0.841263110 0.338387373 -0.265717446 -0.327360054
96.630683000 -7.906795113 -59.974213007 -85.817131391 0.835525533 0.344161517 -0.275583805 -0.327877263
96.730930000 -8.123894693 -59.780315772 -85.902030979 0.832566382 0.348426986 -0.281071155 -0.326237429
96.831320000 -8.337581746 -59.576238225 -85.996086654 0.829301525 0.353923587 -0.286390476 -0.324002423
96.931696000 -8.531839788 -59.369227129 -86.115812242 0.824709714 0.358309826 -0.294045024 -0.324045490
97.031932000 -8.768611011 -59.199379554 -86.224223237 0.821430138 0.362361626 -0.298482718 -0.323812674
97.132136000 -8.976099381 -59.037245413 -86.368880720 0.816724755 0.366587415 -0.303792017 -0.326013424
97.232232000 -9.207243473 -58.867649744 -86.488679021 0.813488516 0.371198615 -0.307594134 -0.325321182
97.332448000 -9.393207679 -58.740736693 -86.613122022 0.808885324 0.374119358 -0.312982047 -0.328300894
97.432706000 -9.610296315 -58.635328520 -86.737979272 0.805778233 0.375244051 -0.316537394 -0.331236200
97.533003000 -9.735316477 -58.511371951 -86.847233106 0.799586049 0.381771191 -0.323981349 -0.331585574
97.633219000 -9.957776987 -58.439645768 -86.960404799 0.797013017 0.383608084 -0.325288116 -0.334369153
97.733375000 -9.946082482 -58.385990454 -87.180332467 0.779286938 0.399382947 -0.340089115 -0.342847670
97.833522000 -10.203096703 -58.209910820 -87.260792623 0.779037779 0.401992104 -0.344708054 -0.335676697
97.933728000 -10.466518627 -58.118911354 -87.317158850 0.780128279 0.401276434 -0.346054919 -0.332600487
98.033990000 -10.519971351 -58.088616648 -87.460386598 0.771261266 0.421718432 -0.350061082 -0.323677096
98.134253000 -10.782588424 -58.010516494 -87.635316353 0.771939868 0.423903808 -0.351100569 -0.318029546
98.234326000 -10.843445027 -57.870741670 -87.887134912 0.771017083 0.428675480 -0.356272935 -0.307960365
98.334267000 -11.011410623 -57.739654368 -88.082854330 0.771016605 0.432670663 -0.360129310 -0.297718612
98.433975000 -11.207959937 -57.582503659 -88.201504279 0.768646210 0.431599516 -0.367819853 -0.295995639
98.533596000 -11.415382879 -57.473126275 -88.398334630 0.761390127 0.423025345 -0.381654145 -0.309313347
98.633219000 -11.616274303 -57.395325372 -88.631809006 0.756582177 0.419253071 -0.389985168 -0.315787650
98.732848000 -11.755344306 -57.314300698 -88.823877420 0.754037450 0.418712743 -0.397117305 -0.313695728
98.832610000 -12.088373768 -57.232827171 -88.941187230 0.751668965 0.426091168 -0.394950162 -0.312176958
98.932445000 -12.277141490 -57.127109948 -89.114428263 0.748442411 0.416891409 -0.408759190 -0.314565472
99.032312000 -12.398958732 -57.082518332 -89.411647403 0.738940198 0.407004948 -0.424315634 -0.329044980
99.132332000 -12.671199281 -56.956243739 -89.520051004 0.744216843 0.400502260 -0.433874323 -0.312237573
99.232095000 -12.868568542 -56.955473505 -89.700391998 0.751032919 0.390513064 -0.443622150 -0.294361156
99.331871000 -13.154202849 -56.868139731 -89.848060216 0.749405968 0.389306275 -0.449706354 -0.290853081
99.431727000 -13.499960614 -56.693696448 -89.836317458 0.742478623 0.388255416 -0.454892557 -0.301754848
99.531741000 -13.808931455 -56.650798471 -89.994664335 0.735046366 0.367716072 -0.472916183 -0.317556316
99.631714000 -14.131268517 -56.487934877 -90.008767071 0.722322634 0.388237771 -0.457815427 -0.343404252
99.731636000 -14.391943062 -56.327384622 -90.086792789 0.713263940 0.397484760 -0.453590455 -0.357093987
99.831624000 -14.656186647 -56.168770180 -90.155920956 0.707398891 0.401636138 -0.453961637 -0.363585001
99.931617000 -14.929309522 -56.023656045 -90.225680612 0.702963135 0.404279954 -0.455779350 -0.366968301
100.031622000 -15.172105078 -55.889201439 -90.299018782 0.701765900 0.409061851 -0.456293604 -0.363303138
100.131811000 -15.442840942 -55.753234096 -90.382931908 0.695479491 0.410584093 -0.461060935 -0.367629970
100.232105000 -15.783648091 -55.630767608 -90.379307581 0.693682550 0.412153947 -0.463123119 -0.366675089
100.332387000 -16.062714982 -55.486430030 -90.429019556 0.689053823 0.416437887 -0.467813831 -0.364601887
100.432615000 -16.370994109 -55.354383786 -90.483458549 0.681335516 0.414542327 -0.476931606 -0.369422274
100.532771000 -16.647440693 -55.236055964 -90.513506092 0.674389726 0.417380080 -0.484045813 -0.369718834
100.633042000 -16.909219594 -55.110724653 -90.576531671 0.665539190 0.421673784 -0.491797821 -0.370653085
100.733187000 -17.195917595 -55.049555088 -90.621356455 0.657847756 0.421578982 -0.499065393 -0.374754888
100.833235000 -17.464553403 -54.967410668 -90.698124259 0.649543086 0.425191995 -0.505849469 -0.376060982
100.933322000 -17.573318369 -54.915926371 -90.787466966 0.636596793 0.425396887 -0.519065477 -0.379938208
101.033436000 -17.969840270 -54.924980185 -90.782159307 0.638873455 0.420019012 -0.518031749 -0.383494258
101.133526000 -18.378661410 -54.864187380 -90.803200598 0.639064934 0.419904659 -0.518957858 -0.382045586
101.233407000 -18.736876735 -54.875534746 -90.811304888 0.639585766 0.419702093 -0.518711075 -0.381731611
101.333368000 -19.097736502 -54.877158999 -90.827268252 0.640531187 0.420732588 -0.517961024 -0.380026665
101.433267000 -19.357569727 -54.868377417 -90.840515732 0.639832158 0.424200119 -0.515453288 -0.380758422
101.533065000 -19.423140082 -54.805787293 -90.853911034 0.637690106 0.432706628 -0.517054289 -0.372520020
101.632848000 -19.669029244 -54.812139917 -90.845105912 0.639976043 0.438642202 -0.515224690 -0.364097790
101.732961000 -19.945808403 -54.875083880 -90.797352439 0.643225737 0.443548302 -0.510686878 -0.358781922
101.833072000 -20.221978998 -54.776160927 -90.750320656 0.639198399 0.445722861 -0.515367114 -0.356585580
101.933100000 -20.535613498 -54.714413872 -90.739631022 0.635546839 0.444020164 -0.523950336 -0.352707181
102.033146000 -20.764757034 -54.609044400 -90.764745401 0.628893727 0.446676518 -0.531495503 -0.349978997
102.133238000 -21.005362026 -54.464935885 -90.747898465 0.624755112 0.448117500 -0.542106743 -0.339104756
102.233144000 -21.294006607 -54.393189313 -90.754637128 0.620694088 0.463932568 -0.536349542 -0.334416791
102.333001000 -21.574591659 -54.237123280 -90.781784391 0.613553900 0.471775089 -0.540814848 -0.329392132
102.433044000 -21.884577763 -54.147920137 -90.743906322 0.621361600 0.477156763 -0.544748794 -0.299131971
102.533158000 -22.160090812 -54.123049082 -90.812659961 0.621076769 0.483598251 -0.546344168 -0.286189498
102.633440000 -22.484534495 -54.138657776 -90.772972570 0.614630172 0.474303072 -0.556306915 -0.296292024
102.733691000 -22.723807123 -54.115135407 -90.874364933 0.599838853 0.460336648 -0.577392037 -0.308061612
102.833527000 -22.922571023 -54.133350470 -90.955093282 -0.598895360 -0.445049952 0.600520544 0.287454281
102.933096000 -23.141296264 -53.990154407 -90.950032084 -0.600751091 -0.456768620 0.607854279 0.246928592
103.032751000 -23.434996410 -54.092547183 -90.906498809 0.600228027 0.470525710 -0.596488583 -0.250066477
103.132852000 -23.863430419 -54.145077624 -90.936884403 0.597218005 0.479687755 -0.590054035 -0.255081452
103.232940000 -24.130104902 -54.240815791 -91.100951161 0.587456285 0.498339898 -0.570350936 -0.285047836
103.333081000 -24.489379559 -54.249909569 -91.156756395 0.577239539 0.502514293 -0.564056560 -0.310022737
103.433341000 -24.946925485 -54.287530459 -91.165251470 -0.566327853 -0.486707795 0.573462139 0.336941331
103.533587000 -25.382914172 -54.380213105 -91.156155596 0.576628169 0.498668672 -0.557889688 -0.328007022
103.633654000 -25.819041849 -54.515319421 -91.254073588 0.588288788 0.507648698 -0.544786588 -0.315304100
103.733808000 -26.195485523 -54.642253428 -91.304674881 0.573149142 0.479490618 -0.566909670 -0.346701940
103.834086000 -26.656229302 -54.682384072 -91.318261251 -0.565134748 -0.468986132 0.578384150 0.355171085
103.934240000 -27.185293518 -54.844630776 -91.309002043 -0.561794945 -0.465466875 0.581640297 0.359752128
104.034423000 -27.698627243 -55.017905660 -91.324086959 -0.558950253 -0.465018786 0.583113462 0.362368366
104.134512000 -28.100326613 -55.067515285 -91.305921917 -0.558127575 -0.464726028 0.585874489 0.359547510
104.234503000 -28.564538911 -55.039505653 -91.166994894 -0.552394591 -0.473899162 0.581773656 0.363069160
104.334572000 -29.068724695 -55.168939982 -91.202910969 -0.549175746 -0.474892320 0.584142629 0.362850758
104.435012000 -29.698048332 -55.349827249 -91.254709811 -0.547727811 -0.477996611 0.585608744 0.358574796
104.535460000 -30.184848964 -55.513025922 -91.242558624 -0.548988038 -0.479202639 0.584014703 0.357636397
104.635775000 -30.403203326 -55.742397458 -91.361703725 -0.546132543 -0.475107242 0.583435588 0.368259783
104.735779000 -30.500142824 -55.905998550 -91.477134679 -0.544240182 -0.465769415 0.585448873 0.379619670
104.835383000 -30.880904821 -56.043911191 -91.538314584 -0.542817024 -0.456882954 0.594469413 0.378435941
104.934689000 -31.121354767 -56.046720426 -91.453779732 -0.554452873 -0.471393387 0.582487365 0.362048003
105.033853000 -31.472794188 -56.104420256 -91.461093530 -0.566202625 -0.452710504 0.604634557 0.329977028
105.133157000 -31.754037682 -56.216636834 -91.442945826 -0.573330874 -0.411117922 0.640498444 0.303373542
105.232515000 -32.192534829 -56.148511254 -91.595925449 -0.562278360 -0.412346351 0.645364559 0.311958521
105.332227000 -32.436775971 -56.273493542 -91.439184416 -0.551993979 -0.432824990 0.615457165 0.359412928
105.432350000 -32.765362270 -56.328117996 -91.421848727 -0.544705224 -0.439130299 0.602644948 0.383770590
105.532463000 -33.082674371 -56.365519873 -91.395565677 -0.542349781 -0.439548735 0.596392819 0.396193425
105.632527000 -33.395042205 -56.426135154 -91.394355682 -0.541233148 -0.436756567 0.593936087 0.404413532
105.732518000 -33.691104305 -56.425076551 -91.293370289 -0.541809079 -0.435925552 0.591571136 0.407989493
105.832486000 -33.984735730 -56.442748442 -91.191304180 -0.542706380 -0.434877009 0.589100075 0.411476456
105.932417000 -34.339551742 -56.450841183 -91.111994465 -0.549510254 -0.443460685 0.582030804 0.403263246
106.032410000 -34.674526879 -56.460346211 -91.047897196 0.570124176 0.479745813 -0.552381196 -0.373734389
106.132656000 -35.000305846 -56.493763146 -90.978757516 0.569660301 0.478746994 -0.553575228 -0.373955779
106.233086000 -35.329394559 -56.527319376 -90.901537129 -0.562769292 -0.466597823 0.564350218 0.383517961
106.333315000 -35.655193137 -56.591948196 -90.859402117 0.570628341 0.480805276 -0.551640281 -0.372696369
106.433297000 -35.926566580 -56.681302152 -90.872182563 0.575484291 0.478740377 -0.551845558 -0.367548585
106.533229000 -36.321401074 -56.724428070 -90.782034023 -0.552121809 -0.443716359 0.581309864 0.400444932
106.633228000 -36.712584112 -56.775638235 -90.708091793 -0.539347833 -0.427439117 0.594678844 0.415640216
106.733235000 -37.120317368 -56.803748327 -90.661155389 -0.530552601 -0.420398804 0.602254401 0.423164767
106.833269000 -37.481540937 -56.909617998 -90.458426968 -0.530733394 -0.417419457 0.602218716 0.425929195
106.933338000 -37.856546618 -56.956990818 -90.336378867 -0.528604795 -0.415783502 0.603554261 0.428279470
107.033188000 -38.239262857 -57.015852773 -90.233113949 -0.527642043 -0.415217438 0.604639543 0.428484978
107.132989000 -38.616255009 -56.991333985 -90.079694340 -0.525743327 -0.417726085 0.605428471 0.427264834
107.232999000 -39.005278833 -56.994812156 -89.976328386 -0.523312291 -0.417224996 0.608256384 0.426722063
107.333204000 -39.390980510 -57.048811211 -89.796315572 -0.524038308 -0.419765104 0.606276850 0.426156649
107.433488000 -39.727663626 -56.986440474 -89.751254728 -0.516975762 -0.421782365 0.612389071 0.424046369
107.533671000 -40.102761939 -56.902080489 -89.580379754 -0.513847620 -0.428775287 0.613599780 0.419055708
107.633616000 -40.372585978 -56.838068263 -89.576632929 -0.505358805 -0.436815652 0.616559944 0.416723409
107.733302000 -40.598332944 -56.779584627 -89.633010364 -0.491178569 -0.442419492 0.623391302 0.417602551
107.832973000 -40.959771150 -56.797611861 -89.480921645 -0.499265496 -0.447587981 0.626349389 0.397599556
107.932697000 -41.300586832 -56.883954465 -89.344219210 -0.519336694 -0.473777610 0.610060959 0.365581457
108.032504000 -41.612219764 -56.934177170 -89.319550114 -0.514181391 -0.453581511 0.630453104 0.363882117
108.132529000 -41.954192397 -57.006184356 -89.242070502 -0.508142926 -0.418507776 0.662967800 0.356532895
108.232353000 -42.300335393 -57.041146728 -89.122433278 -0.509898023 -0.394668507 0.688112018 0.332780146
108.332097000 -42.593507160 -57.089742940 -88.911393207 -0.521467865 -0.403420177 0.683603923 0.313064056
108.431935000 -43.030991324 -56.933832657 -88.838791028 -0.500706447 -0.421173924 0.662878385 0.364002508
108.532218000 -43.439305133 -56.904697966 -88.793751959 -0.488454120 -0.425782223 0.646693490 0.402379923
108.632787000 -43.795936667 -56.890186696 -88.734136332 -0.484607626 -0.424728190 0.639733918 0.418929502
108.733420000 -44.204110443 -56.901314726 -88.589934545 -0.491314609 -0.427461337 0.632783157 0.418894064
108.833857000 -44.690508766 -56.906585723 -88.577068126 -0.499003875 -0.430240079 0.631413997 0.408907045
108.934158000 -44.980202771 -56.928637631 -88.454494549 -0.494075944 -0.425917232 0.633968779 0.415411916
109.034411000 -45.330329994 -56.818633056 -88.379298632 -0.487263279 -0.431983844 0.637219631 0.412208197
109.134547000 -45.658924508 -56.777872240 -88.260320289 -0.476271179 -0.431574714 0.645349497 0.412835388
109.234212000 -46.016367402 -56.755211702 -88.174406508 -0.481599201 -0.467230036 0.629123192 0.392380317
109.334018000 -46.335178169 -56.725935961 -88.067983813 -0.476882733 -0.492633070 0.617999563 0.384671363
109.434047000 -46.679255699 -56.744037262 -87.955963348 -0.459275645 -0.484298942 0.632899629 0.392375426
109.534162000 -47.050471888 -56.766420337 -87.776284090 -0.443576066 -0.466638452 0.653319783 0.398324102
109.634197000 -47.423049962 -56.785282964 -87.632876907 -0.430976053 -0.460431082 0.664465047 0.400935234
109.733942000 -47.787990359 -56.863925210 -87.489242497 -0.425702017 -0.457375524 0.670755672 0.399590104
109.833754000 -48.189737509 -56.920654645 -87.287944546 -0.422997983 -0.457156004 0.674756109 0.395961219
109.933733000 -48.553252816 -56.974545053 -87.170160062 -0.417415844 -0.457946364 0.678535716 0.394510358
110.033824000 -48.918724985 -57.067902796 -87.036698350 -0.414644218 -0.458565986 0.680324699 0.393631444
110.133981000 -49.287042991 -57.129347535 -86.987740310 -0.407924061 -0.455685741 0.685526867 0.394970101
110.233888000 -49.637843852 -57.222796370 -86.820847413 -0.406347713 -0.457938554 0.685614400 0.393835894
110.333585000 -49.946365527 -57.293055440 -86.835745688 -0.401674936 -0.451801898 0.692588348 0.393514513
110.433238000 -50.356053537 -57.431197820 -86.467590715 -0.422232942 -0.444194844 0.694383568 0.377149498
110.532773000 -50.702580566 -57.519513689 -86.391198305 -0.426265349 -0.426339379 0.716655601 0.350624209
110.632245000 -51.015455295 -57.588562491 -86.343782606 -0.428472403 -0.419946549 0.730063890 0.327204847
110.731792000 -51.387661186 -57.710931616 -86.239177958 -0.435499110 -0.429943131 0.728318395 0.308288412
110.831759000 -51.672283512 -57.785161584 -86.114551784 -0.422376245 -0.433959075 0.718531320 0.342038845
110.931981000 -51.997945149 -57.801171881 -85.960863764 -0.410625555 -0.430758991 0.715342723 0.366221428
111.032194000 -52.420897710 -57.823261802 -85.927062175 -0.410414311 -0.443853075 0.707120419 0.366790479
111.132417000 -52.657244133 -57.847446180 -85.704932962 -0.426030698 -0.478608721 0.683091154 0.350454008
111.232536000 -52.973753157 -57.885343474 -85.542473867 -0.414123956 -0.461518037 0.695871937 0.362304702
111.332637000 -53.272873211 -57.936656116 -85.356890228 -0.405037587 -0.449099278 0.704804500 0.370816679
111.432571000 -53.571950801 -57.982330943 -85.138039331 -0.425208472 -0.484059643 0.684649202 0.340792440
111.532394000 -53.918687217 -58.083366215 -84.949251731 -0.432235484 -0.508156202 0.666569153 0.332618889
111.632476000 -54.259603801 -58.155139501 -84.667255189 -0.418330134 -0.485905989 0.684522016 0.346878766
111.732583000 -54.585609137 -58.212828337 -84.416226260 -0.412651313 -0.486059242 0.687356535 0.347859600
111.832516000 -54.922953665 -58.303332897 -84.259913032 -0.418659708 -0.512611928 0.670587456 0.335060477
111.932375000 -55.308949902 -58.431783461 -84.022023924 -0.412635517 -0.507613825 0.675514965 0.340205330
112.032361000 -55.684928546 -58.555352801 -83.780269700 -0.399746796 -0.487854547 0.693261614 0.348695819
112.132408000 -56.060155790 -58.712015602 -83.544234344 -0.382357182 -0.457465344 0.714122316 0.366821158
112.232191000 -56.451401150 -58.752657800 -83.321599633 -0.361125967 -0.426766734 0.737344968 0.379184108
112.331901000 -56.828315057 -58.897382997 -83.192376136 -0.348491310 -0.404991035 0.752020712 0.386006369
112.431847000 -57.183521171 -58.950859285 -82.963885453 -0.339550929 -0.395738284 0.760873185 0.386223218
112.531967000 -57.464560368 -59.117472222 -82.462921219 -0.343726525 -0.395678207 0.759759672 0.384780551
112.632078000 -57.725155559 -59.241326887 -81.959775082 -0.347016902 -0.399115618 0.756771148 0.384165878
112.732218000 -58.019479352 -59.231883355 -81.602173194 -0.344479568 -0.400297049 0.765115611 0.368366940
112.832305000 -58.318107796 -59.210230287 -81.472969385 -0.338089649 -0.390893556 0.792459548 0.323891157
112.932334000 -58.630151846 -59.197158492 -81.256272381 -0.331623225 -0.381946467 0.813525381 0.286913555
113.032487000 -58.960751973 -59.250006764 -81.077631965 -0.322357360 -0.377163264 0.825108906 0.270238595
113.132832000 -59.358130177 -59.230698566 -81.019794657 -0.306394846 -0.380549541 0.822451742 0.291337221
113.233127000 -59.679085481 -59.388054563 -80.641862480 -0.301366697 -0.389240994 0.801445796 0.339638336
113.333300000 -60.006371717 -59.557538386 -80.270071420 -0.300596576 -0.392064370 0.786009046 0.371640966
113.433255000 -60.303440520 -59.690394549 -79.917386845 -0.304019791 -0.391150277 0.778830937 0.384702222
113.532966000 -60.593838575 -59.864394753 -79.576672755 -0.308101200 -0.387573181 0.775208909 0.392315980
113.632632000 -60.885893806 -60.075291540 -79.220156046 -0.311227212 -0.381717126 0.774568819 0.396828429
113.732077000 -61.217845018 -60.372296886 -78.826364547 -0.316257444 -0.380730513 0.773094328 0.396674509
113.831690000 -61.459784186 -60.433666811 -78.541130211 -0.319613932 -0.379346805 0.772607675 0.396257892
113.931762000 -61.797618280 -60.485941214 -78.361152157 -0.309566564 -0.379062314 0.777530516 0.394875424
114.032021000 -61.907991591 -60.619942389 -78.197288811 -0.312777010 -0.373848921 0.777907154 0.396570279
114.132331000 -61.969697493 -60.537924157 -78.173635816 -0.307322909 -0.375347379 0.786267573 0.382688227
114.232501000 -62.293420530 -60.771717950 -77.884201098 -0.307053487 -0.373193543 0.787467591 0.382543500
114.332467000 -62.602714281 -60.986924809 -77.571394810 -0.307108227 -0.371318867 0.788350596 0.382505130
114.432245000 -62.853845296 -61.109036782 -77.287361896 -0.307298431 -0.370354500 0.788804141 0.382352254
114.531868000 -63.172992323 -61.259679595 -76.965882741 -0.308248175 -0.369686833 0.790242552 0.379251127
114.631624000 -63.522552495 -61.467460997 -76.680060554 -0.308235476 -0.368539480 0.791424879 0.377910312
114.731483000 -63.658473570 -61.509526200 -76.541177083 -0.307333641 -0.367313126 0.792938230 0.376664391
114.831611000 -63.748788787 -61.536129620 -76.436282655 -0.304500409 -0.361469889 0.796354096 0.377411147
114.931687000 -63.895286782 -61.596335882 -76.326958596 -0.305290856 -0.359547300 0.804917514 0.360043091
115.031658000 -63.947066137 -61.583009203 -76.266888463 -0.303998437 -0.361267013 0.805262709 0.358640579
115.131674000 -64.251125016 -61.692538699 -76.050073316 -0.302926168 -0.358291259 0.809199905 0.353636289
115.231755000 -64.482757826 -61.723445526 -75.874625416 -0.296326889 -0.366774056 0.804848965 0.360396046
115.331935000 -64.762190643 -61.827383107 -75.601881882 -0.301641888 -0.356958864 0.810421438 0.353284069
115.432069000 -65.018856924 -61.966351537 -75.293285177 -0.305754807 -0.352775495 0.819684631 0.331934564
115.532039000 -65.297874143 -62.054209002 -75.080094404 -0.305384958 -0.349571423 0.823083527 0.327220653
115.631996000 -65.398670802 -62.067070667 -74.985563733 -0.300308175 -0.363335742 0.809558084 0.349882620
115.731987000 -65.685241826 -62.147767749 -74.754160905 -0.294392552 -0.356476563 0.812648914 0.354766442
115.831896000 -65.985893418 -62.240373100 -74.483080654 -0.291776393 -0.355137129 0.814504664 0.354014560
115.931707000 -66.253370254 -62.298709407 -74.311117355 -0.297920348 -0.378431425 0.803289538 0.350369863
116.031632000 -66.516840527 -62.379855871 -74.072210850 -0.290437092 -0.366318409 0.809170329 0.355950134
116.131848000 -66.783128933 -62.497874712 -73.797174063 -0.285838957 -0.362120842 0.811526763 0.358592944
116.231899000 -66.983939405 -62.555902884 -73.576294256 -0.288061891 -0.371912482 0.808733270 0.353060830
116.332042000 -67.233520320 -62.643103773 -73.329620644 -0.298845811 -0.405493980 0.793249800 0.342082693
116.432213000 -67.511023137 -62.752257387 -73.116506690 -0.291756498 -0.395540471 0.799428887 0.345455259
116.532484000 -67.793586056 -62.869210313 -72.869327383 -0.279996627 -0.375379305 0.810207146 0.352500562
116.632673000 -68.055131440 -62.971671449 -72.587288154 -0.280303081 -0.380387648 0.809466307 0.348568097
116.732677000 -68.286774605 -63.030360009 -72.340279062 -0.278787344 -0.380158687 0.811447976 0.345411599
116.832560000 -68.559477533 -63.143010542 -72.041804773 -0.272566275 -0.368104000 0.817246005 0.349737097
116.932268000 -68.774162949 -63.267063235 -71.758132829 -0.269511204 -0.364113190 0.819441589 0.351142104
117.031824000 -69.031126603 -63.404739586 -71.455863379 -0.267308839 -0.361785302 0.820611737 0.352496464
117.131392000 -69.307484845 -63.509406245 -71.159103250 -0.265278307 -0.361233774 0.822012598 0.351330143
117.230898000 -69.531012395 -63.600841524 -70.932968381 -0.262356913 -0.362109709 0.823394322 0.349381165
117.330679000 -69.771555564 -63.709532200 -70.662918566 -0.259954102 -0.362912702 0.824185506 0.348477385
117.430609000 -69.859941083 -63.745938469 -70.494297772 -0.258864291 -0.364568203 0.824233981 0.347444454
117.530585000 -69.919398193 -63.578437537 -70.645883981 -0.243303797 -0.370537144 0.824035307 0.352804904
117.630506000 -69.941135530 -63.762982678 -70.406304618 -0.249041089 -0.371099676 0.820700881 0.355968580
117.730436000 -70.158976876 -63.875158112 -70.155523882 -0.245789323 -0.372001312 0.821209295 0.356115048
117.830416000 -70.401670987 -64.024312688 -69.916264612 -0.242719649 -0.371680879 0.822451489 0.355688127
117.930435000 -70.643809751 -64.174131426 -69.740933470 -0.238556788 -0.369114842 0.822685911 0.360600587
118.030565000 -70.775425194 -64.170805309 -69.539993897 -0.235566038 -0.374115934 0.822595214 0.357607359
118.130818000 -70.935372740 -64.239076157 -69.406934136 -0.233285015 -0.372461728 0.826281418 0.352291613
118.231290000 -71.298228831 -64.475736549 -69.323152588 -0.229502121 -0.366593977 0.832481557 0.346283252
118.331996000 -71.656083737 -64.630510815 -69.099394796 -0.227770203 -0.365516462 0.834196633 0.344433489
118.432455000 -71.969057909 -64.878033421 -68.918845541 -0.226862871 -0.362169904 0.835898449 0.344441551
118.532760000 -72.031884252 -64.923745760 -68.865708201 -0.227849707 -0.358405495 0.842441834 0.331544519
118.632893000 -72.267682602 -65.161988601 -68.638757756 -0.227412377 -0.355490223 0.844003015 0.331012420
118.732675000 -72.448537567 -65.339772608 -68.436167669 -0.226840181 -0.354505067 0.844838061 0.330330652
118.832261000 -73.053049947 -65.690049413 -67.989604069 -0.226262091 -0.352799880 0.846350410 0.328677188
118.931630000 -73.340684099 -65.974835750 -67.694153798 -0.226394169 -0.352411003 0.846638570 0.328261019
119.031061000 -73.336023418 -65.968020820 -67.711623172 -0.233032440 -0.345037412 0.859935196 0.295222841
119.130788000 -73.295419533 -65.924168777 -67.777410594 -0.233130881 -0.348875515 0.863117505 0.281005409
119.230774000 -73.804486811 -66.140873234 -67.282458895 -0.235541446 -0.348480253 0.860969799 0.286029274
119.330859000 -73.938938717 -66.419799166 -66.979689978 -0.237762967 -0.346699300 0.860960610 0.286382950
119.430925000 -74.010000565 -66.380185531 -66.974476874 -0.237333075 -0.346790267 0.861675492 0.284472967
119.530875000 -74.017207141 -66.342885380 -66.968088714 -0.237370424 -0.347189666 0.861385505 0.284832636
119.630726000 -74.082407101 -66.404612753 -66.863420263 -0.237709295 -0.345767212 0.862231548 0.283718319
119.730561000 -74.212202610 -66.476902061 -66.786364622 -0.237323418 -0.344606271 0.863737184 0.280859734
119.830456000 -74.524803547 -66.506422025 -66.544903931 -0.236310703 -0.345751691 0.865158474 0.275887359
119.930481000 -74.554372268 -66.576595835 -66.475728957 -0.236605484 -0.345712127 0.865111795 0.275830660
120.030601000 -74.554372268 -66.576595835 -66.475728957 -0.236605484 -0.345712127 0.865111795 0.275830660
120.130920000 -74.554372268 -66.576595835 -66.475728957 -0.236605484 -0.345712127 0.865111795 0.275830660
120.231119000 -74.554372268 -66.576595835 -66.475728957 -0.236605484 -0.345712127 0.865111795 0.275830660
120.331141000 -74.554372268 -66.576595835 -66.475728957 -0.236605484 -0.345712127 0.865111795 0.275830660
120.430938000 -74.579329919 -66.590349957 -66.420176093 -0.236677205 -0.345903437 0.865067247 0.275668953
120.530611000 -74.582036328 -66.600757928 -66.407944172 -0.236740786 -0.345868521 0.865156354 0.275378376
120.630225000 -74.618547926 -66.540958091 -66.448968075 -0.235486016 -0.346429539 0.865082502 0.275980391
120.729809000 -75.102827121 -66.777073133 -65.799213896 -0.234608376 -0.350063852 0.865561418 0.270587584
120.829515000 -75.056603599 -66.723970127 -65.788936331 -0.233952931 -0.353776086 0.864070209 0.271092568
120.929425000 -75.050510844 -66.772209421 -65.840079406 -0.224919671 -0.351086054 0.869133403 0.266001600
121.029290000 -75.139526532 -66.811739443 -65.808096966 -0.208667240 -0.350067524 0.874311278 0.263610510
121.129425000 -75.112546188 -66.824978233 -65.811296308 -0.190122776 -0.355744299 0.875461690 0.266206976
121.229551000 -75.143171308 -66.845911559 -65.786965731 -0.169710402 -0.361164234 0.879930438 0.257839487
121.330017000 -75.135110191 -66.830634165 -65.803676266 -0.166299947 -0.362633599 0.880029756 0.257660298
121.430720000 -75.135110191 -66.830634165 -65.803676266 -0.166299947 -0.362633599 0.880029756 0.257660298
121.531321000 -75.135110191 -66.830634165 -65.803676266 -0.166299947 -0.362633599 0.880029756 0.257660298
121.631790000 -75.135110191 -66.830634165 -65.803676266 -0.166299947 -0.362633599 0.880029756 0.257660298
121.731985000 -75.135110191 -66.830634165 -65.803676266 -0.166299947 -0.362633599 0.880029756 0.257660298
121.832117000 -75.135110191 -66.830634165 -65.803676266 -0.166299947 -0.362633599 0.880029756 0.257660298
121.932300000 -75.141535675 -66.855260736 -65.788992289 -0.165449891 -0.363072389 0.880008988 0.257660541
122.032674000 -75.219597434 -67.160123534 -65.604452746 -0.158316807 -0.362482200 0.881713875 0.257144096
122.133213000 -75.317532787 -67.321381267 -65.542541806 -0.154293288 -0.361032948 0.882808163 0.257873106
122.233353000 -75.334449226 -67.496649699 -65.362377799 -0.147448628 -0.366942448 0.881152036 0.259197282
122.332992000 -75.442185684 -67.770402138 -65.218002927 -0.141566516 -0.372517333 0.880224543 0.257671328
122.432309000 -75.486216500 -68.032202860 -65.055057600 -0.132364508 -0.384089455 0.875123380 0.262895411
122.531483000 -75.603992262 -68.287630820 -64.930741205 -0.120567927 -0.395600628 0.870842596 0.265700379
122.630728000 -75.686737481 -68.499622815 -64.814055363 -0.106648551 -0.400901065 0.872124887 0.259427454
122.730131000 -75.788157378 -68.702882362 -64.667742670 -0.085348052 -0.402778587 0.868040281 0.277472864
122.829691000 -75.849950352 -68.886043366 -64.536576853 -0.065934016 -0.409825095 0.864415437 0.283693584
122.929440000 -75.935840674 -69.105925219 -64.421206694 -0.048715109 -0.416985006 0.866450828 0.270209742
123.029612000 -76.015402118 -69.330440330 -64.306658924 -0.032786001 -0.423642912 0.871085111 0.246297564
123.130063000 -76.060689781 -69.537519827 -64.195324241 -0.018711915 -0.432483145 0.871028943 0.232199859
123.230489000 -76.098060690 -69.714705065 -64.090550786 -0.003419647 -0.440787709 0.869385676 0.223300354
123.330758000 -76.129985950 -69.904941389 -63.985142249 0.014005292 -0.445927199 0.868455000 0.216191345
123.430906000 -76.164566723 -70.098215596 -63.878935037 0.032217851 -0.451451874 0.866698380 0.209731099
123.530908000 -76.185212919 -70.292972348 -63.787914006 0.052814398 -0.456204650 0.864646389 0.203653085
123.630865000 -76.205902299 -70.496046277 -63.691912531 0.074392917 -0.461313878 0.861762643 0.197535686
123.730867000 -76.217720725 -70.720093585 -63.597740380 0.096648926 -0.463999568 0.858389614 0.196292273
123.830807000 -76.212527968 -70.944676096 -63.495392973 0.113339425 -0.466771041 0.856022789 0.191060081
123.930820000 -76.211530734 -71.141350658 -63.405085941 0.129030802 -0.470192849 0.853668948 0.183082125
124.030730000 -76.192680693 -71.345991849 -63.312102663 0.144945192 -0.473853908 0.850984850 0.174006176
124.130761000 -76.169320031 -71.553195828 -63.221992879 0.161268063 -0.476081594 0.847814218 0.168967391
124.230725000 -76.139634387 -71.746096495 -63.132596902 0.180262526 -0.476900800 0.843344027 0.169829032
124.330684000 -76.090488506 -71.938980053 -63.040742078 0.199255443 -0.478115805 0.838650137 0.168429490
124.430643000 -76.020036209 -72.094195665 -62.961785922 0.218668291 -0.480440379 0.832914483 0.166176664
124.530575000 -75.957186527 -72.240210197 -62.879070742 0.237575615 -0.483456150 0.828296453 0.154119970
124.630642000 -75.870367425 -72.395966028 -62.811872568 0.257236565 -0.486296515 0.822519929 0.144242906
124.730835000 -75.777602232 -72.599089392 -62.727795103 0.279444581 -0.486509361 0.815348117 0.142922410
124.831094000 -75.679175885 -72.780338135 -62.641604132 0.301081610 -0.485385116 0.808133889 0.143773328
124.931393000 -75.567851053 -72.981309423 -62.575112783 0.318812695 -0.488276261 0.801321846 0.133521751
125.031629000 -75.454094772 -73.223097110 -62.510596492 0.334646269 -0.493131568 0.793490436 0.123312855
125.131809000 -75.331020105 -73.551112070 -62.433773536 0.350869449 -0.492154195 0.788289324 0.115216408
125.231717000 -75.191969242 -73.889987639 -62.361448203 0.367334565 -0.492650107 0.781301014 0.109224150
125.331508000 -75.053797500 -74.148222608 -62.285102043 0.381387785 -0.492634278 0.775259369 0.104056403
125.431419000 -74.892587312 -74.344153482 -62.223772132 0.394069199 -0.493777319 0.768569920 0.100963869
125.531257000 -74.733773829 -74.520664053 -62.151423565 0.408466761 -0.494363441 0.761232967 0.096353848
125.631179000 -74.576643390 -74.701594639 -62.091907980 0.424510753 -0.492284175 0.754361497 0.091573161
125.731347000 -74.455112086 -74.827831738 -62.028986820 0.440253782 -0.493369168 0.745155379 0.086642561
125.831684000 -74.257311996 -75.041511467 -61.992420152 0.453286215 -0.493321594 0.737764475 0.082879378
125.932242000 -74.028453422 -75.354016815 -62.016902387 0.463351566 -0.493253130 0.732014118 0.078498455
126.032921000 -73.804808689 -75.582633466 -61.965116465 0.470850863 -0.493611182 0.727062492 0.077637605
126.133368000 -73.618465304 -75.781132586 -61.906594928 0.473977997 -0.493897412 0.724839781 0.077572526
126.233407000 -73.390607383 -76.257168808 -61.711163806 0.473839398 -0.500164956 0.720702422 0.076806641
126.333060000 -73.203242864 -76.521225729 -61.574854328 0.473534856 -0.498082258 0.722370998 0.076543750
126.432466000 -73.150121836 -76.793614535 -61.394745361 0.470771158 -0.501643201 0.721998790 0.073799478
126.531872000 -72.943642800 -77.204875796 -61.166424651 0.469621149 -0.502802503 0.721944509 0.073768183
126.631299000 -72.788849318 -77.307764084 -61.150701916 0.466866224 -0.506689201 0.720961387 0.074274227
126.731100000 -72.601171973 -77.474697431 -61.130303952 0.465835278 -0.509081921 0.719804819 0.075591756
126.831480000 -72.570169926 -77.447555389 -60.997815266 0.463815234 -0.511207839 0.719580476 0.075801797
126.932267000 -72.576535169 -77.593254922 -60.993195057 0.464245455 -0.510290312 0.720441939 0.071016673
127.033044000 -72.486318197 -77.703356235 -60.944260048 0.464789292 -0.504200651 0.724632091 0.068271149
127.133581000 -72.450407377 -77.658923913 -60.908921874 0.462757910 -0.503769477 0.726248646 0.068075944
127.233723000 -72.309819976 -77.780667241 -60.842801380 0.462511486 -0.506601374 0.724136587 0.071164432
127.333641000 -71.988272931 -78.000212727 -60.888720645 0.461278786 -0.513060725 0.719817659 0.076505632
127.433255000 -71.869820603 -78.291416139 -60.898719015 0.459720261 -0.518350956 0.716596582 0.080367328
127.532678000 -71.753837089 -78.398829979 -60.821201041 0.457453088 -0.517151311 0.718851309 0.080894924
127.632030000 -71.767955713 -78.457589738 -60.724690125 0.456130374 -0.516706001 0.720348995 0.077828763
127.731349000 -71.591639049 -78.614066607 -60.689313356 0.456736537 -0.511909138 0.723843422 0.073426631
127.830727000 -71.415413879 -78.743716007 -60.629835954 0.457751307 -0.507297732 0.727086093 0.066772483
127.930224000 -71.243809579 -78.901379947 -60.579204529 0.458724816 -0.505055434 0.728420198 0.062406469
128.029842000 -71.111721028 -79.004702201 -60.495038491 0.460349637 -0.504491604 0.727903626 0.061014293
128.129891000 -70.949817932 -79.121640801 -60.431359514 0.462727480 -0.496327805 0.732367912 0.056384664
128.230272000 -70.782705468 -79.236522306 -60.336996983 0.464656001 -0.486465791 0.738270688 0.049012513
128.330819000 -70.570776549 -79.354606566 -60.299037682 0.465377256 -0.488409501 0.736377773 0.051263474
128.431293000 -70.407897278 -79.502234481 -60.220005297 0.464751311 -0.500672977 0.728103035 0.056557568
128.531699000 -70.329037552 -79.578536568 -60.120595054 0.455072429 -0.524181281 0.716603810 0.067985649
128.632112000 -70.172955610 -79.760461729 -60.087559155 0.435741392 -0.545320584 0.712655159 0.069839276
128.732307000 -69.968692139 -79.937805468 -60.074015316 0.417307122 -0.558438999 0.711544891 0.087775390
128.832211000 -69.771554555 -80.173976296 -60.100776702 0.393666703 -0.571913973 0.712522303 0.101256614
128.931774000 -69.624031977 -80.385946489 -60.134238054 0.371276828 -0.560093591 0.733727231 0.100464103
129.031131000 -69.467982535 -80.622611793 -60.110719341 0.344378086 -0.548252968 0.756351363 0.093568330
129.130623000 -69.313021570 -80.910491133 -60.048844057 0.301527194 -0.549700639 0.776995369 0.056469063
129.230118000 -69.122638373 -81.269765045 -59.914413723 0.252212666 -0.555446316 0.792220128 0.015982191
129.329859000 -68.985041827 -81.689907765 -59.761614532 0.210187452 -0.548417876 0.809348270 -0.003800760
129.429819000 -68.861567540 -82.073133412 -59.625760135 0.177289450 -0.532874643 0.827413324 -0.000507168
129.529988000 -68.793092347 -82.399306347 -59.516207660 0.147039650 -0.522810838 0.839646196 0.006514147
129.630293000 -68.695169577 -82.668425066 -59.400341855 0.117107955 -0.516076183 0.848337408 0.016575377
129.730712000 -68.610995608 -82.923652460 -59.293463870 0.088569831 -0.508593101 0.855949136 0.028974479
129.830989000 -68.594738041 -83.147744320 -59.176619991 0.063119870 -0.508685303 0.857237655 0.048977016
129.931136000 -68.569006963 -83.323526876 -59.064157240 0.038196969 -0.508456202 0.857673392 0.066405078
130.031277000 -68.605777962 -83.381085762 -58.946790171 0.019352092 -0.499078552 0.862461177 0.081895138
130.131355000 -68.594127611 -83.483380450 -58.847102749 0.007251368 -0.507888400 0.855410622 0.101338336
130.231190000 -68.606561164 -83.594660740 -58.775481954 -0.004033616 -0.514942469 0.849722063 0.113094647
130.331075000 -68.613538599 -83.715302049 -58.676342064 -0.018278713 -0.515636795 0.848981642 0.114082229
130.430939000 -68.632313411 -83.825124479 -58.576467083 -0.035154230 -0.513675507 0.850276559 0.109231076
130.530681000 -68.664248908 -83.910480412 -58.490152652 -0.053502080 -0.509557505 0.852477709 0.103780695
130.630352000 -68.699462011 -83.971849797 -58.406861789 -0.068133777 -0.505248946 0.853561170 0.107306198
130.729910000 -68.762996936 -84.033916376 -58.331742228 -0.080153368 -0.500620832 0.853272959 0.121981462
130.829520000 -68.838757281 -84.122366243 -58.231146841 -0.097283814 -0.496407704 0.853503328 0.125089248
130.929278000 -68.918132221 -84.165875294 -58.208405411 -0.115675110 -0.489899481 0.854570170 0.127779465
131.029167000 -68.979640240 -84.181513561 -58.168709283 -0.135914688 -0.483156892 0.854869900 0.131468891
131.129287000 -69.021114940 -84.136443524 -58.136028048 -0.159140352 -0.475392888 0.853995019 0.139170609
131.229463000 -69.036741261 -84.082136699 -58.113990125 -0.183312093 -0.467578104 0.851450481 0.150994942
131.329716000 -69.096074191 -83.980260992 -58.129847427 -0.208143004 -0.460285861 0.846290538 0.169132322
131.429921000 -69.252443249 -83.910580322 -58.132222708 -0.232961063 -0.452938811 0.839192553 0.190608068
131.530042000 -69.319321369 -83.777600422 -58.149558896 -0.260592085 -0.443925762 0.833225960 0.201881606
131.630069000 -69.478213537 -83.675485391 -58.165025777 -0.288512071 -0.432973392 0.827603293 0.210636215
131.730076000 -69.611378932 -83.560272528 -58.168888952 -0.316322444 -0.423118185 0.820476303 0.218471393
131.830175000 -69.782950117 -83.476328454 -58.156518081 -0.344115761 -0.412149064 0.813138471 0.224773931
131.930370000 -69.991730819 -83.413049685 -58.149281567 -0.371511203 -0.400202908 0.806186951 0.227771065
132.030659000 -70.127387972 -83.309747602 -58.146636888 -0.398065557 -0.387673446 0.798208382 0.232629514
132.131048000 -70.289253363 -83.187954817 -58.164432860 -0.423678604 -0.375588813 0.788902320 0.238877822
132.231399000 -70.503424152 -83.129357581 -58.230223444 -0.446383423 -0.366792340 0.777692853 0.247788308
132.331510000 -70.779626321 -83.086551698 -58.305177841 -0.469236951 -0.362174761 0.765297984 0.250928519
132.431289000 -71.053500671 -83.015273967 -58.375106623 -0.491876544 -0.366020034 0.747195821 0.256486268
132.530926000 -71.341634315 -82.912129300 -58.452989586 -0.513380927 -0.362848177 0.733062465 0.259616346
132.630755000 -71.642261311 -82.782951236 -58.540507082 -0.529424089 -0.358190129 0.719246758 0.272202252
132.730719000 -71.892721894 -82.597366107 -58.587674865 -0.537977303 -0.350261052 0.706013796 0.299068784
132.830733000 -72.152243623 -82.522371997 -58.688214357 -0.545599383 -0.347850384 0.689993091 0.324393215
132.930914000 -72.428249095 -82.429990615 -58.799545390 -0.554408867 -0.345709753 0.678695934 0.335391420
133.031355000 -72.678836039 -82.334796747 -58.900657822 -0.568333190 -0.344085807 0.666796631 0.337616049
133.132166000 -72.931296175 -82.221008883 -58.977887034 -0.588519007 -0.350509939 0.649005752 0.331028239
133.232963000 -73.174214499 -82.081937092 -59.005870372 -0.603603396 -0.351493264 0.635441767 0.329133994
133.333663000 -73.395037271 -81.967318846 -59.094881230 -0.619297549 -0.349932113 0.623195946 0.325030574
133.434338000 -73.616478856 -81.884732834 -59.209262447 0.635059172 0.349276787 -0.609881214 -0.320547156
133.534672000 -73.857191752 -81.745340905 -59.299306739 0.642458956 0.332763221 -0.606963414 -0.328801676
133.634783000 -74.112737384 -81.536297378 -59.354309751 0.643579248 0.313371810 -0.608704213 -0.342173992
133.734565000 -74.326011797 -81.405536686 -59.404891096 0.645802614 0.299072753 -0.606698718 -0.354134350
133.833992000 -74.528047648 -81.292299876 -59.528972147 0.647983640 0.289590968 -0.602999734 -0.364205429
133.933209000 -74.682020064 -81.202747648 -59.515911051 0.654501524 0.300126191 -0.576718211 -0.385937987
134.032523000 -74.889287132 -81.105105952 -59.600557036 0.674029411 0.322363923 -0.548517142 -0.375359560
134.132164000 -75.083706164 -80.985602322 -59.661790032 0.692914700 0.335150618 -0.526066596 -0.361658981
134.232182000 -75.300100215 -80.880533688 -59.706511914 0.707869753 0.338318248 -0.507025322 -0.356912453
134.332218000 -75.523346009 -80.779499657 -59.727977855 0.726057005 0.331688641 -0.493819670 -0.344914489
134.432205000 -75.766010993 -80.656356990 -59.721222165 0.744681426 0.326138254 -0.479871569 -0.329858592
134.531962000 -76.015585124 -80.545892116 -59.711695586 0.760424940 0.319611775 -0.467035256 -0.318559717
134.631533000 -76.305842913 -80.410377902 -59.683225686 0.767516119 0.300972735 -0.464557479 -0.323296720
134.731091000 -76.599365139 -80.282160967 -59.645142948 0.770589730 0.284043459 -0.462305219 -0.334342140
134.830889000 -76.916020084 -80.148087883 -59.623139548 0.772262457 0.274073666 -0.457904593 -0.344699444
134.930955000 -77.220793828 -79.960808637 -59.614070418 0.764168230 0.260566402 -0.459165543 -0.370565878
135.031153000 -77.566295890 -79.787570150 -59.582430777 0.754754380 0.241876334 -0.461673585 -0.398370638
135.131403000 -77.939125768 -79.628986198 -59.511877448 0.745105764 0.210797228 -0.469604929 -0.424090958
135.231383000 -78.238038647 -79.449585220 -59.511220097 0.740023414 0.172414284 -0.488252907 -0.429240911
135.331264000 -78.589236825 -79.136607846 -59.307352970 0.746710605 0.145489760 -0.493087044 -0.422044037
135.431321000 -78.830162109 -79.029368548 -59.612252772 0.737649580 0.109589540 -0.510793489 -0.427730337
135.531589000 -79.337455723 -79.114668402 -59.660311494 0.742287757 0.063946465 -0.507682733 -0.432640704
135.631830000 -79.589503634 -78.911398600 -59.669855529 0.747625922 0.031248339 -0.502210952 -0.433431865
135.732050000 -79.815155005 -78.736315475 -59.801958848 0.747659693 -0.020119504 -0.499398554 -0.437265678
135.832244000 -80.144021724 -78.330178214 -59.696677600 0.763937048 -0.049821878 -0.474658053 -0.434301394
135.932314000 -80.579595568 -77.802351212 -59.771195640 0.781949959 -0.061960405 -0.435043054 -0.442100341
136.032168000 -80.770450548 -77.418572786 -59.700675909 0.791267919 -0.070643581 -0.391743054 -0.464157242
136.131739000 -80.975087174 -77.059957003 -59.603848993 0.807939321 -0.070355277 -0.368935572 -0.454060274
136.230977000 -81.264611525 -76.665088041 -59.632221755 0.814696708 -0.068295823 -0.359144982 -0.450133131
136.330216000 -81.766276542 -76.220897760 -59.784949067 0.813998578 -0.062843720 -0.359961300 -0.451536095
136.429471000 -81.992319553 -75.927980952 -59.802114740 0.805394292 -0.046596955 -0.375713715 -0.456078900
136.528724000 -82.227466138 -75.618753523 -59.812370631 0.795919767 -0.027856989 -0.392622574 -0.459981769
136.628637000 -82.481330317 -75.257526391 -59.888193848 0.786124136 -0.012672210 -0.408092389 -0.464013857
136.729064000 -82.771071341 -74.944195125 -59.924725817 0.776962628 -0.000337742 -0.420401280 -0.468606151
136.829891000 -83.025680281 -74.636485365 -59.951401644 0.770695663 0.013139227 -0.427714100 -0.472140026
136.930717000 -83.263190460 -74.251254514 -60.024646738 0.764633004 0.024751547 -0.433386920 -0.476339699
137.031138000 -83.398514509 -74.033896376 -60.011482457 0.757932374 0.043033179 -0.434482638 -0.484676696
137.131057000 -83.540980989 -73.892726184 -59.923552757 0.753602917 0.061410545 -0.429952426 -0.493408856
137.230752000 -83.589752552 -73.746299631 -59.953071877 0.749634699 0.072806333 -0.430538678 -0.497376620
137.330337000 -83.474317307 -73.623197784 -59.982681162 -0.747563378 -0.084310860 0.428701928 0.500255267
137.429904000 -83.420532187 -73.511127079 -59.977970801 -0.746858549 -0.100742329 0.414677266 0.509996134
137.529536000 -83.429315691 -73.383595802 -59.971159835 -0.746603553 -0.106673228 0.411267883 0.511920585
137.629189000 -83.375523363 -73.304584134 -59.914598977 -0.746891331 -0.113611233 0.407800766 0.512781008
137.729055000 -83.097902108 -73.343051593 -59.865701380 -0.744963530 -0.114298177 0.414406238 0.510130116
137.829106000 -83.090148251 -73.267601198 -59.798576855 0.737397943 0.100593734 -0.446700449 -0.496572133
137.928877000 -83.103459064 -73.273855335 -59.706695750 0.725986671 0.103151716 -0.471924100 -0.489480051
138.028550000 -83.081023691 -73.300093470 -59.630589756 0.711951972 0.111218276 -0.497127060 -0.483342085
138.128403000 -83.044434582 -73.254644433 -59.646538624 0.695751942 0.113475107 -0.532469351 -0.468539246
138.228314000 -83.158496454 -73.133931073 -59.703943579 0.677008873 0.122719550 -0.560968024 -0.460340933
138.328382000 -83.441224021 -72.997513856 -59.748961311 0.657354868 0.141933482 -0.578327852 -0.461818536
138.428653000 -83.836252746 -72.804963829 -59.803308498 0.636962003 0.157854714 -0.596634076 -0.461940554
138.529124000 -84.335503485 -72.492186762 -59.935337081 -0.614884029 -0.170509671 0.619625510 0.457064886
138.629410000 -84.955049711 -72.118472441 -60.044190871 -0.590637833 -0.185951574 0.642285188 0.451706430
138.729415000 -85.827125493 -71.690477109 -60.271605928 -0.564794315 -0.204914108 0.659225864 0.452149146
138.829350000 -86.185160572 -71.625339527 -60.154172011 -0.542051734 -0.222896026 0.671820127 0.452940390
138.929223000 -86.675388623 -71.449718945 -59.989064264 -0.520991887 -0.239561385 0.686122315 0.447676183
139.029018000 -86.888207305 -71.360499273 -59.963432195 -0.513154013 -0.245932102 0.690698678 0.446235024
139.128875000 -86.888207305 -71.360499273 -59.963432195 -0.513154013 -0.245932102 0.690698678 0.446235024
139.228919000 -86.888207305 -71.360499273 -59.963432195 -0.513154013 -0.245932102 0.690698678 0.446235024
139.329413000 -86.888207305 -71.360499273 -59.963432195 -0.513154013 -0.245932102 0.690698678 0.446235024
139.430247000 -86.888207305 -71.360499273 -59.963432195 -0.513154013 -0.245932102 0.690698678 0.446235024
139.530893000 -86.888207305 -71.360499273 -59.963432195 -0.513154013 -0.245932102 0.690698678 0.446235024
139.631151000 -86.888207305 -71.360499273 -59.963432195 -0.513154013 -0.245932102 0.690698678 0.446235024
139.730927000 -86.888207305 -71.360499273 -59.963432195 -0.513154013 -0.245932102 0.690698678 0.446235024
139.830414000 -86.961789658 -71.294724344 -59.910192511 -0.505247919 -0.253889303 0.694625066 0.444703024
139.929722000 -87.244128465 -71.371171652 -59.887443362 -0.487539923 -0.264046177 0.702496470 0.446187348
140.029059000 -87.612757266 -71.388725431 -59.721219820 -0.472064497 -0.278122907 0.706430182 0.448061555
140.128735000 -88.091290465 -71.467988772 -59.572392477 -0.456287725 -0.290660978 0.714259458 0.444017043
140.228445000 -88.208269694 -71.405270664 -59.531129323 -0.438940362 -0.303415805 0.720864529 0.442294628
140.328268000 -88.373190073 -71.420708220 -59.472077040 -0.415558866 -0.317965090 0.729695706 0.440174065
140.428410000 -88.327447856 -71.317934257 -59.460220082 -0.391872137 -0.336929972 0.736419308 0.436578773
140.528780000 -88.466779737 -71.142909826 -59.423312443 -0.366664396 -0.356801551 0.743570433 0.430526288
140.629174000 -88.546229327 -70.983373298 -59.396573618 -0.341239835 -0.373181193 0.750144876 0.426114817
140.729599000 -88.557142246 -70.869573199 -59.459386029 -0.316197754 -0.385858166 0.755989471 0.423807004
140.830165000 -88.533257817 -70.785412559 -59.500918029 -0.293882789 -0.399129415 0.759560477 0.421184637
140.930605000 -88.567787956 -70.722243196 -59.525596549 -0.270258310 -0.414140638 0.762494874 0.417192456
141.030632000 -88.601361645 -70.661447634 -59.570907346 -0.246114647 -0.428513295 0.765302608 0.412451033
141.130395000 -88.631664577 -70.606978611 -59.600905896 -0.219060795 -0.442480737 0.757914302 0.426367302
141.229894000 -88.669036631 -70.524184275 -59.623515090 -0.194328255 -0.457413194 0.749208033 0.437832185
141.329596000 -88.727869436 -70.526722829 -59.663512373 -0.181233957 -0.483382223 0.732432717 0.443889844
141.429574000 -88.765672011 -70.505950756 -59.717145314 -0.165422202 -0.493543539 0.729105054 0.444360316
141.529583000 -88.799332600 -70.470516302 -59.808716290 -0.150247081 -0.499606613 0.731848073 0.438426100
141.629536000 -88.839160240 -70.435347763 -59.877992633 -0.133410099 -0.500913141 0.740061453 0.428481990
141.729396000 -88.885690875 -70.421936702 -59.963069777 -0.115475568 -0.501788327 0.747523747 0.419621395
141.829325000 -88.930691278 -70.408459269 -60.061516872 -0.102958828 -0.512421680 0.746909583 0.411034764
141.929437000 -88.919741708 -70.391067443 -60.165189207 -0.091735809 -0.525264254 0.741979546 0.406384495
142.029505000 -88.967458753 -70.432435245 -60.235177197 -0.073847255 -0.532675860 0.732482961 0.417458648
142.129453000 -88.993555919 -70.466395579 -60.315862377 -0.055270153 -0.535187368 0.726440943 0.427554964
142.229333000 -88.998092529 -70.484635776 -60.392645343 -0.035326701 -0.536527199 0.719069045 0.440261623
142.329298000 -89.027174226 -70.563287666 -60.486185392 -0.018568353 -0.540615985 0.714021824 0.444479930
142.429215000 -89.026843641 -70.608828828 -60.584260308 -0.004195886 -0.552192508 0.706306487 0.442941277
142.529197000 -89.043132405 -70.668242869 -60.703582960 0.011037313 -0.566547779 0.696357864 0.440440140
142.629217000 -89.092411753 -70.761483435 -60.826124450 0.025515105 -0.580663111 0.688849774 0.433203554
142.729315000 -89.150301621 -70.829320879 -60.912152031 0.043883761 -0.588624711 0.694341013 0.411686437
142.829345000 -89.244911906 -70.929225759 -60.988329191 0.069285622 -0.593088163 0.701698404 0.388671177
142.929270000 -89.312045052 -71.069815729 -61.063874143 0.083070174 -0.601688418 0.704694749 0.366709290
143.029448000 -89.371230525 -71.261057192 -61.112974398 0.097559147 -0.608481463 0.705261063 0.350484458
143.129708000 -89.442783149 -71.448012259 -61.129823130 0.119180671 -0.609684293 0.711522268 0.328355133
143.229654000 -89.494614068 -71.623714003 -61.170291702 0.135463853 -0.615789125 0.714772090 0.302579176
143.329534000 -89.530616883 -71.860566285 -61.231636636 0.151161519 -0.624184848 0.713853774 0.279206482
143.429516000 -89.536140413 -72.097750239 -61.299165404 0.167636065 -0.630457280 0.715037834 0.251282040
143.529547000 -89.523274671 -72.335033559 -61.377229638 0.184191950 -0.633347901 0.719015645 0.218998320
143.629581000 -89.490455433 -72.628298110 -61.494893599 0.206417556 -0.622454525 0.730476235 0.190647912
143.729709000 -89.463196952 -72.990243916 -61.606913349 0.227954072 -0.620099950 0.731231907 0.169743606
143.829805000 -89.446388376 -73.308267721 -61.713924225 0.249107946 -0.620399840 0.728094952 0.151416679
143.929896000 -89.416389324 -73.623362881 -61.810562397 0.269796645 -0.622619133 0.722218886 0.133996515
144.029899000 -89.382306454 -73.943994129 -61.939613912 0.287904583 -0.624921324 0.716025644 0.117862489
144.130003000 -89.315515927 -74.241903988 -62.044270766 0.308112218 -0.621385671 0.710747950 0.117405542
144.230235000 -89.200993836 -74.593721500 -62.149385109 0.328580267 -0.615603430 0.703490520 0.134790629
144.330613000 -89.073528421 -74.841694332 -62.253842724 0.328594894 -0.622002025 0.701058117 0.116860571
144.430990000 -88.908893003 -75.052318247 -62.448298344 0.346790043 -0.605680089 0.705738185 0.121745268
144.531274000 -88.912092395 -75.009749867 -62.685323646 0.345990529 -0.594136647 0.717947886 0.108825692
144.631468000 -88.806588280 -75.679604761 -62.908925517 0.358855149 -0.588675640 0.719807904 0.080997251
144.731414000 -88.638496129 -76.102049284 -62.935444395 0.361958962 -0.595148762 0.714858451 0.061327441
144.831128000 -88.299773316 -76.240064845 -63.168668637 0.352330540 -0.595870252 0.719206800 0.059526570
144.930723000 -88.052456492 -76.597898373 -63.262058266 0.351552862 -0.601578783 0.715791818 0.046428726
145.030417000 -88.138324669 -76.716302956 -63.234443900 0.376575256 -0.587110329 0.715863842 0.032116936
145.130333000 -87.948330124 -76.840560549 -63.353684573 0.375834031 -0.589530376 0.714364593 0.029764839
145.230105000 -87.816457617 -76.920525222 -63.475905011 0.376029717 -0.591421412 0.712801308 0.027141473
145.329827000 -87.685828951 -77.015449051 -63.633859929 0.375691354 -0.591580090 0.712987042 0.023205224
145.429536000 -87.535546443 -77.118121515 -63.788239354 0.377071206 -0.592564088 0.711464379 0.022439799
145.529268000 -87.367575983 -77.232447275 -63.949698939 0.377447494 -0.592419752 0.711412736 0.021544057
145.629046000 -87.409199472 -77.304175593 -63.875273447 0.385073160 -0.599229469 0.701754798 0.013524383
145.728868000 -87.233183918 -77.284906417 -63.887783301 0.386363321 -0.610477004 0.691184202 0.017481732
145.828844000 -87.111176458 -77.400222509 -63.964425223 0.386664537 -0.622339625 0.680366540 0.016890761
145.928854000 -86.884179675 -77.473634562 -64.139505437 0.385243177 -0.636127782 0.668039465 0.025542346
146.029033000 -86.727511259 -77.547377618 -64.242425815 0.386063955 -0.644772708 0.659206225 0.025883025
146.129324000 -86.504025163 -77.644911942 -64.377244845 -0.385944914 0.660969876 -0.642642049 -0.034300777
146.229509000 -86.315935062 -77.753688122 -64.500806912 -0.386662818 0.676372629 -0.625631135 -0.039970163
146.329658000 -86.086589920 -77.857497565 -64.598268787 -0.386748147 0.680467954 -0.621176505 -0.039102232
146.429809000 -85.827491394 -77.987006116 -64.681196016 -0.388365659 0.669513894 -0.632510157 -0.029226045
146.529918000 -85.510495155 -78.194783184 -64.784183400 0.387990039 -0.634803983 0.668164495 0.006621179
146.629895000 -85.350561487 -78.401651573 -64.819616074 0.390027721 -0.609566659 0.689982337 -0.015206571
146.729808000 -85.049612212 -78.530913015 -64.836638549 0.385552770 -0.602325718 0.698585751 -0.023037779
146.829619000 -84.764568399 -78.730041853 -64.867337044 0.383736730 -0.597838737 0.703324495 -0.025877043
146.929532000 -84.482161740 -78.944607931 -64.946242569 0.353676828 -0.617061381 0.697189055 -0.089863094
147.029651000 -84.185818955 -79.085961964 -64.948405897 0.319931049 -0.639363811 0.683184621 -0.148717231
147.129986000 -83.921948716 -79.321357810 -64.999056676 0.307884463 -0.641915980 0.682894988 -0.163723753
147.230379000 -83.713568970 -79.432664802 -64.966568719 0.324703915 -0.628222983 0.697108063 -0.118083016
147.330825000 -83.580433072 -79.607119706 -64.950693246 0.333441481 -0.617944659 0.706630369 -0.087376766
147.431079000 -83.363052744 -79.728972903 -64.886302993 0.341583233 -0.606896574 0.716089277 -0.047048814
147.530973000 -83.137900751 -79.857613244 -64.793742122 0.346083080 -0.599647673 0.721343627 -0.017678863
147.630618000 -82.944937918 -79.985901810 -64.724543093 0.345583231 -0.595874494 0.724902594 -0.004695547
147.730190000 -82.758414766 -80.115984888 -64.686850060 0.339002400 -0.594181912 0.729394230 0.003047053
147.829895000 -82.512938915 -80.196138427 -64.556499531 0.326771669 -0.597421575 0.732274569 0.009038423
147.929741000 -82.366143459 -80.298623452 -64.464754755 0.315825568 -0.598706420 0.736009138 0.009766322
148.029720000 -82.208161156 -80.414190976 -64.417428677 0.306730101 -0.598093256 0.740276222 0.013864252
148.129884000 -81.947581677 -80.461460132 -64.300113750 0.293898173 -0.600817642 0.743169533 0.018468109
148.229906000 -81.611205926 -80.477029666 -64.209130383 0.278027583 -0.605250329 0.745467832 0.025503191
148.329991000 -81.562880822 -80.569208144 -64.185730714 0.244384104 -0.618018722 0.746522037 -0.032157687
148.430067000 -81.428536938 -80.632872584 -64.074045461 0.233159883 -0.622329891 0.745958653 -0.043447254
148.529962000 -81.254881792 -80.788087911 -63.961727120 0.223088849 -0.624989407 0.746289905 -0.051681563
148.629969000 -81.120052817 -80.869152627 -63.793163147 0.208629478 -0.632628515 0.742449604 -0.070876565
148.729886000 -81.048958670 -80.987942651 -63.640824180 0.206301067 -0.632480847 0.743101994 -0.072161444
148.829717000 -81.140834788 -81.077592978 -63.583052432 0.223084098 -0.621434777 0.749288548 -0.051175929
148.929525000 -81.252468822 -81.212543905 -63.717705176 0.237858142 -0.600168736 0.763372893 -0.021973128
149.029393000 -81.288618929 -81.325333719 -63.748094052 0.243363151 -0.588696193 0.770796352 -0.009173490
149.129322000 -81.335788496 -81.266551854 -63.787836889 0.236429784 -0.581723032 0.778161111 -0.012827971
149.229202000 -81.188952891 -81.434305653 -63.771479565 0.216430735 -0.587668408 0.779210876 -0.025179135
149.329329000 -81.074961633 -81.695148417 -63.712649800 0.197489413 -0.589855199 0.782431885 -0.029480853
149.429466000 -80.975314915 -81.968716092 -63.644513896 0.178119515 -0.589363184 0.787800086 -0.017190095
149.529620000 -80.874368986 -82.239746374 -63.578559694 0.152990997 -0.588211498 0.794090268 0.004651326
149.629700000 -80.823045138 -82.550063577 -63.511313192 0.118678021 -0.588074605 0.799800790 0.020061949
149.729675000 -80.781220935 -82.784568204 -63.456110816 0.077098239 -0.588687182 0.804202128 0.027607983
149.829461000 -80.711451083 -82.970416208 -63.428305268 0.031379077 -0.586816214 0.808571196 0.029575436
149.929063000 -80.635594033 -83.161304312 -63.395307829 -0.012484039 -0.583846655 0.810967611 0.036038409
150.028557000 -80.596248214 -83.368263293 -63.361674529 -0.049801602 -0.580688732 0.811786320 0.036378127
150.127930000 -80.600292299 -83.483987934 -63.348383167 -0.075110831 -0.580132139 0.810084537 0.039599339
150.227309000 -80.637214376 -83.606689275 -63.349985302 -0.087086721 -0.586496478 0.803027520 0.059871418
150.326904000 -80.682205119 -83.808102832 -63.356077902 -0.094260605 -0.589457171 0.798057378 0.082216806
150.426712000 -80.740580315 -83.993619301 -63.359499845 -0.102650188 -0.600100498 0.787223237 0.098091314
150.526885000 -80.775010031 -84.144048666 -63.345673762 -0.115053522 -0.618352750 0.770191645 0.105864978
150.627552000 -80.827953886 -84.347447399 -63.320215933 -0.125823660 -0.615729968 0.769615697 0.112856957
150.728542000 -80.887102182 -84.542977802 -63.271860446 -0.138028581 -0.603146702 0.777228218 0.114361115
150.829579000 -80.949750904 -84.723791990 -63.222664822 -0.148085887 -0.590637982 0.783837629 0.121720646
150.930321000 -81.011125271 -84.911524431 -63.182451679 -0.160492001 -0.580520958 0.787645998 0.129813393
151.030782000 -81.084173517 -85.118643935 -63.151401773 -0.176407018 -0.574152986 0.787908628 0.135753110
151.131035000 -81.140062602 -85.319145237 -63.103006853 -0.195115211 -0.570191466 0.785692125 0.139641080
151.230903000 -81.193394030 -85.512161123 -63.062058926 -0.214132850 -0.566200572 0.782774135 0.144321476
151.330639000 -81.248486373 -85.716493345 -63.003842907 -0.241188289 -0.558932916 0.782317925 0.131912356
151.430301000 -81.306918832 -85.882163778 -62.964397496 -0.264294622 -0.553497364 0.779643759 0.126272044
151.530117000 -81.384045705 -86.068833857 -62.928069014 -0.283351309 -0.548893402 0.775349086 0.131384409
151.630078000 -81.474843914 -86.260163799 -62.895463765 -0.298646969 -0.547286375 0.767472338 0.149244169
151.730112000 -81.553344232 -86.433840572 -62.873252488 -0.314573111 -0.544367947 0.760773027 0.161033218
151.830016000 -81.624623053 -86.587378135 -62.858836597 -0.327494876 -0.541404948 0.755712401 0.168898062
151.929730000 -81.695568570 -86.726060481 -62.823709988 -0.337981117 -0.539432674 0.752128247 0.170541066
152.029402000 -81.769315097 -86.861859849 -62.793461976 -0.350543299 -0.536237642 0.748086730 0.173016854
152.129603000 -81.858106549 -87.028326657 -62.787026870 -0.368330696 -0.531549363 0.743453563 0.170483348
152.230015000 -81.920797274 -87.170151673 -62.784164525 -0.392556732 -0.522331423 0.740185184 0.158729297
152.330476000 -82.021204973 -87.331029312 -62.795168314 -0.415390120 -0.513732937 0.734399308 0.155522261
152.430756000 -82.123544337 -87.505685907 -62.816039341 -0.438427313 -0.504752591 0.727333651 0.154893747
152.530761000 -82.212867315 -87.664072701 -62.838951695 -0.461998942 -0.496011390 0.718335622 0.156600167
152.630547000 -82.290065834 -87.802672764 -62.870287387 -0.483926903 -0.487769788 0.708466982 0.161151864
152.730088000 -82.382825988 -87.930558954 -62.903557339 -0.506215623 -0.478817695 0.698325395 0.163771184
152.829538000 -82.494282476 -88.033018553 -62.966472590 -0.520102619 -0.479062999 0.682692295 0.184182356
152.929169000 -82.590717839 -88.145230484 -63.017106606 -0.535122501 -0.478685515 0.667007166 0.199011372
153.029123000 -82.691862756 -88.266973988 -63.070056441 -0.556523942 -0.466471061 0.658937305 0.196182258
153.129340000 -82.782257579 -88.377424105 -63.126615481 -0.575830165 -0.456201414 0.649616085 0.195700875
153.229394000 -82.850201735 -88.459866372 -63.158632989 -0.602147276 -0.433854491 0.646316789 0.177379671
153.329555000 -82.870871243 -88.544380049 -63.291755814 -0.610654359 -0.436489680 0.627863359 0.205829095
153.429746000 -82.920607002 -88.573897602 -63.354260400 0.622778947 0.434523662 -0.612367465 -0.219867363
153.529939000 -82.982446515 -88.620560362 -63.394996023 0.637748338 0.429622471 -0.597458276 -0.227475708
153.630019000 -83.020239718 -88.694257854 -63.454090511 0.652741774 0.420470857 -0.585210966 -0.233795982
153.729985000 -83.066600651 -88.752344180 -63.489427740 0.668961306 0.407836305 -0.576620906 -0.231664952
153.830051000 -83.109494590 -88.826742742 -63.531506981 0.686530553 0.390137387 -0.570757483 -0.225176631
153.930185000 -83.151122346 -88.883300627 -63.580004781 0.700740352 0.376146603 -0.563554393 -0.223345333
154.030444000 -83.200561438 -88.932235430 -63.620844044 0.714772724 0.362319519 -0.555506387 -0.221894511
154.130848000 -83.244664706 -88.988257274 -63.666948689 0.725468437 0.356971587 -0.541381241 -0.230593117
154.231029000 -83.291200140 -89.030073414 -63.726555981 0.734193831 0.362232833 -0.518988534 -0.245759427
154.331033000 -83.344393502 -89.063864758 -63.777384834 0.743399360 0.358450010 -0.502237487 -0.258124947
154.431110000 -83.384665685 -89.103944944 -63.839617654 0.752249455 0.352313130 -0.489554722 -0.265202546
154.531079000 -83.437211456 -89.132269500 -63.888735713 0.759992645 0.348322693 -0.479327768 -0.267071847
154.630688000 -83.458599640 -89.185175064 -63.951339334 0.762295701 0.345416907 -0.475428756 -0.271219324
154.730021000 -83.504600041 -89.244767756 -63.978616675 0.762198060 0.346568058 -0.473963294 -0.272586673
154.829415000 -83.446748526 -89.215987190 -63.894627923 0.765874405 0.341449558 -0.480758624 -0.256358617
154.929102000 -83.482111809 -89.213552462 -63.894770592 0.762428599 0.350097534 -0.481488064 -0.253581528
155.028979000 -83.521410664 -89.269805720 -63.936497378 0.761751373 0.356630678 -0.479546827 -0.250168437
155.129093000 -83.570792814 -89.308328906 -63.986728986 0.761236529 0.364872525 -0.477040526 -0.244579894
155.229230000 -83.601320746 -89.336290477 -64.030150212 0.761051342 0.356601019 -0.484842924 -0.241999809
155.329469000 -83.636789385 -89.365496597 -64.086546301 0.762745165 0.344792307 -0.494604791 -0.233889245
155.429695000 -83.674766136 -89.376658884 -64.145205615 0.767209345 0.328424714 -0.505202899 -0.219765918
155.529860000 -83.614219560 -89.396893409 -64.336612412 0.762905981 0.320224130 -0.515826051 -0.222158627
155.629880000 -83.665008668 -89.306089543 -64.358646772 0.758755392 0.344983582 -0.500851375 -0.233290556
155.730021000 -83.693974158 -89.297916737 -64.419519506 0.756367968 0.356807278 -0.490410887 -0.245139194
155.830485000 -83.719725530 -89.289642824 -64.466032931 0.756689949 0.362659402 -0.483288292 -0.249661583
155.930980000 -83.702917117 -89.254625467 -64.512807604 0.757963449 0.363029133 -0.480836368 -0.249995292
156.031378000 -83.699291511 -89.240777901 -64.528825090 0.760362088 0.363850225 -0.476679357 -0.249478053
156.131493000 -83.732212392 -89.254518985 -64.580075063 0.763889709 0.369037772 -0.470513168 -0.242695269
156.231217000 -83.764481296 -89.241534539 -64.618820425 0.767704579 0.375028218 -0.464851977 -0.232155453
156.330850000 -83.782536322 -89.255609086 -64.695801088 0.768238841 0.380865517 -0.461326094 -0.227878864
156.430617000 -83.812130917 -89.250421476 -64.746842012 0.769103741 0.389428529 -0.455412009 -0.222316799
156.530500000 -83.840618482 -89.265205590 -64.844228310 0.761119345 0.389540188 -0.460074818 -0.239346918
156.630477000 -83.947152170 -89.214942346 -64.851738290 0.761596219 0.385383480 -0.464522417 -0.235944265
156.730476000 -84.007808548 -89.230264231 -64.908427391 0.757032176 0.380946532 -0.474457168 -0.238059699
156.830434000 -84.057653714 -89.248204523 -64.968581385 0.750266194 0.382739528 -0.482787318 -0.239848904
156.930332000 -84.110697916 -89.275410157 -65.029522030 0.746158991 0.381221677 -0.493894745 -0.232346236
157.030317000 -84.162469908 -89.307157474 -65.081720439 0.740521480 0.384239640 -0.502151341 -0.227666132
157.130618000 -84.211274360 -89.327408661 -65.134616539 0.734620699 0.388222228 -0.510497244 -0.221378622
157.230862000 -84.269032272 -89.361802889 -65.200365564 0.728428404 0.393598113 -0.516398436 -0.218644094
157.331049000 -84.319997462 -89.392782104 -65.258652609 0.723193742 0.397989329 -0.521684325 -0.215501206
157.431054000 -84.369003714 -89.419018438 -65.318574663 0.718107310 0.401705605 -0.527203554 -0.212157752
157.530834000 -84.410670169 -89.475716002 -65.404713836 0.713306426 0.403371806 -0.532755911 -0.211320298
157.630436000 -84.465514378 -89.497212988 -65.445830479 0.708991701 0.409584190 -0.535336523 -0.207331538
157.729943000 -84.511216735 -89.537346277 -65.508091130 0.705509646 0.412190621 -0.538863023 -0.204894300
157.829371000 -84.559924674 -89.580583155 -65.576391057 0.700285276 0.417375043 -0.541457567 -0.205480678
157.928922000 -84.607470305 -89.621719217 -65.637375114 0.693585398 0.429519591 -0.537929590 -0.212329869
158.028749000 -84.660869402 -89.666991725 -65.699417538 0.690172957 0.435701499 -0.537512349 -0.211910282
158.128951000 -84.699973918 -89.710811257 -65.748494574 0.689918615 0.434435026 -0.542444723 -0.202564152
158.229287000 -84.734099756 -89.769589309 -65.760002415 0.690585919 0.435118273 -0.543694917 -0.195343322
158.329676000 -84.778924109 -89.822633170 -65.826166106 0.690547722 0.428961902 -0.551970383 -0.185645430
158.429858000 -84.817501697 -89.871816809 -65.872741623 0.685589869 0.435836334 -0.552032899 -0.187810807
158.529820000 -84.852104796 -89.942483267 -65.907919955 0.686323832 0.435827241 -0.551426637 -0.186930144
158.629872000 -84.894478700 -89.998242977 -65.934421406 0.688489427 0.433379480 -0.552614081 -0.181058589
158.729879000 -84.913881241 -90.034193205 -65.955653982 0.687449427 0.435542246 -0.553312613 -0.177655256
158.829729000 -84.948019428 -90.074097046 -65.962923930 0.690481692 0.437827749 -0.548196606 -0.176131702
158.929588000 -84.978773605 -90.113250414 -65.976853260 0.695085508 0.437051861 -0.543055529 -0.175876377
159.029432000 -85.024313984 -90.152331704 -65.987031887 0.701252834 0.434649693 -0.537182310 -0.175383218
159.129387000 -85.087933481 -90.202328813 -65.996715187 0.707505581 0.430212599 -0.532972784 -0.174048802
159.229212000 -85.131098683 -90.225012711 -65.993861635 0.711361555 0.431409415 -0.527255953 -0.172776775
159.329133000 -85.163586319 -90.236579806 -65.992495984 0.711134690 0.436767795 -0.524876099 -0.167410953
159.428906000 -85.210622213 -90.263601655 -66.026888343 0.715979826 0.427873191 -0.529495575 -0.154699247
159.528579000 -85.253781602 -90.316448345 -66.047752635 0.728533269 0.401149087 -0.539046016 -0.133221914
159.628146000 -85.290158757 -90.377584526 -66.049841258 0.729526340 0.408977078 -0.529717698 -0.141167379
159.727779000 -85.413069473 -90.418024850 -66.085835604 0.727196101 0.423403681 -0.519982227 -0.146743441
159.827617000 -85.445804600 -90.452752539 -66.101190155 0.724960971 0.436734119 -0.511294183 -0.149241946
159.927488000 -85.566597312 -90.487060843 -66.174177554 0.726127757 0.430182391 -0.517095136 -0.142457752
160.027466000 -85.600810393 -90.597153215 -66.139760363 0.734239631 0.408799079 -0.528342636 -0.120952618
160.127695000 -85.776656928 -90.590646215 -66.214736777 0.741575001 0.384420471 -0.542405759 -0.089907798
160.228095000 -85.861442211 -90.570106809 -66.270453635 0.738448908 0.400450194 -0.533991294 -0.095844404
160.329156000 -85.987322252 -90.604371346 -66.295942040 0.736202471 0.407463613 -0.531050344 -0.099824133
160.430243000 -86.122498882 -90.653078880 -66.320780535 0.730103270 0.420433975 -0.526091258 -0.115812246
160.531373000 -86.271265699 -90.695820965 -66.339607360 0.733771645 0.414209641 -0.524980394 -0.120021385
160.632679000 -86.273505084 -90.709499946 -66.328956937 0.735490456 0.409613836 -0.526237263 -0.119769102
160.734152000 -86.121743864 -90.826387152 -66.265425709 0.735796652 0.410183090 -0.524270439 -0.124473396
160.834915000 -86.151339889 -90.713786869 -66.408348600 0.730064128 0.411280563 -0.533063163 -0.117039875
160.934703000 -85.887849855 -90.707531083 -66.281773049 0.730592853 0.408468673 -0.534643165 -0.116379174
161.033686000 -85.919365541 -90.652796060 -66.265834980 0.730511789 0.410717931 -0.533558139 -0.113925497
161.132191000 -85.921397194 -90.653985394 -66.252742363 0.730089067 0.411669515 -0.533594907 -0.113024956
161.230442000 -85.915333127 -90.648941235 -66.255409528 0.730223422 0.412243131 -0.532888320 -0.113399263
161.328864000 -86.115025298 -90.742764567 -66.231393573 0.737559117 0.409093682 -0.525395963 -0.112285305
161.427670000 -86.292291810 -90.796515216 -66.248173153 0.737418632 0.409219952 -0.525460514 -0.112445719
161.526895000 -86.300659819 -90.798099454 -66.245342202 0.740926531 0.409088781 -0.519882850 -0.115741378
161.626532000 -86.283717011 -90.782511629 -66.251005837 0.741858213 0.409154708 -0.518393433 -0.116219904
161.726491000 -86.530298187 -90.812310727 -66.323322393 0.737240659 0.420794572 -0.514307809 -0.122047603
161.826642000 -86.964022492 -90.859877912 -66.429843060 0.734765263 0.424055221 -0.515043712 -0.122585290
161.926877000 -87.007137200 -90.805922454 -66.535657351 0.728214700 0.427466725 -0.521716493 -0.121603661
162.027062000 -87.167718506 -90.752842033 -66.604259448 0.725650267 0.430904153 -0.522641332 -0.120827726
162.127301000 -87.292082178 -90.816072467 -66.713584842 0.726532780 0.427718309 -0.524075864 -0.120630246
162.227374000 -87.415341183 -91.018103884 -66.653937660 0.732630823 0.417377434 -0.524354262 -0.118746631
162.327334000 -87.447289922 -91.071359298 -66.602555912 0.738158556 0.413660360 -0.519586967 -0.118475468
162.427241000 -87.505362229 -91.100257374 -66.761582287 0.735514574 0.412078930 -0.522850341 -0.125844301
162.527147000 -87.189793006 -91.120621925 -66.701169864 0.735671258 0.414409492 -0.520070056 -0.128762223
162.627096000 -87.686370912 -91.066132174 -66.838607306 0.745364801 0.398466843 -0.524510193 -0.102686643
162.727061000 -87.455882538 -90.921750195 -66.869275876 0.749094708 0.400012012 -0.516941564 -0.107791132
162.827021000 -87.529447550 -91.085956119 -67.081258902 0.752544015 0.391123120 -0.518927295 -0.106839472
162.926956000 -87.975983189 -91.022726338 -67.102096159 0.754583412 0.394966229 -0.514554204 -0.099194372
163.026915000 -88.212126223 -90.694583211 -67.237967421 0.751126037 0.404390177 -0.512486326 -0.098163262
