id,frame_index,timestamp,tx,ty,tz,qx,qy,qz,qw,point_count
0,0,0.006001000,0.000000000,0.000000000,0.000000000,0.000000000,0.000000000,0.000000000,1.000000000,1
1,5,0.066001000,0.063166011,-0.006363216,-0.088292524,-0.000137302,-0.001077612,0.002833820,0.999995395,0
2,10,0.126001000,0.106841800,-0.007739329,-0.066203336,-0.001572897,0.002084151,-0.004002263,0.999988582,0
3,15,0.186001000,0.163806802,0.053805399,0.091238639,0.000716561,0.001826162,-0.000533429,0.999997934,0
4,20,0.246001000,-0.066478413,0.097404999,0.275061508,0.000433882,0.004366482,0.004948729,0.999978128,2
5,25,0.306001000,0.024464379,0.231149688,-0.080320288,0.001277133,0.003373659,0.010019339,0.999943298,2
6,30,0.366001000,-0.188222279,0.401319648,0.076782387,0.003124335,0.004857876,0.016001452,0.999855286,1
7,36,0.438001000,-0.118340834,0.442376350,-0.047867852,0.001750925,0.006293052,0.012528856,0.999900175,2
8,41,0.498001000,-0.129683998,0.413303393,-0.088513552,0.000704706,0.008432558,0.009097825,0.999922809,2
9,47,0.570001000,-0.383123718,0.459261431,-0.322370669,0.002730028,0.005008490,0.020995297,0.999763302,0
10,52,0.630001000,-0.385830408,0.453213687,-0.309195303,0.002196920,0.005154838,0.020668285,0.999770685,1
11,57,0.690001000,-0.392539954,0.434739513,-0.271977478,0.001806014,0.005682269,0.021027797,0.999761112,0
12,63,0.762001000,-0.401197752,0.440786596,-0.268488506,0.001728247,0.005237045,0.021163872,0.999760810,0
13,68,0.822001000,-0.165556595,0.366667917,-0.534009412,-0.000561587,0.003423936,0.020483840,0.999784163,1
14,73,0.882001000,-0.390319767,0.302372980,-0.781678069,-0.004547051,0.010798339,0.007626620,0.999902273,1
15,78,0.942001000,-0.064901577,0.360045180,-0.724240769,-0.003987731,0.008308481,0.008932396,0.999917636,0
16,83,1.002001000,-0.064621218,0.359277955,-0.726050167,-0.004153444,0.008411061,0.009450840,0.999911338,1
17,88,1.062001000,-0.010771025,0.371529782,-0.697655333,-0.003760822,0.008759049,0.009743156,0.999907099,0
18,94,1.134001000,-0.085033609,0.375430984,-0.223622189,-0.003200427,0.009036833,0.008111488,0.999921145,1
19,99,1.194001000,-0.085653609,0.371072240,-0.189037741,-0.002912762,0.009549988,0.007031000,0.999925437,2
20,104,1.254001000,-0.107512216,0.439554203,-0.183116684,-0.002487304,0.011023131,0.006646705,0.999914059,4
21,110,1.326001000,-0.108616687,0.427082916,-0.184560690,-0.003041828,0.010812573,0.007146098,0.999911380,2
22,115,1.386001000,0.052577006,0.453674740,-0.450856776,-0.002664805,0.008680895,0.012846809,0.999876243,6
23,120,1.446001000,0.033422945,0.445527290,-0.632116966,-0.006384407,0.013120279,0.018198753,0.999727914,0
24,125,1.506001000,-0.050711826,0.552483046,-0.853110000,-0.006515210,0.013937992,0.017455758,0.999729254,2
25,130,1.566001000,-0.003202567,0.530474749,-0.785585979,-0.008113755,0.014382803,0.022006762,0.999621431,3
26,135,1.626001000,-0.033271495,0.652338174,-0.707881960,-0.004817488,0.015678449,0.023469984,0.999589985,0
27,140,1.686001000,0.016262022,0.470461933,-0.078946084,-0.005089176,0.019006240,0.014866369,0.999695881,0
28,145,1.746001000,0.181381734,0.756706388,0.106852819,-0.001309671,0.017196238,0.014694361,0.999743292,0
29,150,1.806001000,0.125487032,0.702363033,0.578185424,-0.004268685,0.020197234,0.008182352,0.999753419,1
30,156,1.878001000,0.420933882,0.840298289,0.549017611,-0.000623725,0.019558804,0.006221208,0.999789158,0
31,161,1.938001000,0.754184847,0.706568730,0.254128106,-0.005848762,0.017797198,-0.001258884,0.999823718,0
32,167,2.010001000,0.829467819,0.766489982,-0.265925760,-0.004144528,0.018219445,-0.002199425,0.999823003,1
33,172,2.070001000,1.088101856,0.594731587,-0.271640271,-0.004615740,0.017817332,0.000801791,0.999830283,1
34,178,2.142001000,1.335962565,0.456756671,-0.056155643,-0.009144678,0.013762270,0.009505208,0.999818296,2
35,183,2.202001000,1.624019249,0.469940210,-0.084553152,-0.010354562,0.013990427,0.006004723,0.999830483,1
36,188,2.262001000,1.684095159,0.545751994,0.106203029,-0.008410370,0.016451684,-0.003252027,0.999824001,2
37,193,2.322001000,1.928276116,0.907152629,0.115751686,-0.006312730,0.018696195,-0.013529259,0.999713739,0
38,198,2.382001000,2.341143601,1.195741675,-0.056468848,-0.003399207,0.015893298,-0.018344604,0.999699617,0
39,203,2.442001000,2.572628290,1.112200887,0.030663717,-0.006116815,0.013246693,-0.025463508,0.999569267,0
40,208,2.502001000,2.840878098,1.267094877,-0.242155694,-0.003627389,0.010197913,-0.024162181,0.999649455,0
41,213,2.562001000,3.076145253,1.401954139,-0.495310998,-0.002533569,0.006963259,-0.029136358,0.999547981,0
42,218,2.622001000,3.359354398,1.217707597,-0.215045279,-0.004605773,0.005418212,-0.032030206,0.999461603,0
43,223,2.682001000,3.399445694,1.227929907,0.161511296,-0.002554346,0.005480380,-0.030808361,0.999507021,0
44,228,2.742001000,3.723641927,1.090076771,0.655757416,-0.005154512,0.002394277,-0.029661876,0.999543832,0
45,233,2.802001000,3.980585081,0.990851677,0.358503753,-0.010229880,-0.002534250,-0.027208251,0.999574228,0
46,239,2.874001000,4.490457020,1.279091772,0.314855670,-0.007878106,-0.003603711,-0.026434183,0.999613016,0
47,244,2.934001000,4.515339114,1.428788495,-0.552293498,-0.009628239,-0.003599740,-0.028984500,0.999527007,0
48,249,2.994001000,4.977418914,1.302300059,-0.314322029,-0.012390363,-0.005326402,-0.031548957,0.999411212,0
49,254,3.054001000,5.028708599,1.316948833,-0.302194863,-0.010811975,-0.001880836,-0.031459927,0.999444764,0
50,259,3.114001000,5.415537121,1.349201700,-0.456885687,-0.008795279,-0.003334570,-0.030802413,0.999481233,0
51,264,3.174001000,5.508718874,1.361920515,-0.955094817,-0.011443777,-0.000807268,-0.028808706,0.999519108,0
52,270,3.246001000,6.152252145,1.310872534,-0.823215667,-0.009736035,-0.006790410,-0.023386424,0.999656028,0
53,275,3.306001000,6.335490577,1.400022646,-1.036428850,-0.008079740,-0.005083261,-0.025535966,0.999628327,0
54,280,3.366001000,6.714686160,1.423997621,-1.134428128,-0.007320766,-0.007025056,-0.024026492,0.999659833,0
55,285,3.426001000,6.902708751,1.452473867,-1.204498294,-0.007348507,-0.008695841,-0.023005418,0.999670512,0
56,296,3.558001000,7.389598116,1.557057269,-1.826260807,-0.006879151,-0.006492043,-0.034667584,0.999354136,0
57,307,3.690001000,7.596536043,1.525092248,-2.060197873,-0.007565056,-0.007152972,-0.035461824,0.999316799,0
58,323,3.882001000,7.949871912,1.317978235,-2.091158464,-0.010901049,-0.009998539,-0.035494853,0.999260382,0
59,328,3.942001000,7.977218063,1.417970457,-2.447793279,-0.011227257,-0.009616652,-0.036272402,0.999232596,0
60,340,4.086001000,8.265656019,1.343280985,-2.337860861,-0.011721737,-0.011422659,-0.037602226,0.999158744,0
61,347,4.170001000,8.320415044,1.487246929,-2.447316629,-0.007906364,-0.009158742,-0.053862408,0.998475061,0
62,354,4.254001000,8.320302679,1.472184991,-2.507672200,-0.007515390,-0.010403464,-0.047798593,0.998774540,0
63,400,4.806001000,8.500406798,1.433405548,-2.552599309,-0.008146049,-0.010792081,-0.051194679,0.998597155,0
64,554,6.654001000,8.558898907,1.390536500,-2.480105649,-0.009577980,-0.010048384,-0.052819357,0.998507590,0
65,559,6.714001000,8.206491706,1.403199798,-2.504443206,-0.011286558,-0.002959041,-0.047101147,0.998821976,0
66,564,6.774001000,8.461015126,1.459975062,-2.475135201,-0.009925515,-0.002844125,-0.044360717,0.998962222,0
67,569,6.834001000,8.725217726,1.582859781,-2.726635041,-0.009307197,-0.000641864,-0.033749693,0.999386773,0
68,574,6.894001000,8.641244160,1.664378888,-2.682810235,-0.007208536,0.000837169,-0.031010723,0.999492707,0
69,580,6.966001000,8.483054726,1.920641970,-2.454832175,-0.002424681,0.003569001,-0.027768173,0.999605078,0
70,586,7.038001000,8.422121927,1.879220784,-2.328190268,-0.003253106,0.005218510,-0.035675786,0.999344497,0
71,591,7.098001000,8.714291877,1.967435693,-2.858156886,-0.003604188,-0.010497767,-0.031434306,0.999444191,0
72,596,7.158001000,8.784539333,2.238011981,-2.347621643,0.002686998,-0.012321226,-0.025289495,0.999600625,0
73,601,7.218001000,8.901884637,2.170177095,-2.200928193,0.001677256,-0.011005886,-0.032449498,0.999411370,0
74,608,7.302001000,8.820092896,2.056606118,-2.540234213,-0.001539007,-0.012219476,-0.031528458,0.999426972,1
75,613,7.362001000,8.668043228,2.335203343,-2.459213527,0.006678283,-0.004161182,-0.029936203,0.999520840,1
76,618,7.422001000,8.693677115,1.989163907,-2.280903057,-0.001967220,-0.005437098,-0.030887634,0.999506139,0
77,624,7.494001000,8.740853185,1.929556470,-2.313170766,-0.003864833,-0.014768261,-0.020576218,0.999671737,4
78,637,7.650001000,8.710152035,1.926912736,-2.307612668,-0.004280466,-0.014774179,-0.006240640,0.999862218,3
79,642,7.710001000,8.771695077,2.028254867,-2.498941667,-0.005469345,-0.008086378,0.002013029,0.999950321,47
80,647,7.770001000,8.752232195,2.000484040,-2.406572943,-0.002185946,-0.010095198,-0.000013595,0.999946653,24
81,652,7.830001000,8.708253157,1.983999568,-2.499763586,-0.006674416,-0.007035205,-0.004729943,0.999941791,12
82,657,7.890001000,8.644772746,2.018943474,-2.617038875,-0.011087059,-0.000665163,-0.003961208,0.999930469,23
83,662,7.950001000,8.656860979,2.008273029,-2.595652224,-0.013280023,0.001108078,0.000432601,0.999911109,22
84,667,8.010001000,8.650307639,2.008069401,-2.587215339,-0.015714608,0.004363377,0.010547315,0.999811365,60
85,672,8.070001000,8.682780495,2.009286474,-2.561495391,-0.014490319,0.009239546,0.012208512,0.999777782,16
86,677,8.130001000,8.629250804,1.918227864,-2.600079923,-0.023312573,0.020686686,0.018625987,0.999340611,71
87,682,8.190001000,8.643734786,1.923984121,-2.576024369,-0.024792824,0.028579246,0.020708705,0.999069413,51
88,687,8.250001000,8.640829322,1.921437086,-2.582930815,-0.022139191,0.035098243,0.033366636,0.998581312,32
89,692,8.310001000,8.644057347,1.928592841,-2.559434928,-0.021864165,0.044688574,0.039278716,0.997989014,18
90,697,8.370001000,8.627224263,1.908086121,-2.502242756,-0.017174818,0.057086630,0.035719069,0.997582222,96
91,702,8.430001000,8.622080012,1.905616344,-2.485955846,-0.013069824,0.060075896,0.067230828,0.995841394,163
92,707,8.490001000,8.612640007,1.887125480,-2.379162943,0.003168690,0.069745521,0.091082284,0.993392943,143
93,712,8.550001000,8.623967756,1.859763002,-2.330522099,0.006376891,0.078911838,0.113173805,0.990416047,57
94,717,8.610001000,8.617954546,1.871577483,-2.313067317,0.002353706,0.095236620,0.108370515,0.989535385,51
95,722,8.670001000,8.606658534,1.859146922,-2.244226687,0.000906072,0.115490336,0.079825689,0.990095460,137
96,727,8.730001000,8.604993692,1.860535448,-2.232504638,0.005700576,0.126221520,0.071396587,0.989413037,101
97,732,8.790001000,8.604549018,1.848068639,-2.191460818,0.007564716,0.136989828,0.064167468,0.988462998,48
98,737,8.850001000,8.614565278,1.854688480,-2.214964785,0.010414138,0.141981459,0.061989596,0.987871500,61
99,742,8.910001000,8.621723937,1.851863172,-2.193620347,0.011605951,0.147529406,0.058122665,0.987280169,199
100,747,8.970001000,8.635157328,1.833562555,-2.179492133,0.013096164,0.149966129,0.058507485,0.986871585,178
101,752,9.030001000,8.637948437,1.832614862,-2.181845764,0.017933650,0.153398326,0.063813195,0.985938748,145
102,757,9.090001000,8.641951871,1.827720122,-2.160157208,0.022907403,0.157121587,0.069795153,0.984843487,127
103,762,9.150001000,8.641517951,1.820083825,-2.119627887,0.029205373,0.162302823,0.076754778,0.983317621,195
104,767,9.210001000,8.645361080,1.817607882,-2.110943040,0.034317282,0.165647648,0.090042199,0.981466038,140
105,772,9.270001000,8.631786507,1.816778525,-2.043735575,0.042810333,0.173635217,0.102380419,0.978537857,92
106,777,9.330001000,8.627786993,1.799422581,-1.996488479,0.054570138,0.171889796,0.139804698,0.973617299,170
107,782,9.390001000,8.669645478,1.743377363,-2.051811248,0.055515437,0.162468645,0.174937140,0.969494184,122
108,787,9.450001000,8.644499833,1.794962161,-1.991174331,0.075073181,0.178689070,0.174842462,0.965331211,66
109,792,9.510001000,8.666083022,1.764361392,-1.942164299,0.076432448,0.194855783,0.162182736,0.964306002,77
110,797,9.570001000,8.705788389,1.752536064,-1.933534875,0.079342871,0.207081721,0.155187801,0.962672642,69
111,802,9.630001000,8.759054706,1.717345158,-1.950976882,0.077851231,0.214660874,0.156866150,0.960860503,58
112,807,9.690001000,8.832220083,1.719865375,-1.928672264,0.079680180,0.230443247,0.139092536,0.959791772,53
113,812,9.750001000,8.877099441,1.676537591,-1.941761260,0.074518270,0.249232429,0.127288153,0.957145731,48
114,817,9.810001000,8.938325714,1.646766447,-1.969557614,0.073184602,0.261817077,0.127253098,0.953888086,38
115,822,9.870001000,8.926156432,1.654357884,-1.789135353,0.084437108,0.297670948,0.128961270,0.942141907,38
116,827,9.930001000,9.029023658,1.622754719,-1.943002148,0.074250019,0.297131191,0.117024314,0.944724986,16
117,832,9.990001000,9.100914900,1.582741747,-1.995154963,0.068385913,0.306980105,0.109522558,0.942916429,5
118,837,10.050001000,9.081488958,1.576035556,-1.759312344,0.081107003,0.343858232,0.111166603,0.928883823,18
119,842,10.110001000,9.133368339,1.543304103,-1.828236671,0.080616876,0.349817710,0.120102667,0.925582972,15
120,847,10.170001000,9.136871417,1.544552013,-1.689125160,0.093712576,0.373145139,0.124809499,0.914550844,19
121,852,10.230001000,9.146434663,1.519327581,-1.652856459,0.103142292,0.383153527,0.147668389,0.905952035,23
122,857,10.290001000,9.205235953,1.491273669,-1.677503409,0.108224426,0.385889254,0.158071609,0.902435773,32
123,862,10.350001000,9.271106673,1.465690579,-1.696220067,0.111461151,0.389318694,0.164616850,0.899393495,18
124,867,10.410001000,9.333343993,1.441948998,-1.727447502,0.114499572,0.394096707,0.169412680,0.896034027,43
125,872,10.470001000,9.394109056,1.420590137,-1.749585242,0.116812066,0.401646061,0.169987518,0.892266567,36
126,877,10.530001000,9.466536792,1.398167827,-1.778983032,0.114811750,0.410550140,0.166254783,0.889171632,10
127,882,10.590001000,9.538355359,1.380902399,-1.808781837,0.109294296,0.423837122,0.154042490,0.885826034,5
128,887,10.650001000,9.619764878,1.361974720,-1.841704318,0.104164478,0.434530967,0.145612190,0.882683233,7
129,892,10.710001000,9.716995783,1.336401283,-1.887443568,0.100598336,0.438734359,0.144432988,0.881210105,12
130,897,10.770001000,9.781402482,1.314220538,-1.913092398,0.099758796,0.449972745,0.142347724,0.875962235,11
131,902,10.830001000,9.861196860,1.294311704,-1.943798902,0.100112998,0.457035336,0.142377259,0.872252719,12
132,907,10.890001000,9.909265852,1.282893310,-1.964617095,0.106720664,0.467410669,0.144296686,0.865630656,14
133,912,10.950001000,9.990195819,1.302497879,-1.867049802,0.119849660,0.487191741,0.144773707,0.852831074,16
134,917,11.010001000,9.936990124,1.311545354,-1.914862064,0.122727462,0.502851362,0.125534489,0.846356645,8
135,922,11.070001000,10.028266739,1.212965054,-1.974805454,0.108572540,0.507327277,0.127142779,0.845379058,5
136,927,11.130001000,10.086766045,1.233055576,-1.916883937,0.116860596,0.523296574,0.125548288,0.834710683,1
137,932,11.190001000,10.076167905,1.253738598,-1.920262374,0.127379141,0.538406416,0.137372464,0.821597159,3
138,937,11.250001000,10.142401628,1.267116253,-1.862737368,0.127770127,0.551477088,0.135594234,0.813118700,8
139,942,11.310001000,10.127531898,1.278469069,-1.878368902,0.124820400,0.566755430,0.115111228,0.806199452,4
140,947,11.370001000,10.102894510,1.284538953,-1.867633724,0.129567814,0.585880442,0.106442953,0.792859500,15
141,952,11.430001000,10.160323455,1.266010756,-1.873812539,0.125404722,0.598324088,0.092682110,0.785933819,14
142,957,11.490001000,10.230112879,1.219251062,-1.931046553,0.120092232,0.604283209,0.093699135,0.782074249,4
143,962,11.550001000,10.313174199,1.165312723,-1.968373777,0.116466806,0.610892030,0.096119042,0.777179220,22
144,967,11.610001000,10.393744865,1.151683568,-1.916676932,0.122780890,0.623472200,0.084277702,0.767531457,12
145,972,11.670001000,10.442783551,1.167911907,-1.885631528,0.148758661,0.632392439,0.085583881,0.755397950,18
146,977,11.730001000,10.519897540,1.210963659,-1.866082228,0.168263088,0.637609488,0.081587076,0.747318689,37
147,982,11.790001000,10.600939157,1.148802679,-1.921430759,0.177096477,0.640567801,0.088130580,0.741985668,40
148,987,11.850001000,10.686868255,1.088714255,-1.981547896,0.176199550,0.648793523,0.084778733,0.735413659,35
149,992,11.910001000,10.781024761,1.020564435,-2.045788749,0.169781462,0.658879739,0.077839997,0.728692446,57
150,997,11.970001000,10.877678251,0.947856291,-2.101766565,0.172844556,0.666993630,0.073637944,0.720986622,122
151,1002,12.030001000,10.976256471,0.888737647,-2.166678679,0.185228808,0.671384425,0.071345661,0.714032940,200
152,1007,12.090001000,11.079473309,0.822592702,-2.226187465,0.192845844,0.676825147,0.068969152,0.707079526,293
153,1012,12.150001000,11.177633842,0.760700540,-2.291204400,0.195847096,0.683778771,0.062924684,0.700093559,246
154,1017,12.210001000,11.279313804,0.703356197,-2.368679958,0.194533319,0.692197403,0.053380552,0.692943042,238
155,1022,12.270001000,11.386022849,0.631512511,-2.446724536,0.191248362,0.702946068,0.042658038,0.683718642,271
156,1027,12.330001000,11.483944162,0.569761879,-2.516261895,0.190434032,0.712893513,0.035633365,0.673979214,373
157,1032,12.390001000,11.588394023,0.505782733,-2.588629819,0.191023604,0.720068578,0.032113496,0.666318204,357
158,1037,12.450001000,11.684345129,0.440232093,-2.654668640,0.196366284,0.723872073,0.034984202,0.660473777,397
159,1042,12.510001000,11.777656771,0.362543419,-2.720907002,0.203372036,0.725162438,0.042392531,0.656492290,433
160,1047,12.570001000,11.868206989,0.291482252,-2.787398477,0.208709234,0.727942850,0.045834901,0.651489697,381
161,1052,12.630001000,11.961066883,0.225567044,-2.850641539,0.210536519,0.732027778,0.045972603,0.646294226,325
162,1057,12.690001000,12.045020960,0.156386617,-2.908090063,0.207278383,0.739205519,0.041710904,0.639430272,257
163,1062,12.750001000,12.135938076,0.093091324,-2.978924792,0.202412919,0.745240559,0.040569399,0.634034418,235
164,1067,12.810001000,12.222572742,0.019012797,-3.047344200,0.199287994,0.748819258,0.046232767,0.630409823,249
165,1072,12.870001000,12.308016669,-0.052116281,-3.117774421,0.202816643,0.749892189,0.052379217,0.627521738,261
166,1077,12.930001000,12.401448675,-0.127950213,-3.187543052,0.216148008,0.747577315,0.059656062,0.625179454,249
167,1082,12.990001000,12.485467594,-0.202872109,-3.245855198,0.232739129,0.743173358,0.067931752,0.623627400,256
168,1087,13.050001000,12.573367328,-0.278003595,-3.314143625,0.256505647,0.732381780,0.084403167,0.625058307,221
169,1092,13.110001000,12.662451343,-0.362586634,-3.371438204,0.271708282,0.726329205,0.093498045,0.624402603,214
170,1097,13.170001000,12.774288012,-0.410706708,-3.438710524,0.281601356,0.723530836,0.098739157,0.622458339,215
171,1102,13.230001000,12.880010953,-0.459092184,-3.505812650,0.287966248,0.722598777,0.100565653,0.620332973,168
172,1107,13.290001000,12.960748511,-0.513150793,-3.590739988,0.286678703,0.724843043,0.098455385,0.618647251,194
173,1112,13.350001000,13.057264649,-0.556538381,-3.680792593,0.285028597,0.728532546,0.095721743,0.615496854,140
174,1117,13.410001000,13.151757349,-0.598583370,-3.768416409,0.276288863,0.736001595,0.084997861,0.612161319,109
175,1122,13.470001000,13.250634454,-0.643987612,-3.836983787,0.269567299,0.743491479,0.078795754,0.606914426,106
176,1127,13.530001000,13.337246210,-0.678940695,-3.975058480,0.260941945,0.748137748,0.072466054,0.605762232,103
177,1132,13.590001000,13.431557275,-0.720902385,-4.096205305,0.244340018,0.756971714,0.063633803,0.602696041,103
178,1137,13.650001000,13.521465547,-0.761494311,-4.225403902,0.226983482,0.763435626,0.060953570,0.601605524,108
179,1142,13.710001000,13.610718678,-0.785230409,-4.350248474,0.211987425,0.768713172,0.059118901,0.600538381,91
180,1147,13.770001000,13.703490894,-0.807245575,-4.473537825,0.203695279,0.771144082,0.059551871,0.600248793,86
181,1152,13.830001000,13.795365094,-0.818607470,-4.605474538,0.200719106,0.772256886,0.057625137,0.600008738,76
182,1157,13.890001000,13.892607429,-0.847267129,-4.751654739,0.200319982,0.770494153,0.062083635,0.601960370,51
183,1162,13.950001000,14.016281389,-0.875985189,-4.871364452,0.201981101,0.767931764,0.072048936,0.603567222,76
184,1167,14.010001000,14.119576598,-0.916990053,-4.999202887,0.197445442,0.769875724,0.072196754,0.602573063,111
185,1172,14.070001000,14.230245871,-0.947639026,-5.117622406,0.192308874,0.773362818,0.066811536,0.600386099,78
186,1177,14.130001000,14.368309677,-0.917551099,-5.220495741,0.192480737,0.774283132,0.067475713,0.599069133,128
187,1182,14.190001000,14.459634954,-0.968150475,-5.340627463,0.185431972,0.775339889,0.072572148,0.599329895,100
188,1187,14.250001000,14.586244015,-1.004070504,-5.448520161,0.182909767,0.776999872,0.076578142,0.597453767,100
189,1192,14.310001000,14.767384423,-1.011412257,-5.559819465,0.180230860,0.781014872,0.069654250,0.593869424,176
190,1197,14.370001000,14.904579526,-1.062247586,-5.694392001,0.186062560,0.784314626,0.060437479,0.588709268,184
191,1202,14.430001000,15.052509504,-1.087251881,-5.838731669,0.192567368,0.787271498,0.051117176,0.583531003,165
192,1207,14.490001000,15.199869866,-1.113722375,-5.975588646,0.197469491,0.790476559,0.046948911,0.577882696,218
193,1212,14.550001000,15.342600579,-1.150387684,-6.108303237,0.201844347,0.794548824,0.044196627,0.570962069,197
194,1217,14.610001000,15.489978671,-1.171765925,-6.245117764,0.204219409,0.799381018,0.045140497,0.563246622,184
195,1222,14.670001000,15.637267240,-1.194574617,-6.383275638,0.208983294,0.804287915,0.042303670,0.554668669,135
196,1227,14.730001000,15.777897121,-1.246013469,-6.513057831,0.212841333,0.809897816,0.042455113,0.544941885,130
197,1232,14.790001000,15.917779030,-1.285680279,-6.650145549,0.217611730,0.814897386,0.042155945,0.535546694,166
198,1237,14.850001000,16.053071537,-1.329115420,-6.779869053,0.223854023,0.818638118,0.045576326,0.526919166,141
199,1242,14.910001000,16.183631897,-1.409113330,-6.905642763,0.234889825,0.819959536,0.054294357,0.519177477,192
200,1247,14.970001000,16.307641037,-1.468694314,-7.028959914,0.246651179,0.820502010,0.061334401,0.512032947,168
201,1252,15.030001000,16.436018406,-1.507161227,-7.158575009,0.249939871,0.823973131,0.062343291,0.504689661,150
202,1257,15.090001000,16.560531151,-1.569836112,-7.285922434,0.252015073,0.828148424,0.064235677,0.496520260,143
203,1262,15.150001000,16.682463193,-1.656640296,-7.406412908,0.245922046,0.835039129,0.063327671,0.488079508,142
204,1267,15.210001000,16.804251688,-1.698059568,-7.520063147,0.245623322,0.839155092,0.060955805,0.481427362,198
205,1272,15.270001000,16.919186933,-1.752776791,-7.635877811,0.252462807,0.839402182,0.064876091,0.476925152,164
206,1277,15.330001000,17.040756895,-1.790238458,-7.744145147,0.263087355,0.837483380,0.068792649,0.473998105,108
207,1282,15.390001000,17.130651129,-1.883564818,-7.893182124,0.281925804,0.829923826,0.082029304,0.474357963,131
208,1287,15.450001000,17.228505002,-1.963586412,-7.984105451,0.287126553,0.830309629,0.085440154,0.469940680,158
209,1292,15.510001000,17.353018700,-2.012416023,-8.104036914,0.279442790,0.836777138,0.080951089,0.463856303,98
210,1297,15.570001000,17.441188709,-2.067915844,-8.212709784,0.266816663,0.844725107,0.074410470,0.457942621,132
211,1302,15.630001000,17.541822070,-2.105595837,-8.330205277,0.259527374,0.850439700,0.068588948,0.452430563,149
212,1307,15.690001000,17.686011153,-2.147479086,-8.435136316,0.260961816,0.853206400,0.068402197,0.446384261,121
213,1312,15.750001000,17.760268042,-2.195828661,-8.538017469,0.264497021,0.852521194,0.067715181,0.445716943,115
214,1317,15.810001000,17.844183283,-2.243273677,-8.651356023,0.269693837,0.850897726,0.068551690,0.445577109,154
215,1322,15.870001000,17.963777248,-2.284003242,-8.758746616,0.274435971,0.850224877,0.068713368,0.443938091,100
216,1327,15.930001000,18.055245114,-2.334523638,-8.875281727,0.274270815,0.850964814,0.067886824,0.442747993,73
217,1332,15.990001000,18.153499927,-2.381044975,-8.983492356,0.283389677,0.847707613,0.070225729,0.442888746,66
218,1337,16.050001000,18.244646396,-2.424043925,-9.089077202,0.290958169,0.846643828,0.071509764,0.439799869,166
219,1342,16.110001000,18.349681880,-2.452505024,-9.204655984,0.296965762,0.845982351,0.071802093,0.437000752,72
220,1347,16.170001000,18.450662538,-2.474528331,-9.311264622,0.304257824,0.845381725,0.071900560,0.433113408,94
221,1352,16.230001000,18.566911760,-2.493158966,-9.424873521,0.312253361,0.845434605,0.072257797,0.427220059,111
222,1357,16.290001000,18.692491662,-2.471401563,-9.542882735,0.327607904,0.842647000,0.072048185,0.421222215,102
223,1362,16.350001000,18.770214517,-2.538183914,-9.652330266,0.330278940,0.844211589,0.076585302,0.415159374,109
224,1367,16.410001000,18.876295194,-2.542817040,-9.764335727,0.335658285,0.846450623,0.075992443,0.406300391,98
225,1372,16.470001000,18.968048652,-2.585964441,-9.894566863,0.336558554,0.850844940,0.079939723,0.395475496,78
226,1377,16.530001000,19.064978553,-2.614707879,-10.017350167,0.334823270,0.856682443,0.081091169,0.383943735,81
227,1382,16.590001000,19.160218212,-2.623002206,-10.149628752,0.335205055,0.861462583,0.081933506,0.372567699,41
228,1387,16.650001000,19.249071680,-2.656136330,-10.276048286,0.338952221,0.864148759,0.086458576,0.361777871,80
229,1392,16.710001000,19.342979902,-2.669350884,-10.412335594,0.348742744,0.863343257,0.091974782,0.352927130,90
230,1397,16.770001000,19.428868131,-2.675154834,-10.539563831,0.352215603,0.866363404,0.093516953,0.341486750,89
231,1402,16.830001000,19.510067653,-2.680170118,-10.672890353,0.349799845,0.872144425,0.094614443,0.328713062,101
232,1407,16.890001000,19.587809590,-2.688671240,-10.807439130,0.351199300,0.876144112,0.098250836,0.315241684,87
233,1412,16.950001000,19.666834749,-2.697321369,-10.944927898,0.356304760,0.878679952,0.101136112,0.301230720,89
234,1417,17.010001000,19.727784284,-2.715051277,-11.075631634,0.360499828,0.880807358,0.104689298,0.288545356,69
235,1422,17.070001000,19.805145471,-2.720710614,-11.214778565,0.365712855,0.882296505,0.107921433,0.275970921,88
236,1427,17.130001000,19.866484291,-2.715242694,-11.351087268,0.368104464,0.884224201,0.110148930,0.265544496,75
237,1432,17.190001000,19.922124807,-2.717547673,-11.480877133,0.371159725,0.885823769,0.112503212,0.254754264,43
238,1437,17.250001000,19.975918847,-2.720080066,-11.627115459,0.363379326,0.892137250,0.113779745,0.243106484,45
239,1442,17.310001000,20.012709203,-2.716867501,-11.764435253,0.342492542,0.903475723,0.113932871,0.231192079,45
240,1447,17.370001000,20.074906186,-2.713384943,-11.906234052,0.328802803,0.911480424,0.114390062,0.219105153,83
241,1452,17.430001000,20.132255898,-2.695963026,-12.042801967,0.323999843,0.916089428,0.114770505,0.206475163,98
242,1457,17.490001000,20.171986911,-2.687804245,-12.168784938,0.321077629,0.919405083,0.116155145,0.195221493,99
243,1462,17.550001000,20.223481877,-2.687259431,-12.301232190,0.319616326,0.921959638,0.117284184,0.184608369,114
244,1467,17.610001000,20.262276542,-2.695589554,-12.436103920,0.318810904,0.923266444,0.120570995,0.177204166,75
245,1472,17.670001000,20.316289057,-2.695571159,-12.562778730,0.317162422,0.923657755,0.130578619,0.170919786,125
246,1477,17.730001000,20.359868413,-2.703046447,-12.686553231,0.315728859,0.922378677,0.146899844,0.167192404,142
247,1482,17.790001000,20.397019677,-2.740739448,-12.804847299,0.309850038,0.923866379,0.156596890,0.161062972,83
248,1487,17.850001000,20.467362534,-2.726579997,-12.944637743,0.310826420,0.922724854,0.167354825,0.154784182,215
249,1492,17.910001000,20.518029165,-2.735379178,-13.080650232,0.311547931,0.921345222,0.178793226,0.148640007,157
250,1497,17.970001000,20.566443385,-2.741922454,-13.222089752,0.311883316,0.920030573,0.189506746,0.142687542,73
251,1502,18.030001000,20.598041188,-2.760618509,-13.360390496,0.314754889,0.919288597,0.194751992,0.133826370,174
252,1507,18.090001000,20.642915692,-2.775516676,-13.506568943,0.317955440,0.919511473,0.195954161,0.122494720,201
253,1512,18.150001000,20.677557026,-2.782379765,-13.651935532,0.322155839,0.919992420,0.193227382,0.111770931,201
254,1517,18.210001000,20.716889667,-2.790537368,-13.807463492,0.326223058,0.919835431,0.192435281,0.102225040,220
255,1522,18.270001000,20.763004480,-2.798622295,-13.956858712,0.330252115,0.919842151,0.191061648,0.091210771,122
256,1527,18.330001000,20.811987144,-2.794298455,-14.114330973,0.331152847,0.920984122,0.187850787,0.082692935,179
257,1532,18.390001000,20.860522237,-2.822747069,-14.283110179,0.332833955,0.922454603,0.182131264,0.071604926,139
258,1537,18.450001000,20.898896164,-2.854892168,-14.456270161,0.332626234,0.922723539,0.182794363,0.067285057,142
259,1542,18.510001000,20.946281850,-2.864106356,-14.615090097,0.333566919,0.923713822,0.177354038,0.063493558,151
260,1547,18.570001000,20.979060250,-2.888553410,-14.796795269,0.334934729,0.923238264,0.177514127,0.062758025,77
261,1552,18.630001000,21.021828599,-2.902663955,-14.963325803,0.336960642,0.923437995,0.173757752,0.059397295,119
262,1557,18.690001000,21.061532023,-2.928776686,-15.141646160,0.337262058,0.924459620,0.169683490,0.053256260,92
263,1562,18.750001000,21.104885311,-2.937170584,-15.310371625,0.336895214,0.924276514,0.171732270,0.052178234,113
264,1567,18.810001000,21.145623358,-2.965309326,-15.483775739,0.338674229,0.923511061,0.172925393,0.050238396,130
265,1572,18.870001000,21.188869266,-2.995142003,-15.666169313,0.338219847,0.924204297,0.170490541,0.048854151,141
266,1577,18.930001000,21.227550023,-3.026770158,-15.846355929,0.337992430,0.924640011,0.168627148,0.048650313,53
267,1582,18.990001000,21.290463522,-3.032881861,-16.009220798,0.338042986,0.924974090,0.166728224,0.048493012,36
268,1587,19.050001000,21.317455830,-3.101436985,-16.217554715,0.336968264,0.924606080,0.170685258,0.049219198,56
269,1592,19.110001000,21.357723651,-3.122723117,-16.398740530,0.336757383,0.925207126,0.167428693,0.050535840,11
270,1597,19.170001000,21.392986431,-3.162448725,-16.601162886,0.336211569,0.924506129,0.171408974,0.053564566,20
271,1602,19.230001000,21.438985657,-3.218912922,-16.817865235,0.334078313,0.922778818,0.183435716,0.056765060,3
272,1607,19.290001000,21.471185633,-3.193542966,-16.960569457,0.339949917,0.920652247,0.182188857,0.060338330,29
273,1612,19.350001000,21.533629038,-3.202575099,-17.132673973,0.340851497,0.921362699,0.177876421,0.057192774,16
274,1617,19.410001000,21.583542235,-3.238477037,-17.340419047,0.340305254,0.922004527,0.176635694,0.053849957,74
275,1622,19.470001000,21.642485756,-3.261359059,-17.542040264,0.340528379,0.924779738,0.163478504,0.045799969,92
276,1627,19.530001000,21.690540846,-3.279038033,-17.746477967,0.343197084,0.926653392,0.148587487,0.038092133,71
277,1632,19.590001000,21.745897160,-3.297271898,-17.944844834,0.344158901,0.925829599,0.152209011,0.035023167,42
278,1637,19.650001000,21.762910479,-3.316046835,-18.175444814,0.351208397,0.922816983,0.154872755,0.032801037,78
279,1642,19.710001000,21.800345304,-3.354099090,-18.401901605,0.354322483,0.922559075,0.151042965,0.022942424,30
280,1647,19.770001000,21.844768617,-3.401924958,-18.630082290,0.356051818,0.921288412,0.155706072,0.014504611,32
281,1652,19.830001000,21.906930057,-3.442053478,-18.864385937,0.356243858,0.920487694,0.160539730,0.004440147,42
282,1657,19.890001000,21.912203238,-3.478594981,-19.104389341,0.356852407,0.919659706,0.163949101,-0.001753978,45
283,1662,19.950001000,21.823736385,-3.616619604,-19.426190655,0.361198381,0.917715359,0.165144508,-0.007844754,104
284,1667,20.010001000,21.852789499,-3.606777681,-19.643369377,0.363434439,0.920438556,0.142786954,-0.017892976,31
285,1672,20.070001000,21.898021130,-3.656364402,-19.923909306,0.363047068,0.921905436,0.131930861,-0.029689075,77
286,1677,20.130001000,21.928798471,-3.689101954,-20.164803024,0.366943643,0.921545269,0.121800182,-0.035656636,89
287,1682,20.190001000,21.951055151,-3.724022010,-20.398095887,0.366563106,0.922520832,0.114272191,-0.039098210,14
288,1687,20.250001000,21.986864597,-3.802196361,-20.664106598,0.352013899,0.927767355,0.114134739,-0.048033430,139
289,1692,20.310001000,22.017361960,-3.828173956,-20.891715789,0.359989164,0.925132848,0.108943308,-0.051656285,115
290,1697,20.370001000,22.036041231,-3.888546874,-21.130216109,0.366261727,0.922693531,0.107167169,-0.054810515,41
291,1702,20.430001000,22.049681920,-3.946043389,-21.360076110,0.370805854,0.921026555,0.105262332,-0.055972709,59
292,1707,20.490001000,22.057725278,-4.012724926,-21.594511798,0.372333984,0.920569038,0.104050651,-0.055619362,53
293,1712,20.550001000,22.064940083,-4.061228782,-21.818213869,0.373823263,0.920524092,0.099763313,-0.054211113,106
294,1717,20.610001000,22.066397734,-4.126198640,-22.033288503,0.374718564,0.920441153,0.097433596,-0.053672868,115
295,1722,20.670001000,22.065699816,-4.197781789,-22.253820535,0.377294994,0.920026255,0.092959590,-0.050583513,50
296,1727,20.730001000,22.069993771,-4.225647919,-22.449480353,0.386458288,0.917890752,0.080924644,-0.039721040,144
297,1732,20.790001000,22.079031199,-4.274628161,-22.660011281,0.385597698,0.919068664,0.075038751,-0.031565682,88
298,1737,20.850001000,22.071772023,-4.324278320,-22.845369704,0.383738179,0.920837386,0.065880587,-0.021523632,162
299,1742,20.910001000,22.069845320,-4.382224498,-23.044982241,0.381899283,0.922215521,0.059002610,-0.013789920,161
300,1747,20.970001000,22.067725426,-4.468596759,-23.253746564,0.379574686,0.923472129,0.055374373,-0.007480884,161
301,1752,21.030001000,22.059273904,-4.558778917,-23.472463200,0.378418167,0.924223039,0.051092012,-0.001035358,122
302,1757,21.090001000,22.054975388,-4.664972528,-23.685808887,0.376991465,0.924929486,0.048600772,0.004565787,186
303,1762,21.150001000,22.068990882,-4.735787822,-23.884152575,0.374961894,0.926023515,0.042043681,0.010786867,189
304,1767,21.210001000,22.056293002,-4.837056117,-24.087737414,0.373622937,0.926575510,0.040300008,0.015480136,149
305,1772,21.270001000,22.054034077,-4.928374826,-24.291508567,0.373421834,0.926739866,0.037324074,0.017783910,175
306,1777,21.330001000,22.049779070,-5.012003282,-24.492761991,0.376492265,0.925632269,0.032518465,0.020025660,142
307,1782,21.390001000,22.062121530,-5.085126700,-24.693604800,0.376621882,0.925542959,0.031114840,0.023623206,113
308,1787,21.450001000,22.042148452,-5.193514581,-24.885702069,0.372941788,0.926372659,0.042108254,0.031225213,158
309,1792,21.510001000,22.032823208,-5.275875743,-25.087120014,0.371849198,0.926821950,0.040442067,0.033070928,337
310,1797,21.570001000,22.023142250,-5.364552722,-25.273272444,0.371728317,0.927156887,0.034111859,0.032164369,292
311,1802,21.630001000,22.019844507,-5.456512060,-25.476609324,0.370475975,0.927928211,0.027541095,0.030631291,279
312,1807,21.690001000,22.011898709,-5.572324187,-25.680425551,0.370168356,0.928186088,0.025076199,0.028585998,268
313,1812,21.750001000,22.006210461,-5.661222875,-25.875831188,0.371300608,0.927846424,0.021587078,0.027764553,152
314,1817,21.810001000,22.005165038,-5.742712917,-26.068558476,0.371230234,0.927778277,0.022838013,0.029899966,133
315,1822,21.870001000,21.999548316,-5.818732307,-26.269103728,0.372860130,0.927111462,0.021230206,0.031447386,274
316,1827,21.930001000,21.992599595,-5.919738574,-26.464055445,0.373862891,0.926817002,0.017373180,0.030577059,243
317,1832,21.990001000,21.990117141,-6.009907855,-26.661883832,0.373938164,0.926751856,0.016738129,0.031954376,228
318,1837,22.050001000,21.993811158,-6.092170649,-26.855318662,0.374120997,0.926780350,0.011542112,0.031280045,228
319,1842,22.110001000,21.986479249,-6.221761495,-27.049778330,0.372556434,0.927123264,0.020334950,0.035080583,156
320,1847,22.170001000,22.003866596,-6.294815928,-27.245146927,0.372820936,0.927266953,0.009448312,0.033034489,199
321,1852,22.230001000,21.998873189,-6.396287978,-27.451002678,0.372503512,0.927463094,0.002929472,0.032322776,219
322,1857,22.290001000,21.996140058,-6.502765273,-27.647672021,0.373217506,0.927163269,-0.001199841,0.032795205,79
323,1862,22.350001000,22.010605147,-6.594838974,-27.850330850,0.369949399,0.928397580,0.000223416,0.034861532,116
324,1867,22.410001000,22.000400886,-6.704577404,-28.048725703,0.370966454,0.927863588,0.002658898,0.038026084,107
325,1872,22.470001000,22.004494655,-6.792236148,-28.253719375,0.368846691,0.928520990,0.004576106,0.042189436,62
326,1877,22.530001000,21.998832052,-6.916929804,-28.449538941,0.367958332,0.928944451,-0.001253154,0.040832609,97
327,1882,22.590001000,22.011524518,-6.985336939,-28.645026917,0.369046811,0.928377847,0.000921077,0.043796982,88
328,1887,22.650001000,22.005500828,-7.098863344,-28.850357227,0.368192444,0.928725542,-0.005169994,0.043318152,190
329,1892,22.710001000,22.020271986,-7.190160264,-29.050366179,0.368370719,0.928559007,-0.003581597,0.045479194,115
330,1897,22.770001000,22.026919389,-7.301309386,-29.249888804,0.368498110,0.928319831,0.004358364,0.049116591,198
331,1902,22.830001000,22.028519576,-7.418624370,-29.448712230,0.366773667,0.928843137,0.009449660,0.051363497,110
332,1907,22.890001000,22.045457953,-7.485661622,-29.613150684,0.369417246,0.927928779,-0.001440674,0.049769510,228
333,1912,22.950001000,22.062052435,-7.592266449,-29.822818992,0.370136852,0.927691646,-0.009505448,0.047922522,194
334,1917,23.010001000,22.064322915,-7.713670122,-30.020359076,0.369614279,0.927879763,-0.013064631,0.047473629,195
335,1922,23.070001000,22.091105758,-7.822488331,-30.233922779,0.367364871,0.928727201,-0.016042454,0.047449738,209
336,1927,23.130001000,22.086552539,-7.949682745,-30.437383268,0.367501883,0.928643266,-0.017684371,0.047448003,163
337,1932,23.190001000,22.094355391,-8.087492506,-30.655402722,0.368429190,0.928249668,-0.023841043,0.045211618,297
338,1937,23.250001000,22.107976044,-8.195762198,-30.856201953,0.367959364,0.928325182,-0.027084358,0.045658529,248
339,1942,23.310001000,22.111315422,-8.322930558,-31.061820379,0.369483549,0.927626670,-0.031040326,0.045024060,272
340,1947,23.370001000,22.118097501,-8.431509965,-31.274260726,0.369586001,0.927524311,-0.029918753,0.047007545,212
341,1952,23.430001000,22.129144688,-8.545753737,-31.484383271,0.370563893,0.927097174,-0.022114012,0.051809280,263
342,1957,23.490001000,22.148340984,-8.622437067,-31.693952444,0.370962624,0.926740203,-0.014677920,0.057653154,203
343,1962,23.550001000,22.144859920,-8.759829858,-31.873418645,0.371905225,0.926316259,-0.013259739,0.058727090,257
344,1967,23.610001000,22.160053863,-8.874135952,-32.106808655,0.371071270,0.926556834,-0.014399317,0.059926673,338
345,1972,23.670001000,22.167000360,-8.983333774,-32.316091245,0.371817741,0.926035736,-0.007912219,0.064395496,316
346,1977,23.730001000,22.182285719,-9.088267390,-32.524670747,0.372560373,0.925436813,-0.000218405,0.069032063,287
347,1982,23.790001000,22.222541446,-9.188519172,-32.787742216,0.366338023,0.927579388,0.010278418,0.072713722,174
348,1987,23.850001000,22.209035881,-9.250205141,-32.949496134,0.359773140,0.930039876,0.006173559,0.074505054,263
349,1992,23.910001000,22.224253292,-9.408091319,-33.199497175,0.355816406,0.931508995,0.011426601,0.074532607,349
350,1997,23.970001000,22.219340686,-9.502423219,-33.410733832,0.362093411,0.928969037,0.002208416,0.076811541,389
351,2002,24.030001000,22.222694302,-9.642333038,-33.638445489,0.367062260,0.927030302,-0.005821177,0.076460650,309
352,2007,24.090001000,22.234383829,-9.775485306,-33.874153393,0.368667988,0.926327351,-0.012233925,0.076497610,223
353,2012,24.150001000,22.234983723,-9.919879315,-34.117787227,0.371036610,0.925280331,-0.022663648,0.075329289,411
354,2017,24.210001000,22.238250551,-10.046393569,-34.354798836,0.373363471,0.924075151,-0.037512957,0.072647167,236
355,2022,24.270001000,22.233281502,-10.204685130,-34.596858350,0.376927639,0.922206153,-0.054883106,0.066702413,168
356,2027,24.330001000,22.220378264,-10.362239362,-34.833919623,0.379927104,0.920540655,-0.066468366,0.061985915,323
357,2032,24.390001000,22.229268468,-10.518508268,-35.091667150,0.380897568,0.919846267,-0.073790635,0.057920893,335
358,2037,24.450001000,22.232806133,-10.680509283,-35.345995179,0.380434986,0.919815946,-0.079123064,0.054289858,414
359,2042,24.510001000,22.238326362,-10.829361555,-35.596062878,0.376970698,0.920973029,-0.083732536,0.051871335,322
360,2047,24.570001000,22.242896273,-10.974110834,-35.839091473,0.379240716,0.919757244,-0.086454130,0.052428753,187
361,2052,24.630001000,22.242641696,-11.155687296,-36.101614671,0.380778602,0.918975327,-0.087688918,0.052940143,393
362,2057,24.690001000,22.257818671,-11.316684309,-36.366879369,0.379319705,0.919800089,-0.084940251,0.053567826,315
363,2062,24.750001000,22.283449047,-11.450066346,-36.683721414,0.377577652,0.920964459,-0.078664506,0.055420919,498
364,2069,24.834001000,22.313894262,-11.713069712,-37.079464759,0.369176180,0.924698728,-0.081543903,0.044629609,422
365,2076,24.918001000,22.296856371,-11.940574315,-37.367747350,0.374993191,0.922285673,-0.082083991,0.045071756,262
366,2081,24.978001000,22.289593087,-12.132870716,-37.623336763,0.379326581,0.920223890,-0.086740502,0.042135755,461
367,2087,25.050001000,22.287398555,-12.314930370,-37.917285406,0.381726785,0.918987557,-0.091381141,0.037363339,399
368,2092,25.110001000,22.272465700,-12.454332959,-38.141672715,0.383845874,0.917832694,-0.095026919,0.034862249,314
369,2097,25.170001000,22.252741773,-12.631221233,-38.357187806,0.386557070,0.916606868,-0.096901161,0.031869213,387
370,2102,25.230001000,22.235014534,-12.801919963,-38.567212502,0.387347701,0.916159402,-0.098550915,0.030023761,405
371,2107,25.290001000,22.207161373,-12.978157565,-38.781904616,0.387768263,0.915809208,-0.100245919,0.029665204,191
372,2112,25.350001000,22.195976771,-13.118975305,-38.997582291,0.387569277,0.915584550,-0.102249428,0.032249695,305
373,2117,25.410001000,22.217738610,-13.248148217,-39.214053332,0.387109967,0.915641394,-0.103562054,0.031962656,371
374,2122,25.470001000,22.193961935,-13.433311929,-39.422366556,0.380475987,0.918490197,-0.103448409,0.030202774,406
375,2127,25.530001000,22.177609271,-13.603465829,-39.635615912,0.381740082,0.917416770,-0.108110457,0.030546846,377
376,2132,25.590001000,22.147983328,-13.755585977,-39.829260824,0.386116451,0.914992494,-0.111839768,0.034564269,117
377,2137,25.650001000,22.105730468,-14.056278083,-40.071661873,0.387302421,0.914699752,-0.110433923,0.033549169,113
378,2142,25.710001000,22.083104912,-14.277066093,-40.265471818,0.388293259,0.914054571,-0.112292267,0.033511694,348
379,2147,25.770001000,22.081935474,-14.442777475,-40.473923973,0.384147660,0.915326542,-0.116317293,0.032835725,294
380,2152,25.830001000,22.079910516,-14.624071522,-40.683087635,0.380251153,0.916747732,-0.118458307,0.030826718,391
381,2157,25.890001000,22.075029149,-14.827227875,-40.916827882,0.378288495,0.917325425,-0.120017396,0.031744348,209
382,2162,25.950001000,22.051037805,-15.055913481,-41.128265589,0.380149603,0.917060303,-0.114752836,0.036310700,222
383,2167,26.010001000,22.042515245,-15.219541222,-41.321421875,0.382340210,0.915076390,-0.122245081,0.038824010,280
384,2172,26.070001000,22.042156166,-15.376342518,-41.533359959,0.382691552,0.914252961,-0.126186790,0.042018972,244
385,2177,26.130001000,22.029156087,-15.555349660,-41.755098696,0.383529284,0.913928852,-0.124526963,0.046177676,330
386,2182,26.190001000,22.045542889,-15.685858653,-41.952985418,0.382802762,0.914532852,-0.120115846,0.051612903,301
387,2187,26.250001000,22.028516887,-15.855953147,-42.159693754,0.383648645,0.913736731,-0.122348061,0.054128143,267
388,2192,26.310001000,22.016953792,-16.000615102,-42.346299545,0.383415105,0.912864853,-0.128975231,0.055099967,117
389,2197,26.370001000,22.039291063,-16.189896906,-42.577076715,0.381736395,0.913299944,-0.131238598,0.054193803,375
390,2202,26.430001000,22.038120983,-16.345839520,-42.804483949,0.366444138,0.918694587,-0.139555126,0.047363664,320
391,2207,26.490001000,22.040019142,-16.482684851,-43.067145158,0.347421002,0.925480652,-0.145521324,0.040096811,198
392,2212,26.550001000,22.078467204,-16.709770732,-43.305360370,0.344280633,0.927661286,-0.138687546,0.041001823,176
393,2217,26.610001000,22.091778698,-16.904301895,-43.519008954,0.354702752,0.922382791,-0.145205961,0.048074675,207
394,2222,26.670001000,22.097107826,-17.116458006,-43.734992100,0.363844104,0.918276378,-0.146069493,0.055223762,175
395,2227,26.730001000,22.096208132,-17.292559601,-43.930859348,0.370698010,0.914880004,-0.147743829,0.061231728,186
396,2232,26.790001000,22.079244643,-17.488249837,-44.106885856,0.375693598,0.912819002,-0.145532977,0.066602870,215
397,2237,26.850001000,22.107418524,-17.688441827,-44.348577530,0.375702580,0.911943280,-0.151081938,0.066191190,308
398,2242,26.910001000,22.124686871,-17.828572384,-44.567620249,0.377844072,0.909478911,-0.159267024,0.068673009,142
399,2247,26.970001000,22.114799296,-17.984901546,-44.752074093,0.380286809,0.907038269,-0.165813237,0.071899177,301
400,2252,27.030001000,22.109077164,-18.140742667,-44.948878023,0.379686444,0.906158426,-0.170505774,0.075119193,281
401,2257,27.090001000,22.124692935,-18.292189183,-45.152657194,0.377149500,0.906444200,-0.174500043,0.075278834,278
402,2262,27.150001000,22.137306514,-18.416533400,-45.339178348,0.377329539,0.905375652,-0.178134413,0.078647815,178
403,2267,27.210001000,22.125528248,-18.570755773,-45.515165721,0.379281330,0.904174083,-0.178036606,0.083173723,193
404,2272,27.270001000,22.122671440,-18.710092234,-45.703247778,0.379696101,0.902765976,-0.182579037,0.086656554,117
405,2277,27.330001000,22.100878361,-18.846928179,-45.881159128,0.378732724,0.902045482,-0.186517316,0.089926430,238
406,2282,27.390001000,22.096808860,-18.987027437,-46.060227549,0.377812168,0.901420992,-0.190078962,0.092564303,201
407,2287,27.450001000,22.118759077,-19.104758304,-46.242867015,0.379639482,0.898859023,-0.197571699,0.094296045,317
408,2292,27.510001000,22.134209741,-19.262971811,-46.434946845,0.380133680,0.897046379,-0.204469443,0.094860033,326
409,2297,27.570001000,22.156298627,-19.432612994,-46.619472799,0.381514782,0.895271462,-0.209438822,0.095241063,279
410,2302,27.630001000,22.185546919,-19.599123867,-46.803658054,0.381069901,0.894210071,-0.214785422,0.095085764,220
411,2307,27.690001000,22.179707818,-19.790189864,-46.977517964,0.380839285,0.893602355,-0.217621050,0.095275118,183
412,2312,27.750001000,22.220124548,-19.908985492,-47.169771332,0.382212759,0.891568205,-0.223530197,0.095151427,99
413,2317,27.810001000,22.302300644,-20.040606834,-47.381559905,0.375382014,0.895223576,-0.218747774,0.099058086,210
414,2322,27.870001000,22.258554178,-20.243868127,-47.518963411,0.372077582,0.895409656,-0.222253981,0.101995042,266
415,2327,27.930001000,22.250928423,-20.374007362,-47.684836360,0.371905078,0.894838331,-0.222900775,0.106142444,196
416,2332,27.990001000,22.284519855,-20.560129524,-47.857373932,0.369259514,0.894816171,-0.228934848,0.102665803,160
417,2337,28.050001000,22.312364442,-20.713987821,-48.049973350,0.369685601,0.892557912,-0.236393235,0.103880553,234
418,2342,28.110001000,22.329975592,-20.902126472,-48.222704036,0.372068482,0.889211246,-0.245859911,0.102084811,272
419,2347,28.170001000,22.355270414,-21.080983819,-48.389350202,0.374715244,0.885980369,-0.253580891,0.101607105,275
420,2352,28.230001000,22.371746643,-21.257748712,-48.556250303,0.377468839,0.884107638,-0.255306476,0.103390343,189
421,2357,28.290001000,22.410472782,-21.411793621,-48.728980327,0.378200373,0.881438037,-0.263632639,0.102612364,144
422,2362,28.350001000,22.426747552,-21.553105518,-48.900982427,0.376987833,0.879869428,-0.271855459,0.099018041,234
423,2367,28.410001000,22.455233943,-21.708144713,-49.070257619,0.380081024,0.877208810,-0.275210427,0.101500440,144
424,2372,28.470001000,22.477206753,-21.861802008,-49.223718622,0.385379125,0.874992013,-0.273350112,0.105601250,173
425,2377,28.530001000,22.510729233,-22.042239378,-49.373745106,0.385927494,0.875087111,-0.271429282,0.107743498,172
426,2382,28.590001000,22.564872096,-22.228233580,-49.522610112,0.378633138,0.882083325,-0.257117639,0.111608579,293
427,2387,28.650001000,22.640144276,-22.402252406,-49.693827671,0.369595418,0.889328198,-0.244309301,0.113170445,330
428,2392,28.710001000,22.621291523,-22.650385109,-49.858091490,0.364897313,0.893212791,-0.234817073,0.117821063,496
429,2397,28.770001000,22.627896568,-22.892930658,-49.992638462,0.364954783,0.891069500,-0.244852029,0.113360648,436
430,2402,28.830001000,22.629579172,-23.166428714,-50.112701419,0.370603421,0.886042634,-0.254542602,0.113091196,401
431,2407,28.890001000,22.606697730,-23.439474150,-50.251718435,0.375568688,0.879923332,-0.268000003,0.113397919,371
432,2412,28.950001000,22.603914996,-23.702794127,-50.394189654,0.375503250,0.877419841,-0.277249081,0.110746007,488
433,2417,29.010001000,22.607348478,-23.945759276,-50.548917619,0.370514871,0.877381477,-0.285495469,0.106830763,456
434,2422,29.070001000,22.613901641,-24.164833639,-50.700492796,0.370406489,0.877151961,-0.284640619,0.111279778,412
435,2427,29.130001000,22.602784967,-24.423789910,-50.851594583,0.372630381,0.874125129,-0.288289751,0.118071493,563
436,2432,29.190001000,22.596648368,-24.705537987,-51.012271951,0.373853123,0.870651492,-0.295845198,0.121142232,526
437,2437,29.250001000,22.589393104,-25.005308431,-51.149446350,0.369321941,0.867852622,-0.310264523,0.119033846,299
438,2442,29.310001000,22.588715007,-25.265843182,-51.308676641,0.369666754,0.862098415,-0.325509868,0.119063591,431
439,2447,29.370001000,22.556124783,-25.558064756,-51.461780979,0.367386624,0.858070234,-0.338532296,0.118905118,470
440,2452,29.430001000,22.536961163,-25.836033494,-51.609617787,0.362466032,0.857800601,-0.343420598,0.121896670,445
441,2457,29.490001000,22.477057524,-26.107684842,-51.802469201,0.359972276,0.859436491,-0.338952243,0.130000980,297
442,2462,29.550001000,22.512402724,-26.428542147,-52.015987503,0.342854386,0.863404695,-0.352151739,0.113896247,412
443,2467,29.610001000,22.504892137,-26.703976050,-52.207812875,0.312155624,0.874034302,-0.361708182,0.088261522,427
444,2472,29.670001000,22.478926536,-27.006496786,-52.362190162,0.299781510,0.876385084,-0.368112000,0.081078890,374
445,2477,29.730001000,22.477854597,-27.283894172,-52.501726017,0.303317144,0.870137762,-0.377540567,0.091225579,357
446,2482,29.790001000,22.478488528,-27.560692977,-52.653794019,0.313862761,0.861876382,-0.383969773,0.105955093,307
447,2487,29.850001000,22.467751831,-27.850672795,-52.774413054,0.315916856,0.859263695,-0.386398870,0.112064073,171
448,2492,29.910001000,22.460632639,-28.139830236,-52.905339922,0.318948119,0.855794043,-0.390140463,0.116957566,166
449,2497,29.970001000,22.451686171,-28.445285209,-53.042239581,0.332635948,0.847678091,-0.391715979,0.131733717,255
450,2502,30.030001000,22.467031602,-28.709809292,-53.183303979,0.342476169,0.840246492,-0.395366750,0.142762178,136
451,2507,30.090001000,22.454108307,-29.023622435,-53.290337975,0.346022142,0.837861037,-0.395144018,0.148723787,188
452,2512,30.150001000,22.436005984,-29.326645805,-53.402306254,0.348523004,0.835111727,-0.396963169,0.153428688,190
453,2517,30.210001000,22.444784113,-29.608669101,-53.545968973,0.348966226,0.832312930,-0.401636160,0.155454671,374
454,2522,30.270001000,22.430195189,-29.877512652,-53.670145352,0.346541148,0.831627605,-0.404957553,0.155929921,301
455,2527,30.330001000,22.427767959,-30.157683769,-53.797283587,0.346152339,0.829694224,-0.408257446,0.158467378,310
456,2532,30.390001000,22.409124799,-30.442742488,-53.925356063,0.344844373,0.828148062,-0.411238669,0.161666025,326
457,2537,30.450001000,22.394520362,-30.745824050,-54.049622799,0.341092630,0.828906070,-0.413530485,0.159884595,309
458,2542,30.510001000,22.376195278,-31.039262156,-54.155273789,0.338412110,0.829584666,-0.414315764,0.160028043,83
459,2547,30.570001000,22.371000500,-31.309422109,-54.285804383,0.341312580,0.825360664,-0.419305148,0.162692011,295
460,2552,30.630001000,22.357800498,-31.606165718,-54.399978760,0.341630134,0.823196445,-0.422816318,0.163898825,174
461,2557,30.690001000,22.340831721,-31.913597478,-54.495597001,0.340548858,0.822927611,-0.424568663,0.162966479,255
462,2562,30.750001000,22.315122550,-32.179496959,-54.616935795,0.340848991,0.820649542,-0.428186027,0.164356382,382
463,2567,30.810001000,22.299755030,-32.434029279,-54.727568169,0.343400342,0.817942837,-0.431155877,0.164773572,294
464,2572,30.870001000,22.290073206,-32.730262946,-54.818158937,0.345330109,0.815866512,-0.433562090,0.164720566,465
465,2577,30.930001000,22.263274813,-33.013761495,-54.904726393,0.345900878,0.814964438,-0.434849643,0.164594456,400
466,2582,30.990001000,22.249563173,-33.290446293,-55.012511087,0.345994725,0.812934028,-0.438611859,0.164455322,157
467,2587,31.050001000,22.249101587,-33.558225315,-55.102259473,0.344972036,0.811655395,-0.442199510,0.163307708,306
468,2592,31.110001000,22.223266971,-33.864787763,-55.161909247,0.345371598,0.812243090,-0.440773141,0.163397248,191
469,2597,31.170001000,22.173867788,-34.146513819,-55.205154204,0.345472495,0.813319959,-0.437831185,0.165720403,366
470,2602,31.230001000,22.118119802,-34.443922880,-55.224565513,0.347127225,0.811962684,-0.439330093,0.164949562,381
471,2607,31.290001000,22.090702199,-34.728974631,-55.299826358,0.347533487,0.809756458,-0.443616142,0.163461531,345
472,2612,31.350001000,22.060514146,-35.011132090,-55.368969478,0.347955291,0.807893452,-0.447007039,0.162542278,355
473,2617,31.410001000,22.029732546,-35.314397045,-55.428949793,0.342572466,0.810305772,-0.449000257,0.156356743,325
474,2622,31.470001000,21.984309392,-35.587509361,-55.517121152,0.337956509,0.812179453,-0.450468756,0.152406805,139
475,2627,31.530001000,21.962481168,-35.858888456,-55.598654527,0.342223434,0.811259342,-0.446753720,0.158595445,225
476,2632,31.590001000,21.929354121,-36.124706180,-55.661380866,0.346013127,0.807234140,-0.449979737,0.161759683,115
477,2637,31.650001000,21.872051573,-36.423824869,-55.712167593,0.347793163,0.805282681,-0.450852730,0.165201497,366
478,2642,31.710001000,21.846652703,-36.715902085,-55.775122641,0.347512517,0.803936759,-0.453667631,0.164640269,148
479,2647,31.770001000,21.829999335,-37.015708194,-55.858118628,0.347246861,0.802610031,-0.456550976,0.163700832,414
480,2652,31.830001000,21.809466912,-37.308723587,-55.931424517,0.348911560,0.798862573,-0.462156172,0.162760519,338
481,2657,31.890001000,21.778170492,-37.604784901,-55.981912724,0.348265614,0.797815175,-0.464807582,0.161727923,246
482,2662,31.950001000,21.742253126,-37.889644153,-56.050941826,0.349944609,0.794755151,-0.468260522,0.163202649,428
483,2667,32.010001000,21.718723486,-38.189651142,-56.114372102,0.349208646,0.794022996,-0.470612640,0.161569016,475
484,2672,32.070001000,21.667779377,-38.467245067,-56.157768374,0.348128647,0.793979290,-0.471804276,0.160636414,438
485,2689,32.274001000,21.508088940,-39.448695602,-56.292041120,0.341924603,0.815074670,-0.431191807,0.181147656,634
486,2698,32.382001000,21.441687562,-39.995453550,-56.445404238,0.339740387,0.814282735,-0.435545623,0.178381914,551
487,2705,32.466001000,21.351370774,-40.465972619,-56.482513485,0.342894769,0.812096223,-0.437552329,0.177400286,578
488,2711,32.538001000,21.317625797,-40.839592656,-56.550139657,0.344868442,0.804619425,-0.452324632,0.170457518,422
489,2716,32.598001000,21.285886646,-41.155596481,-56.619328122,0.347066342,0.797856356,-0.464272802,0.165592736,562
490,2724,32.694001000,21.231421810,-41.645331227,-56.734013587,0.350135621,0.789560572,-0.477804189,0.160319391,631
491,2734,32.814001000,21.143926109,-42.290427207,-56.812545816,0.350849753,0.786289853,-0.482856360,0.159694878,544
492,2742,32.910001000,21.094889154,-42.776849765,-56.891873093,0.351844888,0.782946607,-0.487424112,0.160054744,487
493,2753,33.042001000,21.054384100,-43.466969329,-57.035236689,0.340949599,0.791292095,-0.483656363,0.153904883,539
494,2764,33.174001000,20.949612647,-44.098356326,-57.136342364,0.301437233,0.817210330,-0.476000761,0.121351332,365
495,2769,33.234001000,20.902311490,-44.397520034,-57.185286190,0.286639476,0.820953931,-0.483020514,0.102779550,421
496,2774,33.294001000,20.885605988,-44.695712059,-57.248613206,0.276704365,0.819976397,-0.493811757,0.084990300,456
497,2779,33.354001000,20.851235350,-45.022665799,-57.295553878,0.266003926,0.821327287,-0.499765017,0.069988048,423
498,2784,33.414001000,20.831272880,-45.308505915,-57.343425317,0.261847966,0.821876398,-0.501990398,0.062932259,424
499,2789,33.474001000,20.813712433,-45.623452873,-57.363052637,0.263240905,0.824034461,-0.497550177,0.064150250,408
500,2794,33.534001000,20.805992082,-45.950621353,-57.362657384,0.276921841,0.817125915,-0.499836984,0.076042903,410
501,2799,33.594001000,20.804666963,-46.271220713,-57.386839334,0.282249330,0.808892070,-0.509958777,0.077272120,293
502,2804,33.654001000,20.810388842,-46.611402140,-57.386205103,0.275790328,0.810520932,-0.512575847,0.065280277,234
503,2809,33.714001000,20.839777472,-46.933942142,-57.420281624,0.276548494,0.808297670,-0.516115086,0.061652452,285
504,2814,33.774001000,20.821029520,-47.256308647,-57.393123775,0.306637261,0.793325339,-0.517200265,0.095458805,366
505,2819,33.834001000,20.835827139,-47.568004525,-57.394705268,0.329833519,0.778705585,-0.519280645,0.123187148,347
506,2824,33.894001000,20.858745864,-47.909768313,-57.391280154,0.342301284,0.770637720,-0.519782194,0.137017540,424
507,2829,33.954001000,20.870673885,-48.240466062,-57.340383837,0.351276139,0.765231586,-0.519520566,0.145341238,404
508,2834,34.014001000,20.873661839,-48.559846912,-57.309023493,0.358093544,0.760384541,-0.519829520,0.152845130,407
509,2839,34.074001000,20.879360303,-48.868952195,-57.295167354,0.377070504,0.746508973,-0.517903973,0.179771141,388
510,2844,34.134001000,20.905164403,-49.222556558,-57.263583350,0.398394442,0.728219155,-0.519426655,0.202915452,384
511,2849,34.194001000,20.910566559,-49.550244645,-57.243601677,0.403517491,0.720971458,-0.522354874,0.210995679,425
512,2855,34.266001000,20.897020275,-49.894585137,-57.242567232,0.418459033,0.703989168,-0.524050733,0.233799313,410
513,2862,34.350001000,20.894809203,-50.321848092,-57.252393481,0.415517727,0.699005338,-0.534261550,0.230870421,342
514,2875,34.506001000,20.792719345,-51.033905665,-57.242609146,0.370351433,0.737467687,-0.538294813,0.170938353,246
515,2881,34.578001000,20.765742616,-51.409241571,-57.238927129,0.368658290,0.743109877,-0.535431793,0.158718529,199
516,2886,34.638001000,20.742169346,-51.709087633,-57.221680307,0.369186515,0.746791327,-0.532416405,0.150122628,448
517,2892,34.710001000,20.686038778,-52.036244079,-57.203292159,0.373152682,0.747086183,-0.530874127,0.144194219,413
518,2898,34.782001000,20.644833270,-52.390021085,-57.165112984,0.376018450,0.748148281,-0.528796967,0.138773352,307
519,2903,34.842001000,20.602384916,-52.684436682,-57.122709005,0.378081872,0.749233579,-0.526646518,0.135449574,485
520,2908,34.902001000,20.558793854,-52.952268891,-57.122076831,0.378751095,0.748103904,-0.528192097,0.133795614,513
521,2913,34.962001000,20.518207233,-53.204844611,-57.101294643,0.380879797,0.746059818,-0.529873866,0.132510430,410
522,2918,35.022001000,20.477921948,-53.463670794,-57.081117558,0.381930502,0.744074127,-0.532255834,0.131097339,453
523,2923,35.082001000,20.428513898,-53.716395026,-57.047313354,0.385510965,0.741832863,-0.533053777,0.130072945,427
524,2928,35.142001000,20.377236755,-53.972799842,-57.025775790,0.388141974,0.740523666,-0.533305694,0.128668352,340
525,2933,35.202001000,20.346947317,-54.222011300,-57.000189028,0.390822361,0.738772374,-0.534861423,0.124082714,265
526,2938,35.262001000,20.267126991,-54.473087570,-56.963148755,0.395324165,0.736642450,-0.534678089,0.123272247,398
527,2943,35.322001000,20.207529368,-54.735171732,-56.924509558,0.398493526,0.734660790,-0.535197556,0.122637712,374
528,2948,35.382001000,20.152896924,-55.013202244,-56.867552836,0.400211288,0.737041719,-0.530402710,0.123585572,124
529,2953,35.442001000,20.104792095,-55.203987053,-56.869597551,0.402203732,0.730630638,-0.537406308,0.124921928,497
530,2958,35.502001000,20.045422450,-55.435130367,-56.844900015,0.400745892,0.729544689,-0.539796499,0.125646395,508
531,2963,35.562001000,19.994388127,-55.673726877,-56.808711248,0.399813467,0.726568866,-0.544720421,0.124605529,358
532,2968,35.622001000,19.932345083,-55.912000077,-56.764788134,0.399069658,0.724351078,-0.548582457,0.122948004,339
533,2973,35.682001000,19.863187491,-56.125019039,-56.713271511,0.398254762,0.721956951,-0.551904496,0.124790759,402
534,2978,35.742001000,19.818794958,-56.369010765,-56.701163897,0.396334317,0.718897859,-0.557528881,0.123557780,430
535,2983,35.802001000,19.756357515,-56.586873574,-56.657993210,0.393690521,0.717216748,-0.561477675,0.123898067,460
536,2988,35.862001000,19.701613135,-56.825076311,-56.612070605,0.393644667,0.714759248,-0.564743074,0.123403217,346
537,2993,35.922001000,19.655606366,-57.035231799,-56.578650965,0.392808911,0.712287448,-0.568570075,0.122783635,310
538,2998,35.982001000,19.588411263,-57.285774137,-56.501041178,0.392374798,0.710652986,-0.571016086,0.122290558,247
539,3003,36.042001000,19.542093097,-57.508157285,-56.471638731,0.391485823,0.708748312,-0.574258561,0.121003249,346
540,3008,36.102001000,19.492485449,-57.714028958,-56.419741692,0.390694850,0.707005887,-0.576685176,0.122206449,286
541,3013,36.162001000,19.443488241,-57.955887454,-56.370305792,0.390228135,0.705499869,-0.578976497,0.121565428,309
542,3018,36.222001000,19.370151364,-58.161289094,-56.264016754,0.391794823,0.703755590,-0.579980870,0.121848583,322
543,3023,36.282001000,19.309406619,-58.383249611,-56.196463311,0.391150494,0.701898715,-0.582629233,0.121994515,307
544,3028,36.342001000,19.227747644,-58.592419909,-56.087200372,0.392275655,0.700736077,-0.582853503,0.123978042,252
545,3033,36.402001000,19.160229883,-58.791776393,-55.999051485,0.395382782,0.697790939,-0.584188660,0.124434203,170
546,3038,36.462001000,19.108024111,-58.995547224,-55.941047501,0.406504602,0.688764477,-0.585323283,0.133244733,257
547,3043,36.522001000,19.023128030,-59.191986742,-55.862092954,0.425819629,0.674107212,-0.583589283,0.153885215,230
548,3048,36.582001000,18.990416597,-59.353721557,-55.829452370,0.443302718,0.655600193,-0.589591779,0.161408244,213
549,3053,36.642001000,18.898047351,-59.575198395,-55.712327196,0.452199751,0.653964984,-0.586029872,0.156250357,124
550,3058,36.702001000,18.853482260,-59.735111592,-55.720865611,0.456101275,0.652967314,-0.586331287,0.147719107,119
551,3063,36.762001000,18.775402644,-59.930707503,-55.648365329,0.459974635,0.656834361,-0.582217406,0.134219405,136
552,3068,36.822001000,18.752241658,-60.109836385,-55.678240767,0.457767468,0.661167309,-0.582911365,0.116280163,129
553,3073,36.882001000,18.682821632,-60.335087800,-55.616460345,0.457557973,0.666901824,-0.579023462,0.103026641,90
554,3078,36.942001000,18.606966143,-60.558543581,-55.488019564,0.459993937,0.672297087,-0.572917345,0.090487134,93
555,3083,37.002001000,18.593879688,-60.730961318,-55.493445399,0.464207580,0.669313373,-0.574278765,0.082066017,62
556,3088,37.062001000,18.516913556,-60.836807296,-55.522288670,0.467243485,0.665173344,-0.577003718,0.079338877,51
557,3093,37.122001000,18.464260426,-61.016515447,-55.452919464,0.473595886,0.662873966,-0.575219202,0.073674358,65
558,3098,37.182001000,18.401595975,-61.323689727,-55.293605114,0.481918403,0.664375894,-0.567523098,0.065397693,50
559,3103,37.242001000,18.343974518,-61.498275282,-55.327239447,0.487449325,0.660212097,-0.567879993,0.063446485,52
560,3108,37.302001000,18.261586754,-61.657015444,-55.210022963,0.492970946,0.659289505,-0.564261653,0.062656064,32
561,3113,37.362001000,18.285560691,-61.836434886,-55.183802107,0.496785396,0.654467214,-0.567011216,0.058096624,29
562,3118,37.422001000,18.159745672,-62.013597771,-55.143070315,0.496627195,0.653887475,-0.567686807,0.059365719,12
563,3123,37.482001000,18.167584173,-62.207385944,-55.115930352,0.499626220,0.649677428,-0.570232889,0.055922561,16
564,3128,37.542001000,18.130629890,-62.233733973,-55.176347783,0.497684370,0.643185962,-0.578824145,0.059872329,19
565,3133,37.602001000,18.079952673,-62.358377982,-55.120074143,0.500552753,0.638714859,-0.580940791,0.063230279,9
566,3138,37.662001000,18.011051296,-62.507684214,-55.044009217,0.500637121,0.638871039,-0.580555455,0.064510720,8
567,3143,37.722001000,18.027005186,-62.643310053,-54.985609821,0.502078416,0.635893138,-0.582703597,0.063353762,9
568,3148,37.782001000,17.673561892,-62.949318854,-54.472705915,0.509192208,0.647883152,-0.562341012,0.068871639,1
569,3153,37.842001000,17.738802831,-63.018213494,-54.496359183,0.508279367,0.641167716,-0.570787789,0.068973510,4
570,3158,37.902001000,17.698312533,-63.222142118,-54.311123233,0.512153652,0.637785361,-0.570596574,0.073130157,4
571,3163,37.962001000,17.831017156,-63.209767110,-54.393092587,0.523425751,0.612632730,-0.584598342,0.094611833,31
572,3168,38.022001000,17.824962704,-63.261138500,-54.405517716,-0.536931600,-0.587353172,0.592396958,-0.125644548,25
573,3173,38.082001000,17.812522645,-63.371838259,-54.412784180,-0.541658536,-0.573255106,0.597621213,-0.144338141,17
574,3178,38.142001000,17.753898009,-63.453754306,-54.453639278,-0.550044044,-0.550320835,0.603638411,-0.173836697,27
575,3183,38.202001000,17.678228532,-63.623711919,-54.437210207,-0.551710772,-0.541195981,0.606519555,-0.186698056,27
576,3188,38.262001000,17.663328578,-63.790994864,-54.466458746,-0.545453695,-0.541749723,0.612342602,-0.184456070,25
577,3193,38.322001000,17.593406385,-63.952518631,-54.473099840,-0.536224492,-0.548000649,0.616327445,-0.179719402,14
578,3198,38.382001000,17.492837349,-63.937491166,-54.567308127,-0.525941098,-0.549204321,0.623968419,-0.180066619,5
579,3203,38.442001000,17.464384519,-63.970532308,-54.659166216,-0.518091027,-0.550265806,0.630710893,-0.176048291,8
580,3208,38.502001000,17.326610781,-63.875200602,-54.754144020,-0.503328840,-0.559696622,0.636666904,-0.167496341,6
581,3213,38.562001000,17.492447482,-64.044031595,-54.825458989,-0.492039700,-0.569794333,0.643768165,-0.137090851,1
582,3218,38.622001000,17.471575316,-64.185592254,-54.872742626,-0.482975186,-0.585336931,0.639061471,-0.125363802,3
583,3223,38.682001000,17.446158750,-64.328973038,-54.882729474,-0.477911259,-0.598424926,0.631292219,-0.122305235,14
584,3228,38.742001000,17.411725888,-64.722747847,-54.915906141,-0.472362899,-0.612017664,0.624395129,-0.111527544,25
585,3233,38.802001000,17.426676153,-64.892174337,-54.963372579,-0.464477171,-0.618624961,0.624923697,-0.105045172,27
586,3238,38.862001000,17.316623456,-64.954988216,-54.996349770,-0.461306255,-0.613868061,0.632114016,-0.103896164,28
587,3243,38.922001000,17.242129885,-65.031676087,-55.012633051,-0.459937165,-0.610230604,0.636486760,-0.104694883,22
588,3248,38.982001000,17.159224305,-65.150786949,-55.081180930,-0.454125877,-0.611646368,0.638978553,-0.106605897,33
589,3253,39.042001000,17.231675363,-65.225315410,-55.213356980,-0.453333701,-0.600086080,0.650909058,-0.103453618,13
590,3258,39.102001000,17.006238344,-65.368461686,-55.044580346,-0.449266070,-0.607050297,0.646375744,-0.108850042,30
591,3263,39.162001000,16.944206356,-65.628000130,-54.970740477,-0.451871265,-0.606668291,0.645133719,-0.107556632,33
592,3268,39.222001000,16.869713875,-65.816915102,-54.890691469,-0.450885272,-0.614504353,0.637241644,-0.114061210,25
593,3273,39.282001000,16.876897744,-65.970309985,-54.920244793,-0.452388201,-0.616980764,0.632729682,-0.119719684,115
594,3278,39.342001000,16.829680947,-66.159008512,-54.919620616,-0.454131111,-0.622120031,0.624986923,-0.126976168,120
595,3283,39.402001000,16.786061590,-66.308264142,-54.946871114,-0.457247304,-0.617961812,0.625038489,-0.135554374,121
596,3288,39.462001000,16.723441072,-66.498758972,-54.930066706,-0.472203377,-0.594308874,0.631421985,-0.158515645,129
597,3293,39.522001000,16.647474659,-66.706206859,-54.913679895,-0.480691309,-0.577020975,0.637704485,-0.171218135,222
598,3298,39.582001000,16.582867803,-66.879906404,-54.963231306,-0.477484636,-0.572711993,0.644626740,-0.168717995,119
599,3303,39.642001000,16.487934667,-67.050440216,-55.048452079,-0.465522042,-0.582654302,0.646768149,-0.159668894,150
600,3308,39.702001000,16.375269925,-67.147856803,-55.085378149,-0.458924226,-0.579077279,0.657251873,-0.148586792,129
601,3313,39.762001000,16.238347035,-67.356894127,-55.062786688,-0.455984514,-0.573317559,0.666494761,-0.138455168,88
602,3318,39.822001000,16.189367465,-67.587874180,-55.011729157,-0.461596079,-0.560864084,0.672216967,-0.143125428,66
603,3323,39.882001000,16.088968060,-67.755388226,-55.027326893,-0.468135819,-0.545228809,0.677333370,-0.157460808,52
604,3328,39.942001000,16.021522356,-67.936279256,-55.055944379,-0.474702228,-0.531824530,0.679965219,-0.171661775,39
605,3333,40.002001000,15.957309925,-68.099076725,-55.133572145,-0.478442309,-0.519380648,0.685090246,-0.178852044,55
606,3338,40.062001000,15.887845178,-68.295054967,-55.051875681,-0.486109637,-0.511625102,0.683826285,-0.185253304,38
607,3343,40.122001000,15.833498933,-68.456516160,-55.011600047,-0.491150919,-0.505312958,0.684704406,-0.186036194,56
608,3348,40.182001000,15.723814651,-68.623255944,-55.025226209,-0.484930878,-0.515134933,0.686686110,-0.167153314,18
609,3353,40.242001000,15.645508280,-68.785213305,-55.066547274,-0.480227640,-0.521100544,0.688240770,-0.155435772,44
610,3358,40.302001000,15.540300661,-68.953735387,-55.046377664,-0.473864518,-0.535996043,0.685022016,-0.137497267,41
611,3363,40.362001000,15.464322748,-69.108052133,-55.079734234,-0.470071278,-0.540814949,0.686121395,-0.125656738,41
612,3368,40.422001000,15.398111606,-69.276160509,-55.106416961,-0.470063647,-0.540627269,0.688063996,-0.115456750,45
613,3373,40.482001000,15.321272466,-69.419059630,-55.120692378,-0.470425286,-0.539415586,0.689770921,-0.109302119,34
614,3378,40.542001000,15.210690890,-69.600359265,-55.017656120,-0.473294035,-0.543064617,0.685353087,-0.106605464,38
615,3383,40.602001000,15.126508072,-69.778956888,-54.965384877,-0.475925427,-0.541058124,0.685191224,-0.106132378,41
616,3388,40.662001000,15.045047295,-69.942649868,-54.944880626,-0.477803550,-0.538230964,0.686198810,-0.105557524,49
617,3393,40.722001000,14.945482192,-70.136172231,-54.857264329,-0.480470478,-0.538434822,0.683902235,-0.107302357,40
618,3398,40.782001000,14.661550861,-70.330730434,-54.761421262,-0.474211229,-0.553752785,0.675100974,-0.112784034,50
619,3403,40.842001000,14.500254976,-70.473411526,-54.782491179,-0.469090698,-0.559765785,0.673094655,-0.116446416,64
620,3408,40.902001000,14.465481803,-70.655126143,-54.822648068,-0.471979366,-0.553293144,0.676207286,-0.117668524,55
621,3413,40.962001000,14.345775238,-70.789700755,-54.836310191,-0.476191345,-0.538001572,0.682916085,-0.131991408,69
622,3418,41.022001000,14.214744569,-70.931920110,-54.760807468,-0.478897905,-0.532314228,0.683659838,-0.141094243,86
623,3423,41.082001000,14.153662359,-71.096422389,-54.729506035,-0.475900583,-0.532774221,0.686778230,-0.134186167,42
624,3428,41.142001000,13.984901082,-71.228698013,-54.675567174,-0.469237031,-0.543441070,0.683385285,-0.132185340,87
625,3433,41.202001000,13.893038467,-71.387244589,-54.639613564,-0.465556040,-0.544305308,0.686728532,-0.124069452,102
626,3438,41.262001000,13.806624366,-71.542150256,-54.622257581,-0.463676736,-0.541762544,0.690930923,-0.118792634,76
627,3443,41.322001000,13.691711599,-71.676166907,-54.629622962,-0.464492667,-0.536161662,0.694000552,-0.123046610,56
628,3448,41.382001000,13.609306222,-71.816936910,-54.631395884,-0.473309527,-0.522853552,0.695282454,-0.138508352,63
629,3453,41.442001000,13.493218770,-71.948780917,-54.597182335,-0.484110617,-0.506962424,0.694860700,-0.160607030,56
630,3458,41.502001000,13.381884136,-72.078233694,-54.531222736,-0.497752112,-0.486806831,0.692539783,-0.188813646,39
631,3463,41.562001000,13.286156271,-72.205790367,-54.494687895,-0.507685297,-0.469230537,0.691134140,-0.210741414,37
632,3468,41.622001000,13.191392038,-72.327342377,-54.479980674,-0.513526478,-0.454998821,0.691870527,-0.224903989,27
633,3473,41.682001000,13.080431722,-72.451512694,-54.481356867,-0.512478650,-0.453787643,0.693111211,-0.225918697,33
634,3478,41.742001000,12.952354515,-72.568062571,-54.565665925,-0.507923407,-0.454390056,0.696523979,-0.224494622,33
635,3483,41.802001000,12.838704766,-72.657946409,-54.590982820,-0.503151806,-0.463702568,0.698431706,-0.209788798,41
636,3488,41.862001000,12.805451538,-72.804752383,-54.579249532,-0.500454658,-0.475907290,0.699497469,-0.183740787,58
637,3493,41.922001000,12.689008780,-72.926720309,-54.585187538,-0.502343249,-0.474602863,0.699309799,-0.182672351,48
638,3498,41.982001000,12.502945500,-73.017159177,-54.618781349,-0.493695885,-0.492155453,0.699373071,-0.157875554,42
639,3503,42.042001000,12.392154719,-73.138130341,-54.609878231,-0.488935824,-0.505503486,0.698724076,-0.131120748,47
640,3508,42.102001000,12.295004441,-73.275418904,-54.639162784,-0.487462967,-0.511042305,0.698476990,-0.115522783,68
641,3513,42.162001000,12.167066025,-73.389625686,-54.632389068,-0.487219792,-0.515681855,0.696656829,-0.106575611,53
642,3518,42.222001000,12.015648308,-73.499288285,-54.625152456,-0.486905925,-0.520714874,0.693640008,-0.103160937,53
643,3523,42.282001000,11.939930648,-73.617791965,-54.661471094,-0.487467974,-0.530507797,0.685278972,-0.106438634,64
644,3528,42.342001000,11.833254152,-73.757430791,-54.651140258,-0.486147749,-0.549354918,0.669810651,-0.114992313,88
645,3533,42.402001000,11.746676700,-73.883728759,-54.617072676,-0.485521699,-0.550626761,0.670381296,-0.108017443,149
646,3538,42.462001000,11.653763561,-74.012631787,-54.652073530,-0.487802633,-0.541766123,0.676923896,-0.101548503,121
647,3543,42.522001000,11.526417519,-74.142522137,-54.671367248,-0.481794663,-0.548779313,0.677393450,-0.088618750,125
648,3548,42.582001000,11.392218286,-74.256342508,-54.716512681,-0.475670563,-0.549103510,0.683156766,-0.074294575,155
649,3553,42.642001000,11.284495084,-74.396405888,-54.717940847,-0.474911771,-0.543609303,0.689076227,-0.064200382,94
650,3558,42.702001000,11.186824552,-74.514540814,-54.747805057,-0.476141707,-0.537857737,0.692418744,-0.067486388,112
651,3563,42.762001000,11.056655047,-74.632238377,-54.779055937,-0.476144227,-0.536273715,0.692946093,-0.074316152,77
652,3568,42.822001000,11.021824086,-74.761264511,-54.859814191,-0.476804177,-0.532439948,0.695089092,-0.077566956,68
653,3573,42.882001000,10.868300926,-74.917121285,-54.797527229,-0.477521424,-0.536119332,0.691594836,-0.079031227,59
654,3578,42.942001000,10.756171669,-75.032491368,-54.786032571,-0.481415355,-0.526837936,0.695075651,-0.086895825,99
655,3583,43.002001000,10.665617210,-75.153473997,-54.792686330,-0.483222750,-0.519535887,0.698829520,-0.090639609,76
656,3588,43.062001000,10.497066234,-75.249682811,-54.712885058,-0.481447546,-0.522492999,0.696934322,-0.097426266,73
657,3593,43.122001000,10.424968396,-75.363635249,-54.721869539,-0.478543396,-0.532363266,0.689814060,-0.108361125,108
658,3598,43.182001000,10.326404369,-75.483431853,-54.709899349,-0.475539464,-0.540768993,0.683753105,-0.117952563,122
659,3603,43.242001000,10.259455829,-75.609900292,-54.682383024,-0.474366191,-0.538735094,0.686212158,-0.117703391,162
660,3608,43.302001000,10.153741501,-75.730714891,-54.689070181,-0.472220237,-0.529570193,0.695279981,-0.114669986,135
661,3613,43.362001000,10.047856219,-75.834943626,-54.657660017,-0.469221992,-0.532791693,0.694564405,-0.116378782,106
662,3618,43.422001000,9.949845494,-76.034943125,-54.625936791,-0.467577696,-0.532144607,0.696984434,-0.111381838,147
663,3623,43.482001000,9.873505413,-76.126318601,-54.616703340,-0.462521313,-0.538298015,0.695329573,-0.113252230,89
664,3628,43.542001000,9.745844776,-76.253249683,-54.627103891,-0.458345341,-0.558937741,0.678622137,-0.130307885,251
665,3633,43.602001000,9.658712511,-76.346985724,-54.580350618,-0.457715262,-0.560694322,0.676629179,-0.135246330,163
666,3638,43.662001000,9.549995128,-76.471769309,-54.518213338,-0.456736880,-0.562840216,0.675389600,-0.135835203,209
667,3643,43.722001000,9.438197367,-76.613454093,-54.555401883,-0.453393422,-0.563586396,0.676450792,-0.138632991,167
668,3648,43.782001000,9.344936033,-76.733813507,-54.490398631,-0.454443557,-0.558260351,0.680932769,-0.134747908,288
669,3653,43.842001000,9.247676315,-76.891126666,-54.445316812,-0.452258233,-0.565524151,0.675597999,-0.138608333,364
670,3658,43.902001000,9.133457434,-77.023949548,-54.389856733,-0.448620336,-0.576636278,0.667023419,-0.145979983,409
671,3667,44.010001000,8.950667848,-77.298477624,-54.317166019,-0.447539941,-0.571054285,0.673389708,-0.141955294,348
672,3679,44.154001000,8.662739033,-77.612626554,-54.107631639,-0.450090559,-0.563268686,0.679067211,-0.137893439,436
673,3697,44.370001000,8.182920045,-78.165286637,-53.878077192,-0.450725591,-0.535193612,0.703920249,-0.122108645,532
674,3718,44.622001000,7.669516069,-78.836916774,-53.571728226,-0.464194991,-0.492022061,0.724889781,-0.130277042,496
675,3738,44.862001000,7.206229059,-79.354685112,-53.400849788,-0.465232212,-0.491881928,0.726792513,-0.115688377,292
676,3747,44.970001000,6.954801856,-79.613686885,-53.255895293,-0.464396375,-0.498703531,0.724632587,-0.102656750,148
677,3752,45.030001000,6.826588999,-79.732661686,-53.220638188,-0.466214694,-0.498318714,0.723894607,-0.101483577,212
678,3757,45.090001000,6.705911213,-79.851055539,-53.154602637,-0.466899533,-0.500915052,0.722096440,-0.098314125,270
679,3762,45.150001000,6.597812234,-79.976352835,-53.097243364,-0.469264148,-0.499631562,0.721689947,-0.096556110,168
680,3767,45.210001000,6.459229726,-80.106813269,-53.009595341,-0.469436784,-0.504642930,0.718070043,-0.096643843,127
681,3772,45.270001000,6.379930686,-80.245673491,-52.976861165,-0.469712325,-0.505198624,0.717683209,-0.095265387,377
682,3777,45.330001000,6.259685434,-80.365078769,-52.913513841,-0.470911815,-0.500176644,0.720893241,-0.091533175,371
683,3782,45.390001000,6.133186921,-80.481833686,-52.848270343,-0.471813652,-0.497862198,0.722158930,-0.089507485,374
684,3787,45.450001000,5.920457216,-80.572253663,-52.711715622,-0.468612965,-0.510445277,0.714640062,-0.095588122,396
685,3792,45.510001000,5.838954446,-80.688404822,-52.693513232,-0.467974536,-0.505702873,0.718491679,-0.095048124,459
686,3797,45.570001000,5.737496980,-80.819782445,-52.637954949,-0.466896495,-0.504073177,0.720747287,-0.091876240,329
687,3802,45.630001000,5.591729125,-80.909362737,-52.580192780,-0.464427669,-0.505115223,0.721211553,-0.094970769,174
688,3807,45.690001000,5.466071693,-80.990669584,-52.575090803,-0.461154766,-0.505012771,0.722837253,-0.099018624,225
689,3812,45.750001000,5.352784873,-81.191014515,-52.512310922,-0.458208995,-0.517212446,0.715434560,-0.103388556,400
690,3817,45.810001000,5.227961078,-81.272767430,-52.432750693,-0.456214680,-0.524094357,0.710494704,-0.111312829,333
691,3822,45.870001000,5.141363423,-81.384571915,-52.436593023,-0.453314599,-0.524368674,0.711547071,-0.115083161,328
692,3828,45.942001000,4.966151357,-81.501327628,-52.246878291,-0.450087652,-0.534591556,0.705331133,-0.118915800,388
693,3839,46.074001000,4.701281111,-81.739923094,-52.198810471,-0.441879451,-0.539405043,0.704854065,-0.130251672,489
694,3848,46.182001000,4.480953508,-81.978208842,-51.970618813,-0.439458351,-0.548181411,0.699506400,-0.130630374,206
695,3853,46.242001000,4.359329976,-82.056879465,-52.060377235,-0.439596731,-0.535121477,0.706608454,-0.145272889,449
696,3858,46.302001000,4.232937996,-82.178908137,-51.982654239,-0.442988585,-0.523362463,0.712340462,-0.149746161,421
697,3863,46.362001000,4.090863068,-82.309507352,-51.878330202,-0.445276296,-0.508755564,0.723919602,-0.137248698,293
698,3868,46.422001000,3.956792944,-82.441446596,-51.811555213,-0.447656223,-0.489268834,0.737600926,-0.127140823,286
699,3873,46.482001000,3.809288639,-82.573386105,-51.760402945,-0.447323386,-0.479940616,0.745331132,-0.118491763,246
700,3878,46.542001000,3.644396366,-82.700647059,-51.673877865,-0.446842800,-0.477723012,0.747822066,-0.113465382,231
701,3883,46.602001000,3.518557328,-82.822319116,-51.653693049,-0.444874422,-0.471406521,0.753610242,-0.109243965,164
702,3888,46.662001000,3.386285896,-82.969614098,-51.614352996,-0.443293096,-0.467024215,0.757618418,-0.106742431,225
703,3893,46.722001000,3.246344597,-83.110066853,-51.589616154,-0.441201351,-0.462840095,0.761675922,-0.104738745,190
704,3898,46.782001000,3.128133902,-83.233200897,-51.561736073,-0.440164262,-0.457025372,0.765840733,-0.104265069,141
705,3903,46.842001000,3.002791933,-83.382890024,-51.556647774,-0.438237770,-0.454201321,0.768566900,-0.104660100,90
706,3908,46.902001000,2.848491542,-83.628151066,-51.482413180,-0.434762788,-0.473093675,0.758143090,-0.111277794,125
707,3913,46.962001000,2.734322168,-83.765700404,-51.413566537,-0.433209730,-0.482895657,0.750894634,-0.123686549,152
708,3918,47.022001000,2.591755723,-83.890990602,-51.363950337,-0.426116767,-0.500423819,0.742162828,-0.131129093,197
709,3923,47.082001000,2.440448171,-84.126882083,-51.299379193,-0.420449558,-0.508898884,0.740214907,-0.127773183,78
710,3928,47.142001000,2.278143881,-84.271912806,-51.130609659,-0.419270236,-0.511980225,0.739171056,-0.125358959,105
711,3933,47.202001000,2.154138598,-84.339430341,-51.127912259,-0.413286496,-0.506801165,0.746085117,-0.125315004,70
712,3938,47.262001000,1.997872634,-84.521194389,-51.043807487,-0.411714724,-0.508336053,0.745907946,-0.125326694,131
713,3943,47.322001000,1.835474345,-84.729113197,-50.931661096,-0.407893445,-0.506894151,0.749750554,-0.120645611,91
714,3948,47.382001000,1.685318570,-84.927204091,-50.847110153,-0.405671607,-0.504067181,0.753715108,-0.115153641,114
715,3953,47.442001000,1.545522240,-85.066515050,-50.708980408,-0.403404075,-0.508779745,0.751539933,-0.116602110,129
716,3958,47.502001000,1.355101311,-85.237946137,-50.570282259,-0.400632042,-0.519975155,0.744531672,-0.121623984,126
717,3963,47.562001000,1.216139100,-85.441540790,-50.503870154,-0.398273514,-0.520204669,0.746224821,-0.117956886,176
718,3968,47.622001000,1.081643619,-85.592968375,-50.409209824,-0.396636234,-0.524411744,0.743926342,-0.119355014,163
719,3973,47.682001000,0.922756820,-85.759023945,-50.363858370,-0.394501531,-0.522357210,0.746324970,-0.120459643,202
720,3978,47.742001000,0.779595053,-85.924659756,-50.342669373,-0.390792051,-0.517578770,0.751607666,-0.120331648,124
721,3983,47.802001000,0.622389751,-86.099393818,-50.303099061,-0.385343085,-0.511912512,0.759054697,-0.115292035,184
722,3988,47.862001000,0.486607175,-86.282061552,-50.222752352,-0.381630641,-0.508638724,0.763221892,-0.114616954,178
723,3993,47.922001000,0.347743750,-86.480907431,-50.185936864,-0.377692939,-0.499795561,0.771697937,-0.109702943,215
724,3998,47.982001000,0.180832213,-86.666462292,-50.179020938,-0.374777367,-0.474985399,0.790438233,-0.095593910,190
725,4003,48.042001000,-0.010009749,-86.835676865,-50.062524032,-0.374766053,-0.454827252,0.802921302,-0.089442486,200
726,4008,48.102001000,-0.131007249,-87.023197764,-49.872241390,-0.378450910,-0.436596102,0.812169274,-0.080869172,175
727,4013,48.162001000,-0.207073224,-87.257268943,-49.785446122,-0.381094415,-0.418337988,0.821397299,-0.071181815,118
728,4018,48.222001000,-0.311465363,-87.466637853,-49.702666443,-0.382714224,-0.405768501,0.827377344,-0.065791170,45
729,4023,48.282001000,-0.449887834,-87.641244590,-49.640399029,-0.382842032,-0.399561995,0.830500600,-0.063647023,16
730,4028,48.342001000,-0.605704106,-87.812279145,-49.562078629,-0.381882652,-0.392527183,0.834348047,-0.062860059,12
731,4033,48.402001000,-0.913155968,-87.849524458,-49.292069692,-0.380160913,-0.400499109,0.831140861,-0.065444732,17
732,4038,48.462001000,-1.090321051,-88.012907004,-49.189415023,-0.379730276,-0.398393121,0.832289546,-0.066196294,21
733,4043,48.522001000,-1.260134914,-88.157338227,-49.071859436,-0.380312282,-0.395039002,0.833428094,-0.068588392,13
734,4048,48.582001000,-1.359903813,-88.375649505,-49.037329881,-0.381357778,-0.387420705,0.836689862,-0.066494497,13
735,4053,48.642001000,-1.601841760,-88.480892632,-48.917782330,-0.379650115,-0.388866666,0.836515187,-0.069934602,5
736,4058,48.702001000,-1.732964748,-88.694471720,-48.931244976,-0.379047911,-0.381950546,0.840320184,-0.065562565,13
737,4063,48.762001000,-1.861043788,-88.879776098,-48.801865834,-0.379506565,-0.380638616,0.840903336,-0.063012626,32
738,4068,48.822001000,-2.041381863,-89.058650788,-48.675025601,-0.378295454,-0.380928913,0.841016066,-0.066915545,31
739,4073,48.882001000,-2.181103341,-89.177932996,-48.601428255,-0.378631974,-0.377011545,0.842048157,-0.073858145,34
740,4078,48.942001000,-2.306641109,-89.249511535,-48.461739719,-0.377424529,-0.376023871,0.842682297,-0.077738787,41
741,4083,49.002001000,-2.489920150,-89.421396172,-48.235021413,-0.374717209,-0.381121105,0.841458589,-0.079253764,36
742,4088,49.062001000,-2.633869962,-89.553166732,-48.138307189,-0.370011318,-0.379305357,0.844104780,-0.081891336,28
743,4093,49.122001000,-2.778093392,-89.687346209,-47.949666855,-0.364333951,-0.381658171,0.845483101,-0.082195732,17
744,4098,49.182001000,-2.860282858,-89.796600490,-47.882209480,-0.354359540,-0.379142028,0.850756230,-0.083032980,34
745,4103,49.242001000,-2.964203547,-89.932191233,-47.833568857,-0.340709239,-0.375026860,0.858075777,-0.083534605,16
746,4108,49.302001000,-3.076723189,-90.081881212,-47.748834470,-0.326590064,-0.372578280,0.864450860,-0.085141447,24
747,4113,49.362001000,-3.196437629,-90.218443846,-47.625521579,-0.312450981,-0.372720038,0.869425743,-0.086908201,26
748,4118,49.422001000,-3.293299446,-90.380833971,-47.617701965,-0.296228181,-0.366897972,0.877331203,-0.089020797,21
749,4123,49.482001000,-3.437093728,-90.508390666,-47.544063952,-0.279215524,-0.361615268,0.884587908,-0.093687361,3
750,4128,49.542001000,-3.527246641,-90.789740470,-47.532574961,-0.267379484,-0.352745140,0.891805025,-0.093610230,13
751,4133,49.602001000,-3.674881109,-90.945446031,-47.483506761,-0.252200511,-0.348496978,0.897545194,-0.096733571,22
752,4138,49.662001000,-3.782445623,-91.113663621,-47.399557842,-0.240861468,-0.344132414,0.902113041,-0.098745613,21
753,4143,49.722001000,-3.875253550,-91.200499132,-47.317305296,-0.230746165,-0.341703773,0.905394979,-0.101265345,17
754,4148,49.782001000,-3.975753165,-91.406750760,-47.176709300,-0.224027953,-0.338635305,0.908118579,-0.102265600,22
755,4153,49.842001000,-4.069267461,-91.580790967,-47.072707799,-0.216566690,-0.333800516,0.911568080,-0.103536083,8
756,4158,49.902001000,-4.188511735,-91.683025261,-46.895704392,-0.209567677,-0.336075569,0.912065757,-0.106163343,24
757,4163,49.962001000,-4.254488304,-91.864193821,-46.842746536,-0.205709242,-0.328357039,0.915715096,-0.106448227,46
758,4168,50.022001000,-4.331348557,-92.013704718,-46.691820632,-0.203760758,-0.327069219,0.916499396,-0.107406409,58
759,4173,50.082001000,-4.405789998,-92.134964742,-46.479610297,-0.202515728,-0.329602691,0.915923913,-0.106924417,38
760,4178,50.142001000,-4.494973212,-92.274232521,-46.401778946,-0.198090049,-0.326263783,0.917954495,-0.108036208,29
761,4183,50.202001000,-4.549565019,-92.435312298,-46.228602823,-0.196274093,-0.321807389,0.920146180,-0.106054199,64
762,4188,50.262001000,-4.621016786,-92.559075623,-46.039879054,-0.192879677,-0.324063890,0.920193574,-0.104994338,20
763,4193,50.322001000,-4.659955511,-92.728663407,-45.874707414,-0.192634860,-0.323359722,0.920445050,-0.105409730,45
764,4198,50.382001000,-4.716360294,-92.877448506,-45.694886416,-0.190526071,-0.325107809,0.920232429,-0.105721360,59
765,4203,50.442001000,-4.781580095,-92.974836138,-45.506248783,-0.189677513,-0.325546969,0.920084914,-0.107169781,85
766,4208,50.502001000,-4.839532520,-93.121443408,-45.358377920,-0.187263380,-0.323781983,0.921421885,-0.105258556,16
767,4213,50.562001000,-4.903409963,-93.279031380,-45.267454377,-0.183977742,-0.318576245,0.924006891,-0.104271914,67
768,4218,50.622001000,-4.972648270,-93.376190896,-45.109497160,-0.182504718,-0.318088013,0.924291018,-0.105821349,65
769,4223,50.682001000,-5.009041294,-93.518149694,-44.883406843,-0.182211661,-0.320716347,0.923656018,-0.103920625,86
770,4228,50.742001000,-5.114725359,-93.667395109,-44.787197099,-0.178197046,-0.316645349,0.925720956,-0.104986888,158
771,4233,50.802001000,-5.176405294,-93.820405305,-44.630243633,-0.175747232,-0.314154084,0.927121119,-0.104242756,22
772,4238,50.862001000,-5.210784027,-93.855630296,-44.495329185,-0.171265735,-0.311983136,0.928392309,-0.106875116,115
773,4243,50.922001000,-5.267813652,-93.980092661,-44.331197151,-0.167475803,-0.311509518,0.929293847,-0.106426599,73
774,4248,50.982001000,-5.297091549,-94.101159949,-44.152432901,-0.165354761,-0.310919303,0.930177825,-0.103712119,72
775,4253,51.042001000,-5.337991646,-94.146279147,-43.983846900,-0.161724552,-0.311687564,0.930374300,-0.105355082,91
776,4258,51.102001000,-5.395249938,-94.262773507,-43.862053814,-0.153364680,-0.308532643,0.932972490,-0.104159574,40
777,4263,51.162001000,-5.430467791,-94.330832754,-43.678326137,-0.145415027,-0.308933847,0.934079260,-0.104452307,100
778,4268,51.222001000,-5.487311141,-94.440869793,-43.553495747,-0.136771990,-0.306736476,0.935997660,-0.105425509,115
779,4273,51.282001000,-5.529782368,-94.519077373,-43.390676457,-0.129561276,-0.306398374,0.937454867,-0.102529431,138
780,4278,51.342001000,-5.571177703,-94.626250910,-43.233308356,-0.122601348,-0.307134045,0.939754049,-0.086602058,136
781,4283,51.402001000,-5.593719091,-94.689085064,-43.024118463,-0.119529297,-0.309426578,0.939727045,-0.082951916,120
782,4288,51.462001000,-5.613406772,-94.767071330,-42.848397838,-0.117008284,-0.309115730,0.939231634,-0.092738695,156
783,4293,51.522001000,-5.605982489,-94.805908672,-42.645373604,-0.116721333,-0.310251511,0.938419408,-0.097412242,128
784,4298,51.582001000,-5.625832635,-94.890074273,-42.472922193,-0.115801108,-0.300779631,0.941340824,-0.099995852,241
785,4303,51.642001000,-5.661372443,-94.948760641,-42.371260738,-0.115599201,-0.280192339,0.947449572,-0.102315135,123
786,4308,51.702001000,-5.662953666,-95.039292930,-42.207916062,-0.115956077,-0.273710574,0.949377689,-0.101581072,116
787,4313,51.762001000,-5.685158194,-95.112596828,-42.048856069,-0.115868329,-0.274460251,0.949020999,-0.102981767,142
788,4318,51.822001000,-5.700727614,-95.184689926,-41.912140624,-0.115844882,-0.276533294,0.948356663,-0.103580597,235
789,4323,51.882001000,-5.712784944,-95.261896237,-41.761815312,-0.116603784,-0.284604657,0.945636983,-0.105709235,126
790,4328,51.942001000,-5.728893761,-95.333679991,-41.670552264,-0.117007807,-0.288110676,0.944290940,-0.107777696,158
791,4333,52.002001000,-5.762194684,-95.326572787,-41.620316933,-0.116383499,-0.289786523,0.943299002,-0.112541747,228
792,4338,52.062001000,-5.749154338,-95.402746746,-41.392547590,-0.119908788,-0.292500888,0.942445977,-0.108906806,193
793,4343,52.122001000,-5.764074541,-95.460319353,-41.271483627,-0.122124141,-0.281814317,0.945545206,-0.107752718,201
794,4348,52.182001000,-5.773485851,-95.485325986,-41.112561100,-0.123575040,-0.281681463,0.945489162,-0.106934592,104
795,4353,52.242001000,-5.792834456,-95.535793477,-41.014259519,-0.122320669,-0.283472617,0.945122460,-0.106885292,200
796,4358,52.302001000,-5.793798921,-95.604016216,-40.882119289,-0.121005539,-0.288008200,0.944167391,-0.104675091,114
797,4363,52.362001000,-5.802807051,-95.641003500,-40.720068433,-0.118105341,-0.291653490,0.943466783,-0.104210364,126
798,4368,52.422001000,-5.807517854,-95.692973124,-40.622477741,-0.111872812,-0.291525975,0.944305373,-0.103848168,141
799,4373,52.482001000,-5.819114366,-95.723913009,-40.507675527,-0.103290833,-0.290478540,0.945654963,-0.103392038,199
800,4378,52.542001000,-5.828023579,-95.754698939,-40.397592851,-0.093096826,-0.288990739,0.947273844,-0.102418741,133
801,4383,52.602001000,-5.832151627,-95.766541603,-40.292032631,-0.082983788,-0.286830701,0.948859218,-0.102508653,182
802,4388,52.662001000,-5.834637283,-95.795347819,-40.165262325,-0.072637488,-0.285811723,0.950114255,-0.101579311,104
803,4393,52.722001000,-5.841812582,-95.842746370,-40.072591397,-0.062430352,-0.282327342,0.951882010,-0.101559651,109
804,4398,52.782001000,-5.855832979,-95.858694967,-39.943717751,-0.053613350,-0.282771715,0.952556820,-0.099001371,100
805,4403,52.842001000,-5.862517115,-95.884280834,-39.821420933,-0.043503419,-0.279951751,0.953978490,-0.098282805,79
806,4408,52.902001000,-5.856146767,-95.890184533,-39.687867974,-0.033436985,-0.279596792,0.954759997,-0.095608317,52
807,4413,52.962001000,-5.832122967,-95.961686643,-39.558217424,-0.025301360,-0.276742456,0.957465838,-0.077669962,52
808,4418,53.022001000,-5.815056439,-96.002876231,-39.413199574,-0.015909425,-0.275296108,0.959504895,-0.057526513,36
809,4423,53.082001000,-5.837342901,-96.042241410,-39.326586928,-0.004608348,-0.271107720,0.961666258,-0.040955766,28
810,4428,53.142001000,-5.821564133,-96.041558035,-39.176589305,0.006604068,-0.270226504,0.962516610,-0.022266533,29
811,4433,53.202001000,-5.763062681,-96.082594197,-39.033827870,0.014338659,-0.266595509,0.963456035,-0.021764794,25
812,4438,53.262001000,-5.685853554,-96.160290256,-38.904432070,0.019376320,-0.262117108,0.963932586,-0.041870623,30
813,4443,53.322001000,-5.680744098,-96.218325101,-38.783775652,0.027494402,-0.251418872,0.965381625,-0.063803812,35
814,4448,53.382001000,-5.670993428,-96.246246673,-38.647240547,0.035561072,-0.239288826,0.966764633,-0.082718876,32
815,4453,53.442001000,-5.617330426,-96.265186630,-38.530676216,0.041198349,-0.236230386,0.966218433,-0.094444911,30
816,4458,53.502001000,-5.529542187,-96.266063319,-38.416290745,0.044743912,-0.239258457,0.964698335,-0.100550961,45
817,4463,53.562001000,-5.511156154,-96.304307214,-38.303686022,0.050253021,-0.243253532,0.962933291,-0.105175234,71
818,4468,53.622001000,-5.454525212,-96.274134334,-38.178314832,0.052272983,-0.249835433,0.961003734,-0.106403082,53
819,4473,53.682001000,-5.368877678,-96.256099092,-38.045946923,0.053010532,-0.241986810,0.962728768,-0.108561443,46
820,4478,53.742001000,-5.269136446,-96.201911095,-37.900372547,0.051717003,-0.246832194,0.961584408,-0.108418848,82
821,4483,53.802001000,-5.185011505,-96.229445402,-37.769777986,0.050894513,-0.251995728,0.960304842,-0.108270549,96
822,4488,53.862001000,-5.177681664,-96.269400565,-37.683152904,0.053867423,-0.254177752,0.959606936,-0.107918946,117
823,4493,53.922001000,-5.218038521,-96.333572989,-37.629104455,0.058925353,-0.252214693,0.959607240,-0.109861264,112
824,4498,53.982001000,-5.131771421,-96.346840395,-37.518473941,0.056391949,-0.253006088,0.959683234,-0.108701230,110
825,4503,54.042001000,-5.086675994,-96.353470772,-37.428787943,0.054439839,-0.241943666,0.962515253,-0.109836030,105
826,4508,54.102001000,-5.046867963,-96.414323114,-37.360270188,0.052947848,-0.226534598,0.966207775,-0.111000614,113
827,4513,54.162001000,-5.021662498,-96.437449410,-37.250414562,0.051601243,-0.216629581,0.968452511,-0.111842164,131
828,4518,54.222001000,-5.020017567,-96.401659415,-37.199017975,0.052567948,-0.215244783,0.968580780,-0.112949395,121
829,4523,54.282001000,-5.083066593,-96.494560753,-37.131266926,0.058459542,-0.211535523,0.968909048,-0.114238611,135
830,4528,54.342001000,-5.056196494,-96.503734066,-37.048437798,0.061644633,-0.215783267,0.967674366,-0.115081896,165
831,4533,54.402001000,-4.989625761,-96.500451467,-36.979981806,0.064294745,-0.219434610,0.966718687,-0.114758959,136
832,4538,54.462001000,-4.978232427,-96.448179853,-36.907471213,0.072376191,-0.223659829,0.966632382,-0.101783128,171
833,4543,54.522001000,-4.885743553,-96.411794587,-36.797614222,0.079369386,-0.222439277,0.967816273,-0.086907595,126
834,4548,54.582001000,-4.921879451,-96.437141571,-36.737542819,0.092760245,-0.220404193,0.967386353,-0.083553416,126
835,4553,54.642001000,-4.874378063,-96.434071717,-36.714485037,0.101374906,-0.206517691,0.968713455,-0.093101096,149
836,4558,54.702001000,-4.784920989,-96.446545124,-36.618188074,0.106472024,-0.190273162,0.970540780,-0.102520371,131
837,4563,54.762001000,-4.771153902,-96.431834086,-36.544518665,0.115898872,-0.190209782,0.968457063,-0.111707684,147
838,4568,54.822001000,-4.703870509,-96.488632504,-36.513663470,0.122212342,-0.195631108,0.966496273,-0.112594707,118
839,4573,54.882001000,-4.642982954,-96.446083530,-36.433039327,0.126252132,-0.208176769,0.963009339,-0.115480930,145
840,4578,54.942001000,-4.551867757,-96.428094062,-36.354937735,0.127174349,-0.216421596,0.960719949,-0.118345081,162
841,4583,55.002001000,-4.465906288,-96.485389573,-36.291318531,0.128607113,-0.222627107,0.959458583,-0.115484239,138
842,4588,55.062001000,-4.496990925,-96.508553399,-36.177537896,0.133468137,-0.230302723,0.956503734,-0.119362975,106
843,4593,55.122001000,-4.509881165,-96.547702123,-36.166757712,0.137700195,-0.222158114,0.957696074,-0.120426989,119
844,4598,55.182001000,-4.261537531,-96.501000183,-36.160413788,0.126574742,-0.213945126,0.961264217,-0.119068982,140
845,4603,55.242001000,-4.396817965,-96.541803618,-36.108012978,0.133628393,-0.200369533,0.962409017,-0.125556306,115
846,4608,55.302001000,-4.329467815,-96.557693834,-36.071323626,0.131385801,-0.194367538,0.964166873,-0.123859891,124
847,4613,55.362001000,-4.167625206,-96.619144220,-35.981064696,0.122908143,-0.192725422,0.966778126,-0.114413963,91
848,4618,55.422001000,-4.235156304,-96.596032459,-36.050158222,0.129650807,-0.193157499,0.965148377,-0.119872676,83
849,4623,55.482001000,-4.202799589,-96.644220436,-35.996310213,0.129430985,-0.191880857,0.965093521,-0.122571823,76
850,4628,55.542001000,-4.117726284,-96.721861331,-35.963274790,0.126637404,-0.192335151,0.966170143,-0.116126712,105
851,4633,55.602001000,-4.098306467,-96.685630121,-35.978271407,0.128314673,-0.202846398,0.963499374,-0.118564922,100
852,4638,55.662001000,-4.023685739,-96.811395011,-36.114107127,0.127628483,-0.191775651,0.966876028,-0.109926411,85
853,4643,55.722001000,-4.153671662,-96.622805731,-35.885877127,0.134224257,-0.204055981,0.964793310,-0.097564722,86
854,4648,55.782001000,-4.134404597,-96.646989289,-35.872303996,0.134992798,-0.210258943,0.963793538,-0.093113568,96
855,4653,55.842001000,-4.104562139,-96.689762088,-35.835238177,0.136955782,-0.226770976,0.959103359,-0.099693459,88
856,4658,55.902001000,-4.130022908,-96.642439276,-35.809126420,0.142630163,-0.249307192,0.952367764,-0.102460741,69
857,4663,55.962001000,-4.146803037,-96.632381611,-35.852492774,0.146114489,-0.259122288,0.949015827,-0.104284019,78
858,4668,56.022001000,-4.041525054,-96.646422112,-35.954604130,0.142617353,-0.261925205,0.948951427,-0.102696969,99
859,4673,56.082001000,-3.997012843,-96.682308810,-35.968789494,0.143154726,-0.264972474,0.947882820,-0.103992655,74
860,4678,56.142001000,-3.889569751,-96.759400555,-36.024398106,0.140296733,-0.264054767,0.948669444,-0.103044617,76
861,4683,56.202001000,-3.839904204,-96.790199471,-36.035244663,0.140484101,-0.263369574,0.948479172,-0.106244741,75
862,4688,56.262001000,-3.848179503,-96.877232346,-36.098830664,0.141103101,-0.259769753,0.948862664,-0.110766583,45
863,4693,56.322001000,-3.717720417,-96.837656404,-36.083897252,0.133849673,-0.265034534,0.948345630,-0.111720752,39
864,4698,56.382001000,-3.703448649,-96.857577938,-36.081301545,0.136328321,-0.263180706,0.948221894,-0.114130381,74
865,4703,56.442001000,-3.676701560,-96.838119297,-36.101521486,0.138281601,-0.264107135,0.947572022,-0.115034268,52
866,4708,56.502001000,-3.596854658,-96.856758994,-36.102137233,0.139254259,-0.261102090,0.948233294,-0.115271718,86
867,4713,56.562001000,-3.535951238,-96.843225242,-36.103233787,0.140844538,-0.260855340,0.948125162,-0.114786695,86
868,4718,56.622001000,-3.457321301,-96.834570296,-36.109708540,0.143017227,-0.260737143,0.948071227,-0.112796999,59
869,4723,56.682001000,-3.414784172,-96.846643382,-36.127424005,0.146401904,-0.257970528,0.948025119,-0.115178394,53
870,4728,56.742001000,-3.382898687,-96.797722924,-36.088603463,0.152367329,-0.259166638,0.946616706,-0.116334272,46
871,4733,56.802001000,-3.291917877,-96.792297158,-36.108419577,0.154907386,-0.255775889,0.947246869,-0.115350616,51
872,4738,56.862001000,-3.226888238,-96.792895576,-36.119860011,0.159377160,-0.253432556,0.947023031,-0.116267962,42
873,4743,56.922001000,-3.236585474,-96.786542190,-36.113227438,0.167788630,-0.252128317,0.945659555,-0.118348188,44
874,4748,56.982001000,-3.158529110,-96.755495201,-36.096768855,0.171651918,-0.252049872,0.945157877,-0.116974647,36
875,4753,57.042001000,-3.132457242,-96.762510123,-36.125308204,0.176871679,-0.248588327,0.944805468,-0.119427305,49
876,4758,57.102001000,-3.008503935,-96.737146948,-36.141575626,0.178554530,-0.246893895,0.945295444,-0.116525570,57
877,4763,57.162001000,-2.952658044,-96.723930088,-36.141331544,0.184301209,-0.244545930,0.944778154,-0.116724432,52
878,4768,57.222001000,-2.855322122,-96.646475038,-36.135097359,0.187256704,-0.246330138,0.943908691,-0.115294288,39
879,4773,57.282001000,-2.798087278,-96.634039920,-36.128000381,0.193805110,-0.243860851,0.943074674,-0.116540226,42
880,4778,57.342001000,-2.720181575,-96.599730228,-36.114267377,0.198991349,-0.242102103,0.942383631,-0.117056001,38
881,4783,57.402001000,-2.704634988,-96.586744793,-36.118054275,0.205354376,-0.240337804,0.941258959,-0.118738760,33
882,4788,57.462001000,-2.600296709,-96.590230599,-36.126867276,0.207024495,-0.237604022,0.941518873,-0.119278659,35
883,4793,57.522001000,-2.576138003,-96.518489376,-36.112119713,0.210445225,-0.238813251,0.940258852,-0.120806993,42
884,4798,57.582001000,-2.516620035,-96.472284400,-36.105567582,0.212131959,-0.239240949,0.939749614,-0.120972989,40
885,4803,57.642001000,-2.487908181,-96.460367692,-36.113557801,0.214989741,-0.237103756,0.939444713,-0.122494295,37
886,4808,57.702001000,-2.399121679,-96.402376942,-36.109501426,0.214193603,-0.237690840,0.939520592,-0.122168824,38
887,4813,57.762001000,-2.356761320,-96.378890787,-36.079287224,0.216714792,-0.238089396,0.938695729,-0.123282059,58
888,4818,57.822001000,-2.323392523,-96.348940104,-36.076948789,0.218817477,-0.236613170,0.938354112,-0.124998718,63
889,4823,57.882001000,-2.235992654,-96.310487696,-36.064834685,0.219320300,-0.236555214,0.938529351,-0.122893830,62
890,4828,57.942001000,-2.187218213,-96.289390297,-36.070876068,0.219582668,-0.235619584,0.938307908,-0.125877450,58
891,4833,58.002001000,-2.121460079,-96.253704717,-36.054982136,0.219802580,-0.235127044,0.938269862,-0.126695558,57
892,4838,58.062001000,-2.057231657,-96.190534860,-36.061712622,0.217171145,-0.237389430,0.936223550,-0.141309648,68
893,4843,58.122001000,-2.018104918,-96.154154931,-36.019782053,0.214842504,-0.242284877,0.930755644,-0.169807740,75
894,4848,58.182001000,-1.957505832,-96.108820835,-36.024728315,0.209039828,-0.245262867,0.925474994,-0.199109296,71
895,4853,58.242001000,-1.909175697,-96.064971909,-36.019262969,0.203484686,-0.246453147,0.923341153,-0.212828438,59
896,4858,58.302001000,-1.881456021,-96.023304501,-36.021518924,0.198571945,-0.246969575,0.921852454,-0.223076813,68
897,4863,58.362001000,-1.829620734,-95.989678476,-35.987593886,0.191803006,-0.247448141,0.924863167,-0.215891515,58
898,4868,58.422001000,-1.815804130,-95.977508975,-35.988036978,0.187200913,-0.245742015,0.928488426,-0.206096878,66
899,4873,58.482001000,-1.721815120,-95.924275143,-35.968207758,0.180675780,-0.244023104,0.935026044,-0.183126415,51
900,4878,58.542001000,-1.708900087,-95.887954915,-35.924492371,0.177906603,-0.242829210,0.939912515,-0.161082834,38
901,4883,58.602001000,-1.667077241,-95.885449416,-35.921942816,0.171191683,-0.239999578,0.944098790,-0.147550277,46
902,4888,58.662001000,-1.659951324,-95.861188685,-35.895805081,0.165891819,-0.239514011,0.946315167,-0.140001957,46
903,4893,58.722001000,-1.620604329,-95.825797132,-35.876717779,0.159159140,-0.239724408,0.947941999,-0.136405804,31
904,4898,58.782001000,-1.535847663,-95.748103745,-35.859263714,0.150247136,-0.242286582,0.949229529,-0.132989893,34
905,4903,58.842001000,-1.462338608,-95.802065622,-35.845857460,0.147654437,-0.236753425,0.951429976,-0.130103740,39
906,4908,58.902001000,-1.296086565,-95.650789735,-35.744437197,0.142106066,-0.241823014,0.952550490,-0.118216160,27
907,4913,58.962001000,-1.391920877,-95.846862571,-35.867011170,0.144222958,-0.228418896,0.953731921,-0.131984728,17
908,4918,59.022001000,-1.493483103,-95.682076172,-35.829004255,0.144927374,-0.240584494,0.950058108,-0.136032159,28
909,4923,59.082001000,-1.462531321,-95.703923723,-35.829682506,0.144257274,-0.237007850,0.950671946,-0.138708218,18
910,4928,59.142001000,-1.373747931,-95.757220423,-35.909751259,0.142904763,-0.232439606,0.952037445,-0.138472964,32
911,4933,59.202001000,-1.387378085,-95.644002129,-35.784736103,0.145589151,-0.235414595,0.950825429,-0.138977590,28
912,4938,59.262001000,-1.350151273,-95.586282203,-35.787981775,0.141988707,-0.232774648,0.951789543,-0.140541228,18
913,4943,59.322001000,-1.294138350,-95.555592857,-35.724719278,0.140604598,-0.231469403,0.951773785,-0.144148969,20
914,4948,59.382001000,-1.247692374,-95.442367551,-35.664204322,0.134832893,-0.236474720,0.949664422,-0.155039617,17
915,4953,59.442001000,-1.221344757,-95.517902169,-35.689459193,0.133108413,-0.230079700,0.948898794,-0.170107497,6
916,4958,59.502001000,-1.243612457,-95.538425777,-35.695091722,0.130422923,-0.226802345,0.947911986,-0.181695964,15
917,4963,59.562001000,-1.211921984,-95.564482286,-35.620662756,0.125287494,-0.224928197,0.946258577,-0.195716772,10
918,4968,59.622001000,-1.243361286,-95.655303629,-35.522192209,0.124574204,-0.219457111,0.945877918,-0.204046096,2
919,4974,59.694001000,-1.266382816,-95.667507204,-35.557751113,0.117850251,-0.212689660,0.944373087,-0.221435992,0
920,4979,59.754001000,-1.304999211,-95.601357068,-35.502985972,0.113053732,-0.218057529,0.937224814,-0.247546796,1
921,4985,59.826001000,-1.294265358,-95.581071925,-35.462859222,0.106507347,-0.222609239,0.929745347,-0.273267088,0
922,4990,59.886001000,-1.282202241,-95.576014643,-35.420170457,0.101779589,-0.226078085,0.927056008,-0.281241485,3
923,4995,59.946001000,-1.275957299,-95.574100118,-35.381844461,0.098486320,-0.229511071,0.924870620,-0.286774212,3
924,5000,60.006001000,-1.263422018,-95.583893365,-35.365560165,0.095825178,-0.231908661,0.923786630,-0.289230308,2
925,5005,60.066001000,-1.277217740,-95.567331934,-35.330626276,0.093620188,-0.234981197,0.923740199,-0.287616310,3
926,5010,60.126001000,-1.298547240,-95.550314087,-35.303621549,0.091520825,-0.237051756,0.923925948,-0.285991690,0
927,5015,60.186001000,-1.323364252,-95.521491628,-35.276655845,0.089885244,-0.239052903,0.925549061,-0.279523323,1
928,5020,60.246001000,-1.352085420,-95.496811148,-35.248049568,0.087708142,-0.240237806,0.928219563,-0.270187936,0
929,5025,60.306001000,-1.379005217,-95.490378810,-35.226609060,0.084496472,-0.241770929,0.930756003,-0.260960587,1
930,5031,60.378001000,-1.419115715,-95.496776779,-35.204614314,0.078836062,-0.242091361,0.932611958,-0.255756885,1
931,5036,60.438001000,-1.457761916,-95.496561947,-35.181861759,0.073912466,-0.244377169,0.933088616,-0.253302943,1
932,5041,60.498001000,-1.497593396,-95.503783133,-35.168590428,0.067506657,-0.244784391,0.934656708,-0.248878064,1
933,5046,60.558001000,-1.546661862,-95.517592013,-35.136397414,0.061641386,-0.246788933,0.935523849,-0.245134026,0
934,5051,60.618001000,-1.594635934,-95.533504025,-35.121329283,0.054902915,-0.248862484,0.936675340,-0.240192511,0
935,5056,60.678001000,-1.651459918,-95.544028518,-35.104580887,0.047210747,-0.249839163,0.940252281,-0.226444664,6
936,5061,60.738001000,-1.693223969,-95.521374310,-35.010411217,0.036548217,-0.255420435,0.943305791,-0.208803288,9
937,5066,60.798001000,-1.740092606,-95.479903048,-34.893302373,0.026408761,-0.261697996,0.943431343,-0.201876294,8
938,5071,60.858001000,-1.713732384,-95.549577417,-34.876966391,0.013972916,-0.261231651,0.943714126,-0.202401655,12
939,5076,60.918001000,-1.756034796,-95.562702118,-34.874621314,0.004547614,-0.262084277,0.941112734,-0.213536820,8
940,5081,60.978001000,-1.793561004,-95.610802407,-34.849393653,-0.005094252,-0.263221076,0.939181663,-0.220514210,18
941,5086,61.038001000,-1.844700889,-95.675965061,-34.817581063,-0.014382155,-0.263241269,0.939176440,-0.220101801,22
942,5091,61.098001000,-1.869784107,-95.739749794,-34.804510535,-0.024206075,-0.265455741,0.942998301,-0.199252403,18
943,5096,61.158001000,-1.935914593,-95.790327153,-34.783377088,-0.033913965,-0.269364685,0.946418061,-0.174886713,25
944,5101,61.218001000,-1.995486739,-95.875340713,-34.770862265,-0.042671598,-0.270452983,0.948344451,-0.160240823,54
945,5106,61.278001000,-2.056655417,-96.006091313,-34.795170096,-0.049270051,-0.269044327,0.950185729,-0.149447957,56
946,5111,61.338001000,-2.201938312,-96.004502980,-34.680205016,-0.055743786,-0.277729412,0.947694344,-0.147086489,53
947,5116,61.398001000,-2.225874705,-96.108668399,-34.698136444,-0.065832989,-0.273944306,0.949465834,-0.138329912,87
948,5121,61.458001000,-2.266229614,-96.147245187,-34.674893543,-0.076656918,-0.279332266,0.949088973,-0.123803570,82
949,5126,61.518001000,-2.322910816,-96.202016505,-34.636857154,-0.088352347,-0.282264141,0.949454405,-0.105152981,99
950,5131,61.578001000,-2.394138697,-96.299909091,-34.625996129,-0.099729180,-0.276276505,0.951868106,-0.087592764,150
951,5136,61.638001000,-2.457406305,-96.338517224,-34.571294550,-0.112613498,-0.277208173,0.951487925,-0.071725568,167
952,5141,61.698001000,-2.501665354,-96.393804957,-34.544949145,-0.126177587,-0.273194002,0.951820154,-0.059013976,180
953,5146,61.758001000,-2.549728973,-96.452814427,-34.528210784,-0.140096472,-0.266694657,0.952157637,-0.051407893,201
954,5151,61.818001000,-2.572558424,-96.455200531,-34.470888420,-0.155020431,-0.264329632,0.950763445,-0.046339874,259
955,5156,61.878001000,-2.595789347,-96.492643779,-34.442237436,-0.168584010,-0.262180440,0.949305093,-0.040751552,241
956,5161,61.938001000,-2.609244677,-96.528446071,-34.418422967,-0.181708353,-0.261838727,0.947213381,-0.034775949,259
957,5166,61.998001000,-2.631622465,-96.594070248,-34.425404692,-0.193463039,-0.259750895,0.945511159,-0.033319265,263
958,5171,62.058001000,-2.635638317,-96.592396299,-34.408875614,-0.205878704,-0.263465983,0.941725239,-0.036785993,260
959,5176,62.118001000,-2.621362529,-96.610959184,-34.386654076,-0.217279650,-0.268056573,0.937357958,-0.047909153,282
960,5181,62.178001000,-2.606737470,-96.644086554,-34.387910330,-0.226349325,-0.276304679,0.932554989,-0.052563288,318
961,5191,62.298001000,-2.623306708,-96.604301416,-34.387147736,-0.237326160,-0.291799548,0.924166573,-0.066674307,256
962,5196,62.358001000,-2.557347365,-96.656084260,-34.405727214,-0.243249180,-0.298571439,0.918830833,-0.086225474,340
963,5201,62.418001000,-2.488541099,-96.629964185,-34.398603932,-0.246287476,-0.310231968,0.911029777,-0.114557189,243
964,5206,62.478001000,-2.412099710,-96.620180223,-34.402425661,-0.246979384,-0.314971813,0.907202687,-0.129526930,236
965,5211,62.538001000,-2.437406207,-96.612824076,-34.419065510,-0.240611185,-0.318619242,0.906073814,-0.140065272,240
966,5216,62.598001000,-2.354740748,-96.626747779,-34.429200127,-0.237885274,-0.316442955,0.905943564,-0.150135642,216
967,5221,62.658001000,-2.250274436,-96.613863666,-34.382884111,-0.232301712,-0.317246492,0.905308885,-0.160643704,338
968,5231,62.778001000,-2.060932768,-96.625312900,-34.432986361,-0.206427235,-0.313759728,0.910435807,-0.173347254,201
969,5255,63.066001000,-1.871337333,-96.544047546,-34.402672574,-0.119144614,-0.310721679,0.926914007,-0.173456110,240
970,5261,63.138001000,-1.820360384,-96.529644659,-34.395001558,-0.099255571,-0.308872652,0.928625371,-0.180002602,266
971,5266,63.198001000,-1.793475045,-96.505149568,-34.384016320,-0.084248502,-0.307240117,0.928883237,-0.188895823,242
972,5271,63.258001000,-1.776594694,-96.487717806,-34.399854578,-0.071409516,-0.304243580,0.928295302,-0.201505230,255
973,5276,63.318001000,-1.752201761,-96.491083560,-34.416324424,-0.062416030,-0.301549920,0.929135765,-0.204642651,232
974,5281,63.378001000,-1.703612612,-96.455079024,-34.386292495,-0.058173847,-0.302658157,0.929357389,-0.203245386,233
975,5286,63.438001000,-1.671095529,-96.445182967,-34.393182481,-0.053879692,-0.300525813,0.931596943,-0.197251996,209
976,5291,63.498001000,-1.695757197,-96.427755855,-34.396713835,-0.048357409,-0.301337217,0.932659669,-0.192362636,280
977,5296,63.558001000,-1.671001128,-96.390119689,-34.387241002,-0.046781967,-0.302757982,0.934576267,-0.180876347,234
978,5301,63.618001000,-1.675866412,-96.391369373,-34.372519712,-0.044419263,-0.305504685,0.935476358,-0.171981978,91
979,5306,63.678001000,-1.622745471,-96.368662643,-34.359163230,-0.047233652,-0.301593800,0.937016964,-0.169733234,222
980,5311,63.738001000,-1.494326023,-96.312148644,-34.324339907,-0.053796410,-0.303250583,0.937000918,-0.164846325,192
981,5316,63.798001000,-1.489443020,-96.256912972,-34.318705386,-0.053223055,-0.303560292,0.937174049,-0.163472494,241
982,5321,63.858001000,-1.508649775,-96.271369448,-34.352729364,-0.051348371,-0.299756797,0.938626400,-0.162756535,185
983,5326,63.918001000,-1.467409957,-96.192678429,-34.261540596,-0.054609651,-0.300084743,0.938053479,-0.164385533,160
984,5332,63.990001000,-1.589329901,-96.255007752,-34.429012369,-0.043375032,-0.292427937,0.941313814,-0.162888957,196
985,5337,64.050001000,-1.492607390,-96.162300833,-34.442649032,-0.044655076,-0.290605058,0.942608100,-0.158254838,184
986,5342,64.110001000,-1.263489536,-96.191728693,-34.377694921,-0.051491947,-0.288642235,0.946037139,-0.138014391,191
987,5347,64.170001000,-1.508399259,-96.095784067,-34.546645239,-0.034457034,-0.285250901,0.947482674,-0.140432257,176
988,5352,64.230001000,-1.488458182,-96.198148514,-34.508920522,-0.032480873,-0.279694676,0.949814674,-0.136264326,179
989,5357,64.290001000,-1.446988376,-96.057732703,-34.579993063,-0.029982115,-0.279823071,0.948651900,-0.144428856,184
990,5362,64.350001000,-1.398307339,-95.952132881,-34.551418977,-0.029301085,-0.280143865,0.947129893,-0.153641880,215
991,5367,64.410001000,-1.380655020,-96.004598872,-34.639637628,-0.024732525,-0.271644657,0.949281618,-0.156402980,180
992,5372,64.470001000,-1.298453836,-95.976583402,-34.582289014,-0.027193426,-0.271990948,0.949090223,-0.156554114,188
993,5377,64.530001000,-1.284614246,-95.926391200,-34.630658623,-0.025240700,-0.268774397,0.949867349,-0.157718898,197
994,5382,64.590001000,-1.407003334,-95.780952166,-34.495647942,-0.023090117,-0.274577032,0.946918013,-0.165591598,158
995,5387,64.650001000,-1.170260084,-95.649786527,-34.450507174,-0.033081191,-0.277889792,0.946963154,-0.157935691,170
996,5403,64.842001000,-1.287487445,-95.606786722,-34.185927907,-0.027719489,-0.282596632,0.943303843,-0.171897161,134
997,5408,64.902001000,-1.227117740,-95.320048579,-34.216908758,-0.030655376,-0.281591692,0.936419459,-0.207086851,157
998,5413,64.962001000,-1.287933555,-95.325642369,-34.285064333,-0.023028937,-0.273823833,0.934419475,-0.226606314,130
999,5418,65.022001000,-0.943296010,-95.100910796,-34.067129408,-0.036491173,-0.283562909,0.929234253,-0.234060195,130
1000,5423,65.082001000,-0.934329526,-95.111431200,-34.086808365,-0.025876382,-0.287036483,0.929468838,-0.230278419,83
1001,5428,65.142001000,-0.841684228,-95.051686235,-34.027447638,-0.020015274,-0.292193846,0.930139069,-0.221502728,86
1002,5433,65.202001000,-0.994203905,-95.079958759,-34.139349787,0.001208854,-0.290603087,0.933499880,-0.210062749,87
1003,5438,65.262001000,-1.010746094,-95.068727442,-34.209892643,0.015415257,-0.288829702,0.937351749,-0.194194418,68
1004,5443,65.322001000,-0.702424924,-95.123445391,-34.155074026,0.014146602,-0.284331440,0.941548820,-0.180114755,50
1005,5448,65.382001000,-0.815438691,-94.972218675,-33.957636584,0.028368923,-0.291492125,0.938492479,-0.182919143,44
1006,5453,65.442001000,-0.904685586,-95.074907875,-34.054142431,0.047416300,-0.281742965,0.939955627,-0.186697658,37
1007,5458,65.502001000,-0.555510291,-94.960793246,-34.003452524,0.047671020,-0.287088842,0.941333911,-0.170874042,33
1008,5463,65.562001000,-0.515350633,-95.045284638,-34.064783421,0.059209107,-0.280648775,0.942833033,-0.169695077,41
1009,5468,65.622001000,-0.431968865,-95.131798944,-33.981292116,0.064857231,-0.276201919,0.944258521,-0.166978694,40
1010,5473,65.682001000,-0.473483947,-95.041262579,-34.006959814,0.076072536,-0.274681582,0.944016906,-0.166117664,23
1011,5478,65.742001000,-0.465689846,-94.963689871,-34.068344485,0.085654453,-0.267419090,0.945252478,-0.166277174,9
1012,5483,65.802001000,-0.549855350,-94.967387555,-33.986268942,0.095063301,-0.255039191,0.947214287,-0.169419817,5
1013,5488,65.862001000,-0.753905339,-95.115091711,-34.151554959,0.111326292,-0.235394784,0.949682911,-0.174063556,1
1014,5496,65.958001000,-0.688204155,-95.091341615,-34.147040875,0.114846588,-0.222066762,0.952004706,-0.176588940,0
1015,5501,66.018001000,-0.644405856,-95.087811775,-34.155698697,0.115478534,-0.217341529,0.952858203,-0.177450310,2
1016,5506,66.078001000,-0.615493749,-95.060388454,-34.147350526,0.117167129,-0.220075698,0.950579197,-0.185034435,1
1017,5511,66.138001000,-0.598909176,-95.060221490,-34.143375197,0.120043309,-0.230377224,0.942515807,-0.210190133,1
1018,5519,66.234001000,-0.574811646,-95.049321838,-34.149970646,0.124792069,-0.254893615,0.924948502,-0.252836810,0
1019,5525,66.306001000,-0.551032026,-95.031861096,-34.179632769,0.122854949,-0.265998839,0.916482106,-0.272418480,0
1020,5530,66.366001000,-0.528589282,-95.030303336,-34.203100367,0.116558650,-0.272510384,0.914183777,-0.276442026,1
1021,5535,66.426001000,-0.504343907,-95.025249244,-34.227765365,0.106481405,-0.274161202,0.915012176,-0.276134140,3
1022,5540,66.486001000,-0.502074079,-95.000795844,-34.257404029,0.094750176,-0.276485984,0.915549286,-0.276310351,1
1023,5546,66.558001000,-0.495683457,-94.991740189,-34.289463601,0.081756622,-0.282918529,0.913381839,-0.281081087,1
1024,5551,66.618001000,-0.488896021,-94.980976506,-34.318614180,0.073945132,-0.287696995,0.912614966,-0.280885172,1
1025,5556,66.678001000,-0.491767273,-94.961833214,-34.355544527,0.067206581,-0.291700674,0.913777493,-0.274599137,1
1026,5561,66.738001000,-0.485987917,-94.946608655,-34.389168401,0.060168923,-0.295886337,0.917417153,-0.259184766,1
1027,5570,66.846001000,-0.502379035,-94.931386738,-34.462785120,0.048507370,-0.303000424,0.918618296,-0.248954223,1
1028,5576,66.918001000,-0.524023891,-94.904484376,-34.499282706,0.044205960,-0.308397238,0.917197249,-0.248367032,0
1029,5582,66.990001000,-0.549656983,-94.864798606,-34.537958299,0.040281778,-0.309544759,0.915929394,-0.252255358,1
1030,5589,67.074001000,-0.589238657,-94.841098492,-34.604579013,0.038140669,-0.310224096,0.914528655,-0.256794935,0
1031,5595,67.146001000,-0.623941348,-94.806929501,-34.650832482,0.037545529,-0.310301995,0.914636380,-0.256404559,1
1032,5604,67.254001000,-0.704698979,-94.746441385,-34.721482240,0.037192009,-0.314035302,0.915658817,-0.248128021,1
1033,5609,67.314001000,-0.744052375,-94.722598181,-34.773856096,0.035537052,-0.315453443,0.917416519,-0.239944105,2
1034,5620,67.446001000,-0.873848985,-94.655868026,-34.840910381,0.021830899,-0.319052278,0.921373857,-0.220905571,1
1035,5625,67.506001000,-0.920576348,-94.639499458,-34.867454029,0.012735593,-0.322116207,0.922623512,-0.211765931,1
1036,5631,67.578001000,-0.991424147,-94.607427412,-34.894542358,-0.000306779,-0.325057212,0.923770067,-0.202451423,2
1037,5636,67.638001000,-1.030325422,-94.588561505,-34.920612253,-0.012163217,-0.327515789,0.924291351,-0.195629658,3
1038,5641,67.698001000,-1.074452091,-94.561459915,-34.931558267,-0.023710113,-0.330210478,0.924094179,-0.190915738,3
1039,5646,67.758001000,-1.119405688,-94.528843681,-34.946608121,-0.035883829,-0.334222966,0.922128716,-0.191535873,2
1040,5651,67.818001000,-1.153013135,-94.505705060,-34.972922888,-0.048430428,-0.337165075,0.918928389,-0.198858800,1
1041,5656,67.878001000,-1.197971721,-94.494823088,-34.995037539,-0.061280131,-0.339868180,0.914376342,-0.211306107,4
1042,5661,67.938001000,-1.238242287,-94.479273967,-35.010725199,-0.074346062,-0.342251412,0.910010644,-0.221849637,6
1043,5666,67.998001000,-1.107159390,-94.509686654,-35.019686450,-0.091744559,-0.341042331,0.908987749,-0.221391818,5
1044,5671,68.058001000,-1.114234449,-94.520493765,-35.118118407,-0.097704492,-0.339790407,0.910870212,-0.212865610,2
1045,5676,68.118001000,-1.065477260,-94.411783413,-35.101566119,-0.107204249,-0.343739617,0.910421857,-0.203672207,9
1046,5681,68.178001000,-1.068030062,-94.406512827,-35.134993194,-0.113845744,-0.340747276,0.911433049,-0.200549839,11
1047,5686,68.238001000,-1.018479806,-94.392431626,-35.148690648,-0.121856781,-0.340067976,0.911698348,-0.195731498,15
1048,5691,68.298001000,-0.998863875,-94.392012053,-35.123701197,-0.128356334,-0.340236541,0.911790492,-0.190792679,11
1049,5696,68.358001000,-0.976806500,-94.395455199,-35.081391623,-0.136525062,-0.340644506,0.911252239,-0.186926686,18
1050,5701,68.418001000,-0.954988671,-94.387218431,-35.063254804,-0.142885844,-0.341273878,0.910384254,-0.185246556,19
1051,5706,68.478001000,-0.927598864,-94.390763798,-35.104495259,-0.147331261,-0.340780957,0.910900585,-0.180060997,14
1052,5711,68.538001000,-1.021701791,-94.386043496,-35.097466372,-0.147001683,-0.342508734,0.911050168,-0.176255111,21
1053,5716,68.598001000,-1.011473366,-94.372050009,-35.062922083,-0.152552840,-0.343252942,0.910612172,-0.172309375,26
1054,5721,68.658001000,-1.006742646,-94.421162536,-35.070527601,-0.156528990,-0.342558988,0.911098049,-0.167488391,20
1055,5726,68.718001000,-0.987205121,-94.477465001,-35.117825538,-0.160816360,-0.338241773,0.912986292,-0.161822841,23
1056,5731,68.778001000,-1.035112408,-94.457371960,-35.116469106,-0.163833314,-0.339552550,0.912236360,-0.160273311,23
1057,5736,68.838001000,-1.038036329,-94.443817247,-35.140075340,-0.168099851,-0.341281119,0.912303938,-0.151562406,24
1058,5741,68.898001000,-1.099545594,-94.451932514,-35.124125376,-0.172166288,-0.342778543,0.912459821,-0.142403352,24
1059,5746,68.958001000,-1.092838942,-94.484009815,-35.129725400,-0.180036282,-0.340580082,0.911981724,-0.141001699,32
1060,5751,69.018001000,-1.170983354,-94.302644918,-35.038541243,-0.185098954,-0.353517081,0.906282845,-0.139339354,24
1061,5756,69.078001000,-1.191288390,-94.397537938,-35.115723635,-0.189080730,-0.359241643,0.902250977,-0.145386017,15
1062,5761,69.138001000,-1.534426467,-94.067291008,-35.057088962,-0.181190912,-0.384974314,0.890917769,-0.158840046,37
1063,5766,69.198001000,-1.520470211,-94.109041792,-35.050633575,-0.188218102,-0.386305411,0.889563094,-0.154982508,35
1064,5771,69.258001000,-1.571717679,-94.154017558,-35.097861244,-0.191168292,-0.385443171,0.889578434,-0.153422475,31
1065,5776,69.318001000,-1.717079499,-94.086388731,-35.124536953,-0.191045259,-0.387047357,0.889802154,-0.148149177,38
1066,5781,69.378001000,-1.780128994,-94.050120856,-35.122012987,-0.196835538,-0.384053109,0.891494579,-0.137827415,58
1067,5786,69.438001000,-1.825911112,-94.020712024,-35.192910007,-0.202999447,-0.382156349,0.892400654,-0.127940698,59
1068,5791,69.498001000,-2.056829051,-94.079942414,-35.319457200,-0.202075419,-0.378440945,0.894613999,-0.124955069,60
1069,5796,69.558001000,-2.215171059,-94.224522212,-35.468804581,-0.206281769,-0.365389783,0.899298400,-0.123290418,73
1070,5801,69.618001000,-2.255025770,-94.054514583,-35.351337352,-0.222107041,-0.367888672,0.893058494,-0.133315091,77
1071,5806,69.678001000,-2.324166891,-94.022552073,-35.368709559,-0.234375977,-0.362930551,0.890660694,-0.141678670,69
1072,5811,69.738001000,-2.440985323,-94.060640391,-35.429713575,-0.244139498,-0.356364368,0.889012018,-0.151848529,96
1073,5816,69.798001000,-2.537970238,-94.092083814,-35.524684731,-0.253351115,-0.350952884,0.887804024,-0.156362720,90
1074,5821,69.858001000,-2.499661598,-94.170243419,-35.541286459,-0.268963726,-0.347518034,0.885745871,-0.149479036,100
1075,5826,69.918001000,-2.858993707,-94.082987981,-35.631906303,-0.265498611,-0.355042861,0.883939450,-0.148681213,85
1076,5831,69.978001000,-2.924927995,-94.122374840,-35.648980418,-0.276394125,-0.352725726,0.881874558,-0.146588246,133
1077,5836,70.038001000,-3.044902320,-94.094216907,-35.714067904,-0.286981861,-0.352169761,0.878061708,-0.150417777,103
1078,5841,70.098001000,-3.055851692,-94.083324825,-35.734327583,-0.301480107,-0.348492971,0.874080724,-0.153770226,133
1079,5846,70.158001000,-3.061572161,-94.103450859,-35.740859644,-0.315449625,-0.344745345,0.870837865,-0.152589626,157
1080,5851,70.218001000,-3.078365397,-94.099793874,-35.754060207,-0.328113739,-0.344345877,0.866834290,-0.149551347,130
1081,5856,70.278001000,-3.134520865,-94.067039916,-35.772070339,-0.337504881,-0.347743415,0.863232368,-0.141403150,123
1082,5861,70.338001000,-3.211441561,-93.994276627,-35.792719340,-0.345863872,-0.351473700,0.859524114,-0.134397611,142
1083,5866,70.398001000,-3.231070907,-94.004310328,-35.832653550,-0.356572029,-0.349356844,0.856419878,-0.131723863,143
1084,5871,70.458001000,-3.282045768,-93.972024588,-35.853684115,-0.366155528,-0.350260119,0.852586194,-0.127846629,148
1085,5876,70.518001000,-3.322160874,-93.967269983,-35.873685735,-0.377255027,-0.349038794,0.848521664,-0.125942645,144
1086,5881,70.578001000,-3.402359126,-93.890384953,-35.901371700,-0.386884323,-0.350644236,0.843727639,-0.124470127,99
1087,5886,70.638001000,-3.420451659,-93.831005914,-35.908691395,-0.399774616,-0.349786299,0.837660444,-0.127101462,83
1088,5891,70.698001000,-3.397494757,-93.770940855,-35.906004643,-0.413707274,-0.348414627,0.831624308,-0.125914853,71
1089,5896,70.758001000,-3.473573098,-93.782984367,-35.949062301,-0.422689991,-0.347192909,0.828489753,-0.119979102,45
1090,5901,70.818001000,-3.429400613,-93.745819380,-35.951986268,-0.437788408,-0.347639239,0.821365650,-0.113343450,28
1091,5906,70.878001000,-3.623107193,-93.808544818,-36.055809280,-0.442120786,-0.345071319,0.820702118,-0.109101001,30
1092,5911,70.938001000,-3.491290094,-93.758994516,-35.993363760,-0.463385594,-0.342339723,0.811100477,-0.100961985,20
1093,5916,70.998001000,-3.667719157,-93.831220363,-36.171956707,-0.469015666,-0.336847900,0.811099253,-0.093143967,18
1094,5921,71.058001000,-3.727862066,-93.793288682,-36.258424158,-0.482491742,-0.335763630,0.804057882,-0.089193192,6
1095,5926,71.118001000,-4.130545110,-93.652498345,-35.786410148,-0.497034908,-0.358778131,0.784199787,-0.096256149,0
1096,5932,71.190001000,-4.221640992,-93.606201718,-35.867797737,-0.513331861,-0.359691299,0.774011273,-0.089549530,0
1097,5947,71.370001000,-4.432153776,-93.466182132,-36.071528994,-0.555635587,-0.365038735,0.744025821,-0.066643785,0
1098,5956,71.478001000,-4.572209414,-93.381995474,-36.189962145,-0.583125926,-0.367774584,0.722463376,-0.052465997,1
1099,5964,71.574001000,-4.704030344,-93.315600716,-36.301348794,-0.609016160,-0.368257032,0.700921653,-0.046849887,0
1100,5969,71.634001000,-4.794419962,-93.294166794,-36.366633470,-0.625674259,-0.369367776,0.685803790,-0.042099046,0
1101,5983,71.802001000,-5.039020721,-93.250032087,-36.603884182,0.673755936,0.359087291,-0.645160003,0.029628135,0
1102,6047,72.570001000,-6.062132140,-93.710376672,-38.230242051,0.865778188,0.312816510,-0.390080442,0.020278298,0
1103,6053,72.642001000,-6.151743569,-93.740512236,-38.390958592,0.876991564,0.313200576,-0.362777115,0.034408724,0
1104,6058,72.702001000,-6.216047677,-93.781404618,-38.520023261,0.884918149,0.313872171,-0.340997007,0.046099583,2
1105,6063,72.762001000,-6.277545372,-93.824583086,-38.644392502,0.892189450,0.310313684,-0.325070982,0.045080588,3
1106,6068,72.822001000,-6.265541964,-93.856772290,-38.872103212,0.898595017,0.298931870,-0.318930718,0.038077939,1
1107,6073,72.882001000,-6.440790070,-93.841799841,-38.876776401,0.905344878,0.297764407,-0.300862084,0.034190872,4
1108,6078,72.942001000,-6.427853238,-93.975381277,-38.843182211,0.911549027,0.295192780,-0.284114111,0.034910826,10
1109,6083,73.002001000,-6.398479623,-94.032337135,-39.018052915,0.915213852,0.289746175,-0.276641680,0.043590609,14
1110,6088,73.062001000,-6.420167090,-94.098140033,-39.106473938,0.918883256,0.285887085,-0.269402458,0.036666769,10
1111,6093,73.122001000,-6.469335711,-94.153443301,-39.201425961,0.921944907,0.279563420,-0.267582022,0.016178522,4
1112,6098,73.182001000,-6.580710600,-94.121952331,-39.299331172,0.924592932,0.274150378,-0.264502998,0.002764778,2
1113,6103,73.242001000,-6.628314795,-94.108865426,-39.428016502,0.926408076,0.269141578,-0.263236959,-0.006098483,4
1114,6108,73.302001000,-6.726829897,-94.063880510,-39.395205589,0.928298751,0.269545267,-0.255890601,-0.011259615,10
1115,6113,73.362001000,-6.783620442,-94.078273443,-39.542475817,0.928916391,0.269508628,-0.253588377,-0.013129084,4
1116,6118,73.422001000,-6.883958869,-94.084361910,-39.602990398,0.930598464,0.270900241,-0.245844689,-0.012647038,13
1117,6123,73.482001000,-6.942182361,-94.103030106,-39.695441853,0.932431462,0.270336044,-0.239422380,-0.012919561,24
1118,6128,73.542001000,-7.042585842,-94.087288110,-39.732704518,0.935717107,0.268354378,-0.228751751,-0.009594772,17
1119,6133,73.602001000,-7.095319576,-94.076275050,-39.782121698,0.938417758,0.266482410,-0.219878127,-0.003584005,21
1120,6138,73.662001000,-7.141387842,-94.066467489,-39.871080030,0.940618629,0.265380050,-0.211635916,-0.004501540,21
1121,6143,73.722001000,-7.220591875,-94.099428176,-39.949285935,0.943025063,0.264444127,-0.201793108,-0.007250925,28
1122,6148,73.782001000,-7.253338408,-94.108702239,-40.031529828,0.945313903,0.264114982,-0.191347661,-0.003312677,44
1123,6153,73.842001000,-7.321097747,-94.117842720,-40.098966499,0.948067903,0.262882332,-0.179052924,-0.000425999,55
1124,6158,73.902001000,-7.362197321,-94.147140888,-40.197100154,0.950791282,0.259280789,-0.169581115,-0.003414238,53
1125,6163,73.962001000,-7.406004465,-94.149101402,-40.276154701,0.953851582,0.253845014,-0.160068659,-0.010387149,38
1126,6168,74.022001000,-7.404127344,-94.175424358,-40.386963866,0.956344313,0.248107643,-0.153120343,-0.020057761,22
1127,6173,74.082001000,-7.467144424,-94.190321047,-40.458159587,0.959182435,0.243964837,-0.141217852,-0.022532915,23
1128,6178,74.142001000,-7.507395707,-94.186015913,-40.573325280,0.961328549,0.239238821,-0.132670392,-0.031792692,15
1129,6183,74.202001000,-7.506368115,-94.226357247,-40.735348605,0.963140508,0.231421360,-0.127469591,-0.050557095,8
1130,6188,74.262001000,-7.499083225,-94.254045236,-40.856915404,0.965750547,0.220604812,-0.120709515,-0.063942248,1
1131,6193,74.322001000,-7.599759350,-94.200972532,-40.904748863,0.968520565,0.212782610,-0.108136581,-0.070696226,2
1132,6198,74.382001000,-7.606290117,-94.182955275,-41.073617208,0.969894875,0.209124142,-0.098780061,-0.076246476,2
1133,6203,74.442001000,-7.672753439,-94.141209932,-41.231222984,0.972660110,0.201298401,-0.088239946,-0.074999841,2
1134,6208,74.502001000,-7.718230076,-94.098607426,-41.378756820,0.975160972,0.193541721,-0.077072570,-0.075249584,7
1135,6213,74.562001000,-7.953817361,-93.877639477,-41.502967869,0.977770127,0.190456942,-0.058062626,-0.065730236,1
1136,6218,74.622001000,-7.919024422,-94.070631685,-41.566920090,0.978792655,0.185058267,-0.046843709,-0.074323911,5
1137,6223,74.682001000,-8.045854442,-94.013558716,-41.618535051,0.980417589,0.180044476,-0.029639169,-0.074073327,8
1138,6228,74.742001000,-8.005164364,-94.090567127,-41.799276056,0.981564415,0.169475132,-0.022931680,-0.085344111,7
1139,6233,74.802001000,-8.078124200,-94.160068385,-41.868027433,0.982627664,0.156092598,-0.009363146,-0.099951514,7
1140,6238,74.862001000,-8.127487861,-94.185842356,-41.998069222,0.982398319,0.149018081,0.000384372,-0.112636612,1
1141,6243,74.922001000,-8.161300357,-94.116037212,-42.196641662,0.983324828,0.139568966,0.011206816,-0.116048238,1
1142,6250,75.006001000,-8.199324679,-94.047369073,-42.417014271,0.984525325,0.124071867,0.023851519,-0.121437892,0
1143,6264,75.174001000,-8.246237498,-93.918404595,-42.866687596,0.987227271,0.087578218,0.040591388,-0.126746638,0
1144,6271,75.258001000,-8.252077501,-93.850868278,-43.091906075,0.986411497,0.089043170,0.052854378,-0.127554255,0
1145,6277,75.330001000,-8.243728432,-93.801004309,-43.283738400,0.985742461,0.088232554,0.061245979,-0.129521226,0
1146,6282,75.390001000,-8.226662711,-93.761983233,-43.435047621,0.984718950,0.092303711,0.070370699,-0.129832887,0
1147,6288,75.462001000,-8.200952392,-93.719551976,-43.632854379,0.983584277,0.095545266,0.079791231,-0.130638554,1
1148,6293,75.522001000,-8.176944731,-93.676802771,-43.788501435,0.982771942,0.096811263,0.087174612,-0.131101015,0
1149,6298,75.582001000,-8.151765951,-93.637955141,-43.950771088,0.981900211,0.096679297,0.094575457,-0.132591750,1
1150,6303,75.642001000,-8.112993741,-93.604835420,-44.110892788,0.980725251,0.098191291,0.103416030,-0.133572370,0
1151,6308,75.702001000,-8.071151957,-93.572698600,-44.272285212,0.979715854,0.098112156,0.112326154,-0.133842020,0
1152,6314,75.774001000,-8.018672862,-93.532815730,-44.476219206,0.978802041,0.094915846,0.121778231,-0.134564519,1
1153,6319,75.834001000,-7.978747780,-93.487092526,-44.632750694,0.977990218,0.093083466,0.130132914,-0.133925452,0
1154,6324,75.894001000,-7.927744498,-93.461216677,-44.789659590,0.976654615,0.095499619,0.139067007,-0.132988549,3
1155,6329,75.954001000,-7.874356427,-93.437164682,-44.960555902,0.975534054,0.094903823,0.147187797,-0.132899686,2
1156,6334,76.014001000,-7.816610515,-93.412442528,-45.115794464,0.974539385,0.093295924,0.155219685,-0.132195715,6
1157,6339,76.074001000,-8.071643165,-93.301999087,-45.154777710,0.971531703,0.091437117,0.177855589,-0.127014932,2
1158,6344,76.134001000,-7.957475481,-93.502765702,-45.324894241,0.968409989,0.094085584,0.184326023,-0.139118345,8
1159,6349,76.194001000,-7.805280075,-93.448926919,-45.391467635,0.968213939,0.089397485,0.188693662,-0.137711873,5
1160,6354,76.254001000,-7.790323968,-93.460694235,-45.559008799,0.966026725,0.086734962,0.200144247,-0.138606253,11
1161,6359,76.314001000,-7.769858864,-93.445904938,-45.691999325,0.963916795,0.083770606,0.210757867,-0.139384429,13
1162,6364,76.374001000,-7.809623026,-93.431358957,-45.783898246,0.961233166,0.080194498,0.223431375,-0.140278522,9
1163,6369,76.434001000,-7.756735888,-93.453857544,-45.887682246,0.958980808,0.077282666,0.231887557,-0.143566570,11
1164,6374,76.494001000,-7.702639631,-93.458571227,-45.995010244,0.957517444,0.072364933,0.239568010,-0.143285830,26
1165,6379,76.554001000,-7.661584989,-93.390171320,-46.107884372,0.957060909,0.067610390,0.247024329,-0.135802181,24
1166,6384,76.614001000,-7.622280693,-93.347083489,-46.217462289,0.955214049,0.067612997,0.255566764,-0.132967034,35
1167,6389,76.674001000,-7.565680767,-93.310363294,-46.316660707,0.951935876,0.074326686,0.264879660,-0.134656595,24
1168,6394,76.734001000,-7.504425300,-93.250910604,-46.410628061,0.950285500,0.071986732,0.270187579,-0.137018432,27
1169,6399,76.794001000,-7.448761955,-93.179910222,-46.516127634,0.949356250,0.064111532,0.274171769,-0.139435518,26
1170,6404,76.854001000,-7.369372182,-93.134559086,-46.607017457,0.948586933,0.058484386,0.277095000,-0.141353342,25
1171,6409,76.914001000,-7.303013637,-93.110995103,-46.691650299,0.947631334,0.054294949,0.280292503,-0.143118924,19
1172,6414,76.974001000,-7.320221708,-93.064792104,-46.802524871,0.945377736,0.050172728,0.287902070,-0.144416178,16
1173,6419,77.034001000,-7.259779378,-92.988685605,-46.891079175,0.944295610,0.048989695,0.293629268,-0.140312732,28
1174,6424,77.094001000,-7.210319352,-92.949402587,-46.983544869,0.940440827,0.061889129,0.304516756,-0.137877963,26
1175,6429,77.154001000,-7.168722139,-92.902439579,-47.083267064,0.937027008,0.070039645,0.313584217,-0.136893294,22
1176,6434,77.214001000,-7.092846019,-92.879230779,-47.178348301,0.934220706,0.075659979,0.320523090,-0.137011638,21
1177,6439,77.274001000,-7.328458862,-92.799566676,-47.289953545,0.929045033,0.061964878,0.339257947,-0.133939262,11
1178,6444,77.334001000,-6.823079817,-92.586240792,-47.349958590,0.936478418,0.063854030,0.322489709,-0.122193387,13
1179,6449,77.394001000,-6.762300081,-92.539823558,-47.452079435,0.936686703,0.054250935,0.325917969,-0.115984200,24
1180,6454,77.454001000,-6.798772244,-92.475910169,-47.569895713,0.937533057,0.035868907,0.330110289,-0.103790101,15
1181,6459,77.514001000,-6.763340005,-92.442247755,-47.663163538,0.938213077,0.019930811,0.331159574,-0.098449593,34
1182,6464,77.574001000,-6.699459588,-92.415718567,-47.630104187,0.940318792,0.006753739,0.327709801,-0.091439837,38
1183,6469,77.634001000,-6.665372290,-92.420039447,-47.718152314,0.938601949,0.005183189,0.329549291,-0.101964610,52
1184,6474,77.694001000,-6.623368750,-92.362383318,-47.812063233,0.935482534,0.005134626,0.333047710,-0.118005451,52
1185,6479,77.754001000,-6.580362405,-92.298197685,-47.928485558,0.932002641,0.005291669,0.337337911,-0.132462102,46
1186,6484,77.814001000,-6.529621291,-92.261385200,-47.986508467,0.929739924,0.005180660,0.339576734,-0.142283084,52
1187,6489,77.874001000,-6.513157256,-92.198596677,-48.105917861,0.927090800,0.004378506,0.344204049,-0.148347731,53
1188,6494,77.934001000,-6.469208739,-92.145271785,-48.217710833,0.925335159,0.004214362,0.347316314,-0.152014676,44
1189,6499,77.994001000,-6.431720283,-92.088021362,-48.323822430,0.924679391,0.004837032,0.348294935,-0.153737651,49
1190,6504,78.054001000,-6.435844453,-91.949617242,-48.444058656,0.923861636,0.002977212,0.350877376,-0.152826311,40
1191,6509,78.114001000,-6.387525553,-91.878657996,-48.532215854,0.925944789,-0.017114027,0.341020515,-0.161364077,53
1192,6514,78.174001000,-6.390418145,-91.819604753,-48.638263259,0.926646244,-0.042907627,0.331018994,-0.172951147,50
1193,6519,78.234001000,-6.521130772,-91.622446102,-49.070093223,0.920821805,-0.024932473,0.355013105,-0.159471848,52
1194,6524,78.294001000,-6.395931847,-91.639464176,-49.092512494,0.921503348,-0.011221401,0.354413774,-0.158418862,55
1195,6529,78.354001000,-6.283547765,-91.514937873,-49.047959114,0.923784190,-0.004885867,0.350901711,-0.153189058,48
1196,6534,78.414001000,-6.238950444,-91.449155107,-49.141423154,0.923118963,0.001170576,0.353437321,-0.151433381,83
1197,6539,78.474001000,-6.229551168,-91.353207074,-49.262657847,0.922356284,0.003577225,0.356577499,-0.148655899,62
1198,6544,78.534001000,-6.183358505,-91.293298945,-49.341058687,0.922519959,0.003956546,0.356094744,-0.148787783,81
1199,6549,78.594001000,-6.120982996,-91.226642267,-49.405584998,0.923377782,0.004454286,0.354403498,-0.147484890,46
1200,6554,78.654001000,-6.112663660,-91.242737973,-49.502818728,0.922747540,0.006499483,0.356600660,-0.146050343,68
1201,6559,78.714001000,-6.061782312,-91.191178100,-49.586816388,0.924772033,0.008760541,0.358517286,-0.127221445,118
1202,6564,78.774001000,-6.001326589,-91.127136102,-49.665738726,0.925696726,0.011511206,0.360918852,-0.112652765,136
1203,6569,78.834001000,-5.906792690,-91.157842361,-49.736258772,0.925905297,0.012754767,0.358525617,-0.118305026,161
1204,6574,78.894001000,-5.891702948,-91.038018558,-49.798259823,0.925894174,0.013850024,0.357583505,-0.121087545,150
1205,6579,78.954001000,-5.838980294,-91.000935103,-49.888040543,0.925103997,0.016192423,0.356000241,-0.131088626,95
1206,6584,79.014001000,-5.781444978,-90.894096882,-49.964420800,0.927245841,0.008115937,0.353386057,-0.123562035,161
1207,6589,79.074001000,-5.727662425,-90.825640088,-50.056165253,0.928617071,0.005190661,0.354909930,-0.108084849,230
1208,6594,79.134001000,-5.597070403,-90.760334455,-50.337291703,0.927705425,0.001226738,0.357676724,-0.106904169,267
1209,6599,79.194001000,-5.523903177,-90.707057430,-50.452890949,0.927782715,0.000508356,0.358293915,-0.104136670,232
1210,6604,79.254001000,-5.471234841,-90.642725593,-50.551516720,0.927659591,0.001464744,0.358905379,-0.103113852,320
1211,6609,79.314001000,-5.435937541,-90.586664602,-50.639099261,0.928483238,-0.002267282,0.359440366,-0.093361448,341
1212,6614,79.374001000,-5.361995891,-90.617171275,-50.747310089,0.929031465,-0.010187514,0.357820876,-0.093600070,354
1213,6619,79.434001000,-5.359519515,-90.416029111,-50.838305526,0.929175747,-0.016284132,0.356511528,-0.096264160,427
1214,6624,79.494001000,-5.348653361,-90.249084300,-50.964448583,0.928416479,-0.020392358,0.356161258,-0.103808242,413
1215,6629,79.554001000,-5.282544794,-90.277824248,-51.095494583,0.926542791,-0.013334665,0.354118909,-0.126255463,270
1216,6634,79.614001000,-5.232148718,-90.200922299,-51.219026383,0.926013553,-0.011938169,0.352885384,-0.133522604,391
1217,6639,79.674001000,-5.159285021,-90.169776461,-51.343410494,0.926715866,-0.013273435,0.351069556,-0.133310488,353
1218,6644,79.734001000,-5.095372249,-90.091234202,-51.474966028,0.928879425,-0.019125127,0.350479817,-0.118241878,312
1219,6649,79.794001000,-5.004907480,-89.975224710,-51.599927439,0.930233287,-0.023329473,0.349189204,-0.110402299,471
1220,6662,79.950001000,-4.802803075,-89.708835886,-51.949414900,0.928828422,-0.020299058,0.349638036,-0.120908867,377
1221,6672,80.070001000,-4.633520328,-89.694804413,-52.154631078,0.930808212,-0.012789385,0.343526599,-0.124185266,307
1222,6686,80.238001000,-4.414970329,-89.476994226,-52.498854490,0.935586700,-0.006066210,0.333830947,-0.114880928,335
1223,6700,80.406001000,-4.204983747,-89.258004303,-52.845438668,0.941441248,-0.002564030,0.321636036,-0.101153659,363
1224,6710,80.526001000,-3.981951786,-89.094631276,-53.079954541,0.945243065,0.005603567,0.308756686,-0.105609928,213
1225,6719,80.634001000,-3.772298684,-88.954958590,-53.324905482,0.946046657,0.016910467,0.304421116,-0.109715743,498
1226,6731,80.778001000,-3.529899249,-88.716387643,-53.634317439,0.941071015,0.035818489,0.305192418,-0.141279753,383
1227,6741,80.898001000,-3.336470353,-88.550766012,-53.851705394,0.940325472,0.043077242,0.305278275,-0.144005322,204
1228,6755,81.066001000,-3.125266577,-88.271972091,-54.174385625,0.943042553,0.024000285,0.305053351,-0.130526561,49
1229,6760,81.126001000,-2.999516397,-88.207035505,-54.266077043,0.947455965,0.016161942,0.299156643,-0.112121761,77
1230,6765,81.186001000,-2.910920674,-88.100968973,-54.400964954,0.948405138,0.012269578,0.300526702,-0.100303804,125
1231,6770,81.246001000,-2.829363003,-87.989015510,-54.527132083,0.947475200,0.019805148,0.303633142,-0.098516075,248
1232,6775,81.306001000,-2.766844223,-87.847659112,-54.662012601,0.945246212,0.024824844,0.307286286,-0.107090912,105
1233,6780,81.366001000,-2.700086670,-87.733444303,-54.806708660,0.946278252,0.019386720,0.309907784,-0.090215248,46
1234,6785,81.426001000,-2.627289236,-87.610254048,-54.947224329,0.945265188,0.019143989,0.311845493,-0.094125559,129
1235,6790,81.486001000,-2.492336492,-87.430712562,-55.106373937,0.941682106,0.023656197,0.309207721,-0.130636060,138
1236,6795,81.546001000,-2.428110028,-87.284012136,-55.245941530,0.938213149,0.029534116,0.307898391,-0.155185065,50
1237,6800,81.606001000,-2.262656322,-87.103603367,-55.423840318,0.936369455,0.029835208,0.305682364,-0.169942331,61
1238,6805,81.666001000,-2.139805356,-86.977425903,-55.557802524,0.935588719,0.032554817,0.302267737,-0.179577692,113
1239,6810,81.726001000,-2.017530264,-86.882442250,-55.710479859,0.934411558,0.034089062,0.299815073,-0.189272020,101
1240,6815,81.786001000,-1.911914314,-86.753672309,-55.889231853,0.932996372,0.034477082,0.300177583,-0.195505803,180
1241,6820,81.846001000,-1.808709478,-86.644923310,-56.041326990,0.932633924,0.037010229,0.298920626,-0.198672257,168
1242,6825,81.906001000,-1.693123441,-86.524790028,-56.179079214,0.932532249,0.038893709,0.297108806,-0.201487572,171
1243,6830,81.966001000,-1.589914254,-86.389662212,-56.325961663,0.932156042,0.039349595,0.296847620,-0.203514652,93
1244,6835,82.026001000,-1.489943686,-86.277276022,-56.475346466,0.931700332,0.040463128,0.296424992,-0.205984103,75
1245,6840,82.086001000,-1.356193477,-86.222756112,-56.608564977,0.930832092,0.041158272,0.294911535,-0.211860330,89
1246,6845,82.146001000,-1.241269680,-86.164904226,-56.742326256,0.929818115,0.043303003,0.293910713,-0.217208692,143
1247,6850,82.206001000,-1.109243088,-86.063817608,-56.848994529,0.930038012,0.043876968,0.290952906,-0.220114777,115
1248,6855,82.266001000,-0.995776106,-85.980636929,-56.958378746,0.929730538,0.045373548,0.288893173,-0.223792543,101
1249,6860,82.326001000,-0.870711376,-85.910459144,-57.104168987,0.929305590,0.046443627,0.286379195,-0.228519289,64
1250,6865,82.386001000,-0.749220903,-85.822400485,-57.229345716,0.929332509,0.049959386,0.283356919,-0.231417380,79
1251,6870,82.446001000,-0.647371302,-85.700457054,-57.347918265,0.930356111,0.052875992,0.280323958,-0.230347812,44
1252,6875,82.506001000,-0.515367706,-85.549886189,-57.492455852,0.932237766,0.058786587,0.275827233,-0.226707349,43
1253,6880,82.566001000,-0.349293651,-85.476389574,-57.621633791,0.933581999,0.062702722,0.267764181,-0.229772418,33
1254,6885,82.626001000,-0.217912631,-85.393887219,-57.770531466,0.934732468,0.067079705,0.261627321,-0.230925683,36
1255,6890,82.686001000,-0.115151185,-85.340496119,-57.875743884,0.935445121,0.068463066,0.254445653,-0.235611214,35
1256,6895,82.746001000,0.009024098,-85.222286531,-58.023934278,0.936633481,0.071857098,0.249084956,-0.235607648,34
1257,6900,82.806001000,0.111349929,-85.131012046,-58.164943772,0.936750108,0.075815975,0.244747092,-0.238432450,15
1258,6905,82.866001000,0.249391740,-85.051321123,-58.320915517,0.936957435,0.078457874,0.238709030,-0.242843830,22
1259,6910,82.926001000,0.356417134,-85.016415514,-58.471108946,0.936385012,0.081515461,0.233420239,-0.249105061,28
1260,6915,82.986001000,0.462214783,-84.914172850,-58.568509640,0.937163675,0.085508847,0.228325872,-0.249559172,24
1261,6920,83.046001000,0.565100312,-84.813034658,-58.745270669,0.936571434,0.085526742,0.226816597,-0.253127154,25
1262,6925,83.106001000,0.656167264,-84.660820353,-58.877682014,0.936743260,0.085623952,0.226317666,-0.252904960,31
1263,6930,83.166001000,0.736546492,-84.571900899,-59.039399744,0.935496225,0.085342869,0.228102093,-0.255993835,43
1264,6935,83.226001000,0.833302205,-84.496698157,-59.188588739,0.934589457,0.086165962,0.227530033,-0.259515043,46
1265,6940,83.286001000,0.902294472,-84.374740915,-59.330565050,0.933930228,0.086059343,0.227577199,-0.261871604,29
1266,6945,83.346001000,0.960784208,-84.258156881,-59.465536479,0.933212784,0.086079935,0.227592300,-0.264397220,35
1267,6950,83.406001000,1.060411995,-84.157878595,-59.599404949,0.932366408,0.085211203,0.228337879,-0.267008886,30
1268,6955,83.466001000,1.123889127,-84.061216621,-59.742193376,0.930639877,0.084205700,0.231464587,-0.270634375,35
1269,6960,83.526001000,1.186839240,-83.914282196,-59.865777527,0.929645881,0.082862976,0.233418801,-0.272778164,35
1270,6965,83.586001000,1.254063454,-83.780461075,-59.990022258,0.928926880,0.082274467,0.234344838,-0.274605644,27
1271,6970,83.646001000,1.341331500,-83.682036974,-60.110595548,0.928134957,0.082852390,0.233618117,-0.277711287,18
1272,6975,83.706001000,1.411978091,-83.623757582,-60.244212370,0.926687199,0.084391803,0.233425365,-0.282208180,26
1273,6980,83.766001000,1.481262496,-83.495882872,-60.352786616,0.926409351,0.084702148,0.232964537,-0.283405689,12
1274,6985,83.826001000,1.560325361,-83.419078270,-60.493038069,0.924713110,0.085568111,0.232376908,-0.289110248,19
1275,6990,83.886001000,1.610815013,-83.215777088,-60.588754075,0.925143488,0.085689059,0.232834580,-0.287323806,19
1276,6995,83.946001000,1.657246812,-83.103171318,-60.713590488,0.924366293,0.086744160,0.232541306,-0.289735998,19
1277,7000,84.006001000,1.683431810,-82.949904134,-60.823373048,0.923935391,0.087246776,0.233320011,-0.290332854,12
1278,7005,84.066001000,1.701389254,-82.776574334,-60.932786587,0.923522482,0.088158722,0.233784754,-0.290996483,16
1279,7010,84.126001000,1.741755924,-82.734710192,-61.086882199,0.920581696,0.089129865,0.235305707,-0.298691199,11
1280,7015,84.186001000,1.816519225,-82.599081551,-61.176542408,0.920067255,0.087584667,0.234288604,-0.301519522,9
1281,7020,84.246001000,1.845265367,-82.482783534,-61.291221776,0.918629685,0.085313448,0.237007947,-0.304414768,8
1282,7025,84.306001000,1.994327824,-82.391434287,-61.341532895,0.918733512,0.082157113,0.233174003,-0.307910421,5
1283,7030,84.366001000,2.139591920,-82.405879400,-61.492466439,0.916066860,0.082974158,0.231012508,-0.317127762,4
1284,7035,84.426001000,1.990684115,-82.014849697,-61.560452503,0.919605713,0.083299835,0.245993616,-0.294743295,7
1285,7040,84.486001000,1.926633481,-81.773398842,-61.684830656,0.921078433,0.087559720,0.261395514,-0.274991273,6
1286,7045,84.546001000,1.970789608,-81.637297009,-61.812187715,0.919985598,0.087484095,0.262269992,-0.277826356,7
1287,7050,84.606001000,2.007429598,-81.485122583,-61.913422742,0.918177502,0.081744395,0.255812574,-0.291252218,0
1288,7055,84.666001000,2.068270591,-81.322647652,-62.047516375,0.918587638,0.078308214,0.252055931,-0.294163870,3
1289,7060,84.726001000,2.062140897,-81.028582958,-62.093017110,0.921300272,0.074590304,0.249545822,-0.288736866,1
1290,7065,84.786001000,2.109351466,-80.942288679,-62.192747356,0.920314471,0.077347384,0.244393423,-0.295483522,0
1291,7070,84.846001000,2.157809717,-80.771854937,-62.332863076,0.918771643,0.084944153,0.242111191,-0.300042213,1
1292,7076,84.918001000,2.225711648,-80.567449298,-62.514026842,0.917811288,0.093555783,0.237985911,-0.303697977,2
1293,7081,84.978001000,2.289361281,-80.396666221,-62.670016301,0.918801824,0.094277626,0.230588826,-0.306175980,1
1294,7086,85.038001000,2.335913818,-80.222516502,-62.822775789,0.920474570,0.095817771,0.223981611,-0.305577745,1
1295,7091,85.098001000,2.382613334,-80.047956019,-62.993715306,0.921554282,0.098752857,0.217797773,-0.305858969,2
1296,7096,85.158001000,2.442135453,-79.872511979,-63.153325743,0.922716172,0.100959686,0.212741051,-0.305193796,1
1297,7102,85.230001000,2.510163011,-79.676345648,-63.352587852,0.923510482,0.104631678,0.207248443,-0.305333725,1
1298,7107,85.290001000,2.563042232,-79.527626323,-63.506365861,0.924052988,0.107512481,0.203844184,-0.304983099,2
1299,7112,85.350001000,2.635235311,-79.378548518,-63.663474315,0.925801597,0.108662924,0.199974541,-0.301817751,0
1300,7117,85.410001000,2.697264856,-79.220669719,-63.813151617,0.928634771,0.109721240,0.197439570,-0.294306520,3
1301,7122,85.470001000,2.776127458,-79.064503310,-63.987893209,0.930340938,0.111594029,0.194695874,-0.290010395,2
1302,7127,85.530001000,2.863347950,-78.942310577,-64.162165436,0.929591332,0.113156656,0.191622427,-0.293830515,3
1303,7133,85.602001000,2.945859751,-78.759605544,-64.378507031,0.930039804,0.114277501,0.188518216,-0.293985540,3
1304,7138,85.662001000,3.006058927,-78.635778785,-64.542277530,0.931206942,0.113599567,0.187061596,-0.291473376,3
1305,7143,85.722001000,3.077894150,-78.223893556,-64.631925921,0.936837549,0.112847943,0.185363557,-0.274301114,4
1306,7148,85.782001000,3.131443447,-78.152034182,-64.811724090,0.936387498,0.113549312,0.184991128,-0.275795741,3
1307,7153,85.842001000,3.242876122,-78.117492618,-64.981887004,0.934715809,0.114128366,0.181130138,-0.283677537,5
1308,7158,85.902001000,3.378740683,-78.150762599,-65.152282827,0.932333242,0.116009773,0.177325088,-0.293005583,3
1309,7163,85.962001000,3.416458670,-78.028324762,-65.321941930,0.932214195,0.116778563,0.178711860,-0.292235407,5
1310,7168,86.022001000,3.517143633,-77.951026506,-65.448958516,0.933082529,0.116410558,0.177324908,-0.290450430,7
1311,7173,86.082001000,3.583377102,-77.874818781,-65.570026691,0.934782670,0.112503452,0.178132586,-0.285994955,14
1312,7178,86.142001000,3.669644019,-77.683853450,-65.668168209,0.936288816,0.111669148,0.178391245,-0.281193560,21
1313,7183,86.202001000,3.759026651,-77.709793811,-65.859562327,0.931705678,0.112368814,0.178338463,-0.295792448,16
1314,7188,86.262001000,3.865940550,-77.480683041,-65.941982344,0.932391096,0.111436481,0.177272704,-0.294623731,19
1315,7193,86.322001000,3.889419634,-77.378009776,-66.118845350,0.930206265,0.109171850,0.181540413,-0.299734700,21
1316,7198,86.382001000,3.954927426,-77.216698742,-66.239239728,0.929606335,0.106792187,0.184604693,-0.300580435,33
1317,7203,86.442001000,3.971952475,-77.062928199,-66.364802184,0.929153781,0.106137182,0.188659832,-0.299692538,38
1318,7208,86.502001000,4.022135883,-76.891673522,-66.494375231,0.928939408,0.104171483,0.190557524,-0.299846140,34
1319,7213,86.562001000,4.078029263,-76.762935912,-66.612954365,0.928756173,0.102309179,0.191132310,-0.300687950,30
1320,7218,86.622001000,4.107381648,-76.619503675,-66.735601191,0.926502695,0.099677152,0.192274067,-0.307713999,20
1321,7223,86.682001000,4.201675741,-76.357476095,-66.806043208,0.924531168,0.099629492,0.188166054,-0.316084829,6
1322,7228,86.742001000,4.214302066,-76.313318130,-66.960773583,0.919729839,0.102734508,0.189677986,-0.327970891,3
1323,7233,86.802001000,4.377410797,-76.205478313,-67.044050033,0.919530759,0.102904528,0.184111547,-0.331627470,2
1324,7238,86.862001000,4.434600607,-76.032181300,-67.179707400,0.921027854,0.101388726,0.182873505,-0.328611168,11
1325,7243,86.922001000,4.455066103,-75.917410462,-67.295496917,0.924099621,0.099022856,0.183553494,-0.320222548,6
1326,7248,86.982001000,4.492753482,-75.803333585,-67.355229910,0.928044473,0.097301416,0.179079911,-0.311763174,21
1327,7253,87.042001000,4.585982997,-75.794773214,-67.472904598,0.928409213,0.103807593,0.173316599,-0.311835971,11
1328,7258,87.102001000,4.708031492,-75.581283170,-67.458209017,0.931209904,0.113838850,0.163562527,-0.305182128,19
1329,7263,87.162001000,4.755705500,-75.422536904,-67.513423671,0.930715513,0.122659613,0.155909488,-0.307271028,9
1330,7268,87.222001000,4.682207789,-75.264094333,-67.633861918,0.929503467,0.130545099,0.153131365,-0.309082621,5
1331,7273,87.282001000,4.707544501,-75.197040734,-67.769294661,0.929595552,0.131788547,0.142327565,-0.313411475,5
1332,7278,87.342001000,4.694395706,-75.071656010,-67.862171063,0.933258877,0.129887921,0.131255313,-0.308105566,35
1333,7283,87.402001000,4.766425071,-74.979992256,-67.901018267,0.936997118,0.133620010,0.117609004,-0.300583125,50
1334,7288,87.462001000,4.696239443,-74.847891537,-68.008695175,0.939202712,0.135749266,0.108964234,-0.295968240,46
1335,7293,87.522001000,4.708762519,-74.685241599,-68.022331720,0.942509445,0.141627052,0.095529117,-0.287214053,62
1336,7298,87.582001000,4.760355458,-74.560117410,-68.040298852,0.944649069,0.150389702,0.080353427,-0.280293419,112
1337,7303,87.642001000,4.817152723,-74.458486955,-68.122050432,0.945143967,0.159628192,0.065941900,-0.277260506,137
1338,7308,87.702001000,4.823674769,-74.340603491,-68.162215400,0.945820783,0.169328531,0.051802587,-0.272153242,149
1339,7313,87.762001000,4.897319629,-74.210643639,-68.198102187,0.945686382,0.179968354,0.034701335,-0.268485522,93
1340,7318,87.822001000,4.903300873,-74.109117470,-68.263302847,0.944771281,0.190099440,0.021828797,-0.266069413,32
1341,7323,87.882001000,4.992277496,-74.016447412,-68.378149584,0.942861172,0.200782334,0.006973050,-0.265801882,8
1342,7328,87.942001000,5.065766007,-73.914849635,-68.424372442,0.942089721,0.208782793,-0.009202852,-0.262282311,1
1343,7333,88.002001000,5.112396251,-73.810749289,-68.522456067,0.941579660,0.216825152,-0.021580448,-0.256805142,1
1344,7338,88.062001000,5.128802505,-73.709309944,-68.614480162,0.941383340,0.223754805,-0.031331823,-0.250498526,1
1345,7343,88.122001000,5.136892183,-73.611950256,-68.717507634,0.941281883,0.229296650,-0.038600222,-0.244788655,6
1346,7348,88.182001000,5.133982433,-73.508798286,-68.817437106,0.940902617,0.233539425,-0.043206719,-0.241443125,3
1347,7353,88.242001000,5.134082174,-73.413555202,-68.914754772,0.939173065,0.237092064,-0.047551862,-0.243885481,10
1348,7358,88.302001000,5.099841058,-73.343913167,-69.038382219,0.937070345,0.243043674,-0.048684005,-0.245883731,4
1349,7363,88.362001000,5.070160677,-73.324351369,-69.121455352,0.933789311,0.245513070,-0.051230768,-0.255218071,11
1350,7368,88.422001000,4.999131685,-73.335915503,-69.233405595,0.932869507,0.241344336,-0.049121014,-0.262858366,8
1351,7373,88.482001000,4.941633408,-73.326921807,-69.357562887,0.931527502,0.238884003,-0.047916093,-0.269990731,6
1352,7378,88.542001000,4.899783036,-73.307038645,-69.468430651,0.929298529,0.240298397,-0.047179646,-0.276468814,11
1353,7383,88.602001000,4.849441881,-73.321651458,-69.528650983,0.929184178,0.235989098,-0.039808127,-0.281675739,10
1354,7388,88.662001000,4.851961944,-73.244184409,-69.635136222,0.927304869,0.239523712,-0.038248966,-0.285080846,18
1355,7393,88.722001000,4.828633578,-73.100871257,-69.819325147,0.926133146,0.243399261,-0.038231258,-0.285609114,11
1356,7398,88.782001000,4.779998107,-73.276151152,-69.802018384,0.922619456,0.244341739,-0.030528224,-0.296881260,14
1357,7403,88.842001000,4.768030500,-73.271235611,-69.953591048,0.919820913,0.248920585,-0.032358259,-0.301531048,10
1358,7408,88.902001000,4.698944851,-73.292328757,-70.086512183,0.912414898,0.264385536,-0.029956377,-0.310969383,16
1359,7413,88.962001000,4.647286836,-73.107148238,-70.159599195,0.912110489,0.272080494,-0.031551099,-0.305010145,15
1360,7418,89.022001000,4.575035014,-73.048896148,-70.272142886,0.910082058,0.279765458,-0.030427549,-0.304230342,13
1361,7423,89.082001000,4.944948414,-72.937408597,-70.878278803,0.900432473,0.291767962,-0.060180748,-0.316971757,11
1362,7428,89.142001000,4.820013004,-72.846009919,-70.828113468,0.902505269,0.292175098,-0.060753218,-0.310526970,15
1363,7433,89.202001000,4.741296798,-72.790172847,-70.929324408,0.902159582,0.291195474,-0.071850722,-0.310081857,20
1364,7438,89.262001000,4.738617561,-72.753241182,-71.061427488,0.903589465,0.284275003,-0.087017871,-0.308450470,15
1365,7443,89.322001000,4.695008195,-72.683784203,-71.155117899,0.904272669,0.281940321,-0.098706171,-0.305053580,26
1366,7448,89.382001000,4.645549334,-72.559754672,-71.201106341,0.905537364,0.281328772,-0.107628755,-0.298784631,25
1367,7453,89.442001000,4.578277055,-72.456533184,-71.269788433,0.906368314,0.281621523,-0.113059928,-0.293944296,47
1368,7458,89.502001000,4.575254460,-72.361717247,-71.367343661,0.907252189,0.283882165,-0.117785134,-0.287108070,85
1369,7463,89.562001000,4.557047106,-72.231675546,-71.403553964,0.908131646,0.288130021,-0.122305802,-0.278063475,97
1370,7468,89.622001000,4.543690289,-72.093809452,-71.499892734,0.907004740,0.290615032,-0.128747448,-0.276241561,168
1371,7473,89.682001000,4.494815666,-71.979705950,-71.552765216,0.906914522,0.291647316,-0.133434262,-0.273209062,175
1372,7478,89.742001000,4.459053195,-71.876592281,-71.654261851,0.907789944,0.295072118,-0.135992456,-0.265246894,207
1373,7483,89.802001000,4.446976987,-71.799329144,-71.747745167,0.907336730,0.299174111,-0.139510815,-0.260329871,225
1374,7488,89.862001000,4.413498306,-71.691009360,-71.832010874,0.907691617,0.302213745,-0.142393587,-0.253942608,249
1375,7493,89.922001000,4.395846480,-71.574411442,-71.897769961,0.906786533,0.307088081,-0.144935112,-0.249857773,232
1376,7498,89.982001000,4.383159657,-71.494510954,-72.014866303,0.903903461,0.313591204,-0.146374769,-0.251383207,296
1377,7503,90.042001000,4.348232269,-71.430571994,-72.134157637,0.902610928,0.318233863,-0.146130933,-0.250332720,328
1378,7508,90.102001000,4.301256291,-71.341958021,-72.244015081,0.904282188,0.316594189,-0.147651675,-0.245440067,375
1379,7513,90.162001000,4.278357002,-71.259637177,-72.354112081,0.905088605,0.315921224,-0.150524398,-0.241559110,367
1380,7518,90.222001000,4.214038937,-71.167478807,-72.465245171,0.906714083,0.315492418,-0.151433445,-0.235376333,356
1381,7523,90.282001000,4.186056117,-71.082762264,-72.579034603,0.906695934,0.315594207,-0.154232574,-0.233484674,320
1382,7528,90.342001000,4.116024521,-71.019218738,-72.699720596,0.907262152,0.314770301,-0.155161891,-0.231775391,354
1383,7533,90.402001000,4.050395725,-70.925677356,-72.821590093,0.907640458,0.315386696,-0.155979082,-0.228889835,353
1384,7538,90.462001000,4.002825505,-70.879759835,-72.963312558,0.908504599,0.319829048,-0.152867467,-0.221269769,364
1385,7543,90.522001000,3.944293141,-70.830788536,-73.100721254,0.909271360,0.324057005,-0.148321617,-0.214972902,355
1386,7548,90.582001000,3.885440762,-70.731907577,-73.220313229,0.909823494,0.325029771,-0.147902814,-0.211427566,405
1387,7553,90.642001000,3.813038027,-70.704117750,-73.364583075,0.910395834,0.323446127,-0.147345235,-0.211781513,222
1388,7558,90.702001000,3.728691114,-70.643175892,-73.504695975,0.911363525,0.322866458,-0.146032803,-0.209399610,263
1389,7563,90.762001000,3.637625452,-70.588695469,-73.651198571,0.912055981,0.321919921,-0.144163758,-0.209136947,181
1390,7568,90.822001000,3.558736274,-70.495128225,-73.776607353,0.913020875,0.321697803,-0.143090777,-0.205981639,369
1391,7573,90.882001000,3.460413127,-70.398113308,-73.914564984,0.914126091,0.321318126,-0.140955278,-0.203124992,231
1392,7578,90.942001000,3.380150285,-70.329219548,-74.071532101,0.916427461,0.323664282,-0.134915262,-0.192873047,343
1393,7583,91.002001000,3.289302475,-70.270562403,-74.213375110,0.919094231,0.324767325,-0.127881118,-0.182861692,306
1394,7588,91.062001000,3.184631869,-70.160815667,-74.355599555,0.917685503,0.325396632,-0.128308850,-0.188433511,196
1395,7593,91.122001000,3.071323393,-70.067132154,-74.501105131,0.915496318,0.319556944,-0.133526825,-0.204744814,285
1396,7598,91.182001000,2.954241089,-69.969885071,-74.661484517,0.915949246,0.317850672,-0.132392351,-0.206107240,307
1397,7603,91.242001000,2.851009201,-69.861506450,-74.818860872,0.915978489,0.316609833,-0.132332285,-0.207917741,356
1398,7608,91.302001000,2.747464322,-69.765832911,-74.976706372,0.915791141,0.316328470,-0.131733279,-0.209545292,388
1399,7613,91.362001000,2.632972366,-69.681712273,-75.143717896,0.917207064,0.317322256,-0.128502243,-0.203776741,383
1400,7618,91.422001000,2.522366910,-69.595932224,-75.307292263,0.919977001,0.318513638,-0.123412179,-0.192251955,356
1401,7623,91.482001000,2.387307908,-69.449719200,-75.470626523,0.919624682,0.322675291,-0.120058713,-0.189095232,419
1402,7628,91.542001000,2.257743470,-69.365340048,-75.651441440,0.916925417,0.321261431,-0.123472466,-0.201973816,371
1403,7633,91.602001000,2.098220195,-69.200130715,-75.812535125,0.912655895,0.318147686,-0.130828855,-0.220737579,355
1404,7638,91.662001000,1.968367953,-69.073652103,-75.987109369,0.910001498,0.315826903,-0.134919130,-0.232265943,398
1405,7643,91.722001000,1.822459296,-68.943462966,-76.152987426,0.906022640,0.313738375,-0.139958464,-0.247189878,146
1406,7648,91.782001000,1.670507582,-68.778668428,-76.313965206,0.900898884,0.309208223,-0.147868168,-0.266282707,279
1407,7653,91.842001000,1.546035145,-68.666366853,-76.491710112,0.896242648,0.306684953,-0.153489358,-0.281308502,254
1408,7658,91.902001000,1.382945150,-68.524661808,-76.658698321,0.893355671,0.305749705,-0.155982195,-0.290003996,226
1409,7663,91.962001000,1.247197743,-68.399714168,-76.825754749,0.891212786,0.304167250,-0.158539392,-0.296795073,191
1410,7668,92.022001000,1.125910431,-68.252621516,-76.996734151,0.888831027,0.304342655,-0.161487247,-0.302120545,168
1411,7673,92.082001000,0.984764139,-68.104892498,-77.144898514,0.888229062,0.304924837,-0.161668387,-0.303205062,128
1412,7678,92.142001000,0.853078002,-67.976060575,-77.304879336,0.886926432,0.305382307,-0.162395039,-0.306155193,125
1413,7683,92.202001000,0.739744276,-67.819431708,-77.449478509,0.885983289,0.305584053,-0.164520849,-0.307546562,104
1414,7688,92.262001000,0.593645700,-67.647513873,-77.569075098,0.885937362,0.306948097,-0.164107723,-0.306539575,140
1415,7693,92.322001000,0.472844222,-67.517906217,-77.719475669,0.884954873,0.307749362,-0.164456098,-0.308381898,159
1416,7698,92.382001000,0.331336408,-67.351507929,-77.845557475,0.884793714,0.307507453,-0.164613303,-0.309001149,58
1417,7703,92.442001000,0.243534277,-67.198877134,-77.964268277,0.884202129,0.309060855,-0.165822314,-0.308497882,93
1418,7708,92.502001000,0.066855431,-67.049474043,-78.086386517,0.884793725,0.308472088,-0.164003592,-0.308363190,241
1419,7713,92.562001000,-0.069089944,-66.912580720,-78.216487669,0.884626342,0.308686494,-0.163352412,-0.308973903,212
1420,7718,92.622001000,-0.227765259,-66.701269063,-78.343051996,0.885596943,0.308882920,-0.162470193,-0.306452008,278
1421,7723,92.682001000,-0.360248336,-66.579371483,-78.477619827,0.885334592,0.308761382,-0.162364483,-0.307387125,303
1422,7728,92.742001000,-0.525367961,-66.425575758,-78.602788037,0.886162738,0.307773300,-0.161464895,-0.306464166,241
1423,7733,92.802001000,-0.653880165,-66.239430478,-78.713379836,0.886494949,0.308914254,-0.161685438,-0.304231013,387
1424,7738,92.862001000,-0.767791230,-66.067475484,-78.854550179,0.885897687,0.312200596,-0.165050721,-0.300789520,146
1425,7743,92.922001000,-0.845135757,-65.955393216,-79.011933512,0.883217801,0.314871471,-0.169054980,-0.303648952,308
1426,7748,92.982001000,-0.972795724,-65.799705424,-79.154103173,0.882458694,0.315696700,-0.172183176,-0.303241159,295
1427,7753,93.042001000,-1.065865833,-65.646227982,-79.276562551,0.880877131,0.320060589,-0.175402649,-0.301414351,248
1428,7758,93.102001000,-1.172549248,-65.520542381,-79.404611500,0.880046375,0.321542301,-0.178412940,-0.300495839,222
1429,7763,93.162001000,-1.273227528,-65.392385112,-79.558776012,0.879146123,0.322917283,-0.181991833,-0.299508759,71
1430,7768,93.222001000,-1.391578764,-65.278909578,-79.679601256,0.878751653,0.324440154,-0.182724315,-0.298573180,125
1431,7773,93.282001000,-1.523369217,-65.176434156,-79.816828147,0.878762716,0.323670840,-0.183977211,-0.298606199,216
1432,7778,93.342001000,-1.645901505,-65.061038924,-79.943267476,0.878449179,0.323985621,-0.185324962,-0.298353843,197
1433,7783,93.402001000,-1.701985069,-64.973786981,-80.128109879,0.875162990,0.328516949,-0.187928629,-0.301411988,194
1434,7788,93.462001000,-1.881504928,-64.778199862,-80.223422005,0.882661940,0.328792411,-0.182089237,-0.282217928,168
1435,7793,93.522001000,-2.005980049,-64.710830166,-80.356382806,0.882289762,0.327446117,-0.181966772,-0.285012122,271
1436,7798,93.582001000,-2.126976272,-64.598221283,-80.495977133,0.880842633,0.326333661,-0.183925519,-0.289471934,143
1437,7803,93.642001000,-2.251140474,-64.482688394,-80.653416792,0.879569554,0.326413762,-0.185104375,-0.292485601,176
1438,7808,93.702001000,-2.362070318,-64.371588416,-80.795429144,0.879521389,0.325407946,-0.186281559,-0.293003372,144
1439,7813,93.762001000,-2.462791071,-64.258383371,-80.972609332,0.878418552,0.326509354,-0.189310680,-0.293144939,142
1440,7818,93.822001000,-2.594555837,-64.177195556,-81.116319680,0.877797309,0.327276751,-0.190404893,-0.293441289,176
1441,7823,93.882001000,-2.694234219,-64.069786949,-81.280779727,0.875685225,0.331138107,-0.193466937,-0.293416912,124
1442,7828,93.942001000,-2.807258956,-63.989962276,-81.427821860,0.871115924,0.342356782,-0.187580967,-0.297929961,217
1443,7833,94.002001000,-2.905613191,-63.876897046,-81.589281170,0.867456056,0.349627121,-0.185818411,-0.301251366,170
1444,7838,94.062001000,-2.961907221,-63.741199731,-81.766176132,0.867162285,0.347214406,-0.192318440,-0.300807822,145
1445,7843,94.122001000,-3.067978042,-63.638070286,-81.893744896,0.870516982,0.339735755,-0.198778010,-0.295410059,194
1446,7848,94.182001000,-3.188216916,-63.574037919,-82.049154670,0.871592497,0.334970640,-0.202774343,-0.294963990,156
1447,7853,94.242001000,-3.341459102,-63.484611329,-82.165379662,0.873835166,0.332010312,-0.203713989,-0.291001488,202
1448,7858,94.302001000,-3.464183114,-63.352287420,-82.292849758,0.874452431,0.332642881,-0.205386507,-0.287224724,122
1449,7863,94.362001000,-3.566025295,-63.267612174,-82.426157201,0.875412071,0.330646322,-0.205319285,-0.286654334,196
1450,7868,94.422001000,-3.713938908,-63.174683343,-82.529359368,0.876530810,0.329950001,-0.202540782,-0.286013930,170
1451,7873,94.482001000,-3.833639007,-63.071531409,-82.651322531,0.876734301,0.328569816,-0.203078205,-0.286597426,198
1452,7878,94.542001000,-3.940597510,-62.991524164,-82.775413685,0.876872667,0.327933642,-0.202738622,-0.287142654,195
1453,7883,94.602001000,-4.077922509,-62.903335875,-82.874305158,0.876981128,0.327964468,-0.201774742,-0.287454976,192
1454,7888,94.662001000,-4.194243596,-62.829720159,-82.974746065,0.876889163,0.327880409,-0.200769553,-0.288533222,153
1455,7893,94.722001000,-4.312433179,-62.724503836,-83.085174949,0.876309997,0.328389190,-0.202151241,-0.288749382,134
1456,7898,94.782001000,-4.470794014,-62.630931272,-83.168551767,0.876461745,0.328571491,-0.201898423,-0.288257890,159
1457,7903,94.842001000,-4.559712953,-62.569624896,-83.284130509,0.875697971,0.328486901,-0.203362823,-0.289642852,87
1458,7908,94.902001000,-4.708189493,-62.454894110,-83.372939762,0.875178107,0.330123395,-0.204407544,-0.288616322,55
1459,7913,94.962001000,-4.811625539,-62.394957812,-83.489151689,0.873550550,0.329667640,-0.207185776,-0.292066326,89
1460,7918,95.022001000,-4.911340043,-62.315059967,-83.597619320,0.872598286,0.329249650,-0.209888376,-0.293451476,67
1461,7923,95.082001000,-4.963386673,-62.239176889,-83.715622156,0.870313023,0.329533515,-0.214591577,-0.296501870,68
1462,7928,95.142001000,-5.066099655,-62.147430514,-83.823066420,0.869177311,0.328752481,-0.217976465,-0.298226204,63
1463,7933,95.202001000,-5.128139684,-62.078991004,-83.934853786,0.866664955,0.329791328,-0.222479553,-0.301052129,74
1464,7938,95.262001000,-5.259956170,-61.978590576,-84.004588857,0.866657433,0.328687597,-0.224276776,-0.300947312,57
1465,7943,95.322001000,-5.399459825,-61.893279700,-84.084539988,0.865892660,0.329658894,-0.224433909,-0.301967441,43
1466,7948,95.382001000,-5.473788248,-61.819276707,-84.187694746,0.863950993,0.329584935,-0.228130595,-0.304825990,23
1467,7953,95.442001000,-5.552409081,-61.752596815,-84.279501329,0.862738553,0.328748363,-0.230937068,-0.307041974,61
1468,7958,95.502001000,-5.673932653,-61.661980395,-84.364298555,0.862164569,0.328907097,-0.231643149,-0.307951018,84
1469,7963,95.562001000,-5.737323115,-61.610700215,-84.476280251,0.860082559,0.327849805,-0.235678566,-0.311814225,79
1470,7968,95.622001000,-5.811420027,-61.522597164,-84.548985211,0.858704521,0.327685303,-0.238687074,-0.313492213,32
1471,7973,95.682001000,-5.891616169,-61.471484348,-84.661850986,0.856288852,0.327349681,-0.242230492,-0.317704228,62
1472,7978,95.742001000,-5.980316179,-61.398039817,-84.763694863,0.854562878,0.326693440,-0.245341423,-0.320626371,92
1473,7983,95.802001000,-6.065060480,-61.330918331,-84.861290827,0.853277518,0.326238239,-0.247552256,-0.322806397,56
1474,7988,95.862001000,-6.132565386,-61.247232247,-84.920884626,0.853218094,0.330189102,-0.248689341,-0.318037187,39
1475,7993,95.922001000,-6.275096543,-61.132843209,-84.970331226,0.858728640,0.337419326,-0.242702133,-0.299714856,93
1476,7998,95.982001000,-6.422699619,-61.079541969,-85.051402887,0.861895877,0.339874900,-0.238642131,-0.290981930,191
1477,8003,96.042001000,-6.528273125,-60.990257750,-85.137540889,0.861716035,0.340842735,-0.240604376,-0.288758098,174
1478,8008,96.102001000,-6.662658390,-60.904474123,-85.201533292,0.863353498,0.344695701,-0.238624216,-0.280827516,81
1479,8013,96.162001000,-6.774206766,-60.835267307,-85.308100715,0.862710288,0.348203438,-0.238812933,-0.278305064,113
1480,8018,96.222001000,-6.958302550,-60.734813454,-85.379159117,0.861084033,0.346878860,-0.240953813,-0.283108821,190
1481,8023,96.282001000,-7.098234180,-60.643405011,-85.475905520,0.857292951,0.344939041,-0.245970228,-0.292514103,168
1482,8028,96.342001000,-7.214841017,-60.527134321,-85.554413264,0.850382004,0.341425992,-0.255546984,-0.308179295,95
1483,8033,96.402001000,-7.385260786,-60.434867530,-85.612283158,0.846232232,0.338799969,-0.260527095,-0.318168545,89
1484,8038,96.462001000,-7.593069149,-60.366122730,-85.659443056,0.843789947,0.337154892,-0.261836384,-0.325248845,84
1485,8043,96.522001000,-7.727260607,-60.219451257,-85.712722438,0.840868492,0.338936232,-0.266536918,-0.327139851,118
1486,8048,96.582001000,-7.809890897,-60.084130183,-85.771446971,0.837217409,0.341898011,-0.272335347,-0.328642996,136
1487,8053,96.642001000,-7.920275020,-59.956577308,-85.831545626,0.834968116,0.344228756,-0.276787696,-0.328212401,205
1488,8058,96.702001000,-8.068202343,-59.836862400,-85.867992427,0.833757819,0.346566845,-0.279231211,-0.326755644,216
1489,8063,96.762001000,-8.173353989,-59.686857933,-85.920199775,0.831538716,0.351318107,-0.283347433,-0.323779529,240
1490,8068,96.822001000,-8.266094292,-59.590228788,-86.007875476,0.827998383,0.354849790,-0.288080267,-0.324823128,224
1491,8073,96.882001000,-8.436003453,-59.458117272,-86.038013576,0.827120584,0.356433420,-0.290305249,-0.323341336,264
1492,8078,96.942001000,-8.508660960,-59.351250519,-86.164919841,0.822285892,0.359909413,-0.296912151,-0.325813291,376
1493,8083,97.002001000,-8.705021573,-59.262668232,-86.197793333,0.822388867,0.360509412,-0.297075894,-0.324739016,329
1494,8088,97.062001000,-8.824996778,-59.159899466,-86.304355987,0.819105313,0.363157804,-0.300902958,-0.326558272,348
1495,8093,97.122001000,-8.964828529,-59.043673846,-86.360291489,0.817322690,0.365674063,-0.303366565,-0.325936847,263
1496,8098,97.182001000,-9.087566759,-58.957584617,-86.422088532,0.815095858,0.368946900,-0.305774529,-0.325574669,260
1497,8103,97.242001000,-9.261461918,-58.835766429,-86.477839584,0.814620156,0.371125188,-0.306301285,-0.323789469,147
1498,8108,97.302001000,-9.376187623,-58.752093073,-86.531756000,0.812661144,0.373655746,-0.308554105,-0.323662809,152
1499,8113,97.362001000,-9.485487042,-58.706797670,-86.609677758,0.809740907,0.373466291,-0.312825494,-0.327082258,146
1500,8118,97.422001000,-9.592794159,-58.671707079,-86.709067681,0.806240219,0.375750079,-0.314567758,-0.331414715,144
1501,8123,97.482001000,-9.647954742,-58.534395899,-86.772439684,0.801869050,0.381621759,-0.321667724,-0.328482474,107
1502,8128,97.542001000,-9.743483734,-58.510091991,-86.866689019,0.798693341,0.382087839,-0.324465273,-0.332896557,82
1503,8133,97.602001000,-9.864490196,-58.476318653,-86.957384614,0.795483828,0.384681544,-0.326093680,-0.335988841,79
1504,8138,97.662001000,-9.966866089,-58.417623763,-87.032890034,0.791880223,0.388333178,-0.329772604,-0.336709199,91
1505,8143,97.722001000,-9.957928520,-58.367444976,-87.165563873,0.782145725,0.395442117,-0.339304669,-0.341681049,9
1506,8148,97.782001000,-10.131675723,-58.313592872,-87.178512567,0.784054835,0.394346167,-0.339368919,-0.338493505,53
1507,8153,97.842001000,-10.204477919,-58.258471849,-87.269864321,0.778334371,0.399912206,-0.344696320,-0.339779754,7
1508,8158,97.902001000,-10.348663588,-58.202184415,-87.279520179,0.778682072,0.400783660,-0.345796629,-0.336825444,15
1509,8163,97.962001000,-10.625165029,-58.242364038,-87.302053274,0.780912354,0.415184102,-0.326566989,-0.333394748,5
1510,8168,98.022001000,-10.480687995,-58.098868488,-87.444226180,0.770392640,0.421343533,-0.351147614,-0.325054088,3
1511,8173,98.082001000,-10.653516266,-58.042558148,-87.548082786,0.771302804,0.422103069,-0.351020013,-0.322034056,1
1512,8178,98.142001000,-10.809098341,-58.005810036,-87.652873415,0.772288399,0.424436227,-0.350447355,-0.317192638,11
1513,8183,98.202001000,-10.768463318,-57.808988996,-87.819929805,0.769862721,0.427271432,-0.359381961,-0.309184604,18
1514,8188,98.262001000,-10.864534222,-57.808776992,-87.958996716,0.770777638,0.430781748,-0.358020279,-0.303562840,15
1515,8193,98.322001000,-10.919160910,-57.719581471,-88.038578486,0.770137037,0.432416914,-0.362470730,-0.297522311,21
1516,8198,98.382001000,-11.115851816,-57.624224701,-88.121998456,0.770997817,0.432947901,-0.363363936,-0.293402677,26
1517,8203,98.442001000,-11.206463195,-57.577780979,-88.227341926,0.767685877,0.430574863,-0.369778215,-0.297536138,25
1518,8208,98.502001000,-11.350804272,-57.512112250,-88.351499061,0.763067022,0.425766832,-0.378025530,-0.305856214,21
1519,8213,98.562001000,-11.397062871,-57.499560436,-88.546410268,0.757328587,0.418276548,-0.388052979,-0.317668107,23
1520,8218,98.622001000,-11.570935327,-57.396492486,-88.622759183,0.756458740,0.418674333,-0.390550656,-0.316152121,7
1521,8223,98.682001000,-11.663204976,-57.409410925,-88.778818768,0.754828183,0.416105944,-0.394079350,-0.319048152,11
1522,8228,98.742001000,-11.759981687,-57.308339642,-88.846914843,0.753945260,0.418275639,-0.397967513,-0.313422867,18
1523,8233,98.802001000,-12.023539328,-57.255043761,-88.884505771,0.753774002,0.426971818,-0.392468120,-0.309012289,24
1524,8238,98.862001000,-12.145160157,-57.196377044,-88.989922343,0.750102373,0.424389145,-0.398513528,-0.313731177,14
1525,8243,98.922001000,-12.229718904,-57.166651960,-89.126105697,0.748046696,0.417028419,-0.407914183,-0.316416588,6
1526,8248,98.982001000,-12.326648538,-57.079557148,-89.276976916,0.742903257,0.410893875,-0.419363402,-0.321551412,14
1527,8253,99.042001000,-12.478294759,-57.021478227,-89.346149536,0.740703316,0.409077705,-0.422562135,-0.324738774,7
1528,8258,99.102001000,-12.568678708,-57.041544934,-89.507847507,0.740506865,0.401683341,-0.430769458,-0.323632121,16
1529,8263,99.162001000,-12.749390901,-57.010642286,-89.557020358,0.747195785,0.397814710,-0.434149250,-0.308149872,29
1530,8268,99.222001000,-12.829299339,-56.961474403,-89.696529833,0.749957433,0.391550213,-0.443044245,-0.296587385,27
1531,8273,99.282001000,-13.031394900,-56.888978245,-89.717108341,0.753097136,0.388492292,-0.447486863,-0.285786546,24
1532,8278,99.342001000,-13.196135185,-56.746751908,-89.760339183,0.749073126,0.393779755,-0.449209985,-0.286421622,31
1533,8283,99.402001000,-13.418648965,-56.713401718,-89.795163623,0.743081394,0.397240656,-0.445736651,-0.302239543,13
1534,8288,99.462001000,-13.603967873,-56.705047876,-89.926276717,0.742644914,0.374108503,-0.466113299,-0.302092291,17
1535,8293,99.522001000,-13.760121241,-56.655659357,-90.004717686,0.735516997,0.366178870,-0.475691580,-0.314078497,15
1536,8298,99.582001000,-13.953351404,-56.566945006,-90.027390599,0.726706556,0.379237222,-0.465368929,-0.333928842,22
1537,8303,99.642001000,-14.149760305,-56.477674488,-90.027011592,0.720793570,0.389655462,-0.457344027,-0.345632306,25
1538,8308,99.702001000,-14.296339584,-56.367333067,-90.070330973,0.714800777,0.394899991,-0.455891892,-0.353944105,41
1539,8313,99.762001000,-14.475942089,-56.288393051,-90.109280309,0.711156704,0.398827371,-0.453314072,-0.360137783,61
1540,8318,99.822001000,-14.637277132,-56.194308971,-90.154589616,0.707867121,0.401356742,-0.453340796,-0.363756825,120
1541,8323,99.882001000,-14.793057146,-56.102020253,-90.207212778,0.704876283,0.402036333,-0.455551167,-0.366045554,136
1542,8328,99.942001000,-14.954839812,-56.009039556,-90.229597795,0.702661128,0.404577304,-0.455990024,-0.366957276,120
1543,8333,100.002001000,-15.089214766,-55.927560957,-90.277761879,0.701243396,0.406629838,-0.457232028,-0.365853450,141
1544,8338,100.062001000,-15.267281480,-55.860446305,-90.313163120,0.701582227,0.410755973,-0.455590324,-0.362628414,146
1545,8343,100.122001000,-15.408673997,-55.763208090,-90.375239979,0.695843960,0.410737775,-0.460939048,-0.366920778,180
1546,8348,100.182001000,-15.566230382,-55.676859190,-90.414843425,0.691995729,0.412022208,-0.464473069,-0.368299306,147
1547,8353,100.242001000,-15.810331437,-55.608544267,-90.383075767,0.692757333,0.413211434,-0.463819205,-0.366354108,180
1548,8358,100.302001000,-16.008681641,-55.539207607,-90.414893204,0.692264365,0.415379076,-0.464392408,-0.364101583,170
1549,8363,100.362001000,-16.191439960,-55.461168445,-90.424589772,0.688538135,0.413698315,-0.469503097,-0.366518463,188
1550,8368,100.422001000,-16.341881831,-55.357681386,-90.459346928,0.682799437,0.414742508,-0.475845030,-0.367892767,176
1551,8373,100.482001000,-16.532616184,-55.283599413,-90.466145857,0.679824699,0.414943864,-0.479645834,-0.368238839,136
1552,8378,100.542001000,-16.666934866,-55.218763396,-90.529904465,0.672971673,0.417998021,-0.485323249,-0.369929893,159
1553,8383,100.602001000,-16.821099163,-55.124110173,-90.572810477,0.667220066,0.420586142,-0.491122504,-0.369761230,109
1554,8388,100.662001000,-16.962973014,-55.079801317,-90.625652746,0.661075398,0.422887614,-0.495694423,-0.372065078,120
1555,8393,100.722001000,-17.172623843,-55.025456281,-90.607401821,0.658743017,0.422415271,-0.498729187,-0.372682404,62
1556,8398,100.782001000,-17.296142245,-55.021098668,-90.699808404,0.651557147,0.423371573,-0.503627500,-0.377609768,18
1557,8403,100.842001000,-17.447671340,-54.949703062,-90.741145547,0.645792088,0.427054088,-0.507986508,-0.377527605,9
1558,8408,100.902001000,-17.563915677,-54.932236295,-90.834475549,0.636872391,0.428792024,-0.513506710,-0.383199449,4
1559,8413,100.962001000,-17.662424912,-54.926503063,-90.793689277,0.635899863,0.423766062,-0.520096791,-0.381514112,0
1560,8418,101.022001000,-17.923456525,-54.916930530,-90.787548205,0.638542617,0.419447564,-0.519590910,-0.382560260,0
1561,8424,101.094001000,-18.204575410,-54.889297375,-90.764514235,0.639167403,0.420366082,-0.518155475,-0.382455608,0
1562,8429,101.154001000,-18.458260985,-54.862262580,-90.813775421,0.639146960,0.419831324,-0.519251575,-0.381589602,0
1563,8435,101.226001000,-18.709561756,-54.876312605,-90.803851933,0.639495370,0.419712388,-0.518537297,-0.382107647,1
1564,8440,101.286001000,-18.933927235,-54.862316151,-90.819008596,0.639958962,0.419949388,-0.518653184,-0.380911950,0
1565,8446,101.358001000,-19.187260960,-54.877397131,-90.831232168,0.640931392,0.421750525,-0.517055012,-0.379456928,1
1566,8451,101.418001000,-19.386533711,-54.874460597,-90.837594455,0.640811892,0.423139886,-0.516401560,-0.379001563,1
1567,8456,101.478001000,-19.384065117,-54.809596855,-90.840253807,0.635144730,0.429826652,-0.517001824,-0.380196443,0
1568,8461,101.538001000,-19.432545773,-54.799396857,-90.855690143,0.638119369,0.432984155,-0.517730336,-0.370518139,3
1569,8466,101.598001000,-19.547310715,-54.808345577,-90.847486979,0.637349495,0.435443898,-0.517437379,-0.369368097,1
1570,8471,101.658001000,-19.744044682,-54.822650558,-90.836467561,0.641772705,0.441835010,-0.512776332,-0.360513596,5
1571,8476,101.718001000,-19.932457481,-54.900713131,-90.788711327,0.644361858,0.442987667,-0.509242549,-0.359488178,31
1572,8481,101.778001000,-20.063712817,-54.814971884,-90.778225282,0.640529628,0.442902697,-0.514978500,-0.358268253,29
1573,8486,101.838001000,-20.243072727,-54.769117797,-90.731399320,0.639557847,0.446568851,-0.514673087,-0.355884300,35
1574,8491,101.898001000,-20.435374467,-54.769552613,-90.742003628,0.637609571,0.445474615,-0.518236376,-0.355580458,46
1575,8496,101.958001000,-20.580154085,-54.677263263,-90.753219518,0.633360446,0.444874989,-0.526080687,-0.352391686,82
1576,8501,102.018001000,-20.730789401,-54.629261798,-90.754707556,0.629491065,0.447403329,-0.528796296,-0.352059282,88
1577,8506,102.078001000,-20.872585054,-54.559322581,-90.777742261,0.628357333,0.444458767,-0.538899235,-0.342361040,150
1578,8511,102.138001000,-21.008578002,-54.456000944,-90.757559926,0.623826096,0.448879853,-0.542306216,-0.339487625,172
1579,8516,102.198001000,-21.238711502,-54.376532731,-90.711875889,0.623303197,0.459864867,-0.536983024,-0.334165618,200
1580,8521,102.258001000,-21.364127338,-54.318175543,-90.740150878,0.618103068,0.466165422,-0.537881313,-0.333649651,219
1581,8526,102.318001000,-21.532110885,-54.223304270,-90.757090715,0.612918685,0.471898419,-0.540155723,-0.331473020,177
1582,8531,102.378001000,-21.715878290,-54.187082169,-90.734036510,0.617673162,0.475164072,-0.541779346,-0.314919212,187
1583,8536,102.438001000,-21.896529954,-54.139973774,-90.747666722,0.621434460,0.477436224,-0.545269281,-0.297582383,179
1584,8541,102.498001000,-22.040117996,-54.101109685,-90.813087175,0.620705017,0.481352591,-0.548340972,-0.286961919,185
1585,8546,102.558001000,-22.193317088,-54.031412148,-90.852463913,0.617165452,0.485292522,-0.552054879,-0.280772834,155
1586,8551,102.618001000,-22.421896513,-54.198570937,-90.797146656,0.618330006,0.472994648,-0.554882995,-0.293340976,161
1587,8556,102.678001000,-22.586262319,-54.114099181,-90.820715925,0.605716941,0.467416631,-0.566776922,-0.305602031,111
1588,8561,102.738001000,-22.729591057,-54.123864870,-90.900549676,0.598564468,0.459880494,-0.578400925,-0.309326493,69
1589,8566,102.798001000,-22.821139731,-54.114222467,-90.955192035,0.594131068,0.453708313,-0.590720561,-0.303654837,67
1590,8571,102.858001000,-22.970594559,-54.034524095,-90.987189589,-0.597652959,-0.444713625,0.609113484,0.272068917,18
1591,8576,102.918001000,-23.099783972,-54.021623798,-90.961130632,-0.600937224,-0.453787622,0.608152689,0.251200225,4
1592,8582,102.990001000,-23.366099448,-54.036257963,-90.934991832,0.602911439,0.462620634,-0.602674341,-0.243441133,6
1593,8587,103.050001000,-23.538216430,-54.150410687,-90.923161048,0.600590196,0.472259708,-0.594505911,-0.250648969,3
1594,8592,103.110001000,-23.781755740,-54.208345262,-90.929102029,0.601281729,0.474569342,-0.591767050,-0.251109499,8
1595,8597,103.170001000,-23.919695458,-54.247296032,-91.054436020,0.593006008,0.481821787,-0.585961601,-0.269890056,11
1596,8602,103.230001000,-24.120689219,-54.239425997,-91.096570725,0.587725306,0.497677302,-0.571016545,-0.284317381,13
1597,8607,103.290001000,-24.317020836,-54.232334047,-91.161518906,0.582202026,0.505115908,-0.563590826,-0.297092750,17
1598,8612,103.350001000,-24.541522311,-54.256638922,-91.168126662,0.574790223,0.498638838,-0.566473653,-0.316359147,9
1599,8617,103.410001000,-24.835796780,-54.261507271,-91.164578034,-0.567479512,-0.489899400,0.572432045,0.332095071,5
1600,8622,103.470001000,-25.101233221,-54.316570753,-91.173302779,-0.566926752,-0.483992436,0.573256228,0.340180360,2
1601,8627,103.530001000,-25.368884403,-54.376923999,-91.158242017,0.575703629,0.497166255,-0.559306184,-0.329496038,7
1602,8632,103.590001000,-25.632351633,-54.432416187,-91.142908509,0.590061220,0.519299922,-0.536380486,-0.307329337,12
1603,8637,103.650001000,-25.916023985,-54.507978592,-91.207582084,0.586058712,0.505263818,-0.547338178,-0.318848834,28
1604,8642,103.710001000,-26.109671430,-54.591527641,-91.278625030,0.575933461,0.485446770,-0.563206811,-0.339764874,23
1605,8647,103.770001000,-26.349678742,-54.610659475,-91.309755474,-0.568835180,-0.474724092,0.573333431,0.349789009,6
1606,8654,103.854001000,-26.760919407,-54.707932549,-91.308998549,-0.564849653,-0.468242865,0.578682198,0.356118522,1
1607,8659,103.914001000,-27.077356146,-54.810555075,-91.314587104,-0.562455686,-0.465764141,0.580880667,0.359562258,0
1608,8664,103.974001000,-27.398867804,-54.906414467,-91.307772536,-0.561353352,-0.465230136,0.582159085,0.359908508,0
1609,8669,104.034001000,-27.696940540,-55.017513180,-91.324181532,-0.558967778,-0.465023003,0.583103946,0.362351236,0
1610,8676,104.118001000,-28.037368819,-55.069792565,-91.309278004,-0.558741282,-0.463995186,0.585988767,0.359351934,1
1611,8681,104.178001000,-28.258427463,-55.099760970,-91.352838446,-0.555272670,-0.466830861,0.585048760,0.362572969,1
1612,8686,104.238001000,-28.574894589,-55.042650528,-91.167066500,-0.552180218,-0.473914826,0.581853651,0.363246575,1
1613,8691,104.298001000,-28.903708895,-55.127215853,-91.189615470,-0.549697287,-0.474948984,0.583212730,0.363482142,1
1614,8696,104.358001000,-29.178371948,-55.206651924,-91.199765570,-0.549204407,-0.475079481,0.584721864,0.361627361,2
1615,8701,104.418001000,-29.600782078,-55.322041596,-91.250041218,-0.547612732,-0.477307597,0.586001178,0.359026982,1
1616,8706,104.478001000,-29.938820543,-55.447265862,-91.259625896,-0.548095908,-0.478229445,0.584949806,0.358777364,6
1617,8711,104.538001000,-30.197436802,-55.516779702,-91.241116939,-0.548981484,-0.479341969,0.583915488,0.357621743,7
1618,8716,104.598001000,-30.224149329,-55.679462038,-91.352360864,-0.545483117,-0.475473130,0.583621558,0.368455355,2
1619,8721,104.658001000,-30.279608917,-55.821173045,-91.399825555,-0.545248521,-0.470620775,0.582503454,0.376709255,9
1620,8726,104.718001000,-30.526097576,-55.884378847,-91.563566084,-0.539245105,-0.466919975,0.588351578,0.380844947,17
1621,8731,104.778001000,-30.641526225,-56.077942797,-91.618670889,-0.542220184,-0.456599000,0.592595444,0.382550997,20
1622,8736,104.838001000,-30.880109835,-56.065559974,-91.537532200,-0.543030730,-0.456383704,0.594068296,0.379360515,17
1623,8741,104.898001000,-30.882268816,-55.812097076,-91.496241944,-0.548541523,-0.462773600,0.594155640,0.363210501,29
1624,8746,104.958001000,-31.203316642,-56.051777840,-91.473957895,-0.558821504,-0.470576773,0.586388488,0.349892225,26
1625,8751,105.018001000,-31.424361034,-56.080637688,-91.473484251,-0.566361191,-0.456290915,0.602228788,0.329171825,46
1626,8756,105.078001000,-31.590451760,-56.179334994,-91.449742574,-0.566797929,-0.435135118,0.617861838,0.328091888,35
1627,8761,105.138001000,-31.761092547,-56.226684319,-91.450367634,-0.573838910,-0.408929120,0.642250920,0.301661460,32
1628,8766,105.198001000,-31.991944588,-56.209061665,-91.586614402,-0.568478689,-0.404204219,0.650350962,0.300823132,30
1629,8771,105.258001000,-32.180356512,-56.229471693,-91.433345674,-0.563776907,-0.418457704,0.632757684,0.326598319,28
1630,8776,105.318001000,-32.394242677,-56.260379618,-91.441791677,-0.553402101,-0.430828374,0.618350709,0.354648315,44
1631,8781,105.378001000,-32.582319795,-56.292628646,-91.446706033,-0.547003549,-0.436656717,0.608881222,0.373338568,50
1632,8786,105.438001000,-32.787010741,-56.324388745,-91.417575285,-0.544453967,-0.439427325,0.602257573,0.384394745,67
1633,8791,105.498001000,-32.974236767,-56.334223667,-91.397742737,-0.543023775,-0.440021826,0.598573003,0.391428578,73
1634,8796,105.558001000,-33.159523981,-56.383601305,-91.406758537,-0.541764646,-0.438445026,0.595760069,0.399157822,94
1635,8801,105.618001000,-33.332607676,-56.421073770,-91.381071343,-0.540911264,-0.437431596,0.593792536,0.404325398,99
1636,8806,105.678001000,-33.500017522,-56.429357386,-91.352258976,-0.541191548,-0.435727444,0.592597452,0.407531057,101
1637,8811,105.738001000,-33.703213316,-56.428800228,-91.280604140,-0.541607140,-0.436245220,0.591024191,0.408707988,76
1638,8816,105.798001000,-33.846876387,-56.456466072,-91.223453125,-0.542266181,-0.435710097,0.588458728,0.412092740,78
1639,8821,105.858001000,-34.109604010,-56.425826580,-91.186496119,-0.542521458,-0.434329597,0.590758069,0.409918494,75
1640,8826,105.918001000,-34.322245165,-56.401285879,-91.081096044,-0.546868670,-0.441444620,0.585262572,0.404387225,74
1641,8831,105.978001000,-34.507113940,-56.455592718,-91.070183624,-0.561226935,-0.460831977,0.568395441,0.386761992,126
1642,8836,106.038001000,-34.696053244,-56.455884463,-91.045872382,0.570467739,0.481189677,-0.551552597,-0.372575880,110
1643,8841,106.098001000,-34.879631644,-56.486790765,-91.007067504,0.571700588,0.482304081,-0.549946767,-0.371617768,271
1644,8846,106.158001000,-35.083924529,-56.506504438,-90.956322923,0.567858307,0.474575580,-0.556920442,-0.377033928,288
1645,8851,106.218001000,-35.289042873,-56.529900011,-90.902138822,-0.563119482,-0.467392008,0.563361428,0.383490627,229
1646,8856,106.278001000,-35.474905153,-56.557131636,-90.909005874,0.564485838,0.471134676,-0.560619943,-0.380910929,207
1647,8861,106.338001000,-35.692641425,-56.602293073,-90.869668139,0.570585250,0.481141373,-0.551874249,-0.371981539,199
1648,8866,106.398001000,-35.825626017,-56.673204771,-90.891547838,0.579241347,0.484370656,-0.546429388,-0.362325066,271
1649,8871,106.458001000,-36.030634235,-56.679607417,-90.854914903,0.568583987,0.469145518,-0.561035317,-0.376635241,328
1650,8876,106.518001000,-36.257236049,-56.712326131,-90.813417547,-0.554412844,-0.446824732,0.579047923,0.397086339,179
1651,8881,106.578001000,-36.492916694,-56.756001675,-90.774628017,-0.544824214,-0.433500726,0.589428075,0.409656247,140
1652,8886,106.638001000,-36.730525900,-56.779856731,-90.700057579,-0.539041758,-0.426944312,0.594955365,0.416149794,88
1653,8891,106.698001000,-36.959783703,-56.815112601,-90.641903706,-0.534799764,-0.422713945,0.598191776,0.421270379,94
1654,8896,106.758001000,-37.188039780,-56.879349049,-90.566339491,-0.532277924,-0.419453844,0.599758408,0.425474483,65
1655,8901,106.818001000,-37.420126125,-56.893888052,-90.483675641,-0.531073156,-0.417256773,0.602424299,0.425374014,67
1656,8906,106.878001000,-37.644784916,-56.933192789,-90.403453585,-0.529633272,-0.416125536,0.602758311,0.427797328,61
1657,8911,106.938001000,-37.871019473,-56.970108906,-90.349074587,-0.528165537,-0.415125822,0.603975703,0.428864859,68
1658,8916,106.998001000,-38.098918579,-57.004020258,-90.273621086,-0.527858181,-0.415548125,0.604033815,0.428752431,97
1659,8921,107.058001000,-38.332907954,-56.983326434,-90.168815248,-0.527060095,-0.417009594,0.604631233,0.427471317,142
1660,8926,107.118001000,-38.563592482,-57.009801700,-90.109044427,-0.526221287,-0.416701332,0.604807754,0.428554241,111
1661,8931,107.178001000,-38.792830258,-56.969892843,-90.057638021,-0.523991699,-0.417265054,0.607934985,0.426306964,155
1662,8936,107.238001000,-39.025158602,-56.993756895,-89.965574317,-0.523218984,-0.417508307,0.608191811,0.426651414,174
1663,8941,107.298001000,-39.239064376,-57.008017676,-89.903307095,-0.521617727,-0.418597131,0.608464690,0.427155838,197
1664,8946,107.358001000,-39.473416166,-57.041879605,-89.838665603,-0.520915380,-0.418794019,0.608944770,0.427135814,267
1665,8951,107.418001000,-39.655908230,-56.911483032,-89.771331963,-0.515582323,-0.423662799,0.613661983,0.422023307,210
1666,8956,107.478001000,-39.900995075,-56.946228045,-89.663278283,-0.516296257,-0.424804673,0.612881670,0.421135636,237
1667,8961,107.538001000,-40.121241662,-56.900965514,-89.573809830,-0.513720640,-0.428989492,0.613568529,0.419037921,196
1668,8966,107.598001000,-40.257242495,-56.864380474,-89.629189812,-0.504729059,-0.432880617,0.617208390,0.420614732,140
1669,8971,107.658001000,-40.347041747,-56.781640833,-89.710148748,-0.495073634,-0.442965744,0.619510159,0.418199247,117
1670,8976,107.718001000,-40.549547978,-56.776866783,-89.627730801,-0.492566141,-0.443379492,0.621818075,0.417295464,85
1671,8981,107.778001000,-40.773859009,-56.793747712,-89.519864414,-0.492341424,-0.442836077,0.623755953,0.415240464,83
1672,8986,107.838001000,-40.975508181,-56.797948263,-89.470162636,-0.500899933,-0.448563721,0.626190087,0.394684457,78
1673,8991,107.898001000,-41.198048343,-56.832209407,-89.364487123,-0.515886989,-0.467795704,0.615302480,0.369365202,111
1674,8996,107.958001000,-41.375818377,-56.849268349,-89.417807862,-0.516076966,-0.473420076,0.612914563,0.365887598,138
1675,9001,108.018001000,-41.552548623,-56.923594056,-89.344138600,-0.515711123,-0.458411124,0.625834925,0.363637079,148
1676,9006,108.078001000,-41.775941640,-56.949854148,-89.311291523,-0.507886915,-0.437116184,0.645818860,0.365921197,101
1677,9011,108.138001000,-41.973782849,-57.005319809,-89.233130046,-0.508321817,-0.416768023,0.664782001,0.354934130,74
1678,9016,108.198001000,-42.178416877,-57.052615384,-89.159162588,-0.509366230,-0.401439951,0.679791241,0.342455657,38
1679,9021,108.258001000,-42.390607031,-57.067669681,-89.082934029,-0.510721376,-0.392160133,0.690907536,0.328665306,19
1680,9026,108.318001000,-42.590222150,-57.069035800,-88.971539833,-0.519790062,-0.399043268,0.688802465,0.310054714,41
1681,9031,108.378001000,-42.872950377,-56.922555573,-88.822954021,-0.514401694,-0.419703726,0.672172733,0.327755238,44
1682,9036,108.438001000,-43.079421224,-56.852720421,-88.909852421,-0.496973053,-0.420247554,0.666676991,0.363251383,44
1683,9041,108.498001000,-43.318285746,-56.937987786,-88.817087260,-0.492299435,-0.423093162,0.651838665,0.392096668,38
1684,9046,108.558001000,-43.532031574,-56.918617881,-88.816100512,-0.485899203,-0.424405030,0.645004864,0.409574243,39
1685,9051,108.618001000,-43.742358624,-56.891435415,-88.742560867,-0.484761885,-0.425051549,0.640594818,0.417103554,22
1686,9056,108.678001000,-43.946778456,-56.925238520,-88.749570013,-0.483490046,-0.421767093,0.638605229,0.424892053,37
1687,9061,108.738001000,-44.265414168,-56.884824301,-88.555713349,-0.494011170,-0.429005777,0.632442287,0.414636902,58
1688,9066,108.798001000,-44.474485944,-56.882596555,-88.504659034,-0.498449130,-0.434973177,0.626646519,0.411899187,71
1689,9071,108.858001000,-44.716014485,-56.946052889,-88.589880986,-0.495829810,-0.427154379,0.631511301,0.415794916,97
1690,9076,108.918001000,-44.919868642,-56.934287784,-88.501662635,-0.493391864,-0.424636255,0.634482957,0.416749201,97
1691,9081,108.978001000,-45.132708915,-56.866607801,-88.428308517,-0.491683359,-0.429992408,0.634849521,0.412698545,130
1692,9086,109.038001000,-45.348463336,-56.825882170,-88.375846637,-0.487117291,-0.431477956,0.637346543,0.412714067,170
1693,9091,109.098001000,-45.558533809,-56.826224503,-88.296744400,-0.481136850,-0.428411547,0.642937020,0.414249764,183
1694,9096,109.158001000,-45.753124824,-56.799647555,-88.223061328,-0.477178703,-0.436291474,0.642891246,0.410659324,182
1695,9101,109.218001000,-45.967157458,-56.774930100,-88.192005551,-0.481565630,-0.460002271,0.632674055,0.395241691,241
1696,9106,109.278001000,-46.161446066,-56.753765901,-88.120417757,-0.481603188,-0.482402468,0.620259010,0.388104353,335
1697,9111,109.338001000,-46.348553385,-56.727732376,-88.054813545,-0.476660651,-0.492832966,0.618005284,0.384681375,357
1698,9116,109.398001000,-46.550090924,-56.736673094,-88.000427378,-0.465537371,-0.487053378,0.628401018,0.388800881,379
1699,9121,109.458001000,-46.773195064,-56.750805611,-87.885851496,-0.456499141,-0.479784697,0.637622073,0.393514004,285
1700,9126,109.518001000,-46.988263318,-56.759681481,-87.806279664,-0.445858795,-0.468986079,0.650445159,0.397722375,243
1701,9131,109.578001000,-47.208200506,-56.759349153,-87.733088086,-0.436099508,-0.462863055,0.660056970,0.399874739,207
1702,9136,109.638001000,-47.437250464,-56.785222872,-87.632079193,-0.430237769,-0.460540342,0.664715751,0.401187021,158
1703,9141,109.698001000,-47.653565436,-56.846736209,-87.535676458,-0.426760949,-0.458041503,0.668437455,0.401577442,30
1704,9146,109.758001000,-47.899389479,-56.916428008,-87.415944906,-0.428662002,-0.454373783,0.672041986,0.397684450,39
1705,9151,109.818001000,-48.132586989,-56.913342621,-87.325918357,-0.423010946,-0.457047998,0.674282065,0.396878525,32
1706,9156,109.878001000,-48.319788768,-56.960941078,-87.234801572,-0.421241410,-0.456012148,0.676721688,0.395798374,11
1707,9161,109.938001000,-48.589832322,-56.969879303,-87.163216824,-0.417145336,-0.458289522,0.678698287,0.394118153,22
1708,9166,109.998001000,-48.803588790,-57.039809086,-87.105982024,-0.414760568,-0.457820121,0.680092509,0.394776629,29
1709,9171,110.058001000,-48.997573089,-57.080382066,-87.013806533,-0.413157806,-0.458143795,0.681330578,0.393946105,21
1710,9176,110.118001000,-49.232246815,-57.127280193,-87.004602064,-0.408483062,-0.455886605,0.684853318,0.395328880,23
1711,9181,110.178001000,-49.419724104,-57.127985125,-86.925653190,-0.406263839,-0.456255765,0.687239273,0.393042685,12
1712,9186,110.238001000,-49.639235291,-57.213762274,-86.824289886,-0.405699571,-0.457901172,0.686112552,0.393679997,25
1713,9191,110.298001000,-49.851292063,-57.300515464,-86.801233978,-0.403992340,-0.455454074,0.687842156,0.395253012,41
1714,9196,110.358001000,-50.159497720,-57.447083827,-86.853588843,-0.405668105,-0.449109507,0.690108587,0.396842762,21
1715,9201,110.418001000,-50.311440121,-57.419580093,-86.470563755,-0.422822827,-0.445683951,0.692753837,0.377728467,38
1716,9206,110.478001000,-50.488807852,-57.447861263,-86.435965315,-0.422252224,-0.438157565,0.702462470,0.369144262,39
1717,9211,110.538001000,-50.711641875,-57.517457733,-86.391046940,-0.426497171,-0.424749098,0.718445785,0.348602956,44
1718,9216,110.598001000,-50.906043999,-57.568408471,-86.347108113,-0.427596988,-0.419669146,0.726963493,0.335503658,40
1719,9221,110.658001000,-51.246599605,-57.682922365,-86.321139924,-0.430694639,-0.422082165,0.728040628,0.326045423,19
1720,9226,110.718001000,-51.336845306,-57.694458198,-86.226991000,-0.435159933,-0.428777548,0.728618856,0.309677588,56
1721,9231,110.778001000,-51.510027588,-57.749430459,-86.182466461,-0.432371950,-0.433222188,0.724749640,0.316403210,67
1722,9236,110.838001000,-51.686792404,-57.790308026,-86.098768560,-0.421632875,-0.434148385,0.717691184,0.344470992,69
1723,9241,110.898001000,-51.896760589,-57.797810763,-86.031543731,-0.413095516,-0.430977365,0.716706615,0.360475012,41
1724,9246,110.958001000,-52.076977742,-57.779948314,-85.950317411,-0.407951643,-0.431094340,0.715335426,0.368820221,53
1725,9251,111.018001000,-52.394028721,-57.834690161,-85.932156745,-0.409295803,-0.439155169,0.709568218,0.368961553,80
1726,9256,111.078001000,-52.522092134,-57.883271156,-85.834592852,-0.420545986,-0.462032324,0.693572189,0.358643030,151
1727,9261,111.138001000,-52.683622262,-57.849244904,-85.695708012,-0.426036887,-0.479233929,0.682566137,0.350615003,199
1728,9266,111.198001000,-52.863803507,-57.875839915,-85.591123953,-0.421107751,-0.473115445,0.687331917,0.355534630,273
1729,9271,111.258001000,-53.053525181,-57.887593809,-85.472003425,-0.410255300,-0.454484742,0.700881364,0.365922836,275
1730,9276,111.318001000,-53.246403531,-57.947987012,-85.404820080,-0.404397565,-0.446957906,0.705468805,0.372833749,266
1731,9281,111.378001000,-53.421288918,-57.862514800,-85.327944890,-0.407119012,-0.463349917,0.700696754,0.358587540,180
1732,9286,111.438001000,-53.598005160,-57.976383670,-85.146659154,-0.425040938,-0.485962151,0.683868630,0.339859803,273
1733,9291,111.498001000,-53.783140825,-58.045208661,-84.997512497,-0.432623925,-0.505161403,0.668564965,0.332670082,307
1734,9296,111.558001000,-53.994944743,-58.086209699,-84.888635346,-0.429887737,-0.506535385,0.668609670,0.334035247,290
1735,9301,111.618001000,-54.211587673,-58.137915473,-84.689706827,-0.421243429,-0.490642102,0.680880832,0.343839489,241
1736,9306,111.678001000,-54.420757560,-58.173777122,-84.542262232,-0.413616005,-0.480435056,0.689756912,0.349770438,234
1737,9311,111.738001000,-54.598473283,-58.215323051,-84.402471537,-0.412713084,-0.487357283,0.686618167,0.347428097,146
1738,9316,111.798001000,-54.806880117,-58.264541589,-84.400680670,-0.414436784,-0.503771136,0.677442163,0.339895440,196
1739,9321,111.858001000,-55.013352220,-58.325890172,-84.295903732,-0.414984872,-0.513598840,0.671483196,0.336324403,143
1740,9326,111.918001000,-55.269089102,-58.417523765,-84.018913000,-0.416340619,-0.512206168,0.671309209,0.337119085,217
1741,9331,111.978001000,-55.486284852,-58.491111142,-83.905218347,-0.406228577,-0.496095200,0.686153796,0.343599861,171
1742,9336,112.038001000,-55.702172451,-58.554729602,-83.770094412,-0.398778911,-0.487271575,0.693950024,0.349249419,140
1743,9341,112.098001000,-55.925661623,-58.635528771,-83.612091361,-0.389672118,-0.474024879,0.703562768,0.358406873,136
1744,9346,112.158001000,-56.155009927,-58.718083982,-83.540489745,-0.375142689,-0.443862472,0.724130950,0.371333322,47
1745,9351,112.218001000,-56.381105225,-58.747285649,-83.312081719,-0.363981193,-0.431811163,0.733432900,0.378329210,34
1746,9356,112.278001000,-56.640664785,-58.816120793,-83.318707228,-0.353388207,-0.414046600,0.746556993,0.382537376,16
1747,9361,112.338001000,-56.841048422,-58.918636449,-83.182485189,-0.348123757,-0.403640318,0.752456473,0.386902571,11
1748,9366,112.398001000,-57.065412408,-58.924601220,-83.032716991,-0.342083966,-0.398559574,0.758412012,0.385927516,11
1749,9371,112.458001000,-57.237934770,-59.074099901,-82.740330591,-0.344155880,-0.396389915,0.757792496,0.387533611,16
1750,9376,112.518001000,-57.417148762,-59.080844203,-82.508996846,-0.343137554,-0.396278317,0.759988197,0.384236977,12
1751,9381,112.578001000,-57.575799362,-59.139364335,-82.233222265,-0.345132029,-0.398586212,0.758659080,0.382686968,15
1752,9386,112.638001000,-57.746697455,-59.248614217,-81.963004734,-0.346276153,-0.398306293,0.757390866,0.384452856,22
1753,9391,112.698001000,-57.935375159,-59.250836529,-81.739552234,-0.344358048,-0.400320263,0.759652846,0.379590272,27
1754,9396,112.758001000,-58.100698234,-59.256598573,-81.610092030,-0.341461422,-0.396693754,0.771573744,0.361541313,41
1755,9401,112.818001000,-58.286532733,-59.204718283,-81.515807920,-0.337231210,-0.392530334,0.788233074,0.332991995,32
1756,9406,112.878001000,-58.472300288,-59.217538923,-81.401762919,-0.334749000,-0.384075570,0.805271580,0.303260194,29
1757,9411,112.938001000,-58.645139601,-59.188282422,-81.266203764,-0.330195137,-0.381544880,0.814851534,0.285327274,19
1758,9416,112.998001000,-58.839647069,-59.236477783,-81.126773180,-0.326566580,-0.379229492,0.821064634,0.274576270,5
1759,9421,113.058001000,-59.089160877,-59.086909024,-80.927694139,-0.318223966,-0.383714969,0.825504971,0.264646694,3
1760,9426,113.118001000,-59.310287710,-59.204063627,-81.083739840,-0.305961298,-0.377153916,0.825715732,0.286942743,1
1761,9431,113.178001000,-59.486777862,-59.308206545,-80.843144939,-0.305516830,-0.386567535,0.813307085,0.309445621,1
1762,9436,113.238001000,-59.695489734,-59.397575019,-80.624508043,-0.301019273,-0.389482782,0.800475394,0.341949856,2
1763,9441,113.298001000,-59.893691106,-59.491868925,-80.399840317,-0.299872971,-0.391522622,0.790471603,0.363236677,3
1764,9446,113.358001000,-60.074369301,-59.584838741,-80.187625614,-0.301389200,-0.392097853,0.783791207,0.375626367,2
1765,9451,113.418001000,-60.252982371,-59.668821154,-79.981288831,-0.303727830,-0.391133890,0.779474348,0.383644923,2
1766,9457,113.490001000,-60.464368549,-59.784057242,-79.719627115,-0.306448180,-0.388947157,0.776629071,0.389431519,1
1767,9469,113.634001000,-60.891036408,-60.077866299,-79.215012170,-0.311268809,-0.381648280,0.774593067,0.396814692,0
1768,9474,113.694001000,-61.085996406,-60.255696259,-78.982245547,-0.314482074,-0.381215582,0.773294289,0.397229967,0
1769,9483,113.802001000,-61.396818135,-60.419991974,-78.608855150,-0.318957033,-0.380279396,0.772511999,0.396079794,1
1770,9490,113.886001000,-61.627732802,-60.577391645,-78.380528915,-0.321360551,-0.376305425,0.772980444,0.397017452,2
1771,9495,113.946001000,-61.823293659,-60.492213036,-78.338666485,-0.309683504,-0.378296831,0.777820410,0.394946889,0
1772,9501,114.018001000,-62.008555570,-60.564478474,-78.119300368,-0.309581004,-0.377475696,0.778423706,0.394624169,3
1773,9515,114.186001000,-62.140394249,-60.673311774,-78.001735123,-0.307929196,-0.374583193,0.786626264,0.382212196,0
1774,9524,114.294001000,-62.471252492,-60.852325920,-77.744626025,-0.306641196,-0.371692048,0.788496743,0.382216018,0
1775,9529,114.354001000,-62.659885510,-61.019667972,-77.512316802,-0.306931840,-0.370908374,0.788775978,0.382167869,0
1776,9534,114.414001000,-62.794477129,-61.069202309,-77.332636713,-0.307320641,-0.370687789,0.788547576,0.382540595,0
1777,9539,114.474001000,-62.978395704,-61.173078671,-77.148866666,-0.308466433,-0.370006871,0.788934405,0.381478545,0
1778,9544,114.534001000,-63.179405028,-61.262511395,-76.959183421,-0.308258091,-0.369676477,0.790305758,0.379121432,0
1779,9549,114.594001000,-63.381168155,-61.379757001,-76.792256677,-0.308519140,-0.369208837,0.791083630,0.377739944,0
1780,9554,114.654001000,-63.584808048,-61.491098476,-76.620208904,-0.308115240,-0.367799533,0.791617708,0.378325134,1
1781,9562,114.750001000,-63.716682443,-61.531683421,-76.486754159,-0.307035792,-0.367115451,0.793315457,0.376305532,0
1782,9568,114.822001000,-63.740959261,-61.530200856,-76.436309501,-0.304600428,-0.361367479,0.796497493,0.377125800,0
1783,9573,114.882001000,-63.738210560,-61.531037771,-76.480776518,-0.304516877,-0.358249913,0.804333399,0.363282609,1
1784,9579,114.954001000,-63.949045553,-61.609394381,-76.268894749,-0.305176672,-0.359799402,0.805000726,0.359701850,1
1785,9588,115.062001000,-64.034328465,-61.629602102,-76.211057935,-0.304228005,-0.359684185,0.807427711,0.355152220,0
1786,9596,115.158001000,-64.327843110,-61.722888570,-75.981566894,-0.302710008,-0.358086325,0.809325387,0.353741788,0
1787,9601,115.218001000,-64.507612306,-61.800148552,-75.815641785,-0.301925320,-0.360445261,0.807197699,0.356864384,3
1788,9607,115.290001000,-64.646115931,-61.814957430,-75.691302144,-0.301929561,-0.358583287,0.809519070,0.353462080,0
1789,9612,115.350001000,-64.807289931,-61.860553605,-75.537026722,-0.302493585,-0.356283589,0.811196614,0.351453680,0
1790,9630,115.566001000,-65.402652910,-62.080500554,-74.999492731,-0.305870142,-0.356121651,0.817980766,0.332457955,1
1791,9635,115.626001000,-65.381168450,-62.062011423,-74.998015609,-0.300664526,-0.363583952,0.809586389,0.349252675,0
1792,9641,115.698001000,-65.586213161,-62.109093270,-74.831779460,-0.295885322,-0.358736621,0.810950360,0.355132970,0
1793,9647,115.770001000,-65.791651540,-62.188843340,-74.658978550,-0.293355649,-0.354240477,0.814643761,0.353286979,0
1794,9660,115.926001000,-66.253370254,-62.298709407,-74.311117355,-0.297920348,-0.378431425,0.803289538,0.350369863,0
1795,9666,115.998001000,-66.415846649,-62.357824812,-74.158293012,-0.292474527,-0.368831242,0.807718468,0.354983158,0
1796,9672,116.070001000,-66.612714860,-62.420143177,-73.969258895,-0.288139702,-0.364772576,0.809958400,0.357608544,0
1797,9680,116.166001000,-66.882973307,-62.515649401,-73.715199290,-0.284246191,-0.361239340,0.812431653,0.358699110,0
1798,9685,116.226001000,-66.969188786,-62.551374690,-73.589474080,-0.287513651,-0.370287190,0.809462323,0.353544970,0
1799,9693,116.322001000,-67.209768170,-62.633649413,-73.355038922,-0.297914817,-0.402941617,0.794436624,0.343154871,0
1800,9698,116.382001000,-67.372799875,-62.683773965,-73.226969014,-0.297198213,-0.404750222,0.794219909,0.342147944,1
1801,9705,116.466001000,-67.610066422,-62.791070409,-73.034715067,-0.287340925,-0.388379264,0.803128302,0.348685634,1
1802,9714,116.574001000,-67.926401138,-62.912565607,-72.735424730,-0.277735223,-0.372302041,0.812356661,0.352606002,0
1803,9719,116.634001000,-68.060809351,-62.972642419,-72.583303245,-0.280371294,-0.380572867,0.809425386,0.348406048,0
1804,9725,116.706001000,-68.207315902,-63.021155113,-72.411898712,-0.281432185,-0.383987629,0.809483391,0.343636531,1
1805,9730,116.766001000,-68.378561037,-63.066283481,-72.229979422,-0.276062816,-0.374734889,0.814319182,0.346767003,0
1806,9735,116.826001000,-68.544604157,-63.134122073,-72.062775092,-0.272752537,-0.368622077,0.816995053,0.349632523,1
1807,9741,116.898001000,-68.708608831,-63.228489041,-71.846537084,-0.270738152,-0.364961029,0.818831687,0.350740600,0
1808,9746,116.958001000,-68.834844644,-63.307347160,-71.681805670,-0.269042190,-0.363077497,0.819926014,0.351443258,0
1809,9752,117.030001000,-69.027681849,-63.401773424,-71.461451720,-0.267302045,-0.361795619,0.820602308,0.352512978,0
1810,9757,117.090001000,-69.209242010,-63.471265303,-71.275465812,-0.266241719,-0.361682434,0.821098646,0.352275713,0
1811,9762,117.150001000,-69.353244743,-63.533278569,-71.112095685,-0.264484668,-0.361804685,0.821858209,0.351702024,0
1812,9767,117.210001000,-69.494063051,-63.597056739,-70.976635804,-0.262935506,-0.361864476,0.822898552,0.350366943,0
1813,9772,117.270001000,-69.635132066,-63.643557688,-70.819177993,-0.261451229,-0.362129511,0.823898164,0.348851382,1
1814,9777,117.330001000,-69.770734345,-63.708718521,-70.664058881,-0.259979545,-0.362903268,0.824186672,0.348465470,1
1815,9782,117.390001000,-69.868883526,-63.762974688,-70.549422861,-0.257559816,-0.362514734,0.824614497,0.349652600,2
1816,9787,117.450001000,-69.875780067,-63.746589928,-70.506089180,-0.257894625,-0.364608439,0.824683714,0.347055932,3
1817,9792,117.510001000,-69.754804030,-63.687894353,-70.578975031,-0.255627687,-0.368259458,0.823423202,0.347870218,0
1818,9797,117.570001000,-69.840928827,-63.706218651,-70.512490207,-0.252134522,-0.369748864,0.820491142,0.355679979,0
1819,9802,117.630001000,-69.940492751,-63.762186700,-70.407514585,-0.249053066,-0.371101067,0.820697622,0.355966265,0
1820,9807,117.690001000,-70.075159633,-63.829669286,-70.253614146,-0.247345116,-0.371673353,0.820969178,0.355933871,0
1821,9812,117.750001000,-70.196827951,-63.911127360,-70.107430382,-0.245488323,-0.371865683,0.821334446,0.356175694,0
1822,9821,117.858001000,-70.481193343,-64.054696688,-69.853865461,-0.241701379,-0.372158078,0.822672717,0.355370804,0
1823,9826,117.918001000,-70.634679316,-64.144584622,-69.704778551,-0.239882799,-0.372275958,0.823172216,0.355322892,0
1824,9832,117.990001000,-70.761060519,-64.140832362,-69.628314804,-0.232056568,-0.374238723,0.822116593,0.360859302,0
1825,9837,118.050001000,-70.698203106,-64.160736596,-69.631440388,-0.236791457,-0.371789766,0.825472236,0.352558879,0
1826,9842,118.110001000,-70.874539026,-64.220223150,-69.460877416,-0.234793089,-0.372455536,0.825925200,0.352131571,0
1827,9848,118.182001000,-71.129123060,-64.309898294,-69.294230785,-0.231048198,-0.368730867,0.831320714,0.345774706,0
1828,9853,118.242001000,-71.332420632,-64.492431446,-69.317278653,-0.228985044,-0.366398539,0.832724191,0.346249016,0
1829,9859,118.314001000,-71.583264447,-64.609926534,-69.159349340,-0.227830426,-0.365289890,0.833932371,0.345272926,2
1830,9864,118.374001000,-71.785145156,-64.730744735,-68.988785531,-0.227367221,-0.365147585,0.834414086,0.344564249,0
1831,9870,118.446001000,-72.035805972,-64.918808084,-68.845893892,-0.227140208,-0.362256846,0.836122700,0.343622081,1
1832,9875,118.506001000,-72.014806143,-64.907980674,-68.874433259,-0.228266914,-0.359363288,0.841604789,0.332345636,2
1833,9881,118.578001000,-72.163510602,-65.059473291,-68.738298180,-0.228097913,-0.356790586,0.843266609,0.331018500,1
1834,9887,118.650001000,-72.290594579,-65.189901396,-68.598464009,-0.227633570,-0.355088104,0.844317741,0.330488953,0
1835,9892,118.710001000,-72.399751793,-65.281921507,-68.477999162,-0.226996970,-0.355062146,0.844652254,0.330099708,0
1836,9900,118.806001000,-72.922052995,-65.567288185,-68.125232718,-0.226093222,-0.352903932,0.846202287,0.329062849,0
1837,9905,118.866001000,-73.225046446,-65.850803855,-67.838090313,-0.226836265,-0.352461546,0.846283896,0.328815654,0
1838,9911,118.938001000,-73.369813213,-65.992212771,-67.660409505,-0.226462709,-0.352585902,0.846700011,0.327867222,3
1839,9916,118.998001000,-73.318595324,-65.967940608,-67.725760559,-0.233700012,-0.345292662,0.859294424,0.296260652,9
1840,9921,119.058001000,-73.322933859,-65.968761440,-67.723534012,-0.232408847,-0.344877136,0.859918550,0.295949280,0
1841,9926,119.118001000,-73.341607739,-65.979266389,-67.696023663,-0.232865241,-0.345187740,0.859845474,0.295440288,0
1842,9931,119.178001000,-73.347963301,-66.032776071,-67.678564478,-0.238604537,-0.346533777,0.861538056,0.284137986,17
1843,9938,119.262001000,-73.890837963,-66.186388860,-67.149757278,-0.235353946,-0.348915868,0.860946262,0.285723242,0
1844,9943,119.322001000,-73.911228282,-66.381836973,-66.986892592,-0.237703895,-0.347387752,0.860728789,0.286294534,0
1845,9949,119.394001000,-73.979643499,-66.372138299,-66.995497379,-0.237426098,-0.346862877,0.861426635,0.285059898,3
1846,9960,119.526001000,-74.017207141,-66.342885380,-66.968088714,-0.237370424,-0.347189666,0.861385505,0.284832636,1
1847,9972,119.670001000,-74.123739000,-66.470085603,-66.818464202,-0.237985755,-0.344982817,0.862757773,0.282840345,1
1848,9979,119.754001000,-74.231666045,-66.409288144,-66.763018832,-0.237560450,-0.344669355,0.864058963,0.279589299,1
1849,9984,119.814001000,-74.505373404,-66.501130086,-66.554584639,-0.236464355,-0.345721647,0.865086718,0.276018335,0
1850,10052,120.630001000,-74.618547926,-66.540958091,-66.448968075,-0.235486016,-0.346429539,0.865082502,0.275980391,2
1851,10061,120.738001000,-75.097860991,-66.771722267,-65.804004995,-0.234507978,-0.350292005,0.865389777,0.270928133,3
1852,10068,120.822001000,-75.062940437,-66.733318487,-65.795801720,-0.233904336,-0.352978301,0.864245090,0.271616466,0
1853,10078,120.942001000,-75.057663401,-66.775249901,-65.835433718,-0.223625974,-0.351832477,0.868994748,0.266558548,0
1854,10164,121.974001000,-75.187309064,-67.026706330,-65.689237859,-0.161741968,-0.363477219,0.880463226,0.257892139,0
1855,10299,123.594001000,-76.198362358,-70.409623123,-63.727076220,0.066482587,-0.459236373,0.862967267,0.199923775,0
1856,10304,123.654001000,-76.209198522,-70.552582573,-63.668995091,0.079675012,-0.461914259,0.861113216,0.196903884,0
1857,10326,123.918001000,-76.211964703,-71.112406242,-63.413773776,0.127019229,-0.469687958,0.853954071,0.184449946,0
1858,10332,123.990001000,-76.202325662,-71.257728919,-63.351717790,0.138146534,-0.473180467,0.851966606,0.176546546,1
1859,10337,124.050001000,-76.189645581,-71.393093174,-63.294309000,0.148092299,-0.474084892,0.850536098,0.172917702,1
1860,10342,124.110001000,-76.170671180,-71.507604270,-63.242779737,0.157940512,-0.476000489,0.848287505,0.169960696,0
1861,10348,124.182001000,-76.154469405,-71.660135085,-63.180330526,0.170767504,-0.476590353,0.845856852,0.168006791,1
1862,10354,124.254001000,-76.129782701,-71.809874860,-63.109672966,0.184881932,-0.476953414,0.842250471,0.170141873,1
1863,10362,124.350001000,-76.075168876,-71.978239111,-63.024660862,0.203207288,-0.478582692,0.837450247,0.168352273,1
1864,10367,124.410001000,-76.030002197,-72.057898757,-62.977233091,0.214764377,-0.480449553,0.833666131,0.167467224,1
1865,10376,124.518001000,-75.965192493,-72.253693351,-62.886261393,0.234887692,-0.482630752,0.829245009,0.155717834,1
1866,10388,124.662001000,-75.841349659,-72.447626024,-62.785468801,0.263402807,-0.486517198,0.820883454,0.141669798,0
1867,10422,125.070001000,-75.408103610,-73.353134674,-62.485067660,0.340911489,-0.493135344,0.791381582,0.119633110,0
1868,10461,125.538001000,-74.719369492,-74.543691925,-62.149870520,0.409674015,-0.494136190,0.760796973,0.095836286,0
1869,10493,125.922001000,-74.051472560,-75.313191396,-62.011206192,0.462487675,-0.493172571,0.732551431,0.079084556,0
1870,10501,126.018001000,-73.823042077,-75.559638623,-61.978330818,0.469964231,-0.493553502,0.727651140,0.077861293,0
1871,10506,126.078001000,-73.693877343,-75.712949136,-61.943218723,0.472607235,-0.493688408,0.725904912,0.077305992,0
1872,10511,126.138001000,-73.610692074,-75.790268940,-61.901482674,0.474123149,-0.493995379,0.724665771,0.077687363,0
1873,10516,126.198001000,-73.493766095,-76.089729395,-61.762780353,0.474153784,-0.498097789,0.722010106,0.076014400,0
1874,10521,126.258001000,-73.311764529,-76.376128908,-61.622827037,0.473275865,-0.500828857,0.720641757,0.076523653,0
1875,10526,126.318001000,-73.230341952,-76.492963063,-61.576330058,0.473504672,-0.498966861,0.721760331,0.076729543,0
1876,10532,126.390001000,-73.230175364,-76.701002352,-61.373851501,0.472031898,-0.501056239,0.721593509,0.073697625,1
1877,10537,126.450001000,-73.074981281,-76.901809992,-61.376459813,0.470150465,-0.502140460,0.722066295,0.073714066,0
1878,10542,126.510001000,-72.961424361,-77.190686386,-61.180935558,0.469570405,-0.502149169,0.722390314,0.074176012,0
1879,10547,126.570001000,-72.888141439,-77.223957407,-61.160969830,0.468215406,-0.504157535,0.721883680,0.074050423,1
1880,10552,126.630001000,-72.790535151,-77.305225629,-61.151605065,0.466864024,-0.506651363,0.720994362,0.074226067,1
1881,10558,126.702001000,-72.630581663,-77.442482206,-61.151381925,0.466448764,-0.507828071,0.720276647,0.075747947,2
1882,10565,126.786001000,-72.570811112,-77.456988100,-61.051389793,0.465490878,-0.510091819,0.719175567,0.076883566,1
1883,10571,126.858001000,-72.589064455,-77.527903375,-61.014843657,0.464244294,-0.510525448,0.719913202,0.074605531,1
1884,10582,126.990001000,-72.538129169,-77.655585101,-60.963301912,0.464426195,-0.506470796,0.723233442,0.068767949,0
1885,10588,127.062001000,-72.525524776,-77.626250915,-60.893715093,0.464522444,-0.503889739,0.725057876,0.067860936,1
1886,10593,127.122001000,-72.526148321,-77.599667793,-60.914170142,0.462810620,-0.503010331,0.726812097,0.067313536,1
1887,10598,127.182001000,-72.365987524,-77.751364174,-60.880710762,0.462669645,-0.504679514,0.725597588,0.068873277,2
1888,10604,127.254001000,-72.198372106,-77.798752046,-60.845623064,0.462062575,-0.507969566,0.723347454,0.072343324,1
1889,10609,127.314001000,-71.990208935,-77.966545501,-60.895473391,0.461322777,-0.511656236,0.720803225,0.076366887,0
1890,10614,127.374001000,-71.916512655,-78.099169774,-60.873195862,0.460902307,-0.515336841,0.718395741,0.076841156,1
1891,10628,127.542001000,-71.739186105,-78.409964746,-60.807756743,0.457612919,-0.517020163,0.718832132,0.080999597,1
1892,10633,127.602001000,-71.832113209,-78.388860217,-60.724418196,0.456110731,-0.517472688,0.719735258,0.078525001,0
1893,10638,127.662001000,-71.707232095,-78.516877196,-60.719702005,0.455960381,-0.515939425,0.721106778,0.076887294,1
1894,10644,127.734001000,-71.585575939,-78.617342786,-60.687816799,0.456794292,-0.511735865,0.723944281,0.073280675,1
1895,10651,127.818001000,-71.411101500,-78.746435215,-60.655786461,0.457355749,-0.507869994,0.726891534,0.067249437,1
1896,10656,127.878001000,-71.330748152,-78.833788325,-60.614833965,0.458175821,-0.505922159,0.727984976,0.064463636,0
1897,10661,127.938001000,-71.228046586,-78.913027528,-60.576698443,0.458727877,-0.504976227,0.728494046,0.062162447,2
1898,10666,127.998001000,-71.151987275,-78.970326096,-60.518836390,0.460028098,-0.504531031,0.727969162,0.062317628,0
1899,10671,128.058001000,-71.076009224,-79.035895323,-60.466804370,0.460777110,-0.504508931,0.727677505,0.060337737,0
1900,10677,128.130001000,-70.949817932,-79.121640801,-60.431359514,0.462727480,-0.496327805,0.732367912,0.056384664,1
1901,10687,128.250001000,-70.731916595,-79.262223521,-60.324709685,0.465159770,-0.485347440,0.738733233,0.048347293,0
1902,10692,128.310001000,-70.608253461,-79.330441651,-60.315554480,0.465089172,-0.485906676,0.738337337,0.049444314,2
1903,10700,128.406001000,-70.462242753,-79.466539181,-60.237452760,0.465337066,-0.497449378,0.730040363,0.055196009,0
1904,10705,128.466001000,-70.376707780,-79.516193524,-60.168917591,0.462654240,-0.508095113,0.724004196,0.060069408,2
1905,10710,128.526001000,-70.338328425,-79.571082611,-60.127567329,0.456034260,-0.522624243,0.717148671,0.067782282,1
1906,10715,128.586001000,-70.263404980,-79.654039300,-60.087461955,0.443822793,-0.539239781,0.712622202,0.066418244,1
1907,10728,128.742001000,-69.958326187,-79.952372342,-60.064768026,0.415284752,-0.560295861,0.711043555,0.089577823,1
1908,10733,128.802001000,-69.835415716,-80.090076397,-60.087376969,0.400526603,-0.571072709,0.709621689,0.099455821,4
1909,10738,128.862001000,-69.724172648,-80.227020299,-60.101004562,0.386815120,-0.569563108,0.718041371,0.101924079,8
1910,10743,128.922001000,-69.649323209,-80.364610392,-60.143501425,0.374014219,-0.560704157,0.731831123,0.100734403,8
1911,10748,128.982001000,-69.565873918,-80.535896445,-60.117939203,0.359491775,-0.551949555,0.746172784,0.096661930,5
1912,10753,129.042001000,-69.455182916,-80.642003599,-60.102907272,0.340638756,-0.547681456,0.758720972,0.091393366,1
1913,10758,129.102001000,-69.355212097,-80.823506438,-60.087208523,0.315390641,-0.547894281,0.771708091,0.069334136,0
1914,10778,129.342001000,-68.974584962,-81.732147452,-59.743078144,0.205626267,-0.546402113,0.811873687,-0.004866806,0
1915,10793,129.522001000,-68.799868485,-82.360706410,-59.529101318,0.149587525,-0.523548469,0.838737958,0.006261779,0
1916,10884,130.614001000,-68.693240244,-83.967574238,-58.420587479,-0.066021054,-0.505974890,0.853470597,0.105917756,0
1917,10903,130.842001000,-68.847810501,-84.125148723,-58.227217418,-0.099170677,-0.495579724,0.853672474,0.125734724,0
1918,10924,131.094001000,-68.998483807,-84.142709121,-58.143377130,-0.150911275,-0.478642478,0.854042178,0.136890916,0
1919,10981,131.778001000,-69.688244301,-83.516519664,-58.161403546,-0.329497422,-0.417592425,0.817258945,0.221666040,0
1920,10988,131.862001000,-69.857473018,-83.463699533,-58.152663336,-0.353269289,-0.408369228,0.810960243,0.225341670,0
1921,10996,131.958001000,-70.037149114,-83.386056558,-58.158045992,-0.378780201,-0.396695117,0.804118518,0.229242125,0
1922,11001,132.018001000,-70.124574756,-83.324966412,-58.149101329,-0.394317666,-0.389173589,0.799546386,0.231911778,0
1923,11038,132.462001000,-71.128240775,-82.997185709,-58.396762707,-0.498658951,-0.365391454,0.742616563,0.257582951,1
1924,11043,132.522001000,-71.315365301,-82.922608664,-58.445395705,-0.511411295,-0.362932392,0.734523769,0.259255471,3
1925,11048,132.582001000,-71.509348323,-82.861970672,-58.502919127,-0.523879717,-0.361281053,0.725412107,0.262303867,5
1926,11053,132.642001000,-71.664566693,-82.818097557,-58.542110945,-0.531688323,-0.355887473,0.716930265,0.276880169,7
1927,11058,132.702001000,-71.798171301,-82.854400681,-58.446845489,-0.542937029,-0.350661948,0.703316510,0.295975451,4
1928,11063,132.762001000,-71.959444874,-82.590500989,-58.621277142,-0.539662659,-0.347763875,0.700753751,0.311076652,3
1929,11069,132.834001000,-72.159403687,-82.518553673,-58.690755659,-0.545877137,-0.347937441,0.689461853,0.324961601,1
1930,11079,132.954001000,-72.472774147,-82.403270701,-58.827859398,-0.556309873,-0.343557948,0.677308499,0.337254295,1
1931,11084,133.014001000,-72.635176910,-82.351055190,-58.882520763,-0.564971106,-0.343073501,0.669661730,0.338616876,2
1932,11089,133.074001000,-72.782748863,-82.287109239,-58.928135590,-0.577117826,-0.347778608,0.658597727,0.335013565,8
1933,11094,133.134001000,-72.935187181,-82.218818754,-58.979173791,-0.588874907,-0.350610290,0.648701881,0.330884629,29
1934,11099,133.194001000,-73.100567826,-82.115323597,-58.967073127,-0.598571257,-0.352759010,0.639508988,0.329092365,49
1935,11104,133.254001000,-73.210882489,-82.061410366,-59.084049716,-0.604995512,-0.349394576,0.635122454,0.329428792,66
1936,11109,133.314001000,-73.364202355,-82.001772963,-59.100252923,-0.616193524,-0.348817669,0.626316767,0.326127402,92
1937,11114,133.374001000,-73.481699938,-81.918142993,-59.144106544,0.625445749,0.350667706,-0.617921004,-0.322526602,155
1938,11119,133.434001000,-73.615644253,-81.885448329,-59.209068980,0.635019922,0.349302559,-0.609909681,-0.320542669,192
1939,11124,133.494001000,-73.751707850,-81.815372926,-59.258298607,0.640400427,0.339798226,-0.606760084,-0.325985674,201
1940,11129,133.554001000,-73.915710729,-81.684743042,-59.313129102,0.642980854,0.329978728,-0.607526427,-0.329547115,192
1941,11134,133.614001000,-74.059201622,-81.572252964,-59.330402386,0.643868357,0.318190096,-0.607905652,-0.338584289,125
1942,11139,133.674001000,-74.170766133,-81.497047582,-59.362437024,0.644201399,0.306678630,-0.607422368,-0.349271875,92
1943,11144,133.734001000,-74.325139164,-81.405515201,-59.404336853,0.645778840,0.299152741,-0.606725923,-0.354063528,110
1944,11149,133.794001000,-74.387916101,-81.352014381,-59.448315755,0.648408383,0.292115309,-0.603565261,-0.360477727,99
1945,11154,133.854001000,-74.508912288,-81.340665886,-59.492325740,0.650538663,0.287924855,-0.596586894,-0.371460366,117
1946,11159,133.914001000,-74.649881567,-81.235855038,-59.545824797,0.651183945,0.295714479,-0.582987622,-0.385535795,106
1947,11164,133.974001000,-74.786513641,-81.153021963,-59.588638727,0.659712934,0.309214865,-0.565774353,-0.386088582,164
1948,11169,134.034001000,-74.893224077,-81.107912363,-59.605954811,0.674279102,0.322420973,-0.548231291,-0.375279710,197
1949,11174,134.094001000,-75.007812035,-81.027105086,-59.635011016,0.686359030,0.330491032,-0.535196744,-0.365036170,360
1950,11179,134.154001000,-75.133379941,-80.966266698,-59.673471334,0.696145033,0.337234011,-0.521400868,-0.360272743,408
1951,11184,134.214001000,-75.260335047,-80.897903373,-59.699652078,0.705038981,0.338340672,-0.510457607,-0.357601255,475
1952,11189,134.274001000,-75.393675835,-80.840604895,-59.718828259,0.715157407,0.335731504,-0.501238373,-0.352979226,559
1953,11199,134.394001000,-75.666508589,-80.707238534,-59.725885417,0.737791410,0.327768287,-0.485232025,-0.335829818,424
1954,11208,134.502001000,-75.939139428,-80.583364700,-59.715840579,0.756326409,0.322171788,-0.470215361,-0.321050177,429
1955,11216,134.598001000,-76.204745590,-80.478979063,-59.707281640,0.765707190,0.309279621,-0.463011155,-0.321961623,338
1956,11221,134.658001000,-76.387508649,-80.379034537,-59.659535935,0.768528037,0.294847412,-0.464763398,-0.326227902,344
1957,11226,134.718001000,-76.560167820,-80.298486520,-59.650928656,0.770041801,0.285405728,-0.463043799,-0.333421109,361
1958,11231,134.778001000,-76.746440268,-80.231565349,-59.654402082,0.771579383,0.278074955,-0.461423682,-0.338271726,403
1959,11236,134.838001000,-76.942010231,-80.132894137,-59.626253858,0.771614598,0.273958841,-0.457832578,-0.346333361,440
1960,11241,134.898001000,-77.123269308,-80.024917311,-59.618915776,0.767392893,0.266344769,-0.457883008,-0.361264117,350
1961,11246,134.958001000,-77.313920060,-79.916460733,-59.606273327,0.761250153,0.255942201,-0.459446384,-0.379342609,342
1962,11251,135.018001000,-77.535498635,-79.805603325,-59.573888249,0.756556040,0.245078303,-0.460422961,-0.394423986,243
1963,11256,135.078001000,-77.766174419,-79.702957883,-59.503799655,0.751466550,0.229796908,-0.462034331,-0.411115169,102
1964,11261,135.138001000,-77.956728102,-79.640878962,-59.535271895,0.743816704,0.207171016,-0.471104120,-0.426471323,51
1965,11266,135.198001000,-78.121793501,-79.541253568,-59.608827564,0.737664840,0.183810581,-0.483832682,-0.433555291,30
1966,11271,135.258001000,-78.327610524,-79.336776121,-59.458060801,0.741707236,0.164619110,-0.491822289,-0.425301965,17
1967,11276,135.318001000,-78.518926913,-79.215127442,-59.425703245,0.742310709,0.146916957,-0.495905196,-0.425990910,7
1968,11281,135.378001000,-78.780368100,-79.170715084,-59.316519983,0.745815225,0.130535604,-0.492615999,-0.429010004,2
1969,11286,135.438001000,-79.034026883,-79.197012476,-59.590099160,0.739066458,0.103161167,-0.503604606,-0.435340034,2
1970,11291,135.498001000,-79.220059174,-79.212971843,-59.717270825,0.737972214,0.073873621,-0.509839681,-0.435893563,2
1971,11296,135.558001000,-79.405534694,-79.036041253,-59.619134909,0.745016370,0.055564776,-0.505913120,-0.431178708,5
1972,11301,135.618001000,-79.554079365,-78.954921949,-59.698173417,0.745858321,0.037097885,-0.502831918,-0.435292056,1
1973,11306,135.678001000,-79.761946157,-78.760294379,-59.610006337,0.752792218,0.011424578,-0.497997376,-0.430316127,6
1974,11313,135.762001000,-79.887913543,-78.626755814,-59.735942052,0.751983061,-0.030980530,-0.492859623,-0.436636089,1
1975,11353,136.242001000,-81.556429950,-76.487832285,-59.798283232,0.814587944,-0.070700941,-0.357640335,-0.451155459,0
1976,11358,136.302001000,-81.700304200,-76.308603516,-59.783149727,0.815024944,-0.066364051,-0.357572449,-0.451078815,0
1977,11369,136.434001000,-82.005934876,-75.911408789,-59.805908864,0.804966192,-0.045676222,-0.376433187,-0.456334492,1
1978,11380,136.566001000,-82.331226800,-75.482525888,-59.849237912,0.792223418,-0.021923613,-0.398817848,-0.461352073,1
1979,11440,137.286001000,-83.465020483,-73.707170152,-59.945327701,0.747962986,0.077488384,-0.432392853,-0.497577473,0
1980,11455,137.466001000,-83.406345866,-73.430484483,-59.983705078,-0.746801923,-0.104356162,0.412803594,0.510871679,0
1981,11462,137.550001000,-83.442502879,-73.340326800,-59.988431449,-0.746218953,-0.108292901,0.411054546,0.512312485,0
1982,11469,137.634001000,-83.368740734,-73.309989338,-59.891573404,-0.747015563,-0.113869816,0.407554045,0.512738836,0
1983,11475,137.706001000,-83.127122616,-73.368321352,-59.876180639,-0.745399290,-0.115008968,0.410856672,0.512200771,0
1984,11761,141.138001000,-88.632453017,-70.605408715,-59.604697865,-0.216987179,-0.443383339,0.757435294,0.427340093,0
1985,11773,141.282001000,-88.694647455,-70.513633384,-59.642425747,-0.186833433,-0.471233390,0.740303376,0.441569103,0
1986,11780,141.366001000,-88.740303575,-70.516061169,-59.682436312,-0.175833119,-0.488114572,0.730122283,0.444689026,0
1987,11832,141.990001000,-88.952008483,-70.412255652,-60.210933647,-0.081093124,-0.530340719,0.736138689,0.412628716,0
1988,11841,142.098001000,-88.985488525,-70.447310761,-60.291208158,-0.060773148,-0.534751307,0.728358778,0.424076826,0
1989,11847,142.170001000,-88.993280390,-70.469203080,-60.347347184,-0.047283939,-0.535561272,0.723647996,0.432749270,0
1990,11992,143.910001000,-89.427623053,-73.555505315,-61.785600191,0.265870934,-0.622432651,0.723240340,0.137162868,1
1991,11997,143.970001000,-89.411562730,-73.762812170,-61.866982733,0.277722272,-0.623282088,0.719956085,0.126700491,1
1992,12002,144.030001000,-89.382306454,-73.943994129,-61.939613912,0.287904583,-0.624921324,0.716025644,0.117862489,2
1993,12007,144.090001000,-89.333649648,-74.145192255,-62.004716966,0.297879994,-0.625047813,0.712833595,0.111584077,2
1994,12012,144.150001000,-89.283642735,-74.312535031,-62.070316349,0.313639436,-0.619610328,0.708926574,0.123030312,4
1995,12017,144.210001000,-89.222834062,-74.518829357,-62.121937952,0.326691727,-0.615317524,0.704652936,0.134614636,10
1996,12022,144.270001000,-89.156517705,-74.690738242,-62.183607247,0.329127439,-0.618284257,0.702145627,0.128028219,14
1997,12027,144.330001000,-89.074542169,-74.841146009,-62.254454384,0.328493756,-0.622038997,0.701072739,0.116860403,15
1998,12032,144.390001000,-88.963220507,-74.984671954,-62.357595462,0.337482473,-0.614864790,0.703120781,0.116910382,21
1999,12037,144.450001000,-89.091923364,-74.811270824,-62.448354561,0.347852769,-0.598696475,0.711155993,0.121729767,23
2000,12042,144.510001000,-89.014978481,-74.962977602,-62.623131319,0.348567436,-0.593837776,0.716655163,0.110737600,21
2001,12047,144.570001000,-88.826381238,-75.419783517,-62.705528374,0.363909720,-0.588603731,0.714983876,0.099566163,13
2002,12052,144.630001000,-88.808192925,-75.675616373,-62.904925907,0.359066218,-0.588653160,0.719691656,0.081257788,12
2003,12057,144.690001000,-88.615273310,-76.022380883,-63.034543519,0.357878399,-0.591356384,0.719093703,0.071588580,12
2004,12062,144.750001000,-88.489182640,-76.133935029,-62.849766602,0.357229355,-0.605197052,0.708681720,0.062401407,12
2005,12067,144.810001000,-88.320117728,-76.201954825,-63.112035515,0.354883040,-0.595986274,0.717540467,0.063198634,13
2006,12072,144.870001000,-88.471334164,-76.256597253,-63.123409207,0.353246591,-0.596830833,0.719141396,0.042958776,11
2007,12077,144.930001000,-88.038983545,-76.599276016,-63.263031583,0.351569365,-0.601652758,0.715659234,0.047379327,3
2008,12082,144.990001000,-88.164332799,-76.773001497,-63.366578703,0.351018501,-0.597918648,0.720251452,0.022740922,3
2009,12087,145.050001000,-88.097806266,-76.737756133,-63.254202797,0.376685943,-0.587363656,0.715602080,0.032020290,1
2010,12092,145.110001000,-87.981835536,-76.823614661,-63.330067739,0.376285708,-0.588583809,0.714869691,0.030651123,0
2011,12099,145.194001000,-87.854838953,-76.898737063,-63.425240330,0.375830034,-0.591530354,0.712797092,0.027639307,1
2012,12104,145.254001000,-87.779361588,-76.952325612,-63.506228046,0.376399932,-0.591789140,0.712321352,0.026589410,1
2013,12109,145.314001000,-87.694898619,-77.007105331,-63.616048890,0.376038346,-0.591431373,0.712880008,0.024620869,0
2014,12114,145.374001000,-87.629926075,-77.043911121,-63.677742555,0.376165328,-0.592664381,0.711864740,0.022297277,2
2015,12119,145.434001000,-87.526469325,-77.124305555,-63.796974813,0.377192795,-0.592549228,0.711409688,0.022522504,2
2016,12124,145.494001000,-87.432740362,-77.172580273,-63.885449944,0.377334019,-0.592568151,0.711327232,0.022261954,4
2017,12129,145.554001000,-87.347159405,-77.229679837,-63.968011056,0.376897299,-0.592734670,0.711477891,0.020328474,2
2018,12134,145.614001000,-87.251016878,-77.278104820,-64.032101623,0.376703776,-0.596107521,0.708776959,0.019629343,8
2019,12139,145.674001000,-87.484682022,-77.413532950,-63.785026922,0.392212079,-0.604699398,0.693132736,0.008679475,11
2020,12144,145.734001000,-87.235805579,-77.289930412,-63.886124712,0.386861011,-0.610824341,0.690608982,0.017070919,28
2021,12149,145.794001000,-87.188264032,-77.373246803,-63.875233189,0.388380740,-0.618723273,0.682729456,0.014913121,17
2022,12154,145.854001000,-87.015021426,-77.415338637,-64.015573742,0.384350800,-0.626993160,0.677310522,0.020112089,28
2023,12159,145.914001000,-86.895094221,-77.465256176,-64.115330985,0.385008394,-0.635091824,0.669148841,0.025821290,94
2024,12164,145.974001000,-86.818832967,-77.501792822,-64.168989523,0.385766727,-0.641419232,0.662645574,0.025811716,146
2025,12169,146.034001000,-86.720646666,-77.551606827,-64.252189298,0.386079197,-0.644868988,0.659106498,0.025796640,287
2026,12174,146.094001000,-86.613734291,-77.612327154,-64.320615964,-0.386508334,0.652347500,-0.651374307,-0.027668728,140
2027,12179,146.154001000,-86.469528019,-77.678422115,-64.407786478,-0.386390715,0.666341982,-0.636679456,-0.036467101,273
2028,12184,146.214001000,-86.339150951,-77.741177826,-64.486919646,-0.386203396,0.675438429,-0.626905700,-0.040238159,288
2029,12189,146.274001000,-86.222312263,-77.791855342,-64.537575054,-0.387032451,0.678995313,-0.622552688,-0.039992469,288
2030,12194,146.334001000,-86.070301766,-77.859169242,-64.604298783,-0.386479382,0.680401025,-0.621412820,-0.039169375,381
2031,12199,146.394001000,-85.922524426,-77.938669331,-64.652455846,-0.388179637,0.675790323,-0.625641853,-0.034587279,421
2032,12204,146.454001000,-85.778962466,-78.008046559,-64.680274587,-0.389643226,0.663758751,-0.637983674,-0.024068815,328
2033,12209,146.514001000,-85.568521882,-78.221668038,-64.825508685,0.388143376,-0.638502163,0.664501369,0.009881224,286
2034,12214,146.574001000,-85.470474526,-78.308726923,-64.807600034,0.389364514,-0.619981329,0.681143704,-0.007853780,263
2035,12219,146.634001000,-85.361312870,-78.415585884,-64.820084021,0.390564234,-0.608546212,0.690548062,-0.016566846,183
2036,12224,146.694001000,-85.159811319,-78.477606199,-64.826557457,0.387693721,-0.603554507,0.696411297,-0.020660129,153
2037,12229,146.754001000,-85.042497094,-78.596210910,-64.850099603,0.386964828,-0.599742229,0.699935089,-0.025658377,159
2038,12234,146.814001000,-84.857387728,-78.720919463,-64.876778522,0.384926377,-0.597165121,0.703197623,-0.027177316,142
2039,12239,146.874001000,-84.688695436,-78.848902570,-64.891567992,0.378119446,-0.599706016,0.703965025,-0.042563154,95
2040,12244,146.934001000,-84.460152103,-78.950529662,-64.938559931,0.351600721,-0.618937175,0.696098350,-0.093492213,176
2041,12249,146.994001000,-84.281805983,-79.028502365,-64.912416099,0.330566187,-0.634808987,0.685919018,-0.131372173,114
2042,12254,147.054001000,-84.099912562,-79.151800087,-64.973706129,0.314859972,-0.640830319,0.682509214,-0.156143756,105
2043,12259,147.114001000,-83.974412073,-79.267934589,-64.978547436,0.307993198,-0.643053525,0.681386868,-0.165330850,94
2044,12264,147.174001000,-83.902003684,-79.363651721,-64.955037137,0.313772104,-0.637369447,0.686589502,-0.154603075,113
2045,12269,147.234001000,-83.702534489,-79.435019518,-64.963836243,0.325217013,-0.627821082,0.697584230,-0.115977693,143
2046,12274,147.294001000,-83.580539394,-79.520645589,-64.949053594,0.330221736,-0.622365716,0.703477182,-0.093457878,137
2047,12279,147.354001000,-83.480224388,-79.612263676,-64.936364009,0.332354040,-0.616561991,0.709343194,-0.078894466,178
2048,12284,147.414001000,-83.354605925,-79.732951051,-64.899692168,0.338957521,-0.609505550,0.714706429,-0.052967006,139
2049,12289,147.474001000,-83.244137497,-79.763535566,-64.829355345,0.344049220,-0.603478258,0.718696663,-0.030318848,157
2050,12294,147.534001000,-83.133206540,-79.861544372,-64.791529380,0.346056119,-0.599527864,0.721467809,-0.017196035,159
2051,12299,147.594001000,-83.008519139,-79.940442330,-64.755585637,0.346291705,-0.597238852,0.723411260,-0.007997319,126
2052,12304,147.654001000,-82.853175771,-80.035036095,-64.732514018,0.342837923,-0.595314825,0.726678041,-0.001201186,116
2053,12309,147.714001000,-82.802902147,-80.076565709,-64.683114804,0.339810503,-0.594730139,0.728576061,0.001344318,42
2054,12314,147.774001000,-82.625813556,-80.138837803,-64.627299724,0.332946234,-0.596117287,0.730579802,0.006643653,64
2055,12319,147.834001000,-82.495822059,-80.195248137,-64.549759009,0.325928521,-0.597796641,0.732336629,0.009635247,110
2056,12324,147.894001000,-82.424072567,-80.254757748,-64.498123341,0.319737406,-0.597872887,0.734998695,0.009639546,150
2057,12329,147.954001000,-82.328960936,-80.330233072,-64.461896380,0.313065037,-0.598174227,0.737606185,0.010723420,117
2058,12334,148.014001000,-82.202610228,-80.376395976,-64.391397818,0.306683306,-0.600096430,0.738669806,0.014019335,104
2059,12339,148.074001000,-82.039627991,-80.421456550,-64.349192383,0.299612244,-0.601599492,0.740261111,0.018001163,68
2060,12344,148.134001000,-81.921594808,-80.454348732,-64.280950197,0.292703829,-0.601764811,0.742860676,0.019015698,77
2061,12349,148.194001000,-81.854839783,-80.506599547,-64.254490896,0.286941332,-0.601332450,0.745465378,0.018582975,60
2062,12354,148.254001000,-81.627412345,-80.532089712,-64.242240069,0.274409226,-0.604687465,0.747523480,0.016164536,45
2063,12359,148.314001000,-81.571668304,-80.577762372,-64.213226926,0.249367517,-0.615124135,0.747570829,-0.023999915,58
2064,12364,148.374001000,-81.483238318,-80.604169083,-64.111931231,0.236408742,-0.622566743,0.744887010,-0.040803184,58
2065,12369,148.434001000,-81.473385519,-80.653540868,-64.065130091,0.234499808,-0.621955809,0.745707410,-0.045839614,63
2066,12374,148.494001000,-81.357450446,-80.738826024,-64.045316456,0.226562051,-0.621757584,0.748045228,-0.050154566,50
2067,12379,148.554001000,-81.195527583,-80.788996519,-63.932555143,0.216325418,-0.626835000,0.746354308,-0.056889748,45
2068,12384,148.614001000,-81.212827925,-80.868234952,-63.762339389,0.209801930,-0.633546917,0.740982230,-0.074476767,34
2069,12389,148.674001000,-81.122966593,-80.923053617,-63.733438123,0.206008955,-0.632907253,0.742449952,-0.075873499,42
2070,12394,148.734001000,-81.023239065,-80.999831775,-63.624816530,0.205766073,-0.633017139,0.742913882,-0.070912537,22
2071,12399,148.794001000,-81.106562410,-81.032166623,-63.599279649,0.215826043,-0.626363769,0.746410083,-0.062924845,31
2072,12404,148.854001000,-81.123764078,-81.110488487,-63.592376855,0.227154647,-0.617231080,0.752232932,-0.039650684,10
2073,12409,148.914001000,-81.247153133,-81.193438166,-63.731933376,0.237649029,-0.601545158,0.762289238,-0.024113892,9
2074,12414,148.974001000,-81.278602718,-81.246608400,-63.742432468,0.241668161,-0.593283525,0.767728950,-0.014262476,7
2075,12419,149.034001000,-81.301901597,-81.330571766,-63.791040016,0.243505168,-0.586554960,0.772383975,-0.009028147,3
2076,12424,149.094001000,-81.414658879,-81.449458433,-63.681290400,0.245420831,-0.585511862,0.772466051,-0.015513700,2
2077,12429,149.154001000,-81.349820874,-81.313442812,-63.796891452,0.234606292,-0.581112601,0.779144499,-0.014208512,1
2078,12434,149.214001000,-81.211328041,-81.385535269,-63.778687482,0.220598804,-0.586069195,0.779380063,-0.020634518,0
2079,12439,149.274001000,-81.126814950,-81.566477109,-63.751922812,0.207096375,-0.589838732,0.779901479,-0.030903802,2
2080,12444,149.334001000,-81.069372378,-81.708191984,-63.709241816,0.196634757,-0.589873872,0.782634019,-0.029454692,2
2081,12451,149.418001000,-80.987857050,-81.933657639,-63.649795506,0.180624632,-0.589622380,0.786992720,-0.019043383,1
2082,12542,150.510001000,-80.769999010,-84.115701253,-63.348750597,-0.112975887,-0.616515468,0.772111348,0.104829351,1
2083,12547,150.570001000,-80.798310655,-84.237036704,-63.339536408,-0.120006664,-0.619787387,0.767882742,0.108711035,0
2084,12552,150.630001000,-80.829812561,-84.352123181,-63.318982941,-0.126127218,-0.615527525,0.769716269,0.112936518,0
2085,12557,150.690001000,-80.862480763,-84.469629435,-63.286791447,-0.133510031,-0.608483822,0.773955194,0.113647993,1
2086,12564,150.774001000,-80.912417910,-84.626799247,-63.248834270,-0.142786735,-0.598100360,0.779975144,0.116304270,0
2087,12569,150.834001000,-80.952196202,-84.731328351,-63.220665169,-0.148547952,-0.590001138,0.784162208,0.122154796,0
2088,12585,151.026001000,-81.080195423,-85.111283285,-63.155703652,-0.175460637,-0.574331714,0.788026753,0.135537756,1
2089,12599,151.194001000,-81.174342486,-85.434289115,-63.072226132,-0.206996222,-0.567519842,0.784066237,0.142526942,0
2090,12611,151.338001000,-81.251546972,-85.733004904,-62.999986247,-0.243363970,-0.558183112,0.782466402,0.130199547,0
2091,12624,151.494001000,-81.356170231,-86.005711853,-62.934501930,-0.275820776,-0.550609778,0.776936993,0.130846019,0
2092,12640,151.686001000,-81.521168540,-86.358319671,-62.882109690,-0.307676753,-0.545651376,0.763556195,0.156784978,1
2093,12647,151.770001000,-81.586611219,-86.491033964,-62.862544771,-0.320632341,-0.543154454,0.758493570,0.163907427,0
2094,12654,151.854001000,-81.643734518,-86.617952882,-62.850337022,-0.329781021,-0.540899738,0.754930299,0.169564722,0
2095,12659,151.914001000,-81.681738965,-86.695966688,-62.832397149,-0.336201629,-0.540095281,0.752491545,0.170358526,0
2096,12664,151.974001000,-81.731672470,-86.789324318,-62.809324791,-0.343131694,-0.537748790,0.750723702,0.171757974,0
2097,12669,152.034001000,-81.769996088,-86.864125834,-62.792462847,-0.351124459,-0.536147955,0.747861812,0.173088691,0
2098,12686,152.238001000,-81.927300049,-87.181126424,-62.782662371,-0.394509407,-0.521600229,0.739794429,0.158113039,0
2099,12691,152.298001000,-81.990841738,-87.274200979,-62.795420429,-0.407980514,-0.516444765,0.736609273,0.155703192,0
2100,12696,152.358001000,-82.047191449,-87.372096904,-62.797374194,-0.421745846,-0.511353324,0.732636866,0.154568566,0
2101,12701,152.418001000,-82.111836294,-87.481844114,-62.815325128,-0.435486503,-0.505932819,0.728348687,0.154569330,0
2102,12706,152.478001000,-82.166079326,-87.583173278,-62.826238229,-0.449342454,-0.500749911,0.723310121,0.155445664,0
2103,12711,152.538001000,-82.219258243,-87.674621672,-62.843169093,-0.463762710,-0.495281163,0.717701386,0.156605998,0
2104,12716,152.598001000,-82.274517578,-87.771282381,-62.861241378,-0.476951375,-0.490078882,0.712117530,0.158835446,1
2105,12730,152.766001000,-82.399059322,-87.947221972,-62.928267274,-0.512034433,-0.478076671,0.693195100,0.169540525,0
2106,12736,152.838001000,-82.503156204,-88.040669736,-62.972719879,-0.521132968,-0.479176326,0.681327080,0.186021205,0
2107,12741,152.898001000,-82.568419200,-88.116693449,-63.004496255,-0.530241626,-0.479102574,0.671688147,0.195293559,0
2108,12746,152.958001000,-82.624030836,-88.183611081,-63.035402662,-0.540591661,-0.476914935,0.663358203,0.200670614,2
2109,12751,153.018001000,-82.675088397,-88.255621244,-63.065412599,-0.554101012,-0.467949290,0.659677382,0.197031173,1
2110,12756,153.078001000,-82.727079854,-88.315921675,-63.101116252,-0.565100011,-0.463137604,0.653425524,0.197991470,2
2111,12761,153.138001000,-82.794120695,-88.388118920,-63.132125039,-0.578383381,-0.453648513,0.649845012,0.193331715,1
2112,12766,153.198001000,-82.827566590,-88.436968704,-63.147359552,-0.596255564,-0.436226327,0.650407850,0.176509270,1
2113,12771,153.258001000,-82.875562319,-88.478955413,-63.174368087,-0.605038479,-0.436844700,0.639361899,0.185233660,12
2114,12776,153.318001000,-82.898390784,-88.519828536,-63.244047596,-0.609461935,-0.439123151,0.628333534,0.202296758,25
2115,12781,153.378001000,-82.904625945,-88.567431270,-63.318871590,-0.616222767,-0.436381342,0.619616629,0.214280326,44
2116,12786,153.438001000,-82.925504713,-88.574663298,-63.358786087,0.623741812,0.434445883,-0.611159201,-0.220652120,50
2117,12791,153.498001000,-82.968369025,-88.605938134,-63.369431513,0.632806725,0.432362129,-0.601404263,-0.225680195,49
2118,12796,153.558001000,-82.996605088,-88.634811532,-63.407746085,0.641747504,0.427767712,-0.593883724,-0.229078694,74
2119,12801,153.618001000,-83.012225584,-88.695884668,-63.449239715,0.650703342,0.421779398,-0.586438679,-0.234044817,68
2120,12806,153.678001000,-83.045946290,-88.718600801,-63.459675894,0.659475706,0.417176077,-0.579534811,-0.234936835,48
2121,12811,153.738001000,-83.073260648,-88.759092770,-63.488139739,0.670711460,0.406312405,-0.576019541,-0.230776634,70
2122,12816,153.798001000,-83.094995809,-88.802230974,-63.517332420,0.681155312,0.395749839,-0.572757158,-0.226624676,98
2123,12821,153.858001000,-83.123837906,-88.844223860,-63.539841644,0.690812411,0.386448964,-0.568381544,-0.224450065,111
2124,12826,153.918001000,-83.148268841,-88.878818030,-63.566232189,0.699017144,0.378378516,-0.564014520,-0.223813209,102
2125,12831,153.978001000,-83.175720691,-88.906200016,-63.594797327,0.707501851,0.369762561,-0.559585435,-0.222667735,109
2126,12836,154.038001000,-83.203969090,-88.937309807,-63.624880041,0.715711518,0.361511618,-0.554685801,-0.222238688,103
2127,12841,154.098001000,-83.230528353,-88.970448360,-63.650231528,0.722419995,0.356558568,-0.547246111,-0.226929575,128
2128,12846,154.158001000,-83.258793203,-88.991902025,-63.686942639,0.728214436,0.358526278,-0.535484136,-0.233279626,153
2129,12851,154.218001000,-83.285041370,-89.020610138,-63.720605921,0.733020742,0.362086181,-0.521961498,-0.243167397,176
2130,12856,154.278001000,-83.318480331,-89.038161313,-63.749556425,0.738353833,0.361117620,-0.510853385,-0.251905737,183
2131,12861,154.338001000,-83.346867698,-89.065739929,-63.783392262,0.744040104,0.357900196,-0.501324040,-0.258816500,194
2132,12866,154.398001000,-83.371861078,-89.090437306,-63.823490413,0.749166466,0.354251182,-0.493551119,-0.263937492,184
2133,12871,154.458001000,-83.396715425,-89.113959045,-63.853531466,0.754548175,0.351199193,-0.486396231,-0.265960305,204
2134,12876,154.518001000,-83.434082818,-89.128422150,-63.882367704,0.759259260,0.348808979,-0.480335462,-0.266712423,194
2135,12881,154.578001000,-83.439226566,-89.159702863,-63.932107820,0.761120216,0.345490159,-0.478011697,-0.269884019,150
2136,12886,154.638001000,-83.459537781,-89.189558483,-63.954432630,0.762462771,0.345079085,-0.475355192,-0.271308661,210
2137,12891,154.698001000,-83.483753796,-89.237440226,-63.978992031,0.762032238,0.345684576,-0.473881225,-0.274309364,45
2138,12896,154.758001000,-83.512961146,-89.253959115,-63.988677451,0.763268671,0.343716016,-0.476259931,-0.269177847,221
2139,12901,154.818001000,-83.533762840,-89.280787633,-64.030112626,0.765098664,0.336944130,-0.482529866,-0.261261583,244
2140,12906,154.878001000,-83.456202425,-89.196697155,-63.844106901,0.765179794,0.346448144,-0.480586693,-0.252011898,244
2141,12911,154.938001000,-83.487974819,-89.242191292,-63.864024341,0.763457744,0.350543589,-0.478923863,-0.254722198,289
2142,12916,154.998001000,-83.527542491,-89.250010130,-63.929153246,0.761857389,0.353383955,-0.480990202,-0.251677423,260
2143,12921,155.058001000,-83.535327276,-89.284201184,-63.952213387,0.761724285,0.359409561,-0.478606636,-0.248065655,235
2144,12926,155.118001000,-83.561998718,-89.301929384,-63.987892903,0.761244913,0.364095295,-0.477582244,-0.244654855,231
2145,12931,155.178001000,-83.582918373,-89.323550044,-64.000446926,0.760739235,0.362666326,-0.479356641,-0.244879895,342
2146,12936,155.238001000,-83.602804885,-89.340477131,-64.036901066,0.760848307,0.355926545,-0.485751853,-0.241808367,307
2147,12941,155.298001000,-83.622313248,-89.365840603,-64.066337558,0.761601447,0.349964844,-0.490406473,-0.238724391,298
2148,12946,155.358001000,-83.654543083,-89.361577888,-64.100362612,0.764326615,0.339386974,-0.498443079,-0.228420236,310
2149,12951,155.418001000,-83.668182125,-89.379704771,-64.136400352,0.766594940,0.329962623,-0.504321605,-0.221622617,249
2150,12956,155.478001000,-83.638057555,-89.434445257,-64.214787420,0.765144978,0.325078273,-0.509127152,-0.222860544,251
2151,12961,155.538001000,-83.639328960,-89.395785279,-64.337503520,0.762828505,0.322835679,-0.513934309,-0.223027625,365
2152,12966,155.598001000,-83.650991964,-89.314912036,-64.339402948,0.759950391,0.338012061,-0.505800942,-0.228885685,317
2153,12971,155.658001000,-83.676215761,-89.300689853,-64.376048911,0.757502283,0.349596470,-0.497506210,-0.237613489,288
2154,12976,155.718001000,-83.686504651,-89.304899243,-64.419426472,0.756522409,0.354997331,-0.491712167,-0.244683234,295
2155,12981,155.778001000,-83.723871029,-89.277511147,-64.402945977,0.755899716,0.363080367,-0.484884232,-0.248345622,320
2156,12986,155.838001000,-83.719966269,-89.290559052,-64.458478583,0.756433660,0.363945557,-0.482177743,-0.250711736,254
2157,12991,155.898001000,-83.713158005,-89.282291823,-64.496802791,0.757904701,0.362526504,-0.480997943,-0.250591254,271
2158,12996,155.958001000,-83.691619809,-89.240252896,-64.517375430,0.758162813,0.363430969,-0.480226445,-0.249979283,210
2159,13001,156.018001000,-83.682022756,-89.256620411,-64.485255690,0.762102417,0.363037419,-0.474244042,-0.249992655,292
2160,13006,156.078001000,-83.705278646,-89.239837911,-64.547817868,0.761977734,0.365762762,-0.474009938,-0.246824053,433
2161,13011,156.138001000,-83.732970385,-89.254637413,-64.585240343,0.763956024,0.369266201,-0.470408770,-0.242341196,445
2162,13016,156.198001000,-83.734792501,-89.235527845,-64.606955114,0.765748187,0.373450389,-0.467431076,-0.235950655,462
2163,13021,156.258001000,-83.767874279,-89.230235469,-64.646410925,0.767912958,0.375182394,-0.465387857,-0.230134749,437
2164,13026,156.318001000,-83.778481562,-89.261835879,-64.703258530,0.767052595,0.379390521,-0.463387880,-0.230140875,485
2165,13031,156.378001000,-83.792921774,-89.245424435,-64.711199097,0.769606455,0.384938542,-0.458125422,-0.222821276,392
2166,13036,156.438001000,-83.812332472,-89.253392258,-64.744329227,0.768978304,0.390237549,-0.454532563,-0.223130394,120
2167,13049,156.594001000,-83.925640178,-89.207826946,-64.830814918,0.763149749,0.388124705,-0.460934092,-0.233455427,490
2168,13062,156.750001000,-84.016209547,-89.235784756,-64.921902904,0.755538791,0.381227781,-0.476190014,-0.238892414,454
2169,13132,157.590001000,-84.441627619,-89.458260736,-65.407932737,0.710621575,0.409364501,-0.533636028,-0.206567840,376
2170,13192,158.310001000,-84.762939413,-89.801186921,-65.803485187,0.690733928,0.430878608,-0.550113154,-0.186026300,236
2171,13258,159.102001000,-85.055504816,-90.204309226,-65.988372514,0.704719286,0.434934235,-0.531760096,-0.177296755,141
2172,13272,159.270001000,-85.149929507,-90.223288751,-65.991660163,0.710376322,0.435578657,-0.525611589,-0.171374362,145
2173,13277,159.330001000,-85.163586319,-90.236579806,-65.992495984,0.711134690,0.436767795,-0.524876099,-0.167410953,240
2174,13282,159.390001000,-85.191098485,-90.244416231,-66.010036275,0.711798230,0.437469319,-0.524958124,-0.162427961,214
2175,13287,159.450001000,-85.220645781,-90.270465431,-66.030015086,0.718796208,0.421970024,-0.532152279,-0.148617840,194
2176,13292,159.510001000,-85.243055940,-90.273137097,-66.019302211,0.726816568,0.407800500,-0.537326509,-0.129292891,144
2177,13297,159.570001000,-85.264156927,-90.365981739,-66.036053188,0.733035887,0.397689615,-0.535013456,-0.135136827,123
2178,13302,159.630001000,-85.291275883,-90.377519253,-66.050234556,0.729370473,0.409482958,-0.529492704,-0.141350263,170
2179,13307,159.690001000,-85.281528152,-90.355587037,-66.051336702,0.723699640,0.425061630,-0.523815559,-0.145597741,127
2180,13312,159.750001000,-85.423547275,-90.433578663,-66.087573130,0.727595722,0.426231675,-0.516689699,-0.148198447,135
2181,13317,159.810001000,-85.436554406,-90.424419285,-66.101316924,0.724457712,0.435316615,-0.514244326,-0.145647662,103
2182,13322,159.870001000,-85.551778308,-90.484915674,-66.171857662,0.724436573,0.434951190,-0.513957784,-0.147839471,76
2183,13328,159.942001000,-85.555560029,-90.502484571,-66.158404790,0.727352539,0.429337093,-0.515991596,-0.142760701,4
2184,13333,160.002001000,-85.597559979,-90.596044767,-66.139662467,0.730855680,0.420266471,-0.520894492,-0.133772182,94
2185,13338,160.062001000,-85.562234656,-90.623719460,-66.108895888,0.741873792,0.386043360,-0.539197409,-0.099297312,68
2186,13343,160.122001000,-85.777897955,-90.592485381,-66.213824233,0.743271270,0.381026653,-0.542748904,-0.088261746,66
2187,13348,160.182001000,-85.836341777,-90.607212488,-66.230642932,0.738312924,0.396739599,-0.537091249,-0.094998455,36
2188,13353,160.242001000,-85.847151008,-90.559943681,-66.277715254,0.738108095,0.401614491,-0.533155924,-0.098219154,30
2189,13358,160.302001000,-86.026309278,-90.612136057,-66.305373541,0.735491810,0.408826230,-0.530218352,-0.103833573,67
2190,13363,160.362001000,-86.077165906,-90.631828299,-66.312944151,0.730609389,0.414843051,-0.531773951,-0.106450121,60
2191,13368,160.422001000,-86.122498882,-90.653078880,-66.320780535,0.730103270,0.420433975,-0.526091258,-0.115812246,21
2192,13373,160.482001000,-86.213248272,-90.680879283,-66.332653527,0.732804403,0.416895867,-0.524172797,-0.120159980,50
2193,13381,160.578001000,-86.292192387,-90.704919407,-66.342368025,0.733689449,0.412858956,-0.526212073,-0.119783678,56
2194,13387,160.650001000,-86.296687386,-90.716106264,-66.331140980,0.735114164,0.408780827,-0.527601129,-0.118922033,12
2195,13392,160.710001000,-86.169460829,-90.870046765,-66.277498299,0.734987050,0.408548432,-0.526513329,-0.125163614,11
2196,13397,160.770001000,-86.108986440,-90.829610929,-66.259482407,0.735776519,0.410298898,-0.524400162,-0.123661634,9
2197,13403,160.842001000,-86.150869279,-90.713424133,-66.407906937,0.729984950,0.411211857,-0.533341810,-0.116504486,7
2198,13408,160.902001000,-86.106235334,-90.691420648,-66.424193363,0.729757063,0.412919683,-0.532414788,-0.116131211,10
2199,13413,160.962001000,-85.897144352,-90.719139503,-66.274505314,0.729968644,0.408109516,-0.535998624,-0.115316421,11
2200,13418,161.022001000,-85.924087693,-90.654491349,-66.267628436,0.730141776,0.410303667,-0.534420151,-0.113749681,45
2201,13425,161.106001000,-85.921397194,-90.653985394,-66.252742363,0.730089067,0.411669515,-0.533594907,-0.113024956,25
2202,13431,161.178001000,-85.905538917,-90.648818268,-66.252088581,0.729769479,0.412528474,-0.533321859,-0.113245577,31
2203,13439,161.274001000,-86.078669184,-90.735477965,-66.228285930,0.737036367,0.408939125,-0.525982871,-0.113526230,46
2204,13445,161.346001000,-86.116407370,-90.744218162,-66.232251082,0.737474448,0.408730756,-0.525749570,-0.112507768,54
2205,13451,161.418001000,-86.292291810,-90.796515216,-66.248173153,0.737418632,0.409219952,-0.525460514,-0.112445719,79
2206,13458,161.502001000,-86.293464925,-90.800154845,-66.251782214,0.740730226,0.408392281,-0.520792015,-0.115369646,18
2207,13463,161.562001000,-86.298828948,-90.796302836,-66.244963632,0.741204569,0.409378158,-0.519212482,-0.115947010,11
2208,13468,161.622001000,-86.306107007,-90.796599321,-66.244609431,0.740943255,0.409554376,-0.519478226,-0.115804485,46
2209,13473,161.682001000,-86.285455848,-90.726250875,-66.316985615,0.744742983,0.406944073,-0.516511025,-0.113889297,16
2210,13478,161.742001000,-86.641840661,-90.844499459,-66.340219315,0.734775033,0.424057082,-0.514544506,-0.124600134,14
2211,13484,161.814001000,-86.978260834,-90.887596642,-66.413259478,0.736342972,0.423038593,-0.513337842,-0.123780595,37
2212,13489,161.874001000,-86.964006132,-90.860838066,-66.430170311,0.734980920,0.423845830,-0.514890509,-0.122660197,24
2213,13495,161.946001000,-87.053246831,-90.808771088,-66.537215901,0.727537252,0.430201015,-0.519945137,-0.123586762,65
2214,13500,162.006001000,-87.091348261,-90.807231881,-66.530194486,0.728204674,0.429691540,-0.519622443,-0.122782938,23
2215,13506,162.078001000,-87.166897722,-90.754320072,-66.625558964,0.726244952,0.429597876,-0.523221145,-0.119388306,31
2216,13511,162.138001000,-87.154334742,-90.814640991,-66.660994091,0.729023528,0.425803648,-0.522123807,-0.120841545,50
2217,13516,162.198001000,-87.418536347,-91.005175175,-66.657191947,0.732457885,0.417097022,-0.525143052,-0.117304286,26
2218,13521,162.258001000,-87.448998331,-91.036268354,-66.682912584,0.733521150,0.417201524,-0.523060827,-0.119569986,16
2219,13526,162.318001000,-87.447289922,-91.071359298,-66.602555912,0.738158556,0.413660360,-0.519586967,-0.118475468,35
2220,13532,162.390001000,-87.501830783,-91.108185331,-66.756936259,0.735851970,0.411545833,-0.522767762,-0.125959409,22
2221,13537,162.450001000,-87.560853010,-91.128114305,-66.771153707,0.739554105,0.409144803,-0.520039065,-0.123367854,43
2222,13542,162.510001000,-87.260487832,-91.100372099,-66.746884258,0.734989894,0.414625299,-0.520883455,-0.128670680,9
2223,13547,162.570001000,-87.393981148,-91.163653770,-66.731362763,0.738493608,0.409015674,-0.520493939,-0.128138318,11
2224,13552,162.630001000,-87.743867978,-91.093862088,-66.831225121,0.747215378,0.396802625,-0.523493945,-0.100851107,8
2225,13558,162.702001000,-87.510901519,-90.937791665,-66.884323396,0.747504909,0.400148699,-0.519122078,-0.107841074,7
2226,13563,162.762001000,-87.414920808,-90.962333068,-66.912761867,0.750597906,0.396735528,-0.517247195,-0.107977053,7
2227,13568,162.822001000,-87.381533298,-91.044561073,-67.051062982,0.750863011,0.393112433,-0.519467370,-0.108724450,6
2228,13573,162.882001000,-87.553049154,-90.684446232,-67.239315349,0.749461460,0.396649100,-0.520901830,-0.098174816,3
2229,13578,162.942001000,-87.853426668,-91.003003537,-67.048993234,0.757314716,0.391313048,-0.513414154,-0.098764498,14
2230,13583,163.002001000,-87.963517347,-90.754703681,-67.249784234,0.752055896,0.399907118,-0.514895342,-0.096793663,6
2231,13588,163.062001000,-88.453011465,-90.564857957,-67.490571818,0.753789376,0.400683546,-0.511706824,-0.097007204,2
2232,13593,163.122001000,-88.719453179,-90.402672442,-67.603550037,0.753738781,0.401323521,-0.511553305,-0.095553637,5
