0.030223000 41.748045770 -33.723419582 -32.809849540 0.882970061 -0.021666338 -0.257118482 0.392153704
0.130276000 41.783241312 -33.728750094 -32.834130824 0.883139902 -0.016494171 -0.256898051 0.392167372
0.230376000 41.662346544 -33.846656989 -32.866470719 0.884248862 -0.023200476 -0.252163624 0.392401828
0.330564000 41.836364933 -33.759771450 -32.706584879 0.884007235 -0.030510120 -0.249911053 0.393884255
0.430791000 41.724584240 -33.850876025 -32.649885582 0.885131699 -0.030277039 -0.246408974 0.393583275
0.530922000 41.689482862 -33.744971918 -32.516549920 0.885173031 -0.037850550 -0.244609224 0.393957318
0.630978000 41.675193243 -33.745199813 -32.528344776 0.884678833 -0.038092591 -0.244345564 0.395205723
0.730982000 41.663808171 -33.748603995 -32.536005858 0.884461283 -0.038128218 -0.244402170 0.395653962
0.830917000 41.813871341 -33.666631745 -32.537721239 0.883106831 -0.038183374 -0.246023850 0.397663954
0.930828000 41.773700107 -33.556790562 -32.459769741 0.883740623 -0.022731274 -0.245328206 0.397869164
1.030754000 41.886749551 -33.629482180 -32.524012473 0.883398681 -0.025723050 -0.246015094 0.398022196
1.130878000 41.769896368 -33.778842713 -32.635583549 0.883954611 -0.024046602 -0.246017981 0.396889353
1.230942000 41.769331155 -33.804364199 -32.625933535 0.884502396 -0.025620825 -0.245395459 0.395954736
1.330936000 41.753482476 -33.806178023 -32.623465123 0.884525234 -0.022014580 -0.244649904 0.396581508
1.430882000 41.870115294 -33.741066804 -32.582104838 0.883842981 -0.026116670 -0.243802112 0.398371729
1.530790000 41.962747679 -33.648494702 -32.432054444 0.882835468 -0.032481695 -0.237032246 0.404180887
1.630644000 41.914550085 -33.722246550 -32.432769192 0.884418968 -0.034641381 -0.234018116 0.402291666
1.730501000 41.832329796 -34.022258529 -32.637081537 0.886511242 -0.021323185 -0.236786880 0.396957320
1.830460000 41.878204582 -34.178222146 -32.765975318 0.886899199 -0.019462948 -0.238644792 0.395069194
1.930550000 41.908538921 -34.198508268 -32.828960540 0.886479259 -0.017694638 -0.238651440 0.396089527
2.030679000 42.193110650 -34.008112618 -32.714969387 0.886568247 -0.011682007 -0.241703375 0.394258484
2.130821000 42.236015280 -33.963025132 -32.880206994 0.883371580 -0.016519992 -0.241331123 0.401423755
2.230762000 42.379466948 -34.130074173 -33.054806521 0.883917191 -0.010815184 -0.242593255 0.399652279
2.330689000 42.561730843 -34.278830587 -32.968917697 0.885546968 0.000069925 -0.246433309 0.393798408
2.430605000 42.816515420 -34.333232690 -32.885391713 0.885578837 0.006920021 -0.253518110 0.389141112
2.530493000 43.124726596 -34.243748141 -32.760912559 0.884155255 0.005830934 -0.258195752 0.389320483
2.630426000 43.218799157 -34.401360369 -33.055127422 0.882926971 0.010365267 -0.264783627 0.387585031
2.730416000 43.189225954 -34.672798128 -33.353638445 0.881652505 0.006041827 -0.267202847 0.388915152
2.830437000 43.326582707 -34.615404893 -33.384815409 0.879815470 0.005612835 -0.266853566 0.393296845
2.930731000 43.721897257 -34.519218245 -33.140667376 0.878630211 0.004422138 -0.271802312 0.392572158
3.031136000 43.832472308 -34.584901926 -33.303392442 0.878484364 0.007899832 -0.270419979 0.393796711
3.131636000 44.074520741 -34.498488668 -33.283825166 0.878467902 0.007270879 -0.269808896 0.394264427
3.231961000 44.358693324 -34.545560112 -33.378931589 0.878005656 -0.000804043 -0.271739039 0.394034665
3.332064000 44.580512610 -34.519188593 -33.356559829 0.878656358 0.000311733 -0.271999984 0.392401472
3.431964000 44.813040900 -34.565548294 -33.411565698 0.878546032 0.000814727 -0.274153009 0.391147457
3.531722000 45.017448953 -34.506819262 -33.241058350 0.879794557 0.005167894 -0.274772758 0.387859204
3.631463000 45.191447007 -34.466930640 -33.361425512 0.878587493 0.008655093 -0.277278064 0.388749254
3.731275000 45.359619325 -34.356570534 -33.370879488 0.876708637 0.007886781 -0.279033278 0.391739957
3.831188000 45.345729073 -34.362173632 -33.422485606 0.876624124 0.008917572 -0.279357323 0.391676024
3.931194000 45.420656941 -34.339105291 -33.400751258 0.876536735 0.009508125 -0.279293600 0.391903091
4.031262000 45.543263134 -34.304156823 -33.365634381 0.876029883 0.010811714 -0.281055811 0.391742750
4.131469000 45.612145120 -34.371002423 -33.414280064 0.877100614 0.018945843 -0.285991284 0.385414780
4.231566000 45.573621075 -34.400548215 -33.480148627 0.877361176 0.023239212 -0.285666958 0.384826837
4.331606000 45.670739784 -34.342842648 -33.401769895 0.877395229 0.019660872 -0.284560497 0.385767269
4.431541000 45.670739784 -34.342842648 -33.401769895 0.877395229 0.019660872 -0.284560497 0.385767269
4.531379000 45.670739784 -34.342842648 -33.401769895 0.877395229 0.019660872 -0.284560497 0.385767269
4.631215000 45.670739784 -34.342842648 -33.401769895 0.877395229 0.019660872 -0.284560497 0.385767269
4.731091000 45.670739784 -34.342842648 -33.401769895 0.877395229 0.019660872 -0.284560497 0.385767269
4.830996000 45.719018649 -34.322422482 -33.406548897 0.877024025 0.021802689 -0.286466844 0.385084731
4.930918000 45.719018649 -34.322422482 -33.406548897 0.877024025 0.021802689 -0.286466844 0.385084731
5.030843000 45.719018649 -34.322422482 -33.406548897 0.877024025 0.021802689 -0.286466844 0.385084731
5.130893000 45.719018649 -34.322422482 -33.406548897 0.877024025 0.021802689 -0.286466844 0.385084731
5.230848000 45.719018649 -34.322422482 -33.406548897 0.877024025 0.021802689 -0.286466844 0.385084731
5.330834000 45.719018649 -34.322422482 -33.406548897 0.877024025 0.021802689 -0.286466844 0.385084731
5.430837000 45.719018649 -34.322422482 -33.406548897 0.877024025 0.021802689 -0.286466844 0.385084731
5.530791000 45.719018649 -34.322422482 -33.406548897 0.877024025 0.021802689 -0.286466844 0.385084731
5.630687000 45.719018649 -34.322422482 -33.406548897 0.877024025 0.021802689 -0.286466844 0.385084731
5.730592000 45.719018649 -34.322422482 -33.406548897 0.877024025 0.021802689 -0.286466844 0.385084731
5.830505000 45.719018649 -34.322422482 -33.406548897 0.877024025 0.021802689 -0.286466844 0.385084731
5.930546000 45.719018649 -34.322422482 -33.406548897 0.877024025 0.021802689 -0.286466844 0.385084731
6.030778000 45.719018649 -34.322422482 -33.406548897 0.877024025 0.021802689 -0.286466844 0.385084731
6.131146000 45.719018649 -34.322422482 -33.406548897 0.877024025 0.021802689 -0.286466844 0.385084731
6.231416000 45.719018649 -34.322422482 -33.406548897 0.877024025 0.021802689 -0.286466844 0.385084731
6.331618000 45.719018649 -34.322422482 -33.406548897 0.877024025 0.021802689 -0.286466844 0.385084731
6.431744000 45.719018649 -34.322422482 -33.406548897 0.877024025 0.021802689 -0.286466844 0.385084731
6.531738000 45.719018649 -34.322422482 -33.406548897 0.877024025 0.021802689 -0.286466844 0.385084731
6.631632000 45.719018649 -34.322422482 -33.406548897 0.877024025 0.021802689 -0.286466844 0.385084731
6.731465000 45.601989663 -34.289439739 -33.366993799 0.878075363 0.021103200 -0.277572850 0.389219250
6.831249000 45.852733393 -34.360805981 -33.361041644 0.879685917 0.010517677 -0.271078676 0.390587272
6.931055000 45.821273005 -34.380625976 -33.322192016 0.880917040 0.007812367 -0.268502762 0.389654209
7.030908000 45.657413689 -34.553629351 -33.358202039 0.883328353 0.011412989 -0.265976855 0.385820007
7.130963000 45.852147176 -34.528765130 -33.181016196 0.880941404 -0.000590989 -0.277150810 0.383574401
7.230963000 45.861620218 -34.699442002 -33.335898329 0.881038685 0.002440067 -0.279413705 0.381697345
7.330965000 45.826556534 -34.592218617 -33.290607374 0.883619178 -0.000275802 -0.272647691 0.380631460
7.430947000 45.777094253 -34.571035855 -33.333090288 0.881029611 0.002908867 -0.272100110 0.386962393
7.530873000 45.800482872 -34.577360820 -33.354350121 0.878015303 -0.008147397 -0.278435599 0.389225340
7.630765000 45.800482872 -34.577360820 -33.354350121 0.878015303 -0.008147397 -0.278435599 0.389225340
7.730723000 45.841829668 -34.567787615 -33.308811115 0.879070623 -0.027865079 -0.262860195 0.396689922
7.830754000 45.830243965 -34.533829282 -33.285778728 0.878770424 -0.018166096 -0.265199422 0.396360696
7.930908000 45.832553627 -34.506458045 -33.243157983 0.878015573 -0.018075347 -0.257487961 0.403065608
8.031118000 45.828579852 -34.508469223 -33.243879139 0.878029969 -0.024276506 -0.247443294 0.408957016
8.131458000 45.815689706 -34.474076502 -33.265681338 0.878341737 -0.023420956 -0.231656617 0.417495466
8.231680000 45.816990159 -34.481283328 -33.269572910 0.880994383 -0.028246935 -0.216262728 0.419858834
8.331777000 45.798634449 -34.497170272 -33.285841562 0.886340270 -0.020776882 -0.200074720 0.417060371
8.431952000 45.786248347 -34.506485623 -33.298867626 0.888679508 -0.053878398 -0.176633581 0.419698021
8.532281000 45.754014094 -34.533240827 -33.341776395 0.895330179 -0.087621486 -0.145530263 0.411736917
8.632975000 45.742982180 -34.550148755 -33.352694099 0.898976649 -0.067616902 -0.125627585 0.414109466
8.733508000 45.722486546 -34.568002925 -33.373815840 0.907292829 -0.035488094 -0.114117325 0.403159465
8.833945000 45.711810734 -34.581162788 -33.384205773 0.912197902 -0.025406686 -0.102706282 0.395854654
8.934482000 45.723244424 -34.572328105 -33.398138533 0.912429303 -0.016814027 -0.100190100 0.396424014
9.034887000 45.723323389 -34.578401181 -33.404530984 0.915861723 -0.022221729 -0.092634399 0.390028676
9.135177000 45.716080951 -34.590362593 -33.418118029 0.919132771 -0.032051271 -0.081565740 0.384076418
9.235113000 45.704376850 -34.601131624 -33.435700273 0.921468562 -0.047637493 -0.066669107 0.379712509
9.334962000 45.682544071 -34.622694410 -33.454212614 0.922072048 -0.096423010 -0.042458589 0.372401677
9.434947000 45.684847088 -34.620983183 -33.473473785 0.921283045 -0.127707579 -0.024566679 0.366503483
9.534834000 45.675394893 -34.634123321 -33.490587681 0.930205311 -0.099562693 -0.004415429 0.353250413
9.634628000 45.710182213 -34.628416693 -33.521336621 0.931487085 -0.093907202 0.008079141 0.351351640
9.734316000 45.755234242 -34.626740343 -33.555177208 0.935070677 -0.058724431 0.020568044 0.348957342
9.833932000 45.772316640 -34.630712944 -33.581425327 0.937160159 -0.043305794 0.048077385 0.342846919
9.933561000 45.815425311 -34.623141793 -33.605772042 0.937042434 -0.025478713 0.066506356 0.341876025
10.033395000 45.796961255 -34.660526480 -33.666224072 0.936704623 -0.013295701 0.104676130 0.333842149
10.133611000 45.822655261 -34.646687365 -33.688808609 0.937503621 0.004634351 0.121275180 0.326125456
10.233998000 45.786789813 -34.698167657 -33.737558617 0.936050339 -0.025496941 0.166392623 0.308987320
10.334614000 45.833861712 -34.681482458 -33.762736169 0.934564575 -0.039621486 0.178087980 0.305456811
10.435115000 45.879397872 -34.667083906 -33.783872054 0.933580732 -0.043079390 0.190672645 0.300358328
10.535477000 45.933570690 -34.654567911 -33.807323924 0.932082345 -0.033091019 0.202533630 0.298508986
10.635604000 45.994773950 -34.639236027 -33.830396231 0.928859834 -0.006515876 0.213449262 0.302681952
10.735496000 46.051346722 -34.627899135 -33.846805016 0.927204979 0.006040133 0.226250176 0.298438104
10.835223000 46.116467136 -34.612535303 -33.876482170 0.923867667 0.009023922 0.237893660 0.299655986
10.934761000 46.132429116 -34.627119821 -33.892247335 0.922806875 0.012067762 0.265905588 0.278524790
11.034212000 46.150910365 -34.663078704 -33.916990987 0.920694169 0.043636257 0.286340211 0.261586328
11.133727000 46.194442016 -34.633430010 -33.950545187 0.914609377 0.047185152 0.300220721 0.266703520
11.233283000 46.196010728 -34.648132855 -33.953598261 0.906223837 0.029615101 0.338300719 0.251860928
11.333031000 46.205440642 -34.666629398 -33.956115377 0.902449332 0.077732559 0.346421728 0.243997621
11.432971000 46.215169645 -34.660394975 -33.961908883 0.894934316 0.104350884 0.365834009 0.233171483
11.533101000 46.268860842 -34.632448703 -33.988366192 0.888320121 0.116242046 0.376936572 0.235146700
11.633369000 46.312592165 -34.643316760 -34.039294819 0.885028194 0.121072493 0.393644359 0.217049916
11.733727000 46.350821478 -34.684522444 -34.053029649 0.888059975 0.118716710 0.407087918 0.177581674
11.833986000 46.418824931 -34.635384200 -34.089355937 0.885163756 0.115894319 0.418395838 0.167327688
11.934174000 46.496166926 -34.586265538 -34.126828481 0.876188484 0.134177181 0.431367406 0.167965430
12.034438000 46.572964066 -34.538146452 -34.170760261 0.874088438 0.137550494 0.441790740 0.147885789
12.134703000 46.653394197 -34.490781666 -34.210765793 0.870691741 0.144536672 0.450947748 0.132857707
12.234678000 46.738230704 -34.440210879 -34.245591614 0.862110334 0.167389721 0.460927591 0.127640937
12.334486000 46.823004990 -34.384001014 -34.284164173 0.851915182 0.185099837 0.474960390 0.119963334
12.434324000 46.905586246 -34.332088519 -34.322637728 0.845730765 0.189733894 0.486026547 0.111887080
12.534121000 46.978064072 -34.277241087 -34.364916176 0.844267720 0.178944587 0.494822653 0.101692640
12.633931000 47.055902587 -34.225105882 -34.402954201 0.840194282 0.178770473 0.503177840 0.094481469
12.733925000 47.128321491 -34.170503067 -34.440489530 0.831487331 0.189252681 0.513491237 0.095598070
12.833942000 47.199424837 -34.115330937 -34.479462714 0.825760477 0.185457719 0.523547755 0.098095959
12.934210000 47.273786265 -34.056901457 -34.518095164 0.827935034 0.170563565 0.527531285 0.084512686
13.034735000 47.341721037 -33.999441788 -34.559268501 0.836971648 0.139520492 0.525764048 0.059872017
13.135361000 47.423834640 -33.946983595 -34.603589901 0.843549602 0.113071194 0.523473103 0.040185628
13.235719000 47.506039102 -33.905727737 -34.635521149 0.844228534 0.107350558 0.524255615 0.030167697
13.335717000 47.588841615 -33.851775879 -34.660846646 0.841133228 0.114910530 0.527641379 0.029749574
13.435516000 47.678156804 -33.797460786 -34.669245393 0.834950111 0.132954996 0.532862071 0.035203624
13.535154000 47.771536356 -33.744919057 -34.677487112 0.827495853 0.150308030 0.539379154 0.041572073
13.634771000 47.867039390 -33.676723129 -34.679563978 0.816169240 0.172747223 0.547722428 0.063453220
13.734457000 47.968741103 -33.610639221 -34.667993162 0.808129292 0.182785570 0.553524837 0.084420010
13.834282000 48.073800971 -33.552811183 -34.652880944 0.805568262 0.187590675 0.554827147 0.089645701
13.934303000 48.188657232 -33.491096964 -34.646433860 0.807796861 0.174850753 0.555366702 0.091974298
14.034718000 48.300550006 -33.425052546 -34.648508743 0.804858732 0.178640276 0.557284772 0.098609111
14.135364000 48.425415665 -33.394366678 -34.640858246 0.801848323 0.181286306 0.560660114 0.099170454
14.235921000 48.530549368 -33.329283858 -34.652351091 0.797950440 0.177558671 0.565583941 0.108916570
14.336305000 48.669679525 -33.286464822 -34.673292530 0.793465816 0.188168985 0.569285939 0.104489003
14.436339000 48.814816858 -33.223578335 -34.674800538 0.791805947 0.201796419 0.569746910 0.087806634
14.536055000 48.956049509 -33.165766212 -34.679182164 0.787635283 0.208040546 0.575042709 0.075337076
14.635765000 49.095651905 -33.106124190 -34.685999768 0.780143139 0.209852888 0.585670587 0.065790668
14.735700000 49.233208432 -33.044080148 -34.696160696 0.771517250 0.213799291 0.596850862 0.053104098
14.835972000 49.368815652 -32.975901910 -34.709426520 0.763190968 0.213397995 0.608565570 0.040605293
14.936393000 49.488254372 -32.905622162 -34.732471962 0.759723185 0.198841898 0.618710036 0.021919709
15.036778000 49.607854651 -32.832099287 -34.749479393 0.753512382 0.192426705 0.628562250 0.010027557
15.137004000 49.727728416 -32.759062629 -34.767517050 0.742756030 0.197054542 0.639868804 0.007134502
15.236960000 49.844056917 -32.691755779 -34.787300138 0.734902034 0.200610808 0.647817868 0.002512622
15.336588000 49.946140047 -32.625283951 -34.812649755 0.735570014 0.187373997 0.650908019 -0.012103316
15.436112000 50.041922759 -32.518570068 -34.843671442 0.739714750 0.164000671 0.652061228 -0.027240110
15.535622000 50.142463533 -32.469190988 -34.848299692 0.729672093 0.179973421 0.659290315 -0.022901632
15.635182000 50.248425875 -32.406035751 -34.857578911 0.718126838 0.196473396 0.667395363 -0.016597565
15.734794000 50.346751237 -32.347558482 -34.874299415 0.715087386 0.196712523 0.670433329 -0.021756947
15.834550000 50.450592175 -32.281510908 -34.887279520 0.715856558 0.193164611 0.670404350 -0.028192697
15.934466000 50.549078541 -32.223690591 -34.892889700 0.715998828 0.193422812 0.669880034 -0.034554798
16.034529000 50.640963952 -32.161109239 -34.902994482 0.718920702 0.185998871 0.668258514 -0.044587025
16.134723000 50.745502513 -32.104865957 -34.907653332 0.717871113 0.181104456 0.669717434 -0.057799651
16.234855000 50.852819629 -32.058019271 -34.908011019 0.715316139 0.177756089 0.671921923 -0.072432885
16.334885000 50.961885586 -32.010667770 -34.896980803 0.712885030 0.170746103 0.674209512 -0.089901262
16.434784000 51.062559051 -31.954403759 -34.899818543 0.703036675 0.168144540 0.683534623 -0.101228779
16.534597000 51.166813489 -31.889984153 -34.892403163 0.688099732 0.169844353 0.697396309 -0.106348684
16.634399000 51.271250543 -31.831229372 -34.877539615 0.674183712 0.169486615 0.709660985 -0.114594487
16.734188000 51.375853881 -31.771695791 -34.859924833 0.665386745 0.159051018 0.717479935 -0.131094606
16.834069000 51.476427680 -31.716211197 -34.834361309 0.648912215 0.161114646 0.730754821 -0.137667715
16.934168000 51.574443210 -31.655167428 -34.809117372 0.631196238 0.158247154 0.744640208 -0.148526454
17.034561000 51.665604904 -31.590120489 -34.780239865 0.616783430 0.152071507 0.754852210 -0.163250110
17.134937000 51.758357117 -31.533710978 -34.744186396 0.603004731 0.148465992 0.764105331 -0.174602942
17.235027000 51.843607416 -31.474370479 -34.704744689 0.587690995 0.148789202 0.774637770 -0.180048309
17.334959000 51.929344867 -31.411914187 -34.659519675 0.561380297 0.165561166 0.795289505 -0.157975519
17.434761000 52.010901286 -31.355360626 -34.614262128 0.541356613 0.170079269 0.808459209 -0.156204251
17.534516000 52.086159434 -31.296878666 -34.571156220 0.525142974 0.171205856 0.818408711 -0.158494775
17.634380000 52.161211940 -31.235448864 -34.533406713 0.513557595 0.166510585 0.826252931 -0.160744878
17.734332000 52.236318710 -31.177777662 -34.497518342 0.505137651 0.145782380 0.836263433 -0.155714229
17.834384000 52.307428593 -31.118600307 -34.458094862 0.496681674 0.128949563 0.843960357 -0.156237771
17.934511000 52.397003542 -31.052623126 -34.431490926 0.484319461 0.115646311 0.853894790 -0.151407659
18.034686000 52.471196900 -30.978913879 -34.390821262 0.473192708 0.104141230 0.860557285 -0.157112775
18.134941000 52.548617207 -30.905233387 -34.349011569 0.459063927 0.104090607 0.865816110 -0.169670035
18.235069000 52.627622459 -30.831672495 -34.301680136 0.447231352 0.105394206 0.869285331 -0.182261332
18.335130000 52.713594118 -30.756332579 -34.254075439 0.434613554 0.108311436 0.873057778 -0.192742854
18.435074000 52.800973963 -30.662368671 -34.212586144 0.423560826 0.113532076 0.876017356 -0.200749311
18.534841000 52.887334836 -30.572957794 -34.167372399 0.418746811 0.119435046 0.876601019 -0.204834157
18.634440000 52.968325430 -30.484860535 -34.113670535 0.417809130 0.120997197 0.875465228 -0.210608269
18.734131000 53.053912726 -30.412694100 -34.062758931 0.412231154 0.127724514 0.875611340 -0.216925573
18.834190000 53.141190614 -30.294794929 -34.018761202 0.409827496 0.120737532 0.878115865 -0.215351806
18.934245000 53.227253953 -30.198245417 -33.969134596 0.409865597 0.125991330 0.876993384 -0.216838608
19.034195000 53.315940089 -30.102023504 -33.920913954 0.410985612 0.125578328 0.876306738 -0.217732430
19.134247000 53.405841303 -29.980674718 -33.873702847 0.411906145 0.124922912 0.876964035 -0.213685928
19.234173000 53.502151646 -29.861752015 -33.825063033 0.415197410 0.112491325 0.878897373 -0.206146114
19.333985000 53.583305656 -29.785312691 -33.764973581 0.419997092 0.111055094 0.875469138 -0.211714425
19.433759000 53.690171578 -29.685104731 -33.712896303 0.413636053 0.120547138 0.876057946 -0.216555024
19.533647000 53.796119131 -29.578447851 -33.658697527 0.403021676 0.142594790 0.874168105 -0.230370089
19.633706000 53.892825157 -29.466182355 -33.587859695 0.402012650 0.133345514 0.874594783 -0.235984679
19.733950000 53.993722664 -29.334697769 -33.525150187 0.390100260 0.135465464 0.876150057 -0.248660358
19.834351000 54.107191195 -29.204941461 -33.467440996 0.376794845 0.126587558 0.882099290 -0.252788602
19.934686000 54.174745713 -29.014686358 -33.382136774 0.367670531 0.121737768 0.885402223 -0.257023733
20.034830000 54.267573810 -28.847256168 -33.300128579 0.354088511 0.139724442 0.884658458 -0.269217048
20.134939000 54.377361847 -28.728580677 -33.220297352 0.346435263 0.160615950 0.878291301 -0.287731673
20.234886000 54.474325022 -28.577037326 -33.150118137 0.335249072 0.172792599 0.882288318 -0.281634696
20.334739000 54.573298435 -28.446552885 -33.081516296 0.331722087 0.175566882 0.878862135 -0.294513286
20.434606000 54.659911070 -28.287436701 -33.024839476 0.330133888 0.173097311 0.877177686 -0.302668538
20.534431000 54.736484704 -28.135996804 -32.960445739 0.332589811 0.174615122 0.875034337 -0.305300646
20.634226000 54.811311635 -27.996220537 -32.902365627 0.334513806 0.179599740 0.872603411 -0.307258416
20.734107000 54.877123327 -27.869207600 -32.839623352 0.351484192 0.189551911 0.860543012 -0.316219322
20.833642000 54.953460795 -27.737628895 -32.782473446 0.362816278 0.202512827 0.855059342 -0.310203846
20.933344000 55.002768466 -27.602380023 -32.731541457 0.375617392 0.212034840 0.848877299 -0.305548902
21.033510000 55.067115065 -27.448872559 -32.685786565 0.383896140 0.219862041 0.844552721 -0.301687154
21.134082000 55.128356342 -27.291420006 -32.646309294 0.393208027 0.226280518 0.840366929 -0.296593996
21.234493000 55.188142377 -27.136073601 -32.610083027 0.398309732 0.231539323 0.837952783 -0.292530396
21.334830000 55.247535810 -26.988870622 -32.568578060 0.402741031 0.236828653 0.832862696 -0.296734866
21.435108000 55.299151182 -26.840320773 -32.528945673 0.411031294 0.229884553 0.833401405 -0.289220445
21.535304000 55.355037145 -26.693502951 -32.487997215 0.413503714 0.232585078 0.832692388 -0.285556032
21.635417000 55.411679087 -26.541794217 -32.453280244 0.410226590 0.243711201 0.830105358 -0.288520521
21.735309000 55.467796186 -26.383562470 -32.420382881 0.408367125 0.247809963 0.828835755 -0.291303630
21.834960000 55.519259880 -26.238116368 -32.382037145 0.411833137 0.245612632 0.827542462 -0.291961256
21.934563000 55.577253548 -26.091104107 -32.344704199 0.411501171 0.251259135 0.825269676 -0.294050329
22.034086000 55.634139394 -25.939502483 -32.310201594 0.412318263 0.253957937 0.823733183 -0.294894317
22.133706000 55.693089232 -25.785239952 -32.284301237 0.414330605 0.251402282 0.824911471 -0.290943479
22.233351000 55.754805498 -25.638530100 -32.248191500 0.412909773 0.264638283 0.819700093 -0.295911907
22.333175000 55.810886296 -25.486279696 -32.221213312 0.414070771 0.267817247 0.818168071 -0.295669285
22.433131000 55.869207681 -25.326798375 -32.189079524 0.419453185 0.263706732 0.818343194 -0.291259681
22.533192000 55.930486454 -25.168626000 -32.158823880 0.419202142 0.269964079 0.817061483 -0.289481422
22.633437000 55.991160978 -25.021926638 -32.126405579 0.421509195 0.270756922 0.815304224 -0.290344122
22.733776000 56.055649865 -24.861820761 -32.092910514 0.425855338 0.266227113 0.815686445 -0.287099251
22.834133000 56.117433614 -24.702623628 -32.070919528 0.427805735 0.260215683 0.818450741 -0.281795023
22.934435000 56.178511316 -24.568414990 -32.043660921 0.427228106 0.273343721 0.811491902 -0.290241706
23.034675000 56.248858536 -24.402239584 -32.023225542 0.425252496 0.280122387 0.809822787 -0.291339692
23.134907000 56.313536572 -24.234281938 -32.002043152 0.424628347 0.284501047 0.808754982 -0.290973024
23.234947000 56.377980429 -24.062611120 -31.980369508 0.424222171 0.290654394 0.805786184 -0.293707675
23.334888000 56.442260929 -23.894897563 -31.962444244 0.424099742 0.294351108 0.803591470 -0.296205307
23.434722000 56.508444453 -23.729550525 -31.933771206 0.430036568 0.285600367 0.804997570 -0.292369446
23.534467000 56.585613323 -23.579231221 -31.895296872 0.436179254 0.279254663 0.805693826 -0.287440342
23.634174000 56.645248667 -23.409999477 -31.877386821 0.438322687 0.277978119 0.804981721 -0.287412274
23.734130000 56.712658059 -23.245108581 -31.852952020 0.444872635 0.264843518 0.807874482 -0.281576048
23.834420000 56.796152739 -23.062947805 -31.819268289 0.443823938 0.258465106 0.815872856 -0.265645598
23.934808000 56.859144406 -22.913127471 -31.779381929 0.446895467 0.263150046 0.812301006 -0.266839972
24.035080000 56.924804592 -22.730357646 -31.753805899 0.449610903 0.273267596 0.804335521 -0.276078296
24.135011000 56.997570472 -22.540273112 -31.725071751 0.450894861 0.283543621 0.797885149 -0.282269601
24.234668000 57.061606162 -22.344853235 -31.698649834 0.447775211 0.302305359 0.787704431 -0.296024592
24.334396000 57.124857407 -22.134745989 -31.679375070 0.441372171 0.320856581 0.778913943 -0.309086931
24.434275000 57.200295189 -21.921459053 -31.656089835 0.436627787 0.330084613 0.775127635 -0.315558985
24.534289000 57.273799798 -21.716956607 -31.631139943 0.432690550 0.337799024 0.773858888 -0.315932159
24.634383000 57.346642783 -21.498598436 -31.611929540 0.434101538 0.339019568 0.771371129 -0.318760363
24.734582000 57.427950644 -21.280270271 -31.587542041 0.437416032 0.330610329 0.776093198 -0.311517853
24.834952000 57.536531335 -21.036738765 -31.557823053 0.423635146 0.338628595 0.780902277 -0.309928333
24.935469000 57.588047656 -20.832559583 -31.549651591 0.425499464 0.336986712 0.777960387 -0.316492966
25.035911000 57.643746097 -20.615497499 -31.539276511 0.421879136 0.340078314 0.774803126 -0.325645284
25.136321000 57.706106308 -20.421878579 -31.514926278 0.417817150 0.344854610 0.772245267 -0.331875542
25.236296000 57.746461681 -20.218690151 -31.509245871 0.415954793 0.346518867 0.770577317 -0.336328535
25.335693000 57.788161014 -20.008710557 -31.504941600 0.416461577 0.346564623 0.769284392 -0.338606321
25.434876000 57.846778126 -19.837389353 -31.485649405 0.416021460 0.351752096 0.769285368 -0.333761336
25.534329000 57.888698352 -19.632261702 -31.484185946 0.414965386 0.356286973 0.767844112 -0.333584684
25.634183000 57.904932976 -19.413683799 -31.492922224 0.420863743 0.355743261 0.762699375 -0.338541142
25.734190000 57.950625528 -19.183694996 -31.512637954 0.418473893 0.359738047 0.761865095 -0.339160309
25.834301000 57.998075715 -18.978520012 -31.522893214 0.414651826 0.365745280 0.763022184 -0.334800538
25.934464000 58.040596146 -18.746815771 -31.540154175 0.418172276 0.361882932 0.764212541 -0.331891374
26.034681000 58.081320567 -18.558880657 -31.542579557 0.424151461 0.368348949 0.756633807 -0.334544275
26.134889000 58.141229449 -18.351125756 -31.538778485 0.428990519 0.367902572 0.754867224 -0.332851778
26.234972000 58.197875799 -18.172197690 -31.530825845 0.435116119 0.365956621 0.754444370 -0.327968608
26.335124000 58.241932673 -17.986305189 -31.523215651 0.437036207 0.373146432 0.748285116 -0.331406820
26.435283000 58.310487871 -17.779590830 -31.521510734 0.422970078 0.389692883 0.752804335 -0.320189637
26.535376000 58.378360400 -17.562406066 -31.521763534 0.411871309 0.397685861 0.761849432 -0.302974296
26.635361000 58.457216003 -17.349432625 -31.524748359 0.425944782 0.398366520 0.748345026 -0.315998228
26.735188000 58.499378394 -17.139915116 -31.553323322 0.438494570 0.391522083 0.742007923 -0.322268853
26.835116000 58.561149818 -16.935389665 -31.565162673 0.443046549 0.393178022 0.736949359 -0.325617015
26.935162000 58.622336006 -16.736017098 -31.571003434 0.446448385 0.400192738 0.729691558 -0.328754988
27.035172000 58.662030012 -16.557589902 -31.569873327 0.451452482 0.406410994 0.722558095 -0.330046298
27.135221000 58.721898349 -16.385452713 -31.557372095 0.452874233 0.412968634 0.718562327 -0.328679202
27.235114000 58.765474398 -16.214198920 -31.565194756 0.458662892 0.413782727 0.714204534 -0.329126252
27.335003000 58.802665417 -16.048643351 -31.554168870 0.463737135 0.418970577 0.708521029 -0.327733852
27.434910000 58.859087422 -15.880095079 -31.556264000 0.466145327 0.424261392 0.703419751 -0.328498795
27.535018000 58.916789535 -15.715972624 -31.556594959 0.467767296 0.433620985 0.694652859 -0.332601871
27.635154000 58.978261807 -15.539304387 -31.574276511 0.467940009 0.440316496 0.688841651 -0.335634788
27.735031000 59.028723997 -15.354526344 -31.595096905 0.466394189 0.445461138 0.686417696 -0.335963661
27.834818000 59.106210033 -15.200695541 -31.592163771 0.471113440 0.446040224 0.686521068 -0.328312457
27.934776000 59.137534822 -15.029918598 -31.612622431 0.473774958 0.450093157 0.683570403 -0.325092208
28.034971000 59.195547120 -14.849591058 -31.653819351 0.469222133 0.457644926 0.681253194 -0.326015024
28.135272000 59.254118430 -14.673586063 -31.663055815 0.469645372 0.470678662 0.667576021 -0.335018025
28.235723000 59.303447399 -14.500727591 -31.694316606 0.472050773 0.473224965 0.661584124 -0.339900938
28.336109000 59.351772675 -14.323367660 -31.725548180 0.467551987 0.482111911 0.656833852 -0.342830186
28.436219000 59.409144217 -14.175665940 -31.735715491 0.471832941 0.484757574 0.650022629 -0.346199873
28.535869000 59.470994725 -14.012481255 -31.768499302 0.477892716 0.479781242 0.647784798 -0.349003391
28.635294000 59.519195824 -13.826023612 -31.829492508 0.479881499 0.464343339 0.669491065 -0.325393183
28.734931000 59.581612333 -13.651349340 -31.873558284 0.478995009 0.464785524 0.673358444 -0.318004093
28.834990000 59.593004753 -13.446295105 -31.958957272 0.478513205 0.475345306 0.660347933 -0.330170502
28.935167000 59.593195265 -13.228796330 -32.037643784 0.479162517 0.487066690 0.645943844 -0.340478886
29.035455000 59.620417648 -13.023094745 -32.104574943 0.472385989 0.497816018 0.644116835 -0.337852324
29.135870000 59.643292463 -12.818299076 -32.170651503 0.481518466 0.498619740 0.636433047 -0.338336073
29.236011000 59.659094282 -12.589643286 -32.253030778 0.480701749 0.514273188 0.622800827 -0.341420630
29.335952000 59.673453701 -12.363763847 -32.337387496 0.477911560 0.532002543 0.607028683 -0.346540060
29.435621000 59.676191034 -12.134332676 -32.416259017 0.477698390 0.543667730 0.599664735 -0.341514061
29.535138000 59.689311552 -11.898827883 -32.482478261 0.471631130 0.551579935 0.601851545 -0.333314221
29.635287000 59.725818957 -11.631607939 -32.548528204 0.425797566 0.584462680 0.616440241 -0.311610715
29.735885000 59.735365834 -11.396834332 -32.639014731 0.433008254 0.594494804 0.602036675 -0.310856272
29.836001000 59.747563981 -11.177646650 -32.728759839 0.451488806 0.593364489 0.586204660 -0.316923551
29.936158000 59.755174761 -10.953965849 -32.826242617 0.463376966 0.593453199 0.574928883 -0.320237206
30.036431000 59.768421363 -10.734604573 -32.922291436 0.485418022 0.586708352 0.557841017 -0.330084918
30.136755000 59.761164711 -10.517511441 -33.025498416 0.494692323 0.585195868 0.550132272 -0.331933404
30.236918000 59.776618938 -10.297178403 -33.125037085 0.496249071 0.589554535 0.544061709 -0.331902345
30.336961000 59.777116168 -10.089856336 -33.215052239 0.498204557 0.593300014 0.538753601 -0.330955994
30.436829000 59.775187243 -9.866602076 -33.320531385 0.496015675 0.598130810 0.537757586 -0.327146392
30.536560000 59.777247144 -9.653781087 -33.409248959 0.496432049 0.602242126 0.533741087 -0.325545842
30.636253000 59.770575926 -9.444878681 -33.507599193 0.499339341 0.604906913 0.525950256 -0.328822411
30.735943000 59.759699590 -9.233113265 -33.614107613 0.498528369 0.607516671 0.523255896 -0.329539417
30.835656000 59.753997148 -9.031398917 -33.712203984 0.498639898 0.609471229 0.518747506 -0.332872495
30.935376000 59.737747253 -8.837356711 -33.810975082 0.499474406 0.611058065 0.514418608 -0.335420415
31.035100000 59.727349260 -8.643415449 -33.916870551 0.498346651 0.614255149 0.510465231 -0.337292863
31.134947000 59.707298092 -8.454373251 -34.029824969 0.498142361 0.614974115 0.511153059 -0.335236598
31.234773000 59.641553270 -8.275215808 -34.155886352 0.499632481 0.613769674 0.509662939 -0.337487569
31.334827000 59.615808577 -8.081729875 -34.268256962 0.496973527 0.618160954 0.504839292 -0.340634170
31.434994000 59.583461393 -7.890865772 -34.381930545 0.485436262 0.625777801 0.508081248 -0.338536888
31.535243000 59.554849722 -7.702025433 -34.477633867 0.492818369 0.620936765 0.507531584 -0.337608175
31.635580000 59.518172990 -7.512347237 -34.589644756 0.497635824 0.621524078 0.499063841 -0.342055097
31.735921000 59.476550290 -7.324602170 -34.718628173 0.497093899 0.622511002 0.498539197 -0.341813366
31.836272000 59.456953041 -7.124529269 -34.830704886 0.495407620 0.628171089 0.490011968 -0.346208962
31.936620000 59.419382641 -6.939689333 -34.950159147 0.495741942 0.630976910 0.484382242 -0.348542550
32.037011000 59.387878722 -6.742278338 -35.070213397 0.493108707 0.634624166 0.482003923 -0.348952990
32.137435000 59.343776785 -6.572071631 -35.180120982 0.497237764 0.628741421 0.490073552 -0.342442324
32.237544000 59.300156907 -6.387150368 -35.302549071 0.510368357 0.611223733 0.508958305 -0.326942093
32.337501000 59.226081743 -6.197915190 -35.433375379 0.510305880 0.610971203 0.508500388 -0.328221653
32.437339000 59.212174881 -5.989751088 -35.544573852 0.508822389 0.612905025 0.509056352 -0.326050361
32.536878000 59.137294287 -5.786306523 -35.690819774 0.502240457 0.622346097 0.496901051 -0.336940951
32.636322000 59.096611034 -5.582639591 -35.818789693 0.495454877 0.632864825 0.482513043 -0.348120298
32.735698000 59.066496079 -5.385847767 -35.932800055 0.492125609 0.639774215 0.472686914 -0.353650140
32.835284000 59.009053920 -5.187144567 -36.081470404 0.490920718 0.641776840 0.470276672 -0.354907295
32.935217000 58.959908567 -5.000103556 -36.209284754 0.491623775 0.643554329 0.466286433 -0.355978723
33.035457000 58.929321355 -4.803960263 -36.336756508 0.486380303 0.644743219 0.476195835 -0.347818788
33.135826000 58.900245607 -4.615048250 -36.456941965 0.461605045 0.655103299 0.495797535 -0.334582209
33.236047000 58.844185565 -4.423111941 -36.585200531 0.423790200 0.672819599 0.515324923 -0.319618331
33.336064000 58.812944706 -4.226805196 -36.714099771 0.392365860 0.691423780 0.515891885 -0.319120278
33.436056000 58.773253640 -4.044114850 -36.854016254 0.380701210 0.694812958 0.521191878 -0.317270497
33.536068000 58.728228338 -3.871132602 -37.016559012 0.397012114 0.688651930 0.511560642 -0.326260034
33.636210000 58.694354022 -3.692213564 -37.181179628 0.389072123 0.697123853 0.502085539 -0.332492599
33.736338000 58.665486652 -3.524121304 -37.359895785 0.392479339 0.695795883 0.496215775 -0.339997003
33.836526000 58.626064122 -3.357130592 -37.530896009 0.450222025 0.675827259 0.459158765 -0.360181721
33.936459000 58.590476536 -3.195401935 -37.721073540 0.472079023 0.666784230 0.443334045 -0.368775150
34.036345000 58.542472859 -3.044745061 -37.911256713 0.489219098 0.657925213 0.432637021 -0.374999062
34.136269000 58.503254304 -2.886294343 -38.104506276 0.533832866 0.637377863 0.395418947 -0.390404646
34.236087000 58.460118433 -2.730631983 -38.271327054 0.552120012 0.631207984 0.375762025 -0.394389242
34.335903000 58.411324335 -2.571198721 -38.452261959 0.563483246 0.628112455 0.357577724 -0.400124413
34.435698000 58.367335687 -2.413842925 -38.579427629 0.514638413 0.656752579 0.390857419 -0.388656444
34.535840000 58.312039492 -2.264998167 -38.701528200 0.491756192 0.667205590 0.408135218 -0.382672434
34.636266000 58.246426361 -2.106967077 -38.868922775 0.480769230 0.664766163 0.420099876 -0.387895592
34.736458000 58.177563170 -1.961029557 -39.013080026 0.475371286 0.662012778 0.423680850 -0.395291993
34.836388000 58.101826898 -1.823269868 -39.170803483 0.472032706 0.658592412 0.428202074 -0.400105164
34.935994000 58.039587427 -1.682886729 -39.302040871 0.469177871 0.659552880 0.426144790 -0.404057844
35.035695000 57.977765516 -1.552225017 -39.433798064 0.467026615 0.660814456 0.422705413 -0.408081523
35.135696000 57.899052988 -1.425606291 -39.563913563 0.467334119 0.658643962 0.420429208 -0.413553180
35.235515000 57.828706422 -1.297573719 -39.691858991 0.464046096 0.657553458 0.418690636 -0.420693263
35.335481000 57.740599523 -1.174876623 -39.823959443 0.465217452 0.654419005 0.416470882 -0.426451045
35.435483000 57.657534886 -1.055359545 -39.947603441 0.467320359 0.653638970 0.413333132 -0.428396429
35.535420000 57.593465429 -0.939963006 -40.055424779 0.466198646 0.658544810 0.406367727 -0.428768967
35.635223000 57.505367421 -0.831580553 -40.178859635 0.463573723 0.663165561 0.400915978 -0.429624511
35.735028000 57.434359085 -0.713848462 -40.297196475 0.461185166 0.669210329 0.393424031 -0.429747960
35.834915000 57.345609487 -0.608406484 -40.419349275 0.459512080 0.673967450 0.388533014 -0.428554106
35.934961000 57.269814917 -0.503264223 -40.538789377 0.457746940 0.677355803 0.383629367 -0.429517594
36.035134000 57.191451896 -0.400893198 -40.661894424 0.455062199 0.681319831 0.378023060 -0.431068728
36.135517000 57.104384552 -0.301103454 -40.789160055 0.454881617 0.683288427 0.375288969 -0.430532031
36.235712000 57.017391297 -0.211639757 -40.912018716 0.454089334 0.685710997 0.370095356 -0.432010107
36.335740000 56.907154401 -0.134212014 -41.041707240 0.455413724 0.686291986 0.366803835 -0.432500401
36.435496000 56.815188258 -0.059194905 -41.164492318 0.459036836 0.683521812 0.359938067 -0.438779790
36.535285000 56.717451200 0.022753956 -41.288959506 0.492079920 0.663970914 0.332064282 -0.454679327
36.635175000 56.638931925 0.092417878 -41.375688628 0.496154209 0.655682122 0.314589524 -0.474284078
36.735054000 56.551209863 0.177975351 -41.479376753 0.484754797 0.650341781 0.323936400 -0.486963616
36.835293000 56.485581131 0.271812633 -41.571092105 0.462754676 0.651744612 0.339340515 -0.495918425
36.935668000 56.389109695 0.366777566 -41.693525891 -0.446257115 -0.649994732 -0.354547285 0.502650632
37.035841000 56.337158944 0.453072354 -41.757898178 -0.438378946 -0.648554012 -0.352829366 0.512555394
37.135794000 56.243086773 0.520875050 -41.864908896 -0.433403415 -0.641685218 -0.354287623 0.524291752
37.235575000 56.179222551 0.624524174 -41.976271845 -0.429462135 -0.634484329 -0.353960568 0.536380301
37.335320000 56.056005314 0.685577369 -42.073193812 -0.433113987 -0.626987276 -0.353617213 0.542451931
37.434923000 56.034425336 0.758149803 -42.162406705 -0.427741544 -0.629519379 -0.346616825 0.548269368
37.534561000 56.000311475 0.843312405 -42.235151105 -0.425167276 -0.633054341 -0.338433165 0.551305706
37.634233000 55.932711750 0.888273706 -42.300523291 -0.429465408 -0.632928318 -0.330321469 0.553036106
37.734269000 55.780969795 0.916623554 -42.448576385 -0.432634997 -0.626844828 -0.336200803 0.553950847
37.834550000 55.633387867 0.968298234 -42.602813646 -0.434607565 -0.621914339 -0.341088977 0.554974890
37.934710000 55.516331788 0.933960277 -42.685942809 -0.454037094 -0.616230906 -0.324000810 0.555997539
38.034627000 55.608734197 0.969452830 -42.698590529 -0.489856400 -0.610817937 -0.264094530 0.563201771
38.134443000 55.592643051 1.047305929 -42.734807529 -0.521266531 -0.603180567 -0.222253571 0.561300059
38.234064000 55.569439090 1.129333667 -42.778861636 -0.531774403 -0.606088708 -0.200880559 0.556344735
38.333714000 55.498819907 1.242783561 -42.866345285 -0.520932924 -0.618642908 -0.209697002 0.549487952
38.433658000 55.467480151 1.282262159 -42.767354930 -0.517033365 -0.634196735 -0.206699660 0.536419846
38.533874000 55.556463015 1.371474000 -42.721404925 -0.486102899 -0.657986956 -0.214312438 0.533692155
38.634055000 55.494484718 1.444397217 -42.810022784 -0.465705214 -0.665032990 -0.252265211 0.526509296
38.734305000 55.469840667 1.605039133 -43.003922393 -0.454604684 -0.661374152 -0.278649858 0.527515942
38.834532000 55.456678752 1.718283639 -42.986445456 -0.445834753 -0.674643238 -0.282241899 0.516166045
38.934718000 55.405353305 1.795025831 -43.004861579 -0.442133598 -0.681047989 -0.274282904 0.515228500
39.034715000 55.415504622 1.878173401 -42.980749115 -0.438801571 -0.690759136 -0.260272099 0.512409437
39.134702000 55.252251766 1.933011665 -43.070836801 -0.442609563 -0.690349653 -0.265105028 0.507181876
39.234548000 55.198038489 2.034811107 -43.190685006 -0.449784505 -0.685732285 -0.271904034 0.503520932
39.334511000 55.151227332 2.117885033 -43.261164722 0.463179290 0.677679609 0.279264202 -0.498223643
39.434784000 55.099614252 2.231049854 -43.341490375 -0.482524328 -0.669542118 -0.260415559 0.501066226
39.534750000 55.022174376 2.344408606 -43.429983926 -0.502590953 -0.661966335 -0.223549459 0.509144914
39.634591000 54.972263648 2.481596188 -43.486026445 -0.487582067 -0.673875860 -0.229956801 0.505247389
39.734346000 54.894577269 2.596081294 -43.523811121 -0.464408584 -0.690168828 -0.223928181 0.507787185
39.833992000 54.809756542 2.709679496 -43.577374912 -0.468050695 -0.691689331 -0.199352830 0.512594251
39.933569000 54.730317199 2.842215476 -43.663099893 -0.485051964 -0.685341681 -0.173156440 0.514828341
40.033191000 54.663587112 2.925878508 -43.719555803 -0.494094169 -0.679033157 -0.154822576 0.520398783
40.133205000 54.598756208 3.018522408 -43.782581722 -0.498681554 -0.674711954 -0.141012218 0.525543566
40.233134000 54.513193928 3.121722604 -43.865866656 -0.475973159 -0.683301649 -0.160684744 0.529838486
40.333185000 54.432801982 3.226389968 -43.916394475 -0.453943196 -0.691632047 -0.185683922 0.530190689
40.433237000 54.359338917 3.332417848 -43.953745362 -0.439857962 -0.695721181 -0.190944020 0.534824637
40.533130000 54.273470994 3.417725551 -44.024320957 -0.434686092 -0.694277305 -0.194108070 0.539767619
40.632976000 54.185845148 3.498514098 -44.109842902 -0.435371161 -0.691335375 -0.190344630 0.544312661
40.732882000 54.071649759 3.587097644 -44.202621194 -0.437024320 -0.689324009 -0.192152484 0.544903273
40.832950000 53.878794275 3.689730954 -44.225336366 -0.445298493 -0.690649874 -0.211088626 0.529295376
40.933150000 53.835396185 3.806601390 -44.278831473 -0.450486237 -0.689662605 -0.194123594 0.532675954
41.033403000 53.715713510 3.891560609 -44.306187448 -0.464222422 -0.687964896 -0.174747048 0.529778552
41.133579000 53.606425992 3.956408322 -44.391930705 -0.455736265 -0.692523811 -0.186855222 0.527067694
41.233713000 53.512832874 4.038044022 -44.461966699 -0.443282968 -0.699109398 -0.188332336 0.528466831
41.333851000 53.428965042 4.112837080 -44.539097653 -0.445455877 -0.697604410 -0.178934013 0.531883228
41.434033000 53.336811172 4.206759624 -44.555035243 -0.472779765 -0.685699840 -0.149432901 0.532883506
41.534156000 53.237852843 4.270440791 -44.598134215 -0.511674062 -0.664430293 -0.110400145 0.533417142
41.634245000 53.156839546 4.345953315 -44.644555880 -0.532128299 -0.652303108 -0.081891742 0.533510891
41.734176000 53.063953963 4.436248462 -44.667971343 -0.528995997 -0.655775004 -0.084849749 0.531904972
41.834057000 53.007946233 4.543104721 -44.659536305 -0.502399042 -0.671099460 -0.105202618 0.534932824
41.933965000 52.924139937 4.618120835 -44.700833761 -0.493540906 -0.671160225 -0.111931553 0.541694244
42.033842000 52.832913738 4.709746773 -44.708902362 -0.454053323 -0.686098456 -0.146895726 0.549113953
42.133998000 52.743241503 4.801740085 -44.729533319 -0.435342005 -0.689795559 -0.162147096 0.555308693
42.234316000 52.652394723 4.887936490 -44.749702355 -0.429777761 -0.689040889 -0.171094878 0.557889122
42.334629000 52.570708846 4.977135557 -44.779475644 -0.446300480 -0.680067923 -0.201659271 0.545579545
42.434867000 52.489790152 5.054831691 -44.823029728 -0.437421144 -0.681814276 -0.200055394 0.551153223
42.535128000 52.398796152 5.151480961 -44.842082993 -0.419628248 -0.689102241 -0.209383432 0.552457069
42.635421000 52.318095300 5.257673109 -44.852705438 -0.398012745 -0.698416691 -0.203728197 0.558833430
42.735763000 52.241843564 5.352504216 -44.873878558 -0.401753998 -0.698667932 -0.193489484 0.559480711
42.836087000 52.160216149 5.459452775 -44.893911964 -0.408787212 -0.698147780 -0.193280159 0.555090508
42.936376000 52.085166174 5.544650140 -44.936114394 -0.414649971 -0.695456230 -0.180354814 0.558460540
43.036487000 51.983352990 5.612019527 -44.973705298 -0.420403884 -0.694472320 -0.170041554 0.558618512
43.136341000 51.895954939 5.668926552 -45.007836429 -0.437126683 -0.691822009 -0.184435112 0.544321835
43.235901000 51.823573287 5.738702944 -45.043122017 -0.443288099 -0.693140179 -0.186852981 0.536785169
43.335375000 51.737325611 5.820626238 -45.081062632 -0.436857688 -0.698867319 -0.175319406 0.538519207
43.434817000 51.637943409 5.905937669 -45.144312134 -0.432004622 -0.702457391 -0.176642770 0.537329463
43.534332000 51.556611521 5.979158453 -45.161354456 -0.450996728 -0.699429869 -0.202272327 0.516222544
43.633905000 51.463932416 6.032012841 -45.206799660 -0.457558481 -0.697305826 -0.203858892 0.512685453
43.733590000 51.366438265 6.070710621 -45.272053734 -0.459657558 -0.695940030 -0.210158388 0.510113572
43.833480000 51.272374775 6.166204627 -45.322846647 -0.458144953 -0.699011936 -0.207811865 0.508231979
43.933771000 51.173798585 6.244138114 -45.375055021 0.468626931 0.696532055 0.221926915 -0.495964051
44.034226000 51.066865601 6.317410953 -45.438500794 -0.462032082 -0.700384711 -0.211753650 0.501146688
44.134649000 50.940424140 6.359123515 -45.501446777 -0.460835641 -0.700770450 -0.210614717 0.502187942
44.234605000 50.819114083 6.420261503 -45.584637504 -0.453469886 -0.703516233 -0.200236908 0.509249599
44.334415000 50.674392881 6.489032206 -45.635008020 -0.443096884 -0.710090343 -0.184913091 0.515018451
44.434097000 50.546689806 6.563052423 -45.706486514 -0.428413610 -0.716157048 -0.163306393 0.526224176
44.533793000 50.416270892 6.628405454 -45.783411789 -0.427935057 -0.715477162 -0.137713982 0.534788627
44.633678000 50.302481463 6.699583418 -45.861934702 -0.440490033 -0.709829625 -0.125065647 0.535228006
44.733707000 50.203743089 6.761511135 -45.912070224 -0.455588018 -0.702137699 -0.105779366 0.536891921
44.833787000 50.064568068 6.828104071 -45.960936767 -0.435782631 -0.709711942 -0.128522455 0.538409172
44.933890000 49.980036233 6.905849406 -45.997400036 -0.419077609 -0.714436231 -0.133665676 0.544139979
45.034015000 49.837809720 6.957860181 -46.063159336 -0.414958031 -0.712878904 -0.141039155 0.547468225
45.134339000 49.714227427 7.010988117 -46.116957485 -0.413190504 -0.711288917 -0.145214586 0.549776689
45.234503000 49.598892067 7.059507116 -46.172077295 -0.415656617 -0.708540150 -0.152705130 0.549437508
45.334713000 49.504573196 7.123505730 -46.229924688 -0.409105368 -0.709431870 -0.145513053 0.555126265
45.434748000 49.388051723 7.173583935 -46.277650110 -0.410253195 -0.708530069 -0.147546680 0.554894075
45.534582000 49.237999641 7.212047444 -46.304803565 -0.412115731 -0.711195276 -0.149511051 0.549552863
45.634333000 49.136286632 7.267956700 -46.348638199 -0.410969700 -0.713909096 -0.147966198 0.547305867
45.734132000 49.026536683 7.353132305 -46.396388129 -0.417094520 -0.714855852 -0.155356835 0.539330628
45.833970000 48.891473255 7.370029433 -46.463240443 -0.428564644 -0.712149196 -0.170708806 0.529182739
45.934065000 48.793399120 7.422643115 -46.505187631 -0.431822946 -0.714704691 -0.174800601 0.521700007
46.034169000 48.683861584 7.474297675 -46.529079790 -0.437559330 -0.718121784 -0.176944903 0.511403400
46.134502000 48.554846014 7.526466448 -46.574401433 -0.443511273 -0.717524041 -0.178723071 0.506473164
46.234844000 48.444593335 7.576069608 -46.614889706 -0.453546348 -0.716046512 -0.172833638 0.501698751
46.335030000 48.330945578 7.636229090 -46.658768287 -0.449798110 -0.719091257 -0.145746550 0.509261590
46.435040000 48.189086147 7.688969685 -46.722638917 -0.427232107 -0.725794432 -0.118418425 0.525996431
46.535062000 48.054512076 7.748769007 -46.766970447 -0.414414285 -0.730166155 -0.109582115 0.532080771
46.634888000 47.939976953 7.828998745 -46.801660215 -0.406522486 -0.734420473 -0.099250926 0.534336309
46.734527000 47.826005454 7.913452812 -46.843998669 -0.400537502 -0.738445172 -0.090893267 0.534796084
46.834115000 47.723569646 7.992372437 -46.883088223 -0.396827691 -0.741759865 -0.082523408 0.534331332
46.933856000 47.597870226 8.078576403 -46.950950511 -0.414335800 -0.740257734 -0.104096681 0.519141805
47.033881000 47.458665640 8.167770543 -47.036570747 -0.426901204 -0.739485117 -0.129683686 0.504082598
47.134109000 47.308013852 8.241293768 -47.113489446 0.420941670 0.744892471 0.136857736 -0.499212656
47.234293000 47.173106616 8.296584494 -47.163369700 0.417561496 0.749588062 0.132691686 -0.496138136
47.334488000 47.008980702 8.353287405 -47.243804095 0.412843223 0.753442918 0.129043206 -0.495209141
47.434426000 46.855004051 8.429939470 -47.338282433 0.407001679 0.757436641 0.131262795 -0.493365430
47.534350000 46.683207007 8.509569379 -47.426710556 0.410804538 0.757414201 0.142491837 -0.487092841
47.634381000 46.525117612 8.547261972 -47.515703308 0.412252006 0.757705348 0.150685605 -0.482933472
47.734575000 46.397844726 8.645451567 -47.567517721 0.409573663 0.762165061 0.143219951 -0.480460071
47.834980000 46.270433990 8.757025154 -47.625890523 0.398469454 0.771516253 0.129626476 -0.478729299
47.935351000 46.120026000 8.845095165 -47.702479857 0.386716456 0.779444934 0.115514933 -0.479137013
48.035599000 45.960019335 8.927078074 -47.773109820 0.362237388 0.787549400 0.076742710 -0.492605900
48.136029000 45.816002506 9.003973450 -47.892676843 -0.341822636 -0.790520506 -0.043642355 0.506290390
48.236130000 45.689810120 9.078495080 -48.009462220 -0.329554328 -0.789886974 -0.024219481 0.516610036
48.336167000 45.546008854 9.141348365 -48.097633508 -0.324623206 -0.790215292 -0.015022572 0.519570870
48.436247000 45.325768914 9.157674865 -48.153475417 -0.325851221 -0.791112369 -0.016884338 0.517375223
48.536351000 45.139113930 9.220317491 -48.195925140 -0.328158584 -0.792183064 -0.009713962 0.514454639
48.636353000 44.971253505 9.277974844 -48.265869523 -0.328431609 -0.791976930 -0.006368487 0.514650039
48.736251000 44.854949407 9.361689472 -48.335881769 -0.320257764 -0.793770114 -0.002310928 0.517067336
48.836072000 44.682347281 9.445689794 -48.434320799 -0.324365159 -0.793126580 0.003306747 0.515486699
48.935879000 44.540009903 9.454186976 -48.489989684 -0.331168939 -0.792659253 0.008595358 0.511805200
49.035744000 44.355545461 9.494423321 -48.577000672 -0.332565502 -0.796903910 0.008679166 0.504250947
49.135606000 44.200907835 9.502522591 -48.664438707 0.331117728 0.801921933 -0.010800948 -0.497157524
49.235286000 44.093704754 9.555124310 -48.731328213 0.322996889 0.814281039 -0.018892032 -0.481936190
49.334894000 43.962533295 9.588283374 -48.809459277 0.315516005 0.828412588 -0.024552050 -0.462146548
49.434450000 43.859931137 9.656967053 -48.872528349 0.307448363 0.842609541 -0.036292413 -0.440644445
49.534154000 43.724470249 9.764784498 -49.009590123 0.297861797 0.853189926 -0.050617742 -0.425186012
49.634480000 43.612694144 9.850944111 -49.033141266 0.291568607 0.865497815 -0.065571526 -0.401997082
49.735334000 43.502520811 9.887842433 -49.122202853 0.285805082 0.872973907 -0.072183309 -0.388614955
49.836340000 43.376586548 9.947400863 -49.233280080 0.281507669 0.877888358 -0.082682041 -0.378456262
49.936987000 43.249056735 9.967676560 -49.325537122 0.280371802 0.881358731 -0.088609833 -0.369792829
50.037160000 43.135659568 9.997509934 -49.436467368 0.278439059 0.883248747 -0.092767504 -0.365701423
50.137073000 43.016527690 10.009459738 -49.538657034 0.276606129 0.885230327 -0.094740380 -0.361774208
50.236609000 42.895802235 10.015333059 -49.663304188 0.271306790 0.887415372 -0.099538031 -0.359136136
50.335836000 42.784625550 10.011932784 -49.804686128 0.271591590 0.887901030 -0.098702760 -0.357949067
50.435087000 42.664192627 9.981369502 -49.927756366 0.272873763 0.888944708 -0.095839433 -0.355150698
50.534290000 42.560335672 10.007634428 -50.049293862 0.267158042 0.890446438 -0.101147075 -0.354261189
50.633573000 42.450011385 10.001656501 -50.147194841 0.266131822 0.892096155 -0.103176173 -0.350275578
50.733109000 42.332618068 10.009096602 -50.269919831 0.263985708 0.893316913 -0.104958966 -0.348252859
50.832800000 42.229504821 10.000930407 -50.377354384 0.261063665 0.895378615 -0.108930740 -0.343914222
50.932707000 42.130352368 9.984256780 -50.473452233 0.259150387 0.897562957 -0.112489564 -0.338478823
51.032939000 42.032881833 9.964790213 -50.584026211 0.255128828 0.900047463 -0.113738052 -0.334495892
51.133514000 41.933123666 9.925325274 -50.681036453 0.250327322 0.904444743 -0.115861572 -0.325410564
51.233829000 41.841933319 9.911578552 -50.778228447 0.244915035 0.909824077 -0.119645549 -0.312924460
51.334005000 41.742312148 9.890214561 -50.874376849 0.226082551 0.916409547 -0.117212438 -0.308774135
51.434093000 41.652940950 9.819892961 -50.993863469 0.224255493 0.918457446 -0.113856973 -0.305257241
51.534109000 41.572397962 9.775599082 -51.094588264 0.232026639 0.918260436 -0.118507972 -0.298189990
51.633761000 41.497060803 9.726765200 -51.191601404 0.227347086 0.915216126 -0.144128699 -0.299866076
51.733159000 41.422403663 9.689111329 -51.291193310 0.226930794 0.913670230 -0.152803096 -0.300599965
51.832641000 41.353921729 9.663310437 -51.378419375 0.228946259 0.914158956 -0.150125633 -0.298930273
51.932205000 41.294677446 9.645219134 -51.468884794 0.234742010 0.914520328 -0.140959139 -0.297790663
52.031845000 41.234556499 9.584752006 -51.539695037 0.238887503 0.914582102 -0.133042093 -0.297946539
52.131776000 41.169822512 9.556967815 -51.621030907 0.235031544 0.911827802 -0.146999830 -0.302855218
52.231622000 41.113595537 9.516435623 -51.694324043 0.235115440 0.911809038 -0.145207397 -0.303710093
52.331485000 41.064995583 9.482989463 -51.740185457 0.234823001 0.914296156 -0.140272673 -0.298737802
52.431365000 41.002007091 9.440419781 -51.844109464 0.229410117 0.918088125 -0.136877858 -0.292830403
52.531000000 40.955307976 9.398646957 -51.905376817 0.222614213 0.922966455 -0.139674849 -0.281188142
52.630457000 40.907976827 9.350007206 -51.967058809 0.214016466 0.928746931 -0.143067125 -0.266754359
52.729843000 40.861982047 9.318502738 -52.026922645 0.206331941 0.933484981 -0.148456590 -0.252969486
52.829442000 40.812139064 9.282431374 -52.085313589 0.196974442 0.938025114 -0.152155045 -0.241161351
52.929337000 40.759187916 9.210379886 -52.152500544 0.181444017 0.944328526 -0.150363901 -0.229591815
53.029625000 40.719673795 9.155147223 -52.241508406 0.146106503 0.950633518 -0.146045951 -0.231558597
53.130363000 40.675677761 9.117444843 -52.310653526 0.110828492 0.956388858 -0.145149296 -0.227967277
53.230914000 40.660897933 9.053684205 -52.416340857 0.110725706 0.958094019 -0.152761790 -0.215544670
53.331283000 40.629918372 9.018542315 -52.508116565 0.133039987 0.956322326 -0.175823530 -0.191922008
53.431397000 40.612344459 8.936057662 -52.581480236 0.147972788 0.954521274 -0.191632223 -0.173983570
53.531255000 40.595549986 8.896942945 -52.662193957 0.154543131 0.955639000 -0.192608906 -0.160537634
53.631072000 40.582054142 8.843445128 -52.729814309 0.157573811 0.957487533 -0.187017877 -0.153011218
53.731066000 40.602328782 8.716672285 -52.799147992 0.158589969 0.956572621 -0.189921608 -0.154103296
53.831039000 40.599233412 8.642432462 -52.875408961 0.160700158 0.958267946 -0.179922363 -0.153381699
53.931173000 40.554782559 8.652203215 -52.932208305 0.158713908 0.959143862 -0.182709523 -0.146527051
54.031587000 40.549122665 8.598246886 -52.999087027 0.158150289 0.957139386 -0.191188247 -0.149397914
54.132189000 40.552374877 8.550104518 -53.073280694 0.155624832 0.952204167 -0.212127872 -0.155209222
54.232617000 40.512484744 8.532917402 -53.105759371 0.154937798 0.950745188 -0.221724919 -0.151380073
54.332925000 40.479334381 8.492363825 -53.113843355 0.153907477 0.953552297 -0.215339776 -0.143802943
54.432997000 40.483376212 8.472487306 -53.191897956 0.147381837 0.955709266 -0.212977122 -0.139782471
54.532685000 40.497815717 8.379868104 -53.226505945 0.121910508 0.960968560 -0.206290251 -0.138280826
54.632050000 40.493022948 8.346109204 -53.271027239 0.115596206 0.961157175 -0.217950709 -0.123741226
54.731665000 40.500489272 8.307834755 -53.315122552 0.120717138 0.956496531 -0.243257629 -0.106618409
54.831600000 40.509428451 8.284057068 -53.364832231 0.124111400 0.959652958 -0.234970235 -0.091932313
54.931640000 40.532688770 8.231651198 -53.405725849 0.128785722 0.963343438 -0.219710532 -0.084326389
55.031715000 40.553340946 8.190569740 -53.468856198 0.131138062 0.966260167 -0.206361735 -0.080987233
55.131868000 40.514204427 8.168460248 -53.527909657 0.133467312 0.964749119 -0.214041407 -0.075045927
55.231799000 40.562190964 8.157374572 -53.577581656 0.132316667 0.959296445 -0.235947777 -0.081063418
55.331722000 40.538874786 8.165160018 -53.621704756 0.124734252 0.957903007 -0.245820750 -0.080220664
55.431773000 40.585073031 8.144479409 -53.610732905 0.126617988 0.958357469 -0.242454991 -0.082063533
55.531874000 40.605378290 8.143081533 -53.684607134 0.122592940 0.958522604 -0.241969435 -0.087499611
55.631805000 40.624490306 8.141689984 -53.678539487 0.126780019 0.960928733 -0.231385221 -0.083687970
55.731613000 40.578605384 8.090910698 -53.672732073 0.104369246 0.964726251 -0.225090918 -0.088002271
55.831420000 40.584232153 8.096269879 -53.707168152 0.111700807 0.968291662 -0.207653379 -0.082548535
55.931328000 40.585634944 8.076730522 -53.703849359 0.120549713 0.973995496 -0.177355946 -0.073112307
56.031388000 40.635067288 8.107540554 -53.682165454 0.122683098 0.975404306 -0.168532304 -0.071639095
56.131610000 40.659988441 8.132846575 -53.701020144 0.123764178 0.975986792 -0.165434111 -0.069020037
56.231848000 40.735250880 8.157823759 -53.750578964 0.127320129 0.974668751 -0.168601974 -0.073374274
56.332119000 40.772878623 8.171686503 -53.771300442 0.134992655 0.973489118 -0.168596496 -0.075306985
56.432579000 40.795637294 8.172839625 -53.780235357 0.135804607 0.973362917 -0.170301326 -0.071548576
56.532944000 40.838451141 8.168512414 -53.802128830 0.133875901 0.973222759 -0.173463205 -0.069463806
56.633213000 40.872748543 8.161922566 -53.813989520 0.132059133 0.973573887 -0.174711315 -0.064731974
56.733266000 40.918178907 8.145385478 -53.829221450 0.130502423 0.973614994 -0.177447214 -0.059627571
56.833210000 40.970413982 8.118722205 -53.842670215 0.126855265 0.974049326 -0.179533695 -0.053882322
56.933104000 40.990514640 8.099847964 -53.850393335 0.122373986 0.974944056 -0.180438112 -0.044167676
57.033014000 41.020396986 8.087498023 -53.855184625 0.120297119 0.975013434 -0.183268582 -0.035917045
57.132813000 41.078411818 8.065030524 -53.871760462 0.115504878 0.975369511 -0.185370638 -0.030832894
57.232484000 41.127809782 8.048275333 -53.876367871 0.112042934 0.975466057 -0.188020457 -0.023678281
57.332344000 41.182385794 8.013490799 -53.887929424 0.108119238 0.975534093 -0.190805205 -0.015389549
57.432174000 41.226433826 7.994741803 -53.899844110 0.105865511 0.975325958 -0.193539413 -0.008617669
57.532117000 41.266008425 7.958767182 -53.894880635 0.105840186 0.975326596 -0.193705140 -0.003768785
57.631948000 41.302256567 7.941489827 -53.902791569 0.105453001 0.974936775 -0.195902523 -0.000388230
57.731580000 41.332418840 7.884065459 -53.894835513 0.104403961 0.975596152 -0.193143973 0.002714108
57.831107000 41.371123805 7.863180917 -53.900205864 0.104788701 0.975044471 -0.195654819 0.005176910
57.930559000 41.411576726 7.836072478 -53.906249526 0.105048984 0.974844126 -0.196465201 0.006713056
58.029978000 41.454497878 7.800406305 -53.913762383 0.110439433 0.973946823 -0.197880413 0.008605809
58.129543000 41.489621805 7.741533366 -53.907638080 0.151406684 0.968229846 -0.197790067 0.022047002
58.229213000 41.536994208 7.734157504 -53.902658538 0.188059488 0.959974284 -0.205360299 0.030168697
58.329179000 41.557417101 7.683598639 -53.901947505 0.202543561 0.957582776 -0.203291639 0.026150391
58.429478000 41.574377141 7.657658076 -53.905901416 0.189828517 0.960563283 -0.202918964 0.010354125
58.529999000 41.603727843 7.619959866 -53.918492162 0.158255297 0.966722746 -0.200520921 -0.013919516
58.630392000 41.615898719 7.596834050 -53.919617301 0.142629947 0.968952365 -0.199372540 -0.032227359
58.730682000 41.628997485 7.564223685 -53.919766117 0.140033259 0.969052700 -0.198210744 -0.045166928
58.830783000 41.726445140 7.487693921 -53.924215977 0.135783742 0.969255784 -0.195274407 -0.063038930
58.930605000 41.693726378 7.501958564 -53.958447471 0.136669096 0.967942042 -0.202046319 -0.059891960
59.030143000 41.678236800 7.474734931 -53.910160724 0.145207864 0.968125346 -0.195788530 -0.057574670
59.129827000 41.681335233 7.482805519 -53.971968378 0.146953495 0.967371612 -0.199653352 -0.052300795
59.229538000 41.727988787 7.437938285 -53.931134923 0.146494669 0.966094812 -0.204628101 -0.057684194
59.329387000 41.752610549 7.385599725 -53.932368710 0.152958679 0.964313046 -0.207675248 -0.059791171
59.429461000 41.775268376 7.370432485 -53.942982686 0.174137565 0.959409445 -0.214538483 -0.056416889
59.529644000 41.766926784 7.379093196 -53.947884447 0.193647353 0.953752690 -0.223806350 -0.052604441
59.629799000 41.729904636 7.355746835 -54.021513740 0.209887879 0.948421206 -0.232155479 -0.050478987
59.730012000 41.691146582 7.351875753 -54.001493104 0.241137959 0.939317380 -0.240390391 -0.041806753
59.830184000 41.687516210 7.323757702 -54.014303044 0.277708678 0.929608408 -0.240042427 -0.032950442
59.930218000 41.680548650 7.298805158 -54.031474407 0.291305165 0.926396689 -0.236194734 -0.033801243
60.030393000 41.674701745 7.285648168 -54.044200931 0.297432170 0.925412627 -0.232160364 -0.035314860
60.131054000 41.653881232 7.265234573 -54.040976402 0.297230011 0.926352039 -0.227908028 -0.039801394
60.231923000 41.629808646 7.243137641 -54.030974843 0.287207149 0.930129759 -0.223602539 -0.048709242
60.333017000 41.602951974 7.231899821 -54.026343522 0.277675073 0.933363518 -0.219309262 -0.060270598
60.433953000 41.572095466 7.229640794 -54.024313301 0.277558689 0.933366700 -0.216642920 -0.069667936
60.534406000 41.538255370 7.233002617 -54.024916377 0.275924058 0.933491297 -0.213881668 -0.081942326
60.634320000 41.495234583 7.239454015 -54.023811415 0.273839213 0.933829835 -0.209513211 -0.095279268
60.733846000 41.445497080 7.204775298 -54.028852165 0.256367274 0.938049850 -0.198329757 -0.122489209
60.833166000 41.399577774 7.173624626 -54.054754826 0.256402605 0.937004351 -0.190248448 -0.141725362
60.932542000 41.369927014 7.201940015 -54.078536980 0.275375054 0.929771903 -0.193163436 -0.149601721
61.031960000 41.330374799 7.215673257 -54.095323134 0.287782177 0.924305445 -0.192116535 -0.161034470
61.131780000 41.284508635 7.250471845 -54.123966832 0.262327065 0.928325363 -0.181204922 -0.191210113
61.231818000 41.238715299 7.293181993 -54.147491095 0.246123669 0.929045962 -0.172694589 -0.215576714
61.331958000 41.135052218 7.314440609 -54.164109384 0.243324411 0.928506728 -0.163041504 -0.228223476
61.432062000 41.124936673 7.331804974 -54.199372840 0.236713048 0.924831334 -0.157301521 -0.252804606
61.532096000 41.062866132 7.374122845 -54.225044643 0.217659758 0.923215112 -0.147438358 -0.280285600
61.632243000 40.989580330 7.421905649 -54.248967506 0.199379289 0.918724847 -0.145472233 -0.308269985
61.732414000 40.942767865 7.428270440 -54.273871477 0.190579091 0.910712035 -0.144706647 -0.336664798
61.832577000 40.909646880 7.426972377 -54.295738550 0.189875981 0.900840511 -0.147083073 -0.361662904
61.932813000 40.880667563 7.443219147 -54.318168154 0.189345761 0.892109496 -0.145313220 -0.383631201
62.032987000 40.862030997 7.462706174 -54.336021802 0.196533308 0.883291452 -0.143146968 -0.400848869
62.133068000 40.863719959 7.470363894 -54.354809066 0.219272123 0.874868185 -0.138150803 -0.409194026
62.232883000 40.867514483 7.463140219 -54.365354304 0.235366863 0.870211970 -0.120316385 -0.415761391
62.332706000 40.875247320 7.457465978 -54.353145212 0.256850725 0.866106599 -0.113622264 -0.413493707
62.432526000 40.917538119 7.459987113 -54.383512118 0.300921408 0.860060039 -0.107005180 -0.397860436
62.532284000 40.955169921 7.448143211 -54.397387374 0.318539064 0.858942922 -0.105228725 -0.386880908
62.632031000 40.979927639 7.441745709 -54.387982567 0.331563490 0.861252453 -0.109873376 -0.369103922
62.731680000 41.031241926 7.421107827 -54.417608298 0.336413379 0.866819057 -0.115731061 -0.349366688
62.831420000 41.092514585 7.397256650 -54.439172788 0.334991961 0.876649966 -0.122463309 -0.322905498
62.931303000 41.120553336 7.380411524 -54.451608892 0.324873571 0.889496027 -0.126856474 -0.295231124
63.031438000 41.154463535 7.366693065 -54.473383250 0.304123035 0.902191502 -0.130186366 -0.276787254
63.131971000 41.180547854 7.353031964 -54.482008899 0.297315066 0.911326994 -0.135314788 -0.250552926
63.232469000 41.201487297 7.331877410 -54.478420120 0.302098494 0.915827376 -0.142751311 -0.222752734
63.332982000 41.230531967 7.325499763 -54.482181587 0.301805057 0.918570634 -0.148397896 -0.207652985
63.433644000 41.252413359 7.306851479 -54.486515825 0.292512866 0.922251360 -0.149099147 -0.204103151
63.534166000 41.245414308 7.293289307 -54.465633247 0.280907614 0.926767440 -0.146122805 -0.202091935
63.634332000 41.268831552 7.270220998 -54.470454761 0.267720148 0.930262259 -0.139959109 -0.208205425
63.734304000 41.297760340 7.241892053 -54.480876663 0.264487098 0.929553982 -0.141523391 -0.214352744
63.834110000 41.305247481 7.222944636 -54.469202917 0.259806644 0.930591729 -0.141241250 -0.215755535
63.933889000 41.307356198 7.186416960 -54.491898735 0.258321140 0.929828220 -0.144203266 -0.218849462
64.033608000 41.338291223 7.249132890 -54.450327867 0.249326482 0.931735633 -0.153892957 -0.214527327
64.133383000 41.384728838 7.175890811 -54.404357518 0.235937488 0.935131267 -0.148999411 -0.218316722
64.233067000 41.364783029 7.232926333 -54.410847409 0.226463897 0.936961433 -0.158855875 -0.213499854
64.332879000 41.406450725 7.209491636 -54.355100194 0.234578376 0.936325249 -0.163767154 -0.203588637
64.432654000 41.468357188 7.184382754 -54.342840299 0.241276648 0.934004488 -0.171450128 -0.200065112
64.532558000 41.497758472 7.173050904 -54.341934096 0.238374620 0.934089213 -0.174715399 -0.200323270
64.632741000 41.516244757 7.031136321 -54.309496561 0.244326356 0.933354869 -0.165679451 -0.204214689
64.732995000 41.422873743 6.901496376 -54.291553079 0.253055420 0.934299496 -0.154713019 -0.197765740
64.833110000 41.431791531 6.936933226 -54.281982991 0.255985101 0.933595342 -0.162276133 -0.191148689
64.933047000 41.474695663 6.874504975 -54.267609203 0.290078296 0.924034440 -0.176168128 -0.176010585
65.032861000 41.566003265 6.707637034 -54.281999312 0.313458767 0.917938676 -0.172382779 -0.171511997
65.132463000 41.568434861 6.712868707 -54.272431690 0.298692538 0.926262273 -0.166413653 -0.158516452
65.231803000 41.577765969 6.687375565 -54.267553947 0.270354064 0.937186665 -0.158824125 -0.152855263
65.331288000 41.657319503 6.620350635 -54.300567731 0.251517455 0.942937000 -0.156598315 -0.151939963
65.430920000 41.576057742 6.691750939 -54.259021210 0.234298428 0.950709130 -0.162814421 -0.121440768
65.530726000 41.695028153 6.662038250 -54.332253845 0.221980413 0.953367313 -0.167197262 -0.117730784
65.630980000 41.744524036 6.659092431 -54.417628788 0.209478191 0.955953018 -0.171849867 -0.112873106
65.731605000 41.760426262 6.600721913 -54.369540348 0.203210460 0.957853252 -0.176507567 -0.100338103
65.832157000 41.660033042 6.681745848 -54.338213062 0.195738832 0.955514162 -0.206348852 -0.078097041
65.932505000 41.674657734 6.703778669 -54.309187523 0.188969637 0.954078171 -0.221619207 -0.070073161
66.032607000 41.705239973 6.695444177 -54.314033610 0.188127383 0.952563904 -0.229347473 -0.068042872
66.132564000 41.719238939 6.680048347 -54.320021288 0.215483836 0.949303602 -0.223235195 -0.050551314
66.232220000 41.730692196 6.675426267 -54.319134221 0.258976781 0.943540228 -0.205217430 -0.023423747
66.331989000 41.752995315 6.677126581 -54.309464411 0.285229601 0.938386318 -0.194579502 -0.014629080
66.432160000 41.778275382 6.684180393 -54.304458989 0.292734012 0.936766125 -0.189684937 -0.028207284
66.532533000 41.790661353 6.689322999 -54.283096403 0.305118346 0.933373376 -0.183969129 -0.043270033
66.632743000 41.806926396 6.698714141 -54.267640736 0.312807224 0.931771998 -0.175930797 -0.054780824
66.732509000 41.823814852 6.707720203 -54.244556339 0.301558105 0.935876876 -0.166617961 -0.073726768
66.832165000 41.836150107 6.724838698 -54.221357291 0.298131766 0.937097554 -0.158687912 -0.088225681
66.931902000 41.836955735 6.734050780 -54.188655991 0.301391078 0.936705593 -0.151692610 -0.093463379
67.031565000 41.839358800 6.747133799 -54.149154757 0.308586233 0.934380185 -0.151048491 -0.094300375
67.131322000 41.836446576 6.758303240 -54.111686058 0.311536969 0.933351709 -0.151183549 -0.094566580
67.231175000 41.827369684 6.768481839 -54.061655662 0.306681159 0.935317670 -0.147130289 -0.097366324
67.331412000 41.819135108 6.786333580 -54.014917721 0.296506003 0.938360250 -0.142461459 -0.106155374
67.431833000 41.797198047 6.797171175 -53.969417956 0.288285206 0.939720963 -0.137457814 -0.122153593
67.532233000 41.773792037 6.806994872 -53.925560974 0.283340010 0.939530893 -0.130044221 -0.141734398
67.632435000 41.751850923 6.817763244 -53.888075589 0.281332756 0.937504324 -0.123248788 -0.163545895
67.732546000 41.732354224 6.817658842 -53.852013766 0.284990646 0.933622141 -0.116521429 -0.183174196
67.832464000 41.715710689 6.823044092 -53.816608838 0.304400466 0.925579700 -0.112166722 -0.195092800
67.932232000 41.696678831 6.833755922 -53.789933868 0.331198026 0.914493966 -0.110013773 -0.204708633
68.031968000 41.743513197 6.834522030 -53.803920933 0.337221630 0.907926353 -0.107462467 -0.224506409
68.131650000 41.790915940 6.834128724 -53.769334662 0.329173674 0.906599875 -0.104658992 -0.242420820
68.231168000 41.804618384 6.884823826 -53.758780162 0.325043420 0.904397783 -0.109306950 -0.253896468
68.330841000 41.817519807 6.809582010 -53.785701263 0.325819936 0.900293474 -0.101907663 -0.270051585
68.430864000 41.814421849 6.803657972 -53.807963939 0.325086839 0.897344732 -0.100383560 -0.281094504
68.531314000 41.814815735 6.809892926 -53.779734652 0.321354002 0.897097840 -0.096962144 -0.287307176
68.631987000 41.795936586 6.800133361 -53.776357791 0.318972381 0.895787351 -0.093973162 -0.294941837
68.732866000 41.803904255 6.826365356 -53.790792131 0.313300848 0.894080182 -0.094872027 -0.305716380
68.833637000 41.804515106 6.842061687 -53.781657229 0.307523293 0.893002640 -0.091824521 -0.315505890
68.934202000 41.776745220 6.790705064 -53.728868260 0.302098360 0.892183186 -0.079132189 -0.326318619
69.034452000 41.738819083 6.826603516 -53.731464556 0.306471956 0.888479209 -0.076789677 -0.332840773
69.134367000 41.612770826 6.729824725 -53.573350191 0.328530937 0.888288091 -0.042993326 -0.318061731
69.233905000 41.612209188 6.762954855 -53.601620865 0.329836091 0.884203270 -0.041333015 -0.328152879
69.333379000 41.555618464 6.795813089 -53.518966726 0.321568673 0.885501752 -0.040149344 -0.332968866
69.433062000 41.527035469 6.811719396 -53.477128929 0.310990403 0.883334776 -0.041014686 -0.348313706
69.533072000 41.436352895 6.779413960 -53.410139168 0.312738401 0.878698588 -0.033182638 -0.359141193
69.633241000 41.424037293 6.921996543 -53.376273404 0.319957615 0.870028167 -0.057629921 -0.370616926
69.733390000 41.342682546 6.969343799 -53.308301292 0.339184688 0.859697216 -0.067689736 -0.375889005
69.833872000 41.306617590 7.039683629 -53.288236497 0.346656847 0.849871212 -0.073816638 -0.389998792
69.934236000 41.176152711 7.095538978 -53.155470299 0.345262730 0.849082066 -0.064565237 -0.394568908
70.034341000 41.171358307 7.124988431 -53.133870548 0.353601101 0.836763852 -0.065764353 -0.412877183
70.134252000 41.147344208 7.137315989 -53.107019266 0.365466586 0.823610235 -0.068025186 -0.428337401
70.233784000 41.137667928 7.153682420 -53.090798260 0.367054532 0.812976875 -0.065348179 -0.447290942
70.333188000 41.124340597 7.152649485 -53.050603072 0.362212564 0.805663484 -0.055543250 -0.465428143
70.432823000 41.128172551 7.153121332 -53.027067646 0.364510135 0.794728970 -0.051395113 -0.482593793
70.532789000 41.088196435 7.165561339 -52.971278035 0.368004616 0.785508082 -0.047669094 -0.495254796
70.632916000 41.078552735 7.151719156 -52.922790888 -0.374831187 -0.772540739 0.043784878 0.510651811
70.733087000 41.094245034 7.100670342 -52.904251283 -0.380432170 -0.756798630 0.038227573 0.530156439
70.833186000 41.086597996 7.113370083 -52.876930409 -0.381343282 -0.743512384 0.032701582 0.548358680
70.933261000 41.062548322 7.163771271 -52.841293559 -0.376491775 -0.731447478 0.031542262 0.567665056
71.033489000 41.052944297 7.260643923 -52.826300105 -0.367692894 -0.717604495 0.033763535 0.590513123
71.133793000 40.783403047 7.131915920 -52.743381392 -0.388503123 -0.700701795 0.002979673 0.598392379
71.233998000 40.762532292 7.162065201 -52.663436080 -0.389647873 -0.682171631 -0.005802855 0.618694374
71.333980000 40.747700109 7.183666511 -52.587150469 -0.386945276 -0.663058490 -0.019246758 0.640512572
71.433606000 40.728904570 7.203955283 -52.509192771 -0.384094243 -0.642115564 -0.035615845 0.662488285
71.533005000 40.702804829 7.229243437 -52.433927257 -0.387414019 -0.616483818 -0.047368032 0.683823332
71.632226000 40.676462441 7.265777287 -52.361659624 -0.391809483 -0.589207765 -0.059711465 0.704098061
71.731833000 40.653366608 7.312643508 -52.284670585 -0.394984599 -0.559226957 -0.067496163 0.725738690
71.832127000 40.625596824 7.372596008 -52.219248070 -0.397861424 -0.525970148 -0.073603434 0.748093727
71.932870000 40.603207261 7.443993914 -52.155977253 -0.417348450 -0.488808705 -0.091986053 0.760542495
72.034068000 40.590071977 7.541508966 -52.094283779 -0.434254560 -0.450266239 -0.106305374 0.772905207
72.135058000 40.579284023 7.636059558 -52.030852237 -0.431116497 -0.413264196 -0.108727904 0.794688312
72.235103000 40.573625188 7.747014668 -51.971758364 -0.426262288 -0.374186608 -0.113864666 0.815671307
72.334597000 40.560992502 7.858911221 -51.907505507 -0.428853015 -0.333138521 -0.117022115 0.831510458
72.433871000 40.544044677 7.967692480 -51.850839586 -0.445213830 -0.292452760 -0.129212792 0.836397084
72.533465000 40.545353553 8.073090346 -51.790545518 -0.445139839 -0.256826176 -0.133287587 0.847422715
72.633491000 40.543692460 8.171187096 -51.725758739 -0.459820470 -0.220401356 -0.143267592 0.848211515
72.733811000 40.540214995 8.269414511 -51.670539804 -0.477240443 -0.186178329 -0.153212695 0.845047371
72.834095000 40.565144176 8.376336441 -51.609056639 -0.468361948 -0.162350444 -0.151098468 0.855247726
72.934220000 40.556845783 8.446102817 -51.597799574 -0.469524454 -0.137171572 -0.155702808 0.858188431
73.034050000 40.570803213 8.522180383 -51.596971343 -0.475927095 -0.117579557 -0.155421930 0.857620238
73.133902000 40.562046239 8.600367666 -51.558196345 -0.451034269 -0.108310382 -0.156463478 0.871984019
73.233641000 40.527794646 8.641189589 -51.497732032 -0.433243608 -0.098315516 -0.157871586 0.881879015
73.333078000 40.495623062 8.661578086 -51.399394229 -0.431084727 -0.090472800 -0.161218783 0.883169935
73.432542000 40.488653799 8.745215541 -51.352155373 -0.430330857 -0.083556985 -0.165667224 0.883395695
73.532319000 40.458521353 8.798115753 -51.334969266 -0.429157611 -0.068747897 -0.169826706 0.884452577
73.632408000 40.437891356 8.825517888 -51.252001355 -0.439553430 -0.053076548 -0.171476856 0.880097353
73.732560000 40.420191921 8.893346117 -51.224725252 -0.435907713 -0.036976225 -0.177115242 0.881616365
73.832612000 40.421514178 8.950441872 -51.179560789 -0.441926452 -0.019421989 -0.181913274 0.878197790
73.932518000 40.405364508 9.001616507 -51.101886409 -0.440595418 0.000043779 -0.184541732 0.878532882
74.032246000 40.437146196 9.066625741 -51.094037289 -0.423883981 0.015252405 -0.185166735 0.886455309
74.132075000 40.459646429 9.136628212 -51.041810947 -0.415301922 0.032433672 -0.186516441 0.889766255
74.231765000 40.443764480 9.191792508 -50.990216996 -0.390533284 0.053026770 -0.187866003 0.899654534
74.331463000 40.491441454 9.269681055 -50.936744246 -0.372039795 0.068919407 -0.184188724 0.907144432
74.431321000 40.518796288 9.337683188 -50.834451891 -0.368526138 0.089525916 -0.184021870 0.906812851
74.531428000 40.522674472 9.371052911 -50.690302719 -0.371046292 0.112624535 -0.181975264 0.903617932
74.631637000 40.493168771 9.442939718 -50.634813418 -0.369481745 0.139763967 -0.184522396 0.899944864
74.731848000 40.499197767 9.531770134 -50.601889349 -0.355451350 0.162921609 -0.184549964 0.901694071
74.832196000 40.497262951 9.617708269 -50.576601318 -0.329580935 0.186603986 -0.180745770 0.907681842
74.932402000 40.541236789 9.696098823 -50.462078902 -0.317160471 0.207518156 -0.177664990 0.908174323
75.032489000 40.584225987 9.752993225 -50.358686933 -0.308320892 0.228024482 -0.166633213 0.908392226
75.132481000 40.635968388 9.814647645 -50.263298898 -0.299100129 0.246558336 -0.148104257 0.909842420
75.232230000 40.693909229 9.874106389 -50.165446785 -0.296484245 0.259727083 -0.151445969 0.906478380
75.331930000 40.760547857 9.935176323 -50.078318146 -0.293179534 0.270365829 -0.156418423 0.903593579
75.431641000 40.834192893 9.991417654 -49.998603876 -0.293531517 0.280116608 -0.167506859 0.898507310
75.531570000 40.909444904 10.050049760 -49.917200254 -0.292103282 0.290114212 -0.174777405 0.894406102
75.631595000 40.992031742 10.108171530 -49.840885225 -0.289633124 0.300859656 -0.181795474 0.890250823
75.731643000 41.081458670 10.165832804 -49.766696401 -0.287914549 0.313584263 -0.187114423 0.885301257
75.831768000 41.172398720 10.222568883 -49.691240417 -0.286029224 0.326719847 -0.188240185 0.880912628
75.931881000 41.266068702 10.281590493 -49.626402938 -0.286605008 0.338564421 -0.195771502 0.874588601
76.031930000 41.286572428 10.306365055 -49.498792904 -0.291153199 0.358935241 -0.198794700 0.864219865
76.132142000 41.327582083 10.439037118 -49.523765042 -0.276888214 0.371647320 -0.211697085 0.860462394
76.232434000 41.397634509 10.463394306 -49.461541997 -0.277496515 0.387704646 -0.213103907 0.852799810
76.332763000 41.499589539 10.514337844 -49.435660177 -0.271649726 0.401040122 -0.212571975 0.848637969
76.432971000 41.530788402 10.575606353 -49.402796079 -0.264106489 0.417942210 -0.216366513 0.841877428
76.532975000 41.606576730 10.617968833 -49.357103602 -0.265592286 0.431983400 -0.213249862 0.835090160
76.632745000 41.682628136 10.624223059 -49.297248659 -0.269961308 0.443189690 -0.216331668 0.826985127
76.732326000 41.756415430 10.646475673 -49.256496441 -0.264314913 0.451663138 -0.224993197 0.821897864
76.831858000 41.831723567 10.660421609 -49.197934505 -0.257061474 0.462125335 -0.218195680 0.820213520
76.931553000 41.908149666 10.678771323 -49.163215652 -0.251649232 0.469476824 -0.214777096 0.818617722
77.031331000 41.974855282 10.684365191 -49.099528315 -0.252519898 0.479666646 -0.213947434 0.812637745
77.131292000 42.051503919 10.700763325 -49.058456364 -0.257568253 0.485200287 -0.235792847 0.801648932
77.231380000 42.114096202 10.728258866 -49.010835274 -0.257242015 0.492787520 -0.248432947 0.793264191
77.331745000 42.240217645 10.669983502 -48.930539415 -0.267006054 0.501599693 -0.234318657 0.788796731
77.432096000 42.338683793 10.664891640 -48.870887322 -0.277200453 0.512399755 -0.212874858 0.784404676
77.532283000 42.384245522 10.681875969 -48.835474643 -0.280381344 0.524331161 -0.186441275 0.782114306
77.632224000 42.426945252 10.697301348 -48.825298889 -0.272592967 0.528113436 -0.179715821 0.783895080
77.732008000 42.492265183 10.713169323 -48.771521096 -0.246645212 0.531132259 -0.189436645 0.788148730
77.831948000 42.566052143 10.727491915 -48.730573591 -0.230013872 0.533905156 -0.195544675 0.789810853
77.931927000 42.629227878 10.745496256 -48.651110989 -0.222078386 0.539700798 -0.198536929 0.787392740
78.031857000 42.689512794 10.759445068 -48.561733393 -0.219798270 0.542506933 -0.200191162 0.785683427
78.131756000 42.760966120 10.749437100 -48.490138982 -0.202551226 0.542598096 -0.169362290 0.797418786
78.231571000 42.832713802 10.852362262 -48.259734957 -0.205282321 0.556564033 -0.177032959 0.785337493
78.331401000 42.917754017 10.829111499 -48.228456562 -0.217627976 0.552035349 -0.193303122 0.781363514
78.431270000 42.982543192 10.793568401 -48.220575338 -0.221954099 0.546086498 -0.199714041 0.782713368
78.531332000 43.046248988 10.793711489 -48.151997395 -0.223486529 0.546871574 -0.200798046 0.781450829
78.631631000 43.092467932 10.814073649 -48.115541154 -0.224089150 0.546111326 -0.203126116 0.781208201
78.731960000 43.166701044 10.819306607 -48.069236418 -0.250149636 0.549094893 -0.199717679 0.772031610
78.832085000 43.249178773 10.844027790 -48.061876053 -0.254142711 0.547163194 -0.201867536 0.771539642
78.932095000 43.311076391 10.828120980 -47.988842483 -0.246959988 0.544237571 -0.206363109 0.774745441
79.032069000 43.381904950 10.823400765 -47.936723795 -0.252500374 0.545608260 -0.195349443 0.774850813
79.132151000 43.528701864 10.870939421 -47.843379930 -0.261774161 0.551589557 -0.188499497 0.769214657
79.232130000 43.621350739 10.885991037 -47.787827101 -0.265376016 0.552534613 -0.187694180 0.767497210
79.332105000 43.688600918 10.886948359 -47.730009020 -0.276149350 0.555740079 -0.178703287 0.763517935
79.432050000 43.750370587 10.883036645 -47.652833800 -0.268075034 0.558071586 -0.168825472 0.766935357
79.531881000 43.834840697 10.904881207 -47.568748812 -0.247165353 0.554785858 -0.175527617 0.774798035
79.631657000 43.924506566 10.933833576 -47.504651322 -0.233424625 0.551213458 -0.181283437 0.780264689
79.731451000 44.018191464 10.954581617 -47.439073850 -0.246965071 0.553272476 -0.170622256 0.777036593
79.831418000 44.135750486 10.959616798 -47.364943387 -0.252354090 0.554225033 -0.164912518 0.775858162
79.931659000 44.235656820 10.973658839 -47.289344880 -0.243667717 0.552447473 -0.171176683 0.778541185
80.032097000 44.340893017 10.952413162 -47.215627428 -0.244190514 0.548854166 -0.172508965 0.780622031
80.132584000 44.446214185 10.992339608 -47.187828875 -0.251157109 0.542342456 -0.172237360 0.783019195
80.232833000 44.546571052 11.002053048 -47.108371065 -0.256901398 0.537027800 -0.173544957 0.784528497
80.333103000 44.678835739 11.007035187 -47.141645901 -0.266653943 0.517038151 -0.176043464 0.794088108
80.433423000 44.753619646 11.023318477 -46.987338150 -0.272275291 0.522081272 -0.169923557 0.790204591
80.533490000 44.881329288 11.021722964 -46.925897079 -0.272449971 0.511312779 -0.172967349 0.796500189
80.633348000 45.018137201 11.029750424 -46.870088991 -0.271657271 0.503076433 -0.182574780 0.799864288
80.733135000 45.130237699 11.021386392 -46.808068511 -0.259354658 0.494485690 -0.208136376 0.803055610
80.833020000 45.256524488 11.017652281 -46.727743761 -0.243531609 0.492674257 -0.209458898 0.808759175
80.932863000 45.371917734 11.018894347 -46.691975193 -0.247411143 0.487560439 -0.219074636 0.808132940
81.032791000 45.475946869 11.017842097 -46.589770657 -0.242575227 0.496878355 -0.206298536 0.807285621
81.132893000 45.585119803 10.998148118 -46.536574155 -0.273996557 0.499693340 -0.179114241 0.801966671
81.232821000 45.692241740 10.997989897 -46.452442110 -0.286067030 0.501794371 -0.182456646 0.795661760
81.332788000 45.815482985 10.982709497 -46.359942127 -0.279902682 0.500998428 -0.188083222 0.797044394
81.432670000 45.931166957 10.989497235 -46.256722477 -0.281459377 0.507458372 -0.185625646 0.792975245
81.532511000 46.080467132 10.952324374 -46.131870113 -0.234770656 0.499313502 -0.202503964 0.809049387
81.632477000 46.228598171 10.934664633 -46.023452153 -0.213742475 0.493504935 -0.212574670 0.815830278
81.732401000 46.377980997 10.926098327 -45.946062185 -0.200563322 0.487445301 -0.216454419 0.821777900
81.832417000 46.519655263 10.928902411 -45.844318707 -0.193532205 0.485917418 -0.219528346 0.823551366
81.932611000 46.660358419 10.928293355 -45.764600795 -0.189314622 0.481855401 -0.223170681 0.825935950
82.032929000 46.797589109 10.921135299 -45.660956949 -0.186762774 0.481231932 -0.225293810 0.826303935
82.133423000 46.936521273 10.932600537 -45.623037419 -0.178243896 0.476857361 -0.228578974 0.829811920
82.233938000 47.069644067 10.934169090 -45.564333348 -0.172208825 0.473756721 -0.230372926 0.832362304
82.334120000 47.200079556 10.922930269 -45.488273804 -0.168877052 0.469789149 -0.231443201 0.834992660
82.434176000 47.336623383 10.918990919 -45.446027292 -0.167619658 0.461677808 -0.235422729 0.838649743
82.534053000 47.479666480 10.885772294 -45.351943868 -0.174317759 0.452455310 -0.237038598 0.841849282
82.633864000 47.638288054 10.899246413 -45.306407344 -0.173429714 0.439339053 -0.240504801 0.847974511
82.733622000 47.761052569 10.903393153 -45.235731439 -0.172349702 0.429693959 -0.241149346 0.852939432
82.833446000 47.904584036 10.894498365 -45.168769090 -0.170744675 0.419129075 -0.243537689 0.857826596
82.933513000 48.040130937 10.923205136 -45.110780737 -0.164427165 0.409508489 -0.246502265 0.862845953
83.033695000 48.161924838 10.904937610 -45.032832997 -0.165976843 0.401988456 -0.249341242 0.865266383
83.133937000 48.295618727 10.929365063 -44.948476331 -0.158236958 0.402363913 -0.250235509 0.866283174
83.233962000 48.417664987 10.935280644 -44.857124248 -0.154967034 0.402277661 -0.251371941 0.866585281
83.333694000 48.527344204 10.928719063 -44.758877674 -0.151485581 0.401434148 -0.252384698 0.867297358
83.433223000 48.637745297 10.940536922 -44.679832162 -0.145180790 0.403248715 -0.254026262 0.867054595
83.532948000 48.737211893 10.920112621 -44.573110166 -0.140326335 0.407246566 -0.253910146 0.866018702
83.632615000 48.847275645 10.915020555 -44.483698697 -0.135746046 0.407461277 -0.255256054 0.866252080
83.732226000 48.955248913 10.940987098 -44.430325606 -0.128340432 0.404492496 -0.259345185 0.867556701
83.831900000 49.057325510 10.923929804 -44.330264089 -0.124402269 0.403555248 -0.260662224 0.868171897
83.931781000 49.149597749 10.895615845 -44.220695024 -0.123284526 0.403233126 -0.261798712 0.868139047
84.031799000 49.223386259 10.861300257 -44.098448038 -0.123102762 0.403462501 -0.262717631 0.867780598
84.131941000 49.304759587 10.868983297 -43.998163878 -0.115259388 0.403540690 -0.266977598 0.867521266
84.232131000 49.398603419 10.857685849 -43.919072893 -0.107554140 0.404535531 -0.266500840 0.868193765
84.332466000 49.487739518 10.834335277 -43.843398782 -0.103537777 0.405546816 -0.264314276 0.868878399
84.432812000 49.557153222 10.773766436 -43.698886029 -0.118544602 0.415719558 -0.266878786 0.861336253
84.533051000 49.614086528 10.735642185 -43.537520837 -0.134220293 0.428124026 -0.271193193 0.851556800
84.633075000 49.707162871 10.704062759 -43.419249694 -0.115383227 0.422664260 -0.265159274 0.858913380
84.732750000 49.777788373 10.628101870 -43.286138624 -0.117355256 0.420157949 -0.257535316 0.862189424
84.832133000 49.865620095 10.604752403 -43.167867749 -0.112076287 0.411458333 -0.265133843 0.864780314
84.931427000 49.973492817 10.583114496 -43.033363152 -0.109785163 0.401505125 -0.273133732 0.867259371
85.030809000 50.084599569 10.561248750 -42.894665351 -0.110606384 0.391063199 -0.270587230 0.872707484
85.130466000 50.199919910 10.546757691 -42.747435859 -0.112652075 0.381237970 -0.270919262 0.876681170
85.230289000 50.315171310 10.534380124 -42.610017818 -0.114698593 0.372906140 -0.271782991 0.879726804
85.330374000 50.432090423 10.523839453 -42.484695356 -0.117714608 0.366532687 -0.272196004 0.881876633
85.430558000 50.546050968 10.512325096 -42.360620159 -0.129877326 0.362959844 -0.269233167 0.882556249
85.530680000 50.681775938 10.515971827 -42.239731532 -0.129702319 0.357559534 -0.270365473 0.884438239
85.630868000 50.805010546 10.515529018 -42.109945654 -0.132447237 0.354371039 -0.268766349 0.885801076
85.731178000 50.922594560 10.416357774 -41.919013494 -0.150453850 0.355182008 -0.263163036 0.884281967
85.831829000 51.052062584 10.462393707 -41.844435615 -0.142561813 0.350474858 -0.264538021 0.887053064
85.932506000 51.195046900 10.536446735 -41.826993568 -0.130746330 0.343271790 -0.267971002 0.890652243
86.032889000 51.300552505 10.530223915 -41.718034446 -0.136386400 0.345013757 -0.265841768 0.889770988
86.133025000 51.401751360 10.499249411 -41.622766882 -0.144433510 0.348730884 -0.260398333 0.888661038
86.232803000 51.528734883 10.485818230 -41.533649559 -0.134519062 0.346697858 -0.261621880 0.890651003
86.332613000 51.629283319 10.511223946 -41.432480629 -0.123854435 0.351232079 -0.263883845 0.889753574
86.432505000 51.721807607 10.485308083 -41.317830405 -0.122686911 0.356621986 -0.263942165 0.887751775
86.532323000 51.811321904 10.451745319 -41.183821628 -0.123017088 0.361576657 -0.262238022 0.886205584
86.632093000 51.902363214 10.452389905 -41.090743883 -0.109357284 0.361382695 -0.263060523 0.887830329
86.731896000 52.024490411 10.386843946 -40.986284707 -0.094989091 0.353443090 -0.267039541 0.891484682
86.831593000 52.128148260 10.337527938 -40.898457455 -0.092753126 0.350290034 -0.266355533 0.893167666
86.931157000 52.199225479 10.345525653 -40.790815897 -0.103381951 0.353814357 -0.259362064 0.892669532
87.030609000 52.281332895 10.334234463 -40.725548165 -0.114170916 0.346327032 -0.256938064 0.894989061
87.130088000 52.374229942 10.326217631 -40.709960469 -0.114035627 0.326860381 -0.268408894 0.898952075
87.229648000 52.411474426 10.242352514 -40.537310467 -0.120523271 0.315720076 -0.274635164 0.900205811
87.329583000 52.471176253 10.239715450 -40.442224806 -0.123394942 0.299948664 -0.266429104 0.907645316
87.429784000 52.496974770 10.239898393 -40.333736240 -0.136191600 0.287347121 -0.260436576 0.911622877
87.529952000 52.550825738 10.162202247 -40.266158540 -0.151698041 0.262516991 -0.256451713 0.917771787
87.629964000 52.617465489 10.122997516 -40.202217382 -0.163588471 0.235722038 -0.257350353 0.922737627
87.729944000 52.677376906 10.068889668 -40.139708864 -0.176741107 0.206151498 -0.260648149 0.926459218
87.829989000 52.719291252 10.038122355 -40.050549419 -0.184433477 0.180425172 -0.264701598 0.929173888
87.930237000 52.807563077 10.022537986 -39.993300416 -0.190857385 0.151036574 -0.268378737 0.932059153
88.030521000 52.891048294 10.004914262 -39.919302390 -0.202553242 0.126722161 -0.269358139 0.932930797
88.130883000 52.945352745 10.003103396 -39.826967335 -0.213227368 0.111963053 -0.270583428 0.932085282
88.231232000 52.994208756 10.004647408 -39.730318764 -0.215058429 0.102173571 -0.273506987 0.931935814
88.331420000 53.021673234 10.035464536 -39.639688769 -0.210394281 0.095921101 -0.279858044 0.931779407
88.431333000 53.016696748 10.098840141 -39.579057830 -0.195388804 0.096596582 -0.281603814 0.934447221
88.531060000 53.021816595 10.165206971 -39.507311893 -0.183867937 0.098763844 -0.283141332 0.936092555
88.630574000 53.026184400 10.194986085 -39.445890783 -0.176388101 0.106244635 -0.288235650 0.935157487
88.730199000 53.084589074 10.210519936 -39.322703741 -0.174848874 0.103963355 -0.293589707 0.934036710
88.829941000 53.094771805 10.315741739 -39.335474356 -0.161290393 0.105566524 -0.299398249 0.934452678
88.929723000 53.104848525 10.355001397 -39.262411344 -0.154890094 0.097111200 -0.318939604 0.929976345
89.029637000 53.092641928 10.368008708 -39.135116650 -0.161200317 0.090075916 -0.335055565 0.923925622
89.129779000 53.319818163 10.439752914 -38.998361489 -0.156531352 0.058978469 -0.333652994 0.927736577
89.229916000 53.328265774 10.488677864 -38.911103353 -0.156118471 0.044160986 -0.322048723 0.932717240
89.330169000 53.341820033 10.516643345 -38.820320024 -0.160611630 0.028895361 -0.307148538 0.937565325
89.430420000 53.346914547 10.495589630 -38.720144861 -0.168912950 0.017983106 -0.300005234 0.938691580
89.530841000 53.388359702 10.468970864 -38.625220145 -0.183051897 0.008681767 -0.296789559 0.937193997
89.631258000 53.416239908 10.452236154 -38.519046975 -0.188620498 -0.000926881 -0.296264046 0.936295393
89.731503000 53.432366452 10.432499235 -38.420962090 -0.199302955 -0.008388833 -0.294757236 0.934519198
89.831582000 53.448845027 10.443649196 -38.321009200 -0.208763724 -0.013545468 -0.295353996 0.932201826
89.931560000 53.487197130 10.432945199 -38.225607526 -0.215810269 -0.021711291 -0.298625834 0.929396126
90.031389000 53.512649317 10.463716049 -38.127160445 -0.216635431 -0.025640844 -0.307561355 0.926184458
90.131199000 53.539099532 10.478505747 -38.019417069 -0.223664927 -0.027680471 -0.302275620 0.926195034
90.230862000 53.561376441 10.499780494 -37.912786718 -0.231816951 -0.029367544 -0.299038316 0.925188918
90.330609000 53.581057370 10.526988505 -37.805428099 -0.234789099 -0.031966704 -0.296534116 0.925159298
90.430597000 53.597119748 10.561889275 -37.692714544 -0.240945203 -0.032561457 -0.296391311 0.923600212
90.530782000 53.616359532 10.620021091 -37.588438264 -0.253141966 -0.028532320 -0.302981705 0.918317558
90.631055000 53.624939949 10.658333680 -37.474331105 -0.256743961 -0.027322394 -0.301493970 0.917843893
90.731342000 53.633124100 10.720390089 -37.358697666 -0.258455377 -0.024945527 -0.300901941 0.917625501
90.831612000 53.630961649 10.763985850 -37.229617707 -0.261828857 -0.021639133 -0.300506078 0.916882487
90.931747000 53.635807315 10.829530531 -37.105592923 -0.269422753 -0.015615676 -0.302478631 0.914152180
91.031628000 53.633392381 10.863732668 -36.959540529 -0.283991063 -0.007787201 -0.304854301 0.909039213
91.131553000 53.625294751 10.905575579 -36.806520305 -0.262022793 -0.012160665 -0.301900281 0.916543722
91.231462000 53.626441251 10.953807300 -36.655767081 -0.259809245 -0.010217382 -0.300767135 0.917569557
91.331431000 53.621365320 11.003486079 -36.498681734 -0.260376992 -0.007952871 -0.301239115 0.917276168
91.431387000 53.617069519 11.062336168 -36.346540811 -0.277079462 -0.000643606 -0.301855968 0.912200379
91.531446000 53.607224453 11.110626588 -36.165661483 -0.270189317 -0.002504963 -0.306408371 0.912746059
91.631572000 53.589835394 11.155619661 -35.973374346 -0.239965507 -0.012432892 -0.305114922 0.921502503
91.731752000 53.573954153 11.199334552 -35.784603069 -0.216408819 -0.020649064 -0.304844076 0.927259903
91.831926000 53.556370427 11.238496321 -35.589244545 -0.186882350 -0.030340724 -0.302322814 0.934213757
91.932083000 53.537286428 11.283898194 -35.398984955 -0.171722350 -0.035654973 -0.302279453 0.936945724
92.032146000 53.526338689 11.312619319 -35.205955003 -0.163804335 -0.039741220 -0.301955465 0.938302548
92.132088000 53.509009815 11.340186455 -35.021954217 -0.161067587 -0.041242222 -0.303016456 0.938369511
92.231751000 53.500571304 11.356060816 -34.840639571 -0.158894553 -0.044454352 -0.303534772 0.938425796
92.331582000 53.475650914 11.381963927 -34.661586175 -0.156782261 -0.044057693 -0.305672918 0.938105703
92.431761000 53.469759830 11.403074082 -34.494313000 -0.154052225 -0.046091832 -0.306108844 0.938318086
92.531941000 53.423204129 11.382029759 -34.299053223 -0.158998459 -0.043736872 -0.306786193 0.937384024
92.632104000 53.399218008 11.391958105 -34.108293429 -0.159710797 -0.044087797 -0.306783971 0.937247205
92.732407000 53.368248039 11.411553148 -33.927812454 -0.159014846 -0.042899076 -0.306204817 0.937610024
92.832664000 53.357112899 11.406321519 -33.748323119 -0.162676839 -0.045394486 -0.307572403 0.936415935
92.932618000 53.346962492 11.420573889 -33.569052016 -0.164100892 -0.052231614 -0.307888648 0.935706865
93.032436000 53.348394595 11.437772416 -33.403495413 -0.164384899 -0.059411086 -0.310095759 0.934499090
93.132350000 53.327296250 11.453954168 -33.230048645 -0.167502918 -0.062490135 -0.308566407 0.934250784
93.232239000 53.324439667 11.488841741 -33.083936453 -0.168237515 -0.067851987 -0.310529771 0.933093515
93.332206000 53.306836057 11.520719623 -32.926155089 -0.168151201 -0.070708672 -0.309328393 0.933295989
93.432354000 53.299678193 11.542430121 -32.765069225 -0.177579971 -0.070874570 -0.311136439 0.930933008
93.532570000 53.276674870 11.581244357 -32.608189998 -0.181233174 -0.068471740 -0.309499811 0.930954362
93.632638000 53.262646674 11.612576641 -32.436963269 -0.175709366 -0.071447171 -0.309367057 0.931833432
93.732454000 53.250704697 11.662174106 -32.289870947 -0.173733253 -0.072901205 -0.308877573 0.932253622
93.832291000 53.254765156 11.711268873 -32.126988397 -0.173224365 -0.077909508 -0.307817741 0.932293766
93.932015000 53.257323284 11.766156472 -31.977248068 -0.171025181 -0.083437278 -0.319963515 0.928122813
94.031860000 53.272512915 11.799306808 -31.817977871 -0.167058168 -0.087468581 -0.330307972 0.924844560
94.132077000 53.257140525 11.843436840 -31.669078688 -0.172047904 -0.090186518 -0.316028327 0.928650638
94.232085000 53.232760540 11.904113565 -31.530349773 -0.172978931 -0.090946995 -0.307535931 0.931251086
94.332160000 53.208583438 11.923643540 -31.371009757 -0.179113550 -0.092183011 -0.305439443 0.930659645
94.432203000 53.181492689 11.953184570 -31.226682995 -0.180363264 -0.088626757 -0.303827032 0.931291322
94.532248000 53.165371768 11.990209201 -31.090599733 -0.179025173 -0.088496923 -0.302747912 0.931913078
94.632071000 53.125137144 12.024225038 -30.961590241 -0.178288593 -0.087009355 -0.303806884 0.931849734
94.731716000 53.089057872 12.044669651 -30.823173346 -0.178406227 -0.087168251 -0.303947183 0.931766615
94.831288000 53.052729034 12.072590740 -30.694017504 -0.178679410 -0.088688476 -0.303801641 0.931618262
94.930804000 53.033556028 12.116454166 -30.578883765 -0.173944992 -0.092518530 -0.303376933 0.932279946
95.030379000 53.007204855 12.145999377 -30.454387307 -0.171536914 -0.096783800 -0.302455804 0.932592338
95.130205000 52.980252027 12.167043587 -30.326253714 -0.169169709 -0.101383148 -0.301970443 0.932693368
95.230076000 52.989502989 12.191210600 -30.214832073 -0.164907517 -0.109482249 -0.299915857 0.933203958
95.330044000 52.944257021 12.208894035 -30.096034113 -0.162976298 -0.111277005 -0.298986152 0.933629175
95.430114000 52.937216718 12.238963897 -29.988086722 -0.157588577 -0.116327010 -0.297592194 0.934383622
95.530202000 52.910409121 12.259141580 -29.873155268 -0.155119056 -0.119657822 -0.297161103 0.934513437
95.630156000 52.918203393 12.296024202 -29.783057618 -0.147534263 -0.125609446 -0.294674192 0.935747310
95.730076000 52.887517780 12.316190532 -29.668029420 -0.143487530 -0.129948377 -0.293905106 0.936025927
95.830047000 52.897831422 12.356082672 -29.570943307 -0.137988516 -0.135088218 -0.290975201 0.937039901
95.930077000 52.849534305 12.348307251 -29.453656040 -0.165687597 -0.131883903 -0.299137495 0.930414432
96.030038000 52.802641057 12.371196757 -29.339602584 -0.175012266 -0.130513377 -0.298656020 0.929054114
96.130200000 52.755457570 12.413830248 -29.213096483 -0.184731003 -0.129630265 -0.303881270 0.925595281
96.230441000 52.691612741 12.414676210 -29.088934619 -0.181355549 -0.133698920 -0.302562268 0.926115996
96.330696000 52.666234766 12.442375134 -28.960242020 -0.156111988 -0.146135316 -0.298567971 0.930124015
96.430791000 52.565907966 12.434860890 -28.820137188 -0.141858288 -0.152521927 -0.296788938 0.931949363
96.530670000 52.488453178 12.446006818 -28.686998658 -0.133176332 -0.157972100 -0.296801696 0.932318419
96.630683000 52.477459393 12.418529593 -28.558687492 -0.132165927 -0.170433886 -0.298045843 0.929867267
96.730930000 52.424669171 12.407448085 -28.432297923 -0.133668043 -0.177677070 -0.299178146 0.927931113
96.831320000 52.375929003 12.395630340 -28.301014040 -0.135888892 -0.185320161 -0.301304038 0.925422349
96.931696000 52.340516942 12.388711512 -28.166122510 -0.135342265 -0.194980153 -0.302091653 0.923258276
97.031932000 52.283228134 12.394562263 -28.037521150 -0.135398948 -0.201324968 -0.303801411 0.921325179
97.132136000 52.244605021 12.410848462 -27.907969648 -0.132811076 -0.208926075 -0.305918508 0.919306793
97.232232000 52.191937866 12.419683715 -27.777669831 -0.133420738 -0.214907850 -0.308254153 0.917056650
97.332448000 52.154843985 12.438444186 -27.668744515 -0.129851172 -0.222057352 -0.309390331 0.915481747
97.432706000 52.104012930 12.467449732 -27.560396644 -0.126406300 -0.226499159 -0.309678861 0.914777886
97.533003000 52.087404142 12.475845072 -27.468353548 -0.125507947 -0.237229961 -0.312484350 0.911220737
97.633219000 52.029468646 12.512389321 -27.372642703 -0.122541507 -0.239824503 -0.314255288 0.910335872
97.733375000 52.084967812 12.562184711 -27.301970077 -0.112478653 -0.263814263 -0.324189061 0.901472151
97.833522000 52.014224960 12.559645956 -27.174474332 -0.119483109 -0.268827048 -0.322834764 0.899574077
97.933728000 51.929507313 12.577048102 -27.078940613 -0.122471842 -0.269390230 -0.320907438 0.899693264
98.033990000 51.941311844 12.617552259 -27.022291569 -0.132218303 -0.283027300 -0.334908029 0.888960337
98.134253000 51.881247752 12.675513015 -26.900894441 -0.138055694 -0.284506845 -0.334993394 0.887567409
98.234326000 51.921439113 12.716003953 -26.780296393 -0.147923416 -0.290967142 -0.334572673 0.884035018
98.334267000 51.906933407 12.753507757 -26.655493674 -0.158077287 -0.295720216 -0.333957137 0.880927781
98.433975000 51.866689691 12.762143223 -26.536308102 -0.158558609 -0.302664956 -0.329504363 0.880159058
98.533596000 51.835306188 12.811074382 -26.410319407 -0.142044703 -0.313671929 -0.319780393 0.882708176
98.633219000 51.811962377 12.880513253 -26.286373286 -0.133650872 -0.320925163 -0.314746479 0.883220888
98.732848000 51.804313995 12.929460543 -26.184177124 -0.134514275 -0.327621699 -0.310882735 0.881998786
98.832610000 51.704542086 12.976205714 -26.062392669 -0.136778067 -0.329175398 -0.317807178 0.878597698
98.932445000 51.675183853 13.016981527 -25.947263128 -0.131333691 -0.338646249 -0.304816978 0.880429889
99.032312000 51.694042626 13.107945799 -25.833371039 -0.112613001 -0.351262075 -0.293510087 0.881921253
99.132332000 51.619581097 13.131303632 -25.711624512 -0.128055858 -0.355441262 -0.279813775 0.882591331
99.232095000 51.580566166 13.208118468 -25.626424266 -0.144153771 -0.358002857 -0.262722278 0.884324968
99.331871000 51.506327934 13.257261701 -25.504451306 -0.146433798 -0.363246686 -0.258336081 0.883103311
99.431727000 51.380924798 13.236389226 -25.383320268 -0.133932037 -0.369428086 -0.258030775 0.882612722
99.531741000 51.296496632 13.305294255 -25.268166062 -0.112169041 -0.379544705 -0.236733123 0.887311305
99.631714000 51.184949866 13.293494272 -25.148798231 -0.089309853 -0.378071160 -0.267147044 0.881883442
99.731636000 51.111096490 13.295471218 -25.026143718 -0.075957501 -0.380583490 -0.280295026 0.877964329
99.831624000 51.033798843 13.295695387 -24.905659892 -0.069002007 -0.384183910 -0.285359477 0.875335031
99.931617000 50.952144874 13.301310802 -24.787557114 -0.064994374 -0.388037479 -0.287757317 0.873154266
100.031622000 50.882378660 13.308088018 -24.677952499 -0.069002314 -0.390595011 -0.290811208 0.870691139
100.131811000 50.804003031 13.320682688 -24.559640138 -0.063210794 -0.397109871 -0.291265913 0.868027830
100.232105000 50.678417987 13.318081776 -24.453988154 -0.063797476 -0.399987766 -0.291560537 0.866563398
100.332387000 50.590093844 13.318396166 -24.340049755 -0.065015901 -0.406954600 -0.292874327 0.862777790
100.432615000 50.490388013 13.327190061 -24.223036069 -0.057441535 -0.416350909 -0.288702373 0.860234463
100.532771000 50.396966958 13.329307819 -24.122902119 -0.055339107 -0.425537483 -0.288349195 0.855984915
100.633042000 50.316864601 13.337819910 -24.015062623 -0.052315031 -0.436361035 -0.289155262 0.850436017
100.733187000 50.218324631 13.363537088 -23.927353094 -0.045809295 -0.444806733 -0.287114442 0.847120874
100.833235000 50.135253572 13.390579343 -23.828422282 -0.042475116 -0.454376352 -0.287805846 0.841965433
100.933322000 50.115402797 13.413796871 -23.767753039 -0.034312467 -0.469538820 -0.283529237 0.835444267
101.033436000 49.957803257 13.457962916 -23.693391104 -0.030659571 -0.466009193 -0.280147509 0.838697083
101.133526000 49.806178557 13.489688962 -23.587639859 -0.032004311 -0.466702182 -0.279315320 0.838539056
101.233407000 49.666320915 13.534563883 -23.518192900 -0.032428342 -0.466264291 -0.279163508 0.838816875
101.333368000 49.527822863 13.579101877 -23.443126369 -0.034553413 -0.465726316 -0.279949333 0.838768998
101.433267000 49.429211691 13.608591163 -23.385459262 -0.034471218 -0.465065607 -0.284167466 0.837719862
101.533065000 49.410953734 13.600200487 -23.349115218 -0.043128366 -0.470187750 -0.288889142 0.832830407
101.632848000 49.311992753 13.626117967 -23.304638810 -0.052948901 -0.470130637 -0.292731622 0.830952342
101.732961000 49.188383836 13.661108453 -23.281969747 -0.060081379 -0.467096851 -0.297545159 0.830468324
101.833072000 49.077185929 13.645488297 -23.207663118 -0.061101729 -0.473070695 -0.296981336 0.827207823
101.933100000 48.956261608 13.656805948 -23.128539449 -0.062841260 -0.480839753 -0.291039662 0.824706022
102.033146000 48.879411527 13.656339585 -23.043164176 -0.063487330 -0.490196169 -0.289586105 0.819644412
102.133238000 48.791982132 13.632011816 -22.953838375 -0.072065645 -0.500964199 -0.283817344 0.814425644
102.233144000 48.685337122 13.642865530 -22.872052522 -0.078557354 -0.503020685 -0.298748462 0.807185412
102.333001000 48.592473187 13.632700297 -22.759811063 -0.082308236 -0.511765540 -0.302481075 0.799891608
102.433044000 48.469220291 13.626618411 -22.679572323 -0.113558683 -0.514696710 -0.298079959 0.795826652
102.533158000 48.377485044 13.669894960 -22.599563859 -0.126566931 -0.518427103 -0.299810463 0.790776730
102.633440000 48.240383863 13.697693974 -22.550314908 -0.112941831 -0.525455866 -0.290157473 0.791801058
102.733691000 48.169750820 13.747542163 -22.469624330 -0.093610920 -0.542657528 -0.272271802 0.789067722
102.833527000 48.107526400 13.799712561 -22.415513433 -0.108003448 -0.556896913 -0.244391588 0.786431075
102.933096000 48.031140335 13.776938418 -22.327819854 -0.147689054 -0.566624925 -0.241489077 0.773826314
103.032751000 47.898854553 13.827437740 -22.313293633 -0.148007217 -0.562179202 -0.258887409 0.771379101
103.132852000 47.733103679 13.899715861 -22.237387578 -0.144617023 -0.560967183 -0.270725055 0.768836576
103.232940000 47.656221080 14.009285050 -22.173336213 -0.118702636 -0.554022901 -0.302413044 0.766495049
103.333081000 47.526291344 14.068293046 -22.090838014 -0.093582095 -0.553258182 -0.314768410 0.765551190
103.433341000 47.345539005 14.132291861 -22.009974547 -0.061670830 -0.558749625 -0.303811008 0.769216768
103.533587000 47.165415528 14.205794009 -21.955398773 -0.076339979 -0.546845457 -0.318398639 0.770554710
103.633654000 47.004918636 14.325651634 -21.887115045 -0.094156683 -0.535524106 -0.328446407 0.772315614
103.733808000 46.858383750 14.421872610 -21.840083104 -0.053728782 -0.548589420 -0.302659119 0.777534774
103.834086000 46.677274832 14.488576741 -21.758091496 -0.040653211 -0.556847634 -0.290892517 0.776948887
103.934240000 46.455381942 14.593931485 -21.707273305 -0.034463578 -0.559300448 -0.287615133 0.776706383
104.034423000 46.244044546 14.708555548 -21.656899874 -0.030954639 -0.561212886 -0.287254112 0.775607492
104.134512000 46.078656591 14.762033379 -21.597701487 -0.033107060 -0.563687926 -0.285171046 0.774491652
104.234503000 45.868705895 14.760661706 -21.532072564 -0.030021308 -0.565209404 -0.295662172 0.769558919
104.334572000 45.668661978 14.866975022 -21.464249443 -0.029258720 -0.568513480 -0.295486314 0.767218476
104.435012000 45.419019283 15.007888077 -21.383979977 -0.033296875 -0.571305731 -0.296523322 0.764575045
104.535460000 45.213044244 15.108069206 -21.342577280 -0.034895472 -0.570026581 -0.297998626 0.764884842
104.635775000 45.135641241 15.240447944 -21.342099306 -0.023329568 -0.568870811 -0.297278788 0.766463994
104.735779000 45.110033378 15.337896250 -21.345675164 -0.010198210 -0.567718448 -0.291123223 0.769960408
104.835383000 44.963243593 15.441294020 -21.298596780 -0.008593764 -0.572543470 -0.279406112 0.770747914
104.934689000 44.850526154 15.442133316 -21.273316230 -0.031100691 -0.564307005 -0.292950922 0.771213400
105.033853000 44.709720668 15.500567872 -21.220182278 -0.059696862 -0.572841827 -0.259779456 0.775114933
105.133157000 44.587015684 15.560635002 -21.204803471 -0.076056622 -0.585818172 -0.202307968 0.781091509
105.232515000 44.452424101 15.634005608 -21.057301473 -0.064563640 -0.593621056 -0.203457563 0.775919196
105.332227000 44.313741360 15.651283933 -21.088548031 -0.023252242 -0.578887578 -0.245241350 0.777306365
105.432350000 44.176884419 15.698668497 -21.045228645 -0.000233004 -0.572435832 -0.261936207 0.776985577
105.532463000 44.043826974 15.736667795 -21.000930387 0.011686647 -0.567948454 -0.267898793 0.778156933
105.632527000 43.916337887 15.789151905 -20.958636176 0.020153773 -0.565146934 -0.268484844 0.779819631
105.732518000 43.778547736 15.789725704 -20.925281121 0.023350182 -0.562660872 -0.269609122 0.781139190
105.832486000 43.640091379 15.795577095 -20.898650516 0.026400250 -0.559911357 -0.270566837 0.782685049
105.932417000 43.483161561 15.812078540 -20.851056652 0.014424942 -0.555107553 -0.278951005 0.783475502
106.032410000 43.337167955 15.831569109 -20.803979239 -0.028426193 -0.537212283 -0.315461798 0.781715273
106.132656000 43.191936424 15.856006323 -20.767625074 -0.027817594 -0.537999372 -0.314158873 0.781720576
106.233086000 43.043670153 15.878351367 -20.732712975 -0.013779206 -0.544729908 -0.301518781 0.782410305
106.333315000 42.901874902 15.920916153 -20.699436547 -0.029797020 -0.536821365 -0.316431668 0.781540760
106.433297000 42.791343746 15.982290654 -20.670869112 -0.035719499 -0.534835605 -0.313307790 0.783908937
106.533229000 42.613777030 16.010770079 -20.629260203 0.010862329 -0.553839666 -0.278790440 0.784486791
106.633228000 42.440502313 16.046392200 -20.586832056 0.033186564 -0.562875855 -0.262811015 0.782943034
106.733235000 42.268201619 16.084899165 -20.526899653 0.044926436 -0.569228750 -0.255372018 0.780221365
106.833269000 42.075163846 16.094662488 -20.540556786 0.048063610 -0.568042256 -0.253469310 0.781518518
106.933338000 41.898266990 16.112478086 -20.512338654 0.051365369 -0.569177966 -0.252060049 0.780937753
107.033188000 41.721494923 16.140530875 -20.481479157 0.052046489 -0.570166486 -0.251167207 0.780459080
107.132989000 41.542462239 16.126329569 -20.437933935 0.051051219 -0.572308279 -0.252719458 0.778453520
107.232999000 41.367302353 16.137664209 -20.388203241 0.051592995 -0.575222742 -0.250977546 0.776831533
107.333204000 41.173344494 16.140823511 -20.374708069 0.050198385 -0.574271153 -0.253866574 0.776688179
107.433488000 41.036077632 16.143832708 -20.299552613 0.050453255 -0.582230078 -0.252560200 0.771152353
107.533671000 40.858507969 16.105269366 -20.241752188 0.045448095 -0.586737148 -0.256911965 0.766596525
107.633616000 40.756446343 16.113272738 -20.168826048 0.044584580 -0.594634318 -0.262072438 0.758775514
107.733302000 40.684119559 16.136794271 -20.091117475 0.049331152 -0.606527057 -0.264268561 0.748233582
107.832973000 40.508323158 16.134662482 -20.063873202 0.027105385 -0.608659621 -0.262704234 0.748187977
107.932697000 40.338839899 16.156472079 -20.058573096 -0.015420911 -0.598694877 -0.284412532 0.748622836
108.032504000 40.207406259 16.198375325 -20.019075364 -0.010144427 -0.610079551 -0.258039648 0.749076480
108.132529000 40.051167721 16.234096025 -19.993926810 -0.005945291 -0.626447263 -0.212306574 0.749969599
108.232353000 39.887046898 16.245636076 -19.966862628 -0.022017439 -0.638354921 -0.175332358 0.749184084
108.332097000 39.723225993 16.227496826 -19.977872166 -0.046116583 -0.634408595 -0.180005909 0.750331172
108.431935000 39.547423099 16.203588873 -19.859932318 0.002881787 -0.629483759 -0.216457920 0.746249195
108.532218000 39.379549274 16.224790351 -19.781163040 0.040735377 -0.620963168 -0.236473819 0.746207415
108.632787000 39.227786036 16.240478548 -19.721001862 0.057277343 -0.615745275 -0.242442277 0.747528464
108.733420000 39.035821933 16.243681582 -19.680291286 0.054063537 -0.608952847 -0.247713324 0.751592758
108.833857000 38.841577832 16.294066338 -19.588830474 0.041545585 -0.606643088 -0.248300336 0.754059064
108.934158000 38.699968121 16.294534250 -19.569587879 0.050278017 -0.608610864 -0.245048799 0.753004663
109.034411000 38.554526434 16.274757849 -19.484249164 0.048489338 -0.615541933 -0.248163974 0.746439251
109.134547000 38.403063171 16.260850232 -19.436368591 0.053282243 -0.625400448 -0.244544172 0.739076065
109.234212000 38.245975591 16.265952288 -19.380133723 0.024309921 -0.623235793 -0.277245978 0.730835715
109.334018000 38.100182379 16.258462587 -19.334660815 0.013056698 -0.624413969 -0.301956777 0.720249139
109.434047000 37.939749953 16.266841841 -19.300697880 0.028584406 -0.638997493 -0.290363610 0.711726148
109.534162000 37.753902013 16.258618598 -19.279915514 0.044094307 -0.654273916 -0.267960428 0.705817643
109.634197000 37.575518861 16.260635829 -19.248522938 0.052695610 -0.664979120 -0.258514195 0.698710493
109.733942000 37.395649720 16.280504453 -19.237749251 0.054225655 -0.670664455 -0.252892711 0.695207914
109.833754000 37.190643717 16.279688059 -19.227353258 0.052051573 -0.674729177 -0.250140890 0.692431012
109.933733000 37.018687195 16.299618945 -19.202405726 0.052673819 -0.679780833 -0.248866033 0.687887480
110.033824000 36.839686859 16.327300789 -19.193629957 0.052786229 -0.682297298 -0.248427282 0.685542046
110.133981000 36.679966302 16.371367852 -19.152645191 0.057231186 -0.687518990 -0.244046209 0.681530394
110.233888000 36.499591209 16.387168484 -19.155303036 0.056266205 -0.688860072 -0.245676310 0.679668350
110.333585000 36.376333916 16.447233058 -19.112750006 0.059242250 -0.693808857 -0.237342021 0.677339199
110.433238000 36.126565087 16.421303084 -19.169126991 0.038651672 -0.686780249 -0.226151651 0.689706001
110.532773000 35.967558210 16.462967898 -19.147995732 0.017761642 -0.697851526 -0.194923171 0.688979484
110.632245000 35.829386010 16.503888471 -19.120031377 -0.002427982 -0.706121703 -0.178050401 0.685335174
110.731792000 35.651742534 16.550307058 -19.111830601 -0.024419658 -0.706287839 -0.182849682 0.683467016
110.831759000 35.507813591 16.565956782 -19.110740156 0.009704741 -0.703310513 -0.198627615 0.682500704
110.931981000 35.345882485 16.558822160 -19.090351068 0.036556143 -0.702776522 -0.203017000 0.680847197
111.032194000 35.170851299 16.601144722 -19.022145613 0.033950629 -0.700712178 -0.217944419 0.678490994
111.132417000 35.028803940 16.565768562 -19.039458753 0.004981817 -0.688746892 -0.254187056 0.678963799
111.232536000 34.866972640 16.561799192 -19.030086736 0.024234144 -0.696650702 -0.236878427 0.676741543
111.332637000 34.706043973 16.553014744 -19.034313005 0.038313818 -0.702190459 -0.224405430 0.674613085
111.432571000 34.538453140 16.532187989 -19.045206236 -0.004662938 -0.692264231 -0.255889331 0.674736350
111.532394000 34.354440576 16.543168796 -19.056651480 -0.020443867 -0.683758291 -0.282302828 0.672578442
111.632476000 34.155001476 16.515568104 -19.083615800 0.002935355 -0.694773198 -0.258987777 0.670974604
111.732583000 33.969073588 16.491493891 -19.101177631 0.005926918 -0.698817233 -0.258143621 0.667069126
111.832516000 33.796461268 16.508178940 -19.102875745 -0.014199216 -0.692594750 -0.285001774 0.662483873
111.932375000 33.584512295 16.516854726 -19.127753555 -0.006115286 -0.696646221 -0.279851220 0.660552754
112.032361000 33.376037076 16.521720982 -19.154044021 0.011134487 -0.708070784 -0.257355369 0.657480039
112.132408000 33.166620133 16.538650553 -19.189574360 0.041322974 -0.719442639 -0.226632521 0.655234616
112.232191000 32.962382622 16.525064111 -19.181556914 0.067956947 -0.733643957 -0.193147797 0.647952411
112.331901000 32.775977174 16.571404782 -19.185803035 0.084217666 -0.741465539 -0.169651015 0.643703948
112.431847000 32.583697395 16.556130861 -19.190506577 0.090102233 -0.747960851 -0.157876159 0.638366095
112.531967000 32.354027043 16.484192931 -19.315208337 0.087231199 -0.745849797 -0.157977514 0.641203480
112.632078000 32.135098338 16.395955673 -19.430893055 0.084579124 -0.743698469 -0.162096308 0.643027018
112.732218000 31.943865637 16.314494748 -19.460430118 0.071139203 -0.751846370 -0.155754675 0.636715580
112.832305000 31.800575926 16.300176513 -19.427176203 0.036199441 -0.773005352 -0.125166671 0.620874891
112.932334000 31.632711734 16.262994504 -19.416233788 0.007928014 -0.788978144 -0.099367565 0.606281059
113.032487000 31.460781721 16.260246037 -19.412944975 -0.002184830 -0.799360456 -0.086120630 0.594643864
113.132832000 31.293744509 16.279393780 -19.342726913 0.021888898 -0.802893535 -0.095235949 0.588058638
113.233127000 31.075326643 16.246857146 -19.425298652 0.064728917 -0.790069541 -0.123451800 0.596958911
113.333300000 30.854831071 16.220705974 -19.508918975 0.092896511 -0.778422812 -0.140204119 0.604790021
113.433255000 30.653003783 16.185690914 -19.582002381 0.103477994 -0.771123660 -0.145639951 0.611105237
113.532966000 30.453296541 16.166552594 -19.666475210 0.109599481 -0.765636320 -0.145944272 0.616838106
113.632632000 30.246827349 16.154287768 -19.766391966 0.113878745 -0.762069004 -0.142249956 0.621327140
113.732077000 30.010337254 16.161846105 -19.895310542 0.112056849 -0.759083871 -0.142023990 0.625351202
113.831690000 29.849868394 16.119258400 -19.939401556 0.110739813 -0.757240204 -0.140957082 0.628056581
113.931762000 29.674853355 16.116700854 -19.934835992 0.113424021 -0.764029639 -0.138207481 0.619913215
114.032021000 29.586578664 16.120104040 -19.997300622 0.114995010 -0.761530316 -0.133959838 0.623620467
114.132331000 29.563377416 16.093764587 -19.964948132 0.104309007 -0.770607163 -0.128322552 0.615481563
114.232501000 29.357077486 16.112820417 -20.048834557 0.104814867 -0.770889181 -0.125907269 0.615541285
114.332467000 29.152840650 16.117268501 -20.135598690 0.105222631 -0.770919552 -0.123896985 0.615841521
114.432245000 28.984506756 16.095098612 -20.196916330 0.105251333 -0.770890076 -0.122832356 0.616086731
114.531868000 28.779341816 16.077687375 -20.263359943 0.102281458 -0.771588567 -0.120902148 0.616094358
114.631624000 28.565592406 16.092499494 -20.332918809 0.101372063 -0.772157856 -0.119080660 0.615886147
114.731483000 28.479435113 16.077547545 -20.354677844 0.100908118 -0.773219117 -0.117065149 0.615016667
114.831611000 28.419595930 16.063296902 -20.371911701 0.104107062 -0.774690470 -0.110697924 0.613809714
114.931687000 28.334242408 16.064305599 -20.389841905 0.088770732 -0.780926610 -0.101196752 0.609944755
115.031658000 28.302071833 16.047192954 -20.390599230 0.087589099 -0.782207655 -0.102192170 0.608305922
115.131674000 28.128217213 16.047561570 -20.420333384 0.084270843 -0.784687779 -0.096712190 0.606473633
115.231755000 27.997482005 16.028193425 -20.428858681 0.090738522 -0.786009563 -0.107505596 0.601995046
115.331935000 27.821786141 16.006874984 -20.475906537 0.084779490 -0.785567126 -0.094938963 0.605543823
115.432069000 27.644785315 15.983008927 -20.547740797 0.065191399 -0.790596513 -0.082214316 0.603281064
115.532039000 27.483151960 15.974985846 -20.574612146 0.061924519 -0.792337402 -0.076833232 0.602049375
115.631996000 27.422425912 15.960760240 -20.582756035 0.080677261 -0.787573703 -0.100006115 0.602675385
115.731987000 27.254470799 15.945687891 -20.610477254 0.089005668 -0.789240435 -0.093866851 0.600305373
115.831896000 27.071634222 15.923627838 -20.649285830 0.089671527 -0.791010989 -0.091707789 0.598205913
115.931707000 26.925522662 15.917822139 -20.658560480 0.078296189 -0.788576862 -0.115868280 0.598824499
116.031632000 26.765009678 15.898071308 -20.692910807 0.089145034 -0.791066721 -0.104141594 0.596172068
116.131848000 26.592943573 15.879037101 -20.747633518 0.094309528 -0.792741360 -0.100092647 0.593841992
116.231899000 26.462612222 15.850810824 -20.782456258 0.086095335 -0.793421688 -0.108459850 0.592710788
116.332042000 26.305449824 15.829056237 -20.823462734 0.063871947 -0.789899862 -0.141591525 0.593237240
116.432213000 26.142846723 15.827572041 -20.857400209 0.072055239 -0.793351016 -0.131095973 0.590098342
116.532484000 25.970408720 15.818566437 -20.901477487 0.087838164 -0.798143080 -0.110628174 0.585673534
116.632673000 25.799867317 15.791977201 -20.953962932 0.082973497 -0.799288680 -0.114337153 0.584106172
116.732677000 25.651798076 15.759232892 -20.989525430 0.080796423 -0.801271446 -0.112514758 0.582045047
116.832560000 25.472609959 15.731974957 -21.047222879 0.090029335 -0.803359877 -0.100576347 0.579993126
116.932268000 25.318528602 15.706576140 -21.116291116 0.093446336 -0.804550440 -0.096487702 0.578495027
117.031824000 25.142856763 15.684290260 -21.186046670 0.096078862 -0.805266706 -0.094274590 0.577431110
117.131392000 24.963190937 15.655453510 -21.240040077 0.095956397 -0.806784882 -0.092895537 0.575552729
117.230898000 24.820332477 15.638544221 -21.282339907 0.095125263 -0.809057815 -0.092564457 0.572545594
117.330679000 24.660138301 15.615334205 -21.337926025 0.095045319 -0.810669597 -0.092680081 0.570255728
117.430609000 24.586733723 15.584276919 -21.374861888 0.094133518 -0.811619227 -0.093834377 0.568865731
117.530585000 24.608149333 15.584978929 -21.271181120 0.103434450 -0.817896819 -0.100230090 0.557045812
117.630506000 24.534793675 15.571257236 -21.386562330 0.103906799 -0.813765030 -0.102968910 0.562483117
117.730436000 24.387371382 15.552628619 -21.442861320 0.105067683 -0.815406348 -0.103534341 0.559780233
117.830416000 24.229896856 15.551847576 -21.503088453 0.105949352 -0.817157828 -0.102589481 0.557228156
117.930435000 24.086230023 15.570949036 -21.547389917 0.112573510 -0.817534180 -0.101405587 0.555591555
118.030565000 23.991895125 15.522137664 -21.571311183 0.109818277 -0.820118706 -0.105024615 0.551647609
118.130818000 23.895594546 15.519805911 -21.595177532 0.106364215 -0.823199083 -0.100704275 0.548533109
118.231290000 23.717581523 15.607485410 -21.619953806 0.103916546 -0.827219937 -0.091467713 0.544556869
118.331996000 23.517749821 15.625730335 -21.655205480 0.103202019 -0.828718188 -0.089331695 0.542766392
118.432455000 23.337884125 15.681539876 -21.717923508 0.104388680 -0.829143257 -0.085692140 0.542477023
118.532760000 23.298468833 15.686281179 -21.733540488 0.093440432 -0.832918516 -0.076509418 0.540057349
118.632893000 23.139715289 15.716494029 -21.820391863 0.093858023 -0.833256048 -0.073177010 0.539926064
118.732675000 23.012235206 15.729311336 -21.892678845 0.093715589 -0.833740061 -0.071792337 0.539389247
118.832261000 22.653440897 15.766820232 -21.997958007 0.092887986 -0.834520910 -0.069256475 0.538655933
118.931630000 22.456251053 15.796101852 -22.106774036 0.092562526 -0.834580202 -0.068695965 0.538691869
119.031061000 22.462315252 15.798852161 -22.101086588 0.062396367 -0.841023444 -0.048622560 0.535184181
119.130788000 22.495559979 15.801007251 -22.078442548 0.048747402 -0.845009547 -0.047112526 0.530436580
119.230774000 22.173860192 15.771343772 -22.172378563 0.052387000 -0.842445313 -0.048947800 0.533990271
119.330859000 22.035729943 15.779930145 -22.311550016 0.052286899 -0.841175830 -0.047516818 0.536126343
119.430925000 22.009638422 15.773596434 -22.286167697 0.050729950 -0.841912631 -0.046816897 0.535180130
119.530875000 22.008213421 15.760706583 -22.274478073 0.050936460 -0.841811090 -0.047376501 0.535270990
119.630726000 21.955682526 15.754820527 -22.307824012 0.050167220 -0.841890051 -0.045509541 0.535381428
119.730561000 21.882878694 15.767770268 -22.324713781 0.048060251 -0.842803138 -0.043151257 0.534332342
119.830456000 21.706350209 15.736362503 -22.333525467 0.043741043 -0.844661542 -0.042306125 0.531830605
119.930481000 21.674764239 15.740221466 -22.367604526 0.043586631 -0.844527830 -0.042281180 0.532057564
120.030601000 21.674764239 15.740221466 -22.367604526 0.043586631 -0.844527830 -0.042281180 0.532057564
120.130920000 21.674764239 15.740221466 -22.367604526 0.043586631 -0.844527830 -0.042281180 0.532057564
120.231119000 21.674764239 15.740221466 -22.367604526 0.043586631 -0.844527830 -0.042281180 0.532057564
120.331141000 21.674764239 15.740221466 -22.367604526 0.043586631 -0.844527830 -0.042281180 0.532057564
120.430938000 21.652085121 15.730090581 -22.381158793 0.043367489 -0.844541567 -0.042427547 0.532042015
120.530611000 21.647639384 15.729872211 -22.387047332 0.043093033 -0.844584045 -0.042288455 0.532007959
120.630225000 21.646486005 15.727736874 -22.350330331 0.043973709 -0.845074028 -0.042940872 0.531104774
120.729809000 21.300057918 15.653688438 -22.494707473 0.038610549 -0.847031730 -0.044557829 0.528262315
120.829515000 21.319969313 15.628852194 -22.489561686 0.038390833 -0.847348603 -0.048536395 0.527418911
120.929425000 21.329692783 15.659109328 -22.493141532 0.038017950 -0.852979726 -0.042675660 0.518805368
121.029290000 21.284959920 15.671279794 -22.496221088 0.042426000 -0.861280379 -0.038786395 0.504868062
121.129425000 21.295260242 15.673496157 -22.504974021 -0.050501526 0.869343104 0.043621381 -0.489682896
121.229551000 21.276482476 15.675869235 -22.511757236 -0.049621594 0.880482331 0.044071089 -0.469410590
121.330017000 21.284349126 15.675362698 -22.504240307 -0.050419830 0.882018670 0.045211105 -0.466322701
121.430720000 21.284349126 15.675362698 -22.504240307 -0.050419830 0.882018670 0.045211105 -0.466322701
121.531321000 21.284349126 15.675362698 -22.504240307 -0.050419830 0.882018670 0.045211105 -0.466322701
121.631790000 21.284349126 15.675362698 -22.504240307 -0.050419830 0.882018670 0.045211105 -0.466322701
121.731985000 21.284349126 15.675362698 -22.504240307 -0.050419830 0.882018670 0.045211105 -0.466322701
121.832117000 21.284349126 15.675362698 -22.504240307 -0.050419830 0.882018670 0.045211105 -0.466322701
121.932300000 21.276863343 15.679249847 -22.514545265 -0.050640768 0.882390784 0.045588707 -0.465557393
122.032674000 21.184187050 15.726357828 -22.643110026 -0.053095030 0.885487833 0.044114736 -0.459506371
122.133213000 21.120526727 15.768434300 -22.690813371 -0.055664621 0.886936211 0.042507753 -0.456550873
122.233353000 21.062429998 15.769622017 -22.789093915 -0.058032165 0.889576866 0.048570155 -0.450473315
122.332992000 20.968973184 15.822586699 -22.891656381 -0.057575988 0.892421737 0.053339387 -0.444323485
122.432309000 20.897471992 15.859167463 -23.007757689 -0.062929114 0.894927811 0.066704839 -0.436685933
122.531483000 20.805710606 15.913664686 -23.097393737 -0.067160648 0.898749943 0.079017872 -0.426021318
122.630728000 20.732565738 15.953098586 -23.178194208 -0.065684957 0.905403776 0.081287365 -0.411487366
122.730131000 20.646411097 15.982671451 -23.260040428 -0.089572115 0.908392202 0.088730967 -0.398656818
122.829691000 20.580549781 16.006322698 -23.339487729 -0.100938710 0.913075167 0.097559844 -0.382867069
122.929440000 20.505864097 16.048978082 -23.421844322 -0.093893591 0.921817254 0.099252465 -0.362747696
123.029612000 20.433496507 16.092654735 -23.506722637 -0.077207104 0.932104090 0.096830156 -0.340360029
123.130063000 20.376575235 16.128141085 -23.592022426 -0.068000233 0.938835945 0.100735467 -0.322203977
123.230489000 20.326383819 16.155419094 -23.667698832 -0.064032926 0.944380177 0.106099896 -0.304612341
123.330758000 20.277227540 16.186004302 -23.748774436 -0.063280963 0.949899929 0.108804748 -0.286089445
123.430906000 20.226631955 16.217583492 -23.830494612 -0.063329141 0.955057476 0.112323394 -0.266904650
123.530908000 20.184641156 16.252805708 -23.911589598 -0.064853721 0.960272695 0.115323550 -0.245704751
123.630865000 20.140953318 16.289103734 -23.996591862 -0.066654375 0.965144618 0.118933365 -0.223400794
123.730867000 20.099584005 16.331583290 -24.089570172 -0.073658321 0.968912817 0.121833066 -0.202334151
123.830807000 20.063114556 16.369863799 -24.188168587 -0.074915399 0.972087577 0.123507466 -0.184876530
123.930820000 20.029637483 16.403562759 -24.273983171 -0.073188646 0.975213290 0.125066564 -0.167214879
124.030730000 20.002012390 16.436999773 -24.366554940 -0.070525130 0.978175023 0.126679354 -0.148836057
124.130761000 19.976582310 16.471638865 -24.460107038 -0.071965877 0.980336454 0.128246020 -0.131583840
124.230725000 19.954851588 16.501326915 -24.550174027 -0.080054084 0.981610785 0.130537878 -0.113980143
124.330684000 19.940243552 16.528141961 -24.644717746 -0.086047767 0.982794073 0.132685698 -0.095425873
124.430643000 19.939555452 16.544816065 -24.728204530 -0.091189389 0.983581873 0.135993321 -0.075874966
124.530575000 19.935761424 16.558267748 -24.808208049 -0.087273267 0.985288702 0.136964002 -0.053201626
124.630642000 19.943972312 16.576967515 -24.892122771 -0.085647126 0.986143857 0.138777956 -0.030422706
124.730835000 19.947401476 16.604668642 -24.996598422 -0.093280801 0.985574290 0.140963480 -0.008444399
124.831094000 19.954228118 16.624243233 -25.095763543 -0.102953026 0.984342831 0.142555144 0.012161238
124.931393000 19.968861143 16.654687139 -25.198762725 -0.100248965 0.983799300 0.144764533 0.033649841
125.031629000 19.981840420 16.698278820 -25.314746996 -0.096355898 0.982638275 0.149159365 0.053749844
125.131809000 19.989453339 16.764105870 -25.463180159 -0.095924406 0.981659903 0.147907236 0.072565785
125.231717000 20.003496561 16.832996520 -25.617097389 -0.097105350 0.979787488 0.149192256 0.091261714
125.331508000 20.022323770 16.875449322 -25.746168187 -0.098180779 0.977948149 0.149917742 0.107250281
125.431419000 20.058032342 16.900500386 -25.856137495 -0.100267290 0.975682360 0.152483186 0.121405438
125.531257000 20.091890330 16.916318797 -25.962244356 -0.101843048 0.973035347 0.154383854 0.137825373
125.631179000 20.127496741 16.937667348 -26.066164434 -0.104588463 0.970174640 0.153669276 0.155589763
125.731347000 20.152450310 16.944668021 -26.146467155 -0.106319880 0.966411409 0.156631838 0.173814666
125.831684000 20.206500554 16.978965429 -26.263050674 -0.108272663 0.963135566 0.158240778 0.188697555
125.932242000 20.278440945 17.059738470 -26.401763036 -0.108487722 0.960524478 0.159092867 0.200779980
126.032921000 20.338289678 17.091222146 -26.532096540 -0.110679376 0.958201258 0.160968213 0.209020714
126.133368000 20.384281653 17.115222349 -26.647152121 -0.111820984 0.957152935 0.162008568 0.212385381
126.233407000 20.396769791 17.179506753 -26.893662179 -0.109567283 0.955902944 0.168970892 0.213760167
126.333060000 20.421699844 17.199944832 -27.049578330 -0.109715622 0.956476576 0.166416691 0.213120922
126.432466000 20.383922069 17.224021234 -27.192672130 -0.105301690 0.956774240 0.169060766 0.211927029
126.531872000 20.385802769 17.260153405 -27.422664636 -0.104526586 0.956884260 0.170122315 0.210962327
126.631299000 20.435628316 17.270796896 -27.490125333 -0.102915847 0.956841545 0.174128802 0.208666592
126.731100000 20.492621543 17.296520963 -27.585698567 -0.103085010 0.956520727 0.177055736 0.207588164
126.831480000 20.478551626 17.243750243 -27.616867508 -0.101937275 0.956640796 0.179118150 0.205824847
126.932267000 20.464247422 17.288710495 -27.663203512 -0.098097431 0.957050721 0.176731053 0.207838751
127.033044000 20.481079373 17.298360903 -27.728603493 -0.097362005 0.958446399 0.168993851 0.208187942
127.133581000 20.490948527 17.269625419 -27.730545456 -0.096470054 0.959178741 0.167972747 0.206045695
127.233723000 20.523040388 17.272164244 -27.814006623 -0.098418079 0.958425576 0.172100460 0.205221170
127.333641000 20.642873811 17.320355944 -27.936023484 -0.101083638 0.956939246 0.180896537 0.203287532
127.433255000 20.669926673 17.401939792 -28.049745696 -0.102592072 0.955849095 0.187856564 0.201338735
127.532678000 20.690983871 17.399131937 -28.126661010 -0.102430013 0.956798707 0.186097567 0.198524614
127.632030000 20.660483736 17.389298441 -28.167113118 -0.099286454 0.957541540 0.184357440 0.198163403
127.731349000 20.710593990 17.408350046 -28.260909702 -0.096794926 0.958810082 0.177607382 0.199423134
127.830727000 20.757518350 17.411557699 -28.352265448 -0.092432351 0.959986016 0.170532138 0.201994799
127.930224000 20.802434445 17.426783164 -28.449383189 -0.089505997 0.960442852 0.166886053 0.204174559
128.029842000 20.828704819 17.418894752 -28.529876654 -0.089069113 0.960153744 0.166198028 0.206275777
128.129891000 20.870049316 17.418370675 -28.615411443 -0.087915725 0.961410125 0.155998254 0.208868241
128.230272000 20.907047112 17.407165060 -28.709121594 -0.084570156 0.963097546 0.143039647 0.211732532
128.330819000 20.973449073 17.409519354 -28.798400500 -0.086381347 0.962420810 0.146061187 0.212015514
128.431293000 21.009622974 17.413775274 -28.897809225 -0.087835299 0.959870156 0.161508081 0.211776730
128.531699000 21.013733384 17.398474081 -28.963017098 -0.088337256 0.956681404 0.189918859 0.202207931
128.632112000 21.054503326 17.428422356 -29.060316422 -0.077049759 0.956547412 0.211023330 0.185875060
128.732307000 21.118702677 17.457730172 -29.160752262 -0.082318110 0.956350432 0.228047194 0.163132023
128.832211000 21.184333533 17.518702542 -29.268275824 -0.081476112 0.956703654 0.243533659 0.137007729
128.931774000 21.233696669 17.579528951 -29.356551349 -0.074590005 0.965026453 0.225059169 0.111842063
129.031131000 21.272420071 17.629587211 -29.468866987 -0.060522128 0.973305581 0.204537851 0.084720631
129.130623000 21.298730163 17.683985509 -29.607033265 -0.010156100 0.980298558 0.189103450 0.056138013
129.230118000 21.318177715 17.734540175 -29.793408641 0.046723707 0.982455943 0.178855085 0.024659134
129.329859000 21.308447020 17.804234830 -29.993383787 0.079219705 0.983603895 0.161746528 -0.009256137
129.429819000 21.299523674 17.869111921 -30.174490510 0.085590721 0.985080821 0.142488803 -0.044575160
129.529988000 21.278838305 17.930173857 -30.319832677 0.088916303 0.984314305 0.131257240 -0.077400113
129.630293000 21.272612112 17.968201795 -30.454437388 0.090212926 0.981871011 0.125128181 -0.110153909
129.730712000 21.263932849 18.006137146 -30.579606536 0.088683449 0.978589171 0.119332424 -0.142331489
129.830989000 21.228754472 18.038589841 -30.683926088 0.081041666 0.973647132 0.124593090 -0.172974197
129.931136000 21.201819731 18.056216884 -30.773617414 0.075366219 0.967906712 0.129231116 -0.201930307
130.031277000 21.158058976 18.042023018 -30.814497509 0.066761701 0.963946220 0.123456762 -0.226072970
130.131355000 21.133773591 18.042070937 -30.874735962 0.056446580 0.958475148 0.139255634 -0.242377892
130.231190000 21.105346305 18.056210734 -30.925930567 0.052178083 0.953564870 0.150976843 -0.255337972
130.331075000 21.072496647 18.064200259 -30.988183286 0.057050286 0.949542181 0.152437505 -0.268100201
130.430939000 21.035658181 18.069847960 -31.044837279 0.067470281 0.945475850 0.149310500 -0.281477448
130.530681000 20.998358454 18.073434166 -31.087640610 0.078461276 0.940973533 0.143801057 -0.296199080
130.630352000 20.962196909 18.070785805 -31.121383135 0.079996424 0.936555990 0.140789469 -0.310872603
130.729910000 20.916599162 18.073947354 -31.147657320 0.070549919 0.931710877 0.140843679 -0.327262293
130.829520000 20.858803991 18.078844070 -31.186389329 0.073439413 0.925926092 0.138196493 -0.343757550
130.929278000 20.819535120 18.094070555 -31.190299011 0.076619553 0.919647726 0.133114186 -0.361466620
131.029167000 20.785738303 18.093385915 -31.193178872 0.079564876 0.912146225 0.128421715 -0.381007295
131.129287000 20.765816587 18.073655667 -31.178903594 0.079849237 0.902525024 0.124382473 -0.404477047
131.229463000 20.759007296 18.051513184 -31.164103721 0.076814836 0.891254016 0.122032536 -0.429969556
131.329716000 20.746642093 18.030885247 -31.115852944 0.068542030 0.877843041 0.122805768 -0.457834391
131.429921000 20.690884346 18.026707311 -31.062052971 0.057260570 0.862773457 0.125147879 -0.486498918
131.530042000 20.678179477 17.997598024 -31.002020223 -0.055687113 -0.847109796 -0.123012683 0.513976476
131.630069000 20.626631544 17.987562184 -30.934058518 -0.055960243 -0.830862038 -0.118388670 0.540851964
131.730076000 20.583688613 17.967048748 -30.869971981 -0.057252399 -0.813724245 -0.115084356 0.566860306
131.830175000 20.519870859 17.955492414 -30.812361827 -0.059600567 -0.795935516 -0.110484567 0.592222582
131.930370000 20.440994426 17.956034260 -30.752655851 -0.064469035 -0.778136982 -0.104012378 0.616058443
132.030659000 20.394799725 17.937517530 -30.693524457 -0.067192313 -0.759458731 -0.097888034 0.639629237
132.131048000 20.344041493 17.922351159 -30.618111667 -0.068405388 -0.740054004 -0.093013916 0.662562590
132.231399000 20.278279724 17.947488536 -30.540269086 -0.066932573 -0.721061024 -0.092411901 0.683411349
132.331510000 20.188928211 17.987128876 -30.452833628 -0.071662964 -0.702497427 -0.094484745 0.701736716
132.431289000 20.101533026 18.016035767 -30.358065005 -0.076228406 -0.682316002 -0.106884654 0.719172979
132.530926000 20.012598288 18.038948485 -30.248294864 -0.080773714 -0.663130159 -0.110884115 0.735825192
132.630755000 19.922743222 18.058024016 -30.125304881 -0.074453067 -0.645247840 -0.115760998 0.751472792
132.730719000 19.848178269 18.041516638 -30.004540739 -0.051757414 -0.628828111 -0.121032228 0.766320805
132.830733000 19.773228879 18.077152176 -29.903653131 -0.031417993 -0.612315207 -0.131853045 0.778908064
132.930914000 19.695396227 18.112451813 -29.791215549 -0.024365922 -0.599469206 -0.137404060 0.788139009
133.031355000 19.625579329 18.140960698 -29.685517176 -0.027186274 -0.584792124 -0.141500924 0.798283513
133.132166000 19.551311585 18.156468122 -29.579592941 -0.042186023 -0.566268103 -0.152881896 0.808818831
133.232963000 19.472163674 18.147809654 -29.480019797 -0.049733230 -0.550756524 -0.158899517 0.817890458
133.333663000 19.412901589 18.163265542 -29.377107596 -0.058844359 -0.535208250 -0.161598609 0.827028029
133.434338000 19.356430775 18.196666716 -29.277831106 -0.068527597 -0.519045469 -0.165420256 0.835782214
133.534672000 19.291413605 18.206826855 -29.162820280 -0.059829980 -0.508271774 -0.154259359 0.845153375
133.634783000 19.218264018 18.185931745 -29.031582468 -0.043511604 -0.502207899 -0.139913362 0.852243051
133.734565000 19.154967441 18.183643818 -28.934789947 -0.030101646 -0.494517227 -0.131193068 0.858682119
133.833992000 19.110466325 18.208323368 -28.827128603 -0.019545857 -0.487189157 -0.126904086 0.863805555
133.933209000 19.053832319 18.192888134 -28.771395272 -0.005055211 -0.466894451 -0.152231554 0.871096763
134.032523000 18.997704657 18.210852260 -28.677688463 -0.027164743 -0.445457154 -0.180617295 0.876474411
134.132164000 18.943253128 18.213340028 -28.585512971 -0.049472774 -0.425493832 -0.197586951 0.881740801
134.232182000 18.875573214 18.217639319 -28.497777404 -0.059933077 -0.405973407 -0.206943811 0.888126049
134.332218000 18.799940111 18.216767405 -28.415879767 -0.075669690 -0.386782419 -0.203566562 0.896233292
134.432205000 18.712297638 18.202353645 -28.330261189 -0.094539787 -0.367181088 -0.200656560 0.903314575
134.531962000 18.620408104 18.191809386 -28.248016810 -0.108735855 -0.348999776 -0.197353317 0.909630331
134.631533000 18.510352133 18.171969243 -28.154541536 -0.102486764 -0.337786248 -0.183232118 0.917509076
134.731091000 18.396420900 18.151804067 -28.065187409 -0.089536584 -0.328608989 -0.172068584 0.924333130
134.830889000 18.277265990 18.137272348 -27.965295601 -0.078388455 -0.320606820 -0.167686297 0.928949850
134.930955000 18.169489054 18.108758578 -27.847518756 -0.048927891 -0.319059657 -0.161740305 0.932548696
135.031153000 18.039852014 18.082094172 -27.731879081 -0.015932707 -0.316963591 -0.151198689 0.936172627
135.131403000 17.890087657 18.050974553 -27.625381916 0.018382843 -0.314818589 -0.127049987 0.940430555
135.231383000 17.785823169 18.026893335 -27.509139121 0.034391946 -0.317663929 -0.087061277 0.943571490
135.331264000 17.627579092 17.903852842 -27.391617864 0.032234184 -0.309510932 -0.059681449 0.948473545
135.431321000 17.605929824 17.990445342 -27.232203924 0.049657764 -0.313531773 -0.022307360 0.948015989
135.531589000 17.410532211 18.087001581 -27.146616406 0.063976354 -0.291812503 0.015421811 0.954208917
135.631830000 17.328629730 18.053505317 -27.029464958 0.071105468 -0.272812648 0.041837665 0.958523281
135.732050000 17.281153332 18.063822852 -26.895378103 0.087742731 -0.250274420 0.085114342 0.960426716
135.832244000 17.159632993 17.939577332 -26.727544547 0.086909372 -0.212539373 0.102066792 0.967913295
135.932314000 17.043581411 17.844230932 -26.454090876 0.090703264 -0.168333295 0.094875844 0.976952094
136.032168000 16.982042589 17.722774547 -26.311902406 0.109686113 -0.124765677 0.079709492 0.982877856
136.131739000 16.907608155 17.602582475 -26.181685660 0.094648520 -0.100235762 0.072758596 0.987775600
136.230977000 16.829223496 17.518866684 -25.991272383 0.088211733 -0.090575531 0.067969122 0.989643856
136.330216000 16.697680398 17.481056046 -25.711490394 0.088305365 -0.093642106 0.063128242 0.989670725
136.429471000 16.634277297 17.418978173 -25.568992666 0.091176666 -0.116228276 0.053967899 0.987555198
136.528724000 16.567034188 17.350638072 -25.421249655 0.093158253 -0.141022731 0.043241889 0.984664546
136.628637000 16.510286145 17.288257451 -25.236564230 0.096324343 -0.163238578 0.035065363 0.981246762
136.729064000 16.427503260 17.232657107 -25.070014251 0.100536757 -0.181394978 0.028009992 0.977856668
136.829891000 16.356003764 17.171970607 -24.914723987 0.102493014 -0.194820192 0.018198435 0.975299488
136.930717000 16.306913412 17.099493643 -24.726287189 0.105471482 -0.206028098 0.009215513 0.972801760
137.031138000 16.267073453 17.041921239 -24.633554324 0.110736833 -0.216059173 -0.008500744 0.970043053
137.131057000 16.202819677 16.985938318 -24.582682757 0.115517319 -0.220558162 -0.028658058 0.968084997
137.230752000 16.200826479 16.954410561 -24.518858224 0.117634343 -0.226645736 -0.039427830 0.966043124
137.330337000 16.261638238 16.912433604 -24.494990462 0.118069932 -0.230125245 -0.051003480 0.964624542
137.429904000 16.290086455 16.870002140 -24.471140014 0.123023499 -0.224566590 -0.073499035 0.963863557
137.529536000 16.294650948 16.828852801 -24.430495428 0.123370989 -0.223986090 -0.080562013 0.963389637
137.629189000 16.309585412 16.780783046 -24.430357659 0.122308460 -0.223587022 -0.088275068 0.962941845
137.729055000 16.405375711 16.747671887 -24.510069721 0.120405412 -0.230128824 -0.085570991 0.961884019
137.829106000 16.399703360 16.702446585 -24.504626016 0.114231161 -0.254935250 -0.057167772 0.958483754
137.928877000 16.374406688 16.677487049 -24.527331995 0.111244214 -0.280995846 -0.047477201 0.952056708
138.028550000 16.365036658 16.659791699 -24.559481458 0.108712208 -0.309891312 -0.042848951 0.943563987
138.128403000 16.386189682 16.646495956 -24.548199290 0.100653819 -0.345836807 -0.026843454 0.932494043
138.228314000 16.362583908 16.638715556 -24.472539050 0.097774121 -0.379270828 -0.021334128 0.919857986
138.328382000 16.271231920 16.640461620 -24.361591724 0.101471046 -0.407214368 -0.031461696 0.907132982
138.428653000 16.141914405 16.639650638 -24.208128515 0.105086579 -0.434864580 -0.037946314 0.893537736
138.529124000 15.997147022 16.636404853 -23.975957135 0.105688565 -0.465699360 -0.038389930 0.877770042
138.629410000 15.804695169 16.619927451 -23.706415451 0.106004405 -0.497880250 -0.041254496 0.859753680
138.729415000 15.542348190 16.650387607 -23.339391555 0.111286176 -0.526924164 -0.050926384 0.841054585
138.829350000 15.381456986 16.632501302 -23.277515938 0.116005384 -0.550955647 -0.061590969 0.824134200
138.929223000 15.166658538 16.579570377 -23.166351736 0.115019496 -0.575418018 -0.068902847 0.806794285
139.029018000 15.084196953 16.566735085 -23.102255212 0.115082696 -0.583939948 -0.072198461 0.800348357
139.128875000 15.084196953 16.566735085 -23.102255212 0.115082696 -0.583939948 -0.072198461 0.800348357
139.228919000 15.084196953 16.566735085 -23.102255212 0.115082696 -0.583939948 -0.072198461 0.800348357
139.329413000 15.084196953 16.566735085 -23.102255212 0.115082696 -0.583939948 -0.072198461 0.800348357
139.430247000 15.084196953 16.566735085 -23.102255212 0.115082696 -0.583939948 -0.072198461 0.800348357
139.530893000 15.084196953 16.566735085 -23.102255212 0.115082696 -0.583939948 -0.072198461 0.800348357
139.631151000 15.084196953 16.566735085 -23.102255212 0.115082696 -0.583939948 -0.072198461 0.800348357
139.730927000 15.084196953 16.566735085 -23.102255212 0.115082696 -0.583939948 -0.072198461 0.800348357
139.830414000 15.048811207 16.537643702 -23.080243645 0.114698422 -0.592525095 -0.077125035 0.793605704
139.929722000 14.927349888 16.585190491 -23.054420226 0.120169161 -0.608040107 -0.083015008 0.780355758
140.029059000 14.745747819 16.579325975 -23.029192204 0.124185672 -0.621047906 -0.094057453 0.768134502
140.128735000 14.520093629 16.610094636 -22.997420671 0.123405751 -0.636844503 -0.100686742 0.754362168
140.228445000 14.469985273 16.590361337 -22.964737433 0.125262329 -0.652098101 -0.108550603 0.739793337
140.328268000 14.391442691 16.594843758 -22.951975083 0.128622929 -0.671563455 -0.116896058 0.720273545
140.428410000 14.414515880 16.553993454 -22.931308912 0.129710552 -0.690944740 -0.129581307 0.699270494
140.528780000 14.364892582 16.502803255 -22.857304589 0.128981926 -0.711397505 -0.142235720 0.676051960
140.629174000 14.339816828 16.453121205 -22.797520108 0.130697434 -0.730063431 -0.152449456 0.653211093
140.729599000 14.357379048 16.438001680 -22.743133720 0.135088265 -0.746580476 -0.160228122 0.631423552
140.830165000 14.381872585 16.421838563 -22.710496891 0.138028406 -0.760614741 -0.169399717 0.611324064
140.930605000 14.378260681 16.413385960 -22.677253214 0.139838197 -0.775076012 -0.179977364 0.589330640
141.030632000 14.379250138 16.411943340 -22.639711765 0.141356588 -0.789292713 -0.189837037 0.566566173
141.130395000 14.377788163 16.407403724 -22.608726027 0.160813990 -0.795491721 -0.208068177 0.545929864
141.229894000 14.374075249 16.392465141 -22.569191969 0.176976928 -0.800255958 -0.227087270 0.526023707
141.329596000 14.359304396 16.411983129 -22.548174081 0.181139129 -0.799111611 -0.257872831 0.511967628
141.429574000 14.357436229 16.426120596 -22.520431802 -0.185208941 0.804228984 0.267934637 -0.497116103
141.529583000 14.366378008 16.446921922 -22.479196753 -0.184297250 0.812801689 0.270365603 -0.481965123
141.629536000 14.368120517 16.461592606 -22.442490236 -0.181601625 0.824683494 0.265386224 -0.465282856
141.729396000 14.368985029 16.488691190 -22.407371786 -0.180419831 0.836038197 0.260575358 -0.447871969
141.829325000 14.373308128 16.519730405 -22.369137519 -0.175020727 0.842696937 0.267732756 -0.433069034
141.929437000 14.401019596 16.545092507 -22.339418025 -0.172115095 0.846161101 0.279571750 -0.419794500
142.029505000 14.394131655 16.584842367 -22.325353220 -0.187201454 0.845512818 0.292303926 -0.405736498
142.129453000 14.398570423 16.623228544 -22.310494850 -0.202880079 0.846151556 0.299088999 -0.391679703
142.229333000 14.411815047 16.653143522 -22.295892983 -0.221728904 0.845563577 0.306002319 -0.377122142
142.329298000 14.414505555 16.709838269 -22.291415797 -0.231077137 0.847106120 0.312318281 -0.362590498
142.429215000 14.432178089 16.754361208 -22.281066067 -0.232538336 0.848490300 0.324863327 -0.347064766
142.529197000 14.446823932 16.811595073 -22.266442290 -0.232820055 0.849191734 0.340471704 -0.329768463
142.629217000 14.446682898 16.884006511 -22.255239255 -0.228633411 0.851659408 0.353710690 -0.311916278
142.729315000 14.437254740 16.938111867 -22.243515475 -0.214664595 0.863892025 0.352667650 -0.288505128
142.829345000 14.408916571 17.003212793 -22.237234207 -0.202988024 0.878178094 0.347269089 -0.258849912
142.929270000 14.388218700 17.077901648 -22.249523200 -0.186719201 0.887269739 0.347750975 -0.238657934
143.029448000 14.361240972 17.159452151 -22.286247263 -0.176309342 0.893810516 0.349048783 -0.219505637
143.129708000 14.322841660 17.231042392 -22.327350990 -0.164795463 0.904897978 0.341508440 -0.193323795
143.229654000 14.298065789 17.304257595 -22.362775229 -0.146773410 0.913796744 0.338653512 -0.169549035
143.329534000 14.279422559 17.401381290 -22.415515123 -0.130144243 0.919812795 0.340085226 -0.146112757
143.429516000 14.274049426 17.497215372 -22.472830450 -0.110300688 0.926956298 0.337631366 -0.120792552
143.529547000 14.278141829 17.594340319 -22.531144830 -0.087448979 0.935170010 0.329973878 -0.094482634
143.629581000 14.294366108 17.719085299 -22.601186949 -0.073676442 0.946132336 0.308101552 -0.066923970
143.729709000 14.302102083 17.864231461 -22.693444869 -0.064242887 0.950967997 0.299893484 -0.039957720
143.829805000 14.307924650 17.995188122 -22.770909866 -0.056336149 0.953362577 0.296225627 -0.013282088
143.929896000 14.316934270 18.120594991 -22.852692471 -0.048612885 0.953989962 0.295569142 0.013372451
144.029899000 14.334052662 18.257301560 -22.928810607 -0.040999686 0.953733700 0.295495747 0.037327172
144.130003000 14.360504482 18.375807299 -23.010372136 -0.049535432 0.952872297 0.293893259 0.056633732
144.230235000 14.401805403 18.506189783 -23.118454695 -0.074549895 0.949829291 0.295663429 0.069640275
144.330613000 14.455761724 18.602397519 -23.196182227 -0.057127881 0.949810076 0.297657890 0.077440338
144.430990000 14.546295986 18.710645758 -23.246504003 -0.072667224 0.952329163 0.282277606 0.090044393
144.531274000 14.598767837 18.770810218 -23.172066416 -0.063651450 0.958108174 0.263994899 0.091016001
144.631468000 14.638191464 19.038494841 -23.349582352 -0.045480035 0.960325188 0.251015514 0.112686786
144.731414000 14.678528488 19.160961907 -23.510761748 -0.027766483 0.958869323 0.253549010 0.124545344
144.831128000 14.851124341 19.239542061 -23.562601976 -0.022125247 0.960478737 0.252224561 0.115645321
144.930723000 14.941652735 19.353803125 -23.701902818 -0.008858621 0.959220655 0.255253670 0.121090143
145.030417000 14.893232350 19.391718947 -23.729627473 -0.009741643 0.959742516 0.238235674 0.148469417
145.130333000 14.984095842 19.446913153 -23.776573235 -0.006783816 0.959126067 0.240371515 0.149173396
145.230105000 15.056047245 19.495433072 -23.797128354 -0.004090886 0.958480850 0.241975564 0.150816280
145.329827000 15.134023091 19.559810614 -23.813121347 -0.000437305 0.958536212 0.241038266 0.152015436
145.429536000 15.218382886 19.623385095 -23.836387598 -0.000081487 0.957915454 0.242277738 0.153946338
145.529268000 15.310337660 19.690883534 -23.865073425 0.000523932 0.957890936 0.241932226 0.154639832
145.629046000 15.272779734 19.694915420 -23.898592802 0.006163216 0.953819320 0.249506397 0.167144483
145.728868000 15.346036496 19.673661578 -23.924162289 0.004828932 0.949307111 0.264571212 0.169690201
145.828844000 15.401763202 19.720268021 -23.965609663 0.008051796 0.944466597 0.279127904 0.173221329
145.928854000 15.522853218 19.772743276 -23.989497451 0.004249988 0.938801644 0.298389166 0.172038707
146.029033000 15.600891369 19.810667264 -24.017890192 0.005661621 0.934606266 0.309555054 0.175084958
146.129324000 15.710221486 19.858660083 -24.059000465 0.002085031 0.926473087 0.332516176 0.176284613
146.229509000 15.802408096 19.910539095 -24.099537699 0.000393956 0.917790696 0.354226431 0.179398215
146.329658000 15.905604358 19.948333158 -24.153303055 0.002084879 0.915464758 0.359363698 0.181046025
146.429809000 16.015481880 19.986476717 -24.224848261 0.007598699 0.921387201 0.342675610 0.183197465
146.529918000 16.146576280 20.049087216 -24.327709498 0.019546056 0.938696368 0.292248617 0.181818113
146.629895000 16.201615142 20.107577253 -24.416318485 0.032001782 0.948134570 0.255757145 0.186024209
146.729808000 16.313893819 20.120764048 -24.512830029 0.038993155 0.951578167 0.244073532 0.182774826
146.829619000 16.417653544 20.161809019 -24.624974609 0.041159717 0.953477671 0.237562941 0.180969771
146.929532000 16.529515745 20.222862757 -24.729263316 0.114257365 0.946500751 0.241135191 0.181481133
147.029651000 16.635916552 20.235754409 -24.832491251 0.184891118 0.932943006 0.251908384 0.178814958
147.129986000 16.732921166 20.296627506 -24.946923638 0.203514072 0.930270794 0.250674809 0.174184996
147.230379000 16.799599116 20.298929749 -25.031949105 0.153399446 0.942753593 0.244387113 0.167210082
147.330825000 16.835569212 20.334318736 -25.117958695 0.120418622 0.950036037 0.239286102 0.160228104
147.431079000 16.898194288 20.329105289 -25.216236454 0.078974733 0.957012701 0.236016209 0.148949762
147.530973000 16.957358879 20.316482285 -25.325376783 0.049522340 0.960595138 0.235009683 0.139910571
147.630618000 17.008886497 20.314448501 -25.422087306 0.037358007 0.962407862 0.233631116 0.133386609
147.730190000 17.064472381 20.323401093 -25.510085914 0.032759382 0.964184656 0.232506913 0.123350343
147.829895000 17.127159963 20.281703121 -25.617409862 0.033154710 0.964981363 0.236040111 0.109529904
147.929741000 17.157654003 20.269619037 -25.702477799 0.037210741 0.965984612 0.236131807 0.098645121
148.029720000 17.201048626 20.274137853 -25.782642482 0.037088870 0.967261974 0.235165527 0.087896897
148.129884000 17.274893100 20.224513612 -25.879169384 0.038812948 0.967684130 0.237894711 0.074074875
148.229906000 17.386489511 20.164862787 -25.973927607 0.040007025 0.967520840 0.243055421 0.056806016
148.329991000 17.393640542 20.181313759 -26.018823616 0.107416846 0.963577949 0.239812869 0.049688488
148.430067000 17.417870357 20.152247729 -26.094122185 0.122881329 0.961643794 0.241177972 0.044436218
148.529962000 17.450613384 20.147440481 -26.206544002 0.134790223 0.960214093 0.241494718 0.038740062
148.629969000 17.461607054 20.106221016 -26.301938632 0.159289608 0.955689896 0.245119573 0.034641573
148.729886000 17.448219661 20.088748157 -26.392596830 0.161312615 0.955582263 0.244452846 0.032917867
148.829717000 17.393139660 20.108987092 -26.417633336 0.133495660 0.961479048 0.237310609 0.037691172
148.929525000 17.367986302 20.204975552 -26.404282679 0.096749965 0.970004809 0.220203292 0.035222515
149.029393000 17.351891964 20.253648586 -26.425331527 0.080498066 0.973753284 0.210335747 0.032916194
149.129322000 17.346202139 20.252591901 -26.387151917 0.084806542 0.975664916 0.200500023 0.026183239
149.229202000 17.387949629 20.284246004 -26.473864288 0.105101270 0.973517425 0.202590322 0.013217682
149.329329000 17.400819668 20.335544014 -26.594521316 0.116952836 0.972258107 0.202557194 -0.002605997
149.429466000 17.405123484 20.389514553 -26.718754704 0.113676001 0.972088743 0.203591423 -0.025918641
149.529620000 17.410591613 20.443221979 -26.841882655 0.104071078 0.971198278 0.206259621 -0.058310246
149.629700000 17.393370443 20.514229086 -26.968021100 0.103992706 0.967695528 0.208593699 -0.096122587
149.729675000 17.380615154 20.566205855 -27.065059827 0.113871982 0.961294670 0.210235759 -0.136918426
149.829461000 17.388297367 20.608351362 -27.145171622 0.129660735 0.952709252 0.208351288 -0.179228668
149.929063000 17.396889388 20.649815340 -27.229415398 0.140427633 0.942524145 0.207385646 -0.221177555
150.028557000 17.389807155 20.700079607 -27.311704368 0.153955431 0.932424066 0.205158332 -0.254544977
150.127930000 17.376790496 20.732710358 -27.351153497 0.160848248 0.924265617 0.206700851 -0.277733089
150.227309000 17.353515425 20.775689303 -27.382523551 0.149123408 0.917880362 0.220552948 -0.294302986
150.326904000 17.322184119 20.845615790 -27.436232684 0.132855484 0.913283045 0.231012121 -0.308053406
150.426712000 17.286204527 20.911182202 -27.482902396 0.124628584 0.906066925 0.248916289 -0.318670873
150.526885000 17.258558479 20.957824995 -27.527522386 0.126952503 0.895154633 0.273971623 -0.327903637
150.627552000 17.217223818 21.019496364 -27.588306195 0.124311195 0.890998658 0.273907852 -0.340062651
150.728542000 17.169150477 21.072303789 -27.651172613 0.124692561 0.889685667 0.260458953 -0.353655642
150.829579000 17.120615182 21.120615601 -27.708869777 0.119059113 0.888192820 0.248928386 -0.367386854
150.930321000 17.073983310 21.173732011 -27.766740957 0.114253611 0.884575233 0.240846075 -0.382708686
151.030782000 17.023280259 21.237022497 -27.826146580 0.113612631 0.878347381 0.236985314 -0.399294390
151.131035000 16.976109994 21.291023658 -27.891252887 0.116443873 0.870111298 0.235753262 -0.416854355
151.230903000 16.932089187 21.344698840 -27.952588460 0.118674048 0.861181530 0.234980429 -0.434818399
151.330639000 16.882852243 21.396783454 -28.021569354 0.138356197 0.850711610 0.226127314 -0.453887383
151.430301000 16.839178062 21.442898625 -28.072799040 0.150936886 0.840160181 0.221417143 -0.471511798
151.530117000 16.787264623 21.498587872 -28.126222092 0.152613946 0.829773558 0.220754187 -0.489338753
151.630078000 16.730428026 21.558369322 -28.177473797 -0.142253694 -0.818636157 -0.227338268 0.507854349
151.730112000 16.681951502 21.614490132 -28.222896733 -0.137189735 -0.807733343 -0.230755719 0.524878674
151.830016000 16.639470696 21.665918462 -28.261353014 -0.134437638 -0.798948961 -0.232418945 0.538134290
151.929730000 16.593805237 21.706258208 -28.300405761 -0.136512109 -0.792350234 -0.232727296 0.547159534
152.029402000 16.548294128 21.747503251 -28.336744828 -0.138340463 -0.784352573 -0.232393296 0.558252911
152.129603000 16.499675269 21.807347882 -28.373821138 -0.146243652 -0.773797372 -0.229795995 0.571877804
152.230015000 16.463903268 21.857738700 -28.407311443 -0.163677380 -0.760821029 -0.220430518 0.588023353
152.330476000 16.414855831 21.922472352 -28.435872317 -0.173122833 -0.746404198 -0.214765992 0.605627630
152.430756000 16.366131541 21.994782881 -28.465932860 -0.180245524 -0.730710063 -0.209932873 0.624101389
152.530761000 16.324164911 22.061210362 -28.492870653 -0.185535861 -0.713315441 -0.206679727 0.643460190
152.630547000 16.290228194 22.122718503 -28.513766333 -0.187779266 -0.695830851 -0.204905326 0.662247825
152.730088000 16.251385376 22.183149646 -28.527672205 -0.191682128 -0.677692913 -0.202121356 0.680541869
152.829538000 16.213409219 22.246783286 -28.522236323 -0.178827589 -0.660847853 -0.214006340 0.696779804
152.929169000 16.177990698 22.308056844 -28.526006433 -0.171185562 -0.643302669 -0.223950871 0.711830870
153.029123000 16.140508167 22.373545043 -28.531291476 -0.178757986 -0.625828069 -0.216054523 0.727808528
153.129340000 16.108857884 22.435440545 -28.534191692 -0.183909346 -0.608599003 -0.210924906 0.742492620
153.229394000 16.082872182 22.478543236 -28.538855167 -0.204586486 -0.589773570 -0.188333210 0.758183426
153.329555000 16.096877483 22.548384014 -28.527853111 -0.183079311 -0.572928429 -0.205385608 0.772043868
153.429746000 16.088479659 22.582325834 -28.511514301 -0.174596837 -0.555655356 -0.213588140 0.784310637
153.529939000 16.069408945 22.616236526 -28.503771852 -0.172165529 -0.536882053 -0.217376329 0.796783674
153.630019000 16.061695694 22.661688105 -28.504743699 -0.169845270 -0.518760489 -0.216037197 0.809548064
153.729985000 16.046706696 22.695838017 -28.505081132 -0.174651684 -0.502008827 -0.208042727 0.821098137
153.830051000 16.033307161 22.736809621 -28.509589760 -0.182591275 -0.485240996 -0.193415997 0.832941687
153.930185000 16.023099081 22.774029915 -28.507033605 -0.186026421 -0.469705821 -0.183714564 0.843219765
154.030444000 16.008753962 22.807341558 -28.502446663 -0.189080112 -0.453542326 -0.174582790 0.853269547
154.130848000 15.997102474 22.843923204 -28.499837255 -0.183913259 -0.436408229 -0.177858450 0.862606598
154.231029000 15.988430826 22.880481165 -28.488787771 -0.174813591 -0.416774019 -0.195363598 0.870386518
154.331033000 15.975866216 22.912533796 -28.476092749 -0.166170834 -0.398395339 -0.201961255 0.879135973
154.431110000 15.970344456 22.948679138 -28.465064324 -0.161540304 -0.382665835 -0.203518974 0.886595520
154.531079000 15.958075182 22.978418896 -28.451190609 -0.161679795 -0.370119779 -0.204647593 0.891622317
154.630688000 15.959099896 23.016655053 -28.447897471 -0.158089368 -0.365034165 -0.204724364 0.894340955
154.730021000 15.942421168 23.048750295 -28.450834756 -0.157108249 -0.364245246 -0.206664617 0.894389252
154.829415000 15.949369426 23.007528163 -28.474477244 -0.171709365 -0.366950093 -0.195388340 0.893133204
154.929102000 15.935686264 23.010640350 -28.466655772 -0.175050365 -0.371809457 -0.201952583 0.889005203
155.028979000 15.924971267 23.045422568 -28.466185028 -0.179437314 -0.372756336 -0.207591081 0.886431558
155.129093000 15.913425358 23.078361952 -28.455904908 -0.186236320 -0.373785619 -0.214404239 0.882967251
155.229230000 15.908618531 23.103843544 -28.447727603 -0.186482256 -0.377427825 -0.203374946 0.883974681
155.329469000 15.904546212 23.134256112 -28.435669965 -0.191481083 -0.380813678 -0.187072379 0.885053593
155.429695000 15.901310975 23.159979877 -28.416790778 -0.201721416 -0.382311483 -0.164929385 0.886535221
155.529860000 15.964433487 23.218852247 -28.386592959 -0.196040385 -0.389637170 -0.154048056 0.886577825
155.629880000 15.955920997 23.202677925 -28.341993533 -0.190628744 -0.387418093 -0.184554798 0.882897179
155.730021000 15.958134091 23.222044350 -28.318177315 -0.182046300 -0.383696732 -0.202082647 0.882495646
155.830485000 15.958554032 23.236598137 -28.298615387 -0.179531190 -0.379713114 -0.211211133 0.882596374
155.930980000 15.977737198 23.238233292 -28.278901831 -0.179778282 -0.377372337 -0.212611311 0.883213632
156.031378000 15.983607101 23.238441867 -28.271137445 -0.181297445 -0.373395228 -0.214883431 0.884043184
156.131493000 15.980586117 23.262139378 -28.255965152 -0.189871972 -0.368930943 -0.220212403 0.882805240
156.231217000 15.977137747 23.273523997 -28.235584732 -0.202094185 -0.365073358 -0.225092897 0.880461567
156.330850000 15.985422393 23.303658280 -28.216925821 -0.207505783 -0.364018297 -0.230541616 0.878226960
156.430617000 15.985069095 23.320994098 -28.196434823 -0.214831990 -0.361809760 -0.239009882 0.875108673
156.530500000 15.993555534 23.358780482 -28.170748034 -0.196791551 -0.368386732 -0.241489178 0.875926526
156.630477000 15.957032099 23.356877754 -28.131707943 -0.199009636 -0.370490773 -0.235210987 0.876246280
156.730476000 15.944156781 23.385755363 -28.110159450 -0.194424162 -0.378744318 -0.227846375 0.875692878
156.830434000 15.936074044 23.415352360 -28.090707559 -0.190831312 -0.388580948 -0.226481624 0.872521823
156.930332000 15.926214310 23.448444777 -28.073373816 -0.195694334 -0.398691573 -0.218772759 0.868842470
157.030317000 15.914652111 23.480125091 -28.059961177 -0.198570275 -0.408515310 -0.216879664 0.864088131
157.130618000 15.905258259 23.508093619 -28.043296475 -0.203012494 -0.418829319 -0.215384658 0.858473866
157.230862000 15.894038616 23.545435727 -28.026096826 -0.204508796 -0.427680878 -0.216985171 0.853336191
157.331049000 15.884149427 23.578667254 -28.011051939 -0.206474735 -0.435348344 -0.217872606 0.848747036
157.431054000 15.875730873 23.610703699 -27.994468602 -0.208507351 -0.442915041 -0.218024145 0.844284563
157.530834000 15.873527852 23.659591744 -27.982382707 -0.207912416 -0.449687699 -0.217002489 0.841108388
157.630436000 15.859155361 23.684969162 -27.967911545 -0.211396357 -0.455425117 -0.220360434 0.836266000
157.729943000 15.851502060 23.721728132 -27.955816637 -0.212929549 -0.460403968 -0.220579774 0.833086884
157.829371000 15.843725881 23.761650474 -27.942579980 -0.211752629 -0.466082211 -0.224181148 0.829259314
157.928922000 15.835001544 23.798529599 -27.930763667 -0.206125385 -0.469593336 -0.237906772 0.824860468
158.028749000 15.823896041 23.837667029 -27.918836112 -0.206739093 -0.472515390 -0.243349178 0.821443444
158.128951000 15.815748699 23.870797506 -27.912574129 -0.214672878 -0.476241382 -0.237890086 0.818851640
158.229287000 15.800431657 23.896482600 -27.921613364 -0.221513613 -0.477287818 -0.236161630 0.816918443
158.329676000 15.792997469 23.938400524 -27.912814153 -0.228656955 -0.481987155 -0.224988336 0.815343258
158.429858000 15.784125208 23.972384079 -27.909001512 -0.226570486 -0.486056592 -0.231485929 0.811682862
158.529820000 15.772787987 24.009156524 -27.915718219 -0.227620568 -0.485310178 -0.231504701 0.811830328
158.629872000 15.757653173 24.039417139 -27.918350232 -0.233050578 -0.484717963 -0.227414488 0.811799591
158.729879000 15.751890572 24.059349234 -27.920562759 -0.236219538 -0.486377140 -0.228153774 0.809681087
158.829729000 15.737065871 24.077807790 -27.924662822 -0.239231706 -0.481942585 -0.231849748 0.810398192
158.929588000 15.725047232 24.097720023 -27.927502034 -0.240952128 -0.475909374 -0.233211410 0.813058902
159.029432000 15.706424192 24.118053973 -27.928340712 -0.243061567 -0.468185366 -0.233395889 0.816853657
159.129387000 15.679781668 24.143617575 -27.929199815 -0.245459761 -0.461093401 -0.230916924 0.820865248
159.229212000 15.660528919 24.154528347 -27.928596806 -0.248279888 -0.455495268 -0.233969066 0.822277103
159.329133000 15.646614239 24.161254824 -27.926189987 -0.254256500 -0.455437107 -0.238249567 0.819248325
159.428906000 15.633464869 24.185443218 -27.916735869 -0.265193107 -0.454515242 -0.225419858 0.819923410
159.528579000 15.617035049 24.213135142 -27.919716716 -0.282413066 -0.448793687 -0.192823032 0.825618777
159.628146000 15.598648823 24.236896096 -27.931454968 -0.277598790 -0.443536730 -0.205454996 0.827044331
159.727779000 15.555033459 24.274008919 -27.910829812 -0.275262438 -0.441309560 -0.223394094 0.824361293
159.827617000 15.542869150 24.293187700 -27.911504024 -0.275421793 -0.439487887 -0.239165612 0.820848977
159.927488000 15.508433551 24.339567415 -27.879943068 -0.280309735 -0.441599292 -0.229387429 0.820851951
160.027466000 15.479474442 24.367179156 -27.916986882 -0.297222980 -0.440610333 -0.200740530 0.822936373
160.127695000 15.426862698 24.407336999 -27.861003297 -0.321546835 -0.440930683 -0.165876275 0.821384701
160.228095000 15.406962166 24.427281519 -27.823492958 -0.319020480 -0.440710561 -0.184789267 0.818445515
160.329156000 15.360397269 24.459535981 -27.802981577 -0.316365844 -0.441523630 -0.193110624 0.817115551
160.430243000 15.308968720 24.497127005 -27.785394563 -0.303084829 -0.444134756 -0.210488387 0.816442616
160.531373000 15.251360879 24.532463819 -27.764740932 -0.299181243 -0.439861494 -0.206586877 0.821178612
160.632679000 15.247193185 24.533708957 -27.771362327 -0.298922890 -0.438723489 -0.202007432 0.823018714
160.734152000 15.284588238 24.534313287 -27.854832943 -0.294992757 -0.437231073 -0.204496649 0.824614688
160.834915000 15.311811957 24.546324269 -27.776765500 -0.299780852 -0.446741542 -0.199987597 0.818876301
160.934703000 15.388798283 24.476738525 -27.859168542 -0.299882340 -0.446885127 -0.196726638 0.819550423
161.033686000 15.377079171 24.458066428 -27.839532481 -0.302572599 -0.446776791 -0.198505713 0.818190567
161.132191000 15.373399368 24.454617944 -27.842836228 -0.303447666 -0.447271602 -0.199091184 0.817453563
161.230442000 15.376725499 24.453202184 -27.841753149 -0.303302148 -0.446845785 -0.199973712 0.817525024
161.328864000 15.286175993 24.496852557 -27.838169723 -0.306191047 -0.437085476 -0.199997973 0.821708063
161.427670000 15.216116403 24.538098156 -27.815895000 -0.306028168 -0.437231491 -0.200122437 0.821660754
161.526895000 15.212106985 24.538627838 -27.815460620 -0.304339598 -0.431422706 -0.203114022 0.824619035
161.626532000 15.221129523 24.533651432 -27.812412819 -0.304267270 -0.429903870 -0.203898704 0.825245060
161.726491000 15.137462825 24.592039537 -27.754652753 -0.300216447 -0.432167713 -0.217178899 0.822152345
161.826642000 14.986244982 24.686836834 -27.656766914 -0.299625531 -0.434743028 -0.219855637 0.820296617
161.926877000 14.995886061 24.707250537 -27.604136747 -0.298944868 -0.443635745 -0.219861970 0.815769579
162.027062000 14.951370029 24.729179440 -27.537959524 -0.299528643 -0.446442086 -0.222281216 0.813365304
162.127301000 14.921136604 24.796234542 -27.505670740 -0.299260439 -0.446229596 -0.218873618 0.814503945
162.227374000 14.844982211 24.854541899 -27.560770779 -0.300661002 -0.440815876 -0.209277817 0.819443177
162.327334000 14.817513355 24.858845211 -27.584465314 -0.302009322 -0.433722478 -0.207911158 0.823072373
162.427241000 14.826478593 24.923291954 -27.541745655 -0.294128627 -0.436821496 -0.207073775 0.824497291
162.527147000 14.936066217 24.876836638 -27.626137952 -0.292152962 -0.435301193 -0.210974814 0.825014634
162.627096000 14.774326218 24.955979440 -27.475418377 -0.314975857 -0.429928248 -0.188658907 0.824839214
162.727061000 14.882148743 24.895188729 -27.467306007 -0.312165338 -0.422999472 -0.194380766 0.828154796
162.827021000 14.886278889 25.020099266 -27.451168941 -0.312114626 -0.420363243 -0.185581424 0.831527955
162.926956000 14.719973424 25.055084533 -27.337217581 -0.320560161 -0.417319916 -0.188767105 0.829127403
163.026915000 14.680542744 25.019696727 -27.151324847 -0.322494565 -0.420053081 -0.197561294 0.824937694
