0.030223000 45.225237256 -80.233625661 -30.122210095 0.882970061 -0.021666338 -0.257118482 0.392153704
0.130276000 45.302895039 -80.245387258 -30.175785934 0.883139902 -0.016494171 -0.256898051 0.392167372
0.230376000 45.036144790 -80.505544865 -30.247142827 0.884248862 -0.023200476 -0.252163624 0.392401828
0.330564000 45.420110529 -80.313834837 -29.894360085 0.884007235 -0.030510120 -0.249911053 0.393884255
0.430791000 45.173470178 -80.514854027 -29.769254987 0.885131699 -0.030277039 -0.246408974 0.393583275
0.530922000 45.096020166 -80.281180168 -29.475054323 0.885173031 -0.037850550 -0.244609224 0.393957318
0.630978000 45.064490600 -80.281683010 -29.501079277 0.884678833 -0.038092591 -0.244345564 0.395205723
0.730982000 45.039369821 -80.289194223 -29.517983196 0.884461283 -0.038128218 -0.244402170 0.395653962
0.830917000 45.370479172 -80.108325204 -29.521768127 0.883106831 -0.038183374 -0.246023850 0.397663954
0.930828000 45.281842691 -79.865964317 -29.349770763 0.883740623 -0.022731274 -0.245328206 0.397869164
1.030754000 45.531282497 -80.026355935 -29.491520196 0.883398681 -0.025723050 -0.246015094 0.398022196
1.130878000 45.273449869 -80.355914940 -29.737698032 0.883954611 -0.024046602 -0.246017981 0.396889353
1.230942000 45.272202744 -80.412227243 -29.716405599 0.884502396 -0.025620825 -0.245395459 0.395954736
1.330936000 45.237233166 -80.416229385 -29.710959132 0.884525234 -0.022014580 -0.244649904 0.396581508
1.430882000 45.494579566 -80.272563664 -29.619699050 0.883842981 -0.026116670 -0.243802112 0.398371729
1.530790000 45.698969817 -80.068306426 -29.288617889 0.882835468 -0.032481695 -0.237032246 0.404180887
1.630644000 45.592623442 -80.231037405 -29.290194956 0.884418968 -0.034641381 -0.234018116 0.402291666
1.730501000 45.411207134 -80.893003772 -29.741003292 0.886511242 -0.021323185 -0.236786880 0.396957320
1.830460000 45.512428310 -81.237132262 -30.025403095 0.886899199 -0.019462948 -0.238644792 0.395069194
1.930550000 45.579360010 -81.281892910 -30.164377875 0.886479259 -0.017694638 -0.238651440 0.396089527
2.030679000 46.207257984 -80.861791295 -29.912860221 0.886568247 -0.011682007 -0.241703375 0.394258484
2.130821000 46.301925611 -80.762307269 -30.277451457 0.883371580 -0.016519992 -0.241331123 0.401423755
2.230762000 46.618446904 -81.130895375 -30.662699457 0.883917191 -0.010815184 -0.242593255 0.399652279
2.330689000 47.020606075 -81.459121412 -30.473188646 0.885546968 0.000069925 -0.246433309 0.393798408
2.430605000 47.582779696 -81.579157826 -30.288891367 0.885578837 0.006920021 -0.253518110 0.389141112
2.530493000 48.262837318 -81.381713171 -30.014232288 0.884155255 0.005830934 -0.258195752 0.389320483
2.630426000 48.470405268 -81.729479266 -30.663407513 0.882926971 0.010365267 -0.264783627 0.387585031
2.730416000 48.405152988 -82.328397576 -31.322062072 0.881652505 0.006041827 -0.267202847 0.388915152
2.830437000 48.708226056 -82.201761328 -31.390852998 0.879815470 0.005612835 -0.266853566 0.393296845
2.930731000 49.580474348 -81.989528715 -30.852148553 0.878630211 0.004422138 -0.271802312 0.392572158
3.031136000 49.824454490 -82.134457555 -31.211195952 0.878484364 0.007899832 -0.270419979 0.393796711
3.131636000 50.358526237 -81.943789600 -31.168021415 0.878467902 0.007270879 -0.269808896 0.394264427
3.231961000 50.985543508 -82.047651162 -31.377870547 0.878005656 -0.000804043 -0.271739039 0.394034665
3.332064000 51.474980323 -81.989463288 -31.328508008 0.878656358 0.000311733 -0.271999984 0.392401472
3.431964000 51.988046194 -82.091754414 -31.449876614 0.878546032 0.000814727 -0.274153009 0.391147457
3.531722000 52.439065706 -81.962170775 -31.073657870 0.879794557 0.005167894 -0.274772758 0.387859204
3.631463000 52.822986575 -81.874157868 -31.339243975 0.878587493 0.008655093 -0.277278064 0.388749254
3.731275000 53.194053154 -81.630651997 -31.360103856 0.876708637 0.007886781 -0.279033278 0.391739957
3.831188000 53.163404778 -81.643015045 -31.473971024 0.876624124 0.008917572 -0.279357323 0.391676024
3.931194000 53.328730605 -81.592115525 -31.426014914 0.876536735 0.009508125 -0.279293600 0.391903091
4.031262000 53.599257057 -81.515002902 -31.348530703 0.876029883 0.010811714 -0.281055811 0.391742750
4.131469000 53.751242850 -81.662495476 -31.455865771 0.877100614 0.018945843 -0.285991284 0.385414780
4.231566000 53.666240835 -81.727687275 -31.601202544 0.877361176 0.023239212 -0.285666958 0.384826837
4.331606000 53.880530009 -81.600361877 -31.428262501 0.877395229 0.019660872 -0.284560497 0.385767269
4.431541000 53.880530009 -81.600361877 -31.428262501 0.877395229 0.019660872 -0.284560497 0.385767269
4.531379000 53.880530009 -81.600361877 -31.428262501 0.877395229 0.019660872 -0.284560497 0.385767269
4.631215000 53.880530009 -81.600361877 -31.428262501 0.877395229 0.019660872 -0.284560497 0.385767269
4.731091000 53.880530009 -81.600361877 -31.428262501 0.877395229 0.019660872 -0.284560497 0.385767269
4.830996000 53.987055706 -81.555305466 -31.438807210 0.877024025 0.021802689 -0.286466844 0.385084731
4.930918000 53.987055706 -81.555305466 -31.438807210 0.877024025 0.021802689 -0.286466844 0.385084731
5.030843000 53.987055706 -81.555305466 -31.438807210 0.877024025 0.021802689 -0.286466844 0.385084731
5.130893000 53.987055706 -81.555305466 -31.438807210 0.877024025 0.021802689 -0.286466844 0.385084731
5.230848000 53.987055706 -81.555305466 -31.438807210 0.877024025 0.021802689 -0.286466844 0.385084731
5.330834000 53.987055706 -81.555305466 -31.438807210 0.877024025 0.021802689 -0.286466844 0.385084731
5.430837000 53.987055706 -81.555305466 -31.438807210 0.877024025 0.021802689 -0.286466844 0.385084731
5.530791000 53.987055706 -81.555305466 -31.438807210 0.877024025 0.021802689 -0.286466844 0.385084731
5.630687000 53.987055706 -81.555305466 -31.438807210 0.877024025 0.021802689 -0.286466844 0.385084731
5.730592000 53.987055706 -81.555305466 -31.438807210 0.877024025 0.021802689 -0.286466844 0.385084731
5.830505000 53.987055706 -81.555305466 -31.438807210 0.877024025 0.021802689 -0.286466844 0.385084731
5.930546000 53.987055706 -81.555305466 -31.438807210 0.877024025 0.021802689 -0.286466844 0.385084731
6.030778000 53.987055706 -81.555305466 -31.438807210 0.877024025 0.021802689 -0.286466844 0.385084731
6.131146000 53.987055706 -81.555305466 -31.438807210 0.877024025 0.021802689 -0.286466844 0.385084731
6.231416000 53.987055706 -81.555305466 -31.438807210 0.877024025 0.021802689 -0.286466844 0.385084731
6.331618000 53.987055706 -81.555305466 -31.438807210 0.877024025 0.021802689 -0.286466844 0.385084731
6.431744000 53.987055706 -81.555305466 -31.438807210 0.877024025 0.021802689 -0.286466844 0.385084731
6.531738000 53.987055706 -81.555305466 -31.438807210 0.877024025 0.021802689 -0.286466844 0.385084731
6.631632000 53.987055706 -81.555305466 -31.438807210 0.877024025 0.021802689 -0.286466844 0.385084731
6.731465000 53.728835173 -81.482530149 -31.351530213 0.878075363 0.021103200 -0.277572850 0.389219250
6.831249000 54.282092802 -81.639997369 -31.338396982 0.879685917 0.010517677 -0.271078676 0.390587272
6.931055000 54.212676511 -81.683729522 -31.252676582 0.880917040 0.007812367 -0.268502762 0.389654209
7.030908000 53.851126427 -82.065455667 -31.332131489 0.883328353 0.011412989 -0.265976855 0.385820007
7.130963000 54.280799335 -82.010593597 -30.941176872 0.880941404 -0.000590989 -0.277150810 0.383574401
7.230963000 54.301701284 -82.387186388 -31.282919101 0.881038685 0.002440067 -0.279413705 0.381697345
7.330965000 54.224334441 -82.150601586 -31.182986130 0.883619178 -0.000275802 -0.272647691 0.380631460
7.430947000 54.115197577 -82.103862533 -31.276723253 0.881029611 0.002908867 -0.272100110 0.386962393
7.530873000 54.166803782 -82.117818357 -31.323632360 0.878015303 -0.008147397 -0.278435599 0.389225340
7.630765000 54.166803782 -82.117818357 -31.323632360 0.878015303 -0.008147397 -0.278435599 0.389225340
7.730723000 54.258034099 -82.096695401 -31.223152073 0.879070623 -0.027865079 -0.262860195 0.396689922
7.830754000 54.232470633 -82.021767478 -31.172331882 0.878770424 -0.018166096 -0.265199422 0.396360696
7.930908000 54.237566826 -81.961373761 -31.078290638 0.878015573 -0.018075347 -0.257487961 0.403065608
8.031118000 54.228798824 -81.965811359 -31.079881846 0.878029969 -0.024276506 -0.247443294 0.408957016
8.131458000 54.200357151 -81.889924973 -31.127987667 0.878341737 -0.023420956 -0.231656617 0.417495466
8.231680000 54.203226557 -81.905826594 -31.136574288 0.880994383 -0.028246935 -0.216262728 0.419858834
8.331777000 54.162725298 -81.940880601 -31.172470524 0.886340270 -0.020776882 -0.200074720 0.417060371
8.431952000 54.135395780 -81.961434612 -31.201212098 0.888679508 -0.053878398 -0.176633581 0.419698021
8.532281000 54.064271982 -82.020469072 -31.295888857 0.895330179 -0.087621486 -0.145530263 0.411736917
8.632975000 54.039930434 -82.057775847 -31.319978405 0.898976649 -0.067616902 -0.125627585 0.414109466
8.733508000 53.994707504 -82.097170474 -31.366582817 0.907292829 -0.035488094 -0.114117325 0.403159465
8.833945000 53.971151683 -82.126207271 -31.389507855 0.912197902 -0.025406686 -0.102706282 0.395854654
8.934482000 53.996379737 -82.106713840 -31.420250024 0.912429303 -0.016814027 -0.100190100 0.396424014
9.034887000 53.996553971 -82.120113878 -31.434354751 0.915861723 -0.022221729 -0.092634399 0.390028676
9.135177000 53.980573774 -82.146506332 -31.464334112 0.919132771 -0.032051271 -0.081565740 0.384076418
9.235113000 53.954749068 -82.170267839 -31.503128743 0.921468562 -0.047637493 -0.066669107 0.379712509
9.334962000 53.906575773 -82.217845402 -31.543975603 0.922072048 -0.096423010 -0.042458589 0.372401677
9.434947000 53.911657303 -82.214069636 -31.586474730 0.921283045 -0.127707579 -0.024566679 0.366503483
9.534834000 53.890801352 -82.243062912 -31.624235967 0.930205311 -0.099562693 -0.004415429 0.353250413
9.634628000 53.967558406 -82.230471427 -31.692082471 0.931487085 -0.093907202 0.008079141 0.351351640
9.734316000 54.066964196 -82.226772617 -31.766750592 0.935070677 -0.058724431 0.020568044 0.348957342
9.833932000 54.104655936 -82.235538029 -31.824666187 0.937160159 -0.043305794 0.048077385 0.342846919
9.933561000 54.199773771 -82.218832537 -31.878386396 0.937042434 -0.025478713 0.066506356 0.341876025
10.033395000 54.159033451 -82.301320595 -32.011771772 0.936704623 -0.013295701 0.104676130 0.333842149
10.133611000 54.215726414 -82.270785053 -32.061603795 0.937503621 0.004634351 0.121275180 0.326125456
10.233998000 54.136590506 -82.384374589 -32.169169053 0.936050339 -0.025496941 0.166392623 0.308987320
10.334614000 54.240453071 -82.347559258 -32.224722478 0.934564575 -0.039621486 0.178087980 0.305456811
10.435115000 54.340927081 -82.315789335 -32.271358098 0.933580732 -0.043079390 0.190672645 0.300358328
10.535477000 54.460457588 -82.288173213 -32.323103863 0.932082345 -0.033091019 0.202533630 0.298508986
10.635604000 54.595500526 -82.254343925 -32.374012133 0.928859834 -0.006515876 0.213449262 0.302681952
10.735496000 54.720326452 -82.229329454 -32.410217568 0.927204979 0.006040133 0.226250176 0.298438104
10.835223000 54.864012459 -82.195429674 -32.475699211 0.923867667 0.009023922 0.237893660 0.299655986
10.934761000 54.899232034 -82.227609922 -32.510484521 0.922806875 0.012067762 0.265905588 0.278524790
11.034212000 54.940010289 -82.306951991 -32.565080559 0.920694169 0.043636257 0.286340211 0.261586328
11.133727000 55.036061417 -82.241533143 -32.639116775 0.914609377 0.047185152 0.300220721 0.266703520
11.233283000 55.039522727 -82.273974478 -32.645853281 0.906223837 0.029615101 0.338300719 0.251860928
11.333031000 55.060329517 -82.314786479 -32.651407212 0.902449332 0.077732559 0.346421728 0.243997621
11.432971000 55.081796234 -82.301030435 -32.664190388 0.894934316 0.104350884 0.365834009 0.233171483
11.533101000 55.200264060 -82.239367922 -32.722567553 0.888320121 0.116242046 0.376936572 0.235146700
11.633369000 55.296755758 -82.263347926 -32.834939861 0.885028194 0.121072493 0.393644359 0.217049916
11.733727000 55.381107454 -82.354266884 -32.865245302 0.888059975 0.118716710 0.407087918 0.177581674
11.833986000 55.531154791 -82.245844997 -32.945398038 0.885163756 0.115894319 0.418395838 0.167327688
11.934174000 55.701807308 -82.137466317 -33.028079950 0.876188484 0.134177181 0.431367406 0.167965430
12.034438000 55.871257622 -82.031293169 -33.125013949 0.874088438 0.137550494 0.441790740 0.147885789
12.134703000 56.048724009 -81.926784357 -33.213284813 0.870691741 0.144536672 0.450947748 0.132857707
12.234678000 56.235912916 -81.815201613 -33.290126819 0.862110334 0.167389721 0.460927591 0.127640937
12.334486000 56.422964532 -81.691176430 -33.375235875 0.851915182 0.185099837 0.474960390 0.119963334
12.434324000 56.605177305 -81.576633251 -33.460126485 0.845730765 0.189733894 0.486026547 0.111887080
12.534121000 56.765097197 -81.455614232 -33.553412461 0.844267720 0.178944587 0.494822653 0.101692640
12.633931000 56.936845268 -81.340579651 -33.637342088 0.840194282 0.178770473 0.503177840 0.094481469
12.733925000 57.096635151 -81.220100372 -33.720162533 0.831487331 0.189252681 0.513491237 0.095598070
12.833942000 57.253522299 -81.098364919 -33.806155554 0.825760477 0.185457719 0.523547755 0.098095959
12.934210000 57.417598294 -80.969442230 -33.891396760 0.827935034 0.170563565 0.527531285 0.084512686
13.034735000 57.567494090 -80.842659400 -33.982244347 0.836971648 0.139520492 0.525764048 0.059872017
13.135361000 57.748675001 -80.726912155 -34.080038029 0.843549602 0.113071194 0.523473103 0.040185628
13.235719000 57.930056389 -80.635882490 -34.150493257 0.844228534 0.107350558 0.524255615 0.030167697
13.335717000 58.112757356 -80.516839524 -34.206373117 0.841133228 0.114910530 0.527641379 0.029749574
13.435516000 58.309828324 -80.396995093 -34.224904670 0.834950111 0.132954996 0.532862071 0.035203624
13.535154000 58.515867174 -80.281063531 -34.243089746 0.827495853 0.150308030 0.539379154 0.041572073
13.634771000 58.726591414 -80.130591503 -34.247672282 0.816169240 0.172747223 0.547722428 0.063453220
13.734457000 58.950992831 -79.984779578 -34.222141665 0.808129292 0.182785570 0.553524837 0.084420010
13.834282000 59.182803905 -79.857183952 -34.188797063 0.805568262 0.187590675 0.554827147 0.089645701
13.934303000 59.436230394 -79.721013597 -34.174571788 0.807796861 0.174850753 0.555366702 0.091974298
14.034718000 59.683118047 -79.575288804 -34.179149948 0.804858732 0.178640276 0.557284772 0.098609111
14.135364000 59.958629935 -79.507581467 -34.162269383 0.801848323 0.181286306 0.560660114 0.099170454
14.235921000 60.190603923 -79.363978407 -34.187627958 0.797950440 0.177558671 0.565583941 0.108916570
14.336305000 60.497589947 -79.269499640 -34.233834542 0.793465816 0.188168985 0.569285939 0.104489003
14.436339000 60.817830602 -79.130742717 -34.237161911 0.791805947 0.201796419 0.569746910 0.087806634
14.536055000 61.129455711 -79.003182206 -34.246829823 0.787635283 0.208040546 0.575042709 0.075337076
14.635765000 61.437483714 -78.871584086 -34.261872637 0.780143139 0.209852888 0.585670587 0.065790668
14.735700000 61.740997575 -78.734685989 -34.284292384 0.771517250 0.213799291 0.596850862 0.053104098
14.835972000 62.040210358 -78.584252993 -34.313562980 0.763190968 0.213397995 0.608565570 0.040605293
14.936393000 62.303747887 -78.429183087 -34.364411975 0.759723185 0.198841898 0.618710036 0.021919709
15.036778000 62.567641891 -78.266957329 -34.401938301 0.753512382 0.192426705 0.628562250 0.010027557
15.137004000 62.832139330 -78.105804393 -34.441737786 0.742756030 0.197054542 0.639868804 0.007134502
15.236960000 63.088814267 -77.957294086 -34.485388505 0.734902034 0.200610808 0.647817868 0.002512622
15.336588000 63.314057268 -77.810626228 -34.541321584 0.735570014 0.187373997 0.650908019 -0.012103316
15.436112000 63.525398610 -77.575165626 -34.609769896 0.739714750 0.164000671 0.652061228 -0.027240110
15.535622000 63.747238456 -77.466212342 -34.619981973 0.729672093 0.179973421 0.659290315 -0.022901632
15.635182000 63.981040807 -77.326862429 -34.640456261 0.718126838 0.196473396 0.667395363 -0.016597565
15.734794000 64.197992421 -77.197834298 -34.677349491 0.715087386 0.196712523 0.670433329 -0.021756947
15.834550000 64.427113968 -77.052102542 -34.705989657 0.715856558 0.193164611 0.670404350 -0.028192697
15.934466000 64.644420830 -76.924523952 -34.718368330 0.715998828 0.193422812 0.669880034 -0.034554798
16.034529000 64.847162907 -76.786440298 -34.740664194 0.718920702 0.185998871 0.668258514 -0.044587025
16.134723000 65.077823736 -76.662341382 -34.750943789 0.717871113 0.181104456 0.669717434 -0.057799651
16.234855000 65.314615352 -76.558975742 -34.751733014 0.715316139 0.177756089 0.671921923 -0.072432885
16.334885000 65.555265726 -76.454496244 -34.727395212 0.712885030 0.170746103 0.674209512 -0.089901262
16.434784000 65.777398350 -76.330351590 -34.733656592 0.703036675 0.168144540 0.683534623 -0.101228779
16.534597000 66.007432269 -76.188211889 -34.717294803 0.688099732 0.169844353 0.697396309 -0.106348684
16.634399000 66.237869127 -76.058571438 -34.684498884 0.674183712 0.169486615 0.709660985 -0.114594487
16.734188000 66.468672883 -75.927212588 -34.645632457 0.665386745 0.159051018 0.717479935 -0.131094606
16.834069000 66.690585595 -75.804787692 -34.589227400 0.648912215 0.161114646 0.730754821 -0.137667715
16.934168000 66.906853576 -75.670096663 -34.533527500 0.631196238 0.158247154 0.744640208 -0.148526454
17.034561000 67.107998796 -75.526572774 -34.469810250 0.616783430 0.152071507 0.754852210 -0.163250110
17.134937000 67.312653442 -75.402107080 -34.390259480 0.603004731 0.148465992 0.764105331 -0.174602942
17.235027000 67.500755366 -75.271174261 -34.303232676 0.587690995 0.148789202 0.774637770 -0.180048309
17.334959000 67.689932175 -75.133366548 -34.203445200 0.561380297 0.165561166 0.795289505 -0.157975519
17.434761000 67.869883679 -75.008583012 -34.103585940 0.541356613 0.170079269 0.808459209 -0.156204251
17.534516000 68.035938259 -74.879544529 -34.008474199 0.525142974 0.171205856 0.818408711 -0.158494775
17.634380000 68.201539094 -74.744001732 -33.925181180 0.513557595 0.166510585 0.826252931 -0.160744878
17.734332000 68.367259664 -74.616752160 -33.845994693 0.505137651 0.145782380 0.836263433 -0.155714229
17.834384000 68.524161235 -74.486179312 -33.759008106 0.496681674 0.128949563 0.843960357 -0.156237771
17.934511000 68.721805355 -74.340602875 -33.700307415 0.484319461 0.115646311 0.853894790 -0.151407659
18.034686000 68.885510511 -74.177965893 -33.610571164 0.473192708 0.104141230 0.860557285 -0.157112775
18.134941000 69.056335819 -74.015392360 -33.518319479 0.459063927 0.104090607 0.865816110 -0.169670035
18.235069000 69.230658258 -73.853082720 -33.413884261 0.447231352 0.105394206 0.869285331 -0.182261332
18.335130000 69.420351840 -73.686847722 -33.308846095 0.434613554 0.108311436 0.873057778 -0.192742854
18.435074000 69.613152536 -73.479519512 -33.217301356 0.423560826 0.113532076 0.876017356 -0.200749311
18.534841000 69.803704907 -73.282237410 -33.117538745 0.418746811 0.119435046 0.876601019 -0.204834157
18.634440000 69.982407935 -73.087853762 -32.999047383 0.417809130 0.120997197 0.875465228 -0.210608269
18.734131000 70.171253432 -72.928620945 -32.886712637 0.412231154 0.127724514 0.875611340 -0.216925573
18.834190000 70.363829165 -72.668480378 -32.789633124 0.409827496 0.120737532 0.878115865 -0.215351806
18.934245000 70.553725034 -72.455447121 -32.680133681 0.409865597 0.125991330 0.876993384 -0.216838608
19.034195000 70.749408019 -72.243136696 -32.573736453 0.410985612 0.125578328 0.876306738 -0.217732430
19.134247000 70.947772033 -71.975384672 -32.469566728 0.411906145 0.124922912 0.876964035 -0.213685928
19.234173000 71.160277573 -71.712985716 -32.362244611 0.415197410 0.112491325 0.878897373 -0.206146114
19.333985000 71.339341173 -71.544324912 -32.229659250 0.419997092 0.111055094 0.875469138 -0.211714425
19.433759000 71.575137246 -71.323219410 -32.114752485 0.413636053 0.120547138 0.876057946 -0.216555024
19.533647000 71.808906968 -71.087884582 -31.995164703 0.403021676 0.142594790 0.874168105 -0.230370089
19.633706000 72.022285569 -70.840174531 -31.838863402 0.402012650 0.133345514 0.874594783 -0.235984679
19.733950000 72.244912534 -70.550058203 -31.700496978 0.390100260 0.135465464 0.876150057 -0.248660358
19.834351000 72.495277041 -70.263755263 -31.573163583 0.376794845 0.126587558 0.882099290 -0.252788602
19.934686000 72.644333820 -69.843963760 -31.384942680 0.367670531 0.121737768 0.885402223 -0.257023733
20.034830000 72.849155902 -69.474534661 -31.203994348 0.354088511 0.139724442 0.884658458 -0.269217048
20.134939000 73.091399523 -69.212681171 -31.027849424 0.346435263 0.160615950 0.878291301 -0.287731673
20.234886000 73.305345514 -68.878305852 -30.873001339 0.335249072 0.172792599 0.882288318 -0.281634696
20.334739000 73.523727031 -68.590396310 -30.721633679 0.331722087 0.175566882 0.878862135 -0.294513286
20.434606000 73.714834904 -68.239311788 -30.596578176 0.330133888 0.173097311 0.877177686 -0.302668538
20.534431000 73.883792060 -67.905164736 -30.454495557 0.332589811 0.174615122 0.875034337 -0.305300646
20.634226000 74.048895171 -67.596753091 -30.326343737 0.334513806 0.179599740 0.872603411 -0.307258416
20.734107000 74.194106464 -67.316503305 -30.187905012 0.351484192 0.189551911 0.860543012 -0.316219322
20.833642000 74.362542526 -67.026179306 -30.061805662 0.362816278 0.202512827 0.855059342 -0.310203846
20.933344000 74.471338247 -66.727757209 -29.949425938 0.375617392 0.212034840 0.848877299 -0.305548902
21.033510000 74.613316858 -66.389048138 -29.848469303 0.383896140 0.219862041 0.844552721 -0.301687154
21.134082000 74.748443682 -66.041634363 -29.761364029 0.393208027 0.226280518 0.840366929 -0.296593996
21.234493000 74.880359563 -65.698867730 -29.681431986 0.398309732 0.231539323 0.837952783 -0.292530396
21.334830000 75.011409182 -65.374069296 -29.589852667 0.402741031 0.236828653 0.832862696 -0.296734866
21.435108000 75.125296768 -65.046299037 -29.502405135 0.411031294 0.229884553 0.833401405 -0.289220445
21.535304000 75.248607271 -64.722350437 -29.412053736 0.413503714 0.232585078 0.832692388 -0.285556032
21.635417000 75.373585816 -64.387610206 -29.335451904 0.410226590 0.243711201 0.830105358 -0.288520521
21.735309000 75.497406311 -64.038477163 -29.262864978 0.408367125 0.247809963 0.828835755 -0.291303630
21.834960000 75.610959226 -63.717555218 -29.178256396 0.411833137 0.245612632 0.827542462 -0.291961256
21.934563000 75.738920309 -63.393177596 -29.095882503 0.411501171 0.251259135 0.825269676 -0.294050329
22.034086000 75.864437019 -63.058673700 -29.019753664 0.412318263 0.253957937 0.823733183 -0.294894317
22.133706000 75.994507859 -62.718298600 -28.962605394 0.414330605 0.251402282 0.824911471 -0.290943479
22.233351000 76.130682731 -62.394588232 -28.882930471 0.412909773 0.264638283 0.819700093 -0.295911907
22.333175000 76.254423129 -62.058652824 -28.823404004 0.414070771 0.267817247 0.818168071 -0.295669285
22.433131000 76.383107310 -61.706762638 -28.752501879 0.419453185 0.263706732 0.818343194 -0.291259681
22.533192000 76.518316866 -61.357760599 -28.685743816 0.419202142 0.269964079 0.817061483 -0.289481422
22.633437000 76.652193168 -61.034073378 -28.614213921 0.421509195 0.270756922 0.815304224 -0.290344122
22.733776000 76.794485733 -60.680805130 -28.540308185 0.425855338 0.266227113 0.815686445 -0.287099251
22.834133000 76.930809504 -60.329541997 -28.491785811 0.427805735 0.260215683 0.818450741 -0.281795023
22.934435000 77.065575405 -60.033415140 -28.431640609 0.427228106 0.273343721 0.811491902 -0.290241706
23.034675000 77.220794185 -59.666754680 -28.386550632 0.425252496 0.280122387 0.809822787 -0.291339692
23.134907000 77.363504101 -59.296161769 -28.339812399 0.424628347 0.284501047 0.808754982 -0.290973024
23.234947000 77.505697311 -58.917375868 -28.291990230 0.424222171 0.290654394 0.805786184 -0.293707675
23.334888000 77.647530077 -58.547321530 -28.252438737 0.424099742 0.294351108 0.803591470 -0.296205307
23.434722000 77.793561803 -58.182488838 -28.189172640 0.430036568 0.285600367 0.804997570 -0.292369446
23.534467000 77.963832327 -57.850814336 -28.104280312 0.436179254 0.279254663 0.805693826 -0.287440342
23.634174000 78.095415711 -57.477410170 -28.064762385 0.438322687 0.277978119 0.804981721 -0.287412274
23.734130000 78.244152274 -57.113583939 -28.010847817 0.444872635 0.264843518 0.807874482 -0.281576048
23.834420000 78.428380486 -56.711652297 -27.936525794 0.443823938 0.258465106 0.815872856 -0.265645598
23.934808000 78.567369486 -56.381078757 -27.848517880 0.446895467 0.263150046 0.812301006 -0.266839972
24.035080000 78.712246483 -55.977803268 -27.792085227 0.449610903 0.273267596 0.804335521 -0.276078296
24.135011000 78.872801957 -55.558388120 -27.728684294 0.450894861 0.283543621 0.797885149 -0.282269601
24.234668000 79.014094557 -55.127200719 -27.670385220 0.447775211 0.302305359 0.787704431 -0.296024592
24.334396000 79.153656308 -54.663606128 -27.627856099 0.441372171 0.320856581 0.778913943 -0.309086931
24.434275000 79.320107245 -54.192995658 -27.576478011 0.436627787 0.330084613 0.775127635 -0.315558985
24.534289000 79.482292698 -53.741767872 -27.521426911 0.432690550 0.337799024 0.773858888 -0.315932159
24.634383000 79.643018300 -53.259967892 -27.479039800 0.434101538 0.339019568 0.771371129 -0.318760363
24.734582000 79.822421367 -52.778234120 -27.425229603 0.437416032 0.330610329 0.776093198 -0.311517853
24.834952000 80.062001021 -52.240890021 -27.359655653 0.423635146 0.338628595 0.780902277 -0.309928333
24.935469000 80.175670054 -51.790375505 -27.341625594 0.425499464 0.336986712 0.777960387 -0.316492966
25.035911000 80.298566796 -51.311435298 -27.318733328 0.421879136 0.340078314 0.774803126 -0.325645284
25.136321000 80.436162510 -50.884221646 -27.265005357 0.417817150 0.344854610 0.772245267 -0.331875542
25.236296000 80.525205288 -50.435893196 -27.252471728 0.415954793 0.346518867 0.770577317 -0.336328535
25.335693000 80.617213466 -49.972580266 -27.242974499 0.416461577 0.346564623 0.769284392 -0.338606321
25.434876000 80.746550158 -49.594565777 -27.200406918 0.416021460 0.351752096 0.769285368 -0.333761336
25.534329000 80.839045729 -49.141958495 -27.197177845 0.414965386 0.356286973 0.767844112 -0.333584684
25.634183000 80.874866884 -48.659673687 -27.216454149 0.420863743 0.355743261 0.762699375 -0.338541142
25.734190000 80.975685967 -48.152211108 -27.259956247 0.418473893 0.359738047 0.761865095 -0.339160309
25.834301000 81.080383212 -47.699499388 -27.282584134 0.414651826 0.365745280 0.763022184 -0.334800538
25.934464000 81.174203117 -47.188251752 -27.320669865 0.418172276 0.361882932 0.764212541 -0.331891374
26.034681000 81.264060186 -46.773579228 -27.326021389 0.424151461 0.368348949 0.756633807 -0.334544275
26.134889000 81.396247124 -46.315175009 -27.317634452 0.428990519 0.367902572 0.754867224 -0.332851778
26.234972000 81.521235395 -45.920376232 -27.300087217 0.435116119 0.365956621 0.754444370 -0.327968608
26.335124000 81.618445410 -45.510210664 -27.283295579 0.437036207 0.373146432 0.748285116 -0.331406820
26.435283000 81.769710154 -45.054102366 -27.279533737 0.422970078 0.389692883 0.752804335 -0.320189637
26.535376000 81.919468614 -44.574891470 -27.280091532 0.411871309 0.397685861 0.761849432 -0.302974296
26.635361000 82.093460856 -44.104972717 -27.286677449 0.425944782 0.398366520 0.748345026 -0.315998228
26.735188000 82.186490756 -43.642679361 -27.349727145 0.438494570 0.391522083 0.742007923 -0.322268853
26.835116000 82.322787332 -43.191400815 -27.375850278 0.443046549 0.393178022 0.736949359 -0.325617015
26.935162000 82.457792604 -42.751491934 -27.388737719 0.446448385 0.400192738 0.729691558 -0.328754988
27.035172000 82.545376096 -42.357798312 -27.386244178 0.451452482 0.406410994 0.722558095 -0.330046298
27.135221000 82.677473572 -41.977983379 -27.358660628 0.452874233 0.412968634 0.718562327 -0.328679202
27.235114000 82.773622664 -41.600117628 -27.375921067 0.458662892 0.413782727 0.714204534 -0.329126252
27.335003000 82.855683398 -41.234824820 -27.351592820 0.463737135 0.418970577 0.708521029 -0.327733852
27.434910000 82.980176661 -40.862928711 -27.356215653 0.466145327 0.424261392 0.703419751 -0.328498795
27.535018000 83.107494438 -40.500798020 -27.356945904 0.467767296 0.433620985 0.694652859 -0.332601871
27.635154000 83.243130944 -40.110985481 -27.395959655 0.467940009 0.440316496 0.688841651 -0.335634788
27.735031000 83.354474073 -39.703278928 -27.441899155 0.466394189 0.445461138 0.686417696 -0.335963661
27.834818000 83.525444413 -39.363856421 -27.435427293 0.471113440 0.446040224 0.686521068 -0.328312457
27.934776000 83.594561508 -38.987042827 -27.480568641 0.473774958 0.450093157 0.683570403 -0.325092208
28.034971000 83.722563697 -38.589156159 -27.571468263 0.469222133 0.457644926 0.681253194 -0.326015024
28.135272000 83.851799328 -38.200807040 -27.591848210 0.469645372 0.470678662 0.667576021 -0.335018025
28.235723000 83.960642043 -37.819400622 -27.660824098 0.472050773 0.473224965 0.661584124 -0.339900938
28.336109000 84.067270144 -37.428061883 -27.729735518 0.467551987 0.482111911 0.656833852 -0.342830186
28.436219000 84.193858526 -37.102162993 -27.752169349 0.471832941 0.484757574 0.650022629 -0.346199873
28.535869000 84.330329598 -36.742101459 -27.824505729 0.477892716 0.479781242 0.647784798 -0.349003391
28.635294000 84.436683705 -36.330688925 -27.959085190 0.479881499 0.464343339 0.669491065 -0.325393183
28.734931000 84.574403638 -35.945276004 -28.056314846 0.478995009 0.464785524 0.673358444 -0.318004093
28.834990000 84.599540632 -35.492830712 -28.244744850 0.478513205 0.475345306 0.660347933 -0.330170502
28.935167000 84.599960990 -35.012926961 -28.418364000 0.479162517 0.487066690 0.645943844 -0.340478886
29.035455000 84.660026265 -34.559053315 -28.566045356 0.472385989 0.497816018 0.644116835 -0.337852324
29.135870000 84.710498778 -34.107178540 -28.711841069 0.481518466 0.498619740 0.636433047 -0.338336073
29.236011000 84.745364960 -33.602657212 -28.893608175 0.480701749 0.514273188 0.622800827 -0.341420630
29.335952000 84.777048536 -33.104261806 -29.079738444 0.477911560 0.532002543 0.607028683 -0.346540060
29.435621000 84.783088371 -32.598029623 -29.253765810 0.477698390 0.543667730 0.599664735 -0.341514061
29.535138000 84.812038353 -32.078396199 -29.399876351 0.471631130 0.551579935 0.601851545 -0.333314221
29.635287000 84.892590718 -31.488784356 -29.545613334 0.425797566 0.584462680 0.616440241 -0.311610715
29.735885000 84.913655581 -30.970764266 -29.745268820 0.433008254 0.594494804 0.602036675 -0.310856272
29.836001000 84.940570382 -30.487134000 -29.943288391 0.451488806 0.593364489 0.586204660 -0.316923551
29.936158000 84.957363314 -29.993589815 -30.158380870 0.463376966 0.593453199 0.574928883 -0.320237206
30.036431000 84.986591498 -29.509576519 -30.370309368 0.485418022 0.586708352 0.557841017 -0.330084918
30.136755000 84.970579937 -29.030567805 -30.598032105 0.494692323 0.585195868 0.550132272 -0.331933404
30.236918000 85.004679170 -28.544410350 -30.817660839 0.496249071 0.589554535 0.544061709 -0.331902345
30.336961000 85.005776293 -28.086961164 -31.016276258 0.498204557 0.593300014 0.538753601 -0.330955994
30.436829000 85.001520185 -27.594358128 -31.249012456 0.496015675 0.598130810 0.537757586 -0.327146392
30.536560000 85.006065287 -27.124775755 -31.444764806 0.496432049 0.602242126 0.533741087 -0.325545842
30.636253000 84.991345467 -26.663839603 -31.661771298 0.499339341 0.604906913 0.525950256 -0.328822411
30.735943000 84.967347198 -26.196586316 -31.896778554 0.498528369 0.607516671 0.523255896 -0.329539417
30.835656000 84.954764950 -25.751510375 -32.113224906 0.498639898 0.609471229 0.518747506 -0.332872495
30.935376000 84.918910103 -25.323362755 -32.331160020 0.499474406 0.611058065 0.514418608 -0.335420415
31.035100000 84.895967279 -24.895437867 -32.564814820 0.498346651 0.614255149 0.510465231 -0.337292863
31.134947000 84.851725049 -24.478322599 -32.814044955 0.498142361 0.614974115 0.511153059 -0.335236598
31.234773000 84.706661305 -24.083017711 -33.092195167 0.499632481 0.613769674 0.509662939 -0.337487569
31.334827000 84.649856505 -23.656097491 -33.340137147 0.496973527 0.618160954 0.504839292 -0.340634170
31.434994000 84.578483528 -23.234962250 -33.590954097 0.485436262 0.625777801 0.508081248 -0.338536888
31.535243000 84.515352836 -22.818292376 -33.802120266 0.492818369 0.620936765 0.507531584 -0.337608175
31.635580000 84.434426856 -22.399773799 -34.049268536 0.497635824 0.621524078 0.499063841 -0.342055097
31.735921000 84.342587766 -21.985520608 -34.333866117 0.497093899 0.622511002 0.498539197 -0.341813366
31.836272000 84.299347092 -21.544066463 -34.581159624 0.495407620 0.628171089 0.490011968 -0.346208962
31.936620000 84.216449266 -21.136223344 -34.844731444 0.495741942 0.630976910 0.484382242 -0.348542550
32.037011000 84.146936926 -20.700642607 -35.109627119 0.493108707 0.634624166 0.482003923 -0.348952990
32.137435000 84.049627481 -20.325087217 -35.352134520 0.497237764 0.628741421 0.490073552 -0.342442324
32.237544000 83.953381684 -19.917064654 -35.622267992 0.510368357 0.611223733 0.508958305 -0.326942093
32.337501000 83.789937320 -19.499523581 -35.910931852 0.510305880 0.610971203 0.508500388 -0.328221653
32.437339000 83.759252295 -19.040216473 -36.156287551 0.508822389 0.612905025 0.509056352 -0.326050361
32.536878000 83.594030775 -18.591322865 -36.478974272 0.502240457 0.622346097 0.496901051 -0.336940951
32.636322000 83.504264543 -18.141938612 -36.761335606 0.495454877 0.632864825 0.482513043 -0.348120298
32.735698000 83.437816904 -17.707724054 -37.012895645 0.492125609 0.639774215 0.472686914 -0.353650140
32.835284000 83.311072708 -17.269292110 -37.340931782 0.490920718 0.641776840 0.470276672 -0.354907295
32.935217000 83.202635135 -16.856592392 -37.622949859 0.491623775 0.643554329 0.466286433 -0.355978723
33.035457000 83.135145479 -16.423808797 -37.904212008 0.486380303 0.644743219 0.476195835 -0.347818788
33.135826000 83.070990815 -16.006980776 -38.169397186 0.461605045 0.655103299 0.495797535 -0.334582209
33.236047000 82.947296214 -15.583479751 -38.452395410 0.423790200 0.672819599 0.515324923 -0.319618331
33.336064000 82.878364306 -15.150335503 -38.736807260 0.392365860 0.691423780 0.515891885 -0.319120278
33.436056000 82.790787299 -14.747235382 -39.045528286 0.380701210 0.694812958 0.521191878 -0.317270497
33.536068000 82.691440482 -14.365555854 -39.404173429 0.397012114 0.688651930 0.511560642 -0.326260034
33.636210000 82.616697940 -13.970777000 -39.767403296 0.389072123 0.697123853 0.502085539 -0.332492599
33.736338000 82.553003055 -13.599887067 -40.161734500 0.392479339 0.695795883 0.496215775 -0.339997003
33.836526000 82.466018565 -13.231427662 -40.539040759 0.450222025 0.675827259 0.459158765 -0.360181721
33.936459000 82.387495751 -12.874578806 -40.958661101 0.472079023 0.666784230 0.443334045 -0.368775150
34.036345000 82.281577249 -12.542159468 -41.378293892 0.489219098 0.657925213 0.432637021 -0.374999062
34.136269000 82.195042823 -12.192543273 -41.804692570 0.533832866 0.637377863 0.395418947 -0.390404646
34.236087000 82.099864969 -11.849079497 -42.172777020 0.552120012 0.631207984 0.375762025 -0.394389242
34.335903000 81.992202430 -11.497295354 -42.572003819 0.563483246 0.628112455 0.357577724 -0.400124413
34.435698000 81.895142953 -11.150095068 -42.852590604 0.514638413 0.656752579 0.390857419 -0.388656444
34.535840000 81.773133754 -10.821674102 -43.122001418 0.491756192 0.667205590 0.408135218 -0.382672434
34.636266000 81.628360582 -10.472983805 -43.491351933 0.480769230 0.664766163 0.420099876 -0.387895592
34.736458000 81.476416260 -10.150977561 -43.809430071 0.475371286 0.662012778 0.423680850 -0.395291993
34.836388000 81.309306718 -9.847015429 -44.157441588 0.472032706 0.658592412 0.428202074 -0.400105164
34.935994000 81.171977412 -9.537264743 -44.447012482 0.469177871 0.659552880 0.426144790 -0.404057844
35.035695000 81.035569440 -9.248964058 -44.737730308 0.467026615 0.660814456 0.422705413 -0.408081523
35.135696000 80.861892887 -8.969584087 -45.024825791 0.467334119 0.658643962 0.420429208 -0.413553180
35.235515000 80.706675549 -8.687084512 -45.307133086 0.464046096 0.657553458 0.418690636 -0.420693263
35.335481000 80.512270632 -8.416357486 -45.598608302 0.465217452 0.654419005 0.416470882 -0.426451045
35.435483000 80.328991297 -8.152647061 -45.871424636 0.467320359 0.653638970 0.413333132 -0.428396429
35.535420000 80.187624188 -7.898028469 -46.109328802 0.466198646 0.658544810 0.406367727 -0.428768967
35.635223000 79.993238889 -7.658886222 -46.381683671 0.463573723 0.663165561 0.400915978 -0.429624511
35.735028000 79.836561378 -7.399114314 -46.642789939 0.461185166 0.669210329 0.393424031 -0.429747960
35.834915000 79.640738368 -7.166460125 -46.912315994 0.459512080 0.673967450 0.388533014 -0.428554106
35.934961000 79.473500192 -6.934467253 -47.175856573 0.457746940 0.677355803 0.383629367 -0.429517594
36.035134000 79.300594814 -6.708589021 -47.447483729 0.455062199 0.681319831 0.378023060 -0.431068728
36.135517000 79.108483640 -6.488406299 -47.728291076 0.454881617 0.683288427 0.375288969 -0.430532031
36.235712000 78.916535942 -6.291007654 -47.999374590 0.454089334 0.685710997 0.370095356 -0.432010107
36.335740000 78.673301928 -6.120165936 -48.285527968 0.455413724 0.686291986 0.366803835 -0.432500401
36.435496000 78.470381720 -5.954643201 -48.556449122 0.459036836 0.683521812 0.359938067 -0.438779790
36.535285000 78.254728179 -5.773825789 -48.831081797 0.492079920 0.663970914 0.332064282 -0.454679327
36.635175000 78.081478033 -5.620114680 -49.022446695 0.496154209 0.655682122 0.314589524 -0.474284078
36.735054000 77.887922246 -5.431334987 -49.251231064 0.484754797 0.650341781 0.323936400 -0.486963616
36.835293000 77.743114651 -5.224286172 -49.453597914 0.462754676 0.651744612 0.339340515 -0.495918425
36.935668000 77.530253662 -5.014749233 -49.723743955 -0.446257115 -0.649994732 -0.354547285 0.502650632
37.035841000 77.415626074 -4.824342679 -49.865779246 -0.438378946 -0.648554012 -0.352829366 0.512555394
37.135794000 77.208058983 -4.674738304 -50.101894805 -0.433403415 -0.641685218 -0.354287623 0.524291752
37.235575000 77.067144721 -4.446039990 -50.347613417 -0.429462135 -0.634484329 -0.353960568 0.536380301
37.335320000 76.795270021 -4.311328161 -50.561468486 -0.433113987 -0.626987276 -0.353617213 0.542451931
37.434923000 76.747654524 -4.151199522 -50.758313741 -0.427741544 -0.629519379 -0.346616825 0.548269368
37.534561000 76.672383433 -3.963291096 -50.918821821 -0.425167276 -0.633054341 -0.338433165 0.551305706
37.634233000 76.523226908 -3.864085493 -51.063063355 -0.429465408 -0.632928318 -0.330321469 0.553036106
37.734269000 76.188413373 -3.801532506 -51.389737541 -0.432634997 -0.626844828 -0.336200803 0.553950847
37.834550000 75.862778801 -3.687514058 -51.730056884 -0.434607565 -0.621914339 -0.341088977 0.554974890
37.934710000 75.604498489 -3.763279608 -51.913478594 -0.454037094 -0.616230906 -0.324000810 0.555997539
38.034627000 75.808381304 -3.684966480 -51.941385363 -0.489856400 -0.610817937 -0.264094530 0.563201771
38.134443000 75.772876730 -3.513186229 -52.021296959 -0.521266531 -0.603180567 -0.222253571 0.561300059
38.234064000 75.721677971 -3.332194776 -52.118500868 -0.531774403 -0.606088708 -0.200880559 0.556344735
38.333714000 75.565859111 -3.081871391 -52.311530604 -0.520932924 -0.618642908 -0.209697002 0.549487952
38.433658000 75.496708991 -2.994763189 -52.093111707 -0.517033365 -0.634196735 -0.206699660 0.536419846
38.533874000 75.693046695 -2.797920255 -51.991724563 -0.486102899 -0.657986956 -0.214312438 0.533692155
38.634055000 75.556293663 -2.637017622 -52.187256894 -0.465705214 -0.665032990 -0.252265211 0.526509296
38.734305000 75.501917390 -2.282566625 -52.615089878 -0.454604684 -0.661374152 -0.278649858 0.527515942
38.834532000 75.472876067 -2.032696421 -52.576527603 -0.445834753 -0.674643238 -0.282241899 0.516166045
38.934718000 75.359628190 -1.863367349 -52.617162160 -0.442133598 -0.681047989 -0.274282904 0.515228500
39.034715000 75.382026730 -1.679905023 -52.563958818 -0.438801571 -0.690759136 -0.260272099 0.512409437
39.134702000 75.021814780 -1.558906233 -52.762734275 -0.442609563 -0.690349653 -0.265105028 0.507181876
39.234548000 74.902195003 -1.334289179 -53.027175318 -0.449784505 -0.685732285 -0.271904034 0.503520932
39.334511000 74.798907756 -1.150989349 -53.182686448 0.463179290 0.677679609 0.279264202 -0.498223643
39.434784000 74.685025225 -0.901294968 -53.359922307 -0.482524328 -0.669542118 -0.260415559 0.501066226
39.534750000 74.514156738 -0.651172685 -53.555180358 -0.502590953 -0.661966335 -0.223549459 0.509144914
39.634591000 74.404030389 -0.348472887 -53.678836295 -0.487582067 -0.673875860 -0.229956801 0.505247389
39.734346000 74.232618001 -0.095865340 -53.762206915 -0.464408584 -0.690168828 -0.223928181 0.507787185
39.833992000 74.045463910 0.154785281 -53.880393625 -0.468050695 -0.691689331 -0.199352830 0.512594251
39.933569000 73.870183666 0.447221474 -54.069542919 -0.485051964 -0.685341681 -0.173156440 0.514828341
40.033191000 73.722945966 0.631821150 -54.194110991 -0.494094169 -0.679033157 -0.154822576 0.520398783
40.133205000 73.579898754 0.836236807 -54.333175566 -0.498681554 -0.674711954 -0.141012218 0.525543566
40.233134000 73.391108452 1.063944577 -54.516940979 -0.475973159 -0.683301649 -0.160684744 0.529838486
40.333185000 73.213726319 1.294889604 -54.628428918 -0.453943196 -0.691632047 -0.185683922 0.530190689
40.433237000 73.051632532 1.528836565 -54.710842397 -0.439857962 -0.695721181 -0.190944020 0.534824637
40.533130000 72.862167839 1.717065150 -54.866565079 -0.434686092 -0.694277305 -0.194108070 0.539767619
40.632976000 72.668824349 1.895322368 -55.055266382 -0.435371161 -0.691335375 -0.190344630 0.544312661
40.732882000 72.416856056 2.090778991 -55.259978572 -0.437024320 -0.689324009 -0.192152484 0.544903273
40.832950000 71.991326900 2.317235947 -55.310098837 -0.445298493 -0.690649874 -0.211088626 0.529295376
40.933150000 71.895570468 2.575106644 -55.428133996 -0.450486237 -0.689662605 -0.194123594 0.532675954
41.033403000 71.631494661 2.762566311 -55.488494036 -0.464222422 -0.687964896 -0.174747048 0.529778552
41.133579000 71.390355419 2.905650614 -55.677683658 -0.455736265 -0.692523811 -0.186855222 0.527067694
41.233713000 71.183845343 3.085777047 -55.832215727 -0.443282968 -0.699109398 -0.188332336 0.528466831
41.333851000 70.998793786 3.250805421 -56.002402591 -0.445455877 -0.697604410 -0.178934013 0.531883228
41.434033000 70.795459364 3.458042364 -56.037568349 -0.472779765 -0.685699840 -0.149432901 0.532883506
41.534156000 70.577111129 3.598552722 -56.132664784 -0.511674062 -0.664430293 -0.110400145 0.533417142
41.634245000 70.398358009 3.765168573 -56.235092631 -0.532128299 -0.652303108 -0.081891742 0.533510891
41.734176000 70.193409086 3.964401786 -56.286758065 -0.528995997 -0.655775004 -0.084849749 0.531904972
41.834057000 70.069829908 4.200176537 -56.268146436 -0.502399042 -0.671099460 -0.105202618 0.534932824
41.933965000 69.884914128 4.365697076 -56.359267887 -0.493540906 -0.671160225 -0.111931553 0.541694244
42.033842000 69.683626578 4.567866635 -56.377070984 -0.454053323 -0.686098456 -0.146895726 0.549113953
42.133998000 69.485767801 4.770846791 -56.422592500 -0.435342005 -0.689795559 -0.162147096 0.555308693
42.234316000 69.285317428 4.961036267 -56.467094800 -0.429777761 -0.689040889 -0.171094878 0.557889122
42.334629000 69.105080281 5.157851017 -56.532788565 -0.446300480 -0.680067923 -0.201659271 0.545579545
42.434867000 68.926535897 5.329284929 -56.628889189 -0.437421144 -0.681814276 -0.200055394 0.551153223
42.535128000 68.725760688 5.542538302 -56.670929578 -0.419628248 -0.689102241 -0.209383432 0.552457069
42.635421000 68.547696965 5.776847715 -56.694367649 -0.398012745 -0.698416691 -0.203728197 0.558833430
42.735763000 68.379450068 5.986089371 -56.741085427 -0.401753998 -0.698667932 -0.193489484 0.559480711
42.836087000 68.199341915 6.222067779 -56.785288465 -0.408787212 -0.698147780 -0.193280159 0.555090508
42.936376000 68.033746663 6.410052906 -56.878406713 -0.414649971 -0.695456230 -0.180354814 0.558460540
43.036487000 67.809099288 6.558701200 -56.961349780 -0.420403884 -0.694472320 -0.170041554 0.558618512
43.136341000 67.616258420 6.684264640 -57.036658977 -0.437126683 -0.691822009 -0.184435112 0.544321835
43.235901000 67.456550732 6.838223909 -57.114515441 -0.443288099 -0.693140179 -0.186852981 0.536785169
43.335375000 67.266248129 7.018984909 -57.198230135 -0.436857688 -0.698867319 -0.175319406 0.538519207
43.434817000 67.046964634 7.207221719 -57.337788040 -0.432004622 -0.702457391 -0.176642770 0.537329463
43.534332000 66.867508553 7.368780923 -57.375391352 -0.450996728 -0.699429869 -0.202272327 0.516222544
43.633905000 66.663015216 7.485402357 -57.475664670 -0.457558481 -0.697305826 -0.203858892 0.512685453
43.733590000 66.447897643 7.570787710 -57.619645595 -0.459657558 -0.695940030 -0.210158388 0.510113572
43.833480000 66.240349705 7.781492032 -57.731718454 -0.458144953 -0.699011936 -0.207811865 0.508231979
43.933771000 66.022844650 7.953449657 -57.846914481 0.468626931 0.696532055 0.221926915 -0.495964051
44.034226000 65.786900609 8.115123718 -57.986905451 -0.462032082 -0.700384711 -0.211753650 0.501146688
44.134649000 65.507911767 8.207161086 -58.125793650 -0.460835641 -0.700770450 -0.210614717 0.502187942
44.234605000 65.240245194 8.342060005 -58.309351199 -0.453469886 -0.703516233 -0.200236908 0.509249599
44.334415000 64.920922718 8.493800255 -58.420492053 -0.443096884 -0.710090343 -0.184913091 0.515018451
44.434097000 64.639150166 8.657123381 -58.578206952 -0.428413610 -0.716157048 -0.163306393 0.526224176
44.533793000 64.351385208 8.801322650 -58.747939991 -0.427935057 -0.715477162 -0.137713982 0.534788627
44.633678000 64.100312650 8.958374440 -58.921198165 -0.440490033 -0.709829625 -0.125065647 0.535228006
44.733707000 63.882449739 9.095015871 -59.031820511 -0.455588018 -0.702137699 -0.105779366 0.536891921
44.833787000 63.575364725 9.241950950 -59.139642899 -0.435782631 -0.709711942 -0.128522455 0.538409172
44.933890000 63.388848066 9.413493425 -59.220097880 -0.419077609 -0.714436231 -0.133665676 0.544139979
45.034015000 63.075030037 9.528253455 -59.365193569 -0.414958031 -0.712878904 -0.141039155 0.547468225
45.134339000 62.802349852 9.645478463 -59.483897379 -0.413190504 -0.711288917 -0.145214586 0.549776689
45.234503000 62.547866249 9.752534006 -59.605517391 -0.415656617 -0.708540150 -0.152705130 0.549437508
45.334713000 62.339754825 9.893744802 -59.733155723 -0.409105368 -0.709431870 -0.145513053 0.555126265
45.434748000 62.082654103 10.004240682 -59.838460267 -0.410253195 -0.708530069 -0.147546680 0.554894075
45.534582000 61.751569218 10.089109124 -59.898373454 -0.412115731 -0.711195276 -0.149511051 0.549552863
45.634333000 61.527142875 10.212471021 -59.995093103 -0.410969700 -0.713909096 -0.147966198 0.547305867
45.734132000 61.284983295 10.400408137 -60.100451721 -0.417094520 -0.714855852 -0.155356835 0.539330628
45.833970000 60.986970373 10.437691082 -60.247959110 -0.428564644 -0.712149196 -0.170708806 0.529182739
45.934065000 60.770573083 10.553781407 -60.340514173 -0.431822946 -0.714704691 -0.174800601 0.521700007
46.034169000 60.528882184 10.667755460 -60.393231422 -0.437559330 -0.718121784 -0.176944903 0.511403400
46.134502000 60.244213656 10.782864108 -60.493232105 -0.443511273 -0.717524041 -0.178723071 0.506473164
46.234844000 60.000944818 10.892311818 -60.582568123 -0.453546348 -0.716046512 -0.172833638 0.501698751
46.335030000 59.750184855 11.025051695 -60.679384738 -0.449798110 -0.719091257 -0.145746550 0.509261590
46.435040000 59.437176779 11.141422050 -60.820313142 -0.427232107 -0.725794432 -0.118418425 0.525996431
46.535062000 59.140243607 11.273367247 -60.918129176 -0.414414285 -0.730166155 -0.109582115 0.532080771
46.634888000 58.887525700 11.450391472 -60.994670984 -0.406522486 -0.734420473 -0.099250926 0.534336309
46.734527000 58.636051410 11.636736539 -61.088089363 -0.400537502 -0.738445172 -0.090893267 0.534796084
46.834115000 58.410030237 11.810870045 -61.174339152 -0.396827691 -0.741759865 -0.082523408 0.534331332
46.933856000 58.132678684 12.001076204 -61.324075014 -0.414335800 -0.740257734 -0.104096681 0.519141805
47.033881000 57.825528434 12.197880081 -61.512993194 -0.426901204 -0.739485117 -0.129683686 0.504082598
47.134109000 57.493120316 12.360106610 -61.682711722 0.420941670 0.744892471 0.136857736 -0.499212656
47.234293000 57.195452026 12.482103743 -61.792770829 0.417561496 0.749588062 0.132691686 -0.496138136
47.334488000 56.833313703 12.607216814 -61.970246623 0.412843223 0.753442918 0.129043206 -0.495209141
47.434426000 56.493569387 12.776347024 -62.178709907 0.407001679 0.757436641 0.131262795 -0.493365430
47.534350000 56.114504972 12.952047748 -62.373823594 0.410804538 0.757414201 0.142491837 -0.487092841
47.634381000 55.765686027 13.035215188 -62.570183115 0.412252006 0.757705348 0.150685605 -0.482933472
47.734575000 55.484862672 13.251867236 -62.684509879 0.409573663 0.762165061 0.143219951 -0.480460071
47.834980000 55.203735157 13.498050613 -62.813307509 0.398469454 0.771516253 0.129626476 -0.478729299
47.935351000 54.871864973 13.692374138 -62.982299306 0.386716456 0.779444934 0.115514933 -0.479137013
48.035599000 54.518815636 13.873266677 -63.138141950 0.362237388 0.787549400 0.076742710 -0.492605900
48.136029000 54.201047332 14.042933744 -63.401962576 -0.341822636 -0.790520506 -0.043642355 0.506290390
48.236130000 53.922608065 14.207363221 -63.659645591 -0.329554328 -0.789886974 -0.024219481 0.516610036
48.336167000 53.605315397 14.346046885 -63.854192581 -0.324623206 -0.790215292 -0.015022572 0.519570870
48.436247000 53.119363358 14.382070760 -63.977405879 -0.325851221 -0.791112369 -0.016884338 0.517375223
48.536351000 52.707515396 14.520289613 -64.071069771 -0.328158584 -0.792183064 -0.009713962 0.514454639
48.636353000 52.337136999 14.647508629 -64.225399705 -0.328431609 -0.791976930 -0.006368487 0.514650039
48.736251000 52.080515909 14.832222148 -64.379879376 -0.320257764 -0.793770114 -0.002310928 0.517067336
48.836072000 51.699675108 15.017566040 -64.597081793 -0.324365159 -0.793126580 0.003306747 0.515486699
48.935879000 51.385612457 15.036314788 -64.719913321 -0.331168939 -0.792659253 0.008595358 0.511805200
49.035744000 50.978597856 15.125094932 -64.911900149 -0.332565502 -0.796903910 0.008679166 0.504250947
49.135606000 50.637395120 15.142965700 -65.104829238 0.331117728 0.801921933 -0.010800948 -0.497157524
49.235286000 50.400855119 15.259029628 -65.252418690 0.322996889 0.814281039 -0.018892032 -0.481936190
49.334894000 50.111429694 15.332193991 -65.424812261 0.315516005 0.828412588 -0.024552050 -0.462146548
49.434450000 49.885041476 15.483742225 -65.563972053 0.307448363 0.842609541 -0.036292413 -0.440644445
49.534154000 49.586151569 15.721637800 -65.866394260 0.297861797 0.853189926 -0.050617742 -0.425186012
49.634480000 49.339521344 15.911746097 -65.918359067 0.291568607 0.865497815 -0.065571526 -0.401997082
49.735334000 49.096427580 15.993161005 -66.114870471 0.285805082 0.872973907 -0.072183309 -0.388614955
49.836340000 48.818557854 16.124574684 -66.359958646 0.281507669 0.877888358 -0.082682041 -0.378456262
49.936987000 48.537167599 16.169312329 -66.563520714 0.280371802 0.881358731 -0.088609833 -0.369792829
50.037160000 48.286960554 16.235138668 -66.808284580 0.278439059 0.883248747 -0.092767504 -0.365701423
50.137073000 48.024100063 16.261505510 -67.033762652 0.276606129 0.885230327 -0.094740380 -0.361774208
50.236609000 47.757723394 16.274464795 -67.308792414 0.271306790 0.887415372 -0.099538031 -0.359136136
50.335836000 47.512415770 16.266962202 -67.620746923 0.271591590 0.887901030 -0.098702760 -0.357949067
50.435087000 47.246684565 16.199525346 -67.892297275 0.272873763 0.888944708 -0.095839433 -0.355150698
50.534290000 47.017527677 16.257478023 -68.160465682 0.267158042 0.890446438 -0.101147075 -0.354261189
50.633573000 46.774100839 16.244287929 -68.376480908 0.266131822 0.892096155 -0.103176173 -0.350275578
50.733109000 46.515076424 16.260704262 -68.647269481 0.263985708 0.893316913 -0.104958966 -0.348252859
50.832800000 46.287560502 16.242685826 -68.884320219 0.261063665 0.895378615 -0.108930740 -0.343914222
50.932707000 46.068783941 16.205896028 -69.096356898 0.259150387 0.897562957 -0.112489564 -0.338478823
51.032939000 45.853718475 16.162943701 -69.340334674 0.255128828 0.900047463 -0.113738052 -0.334495892
51.133514000 45.633605426 16.075865636 -69.554384517 0.250327322 0.904444743 -0.115861572 -0.325410564
51.233829000 45.432396985 16.045533956 -69.768835391 0.244915035 0.909824077 -0.119645549 -0.312924460
51.334005000 45.212586211 15.998395026 -69.980983616 0.226082551 0.916409547 -0.117212438 -0.308774135
51.434093000 45.015391662 15.843232774 -70.244626834 0.224255493 0.918457446 -0.113856973 -0.305257241
51.534109000 44.837676261 15.745499817 -70.466872716 0.232026639 0.918260436 -0.118507972 -0.298189990
51.633761000 44.671447347 15.637749495 -70.680928955 0.227347086 0.915216126 -0.144128699 -0.299866076
51.733159000 44.506718872 15.554667491 -70.900675154 0.226930794 0.913670230 -0.152803096 -0.300599965
51.832641000 44.355615781 15.497738688 -71.093136539 0.228946259 0.914158956 -0.150125633 -0.298930273
51.932205000 44.224895259 15.457820835 -71.292745452 0.234742010 0.914520328 -0.140959139 -0.297790663
52.031845000 44.092240405 15.324402145 -71.448985878 0.238887503 0.914582102 -0.133042093 -0.297946539
52.131776000 43.949407035 15.263097261 -71.628450747 0.235031544 0.911827802 -0.146999830 -0.302855218
52.231622000 43.825344102 15.173664337 -71.790169593 0.235115440 0.911809038 -0.145207397 -0.303710093
52.331485000 43.718109933 15.099866509 -71.891361265 0.234823001 0.914296156 -0.140272673 -0.298737802
52.431365000 43.579127939 15.005937932 -72.120666100 0.229410117 0.918088125 -0.136877858 -0.292830403
52.531000000 43.476087908 14.913767598 -72.255850459 0.222614213 0.922966455 -0.139674849 -0.281188142
52.630457000 43.371653315 14.806445619 -72.391949705 0.214016466 0.928746931 -0.143067125 -0.266754359
52.729843000 43.270167376 14.736932066 -72.524037251 0.206331941 0.933484981 -0.148456590 -0.252969486
52.829442000 43.160190505 14.657341812 -72.652874910 0.196974442 0.938025114 -0.152155045 -0.241161351
52.929337000 43.043355573 14.498362622 -72.801120672 0.181444017 0.944328526 -0.150363901 -0.229591815
53.029625000 42.956168992 14.376493604 -72.997513535 0.146106503 0.950633518 -0.146045951 -0.231558597
53.130363000 42.859093218 14.293304567 -73.150079923 0.110828492 0.956388858 -0.145149296 -0.227967277
53.230914000 42.826482025 14.152618857 -73.383275474 0.110725706 0.958094019 -0.152761790 -0.215544670
53.331283000 42.758126662 14.075079457 -73.585775495 0.133039987 0.956322326 -0.175823530 -0.191922008
53.431397000 42.719350412 13.893079835 -73.747649972 0.147972788 0.954521274 -0.191632223 -0.173983570
53.531255000 42.682293971 13.806774526 -73.925742091 0.154543131 0.955639000 -0.192608906 -0.160537634
53.631072000 42.652515844 13.688733386 -74.074944130 0.157573811 0.957487533 -0.187017877 -0.153011218
53.731066000 42.697251156 13.409013362 -74.227926576 0.158589969 0.956572621 -0.189921608 -0.154103296
53.831039000 42.690421327 13.245205683 -74.396193845 0.160700158 0.958267946 -0.179922363 -0.153381699
53.931173000 42.592342011 13.266764522 -74.521519691 0.158713908 0.959143862 -0.182709523 -0.146527051
54.031587000 42.579853644 13.147711691 -74.669085348 0.158150289 0.957139386 -0.191188247 -0.149397914
54.132189000 42.587029540 13.041487171 -74.832791186 0.155624832 0.952204167 -0.212127872 -0.155209222
54.232617000 42.499013302 13.003564376 -74.904454298 0.154937798 0.950745188 -0.221724919 -0.151380073
54.332925000 42.425868137 12.914084268 -74.922291337 0.153907477 0.953552297 -0.215339776 -0.143802943
54.432997000 42.434786302 12.870227397 -75.094516196 0.147381837 0.955709266 -0.212977122 -0.139782471
54.532685000 42.466646585 12.665866234 -75.170877563 0.121910508 0.960968560 -0.206290251 -0.138280826
54.632050000 42.456071501 12.591378354 -75.269112304 0.115596206 0.961157175 -0.217950709 -0.123741226
54.731665000 42.472545695 12.506927067 -75.366407133 0.120717138 0.956496531 -0.243257629 -0.106618409
54.831600000 42.492269694 12.454462398 -75.476089872 0.124111400 0.959652958 -0.234970235 -0.091932313
54.931640000 42.543592806 12.338830603 -75.566320268 0.128785722 0.963343438 -0.219710532 -0.084326389
55.031715000 42.589161141 12.248185743 -75.705615265 0.131138062 0.966260167 -0.206361735 -0.080987233
55.131868000 42.502807724 12.199401892 -75.835914742 0.133467312 0.964749119 -0.214041407 -0.075045927
55.231799000 42.608688409 12.174941719 -75.945514340 0.132316667 0.959296445 -0.235947777 -0.081063418
55.331722000 42.557242043 12.192120045 -76.042870482 0.124734252 0.957903007 -0.245820750 -0.080220664
55.431773000 42.659176922 12.146488976 -76.018661459 0.126617988 0.958357469 -0.242454991 -0.082063533
55.531874000 42.703979794 12.143404609 -76.181662467 0.122592940 0.958522604 -0.241969435 -0.087499611
55.631805000 42.746149816 12.140334202 -76.168274409 0.126780019 0.960928733 -0.231385221 -0.083687970
55.731613000 42.644906276 12.028291412 -76.155460544 0.104369246 0.964726251 -0.225090918 -0.088002271
55.831420000 42.657321553 12.040116265 -76.231442598 0.111700807 0.968291662 -0.207653379 -0.082548535
55.931328000 42.660416763 11.997003328 -76.224119793 0.120549713 0.973995496 -0.177355946 -0.073112307
56.031388000 42.769487572 12.064984630 -76.176274982 0.122683098 0.975404306 -0.168532304 -0.071639095
56.131610000 42.824475261 12.120821516 -76.217877223 0.123764178 0.975986792 -0.165434111 -0.069020037
56.231848000 42.990539307 12.175932836 -76.327227097 0.127320129 0.974668751 -0.168601974 -0.073374274
56.332119000 43.073563659 12.206520515 -76.372948343 0.134992655 0.973489118 -0.168596496 -0.075306985
56.432579000 43.123779904 12.209064841 -76.392662933 0.135804607 0.973362917 -0.170301326 -0.071548576
56.532944000 43.218247222 12.199516994 -76.440970148 0.133875901 0.973222759 -0.173463205 -0.069463806
56.633213000 43.293923288 12.184976715 -76.467140362 0.132059133 0.973573887 -0.174711315 -0.064731974
56.733266000 43.394163863 12.148488186 -76.500749104 0.130502423 0.973614994 -0.177447214 -0.059627571
56.833210000 43.509418804 12.089656570 -76.530423354 0.126855265 0.974049326 -0.179533695 -0.053882322
56.933104000 43.553770231 12.048011189 -76.547464159 0.122373986 0.974944056 -0.180438112 -0.044167676
57.033014000 43.619704625 12.020761459 -76.558035979 0.120297119 0.975013434 -0.183268582 -0.035917045
57.132813000 43.747712406 11.971187676 -76.594610008 0.115504878 0.975369511 -0.185370638 -0.030832894
57.232484000 43.856707355 11.934217909 -76.604776102 0.112042934 0.975466057 -0.188020457 -0.023678281
57.332344000 43.977127496 11.857467002 -76.630286280 0.108119238 0.975534093 -0.190805205 -0.015389549
57.432174000 44.074318001 11.816097970 -76.656575634 0.105865511 0.975325958 -0.193539413 -0.008617669
57.532117000 44.161638025 11.736721177 -76.645623895 0.105840186 0.975326596 -0.193705140 -0.003768785
57.631948000 44.241618335 11.698599272 -76.663079105 0.105453001 0.974936775 -0.195902523 -0.000388230
57.731580000 44.308170379 11.571894330 -76.645524335 0.104403961 0.975596152 -0.193143973 0.002714108
57.831107000 44.393571585 11.525813288 -76.657373834 0.104788701 0.975044471 -0.195654819 0.005176910
57.930559000 44.482829598 11.465999428 -76.670708971 0.105048984 0.974844126 -0.196465201 0.006713056
58.029978000 44.577533681 11.387303214 -76.687285837 0.110439433 0.973946823 -0.197880413 0.008605809
58.129543000 44.655033448 11.257402049 -76.673772770 0.151406684 0.968229846 -0.197790067 0.022047002
58.229213000 44.759559066 11.241127455 -76.662785577 0.188059488 0.959974284 -0.205360299 0.030168697
58.329179000 44.804621494 11.129571016 -76.661216706 0.202543561 0.957582776 -0.203291639 0.026150391
58.429478000 44.842043254 11.072334035 -76.669940877 0.189828517 0.960563283 -0.202918964 0.010354125
58.529999000 44.906804592 10.989154199 -76.697721937 0.158255297 0.966722746 -0.200520921 -0.013919516
58.630392000 44.933659222 10.938127862 -76.700204518 0.142629947 0.968952365 -0.199372540 -0.032227359
58.730682000 44.962561210 10.866174184 -76.700532875 0.140033259 0.969052700 -0.198210744 -0.045166928
58.830783000 45.177576191 10.697313829 -76.710351342 0.135783742 0.969255784 -0.195274407 -0.063038930
58.930605000 45.105383342 10.728788285 -76.785881985 0.136669096 0.967942042 -0.202046319 -0.059891960
59.030143000 45.071206106 10.668720252 -76.679338898 0.145207864 0.968125346 -0.195788530 -0.057574670
59.129827000 45.078042695 10.686527733 -76.815715414 0.146953495 0.967371612 -0.199653352 -0.052300795
59.229538000 45.180982198 10.587529686 -76.725617765 0.146494669 0.966094812 -0.204628101 -0.057684194
59.329387000 45.235309290 10.472046409 -76.728340074 0.152958679 0.964313046 -0.207675248 -0.059791171
59.429461000 45.285303023 10.438580402 -76.751759457 0.174137565 0.959409445 -0.214538483 -0.056416889
59.529644000 45.266897581 10.457689971 -76.762575027 0.193647353 0.953752690 -0.223806350 -0.052604441
59.629799000 45.185209452 10.406177010 -76.925035593 0.209887879 0.948421206 -0.232155479 -0.050478987
59.730012000 45.099691107 10.397635598 -76.880860730 0.241137959 0.939317380 -0.240390391 -0.041806753
59.830184000 45.091680814 10.335594062 -76.909125433 0.277708678 0.929608408 -0.240042427 -0.032950442
59.930218000 45.076307126 10.280537110 -76.947013471 0.291305165 0.926396689 -0.236194734 -0.033801243
60.030393000 45.063406127 10.251506653 -76.975094118 0.297432170 0.925412627 -0.232160364 -0.035314860
60.131054000 45.017466362 10.206464740 -76.967979303 0.297230011 0.926352039 -0.227908028 -0.039801394
60.231923000 44.964351010 10.157708601 -76.945911199 0.287207149 0.930129759 -0.223602539 -0.048709242
60.333017000 44.905092663 10.132912726 -76.935692345 0.277675073 0.933363518 -0.219309262 -0.060270598
60.433953000 44.837008814 10.127928260 -76.931212729 0.277558689 0.933366700 -0.216642920 -0.069667936
60.534406000 44.762341777 10.135346011 -76.932543396 0.275924058 0.933491297 -0.213881668 -0.081942326
60.634320000 44.667417854 10.149580804 -76.930105336 0.273839213 0.933829835 -0.209513211 -0.095279268
60.733846000 44.557673721 10.073063378 -76.941227580 0.256367274 0.938049850 -0.198329757 -0.122489209
60.833166000 44.456354314 10.004330464 -76.998380934 0.256402605 0.937004351 -0.190248448 -0.141725362
60.932542000 44.390930907 10.066807421 -77.050855460 0.275375054 0.929771903 -0.193163436 -0.149601721
61.031960000 44.303660270 10.097109358 -77.087893544 0.287782177 0.924305445 -0.192116535 -0.161034470
61.131780000 44.202458118 10.173891276 -77.151094903 0.262327065 0.928325363 -0.181204922 -0.191210113
61.231818000 44.101416659 10.268129784 -77.203000401 0.246123669 0.929045962 -0.172694589 -0.215576714
61.331958000 43.872687548 10.315036208 -77.239668096 0.243324411 0.928506728 -0.163041504 -0.228223476
61.432062000 43.850367938 10.353350095 -77.317475730 0.236713048 0.924831334 -0.157301521 -0.252804606
61.532096000 43.713411370 10.446723059 -77.374119703 0.217659758 0.923215112 -0.147438358 -0.280285600
61.632243000 43.551708708 10.552154213 -77.426904698 0.199379289 0.918724847 -0.145472233 -0.308269985
61.732414000 43.448418572 10.566197910 -77.481854473 0.190579091 0.910712035 -0.144706647 -0.336664798
61.832577000 43.375338232 10.563333779 -77.530103437 0.189875981 0.900840511 -0.147083073 -0.361662904
61.932813000 43.311396340 10.599181731 -77.579593605 0.189345761 0.892109496 -0.145313220 -0.383631201
62.032987000 43.270275383 10.642179202 -77.618987080 0.196533308 0.883291452 -0.143146968 -0.400848869
62.133068000 43.274002020 10.659075704 -77.660440548 0.219272123 0.874868185 -0.138150803 -0.409194026
62.232883000 43.282374511 10.643136908 -77.683708264 0.235366863 0.870211970 -0.120316385 -0.415761391
62.332706000 43.299436757 10.630616886 -77.656769310 0.256850725 0.866106599 -0.113622264 -0.413493707
62.432526000 43.392749986 10.636179685 -77.723772871 0.300921408 0.860060039 -0.107005180 -0.397860436
62.532284000 43.475783293 10.610046513 -77.754388157 0.318539064 0.858942922 -0.105228725 -0.386880908
62.632031000 43.530410368 10.595930640 -77.733636767 0.331563490 0.861252453 -0.109873376 -0.369103922
62.731680000 43.643633621 10.550393846 -77.799004948 0.336413379 0.866819057 -0.115731061 -0.349366688
62.831420000 43.778829688 10.497767024 -77.846586270 0.334991961 0.876649966 -0.122463309 -0.322905498
62.931303000 43.840696251 10.460598817 -77.874026118 0.324873571 0.889496027 -0.126856474 -0.295231124
63.031438000 43.915517967 10.430329499 -77.922070509 0.304123035 0.902191502 -0.130186366 -0.276787254
63.131971000 43.973072143 10.400186738 -77.941102713 0.297315066 0.911326994 -0.135314788 -0.250552926
63.232469000 44.019274322 10.353509924 -77.933184192 0.302098494 0.915827376 -0.142751311 -0.222752734
63.332982000 44.083360412 10.339437860 -77.941483744 0.301805057 0.918570634 -0.148397896 -0.207652985
63.433644000 44.131640969 10.298291047 -77.951047095 0.292512866 0.922251360 -0.149099147 -0.204103151
63.534166000 44.116197798 10.268366568 -77.904970386 0.280907614 0.926767440 -0.146122805 -0.202091935
63.634332000 44.167867161 10.217467119 -77.915608896 0.267720148 0.930262259 -0.139959109 -0.208205425
63.734304000 44.231697561 10.154960252 -77.938604472 0.264487098 0.929553982 -0.141523391 -0.214352744
63.834110000 44.248217687 10.113153412 -77.912846743 0.259806644 0.930591729 -0.141241250 -0.215755535
63.933889000 44.252870499 10.032556321 -77.962924304 0.258321140 0.929828220 -0.144203266 -0.218849462
64.033608000 44.321127595 10.170936916 -77.871199579 0.249326482 0.931735633 -0.153892957 -0.214527327
64.133383000 44.423590635 10.009330726 -77.769767547 0.235937488 0.935131267 -0.148999411 -0.218316722
64.233067000 44.379580876 10.135177692 -77.784087272 0.226463897 0.936961433 -0.158855875 -0.213499854
64.332879000 44.471519250 10.083469820 -77.661082912 0.234578376 0.936325249 -0.163767154 -0.203588637
64.432654000 44.608113783 10.028067913 -77.634031865 0.241276648 0.934004488 -0.171450128 -0.200065112
64.532558000 44.672986729 10.003064566 -77.632032359 0.238374620 0.934089213 -0.174715399 -0.200323270
64.632741000 44.713776098 9.689934799 -77.560460027 0.244326356 0.933354869 -0.165679451 -0.204214689
64.732995000 44.507756089 9.403888610 -77.520868335 0.253055420 0.934299496 -0.154713019 -0.197765740
64.833110000 44.527432888 9.482078831 -77.499752256 0.255985101 0.933595342 -0.162276133 -0.191148689
64.933047000 44.622099417 9.344332988 -77.468036975 0.290078296 0.924034440 -0.176168128 -0.176010585
65.032861000 44.823566576 8.976144474 -77.499788270 0.313458767 0.917938676 -0.172382779 -0.171511997
65.132463000 44.828931812 8.987687985 -77.478677632 0.298692538 0.926262273 -0.166413653 -0.158516452
65.231803000 44.849520589 8.931438223 -77.467915056 0.270354064 0.937186665 -0.158824125 -0.152855263
65.331288000 45.025052793 8.783549963 -77.540758863 0.251517455 0.942937000 -0.156598315 -0.151939963
65.430920000 44.845751442 8.941092338 -77.449087857 0.234298428 0.950709130 -0.162814421 -0.121440768
65.530726000 45.108255663 8.875532288 -77.610673209 0.221980413 0.953367313 -0.167197262 -0.117730784
65.630980000 45.217466670 8.869032436 -77.799050159 0.209478191 0.955953018 -0.171849867 -0.112873106
65.731605000 45.252554397 8.740239846 -77.692944629 0.203210460 0.957853252 -0.176507567 -0.100338103
65.832157000 45.031040125 8.919016440 -77.623822022 0.195738832 0.955514162 -0.206348852 -0.078097041
65.932505000 45.063309017 8.967631123 -77.559778144 0.188969637 0.954078171 -0.221619207 -0.070073161
66.032607000 45.130787703 8.949241346 -77.570470874 0.188127383 0.952563904 -0.229347473 -0.068042872
66.132564000 45.161675952 8.915270962 -77.583682483 0.215483836 0.949303602 -0.223235195 -0.050551314
66.232220000 45.186947179 8.905072498 -77.581725201 0.258976781 0.943540228 -0.205217430 -0.023423747
66.331989000 45.236158263 8.908824184 -77.560389087 0.285229601 0.938386318 -0.194579502 -0.014629080
66.432160000 45.291937881 8.924388183 -77.549344792 0.292734012 0.936766125 -0.189684937 -0.028207284
66.532533000 45.319267112 8.935735170 -77.502208964 0.305118346 0.933373376 -0.183969129 -0.043270033
66.632743000 45.355155383 8.956456411 -77.468106553 0.312807224 0.931771998 -0.175930797 -0.054780824
66.732509000 45.392419195 8.976327985 -77.417171604 0.301558105 0.935876876 -0.166617961 -0.073726768
66.832165000 45.419636521 9.014099370 -77.365983685 0.298131766 0.937097554 -0.158687912 -0.088225681
66.931902000 45.421414111 9.034425520 -77.293829362 0.301391078 0.936705593 -0.151692610 -0.093463379
67.031565000 45.426716396 9.063292761 -77.206671215 0.308586233 0.934380185 -0.151048491 -0.094300375
67.131322000 45.420290671 9.087937759 -77.123997787 0.311536969 0.933351709 -0.151183549 -0.094566580
67.231175000 45.400262812 9.110396497 -77.013607396 0.306681159 0.935317670 -0.147130289 -0.097366324
67.331412000 45.382093497 9.149785764 -76.910481698 0.296506003 0.938360250 -0.142461459 -0.106155374
67.431833000 45.333690107 9.173698553 -76.810087994 0.288285206 0.939720963 -0.137457814 -0.122153593
67.532233000 45.282045532 9.195374212 -76.713319032 0.283340010 0.939530893 -0.130044221 -0.141734398
67.632435000 45.233633200 9.219134263 -76.630608788 0.281332756 0.937504324 -0.123248788 -0.163545895
67.732546000 45.190614388 9.218903904 -76.551039587 0.284990646 0.933622141 -0.116521429 -0.183174196
67.832464000 45.153890986 9.230786277 -76.472919800 0.304400466 0.925579700 -0.112166722 -0.195092800
67.932232000 45.111897830 9.254421570 -76.414062374 0.331198026 0.914493966 -0.110013773 -0.204708633
68.031968000 45.215236286 9.256111962 -76.444924362 0.337221630 0.907926353 -0.107462467 -0.224506409
68.131650000 45.319828849 9.255244144 -76.368610915 0.329173674 0.906599875 -0.104658992 -0.242420820
68.231168000 45.350062831 9.367101188 -76.345322766 0.325043420 0.904397783 -0.109306950 -0.253896468
68.330841000 45.378529389 9.201082644 -76.404723271 0.325819936 0.900293474 -0.101907663 -0.270051585
68.430864000 45.371693850 9.188011454 -76.453845121 0.325086839 0.897344732 -0.100383560 -0.281094504
68.531314000 45.372562945 9.201768669 -76.391558145 0.321354002 0.897097840 -0.096962144 -0.287307176
68.631987000 45.330906737 9.180234518 -76.384107214 0.318972381 0.895787351 -0.093973162 -0.294941837
68.732866000 45.348487131 9.238114533 -76.415956102 0.313300848 0.894080182 -0.094872027 -0.305716380
68.833637000 45.349834954 9.272747962 -76.395800248 0.307523293 0.893002640 -0.091824521 -0.315505890
68.934202000 45.288561631 9.159431296 -76.279323158 0.302098360 0.892183186 -0.079132189 -0.326318619
69.034452000 45.204878882 9.238640027 -76.285051798 0.306471956 0.888479209 -0.076789677 -0.332840773
69.134367000 44.926757631 9.025100871 -75.936177756 0.328530937 0.888288091 -0.042993326 -0.318061731
69.233905000 44.925518395 9.098201390 -75.998556049 0.329836091 0.884203270 -0.041333015 -0.328152879
69.333379000 44.800652861 9.170701983 -75.816182465 0.321568673 0.885501752 -0.040149344 -0.332968866
69.433062000 44.737585441 9.205798714 -75.723868770 0.310990403 0.883334776 -0.041014686 -0.348313706
69.533072000 44.537497384 9.134517855 -75.576058107 0.312738401 0.878698588 -0.033182638 -0.359141193
69.633241000 44.510323422 9.449121541 -75.501334437 0.319957615 0.870028167 -0.057629921 -0.370616926
69.733390000 44.330816902 9.553591673 -75.351356252 0.339184688 0.859697216 -0.067689736 -0.375889005
69.833872000 44.251240786 9.708794149 -75.307083954 0.346656847 0.849871212 -0.073816638 -0.389998792
69.934236000 43.963374407 9.832037102 -75.014139793 0.345262730 0.849082066 -0.064565237 -0.394568908
70.034341000 43.952795716 9.897016331 -74.966480665 0.353601101 0.836763852 -0.065764353 -0.412877183
70.134252000 43.899809412 9.924216676 -74.907234212 0.365466586 0.823610235 -0.068025186 -0.428337401
70.233784000 43.878459025 9.960328655 -74.871443106 0.367054532 0.812976875 -0.065348179 -0.447290942
70.333188000 43.849052716 9.958049519 -74.782753773 0.362212564 0.805663484 -0.055543250 -0.465428143
70.432823000 43.857507794 9.959090635 -74.730823646 0.364510135 0.794728970 -0.051395113 -0.482593793
70.532789000 43.769301835 9.986539091 -74.607725739 0.368004616 0.785508082 -0.047669094 -0.495254796
70.632916000 43.748023335 9.955996780 -74.500740477 -0.374831187 -0.772540739 0.043784878 0.510651811
70.733087000 43.782647865 9.843359284 -74.459833460 -0.380432170 -0.756798630 0.038227573 0.530156439
70.833186000 43.765774932 9.871380837 -74.399550869 -0.381343282 -0.743512384 0.032701582 0.548358680
70.933261000 43.712710134 9.982589366 -74.320919354 -0.376491775 -0.731447478 0.031542262 0.567665056
71.033489000 43.691519175 10.196335624 -74.287836801 -0.367692894 -0.717604495 0.033763535 0.590513123
71.133793000 43.096785448 9.912301603 -74.104879443 -0.388503123 -0.700701795 0.002979673 0.598392379
71.233998000 43.050734829 9.978824981 -73.928482792 -0.389647873 -0.682171631 -0.005802855 0.618694374
71.333980000 43.018008113 10.026487547 -73.760161152 -0.386945276 -0.663058490 -0.019246758 0.640512572
71.433606000 42.976536388 10.071254041 -73.588150105 -0.384094243 -0.642115564 -0.035615845 0.662488285
71.533005000 42.918948185 10.127051505 -73.422079275 -0.387414019 -0.616483818 -0.047368032 0.683823332
71.632226000 42.860824588 10.207662220 -73.262623166 -0.391809483 -0.589207765 -0.059711465 0.704098061
71.731833000 42.809864408 10.311070963 -73.092749434 -0.394984599 -0.559226957 -0.067496163 0.725738690
71.832127000 42.748591312 10.443354143 -72.948396850 -0.397861424 -0.525970148 -0.073603434 0.748093727
71.932870000 42.699189492 10.600891229 -72.808791914 -0.417348450 -0.488808705 -0.091986053 0.760542495
72.034068000 42.670206928 10.816054920 -72.672667334 -0.434254560 -0.450266239 -0.106305374 0.772905207
72.135058000 42.646403669 11.024677629 -72.532707764 -0.431116497 -0.413264196 -0.108727904 0.794688312
72.235103000 42.633917639 11.269496358 -72.402319115 -0.426262288 -0.374186608 -0.113864666 0.815671307
72.334597000 42.606044043 11.516392348 -72.260547343 -0.428853015 -0.333138521 -0.117022115 0.831510458
72.433871000 42.568649233 11.756414546 -72.135515889 -0.445213830 -0.292452760 -0.129212792 0.836397084
72.533465000 42.571537225 11.988971403 -72.002479050 -0.445139839 -0.256826176 -0.133287587 0.847422715
72.633491000 42.567872080 12.205418591 -71.859529196 -0.459820470 -0.220401356 -0.143267592 0.848211515
72.733811000 42.560199171 12.422154088 -71.737690468 -0.477240443 -0.186178329 -0.153212695 0.845047371
72.834095000 42.615204572 12.658073738 -71.602029928 -0.468361948 -0.162350444 -0.151098468 0.855247726
72.934220000 42.596894445 12.812010906 -71.577191589 -0.469524454 -0.137171572 -0.155702808 0.858188431
73.034050000 42.627691046 12.979873504 -71.575364126 -0.475927095 -0.117579557 -0.155421930 0.857620238
73.133902000 42.608369078 13.152391122 -71.489808393 -0.451034269 -0.108310382 -0.156463478 0.871984019
73.233641000 42.532794087 13.242463325 -71.356395915 -0.433243608 -0.098315516 -0.157871586 0.881879015
73.333078000 42.461808565 13.287449860 -71.139416852 -0.431084727 -0.090472800 -0.161218783 0.883169935
73.432542000 42.446431120 13.471993099 -71.035185901 -0.430330857 -0.083556985 -0.165667224 0.883395695
73.532319000 42.379944890 13.588715642 -70.997265334 -0.429157611 -0.068747897 -0.169826706 0.884452577
73.632408000 42.334425493 13.649177534 -70.814199420 -0.439553430 -0.053076548 -0.171476856 0.880097353
73.732560000 42.295372283 13.798838244 -70.754015613 -0.435907713 -0.036976225 -0.177115242 0.881616365
73.832612000 42.298289798 13.924818114 -70.654361740 -0.441926452 -0.019421989 -0.181913274 0.878197790
73.932518000 42.262656093 14.037733228 -70.482975828 -0.440595418 0.000043779 -0.184541732 0.878532882
74.032246000 42.332781323 14.181173922 -70.465657007 -0.423883981 0.015252405 -0.185166735 0.886455309
74.132075000 42.382427331 14.335632028 -70.350421335 -0.415301922 0.032433672 -0.186516441 0.889766255
74.231765000 42.347384344 14.457350195 -70.236581013 -0.390533284 0.053026770 -0.187866003 0.899654534
74.331463000 42.452581988 14.629208662 -70.118595184 -0.372039795 0.068919407 -0.184188724 0.907144432
74.431321000 42.512939511 14.779253087 -69.892890534 -0.368526138 0.089525916 -0.184021870 0.906812851
74.531428000 42.521496593 14.852882262 -69.574830221 -0.371046292 0.112624535 -0.181975264 0.903617932
74.631637000 42.456393254 15.011498089 -69.452394941 -0.369481745 0.139763967 -0.184522396 0.899944864
74.731848000 42.469696031 15.207499422 -69.379749088 -0.355451350 0.162921609 -0.184549964 0.901694071
74.832196000 42.465426925 15.397119034 -69.323951895 -0.329580935 0.186603986 -0.180745770 0.907681842
74.932402000 42.562453723 15.570085162 -69.071262026 -0.317160471 0.207518156 -0.177664990 0.908174323
75.032489000 42.657307947 15.695620753 -68.843131116 -0.308320892 0.228024482 -0.166633213 0.908392226
75.132481000 42.771475819 15.831659162 -68.632660615 -0.299100129 0.246558336 -0.148104257 0.909842420
75.232230000 42.899320342 15.962852885 -68.416753211 -0.296484245 0.259727083 -0.151445969 0.906478380
75.331930000 43.046356238 16.097601646 -68.224506792 -0.293179534 0.270365829 -0.156418423 0.903593579
75.431641000 43.208851539 16.221696257 -68.048619929 -0.293531517 0.280116608 -0.167506859 0.898507310
75.531570000 43.374892577 16.351066031 -67.869005567 -0.292103282 0.290114212 -0.174777405 0.894406102
75.631595000 43.557117665 16.479309766 -67.700619017 -0.289633124 0.300859656 -0.181795474 0.890250823
75.731643000 43.754435182 16.606537434 -67.536923865 -0.287914549 0.313584263 -0.187114423 0.885301257
75.831768000 43.955091352 16.731723688 -67.370432767 -0.286029224 0.326719847 -0.188240185 0.880912628
75.931881000 44.161771025 16.861952891 -67.227371045 -0.286605008 0.338564421 -0.195771502 0.874588601
76.031930000 44.207011808 16.916617131 -66.945803785 -0.291153199 0.358935241 -0.198794700 0.864219865
76.132142000 44.297498238 17.209353587 -67.000903971 -0.276888214 0.371647320 -0.211697085 0.860462394
76.232434000 44.452066565 17.263096906 -66.863610909 -0.277496515 0.387704646 -0.213103907 0.852799810
76.332763000 44.677026918 17.375502114 -66.806503542 -0.271649726 0.401040122 -0.212571975 0.848637969
76.432971000 44.745866163 17.510689023 -66.733990012 -0.264106489 0.417942210 -0.216366513 0.841877428
76.532975000 44.913090567 17.604160415 -66.633171094 -0.265592286 0.431983400 -0.213249862 0.835090160
76.632745000 45.080895443 17.617960153 -66.501103169 -0.269961308 0.443189690 -0.216331668 0.826985127
76.732326000 45.243704630 17.667059801 -66.411184768 -0.264314913 0.451663138 -0.224993197 0.821897864
76.831858000 45.409869510 17.697831042 -66.281969821 -0.257061474 0.462125335 -0.218195680 0.820213520
76.931553000 45.578501134 17.738319069 -66.205363836 -0.251649232 0.469476824 -0.214777096 0.818617722
77.031331000 45.725684838 17.750661750 -66.064839864 -0.252519898 0.479666646 -0.213947434 0.812637745
77.131292000 45.894807483 17.786843684 -65.974215981 -0.257568253 0.485200287 -0.235792847 0.801648932
77.231380000 46.032915256 17.847511673 -65.869141643 -0.257242015 0.492787520 -0.248432947 0.793264191
77.331745000 46.311197989 17.718929038 -65.691971525 -0.267006054 0.501599693 -0.234318657 0.788796731
77.432096000 46.528460242 17.707694014 -65.560351182 -0.277200453 0.512399755 -0.212874858 0.784404676
77.532283000 46.628990668 17.745169367 -65.482214295 -0.280381344 0.524331161 -0.186441275 0.782114306
77.632224000 46.723206190 17.779204948 -65.459761834 -0.272592967 0.528113436 -0.179715821 0.783895080
77.732008000 46.867332426 17.814217101 -65.341102937 -0.246645212 0.531132259 -0.189436645 0.788148730
77.831948000 47.030140879 17.845819422 -65.250753642 -0.230013872 0.533905156 -0.195544675 0.789810853
77.931927000 47.169536020 17.885545395 -65.075422075 -0.222078386 0.539700798 -0.198536929 0.787392740
78.031857000 47.302552663 17.916322982 -64.878213408 -0.219798270 0.542506933 -0.200191162 0.785683427
78.131756000 47.460212030 17.894240736 -64.720242742 -0.202551226 0.542598096 -0.169362290 0.797418786
78.231571000 47.618520885 18.121341652 -64.211863991 -0.205282321 0.556564033 -0.177032959 0.785337493
78.331401000 47.806159266 18.070039625 -64.142849262 -0.217627976 0.552035349 -0.193303122 0.781363514
78.431270000 47.949114407 17.991614970 -64.125459604 -0.221954099 0.546086498 -0.199714041 0.782713368
78.531332000 48.089679109 17.991930690 -63.974144675 -0.223486529 0.546871574 -0.200798046 0.781450829
78.631631000 48.191659659 18.036859112 -63.893705201 -0.224089150 0.546111326 -0.203126116 0.781208201
78.731960000 48.355452529 18.048405458 -63.791535354 -0.250149636 0.549094893 -0.199717679 0.772031610
78.832085000 48.537436872 18.102951920 -63.775294955 -0.254142711 0.547163194 -0.201867536 0.771539642
78.932095000 48.674011890 18.067854077 -63.614148835 -0.246959988 0.544237571 -0.206363109 0.774745441
79.032069000 48.830292730 18.057439081 -63.499150697 -0.252500374 0.545608260 -0.195349443 0.774850813
79.132151000 49.154195195 18.162331531 -63.293190590 -0.261774161 0.551589557 -0.188499497 0.769214657
79.232130000 49.358621829 18.195542416 -63.170615138 -0.265376016 0.552534613 -0.187694180 0.767497210
79.332105000 49.507007095 18.197654716 -63.043041481 -0.276149350 0.555740079 -0.178703287 0.763517935
79.432050000 49.643299796 18.189023649 -62.872756946 -0.268075034 0.558071586 -0.168825472 0.766935357
79.531881000 49.829680261 18.237222943 -62.687226240 -0.247165353 0.554785858 -0.175527617 0.774798035
79.631657000 50.027524992 18.301105375 -62.545797281 -0.233424625 0.551213458 -0.181283437 0.780264689
79.731451000 50.234237578 18.346885230 -62.401102787 -0.246965071 0.553272476 -0.170622256 0.777036593
79.831418000 50.493627617 18.357995189 -62.237536408 -0.252354090 0.554225033 -0.164912518 0.775858162
79.931659000 50.714067591 18.388978481 -62.070730839 -0.243667717 0.552447473 -0.171176683 0.778541185
80.032097000 50.946267729 18.342100608 -61.908075752 -0.244190514 0.548854166 -0.172508965 0.780622031
80.132584000 51.178655352 18.430196972 -61.846739179 -0.251157109 0.542342456 -0.172237360 0.783019195
80.232833000 51.400089414 18.451629349 -61.671418186 -0.256901398 0.537027800 -0.173544957 0.784528497
80.333103000 51.691927009 18.462622274 -61.744837996 -0.266653943 0.517038151 -0.176043464 0.794088108
80.433423000 51.856935191 18.498550807 -61.404363118 -0.272275291 0.522081272 -0.169923557 0.790204591
80.533490000 52.138722231 18.495030360 -61.268795456 -0.272449971 0.511312779 -0.172967349 0.796500189
80.633348000 52.440584303 18.512742682 -61.145656783 -0.271657271 0.503076433 -0.182574780 0.799864288
80.733135000 52.687930290 18.494287725 -61.008810675 -0.259354658 0.494485690 -0.208136376 0.803055610
80.833020000 52.966577855 18.486048535 -60.831576809 -0.243531609 0.492674257 -0.209458898 0.808759175
80.932863000 53.221189180 18.488789113 -60.752654663 -0.247411143 0.487560439 -0.219074636 0.808132940
81.032791000 53.450725978 18.486467357 -60.527143784 -0.242575227 0.496878355 -0.206298536 0.807285621
81.132893000 53.691612393 18.443013254 -60.409767486 -0.273996557 0.499693340 -0.179114241 0.801966671
81.232821000 53.927973355 18.442664144 -60.224132950 -0.286067030 0.501794371 -0.182456646 0.795661760
81.332788000 54.199901027 18.408948454 -60.020034840 -0.279902682 0.500998428 -0.188083222 0.797044394
81.432670000 54.455153831 18.423925370 -59.792284146 -0.281459377 0.507458372 -0.185625646 0.792975245
81.532511000 54.784579658 18.341904698 -59.516801593 -0.234770656 0.499313502 -0.202503964 0.809049387
81.632477000 55.111425827 18.302939072 -59.277581000 -0.213742475 0.493504935 -0.212574670 0.815830278
81.732401000 55.441034022 18.284037807 -59.106822633 -0.200563322 0.487445301 -0.216454419 0.821777900
81.832417000 55.753633536 18.290224923 -58.882329062 -0.193532205 0.485917418 -0.219528346 0.823551366
81.932611000 56.064090330 18.288881062 -58.706434162 -0.189314622 0.481855401 -0.223170681 0.825935950
82.032929000 56.366885244 18.273087051 -58.477747493 -0.186762774 0.481231932 -0.225293810 0.826303935
82.133423000 56.673434404 18.298384715 -58.394079322 -0.178243896 0.476857361 -0.228578974 0.829811920
82.233938000 56.967165382 18.301845675 -58.264550759 -0.172208825 0.473756721 -0.230372926 0.832362304
82.334120000 57.254966913 18.277047592 -58.096727927 -0.168877052 0.469789149 -0.231443201 0.834992660
82.434176000 57.556246287 18.268355549 -58.003512415 -0.167619658 0.461677808 -0.235422729 0.838649743
82.534053000 57.871866082 18.195059767 -57.795920496 -0.174317759 0.452455310 -0.237038598 0.841849282
82.633864000 58.221859265 18.224789958 -57.695445683 -0.173429714 0.439339053 -0.240504801 0.847974511
82.733622000 58.492735048 18.233939603 -57.539501671 -0.172349702 0.429693959 -0.241149346 0.852939432
82.833446000 58.809432415 18.214313551 -57.391751494 -0.170744675 0.419129075 -0.243537689 0.857826596
82.933513000 59.108512107 18.277654077 -57.263802138 -0.164427165 0.409508489 -0.246502265 0.862845953
83.033695000 59.377246264 18.237347394 -57.091813064 -0.165976843 0.401988456 -0.249341242 0.865266383
83.133937000 59.672237344 18.291245749 -56.905682910 -0.158236958 0.402363913 -0.250235509 0.866283174
83.233962000 59.941528322 18.304298282 -56.704117605 -0.154967034 0.402277661 -0.251371941 0.866585281
83.333694000 60.183531836 18.289820372 -56.487339834 -0.151485581 0.401434148 -0.252384698 0.867297358
83.433223000 60.427128145 18.315896082 -56.312928563 -0.145180790 0.403248715 -0.254026262 0.867054595
83.532948000 60.646597850 18.270830546 -56.077450060 -0.140326335 0.407246566 -0.253910146 0.866018702
83.632615000 60.889449827 18.259595074 -55.880166654 -0.135746046 0.407461277 -0.255256054 0.866252080
83.732226000 61.127689221 18.316889381 -55.762400717 -0.128340432 0.404492496 -0.259345185 0.867556701
83.831900000 61.352917808 18.279253034 -55.541618337 -0.124402269 0.403555248 -0.260662224 0.868171897
83.931781000 61.556513409 18.216779233 -55.299857871 -0.123284526 0.403233126 -0.261798712 0.868139047
84.031799000 61.719325281 18.141063039 -55.030123996 -0.123102762 0.403462501 -0.262717631 0.867780598
84.131941000 61.898872800 18.158015408 -54.808850363 -0.115259388 0.403540690 -0.266977598 0.867521266
84.232131000 62.105936066 18.133087968 -54.634338758 -0.107554140 0.404535531 -0.266500840 0.868193765
84.332466000 62.302611880 18.081565715 -54.467366370 -0.103537777 0.405546816 -0.264314276 0.868878399
84.432812000 62.455770889 17.947922600 -54.148503828 -0.118544602 0.415719558 -0.266878786 0.861336253
84.533051000 62.581392318 17.863802717 -53.792456945 -0.134220293 0.428124026 -0.271193193 0.851556800
84.633075000 62.786762146 17.794123774 -53.531495635 -0.115383227 0.422664260 -0.265159274 0.858913380
84.732750000 62.942594947 17.626518621 -53.237790525 -0.117355256 0.420157949 -0.257535316 0.862189424
84.832133000 63.136392695 17.574998804 -52.976829807 -0.112076287 0.411458333 -0.265133843 0.864780314
84.931427000 63.374410239 17.527255490 -52.680049925 -0.109785163 0.401505125 -0.273133732 0.867259371
85.030809000 63.619563559 17.479009455 -52.374017880 -0.110606384 0.391063199 -0.270587230 0.872707484
85.130466000 63.874014023 17.447035417 -52.049160944 -0.112652075 0.381237970 -0.270919262 0.876681170
85.230289000 64.128312370 17.419724731 -51.745952647 -0.114698593 0.372906140 -0.271782991 0.879726804
85.330374000 64.386290471 17.396467094 -51.469432838 -0.117714608 0.366532687 -0.272196004 0.881876633
85.430558000 64.637740592 17.371061052 -51.195665078 -0.129877326 0.362959844 -0.269233167 0.882556249
85.530680000 64.937213185 17.379107441 -50.928928379 -0.129702319 0.357559534 -0.270365473 0.884438239
85.630868000 65.209126213 17.378130400 -50.642560191 -0.132447237 0.354371039 -0.268766349 0.885801076
85.731178000 65.468571395 17.159312376 -50.221274786 -0.150453850 0.355182008 -0.263163036 0.884281967
85.831829000 65.754238247 17.260889117 -50.056721199 -0.142561813 0.350474858 -0.264538021 0.887053064
85.932506000 66.069728344 17.424284639 -50.018235905 -0.130746330 0.343271790 -0.267971002 0.890652243
86.032889000 66.302522923 17.410554196 -49.777821259 -0.136386400 0.345013757 -0.265841768 0.889770988
86.133025000 66.525814802 17.342209992 -49.567616574 -0.144433510 0.348730884 -0.260398333 0.888661038
86.232803000 66.805999684 17.312574543 -49.370982191 -0.134519062 0.346697858 -0.261621880 0.890651003
86.332613000 67.027856437 17.368631402 -49.147756341 -0.123854435 0.351232079 -0.263883845 0.889753574
86.432505000 67.232008173 17.311448919 -48.894784467 -0.122686911 0.356621986 -0.263942165 0.887751775
86.532323000 67.429518467 17.237393807 -48.599098596 -0.123017088 0.361576657 -0.262238022 0.886205584
86.632093000 67.630398063 17.238816063 -48.393725674 -0.109357284 0.361382695 -0.263060523 0.887830329
86.731896000 67.899867626 17.094191105 -48.163240007 -0.094989091 0.353443090 -0.267039541 0.891484682
86.831593000 68.128585194 16.985376987 -47.969452121 -0.092753126 0.350290034 -0.266355533 0.893167666
86.931157000 68.285414693 17.003023676 -47.731944634 -0.103381951 0.353814357 -0.259362064 0.892669532
87.030609000 68.466581952 16.978110045 -47.587933573 -0.114170916 0.346327032 -0.256938064 0.894989061
87.130088000 68.671556170 16.960421174 -47.553539846 -0.114035627 0.326860381 -0.268408894 0.898952075
87.229648000 68.753734874 16.775375608 -47.172593407 -0.120523271 0.315720076 -0.274635164 0.900205811
87.329583000 68.885464954 16.769557014 -46.962790087 -0.123394942 0.299948664 -0.266429104 0.907645316
87.429784000 68.942388516 16.769960671 -46.723413704 -0.136191600 0.287347121 -0.260436576 0.911622877
87.529952000 69.061208870 16.598526732 -46.574305777 -0.151698041 0.262516991 -0.256451713 0.917771787
87.629964000 69.208247244 16.512022807 -46.433221755 -0.163588471 0.235722038 -0.257350353 0.922737627
87.729944000 69.340439777 16.392635657 -46.295298808 -0.176741107 0.206151498 -0.260648149 0.926459218
87.829989000 69.432922375 16.324748613 -46.098571484 -0.184433477 0.180425172 -0.264701598 0.929173888
87.930237000 69.627691196 16.290362225 -45.972253479 -0.190857385 0.151036574 -0.268378737 0.932059153
88.030521000 69.811898526 16.251476069 -45.808979318 -0.202553242 0.126722161 -0.269358139 0.932930797
88.130883000 69.931719476 16.247480454 -45.605245115 -0.213227368 0.111963053 -0.270583428 0.932085282
88.231232000 70.039518626 16.250887264 -45.391993286 -0.215058429 0.102173571 -0.273506987 0.931935814
88.331420000 70.100118076 16.318884223 -45.192021242 -0.210394281 0.095921101 -0.279858044 0.931779407
88.431333000 70.089137626 16.458720371 -45.058241110 -0.195388804 0.096596582 -0.281603814 0.934447221
88.531060000 70.100434396 16.605156555 -44.899936106 -0.183867937 0.098763844 -0.283141332 0.936092555
88.630574000 70.110071811 16.670863169 -44.764412486 -0.176388101 0.106244635 -0.288235650 0.935157487
88.730199000 70.238939765 16.705138091 -44.492604412 -0.174848874 0.103963355 -0.293589707 0.934036710
88.829941000 70.261407620 16.937306470 -44.520782345 -0.161290393 0.105566524 -0.299398249 0.934452678
88.929723000 70.283641565 17.023931588 -44.359571259 -0.154890094 0.097111200 -0.318939604 0.929976345
89.029637000 70.256708117 17.052631784 -44.078699788 -0.161200317 0.090075916 -0.335055565 0.923925622
89.129779000 70.757964859 17.210932968 -43.776954113 -0.156531352 0.058978469 -0.333652994 0.927736577
89.229916000 70.776604230 17.318884229 -43.584421962 -0.156118471 0.044160986 -0.322048723 0.932717240
89.330169000 70.806511247 17.380589124 -43.384111593 -0.160611630 0.028895361 -0.307148538 0.937565325
89.430420000 70.817752121 17.334134808 -43.163078456 -0.168912950 0.017983106 -0.300005234 0.938691580
89.530841000 70.909199465 17.275401395 -42.953630254 -0.183051897 0.008681767 -0.296789559 0.937193997
89.631258000 70.970716204 17.238476818 -42.719362717 -0.188620498 -0.000926881 -0.296264046 0.936295393
89.731503000 71.006298882 17.194927967 -42.502941707 -0.199302955 -0.008388833 -0.294757236 0.934519198
89.831582000 71.042658307 17.219529983 -42.282399009 -0.208763724 -0.013545468 -0.295353996 0.932201826
89.931560000 71.127280935 17.195911973 -42.071898416 -0.215810269 -0.021711291 -0.298625834 0.929396126
90.031389000 71.183440332 17.263806821 -41.854678234 -0.216635431 -0.025640844 -0.307561355 0.926184458
90.131199000 71.241801843 17.296439794 -41.616946090 -0.223664927 -0.027680471 -0.302275620 0.926195034
90.230862000 71.290955097 17.343381810 -41.381669798 -0.231816951 -0.029367544 -0.299038316 0.925188918
90.330609000 71.334380405 17.403415373 -41.144786606 -0.234789099 -0.031966704 -0.296534116 0.925159298
90.430597000 71.369821505 17.480422750 -40.896087927 -0.240945203 -0.032561457 -0.296391311 0.923600212
90.530782000 71.412273441 17.608688653 -40.666005813 -0.253141966 -0.028532320 -0.302981705 0.918317558
90.631055000 71.431205845 17.693224096 -40.414232195 -0.256743961 -0.027322394 -0.301493970 0.917843893
90.731342000 71.449263900 17.830149481 -40.159090890 -0.258455377 -0.024945527 -0.300901941 0.917625501
90.831612000 71.444492523 17.926342064 -39.874280291 -0.261828857 -0.021639133 -0.300506078 0.916882487
90.931747000 71.455184322 18.070964204 -39.600623767 -0.269422753 -0.015615676 -0.302478631 0.914152180
91.031628000 71.449855851 18.146430071 -39.278364057 -0.283991063 -0.007787201 -0.304854301 0.909039213
91.131553000 71.431988703 18.238755051 -38.940730067 -0.262022793 -0.012160665 -0.301900281 0.916543722
91.231462000 71.434518417 18.345176725 -38.608098136 -0.259809245 -0.010217382 -0.300767135 0.917569557
91.331431000 71.423318546 18.454791286 -38.261494586 -0.260376992 -0.007952871 -0.301239115 0.917276168
91.431387000 71.413840005 18.584642032 -37.925800743 -0.277079462 -0.000643606 -0.301855968 0.912200379
91.531446000 71.392117198 18.691193225 -37.526696575 -0.270189317 -0.002504963 -0.306408371 0.912746059
91.631572000 71.353748822 18.790468930 -37.102421457 -0.239965507 -0.012432892 -0.305114922 0.921502503
91.731752000 71.318707395 18.886924372 -36.685903967 -0.216408819 -0.020649064 -0.304844076 0.927259903
91.831926000 71.279909494 18.973333500 -36.254851936 -0.186882350 -0.030340724 -0.302322814 0.934213757
91.932083000 71.237801291 19.073511210 -35.835050533 -0.171722350 -0.035654973 -0.302279453 0.936945724
92.032146000 71.213645472 19.136883409 -35.409136420 -0.163804335 -0.039741220 -0.301955465 0.938302548
92.132088000 71.175409892 19.197709370 -35.003144857 -0.161067587 -0.041242222 -0.303016456 0.938369511
92.231751000 71.156790602 19.232735615 -34.603080173 -0.158894553 -0.044454352 -0.303534772 0.938425796
92.331582000 71.101804596 19.289889961 -34.208004863 -0.156782261 -0.044057693 -0.305672918 0.938105703
92.431761000 71.088806117 19.336468810 -33.838922213 -0.154052225 -0.046091832 -0.306108844 0.938318086
92.531941000 70.986082526 19.290035218 -33.408088066 -0.158998459 -0.043736872 -0.306786193 0.937384024
92.632104000 70.933157954 19.311941780 -32.987182979 -0.159710797 -0.044087797 -0.306783971 0.937247205
92.732407000 70.864823755 19.355177585 -32.588957761 -0.159014846 -0.042899076 -0.306204817 0.937610024
92.832664000 70.840254443 19.343634171 -32.192920565 -0.162676839 -0.045394486 -0.307572403 0.936415935
92.932618000 70.817857910 19.375081547 -31.797364890 -0.164100892 -0.052231614 -0.307888648 0.935706865
93.032436000 70.821017797 19.413029519 -31.432069799 -0.164384899 -0.059411086 -0.310095759 0.934499090
93.132350000 70.774465008 19.448734013 -31.049365325 -0.167502918 -0.062490135 -0.308566407 0.934250784
93.232239000 70.768162053 19.525712273 -30.726973674 -0.168237515 -0.067851987 -0.310529771 0.933093515
93.332206000 70.729320278 19.596049750 -30.378834388 -0.168151201 -0.070708672 -0.309328393 0.933295989
93.432354000 70.713526691 19.643953235 -30.023403831 -0.177579971 -0.070874570 -0.311136439 0.930933008
93.532570000 70.662770631 19.729595545 -29.677255080 -0.181233174 -0.068471740 -0.309499811 0.930954362
93.632638000 70.631817887 19.798729179 -29.299449047 -0.175709366 -0.071447171 -0.309367057 0.931833432
93.732454000 70.605468314 19.908164320 -28.974894773 -0.173733253 -0.072901205 -0.308877573 0.932253622
93.832291000 70.614427583 20.016490276 -28.615499890 -0.173224365 -0.077909508 -0.307817741 0.932293766
93.932015000 70.620072004 20.137597924 -28.285102877 -0.171025181 -0.083437278 -0.319963515 0.928122813
94.031860000 70.653587416 20.210743027 -27.933678531 -0.167058168 -0.087468581 -0.330307972 0.924844560
94.132077000 70.619668754 20.308114464 -27.605137477 -0.172047904 -0.090186518 -0.316028327 0.928650638
94.232085000 70.565875134 20.441995622 -27.299036782 -0.172978931 -0.090946995 -0.307535931 0.931251086
94.332160000 70.512529169 20.485087857 -26.947458382 -0.179113550 -0.092183011 -0.305439443 0.930659645
94.432203000 70.452754340 20.550269147 -26.629006221 -0.180363264 -0.088626757 -0.303827032 0.931291322
94.532248000 70.417184070 20.631962754 -26.328743069 -0.179025173 -0.088496923 -0.302747912 0.931913078
94.632071000 70.328407721 20.707017556 -26.044087953 -0.178288593 -0.087009355 -0.303806884 0.931849734
94.731716000 70.248800018 20.752127909 -25.738675717 -0.178406227 -0.087168251 -0.303947183 0.931766615
94.831288000 70.168641655 20.813734856 -25.453697686 -0.178679410 -0.088688476 -0.303801641 0.931618262
94.930804000 70.126337060 20.910518035 -25.199658951 -0.173944992 -0.092518530 -0.303376933 0.932279946
95.030379000 70.068194082 20.975708550 -24.924961694 -0.171536914 -0.096783800 -0.302455804 0.932592338
95.130205000 70.008723571 21.022141894 -24.642239219 -0.169169709 -0.101383148 -0.301970443 0.932693368
95.230076000 70.029135508 21.075465598 -24.396391105 -0.164907517 -0.109482249 -0.299915857 0.933203958
95.330044000 69.929301799 21.114483503 -24.134267392 -0.162976298 -0.111277005 -0.298986152 0.933629175
95.430114000 69.913767605 21.180831645 -23.896085094 -0.157588577 -0.116327010 -0.297592194 0.934383622
95.530202000 69.854617541 21.225353026 -23.642492698 -0.155119056 -0.119657822 -0.297161103 0.934513437
95.630156000 69.871815342 21.306733294 -23.443695255 -0.147534263 -0.125609446 -0.294674192 0.935747310
95.730076000 69.804108565 21.351229624 -23.189889395 -0.143487530 -0.129948377 -0.293905106 0.936025927
95.830047000 69.826865271 21.439250294 -22.975672143 -0.137988516 -0.135088218 -0.290975201 0.937039901
95.930077000 69.720299303 21.422094089 -22.716881723 -0.165687597 -0.131883903 -0.299137495 0.930414432
96.030038000 69.616830923 21.472599015 -22.465226599 -0.175012266 -0.130513377 -0.298656020 0.929054114
96.130200000 69.512722143 21.566668383 -22.186095129 -0.184731003 -0.129630265 -0.303881270 0.925595281
96.230441000 69.371850669 21.568534970 -21.912136142 -0.181355549 -0.133698920 -0.302562268 0.926115996
96.330696000 69.315855020 21.629651716 -21.628180240 -0.156111988 -0.146135316 -0.298567971 0.930124015
96.430791000 69.094487300 21.613071790 -21.319043629 -0.141858288 -0.152521927 -0.296788938 0.931949363
96.530670000 68.923585908 21.637664906 -21.025277928 -0.133176332 -0.157972100 -0.296801696 0.932318419
96.630683000 68.899328490 21.577037331 -20.742163643 -0.132165927 -0.170433886 -0.298045843 0.929867267
96.730930000 68.782848636 21.552586355 -20.463289301 -0.133668043 -0.177677070 -0.299178146 0.927931113
96.831320000 68.675305090 21.526510897 -20.173615816 -0.135888892 -0.185320161 -0.301304038 0.925422349
96.931696000 68.597169566 21.511244734 -19.875982180 -0.135342265 -0.194980153 -0.302091653 0.923258276
97.031932000 68.470763733 21.524154220 -19.592227594 -0.135398948 -0.201324968 -0.303801411 0.921325179
97.132136000 68.385543130 21.560089173 -19.306376551 -0.132811076 -0.208926075 -0.305918508 0.919306793
97.232232000 68.269334820 21.579583861 -19.018874375 -0.133420738 -0.214907850 -0.308254153 0.917056650
97.332448000 68.187488416 21.620978211 -18.778534318 -0.129851172 -0.222057352 -0.309390331 0.915481747
97.432706000 68.075331397 21.684977975 -18.539468376 -0.126406300 -0.226499159 -0.309678861 0.914777886
97.533003000 68.038684665 21.703502012 -18.336378373 -0.125507947 -0.237229961 -0.312484350 0.911220737
97.633219000 67.910851935 21.784135672 -18.125195604 -0.122541507 -0.239824503 -0.314255288 0.910335872
97.733375000 68.033308985 21.894007530 -17.969258825 -0.112478653 -0.263814263 -0.324189061 0.901472151
97.833522000 67.877217254 21.888405851 -17.687943740 -0.119483109 -0.268827048 -0.322834764 0.899574077
97.933728000 67.690290607 21.926803103 -17.477151795 -0.122471842 -0.269390230 -0.320907438 0.899693264
98.033990000 67.716336909 22.016174167 -17.352157580 -0.132218303 -0.283027300 -0.334908029 0.888960337
98.134253000 67.583807505 22.144062629 -17.084298888 -0.138055694 -0.284506845 -0.334993394 0.887567409
98.234326000 67.672488394 22.233404527 -16.818203343 -0.147923416 -0.290967142 -0.334572673 0.884035018
98.334267000 67.640482042 22.316155411 -16.542830328 -0.158077287 -0.295720216 -0.333957137 0.880927781
98.433975000 67.551685632 22.335209279 -16.279851362 -0.158558609 -0.302664956 -0.329504363 0.880159058
98.533596000 67.482438986 22.443174239 -16.001861533 -0.142044703 -0.313671929 -0.319780393 0.882708176
98.633219000 67.430931649 22.596388778 -15.728378575 -0.133650872 -0.320925163 -0.314746479 0.883220888
98.732848000 67.414055751 22.704389332 -15.502886172 -0.134514275 -0.327621699 -0.310882735 0.881998786
98.832610000 67.193912380 22.807530984 -15.234172858 -0.136778067 -0.329175398 -0.317807178 0.878597698
98.932445000 67.129134425 22.897501447 -14.980143387 -0.131333691 -0.338646249 -0.304816978 0.880429889
99.032312000 67.170745674 23.098211062 -14.728844314 -0.112613001 -0.351262075 -0.293510087 0.881921253
99.132332000 67.006448810 23.149749337 -14.460214686 -0.128055858 -0.355441262 -0.279813775 0.882591331
99.232095000 66.920363672 23.319238696 -14.272223201 -0.144153771 -0.358002857 -0.262722278 0.884324968
99.331871000 66.756559504 23.427671592 -14.003093957 -0.146433798 -0.363246686 -0.258336081 0.883103311
99.431727000 66.479861690 23.381617176 -13.735822384 -0.133932037 -0.369428086 -0.258030775 0.882612722
99.531741000 66.293573774 23.533653811 -13.481738492 -0.112169041 -0.379544705 -0.236733123 0.887311305
99.631714000 66.047449577 23.507617544 -13.218357377 -0.089309853 -0.378071160 -0.267147044 0.881883442
99.731636000 65.884494581 23.511979607 -12.947724309 -0.075957501 -0.380583490 -0.280295026 0.877964329
99.831624000 65.713939915 23.512474229 -12.681880787 -0.069002007 -0.384183910 -0.285359477 0.875335031
99.931617000 65.533773171 23.524864455 -12.421290969 -0.064994374 -0.388037479 -0.287757317 0.873154266
100.031622000 65.379836361 23.539818155 -12.179452065 -0.069002314 -0.390595011 -0.290811208 0.870691139
100.131811000 65.206903165 23.567607871 -11.918399809 -0.063210794 -0.397109871 -0.291265913 0.868027830
100.232105000 64.929803979 23.561869047 -11.685282250 -0.063797476 -0.399987766 -0.291560537 0.866563398
100.332387000 64.734919721 23.562562737 -11.433880995 -0.065015901 -0.406954600 -0.292874327 0.862777790
100.432615000 64.514922149 23.581966171 -11.175694221 -0.057441535 -0.416350909 -0.288702373 0.860234463
100.532771000 64.308791725 23.586638934 -10.954752021 -0.055339107 -0.425537483 -0.288349195 0.855984915
100.633042000 64.132048561 23.605420577 -10.716807789 -0.052315031 -0.436361035 -0.289155262 0.850436017
100.733187000 63.914623422 23.662164667 -10.523279656 -0.045809295 -0.444806733 -0.287114442 0.847120874
100.833235000 63.731329919 23.721832495 -10.304992138 -0.042475116 -0.454376352 -0.287805846 0.841965433
100.933322000 63.687529848 23.773061192 -10.171127489 -0.034312467 -0.469538820 -0.283529237 0.835444267
101.033436000 63.339791751 23.870512089 -10.007050374 -0.030659571 -0.466009193 -0.280147509 0.838697083
101.133526000 63.005236935 23.940514545 -9.773713799 -0.032004311 -0.466702182 -0.279315320 0.838539056
101.233407000 62.696645741 24.039529553 -9.620481413 -0.032428342 -0.466264291 -0.279163508 0.838816875
101.333368000 62.391054435 24.137801143 -9.454849631 -0.034553413 -0.465726316 -0.279949333 0.838768998
101.433267000 62.173472192 24.202868263 -9.327609095 -0.034471218 -0.465065607 -0.284167466 0.837719862
101.533065000 62.133186621 24.184354519 -9.247417180 -0.043128366 -0.470187750 -0.288889142 0.832830407
101.632848000 61.914832538 24.241540569 -9.149281478 -0.052948901 -0.470130637 -0.292731622 0.830952342
101.732961000 61.642093609 24.318745901 -9.099262951 -0.060081379 -0.467096851 -0.297545159 0.830468324
101.833072000 61.396739158 24.284280552 -8.935307867 -0.061101729 -0.473070695 -0.296981336 0.827207823
101.933100000 61.129923698 24.309252569 -8.760724146 -0.062841260 -0.480839753 -0.291039662 0.824706022
102.033146000 60.960356574 24.308223554 -8.572346469 -0.063487330 -0.490196169 -0.289586105 0.819644412
102.133238000 60.767446546 24.254545149 -8.375252087 -0.072065645 -0.500964199 -0.283817344 0.814425644
102.233144000 60.532137910 24.278493503 -8.194794345 -0.078557354 -0.503020685 -0.298748462 0.807185412
102.333001000 60.327236752 24.256064259 -7.947137332 -0.082308236 -0.511765540 -0.302481075 0.799891608
102.433044000 60.055283370 24.242644781 -7.770093243 -0.113558683 -0.514696710 -0.298079959 0.795826652
102.533158000 59.852872625 24.338133034 -7.593557251 -0.126566931 -0.518427103 -0.299810463 0.790776730
102.633440000 59.550363469 24.399470626 -7.484891094 -0.112941831 -0.525455866 -0.290157473 0.791801058
102.733691000 59.394514029 24.509458983 -7.306850039 -0.093610920 -0.542657528 -0.272271802 0.789067722
102.833527000 59.257217933 24.624571217 -7.187456160 -0.108003448 -0.556896913 -0.244391588 0.786431075
102.933096000 59.088674644 24.574320833 -6.993963220 -0.147689054 -0.566624925 -0.241489077 0.773826314
103.032751000 58.796790503 24.685745894 -6.961911600 -0.148007217 -0.562179202 -0.258887409 0.771379101
103.132852000 58.431066760 24.845225144 -6.794427437 -0.144617023 -0.560967183 -0.270725055 0.768836576
103.232940000 58.261427884 25.086985882 -6.653100248 -0.118702636 -0.554022901 -0.302413044 0.766495049
103.333081000 57.974742280 25.217185048 -6.471070739 -0.093582095 -0.553258182 -0.314768410 0.765551190
103.433341000 57.575918309 25.358396285 -6.292648212 -0.061670830 -0.558749625 -0.303811008 0.769216768
103.533587000 57.178481900 25.520576309 -6.172228597 -0.076339979 -0.546845457 -0.318398639 0.770554710
103.633654000 56.824350891 25.785038138 -6.021562842 -0.094156683 -0.535524106 -0.328446407 0.772315614
103.733808000 56.501026581 25.997346493 -5.917788442 -0.053728782 -0.548589420 -0.302659119 0.777534774
103.834086000 56.101415827 26.144526922 -5.736876711 -0.040653211 -0.556847634 -0.290892517 0.776948887
103.934240000 55.611816609 26.376988630 -5.624748077 -0.034463578 -0.559300448 -0.287615133 0.776706383
104.034423000 55.145507734 26.629902780 -5.513600790 -0.030954639 -0.561212886 -0.287254112 0.775607492
104.134512000 54.780584761 26.747899820 -5.382981534 -0.033107060 -0.563687926 -0.285171046 0.774491652
104.234503000 54.317335592 26.744873269 -5.238173518 -0.030021308 -0.565209404 -0.295662172 0.769558919
104.334572000 53.875945400 26.979450034 -5.088524078 -0.029258720 -0.568513480 -0.295486314 0.767218476
104.435012000 53.325117168 27.290369963 -4.911412193 -0.033296875 -0.571305731 -0.296523322 0.764575045
104.535460000 52.870640155 27.511416264 -4.820058531 -0.034895472 -0.570026581 -0.297998626 0.764884842
104.635775000 52.699853024 27.803505510 -4.819003897 -0.023329568 -0.568870811 -0.297278788 0.766463994
104.735779000 52.643350134 28.018521927 -4.826893908 -0.010198210 -0.567718448 -0.291123223 0.769960408
104.835383000 52.319463398 28.246665638 -4.723017033 -0.008593764 -0.572543470 -0.279406112 0.770747914
104.934689000 52.070756150 28.248517517 -4.667236349 -0.031100691 -0.564307005 -0.292950922 0.771213400
105.033853000 51.760073569 28.377451405 -4.549998064 -0.059696862 -0.572841827 -0.259779456 0.775114933
105.133157000 51.489329138 28.509987510 -4.516065244 -0.076056622 -0.585818172 -0.202307968 0.781091509
105.232515000 51.192357323 28.671877293 -4.190607033 -0.064563640 -0.593621056 -0.203457563 0.775919196
105.332227000 50.886358508 28.710001337 -4.259551515 -0.023252242 -0.578887578 -0.245241350 0.777306365
105.432350000 50.584388259 28.814553788 -4.163968742 -0.000233004 -0.572435832 -0.261936207 0.776985577
105.532463000 50.290801470 28.898397965 -4.066226122 0.011686647 -0.567948454 -0.267898793 0.778156933
105.632527000 50.009501076 29.014202391 -3.972905365 0.020153773 -0.565146934 -0.268484844 0.779819631
105.732518000 49.705471729 29.015468460 -3.899308554 0.023350182 -0.562660872 -0.269609122 0.781139190
105.832486000 49.399972424 29.028379358 -3.840549017 0.026400250 -0.559911357 -0.270566837 0.782685049
105.932417000 49.053712045 29.064789242 -3.735534754 0.014424942 -0.555107553 -0.278951005 0.783475502
106.032410000 48.731582051 29.107794530 -3.631660021 -0.028426193 -0.537212283 -0.315461798 0.781715273
106.132656000 48.411133549 29.161714423 -3.551445777 -0.027817594 -0.537999372 -0.314158873 0.781720576
106.233086000 48.083988995 29.211018012 -3.474413401 -0.013779206 -0.544729908 -0.301518781 0.782410305
106.333315000 47.771122530 29.304935784 -3.400990078 -0.029797020 -0.536821365 -0.316431668 0.781540760
106.433297000 47.527239243 29.440356562 -3.337956991 -0.035719499 -0.534835605 -0.313307790 0.783908937
106.533229000 47.135444240 29.503195458 -3.246148329 0.010862329 -0.553839666 -0.278790440 0.784486791
106.633228000 46.753119391 29.581794474 -3.152532047 0.033186564 -0.562875855 -0.262811015 0.782943034
106.733235000 46.372943689 29.666758800 -3.020293210 0.044926436 -0.569228750 -0.255372018 0.780221365
106.833269000 45.947012319 29.688301244 -3.050427215 0.048063610 -0.568042256 -0.253469310 0.781518518
106.933338000 45.556695341 29.727610765 -2.988164853 0.051365369 -0.569177966 -0.252060049 0.780937753
107.033188000 45.166653703 29.789508303 -2.920074410 0.052046489 -0.570166486 -0.251167207 0.780459080
107.132989000 44.771624092 29.758173597 -2.823993337 0.051051219 -0.572308279 -0.252719458 0.778453520
107.232999000 44.385139679 29.783183100 -2.714264229 0.051592995 -0.575222742 -0.250977546 0.776831533
107.333204000 43.957178171 29.790153993 -2.684487584 0.050198385 -0.574271153 -0.253866574 0.776688179
107.433488000 43.654303443 29.796793685 -2.518659592 0.050453255 -0.582230078 -0.252560200 0.771152353
107.533671000 43.262501939 29.711704965 -2.391124894 0.045448095 -0.586737148 -0.256911965 0.766596525
107.633616000 43.037306386 29.729364138 -2.230215813 0.044584580 -0.594634318 -0.262072438 0.758775514
107.733302000 42.877719763 29.781263611 -2.058754453 0.049331152 -0.606527057 -0.264268561 0.748233582
107.832973000 42.489830901 29.776559889 -1.998640878 0.027105385 -0.608659621 -0.262704234 0.748187977
107.932697000 42.115871775 29.824682034 -1.986946371 -0.015420911 -0.598694877 -0.284412532 0.748622836
108.032504000 41.825867858 29.917140139 -1.899795951 -0.010144427 -0.610079551 -0.258039648 0.749076480
108.132529000 41.481132766 29.995956667 -1.844306510 -0.005945291 -0.626447263 -0.212306574 0.749969599
108.232353000 41.119005675 30.021419402 -1.784590300 -0.022017439 -0.638354921 -0.175332358 0.749184084
108.332097000 40.757540343 29.981395756 -1.808882477 -0.046116583 -0.634408595 -0.180005909 0.750331172
108.431935000 40.369637154 29.928643659 -1.548652158 0.002881787 -0.629483759 -0.216457920 0.746249195
108.532218000 39.999229192 29.975424009 -1.374850390 0.040735377 -0.620963168 -0.236473819 0.746207415
108.632787000 39.664368698 30.010039489 -1.242106769 0.057277343 -0.615745275 -0.242442277 0.747528464
108.733420000 39.240806344 30.017106876 -1.152280247 0.054063537 -0.608952847 -0.247713324 0.751592758
108.833857000 38.812213252 30.128279151 -0.950475033 0.041545585 -0.606643088 -0.248300336 0.754059064
108.934158000 38.499756175 30.129311584 -0.908016893 0.050278017 -0.608610864 -0.245048799 0.753004663
109.034411000 38.178843970 30.085675617 -0.719719883 0.048489338 -0.615541933 -0.248163974 0.746439251
109.134547000 37.844645363 30.054988926 -0.614073004 0.053282243 -0.625400448 -0.244544172 0.739076065
109.234212000 37.498036888 30.066246443 -0.489992655 0.024309921 -0.623235793 -0.277245978 0.730835715
109.334018000 37.176349055 30.049720668 -0.389658208 0.013056698 -0.624413969 -0.301956777 0.720249139
109.434047000 36.822360288 30.068209212 -0.314720131 0.028584406 -0.638997493 -0.290363610 0.711726148
109.534162000 36.412293044 30.050064900 -0.268864538 0.044094307 -0.654273916 -0.267960428 0.705817643
109.634197000 36.018696603 30.054515855 -0.199597873 0.052695610 -0.664979120 -0.258514195 0.698710493
109.733942000 35.621821377 30.098355306 -0.175826092 0.054225655 -0.670664455 -0.252892711 0.695207914
109.833754000 35.169482510 30.096553960 -0.152887682 0.052051573 -0.674729177 -0.250140890 0.692431012
109.933733000 34.790066211 30.140530792 -0.097841791 0.052673819 -0.679780833 -0.248866033 0.687887480
110.033824000 34.395107975 30.201609852 -0.078478350 0.052786229 -0.682297298 -0.248427282 0.685542046
110.133981000 34.042689924 30.298842348 0.011953161 0.057231186 -0.687518990 -0.244046209 0.681530394
110.233888000 33.644698331 30.333705913 0.006088715 0.056266205 -0.688860072 -0.245676310 0.679668350
110.333585000 33.372735249 30.466236381 0.099980548 0.059242250 -0.693808857 -0.237342021 0.677339199
110.433238000 32.821628708 30.409022762 -0.024413378 0.038651672 -0.686780249 -0.226151651 0.689706001
110.532773000 32.470785366 30.500954777 0.022212036 0.017761642 -0.697851526 -0.194923171 0.688979484
110.632245000 32.165913043 30.591244648 0.083914446 -0.002427982 -0.706121703 -0.178050401 0.685335174
110.731792000 31.773948671 30.693665703 0.102009184 -0.024419658 -0.706287839 -0.182849682 0.683467016
110.831759000 31.456374288 30.728196295 0.104415214 0.009704741 -0.703310513 -0.198627615 0.682500704
110.931981000 31.099078734 30.712453990 0.149403053 0.036556143 -0.702776522 -0.203017000 0.680847197
111.032194000 30.712878294 30.805837303 0.299896102 0.033950629 -0.700712178 -0.217944419 0.678490994
111.132417000 30.399455561 30.727780993 0.261695239 0.004981817 -0.688746892 -0.254187056 0.678963799
111.232536000 30.042380226 30.719022712 0.282374280 0.024234144 -0.696650702 -0.236878427 0.676741543
111.332637000 29.687296520 30.699640121 0.273049158 0.038313818 -0.702190459 -0.224405430 0.674613085
111.432571000 29.317512969 30.653686584 0.249013612 -0.004662938 -0.692264231 -0.255889331 0.674736350
111.532394000 28.911495419 30.677915369 0.223760064 -0.020443867 -0.683758291 -0.282302828 0.672578442
111.632476000 28.471439737 30.617015367 0.164264197 0.002935355 -0.694773198 -0.258987777 0.670974604
111.732583000 28.061196089 30.563896423 0.125514605 0.005926918 -0.698817233 -0.258143621 0.667069126
111.832516000 27.680332796 30.600711424 0.121767773 -0.014199216 -0.692594750 -0.285001774 0.662483873
111.932375000 27.212674497 30.619854255 0.066875721 -0.006115286 -0.696646221 -0.279851220 0.660552754
112.032361000 26.752680919 30.630591486 0.008866689 0.011134487 -0.708070784 -0.257355369 0.657480039
112.132408000 26.290609459 30.667946017 -0.069529813 0.041322974 -0.719442639 -0.226632521 0.655234616
112.232191000 25.839966242 30.637967989 -0.051839586 0.067956947 -0.733643957 -0.193147797 0.647952411
112.331901000 25.428668873 30.740217124 -0.061208510 0.084217666 -0.741465539 -0.169651015 0.643703948
112.431847000 25.004409993 30.706515730 -0.071586717 0.090102233 -0.747960851 -0.157876159 0.638366095
112.531967000 24.497650064 30.547787099 -0.346736969 0.087231199 -0.745849797 -0.157977514 0.641203480
112.632078000 24.014591222 30.353094551 -0.601991417 0.084579124 -0.743698469 -0.162096308 0.643027018
112.732218000 23.592642681 30.173353752 -0.667163955 0.071139203 -0.751846370 -0.155754675 0.636715580
112.832305000 23.276478742 30.141761047 -0.593790307 0.036199441 -0.773005352 -0.125166671 0.620874891
112.932334000 22.906092033 30.059720192 -0.569646236 0.007928014 -0.788978144 -0.099367565 0.606281059
113.032487000 22.526734225 30.053655791 -0.562389581 -0.002184830 -0.799360456 -0.086120630 0.594643864
113.132832000 22.158172222 30.095904643 -0.407455783 0.021888898 -0.802893535 -0.095235949 0.588058638
113.233127000 21.676240526 30.024113653 -0.589647554 0.064728917 -0.790069541 -0.123451800 0.596958911
113.333300000 21.189724444 29.966411969 -0.774152992 0.092896511 -0.778422812 -0.140204119 0.604790021
113.433255000 20.744399305 29.889152414 -0.935409075 0.103477994 -0.771123660 -0.145639951 0.611105237
113.532966000 20.303751975 29.846924353 -1.121795539 0.109599481 -0.765636320 -0.145944272 0.616838106
113.632632000 19.848184628 29.819862425 -1.342258510 0.113878745 -0.762069004 -0.142249956 0.621327140
113.732077000 19.326377166 29.836539642 -1.626713023 0.112056849 -0.759083871 -0.142023990 0.625351202
113.831690000 18.972308009 29.742571299 -1.723998366 0.110739813 -0.757240204 -0.140957082 0.628056581
113.931762000 18.586143197 29.736928161 -1.713924604 0.113424021 -0.764029639 -0.138207481 0.619913215
114.032021000 18.391368053 29.744437176 -1.851750714 0.114995010 -0.761530316 -0.133959838 0.623620467
114.132331000 18.340175278 29.686320057 -1.780366029 0.104309007 -0.770607163 -0.128322552 0.615481563
114.232501000 17.884981403 29.728366106 -1.965458611 0.104814867 -0.770889181 -0.125907269 0.615541285
114.332467000 17.434339674 29.738180655 -2.156900762 0.105222631 -0.770919552 -0.123896985 0.615841521
114.432245000 17.062916585 29.689263538 -2.292196076 0.105251333 -0.770890076 -0.122832356 0.616086731
114.531868000 16.610227027 29.650846228 -2.438801680 0.102281458 -0.771588567 -0.120902148 0.616094358
114.631624000 16.138596124 29.683528670 -2.592280984 0.101372063 -0.772157856 -0.119080660 0.615886147
114.731483000 15.948492946 29.650537698 -2.640291566 0.100908118 -0.773219117 -0.117065149 0.615016667
114.831611000 15.816459797 29.619094132 -2.678317493 0.104107062 -0.774690470 -0.110697924 0.613809714
114.931687000 15.628130114 29.621319788 -2.717879887 0.088770732 -0.780926610 -0.101196752 0.609944755
115.031658000 15.557146821 29.583561310 -2.719550899 0.087589099 -0.782207655 -0.102192170 0.608305922
115.131674000 15.173542433 29.584374649 -2.785158312 0.084270843 -0.784687779 -0.096712190 0.606473633
115.231755000 14.885079582 29.541639486 -2.803969093 0.090738522 -0.786009563 -0.107505596 0.601995046
115.331935000 14.497412551 29.494601062 -2.907778609 0.084779490 -0.785567126 -0.094938963 0.605543823
115.432069000 14.106866167 29.441941409 -3.066278494 0.065191399 -0.790596513 -0.082214316 0.603281064
115.532039000 13.750227592 29.424238748 -3.125569225 0.061924519 -0.792337402 -0.076833232 0.602049375
115.631996000 13.616237603 29.392850426 -3.143538442 0.080677261 -0.787573703 -0.100006115 0.602675385
115.731987000 13.245650280 29.359593794 -3.204704382 0.089005668 -0.789240435 -0.093866851 0.600305373
115.831896000 12.842227507 29.310919028 -3.290334202 0.089671527 -0.791010989 -0.091707789 0.598205913
115.931707000 12.519837251 29.298108946 -3.310798408 0.078296189 -0.788576862 -0.115868280 0.598824499
116.031632000 12.165670737 29.254529401 -3.386591252 0.089145034 -0.791066721 -0.104141594 0.596172068
116.131848000 11.786012649 29.212531062 -3.507335077 0.094309528 -0.792741360 -0.100092647 0.593841992
116.231899000 11.498440894 29.150250729 -3.584170286 0.086095335 -0.793421688 -0.108459850 0.592710788
116.332042000 11.151667334 29.102249962 -3.674649699 0.063871947 -0.789899862 -0.141591525 0.593237240
116.432213000 10.792889048 29.098975133 -3.749531600 0.072055239 -0.793351016 -0.131095973 0.590098342
116.532484000 10.412410377 29.079104571 -3.846786634 0.087838164 -0.798143080 -0.110628174 0.585673534
116.632673000 10.036116494 29.020436313 -3.962594007 0.082973497 -0.799288680 -0.114337153 0.584106172
116.732677000 9.709406680 28.948187093 -4.041061467 0.080796423 -0.801271446 -0.112514758 0.582045047
116.832560000 9.314034112 28.888043374 -4.168368953 0.090029335 -0.803359877 -0.100576347 0.579993126
116.932268000 8.974058765 28.832001736 -4.320765702 0.093446336 -0.804550440 -0.096487702 0.578495027
117.031824000 8.586444746 28.782828691 -4.474678992 0.096078862 -0.805266706 -0.094274590 0.577431110
117.131392000 8.190018129 28.719201368 -4.593813633 0.095956397 -0.806784882 -0.092895537 0.575552729
117.230898000 7.874805728 28.681891589 -4.687146789 0.095125263 -0.809057815 -0.092564457 0.572545594
117.330679000 7.521342652 28.630679467 -4.809795693 0.095045319 -0.810669597 -0.092680081 0.570255728
117.430609000 7.359377914 28.562152608 -4.891293436 0.094133518 -0.811619227 -0.093834377 0.568865731
117.530585000 7.406630739 28.563701569 -4.662525299 0.103434450 -0.817896819 -0.100230090 0.557045812
117.630506000 7.244773940 28.533425114 -4.917110069 0.103906799 -0.813765030 -0.102968910 0.562483117
117.730436000 6.919491596 28.492321696 -5.041331900 0.105067683 -0.815406348 -0.103534341 0.559780233
117.830416000 6.572029337 28.490598350 -5.174221050 0.105949352 -0.817157828 -0.102589481 0.557228156
117.930435000 6.255033288 28.532745082 -5.271970744 0.112573510 -0.817534180 -0.101405587 0.555591555
118.030565000 6.046886502 28.425044425 -5.324752215 0.109818277 -0.820118706 -0.105024615 0.551647609
118.130818000 5.834402505 28.419899491 -5.377412513 0.106364215 -0.823199083 -0.100704275 0.548533109
118.231290000 5.441622741 28.613361364 -5.432080531 0.103916546 -0.827219937 -0.091467713 0.544556869
118.331996000 5.000700794 28.653618179 -5.509862166 0.103202019 -0.828718188 -0.089331695 0.542766392
118.432455000 4.603833168 28.776760060 -5.648247392 0.104388680 -0.829143257 -0.085692140 0.542477023
118.532760000 4.516864649 28.787221585 -5.682705735 0.093440432 -0.832918516 -0.076509418 0.540057349
118.632893000 4.166580280 28.853885227 -5.874340380 0.093858023 -0.833256048 -0.073177010 0.539926064
118.732675000 3.885299753 28.882166184 -6.033839180 0.093715589 -0.833740061 -0.071792337 0.539389247
118.832261000 3.093632146 28.964928305 -6.266134119 0.092887986 -0.834520910 -0.069256475 0.538655933
118.931630000 2.658539370 29.029537217 -6.506233038 0.092562526 -0.834580202 -0.068695965 0.538691869
119.031061000 2.671919821 29.035605682 -6.493683874 0.062396367 -0.841023444 -0.048622560 0.535184181
119.130788000 2.745273198 29.040360814 -6.443720559 0.048747402 -0.845009547 -0.047112526 0.530436580
119.230774000 2.035453409 28.974909345 -6.650987227 0.052387000 -0.842445313 -0.048947800 0.533990271
119.330859000 1.730673648 28.993854888 -6.958064369 0.052286899 -0.841175830 -0.047516818 0.536126343
119.430925000 1.673103583 28.979879766 -6.902059133 0.050729950 -0.841912631 -0.046816897 0.535180130
119.530875000 1.669959367 28.951438742 -6.876266370 0.050936460 -0.841811090 -0.047376501 0.535270990
119.630726000 1.554051707 28.938451358 -6.949843066 0.050167220 -0.841890051 -0.045509541 0.535381428
119.730561000 1.393412495 28.967024527 -6.987109774 0.048060251 -0.842803138 -0.043151257 0.534332342
119.830456000 1.003908315 28.897724347 -7.006552465 0.043741043 -0.844661542 -0.042306125 0.531830605
119.930481000 0.934214932 28.906239019 -7.081746764 0.043586631 -0.844527830 -0.042281180 0.532057564
120.030601000 0.934214932 28.906239019 -7.081746764 0.043586631 -0.844527830 -0.042281180 0.532057564
120.130920000 0.934214932 28.906239019 -7.081746764 0.043586631 -0.844527830 -0.042281180 0.532057564
120.231119000 0.934214932 28.906239019 -7.081746764 0.043586631 -0.844527830 -0.042281180 0.532057564
120.331141000 0.934214932 28.906239019 -7.081746764 0.043586631 -0.844527830 -0.042281180 0.532057564
120.430938000 0.884174217 28.883885561 -7.111653799 0.043367489 -0.844541567 -0.042427547 0.532042015
120.530611000 0.874364849 28.883403735 -7.124646664 0.043093033 -0.844584045 -0.042288455 0.532007959
120.630225000 0.871819957 28.878692187 -7.043631833 0.043973709 -0.845074028 -0.042940872 0.531104774
120.729809000 0.107438004 28.715306795 -7.362195153 0.038610549 -0.847031730 -0.044557829 0.528262315
120.829515000 0.151371828 28.660506456 -7.350841146 0.038390833 -0.847348603 -0.048536395 0.527418911
120.929425000 0.172826339 28.727267807 -7.358739957 0.038017950 -0.852979726 -0.042675660 0.518805368
121.029290000 0.074124778 28.754121532 -7.365534892 0.042426000 -0.861280379 -0.038786395 0.504868062
121.129425000 0.096852093 28.759011863 -7.384847948 -0.050501526 0.869343104 0.043621381 -0.489682896
121.229551000 0.055419582 28.764247980 -7.399814882 -0.049621594 0.880482331 0.044071089 -0.469410590
121.330017000 0.072777081 28.763130323 -7.383229032 -0.050419830 0.882018670 0.045211105 -0.466322701
121.430720000 0.072777081 28.763130323 -7.383229032 -0.050419830 0.882018670 0.045211105 -0.466322701
121.531321000 0.072777081 28.763130323 -7.383229032 -0.050419830 0.882018670 0.045211105 -0.466322701
121.631790000 0.072777081 28.763130323 -7.383229032 -0.050419830 0.882018670 0.045211105 -0.466322701
121.731985000 0.072777081 28.763130323 -7.383229032 -0.050419830 0.882018670 0.045211105 -0.466322701
121.832117000 0.072777081 28.763130323 -7.383229032 -0.050419830 0.882018670 0.045211105 -0.466322701
121.932300000 0.056259953 28.771707188 -7.405966576 -0.050640768 0.882390784 0.045588707 -0.465557393
122.032674000 -0.148227179 28.875649368 -7.689640408 -0.053095030 0.885487833 0.044114736 -0.459506371
122.133213000 -0.288691548 28.968489691 -7.794896238 -0.055664621 0.886936211 0.042507753 -0.456550873
122.233353000 -0.416880031 28.971110349 -8.011748961 -0.058032165 0.889576866 0.048570155 -0.450473315
122.332992000 -0.623089356 29.087975144 -8.238049602 -0.057575988 0.892421737 0.053339387 -0.444323485
122.432309000 -0.780854337 29.168689372 -8.494223243 -0.062929114 0.894927811 0.066704839 -0.436685933
122.531483000 -0.983322756 29.288935667 -8.692002177 -0.067160648 0.898749943 0.079017872 -0.426021318
122.630728000 -1.144714454 29.375945243 -8.870285705 -0.065684957 0.905403776 0.081287365 -0.411487366
122.730131000 -1.334811780 29.441196777 -9.050876644 -0.089572115 0.908392202 0.088730967 -0.398656818
122.829691000 -1.480132564 29.493382461 -9.226174450 -0.100938710 0.913075167 0.097559844 -0.382867069
122.929440000 -1.644924021 29.587500135 -9.407891508 -0.093893591 0.921817254 0.099252465 -0.362747696
123.029612000 -1.804600681 29.683871205 -9.595172664 -0.077207104 0.932104090 0.096830156 -0.340360029
123.130063000 -1.930195558 29.762170645 -9.783383787 -0.068000233 0.938835945 0.100735467 -0.322203977
123.230489000 -2.040941233 29.822358658 -9.950361237 -0.064032926 0.944380177 0.106099896 -0.304612341
123.330758000 -2.149402914 29.889843894 -10.129251839 -0.063280963 0.949899929 0.108804748 -0.286089445
123.430906000 -2.261040374 29.959522317 -10.309564666 -0.063329141 0.955057476 0.112323394 -0.266904650
123.530908000 -2.353691664 30.037238954 -10.488498031 -0.064853721 0.960272695 0.115323550 -0.245704751
123.630865000 -2.450087414 30.117329331 -10.676052676 -0.066654375 0.965144618 0.118933365 -0.223400794
123.730867000 -2.541367416 30.211059047 -10.881206197 -0.073658321 0.968912817 0.121833066 -0.202334151
123.830807000 -2.621836030 30.295523706 -11.098760292 -0.074915399 0.972087577 0.123507466 -0.184876530
123.930820000 -2.695702070 30.369879331 -11.288107293 -0.073188646 0.975213290 0.125066564 -0.167214879
124.030730000 -2.756655909 30.443656981 -11.492363796 -0.070525130 0.978175023 0.126679354 -0.148836057
124.130761000 -2.812766528 30.520086974 -11.698783362 -0.071965877 0.980336454 0.128246020 -0.131583840
124.230725000 -2.860714638 30.585592661 -11.897513151 -0.080054084 0.981610785 0.130537878 -0.113980143
124.330684000 -2.892946779 30.644759160 -12.106120696 -0.086047767 0.982794073 0.132685698 -0.095425873
124.430643000 -2.894465049 30.681550011 -12.290331486 -0.091189389 0.983581873 0.135993321 -0.075874966
124.530575000 -2.902836444 30.711230699 -12.466856565 -0.087273267 0.985288702 0.136964002 -0.053201626
124.630642000 -2.884719394 30.752491107 -12.652011585 -0.085647126 0.986143857 0.138777956 -0.030422706
124.730835000 -2.877153060 30.813612715 -12.882533605 -0.093280801 0.985574290 0.140963480 -0.008444399
124.831094000 -2.862090303 30.856803393 -13.101338117 -0.102953026 0.984342831 0.142555144 0.012161238
124.931393000 -2.829803024 30.923976850 -13.328602357 -0.100248965 0.983799300 0.144764533 0.033649841
125.031629000 -2.801164686 31.020160432 -13.584517759 -0.096355898 0.982638275 0.149159365 0.053749844
125.131809000 -2.784367036 31.165405611 -13.912030554 -0.095924406 0.981659903 0.147907236 0.072565785
125.231717000 -2.753381136 31.317410519 -14.251643760 -0.097105350 0.979787488 0.149192256 0.091261714
125.331508000 -2.711839532 31.411081203 -14.536434146 -0.098180779 0.977948149 0.149917742 0.107250281
125.431419000 -2.633049765 31.466355535 -14.779077734 -0.100267290 0.975682360 0.152483186 0.121405438
125.531257000 -2.558343250 31.501258328 -15.013198965 -0.101843048 0.973035347 0.154383854 0.137825373
125.631179000 -2.479778900 31.548363188 -15.242495131 -0.104588463 0.970174640 0.153669276 0.155589763
125.731347000 -2.424719687 31.563809939 -15.419680391 -0.106319880 0.966411409 0.156631838 0.173814666
125.831684000 -2.305459637 31.639486020 -15.676918014 -0.108272663 0.963135566 0.158240778 0.188697555
125.932242000 -2.146725577 31.817709024 -15.982982187 -0.108487722 0.960524478 0.159092867 0.200779980
126.032921000 -2.014671354 31.887176699 -16.270558691 -0.110679376 0.958201258 0.160968213 0.209020714
126.133368000 -1.913191604 31.940132344 -16.524424971 -0.111820984 0.957152935 0.162008568 0.212385381
126.233407000 -1.885636947 32.081973723 -17.068341145 -0.109567283 0.955902944 0.168970892 0.213760167
126.333060000 -1.830629620 32.127069659 -17.412364902 -0.109715622 0.956476576 0.166416691 0.213120922
126.432466000 -1.913985014 32.180193432 -17.728096573 -0.105301690 0.956774240 0.169060766 0.211927029
126.531872000 -1.909835313 32.259917855 -18.235567321 -0.104526586 0.956884260 0.170122315 0.210962327
126.631299000 -1.799896915 32.283402361 -18.384417087 -0.102915847 0.956841545 0.174128802 0.208666592
126.731100000 -1.674143272 32.340161652 -18.595296221 -0.103085010 0.956520727 0.177055736 0.207588164
126.831480000 -1.705188072 32.223724829 -18.664069443 -0.101937275 0.956640796 0.179118150 0.205824847
126.932267000 -1.736749819 32.322928117 -18.766308283 -0.098097431 0.957050721 0.176731053 0.207838751
127.033044000 -1.699610684 32.344221418 -18.910611146 -0.097362005 0.958446399 0.168993851 0.208187942
127.133581000 -1.677834726 32.280817536 -18.914896023 -0.096470054 0.959178741 0.167972747 0.206045695
127.233723000 -1.607025112 32.286419370 -19.099050287 -0.098418079 0.958425576 0.172100460 0.205221170
127.333641000 -1.342616682 32.392752738 -19.368276398 -0.101083638 0.956939246 0.180896537 0.203287532
127.433255000 -1.282925450 32.572764761 -19.619200644 -0.102592072 0.955849095 0.187856564 0.201338735
127.532678000 -1.236463450 32.566569324 -19.788911704 -0.102430013 0.956798707 0.186097567 0.198524614
127.632030000 -1.303760974 32.544872045 -19.878167925 -0.099286454 0.957541540 0.184357440 0.198163403
127.731349000 -1.193194379 32.586908773 -20.085126940 -0.096794926 0.958810082 0.177607382 0.199423134
127.830727000 -1.089657353 32.593986351 -20.286700328 -0.092432351 0.959986016 0.170532138 0.201994799
127.930224000 -0.990551496 32.627580830 -20.500987367 -0.089505997 0.960442852 0.166886053 0.204174559
128.029842000 -0.932586798 32.610175313 -20.678593497 -0.089069113 0.960153744 0.166198028 0.206275777
128.129891000 -0.841361553 32.609018954 -20.867323140 -0.087915725 0.961410125 0.155998254 0.208868241
128.230272000 -0.759727155 32.584294141 -21.074091445 -0.084570156 0.963097546 0.143039647 0.211732532
128.330819000 -0.613213456 32.589488811 -21.271082356 -0.086381347 0.962420810 0.146061187 0.212015514
128.431293000 -0.533396957 32.598879357 -21.490424372 -0.087835299 0.959870156 0.161508081 0.211776730
128.531699000 -0.524327476 32.565117788 -21.634303357 -0.088337256 0.956681404 0.189918859 0.202207931
128.632112000 -0.434369966 32.631197651 -21.848991050 -0.077049759 0.956547412 0.211023330 0.185875060
128.732307000 -0.292716252 32.695864364 -22.070599363 -0.082318110 0.956350432 0.228047194 0.163132023
128.832211000 -0.147903970 32.830397854 -22.307846496 -0.081476112 0.956703654 0.243533659 0.137007729
128.931774000 -0.038985865 32.964609285 -22.502623481 -0.074590005 0.965026453 0.225059169 0.111842063
129.031131000 0.046456022 33.075061156 -22.750444167 -0.060522128 0.973305581 0.204537851 0.084720631
129.130623000 0.104508356 33.195089176 -23.055303424 -0.010156100 0.980298558 0.189103450 0.056138013
129.230118000 0.147418729 33.306636349 -23.466534440 0.046723707 0.982455943 0.178855085 0.024659134
129.329859000 0.125948275 33.460415268 -23.907772892 0.079219705 0.983603895 0.161746528 -0.009256137
129.429819000 0.106259212 33.603564393 -24.307378800 0.085590721 0.985080821 0.142488803 -0.044575160
129.529988000 0.060617639 33.738295507 -24.628071416 0.088916303 0.984314305 0.131257240 -0.077400113
129.630293000 0.046879753 33.822202876 -24.925072195 0.090212926 0.981871011 0.125128181 -0.110153909
129.730712000 0.027729251 33.905905955 -25.201253723 0.088683449 0.978589171 0.119332424 -0.142331489
129.830989000 -0.049890658 33.977511739 -25.431431314 0.081041666 0.973647132 0.124593090 -0.172974197
129.931136000 -0.109321261 34.016405218 -25.629332215 0.075366219 0.967906712 0.129231116 -0.201930307
130.031277000 -0.205877899 33.985086928 -25.719532775 0.066761701 0.963946220 0.123456762 -0.226072970
130.131355000 -0.259462787 33.985192661 -25.852446900 0.056446580 0.958475148 0.139255634 -0.242377892
130.231190000 -0.322186638 34.016391648 -25.965406079 0.052178083 0.953564870 0.150976843 -0.255337972
130.331075000 -0.394668308 34.034020268 -26.102764614 0.057050286 0.949542181 0.152437505 -0.268100201
130.430939000 -0.475951146 34.046481729 -26.227769749 0.067470281 0.945475850 0.149310500 -0.281477448
130.530681000 -0.558251742 34.054394572 -26.322213865 0.078461276 0.940973533 0.143801057 -0.296199080
130.630352000 -0.638040979 34.048551053 -26.396665614 0.079996424 0.936555990 0.140789469 -0.310872603
130.729910000 -0.738650877 34.055526905 -26.454638721 0.070549919 0.931710877 0.140843679 -0.327262293
130.829520000 -0.866173985 34.066331344 -26.540099600 0.073439413 0.925926092 0.138196493 -0.343757550
130.929278000 -0.952819430 34.099928073 -26.548726182 0.076619553 0.919647726 0.133114186 -0.361466620
131.029167000 -1.027390973 34.098417438 -26.555080498 0.079564876 0.912146225 0.128421715 -0.381007295
131.129287000 -1.071347572 34.054883308 -26.523582577 0.079849237 0.902525024 0.124382473 -0.404477047
131.229463000 -1.086372043 34.006026662 -26.490927154 0.076814836 0.891254016 0.122032536 -0.429969556
131.329716000 -1.113655450 33.960511811 -26.384463431 0.068542030 0.877843041 0.122805768 -0.457834391
131.429921000 -1.236683048 33.951293336 -26.265755598 0.057260570 0.862773457 0.125147879 -0.486498918
131.530042000 -1.264715914 33.887064669 -26.133295351 -0.055687113 -0.847109796 -0.123012683 0.513976476
131.630069000 -1.378454699 33.864920926 -25.983340130 -0.055960243 -0.830862038 -0.118388670 0.540851964
131.730076000 -1.473206836 33.819658718 -25.841935336 -0.057252399 -0.813724245 -0.115084356 0.566860306
131.830175000 -1.614018571 33.794160055 -25.714820463 -0.059600567 -0.795935516 -0.110484567 0.592222582
131.930370000 -1.788056774 33.795355618 -25.583081229 -0.064469035 -0.778136982 -0.104012378 0.616058443
132.030659000 -1.889983833 33.754499075 -25.452609794 -0.067192313 -0.759458731 -0.097888034 0.639629237
132.131048000 -2.001980168 33.721034985 -25.286214002 -0.068405388 -0.740054004 -0.093013916 0.662562590
132.231399000 -2.147081305 33.776499765 -25.114456959 -0.066932573 -0.721061024 -0.092411901 0.683411349
132.331510000 -2.344232422 33.863964845 -24.921533553 -0.071662964 -0.702497427 -0.094484745 0.701736716
132.431289000 -2.537066965 33.927746931 -24.712429766 -0.076228406 -0.682316002 -0.106884654 0.719172979
132.530926000 -2.733298482 33.978303075 -24.470225631 -0.080773714 -0.663130159 -0.110884115 0.735825192
132.630755000 -2.931560671 34.020392593 -24.198852361 -0.074453067 -0.645247840 -0.115760998 0.751472792
132.730719000 -3.096085737 33.983969618 -23.932390332 -0.051757414 -0.628828111 -0.121032228 0.766320805
132.830733000 -3.261459051 34.062598238 -23.709785208 -0.031417993 -0.612315207 -0.131853045 0.778908064
132.930914000 -3.433194188 34.140485703 -23.461695456 -0.024365922 -0.599469206 -0.137404060 0.788139009
133.031355000 -3.587242830 34.203389600 -23.228475542 -0.027186274 -0.584792124 -0.141500924 0.798283513
133.132166000 -3.751112116 34.237606212 -22.994757272 -0.042186023 -0.566268103 -0.152881896 0.808818831
133.232963000 -3.925749329 34.218501592 -22.775052470 -0.049733230 -0.550756524 -0.158899517 0.817890458
133.333663000 -4.056509131 34.252604491 -22.547980150 -0.058844359 -0.535208250 -0.161598609 0.827028029
133.434338000 -4.181110087 34.326303060 -22.328929904 -0.068527597 -0.519045469 -0.165420256 0.835782214
133.534672000 -4.324568292 34.348721067 -22.075162374 -0.059829980 -0.508271774 -0.154259359 0.845153375
133.634783000 -4.485970401 34.302616707 -21.785590545 -0.043511604 -0.502207899 -0.139913362 0.852243051
133.734565000 -4.625632176 34.297568474 -21.572021094 -0.030101646 -0.494517227 -0.131193068 0.858682119
133.833992000 -4.723822394 34.352023071 -21.334469951 -0.019545857 -0.487189157 -0.126904086 0.863805555
133.933209000 -4.848783429 34.317965747 -21.211496226 -0.005055211 -0.466894451 -0.152231554 0.871096763
134.032523000 -4.972627232 34.357602988 -21.004735295 -0.027164743 -0.445457154 -0.180617295 0.876474411
134.132164000 -5.092772705 34.363092164 -20.801353163 -0.049472774 -0.425493832 -0.197586951 0.881740801
134.232182000 -5.242106165 34.372578404 -20.607767578 -0.059933077 -0.405973407 -0.206943811 0.888126049
134.332218000 -5.408988069 34.370654558 -20.427063190 -0.075669690 -0.386782419 -0.203566562 0.896233292
134.432205000 -5.602368247 34.338851079 -20.238148670 -0.094539787 -0.367181088 -0.200656560 0.903314575
134.531962000 -5.805119421 34.315585524 -20.056679207 -0.108735855 -0.348999776 -0.197353317 0.909630331
134.631533000 -6.047954229 34.271808914 -19.850429150 -0.102486764 -0.337786248 -0.183232118 0.917509076
134.731091000 -6.299339672 34.227315130 -19.653272266 -0.089536584 -0.328608989 -0.172068584 0.924333130
134.830889000 -6.562250985 34.195251379 -19.432864342 -0.078388455 -0.320606820 -0.167686297 0.928949850
134.930955000 -6.800057177 34.132336703 -19.172993685 -0.048927891 -0.319059657 -0.161740305 0.932548696
135.031153000 -7.086096957 34.073502586 -18.917838622 -0.015932707 -0.316963591 -0.151198689 0.936172627
135.131403000 -7.416546987 34.004838191 -18.682856200 0.018382843 -0.314818589 -0.127049987 0.940430555
135.231383000 -7.646603083 33.951703791 -18.426370371 0.034391946 -0.317663929 -0.087061277 0.943571490
135.331264000 -7.995763331 33.680219070 -18.167063660 0.032234184 -0.309510932 -0.059681449 0.948473545
135.431321000 -8.043531714 33.871282517 -17.815322150 0.049657764 -0.313531773 -0.022307360 0.948015989
135.531589000 -8.474669992 34.084330620 -17.626476162 0.063976354 -0.291812503 0.015421811 0.954208917
135.631830000 -8.655385069 34.010422237 -17.367985423 0.071105468 -0.272812648 0.041837665 0.958523281
135.732050000 -8.760140147 34.033187531 -17.072127275 0.087742731 -0.250274420 0.085114342 0.960426716
135.832244000 -9.028270700 33.759043959 -16.701808164 0.086909372 -0.212539373 0.102066792 0.967913295
135.932314000 -9.284334622 33.548665327 -16.098441812 0.090703264 -0.168333295 0.094875844 0.976952094
136.032168000 -9.420117969 33.280675887 -15.784707723 0.109686113 -0.124765677 0.079709492 0.982877856
136.131739000 -9.584355051 33.015476111 -15.497388840 0.094648520 -0.100235762 0.072758596 0.987775600
136.230977000 -9.757308170 32.830760027 -15.077248331 0.088211733 -0.090575531 0.067969122 0.989643856
136.330216000 -10.047553604 32.747332122 -14.459918760 0.088305365 -0.093642106 0.063128242 0.989670725
136.429471000 -10.187450419 32.610359380 -14.145502303 0.091176666 -0.116228276 0.053967899 0.987555198
136.528724000 -10.335820083 32.459569239 -13.819512304 0.093158253 -0.141022731 0.043241889 0.984664546
136.628637000 -10.461032737 32.321928490 -13.412010110 0.096324343 -0.163238578 0.035065363 0.981246762
136.729064000 -10.643690396 32.199248197 -13.044523168 0.100536757 -0.181394978 0.028009992 0.977856668
136.829891000 -10.801451636 32.065345471 -12.701880410 0.102493014 -0.194820192 0.018198435 0.975299488
136.930717000 -10.909767851 31.905427480 -12.286100935 0.105471482 -0.206028098 0.009215513 0.972801760
137.031138000 -10.997673383 31.778395902 -12.081488980 0.110736833 -0.216059173 -0.008500744 0.970043053
137.131057000 -11.139447186 31.654871466 -11.969242573 0.115517319 -0.220558162 -0.028658058 0.968084997
137.230752000 -11.143845109 31.585306526 -11.828415883 0.117634343 -0.226645736 -0.039427830 0.966043124
137.330337000 -11.009666004 31.492685779 -11.775752467 0.118069932 -0.230125245 -0.051003480 0.964624542
137.429904000 -10.946895967 31.399062177 -11.723127255 0.123023499 -0.224566590 -0.073499035 0.963863557
137.529536000 -10.936824565 31.308267541 -11.633446338 0.123370989 -0.223986090 -0.080562013 0.963389637
137.629189000 -10.903872172 31.202203239 -11.633142355 0.122308460 -0.223587022 -0.088275068 0.962941845
137.729055000 -10.692514090 31.129144578 -11.809024347 0.120405412 -0.230128824 -0.085570991 0.961884019
137.829106000 -10.705029943 31.029356467 -11.797012995 0.114231161 -0.254935250 -0.057167772 0.958483754
137.928877000 -10.760846201 30.974284088 -11.847112974 0.111244214 -0.280995846 -0.047477201 0.952056708
138.028550000 -10.781520859 30.935239892 -11.918049687 0.108712208 -0.309891312 -0.042848951 0.943563987
138.128403000 -10.734847419 30.905903281 -11.893155962 0.100653819 -0.345836807 -0.026843454 0.932494043
138.228314000 -10.786932769 30.888736088 -11.726214180 0.097774121 -0.379270828 -0.021334128 0.919857986
138.328382000 -10.988497865 30.892588720 -11.481412628 0.101471046 -0.407214368 -0.031461696 0.907132982
138.428653000 -11.273832624 30.890799316 -11.142801204 0.105086579 -0.434864580 -0.037946314 0.893537736
138.529124000 -11.593256999 30.883637600 -10.630522843 0.105688565 -0.465699360 -0.038389930 0.877770042
138.629410000 -12.017895557 30.847280766 -10.035788160 0.106004405 -0.497880250 -0.041254496 0.859753680
138.729415000 -12.596755365 30.914490078 -9.225962244 0.111286176 -0.526924164 -0.050926384 0.841054585
138.829350000 -12.951756409 30.875024547 -9.089435770 0.116005384 -0.550955647 -0.061590969 0.824134200
138.929223000 -13.425701978 30.758234236 -8.844155688 0.115019496 -0.575418018 -0.068902847 0.806794285
139.029018000 -13.607650700 30.729913594 -8.702728857 0.115082696 -0.583939948 -0.072198461 0.800348357
139.128875000 -13.607650700 30.729913594 -8.702728857 0.115082696 -0.583939948 -0.072198461 0.800348357
139.228919000 -13.607650700 30.729913594 -8.702728857 0.115082696 -0.583939948 -0.072198461 0.800348357
139.329413000 -13.607650700 30.729913594 -8.702728857 0.115082696 -0.583939948 -0.072198461 0.800348357
139.430247000 -13.607650700 30.729913594 -8.702728857 0.115082696 -0.583939948 -0.072198461 0.800348357
139.530893000 -13.607650700 30.729913594 -8.702728857 0.115082696 -0.583939948 -0.072198461 0.800348357
139.631151000 -13.607650700 30.729913594 -8.702728857 0.115082696 -0.583939948 -0.072198461 0.800348357
139.730927000 -13.607650700 30.729913594 -8.702728857 0.115082696 -0.583939948 -0.072198461 0.800348357
139.830414000 -13.685728162 30.665724434 -8.654161074 0.114698422 -0.592525095 -0.077125035 0.793605704
139.929722000 -13.953728488 30.770634829 -8.597182566 0.120169161 -0.608040107 -0.083015008 0.780355758
140.029059000 -14.354427360 30.757694970 -8.541517781 0.124185672 -0.621047906 -0.094057453 0.768134502
140.128735000 -14.852325761 30.825584988 -8.471414961 0.123405751 -0.636844503 -0.100686742 0.754362168
140.228445000 -14.962888168 30.782044127 -8.399300492 0.125262329 -0.652098101 -0.108550603 0.739793337
140.328268000 -15.136189740 30.791934437 -8.371140795 0.128622929 -0.671563455 -0.116896058 0.720273545
140.428410000 -15.085279523 30.701799612 -8.325541582 0.129710552 -0.690944740 -0.129581307 0.699270494
140.528780000 -15.194771665 30.588850156 -8.162253525 0.128981926 -0.711397505 -0.142235720 0.676051960
140.629174000 -15.250100475 30.479228379 -8.030341074 0.130697434 -0.730063431 -0.152449456 0.653211093
140.729599000 -15.211350026 30.445867654 -7.910339332 0.135088265 -0.746580476 -0.160228122 0.631423552
140.830165000 -15.157305858 30.410204280 -7.838327265 0.138028406 -0.760614741 -0.169399717 0.611324064
140.930605000 -15.165275403 30.391553895 -7.764976206 0.139838197 -0.775076012 -0.179977364 0.589330640
141.030632000 -15.163092200 30.388370802 -7.682142259 0.141356588 -0.789292713 -0.189837037 0.566566173
141.130395000 -15.166317998 30.378354292 -7.613773268 0.160813990 -0.795491721 -0.208068177 0.545929864
141.229894000 -15.174510418 30.345392809 -7.526542694 0.176976928 -0.800255958 -0.227087270 0.526023707
141.329596000 -15.207101809 30.388458594 -7.480167429 0.181139129 -0.799111611 -0.257872831 0.511967628
141.429574000 -15.211223859 30.419652441 -7.418955023 -0.185208941 0.804228984 0.267934637 -0.497116103
141.529583000 -15.191494124 30.465549868 -7.327971271 -0.184297250 0.812801689 0.270365603 -0.481965123
141.629536000 -15.187649336 30.497920240 -7.246979571 -0.181601625 0.824683494 0.265386224 -0.465282856
141.729396000 -15.185741818 30.557712359 -7.169491889 -0.180419831 0.836038197 0.260575358 -0.447871969
141.829325000 -15.176203045 30.626199344 -7.085129263 -0.175020727 0.842696937 0.267732756 -0.433069034
141.929437000 -15.115058622 30.682159971 -7.019554195 -0.172115095 0.846161101 0.279571750 -0.419794500
142.029505000 -15.130256631 30.769866705 -6.988520674 -0.187201454 0.845512818 0.292303926 -0.405736498
142.129453000 -15.120462640 30.854564517 -6.955736180 -0.202880079 0.846151556 0.299088999 -0.391679703
142.229333000 -15.091238821 30.920570912 -6.923517649 -0.221728904 0.845563577 0.306002319 -0.377122142
142.329298000 -15.085302304 31.045665970 -6.913638889 -0.231077137 0.847106120 0.312318281 -0.362590498
142.429215000 -15.046308452 31.143904340 -6.890802558 -0.232538336 0.848490300 0.324863327 -0.347064766
142.529197000 -15.013992891 31.270188942 -6.858535684 -0.232820055 0.849191734 0.340471704 -0.329768463
142.629217000 -15.014304076 31.429962351 -6.833816563 -0.228633411 0.851659408 0.353710690 -0.311916278
142.729315000 -15.035106992 31.549344004 -6.807948436 -0.214664595 0.863892025 0.352667650 -0.288505128
142.829345000 -15.097634211 31.692987015 -6.794089029 -0.202988024 0.878178094 0.347269089 -0.258849912
142.929270000 -15.143303369 31.857785468 -6.821204278 -0.186719201 0.887269739 0.347750975 -0.238657934
143.029448000 -15.202828820 32.037723916 -6.902234692 -0.176309342 0.893810516 0.349048783 -0.219505637
143.129708000 -15.287555614 32.195685381 -6.992928686 -0.164795463 0.904897978 0.341508440 -0.193323795
143.229654000 -15.342222742 32.357232271 -7.071091082 -0.146773410 0.913796744 0.338653512 -0.169549035
143.329534000 -15.383358405 32.571532446 -7.187459888 -0.130144243 0.919812795 0.340085226 -0.146112757
143.429516000 -15.395214042 32.782987133 -7.313924236 -0.110300688 0.926956298 0.337631366 -0.120792552
143.529547000 -15.386184291 32.997290071 -7.442592959 -0.087448979 0.935170010 0.329973878 -0.094482634
143.629581000 -15.350385964 33.272535686 -7.597138545 -0.073676442 0.946132336 0.308101552 -0.066923970
143.729709000 -15.333316796 33.592795822 -7.800702550 -0.064242887 0.950967997 0.299893484 -0.039957720
143.829805000 -15.320469497 33.881747302 -7.971626467 -0.056336149 0.953362577 0.296225627 -0.013282088
143.929896000 -15.300590072 34.158453352 -8.152077042 -0.048612885 0.953989962 0.295569142 0.013372451
144.029899000 -15.262818915 34.460091811 -8.320029156 -0.040999686 0.953733700 0.295495747 0.037327172
144.130003000 -15.204453862 34.721570748 -8.499991934 -0.049535432 0.952872297 0.293893259 0.056633732
144.230235000 -15.113324763 35.009255325 -8.738472473 -0.074549895 0.949829291 0.295663429 0.069640275
144.330613000 -14.994271952 35.221534467 -8.909975665 -0.057127881 0.949810076 0.297657890 0.077440338
144.430990000 -14.794511139 35.460380576 -9.021008978 -0.072667224 0.952329163 0.282277606 0.090044393
144.531274000 -14.678733761 35.593131437 -8.856764938 -0.063651450 0.958108174 0.263994899 0.091016001
144.631468000 -14.591746851 36.183768578 -9.248447895 -0.045480035 0.960325188 0.251015514 0.112686786
144.731414000 -14.502744561 36.453988051 -9.604084826 -0.027766483 0.958869323 0.253549010 0.124545344
144.831128000 -14.121917601 36.627372526 -9.718468549 -0.022125247 0.960478737 0.252224561 0.115645321
144.930723000 -13.922169736 36.879485730 -10.025831186 -0.008858621 0.959220655 0.255253670 0.121090143
145.030417000 -14.029007691 36.963145720 -10.087004707 -0.009741643 0.959742516 0.238235674 0.148469417
145.130333000 -13.828520445 37.084929884 -10.190588955 -0.006783816 0.959126067 0.240371515 0.149173396
145.230105000 -13.669762086 37.191987458 -10.235943136 -0.004090886 0.958480850 0.241975564 0.150816280
145.329827000 -13.497710998 37.334034344 -10.271231138 -0.000437305 0.958536212 0.241038266 0.152015436
145.429536000 -13.311573940 37.474309303 -10.322567341 -0.000081487 0.957915454 0.242277738 0.153946338
145.529268000 -13.108678816 37.623242344 -10.385861655 0.000523932 0.957890936 0.241932226 0.154639832
145.629046000 -13.191549121 37.632138566 -10.459821037 0.006163216 0.953819320 0.249506397 0.167144483
145.728868000 -13.029910532 37.585242676 -10.516239251 0.004828932 0.949307111 0.264571212 0.169690201
145.828844000 -12.906951426 37.688078230 -10.607691493 0.008051796 0.944466597 0.279127904 0.173221329
145.928854000 -12.639770367 37.803863120 -10.660399095 0.004249988 0.938801644 0.298389166 0.172038707
146.029033000 -12.467581805 37.887541126 -10.723046726 0.005661621 0.934606266 0.309555054 0.175084958
146.129324000 -12.226348568 37.993435671 -10.813755164 0.002085031 0.926473087 0.332516176 0.176284613
146.229509000 -12.022941907 38.107904971 -10.903199211 0.000393956 0.917790696 0.354226431 0.179398215
146.329658000 -11.795242817 38.191296303 -11.021830665 0.002084879 0.915464758 0.359363698 0.181046025
146.429809000 -11.552801750 38.275458787 -11.179692763 0.007598699 0.921387201 0.342675610 0.183197465
146.529918000 -11.263546354 38.413606753 -11.406652631 0.019546056 0.938696368 0.292248617 0.181818113
146.629895000 -11.142104951 38.542663058 -11.602165390 0.032001782 0.948134570 0.255757145 0.186024209
146.729808000 -10.894365817 38.571759279 -11.815114873 0.038993155 0.951578167 0.244073532 0.182774826
146.829619000 -10.665423464 38.662323629 -12.062558128 0.041159717 0.953477671 0.237562941 0.180969771
146.929532000 -10.418603270 38.797036656 -12.292667661 0.114257365 0.946500751 0.241135191 0.181481133
147.029651000 -10.183833458 38.825481653 -12.520436637 0.184891118 0.932943006 0.251908384 0.178814958
147.129986000 -9.969796031 38.959796100 -12.772927860 0.203514072 0.930270794 0.250674809 0.174184996
147.230379000 -9.822673372 38.964875920 -12.960533700 0.153399446 0.942753593 0.244387113 0.167210082
147.330825000 -9.743306562 39.042960534 -13.150310975 0.120418622 0.950036037 0.239286102 0.160228104
147.431079000 -9.605126431 39.031457238 -13.367157554 0.078974733 0.957012701 0.236016209 0.148949762
147.530973000 -9.474581748 39.003605004 -13.607972028 0.049522340 0.960595138 0.235009683 0.139910571
147.630618000 -9.360887787 38.999117527 -13.821360552 0.037358007 0.962407862 0.233631116 0.133386609
147.730190000 -9.238239398 39.018871120 -14.015526529 0.032759382 0.964184656 0.232506913 0.123350343
147.829895000 -9.099921352 38.926865944 -14.252333221 0.033154710 0.964981363 0.236040111 0.109529904
147.929741000 -9.032637275 38.900202819 -14.440032771 0.037210741 0.965984612 0.236131807 0.098645121
148.029720000 -8.936888494 38.910173433 -14.616913454 0.037088870 0.967261974 0.235165527 0.087896897
148.129884000 -8.773953141 38.800679212 -14.829896825 0.038812948 0.967684130 0.237894711 0.074074875
148.229906000 -8.527719404 38.669061667 -15.038977666 0.040007025 0.967520840 0.243055421 0.056806016
148.329991000 -8.511940892 38.705360184 -15.138039203 0.107416846 0.963577949 0.239812869 0.049688488
148.430067000 -8.458478618 38.641226963 -15.304182970 0.122881329 0.961643794 0.241177972 0.044436218
148.529962000 -8.386232227 38.630619933 -15.552237937 0.134790223 0.960214093 0.241494718 0.038740062
148.629969000 -8.361975065 38.539670567 -15.762722988 0.159289608 0.955689896 0.245119573 0.034641573
148.729886000 -8.391513898 38.501117289 -15.962757261 0.161312615 0.955582263 0.244452846 0.032917867
148.829717000 -8.513046072 38.545773820 -16.017999473 0.133495660 0.961479048 0.237310609 0.037691172
148.929525000 -8.568546112 38.757569138 -15.988541696 0.096749965 0.970004809 0.220203292 0.035222515
149.029393000 -8.604057729 38.864964553 -16.034985273 0.080498066 0.973753284 0.210335747 0.032916194
149.129322000 -8.616612138 38.862633013 -15.950743244 0.084806542 0.975664916 0.200500023 0.026183239
149.229202000 -8.524497701 38.932476730 -16.142071181 0.105101270 0.973517425 0.202590322 0.013217682
149.329329000 -8.496100393 39.045664068 -16.408296866 0.116952836 0.972258107 0.202557194 -0.002605997
149.429466000 -8.486604167 39.164748252 -16.682413669 0.113676001 0.972088743 0.203591423 -0.025918641
149.529620000 -8.474538924 39.283251886 -16.954091363 0.104071078 0.971198278 0.206259621 -0.058310246
149.629700000 -8.512536858 39.439926686 -17.232411610 0.103992706 0.967695528 0.208593699 -0.096122587
149.729675000 -8.540680975 39.554611684 -17.446524306 0.113871982 0.961294670 0.210235759 -0.136918426
149.829461000 -8.523730430 39.647604331 -17.623288295 0.129660735 0.952709252 0.208351288 -0.179228668
149.929063000 -8.504772423 39.739093208 -17.809169361 0.140427633 0.942524145 0.207385646 -0.221177555
150.028557000 -8.520399134 39.849999626 -17.990737212 0.153955431 0.932424066 0.205158332 -0.254544977
150.127930000 -8.549119955 39.921998284 -18.077780392 0.160848248 0.924265617 0.206700851 -0.277733089
150.227309000 -8.600475617 40.016829884 -18.146997364 0.149123408 0.917880362 0.220552948 -0.294302986
150.326904000 -8.669607094 40.171120332 -18.265504765 0.132855484 0.913283045 0.231012121 -0.308053406
150.426712000 -8.748994856 40.315790421 -18.368479919 0.124628584 0.906066925 0.248916289 -0.318670873
150.526885000 -8.809994934 40.418706179 -18.466932430 0.126952503 0.895154633 0.273971623 -0.327903637
150.627552000 -8.901198477 40.554781984 -18.601049865 0.124311195 0.890998658 0.273907852 -0.340062651
150.728542000 -9.007270691 40.671299796 -18.739762508 0.124692561 0.889685667 0.260458953 -0.353655642
150.829579000 -9.114362192 40.777898190 -18.867069363 0.119059113 0.888192820 0.248928386 -0.367386854
150.930321000 -9.217253851 40.895097766 -18.994760181 0.114253611 0.884575233 0.240846075 -0.382708686
151.030782000 -9.329128433 41.034746101 -19.125836695 0.113612631 0.878347381 0.236985314 -0.399294390
151.131035000 -9.433208042 41.153897852 -19.269491578 0.116443873 0.870111298 0.235753262 -0.416854355
151.230903000 -9.530338475 41.272330340 -19.404826462 0.118674048 0.861181530 0.234980429 -0.434818399
151.330639000 -9.638978140 41.387253292 -19.557030490 0.138356197 0.850711610 0.226127314 -0.453887383
151.430301000 -9.735343756 41.489004870 -19.670067075 0.150936886 0.840160181 0.221417143 -0.471511798
151.530117000 -9.849889016 41.611881325 -19.787943246 0.152613946 0.829773558 0.220754187 -0.489338753
151.630078000 -9.975297061 41.743787090 -19.901028414 -0.142253694 -0.818636157 -0.227338268 0.507854349
151.730112000 -10.082258886 41.867615774 -20.001252599 -0.137189735 -0.807733343 -0.230755719 0.524878674
151.830016000 -10.175991358 41.981090659 -20.086105092 -0.134437638 -0.798948961 -0.232418945 0.538134290
151.929730000 -10.276750663 42.070098956 -20.172273670 -0.136512109 -0.792350234 -0.232727296 0.547159534
152.029402000 -10.377169399 42.161104760 -20.252454602 -0.138340463 -0.784352573 -0.232393296 0.558252911
152.129603000 -10.484445280 42.293149931 -20.334262237 -0.146243652 -0.773797372 -0.229795995 0.571877804
152.230015000 -10.563375000 42.404335580 -20.408157471 -0.163677380 -0.760821029 -0.220430518 0.588023353
152.330476000 -10.671596525 42.547168212 -20.471176080 -0.173122833 -0.746404198 -0.214765992 0.605627630
152.430756000 -10.779105036 42.706718967 -20.537503660 -0.180245524 -0.730710063 -0.209932873 0.624101389
152.530761000 -10.871702996 42.853288977 -20.596940997 -0.185535861 -0.713315441 -0.206679727 0.643460190
152.630547000 -10.946583225 42.989004627 -20.643046614 -0.187779266 -0.695830851 -0.204905326 0.662247825
152.730088000 -11.032288598 43.122343916 -20.673729453 -0.191682128 -0.677692913 -0.202121356 0.680541869
152.829538000 -11.116081716 43.262749408 -20.661735363 -0.178827589 -0.660847853 -0.214006340 0.696779804
152.929169000 -11.194231495 43.397947459 -20.670053984 -0.171185562 -0.643302669 -0.223950871 0.711830870
153.029123000 -11.276935442 43.542444974 -20.681715254 -0.178757986 -0.625828069 -0.216054523 0.727808528
153.129340000 -11.346770730 43.679015321 -20.688114483 -0.183909346 -0.608599003 -0.210924906 0.742492620
153.229394000 -11.404107310 43.774119964 -20.698404285 -0.204586486 -0.589773570 -0.188333210 0.758183426
153.329555000 -11.373205083 43.928221298 -20.674128617 -0.183079311 -0.572928429 -0.205385608 0.772043868
153.429746000 -11.391734599 44.003112785 -20.638077582 -0.174596837 -0.555655356 -0.213588140 0.784310637
153.529939000 -11.433813489 44.077935590 -20.620994126 -0.172165529 -0.536882053 -0.217376329 0.796783674
153.630019000 -11.450832520 44.178222974 -20.623138474 -0.169845270 -0.518760489 -0.216037197 0.809548064
153.729985000 -11.483905239 44.253573608 -20.623883009 -0.174651684 -0.502008827 -0.208042727 0.821098137
153.830051000 -11.513470865 44.343976079 -20.633831146 -0.182591275 -0.485240996 -0.193415997 0.832941687
153.930185000 -11.535994650 44.426101409 -20.628191075 -0.186026421 -0.469705821 -0.183714564 0.843219765
154.030444000 -11.567646674 44.499602431 -20.618070142 -0.189080112 -0.453542326 -0.174582790 0.853269547
154.130848000 -11.593355293 44.580318606 -20.612312572 -0.183913259 -0.436408229 -0.177858450 0.862606598
154.231029000 -11.612488993 44.660982520 -20.587932255 -0.174813591 -0.416774019 -0.195363598 0.870386518
154.331033000 -11.640212383 44.731705576 -20.559921115 -0.166170834 -0.398395339 -0.201961255 0.879135973
154.431110000 -11.652395961 44.811459059 -20.535587264 -0.161540304 -0.382665835 -0.203518974 0.886595520
154.531079000 -11.679467703 44.877078838 -20.504975377 -0.161679795 -0.370119779 -0.204647593 0.891622317
154.630688000 -11.677206705 44.961445637 -20.497709180 -0.158089368 -0.365034165 -0.204724364 0.894340955
154.730021000 -11.714007759 45.032262711 -20.504190200 -0.157108249 -0.364245246 -0.206664617 0.894389252
154.829415000 -11.698676661 44.941307459 -20.556356557 -0.171709365 -0.366950093 -0.195388340 0.893133204
154.929102000 -11.728868100 44.948174395 -20.539098741 -0.175050365 -0.371809457 -0.201952583 0.889005203
155.028979000 -11.752510380 45.024920193 -20.538060061 -0.179437314 -0.372756336 -0.207591081 0.886431558
155.129093000 -11.777986042 45.097599839 -20.515377320 -0.186236320 -0.373785619 -0.214404239 0.882967251
155.229230000 -11.788592145 45.153824118 -20.497334372 -0.186482256 -0.377427825 -0.203374946 0.883974681
155.329469000 -11.797577579 45.220928429 -20.470729597 -0.191481083 -0.380813678 -0.187072379 0.885053593
155.429695000 -11.804716021 45.277687053 -20.429073306 -0.201721416 -0.382311483 -0.164929385 0.886535221
155.529860000 -11.665438315 45.407586962 -20.362442831 -0.196040385 -0.389637170 -0.154048056 0.886577825
155.629880000 -11.684220840 45.371898863 -20.264035692 -0.190628744 -0.387418093 -0.184554798 0.882897179
155.730021000 -11.679337721 45.414630231 -20.211486007 -0.182046300 -0.383696732 -0.202082647 0.882495646
155.830485000 -11.678411136 45.446742672 -20.168323268 -0.179531190 -0.379713114 -0.211211133 0.882596374
155.930980000 -11.636084125 45.450350587 -20.124825968 -0.179778282 -0.377372337 -0.212611311 0.883213632
156.031378000 -11.623132381 45.450810802 -20.107694112 -0.181297445 -0.373395228 -0.214883431 0.884043184
156.131493000 -11.629798081 45.503098564 -20.074216956 -0.189871972 -0.368930943 -0.220212403 0.882805240
156.231217000 -11.637406794 45.528218345 -20.029248242 -0.202094185 -0.365073358 -0.225092897 0.880461567
156.330850000 -11.619126999 45.594708630 -19.988077981 -0.207505783 -0.364018297 -0.230541616 0.878226960
156.430617000 -11.619906539 45.632959530 -19.942865281 -0.214831990 -0.361809760 -0.239009882 0.875108673
156.530500000 -11.601181496 45.716333918 -19.886188244 -0.196791551 -0.368386732 -0.241489178 0.875926526
156.630477000 -11.681769230 45.712135613 -19.800047594 -0.199009636 -0.370490773 -0.235210987 0.876246280
156.730476000 -11.710178188 45.775853090 -19.752501565 -0.194424162 -0.378744318 -0.227846375 0.875692878
156.830434000 -11.728012475 45.841157869 -19.709581621 -0.190831312 -0.388580948 -0.226481624 0.872521823
156.930332000 -11.749767647 45.914175179 -19.671335300 -0.195694334 -0.398691573 -0.218772759 0.868842470
157.030317000 -11.775279251 45.984076728 -19.641740761 -0.198570275 -0.408515310 -0.216879664 0.864088131
157.130618000 -11.796006472 46.045788347 -19.604970654 -0.203012494 -0.418829319 -0.215384658 0.858473866
157.230862000 -11.820762238 46.128182456 -19.567020205 -0.204508796 -0.427680878 -0.216985171 0.853336191
157.331049000 -11.842582402 46.201506705 -19.533824168 -0.206474735 -0.435348344 -0.217872606 0.848747036
157.431054000 -11.861157658 46.272194045 -19.497233591 -0.208507351 -0.442915041 -0.218024145 0.844284563
157.530834000 -11.866018551 46.380063877 -19.470566470 -0.207912416 -0.449687699 -0.217002489 0.841108388
157.630436000 -11.897730970 46.436058298 -19.438636336 -0.211396357 -0.455425117 -0.220360434 0.836266000
157.729943000 -11.914617721 46.517165734 -19.411949327 -0.212929549 -0.460403968 -0.220579774 0.833086884
157.829371000 -11.931775599 46.605253041 -19.382743087 -0.211752629 -0.466082211 -0.224181148 0.829259314
157.928922000 -11.951025558 46.686625593 -19.356670788 -0.206125385 -0.469593336 -0.237906772 0.824860468
158.028749000 -11.975529476 46.772981021 -19.330353038 -0.206739093 -0.472515390 -0.243349178 0.821443444
158.128951000 -11.993506313 46.846082305 -19.316536183 -0.214672878 -0.476241382 -0.237890086 0.818851640
158.229287000 -12.027302853 46.902755604 -19.336480952 -0.221513613 -0.477287818 -0.236161630 0.816918443
158.329676000 -12.043706138 46.995246098 -19.317065788 -0.228656955 -0.481987155 -0.224988336 0.815343258
158.429858000 -12.063282485 47.070229673 -19.308653325 -0.226570486 -0.486056592 -0.231485929 0.811682862
158.529820000 -12.088297683 47.151366838 -19.323473513 -0.227620568 -0.485310178 -0.231504701 0.811830328
158.629872000 -12.121692142 47.218135870 -19.329280962 -0.233050578 -0.484717963 -0.227414488 0.811799591
158.729879000 -12.134407128 47.262115368 -19.334162828 -0.236219538 -0.486377140 -0.228153774 0.809681087
158.829729000 -12.167117334 47.302843553 -19.343209479 -0.239231706 -0.481942585 -0.231849748 0.810398192
158.929588000 -12.193636058 47.346779228 -19.349474106 -0.240952128 -0.475909374 -0.233211410 0.813058902
159.029432000 -12.234727171 47.391645405 -19.351324619 -0.243061567 -0.468185366 -0.233395889 0.816853657
159.129387000 -12.293513006 47.448050636 -19.353220202 -0.245459761 -0.461093401 -0.230916924 0.820865248
159.229212000 -12.335993551 47.472124888 -19.351889682 -0.248279888 -0.455495268 -0.233969066 0.822277103
159.329133000 -12.366695825 47.486966635 -19.346579118 -0.254256500 -0.455437107 -0.238249567 0.819248325
159.428906000 -12.395709469 47.540337514 -19.325718923 -0.265193107 -0.454515242 -0.225419858 0.819923410
159.528579000 -12.431961315 47.601438816 -19.332296062 -0.282413066 -0.448793687 -0.192823032 0.825618777
159.628146000 -12.472529906 47.653866564 -19.358196121 -0.277598790 -0.443536730 -0.205454996 0.827044331
159.727779000 -12.568765744 47.735754763 -19.312687406 -0.275262438 -0.441309560 -0.223394094 0.824361293
159.827617000 -12.595605884 47.778072100 -19.314175033 -0.275421793 -0.439487887 -0.239165612 0.820848977
159.927488000 -12.671586877 47.880407385 -19.244536843 -0.280309735 -0.441599292 -0.229387429 0.820851951
160.027466000 -12.735484181 47.941331766 -19.326272775 -0.297222980 -0.440610333 -0.200740530 0.822936373
160.127695000 -12.851570228 48.029938699 -19.202746872 -0.321546835 -0.440930683 -0.165876275 0.821384701
160.228095000 -12.895480085 48.073945613 -19.119981567 -0.319020480 -0.440710561 -0.184789267 0.818445515
160.329156000 -12.998223968 48.145114001 -19.074723893 -0.316365844 -0.441523630 -0.193110624 0.817115551
160.430243000 -13.111699336 48.228057334 -19.035918736 -0.303084829 -0.444134756 -0.210488387 0.816442616
160.531373000 -13.238809105 48.306026829 -18.990347194 -0.299181243 -0.439861494 -0.206586877 0.821178612
160.632679000 -13.248004982 48.308774186 -19.004957080 -0.298922890 -0.438723489 -0.202007432 0.823018714
160.734152000 -13.165494053 48.310107619 -19.189132193 -0.294992757 -0.437231073 -0.204496649 0.824614688
160.834915000 -13.105425829 48.336609447 -19.016878999 -0.299780852 -0.446741542 -0.199987597 0.818876301
160.934703000 -12.935558084 48.183070839 -19.198698547 -0.299882340 -0.446885127 -0.196726638 0.819550423
161.033686000 -12.961415911 48.141871482 -19.155372238 -0.302572599 -0.446776791 -0.198505713 0.818190567
161.132191000 -12.969535274 48.134262518 -19.162661844 -0.303447666 -0.447271602 -0.199091184 0.817453563
161.230442000 -12.962196277 48.131138691 -19.160272066 -0.303302148 -0.446845785 -0.199973712 0.817525024
161.328864000 -13.161990723 48.227451774 -19.152365357 -0.306191047 -0.437085476 -0.199997973 0.821708063
161.427670000 -13.316574860 48.318458805 -19.103216929 -0.306028168 -0.437231491 -0.200122437 0.821660754
161.526895000 -13.325421505 48.319627531 -19.102258483 -0.304339598 -0.431422706 -0.203114022 0.824619035
161.626532000 -13.305513579 48.308647258 -19.095533613 -0.304267270 -0.429903870 -0.203898704 0.825245060
161.726491000 -13.490121340 48.437478653 -18.968087965 -0.300216447 -0.432167713 -0.217178899 0.822152345
161.826642000 -13.823778437 48.646645708 -18.752106145 -0.299625531 -0.434743028 -0.219855637 0.820296617
161.926877000 -13.802505720 48.691687858 -18.635979447 -0.298944868 -0.443635745 -0.219861970 0.815769579
162.027062000 -13.900728852 48.740073249 -18.489961623 -0.299528643 -0.446442086 -0.222281216 0.813365304
162.127301000 -13.967437890 48.888028081 -18.418717505 -0.299260439 -0.446229596 -0.218873618 0.814503945
162.227374000 -14.135470003 49.016681310 -18.540293893 -0.300661002 -0.440815876 -0.209277817 0.819443177
162.327334000 -14.196079114 49.026176423 -18.592575090 -0.302009322 -0.433722478 -0.207911158 0.823072373
162.427241000 -14.176297616 49.168376000 -18.498315595 -0.294128627 -0.436821496 -0.207073775 0.824497291
162.527147000 -13.934496201 49.065873903 -18.684524366 -0.292152962 -0.435301193 -0.210974814 0.825014634
162.627096000 -14.291370083 49.240499841 -18.351966680 -0.314975857 -0.429928248 -0.188658907 0.824839214
162.727061000 -14.053463299 49.106367177 -18.334067008 -0.312165338 -0.422999472 -0.194380766 0.828154796
162.827021000 -14.044350269 49.381978085 -18.298461115 -0.312114626 -0.420363243 -0.185581424 0.831527955
162.926956000 -14.411297700 49.459171902 -18.047031261 -0.320560161 -0.417319916 -0.188767105 0.829127403
163.026915000 -14.498300171 49.381089896 -17.636865180 -0.322494565 -0.420053081 -0.197561294 0.824937694
