0.030223000 0.008600000 -0.011967000 0.003833000 -0.000194000 0.000154000 -0.000031000 0.999999969
0.130276000 0.102154233 -0.028849289 0.005257998 -0.001465166 0.002420052 -0.004511835 0.999985820
0.230376000 -0.035360132 0.057391522 0.348160031 0.000590853 0.004262173 0.003301837 0.999985291
0.330564000 0.097147920 0.235598855 -0.161076505 0.001116580 0.003356088 0.011025878 0.999932958
0.430791000 -0.123032140 0.422417710 0.021983373 0.001839525 0.006822502 0.012090895 0.999901935
0.530922000 -0.374903051 0.455100636 -0.265503805 0.003512881 0.005461761 0.019579145 0.999787220
0.630978000 -0.390731261 0.431996240 -0.235715900 0.002284824 0.005499791 0.020228133 0.999777653
0.730982000 -0.403309346 0.421201882 -0.209286977 0.001811680 0.005389654 0.020357450 0.999776597
0.830917000 -0.158120095 0.347449115 -0.486422487 -0.000515254 0.003631489 0.020317055 0.999786859
0.930828000 -0.368346517 0.286331142 -0.706076222 -0.004407718 0.010470280 0.006984413 0.999911078
1.030754000 -0.051661878 0.338263097 -0.634995274 -0.003922261 0.008606392 0.009403738 0.999911054
1.130878000 -0.088348599 0.350985235 -0.151071146 -0.003135346 0.009379294 0.007618762 0.999922073
1.230942000 -0.085213611 0.404713925 -0.124063773 -0.001676825 0.009432443 0.009000468 0.999913601
1.330936000 -0.116941904 0.405608104 -0.107906163 -0.003132724 0.011523915 0.006269111 0.999909038
1.430882000 0.031698908 0.412416538 -0.378192984 -0.003907234 0.010528087 0.010698993 0.999879705
1.530790000 0.015041991 0.537378125 -0.799165997 -0.007646750 0.013878402 0.020489351 0.999664496
1.630644000 -0.037355839 0.631484800 -0.637327153 -0.004736572 0.016059472 0.023057361 0.999593926
1.730501000 0.161486337 0.742663457 0.151621894 -0.002692486 0.019257100 0.008794179 0.999772263
1.830460000 0.456203351 0.797159758 0.497635517 -0.001392220 0.018404370 0.005929144 0.999812075
1.930550000 0.585722447 0.741278489 0.574443362 -0.002912812 0.019005877 0.004636736 0.999804377
2.030679000 0.919066624 0.730061244 -0.148576828 -0.002874331 0.018650842 -0.002341725 0.999819184
2.130821000 1.136618438 0.420210692 -0.056654884 -0.009201728 0.016417041 0.003989042 0.999814931
2.230762000 1.667901981 0.455811688 0.261038848 -0.008918646 0.017640509 -0.002010664 0.999802594
2.330689000 2.012434697 0.881791735 0.188810847 -0.005994585 0.018808144 -0.014668905 0.999697525
2.430605000 2.447930508 1.186199072 -0.097707880 -0.003786256 0.015144022 -0.024693458 0.999573187
2.530493000 2.869840971 1.353792684 -0.706644915 -0.004324503 0.010224441 -0.025488182 0.999613481
2.630426000 3.417079855 1.171547966 -0.203881900 -0.004583606 0.005830907 -0.032494029 0.999444410
2.730416000 3.792328265 1.111853355 0.603838358 -0.005198280 0.001701150 -0.029254763 0.999557023
2.830437000 4.054663681 1.025311341 0.413279117 -0.009669465 0.001464390 -0.027571854 0.999571983
2.930731000 4.524156878 1.399782042 -0.444281422 -0.009295778 -0.003692814 -0.028620879 0.999540293
3.031136000 4.927396704 1.287264060 -0.259394811 -0.011298691 -0.001119812 -0.030831665 0.999460101
3.131636000 5.325611003 1.272883331 -0.665189720 -0.011543025 -0.000820801 -0.029916086 0.999485424
3.231961000 5.985739980 1.299411173 -0.772430324 -0.009486245 -0.005814309 -0.023591499 0.999659765
3.332064000 6.374381839 1.373742777 -1.070428986 -0.008081769 -0.005475581 -0.025113330 0.999636946
3.431964000 6.896688289 1.442835267 -1.174604805 -0.007194047 -0.007235269 -0.026721609 0.999590842
3.531722000 7.091987391 1.691445177 -1.686271138 -0.004934408 -0.005826656 -0.031681501 0.999468851
3.631463000 7.519707655 1.506372052 -1.778362393 -0.007145148 -0.006963015 -0.035487492 0.999320320
3.731275000 7.791949367 1.383798534 -2.107422924 -0.010363074 -0.009232151 -0.034686801 0.999301856
3.831188000 7.818137292 1.307247635 -2.020750828 -0.010611973 -0.009137362 -0.035738620 0.999263051
3.931194000 7.928235469 1.332748948 -2.160218578 -0.010997253 -0.008867134 -0.036174787 0.999245625
4.031262000 8.110306541 1.378054475 -2.383673841 -0.011428107 -0.010046064 -0.038046822 0.999160104
4.131469000 8.324383481 1.429372362 -2.294723880 -0.007620780 -0.011078185 -0.048815088 0.998717320
4.231566000 8.329909113 1.358358896 -2.128818347 -0.008096833 -0.009054651 -0.052635949 0.998539890
4.331606000 8.409446676 1.426904820 -2.413449860 -0.007969280 -0.009451038 -0.048801363 0.998731994
4.431541000 8.409446676 1.426904820 -2.413449860 -0.007969280 -0.009451038 -0.048801363 0.998731994
4.531379000 8.409446676 1.426904820 -2.413449860 -0.007969280 -0.009451038 -0.048801363 0.998731994
4.631215000 8.409446676 1.426904820 -2.413449860 -0.007969280 -0.009451038 -0.048801363 0.998731994
4.731091000 8.409446676 1.426904820 -2.413449860 -0.007969280 -0.009451038 -0.048801363 0.998731994
4.830996000 8.495561846 1.405700466 -2.488440179 -0.008104626 -0.010405158 -0.051607344 0.998580357
4.930918000 8.495561846 1.405700466 -2.488440179 -0.008104626 -0.010405158 -0.051607344 0.998580357
5.030843000 8.495561846 1.405700466 -2.488440179 -0.008104626 -0.010405158 -0.051607344 0.998580357
5.130893000 8.495561846 1.405700466 -2.488440179 -0.008104626 -0.010405158 -0.051607344 0.998580357
5.230848000 8.495561846 1.405700466 -2.488440179 -0.008104626 -0.010405158 -0.051607344 0.998580357
5.330834000 8.495561846 1.405700466 -2.488440179 -0.008104626 -0.010405158 -0.051607344 0.998580357
5.430837000 8.495561846 1.405700466 -2.488440179 -0.008104626 -0.010405158 -0.051607344 0.998580357
5.530791000 8.495561846 1.405700466 -2.488440179 -0.008104626 -0.010405158 -0.051607344 0.998580357
5.630687000 8.495561846 1.405700466 -2.488440179 -0.008104626 -0.010405158 -0.051607344 0.998580357
5.730592000 8.495561846 1.405700466 -2.488440179 -0.008104626 -0.010405158 -0.051607344 0.998580357
5.830505000 8.495561846 1.405700466 -2.488440179 -0.008104626 -0.010405158 -0.051607344 0.998580357
5.930546000 8.495561846 1.405700466 -2.488440179 -0.008104626 -0.010405158 -0.051607344 0.998580357
6.030778000 8.495561846 1.405700466 -2.488440179 -0.008104626 -0.010405158 -0.051607344 0.998580357
6.131146000 8.495561846 1.405700466 -2.488440179 -0.008104626 -0.010405158 -0.051607344 0.998580357
6.231416000 8.495561846 1.405700466 -2.488440179 -0.008104626 -0.010405158 -0.051607344 0.998580357
6.331618000 8.495561846 1.405700466 -2.488440179 -0.008104626 -0.010405158 -0.051607344 0.998580357
6.431744000 8.495561846 1.405700466 -2.488440179 -0.008104626 -0.010405158 -0.051607344 0.998580357
6.531738000 8.495561846 1.405700466 -2.488440179 -0.008104626 -0.010405158 -0.051607344 0.998580357
6.631632000 8.495561846 1.405700466 -2.488440179 -0.008104626 -0.010405158 -0.051607344 0.998580357
6.731465000 8.216124958 1.374623867 -2.465188615 -0.010969460 -0.002465307 -0.046462728 0.998856751
6.831249000 8.727714636 1.583059898 -2.626101118 -0.008681517 -0.000436178 -0.034253227 0.999375384
6.931055000 8.640578180 1.662286991 -2.611629927 -0.006622958 0.001074270 -0.031121560 0.999493087
7.030908000 8.453638196 1.811457365 -2.136710948 -0.003163274 0.005252739 -0.034349687 0.999391065
7.130963000 8.641939844 2.118638597 -2.595684092 0.000728200 -0.009982310 -0.028655760 0.999539229
7.230963000 8.899910395 2.142148014 -2.157568496 0.001594741 -0.010808228 -0.032704197 0.999405360
7.330965000 8.732344660 2.036169142 -2.338219538 0.004393595 -0.005257822 -0.027984330 0.999584878
7.430947000 8.667510637 1.920089444 -2.266080120 -0.003019011 -0.004054052 -0.028896747 0.999569622
7.530873000 8.736098161 1.905164222 -2.254616300 -0.003492824 -0.014708291 -0.020969591 0.999665815
7.630765000 8.736098161 1.905164222 -2.254616300 -0.003492824 -0.014708291 -0.020969591 0.999665815
7.730723000 8.766165715 1.976122907 -2.368309947 -0.004258677 -0.008249968 0.004443759 0.999947026
7.830754000 8.703795787 1.955871715 -2.435765543 -0.006631594 -0.006598045 -0.005115590 0.999943158
7.930908000 8.652593631 1.981081695 -2.531994041 -0.012703166 0.000198810 -0.000431712 0.999919199
8.031118000 8.646755808 1.981601393 -2.523947191 -0.016085482 0.006769695 0.010496507 0.999792604
8.131458000 8.624910754 1.890625967 -2.535265670 -0.023378643 0.021311158 0.018118841 0.999335270
8.231680000 8.634970843 1.896053515 -2.520977162 -0.022848634 0.033746224 0.028964523 0.998749312
8.331777000 8.623980747 1.888441593 -2.457898231 -0.019850676 0.052282642 0.027877479 0.998045752
8.431952000 8.617796201 1.877981646 -2.414912316 -0.012236704 0.060665192 0.066922433 0.995837028
8.532281000 8.611723199 1.840611156 -2.288129368 0.006758158 0.076439973 0.106716964 0.991323735
8.632975000 8.610118097 1.845499882 -2.237749444 0.001380569 0.102845433 0.097385193 0.989917691
8.733508000 8.600759730 1.832587254 -2.163488376 0.006295534 0.127503620 0.070529057 0.989307255
8.833945000 8.597340275 1.832702693 -2.119763513 0.012323934 0.142633917 0.064114070 0.987619903
8.934482000 8.627963993 1.801708301 -2.127704864 0.009756396 0.148295871 0.057654429 0.987212801
9.034887000 8.637499814 1.801083821 -2.110757510 0.018304792 0.153591355 0.063671233 0.985911053
9.135177000 8.643095188 1.795643598 -2.068451645 0.027612753 0.160223649 0.075087077 0.983833243
9.235113000 8.643380342 1.780575901 -2.018357422 0.036715885 0.167773568 0.093515596 0.980693024
9.334962000 8.630913050 1.776892636 -1.940358980 0.056485331 0.170024142 0.144189919 0.973196006
9.434947000 8.652990669 1.745212977 -1.921511376 0.069821890 0.173228093 0.177327736 0.966266943
9.534834000 8.658387019 1.735301986 -1.870775360 0.078221280 0.204060370 0.156770931 0.963152985
9.634628000 8.751550623 1.691387692 -1.877514543 0.079217971 0.217598348 0.156158424 0.960203113
9.734316000 8.869462173 1.652521429 -1.885051150 0.073958830 0.243286944 0.129293278 0.958449165
9.833932000 8.929555284 1.623992725 -1.864395719 0.076806972 0.274026021 0.124844444 0.950486346
9.933561000 9.031468317 1.590165824 -1.890507243 0.073434151 0.297235442 0.116079761 0.944872482
10.033395000 9.074284899 1.546746186 -1.740383337 0.078094011 0.335453090 0.118224894 0.931340660
10.133611000 9.137873350 1.499818217 -1.759979680 0.080970726 0.357175775 0.106896716 0.924360481
10.233998000 9.143593662 1.489811777 -1.585043952 0.104268789 0.384456145 0.146811381 0.905410355
10.334614000 9.249057411 1.442211258 -1.627945845 0.110692225 0.388787401 0.162992080 0.900013983
10.435115000 9.348897263 1.403821393 -1.670811424 0.115972462 0.398180032 0.169688382 0.893984845
10.535477000 9.468485250 1.367819340 -1.716967485 0.114707321 0.412142897 0.165074894 0.888667960
10.635604000 9.599659572 1.330639572 -1.775136464 0.103161251 0.431460610 0.147031383 0.884070852
10.735496000 9.717667877 1.308233375 -1.830724874 0.103309138 0.447167460 0.139906548 0.877379418
10.835223000 9.862687628 1.262163116 -1.884849842 0.100411888 0.457786402 0.142221993 0.871849739
10.934761000 9.916149366 1.265699555 -1.860043779 0.118482821 0.482980623 0.145101957 0.855357797
11.034212000 9.994416981 1.288830469 -1.794638132 0.124936366 0.512486161 0.120925747 0.840907725
11.133727000 10.094321208 1.207167067 -1.842981080 0.117422435 0.524680188 0.124682041 0.833892715
11.233283000 10.108057860 1.225433901 -1.818744153 0.132591490 0.548937109 0.151488123 0.811257601
11.333031000 10.138321353 1.253153100 -1.797645455 0.125854706 0.573827029 0.110243014 0.801704192
11.432971000 10.159211546 1.238147426 -1.809969736 0.126044478 0.599233023 0.091727201 0.785250720
11.533101000 10.272600632 1.173755682 -1.875095789 0.118890891 0.612039477 0.086231613 0.777069330
11.633369000 10.411118213 1.127036721 -1.841280962 0.132701787 0.627444632 0.083932131 0.762665632
11.733727000 10.519312025 1.182373114 -1.802141874 0.169640013 0.638311261 0.081063161 0.746464844
11.833986000 10.658360983 1.075470053 -1.901796743 0.178531647 0.646221285 0.085413341 0.737040747
11.934174000 10.816384692 0.970179658 -2.009717818 0.170030110 0.662547024 0.074713901 0.725630096
12.034438000 10.980127051 0.856192834 -2.107584003 0.186296885 0.672095155 0.070701599 0.713149954
12.134703000 11.147429270 0.750759483 -2.212949709 0.196637857 0.681717906 0.064330458 0.701751980
12.234678000 11.316462481 0.650059020 -2.334120166 0.192219421 0.697167053 0.046908208 0.689064158
12.334486000 11.486002636 0.534913572 -2.459067219 0.190752675 0.713710248 0.035018070 0.673056337
12.434324000 11.653530764 0.425691374 -2.575398162 0.194509074 0.723531259 0.033321285 0.661481995
12.534121000 11.803852566 0.302446322 -2.680926645 0.205904541 0.726470373 0.043705768 0.654166587
12.633931000 11.961772715 0.191852785 -2.793197894 0.210902277 0.732574726 0.045368465 0.645597555
12.733925000 12.107536026 0.076322082 -2.904161865 0.204031749 0.743574992 0.040632411 0.635465407
12.833942000 12.251868843 -0.042783002 -3.012835297 0.200776728 0.749548679 0.048692830 0.628883528
12.934210000 12.400377403 -0.165157968 -3.130213447 0.217541435 0.747491053 0.059864398 0.624779244
13.034735000 12.539560897 -0.292310302 -3.236308493 0.250788454 0.735549388 0.080047325 0.624231267
13.135361000 12.711546635 -0.411610703 -3.345742820 0.277503938 0.724421547 0.097296675 0.623488848
13.235719000 12.877690503 -0.494548400 -3.453757173 0.288104590 0.722826311 0.100062968 0.620084891
13.335717000 13.031877760 -0.586395401 -3.589638916 0.285389586 0.727974024 0.094674577 0.616152034
13.435516000 13.181998725 -0.650178711 -3.753768309 0.273622034 0.738185508 0.082325457 0.611093820
13.535154000 13.340680503 -0.709548373 -3.919654318 0.260754921 0.748963634 0.071357979 0.604953210
13.634771000 13.489180496 -0.782477635 -4.118894403 0.231403555 0.762690126 0.060690125 0.600893398
13.734457000 13.637488599 -0.828767978 -4.338281815 0.207282472 0.770137567 0.059669435 0.600301310
13.834282000 13.793177572 -0.855751462 -4.553134592 0.200456606 0.772626199 0.057337076 0.599648534
13.934303000 13.973900145 -0.898589528 -4.773302620 0.202562981 0.768732799 0.069348412 0.602668167
14.034718000 14.154881445 -0.962331362 -4.986358800 0.194619706 0.771300776 0.068524889 0.602098515
14.135364000 14.370027744 -0.952339301 -5.171799535 0.192336932 0.774556281 0.067721556 0.598734385
14.235921000 14.547677888 -1.031665211 -5.364736452 0.183269384 0.776652684 0.075535218 0.597927564
14.336305000 14.811254394 -1.079436678 -5.547894899 0.182772378 0.782830520 0.066576228 0.591048425
14.436339000 15.056937870 -1.125510235 -5.791483670 0.193356916 0.787788615 0.050468669 0.582627767
14.536055000 15.300615318 -1.169704889 -6.019833171 0.201242004 0.793567713 0.043914245 0.572558713
14.635765000 15.542555266 -1.221060524 -6.246225006 0.206500242 0.801527192 0.044187585 0.559427626
14.735700000 15.782534995 -1.282008370 -6.469964782 0.213549930 0.810450853 0.042010022 0.543875905
14.835972000 16.018531355 -1.357840015 -6.697056004 0.221681309 0.818223346 0.043922758 0.528619660
14.936393000 16.231927980 -1.457879830 -6.898397110 0.240787036 0.820175701 0.056021344 0.515940919
15.036778000 16.438090353 -1.553439366 -7.112244995 0.250718371 0.824503640 0.062624243 0.503400686
15.137004000 16.646027198 -1.649757432 -7.324372933 0.248112677 0.833471421 0.062460185 0.489759343
15.236960000 16.851904390 -1.741315633 -7.522045383 0.248373673 0.839763380 0.061418237 0.478890159
15.336588000 17.036351579 -1.845368119 -7.696764282 0.265013861 0.837156487 0.070543377 0.473244442
15.436112000 17.192895954 -2.021914559 -7.918388384 0.286042076 0.829748878 0.087650071 0.471183823
15.535622000 17.363462828 -2.068270160 -8.091437862 0.274323406 0.839904557 0.077714740 0.461808860
15.635182000 17.541583751 -2.140919716 -8.285076993 0.260163588 0.850696712 0.068195619 0.451640752
15.734794000 17.714757284 -2.220728922 -8.454543184 0.263532654 0.852578631 0.067914393 0.446147793
15.834550000 17.890858626 -2.304301254 -8.645746400 0.270428991 0.851219843 0.069363570 0.444389059
15.934466000 18.053970635 -2.365804501 -8.828129577 0.276024680 0.850755958 0.067290375 0.442150067
16.034529000 18.206271924 -2.443927414 -9.005244452 0.287902896 0.846946932 0.070565764 0.441376585
16.134723000 18.380875928 -2.499368126 -9.192728846 0.300449137 0.845758538 0.072083533 0.435002041
16.234855000 18.561624009 -2.532790256 -9.374300981 0.313278246 0.845416299 0.072195776 0.426515875
16.334885000 18.734463653 -2.548677144 -9.572530548 0.329603076 0.843682175 0.074841815 0.417086205
16.434784000 18.899908492 -2.602714273 -9.758277678 0.336617458 0.848116167 0.078095198 0.401607761
16.534597000 19.057988830 -2.651995384 -9.972681469 0.335148259 0.857068436 0.081036504 0.382808601
16.634399000 19.212235526 -2.681003562 -10.187971614 0.337333894 0.863998467 0.084342272 0.364141284
16.734188000 19.363733525 -2.706870134 -10.408006605 0.351310217 0.864189343 0.092569243 0.348121884
16.834069000 19.502003561 -2.715669478 -10.627593960 0.350415109 0.872338864 0.094618986 0.327538403
16.934168000 19.632743554 -2.734370877 -10.852479049 0.354099391 0.878681734 0.100186888 0.304129279
17.034561000 19.744750012 -2.756009815 -11.080743597 0.363262106 0.881249660 0.106169764 0.283138941
17.134937000 19.857453111 -2.752754376 -11.306555403 0.369014882 0.884214962 0.110360608 0.264220465
17.235027000 19.950988167 -2.751414115 -11.533158136 0.367966894 0.889583854 0.113136936 0.245847442
17.334959000 20.038224801 -2.745677357 -11.772100033 0.334298942 0.908107011 0.112674047 0.225589081
17.434761000 20.120562491 -2.732385955 -11.997863605 0.324010801 0.916394740 0.114739122 0.205116103
17.534516000 20.191909277 -2.727645068 -12.217313956 0.319604948 0.921401108 0.117408727 0.187317555
17.634380000 20.266467680 -2.735791652 -12.434357480 0.318429322 0.923457853 0.124303306 0.174290129
17.734332000 20.344917017 -2.741070757 -12.643508366 0.316237074 0.922115755 0.148008082 0.166704094
17.834384000 20.411514568 -2.744600491 -12.855136212 0.317882596 0.920127323 0.165938351 0.157419275
17.934511000 20.522186830 -2.771759512 -13.080337247 0.312410465 0.920610066 0.183091404 0.146131260
18.034686000 20.585777987 -2.794424941 -13.318549765 0.316191387 0.918996628 0.194637103 0.132606949
18.134941000 20.654455737 -2.814115207 -13.561484887 0.321868907 0.919712098 0.193821052 0.113857204
18.235069000 20.720901312 -2.824481563 -13.812715798 0.328089188 0.919968105 0.191048893 0.097552506
18.335130000 20.799462781 -2.834631110 -14.074203519 0.331730252 0.920968397 0.187530584 0.081268272
18.435074000 20.876746896 -2.882191814 -14.357580793 0.333189057 0.922610390 0.182262272 0.067495074
18.534841000 20.950902402 -2.917389011 -14.637661371 0.333403226 0.924112241 0.176332890 0.061364216
18.634440000 21.007296086 -2.939339450 -14.920677110 0.337707632 0.923354568 0.173043410 0.058530969
18.734131000 21.083614253 -2.939650739 -15.181084958 0.339372019 0.924547997 0.165656994 0.050945014
18.834190000 21.145599474 -3.019887093 -15.503424715 0.338892097 0.923436702 0.173265524 0.048947550
18.934245000 21.211146104 -3.059237553 -15.799378966 0.338843935 0.924482349 0.167803098 0.048572578
19.034195000 21.283238333 -3.099326082 -16.095830544 0.340163485 0.923982766 0.167644280 0.049396828
19.134247000 21.345312437 -3.178895410 -16.430055449 0.337134166 0.924631275 0.169501511 0.051641050
19.234173000 21.419550559 -3.250236821 -16.769067186 0.335006632 0.922476439 0.183104283 0.057276494
19.333985000 21.476272934 -3.244420147 -17.042632272 0.342099600 0.919999553 0.181491626 0.060245124
19.433759000 21.577298780 -3.278061452 -17.368750405 0.341451556 0.922498387 0.172234410 0.052372409
19.533647000 21.671104358 -3.318583436 -17.706227048 0.343776939 0.926440395 0.148703087 0.037589939
19.633706000 21.728213768 -3.345166022 -18.063092112 0.350727699 0.922809577 0.155615218 0.034590029
19.733950000 21.790994885 -3.412190481 -18.443147069 0.356739474 0.921673185 0.151352007 0.018656319
19.834351000 21.883555730 -3.479812771 -18.827497520 0.357582641 0.919933697 0.160751441 0.003952546
19.934686000 21.829632522 -3.613471587 -19.289122418 0.359065241 0.918509688 0.165438050 -0.006508288
20.034830000 21.839316706 -3.708309911 -19.738660127 0.359864958 0.921143806 0.146423723 -0.023481770
20.134939000 21.909371255 -3.726007009 -20.129883118 0.367700586 0.921338370 0.120884760 -0.036314767
20.234886000 21.946793010 -3.813469278 -20.545223503 0.354886931 0.926896271 0.113511766 -0.045095988
20.334739000 22.000740549 -3.870513911 -20.929059578 0.364087912 0.923770335 0.106483076 -0.052437722
20.434606000 22.027380315 -3.994219167 -21.328319859 0.371265035 0.920728555 0.105940228 -0.056549713
20.534431000 22.031445742 -4.097844137 -21.715144860 0.374114719 0.920005295 0.103029199 -0.054894614
20.634226000 22.044442252 -4.194095608 -22.074820289 0.375262385 0.920264915 0.097129297 -0.053446493
20.734107000 22.042464796 -4.266875397 -22.411704148 0.387004047 0.917686681 0.080938844 -0.039088706
20.833642000 22.063591502 -4.351514935 -22.759482221 0.382680769 0.920971284 0.068645077 -0.025596410
20.933344000 22.037080702 -4.461138660 -23.076974388 0.381004080 0.922639441 0.058732116 -0.011085635
21.033510000 22.034647915 -4.601252188 -23.431144239 0.378731548 0.924102785 0.050938353 -0.001319915
21.134082000 22.030241697 -4.758249107 -23.780250915 0.376142055 0.925429090 0.044737142 0.009835784
21.234493000 22.027304735 -4.917601471 -24.120659631 0.373148272 0.926759723 0.040081348 0.016439846
21.334830000 22.022840381 -5.056472302 -24.454949563 0.377126254 0.925386720 0.032237421 0.019898647
21.435108000 22.004594213 -5.203105651 -24.780858345 0.375538685 0.925436822 0.040332503 0.030177386
21.535304000 21.994163263 -5.343515153 -25.110233387 0.372562006 0.926585226 0.038558716 0.033920453
21.635417000 21.988597342 -5.500789938 -25.440039636 0.370976607 0.927754520 0.027029077 0.030287581
21.735309000 21.980326236 -5.671034149 -25.776852279 0.371623182 0.927701107 0.022236801 0.027791942
21.834960000 21.964675958 -5.814981961 -26.096348550 0.374099540 0.926575048 0.023425363 0.030975264
21.934563000 21.961660355 -5.960541383 -26.423737767 0.374312026 0.926650575 0.017018415 0.030324777
22.034086000 21.956824416 -6.117897615 -26.753371703 0.374649825 0.926543524 0.013798149 0.031051842
22.133706000 21.962823606 -6.291924428 -27.078515110 0.372633127 0.927185970 0.017489110 0.034130052
22.233351000 21.968267169 -6.437580753 -27.407809346 0.372944898 0.927298810 0.002511762 0.031979857
22.333175000 21.968806297 -6.607896339 -27.728277746 0.372334603 0.927496082 -0.000858717 0.033424909
22.433131000 21.964824964 -6.780439422 -28.068316664 0.371611932 0.927520157 0.003856497 0.039950699
22.533192000 21.969004623 -6.952835189 -28.407142454 0.368305739 0.928815392 -0.001708281 0.040619350
22.633437000 21.976022499 -7.104580336 -28.730773366 0.369729579 0.928149159 -0.003369411 0.042753070
22.733776000 21.982191511 -7.273743357 -29.079848576 0.369741543 0.927899779 0.001520204 0.047863134
22.834133000 21.994766302 -7.460349704 -29.410521112 0.367429051 0.928601637 0.009233823 0.051084525
22.934435000 22.014151779 -7.600893858 -29.709422355 0.371132336 0.927270203 -0.007246300 0.048767321
23.034675000 22.040905571 -7.797482822 -30.057564398 0.369547327 0.927921370 -0.014125541 0.046874007
23.134907000 22.055152775 -7.997673495 -30.403411764 0.367829257 0.928542310 -0.018302559 0.046645817
23.234947000 22.066510515 -8.202853388 -30.755202668 0.368437148 0.928168766 -0.025594330 0.045844733
23.334888000 22.083268822 -8.407870290 -31.096242690 0.369595792 0.927593933 -0.030358667 0.045241550
23.434722000 22.094552669 -8.591907510 -31.448994350 0.370817545 0.927016166 -0.021223255 0.051816508
23.534467000 22.125353365 -8.733839552 -31.802708000 0.370520509 0.926831137 -0.014213020 0.059131939
23.634174000 22.132438602 -8.942869590 -32.141179221 0.371648772 0.926253940 -0.013404475 0.061246619
23.734130000 22.150396886 -9.132347805 -32.489280324 0.372504638 0.925471821 0.000685864 0.068860245
23.834420000 22.181042103 -9.328038170 -32.891497919 0.359842049 0.930111759 0.013574082 0.072260357
23.934808000 22.183633218 -9.472120858 -33.231462131 0.360817662 0.929558303 0.007662924 0.075321021
24.035080000 22.187670817 -9.687746096 -33.606021290 0.367263274 0.926987763 -0.006828955 0.075925887
24.135011000 22.198374248 -9.907075689 -34.002867319 0.370449498 0.925515403 -0.020051842 0.076067941
24.234668000 22.191785526 -10.141280619 -34.395791734 0.376324159 0.922777721 -0.044079562 0.070131283
24.334396000 22.182807792 -10.409279064 -34.801134041 0.380384623 0.920355590 -0.067126677 0.061213851
24.434275000 22.191581357 -10.671518399 -35.228887934 0.381783390 0.919267974 -0.078320679 0.055260346
24.534289000 22.199707408 -10.918462033 -35.643489030 0.378557455 0.920150668 -0.085640028 0.051795628
24.634383000 22.204762140 -11.195700668 -36.071126488 0.381239651 0.918733693 -0.088451232 0.052546253
24.734582000 22.221026572 -11.461810239 -36.513923947 0.378409847 0.920617526 -0.077384055 0.057280599
24.834952000 22.270947256 -11.748293794 -37.029551848 0.369646617 0.924496715 -0.081869771 0.044323160
24.935469000 22.253380422 -12.028703301 -37.400052828 0.376532225 0.921591851 -0.083302485 0.044188678
25.035911000 22.234858471 -12.323850005 -37.796987013 0.382330535 0.918884995 -0.089545380 0.038149076
25.136321000 22.228018473 -12.559124957 -38.182901111 0.384955227 0.917317895 -0.096279616 0.032673975
25.236296000 22.192035939 -12.845906919 -38.537225073 0.387692748 0.915921290 -0.099507853 0.029676760
25.335693000 22.156352141 -13.144706447 -38.901450392 0.389862738 0.914878266 -0.100652048 0.029562982
25.434876000 22.159049591 -13.355146869 -39.243711236 0.384077673 0.916904975 -0.103976324 0.030960169
25.534329000 22.129099825 -13.650870800 -39.597363009 0.382309752 0.917142139 -0.108477132 0.030368763
25.634183000 22.052741376 -13.992202901 -39.931900230 0.389026101 0.913795390 -0.111417299 0.034969456
25.734190000 22.037261311 -14.357388476 -40.300648182 0.387590237 0.913996360 -0.115378910 0.032744005
25.834301000 22.029166178 -14.669383433 -40.645633764 0.380722274 0.916484712 -0.119024933 0.030649443
25.934464000 22.004342817 -15.034519029 -41.016695268 0.380552932 0.916990839 -0.114476265 0.034676385
26.034681000 21.984968555 -15.310468620 -41.338460236 0.383410671 0.914313598 -0.123969358 0.040724692
26.134889000 21.985772297 -15.600098005 -41.717659826 0.383889340 0.913860414 -0.123937818 0.046125210
26.234972000 21.991608481 -15.840459408 -42.055281483 0.382469981 0.914406454 -0.121262710 0.053599493
26.335124000 21.970008711 -16.096514550 -42.389850986 0.384274802 0.912205062 -0.130952008 0.055374836
26.435283000 21.989920781 -16.384696602 -42.773888183 0.364698384 0.919307788 -0.140598961 0.045828059
26.535376000 22.004867210 -16.692144188 -43.170528544 0.343287684 0.927948143 -0.139440808 0.040274949
26.635361000 22.045684387 -16.993450595 -43.568886068 0.359834970 0.919626743 -0.148992495 0.051055702
26.735188000 22.042847913 -17.342412816 -43.892247006 0.371913799 0.914439671 -0.147319558 0.061458615
26.835116000 22.064012422 -17.650719384 -44.249193254 0.376118295 0.911719976 -0.151725180 0.065430752
26.935162000 22.081001915 -17.942060846 -44.605204269 0.378259917 0.908867635 -0.161645558 0.068918582
27.035172000 22.061265920 -18.198350643 -44.916006110 0.379606582 0.906265310 -0.170373823 0.074530469
27.135221000 22.072474634 -18.420126887 -45.252398204 0.377182738 0.905703070 -0.177409878 0.077206647
27.235114000 22.072600221 -18.677966667 -45.545389208 0.379542133 0.903653543 -0.180078139 0.083246069
27.335003000 22.045352805 -18.900151456 -45.846480824 0.378843236 0.902004193 -0.186639361 0.089621356
27.434910000 22.065953159 -19.140346906 -46.155848615 0.378990439 0.900176466 -0.193560098 0.092644839
27.535018000 22.089645133 -19.370588037 -46.462078430 0.380650473 0.896431856 -0.206352013 0.094519796
27.635154000 22.130635769 -19.645551895 -46.769629717 0.381547209 0.893903378 -0.215326055 0.094832314
27.735031000 22.149301384 -19.941729605 -47.074035239 0.379855415 0.893374830 -0.220869857 0.093849792
27.834818000 22.213132522 -20.144073628 -47.389412573 0.374802533 0.895073900 -0.219475390 0.100976873
27.934776000 22.202271310 -20.425209598 -47.653321646 0.371895410 0.894812001 -0.223440436 0.105259959
28.034971000 22.257390112 -20.743504518 -47.933698828 0.368932487 0.894534807 -0.231155122 0.101309471
28.135272000 22.285038000 -21.005392101 -48.247677676 0.373397103 0.887479410 -0.250350405 0.101388236
28.235723000 22.317924419 -21.299990326 -48.520084788 0.377865976 0.883698941 -0.256256070 0.103084006
28.336109000 22.346477747 -21.601775139 -48.798248370 0.376299418 0.881766862 -0.266620762 0.098991504
28.436219000 22.387728115 -21.822340084 -49.067297610 0.380123872 0.877817330 -0.272586964 0.103145158
28.535869000 22.451155872 -22.100029282 -49.336308471 0.386206057 0.875388332 -0.269923332 0.108081191
28.635294000 22.503360047 -22.461940260 -49.591216824 0.370582182 0.889530023 -0.241752917 0.113845123
28.734931000 22.572664588 -22.774474003 -49.864132646 0.363680658 0.893051344 -0.238707323 0.114954296
28.834990000 22.568165386 -23.215902893 -50.078526603 0.371234748 0.885313070 -0.256250782 0.112876339
28.935167000 22.529174126 -23.669939742 -50.308269106 0.377262380 0.877131070 -0.274912915 0.112858640
29.035455000 22.536789460 -24.077992216 -50.562933773 0.369481826 0.878045495 -0.284297391 0.108140103
29.135870000 22.535746375 -24.484900663 -50.812771927 0.373114507 0.873914388 -0.288342590 0.117973548
29.236011000 22.524259243 -24.956078120 -51.070951231 0.371194147 0.867735660 -0.308283988 0.119208695
29.335952000 22.513392554 -25.426606661 -51.321013449 0.369716355 0.859929075 -0.331377664 0.118408817
29.435621000 22.473126792 -25.898226263 -51.571106724 0.362033514 0.858054019 -0.343267137 0.121830654
29.535138000 22.437293763 -26.355739312 -51.856769273 0.350427081 0.861704526 -0.347154858 0.118952411
29.635287000 22.429214527 -26.852977007 -52.214623261 0.305155993 0.876159123 -0.363889611 0.082518856
29.735885000 22.410344304 -27.348327929 -52.465466309 0.304421612 0.869244466 -0.378357196 0.092668072
29.836001000 22.404088595 -27.817784676 -52.696562870 0.316968750 0.859443247 -0.385528751 0.110705456
29.936158000 22.394143266 -28.307761095 -52.920073133 0.324286055 0.852507280 -0.391138648 0.122802486
30.036431000 22.395881454 -28.786889874 -53.144727172 0.342983899 0.840229781 -0.394894921 0.142947406
30.136755000 22.366517152 -29.281048973 -53.335797541 0.348472516 0.835175439 -0.397258834 0.152428047
30.236918000 22.375328617 -29.766283082 -53.559893118 0.347801738 0.831924770 -0.403513098 0.155281383
30.336961000 22.353245079 -30.222260912 -53.760655619 0.346653412 0.829229519 -0.408700288 0.158662826
30.436829000 22.332996143 -30.727432552 -53.963716198 0.341167116 0.829763642 -0.412328633 0.158374228
30.536560000 22.309735204 -31.189226745 -54.175971462 0.338771871 0.827970638 -0.417130720 0.160312837
30.636253000 22.281145969 -31.663134970 -54.361347506 0.341949366 0.822812274 -0.423443896 0.163541616
30.735943000 22.250867617 -32.155589929 -54.536565361 0.341534518 0.821231884 -0.426971240 0.163180655
30.835656000 22.227695352 -32.617784173 -54.712461511 0.343920276 0.817973126 -0.431324183 0.163089725
30.935376000 22.189069198 -33.073112898 -54.865024418 0.345994639 0.814931814 -0.435095859 0.163906806
31.035100000 22.168559985 -33.537239148 -55.014713578 0.346297345 0.812363247 -0.439925650 0.163124267
31.134947000 22.138996042 -34.008319988 -55.138273269 0.344231624 0.813244711 -0.439757478 0.163557296
31.234773000 22.039931363 -34.501108357 -55.183248787 0.347080689 0.811791038 -0.439889583 0.164400306
31.334827000 21.996561295 -34.980115243 -55.308286086 0.347582103 0.808500461 -0.446409366 0.161964085
31.434994000 21.943211211 -35.459519848 -55.420905482 0.339319076 0.811426737 -0.451073223 0.151598688
31.535243000 21.880742240 -35.906597560 -55.556587338 0.342626021 0.810962967 -0.446936080 0.158728124
31.635580000 21.818137047 -36.383169985 -55.664977347 0.348105349 0.804858391 -0.452022883 0.163404250
31.735921000 21.763470356 -36.884916986 -55.744333559 0.347414158 0.804647856 -0.453025998 0.163133921
31.836272000 21.728082223 -37.371308260 -55.886026204 0.348992578 0.798807326 -0.462460398 0.161992026
31.936620000 21.673512226 -37.852371254 -55.977013426 0.350339685 0.794971210 -0.467752312 0.162759500
32.037011000 21.624460437 -38.351368803 -56.092458785 0.348679843 0.793614500 -0.471953295 0.160805720
32.137435000 21.555945286 -38.797630248 -56.166466999 0.346238639 0.799638179 -0.462010847 0.165056250
32.237544000 21.492632121 -39.285611185 -56.247607655 0.342616846 0.813162475 -0.435439097 0.178250607
32.337501000 21.376892767 -39.804176313 -56.293171256 0.343777191 0.812615172 -0.435723397 0.177817169
32.437339000 21.347251682 -40.299505426 -56.454026734 0.340793087 0.813529857 -0.436622158 0.177173176
32.536878000 21.237316503 -40.863982474 -56.501040137 0.345135873 0.804566852 -0.452381363 0.170013274
32.636322000 21.175031132 -41.388119743 -56.606552051 0.349327909 0.793996097 -0.470037175 0.163111202
32.735698000 21.123133429 -41.876290968 -56.729984245 0.350914154 0.787050972 -0.481339816 0.160380815
32.835284000 21.051398131 -42.431016377 -56.785012746 0.350984224 0.785370362 -0.484350047 0.159400442
32.935217000 20.981590797 -42.932582408 -56.856932231 0.351661649 0.782701203 -0.487774643 0.160588945
33.035457000 20.942119167 -43.440828377 -56.962255141 0.342311242 0.790746390 -0.482726708 0.156582518
33.135826000 20.902341394 -43.926183382 -57.067292499 0.318674074 0.806031293 -0.480245955 0.134626194
33.236047000 20.817145015 -44.438399998 -57.138826993 0.286506422 0.820817504 -0.483561276 0.101691637
33.336064000 20.777713782 -44.949346490 -57.241950740 0.268975362 0.820538054 -0.498953340 0.073587502
33.436056000 20.739966314 -45.459653191 -57.302202808 0.262013339 0.823586233 -0.499138306 0.062575380
33.536068000 20.718988959 -45.992182946 -57.314343683 0.277719667 0.816666531 -0.500141496 0.076066077
33.636210000 20.718194570 -46.532984790 -57.344434568 0.277724789 0.809442480 -0.512766500 0.068864570
33.736338000 20.746310001 -47.077338019 -57.346036256 0.285900426 0.804451738 -0.515899475 0.070470415
33.836526000 20.747380769 -47.611833365 -57.344544349 0.330686733 0.778316251 -0.519244230 0.123513266
33.936459000 20.777073246 -48.166683333 -57.315423223 0.348823611 0.766233262 -0.520149394 0.143712505
34.036345000 20.788894486 -48.709113078 -57.256743982 0.363083687 0.757588481 -0.518494675 0.159352442
34.136269000 20.816343777 -49.265035470 -57.215122410 0.398648986 0.727810867 -0.519875907 0.202729792
34.236087000 20.812284909 -49.777089868 -57.197912832 0.410494260 0.712652448 -0.523556850 0.222506575
34.335903000 20.809022326 -50.318844585 -57.163034105 0.420412488 0.698180204 -0.529674558 0.235037455
34.435698000 20.764181976 -50.772238595 -57.196511538 0.384497962 0.726478222 -0.537903735 0.187217203
34.535840000 20.697341809 -51.208851041 -57.211701245 0.367932325 0.740076361 -0.538322894 0.164685297
34.636266000 20.649596604 -51.733503548 -57.173963475 0.369126048 0.746744849 -0.532582910 0.149911759
34.736458000 20.579629078 -52.204799001 -57.143403022 0.374327544 0.747277751 -0.530532899 0.141384921
34.836388000 20.513938113 -52.687144252 -57.076632154 0.378247351 0.748965524 -0.526905771 0.135461781
34.935994000 20.447117849 -53.127523385 -57.060588458 0.380326607 0.746704864 -0.529514831 0.131899816
35.035695000 20.386749276 -53.553721169 -57.029728153 0.382636757 0.743521278 -0.532965139 0.129280246
35.135696000 20.294638654 -53.977280723 -56.977254662 0.388097502 0.740620369 -0.533355047 0.128039807
35.235515000 20.215684146 -54.396618042 -56.938290083 0.393355987 0.737656248 -0.534838633 0.122808648
35.335481000 20.109601116 -54.820655091 -56.867698524 0.399657199 0.734643302 -0.534447667 0.122225335
35.435483000 20.006688395 -55.224897206 -56.808028270 0.402331537 0.732065418 -0.535535128 0.124143805
35.535420000 19.927021577 -55.591451936 -56.781485717 0.400806950 0.727541280 -0.542668735 0.124692097
35.635223000 19.820182138 -55.980186666 -56.700107108 0.399225962 0.723844744 -0.549048745 0.123340559
35.735028000 19.736151771 -56.369126245 -56.656855859 0.396680386 0.718981663 -0.557302732 0.122978473
35.834915000 19.628387789 -56.751617506 -56.571966066 0.393640021 0.716123244 -0.563076928 0.123123535
35.934961000 19.542940492 -57.124776739 -56.503454148 0.392820343 0.712646417 -0.568200389 0.122374757
36.035134000 19.457585359 -57.500319569 -56.423575230 0.391995680 0.708525425 -0.574238721 0.120751815
36.135517000 19.360965858 -57.881514233 -56.325620135 0.390884976 0.706848120 -0.576906734 0.121463127
36.235712000 19.265709009 -58.240081095 -56.217674067 0.391143143 0.702975711 -0.581444649 0.121467323
36.335740000 19.138968692 -58.599246617 -56.059022079 0.391873998 0.700627012 -0.583402899 0.123278615
36.435496000 19.041786683 -58.937439669 -55.924286131 0.399401841 0.694273714 -0.585342407 0.125842943
36.535285000 18.931517876 -59.290901227 -55.791884434 0.430815162 0.670150567 -0.583815450 0.156384253
36.635175000 18.828106608 -59.560117120 -55.707669499 0.451474513 0.652091756 -0.588478201 0.156972969
36.735054000 18.715033231 -59.883228039 -55.616797898 0.459779737 0.655042929 -0.583111902 0.139649075
36.835293000 18.628272928 -60.192438653 -55.576150155 0.459038133 0.663340225 -0.580136225 0.112719558
36.935668000 18.511565239 -60.562154844 -55.467137924 0.459297584 0.671691372 -0.574002282 0.091639571
37.035841000 18.428582720 -60.812487568 -55.463189186 0.465288558 0.667367167 -0.575779626 0.081273892
37.135794000 18.315979690 -61.115942686 -55.334925114 0.475500198 0.664426543 -0.572053374 0.072054617
37.235575000 18.246347146 -61.469990635 -55.286564560 0.486474739 0.660037670 -0.568846848 0.064077027
37.335320000 18.071853007 -61.757976897 -55.130318510 0.495188543 0.657602748 -0.564002977 0.065173424
37.434923000 18.078184722 -62.014988547 -55.106624795 0.497415457 0.650905075 -0.570362226 0.059894722
37.534561000 18.037988864 -62.270166808 -55.109175360 0.497999718 0.644336111 -0.577416439 0.058459496
37.634233000 17.947948553 -62.464597884 -55.025602996 0.501068034 0.638191951 -0.581023681 0.063665862
37.734269000 17.785559196 -62.792303111 -54.727327983 0.504811291 0.641794182 -0.573651717 0.064726317
37.834550000 17.624730183 -63.163710453 -54.460783519 0.507863639 0.644662872 -0.567688398 0.064916775
37.934710000 17.499264383 -63.282473693 -54.184656216 0.517472173 0.632321805 -0.570054939 0.086191946
38.034627000 17.669362729 -63.323011838 -54.318458860 -0.537960482 -0.586359406 0.591391946 -0.130524838
38.134443000 17.632270216 -63.503847877 -54.373932864 -0.549645946 -0.554541192 0.601244891 -0.169935227
38.234064000 17.586923217 -63.705781026 -54.418592376 -0.548175214 -0.539619721 0.611145155 -0.186590706
38.333714000 17.476143844 -64.040154684 -54.407457741 -0.534833730 -0.549686439 0.616774442 -0.177163730
38.433658000 17.299798934 -63.958042282 -54.556576548 -0.517699550 -0.552418489 0.628236841 -0.179274820
38.533874000 17.378363868 -63.990848931 -54.839995430 -0.497212878 -0.560569055 0.644883562 -0.150555240
38.634055000 17.306679628 -64.262016230 -54.775546945 -0.481889758 -0.591753083 0.633935800 -0.125443021
38.734305000 17.361466466 -64.817045062 -54.751573021 -0.479943851 -0.610739234 0.620379498 -0.108539237
38.834532000 17.259424715 -64.967501638 -54.929662510 -0.463149132 -0.617103850 0.627577299 -0.104031021
38.934718000 17.138368704 -65.131696569 -54.968829462 -0.459049386 -0.611654955 0.636030682 -0.103038093
39.034715000 17.090458705 -65.217523463 -55.134144590 -0.452450458 -0.602294319 0.649299914 -0.104593301
39.134702000 16.836102948 -65.499829046 -54.935368973 -0.449537886 -0.607494853 0.645782194 -0.108770630
39.234548000 16.794091975 -65.860750062 -54.883775607 -0.450453743 -0.613613958 0.638254617 -0.114892902
39.334511000 16.728536577 -66.113796325 -54.872781356 -0.453258724 -0.620517636 0.627188362 -0.127079309
39.434784000 16.647349802 -66.429781924 -54.889836351 -0.465034043 -0.605598684 0.628544353 -0.148072854
39.534750000 16.524549321 -66.768039553 -54.870222041 -0.481178381 -0.575061847 0.638821604 -0.172273607
39.634591000 16.410462828 -67.082386397 -54.955169702 -0.468929676 -0.581612070 0.645496344 -0.158640565
39.734346000 16.237677791 -67.343742334 -54.999687624 -0.457766007 -0.576658916 0.662394329 -0.138378216
39.833992000 16.066940630 -67.630805149 -55.015943321 -0.462511363 -0.556386831 0.674686133 -0.145998477
39.933569000 15.927483050 -67.994755561 -55.026489736 -0.472210026 -0.535091731 0.680295154 -0.167012076
40.033191000 15.809995281 -68.234104468 -55.013002322 -0.481896227 -0.518634504 0.683541415 -0.177666574
40.133205000 15.697717899 -68.496675057 -55.006862507 -0.489047754 -0.505813896 0.686562706 -0.183347344
40.233134000 15.559743367 -68.814267053 -54.969975028 -0.482158139 -0.520616789 0.687045765 -0.156364332
40.333185000 15.399279750 -69.081391887 -54.981170455 -0.472235863 -0.540281993 0.684212460 -0.130161311
40.433237000 15.238634538 -69.327645759 -55.017908774 -0.469869247 -0.542805280 0.686646214 -0.114465263
40.533130000 15.097297335 -69.598311143 -54.969530382 -0.472647031 -0.543594996 0.685289752 -0.107178454
40.632976000 14.969411198 -69.885911304 -54.894053192 -0.477603587 -0.539195784 0.685351325 -0.107034022
40.732882000 14.793583550 -70.206237541 -54.793683211 -0.479329936 -0.540416077 0.683054595 -0.107841067
40.832950000 14.392297824 -70.467575533 -54.719238090 -0.468863261 -0.560125270 0.672968084 -0.116365296
40.933150000 14.298975258 -70.744613547 -54.783578797 -0.473765917 -0.546018826 0.679729119 -0.124006541
41.033403000 14.051465049 -70.959835847 -54.752943020 -0.476606130 -0.531840387 0.685379568 -0.142292819
41.133579000 13.890815143 -71.231247407 -54.630708254 -0.469977243 -0.542195157 0.683776501 -0.132648028
41.233713000 13.736130001 -71.498251791 -54.569444323 -0.464669302 -0.542846952 0.689100984 -0.120579688
41.333851000 13.610513401 -71.762323707 -54.499241015 -0.468719971 -0.534442706 0.692382297 -0.123609617
41.434033000 13.399883412 -71.963592636 -54.524824106 -0.482732900 -0.510733550 0.694287624 -0.155193051
41.534156000 13.218468049 -72.163313209 -54.464304664 -0.503070432 -0.477923471 0.691792147 -0.199832237
41.634245000 13.068305391 -72.379789061 -54.436120167 -0.513668985 -0.453256250 0.692728795 -0.225454567
41.734176000 12.865411915 -72.587391950 -54.446245802 -0.510194520 -0.456458394 0.694153598 -0.222481612
41.834057000 12.693541229 -72.757557800 -54.558993264 -0.498944209 -0.473529315 0.699906082 -0.192239800
41.933965000 12.533357358 -72.966327764 -54.533493403 -0.501573395 -0.477068747 0.698868234 -0.180035362
42.033842000 12.318127650 -73.151543268 -54.566319432 -0.489566097 -0.503478419 0.699400923 -0.132939336
42.133998000 12.117793259 -73.356259162 -54.585781759 -0.487082999 -0.513446351 0.697872689 -0.109985030
42.234316000 11.917839112 -73.551833074 -54.595882665 -0.487569649 -0.519563874 0.694241358 -0.101775019
42.334629000 11.743077410 -73.763599520 -54.608149090 -0.486151526 -0.547553797 0.671531100 -0.113523191
42.434867000 11.589172283 -73.978923146 -54.586889716 -0.487108333 -0.544416479 0.674941996 -0.103872378
42.535128000 11.382320922 -74.188772429 -54.613924375 -0.479613698 -0.550904540 0.677668285 -0.085091622
42.635421000 11.181963854 -74.396395202 -54.676428479 -0.474251727 -0.543862717 0.689278716 -0.064757206
42.735763000 11.006313412 -74.601452442 -54.713443214 -0.476001929 -0.535868636 0.693762086 -0.070435337
42.836087000 10.812861846 -74.825170860 -54.764484625 -0.475011522 -0.537384843 0.692408866 -0.078431797
42.936376000 10.664900770 -75.047732827 -54.762272348 -0.480695950 -0.526351279 0.696093512 -0.085671216
43.036487000 10.470758030 -75.245560983 -54.711135984 -0.483119128 -0.518335612 0.699433472 -0.093364448
43.136341000 10.306389108 -75.416860569 -54.663548564 -0.478045798 -0.534619785 0.688138118 -0.110090105
43.235901000 10.165030625 -75.604188585 -54.649490660 -0.473519708 -0.539020763 0.686549922 -0.117834237
43.335375000 9.993279424 -75.819169492 -54.635981238 -0.470805520 -0.529389559 0.696433884 -0.114318427
43.434817000 9.819028995 -76.083334401 -54.582610407 -0.466957982 -0.530742906 0.698673333 -0.110080808
43.534332000 9.641130802 -76.250824855 -54.586975182 -0.457102729 -0.557532914 0.680938160 -0.128597701
43.633905000 9.479724358 -76.435401666 -54.513816570 -0.457132556 -0.559866318 0.677673902 -0.135416448
43.733590000 9.335720521 -76.630851701 -54.389885482 -0.456173069 -0.565489475 0.673382758 -0.136687399
43.833480000 9.154229025 -76.889308583 -54.372748967 -0.453077316 -0.564273555 0.676498077 -0.136625956
43.933771000 8.974779009 -77.124784448 -54.322780909 -0.447299147 -0.578729000 0.665848182 -0.147113615
44.034226000 8.792657795 -77.373597817 -54.243223786 -0.448077483 -0.569446690 0.674427266 -0.141791746
44.134649000 8.589472189 -77.580488098 -54.096569076 -0.448403867 -0.568261737 0.675456085 -0.140611690
44.234605000 8.405334500 -77.846603735 -53.959411264 -0.450819474 -0.558125657 0.683604518 -0.133949306
44.334415000 8.140721484 -78.081854429 -53.849952142 -0.449822091 -0.544377488 0.696674029 -0.126327097
44.434097000 7.926233105 -78.351754267 -53.739983889 -0.451929458 -0.523655290 0.713062896 -0.114394969
44.533793000 7.716398355 -78.617857488 -53.607432546 -0.458921208 -0.500480694 0.724687115 -0.117213417
44.633678000 7.536819457 -78.889344360 -53.498954962 -0.465407547 -0.490318417 0.725045063 -0.131504076
44.733707000 7.363541743 -79.097231483 -53.427329476 -0.474353147 -0.474120880 0.726570238 -0.149312333
44.833787000 7.109238284 -79.324827108 -53.322225846 -0.466476940 -0.492044383 0.724301801 -0.125213780
44.933890000 6.941557316 -79.530520341 -53.306049469 -0.463886000 -0.494015614 0.727567246 -0.106790706
45.034015000 6.705441503 -79.763178419 -53.154973592 -0.465771414 -0.498783706 0.724068137 -0.099985681
45.134339000 6.492849782 -79.972263565 -53.039756655 -0.467617000 -0.501342373 0.721582741 -0.096480645
45.234503000 6.299746536 -80.173396545 -52.924557345 -0.469154597 -0.507520860 0.716185888 -0.096924272
45.334713000 6.141262302 -80.394823674 -52.851105512 -0.471223598 -0.499710489 0.721113005 -0.090740195
45.434748000 5.937931515 -80.587286029 -52.746157903 -0.471744825 -0.501453026 0.719484853 -0.091341285
45.534582000 5.656788508 -80.742160701 -52.614317510 -0.467115831 -0.504827878 0.719734886 -0.094516178
45.634333000 5.474933483 -80.932152572 -52.538344688 -0.463950709 -0.504281737 0.722133766 -0.094723242
45.734132000 5.265976540 -81.175784459 -52.493149995 -0.459226980 -0.512928257 0.718154733 -0.101335888
45.833970000 5.063221474 -81.353966191 -52.295408235 -0.455793464 -0.528594981 0.707386638 -0.111551818
45.934065000 4.888251000 -81.534688312 -52.220601562 -0.449895227 -0.534211093 0.706185425 -0.116253768
46.034169000 4.674449907 -81.690048715 -52.154753849 -0.442219599 -0.539144104 0.705838595 -0.124729062
46.134502000 4.443799257 -81.886468814 -52.042924825 -0.440391790 -0.542118494 0.703475297 -0.131472871
46.234844000 4.245727087 -82.064715870 -51.952731392 -0.440361238 -0.539024423 0.703469856 -0.143752612
46.335030000 4.038838591 -82.265559736 -51.870677856 -0.444196177 -0.515170778 0.718639895 -0.144379805
46.435040000 3.801216108 -82.496268023 -51.723415599 -0.447807385 -0.487497719 0.739083918 -0.124777730
46.535062000 3.554936801 -82.704798947 -51.618495742 -0.446838233 -0.477978969 0.747693538 -0.113252250
46.634888000 3.326851413 -82.922332852 -51.577039485 -0.444416769 -0.468444856 0.755907955 -0.107964418
46.734527000 3.104983548 -83.157983642 -51.533060496 -0.441259181 -0.461093034 0.762725657 -0.104561571
46.834115000 2.904974913 -83.375991314 -51.496779979 -0.438359443 -0.454057544 0.768732986 -0.103548736
46.933856000 2.684373264 -83.658152898 -51.411675058 -0.432666742 -0.477352999 0.755424573 -0.119445881
47.033881000 2.453490481 -83.977304047 -51.295061141 -0.425051495 -0.503204269 0.741112749 -0.129879113
47.134109000 2.200627199 -84.263151327 -51.153751285 -0.417180693 -0.510231776 0.741692663 -0.124562423
47.234293000 1.961452597 -84.473533356 -51.034849517 -0.411842168 -0.507591267 0.746607350 -0.123752166
47.334488000 1.695127062 -84.744015567 -50.849903077 -0.408101191 -0.504687227 0.751099517 -0.120804534
47.434426000 1.451186251 -85.063091221 -50.688126142 -0.403204432 -0.506750157 0.753154306 -0.115711085
47.534350000 1.165752063 -85.383736456 -50.519769725 -0.399406981 -0.517771679 0.747202221 -0.118639758
47.634381000 0.929300578 -85.636314079 -50.301953789 -0.396405385 -0.525583984 0.743209067 -0.119434202
47.734575000 0.683857716 -85.912426564 -50.253064405 -0.391861493 -0.520104876 0.749378808 -0.119861961
47.834980000 0.437385119 -86.219196562 -50.216034802 -0.383278631 -0.508948617 0.762277095 -0.114028186
47.935351000 0.176961480 -86.526647662 -50.097244951 -0.376684376 -0.496563773 0.774658326 -0.106947552
48.035599000 -0.104341191 -86.819013570 -49.966692823 -0.376051838 -0.458913895 0.799943795 -0.089849746
48.136029000 -0.305162420 -87.173817244 -49.784621085 -0.378647004 -0.425300895 0.818617258 -0.074909148
48.236130000 -0.473322305 -87.514263226 -49.620960458 -0.382689766 -0.404521162 0.828058468 -0.065041109
48.336167000 -0.696575748 -87.798824773 -49.456829556 -0.383086279 -0.395195903 0.832607565 -0.061884928
48.436247000 -1.072537609 -87.989709862 -49.183252908 -0.381438707 -0.397555262 0.832131872 -0.063331461
48.536351000 -1.421736342 -88.218409337 -49.030763841 -0.379332504 -0.392300699 0.835187021 -0.068334855
48.636353000 -1.705828572 -88.475410335 -48.856337196 -0.379592147 -0.389331795 0.836372604 -0.069364422
48.736251000 -1.905069854 -88.753727145 -48.774605306 -0.377972847 -0.384296521 0.839990105 -0.062203980
48.836072000 -2.184702676 -89.096871586 -48.599601474 -0.378230234 -0.380174867 0.841306874 -0.067909534
48.935879000 -2.407704791 -89.247492388 -48.395498855 -0.377651344 -0.377152269 0.842168615 -0.076731034
49.035744000 -2.697854549 -89.510371800 -48.156523387 -0.370434614 -0.379266078 0.844036733 -0.080854384
49.135606000 -2.913522205 -89.714125118 -47.899750428 -0.362266482 -0.379141774 0.847443122 -0.082792912
49.235286000 -3.081883575 -89.936830616 -47.784592432 -0.342287041 -0.375084806 0.857435311 -0.083400585
49.334894000 -3.274933557 -90.155938576 -47.601390220 -0.318121678 -0.374133486 0.866878442 -0.085700053
49.434450000 -3.446704101 -90.395603633 -47.519907209 -0.292064801 -0.367725224 0.878309438 -0.089715342
49.534154000 -3.630673732 -90.821678668 -47.371570054 -0.271623078 -0.357094274 0.889081800 -0.090764179
49.634480000 -3.867370203 -91.029980876 -47.355665839 -0.245188158 -0.347601292 0.899709135 -0.097875337
49.735334000 -4.011701693 -91.264202722 -47.186407914 -0.229045135 -0.343502765 0.905334240 -0.099569525
49.836340000 -4.176944774 -91.572857271 -47.007588319 -0.216897322 -0.335274766 0.911082193 -0.102350479
49.936987000 -4.342576653 -91.792916400 -46.791348850 -0.207780254 -0.331297541 0.914216839 -0.106192641
50.037160000 -4.468233720 -92.051459824 -46.581083252 -0.202833070 -0.327959189 0.916420880 -0.107118097
50.137073000 -4.603812051 -92.271205034 -46.348786528 -0.198094077 -0.326608012 0.917893774 -0.107503319
50.236609000 -4.717554137 -92.517107580 -46.077935059 -0.193020687 -0.321922495 0.920909639 -0.105044558
50.335836000 -4.791977945 -92.771393629 -45.782389060 -0.191977419 -0.322949560 0.920711913 -0.105535901
50.435087000 -4.887372705 -92.959129845 -45.459038865 -0.189802996 -0.326277842 0.919819209 -0.107005678
50.534290000 -4.982662147 -93.225256570 -45.240218905 -0.186275036 -0.320728916 0.922872331 -0.103639923
50.633573000 -5.096033735 -93.407810934 -44.995445603 -0.181884841 -0.319406798 0.924076794 -0.104782063
50.733109000 -5.206088083 -93.651921700 -44.732790754 -0.178904622 -0.317803143 0.925286448 -0.104111896
50.832800000 -5.295313386 -93.843337923 -44.480442015 -0.173311228 -0.314447143 0.927484052 -0.104209144
50.932707000 -5.383391773 -94.002746612 -44.233445469 -0.167122266 -0.311787259 0.929367943 -0.105518151
51.032939000 -5.452809269 -94.179756559 -43.966103176 -0.161362584 -0.310711077 0.930938919 -0.103795336
51.133514000 -5.529087923 -94.306013033 -43.683100438 -0.150280610 -0.309522639 0.933212351 -0.103567280
51.233829000 -5.602435517 -94.468720939 -43.447430558 -0.135667485 -0.307169995 0.936115694 -0.104538682
51.334005000 -5.688875903 -94.621217917 -43.192835869 -0.122979652 -0.307145926 0.939498710 -0.088766883
51.434093000 -5.707257079 -94.731525823 -42.846479031 -0.118704396 -0.310518265 0.939047201 -0.087624352
51.534109000 -5.740647155 -94.849259863 -42.571612653 -0.115459429 -0.308487309 0.939047848 -0.098457300
51.633761000 -5.765256352 -94.952429140 -42.299927643 -0.115329577 -0.283430423 0.946731817 -0.100325229
51.733159000 -5.792002197 -95.076420426 -42.042561556 -0.116022951 -0.275041821 0.948946740 -0.101935057
51.832641000 -5.825148851 -95.197085739 -41.824718496 -0.115271300 -0.278152471 0.947943194 -0.103669820
51.932205000 -5.841590554 -95.331220655 -41.624063312 -0.116643785 -0.287903927 0.944502360 -0.106868364
52.031845000 -5.856212620 -95.370484283 -41.383120392 -0.118563136 -0.295981920 0.941584014 -0.108429844
52.131776000 -5.886822803 -95.477630500 -41.173477829 -0.121790218 -0.281478578 0.945801826 -0.106751388
52.231622000 -5.902167319 -95.549772946 -40.963471025 -0.122621874 -0.283056894 0.945304382 -0.106029696
52.331485000 -5.933143363 -95.587405893 -40.805961385 -0.117584494 -0.288422391 0.944280735 -0.106396916
52.431365000 -5.930790548 -95.706417535 -40.547988570 -0.109345027 -0.291642840 0.944660712 -0.102976975
52.531000000 -5.938857585 -95.754570014 -40.360895836 -0.095085060 -0.289591005 0.946921680 -0.102152893
52.630457000 -5.944094284 -95.793112607 -40.162314261 -0.077408816 -0.286964523 0.949455218 -0.100965474
52.729843000 -5.957609852 -95.854505635 -39.993119477 -0.060888138 -0.282386660 0.952037997 -0.100866552
52.829442000 -5.977485225 -95.908027383 -39.814880718 -0.045544932 -0.278750936 0.954255174 -0.098084852
52.929337000 -5.975752297 -95.921404528 -39.568467166 -0.027658815 -0.279060627 0.955804268 -0.088308314
53.029625000 -5.936186344 -95.989484941 -39.334323392 -0.014015913 -0.276211839 0.959414465 -0.055085915
53.130363000 -5.933641917 -96.055104775 -39.146418661 0.004444708 -0.270263066 0.962451961 -0.024986832
53.230914000 -5.826166020 -96.127153912 -38.904563380 0.016058849 -0.264454013 0.963743818 -0.031686617
53.331283000 -5.778255757 -96.227122636 -38.706064176 0.028217980 -0.249651032 0.965629198 -0.066621022
53.431397000 -5.697381604 -96.221426799 -38.473131278 0.038085654 -0.239218288 0.965946806 -0.090944276
53.531255000 -5.630909957 -96.293054729 -38.297092791 0.047691822 -0.240777324 0.964001064 -0.102243429
53.631072000 -5.563138530 -96.321218781 -38.119060446 0.053503310 -0.247382548 0.961571719 -0.106391263
53.731066000 -5.390301995 -96.228044490 -37.863924692 0.051968641 -0.244697485 0.962205151 -0.107627356
53.831039000 -5.283314036 -96.234217483 -37.654857845 0.051996728 -0.254749978 0.959642948 -0.107164370
53.931173000 -5.318706450 -96.353296571 -37.553081367 0.059114096 -0.252270766 0.959702333 -0.108795298
54.031587000 -5.236422309 -96.376788617 -37.383427004 0.056469281 -0.243790694 0.961982124 -0.109397035
54.132189000 -5.133119701 -96.417300233 -37.222734367 0.051514850 -0.222589987 0.967272183 -0.110383160
54.232617000 -5.168965339 -96.455841301 -37.115262163 0.054999268 -0.213450598 0.968745831 -0.113778020
54.332925000 -5.203071705 -96.418426546 -37.009848897 0.062676664 -0.220089240 0.966750040 -0.114134669
54.432997000 -5.109513709 -96.507789069 -36.887678518 0.069288070 -0.221430001 0.966552023 -0.109293668
54.532685000 -4.999433391 -96.414943615 -36.720730423 0.081805552 -0.222876668 0.967633187 -0.085556170
54.632050000 -4.947761409 -96.434248030 -36.609970833 0.097421992 -0.211347092 0.968492667 -0.088675340
54.731665000 -4.870663618 -96.441585728 -36.505702950 0.109887096 -0.188864666 0.970004292 -0.106520600
54.831600000 -4.793015665 -96.479234193 -36.417809438 0.122155753 -0.198613111 0.965839069 -0.113073855
54.931640000 -4.681313858 -96.454347398 -36.312692113 0.127656166 -0.214902391 0.961261565 -0.116176889
55.031715000 -4.559150330 -96.482199603 -36.194385785 0.130141810 -0.228510695 0.957796831 -0.116065510
55.131868000 -4.565310911 -96.554205319 -36.047443774 0.134253730 -0.221865905 0.957995354 -0.122459616
55.231799000 -4.419752719 -96.597109680 -36.019281395 0.128466299 -0.199957879 0.963290463 -0.124838855
55.331722000 -4.425904098 -96.685873980 -35.952176244 0.132039489 -0.188761667 0.965548012 -0.121043974
55.431773000 -4.337181080 -96.620646834 -35.982715338 0.129717343 -0.192356182 0.965145100 -0.121109232
55.531874000 -4.226346673 -96.725869659 -35.910396389 0.126526913 -0.191695737 0.966411187 -0.115295715
55.631805000 -4.194913365 -96.707447075 -35.935685394 0.128639504 -0.203145016 0.963497735 -0.117711918
55.731613000 -4.261354121 -96.637447329 -35.818836356 0.134454308 -0.204332527 0.965004839 -0.094529990
55.831420000 -4.220215021 -96.697052565 -35.790165308 0.136933064 -0.223132441 0.960074777 -0.098578254
55.931328000 -4.210379243 -96.661573153 -35.766366191 0.142603290 -0.254603103 0.951000679 -0.102172750
56.031388000 -4.153091587 -96.657144990 -35.890887437 0.143237894 -0.263527575 0.948453463 -0.102333526
56.131610000 -4.100655828 -96.716063768 -35.931522630 0.145209054 -0.266826826 0.947103200 -0.103505089
56.231848000 -3.922156524 -96.804015728 -35.986060425 0.139700372 -0.264332715 0.948378734 -0.105781844
56.332119000 -3.837556212 -96.843791669 -36.020407816 0.134682680 -0.265806677 0.947999422 -0.111823443
56.432579000 -3.786025502 -96.851226956 -36.034764429 0.137687812 -0.264542646 0.947607155 -0.114454948
56.532944000 -3.680737422 -96.863191586 -36.045723010 0.140317591 -0.261245068 0.948144475 -0.114385503
56.633213000 -3.600214900 -96.859196015 -36.056828217 0.145325513 -0.259916449 0.947686945 -0.114949509
56.733266000 -3.489878699 -96.841242727 -36.060396898 0.150513168 -0.257227598 0.947448690 -0.116278666
56.833210000 -3.362883351 -96.802616223 -36.058031283 0.157173116 -0.254742557 0.947092662 -0.115837519
56.933104000 -3.306991449 -96.778559640 -36.041026813 0.167757687 -0.253353736 0.945640547 -0.115901681
57.033014000 -3.238679104 -96.756388861 -36.047624954 0.175936709 -0.250527257 0.944643655 -0.118028528
57.132813000 -3.099837753 -96.726939404 -36.053709393 0.182441970 -0.247688815 0.944369724 -0.116322837
57.232484000 -2.992047432 -96.690733614 -36.074213040 0.190199184 -0.244652309 0.943577747 -0.116749965
57.332344000 -2.858092120 -96.635939524 -36.064411845 0.199134441 -0.241391433 0.942511678 -0.117249254
57.432174000 -2.752427240 -96.609958866 -36.067320403 0.206003559 -0.238463435 0.941608542 -0.118621570
57.532117000 -2.662470186 -96.533099107 -36.060559593 0.210298856 -0.238416557 0.940426199 -0.120542525
57.631948000 -2.576363581 -96.505958104 -36.062517241 0.213383313 -0.236297561 0.940065280 -0.122099522
57.731580000 -2.495926063 -96.395103000 -36.017434666 0.216643375 -0.238789635 0.938745286 -0.121665308
57.831107000 -2.405660325 -96.357628390 -36.019668310 0.218580064 -0.236508959 0.938617229 -0.123628337
57.930559000 -2.308104092 -96.311070039 -36.013534952 0.219800595 -0.235815304 0.938368503 -0.124673146
58.029978000 -2.199875407 -96.252841853 -35.995292693 0.219158958 -0.235641830 0.937761569 -0.130558491
58.129543000 -2.107414779 -96.140832759 -35.950929138 0.213496384 -0.244312035 0.930113693 -0.172102998
58.229213000 -2.017716542 -96.104791174 -35.995273427 0.204341881 -0.243996986 0.924501384 -0.209778594
58.329179000 -1.952553584 -96.019166827 -35.941420079 0.194455832 -0.248524424 0.922928252 -0.220512997
58.429478000 -1.902558934 -95.979605030 -35.915190888 0.186250343 -0.246406604 0.929200136 -0.202932754
58.529999000 -1.814306584 -95.931042680 -35.873502469 0.178725032 -0.242287422 0.939254660 -0.164787295
58.630392000 -1.777690941 -95.893110416 -35.850019296 0.169232537 -0.239756812 0.945142055 -0.143469562
58.730682000 -1.735216443 -95.838852357 -35.814456050 0.158825169 -0.239871913 0.948047175 -0.135803481
58.830783000 -1.504013170 -95.693869396 -35.795307886 0.144698059 -0.241061503 0.951580196 -0.124285774
58.930605000 -1.541121145 -95.780554347 -35.740389360 0.146939514 -0.234863259 0.952284439 -0.128071757
59.030143000 -1.602895741 -95.669629213 -35.743071787 0.145549317 -0.242707799 0.949583410 -0.134906149
59.129827000 -1.541624639 -95.776768882 -35.682003441 0.149412294 -0.239563719 0.949114239 -0.139525455
59.229538000 -1.468019504 -95.628110907 -35.713591916 0.144618603 -0.234435091 0.951311665 -0.138317620
59.329387000 -1.392007610 -95.541277286 -35.659026860 0.139832424 -0.232662862 0.951615733 -0.144022163
59.429461000 -1.330401299 -95.526445251 -35.646678273 0.133398339 -0.230202026 0.949569914 -0.165918322
59.529644000 -1.346214557 -95.550275643 -35.644956135 0.127864112 -0.224902858 0.947652534 -0.187147397
59.629799000 -1.333615681 -95.642256725 -35.480333173 0.122185408 -0.219664681 0.946024913 -0.204584989
59.730012000 -1.424996428 -95.619225864 -35.458957953 0.115431119 -0.217052424 0.939664708 -0.237895227
59.830184000 -1.404681137 -95.597499540 -35.397091433 0.106410941 -0.223154372 0.929474438 -0.273781129
59.930218000 -1.388218020 -95.588575909 -35.331118286 0.099419961 -0.228771939 0.925645541 -0.284533659
60.030393000 -1.380150407 -95.590353218 -35.289531259 0.095340618 -0.233491668 0.923718142 -0.288334185
60.131054000 -1.412259329 -95.561686408 -35.241187825 0.091607161 -0.237464915 0.924030487 -0.285282668
60.231923000 -1.456232771 -95.521101886 -35.195311513 0.088548208 -0.239975016 0.927751439 -0.271750758
60.333017000 -1.506104626 -95.506429585 -35.156217604 0.082814149 -0.242329500 0.931690142 -0.257627073
60.433953000 -1.565874638 -95.510939032 -35.123239840 0.074504546 -0.244450305 0.933062597 -0.253154717
60.534406000 -1.631788825 -95.529189100 -35.092349467 0.064278787 -0.246249226 0.935212040 -0.246186911
60.634320000 -1.718544715 -95.552808760 -35.058664874 0.053311257 -0.249412203 0.937183905 -0.237986957
60.733846000 -1.790420591 -95.525608721 -34.948590300 0.036975198 -0.255853715 0.943144910 -0.208924365
60.833166000 -1.836739922 -95.534800524 -34.821994993 0.019530567 -0.262169400 0.944003001 -0.199359216
60.932542000 -1.885506719 -95.625607359 -34.804300745 0.003341839 -0.261469124 0.941199119 -0.213932111
61.031960000 -1.952229726 -95.686862938 -34.763045619 -0.013045784 -0.263193068 0.939173296 -0.220256072
61.131780000 -2.030752184 -95.800948856 -34.732217432 -0.028916820 -0.267197868 0.945652999 -0.183056065
61.231818000 -2.118266446 -95.919137690 -34.719683190 -0.044081344 -0.270295588 0.948868070 -0.156992087
61.331958000 -2.311742302 -96.014699359 -34.623263279 -0.054500423 -0.277612120 0.947800234 -0.147091575
61.432062000 -2.306271998 -96.099579813 -34.595235951 -0.074684742 -0.279003191 0.948483889 -0.130221815
61.532096000 -2.422634608 -96.226363271 -34.562527402 -0.092112788 -0.281578455 0.949844245 -0.100123515
61.632243000 -2.565027992 -96.362810820 -34.528528498 -0.110855393 -0.276241826 0.951908682 -0.072604381
61.732414000 -2.633899549 -96.428034034 -34.458612860 -0.134556509 -0.270894059 0.951645570 -0.053681129
61.832577000 -2.675456803 -96.471918484 -34.395177447 -0.158841889 -0.264200226 0.950275619 -0.044087891
61.932813000 -2.717848701 -96.541963794 -34.361718526 -0.180316723 -0.261725183 0.947511845 -0.034743514
62.032987000 -2.746592870 -96.606128483 -34.349543676 -0.200653020 -0.261654934 0.943462075 -0.033976084
62.133068000 -2.729297960 -96.646369775 -34.339579033 -0.219210885 -0.268432098 0.936708338 -0.049681854
62.232883000 -2.708040930 -96.650346346 -34.319632705 -0.232905453 -0.286351802 0.927646319 -0.056833113
62.332706000 -2.702023478 -96.619951038 -34.334244135 -0.240526486 -0.296229411 0.921282342 -0.075059923
62.432526000 -2.593190952 -96.655708975 -34.344473111 -0.245697037 -0.311379688 0.910288827 -0.118532306
62.532284000 -2.501564201 -96.645620679 -34.348660396 -0.243234040 -0.317281742 0.906165841 -0.137960017
62.632031000 -2.459900640 -96.612345078 -34.376425076 -0.231946893 -0.317823782 0.905736880 -0.157573433
62.731680000 -2.322254148 -96.608356306 -34.362154943 -0.214860230 -0.316511374 0.907976939 -0.170978099
62.831420000 -2.171637107 -96.583365396 -34.363380630 -0.188261993 -0.314631665 0.912458825 -0.181612859
62.931303000 -2.097093652 -96.566863484 -34.351854450 -0.156458797 -0.313788540 0.918184510 -0.184376252
63.031438000 -2.003970684 -96.567514737 -34.339587708 -0.128700446 -0.310889009 0.925503053 -0.173862929
63.131971000 -1.938527886 -96.550661699 -34.335524559 -0.100404929 -0.308762321 0.928683112 -0.179255004
63.232469000 -1.890735517 -96.505264521 -34.329951853 -0.076412424 -0.305796554 0.928525025 -0.196190943
63.332982000 -1.828183459 -96.490912378 -34.345926473 -0.062135445 -0.302139660 0.929270098 -0.203243446
63.433644000 -1.772274980 -96.461299415 -34.335303643 -0.054396390 -0.300650342 0.931679322 -0.196530009
63.534166000 -1.798616944 -96.410705506 -34.333463464 -0.046974554 -0.302107255 0.933729958 -0.186206778
63.634332000 -1.736958985 -96.374549658 -34.317193686 -0.046438879 -0.305394141 0.935684898 -0.170504021
63.734304000 -1.656570771 -96.337073102 -34.291827022 -0.050747771 -0.302769536 0.937183495 -0.165657386
63.834110000 -1.643472821 -96.287338297 -34.285575631 -0.049890971 -0.302190874 0.938248034 -0.160879437
63.933889000 -1.598189371 -96.266054909 -34.204818411 -0.052172448 -0.298826523 0.939498409 -0.159133540
64.033608000 -1.612367239 -96.286115841 -34.382633463 -0.044128255 -0.288798621 0.943672962 -0.155336394
64.133383000 -1.529093503 -96.086253543 -34.377710157 -0.041459213 -0.290923912 0.945435963 -0.140695596
64.233067000 -1.591201752 -96.190561345 -34.434647140 -0.032806667 -0.280606056 0.949469973 -0.136714062
64.332879000 -1.552875781 -96.053261986 -34.511695483 -0.027292341 -0.278323450 0.948460761 -0.149041503
64.432654000 -1.433008830 -95.973621528 -34.553510653 -0.027236152 -0.272429508 0.948662806 -0.158364248
64.532558000 -1.371652051 -95.944334286 -34.568182654 -0.026233559 -0.268827325 0.950020695 -0.156538650
64.632741000 -1.292384826 -95.670725075 -34.414262775 -0.032388629 -0.277964431 0.946961084 -0.157960303
64.732995000 -1.419551946 -95.478618050 -34.144526640 -0.030111967 -0.290404197 0.942027909 -0.165354441
64.833110000 -1.430508979 -95.514640413 -34.218884617 -0.025433699 -0.284347808 0.942732500 -0.172496040
64.933047000 -1.329243579 -95.381599133 -34.187470209 -0.027587282 -0.277433484 0.936584920 -0.212316487
65.032861000 -1.052319983 -95.116372214 -34.013896173 -0.034430442 -0.284498944 0.929071097 -0.233884143
65.132463000 -1.059671748 -95.108631210 -34.036116116 -0.015156134 -0.289517377 0.930416150 -0.224222587
65.231803000 -1.033022899 -95.058790447 -34.013543926 0.003595731 -0.293334896 0.935013290 -0.199228151
65.331288000 -0.813522396 -94.979093358 -33.954750938 0.013218326 -0.292728820 0.938572217 -0.182256158
65.430920000 -1.046839406 -95.052839187 -34.028891840 0.049033752 -0.286522151 0.939650689 -0.180436501
65.530726000 -0.732935741 -95.078328548 -34.017437855 0.057917542 -0.280606279 0.942492966 -0.172083362
65.630980000 -0.554363935 -95.188531034 -33.958934099 0.067874196 -0.274401434 0.945077741 -0.164088422
65.731605000 -0.539408997 -95.019072677 -33.947217506 0.081989915 -0.269694538 0.945220275 -0.164624243
65.832157000 -0.804554149 -95.130256789 -34.003286399 0.104606639 -0.240990573 0.948968081 -0.174472276
65.932505000 -0.816261936 -95.113567498 -34.087492589 0.114308772 -0.225377527 0.951474231 -0.175599721
66.032607000 -0.748686213 -95.097358604 -34.100784873 0.116210662 -0.217787459 0.952625873 -0.177672875
66.132564000 -0.707980361 -95.078114081 -34.084806778 0.119960489 -0.229325148 0.943448058 -0.207184024
66.232220000 -0.684483930 -95.065559188 -34.090870350 0.124990200 -0.254755303 0.925266310 -0.251713012
66.331989000 -0.652061404 -95.045115667 -34.128578146 0.120907447 -0.269073373 0.914855541 -0.275717695
66.432160000 -0.612283401 -95.039011478 -34.171659810 0.105452685 -0.274394570 0.915162752 -0.275797913
66.532533000 -0.611929631 -95.009242867 -34.218682484 0.086300320 -0.280969043 0.914071153 -0.279432602
66.632743000 -0.600711037 -94.993730944 -34.268820650 0.072535081 -0.289166109 0.912634867 -0.279676997
66.732509000 -0.595455230 -94.965565627 -34.328460667 0.061068084 -0.295691658 0.917237331 -0.259832276
66.832165000 -0.603316444 -94.951243599 -34.395697147 0.049749638 -0.301974908 0.918861685 -0.249056886
66.931902000 -0.638202883 -94.914255510 -34.450809543 0.043593759 -0.308722374 0.917191914 -0.248090856
67.031565000 -0.678645342 -94.872045793 -34.521807583 0.039422052 -0.310212222 0.915258270 -0.254001140
67.131322000 -0.726277786 -94.831983810 -34.581888772 0.037768722 -0.310443054 0.914535877 -0.256559474
67.231175000 -0.797291829 -94.773130763 -34.649600463 0.037617289 -0.313482593 0.915297331 -0.250088784
67.331412000 -0.867585271 -94.730796524 -34.725647765 0.034525904 -0.315988775 0.918192846 -0.236391527
67.431833000 -0.959171323 -94.684611493 -34.775372443 0.023862757 -0.318476877 0.921369105 -0.221544624
67.532233000 -1.051444521 -94.639957685 -34.820014603 0.008300705 -0.323249586 0.923224344 -0.207599651
67.632435000 -1.135270577 -94.606108264 -34.859722127 -0.010841635 -0.327463684 0.924338131 -0.195573553
67.732546000 -1.207286922 -94.556993296 -34.883873629 -0.030752713 -0.332395189 0.923402007 -0.189463566
67.832464000 -1.276122487 -94.516249659 -34.918429685 -0.051049080 -0.337820961 0.918082626 -0.200985773
67.932232000 -1.343926784 -94.498046345 -34.947712198 -0.072942828 -0.342060253 0.910507782 -0.220566786
68.031968000 -1.241276076 -94.504065283 -34.980281519 -0.094530624 -0.342856483 0.908932543 -0.217612100
68.131650000 -1.183780222 -94.432715136 -35.071755466 -0.107596807 -0.342351159 0.911095121 -0.202791252
68.231168000 -1.194622788 -94.488775718 -35.175235318 -0.116575983 -0.336071120 0.913834517 -0.195889554
68.330841000 -1.104107883 -94.411075692 -35.042304208 -0.132362548 -0.340843401 0.911482607 -0.188428739
68.430864000 -1.085417261 -94.437704919 -35.002654723 -0.142617906 -0.340603964 0.911106097 -0.183124966
68.531314000 -1.115199488 -94.403262452 -35.047336029 -0.146778618 -0.342432627 0.911063684 -0.176518827
68.631987000 -1.149388726 -94.389921576 -35.017209750 -0.152988784 -0.343779111 0.910646869 -0.170682847
68.732866000 -1.134128897 -94.449495913 -35.047068652 -0.160699151 -0.340622358 0.912139733 -0.161719815
68.833637000 -1.150090755 -94.459054315 -35.082584923 -0.167422251 -0.341191283 0.912385936 -0.152020399
68.934202000 -1.226903823 -94.308727655 -35.041797092 -0.175330989 -0.350446211 0.909350284 -0.139744618
69.034452000 -1.315951559 -94.381203393 -35.053084743 -0.183808362 -0.352045599 0.906934525 -0.140528107
69.134367000 -1.658239272 -94.033445410 -34.972047682 -0.180191274 -0.387809710 0.890197277 -0.157109967
69.233905000 -1.649598902 -94.128095609 -34.986293977 -0.190700393 -0.387790286 0.888563821 -0.153968797
69.333379000 -1.854965631 -94.070325993 -35.079003415 -0.191404007 -0.387112761 0.890304997 -0.144448017
69.433062000 -1.958414669 -94.039954024 -35.124904812 -0.201345606 -0.382443520 0.892447376 -0.129362212
69.533072000 -2.179334032 -93.919312283 -35.064868248 -0.212954907 -0.387755507 0.888106889 -0.124747856
69.633241000 -2.311114096 -94.088804510 -35.308186826 -0.227615200 -0.364376561 0.893143277 -0.133101948
69.733390000 -2.557353767 -94.084854112 -35.378759302 -0.242245409 -0.356275070 0.889739711 -0.150826003
69.833872000 -2.682953981 -94.174053607 -35.471755212 -0.260027455 -0.348627788 0.887257456 -0.153683428
69.934236000 -3.090122111 -94.100196888 -35.584144977 -0.263921134 -0.356029227 0.884079416 -0.148298382
70.034341000 -3.135733231 -94.113344929 -35.650117366 -0.286498549 -0.351887573 0.878563795 -0.149061650
70.134252000 -3.214091671 -94.099127703 -35.676863856 -0.308135444 -0.347450358 0.872070964 -0.154347112
70.233784000 -3.256916923 -94.102413412 -35.711448814 -0.328287661 -0.345641249 0.866542489 -0.147862956
70.333188000 -3.320630409 -94.043244427 -35.745732137 -0.344499996 -0.349791303 0.860801322 -0.134115182
70.432823000 -3.336255810 -94.006053709 -35.779525741 -0.363461202 -0.349384687 0.853985821 -0.128586596
70.532789000 -3.473114263 -93.952836953 -35.825618519 -0.378463939 -0.349683169 0.847716258 -0.125951873
70.632916000 -3.530994073 -93.859920347 -35.854736996 -0.398155907 -0.349450262 0.838853001 -0.125227916
70.733087000 -3.491816377 -93.747578000 -35.817270310 -0.421744761 -0.349202200 0.827913693 -0.121441745
70.833186000 -3.539525354 -93.727307617 -35.862179766 -0.441712808 -0.348711137 0.818717919 -0.113979418
70.933261000 -3.646603402 -93.757578313 -35.956964266 -0.459987554 -0.343336589 0.812470651 -0.102092502
71.033489000 -3.730769469 -93.885620402 -36.111081985 -0.480225994 -0.333187336 0.806803468 -0.086240120
71.133793000 -4.257998771 -93.657474915 -35.739819509 -0.500359991 -0.358925411 0.782292002 -0.093976872
71.233998000 -4.391007478 -93.586915621 -35.862260790 -0.523693657 -0.359268660 0.767734528 -0.085174405
71.333980000 -4.504408069 -93.506816106 -35.973612963 -0.547109629 -0.362476667 0.751141221 -0.071194005
71.433606000 -4.626305431 -93.423544719 -36.080937948 -0.571140973 -0.367508758 0.731822852 -0.056308218
71.533005000 -4.762223386 -93.354712277 -36.184849849 -0.598130960 -0.368227480 0.710143737 -0.048412301
71.632226000 -4.901672968 -93.307784815 -36.301701541 -0.625042204 -0.369123556 0.686531628 -0.041765617
71.731833000 -5.044943966 -93.268130399 -36.443293707 -0.653277553 -0.364590311 0.662642923 -0.034737597
71.832127000 -5.192930490 -93.268085701 -36.585388349 0.682832941 0.357199429 -0.636696289 0.027669074
71.932870000 -5.334617804 -93.286913070 -36.747617343 0.711424090 0.363605958 -0.600303962 0.036078034
72.034068000 -5.470926456 -93.344719842 -36.956767129 0.739194222 0.365221194 -0.564206531 0.043317110
72.135058000 -5.602851823 -93.394459074 -37.166052622 0.766769906 0.351573794 -0.536118934 0.032191111
72.235103000 -5.729477494 -93.474122922 -37.399960555 0.793559473 0.339085477 -0.504891436 0.019210431
72.334597000 -5.874915177 -93.549726662 -37.634408326 0.819189044 0.326104282 -0.471538976 0.015372112
72.433871000 -6.019635320 -93.633905349 -37.850306266 0.840648923 0.325022508 -0.432448382 0.025654518
72.533465000 -6.131149013 -93.700715772 -38.084594330 0.859608977 0.314395981 -0.402227232 0.020995889
72.633491000 -6.248807114 -93.750478169 -38.310376868 0.875647564 0.312689545 -0.366674876 0.031876740
72.733811000 -6.360778404 -93.815944986 -38.522636969 0.888702319 0.312606218 -0.332123279 0.046686921
72.834095000 -6.429076325 -93.874732318 -38.785252471 0.900312378 0.298892826 -0.314342200 0.035912153
72.934220000 -6.492776661 -93.966731504 -38.895376367 0.909942083 0.293323616 -0.291086075 0.035150523
73.034050000 -6.507200249 -94.076538631 -39.025237743 0.916983805 0.287055175 -0.273889755 0.041526253
73.133902000 -6.602785238 -94.138842834 -39.181561594 0.922316539 0.277624900 -0.268448894 0.013849506
73.233641000 -6.748246399 -94.119628626 -39.282037141 0.926681932 0.270158224 -0.261228872 -0.005882753
73.333078000 -6.915436047 -94.009691268 -39.400797593 0.929065996 0.269456082 -0.253276652 -0.008985106
73.432542000 -7.018655187 -94.066533016 -39.577635340 0.930845841 0.270474325 -0.245467852 -0.010732789
73.532319000 -7.120891508 -94.131446834 -39.647036142 0.935219332 0.268017354 -0.231007167 -0.012930135
73.632408000 -7.254899737 -94.051916248 -39.769336858 0.939515917 0.266100642 -0.215628777 -0.002126159
73.732560000 -7.351003885 -94.119477189 -39.886576288 0.943692696 0.263797315 -0.199513181 -0.007040138
73.832612000 -7.422300204 -94.136043027 -40.029589370 0.947653576 0.262775760 -0.181383766 -0.001237003
73.932518000 -7.555231946 -94.099400091 -40.185727650 0.952492364 0.257116676 -0.163222234 -0.002795374
74.032246000 -7.536476349 -94.174998913 -40.326176101 0.956863112 0.247235415 -0.151221509 -0.020486325
74.132075000 -7.580924755 -94.192678671 -40.519341983 0.960871746 0.239412554 -0.136185861 -0.029334757
74.231765000 -7.690300328 -94.202510461 -40.649508270 0.965220925 0.225944957 -0.119476612 -0.054979834
74.331463000 -7.691983243 -94.221228203 -40.882251362 0.968593353 0.211547652 -0.108408221 -0.072953176
74.431321000 -7.774383984 -94.156395367 -41.139361786 0.972220398 0.202426218 -0.090116052 -0.075433555
74.531428000 -7.923704661 -93.982185231 -41.371764466 0.976284354 0.192282635 -0.069755174 -0.070925771
74.631637000 -8.071753235 -94.016399062 -41.517705743 0.979464565 0.183571089 -0.043813488 -0.070930952
74.731848000 -8.139058240 -94.098706540 -41.698167433 0.981467020 0.170870644 -0.023498392 -0.083507702
74.832196000 -8.212694088 -94.191319129 -41.856558784 0.982622453 0.151442920 -0.005054114 -0.107203604
74.932402000 -8.280616249 -94.117375831 -42.161686003 0.983501404 0.137318736 0.012349725 -0.117115487
75.032489000 -8.328292835 -94.028253865 -42.419725609 0.985263284 0.117260772 0.026269302 -0.121721389
75.132481000 -8.354031680 -93.955669475 -42.684126066 0.987293003 0.091231013 0.035199698 -0.125261368
75.232230000 -8.369130288 -93.873677600 -42.954720572 0.986757509 0.088420230 0.049060082 -0.126825033
75.331930000 -8.358105052 -93.807658415 -43.223524182 0.985759920 0.087853489 0.061217431 -0.129659445
75.431641000 -8.323969940 -93.743255406 -43.483192105 0.984156731 0.094023908 0.075474656 -0.129994654
75.531570000 -8.289658303 -93.679300727 -43.750212693 0.982705782 0.096246938 0.088238686 -0.131300447
75.631595000 -8.236140698 -93.619824944 -44.017803735 0.980985535 0.097687042 0.101600723 -0.133423817
75.731643000 -8.167247316 -93.560484060 -44.289188234 0.979330609 0.097061661 0.116232274 -0.134091952
75.831768000 -8.096192371 -93.497219436 -44.562322934 0.978119919 0.092517449 0.129442385 -0.134039600
75.931881000 -8.010884875 -93.452942316 -44.828602781 0.975972555 0.094810729 0.144467619 -0.132731326
76.031930000 -8.107902211 -93.285299781 -45.044932728 0.973905801 0.090891181 0.166208291 -0.124984353
76.132142000 -8.075695416 -93.511795201 -45.256074870 0.968547597 0.093713523 0.183768297 -0.139149349
76.232434000 -8.014661215 -93.427170294 -45.442468401 0.966181167 0.088985044 0.200456311 -0.135620357
76.332763000 -7.871650345 -93.428047289 -45.657062120 0.963633166 0.081874740 0.213221170 -0.138724118
76.432971000 -7.876157644 -93.459318556 -45.822211587 0.959137314 0.076806939 0.231536764 -0.143342363
76.532975000 -7.797749800 -93.425768730 -46.021188912 0.957270504 0.069081147 0.244427078 -0.138262000
76.632745000 -7.713365599 -93.315029223 -46.183690956 0.954776193 0.068710279 0.257519986 -0.131775476
76.732326000 -7.623361894 -93.259174216 -46.344260184 0.950439345 0.071695433 0.269829049 -0.136810455
76.831858000 -7.543227905 -93.162449176 -46.515948707 0.948651869 0.059763005 0.276994123 -0.140578345
76.931553000 -7.440289491 -93.109052056 -46.665938082 0.946937785 0.052505247 0.282673999 -0.143692173
77.031331000 -7.377124756 -92.994720646 -46.822465767 0.944601841 0.048132728 0.292865749 -0.140143696
77.131292000 -7.278855068 -92.928403518 -46.977608916 0.938777324 0.066791469 0.309031771 -0.136877315
77.231380000 -7.219664700 -92.873919375 -47.142905488 0.933472998 0.075077554 0.322850086 -0.136964757
77.331745000 -7.025050394 -92.614934195 -47.285789961 0.935314660 0.061769387 0.326034973 -0.122768994
77.432096000 -6.891592793 -92.479122405 -47.454304808 0.937743149 0.041319055 0.328073325 -0.106294006
77.532283000 -6.847623848 -92.433675869 -47.570998792 0.939460461 0.014169277 0.328767019 -0.095527589
77.632224000 -6.783957155 -92.426052647 -47.651170714 0.938806257 0.004705763 0.329182234 -0.101290299
77.732008000 -6.719327736 -92.343282967 -47.809443817 0.933379580 0.005338471 0.335129873 -0.128304438
77.831948000 -6.625310647 -92.275021330 -47.958337839 0.929174449 0.005330502 0.339907694 -0.145152297
77.931927000 -6.590690658 -92.156416733 -48.149347583 0.925484736 0.003712279 0.346993260 -0.151854863
78.031857000 -6.569014270 -92.017272981 -48.343515284 0.923839540 0.003523745 0.350608948 -0.153562536
78.131756000 -6.496129788 -91.865145942 -48.491312608 0.926792573 -0.028426538 0.335962201 -0.165459538
78.231571000 -6.635725239 -91.638781235 -49.005469786 0.920955095 -0.026161797 0.354349227 -0.159980930
78.331401000 -6.490949122 -91.524128177 -49.097652459 0.921475190 -0.006757542 0.357481140 -0.151805945
78.431270000 -6.355816047 -91.434320630 -49.121372813 0.922972415 0.002318622 0.354299706 -0.150293920
78.531332000 -6.300217195 -91.305158512 -49.272636350 0.922683866 0.003389792 0.355709209 -0.148707606
78.631631000 -6.257788124 -91.263011163 -49.396379955 0.922561041 0.005903806 0.355999752 -0.148695825
78.731960000 -6.163268756 -91.172399939 -49.538702810 0.925366599 0.008628453 0.359090543 -0.121145326
78.832085000 -6.025742593 -91.169014424 -49.670734855 0.926047391 0.012321888 0.358267045 -0.118021716
78.932095000 -5.969394321 -91.009090278 -49.801508729 0.925408035 0.015520742 0.356777868 -0.126840957
79.032069000 -5.881719554 -90.895488823 -49.932522428 0.927785291 0.006681219 0.353523072 -0.119127048
79.132151000 -5.716227748 -90.770311717 -50.272048499 0.927832998 0.000796548 0.357367130 -0.106836456
79.232130000 -5.600615262 -90.673702114 -50.459713868 0.927953907 0.000678980 0.358249204 -0.102755016
79.332105000 -5.528290283 -90.561208051 -50.602583984 0.929291722 -0.005658456 0.358344056 -0.089299583
79.432050000 -5.482538570 -90.413209523 -50.756370313 0.929528675 -0.017446080 0.355827775 -0.095177050
79.531881000 -5.413690156 -90.285625256 -50.981013683 0.927576062 -0.015790288 0.353986947 -0.118518177
79.631657000 -5.319391356 -90.198043448 -51.197029460 0.926223503 -0.012961364 0.351982074 -0.134352687
79.731451000 -5.214486624 -90.094195232 -51.406726695 0.928977957 -0.019628854 0.350156309 -0.118343665
79.831418000 -5.063849833 -89.944493625 -51.628218387 0.930170360 -0.023632020 0.348944914 -0.111633668
79.931659000 -4.953160516 -89.812615718 -51.846699364 0.928813867 -0.019696913 0.349330011 -0.122005636
80.032097000 -4.811763800 -89.627878944 -52.015371856 0.929960909 -0.017022857 0.346132665 -0.122780730
80.132584000 -4.658326288 -89.607753530 -52.219281271 0.933127452 -0.012970375 0.339507780 -0.117640958
80.232833000 -4.548204379 -89.463116305 -52.436497936 0.935373240 -0.008287741 0.334813970 -0.113612588
80.333103000 -4.265808579 -89.474752520 -52.540409943 0.942549683 0.004054427 0.315470636 -0.109826843
80.433423000 -4.280276847 -89.233168422 -52.833444916 0.942487854 -0.001795624 0.318401238 -0.101656638
80.533490000 -4.094473783 -89.089388312 -53.039841190 0.945411677 0.005020837 0.308462446 -0.104987963
80.633348000 -3.890937272 -88.965763748 -53.263196122 0.946162246 0.016455532 0.304107602 -0.109657587
80.733135000 -3.731956530 -88.816372936 -53.443903037 0.942505215 0.039159747 0.305989056 -0.128534551
80.833020000 -3.565957268 -88.640529941 -53.668953429 0.940901933 0.036842948 0.303785793 -0.145121819
80.932863000 -3.380446353 -88.545363379 -53.835062334 0.940763883 0.048349870 0.303116010 -0.144035728
81.032791000 -3.279539227 -88.347665231 -54.068044915 0.940238433 0.032190490 0.306659122 -0.144484065
81.132893000 -3.111640849 -88.195731881 -54.217771704 0.947989918 0.015281898 0.299172007 -0.107599673
81.232821000 -2.987859349 -88.026336714 -54.432969809 0.947767456 0.020652142 0.303696088 -0.095283914
81.332788000 -2.833310291 -87.815068771 -54.652555534 0.946489921 0.024316588 0.304977551 -0.102733769
81.432670000 -2.715248862 -87.623565314 -54.910696204 0.945115202 0.020103485 0.310731179 -0.098991109
81.532511000 -2.530472874 -87.319284395 -55.164488166 0.939280233 0.025839224 0.307038412 -0.151037715
81.632477000 -2.342419968 -87.070716590 -55.426066797 0.935750423 0.031451500 0.304571194 -0.174980962
81.732401000 -2.126861020 -86.883738688 -55.664249172 0.934361976 0.033732776 0.299498716 -0.190079766
81.832417000 -1.955561766 -86.679089457 -55.941610593 0.932845845 0.035198643 0.299051629 -0.197807503
81.932611000 -1.763063940 -86.503768116 -56.185600874 0.932332720 0.038870187 0.296371147 -0.203491896
82.032929000 -1.596816286 -86.282563639 -56.445720270 0.931543274 0.040324859 0.296613840 -0.206449181
82.133423000 -1.373783072 -86.191187782 -56.654333214 0.930247879 0.042672585 0.293322168 -0.216286937
82.233938000 -1.176664630 -86.054536539 -56.867730196 0.929375726 0.043864006 0.290763023 -0.223144736
82.334120000 -0.994640125 -85.872365884 -57.080544907 0.929395059 0.045449892 0.287075186 -0.227479601
82.434176000 -0.772184840 -85.751621483 -57.268875415 0.930131626 0.051740190 0.280559423 -0.231223962
82.534053000 -0.571788896 -85.503387664 -57.484058984 0.933245262 0.058435355 0.272080215 -0.227180428
82.633864000 -0.319514777 -85.396166570 -57.725586841 0.935007349 0.066275442 0.260300910 -0.231543214
82.733622000 -0.155119967 -85.248597013 -57.946886441 0.936501020 0.070239256 0.250783271 -0.234819158
82.833446000 0.059482152 -85.079409903 -58.165596687 0.937521649 0.075970039 0.241168447 -0.238996841
82.933513000 0.247545254 -84.984418063 -58.421410178 0.937067247 0.080624377 0.232682066 -0.247515131
83.033695000 0.414947262 -84.791699702 -58.617009560 0.937939418 0.086424826 0.226498259 -0.247989793
83.133937000 0.576298341 -84.649914904 -58.897066884 0.935919395 0.085054132 0.227087534 -0.255444579
83.233962000 0.718436966 -84.473210446 -59.145841315 0.934906981 0.085243682 0.227450423 -0.258744576
83.333694000 0.836886708 -84.271212780 -59.371528076 0.933976164 0.085557510 0.226995321 -0.262376756
83.433223000 0.965499291 -84.126811469 -59.601844078 0.931792975 0.084679194 0.229440982 -0.268231472
83.532948000 1.063589390 -83.894176303 -59.806556539 0.930001259 0.081783393 0.233297910 -0.271994889
83.632615000 1.190518526 -83.707996854 -60.023927807 0.928496498 0.081704360 0.234054915 -0.276472329
83.732226000 1.331755210 -83.625913155 -60.241238477 0.926071057 0.084545358 0.232862224 -0.284639535
83.831900000 1.439477293 -83.407815737 -60.445490136 0.924858190 0.085049241 0.232478506 -0.288717333
83.931781000 1.525243796 -83.161309420 -60.634384312 0.924332961 0.085892225 0.232672381 -0.289990802
84.031799000 1.566613523 -82.892618650 -60.810710222 0.924024239 0.086574783 0.233331295 -0.290242173
84.131941000 1.621417969 -82.719390341 -61.030880931 0.920833744 0.088293749 0.235307915 -0.298160384
84.232131000 1.730572902 -82.545598253 -61.209297254 0.918652723 0.085486058 0.235994495 -0.305083442
84.332466000 1.840408434 -82.360407889 -61.360480526 0.917895362 0.082110809 0.235941820 -0.308313765
84.432812000 1.865845861 -82.018661035 -61.520335178 0.919790817 0.084412480 0.247542583 -0.292544110
84.533051000 1.839265412 -81.689506423 -61.721772520 0.920585143 0.087605351 0.262360848 -0.275708328
84.633075000 1.919905688 -81.424219280 -61.917355250 0.918161137 0.079411509 0.253692954 -0.293792142
84.732750000 1.966815930 -81.076240746 -62.041243948 0.921015962 0.074097802 0.247605653 -0.291428471
84.832133000 2.033065519 -80.825403564 -62.243738528 0.919162251 0.082803039 0.242350993 -0.299249743
84.931427000 2.121073823 -80.544766005 -62.489720586 0.918067267 0.093125098 0.236110352 -0.304519474
85.030809000 2.211342522 -80.256107776 -62.743908374 0.920458306 0.095062081 0.224472507 -0.305502538
85.130466000 2.297530915 -79.963945853 -63.024108977 0.922248795 0.099646216 0.214860137 -0.305553455
85.230289000 2.391932057 -79.690263779 -63.295282983 0.923615885 0.104134898 0.207013578 -0.305344067
85.330374000 2.500217013 -79.437559558 -63.555996940 0.925065945 0.107726861 0.200928899 -0.303768824
85.430558000 2.604563292 -79.186370300 -63.810628493 0.929450006 0.109625064 0.196172644 -0.292611220
85.530680000 2.745570466 -78.955432190 -64.106739302 0.929678736 0.112655694 0.191367685 -0.293912488
85.630868000 2.856276061 -78.708938680 -64.394714317 0.931103032 0.113169889 0.187514965 -0.291681090
85.731178000 2.949510761 -78.218879407 -64.604055478 0.936906446 0.112569352 0.186032786 -0.273726607
85.831829000 3.100762456 -78.126775581 -64.900097837 0.935078887 0.113538059 0.181874568 -0.282237889
85.932506000 3.318130890 -78.161253783 -65.181656770 0.931847415 0.116275042 0.176191679 -0.295122011
86.032889000 3.418085823 -77.944647854 -65.416756592 0.933681772 0.115182143 0.176998931 -0.289210653
86.133025000 3.536129060 -77.713065639 -65.593254964 0.936693540 0.111012717 0.178257482 -0.280188615
86.232803000 3.700117805 -77.508523424 -65.815329461 0.934068062 0.110296273 0.176646203 -0.290082242
86.332613000 3.781346553 -77.354068731 -66.083169354 0.930310925 0.107792465 0.181999992 -0.299630389
86.432505000 3.861422691 -77.103244994 -66.282211566 0.929473432 0.105474504 0.187322567 -0.299774121
86.532323000 3.921120811 -76.811785318 -66.490567035 0.929474934 0.102146216 0.191420108 -0.298330084
86.632093000 4.005095493 -76.635519297 -66.701306720 0.925523167 0.099399271 0.191451141 -0.311244457
86.731896000 4.172615203 -76.329368991 -66.858986787 0.921162227 0.102249264 0.185373391 -0.326560785
86.831593000 4.312258031 -76.080455538 -67.001282101 0.920945842 0.102269367 0.181936927 -0.329087659
86.931157000 4.340108562 -75.899994185 -67.220313494 0.925426452 0.097457604 0.182203965 -0.317631251
87.030609000 4.440150532 -75.751893148 -67.369441418 0.929724867 0.100976890 0.173810523 -0.308553466
87.130088000 4.607014734 -75.682018038 -67.473287756 0.928413745 0.118615164 0.160101284 -0.313601562
87.229648000 4.556136054 -75.272621016 -67.599465523 0.929333920 0.130121385 0.152240982 -0.310208919
87.329583000 4.579980546 -75.099512108 -67.775160854 0.932792772 0.129634067 0.133121726 -0.308822375
87.429784000 4.524566235 -74.922109161 -67.936402772 0.937948848 0.132487333 0.118343298 -0.297815261
87.529952000 4.603533822 -74.679241086 -67.959212075 0.942982553 0.142556540 0.092936298 -0.286049613
87.629964000 4.690068142 -74.496163109 -68.048666976 0.945155225 0.156803715 0.068091791 -0.278312240
87.729944000 4.773015171 -74.294984440 -68.106957888 0.946062311 0.174609170 0.042029410 -0.269650275
87.829989000 4.783467573 -74.094542490 -68.214554791 0.944945279 0.190192355 0.020035773 -0.265525620
87.930237000 4.905308471 -73.950116055 -68.353728626 0.942531384 0.206548803 -0.005355407 -0.262570948
88.030521000 5.002919460 -73.778302581 -68.505567851 0.941652436 0.219934170 -0.026920500 -0.253367201
88.130883000 5.018657769 -73.612667269 -68.673490152 0.941320072 0.229565713 -0.039487820 -0.244247453
88.231232000 5.018037810 -73.447418644 -68.846120142 0.939451360 0.236458861 -0.046987469 -0.243537527
88.331420000 4.966802507 -73.343892847 -69.033048072 0.936015072 0.243321382 -0.049876973 -0.249364749
88.431333000 4.865213097 -73.348304422 -69.198069199 0.932700638 0.240679978 -0.048955285 -0.264094772
88.531060000 4.770624267 -73.336394179 -69.391828706 0.930228474 0.238188596 -0.046610934 -0.275260968
88.630574000 4.703946246 -73.284936735 -69.517060744 0.928506225 0.237850825 -0.037604820 -0.282646513
88.730199000 4.688572726 -73.096410600 -69.753456388 0.926443124 0.243101211 -0.037198616 -0.284993339
88.829941000 4.664604091 -73.273167574 -69.906372813 0.922034722 0.244104938 -0.033317508 -0.298587833
88.929723000 4.592589131 -73.216054659 -70.066182807 0.913824308 0.263125647 -0.031832616 -0.307695811
89.029637000 4.439558017 -73.042717268 -70.230418985 0.909496659 0.281869035 -0.030308676 -0.304051079
89.129779000 4.704059843 -72.858165341 -70.743592844 0.903001551 0.291536223 -0.059196215 -0.309984900
89.229916000 4.610114146 -72.794357631 -70.933783044 0.903173022 0.286883037 -0.078101076 -0.309639851
89.330169000 4.533640795 -72.691249186 -71.102147657 0.904963385 0.280760118 -0.098766472 -0.304072708
89.430420000 4.457906597 -72.501790255 -71.199665109 0.906249085 0.280840861 -0.111672858 -0.295584472
89.530841000 4.459701810 -72.298900393 -71.320136104 0.908006221 0.285317134 -0.121069547 -0.281888278
89.631258000 4.419467254 -72.098520452 -71.455258538 0.906912399 0.290071618 -0.129650296 -0.276693255
89.731503000 4.366148818 -71.910344197 -71.563644534 0.907579040 0.294452747 -0.136605908 -0.266339429
89.831582000 4.295333553 -71.766284500 -71.721119455 0.907927815 0.299485222 -0.140535491 -0.257343080
89.931560000 4.282319835 -71.588058626 -71.862877983 0.906183298 0.307448986 -0.145895352 -0.251040830
90.031389000 4.219720090 -71.473053072 -72.057308409 0.902854828 0.317161727 -0.145054391 -0.251437511
90.131199000 4.158530261 -71.318866537 -72.240256123 0.904979718 0.315101923 -0.149083324 -0.243919350
90.230862000 4.086996594 -71.177808220 -72.427232097 0.906782234 0.315023624 -0.151760936 -0.235530708
90.330609000 4.006651706 -71.045610044 -72.621324276 0.907197919 0.314596433 -0.155094808 -0.232307170
90.430597000 3.910144552 -70.918144222 -72.829833446 0.908078242 0.316321049 -0.155409128 -0.226236386
90.530782000 3.815541773 -70.838088368 -73.066124500 0.909374746 0.323813691 -0.148175066 -0.215003290
90.631055000 3.701574044 -70.716360479 -73.273701738 0.910647232 0.322962635 -0.147646560 -0.211227954
90.731342000 3.572793479 -70.628646479 -73.518433347 0.911723756 0.321953173 -0.145760977 -0.209427039
90.831612000 3.421038296 -70.495609306 -73.741288302 0.913231929 0.321191548 -0.142879009 -0.205983061
90.931747000 3.275930091 -70.401396437 -73.998164371 0.915390233 0.322585178 -0.136250285 -0.198583442
91.031628000 3.112297650 -70.227768255 -74.227625673 0.918651623 0.325473255 -0.127408860 -0.184155743
91.131553000 2.927027228 -70.057032690 -74.471273136 0.915477441 0.318764475 -0.133880042 -0.205830997
91.231462000 2.758236093 -69.896239209 -74.731332711 0.915990756 0.316410383 -0.132823911 -0.207853826
91.331431000 2.570670317 -69.730065891 -74.994923907 0.916547051 0.316091929 -0.130576232 -0.207309534
91.431387000 2.384505854 -69.585284593 -75.266994823 0.920505923 0.318178660 -0.122938804 -0.190570819
91.531446000 2.165602688 -69.381776482 -75.552958153 0.917907362 0.321143781 -0.122788047 -0.198080393
91.631572000 1.923015555 -69.158244494 -75.840224767 0.911209968 0.315927636 -0.133654974 -0.228084350
91.731752000 1.687380835 -68.937676051 -76.122791952 0.904940452 0.312723899 -0.141983462 -0.251251344
91.831926000 1.444548839 -68.700546437 -76.404890933 0.896958715 0.306549660 -0.152674558 -0.279611960
91.932083000 1.200459608 -68.481395731 -76.688502125 0.892060562 0.304635192 -0.157756285 -0.294173942
92.032146000 0.978097124 -68.229555865 -76.958935071 0.889096684 0.303884465 -0.161667847 -0.301703208
92.132088000 0.752853138 -67.992266883 -77.209833440 0.887720061 0.304704244 -0.162534900 -0.304451676
92.231751000 0.553398319 -67.738099924 -77.449086861 0.886102979 0.305860818 -0.165135154 -0.306595908
92.331582000 0.319290954 -67.508683435 -77.683472009 0.885141000 0.307056947 -0.163818380 -0.308876966
92.431761000 0.135478180 -67.283385761 -77.915881937 0.883744644 0.307532327 -0.165438767 -0.311527345
92.531941000 -0.130757980 -66.964946835 -78.077254904 0.885479275 0.308500043 -0.162961382 -0.306916543
92.632104000 -0.365905647 -66.692641137 -78.303080458 0.885547371 0.308821862 -0.163252459 -0.306240993
92.732407000 -0.609616215 -66.453558663 -78.523459567 0.885888096 0.307657567 -0.162507989 -0.306822843
92.832664000 -0.801282346 -66.170981577 -78.725935853 0.885657066 0.310811362 -0.163948055 -0.303527419
92.932618000 -1.001180073 -65.918127227 -78.958444801 0.883837288 0.314152454 -0.169709965 -0.302222453
93.032436000 -1.167259487 -65.686887226 -79.190471152 0.881083433 0.319014998 -0.174879829 -0.302222535
93.132350000 -1.383497603 -65.449959533 -79.407291429 0.881261006 0.319679006 -0.178202245 -0.299045702
93.232239000 -1.548395557 -65.277443718 -79.637397307 0.879190620 0.323728644 -0.181885502 -0.298565376
93.332206000 -1.751156820 -65.087530571 -79.862070121 0.878574528 0.323760986 -0.184929097 -0.298474205
93.432354000 -1.931741693 -64.873209115 -80.086414675 0.880180706 0.327899492 -0.183964592 -0.289691003
93.532570000 -2.147634721 -64.697227197 -80.314779090 0.882213984 0.326451739 -0.182569563 -0.286000181
93.632638000 -2.356239435 -64.484324407 -80.558974515 0.880056657 0.326060746 -0.185354613 -0.291253046
93.732454000 -2.547252701 -64.336009865 -80.802946963 0.879268372 0.325680997 -0.186895407 -0.293068465
93.832291000 -2.722629200 -64.156657627 -81.082330788 0.877792907 0.326576569 -0.191732439 -0.293370124
93.932015000 -2.891270900 -64.007087042 -81.352607915 0.872090753 0.338993402 -0.190731627 -0.296921939
94.031860000 -3.033430253 -63.804999165 -81.615141281 0.866829564 0.348758848 -0.189306610 -0.301888689
94.132077000 -3.229849295 -63.646770059 -81.849563990 0.871135755 0.338415797 -0.198391865 -0.295360649
94.232085000 -3.442452037 -63.532825228 -82.086908050 0.873416124 0.331397855 -0.203081514 -0.293389903
94.332160000 -3.652744124 -63.324012629 -82.288116004 0.874934908 0.331622099 -0.204976337 -0.287228814
94.432203000 -3.859430849 -63.154832251 -82.482774698 0.876862200 0.329112026 -0.202657928 -0.285880605
94.532248000 -4.041153077 -63.005920312 -82.689896200 0.876896569 0.327750498 -0.203097049 -0.287025445
94.632071000 -4.260571176 -62.872077046 -82.858670240 0.876957656 0.327914374 -0.201336059 -0.287890993
94.731716000 -4.473925711 -62.701421950 -83.023004182 0.876892557 0.328132617 -0.201402554 -0.287794094
94.831288000 -4.682785896 -62.556642956 -83.186863033 0.876474411 0.328673519 -0.202769766 -0.287490428
94.930804000 -4.853759998 -62.451785436 -83.375184828 0.874208356 0.328567531 -0.206385187 -0.291904578
95.030379000 -5.039905321 -62.313125504 -83.546100988 0.872422991 0.328799839 -0.210540370 -0.294009429
95.130205000 -5.226204798 -62.156061548 -83.708113993 0.870390576 0.329563007 -0.214766251 -0.296114718
95.230076000 -5.328803375 -62.016670224 -83.891811980 0.867042511 0.329816008 -0.222761586 -0.299726478
95.330044000 -5.539299286 -61.875553076 -84.018205926 0.866179016 0.329192539 -0.224778071 -0.301398412
95.430114000 -5.672829302 -61.756429017 -84.189534228 0.863403833 0.328538826 -0.229860267 -0.306203066
95.530202000 -5.845656412 -61.618482367 -84.334073146 0.861684229 0.328825720 -0.232949924 -0.308396285
95.630156000 -5.937208997 -61.532122155 -84.508998769 0.858215397 0.326984721 -0.239332101 -0.315067405
95.730076000 -6.117539572 -61.395404140 -84.649606784 0.855742243 0.326959370 -0.243448310 -0.318646676
95.830047000 -6.212610484 -61.301882974 -84.840315594 0.853095999 0.324950333 -0.249276236 -0.323258187
95.930077000 -6.413992433 -61.125351187 -84.923411690 0.859105594 0.338171357 -0.242146921 -0.298232426
96.030038000 -6.625820640 -61.000137480 -85.050049333 0.861901628 0.339637303 -0.240978860 -0.289311725
96.130200000 -6.860679366 -60.885834774 -85.221450417 0.862998179 0.346480507 -0.237473001 -0.280699083
96.230441000 -7.102994467 -60.717388542 -85.309830514 0.861059466 0.346031032 -0.241643027 -0.283633158
96.330696000 -7.290348077 -60.569047059 -85.484172574 0.851417216 0.340797954 -0.254670756 -0.306738139
96.430791000 -7.613378772 -60.376228080 -85.541757436 0.845760073 0.338024131 -0.261166290 -0.319721370
96.530670000 -7.895838646 -60.214469015 -85.642558321 0.841281024 0.337930417 -0.265879457 -0.327654371
96.630683000 -8.026076752 -59.977325516 -85.748477252 0.835542058 0.343707394 -0.275743037 -0.328177503
96.730930000 -8.243079638 -59.783236738 -85.833186161 0.832582699 0.347975076 -0.281229662 -0.326541381
96.831320000 -8.456668507 -59.578969286 -85.927052423 0.829318248 0.353474233 -0.286548308 -0.324310465
96.931696000 -8.650845483 -59.371781067 -86.046603001 0.824725344 0.357862865 -0.294200802 -0.324358083
97.031932000 -8.887557894 -59.201722501 -86.154811473 0.821445778 0.361916406 -0.298637078 -0.324128439
97.132136000 -9.095021481 -59.039396950 -86.299289728 0.816739987 0.366143660 -0.303943393 -0.326332696
97.232232000 -9.326115644 -58.869593473 -86.418889820 0.813504263 0.370756717 -0.307744263 -0.325643578
97.332448000 -9.512068971 -58.742509545 -86.543174592 0.808900039 0.373678591 -0.313128993 -0.328626340
97.432706000 -9.729164901 -58.636904560 -86.667852722 0.805791870 0.374803691 -0.316681863 -0.331563347
97.533003000 -9.854165116 -58.512829767 -86.776995125 0.799599544 0.381333758 -0.324122886 -0.331917895
97.633219000 -10.076652021 -58.440903830 -86.889988012 0.797026595 0.383170746 -0.325427396 -0.334702548
97.733375000 -10.065080365 -58.387229380 -87.109917508 0.779300886 0.398950716 -0.340217087 -0.343192060
97.833522000 -10.322009299 -58.210925601 -87.190158920 0.779051523 0.401563009 -0.344838740 -0.336023985
97.933728000 -10.585398319 -58.119699797 -87.246312648 0.780141414 0.400848145 -0.346187346 -0.332948135
98.033990000 -10.638934874 -58.089341864 -87.389495691 0.771281958 0.421297485 -0.350192502 -0.324033612
98.134253000 -10.901620040 -58.011000469 -87.564215210 0.771961442 0.423484797 -0.351234452 -0.318387371
98.234326000 -10.962552131 -57.871142044 -87.815969089 0.771039331 0.428261024 -0.356410339 -0.308322098
98.334267000 -11.130557657 -57.739889470 -88.011543416 0.771039716 0.432260358 -0.360270708 -0.298083471
98.433975000 -11.327066536 -57.582559856 -88.130023126 0.768666061 0.431191356 -0.367961134 -0.296363131
98.533596000 -11.534548278 -57.472984247 -88.326681177 0.761400276 0.422616038 -0.381787687 -0.309682848
98.633219000 -11.735552656 -57.394985726 -88.559992342 0.756587164 0.418843844 -0.390114434 -0.316158862
98.732848000 -11.874701448 -57.313820261 -88.751944211 0.754039634 0.418305837 -0.397246506 -0.314069532
98.832610000 -12.207752282 -57.232054529 -88.868989743 0.751675141 0.425685682 -0.395078610 -0.312552516
98.932445000 -12.396563898 -57.126157684 -89.042073167 0.748439349 0.416487260 -0.408886017 -0.314943055
99.032312000 -12.518570287 -57.081425799 -89.339193629 0.738926158 0.406600257 -0.424433470 -0.329424641
99.132332000 -12.790788221 -56.954910717 -89.447373391 0.744197561 0.400102402 -0.434001578 -0.312619079
99.232095000 -12.988294024 -56.953952742 -89.627563936 0.751006943 0.390117818 -0.443760083 -0.294743360
99.331871000 -13.273967975 -56.866362176 -89.775003192 0.749377404 0.388913440 -0.449845204 -0.291237249
99.431727000 -13.619571556 -56.691633085 -89.762974354 0.742446935 0.387861649 -0.455024306 -0.302140316
99.531741000 -13.928627100 -56.648457500 -89.921080302 0.734998246 0.367320562 -0.473039877 -0.317940967
99.631714000 -14.250839297 -56.485324169 -89.934916298 0.722287102 0.387836717 -0.457922191 -0.343789601
99.731636000 -14.511439610 -56.324547040 -90.012722514 0.713232965 0.397081981 -0.453687476 -0.357480505
99.831624000 -14.775603795 -56.165703925 -90.081628718 0.707369076 0.401233350 -0.454053455 -0.363972869
99.931617000 -15.048658969 -56.020353649 -90.151161412 0.702933506 0.403877840 -0.455867899 -0.367357640
100.031622000 -15.291398430 -55.885687637 -90.224297106 0.701738303 0.408661663 -0.456382908 -0.363694434
100.131811000 -15.562084975 -55.749484275 -90.307986280 0.695450429 0.410185182 -0.461145946 -0.368023414
100.232105000 -15.902787335 -55.626735010 -90.304086432 0.693653418 0.411756281 -0.463207740 -0.367069870
100.332387000 -16.181771903 -55.482158981 -90.353567026 0.689024822 0.416043241 -0.467897270 -0.364999946
100.432615000 -16.489982506 -55.349849378 -90.407753999 0.681301942 0.414149652 -0.477010226 -0.369822895
100.532771000 -16.766353420 -55.231287856 -90.437575561 0.674354605 0.416990644 -0.484121478 -0.370123038
100.633042000 -17.028075947 -55.105730710 -90.500385404 0.665502843 0.421288178 -0.491869446 -0.371061566
100.733187000 -17.314757041 -55.044316964 -90.544983865 0.657808335 0.421195487 -0.499132389 -0.375165849
100.833235000 -17.583382836 -54.961939189 -90.621536351 0.649502499 0.424811899 -0.505912523 -0.376475594
100.933322000 -17.692172955 -54.910352769 -90.710789481 0.636551008 0.425021561 -0.519121975 -0.380357543
101.033436000 -18.088698090 -54.919077667 -90.705181060 0.638825595 0.419641319 -0.518087988 -0.383911264
101.133526000 -18.497484451 -54.857942288 -90.725903089 0.639016769 0.419527499 -0.519014780 -0.382462946
101.233407000 -18.855715152 -54.868990818 -90.733736083 0.639537631 0.419324820 -0.518768339 -0.382148826
101.333368000 -19.216588194 -54.870313010 -90.749424865 0.640483877 0.420355522 -0.518019289 -0.380444023
101.433267000 -19.476424040 -54.861313704 -90.762473334 0.639787197 0.423822900 -0.515510756 -0.381176012
101.533065000 -19.541952518 -54.798667338 -90.775810523 0.637648611 0.432333539 -0.517113809 -0.372941375
101.632848000 -19.787840101 -54.804816720 -90.766818992 0.639938263 0.438271249 -0.515288192 -0.364520795
101.732961000 -20.064635054 -54.867536858 -90.718862994 0.643192071 0.443177724 -0.510753506 -0.359205123
101.833072000 -20.340687425 -54.768390548 -90.671607999 0.639164000 0.445355099 -0.515432979 -0.357011290
101.933100000 -20.654262253 -54.706384209 -90.660671472 0.635508719 0.443655959 -0.524016533 -0.353135572
102.033146000 -20.883337166 -54.600821001 -90.685597585 0.628854018 0.446316611 -0.531560126 -0.350411101
102.133238000 -21.123809373 -54.456514745 -90.668548607 0.624712675 0.447764148 -0.542174214 -0.339541549
102.233144000 -21.412399255 -54.384527377 -90.675058095 0.620660724 0.463582309 -0.536416381 -0.334856947
102.333001000 -21.692875052 -54.228224599 -90.701971296 0.613522426 0.471430002 -0.540880542 -0.329836663
102.433044000 -22.002757960 -54.138768784 -90.663845532 0.621332846 0.476820208 -0.544829686 -0.299580703
102.533158000 -22.278302505 -54.113659690 -90.732386101 0.621050932 0.483266845 -0.546429908 -0.286641328
102.633440000 -22.602728741 -54.129003895 -90.692453702 0.614596018 0.473971153 -0.556386609 -0.296744033
102.733691000 -22.842058860 -54.105269326 -90.793660758 0.599790098 0.460007779 -0.577462119 -0.308516097
102.833527000 -23.040899242 -54.123308560 -90.874240107 -0.598832796 -0.444730839 0.600599830 0.287912501
102.933096000 -23.259501444 -53.979931397 -90.868993643 -0.600693259 -0.456464642 0.607950347 0.247394450
103.032751000 -23.553253382 -54.082085713 -90.825250112 0.600180035 0.470220008 -0.596582248 -0.250532813
103.132852000 -23.981753925 -54.134256009 -90.855316313 0.597175943 0.479380973 -0.590143871 -0.255548404
103.232940000 -24.248632748 -54.229750928 -91.019192463 0.587427516 0.498024471 -0.570423382 -0.285513056
103.333081000 -24.607957225 -54.238538728 -91.074725285 0.577213268 0.502193191 -0.564114463 -0.310486256
103.433341000 -25.065540605 -54.275778153 -91.082876858 -0.566289670 -0.486381599 0.573505732 0.337402023
103.533587000 -25.501599141 -54.368099544 -91.073461097 0.576601469 0.498340574 -0.557940136 -0.328466471
103.633654000 -25.937913415 -54.502830424 -91.171064608 0.588271639 0.507319730 -0.544846169 -0.315762287
103.733808000 -26.314500903 -54.629444823 -91.221395815 0.573109813 0.479157442 -0.566952277 -0.347157606
103.834086000 -26.775288096 -54.669190675 -91.234636574 -0.565086131 -0.468653817 0.578420872 0.355626995
103.934240000 -27.304479810 -54.830998751 -91.224995693 -0.561743326 -0.465134417 0.581674073 0.360207832
104.034423000 -27.817968747 -55.003844884 -91.239712348 -0.558897717 -0.464686612 0.583145097 0.362824325
104.134512000 -28.219695274 -55.053122963 -91.221247905 -0.558074050 -0.464395450 0.585907002 0.360004452
104.234503000 -28.683778215 -55.024745704 -91.081963772 -0.552346210 -0.473569356 0.581801922 0.363527513
104.334572000 -29.188098630 -55.153756166 -91.117512817 -0.549126892 -0.474564091 0.584169695 0.363310264
104.435012000 -29.817611687 -55.334113441 -91.168856058 -0.547679969 -0.477670706 0.585636833 0.359035999
104.535460000 -30.304538433 -55.496908998 -91.156355506 -0.548941365 -0.478876463 0.584043583 0.358097479
104.635775000 -30.523174059 -55.726083302 -91.275364268 -0.546083693 -0.474778172 0.583459234 0.368718877
104.735779000 -30.620337392 -55.889588599 -91.390742746 -0.544185941 -0.465436940 0.585467687 0.380075919
104.835383000 -31.001260382 -56.027176650 -91.451650707 -0.542755733 -0.456552113 0.594488758 0.378892464
104.934689000 -31.241648148 -56.029797108 -91.366933148 -0.554403246 -0.471063162 0.582517003 0.362505834
105.033853000 -31.593140883 -56.087203823 -91.373986867 -0.566138899 -0.452389058 0.604683219 0.330437727
105.133157000 -31.874463673 -56.199188960 -91.355639667 -0.573237947 -0.410805997 0.640563596 0.303833784
105.232515000 -32.313020380 -56.130678817 -91.508276433 -0.562183531 -0.412036070 0.645421853 0.312420528
105.332227000 -32.557245932 -56.255478614 -91.351365791 -0.551915942 -0.432498955 0.615489483 0.359869619
105.432350000 -32.885864235 -56.309832187 -91.333787031 -0.544633091 -0.438797181 0.602663956 0.384223875
105.532463000 -33.203187217 -56.346973735 -91.307267247 -0.542279389 -0.439211456 0.596405740 0.396644114
105.632527000 -33.515604324 -56.407329497 -91.305827308 -0.541161993 -0.436416463 0.593945350 0.404862063
105.732518000 -33.811588468 -56.406038051 -91.204616359 -0.541738245 -0.435583692 0.591579186 0.408436761
105.832486000 -34.105156687 -56.423479255 -91.102328993 -0.542635822 -0.434533287 0.589107087 0.411922356
105.932417000 -34.459918817 -56.431287465 -91.022750172 -0.549446492 -0.443116797 0.582043259 0.403709923
106.032410000 -34.794852841 -56.440522457 -90.958399085 0.570088715 0.479402652 -0.552411401 -0.374183911
106.132656000 -35.120606740 -56.473677653 -90.889015715 0.569623955 0.478404019 -0.553605230 -0.374405387
106.233086000 -35.449664347 -56.506970454 -90.811549139 -0.562723170 -0.466254780 0.564374416 0.383966969
106.333315000 -35.775484367 -56.571333963 -90.769174493 0.570593670 0.480462252 -0.551671040 -0.373146020
106.433297000 -36.046941653 -56.660460630 -90.781759963 0.575449020 0.478397308 -0.551880441 -0.367997854
106.533229000 -36.441743112 -56.703270162 -90.691316424 -0.552058612 -0.443372411 0.581324468 0.400891578
106.633228000 -36.832912177 -56.754164845 -90.617083026 -0.539271787 -0.427095572 0.594683333 0.416085383
106.733235000 -37.240632807 -56.781942161 -90.569839826 -0.530470254 -0.420056547 0.602252873 0.423609825
106.833269000 -37.601789808 -56.887538144 -90.366850231 -0.530649641 -0.417076071 0.602216303 0.426373115
106.933338000 -37.976741710 -56.934615247 -90.244522795 -0.528519700 -0.415440194 0.603550168 0.428723183
107.033188000 -38.359428017 -56.993172606 -90.140974165 -0.527556286 -0.414874523 0.604635035 0.428928863
107.132989000 -38.736282735 -56.968360595 -89.987264324 -0.525658393 -0.417384475 0.605423583 0.427709878
107.232999000 -39.125230503 -56.971528959 -89.883602618 -0.523226108 -0.416884788 0.608250828 0.427167933
107.333204000 -39.510839769 -57.025231015 -89.703303207 -0.523953971 -0.419424680 0.606271640 0.426602711
107.433488000 -39.847436511 -56.962586348 -89.657977847 -0.516890076 -0.421446080 0.612381916 0.424495277
107.533671000 -40.222334352 -56.877937027 -89.486806269 -0.513764707 -0.428442280 0.613593050 0.419507577
107.633616000 -40.492102151 -56.813701024 -89.482845614 -0.505278261 -0.436487254 0.616550425 0.417179014
107.733302000 -40.717843277 -56.755022354 -89.539043487 -0.491097698 -0.442097100 0.623375651 0.418062201
107.832973000 -41.079180443 -56.772769104 -89.386681938 -0.499186956 -0.447270036 0.626344792 0.398062936
107.932697000 -41.419963608 -56.858846322 -89.249731299 -0.519277334 -0.473462441 0.610075599 0.366049357
108.032504000 -41.731619312 -56.908813203 -89.224831468 -0.514105985 -0.453270470 0.630467806 0.364350466
108.132529000 -42.073592600 -56.980546271 -89.147100880 -0.508041045 -0.418204178 0.662985550 0.357001012
108.232353000 -42.419673353 -57.015236606 -89.027204677 -0.509778216 -0.394374874 0.688141867 0.333249757
108.332097000 -42.712724653 -57.063616810 -88.815947772 -0.521354701 -0.403128944 0.683645799 0.313535886
108.431935000 -43.150023645 -56.907352455 -88.742992105 -0.500605221 -0.420870567 0.662890025 0.364471114
108.532218000 -43.558278681 -56.877884276 -88.697638317 -0.488358459 -0.425468287 0.646684214 0.402842748
108.632787000 -43.914852535 -56.863084388 -88.637749241 -0.484513094 -0.424409097 0.639716369 0.419388778
108.733420000 -44.322925510 -56.873892052 -88.493238132 -0.491223860 -0.427139014 0.632767998 0.419351931
108.833857000 -44.809318110 -56.878760417 -88.480002020 -0.498915456 -0.429918272 0.631405735 0.409365906
108.934158000 -45.098936939 -56.900587602 -88.357210762 -0.493984330 -0.425595165 0.633956220 0.415869870
109.034411000 -45.448915235 -56.790301895 -88.281733877 -0.487173160 -0.431666040 0.637205412 0.412669366
109.134547000 -45.777385066 -56.749283570 -88.162500023 -0.476177755 -0.431261772 0.645330858 0.413299060
109.234212000 -46.134743481 -56.726337195 -88.076311119 -0.481528113 -0.466921599 0.629112751 0.392851171
109.334018000 -46.453448679 -56.696810425 -87.969641860 -0.476826945 -0.492328796 0.617988869 0.385146958
109.434047000 -46.797455749 -56.714640412 -87.857361783 -0.459210219 -0.484000031 0.632879573 0.392852887
109.534162000 -47.168553506 -56.736738497 -87.677402827 -0.443495138 -0.466345141 0.653292430 0.398802297
109.634197000 -47.541037838 -56.755310239 -87.533714438 -0.430888132 -0.460142745 0.664432217 0.401414873
109.733942000 -47.905934023 -56.833667959 -87.389812449 -0.425610520 -0.457090304 0.670721592 0.400070849
109.833754000 -48.307574816 -56.890089850 -87.188216046 -0.422905110 -0.456873552 0.674722522 0.396443367
109.933733000 -48.671045015 -56.943693531 -87.070161826 -0.417321957 -0.457667032 0.678500554 0.394994013
110.033824000 -49.036492950 -57.036764965 -86.936434050 -0.414549965 -0.458288257 0.680288806 0.394115897
110.133981000 -49.404824529 -57.097909945 -86.887203584 -0.407826544 -0.455410637 0.685488047 0.395455179
110.233888000 -49.755575787 -57.191089055 -86.720055817 -0.406251173 -0.457664542 0.685575304 0.394321763
110.333585000 -50.064167019 -57.261089685 -86.734728332 -0.401573212 -0.451530409 0.692548007 0.394000638
110.433238000 -50.473689308 -57.398939799 -86.366279547 -0.422128441 -0.443921159 0.694358354 0.377634823
110.532773000 -50.820231375 -57.486977616 -86.289634824 -0.426146684 -0.426075578 0.716644114 0.351112261
110.632245000 -51.133127208 -57.555772541 -86.241989911 -0.428347509 -0.419691626 0.730063394 0.327696187
110.731792000 -51.505354951 -57.677845960 -86.137117854 -0.435380274 -0.429692373 0.728327782 0.308783296
110.831759000 -51.789943919 -57.751855672 -86.012284680 -0.422260596 -0.433700281 0.718521421 0.342530325
110.931981000 -52.115501645 -57.767615435 -85.858350811 -0.410508208 -0.430495666 0.715318509 0.366709591
111.032194000 -52.538446566 -57.789358206 -85.824230045 -0.410305499 -0.443589080 0.707095031 0.367280195
111.132417000 -52.774643820 -57.813375277 -85.601924084 -0.425946548 -0.478342876 0.683076230 0.350947994
111.232536000 -53.091060456 -57.851030789 -85.439228971 -0.414027063 -0.461253469 0.695848672 0.362796712
111.332637000 -53.390081680 -57.902119135 -85.253424317 -0.404931575 -0.448835833 0.704775049 0.371307077
111.432571000 -53.689030423 -57.947574072 -85.034351709 -0.425126628 -0.483797919 0.684637624 0.341289097
111.532394000 -54.035706876 -58.048345870 -84.845313332 -0.432171073 -0.507893481 0.666562072 0.333117666
111.632476000 -54.376468206 -58.119872768 -84.563066649 -0.418248708 -0.485644798 0.684505169 0.347375621
111.732583000 -54.702330167 -58.177323550 -84.311797084 -0.412568808 -0.485800224 0.687337107 0.348357319
111.832516000 -55.039630708 -58.267568183 -84.155238844 -0.418595462 -0.512354183 0.670573900 0.335561731
111.932375000 -55.425552364 -58.395729075 -83.917072660 -0.412566981 -0.507356949 0.675497303 0.340706334
112.032361000 -55.801449432 -58.519017580 -83.675048351 -0.399662737 -0.487600961 0.693236807 0.349195831
112.132408000 -56.176626968 -58.675399407 -83.438747805 -0.382251365 -0.457213456 0.714085342 0.367317130
112.232191000 -56.567736358 -58.715745599 -83.215820543 -0.360997743 -0.426520490 0.737296779 0.379676652
112.331901000 -56.944671955 -58.860174401 -83.086328980 -0.348348003 -0.404748410 0.751966301 0.386495894
112.431847000 -57.299748333 -58.913385404 -82.857574867 -0.339400393 -0.395499873 0.760815884 0.386712315
112.531967000 -57.580544442 -59.079830442 -82.356418545 -0.343576482 -0.395438538 0.759704565 0.385269436
112.632078000 -57.840859350 -59.203534504 -81.853090302 -0.346869465 -0.398874619 0.756717325 0.384655045
112.732218000 -58.134902835 -59.193893270 -81.495263163 -0.344330480 -0.400063665 0.765067309 0.368859861
112.832305000 -58.433414715 -59.172008938 -81.365829162 -0.337929156 -0.390681553 0.792427912 0.324391452
112.932334000 -58.745282711 -59.158706212 -81.148892897 -0.331453416 -0.381752611 0.813507235 0.287418783
113.032487000 -59.075790550 -59.211303108 -80.970007692 -0.322182246 -0.376980367 0.825094474 0.270746212
113.132832000 -59.473108414 -59.191672189 -80.911865280 -0.306220772 -0.380365072 0.822422243 0.291843974
113.233127000 -59.793906583 -59.348810957 -80.533709373 -0.301201070 -0.389038849 0.801393740 0.340139330
113.333300000 -60.121050438 -59.518071477 -80.161691345 -0.300435904 -0.391849349 0.785943212 0.372136563
113.433255000 -60.417960976 -59.650726961 -79.808798021 -0.303860616 -0.390928391 0.778761038 0.385194709
113.532966000 -60.708244090 -59.824530443 -79.467885634 -0.307941418 -0.387346463 0.775137634 0.392805866
113.632632000 -61.000203020 -60.035231194 -79.111174191 -0.311064944 -0.381487350 0.774497243 0.397316024
113.732077000 -61.332101113 -60.332012203 -78.717168841 -0.316095336 -0.380498608 0.773024796 0.397161444
113.831690000 -61.573873976 -60.393218444 -78.431758375 -0.319451461 -0.379113632 0.772539684 0.396744318
113.931762000 -61.911614283 -60.445235633 -78.251529949 -0.309402193 -0.378834166 0.777459293 0.395363131
114.032021000 -62.021974164 -60.579166527 -78.087600113 -0.312610217 -0.373618819 0.777836790 0.397056367
114.132331000 -62.083593832 -60.497100137 -78.063889420 -0.307154466 -0.375125376 0.786200803 0.383178006
114.232501000 -62.407290658 -60.730662753 -77.774238826 -0.306883701 -0.372971786 0.787400919 0.383032940
114.332467000 -62.716524962 -60.945653505 -77.461225228 -0.306937328 -0.371097160 0.788284084 0.382994227
114.432245000 -62.967541079 -61.067593974 -77.177017121 -0.307126969 -0.370132802 0.788737828 0.382841184
114.531868000 -63.286568373 -61.218013651 -76.855314719 -0.308076091 -0.369466016 0.790177933 0.379740464
114.631624000 -63.636083443 -61.425541935 -76.569253581 -0.308062553 -0.368319256 0.791360887 0.378399703
114.731483000 -63.771933660 -61.467512373 -76.430272146 -0.307159713 -0.367093851 0.792874493 0.377153885
114.831611000 -63.862191072 -61.494054481 -76.325312452 -0.304322704 -0.361251731 0.796289352 0.377899651
114.931687000 -64.008655790 -61.554153299 -76.215884736 -0.305110229 -0.359335987 0.804860415 0.360534477
115.031658000 -64.060378297 -61.540791470 -76.155773450 -0.303818485 -0.361056794 0.805205588 0.359132679
115.131674000 -64.364362962 -61.650096645 -75.938741142 -0.302743808 -0.358083649 0.809144650 0.354128823
115.231755000 -64.595887737 -61.680833951 -75.763120948 -0.296149270 -0.366566329 0.804787833 0.360889568
115.331935000 -64.875199124 -61.784575026 -75.490178291 -0.301458533 -0.356752002 0.810365928 0.353776519
115.432069000 -65.131745815 -61.923370570 -75.181404389 -0.305567583 -0.352575659 0.819639832 0.332429544
115.532039000 -65.410673578 -62.011024062 -74.968012691 -0.305195417 -0.349373758 0.823040756 0.327715803
115.631996000 -65.511408892 -62.023814346 -74.873406973 -0.300128022 -0.363130672 0.809503062 0.350377052
115.731987000 -65.797870637 -62.104303569 -74.641796538 -0.294208052 -0.356272296 0.812590058 0.355259159
115.831896000 -66.098392631 -62.196694562 -74.370499526 -0.291590680 -0.354934357 0.814445212 0.354507367
115.931707000 -66.365786866 -62.254831086 -74.198340221 -0.297748824 -0.378226749 0.803232417 0.350867280
116.031632000 -66.629142534 -62.335789879 -73.959243761 -0.290257930 -0.366115106 0.809108832 0.356444893
116.131848000 -66.895319479 -62.453623436 -73.684019701 -0.285656981 -0.361918599 0.811462691 0.359086783
116.231899000 -67.096009892 -62.511513664 -73.462994628 -0.287885411 -0.371711237 0.808671704 0.353557382
116.332042000 -67.345475331 -62.598539445 -73.216142431 -0.298689901 -0.405291412 0.793194705 0.342586302
116.432213000 -67.622906457 -62.707490327 -73.002831488 -0.291593878 -0.395339973 0.799370342 0.345957183
116.532484000 -67.905378228 -62.824240784 -72.755452368 -0.279821064 -0.375181721 0.810142514 0.352998519
116.632673000 -68.166793889 -62.926521504 -72.473227448 -0.280130140 -0.380191385 0.809403098 0.349067673
116.732677000 -68.398297630 -62.985049921 -72.226049705 -0.278613760 -0.379964385 0.811385517 0.345911813
116.832560000 -68.670866785 -63.097512918 -71.927382565 -0.272385191 -0.367911019 0.817180169 0.350234724
116.932268000 -68.885439215 -63.221424354 -71.643563434 -0.269327534 -0.363921088 0.819374266 0.351638923
117.031824000 -69.142287022 -63.358926742 -71.341116389 -0.267123667 -0.361593677 0.820543165 0.352992739
117.131392000 -69.418506156 -63.463402604 -71.044159582 -0.265092449 -0.361043529 0.821943773 0.351826657
117.230898000 -69.641937405 -63.554681734 -70.817866514 -0.262171022 -0.361921511 0.823325138 0.349878396
117.330679000 -69.882365171 -63.663207876 -70.547647811 -0.259768302 -0.362725898 0.824115730 0.348975093
117.430609000 -69.970652516 -63.699562800 -70.378964520 -0.258679229 -0.364382248 0.824164111 0.347942742
117.530585000 -70.030085751 -63.531992601 -70.530483522 -0.243120943 -0.370355602 0.823956894 0.353304362
117.630506000 -70.051794085 -63.716551063 -70.290911791 -0.248859530 -0.370914327 0.820623301 0.356467241
117.730436000 -70.269537611 -63.828578303 -70.039979903 -0.245607936 -0.371817291 0.821130357 0.356614051
117.830416000 -70.512173401 -63.977562500 -69.800555385 -0.242537685 -0.371498379 0.822371581 0.356187323
117.930435000 -70.754303070 -64.127202927 -69.625059486 -0.238373347 -0.368932217 0.822602544 0.361098630
118.030565000 -70.885762673 -64.123793788 -69.424019315 -0.235384907 -0.373935685 0.822511625 0.358107073
118.130818000 -71.045665566 -64.191949126 -69.290846716 -0.233102141 -0.372284693 0.826199278 0.352792081
118.231290000 -71.408654385 -64.428318809 -69.206819806 -0.229314842 -0.366421208 0.832400857 0.346783816
118.331996000 -71.766467371 -64.582824931 -68.982809802 -0.227581944 -0.365345230 0.834116113 0.344934243
118.432455000 -72.079509656 -64.830110995 -68.802054617 -0.226672573 -0.361999158 0.835817799 0.344941679
118.532760000 -72.142333505 -64.875778070 -68.748875425 -0.227656198 -0.358239678 0.842367166 0.332046000
118.632893000 -72.378156974 -65.113854616 -68.521776620 -0.227217097 -0.355324893 0.843928592 0.331513412
118.732675000 -72.559005377 -65.291514824 -68.319072104 -0.226644218 -0.354340290 0.844763768 0.330831578
118.832261000 -73.163468572 -65.641347635 -67.872094077 -0.226064952 -0.352636072 0.846276696 0.329178056
118.931630000 -73.451114350 -65.925933566 -67.576462076 -0.226196786 -0.352247317 0.846565104 0.328761867
119.031061000 -73.446461307 -65.919120219 -67.593934103 -0.232829092 -0.344884417 0.859878470 0.295726849
119.130788000 -73.405871080 -65.875293306 -67.659746695 -0.232928848 -0.348728100 0.863066475 0.281512210
119.230774000 -73.914741347 -66.091639508 -67.164435811 -0.235339737 -0.348329783 0.860917625 0.286535189
119.330859000 -74.049194532 -66.370493330 -66.861601047 -0.237560498 -0.346547771 0.860909251 0.286888328
119.430925000 -74.120219432 -66.330821323 -66.856328655 -0.237130496 -0.346639691 0.861624757 0.284978649
119.530875000 -74.127390131 -66.293516034 -66.849930136 -0.237168098 -0.347038918 0.861334608 0.285338352
119.630726000 -74.192561674 -66.355202930 -66.745220133 -0.237506129 -0.345616803 0.862181337 0.284223867
119.730561000 -74.322358530 -66.427394437 -66.668075123 -0.237119383 -0.344457210 0.863688090 0.281365441
119.830456000 -74.634799967 -66.456686243 -66.426380319 -0.236106929 -0.345605037 0.865110986 0.276394028
119.930481000 -74.664374340 -66.526844532 -66.357192019 -0.236401715 -0.345565369 0.865064445 0.276337314
120.030601000 -74.664374340 -66.526844532 -66.357192019 -0.236401715 -0.345565369 0.865064445 0.276337314
120.130920000 -74.664374340 -66.526844532 -66.357192019 -0.236401715 -0.345565369 0.865064445 0.276337314
120.231119000 -74.664374340 -66.526844532 -66.357192019 -0.236401715 -0.345565369 0.865064445 0.276337314
120.331141000 -74.664374340 -66.526844532 -66.357192019 -0.236401715 -0.345565369 0.865064445 0.276337314
120.430938000 -74.689301113 -66.540585197 -66.301621964 -0.236473543 -0.345756708 0.865019979 0.276175666
120.530611000 -74.692006860 -66.550992520 -66.289389345 -0.236537095 -0.345721882 0.865109233 0.275885117
120.630225000 -74.728499954 -66.491156968 -66.330377619 -0.235282547 -0.346283187 0.865034617 0.276487232
120.729809000 -75.212480428 -66.726954678 -65.680285714 -0.234406589 -0.349919949 0.865515202 0.271095951
120.829515000 -75.166204963 -66.673891464 -65.670036412 -0.233753221 -0.353632165 0.864023291 0.271601686
120.929425000 -75.160191255 -66.722129091 -65.721190414 -0.224717250 -0.350948158 0.869085338 0.266511208
121.029290000 -75.249215399 -66.761589303 -65.689145364 -0.208462584 -0.349937633 0.874258084 0.264120818
121.129425000 -75.222248514 -66.774850096 -65.692366980 -0.189919874 -0.355621201 0.875399985 0.266718708
121.229551000 -75.252872493 -66.795761152 -65.668015825 -0.169508603 -0.361053098 0.879864083 0.258353805
121.330017000 -75.244811403 -66.780488270 -65.684730498 -0.166098733 -0.362523955 0.879962082 0.258174993
121.430720000 -75.244811403 -66.780488270 -65.684730498 -0.166098733 -0.362523955 0.879962082 0.258174993
121.531321000 -75.244811403 -66.780488270 -65.684730498 -0.166098733 -0.362523955 0.879962082 0.258174993
121.631790000 -75.244811403 -66.780488270 -65.684730498 -0.166098733 -0.362523955 0.879962082 0.258174993
121.731985000 -75.244811403 -66.780488270 -65.684730498 -0.166098733 -0.362523955 0.879962082 0.258174993
121.832117000 -75.244811403 -66.780488270 -65.684730498 -0.166098733 -0.362523955 0.879962082 0.258174993
121.932300000 -75.251246176 -66.805111419 -65.670044850 -0.165248868 -0.362963097 0.879940962 0.258175339
122.032674000 -75.329420829 -67.109933449 -65.485485753 -0.158114924 -0.362376181 0.881643386 0.257658911
122.133213000 -75.427443044 -67.271117845 -65.423521326 -0.154090339 -0.360928396 0.882735934 0.258387560
122.233353000 -75.444368009 -67.446395808 -65.243367392 -0.147248681 -0.366840128 0.881076264 0.259712849
122.332992000 -75.552222060 -67.720077550 -65.098946292 -0.141369340 -0.372417977 0.880146800 0.258188247
122.432309000 -75.596346433 -67.981862973 -64.936001693 -0.132173743 -0.383991599 0.875039206 0.263414012
122.531483000 -75.714239819 -68.237209263 -64.811629025 -0.120383395 -0.395506325 0.870752011 0.266220810
122.630728000 -75.797072383 -68.449147721 -64.694907908 -0.106466147 -0.400815019 0.872031263 0.259949526
122.730131000 -75.898549797 -68.652342101 -64.548544588 -0.085166805 -0.402694257 0.867930925 0.277992555
122.829691000 -75.960395136 -68.835468896 -64.417355688 -0.065756673 -0.409746227 0.864295643 0.284213178
122.929440000 -76.046380362 -69.055294423 -64.301948889 -0.048540853 -0.416918561 0.866329614 0.270731783
123.029612000 -76.126041192 -69.279758358 -64.187369904 -0.032614317 -0.423592494 0.870967335 0.246823027
123.130063000 -76.171416215 -69.486814754 -64.076027826 -0.018544852 -0.432443939 0.870911089 0.232727744
123.230489000 -76.208854631 -69.663982621 -63.971249096 -0.003257247 -0.440758138 0.869265156 0.223829718
123.330758000 -76.240857768 -69.854206180 -63.865841137 0.014164733 -0.445907516 0.868330464 0.216721139
123.430906000 -76.275518334 -70.047465517 -63.759632878 0.032373901 -0.451442105 0.866569234 0.210261074
123.530908000 -76.296257127 -70.242216989 -63.668621600 0.052967290 -0.456205620 0.864511617 0.204182669
123.630865000 -76.317042226 -70.445286253 -63.572630933 0.074542183 -0.461325957 0.861621864 0.198064604
123.730867000 -76.328975206 -70.669336022 -63.478479085 0.096795707 -0.464021150 0.858240704 0.196819355
123.830807000 -76.323891234 -70.893936207 -63.376165008 0.113483807 -0.466801397 0.855869518 0.191586142
123.930820000 -76.322988749 -71.090623386 -63.285884460 0.129172341 -0.470232609 0.853512795 0.183607484
124.030730000 -76.304238053 -71.295292382 -63.192942303 0.145083590 -0.473903562 0.850826172 0.174530772
124.130761000 -76.280981058 -71.502527537 -63.102877409 0.161403996 -0.476139743 0.847651274 0.169490449
124.230725000 -76.251387737 -71.695464549 -63.013529269 0.180396470 -0.476966223 0.843173441 0.170349300
124.330684000 -76.202332305 -71.888400952 -62.921737099 0.199387000 -0.478189348 0.838472823 0.168947026
124.430643000 -76.131948976 -72.043685439 -62.842854896 0.218796547 -0.480522473 0.832730563 0.166691430
124.530575000 -76.069157746 -72.189763023 -62.760206678 0.237700067 -0.483550389 0.828110149 0.154632728
124.630642000 -75.982417024 -72.345599791 -62.693094988 0.257356987 -0.486402308 0.822330060 0.144753059
124.730835000 -75.889756742 -72.548811233 -62.609114728 0.279562094 -0.486624418 0.815150330 0.143428209
124.831094000 -75.791415515 -72.730153045 -62.523022415 0.301196896 -0.485508371 0.807927585 0.144274283
124.931393000 -75.680207206 -72.931225531 -62.456642118 0.318923512 -0.488410342 0.801112864 0.134019815
125.031629000 -75.566602887 -73.173116164 -62.392244063 0.334751415 -0.493275603 0.793279352 0.123808477
125.131809000 -75.443742503 -73.501243400 -62.315557709 0.350972488 -0.492307715 0.788075494 0.115708435
125.231717000 -75.304918386 -73.840243931 -62.243382562 0.367434342 -0.492812295 0.781083375 0.109712384
125.331508000 -75.166903287 -74.098603688 -62.167175382 0.381484928 -0.492803879 0.775038530 0.104541200
125.431419000 -75.005809394 -74.294676552 -62.105993850 0.394163116 -0.493952930 0.768345465 0.101445491
125.531257000 -74.847087670 -74.471328573 -62.033789303 0.408557336 -0.494546310 0.761004909 0.096831701
125.631179000 -74.690062434 -74.652397524 -61.974417029 0.424599261 -0.492475084 0.754129455 0.092046317
125.731347000 -74.568588247 -74.778743863 -61.911604927 0.440338009 -0.493567894 0.744919323 0.087111273
125.831684000 -74.370938085 -74.992592739 -61.875216812 0.453367399 -0.493526686 0.737525026 0.083344147
125.932242000 -74.142358099 -75.305285001 -61.899914146 0.463430301 -0.493463697 0.731772663 0.078960149
126.032921000 -73.918864140 -75.534094276 -61.848328413 0.470927506 -0.493824870 0.726818518 0.078096887
126.133368000 -73.732641339 -75.732755907 -61.789974728 0.474053670 -0.494112278 0.724594625 0.078030788
126.233407000 -73.505030519 -76.209007027 -61.594779376 0.473910841 -0.500379785 0.720457227 0.077265579
126.333060000 -73.317781860 -76.473237499 -61.458647117 0.473607783 -0.498297170 0.722126164 0.077002608
126.432466000 -73.264750186 -76.745694013 -61.278614246 0.470842284 -0.501857984 0.721755916 0.074259719
126.531872000 -73.058439345 -77.157156742 -61.050504572 0.469691770 -0.503016816 0.721702010 0.074228918
126.631299000 -72.903719527 -77.260175730 -61.034913158 0.466934889 -0.506902111 0.720719472 0.074736213
126.731100000 -72.716165551 -77.427267704 -61.014679926 0.465902595 -0.509293825 0.719562593 0.076054240
126.831480000 -72.685040085 -77.400168837 -60.882211341 0.463881596 -0.511418808 0.719338792 0.076265129
126.932267000 -72.691522934 -77.545863634 -60.877605324 0.464312212 -0.510503338 0.720202140 0.071479986
127.033044000 -72.601360294 -77.656046326 -60.828753415 0.464859996 -0.504415224 0.724393625 0.068733850
127.133581000 -72.565385653 -77.611648510 -60.793436791 0.462829396 -0.503983386 0.726011062 0.068539286
127.233723000 -72.424849210 -77.733517340 -60.727439280 0.462581193 -0.506813866 0.723897628 0.071627990
127.333641000 -72.103519850 -77.953324006 -60.773632071 0.461344514 -0.513270387 0.719576527 0.076969934
127.433255000 -71.985317303 -78.244624466 -60.783758688 0.459782817 -0.518558288 0.716354092 0.080832407
127.532678000 -71.869364141 -78.352144857 -60.706343092 0.457517036 -0.517357648 0.718609541 0.081360632
127.632030000 -71.883458124 -78.410905531 -60.609829131 0.456194877 -0.516913054 0.720109034 0.078295011
127.731349000 -71.707244725 -78.567533553 -60.574607081 0.456804076 -0.512118348 0.723605374 0.073892466
127.830727000 -71.531082166 -78.697337203 -60.515280831 0.457821561 -0.507510111 0.726850726 0.067237845
127.930224000 -71.359570500 -78.855150382 -60.464800696 0.458796224 -0.505269967 0.728186421 0.062871469
128.029842000 -71.227503847 -78.958593449 -60.380748767 0.460420991 -0.504707309 0.727669847 0.061478757
128.129891000 -71.065649588 -79.075674950 -60.317208376 0.462803623 -0.496546554 0.732135686 0.056847721
128.230272000 -70.898560891 -79.190707717 -60.222988138 0.464738008 -0.486688537 0.738041436 0.049474143
128.330819000 -70.686701375 -79.308973085 -60.185205659 0.465457882 -0.488631565 0.736147184 0.051725010
128.431293000 -70.523884765 -79.456746718 -60.106316617 0.464824036 -0.500892222 0.727869683 0.057020374
128.531699000 -70.445012834 -79.533127383 -60.006976424 0.455131754 -0.524391395 0.716367854 0.068453257
128.632112000 -70.289057082 -79.715186560 -59.974083161 0.435790552 -0.545521695 0.712424409 0.070314556
128.732307000 -70.084930864 -79.892701809 -59.960718042 0.417351584 -0.558625544 0.711312845 0.088256408
128.832211000 -69.888010122 -80.129032911 -59.987660396 0.393706823 -0.572085622 0.712292771 0.101744714
128.931774000 -69.740689336 -80.341121264 -60.021261772 0.371329886 -0.560257626 0.733507324 0.100957983
129.031131000 -69.584818838 -80.577919288 -59.997892819 0.344444232 -0.548409931 0.756145334 0.094068869
129.130623000 -69.430050190 -80.865935462 -59.936173169 0.301598175 -0.549855267 0.776820976 0.056981546
129.230118000 -69.239863445 -81.225385153 -59.801934793 0.252284411 -0.555596857 0.792080960 0.016506426
129.329859000 -69.102499935 -81.645662164 -59.649295323 0.210267351 -0.548559604 0.809233782 -0.003269327
129.429819000 -68.979240885 -82.029008150 -59.513585064 0.177382908 -0.533002628 0.827311007 0.000028011
129.529988000 -68.910953489 -82.355252274 -59.404127384 0.147142413 -0.522924379 0.839553134 0.007052559
129.630293000 -68.813166296 -82.624467509 -59.288371344 0.117217490 -0.516174023 0.848251999 0.017116796
129.730712000 -68.729123190 -82.879778815 -59.181590837 0.088686191 -0.508674858 0.855869927 0.029518080
129.830989000 -68.712962970 -83.103899451 -59.064788654 0.063237996 -0.508748951 0.857159815 0.049522851
129.931136000 -68.687292418 -83.279718099 -58.952368498 0.038316502 -0.508502884 0.857597812 0.066952636
130.031277000 -68.724021885 -83.337261809 -58.834980985 0.019478363 -0.499111819 0.862386946 0.082442348
130.131355000 -68.712380684 -83.439579234 -58.735315830 0.007372568 -0.507908772 0.855332341 0.101886758
130.231190000 -68.724852212 -83.550858552 -58.663700129 -0.003916742 -0.514953301 0.849642730 0.113644128
130.331075000 -68.731854455 -83.671507035 -58.564570718 -0.018162343 -0.515641281 0.848907277 0.114632599
130.430939000 -68.750644514 -83.781326933 -58.464695820 -0.035036866 -0.513674911 0.850210763 0.109782344
130.530681000 -68.782585233 -83.866667622 -58.378368249 -0.053382521 -0.509551502 0.852421433 0.104332512
130.630352000 -68.817785918 -83.928018650 -58.295058616 -0.068011781 -0.505235591 0.853509282 0.107857783
130.729910000 -68.881315207 -83.990042257 -58.219898806 -0.080028595 -0.500596876 0.853219850 0.122531950
130.829520000 -68.957072446 -84.078442324 -58.119257315 -0.097156996 -0.496375460 0.853455725 0.125639349
130.929278000 -69.036466192 -84.121888365 -58.096461134 -0.115545002 -0.489858640 0.854528877 0.128328736
131.029167000 -69.097956949 -84.137480710 -58.056720224 -0.135781418 -0.483106254 0.854835220 0.132017044
131.129287000 -69.139369271 -84.092380504 -58.024001527 -0.159003680 -0.475329608 0.853966489 0.139716962
131.229463000 -69.154933654 -84.038063602 -58.001944616 -0.183172363 -0.467500110 0.851426751 0.151538844
131.329716000 -69.214193926 -83.936136528 -58.017743420 -0.208001016 -0.460190304 0.846269201 0.169672926
131.429921000 -69.370506764 -83.866325589 -58.019990523 -0.232817313 -0.452824299 0.839172221 0.191144546
131.530042000 -69.437287487 -83.733287868 -58.037258403 -0.260446117 -0.443795083 0.833212053 0.202413981
131.630069000 -69.596106437 -83.631038763 -58.052590943 -0.288363114 -0.432827409 0.827597095 0.211163910
131.730076000 -69.729178906 -83.515714739 -58.056337659 -0.316171586 -0.422957194 0.820478082 0.218994193
131.830175000 -69.900670776 -83.431629700 -58.043825174 -0.343962720 -0.411973643 0.813148931 0.225291324
131.930370000 -70.109393229 -83.368178354 -58.036421410 -0.371355643 -0.400014506 0.806207379 0.228282815
132.030659000 -70.244962402 -83.264763890 -58.033659933 -0.397907504 -0.387471636 0.798237722 0.233134915
132.131048000 -70.406739987 -83.142834261 -58.051316727 -0.423518658 -0.375373370 0.788939607 0.239376431
132.231399000 -70.620912016 -83.084050377 -58.116936547 -0.446223501 -0.366563335 0.777735659 0.248280394
132.331510000 -70.897135492 -83.041005075 -58.191675004 -0.469079619 -0.361934251 0.765348490 0.251415192
132.431289000 -71.171003653 -82.969490529 -58.261385900 -0.491727334 -0.365766811 0.747252387 0.256968362
132.530926000 -71.459110663 -82.866096161 -58.339035953 -0.513235571 -0.362583899 0.733126127 0.260092766
132.630755000 -71.759696709 -82.736656755 -58.426307620 -0.529281231 -0.357913487 0.719311604 0.272672205
132.730719000 -72.010038759 -82.550857303 -58.473260418 -0.537834426 -0.349969761 0.706071252 0.299530773
132.830733000 -72.269574526 -82.475634292 -58.573592458 -0.545459943 -0.347545235 0.690043084 0.324848123
132.930914000 -72.545587786 -82.383008895 -58.684701213 -0.554272117 -0.345396015 0.678744851 0.335841392
133.031355000 -72.796172416 -82.287593484 -58.785610357 -0.568200147 -0.343764656 0.666850032 0.338061368
133.132166000 -73.048596594 -82.173585663 -58.862632433 -0.588395836 -0.350181739 0.649069159 0.331469932
133.232963000 -73.291420452 -82.034308320 -58.890412612 -0.603485919 -0.351158627 0.635511642 0.329571412
133.333663000 -73.512215567 -81.919494869 -58.979240314 -0.619184352 -0.349591714 0.623273606 0.325463336
133.434338000 -73.733675440 -81.836709794 -59.093442081 0.634951063 0.348930671 -0.609966783 -0.320975167
133.534672000 -73.974340857 -81.697105999 -59.183284833 0.642344552 0.332410699 -0.607049452 -0.329222671
133.634783000 -74.229754416 -81.487842902 -59.238065919 0.643455245 0.313013848 -0.608786389 -0.342588399
133.734565000 -74.442958497 -81.356898330 -59.288467758 0.645672648 0.298709184 -0.606777705 -0.354542623
133.833992000 -74.644994553 -81.243477326 -59.412380128 0.647850481 0.289222418 -0.603075987 -0.364608696
133.933209000 -74.798882477 -81.153798855 -59.399190087 0.654381325 0.299744935 -0.576787227 -0.386334764
134.032523000 -75.006132687 -81.055973789 -59.483665457 0.673929882 0.321976727 -0.548596538 -0.375754362
134.132164000 -75.200498867 -80.936300550 -59.544734773 0.692829927 0.334759316 -0.526158042 -0.362050559
134.232182000 -75.416839482 -80.831046204 -59.589278132 0.707793854 0.337921289 -0.507124230 -0.357298303
134.332218000 -75.640017483 -80.729823817 -59.610560866 0.725984161 0.331287827 -0.493930926 -0.345293519
134.432205000 -75.882574794 -80.606480364 -59.603604302 0.744612568 0.325734518 -0.479996539 -0.330230933
134.531962000 -76.132049678 -80.495809321 -59.593873244 0.760358994 0.319204957 -0.467171346 -0.318925271
134.631533000 -76.422172946 -80.360057616 -59.565164619 0.767443058 0.300561007 -0.464695521 -0.323654611
134.731091000 -76.715559397 -80.231601736 -59.526841626 0.770509765 0.283626104 -0.462440949 -0.334692849
134.830889000 -77.032085926 -80.097268368 -59.504579585 0.772179346 0.273651386 -0.458037309 -0.345044637
134.930955000 -77.336696876 -79.909737035 -59.495253906 0.764077332 0.260137723 -0.459285310 -0.370905918
135.031153000 -77.682030607 -79.736215565 -59.463328543 0.754652939 0.241441149 -0.461779435 -0.398703984
135.131403000 -78.054674691 -79.577331017 -59.392470609 0.744986702 0.210356786 -0.469698448 -0.424415132
135.231383000 -78.353437735 -79.397681717 -59.391562199 0.739880962 0.171975221 -0.488344862 -0.429557890
135.331264000 -78.704220275 -79.084439286 -59.187386805 0.746555592 0.145050979 -0.493186298 -0.422353213
135.431321000 -78.945288397 -78.976959724 -59.492089043 0.737472533 0.109153525 -0.510889279 -0.428032611
135.531589000 -79.452689193 -79.061831549 -59.539772598 0.742092600 0.063506457 -0.507781237 -0.432924611
135.631830000 -79.704575222 -78.858351051 -59.549098140 0.747419205 0.030805458 -0.502313302 -0.433701398
135.732050000 -79.930181475 -78.683063070 -59.681006712 0.747432444 -0.020564035 -0.499502688 -0.437514487
135.832244000 -80.258630183 -78.276666405 -59.575422000 0.763707064 -0.050273661 -0.474771565 -0.434529678
135.932314000 -80.693821677 -77.748467734 -59.649539367 0.781729498 -0.062425237 -0.435160983 -0.442308716
136.032168000 -80.884303789 -77.364540055 -59.578824177 0.791058888 -0.071123518 -0.391855938 -0.464344920
136.131739000 -81.088568427 -77.005767007 -59.481794604 0.807739752 -0.070839793 -0.369058985 -0.454239676
136.230977000 -81.377785921 -76.610653792 -59.509895294 0.814501978 -0.068782294 -0.359272467 -0.450309691
136.330216000 -81.879197624 -76.166026606 -59.662182510 0.813805711 -0.063330382 -0.360087579 -0.451715023
136.429471000 -82.105010044 -75.872919749 -59.679137775 0.805201885 -0.047080742 -0.375833763 -0.456269997
136.528724000 -82.339907212 -75.563495617 -59.689174198 0.795728458 -0.028337219 -0.392736163 -0.460186408
136.628637000 -82.593528653 -75.202047633 -59.764756879 0.785932987 -0.013148893 -0.408199576 -0.464230065
136.729064000 -82.883036819 -74.888470833 -59.801027262 0.776771620 -0.000811561 -0.420502260 -0.468831570
136.829891000 -83.137410093 -74.580546036 -59.827468993 0.770507242 0.012667144 -0.427810342 -0.472373205
136.930717000 -83.374655626 -74.195108273 -59.900482869 0.764446976 0.024280755 -0.433478346 -0.476579259
137.031138000 -83.509788865 -73.977639452 -59.887187144 0.757752983 0.042562067 -0.434566851 -0.484923231
137.131057000 -83.652070944 -73.836362430 -59.799130538 0.753432318 0.060937608 -0.430030158 -0.493660220
137.230752000 -83.700743220 -73.689891511 -59.828593378 0.749468354 0.072333571 -0.430612504 -0.497632306
137.330337000 -83.585228251 -73.566881776 -59.858274471 -0.747402326 -0.083837741 0.428773015 0.500514433
137.429904000 -83.531346408 -73.454856438 -59.853590425 -0.746709028 -0.100264874 0.414742962 0.510255679
137.529536000 -83.540018698 -73.327318799 -59.846756109 -0.746457670 -0.106194922 0.411332295 0.512180954
137.629189000 -83.486117653 -73.248359301 -59.790225906 -0.746749595 -0.113132251 0.407864476 0.513042596
137.729055000 -83.208491325 -73.287063939 -59.741544755 -0.744819739 -0.113821438 0.414470270 0.510394585
137.829106000 -83.200623640 -73.211628829 -59.674416296 0.737237050 0.100127419 -0.446768128 -0.496844314
137.928877000 -83.213869688 -73.217883963 -59.582525899 0.725817704 0.102694496 -0.471990211 -0.489762944
138.028550000 -83.191398197 -73.244150731 -59.506440441 0.711777167 0.110770875 -0.497189846 -0.483637607
138.128403000 -83.154783470 -73.198730031 -59.522411227 0.695565592 0.113042390 -0.532531969 -0.468849259
138.228314000 -83.268788621 -73.077914362 -59.579713536 0.676816055 0.122299609 -0.561026304 -0.460665084
138.328382000 -83.551436873 -72.941256265 -59.624498136 0.657163334 0.141522282 -0.578376774 -0.462155931
138.428653000 -83.946346649 -72.748370802 -59.678519339 0.636770112 0.157453140 -0.596674138 -0.462290284
138.529124000 -84.445437567 -72.435161508 -59.810126841 -0.614688968 -0.170120634 0.619658361 0.457427545
138.629410000 -85.064755590 -72.060918028 -59.918459991 -0.590440918 -0.185576136 0.642310020 0.452082799
138.729415000 -85.936648152 -71.632168075 -60.145154983 -0.564598808 -0.204550350 0.659239428 0.452538084
138.829350000 -86.294539440 -71.566748317 -60.027439951 -0.541858858 -0.222542241 0.671823524 0.453339919
138.929223000 -86.784495468 -71.390741972 -59.861936004 -0.520800841 -0.239219292 0.686118789 0.448086623
139.029018000 -86.997220326 -71.301348791 -59.836130226 -0.512963968 -0.245594114 0.690692349 0.446649278
139.128875000 -86.997220326 -71.301348791 -59.836130226 -0.512963968 -0.245594114 0.690692349 0.446649278
139.228919000 -86.997220326 -71.301348791 -59.836130226 -0.512963968 -0.245594114 0.690692349 0.446649278
139.329413000 -86.997220326 -71.301348791 -59.836130226 -0.512963968 -0.245594114 0.690692349 0.446649278
139.430247000 -86.997220326 -71.301348791 -59.836130226 -0.512963968 -0.245594114 0.690692349 0.446649278
139.530893000 -86.997220326 -71.301348791 -59.836130226 -0.512963968 -0.245594114 0.690692349 0.446649278
139.631151000 -86.997220326 -71.301348791 -59.836130226 -0.512963968 -0.245594114 0.690692349 0.446649278
139.730927000 -86.997220326 -71.301348791 -59.836130226 -0.512963968 -0.245594114 0.690692349 0.446649278
139.830414000 -87.070707414 -71.235519710 -59.782825932 -0.505059788 -0.253555441 0.694615842 0.445121422
139.929722000 -87.353092276 -71.311735283 -59.759871781 -0.487352923 -0.263719624 0.702479221 0.446611725
140.029059000 -87.721608877 -71.329004457 -59.593369876 -0.471881730 -0.277802328 0.706405340 0.448491913
140.128735000 -88.200094354 -71.407889529 -59.444188538 -0.456107456 -0.290349007 0.714229468 0.444454396
140.228445000 -88.316989951 -71.345079622 -59.402828123 -0.438762996 -0.303112131 0.720827814 0.442738446
140.328268000 -88.481878098 -71.360387835 -59.343652290 -0.415384328 -0.317672518 0.729650016 0.440625562
140.428410000 -88.436041441 -71.257653489 -59.331816739 -0.391703161 -0.336649051 0.736364852 0.437038734
140.528780000 -88.575199626 -71.082518145 -59.294780142 -0.366501357 -0.356533877 0.743507593 0.430995137
140.629174000 -88.654496176 -70.922919142 -59.267959980 -0.341081395 -0.372926194 0.750073116 0.426590971
140.729599000 -88.665362304 -70.809101765 -59.330749192 -0.316042513 -0.385614835 0.755908305 0.424288774
140.830165000 -88.641439545 -70.724955556 -59.372288371 -0.293731880 -0.398896590 0.759471036 0.421671483
140.930605000 -88.675935936 -70.661754272 -59.396932335 -0.270112788 -0.413919342 0.762397114 0.417684690
141.030632000 -88.709493560 -70.600924874 -59.442209609 -0.245974345 -0.428304021 0.765196686 0.412948325
141.130395000 -88.739774030 -70.546426742 -59.472177958 -0.218928204 -0.442276924 0.757791382 0.426865067
141.229894000 -88.777094443 -70.463598401 -59.494747869 -0.194204439 -0.457214723 0.749069955 0.438330395
141.329596000 -88.835959774 -70.466082798 -59.534700671 -0.181126927 -0.483185786 0.732285438 0.444390110
141.429574000 -88.873785891 -70.445272267 -59.588302096 -0.165320634 -0.493353275 0.728950895 0.444862031
141.529583000 -88.907486720 -70.409797822 -59.679842782 -0.150147380 -0.499425095 0.731690205 0.438930271
141.629536000 -88.947337843 -70.374587093 -59.749084181 -0.133308468 -0.500742945 0.739901222 0.428988971
141.729396000 -88.993922075 -70.361126188 -59.834124115 -0.115372043 -0.501629447 0.747360312 0.420130638
141.829325000 -89.038986200 -70.347598427 -59.932535152 -0.102860521 -0.512271230 0.746744255 0.411546981
141.929437000 -89.028101112 -70.330202098 -60.036213522 -0.091645023 -0.525119914 0.741811038 0.406898819
142.029505000 -89.075905806 -70.371521031 -60.106170560 -0.073762443 -0.532534116 0.732302556 0.417970673
142.129453000 -89.102092620 -70.405449066 -60.186840281 -0.055188027 -0.535049106 0.726249105 0.428064215
142.229333000 -89.106702852 -70.423675404 -60.263622153 -0.035247109 -0.536391906 0.718864247 0.440767012
142.329298000 -89.135921137 -70.502290811 -60.357150305 -0.018492109 -0.540485720 0.713808625 0.444983680
142.429215000 -89.135703085 -70.547819354 -60.455231394 -0.004127494 -0.552068296 0.706087699 0.443445286
142.529197000 -89.152132083 -70.607204168 -60.574549370 0.011095784 -0.566430197 0.696133377 0.440944482
142.629217000 -89.201582215 -70.700387648 -60.697065481 0.025564375 -0.580553808 0.688621860 0.433709202
142.729315000 -89.259593943 -70.768165652 -60.783057818 0.043930400 -0.588531593 0.694114527 0.412196199
142.829345000 -89.354345223 -70.867981850 -60.859175965 0.069331695 -0.593014847 0.701471520 0.389184037
142.929270000 -89.421652725 -71.008506047 -60.934688143 0.083112373 -0.601629388 0.704471182 0.367225771
143.029448000 -89.481034533 -71.199691797 -60.983768303 0.097597673 -0.608434668 0.705038278 0.351002814
143.129708000 -89.552755365 -71.386585107 -61.000586971 0.119219628 -0.609655320 0.711300370 0.328875137
143.229654000 -89.604763133 -71.562238391 -61.041039021 0.135499819 -0.615776945 0.714554306 0.303101792
143.329534000 -89.641009539 -71.799052608 -61.102387468 0.151192113 -0.624188030 0.713639179 0.279730889
143.429516000 -89.646781664 -72.036223020 -61.169943001 0.167662671 -0.630478017 0.714828163 0.251808253
143.529547000 -89.634172632 -72.273506701 -61.248048013 0.184216752 -0.633388071 0.718812900 0.219526207
143.629581000 -89.601686808 -72.566782981 -61.365775250 0.206449389 -0.622515479 0.730277524 0.191174965
143.729709000 -89.574814538 -72.928736609 -61.477863016 0.227985799 -0.620177863 0.731033839 0.170268669
143.829805000 -89.558351838 -73.246760224 -61.584928214 0.249137150 -0.620493318 0.727896429 0.151939170
143.929896000 -89.528688338 -73.561867521 -61.681630372 0.269821545 -0.622727457 0.722019583 0.134516057
144.029899000 -89.494970304 -73.882510043 -61.810749697 0.287925109 -0.625042912 0.715826003 0.118379150
144.130003000 -89.428507171 -74.180461575 -61.915496306 0.308132171 -0.621515486 0.710541038 0.117917340
144.230235000 -89.314357668 -74.532360358 -62.020743794 0.328600996 -0.615734660 0.703268969 0.135295865
144.330613000 -89.187178019 -74.780425343 -62.125330842 0.328610863 -0.622139927 0.700843595 0.117367234
144.430990000 -89.022865862 -74.991160506 -62.319939292 0.346814895 -0.605824003 0.705515773 0.122246470
144.531274000 -89.026210329 -74.948558361 -62.556956525 0.346023981 -0.594285949 0.717731903 0.109327629
144.631468000 -88.921433411 -75.618471360 -62.780726195 0.358889755 -0.588841007 0.719598947 0.081497044
144.731414000 -88.753712758 -76.041051978 -62.807428263 0.361987704 -0.595322583 0.714656066 0.061827441
144.831128000 -88.415282471 -76.179318433 -63.040928402 0.352360521 -0.596041040 0.719008780 0.060029283
144.930723000 -88.168334395 -76.537345155 -63.134553087 0.351578313 -0.601754010 0.715599165 0.046932246
145.030417000 -88.254279928 -76.655681944 -63.106888813 0.376605807 -0.587301413 0.715668559 0.032613341
145.130333000 -88.064479593 -76.780081770 -63.226290365 0.375862851 -0.589721948 0.714170412 0.030261591
145.230105000 -87.932766704 -76.860139987 -63.348621634 0.376056984 -0.591613962 0.712608020 0.027638283
145.329827000 -87.802337300 -76.955151629 -63.506688380 0.375718368 -0.591774010 0.712795507 0.023702194
145.429536000 -87.652257785 -77.057928710 -63.661195612 0.377097181 -0.592758773 0.711272573 0.022936421
145.529268000 -87.484505409 -77.172372856 -63.822797995 0.377473451 -0.592614931 0.711221169 0.022040578
145.629046000 -87.526131837 -77.244076321 -63.748350201 0.385092083 -0.599430237 0.701563216 0.014018984
145.728868000 -87.350109900 -77.224951823 -63.760991567 0.386373803 -0.610676108 0.690989749 0.017976136
145.828844000 -87.228256739 -77.340359230 -63.837741441 0.386665932 -0.622538369 0.680171444 0.017385166
145.928854000 -87.001454434 -77.413936961 -64.013004050 0.385234714 -0.636321832 0.667840413 0.026036968
146.029033000 -86.844925785 -77.487796709 -64.116053334 0.386048558 -0.644966389 0.659006154 0.026377213
146.129324000 -86.621623565 -77.585499070 -64.251055250 -0.385917030 0.661159216 -0.642437466 -0.034794253
146.229509000 -86.433718092 -77.694415339 -64.374774721 -0.386622427 0.676558992 -0.625422917 -0.040462384
146.329658000 -86.204533603 -77.798402592 -64.472424774 -0.386704300 0.680654390 -0.620968347 -0.039594155
146.429809000 -85.945606048 -77.928115586 -64.555566201 -0.388330033 0.669705507 -0.632306204 -0.029718405
146.529918000 -85.628861158 -78.136142562 -64.658822091 0.387980934 -0.635006387 0.667972348 0.007115172
146.629895000 -85.469126550 -78.343139171 -64.694403572 0.390035983 -0.609779652 0.689800136 -0.014713248
146.729808000 -85.168297889 -78.472648497 -64.711672101 0.385566805 -0.602540398 0.698408982 -0.022543342
146.829619000 -84.883443176 -78.672010177 -64.742613662 0.383754248 -0.598054054 0.703149890 -0.025382225
146.929532000 -84.601275153 -78.886800570 -64.821762249 0.353679835 -0.617288159 0.697051232 -0.089361529
147.029651000 -84.305051719 -79.028400604 -64.824169707 0.319915605 -0.639598048 0.683082651 -0.148210777
147.129986000 -84.041415908 -79.264009059 -64.875052162 0.307866867 -0.642150904 0.682803674 -0.163215656
147.230379000 -83.833104094 -79.375493493 -64.842737437 0.324700409 -0.628448455 0.696992270 -0.117575333
147.330825000 -83.700101227 -79.550061089 -64.826986145 0.333447881 -0.618162697 0.706499158 -0.086869616
147.431079000 -83.482773315 -79.672103395 -64.762777365 0.341600466 -0.607103264 0.715938926 -0.046542478
147.530973000 -83.257657936 -79.800943002 -64.670404781 0.346107250 -0.599845397 0.721179829 -0.017173402
147.630618000 -83.064749192 -79.929401009 -64.601369473 0.345611174 -0.596067301 0.724733836 -0.004190013
147.730190000 -82.878305605 -80.059644037 -64.563835484 0.339033265 -0.594369331 0.729224870 0.003554239
147.829895000 -82.632797300 -80.140018715 -64.433682393 0.326802678 -0.597601817 0.732107162 0.009548840
147.929741000 -82.486017286 -80.242637773 -64.342062819 0.315857515 -0.598882080 0.735845511 0.010279497
148.029720000 -82.328095127 -80.358342793 -64.294872157 0.306764197 -0.598263855 0.740114394 0.014379562
148.129884000 -82.067465790 -80.405843942 -64.177761869 0.293932541 -0.600981343 0.743010497 0.018986499
148.229906000 -81.731033924 -80.421705030 -64.087036709 0.278061447 -0.605404905 0.745311625 0.026025262
148.329991000 -81.682767667 -80.513926718 -64.063685890 0.244409292 -0.618181334 0.746401768 -0.031628104
148.430067000 -81.548391761 -80.577717472 -63.952111290 0.233182327 -0.622492098 0.745847068 -0.042915527
148.529962000 -81.374780248 -80.733091843 -63.839945500 0.223109776 -0.625150584 0.746185402 -0.051148025
148.629969000 -81.239890411 -80.814290739 -63.671494840 0.208644513 -0.632790737 0.742358085 -0.070340765
148.729886000 -81.168779077 -80.933159819 -63.519225577 0.206316328 -0.632642633 0.743011905 -0.071625276
148.829717000 -81.260685682 -81.022741327 -63.461395598 0.223107677 -0.621595956 0.749184069 -0.050642498
148.929525000 -81.372534358 -81.157581731 -63.595980927 0.237897833 -0.600325864 0.763252042 -0.021442911
149.029393000 -81.408801348 -81.270337466 -63.626357004 0.243411274 -0.588851224 0.770668835 -0.008644918
149.129322000 -81.455952276 -81.211511193 -63.666056229 0.236483371 -0.581877056 0.778038208 -0.012298538
149.229202000 -81.309243772 -81.379389138 -63.649832643 0.216481445 -0.587818890 0.779100332 -0.024645690
149.329329000 -81.195424647 -81.640334289 -63.591123781 0.197540161 -0.589999656 0.782330196 -0.028943996
149.429466000 -81.095953546 -81.913993645 -63.523099522 0.178173320 -0.589495262 0.787700694 -0.016649927
149.529620000 -80.995182787 -82.185116402 -63.457257622 0.153049109 -0.588325228 0.793991439 0.005195312
149.629700000 -80.944065754 -82.495484987 -63.390090770 0.118739379 -0.588168580 0.799708627 0.020610501
149.729675000 -80.902394504 -82.730031546 -63.334950900 0.077161519 -0.588761289 0.804122618 0.028161320
149.829461000 -80.832758030 -82.915941131 -63.307222772 0.031444934 -0.586870855 0.808508395 0.030132870
149.929063000 -80.757034600 -83.106896556 -63.274308050 -0.012415605 -0.583880761 0.810919018 0.036598580
150.028557000 -80.717835254 -83.313892586 -63.240731763 -0.049731515 -0.580707252 0.811752000 0.036939880
150.127930000 -80.721965425 -83.429615569 -63.227452446 -0.075040946 -0.580138802 0.810058550 0.040161830
150.227309000 -80.758990706 -83.552285965 -63.229042498 -0.087020838 -0.586489982 0.802997251 0.060434180
150.326904000 -80.804153505 -83.753661252 -63.235127153 -0.094196380 -0.589438860 0.798020359 0.082779095
150.426712000 -80.862685498 -83.939128682 -63.238528883 -0.102593471 -0.600071945 0.787182119 0.098653699
150.526885000 -80.897229725 -84.089531189 -63.224696242 -0.115010365 -0.618314964 0.770150825 0.106428044
150.627552000 -80.950323260 -84.292889183 -63.199224682 -0.125779172 -0.615685005 0.769576243 0.113419489
150.728542000 -81.009597256 -84.488376698 -63.150849717 -0.137975864 -0.603096594 0.777193608 0.114922819
150.829579000 -81.072358802 -84.669145205 -63.101630027 -0.148024971 -0.590581327 0.783804607 0.122280993
150.930321000 -81.133858584 -84.856831841 -63.061394690 -0.160424898 -0.580456317 0.787614998 0.130372282
151.030782000 -81.207055332 -85.063894627 -63.030316231 -0.176336777 -0.574079486 0.787881635 0.136310725
151.131035000 -81.263074222 -85.264355754 -62.981904965 -0.195043909 -0.570108566 0.785670898 0.140197490
151.230903000 -81.316534903 -85.457332617 -62.940941659 -0.214060691 -0.566107795 0.782758465 0.144876399
151.330639000 -81.371752758 -85.661626614 -62.882710404 -0.241114091 -0.558833588 0.782318189 0.132466096
151.430301000 -81.430292878 -85.827253595 -62.843242156 -0.264219549 -0.553390406 0.779655522 0.126824117
151.530117000 -81.507547231 -86.013864266 -62.806879345 -0.283275619 -0.548776296 0.775366281 0.131934192
151.630078000 -81.598479619 -86.205122945 -62.774229964 -0.298572438 -0.547155596 0.767488039 0.149791065
151.730112000 -81.677107363 -86.378737319 -62.751981609 -0.314499143 -0.544225622 0.760790084 0.161577259
151.830016000 -81.748502806 -86.532217470 -62.737531507 -0.327421086 -0.541253927 0.755731303 0.169439717
151.929730000 -81.819536827 -86.670845405 -62.702369005 -0.337907762 -0.539276434 0.752150588 0.171081166
152.029402000 -81.893373174 -86.806587395 -62.672082589 -0.350469990 -0.536074974 0.748113034 0.173554880
152.129603000 -81.982298063 -86.972981181 -62.665601622 -0.368257366 -0.531379963 0.743488000 0.171018829
152.230015000 -82.045104475 -87.114754411 -62.662710071 -0.392481581 -0.522156216 0.740234334 0.159261499
152.330476000 -82.145654234 -87.275547084 -62.673658418 -0.415313804 -0.513549083 0.734459048 0.156050280
152.430756000 -82.248154625 -87.450115807 -62.694474330 -0.438349992 -0.504558939 0.727403013 0.155416919
152.530761000 -82.337626666 -87.608425287 -62.717339354 -0.461921298 -0.495806703 0.718413822 0.157117815
152.630547000 -82.414964220 -87.746957015 -62.748634361 -0.483849288 -0.487553609 0.708552179 0.161663707
152.730088000 -82.507855965 -87.874761684 -62.781850378 -0.506137973 -0.478590592 0.698418578 0.164276863
152.829538000 -82.619445464 -87.977120338 -62.844694125 -0.520029684 -0.478821329 0.682782267 0.184682536
152.929169000 -82.716012605 -88.089245419 -62.895269354 -0.535054407 -0.478430929 0.667096721 0.199505871
153.029123000 -82.817298984 -88.210897851 -62.948158060 -0.556454026 -0.466208130 0.659036985 0.196670154
153.129340000 -82.907828635 -88.321265362 -63.004662680 -0.575759557 -0.455930033 0.649723989 0.196182251
153.229394000 -82.975865664 -88.403646917 -63.036639212 -0.602069831 -0.433578934 0.646443791 0.177852895
153.329555000 -82.996706776 -88.488125904 -63.169757301 -0.610583170 -0.436198547 0.627981605 0.206296204
153.429746000 -83.046514633 -88.517593897 -63.232227852 0.622711920 0.434221130 -0.612484624 -0.220328075
153.529939000 -83.108423915 -88.564199888 -63.272922470 0.637684449 0.429309845 -0.597578295 -0.227929336
153.630019000 -83.146323356 -88.637858180 -63.331997791 0.652678327 0.420148792 -0.585334667 -0.234242016
153.729985000 -83.192759454 -88.695901308 -63.367307295 0.668896015 0.407507749 -0.576752497 -0.232103668
153.830051000 -83.235747256 -88.770258663 -63.409363582 0.686460560 0.389803617 -0.570899619 -0.225607323
153.930185000 -83.277458930 -88.826775557 -63.457837058 0.700667404 0.375807155 -0.563703618 -0.223768636
154.030444000 -83.326969767 -88.875663884 -63.498645056 0.714697185 0.361974266 -0.555662464 -0.222310123
154.130848000 -83.371154684 -88.931642994 -63.544723423 0.725395481 0.356617652 -0.541538127 -0.231001521
154.231029000 -83.417770236 -88.973412611 -63.604300725 0.734130593 0.361868030 -0.519142097 -0.246161096
154.331033000 -83.471030356 -89.007153052 -63.655093472 0.743340116 0.358075577 -0.502389666 -0.258518814
154.431110000 -83.511383217 -89.047191576 -63.717300844 0.752192024 0.351931494 -0.489707732 -0.265589383
154.531079000 -83.563989900 -89.075465995 -63.766382576 0.759937325 0.347936458 -0.479483212 -0.267453421
154.630688000 -83.585469718 -89.128345541 -63.828976805 0.762240386 0.345027881 -0.475583544 -0.271598321
154.730021000 -83.631540401 -89.187896393 -63.856226895 0.762143691 0.346178455 -0.474117401 -0.272965493
154.829415000 -83.573601049 -89.159174954 -63.772278461 0.765816384 0.341065052 -0.480921210 -0.256738556
154.929102000 -83.608962394 -89.156710812 -63.772393883 0.762374078 0.349715564 -0.481649926 -0.253964837
155.028979000 -83.648339760 -89.212925904 -63.814098081 0.761700529 0.356250160 -0.479709422 -0.250553383
155.129093000 -83.697792150 -89.251401432 -63.864297104 0.761190431 0.364494183 -0.477204709 -0.244966903
155.229230000 -83.728376369 -89.279331916 -63.907698724 0.760999005 0.356224249 -0.485008649 -0.242386900
155.329469000 -83.763912204 -89.308501138 -63.964071603 0.762684734 0.344418562 -0.494775304 -0.234276010
155.429695000 -83.801942873 -89.319624151 -64.022703440 0.767139000 0.328055187 -0.505382052 -0.220151152
155.529860000 -83.741558890 -89.339883867 -64.214158929 0.762828027 0.319856178 -0.516003107 -0.222544872
155.629880000 -83.792289253 -89.249034922 -64.236142742 0.758692702 0.344612132 -0.501020605 -0.233679729
155.730021000 -83.821294277 -89.240830049 -64.296992333 0.756313392 0.356431624 -0.490573510 -0.245528371
155.830485000 -83.847074168 -89.232528626 -64.343485054 0.756640221 0.362281425 -0.483448776 -0.250050048
155.930980000 -83.830272267 -89.197519112 -64.390267937 0.757914786 0.362650339 -0.480997174 -0.250382962
156.031378000 -83.826647347 -89.183672461 -64.406286370 0.760315383 0.363470359 -0.476841238 -0.249864465
156.131493000 -83.859618651 -89.197379446 -64.457513054 0.763847951 0.368658617 -0.470678873 -0.243081325
156.231217000 -83.891906240 -89.184363094 -64.496232136 0.767668156 0.374651118 -0.465023124 -0.232541688
156.330850000 -83.910031567 -89.198412520 -64.573200866 0.768206466 0.380489591 -0.461498840 -0.228265891
156.430617000 -83.939660692 -89.193193610 -64.624218561 0.769077541 0.389053973 -0.455586836 -0.222704686
156.530500000 -83.968234677 -89.207941252 -64.721585069 0.761090302 0.389162772 -0.460239519 -0.239736260
156.630477000 -84.074732229 -89.157588484 -64.729007355 0.761563978 0.385007454 -0.464688985 -0.236333905
156.730476000 -84.135444468 -89.172852499 -64.785652252 0.756994171 0.380572248 -0.474621408 -0.238451480
156.830434000 -84.185350317 -89.190743453 -64.845770616 0.750225647 0.382367921 -0.482948120 -0.240244386
156.930332000 -84.238463502 -89.217896983 -64.906674405 0.746114076 0.380855361 -0.494057199 -0.232745490
157.030317000 -84.290301597 -89.249594400 -64.958837523 0.740474983 0.383877989 -0.502313395 -0.228069598
157.130618000 -84.339163128 -89.269798066 -65.011699089 0.734573093 0.387865970 -0.510659403 -0.221786688
157.230862000 -84.396999656 -89.304135638 -65.077408607 0.728380966 0.393245855 -0.516559021 -0.219056254
157.331049000 -84.448034947 -89.335064824 -65.135660873 0.723146324 0.397640789 -0.521843935 -0.215916893
157.431054000 -84.497108603 -89.361252545 -65.195549019 0.718059554 0.401360813 -0.527362373 -0.212576815
157.530834000 -84.538887752 -89.417904144 -65.281663846 0.713257305 0.403029692 -0.532913140 -0.211741989
157.630436000 -84.593781103 -89.439350134 -65.322741523 0.708944441 0.409245556 -0.535493360 -0.207756385
157.729943000 -84.639564199 -89.479437244 -65.384972598 0.705462287 0.411854592 -0.539019376 -0.205321377
157.829371000 -84.688360054 -89.522624651 -65.453241063 0.700239047 0.417041132 -0.541611348 -0.205910465
157.928922000 -84.735986286 -89.563713169 -65.514194272 0.693545112 0.429185624 -0.538077178 -0.212762374
158.028749000 -84.789470224 -89.608933127 -65.576201930 0.690135428 0.435369082 -0.537658408 -0.212344743
158.128951000 -84.828648511 -89.652713694 -65.625254899 0.689879294 0.434106596 -0.542594652 -0.203000166
158.229287000 -84.862831954 -89.711461847 -65.636744430 0.690546879 0.434792397 -0.543848057 -0.195780161
158.329676000 -84.907750752 -89.764459742 -65.702880899 0.690503608 0.428640277 -0.552127941 -0.186083364
158.429858000 -84.946404666 -89.813605181 -65.749433453 0.685548447 0.435515948 -0.552187219 -0.188251059
158.529820000 -84.981093276 -89.884238231 -65.784594658 0.686282694 0.435506845 -0.551581603 -0.187370189
158.629872000 -85.023533686 -89.939959218 -65.811071120 0.688447204 0.433060498 -0.552772472 -0.181498338
158.729879000 -85.042982268 -89.975890517 -65.832293612 0.687408060 0.435225037 -0.553471881 -0.178096051
158.829729000 -85.077159143 -90.015765012 -65.839542776 0.690443322 0.437509524 -0.548357513 -0.176571440
158.929588000 -85.107956456 -90.054890973 -65.853453799 0.695048789 0.436731483 -0.543218346 -0.176313984
159.029432000 -85.153537046 -90.093933057 -65.863602851 0.701217384 0.434326555 -0.537347839 -0.175817873
159.129387000 -85.217205441 -90.143875993 -65.873244235 0.707469975 0.429887095 -0.533141539 -0.174480428
159.229212000 -85.260387301 -90.166524377 -65.870360778 0.711328706 0.431082419 -0.527426628 -0.173206733
159.329133000 -85.292883493 -90.178064642 -65.868971900 0.711105326 0.436442779 -0.525048567 -0.167841948
159.428906000 -85.339968007 -90.205042867 -65.903331962 0.715945838 0.427551305 -0.529675753 -0.155129095
159.528579000 -85.383187189 -90.257850922 -65.924170288 0.728485941 0.400830789 -0.539241649 -0.133646383
159.628146000 -85.419616736 -90.318956569 -65.926239198 0.729485297 0.408654730 -0.529909895 -0.141591015
159.727779000 -85.542588400 -90.359289983 -65.962145222 0.727164396 0.423079539 -0.520170276 -0.147168369
159.827617000 -85.575364068 -90.393988432 -65.977479379 0.724937951 0.436409384 -0.511479471 -0.149668191
159.927488000 -85.696240796 -90.428186732 -66.050379257 0.726100250 0.429860135 -0.517284116 -0.142883992
160.027466000 -85.730519176 -90.538255144 -66.015950408 0.734200361 0.408482378 -0.528545042 -0.121375926
160.127695000 -85.906417275 -90.531592130 -66.090792045 0.741522276 0.384113465 -0.542625455 -0.090328156
160.228095000 -85.991227851 -90.510974938 -66.146441640 0.738405661 0.400141674 -0.534206284 -0.096267161
160.329156000 -86.117155704 -90.545131478 -66.171838658 0.736162998 0.407154318 -0.531262366 -0.100248190
160.430243000 -86.252391652 -90.593723368 -66.196580575 0.730070030 0.420120801 -0.526293464 -0.116238778
160.531373000 -86.401208243 -90.636339303 -66.215299695 0.733735964 0.413893268 -0.525182655 -0.120445325
160.632679000 -86.403450890 -90.650017816 -66.204649357 0.735452403 0.409296928 -0.526440584 -0.120191928
160.734152000 -86.251738569 -90.767039474 -66.141248985 0.735759276 0.409864135 -0.524471884 -0.124895640
160.834915000 -86.281349783 -90.654395864 -66.284134584 0.730024349 0.410967396 -0.533265442 -0.117465817
160.934703000 -86.017758344 -90.648375725 -66.157758898 0.730551347 0.408155642 -0.534846104 -0.116804737
161.033686000 -86.049216371 -90.593616617 -66.141789683 0.730471792 0.410405796 -0.533761920 -0.114351461
161.132191000 -86.051239043 -90.594805981 -66.128695678 0.730049510 0.411357901 -0.533798839 -0.113451270
161.230442000 -86.045172817 -90.589766514 -66.131366801 0.730184348 0.411931272 -0.533092110 -0.113825510
161.328864000 -86.244924576 -90.683426972 -66.107211049 0.737521658 0.408778708 -0.525603216 -0.112707720
161.427670000 -86.422248437 -90.737028045 -66.123862661 0.737381191 0.408904980 -0.525667639 -0.112868199
161.526895000 -86.430615602 -90.738605699 -66.121025546 0.740890942 0.408770731 -0.520089950 -0.116161719
161.626532000 -86.413664158 -90.723031219 -66.126700044 0.741823187 0.408835991 -0.518600684 -0.116639712
161.726491000 -86.660325011 -90.752615841 -66.198832704 0.737211645 0.420475286 -0.514510119 -0.122469841
161.826642000 -87.094169688 -90.799808489 -66.305029279 0.734737290 0.423736807 -0.515244642 -0.123008913
161.926877000 -87.137320078 -90.745803318 -66.410803657 0.728185670 0.427151844 -0.521915113 -0.122030928
162.027062000 -87.297909385 -90.692580425 -66.479276517 0.725622365 0.430590693 -0.522839073 -0.121256518
162.127301000 -87.422408783 -90.755693105 -66.588515439 0.726503020 0.427404652 -0.524274231 -0.121058479
162.227374000 -87.545790255 -90.957629823 -66.528800813 0.732596782 0.417061979 -0.524556411 -0.119171443
162.327334000 -87.577744126 -91.010865407 -66.477401710 0.738124801 0.413342399 -0.519791577 -0.118897245
162.427241000 -87.635961500 -91.039694320 -66.636387593 0.735478437 0.411759477 -0.523050985 -0.126266658
162.527147000 -87.320363411 -91.060329113 -66.576218150 0.735636957 0.414088680 -0.520269395 -0.129184321
162.627096000 -87.817000343 -91.005408555 -66.713270294 0.745323889 0.398152223 -0.524725104 -0.103105156
162.727061000 -87.586415434 -90.861214195 -66.744095503 0.749056985 0.399693402 -0.517155673 -0.108207331
162.827021000 -87.660278311 -91.025331077 -66.956043903 0.752501904 0.390803570 -0.519143695 -0.107253338
162.926956000 -88.106776965 -90.961727399 -66.976532861 0.754545063 0.394648455 -0.514774307 -0.099608019
163.026915000 -88.342750496 -90.633370254 -67.112181386 0.751092461 0.404074096 -0.512704925 -0.098579411
